[0.106s] DEBUG:colcon:Command line arguments: ['/usr/bin/colcon', 'build', '--packages-select', 'ctl_mission', '--cmake-args', '-DCMAKE_BUILD_TYPE=RelWithDebInfo']
[0.106s] DEBUG:colcon:Parsed command line arguments: Namespace(log_base=None, log_level=None, verb_name='build', build_base='build', install_base='install', merge_install=False, symlink_install=False, test_result_base=None, continue_on_error=False, executor='parallel', parallel_workers=16, event_handlers=None, ignore_user_meta=False, metas=['./colcon.meta'], base_paths=['.'], packages_ignore=None, packages_ignore_regex=None, paths=None, packages_up_to=None, packages_up_to_regex=None, packages_above=None, packages_above_and_dependencies=None, packages_above_depth=None, packages_select_by_dep=None, packages_skip_by_dep=None, packages_skip_up_to=None, packages_select_build_failed=False, packages_skip_build_finished=False, packages_select_test_failures=False, packages_skip_test_passed=False, packages_select=['ctl_mission'], packages_skip=None, packages_select_regex=None, packages_skip_regex=None, packages_start=None, packages_end=None, allow_overriding=[], ament_gradle_args=None, ament_gradle_task=None, cmake_args=['-DCMAKE_BUILD_TYPE=RelWithDebInfo'], cmake_target=None, cmake_target_skip_unavailable=False, cmake_clean_cache=False, cmake_clean_first=False, cmake_force_configure=False, gradle_args=None, gradle_task=None, ament_cmake_args=None, catkin_cmake_args=None, catkin_skip_building_tests=False, mixin_files=None, mixin=None, verb_parser=<colcon_mixin.mixin.mixin_argument.MixinArgumentDecorator object at 0x729af15685e0>, verb_extension=<colcon_core.verb.build.BuildVerb object at 0x729af1533cd0>, main=<bound method BuildVerb.main of <colcon_core.verb.build.BuildVerb object at 0x729af1533cd0>>, mixin_verb=('build',))
[0.109s] Level 1:colcon.colcon_core.package_discovery:discover_packages(colcon_meta) check parameters
[0.109s] Level 1:colcon.colcon_core.package_discovery:discover_packages(recursive) check parameters
[0.109s] Level 1:colcon.colcon_core.package_discovery:discover_packages(ignore) check parameters
[0.109s] Level 1:colcon.colcon_core.package_discovery:discover_packages(path) check parameters
[0.109s] Level 1:colcon.colcon_core.package_discovery:discover_packages(colcon_meta) discover
[0.109s] Level 1:colcon.colcon_core.package_discovery:discover_packages(recursive) discover
[0.109s] INFO:colcon.colcon_core.package_discovery:Crawling recursively for packages in '/home/rhobtor/PHD/ARGOJ8_IA/ARGOSJ8_IA_'
[0.109s] Level 1:colcon.colcon_core.package_identification:_identify(.) by extensions ['ignore', 'ignore_ament_install']
[0.109s] Level 1:colcon.colcon_core.package_identification:_identify(.) by extension 'ignore'
[0.109s] Level 1:colcon.colcon_core.package_identification:_identify(.) by extension 'ignore_ament_install'
[0.110s] Level 1:colcon.colcon_core.package_identification:_identify(.) by extensions ['colcon_pkg']
[0.110s] Level 1:colcon.colcon_core.package_identification:_identify(.) by extension 'colcon_pkg'
[0.110s] Level 1:colcon.colcon_core.package_identification:_identify(.) by extensions ['colcon_meta']
[0.110s] Level 1:colcon.colcon_core.package_identification:_identify(.) by extension 'colcon_meta'
[0.110s] Level 1:colcon.colcon_core.package_identification:_identify(.) by extensions ['ament_gradle']
[0.110s] Level 1:colcon.colcon_core.package_identification:_identify(.) by extension 'ament_gradle'
[0.110s] Level 1:colcon.colcon_core.package_identification:_identify(.) by extensions ['ros']
[0.110s] Level 1:colcon.colcon_core.package_identification:_identify(.) by extension 'ros'
[0.120s] Level 1:colcon.colcon_core.package_identification:_identify(.) by extensions ['cmake', 'gradle', 'python']
[0.120s] Level 1:colcon.colcon_core.package_identification:_identify(.) by extension 'cmake'
[0.120s] Level 1:colcon.colcon_core.package_identification:_identify(.) by extension 'gradle'
[0.120s] Level 1:colcon.colcon_core.package_identification:_identify(.) by extension 'python'
[0.120s] Level 1:colcon.colcon_core.package_identification:_identify(.) by extensions ['python_setup_py']
[0.120s] Level 1:colcon.colcon_core.package_identification:_identify(.) by extension 'python_setup_py'
[0.120s] Level 1:colcon.colcon_core.package_identification:_identify(build) by extensions ['ignore', 'ignore_ament_install']
[0.120s] Level 1:colcon.colcon_core.package_identification:_identify(build) by extension 'ignore'
[0.120s] Level 1:colcon.colcon_core.package_identification:_identify(build) ignored
[0.120s] Level 1:colcon.colcon_core.package_identification:_identify(imgs) by extensions ['ignore', 'ignore_ament_install']
[0.120s] Level 1:colcon.colcon_core.package_identification:_identify(imgs) by extension 'ignore'
[0.120s] Level 1:colcon.colcon_core.package_identification:_identify(imgs) by extension 'ignore_ament_install'
[0.120s] Level 1:colcon.colcon_core.package_identification:_identify(imgs) by extensions ['colcon_pkg']
[0.120s] Level 1:colcon.colcon_core.package_identification:_identify(imgs) by extension 'colcon_pkg'
[0.120s] Level 1:colcon.colcon_core.package_identification:_identify(imgs) by extensions ['colcon_meta']
[0.120s] Level 1:colcon.colcon_core.package_identification:_identify(imgs) by extension 'colcon_meta'
[0.120s] Level 1:colcon.colcon_core.package_identification:_identify(imgs) by extensions ['ament_gradle']
[0.120s] Level 1:colcon.colcon_core.package_identification:_identify(imgs) by extension 'ament_gradle'
[0.120s] Level 1:colcon.colcon_core.package_identification:_identify(imgs) by extensions ['ros']
[0.120s] Level 1:colcon.colcon_core.package_identification:_identify(imgs) by extension 'ros'
[0.120s] Level 1:colcon.colcon_core.package_identification:_identify(imgs) by extensions ['cmake', 'gradle', 'python']
[0.120s] Level 1:colcon.colcon_core.package_identification:_identify(imgs) by extension 'cmake'
[0.120s] Level 1:colcon.colcon_core.package_identification:_identify(imgs) by extension 'gradle'
[0.120s] Level 1:colcon.colcon_core.package_identification:_identify(imgs) by extension 'python'
[0.120s] Level 1:colcon.colcon_core.package_identification:_identify(imgs) by extensions ['python_setup_py']
[0.120s] Level 1:colcon.colcon_core.package_identification:_identify(imgs) by extension 'python_setup_py'
[0.120s] Level 1:colcon.colcon_core.package_identification:_identify(install) by extensions ['ignore', 'ignore_ament_install']
[0.120s] Level 1:colcon.colcon_core.package_identification:_identify(install) by extension 'ignore'
[0.120s] Level 1:colcon.colcon_core.package_identification:_identify(install) ignored
[0.121s] Level 1:colcon.colcon_core.package_identification:_identify(log) by extensions ['ignore', 'ignore_ament_install']
[0.121s] Level 1:colcon.colcon_core.package_identification:_identify(log) by extension 'ignore'
[0.121s] Level 1:colcon.colcon_core.package_identification:_identify(log) ignored
[0.121s] Level 1:colcon.colcon_core.package_identification:_identify(logs) by extensions ['ignore', 'ignore_ament_install']
[0.121s] Level 1:colcon.colcon_core.package_identification:_identify(logs) by extension 'ignore'
[0.121s] Level 1:colcon.colcon_core.package_identification:_identify(logs) by extension 'ignore_ament_install'
[0.121s] Level 1:colcon.colcon_core.package_identification:_identify(logs) by extensions ['colcon_pkg']
[0.121s] Level 1:colcon.colcon_core.package_identification:_identify(logs) by extension 'colcon_pkg'
[0.121s] Level 1:colcon.colcon_core.package_identification:_identify(logs) by extensions ['colcon_meta']
[0.121s] Level 1:colcon.colcon_core.package_identification:_identify(logs) by extension 'colcon_meta'
[0.121s] Level 1:colcon.colcon_core.package_identification:_identify(logs) by extensions ['ament_gradle']
[0.121s] Level 1:colcon.colcon_core.package_identification:_identify(logs) by extension 'ament_gradle'
[0.121s] Level 1:colcon.colcon_core.package_identification:_identify(logs) by extensions ['ros']
[0.121s] Level 1:colcon.colcon_core.package_identification:_identify(logs) by extension 'ros'
[0.121s] Level 1:colcon.colcon_core.package_identification:_identify(logs) by extensions ['cmake', 'gradle', 'python']
[0.121s] Level 1:colcon.colcon_core.package_identification:_identify(logs) by extension 'cmake'
[0.121s] Level 1:colcon.colcon_core.package_identification:_identify(logs) by extension 'gradle'
[0.121s] Level 1:colcon.colcon_core.package_identification:_identify(logs) by extension 'python'
[0.121s] Level 1:colcon.colcon_core.package_identification:_identify(logs) by extensions ['python_setup_py']
[0.121s] Level 1:colcon.colcon_core.package_identification:_identify(logs) by extension 'python_setup_py'
[0.121s] Level 1:colcon.colcon_core.package_identification:_identify(logs/run_20250722_011221) by extensions ['ignore', 'ignore_ament_install']
[0.121s] Level 1:colcon.colcon_core.package_identification:_identify(logs/run_20250722_011221) by extension 'ignore'
[0.121s] Level 1:colcon.colcon_core.package_identification:_identify(logs/run_20250722_011221) by extension 'ignore_ament_install'
[0.121s] Level 1:colcon.colcon_core.package_identification:_identify(logs/run_20250722_011221) by extensions ['colcon_pkg']
[0.121s] Level 1:colcon.colcon_core.package_identification:_identify(logs/run_20250722_011221) by extension 'colcon_pkg'
[0.121s] Level 1:colcon.colcon_core.package_identification:_identify(logs/run_20250722_011221) by extensions ['colcon_meta']
[0.121s] Level 1:colcon.colcon_core.package_identification:_identify(logs/run_20250722_011221) by extension 'colcon_meta'
[0.121s] Level 1:colcon.colcon_core.package_identification:_identify(logs/run_20250722_011221) by extensions ['ament_gradle']
[0.121s] Level 1:colcon.colcon_core.package_identification:_identify(logs/run_20250722_011221) by extension 'ament_gradle'
[0.121s] Level 1:colcon.colcon_core.package_identification:_identify(logs/run_20250722_011221) by extensions ['ros']
[0.121s] Level 1:colcon.colcon_core.package_identification:_identify(logs/run_20250722_011221) by extension 'ros'
[0.121s] Level 1:colcon.colcon_core.package_identification:_identify(logs/run_20250722_011221) by extensions ['cmake', 'gradle', 'python']
[0.121s] Level 1:colcon.colcon_core.package_identification:_identify(logs/run_20250722_011221) by extension 'cmake'
[0.121s] Level 1:colcon.colcon_core.package_identification:_identify(logs/run_20250722_011221) by extension 'gradle'
[0.121s] Level 1:colcon.colcon_core.package_identification:_identify(logs/run_20250722_011221) by extension 'python'
[0.121s] Level 1:colcon.colcon_core.package_identification:_identify(logs/run_20250722_011221) by extensions ['python_setup_py']
[0.121s] Level 1:colcon.colcon_core.package_identification:_identify(logs/run_20250722_011221) by extension 'python_setup_py'
[0.122s] Level 1:colcon.colcon_core.package_identification:_identify(logs/run_20250722_011221/grad_norms) by extensions ['ignore', 'ignore_ament_install']
[0.122s] Level 1:colcon.colcon_core.package_identification:_identify(logs/run_20250722_011221/grad_norms) by extension 'ignore'
[0.122s] Level 1:colcon.colcon_core.package_identification:_identify(logs/run_20250722_011221/grad_norms) by extension 'ignore_ament_install'
[0.122s] Level 1:colcon.colcon_core.package_identification:_identify(logs/run_20250722_011221/grad_norms) by extensions ['colcon_pkg']
[0.122s] Level 1:colcon.colcon_core.package_identification:_identify(logs/run_20250722_011221/grad_norms) by extension 'colcon_pkg'
[0.122s] Level 1:colcon.colcon_core.package_identification:_identify(logs/run_20250722_011221/grad_norms) by extensions ['colcon_meta']
[0.122s] Level 1:colcon.colcon_core.package_identification:_identify(logs/run_20250722_011221/grad_norms) by extension 'colcon_meta'
[0.122s] Level 1:colcon.colcon_core.package_identification:_identify(logs/run_20250722_011221/grad_norms) by extensions ['ament_gradle']
[0.122s] Level 1:colcon.colcon_core.package_identification:_identify(logs/run_20250722_011221/grad_norms) by extension 'ament_gradle'
[0.122s] Level 1:colcon.colcon_core.package_identification:_identify(logs/run_20250722_011221/grad_norms) by extensions ['ros']
[0.122s] Level 1:colcon.colcon_core.package_identification:_identify(logs/run_20250722_011221/grad_norms) by extension 'ros'
[0.122s] Level 1:colcon.colcon_core.package_identification:_identify(logs/run_20250722_011221/grad_norms) by extensions ['cmake', 'gradle', 'python']
[0.122s] Level 1:colcon.colcon_core.package_identification:_identify(logs/run_20250722_011221/grad_norms) by extension 'cmake'
[0.122s] Level 1:colcon.colcon_core.package_identification:_identify(logs/run_20250722_011221/grad_norms) by extension 'gradle'
[0.122s] Level 1:colcon.colcon_core.package_identification:_identify(logs/run_20250722_011221/grad_norms) by extension 'python'
[0.122s] Level 1:colcon.colcon_core.package_identification:_identify(logs/run_20250722_011221/grad_norms) by extensions ['python_setup_py']
[0.122s] Level 1:colcon.colcon_core.package_identification:_identify(logs/run_20250722_011221/grad_norms) by extension 'python_setup_py'
[0.122s] Level 1:colcon.colcon_core.package_identification:_identify(logs/run_20250722_013429) by extensions ['ignore', 'ignore_ament_install']
[0.122s] Level 1:colcon.colcon_core.package_identification:_identify(logs/run_20250722_013429) by extension 'ignore'
[0.122s] Level 1:colcon.colcon_core.package_identification:_identify(logs/run_20250722_013429) by extension 'ignore_ament_install'
[0.122s] Level 1:colcon.colcon_core.package_identification:_identify(logs/run_20250722_013429) by extensions ['colcon_pkg']
[0.122s] Level 1:colcon.colcon_core.package_identification:_identify(logs/run_20250722_013429) by extension 'colcon_pkg'
[0.122s] Level 1:colcon.colcon_core.package_identification:_identify(logs/run_20250722_013429) by extensions ['colcon_meta']
[0.122s] Level 1:colcon.colcon_core.package_identification:_identify(logs/run_20250722_013429) by extension 'colcon_meta'
[0.122s] Level 1:colcon.colcon_core.package_identification:_identify(logs/run_20250722_013429) by extensions ['ament_gradle']
[0.122s] Level 1:colcon.colcon_core.package_identification:_identify(logs/run_20250722_013429) by extension 'ament_gradle'
[0.122s] Level 1:colcon.colcon_core.package_identification:_identify(logs/run_20250722_013429) by extensions ['ros']
[0.122s] Level 1:colcon.colcon_core.package_identification:_identify(logs/run_20250722_013429) by extension 'ros'
[0.122s] Level 1:colcon.colcon_core.package_identification:_identify(logs/run_20250722_013429) by extensions ['cmake', 'gradle', 'python']
[0.122s] Level 1:colcon.colcon_core.package_identification:_identify(logs/run_20250722_013429) by extension 'cmake'
[0.122s] Level 1:colcon.colcon_core.package_identification:_identify(logs/run_20250722_013429) by extension 'gradle'
[0.122s] Level 1:colcon.colcon_core.package_identification:_identify(logs/run_20250722_013429) by extension 'python'
[0.122s] Level 1:colcon.colcon_core.package_identification:_identify(logs/run_20250722_013429) by extensions ['python_setup_py']
[0.122s] Level 1:colcon.colcon_core.package_identification:_identify(logs/run_20250722_013429) by extension 'python_setup_py'
[0.122s] Level 1:colcon.colcon_core.package_identification:_identify(logs/run_20250722_013429/grad_norms) by extensions ['ignore', 'ignore_ament_install']
[0.122s] Level 1:colcon.colcon_core.package_identification:_identify(logs/run_20250722_013429/grad_norms) by extension 'ignore'
[0.122s] Level 1:colcon.colcon_core.package_identification:_identify(logs/run_20250722_013429/grad_norms) by extension 'ignore_ament_install'
[0.122s] Level 1:colcon.colcon_core.package_identification:_identify(logs/run_20250722_013429/grad_norms) by extensions ['colcon_pkg']
[0.122s] Level 1:colcon.colcon_core.package_identification:_identify(logs/run_20250722_013429/grad_norms) by extension 'colcon_pkg'
[0.123s] Level 1:colcon.colcon_core.package_identification:_identify(logs/run_20250722_013429/grad_norms) by extensions ['colcon_meta']
[0.123s] Level 1:colcon.colcon_core.package_identification:_identify(logs/run_20250722_013429/grad_norms) by extension 'colcon_meta'
[0.123s] Level 1:colcon.colcon_core.package_identification:_identify(logs/run_20250722_013429/grad_norms) by extensions ['ament_gradle']
[0.123s] Level 1:colcon.colcon_core.package_identification:_identify(logs/run_20250722_013429/grad_norms) by extension 'ament_gradle'
[0.123s] Level 1:colcon.colcon_core.package_identification:_identify(logs/run_20250722_013429/grad_norms) by extensions ['ros']
[0.123s] Level 1:colcon.colcon_core.package_identification:_identify(logs/run_20250722_013429/grad_norms) by extension 'ros'
[0.123s] Level 1:colcon.colcon_core.package_identification:_identify(logs/run_20250722_013429/grad_norms) by extensions ['cmake', 'gradle', 'python']
[0.123s] Level 1:colcon.colcon_core.package_identification:_identify(logs/run_20250722_013429/grad_norms) by extension 'cmake'
[0.123s] Level 1:colcon.colcon_core.package_identification:_identify(logs/run_20250722_013429/grad_norms) by extension 'gradle'
[0.123s] Level 1:colcon.colcon_core.package_identification:_identify(logs/run_20250722_013429/grad_norms) by extension 'python'
[0.123s] Level 1:colcon.colcon_core.package_identification:_identify(logs/run_20250722_013429/grad_norms) by extensions ['python_setup_py']
[0.123s] Level 1:colcon.colcon_core.package_identification:_identify(logs/run_20250722_013429/grad_norms) by extension 'python_setup_py'
[0.123s] Level 1:colcon.colcon_core.package_identification:_identify(logs/run_20250722_092644) by extensions ['ignore', 'ignore_ament_install']
[0.123s] Level 1:colcon.colcon_core.package_identification:_identify(logs/run_20250722_092644) by extension 'ignore'
[0.123s] Level 1:colcon.colcon_core.package_identification:_identify(logs/run_20250722_092644) by extension 'ignore_ament_install'
[0.123s] Level 1:colcon.colcon_core.package_identification:_identify(logs/run_20250722_092644) by extensions ['colcon_pkg']
[0.123s] Level 1:colcon.colcon_core.package_identification:_identify(logs/run_20250722_092644) by extension 'colcon_pkg'
[0.123s] Level 1:colcon.colcon_core.package_identification:_identify(logs/run_20250722_092644) by extensions ['colcon_meta']
[0.123s] Level 1:colcon.colcon_core.package_identification:_identify(logs/run_20250722_092644) by extension 'colcon_meta'
[0.123s] Level 1:colcon.colcon_core.package_identification:_identify(logs/run_20250722_092644) by extensions ['ament_gradle']
[0.123s] Level 1:colcon.colcon_core.package_identification:_identify(logs/run_20250722_092644) by extension 'ament_gradle'
[0.123s] Level 1:colcon.colcon_core.package_identification:_identify(logs/run_20250722_092644) by extensions ['ros']
[0.123s] Level 1:colcon.colcon_core.package_identification:_identify(logs/run_20250722_092644) by extension 'ros'
[0.123s] Level 1:colcon.colcon_core.package_identification:_identify(logs/run_20250722_092644) by extensions ['cmake', 'gradle', 'python']
[0.123s] Level 1:colcon.colcon_core.package_identification:_identify(logs/run_20250722_092644) by extension 'cmake'
[0.123s] Level 1:colcon.colcon_core.package_identification:_identify(logs/run_20250722_092644) by extension 'gradle'
[0.123s] Level 1:colcon.colcon_core.package_identification:_identify(logs/run_20250722_092644) by extension 'python'
[0.123s] Level 1:colcon.colcon_core.package_identification:_identify(logs/run_20250722_092644) by extensions ['python_setup_py']
[0.123s] Level 1:colcon.colcon_core.package_identification:_identify(logs/run_20250722_092644) by extension 'python_setup_py'
[0.123s] Level 1:colcon.colcon_core.package_identification:_identify(logs/run_20250722_092644/grad_norms) by extensions ['ignore', 'ignore_ament_install']
[0.123s] Level 1:colcon.colcon_core.package_identification:_identify(logs/run_20250722_092644/grad_norms) by extension 'ignore'
[0.123s] Level 1:colcon.colcon_core.package_identification:_identify(logs/run_20250722_092644/grad_norms) by extension 'ignore_ament_install'
[0.123s] Level 1:colcon.colcon_core.package_identification:_identify(logs/run_20250722_092644/grad_norms) by extensions ['colcon_pkg']
[0.123s] Level 1:colcon.colcon_core.package_identification:_identify(logs/run_20250722_092644/grad_norms) by extension 'colcon_pkg'
[0.123s] Level 1:colcon.colcon_core.package_identification:_identify(logs/run_20250722_092644/grad_norms) by extensions ['colcon_meta']
[0.123s] Level 1:colcon.colcon_core.package_identification:_identify(logs/run_20250722_092644/grad_norms) by extension 'colcon_meta'
[0.123s] Level 1:colcon.colcon_core.package_identification:_identify(logs/run_20250722_092644/grad_norms) by extensions ['ament_gradle']
[0.123s] Level 1:colcon.colcon_core.package_identification:_identify(logs/run_20250722_092644/grad_norms) by extension 'ament_gradle'
[0.123s] Level 1:colcon.colcon_core.package_identification:_identify(logs/run_20250722_092644/grad_norms) by extensions ['ros']
[0.123s] Level 1:colcon.colcon_core.package_identification:_identify(logs/run_20250722_092644/grad_norms) by extension 'ros'
[0.123s] Level 1:colcon.colcon_core.package_identification:_identify(logs/run_20250722_092644/grad_norms) by extensions ['cmake', 'gradle', 'python']
[0.124s] Level 1:colcon.colcon_core.package_identification:_identify(logs/run_20250722_092644/grad_norms) by extension 'cmake'
[0.124s] Level 1:colcon.colcon_core.package_identification:_identify(logs/run_20250722_092644/grad_norms) by extension 'gradle'
[0.124s] Level 1:colcon.colcon_core.package_identification:_identify(logs/run_20250722_092644/grad_norms) by extension 'python'
[0.124s] Level 1:colcon.colcon_core.package_identification:_identify(logs/run_20250722_092644/grad_norms) by extensions ['python_setup_py']
[0.124s] Level 1:colcon.colcon_core.package_identification:_identify(logs/run_20250722_092644/grad_norms) by extension 'python_setup_py'
[0.124s] Level 1:colcon.colcon_core.package_identification:_identify(models) by extensions ['ignore', 'ignore_ament_install']
[0.124s] Level 1:colcon.colcon_core.package_identification:_identify(models) by extension 'ignore'
[0.124s] Level 1:colcon.colcon_core.package_identification:_identify(models) by extension 'ignore_ament_install'
[0.124s] Level 1:colcon.colcon_core.package_identification:_identify(models) by extensions ['colcon_pkg']
[0.124s] Level 1:colcon.colcon_core.package_identification:_identify(models) by extension 'colcon_pkg'
[0.124s] Level 1:colcon.colcon_core.package_identification:_identify(models) by extensions ['colcon_meta']
[0.124s] Level 1:colcon.colcon_core.package_identification:_identify(models) by extension 'colcon_meta'
[0.124s] Level 1:colcon.colcon_core.package_identification:_identify(models) by extensions ['ament_gradle']
[0.124s] Level 1:colcon.colcon_core.package_identification:_identify(models) by extension 'ament_gradle'
[0.124s] Level 1:colcon.colcon_core.package_identification:_identify(models) by extensions ['ros']
[0.124s] Level 1:colcon.colcon_core.package_identification:_identify(models) by extension 'ros'
[0.124s] Level 1:colcon.colcon_core.package_identification:_identify(models) by extensions ['cmake', 'gradle', 'python']
[0.124s] Level 1:colcon.colcon_core.package_identification:_identify(models) by extension 'cmake'
[0.124s] Level 1:colcon.colcon_core.package_identification:_identify(models) by extension 'gradle'
[0.124s] Level 1:colcon.colcon_core.package_identification:_identify(models) by extension 'python'
[0.124s] Level 1:colcon.colcon_core.package_identification:_identify(models) by extensions ['python_setup_py']
[0.124s] Level 1:colcon.colcon_core.package_identification:_identify(models) by extension 'python_setup_py'
[0.124s] Level 1:colcon.colcon_core.package_identification:_identify(models/easy_world1) by extensions ['ignore', 'ignore_ament_install']
[0.124s] Level 1:colcon.colcon_core.package_identification:_identify(models/easy_world1) by extension 'ignore'
[0.124s] Level 1:colcon.colcon_core.package_identification:_identify(models/easy_world1) by extension 'ignore_ament_install'
[0.124s] Level 1:colcon.colcon_core.package_identification:_identify(models/easy_world1) by extensions ['colcon_pkg']
[0.124s] Level 1:colcon.colcon_core.package_identification:_identify(models/easy_world1) by extension 'colcon_pkg'
[0.124s] Level 1:colcon.colcon_core.package_identification:_identify(models/easy_world1) by extensions ['colcon_meta']
[0.124s] Level 1:colcon.colcon_core.package_identification:_identify(models/easy_world1) by extension 'colcon_meta'
[0.124s] Level 1:colcon.colcon_core.package_identification:_identify(models/easy_world1) by extensions ['ament_gradle']
[0.124s] Level 1:colcon.colcon_core.package_identification:_identify(models/easy_world1) by extension 'ament_gradle'
[0.124s] Level 1:colcon.colcon_core.package_identification:_identify(models/easy_world1) by extensions ['ros']
[0.124s] Level 1:colcon.colcon_core.package_identification:_identify(models/easy_world1) by extension 'ros'
[0.124s] Level 1:colcon.colcon_core.package_identification:_identify(models/easy_world1) by extensions ['cmake', 'gradle', 'python']
[0.124s] Level 1:colcon.colcon_core.package_identification:_identify(models/easy_world1) by extension 'cmake'
[0.124s] Level 1:colcon.colcon_core.package_identification:_identify(models/easy_world1) by extension 'gradle'
[0.124s] Level 1:colcon.colcon_core.package_identification:_identify(models/easy_world1) by extension 'python'
[0.124s] Level 1:colcon.colcon_core.package_identification:_identify(models/easy_world1) by extensions ['python_setup_py']
[0.124s] Level 1:colcon.colcon_core.package_identification:_identify(models/easy_world1) by extension 'python_setup_py'
[0.124s] Level 1:colcon.colcon_core.package_identification:_identify(models/easy_world1/media) by extensions ['ignore', 'ignore_ament_install']
[0.124s] Level 1:colcon.colcon_core.package_identification:_identify(models/easy_world1/media) by extension 'ignore'
[0.125s] Level 1:colcon.colcon_core.package_identification:_identify(models/easy_world1/media) by extension 'ignore_ament_install'
[0.125s] Level 1:colcon.colcon_core.package_identification:_identify(models/easy_world1/media) by extensions ['colcon_pkg']
[0.125s] Level 1:colcon.colcon_core.package_identification:_identify(models/easy_world1/media) by extension 'colcon_pkg'
[0.125s] Level 1:colcon.colcon_core.package_identification:_identify(models/easy_world1/media) by extensions ['colcon_meta']
[0.125s] Level 1:colcon.colcon_core.package_identification:_identify(models/easy_world1/media) by extension 'colcon_meta'
[0.125s] Level 1:colcon.colcon_core.package_identification:_identify(models/easy_world1/media) by extensions ['ament_gradle']
[0.125s] Level 1:colcon.colcon_core.package_identification:_identify(models/easy_world1/media) by extension 'ament_gradle'
[0.125s] Level 1:colcon.colcon_core.package_identification:_identify(models/easy_world1/media) by extensions ['ros']
[0.125s] Level 1:colcon.colcon_core.package_identification:_identify(models/easy_world1/media) by extension 'ros'
[0.125s] Level 1:colcon.colcon_core.package_identification:_identify(models/easy_world1/media) by extensions ['cmake', 'gradle', 'python']
[0.125s] Level 1:colcon.colcon_core.package_identification:_identify(models/easy_world1/media) by extension 'cmake'
[0.125s] Level 1:colcon.colcon_core.package_identification:_identify(models/easy_world1/media) by extension 'gradle'
[0.125s] Level 1:colcon.colcon_core.package_identification:_identify(models/easy_world1/media) by extension 'python'
[0.125s] Level 1:colcon.colcon_core.package_identification:_identify(models/easy_world1/media) by extensions ['python_setup_py']
[0.125s] Level 1:colcon.colcon_core.package_identification:_identify(models/easy_world1/media) by extension 'python_setup_py'
[0.125s] Level 1:colcon.colcon_core.package_identification:_identify(models/easy_world1/media/Textures) by extensions ['ignore', 'ignore_ament_install']
[0.125s] Level 1:colcon.colcon_core.package_identification:_identify(models/easy_world1/media/Textures) by extension 'ignore'
[0.125s] Level 1:colcon.colcon_core.package_identification:_identify(models/easy_world1/media/Textures) by extension 'ignore_ament_install'
[0.125s] Level 1:colcon.colcon_core.package_identification:_identify(models/easy_world1/media/Textures) by extensions ['colcon_pkg']
[0.125s] Level 1:colcon.colcon_core.package_identification:_identify(models/easy_world1/media/Textures) by extension 'colcon_pkg'
[0.125s] Level 1:colcon.colcon_core.package_identification:_identify(models/easy_world1/media/Textures) by extensions ['colcon_meta']
[0.125s] Level 1:colcon.colcon_core.package_identification:_identify(models/easy_world1/media/Textures) by extension 'colcon_meta'
[0.125s] Level 1:colcon.colcon_core.package_identification:_identify(models/easy_world1/media/Textures) by extensions ['ament_gradle']
[0.125s] Level 1:colcon.colcon_core.package_identification:_identify(models/easy_world1/media/Textures) by extension 'ament_gradle'
[0.125s] Level 1:colcon.colcon_core.package_identification:_identify(models/easy_world1/media/Textures) by extensions ['ros']
[0.125s] Level 1:colcon.colcon_core.package_identification:_identify(models/easy_world1/media/Textures) by extension 'ros'
[0.125s] Level 1:colcon.colcon_core.package_identification:_identify(models/easy_world1/media/Textures) by extensions ['cmake', 'gradle', 'python']
[0.125s] Level 1:colcon.colcon_core.package_identification:_identify(models/easy_world1/media/Textures) by extension 'cmake'
[0.125s] Level 1:colcon.colcon_core.package_identification:_identify(models/easy_world1/media/Textures) by extension 'gradle'
[0.125s] Level 1:colcon.colcon_core.package_identification:_identify(models/easy_world1/media/Textures) by extension 'python'
[0.125s] Level 1:colcon.colcon_core.package_identification:_identify(models/easy_world1/media/Textures) by extensions ['python_setup_py']
[0.125s] Level 1:colcon.colcon_core.package_identification:_identify(models/easy_world1/media/Textures) by extension 'python_setup_py'
[0.125s] Level 1:colcon.colcon_core.package_identification:_identify(models/easy_world1/media/scripts) by extensions ['ignore', 'ignore_ament_install']
[0.125s] Level 1:colcon.colcon_core.package_identification:_identify(models/easy_world1/media/scripts) by extension 'ignore'
[0.125s] Level 1:colcon.colcon_core.package_identification:_identify(models/easy_world1/media/scripts) by extension 'ignore_ament_install'
[0.125s] Level 1:colcon.colcon_core.package_identification:_identify(models/easy_world1/media/scripts) by extensions ['colcon_pkg']
[0.125s] Level 1:colcon.colcon_core.package_identification:_identify(models/easy_world1/media/scripts) by extension 'colcon_pkg'
[0.125s] Level 1:colcon.colcon_core.package_identification:_identify(models/easy_world1/media/scripts) by extensions ['colcon_meta']
[0.125s] Level 1:colcon.colcon_core.package_identification:_identify(models/easy_world1/media/scripts) by extension 'colcon_meta'
[0.125s] Level 1:colcon.colcon_core.package_identification:_identify(models/easy_world1/media/scripts) by extensions ['ament_gradle']
[0.125s] Level 1:colcon.colcon_core.package_identification:_identify(models/easy_world1/media/scripts) by extension 'ament_gradle'
[0.125s] Level 1:colcon.colcon_core.package_identification:_identify(models/easy_world1/media/scripts) by extensions ['ros']
[0.125s] Level 1:colcon.colcon_core.package_identification:_identify(models/easy_world1/media/scripts) by extension 'ros'
[0.126s] Level 1:colcon.colcon_core.package_identification:_identify(models/easy_world1/media/scripts) by extensions ['cmake', 'gradle', 'python']
[0.126s] Level 1:colcon.colcon_core.package_identification:_identify(models/easy_world1/media/scripts) by extension 'cmake'
[0.126s] Level 1:colcon.colcon_core.package_identification:_identify(models/easy_world1/media/scripts) by extension 'gradle'
[0.126s] Level 1:colcon.colcon_core.package_identification:_identify(models/easy_world1/media/scripts) by extension 'python'
[0.126s] Level 1:colcon.colcon_core.package_identification:_identify(models/easy_world1/media/scripts) by extensions ['python_setup_py']
[0.126s] Level 1:colcon.colcon_core.package_identification:_identify(models/easy_world1/media/scripts) by extension 'python_setup_py'
[0.126s] Level 1:colcon.colcon_core.package_identification:_identify(models/easy_world1_1) by extensions ['ignore', 'ignore_ament_install']
[0.126s] Level 1:colcon.colcon_core.package_identification:_identify(models/easy_world1_1) by extension 'ignore'
[0.126s] Level 1:colcon.colcon_core.package_identification:_identify(models/easy_world1_1) by extension 'ignore_ament_install'
[0.126s] Level 1:colcon.colcon_core.package_identification:_identify(models/easy_world1_1) by extensions ['colcon_pkg']
[0.126s] Level 1:colcon.colcon_core.package_identification:_identify(models/easy_world1_1) by extension 'colcon_pkg'
[0.126s] Level 1:colcon.colcon_core.package_identification:_identify(models/easy_world1_1) by extensions ['colcon_meta']
[0.126s] Level 1:colcon.colcon_core.package_identification:_identify(models/easy_world1_1) by extension 'colcon_meta'
[0.126s] Level 1:colcon.colcon_core.package_identification:_identify(models/easy_world1_1) by extensions ['ament_gradle']
[0.126s] Level 1:colcon.colcon_core.package_identification:_identify(models/easy_world1_1) by extension 'ament_gradle'
[0.126s] Level 1:colcon.colcon_core.package_identification:_identify(models/easy_world1_1) by extensions ['ros']
[0.126s] Level 1:colcon.colcon_core.package_identification:_identify(models/easy_world1_1) by extension 'ros'
[0.126s] Level 1:colcon.colcon_core.package_identification:_identify(models/easy_world1_1) by extensions ['cmake', 'gradle', 'python']
[0.126s] Level 1:colcon.colcon_core.package_identification:_identify(models/easy_world1_1) by extension 'cmake'
[0.126s] Level 1:colcon.colcon_core.package_identification:_identify(models/easy_world1_1) by extension 'gradle'
[0.126s] Level 1:colcon.colcon_core.package_identification:_identify(models/easy_world1_1) by extension 'python'
[0.126s] Level 1:colcon.colcon_core.package_identification:_identify(models/easy_world1_1) by extensions ['python_setup_py']
[0.126s] Level 1:colcon.colcon_core.package_identification:_identify(models/easy_world1_1) by extension 'python_setup_py'
[0.126s] Level 1:colcon.colcon_core.package_identification:_identify(models/easy_world1_1/media) by extensions ['ignore', 'ignore_ament_install']
[0.126s] Level 1:colcon.colcon_core.package_identification:_identify(models/easy_world1_1/media) by extension 'ignore'
[0.126s] Level 1:colcon.colcon_core.package_identification:_identify(models/easy_world1_1/media) by extension 'ignore_ament_install'
[0.126s] Level 1:colcon.colcon_core.package_identification:_identify(models/easy_world1_1/media) by extensions ['colcon_pkg']
[0.126s] Level 1:colcon.colcon_core.package_identification:_identify(models/easy_world1_1/media) by extension 'colcon_pkg'
[0.126s] Level 1:colcon.colcon_core.package_identification:_identify(models/easy_world1_1/media) by extensions ['colcon_meta']
[0.126s] Level 1:colcon.colcon_core.package_identification:_identify(models/easy_world1_1/media) by extension 'colcon_meta'
[0.126s] Level 1:colcon.colcon_core.package_identification:_identify(models/easy_world1_1/media) by extensions ['ament_gradle']
[0.126s] Level 1:colcon.colcon_core.package_identification:_identify(models/easy_world1_1/media) by extension 'ament_gradle'
[0.126s] Level 1:colcon.colcon_core.package_identification:_identify(models/easy_world1_1/media) by extensions ['ros']
[0.126s] Level 1:colcon.colcon_core.package_identification:_identify(models/easy_world1_1/media) by extension 'ros'
[0.126s] Level 1:colcon.colcon_core.package_identification:_identify(models/easy_world1_1/media) by extensions ['cmake', 'gradle', 'python']
[0.126s] Level 1:colcon.colcon_core.package_identification:_identify(models/easy_world1_1/media) by extension 'cmake'
[0.126s] Level 1:colcon.colcon_core.package_identification:_identify(models/easy_world1_1/media) by extension 'gradle'
[0.126s] Level 1:colcon.colcon_core.package_identification:_identify(models/easy_world1_1/media) by extension 'python'
[0.126s] Level 1:colcon.colcon_core.package_identification:_identify(models/easy_world1_1/media) by extensions ['python_setup_py']
[0.126s] Level 1:colcon.colcon_core.package_identification:_identify(models/easy_world1_1/media) by extension 'python_setup_py'
[0.126s] Level 1:colcon.colcon_core.package_identification:_identify(models/easy_world1_1/media/Textures) by extensions ['ignore', 'ignore_ament_install']
[0.126s] Level 1:colcon.colcon_core.package_identification:_identify(models/easy_world1_1/media/Textures) by extension 'ignore'
[0.127s] Level 1:colcon.colcon_core.package_identification:_identify(models/easy_world1_1/media/Textures) by extension 'ignore_ament_install'
[0.127s] Level 1:colcon.colcon_core.package_identification:_identify(models/easy_world1_1/media/Textures) by extensions ['colcon_pkg']
[0.127s] Level 1:colcon.colcon_core.package_identification:_identify(models/easy_world1_1/media/Textures) by extension 'colcon_pkg'
[0.127s] Level 1:colcon.colcon_core.package_identification:_identify(models/easy_world1_1/media/Textures) by extensions ['colcon_meta']
[0.127s] Level 1:colcon.colcon_core.package_identification:_identify(models/easy_world1_1/media/Textures) by extension 'colcon_meta'
[0.127s] Level 1:colcon.colcon_core.package_identification:_identify(models/easy_world1_1/media/Textures) by extensions ['ament_gradle']
[0.127s] Level 1:colcon.colcon_core.package_identification:_identify(models/easy_world1_1/media/Textures) by extension 'ament_gradle'
[0.127s] Level 1:colcon.colcon_core.package_identification:_identify(models/easy_world1_1/media/Textures) by extensions ['ros']
[0.127s] Level 1:colcon.colcon_core.package_identification:_identify(models/easy_world1_1/media/Textures) by extension 'ros'
[0.127s] Level 1:colcon.colcon_core.package_identification:_identify(models/easy_world1_1/media/Textures) by extensions ['cmake', 'gradle', 'python']
[0.127s] Level 1:colcon.colcon_core.package_identification:_identify(models/easy_world1_1/media/Textures) by extension 'cmake'
[0.127s] Level 1:colcon.colcon_core.package_identification:_identify(models/easy_world1_1/media/Textures) by extension 'gradle'
[0.127s] Level 1:colcon.colcon_core.package_identification:_identify(models/easy_world1_1/media/Textures) by extension 'python'
[0.127s] Level 1:colcon.colcon_core.package_identification:_identify(models/easy_world1_1/media/Textures) by extensions ['python_setup_py']
[0.127s] Level 1:colcon.colcon_core.package_identification:_identify(models/easy_world1_1/media/Textures) by extension 'python_setup_py'
[0.127s] Level 1:colcon.colcon_core.package_identification:_identify(models/easy_world1_1/media/scripts) by extensions ['ignore', 'ignore_ament_install']
[0.127s] Level 1:colcon.colcon_core.package_identification:_identify(models/easy_world1_1/media/scripts) by extension 'ignore'
[0.127s] Level 1:colcon.colcon_core.package_identification:_identify(models/easy_world1_1/media/scripts) by extension 'ignore_ament_install'
[0.127s] Level 1:colcon.colcon_core.package_identification:_identify(models/easy_world1_1/media/scripts) by extensions ['colcon_pkg']
[0.127s] Level 1:colcon.colcon_core.package_identification:_identify(models/easy_world1_1/media/scripts) by extension 'colcon_pkg'
[0.127s] Level 1:colcon.colcon_core.package_identification:_identify(models/easy_world1_1/media/scripts) by extensions ['colcon_meta']
[0.127s] Level 1:colcon.colcon_core.package_identification:_identify(models/easy_world1_1/media/scripts) by extension 'colcon_meta'
[0.127s] Level 1:colcon.colcon_core.package_identification:_identify(models/easy_world1_1/media/scripts) by extensions ['ament_gradle']
[0.127s] Level 1:colcon.colcon_core.package_identification:_identify(models/easy_world1_1/media/scripts) by extension 'ament_gradle'
[0.127s] Level 1:colcon.colcon_core.package_identification:_identify(models/easy_world1_1/media/scripts) by extensions ['ros']
[0.127s] Level 1:colcon.colcon_core.package_identification:_identify(models/easy_world1_1/media/scripts) by extension 'ros'
[0.127s] Level 1:colcon.colcon_core.package_identification:_identify(models/easy_world1_1/media/scripts) by extensions ['cmake', 'gradle', 'python']
[0.127s] Level 1:colcon.colcon_core.package_identification:_identify(models/easy_world1_1/media/scripts) by extension 'cmake'
[0.127s] Level 1:colcon.colcon_core.package_identification:_identify(models/easy_world1_1/media/scripts) by extension 'gradle'
[0.127s] Level 1:colcon.colcon_core.package_identification:_identify(models/easy_world1_1/media/scripts) by extension 'python'
[0.127s] Level 1:colcon.colcon_core.package_identification:_identify(models/easy_world1_1/media/scripts) by extensions ['python_setup_py']
[0.127s] Level 1:colcon.colcon_core.package_identification:_identify(models/easy_world1_1/media/scripts) by extension 'python_setup_py'
[0.127s] Level 1:colcon.colcon_core.package_identification:_identify(models/river_and_forest) by extensions ['ignore', 'ignore_ament_install']
[0.127s] Level 1:colcon.colcon_core.package_identification:_identify(models/river_and_forest) by extension 'ignore'
[0.127s] Level 1:colcon.colcon_core.package_identification:_identify(models/river_and_forest) by extension 'ignore_ament_install'
[0.127s] Level 1:colcon.colcon_core.package_identification:_identify(models/river_and_forest) by extensions ['colcon_pkg']
[0.127s] Level 1:colcon.colcon_core.package_identification:_identify(models/river_and_forest) by extension 'colcon_pkg'
[0.127s] Level 1:colcon.colcon_core.package_identification:_identify(models/river_and_forest) by extensions ['colcon_meta']
[0.127s] Level 1:colcon.colcon_core.package_identification:_identify(models/river_and_forest) by extension 'colcon_meta'
[0.127s] Level 1:colcon.colcon_core.package_identification:_identify(models/river_and_forest) by extensions ['ament_gradle']
[0.127s] Level 1:colcon.colcon_core.package_identification:_identify(models/river_and_forest) by extension 'ament_gradle'
[0.127s] Level 1:colcon.colcon_core.package_identification:_identify(models/river_and_forest) by extensions ['ros']
[0.127s] Level 1:colcon.colcon_core.package_identification:_identify(models/river_and_forest) by extension 'ros'
[0.128s] Level 1:colcon.colcon_core.package_identification:_identify(models/river_and_forest) by extensions ['cmake', 'gradle', 'python']
[0.128s] Level 1:colcon.colcon_core.package_identification:_identify(models/river_and_forest) by extension 'cmake'
[0.128s] Level 1:colcon.colcon_core.package_identification:_identify(models/river_and_forest) by extension 'gradle'
[0.128s] Level 1:colcon.colcon_core.package_identification:_identify(models/river_and_forest) by extension 'python'
[0.128s] Level 1:colcon.colcon_core.package_identification:_identify(models/river_and_forest) by extensions ['python_setup_py']
[0.128s] Level 1:colcon.colcon_core.package_identification:_identify(models/river_and_forest) by extension 'python_setup_py'
[0.128s] Level 1:colcon.colcon_core.package_identification:_identify(models/river_and_forest/media) by extensions ['ignore', 'ignore_ament_install']
[0.128s] Level 1:colcon.colcon_core.package_identification:_identify(models/river_and_forest/media) by extension 'ignore'
[0.128s] Level 1:colcon.colcon_core.package_identification:_identify(models/river_and_forest/media) by extension 'ignore_ament_install'
[0.128s] Level 1:colcon.colcon_core.package_identification:_identify(models/river_and_forest/media) by extensions ['colcon_pkg']
[0.128s] Level 1:colcon.colcon_core.package_identification:_identify(models/river_and_forest/media) by extension 'colcon_pkg'
[0.128s] Level 1:colcon.colcon_core.package_identification:_identify(models/river_and_forest/media) by extensions ['colcon_meta']
[0.128s] Level 1:colcon.colcon_core.package_identification:_identify(models/river_and_forest/media) by extension 'colcon_meta'
[0.128s] Level 1:colcon.colcon_core.package_identification:_identify(models/river_and_forest/media) by extensions ['ament_gradle']
[0.128s] Level 1:colcon.colcon_core.package_identification:_identify(models/river_and_forest/media) by extension 'ament_gradle'
[0.128s] Level 1:colcon.colcon_core.package_identification:_identify(models/river_and_forest/media) by extensions ['ros']
[0.128s] Level 1:colcon.colcon_core.package_identification:_identify(models/river_and_forest/media) by extension 'ros'
[0.128s] Level 1:colcon.colcon_core.package_identification:_identify(models/river_and_forest/media) by extensions ['cmake', 'gradle', 'python']
[0.128s] Level 1:colcon.colcon_core.package_identification:_identify(models/river_and_forest/media) by extension 'cmake'
[0.128s] Level 1:colcon.colcon_core.package_identification:_identify(models/river_and_forest/media) by extension 'gradle'
[0.128s] Level 1:colcon.colcon_core.package_identification:_identify(models/river_and_forest/media) by extension 'python'
[0.128s] Level 1:colcon.colcon_core.package_identification:_identify(models/river_and_forest/media) by extensions ['python_setup_py']
[0.128s] Level 1:colcon.colcon_core.package_identification:_identify(models/river_and_forest/media) by extension 'python_setup_py'
[0.128s] Level 1:colcon.colcon_core.package_identification:_identify(models/river_and_forest/media/Textures) by extensions ['ignore', 'ignore_ament_install']
[0.128s] Level 1:colcon.colcon_core.package_identification:_identify(models/river_and_forest/media/Textures) by extension 'ignore'
[0.128s] Level 1:colcon.colcon_core.package_identification:_identify(models/river_and_forest/media/Textures) by extension 'ignore_ament_install'
[0.128s] Level 1:colcon.colcon_core.package_identification:_identify(models/river_and_forest/media/Textures) by extensions ['colcon_pkg']
[0.128s] Level 1:colcon.colcon_core.package_identification:_identify(models/river_and_forest/media/Textures) by extension 'colcon_pkg'
[0.128s] Level 1:colcon.colcon_core.package_identification:_identify(models/river_and_forest/media/Textures) by extensions ['colcon_meta']
[0.128s] Level 1:colcon.colcon_core.package_identification:_identify(models/river_and_forest/media/Textures) by extension 'colcon_meta'
[0.128s] Level 1:colcon.colcon_core.package_identification:_identify(models/river_and_forest/media/Textures) by extensions ['ament_gradle']
[0.128s] Level 1:colcon.colcon_core.package_identification:_identify(models/river_and_forest/media/Textures) by extension 'ament_gradle'
[0.128s] Level 1:colcon.colcon_core.package_identification:_identify(models/river_and_forest/media/Textures) by extensions ['ros']
[0.128s] Level 1:colcon.colcon_core.package_identification:_identify(models/river_and_forest/media/Textures) by extension 'ros'
[0.128s] Level 1:colcon.colcon_core.package_identification:_identify(models/river_and_forest/media/Textures) by extensions ['cmake', 'gradle', 'python']
[0.128s] Level 1:colcon.colcon_core.package_identification:_identify(models/river_and_forest/media/Textures) by extension 'cmake'
[0.128s] Level 1:colcon.colcon_core.package_identification:_identify(models/river_and_forest/media/Textures) by extension 'gradle'
[0.128s] Level 1:colcon.colcon_core.package_identification:_identify(models/river_and_forest/media/Textures) by extension 'python'
[0.128s] Level 1:colcon.colcon_core.package_identification:_identify(models/river_and_forest/media/Textures) by extensions ['python_setup_py']
[0.128s] Level 1:colcon.colcon_core.package_identification:_identify(models/river_and_forest/media/Textures) by extension 'python_setup_py'
[0.128s] Level 1:colcon.colcon_core.package_identification:_identify(models/river_and_forest/media/scripts) by extensions ['ignore', 'ignore_ament_install']
[0.129s] Level 1:colcon.colcon_core.package_identification:_identify(models/river_and_forest/media/scripts) by extension 'ignore'
[0.129s] Level 1:colcon.colcon_core.package_identification:_identify(models/river_and_forest/media/scripts) by extension 'ignore_ament_install'
[0.129s] Level 1:colcon.colcon_core.package_identification:_identify(models/river_and_forest/media/scripts) by extensions ['colcon_pkg']
[0.129s] Level 1:colcon.colcon_core.package_identification:_identify(models/river_and_forest/media/scripts) by extension 'colcon_pkg'
[0.129s] Level 1:colcon.colcon_core.package_identification:_identify(models/river_and_forest/media/scripts) by extensions ['colcon_meta']
[0.129s] Level 1:colcon.colcon_core.package_identification:_identify(models/river_and_forest/media/scripts) by extension 'colcon_meta'
[0.129s] Level 1:colcon.colcon_core.package_identification:_identify(models/river_and_forest/media/scripts) by extensions ['ament_gradle']
[0.129s] Level 1:colcon.colcon_core.package_identification:_identify(models/river_and_forest/media/scripts) by extension 'ament_gradle'
[0.129s] Level 1:colcon.colcon_core.package_identification:_identify(models/river_and_forest/media/scripts) by extensions ['ros']
[0.129s] Level 1:colcon.colcon_core.package_identification:_identify(models/river_and_forest/media/scripts) by extension 'ros'
[0.129s] Level 1:colcon.colcon_core.package_identification:_identify(models/river_and_forest/media/scripts) by extensions ['cmake', 'gradle', 'python']
[0.129s] Level 1:colcon.colcon_core.package_identification:_identify(models/river_and_forest/media/scripts) by extension 'cmake'
[0.129s] Level 1:colcon.colcon_core.package_identification:_identify(models/river_and_forest/media/scripts) by extension 'gradle'
[0.129s] Level 1:colcon.colcon_core.package_identification:_identify(models/river_and_forest/media/scripts) by extension 'python'
[0.129s] Level 1:colcon.colcon_core.package_identification:_identify(models/river_and_forest/media/scripts) by extensions ['python_setup_py']
[0.129s] Level 1:colcon.colcon_core.package_identification:_identify(models/river_and_forest/media/scripts) by extension 'python_setup_py'
[0.129s] Level 1:colcon.colcon_core.package_identification:_identify(models/test_1world) by extensions ['ignore', 'ignore_ament_install']
[0.129s] Level 1:colcon.colcon_core.package_identification:_identify(models/test_1world) by extension 'ignore'
[0.129s] Level 1:colcon.colcon_core.package_identification:_identify(models/test_1world) by extension 'ignore_ament_install'
[0.129s] Level 1:colcon.colcon_core.package_identification:_identify(models/test_1world) by extensions ['colcon_pkg']
[0.129s] Level 1:colcon.colcon_core.package_identification:_identify(models/test_1world) by extension 'colcon_pkg'
[0.129s] Level 1:colcon.colcon_core.package_identification:_identify(models/test_1world) by extensions ['colcon_meta']
[0.129s] Level 1:colcon.colcon_core.package_identification:_identify(models/test_1world) by extension 'colcon_meta'
[0.129s] Level 1:colcon.colcon_core.package_identification:_identify(models/test_1world) by extensions ['ament_gradle']
[0.129s] Level 1:colcon.colcon_core.package_identification:_identify(models/test_1world) by extension 'ament_gradle'
[0.129s] Level 1:colcon.colcon_core.package_identification:_identify(models/test_1world) by extensions ['ros']
[0.129s] Level 1:colcon.colcon_core.package_identification:_identify(models/test_1world) by extension 'ros'
[0.129s] Level 1:colcon.colcon_core.package_identification:_identify(models/test_1world) by extensions ['cmake', 'gradle', 'python']
[0.129s] Level 1:colcon.colcon_core.package_identification:_identify(models/test_1world) by extension 'cmake'
[0.129s] Level 1:colcon.colcon_core.package_identification:_identify(models/test_1world) by extension 'gradle'
[0.129s] Level 1:colcon.colcon_core.package_identification:_identify(models/test_1world) by extension 'python'
[0.129s] Level 1:colcon.colcon_core.package_identification:_identify(models/test_1world) by extensions ['python_setup_py']
[0.129s] Level 1:colcon.colcon_core.package_identification:_identify(models/test_1world) by extension 'python_setup_py'
[0.129s] Level 1:colcon.colcon_core.package_identification:_identify(models/test_1world/media) by extensions ['ignore', 'ignore_ament_install']
[0.129s] Level 1:colcon.colcon_core.package_identification:_identify(models/test_1world/media) by extension 'ignore'
[0.129s] Level 1:colcon.colcon_core.package_identification:_identify(models/test_1world/media) by extension 'ignore_ament_install'
[0.129s] Level 1:colcon.colcon_core.package_identification:_identify(models/test_1world/media) by extensions ['colcon_pkg']
[0.129s] Level 1:colcon.colcon_core.package_identification:_identify(models/test_1world/media) by extension 'colcon_pkg'
[0.129s] Level 1:colcon.colcon_core.package_identification:_identify(models/test_1world/media) by extensions ['colcon_meta']
[0.129s] Level 1:colcon.colcon_core.package_identification:_identify(models/test_1world/media) by extension 'colcon_meta'
[0.129s] Level 1:colcon.colcon_core.package_identification:_identify(models/test_1world/media) by extensions ['ament_gradle']
[0.129s] Level 1:colcon.colcon_core.package_identification:_identify(models/test_1world/media) by extension 'ament_gradle'
[0.129s] Level 1:colcon.colcon_core.package_identification:_identify(models/test_1world/media) by extensions ['ros']
[0.129s] Level 1:colcon.colcon_core.package_identification:_identify(models/test_1world/media) by extension 'ros'
[0.130s] Level 1:colcon.colcon_core.package_identification:_identify(models/test_1world/media) by extensions ['cmake', 'gradle', 'python']
[0.130s] Level 1:colcon.colcon_core.package_identification:_identify(models/test_1world/media) by extension 'cmake'
[0.130s] Level 1:colcon.colcon_core.package_identification:_identify(models/test_1world/media) by extension 'gradle'
[0.130s] Level 1:colcon.colcon_core.package_identification:_identify(models/test_1world/media) by extension 'python'
[0.130s] Level 1:colcon.colcon_core.package_identification:_identify(models/test_1world/media) by extensions ['python_setup_py']
[0.130s] Level 1:colcon.colcon_core.package_identification:_identify(models/test_1world/media) by extension 'python_setup_py'
[0.130s] Level 1:colcon.colcon_core.package_identification:_identify(models/test_1world/media/Textures) by extensions ['ignore', 'ignore_ament_install']
[0.130s] Level 1:colcon.colcon_core.package_identification:_identify(models/test_1world/media/Textures) by extension 'ignore'
[0.130s] Level 1:colcon.colcon_core.package_identification:_identify(models/test_1world/media/Textures) by extension 'ignore_ament_install'
[0.130s] Level 1:colcon.colcon_core.package_identification:_identify(models/test_1world/media/Textures) by extensions ['colcon_pkg']
[0.130s] Level 1:colcon.colcon_core.package_identification:_identify(models/test_1world/media/Textures) by extension 'colcon_pkg'
[0.130s] Level 1:colcon.colcon_core.package_identification:_identify(models/test_1world/media/Textures) by extensions ['colcon_meta']
[0.130s] Level 1:colcon.colcon_core.package_identification:_identify(models/test_1world/media/Textures) by extension 'colcon_meta'
[0.130s] Level 1:colcon.colcon_core.package_identification:_identify(models/test_1world/media/Textures) by extensions ['ament_gradle']
[0.130s] Level 1:colcon.colcon_core.package_identification:_identify(models/test_1world/media/Textures) by extension 'ament_gradle'
[0.130s] Level 1:colcon.colcon_core.package_identification:_identify(models/test_1world/media/Textures) by extensions ['ros']
[0.130s] Level 1:colcon.colcon_core.package_identification:_identify(models/test_1world/media/Textures) by extension 'ros'
[0.130s] Level 1:colcon.colcon_core.package_identification:_identify(models/test_1world/media/Textures) by extensions ['cmake', 'gradle', 'python']
[0.130s] Level 1:colcon.colcon_core.package_identification:_identify(models/test_1world/media/Textures) by extension 'cmake'
[0.130s] Level 1:colcon.colcon_core.package_identification:_identify(models/test_1world/media/Textures) by extension 'gradle'
[0.130s] Level 1:colcon.colcon_core.package_identification:_identify(models/test_1world/media/Textures) by extension 'python'
[0.130s] Level 1:colcon.colcon_core.package_identification:_identify(models/test_1world/media/Textures) by extensions ['python_setup_py']
[0.130s] Level 1:colcon.colcon_core.package_identification:_identify(models/test_1world/media/Textures) by extension 'python_setup_py'
[0.130s] Level 1:colcon.colcon_core.package_identification:_identify(models/test_1world/media/scripts) by extensions ['ignore', 'ignore_ament_install']
[0.130s] Level 1:colcon.colcon_core.package_identification:_identify(models/test_1world/media/scripts) by extension 'ignore'
[0.130s] Level 1:colcon.colcon_core.package_identification:_identify(models/test_1world/media/scripts) by extension 'ignore_ament_install'
[0.130s] Level 1:colcon.colcon_core.package_identification:_identify(models/test_1world/media/scripts) by extensions ['colcon_pkg']
[0.130s] Level 1:colcon.colcon_core.package_identification:_identify(models/test_1world/media/scripts) by extension 'colcon_pkg'
[0.130s] Level 1:colcon.colcon_core.package_identification:_identify(models/test_1world/media/scripts) by extensions ['colcon_meta']
[0.130s] Level 1:colcon.colcon_core.package_identification:_identify(models/test_1world/media/scripts) by extension 'colcon_meta'
[0.130s] Level 1:colcon.colcon_core.package_identification:_identify(models/test_1world/media/scripts) by extensions ['ament_gradle']
[0.130s] Level 1:colcon.colcon_core.package_identification:_identify(models/test_1world/media/scripts) by extension 'ament_gradle'
[0.130s] Level 1:colcon.colcon_core.package_identification:_identify(models/test_1world/media/scripts) by extensions ['ros']
[0.130s] Level 1:colcon.colcon_core.package_identification:_identify(models/test_1world/media/scripts) by extension 'ros'
[0.130s] Level 1:colcon.colcon_core.package_identification:_identify(models/test_1world/media/scripts) by extensions ['cmake', 'gradle', 'python']
[0.130s] Level 1:colcon.colcon_core.package_identification:_identify(models/test_1world/media/scripts) by extension 'cmake'
[0.130s] Level 1:colcon.colcon_core.package_identification:_identify(models/test_1world/media/scripts) by extension 'gradle'
[0.130s] Level 1:colcon.colcon_core.package_identification:_identify(models/test_1world/media/scripts) by extension 'python'
[0.130s] Level 1:colcon.colcon_core.package_identification:_identify(models/test_1world/media/scripts) by extensions ['python_setup_py']
[0.130s] Level 1:colcon.colcon_core.package_identification:_identify(models/test_1world/media/scripts) by extension 'python_setup_py'
[0.130s] Level 1:colcon.colcon_core.package_identification:_identify(models/test_blender) by extensions ['ignore', 'ignore_ament_install']
[0.130s] Level 1:colcon.colcon_core.package_identification:_identify(models/test_blender) by extension 'ignore'
[0.131s] Level 1:colcon.colcon_core.package_identification:_identify(models/test_blender) by extension 'ignore_ament_install'
[0.131s] Level 1:colcon.colcon_core.package_identification:_identify(models/test_blender) by extensions ['colcon_pkg']
[0.131s] Level 1:colcon.colcon_core.package_identification:_identify(models/test_blender) by extension 'colcon_pkg'
[0.131s] Level 1:colcon.colcon_core.package_identification:_identify(models/test_blender) by extensions ['colcon_meta']
[0.131s] Level 1:colcon.colcon_core.package_identification:_identify(models/test_blender) by extension 'colcon_meta'
[0.131s] Level 1:colcon.colcon_core.package_identification:_identify(models/test_blender) by extensions ['ament_gradle']
[0.131s] Level 1:colcon.colcon_core.package_identification:_identify(models/test_blender) by extension 'ament_gradle'
[0.131s] Level 1:colcon.colcon_core.package_identification:_identify(models/test_blender) by extensions ['ros']
[0.131s] Level 1:colcon.colcon_core.package_identification:_identify(models/test_blender) by extension 'ros'
[0.131s] Level 1:colcon.colcon_core.package_identification:_identify(models/test_blender) by extensions ['cmake', 'gradle', 'python']
[0.131s] Level 1:colcon.colcon_core.package_identification:_identify(models/test_blender) by extension 'cmake'
[0.131s] Level 1:colcon.colcon_core.package_identification:_identify(models/test_blender) by extension 'gradle'
[0.131s] Level 1:colcon.colcon_core.package_identification:_identify(models/test_blender) by extension 'python'
[0.131s] Level 1:colcon.colcon_core.package_identification:_identify(models/test_blender) by extensions ['python_setup_py']
[0.131s] Level 1:colcon.colcon_core.package_identification:_identify(models/test_blender) by extension 'python_setup_py'
[0.131s] Level 1:colcon.colcon_core.package_identification:_identify(models/test_blender/media) by extensions ['ignore', 'ignore_ament_install']
[0.131s] Level 1:colcon.colcon_core.package_identification:_identify(models/test_blender/media) by extension 'ignore'
[0.131s] Level 1:colcon.colcon_core.package_identification:_identify(models/test_blender/media) by extension 'ignore_ament_install'
[0.131s] Level 1:colcon.colcon_core.package_identification:_identify(models/test_blender/media) by extensions ['colcon_pkg']
[0.131s] Level 1:colcon.colcon_core.package_identification:_identify(models/test_blender/media) by extension 'colcon_pkg'
[0.131s] Level 1:colcon.colcon_core.package_identification:_identify(models/test_blender/media) by extensions ['colcon_meta']
[0.131s] Level 1:colcon.colcon_core.package_identification:_identify(models/test_blender/media) by extension 'colcon_meta'
[0.131s] Level 1:colcon.colcon_core.package_identification:_identify(models/test_blender/media) by extensions ['ament_gradle']
[0.131s] Level 1:colcon.colcon_core.package_identification:_identify(models/test_blender/media) by extension 'ament_gradle'
[0.131s] Level 1:colcon.colcon_core.package_identification:_identify(models/test_blender/media) by extensions ['ros']
[0.131s] Level 1:colcon.colcon_core.package_identification:_identify(models/test_blender/media) by extension 'ros'
[0.131s] Level 1:colcon.colcon_core.package_identification:_identify(models/test_blender/media) by extensions ['cmake', 'gradle', 'python']
[0.131s] Level 1:colcon.colcon_core.package_identification:_identify(models/test_blender/media) by extension 'cmake'
[0.131s] Level 1:colcon.colcon_core.package_identification:_identify(models/test_blender/media) by extension 'gradle'
[0.131s] Level 1:colcon.colcon_core.package_identification:_identify(models/test_blender/media) by extension 'python'
[0.131s] Level 1:colcon.colcon_core.package_identification:_identify(models/test_blender/media) by extensions ['python_setup_py']
[0.131s] Level 1:colcon.colcon_core.package_identification:_identify(models/test_blender/media) by extension 'python_setup_py'
[0.131s] Level 1:colcon.colcon_core.package_identification:_identify(models/test_blender/media/Textures) by extensions ['ignore', 'ignore_ament_install']
[0.131s] Level 1:colcon.colcon_core.package_identification:_identify(models/test_blender/media/Textures) by extension 'ignore'
[0.131s] Level 1:colcon.colcon_core.package_identification:_identify(models/test_blender/media/Textures) by extension 'ignore_ament_install'
[0.131s] Level 1:colcon.colcon_core.package_identification:_identify(models/test_blender/media/Textures) by extensions ['colcon_pkg']
[0.131s] Level 1:colcon.colcon_core.package_identification:_identify(models/test_blender/media/Textures) by extension 'colcon_pkg'
[0.131s] Level 1:colcon.colcon_core.package_identification:_identify(models/test_blender/media/Textures) by extensions ['colcon_meta']
[0.131s] Level 1:colcon.colcon_core.package_identification:_identify(models/test_blender/media/Textures) by extension 'colcon_meta'
[0.131s] Level 1:colcon.colcon_core.package_identification:_identify(models/test_blender/media/Textures) by extensions ['ament_gradle']
[0.131s] Level 1:colcon.colcon_core.package_identification:_identify(models/test_blender/media/Textures) by extension 'ament_gradle'
[0.131s] Level 1:colcon.colcon_core.package_identification:_identify(models/test_blender/media/Textures) by extensions ['ros']
[0.131s] Level 1:colcon.colcon_core.package_identification:_identify(models/test_blender/media/Textures) by extension 'ros'
[0.131s] Level 1:colcon.colcon_core.package_identification:_identify(models/test_blender/media/Textures) by extensions ['cmake', 'gradle', 'python']
[0.131s] Level 1:colcon.colcon_core.package_identification:_identify(models/test_blender/media/Textures) by extension 'cmake'
[0.132s] Level 1:colcon.colcon_core.package_identification:_identify(models/test_blender/media/Textures) by extension 'gradle'
[0.132s] Level 1:colcon.colcon_core.package_identification:_identify(models/test_blender/media/Textures) by extension 'python'
[0.132s] Level 1:colcon.colcon_core.package_identification:_identify(models/test_blender/media/Textures) by extensions ['python_setup_py']
[0.132s] Level 1:colcon.colcon_core.package_identification:_identify(models/test_blender/media/Textures) by extension 'python_setup_py'
[0.132s] Level 1:colcon.colcon_core.package_identification:_identify(models/test_blender/media/scripts) by extensions ['ignore', 'ignore_ament_install']
[0.132s] Level 1:colcon.colcon_core.package_identification:_identify(models/test_blender/media/scripts) by extension 'ignore'
[0.132s] Level 1:colcon.colcon_core.package_identification:_identify(models/test_blender/media/scripts) by extension 'ignore_ament_install'
[0.132s] Level 1:colcon.colcon_core.package_identification:_identify(models/test_blender/media/scripts) by extensions ['colcon_pkg']
[0.132s] Level 1:colcon.colcon_core.package_identification:_identify(models/test_blender/media/scripts) by extension 'colcon_pkg'
[0.132s] Level 1:colcon.colcon_core.package_identification:_identify(models/test_blender/media/scripts) by extensions ['colcon_meta']
[0.132s] Level 1:colcon.colcon_core.package_identification:_identify(models/test_blender/media/scripts) by extension 'colcon_meta'
[0.132s] Level 1:colcon.colcon_core.package_identification:_identify(models/test_blender/media/scripts) by extensions ['ament_gradle']
[0.132s] Level 1:colcon.colcon_core.package_identification:_identify(models/test_blender/media/scripts) by extension 'ament_gradle'
[0.132s] Level 1:colcon.colcon_core.package_identification:_identify(models/test_blender/media/scripts) by extensions ['ros']
[0.132s] Level 1:colcon.colcon_core.package_identification:_identify(models/test_blender/media/scripts) by extension 'ros'
[0.132s] Level 1:colcon.colcon_core.package_identification:_identify(models/test_blender/media/scripts) by extensions ['cmake', 'gradle', 'python']
[0.132s] Level 1:colcon.colcon_core.package_identification:_identify(models/test_blender/media/scripts) by extension 'cmake'
[0.132s] Level 1:colcon.colcon_core.package_identification:_identify(models/test_blender/media/scripts) by extension 'gradle'
[0.132s] Level 1:colcon.colcon_core.package_identification:_identify(models/test_blender/media/scripts) by extension 'python'
[0.132s] Level 1:colcon.colcon_core.package_identification:_identify(models/test_blender/media/scripts) by extensions ['python_setup_py']
[0.132s] Level 1:colcon.colcon_core.package_identification:_identify(models/test_blender/media/scripts) by extension 'python_setup_py'
[0.132s] Level 1:colcon.colcon_core.package_identification:_identify(models/world1_b) by extensions ['ignore', 'ignore_ament_install']
[0.132s] Level 1:colcon.colcon_core.package_identification:_identify(models/world1_b) by extension 'ignore'
[0.132s] Level 1:colcon.colcon_core.package_identification:_identify(models/world1_b) by extension 'ignore_ament_install'
[0.132s] Level 1:colcon.colcon_core.package_identification:_identify(models/world1_b) by extensions ['colcon_pkg']
[0.132s] Level 1:colcon.colcon_core.package_identification:_identify(models/world1_b) by extension 'colcon_pkg'
[0.132s] Level 1:colcon.colcon_core.package_identification:_identify(models/world1_b) by extensions ['colcon_meta']
[0.132s] Level 1:colcon.colcon_core.package_identification:_identify(models/world1_b) by extension 'colcon_meta'
[0.132s] Level 1:colcon.colcon_core.package_identification:_identify(models/world1_b) by extensions ['ament_gradle']
[0.132s] Level 1:colcon.colcon_core.package_identification:_identify(models/world1_b) by extension 'ament_gradle'
[0.132s] Level 1:colcon.colcon_core.package_identification:_identify(models/world1_b) by extensions ['ros']
[0.132s] Level 1:colcon.colcon_core.package_identification:_identify(models/world1_b) by extension 'ros'
[0.132s] Level 1:colcon.colcon_core.package_identification:_identify(models/world1_b) by extensions ['cmake', 'gradle', 'python']
[0.132s] Level 1:colcon.colcon_core.package_identification:_identify(models/world1_b) by extension 'cmake'
[0.132s] Level 1:colcon.colcon_core.package_identification:_identify(models/world1_b) by extension 'gradle'
[0.132s] Level 1:colcon.colcon_core.package_identification:_identify(models/world1_b) by extension 'python'
[0.132s] Level 1:colcon.colcon_core.package_identification:_identify(models/world1_b) by extensions ['python_setup_py']
[0.132s] Level 1:colcon.colcon_core.package_identification:_identify(models/world1_b) by extension 'python_setup_py'
[0.132s] Level 1:colcon.colcon_core.package_identification:_identify(models/world1_b/media) by extensions ['ignore', 'ignore_ament_install']
[0.132s] Level 1:colcon.colcon_core.package_identification:_identify(models/world1_b/media) by extension 'ignore'
[0.132s] Level 1:colcon.colcon_core.package_identification:_identify(models/world1_b/media) by extension 'ignore_ament_install'
[0.132s] Level 1:colcon.colcon_core.package_identification:_identify(models/world1_b/media) by extensions ['colcon_pkg']
[0.133s] Level 1:colcon.colcon_core.package_identification:_identify(models/world1_b/media) by extension 'colcon_pkg'
[0.133s] Level 1:colcon.colcon_core.package_identification:_identify(models/world1_b/media) by extensions ['colcon_meta']
[0.133s] Level 1:colcon.colcon_core.package_identification:_identify(models/world1_b/media) by extension 'colcon_meta'
[0.133s] Level 1:colcon.colcon_core.package_identification:_identify(models/world1_b/media) by extensions ['ament_gradle']
[0.133s] Level 1:colcon.colcon_core.package_identification:_identify(models/world1_b/media) by extension 'ament_gradle'
[0.133s] Level 1:colcon.colcon_core.package_identification:_identify(models/world1_b/media) by extensions ['ros']
[0.133s] Level 1:colcon.colcon_core.package_identification:_identify(models/world1_b/media) by extension 'ros'
[0.133s] Level 1:colcon.colcon_core.package_identification:_identify(models/world1_b/media) by extensions ['cmake', 'gradle', 'python']
[0.133s] Level 1:colcon.colcon_core.package_identification:_identify(models/world1_b/media) by extension 'cmake'
[0.133s] Level 1:colcon.colcon_core.package_identification:_identify(models/world1_b/media) by extension 'gradle'
[0.133s] Level 1:colcon.colcon_core.package_identification:_identify(models/world1_b/media) by extension 'python'
[0.133s] Level 1:colcon.colcon_core.package_identification:_identify(models/world1_b/media) by extensions ['python_setup_py']
[0.133s] Level 1:colcon.colcon_core.package_identification:_identify(models/world1_b/media) by extension 'python_setup_py'
[0.133s] Level 1:colcon.colcon_core.package_identification:_identify(models/world1_b/media/Textures) by extensions ['ignore', 'ignore_ament_install']
[0.133s] Level 1:colcon.colcon_core.package_identification:_identify(models/world1_b/media/Textures) by extension 'ignore'
[0.133s] Level 1:colcon.colcon_core.package_identification:_identify(models/world1_b/media/Textures) by extension 'ignore_ament_install'
[0.133s] Level 1:colcon.colcon_core.package_identification:_identify(models/world1_b/media/Textures) by extensions ['colcon_pkg']
[0.133s] Level 1:colcon.colcon_core.package_identification:_identify(models/world1_b/media/Textures) by extension 'colcon_pkg'
[0.133s] Level 1:colcon.colcon_core.package_identification:_identify(models/world1_b/media/Textures) by extensions ['colcon_meta']
[0.133s] Level 1:colcon.colcon_core.package_identification:_identify(models/world1_b/media/Textures) by extension 'colcon_meta'
[0.133s] Level 1:colcon.colcon_core.package_identification:_identify(models/world1_b/media/Textures) by extensions ['ament_gradle']
[0.133s] Level 1:colcon.colcon_core.package_identification:_identify(models/world1_b/media/Textures) by extension 'ament_gradle'
[0.133s] Level 1:colcon.colcon_core.package_identification:_identify(models/world1_b/media/Textures) by extensions ['ros']
[0.133s] Level 1:colcon.colcon_core.package_identification:_identify(models/world1_b/media/Textures) by extension 'ros'
[0.133s] Level 1:colcon.colcon_core.package_identification:_identify(models/world1_b/media/Textures) by extensions ['cmake', 'gradle', 'python']
[0.133s] Level 1:colcon.colcon_core.package_identification:_identify(models/world1_b/media/Textures) by extension 'cmake'
[0.133s] Level 1:colcon.colcon_core.package_identification:_identify(models/world1_b/media/Textures) by extension 'gradle'
[0.133s] Level 1:colcon.colcon_core.package_identification:_identify(models/world1_b/media/Textures) by extension 'python'
[0.133s] Level 1:colcon.colcon_core.package_identification:_identify(models/world1_b/media/Textures) by extensions ['python_setup_py']
[0.133s] Level 1:colcon.colcon_core.package_identification:_identify(models/world1_b/media/Textures) by extension 'python_setup_py'
[0.133s] Level 1:colcon.colcon_core.package_identification:_identify(models/world1_b/media/scripts) by extensions ['ignore', 'ignore_ament_install']
[0.133s] Level 1:colcon.colcon_core.package_identification:_identify(models/world1_b/media/scripts) by extension 'ignore'
[0.133s] Level 1:colcon.colcon_core.package_identification:_identify(models/world1_b/media/scripts) by extension 'ignore_ament_install'
[0.133s] Level 1:colcon.colcon_core.package_identification:_identify(models/world1_b/media/scripts) by extensions ['colcon_pkg']
[0.133s] Level 1:colcon.colcon_core.package_identification:_identify(models/world1_b/media/scripts) by extension 'colcon_pkg'
[0.133s] Level 1:colcon.colcon_core.package_identification:_identify(models/world1_b/media/scripts) by extensions ['colcon_meta']
[0.133s] Level 1:colcon.colcon_core.package_identification:_identify(models/world1_b/media/scripts) by extension 'colcon_meta'
[0.133s] Level 1:colcon.colcon_core.package_identification:_identify(models/world1_b/media/scripts) by extensions ['ament_gradle']
[0.133s] Level 1:colcon.colcon_core.package_identification:_identify(models/world1_b/media/scripts) by extension 'ament_gradle'
[0.133s] Level 1:colcon.colcon_core.package_identification:_identify(models/world1_b/media/scripts) by extensions ['ros']
[0.133s] Level 1:colcon.colcon_core.package_identification:_identify(models/world1_b/media/scripts) by extension 'ros'
[0.133s] Level 1:colcon.colcon_core.package_identification:_identify(models/world1_b/media/scripts) by extensions ['cmake', 'gradle', 'python']
[0.133s] Level 1:colcon.colcon_core.package_identification:_identify(models/world1_b/media/scripts) by extension 'cmake'
[0.133s] Level 1:colcon.colcon_core.package_identification:_identify(models/world1_b/media/scripts) by extension 'gradle'
[0.134s] Level 1:colcon.colcon_core.package_identification:_identify(models/world1_b/media/scripts) by extension 'python'
[0.134s] Level 1:colcon.colcon_core.package_identification:_identify(models/world1_b/media/scripts) by extensions ['python_setup_py']
[0.134s] Level 1:colcon.colcon_core.package_identification:_identify(models/world1_b/media/scripts) by extension 'python_setup_py'
[0.134s] Level 1:colcon.colcon_core.package_identification:_identify(src) by extensions ['ignore', 'ignore_ament_install']
[0.134s] Level 1:colcon.colcon_core.package_identification:_identify(src) by extension 'ignore'
[0.134s] Level 1:colcon.colcon_core.package_identification:_identify(src) by extension 'ignore_ament_install'
[0.134s] Level 1:colcon.colcon_core.package_identification:_identify(src) by extensions ['colcon_pkg']
[0.134s] Level 1:colcon.colcon_core.package_identification:_identify(src) by extension 'colcon_pkg'
[0.134s] Level 1:colcon.colcon_core.package_identification:_identify(src) by extensions ['colcon_meta']
[0.134s] Level 1:colcon.colcon_core.package_identification:_identify(src) by extension 'colcon_meta'
[0.134s] Level 1:colcon.colcon_core.package_identification:_identify(src) by extensions ['ament_gradle']
[0.134s] Level 1:colcon.colcon_core.package_identification:_identify(src) by extension 'ament_gradle'
[0.134s] Level 1:colcon.colcon_core.package_identification:_identify(src) by extensions ['ros']
[0.134s] Level 1:colcon.colcon_core.package_identification:_identify(src) by extension 'ros'
[0.134s] Level 1:colcon.colcon_core.package_identification:_identify(src) by extensions ['cmake', 'gradle', 'python']
[0.134s] Level 1:colcon.colcon_core.package_identification:_identify(src) by extension 'cmake'
[0.134s] Level 1:colcon.colcon_core.package_identification:_identify(src) by extension 'gradle'
[0.134s] Level 1:colcon.colcon_core.package_identification:_identify(src) by extension 'python'
[0.134s] Level 1:colcon.colcon_core.package_identification:_identify(src) by extensions ['python_setup_py']
[0.134s] Level 1:colcon.colcon_core.package_identification:_identify(src) by extension 'python_setup_py'
[0.134s] Level 1:colcon.colcon_core.package_identification:_identify(src/GUI_pkg) by extensions ['ignore', 'ignore_ament_install']
[0.134s] Level 1:colcon.colcon_core.package_identification:_identify(src/GUI_pkg) by extension 'ignore'
[0.134s] Level 1:colcon.colcon_core.package_identification:_identify(src/GUI_pkg) by extension 'ignore_ament_install'
[0.134s] Level 1:colcon.colcon_core.package_identification:_identify(src/GUI_pkg) by extensions ['colcon_pkg']
[0.134s] Level 1:colcon.colcon_core.package_identification:_identify(src/GUI_pkg) by extension 'colcon_pkg'
[0.134s] Level 1:colcon.colcon_core.package_identification:_identify(src/GUI_pkg) by extensions ['colcon_meta']
[0.134s] Level 1:colcon.colcon_core.package_identification:_identify(src/GUI_pkg) by extension 'colcon_meta'
[0.134s] Level 1:colcon.colcon_core.package_identification:_identify(src/GUI_pkg) by extensions ['ament_gradle']
[0.134s] Level 1:colcon.colcon_core.package_identification:_identify(src/GUI_pkg) by extension 'ament_gradle'
[0.134s] Level 1:colcon.colcon_core.package_identification:_identify(src/GUI_pkg) by extensions ['ros']
[0.134s] Level 1:colcon.colcon_core.package_identification:_identify(src/GUI_pkg) by extension 'ros'
[0.137s] DEBUG:colcon.colcon_core.package_identification:Package 'src/GUI_pkg' with type 'ros.ament_python' and name 'GUI_pkg'
[0.137s] Level 1:colcon.colcon_core.package_identification:_identify(src/android_ros2_server) by extensions ['ignore', 'ignore_ament_install']
[0.137s] Level 1:colcon.colcon_core.package_identification:_identify(src/android_ros2_server) by extension 'ignore'
[0.137s] Level 1:colcon.colcon_core.package_identification:_identify(src/android_ros2_server) by extension 'ignore_ament_install'
[0.137s] Level 1:colcon.colcon_core.package_identification:_identify(src/android_ros2_server) by extensions ['colcon_pkg']
[0.137s] Level 1:colcon.colcon_core.package_identification:_identify(src/android_ros2_server) by extension 'colcon_pkg'
[0.137s] Level 1:colcon.colcon_core.package_identification:_identify(src/android_ros2_server) by extensions ['colcon_meta']
[0.137s] Level 1:colcon.colcon_core.package_identification:_identify(src/android_ros2_server) by extension 'colcon_meta'
[0.137s] Level 1:colcon.colcon_core.package_identification:_identify(src/android_ros2_server) by extensions ['ament_gradle']
[0.137s] Level 1:colcon.colcon_core.package_identification:_identify(src/android_ros2_server) by extension 'ament_gradle'
[0.137s] Level 1:colcon.colcon_core.package_identification:_identify(src/android_ros2_server) by extensions ['ros']
[0.137s] Level 1:colcon.colcon_core.package_identification:_identify(src/android_ros2_server) by extension 'ros'
[0.137s] DEBUG:colcon.colcon_core.package_identification:Package 'src/android_ros2_server' with type 'ros.ament_python' and name 'android_ros2_server'
[0.137s] Level 1:colcon.colcon_core.package_identification:_identify(src/argj801_ctl_platform) by extensions ['ignore', 'ignore_ament_install']
[0.137s] Level 1:colcon.colcon_core.package_identification:_identify(src/argj801_ctl_platform) by extension 'ignore'
[0.137s] Level 1:colcon.colcon_core.package_identification:_identify(src/argj801_ctl_platform) by extension 'ignore_ament_install'
[0.137s] Level 1:colcon.colcon_core.package_identification:_identify(src/argj801_ctl_platform) by extensions ['colcon_pkg']
[0.137s] Level 1:colcon.colcon_core.package_identification:_identify(src/argj801_ctl_platform) by extension 'colcon_pkg'
[0.138s] Level 1:colcon.colcon_core.package_identification:_identify(src/argj801_ctl_platform) by extensions ['colcon_meta']
[0.138s] Level 1:colcon.colcon_core.package_identification:_identify(src/argj801_ctl_platform) by extension 'colcon_meta'
[0.138s] Level 1:colcon.colcon_core.package_identification:_identify(src/argj801_ctl_platform) by extensions ['ament_gradle']
[0.138s] Level 1:colcon.colcon_core.package_identification:_identify(src/argj801_ctl_platform) by extension 'ament_gradle'
[0.138s] Level 1:colcon.colcon_core.package_identification:_identify(src/argj801_ctl_platform) by extensions ['ros']
[0.138s] Level 1:colcon.colcon_core.package_identification:_identify(src/argj801_ctl_platform) by extension 'ros'
[0.138s] Level 1:colcon.colcon_core.package_identification:_identify(src/argj801_ctl_platform) by extensions ['cmake', 'gradle', 'python']
[0.138s] Level 1:colcon.colcon_core.package_identification:_identify(src/argj801_ctl_platform) by extension 'cmake'
[0.138s] Level 1:colcon.colcon_core.package_identification:_identify(src/argj801_ctl_platform) by extension 'gradle'
[0.138s] Level 1:colcon.colcon_core.package_identification:_identify(src/argj801_ctl_platform) by extension 'python'
[0.138s] Level 1:colcon.colcon_core.package_identification:_identify(src/argj801_ctl_platform) by extensions ['python_setup_py']
[0.138s] Level 1:colcon.colcon_core.package_identification:_identify(src/argj801_ctl_platform) by extension 'python_setup_py'
[0.138s] Level 1:colcon.colcon_core.package_identification:_identify(src/argj801_ctl_platform/argj801_ctl_platform) by extensions ['ignore', 'ignore_ament_install']
[0.138s] Level 1:colcon.colcon_core.package_identification:_identify(src/argj801_ctl_platform/argj801_ctl_platform) by extension 'ignore'
[0.138s] Level 1:colcon.colcon_core.package_identification:_identify(src/argj801_ctl_platform/argj801_ctl_platform) by extension 'ignore_ament_install'
[0.138s] Level 1:colcon.colcon_core.package_identification:_identify(src/argj801_ctl_platform/argj801_ctl_platform) by extensions ['colcon_pkg']
[0.138s] Level 1:colcon.colcon_core.package_identification:_identify(src/argj801_ctl_platform/argj801_ctl_platform) by extension 'colcon_pkg'
[0.138s] Level 1:colcon.colcon_core.package_identification:_identify(src/argj801_ctl_platform/argj801_ctl_platform) by extensions ['colcon_meta']
[0.138s] Level 1:colcon.colcon_core.package_identification:_identify(src/argj801_ctl_platform/argj801_ctl_platform) by extension 'colcon_meta'
[0.138s] Level 1:colcon.colcon_core.package_identification:_identify(src/argj801_ctl_platform/argj801_ctl_platform) by extensions ['ament_gradle']
[0.138s] Level 1:colcon.colcon_core.package_identification:_identify(src/argj801_ctl_platform/argj801_ctl_platform) by extension 'ament_gradle'
[0.138s] Level 1:colcon.colcon_core.package_identification:_identify(src/argj801_ctl_platform/argj801_ctl_platform) by extensions ['ros']
[0.138s] Level 1:colcon.colcon_core.package_identification:_identify(src/argj801_ctl_platform/argj801_ctl_platform) by extension 'ros'
[0.139s] DEBUG:colcon.colcon_core.package_identification:Package 'src/argj801_ctl_platform/argj801_ctl_platform' with type 'ros.ament_cmake' and name 'argj801_ctl_platform'
[0.139s] Level 1:colcon.colcon_core.package_identification:_identify(src/argj801_ctl_platform/argj801_ctl_platform_interfaces) by extensions ['ignore', 'ignore_ament_install']
[0.139s] Level 1:colcon.colcon_core.package_identification:_identify(src/argj801_ctl_platform/argj801_ctl_platform_interfaces) by extension 'ignore'
[0.139s] Level 1:colcon.colcon_core.package_identification:_identify(src/argj801_ctl_platform/argj801_ctl_platform_interfaces) by extension 'ignore_ament_install'
[0.139s] Level 1:colcon.colcon_core.package_identification:_identify(src/argj801_ctl_platform/argj801_ctl_platform_interfaces) by extensions ['colcon_pkg']
[0.139s] Level 1:colcon.colcon_core.package_identification:_identify(src/argj801_ctl_platform/argj801_ctl_platform_interfaces) by extension 'colcon_pkg'
[0.139s] Level 1:colcon.colcon_core.package_identification:_identify(src/argj801_ctl_platform/argj801_ctl_platform_interfaces) by extensions ['colcon_meta']
[0.139s] Level 1:colcon.colcon_core.package_identification:_identify(src/argj801_ctl_platform/argj801_ctl_platform_interfaces) by extension 'colcon_meta'
[0.139s] Level 1:colcon.colcon_core.package_identification:_identify(src/argj801_ctl_platform/argj801_ctl_platform_interfaces) by extensions ['ament_gradle']
[0.139s] Level 1:colcon.colcon_core.package_identification:_identify(src/argj801_ctl_platform/argj801_ctl_platform_interfaces) by extension 'ament_gradle'
[0.139s] Level 1:colcon.colcon_core.package_identification:_identify(src/argj801_ctl_platform/argj801_ctl_platform_interfaces) by extensions ['ros']
[0.139s] Level 1:colcon.colcon_core.package_identification:_identify(src/argj801_ctl_platform/argj801_ctl_platform_interfaces) by extension 'ros'
[0.139s] DEBUG:colcon.colcon_core.package_identification:Package 'src/argj801_ctl_platform/argj801_ctl_platform_interfaces' with type 'ros.ament_cmake' and name 'argj801_ctl_platform_interfaces'
[0.139s] Level 1:colcon.colcon_core.package_identification:_identify(src/argj801_setup) by extensions ['ignore', 'ignore_ament_install']
[0.139s] Level 1:colcon.colcon_core.package_identification:_identify(src/argj801_setup) by extension 'ignore'
[0.139s] Level 1:colcon.colcon_core.package_identification:_identify(src/argj801_setup) by extension 'ignore_ament_install'
[0.140s] Level 1:colcon.colcon_core.package_identification:_identify(src/argj801_setup) by extensions ['colcon_pkg']
[0.140s] Level 1:colcon.colcon_core.package_identification:_identify(src/argj801_setup) by extension 'colcon_pkg'
[0.140s] Level 1:colcon.colcon_core.package_identification:_identify(src/argj801_setup) by extensions ['colcon_meta']
[0.140s] Level 1:colcon.colcon_core.package_identification:_identify(src/argj801_setup) by extension 'colcon_meta'
[0.140s] Level 1:colcon.colcon_core.package_identification:_identify(src/argj801_setup) by extensions ['ament_gradle']
[0.140s] Level 1:colcon.colcon_core.package_identification:_identify(src/argj801_setup) by extension 'ament_gradle'
[0.140s] Level 1:colcon.colcon_core.package_identification:_identify(src/argj801_setup) by extensions ['ros']
[0.140s] Level 1:colcon.colcon_core.package_identification:_identify(src/argj801_setup) by extension 'ros'
[0.140s] DEBUG:colcon.colcon_core.package_identification:Package 'src/argj801_setup' with type 'ros.ament_cmake' and name 'argj801_setup'
[0.140s] Level 1:colcon.colcon_core.package_identification:_identify(src/argo_drivers_pkgs) by extensions ['ignore', 'ignore_ament_install']
[0.140s] Level 1:colcon.colcon_core.package_identification:_identify(src/argo_drivers_pkgs) by extension 'ignore'
[0.140s] Level 1:colcon.colcon_core.package_identification:_identify(src/argo_drivers_pkgs) by extension 'ignore_ament_install'
[0.140s] Level 1:colcon.colcon_core.package_identification:_identify(src/argo_drivers_pkgs) by extensions ['colcon_pkg']
[0.140s] Level 1:colcon.colcon_core.package_identification:_identify(src/argo_drivers_pkgs) by extension 'colcon_pkg'
[0.140s] Level 1:colcon.colcon_core.package_identification:_identify(src/argo_drivers_pkgs) by extensions ['colcon_meta']
[0.140s] Level 1:colcon.colcon_core.package_identification:_identify(src/argo_drivers_pkgs) by extension 'colcon_meta'
[0.140s] Level 1:colcon.colcon_core.package_identification:_identify(src/argo_drivers_pkgs) by extensions ['ament_gradle']
[0.140s] Level 1:colcon.colcon_core.package_identification:_identify(src/argo_drivers_pkgs) by extension 'ament_gradle'
[0.140s] Level 1:colcon.colcon_core.package_identification:_identify(src/argo_drivers_pkgs) by extensions ['ros']
[0.140s] Level 1:colcon.colcon_core.package_identification:_identify(src/argo_drivers_pkgs) by extension 'ros'
[0.140s] Level 1:colcon.colcon_core.package_identification:_identify(src/argo_drivers_pkgs) by extensions ['cmake', 'gradle', 'python']
[0.140s] Level 1:colcon.colcon_core.package_identification:_identify(src/argo_drivers_pkgs) by extension 'cmake'
[0.140s] Level 1:colcon.colcon_core.package_identification:_identify(src/argo_drivers_pkgs) by extension 'gradle'
[0.140s] Level 1:colcon.colcon_core.package_identification:_identify(src/argo_drivers_pkgs) by extension 'python'
[0.140s] Level 1:colcon.colcon_core.package_identification:_identify(src/argo_drivers_pkgs) by extensions ['python_setup_py']
[0.140s] Level 1:colcon.colcon_core.package_identification:_identify(src/argo_drivers_pkgs) by extension 'python_setup_py'
[0.141s] Level 1:colcon.colcon_core.package_identification:_identify(src/argo_drivers_pkgs/Fixposition_driver_pkg) by extensions ['ignore', 'ignore_ament_install']
[0.141s] Level 1:colcon.colcon_core.package_identification:_identify(src/argo_drivers_pkgs/Fixposition_driver_pkg) by extension 'ignore'
[0.141s] Level 1:colcon.colcon_core.package_identification:_identify(src/argo_drivers_pkgs/Fixposition_driver_pkg) by extension 'ignore_ament_install'
[0.141s] Level 1:colcon.colcon_core.package_identification:_identify(src/argo_drivers_pkgs/Fixposition_driver_pkg) by extensions ['colcon_pkg']
[0.141s] Level 1:colcon.colcon_core.package_identification:_identify(src/argo_drivers_pkgs/Fixposition_driver_pkg) by extension 'colcon_pkg'
[0.141s] Level 1:colcon.colcon_core.package_identification:_identify(src/argo_drivers_pkgs/Fixposition_driver_pkg) by extensions ['colcon_meta']
[0.141s] Level 1:colcon.colcon_core.package_identification:_identify(src/argo_drivers_pkgs/Fixposition_driver_pkg) by extension 'colcon_meta'
[0.141s] Level 1:colcon.colcon_core.package_identification:_identify(src/argo_drivers_pkgs/Fixposition_driver_pkg) by extensions ['ament_gradle']
[0.141s] Level 1:colcon.colcon_core.package_identification:_identify(src/argo_drivers_pkgs/Fixposition_driver_pkg) by extension 'ament_gradle'
[0.141s] Level 1:colcon.colcon_core.package_identification:_identify(src/argo_drivers_pkgs/Fixposition_driver_pkg) by extensions ['ros']
[0.141s] Level 1:colcon.colcon_core.package_identification:_identify(src/argo_drivers_pkgs/Fixposition_driver_pkg) by extension 'ros'
[0.141s] Level 1:colcon.colcon_core.package_identification:_identify(src/argo_drivers_pkgs/Fixposition_driver_pkg) by extensions ['cmake', 'gradle', 'python']
[0.141s] Level 1:colcon.colcon_core.package_identification:_identify(src/argo_drivers_pkgs/Fixposition_driver_pkg) by extension 'cmake'
[0.141s] Level 1:colcon.colcon_core.package_identification:_identify(src/argo_drivers_pkgs/Fixposition_driver_pkg) by extension 'gradle'
[0.141s] Level 1:colcon.colcon_core.package_identification:_identify(src/argo_drivers_pkgs/Fixposition_driver_pkg) by extension 'python'
[0.141s] Level 1:colcon.colcon_core.package_identification:_identify(src/argo_drivers_pkgs/Fixposition_driver_pkg) by extensions ['python_setup_py']
[0.141s] Level 1:colcon.colcon_core.package_identification:_identify(src/argo_drivers_pkgs/Fixposition_driver_pkg) by extension 'python_setup_py'
[0.141s] Level 1:colcon.colcon_core.package_identification:_identify(src/argo_drivers_pkgs/Fixposition_driver_pkg/fixposition_driver-main) by extensions ['ignore', 'ignore_ament_install']
[0.141s] Level 1:colcon.colcon_core.package_identification:_identify(src/argo_drivers_pkgs/Fixposition_driver_pkg/fixposition_driver-main) by extension 'ignore'
[0.141s] Level 1:colcon.colcon_core.package_identification:_identify(src/argo_drivers_pkgs/Fixposition_driver_pkg/fixposition_driver-main) by extension 'ignore_ament_install'
[0.141s] Level 1:colcon.colcon_core.package_identification:_identify(src/argo_drivers_pkgs/Fixposition_driver_pkg/fixposition_driver-main) by extensions ['colcon_pkg']
[0.141s] Level 1:colcon.colcon_core.package_identification:_identify(src/argo_drivers_pkgs/Fixposition_driver_pkg/fixposition_driver-main) by extension 'colcon_pkg'
[0.141s] Level 1:colcon.colcon_core.package_identification:_identify(src/argo_drivers_pkgs/Fixposition_driver_pkg/fixposition_driver-main) by extensions ['colcon_meta']
[0.141s] Level 1:colcon.colcon_core.package_identification:_identify(src/argo_drivers_pkgs/Fixposition_driver_pkg/fixposition_driver-main) by extension 'colcon_meta'
[0.141s] Level 1:colcon.colcon_core.package_identification:_identify(src/argo_drivers_pkgs/Fixposition_driver_pkg/fixposition_driver-main) by extensions ['ament_gradle']
[0.141s] Level 1:colcon.colcon_core.package_identification:_identify(src/argo_drivers_pkgs/Fixposition_driver_pkg/fixposition_driver-main) by extension 'ament_gradle'
[0.141s] Level 1:colcon.colcon_core.package_identification:_identify(src/argo_drivers_pkgs/Fixposition_driver_pkg/fixposition_driver-main) by extensions ['ros']
[0.141s] Level 1:colcon.colcon_core.package_identification:_identify(src/argo_drivers_pkgs/Fixposition_driver_pkg/fixposition_driver-main) by extension 'ros'
[0.141s] Level 1:colcon.colcon_core.package_identification:_identify(src/argo_drivers_pkgs/Fixposition_driver_pkg/fixposition_driver-main) by extensions ['cmake', 'gradle', 'python']
[0.141s] Level 1:colcon.colcon_core.package_identification:_identify(src/argo_drivers_pkgs/Fixposition_driver_pkg/fixposition_driver-main) by extension 'cmake'
[0.141s] Level 1:colcon.colcon_core.package_identification:_identify(src/argo_drivers_pkgs/Fixposition_driver_pkg/fixposition_driver-main) by extension 'gradle'
[0.141s] Level 1:colcon.colcon_core.package_identification:_identify(src/argo_drivers_pkgs/Fixposition_driver_pkg/fixposition_driver-main) by extension 'python'
[0.141s] Level 1:colcon.colcon_core.package_identification:_identify(src/argo_drivers_pkgs/Fixposition_driver_pkg/fixposition_driver-main) by extensions ['python_setup_py']
[0.141s] Level 1:colcon.colcon_core.package_identification:_identify(src/argo_drivers_pkgs/Fixposition_driver_pkg/fixposition_driver-main) by extension 'python_setup_py'
[0.141s] Level 1:colcon.colcon_core.package_identification:_identify(src/argo_drivers_pkgs/Fixposition_driver_pkg/fixposition_driver-main/fixposition_driver_lib) by extensions ['ignore', 'ignore_ament_install']
[0.141s] Level 1:colcon.colcon_core.package_identification:_identify(src/argo_drivers_pkgs/Fixposition_driver_pkg/fixposition_driver-main/fixposition_driver_lib) by extension 'ignore'
[0.141s] Level 1:colcon.colcon_core.package_identification:_identify(src/argo_drivers_pkgs/Fixposition_driver_pkg/fixposition_driver-main/fixposition_driver_lib) by extension 'ignore_ament_install'
[0.141s] Level 1:colcon.colcon_core.package_identification:_identify(src/argo_drivers_pkgs/Fixposition_driver_pkg/fixposition_driver-main/fixposition_driver_lib) by extensions ['colcon_pkg']
[0.141s] Level 1:colcon.colcon_core.package_identification:_identify(src/argo_drivers_pkgs/Fixposition_driver_pkg/fixposition_driver-main/fixposition_driver_lib) by extension 'colcon_pkg'
[0.142s] Level 1:colcon.colcon_core.package_identification:_identify(src/argo_drivers_pkgs/Fixposition_driver_pkg/fixposition_driver-main/fixposition_driver_lib) by extensions ['colcon_meta']
[0.142s] Level 1:colcon.colcon_core.package_identification:_identify(src/argo_drivers_pkgs/Fixposition_driver_pkg/fixposition_driver-main/fixposition_driver_lib) by extension 'colcon_meta'
[0.142s] Level 1:colcon.colcon_core.package_identification:_identify(src/argo_drivers_pkgs/Fixposition_driver_pkg/fixposition_driver-main/fixposition_driver_lib) by extensions ['ament_gradle']
[0.142s] Level 1:colcon.colcon_core.package_identification:_identify(src/argo_drivers_pkgs/Fixposition_driver_pkg/fixposition_driver-main/fixposition_driver_lib) by extension 'ament_gradle'
[0.142s] Level 1:colcon.colcon_core.package_identification:_identify(src/argo_drivers_pkgs/Fixposition_driver_pkg/fixposition_driver-main/fixposition_driver_lib) by extensions ['ros']
[0.142s] Level 1:colcon.colcon_core.package_identification:_identify(src/argo_drivers_pkgs/Fixposition_driver_pkg/fixposition_driver-main/fixposition_driver_lib) by extension 'ros'
[0.144s] DEBUG:colcon.colcon_core.package_identification:Package 'src/argo_drivers_pkgs/Fixposition_driver_pkg/fixposition_driver-main/fixposition_driver_lib' with type 'ros.cmake' and name 'fixposition_driver_lib'
[0.144s] Level 1:colcon.colcon_core.package_identification:_identify(src/argo_drivers_pkgs/Fixposition_driver_pkg/fixposition_driver-main/fixposition_driver_ros1) by extensions ['ignore', 'ignore_ament_install']
[0.144s] Level 1:colcon.colcon_core.package_identification:_identify(src/argo_drivers_pkgs/Fixposition_driver_pkg/fixposition_driver-main/fixposition_driver_ros1) by extension 'ignore'
[0.144s] Level 1:colcon.colcon_core.package_identification:_identify(src/argo_drivers_pkgs/Fixposition_driver_pkg/fixposition_driver-main/fixposition_driver_ros1) ignored
[0.144s] Level 1:colcon.colcon_core.package_identification:_identify(src/argo_drivers_pkgs/Fixposition_driver_pkg/fixposition_driver-main/fixposition_driver_ros2) by extensions ['ignore', 'ignore_ament_install']
[0.144s] Level 1:colcon.colcon_core.package_identification:_identify(src/argo_drivers_pkgs/Fixposition_driver_pkg/fixposition_driver-main/fixposition_driver_ros2) by extension 'ignore'
[0.144s] Level 1:colcon.colcon_core.package_identification:_identify(src/argo_drivers_pkgs/Fixposition_driver_pkg/fixposition_driver-main/fixposition_driver_ros2) by extension 'ignore_ament_install'
[0.144s] Level 1:colcon.colcon_core.package_identification:_identify(src/argo_drivers_pkgs/Fixposition_driver_pkg/fixposition_driver-main/fixposition_driver_ros2) by extensions ['colcon_pkg']
[0.144s] Level 1:colcon.colcon_core.package_identification:_identify(src/argo_drivers_pkgs/Fixposition_driver_pkg/fixposition_driver-main/fixposition_driver_ros2) by extension 'colcon_pkg'
[0.144s] Level 1:colcon.colcon_core.package_identification:_identify(src/argo_drivers_pkgs/Fixposition_driver_pkg/fixposition_driver-main/fixposition_driver_ros2) by extensions ['colcon_meta']
[0.144s] Level 1:colcon.colcon_core.package_identification:_identify(src/argo_drivers_pkgs/Fixposition_driver_pkg/fixposition_driver-main/fixposition_driver_ros2) by extension 'colcon_meta'
[0.144s] Level 1:colcon.colcon_core.package_identification:_identify(src/argo_drivers_pkgs/Fixposition_driver_pkg/fixposition_driver-main/fixposition_driver_ros2) by extensions ['ament_gradle']
[0.144s] Level 1:colcon.colcon_core.package_identification:_identify(src/argo_drivers_pkgs/Fixposition_driver_pkg/fixposition_driver-main/fixposition_driver_ros2) by extension 'ament_gradle'
[0.144s] Level 1:colcon.colcon_core.package_identification:_identify(src/argo_drivers_pkgs/Fixposition_driver_pkg/fixposition_driver-main/fixposition_driver_ros2) by extensions ['ros']
[0.144s] Level 1:colcon.colcon_core.package_identification:_identify(src/argo_drivers_pkgs/Fixposition_driver_pkg/fixposition_driver-main/fixposition_driver_ros2) by extension 'ros'
[0.145s] DEBUG:colcon.colcon_core.package_identification:Package 'src/argo_drivers_pkgs/Fixposition_driver_pkg/fixposition_driver-main/fixposition_driver_ros2' with type 'ros.ament_cmake' and name 'fixposition_driver_ros2'
[0.145s] Level 1:colcon.colcon_core.package_identification:_identify(src/argo_drivers_pkgs/Fixposition_driver_pkg/fixposition_driver-main/fixposition_odometry_converter_ros2) by extensions ['ignore', 'ignore_ament_install']
[0.145s] Level 1:colcon.colcon_core.package_identification:_identify(src/argo_drivers_pkgs/Fixposition_driver_pkg/fixposition_driver-main/fixposition_odometry_converter_ros2) by extension 'ignore'
[0.145s] Level 1:colcon.colcon_core.package_identification:_identify(src/argo_drivers_pkgs/Fixposition_driver_pkg/fixposition_driver-main/fixposition_odometry_converter_ros2) by extension 'ignore_ament_install'
[0.145s] Level 1:colcon.colcon_core.package_identification:_identify(src/argo_drivers_pkgs/Fixposition_driver_pkg/fixposition_driver-main/fixposition_odometry_converter_ros2) by extensions ['colcon_pkg']
[0.145s] Level 1:colcon.colcon_core.package_identification:_identify(src/argo_drivers_pkgs/Fixposition_driver_pkg/fixposition_driver-main/fixposition_odometry_converter_ros2) by extension 'colcon_pkg'
[0.145s] Level 1:colcon.colcon_core.package_identification:_identify(src/argo_drivers_pkgs/Fixposition_driver_pkg/fixposition_driver-main/fixposition_odometry_converter_ros2) by extensions ['colcon_meta']
[0.145s] Level 1:colcon.colcon_core.package_identification:_identify(src/argo_drivers_pkgs/Fixposition_driver_pkg/fixposition_driver-main/fixposition_odometry_converter_ros2) by extension 'colcon_meta'
[0.145s] Level 1:colcon.colcon_core.package_identification:_identify(src/argo_drivers_pkgs/Fixposition_driver_pkg/fixposition_driver-main/fixposition_odometry_converter_ros2) by extensions ['ament_gradle']
[0.145s] Level 1:colcon.colcon_core.package_identification:_identify(src/argo_drivers_pkgs/Fixposition_driver_pkg/fixposition_driver-main/fixposition_odometry_converter_ros2) by extension 'ament_gradle'
[0.145s] Level 1:colcon.colcon_core.package_identification:_identify(src/argo_drivers_pkgs/Fixposition_driver_pkg/fixposition_driver-main/fixposition_odometry_converter_ros2) by extensions ['ros']
[0.145s] Level 1:colcon.colcon_core.package_identification:_identify(src/argo_drivers_pkgs/Fixposition_driver_pkg/fixposition_driver-main/fixposition_odometry_converter_ros2) by extension 'ros'
[0.146s] DEBUG:colcon.colcon_core.package_identification:Package 'src/argo_drivers_pkgs/Fixposition_driver_pkg/fixposition_driver-main/fixposition_odometry_converter_ros2' with type 'ros.ament_cmake' and name 'fixposition_odometry_converter_ros2'
[0.146s] Level 1:colcon.colcon_core.package_identification:_identify(src/argo_drivers_pkgs/Fixposition_driver_pkg/fixposition_driver-main/test) by extensions ['ignore', 'ignore_ament_install']
[0.146s] Level 1:colcon.colcon_core.package_identification:_identify(src/argo_drivers_pkgs/Fixposition_driver_pkg/fixposition_driver-main/test) by extension 'ignore'
[0.146s] Level 1:colcon.colcon_core.package_identification:_identify(src/argo_drivers_pkgs/Fixposition_driver_pkg/fixposition_driver-main/test) by extension 'ignore_ament_install'
[0.146s] Level 1:colcon.colcon_core.package_identification:_identify(src/argo_drivers_pkgs/Fixposition_driver_pkg/fixposition_driver-main/test) by extensions ['colcon_pkg']
[0.146s] Level 1:colcon.colcon_core.package_identification:_identify(src/argo_drivers_pkgs/Fixposition_driver_pkg/fixposition_driver-main/test) by extension 'colcon_pkg'
[0.146s] Level 1:colcon.colcon_core.package_identification:_identify(src/argo_drivers_pkgs/Fixposition_driver_pkg/fixposition_driver-main/test) by extensions ['colcon_meta']
[0.146s] Level 1:colcon.colcon_core.package_identification:_identify(src/argo_drivers_pkgs/Fixposition_driver_pkg/fixposition_driver-main/test) by extension 'colcon_meta'
[0.146s] Level 1:colcon.colcon_core.package_identification:_identify(src/argo_drivers_pkgs/Fixposition_driver_pkg/fixposition_driver-main/test) by extensions ['ament_gradle']
[0.146s] Level 1:colcon.colcon_core.package_identification:_identify(src/argo_drivers_pkgs/Fixposition_driver_pkg/fixposition_driver-main/test) by extension 'ament_gradle'
[0.146s] Level 1:colcon.colcon_core.package_identification:_identify(src/argo_drivers_pkgs/Fixposition_driver_pkg/fixposition_driver-main/test) by extensions ['ros']
[0.146s] Level 1:colcon.colcon_core.package_identification:_identify(src/argo_drivers_pkgs/Fixposition_driver_pkg/fixposition_driver-main/test) by extension 'ros'
[0.146s] Level 1:colcon.colcon_core.package_identification:_identify(src/argo_drivers_pkgs/Fixposition_driver_pkg/fixposition_driver-main/test) by extensions ['cmake', 'gradle', 'python']
[0.146s] Level 1:colcon.colcon_core.package_identification:_identify(src/argo_drivers_pkgs/Fixposition_driver_pkg/fixposition_driver-main/test) by extension 'cmake'
[0.146s] Level 1:colcon.colcon_core.package_identification:_identify(src/argo_drivers_pkgs/Fixposition_driver_pkg/fixposition_driver-main/test) by extension 'gradle'
[0.146s] Level 1:colcon.colcon_core.package_identification:_identify(src/argo_drivers_pkgs/Fixposition_driver_pkg/fixposition_driver-main/test) by extension 'python'
[0.146s] Level 1:colcon.colcon_core.package_identification:_identify(src/argo_drivers_pkgs/Fixposition_driver_pkg/fixposition_driver-main/test) by extensions ['python_setup_py']
[0.146s] Level 1:colcon.colcon_core.package_identification:_identify(src/argo_drivers_pkgs/Fixposition_driver_pkg/fixposition_driver-main/test) by extension 'python_setup_py'
[0.146s] Level 1:colcon.colcon_core.package_identification:_identify(src/argo_drivers_pkgs/Fixposition_driver_pkg/fixposition_driver-main/test/data) by extensions ['ignore', 'ignore_ament_install']
[0.146s] Level 1:colcon.colcon_core.package_identification:_identify(src/argo_drivers_pkgs/Fixposition_driver_pkg/fixposition_driver-main/test/data) by extension 'ignore'
[0.146s] Level 1:colcon.colcon_core.package_identification:_identify(src/argo_drivers_pkgs/Fixposition_driver_pkg/fixposition_driver-main/test/data) by extension 'ignore_ament_install'
[0.146s] Level 1:colcon.colcon_core.package_identification:_identify(src/argo_drivers_pkgs/Fixposition_driver_pkg/fixposition_driver-main/test/data) by extensions ['colcon_pkg']
[0.146s] Level 1:colcon.colcon_core.package_identification:_identify(src/argo_drivers_pkgs/Fixposition_driver_pkg/fixposition_driver-main/test/data) by extension 'colcon_pkg'
[0.146s] Level 1:colcon.colcon_core.package_identification:_identify(src/argo_drivers_pkgs/Fixposition_driver_pkg/fixposition_driver-main/test/data) by extensions ['colcon_meta']
[0.146s] Level 1:colcon.colcon_core.package_identification:_identify(src/argo_drivers_pkgs/Fixposition_driver_pkg/fixposition_driver-main/test/data) by extension 'colcon_meta'
[0.146s] Level 1:colcon.colcon_core.package_identification:_identify(src/argo_drivers_pkgs/Fixposition_driver_pkg/fixposition_driver-main/test/data) by extensions ['ament_gradle']
[0.146s] Level 1:colcon.colcon_core.package_identification:_identify(src/argo_drivers_pkgs/Fixposition_driver_pkg/fixposition_driver-main/test/data) by extension 'ament_gradle'
[0.147s] Level 1:colcon.colcon_core.package_identification:_identify(src/argo_drivers_pkgs/Fixposition_driver_pkg/fixposition_driver-main/test/data) by extensions ['ros']
[0.147s] Level 1:colcon.colcon_core.package_identification:_identify(src/argo_drivers_pkgs/Fixposition_driver_pkg/fixposition_driver-main/test/data) by extension 'ros'
[0.147s] Level 1:colcon.colcon_core.package_identification:_identify(src/argo_drivers_pkgs/Fixposition_driver_pkg/fixposition_driver-main/test/data) by extensions ['cmake', 'gradle', 'python']
[0.147s] Level 1:colcon.colcon_core.package_identification:_identify(src/argo_drivers_pkgs/Fixposition_driver_pkg/fixposition_driver-main/test/data) by extension 'cmake'
[0.147s] Level 1:colcon.colcon_core.package_identification:_identify(src/argo_drivers_pkgs/Fixposition_driver_pkg/fixposition_driver-main/test/data) by extension 'gradle'
[0.147s] Level 1:colcon.colcon_core.package_identification:_identify(src/argo_drivers_pkgs/Fixposition_driver_pkg/fixposition_driver-main/test/data) by extension 'python'
[0.147s] Level 1:colcon.colcon_core.package_identification:_identify(src/argo_drivers_pkgs/Fixposition_driver_pkg/fixposition_driver-main/test/data) by extensions ['python_setup_py']
[0.147s] Level 1:colcon.colcon_core.package_identification:_identify(src/argo_drivers_pkgs/Fixposition_driver_pkg/fixposition_driver-main/test/data) by extension 'python_setup_py'
[0.147s] Level 1:colcon.colcon_core.package_identification:_identify(src/argo_drivers_pkgs/Fixposition_driver_pkg/fixposition_gnss_tf-main) by extensions ['ignore', 'ignore_ament_install']
[0.147s] Level 1:colcon.colcon_core.package_identification:_identify(src/argo_drivers_pkgs/Fixposition_driver_pkg/fixposition_gnss_tf-main) by extension 'ignore'
[0.147s] Level 1:colcon.colcon_core.package_identification:_identify(src/argo_drivers_pkgs/Fixposition_driver_pkg/fixposition_gnss_tf-main) by extension 'ignore_ament_install'
[0.147s] Level 1:colcon.colcon_core.package_identification:_identify(src/argo_drivers_pkgs/Fixposition_driver_pkg/fixposition_gnss_tf-main) by extensions ['colcon_pkg']
[0.147s] Level 1:colcon.colcon_core.package_identification:_identify(src/argo_drivers_pkgs/Fixposition_driver_pkg/fixposition_gnss_tf-main) by extension 'colcon_pkg'
[0.147s] Level 1:colcon.colcon_core.package_identification:_identify(src/argo_drivers_pkgs/Fixposition_driver_pkg/fixposition_gnss_tf-main) by extensions ['colcon_meta']
[0.147s] Level 1:colcon.colcon_core.package_identification:_identify(src/argo_drivers_pkgs/Fixposition_driver_pkg/fixposition_gnss_tf-main) by extension 'colcon_meta'
[0.147s] Level 1:colcon.colcon_core.package_identification:_identify(src/argo_drivers_pkgs/Fixposition_driver_pkg/fixposition_gnss_tf-main) by extensions ['ament_gradle']
[0.147s] Level 1:colcon.colcon_core.package_identification:_identify(src/argo_drivers_pkgs/Fixposition_driver_pkg/fixposition_gnss_tf-main) by extension 'ament_gradle'
[0.147s] Level 1:colcon.colcon_core.package_identification:_identify(src/argo_drivers_pkgs/Fixposition_driver_pkg/fixposition_gnss_tf-main) by extensions ['ros']
[0.147s] Level 1:colcon.colcon_core.package_identification:_identify(src/argo_drivers_pkgs/Fixposition_driver_pkg/fixposition_gnss_tf-main) by extension 'ros'
[0.148s] DEBUG:colcon.colcon_core.package_identification:Package 'src/argo_drivers_pkgs/Fixposition_driver_pkg/fixposition_gnss_tf-main' with type 'ros.cmake' and name 'fixposition_gnss_tf'
[0.148s] Level 1:colcon.colcon_core.package_identification:_identify(src/argo_drivers_pkgs/argj801_sensors) by extensions ['ignore', 'ignore_ament_install']
[0.148s] Level 1:colcon.colcon_core.package_identification:_identify(src/argo_drivers_pkgs/argj801_sensors) by extension 'ignore'
[0.148s] Level 1:colcon.colcon_core.package_identification:_identify(src/argo_drivers_pkgs/argj801_sensors) by extension 'ignore_ament_install'
[0.148s] Level 1:colcon.colcon_core.package_identification:_identify(src/argo_drivers_pkgs/argj801_sensors) by extensions ['colcon_pkg']
[0.148s] Level 1:colcon.colcon_core.package_identification:_identify(src/argo_drivers_pkgs/argj801_sensors) by extension 'colcon_pkg'
[0.148s] Level 1:colcon.colcon_core.package_identification:_identify(src/argo_drivers_pkgs/argj801_sensors) by extensions ['colcon_meta']
[0.148s] Level 1:colcon.colcon_core.package_identification:_identify(src/argo_drivers_pkgs/argj801_sensors) by extension 'colcon_meta'
[0.148s] Level 1:colcon.colcon_core.package_identification:_identify(src/argo_drivers_pkgs/argj801_sensors) by extensions ['ament_gradle']
[0.148s] Level 1:colcon.colcon_core.package_identification:_identify(src/argo_drivers_pkgs/argj801_sensors) by extension 'ament_gradle'
[0.148s] Level 1:colcon.colcon_core.package_identification:_identify(src/argo_drivers_pkgs/argj801_sensors) by extensions ['ros']
[0.148s] Level 1:colcon.colcon_core.package_identification:_identify(src/argo_drivers_pkgs/argj801_sensors) by extension 'ros'
[0.148s] Level 1:colcon.colcon_core.package_identification:_identify(src/argo_drivers_pkgs/argj801_sensors) by extensions ['cmake', 'gradle', 'python']
[0.148s] Level 1:colcon.colcon_core.package_identification:_identify(src/argo_drivers_pkgs/argj801_sensors) by extension 'cmake'
[0.148s] Level 1:colcon.colcon_core.package_identification:_identify(src/argo_drivers_pkgs/argj801_sensors) by extension 'gradle'
[0.148s] Level 1:colcon.colcon_core.package_identification:_identify(src/argo_drivers_pkgs/argj801_sensors) by extension 'python'
[0.148s] Level 1:colcon.colcon_core.package_identification:_identify(src/argo_drivers_pkgs/argj801_sensors) by extensions ['python_setup_py']
[0.148s] Level 1:colcon.colcon_core.package_identification:_identify(src/argo_drivers_pkgs/argj801_sensors) by extension 'python_setup_py'
[0.148s] Level 1:colcon.colcon_core.package_identification:_identify(src/argo_drivers_pkgs/argj801_sensors/argj801_sensors) by extensions ['ignore', 'ignore_ament_install']
[0.148s] Level 1:colcon.colcon_core.package_identification:_identify(src/argo_drivers_pkgs/argj801_sensors/argj801_sensors) by extension 'ignore'
[0.148s] Level 1:colcon.colcon_core.package_identification:_identify(src/argo_drivers_pkgs/argj801_sensors/argj801_sensors) by extension 'ignore_ament_install'
[0.149s] Level 1:colcon.colcon_core.package_identification:_identify(src/argo_drivers_pkgs/argj801_sensors/argj801_sensors) by extensions ['colcon_pkg']
[0.149s] Level 1:colcon.colcon_core.package_identification:_identify(src/argo_drivers_pkgs/argj801_sensors/argj801_sensors) by extension 'colcon_pkg'
[0.149s] Level 1:colcon.colcon_core.package_identification:_identify(src/argo_drivers_pkgs/argj801_sensors/argj801_sensors) by extensions ['colcon_meta']
[0.149s] Level 1:colcon.colcon_core.package_identification:_identify(src/argo_drivers_pkgs/argj801_sensors/argj801_sensors) by extension 'colcon_meta'
[0.149s] Level 1:colcon.colcon_core.package_identification:_identify(src/argo_drivers_pkgs/argj801_sensors/argj801_sensors) by extensions ['ament_gradle']
[0.149s] Level 1:colcon.colcon_core.package_identification:_identify(src/argo_drivers_pkgs/argj801_sensors/argj801_sensors) by extension 'ament_gradle'
[0.149s] Level 1:colcon.colcon_core.package_identification:_identify(src/argo_drivers_pkgs/argj801_sensors/argj801_sensors) by extensions ['ros']
[0.149s] Level 1:colcon.colcon_core.package_identification:_identify(src/argo_drivers_pkgs/argj801_sensors/argj801_sensors) by extension 'ros'
[0.149s] DEBUG:colcon.colcon_core.package_identification:Package 'src/argo_drivers_pkgs/argj801_sensors/argj801_sensors' with type 'ros.ament_cmake' and name 'argj801_sensors'
[0.149s] Level 1:colcon.colcon_core.package_identification:_identify(src/argo_drivers_pkgs/argj801_sensors/argj801_sensors_msgs) by extensions ['ignore', 'ignore_ament_install']
[0.149s] Level 1:colcon.colcon_core.package_identification:_identify(src/argo_drivers_pkgs/argj801_sensors/argj801_sensors_msgs) by extension 'ignore'
[0.149s] Level 1:colcon.colcon_core.package_identification:_identify(src/argo_drivers_pkgs/argj801_sensors/argj801_sensors_msgs) by extension 'ignore_ament_install'
[0.149s] Level 1:colcon.colcon_core.package_identification:_identify(src/argo_drivers_pkgs/argj801_sensors/argj801_sensors_msgs) by extensions ['colcon_pkg']
[0.149s] Level 1:colcon.colcon_core.package_identification:_identify(src/argo_drivers_pkgs/argj801_sensors/argj801_sensors_msgs) by extension 'colcon_pkg'
[0.149s] Level 1:colcon.colcon_core.package_identification:_identify(src/argo_drivers_pkgs/argj801_sensors/argj801_sensors_msgs) by extensions ['colcon_meta']
[0.149s] Level 1:colcon.colcon_core.package_identification:_identify(src/argo_drivers_pkgs/argj801_sensors/argj801_sensors_msgs) by extension 'colcon_meta'
[0.150s] Level 1:colcon.colcon_core.package_identification:_identify(src/argo_drivers_pkgs/argj801_sensors/argj801_sensors_msgs) by extensions ['ament_gradle']
[0.150s] Level 1:colcon.colcon_core.package_identification:_identify(src/argo_drivers_pkgs/argj801_sensors/argj801_sensors_msgs) by extension 'ament_gradle'
[0.150s] Level 1:colcon.colcon_core.package_identification:_identify(src/argo_drivers_pkgs/argj801_sensors/argj801_sensors_msgs) by extensions ['ros']
[0.150s] Level 1:colcon.colcon_core.package_identification:_identify(src/argo_drivers_pkgs/argj801_sensors/argj801_sensors_msgs) by extension 'ros'
[0.150s] DEBUG:colcon.colcon_core.package_identification:Package 'src/argo_drivers_pkgs/argj801_sensors/argj801_sensors_msgs' with type 'ros.ament_cmake' and name 'argj801_sensors_msgs'
[0.150s] Level 1:colcon.colcon_core.package_identification:_identify(src/argo_drivers_pkgs/ntrip_client) by extensions ['ignore', 'ignore_ament_install']
[0.150s] Level 1:colcon.colcon_core.package_identification:_identify(src/argo_drivers_pkgs/ntrip_client) by extension 'ignore'
[0.150s] Level 1:colcon.colcon_core.package_identification:_identify(src/argo_drivers_pkgs/ntrip_client) by extension 'ignore_ament_install'
[0.150s] Level 1:colcon.colcon_core.package_identification:_identify(src/argo_drivers_pkgs/ntrip_client) by extensions ['colcon_pkg']
[0.150s] Level 1:colcon.colcon_core.package_identification:_identify(src/argo_drivers_pkgs/ntrip_client) by extension 'colcon_pkg'
[0.150s] Level 1:colcon.colcon_core.package_identification:_identify(src/argo_drivers_pkgs/ntrip_client) by extensions ['colcon_meta']
[0.150s] Level 1:colcon.colcon_core.package_identification:_identify(src/argo_drivers_pkgs/ntrip_client) by extension 'colcon_meta'
[0.150s] Level 1:colcon.colcon_core.package_identification:_identify(src/argo_drivers_pkgs/ntrip_client) by extensions ['ament_gradle']
[0.150s] Level 1:colcon.colcon_core.package_identification:_identify(src/argo_drivers_pkgs/ntrip_client) by extension 'ament_gradle'
[0.150s] Level 1:colcon.colcon_core.package_identification:_identify(src/argo_drivers_pkgs/ntrip_client) by extensions ['ros']
[0.150s] Level 1:colcon.colcon_core.package_identification:_identify(src/argo_drivers_pkgs/ntrip_client) by extension 'ros'
[0.151s] DEBUG:colcon.colcon_core.package_identification:Package 'src/argo_drivers_pkgs/ntrip_client' with type 'ros.ament_python' and name 'ntrip_client'
[0.151s] Level 1:colcon.colcon_core.package_identification:_identify(src/argo_drivers_pkgs/ublox) by extensions ['ignore', 'ignore_ament_install']
[0.151s] Level 1:colcon.colcon_core.package_identification:_identify(src/argo_drivers_pkgs/ublox) by extension 'ignore'
[0.151s] Level 1:colcon.colcon_core.package_identification:_identify(src/argo_drivers_pkgs/ublox) by extension 'ignore_ament_install'
[0.151s] Level 1:colcon.colcon_core.package_identification:_identify(src/argo_drivers_pkgs/ublox) by extensions ['colcon_pkg']
[0.151s] Level 1:colcon.colcon_core.package_identification:_identify(src/argo_drivers_pkgs/ublox) by extension 'colcon_pkg'
[0.151s] Level 1:colcon.colcon_core.package_identification:_identify(src/argo_drivers_pkgs/ublox) by extensions ['colcon_meta']
[0.151s] Level 1:colcon.colcon_core.package_identification:_identify(src/argo_drivers_pkgs/ublox) by extension 'colcon_meta'
[0.151s] Level 1:colcon.colcon_core.package_identification:_identify(src/argo_drivers_pkgs/ublox) by extensions ['ament_gradle']
[0.151s] Level 1:colcon.colcon_core.package_identification:_identify(src/argo_drivers_pkgs/ublox) by extension 'ament_gradle'
[0.151s] Level 1:colcon.colcon_core.package_identification:_identify(src/argo_drivers_pkgs/ublox) by extensions ['ros']
[0.151s] Level 1:colcon.colcon_core.package_identification:_identify(src/argo_drivers_pkgs/ublox) by extension 'ros'
[0.151s] Level 1:colcon.colcon_core.package_identification:_identify(src/argo_drivers_pkgs/ublox) by extensions ['cmake', 'gradle', 'python']
[0.151s] Level 1:colcon.colcon_core.package_identification:_identify(src/argo_drivers_pkgs/ublox) by extension 'cmake'
[0.151s] Level 1:colcon.colcon_core.package_identification:_identify(src/argo_drivers_pkgs/ublox) by extension 'gradle'
[0.151s] Level 1:colcon.colcon_core.package_identification:_identify(src/argo_drivers_pkgs/ublox) by extension 'python'
[0.151s] Level 1:colcon.colcon_core.package_identification:_identify(src/argo_drivers_pkgs/ublox) by extensions ['python_setup_py']
[0.151s] Level 1:colcon.colcon_core.package_identification:_identify(src/argo_drivers_pkgs/ublox) by extension 'python_setup_py'
[0.151s] Level 1:colcon.colcon_core.package_identification:_identify(src/argo_drivers_pkgs/ublox/ublox) by extensions ['ignore', 'ignore_ament_install']
[0.151s] Level 1:colcon.colcon_core.package_identification:_identify(src/argo_drivers_pkgs/ublox/ublox) by extension 'ignore'
[0.151s] Level 1:colcon.colcon_core.package_identification:_identify(src/argo_drivers_pkgs/ublox/ublox) by extension 'ignore_ament_install'
[0.151s] Level 1:colcon.colcon_core.package_identification:_identify(src/argo_drivers_pkgs/ublox/ublox) by extensions ['colcon_pkg']
[0.151s] Level 1:colcon.colcon_core.package_identification:_identify(src/argo_drivers_pkgs/ublox/ublox) by extension 'colcon_pkg'
[0.151s] Level 1:colcon.colcon_core.package_identification:_identify(src/argo_drivers_pkgs/ublox/ublox) by extensions ['colcon_meta']
[0.151s] Level 1:colcon.colcon_core.package_identification:_identify(src/argo_drivers_pkgs/ublox/ublox) by extension 'colcon_meta'
[0.151s] Level 1:colcon.colcon_core.package_identification:_identify(src/argo_drivers_pkgs/ublox/ublox) by extensions ['ament_gradle']
[0.151s] Level 1:colcon.colcon_core.package_identification:_identify(src/argo_drivers_pkgs/ublox/ublox) by extension 'ament_gradle'
[0.151s] Level 1:colcon.colcon_core.package_identification:_identify(src/argo_drivers_pkgs/ublox/ublox) by extensions ['ros']
[0.151s] Level 1:colcon.colcon_core.package_identification:_identify(src/argo_drivers_pkgs/ublox/ublox) by extension 'ros'
[0.152s] DEBUG:colcon.colcon_core.package_identification:Package 'src/argo_drivers_pkgs/ublox/ublox' with type 'ros.ament_cmake' and name 'ublox'
[0.152s] Level 1:colcon.colcon_core.package_identification:_identify(src/argo_drivers_pkgs/ublox/ublox_gps) by extensions ['ignore', 'ignore_ament_install']
[0.152s] Level 1:colcon.colcon_core.package_identification:_identify(src/argo_drivers_pkgs/ublox/ublox_gps) by extension 'ignore'
[0.152s] Level 1:colcon.colcon_core.package_identification:_identify(src/argo_drivers_pkgs/ublox/ublox_gps) by extension 'ignore_ament_install'
[0.152s] Level 1:colcon.colcon_core.package_identification:_identify(src/argo_drivers_pkgs/ublox/ublox_gps) by extensions ['colcon_pkg']
[0.152s] Level 1:colcon.colcon_core.package_identification:_identify(src/argo_drivers_pkgs/ublox/ublox_gps) by extension 'colcon_pkg'
[0.152s] Level 1:colcon.colcon_core.package_identification:_identify(src/argo_drivers_pkgs/ublox/ublox_gps) by extensions ['colcon_meta']
[0.152s] Level 1:colcon.colcon_core.package_identification:_identify(src/argo_drivers_pkgs/ublox/ublox_gps) by extension 'colcon_meta'
[0.152s] Level 1:colcon.colcon_core.package_identification:_identify(src/argo_drivers_pkgs/ublox/ublox_gps) by extensions ['ament_gradle']
[0.152s] Level 1:colcon.colcon_core.package_identification:_identify(src/argo_drivers_pkgs/ublox/ublox_gps) by extension 'ament_gradle'
[0.152s] Level 1:colcon.colcon_core.package_identification:_identify(src/argo_drivers_pkgs/ublox/ublox_gps) by extensions ['ros']
[0.152s] Level 1:colcon.colcon_core.package_identification:_identify(src/argo_drivers_pkgs/ublox/ublox_gps) by extension 'ros'
[0.153s] DEBUG:colcon.colcon_core.package_identification:Package 'src/argo_drivers_pkgs/ublox/ublox_gps' with type 'ros.ament_cmake' and name 'ublox_gps'
[0.153s] Level 1:colcon.colcon_core.package_identification:_identify(src/argo_drivers_pkgs/ublox/ublox_msgs) by extensions ['ignore', 'ignore_ament_install']
[0.153s] Level 1:colcon.colcon_core.package_identification:_identify(src/argo_drivers_pkgs/ublox/ublox_msgs) by extension 'ignore'
[0.153s] Level 1:colcon.colcon_core.package_identification:_identify(src/argo_drivers_pkgs/ublox/ublox_msgs) by extension 'ignore_ament_install'
[0.153s] Level 1:colcon.colcon_core.package_identification:_identify(src/argo_drivers_pkgs/ublox/ublox_msgs) by extensions ['colcon_pkg']
[0.153s] Level 1:colcon.colcon_core.package_identification:_identify(src/argo_drivers_pkgs/ublox/ublox_msgs) by extension 'colcon_pkg'
[0.153s] Level 1:colcon.colcon_core.package_identification:_identify(src/argo_drivers_pkgs/ublox/ublox_msgs) by extensions ['colcon_meta']
[0.153s] Level 1:colcon.colcon_core.package_identification:_identify(src/argo_drivers_pkgs/ublox/ublox_msgs) by extension 'colcon_meta'
[0.153s] Level 1:colcon.colcon_core.package_identification:_identify(src/argo_drivers_pkgs/ublox/ublox_msgs) by extensions ['ament_gradle']
[0.153s] Level 1:colcon.colcon_core.package_identification:_identify(src/argo_drivers_pkgs/ublox/ublox_msgs) by extension 'ament_gradle'
[0.153s] Level 1:colcon.colcon_core.package_identification:_identify(src/argo_drivers_pkgs/ublox/ublox_msgs) by extensions ['ros']
[0.153s] Level 1:colcon.colcon_core.package_identification:_identify(src/argo_drivers_pkgs/ublox/ublox_msgs) by extension 'ros'
[0.154s] DEBUG:colcon.colcon_core.package_identification:Package 'src/argo_drivers_pkgs/ublox/ublox_msgs' with type 'ros.ament_cmake' and name 'ublox_msgs'
[0.154s] Level 1:colcon.colcon_core.package_identification:_identify(src/argo_drivers_pkgs/ublox/ublox_serialization) by extensions ['ignore', 'ignore_ament_install']
[0.154s] Level 1:colcon.colcon_core.package_identification:_identify(src/argo_drivers_pkgs/ublox/ublox_serialization) by extension 'ignore'
[0.154s] Level 1:colcon.colcon_core.package_identification:_identify(src/argo_drivers_pkgs/ublox/ublox_serialization) by extension 'ignore_ament_install'
[0.154s] Level 1:colcon.colcon_core.package_identification:_identify(src/argo_drivers_pkgs/ublox/ublox_serialization) by extensions ['colcon_pkg']
[0.154s] Level 1:colcon.colcon_core.package_identification:_identify(src/argo_drivers_pkgs/ublox/ublox_serialization) by extension 'colcon_pkg'
[0.154s] Level 1:colcon.colcon_core.package_identification:_identify(src/argo_drivers_pkgs/ublox/ublox_serialization) by extensions ['colcon_meta']
[0.154s] Level 1:colcon.colcon_core.package_identification:_identify(src/argo_drivers_pkgs/ublox/ublox_serialization) by extension 'colcon_meta'
[0.154s] Level 1:colcon.colcon_core.package_identification:_identify(src/argo_drivers_pkgs/ublox/ublox_serialization) by extensions ['ament_gradle']
[0.154s] Level 1:colcon.colcon_core.package_identification:_identify(src/argo_drivers_pkgs/ublox/ublox_serialization) by extension 'ament_gradle'
[0.154s] Level 1:colcon.colcon_core.package_identification:_identify(src/argo_drivers_pkgs/ublox/ublox_serialization) by extensions ['ros']
[0.154s] Level 1:colcon.colcon_core.package_identification:_identify(src/argo_drivers_pkgs/ublox/ublox_serialization) by extension 'ros'
[0.155s] DEBUG:colcon.colcon_core.package_identification:Package 'src/argo_drivers_pkgs/ublox/ublox_serialization' with type 'ros.ament_cmake' and name 'ublox_serialization'
[0.155s] Level 1:colcon.colcon_core.package_identification:_identify(src/car_cpp) by extensions ['ignore', 'ignore_ament_install']
[0.155s] Level 1:colcon.colcon_core.package_identification:_identify(src/car_cpp) by extension 'ignore'
[0.155s] Level 1:colcon.colcon_core.package_identification:_identify(src/car_cpp) by extension 'ignore_ament_install'
[0.155s] Level 1:colcon.colcon_core.package_identification:_identify(src/car_cpp) by extensions ['colcon_pkg']
[0.155s] Level 1:colcon.colcon_core.package_identification:_identify(src/car_cpp) by extension 'colcon_pkg'
[0.155s] Level 1:colcon.colcon_core.package_identification:_identify(src/car_cpp) by extensions ['colcon_meta']
[0.155s] Level 1:colcon.colcon_core.package_identification:_identify(src/car_cpp) by extension 'colcon_meta'
[0.155s] Level 1:colcon.colcon_core.package_identification:_identify(src/car_cpp) by extensions ['ament_gradle']
[0.155s] Level 1:colcon.colcon_core.package_identification:_identify(src/car_cpp) by extension 'ament_gradle'
[0.155s] Level 1:colcon.colcon_core.package_identification:_identify(src/car_cpp) by extensions ['ros']
[0.155s] Level 1:colcon.colcon_core.package_identification:_identify(src/car_cpp) by extension 'ros'
[0.156s] DEBUG:colcon.colcon_core.package_identification:Package 'src/car_cpp' with type 'ros.ament_cmake' and name 'car_cpp'
[0.156s] Level 1:colcon.colcon_core.package_identification:_identify(src/car_interfaces) by extensions ['ignore', 'ignore_ament_install']
[0.156s] Level 1:colcon.colcon_core.package_identification:_identify(src/car_interfaces) by extension 'ignore'
[0.156s] Level 1:colcon.colcon_core.package_identification:_identify(src/car_interfaces) by extension 'ignore_ament_install'
[0.156s] Level 1:colcon.colcon_core.package_identification:_identify(src/car_interfaces) by extensions ['colcon_pkg']
[0.156s] Level 1:colcon.colcon_core.package_identification:_identify(src/car_interfaces) by extension 'colcon_pkg'
[0.156s] Level 1:colcon.colcon_core.package_identification:_identify(src/car_interfaces) by extensions ['colcon_meta']
[0.156s] Level 1:colcon.colcon_core.package_identification:_identify(src/car_interfaces) by extension 'colcon_meta'
[0.156s] Level 1:colcon.colcon_core.package_identification:_identify(src/car_interfaces) by extensions ['ament_gradle']
[0.156s] Level 1:colcon.colcon_core.package_identification:_identify(src/car_interfaces) by extension 'ament_gradle'
[0.156s] Level 1:colcon.colcon_core.package_identification:_identify(src/car_interfaces) by extensions ['ros']
[0.156s] Level 1:colcon.colcon_core.package_identification:_identify(src/car_interfaces) by extension 'ros'
[0.156s] DEBUG:colcon.colcon_core.package_identification:Package 'src/car_interfaces' with type 'ros.ament_cmake' and name 'car_interfaces'
[0.156s] Level 1:colcon.colcon_core.package_identification:_identify(src/car_python) by extensions ['ignore', 'ignore_ament_install']
[0.156s] Level 1:colcon.colcon_core.package_identification:_identify(src/car_python) by extension 'ignore'
[0.156s] Level 1:colcon.colcon_core.package_identification:_identify(src/car_python) by extension 'ignore_ament_install'
[0.156s] Level 1:colcon.colcon_core.package_identification:_identify(src/car_python) by extensions ['colcon_pkg']
[0.157s] Level 1:colcon.colcon_core.package_identification:_identify(src/car_python) by extension 'colcon_pkg'
[0.157s] Level 1:colcon.colcon_core.package_identification:_identify(src/car_python) by extensions ['colcon_meta']
[0.157s] Level 1:colcon.colcon_core.package_identification:_identify(src/car_python) by extension 'colcon_meta'
[0.157s] Level 1:colcon.colcon_core.package_identification:_identify(src/car_python) by extensions ['ament_gradle']
[0.157s] Level 1:colcon.colcon_core.package_identification:_identify(src/car_python) by extension 'ament_gradle'
[0.157s] Level 1:colcon.colcon_core.package_identification:_identify(src/car_python) by extensions ['ros']
[0.157s] Level 1:colcon.colcon_core.package_identification:_identify(src/car_python) by extension 'ros'
[0.158s] DEBUG:colcon.colcon_core.package_identification:Package 'src/car_python' with type 'ros.ament_python' and name 'car'
[0.158s] Level 1:colcon.colcon_core.package_identification:_identify(src/ctl_mission) by extensions ['ignore', 'ignore_ament_install']
[0.158s] Level 1:colcon.colcon_core.package_identification:_identify(src/ctl_mission) by extension 'ignore'
[0.158s] Level 1:colcon.colcon_core.package_identification:_identify(src/ctl_mission) by extension 'ignore_ament_install'
[0.158s] Level 1:colcon.colcon_core.package_identification:_identify(src/ctl_mission) by extensions ['colcon_pkg']
[0.158s] Level 1:colcon.colcon_core.package_identification:_identify(src/ctl_mission) by extension 'colcon_pkg'
[0.158s] Level 1:colcon.colcon_core.package_identification:_identify(src/ctl_mission) by extensions ['colcon_meta']
[0.158s] Level 1:colcon.colcon_core.package_identification:_identify(src/ctl_mission) by extension 'colcon_meta'
[0.158s] Level 1:colcon.colcon_core.package_identification:_identify(src/ctl_mission) by extensions ['ament_gradle']
[0.158s] Level 1:colcon.colcon_core.package_identification:_identify(src/ctl_mission) by extension 'ament_gradle'
[0.158s] Level 1:colcon.colcon_core.package_identification:_identify(src/ctl_mission) by extensions ['ros']
[0.158s] Level 1:colcon.colcon_core.package_identification:_identify(src/ctl_mission) by extension 'ros'
[0.158s] Level 1:colcon.colcon_core.package_identification:_identify(src/ctl_mission) by extensions ['cmake', 'gradle', 'python']
[0.159s] Level 1:colcon.colcon_core.package_identification:_identify(src/ctl_mission) by extension 'cmake'
[0.159s] Level 1:colcon.colcon_core.package_identification:_identify(src/ctl_mission) by extension 'gradle'
[0.159s] Level 1:colcon.colcon_core.package_identification:_identify(src/ctl_mission) by extension 'python'
[0.159s] Level 1:colcon.colcon_core.package_identification:_identify(src/ctl_mission) by extensions ['python_setup_py']
[0.159s] Level 1:colcon.colcon_core.package_identification:_identify(src/ctl_mission) by extension 'python_setup_py'
[0.159s] Level 1:colcon.colcon_core.package_identification:_identify(src/ctl_mission/ctl_mission) by extensions ['ignore', 'ignore_ament_install']
[0.159s] Level 1:colcon.colcon_core.package_identification:_identify(src/ctl_mission/ctl_mission) by extension 'ignore'
[0.159s] Level 1:colcon.colcon_core.package_identification:_identify(src/ctl_mission/ctl_mission) by extension 'ignore_ament_install'
[0.159s] Level 1:colcon.colcon_core.package_identification:_identify(src/ctl_mission/ctl_mission) by extensions ['colcon_pkg']
[0.159s] Level 1:colcon.colcon_core.package_identification:_identify(src/ctl_mission/ctl_mission) by extension 'colcon_pkg'
[0.159s] Level 1:colcon.colcon_core.package_identification:_identify(src/ctl_mission/ctl_mission) by extensions ['colcon_meta']
[0.159s] Level 1:colcon.colcon_core.package_identification:_identify(src/ctl_mission/ctl_mission) by extension 'colcon_meta'
[0.159s] Level 1:colcon.colcon_core.package_identification:_identify(src/ctl_mission/ctl_mission) by extensions ['ament_gradle']
[0.159s] Level 1:colcon.colcon_core.package_identification:_identify(src/ctl_mission/ctl_mission) by extension 'ament_gradle'
[0.159s] Level 1:colcon.colcon_core.package_identification:_identify(src/ctl_mission/ctl_mission) by extensions ['ros']
[0.159s] Level 1:colcon.colcon_core.package_identification:_identify(src/ctl_mission/ctl_mission) by extension 'ros'
[0.160s] DEBUG:colcon.colcon_core.package_identification:Package 'src/ctl_mission/ctl_mission' with type 'ros.ament_cmake' and name 'ctl_mission'
[0.160s] Level 1:colcon.colcon_core.package_identification:_identify(src/ctl_mission/ctl_mission_interfaces) by extensions ['ignore', 'ignore_ament_install']
[0.160s] Level 1:colcon.colcon_core.package_identification:_identify(src/ctl_mission/ctl_mission_interfaces) by extension 'ignore'
[0.160s] Level 1:colcon.colcon_core.package_identification:_identify(src/ctl_mission/ctl_mission_interfaces) by extension 'ignore_ament_install'
[0.160s] Level 1:colcon.colcon_core.package_identification:_identify(src/ctl_mission/ctl_mission_interfaces) by extensions ['colcon_pkg']
[0.160s] Level 1:colcon.colcon_core.package_identification:_identify(src/ctl_mission/ctl_mission_interfaces) by extension 'colcon_pkg'
[0.160s] Level 1:colcon.colcon_core.package_identification:_identify(src/ctl_mission/ctl_mission_interfaces) by extensions ['colcon_meta']
[0.160s] Level 1:colcon.colcon_core.package_identification:_identify(src/ctl_mission/ctl_mission_interfaces) by extension 'colcon_meta'
[0.160s] Level 1:colcon.colcon_core.package_identification:_identify(src/ctl_mission/ctl_mission_interfaces) by extensions ['ament_gradle']
[0.160s] Level 1:colcon.colcon_core.package_identification:_identify(src/ctl_mission/ctl_mission_interfaces) by extension 'ament_gradle'
[0.160s] Level 1:colcon.colcon_core.package_identification:_identify(src/ctl_mission/ctl_mission_interfaces) by extensions ['ros']
[0.160s] Level 1:colcon.colcon_core.package_identification:_identify(src/ctl_mission/ctl_mission_interfaces) by extension 'ros'
[0.160s] DEBUG:colcon.colcon_core.package_identification:Package 'src/ctl_mission/ctl_mission_interfaces' with type 'ros.ament_cmake' and name 'ctl_mission_interfaces'
[0.161s] Level 1:colcon.colcon_core.package_identification:_identify(src/ctl_mission/images) by extensions ['ignore', 'ignore_ament_install']
[0.161s] Level 1:colcon.colcon_core.package_identification:_identify(src/ctl_mission/images) by extension 'ignore'
[0.161s] Level 1:colcon.colcon_core.package_identification:_identify(src/ctl_mission/images) by extension 'ignore_ament_install'
[0.161s] Level 1:colcon.colcon_core.package_identification:_identify(src/ctl_mission/images) by extensions ['colcon_pkg']
[0.161s] Level 1:colcon.colcon_core.package_identification:_identify(src/ctl_mission/images) by extension 'colcon_pkg'
[0.161s] Level 1:colcon.colcon_core.package_identification:_identify(src/ctl_mission/images) by extensions ['colcon_meta']
[0.161s] Level 1:colcon.colcon_core.package_identification:_identify(src/ctl_mission/images) by extension 'colcon_meta'
[0.161s] Level 1:colcon.colcon_core.package_identification:_identify(src/ctl_mission/images) by extensions ['ament_gradle']
[0.161s] Level 1:colcon.colcon_core.package_identification:_identify(src/ctl_mission/images) by extension 'ament_gradle'
[0.161s] Level 1:colcon.colcon_core.package_identification:_identify(src/ctl_mission/images) by extensions ['ros']
[0.161s] Level 1:colcon.colcon_core.package_identification:_identify(src/ctl_mission/images) by extension 'ros'
[0.161s] Level 1:colcon.colcon_core.package_identification:_identify(src/ctl_mission/images) by extensions ['cmake', 'gradle', 'python']
[0.161s] Level 1:colcon.colcon_core.package_identification:_identify(src/ctl_mission/images) by extension 'cmake'
[0.161s] Level 1:colcon.colcon_core.package_identification:_identify(src/ctl_mission/images) by extension 'gradle'
[0.161s] Level 1:colcon.colcon_core.package_identification:_identify(src/ctl_mission/images) by extension 'python'
[0.161s] Level 1:colcon.colcon_core.package_identification:_identify(src/ctl_mission/images) by extensions ['python_setup_py']
[0.161s] Level 1:colcon.colcon_core.package_identification:_identify(src/ctl_mission/images) by extension 'python_setup_py'
[0.161s] Level 1:colcon.colcon_core.package_identification:_identify(src/gazebo_sim_pkgs) by extensions ['ignore', 'ignore_ament_install']
[0.161s] Level 1:colcon.colcon_core.package_identification:_identify(src/gazebo_sim_pkgs) by extension 'ignore'
[0.161s] Level 1:colcon.colcon_core.package_identification:_identify(src/gazebo_sim_pkgs) by extension 'ignore_ament_install'
[0.161s] Level 1:colcon.colcon_core.package_identification:_identify(src/gazebo_sim_pkgs) by extensions ['colcon_pkg']
[0.161s] Level 1:colcon.colcon_core.package_identification:_identify(src/gazebo_sim_pkgs) by extension 'colcon_pkg'
[0.161s] Level 1:colcon.colcon_core.package_identification:_identify(src/gazebo_sim_pkgs) by extensions ['colcon_meta']
[0.161s] Level 1:colcon.colcon_core.package_identification:_identify(src/gazebo_sim_pkgs) by extension 'colcon_meta'
[0.161s] Level 1:colcon.colcon_core.package_identification:_identify(src/gazebo_sim_pkgs) by extensions ['ament_gradle']
[0.161s] Level 1:colcon.colcon_core.package_identification:_identify(src/gazebo_sim_pkgs) by extension 'ament_gradle'
[0.161s] Level 1:colcon.colcon_core.package_identification:_identify(src/gazebo_sim_pkgs) by extensions ['ros']
[0.161s] Level 1:colcon.colcon_core.package_identification:_identify(src/gazebo_sim_pkgs) by extension 'ros'
[0.161s] Level 1:colcon.colcon_core.package_identification:_identify(src/gazebo_sim_pkgs) by extensions ['cmake', 'gradle', 'python']
[0.161s] Level 1:colcon.colcon_core.package_identification:_identify(src/gazebo_sim_pkgs) by extension 'cmake'
[0.161s] Level 1:colcon.colcon_core.package_identification:_identify(src/gazebo_sim_pkgs) by extension 'gradle'
[0.161s] Level 1:colcon.colcon_core.package_identification:_identify(src/gazebo_sim_pkgs) by extension 'python'
[0.161s] Level 1:colcon.colcon_core.package_identification:_identify(src/gazebo_sim_pkgs) by extensions ['python_setup_py']
[0.161s] Level 1:colcon.colcon_core.package_identification:_identify(src/gazebo_sim_pkgs) by extension 'python_setup_py'
[0.161s] Level 1:colcon.colcon_core.package_identification:_identify(src/gazebo_sim_pkgs/fix_position_pkg) by extensions ['ignore', 'ignore_ament_install']
[0.161s] Level 1:colcon.colcon_core.package_identification:_identify(src/gazebo_sim_pkgs/fix_position_pkg) by extension 'ignore'
[0.161s] Level 1:colcon.colcon_core.package_identification:_identify(src/gazebo_sim_pkgs/fix_position_pkg) by extension 'ignore_ament_install'
[0.161s] Level 1:colcon.colcon_core.package_identification:_identify(src/gazebo_sim_pkgs/fix_position_pkg) by extensions ['colcon_pkg']
[0.162s] Level 1:colcon.colcon_core.package_identification:_identify(src/gazebo_sim_pkgs/fix_position_pkg) by extension 'colcon_pkg'
[0.162s] Level 1:colcon.colcon_core.package_identification:_identify(src/gazebo_sim_pkgs/fix_position_pkg) by extensions ['colcon_meta']
[0.162s] Level 1:colcon.colcon_core.package_identification:_identify(src/gazebo_sim_pkgs/fix_position_pkg) by extension 'colcon_meta'
[0.162s] Level 1:colcon.colcon_core.package_identification:_identify(src/gazebo_sim_pkgs/fix_position_pkg) by extensions ['ament_gradle']
[0.162s] Level 1:colcon.colcon_core.package_identification:_identify(src/gazebo_sim_pkgs/fix_position_pkg) by extension 'ament_gradle'
[0.162s] Level 1:colcon.colcon_core.package_identification:_identify(src/gazebo_sim_pkgs/fix_position_pkg) by extensions ['ros']
[0.162s] Level 1:colcon.colcon_core.package_identification:_identify(src/gazebo_sim_pkgs/fix_position_pkg) by extension 'ros'
[0.163s] DEBUG:colcon.colcon_core.package_identification:Package 'src/gazebo_sim_pkgs/fix_position_pkg' with type 'ros.ament_cmake' and name 'fixposition_sensor_pkg'
[0.163s] Level 1:colcon.colcon_core.package_identification:_identify(src/gazebo_sim_pkgs/j8_xacro_model) by extensions ['ignore', 'ignore_ament_install']
[0.163s] Level 1:colcon.colcon_core.package_identification:_identify(src/gazebo_sim_pkgs/j8_xacro_model) by extension 'ignore'
[0.163s] Level 1:colcon.colcon_core.package_identification:_identify(src/gazebo_sim_pkgs/j8_xacro_model) by extension 'ignore_ament_install'
[0.163s] Level 1:colcon.colcon_core.package_identification:_identify(src/gazebo_sim_pkgs/j8_xacro_model) by extensions ['colcon_pkg']
[0.163s] Level 1:colcon.colcon_core.package_identification:_identify(src/gazebo_sim_pkgs/j8_xacro_model) by extension 'colcon_pkg'
[0.163s] Level 1:colcon.colcon_core.package_identification:_identify(src/gazebo_sim_pkgs/j8_xacro_model) by extensions ['colcon_meta']
[0.163s] Level 1:colcon.colcon_core.package_identification:_identify(src/gazebo_sim_pkgs/j8_xacro_model) by extension 'colcon_meta'
[0.163s] Level 1:colcon.colcon_core.package_identification:_identify(src/gazebo_sim_pkgs/j8_xacro_model) by extensions ['ament_gradle']
[0.163s] Level 1:colcon.colcon_core.package_identification:_identify(src/gazebo_sim_pkgs/j8_xacro_model) by extension 'ament_gradle'
[0.163s] Level 1:colcon.colcon_core.package_identification:_identify(src/gazebo_sim_pkgs/j8_xacro_model) by extensions ['ros']
[0.163s] Level 1:colcon.colcon_core.package_identification:_identify(src/gazebo_sim_pkgs/j8_xacro_model) by extension 'ros'
[0.164s] DEBUG:colcon.colcon_core.package_identification:Package 'src/gazebo_sim_pkgs/j8_xacro_model' with type 'ros.ament_cmake' and name 'j8_xacro_model'
[0.164s] Level 1:colcon.colcon_core.package_identification:_identify(src/hector_gazebo) by extensions ['ignore', 'ignore_ament_install']
[0.164s] Level 1:colcon.colcon_core.package_identification:_identify(src/hector_gazebo) by extension 'ignore'
[0.164s] Level 1:colcon.colcon_core.package_identification:_identify(src/hector_gazebo) by extension 'ignore_ament_install'
[0.164s] Level 1:colcon.colcon_core.package_identification:_identify(src/hector_gazebo) by extensions ['colcon_pkg']
[0.164s] Level 1:colcon.colcon_core.package_identification:_identify(src/hector_gazebo) by extension 'colcon_pkg'
[0.164s] Level 1:colcon.colcon_core.package_identification:_identify(src/hector_gazebo) by extensions ['colcon_meta']
[0.164s] Level 1:colcon.colcon_core.package_identification:_identify(src/hector_gazebo) by extension 'colcon_meta'
[0.164s] Level 1:colcon.colcon_core.package_identification:_identify(src/hector_gazebo) by extensions ['ament_gradle']
[0.164s] Level 1:colcon.colcon_core.package_identification:_identify(src/hector_gazebo) by extension 'ament_gradle'
[0.164s] Level 1:colcon.colcon_core.package_identification:_identify(src/hector_gazebo) by extensions ['ros']
[0.164s] Level 1:colcon.colcon_core.package_identification:_identify(src/hector_gazebo) by extension 'ros'
[0.164s] DEBUG:colcon.colcon_core.package_identification:Package 'src/hector_gazebo' with type 'ros.ament_cmake' and name 'hector_gazebo_plugins'
[0.165s] Level 1:colcon.colcon_core.package_identification:_identify(src/j8_joystick) by extensions ['ignore', 'ignore_ament_install']
[0.165s] Level 1:colcon.colcon_core.package_identification:_identify(src/j8_joystick) by extension 'ignore'
[0.165s] Level 1:colcon.colcon_core.package_identification:_identify(src/j8_joystick) by extension 'ignore_ament_install'
[0.165s] Level 1:colcon.colcon_core.package_identification:_identify(src/j8_joystick) by extensions ['colcon_pkg']
[0.165s] Level 1:colcon.colcon_core.package_identification:_identify(src/j8_joystick) by extension 'colcon_pkg'
[0.165s] Level 1:colcon.colcon_core.package_identification:_identify(src/j8_joystick) by extensions ['colcon_meta']
[0.165s] Level 1:colcon.colcon_core.package_identification:_identify(src/j8_joystick) by extension 'colcon_meta'
[0.165s] Level 1:colcon.colcon_core.package_identification:_identify(src/j8_joystick) by extensions ['ament_gradle']
[0.165s] Level 1:colcon.colcon_core.package_identification:_identify(src/j8_joystick) by extension 'ament_gradle'
[0.165s] Level 1:colcon.colcon_core.package_identification:_identify(src/j8_joystick) by extensions ['ros']
[0.165s] Level 1:colcon.colcon_core.package_identification:_identify(src/j8_joystick) by extension 'ros'
[0.165s] Level 1:colcon.colcon_core.package_identification:_identify(src/j8_joystick) by extensions ['cmake', 'gradle', 'python']
[0.165s] Level 1:colcon.colcon_core.package_identification:_identify(src/j8_joystick) by extension 'cmake'
[0.165s] Level 1:colcon.colcon_core.package_identification:_identify(src/j8_joystick) by extension 'gradle'
[0.165s] Level 1:colcon.colcon_core.package_identification:_identify(src/j8_joystick) by extension 'python'
[0.165s] Level 1:colcon.colcon_core.package_identification:_identify(src/j8_joystick) by extensions ['python_setup_py']
[0.165s] Level 1:colcon.colcon_core.package_identification:_identify(src/j8_joystick) by extension 'python_setup_py'
[0.165s] Level 1:colcon.colcon_core.package_identification:_identify(src/j8_joystick/joy) by extensions ['ignore', 'ignore_ament_install']
[0.165s] Level 1:colcon.colcon_core.package_identification:_identify(src/j8_joystick/joy) by extension 'ignore'
[0.165s] Level 1:colcon.colcon_core.package_identification:_identify(src/j8_joystick/joy) by extension 'ignore_ament_install'
[0.165s] Level 1:colcon.colcon_core.package_identification:_identify(src/j8_joystick/joy) by extensions ['colcon_pkg']
[0.165s] Level 1:colcon.colcon_core.package_identification:_identify(src/j8_joystick/joy) by extension 'colcon_pkg'
[0.165s] Level 1:colcon.colcon_core.package_identification:_identify(src/j8_joystick/joy) by extensions ['colcon_meta']
[0.165s] Level 1:colcon.colcon_core.package_identification:_identify(src/j8_joystick/joy) by extension 'colcon_meta'
[0.165s] Level 1:colcon.colcon_core.package_identification:_identify(src/j8_joystick/joy) by extensions ['ament_gradle']
[0.165s] Level 1:colcon.colcon_core.package_identification:_identify(src/j8_joystick/joy) by extension 'ament_gradle'
[0.165s] Level 1:colcon.colcon_core.package_identification:_identify(src/j8_joystick/joy) by extensions ['ros']
[0.165s] Level 1:colcon.colcon_core.package_identification:_identify(src/j8_joystick/joy) by extension 'ros'
[0.166s] DEBUG:colcon.colcon_core.package_identification:Package 'src/j8_joystick/joy' with type 'ros.ament_cmake' and name 'joy'
[0.166s] Level 1:colcon.colcon_core.package_identification:_identify(src/j8_joystick/joy_linux) by extensions ['ignore', 'ignore_ament_install']
[0.166s] Level 1:colcon.colcon_core.package_identification:_identify(src/j8_joystick/joy_linux) by extension 'ignore'
[0.166s] Level 1:colcon.colcon_core.package_identification:_identify(src/j8_joystick/joy_linux) by extension 'ignore_ament_install'
[0.166s] Level 1:colcon.colcon_core.package_identification:_identify(src/j8_joystick/joy_linux) by extensions ['colcon_pkg']
[0.166s] Level 1:colcon.colcon_core.package_identification:_identify(src/j8_joystick/joy_linux) by extension 'colcon_pkg'
[0.166s] Level 1:colcon.colcon_core.package_identification:_identify(src/j8_joystick/joy_linux) by extensions ['colcon_meta']
[0.166s] Level 1:colcon.colcon_core.package_identification:_identify(src/j8_joystick/joy_linux) by extension 'colcon_meta'
[0.166s] Level 1:colcon.colcon_core.package_identification:_identify(src/j8_joystick/joy_linux) by extensions ['ament_gradle']
[0.166s] Level 1:colcon.colcon_core.package_identification:_identify(src/j8_joystick/joy_linux) by extension 'ament_gradle'
[0.166s] Level 1:colcon.colcon_core.package_identification:_identify(src/j8_joystick/joy_linux) by extensions ['ros']
[0.166s] Level 1:colcon.colcon_core.package_identification:_identify(src/j8_joystick/joy_linux) by extension 'ros'
[0.167s] DEBUG:colcon.colcon_core.package_identification:Package 'src/j8_joystick/joy_linux' with type 'ros.ament_cmake' and name 'joy_linux'
[0.167s] Level 1:colcon.colcon_core.package_identification:_identify(src/j8_joystick/joystick_drivers) by extensions ['ignore', 'ignore_ament_install']
[0.167s] Level 1:colcon.colcon_core.package_identification:_identify(src/j8_joystick/joystick_drivers) by extension 'ignore'
[0.167s] Level 1:colcon.colcon_core.package_identification:_identify(src/j8_joystick/joystick_drivers) by extension 'ignore_ament_install'
[0.167s] Level 1:colcon.colcon_core.package_identification:_identify(src/j8_joystick/joystick_drivers) by extensions ['colcon_pkg']
[0.167s] Level 1:colcon.colcon_core.package_identification:_identify(src/j8_joystick/joystick_drivers) by extension 'colcon_pkg'
[0.167s] Level 1:colcon.colcon_core.package_identification:_identify(src/j8_joystick/joystick_drivers) by extensions ['colcon_meta']
[0.167s] Level 1:colcon.colcon_core.package_identification:_identify(src/j8_joystick/joystick_drivers) by extension 'colcon_meta'
[0.167s] Level 1:colcon.colcon_core.package_identification:_identify(src/j8_joystick/joystick_drivers) by extensions ['ament_gradle']
[0.167s] Level 1:colcon.colcon_core.package_identification:_identify(src/j8_joystick/joystick_drivers) by extension 'ament_gradle'
[0.167s] Level 1:colcon.colcon_core.package_identification:_identify(src/j8_joystick/joystick_drivers) by extensions ['ros']
[0.167s] Level 1:colcon.colcon_core.package_identification:_identify(src/j8_joystick/joystick_drivers) by extension 'ros'
[0.167s] Level 1:colcon.colcon_core.package_identification:_identify(src/j8_joystick/joystick_drivers) ignored
[0.167s] Level 1:colcon.colcon_core.package_identification:_identify(src/j8_joystick/ps3joy) by extensions ['ignore', 'ignore_ament_install']
[0.167s] Level 1:colcon.colcon_core.package_identification:_identify(src/j8_joystick/ps3joy) by extension 'ignore'
[0.167s] Level 1:colcon.colcon_core.package_identification:_identify(src/j8_joystick/ps3joy) by extension 'ignore_ament_install'
[0.167s] Level 1:colcon.colcon_core.package_identification:_identify(src/j8_joystick/ps3joy) by extensions ['colcon_pkg']
[0.167s] Level 1:colcon.colcon_core.package_identification:_identify(src/j8_joystick/ps3joy) by extension 'colcon_pkg'
[0.167s] Level 1:colcon.colcon_core.package_identification:_identify(src/j8_joystick/ps3joy) by extensions ['colcon_meta']
[0.167s] Level 1:colcon.colcon_core.package_identification:_identify(src/j8_joystick/ps3joy) by extension 'colcon_meta'
[0.167s] Level 1:colcon.colcon_core.package_identification:_identify(src/j8_joystick/ps3joy) by extensions ['ament_gradle']
[0.167s] Level 1:colcon.colcon_core.package_identification:_identify(src/j8_joystick/ps3joy) by extension 'ament_gradle'
[0.167s] Level 1:colcon.colcon_core.package_identification:_identify(src/j8_joystick/ps3joy) by extensions ['ros']
[0.167s] Level 1:colcon.colcon_core.package_identification:_identify(src/j8_joystick/ps3joy) by extension 'ros'
[0.167s] Level 1:colcon.colcon_core.package_identification:_identify(src/j8_joystick/ps3joy) ignored
[0.167s] Level 1:colcon.colcon_core.package_identification:_identify(src/j8_joystick/sdl2_vendor) by extensions ['ignore', 'ignore_ament_install']
[0.168s] Level 1:colcon.colcon_core.package_identification:_identify(src/j8_joystick/sdl2_vendor) by extension 'ignore'
[0.168s] Level 1:colcon.colcon_core.package_identification:_identify(src/j8_joystick/sdl2_vendor) by extension 'ignore_ament_install'
[0.168s] Level 1:colcon.colcon_core.package_identification:_identify(src/j8_joystick/sdl2_vendor) by extensions ['colcon_pkg']
[0.168s] Level 1:colcon.colcon_core.package_identification:_identify(src/j8_joystick/sdl2_vendor) by extension 'colcon_pkg'
[0.168s] Level 1:colcon.colcon_core.package_identification:_identify(src/j8_joystick/sdl2_vendor) by extensions ['colcon_meta']
[0.168s] Level 1:colcon.colcon_core.package_identification:_identify(src/j8_joystick/sdl2_vendor) by extension 'colcon_meta'
[0.168s] Level 1:colcon.colcon_core.package_identification:_identify(src/j8_joystick/sdl2_vendor) by extensions ['ament_gradle']
[0.168s] Level 1:colcon.colcon_core.package_identification:_identify(src/j8_joystick/sdl2_vendor) by extension 'ament_gradle'
[0.168s] Level 1:colcon.colcon_core.package_identification:_identify(src/j8_joystick/sdl2_vendor) by extensions ['ros']
[0.168s] Level 1:colcon.colcon_core.package_identification:_identify(src/j8_joystick/sdl2_vendor) by extension 'ros'
[0.168s] DEBUG:colcon.colcon_core.package_identification:Package 'src/j8_joystick/sdl2_vendor' with type 'ros.ament_cmake' and name 'sdl2_vendor'
[0.168s] Level 1:colcon.colcon_core.package_identification:_identify(src/j8_joystick/spacenav) by extensions ['ignore', 'ignore_ament_install']
[0.168s] Level 1:colcon.colcon_core.package_identification:_identify(src/j8_joystick/spacenav) by extension 'ignore'
[0.168s] Level 1:colcon.colcon_core.package_identification:_identify(src/j8_joystick/spacenav) by extension 'ignore_ament_install'
[0.168s] Level 1:colcon.colcon_core.package_identification:_identify(src/j8_joystick/spacenav) by extensions ['colcon_pkg']
[0.168s] Level 1:colcon.colcon_core.package_identification:_identify(src/j8_joystick/spacenav) by extension 'colcon_pkg'
[0.168s] Level 1:colcon.colcon_core.package_identification:_identify(src/j8_joystick/spacenav) by extensions ['colcon_meta']
[0.169s] Level 1:colcon.colcon_core.package_identification:_identify(src/j8_joystick/spacenav) by extension 'colcon_meta'
[0.169s] Level 1:colcon.colcon_core.package_identification:_identify(src/j8_joystick/spacenav) by extensions ['ament_gradle']
[0.169s] Level 1:colcon.colcon_core.package_identification:_identify(src/j8_joystick/spacenav) by extension 'ament_gradle'
[0.169s] Level 1:colcon.colcon_core.package_identification:_identify(src/j8_joystick/spacenav) by extensions ['ros']
[0.169s] Level 1:colcon.colcon_core.package_identification:_identify(src/j8_joystick/spacenav) by extension 'ros'
[0.169s] DEBUG:colcon.colcon_core.package_identification:Package 'src/j8_joystick/spacenav' with type 'ros.ament_cmake' and name 'spacenav'
[0.169s] Level 1:colcon.colcon_core.package_identification:_identify(src/j8_joystick/wiimote_msgs) by extensions ['ignore', 'ignore_ament_install']
[0.169s] Level 1:colcon.colcon_core.package_identification:_identify(src/j8_joystick/wiimote_msgs) by extension 'ignore'
[0.169s] Level 1:colcon.colcon_core.package_identification:_identify(src/j8_joystick/wiimote_msgs) by extension 'ignore_ament_install'
[0.169s] Level 1:colcon.colcon_core.package_identification:_identify(src/j8_joystick/wiimote_msgs) by extensions ['colcon_pkg']
[0.169s] Level 1:colcon.colcon_core.package_identification:_identify(src/j8_joystick/wiimote_msgs) by extension 'colcon_pkg'
[0.169s] Level 1:colcon.colcon_core.package_identification:_identify(src/j8_joystick/wiimote_msgs) by extensions ['colcon_meta']
[0.169s] Level 1:colcon.colcon_core.package_identification:_identify(src/j8_joystick/wiimote_msgs) by extension 'colcon_meta'
[0.169s] Level 1:colcon.colcon_core.package_identification:_identify(src/j8_joystick/wiimote_msgs) by extensions ['ament_gradle']
[0.169s] Level 1:colcon.colcon_core.package_identification:_identify(src/j8_joystick/wiimote_msgs) by extension 'ament_gradle'
[0.169s] Level 1:colcon.colcon_core.package_identification:_identify(src/j8_joystick/wiimote_msgs) by extensions ['ros']
[0.169s] Level 1:colcon.colcon_core.package_identification:_identify(src/j8_joystick/wiimote_msgs) by extension 'ros'
[0.170s] DEBUG:colcon.colcon_core.package_identification:Package 'src/j8_joystick/wiimote_msgs' with type 'ros.ament_cmake' and name 'wiimote_msgs'
[0.170s] Level 1:colcon.colcon_core.package_identification:_identify(src/lidar_process_pkgs) by extensions ['ignore', 'ignore_ament_install']
[0.170s] Level 1:colcon.colcon_core.package_identification:_identify(src/lidar_process_pkgs) by extension 'ignore'
[0.170s] Level 1:colcon.colcon_core.package_identification:_identify(src/lidar_process_pkgs) by extension 'ignore_ament_install'
[0.170s] Level 1:colcon.colcon_core.package_identification:_identify(src/lidar_process_pkgs) by extensions ['colcon_pkg']
[0.170s] Level 1:colcon.colcon_core.package_identification:_identify(src/lidar_process_pkgs) by extension 'colcon_pkg'
[0.170s] Level 1:colcon.colcon_core.package_identification:_identify(src/lidar_process_pkgs) by extensions ['colcon_meta']
[0.170s] Level 1:colcon.colcon_core.package_identification:_identify(src/lidar_process_pkgs) by extension 'colcon_meta'
[0.170s] Level 1:colcon.colcon_core.package_identification:_identify(src/lidar_process_pkgs) by extensions ['ament_gradle']
[0.170s] Level 1:colcon.colcon_core.package_identification:_identify(src/lidar_process_pkgs) by extension 'ament_gradle'
[0.170s] Level 1:colcon.colcon_core.package_identification:_identify(src/lidar_process_pkgs) by extensions ['ros']
[0.170s] Level 1:colcon.colcon_core.package_identification:_identify(src/lidar_process_pkgs) by extension 'ros'
[0.170s] Level 1:colcon.colcon_core.package_identification:_identify(src/lidar_process_pkgs) by extensions ['cmake', 'gradle', 'python']
[0.170s] Level 1:colcon.colcon_core.package_identification:_identify(src/lidar_process_pkgs) by extension 'cmake'
[0.170s] Level 1:colcon.colcon_core.package_identification:_identify(src/lidar_process_pkgs) by extension 'gradle'
[0.170s] Level 1:colcon.colcon_core.package_identification:_identify(src/lidar_process_pkgs) by extension 'python'
[0.170s] Level 1:colcon.colcon_core.package_identification:_identify(src/lidar_process_pkgs) by extensions ['python_setup_py']
[0.170s] Level 1:colcon.colcon_core.package_identification:_identify(src/lidar_process_pkgs) by extension 'python_setup_py'
[0.170s] Level 1:colcon.colcon_core.package_identification:_identify(src/lidar_process_pkgs/laser_segmentation) by extensions ['ignore', 'ignore_ament_install']
[0.171s] Level 1:colcon.colcon_core.package_identification:_identify(src/lidar_process_pkgs/laser_segmentation) by extension 'ignore'
[0.171s] Level 1:colcon.colcon_core.package_identification:_identify(src/lidar_process_pkgs/laser_segmentation) by extension 'ignore_ament_install'
[0.171s] Level 1:colcon.colcon_core.package_identification:_identify(src/lidar_process_pkgs/laser_segmentation) by extensions ['colcon_pkg']
[0.171s] Level 1:colcon.colcon_core.package_identification:_identify(src/lidar_process_pkgs/laser_segmentation) by extension 'colcon_pkg'
[0.171s] Level 1:colcon.colcon_core.package_identification:_identify(src/lidar_process_pkgs/laser_segmentation) by extensions ['colcon_meta']
[0.171s] Level 1:colcon.colcon_core.package_identification:_identify(src/lidar_process_pkgs/laser_segmentation) by extension 'colcon_meta'
[0.171s] Level 1:colcon.colcon_core.package_identification:_identify(src/lidar_process_pkgs/laser_segmentation) by extensions ['ament_gradle']
[0.171s] Level 1:colcon.colcon_core.package_identification:_identify(src/lidar_process_pkgs/laser_segmentation) by extension 'ament_gradle'
[0.171s] Level 1:colcon.colcon_core.package_identification:_identify(src/lidar_process_pkgs/laser_segmentation) by extensions ['ros']
[0.171s] Level 1:colcon.colcon_core.package_identification:_identify(src/lidar_process_pkgs/laser_segmentation) by extension 'ros'
[0.171s] DEBUG:colcon.colcon_core.package_identification:Package 'src/lidar_process_pkgs/laser_segmentation' with type 'ros.ament_cmake' and name 'laser_segmentation'
[0.172s] Level 1:colcon.colcon_core.package_identification:_identify(src/lidar_process_pkgs/slg_msgs) by extensions ['ignore', 'ignore_ament_install']
[0.172s] Level 1:colcon.colcon_core.package_identification:_identify(src/lidar_process_pkgs/slg_msgs) by extension 'ignore'
[0.172s] Level 1:colcon.colcon_core.package_identification:_identify(src/lidar_process_pkgs/slg_msgs) by extension 'ignore_ament_install'
[0.172s] Level 1:colcon.colcon_core.package_identification:_identify(src/lidar_process_pkgs/slg_msgs) by extensions ['colcon_pkg']
[0.172s] Level 1:colcon.colcon_core.package_identification:_identify(src/lidar_process_pkgs/slg_msgs) by extension 'colcon_pkg'
[0.172s] Level 1:colcon.colcon_core.package_identification:_identify(src/lidar_process_pkgs/slg_msgs) by extensions ['colcon_meta']
[0.172s] Level 1:colcon.colcon_core.package_identification:_identify(src/lidar_process_pkgs/slg_msgs) by extension 'colcon_meta'
[0.172s] Level 1:colcon.colcon_core.package_identification:_identify(src/lidar_process_pkgs/slg_msgs) by extensions ['ament_gradle']
[0.172s] Level 1:colcon.colcon_core.package_identification:_identify(src/lidar_process_pkgs/slg_msgs) by extension 'ament_gradle'
[0.172s] Level 1:colcon.colcon_core.package_identification:_identify(src/lidar_process_pkgs/slg_msgs) by extensions ['ros']
[0.172s] Level 1:colcon.colcon_core.package_identification:_identify(src/lidar_process_pkgs/slg_msgs) by extension 'ros'
[0.172s] DEBUG:colcon.colcon_core.package_identification:Package 'src/lidar_process_pkgs/slg_msgs' with type 'ros.ament_cmake' and name 'slg_msgs'
[0.172s] Level 1:colcon.colcon_core.package_identification:_identify(src/path_manager) by extensions ['ignore', 'ignore_ament_install']
[0.172s] Level 1:colcon.colcon_core.package_identification:_identify(src/path_manager) by extension 'ignore'
[0.172s] Level 1:colcon.colcon_core.package_identification:_identify(src/path_manager) by extension 'ignore_ament_install'
[0.172s] Level 1:colcon.colcon_core.package_identification:_identify(src/path_manager) by extensions ['colcon_pkg']
[0.173s] Level 1:colcon.colcon_core.package_identification:_identify(src/path_manager) by extension 'colcon_pkg'
[0.173s] Level 1:colcon.colcon_core.package_identification:_identify(src/path_manager) by extensions ['colcon_meta']
[0.173s] Level 1:colcon.colcon_core.package_identification:_identify(src/path_manager) by extension 'colcon_meta'
[0.173s] Level 1:colcon.colcon_core.package_identification:_identify(src/path_manager) by extensions ['ament_gradle']
[0.173s] Level 1:colcon.colcon_core.package_identification:_identify(src/path_manager) by extension 'ament_gradle'
[0.173s] Level 1:colcon.colcon_core.package_identification:_identify(src/path_manager) by extensions ['ros']
[0.173s] Level 1:colcon.colcon_core.package_identification:_identify(src/path_manager) by extension 'ros'
[0.173s] Level 1:colcon.colcon_core.package_identification:_identify(src/path_manager) by extensions ['cmake', 'gradle', 'python']
[0.173s] Level 1:colcon.colcon_core.package_identification:_identify(src/path_manager) by extension 'cmake'
[0.173s] Level 1:colcon.colcon_core.package_identification:_identify(src/path_manager) by extension 'gradle'
[0.173s] Level 1:colcon.colcon_core.package_identification:_identify(src/path_manager) by extension 'python'
[0.173s] Level 1:colcon.colcon_core.package_identification:_identify(src/path_manager) by extensions ['python_setup_py']
[0.173s] Level 1:colcon.colcon_core.package_identification:_identify(src/path_manager) by extension 'python_setup_py'
[0.173s] Level 1:colcon.colcon_core.package_identification:_identify(src/path_manager/path_manager) by extensions ['ignore', 'ignore_ament_install']
[0.173s] Level 1:colcon.colcon_core.package_identification:_identify(src/path_manager/path_manager) by extension 'ignore'
[0.173s] Level 1:colcon.colcon_core.package_identification:_identify(src/path_manager/path_manager) by extension 'ignore_ament_install'
[0.173s] Level 1:colcon.colcon_core.package_identification:_identify(src/path_manager/path_manager) by extensions ['colcon_pkg']
[0.173s] Level 1:colcon.colcon_core.package_identification:_identify(src/path_manager/path_manager) by extension 'colcon_pkg'
[0.173s] Level 1:colcon.colcon_core.package_identification:_identify(src/path_manager/path_manager) by extensions ['colcon_meta']
[0.173s] Level 1:colcon.colcon_core.package_identification:_identify(src/path_manager/path_manager) by extension 'colcon_meta'
[0.173s] Level 1:colcon.colcon_core.package_identification:_identify(src/path_manager/path_manager) by extensions ['ament_gradle']
[0.173s] Level 1:colcon.colcon_core.package_identification:_identify(src/path_manager/path_manager) by extension 'ament_gradle'
[0.173s] Level 1:colcon.colcon_core.package_identification:_identify(src/path_manager/path_manager) by extensions ['ros']
[0.173s] Level 1:colcon.colcon_core.package_identification:_identify(src/path_manager/path_manager) by extension 'ros'
[0.173s] DEBUG:colcon.colcon_core.package_identification:Package 'src/path_manager/path_manager' with type 'ros.ament_cmake' and name 'path_manager'
[0.174s] Level 1:colcon.colcon_core.package_identification:_identify(src/path_manager/path_manager_interfaces) by extensions ['ignore', 'ignore_ament_install']
[0.174s] Level 1:colcon.colcon_core.package_identification:_identify(src/path_manager/path_manager_interfaces) by extension 'ignore'
[0.174s] Level 1:colcon.colcon_core.package_identification:_identify(src/path_manager/path_manager_interfaces) by extension 'ignore_ament_install'
[0.174s] Level 1:colcon.colcon_core.package_identification:_identify(src/path_manager/path_manager_interfaces) by extensions ['colcon_pkg']
[0.174s] Level 1:colcon.colcon_core.package_identification:_identify(src/path_manager/path_manager_interfaces) by extension 'colcon_pkg'
[0.174s] Level 1:colcon.colcon_core.package_identification:_identify(src/path_manager/path_manager_interfaces) by extensions ['colcon_meta']
[0.174s] Level 1:colcon.colcon_core.package_identification:_identify(src/path_manager/path_manager_interfaces) by extension 'colcon_meta'
[0.174s] Level 1:colcon.colcon_core.package_identification:_identify(src/path_manager/path_manager_interfaces) by extensions ['ament_gradle']
[0.174s] Level 1:colcon.colcon_core.package_identification:_identify(src/path_manager/path_manager_interfaces) by extension 'ament_gradle'
[0.174s] Level 1:colcon.colcon_core.package_identification:_identify(src/path_manager/path_manager_interfaces) by extensions ['ros']
[0.174s] Level 1:colcon.colcon_core.package_identification:_identify(src/path_manager/path_manager_interfaces) by extension 'ros'
[0.174s] DEBUG:colcon.colcon_core.package_identification:Package 'src/path_manager/path_manager_interfaces' with type 'ros.ament_cmake' and name 'path_manager_interfaces'
[0.174s] Level 1:colcon.colcon_core.package_identification:_identify(src/security_check) by extensions ['ignore', 'ignore_ament_install']
[0.174s] Level 1:colcon.colcon_core.package_identification:_identify(src/security_check) by extension 'ignore'
[0.174s] Level 1:colcon.colcon_core.package_identification:_identify(src/security_check) by extension 'ignore_ament_install'
[0.174s] Level 1:colcon.colcon_core.package_identification:_identify(src/security_check) by extensions ['colcon_pkg']
[0.174s] Level 1:colcon.colcon_core.package_identification:_identify(src/security_check) by extension 'colcon_pkg'
[0.174s] Level 1:colcon.colcon_core.package_identification:_identify(src/security_check) by extensions ['colcon_meta']
[0.175s] Level 1:colcon.colcon_core.package_identification:_identify(src/security_check) by extension 'colcon_meta'
[0.175s] Level 1:colcon.colcon_core.package_identification:_identify(src/security_check) by extensions ['ament_gradle']
[0.175s] Level 1:colcon.colcon_core.package_identification:_identify(src/security_check) by extension 'ament_gradle'
[0.175s] Level 1:colcon.colcon_core.package_identification:_identify(src/security_check) by extensions ['ros']
[0.175s] Level 1:colcon.colcon_core.package_identification:_identify(src/security_check) by extension 'ros'
[0.175s] Level 1:colcon.colcon_core.package_identification:_identify(src/security_check) by extensions ['cmake', 'gradle', 'python']
[0.175s] Level 1:colcon.colcon_core.package_identification:_identify(src/security_check) by extension 'cmake'
[0.175s] Level 1:colcon.colcon_core.package_identification:_identify(src/security_check) by extension 'gradle'
[0.175s] Level 1:colcon.colcon_core.package_identification:_identify(src/security_check) by extension 'python'
[0.175s] Level 1:colcon.colcon_core.package_identification:_identify(src/security_check) by extensions ['python_setup_py']
[0.175s] Level 1:colcon.colcon_core.package_identification:_identify(src/security_check) by extension 'python_setup_py'
[0.175s] Level 1:colcon.colcon_core.package_identification:_identify(src/security_check/security_check) by extensions ['ignore', 'ignore_ament_install']
[0.175s] Level 1:colcon.colcon_core.package_identification:_identify(src/security_check/security_check) by extension 'ignore'
[0.175s] Level 1:colcon.colcon_core.package_identification:_identify(src/security_check/security_check) by extension 'ignore_ament_install'
[0.175s] Level 1:colcon.colcon_core.package_identification:_identify(src/security_check/security_check) by extensions ['colcon_pkg']
[0.175s] Level 1:colcon.colcon_core.package_identification:_identify(src/security_check/security_check) by extension 'colcon_pkg'
[0.175s] Level 1:colcon.colcon_core.package_identification:_identify(src/security_check/security_check) by extensions ['colcon_meta']
[0.175s] Level 1:colcon.colcon_core.package_identification:_identify(src/security_check/security_check) by extension 'colcon_meta'
[0.175s] Level 1:colcon.colcon_core.package_identification:_identify(src/security_check/security_check) by extensions ['ament_gradle']
[0.175s] Level 1:colcon.colcon_core.package_identification:_identify(src/security_check/security_check) by extension 'ament_gradle'
[0.175s] Level 1:colcon.colcon_core.package_identification:_identify(src/security_check/security_check) by extensions ['ros']
[0.175s] Level 1:colcon.colcon_core.package_identification:_identify(src/security_check/security_check) by extension 'ros'
[0.176s] DEBUG:colcon.colcon_core.package_identification:Package 'src/security_check/security_check' with type 'ros.ament_cmake' and name 'security_check'
[0.176s] Level 1:colcon.colcon_core.package_identification:_identify(src/security_check/security_check_interfaces) by extensions ['ignore', 'ignore_ament_install']
[0.176s] Level 1:colcon.colcon_core.package_identification:_identify(src/security_check/security_check_interfaces) by extension 'ignore'
[0.176s] Level 1:colcon.colcon_core.package_identification:_identify(src/security_check/security_check_interfaces) by extension 'ignore_ament_install'
[0.176s] Level 1:colcon.colcon_core.package_identification:_identify(src/security_check/security_check_interfaces) by extensions ['colcon_pkg']
[0.176s] Level 1:colcon.colcon_core.package_identification:_identify(src/security_check/security_check_interfaces) by extension 'colcon_pkg'
[0.176s] Level 1:colcon.colcon_core.package_identification:_identify(src/security_check/security_check_interfaces) by extensions ['colcon_meta']
[0.176s] Level 1:colcon.colcon_core.package_identification:_identify(src/security_check/security_check_interfaces) by extension 'colcon_meta'
[0.176s] Level 1:colcon.colcon_core.package_identification:_identify(src/security_check/security_check_interfaces) by extensions ['ament_gradle']
[0.176s] Level 1:colcon.colcon_core.package_identification:_identify(src/security_check/security_check_interfaces) by extension 'ament_gradle'
[0.176s] Level 1:colcon.colcon_core.package_identification:_identify(src/security_check/security_check_interfaces) by extensions ['ros']
[0.176s] Level 1:colcon.colcon_core.package_identification:_identify(src/security_check/security_check_interfaces) by extension 'ros'
[0.177s] DEBUG:colcon.colcon_core.package_identification:Package 'src/security_check/security_check_interfaces' with type 'ros.ament_cmake' and name 'security_check_interfaces'
[0.177s] Level 1:colcon.colcon_core.package_identification:_identify(src/test_gui_j8) by extensions ['ignore', 'ignore_ament_install']
[0.177s] Level 1:colcon.colcon_core.package_identification:_identify(src/test_gui_j8) by extension 'ignore'
[0.177s] Level 1:colcon.colcon_core.package_identification:_identify(src/test_gui_j8) by extension 'ignore_ament_install'
[0.177s] Level 1:colcon.colcon_core.package_identification:_identify(src/test_gui_j8) by extensions ['colcon_pkg']
[0.177s] Level 1:colcon.colcon_core.package_identification:_identify(src/test_gui_j8) by extension 'colcon_pkg'
[0.177s] Level 1:colcon.colcon_core.package_identification:_identify(src/test_gui_j8) by extensions ['colcon_meta']
[0.177s] Level 1:colcon.colcon_core.package_identification:_identify(src/test_gui_j8) by extension 'colcon_meta'
[0.177s] Level 1:colcon.colcon_core.package_identification:_identify(src/test_gui_j8) by extensions ['ament_gradle']
[0.177s] Level 1:colcon.colcon_core.package_identification:_identify(src/test_gui_j8) by extension 'ament_gradle'
[0.177s] Level 1:colcon.colcon_core.package_identification:_identify(src/test_gui_j8) by extensions ['ros']
[0.177s] Level 1:colcon.colcon_core.package_identification:_identify(src/test_gui_j8) by extension 'ros'
[0.177s] Level 1:colcon.colcon_core.package_identification:_identify(src/test_gui_j8) by extensions ['cmake', 'gradle', 'python']
[0.177s] Level 1:colcon.colcon_core.package_identification:_identify(src/test_gui_j8) by extension 'cmake'
[0.177s] Level 1:colcon.colcon_core.package_identification:_identify(src/test_gui_j8) by extension 'gradle'
[0.177s] Level 1:colcon.colcon_core.package_identification:_identify(src/test_gui_j8) by extension 'python'
[0.177s] Level 1:colcon.colcon_core.package_identification:_identify(src/test_gui_j8) by extensions ['python_setup_py']
[0.177s] Level 1:colcon.colcon_core.package_identification:_identify(src/test_gui_j8) by extension 'python_setup_py'
[0.177s] Level 1:colcon.colcon_core.package_identification:_identify(src/test_gui_j8/src) by extensions ['ignore', 'ignore_ament_install']
[0.177s] Level 1:colcon.colcon_core.package_identification:_identify(src/test_gui_j8/src) by extension 'ignore'
[0.177s] Level 1:colcon.colcon_core.package_identification:_identify(src/test_gui_j8/src) by extension 'ignore_ament_install'
[0.177s] Level 1:colcon.colcon_core.package_identification:_identify(src/test_gui_j8/src) by extensions ['colcon_pkg']
[0.177s] Level 1:colcon.colcon_core.package_identification:_identify(src/test_gui_j8/src) by extension 'colcon_pkg'
[0.177s] Level 1:colcon.colcon_core.package_identification:_identify(src/test_gui_j8/src) by extensions ['colcon_meta']
[0.177s] Level 1:colcon.colcon_core.package_identification:_identify(src/test_gui_j8/src) by extension 'colcon_meta'
[0.177s] Level 1:colcon.colcon_core.package_identification:_identify(src/test_gui_j8/src) by extensions ['ament_gradle']
[0.177s] Level 1:colcon.colcon_core.package_identification:_identify(src/test_gui_j8/src) by extension 'ament_gradle'
[0.177s] Level 1:colcon.colcon_core.package_identification:_identify(src/test_gui_j8/src) by extensions ['ros']
[0.177s] Level 1:colcon.colcon_core.package_identification:_identify(src/test_gui_j8/src) by extension 'ros'
[0.177s] Level 1:colcon.colcon_core.package_identification:_identify(src/test_gui_j8/src) by extensions ['cmake', 'gradle', 'python']
[0.177s] Level 1:colcon.colcon_core.package_identification:_identify(src/test_gui_j8/src) by extension 'cmake'
[0.177s] Level 1:colcon.colcon_core.package_identification:_identify(src/test_gui_j8/src) by extension 'gradle'
[0.177s] Level 1:colcon.colcon_core.package_identification:_identify(src/test_gui_j8/src) by extension 'python'
[0.177s] Level 1:colcon.colcon_core.package_identification:_identify(src/test_gui_j8/src) by extensions ['python_setup_py']
[0.177s] Level 1:colcon.colcon_core.package_identification:_identify(src/test_gui_j8/src) by extension 'python_setup_py'
[0.177s] Level 1:colcon.colcon_core.package_identification:_identify(src/test_gui_j8/src/j8_gui) by extensions ['ignore', 'ignore_ament_install']
[0.177s] Level 1:colcon.colcon_core.package_identification:_identify(src/test_gui_j8/src/j8_gui) by extension 'ignore'
[0.177s] Level 1:colcon.colcon_core.package_identification:_identify(src/test_gui_j8/src/j8_gui) by extension 'ignore_ament_install'
[0.178s] Level 1:colcon.colcon_core.package_identification:_identify(src/test_gui_j8/src/j8_gui) by extensions ['colcon_pkg']
[0.178s] Level 1:colcon.colcon_core.package_identification:_identify(src/test_gui_j8/src/j8_gui) by extension 'colcon_pkg'
[0.178s] Level 1:colcon.colcon_core.package_identification:_identify(src/test_gui_j8/src/j8_gui) by extensions ['colcon_meta']
[0.178s] Level 1:colcon.colcon_core.package_identification:_identify(src/test_gui_j8/src/j8_gui) by extension 'colcon_meta'
[0.178s] Level 1:colcon.colcon_core.package_identification:_identify(src/test_gui_j8/src/j8_gui) by extensions ['ament_gradle']
[0.178s] Level 1:colcon.colcon_core.package_identification:_identify(src/test_gui_j8/src/j8_gui) by extension 'ament_gradle'
[0.178s] Level 1:colcon.colcon_core.package_identification:_identify(src/test_gui_j8/src/j8_gui) by extensions ['ros']
[0.178s] Level 1:colcon.colcon_core.package_identification:_identify(src/test_gui_j8/src/j8_gui) by extension 'ros'
[0.178s] DEBUG:colcon.colcon_core.package_identification:Package 'src/test_gui_j8/src/j8_gui' with type 'ros.ament_python' and name 'j8_gui'
[0.178s] Level 1:colcon.colcon_core.package_discovery:discover_packages(recursive) using defaults
[0.178s] Level 1:colcon.colcon_core.package_discovery:discover_packages(ignore) discover
[0.178s] Level 1:colcon.colcon_core.package_discovery:discover_packages(ignore) using defaults
[0.178s] Level 1:colcon.colcon_core.package_discovery:discover_packages(path) discover
[0.178s] Level 1:colcon.colcon_core.package_discovery:discover_packages(path) using defaults
[0.198s] INFO:colcon.colcon_core.package_selection:Skipping not selected package 'GUI_pkg' in 'src/GUI_pkg'
[0.198s] INFO:colcon.colcon_core.package_selection:Skipping not selected package 'android_ros2_server' in 'src/android_ros2_server'
[0.198s] INFO:colcon.colcon_core.package_selection:Skipping not selected package 'argj801_ctl_platform_interfaces' in 'src/argj801_ctl_platform/argj801_ctl_platform_interfaces'
[0.198s] INFO:colcon.colcon_core.package_selection:Skipping not selected package 'argj801_sensors_msgs' in 'src/argo_drivers_pkgs/argj801_sensors/argj801_sensors_msgs'
[0.198s] INFO:colcon.colcon_core.package_selection:Skipping not selected package 'argj801_setup' in 'src/argj801_setup'
[0.198s] INFO:colcon.colcon_core.package_selection:Skipping not selected package 'car_interfaces' in 'src/car_interfaces'
[0.198s] INFO:colcon.colcon_core.package_selection:Skipping not selected package 'ctl_mission_interfaces' in 'src/ctl_mission/ctl_mission_interfaces'
[0.198s] INFO:colcon.colcon_core.package_selection:Skipping not selected package 'fixposition_gnss_tf' in 'src/argo_drivers_pkgs/Fixposition_driver_pkg/fixposition_gnss_tf-main'
[0.198s] INFO:colcon.colcon_core.package_selection:Skipping not selected package 'fixposition_sensor_pkg' in 'src/gazebo_sim_pkgs/fix_position_pkg'
[0.198s] INFO:colcon.colcon_core.package_selection:Skipping not selected package 'hector_gazebo_plugins' in 'src/hector_gazebo'
[0.198s] INFO:colcon.colcon_core.package_selection:Skipping not selected package 'j8_gui' in 'src/test_gui_j8/src/j8_gui'
[0.198s] INFO:colcon.colcon_core.package_selection:Skipping not selected package 'joy_linux' in 'src/j8_joystick/joy_linux'
[0.198s] INFO:colcon.colcon_core.package_selection:Skipping not selected package 'ntrip_client' in 'src/argo_drivers_pkgs/ntrip_client'
[0.198s] INFO:colcon.colcon_core.package_selection:Skipping not selected package 'path_manager_interfaces' in 'src/path_manager/path_manager_interfaces'
[0.198s] INFO:colcon.colcon_core.package_selection:Skipping not selected package 'sdl2_vendor' in 'src/j8_joystick/sdl2_vendor'
[0.198s] INFO:colcon.colcon_core.package_selection:Skipping not selected package 'security_check_interfaces' in 'src/security_check/security_check_interfaces'
[0.198s] INFO:colcon.colcon_core.package_selection:Skipping not selected package 'slg_msgs' in 'src/lidar_process_pkgs/slg_msgs'
[0.198s] INFO:colcon.colcon_core.package_selection:Skipping not selected package 'spacenav' in 'src/j8_joystick/spacenav'
[0.198s] INFO:colcon.colcon_core.package_selection:Skipping not selected package 'ublox_serialization' in 'src/argo_drivers_pkgs/ublox/ublox_serialization'
[0.198s] INFO:colcon.colcon_core.package_selection:Skipping not selected package 'wiimote_msgs' in 'src/j8_joystick/wiimote_msgs'
[0.198s] INFO:colcon.colcon_core.package_selection:Skipping not selected package 'argj801_ctl_platform' in 'src/argj801_ctl_platform/argj801_ctl_platform'
[0.198s] INFO:colcon.colcon_core.package_selection:Skipping not selected package 'argj801_sensors' in 'src/argo_drivers_pkgs/argj801_sensors/argj801_sensors'
[0.198s] INFO:colcon.colcon_core.package_selection:Skipping not selected package 'car' in 'src/car_python'
[0.198s] INFO:colcon.colcon_core.package_selection:Skipping not selected package 'car_cpp' in 'src/car_cpp'
[0.198s] INFO:colcon.colcon_core.package_selection:Skipping not selected package 'fixposition_driver_lib' in 'src/argo_drivers_pkgs/Fixposition_driver_pkg/fixposition_driver-main/fixposition_driver_lib'
[0.198s] INFO:colcon.colcon_core.package_selection:Skipping not selected package 'joy' in 'src/j8_joystick/joy'
[0.198s] INFO:colcon.colcon_core.package_selection:Skipping not selected package 'laser_segmentation' in 'src/lidar_process_pkgs/laser_segmentation'
[0.198s] INFO:colcon.colcon_core.package_selection:Skipping not selected package 'path_manager' in 'src/path_manager/path_manager'
[0.198s] INFO:colcon.colcon_core.package_selection:Skipping not selected package 'ublox_msgs' in 'src/argo_drivers_pkgs/ublox/ublox_msgs'
[0.198s] INFO:colcon.colcon_core.package_selection:Skipping not selected package 'fixposition_driver_ros2' in 'src/argo_drivers_pkgs/Fixposition_driver_pkg/fixposition_driver-main/fixposition_driver_ros2'
[0.198s] INFO:colcon.colcon_core.package_selection:Skipping not selected package 'j8_xacro_model' in 'src/gazebo_sim_pkgs/j8_xacro_model'
[0.198s] INFO:colcon.colcon_core.package_selection:Skipping not selected package 'ublox_gps' in 'src/argo_drivers_pkgs/ublox/ublox_gps'
[0.198s] INFO:colcon.colcon_core.package_selection:Skipping not selected package 'fixposition_odometry_converter_ros2' in 'src/argo_drivers_pkgs/Fixposition_driver_pkg/fixposition_driver-main/fixposition_odometry_converter_ros2'
[0.198s] INFO:colcon.colcon_core.package_selection:Skipping not selected package 'security_check' in 'src/security_check/security_check'
[0.198s] INFO:colcon.colcon_core.package_selection:Skipping not selected package 'ublox' in 'src/argo_drivers_pkgs/ublox/ublox'
[0.199s] Level 1:colcon.colcon_core.package_discovery:discover_packages(prefix_path) check parameters
[0.199s] Level 1:colcon.colcon_core.package_discovery:discover_packages(prefix_path) discover
[0.201s] DEBUG:colcon.colcon_installed_package_information.package_discovery:Found 37 installed packages in /home/rhobtor/PHD/ARGOJ8_IA/ARGOSJ8_IA_/install
[0.201s] DEBUG:colcon.colcon_installed_package_information.package_discovery:Found 4 installed packages in /home/rhobtor/zed/install
[0.202s] DEBUG:colcon.colcon_installed_package_information.package_discovery:Found 459 installed packages in /opt/ros/humble
[0.204s] Level 1:colcon.colcon_core.package_discovery:discover_packages(prefix_path) using defaults
[0.242s] WARNING:colcon.colcon_core.package_selection:Some selected packages are already built in one or more underlay workspaces:
	'ctl_mission' is in: /home/rhobtor/PHD/ARGOJ8_IA/ARGOSJ8_IA_/install/ctl_mission
If a package in a merged underlay workspace is overridden and it installs headers, then all packages in the overlay must sort their include directories by workspace order. Failure to do so may result in build failures or undefined behavior at run time.
If the overridden package is used by another package in any underlay, then the overriding package in the overlay must be API and ABI compatible or undefined behavior at run time may occur.

If you understand the risks and want to override a package anyways, add the following to the command line:
	--allow-overriding ctl_mission

This may be promoted to an error in a future release of colcon-override-check.
[0.243s] Level 5:colcon.colcon_core.verb:set package 'ctl_mission' build argument 'ament_gradle_args' from command line to 'None'
[0.243s] Level 5:colcon.colcon_core.verb:set package 'ctl_mission' build argument 'ament_gradle_task' from command line to 'None'
[0.243s] Level 5:colcon.colcon_core.verb:set package 'ctl_mission' build argument 'cmake_args' from command line to '['-DCMAKE_BUILD_TYPE=RelWithDebInfo']'
[0.243s] Level 5:colcon.colcon_core.verb:set package 'ctl_mission' build argument 'cmake_target' from command line to 'None'
[0.243s] Level 5:colcon.colcon_core.verb:set package 'ctl_mission' build argument 'cmake_target_skip_unavailable' from command line to 'False'
[0.243s] Level 5:colcon.colcon_core.verb:set package 'ctl_mission' build argument 'cmake_clean_cache' from command line to 'False'
[0.243s] Level 5:colcon.colcon_core.verb:set package 'ctl_mission' build argument 'cmake_clean_first' from command line to 'False'
[0.243s] Level 5:colcon.colcon_core.verb:set package 'ctl_mission' build argument 'cmake_force_configure' from command line to 'False'
[0.243s] Level 5:colcon.colcon_core.verb:set package 'ctl_mission' build argument 'gradle_args' from command line to 'None'
[0.243s] Level 5:colcon.colcon_core.verb:set package 'ctl_mission' build argument 'gradle_task' from command line to 'None'
[0.243s] Level 5:colcon.colcon_core.verb:set package 'ctl_mission' build argument 'ament_cmake_args' from command line to 'None'
[0.243s] Level 5:colcon.colcon_core.verb:set package 'ctl_mission' build argument 'catkin_cmake_args' from command line to 'None'
[0.243s] Level 5:colcon.colcon_core.verb:set package 'ctl_mission' build argument 'catkin_skip_building_tests' from command line to 'False'
[0.243s] DEBUG:colcon.colcon_core.verb:Building package 'ctl_mission' with the following arguments: {'ament_cmake_args': None, 'ament_gradle_args': None, 'ament_gradle_task': None, 'build_base': '/home/rhobtor/PHD/ARGOJ8_IA/ARGOSJ8_IA_/build/ctl_mission', 'catkin_cmake_args': None, 'catkin_skip_building_tests': False, 'cmake_args': ['-DCMAKE_BUILD_TYPE=RelWithDebInfo'], 'cmake_clean_cache': False, 'cmake_clean_first': False, 'cmake_force_configure': False, 'cmake_target': None, 'cmake_target_skip_unavailable': False, 'gradle_args': None, 'gradle_task': None, 'install_base': '/home/rhobtor/PHD/ARGOJ8_IA/ARGOSJ8_IA_/install/ctl_mission', 'merge_install': False, 'path': '/home/rhobtor/PHD/ARGOJ8_IA/ARGOSJ8_IA_/src/ctl_mission/ctl_mission', 'symlink_install': False, 'test_result_base': None}
[0.243s] INFO:colcon.colcon_core.executor:Executing jobs using 'parallel' executor
[0.244s] DEBUG:colcon.colcon_parallel_executor.executor.parallel:run_until_complete
[0.244s] INFO:colcon.colcon_ros.task.ament_cmake.build:Building ROS package in '/home/rhobtor/PHD/ARGOJ8_IA/ARGOSJ8_IA_/src/ctl_mission/ctl_mission' with build type 'ament_cmake'
[0.244s] INFO:colcon.colcon_cmake.task.cmake.build:Building CMake package in '/home/rhobtor/PHD/ARGOJ8_IA/ARGOSJ8_IA_/src/ctl_mission/ctl_mission'
[0.246s] INFO:colcon.colcon_core.plugin_system:Skipping extension 'colcon_core.shell.bat': Not used on non-Windows systems
[0.246s] INFO:colcon.colcon_core.shell:Skip shell extension 'powershell' for command environment: Not usable outside of PowerShell
[0.246s] DEBUG:colcon.colcon_core.shell:Skip shell extension 'dsv' for command environment
[0.267s] DEBUG:colcon.colcon_core.event_handler.log_command:Invoking command in '/home/rhobtor/PHD/ARGOJ8_IA/ARGOSJ8_IA_/build/ctl_mission': CMAKE_PREFIX_PATH=/home/rhobtor/PHD/ARGOJ8_IA/ARGOSJ8_IA_/install/ublox_msgs:/home/rhobtor/PHD/ARGOJ8_IA/ARGOSJ8_IA_/install/ublox_serialization:/home/rhobtor/PHD/ARGOJ8_IA/ARGOSJ8_IA_/install/path_manager_interfaces:/home/rhobtor/PHD/ARGOJ8_IA/ARGOSJ8_IA_/install/ctl_mission_interfaces:/home/rhobtor/PHD/ARGOJ8_IA/ARGOSJ8_IA_/install/wiimote_msgs:/home/rhobtor/PHD/ARGOJ8_IA/ARGOSJ8_IA_/install/ublox:/home/rhobtor/PHD/ARGOJ8_IA/ARGOSJ8_IA_/install/ublox_gps:/home/rhobtor/PHD/ARGOJ8_IA/ARGOSJ8_IA_/install/security_check:/home/rhobtor/PHD/ARGOJ8_IA/ARGOSJ8_IA_/install/ctl_mission:/home/rhobtor/PHD/ARGOJ8_IA/ARGOSJ8_IA_/install/spacenav:/home/rhobtor/PHD/ARGOJ8_IA/ARGOSJ8_IA_/install/laser_segmentation:/home/rhobtor/PHD/ARGOJ8_IA/ARGOSJ8_IA_/install/slg_msgs:/home/rhobtor/PHD/ARGOJ8_IA/ARGOSJ8_IA_/install/security_check_interfaces:/home/rhobtor/PHD/ARGOJ8_IA/ARGOSJ8_IA_/install/joy:/home/rhobtor/PHD/ARGOJ8_IA/ARGOSJ8_IA_/install/sdl2_vendor:/home/rhobtor/PHD/ARGOJ8_IA/ARGOSJ8_IA_/install/path_manager:/home/rhobtor/PHD/ARGOJ8_IA/ARGOSJ8_IA_/install/octomap_rviz_plugins:/home/rhobtor/PHD/ARGOJ8_IA/ARGOSJ8_IA_/install/joy_linux:/home/rhobtor/PHD/ARGOJ8_IA/ARGOSJ8_IA_/install/j8_xacro_model:/home/rhobtor/PHD/ARGOJ8_IA/ARGOSJ8_IA_/install/hector_gazebo_plugins:/home/rhobtor/PHD/ARGOJ8_IA/ARGOSJ8_IA_/install/fixposition_sensor_pkg:/home/rhobtor/PHD/ARGOJ8_IA/ARGOSJ8_IA_/install/fixposition_odometry_converter_ros2:/home/rhobtor/PHD/ARGOJ8_IA/ARGOSJ8_IA_/install/fixposition_driver_ros2:/home/rhobtor/PHD/ARGOJ8_IA/ARGOSJ8_IA_/install/fixposition_driver_lib:/home/rhobtor/PHD/ARGOJ8_IA/ARGOSJ8_IA_/install/fixposition_gnss_tf:/home/rhobtor/PHD/ARGOJ8_IA/ARGOSJ8_IA_/install/car_cpp:/home/rhobtor/PHD/ARGOJ8_IA/ARGOSJ8_IA_/install/car_interfaces:/home/rhobtor/PHD/ARGOJ8_IA/ARGOSJ8_IA_/install/argj801_setup:/home/rhobtor/PHD/ARGOJ8_IA/ARGOSJ8_IA_/install/argj801_sensors:/home/rhobtor/PHD/ARGOJ8_IA/ARGOSJ8_IA_/install/argj801_sensors_msgs:/home/rhobtor/PHD/ARGOJ8_IA/ARGOSJ8_IA_/install/argj801_ctl_platform:/home/rhobtor/PHD/ARGOJ8_IA/ARGOSJ8_IA_/install/argj801_ctl_platform_interfaces:/home/rhobtor/zed/install/zed_ros2:/home/rhobtor/zed/install/zed_wrapper:/home/rhobtor/zed/install/zed_components:/home/rhobtor/zed/install/zed_interfaces:/home/rhobtor/PHD/ARGOJ8_IA/ARGOSJ8_IA_/install/ntrip_client:/home/rhobtor/PHD/ARGOJ8_IA/ARGOSJ8_IA_/install/j8_gui:/home/rhobtor/PHD/ARGOJ8_IA/ARGOSJ8_IA_/install/car:/home/rhobtor/PHD/ARGOJ8_IA/ARGOSJ8_IA_/install/android_ros2_server:/home/rhobtor/PHD/ARGOJ8_IA/ARGOSJ8_IA_/install/GUI_pkg:/opt/ros/humble LD_LIBRARY_PATH=/home/rhobtor/PHD/ARGOJ8_IA/ARGOSJ8_IA_/install/ublox_msgs/lib:/home/rhobtor/PHD/ARGOJ8_IA/ARGOSJ8_IA_/install/path_manager_interfaces/lib:/home/rhobtor/PHD/ARGOJ8_IA/ARGOSJ8_IA_/install/ctl_mission_interfaces/lib:/home/rhobtor/PHD/ARGOJ8_IA/ARGOSJ8_IA_/install/wiimote_msgs/lib:/home/rhobtor/PHD/ARGOJ8_IA/ARGOSJ8_IA_/install/ublox_gps/lib:/home/rhobtor/PHD/ARGOJ8_IA/ARGOSJ8_IA_/install/spacenav/lib:/home/rhobtor/PHD/ARGOJ8_IA/ARGOSJ8_IA_/install/laser_segmentation/lib:/home/rhobtor/PHD/ARGOJ8_IA/ARGOSJ8_IA_/install/slg_msgs/lib:/home/rhobtor/PHD/ARGOJ8_IA/ARGOSJ8_IA_/install/security_check_interfaces/lib:/home/rhobtor/PHD/ARGOJ8_IA/ARGOSJ8_IA_/install/joy/lib:/home/rhobtor/PHD/ARGOJ8_IA/ARGOSJ8_IA_/install/octomap_rviz_plugins/lib:/home/rhobtor/PHD/ARGOJ8_IA/ARGOSJ8_IA_/install/j8_xacro_model/lib:/home/rhobtor/PHD/ARGOJ8_IA/ARGOSJ8_IA_/install/hector_gazebo_plugins/lib:/home/rhobtor/PHD/ARGOJ8_IA/ARGOSJ8_IA_/install/fixposition_sensor_pkg/lib:/home/rhobtor/PHD/ARGOJ8_IA/ARGOSJ8_IA_/install/fixposition_odometry_converter_ros2/lib:/home/rhobtor/PHD/ARGOJ8_IA/ARGOSJ8_IA_/install/fixposition_driver_ros2/lib:/home/rhobtor/PHD/ARGOJ8_IA/ARGOSJ8_IA_/install/fixposition_driver_lib/lib:/home/rhobtor/PHD/ARGOJ8_IA/ARGOSJ8_IA_/install/fixposition_gnss_tf/lib:/home/rhobtor/PHD/ARGOJ8_IA/ARGOSJ8_IA_/install/car_cpp/lib:/home/rhobtor/PHD/ARGOJ8_IA/ARGOSJ8_IA_/install/car_interfaces/lib:/home/rhobtor/PHD/ARGOJ8_IA/ARGOSJ8_IA_/install/argj801_sensors_msgs/lib:/home/rhobtor/PHD/ARGOJ8_IA/ARGOSJ8_IA_/install/argj801_ctl_platform_interfaces/lib:/usr/local/cuda/lib64:/usr/local/cuda/lib64:/usr/local/cuda-12.1/lib64:/usr/local/cuda-11.8/lib64:/usr/local/cuda/lib64:/usr/local/cuda/lib64:/usr/local/cuda-12.1/lib64:/usr/local/cuda-11.8/lib64:/home/rhobtor/zed/install/zed_components/lib:/home/rhobtor/zed/install/zed_interfaces/lib:/usr/lib/x86_64-linux-gnu/gazebo-11/plugins:/opt/ros/humble/opt/rviz_ogre_vendor/lib:/opt/ros/humble/lib/x86_64-linux-gnu:/opt/ros/humble/lib /opt/st/stm32cubeclt_1.18.0/CMake/bin/cmake --build /home/rhobtor/PHD/ARGOJ8_IA/ARGOSJ8_IA_/build/ctl_mission -- -j16 -l16
[9.707s] DEBUG:colcon.colcon_core.event_handler.log_command:Invoked command in '/home/rhobtor/PHD/ARGOJ8_IA/ARGOSJ8_IA_/build/ctl_mission' returned '0': CMAKE_PREFIX_PATH=/home/rhobtor/PHD/ARGOJ8_IA/ARGOSJ8_IA_/install/ublox_msgs:/home/rhobtor/PHD/ARGOJ8_IA/ARGOSJ8_IA_/install/ublox_serialization:/home/rhobtor/PHD/ARGOJ8_IA/ARGOSJ8_IA_/install/path_manager_interfaces:/home/rhobtor/PHD/ARGOJ8_IA/ARGOSJ8_IA_/install/ctl_mission_interfaces:/home/rhobtor/PHD/ARGOJ8_IA/ARGOSJ8_IA_/install/wiimote_msgs:/home/rhobtor/PHD/ARGOJ8_IA/ARGOSJ8_IA_/install/ublox:/home/rhobtor/PHD/ARGOJ8_IA/ARGOSJ8_IA_/install/ublox_gps:/home/rhobtor/PHD/ARGOJ8_IA/ARGOSJ8_IA_/install/security_check:/home/rhobtor/PHD/ARGOJ8_IA/ARGOSJ8_IA_/install/ctl_mission:/home/rhobtor/PHD/ARGOJ8_IA/ARGOSJ8_IA_/install/spacenav:/home/rhobtor/PHD/ARGOJ8_IA/ARGOSJ8_IA_/install/laser_segmentation:/home/rhobtor/PHD/ARGOJ8_IA/ARGOSJ8_IA_/install/slg_msgs:/home/rhobtor/PHD/ARGOJ8_IA/ARGOSJ8_IA_/install/security_check_interfaces:/home/rhobtor/PHD/ARGOJ8_IA/ARGOSJ8_IA_/install/joy:/home/rhobtor/PHD/ARGOJ8_IA/ARGOSJ8_IA_/install/sdl2_vendor:/home/rhobtor/PHD/ARGOJ8_IA/ARGOSJ8_IA_/install/path_manager:/home/rhobtor/PHD/ARGOJ8_IA/ARGOSJ8_IA_/install/octomap_rviz_plugins:/home/rhobtor/PHD/ARGOJ8_IA/ARGOSJ8_IA_/install/joy_linux:/home/rhobtor/PHD/ARGOJ8_IA/ARGOSJ8_IA_/install/j8_xacro_model:/home/rhobtor/PHD/ARGOJ8_IA/ARGOSJ8_IA_/install/hector_gazebo_plugins:/home/rhobtor/PHD/ARGOJ8_IA/ARGOSJ8_IA_/install/fixposition_sensor_pkg:/home/rhobtor/PHD/ARGOJ8_IA/ARGOSJ8_IA_/install/fixposition_odometry_converter_ros2:/home/rhobtor/PHD/ARGOJ8_IA/ARGOSJ8_IA_/install/fixposition_driver_ros2:/home/rhobtor/PHD/ARGOJ8_IA/ARGOSJ8_IA_/install/fixposition_driver_lib:/home/rhobtor/PHD/ARGOJ8_IA/ARGOSJ8_IA_/install/fixposition_gnss_tf:/home/rhobtor/PHD/ARGOJ8_IA/ARGOSJ8_IA_/install/car_cpp:/home/rhobtor/PHD/ARGOJ8_IA/ARGOSJ8_IA_/install/car_interfaces:/home/rhobtor/PHD/ARGOJ8_IA/ARGOSJ8_IA_/install/argj801_setup:/home/rhobtor/PHD/ARGOJ8_IA/ARGOSJ8_IA_/install/argj801_sensors:/home/rhobtor/PHD/ARGOJ8_IA/ARGOSJ8_IA_/install/argj801_sensors_msgs:/home/rhobtor/PHD/ARGOJ8_IA/ARGOSJ8_IA_/install/argj801_ctl_platform:/home/rhobtor/PHD/ARGOJ8_IA/ARGOSJ8_IA_/install/argj801_ctl_platform_interfaces:/home/rhobtor/zed/install/zed_ros2:/home/rhobtor/zed/install/zed_wrapper:/home/rhobtor/zed/install/zed_components:/home/rhobtor/zed/install/zed_interfaces:/home/rhobtor/PHD/ARGOJ8_IA/ARGOSJ8_IA_/install/ntrip_client:/home/rhobtor/PHD/ARGOJ8_IA/ARGOSJ8_IA_/install/j8_gui:/home/rhobtor/PHD/ARGOJ8_IA/ARGOSJ8_IA_/install/car:/home/rhobtor/PHD/ARGOJ8_IA/ARGOSJ8_IA_/install/android_ros2_server:/home/rhobtor/PHD/ARGOJ8_IA/ARGOSJ8_IA_/install/GUI_pkg:/opt/ros/humble LD_LIBRARY_PATH=/home/rhobtor/PHD/ARGOJ8_IA/ARGOSJ8_IA_/install/ublox_msgs/lib:/home/rhobtor/PHD/ARGOJ8_IA/ARGOSJ8_IA_/install/path_manager_interfaces/lib:/home/rhobtor/PHD/ARGOJ8_IA/ARGOSJ8_IA_/install/ctl_mission_interfaces/lib:/home/rhobtor/PHD/ARGOJ8_IA/ARGOSJ8_IA_/install/wiimote_msgs/lib:/home/rhobtor/PHD/ARGOJ8_IA/ARGOSJ8_IA_/install/ublox_gps/lib:/home/rhobtor/PHD/ARGOJ8_IA/ARGOSJ8_IA_/install/spacenav/lib:/home/rhobtor/PHD/ARGOJ8_IA/ARGOSJ8_IA_/install/laser_segmentation/lib:/home/rhobtor/PHD/ARGOJ8_IA/ARGOSJ8_IA_/install/slg_msgs/lib:/home/rhobtor/PHD/ARGOJ8_IA/ARGOSJ8_IA_/install/security_check_interfaces/lib:/home/rhobtor/PHD/ARGOJ8_IA/ARGOSJ8_IA_/install/joy/lib:/home/rhobtor/PHD/ARGOJ8_IA/ARGOSJ8_IA_/install/octomap_rviz_plugins/lib:/home/rhobtor/PHD/ARGOJ8_IA/ARGOSJ8_IA_/install/j8_xacro_model/lib:/home/rhobtor/PHD/ARGOJ8_IA/ARGOSJ8_IA_/install/hector_gazebo_plugins/lib:/home/rhobtor/PHD/ARGOJ8_IA/ARGOSJ8_IA_/install/fixposition_sensor_pkg/lib:/home/rhobtor/PHD/ARGOJ8_IA/ARGOSJ8_IA_/install/fixposition_odometry_converter_ros2/lib:/home/rhobtor/PHD/ARGOJ8_IA/ARGOSJ8_IA_/install/fixposition_driver_ros2/lib:/home/rhobtor/PHD/ARGOJ8_IA/ARGOSJ8_IA_/install/fixposition_driver_lib/lib:/home/rhobtor/PHD/ARGOJ8_IA/ARGOSJ8_IA_/install/fixposition_gnss_tf/lib:/home/rhobtor/PHD/ARGOJ8_IA/ARGOSJ8_IA_/install/car_cpp/lib:/home/rhobtor/PHD/ARGOJ8_IA/ARGOSJ8_IA_/install/car_interfaces/lib:/home/rhobtor/PHD/ARGOJ8_IA/ARGOSJ8_IA_/install/argj801_sensors_msgs/lib:/home/rhobtor/PHD/ARGOJ8_IA/ARGOSJ8_IA_/install/argj801_ctl_platform_interfaces/lib:/usr/local/cuda/lib64:/usr/local/cuda/lib64:/usr/local/cuda-12.1/lib64:/usr/local/cuda-11.8/lib64:/usr/local/cuda/lib64:/usr/local/cuda/lib64:/usr/local/cuda-12.1/lib64:/usr/local/cuda-11.8/lib64:/home/rhobtor/zed/install/zed_components/lib:/home/rhobtor/zed/install/zed_interfaces/lib:/usr/lib/x86_64-linux-gnu/gazebo-11/plugins:/opt/ros/humble/opt/rviz_ogre_vendor/lib:/opt/ros/humble/lib/x86_64-linux-gnu:/opt/ros/humble/lib /opt/st/stm32cubeclt_1.18.0/CMake/bin/cmake --build /home/rhobtor/PHD/ARGOJ8_IA/ARGOSJ8_IA_/build/ctl_mission -- -j16 -l16
[9.712s] DEBUG:colcon.colcon_core.event_handler.log_command:Invoking command in '/home/rhobtor/PHD/ARGOJ8_IA/ARGOSJ8_IA_/build/ctl_mission': CMAKE_PREFIX_PATH=/home/rhobtor/PHD/ARGOJ8_IA/ARGOSJ8_IA_/install/ublox_msgs:/home/rhobtor/PHD/ARGOJ8_IA/ARGOSJ8_IA_/install/ublox_serialization:/home/rhobtor/PHD/ARGOJ8_IA/ARGOSJ8_IA_/install/path_manager_interfaces:/home/rhobtor/PHD/ARGOJ8_IA/ARGOSJ8_IA_/install/ctl_mission_interfaces:/home/rhobtor/PHD/ARGOJ8_IA/ARGOSJ8_IA_/install/wiimote_msgs:/home/rhobtor/PHD/ARGOJ8_IA/ARGOSJ8_IA_/install/ublox:/home/rhobtor/PHD/ARGOJ8_IA/ARGOSJ8_IA_/install/ublox_gps:/home/rhobtor/PHD/ARGOJ8_IA/ARGOSJ8_IA_/install/security_check:/home/rhobtor/PHD/ARGOJ8_IA/ARGOSJ8_IA_/install/ctl_mission:/home/rhobtor/PHD/ARGOJ8_IA/ARGOSJ8_IA_/install/spacenav:/home/rhobtor/PHD/ARGOJ8_IA/ARGOSJ8_IA_/install/laser_segmentation:/home/rhobtor/PHD/ARGOJ8_IA/ARGOSJ8_IA_/install/slg_msgs:/home/rhobtor/PHD/ARGOJ8_IA/ARGOSJ8_IA_/install/security_check_interfaces:/home/rhobtor/PHD/ARGOJ8_IA/ARGOSJ8_IA_/install/joy:/home/rhobtor/PHD/ARGOJ8_IA/ARGOSJ8_IA_/install/sdl2_vendor:/home/rhobtor/PHD/ARGOJ8_IA/ARGOSJ8_IA_/install/path_manager:/home/rhobtor/PHD/ARGOJ8_IA/ARGOSJ8_IA_/install/octomap_rviz_plugins:/home/rhobtor/PHD/ARGOJ8_IA/ARGOSJ8_IA_/install/joy_linux:/home/rhobtor/PHD/ARGOJ8_IA/ARGOSJ8_IA_/install/j8_xacro_model:/home/rhobtor/PHD/ARGOJ8_IA/ARGOSJ8_IA_/install/hector_gazebo_plugins:/home/rhobtor/PHD/ARGOJ8_IA/ARGOSJ8_IA_/install/fixposition_sensor_pkg:/home/rhobtor/PHD/ARGOJ8_IA/ARGOSJ8_IA_/install/fixposition_odometry_converter_ros2:/home/rhobtor/PHD/ARGOJ8_IA/ARGOSJ8_IA_/install/fixposition_driver_ros2:/home/rhobtor/PHD/ARGOJ8_IA/ARGOSJ8_IA_/install/fixposition_driver_lib:/home/rhobtor/PHD/ARGOJ8_IA/ARGOSJ8_IA_/install/fixposition_gnss_tf:/home/rhobtor/PHD/ARGOJ8_IA/ARGOSJ8_IA_/install/car_cpp:/home/rhobtor/PHD/ARGOJ8_IA/ARGOSJ8_IA_/install/car_interfaces:/home/rhobtor/PHD/ARGOJ8_IA/ARGOSJ8_IA_/install/argj801_setup:/home/rhobtor/PHD/ARGOJ8_IA/ARGOSJ8_IA_/install/argj801_sensors:/home/rhobtor/PHD/ARGOJ8_IA/ARGOSJ8_IA_/install/argj801_sensors_msgs:/home/rhobtor/PHD/ARGOJ8_IA/ARGOSJ8_IA_/install/argj801_ctl_platform:/home/rhobtor/PHD/ARGOJ8_IA/ARGOSJ8_IA_/install/argj801_ctl_platform_interfaces:/home/rhobtor/zed/install/zed_ros2:/home/rhobtor/zed/install/zed_wrapper:/home/rhobtor/zed/install/zed_components:/home/rhobtor/zed/install/zed_interfaces:/home/rhobtor/PHD/ARGOJ8_IA/ARGOSJ8_IA_/install/ntrip_client:/home/rhobtor/PHD/ARGOJ8_IA/ARGOSJ8_IA_/install/j8_gui:/home/rhobtor/PHD/ARGOJ8_IA/ARGOSJ8_IA_/install/car:/home/rhobtor/PHD/ARGOJ8_IA/ARGOSJ8_IA_/install/android_ros2_server:/home/rhobtor/PHD/ARGOJ8_IA/ARGOSJ8_IA_/install/GUI_pkg:/opt/ros/humble LD_LIBRARY_PATH=/home/rhobtor/PHD/ARGOJ8_IA/ARGOSJ8_IA_/install/ublox_msgs/lib:/home/rhobtor/PHD/ARGOJ8_IA/ARGOSJ8_IA_/install/path_manager_interfaces/lib:/home/rhobtor/PHD/ARGOJ8_IA/ARGOSJ8_IA_/install/ctl_mission_interfaces/lib:/home/rhobtor/PHD/ARGOJ8_IA/ARGOSJ8_IA_/install/wiimote_msgs/lib:/home/rhobtor/PHD/ARGOJ8_IA/ARGOSJ8_IA_/install/ublox_gps/lib:/home/rhobtor/PHD/ARGOJ8_IA/ARGOSJ8_IA_/install/spacenav/lib:/home/rhobtor/PHD/ARGOJ8_IA/ARGOSJ8_IA_/install/laser_segmentation/lib:/home/rhobtor/PHD/ARGOJ8_IA/ARGOSJ8_IA_/install/slg_msgs/lib:/home/rhobtor/PHD/ARGOJ8_IA/ARGOSJ8_IA_/install/security_check_interfaces/lib:/home/rhobtor/PHD/ARGOJ8_IA/ARGOSJ8_IA_/install/joy/lib:/home/rhobtor/PHD/ARGOJ8_IA/ARGOSJ8_IA_/install/octomap_rviz_plugins/lib:/home/rhobtor/PHD/ARGOJ8_IA/ARGOSJ8_IA_/install/j8_xacro_model/lib:/home/rhobtor/PHD/ARGOJ8_IA/ARGOSJ8_IA_/install/hector_gazebo_plugins/lib:/home/rhobtor/PHD/ARGOJ8_IA/ARGOSJ8_IA_/install/fixposition_sensor_pkg/lib:/home/rhobtor/PHD/ARGOJ8_IA/ARGOSJ8_IA_/install/fixposition_odometry_converter_ros2/lib:/home/rhobtor/PHD/ARGOJ8_IA/ARGOSJ8_IA_/install/fixposition_driver_ros2/lib:/home/rhobtor/PHD/ARGOJ8_IA/ARGOSJ8_IA_/install/fixposition_driver_lib/lib:/home/rhobtor/PHD/ARGOJ8_IA/ARGOSJ8_IA_/install/fixposition_gnss_tf/lib:/home/rhobtor/PHD/ARGOJ8_IA/ARGOSJ8_IA_/install/car_cpp/lib:/home/rhobtor/PHD/ARGOJ8_IA/ARGOSJ8_IA_/install/car_interfaces/lib:/home/rhobtor/PHD/ARGOJ8_IA/ARGOSJ8_IA_/install/argj801_sensors_msgs/lib:/home/rhobtor/PHD/ARGOJ8_IA/ARGOSJ8_IA_/install/argj801_ctl_platform_interfaces/lib:/usr/local/cuda/lib64:/usr/local/cuda/lib64:/usr/local/cuda-12.1/lib64:/usr/local/cuda-11.8/lib64:/usr/local/cuda/lib64:/usr/local/cuda/lib64:/usr/local/cuda-12.1/lib64:/usr/local/cuda-11.8/lib64:/home/rhobtor/zed/install/zed_components/lib:/home/rhobtor/zed/install/zed_interfaces/lib:/usr/lib/x86_64-linux-gnu/gazebo-11/plugins:/opt/ros/humble/opt/rviz_ogre_vendor/lib:/opt/ros/humble/lib/x86_64-linux-gnu:/opt/ros/humble/lib /opt/st/stm32cubeclt_1.18.0/CMake/bin/cmake --install /home/rhobtor/PHD/ARGOJ8_IA/ARGOSJ8_IA_/build/ctl_mission
[9.780s] Level 1:colcon.colcon_core.environment:create_environment_scripts_only(ctl_mission)
[9.780s] DEBUG:colcon.colcon_core.event_handler.log_command:Invoked command in '/home/rhobtor/PHD/ARGOJ8_IA/ARGOSJ8_IA_/build/ctl_mission' returned '0': CMAKE_PREFIX_PATH=/home/rhobtor/PHD/ARGOJ8_IA/ARGOSJ8_IA_/install/ublox_msgs:/home/rhobtor/PHD/ARGOJ8_IA/ARGOSJ8_IA_/install/ublox_serialization:/home/rhobtor/PHD/ARGOJ8_IA/ARGOSJ8_IA_/install/path_manager_interfaces:/home/rhobtor/PHD/ARGOJ8_IA/ARGOSJ8_IA_/install/ctl_mission_interfaces:/home/rhobtor/PHD/ARGOJ8_IA/ARGOSJ8_IA_/install/wiimote_msgs:/home/rhobtor/PHD/ARGOJ8_IA/ARGOSJ8_IA_/install/ublox:/home/rhobtor/PHD/ARGOJ8_IA/ARGOSJ8_IA_/install/ublox_gps:/home/rhobtor/PHD/ARGOJ8_IA/ARGOSJ8_IA_/install/security_check:/home/rhobtor/PHD/ARGOJ8_IA/ARGOSJ8_IA_/install/ctl_mission:/home/rhobtor/PHD/ARGOJ8_IA/ARGOSJ8_IA_/install/spacenav:/home/rhobtor/PHD/ARGOJ8_IA/ARGOSJ8_IA_/install/laser_segmentation:/home/rhobtor/PHD/ARGOJ8_IA/ARGOSJ8_IA_/install/slg_msgs:/home/rhobtor/PHD/ARGOJ8_IA/ARGOSJ8_IA_/install/security_check_interfaces:/home/rhobtor/PHD/ARGOJ8_IA/ARGOSJ8_IA_/install/joy:/home/rhobtor/PHD/ARGOJ8_IA/ARGOSJ8_IA_/install/sdl2_vendor:/home/rhobtor/PHD/ARGOJ8_IA/ARGOSJ8_IA_/install/path_manager:/home/rhobtor/PHD/ARGOJ8_IA/ARGOSJ8_IA_/install/octomap_rviz_plugins:/home/rhobtor/PHD/ARGOJ8_IA/ARGOSJ8_IA_/install/joy_linux:/home/rhobtor/PHD/ARGOJ8_IA/ARGOSJ8_IA_/install/j8_xacro_model:/home/rhobtor/PHD/ARGOJ8_IA/ARGOSJ8_IA_/install/hector_gazebo_plugins:/home/rhobtor/PHD/ARGOJ8_IA/ARGOSJ8_IA_/install/fixposition_sensor_pkg:/home/rhobtor/PHD/ARGOJ8_IA/ARGOSJ8_IA_/install/fixposition_odometry_converter_ros2:/home/rhobtor/PHD/ARGOJ8_IA/ARGOSJ8_IA_/install/fixposition_driver_ros2:/home/rhobtor/PHD/ARGOJ8_IA/ARGOSJ8_IA_/install/fixposition_driver_lib:/home/rhobtor/PHD/ARGOJ8_IA/ARGOSJ8_IA_/install/fixposition_gnss_tf:/home/rhobtor/PHD/ARGOJ8_IA/ARGOSJ8_IA_/install/car_cpp:/home/rhobtor/PHD/ARGOJ8_IA/ARGOSJ8_IA_/install/car_interfaces:/home/rhobtor/PHD/ARGOJ8_IA/ARGOSJ8_IA_/install/argj801_setup:/home/rhobtor/PHD/ARGOJ8_IA/ARGOSJ8_IA_/install/argj801_sensors:/home/rhobtor/PHD/ARGOJ8_IA/ARGOSJ8_IA_/install/argj801_sensors_msgs:/home/rhobtor/PHD/ARGOJ8_IA/ARGOSJ8_IA_/install/argj801_ctl_platform:/home/rhobtor/PHD/ARGOJ8_IA/ARGOSJ8_IA_/install/argj801_ctl_platform_interfaces:/home/rhobtor/zed/install/zed_ros2:/home/rhobtor/zed/install/zed_wrapper:/home/rhobtor/zed/install/zed_components:/home/rhobtor/zed/install/zed_interfaces:/home/rhobtor/PHD/ARGOJ8_IA/ARGOSJ8_IA_/install/ntrip_client:/home/rhobtor/PHD/ARGOJ8_IA/ARGOSJ8_IA_/install/j8_gui:/home/rhobtor/PHD/ARGOJ8_IA/ARGOSJ8_IA_/install/car:/home/rhobtor/PHD/ARGOJ8_IA/ARGOSJ8_IA_/install/android_ros2_server:/home/rhobtor/PHD/ARGOJ8_IA/ARGOSJ8_IA_/install/GUI_pkg:/opt/ros/humble LD_LIBRARY_PATH=/home/rhobtor/PHD/ARGOJ8_IA/ARGOSJ8_IA_/install/ublox_msgs/lib:/home/rhobtor/PHD/ARGOJ8_IA/ARGOSJ8_IA_/install/path_manager_interfaces/lib:/home/rhobtor/PHD/ARGOJ8_IA/ARGOSJ8_IA_/install/ctl_mission_interfaces/lib:/home/rhobtor/PHD/ARGOJ8_IA/ARGOSJ8_IA_/install/wiimote_msgs/lib:/home/rhobtor/PHD/ARGOJ8_IA/ARGOSJ8_IA_/install/ublox_gps/lib:/home/rhobtor/PHD/ARGOJ8_IA/ARGOSJ8_IA_/install/spacenav/lib:/home/rhobtor/PHD/ARGOJ8_IA/ARGOSJ8_IA_/install/laser_segmentation/lib:/home/rhobtor/PHD/ARGOJ8_IA/ARGOSJ8_IA_/install/slg_msgs/lib:/home/rhobtor/PHD/ARGOJ8_IA/ARGOSJ8_IA_/install/security_check_interfaces/lib:/home/rhobtor/PHD/ARGOJ8_IA/ARGOSJ8_IA_/install/joy/lib:/home/rhobtor/PHD/ARGOJ8_IA/ARGOSJ8_IA_/install/octomap_rviz_plugins/lib:/home/rhobtor/PHD/ARGOJ8_IA/ARGOSJ8_IA_/install/j8_xacro_model/lib:/home/rhobtor/PHD/ARGOJ8_IA/ARGOSJ8_IA_/install/hector_gazebo_plugins/lib:/home/rhobtor/PHD/ARGOJ8_IA/ARGOSJ8_IA_/install/fixposition_sensor_pkg/lib:/home/rhobtor/PHD/ARGOJ8_IA/ARGOSJ8_IA_/install/fixposition_odometry_converter_ros2/lib:/home/rhobtor/PHD/ARGOJ8_IA/ARGOSJ8_IA_/install/fixposition_driver_ros2/lib:/home/rhobtor/PHD/ARGOJ8_IA/ARGOSJ8_IA_/install/fixposition_driver_lib/lib:/home/rhobtor/PHD/ARGOJ8_IA/ARGOSJ8_IA_/install/fixposition_gnss_tf/lib:/home/rhobtor/PHD/ARGOJ8_IA/ARGOSJ8_IA_/install/car_cpp/lib:/home/rhobtor/PHD/ARGOJ8_IA/ARGOSJ8_IA_/install/car_interfaces/lib:/home/rhobtor/PHD/ARGOJ8_IA/ARGOSJ8_IA_/install/argj801_sensors_msgs/lib:/home/rhobtor/PHD/ARGOJ8_IA/ARGOSJ8_IA_/install/argj801_ctl_platform_interfaces/lib:/usr/local/cuda/lib64:/usr/local/cuda/lib64:/usr/local/cuda-12.1/lib64:/usr/local/cuda-11.8/lib64:/usr/local/cuda/lib64:/usr/local/cuda/lib64:/usr/local/cuda-12.1/lib64:/usr/local/cuda-11.8/lib64:/home/rhobtor/zed/install/zed_components/lib:/home/rhobtor/zed/install/zed_interfaces/lib:/usr/lib/x86_64-linux-gnu/gazebo-11/plugins:/opt/ros/humble/opt/rviz_ogre_vendor/lib:/opt/ros/humble/lib/x86_64-linux-gnu:/opt/ros/humble/lib /opt/st/stm32cubeclt_1.18.0/CMake/bin/cmake --install /home/rhobtor/PHD/ARGOJ8_IA/ARGOSJ8_IA_/build/ctl_mission
[9.782s] Level 1:colcon.colcon_core.environment:checking '/home/rhobtor/PHD/ARGOJ8_IA/ARGOSJ8_IA_/install/ctl_mission' for CMake module files
[9.782s] Level 1:colcon.colcon_core.environment:checking '/home/rhobtor/PHD/ARGOJ8_IA/ARGOSJ8_IA_/install/ctl_mission' for CMake config files
[9.782s] Level 1:colcon.colcon_core.shell:create_environment_hook('ctl_mission', 'cmake_prefix_path')
[9.782s] INFO:colcon.colcon_core.shell:Creating environment hook '/home/rhobtor/PHD/ARGOJ8_IA/ARGOSJ8_IA_/install/ctl_mission/share/ctl_mission/hook/cmake_prefix_path.ps1'
[9.783s] INFO:colcon.colcon_core.shell:Creating environment descriptor '/home/rhobtor/PHD/ARGOJ8_IA/ARGOSJ8_IA_/install/ctl_mission/share/ctl_mission/hook/cmake_prefix_path.dsv'
[9.783s] INFO:colcon.colcon_core.shell:Creating environment hook '/home/rhobtor/PHD/ARGOJ8_IA/ARGOSJ8_IA_/install/ctl_mission/share/ctl_mission/hook/cmake_prefix_path.sh'
[9.783s] Level 1:colcon.colcon_core.environment:checking '/home/rhobtor/PHD/ARGOJ8_IA/ARGOSJ8_IA_/install/ctl_mission/lib'
[9.784s] Level 1:colcon.colcon_core.environment:checking '/home/rhobtor/PHD/ARGOJ8_IA/ARGOSJ8_IA_/install/ctl_mission/bin'
[9.784s] Level 1:colcon.colcon_core.environment:checking '/home/rhobtor/PHD/ARGOJ8_IA/ARGOSJ8_IA_/install/ctl_mission/lib/pkgconfig/ctl_mission.pc'
[9.784s] Level 1:colcon.colcon_core.environment:checking '/home/rhobtor/PHD/ARGOJ8_IA/ARGOSJ8_IA_/install/ctl_mission/lib/python3.10/site-packages'
[9.784s] Level 1:colcon.colcon_core.environment:checking '/home/rhobtor/PHD/ARGOJ8_IA/ARGOSJ8_IA_/install/ctl_mission/bin'
[9.784s] INFO:colcon.colcon_core.shell:Creating package script '/home/rhobtor/PHD/ARGOJ8_IA/ARGOSJ8_IA_/install/ctl_mission/share/ctl_mission/package.ps1'
[9.785s] INFO:colcon.colcon_core.shell:Creating package descriptor '/home/rhobtor/PHD/ARGOJ8_IA/ARGOSJ8_IA_/install/ctl_mission/share/ctl_mission/package.dsv'
[9.785s] INFO:colcon.colcon_core.shell:Creating package script '/home/rhobtor/PHD/ARGOJ8_IA/ARGOSJ8_IA_/install/ctl_mission/share/ctl_mission/package.sh'
[9.785s] INFO:colcon.colcon_core.shell:Creating package script '/home/rhobtor/PHD/ARGOJ8_IA/ARGOSJ8_IA_/install/ctl_mission/share/ctl_mission/package.bash'
[9.786s] INFO:colcon.colcon_core.shell:Creating package script '/home/rhobtor/PHD/ARGOJ8_IA/ARGOSJ8_IA_/install/ctl_mission/share/ctl_mission/package.zsh'
[9.786s] Level 1:colcon.colcon_core.environment:create_file_with_runtime_dependencies(/home/rhobtor/PHD/ARGOJ8_IA/ARGOSJ8_IA_/install/ctl_mission/share/colcon-core/packages/ctl_mission)
[9.786s] Level 1:colcon.colcon_core.environment:create_environment_scripts_only(ctl_mission)
[9.787s] Level 1:colcon.colcon_core.environment:checking '/home/rhobtor/PHD/ARGOJ8_IA/ARGOSJ8_IA_/install/ctl_mission' for CMake module files
[9.787s] Level 1:colcon.colcon_core.environment:checking '/home/rhobtor/PHD/ARGOJ8_IA/ARGOSJ8_IA_/install/ctl_mission' for CMake config files
[9.787s] Level 1:colcon.colcon_core.shell:create_environment_hook('ctl_mission', 'cmake_prefix_path')
[9.787s] INFO:colcon.colcon_core.shell:Creating environment hook '/home/rhobtor/PHD/ARGOJ8_IA/ARGOSJ8_IA_/install/ctl_mission/share/ctl_mission/hook/cmake_prefix_path.ps1'
[9.787s] INFO:colcon.colcon_core.shell:Creating environment descriptor '/home/rhobtor/PHD/ARGOJ8_IA/ARGOSJ8_IA_/install/ctl_mission/share/ctl_mission/hook/cmake_prefix_path.dsv'
[9.787s] INFO:colcon.colcon_core.shell:Creating environment hook '/home/rhobtor/PHD/ARGOJ8_IA/ARGOSJ8_IA_/install/ctl_mission/share/ctl_mission/hook/cmake_prefix_path.sh'
[9.788s] Level 1:colcon.colcon_core.environment:checking '/home/rhobtor/PHD/ARGOJ8_IA/ARGOSJ8_IA_/install/ctl_mission/lib'
[9.788s] Level 1:colcon.colcon_core.environment:checking '/home/rhobtor/PHD/ARGOJ8_IA/ARGOSJ8_IA_/install/ctl_mission/bin'
[9.788s] Level 1:colcon.colcon_core.environment:checking '/home/rhobtor/PHD/ARGOJ8_IA/ARGOSJ8_IA_/install/ctl_mission/lib/pkgconfig/ctl_mission.pc'
[9.788s] Level 1:colcon.colcon_core.environment:checking '/home/rhobtor/PHD/ARGOJ8_IA/ARGOSJ8_IA_/install/ctl_mission/lib/python3.10/site-packages'
[9.788s] Level 1:colcon.colcon_core.environment:checking '/home/rhobtor/PHD/ARGOJ8_IA/ARGOSJ8_IA_/install/ctl_mission/bin'
[9.788s] INFO:colcon.colcon_core.shell:Creating package script '/home/rhobtor/PHD/ARGOJ8_IA/ARGOSJ8_IA_/install/ctl_mission/share/ctl_mission/package.ps1'
[9.789s] INFO:colcon.colcon_core.shell:Creating package descriptor '/home/rhobtor/PHD/ARGOJ8_IA/ARGOSJ8_IA_/install/ctl_mission/share/ctl_mission/package.dsv'
[9.789s] INFO:colcon.colcon_core.shell:Creating package script '/home/rhobtor/PHD/ARGOJ8_IA/ARGOSJ8_IA_/install/ctl_mission/share/ctl_mission/package.sh'
[9.789s] INFO:colcon.colcon_core.shell:Creating package script '/home/rhobtor/PHD/ARGOJ8_IA/ARGOSJ8_IA_/install/ctl_mission/share/ctl_mission/package.bash'
[9.789s] INFO:colcon.colcon_core.shell:Creating package script '/home/rhobtor/PHD/ARGOJ8_IA/ARGOSJ8_IA_/install/ctl_mission/share/ctl_mission/package.zsh'
[9.790s] Level 1:colcon.colcon_core.environment:create_file_with_runtime_dependencies(/home/rhobtor/PHD/ARGOJ8_IA/ARGOSJ8_IA_/install/ctl_mission/share/colcon-core/packages/ctl_mission)
[9.790s] DEBUG:colcon.colcon_parallel_executor.executor.parallel:closing loop
[9.790s] DEBUG:colcon.colcon_parallel_executor.executor.parallel:loop closed
[9.790s] DEBUG:colcon.colcon_parallel_executor.executor.parallel:run_until_complete finished with '0'
[9.790s] DEBUG:colcon.colcon_core.event_reactor:joining thread
[9.795s] INFO:colcon.colcon_core.plugin_system:Skipping extension 'colcon_notification.desktop_notification.terminal_notifier': Not used on non-Darwin systems
[9.795s] INFO:colcon.colcon_core.plugin_system:Skipping extension 'colcon_notification.desktop_notification.win32': Not used on non-Windows systems
[9.795s] INFO:colcon.colcon_notification.desktop_notification:Sending desktop notification using 'notify2'
[9.807s] DEBUG:colcon.colcon_core.event_reactor:joined thread
[9.807s] INFO:colcon.colcon_core.shell:Creating prefix script '/home/rhobtor/PHD/ARGOJ8_IA/ARGOSJ8_IA_/install/local_setup.ps1'
[9.808s] INFO:colcon.colcon_core.shell:Creating prefix util module '/home/rhobtor/PHD/ARGOJ8_IA/ARGOSJ8_IA_/install/_local_setup_util_ps1.py'
[9.808s] INFO:colcon.colcon_core.shell:Creating prefix chain script '/home/rhobtor/PHD/ARGOJ8_IA/ARGOSJ8_IA_/install/setup.ps1'
[9.810s] INFO:colcon.colcon_core.shell:Creating prefix script '/home/rhobtor/PHD/ARGOJ8_IA/ARGOSJ8_IA_/install/local_setup.sh'
[9.810s] INFO:colcon.colcon_core.shell:Creating prefix util module '/home/rhobtor/PHD/ARGOJ8_IA/ARGOSJ8_IA_/install/_local_setup_util_sh.py'
[9.810s] INFO:colcon.colcon_core.shell:Creating prefix chain script '/home/rhobtor/PHD/ARGOJ8_IA/ARGOSJ8_IA_/install/setup.sh'
[9.812s] INFO:colcon.colcon_core.shell:Creating prefix script '/home/rhobtor/PHD/ARGOJ8_IA/ARGOSJ8_IA_/install/local_setup.bash'
[9.813s] INFO:colcon.colcon_core.shell:Creating prefix chain script '/home/rhobtor/PHD/ARGOJ8_IA/ARGOSJ8_IA_/install/setup.bash'
[9.814s] INFO:colcon.colcon_core.shell:Creating prefix script '/home/rhobtor/PHD/ARGOJ8_IA/ARGOSJ8_IA_/install/local_setup.zsh'
[9.815s] INFO:colcon.colcon_core.shell:Creating prefix chain script '/home/rhobtor/PHD/ARGOJ8_IA/ARGOSJ8_IA_/install/setup.zsh'
