[0.399s] DEBUG:colcon:Command line arguments: ['/usr/bin/colcon', 'build', '--executor', 'parallel', '--parallel-workers', '16']
[0.400s] DEBUG:colcon:Parsed command line arguments: Namespace(log_base=None, log_level=None, verb_name='build', build_base='build', install_base='install', merge_install=False, symlink_install=False, test_result_base=None, continue_on_error=False, executor='parallel', parallel_workers=16, event_handlers=None, ignore_user_meta=False, metas=['./colcon.meta'], base_paths=['.'], packages_ignore=None, packages_ignore_regex=None, paths=None, packages_up_to=None, packages_up_to_regex=None, packages_above=None, packages_above_and_dependencies=None, packages_above_depth=None, packages_select_by_dep=None, packages_skip_by_dep=None, packages_skip_up_to=None, packages_select_build_failed=False, packages_skip_build_finished=False, packages_select_test_failures=False, packages_skip_test_passed=False, packages_select=None, packages_skip=None, packages_select_regex=None, packages_skip_regex=None, packages_start=None, packages_end=None, allow_overriding=[], cmake_args=None, cmake_target=None, cmake_target_skip_unavailable=False, cmake_clean_cache=False, cmake_clean_first=False, cmake_force_configure=False, ament_cmake_args=None, catkin_cmake_args=None, catkin_skip_building_tests=False, verb_parser=<colcon_defaults.argument_parser.defaults.DefaultArgumentsDecorator object at 0x7248d7742bf0>, verb_extension=<colcon_core.verb.build.BuildVerb object at 0x7248d7742650>, main=<bound method BuildVerb.main of <colcon_core.verb.build.BuildVerb object at 0x7248d7742650>>)
[0.899s] Level 1:colcon.colcon_core.package_discovery:discover_packages(colcon_meta) check parameters
[0.899s] Level 1:colcon.colcon_core.package_discovery:discover_packages(recursive) check parameters
[0.899s] Level 1:colcon.colcon_core.package_discovery:discover_packages(ignore) check parameters
[0.899s] Level 1:colcon.colcon_core.package_discovery:discover_packages(path) check parameters
[0.899s] Level 1:colcon.colcon_core.package_discovery:discover_packages(colcon_meta) discover
[0.899s] Level 1:colcon.colcon_core.package_discovery:discover_packages(recursive) discover
[0.899s] INFO:colcon.colcon_core.package_discovery:Crawling recursively for packages in '/home/rhobtor/PHD/ARGOJ8_IA'
[0.899s] Level 1:colcon.colcon_core.package_identification:_identify(.) by extensions ['ignore', 'ignore_ament_install']
[0.899s] Level 1:colcon.colcon_core.package_identification:_identify(.) by extension 'ignore'
[0.899s] Level 1:colcon.colcon_core.package_identification:_identify(.) by extension 'ignore_ament_install'
[0.899s] Level 1:colcon.colcon_core.package_identification:_identify(.) by extensions ['colcon_pkg']
[0.899s] Level 1:colcon.colcon_core.package_identification:_identify(.) by extension 'colcon_pkg'
[0.900s] Level 1:colcon.colcon_core.package_identification:_identify(.) by extensions ['colcon_meta']
[0.900s] Level 1:colcon.colcon_core.package_identification:_identify(.) by extension 'colcon_meta'
[0.900s] Level 1:colcon.colcon_core.package_identification:_identify(.) by extensions ['ros']
[0.900s] Level 1:colcon.colcon_core.package_identification:_identify(.) by extension 'ros'
[0.912s] Level 1:colcon.colcon_core.package_identification:_identify(.) by extensions ['cmake', 'python']
[0.912s] Level 1:colcon.colcon_core.package_identification:_identify(.) by extension 'cmake'
[0.912s] Level 1:colcon.colcon_core.package_identification:_identify(.) by extension 'python'
[0.913s] Level 1:colcon.colcon_core.package_identification:_identify(.) by extensions ['python_setup_py']
[0.913s] Level 1:colcon.colcon_core.package_identification:_identify(.) by extension 'python_setup_py'
[0.913s] Level 1:colcon.colcon_core.package_identification:_identify(build) by extensions ['ignore', 'ignore_ament_install']
[0.913s] Level 1:colcon.colcon_core.package_identification:_identify(build) by extension 'ignore'
[0.913s] Level 1:colcon.colcon_core.package_identification:_identify(build) ignored
[0.913s] Level 1:colcon.colcon_core.package_identification:_identify(imgs) by extensions ['ignore', 'ignore_ament_install']
[0.913s] Level 1:colcon.colcon_core.package_identification:_identify(imgs) by extension 'ignore'
[0.913s] Level 1:colcon.colcon_core.package_identification:_identify(imgs) by extension 'ignore_ament_install'
[0.913s] Level 1:colcon.colcon_core.package_identification:_identify(imgs) by extensions ['colcon_pkg']
[0.913s] Level 1:colcon.colcon_core.package_identification:_identify(imgs) by extension 'colcon_pkg'
[0.913s] Level 1:colcon.colcon_core.package_identification:_identify(imgs) by extensions ['colcon_meta']
[0.913s] Level 1:colcon.colcon_core.package_identification:_identify(imgs) by extension 'colcon_meta'
[0.913s] Level 1:colcon.colcon_core.package_identification:_identify(imgs) by extensions ['ros']
[0.913s] Level 1:colcon.colcon_core.package_identification:_identify(imgs) by extension 'ros'
[0.913s] Level 1:colcon.colcon_core.package_identification:_identify(imgs) by extensions ['cmake', 'python']
[0.913s] Level 1:colcon.colcon_core.package_identification:_identify(imgs) by extension 'cmake'
[0.913s] Level 1:colcon.colcon_core.package_identification:_identify(imgs) by extension 'python'
[0.913s] Level 1:colcon.colcon_core.package_identification:_identify(imgs) by extensions ['python_setup_py']
[0.914s] Level 1:colcon.colcon_core.package_identification:_identify(imgs) by extension 'python_setup_py'
[0.914s] Level 1:colcon.colcon_core.package_identification:_identify(install) by extensions ['ignore', 'ignore_ament_install']
[0.914s] Level 1:colcon.colcon_core.package_identification:_identify(install) by extension 'ignore'
[0.914s] Level 1:colcon.colcon_core.package_identification:_identify(install) ignored
[0.914s] Level 1:colcon.colcon_core.package_identification:_identify(log) by extensions ['ignore', 'ignore_ament_install']
[0.914s] Level 1:colcon.colcon_core.package_identification:_identify(log) by extension 'ignore'
[0.914s] Level 1:colcon.colcon_core.package_identification:_identify(log) ignored
[0.914s] Level 1:colcon.colcon_core.package_identification:_identify(src) by extensions ['ignore', 'ignore_ament_install']
[0.914s] Level 1:colcon.colcon_core.package_identification:_identify(src) by extension 'ignore'
[0.914s] Level 1:colcon.colcon_core.package_identification:_identify(src) by extension 'ignore_ament_install'
[0.914s] Level 1:colcon.colcon_core.package_identification:_identify(src) by extensions ['colcon_pkg']
[0.914s] Level 1:colcon.colcon_core.package_identification:_identify(src) by extension 'colcon_pkg'
[0.914s] Level 1:colcon.colcon_core.package_identification:_identify(src) by extensions ['colcon_meta']
[0.914s] Level 1:colcon.colcon_core.package_identification:_identify(src) by extension 'colcon_meta'
[0.914s] Level 1:colcon.colcon_core.package_identification:_identify(src) by extensions ['ros']
[0.914s] Level 1:colcon.colcon_core.package_identification:_identify(src) by extension 'ros'
[0.915s] Level 1:colcon.colcon_core.package_identification:_identify(src) by extensions ['cmake', 'python']
[0.915s] Level 1:colcon.colcon_core.package_identification:_identify(src) by extension 'cmake'
[0.915s] Level 1:colcon.colcon_core.package_identification:_identify(src) by extension 'python'
[0.915s] Level 1:colcon.colcon_core.package_identification:_identify(src) by extensions ['python_setup_py']
[0.915s] Level 1:colcon.colcon_core.package_identification:_identify(src) by extension 'python_setup_py'
[0.915s] Level 1:colcon.colcon_core.package_identification:_identify(src/argj801_ctl_platform) by extensions ['ignore', 'ignore_ament_install']
[0.915s] Level 1:colcon.colcon_core.package_identification:_identify(src/argj801_ctl_platform) by extension 'ignore'
[0.915s] Level 1:colcon.colcon_core.package_identification:_identify(src/argj801_ctl_platform) by extension 'ignore_ament_install'
[0.915s] Level 1:colcon.colcon_core.package_identification:_identify(src/argj801_ctl_platform) by extensions ['colcon_pkg']
[0.915s] Level 1:colcon.colcon_core.package_identification:_identify(src/argj801_ctl_platform) by extension 'colcon_pkg'
[0.915s] Level 1:colcon.colcon_core.package_identification:_identify(src/argj801_ctl_platform) by extensions ['colcon_meta']
[0.915s] Level 1:colcon.colcon_core.package_identification:_identify(src/argj801_ctl_platform) by extension 'colcon_meta'
[0.915s] Level 1:colcon.colcon_core.package_identification:_identify(src/argj801_ctl_platform) by extensions ['ros']
[0.915s] Level 1:colcon.colcon_core.package_identification:_identify(src/argj801_ctl_platform) by extension 'ros'
[0.915s] Level 1:colcon.colcon_core.package_identification:_identify(src/argj801_ctl_platform) by extensions ['cmake', 'python']
[0.915s] Level 1:colcon.colcon_core.package_identification:_identify(src/argj801_ctl_platform) by extension 'cmake'
[0.915s] Level 1:colcon.colcon_core.package_identification:_identify(src/argj801_ctl_platform) by extension 'python'
[0.915s] Level 1:colcon.colcon_core.package_identification:_identify(src/argj801_ctl_platform) by extensions ['python_setup_py']
[0.915s] Level 1:colcon.colcon_core.package_identification:_identify(src/argj801_ctl_platform) by extension 'python_setup_py'
[0.915s] Level 1:colcon.colcon_core.package_identification:_identify(src/argj801_ctl_platform/argj801_ctl_platform) by extensions ['ignore', 'ignore_ament_install']
[0.916s] Level 1:colcon.colcon_core.package_identification:_identify(src/argj801_ctl_platform/argj801_ctl_platform) by extension 'ignore'
[0.916s] Level 1:colcon.colcon_core.package_identification:_identify(src/argj801_ctl_platform/argj801_ctl_platform) by extension 'ignore_ament_install'
[0.916s] Level 1:colcon.colcon_core.package_identification:_identify(src/argj801_ctl_platform/argj801_ctl_platform) by extensions ['colcon_pkg']
[0.916s] Level 1:colcon.colcon_core.package_identification:_identify(src/argj801_ctl_platform/argj801_ctl_platform) by extension 'colcon_pkg'
[0.916s] Level 1:colcon.colcon_core.package_identification:_identify(src/argj801_ctl_platform/argj801_ctl_platform) by extensions ['colcon_meta']
[0.916s] Level 1:colcon.colcon_core.package_identification:_identify(src/argj801_ctl_platform/argj801_ctl_platform) by extension 'colcon_meta'
[0.916s] Level 1:colcon.colcon_core.package_identification:_identify(src/argj801_ctl_platform/argj801_ctl_platform) by extensions ['ros']
[0.916s] Level 1:colcon.colcon_core.package_identification:_identify(src/argj801_ctl_platform/argj801_ctl_platform) by extension 'ros'
[0.919s] DEBUG:colcon.colcon_core.package_identification:Package 'src/argj801_ctl_platform/argj801_ctl_platform' with type 'ros.ament_cmake' and name 'argj801_ctl_platform'
[0.920s] Level 1:colcon.colcon_core.package_identification:_identify(src/argj801_ctl_platform/argj801_ctl_platform_interfaces) by extensions ['ignore', 'ignore_ament_install']
[0.920s] Level 1:colcon.colcon_core.package_identification:_identify(src/argj801_ctl_platform/argj801_ctl_platform_interfaces) by extension 'ignore'
[0.920s] Level 1:colcon.colcon_core.package_identification:_identify(src/argj801_ctl_platform/argj801_ctl_platform_interfaces) by extension 'ignore_ament_install'
[0.920s] Level 1:colcon.colcon_core.package_identification:_identify(src/argj801_ctl_platform/argj801_ctl_platform_interfaces) by extensions ['colcon_pkg']
[0.920s] Level 1:colcon.colcon_core.package_identification:_identify(src/argj801_ctl_platform/argj801_ctl_platform_interfaces) by extension 'colcon_pkg'
[0.920s] Level 1:colcon.colcon_core.package_identification:_identify(src/argj801_ctl_platform/argj801_ctl_platform_interfaces) by extensions ['colcon_meta']
[0.920s] Level 1:colcon.colcon_core.package_identification:_identify(src/argj801_ctl_platform/argj801_ctl_platform_interfaces) by extension 'colcon_meta'
[0.920s] Level 1:colcon.colcon_core.package_identification:_identify(src/argj801_ctl_platform/argj801_ctl_platform_interfaces) by extensions ['ros']
[0.920s] Level 1:colcon.colcon_core.package_identification:_identify(src/argj801_ctl_platform/argj801_ctl_platform_interfaces) by extension 'ros'
[0.921s] DEBUG:colcon.colcon_core.package_identification:Package 'src/argj801_ctl_platform/argj801_ctl_platform_interfaces' with type 'ros.ament_cmake' and name 'argj801_ctl_platform_interfaces'
[0.921s] Level 1:colcon.colcon_core.package_identification:_identify(src/car_cpp) by extensions ['ignore', 'ignore_ament_install']
[0.921s] Level 1:colcon.colcon_core.package_identification:_identify(src/car_cpp) by extension 'ignore'
[0.921s] Level 1:colcon.colcon_core.package_identification:_identify(src/car_cpp) by extension 'ignore_ament_install'
[0.921s] Level 1:colcon.colcon_core.package_identification:_identify(src/car_cpp) by extensions ['colcon_pkg']
[0.921s] Level 1:colcon.colcon_core.package_identification:_identify(src/car_cpp) by extension 'colcon_pkg'
[0.921s] Level 1:colcon.colcon_core.package_identification:_identify(src/car_cpp) by extensions ['colcon_meta']
[0.921s] Level 1:colcon.colcon_core.package_identification:_identify(src/car_cpp) by extension 'colcon_meta'
[0.921s] Level 1:colcon.colcon_core.package_identification:_identify(src/car_cpp) by extensions ['ros']
[0.921s] Level 1:colcon.colcon_core.package_identification:_identify(src/car_cpp) by extension 'ros'
[0.922s] DEBUG:colcon.colcon_core.package_identification:Package 'src/car_cpp' with type 'ros.ament_cmake' and name 'car_cpp'
[0.922s] Level 1:colcon.colcon_core.package_identification:_identify(src/car_interfaces) by extensions ['ignore', 'ignore_ament_install']
[0.922s] Level 1:colcon.colcon_core.package_identification:_identify(src/car_interfaces) by extension 'ignore'
[0.922s] Level 1:colcon.colcon_core.package_identification:_identify(src/car_interfaces) by extension 'ignore_ament_install'
[0.922s] Level 1:colcon.colcon_core.package_identification:_identify(src/car_interfaces) by extensions ['colcon_pkg']
[0.923s] Level 1:colcon.colcon_core.package_identification:_identify(src/car_interfaces) by extension 'colcon_pkg'
[0.923s] Level 1:colcon.colcon_core.package_identification:_identify(src/car_interfaces) by extensions ['colcon_meta']
[0.923s] Level 1:colcon.colcon_core.package_identification:_identify(src/car_interfaces) by extension 'colcon_meta'
[0.923s] Level 1:colcon.colcon_core.package_identification:_identify(src/car_interfaces) by extensions ['ros']
[0.923s] Level 1:colcon.colcon_core.package_identification:_identify(src/car_interfaces) by extension 'ros'
[0.923s] DEBUG:colcon.colcon_core.package_identification:Package 'src/car_interfaces' with type 'ros.ament_cmake' and name 'car_interfaces'
[0.923s] Level 1:colcon.colcon_core.package_identification:_identify(src/car_python) by extensions ['ignore', 'ignore_ament_install']
[0.924s] Level 1:colcon.colcon_core.package_identification:_identify(src/car_python) by extension 'ignore'
[0.924s] Level 1:colcon.colcon_core.package_identification:_identify(src/car_python) by extension 'ignore_ament_install'
[0.924s] Level 1:colcon.colcon_core.package_identification:_identify(src/car_python) by extensions ['colcon_pkg']
[0.924s] Level 1:colcon.colcon_core.package_identification:_identify(src/car_python) by extension 'colcon_pkg'
[0.924s] Level 1:colcon.colcon_core.package_identification:_identify(src/car_python) by extensions ['colcon_meta']
[0.924s] Level 1:colcon.colcon_core.package_identification:_identify(src/car_python) by extension 'colcon_meta'
[0.924s] Level 1:colcon.colcon_core.package_identification:_identify(src/car_python) by extensions ['ros']
[0.924s] Level 1:colcon.colcon_core.package_identification:_identify(src/car_python) by extension 'ros'
[0.927s] DEBUG:colcon.colcon_core.package_identification:Package 'src/car_python' with type 'ros.ament_python' and name 'car'
[0.927s] Level 1:colcon.colcon_core.package_identification:_identify(src/gazebo_sim_pkgs) by extensions ['ignore', 'ignore_ament_install']
[0.927s] Level 1:colcon.colcon_core.package_identification:_identify(src/gazebo_sim_pkgs) by extension 'ignore'
[0.927s] Level 1:colcon.colcon_core.package_identification:_identify(src/gazebo_sim_pkgs) by extension 'ignore_ament_install'
[0.927s] Level 1:colcon.colcon_core.package_identification:_identify(src/gazebo_sim_pkgs) by extensions ['colcon_pkg']
[0.927s] Level 1:colcon.colcon_core.package_identification:_identify(src/gazebo_sim_pkgs) by extension 'colcon_pkg'
[0.927s] Level 1:colcon.colcon_core.package_identification:_identify(src/gazebo_sim_pkgs) by extensions ['colcon_meta']
[0.927s] Level 1:colcon.colcon_core.package_identification:_identify(src/gazebo_sim_pkgs) by extension 'colcon_meta'
[0.927s] Level 1:colcon.colcon_core.package_identification:_identify(src/gazebo_sim_pkgs) by extensions ['ros']
[0.927s] Level 1:colcon.colcon_core.package_identification:_identify(src/gazebo_sim_pkgs) by extension 'ros'
[0.927s] Level 1:colcon.colcon_core.package_identification:_identify(src/gazebo_sim_pkgs) by extensions ['cmake', 'python']
[0.927s] Level 1:colcon.colcon_core.package_identification:_identify(src/gazebo_sim_pkgs) by extension 'cmake'
[0.927s] Level 1:colcon.colcon_core.package_identification:_identify(src/gazebo_sim_pkgs) by extension 'python'
[0.927s] Level 1:colcon.colcon_core.package_identification:_identify(src/gazebo_sim_pkgs) by extensions ['python_setup_py']
[0.927s] Level 1:colcon.colcon_core.package_identification:_identify(src/gazebo_sim_pkgs) by extension 'python_setup_py'
[0.927s] Level 1:colcon.colcon_core.package_identification:_identify(src/gazebo_sim_pkgs/fix_position_pkg) by extensions ['ignore', 'ignore_ament_install']
[0.927s] Level 1:colcon.colcon_core.package_identification:_identify(src/gazebo_sim_pkgs/fix_position_pkg) by extension 'ignore'
[0.927s] Level 1:colcon.colcon_core.package_identification:_identify(src/gazebo_sim_pkgs/fix_position_pkg) by extension 'ignore_ament_install'
[0.928s] Level 1:colcon.colcon_core.package_identification:_identify(src/gazebo_sim_pkgs/fix_position_pkg) by extensions ['colcon_pkg']
[0.928s] Level 1:colcon.colcon_core.package_identification:_identify(src/gazebo_sim_pkgs/fix_position_pkg) by extension 'colcon_pkg'
[0.928s] Level 1:colcon.colcon_core.package_identification:_identify(src/gazebo_sim_pkgs/fix_position_pkg) by extensions ['colcon_meta']
[0.928s] Level 1:colcon.colcon_core.package_identification:_identify(src/gazebo_sim_pkgs/fix_position_pkg) by extension 'colcon_meta'
[0.928s] Level 1:colcon.colcon_core.package_identification:_identify(src/gazebo_sim_pkgs/fix_position_pkg) by extensions ['ros']
[0.928s] Level 1:colcon.colcon_core.package_identification:_identify(src/gazebo_sim_pkgs/fix_position_pkg) by extension 'ros'
[0.929s] DEBUG:colcon.colcon_core.package_identification:Package 'src/gazebo_sim_pkgs/fix_position_pkg' with type 'ros.ament_cmake' and name 'fixposition_sensor_pkg'
[0.929s] Level 1:colcon.colcon_core.package_identification:_identify(src/gazebo_sim_pkgs/j8_xacro_model) by extensions ['ignore', 'ignore_ament_install']
[0.929s] Level 1:colcon.colcon_core.package_identification:_identify(src/gazebo_sim_pkgs/j8_xacro_model) by extension 'ignore'
[0.929s] Level 1:colcon.colcon_core.package_identification:_identify(src/gazebo_sim_pkgs/j8_xacro_model) by extension 'ignore_ament_install'
[0.930s] Level 1:colcon.colcon_core.package_identification:_identify(src/gazebo_sim_pkgs/j8_xacro_model) by extensions ['colcon_pkg']
[0.930s] Level 1:colcon.colcon_core.package_identification:_identify(src/gazebo_sim_pkgs/j8_xacro_model) by extension 'colcon_pkg'
[0.930s] Level 1:colcon.colcon_core.package_identification:_identify(src/gazebo_sim_pkgs/j8_xacro_model) by extensions ['colcon_meta']
[0.930s] Level 1:colcon.colcon_core.package_identification:_identify(src/gazebo_sim_pkgs/j8_xacro_model) by extension 'colcon_meta'
[0.930s] Level 1:colcon.colcon_core.package_identification:_identify(src/gazebo_sim_pkgs/j8_xacro_model) by extensions ['ros']
[0.930s] Level 1:colcon.colcon_core.package_identification:_identify(src/gazebo_sim_pkgs/j8_xacro_model) by extension 'ros'
[0.931s] DEBUG:colcon.colcon_core.package_identification:Package 'src/gazebo_sim_pkgs/j8_xacro_model' with type 'ros.ament_cmake' and name 'j8_xacro_model'
[0.931s] Level 1:colcon.colcon_core.package_identification:_identify(src/gazebo_sim_pkgs/zed_camera_pkg) by extensions ['ignore', 'ignore_ament_install']
[0.931s] Level 1:colcon.colcon_core.package_identification:_identify(src/gazebo_sim_pkgs/zed_camera_pkg) by extension 'ignore'
[0.931s] Level 1:colcon.colcon_core.package_identification:_identify(src/gazebo_sim_pkgs/zed_camera_pkg) by extension 'ignore_ament_install'
[0.931s] Level 1:colcon.colcon_core.package_identification:_identify(src/gazebo_sim_pkgs/zed_camera_pkg) by extensions ['colcon_pkg']
[0.931s] Level 1:colcon.colcon_core.package_identification:_identify(src/gazebo_sim_pkgs/zed_camera_pkg) by extension 'colcon_pkg'
[0.931s] Level 1:colcon.colcon_core.package_identification:_identify(src/gazebo_sim_pkgs/zed_camera_pkg) by extensions ['colcon_meta']
[0.931s] Level 1:colcon.colcon_core.package_identification:_identify(src/gazebo_sim_pkgs/zed_camera_pkg) by extension 'colcon_meta'
[0.931s] Level 1:colcon.colcon_core.package_identification:_identify(src/gazebo_sim_pkgs/zed_camera_pkg) by extensions ['ros']
[0.931s] Level 1:colcon.colcon_core.package_identification:_identify(src/gazebo_sim_pkgs/zed_camera_pkg) by extension 'ros'
[0.931s] Level 1:colcon.colcon_core.package_identification:_identify(src/gazebo_sim_pkgs/zed_camera_pkg) by extensions ['cmake', 'python']
[0.931s] Level 1:colcon.colcon_core.package_identification:_identify(src/gazebo_sim_pkgs/zed_camera_pkg) by extension 'cmake'
[0.931s] Level 1:colcon.colcon_core.package_identification:_identify(src/gazebo_sim_pkgs/zed_camera_pkg) by extension 'python'
[0.931s] Level 1:colcon.colcon_core.package_identification:_identify(src/gazebo_sim_pkgs/zed_camera_pkg) by extensions ['python_setup_py']
[0.931s] Level 1:colcon.colcon_core.package_identification:_identify(src/gazebo_sim_pkgs/zed_camera_pkg) by extension 'python_setup_py'
[0.932s] Level 1:colcon.colcon_core.package_identification:_identify(src/hector_gazebo) by extensions ['ignore', 'ignore_ament_install']
[0.932s] Level 1:colcon.colcon_core.package_identification:_identify(src/hector_gazebo) by extension 'ignore'
[0.932s] Level 1:colcon.colcon_core.package_identification:_identify(src/hector_gazebo) by extension 'ignore_ament_install'
[0.932s] Level 1:colcon.colcon_core.package_identification:_identify(src/hector_gazebo) by extensions ['colcon_pkg']
[0.932s] Level 1:colcon.colcon_core.package_identification:_identify(src/hector_gazebo) by extension 'colcon_pkg'
[0.932s] Level 1:colcon.colcon_core.package_identification:_identify(src/hector_gazebo) by extensions ['colcon_meta']
[0.932s] Level 1:colcon.colcon_core.package_identification:_identify(src/hector_gazebo) by extension 'colcon_meta'
[0.932s] Level 1:colcon.colcon_core.package_identification:_identify(src/hector_gazebo) by extensions ['ros']
[0.932s] Level 1:colcon.colcon_core.package_identification:_identify(src/hector_gazebo) by extension 'ros'
[0.934s] DEBUG:colcon.colcon_core.package_identification:Package 'src/hector_gazebo' with type 'ros.ament_cmake' and name 'hector_gazebo_plugins'
[0.934s] Level 1:colcon.colcon_core.package_identification:_identify(src/octomap) by extensions ['ignore', 'ignore_ament_install']
[0.934s] Level 1:colcon.colcon_core.package_identification:_identify(src/octomap) by extension 'ignore'
[0.934s] Level 1:colcon.colcon_core.package_identification:_identify(src/octomap) by extension 'ignore_ament_install'
[0.934s] Level 1:colcon.colcon_core.package_identification:_identify(src/octomap) by extensions ['colcon_pkg']
[0.934s] Level 1:colcon.colcon_core.package_identification:_identify(src/octomap) by extension 'colcon_pkg'
[0.934s] Level 1:colcon.colcon_core.package_identification:_identify(src/octomap) by extensions ['colcon_meta']
[0.934s] Level 1:colcon.colcon_core.package_identification:_identify(src/octomap) by extension 'colcon_meta'
[0.934s] Level 1:colcon.colcon_core.package_identification:_identify(src/octomap) by extensions ['ros']
[0.934s] Level 1:colcon.colcon_core.package_identification:_identify(src/octomap) by extension 'ros'
[0.934s] Level 1:colcon.colcon_core.package_identification:_identify(src/octomap) by extensions ['cmake', 'python']
[0.934s] Level 1:colcon.colcon_core.package_identification:_identify(src/octomap) by extension 'cmake'
[0.934s] Level 1:colcon.colcon_core.package_identification:_identify(src/octomap) by extension 'python'
[0.935s] Level 1:colcon.colcon_core.package_identification:_identify(src/octomap) by extensions ['python_setup_py']
[0.935s] Level 1:colcon.colcon_core.package_identification:_identify(src/octomap) by extension 'python_setup_py'
[0.935s] Level 1:colcon.colcon_core.package_identification:_identify(src/octomap/octomap_mapping) by extensions ['ignore', 'ignore_ament_install']
[0.935s] Level 1:colcon.colcon_core.package_identification:_identify(src/octomap/octomap_mapping) by extension 'ignore'
[0.935s] Level 1:colcon.colcon_core.package_identification:_identify(src/octomap/octomap_mapping) by extension 'ignore_ament_install'
[0.935s] Level 1:colcon.colcon_core.package_identification:_identify(src/octomap/octomap_mapping) by extensions ['colcon_pkg']
[0.935s] Level 1:colcon.colcon_core.package_identification:_identify(src/octomap/octomap_mapping) by extension 'colcon_pkg'
[0.935s] Level 1:colcon.colcon_core.package_identification:_identify(src/octomap/octomap_mapping) by extensions ['colcon_meta']
[0.935s] Level 1:colcon.colcon_core.package_identification:_identify(src/octomap/octomap_mapping) by extension 'colcon_meta'
[0.935s] Level 1:colcon.colcon_core.package_identification:_identify(src/octomap/octomap_mapping) by extensions ['ros']
[0.935s] Level 1:colcon.colcon_core.package_identification:_identify(src/octomap/octomap_mapping) by extension 'ros'
[0.935s] DEBUG:colcon.colcon_core.package_identification:Package 'src/octomap/octomap_mapping' with type 'ros.ament_cmake' and name 'octomap_mapping'
[0.936s] Level 1:colcon.colcon_core.package_identification:_identify(src/octomap/octomap_server) by extensions ['ignore', 'ignore_ament_install']
[0.936s] Level 1:colcon.colcon_core.package_identification:_identify(src/octomap/octomap_server) by extension 'ignore'
[0.936s] Level 1:colcon.colcon_core.package_identification:_identify(src/octomap/octomap_server) by extension 'ignore_ament_install'
[0.936s] Level 1:colcon.colcon_core.package_identification:_identify(src/octomap/octomap_server) by extensions ['colcon_pkg']
[0.936s] Level 1:colcon.colcon_core.package_identification:_identify(src/octomap/octomap_server) by extension 'colcon_pkg'
[0.936s] Level 1:colcon.colcon_core.package_identification:_identify(src/octomap/octomap_server) by extensions ['colcon_meta']
[0.936s] Level 1:colcon.colcon_core.package_identification:_identify(src/octomap/octomap_server) by extension 'colcon_meta'
[0.936s] Level 1:colcon.colcon_core.package_identification:_identify(src/octomap/octomap_server) by extensions ['ros']
[0.936s] Level 1:colcon.colcon_core.package_identification:_identify(src/octomap/octomap_server) by extension 'ros'
[0.938s] DEBUG:colcon.colcon_core.package_identification:Package 'src/octomap/octomap_server' with type 'ros.ament_cmake' and name 'octomap_server'
[0.938s] Level 1:colcon.colcon_core.package_identification:_identify(src/plugin_rviz) by extensions ['ignore', 'ignore_ament_install']
[0.938s] Level 1:colcon.colcon_core.package_identification:_identify(src/plugin_rviz) by extension 'ignore'
[0.938s] Level 1:colcon.colcon_core.package_identification:_identify(src/plugin_rviz) by extension 'ignore_ament_install'
[0.938s] Level 1:colcon.colcon_core.package_identification:_identify(src/plugin_rviz) by extensions ['colcon_pkg']
[0.938s] Level 1:colcon.colcon_core.package_identification:_identify(src/plugin_rviz) by extension 'colcon_pkg'
[0.938s] Level 1:colcon.colcon_core.package_identification:_identify(src/plugin_rviz) by extensions ['colcon_meta']
[0.938s] Level 1:colcon.colcon_core.package_identification:_identify(src/plugin_rviz) by extension 'colcon_meta'
[0.938s] Level 1:colcon.colcon_core.package_identification:_identify(src/plugin_rviz) by extensions ['ros']
[0.938s] Level 1:colcon.colcon_core.package_identification:_identify(src/plugin_rviz) by extension 'ros'
[0.949s] DEBUG:colcon.colcon_core.package_identification:Package 'src/plugin_rviz' with type 'ros.ament_cmake' and name 'octomap_rviz_plugins'
[0.949s] Level 1:colcon.colcon_core.package_identification:_identify(weights) by extensions ['ignore', 'ignore_ament_install']
[0.949s] Level 1:colcon.colcon_core.package_identification:_identify(weights) by extension 'ignore'
[0.949s] Level 1:colcon.colcon_core.package_identification:_identify(weights) by extension 'ignore_ament_install'
[0.949s] Level 1:colcon.colcon_core.package_identification:_identify(weights) by extensions ['colcon_pkg']
[0.949s] Level 1:colcon.colcon_core.package_identification:_identify(weights) by extension 'colcon_pkg'
[0.950s] Level 1:colcon.colcon_core.package_identification:_identify(weights) by extensions ['colcon_meta']
[0.950s] Level 1:colcon.colcon_core.package_identification:_identify(weights) by extension 'colcon_meta'
[0.950s] Level 1:colcon.colcon_core.package_identification:_identify(weights) by extensions ['ros']
[0.950s] Level 1:colcon.colcon_core.package_identification:_identify(weights) by extension 'ros'
[0.950s] Level 1:colcon.colcon_core.package_identification:_identify(weights) by extensions ['cmake', 'python']
[0.950s] Level 1:colcon.colcon_core.package_identification:_identify(weights) by extension 'cmake'
[0.950s] Level 1:colcon.colcon_core.package_identification:_identify(weights) by extension 'python'
[0.950s] Level 1:colcon.colcon_core.package_identification:_identify(weights) by extensions ['python_setup_py']
[0.950s] Level 1:colcon.colcon_core.package_identification:_identify(weights) by extension 'python_setup_py'
[0.950s] Level 1:colcon.colcon_core.package_identification:_identify(weights/run_20250603_121044) by extensions ['ignore', 'ignore_ament_install']
[0.950s] Level 1:colcon.colcon_core.package_identification:_identify(weights/run_20250603_121044) by extension 'ignore'
[0.950s] Level 1:colcon.colcon_core.package_identification:_identify(weights/run_20250603_121044) by extension 'ignore_ament_install'
[0.950s] Level 1:colcon.colcon_core.package_identification:_identify(weights/run_20250603_121044) by extensions ['colcon_pkg']
[0.950s] Level 1:colcon.colcon_core.package_identification:_identify(weights/run_20250603_121044) by extension 'colcon_pkg'
[0.950s] Level 1:colcon.colcon_core.package_identification:_identify(weights/run_20250603_121044) by extensions ['colcon_meta']
[0.950s] Level 1:colcon.colcon_core.package_identification:_identify(weights/run_20250603_121044) by extension 'colcon_meta'
[0.950s] Level 1:colcon.colcon_core.package_identification:_identify(weights/run_20250603_121044) by extensions ['ros']
[0.950s] Level 1:colcon.colcon_core.package_identification:_identify(weights/run_20250603_121044) by extension 'ros'
[0.950s] Level 1:colcon.colcon_core.package_identification:_identify(weights/run_20250603_121044) by extensions ['cmake', 'python']
[0.950s] Level 1:colcon.colcon_core.package_identification:_identify(weights/run_20250603_121044) by extension 'cmake'
[0.950s] Level 1:colcon.colcon_core.package_identification:_identify(weights/run_20250603_121044) by extension 'python'
[0.950s] Level 1:colcon.colcon_core.package_identification:_identify(weights/run_20250603_121044) by extensions ['python_setup_py']
[0.950s] Level 1:colcon.colcon_core.package_identification:_identify(weights/run_20250603_121044) by extension 'python_setup_py'
[0.950s] Level 1:colcon.colcon_core.package_identification:_identify(weights/run_20250603_121217) by extensions ['ignore', 'ignore_ament_install']
[0.951s] Level 1:colcon.colcon_core.package_identification:_identify(weights/run_20250603_121217) by extension 'ignore'
[0.951s] Level 1:colcon.colcon_core.package_identification:_identify(weights/run_20250603_121217) by extension 'ignore_ament_install'
[0.951s] Level 1:colcon.colcon_core.package_identification:_identify(weights/run_20250603_121217) by extensions ['colcon_pkg']
[0.951s] Level 1:colcon.colcon_core.package_identification:_identify(weights/run_20250603_121217) by extension 'colcon_pkg'
[0.951s] Level 1:colcon.colcon_core.package_identification:_identify(weights/run_20250603_121217) by extensions ['colcon_meta']
[0.951s] Level 1:colcon.colcon_core.package_identification:_identify(weights/run_20250603_121217) by extension 'colcon_meta'
[0.951s] Level 1:colcon.colcon_core.package_identification:_identify(weights/run_20250603_121217) by extensions ['ros']
[0.951s] Level 1:colcon.colcon_core.package_identification:_identify(weights/run_20250603_121217) by extension 'ros'
[0.951s] Level 1:colcon.colcon_core.package_identification:_identify(weights/run_20250603_121217) by extensions ['cmake', 'python']
[0.951s] Level 1:colcon.colcon_core.package_identification:_identify(weights/run_20250603_121217) by extension 'cmake'
[0.951s] Level 1:colcon.colcon_core.package_identification:_identify(weights/run_20250603_121217) by extension 'python'
[0.951s] Level 1:colcon.colcon_core.package_identification:_identify(weights/run_20250603_121217) by extensions ['python_setup_py']
[0.951s] Level 1:colcon.colcon_core.package_identification:_identify(weights/run_20250603_121217) by extension 'python_setup_py'
[0.951s] Level 1:colcon.colcon_core.package_identification:_identify(weights/run_20250603_122237) by extensions ['ignore', 'ignore_ament_install']
[0.951s] Level 1:colcon.colcon_core.package_identification:_identify(weights/run_20250603_122237) by extension 'ignore'
[0.951s] Level 1:colcon.colcon_core.package_identification:_identify(weights/run_20250603_122237) by extension 'ignore_ament_install'
[0.951s] Level 1:colcon.colcon_core.package_identification:_identify(weights/run_20250603_122237) by extensions ['colcon_pkg']
[0.951s] Level 1:colcon.colcon_core.package_identification:_identify(weights/run_20250603_122237) by extension 'colcon_pkg'
[0.951s] Level 1:colcon.colcon_core.package_identification:_identify(weights/run_20250603_122237) by extensions ['colcon_meta']
[0.951s] Level 1:colcon.colcon_core.package_identification:_identify(weights/run_20250603_122237) by extension 'colcon_meta'
[0.951s] Level 1:colcon.colcon_core.package_identification:_identify(weights/run_20250603_122237) by extensions ['ros']
[0.951s] Level 1:colcon.colcon_core.package_identification:_identify(weights/run_20250603_122237) by extension 'ros'
[0.951s] Level 1:colcon.colcon_core.package_identification:_identify(weights/run_20250603_122237) by extensions ['cmake', 'python']
[0.951s] Level 1:colcon.colcon_core.package_identification:_identify(weights/run_20250603_122237) by extension 'cmake'
[0.951s] Level 1:colcon.colcon_core.package_identification:_identify(weights/run_20250603_122237) by extension 'python'
[0.951s] Level 1:colcon.colcon_core.package_identification:_identify(weights/run_20250603_122237) by extensions ['python_setup_py']
[0.952s] Level 1:colcon.colcon_core.package_identification:_identify(weights/run_20250603_122237) by extension 'python_setup_py'
[0.952s] Level 1:colcon.colcon_core.package_identification:_identify(weights/run_20250603_122809) by extensions ['ignore', 'ignore_ament_install']
[0.952s] Level 1:colcon.colcon_core.package_identification:_identify(weights/run_20250603_122809) by extension 'ignore'
[0.952s] Level 1:colcon.colcon_core.package_identification:_identify(weights/run_20250603_122809) by extension 'ignore_ament_install'
[0.952s] Level 1:colcon.colcon_core.package_identification:_identify(weights/run_20250603_122809) by extensions ['colcon_pkg']
[0.952s] Level 1:colcon.colcon_core.package_identification:_identify(weights/run_20250603_122809) by extension 'colcon_pkg'
[0.952s] Level 1:colcon.colcon_core.package_identification:_identify(weights/run_20250603_122809) by extensions ['colcon_meta']
[0.952s] Level 1:colcon.colcon_core.package_identification:_identify(weights/run_20250603_122809) by extension 'colcon_meta'
[0.952s] Level 1:colcon.colcon_core.package_identification:_identify(weights/run_20250603_122809) by extensions ['ros']
[0.952s] Level 1:colcon.colcon_core.package_identification:_identify(weights/run_20250603_122809) by extension 'ros'
[0.952s] Level 1:colcon.colcon_core.package_identification:_identify(weights/run_20250603_122809) by extensions ['cmake', 'python']
[0.952s] Level 1:colcon.colcon_core.package_identification:_identify(weights/run_20250603_122809) by extension 'cmake'
[0.952s] Level 1:colcon.colcon_core.package_identification:_identify(weights/run_20250603_122809) by extension 'python'
[0.952s] Level 1:colcon.colcon_core.package_identification:_identify(weights/run_20250603_122809) by extensions ['python_setup_py']
[0.952s] Level 1:colcon.colcon_core.package_identification:_identify(weights/run_20250603_122809) by extension 'python_setup_py'
[0.952s] Level 1:colcon.colcon_core.package_identification:_identify(weights/run_20250603_142036) by extensions ['ignore', 'ignore_ament_install']
[0.952s] Level 1:colcon.colcon_core.package_identification:_identify(weights/run_20250603_142036) by extension 'ignore'
[0.952s] Level 1:colcon.colcon_core.package_identification:_identify(weights/run_20250603_142036) by extension 'ignore_ament_install'
[0.952s] Level 1:colcon.colcon_core.package_identification:_identify(weights/run_20250603_142036) by extensions ['colcon_pkg']
[0.952s] Level 1:colcon.colcon_core.package_identification:_identify(weights/run_20250603_142036) by extension 'colcon_pkg'
[0.952s] Level 1:colcon.colcon_core.package_identification:_identify(weights/run_20250603_142036) by extensions ['colcon_meta']
[0.952s] Level 1:colcon.colcon_core.package_identification:_identify(weights/run_20250603_142036) by extension 'colcon_meta'
[0.952s] Level 1:colcon.colcon_core.package_identification:_identify(weights/run_20250603_142036) by extensions ['ros']
[0.952s] Level 1:colcon.colcon_core.package_identification:_identify(weights/run_20250603_142036) by extension 'ros'
[0.953s] Level 1:colcon.colcon_core.package_identification:_identify(weights/run_20250603_142036) by extensions ['cmake', 'python']
[0.953s] Level 1:colcon.colcon_core.package_identification:_identify(weights/run_20250603_142036) by extension 'cmake'
[0.953s] Level 1:colcon.colcon_core.package_identification:_identify(weights/run_20250603_142036) by extension 'python'
[0.953s] Level 1:colcon.colcon_core.package_identification:_identify(weights/run_20250603_142036) by extensions ['python_setup_py']
[0.953s] Level 1:colcon.colcon_core.package_identification:_identify(weights/run_20250603_142036) by extension 'python_setup_py'
[0.953s] Level 1:colcon.colcon_core.package_identification:_identify(weights/run_20250603_142417) by extensions ['ignore', 'ignore_ament_install']
[0.953s] Level 1:colcon.colcon_core.package_identification:_identify(weights/run_20250603_142417) by extension 'ignore'
[0.953s] Level 1:colcon.colcon_core.package_identification:_identify(weights/run_20250603_142417) by extension 'ignore_ament_install'
[0.953s] Level 1:colcon.colcon_core.package_identification:_identify(weights/run_20250603_142417) by extensions ['colcon_pkg']
[0.953s] Level 1:colcon.colcon_core.package_identification:_identify(weights/run_20250603_142417) by extension 'colcon_pkg'
[0.953s] Level 1:colcon.colcon_core.package_identification:_identify(weights/run_20250603_142417) by extensions ['colcon_meta']
[0.953s] Level 1:colcon.colcon_core.package_identification:_identify(weights/run_20250603_142417) by extension 'colcon_meta'
[0.953s] Level 1:colcon.colcon_core.package_identification:_identify(weights/run_20250603_142417) by extensions ['ros']
[0.953s] Level 1:colcon.colcon_core.package_identification:_identify(weights/run_20250603_142417) by extension 'ros'
[0.953s] Level 1:colcon.colcon_core.package_identification:_identify(weights/run_20250603_142417) by extensions ['cmake', 'python']
[0.953s] Level 1:colcon.colcon_core.package_identification:_identify(weights/run_20250603_142417) by extension 'cmake'
[0.953s] Level 1:colcon.colcon_core.package_identification:_identify(weights/run_20250603_142417) by extension 'python'
[0.953s] Level 1:colcon.colcon_core.package_identification:_identify(weights/run_20250603_142417) by extensions ['python_setup_py']
[0.953s] Level 1:colcon.colcon_core.package_identification:_identify(weights/run_20250603_142417) by extension 'python_setup_py'
[0.953s] Level 1:colcon.colcon_core.package_identification:_identify(weights/run_20250603_143618) by extensions ['ignore', 'ignore_ament_install']
[0.953s] Level 1:colcon.colcon_core.package_identification:_identify(weights/run_20250603_143618) by extension 'ignore'
[0.953s] Level 1:colcon.colcon_core.package_identification:_identify(weights/run_20250603_143618) by extension 'ignore_ament_install'
[0.953s] Level 1:colcon.colcon_core.package_identification:_identify(weights/run_20250603_143618) by extensions ['colcon_pkg']
[0.953s] Level 1:colcon.colcon_core.package_identification:_identify(weights/run_20250603_143618) by extension 'colcon_pkg'
[0.953s] Level 1:colcon.colcon_core.package_identification:_identify(weights/run_20250603_143618) by extensions ['colcon_meta']
[0.953s] Level 1:colcon.colcon_core.package_identification:_identify(weights/run_20250603_143618) by extension 'colcon_meta'
[0.953s] Level 1:colcon.colcon_core.package_identification:_identify(weights/run_20250603_143618) by extensions ['ros']
[0.954s] Level 1:colcon.colcon_core.package_identification:_identify(weights/run_20250603_143618) by extension 'ros'
[0.954s] Level 1:colcon.colcon_core.package_identification:_identify(weights/run_20250603_143618) by extensions ['cmake', 'python']
[0.954s] Level 1:colcon.colcon_core.package_identification:_identify(weights/run_20250603_143618) by extension 'cmake'
[0.954s] Level 1:colcon.colcon_core.package_identification:_identify(weights/run_20250603_143618) by extension 'python'
[0.954s] Level 1:colcon.colcon_core.package_identification:_identify(weights/run_20250603_143618) by extensions ['python_setup_py']
[0.954s] Level 1:colcon.colcon_core.package_identification:_identify(weights/run_20250603_143618) by extension 'python_setup_py'
[0.954s] Level 1:colcon.colcon_core.package_identification:_identify(weights/run_20250603_143708) by extensions ['ignore', 'ignore_ament_install']
[0.954s] Level 1:colcon.colcon_core.package_identification:_identify(weights/run_20250603_143708) by extension 'ignore'
[0.954s] Level 1:colcon.colcon_core.package_identification:_identify(weights/run_20250603_143708) by extension 'ignore_ament_install'
[0.954s] Level 1:colcon.colcon_core.package_identification:_identify(weights/run_20250603_143708) by extensions ['colcon_pkg']
[0.954s] Level 1:colcon.colcon_core.package_identification:_identify(weights/run_20250603_143708) by extension 'colcon_pkg'
[0.954s] Level 1:colcon.colcon_core.package_identification:_identify(weights/run_20250603_143708) by extensions ['colcon_meta']
[0.954s] Level 1:colcon.colcon_core.package_identification:_identify(weights/run_20250603_143708) by extension 'colcon_meta'
[0.954s] Level 1:colcon.colcon_core.package_identification:_identify(weights/run_20250603_143708) by extensions ['ros']
[0.954s] Level 1:colcon.colcon_core.package_identification:_identify(weights/run_20250603_143708) by extension 'ros'
[0.954s] Level 1:colcon.colcon_core.package_identification:_identify(weights/run_20250603_143708) by extensions ['cmake', 'python']
[0.954s] Level 1:colcon.colcon_core.package_identification:_identify(weights/run_20250603_143708) by extension 'cmake'
[0.954s] Level 1:colcon.colcon_core.package_identification:_identify(weights/run_20250603_143708) by extension 'python'
[0.954s] Level 1:colcon.colcon_core.package_identification:_identify(weights/run_20250603_143708) by extensions ['python_setup_py']
[0.954s] Level 1:colcon.colcon_core.package_identification:_identify(weights/run_20250603_143708) by extension 'python_setup_py'
[0.954s] Level 1:colcon.colcon_core.package_identification:_identify(weights/run_20250603_144309) by extensions ['ignore', 'ignore_ament_install']
[0.954s] Level 1:colcon.colcon_core.package_identification:_identify(weights/run_20250603_144309) by extension 'ignore'
[0.954s] Level 1:colcon.colcon_core.package_identification:_identify(weights/run_20250603_144309) by extension 'ignore_ament_install'
[0.954s] Level 1:colcon.colcon_core.package_identification:_identify(weights/run_20250603_144309) by extensions ['colcon_pkg']
[0.954s] Level 1:colcon.colcon_core.package_identification:_identify(weights/run_20250603_144309) by extension 'colcon_pkg'
[0.954s] Level 1:colcon.colcon_core.package_identification:_identify(weights/run_20250603_144309) by extensions ['colcon_meta']
[0.954s] Level 1:colcon.colcon_core.package_identification:_identify(weights/run_20250603_144309) by extension 'colcon_meta'
[0.955s] Level 1:colcon.colcon_core.package_identification:_identify(weights/run_20250603_144309) by extensions ['ros']
[0.955s] Level 1:colcon.colcon_core.package_identification:_identify(weights/run_20250603_144309) by extension 'ros'
[0.955s] Level 1:colcon.colcon_core.package_identification:_identify(weights/run_20250603_144309) by extensions ['cmake', 'python']
[0.955s] Level 1:colcon.colcon_core.package_identification:_identify(weights/run_20250603_144309) by extension 'cmake'
[0.955s] Level 1:colcon.colcon_core.package_identification:_identify(weights/run_20250603_144309) by extension 'python'
[0.955s] Level 1:colcon.colcon_core.package_identification:_identify(weights/run_20250603_144309) by extensions ['python_setup_py']
[0.955s] Level 1:colcon.colcon_core.package_identification:_identify(weights/run_20250603_144309) by extension 'python_setup_py'
[0.955s] Level 1:colcon.colcon_core.package_identification:_identify(weights/run_20250603_144534) by extensions ['ignore', 'ignore_ament_install']
[0.955s] Level 1:colcon.colcon_core.package_identification:_identify(weights/run_20250603_144534) by extension 'ignore'
[0.955s] Level 1:colcon.colcon_core.package_identification:_identify(weights/run_20250603_144534) by extension 'ignore_ament_install'
[0.955s] Level 1:colcon.colcon_core.package_identification:_identify(weights/run_20250603_144534) by extensions ['colcon_pkg']
[0.955s] Level 1:colcon.colcon_core.package_identification:_identify(weights/run_20250603_144534) by extension 'colcon_pkg'
[0.955s] Level 1:colcon.colcon_core.package_identification:_identify(weights/run_20250603_144534) by extensions ['colcon_meta']
[0.955s] Level 1:colcon.colcon_core.package_identification:_identify(weights/run_20250603_144534) by extension 'colcon_meta'
[0.955s] Level 1:colcon.colcon_core.package_identification:_identify(weights/run_20250603_144534) by extensions ['ros']
[0.955s] Level 1:colcon.colcon_core.package_identification:_identify(weights/run_20250603_144534) by extension 'ros'
[0.955s] Level 1:colcon.colcon_core.package_identification:_identify(weights/run_20250603_144534) by extensions ['cmake', 'python']
[0.955s] Level 1:colcon.colcon_core.package_identification:_identify(weights/run_20250603_144534) by extension 'cmake'
[0.955s] Level 1:colcon.colcon_core.package_identification:_identify(weights/run_20250603_144534) by extension 'python'
[0.955s] Level 1:colcon.colcon_core.package_identification:_identify(weights/run_20250603_144534) by extensions ['python_setup_py']
[0.955s] Level 1:colcon.colcon_core.package_identification:_identify(weights/run_20250603_144534) by extension 'python_setup_py'
[0.956s] Level 1:colcon.colcon_core.package_identification:_identify(weights/run_20250603_145327) by extensions ['ignore', 'ignore_ament_install']
[0.956s] Level 1:colcon.colcon_core.package_identification:_identify(weights/run_20250603_145327) by extension 'ignore'
[0.956s] Level 1:colcon.colcon_core.package_identification:_identify(weights/run_20250603_145327) by extension 'ignore_ament_install'
[0.956s] Level 1:colcon.colcon_core.package_identification:_identify(weights/run_20250603_145327) by extensions ['colcon_pkg']
[0.956s] Level 1:colcon.colcon_core.package_identification:_identify(weights/run_20250603_145327) by extension 'colcon_pkg'
[0.956s] Level 1:colcon.colcon_core.package_identification:_identify(weights/run_20250603_145327) by extensions ['colcon_meta']
[0.956s] Level 1:colcon.colcon_core.package_identification:_identify(weights/run_20250603_145327) by extension 'colcon_meta'
[0.956s] Level 1:colcon.colcon_core.package_identification:_identify(weights/run_20250603_145327) by extensions ['ros']
[0.956s] Level 1:colcon.colcon_core.package_identification:_identify(weights/run_20250603_145327) by extension 'ros'
[0.956s] Level 1:colcon.colcon_core.package_identification:_identify(weights/run_20250603_145327) by extensions ['cmake', 'python']
[0.956s] Level 1:colcon.colcon_core.package_identification:_identify(weights/run_20250603_145327) by extension 'cmake'
[0.956s] Level 1:colcon.colcon_core.package_identification:_identify(weights/run_20250603_145327) by extension 'python'
[0.956s] Level 1:colcon.colcon_core.package_identification:_identify(weights/run_20250603_145327) by extensions ['python_setup_py']
[0.956s] Level 1:colcon.colcon_core.package_identification:_identify(weights/run_20250603_145327) by extension 'python_setup_py'
[0.956s] Level 1:colcon.colcon_core.package_identification:_identify(weights/run_20250603_145430) by extensions ['ignore', 'ignore_ament_install']
[0.956s] Level 1:colcon.colcon_core.package_identification:_identify(weights/run_20250603_145430) by extension 'ignore'
[0.956s] Level 1:colcon.colcon_core.package_identification:_identify(weights/run_20250603_145430) by extension 'ignore_ament_install'
[0.956s] Level 1:colcon.colcon_core.package_identification:_identify(weights/run_20250603_145430) by extensions ['colcon_pkg']
[0.956s] Level 1:colcon.colcon_core.package_identification:_identify(weights/run_20250603_145430) by extension 'colcon_pkg'
[0.956s] Level 1:colcon.colcon_core.package_identification:_identify(weights/run_20250603_145430) by extensions ['colcon_meta']
[0.956s] Level 1:colcon.colcon_core.package_identification:_identify(weights/run_20250603_145430) by extension 'colcon_meta'
[0.956s] Level 1:colcon.colcon_core.package_identification:_identify(weights/run_20250603_145430) by extensions ['ros']
[0.956s] Level 1:colcon.colcon_core.package_identification:_identify(weights/run_20250603_145430) by extension 'ros'
[0.957s] Level 1:colcon.colcon_core.package_identification:_identify(weights/run_20250603_145430) by extensions ['cmake', 'python']
[0.957s] Level 1:colcon.colcon_core.package_identification:_identify(weights/run_20250603_145430) by extension 'cmake'
[0.957s] Level 1:colcon.colcon_core.package_identification:_identify(weights/run_20250603_145430) by extension 'python'
[0.957s] Level 1:colcon.colcon_core.package_identification:_identify(weights/run_20250603_145430) by extensions ['python_setup_py']
[0.957s] Level 1:colcon.colcon_core.package_identification:_identify(weights/run_20250603_145430) by extension 'python_setup_py'
[0.957s] Level 1:colcon.colcon_core.package_identification:_identify(weights/run_20250603_150101) by extensions ['ignore', 'ignore_ament_install']
[0.957s] Level 1:colcon.colcon_core.package_identification:_identify(weights/run_20250603_150101) by extension 'ignore'
[0.957s] Level 1:colcon.colcon_core.package_identification:_identify(weights/run_20250603_150101) by extension 'ignore_ament_install'
[0.957s] Level 1:colcon.colcon_core.package_identification:_identify(weights/run_20250603_150101) by extensions ['colcon_pkg']
[0.957s] Level 1:colcon.colcon_core.package_identification:_identify(weights/run_20250603_150101) by extension 'colcon_pkg'
[0.957s] Level 1:colcon.colcon_core.package_identification:_identify(weights/run_20250603_150101) by extensions ['colcon_meta']
[0.957s] Level 1:colcon.colcon_core.package_identification:_identify(weights/run_20250603_150101) by extension 'colcon_meta'
[0.957s] Level 1:colcon.colcon_core.package_identification:_identify(weights/run_20250603_150101) by extensions ['ros']
[0.957s] Level 1:colcon.colcon_core.package_identification:_identify(weights/run_20250603_150101) by extension 'ros'
[0.957s] Level 1:colcon.colcon_core.package_identification:_identify(weights/run_20250603_150101) by extensions ['cmake', 'python']
[0.957s] Level 1:colcon.colcon_core.package_identification:_identify(weights/run_20250603_150101) by extension 'cmake'
[0.957s] Level 1:colcon.colcon_core.package_identification:_identify(weights/run_20250603_150101) by extension 'python'
[0.957s] Level 1:colcon.colcon_core.package_identification:_identify(weights/run_20250603_150101) by extensions ['python_setup_py']
[0.957s] Level 1:colcon.colcon_core.package_identification:_identify(weights/run_20250603_150101) by extension 'python_setup_py'
[0.957s] Level 1:colcon.colcon_core.package_identification:_identify(weights/run_20250603_150317) by extensions ['ignore', 'ignore_ament_install']
[0.958s] Level 1:colcon.colcon_core.package_identification:_identify(weights/run_20250603_150317) by extension 'ignore'
[0.958s] Level 1:colcon.colcon_core.package_identification:_identify(weights/run_20250603_150317) by extension 'ignore_ament_install'
[0.958s] Level 1:colcon.colcon_core.package_identification:_identify(weights/run_20250603_150317) by extensions ['colcon_pkg']
[0.958s] Level 1:colcon.colcon_core.package_identification:_identify(weights/run_20250603_150317) by extension 'colcon_pkg'
[0.958s] Level 1:colcon.colcon_core.package_identification:_identify(weights/run_20250603_150317) by extensions ['colcon_meta']
[0.958s] Level 1:colcon.colcon_core.package_identification:_identify(weights/run_20250603_150317) by extension 'colcon_meta'
[0.958s] Level 1:colcon.colcon_core.package_identification:_identify(weights/run_20250603_150317) by extensions ['ros']
[0.958s] Level 1:colcon.colcon_core.package_identification:_identify(weights/run_20250603_150317) by extension 'ros'
[0.958s] Level 1:colcon.colcon_core.package_identification:_identify(weights/run_20250603_150317) by extensions ['cmake', 'python']
[0.958s] Level 1:colcon.colcon_core.package_identification:_identify(weights/run_20250603_150317) by extension 'cmake'
[0.958s] Level 1:colcon.colcon_core.package_identification:_identify(weights/run_20250603_150317) by extension 'python'
[0.958s] Level 1:colcon.colcon_core.package_identification:_identify(weights/run_20250603_150317) by extensions ['python_setup_py']
[0.958s] Level 1:colcon.colcon_core.package_identification:_identify(weights/run_20250603_150317) by extension 'python_setup_py'
[0.958s] Level 1:colcon.colcon_core.package_identification:_identify(weights/run_20250604_103145) by extensions ['ignore', 'ignore_ament_install']
[0.958s] Level 1:colcon.colcon_core.package_identification:_identify(weights/run_20250604_103145) by extension 'ignore'
[0.958s] Level 1:colcon.colcon_core.package_identification:_identify(weights/run_20250604_103145) by extension 'ignore_ament_install'
[0.958s] Level 1:colcon.colcon_core.package_identification:_identify(weights/run_20250604_103145) by extensions ['colcon_pkg']
[0.958s] Level 1:colcon.colcon_core.package_identification:_identify(weights/run_20250604_103145) by extension 'colcon_pkg'
[0.958s] Level 1:colcon.colcon_core.package_identification:_identify(weights/run_20250604_103145) by extensions ['colcon_meta']
[0.958s] Level 1:colcon.colcon_core.package_identification:_identify(weights/run_20250604_103145) by extension 'colcon_meta'
[0.958s] Level 1:colcon.colcon_core.package_identification:_identify(weights/run_20250604_103145) by extensions ['ros']
[0.958s] Level 1:colcon.colcon_core.package_identification:_identify(weights/run_20250604_103145) by extension 'ros'
[0.958s] Level 1:colcon.colcon_core.package_identification:_identify(weights/run_20250604_103145) by extensions ['cmake', 'python']
[0.958s] Level 1:colcon.colcon_core.package_identification:_identify(weights/run_20250604_103145) by extension 'cmake'
[0.958s] Level 1:colcon.colcon_core.package_identification:_identify(weights/run_20250604_103145) by extension 'python'
[0.958s] Level 1:colcon.colcon_core.package_identification:_identify(weights/run_20250604_103145) by extensions ['python_setup_py']
[0.959s] Level 1:colcon.colcon_core.package_identification:_identify(weights/run_20250604_103145) by extension 'python_setup_py'
[0.959s] Level 1:colcon.colcon_core.package_identification:_identify(weights/run_20250604_103229) by extensions ['ignore', 'ignore_ament_install']
[0.959s] Level 1:colcon.colcon_core.package_identification:_identify(weights/run_20250604_103229) by extension 'ignore'
[0.959s] Level 1:colcon.colcon_core.package_identification:_identify(weights/run_20250604_103229) by extension 'ignore_ament_install'
[0.959s] Level 1:colcon.colcon_core.package_identification:_identify(weights/run_20250604_103229) by extensions ['colcon_pkg']
[0.959s] Level 1:colcon.colcon_core.package_identification:_identify(weights/run_20250604_103229) by extension 'colcon_pkg'
[0.959s] Level 1:colcon.colcon_core.package_identification:_identify(weights/run_20250604_103229) by extensions ['colcon_meta']
[0.959s] Level 1:colcon.colcon_core.package_identification:_identify(weights/run_20250604_103229) by extension 'colcon_meta'
[0.959s] Level 1:colcon.colcon_core.package_identification:_identify(weights/run_20250604_103229) by extensions ['ros']
[0.959s] Level 1:colcon.colcon_core.package_identification:_identify(weights/run_20250604_103229) by extension 'ros'
[0.959s] Level 1:colcon.colcon_core.package_identification:_identify(weights/run_20250604_103229) by extensions ['cmake', 'python']
[0.959s] Level 1:colcon.colcon_core.package_identification:_identify(weights/run_20250604_103229) by extension 'cmake'
[0.959s] Level 1:colcon.colcon_core.package_identification:_identify(weights/run_20250604_103229) by extension 'python'
[0.959s] Level 1:colcon.colcon_core.package_identification:_identify(weights/run_20250604_103229) by extensions ['python_setup_py']
[0.959s] Level 1:colcon.colcon_core.package_identification:_identify(weights/run_20250604_103229) by extension 'python_setup_py'
[0.959s] Level 1:colcon.colcon_core.package_identification:_identify(weights/run_20250604_103411) by extensions ['ignore', 'ignore_ament_install']
[0.959s] Level 1:colcon.colcon_core.package_identification:_identify(weights/run_20250604_103411) by extension 'ignore'
[0.959s] Level 1:colcon.colcon_core.package_identification:_identify(weights/run_20250604_103411) by extension 'ignore_ament_install'
[0.959s] Level 1:colcon.colcon_core.package_identification:_identify(weights/run_20250604_103411) by extensions ['colcon_pkg']
[0.959s] Level 1:colcon.colcon_core.package_identification:_identify(weights/run_20250604_103411) by extension 'colcon_pkg'
[0.959s] Level 1:colcon.colcon_core.package_identification:_identify(weights/run_20250604_103411) by extensions ['colcon_meta']
[0.959s] Level 1:colcon.colcon_core.package_identification:_identify(weights/run_20250604_103411) by extension 'colcon_meta'
[0.959s] Level 1:colcon.colcon_core.package_identification:_identify(weights/run_20250604_103411) by extensions ['ros']
[0.959s] Level 1:colcon.colcon_core.package_identification:_identify(weights/run_20250604_103411) by extension 'ros'
[0.960s] Level 1:colcon.colcon_core.package_identification:_identify(weights/run_20250604_103411) by extensions ['cmake', 'python']
[0.960s] Level 1:colcon.colcon_core.package_identification:_identify(weights/run_20250604_103411) by extension 'cmake'
[0.960s] Level 1:colcon.colcon_core.package_identification:_identify(weights/run_20250604_103411) by extension 'python'
[0.960s] Level 1:colcon.colcon_core.package_identification:_identify(weights/run_20250604_103411) by extensions ['python_setup_py']
[0.960s] Level 1:colcon.colcon_core.package_identification:_identify(weights/run_20250604_103411) by extension 'python_setup_py'
[0.960s] Level 1:colcon.colcon_core.package_identification:_identify(weights/run_20250604_103551) by extensions ['ignore', 'ignore_ament_install']
[0.960s] Level 1:colcon.colcon_core.package_identification:_identify(weights/run_20250604_103551) by extension 'ignore'
[0.960s] Level 1:colcon.colcon_core.package_identification:_identify(weights/run_20250604_103551) by extension 'ignore_ament_install'
[0.960s] Level 1:colcon.colcon_core.package_identification:_identify(weights/run_20250604_103551) by extensions ['colcon_pkg']
[0.960s] Level 1:colcon.colcon_core.package_identification:_identify(weights/run_20250604_103551) by extension 'colcon_pkg'
[0.960s] Level 1:colcon.colcon_core.package_identification:_identify(weights/run_20250604_103551) by extensions ['colcon_meta']
[0.960s] Level 1:colcon.colcon_core.package_identification:_identify(weights/run_20250604_103551) by extension 'colcon_meta'
[0.960s] Level 1:colcon.colcon_core.package_identification:_identify(weights/run_20250604_103551) by extensions ['ros']
[0.960s] Level 1:colcon.colcon_core.package_identification:_identify(weights/run_20250604_103551) by extension 'ros'
[0.960s] Level 1:colcon.colcon_core.package_identification:_identify(weights/run_20250604_103551) by extensions ['cmake', 'python']
[0.960s] Level 1:colcon.colcon_core.package_identification:_identify(weights/run_20250604_103551) by extension 'cmake'
[0.960s] Level 1:colcon.colcon_core.package_identification:_identify(weights/run_20250604_103551) by extension 'python'
[0.960s] Level 1:colcon.colcon_core.package_identification:_identify(weights/run_20250604_103551) by extensions ['python_setup_py']
[0.960s] Level 1:colcon.colcon_core.package_identification:_identify(weights/run_20250604_103551) by extension 'python_setup_py'
[0.960s] Level 1:colcon.colcon_core.package_identification:_identify(weights/run_20250604_105223) by extensions ['ignore', 'ignore_ament_install']
[0.960s] Level 1:colcon.colcon_core.package_identification:_identify(weights/run_20250604_105223) by extension 'ignore'
[0.960s] Level 1:colcon.colcon_core.package_identification:_identify(weights/run_20250604_105223) by extension 'ignore_ament_install'
[0.960s] Level 1:colcon.colcon_core.package_identification:_identify(weights/run_20250604_105223) by extensions ['colcon_pkg']
[0.961s] Level 1:colcon.colcon_core.package_identification:_identify(weights/run_20250604_105223) by extension 'colcon_pkg'
[0.961s] Level 1:colcon.colcon_core.package_identification:_identify(weights/run_20250604_105223) by extensions ['colcon_meta']
[0.961s] Level 1:colcon.colcon_core.package_identification:_identify(weights/run_20250604_105223) by extension 'colcon_meta'
[0.961s] Level 1:colcon.colcon_core.package_identification:_identify(weights/run_20250604_105223) by extensions ['ros']
[0.961s] Level 1:colcon.colcon_core.package_identification:_identify(weights/run_20250604_105223) by extension 'ros'
[0.961s] Level 1:colcon.colcon_core.package_identification:_identify(weights/run_20250604_105223) by extensions ['cmake', 'python']
[0.961s] Level 1:colcon.colcon_core.package_identification:_identify(weights/run_20250604_105223) by extension 'cmake'
[0.961s] Level 1:colcon.colcon_core.package_identification:_identify(weights/run_20250604_105223) by extension 'python'
[0.961s] Level 1:colcon.colcon_core.package_identification:_identify(weights/run_20250604_105223) by extensions ['python_setup_py']
[0.961s] Level 1:colcon.colcon_core.package_identification:_identify(weights/run_20250604_105223) by extension 'python_setup_py'
[0.961s] Level 1:colcon.colcon_core.package_identification:_identify(weights/run_20250604_105412) by extensions ['ignore', 'ignore_ament_install']
[0.961s] Level 1:colcon.colcon_core.package_identification:_identify(weights/run_20250604_105412) by extension 'ignore'
[0.961s] Level 1:colcon.colcon_core.package_identification:_identify(weights/run_20250604_105412) by extension 'ignore_ament_install'
[0.961s] Level 1:colcon.colcon_core.package_identification:_identify(weights/run_20250604_105412) by extensions ['colcon_pkg']
[0.961s] Level 1:colcon.colcon_core.package_identification:_identify(weights/run_20250604_105412) by extension 'colcon_pkg'
[0.961s] Level 1:colcon.colcon_core.package_identification:_identify(weights/run_20250604_105412) by extensions ['colcon_meta']
[0.961s] Level 1:colcon.colcon_core.package_identification:_identify(weights/run_20250604_105412) by extension 'colcon_meta'
[0.961s] Level 1:colcon.colcon_core.package_identification:_identify(weights/run_20250604_105412) by extensions ['ros']
[0.961s] Level 1:colcon.colcon_core.package_identification:_identify(weights/run_20250604_105412) by extension 'ros'
[0.961s] Level 1:colcon.colcon_core.package_identification:_identify(weights/run_20250604_105412) by extensions ['cmake', 'python']
[0.961s] Level 1:colcon.colcon_core.package_identification:_identify(weights/run_20250604_105412) by extension 'cmake'
[0.961s] Level 1:colcon.colcon_core.package_identification:_identify(weights/run_20250604_105412) by extension 'python'
[0.961s] Level 1:colcon.colcon_core.package_identification:_identify(weights/run_20250604_105412) by extensions ['python_setup_py']
[0.961s] Level 1:colcon.colcon_core.package_identification:_identify(weights/run_20250604_105412) by extension 'python_setup_py'
[0.961s] Level 1:colcon.colcon_core.package_identification:_identify(weights/run_20250604_133255) by extensions ['ignore', 'ignore_ament_install']
[0.962s] Level 1:colcon.colcon_core.package_identification:_identify(weights/run_20250604_133255) by extension 'ignore'
[0.962s] Level 1:colcon.colcon_core.package_identification:_identify(weights/run_20250604_133255) by extension 'ignore_ament_install'
[0.962s] Level 1:colcon.colcon_core.package_identification:_identify(weights/run_20250604_133255) by extensions ['colcon_pkg']
[0.962s] Level 1:colcon.colcon_core.package_identification:_identify(weights/run_20250604_133255) by extension 'colcon_pkg'
[0.962s] Level 1:colcon.colcon_core.package_identification:_identify(weights/run_20250604_133255) by extensions ['colcon_meta']
[0.962s] Level 1:colcon.colcon_core.package_identification:_identify(weights/run_20250604_133255) by extension 'colcon_meta'
[0.962s] Level 1:colcon.colcon_core.package_identification:_identify(weights/run_20250604_133255) by extensions ['ros']
[0.962s] Level 1:colcon.colcon_core.package_identification:_identify(weights/run_20250604_133255) by extension 'ros'
[0.962s] Level 1:colcon.colcon_core.package_identification:_identify(weights/run_20250604_133255) by extensions ['cmake', 'python']
[0.962s] Level 1:colcon.colcon_core.package_identification:_identify(weights/run_20250604_133255) by extension 'cmake'
[0.962s] Level 1:colcon.colcon_core.package_identification:_identify(weights/run_20250604_133255) by extension 'python'
[0.962s] Level 1:colcon.colcon_core.package_identification:_identify(weights/run_20250604_133255) by extensions ['python_setup_py']
[0.962s] Level 1:colcon.colcon_core.package_identification:_identify(weights/run_20250604_133255) by extension 'python_setup_py'
[0.962s] Level 1:colcon.colcon_core.package_identification:_identify(weights/run_20250604_134223) by extensions ['ignore', 'ignore_ament_install']
[0.962s] Level 1:colcon.colcon_core.package_identification:_identify(weights/run_20250604_134223) by extension 'ignore'
[0.962s] Level 1:colcon.colcon_core.package_identification:_identify(weights/run_20250604_134223) by extension 'ignore_ament_install'
[0.962s] Level 1:colcon.colcon_core.package_identification:_identify(weights/run_20250604_134223) by extensions ['colcon_pkg']
[0.962s] Level 1:colcon.colcon_core.package_identification:_identify(weights/run_20250604_134223) by extension 'colcon_pkg'
[0.962s] Level 1:colcon.colcon_core.package_identification:_identify(weights/run_20250604_134223) by extensions ['colcon_meta']
[0.962s] Level 1:colcon.colcon_core.package_identification:_identify(weights/run_20250604_134223) by extension 'colcon_meta'
[0.962s] Level 1:colcon.colcon_core.package_identification:_identify(weights/run_20250604_134223) by extensions ['ros']
[0.962s] Level 1:colcon.colcon_core.package_identification:_identify(weights/run_20250604_134223) by extension 'ros'
[0.962s] Level 1:colcon.colcon_core.package_identification:_identify(weights/run_20250604_134223) by extensions ['cmake', 'python']
[0.962s] Level 1:colcon.colcon_core.package_identification:_identify(weights/run_20250604_134223) by extension 'cmake'
[0.962s] Level 1:colcon.colcon_core.package_identification:_identify(weights/run_20250604_134223) by extension 'python'
[0.962s] Level 1:colcon.colcon_core.package_identification:_identify(weights/run_20250604_134223) by extensions ['python_setup_py']
[0.962s] Level 1:colcon.colcon_core.package_identification:_identify(weights/run_20250604_134223) by extension 'python_setup_py'
[0.963s] Level 1:colcon.colcon_core.package_identification:_identify(weights/run_20250604_134648) by extensions ['ignore', 'ignore_ament_install']
[0.963s] Level 1:colcon.colcon_core.package_identification:_identify(weights/run_20250604_134648) by extension 'ignore'
[0.963s] Level 1:colcon.colcon_core.package_identification:_identify(weights/run_20250604_134648) by extension 'ignore_ament_install'
[0.963s] Level 1:colcon.colcon_core.package_identification:_identify(weights/run_20250604_134648) by extensions ['colcon_pkg']
[0.963s] Level 1:colcon.colcon_core.package_identification:_identify(weights/run_20250604_134648) by extension 'colcon_pkg'
[0.963s] Level 1:colcon.colcon_core.package_identification:_identify(weights/run_20250604_134648) by extensions ['colcon_meta']
[0.963s] Level 1:colcon.colcon_core.package_identification:_identify(weights/run_20250604_134648) by extension 'colcon_meta'
[0.963s] Level 1:colcon.colcon_core.package_identification:_identify(weights/run_20250604_134648) by extensions ['ros']
[0.963s] Level 1:colcon.colcon_core.package_identification:_identify(weights/run_20250604_134648) by extension 'ros'
[0.963s] Level 1:colcon.colcon_core.package_identification:_identify(weights/run_20250604_134648) by extensions ['cmake', 'python']
[0.963s] Level 1:colcon.colcon_core.package_identification:_identify(weights/run_20250604_134648) by extension 'cmake'
[0.963s] Level 1:colcon.colcon_core.package_identification:_identify(weights/run_20250604_134648) by extension 'python'
[0.963s] Level 1:colcon.colcon_core.package_identification:_identify(weights/run_20250604_134648) by extensions ['python_setup_py']
[0.963s] Level 1:colcon.colcon_core.package_identification:_identify(weights/run_20250604_134648) by extension 'python_setup_py'
[0.963s] Level 1:colcon.colcon_core.package_identification:_identify(weights/run_20250604_134815) by extensions ['ignore', 'ignore_ament_install']
[0.963s] Level 1:colcon.colcon_core.package_identification:_identify(weights/run_20250604_134815) by extension 'ignore'
[0.963s] Level 1:colcon.colcon_core.package_identification:_identify(weights/run_20250604_134815) by extension 'ignore_ament_install'
[0.963s] Level 1:colcon.colcon_core.package_identification:_identify(weights/run_20250604_134815) by extensions ['colcon_pkg']
[0.963s] Level 1:colcon.colcon_core.package_identification:_identify(weights/run_20250604_134815) by extension 'colcon_pkg'
[0.963s] Level 1:colcon.colcon_core.package_identification:_identify(weights/run_20250604_134815) by extensions ['colcon_meta']
[0.963s] Level 1:colcon.colcon_core.package_identification:_identify(weights/run_20250604_134815) by extension 'colcon_meta'
[0.963s] Level 1:colcon.colcon_core.package_identification:_identify(weights/run_20250604_134815) by extensions ['ros']
[0.963s] Level 1:colcon.colcon_core.package_identification:_identify(weights/run_20250604_134815) by extension 'ros'
[0.963s] Level 1:colcon.colcon_core.package_identification:_identify(weights/run_20250604_134815) by extensions ['cmake', 'python']
[0.963s] Level 1:colcon.colcon_core.package_identification:_identify(weights/run_20250604_134815) by extension 'cmake'
[0.963s] Level 1:colcon.colcon_core.package_identification:_identify(weights/run_20250604_134815) by extension 'python'
[0.963s] Level 1:colcon.colcon_core.package_identification:_identify(weights/run_20250604_134815) by extensions ['python_setup_py']
[0.963s] Level 1:colcon.colcon_core.package_identification:_identify(weights/run_20250604_134815) by extension 'python_setup_py'
[0.964s] Level 1:colcon.colcon_core.package_identification:_identify(weights/run_20250604_141544) by extensions ['ignore', 'ignore_ament_install']
[0.964s] Level 1:colcon.colcon_core.package_identification:_identify(weights/run_20250604_141544) by extension 'ignore'
[0.964s] Level 1:colcon.colcon_core.package_identification:_identify(weights/run_20250604_141544) by extension 'ignore_ament_install'
[0.964s] Level 1:colcon.colcon_core.package_identification:_identify(weights/run_20250604_141544) by extensions ['colcon_pkg']
[0.964s] Level 1:colcon.colcon_core.package_identification:_identify(weights/run_20250604_141544) by extension 'colcon_pkg'
[0.964s] Level 1:colcon.colcon_core.package_identification:_identify(weights/run_20250604_141544) by extensions ['colcon_meta']
[0.964s] Level 1:colcon.colcon_core.package_identification:_identify(weights/run_20250604_141544) by extension 'colcon_meta'
[0.964s] Level 1:colcon.colcon_core.package_identification:_identify(weights/run_20250604_141544) by extensions ['ros']
[0.964s] Level 1:colcon.colcon_core.package_identification:_identify(weights/run_20250604_141544) by extension 'ros'
[0.964s] Level 1:colcon.colcon_core.package_identification:_identify(weights/run_20250604_141544) by extensions ['cmake', 'python']
[0.964s] Level 1:colcon.colcon_core.package_identification:_identify(weights/run_20250604_141544) by extension 'cmake'
[0.964s] Level 1:colcon.colcon_core.package_identification:_identify(weights/run_20250604_141544) by extension 'python'
[0.964s] Level 1:colcon.colcon_core.package_identification:_identify(weights/run_20250604_141544) by extensions ['python_setup_py']
[0.964s] Level 1:colcon.colcon_core.package_identification:_identify(weights/run_20250604_141544) by extension 'python_setup_py'
[0.964s] Level 1:colcon.colcon_core.package_identification:_identify(weights/run_20250604_141640) by extensions ['ignore', 'ignore_ament_install']
[0.964s] Level 1:colcon.colcon_core.package_identification:_identify(weights/run_20250604_141640) by extension 'ignore'
[0.964s] Level 1:colcon.colcon_core.package_identification:_identify(weights/run_20250604_141640) by extension 'ignore_ament_install'
[0.964s] Level 1:colcon.colcon_core.package_identification:_identify(weights/run_20250604_141640) by extensions ['colcon_pkg']
[0.964s] Level 1:colcon.colcon_core.package_identification:_identify(weights/run_20250604_141640) by extension 'colcon_pkg'
[0.964s] Level 1:colcon.colcon_core.package_identification:_identify(weights/run_20250604_141640) by extensions ['colcon_meta']
[0.964s] Level 1:colcon.colcon_core.package_identification:_identify(weights/run_20250604_141640) by extension 'colcon_meta'
[0.964s] Level 1:colcon.colcon_core.package_identification:_identify(weights/run_20250604_141640) by extensions ['ros']
[0.964s] Level 1:colcon.colcon_core.package_identification:_identify(weights/run_20250604_141640) by extension 'ros'
[0.964s] Level 1:colcon.colcon_core.package_identification:_identify(weights/run_20250604_141640) by extensions ['cmake', 'python']
[0.964s] Level 1:colcon.colcon_core.package_identification:_identify(weights/run_20250604_141640) by extension 'cmake'
[0.964s] Level 1:colcon.colcon_core.package_identification:_identify(weights/run_20250604_141640) by extension 'python'
[0.965s] Level 1:colcon.colcon_core.package_identification:_identify(weights/run_20250604_141640) by extensions ['python_setup_py']
[0.965s] Level 1:colcon.colcon_core.package_identification:_identify(weights/run_20250604_141640) by extension 'python_setup_py'
[0.965s] Level 1:colcon.colcon_core.package_identification:_identify(weights/run_20250604_141954) by extensions ['ignore', 'ignore_ament_install']
[0.965s] Level 1:colcon.colcon_core.package_identification:_identify(weights/run_20250604_141954) by extension 'ignore'
[0.965s] Level 1:colcon.colcon_core.package_identification:_identify(weights/run_20250604_141954) by extension 'ignore_ament_install'
[0.965s] Level 1:colcon.colcon_core.package_identification:_identify(weights/run_20250604_141954) by extensions ['colcon_pkg']
[0.965s] Level 1:colcon.colcon_core.package_identification:_identify(weights/run_20250604_141954) by extension 'colcon_pkg'
[0.965s] Level 1:colcon.colcon_core.package_identification:_identify(weights/run_20250604_141954) by extensions ['colcon_meta']
[0.965s] Level 1:colcon.colcon_core.package_identification:_identify(weights/run_20250604_141954) by extension 'colcon_meta'
[0.965s] Level 1:colcon.colcon_core.package_identification:_identify(weights/run_20250604_141954) by extensions ['ros']
[0.965s] Level 1:colcon.colcon_core.package_identification:_identify(weights/run_20250604_141954) by extension 'ros'
[0.965s] Level 1:colcon.colcon_core.package_identification:_identify(weights/run_20250604_141954) by extensions ['cmake', 'python']
[0.965s] Level 1:colcon.colcon_core.package_identification:_identify(weights/run_20250604_141954) by extension 'cmake'
[0.965s] Level 1:colcon.colcon_core.package_identification:_identify(weights/run_20250604_141954) by extension 'python'
[0.965s] Level 1:colcon.colcon_core.package_identification:_identify(weights/run_20250604_141954) by extensions ['python_setup_py']
[0.965s] Level 1:colcon.colcon_core.package_identification:_identify(weights/run_20250604_141954) by extension 'python_setup_py'
[0.965s] Level 1:colcon.colcon_core.package_identification:_identify(weights/run_20250604_144100) by extensions ['ignore', 'ignore_ament_install']
[0.965s] Level 1:colcon.colcon_core.package_identification:_identify(weights/run_20250604_144100) by extension 'ignore'
[0.965s] Level 1:colcon.colcon_core.package_identification:_identify(weights/run_20250604_144100) by extension 'ignore_ament_install'
[0.965s] Level 1:colcon.colcon_core.package_identification:_identify(weights/run_20250604_144100) by extensions ['colcon_pkg']
[0.965s] Level 1:colcon.colcon_core.package_identification:_identify(weights/run_20250604_144100) by extension 'colcon_pkg'
[0.965s] Level 1:colcon.colcon_core.package_identification:_identify(weights/run_20250604_144100) by extensions ['colcon_meta']
[0.965s] Level 1:colcon.colcon_core.package_identification:_identify(weights/run_20250604_144100) by extension 'colcon_meta'
[0.965s] Level 1:colcon.colcon_core.package_identification:_identify(weights/run_20250604_144100) by extensions ['ros']
[0.965s] Level 1:colcon.colcon_core.package_identification:_identify(weights/run_20250604_144100) by extension 'ros'
[0.966s] Level 1:colcon.colcon_core.package_identification:_identify(weights/run_20250604_144100) by extensions ['cmake', 'python']
[0.966s] Level 1:colcon.colcon_core.package_identification:_identify(weights/run_20250604_144100) by extension 'cmake'
[0.966s] Level 1:colcon.colcon_core.package_identification:_identify(weights/run_20250604_144100) by extension 'python'
[0.966s] Level 1:colcon.colcon_core.package_identification:_identify(weights/run_20250604_144100) by extensions ['python_setup_py']
[0.966s] Level 1:colcon.colcon_core.package_identification:_identify(weights/run_20250604_144100) by extension 'python_setup_py'
[0.966s] Level 1:colcon.colcon_core.package_identification:_identify(weights/run_20250604_144327) by extensions ['ignore', 'ignore_ament_install']
[0.966s] Level 1:colcon.colcon_core.package_identification:_identify(weights/run_20250604_144327) by extension 'ignore'
[0.966s] Level 1:colcon.colcon_core.package_identification:_identify(weights/run_20250604_144327) by extension 'ignore_ament_install'
[0.966s] Level 1:colcon.colcon_core.package_identification:_identify(weights/run_20250604_144327) by extensions ['colcon_pkg']
[0.966s] Level 1:colcon.colcon_core.package_identification:_identify(weights/run_20250604_144327) by extension 'colcon_pkg'
[0.966s] Level 1:colcon.colcon_core.package_identification:_identify(weights/run_20250604_144327) by extensions ['colcon_meta']
[0.966s] Level 1:colcon.colcon_core.package_identification:_identify(weights/run_20250604_144327) by extension 'colcon_meta'
[0.966s] Level 1:colcon.colcon_core.package_identification:_identify(weights/run_20250604_144327) by extensions ['ros']
[0.966s] Level 1:colcon.colcon_core.package_identification:_identify(weights/run_20250604_144327) by extension 'ros'
[0.966s] Level 1:colcon.colcon_core.package_identification:_identify(weights/run_20250604_144327) by extensions ['cmake', 'python']
[0.966s] Level 1:colcon.colcon_core.package_identification:_identify(weights/run_20250604_144327) by extension 'cmake'
[0.966s] Level 1:colcon.colcon_core.package_identification:_identify(weights/run_20250604_144327) by extension 'python'
[0.966s] Level 1:colcon.colcon_core.package_identification:_identify(weights/run_20250604_144327) by extensions ['python_setup_py']
[0.966s] Level 1:colcon.colcon_core.package_identification:_identify(weights/run_20250604_144327) by extension 'python_setup_py'
[0.966s] Level 1:colcon.colcon_core.package_identification:_identify(weights/run_20250604_144420) by extensions ['ignore', 'ignore_ament_install']
[0.966s] Level 1:colcon.colcon_core.package_identification:_identify(weights/run_20250604_144420) by extension 'ignore'
[0.966s] Level 1:colcon.colcon_core.package_identification:_identify(weights/run_20250604_144420) by extension 'ignore_ament_install'
[0.966s] Level 1:colcon.colcon_core.package_identification:_identify(weights/run_20250604_144420) by extensions ['colcon_pkg']
[0.966s] Level 1:colcon.colcon_core.package_identification:_identify(weights/run_20250604_144420) by extension 'colcon_pkg'
[0.966s] Level 1:colcon.colcon_core.package_identification:_identify(weights/run_20250604_144420) by extensions ['colcon_meta']
[0.966s] Level 1:colcon.colcon_core.package_identification:_identify(weights/run_20250604_144420) by extension 'colcon_meta'
[0.967s] Level 1:colcon.colcon_core.package_identification:_identify(weights/run_20250604_144420) by extensions ['ros']
[0.967s] Level 1:colcon.colcon_core.package_identification:_identify(weights/run_20250604_144420) by extension 'ros'
[0.967s] Level 1:colcon.colcon_core.package_identification:_identify(weights/run_20250604_144420) by extensions ['cmake', 'python']
[0.967s] Level 1:colcon.colcon_core.package_identification:_identify(weights/run_20250604_144420) by extension 'cmake'
[0.967s] Level 1:colcon.colcon_core.package_identification:_identify(weights/run_20250604_144420) by extension 'python'
[0.967s] Level 1:colcon.colcon_core.package_identification:_identify(weights/run_20250604_144420) by extensions ['python_setup_py']
[0.967s] Level 1:colcon.colcon_core.package_identification:_identify(weights/run_20250604_144420) by extension 'python_setup_py'
[0.967s] Level 1:colcon.colcon_core.package_identification:_identify(weights/run_20250604_145345) by extensions ['ignore', 'ignore_ament_install']
[0.967s] Level 1:colcon.colcon_core.package_identification:_identify(weights/run_20250604_145345) by extension 'ignore'
[0.967s] Level 1:colcon.colcon_core.package_identification:_identify(weights/run_20250604_145345) by extension 'ignore_ament_install'
[0.967s] Level 1:colcon.colcon_core.package_identification:_identify(weights/run_20250604_145345) by extensions ['colcon_pkg']
[0.967s] Level 1:colcon.colcon_core.package_identification:_identify(weights/run_20250604_145345) by extension 'colcon_pkg'
[0.967s] Level 1:colcon.colcon_core.package_identification:_identify(weights/run_20250604_145345) by extensions ['colcon_meta']
[0.967s] Level 1:colcon.colcon_core.package_identification:_identify(weights/run_20250604_145345) by extension 'colcon_meta'
[0.967s] Level 1:colcon.colcon_core.package_identification:_identify(weights/run_20250604_145345) by extensions ['ros']
[0.967s] Level 1:colcon.colcon_core.package_identification:_identify(weights/run_20250604_145345) by extension 'ros'
[0.967s] Level 1:colcon.colcon_core.package_identification:_identify(weights/run_20250604_145345) by extensions ['cmake', 'python']
[0.967s] Level 1:colcon.colcon_core.package_identification:_identify(weights/run_20250604_145345) by extension 'cmake'
[0.967s] Level 1:colcon.colcon_core.package_identification:_identify(weights/run_20250604_145345) by extension 'python'
[0.967s] Level 1:colcon.colcon_core.package_identification:_identify(weights/run_20250604_145345) by extensions ['python_setup_py']
[0.967s] Level 1:colcon.colcon_core.package_identification:_identify(weights/run_20250604_145345) by extension 'python_setup_py'
[0.967s] Level 1:colcon.colcon_core.package_identification:_identify(weights/run_20250604_145907) by extensions ['ignore', 'ignore_ament_install']
[0.968s] Level 1:colcon.colcon_core.package_identification:_identify(weights/run_20250604_145907) by extension 'ignore'
[0.968s] Level 1:colcon.colcon_core.package_identification:_identify(weights/run_20250604_145907) by extension 'ignore_ament_install'
[0.968s] Level 1:colcon.colcon_core.package_identification:_identify(weights/run_20250604_145907) by extensions ['colcon_pkg']
[0.968s] Level 1:colcon.colcon_core.package_identification:_identify(weights/run_20250604_145907) by extension 'colcon_pkg'
[0.968s] Level 1:colcon.colcon_core.package_identification:_identify(weights/run_20250604_145907) by extensions ['colcon_meta']
[0.968s] Level 1:colcon.colcon_core.package_identification:_identify(weights/run_20250604_145907) by extension 'colcon_meta'
[0.968s] Level 1:colcon.colcon_core.package_identification:_identify(weights/run_20250604_145907) by extensions ['ros']
[0.968s] Level 1:colcon.colcon_core.package_identification:_identify(weights/run_20250604_145907) by extension 'ros'
[0.968s] Level 1:colcon.colcon_core.package_identification:_identify(weights/run_20250604_145907) by extensions ['cmake', 'python']
[0.968s] Level 1:colcon.colcon_core.package_identification:_identify(weights/run_20250604_145907) by extension 'cmake'
[0.968s] Level 1:colcon.colcon_core.package_identification:_identify(weights/run_20250604_145907) by extension 'python'
[0.968s] Level 1:colcon.colcon_core.package_identification:_identify(weights/run_20250604_145907) by extensions ['python_setup_py']
[0.968s] Level 1:colcon.colcon_core.package_identification:_identify(weights/run_20250604_145907) by extension 'python_setup_py'
[0.968s] Level 1:colcon.colcon_core.package_identification:_identify(weights/run_20250604_150242) by extensions ['ignore', 'ignore_ament_install']
[0.968s] Level 1:colcon.colcon_core.package_identification:_identify(weights/run_20250604_150242) by extension 'ignore'
[0.968s] Level 1:colcon.colcon_core.package_identification:_identify(weights/run_20250604_150242) by extension 'ignore_ament_install'
[0.968s] Level 1:colcon.colcon_core.package_identification:_identify(weights/run_20250604_150242) by extensions ['colcon_pkg']
[0.968s] Level 1:colcon.colcon_core.package_identification:_identify(weights/run_20250604_150242) by extension 'colcon_pkg'
[0.968s] Level 1:colcon.colcon_core.package_identification:_identify(weights/run_20250604_150242) by extensions ['colcon_meta']
[0.968s] Level 1:colcon.colcon_core.package_identification:_identify(weights/run_20250604_150242) by extension 'colcon_meta'
[0.968s] Level 1:colcon.colcon_core.package_identification:_identify(weights/run_20250604_150242) by extensions ['ros']
[0.968s] Level 1:colcon.colcon_core.package_identification:_identify(weights/run_20250604_150242) by extension 'ros'
[0.968s] Level 1:colcon.colcon_core.package_identification:_identify(weights/run_20250604_150242) by extensions ['cmake', 'python']
[0.968s] Level 1:colcon.colcon_core.package_identification:_identify(weights/run_20250604_150242) by extension 'cmake'
[0.969s] Level 1:colcon.colcon_core.package_identification:_identify(weights/run_20250604_150242) by extension 'python'
[0.969s] Level 1:colcon.colcon_core.package_identification:_identify(weights/run_20250604_150242) by extensions ['python_setup_py']
[0.969s] Level 1:colcon.colcon_core.package_identification:_identify(weights/run_20250604_150242) by extension 'python_setup_py'
[0.969s] Level 1:colcon.colcon_core.package_identification:_identify(weights/run_20250604_150511) by extensions ['ignore', 'ignore_ament_install']
[0.969s] Level 1:colcon.colcon_core.package_identification:_identify(weights/run_20250604_150511) by extension 'ignore'
[0.969s] Level 1:colcon.colcon_core.package_identification:_identify(weights/run_20250604_150511) by extension 'ignore_ament_install'
[0.969s] Level 1:colcon.colcon_core.package_identification:_identify(weights/run_20250604_150511) by extensions ['colcon_pkg']
[0.969s] Level 1:colcon.colcon_core.package_identification:_identify(weights/run_20250604_150511) by extension 'colcon_pkg'
[0.969s] Level 1:colcon.colcon_core.package_identification:_identify(weights/run_20250604_150511) by extensions ['colcon_meta']
[0.969s] Level 1:colcon.colcon_core.package_identification:_identify(weights/run_20250604_150511) by extension 'colcon_meta'
[0.969s] Level 1:colcon.colcon_core.package_identification:_identify(weights/run_20250604_150511) by extensions ['ros']
[0.969s] Level 1:colcon.colcon_core.package_identification:_identify(weights/run_20250604_150511) by extension 'ros'
[0.969s] Level 1:colcon.colcon_core.package_identification:_identify(weights/run_20250604_150511) by extensions ['cmake', 'python']
[0.969s] Level 1:colcon.colcon_core.package_identification:_identify(weights/run_20250604_150511) by extension 'cmake'
[0.969s] Level 1:colcon.colcon_core.package_identification:_identify(weights/run_20250604_150511) by extension 'python'
[0.969s] Level 1:colcon.colcon_core.package_identification:_identify(weights/run_20250604_150511) by extensions ['python_setup_py']
[0.969s] Level 1:colcon.colcon_core.package_identification:_identify(weights/run_20250604_150511) by extension 'python_setup_py'
[0.969s] Level 1:colcon.colcon_core.package_identification:_identify(weights/run_20250604_150726) by extensions ['ignore', 'ignore_ament_install']
[0.969s] Level 1:colcon.colcon_core.package_identification:_identify(weights/run_20250604_150726) by extension 'ignore'
[0.969s] Level 1:colcon.colcon_core.package_identification:_identify(weights/run_20250604_150726) by extension 'ignore_ament_install'
[0.969s] Level 1:colcon.colcon_core.package_identification:_identify(weights/run_20250604_150726) by extensions ['colcon_pkg']
[0.969s] Level 1:colcon.colcon_core.package_identification:_identify(weights/run_20250604_150726) by extension 'colcon_pkg'
[0.969s] Level 1:colcon.colcon_core.package_identification:_identify(weights/run_20250604_150726) by extensions ['colcon_meta']
[0.969s] Level 1:colcon.colcon_core.package_identification:_identify(weights/run_20250604_150726) by extension 'colcon_meta'
[0.969s] Level 1:colcon.colcon_core.package_identification:_identify(weights/run_20250604_150726) by extensions ['ros']
[0.969s] Level 1:colcon.colcon_core.package_identification:_identify(weights/run_20250604_150726) by extension 'ros'
[0.970s] Level 1:colcon.colcon_core.package_identification:_identify(weights/run_20250604_150726) by extensions ['cmake', 'python']
[0.970s] Level 1:colcon.colcon_core.package_identification:_identify(weights/run_20250604_150726) by extension 'cmake'
[0.970s] Level 1:colcon.colcon_core.package_identification:_identify(weights/run_20250604_150726) by extension 'python'
[0.970s] Level 1:colcon.colcon_core.package_identification:_identify(weights/run_20250604_150726) by extensions ['python_setup_py']
[0.970s] Level 1:colcon.colcon_core.package_identification:_identify(weights/run_20250604_150726) by extension 'python_setup_py'
[0.970s] Level 1:colcon.colcon_core.package_identification:_identify(weights/run_20250604_151204) by extensions ['ignore', 'ignore_ament_install']
[0.970s] Level 1:colcon.colcon_core.package_identification:_identify(weights/run_20250604_151204) by extension 'ignore'
[0.970s] Level 1:colcon.colcon_core.package_identification:_identify(weights/run_20250604_151204) by extension 'ignore_ament_install'
[0.970s] Level 1:colcon.colcon_core.package_identification:_identify(weights/run_20250604_151204) by extensions ['colcon_pkg']
[0.970s] Level 1:colcon.colcon_core.package_identification:_identify(weights/run_20250604_151204) by extension 'colcon_pkg'
[0.970s] Level 1:colcon.colcon_core.package_identification:_identify(weights/run_20250604_151204) by extensions ['colcon_meta']
[0.970s] Level 1:colcon.colcon_core.package_identification:_identify(weights/run_20250604_151204) by extension 'colcon_meta'
[0.970s] Level 1:colcon.colcon_core.package_identification:_identify(weights/run_20250604_151204) by extensions ['ros']
[0.970s] Level 1:colcon.colcon_core.package_identification:_identify(weights/run_20250604_151204) by extension 'ros'
[0.970s] Level 1:colcon.colcon_core.package_identification:_identify(weights/run_20250604_151204) by extensions ['cmake', 'python']
[0.970s] Level 1:colcon.colcon_core.package_identification:_identify(weights/run_20250604_151204) by extension 'cmake'
[0.970s] Level 1:colcon.colcon_core.package_identification:_identify(weights/run_20250604_151204) by extension 'python'
[0.970s] Level 1:colcon.colcon_core.package_identification:_identify(weights/run_20250604_151204) by extensions ['python_setup_py']
[0.970s] Level 1:colcon.colcon_core.package_identification:_identify(weights/run_20250604_151204) by extension 'python_setup_py'
[0.970s] Level 1:colcon.colcon_core.package_identification:_identify(weights/run_20250604_152007) by extensions ['ignore', 'ignore_ament_install']
[0.970s] Level 1:colcon.colcon_core.package_identification:_identify(weights/run_20250604_152007) by extension 'ignore'
[0.970s] Level 1:colcon.colcon_core.package_identification:_identify(weights/run_20250604_152007) by extension 'ignore_ament_install'
[0.970s] Level 1:colcon.colcon_core.package_identification:_identify(weights/run_20250604_152007) by extensions ['colcon_pkg']
[0.970s] Level 1:colcon.colcon_core.package_identification:_identify(weights/run_20250604_152007) by extension 'colcon_pkg'
[0.970s] Level 1:colcon.colcon_core.package_identification:_identify(weights/run_20250604_152007) by extensions ['colcon_meta']
[0.970s] Level 1:colcon.colcon_core.package_identification:_identify(weights/run_20250604_152007) by extension 'colcon_meta'
[0.971s] Level 1:colcon.colcon_core.package_identification:_identify(weights/run_20250604_152007) by extensions ['ros']
[0.971s] Level 1:colcon.colcon_core.package_identification:_identify(weights/run_20250604_152007) by extension 'ros'
[0.971s] Level 1:colcon.colcon_core.package_identification:_identify(weights/run_20250604_152007) by extensions ['cmake', 'python']
[0.971s] Level 1:colcon.colcon_core.package_identification:_identify(weights/run_20250604_152007) by extension 'cmake'
[0.971s] Level 1:colcon.colcon_core.package_identification:_identify(weights/run_20250604_152007) by extension 'python'
[0.971s] Level 1:colcon.colcon_core.package_identification:_identify(weights/run_20250604_152007) by extensions ['python_setup_py']
[0.971s] Level 1:colcon.colcon_core.package_identification:_identify(weights/run_20250604_152007) by extension 'python_setup_py'
[0.971s] Level 1:colcon.colcon_core.package_identification:_identify(weights/run_20250604_152459) by extensions ['ignore', 'ignore_ament_install']
[0.971s] Level 1:colcon.colcon_core.package_identification:_identify(weights/run_20250604_152459) by extension 'ignore'
[0.971s] Level 1:colcon.colcon_core.package_identification:_identify(weights/run_20250604_152459) by extension 'ignore_ament_install'
[0.971s] Level 1:colcon.colcon_core.package_identification:_identify(weights/run_20250604_152459) by extensions ['colcon_pkg']
[0.971s] Level 1:colcon.colcon_core.package_identification:_identify(weights/run_20250604_152459) by extension 'colcon_pkg'
[0.971s] Level 1:colcon.colcon_core.package_identification:_identify(weights/run_20250604_152459) by extensions ['colcon_meta']
[0.971s] Level 1:colcon.colcon_core.package_identification:_identify(weights/run_20250604_152459) by extension 'colcon_meta'
[0.971s] Level 1:colcon.colcon_core.package_identification:_identify(weights/run_20250604_152459) by extensions ['ros']
[0.971s] Level 1:colcon.colcon_core.package_identification:_identify(weights/run_20250604_152459) by extension 'ros'
[0.971s] Level 1:colcon.colcon_core.package_identification:_identify(weights/run_20250604_152459) by extensions ['cmake', 'python']
[0.971s] Level 1:colcon.colcon_core.package_identification:_identify(weights/run_20250604_152459) by extension 'cmake'
[0.971s] Level 1:colcon.colcon_core.package_identification:_identify(weights/run_20250604_152459) by extension 'python'
[0.971s] Level 1:colcon.colcon_core.package_identification:_identify(weights/run_20250604_152459) by extensions ['python_setup_py']
[0.971s] Level 1:colcon.colcon_core.package_identification:_identify(weights/run_20250604_152459) by extension 'python_setup_py'
[0.972s] Level 1:colcon.colcon_core.package_identification:_identify(weights/run_20250605_164557) by extensions ['ignore', 'ignore_ament_install']
[0.972s] Level 1:colcon.colcon_core.package_identification:_identify(weights/run_20250605_164557) by extension 'ignore'
[0.972s] Level 1:colcon.colcon_core.package_identification:_identify(weights/run_20250605_164557) by extension 'ignore_ament_install'
[0.972s] Level 1:colcon.colcon_core.package_identification:_identify(weights/run_20250605_164557) by extensions ['colcon_pkg']
[0.972s] Level 1:colcon.colcon_core.package_identification:_identify(weights/run_20250605_164557) by extension 'colcon_pkg'
[0.972s] Level 1:colcon.colcon_core.package_identification:_identify(weights/run_20250605_164557) by extensions ['colcon_meta']
[0.972s] Level 1:colcon.colcon_core.package_identification:_identify(weights/run_20250605_164557) by extension 'colcon_meta'
[0.972s] Level 1:colcon.colcon_core.package_identification:_identify(weights/run_20250605_164557) by extensions ['ros']
[0.972s] Level 1:colcon.colcon_core.package_identification:_identify(weights/run_20250605_164557) by extension 'ros'
[0.972s] Level 1:colcon.colcon_core.package_identification:_identify(weights/run_20250605_164557) by extensions ['cmake', 'python']
[0.972s] Level 1:colcon.colcon_core.package_identification:_identify(weights/run_20250605_164557) by extension 'cmake'
[0.972s] Level 1:colcon.colcon_core.package_identification:_identify(weights/run_20250605_164557) by extension 'python'
[0.972s] Level 1:colcon.colcon_core.package_identification:_identify(weights/run_20250605_164557) by extensions ['python_setup_py']
[0.972s] Level 1:colcon.colcon_core.package_identification:_identify(weights/run_20250605_164557) by extension 'python_setup_py'
[0.972s] Level 1:colcon.colcon_core.package_identification:_identify(weights/run_20250605_171017) by extensions ['ignore', 'ignore_ament_install']
[0.972s] Level 1:colcon.colcon_core.package_identification:_identify(weights/run_20250605_171017) by extension 'ignore'
[0.972s] Level 1:colcon.colcon_core.package_identification:_identify(weights/run_20250605_171017) by extension 'ignore_ament_install'
[0.972s] Level 1:colcon.colcon_core.package_identification:_identify(weights/run_20250605_171017) by extensions ['colcon_pkg']
[0.972s] Level 1:colcon.colcon_core.package_identification:_identify(weights/run_20250605_171017) by extension 'colcon_pkg'
[0.972s] Level 1:colcon.colcon_core.package_identification:_identify(weights/run_20250605_171017) by extensions ['colcon_meta']
[0.972s] Level 1:colcon.colcon_core.package_identification:_identify(weights/run_20250605_171017) by extension 'colcon_meta'
[0.972s] Level 1:colcon.colcon_core.package_identification:_identify(weights/run_20250605_171017) by extensions ['ros']
[0.972s] Level 1:colcon.colcon_core.package_identification:_identify(weights/run_20250605_171017) by extension 'ros'
[0.972s] Level 1:colcon.colcon_core.package_identification:_identify(weights/run_20250605_171017) by extensions ['cmake', 'python']
[0.972s] Level 1:colcon.colcon_core.package_identification:_identify(weights/run_20250605_171017) by extension 'cmake'
[0.973s] Level 1:colcon.colcon_core.package_identification:_identify(weights/run_20250605_171017) by extension 'python'
[0.973s] Level 1:colcon.colcon_core.package_identification:_identify(weights/run_20250605_171017) by extensions ['python_setup_py']
[0.973s] Level 1:colcon.colcon_core.package_identification:_identify(weights/run_20250605_171017) by extension 'python_setup_py'
[0.973s] Level 1:colcon.colcon_core.package_identification:_identify(weights/run_20250605_181103) by extensions ['ignore', 'ignore_ament_install']
[0.973s] Level 1:colcon.colcon_core.package_identification:_identify(weights/run_20250605_181103) by extension 'ignore'
[0.973s] Level 1:colcon.colcon_core.package_identification:_identify(weights/run_20250605_181103) by extension 'ignore_ament_install'
[0.973s] Level 1:colcon.colcon_core.package_identification:_identify(weights/run_20250605_181103) by extensions ['colcon_pkg']
[0.973s] Level 1:colcon.colcon_core.package_identification:_identify(weights/run_20250605_181103) by extension 'colcon_pkg'
[0.973s] Level 1:colcon.colcon_core.package_identification:_identify(weights/run_20250605_181103) by extensions ['colcon_meta']
[0.973s] Level 1:colcon.colcon_core.package_identification:_identify(weights/run_20250605_181103) by extension 'colcon_meta'
[0.973s] Level 1:colcon.colcon_core.package_identification:_identify(weights/run_20250605_181103) by extensions ['ros']
[0.973s] Level 1:colcon.colcon_core.package_identification:_identify(weights/run_20250605_181103) by extension 'ros'
[0.973s] Level 1:colcon.colcon_core.package_identification:_identify(weights/run_20250605_181103) by extensions ['cmake', 'python']
[0.973s] Level 1:colcon.colcon_core.package_identification:_identify(weights/run_20250605_181103) by extension 'cmake'
[0.973s] Level 1:colcon.colcon_core.package_identification:_identify(weights/run_20250605_181103) by extension 'python'
[0.973s] Level 1:colcon.colcon_core.package_identification:_identify(weights/run_20250605_181103) by extensions ['python_setup_py']
[0.973s] Level 1:colcon.colcon_core.package_identification:_identify(weights/run_20250605_181103) by extension 'python_setup_py'
[0.973s] Level 1:colcon.colcon_core.package_identification:_identify(weights/run_20250605_181327) by extensions ['ignore', 'ignore_ament_install']
[0.973s] Level 1:colcon.colcon_core.package_identification:_identify(weights/run_20250605_181327) by extension 'ignore'
[0.973s] Level 1:colcon.colcon_core.package_identification:_identify(weights/run_20250605_181327) by extension 'ignore_ament_install'
[0.973s] Level 1:colcon.colcon_core.package_identification:_identify(weights/run_20250605_181327) by extensions ['colcon_pkg']
[0.973s] Level 1:colcon.colcon_core.package_identification:_identify(weights/run_20250605_181327) by extension 'colcon_pkg'
[0.973s] Level 1:colcon.colcon_core.package_identification:_identify(weights/run_20250605_181327) by extensions ['colcon_meta']
[0.973s] Level 1:colcon.colcon_core.package_identification:_identify(weights/run_20250605_181327) by extension 'colcon_meta'
[0.973s] Level 1:colcon.colcon_core.package_identification:_identify(weights/run_20250605_181327) by extensions ['ros']
[0.974s] Level 1:colcon.colcon_core.package_identification:_identify(weights/run_20250605_181327) by extension 'ros'
[0.974s] Level 1:colcon.colcon_core.package_identification:_identify(weights/run_20250605_181327) by extensions ['cmake', 'python']
[0.974s] Level 1:colcon.colcon_core.package_identification:_identify(weights/run_20250605_181327) by extension 'cmake'
[0.974s] Level 1:colcon.colcon_core.package_identification:_identify(weights/run_20250605_181327) by extension 'python'
[0.974s] Level 1:colcon.colcon_core.package_identification:_identify(weights/run_20250605_181327) by extensions ['python_setup_py']
[0.974s] Level 1:colcon.colcon_core.package_identification:_identify(weights/run_20250605_181327) by extension 'python_setup_py'
[0.974s] Level 1:colcon.colcon_core.package_identification:_identify(weights/run_20250605_185510) by extensions ['ignore', 'ignore_ament_install']
[0.974s] Level 1:colcon.colcon_core.package_identification:_identify(weights/run_20250605_185510) by extension 'ignore'
[0.974s] Level 1:colcon.colcon_core.package_identification:_identify(weights/run_20250605_185510) by extension 'ignore_ament_install'
[0.974s] Level 1:colcon.colcon_core.package_identification:_identify(weights/run_20250605_185510) by extensions ['colcon_pkg']
[0.974s] Level 1:colcon.colcon_core.package_identification:_identify(weights/run_20250605_185510) by extension 'colcon_pkg'
[0.974s] Level 1:colcon.colcon_core.package_identification:_identify(weights/run_20250605_185510) by extensions ['colcon_meta']
[0.974s] Level 1:colcon.colcon_core.package_identification:_identify(weights/run_20250605_185510) by extension 'colcon_meta'
[0.974s] Level 1:colcon.colcon_core.package_identification:_identify(weights/run_20250605_185510) by extensions ['ros']
[0.974s] Level 1:colcon.colcon_core.package_identification:_identify(weights/run_20250605_185510) by extension 'ros'
[0.974s] Level 1:colcon.colcon_core.package_identification:_identify(weights/run_20250605_185510) by extensions ['cmake', 'python']
[0.974s] Level 1:colcon.colcon_core.package_identification:_identify(weights/run_20250605_185510) by extension 'cmake'
[0.974s] Level 1:colcon.colcon_core.package_identification:_identify(weights/run_20250605_185510) by extension 'python'
[0.974s] Level 1:colcon.colcon_core.package_identification:_identify(weights/run_20250605_185510) by extensions ['python_setup_py']
[0.974s] Level 1:colcon.colcon_core.package_identification:_identify(weights/run_20250605_185510) by extension 'python_setup_py'
[0.974s] Level 1:colcon.colcon_core.package_identification:_identify(weights/run_20250605_194023) by extensions ['ignore', 'ignore_ament_install']
[0.974s] Level 1:colcon.colcon_core.package_identification:_identify(weights/run_20250605_194023) by extension 'ignore'
[0.974s] Level 1:colcon.colcon_core.package_identification:_identify(weights/run_20250605_194023) by extension 'ignore_ament_install'
[0.975s] Level 1:colcon.colcon_core.package_identification:_identify(weights/run_20250605_194023) by extensions ['colcon_pkg']
[0.975s] Level 1:colcon.colcon_core.package_identification:_identify(weights/run_20250605_194023) by extension 'colcon_pkg'
[0.975s] Level 1:colcon.colcon_core.package_identification:_identify(weights/run_20250605_194023) by extensions ['colcon_meta']
[0.975s] Level 1:colcon.colcon_core.package_identification:_identify(weights/run_20250605_194023) by extension 'colcon_meta'
[0.975s] Level 1:colcon.colcon_core.package_identification:_identify(weights/run_20250605_194023) by extensions ['ros']
[0.975s] Level 1:colcon.colcon_core.package_identification:_identify(weights/run_20250605_194023) by extension 'ros'
[0.975s] Level 1:colcon.colcon_core.package_identification:_identify(weights/run_20250605_194023) by extensions ['cmake', 'python']
[0.975s] Level 1:colcon.colcon_core.package_identification:_identify(weights/run_20250605_194023) by extension 'cmake'
[0.975s] Level 1:colcon.colcon_core.package_identification:_identify(weights/run_20250605_194023) by extension 'python'
[0.975s] Level 1:colcon.colcon_core.package_identification:_identify(weights/run_20250605_194023) by extensions ['python_setup_py']
[0.975s] Level 1:colcon.colcon_core.package_identification:_identify(weights/run_20250605_194023) by extension 'python_setup_py'
[0.975s] Level 1:colcon.colcon_core.package_identification:_identify(weights/run_20250605_201728) by extensions ['ignore', 'ignore_ament_install']
[0.975s] Level 1:colcon.colcon_core.package_identification:_identify(weights/run_20250605_201728) by extension 'ignore'
[0.975s] Level 1:colcon.colcon_core.package_identification:_identify(weights/run_20250605_201728) by extension 'ignore_ament_install'
[0.975s] Level 1:colcon.colcon_core.package_identification:_identify(weights/run_20250605_201728) by extensions ['colcon_pkg']
[0.975s] Level 1:colcon.colcon_core.package_identification:_identify(weights/run_20250605_201728) by extension 'colcon_pkg'
[0.975s] Level 1:colcon.colcon_core.package_identification:_identify(weights/run_20250605_201728) by extensions ['colcon_meta']
[0.975s] Level 1:colcon.colcon_core.package_identification:_identify(weights/run_20250605_201728) by extension 'colcon_meta'
[0.975s] Level 1:colcon.colcon_core.package_identification:_identify(weights/run_20250605_201728) by extensions ['ros']
[0.975s] Level 1:colcon.colcon_core.package_identification:_identify(weights/run_20250605_201728) by extension 'ros'
[0.975s] Level 1:colcon.colcon_core.package_identification:_identify(weights/run_20250605_201728) by extensions ['cmake', 'python']
[0.975s] Level 1:colcon.colcon_core.package_identification:_identify(weights/run_20250605_201728) by extension 'cmake'
[0.975s] Level 1:colcon.colcon_core.package_identification:_identify(weights/run_20250605_201728) by extension 'python'
[0.975s] Level 1:colcon.colcon_core.package_identification:_identify(weights/run_20250605_201728) by extensions ['python_setup_py']
[0.975s] Level 1:colcon.colcon_core.package_identification:_identify(weights/run_20250605_201728) by extension 'python_setup_py'
[0.975s] Level 1:colcon.colcon_core.package_identification:_identify(weights/run_20250605_203633) by extensions ['ignore', 'ignore_ament_install']
[0.976s] Level 1:colcon.colcon_core.package_identification:_identify(weights/run_20250605_203633) by extension 'ignore'
[0.976s] Level 1:colcon.colcon_core.package_identification:_identify(weights/run_20250605_203633) by extension 'ignore_ament_install'
[0.976s] Level 1:colcon.colcon_core.package_identification:_identify(weights/run_20250605_203633) by extensions ['colcon_pkg']
[0.976s] Level 1:colcon.colcon_core.package_identification:_identify(weights/run_20250605_203633) by extension 'colcon_pkg'
[0.976s] Level 1:colcon.colcon_core.package_identification:_identify(weights/run_20250605_203633) by extensions ['colcon_meta']
[0.976s] Level 1:colcon.colcon_core.package_identification:_identify(weights/run_20250605_203633) by extension 'colcon_meta'
[0.976s] Level 1:colcon.colcon_core.package_identification:_identify(weights/run_20250605_203633) by extensions ['ros']
[0.976s] Level 1:colcon.colcon_core.package_identification:_identify(weights/run_20250605_203633) by extension 'ros'
[0.976s] Level 1:colcon.colcon_core.package_identification:_identify(weights/run_20250605_203633) by extensions ['cmake', 'python']
[0.976s] Level 1:colcon.colcon_core.package_identification:_identify(weights/run_20250605_203633) by extension 'cmake'
[0.976s] Level 1:colcon.colcon_core.package_identification:_identify(weights/run_20250605_203633) by extension 'python'
[0.976s] Level 1:colcon.colcon_core.package_identification:_identify(weights/run_20250605_203633) by extensions ['python_setup_py']
[0.976s] Level 1:colcon.colcon_core.package_identification:_identify(weights/run_20250605_203633) by extension 'python_setup_py'
[0.976s] Level 1:colcon.colcon_core.package_identification:_identify(weights/run_20250605_204012) by extensions ['ignore', 'ignore_ament_install']
[0.976s] Level 1:colcon.colcon_core.package_identification:_identify(weights/run_20250605_204012) by extension 'ignore'
[0.976s] Level 1:colcon.colcon_core.package_identification:_identify(weights/run_20250605_204012) by extension 'ignore_ament_install'
[0.976s] Level 1:colcon.colcon_core.package_identification:_identify(weights/run_20250605_204012) by extensions ['colcon_pkg']
[0.976s] Level 1:colcon.colcon_core.package_identification:_identify(weights/run_20250605_204012) by extension 'colcon_pkg'
[0.976s] Level 1:colcon.colcon_core.package_identification:_identify(weights/run_20250605_204012) by extensions ['colcon_meta']
[0.976s] Level 1:colcon.colcon_core.package_identification:_identify(weights/run_20250605_204012) by extension 'colcon_meta'
[0.976s] Level 1:colcon.colcon_core.package_identification:_identify(weights/run_20250605_204012) by extensions ['ros']
[0.976s] Level 1:colcon.colcon_core.package_identification:_identify(weights/run_20250605_204012) by extension 'ros'
[0.976s] Level 1:colcon.colcon_core.package_identification:_identify(weights/run_20250605_204012) by extensions ['cmake', 'python']
[0.977s] Level 1:colcon.colcon_core.package_identification:_identify(weights/run_20250605_204012) by extension 'cmake'
[0.977s] Level 1:colcon.colcon_core.package_identification:_identify(weights/run_20250605_204012) by extension 'python'
[0.977s] Level 1:colcon.colcon_core.package_identification:_identify(weights/run_20250605_204012) by extensions ['python_setup_py']
[0.977s] Level 1:colcon.colcon_core.package_identification:_identify(weights/run_20250605_204012) by extension 'python_setup_py'
[0.977s] Level 1:colcon.colcon_core.package_identification:_identify(weights/run_20250605_204955) by extensions ['ignore', 'ignore_ament_install']
[0.977s] Level 1:colcon.colcon_core.package_identification:_identify(weights/run_20250605_204955) by extension 'ignore'
[0.977s] Level 1:colcon.colcon_core.package_identification:_identify(weights/run_20250605_204955) by extension 'ignore_ament_install'
[0.977s] Level 1:colcon.colcon_core.package_identification:_identify(weights/run_20250605_204955) by extensions ['colcon_pkg']
[0.977s] Level 1:colcon.colcon_core.package_identification:_identify(weights/run_20250605_204955) by extension 'colcon_pkg'
[0.977s] Level 1:colcon.colcon_core.package_identification:_identify(weights/run_20250605_204955) by extensions ['colcon_meta']
[0.977s] Level 1:colcon.colcon_core.package_identification:_identify(weights/run_20250605_204955) by extension 'colcon_meta'
[0.977s] Level 1:colcon.colcon_core.package_identification:_identify(weights/run_20250605_204955) by extensions ['ros']
[0.977s] Level 1:colcon.colcon_core.package_identification:_identify(weights/run_20250605_204955) by extension 'ros'
[0.977s] Level 1:colcon.colcon_core.package_identification:_identify(weights/run_20250605_204955) by extensions ['cmake', 'python']
[0.977s] Level 1:colcon.colcon_core.package_identification:_identify(weights/run_20250605_204955) by extension 'cmake'
[0.977s] Level 1:colcon.colcon_core.package_identification:_identify(weights/run_20250605_204955) by extension 'python'
[0.977s] Level 1:colcon.colcon_core.package_identification:_identify(weights/run_20250605_204955) by extensions ['python_setup_py']
[0.977s] Level 1:colcon.colcon_core.package_identification:_identify(weights/run_20250605_204955) by extension 'python_setup_py'
[0.977s] Level 1:colcon.colcon_core.package_identification:_identify(weights/run_20250605_210205) by extensions ['ignore', 'ignore_ament_install']
[0.978s] Level 1:colcon.colcon_core.package_identification:_identify(weights/run_20250605_210205) by extension 'ignore'
[0.978s] Level 1:colcon.colcon_core.package_identification:_identify(weights/run_20250605_210205) by extension 'ignore_ament_install'
[0.978s] Level 1:colcon.colcon_core.package_identification:_identify(weights/run_20250605_210205) by extensions ['colcon_pkg']
[0.978s] Level 1:colcon.colcon_core.package_identification:_identify(weights/run_20250605_210205) by extension 'colcon_pkg'
[0.978s] Level 1:colcon.colcon_core.package_identification:_identify(weights/run_20250605_210205) by extensions ['colcon_meta']
[0.978s] Level 1:colcon.colcon_core.package_identification:_identify(weights/run_20250605_210205) by extension 'colcon_meta'
[0.978s] Level 1:colcon.colcon_core.package_identification:_identify(weights/run_20250605_210205) by extensions ['ros']
[0.978s] Level 1:colcon.colcon_core.package_identification:_identify(weights/run_20250605_210205) by extension 'ros'
[0.978s] Level 1:colcon.colcon_core.package_identification:_identify(weights/run_20250605_210205) by extensions ['cmake', 'python']
[0.978s] Level 1:colcon.colcon_core.package_identification:_identify(weights/run_20250605_210205) by extension 'cmake'
[0.978s] Level 1:colcon.colcon_core.package_identification:_identify(weights/run_20250605_210205) by extension 'python'
[0.978s] Level 1:colcon.colcon_core.package_identification:_identify(weights/run_20250605_210205) by extensions ['python_setup_py']
[0.978s] Level 1:colcon.colcon_core.package_identification:_identify(weights/run_20250605_210205) by extension 'python_setup_py'
[0.978s] Level 1:colcon.colcon_core.package_identification:_identify(weights/run_20250605_210652) by extensions ['ignore', 'ignore_ament_install']
[0.978s] Level 1:colcon.colcon_core.package_identification:_identify(weights/run_20250605_210652) by extension 'ignore'
[0.978s] Level 1:colcon.colcon_core.package_identification:_identify(weights/run_20250605_210652) by extension 'ignore_ament_install'
[0.978s] Level 1:colcon.colcon_core.package_identification:_identify(weights/run_20250605_210652) by extensions ['colcon_pkg']
[0.978s] Level 1:colcon.colcon_core.package_identification:_identify(weights/run_20250605_210652) by extension 'colcon_pkg'
[0.978s] Level 1:colcon.colcon_core.package_identification:_identify(weights/run_20250605_210652) by extensions ['colcon_meta']
[0.979s] Level 1:colcon.colcon_core.package_identification:_identify(weights/run_20250605_210652) by extension 'colcon_meta'
[0.979s] Level 1:colcon.colcon_core.package_identification:_identify(weights/run_20250605_210652) by extensions ['ros']
[0.979s] Level 1:colcon.colcon_core.package_identification:_identify(weights/run_20250605_210652) by extension 'ros'
[0.979s] Level 1:colcon.colcon_core.package_identification:_identify(weights/run_20250605_210652) by extensions ['cmake', 'python']
[0.979s] Level 1:colcon.colcon_core.package_identification:_identify(weights/run_20250605_210652) by extension 'cmake'
[0.979s] Level 1:colcon.colcon_core.package_identification:_identify(weights/run_20250605_210652) by extension 'python'
[0.979s] Level 1:colcon.colcon_core.package_identification:_identify(weights/run_20250605_210652) by extensions ['python_setup_py']
[0.979s] Level 1:colcon.colcon_core.package_identification:_identify(weights/run_20250605_210652) by extension 'python_setup_py'
[0.979s] Level 1:colcon.colcon_core.package_identification:_identify(weights/run_20250605_210836) by extensions ['ignore', 'ignore_ament_install']
[0.979s] Level 1:colcon.colcon_core.package_identification:_identify(weights/run_20250605_210836) by extension 'ignore'
[0.979s] Level 1:colcon.colcon_core.package_identification:_identify(weights/run_20250605_210836) by extension 'ignore_ament_install'
[0.979s] Level 1:colcon.colcon_core.package_identification:_identify(weights/run_20250605_210836) by extensions ['colcon_pkg']
[0.979s] Level 1:colcon.colcon_core.package_identification:_identify(weights/run_20250605_210836) by extension 'colcon_pkg'
[0.979s] Level 1:colcon.colcon_core.package_identification:_identify(weights/run_20250605_210836) by extensions ['colcon_meta']
[0.979s] Level 1:colcon.colcon_core.package_identification:_identify(weights/run_20250605_210836) by extension 'colcon_meta'
[0.979s] Level 1:colcon.colcon_core.package_identification:_identify(weights/run_20250605_210836) by extensions ['ros']
[0.979s] Level 1:colcon.colcon_core.package_identification:_identify(weights/run_20250605_210836) by extension 'ros'
[0.979s] Level 1:colcon.colcon_core.package_identification:_identify(weights/run_20250605_210836) by extensions ['cmake', 'python']
[0.979s] Level 1:colcon.colcon_core.package_identification:_identify(weights/run_20250605_210836) by extension 'cmake'
[0.979s] Level 1:colcon.colcon_core.package_identification:_identify(weights/run_20250605_210836) by extension 'python'
[0.979s] Level 1:colcon.colcon_core.package_identification:_identify(weights/run_20250605_210836) by extensions ['python_setup_py']
[0.979s] Level 1:colcon.colcon_core.package_identification:_identify(weights/run_20250605_210836) by extension 'python_setup_py'
[0.980s] Level 1:colcon.colcon_core.package_identification:_identify(weights/run_20250605_214540) by extensions ['ignore', 'ignore_ament_install']
[0.980s] Level 1:colcon.colcon_core.package_identification:_identify(weights/run_20250605_214540) by extension 'ignore'
[0.980s] Level 1:colcon.colcon_core.package_identification:_identify(weights/run_20250605_214540) by extension 'ignore_ament_install'
[0.980s] Level 1:colcon.colcon_core.package_identification:_identify(weights/run_20250605_214540) by extensions ['colcon_pkg']
[0.980s] Level 1:colcon.colcon_core.package_identification:_identify(weights/run_20250605_214540) by extension 'colcon_pkg'
[0.980s] Level 1:colcon.colcon_core.package_identification:_identify(weights/run_20250605_214540) by extensions ['colcon_meta']
[0.980s] Level 1:colcon.colcon_core.package_identification:_identify(weights/run_20250605_214540) by extension 'colcon_meta'
[0.980s] Level 1:colcon.colcon_core.package_identification:_identify(weights/run_20250605_214540) by extensions ['ros']
[0.980s] Level 1:colcon.colcon_core.package_identification:_identify(weights/run_20250605_214540) by extension 'ros'
[0.980s] Level 1:colcon.colcon_core.package_identification:_identify(weights/run_20250605_214540) by extensions ['cmake', 'python']
[0.980s] Level 1:colcon.colcon_core.package_identification:_identify(weights/run_20250605_214540) by extension 'cmake'
[0.980s] Level 1:colcon.colcon_core.package_identification:_identify(weights/run_20250605_214540) by extension 'python'
[0.980s] Level 1:colcon.colcon_core.package_identification:_identify(weights/run_20250605_214540) by extensions ['python_setup_py']
[0.980s] Level 1:colcon.colcon_core.package_identification:_identify(weights/run_20250605_214540) by extension 'python_setup_py'
[0.980s] Level 1:colcon.colcon_core.package_identification:_identify(weights/run_20250605_215620) by extensions ['ignore', 'ignore_ament_install']
[0.981s] Level 1:colcon.colcon_core.package_identification:_identify(weights/run_20250605_215620) by extension 'ignore'
[0.981s] Level 1:colcon.colcon_core.package_identification:_identify(weights/run_20250605_215620) by extension 'ignore_ament_install'
[0.981s] Level 1:colcon.colcon_core.package_identification:_identify(weights/run_20250605_215620) by extensions ['colcon_pkg']
[0.981s] Level 1:colcon.colcon_core.package_identification:_identify(weights/run_20250605_215620) by extension 'colcon_pkg'
[0.981s] Level 1:colcon.colcon_core.package_identification:_identify(weights/run_20250605_215620) by extensions ['colcon_meta']
[0.981s] Level 1:colcon.colcon_core.package_identification:_identify(weights/run_20250605_215620) by extension 'colcon_meta'
[0.981s] Level 1:colcon.colcon_core.package_identification:_identify(weights/run_20250605_215620) by extensions ['ros']
[0.981s] Level 1:colcon.colcon_core.package_identification:_identify(weights/run_20250605_215620) by extension 'ros'
[0.981s] Level 1:colcon.colcon_core.package_identification:_identify(weights/run_20250605_215620) by extensions ['cmake', 'python']
[0.981s] Level 1:colcon.colcon_core.package_identification:_identify(weights/run_20250605_215620) by extension 'cmake'
[0.981s] Level 1:colcon.colcon_core.package_identification:_identify(weights/run_20250605_215620) by extension 'python'
[0.981s] Level 1:colcon.colcon_core.package_identification:_identify(weights/run_20250605_215620) by extensions ['python_setup_py']
[0.981s] Level 1:colcon.colcon_core.package_identification:_identify(weights/run_20250605_215620) by extension 'python_setup_py'
[0.981s] Level 1:colcon.colcon_core.package_identification:_identify(weights/run_20250605_215835) by extensions ['ignore', 'ignore_ament_install']
[0.981s] Level 1:colcon.colcon_core.package_identification:_identify(weights/run_20250605_215835) by extension 'ignore'
[0.981s] Level 1:colcon.colcon_core.package_identification:_identify(weights/run_20250605_215835) by extension 'ignore_ament_install'
[0.981s] Level 1:colcon.colcon_core.package_identification:_identify(weights/run_20250605_215835) by extensions ['colcon_pkg']
[0.981s] Level 1:colcon.colcon_core.package_identification:_identify(weights/run_20250605_215835) by extension 'colcon_pkg'
[0.981s] Level 1:colcon.colcon_core.package_identification:_identify(weights/run_20250605_215835) by extensions ['colcon_meta']
[0.982s] Level 1:colcon.colcon_core.package_identification:_identify(weights/run_20250605_215835) by extension 'colcon_meta'
[0.982s] Level 1:colcon.colcon_core.package_identification:_identify(weights/run_20250605_215835) by extensions ['ros']
[0.982s] Level 1:colcon.colcon_core.package_identification:_identify(weights/run_20250605_215835) by extension 'ros'
[0.982s] Level 1:colcon.colcon_core.package_identification:_identify(weights/run_20250605_215835) by extensions ['cmake', 'python']
[0.982s] Level 1:colcon.colcon_core.package_identification:_identify(weights/run_20250605_215835) by extension 'cmake'
[0.982s] Level 1:colcon.colcon_core.package_identification:_identify(weights/run_20250605_215835) by extension 'python'
[0.982s] Level 1:colcon.colcon_core.package_identification:_identify(weights/run_20250605_215835) by extensions ['python_setup_py']
[0.982s] Level 1:colcon.colcon_core.package_identification:_identify(weights/run_20250605_215835) by extension 'python_setup_py'
[0.982s] Level 1:colcon.colcon_core.package_identification:_identify(weights/run_20250605_220005) by extensions ['ignore', 'ignore_ament_install']
[0.982s] Level 1:colcon.colcon_core.package_identification:_identify(weights/run_20250605_220005) by extension 'ignore'
[0.982s] Level 1:colcon.colcon_core.package_identification:_identify(weights/run_20250605_220005) by extension 'ignore_ament_install'
[0.982s] Level 1:colcon.colcon_core.package_identification:_identify(weights/run_20250605_220005) by extensions ['colcon_pkg']
[0.982s] Level 1:colcon.colcon_core.package_identification:_identify(weights/run_20250605_220005) by extension 'colcon_pkg'
[0.982s] Level 1:colcon.colcon_core.package_identification:_identify(weights/run_20250605_220005) by extensions ['colcon_meta']
[0.982s] Level 1:colcon.colcon_core.package_identification:_identify(weights/run_20250605_220005) by extension 'colcon_meta'
[0.982s] Level 1:colcon.colcon_core.package_identification:_identify(weights/run_20250605_220005) by extensions ['ros']
[0.982s] Level 1:colcon.colcon_core.package_identification:_identify(weights/run_20250605_220005) by extension 'ros'
[0.982s] Level 1:colcon.colcon_core.package_identification:_identify(weights/run_20250605_220005) by extensions ['cmake', 'python']
[0.982s] Level 1:colcon.colcon_core.package_identification:_identify(weights/run_20250605_220005) by extension 'cmake'
[0.983s] Level 1:colcon.colcon_core.package_identification:_identify(weights/run_20250605_220005) by extension 'python'
[0.983s] Level 1:colcon.colcon_core.package_identification:_identify(weights/run_20250605_220005) by extensions ['python_setup_py']
[0.983s] Level 1:colcon.colcon_core.package_identification:_identify(weights/run_20250605_220005) by extension 'python_setup_py'
[0.983s] Level 1:colcon.colcon_core.package_identification:_identify(weights/run_20250605_221005) by extensions ['ignore', 'ignore_ament_install']
[0.983s] Level 1:colcon.colcon_core.package_identification:_identify(weights/run_20250605_221005) by extension 'ignore'
[0.983s] Level 1:colcon.colcon_core.package_identification:_identify(weights/run_20250605_221005) by extension 'ignore_ament_install'
[0.983s] Level 1:colcon.colcon_core.package_identification:_identify(weights/run_20250605_221005) by extensions ['colcon_pkg']
[0.983s] Level 1:colcon.colcon_core.package_identification:_identify(weights/run_20250605_221005) by extension 'colcon_pkg'
[0.983s] Level 1:colcon.colcon_core.package_identification:_identify(weights/run_20250605_221005) by extensions ['colcon_meta']
[0.983s] Level 1:colcon.colcon_core.package_identification:_identify(weights/run_20250605_221005) by extension 'colcon_meta'
[0.983s] Level 1:colcon.colcon_core.package_identification:_identify(weights/run_20250605_221005) by extensions ['ros']
[0.983s] Level 1:colcon.colcon_core.package_identification:_identify(weights/run_20250605_221005) by extension 'ros'
[0.983s] Level 1:colcon.colcon_core.package_identification:_identify(weights/run_20250605_221005) by extensions ['cmake', 'python']
[0.983s] Level 1:colcon.colcon_core.package_identification:_identify(weights/run_20250605_221005) by extension 'cmake'
[0.983s] Level 1:colcon.colcon_core.package_identification:_identify(weights/run_20250605_221005) by extension 'python'
[0.983s] Level 1:colcon.colcon_core.package_identification:_identify(weights/run_20250605_221005) by extensions ['python_setup_py']
[0.983s] Level 1:colcon.colcon_core.package_identification:_identify(weights/run_20250605_221005) by extension 'python_setup_py'
[0.983s] Level 1:colcon.colcon_core.package_identification:_identify(weights/run_20250605_221503) by extensions ['ignore', 'ignore_ament_install']
[0.983s] Level 1:colcon.colcon_core.package_identification:_identify(weights/run_20250605_221503) by extension 'ignore'
[0.983s] Level 1:colcon.colcon_core.package_identification:_identify(weights/run_20250605_221503) by extension 'ignore_ament_install'
[0.983s] Level 1:colcon.colcon_core.package_identification:_identify(weights/run_20250605_221503) by extensions ['colcon_pkg']
[0.983s] Level 1:colcon.colcon_core.package_identification:_identify(weights/run_20250605_221503) by extension 'colcon_pkg'
[0.983s] Level 1:colcon.colcon_core.package_identification:_identify(weights/run_20250605_221503) by extensions ['colcon_meta']
[0.983s] Level 1:colcon.colcon_core.package_identification:_identify(weights/run_20250605_221503) by extension 'colcon_meta'
[0.984s] Level 1:colcon.colcon_core.package_identification:_identify(weights/run_20250605_221503) by extensions ['ros']
[0.984s] Level 1:colcon.colcon_core.package_identification:_identify(weights/run_20250605_221503) by extension 'ros'
[0.984s] Level 1:colcon.colcon_core.package_identification:_identify(weights/run_20250605_221503) by extensions ['cmake', 'python']
[0.984s] Level 1:colcon.colcon_core.package_identification:_identify(weights/run_20250605_221503) by extension 'cmake'
[0.984s] Level 1:colcon.colcon_core.package_identification:_identify(weights/run_20250605_221503) by extension 'python'
[0.984s] Level 1:colcon.colcon_core.package_identification:_identify(weights/run_20250605_221503) by extensions ['python_setup_py']
[0.984s] Level 1:colcon.colcon_core.package_identification:_identify(weights/run_20250605_221503) by extension 'python_setup_py'
[0.984s] Level 1:colcon.colcon_core.package_identification:_identify(weights/run_20250605_222152) by extensions ['ignore', 'ignore_ament_install']
[0.984s] Level 1:colcon.colcon_core.package_identification:_identify(weights/run_20250605_222152) by extension 'ignore'
[0.984s] Level 1:colcon.colcon_core.package_identification:_identify(weights/run_20250605_222152) by extension 'ignore_ament_install'
[0.984s] Level 1:colcon.colcon_core.package_identification:_identify(weights/run_20250605_222152) by extensions ['colcon_pkg']
[0.984s] Level 1:colcon.colcon_core.package_identification:_identify(weights/run_20250605_222152) by extension 'colcon_pkg'
[0.984s] Level 1:colcon.colcon_core.package_identification:_identify(weights/run_20250605_222152) by extensions ['colcon_meta']
[0.984s] Level 1:colcon.colcon_core.package_identification:_identify(weights/run_20250605_222152) by extension 'colcon_meta'
[0.984s] Level 1:colcon.colcon_core.package_identification:_identify(weights/run_20250605_222152) by extensions ['ros']
[0.984s] Level 1:colcon.colcon_core.package_identification:_identify(weights/run_20250605_222152) by extension 'ros'
[0.984s] Level 1:colcon.colcon_core.package_identification:_identify(weights/run_20250605_222152) by extensions ['cmake', 'python']
[0.984s] Level 1:colcon.colcon_core.package_identification:_identify(weights/run_20250605_222152) by extension 'cmake'
[0.984s] Level 1:colcon.colcon_core.package_identification:_identify(weights/run_20250605_222152) by extension 'python'
[0.984s] Level 1:colcon.colcon_core.package_identification:_identify(weights/run_20250605_222152) by extensions ['python_setup_py']
[0.984s] Level 1:colcon.colcon_core.package_identification:_identify(weights/run_20250605_222152) by extension 'python_setup_py'
[0.984s] Level 1:colcon.colcon_core.package_identification:_identify(weights/run_20250605_223136) by extensions ['ignore', 'ignore_ament_install']
[0.985s] Level 1:colcon.colcon_core.package_identification:_identify(weights/run_20250605_223136) by extension 'ignore'
[0.985s] Level 1:colcon.colcon_core.package_identification:_identify(weights/run_20250605_223136) by extension 'ignore_ament_install'
[0.985s] Level 1:colcon.colcon_core.package_identification:_identify(weights/run_20250605_223136) by extensions ['colcon_pkg']
[0.985s] Level 1:colcon.colcon_core.package_identification:_identify(weights/run_20250605_223136) by extension 'colcon_pkg'
[0.985s] Level 1:colcon.colcon_core.package_identification:_identify(weights/run_20250605_223136) by extensions ['colcon_meta']
[0.985s] Level 1:colcon.colcon_core.package_identification:_identify(weights/run_20250605_223136) by extension 'colcon_meta'
[0.985s] Level 1:colcon.colcon_core.package_identification:_identify(weights/run_20250605_223136) by extensions ['ros']
[0.985s] Level 1:colcon.colcon_core.package_identification:_identify(weights/run_20250605_223136) by extension 'ros'
[0.985s] Level 1:colcon.colcon_core.package_identification:_identify(weights/run_20250605_223136) by extensions ['cmake', 'python']
[0.985s] Level 1:colcon.colcon_core.package_identification:_identify(weights/run_20250605_223136) by extension 'cmake'
[0.985s] Level 1:colcon.colcon_core.package_identification:_identify(weights/run_20250605_223136) by extension 'python'
[0.985s] Level 1:colcon.colcon_core.package_identification:_identify(weights/run_20250605_223136) by extensions ['python_setup_py']
[0.985s] Level 1:colcon.colcon_core.package_identification:_identify(weights/run_20250605_223136) by extension 'python_setup_py'
[0.985s] Level 1:colcon.colcon_core.package_identification:_identify(weights/run_20250605_223311) by extensions ['ignore', 'ignore_ament_install']
[0.985s] Level 1:colcon.colcon_core.package_identification:_identify(weights/run_20250605_223311) by extension 'ignore'
[0.985s] Level 1:colcon.colcon_core.package_identification:_identify(weights/run_20250605_223311) by extension 'ignore_ament_install'
[0.985s] Level 1:colcon.colcon_core.package_identification:_identify(weights/run_20250605_223311) by extensions ['colcon_pkg']
[0.985s] Level 1:colcon.colcon_core.package_identification:_identify(weights/run_20250605_223311) by extension 'colcon_pkg'
[0.985s] Level 1:colcon.colcon_core.package_identification:_identify(weights/run_20250605_223311) by extensions ['colcon_meta']
[0.985s] Level 1:colcon.colcon_core.package_identification:_identify(weights/run_20250605_223311) by extension 'colcon_meta'
[0.986s] Level 1:colcon.colcon_core.package_identification:_identify(weights/run_20250605_223311) by extensions ['ros']
[0.986s] Level 1:colcon.colcon_core.package_identification:_identify(weights/run_20250605_223311) by extension 'ros'
[0.986s] Level 1:colcon.colcon_core.package_identification:_identify(weights/run_20250605_223311) by extensions ['cmake', 'python']
[0.986s] Level 1:colcon.colcon_core.package_identification:_identify(weights/run_20250605_223311) by extension 'cmake'
[0.986s] Level 1:colcon.colcon_core.package_identification:_identify(weights/run_20250605_223311) by extension 'python'
[0.986s] Level 1:colcon.colcon_core.package_identification:_identify(weights/run_20250605_223311) by extensions ['python_setup_py']
[0.986s] Level 1:colcon.colcon_core.package_identification:_identify(weights/run_20250605_223311) by extension 'python_setup_py'
[0.986s] Level 1:colcon.colcon_core.package_identification:_identify(weights/run_20250605_223615) by extensions ['ignore', 'ignore_ament_install']
[0.986s] Level 1:colcon.colcon_core.package_identification:_identify(weights/run_20250605_223615) by extension 'ignore'
[0.986s] Level 1:colcon.colcon_core.package_identification:_identify(weights/run_20250605_223615) by extension 'ignore_ament_install'
[0.986s] Level 1:colcon.colcon_core.package_identification:_identify(weights/run_20250605_223615) by extensions ['colcon_pkg']
[0.986s] Level 1:colcon.colcon_core.package_identification:_identify(weights/run_20250605_223615) by extension 'colcon_pkg'
[0.986s] Level 1:colcon.colcon_core.package_identification:_identify(weights/run_20250605_223615) by extensions ['colcon_meta']
[0.986s] Level 1:colcon.colcon_core.package_identification:_identify(weights/run_20250605_223615) by extension 'colcon_meta'
[0.986s] Level 1:colcon.colcon_core.package_identification:_identify(weights/run_20250605_223615) by extensions ['ros']
[0.986s] Level 1:colcon.colcon_core.package_identification:_identify(weights/run_20250605_223615) by extension 'ros'
[0.986s] Level 1:colcon.colcon_core.package_identification:_identify(weights/run_20250605_223615) by extensions ['cmake', 'python']
[0.986s] Level 1:colcon.colcon_core.package_identification:_identify(weights/run_20250605_223615) by extension 'cmake'
[0.986s] Level 1:colcon.colcon_core.package_identification:_identify(weights/run_20250605_223615) by extension 'python'
[0.986s] Level 1:colcon.colcon_core.package_identification:_identify(weights/run_20250605_223615) by extensions ['python_setup_py']
[0.986s] Level 1:colcon.colcon_core.package_identification:_identify(weights/run_20250605_223615) by extension 'python_setup_py'
[0.986s] Level 1:colcon.colcon_core.package_identification:_identify(weights/run_20250605_223759) by extensions ['ignore', 'ignore_ament_install']
[0.987s] Level 1:colcon.colcon_core.package_identification:_identify(weights/run_20250605_223759) by extension 'ignore'
[0.987s] Level 1:colcon.colcon_core.package_identification:_identify(weights/run_20250605_223759) by extension 'ignore_ament_install'
[0.987s] Level 1:colcon.colcon_core.package_identification:_identify(weights/run_20250605_223759) by extensions ['colcon_pkg']
[0.987s] Level 1:colcon.colcon_core.package_identification:_identify(weights/run_20250605_223759) by extension 'colcon_pkg'
[0.987s] Level 1:colcon.colcon_core.package_identification:_identify(weights/run_20250605_223759) by extensions ['colcon_meta']
[0.987s] Level 1:colcon.colcon_core.package_identification:_identify(weights/run_20250605_223759) by extension 'colcon_meta'
[0.987s] Level 1:colcon.colcon_core.package_identification:_identify(weights/run_20250605_223759) by extensions ['ros']
[0.987s] Level 1:colcon.colcon_core.package_identification:_identify(weights/run_20250605_223759) by extension 'ros'
[0.987s] Level 1:colcon.colcon_core.package_identification:_identify(weights/run_20250605_223759) by extensions ['cmake', 'python']
[0.987s] Level 1:colcon.colcon_core.package_identification:_identify(weights/run_20250605_223759) by extension 'cmake'
[0.987s] Level 1:colcon.colcon_core.package_identification:_identify(weights/run_20250605_223759) by extension 'python'
[0.987s] Level 1:colcon.colcon_core.package_identification:_identify(weights/run_20250605_223759) by extensions ['python_setup_py']
[0.987s] Level 1:colcon.colcon_core.package_identification:_identify(weights/run_20250605_223759) by extension 'python_setup_py'
[0.987s] Level 1:colcon.colcon_core.package_identification:_identify(weights/run_20250605_224342) by extensions ['ignore', 'ignore_ament_install']
[0.987s] Level 1:colcon.colcon_core.package_identification:_identify(weights/run_20250605_224342) by extension 'ignore'
[0.987s] Level 1:colcon.colcon_core.package_identification:_identify(weights/run_20250605_224342) by extension 'ignore_ament_install'
[0.987s] Level 1:colcon.colcon_core.package_identification:_identify(weights/run_20250605_224342) by extensions ['colcon_pkg']
[0.988s] Level 1:colcon.colcon_core.package_identification:_identify(weights/run_20250605_224342) by extension 'colcon_pkg'
[0.988s] Level 1:colcon.colcon_core.package_identification:_identify(weights/run_20250605_224342) by extensions ['colcon_meta']
[0.988s] Level 1:colcon.colcon_core.package_identification:_identify(weights/run_20250605_224342) by extension 'colcon_meta'
[0.988s] Level 1:colcon.colcon_core.package_identification:_identify(weights/run_20250605_224342) by extensions ['ros']
[0.988s] Level 1:colcon.colcon_core.package_identification:_identify(weights/run_20250605_224342) by extension 'ros'
[0.988s] Level 1:colcon.colcon_core.package_identification:_identify(weights/run_20250605_224342) by extensions ['cmake', 'python']
[0.988s] Level 1:colcon.colcon_core.package_identification:_identify(weights/run_20250605_224342) by extension 'cmake'
[0.988s] Level 1:colcon.colcon_core.package_identification:_identify(weights/run_20250605_224342) by extension 'python'
[0.988s] Level 1:colcon.colcon_core.package_identification:_identify(weights/run_20250605_224342) by extensions ['python_setup_py']
[0.988s] Level 1:colcon.colcon_core.package_identification:_identify(weights/run_20250605_224342) by extension 'python_setup_py'
[0.988s] Level 1:colcon.colcon_core.package_identification:_identify(weights/run_20250605_224830) by extensions ['ignore', 'ignore_ament_install']
[0.988s] Level 1:colcon.colcon_core.package_identification:_identify(weights/run_20250605_224830) by extension 'ignore'
[0.988s] Level 1:colcon.colcon_core.package_identification:_identify(weights/run_20250605_224830) by extension 'ignore_ament_install'
[0.988s] Level 1:colcon.colcon_core.package_identification:_identify(weights/run_20250605_224830) by extensions ['colcon_pkg']
[0.988s] Level 1:colcon.colcon_core.package_identification:_identify(weights/run_20250605_224830) by extension 'colcon_pkg'
[0.988s] Level 1:colcon.colcon_core.package_identification:_identify(weights/run_20250605_224830) by extensions ['colcon_meta']
[0.988s] Level 1:colcon.colcon_core.package_identification:_identify(weights/run_20250605_224830) by extension 'colcon_meta'
[0.988s] Level 1:colcon.colcon_core.package_identification:_identify(weights/run_20250605_224830) by extensions ['ros']
[0.988s] Level 1:colcon.colcon_core.package_identification:_identify(weights/run_20250605_224830) by extension 'ros'
[0.988s] Level 1:colcon.colcon_core.package_identification:_identify(weights/run_20250605_224830) by extensions ['cmake', 'python']
[0.988s] Level 1:colcon.colcon_core.package_identification:_identify(weights/run_20250605_224830) by extension 'cmake'
[0.988s] Level 1:colcon.colcon_core.package_identification:_identify(weights/run_20250605_224830) by extension 'python'
[0.989s] Level 1:colcon.colcon_core.package_identification:_identify(weights/run_20250605_224830) by extensions ['python_setup_py']
[0.989s] Level 1:colcon.colcon_core.package_identification:_identify(weights/run_20250605_224830) by extension 'python_setup_py'
[0.989s] Level 1:colcon.colcon_core.package_identification:_identify(weights/run_20250605_225113) by extensions ['ignore', 'ignore_ament_install']
[0.989s] Level 1:colcon.colcon_core.package_identification:_identify(weights/run_20250605_225113) by extension 'ignore'
[0.989s] Level 1:colcon.colcon_core.package_identification:_identify(weights/run_20250605_225113) by extension 'ignore_ament_install'
[0.989s] Level 1:colcon.colcon_core.package_identification:_identify(weights/run_20250605_225113) by extensions ['colcon_pkg']
[0.989s] Level 1:colcon.colcon_core.package_identification:_identify(weights/run_20250605_225113) by extension 'colcon_pkg'
[0.989s] Level 1:colcon.colcon_core.package_identification:_identify(weights/run_20250605_225113) by extensions ['colcon_meta']
[0.989s] Level 1:colcon.colcon_core.package_identification:_identify(weights/run_20250605_225113) by extension 'colcon_meta'
[0.989s] Level 1:colcon.colcon_core.package_identification:_identify(weights/run_20250605_225113) by extensions ['ros']
[0.989s] Level 1:colcon.colcon_core.package_identification:_identify(weights/run_20250605_225113) by extension 'ros'
[0.989s] Level 1:colcon.colcon_core.package_identification:_identify(weights/run_20250605_225113) by extensions ['cmake', 'python']
[0.989s] Level 1:colcon.colcon_core.package_identification:_identify(weights/run_20250605_225113) by extension 'cmake'
[0.989s] Level 1:colcon.colcon_core.package_identification:_identify(weights/run_20250605_225113) by extension 'python'
[0.989s] Level 1:colcon.colcon_core.package_identification:_identify(weights/run_20250605_225113) by extensions ['python_setup_py']
[0.989s] Level 1:colcon.colcon_core.package_identification:_identify(weights/run_20250605_225113) by extension 'python_setup_py'
[0.989s] Level 1:colcon.colcon_core.package_identification:_identify(weights/run_20250605_225711) by extensions ['ignore', 'ignore_ament_install']
[0.989s] Level 1:colcon.colcon_core.package_identification:_identify(weights/run_20250605_225711) by extension 'ignore'
[0.989s] Level 1:colcon.colcon_core.package_identification:_identify(weights/run_20250605_225711) by extension 'ignore_ament_install'
[0.989s] Level 1:colcon.colcon_core.package_identification:_identify(weights/run_20250605_225711) by extensions ['colcon_pkg']
[0.989s] Level 1:colcon.colcon_core.package_identification:_identify(weights/run_20250605_225711) by extension 'colcon_pkg'
[0.989s] Level 1:colcon.colcon_core.package_identification:_identify(weights/run_20250605_225711) by extensions ['colcon_meta']
[0.989s] Level 1:colcon.colcon_core.package_identification:_identify(weights/run_20250605_225711) by extension 'colcon_meta'
[0.989s] Level 1:colcon.colcon_core.package_identification:_identify(weights/run_20250605_225711) by extensions ['ros']
[0.989s] Level 1:colcon.colcon_core.package_identification:_identify(weights/run_20250605_225711) by extension 'ros'
[0.990s] Level 1:colcon.colcon_core.package_identification:_identify(weights/run_20250605_225711) by extensions ['cmake', 'python']
[0.990s] Level 1:colcon.colcon_core.package_identification:_identify(weights/run_20250605_225711) by extension 'cmake'
[0.990s] Level 1:colcon.colcon_core.package_identification:_identify(weights/run_20250605_225711) by extension 'python'
[0.990s] Level 1:colcon.colcon_core.package_identification:_identify(weights/run_20250605_225711) by extensions ['python_setup_py']
[0.990s] Level 1:colcon.colcon_core.package_identification:_identify(weights/run_20250605_225711) by extension 'python_setup_py'
[0.990s] Level 1:colcon.colcon_core.package_identification:_identify(weights/run_20250605_230553) by extensions ['ignore', 'ignore_ament_install']
[0.990s] Level 1:colcon.colcon_core.package_identification:_identify(weights/run_20250605_230553) by extension 'ignore'
[0.990s] Level 1:colcon.colcon_core.package_identification:_identify(weights/run_20250605_230553) by extension 'ignore_ament_install'
[0.990s] Level 1:colcon.colcon_core.package_identification:_identify(weights/run_20250605_230553) by extensions ['colcon_pkg']
[0.990s] Level 1:colcon.colcon_core.package_identification:_identify(weights/run_20250605_230553) by extension 'colcon_pkg'
[0.990s] Level 1:colcon.colcon_core.package_identification:_identify(weights/run_20250605_230553) by extensions ['colcon_meta']
[0.990s] Level 1:colcon.colcon_core.package_identification:_identify(weights/run_20250605_230553) by extension 'colcon_meta'
[0.990s] Level 1:colcon.colcon_core.package_identification:_identify(weights/run_20250605_230553) by extensions ['ros']
[0.990s] Level 1:colcon.colcon_core.package_identification:_identify(weights/run_20250605_230553) by extension 'ros'
[0.990s] Level 1:colcon.colcon_core.package_identification:_identify(weights/run_20250605_230553) by extensions ['cmake', 'python']
[0.990s] Level 1:colcon.colcon_core.package_identification:_identify(weights/run_20250605_230553) by extension 'cmake'
[0.990s] Level 1:colcon.colcon_core.package_identification:_identify(weights/run_20250605_230553) by extension 'python'
[0.991s] Level 1:colcon.colcon_core.package_identification:_identify(weights/run_20250605_230553) by extensions ['python_setup_py']
[0.991s] Level 1:colcon.colcon_core.package_identification:_identify(weights/run_20250605_230553) by extension 'python_setup_py'
[0.991s] Level 1:colcon.colcon_core.package_identification:_identify(weights/run_20250608_125933) by extensions ['ignore', 'ignore_ament_install']
[0.991s] Level 1:colcon.colcon_core.package_identification:_identify(weights/run_20250608_125933) by extension 'ignore'
[0.991s] Level 1:colcon.colcon_core.package_identification:_identify(weights/run_20250608_125933) by extension 'ignore_ament_install'
[0.991s] Level 1:colcon.colcon_core.package_identification:_identify(weights/run_20250608_125933) by extensions ['colcon_pkg']
[0.991s] Level 1:colcon.colcon_core.package_identification:_identify(weights/run_20250608_125933) by extension 'colcon_pkg'
[0.991s] Level 1:colcon.colcon_core.package_identification:_identify(weights/run_20250608_125933) by extensions ['colcon_meta']
[0.991s] Level 1:colcon.colcon_core.package_identification:_identify(weights/run_20250608_125933) by extension 'colcon_meta'
[0.991s] Level 1:colcon.colcon_core.package_identification:_identify(weights/run_20250608_125933) by extensions ['ros']
[0.991s] Level 1:colcon.colcon_core.package_identification:_identify(weights/run_20250608_125933) by extension 'ros'
[0.991s] Level 1:colcon.colcon_core.package_identification:_identify(weights/run_20250608_125933) by extensions ['cmake', 'python']
[0.991s] Level 1:colcon.colcon_core.package_identification:_identify(weights/run_20250608_125933) by extension 'cmake'
[0.991s] Level 1:colcon.colcon_core.package_identification:_identify(weights/run_20250608_125933) by extension 'python'
[0.991s] Level 1:colcon.colcon_core.package_identification:_identify(weights/run_20250608_125933) by extensions ['python_setup_py']
[0.991s] Level 1:colcon.colcon_core.package_identification:_identify(weights/run_20250608_125933) by extension 'python_setup_py'
[0.992s] Level 1:colcon.colcon_core.package_identification:_identify(weights/run_20250608_131147) by extensions ['ignore', 'ignore_ament_install']
[0.992s] Level 1:colcon.colcon_core.package_identification:_identify(weights/run_20250608_131147) by extension 'ignore'
[0.992s] Level 1:colcon.colcon_core.package_identification:_identify(weights/run_20250608_131147) by extension 'ignore_ament_install'
[0.992s] Level 1:colcon.colcon_core.package_identification:_identify(weights/run_20250608_131147) by extensions ['colcon_pkg']
[0.992s] Level 1:colcon.colcon_core.package_identification:_identify(weights/run_20250608_131147) by extension 'colcon_pkg'
[0.992s] Level 1:colcon.colcon_core.package_identification:_identify(weights/run_20250608_131147) by extensions ['colcon_meta']
[0.992s] Level 1:colcon.colcon_core.package_identification:_identify(weights/run_20250608_131147) by extension 'colcon_meta'
[0.992s] Level 1:colcon.colcon_core.package_identification:_identify(weights/run_20250608_131147) by extensions ['ros']
[0.992s] Level 1:colcon.colcon_core.package_identification:_identify(weights/run_20250608_131147) by extension 'ros'
[0.992s] Level 1:colcon.colcon_core.package_identification:_identify(weights/run_20250608_131147) by extensions ['cmake', 'python']
[0.992s] Level 1:colcon.colcon_core.package_identification:_identify(weights/run_20250608_131147) by extension 'cmake'
[0.992s] Level 1:colcon.colcon_core.package_identification:_identify(weights/run_20250608_131147) by extension 'python'
[0.992s] Level 1:colcon.colcon_core.package_identification:_identify(weights/run_20250608_131147) by extensions ['python_setup_py']
[0.992s] Level 1:colcon.colcon_core.package_identification:_identify(weights/run_20250608_131147) by extension 'python_setup_py'
[0.992s] Level 1:colcon.colcon_core.package_identification:_identify(weights/run_20250608_131927) by extensions ['ignore', 'ignore_ament_install']
[0.993s] Level 1:colcon.colcon_core.package_identification:_identify(weights/run_20250608_131927) by extension 'ignore'
[0.993s] Level 1:colcon.colcon_core.package_identification:_identify(weights/run_20250608_131927) by extension 'ignore_ament_install'
[0.993s] Level 1:colcon.colcon_core.package_identification:_identify(weights/run_20250608_131927) by extensions ['colcon_pkg']
[0.993s] Level 1:colcon.colcon_core.package_identification:_identify(weights/run_20250608_131927) by extension 'colcon_pkg'
[0.993s] Level 1:colcon.colcon_core.package_identification:_identify(weights/run_20250608_131927) by extensions ['colcon_meta']
[0.993s] Level 1:colcon.colcon_core.package_identification:_identify(weights/run_20250608_131927) by extension 'colcon_meta'
[0.993s] Level 1:colcon.colcon_core.package_identification:_identify(weights/run_20250608_131927) by extensions ['ros']
[0.993s] Level 1:colcon.colcon_core.package_identification:_identify(weights/run_20250608_131927) by extension 'ros'
[0.993s] Level 1:colcon.colcon_core.package_identification:_identify(weights/run_20250608_131927) by extensions ['cmake', 'python']
[0.993s] Level 1:colcon.colcon_core.package_identification:_identify(weights/run_20250608_131927) by extension 'cmake'
[0.993s] Level 1:colcon.colcon_core.package_identification:_identify(weights/run_20250608_131927) by extension 'python'
[0.993s] Level 1:colcon.colcon_core.package_identification:_identify(weights/run_20250608_131927) by extensions ['python_setup_py']
[0.993s] Level 1:colcon.colcon_core.package_identification:_identify(weights/run_20250608_131927) by extension 'python_setup_py'
[0.993s] Level 1:colcon.colcon_core.package_identification:_identify(weights/run_20250608_132133) by extensions ['ignore', 'ignore_ament_install']
[0.994s] Level 1:colcon.colcon_core.package_identification:_identify(weights/run_20250608_132133) by extension 'ignore'
[0.994s] Level 1:colcon.colcon_core.package_identification:_identify(weights/run_20250608_132133) by extension 'ignore_ament_install'
[0.994s] Level 1:colcon.colcon_core.package_identification:_identify(weights/run_20250608_132133) by extensions ['colcon_pkg']
[0.994s] Level 1:colcon.colcon_core.package_identification:_identify(weights/run_20250608_132133) by extension 'colcon_pkg'
[0.994s] Level 1:colcon.colcon_core.package_identification:_identify(weights/run_20250608_132133) by extensions ['colcon_meta']
[0.994s] Level 1:colcon.colcon_core.package_identification:_identify(weights/run_20250608_132133) by extension 'colcon_meta'
[0.994s] Level 1:colcon.colcon_core.package_identification:_identify(weights/run_20250608_132133) by extensions ['ros']
[0.994s] Level 1:colcon.colcon_core.package_identification:_identify(weights/run_20250608_132133) by extension 'ros'
[0.994s] Level 1:colcon.colcon_core.package_identification:_identify(weights/run_20250608_132133) by extensions ['cmake', 'python']
[0.994s] Level 1:colcon.colcon_core.package_identification:_identify(weights/run_20250608_132133) by extension 'cmake'
[0.994s] Level 1:colcon.colcon_core.package_identification:_identify(weights/run_20250608_132133) by extension 'python'
[0.994s] Level 1:colcon.colcon_core.package_identification:_identify(weights/run_20250608_132133) by extensions ['python_setup_py']
[0.994s] Level 1:colcon.colcon_core.package_identification:_identify(weights/run_20250608_132133) by extension 'python_setup_py'
[0.994s] Level 1:colcon.colcon_core.package_identification:_identify(weights_terrain) by extensions ['ignore', 'ignore_ament_install']
[0.994s] Level 1:colcon.colcon_core.package_identification:_identify(weights_terrain) by extension 'ignore'
[0.995s] Level 1:colcon.colcon_core.package_identification:_identify(weights_terrain) by extension 'ignore_ament_install'
[0.995s] Level 1:colcon.colcon_core.package_identification:_identify(weights_terrain) by extensions ['colcon_pkg']
[0.995s] Level 1:colcon.colcon_core.package_identification:_identify(weights_terrain) by extension 'colcon_pkg'
[0.995s] Level 1:colcon.colcon_core.package_identification:_identify(weights_terrain) by extensions ['colcon_meta']
[0.995s] Level 1:colcon.colcon_core.package_identification:_identify(weights_terrain) by extension 'colcon_meta'
[0.995s] Level 1:colcon.colcon_core.package_identification:_identify(weights_terrain) by extensions ['ros']
[0.995s] Level 1:colcon.colcon_core.package_identification:_identify(weights_terrain) by extension 'ros'
[0.995s] Level 1:colcon.colcon_core.package_identification:_identify(weights_terrain) by extensions ['cmake', 'python']
[0.995s] Level 1:colcon.colcon_core.package_identification:_identify(weights_terrain) by extension 'cmake'
[0.995s] Level 1:colcon.colcon_core.package_identification:_identify(weights_terrain) by extension 'python'
[0.995s] Level 1:colcon.colcon_core.package_identification:_identify(weights_terrain) by extensions ['python_setup_py']
[0.995s] Level 1:colcon.colcon_core.package_identification:_identify(weights_terrain) by extension 'python_setup_py'
[0.995s] Level 1:colcon.colcon_core.package_discovery:discover_packages(recursive) using defaults
[0.995s] Level 1:colcon.colcon_core.package_discovery:discover_packages(ignore) discover
[0.995s] Level 1:colcon.colcon_core.package_discovery:discover_packages(ignore) using defaults
[0.995s] Level 1:colcon.colcon_core.package_discovery:discover_packages(path) discover
[0.995s] Level 1:colcon.colcon_core.package_discovery:discover_packages(path) using defaults
[1.026s] Level 1:colcon.colcon_core.package_discovery:discover_packages(prefix_path) check parameters
[1.026s] Level 1:colcon.colcon_core.package_discovery:discover_packages(prefix_path) discover
[1.035s] DEBUG:colcon.colcon_installed_package_information.package_discovery:Found 11 installed packages in /home/rhobtor/PHD/ARGOJ8_IA/install
[1.036s] DEBUG:colcon.colcon_installed_package_information.package_discovery:Found 15 installed packages in /home/rhobtor/packages/install
[1.037s] DEBUG:colcon.colcon_installed_package_information.package_discovery:Found 7 installed packages in /home/rhobtor/PHD/reactive/Reactive-Navegation/workspace_full_conected/install
[1.041s] DEBUG:colcon.colcon_installed_package_information.package_discovery:Found 323 installed packages in /opt/ros/humble
[1.045s] Level 1:colcon.colcon_core.package_discovery:discover_packages(prefix_path) using defaults
[1.126s] WARNING:colcon.colcon_core.package_selection:Some selected packages are already built in one or more underlay workspaces:
	'octomap_server' is in: /home/rhobtor/PHD/ARGOJ8_IA/install/octomap_server, /home/rhobtor/PHD/reactive/Reactive-Navegation/workspace_full_conected/install/octomap_server
	'octomap_rviz_plugins' is in: /home/rhobtor/PHD/ARGOJ8_IA/install/octomap_rviz_plugins, /home/rhobtor/PHD/reactive/Reactive-Navegation/workspace_full_conected/install/octomap_rviz_plugins
If a package in a merged underlay workspace is overridden and it installs headers, then all packages in the overlay must sort their include directories by workspace order. Failure to do so may result in build failures or undefined behavior at run time.
If the overridden package is used by another package in any underlay, then the overriding package in the overlay must be API and ABI compatible or undefined behavior at run time may occur.

If you understand the risks and want to override a package anyways, add the following to the command line:
	--allow-overriding octomap_rviz_plugins octomap_server

This may be promoted to an error in a future release of colcon-override-check.
[1.129s] Level 5:colcon.colcon_core.verb:set package 'argj801_ctl_platform_interfaces' build argument 'cmake_args' from command line to 'None'
[1.130s] Level 5:colcon.colcon_core.verb:set package 'argj801_ctl_platform_interfaces' build argument 'cmake_target' from command line to 'None'
[1.130s] Level 5:colcon.colcon_core.verb:set package 'argj801_ctl_platform_interfaces' build argument 'cmake_target_skip_unavailable' from command line to 'False'
[1.130s] Level 5:colcon.colcon_core.verb:set package 'argj801_ctl_platform_interfaces' build argument 'cmake_clean_cache' from command line to 'False'
[1.135s] Level 5:colcon.colcon_core.verb:set package 'argj801_ctl_platform_interfaces' build argument 'cmake_clean_first' from command line to 'False'
[1.135s] Level 5:colcon.colcon_core.verb:set package 'argj801_ctl_platform_interfaces' build argument 'cmake_force_configure' from command line to 'False'
[1.135s] Level 5:colcon.colcon_core.verb:set package 'argj801_ctl_platform_interfaces' build argument 'ament_cmake_args' from command line to 'None'
[1.136s] Level 5:colcon.colcon_core.verb:set package 'argj801_ctl_platform_interfaces' build argument 'catkin_cmake_args' from command line to 'None'
[1.136s] Level 5:colcon.colcon_core.verb:set package 'argj801_ctl_platform_interfaces' build argument 'catkin_skip_building_tests' from command line to 'False'
[1.136s] DEBUG:colcon.colcon_core.verb:Building package 'argj801_ctl_platform_interfaces' with the following arguments: {'ament_cmake_args': None, 'build_base': '/home/rhobtor/PHD/ARGOJ8_IA/build/argj801_ctl_platform_interfaces', 'catkin_cmake_args': None, 'catkin_skip_building_tests': False, 'cmake_args': None, 'cmake_clean_cache': False, 'cmake_clean_first': False, 'cmake_force_configure': False, 'cmake_target': None, 'cmake_target_skip_unavailable': False, 'install_base': '/home/rhobtor/PHD/ARGOJ8_IA/install/argj801_ctl_platform_interfaces', 'merge_install': False, 'path': '/home/rhobtor/PHD/ARGOJ8_IA/src/argj801_ctl_platform/argj801_ctl_platform_interfaces', 'symlink_install': False, 'test_result_base': None}
[1.144s] Level 5:colcon.colcon_core.verb:set package 'car_interfaces' build argument 'cmake_args' from command line to 'None'
[1.145s] Level 5:colcon.colcon_core.verb:set package 'car_interfaces' build argument 'cmake_target' from command line to 'None'
[1.145s] Level 5:colcon.colcon_core.verb:set package 'car_interfaces' build argument 'cmake_target_skip_unavailable' from command line to 'False'
[1.145s] Level 5:colcon.colcon_core.verb:set package 'car_interfaces' build argument 'cmake_clean_cache' from command line to 'False'
[1.145s] Level 5:colcon.colcon_core.verb:set package 'car_interfaces' build argument 'cmake_clean_first' from command line to 'False'
[1.145s] Level 5:colcon.colcon_core.verb:set package 'car_interfaces' build argument 'cmake_force_configure' from command line to 'False'
[1.146s] Level 5:colcon.colcon_core.verb:set package 'car_interfaces' build argument 'ament_cmake_args' from command line to 'None'
[1.146s] Level 5:colcon.colcon_core.verb:set package 'car_interfaces' build argument 'catkin_cmake_args' from command line to 'None'
[1.146s] Level 5:colcon.colcon_core.verb:set package 'car_interfaces' build argument 'catkin_skip_building_tests' from command line to 'False'
[1.146s] DEBUG:colcon.colcon_core.verb:Building package 'car_interfaces' with the following arguments: {'ament_cmake_args': None, 'build_base': '/home/rhobtor/PHD/ARGOJ8_IA/build/car_interfaces', 'catkin_cmake_args': None, 'catkin_skip_building_tests': False, 'cmake_args': None, 'cmake_clean_cache': False, 'cmake_clean_first': False, 'cmake_force_configure': False, 'cmake_target': None, 'cmake_target_skip_unavailable': False, 'install_base': '/home/rhobtor/PHD/ARGOJ8_IA/install/car_interfaces', 'merge_install': False, 'path': '/home/rhobtor/PHD/ARGOJ8_IA/src/car_interfaces', 'symlink_install': False, 'test_result_base': None}
[1.150s] Level 5:colcon.colcon_core.verb:set package 'fixposition_sensor_pkg' build argument 'cmake_args' from command line to 'None'
[1.151s] Level 5:colcon.colcon_core.verb:set package 'fixposition_sensor_pkg' build argument 'cmake_target' from command line to 'None'
[1.152s] Level 5:colcon.colcon_core.verb:set package 'fixposition_sensor_pkg' build argument 'cmake_target_skip_unavailable' from command line to 'False'
[1.152s] Level 5:colcon.colcon_core.verb:set package 'fixposition_sensor_pkg' build argument 'cmake_clean_cache' from command line to 'False'
[1.153s] Level 5:colcon.colcon_core.verb:set package 'fixposition_sensor_pkg' build argument 'cmake_clean_first' from command line to 'False'
[1.154s] Level 5:colcon.colcon_core.verb:set package 'fixposition_sensor_pkg' build argument 'cmake_force_configure' from command line to 'False'
[1.154s] Level 5:colcon.colcon_core.verb:set package 'fixposition_sensor_pkg' build argument 'ament_cmake_args' from command line to 'None'
[1.154s] Level 5:colcon.colcon_core.verb:set package 'fixposition_sensor_pkg' build argument 'catkin_cmake_args' from command line to 'None'
[1.154s] Level 5:colcon.colcon_core.verb:set package 'fixposition_sensor_pkg' build argument 'catkin_skip_building_tests' from command line to 'False'
[1.155s] DEBUG:colcon.colcon_core.verb:Building package 'fixposition_sensor_pkg' with the following arguments: {'ament_cmake_args': None, 'build_base': '/home/rhobtor/PHD/ARGOJ8_IA/build/fixposition_sensor_pkg', 'catkin_cmake_args': None, 'catkin_skip_building_tests': False, 'cmake_args': None, 'cmake_clean_cache': False, 'cmake_clean_first': False, 'cmake_force_configure': False, 'cmake_target': None, 'cmake_target_skip_unavailable': False, 'install_base': '/home/rhobtor/PHD/ARGOJ8_IA/install/fixposition_sensor_pkg', 'merge_install': False, 'path': '/home/rhobtor/PHD/ARGOJ8_IA/src/gazebo_sim_pkgs/fix_position_pkg', 'symlink_install': False, 'test_result_base': None}
[1.159s] Level 5:colcon.colcon_core.verb:set package 'hector_gazebo_plugins' build argument 'cmake_args' from command line to 'None'
[1.160s] Level 5:colcon.colcon_core.verb:set package 'hector_gazebo_plugins' build argument 'cmake_target' from command line to 'None'
[1.161s] Level 5:colcon.colcon_core.verb:set package 'hector_gazebo_plugins' build argument 'cmake_target_skip_unavailable' from command line to 'False'
[1.162s] Level 5:colcon.colcon_core.verb:set package 'hector_gazebo_plugins' build argument 'cmake_clean_cache' from command line to 'False'
[1.163s] Level 5:colcon.colcon_core.verb:set package 'hector_gazebo_plugins' build argument 'cmake_clean_first' from command line to 'False'
[1.163s] Level 5:colcon.colcon_core.verb:set package 'hector_gazebo_plugins' build argument 'cmake_force_configure' from command line to 'False'
[1.163s] Level 5:colcon.colcon_core.verb:set package 'hector_gazebo_plugins' build argument 'ament_cmake_args' from command line to 'None'
[1.163s] Level 5:colcon.colcon_core.verb:set package 'hector_gazebo_plugins' build argument 'catkin_cmake_args' from command line to 'None'
[1.163s] Level 5:colcon.colcon_core.verb:set package 'hector_gazebo_plugins' build argument 'catkin_skip_building_tests' from command line to 'False'
[1.164s] DEBUG:colcon.colcon_core.verb:Building package 'hector_gazebo_plugins' with the following arguments: {'ament_cmake_args': None, 'build_base': '/home/rhobtor/PHD/ARGOJ8_IA/build/hector_gazebo_plugins', 'catkin_cmake_args': None, 'catkin_skip_building_tests': False, 'cmake_args': None, 'cmake_clean_cache': False, 'cmake_clean_first': False, 'cmake_force_configure': False, 'cmake_target': None, 'cmake_target_skip_unavailable': False, 'install_base': '/home/rhobtor/PHD/ARGOJ8_IA/install/hector_gazebo_plugins', 'merge_install': False, 'path': '/home/rhobtor/PHD/ARGOJ8_IA/src/hector_gazebo', 'symlink_install': False, 'test_result_base': None}
[1.168s] Level 5:colcon.colcon_core.verb:set package 'octomap_rviz_plugins' build argument 'cmake_args' from command line to 'None'
[1.169s] Level 5:colcon.colcon_core.verb:set package 'octomap_rviz_plugins' build argument 'cmake_target' from command line to 'None'
[1.169s] Level 5:colcon.colcon_core.verb:set package 'octomap_rviz_plugins' build argument 'cmake_target_skip_unavailable' from command line to 'False'
[1.169s] Level 5:colcon.colcon_core.verb:set package 'octomap_rviz_plugins' build argument 'cmake_clean_cache' from command line to 'False'
[1.169s] Level 5:colcon.colcon_core.verb:set package 'octomap_rviz_plugins' build argument 'cmake_clean_first' from command line to 'False'
[1.170s] Level 5:colcon.colcon_core.verb:set package 'octomap_rviz_plugins' build argument 'cmake_force_configure' from command line to 'False'
[1.170s] Level 5:colcon.colcon_core.verb:set package 'octomap_rviz_plugins' build argument 'ament_cmake_args' from command line to 'None'
[1.170s] Level 5:colcon.colcon_core.verb:set package 'octomap_rviz_plugins' build argument 'catkin_cmake_args' from command line to 'None'
[1.170s] Level 5:colcon.colcon_core.verb:set package 'octomap_rviz_plugins' build argument 'catkin_skip_building_tests' from command line to 'False'
[1.171s] DEBUG:colcon.colcon_core.verb:Building package 'octomap_rviz_plugins' with the following arguments: {'ament_cmake_args': None, 'build_base': '/home/rhobtor/PHD/ARGOJ8_IA/build/octomap_rviz_plugins', 'catkin_cmake_args': None, 'catkin_skip_building_tests': False, 'cmake_args': None, 'cmake_clean_cache': False, 'cmake_clean_first': False, 'cmake_force_configure': False, 'cmake_target': None, 'cmake_target_skip_unavailable': False, 'install_base': '/home/rhobtor/PHD/ARGOJ8_IA/install/octomap_rviz_plugins', 'merge_install': False, 'path': '/home/rhobtor/PHD/ARGOJ8_IA/src/plugin_rviz', 'symlink_install': False, 'test_result_base': None}
[1.175s] Level 5:colcon.colcon_core.verb:set package 'argj801_ctl_platform' build argument 'cmake_args' from command line to 'None'
[1.175s] Level 5:colcon.colcon_core.verb:set package 'argj801_ctl_platform' build argument 'cmake_target' from command line to 'None'
[1.175s] Level 5:colcon.colcon_core.verb:set package 'argj801_ctl_platform' build argument 'cmake_target_skip_unavailable' from command line to 'False'
[1.175s] Level 5:colcon.colcon_core.verb:set package 'argj801_ctl_platform' build argument 'cmake_clean_cache' from command line to 'False'
[1.176s] Level 5:colcon.colcon_core.verb:set package 'argj801_ctl_platform' build argument 'cmake_clean_first' from command line to 'False'
[1.176s] Level 5:colcon.colcon_core.verb:set package 'argj801_ctl_platform' build argument 'cmake_force_configure' from command line to 'False'
[1.176s] Level 5:colcon.colcon_core.verb:set package 'argj801_ctl_platform' build argument 'ament_cmake_args' from command line to 'None'
[1.177s] Level 5:colcon.colcon_core.verb:set package 'argj801_ctl_platform' build argument 'catkin_cmake_args' from command line to 'None'
[1.177s] Level 5:colcon.colcon_core.verb:set package 'argj801_ctl_platform' build argument 'catkin_skip_building_tests' from command line to 'False'
[1.177s] DEBUG:colcon.colcon_core.verb:Building package 'argj801_ctl_platform' with the following arguments: {'ament_cmake_args': None, 'build_base': '/home/rhobtor/PHD/ARGOJ8_IA/build/argj801_ctl_platform', 'catkin_cmake_args': None, 'catkin_skip_building_tests': False, 'cmake_args': None, 'cmake_clean_cache': False, 'cmake_clean_first': False, 'cmake_force_configure': False, 'cmake_target': None, 'cmake_target_skip_unavailable': False, 'install_base': '/home/rhobtor/PHD/ARGOJ8_IA/install/argj801_ctl_platform', 'merge_install': False, 'path': '/home/rhobtor/PHD/ARGOJ8_IA/src/argj801_ctl_platform/argj801_ctl_platform', 'symlink_install': False, 'test_result_base': None}
[1.181s] Level 5:colcon.colcon_core.verb:set package 'car' build argument 'cmake_args' from command line to 'None'
[1.182s] Level 5:colcon.colcon_core.verb:set package 'car' build argument 'cmake_target' from command line to 'None'
[1.182s] Level 5:colcon.colcon_core.verb:set package 'car' build argument 'cmake_target_skip_unavailable' from command line to 'False'
[1.182s] Level 5:colcon.colcon_core.verb:set package 'car' build argument 'cmake_clean_cache' from command line to 'False'
[1.182s] Level 5:colcon.colcon_core.verb:set package 'car' build argument 'cmake_clean_first' from command line to 'False'
[1.183s] Level 5:colcon.colcon_core.verb:set package 'car' build argument 'cmake_force_configure' from command line to 'False'
[1.183s] Level 5:colcon.colcon_core.verb:set package 'car' build argument 'ament_cmake_args' from command line to 'None'
[1.183s] Level 5:colcon.colcon_core.verb:set package 'car' build argument 'catkin_cmake_args' from command line to 'None'
[1.183s] Level 5:colcon.colcon_core.verb:set package 'car' build argument 'catkin_skip_building_tests' from command line to 'False'
[1.183s] DEBUG:colcon.colcon_core.verb:Building package 'car' with the following arguments: {'ament_cmake_args': None, 'build_base': '/home/rhobtor/PHD/ARGOJ8_IA/build/car', 'catkin_cmake_args': None, 'catkin_skip_building_tests': False, 'cmake_args': None, 'cmake_clean_cache': False, 'cmake_clean_first': False, 'cmake_force_configure': False, 'cmake_target': None, 'cmake_target_skip_unavailable': False, 'install_base': '/home/rhobtor/PHD/ARGOJ8_IA/install/car', 'merge_install': False, 'path': '/home/rhobtor/PHD/ARGOJ8_IA/src/car_python', 'symlink_install': False, 'test_result_base': None}
[1.187s] Level 5:colcon.colcon_core.verb:set package 'car_cpp' build argument 'cmake_args' from command line to 'None'
[1.187s] Level 5:colcon.colcon_core.verb:set package 'car_cpp' build argument 'cmake_target' from command line to 'None'
[1.187s] Level 5:colcon.colcon_core.verb:set package 'car_cpp' build argument 'cmake_target_skip_unavailable' from command line to 'False'
[1.188s] Level 5:colcon.colcon_core.verb:set package 'car_cpp' build argument 'cmake_clean_cache' from command line to 'False'
[1.188s] Level 5:colcon.colcon_core.verb:set package 'car_cpp' build argument 'cmake_clean_first' from command line to 'False'
[1.188s] Level 5:colcon.colcon_core.verb:set package 'car_cpp' build argument 'cmake_force_configure' from command line to 'False'
[1.188s] Level 5:colcon.colcon_core.verb:set package 'car_cpp' build argument 'ament_cmake_args' from command line to 'None'
[1.188s] Level 5:colcon.colcon_core.verb:set package 'car_cpp' build argument 'catkin_cmake_args' from command line to 'None'
[1.189s] Level 5:colcon.colcon_core.verb:set package 'car_cpp' build argument 'catkin_skip_building_tests' from command line to 'False'
[1.189s] DEBUG:colcon.colcon_core.verb:Building package 'car_cpp' with the following arguments: {'ament_cmake_args': None, 'build_base': '/home/rhobtor/PHD/ARGOJ8_IA/build/car_cpp', 'catkin_cmake_args': None, 'catkin_skip_building_tests': False, 'cmake_args': None, 'cmake_clean_cache': False, 'cmake_clean_first': False, 'cmake_force_configure': False, 'cmake_target': None, 'cmake_target_skip_unavailable': False, 'install_base': '/home/rhobtor/PHD/ARGOJ8_IA/install/car_cpp', 'merge_install': False, 'path': '/home/rhobtor/PHD/ARGOJ8_IA/src/car_cpp', 'symlink_install': False, 'test_result_base': None}
[1.192s] Level 5:colcon.colcon_core.verb:set package 'octomap_server' build argument 'cmake_args' from command line to 'None'
[1.193s] Level 5:colcon.colcon_core.verb:set package 'octomap_server' build argument 'cmake_target' from command line to 'None'
[1.193s] Level 5:colcon.colcon_core.verb:set package 'octomap_server' build argument 'cmake_target_skip_unavailable' from command line to 'False'
[1.193s] Level 5:colcon.colcon_core.verb:set package 'octomap_server' build argument 'cmake_clean_cache' from command line to 'False'
[1.193s] Level 5:colcon.colcon_core.verb:set package 'octomap_server' build argument 'cmake_clean_first' from command line to 'False'
[1.193s] Level 5:colcon.colcon_core.verb:set package 'octomap_server' build argument 'cmake_force_configure' from command line to 'False'
[1.194s] Level 5:colcon.colcon_core.verb:set package 'octomap_server' build argument 'ament_cmake_args' from command line to 'None'
[1.194s] Level 5:colcon.colcon_core.verb:set package 'octomap_server' build argument 'catkin_cmake_args' from command line to 'None'
[1.194s] Level 5:colcon.colcon_core.verb:set package 'octomap_server' build argument 'catkin_skip_building_tests' from command line to 'False'
[1.195s] DEBUG:colcon.colcon_core.verb:Building package 'octomap_server' with the following arguments: {'ament_cmake_args': None, 'build_base': '/home/rhobtor/PHD/ARGOJ8_IA/build/octomap_server', 'catkin_cmake_args': None, 'catkin_skip_building_tests': False, 'cmake_args': None, 'cmake_clean_cache': False, 'cmake_clean_first': False, 'cmake_force_configure': False, 'cmake_target': None, 'cmake_target_skip_unavailable': False, 'install_base': '/home/rhobtor/PHD/ARGOJ8_IA/install/octomap_server', 'merge_install': False, 'path': '/home/rhobtor/PHD/ARGOJ8_IA/src/octomap/octomap_server', 'symlink_install': False, 'test_result_base': None}
[1.198s] Level 5:colcon.colcon_core.verb:set package 'j8_xacro_model' build argument 'cmake_args' from command line to 'None'
[1.198s] Level 5:colcon.colcon_core.verb:set package 'j8_xacro_model' build argument 'cmake_target' from command line to 'None'
[1.198s] Level 5:colcon.colcon_core.verb:set package 'j8_xacro_model' build argument 'cmake_target_skip_unavailable' from command line to 'False'
[1.198s] Level 5:colcon.colcon_core.verb:set package 'j8_xacro_model' build argument 'cmake_clean_cache' from command line to 'False'
[1.199s] Level 5:colcon.colcon_core.verb:set package 'j8_xacro_model' build argument 'cmake_clean_first' from command line to 'False'
[1.199s] Level 5:colcon.colcon_core.verb:set package 'j8_xacro_model' build argument 'cmake_force_configure' from command line to 'False'
[1.199s] Level 5:colcon.colcon_core.verb:set package 'j8_xacro_model' build argument 'ament_cmake_args' from command line to 'None'
[1.199s] Level 5:colcon.colcon_core.verb:set package 'j8_xacro_model' build argument 'catkin_cmake_args' from command line to 'None'
[1.200s] Level 5:colcon.colcon_core.verb:set package 'j8_xacro_model' build argument 'catkin_skip_building_tests' from command line to 'False'
[1.200s] DEBUG:colcon.colcon_core.verb:Building package 'j8_xacro_model' with the following arguments: {'ament_cmake_args': None, 'build_base': '/home/rhobtor/PHD/ARGOJ8_IA/build/j8_xacro_model', 'catkin_cmake_args': None, 'catkin_skip_building_tests': False, 'cmake_args': None, 'cmake_clean_cache': False, 'cmake_clean_first': False, 'cmake_force_configure': False, 'cmake_target': None, 'cmake_target_skip_unavailable': False, 'install_base': '/home/rhobtor/PHD/ARGOJ8_IA/install/j8_xacro_model', 'merge_install': False, 'path': '/home/rhobtor/PHD/ARGOJ8_IA/src/gazebo_sim_pkgs/j8_xacro_model', 'symlink_install': False, 'test_result_base': None}
[1.203s] Level 5:colcon.colcon_core.verb:set package 'octomap_mapping' build argument 'cmake_args' from command line to 'None'
[1.203s] Level 5:colcon.colcon_core.verb:set package 'octomap_mapping' build argument 'cmake_target' from command line to 'None'
[1.204s] Level 5:colcon.colcon_core.verb:set package 'octomap_mapping' build argument 'cmake_target_skip_unavailable' from command line to 'False'
[1.204s] Level 5:colcon.colcon_core.verb:set package 'octomap_mapping' build argument 'cmake_clean_cache' from command line to 'False'
[1.204s] Level 5:colcon.colcon_core.verb:set package 'octomap_mapping' build argument 'cmake_clean_first' from command line to 'False'
[1.204s] Level 5:colcon.colcon_core.verb:set package 'octomap_mapping' build argument 'cmake_force_configure' from command line to 'False'
[1.204s] Level 5:colcon.colcon_core.verb:set package 'octomap_mapping' build argument 'ament_cmake_args' from command line to 'None'
[1.205s] Level 5:colcon.colcon_core.verb:set package 'octomap_mapping' build argument 'catkin_cmake_args' from command line to 'None'
[1.205s] Level 5:colcon.colcon_core.verb:set package 'octomap_mapping' build argument 'catkin_skip_building_tests' from command line to 'False'
[1.205s] DEBUG:colcon.colcon_core.verb:Building package 'octomap_mapping' with the following arguments: {'ament_cmake_args': None, 'build_base': '/home/rhobtor/PHD/ARGOJ8_IA/build/octomap_mapping', 'catkin_cmake_args': None, 'catkin_skip_building_tests': False, 'cmake_args': None, 'cmake_clean_cache': False, 'cmake_clean_first': False, 'cmake_force_configure': False, 'cmake_target': None, 'cmake_target_skip_unavailable': False, 'install_base': '/home/rhobtor/PHD/ARGOJ8_IA/install/octomap_mapping', 'merge_install': False, 'path': '/home/rhobtor/PHD/ARGOJ8_IA/src/octomap/octomap_mapping', 'symlink_install': False, 'test_result_base': None}
[1.206s] INFO:colcon.colcon_core.executor:Executing jobs using 'parallel' executor
[1.213s] DEBUG:colcon.colcon_parallel_executor.executor.parallel:run_until_complete
[1.215s] INFO:colcon.colcon_ros.task.ament_cmake.build:Building ROS package in '/home/rhobtor/PHD/ARGOJ8_IA/src/car_interfaces' with build type 'ament_cmake'
[1.219s] INFO:colcon.colcon_cmake.task.cmake.build:Building CMake package in '/home/rhobtor/PHD/ARGOJ8_IA/src/car_interfaces'
[1.228s] INFO:colcon.colcon_core.plugin_system:Skipping extension 'colcon_core.shell.bat': Not used on non-Windows systems
[1.228s] INFO:colcon.colcon_core.shell:Skip shell extension 'powershell' for command environment: Not usable outside of PowerShell
[1.228s] DEBUG:colcon.colcon_core.shell:Skip shell extension 'dsv' for command environment
[1.236s] INFO:colcon.colcon_ros.task.ament_cmake.build:Building ROS package in '/home/rhobtor/PHD/ARGOJ8_IA/src/argj801_ctl_platform/argj801_ctl_platform_interfaces' with build type 'ament_cmake'
[1.236s] INFO:colcon.colcon_cmake.task.cmake.build:Building CMake package in '/home/rhobtor/PHD/ARGOJ8_IA/src/argj801_ctl_platform/argj801_ctl_platform_interfaces'
[1.236s] INFO:colcon.colcon_core.shell:Skip shell extension 'powershell' for command environment: Not usable outside of PowerShell
[1.236s] DEBUG:colcon.colcon_core.shell:Skip shell extension 'dsv' for command environment
[1.244s] INFO:colcon.colcon_ros.task.ament_cmake.build:Building ROS package in '/home/rhobtor/PHD/ARGOJ8_IA/src/gazebo_sim_pkgs/fix_position_pkg' with build type 'ament_cmake'
[1.244s] INFO:colcon.colcon_cmake.task.cmake.build:Building CMake package in '/home/rhobtor/PHD/ARGOJ8_IA/src/gazebo_sim_pkgs/fix_position_pkg'
[1.244s] INFO:colcon.colcon_core.shell:Skip shell extension 'powershell' for command environment: Not usable outside of PowerShell
[1.244s] DEBUG:colcon.colcon_core.shell:Skip shell extension 'dsv' for command environment
[1.251s] INFO:colcon.colcon_ros.task.ament_cmake.build:Building ROS package in '/home/rhobtor/PHD/ARGOJ8_IA/src/hector_gazebo' with build type 'ament_cmake'
[1.251s] INFO:colcon.colcon_cmake.task.cmake.build:Building CMake package in '/home/rhobtor/PHD/ARGOJ8_IA/src/hector_gazebo'
[1.252s] INFO:colcon.colcon_core.shell:Skip shell extension 'powershell' for command environment: Not usable outside of PowerShell
[1.252s] DEBUG:colcon.colcon_core.shell:Skip shell extension 'dsv' for command environment
[1.259s] INFO:colcon.colcon_ros.task.ament_cmake.build:Building ROS package in '/home/rhobtor/PHD/ARGOJ8_IA/src/plugin_rviz' with build type 'ament_cmake'
[1.259s] INFO:colcon.colcon_cmake.task.cmake.build:Building CMake package in '/home/rhobtor/PHD/ARGOJ8_IA/src/plugin_rviz'
[1.259s] INFO:colcon.colcon_core.shell:Skip shell extension 'powershell' for command environment: Not usable outside of PowerShell
[1.259s] DEBUG:colcon.colcon_core.shell:Skip shell extension 'dsv' for command environment
[1.272s] DEBUG:colcon.colcon_core.event_handler.log_command:Invoking command in '/home/rhobtor/PHD/ARGOJ8_IA/build/car_interfaces': CMAKE_PREFIX_PATH=${CMAKE_PREFIX_PATH}:/home/rhobtor/PHD/ARGOJ8_IA/install/car:/home/rhobtor/PHD/reactive/Reactive-Navegation/workspace_full_conected/install/car:/opt/ros/humble /opt/st/stm32cubeclt_1.18.0/CMake/bin/cmake --build /home/rhobtor/PHD/ARGOJ8_IA/build/car_interfaces -- -j16 -l16
[1.280s] DEBUG:colcon.colcon_core.event_handler.log_command:Invoking command in '/home/rhobtor/PHD/ARGOJ8_IA/build/argj801_ctl_platform_interfaces': CMAKE_PREFIX_PATH=${CMAKE_PREFIX_PATH}:/home/rhobtor/PHD/ARGOJ8_IA/install/car:/home/rhobtor/PHD/reactive/Reactive-Navegation/workspace_full_conected/install/car:/opt/ros/humble /opt/st/stm32cubeclt_1.18.0/CMake/bin/cmake --build /home/rhobtor/PHD/ARGOJ8_IA/build/argj801_ctl_platform_interfaces -- -j16 -l16
[1.284s] DEBUG:colcon.colcon_core.event_handler.log_command:Invoking command in '/home/rhobtor/PHD/ARGOJ8_IA/build/fixposition_sensor_pkg': CMAKE_PREFIX_PATH=${CMAKE_PREFIX_PATH}:/home/rhobtor/PHD/ARGOJ8_IA/install/car:/home/rhobtor/PHD/reactive/Reactive-Navegation/workspace_full_conected/install/car:/opt/ros/humble /opt/st/stm32cubeclt_1.18.0/CMake/bin/cmake --build /home/rhobtor/PHD/ARGOJ8_IA/build/fixposition_sensor_pkg -- -j16 -l16
[1.289s] DEBUG:colcon.colcon_core.event_handler.log_command:Invoking command in '/home/rhobtor/PHD/ARGOJ8_IA/build/hector_gazebo_plugins': CMAKE_PREFIX_PATH=${CMAKE_PREFIX_PATH}:/home/rhobtor/PHD/ARGOJ8_IA/install/car:/home/rhobtor/PHD/reactive/Reactive-Navegation/workspace_full_conected/install/car:/opt/ros/humble /opt/st/stm32cubeclt_1.18.0/CMake/bin/cmake --build /home/rhobtor/PHD/ARGOJ8_IA/build/hector_gazebo_plugins -- -j16 -l16
[1.299s] DEBUG:colcon.colcon_core.event_handler.log_command:Invoking command in '/home/rhobtor/PHD/ARGOJ8_IA/build/octomap_rviz_plugins': CMAKE_PREFIX_PATH=${CMAKE_PREFIX_PATH}:/home/rhobtor/PHD/ARGOJ8_IA/install/car:/home/rhobtor/PHD/reactive/Reactive-Navegation/workspace_full_conected/install/car:/opt/ros/humble /opt/st/stm32cubeclt_1.18.0/CMake/bin/cmake --build /home/rhobtor/PHD/ARGOJ8_IA/build/octomap_rviz_plugins -- -j16 -l16
[1.421s] DEBUG:colcon.colcon_core.event_handler.log_command:Invoked command in '/home/rhobtor/PHD/ARGOJ8_IA/build/fixposition_sensor_pkg' returned '0': CMAKE_PREFIX_PATH=${CMAKE_PREFIX_PATH}:/home/rhobtor/PHD/ARGOJ8_IA/install/car:/home/rhobtor/PHD/reactive/Reactive-Navegation/workspace_full_conected/install/car:/opt/ros/humble /opt/st/stm32cubeclt_1.18.0/CMake/bin/cmake --build /home/rhobtor/PHD/ARGOJ8_IA/build/fixposition_sensor_pkg -- -j16 -l16
[1.445s] DEBUG:colcon.colcon_core.event_handler.log_command:Invoking command in '/home/rhobtor/PHD/ARGOJ8_IA/build/fixposition_sensor_pkg': CMAKE_PREFIX_PATH=${CMAKE_PREFIX_PATH}:/home/rhobtor/PHD/ARGOJ8_IA/install/car:/home/rhobtor/PHD/reactive/Reactive-Navegation/workspace_full_conected/install/car:/opt/ros/humble /opt/st/stm32cubeclt_1.18.0/CMake/bin/cmake --install /home/rhobtor/PHD/ARGOJ8_IA/build/fixposition_sensor_pkg
[1.492s] Level 1:colcon.colcon_core.environment:create_environment_scripts_only(fixposition_sensor_pkg)
[1.493s] DEBUG:colcon.colcon_core.event_handler.log_command:Invoked command in '/home/rhobtor/PHD/ARGOJ8_IA/build/fixposition_sensor_pkg' returned '0': CMAKE_PREFIX_PATH=${CMAKE_PREFIX_PATH}:/home/rhobtor/PHD/ARGOJ8_IA/install/car:/home/rhobtor/PHD/reactive/Reactive-Navegation/workspace_full_conected/install/car:/opt/ros/humble /opt/st/stm32cubeclt_1.18.0/CMake/bin/cmake --install /home/rhobtor/PHD/ARGOJ8_IA/build/fixposition_sensor_pkg
[1.500s] Level 1:colcon.colcon_core.environment:checking '/home/rhobtor/PHD/ARGOJ8_IA/install/fixposition_sensor_pkg' for CMake module files
[1.501s] Level 1:colcon.colcon_core.environment:checking '/home/rhobtor/PHD/ARGOJ8_IA/install/fixposition_sensor_pkg' for CMake config files
[1.503s] Level 1:colcon.colcon_core.shell:create_environment_hook('fixposition_sensor_pkg', 'cmake_prefix_path')
[1.504s] INFO:colcon.colcon_core.shell:Creating environment hook '/home/rhobtor/PHD/ARGOJ8_IA/install/fixposition_sensor_pkg/share/fixposition_sensor_pkg/hook/cmake_prefix_path.ps1'
[1.505s] INFO:colcon.colcon_core.shell:Creating environment descriptor '/home/rhobtor/PHD/ARGOJ8_IA/install/fixposition_sensor_pkg/share/fixposition_sensor_pkg/hook/cmake_prefix_path.dsv'
[1.506s] INFO:colcon.colcon_core.shell:Creating environment hook '/home/rhobtor/PHD/ARGOJ8_IA/install/fixposition_sensor_pkg/share/fixposition_sensor_pkg/hook/cmake_prefix_path.sh'
[1.507s] Level 1:colcon.colcon_core.environment:checking '/home/rhobtor/PHD/ARGOJ8_IA/install/fixposition_sensor_pkg/lib'
[1.508s] Level 1:colcon.colcon_core.shell:create_environment_hook('fixposition_sensor_pkg', 'ld_library_path_lib')
[1.509s] INFO:colcon.colcon_core.shell:Creating environment hook '/home/rhobtor/PHD/ARGOJ8_IA/install/fixposition_sensor_pkg/share/fixposition_sensor_pkg/hook/ld_library_path_lib.ps1'
[1.509s] INFO:colcon.colcon_core.shell:Creating environment descriptor '/home/rhobtor/PHD/ARGOJ8_IA/install/fixposition_sensor_pkg/share/fixposition_sensor_pkg/hook/ld_library_path_lib.dsv'
[1.510s] INFO:colcon.colcon_core.shell:Creating environment hook '/home/rhobtor/PHD/ARGOJ8_IA/install/fixposition_sensor_pkg/share/fixposition_sensor_pkg/hook/ld_library_path_lib.sh'
[1.510s] Level 1:colcon.colcon_core.environment:checking '/home/rhobtor/PHD/ARGOJ8_IA/install/fixposition_sensor_pkg/bin'
[1.511s] Level 1:colcon.colcon_core.environment:checking '/home/rhobtor/PHD/ARGOJ8_IA/install/fixposition_sensor_pkg/lib/pkgconfig/fixposition_sensor_pkg.pc'
[1.511s] Level 1:colcon.colcon_core.environment:checking '/home/rhobtor/PHD/ARGOJ8_IA/install/fixposition_sensor_pkg/lib/python3.10/site-packages'
[1.512s] Level 1:colcon.colcon_core.environment:checking '/home/rhobtor/PHD/ARGOJ8_IA/install/fixposition_sensor_pkg/bin'
[1.512s] INFO:colcon.colcon_core.shell:Creating package script '/home/rhobtor/PHD/ARGOJ8_IA/install/fixposition_sensor_pkg/share/fixposition_sensor_pkg/package.ps1'
[1.514s] INFO:colcon.colcon_core.shell:Creating package descriptor '/home/rhobtor/PHD/ARGOJ8_IA/install/fixposition_sensor_pkg/share/fixposition_sensor_pkg/package.dsv'
[1.516s] INFO:colcon.colcon_core.shell:Creating package script '/home/rhobtor/PHD/ARGOJ8_IA/install/fixposition_sensor_pkg/share/fixposition_sensor_pkg/package.sh'
[1.520s] INFO:colcon.colcon_core.shell:Creating package script '/home/rhobtor/PHD/ARGOJ8_IA/install/fixposition_sensor_pkg/share/fixposition_sensor_pkg/package.bash'
[1.525s] INFO:colcon.colcon_core.shell:Creating package script '/home/rhobtor/PHD/ARGOJ8_IA/install/fixposition_sensor_pkg/share/fixposition_sensor_pkg/package.zsh'
[1.526s] Level 1:colcon.colcon_core.environment:create_file_with_runtime_dependencies(/home/rhobtor/PHD/ARGOJ8_IA/install/fixposition_sensor_pkg/share/colcon-core/packages/fixposition_sensor_pkg)
[1.527s] Level 1:colcon.colcon_core.environment:create_environment_scripts_only(fixposition_sensor_pkg)
[1.529s] Level 1:colcon.colcon_core.environment:checking '/home/rhobtor/PHD/ARGOJ8_IA/install/fixposition_sensor_pkg' for CMake module files
[1.530s] Level 1:colcon.colcon_core.environment:checking '/home/rhobtor/PHD/ARGOJ8_IA/install/fixposition_sensor_pkg' for CMake config files
[1.530s] Level 1:colcon.colcon_core.shell:create_environment_hook('fixposition_sensor_pkg', 'cmake_prefix_path')
[1.530s] INFO:colcon.colcon_core.shell:Creating environment hook '/home/rhobtor/PHD/ARGOJ8_IA/install/fixposition_sensor_pkg/share/fixposition_sensor_pkg/hook/cmake_prefix_path.ps1'
[1.531s] INFO:colcon.colcon_core.shell:Creating environment descriptor '/home/rhobtor/PHD/ARGOJ8_IA/install/fixposition_sensor_pkg/share/fixposition_sensor_pkg/hook/cmake_prefix_path.dsv'
[1.531s] INFO:colcon.colcon_core.shell:Creating environment hook '/home/rhobtor/PHD/ARGOJ8_IA/install/fixposition_sensor_pkg/share/fixposition_sensor_pkg/hook/cmake_prefix_path.sh'
[1.532s] Level 1:colcon.colcon_core.environment:checking '/home/rhobtor/PHD/ARGOJ8_IA/install/fixposition_sensor_pkg/lib'
[1.532s] Level 1:colcon.colcon_core.shell:create_environment_hook('fixposition_sensor_pkg', 'ld_library_path_lib')
[1.534s] INFO:colcon.colcon_core.shell:Creating environment hook '/home/rhobtor/PHD/ARGOJ8_IA/install/fixposition_sensor_pkg/share/fixposition_sensor_pkg/hook/ld_library_path_lib.ps1'
[1.534s] INFO:colcon.colcon_core.shell:Creating environment descriptor '/home/rhobtor/PHD/ARGOJ8_IA/install/fixposition_sensor_pkg/share/fixposition_sensor_pkg/hook/ld_library_path_lib.dsv'
[1.535s] INFO:colcon.colcon_core.shell:Creating environment hook '/home/rhobtor/PHD/ARGOJ8_IA/install/fixposition_sensor_pkg/share/fixposition_sensor_pkg/hook/ld_library_path_lib.sh'
[1.535s] Level 1:colcon.colcon_core.environment:checking '/home/rhobtor/PHD/ARGOJ8_IA/install/fixposition_sensor_pkg/bin'
[1.535s] Level 1:colcon.colcon_core.environment:checking '/home/rhobtor/PHD/ARGOJ8_IA/install/fixposition_sensor_pkg/lib/pkgconfig/fixposition_sensor_pkg.pc'
[1.535s] Level 1:colcon.colcon_core.environment:checking '/home/rhobtor/PHD/ARGOJ8_IA/install/fixposition_sensor_pkg/lib/python3.10/site-packages'
[1.536s] Level 1:colcon.colcon_core.environment:checking '/home/rhobtor/PHD/ARGOJ8_IA/install/fixposition_sensor_pkg/bin'
[1.536s] INFO:colcon.colcon_core.shell:Creating package script '/home/rhobtor/PHD/ARGOJ8_IA/install/fixposition_sensor_pkg/share/fixposition_sensor_pkg/package.ps1'
[1.540s] INFO:colcon.colcon_core.shell:Creating package descriptor '/home/rhobtor/PHD/ARGOJ8_IA/install/fixposition_sensor_pkg/share/fixposition_sensor_pkg/package.dsv'
[1.541s] INFO:colcon.colcon_core.shell:Creating package script '/home/rhobtor/PHD/ARGOJ8_IA/install/fixposition_sensor_pkg/share/fixposition_sensor_pkg/package.sh'
[1.545s] INFO:colcon.colcon_core.shell:Creating package script '/home/rhobtor/PHD/ARGOJ8_IA/install/fixposition_sensor_pkg/share/fixposition_sensor_pkg/package.bash'
[1.546s] INFO:colcon.colcon_core.shell:Creating package script '/home/rhobtor/PHD/ARGOJ8_IA/install/fixposition_sensor_pkg/share/fixposition_sensor_pkg/package.zsh'
[1.547s] Level 1:colcon.colcon_core.environment:create_file_with_runtime_dependencies(/home/rhobtor/PHD/ARGOJ8_IA/install/fixposition_sensor_pkg/share/colcon-core/packages/fixposition_sensor_pkg)
[1.588s] DEBUG:colcon.colcon_core.event_handler.log_command:Invoked command in '/home/rhobtor/PHD/ARGOJ8_IA/build/octomap_rviz_plugins' returned '0': CMAKE_PREFIX_PATH=${CMAKE_PREFIX_PATH}:/home/rhobtor/PHD/ARGOJ8_IA/install/car:/home/rhobtor/PHD/reactive/Reactive-Navegation/workspace_full_conected/install/car:/opt/ros/humble /opt/st/stm32cubeclt_1.18.0/CMake/bin/cmake --build /home/rhobtor/PHD/ARGOJ8_IA/build/octomap_rviz_plugins -- -j16 -l16
[1.589s] DEBUG:colcon.colcon_core.event_handler.log_command:Invoking command in '/home/rhobtor/PHD/ARGOJ8_IA/build/octomap_rviz_plugins': CMAKE_PREFIX_PATH=${CMAKE_PREFIX_PATH}:/home/rhobtor/PHD/ARGOJ8_IA/install/car:/home/rhobtor/PHD/reactive/Reactive-Navegation/workspace_full_conected/install/car:/opt/ros/humble /opt/st/stm32cubeclt_1.18.0/CMake/bin/cmake --install /home/rhobtor/PHD/ARGOJ8_IA/build/octomap_rviz_plugins
[1.612s] Level 1:colcon.colcon_core.environment:create_environment_scripts_only(octomap_rviz_plugins)
[1.613s] Level 1:colcon.colcon_core.environment:checking '/home/rhobtor/PHD/ARGOJ8_IA/install/octomap_rviz_plugins' for CMake module files
[1.613s] Level 1:colcon.colcon_core.environment:checking '/home/rhobtor/PHD/ARGOJ8_IA/install/octomap_rviz_plugins' for CMake config files
[1.614s] Level 1:colcon.colcon_core.shell:create_environment_hook('octomap_rviz_plugins', 'cmake_prefix_path')
[1.614s] INFO:colcon.colcon_core.shell:Creating environment hook '/home/rhobtor/PHD/ARGOJ8_IA/install/octomap_rviz_plugins/share/octomap_rviz_plugins/hook/cmake_prefix_path.ps1'
[1.615s] INFO:colcon.colcon_core.shell:Creating environment descriptor '/home/rhobtor/PHD/ARGOJ8_IA/install/octomap_rviz_plugins/share/octomap_rviz_plugins/hook/cmake_prefix_path.dsv'
[1.615s] INFO:colcon.colcon_core.shell:Creating environment hook '/home/rhobtor/PHD/ARGOJ8_IA/install/octomap_rviz_plugins/share/octomap_rviz_plugins/hook/cmake_prefix_path.sh'
[1.619s] DEBUG:colcon.colcon_core.event_handler.log_command:Invoked command in '/home/rhobtor/PHD/ARGOJ8_IA/build/octomap_rviz_plugins' returned '0': CMAKE_PREFIX_PATH=${CMAKE_PREFIX_PATH}:/home/rhobtor/PHD/ARGOJ8_IA/install/car:/home/rhobtor/PHD/reactive/Reactive-Navegation/workspace_full_conected/install/car:/opt/ros/humble /opt/st/stm32cubeclt_1.18.0/CMake/bin/cmake --install /home/rhobtor/PHD/ARGOJ8_IA/build/octomap_rviz_plugins
[1.620s] Level 1:colcon.colcon_core.environment:checking '/home/rhobtor/PHD/ARGOJ8_IA/install/octomap_rviz_plugins/lib'
[1.621s] Level 1:colcon.colcon_core.shell:create_environment_hook('octomap_rviz_plugins', 'ld_library_path_lib')
[1.621s] INFO:colcon.colcon_core.shell:Creating environment hook '/home/rhobtor/PHD/ARGOJ8_IA/install/octomap_rviz_plugins/share/octomap_rviz_plugins/hook/ld_library_path_lib.ps1'
[1.622s] INFO:colcon.colcon_core.shell:Creating environment descriptor '/home/rhobtor/PHD/ARGOJ8_IA/install/octomap_rviz_plugins/share/octomap_rviz_plugins/hook/ld_library_path_lib.dsv'
[1.622s] INFO:colcon.colcon_core.shell:Creating environment hook '/home/rhobtor/PHD/ARGOJ8_IA/install/octomap_rviz_plugins/share/octomap_rviz_plugins/hook/ld_library_path_lib.sh'
[1.623s] Level 1:colcon.colcon_core.environment:checking '/home/rhobtor/PHD/ARGOJ8_IA/install/octomap_rviz_plugins/bin'
[1.623s] Level 1:colcon.colcon_core.environment:checking '/home/rhobtor/PHD/ARGOJ8_IA/install/octomap_rviz_plugins/lib/pkgconfig/octomap_rviz_plugins.pc'
[1.623s] Level 1:colcon.colcon_core.environment:checking '/home/rhobtor/PHD/ARGOJ8_IA/install/octomap_rviz_plugins/lib/python3.10/site-packages'
[1.623s] Level 1:colcon.colcon_core.environment:checking '/home/rhobtor/PHD/ARGOJ8_IA/install/octomap_rviz_plugins/bin'
[1.626s] INFO:colcon.colcon_core.shell:Creating package script '/home/rhobtor/PHD/ARGOJ8_IA/install/octomap_rviz_plugins/share/octomap_rviz_plugins/package.ps1'
[1.626s] INFO:colcon.colcon_core.shell:Creating package descriptor '/home/rhobtor/PHD/ARGOJ8_IA/install/octomap_rviz_plugins/share/octomap_rviz_plugins/package.dsv'
[1.627s] INFO:colcon.colcon_core.shell:Creating package script '/home/rhobtor/PHD/ARGOJ8_IA/install/octomap_rviz_plugins/share/octomap_rviz_plugins/package.sh'
[1.628s] INFO:colcon.colcon_core.shell:Creating package script '/home/rhobtor/PHD/ARGOJ8_IA/install/octomap_rviz_plugins/share/octomap_rviz_plugins/package.bash'
[1.630s] INFO:colcon.colcon_core.shell:Creating package script '/home/rhobtor/PHD/ARGOJ8_IA/install/octomap_rviz_plugins/share/octomap_rviz_plugins/package.zsh'
[1.631s] Level 1:colcon.colcon_core.environment:create_file_with_runtime_dependencies(/home/rhobtor/PHD/ARGOJ8_IA/install/octomap_rviz_plugins/share/colcon-core/packages/octomap_rviz_plugins)
[1.631s] Level 1:colcon.colcon_core.environment:create_environment_scripts_only(octomap_rviz_plugins)
[1.632s] Level 1:colcon.colcon_core.environment:checking '/home/rhobtor/PHD/ARGOJ8_IA/install/octomap_rviz_plugins' for CMake module files
[1.633s] Level 1:colcon.colcon_core.environment:checking '/home/rhobtor/PHD/ARGOJ8_IA/install/octomap_rviz_plugins' for CMake config files
[1.633s] Level 1:colcon.colcon_core.shell:create_environment_hook('octomap_rviz_plugins', 'cmake_prefix_path')
[1.633s] INFO:colcon.colcon_core.shell:Creating environment hook '/home/rhobtor/PHD/ARGOJ8_IA/install/octomap_rviz_plugins/share/octomap_rviz_plugins/hook/cmake_prefix_path.ps1'
[1.634s] INFO:colcon.colcon_core.shell:Creating environment descriptor '/home/rhobtor/PHD/ARGOJ8_IA/install/octomap_rviz_plugins/share/octomap_rviz_plugins/hook/cmake_prefix_path.dsv'
[1.634s] INFO:colcon.colcon_core.shell:Creating environment hook '/home/rhobtor/PHD/ARGOJ8_IA/install/octomap_rviz_plugins/share/octomap_rviz_plugins/hook/cmake_prefix_path.sh'
[1.635s] Level 1:colcon.colcon_core.environment:checking '/home/rhobtor/PHD/ARGOJ8_IA/install/octomap_rviz_plugins/lib'
[1.635s] Level 1:colcon.colcon_core.shell:create_environment_hook('octomap_rviz_plugins', 'ld_library_path_lib')
[1.636s] INFO:colcon.colcon_core.shell:Creating environment hook '/home/rhobtor/PHD/ARGOJ8_IA/install/octomap_rviz_plugins/share/octomap_rviz_plugins/hook/ld_library_path_lib.ps1'
[1.636s] INFO:colcon.colcon_core.shell:Creating environment descriptor '/home/rhobtor/PHD/ARGOJ8_IA/install/octomap_rviz_plugins/share/octomap_rviz_plugins/hook/ld_library_path_lib.dsv'
[1.637s] INFO:colcon.colcon_core.shell:Creating environment hook '/home/rhobtor/PHD/ARGOJ8_IA/install/octomap_rviz_plugins/share/octomap_rviz_plugins/hook/ld_library_path_lib.sh'
[1.637s] Level 1:colcon.colcon_core.environment:checking '/home/rhobtor/PHD/ARGOJ8_IA/install/octomap_rviz_plugins/bin'
[1.637s] Level 1:colcon.colcon_core.environment:checking '/home/rhobtor/PHD/ARGOJ8_IA/install/octomap_rviz_plugins/lib/pkgconfig/octomap_rviz_plugins.pc'
[1.638s] Level 1:colcon.colcon_core.environment:checking '/home/rhobtor/PHD/ARGOJ8_IA/install/octomap_rviz_plugins/lib/python3.10/site-packages'
[1.639s] Level 1:colcon.colcon_core.environment:checking '/home/rhobtor/PHD/ARGOJ8_IA/install/octomap_rviz_plugins/bin'
[1.640s] INFO:colcon.colcon_core.shell:Creating package script '/home/rhobtor/PHD/ARGOJ8_IA/install/octomap_rviz_plugins/share/octomap_rviz_plugins/package.ps1'
[1.642s] INFO:colcon.colcon_core.shell:Creating package descriptor '/home/rhobtor/PHD/ARGOJ8_IA/install/octomap_rviz_plugins/share/octomap_rviz_plugins/package.dsv'
[1.642s] INFO:colcon.colcon_core.shell:Creating package script '/home/rhobtor/PHD/ARGOJ8_IA/install/octomap_rviz_plugins/share/octomap_rviz_plugins/package.sh'
[1.643s] INFO:colcon.colcon_core.shell:Creating package script '/home/rhobtor/PHD/ARGOJ8_IA/install/octomap_rviz_plugins/share/octomap_rviz_plugins/package.bash'
[1.643s] INFO:colcon.colcon_core.shell:Creating package script '/home/rhobtor/PHD/ARGOJ8_IA/install/octomap_rviz_plugins/share/octomap_rviz_plugins/package.zsh'
[1.646s] Level 1:colcon.colcon_core.environment:create_file_with_runtime_dependencies(/home/rhobtor/PHD/ARGOJ8_IA/install/octomap_rviz_plugins/share/colcon-core/packages/octomap_rviz_plugins)
[1.873s] DEBUG:colcon.colcon_core.event_handler.log_command:Invoked command in '/home/rhobtor/PHD/ARGOJ8_IA/build/car_interfaces' returned '0': CMAKE_PREFIX_PATH=${CMAKE_PREFIX_PATH}:/home/rhobtor/PHD/ARGOJ8_IA/install/car:/home/rhobtor/PHD/reactive/Reactive-Navegation/workspace_full_conected/install/car:/opt/ros/humble /opt/st/stm32cubeclt_1.18.0/CMake/bin/cmake --build /home/rhobtor/PHD/ARGOJ8_IA/build/car_interfaces -- -j16 -l16
[1.875s] DEBUG:colcon.colcon_core.event_handler.log_command:Invoking command in '/home/rhobtor/PHD/ARGOJ8_IA/build/car_interfaces': CMAKE_PREFIX_PATH=${CMAKE_PREFIX_PATH}:/home/rhobtor/PHD/ARGOJ8_IA/install/car:/home/rhobtor/PHD/reactive/Reactive-Navegation/workspace_full_conected/install/car:/opt/ros/humble /opt/st/stm32cubeclt_1.18.0/CMake/bin/cmake --install /home/rhobtor/PHD/ARGOJ8_IA/build/car_interfaces
[1.966s] DEBUG:colcon.colcon_core.event_handler.log_command:Invoked command in '/home/rhobtor/PHD/ARGOJ8_IA/build/argj801_ctl_platform_interfaces' returned '0': CMAKE_PREFIX_PATH=${CMAKE_PREFIX_PATH}:/home/rhobtor/PHD/ARGOJ8_IA/install/car:/home/rhobtor/PHD/reactive/Reactive-Navegation/workspace_full_conected/install/car:/opt/ros/humble /opt/st/stm32cubeclt_1.18.0/CMake/bin/cmake --build /home/rhobtor/PHD/ARGOJ8_IA/build/argj801_ctl_platform_interfaces -- -j16 -l16
[1.969s] DEBUG:colcon.colcon_core.event_handler.log_command:Invoking command in '/home/rhobtor/PHD/ARGOJ8_IA/build/argj801_ctl_platform_interfaces': CMAKE_PREFIX_PATH=${CMAKE_PREFIX_PATH}:/home/rhobtor/PHD/ARGOJ8_IA/install/car:/home/rhobtor/PHD/reactive/Reactive-Navegation/workspace_full_conected/install/car:/opt/ros/humble /opt/st/stm32cubeclt_1.18.0/CMake/bin/cmake --install /home/rhobtor/PHD/ARGOJ8_IA/build/argj801_ctl_platform_interfaces
[1.971s] Level 1:colcon.colcon_core.environment:create_environment_scripts_only(car_interfaces)
[1.972s] Level 1:colcon.colcon_core.environment:checking '/home/rhobtor/PHD/ARGOJ8_IA/install/car_interfaces' for CMake module files
[1.973s] Level 1:colcon.colcon_core.environment:checking '/home/rhobtor/PHD/ARGOJ8_IA/install/car_interfaces' for CMake config files
[1.973s] Level 1:colcon.colcon_core.shell:create_environment_hook('car_interfaces', 'cmake_prefix_path')
[1.972s] DEBUG:colcon.colcon_core.event_handler.log_command:Invoked command in '/home/rhobtor/PHD/ARGOJ8_IA/build/car_interfaces' returned '0': CMAKE_PREFIX_PATH=${CMAKE_PREFIX_PATH}:/home/rhobtor/PHD/ARGOJ8_IA/install/car:/home/rhobtor/PHD/reactive/Reactive-Navegation/workspace_full_conected/install/car:/opt/ros/humble /opt/st/stm32cubeclt_1.18.0/CMake/bin/cmake --install /home/rhobtor/PHD/ARGOJ8_IA/build/car_interfaces
[1.974s] INFO:colcon.colcon_core.shell:Creating environment hook '/home/rhobtor/PHD/ARGOJ8_IA/install/car_interfaces/share/car_interfaces/hook/cmake_prefix_path.ps1'
[1.976s] INFO:colcon.colcon_core.shell:Creating environment descriptor '/home/rhobtor/PHD/ARGOJ8_IA/install/car_interfaces/share/car_interfaces/hook/cmake_prefix_path.dsv'
[1.976s] INFO:colcon.colcon_core.shell:Creating environment hook '/home/rhobtor/PHD/ARGOJ8_IA/install/car_interfaces/share/car_interfaces/hook/cmake_prefix_path.sh'
[1.978s] Level 1:colcon.colcon_core.environment:checking '/home/rhobtor/PHD/ARGOJ8_IA/install/car_interfaces/lib'
[1.978s] Level 1:colcon.colcon_core.shell:create_environment_hook('car_interfaces', 'ld_library_path_lib')
[1.979s] INFO:colcon.colcon_core.shell:Creating environment hook '/home/rhobtor/PHD/ARGOJ8_IA/install/car_interfaces/share/car_interfaces/hook/ld_library_path_lib.ps1'
[1.980s] INFO:colcon.colcon_core.shell:Creating environment descriptor '/home/rhobtor/PHD/ARGOJ8_IA/install/car_interfaces/share/car_interfaces/hook/ld_library_path_lib.dsv'
[1.981s] INFO:colcon.colcon_core.shell:Creating environment hook '/home/rhobtor/PHD/ARGOJ8_IA/install/car_interfaces/share/car_interfaces/hook/ld_library_path_lib.sh'
[1.982s] Level 1:colcon.colcon_core.environment:checking '/home/rhobtor/PHD/ARGOJ8_IA/install/car_interfaces/bin'
[1.982s] Level 1:colcon.colcon_core.environment:checking '/home/rhobtor/PHD/ARGOJ8_IA/install/car_interfaces/lib/pkgconfig/car_interfaces.pc'
[1.982s] Level 1:colcon.colcon_core.environment:checking '/home/rhobtor/PHD/ARGOJ8_IA/install/car_interfaces/lib/python3.10/site-packages'
[1.983s] Level 1:colcon.colcon_core.environment:checking '/home/rhobtor/PHD/ARGOJ8_IA/install/car_interfaces/bin'
[1.983s] INFO:colcon.colcon_core.shell:Creating package script '/home/rhobtor/PHD/ARGOJ8_IA/install/car_interfaces/share/car_interfaces/package.ps1'
[1.985s] INFO:colcon.colcon_core.shell:Creating package descriptor '/home/rhobtor/PHD/ARGOJ8_IA/install/car_interfaces/share/car_interfaces/package.dsv'
[1.985s] INFO:colcon.colcon_core.shell:Creating package script '/home/rhobtor/PHD/ARGOJ8_IA/install/car_interfaces/share/car_interfaces/package.sh'
[1.987s] INFO:colcon.colcon_core.shell:Creating package script '/home/rhobtor/PHD/ARGOJ8_IA/install/car_interfaces/share/car_interfaces/package.bash'
[1.988s] INFO:colcon.colcon_core.shell:Creating package script '/home/rhobtor/PHD/ARGOJ8_IA/install/car_interfaces/share/car_interfaces/package.zsh'
[1.989s] Level 1:colcon.colcon_core.environment:create_file_with_runtime_dependencies(/home/rhobtor/PHD/ARGOJ8_IA/install/car_interfaces/share/colcon-core/packages/car_interfaces)
[1.989s] Level 1:colcon.colcon_core.environment:create_environment_scripts_only(car_interfaces)
[1.990s] Level 1:colcon.colcon_core.environment:checking '/home/rhobtor/PHD/ARGOJ8_IA/install/car_interfaces' for CMake module files
[1.992s] Level 1:colcon.colcon_core.environment:checking '/home/rhobtor/PHD/ARGOJ8_IA/install/car_interfaces' for CMake config files
[1.993s] Level 1:colcon.colcon_core.shell:create_environment_hook('car_interfaces', 'cmake_prefix_path')
[1.994s] INFO:colcon.colcon_core.shell:Creating environment hook '/home/rhobtor/PHD/ARGOJ8_IA/install/car_interfaces/share/car_interfaces/hook/cmake_prefix_path.ps1'
[1.995s] INFO:colcon.colcon_core.shell:Creating environment descriptor '/home/rhobtor/PHD/ARGOJ8_IA/install/car_interfaces/share/car_interfaces/hook/cmake_prefix_path.dsv'
[1.996s] INFO:colcon.colcon_core.shell:Creating environment hook '/home/rhobtor/PHD/ARGOJ8_IA/install/car_interfaces/share/car_interfaces/hook/cmake_prefix_path.sh'
[1.997s] Level 1:colcon.colcon_core.environment:checking '/home/rhobtor/PHD/ARGOJ8_IA/install/car_interfaces/lib'
[1.998s] Level 1:colcon.colcon_core.shell:create_environment_hook('car_interfaces', 'ld_library_path_lib')
[1.998s] INFO:colcon.colcon_core.shell:Creating environment hook '/home/rhobtor/PHD/ARGOJ8_IA/install/car_interfaces/share/car_interfaces/hook/ld_library_path_lib.ps1'
[2.000s] INFO:colcon.colcon_core.shell:Creating environment descriptor '/home/rhobtor/PHD/ARGOJ8_IA/install/car_interfaces/share/car_interfaces/hook/ld_library_path_lib.dsv'
[2.000s] INFO:colcon.colcon_core.shell:Creating environment hook '/home/rhobtor/PHD/ARGOJ8_IA/install/car_interfaces/share/car_interfaces/hook/ld_library_path_lib.sh'
[2.002s] Level 1:colcon.colcon_core.environment:checking '/home/rhobtor/PHD/ARGOJ8_IA/install/car_interfaces/bin'
[2.002s] Level 1:colcon.colcon_core.environment:checking '/home/rhobtor/PHD/ARGOJ8_IA/install/car_interfaces/lib/pkgconfig/car_interfaces.pc'
[2.002s] Level 1:colcon.colcon_core.environment:checking '/home/rhobtor/PHD/ARGOJ8_IA/install/car_interfaces/lib/python3.10/site-packages'
[2.003s] Level 1:colcon.colcon_core.environment:checking '/home/rhobtor/PHD/ARGOJ8_IA/install/car_interfaces/bin'
[2.004s] INFO:colcon.colcon_core.shell:Creating package script '/home/rhobtor/PHD/ARGOJ8_IA/install/car_interfaces/share/car_interfaces/package.ps1'
[2.005s] INFO:colcon.colcon_core.shell:Creating package descriptor '/home/rhobtor/PHD/ARGOJ8_IA/install/car_interfaces/share/car_interfaces/package.dsv'
[2.006s] INFO:colcon.colcon_core.shell:Creating package script '/home/rhobtor/PHD/ARGOJ8_IA/install/car_interfaces/share/car_interfaces/package.sh'
[2.007s] INFO:colcon.colcon_core.shell:Creating package script '/home/rhobtor/PHD/ARGOJ8_IA/install/car_interfaces/share/car_interfaces/package.bash'
[2.008s] INFO:colcon.colcon_core.shell:Creating package script '/home/rhobtor/PHD/ARGOJ8_IA/install/car_interfaces/share/car_interfaces/package.zsh'
[2.010s] Level 1:colcon.colcon_core.environment:create_file_with_runtime_dependencies(/home/rhobtor/PHD/ARGOJ8_IA/install/car_interfaces/share/colcon-core/packages/car_interfaces)
[2.010s] INFO:colcon.colcon_ros.task.ament_cmake.build:Building ROS package in '/home/rhobtor/PHD/ARGOJ8_IA/src/octomap/octomap_server' with build type 'ament_cmake'
[2.010s] INFO:colcon.colcon_cmake.task.cmake.build:Building CMake package in '/home/rhobtor/PHD/ARGOJ8_IA/src/octomap/octomap_server'
[2.011s] INFO:colcon.colcon_core.shell:Skip shell extension 'powershell' for command environment: Not usable outside of PowerShell
[2.011s] DEBUG:colcon.colcon_core.shell:Skip shell extension 'dsv' for command environment
[2.022s] INFO:colcon.colcon_ros.task.ament_python.build:Building ROS package in '/home/rhobtor/PHD/ARGOJ8_IA/src/car_python' with build type 'ament_python'
[2.022s] Level 1:colcon.colcon_core.shell:create_environment_hook('car', 'ament_prefix_path')
[2.023s] INFO:colcon.colcon_core.shell:Creating environment hook '/home/rhobtor/PHD/ARGOJ8_IA/install/car/share/car/hook/ament_prefix_path.ps1'
[2.023s] INFO:colcon.colcon_core.shell:Creating environment descriptor '/home/rhobtor/PHD/ARGOJ8_IA/install/car/share/car/hook/ament_prefix_path.dsv'
[2.024s] INFO:colcon.colcon_core.shell:Creating environment hook '/home/rhobtor/PHD/ARGOJ8_IA/install/car/share/car/hook/ament_prefix_path.sh'
[2.025s] INFO:colcon.colcon_core.shell:Skip shell extension 'powershell' for command environment: Not usable outside of PowerShell
[2.025s] DEBUG:colcon.colcon_core.shell:Skip shell extension 'dsv' for command environment
[2.034s] INFO:colcon.colcon_ros.task.ament_cmake.build:Building ROS package in '/home/rhobtor/PHD/ARGOJ8_IA/src/car_cpp' with build type 'ament_cmake'
[2.034s] INFO:colcon.colcon_cmake.task.cmake.build:Building CMake package in '/home/rhobtor/PHD/ARGOJ8_IA/src/car_cpp'
[2.035s] INFO:colcon.colcon_core.shell:Skip shell extension 'powershell' for command environment: Not usable outside of PowerShell
[2.035s] DEBUG:colcon.colcon_core.shell:Skip shell extension 'dsv' for command environment
[2.050s] DEBUG:colcon.colcon_core.event_handler.log_command:Invoking command in '/home/rhobtor/PHD/ARGOJ8_IA/build/octomap_server': CMAKE_PREFIX_PATH=/home/rhobtor/PHD/ARGOJ8_IA/install/car_interfaces:/home/rhobtor/PHD/ARGOJ8_IA/install/octomap_mapping:/home/rhobtor/PHD/ARGOJ8_IA/install/octomap_server:/home/rhobtor/PHD/ARGOJ8_IA/install/octomap_rviz_plugins:/home/rhobtor/PHD/ARGOJ8_IA/install/j8_xacro_model:/home/rhobtor/PHD/ARGOJ8_IA/install/hector_gazebo_plugins:/home/rhobtor/PHD/ARGOJ8_IA/install/fixposition_sensor_pkg:/home/rhobtor/PHD/ARGOJ8_IA/install/car_cpp:/home/rhobtor/PHD/ARGOJ8_IA/install/argj801_ctl_platform:/home/rhobtor/PHD/ARGOJ8_IA/install/argj801_ctl_platform_interfaces:/home/rhobtor/packages/install/grid_map:/home/rhobtor/packages/install/grid_map_demos:/home/rhobtor/packages/install/grid_map_visualization:/home/rhobtor/packages/install/grid_map_sdf:/home/rhobtor/packages/install/grid_map_rviz_plugin:/home/rhobtor/packages/install/grid_map_pcl:/home/rhobtor/packages/install/grid_map_loader:/home/rhobtor/packages/install/grid_map_filters:/home/rhobtor/packages/install/grid_map_ros:/home/rhobtor/packages/install/grid_map_octomap:/home/rhobtor/packages/install/grid_map_msgs:/home/rhobtor/packages/install/grid_map_cv:/home/rhobtor/packages/install/grid_map_costmap_2d:/home/rhobtor/packages/install/grid_map_core:/home/rhobtor/packages/install/grid_map_cmake_helpers:/home/rhobtor/PHD/reactive/Reactive-Navegation/workspace_full_conected/install/octomap_mapping:/home/rhobtor/PHD/reactive/Reactive-Navegation/workspace_full_conected/install/octomap_server:/home/rhobtor/PHD/reactive/Reactive-Navegation/workspace_full_conected/install/octomap_rviz_plugins:/home/rhobtor/PHD/reactive/Reactive-Navegation/workspace_full_conected/install/hector_gazebo_plugins:/home/rhobtor/PHD/reactive/Reactive-Navegation/workspace_full_conected/install/car_cpp:/home/rhobtor/PHD/reactive/Reactive-Navegation/workspace_full_conected/install/car_interfaces:/home/rhobtor/PHD/ARGOJ8_IA/install/car:/home/rhobtor/PHD/reactive/Reactive-Navegation/workspace_full_conected/install/car:/opt/ros/humble LD_LIBRARY_PATH=/home/rhobtor/PHD/ARGOJ8_IA/install/car_interfaces/lib:/home/rhobtor/PHD/ARGOJ8_IA/install/octomap_server/lib:/home/rhobtor/PHD/ARGOJ8_IA/install/octomap_rviz_plugins/lib:/home/rhobtor/PHD/ARGOJ8_IA/install/j8_xacro_model/lib:/home/rhobtor/PHD/ARGOJ8_IA/install/hector_gazebo_plugins/lib:/home/rhobtor/PHD/ARGOJ8_IA/install/fixposition_sensor_pkg/lib:/home/rhobtor/PHD/ARGOJ8_IA/install/car_cpp/lib:/home/rhobtor/PHD/ARGOJ8_IA/install/argj801_ctl_platform_interfaces/lib:/home/rhobtor/packages/install/grid_map_demos/lib:/home/rhobtor/packages/install/grid_map_visualization/lib:/home/rhobtor/packages/install/grid_map_sdf/lib:/home/rhobtor/packages/install/grid_map_rviz_plugin/lib:/home/rhobtor/packages/install/grid_map_pcl/lib:/home/rhobtor/packages/install/grid_map_loader/lib:/home/rhobtor/packages/install/grid_map_filters/lib:/home/rhobtor/packages/install/grid_map_ros/lib:/home/rhobtor/packages/install/grid_map_octomap/lib:/home/rhobtor/packages/install/grid_map_msgs/lib:/home/rhobtor/packages/install/grid_map_cv/lib:/home/rhobtor/packages/install/grid_map_costmap_2d/lib:/home/rhobtor/packages/install/grid_map_core/lib:/home/rhobtor/PHD/reactive/Reactive-Navegation/workspace_full_conected/install/octomap_server/lib:/home/rhobtor/PHD/reactive/Reactive-Navegation/workspace_full_conected/install/octomap_rviz_plugins/lib:/home/rhobtor/PHD/reactive/Reactive-Navegation/workspace_full_conected/install/hector_gazebo_plugins/lib:/home/rhobtor/PHD/reactive/Reactive-Navegation/workspace_full_conected/install/car_cpp/lib:/home/rhobtor/PHD/reactive/Reactive-Navegation/workspace_full_conected/install/car_interfaces/lib:/usr/lib/x86_64-linux-gnu/gazebo-11/plugins:/opt/ros/humble/opt/rviz_ogre_vendor/lib:/opt/ros/humble/lib/x86_64-linux-gnu:/opt/ros/humble/lib /opt/st/stm32cubeclt_1.18.0/CMake/bin/cmake --build /home/rhobtor/PHD/ARGOJ8_IA/build/octomap_server -- -j16 -l16
[2.381s] INFO:colcon.colcon_core.task.python.build:Building Python package in '/home/rhobtor/PHD/ARGOJ8_IA/src/car_python'
[2.382s] INFO:colcon.colcon_core.shell:Skip shell extension 'powershell' for command environment: Not usable outside of PowerShell
[2.382s] DEBUG:colcon.colcon_core.shell:Skip shell extension 'dsv' for command environment
[2.392s] DEBUG:colcon.colcon_core.event_handler.log_command:Invoked command in '/home/rhobtor/PHD/ARGOJ8_IA/build/hector_gazebo_plugins' returned '0': CMAKE_PREFIX_PATH=${CMAKE_PREFIX_PATH}:/home/rhobtor/PHD/ARGOJ8_IA/install/car:/home/rhobtor/PHD/reactive/Reactive-Navegation/workspace_full_conected/install/car:/opt/ros/humble /opt/st/stm32cubeclt_1.18.0/CMake/bin/cmake --build /home/rhobtor/PHD/ARGOJ8_IA/build/hector_gazebo_plugins -- -j16 -l16
[2.396s] DEBUG:colcon.colcon_core.event_handler.log_command:Invoking command in '/home/rhobtor/PHD/ARGOJ8_IA/build/hector_gazebo_plugins': CMAKE_PREFIX_PATH=${CMAKE_PREFIX_PATH}:/home/rhobtor/PHD/ARGOJ8_IA/install/car:/home/rhobtor/PHD/reactive/Reactive-Navegation/workspace_full_conected/install/car:/opt/ros/humble /opt/st/stm32cubeclt_1.18.0/CMake/bin/cmake --install /home/rhobtor/PHD/ARGOJ8_IA/build/hector_gazebo_plugins
[2.402s] DEBUG:colcon.colcon_core.event_handler.log_command:Invoking command in '/home/rhobtor/PHD/ARGOJ8_IA/build/car_cpp': CMAKE_PREFIX_PATH=/home/rhobtor/PHD/ARGOJ8_IA/install/car_interfaces:/home/rhobtor/PHD/ARGOJ8_IA/install/octomap_mapping:/home/rhobtor/PHD/ARGOJ8_IA/install/octomap_server:/home/rhobtor/PHD/ARGOJ8_IA/install/octomap_rviz_plugins:/home/rhobtor/PHD/ARGOJ8_IA/install/j8_xacro_model:/home/rhobtor/PHD/ARGOJ8_IA/install/hector_gazebo_plugins:/home/rhobtor/PHD/ARGOJ8_IA/install/fixposition_sensor_pkg:/home/rhobtor/PHD/ARGOJ8_IA/install/car_cpp:/home/rhobtor/PHD/ARGOJ8_IA/install/argj801_ctl_platform:/home/rhobtor/PHD/ARGOJ8_IA/install/argj801_ctl_platform_interfaces:/home/rhobtor/packages/install/grid_map:/home/rhobtor/packages/install/grid_map_demos:/home/rhobtor/packages/install/grid_map_visualization:/home/rhobtor/packages/install/grid_map_sdf:/home/rhobtor/packages/install/grid_map_rviz_plugin:/home/rhobtor/packages/install/grid_map_pcl:/home/rhobtor/packages/install/grid_map_loader:/home/rhobtor/packages/install/grid_map_filters:/home/rhobtor/packages/install/grid_map_ros:/home/rhobtor/packages/install/grid_map_octomap:/home/rhobtor/packages/install/grid_map_msgs:/home/rhobtor/packages/install/grid_map_cv:/home/rhobtor/packages/install/grid_map_costmap_2d:/home/rhobtor/packages/install/grid_map_core:/home/rhobtor/packages/install/grid_map_cmake_helpers:/home/rhobtor/PHD/reactive/Reactive-Navegation/workspace_full_conected/install/octomap_mapping:/home/rhobtor/PHD/reactive/Reactive-Navegation/workspace_full_conected/install/octomap_server:/home/rhobtor/PHD/reactive/Reactive-Navegation/workspace_full_conected/install/octomap_rviz_plugins:/home/rhobtor/PHD/reactive/Reactive-Navegation/workspace_full_conected/install/hector_gazebo_plugins:/home/rhobtor/PHD/reactive/Reactive-Navegation/workspace_full_conected/install/car_cpp:/home/rhobtor/PHD/reactive/Reactive-Navegation/workspace_full_conected/install/car_interfaces:/home/rhobtor/PHD/ARGOJ8_IA/install/car:/home/rhobtor/PHD/reactive/Reactive-Navegation/workspace_full_conected/install/car:/opt/ros/humble LD_LIBRARY_PATH=/home/rhobtor/PHD/ARGOJ8_IA/install/car_interfaces/lib:/home/rhobtor/PHD/ARGOJ8_IA/install/octomap_server/lib:/home/rhobtor/PHD/ARGOJ8_IA/install/octomap_rviz_plugins/lib:/home/rhobtor/PHD/ARGOJ8_IA/install/j8_xacro_model/lib:/home/rhobtor/PHD/ARGOJ8_IA/install/hector_gazebo_plugins/lib:/home/rhobtor/PHD/ARGOJ8_IA/install/fixposition_sensor_pkg/lib:/home/rhobtor/PHD/ARGOJ8_IA/install/car_cpp/lib:/home/rhobtor/PHD/ARGOJ8_IA/install/argj801_ctl_platform_interfaces/lib:/home/rhobtor/packages/install/grid_map_demos/lib:/home/rhobtor/packages/install/grid_map_visualization/lib:/home/rhobtor/packages/install/grid_map_sdf/lib:/home/rhobtor/packages/install/grid_map_rviz_plugin/lib:/home/rhobtor/packages/install/grid_map_pcl/lib:/home/rhobtor/packages/install/grid_map_loader/lib:/home/rhobtor/packages/install/grid_map_filters/lib:/home/rhobtor/packages/install/grid_map_ros/lib:/home/rhobtor/packages/install/grid_map_octomap/lib:/home/rhobtor/packages/install/grid_map_msgs/lib:/home/rhobtor/packages/install/grid_map_cv/lib:/home/rhobtor/packages/install/grid_map_costmap_2d/lib:/home/rhobtor/packages/install/grid_map_core/lib:/home/rhobtor/PHD/reactive/Reactive-Navegation/workspace_full_conected/install/octomap_server/lib:/home/rhobtor/PHD/reactive/Reactive-Navegation/workspace_full_conected/install/octomap_rviz_plugins/lib:/home/rhobtor/PHD/reactive/Reactive-Navegation/workspace_full_conected/install/hector_gazebo_plugins/lib:/home/rhobtor/PHD/reactive/Reactive-Navegation/workspace_full_conected/install/car_cpp/lib:/home/rhobtor/PHD/reactive/Reactive-Navegation/workspace_full_conected/install/car_interfaces/lib:/usr/lib/x86_64-linux-gnu/gazebo-11/plugins:/opt/ros/humble/opt/rviz_ogre_vendor/lib:/opt/ros/humble/lib/x86_64-linux-gnu:/opt/ros/humble/lib /opt/st/stm32cubeclt_1.18.0/CMake/bin/cmake --build /home/rhobtor/PHD/ARGOJ8_IA/build/car_cpp -- -j16 -l16
[2.402s] Level 1:colcon.colcon_core.environment:create_environment_scripts_only(argj801_ctl_platform_interfaces)
[2.402s] Level 1:colcon.colcon_core.environment:checking '/home/rhobtor/PHD/ARGOJ8_IA/install/argj801_ctl_platform_interfaces' for CMake module files
[2.403s] DEBUG:colcon.colcon_core.event_handler.log_command:Invoked command in '/home/rhobtor/PHD/ARGOJ8_IA/build/argj801_ctl_platform_interfaces' returned '0': CMAKE_PREFIX_PATH=${CMAKE_PREFIX_PATH}:/home/rhobtor/PHD/ARGOJ8_IA/install/car:/home/rhobtor/PHD/reactive/Reactive-Navegation/workspace_full_conected/install/car:/opt/ros/humble /opt/st/stm32cubeclt_1.18.0/CMake/bin/cmake --install /home/rhobtor/PHD/ARGOJ8_IA/build/argj801_ctl_platform_interfaces
[2.405s] Level 1:colcon.colcon_core.environment:checking '/home/rhobtor/PHD/ARGOJ8_IA/install/argj801_ctl_platform_interfaces' for CMake config files
[2.405s] Level 1:colcon.colcon_core.shell:create_environment_hook('argj801_ctl_platform_interfaces', 'cmake_prefix_path')
[2.405s] INFO:colcon.colcon_core.shell:Creating environment hook '/home/rhobtor/PHD/ARGOJ8_IA/install/argj801_ctl_platform_interfaces/share/argj801_ctl_platform_interfaces/hook/cmake_prefix_path.ps1'
[2.406s] INFO:colcon.colcon_core.shell:Creating environment descriptor '/home/rhobtor/PHD/ARGOJ8_IA/install/argj801_ctl_platform_interfaces/share/argj801_ctl_platform_interfaces/hook/cmake_prefix_path.dsv'
[2.408s] INFO:colcon.colcon_core.shell:Creating environment hook '/home/rhobtor/PHD/ARGOJ8_IA/install/argj801_ctl_platform_interfaces/share/argj801_ctl_platform_interfaces/hook/cmake_prefix_path.sh'
[2.409s] Level 1:colcon.colcon_core.environment:checking '/home/rhobtor/PHD/ARGOJ8_IA/install/argj801_ctl_platform_interfaces/lib'
[2.410s] Level 1:colcon.colcon_core.shell:create_environment_hook('argj801_ctl_platform_interfaces', 'ld_library_path_lib')
[2.410s] INFO:colcon.colcon_core.shell:Creating environment hook '/home/rhobtor/PHD/ARGOJ8_IA/install/argj801_ctl_platform_interfaces/share/argj801_ctl_platform_interfaces/hook/ld_library_path_lib.ps1'
[2.413s] INFO:colcon.colcon_core.shell:Creating environment descriptor '/home/rhobtor/PHD/ARGOJ8_IA/install/argj801_ctl_platform_interfaces/share/argj801_ctl_platform_interfaces/hook/ld_library_path_lib.dsv'
[2.414s] INFO:colcon.colcon_core.shell:Creating environment hook '/home/rhobtor/PHD/ARGOJ8_IA/install/argj801_ctl_platform_interfaces/share/argj801_ctl_platform_interfaces/hook/ld_library_path_lib.sh'
[2.415s] Level 1:colcon.colcon_core.environment:checking '/home/rhobtor/PHD/ARGOJ8_IA/install/argj801_ctl_platform_interfaces/bin'
[2.415s] Level 1:colcon.colcon_core.environment:checking '/home/rhobtor/PHD/ARGOJ8_IA/install/argj801_ctl_platform_interfaces/lib/pkgconfig/argj801_ctl_platform_interfaces.pc'
[2.415s] Level 1:colcon.colcon_core.environment:checking '/home/rhobtor/PHD/ARGOJ8_IA/install/argj801_ctl_platform_interfaces/lib/python3.10/site-packages'
[2.416s] Level 1:colcon.colcon_core.environment:checking '/home/rhobtor/PHD/ARGOJ8_IA/install/argj801_ctl_platform_interfaces/bin'
[2.416s] INFO:colcon.colcon_core.shell:Creating package script '/home/rhobtor/PHD/ARGOJ8_IA/install/argj801_ctl_platform_interfaces/share/argj801_ctl_platform_interfaces/package.ps1'
[2.418s] INFO:colcon.colcon_core.shell:Creating package descriptor '/home/rhobtor/PHD/ARGOJ8_IA/install/argj801_ctl_platform_interfaces/share/argj801_ctl_platform_interfaces/package.dsv'
[2.420s] INFO:colcon.colcon_core.shell:Creating package script '/home/rhobtor/PHD/ARGOJ8_IA/install/argj801_ctl_platform_interfaces/share/argj801_ctl_platform_interfaces/package.sh'
[2.420s] INFO:colcon.colcon_core.shell:Creating package script '/home/rhobtor/PHD/ARGOJ8_IA/install/argj801_ctl_platform_interfaces/share/argj801_ctl_platform_interfaces/package.bash'
[2.421s] INFO:colcon.colcon_core.shell:Creating package script '/home/rhobtor/PHD/ARGOJ8_IA/install/argj801_ctl_platform_interfaces/share/argj801_ctl_platform_interfaces/package.zsh'
[2.423s] Level 1:colcon.colcon_core.environment:create_file_with_runtime_dependencies(/home/rhobtor/PHD/ARGOJ8_IA/install/argj801_ctl_platform_interfaces/share/colcon-core/packages/argj801_ctl_platform_interfaces)
[2.424s] Level 1:colcon.colcon_core.environment:create_environment_scripts_only(argj801_ctl_platform_interfaces)
[2.424s] Level 1:colcon.colcon_core.environment:checking '/home/rhobtor/PHD/ARGOJ8_IA/install/argj801_ctl_platform_interfaces' for CMake module files
[2.425s] Level 1:colcon.colcon_core.environment:checking '/home/rhobtor/PHD/ARGOJ8_IA/install/argj801_ctl_platform_interfaces' for CMake config files
[2.428s] Level 1:colcon.colcon_core.shell:create_environment_hook('argj801_ctl_platform_interfaces', 'cmake_prefix_path')
[2.428s] INFO:colcon.colcon_core.shell:Creating environment hook '/home/rhobtor/PHD/ARGOJ8_IA/install/argj801_ctl_platform_interfaces/share/argj801_ctl_platform_interfaces/hook/cmake_prefix_path.ps1'
[2.429s] INFO:colcon.colcon_core.shell:Creating environment descriptor '/home/rhobtor/PHD/ARGOJ8_IA/install/argj801_ctl_platform_interfaces/share/argj801_ctl_platform_interfaces/hook/cmake_prefix_path.dsv'
[2.430s] INFO:colcon.colcon_core.shell:Creating environment hook '/home/rhobtor/PHD/ARGOJ8_IA/install/argj801_ctl_platform_interfaces/share/argj801_ctl_platform_interfaces/hook/cmake_prefix_path.sh'
[2.432s] Level 1:colcon.colcon_core.environment:checking '/home/rhobtor/PHD/ARGOJ8_IA/install/argj801_ctl_platform_interfaces/lib'
[2.432s] Level 1:colcon.colcon_core.shell:create_environment_hook('argj801_ctl_platform_interfaces', 'ld_library_path_lib')
[2.433s] INFO:colcon.colcon_core.shell:Creating environment hook '/home/rhobtor/PHD/ARGOJ8_IA/install/argj801_ctl_platform_interfaces/share/argj801_ctl_platform_interfaces/hook/ld_library_path_lib.ps1'
[2.433s] INFO:colcon.colcon_core.shell:Creating environment descriptor '/home/rhobtor/PHD/ARGOJ8_IA/install/argj801_ctl_platform_interfaces/share/argj801_ctl_platform_interfaces/hook/ld_library_path_lib.dsv'
[2.434s] INFO:colcon.colcon_core.shell:Creating environment hook '/home/rhobtor/PHD/ARGOJ8_IA/install/argj801_ctl_platform_interfaces/share/argj801_ctl_platform_interfaces/hook/ld_library_path_lib.sh'
[2.434s] Level 1:colcon.colcon_core.environment:checking '/home/rhobtor/PHD/ARGOJ8_IA/install/argj801_ctl_platform_interfaces/bin'
[2.434s] Level 1:colcon.colcon_core.environment:checking '/home/rhobtor/PHD/ARGOJ8_IA/install/argj801_ctl_platform_interfaces/lib/pkgconfig/argj801_ctl_platform_interfaces.pc'
[2.434s] Level 1:colcon.colcon_core.environment:checking '/home/rhobtor/PHD/ARGOJ8_IA/install/argj801_ctl_platform_interfaces/lib/python3.10/site-packages'
[2.435s] Level 1:colcon.colcon_core.environment:checking '/home/rhobtor/PHD/ARGOJ8_IA/install/argj801_ctl_platform_interfaces/bin'
[2.435s] INFO:colcon.colcon_core.shell:Creating package script '/home/rhobtor/PHD/ARGOJ8_IA/install/argj801_ctl_platform_interfaces/share/argj801_ctl_platform_interfaces/package.ps1'
[2.437s] INFO:colcon.colcon_core.shell:Creating package descriptor '/home/rhobtor/PHD/ARGOJ8_IA/install/argj801_ctl_platform_interfaces/share/argj801_ctl_platform_interfaces/package.dsv'
[2.440s] INFO:colcon.colcon_core.shell:Creating package script '/home/rhobtor/PHD/ARGOJ8_IA/install/argj801_ctl_platform_interfaces/share/argj801_ctl_platform_interfaces/package.sh'
[2.441s] INFO:colcon.colcon_core.shell:Creating package script '/home/rhobtor/PHD/ARGOJ8_IA/install/argj801_ctl_platform_interfaces/share/argj801_ctl_platform_interfaces/package.bash'
[2.443s] INFO:colcon.colcon_core.shell:Creating package script '/home/rhobtor/PHD/ARGOJ8_IA/install/argj801_ctl_platform_interfaces/share/argj801_ctl_platform_interfaces/package.zsh'
[2.445s] Level 1:colcon.colcon_core.environment:create_file_with_runtime_dependencies(/home/rhobtor/PHD/ARGOJ8_IA/install/argj801_ctl_platform_interfaces/share/colcon-core/packages/argj801_ctl_platform_interfaces)
[2.447s] INFO:colcon.colcon_ros.task.ament_cmake.build:Building ROS package in '/home/rhobtor/PHD/ARGOJ8_IA/src/argj801_ctl_platform/argj801_ctl_platform' with build type 'ament_cmake'
[2.447s] INFO:colcon.colcon_cmake.task.cmake.build:Building CMake package in '/home/rhobtor/PHD/ARGOJ8_IA/src/argj801_ctl_platform/argj801_ctl_platform'
[2.447s] INFO:colcon.colcon_core.shell:Skip shell extension 'powershell' for command environment: Not usable outside of PowerShell
[2.447s] DEBUG:colcon.colcon_core.shell:Skip shell extension 'dsv' for command environment
[2.537s] DEBUG:colcon.colcon_core.event_handler.log_command:Invoking command in '/home/rhobtor/PHD/ARGOJ8_IA/build/argj801_ctl_platform': CMAKE_PREFIX_PATH=/home/rhobtor/PHD/ARGOJ8_IA/install/argj801_ctl_platform_interfaces:/home/rhobtor/PHD/ARGOJ8_IA/install/octomap_mapping:/home/rhobtor/PHD/ARGOJ8_IA/install/octomap_server:/home/rhobtor/PHD/ARGOJ8_IA/install/octomap_rviz_plugins:/home/rhobtor/PHD/ARGOJ8_IA/install/j8_xacro_model:/home/rhobtor/PHD/ARGOJ8_IA/install/hector_gazebo_plugins:/home/rhobtor/PHD/ARGOJ8_IA/install/fixposition_sensor_pkg:/home/rhobtor/PHD/ARGOJ8_IA/install/car_cpp:/home/rhobtor/PHD/ARGOJ8_IA/install/car_interfaces:/home/rhobtor/PHD/ARGOJ8_IA/install/argj801_ctl_platform:/home/rhobtor/packages/install/grid_map:/home/rhobtor/packages/install/grid_map_demos:/home/rhobtor/packages/install/grid_map_visualization:/home/rhobtor/packages/install/grid_map_sdf:/home/rhobtor/packages/install/grid_map_rviz_plugin:/home/rhobtor/packages/install/grid_map_pcl:/home/rhobtor/packages/install/grid_map_loader:/home/rhobtor/packages/install/grid_map_filters:/home/rhobtor/packages/install/grid_map_ros:/home/rhobtor/packages/install/grid_map_octomap:/home/rhobtor/packages/install/grid_map_msgs:/home/rhobtor/packages/install/grid_map_cv:/home/rhobtor/packages/install/grid_map_costmap_2d:/home/rhobtor/packages/install/grid_map_core:/home/rhobtor/packages/install/grid_map_cmake_helpers:/home/rhobtor/PHD/reactive/Reactive-Navegation/workspace_full_conected/install/octomap_mapping:/home/rhobtor/PHD/reactive/Reactive-Navegation/workspace_full_conected/install/octomap_server:/home/rhobtor/PHD/reactive/Reactive-Navegation/workspace_full_conected/install/octomap_rviz_plugins:/home/rhobtor/PHD/reactive/Reactive-Navegation/workspace_full_conected/install/hector_gazebo_plugins:/home/rhobtor/PHD/reactive/Reactive-Navegation/workspace_full_conected/install/car_cpp:/home/rhobtor/PHD/reactive/Reactive-Navegation/workspace_full_conected/install/car_interfaces:/home/rhobtor/PHD/ARGOJ8_IA/install/car:/home/rhobtor/PHD/reactive/Reactive-Navegation/workspace_full_conected/install/car:/opt/ros/humble LD_LIBRARY_PATH=/home/rhobtor/PHD/ARGOJ8_IA/install/argj801_ctl_platform_interfaces/lib:/home/rhobtor/PHD/ARGOJ8_IA/install/octomap_server/lib:/home/rhobtor/PHD/ARGOJ8_IA/install/octomap_rviz_plugins/lib:/home/rhobtor/PHD/ARGOJ8_IA/install/j8_xacro_model/lib:/home/rhobtor/PHD/ARGOJ8_IA/install/hector_gazebo_plugins/lib:/home/rhobtor/PHD/ARGOJ8_IA/install/fixposition_sensor_pkg/lib:/home/rhobtor/PHD/ARGOJ8_IA/install/car_cpp/lib:/home/rhobtor/PHD/ARGOJ8_IA/install/car_interfaces/lib:/home/rhobtor/packages/install/grid_map_demos/lib:/home/rhobtor/packages/install/grid_map_visualization/lib:/home/rhobtor/packages/install/grid_map_sdf/lib:/home/rhobtor/packages/install/grid_map_rviz_plugin/lib:/home/rhobtor/packages/install/grid_map_pcl/lib:/home/rhobtor/packages/install/grid_map_loader/lib:/home/rhobtor/packages/install/grid_map_filters/lib:/home/rhobtor/packages/install/grid_map_ros/lib:/home/rhobtor/packages/install/grid_map_octomap/lib:/home/rhobtor/packages/install/grid_map_msgs/lib:/home/rhobtor/packages/install/grid_map_cv/lib:/home/rhobtor/packages/install/grid_map_costmap_2d/lib:/home/rhobtor/packages/install/grid_map_core/lib:/home/rhobtor/PHD/reactive/Reactive-Navegation/workspace_full_conected/install/octomap_server/lib:/home/rhobtor/PHD/reactive/Reactive-Navegation/workspace_full_conected/install/octomap_rviz_plugins/lib:/home/rhobtor/PHD/reactive/Reactive-Navegation/workspace_full_conected/install/hector_gazebo_plugins/lib:/home/rhobtor/PHD/reactive/Reactive-Navegation/workspace_full_conected/install/car_cpp/lib:/home/rhobtor/PHD/reactive/Reactive-Navegation/workspace_full_conected/install/car_interfaces/lib:/usr/lib/x86_64-linux-gnu/gazebo-11/plugins:/opt/ros/humble/opt/rviz_ogre_vendor/lib:/opt/ros/humble/lib/x86_64-linux-gnu:/opt/ros/humble/lib /opt/st/stm32cubeclt_1.18.0/CMake/bin/cmake --build /home/rhobtor/PHD/ARGOJ8_IA/build/argj801_ctl_platform -- -j16 -l16
[2.553s] Level 1:colcon.colcon_core.environment:create_environment_scripts_only(hector_gazebo_plugins)
[2.553s] Level 1:colcon.colcon_core.environment:checking '/home/rhobtor/PHD/ARGOJ8_IA/install/hector_gazebo_plugins' for CMake module files
[2.555s] Level 1:colcon.colcon_core.environment:checking '/home/rhobtor/PHD/ARGOJ8_IA/install/hector_gazebo_plugins' for CMake config files
[2.555s] Level 1:colcon.colcon_core.shell:create_environment_hook('hector_gazebo_plugins', 'cmake_prefix_path')
[2.556s] INFO:colcon.colcon_core.shell:Creating environment hook '/home/rhobtor/PHD/ARGOJ8_IA/install/hector_gazebo_plugins/share/hector_gazebo_plugins/hook/cmake_prefix_path.ps1'
[2.559s] DEBUG:colcon.colcon_core.event_handler.log_command:Invoked command in '/home/rhobtor/PHD/ARGOJ8_IA/build/hector_gazebo_plugins' returned '0': CMAKE_PREFIX_PATH=${CMAKE_PREFIX_PATH}:/home/rhobtor/PHD/ARGOJ8_IA/install/car:/home/rhobtor/PHD/reactive/Reactive-Navegation/workspace_full_conected/install/car:/opt/ros/humble /opt/st/stm32cubeclt_1.18.0/CMake/bin/cmake --install /home/rhobtor/PHD/ARGOJ8_IA/build/hector_gazebo_plugins
[2.560s] INFO:colcon.colcon_core.shell:Creating environment descriptor '/home/rhobtor/PHD/ARGOJ8_IA/install/hector_gazebo_plugins/share/hector_gazebo_plugins/hook/cmake_prefix_path.dsv'
[2.561s] INFO:colcon.colcon_core.shell:Creating environment hook '/home/rhobtor/PHD/ARGOJ8_IA/install/hector_gazebo_plugins/share/hector_gazebo_plugins/hook/cmake_prefix_path.sh'
[2.562s] Level 1:colcon.colcon_core.environment:checking '/home/rhobtor/PHD/ARGOJ8_IA/install/hector_gazebo_plugins/lib'
[2.562s] Level 1:colcon.colcon_core.shell:create_environment_hook('hector_gazebo_plugins', 'ld_library_path_lib')
[2.562s] INFO:colcon.colcon_core.shell:Creating environment hook '/home/rhobtor/PHD/ARGOJ8_IA/install/hector_gazebo_plugins/share/hector_gazebo_plugins/hook/ld_library_path_lib.ps1'
[2.563s] INFO:colcon.colcon_core.shell:Creating environment descriptor '/home/rhobtor/PHD/ARGOJ8_IA/install/hector_gazebo_plugins/share/hector_gazebo_plugins/hook/ld_library_path_lib.dsv'
[2.563s] INFO:colcon.colcon_core.shell:Creating environment hook '/home/rhobtor/PHD/ARGOJ8_IA/install/hector_gazebo_plugins/share/hector_gazebo_plugins/hook/ld_library_path_lib.sh'
[2.564s] Level 1:colcon.colcon_core.environment:checking '/home/rhobtor/PHD/ARGOJ8_IA/install/hector_gazebo_plugins/bin'
[2.564s] Level 1:colcon.colcon_core.environment:checking '/home/rhobtor/PHD/ARGOJ8_IA/install/hector_gazebo_plugins/lib/pkgconfig/hector_gazebo_plugins.pc'
[2.565s] Level 1:colcon.colcon_core.environment:checking '/home/rhobtor/PHD/ARGOJ8_IA/install/hector_gazebo_plugins/lib/python3.10/site-packages'
[2.565s] Level 1:colcon.colcon_core.environment:checking '/home/rhobtor/PHD/ARGOJ8_IA/install/hector_gazebo_plugins/bin'
[2.566s] INFO:colcon.colcon_core.shell:Creating package script '/home/rhobtor/PHD/ARGOJ8_IA/install/hector_gazebo_plugins/share/hector_gazebo_plugins/package.ps1'
[2.567s] INFO:colcon.colcon_core.shell:Creating package descriptor '/home/rhobtor/PHD/ARGOJ8_IA/install/hector_gazebo_plugins/share/hector_gazebo_plugins/package.dsv'
[2.567s] INFO:colcon.colcon_core.shell:Creating package script '/home/rhobtor/PHD/ARGOJ8_IA/install/hector_gazebo_plugins/share/hector_gazebo_plugins/package.sh'
[2.568s] INFO:colcon.colcon_core.shell:Creating package script '/home/rhobtor/PHD/ARGOJ8_IA/install/hector_gazebo_plugins/share/hector_gazebo_plugins/package.bash'
[2.568s] INFO:colcon.colcon_core.shell:Creating package script '/home/rhobtor/PHD/ARGOJ8_IA/install/hector_gazebo_plugins/share/hector_gazebo_plugins/package.zsh'
[2.569s] Level 1:colcon.colcon_core.environment:create_file_with_runtime_dependencies(/home/rhobtor/PHD/ARGOJ8_IA/install/hector_gazebo_plugins/share/colcon-core/packages/hector_gazebo_plugins)
[2.569s] Level 1:colcon.colcon_core.environment:create_environment_scripts_only(hector_gazebo_plugins)
[2.570s] Level 1:colcon.colcon_core.environment:checking '/home/rhobtor/PHD/ARGOJ8_IA/install/hector_gazebo_plugins' for CMake module files
[2.571s] Level 1:colcon.colcon_core.environment:checking '/home/rhobtor/PHD/ARGOJ8_IA/install/hector_gazebo_plugins' for CMake config files
[2.572s] Level 1:colcon.colcon_core.shell:create_environment_hook('hector_gazebo_plugins', 'cmake_prefix_path')
[2.572s] INFO:colcon.colcon_core.shell:Creating environment hook '/home/rhobtor/PHD/ARGOJ8_IA/install/hector_gazebo_plugins/share/hector_gazebo_plugins/hook/cmake_prefix_path.ps1'
[2.573s] INFO:colcon.colcon_core.shell:Creating environment descriptor '/home/rhobtor/PHD/ARGOJ8_IA/install/hector_gazebo_plugins/share/hector_gazebo_plugins/hook/cmake_prefix_path.dsv'
[2.573s] INFO:colcon.colcon_core.shell:Creating environment hook '/home/rhobtor/PHD/ARGOJ8_IA/install/hector_gazebo_plugins/share/hector_gazebo_plugins/hook/cmake_prefix_path.sh'
[2.574s] Level 1:colcon.colcon_core.environment:checking '/home/rhobtor/PHD/ARGOJ8_IA/install/hector_gazebo_plugins/lib'
[2.574s] Level 1:colcon.colcon_core.shell:create_environment_hook('hector_gazebo_plugins', 'ld_library_path_lib')
[2.574s] INFO:colcon.colcon_core.shell:Creating environment hook '/home/rhobtor/PHD/ARGOJ8_IA/install/hector_gazebo_plugins/share/hector_gazebo_plugins/hook/ld_library_path_lib.ps1'
[2.575s] INFO:colcon.colcon_core.shell:Creating environment descriptor '/home/rhobtor/PHD/ARGOJ8_IA/install/hector_gazebo_plugins/share/hector_gazebo_plugins/hook/ld_library_path_lib.dsv'
[2.575s] INFO:colcon.colcon_core.shell:Creating environment hook '/home/rhobtor/PHD/ARGOJ8_IA/install/hector_gazebo_plugins/share/hector_gazebo_plugins/hook/ld_library_path_lib.sh'
[2.576s] Level 1:colcon.colcon_core.environment:checking '/home/rhobtor/PHD/ARGOJ8_IA/install/hector_gazebo_plugins/bin'
[2.576s] Level 1:colcon.colcon_core.environment:checking '/home/rhobtor/PHD/ARGOJ8_IA/install/hector_gazebo_plugins/lib/pkgconfig/hector_gazebo_plugins.pc'
[2.576s] Level 1:colcon.colcon_core.environment:checking '/home/rhobtor/PHD/ARGOJ8_IA/install/hector_gazebo_plugins/lib/python3.10/site-packages'
[2.576s] Level 1:colcon.colcon_core.environment:checking '/home/rhobtor/PHD/ARGOJ8_IA/install/hector_gazebo_plugins/bin'
[2.577s] INFO:colcon.colcon_core.shell:Creating package script '/home/rhobtor/PHD/ARGOJ8_IA/install/hector_gazebo_plugins/share/hector_gazebo_plugins/package.ps1'
[2.578s] INFO:colcon.colcon_core.shell:Creating package descriptor '/home/rhobtor/PHD/ARGOJ8_IA/install/hector_gazebo_plugins/share/hector_gazebo_plugins/package.dsv'
[2.586s] INFO:colcon.colcon_core.shell:Creating package script '/home/rhobtor/PHD/ARGOJ8_IA/install/hector_gazebo_plugins/share/hector_gazebo_plugins/package.sh'
[2.586s] INFO:colcon.colcon_core.shell:Creating package script '/home/rhobtor/PHD/ARGOJ8_IA/install/hector_gazebo_plugins/share/hector_gazebo_plugins/package.bash'
[2.587s] INFO:colcon.colcon_core.shell:Creating package script '/home/rhobtor/PHD/ARGOJ8_IA/install/hector_gazebo_plugins/share/hector_gazebo_plugins/package.zsh'
[2.587s] Level 1:colcon.colcon_core.environment:create_file_with_runtime_dependencies(/home/rhobtor/PHD/ARGOJ8_IA/install/hector_gazebo_plugins/share/colcon-core/packages/hector_gazebo_plugins)
[2.595s] DEBUG:colcon.colcon_core.event_handler.log_command:Invoked command in '/home/rhobtor/PHD/ARGOJ8_IA/build/car_cpp' returned '0': CMAKE_PREFIX_PATH=/home/rhobtor/PHD/ARGOJ8_IA/install/car_interfaces:/home/rhobtor/PHD/ARGOJ8_IA/install/octomap_mapping:/home/rhobtor/PHD/ARGOJ8_IA/install/octomap_server:/home/rhobtor/PHD/ARGOJ8_IA/install/octomap_rviz_plugins:/home/rhobtor/PHD/ARGOJ8_IA/install/j8_xacro_model:/home/rhobtor/PHD/ARGOJ8_IA/install/hector_gazebo_plugins:/home/rhobtor/PHD/ARGOJ8_IA/install/fixposition_sensor_pkg:/home/rhobtor/PHD/ARGOJ8_IA/install/car_cpp:/home/rhobtor/PHD/ARGOJ8_IA/install/argj801_ctl_platform:/home/rhobtor/PHD/ARGOJ8_IA/install/argj801_ctl_platform_interfaces:/home/rhobtor/packages/install/grid_map:/home/rhobtor/packages/install/grid_map_demos:/home/rhobtor/packages/install/grid_map_visualization:/home/rhobtor/packages/install/grid_map_sdf:/home/rhobtor/packages/install/grid_map_rviz_plugin:/home/rhobtor/packages/install/grid_map_pcl:/home/rhobtor/packages/install/grid_map_loader:/home/rhobtor/packages/install/grid_map_filters:/home/rhobtor/packages/install/grid_map_ros:/home/rhobtor/packages/install/grid_map_octomap:/home/rhobtor/packages/install/grid_map_msgs:/home/rhobtor/packages/install/grid_map_cv:/home/rhobtor/packages/install/grid_map_costmap_2d:/home/rhobtor/packages/install/grid_map_core:/home/rhobtor/packages/install/grid_map_cmake_helpers:/home/rhobtor/PHD/reactive/Reactive-Navegation/workspace_full_conected/install/octomap_mapping:/home/rhobtor/PHD/reactive/Reactive-Navegation/workspace_full_conected/install/octomap_server:/home/rhobtor/PHD/reactive/Reactive-Navegation/workspace_full_conected/install/octomap_rviz_plugins:/home/rhobtor/PHD/reactive/Reactive-Navegation/workspace_full_conected/install/hector_gazebo_plugins:/home/rhobtor/PHD/reactive/Reactive-Navegation/workspace_full_conected/install/car_cpp:/home/rhobtor/PHD/reactive/Reactive-Navegation/workspace_full_conected/install/car_interfaces:/home/rhobtor/PHD/ARGOJ8_IA/install/car:/home/rhobtor/PHD/reactive/Reactive-Navegation/workspace_full_conected/install/car:/opt/ros/humble LD_LIBRARY_PATH=/home/rhobtor/PHD/ARGOJ8_IA/install/car_interfaces/lib:/home/rhobtor/PHD/ARGOJ8_IA/install/octomap_server/lib:/home/rhobtor/PHD/ARGOJ8_IA/install/octomap_rviz_plugins/lib:/home/rhobtor/PHD/ARGOJ8_IA/install/j8_xacro_model/lib:/home/rhobtor/PHD/ARGOJ8_IA/install/hector_gazebo_plugins/lib:/home/rhobtor/PHD/ARGOJ8_IA/install/fixposition_sensor_pkg/lib:/home/rhobtor/PHD/ARGOJ8_IA/install/car_cpp/lib:/home/rhobtor/PHD/ARGOJ8_IA/install/argj801_ctl_platform_interfaces/lib:/home/rhobtor/packages/install/grid_map_demos/lib:/home/rhobtor/packages/install/grid_map_visualization/lib:/home/rhobtor/packages/install/grid_map_sdf/lib:/home/rhobtor/packages/install/grid_map_rviz_plugin/lib:/home/rhobtor/packages/install/grid_map_pcl/lib:/home/rhobtor/packages/install/grid_map_loader/lib:/home/rhobtor/packages/install/grid_map_filters/lib:/home/rhobtor/packages/install/grid_map_ros/lib:/home/rhobtor/packages/install/grid_map_octomap/lib:/home/rhobtor/packages/install/grid_map_msgs/lib:/home/rhobtor/packages/install/grid_map_cv/lib:/home/rhobtor/packages/install/grid_map_costmap_2d/lib:/home/rhobtor/packages/install/grid_map_core/lib:/home/rhobtor/PHD/reactive/Reactive-Navegation/workspace_full_conected/install/octomap_server/lib:/home/rhobtor/PHD/reactive/Reactive-Navegation/workspace_full_conected/install/octomap_rviz_plugins/lib:/home/rhobtor/PHD/reactive/Reactive-Navegation/workspace_full_conected/install/hector_gazebo_plugins/lib:/home/rhobtor/PHD/reactive/Reactive-Navegation/workspace_full_conected/install/car_cpp/lib:/home/rhobtor/PHD/reactive/Reactive-Navegation/workspace_full_conected/install/car_interfaces/lib:/usr/lib/x86_64-linux-gnu/gazebo-11/plugins:/opt/ros/humble/opt/rviz_ogre_vendor/lib:/opt/ros/humble/lib/x86_64-linux-gnu:/opt/ros/humble/lib /opt/st/stm32cubeclt_1.18.0/CMake/bin/cmake --build /home/rhobtor/PHD/ARGOJ8_IA/build/car_cpp -- -j16 -l16
[2.597s] DEBUG:colcon.colcon_core.event_handler.log_command:Invoking command in '/home/rhobtor/PHD/ARGOJ8_IA/build/car_cpp': CMAKE_PREFIX_PATH=/home/rhobtor/PHD/ARGOJ8_IA/install/car_interfaces:/home/rhobtor/PHD/ARGOJ8_IA/install/octomap_mapping:/home/rhobtor/PHD/ARGOJ8_IA/install/octomap_server:/home/rhobtor/PHD/ARGOJ8_IA/install/octomap_rviz_plugins:/home/rhobtor/PHD/ARGOJ8_IA/install/j8_xacro_model:/home/rhobtor/PHD/ARGOJ8_IA/install/hector_gazebo_plugins:/home/rhobtor/PHD/ARGOJ8_IA/install/fixposition_sensor_pkg:/home/rhobtor/PHD/ARGOJ8_IA/install/car_cpp:/home/rhobtor/PHD/ARGOJ8_IA/install/argj801_ctl_platform:/home/rhobtor/PHD/ARGOJ8_IA/install/argj801_ctl_platform_interfaces:/home/rhobtor/packages/install/grid_map:/home/rhobtor/packages/install/grid_map_demos:/home/rhobtor/packages/install/grid_map_visualization:/home/rhobtor/packages/install/grid_map_sdf:/home/rhobtor/packages/install/grid_map_rviz_plugin:/home/rhobtor/packages/install/grid_map_pcl:/home/rhobtor/packages/install/grid_map_loader:/home/rhobtor/packages/install/grid_map_filters:/home/rhobtor/packages/install/grid_map_ros:/home/rhobtor/packages/install/grid_map_octomap:/home/rhobtor/packages/install/grid_map_msgs:/home/rhobtor/packages/install/grid_map_cv:/home/rhobtor/packages/install/grid_map_costmap_2d:/home/rhobtor/packages/install/grid_map_core:/home/rhobtor/packages/install/grid_map_cmake_helpers:/home/rhobtor/PHD/reactive/Reactive-Navegation/workspace_full_conected/install/octomap_mapping:/home/rhobtor/PHD/reactive/Reactive-Navegation/workspace_full_conected/install/octomap_server:/home/rhobtor/PHD/reactive/Reactive-Navegation/workspace_full_conected/install/octomap_rviz_plugins:/home/rhobtor/PHD/reactive/Reactive-Navegation/workspace_full_conected/install/hector_gazebo_plugins:/home/rhobtor/PHD/reactive/Reactive-Navegation/workspace_full_conected/install/car_cpp:/home/rhobtor/PHD/reactive/Reactive-Navegation/workspace_full_conected/install/car_interfaces:/home/rhobtor/PHD/ARGOJ8_IA/install/car:/home/rhobtor/PHD/reactive/Reactive-Navegation/workspace_full_conected/install/car:/opt/ros/humble LD_LIBRARY_PATH=/home/rhobtor/PHD/ARGOJ8_IA/install/car_interfaces/lib:/home/rhobtor/PHD/ARGOJ8_IA/install/octomap_server/lib:/home/rhobtor/PHD/ARGOJ8_IA/install/octomap_rviz_plugins/lib:/home/rhobtor/PHD/ARGOJ8_IA/install/j8_xacro_model/lib:/home/rhobtor/PHD/ARGOJ8_IA/install/hector_gazebo_plugins/lib:/home/rhobtor/PHD/ARGOJ8_IA/install/fixposition_sensor_pkg/lib:/home/rhobtor/PHD/ARGOJ8_IA/install/car_cpp/lib:/home/rhobtor/PHD/ARGOJ8_IA/install/argj801_ctl_platform_interfaces/lib:/home/rhobtor/packages/install/grid_map_demos/lib:/home/rhobtor/packages/install/grid_map_visualization/lib:/home/rhobtor/packages/install/grid_map_sdf/lib:/home/rhobtor/packages/install/grid_map_rviz_plugin/lib:/home/rhobtor/packages/install/grid_map_pcl/lib:/home/rhobtor/packages/install/grid_map_loader/lib:/home/rhobtor/packages/install/grid_map_filters/lib:/home/rhobtor/packages/install/grid_map_ros/lib:/home/rhobtor/packages/install/grid_map_octomap/lib:/home/rhobtor/packages/install/grid_map_msgs/lib:/home/rhobtor/packages/install/grid_map_cv/lib:/home/rhobtor/packages/install/grid_map_costmap_2d/lib:/home/rhobtor/packages/install/grid_map_core/lib:/home/rhobtor/PHD/reactive/Reactive-Navegation/workspace_full_conected/install/octomap_server/lib:/home/rhobtor/PHD/reactive/Reactive-Navegation/workspace_full_conected/install/octomap_rviz_plugins/lib:/home/rhobtor/PHD/reactive/Reactive-Navegation/workspace_full_conected/install/hector_gazebo_plugins/lib:/home/rhobtor/PHD/reactive/Reactive-Navegation/workspace_full_conected/install/car_cpp/lib:/home/rhobtor/PHD/reactive/Reactive-Navegation/workspace_full_conected/install/car_interfaces/lib:/usr/lib/x86_64-linux-gnu/gazebo-11/plugins:/opt/ros/humble/opt/rviz_ogre_vendor/lib:/opt/ros/humble/lib/x86_64-linux-gnu:/opt/ros/humble/lib /opt/st/stm32cubeclt_1.18.0/CMake/bin/cmake --install /home/rhobtor/PHD/ARGOJ8_IA/build/car_cpp
[2.598s] DEBUG:colcon.colcon_core.event_handler.log_command:Invoked command in '/home/rhobtor/PHD/ARGOJ8_IA/build/octomap_server' returned '0': CMAKE_PREFIX_PATH=/home/rhobtor/PHD/ARGOJ8_IA/install/car_interfaces:/home/rhobtor/PHD/ARGOJ8_IA/install/octomap_mapping:/home/rhobtor/PHD/ARGOJ8_IA/install/octomap_server:/home/rhobtor/PHD/ARGOJ8_IA/install/octomap_rviz_plugins:/home/rhobtor/PHD/ARGOJ8_IA/install/j8_xacro_model:/home/rhobtor/PHD/ARGOJ8_IA/install/hector_gazebo_plugins:/home/rhobtor/PHD/ARGOJ8_IA/install/fixposition_sensor_pkg:/home/rhobtor/PHD/ARGOJ8_IA/install/car_cpp:/home/rhobtor/PHD/ARGOJ8_IA/install/argj801_ctl_platform:/home/rhobtor/PHD/ARGOJ8_IA/install/argj801_ctl_platform_interfaces:/home/rhobtor/packages/install/grid_map:/home/rhobtor/packages/install/grid_map_demos:/home/rhobtor/packages/install/grid_map_visualization:/home/rhobtor/packages/install/grid_map_sdf:/home/rhobtor/packages/install/grid_map_rviz_plugin:/home/rhobtor/packages/install/grid_map_pcl:/home/rhobtor/packages/install/grid_map_loader:/home/rhobtor/packages/install/grid_map_filters:/home/rhobtor/packages/install/grid_map_ros:/home/rhobtor/packages/install/grid_map_octomap:/home/rhobtor/packages/install/grid_map_msgs:/home/rhobtor/packages/install/grid_map_cv:/home/rhobtor/packages/install/grid_map_costmap_2d:/home/rhobtor/packages/install/grid_map_core:/home/rhobtor/packages/install/grid_map_cmake_helpers:/home/rhobtor/PHD/reactive/Reactive-Navegation/workspace_full_conected/install/octomap_mapping:/home/rhobtor/PHD/reactive/Reactive-Navegation/workspace_full_conected/install/octomap_server:/home/rhobtor/PHD/reactive/Reactive-Navegation/workspace_full_conected/install/octomap_rviz_plugins:/home/rhobtor/PHD/reactive/Reactive-Navegation/workspace_full_conected/install/hector_gazebo_plugins:/home/rhobtor/PHD/reactive/Reactive-Navegation/workspace_full_conected/install/car_cpp:/home/rhobtor/PHD/reactive/Reactive-Navegation/workspace_full_conected/install/car_interfaces:/home/rhobtor/PHD/ARGOJ8_IA/install/car:/home/rhobtor/PHD/reactive/Reactive-Navegation/workspace_full_conected/install/car:/opt/ros/humble LD_LIBRARY_PATH=/home/rhobtor/PHD/ARGOJ8_IA/install/car_interfaces/lib:/home/rhobtor/PHD/ARGOJ8_IA/install/octomap_server/lib:/home/rhobtor/PHD/ARGOJ8_IA/install/octomap_rviz_plugins/lib:/home/rhobtor/PHD/ARGOJ8_IA/install/j8_xacro_model/lib:/home/rhobtor/PHD/ARGOJ8_IA/install/hector_gazebo_plugins/lib:/home/rhobtor/PHD/ARGOJ8_IA/install/fixposition_sensor_pkg/lib:/home/rhobtor/PHD/ARGOJ8_IA/install/car_cpp/lib:/home/rhobtor/PHD/ARGOJ8_IA/install/argj801_ctl_platform_interfaces/lib:/home/rhobtor/packages/install/grid_map_demos/lib:/home/rhobtor/packages/install/grid_map_visualization/lib:/home/rhobtor/packages/install/grid_map_sdf/lib:/home/rhobtor/packages/install/grid_map_rviz_plugin/lib:/home/rhobtor/packages/install/grid_map_pcl/lib:/home/rhobtor/packages/install/grid_map_loader/lib:/home/rhobtor/packages/install/grid_map_filters/lib:/home/rhobtor/packages/install/grid_map_ros/lib:/home/rhobtor/packages/install/grid_map_octomap/lib:/home/rhobtor/packages/install/grid_map_msgs/lib:/home/rhobtor/packages/install/grid_map_cv/lib:/home/rhobtor/packages/install/grid_map_costmap_2d/lib:/home/rhobtor/packages/install/grid_map_core/lib:/home/rhobtor/PHD/reactive/Reactive-Navegation/workspace_full_conected/install/octomap_server/lib:/home/rhobtor/PHD/reactive/Reactive-Navegation/workspace_full_conected/install/octomap_rviz_plugins/lib:/home/rhobtor/PHD/reactive/Reactive-Navegation/workspace_full_conected/install/hector_gazebo_plugins/lib:/home/rhobtor/PHD/reactive/Reactive-Navegation/workspace_full_conected/install/car_cpp/lib:/home/rhobtor/PHD/reactive/Reactive-Navegation/workspace_full_conected/install/car_interfaces/lib:/usr/lib/x86_64-linux-gnu/gazebo-11/plugins:/opt/ros/humble/opt/rviz_ogre_vendor/lib:/opt/ros/humble/lib/x86_64-linux-gnu:/opt/ros/humble/lib /opt/st/stm32cubeclt_1.18.0/CMake/bin/cmake --build /home/rhobtor/PHD/ARGOJ8_IA/build/octomap_server -- -j16 -l16
[2.598s] DEBUG:colcon.colcon_core.event_handler.log_command:Invoking command in '/home/rhobtor/PHD/ARGOJ8_IA/build/octomap_server': CMAKE_PREFIX_PATH=/home/rhobtor/PHD/ARGOJ8_IA/install/car_interfaces:/home/rhobtor/PHD/ARGOJ8_IA/install/octomap_mapping:/home/rhobtor/PHD/ARGOJ8_IA/install/octomap_server:/home/rhobtor/PHD/ARGOJ8_IA/install/octomap_rviz_plugins:/home/rhobtor/PHD/ARGOJ8_IA/install/j8_xacro_model:/home/rhobtor/PHD/ARGOJ8_IA/install/hector_gazebo_plugins:/home/rhobtor/PHD/ARGOJ8_IA/install/fixposition_sensor_pkg:/home/rhobtor/PHD/ARGOJ8_IA/install/car_cpp:/home/rhobtor/PHD/ARGOJ8_IA/install/argj801_ctl_platform:/home/rhobtor/PHD/ARGOJ8_IA/install/argj801_ctl_platform_interfaces:/home/rhobtor/packages/install/grid_map:/home/rhobtor/packages/install/grid_map_demos:/home/rhobtor/packages/install/grid_map_visualization:/home/rhobtor/packages/install/grid_map_sdf:/home/rhobtor/packages/install/grid_map_rviz_plugin:/home/rhobtor/packages/install/grid_map_pcl:/home/rhobtor/packages/install/grid_map_loader:/home/rhobtor/packages/install/grid_map_filters:/home/rhobtor/packages/install/grid_map_ros:/home/rhobtor/packages/install/grid_map_octomap:/home/rhobtor/packages/install/grid_map_msgs:/home/rhobtor/packages/install/grid_map_cv:/home/rhobtor/packages/install/grid_map_costmap_2d:/home/rhobtor/packages/install/grid_map_core:/home/rhobtor/packages/install/grid_map_cmake_helpers:/home/rhobtor/PHD/reactive/Reactive-Navegation/workspace_full_conected/install/octomap_mapping:/home/rhobtor/PHD/reactive/Reactive-Navegation/workspace_full_conected/install/octomap_server:/home/rhobtor/PHD/reactive/Reactive-Navegation/workspace_full_conected/install/octomap_rviz_plugins:/home/rhobtor/PHD/reactive/Reactive-Navegation/workspace_full_conected/install/hector_gazebo_plugins:/home/rhobtor/PHD/reactive/Reactive-Navegation/workspace_full_conected/install/car_cpp:/home/rhobtor/PHD/reactive/Reactive-Navegation/workspace_full_conected/install/car_interfaces:/home/rhobtor/PHD/ARGOJ8_IA/install/car:/home/rhobtor/PHD/reactive/Reactive-Navegation/workspace_full_conected/install/car:/opt/ros/humble LD_LIBRARY_PATH=/home/rhobtor/PHD/ARGOJ8_IA/install/car_interfaces/lib:/home/rhobtor/PHD/ARGOJ8_IA/install/octomap_server/lib:/home/rhobtor/PHD/ARGOJ8_IA/install/octomap_rviz_plugins/lib:/home/rhobtor/PHD/ARGOJ8_IA/install/j8_xacro_model/lib:/home/rhobtor/PHD/ARGOJ8_IA/install/hector_gazebo_plugins/lib:/home/rhobtor/PHD/ARGOJ8_IA/install/fixposition_sensor_pkg/lib:/home/rhobtor/PHD/ARGOJ8_IA/install/car_cpp/lib:/home/rhobtor/PHD/ARGOJ8_IA/install/argj801_ctl_platform_interfaces/lib:/home/rhobtor/packages/install/grid_map_demos/lib:/home/rhobtor/packages/install/grid_map_visualization/lib:/home/rhobtor/packages/install/grid_map_sdf/lib:/home/rhobtor/packages/install/grid_map_rviz_plugin/lib:/home/rhobtor/packages/install/grid_map_pcl/lib:/home/rhobtor/packages/install/grid_map_loader/lib:/home/rhobtor/packages/install/grid_map_filters/lib:/home/rhobtor/packages/install/grid_map_ros/lib:/home/rhobtor/packages/install/grid_map_octomap/lib:/home/rhobtor/packages/install/grid_map_msgs/lib:/home/rhobtor/packages/install/grid_map_cv/lib:/home/rhobtor/packages/install/grid_map_costmap_2d/lib:/home/rhobtor/packages/install/grid_map_core/lib:/home/rhobtor/PHD/reactive/Reactive-Navegation/workspace_full_conected/install/octomap_server/lib:/home/rhobtor/PHD/reactive/Reactive-Navegation/workspace_full_conected/install/octomap_rviz_plugins/lib:/home/rhobtor/PHD/reactive/Reactive-Navegation/workspace_full_conected/install/hector_gazebo_plugins/lib:/home/rhobtor/PHD/reactive/Reactive-Navegation/workspace_full_conected/install/car_cpp/lib:/home/rhobtor/PHD/reactive/Reactive-Navegation/workspace_full_conected/install/car_interfaces/lib:/usr/lib/x86_64-linux-gnu/gazebo-11/plugins:/opt/ros/humble/opt/rviz_ogre_vendor/lib:/opt/ros/humble/lib/x86_64-linux-gnu:/opt/ros/humble/lib /opt/st/stm32cubeclt_1.18.0/CMake/bin/cmake --install /home/rhobtor/PHD/ARGOJ8_IA/build/octomap_server
[2.620s] Level 1:colcon.colcon_core.environment:create_environment_scripts_only(car_cpp)
[2.620s] Level 1:colcon.colcon_core.environment:checking '/home/rhobtor/PHD/ARGOJ8_IA/install/car_cpp' for CMake module files
[2.621s] DEBUG:colcon.colcon_core.event_handler.log_command:Invoked command in '/home/rhobtor/PHD/ARGOJ8_IA/build/car_cpp' returned '0': CMAKE_PREFIX_PATH=/home/rhobtor/PHD/ARGOJ8_IA/install/car_interfaces:/home/rhobtor/PHD/ARGOJ8_IA/install/octomap_mapping:/home/rhobtor/PHD/ARGOJ8_IA/install/octomap_server:/home/rhobtor/PHD/ARGOJ8_IA/install/octomap_rviz_plugins:/home/rhobtor/PHD/ARGOJ8_IA/install/j8_xacro_model:/home/rhobtor/PHD/ARGOJ8_IA/install/hector_gazebo_plugins:/home/rhobtor/PHD/ARGOJ8_IA/install/fixposition_sensor_pkg:/home/rhobtor/PHD/ARGOJ8_IA/install/car_cpp:/home/rhobtor/PHD/ARGOJ8_IA/install/argj801_ctl_platform:/home/rhobtor/PHD/ARGOJ8_IA/install/argj801_ctl_platform_interfaces:/home/rhobtor/packages/install/grid_map:/home/rhobtor/packages/install/grid_map_demos:/home/rhobtor/packages/install/grid_map_visualization:/home/rhobtor/packages/install/grid_map_sdf:/home/rhobtor/packages/install/grid_map_rviz_plugin:/home/rhobtor/packages/install/grid_map_pcl:/home/rhobtor/packages/install/grid_map_loader:/home/rhobtor/packages/install/grid_map_filters:/home/rhobtor/packages/install/grid_map_ros:/home/rhobtor/packages/install/grid_map_octomap:/home/rhobtor/packages/install/grid_map_msgs:/home/rhobtor/packages/install/grid_map_cv:/home/rhobtor/packages/install/grid_map_costmap_2d:/home/rhobtor/packages/install/grid_map_core:/home/rhobtor/packages/install/grid_map_cmake_helpers:/home/rhobtor/PHD/reactive/Reactive-Navegation/workspace_full_conected/install/octomap_mapping:/home/rhobtor/PHD/reactive/Reactive-Navegation/workspace_full_conected/install/octomap_server:/home/rhobtor/PHD/reactive/Reactive-Navegation/workspace_full_conected/install/octomap_rviz_plugins:/home/rhobtor/PHD/reactive/Reactive-Navegation/workspace_full_conected/install/hector_gazebo_plugins:/home/rhobtor/PHD/reactive/Reactive-Navegation/workspace_full_conected/install/car_cpp:/home/rhobtor/PHD/reactive/Reactive-Navegation/workspace_full_conected/install/car_interfaces:/home/rhobtor/PHD/ARGOJ8_IA/install/car:/home/rhobtor/PHD/reactive/Reactive-Navegation/workspace_full_conected/install/car:/opt/ros/humble LD_LIBRARY_PATH=/home/rhobtor/PHD/ARGOJ8_IA/install/car_interfaces/lib:/home/rhobtor/PHD/ARGOJ8_IA/install/octomap_server/lib:/home/rhobtor/PHD/ARGOJ8_IA/install/octomap_rviz_plugins/lib:/home/rhobtor/PHD/ARGOJ8_IA/install/j8_xacro_model/lib:/home/rhobtor/PHD/ARGOJ8_IA/install/hector_gazebo_plugins/lib:/home/rhobtor/PHD/ARGOJ8_IA/install/fixposition_sensor_pkg/lib:/home/rhobtor/PHD/ARGOJ8_IA/install/car_cpp/lib:/home/rhobtor/PHD/ARGOJ8_IA/install/argj801_ctl_platform_interfaces/lib:/home/rhobtor/packages/install/grid_map_demos/lib:/home/rhobtor/packages/install/grid_map_visualization/lib:/home/rhobtor/packages/install/grid_map_sdf/lib:/home/rhobtor/packages/install/grid_map_rviz_plugin/lib:/home/rhobtor/packages/install/grid_map_pcl/lib:/home/rhobtor/packages/install/grid_map_loader/lib:/home/rhobtor/packages/install/grid_map_filters/lib:/home/rhobtor/packages/install/grid_map_ros/lib:/home/rhobtor/packages/install/grid_map_octomap/lib:/home/rhobtor/packages/install/grid_map_msgs/lib:/home/rhobtor/packages/install/grid_map_cv/lib:/home/rhobtor/packages/install/grid_map_costmap_2d/lib:/home/rhobtor/packages/install/grid_map_core/lib:/home/rhobtor/PHD/reactive/Reactive-Navegation/workspace_full_conected/install/octomap_server/lib:/home/rhobtor/PHD/reactive/Reactive-Navegation/workspace_full_conected/install/octomap_rviz_plugins/lib:/home/rhobtor/PHD/reactive/Reactive-Navegation/workspace_full_conected/install/hector_gazebo_plugins/lib:/home/rhobtor/PHD/reactive/Reactive-Navegation/workspace_full_conected/install/car_cpp/lib:/home/rhobtor/PHD/reactive/Reactive-Navegation/workspace_full_conected/install/car_interfaces/lib:/usr/lib/x86_64-linux-gnu/gazebo-11/plugins:/opt/ros/humble/opt/rviz_ogre_vendor/lib:/opt/ros/humble/lib/x86_64-linux-gnu:/opt/ros/humble/lib /opt/st/stm32cubeclt_1.18.0/CMake/bin/cmake --install /home/rhobtor/PHD/ARGOJ8_IA/build/car_cpp
[2.623s] Level 1:colcon.colcon_core.environment:checking '/home/rhobtor/PHD/ARGOJ8_IA/install/car_cpp' for CMake config files
[2.623s] Level 1:colcon.colcon_core.shell:create_environment_hook('car_cpp', 'cmake_prefix_path')
[2.624s] INFO:colcon.colcon_core.shell:Creating environment hook '/home/rhobtor/PHD/ARGOJ8_IA/install/car_cpp/share/car_cpp/hook/cmake_prefix_path.ps1'
[2.624s] INFO:colcon.colcon_core.shell:Creating environment descriptor '/home/rhobtor/PHD/ARGOJ8_IA/install/car_cpp/share/car_cpp/hook/cmake_prefix_path.dsv'
[2.626s] INFO:colcon.colcon_core.shell:Creating environment hook '/home/rhobtor/PHD/ARGOJ8_IA/install/car_cpp/share/car_cpp/hook/cmake_prefix_path.sh'
[2.627s] Level 1:colcon.colcon_core.environment:checking '/home/rhobtor/PHD/ARGOJ8_IA/install/car_cpp/lib'
[2.627s] Level 1:colcon.colcon_core.shell:create_environment_hook('car_cpp', 'ld_library_path_lib')
[2.627s] INFO:colcon.colcon_core.shell:Creating environment hook '/home/rhobtor/PHD/ARGOJ8_IA/install/car_cpp/share/car_cpp/hook/ld_library_path_lib.ps1'
[2.628s] INFO:colcon.colcon_core.shell:Creating environment descriptor '/home/rhobtor/PHD/ARGOJ8_IA/install/car_cpp/share/car_cpp/hook/ld_library_path_lib.dsv'
[2.629s] INFO:colcon.colcon_core.shell:Creating environment hook '/home/rhobtor/PHD/ARGOJ8_IA/install/car_cpp/share/car_cpp/hook/ld_library_path_lib.sh'
[2.633s] Level 1:colcon.colcon_core.environment:checking '/home/rhobtor/PHD/ARGOJ8_IA/install/car_cpp/bin'
[2.634s] Level 1:colcon.colcon_core.environment:checking '/home/rhobtor/PHD/ARGOJ8_IA/install/car_cpp/lib/pkgconfig/car_cpp.pc'
[2.636s] Level 1:colcon.colcon_core.environment:checking '/home/rhobtor/PHD/ARGOJ8_IA/install/car_cpp/lib/python3.10/site-packages'
[2.637s] Level 1:colcon.colcon_core.environment:checking '/home/rhobtor/PHD/ARGOJ8_IA/install/car_cpp/bin'
[2.637s] INFO:colcon.colcon_core.shell:Creating package script '/home/rhobtor/PHD/ARGOJ8_IA/install/car_cpp/share/car_cpp/package.ps1'
[2.638s] INFO:colcon.colcon_core.shell:Creating package descriptor '/home/rhobtor/PHD/ARGOJ8_IA/install/car_cpp/share/car_cpp/package.dsv'
[2.639s] INFO:colcon.colcon_core.shell:Creating package script '/home/rhobtor/PHD/ARGOJ8_IA/install/car_cpp/share/car_cpp/package.sh'
[2.639s] INFO:colcon.colcon_core.shell:Creating package script '/home/rhobtor/PHD/ARGOJ8_IA/install/car_cpp/share/car_cpp/package.bash'
[2.640s] INFO:colcon.colcon_core.shell:Creating package script '/home/rhobtor/PHD/ARGOJ8_IA/install/car_cpp/share/car_cpp/package.zsh'
[2.640s] Level 1:colcon.colcon_core.environment:create_file_with_runtime_dependencies(/home/rhobtor/PHD/ARGOJ8_IA/install/car_cpp/share/colcon-core/packages/car_cpp)
[2.641s] Level 1:colcon.colcon_core.environment:create_environment_scripts_only(car_cpp)
[2.641s] Level 1:colcon.colcon_core.environment:checking '/home/rhobtor/PHD/ARGOJ8_IA/install/car_cpp' for CMake module files
[2.643s] Level 1:colcon.colcon_core.environment:checking '/home/rhobtor/PHD/ARGOJ8_IA/install/car_cpp' for CMake config files
[2.643s] Level 1:colcon.colcon_core.shell:create_environment_hook('car_cpp', 'cmake_prefix_path')
[2.643s] INFO:colcon.colcon_core.shell:Creating environment hook '/home/rhobtor/PHD/ARGOJ8_IA/install/car_cpp/share/car_cpp/hook/cmake_prefix_path.ps1'
[2.644s] INFO:colcon.colcon_core.shell:Creating environment descriptor '/home/rhobtor/PHD/ARGOJ8_IA/install/car_cpp/share/car_cpp/hook/cmake_prefix_path.dsv'
[2.644s] INFO:colcon.colcon_core.shell:Creating environment hook '/home/rhobtor/PHD/ARGOJ8_IA/install/car_cpp/share/car_cpp/hook/cmake_prefix_path.sh'
[2.645s] Level 1:colcon.colcon_core.environment:checking '/home/rhobtor/PHD/ARGOJ8_IA/install/car_cpp/lib'
[2.645s] Level 1:colcon.colcon_core.shell:create_environment_hook('car_cpp', 'ld_library_path_lib')
[2.645s] INFO:colcon.colcon_core.shell:Creating environment hook '/home/rhobtor/PHD/ARGOJ8_IA/install/car_cpp/share/car_cpp/hook/ld_library_path_lib.ps1'
[2.646s] INFO:colcon.colcon_core.shell:Creating environment descriptor '/home/rhobtor/PHD/ARGOJ8_IA/install/car_cpp/share/car_cpp/hook/ld_library_path_lib.dsv'
[2.646s] INFO:colcon.colcon_core.shell:Creating environment hook '/home/rhobtor/PHD/ARGOJ8_IA/install/car_cpp/share/car_cpp/hook/ld_library_path_lib.sh'
[2.647s] Level 1:colcon.colcon_core.environment:checking '/home/rhobtor/PHD/ARGOJ8_IA/install/car_cpp/bin'
[2.647s] Level 1:colcon.colcon_core.environment:checking '/home/rhobtor/PHD/ARGOJ8_IA/install/car_cpp/lib/pkgconfig/car_cpp.pc'
[2.647s] Level 1:colcon.colcon_core.environment:checking '/home/rhobtor/PHD/ARGOJ8_IA/install/car_cpp/lib/python3.10/site-packages'
[2.647s] Level 1:colcon.colcon_core.environment:checking '/home/rhobtor/PHD/ARGOJ8_IA/install/car_cpp/bin'
[2.648s] INFO:colcon.colcon_core.shell:Creating package script '/home/rhobtor/PHD/ARGOJ8_IA/install/car_cpp/share/car_cpp/package.ps1'
[2.649s] INFO:colcon.colcon_core.shell:Creating package descriptor '/home/rhobtor/PHD/ARGOJ8_IA/install/car_cpp/share/car_cpp/package.dsv'
[2.649s] INFO:colcon.colcon_core.shell:Creating package script '/home/rhobtor/PHD/ARGOJ8_IA/install/car_cpp/share/car_cpp/package.sh'
[2.650s] INFO:colcon.colcon_core.shell:Creating package script '/home/rhobtor/PHD/ARGOJ8_IA/install/car_cpp/share/car_cpp/package.bash'
[2.650s] INFO:colcon.colcon_core.shell:Creating package script '/home/rhobtor/PHD/ARGOJ8_IA/install/car_cpp/share/car_cpp/package.zsh'
[2.650s] Level 1:colcon.colcon_core.environment:create_file_with_runtime_dependencies(/home/rhobtor/PHD/ARGOJ8_IA/install/car_cpp/share/colcon-core/packages/car_cpp)
[2.653s] Level 1:colcon.colcon_core.environment:create_environment_scripts_only(octomap_server)
[2.653s] Level 1:colcon.colcon_core.environment:checking '/home/rhobtor/PHD/ARGOJ8_IA/install/octomap_server' for CMake module files
[2.654s] DEBUG:colcon.colcon_core.event_handler.log_command:Invoked command in '/home/rhobtor/PHD/ARGOJ8_IA/build/octomap_server' returned '0': CMAKE_PREFIX_PATH=/home/rhobtor/PHD/ARGOJ8_IA/install/car_interfaces:/home/rhobtor/PHD/ARGOJ8_IA/install/octomap_mapping:/home/rhobtor/PHD/ARGOJ8_IA/install/octomap_server:/home/rhobtor/PHD/ARGOJ8_IA/install/octomap_rviz_plugins:/home/rhobtor/PHD/ARGOJ8_IA/install/j8_xacro_model:/home/rhobtor/PHD/ARGOJ8_IA/install/hector_gazebo_plugins:/home/rhobtor/PHD/ARGOJ8_IA/install/fixposition_sensor_pkg:/home/rhobtor/PHD/ARGOJ8_IA/install/car_cpp:/home/rhobtor/PHD/ARGOJ8_IA/install/argj801_ctl_platform:/home/rhobtor/PHD/ARGOJ8_IA/install/argj801_ctl_platform_interfaces:/home/rhobtor/packages/install/grid_map:/home/rhobtor/packages/install/grid_map_demos:/home/rhobtor/packages/install/grid_map_visualization:/home/rhobtor/packages/install/grid_map_sdf:/home/rhobtor/packages/install/grid_map_rviz_plugin:/home/rhobtor/packages/install/grid_map_pcl:/home/rhobtor/packages/install/grid_map_loader:/home/rhobtor/packages/install/grid_map_filters:/home/rhobtor/packages/install/grid_map_ros:/home/rhobtor/packages/install/grid_map_octomap:/home/rhobtor/packages/install/grid_map_msgs:/home/rhobtor/packages/install/grid_map_cv:/home/rhobtor/packages/install/grid_map_costmap_2d:/home/rhobtor/packages/install/grid_map_core:/home/rhobtor/packages/install/grid_map_cmake_helpers:/home/rhobtor/PHD/reactive/Reactive-Navegation/workspace_full_conected/install/octomap_mapping:/home/rhobtor/PHD/reactive/Reactive-Navegation/workspace_full_conected/install/octomap_server:/home/rhobtor/PHD/reactive/Reactive-Navegation/workspace_full_conected/install/octomap_rviz_plugins:/home/rhobtor/PHD/reactive/Reactive-Navegation/workspace_full_conected/install/hector_gazebo_plugins:/home/rhobtor/PHD/reactive/Reactive-Navegation/workspace_full_conected/install/car_cpp:/home/rhobtor/PHD/reactive/Reactive-Navegation/workspace_full_conected/install/car_interfaces:/home/rhobtor/PHD/ARGOJ8_IA/install/car:/home/rhobtor/PHD/reactive/Reactive-Navegation/workspace_full_conected/install/car:/opt/ros/humble LD_LIBRARY_PATH=/home/rhobtor/PHD/ARGOJ8_IA/install/car_interfaces/lib:/home/rhobtor/PHD/ARGOJ8_IA/install/octomap_server/lib:/home/rhobtor/PHD/ARGOJ8_IA/install/octomap_rviz_plugins/lib:/home/rhobtor/PHD/ARGOJ8_IA/install/j8_xacro_model/lib:/home/rhobtor/PHD/ARGOJ8_IA/install/hector_gazebo_plugins/lib:/home/rhobtor/PHD/ARGOJ8_IA/install/fixposition_sensor_pkg/lib:/home/rhobtor/PHD/ARGOJ8_IA/install/car_cpp/lib:/home/rhobtor/PHD/ARGOJ8_IA/install/argj801_ctl_platform_interfaces/lib:/home/rhobtor/packages/install/grid_map_demos/lib:/home/rhobtor/packages/install/grid_map_visualization/lib:/home/rhobtor/packages/install/grid_map_sdf/lib:/home/rhobtor/packages/install/grid_map_rviz_plugin/lib:/home/rhobtor/packages/install/grid_map_pcl/lib:/home/rhobtor/packages/install/grid_map_loader/lib:/home/rhobtor/packages/install/grid_map_filters/lib:/home/rhobtor/packages/install/grid_map_ros/lib:/home/rhobtor/packages/install/grid_map_octomap/lib:/home/rhobtor/packages/install/grid_map_msgs/lib:/home/rhobtor/packages/install/grid_map_cv/lib:/home/rhobtor/packages/install/grid_map_costmap_2d/lib:/home/rhobtor/packages/install/grid_map_core/lib:/home/rhobtor/PHD/reactive/Reactive-Navegation/workspace_full_conected/install/octomap_server/lib:/home/rhobtor/PHD/reactive/Reactive-Navegation/workspace_full_conected/install/octomap_rviz_plugins/lib:/home/rhobtor/PHD/reactive/Reactive-Navegation/workspace_full_conected/install/hector_gazebo_plugins/lib:/home/rhobtor/PHD/reactive/Reactive-Navegation/workspace_full_conected/install/car_cpp/lib:/home/rhobtor/PHD/reactive/Reactive-Navegation/workspace_full_conected/install/car_interfaces/lib:/usr/lib/x86_64-linux-gnu/gazebo-11/plugins:/opt/ros/humble/opt/rviz_ogre_vendor/lib:/opt/ros/humble/lib/x86_64-linux-gnu:/opt/ros/humble/lib /opt/st/stm32cubeclt_1.18.0/CMake/bin/cmake --install /home/rhobtor/PHD/ARGOJ8_IA/build/octomap_server
[2.654s] Level 1:colcon.colcon_core.environment:checking '/home/rhobtor/PHD/ARGOJ8_IA/install/octomap_server' for CMake config files
[2.655s] Level 1:colcon.colcon_core.shell:create_environment_hook('octomap_server', 'cmake_prefix_path')
[2.655s] INFO:colcon.colcon_core.shell:Creating environment hook '/home/rhobtor/PHD/ARGOJ8_IA/install/octomap_server/share/octomap_server/hook/cmake_prefix_path.ps1'
[2.656s] INFO:colcon.colcon_core.shell:Creating environment descriptor '/home/rhobtor/PHD/ARGOJ8_IA/install/octomap_server/share/octomap_server/hook/cmake_prefix_path.dsv'
[2.656s] INFO:colcon.colcon_core.shell:Creating environment hook '/home/rhobtor/PHD/ARGOJ8_IA/install/octomap_server/share/octomap_server/hook/cmake_prefix_path.sh'
[2.657s] Level 1:colcon.colcon_core.environment:checking '/home/rhobtor/PHD/ARGOJ8_IA/install/octomap_server/lib'
[2.657s] Level 1:colcon.colcon_core.shell:create_environment_hook('octomap_server', 'ld_library_path_lib')
[2.657s] INFO:colcon.colcon_core.shell:Creating environment hook '/home/rhobtor/PHD/ARGOJ8_IA/install/octomap_server/share/octomap_server/hook/ld_library_path_lib.ps1'
[2.658s] INFO:colcon.colcon_core.shell:Creating environment descriptor '/home/rhobtor/PHD/ARGOJ8_IA/install/octomap_server/share/octomap_server/hook/ld_library_path_lib.dsv'
[2.658s] INFO:colcon.colcon_core.shell:Creating environment hook '/home/rhobtor/PHD/ARGOJ8_IA/install/octomap_server/share/octomap_server/hook/ld_library_path_lib.sh'
[2.658s] Level 1:colcon.colcon_core.environment:checking '/home/rhobtor/PHD/ARGOJ8_IA/install/octomap_server/bin'
[2.659s] Level 1:colcon.colcon_core.environment:checking '/home/rhobtor/PHD/ARGOJ8_IA/install/octomap_server/lib/pkgconfig/octomap_server.pc'
[2.659s] Level 1:colcon.colcon_core.environment:checking '/home/rhobtor/PHD/ARGOJ8_IA/install/octomap_server/lib/python3.10/site-packages'
[2.659s] Level 1:colcon.colcon_core.environment:checking '/home/rhobtor/PHD/ARGOJ8_IA/install/octomap_server/bin'
[2.660s] INFO:colcon.colcon_core.shell:Creating package script '/home/rhobtor/PHD/ARGOJ8_IA/install/octomap_server/share/octomap_server/package.ps1'
[2.660s] INFO:colcon.colcon_core.shell:Creating package descriptor '/home/rhobtor/PHD/ARGOJ8_IA/install/octomap_server/share/octomap_server/package.dsv'
[2.661s] INFO:colcon.colcon_core.shell:Creating package script '/home/rhobtor/PHD/ARGOJ8_IA/install/octomap_server/share/octomap_server/package.sh'
[2.661s] INFO:colcon.colcon_core.shell:Creating package script '/home/rhobtor/PHD/ARGOJ8_IA/install/octomap_server/share/octomap_server/package.bash'
[2.662s] INFO:colcon.colcon_core.shell:Creating package script '/home/rhobtor/PHD/ARGOJ8_IA/install/octomap_server/share/octomap_server/package.zsh'
[2.662s] Level 1:colcon.colcon_core.environment:create_file_with_runtime_dependencies(/home/rhobtor/PHD/ARGOJ8_IA/install/octomap_server/share/colcon-core/packages/octomap_server)
[2.663s] Level 1:colcon.colcon_core.environment:create_environment_scripts_only(octomap_server)
[2.663s] Level 1:colcon.colcon_core.environment:checking '/home/rhobtor/PHD/ARGOJ8_IA/install/octomap_server' for CMake module files
[2.664s] Level 1:colcon.colcon_core.environment:checking '/home/rhobtor/PHD/ARGOJ8_IA/install/octomap_server' for CMake config files
[2.664s] Level 1:colcon.colcon_core.shell:create_environment_hook('octomap_server', 'cmake_prefix_path')
[2.664s] INFO:colcon.colcon_core.shell:Creating environment hook '/home/rhobtor/PHD/ARGOJ8_IA/install/octomap_server/share/octomap_server/hook/cmake_prefix_path.ps1'
[2.665s] INFO:colcon.colcon_core.shell:Creating environment descriptor '/home/rhobtor/PHD/ARGOJ8_IA/install/octomap_server/share/octomap_server/hook/cmake_prefix_path.dsv'
[2.665s] INFO:colcon.colcon_core.shell:Creating environment hook '/home/rhobtor/PHD/ARGOJ8_IA/install/octomap_server/share/octomap_server/hook/cmake_prefix_path.sh'
[2.666s] Level 1:colcon.colcon_core.environment:checking '/home/rhobtor/PHD/ARGOJ8_IA/install/octomap_server/lib'
[2.666s] Level 1:colcon.colcon_core.shell:create_environment_hook('octomap_server', 'ld_library_path_lib')
[2.666s] INFO:colcon.colcon_core.shell:Creating environment hook '/home/rhobtor/PHD/ARGOJ8_IA/install/octomap_server/share/octomap_server/hook/ld_library_path_lib.ps1'
[2.667s] INFO:colcon.colcon_core.shell:Creating environment descriptor '/home/rhobtor/PHD/ARGOJ8_IA/install/octomap_server/share/octomap_server/hook/ld_library_path_lib.dsv'
[2.667s] INFO:colcon.colcon_core.shell:Creating environment hook '/home/rhobtor/PHD/ARGOJ8_IA/install/octomap_server/share/octomap_server/hook/ld_library_path_lib.sh'
[2.667s] Level 1:colcon.colcon_core.environment:checking '/home/rhobtor/PHD/ARGOJ8_IA/install/octomap_server/bin'
[2.667s] Level 1:colcon.colcon_core.environment:checking '/home/rhobtor/PHD/ARGOJ8_IA/install/octomap_server/lib/pkgconfig/octomap_server.pc'
[2.668s] Level 1:colcon.colcon_core.environment:checking '/home/rhobtor/PHD/ARGOJ8_IA/install/octomap_server/lib/python3.10/site-packages'
[2.668s] Level 1:colcon.colcon_core.environment:checking '/home/rhobtor/PHD/ARGOJ8_IA/install/octomap_server/bin'
[2.668s] INFO:colcon.colcon_core.shell:Creating package script '/home/rhobtor/PHD/ARGOJ8_IA/install/octomap_server/share/octomap_server/package.ps1'
[2.669s] INFO:colcon.colcon_core.shell:Creating package descriptor '/home/rhobtor/PHD/ARGOJ8_IA/install/octomap_server/share/octomap_server/package.dsv'
[2.670s] INFO:colcon.colcon_core.shell:Creating package script '/home/rhobtor/PHD/ARGOJ8_IA/install/octomap_server/share/octomap_server/package.sh'
[2.671s] INFO:colcon.colcon_core.shell:Creating package script '/home/rhobtor/PHD/ARGOJ8_IA/install/octomap_server/share/octomap_server/package.bash'
[2.671s] INFO:colcon.colcon_core.shell:Creating package script '/home/rhobtor/PHD/ARGOJ8_IA/install/octomap_server/share/octomap_server/package.zsh'
[2.672s] Level 1:colcon.colcon_core.environment:create_file_with_runtime_dependencies(/home/rhobtor/PHD/ARGOJ8_IA/install/octomap_server/share/colcon-core/packages/octomap_server)
[2.673s] DEBUG:colcon.colcon_core.event_handler.log_command:Invoked command in '/home/rhobtor/PHD/ARGOJ8_IA/build/argj801_ctl_platform' returned '0': CMAKE_PREFIX_PATH=/home/rhobtor/PHD/ARGOJ8_IA/install/argj801_ctl_platform_interfaces:/home/rhobtor/PHD/ARGOJ8_IA/install/octomap_mapping:/home/rhobtor/PHD/ARGOJ8_IA/install/octomap_server:/home/rhobtor/PHD/ARGOJ8_IA/install/octomap_rviz_plugins:/home/rhobtor/PHD/ARGOJ8_IA/install/j8_xacro_model:/home/rhobtor/PHD/ARGOJ8_IA/install/hector_gazebo_plugins:/home/rhobtor/PHD/ARGOJ8_IA/install/fixposition_sensor_pkg:/home/rhobtor/PHD/ARGOJ8_IA/install/car_cpp:/home/rhobtor/PHD/ARGOJ8_IA/install/car_interfaces:/home/rhobtor/PHD/ARGOJ8_IA/install/argj801_ctl_platform:/home/rhobtor/packages/install/grid_map:/home/rhobtor/packages/install/grid_map_demos:/home/rhobtor/packages/install/grid_map_visualization:/home/rhobtor/packages/install/grid_map_sdf:/home/rhobtor/packages/install/grid_map_rviz_plugin:/home/rhobtor/packages/install/grid_map_pcl:/home/rhobtor/packages/install/grid_map_loader:/home/rhobtor/packages/install/grid_map_filters:/home/rhobtor/packages/install/grid_map_ros:/home/rhobtor/packages/install/grid_map_octomap:/home/rhobtor/packages/install/grid_map_msgs:/home/rhobtor/packages/install/grid_map_cv:/home/rhobtor/packages/install/grid_map_costmap_2d:/home/rhobtor/packages/install/grid_map_core:/home/rhobtor/packages/install/grid_map_cmake_helpers:/home/rhobtor/PHD/reactive/Reactive-Navegation/workspace_full_conected/install/octomap_mapping:/home/rhobtor/PHD/reactive/Reactive-Navegation/workspace_full_conected/install/octomap_server:/home/rhobtor/PHD/reactive/Reactive-Navegation/workspace_full_conected/install/octomap_rviz_plugins:/home/rhobtor/PHD/reactive/Reactive-Navegation/workspace_full_conected/install/hector_gazebo_plugins:/home/rhobtor/PHD/reactive/Reactive-Navegation/workspace_full_conected/install/car_cpp:/home/rhobtor/PHD/reactive/Reactive-Navegation/workspace_full_conected/install/car_interfaces:/home/rhobtor/PHD/ARGOJ8_IA/install/car:/home/rhobtor/PHD/reactive/Reactive-Navegation/workspace_full_conected/install/car:/opt/ros/humble LD_LIBRARY_PATH=/home/rhobtor/PHD/ARGOJ8_IA/install/argj801_ctl_platform_interfaces/lib:/home/rhobtor/PHD/ARGOJ8_IA/install/octomap_server/lib:/home/rhobtor/PHD/ARGOJ8_IA/install/octomap_rviz_plugins/lib:/home/rhobtor/PHD/ARGOJ8_IA/install/j8_xacro_model/lib:/home/rhobtor/PHD/ARGOJ8_IA/install/hector_gazebo_plugins/lib:/home/rhobtor/PHD/ARGOJ8_IA/install/fixposition_sensor_pkg/lib:/home/rhobtor/PHD/ARGOJ8_IA/install/car_cpp/lib:/home/rhobtor/PHD/ARGOJ8_IA/install/car_interfaces/lib:/home/rhobtor/packages/install/grid_map_demos/lib:/home/rhobtor/packages/install/grid_map_visualization/lib:/home/rhobtor/packages/install/grid_map_sdf/lib:/home/rhobtor/packages/install/grid_map_rviz_plugin/lib:/home/rhobtor/packages/install/grid_map_pcl/lib:/home/rhobtor/packages/install/grid_map_loader/lib:/home/rhobtor/packages/install/grid_map_filters/lib:/home/rhobtor/packages/install/grid_map_ros/lib:/home/rhobtor/packages/install/grid_map_octomap/lib:/home/rhobtor/packages/install/grid_map_msgs/lib:/home/rhobtor/packages/install/grid_map_cv/lib:/home/rhobtor/packages/install/grid_map_costmap_2d/lib:/home/rhobtor/packages/install/grid_map_core/lib:/home/rhobtor/PHD/reactive/Reactive-Navegation/workspace_full_conected/install/octomap_server/lib:/home/rhobtor/PHD/reactive/Reactive-Navegation/workspace_full_conected/install/octomap_rviz_plugins/lib:/home/rhobtor/PHD/reactive/Reactive-Navegation/workspace_full_conected/install/hector_gazebo_plugins/lib:/home/rhobtor/PHD/reactive/Reactive-Navegation/workspace_full_conected/install/car_cpp/lib:/home/rhobtor/PHD/reactive/Reactive-Navegation/workspace_full_conected/install/car_interfaces/lib:/usr/lib/x86_64-linux-gnu/gazebo-11/plugins:/opt/ros/humble/opt/rviz_ogre_vendor/lib:/opt/ros/humble/lib/x86_64-linux-gnu:/opt/ros/humble/lib /opt/st/stm32cubeclt_1.18.0/CMake/bin/cmake --build /home/rhobtor/PHD/ARGOJ8_IA/build/argj801_ctl_platform -- -j16 -l16
[2.674s] DEBUG:colcon.colcon_core.event_handler.log_command:Invoking command in '/home/rhobtor/PHD/ARGOJ8_IA/build/argj801_ctl_platform': CMAKE_PREFIX_PATH=/home/rhobtor/PHD/ARGOJ8_IA/install/argj801_ctl_platform_interfaces:/home/rhobtor/PHD/ARGOJ8_IA/install/octomap_mapping:/home/rhobtor/PHD/ARGOJ8_IA/install/octomap_server:/home/rhobtor/PHD/ARGOJ8_IA/install/octomap_rviz_plugins:/home/rhobtor/PHD/ARGOJ8_IA/install/j8_xacro_model:/home/rhobtor/PHD/ARGOJ8_IA/install/hector_gazebo_plugins:/home/rhobtor/PHD/ARGOJ8_IA/install/fixposition_sensor_pkg:/home/rhobtor/PHD/ARGOJ8_IA/install/car_cpp:/home/rhobtor/PHD/ARGOJ8_IA/install/car_interfaces:/home/rhobtor/PHD/ARGOJ8_IA/install/argj801_ctl_platform:/home/rhobtor/packages/install/grid_map:/home/rhobtor/packages/install/grid_map_demos:/home/rhobtor/packages/install/grid_map_visualization:/home/rhobtor/packages/install/grid_map_sdf:/home/rhobtor/packages/install/grid_map_rviz_plugin:/home/rhobtor/packages/install/grid_map_pcl:/home/rhobtor/packages/install/grid_map_loader:/home/rhobtor/packages/install/grid_map_filters:/home/rhobtor/packages/install/grid_map_ros:/home/rhobtor/packages/install/grid_map_octomap:/home/rhobtor/packages/install/grid_map_msgs:/home/rhobtor/packages/install/grid_map_cv:/home/rhobtor/packages/install/grid_map_costmap_2d:/home/rhobtor/packages/install/grid_map_core:/home/rhobtor/packages/install/grid_map_cmake_helpers:/home/rhobtor/PHD/reactive/Reactive-Navegation/workspace_full_conected/install/octomap_mapping:/home/rhobtor/PHD/reactive/Reactive-Navegation/workspace_full_conected/install/octomap_server:/home/rhobtor/PHD/reactive/Reactive-Navegation/workspace_full_conected/install/octomap_rviz_plugins:/home/rhobtor/PHD/reactive/Reactive-Navegation/workspace_full_conected/install/hector_gazebo_plugins:/home/rhobtor/PHD/reactive/Reactive-Navegation/workspace_full_conected/install/car_cpp:/home/rhobtor/PHD/reactive/Reactive-Navegation/workspace_full_conected/install/car_interfaces:/home/rhobtor/PHD/ARGOJ8_IA/install/car:/home/rhobtor/PHD/reactive/Reactive-Navegation/workspace_full_conected/install/car:/opt/ros/humble LD_LIBRARY_PATH=/home/rhobtor/PHD/ARGOJ8_IA/install/argj801_ctl_platform_interfaces/lib:/home/rhobtor/PHD/ARGOJ8_IA/install/octomap_server/lib:/home/rhobtor/PHD/ARGOJ8_IA/install/octomap_rviz_plugins/lib:/home/rhobtor/PHD/ARGOJ8_IA/install/j8_xacro_model/lib:/home/rhobtor/PHD/ARGOJ8_IA/install/hector_gazebo_plugins/lib:/home/rhobtor/PHD/ARGOJ8_IA/install/fixposition_sensor_pkg/lib:/home/rhobtor/PHD/ARGOJ8_IA/install/car_cpp/lib:/home/rhobtor/PHD/ARGOJ8_IA/install/car_interfaces/lib:/home/rhobtor/packages/install/grid_map_demos/lib:/home/rhobtor/packages/install/grid_map_visualization/lib:/home/rhobtor/packages/install/grid_map_sdf/lib:/home/rhobtor/packages/install/grid_map_rviz_plugin/lib:/home/rhobtor/packages/install/grid_map_pcl/lib:/home/rhobtor/packages/install/grid_map_loader/lib:/home/rhobtor/packages/install/grid_map_filters/lib:/home/rhobtor/packages/install/grid_map_ros/lib:/home/rhobtor/packages/install/grid_map_octomap/lib:/home/rhobtor/packages/install/grid_map_msgs/lib:/home/rhobtor/packages/install/grid_map_cv/lib:/home/rhobtor/packages/install/grid_map_costmap_2d/lib:/home/rhobtor/packages/install/grid_map_core/lib:/home/rhobtor/PHD/reactive/Reactive-Navegation/workspace_full_conected/install/octomap_server/lib:/home/rhobtor/PHD/reactive/Reactive-Navegation/workspace_full_conected/install/octomap_rviz_plugins/lib:/home/rhobtor/PHD/reactive/Reactive-Navegation/workspace_full_conected/install/hector_gazebo_plugins/lib:/home/rhobtor/PHD/reactive/Reactive-Navegation/workspace_full_conected/install/car_cpp/lib:/home/rhobtor/PHD/reactive/Reactive-Navegation/workspace_full_conected/install/car_interfaces/lib:/usr/lib/x86_64-linux-gnu/gazebo-11/plugins:/opt/ros/humble/opt/rviz_ogre_vendor/lib:/opt/ros/humble/lib/x86_64-linux-gnu:/opt/ros/humble/lib /opt/st/stm32cubeclt_1.18.0/CMake/bin/cmake --install /home/rhobtor/PHD/ARGOJ8_IA/build/argj801_ctl_platform
[2.675s] INFO:colcon.colcon_ros.task.ament_cmake.build:Building ROS package in '/home/rhobtor/PHD/ARGOJ8_IA/src/octomap/octomap_mapping' with build type 'ament_cmake'
[2.675s] INFO:colcon.colcon_cmake.task.cmake.build:Building CMake package in '/home/rhobtor/PHD/ARGOJ8_IA/src/octomap/octomap_mapping'
[2.675s] INFO:colcon.colcon_core.shell:Skip shell extension 'powershell' for command environment: Not usable outside of PowerShell
[2.675s] DEBUG:colcon.colcon_core.shell:Skip shell extension 'dsv' for command environment
[2.691s] Level 1:colcon.colcon_core.environment:create_environment_scripts_only(argj801_ctl_platform)
[2.692s] Level 1:colcon.colcon_core.environment:checking '/home/rhobtor/PHD/ARGOJ8_IA/install/argj801_ctl_platform' for CMake module files
[2.697s] DEBUG:colcon.colcon_core.event_handler.log_command:Invoked command in '/home/rhobtor/PHD/ARGOJ8_IA/build/argj801_ctl_platform' returned '0': CMAKE_PREFIX_PATH=/home/rhobtor/PHD/ARGOJ8_IA/install/argj801_ctl_platform_interfaces:/home/rhobtor/PHD/ARGOJ8_IA/install/octomap_mapping:/home/rhobtor/PHD/ARGOJ8_IA/install/octomap_server:/home/rhobtor/PHD/ARGOJ8_IA/install/octomap_rviz_plugins:/home/rhobtor/PHD/ARGOJ8_IA/install/j8_xacro_model:/home/rhobtor/PHD/ARGOJ8_IA/install/hector_gazebo_plugins:/home/rhobtor/PHD/ARGOJ8_IA/install/fixposition_sensor_pkg:/home/rhobtor/PHD/ARGOJ8_IA/install/car_cpp:/home/rhobtor/PHD/ARGOJ8_IA/install/car_interfaces:/home/rhobtor/PHD/ARGOJ8_IA/install/argj801_ctl_platform:/home/rhobtor/packages/install/grid_map:/home/rhobtor/packages/install/grid_map_demos:/home/rhobtor/packages/install/grid_map_visualization:/home/rhobtor/packages/install/grid_map_sdf:/home/rhobtor/packages/install/grid_map_rviz_plugin:/home/rhobtor/packages/install/grid_map_pcl:/home/rhobtor/packages/install/grid_map_loader:/home/rhobtor/packages/install/grid_map_filters:/home/rhobtor/packages/install/grid_map_ros:/home/rhobtor/packages/install/grid_map_octomap:/home/rhobtor/packages/install/grid_map_msgs:/home/rhobtor/packages/install/grid_map_cv:/home/rhobtor/packages/install/grid_map_costmap_2d:/home/rhobtor/packages/install/grid_map_core:/home/rhobtor/packages/install/grid_map_cmake_helpers:/home/rhobtor/PHD/reactive/Reactive-Navegation/workspace_full_conected/install/octomap_mapping:/home/rhobtor/PHD/reactive/Reactive-Navegation/workspace_full_conected/install/octomap_server:/home/rhobtor/PHD/reactive/Reactive-Navegation/workspace_full_conected/install/octomap_rviz_plugins:/home/rhobtor/PHD/reactive/Reactive-Navegation/workspace_full_conected/install/hector_gazebo_plugins:/home/rhobtor/PHD/reactive/Reactive-Navegation/workspace_full_conected/install/car_cpp:/home/rhobtor/PHD/reactive/Reactive-Navegation/workspace_full_conected/install/car_interfaces:/home/rhobtor/PHD/ARGOJ8_IA/install/car:/home/rhobtor/PHD/reactive/Reactive-Navegation/workspace_full_conected/install/car:/opt/ros/humble LD_LIBRARY_PATH=/home/rhobtor/PHD/ARGOJ8_IA/install/argj801_ctl_platform_interfaces/lib:/home/rhobtor/PHD/ARGOJ8_IA/install/octomap_server/lib:/home/rhobtor/PHD/ARGOJ8_IA/install/octomap_rviz_plugins/lib:/home/rhobtor/PHD/ARGOJ8_IA/install/j8_xacro_model/lib:/home/rhobtor/PHD/ARGOJ8_IA/install/hector_gazebo_plugins/lib:/home/rhobtor/PHD/ARGOJ8_IA/install/fixposition_sensor_pkg/lib:/home/rhobtor/PHD/ARGOJ8_IA/install/car_cpp/lib:/home/rhobtor/PHD/ARGOJ8_IA/install/car_interfaces/lib:/home/rhobtor/packages/install/grid_map_demos/lib:/home/rhobtor/packages/install/grid_map_visualization/lib:/home/rhobtor/packages/install/grid_map_sdf/lib:/home/rhobtor/packages/install/grid_map_rviz_plugin/lib:/home/rhobtor/packages/install/grid_map_pcl/lib:/home/rhobtor/packages/install/grid_map_loader/lib:/home/rhobtor/packages/install/grid_map_filters/lib:/home/rhobtor/packages/install/grid_map_ros/lib:/home/rhobtor/packages/install/grid_map_octomap/lib:/home/rhobtor/packages/install/grid_map_msgs/lib:/home/rhobtor/packages/install/grid_map_cv/lib:/home/rhobtor/packages/install/grid_map_costmap_2d/lib:/home/rhobtor/packages/install/grid_map_core/lib:/home/rhobtor/PHD/reactive/Reactive-Navegation/workspace_full_conected/install/octomap_server/lib:/home/rhobtor/PHD/reactive/Reactive-Navegation/workspace_full_conected/install/octomap_rviz_plugins/lib:/home/rhobtor/PHD/reactive/Reactive-Navegation/workspace_full_conected/install/hector_gazebo_plugins/lib:/home/rhobtor/PHD/reactive/Reactive-Navegation/workspace_full_conected/install/car_cpp/lib:/home/rhobtor/PHD/reactive/Reactive-Navegation/workspace_full_conected/install/car_interfaces/lib:/usr/lib/x86_64-linux-gnu/gazebo-11/plugins:/opt/ros/humble/opt/rviz_ogre_vendor/lib:/opt/ros/humble/lib/x86_64-linux-gnu:/opt/ros/humble/lib /opt/st/stm32cubeclt_1.18.0/CMake/bin/cmake --install /home/rhobtor/PHD/ARGOJ8_IA/build/argj801_ctl_platform
[2.699s] Level 1:colcon.colcon_core.environment:checking '/home/rhobtor/PHD/ARGOJ8_IA/install/argj801_ctl_platform' for CMake config files
[2.702s] Level 1:colcon.colcon_core.shell:create_environment_hook('argj801_ctl_platform', 'cmake_prefix_path')
[2.704s] INFO:colcon.colcon_core.shell:Creating environment hook '/home/rhobtor/PHD/ARGOJ8_IA/install/argj801_ctl_platform/share/argj801_ctl_platform/hook/cmake_prefix_path.ps1'
[2.708s] INFO:colcon.colcon_core.shell:Creating environment descriptor '/home/rhobtor/PHD/ARGOJ8_IA/install/argj801_ctl_platform/share/argj801_ctl_platform/hook/cmake_prefix_path.dsv'
[2.711s] INFO:colcon.colcon_core.shell:Creating environment hook '/home/rhobtor/PHD/ARGOJ8_IA/install/argj801_ctl_platform/share/argj801_ctl_platform/hook/cmake_prefix_path.sh'
[2.716s] Level 1:colcon.colcon_core.environment:checking '/home/rhobtor/PHD/ARGOJ8_IA/install/argj801_ctl_platform/lib'
[2.716s] Level 1:colcon.colcon_core.environment:checking '/home/rhobtor/PHD/ARGOJ8_IA/install/argj801_ctl_platform/bin'
[2.717s] Level 1:colcon.colcon_core.environment:checking '/home/rhobtor/PHD/ARGOJ8_IA/install/argj801_ctl_platform/lib/pkgconfig/argj801_ctl_platform.pc'
[2.719s] Level 1:colcon.colcon_core.environment:checking '/home/rhobtor/PHD/ARGOJ8_IA/install/argj801_ctl_platform/lib/python3.10/site-packages'
[2.721s] Level 1:colcon.colcon_core.environment:checking '/home/rhobtor/PHD/ARGOJ8_IA/install/argj801_ctl_platform/bin'
[2.723s] INFO:colcon.colcon_core.shell:Creating package script '/home/rhobtor/PHD/ARGOJ8_IA/install/argj801_ctl_platform/share/argj801_ctl_platform/package.ps1'
[2.725s] INFO:colcon.colcon_core.shell:Creating package descriptor '/home/rhobtor/PHD/ARGOJ8_IA/install/argj801_ctl_platform/share/argj801_ctl_platform/package.dsv'
[2.729s] INFO:colcon.colcon_core.shell:Creating package script '/home/rhobtor/PHD/ARGOJ8_IA/install/argj801_ctl_platform/share/argj801_ctl_platform/package.sh'
[2.732s] INFO:colcon.colcon_core.shell:Creating package script '/home/rhobtor/PHD/ARGOJ8_IA/install/argj801_ctl_platform/share/argj801_ctl_platform/package.bash'
[2.735s] INFO:colcon.colcon_core.shell:Creating package script '/home/rhobtor/PHD/ARGOJ8_IA/install/argj801_ctl_platform/share/argj801_ctl_platform/package.zsh'
[2.738s] Level 1:colcon.colcon_core.environment:create_file_with_runtime_dependencies(/home/rhobtor/PHD/ARGOJ8_IA/install/argj801_ctl_platform/share/colcon-core/packages/argj801_ctl_platform)
[2.743s] Level 1:colcon.colcon_core.environment:create_environment_scripts_only(argj801_ctl_platform)
[2.745s] Level 1:colcon.colcon_core.environment:checking '/home/rhobtor/PHD/ARGOJ8_IA/install/argj801_ctl_platform' for CMake module files
[2.749s] Level 1:colcon.colcon_core.environment:checking '/home/rhobtor/PHD/ARGOJ8_IA/install/argj801_ctl_platform' for CMake config files
[2.752s] Level 1:colcon.colcon_core.shell:create_environment_hook('argj801_ctl_platform', 'cmake_prefix_path')
[2.754s] INFO:colcon.colcon_core.shell:Creating environment hook '/home/rhobtor/PHD/ARGOJ8_IA/install/argj801_ctl_platform/share/argj801_ctl_platform/hook/cmake_prefix_path.ps1'
[2.758s] INFO:colcon.colcon_core.shell:Creating environment descriptor '/home/rhobtor/PHD/ARGOJ8_IA/install/argj801_ctl_platform/share/argj801_ctl_platform/hook/cmake_prefix_path.dsv'
[2.761s] INFO:colcon.colcon_core.shell:Creating environment hook '/home/rhobtor/PHD/ARGOJ8_IA/install/argj801_ctl_platform/share/argj801_ctl_platform/hook/cmake_prefix_path.sh'
[2.765s] Level 1:colcon.colcon_core.environment:checking '/home/rhobtor/PHD/ARGOJ8_IA/install/argj801_ctl_platform/lib'
[2.766s] Level 1:colcon.colcon_core.environment:checking '/home/rhobtor/PHD/ARGOJ8_IA/install/argj801_ctl_platform/bin'
[2.766s] Level 1:colcon.colcon_core.environment:checking '/home/rhobtor/PHD/ARGOJ8_IA/install/argj801_ctl_platform/lib/pkgconfig/argj801_ctl_platform.pc'
[2.768s] Level 1:colcon.colcon_core.environment:checking '/home/rhobtor/PHD/ARGOJ8_IA/install/argj801_ctl_platform/lib/python3.10/site-packages'
[2.769s] Level 1:colcon.colcon_core.environment:checking '/home/rhobtor/PHD/ARGOJ8_IA/install/argj801_ctl_platform/bin'
[2.772s] INFO:colcon.colcon_core.shell:Creating package script '/home/rhobtor/PHD/ARGOJ8_IA/install/argj801_ctl_platform/share/argj801_ctl_platform/package.ps1'
[2.776s] INFO:colcon.colcon_core.shell:Creating package descriptor '/home/rhobtor/PHD/ARGOJ8_IA/install/argj801_ctl_platform/share/argj801_ctl_platform/package.dsv'
[2.780s] INFO:colcon.colcon_core.shell:Creating package script '/home/rhobtor/PHD/ARGOJ8_IA/install/argj801_ctl_platform/share/argj801_ctl_platform/package.sh'
[2.783s] INFO:colcon.colcon_core.shell:Creating package script '/home/rhobtor/PHD/ARGOJ8_IA/install/argj801_ctl_platform/share/argj801_ctl_platform/package.bash'
[2.787s] INFO:colcon.colcon_core.shell:Creating package script '/home/rhobtor/PHD/ARGOJ8_IA/install/argj801_ctl_platform/share/argj801_ctl_platform/package.zsh'
[2.790s] Level 1:colcon.colcon_core.environment:create_file_with_runtime_dependencies(/home/rhobtor/PHD/ARGOJ8_IA/install/argj801_ctl_platform/share/colcon-core/packages/argj801_ctl_platform)
[2.796s] INFO:colcon.colcon_ros.task.ament_cmake.build:Building ROS package in '/home/rhobtor/PHD/ARGOJ8_IA/src/gazebo_sim_pkgs/j8_xacro_model' with build type 'ament_cmake'
[2.797s] INFO:colcon.colcon_cmake.task.cmake.build:Building CMake package in '/home/rhobtor/PHD/ARGOJ8_IA/src/gazebo_sim_pkgs/j8_xacro_model'
[2.797s] INFO:colcon.colcon_core.shell:Skip shell extension 'powershell' for command environment: Not usable outside of PowerShell
[2.797s] DEBUG:colcon.colcon_core.shell:Skip shell extension 'dsv' for command environment
[2.863s] DEBUG:colcon.colcon_core.event_handler.log_command:Invoking command in '/home/rhobtor/PHD/ARGOJ8_IA/build/octomap_mapping': CMAKE_PREFIX_PATH=/home/rhobtor/PHD/ARGOJ8_IA/install/octomap_server:/home/rhobtor/PHD/ARGOJ8_IA/install/car_interfaces:/home/rhobtor/PHD/ARGOJ8_IA/install/octomap_mapping:/home/rhobtor/PHD/ARGOJ8_IA/install/octomap_rviz_plugins:/home/rhobtor/PHD/ARGOJ8_IA/install/j8_xacro_model:/home/rhobtor/PHD/ARGOJ8_IA/install/hector_gazebo_plugins:/home/rhobtor/PHD/ARGOJ8_IA/install/fixposition_sensor_pkg:/home/rhobtor/PHD/ARGOJ8_IA/install/car_cpp:/home/rhobtor/PHD/ARGOJ8_IA/install/argj801_ctl_platform:/home/rhobtor/PHD/ARGOJ8_IA/install/argj801_ctl_platform_interfaces:/home/rhobtor/packages/install/grid_map:/home/rhobtor/packages/install/grid_map_demos:/home/rhobtor/packages/install/grid_map_visualization:/home/rhobtor/packages/install/grid_map_sdf:/home/rhobtor/packages/install/grid_map_rviz_plugin:/home/rhobtor/packages/install/grid_map_pcl:/home/rhobtor/packages/install/grid_map_loader:/home/rhobtor/packages/install/grid_map_filters:/home/rhobtor/packages/install/grid_map_ros:/home/rhobtor/packages/install/grid_map_octomap:/home/rhobtor/packages/install/grid_map_msgs:/home/rhobtor/packages/install/grid_map_cv:/home/rhobtor/packages/install/grid_map_costmap_2d:/home/rhobtor/packages/install/grid_map_core:/home/rhobtor/packages/install/grid_map_cmake_helpers:/home/rhobtor/PHD/reactive/Reactive-Navegation/workspace_full_conected/install/octomap_mapping:/home/rhobtor/PHD/reactive/Reactive-Navegation/workspace_full_conected/install/octomap_server:/home/rhobtor/PHD/reactive/Reactive-Navegation/workspace_full_conected/install/octomap_rviz_plugins:/home/rhobtor/PHD/reactive/Reactive-Navegation/workspace_full_conected/install/hector_gazebo_plugins:/home/rhobtor/PHD/reactive/Reactive-Navegation/workspace_full_conected/install/car_cpp:/home/rhobtor/PHD/reactive/Reactive-Navegation/workspace_full_conected/install/car_interfaces:/home/rhobtor/PHD/ARGOJ8_IA/install/car:/home/rhobtor/PHD/reactive/Reactive-Navegation/workspace_full_conected/install/car:/opt/ros/humble LD_LIBRARY_PATH=/home/rhobtor/PHD/ARGOJ8_IA/install/octomap_server/lib:/home/rhobtor/PHD/ARGOJ8_IA/install/car_interfaces/lib:/home/rhobtor/PHD/ARGOJ8_IA/install/octomap_rviz_plugins/lib:/home/rhobtor/PHD/ARGOJ8_IA/install/j8_xacro_model/lib:/home/rhobtor/PHD/ARGOJ8_IA/install/hector_gazebo_plugins/lib:/home/rhobtor/PHD/ARGOJ8_IA/install/fixposition_sensor_pkg/lib:/home/rhobtor/PHD/ARGOJ8_IA/install/car_cpp/lib:/home/rhobtor/PHD/ARGOJ8_IA/install/argj801_ctl_platform_interfaces/lib:/home/rhobtor/packages/install/grid_map_demos/lib:/home/rhobtor/packages/install/grid_map_visualization/lib:/home/rhobtor/packages/install/grid_map_sdf/lib:/home/rhobtor/packages/install/grid_map_rviz_plugin/lib:/home/rhobtor/packages/install/grid_map_pcl/lib:/home/rhobtor/packages/install/grid_map_loader/lib:/home/rhobtor/packages/install/grid_map_filters/lib:/home/rhobtor/packages/install/grid_map_ros/lib:/home/rhobtor/packages/install/grid_map_octomap/lib:/home/rhobtor/packages/install/grid_map_msgs/lib:/home/rhobtor/packages/install/grid_map_cv/lib:/home/rhobtor/packages/install/grid_map_costmap_2d/lib:/home/rhobtor/packages/install/grid_map_core/lib:/home/rhobtor/PHD/reactive/Reactive-Navegation/workspace_full_conected/install/octomap_server/lib:/home/rhobtor/PHD/reactive/Reactive-Navegation/workspace_full_conected/install/octomap_rviz_plugins/lib:/home/rhobtor/PHD/reactive/Reactive-Navegation/workspace_full_conected/install/hector_gazebo_plugins/lib:/home/rhobtor/PHD/reactive/Reactive-Navegation/workspace_full_conected/install/car_cpp/lib:/home/rhobtor/PHD/reactive/Reactive-Navegation/workspace_full_conected/install/car_interfaces/lib:/usr/lib/x86_64-linux-gnu/gazebo-11/plugins:/opt/ros/humble/opt/rviz_ogre_vendor/lib:/opt/ros/humble/lib/x86_64-linux-gnu:/opt/ros/humble/lib /opt/st/stm32cubeclt_1.18.0/CMake/bin/cmake --build /home/rhobtor/PHD/ARGOJ8_IA/build/octomap_mapping -- -j16 -l16
[2.869s] DEBUG:colcon.colcon_core.event_handler.log_command:Invoking command in '/home/rhobtor/PHD/ARGOJ8_IA/build/j8_xacro_model': CMAKE_PREFIX_PATH=/home/rhobtor/PHD/ARGOJ8_IA/install/argj801_ctl_platform:/home/rhobtor/PHD/ARGOJ8_IA/install/argj801_ctl_platform_interfaces:/home/rhobtor/PHD/ARGOJ8_IA/install/octomap_mapping:/home/rhobtor/PHD/ARGOJ8_IA/install/octomap_server:/home/rhobtor/PHD/ARGOJ8_IA/install/octomap_rviz_plugins:/home/rhobtor/PHD/ARGOJ8_IA/install/j8_xacro_model:/home/rhobtor/PHD/ARGOJ8_IA/install/hector_gazebo_plugins:/home/rhobtor/PHD/ARGOJ8_IA/install/fixposition_sensor_pkg:/home/rhobtor/PHD/ARGOJ8_IA/install/car_cpp:/home/rhobtor/PHD/ARGOJ8_IA/install/car_interfaces:/home/rhobtor/packages/install/grid_map:/home/rhobtor/packages/install/grid_map_demos:/home/rhobtor/packages/install/grid_map_visualization:/home/rhobtor/packages/install/grid_map_sdf:/home/rhobtor/packages/install/grid_map_rviz_plugin:/home/rhobtor/packages/install/grid_map_pcl:/home/rhobtor/packages/install/grid_map_loader:/home/rhobtor/packages/install/grid_map_filters:/home/rhobtor/packages/install/grid_map_ros:/home/rhobtor/packages/install/grid_map_octomap:/home/rhobtor/packages/install/grid_map_msgs:/home/rhobtor/packages/install/grid_map_cv:/home/rhobtor/packages/install/grid_map_costmap_2d:/home/rhobtor/packages/install/grid_map_core:/home/rhobtor/packages/install/grid_map_cmake_helpers:/home/rhobtor/PHD/reactive/Reactive-Navegation/workspace_full_conected/install/octomap_mapping:/home/rhobtor/PHD/reactive/Reactive-Navegation/workspace_full_conected/install/octomap_server:/home/rhobtor/PHD/reactive/Reactive-Navegation/workspace_full_conected/install/octomap_rviz_plugins:/home/rhobtor/PHD/reactive/Reactive-Navegation/workspace_full_conected/install/hector_gazebo_plugins:/home/rhobtor/PHD/reactive/Reactive-Navegation/workspace_full_conected/install/car_cpp:/home/rhobtor/PHD/reactive/Reactive-Navegation/workspace_full_conected/install/car_interfaces:/home/rhobtor/PHD/ARGOJ8_IA/install/car:/home/rhobtor/PHD/reactive/Reactive-Navegation/workspace_full_conected/install/car:/opt/ros/humble LD_LIBRARY_PATH=/home/rhobtor/PHD/ARGOJ8_IA/install/argj801_ctl_platform_interfaces/lib:/home/rhobtor/PHD/ARGOJ8_IA/install/octomap_server/lib:/home/rhobtor/PHD/ARGOJ8_IA/install/octomap_rviz_plugins/lib:/home/rhobtor/PHD/ARGOJ8_IA/install/j8_xacro_model/lib:/home/rhobtor/PHD/ARGOJ8_IA/install/hector_gazebo_plugins/lib:/home/rhobtor/PHD/ARGOJ8_IA/install/fixposition_sensor_pkg/lib:/home/rhobtor/PHD/ARGOJ8_IA/install/car_cpp/lib:/home/rhobtor/PHD/ARGOJ8_IA/install/car_interfaces/lib:/home/rhobtor/packages/install/grid_map_demos/lib:/home/rhobtor/packages/install/grid_map_visualization/lib:/home/rhobtor/packages/install/grid_map_sdf/lib:/home/rhobtor/packages/install/grid_map_rviz_plugin/lib:/home/rhobtor/packages/install/grid_map_pcl/lib:/home/rhobtor/packages/install/grid_map_loader/lib:/home/rhobtor/packages/install/grid_map_filters/lib:/home/rhobtor/packages/install/grid_map_ros/lib:/home/rhobtor/packages/install/grid_map_octomap/lib:/home/rhobtor/packages/install/grid_map_msgs/lib:/home/rhobtor/packages/install/grid_map_cv/lib:/home/rhobtor/packages/install/grid_map_costmap_2d/lib:/home/rhobtor/packages/install/grid_map_core/lib:/home/rhobtor/PHD/reactive/Reactive-Navegation/workspace_full_conected/install/octomap_server/lib:/home/rhobtor/PHD/reactive/Reactive-Navegation/workspace_full_conected/install/octomap_rviz_plugins/lib:/home/rhobtor/PHD/reactive/Reactive-Navegation/workspace_full_conected/install/hector_gazebo_plugins/lib:/home/rhobtor/PHD/reactive/Reactive-Navegation/workspace_full_conected/install/car_cpp/lib:/home/rhobtor/PHD/reactive/Reactive-Navegation/workspace_full_conected/install/car_interfaces/lib:/usr/lib/x86_64-linux-gnu/gazebo-11/plugins:/opt/ros/humble/opt/rviz_ogre_vendor/lib:/opt/ros/humble/lib/x86_64-linux-gnu:/opt/ros/humble/lib /opt/st/stm32cubeclt_1.18.0/CMake/bin/cmake --build /home/rhobtor/PHD/ARGOJ8_IA/build/j8_xacro_model -- -j16 -l16
[2.883s] DEBUG:colcon.colcon_core.event_handler.log_command:Invoked command in '/home/rhobtor/PHD/ARGOJ8_IA/build/octomap_mapping' returned '0': CMAKE_PREFIX_PATH=/home/rhobtor/PHD/ARGOJ8_IA/install/octomap_server:/home/rhobtor/PHD/ARGOJ8_IA/install/car_interfaces:/home/rhobtor/PHD/ARGOJ8_IA/install/octomap_mapping:/home/rhobtor/PHD/ARGOJ8_IA/install/octomap_rviz_plugins:/home/rhobtor/PHD/ARGOJ8_IA/install/j8_xacro_model:/home/rhobtor/PHD/ARGOJ8_IA/install/hector_gazebo_plugins:/home/rhobtor/PHD/ARGOJ8_IA/install/fixposition_sensor_pkg:/home/rhobtor/PHD/ARGOJ8_IA/install/car_cpp:/home/rhobtor/PHD/ARGOJ8_IA/install/argj801_ctl_platform:/home/rhobtor/PHD/ARGOJ8_IA/install/argj801_ctl_platform_interfaces:/home/rhobtor/packages/install/grid_map:/home/rhobtor/packages/install/grid_map_demos:/home/rhobtor/packages/install/grid_map_visualization:/home/rhobtor/packages/install/grid_map_sdf:/home/rhobtor/packages/install/grid_map_rviz_plugin:/home/rhobtor/packages/install/grid_map_pcl:/home/rhobtor/packages/install/grid_map_loader:/home/rhobtor/packages/install/grid_map_filters:/home/rhobtor/packages/install/grid_map_ros:/home/rhobtor/packages/install/grid_map_octomap:/home/rhobtor/packages/install/grid_map_msgs:/home/rhobtor/packages/install/grid_map_cv:/home/rhobtor/packages/install/grid_map_costmap_2d:/home/rhobtor/packages/install/grid_map_core:/home/rhobtor/packages/install/grid_map_cmake_helpers:/home/rhobtor/PHD/reactive/Reactive-Navegation/workspace_full_conected/install/octomap_mapping:/home/rhobtor/PHD/reactive/Reactive-Navegation/workspace_full_conected/install/octomap_server:/home/rhobtor/PHD/reactive/Reactive-Navegation/workspace_full_conected/install/octomap_rviz_plugins:/home/rhobtor/PHD/reactive/Reactive-Navegation/workspace_full_conected/install/hector_gazebo_plugins:/home/rhobtor/PHD/reactive/Reactive-Navegation/workspace_full_conected/install/car_cpp:/home/rhobtor/PHD/reactive/Reactive-Navegation/workspace_full_conected/install/car_interfaces:/home/rhobtor/PHD/ARGOJ8_IA/install/car:/home/rhobtor/PHD/reactive/Reactive-Navegation/workspace_full_conected/install/car:/opt/ros/humble LD_LIBRARY_PATH=/home/rhobtor/PHD/ARGOJ8_IA/install/octomap_server/lib:/home/rhobtor/PHD/ARGOJ8_IA/install/car_interfaces/lib:/home/rhobtor/PHD/ARGOJ8_IA/install/octomap_rviz_plugins/lib:/home/rhobtor/PHD/ARGOJ8_IA/install/j8_xacro_model/lib:/home/rhobtor/PHD/ARGOJ8_IA/install/hector_gazebo_plugins/lib:/home/rhobtor/PHD/ARGOJ8_IA/install/fixposition_sensor_pkg/lib:/home/rhobtor/PHD/ARGOJ8_IA/install/car_cpp/lib:/home/rhobtor/PHD/ARGOJ8_IA/install/argj801_ctl_platform_interfaces/lib:/home/rhobtor/packages/install/grid_map_demos/lib:/home/rhobtor/packages/install/grid_map_visualization/lib:/home/rhobtor/packages/install/grid_map_sdf/lib:/home/rhobtor/packages/install/grid_map_rviz_plugin/lib:/home/rhobtor/packages/install/grid_map_pcl/lib:/home/rhobtor/packages/install/grid_map_loader/lib:/home/rhobtor/packages/install/grid_map_filters/lib:/home/rhobtor/packages/install/grid_map_ros/lib:/home/rhobtor/packages/install/grid_map_octomap/lib:/home/rhobtor/packages/install/grid_map_msgs/lib:/home/rhobtor/packages/install/grid_map_cv/lib:/home/rhobtor/packages/install/grid_map_costmap_2d/lib:/home/rhobtor/packages/install/grid_map_core/lib:/home/rhobtor/PHD/reactive/Reactive-Navegation/workspace_full_conected/install/octomap_server/lib:/home/rhobtor/PHD/reactive/Reactive-Navegation/workspace_full_conected/install/octomap_rviz_plugins/lib:/home/rhobtor/PHD/reactive/Reactive-Navegation/workspace_full_conected/install/hector_gazebo_plugins/lib:/home/rhobtor/PHD/reactive/Reactive-Navegation/workspace_full_conected/install/car_cpp/lib:/home/rhobtor/PHD/reactive/Reactive-Navegation/workspace_full_conected/install/car_interfaces/lib:/usr/lib/x86_64-linux-gnu/gazebo-11/plugins:/opt/ros/humble/opt/rviz_ogre_vendor/lib:/opt/ros/humble/lib/x86_64-linux-gnu:/opt/ros/humble/lib /opt/st/stm32cubeclt_1.18.0/CMake/bin/cmake --build /home/rhobtor/PHD/ARGOJ8_IA/build/octomap_mapping -- -j16 -l16
[2.883s] DEBUG:colcon.colcon_core.event_handler.log_command:Invoking command in '/home/rhobtor/PHD/ARGOJ8_IA/build/octomap_mapping': CMAKE_PREFIX_PATH=/home/rhobtor/PHD/ARGOJ8_IA/install/octomap_server:/home/rhobtor/PHD/ARGOJ8_IA/install/car_interfaces:/home/rhobtor/PHD/ARGOJ8_IA/install/octomap_mapping:/home/rhobtor/PHD/ARGOJ8_IA/install/octomap_rviz_plugins:/home/rhobtor/PHD/ARGOJ8_IA/install/j8_xacro_model:/home/rhobtor/PHD/ARGOJ8_IA/install/hector_gazebo_plugins:/home/rhobtor/PHD/ARGOJ8_IA/install/fixposition_sensor_pkg:/home/rhobtor/PHD/ARGOJ8_IA/install/car_cpp:/home/rhobtor/PHD/ARGOJ8_IA/install/argj801_ctl_platform:/home/rhobtor/PHD/ARGOJ8_IA/install/argj801_ctl_platform_interfaces:/home/rhobtor/packages/install/grid_map:/home/rhobtor/packages/install/grid_map_demos:/home/rhobtor/packages/install/grid_map_visualization:/home/rhobtor/packages/install/grid_map_sdf:/home/rhobtor/packages/install/grid_map_rviz_plugin:/home/rhobtor/packages/install/grid_map_pcl:/home/rhobtor/packages/install/grid_map_loader:/home/rhobtor/packages/install/grid_map_filters:/home/rhobtor/packages/install/grid_map_ros:/home/rhobtor/packages/install/grid_map_octomap:/home/rhobtor/packages/install/grid_map_msgs:/home/rhobtor/packages/install/grid_map_cv:/home/rhobtor/packages/install/grid_map_costmap_2d:/home/rhobtor/packages/install/grid_map_core:/home/rhobtor/packages/install/grid_map_cmake_helpers:/home/rhobtor/PHD/reactive/Reactive-Navegation/workspace_full_conected/install/octomap_mapping:/home/rhobtor/PHD/reactive/Reactive-Navegation/workspace_full_conected/install/octomap_server:/home/rhobtor/PHD/reactive/Reactive-Navegation/workspace_full_conected/install/octomap_rviz_plugins:/home/rhobtor/PHD/reactive/Reactive-Navegation/workspace_full_conected/install/hector_gazebo_plugins:/home/rhobtor/PHD/reactive/Reactive-Navegation/workspace_full_conected/install/car_cpp:/home/rhobtor/PHD/reactive/Reactive-Navegation/workspace_full_conected/install/car_interfaces:/home/rhobtor/PHD/ARGOJ8_IA/install/car:/home/rhobtor/PHD/reactive/Reactive-Navegation/workspace_full_conected/install/car:/opt/ros/humble LD_LIBRARY_PATH=/home/rhobtor/PHD/ARGOJ8_IA/install/octomap_server/lib:/home/rhobtor/PHD/ARGOJ8_IA/install/car_interfaces/lib:/home/rhobtor/PHD/ARGOJ8_IA/install/octomap_rviz_plugins/lib:/home/rhobtor/PHD/ARGOJ8_IA/install/j8_xacro_model/lib:/home/rhobtor/PHD/ARGOJ8_IA/install/hector_gazebo_plugins/lib:/home/rhobtor/PHD/ARGOJ8_IA/install/fixposition_sensor_pkg/lib:/home/rhobtor/PHD/ARGOJ8_IA/install/car_cpp/lib:/home/rhobtor/PHD/ARGOJ8_IA/install/argj801_ctl_platform_interfaces/lib:/home/rhobtor/packages/install/grid_map_demos/lib:/home/rhobtor/packages/install/grid_map_visualization/lib:/home/rhobtor/packages/install/grid_map_sdf/lib:/home/rhobtor/packages/install/grid_map_rviz_plugin/lib:/home/rhobtor/packages/install/grid_map_pcl/lib:/home/rhobtor/packages/install/grid_map_loader/lib:/home/rhobtor/packages/install/grid_map_filters/lib:/home/rhobtor/packages/install/grid_map_ros/lib:/home/rhobtor/packages/install/grid_map_octomap/lib:/home/rhobtor/packages/install/grid_map_msgs/lib:/home/rhobtor/packages/install/grid_map_cv/lib:/home/rhobtor/packages/install/grid_map_costmap_2d/lib:/home/rhobtor/packages/install/grid_map_core/lib:/home/rhobtor/PHD/reactive/Reactive-Navegation/workspace_full_conected/install/octomap_server/lib:/home/rhobtor/PHD/reactive/Reactive-Navegation/workspace_full_conected/install/octomap_rviz_plugins/lib:/home/rhobtor/PHD/reactive/Reactive-Navegation/workspace_full_conected/install/hector_gazebo_plugins/lib:/home/rhobtor/PHD/reactive/Reactive-Navegation/workspace_full_conected/install/car_cpp/lib:/home/rhobtor/PHD/reactive/Reactive-Navegation/workspace_full_conected/install/car_interfaces/lib:/usr/lib/x86_64-linux-gnu/gazebo-11/plugins:/opt/ros/humble/opt/rviz_ogre_vendor/lib:/opt/ros/humble/lib/x86_64-linux-gnu:/opt/ros/humble/lib /opt/st/stm32cubeclt_1.18.0/CMake/bin/cmake --install /home/rhobtor/PHD/ARGOJ8_IA/build/octomap_mapping
[2.895s] Level 1:colcon.colcon_core.environment:create_environment_scripts_only(octomap_mapping)
[2.895s] Level 1:colcon.colcon_core.environment:checking '/home/rhobtor/PHD/ARGOJ8_IA/install/octomap_mapping' for CMake module files
[2.896s] DEBUG:colcon.colcon_core.event_handler.log_command:Invoked command in '/home/rhobtor/PHD/ARGOJ8_IA/build/octomap_mapping' returned '0': CMAKE_PREFIX_PATH=/home/rhobtor/PHD/ARGOJ8_IA/install/octomap_server:/home/rhobtor/PHD/ARGOJ8_IA/install/car_interfaces:/home/rhobtor/PHD/ARGOJ8_IA/install/octomap_mapping:/home/rhobtor/PHD/ARGOJ8_IA/install/octomap_rviz_plugins:/home/rhobtor/PHD/ARGOJ8_IA/install/j8_xacro_model:/home/rhobtor/PHD/ARGOJ8_IA/install/hector_gazebo_plugins:/home/rhobtor/PHD/ARGOJ8_IA/install/fixposition_sensor_pkg:/home/rhobtor/PHD/ARGOJ8_IA/install/car_cpp:/home/rhobtor/PHD/ARGOJ8_IA/install/argj801_ctl_platform:/home/rhobtor/PHD/ARGOJ8_IA/install/argj801_ctl_platform_interfaces:/home/rhobtor/packages/install/grid_map:/home/rhobtor/packages/install/grid_map_demos:/home/rhobtor/packages/install/grid_map_visualization:/home/rhobtor/packages/install/grid_map_sdf:/home/rhobtor/packages/install/grid_map_rviz_plugin:/home/rhobtor/packages/install/grid_map_pcl:/home/rhobtor/packages/install/grid_map_loader:/home/rhobtor/packages/install/grid_map_filters:/home/rhobtor/packages/install/grid_map_ros:/home/rhobtor/packages/install/grid_map_octomap:/home/rhobtor/packages/install/grid_map_msgs:/home/rhobtor/packages/install/grid_map_cv:/home/rhobtor/packages/install/grid_map_costmap_2d:/home/rhobtor/packages/install/grid_map_core:/home/rhobtor/packages/install/grid_map_cmake_helpers:/home/rhobtor/PHD/reactive/Reactive-Navegation/workspace_full_conected/install/octomap_mapping:/home/rhobtor/PHD/reactive/Reactive-Navegation/workspace_full_conected/install/octomap_server:/home/rhobtor/PHD/reactive/Reactive-Navegation/workspace_full_conected/install/octomap_rviz_plugins:/home/rhobtor/PHD/reactive/Reactive-Navegation/workspace_full_conected/install/hector_gazebo_plugins:/home/rhobtor/PHD/reactive/Reactive-Navegation/workspace_full_conected/install/car_cpp:/home/rhobtor/PHD/reactive/Reactive-Navegation/workspace_full_conected/install/car_interfaces:/home/rhobtor/PHD/ARGOJ8_IA/install/car:/home/rhobtor/PHD/reactive/Reactive-Navegation/workspace_full_conected/install/car:/opt/ros/humble LD_LIBRARY_PATH=/home/rhobtor/PHD/ARGOJ8_IA/install/octomap_server/lib:/home/rhobtor/PHD/ARGOJ8_IA/install/car_interfaces/lib:/home/rhobtor/PHD/ARGOJ8_IA/install/octomap_rviz_plugins/lib:/home/rhobtor/PHD/ARGOJ8_IA/install/j8_xacro_model/lib:/home/rhobtor/PHD/ARGOJ8_IA/install/hector_gazebo_plugins/lib:/home/rhobtor/PHD/ARGOJ8_IA/install/fixposition_sensor_pkg/lib:/home/rhobtor/PHD/ARGOJ8_IA/install/car_cpp/lib:/home/rhobtor/PHD/ARGOJ8_IA/install/argj801_ctl_platform_interfaces/lib:/home/rhobtor/packages/install/grid_map_demos/lib:/home/rhobtor/packages/install/grid_map_visualization/lib:/home/rhobtor/packages/install/grid_map_sdf/lib:/home/rhobtor/packages/install/grid_map_rviz_plugin/lib:/home/rhobtor/packages/install/grid_map_pcl/lib:/home/rhobtor/packages/install/grid_map_loader/lib:/home/rhobtor/packages/install/grid_map_filters/lib:/home/rhobtor/packages/install/grid_map_ros/lib:/home/rhobtor/packages/install/grid_map_octomap/lib:/home/rhobtor/packages/install/grid_map_msgs/lib:/home/rhobtor/packages/install/grid_map_cv/lib:/home/rhobtor/packages/install/grid_map_costmap_2d/lib:/home/rhobtor/packages/install/grid_map_core/lib:/home/rhobtor/PHD/reactive/Reactive-Navegation/workspace_full_conected/install/octomap_server/lib:/home/rhobtor/PHD/reactive/Reactive-Navegation/workspace_full_conected/install/octomap_rviz_plugins/lib:/home/rhobtor/PHD/reactive/Reactive-Navegation/workspace_full_conected/install/hector_gazebo_plugins/lib:/home/rhobtor/PHD/reactive/Reactive-Navegation/workspace_full_conected/install/car_cpp/lib:/home/rhobtor/PHD/reactive/Reactive-Navegation/workspace_full_conected/install/car_interfaces/lib:/usr/lib/x86_64-linux-gnu/gazebo-11/plugins:/opt/ros/humble/opt/rviz_ogre_vendor/lib:/opt/ros/humble/lib/x86_64-linux-gnu:/opt/ros/humble/lib /opt/st/stm32cubeclt_1.18.0/CMake/bin/cmake --install /home/rhobtor/PHD/ARGOJ8_IA/build/octomap_mapping
[2.897s] Level 1:colcon.colcon_core.environment:checking '/home/rhobtor/PHD/ARGOJ8_IA/install/octomap_mapping' for CMake config files
[2.897s] Level 1:colcon.colcon_core.shell:create_environment_hook('octomap_mapping', 'cmake_prefix_path')
[2.897s] INFO:colcon.colcon_core.shell:Creating environment hook '/home/rhobtor/PHD/ARGOJ8_IA/install/octomap_mapping/share/octomap_mapping/hook/cmake_prefix_path.ps1'
[2.898s] INFO:colcon.colcon_core.shell:Creating environment descriptor '/home/rhobtor/PHD/ARGOJ8_IA/install/octomap_mapping/share/octomap_mapping/hook/cmake_prefix_path.dsv'
[2.898s] INFO:colcon.colcon_core.shell:Creating environment hook '/home/rhobtor/PHD/ARGOJ8_IA/install/octomap_mapping/share/octomap_mapping/hook/cmake_prefix_path.sh'
[2.899s] Level 1:colcon.colcon_core.environment:checking '/home/rhobtor/PHD/ARGOJ8_IA/install/octomap_mapping/bin'
[2.899s] Level 1:colcon.colcon_core.environment:checking '/home/rhobtor/PHD/ARGOJ8_IA/install/octomap_mapping/lib/pkgconfig/octomap_mapping.pc'
[2.899s] Level 1:colcon.colcon_core.environment:checking '/home/rhobtor/PHD/ARGOJ8_IA/install/octomap_mapping/lib/python3.10/site-packages'
[2.900s] Level 1:colcon.colcon_core.environment:checking '/home/rhobtor/PHD/ARGOJ8_IA/install/octomap_mapping/bin'
[2.901s] INFO:colcon.colcon_core.shell:Creating package script '/home/rhobtor/PHD/ARGOJ8_IA/install/octomap_mapping/share/octomap_mapping/package.ps1'
[2.901s] INFO:colcon.colcon_core.shell:Creating package descriptor '/home/rhobtor/PHD/ARGOJ8_IA/install/octomap_mapping/share/octomap_mapping/package.dsv'
[2.902s] INFO:colcon.colcon_core.shell:Creating package script '/home/rhobtor/PHD/ARGOJ8_IA/install/octomap_mapping/share/octomap_mapping/package.sh'
[2.902s] INFO:colcon.colcon_core.shell:Creating package script '/home/rhobtor/PHD/ARGOJ8_IA/install/octomap_mapping/share/octomap_mapping/package.bash'
[2.903s] INFO:colcon.colcon_core.shell:Creating package script '/home/rhobtor/PHD/ARGOJ8_IA/install/octomap_mapping/share/octomap_mapping/package.zsh'
[2.903s] Level 1:colcon.colcon_core.environment:create_file_with_runtime_dependencies(/home/rhobtor/PHD/ARGOJ8_IA/install/octomap_mapping/share/colcon-core/packages/octomap_mapping)
[2.904s] Level 1:colcon.colcon_core.environment:create_environment_scripts_only(octomap_mapping)
[2.904s] Level 1:colcon.colcon_core.environment:checking '/home/rhobtor/PHD/ARGOJ8_IA/install/octomap_mapping' for CMake module files
[2.904s] Level 1:colcon.colcon_core.environment:checking '/home/rhobtor/PHD/ARGOJ8_IA/install/octomap_mapping' for CMake config files
[2.905s] Level 1:colcon.colcon_core.shell:create_environment_hook('octomap_mapping', 'cmake_prefix_path')
[2.905s] INFO:colcon.colcon_core.shell:Creating environment hook '/home/rhobtor/PHD/ARGOJ8_IA/install/octomap_mapping/share/octomap_mapping/hook/cmake_prefix_path.ps1'
[2.905s] INFO:colcon.colcon_core.shell:Creating environment descriptor '/home/rhobtor/PHD/ARGOJ8_IA/install/octomap_mapping/share/octomap_mapping/hook/cmake_prefix_path.dsv'
[2.906s] INFO:colcon.colcon_core.shell:Creating environment hook '/home/rhobtor/PHD/ARGOJ8_IA/install/octomap_mapping/share/octomap_mapping/hook/cmake_prefix_path.sh'
[2.907s] Level 1:colcon.colcon_core.environment:checking '/home/rhobtor/PHD/ARGOJ8_IA/install/octomap_mapping/bin'
[2.907s] Level 1:colcon.colcon_core.environment:checking '/home/rhobtor/PHD/ARGOJ8_IA/install/octomap_mapping/lib/pkgconfig/octomap_mapping.pc'
[2.907s] Level 1:colcon.colcon_core.environment:checking '/home/rhobtor/PHD/ARGOJ8_IA/install/octomap_mapping/lib/python3.10/site-packages'
[2.907s] Level 1:colcon.colcon_core.environment:checking '/home/rhobtor/PHD/ARGOJ8_IA/install/octomap_mapping/bin'
[2.908s] INFO:colcon.colcon_core.shell:Creating package script '/home/rhobtor/PHD/ARGOJ8_IA/install/octomap_mapping/share/octomap_mapping/package.ps1'
[2.908s] INFO:colcon.colcon_core.shell:Creating package descriptor '/home/rhobtor/PHD/ARGOJ8_IA/install/octomap_mapping/share/octomap_mapping/package.dsv'
[2.909s] INFO:colcon.colcon_core.shell:Creating package script '/home/rhobtor/PHD/ARGOJ8_IA/install/octomap_mapping/share/octomap_mapping/package.sh'
[2.909s] INFO:colcon.colcon_core.shell:Creating package script '/home/rhobtor/PHD/ARGOJ8_IA/install/octomap_mapping/share/octomap_mapping/package.bash'
[2.910s] INFO:colcon.colcon_core.shell:Creating package script '/home/rhobtor/PHD/ARGOJ8_IA/install/octomap_mapping/share/octomap_mapping/package.zsh'
[2.910s] Level 1:colcon.colcon_core.environment:create_file_with_runtime_dependencies(/home/rhobtor/PHD/ARGOJ8_IA/install/octomap_mapping/share/colcon-core/packages/octomap_mapping)
[2.942s] DEBUG:colcon.colcon_core.event_handler.log_command:Invoked command in '/home/rhobtor/PHD/ARGOJ8_IA/build/j8_xacro_model' returned '0': CMAKE_PREFIX_PATH=/home/rhobtor/PHD/ARGOJ8_IA/install/argj801_ctl_platform:/home/rhobtor/PHD/ARGOJ8_IA/install/argj801_ctl_platform_interfaces:/home/rhobtor/PHD/ARGOJ8_IA/install/octomap_mapping:/home/rhobtor/PHD/ARGOJ8_IA/install/octomap_server:/home/rhobtor/PHD/ARGOJ8_IA/install/octomap_rviz_plugins:/home/rhobtor/PHD/ARGOJ8_IA/install/j8_xacro_model:/home/rhobtor/PHD/ARGOJ8_IA/install/hector_gazebo_plugins:/home/rhobtor/PHD/ARGOJ8_IA/install/fixposition_sensor_pkg:/home/rhobtor/PHD/ARGOJ8_IA/install/car_cpp:/home/rhobtor/PHD/ARGOJ8_IA/install/car_interfaces:/home/rhobtor/packages/install/grid_map:/home/rhobtor/packages/install/grid_map_demos:/home/rhobtor/packages/install/grid_map_visualization:/home/rhobtor/packages/install/grid_map_sdf:/home/rhobtor/packages/install/grid_map_rviz_plugin:/home/rhobtor/packages/install/grid_map_pcl:/home/rhobtor/packages/install/grid_map_loader:/home/rhobtor/packages/install/grid_map_filters:/home/rhobtor/packages/install/grid_map_ros:/home/rhobtor/packages/install/grid_map_octomap:/home/rhobtor/packages/install/grid_map_msgs:/home/rhobtor/packages/install/grid_map_cv:/home/rhobtor/packages/install/grid_map_costmap_2d:/home/rhobtor/packages/install/grid_map_core:/home/rhobtor/packages/install/grid_map_cmake_helpers:/home/rhobtor/PHD/reactive/Reactive-Navegation/workspace_full_conected/install/octomap_mapping:/home/rhobtor/PHD/reactive/Reactive-Navegation/workspace_full_conected/install/octomap_server:/home/rhobtor/PHD/reactive/Reactive-Navegation/workspace_full_conected/install/octomap_rviz_plugins:/home/rhobtor/PHD/reactive/Reactive-Navegation/workspace_full_conected/install/hector_gazebo_plugins:/home/rhobtor/PHD/reactive/Reactive-Navegation/workspace_full_conected/install/car_cpp:/home/rhobtor/PHD/reactive/Reactive-Navegation/workspace_full_conected/install/car_interfaces:/home/rhobtor/PHD/ARGOJ8_IA/install/car:/home/rhobtor/PHD/reactive/Reactive-Navegation/workspace_full_conected/install/car:/opt/ros/humble LD_LIBRARY_PATH=/home/rhobtor/PHD/ARGOJ8_IA/install/argj801_ctl_platform_interfaces/lib:/home/rhobtor/PHD/ARGOJ8_IA/install/octomap_server/lib:/home/rhobtor/PHD/ARGOJ8_IA/install/octomap_rviz_plugins/lib:/home/rhobtor/PHD/ARGOJ8_IA/install/j8_xacro_model/lib:/home/rhobtor/PHD/ARGOJ8_IA/install/hector_gazebo_plugins/lib:/home/rhobtor/PHD/ARGOJ8_IA/install/fixposition_sensor_pkg/lib:/home/rhobtor/PHD/ARGOJ8_IA/install/car_cpp/lib:/home/rhobtor/PHD/ARGOJ8_IA/install/car_interfaces/lib:/home/rhobtor/packages/install/grid_map_demos/lib:/home/rhobtor/packages/install/grid_map_visualization/lib:/home/rhobtor/packages/install/grid_map_sdf/lib:/home/rhobtor/packages/install/grid_map_rviz_plugin/lib:/home/rhobtor/packages/install/grid_map_pcl/lib:/home/rhobtor/packages/install/grid_map_loader/lib:/home/rhobtor/packages/install/grid_map_filters/lib:/home/rhobtor/packages/install/grid_map_ros/lib:/home/rhobtor/packages/install/grid_map_octomap/lib:/home/rhobtor/packages/install/grid_map_msgs/lib:/home/rhobtor/packages/install/grid_map_cv/lib:/home/rhobtor/packages/install/grid_map_costmap_2d/lib:/home/rhobtor/packages/install/grid_map_core/lib:/home/rhobtor/PHD/reactive/Reactive-Navegation/workspace_full_conected/install/octomap_server/lib:/home/rhobtor/PHD/reactive/Reactive-Navegation/workspace_full_conected/install/octomap_rviz_plugins/lib:/home/rhobtor/PHD/reactive/Reactive-Navegation/workspace_full_conected/install/hector_gazebo_plugins/lib:/home/rhobtor/PHD/reactive/Reactive-Navegation/workspace_full_conected/install/car_cpp/lib:/home/rhobtor/PHD/reactive/Reactive-Navegation/workspace_full_conected/install/car_interfaces/lib:/usr/lib/x86_64-linux-gnu/gazebo-11/plugins:/opt/ros/humble/opt/rviz_ogre_vendor/lib:/opt/ros/humble/lib/x86_64-linux-gnu:/opt/ros/humble/lib /opt/st/stm32cubeclt_1.18.0/CMake/bin/cmake --build /home/rhobtor/PHD/ARGOJ8_IA/build/j8_xacro_model -- -j16 -l16
[2.946s] DEBUG:colcon.colcon_core.event_handler.log_command:Invoking command in '/home/rhobtor/PHD/ARGOJ8_IA/build/j8_xacro_model': CMAKE_PREFIX_PATH=/home/rhobtor/PHD/ARGOJ8_IA/install/argj801_ctl_platform:/home/rhobtor/PHD/ARGOJ8_IA/install/argj801_ctl_platform_interfaces:/home/rhobtor/PHD/ARGOJ8_IA/install/octomap_mapping:/home/rhobtor/PHD/ARGOJ8_IA/install/octomap_server:/home/rhobtor/PHD/ARGOJ8_IA/install/octomap_rviz_plugins:/home/rhobtor/PHD/ARGOJ8_IA/install/j8_xacro_model:/home/rhobtor/PHD/ARGOJ8_IA/install/hector_gazebo_plugins:/home/rhobtor/PHD/ARGOJ8_IA/install/fixposition_sensor_pkg:/home/rhobtor/PHD/ARGOJ8_IA/install/car_cpp:/home/rhobtor/PHD/ARGOJ8_IA/install/car_interfaces:/home/rhobtor/packages/install/grid_map:/home/rhobtor/packages/install/grid_map_demos:/home/rhobtor/packages/install/grid_map_visualization:/home/rhobtor/packages/install/grid_map_sdf:/home/rhobtor/packages/install/grid_map_rviz_plugin:/home/rhobtor/packages/install/grid_map_pcl:/home/rhobtor/packages/install/grid_map_loader:/home/rhobtor/packages/install/grid_map_filters:/home/rhobtor/packages/install/grid_map_ros:/home/rhobtor/packages/install/grid_map_octomap:/home/rhobtor/packages/install/grid_map_msgs:/home/rhobtor/packages/install/grid_map_cv:/home/rhobtor/packages/install/grid_map_costmap_2d:/home/rhobtor/packages/install/grid_map_core:/home/rhobtor/packages/install/grid_map_cmake_helpers:/home/rhobtor/PHD/reactive/Reactive-Navegation/workspace_full_conected/install/octomap_mapping:/home/rhobtor/PHD/reactive/Reactive-Navegation/workspace_full_conected/install/octomap_server:/home/rhobtor/PHD/reactive/Reactive-Navegation/workspace_full_conected/install/octomap_rviz_plugins:/home/rhobtor/PHD/reactive/Reactive-Navegation/workspace_full_conected/install/hector_gazebo_plugins:/home/rhobtor/PHD/reactive/Reactive-Navegation/workspace_full_conected/install/car_cpp:/home/rhobtor/PHD/reactive/Reactive-Navegation/workspace_full_conected/install/car_interfaces:/home/rhobtor/PHD/ARGOJ8_IA/install/car:/home/rhobtor/PHD/reactive/Reactive-Navegation/workspace_full_conected/install/car:/opt/ros/humble LD_LIBRARY_PATH=/home/rhobtor/PHD/ARGOJ8_IA/install/argj801_ctl_platform_interfaces/lib:/home/rhobtor/PHD/ARGOJ8_IA/install/octomap_server/lib:/home/rhobtor/PHD/ARGOJ8_IA/install/octomap_rviz_plugins/lib:/home/rhobtor/PHD/ARGOJ8_IA/install/j8_xacro_model/lib:/home/rhobtor/PHD/ARGOJ8_IA/install/hector_gazebo_plugins/lib:/home/rhobtor/PHD/ARGOJ8_IA/install/fixposition_sensor_pkg/lib:/home/rhobtor/PHD/ARGOJ8_IA/install/car_cpp/lib:/home/rhobtor/PHD/ARGOJ8_IA/install/car_interfaces/lib:/home/rhobtor/packages/install/grid_map_demos/lib:/home/rhobtor/packages/install/grid_map_visualization/lib:/home/rhobtor/packages/install/grid_map_sdf/lib:/home/rhobtor/packages/install/grid_map_rviz_plugin/lib:/home/rhobtor/packages/install/grid_map_pcl/lib:/home/rhobtor/packages/install/grid_map_loader/lib:/home/rhobtor/packages/install/grid_map_filters/lib:/home/rhobtor/packages/install/grid_map_ros/lib:/home/rhobtor/packages/install/grid_map_octomap/lib:/home/rhobtor/packages/install/grid_map_msgs/lib:/home/rhobtor/packages/install/grid_map_cv/lib:/home/rhobtor/packages/install/grid_map_costmap_2d/lib:/home/rhobtor/packages/install/grid_map_core/lib:/home/rhobtor/PHD/reactive/Reactive-Navegation/workspace_full_conected/install/octomap_server/lib:/home/rhobtor/PHD/reactive/Reactive-Navegation/workspace_full_conected/install/octomap_rviz_plugins/lib:/home/rhobtor/PHD/reactive/Reactive-Navegation/workspace_full_conected/install/hector_gazebo_plugins/lib:/home/rhobtor/PHD/reactive/Reactive-Navegation/workspace_full_conected/install/car_cpp/lib:/home/rhobtor/PHD/reactive/Reactive-Navegation/workspace_full_conected/install/car_interfaces/lib:/usr/lib/x86_64-linux-gnu/gazebo-11/plugins:/opt/ros/humble/opt/rviz_ogre_vendor/lib:/opt/ros/humble/lib/x86_64-linux-gnu:/opt/ros/humble/lib /opt/st/stm32cubeclt_1.18.0/CMake/bin/cmake --install /home/rhobtor/PHD/ARGOJ8_IA/build/j8_xacro_model
[2.973s] Level 1:colcon.colcon_core.environment:create_environment_scripts_only(j8_xacro_model)
[2.973s] Level 1:colcon.colcon_core.environment:checking '/home/rhobtor/PHD/ARGOJ8_IA/install/j8_xacro_model' for CMake module files
[2.974s] DEBUG:colcon.colcon_core.event_handler.log_command:Invoked command in '/home/rhobtor/PHD/ARGOJ8_IA/build/j8_xacro_model' returned '0': CMAKE_PREFIX_PATH=/home/rhobtor/PHD/ARGOJ8_IA/install/argj801_ctl_platform:/home/rhobtor/PHD/ARGOJ8_IA/install/argj801_ctl_platform_interfaces:/home/rhobtor/PHD/ARGOJ8_IA/install/octomap_mapping:/home/rhobtor/PHD/ARGOJ8_IA/install/octomap_server:/home/rhobtor/PHD/ARGOJ8_IA/install/octomap_rviz_plugins:/home/rhobtor/PHD/ARGOJ8_IA/install/j8_xacro_model:/home/rhobtor/PHD/ARGOJ8_IA/install/hector_gazebo_plugins:/home/rhobtor/PHD/ARGOJ8_IA/install/fixposition_sensor_pkg:/home/rhobtor/PHD/ARGOJ8_IA/install/car_cpp:/home/rhobtor/PHD/ARGOJ8_IA/install/car_interfaces:/home/rhobtor/packages/install/grid_map:/home/rhobtor/packages/install/grid_map_demos:/home/rhobtor/packages/install/grid_map_visualization:/home/rhobtor/packages/install/grid_map_sdf:/home/rhobtor/packages/install/grid_map_rviz_plugin:/home/rhobtor/packages/install/grid_map_pcl:/home/rhobtor/packages/install/grid_map_loader:/home/rhobtor/packages/install/grid_map_filters:/home/rhobtor/packages/install/grid_map_ros:/home/rhobtor/packages/install/grid_map_octomap:/home/rhobtor/packages/install/grid_map_msgs:/home/rhobtor/packages/install/grid_map_cv:/home/rhobtor/packages/install/grid_map_costmap_2d:/home/rhobtor/packages/install/grid_map_core:/home/rhobtor/packages/install/grid_map_cmake_helpers:/home/rhobtor/PHD/reactive/Reactive-Navegation/workspace_full_conected/install/octomap_mapping:/home/rhobtor/PHD/reactive/Reactive-Navegation/workspace_full_conected/install/octomap_server:/home/rhobtor/PHD/reactive/Reactive-Navegation/workspace_full_conected/install/octomap_rviz_plugins:/home/rhobtor/PHD/reactive/Reactive-Navegation/workspace_full_conected/install/hector_gazebo_plugins:/home/rhobtor/PHD/reactive/Reactive-Navegation/workspace_full_conected/install/car_cpp:/home/rhobtor/PHD/reactive/Reactive-Navegation/workspace_full_conected/install/car_interfaces:/home/rhobtor/PHD/ARGOJ8_IA/install/car:/home/rhobtor/PHD/reactive/Reactive-Navegation/workspace_full_conected/install/car:/opt/ros/humble LD_LIBRARY_PATH=/home/rhobtor/PHD/ARGOJ8_IA/install/argj801_ctl_platform_interfaces/lib:/home/rhobtor/PHD/ARGOJ8_IA/install/octomap_server/lib:/home/rhobtor/PHD/ARGOJ8_IA/install/octomap_rviz_plugins/lib:/home/rhobtor/PHD/ARGOJ8_IA/install/j8_xacro_model/lib:/home/rhobtor/PHD/ARGOJ8_IA/install/hector_gazebo_plugins/lib:/home/rhobtor/PHD/ARGOJ8_IA/install/fixposition_sensor_pkg/lib:/home/rhobtor/PHD/ARGOJ8_IA/install/car_cpp/lib:/home/rhobtor/PHD/ARGOJ8_IA/install/car_interfaces/lib:/home/rhobtor/packages/install/grid_map_demos/lib:/home/rhobtor/packages/install/grid_map_visualization/lib:/home/rhobtor/packages/install/grid_map_sdf/lib:/home/rhobtor/packages/install/grid_map_rviz_plugin/lib:/home/rhobtor/packages/install/grid_map_pcl/lib:/home/rhobtor/packages/install/grid_map_loader/lib:/home/rhobtor/packages/install/grid_map_filters/lib:/home/rhobtor/packages/install/grid_map_ros/lib:/home/rhobtor/packages/install/grid_map_octomap/lib:/home/rhobtor/packages/install/grid_map_msgs/lib:/home/rhobtor/packages/install/grid_map_cv/lib:/home/rhobtor/packages/install/grid_map_costmap_2d/lib:/home/rhobtor/packages/install/grid_map_core/lib:/home/rhobtor/PHD/reactive/Reactive-Navegation/workspace_full_conected/install/octomap_server/lib:/home/rhobtor/PHD/reactive/Reactive-Navegation/workspace_full_conected/install/octomap_rviz_plugins/lib:/home/rhobtor/PHD/reactive/Reactive-Navegation/workspace_full_conected/install/hector_gazebo_plugins/lib:/home/rhobtor/PHD/reactive/Reactive-Navegation/workspace_full_conected/install/car_cpp/lib:/home/rhobtor/PHD/reactive/Reactive-Navegation/workspace_full_conected/install/car_interfaces/lib:/usr/lib/x86_64-linux-gnu/gazebo-11/plugins:/opt/ros/humble/opt/rviz_ogre_vendor/lib:/opt/ros/humble/lib/x86_64-linux-gnu:/opt/ros/humble/lib /opt/st/stm32cubeclt_1.18.0/CMake/bin/cmake --install /home/rhobtor/PHD/ARGOJ8_IA/build/j8_xacro_model
[2.975s] Level 1:colcon.colcon_core.environment:checking '/home/rhobtor/PHD/ARGOJ8_IA/install/j8_xacro_model' for CMake config files
[2.975s] Level 1:colcon.colcon_core.shell:create_environment_hook('j8_xacro_model', 'cmake_prefix_path')
[2.975s] INFO:colcon.colcon_core.shell:Creating environment hook '/home/rhobtor/PHD/ARGOJ8_IA/install/j8_xacro_model/share/j8_xacro_model/hook/cmake_prefix_path.ps1'
[2.976s] INFO:colcon.colcon_core.shell:Creating environment descriptor '/home/rhobtor/PHD/ARGOJ8_IA/install/j8_xacro_model/share/j8_xacro_model/hook/cmake_prefix_path.dsv'
[2.976s] INFO:colcon.colcon_core.shell:Creating environment hook '/home/rhobtor/PHD/ARGOJ8_IA/install/j8_xacro_model/share/j8_xacro_model/hook/cmake_prefix_path.sh'
[2.977s] Level 1:colcon.colcon_core.environment:checking '/home/rhobtor/PHD/ARGOJ8_IA/install/j8_xacro_model/lib'
[2.977s] Level 1:colcon.colcon_core.shell:create_environment_hook('j8_xacro_model', 'ld_library_path_lib')
[2.977s] INFO:colcon.colcon_core.shell:Creating environment hook '/home/rhobtor/PHD/ARGOJ8_IA/install/j8_xacro_model/share/j8_xacro_model/hook/ld_library_path_lib.ps1'
[2.978s] INFO:colcon.colcon_core.shell:Creating environment descriptor '/home/rhobtor/PHD/ARGOJ8_IA/install/j8_xacro_model/share/j8_xacro_model/hook/ld_library_path_lib.dsv'
[2.978s] INFO:colcon.colcon_core.shell:Creating environment hook '/home/rhobtor/PHD/ARGOJ8_IA/install/j8_xacro_model/share/j8_xacro_model/hook/ld_library_path_lib.sh'
[2.979s] Level 1:colcon.colcon_core.environment:checking '/home/rhobtor/PHD/ARGOJ8_IA/install/j8_xacro_model/bin'
[2.979s] Level 1:colcon.colcon_core.environment:checking '/home/rhobtor/PHD/ARGOJ8_IA/install/j8_xacro_model/lib/pkgconfig/j8_xacro_model.pc'
[2.979s] Level 1:colcon.colcon_core.environment:checking '/home/rhobtor/PHD/ARGOJ8_IA/install/j8_xacro_model/lib/python3.10/site-packages'
[2.979s] Level 1:colcon.colcon_core.environment:checking '/home/rhobtor/PHD/ARGOJ8_IA/install/j8_xacro_model/bin'
[2.980s] INFO:colcon.colcon_core.shell:Creating package script '/home/rhobtor/PHD/ARGOJ8_IA/install/j8_xacro_model/share/j8_xacro_model/package.ps1'
[2.981s] INFO:colcon.colcon_core.shell:Creating package descriptor '/home/rhobtor/PHD/ARGOJ8_IA/install/j8_xacro_model/share/j8_xacro_model/package.dsv'
[2.981s] INFO:colcon.colcon_core.shell:Creating package script '/home/rhobtor/PHD/ARGOJ8_IA/install/j8_xacro_model/share/j8_xacro_model/package.sh'
[2.982s] INFO:colcon.colcon_core.shell:Creating package script '/home/rhobtor/PHD/ARGOJ8_IA/install/j8_xacro_model/share/j8_xacro_model/package.bash'
[2.982s] INFO:colcon.colcon_core.shell:Creating package script '/home/rhobtor/PHD/ARGOJ8_IA/install/j8_xacro_model/share/j8_xacro_model/package.zsh'
[2.982s] Level 1:colcon.colcon_core.environment:create_file_with_runtime_dependencies(/home/rhobtor/PHD/ARGOJ8_IA/install/j8_xacro_model/share/colcon-core/packages/j8_xacro_model)
[2.983s] Level 1:colcon.colcon_core.environment:create_environment_scripts_only(j8_xacro_model)
[2.983s] Level 1:colcon.colcon_core.environment:checking '/home/rhobtor/PHD/ARGOJ8_IA/install/j8_xacro_model' for CMake module files
[2.984s] Level 1:colcon.colcon_core.environment:checking '/home/rhobtor/PHD/ARGOJ8_IA/install/j8_xacro_model' for CMake config files
[2.984s] Level 1:colcon.colcon_core.shell:create_environment_hook('j8_xacro_model', 'cmake_prefix_path')
[2.984s] INFO:colcon.colcon_core.shell:Creating environment hook '/home/rhobtor/PHD/ARGOJ8_IA/install/j8_xacro_model/share/j8_xacro_model/hook/cmake_prefix_path.ps1'
[2.985s] INFO:colcon.colcon_core.shell:Creating environment descriptor '/home/rhobtor/PHD/ARGOJ8_IA/install/j8_xacro_model/share/j8_xacro_model/hook/cmake_prefix_path.dsv'
[2.985s] INFO:colcon.colcon_core.shell:Creating environment hook '/home/rhobtor/PHD/ARGOJ8_IA/install/j8_xacro_model/share/j8_xacro_model/hook/cmake_prefix_path.sh'
[2.986s] Level 1:colcon.colcon_core.environment:checking '/home/rhobtor/PHD/ARGOJ8_IA/install/j8_xacro_model/lib'
[2.986s] Level 1:colcon.colcon_core.shell:create_environment_hook('j8_xacro_model', 'ld_library_path_lib')
[2.986s] INFO:colcon.colcon_core.shell:Creating environment hook '/home/rhobtor/PHD/ARGOJ8_IA/install/j8_xacro_model/share/j8_xacro_model/hook/ld_library_path_lib.ps1'
[2.987s] INFO:colcon.colcon_core.shell:Creating environment descriptor '/home/rhobtor/PHD/ARGOJ8_IA/install/j8_xacro_model/share/j8_xacro_model/hook/ld_library_path_lib.dsv'
[2.987s] INFO:colcon.colcon_core.shell:Creating environment hook '/home/rhobtor/PHD/ARGOJ8_IA/install/j8_xacro_model/share/j8_xacro_model/hook/ld_library_path_lib.sh'
[2.988s] Level 1:colcon.colcon_core.environment:checking '/home/rhobtor/PHD/ARGOJ8_IA/install/j8_xacro_model/bin'
[2.988s] Level 1:colcon.colcon_core.environment:checking '/home/rhobtor/PHD/ARGOJ8_IA/install/j8_xacro_model/lib/pkgconfig/j8_xacro_model.pc'
[2.988s] Level 1:colcon.colcon_core.environment:checking '/home/rhobtor/PHD/ARGOJ8_IA/install/j8_xacro_model/lib/python3.10/site-packages'
[2.988s] Level 1:colcon.colcon_core.environment:checking '/home/rhobtor/PHD/ARGOJ8_IA/install/j8_xacro_model/bin'
[2.989s] INFO:colcon.colcon_core.shell:Creating package script '/home/rhobtor/PHD/ARGOJ8_IA/install/j8_xacro_model/share/j8_xacro_model/package.ps1'
[2.989s] INFO:colcon.colcon_core.shell:Creating package descriptor '/home/rhobtor/PHD/ARGOJ8_IA/install/j8_xacro_model/share/j8_xacro_model/package.dsv'
[2.990s] INFO:colcon.colcon_core.shell:Creating package script '/home/rhobtor/PHD/ARGOJ8_IA/install/j8_xacro_model/share/j8_xacro_model/package.sh'
[2.991s] INFO:colcon.colcon_core.shell:Creating package script '/home/rhobtor/PHD/ARGOJ8_IA/install/j8_xacro_model/share/j8_xacro_model/package.bash'
[2.991s] INFO:colcon.colcon_core.shell:Creating package script '/home/rhobtor/PHD/ARGOJ8_IA/install/j8_xacro_model/share/j8_xacro_model/package.zsh'
[2.992s] Level 1:colcon.colcon_core.environment:create_file_with_runtime_dependencies(/home/rhobtor/PHD/ARGOJ8_IA/install/j8_xacro_model/share/colcon-core/packages/j8_xacro_model)
[3.201s] DEBUG:colcon.colcon_core.event_handler.log_command:Invoking command in '/home/rhobtor/PHD/ARGOJ8_IA/src/car_python': CMAKE_PREFIX_PATH=/home/rhobtor/PHD/ARGOJ8_IA/install/car_interfaces:/home/rhobtor/PHD/ARGOJ8_IA/install/octomap_mapping:/home/rhobtor/PHD/ARGOJ8_IA/install/octomap_server:/home/rhobtor/PHD/ARGOJ8_IA/install/octomap_rviz_plugins:/home/rhobtor/PHD/ARGOJ8_IA/install/j8_xacro_model:/home/rhobtor/PHD/ARGOJ8_IA/install/hector_gazebo_plugins:/home/rhobtor/PHD/ARGOJ8_IA/install/fixposition_sensor_pkg:/home/rhobtor/PHD/ARGOJ8_IA/install/car_cpp:/home/rhobtor/PHD/ARGOJ8_IA/install/argj801_ctl_platform:/home/rhobtor/PHD/ARGOJ8_IA/install/argj801_ctl_platform_interfaces:/home/rhobtor/packages/install/grid_map:/home/rhobtor/packages/install/grid_map_demos:/home/rhobtor/packages/install/grid_map_visualization:/home/rhobtor/packages/install/grid_map_sdf:/home/rhobtor/packages/install/grid_map_rviz_plugin:/home/rhobtor/packages/install/grid_map_pcl:/home/rhobtor/packages/install/grid_map_loader:/home/rhobtor/packages/install/grid_map_filters:/home/rhobtor/packages/install/grid_map_ros:/home/rhobtor/packages/install/grid_map_octomap:/home/rhobtor/packages/install/grid_map_msgs:/home/rhobtor/packages/install/grid_map_cv:/home/rhobtor/packages/install/grid_map_costmap_2d:/home/rhobtor/packages/install/grid_map_core:/home/rhobtor/packages/install/grid_map_cmake_helpers:/home/rhobtor/PHD/reactive/Reactive-Navegation/workspace_full_conected/install/octomap_mapping:/home/rhobtor/PHD/reactive/Reactive-Navegation/workspace_full_conected/install/octomap_server:/home/rhobtor/PHD/reactive/Reactive-Navegation/workspace_full_conected/install/octomap_rviz_plugins:/home/rhobtor/PHD/reactive/Reactive-Navegation/workspace_full_conected/install/hector_gazebo_plugins:/home/rhobtor/PHD/reactive/Reactive-Navegation/workspace_full_conected/install/car_cpp:/home/rhobtor/PHD/reactive/Reactive-Navegation/workspace_full_conected/install/car_interfaces LD_LIBRARY_PATH=/home/rhobtor/PHD/ARGOJ8_IA/install/car_interfaces/lib:/home/rhobtor/PHD/ARGOJ8_IA/install/octomap_server/lib:/home/rhobtor/PHD/ARGOJ8_IA/install/octomap_rviz_plugins/lib:/home/rhobtor/PHD/ARGOJ8_IA/install/j8_xacro_model/lib:/home/rhobtor/PHD/ARGOJ8_IA/install/hector_gazebo_plugins/lib:/home/rhobtor/PHD/ARGOJ8_IA/install/fixposition_sensor_pkg/lib:/home/rhobtor/PHD/ARGOJ8_IA/install/car_cpp/lib:/home/rhobtor/PHD/ARGOJ8_IA/install/argj801_ctl_platform_interfaces/lib:/home/rhobtor/packages/install/grid_map_demos/lib:/home/rhobtor/packages/install/grid_map_visualization/lib:/home/rhobtor/packages/install/grid_map_sdf/lib:/home/rhobtor/packages/install/grid_map_rviz_plugin/lib:/home/rhobtor/packages/install/grid_map_pcl/lib:/home/rhobtor/packages/install/grid_map_loader/lib:/home/rhobtor/packages/install/grid_map_filters/lib:/home/rhobtor/packages/install/grid_map_ros/lib:/home/rhobtor/packages/install/grid_map_octomap/lib:/home/rhobtor/packages/install/grid_map_msgs/lib:/home/rhobtor/packages/install/grid_map_cv/lib:/home/rhobtor/packages/install/grid_map_costmap_2d/lib:/home/rhobtor/packages/install/grid_map_core/lib:/home/rhobtor/PHD/reactive/Reactive-Navegation/workspace_full_conected/install/octomap_server/lib:/home/rhobtor/PHD/reactive/Reactive-Navegation/workspace_full_conected/install/octomap_rviz_plugins/lib:/home/rhobtor/PHD/reactive/Reactive-Navegation/workspace_full_conected/install/hector_gazebo_plugins/lib:/home/rhobtor/PHD/reactive/Reactive-Navegation/workspace_full_conected/install/car_cpp/lib:/home/rhobtor/PHD/reactive/Reactive-Navegation/workspace_full_conected/install/car_interfaces/lib:/usr/lib/x86_64-linux-gnu/gazebo-11/plugins:/opt/ros/humble/opt/rviz_ogre_vendor/lib:/opt/ros/humble/lib/x86_64-linux-gnu:/opt/ros/humble/lib PYTHONPATH=/home/rhobtor/PHD/ARGOJ8_IA/build/car/prefix_override:/usr/lib/python3/dist-packages/colcon_core/task/python/colcon_distutils_commands:/home/rhobtor/PHD/ARGOJ8_IA/install/car/lib/python3.10/site-packages:${PYTHONPATH} /usr/bin/python3 -W ignore:setup.py install is deprecated -W ignore:easy_install command is deprecated setup.py egg_info --egg-base ../../build/car build --build-base /home/rhobtor/PHD/ARGOJ8_IA/build/car/build install --record /home/rhobtor/PHD/ARGOJ8_IA/build/car/install.log --single-version-externally-managed install_data
[5.764s] Level 1:colcon.colcon_core.environment:checking '/home/rhobtor/PHD/ARGOJ8_IA/install/car' for CMake module files
[5.767s] DEBUG:colcon.colcon_core.event_handler.log_command:Invoked command in '/home/rhobtor/PHD/ARGOJ8_IA/src/car_python' returned '0': CMAKE_PREFIX_PATH=/home/rhobtor/PHD/ARGOJ8_IA/install/car_interfaces:/home/rhobtor/PHD/ARGOJ8_IA/install/octomap_mapping:/home/rhobtor/PHD/ARGOJ8_IA/install/octomap_server:/home/rhobtor/PHD/ARGOJ8_IA/install/octomap_rviz_plugins:/home/rhobtor/PHD/ARGOJ8_IA/install/j8_xacro_model:/home/rhobtor/PHD/ARGOJ8_IA/install/hector_gazebo_plugins:/home/rhobtor/PHD/ARGOJ8_IA/install/fixposition_sensor_pkg:/home/rhobtor/PHD/ARGOJ8_IA/install/car_cpp:/home/rhobtor/PHD/ARGOJ8_IA/install/argj801_ctl_platform:/home/rhobtor/PHD/ARGOJ8_IA/install/argj801_ctl_platform_interfaces:/home/rhobtor/packages/install/grid_map:/home/rhobtor/packages/install/grid_map_demos:/home/rhobtor/packages/install/grid_map_visualization:/home/rhobtor/packages/install/grid_map_sdf:/home/rhobtor/packages/install/grid_map_rviz_plugin:/home/rhobtor/packages/install/grid_map_pcl:/home/rhobtor/packages/install/grid_map_loader:/home/rhobtor/packages/install/grid_map_filters:/home/rhobtor/packages/install/grid_map_ros:/home/rhobtor/packages/install/grid_map_octomap:/home/rhobtor/packages/install/grid_map_msgs:/home/rhobtor/packages/install/grid_map_cv:/home/rhobtor/packages/install/grid_map_costmap_2d:/home/rhobtor/packages/install/grid_map_core:/home/rhobtor/packages/install/grid_map_cmake_helpers:/home/rhobtor/PHD/reactive/Reactive-Navegation/workspace_full_conected/install/octomap_mapping:/home/rhobtor/PHD/reactive/Reactive-Navegation/workspace_full_conected/install/octomap_server:/home/rhobtor/PHD/reactive/Reactive-Navegation/workspace_full_conected/install/octomap_rviz_plugins:/home/rhobtor/PHD/reactive/Reactive-Navegation/workspace_full_conected/install/hector_gazebo_plugins:/home/rhobtor/PHD/reactive/Reactive-Navegation/workspace_full_conected/install/car_cpp:/home/rhobtor/PHD/reactive/Reactive-Navegation/workspace_full_conected/install/car_interfaces LD_LIBRARY_PATH=/home/rhobtor/PHD/ARGOJ8_IA/install/car_interfaces/lib:/home/rhobtor/PHD/ARGOJ8_IA/install/octomap_server/lib:/home/rhobtor/PHD/ARGOJ8_IA/install/octomap_rviz_plugins/lib:/home/rhobtor/PHD/ARGOJ8_IA/install/j8_xacro_model/lib:/home/rhobtor/PHD/ARGOJ8_IA/install/hector_gazebo_plugins/lib:/home/rhobtor/PHD/ARGOJ8_IA/install/fixposition_sensor_pkg/lib:/home/rhobtor/PHD/ARGOJ8_IA/install/car_cpp/lib:/home/rhobtor/PHD/ARGOJ8_IA/install/argj801_ctl_platform_interfaces/lib:/home/rhobtor/packages/install/grid_map_demos/lib:/home/rhobtor/packages/install/grid_map_visualization/lib:/home/rhobtor/packages/install/grid_map_sdf/lib:/home/rhobtor/packages/install/grid_map_rviz_plugin/lib:/home/rhobtor/packages/install/grid_map_pcl/lib:/home/rhobtor/packages/install/grid_map_loader/lib:/home/rhobtor/packages/install/grid_map_filters/lib:/home/rhobtor/packages/install/grid_map_ros/lib:/home/rhobtor/packages/install/grid_map_octomap/lib:/home/rhobtor/packages/install/grid_map_msgs/lib:/home/rhobtor/packages/install/grid_map_cv/lib:/home/rhobtor/packages/install/grid_map_costmap_2d/lib:/home/rhobtor/packages/install/grid_map_core/lib:/home/rhobtor/PHD/reactive/Reactive-Navegation/workspace_full_conected/install/octomap_server/lib:/home/rhobtor/PHD/reactive/Reactive-Navegation/workspace_full_conected/install/octomap_rviz_plugins/lib:/home/rhobtor/PHD/reactive/Reactive-Navegation/workspace_full_conected/install/hector_gazebo_plugins/lib:/home/rhobtor/PHD/reactive/Reactive-Navegation/workspace_full_conected/install/car_cpp/lib:/home/rhobtor/PHD/reactive/Reactive-Navegation/workspace_full_conected/install/car_interfaces/lib:/usr/lib/x86_64-linux-gnu/gazebo-11/plugins:/opt/ros/humble/opt/rviz_ogre_vendor/lib:/opt/ros/humble/lib/x86_64-linux-gnu:/opt/ros/humble/lib PYTHONPATH=/home/rhobtor/PHD/ARGOJ8_IA/build/car/prefix_override:/usr/lib/python3/dist-packages/colcon_core/task/python/colcon_distutils_commands:/home/rhobtor/PHD/ARGOJ8_IA/install/car/lib/python3.10/site-packages:${PYTHONPATH} /usr/bin/python3 -W ignore:setup.py install is deprecated -W ignore:easy_install command is deprecated setup.py egg_info --egg-base ../../build/car build --build-base /home/rhobtor/PHD/ARGOJ8_IA/build/car/build install --record /home/rhobtor/PHD/ARGOJ8_IA/build/car/install.log --single-version-externally-managed install_data
[5.771s] Level 1:colcon.colcon_core.environment:checking '/home/rhobtor/PHD/ARGOJ8_IA/install/car' for CMake config files
[5.777s] Level 1:colcon.colcon_core.environment:checking '/home/rhobtor/PHD/ARGOJ8_IA/install/car/lib'
[5.778s] Level 1:colcon.colcon_core.environment:checking '/home/rhobtor/PHD/ARGOJ8_IA/install/car/bin'
[5.778s] Level 1:colcon.colcon_core.environment:checking '/home/rhobtor/PHD/ARGOJ8_IA/install/car/lib/pkgconfig/car.pc'
[5.780s] Level 1:colcon.colcon_core.environment:checking '/home/rhobtor/PHD/ARGOJ8_IA/install/car/lib/python3.10/site-packages'
[5.781s] Level 1:colcon.colcon_core.shell:create_environment_hook('car', 'pythonpath')
[5.783s] INFO:colcon.colcon_core.shell:Creating environment hook '/home/rhobtor/PHD/ARGOJ8_IA/install/car/share/car/hook/pythonpath.ps1'
[5.786s] INFO:colcon.colcon_core.shell:Creating environment descriptor '/home/rhobtor/PHD/ARGOJ8_IA/install/car/share/car/hook/pythonpath.dsv'
[5.789s] INFO:colcon.colcon_core.shell:Creating environment hook '/home/rhobtor/PHD/ARGOJ8_IA/install/car/share/car/hook/pythonpath.sh'
[5.793s] Level 1:colcon.colcon_core.environment:checking '/home/rhobtor/PHD/ARGOJ8_IA/install/car/bin'
[5.794s] Level 1:colcon.colcon_core.environment:create_environment_scripts_only(car)
[5.797s] INFO:colcon.colcon_core.shell:Creating package script '/home/rhobtor/PHD/ARGOJ8_IA/install/car/share/car/package.ps1'
[5.801s] INFO:colcon.colcon_core.shell:Creating package descriptor '/home/rhobtor/PHD/ARGOJ8_IA/install/car/share/car/package.dsv'
[5.805s] INFO:colcon.colcon_core.shell:Creating package script '/home/rhobtor/PHD/ARGOJ8_IA/install/car/share/car/package.sh'
[5.809s] INFO:colcon.colcon_core.shell:Creating package script '/home/rhobtor/PHD/ARGOJ8_IA/install/car/share/car/package.bash'
[5.812s] INFO:colcon.colcon_core.shell:Creating package script '/home/rhobtor/PHD/ARGOJ8_IA/install/car/share/car/package.zsh'
[5.815s] Level 1:colcon.colcon_core.environment:create_file_with_runtime_dependencies(/home/rhobtor/PHD/ARGOJ8_IA/install/car/share/colcon-core/packages/car)
[5.818s] DEBUG:colcon.colcon_parallel_executor.executor.parallel:closing loop
[5.823s] DEBUG:colcon.colcon_parallel_executor.executor.parallel:loop closed
[5.823s] DEBUG:colcon.colcon_parallel_executor.executor.parallel:run_until_complete finished with '0'
[5.823s] DEBUG:colcon.colcon_core.event_reactor:joining thread
[5.835s] INFO:colcon.colcon_core.plugin_system:Skipping extension 'colcon_notification.desktop_notification.terminal_notifier': Not used on non-Darwin systems
[5.835s] INFO:colcon.colcon_core.plugin_system:Skipping extension 'colcon_notification.desktop_notification.win32': Not used on non-Windows systems
[5.835s] INFO:colcon.colcon_notification.desktop_notification:Sending desktop notification using 'notify2'
[5.894s] DEBUG:colcon.colcon_core.event_reactor:joined thread
[5.894s] INFO:colcon.colcon_core.shell:Creating prefix script '/home/rhobtor/PHD/ARGOJ8_IA/install/local_setup.ps1'
[5.896s] INFO:colcon.colcon_core.shell:Creating prefix util module '/home/rhobtor/PHD/ARGOJ8_IA/install/_local_setup_util_ps1.py'
[5.898s] INFO:colcon.colcon_core.shell:Creating prefix chain script '/home/rhobtor/PHD/ARGOJ8_IA/install/setup.ps1'
[5.901s] INFO:colcon.colcon_core.shell:Creating prefix script '/home/rhobtor/PHD/ARGOJ8_IA/install/local_setup.sh'
[5.902s] INFO:colcon.colcon_core.shell:Creating prefix util module '/home/rhobtor/PHD/ARGOJ8_IA/install/_local_setup_util_sh.py'
[5.903s] INFO:colcon.colcon_core.shell:Creating prefix chain script '/home/rhobtor/PHD/ARGOJ8_IA/install/setup.sh'
[5.906s] INFO:colcon.colcon_core.shell:Creating prefix script '/home/rhobtor/PHD/ARGOJ8_IA/install/local_setup.bash'
[5.907s] INFO:colcon.colcon_core.shell:Creating prefix chain script '/home/rhobtor/PHD/ARGOJ8_IA/install/setup.bash'
[5.910s] INFO:colcon.colcon_core.shell:Creating prefix script '/home/rhobtor/PHD/ARGOJ8_IA/install/local_setup.zsh'
[5.910s] INFO:colcon.colcon_core.shell:Creating prefix chain script '/home/rhobtor/PHD/ARGOJ8_IA/install/setup.zsh'
