[0.088s] DEBUG:colcon:Command line arguments: ['/usr/bin/colcon', 'build']
[0.088s] DEBUG:colcon:Parsed command line arguments: Namespace(log_base=None, log_level=None, verb_name='build', build_base='build', install_base='install', merge_install=False, symlink_install=False, test_result_base=None, continue_on_error=False, executor='parallel', parallel_workers=20, event_handlers=None, ignore_user_meta=False, metas=['./colcon.meta'], base_paths=['.'], packages_ignore=None, packages_ignore_regex=None, paths=None, packages_up_to=None, packages_up_to_regex=None, packages_above=None, packages_above_and_dependencies=None, packages_above_depth=None, packages_select_by_dep=None, packages_skip_by_dep=None, packages_skip_up_to=None, packages_select_build_failed=False, packages_skip_build_finished=False, packages_select_test_failures=False, packages_skip_test_passed=False, packages_select=None, packages_skip=None, packages_select_regex=None, packages_skip_regex=None, packages_start=None, packages_end=None, allow_overriding=[], cmake_args=None, cmake_target=None, cmake_target_skip_unavailable=False, cmake_clean_cache=False, cmake_clean_first=False, cmake_force_configure=False, ament_cmake_args=None, catkin_cmake_args=None, catkin_skip_building_tests=False, mixin_files=None, mixin=None, verb_parser=<colcon_mixin.mixin.mixin_argument.MixinArgumentDecorator object at 0x7c2ec22c8a90>, verb_extension=<colcon_core.verb.build.BuildVerb object at 0x7c2ec23c9f90>, main=<bound method BuildVerb.main of <colcon_core.verb.build.BuildVerb object at 0x7c2ec23c9f90>>, mixin_verb=('build',))
[0.113s] Level 1:colcon.colcon_core.package_discovery:discover_packages(colcon_meta) check parameters
[0.113s] Level 1:colcon.colcon_core.package_discovery:discover_packages(recursive) check parameters
[0.113s] Level 1:colcon.colcon_core.package_discovery:discover_packages(ignore) check parameters
[0.113s] Level 1:colcon.colcon_core.package_discovery:discover_packages(path) check parameters
[0.113s] Level 1:colcon.colcon_core.package_discovery:discover_packages(colcon_meta) discover
[0.113s] Level 1:colcon.colcon_core.package_discovery:discover_packages(recursive) discover
[0.113s] INFO:colcon.colcon_core.package_discovery:Crawling recursively for packages in '/home/rhobtor/PHD/ARGOSJ8_IA/ARGOSJ8_IA_'
[0.113s] Level 1:colcon.colcon_core.package_identification:_identify(.) by extensions ['ignore', 'ignore_ament_install']
[0.113s] Level 1:colcon.colcon_core.package_identification:_identify(.) by extension 'ignore'
[0.113s] Level 1:colcon.colcon_core.package_identification:_identify(.) by extension 'ignore_ament_install'
[0.113s] Level 1:colcon.colcon_core.package_identification:_identify(.) by extensions ['colcon_pkg']
[0.113s] Level 1:colcon.colcon_core.package_identification:_identify(.) by extension 'colcon_pkg'
[0.113s] Level 1:colcon.colcon_core.package_identification:_identify(.) by extensions ['colcon_meta']
[0.113s] Level 1:colcon.colcon_core.package_identification:_identify(.) by extension 'colcon_meta'
[0.113s] Level 1:colcon.colcon_core.package_identification:_identify(.) by extensions ['ros']
[0.113s] Level 1:colcon.colcon_core.package_identification:_identify(.) by extension 'ros'
[0.123s] Level 1:colcon.colcon_core.package_identification:_identify(.) by extensions ['cmake', 'python']
[0.123s] Level 1:colcon.colcon_core.package_identification:_identify(.) by extension 'cmake'
[0.123s] Level 1:colcon.colcon_core.package_identification:_identify(.) by extension 'python'
[0.123s] Level 1:colcon.colcon_core.package_identification:_identify(.) by extensions ['python_setup_py']
[0.123s] Level 1:colcon.colcon_core.package_identification:_identify(.) by extension 'python_setup_py'
[0.123s] Level 1:colcon.colcon_core.package_identification:_identify(bags) by extensions ['ignore', 'ignore_ament_install']
[0.123s] Level 1:colcon.colcon_core.package_identification:_identify(bags) by extension 'ignore'
[0.123s] Level 1:colcon.colcon_core.package_identification:_identify(bags) by extension 'ignore_ament_install'
[0.123s] Level 1:colcon.colcon_core.package_identification:_identify(bags) by extensions ['colcon_pkg']
[0.123s] Level 1:colcon.colcon_core.package_identification:_identify(bags) by extension 'colcon_pkg'
[0.123s] Level 1:colcon.colcon_core.package_identification:_identify(bags) by extensions ['colcon_meta']
[0.123s] Level 1:colcon.colcon_core.package_identification:_identify(bags) by extension 'colcon_meta'
[0.123s] Level 1:colcon.colcon_core.package_identification:_identify(bags) by extensions ['ros']
[0.123s] Level 1:colcon.colcon_core.package_identification:_identify(bags) by extension 'ros'
[0.123s] Level 1:colcon.colcon_core.package_identification:_identify(bags) by extensions ['cmake', 'python']
[0.123s] Level 1:colcon.colcon_core.package_identification:_identify(bags) by extension 'cmake'
[0.124s] Level 1:colcon.colcon_core.package_identification:_identify(bags) by extension 'python'
[0.124s] Level 1:colcon.colcon_core.package_identification:_identify(bags) by extensions ['python_setup_py']
[0.124s] Level 1:colcon.colcon_core.package_identification:_identify(bags) by extension 'python_setup_py'
[0.124s] Level 1:colcon.colcon_core.package_identification:_identify(bags/OCRA_trial01) by extensions ['ignore', 'ignore_ament_install']
[0.124s] Level 1:colcon.colcon_core.package_identification:_identify(bags/OCRA_trial01) by extension 'ignore'
[0.124s] Level 1:colcon.colcon_core.package_identification:_identify(bags/OCRA_trial01) by extension 'ignore_ament_install'
[0.124s] Level 1:colcon.colcon_core.package_identification:_identify(bags/OCRA_trial01) by extensions ['colcon_pkg']
[0.124s] Level 1:colcon.colcon_core.package_identification:_identify(bags/OCRA_trial01) by extension 'colcon_pkg'
[0.124s] Level 1:colcon.colcon_core.package_identification:_identify(bags/OCRA_trial01) by extensions ['colcon_meta']
[0.124s] Level 1:colcon.colcon_core.package_identification:_identify(bags/OCRA_trial01) by extension 'colcon_meta'
[0.124s] Level 1:colcon.colcon_core.package_identification:_identify(bags/OCRA_trial01) by extensions ['ros']
[0.124s] Level 1:colcon.colcon_core.package_identification:_identify(bags/OCRA_trial01) by extension 'ros'
[0.124s] Level 1:colcon.colcon_core.package_identification:_identify(bags/OCRA_trial01) by extensions ['cmake', 'python']
[0.124s] Level 1:colcon.colcon_core.package_identification:_identify(bags/OCRA_trial01) by extension 'cmake'
[0.124s] Level 1:colcon.colcon_core.package_identification:_identify(bags/OCRA_trial01) by extension 'python'
[0.124s] Level 1:colcon.colcon_core.package_identification:_identify(bags/OCRA_trial01) by extensions ['python_setup_py']
[0.124s] Level 1:colcon.colcon_core.package_identification:_identify(bags/OCRA_trial01) by extension 'python_setup_py'
[0.124s] Level 1:colcon.colcon_core.package_identification:_identify(build) by extensions ['ignore', 'ignore_ament_install']
[0.124s] Level 1:colcon.colcon_core.package_identification:_identify(build) by extension 'ignore'
[0.124s] Level 1:colcon.colcon_core.package_identification:_identify(build) ignored
[0.124s] Level 1:colcon.colcon_core.package_identification:_identify(csv_out_ocra_trial01_all) by extensions ['ignore', 'ignore_ament_install']
[0.124s] Level 1:colcon.colcon_core.package_identification:_identify(csv_out_ocra_trial01_all) by extension 'ignore'
[0.124s] Level 1:colcon.colcon_core.package_identification:_identify(csv_out_ocra_trial01_all) by extension 'ignore_ament_install'
[0.124s] Level 1:colcon.colcon_core.package_identification:_identify(csv_out_ocra_trial01_all) by extensions ['colcon_pkg']
[0.124s] Level 1:colcon.colcon_core.package_identification:_identify(csv_out_ocra_trial01_all) by extension 'colcon_pkg'
[0.124s] Level 1:colcon.colcon_core.package_identification:_identify(csv_out_ocra_trial01_all) by extensions ['colcon_meta']
[0.124s] Level 1:colcon.colcon_core.package_identification:_identify(csv_out_ocra_trial01_all) by extension 'colcon_meta'
[0.124s] Level 1:colcon.colcon_core.package_identification:_identify(csv_out_ocra_trial01_all) by extensions ['ros']
[0.124s] Level 1:colcon.colcon_core.package_identification:_identify(csv_out_ocra_trial01_all) by extension 'ros'
[0.124s] Level 1:colcon.colcon_core.package_identification:_identify(csv_out_ocra_trial01_all) by extensions ['cmake', 'python']
[0.124s] Level 1:colcon.colcon_core.package_identification:_identify(csv_out_ocra_trial01_all) by extension 'cmake'
[0.124s] Level 1:colcon.colcon_core.package_identification:_identify(csv_out_ocra_trial01_all) by extension 'python'
[0.124s] Level 1:colcon.colcon_core.package_identification:_identify(csv_out_ocra_trial01_all) by extensions ['python_setup_py']
[0.124s] Level 1:colcon.colcon_core.package_identification:_identify(csv_out_ocra_trial01_all) by extension 'python_setup_py'
[0.124s] Level 1:colcon.colcon_core.package_identification:_identify(imgs) by extensions ['ignore', 'ignore_ament_install']
[0.124s] Level 1:colcon.colcon_core.package_identification:_identify(imgs) by extension 'ignore'
[0.124s] Level 1:colcon.colcon_core.package_identification:_identify(imgs) by extension 'ignore_ament_install'
[0.124s] Level 1:colcon.colcon_core.package_identification:_identify(imgs) by extensions ['colcon_pkg']
[0.124s] Level 1:colcon.colcon_core.package_identification:_identify(imgs) by extension 'colcon_pkg'
[0.124s] Level 1:colcon.colcon_core.package_identification:_identify(imgs) by extensions ['colcon_meta']
[0.124s] Level 1:colcon.colcon_core.package_identification:_identify(imgs) by extension 'colcon_meta'
[0.124s] Level 1:colcon.colcon_core.package_identification:_identify(imgs) by extensions ['ros']
[0.124s] Level 1:colcon.colcon_core.package_identification:_identify(imgs) by extension 'ros'
[0.125s] Level 1:colcon.colcon_core.package_identification:_identify(imgs) by extensions ['cmake', 'python']
[0.125s] Level 1:colcon.colcon_core.package_identification:_identify(imgs) by extension 'cmake'
[0.125s] Level 1:colcon.colcon_core.package_identification:_identify(imgs) by extension 'python'
[0.125s] Level 1:colcon.colcon_core.package_identification:_identify(imgs) by extensions ['python_setup_py']
[0.125s] Level 1:colcon.colcon_core.package_identification:_identify(imgs) by extension 'python_setup_py'
[0.125s] Level 1:colcon.colcon_core.package_identification:_identify(install) by extensions ['ignore', 'ignore_ament_install']
[0.125s] Level 1:colcon.colcon_core.package_identification:_identify(install) by extension 'ignore'
[0.125s] Level 1:colcon.colcon_core.package_identification:_identify(install) ignored
[0.125s] Level 1:colcon.colcon_core.package_identification:_identify(log) by extensions ['ignore', 'ignore_ament_install']
[0.125s] Level 1:colcon.colcon_core.package_identification:_identify(log) by extension 'ignore'
[0.125s] Level 1:colcon.colcon_core.package_identification:_identify(log) ignored
[0.125s] Level 1:colcon.colcon_core.package_identification:_identify(logs) by extensions ['ignore', 'ignore_ament_install']
[0.125s] Level 1:colcon.colcon_core.package_identification:_identify(logs) by extension 'ignore'
[0.125s] Level 1:colcon.colcon_core.package_identification:_identify(logs) by extension 'ignore_ament_install'
[0.125s] Level 1:colcon.colcon_core.package_identification:_identify(logs) by extensions ['colcon_pkg']
[0.125s] Level 1:colcon.colcon_core.package_identification:_identify(logs) by extension 'colcon_pkg'
[0.125s] Level 1:colcon.colcon_core.package_identification:_identify(logs) by extensions ['colcon_meta']
[0.125s] Level 1:colcon.colcon_core.package_identification:_identify(logs) by extension 'colcon_meta'
[0.125s] Level 1:colcon.colcon_core.package_identification:_identify(logs) by extensions ['ros']
[0.125s] Level 1:colcon.colcon_core.package_identification:_identify(logs) by extension 'ros'
[0.125s] Level 1:colcon.colcon_core.package_identification:_identify(logs) by extensions ['cmake', 'python']
[0.125s] Level 1:colcon.colcon_core.package_identification:_identify(logs) by extension 'cmake'
[0.125s] Level 1:colcon.colcon_core.package_identification:_identify(logs) by extension 'python'
[0.125s] Level 1:colcon.colcon_core.package_identification:_identify(logs) by extensions ['python_setup_py']
[0.125s] Level 1:colcon.colcon_core.package_identification:_identify(logs) by extension 'python_setup_py'
[0.125s] Level 1:colcon.colcon_core.package_identification:_identify(logs/run_20250722_011221) by extensions ['ignore', 'ignore_ament_install']
[0.125s] Level 1:colcon.colcon_core.package_identification:_identify(logs/run_20250722_011221) by extension 'ignore'
[0.125s] Level 1:colcon.colcon_core.package_identification:_identify(logs/run_20250722_011221) by extension 'ignore_ament_install'
[0.125s] Level 1:colcon.colcon_core.package_identification:_identify(logs/run_20250722_011221) by extensions ['colcon_pkg']
[0.125s] Level 1:colcon.colcon_core.package_identification:_identify(logs/run_20250722_011221) by extension 'colcon_pkg'
[0.125s] Level 1:colcon.colcon_core.package_identification:_identify(logs/run_20250722_011221) by extensions ['colcon_meta']
[0.125s] Level 1:colcon.colcon_core.package_identification:_identify(logs/run_20250722_011221) by extension 'colcon_meta'
[0.125s] Level 1:colcon.colcon_core.package_identification:_identify(logs/run_20250722_011221) by extensions ['ros']
[0.125s] Level 1:colcon.colcon_core.package_identification:_identify(logs/run_20250722_011221) by extension 'ros'
[0.125s] Level 1:colcon.colcon_core.package_identification:_identify(logs/run_20250722_011221) by extensions ['cmake', 'python']
[0.125s] Level 1:colcon.colcon_core.package_identification:_identify(logs/run_20250722_011221) by extension 'cmake'
[0.125s] Level 1:colcon.colcon_core.package_identification:_identify(logs/run_20250722_011221) by extension 'python'
[0.125s] Level 1:colcon.colcon_core.package_identification:_identify(logs/run_20250722_011221) by extensions ['python_setup_py']
[0.125s] Level 1:colcon.colcon_core.package_identification:_identify(logs/run_20250722_011221) by extension 'python_setup_py'
[0.125s] Level 1:colcon.colcon_core.package_identification:_identify(logs/run_20250722_011221/grad_norms) by extensions ['ignore', 'ignore_ament_install']
[0.125s] Level 1:colcon.colcon_core.package_identification:_identify(logs/run_20250722_011221/grad_norms) by extension 'ignore'
[0.125s] Level 1:colcon.colcon_core.package_identification:_identify(logs/run_20250722_011221/grad_norms) by extension 'ignore_ament_install'
[0.125s] Level 1:colcon.colcon_core.package_identification:_identify(logs/run_20250722_011221/grad_norms) by extensions ['colcon_pkg']
[0.126s] Level 1:colcon.colcon_core.package_identification:_identify(logs/run_20250722_011221/grad_norms) by extension 'colcon_pkg'
[0.126s] Level 1:colcon.colcon_core.package_identification:_identify(logs/run_20250722_011221/grad_norms) by extensions ['colcon_meta']
[0.126s] Level 1:colcon.colcon_core.package_identification:_identify(logs/run_20250722_011221/grad_norms) by extension 'colcon_meta'
[0.126s] Level 1:colcon.colcon_core.package_identification:_identify(logs/run_20250722_011221/grad_norms) by extensions ['ros']
[0.126s] Level 1:colcon.colcon_core.package_identification:_identify(logs/run_20250722_011221/grad_norms) by extension 'ros'
[0.126s] Level 1:colcon.colcon_core.package_identification:_identify(logs/run_20250722_011221/grad_norms) by extensions ['cmake', 'python']
[0.126s] Level 1:colcon.colcon_core.package_identification:_identify(logs/run_20250722_011221/grad_norms) by extension 'cmake'
[0.126s] Level 1:colcon.colcon_core.package_identification:_identify(logs/run_20250722_011221/grad_norms) by extension 'python'
[0.126s] Level 1:colcon.colcon_core.package_identification:_identify(logs/run_20250722_011221/grad_norms) by extensions ['python_setup_py']
[0.126s] Level 1:colcon.colcon_core.package_identification:_identify(logs/run_20250722_011221/grad_norms) by extension 'python_setup_py'
[0.126s] Level 1:colcon.colcon_core.package_identification:_identify(logs/run_20250722_013429) by extensions ['ignore', 'ignore_ament_install']
[0.126s] Level 1:colcon.colcon_core.package_identification:_identify(logs/run_20250722_013429) by extension 'ignore'
[0.126s] Level 1:colcon.colcon_core.package_identification:_identify(logs/run_20250722_013429) by extension 'ignore_ament_install'
[0.126s] Level 1:colcon.colcon_core.package_identification:_identify(logs/run_20250722_013429) by extensions ['colcon_pkg']
[0.126s] Level 1:colcon.colcon_core.package_identification:_identify(logs/run_20250722_013429) by extension 'colcon_pkg'
[0.126s] Level 1:colcon.colcon_core.package_identification:_identify(logs/run_20250722_013429) by extensions ['colcon_meta']
[0.126s] Level 1:colcon.colcon_core.package_identification:_identify(logs/run_20250722_013429) by extension 'colcon_meta'
[0.126s] Level 1:colcon.colcon_core.package_identification:_identify(logs/run_20250722_013429) by extensions ['ros']
[0.126s] Level 1:colcon.colcon_core.package_identification:_identify(logs/run_20250722_013429) by extension 'ros'
[0.126s] Level 1:colcon.colcon_core.package_identification:_identify(logs/run_20250722_013429) by extensions ['cmake', 'python']
[0.126s] Level 1:colcon.colcon_core.package_identification:_identify(logs/run_20250722_013429) by extension 'cmake'
[0.126s] Level 1:colcon.colcon_core.package_identification:_identify(logs/run_20250722_013429) by extension 'python'
[0.126s] Level 1:colcon.colcon_core.package_identification:_identify(logs/run_20250722_013429) by extensions ['python_setup_py']
[0.126s] Level 1:colcon.colcon_core.package_identification:_identify(logs/run_20250722_013429) by extension 'python_setup_py'
[0.126s] Level 1:colcon.colcon_core.package_identification:_identify(logs/run_20250722_013429/grad_norms) by extensions ['ignore', 'ignore_ament_install']
[0.126s] Level 1:colcon.colcon_core.package_identification:_identify(logs/run_20250722_013429/grad_norms) by extension 'ignore'
[0.126s] Level 1:colcon.colcon_core.package_identification:_identify(logs/run_20250722_013429/grad_norms) by extension 'ignore_ament_install'
[0.126s] Level 1:colcon.colcon_core.package_identification:_identify(logs/run_20250722_013429/grad_norms) by extensions ['colcon_pkg']
[0.126s] Level 1:colcon.colcon_core.package_identification:_identify(logs/run_20250722_013429/grad_norms) by extension 'colcon_pkg'
[0.126s] Level 1:colcon.colcon_core.package_identification:_identify(logs/run_20250722_013429/grad_norms) by extensions ['colcon_meta']
[0.126s] Level 1:colcon.colcon_core.package_identification:_identify(logs/run_20250722_013429/grad_norms) by extension 'colcon_meta'
[0.126s] Level 1:colcon.colcon_core.package_identification:_identify(logs/run_20250722_013429/grad_norms) by extensions ['ros']
[0.126s] Level 1:colcon.colcon_core.package_identification:_identify(logs/run_20250722_013429/grad_norms) by extension 'ros'
[0.126s] Level 1:colcon.colcon_core.package_identification:_identify(logs/run_20250722_013429/grad_norms) by extensions ['cmake', 'python']
[0.126s] Level 1:colcon.colcon_core.package_identification:_identify(logs/run_20250722_013429/grad_norms) by extension 'cmake'
[0.126s] Level 1:colcon.colcon_core.package_identification:_identify(logs/run_20250722_013429/grad_norms) by extension 'python'
[0.126s] Level 1:colcon.colcon_core.package_identification:_identify(logs/run_20250722_013429/grad_norms) by extensions ['python_setup_py']
[0.126s] Level 1:colcon.colcon_core.package_identification:_identify(logs/run_20250722_013429/grad_norms) by extension 'python_setup_py'
[0.126s] Level 1:colcon.colcon_core.package_identification:_identify(logs/run_20250722_092644) by extensions ['ignore', 'ignore_ament_install']
[0.126s] Level 1:colcon.colcon_core.package_identification:_identify(logs/run_20250722_092644) by extension 'ignore'
[0.126s] Level 1:colcon.colcon_core.package_identification:_identify(logs/run_20250722_092644) by extension 'ignore_ament_install'
[0.126s] Level 1:colcon.colcon_core.package_identification:_identify(logs/run_20250722_092644) by extensions ['colcon_pkg']
[0.126s] Level 1:colcon.colcon_core.package_identification:_identify(logs/run_20250722_092644) by extension 'colcon_pkg'
[0.126s] Level 1:colcon.colcon_core.package_identification:_identify(logs/run_20250722_092644) by extensions ['colcon_meta']
[0.126s] Level 1:colcon.colcon_core.package_identification:_identify(logs/run_20250722_092644) by extension 'colcon_meta'
[0.126s] Level 1:colcon.colcon_core.package_identification:_identify(logs/run_20250722_092644) by extensions ['ros']
[0.126s] Level 1:colcon.colcon_core.package_identification:_identify(logs/run_20250722_092644) by extension 'ros'
[0.126s] Level 1:colcon.colcon_core.package_identification:_identify(logs/run_20250722_092644) by extensions ['cmake', 'python']
[0.126s] Level 1:colcon.colcon_core.package_identification:_identify(logs/run_20250722_092644) by extension 'cmake'
[0.127s] Level 1:colcon.colcon_core.package_identification:_identify(logs/run_20250722_092644) by extension 'python'
[0.127s] Level 1:colcon.colcon_core.package_identification:_identify(logs/run_20250722_092644) by extensions ['python_setup_py']
[0.127s] Level 1:colcon.colcon_core.package_identification:_identify(logs/run_20250722_092644) by extension 'python_setup_py'
[0.127s] Level 1:colcon.colcon_core.package_identification:_identify(logs/run_20250722_092644/grad_norms) by extensions ['ignore', 'ignore_ament_install']
[0.127s] Level 1:colcon.colcon_core.package_identification:_identify(logs/run_20250722_092644/grad_norms) by extension 'ignore'
[0.127s] Level 1:colcon.colcon_core.package_identification:_identify(logs/run_20250722_092644/grad_norms) by extension 'ignore_ament_install'
[0.127s] Level 1:colcon.colcon_core.package_identification:_identify(logs/run_20250722_092644/grad_norms) by extensions ['colcon_pkg']
[0.127s] Level 1:colcon.colcon_core.package_identification:_identify(logs/run_20250722_092644/grad_norms) by extension 'colcon_pkg'
[0.127s] Level 1:colcon.colcon_core.package_identification:_identify(logs/run_20250722_092644/grad_norms) by extensions ['colcon_meta']
[0.127s] Level 1:colcon.colcon_core.package_identification:_identify(logs/run_20250722_092644/grad_norms) by extension 'colcon_meta'
[0.127s] Level 1:colcon.colcon_core.package_identification:_identify(logs/run_20250722_092644/grad_norms) by extensions ['ros']
[0.127s] Level 1:colcon.colcon_core.package_identification:_identify(logs/run_20250722_092644/grad_norms) by extension 'ros'
[0.127s] Level 1:colcon.colcon_core.package_identification:_identify(logs/run_20250722_092644/grad_norms) by extensions ['cmake', 'python']
[0.127s] Level 1:colcon.colcon_core.package_identification:_identify(logs/run_20250722_092644/grad_norms) by extension 'cmake'
[0.127s] Level 1:colcon.colcon_core.package_identification:_identify(logs/run_20250722_092644/grad_norms) by extension 'python'
[0.127s] Level 1:colcon.colcon_core.package_identification:_identify(logs/run_20250722_092644/grad_norms) by extensions ['python_setup_py']
[0.127s] Level 1:colcon.colcon_core.package_identification:_identify(logs/run_20250722_092644/grad_norms) by extension 'python_setup_py'
[0.127s] Level 1:colcon.colcon_core.package_identification:_identify(models) by extensions ['ignore', 'ignore_ament_install']
[0.127s] Level 1:colcon.colcon_core.package_identification:_identify(models) by extension 'ignore'
[0.127s] Level 1:colcon.colcon_core.package_identification:_identify(models) by extension 'ignore_ament_install'
[0.127s] Level 1:colcon.colcon_core.package_identification:_identify(models) by extensions ['colcon_pkg']
[0.127s] Level 1:colcon.colcon_core.package_identification:_identify(models) by extension 'colcon_pkg'
[0.127s] Level 1:colcon.colcon_core.package_identification:_identify(models) by extensions ['colcon_meta']
[0.127s] Level 1:colcon.colcon_core.package_identification:_identify(models) by extension 'colcon_meta'
[0.127s] Level 1:colcon.colcon_core.package_identification:_identify(models) by extensions ['ros']
[0.127s] Level 1:colcon.colcon_core.package_identification:_identify(models) by extension 'ros'
[0.127s] Level 1:colcon.colcon_core.package_identification:_identify(models) by extensions ['cmake', 'python']
[0.127s] Level 1:colcon.colcon_core.package_identification:_identify(models) by extension 'cmake'
[0.127s] Level 1:colcon.colcon_core.package_identification:_identify(models) by extension 'python'
[0.127s] Level 1:colcon.colcon_core.package_identification:_identify(models) by extensions ['python_setup_py']
[0.127s] Level 1:colcon.colcon_core.package_identification:_identify(models) by extension 'python_setup_py'
[0.127s] Level 1:colcon.colcon_core.package_identification:_identify(models/easy_world1) by extensions ['ignore', 'ignore_ament_install']
[0.127s] Level 1:colcon.colcon_core.package_identification:_identify(models/easy_world1) by extension 'ignore'
[0.127s] Level 1:colcon.colcon_core.package_identification:_identify(models/easy_world1) by extension 'ignore_ament_install'
[0.127s] Level 1:colcon.colcon_core.package_identification:_identify(models/easy_world1) by extensions ['colcon_pkg']
[0.127s] Level 1:colcon.colcon_core.package_identification:_identify(models/easy_world1) by extension 'colcon_pkg'
[0.127s] Level 1:colcon.colcon_core.package_identification:_identify(models/easy_world1) by extensions ['colcon_meta']
[0.127s] Level 1:colcon.colcon_core.package_identification:_identify(models/easy_world1) by extension 'colcon_meta'
[0.127s] Level 1:colcon.colcon_core.package_identification:_identify(models/easy_world1) by extensions ['ros']
[0.127s] Level 1:colcon.colcon_core.package_identification:_identify(models/easy_world1) by extension 'ros'
[0.127s] Level 1:colcon.colcon_core.package_identification:_identify(models/easy_world1) by extensions ['cmake', 'python']
[0.127s] Level 1:colcon.colcon_core.package_identification:_identify(models/easy_world1) by extension 'cmake'
[0.127s] Level 1:colcon.colcon_core.package_identification:_identify(models/easy_world1) by extension 'python'
[0.127s] Level 1:colcon.colcon_core.package_identification:_identify(models/easy_world1) by extensions ['python_setup_py']
[0.127s] Level 1:colcon.colcon_core.package_identification:_identify(models/easy_world1) by extension 'python_setup_py'
[0.127s] Level 1:colcon.colcon_core.package_identification:_identify(models/easy_world1/media) by extensions ['ignore', 'ignore_ament_install']
[0.127s] Level 1:colcon.colcon_core.package_identification:_identify(models/easy_world1/media) by extension 'ignore'
[0.128s] Level 1:colcon.colcon_core.package_identification:_identify(models/easy_world1/media) by extension 'ignore_ament_install'
[0.128s] Level 1:colcon.colcon_core.package_identification:_identify(models/easy_world1/media) by extensions ['colcon_pkg']
[0.128s] Level 1:colcon.colcon_core.package_identification:_identify(models/easy_world1/media) by extension 'colcon_pkg'
[0.128s] Level 1:colcon.colcon_core.package_identification:_identify(models/easy_world1/media) by extensions ['colcon_meta']
[0.128s] Level 1:colcon.colcon_core.package_identification:_identify(models/easy_world1/media) by extension 'colcon_meta'
[0.128s] Level 1:colcon.colcon_core.package_identification:_identify(models/easy_world1/media) by extensions ['ros']
[0.128s] Level 1:colcon.colcon_core.package_identification:_identify(models/easy_world1/media) by extension 'ros'
[0.128s] Level 1:colcon.colcon_core.package_identification:_identify(models/easy_world1/media) by extensions ['cmake', 'python']
[0.128s] Level 1:colcon.colcon_core.package_identification:_identify(models/easy_world1/media) by extension 'cmake'
[0.128s] Level 1:colcon.colcon_core.package_identification:_identify(models/easy_world1/media) by extension 'python'
[0.128s] Level 1:colcon.colcon_core.package_identification:_identify(models/easy_world1/media) by extensions ['python_setup_py']
[0.128s] Level 1:colcon.colcon_core.package_identification:_identify(models/easy_world1/media) by extension 'python_setup_py'
[0.128s] Level 1:colcon.colcon_core.package_identification:_identify(models/easy_world1/media/Textures) by extensions ['ignore', 'ignore_ament_install']
[0.128s] Level 1:colcon.colcon_core.package_identification:_identify(models/easy_world1/media/Textures) by extension 'ignore'
[0.128s] Level 1:colcon.colcon_core.package_identification:_identify(models/easy_world1/media/Textures) by extension 'ignore_ament_install'
[0.128s] Level 1:colcon.colcon_core.package_identification:_identify(models/easy_world1/media/Textures) by extensions ['colcon_pkg']
[0.128s] Level 1:colcon.colcon_core.package_identification:_identify(models/easy_world1/media/Textures) by extension 'colcon_pkg'
[0.128s] Level 1:colcon.colcon_core.package_identification:_identify(models/easy_world1/media/Textures) by extensions ['colcon_meta']
[0.128s] Level 1:colcon.colcon_core.package_identification:_identify(models/easy_world1/media/Textures) by extension 'colcon_meta'
[0.128s] Level 1:colcon.colcon_core.package_identification:_identify(models/easy_world1/media/Textures) by extensions ['ros']
[0.128s] Level 1:colcon.colcon_core.package_identification:_identify(models/easy_world1/media/Textures) by extension 'ros'
[0.128s] Level 1:colcon.colcon_core.package_identification:_identify(models/easy_world1/media/Textures) by extensions ['cmake', 'python']
[0.128s] Level 1:colcon.colcon_core.package_identification:_identify(models/easy_world1/media/Textures) by extension 'cmake'
[0.128s] Level 1:colcon.colcon_core.package_identification:_identify(models/easy_world1/media/Textures) by extension 'python'
[0.128s] Level 1:colcon.colcon_core.package_identification:_identify(models/easy_world1/media/Textures) by extensions ['python_setup_py']
[0.128s] Level 1:colcon.colcon_core.package_identification:_identify(models/easy_world1/media/Textures) by extension 'python_setup_py'
[0.128s] Level 1:colcon.colcon_core.package_identification:_identify(models/easy_world1/media/scripts) by extensions ['ignore', 'ignore_ament_install']
[0.128s] Level 1:colcon.colcon_core.package_identification:_identify(models/easy_world1/media/scripts) by extension 'ignore'
[0.128s] Level 1:colcon.colcon_core.package_identification:_identify(models/easy_world1/media/scripts) by extension 'ignore_ament_install'
[0.128s] Level 1:colcon.colcon_core.package_identification:_identify(models/easy_world1/media/scripts) by extensions ['colcon_pkg']
[0.128s] Level 1:colcon.colcon_core.package_identification:_identify(models/easy_world1/media/scripts) by extension 'colcon_pkg'
[0.128s] Level 1:colcon.colcon_core.package_identification:_identify(models/easy_world1/media/scripts) by extensions ['colcon_meta']
[0.128s] Level 1:colcon.colcon_core.package_identification:_identify(models/easy_world1/media/scripts) by extension 'colcon_meta'
[0.128s] Level 1:colcon.colcon_core.package_identification:_identify(models/easy_world1/media/scripts) by extensions ['ros']
[0.128s] Level 1:colcon.colcon_core.package_identification:_identify(models/easy_world1/media/scripts) by extension 'ros'
[0.128s] Level 1:colcon.colcon_core.package_identification:_identify(models/easy_world1/media/scripts) by extensions ['cmake', 'python']
[0.128s] Level 1:colcon.colcon_core.package_identification:_identify(models/easy_world1/media/scripts) by extension 'cmake'
[0.128s] Level 1:colcon.colcon_core.package_identification:_identify(models/easy_world1/media/scripts) by extension 'python'
[0.128s] Level 1:colcon.colcon_core.package_identification:_identify(models/easy_world1/media/scripts) by extensions ['python_setup_py']
[0.128s] Level 1:colcon.colcon_core.package_identification:_identify(models/easy_world1/media/scripts) by extension 'python_setup_py'
[0.128s] Level 1:colcon.colcon_core.package_identification:_identify(models/easy_world1_1) by extensions ['ignore', 'ignore_ament_install']
[0.129s] Level 1:colcon.colcon_core.package_identification:_identify(models/easy_world1_1) by extension 'ignore'
[0.129s] Level 1:colcon.colcon_core.package_identification:_identify(models/easy_world1_1) by extension 'ignore_ament_install'
[0.129s] Level 1:colcon.colcon_core.package_identification:_identify(models/easy_world1_1) by extensions ['colcon_pkg']
[0.129s] Level 1:colcon.colcon_core.package_identification:_identify(models/easy_world1_1) by extension 'colcon_pkg'
[0.129s] Level 1:colcon.colcon_core.package_identification:_identify(models/easy_world1_1) by extensions ['colcon_meta']
[0.129s] Level 1:colcon.colcon_core.package_identification:_identify(models/easy_world1_1) by extension 'colcon_meta'
[0.129s] Level 1:colcon.colcon_core.package_identification:_identify(models/easy_world1_1) by extensions ['ros']
[0.129s] Level 1:colcon.colcon_core.package_identification:_identify(models/easy_world1_1) by extension 'ros'
[0.129s] Level 1:colcon.colcon_core.package_identification:_identify(models/easy_world1_1) by extensions ['cmake', 'python']
[0.129s] Level 1:colcon.colcon_core.package_identification:_identify(models/easy_world1_1) by extension 'cmake'
[0.129s] Level 1:colcon.colcon_core.package_identification:_identify(models/easy_world1_1) by extension 'python'
[0.129s] Level 1:colcon.colcon_core.package_identification:_identify(models/easy_world1_1) by extensions ['python_setup_py']
[0.129s] Level 1:colcon.colcon_core.package_identification:_identify(models/easy_world1_1) by extension 'python_setup_py'
[0.129s] Level 1:colcon.colcon_core.package_identification:_identify(models/easy_world1_1/media) by extensions ['ignore', 'ignore_ament_install']
[0.129s] Level 1:colcon.colcon_core.package_identification:_identify(models/easy_world1_1/media) by extension 'ignore'
[0.129s] Level 1:colcon.colcon_core.package_identification:_identify(models/easy_world1_1/media) by extension 'ignore_ament_install'
[0.129s] Level 1:colcon.colcon_core.package_identification:_identify(models/easy_world1_1/media) by extensions ['colcon_pkg']
[0.129s] Level 1:colcon.colcon_core.package_identification:_identify(models/easy_world1_1/media) by extension 'colcon_pkg'
[0.129s] Level 1:colcon.colcon_core.package_identification:_identify(models/easy_world1_1/media) by extensions ['colcon_meta']
[0.129s] Level 1:colcon.colcon_core.package_identification:_identify(models/easy_world1_1/media) by extension 'colcon_meta'
[0.129s] Level 1:colcon.colcon_core.package_identification:_identify(models/easy_world1_1/media) by extensions ['ros']
[0.129s] Level 1:colcon.colcon_core.package_identification:_identify(models/easy_world1_1/media) by extension 'ros'
[0.129s] Level 1:colcon.colcon_core.package_identification:_identify(models/easy_world1_1/media) by extensions ['cmake', 'python']
[0.129s] Level 1:colcon.colcon_core.package_identification:_identify(models/easy_world1_1/media) by extension 'cmake'
[0.129s] Level 1:colcon.colcon_core.package_identification:_identify(models/easy_world1_1/media) by extension 'python'
[0.129s] Level 1:colcon.colcon_core.package_identification:_identify(models/easy_world1_1/media) by extensions ['python_setup_py']
[0.129s] Level 1:colcon.colcon_core.package_identification:_identify(models/easy_world1_1/media) by extension 'python_setup_py'
[0.129s] Level 1:colcon.colcon_core.package_identification:_identify(models/easy_world1_1/media/Textures) by extensions ['ignore', 'ignore_ament_install']
[0.129s] Level 1:colcon.colcon_core.package_identification:_identify(models/easy_world1_1/media/Textures) by extension 'ignore'
[0.129s] Level 1:colcon.colcon_core.package_identification:_identify(models/easy_world1_1/media/Textures) by extension 'ignore_ament_install'
[0.129s] Level 1:colcon.colcon_core.package_identification:_identify(models/easy_world1_1/media/Textures) by extensions ['colcon_pkg']
[0.129s] Level 1:colcon.colcon_core.package_identification:_identify(models/easy_world1_1/media/Textures) by extension 'colcon_pkg'
[0.129s] Level 1:colcon.colcon_core.package_identification:_identify(models/easy_world1_1/media/Textures) by extensions ['colcon_meta']
[0.129s] Level 1:colcon.colcon_core.package_identification:_identify(models/easy_world1_1/media/Textures) by extension 'colcon_meta'
[0.129s] Level 1:colcon.colcon_core.package_identification:_identify(models/easy_world1_1/media/Textures) by extensions ['ros']
[0.129s] Level 1:colcon.colcon_core.package_identification:_identify(models/easy_world1_1/media/Textures) by extension 'ros'
[0.129s] Level 1:colcon.colcon_core.package_identification:_identify(models/easy_world1_1/media/Textures) by extensions ['cmake', 'python']
[0.129s] Level 1:colcon.colcon_core.package_identification:_identify(models/easy_world1_1/media/Textures) by extension 'cmake'
[0.129s] Level 1:colcon.colcon_core.package_identification:_identify(models/easy_world1_1/media/Textures) by extension 'python'
[0.129s] Level 1:colcon.colcon_core.package_identification:_identify(models/easy_world1_1/media/Textures) by extensions ['python_setup_py']
[0.129s] Level 1:colcon.colcon_core.package_identification:_identify(models/easy_world1_1/media/Textures) by extension 'python_setup_py'
[0.129s] Level 1:colcon.colcon_core.package_identification:_identify(models/easy_world1_1/media/scripts) by extensions ['ignore', 'ignore_ament_install']
[0.129s] Level 1:colcon.colcon_core.package_identification:_identify(models/easy_world1_1/media/scripts) by extension 'ignore'
[0.129s] Level 1:colcon.colcon_core.package_identification:_identify(models/easy_world1_1/media/scripts) by extension 'ignore_ament_install'
[0.129s] Level 1:colcon.colcon_core.package_identification:_identify(models/easy_world1_1/media/scripts) by extensions ['colcon_pkg']
[0.129s] Level 1:colcon.colcon_core.package_identification:_identify(models/easy_world1_1/media/scripts) by extension 'colcon_pkg'
[0.129s] Level 1:colcon.colcon_core.package_identification:_identify(models/easy_world1_1/media/scripts) by extensions ['colcon_meta']
[0.129s] Level 1:colcon.colcon_core.package_identification:_identify(models/easy_world1_1/media/scripts) by extension 'colcon_meta'
[0.130s] Level 1:colcon.colcon_core.package_identification:_identify(models/easy_world1_1/media/scripts) by extensions ['ros']
[0.130s] Level 1:colcon.colcon_core.package_identification:_identify(models/easy_world1_1/media/scripts) by extension 'ros'
[0.130s] Level 1:colcon.colcon_core.package_identification:_identify(models/easy_world1_1/media/scripts) by extensions ['cmake', 'python']
[0.130s] Level 1:colcon.colcon_core.package_identification:_identify(models/easy_world1_1/media/scripts) by extension 'cmake'
[0.130s] Level 1:colcon.colcon_core.package_identification:_identify(models/easy_world1_1/media/scripts) by extension 'python'
[0.130s] Level 1:colcon.colcon_core.package_identification:_identify(models/easy_world1_1/media/scripts) by extensions ['python_setup_py']
[0.130s] Level 1:colcon.colcon_core.package_identification:_identify(models/easy_world1_1/media/scripts) by extension 'python_setup_py'
[0.130s] Level 1:colcon.colcon_core.package_identification:_identify(models/river_and_forest) by extensions ['ignore', 'ignore_ament_install']
[0.130s] Level 1:colcon.colcon_core.package_identification:_identify(models/river_and_forest) by extension 'ignore'
[0.130s] Level 1:colcon.colcon_core.package_identification:_identify(models/river_and_forest) by extension 'ignore_ament_install'
[0.130s] Level 1:colcon.colcon_core.package_identification:_identify(models/river_and_forest) by extensions ['colcon_pkg']
[0.130s] Level 1:colcon.colcon_core.package_identification:_identify(models/river_and_forest) by extension 'colcon_pkg'
[0.130s] Level 1:colcon.colcon_core.package_identification:_identify(models/river_and_forest) by extensions ['colcon_meta']
[0.130s] Level 1:colcon.colcon_core.package_identification:_identify(models/river_and_forest) by extension 'colcon_meta'
[0.130s] Level 1:colcon.colcon_core.package_identification:_identify(models/river_and_forest) by extensions ['ros']
[0.130s] Level 1:colcon.colcon_core.package_identification:_identify(models/river_and_forest) by extension 'ros'
[0.130s] Level 1:colcon.colcon_core.package_identification:_identify(models/river_and_forest) by extensions ['cmake', 'python']
[0.130s] Level 1:colcon.colcon_core.package_identification:_identify(models/river_and_forest) by extension 'cmake'
[0.130s] Level 1:colcon.colcon_core.package_identification:_identify(models/river_and_forest) by extension 'python'
[0.130s] Level 1:colcon.colcon_core.package_identification:_identify(models/river_and_forest) by extensions ['python_setup_py']
[0.130s] Level 1:colcon.colcon_core.package_identification:_identify(models/river_and_forest) by extension 'python_setup_py'
[0.130s] Level 1:colcon.colcon_core.package_identification:_identify(models/river_and_forest/media) by extensions ['ignore', 'ignore_ament_install']
[0.130s] Level 1:colcon.colcon_core.package_identification:_identify(models/river_and_forest/media) by extension 'ignore'
[0.130s] Level 1:colcon.colcon_core.package_identification:_identify(models/river_and_forest/media) by extension 'ignore_ament_install'
[0.130s] Level 1:colcon.colcon_core.package_identification:_identify(models/river_and_forest/media) by extensions ['colcon_pkg']
[0.130s] Level 1:colcon.colcon_core.package_identification:_identify(models/river_and_forest/media) by extension 'colcon_pkg'
[0.130s] Level 1:colcon.colcon_core.package_identification:_identify(models/river_and_forest/media) by extensions ['colcon_meta']
[0.130s] Level 1:colcon.colcon_core.package_identification:_identify(models/river_and_forest/media) by extension 'colcon_meta'
[0.130s] Level 1:colcon.colcon_core.package_identification:_identify(models/river_and_forest/media) by extensions ['ros']
[0.130s] Level 1:colcon.colcon_core.package_identification:_identify(models/river_and_forest/media) by extension 'ros'
[0.130s] Level 1:colcon.colcon_core.package_identification:_identify(models/river_and_forest/media) by extensions ['cmake', 'python']
[0.130s] Level 1:colcon.colcon_core.package_identification:_identify(models/river_and_forest/media) by extension 'cmake'
[0.130s] Level 1:colcon.colcon_core.package_identification:_identify(models/river_and_forest/media) by extension 'python'
[0.130s] Level 1:colcon.colcon_core.package_identification:_identify(models/river_and_forest/media) by extensions ['python_setup_py']
[0.130s] Level 1:colcon.colcon_core.package_identification:_identify(models/river_and_forest/media) by extension 'python_setup_py'
[0.130s] Level 1:colcon.colcon_core.package_identification:_identify(models/river_and_forest/media/Textures) by extensions ['ignore', 'ignore_ament_install']
[0.130s] Level 1:colcon.colcon_core.package_identification:_identify(models/river_and_forest/media/Textures) by extension 'ignore'
[0.130s] Level 1:colcon.colcon_core.package_identification:_identify(models/river_and_forest/media/Textures) by extension 'ignore_ament_install'
[0.130s] Level 1:colcon.colcon_core.package_identification:_identify(models/river_and_forest/media/Textures) by extensions ['colcon_pkg']
[0.130s] Level 1:colcon.colcon_core.package_identification:_identify(models/river_and_forest/media/Textures) by extension 'colcon_pkg'
[0.130s] Level 1:colcon.colcon_core.package_identification:_identify(models/river_and_forest/media/Textures) by extensions ['colcon_meta']
[0.130s] Level 1:colcon.colcon_core.package_identification:_identify(models/river_and_forest/media/Textures) by extension 'colcon_meta'
[0.130s] Level 1:colcon.colcon_core.package_identification:_identify(models/river_and_forest/media/Textures) by extensions ['ros']
[0.130s] Level 1:colcon.colcon_core.package_identification:_identify(models/river_and_forest/media/Textures) by extension 'ros'
[0.130s] Level 1:colcon.colcon_core.package_identification:_identify(models/river_and_forest/media/Textures) by extensions ['cmake', 'python']
[0.130s] Level 1:colcon.colcon_core.package_identification:_identify(models/river_and_forest/media/Textures) by extension 'cmake'
[0.130s] Level 1:colcon.colcon_core.package_identification:_identify(models/river_and_forest/media/Textures) by extension 'python'
[0.130s] Level 1:colcon.colcon_core.package_identification:_identify(models/river_and_forest/media/Textures) by extensions ['python_setup_py']
[0.131s] Level 1:colcon.colcon_core.package_identification:_identify(models/river_and_forest/media/Textures) by extension 'python_setup_py'
[0.131s] Level 1:colcon.colcon_core.package_identification:_identify(models/river_and_forest/media/scripts) by extensions ['ignore', 'ignore_ament_install']
[0.131s] Level 1:colcon.colcon_core.package_identification:_identify(models/river_and_forest/media/scripts) by extension 'ignore'
[0.131s] Level 1:colcon.colcon_core.package_identification:_identify(models/river_and_forest/media/scripts) by extension 'ignore_ament_install'
[0.131s] Level 1:colcon.colcon_core.package_identification:_identify(models/river_and_forest/media/scripts) by extensions ['colcon_pkg']
[0.131s] Level 1:colcon.colcon_core.package_identification:_identify(models/river_and_forest/media/scripts) by extension 'colcon_pkg'
[0.131s] Level 1:colcon.colcon_core.package_identification:_identify(models/river_and_forest/media/scripts) by extensions ['colcon_meta']
[0.131s] Level 1:colcon.colcon_core.package_identification:_identify(models/river_and_forest/media/scripts) by extension 'colcon_meta'
[0.131s] Level 1:colcon.colcon_core.package_identification:_identify(models/river_and_forest/media/scripts) by extensions ['ros']
[0.131s] Level 1:colcon.colcon_core.package_identification:_identify(models/river_and_forest/media/scripts) by extension 'ros'
[0.131s] Level 1:colcon.colcon_core.package_identification:_identify(models/river_and_forest/media/scripts) by extensions ['cmake', 'python']
[0.131s] Level 1:colcon.colcon_core.package_identification:_identify(models/river_and_forest/media/scripts) by extension 'cmake'
[0.131s] Level 1:colcon.colcon_core.package_identification:_identify(models/river_and_forest/media/scripts) by extension 'python'
[0.131s] Level 1:colcon.colcon_core.package_identification:_identify(models/river_and_forest/media/scripts) by extensions ['python_setup_py']
[0.131s] Level 1:colcon.colcon_core.package_identification:_identify(models/river_and_forest/media/scripts) by extension 'python_setup_py'
[0.131s] Level 1:colcon.colcon_core.package_identification:_identify(models/test_1world) by extensions ['ignore', 'ignore_ament_install']
[0.131s] Level 1:colcon.colcon_core.package_identification:_identify(models/test_1world) by extension 'ignore'
[0.131s] Level 1:colcon.colcon_core.package_identification:_identify(models/test_1world) by extension 'ignore_ament_install'
[0.131s] Level 1:colcon.colcon_core.package_identification:_identify(models/test_1world) by extensions ['colcon_pkg']
[0.131s] Level 1:colcon.colcon_core.package_identification:_identify(models/test_1world) by extension 'colcon_pkg'
[0.131s] Level 1:colcon.colcon_core.package_identification:_identify(models/test_1world) by extensions ['colcon_meta']
[0.131s] Level 1:colcon.colcon_core.package_identification:_identify(models/test_1world) by extension 'colcon_meta'
[0.131s] Level 1:colcon.colcon_core.package_identification:_identify(models/test_1world) by extensions ['ros']
[0.131s] Level 1:colcon.colcon_core.package_identification:_identify(models/test_1world) by extension 'ros'
[0.131s] Level 1:colcon.colcon_core.package_identification:_identify(models/test_1world) by extensions ['cmake', 'python']
[0.131s] Level 1:colcon.colcon_core.package_identification:_identify(models/test_1world) by extension 'cmake'
[0.131s] Level 1:colcon.colcon_core.package_identification:_identify(models/test_1world) by extension 'python'
[0.131s] Level 1:colcon.colcon_core.package_identification:_identify(models/test_1world) by extensions ['python_setup_py']
[0.131s] Level 1:colcon.colcon_core.package_identification:_identify(models/test_1world) by extension 'python_setup_py'
[0.131s] Level 1:colcon.colcon_core.package_identification:_identify(models/test_1world/media) by extensions ['ignore', 'ignore_ament_install']
[0.131s] Level 1:colcon.colcon_core.package_identification:_identify(models/test_1world/media) by extension 'ignore'
[0.131s] Level 1:colcon.colcon_core.package_identification:_identify(models/test_1world/media) by extension 'ignore_ament_install'
[0.131s] Level 1:colcon.colcon_core.package_identification:_identify(models/test_1world/media) by extensions ['colcon_pkg']
[0.131s] Level 1:colcon.colcon_core.package_identification:_identify(models/test_1world/media) by extension 'colcon_pkg'
[0.131s] Level 1:colcon.colcon_core.package_identification:_identify(models/test_1world/media) by extensions ['colcon_meta']
[0.131s] Level 1:colcon.colcon_core.package_identification:_identify(models/test_1world/media) by extension 'colcon_meta'
[0.131s] Level 1:colcon.colcon_core.package_identification:_identify(models/test_1world/media) by extensions ['ros']
[0.131s] Level 1:colcon.colcon_core.package_identification:_identify(models/test_1world/media) by extension 'ros'
[0.131s] Level 1:colcon.colcon_core.package_identification:_identify(models/test_1world/media) by extensions ['cmake', 'python']
[0.131s] Level 1:colcon.colcon_core.package_identification:_identify(models/test_1world/media) by extension 'cmake'
[0.131s] Level 1:colcon.colcon_core.package_identification:_identify(models/test_1world/media) by extension 'python'
[0.131s] Level 1:colcon.colcon_core.package_identification:_identify(models/test_1world/media) by extensions ['python_setup_py']
[0.131s] Level 1:colcon.colcon_core.package_identification:_identify(models/test_1world/media) by extension 'python_setup_py'
[0.131s] Level 1:colcon.colcon_core.package_identification:_identify(models/test_1world/media/Textures) by extensions ['ignore', 'ignore_ament_install']
[0.131s] Level 1:colcon.colcon_core.package_identification:_identify(models/test_1world/media/Textures) by extension 'ignore'
[0.132s] Level 1:colcon.colcon_core.package_identification:_identify(models/test_1world/media/Textures) by extension 'ignore_ament_install'
[0.132s] Level 1:colcon.colcon_core.package_identification:_identify(models/test_1world/media/Textures) by extensions ['colcon_pkg']
[0.132s] Level 1:colcon.colcon_core.package_identification:_identify(models/test_1world/media/Textures) by extension 'colcon_pkg'
[0.132s] Level 1:colcon.colcon_core.package_identification:_identify(models/test_1world/media/Textures) by extensions ['colcon_meta']
[0.132s] Level 1:colcon.colcon_core.package_identification:_identify(models/test_1world/media/Textures) by extension 'colcon_meta'
[0.132s] Level 1:colcon.colcon_core.package_identification:_identify(models/test_1world/media/Textures) by extensions ['ros']
[0.132s] Level 1:colcon.colcon_core.package_identification:_identify(models/test_1world/media/Textures) by extension 'ros'
[0.132s] Level 1:colcon.colcon_core.package_identification:_identify(models/test_1world/media/Textures) by extensions ['cmake', 'python']
[0.132s] Level 1:colcon.colcon_core.package_identification:_identify(models/test_1world/media/Textures) by extension 'cmake'
[0.132s] Level 1:colcon.colcon_core.package_identification:_identify(models/test_1world/media/Textures) by extension 'python'
[0.132s] Level 1:colcon.colcon_core.package_identification:_identify(models/test_1world/media/Textures) by extensions ['python_setup_py']
[0.132s] Level 1:colcon.colcon_core.package_identification:_identify(models/test_1world/media/Textures) by extension 'python_setup_py'
[0.132s] Level 1:colcon.colcon_core.package_identification:_identify(models/test_1world/media/scripts) by extensions ['ignore', 'ignore_ament_install']
[0.132s] Level 1:colcon.colcon_core.package_identification:_identify(models/test_1world/media/scripts) by extension 'ignore'
[0.132s] Level 1:colcon.colcon_core.package_identification:_identify(models/test_1world/media/scripts) by extension 'ignore_ament_install'
[0.132s] Level 1:colcon.colcon_core.package_identification:_identify(models/test_1world/media/scripts) by extensions ['colcon_pkg']
[0.132s] Level 1:colcon.colcon_core.package_identification:_identify(models/test_1world/media/scripts) by extension 'colcon_pkg'
[0.132s] Level 1:colcon.colcon_core.package_identification:_identify(models/test_1world/media/scripts) by extensions ['colcon_meta']
[0.132s] Level 1:colcon.colcon_core.package_identification:_identify(models/test_1world/media/scripts) by extension 'colcon_meta'
[0.132s] Level 1:colcon.colcon_core.package_identification:_identify(models/test_1world/media/scripts) by extensions ['ros']
[0.132s] Level 1:colcon.colcon_core.package_identification:_identify(models/test_1world/media/scripts) by extension 'ros'
[0.132s] Level 1:colcon.colcon_core.package_identification:_identify(models/test_1world/media/scripts) by extensions ['cmake', 'python']
[0.132s] Level 1:colcon.colcon_core.package_identification:_identify(models/test_1world/media/scripts) by extension 'cmake'
[0.132s] Level 1:colcon.colcon_core.package_identification:_identify(models/test_1world/media/scripts) by extension 'python'
[0.132s] Level 1:colcon.colcon_core.package_identification:_identify(models/test_1world/media/scripts) by extensions ['python_setup_py']
[0.132s] Level 1:colcon.colcon_core.package_identification:_identify(models/test_1world/media/scripts) by extension 'python_setup_py'
[0.132s] Level 1:colcon.colcon_core.package_identification:_identify(models/test_blender) by extensions ['ignore', 'ignore_ament_install']
[0.132s] Level 1:colcon.colcon_core.package_identification:_identify(models/test_blender) by extension 'ignore'
[0.132s] Level 1:colcon.colcon_core.package_identification:_identify(models/test_blender) by extension 'ignore_ament_install'
[0.132s] Level 1:colcon.colcon_core.package_identification:_identify(models/test_blender) by extensions ['colcon_pkg']
[0.132s] Level 1:colcon.colcon_core.package_identification:_identify(models/test_blender) by extension 'colcon_pkg'
[0.132s] Level 1:colcon.colcon_core.package_identification:_identify(models/test_blender) by extensions ['colcon_meta']
[0.132s] Level 1:colcon.colcon_core.package_identification:_identify(models/test_blender) by extension 'colcon_meta'
[0.132s] Level 1:colcon.colcon_core.package_identification:_identify(models/test_blender) by extensions ['ros']
[0.132s] Level 1:colcon.colcon_core.package_identification:_identify(models/test_blender) by extension 'ros'
[0.132s] Level 1:colcon.colcon_core.package_identification:_identify(models/test_blender) by extensions ['cmake', 'python']
[0.132s] Level 1:colcon.colcon_core.package_identification:_identify(models/test_blender) by extension 'cmake'
[0.132s] Level 1:colcon.colcon_core.package_identification:_identify(models/test_blender) by extension 'python'
[0.132s] Level 1:colcon.colcon_core.package_identification:_identify(models/test_blender) by extensions ['python_setup_py']
[0.132s] Level 1:colcon.colcon_core.package_identification:_identify(models/test_blender) by extension 'python_setup_py'
[0.132s] Level 1:colcon.colcon_core.package_identification:_identify(models/test_blender/media) by extensions ['ignore', 'ignore_ament_install']
[0.132s] Level 1:colcon.colcon_core.package_identification:_identify(models/test_blender/media) by extension 'ignore'
[0.132s] Level 1:colcon.colcon_core.package_identification:_identify(models/test_blender/media) by extension 'ignore_ament_install'
[0.132s] Level 1:colcon.colcon_core.package_identification:_identify(models/test_blender/media) by extensions ['colcon_pkg']
[0.132s] Level 1:colcon.colcon_core.package_identification:_identify(models/test_blender/media) by extension 'colcon_pkg'
[0.132s] Level 1:colcon.colcon_core.package_identification:_identify(models/test_blender/media) by extensions ['colcon_meta']
[0.132s] Level 1:colcon.colcon_core.package_identification:_identify(models/test_blender/media) by extension 'colcon_meta'
[0.133s] Level 1:colcon.colcon_core.package_identification:_identify(models/test_blender/media) by extensions ['ros']
[0.133s] Level 1:colcon.colcon_core.package_identification:_identify(models/test_blender/media) by extension 'ros'
[0.133s] Level 1:colcon.colcon_core.package_identification:_identify(models/test_blender/media) by extensions ['cmake', 'python']
[0.133s] Level 1:colcon.colcon_core.package_identification:_identify(models/test_blender/media) by extension 'cmake'
[0.133s] Level 1:colcon.colcon_core.package_identification:_identify(models/test_blender/media) by extension 'python'
[0.133s] Level 1:colcon.colcon_core.package_identification:_identify(models/test_blender/media) by extensions ['python_setup_py']
[0.133s] Level 1:colcon.colcon_core.package_identification:_identify(models/test_blender/media) by extension 'python_setup_py'
[0.133s] Level 1:colcon.colcon_core.package_identification:_identify(models/test_blender/media/Textures) by extensions ['ignore', 'ignore_ament_install']
[0.133s] Level 1:colcon.colcon_core.package_identification:_identify(models/test_blender/media/Textures) by extension 'ignore'
[0.133s] Level 1:colcon.colcon_core.package_identification:_identify(models/test_blender/media/Textures) by extension 'ignore_ament_install'
[0.133s] Level 1:colcon.colcon_core.package_identification:_identify(models/test_blender/media/Textures) by extensions ['colcon_pkg']
[0.133s] Level 1:colcon.colcon_core.package_identification:_identify(models/test_blender/media/Textures) by extension 'colcon_pkg'
[0.133s] Level 1:colcon.colcon_core.package_identification:_identify(models/test_blender/media/Textures) by extensions ['colcon_meta']
[0.133s] Level 1:colcon.colcon_core.package_identification:_identify(models/test_blender/media/Textures) by extension 'colcon_meta'
[0.133s] Level 1:colcon.colcon_core.package_identification:_identify(models/test_blender/media/Textures) by extensions ['ros']
[0.133s] Level 1:colcon.colcon_core.package_identification:_identify(models/test_blender/media/Textures) by extension 'ros'
[0.133s] Level 1:colcon.colcon_core.package_identification:_identify(models/test_blender/media/Textures) by extensions ['cmake', 'python']
[0.133s] Level 1:colcon.colcon_core.package_identification:_identify(models/test_blender/media/Textures) by extension 'cmake'
[0.133s] Level 1:colcon.colcon_core.package_identification:_identify(models/test_blender/media/Textures) by extension 'python'
[0.133s] Level 1:colcon.colcon_core.package_identification:_identify(models/test_blender/media/Textures) by extensions ['python_setup_py']
[0.133s] Level 1:colcon.colcon_core.package_identification:_identify(models/test_blender/media/Textures) by extension 'python_setup_py'
[0.133s] Level 1:colcon.colcon_core.package_identification:_identify(models/test_blender/media/scripts) by extensions ['ignore', 'ignore_ament_install']
[0.133s] Level 1:colcon.colcon_core.package_identification:_identify(models/test_blender/media/scripts) by extension 'ignore'
[0.133s] Level 1:colcon.colcon_core.package_identification:_identify(models/test_blender/media/scripts) by extension 'ignore_ament_install'
[0.133s] Level 1:colcon.colcon_core.package_identification:_identify(models/test_blender/media/scripts) by extensions ['colcon_pkg']
[0.133s] Level 1:colcon.colcon_core.package_identification:_identify(models/test_blender/media/scripts) by extension 'colcon_pkg'
[0.133s] Level 1:colcon.colcon_core.package_identification:_identify(models/test_blender/media/scripts) by extensions ['colcon_meta']
[0.133s] Level 1:colcon.colcon_core.package_identification:_identify(models/test_blender/media/scripts) by extension 'colcon_meta'
[0.133s] Level 1:colcon.colcon_core.package_identification:_identify(models/test_blender/media/scripts) by extensions ['ros']
[0.133s] Level 1:colcon.colcon_core.package_identification:_identify(models/test_blender/media/scripts) by extension 'ros'
[0.133s] Level 1:colcon.colcon_core.package_identification:_identify(models/test_blender/media/scripts) by extensions ['cmake', 'python']
[0.133s] Level 1:colcon.colcon_core.package_identification:_identify(models/test_blender/media/scripts) by extension 'cmake'
[0.133s] Level 1:colcon.colcon_core.package_identification:_identify(models/test_blender/media/scripts) by extension 'python'
[0.133s] Level 1:colcon.colcon_core.package_identification:_identify(models/test_blender/media/scripts) by extensions ['python_setup_py']
[0.133s] Level 1:colcon.colcon_core.package_identification:_identify(models/test_blender/media/scripts) by extension 'python_setup_py'
[0.133s] Level 1:colcon.colcon_core.package_identification:_identify(models/world1_b) by extensions ['ignore', 'ignore_ament_install']
[0.133s] Level 1:colcon.colcon_core.package_identification:_identify(models/world1_b) by extension 'ignore'
[0.133s] Level 1:colcon.colcon_core.package_identification:_identify(models/world1_b) by extension 'ignore_ament_install'
[0.133s] Level 1:colcon.colcon_core.package_identification:_identify(models/world1_b) by extensions ['colcon_pkg']
[0.133s] Level 1:colcon.colcon_core.package_identification:_identify(models/world1_b) by extension 'colcon_pkg'
[0.133s] Level 1:colcon.colcon_core.package_identification:_identify(models/world1_b) by extensions ['colcon_meta']
[0.133s] Level 1:colcon.colcon_core.package_identification:_identify(models/world1_b) by extension 'colcon_meta'
[0.133s] Level 1:colcon.colcon_core.package_identification:_identify(models/world1_b) by extensions ['ros']
[0.133s] Level 1:colcon.colcon_core.package_identification:_identify(models/world1_b) by extension 'ros'
[0.133s] Level 1:colcon.colcon_core.package_identification:_identify(models/world1_b) by extensions ['cmake', 'python']
[0.133s] Level 1:colcon.colcon_core.package_identification:_identify(models/world1_b) by extension 'cmake'
[0.133s] Level 1:colcon.colcon_core.package_identification:_identify(models/world1_b) by extension 'python'
[0.134s] Level 1:colcon.colcon_core.package_identification:_identify(models/world1_b) by extensions ['python_setup_py']
[0.134s] Level 1:colcon.colcon_core.package_identification:_identify(models/world1_b) by extension 'python_setup_py'
[0.134s] Level 1:colcon.colcon_core.package_identification:_identify(models/world1_b/media) by extensions ['ignore', 'ignore_ament_install']
[0.134s] Level 1:colcon.colcon_core.package_identification:_identify(models/world1_b/media) by extension 'ignore'
[0.134s] Level 1:colcon.colcon_core.package_identification:_identify(models/world1_b/media) by extension 'ignore_ament_install'
[0.134s] Level 1:colcon.colcon_core.package_identification:_identify(models/world1_b/media) by extensions ['colcon_pkg']
[0.134s] Level 1:colcon.colcon_core.package_identification:_identify(models/world1_b/media) by extension 'colcon_pkg'
[0.134s] Level 1:colcon.colcon_core.package_identification:_identify(models/world1_b/media) by extensions ['colcon_meta']
[0.134s] Level 1:colcon.colcon_core.package_identification:_identify(models/world1_b/media) by extension 'colcon_meta'
[0.134s] Level 1:colcon.colcon_core.package_identification:_identify(models/world1_b/media) by extensions ['ros']
[0.134s] Level 1:colcon.colcon_core.package_identification:_identify(models/world1_b/media) by extension 'ros'
[0.134s] Level 1:colcon.colcon_core.package_identification:_identify(models/world1_b/media) by extensions ['cmake', 'python']
[0.134s] Level 1:colcon.colcon_core.package_identification:_identify(models/world1_b/media) by extension 'cmake'
[0.134s] Level 1:colcon.colcon_core.package_identification:_identify(models/world1_b/media) by extension 'python'
[0.134s] Level 1:colcon.colcon_core.package_identification:_identify(models/world1_b/media) by extensions ['python_setup_py']
[0.134s] Level 1:colcon.colcon_core.package_identification:_identify(models/world1_b/media) by extension 'python_setup_py'
[0.134s] Level 1:colcon.colcon_core.package_identification:_identify(models/world1_b/media/Textures) by extensions ['ignore', 'ignore_ament_install']
[0.134s] Level 1:colcon.colcon_core.package_identification:_identify(models/world1_b/media/Textures) by extension 'ignore'
[0.134s] Level 1:colcon.colcon_core.package_identification:_identify(models/world1_b/media/Textures) by extension 'ignore_ament_install'
[0.134s] Level 1:colcon.colcon_core.package_identification:_identify(models/world1_b/media/Textures) by extensions ['colcon_pkg']
[0.134s] Level 1:colcon.colcon_core.package_identification:_identify(models/world1_b/media/Textures) by extension 'colcon_pkg'
[0.134s] Level 1:colcon.colcon_core.package_identification:_identify(models/world1_b/media/Textures) by extensions ['colcon_meta']
[0.134s] Level 1:colcon.colcon_core.package_identification:_identify(models/world1_b/media/Textures) by extension 'colcon_meta'
[0.134s] Level 1:colcon.colcon_core.package_identification:_identify(models/world1_b/media/Textures) by extensions ['ros']
[0.134s] Level 1:colcon.colcon_core.package_identification:_identify(models/world1_b/media/Textures) by extension 'ros'
[0.134s] Level 1:colcon.colcon_core.package_identification:_identify(models/world1_b/media/Textures) by extensions ['cmake', 'python']
[0.134s] Level 1:colcon.colcon_core.package_identification:_identify(models/world1_b/media/Textures) by extension 'cmake'
[0.134s] Level 1:colcon.colcon_core.package_identification:_identify(models/world1_b/media/Textures) by extension 'python'
[0.134s] Level 1:colcon.colcon_core.package_identification:_identify(models/world1_b/media/Textures) by extensions ['python_setup_py']
[0.134s] Level 1:colcon.colcon_core.package_identification:_identify(models/world1_b/media/Textures) by extension 'python_setup_py'
[0.134s] Level 1:colcon.colcon_core.package_identification:_identify(models/world1_b/media/scripts) by extensions ['ignore', 'ignore_ament_install']
[0.134s] Level 1:colcon.colcon_core.package_identification:_identify(models/world1_b/media/scripts) by extension 'ignore'
[0.134s] Level 1:colcon.colcon_core.package_identification:_identify(models/world1_b/media/scripts) by extension 'ignore_ament_install'
[0.134s] Level 1:colcon.colcon_core.package_identification:_identify(models/world1_b/media/scripts) by extensions ['colcon_pkg']
[0.134s] Level 1:colcon.colcon_core.package_identification:_identify(models/world1_b/media/scripts) by extension 'colcon_pkg'
[0.134s] Level 1:colcon.colcon_core.package_identification:_identify(models/world1_b/media/scripts) by extensions ['colcon_meta']
[0.134s] Level 1:colcon.colcon_core.package_identification:_identify(models/world1_b/media/scripts) by extension 'colcon_meta'
[0.134s] Level 1:colcon.colcon_core.package_identification:_identify(models/world1_b/media/scripts) by extensions ['ros']
[0.134s] Level 1:colcon.colcon_core.package_identification:_identify(models/world1_b/media/scripts) by extension 'ros'
[0.135s] Level 1:colcon.colcon_core.package_identification:_identify(models/world1_b/media/scripts) by extensions ['cmake', 'python']
[0.135s] Level 1:colcon.colcon_core.package_identification:_identify(models/world1_b/media/scripts) by extension 'cmake'
[0.135s] Level 1:colcon.colcon_core.package_identification:_identify(models/world1_b/media/scripts) by extension 'python'
[0.135s] Level 1:colcon.colcon_core.package_identification:_identify(models/world1_b/media/scripts) by extensions ['python_setup_py']
[0.135s] Level 1:colcon.colcon_core.package_identification:_identify(models/world1_b/media/scripts) by extension 'python_setup_py'
[0.135s] Level 1:colcon.colcon_core.package_identification:_identify(plots) by extensions ['ignore', 'ignore_ament_install']
[0.135s] Level 1:colcon.colcon_core.package_identification:_identify(plots) by extension 'ignore'
[0.135s] Level 1:colcon.colcon_core.package_identification:_identify(plots) by extension 'ignore_ament_install'
[0.135s] Level 1:colcon.colcon_core.package_identification:_identify(plots) by extensions ['colcon_pkg']
[0.135s] Level 1:colcon.colcon_core.package_identification:_identify(plots) by extension 'colcon_pkg'
[0.135s] Level 1:colcon.colcon_core.package_identification:_identify(plots) by extensions ['colcon_meta']
[0.135s] Level 1:colcon.colcon_core.package_identification:_identify(plots) by extension 'colcon_meta'
[0.135s] Level 1:colcon.colcon_core.package_identification:_identify(plots) by extensions ['ros']
[0.135s] Level 1:colcon.colcon_core.package_identification:_identify(plots) by extension 'ros'
[0.135s] Level 1:colcon.colcon_core.package_identification:_identify(plots) by extensions ['cmake', 'python']
[0.135s] Level 1:colcon.colcon_core.package_identification:_identify(plots) by extension 'cmake'
[0.135s] Level 1:colcon.colcon_core.package_identification:_identify(plots) by extension 'python'
[0.135s] Level 1:colcon.colcon_core.package_identification:_identify(plots) by extensions ['python_setup_py']
[0.135s] Level 1:colcon.colcon_core.package_identification:_identify(plots) by extension 'python_setup_py'
[0.135s] Level 1:colcon.colcon_core.package_identification:_identify(plots_from_csv) by extensions ['ignore', 'ignore_ament_install']
[0.135s] Level 1:colcon.colcon_core.package_identification:_identify(plots_from_csv) by extension 'ignore'
[0.135s] Level 1:colcon.colcon_core.package_identification:_identify(plots_from_csv) by extension 'ignore_ament_install'
[0.135s] Level 1:colcon.colcon_core.package_identification:_identify(plots_from_csv) by extensions ['colcon_pkg']
[0.135s] Level 1:colcon.colcon_core.package_identification:_identify(plots_from_csv) by extension 'colcon_pkg'
[0.135s] Level 1:colcon.colcon_core.package_identification:_identify(plots_from_csv) by extensions ['colcon_meta']
[0.135s] Level 1:colcon.colcon_core.package_identification:_identify(plots_from_csv) by extension 'colcon_meta'
[0.135s] Level 1:colcon.colcon_core.package_identification:_identify(plots_from_csv) by extensions ['ros']
[0.135s] Level 1:colcon.colcon_core.package_identification:_identify(plots_from_csv) by extension 'ros'
[0.135s] Level 1:colcon.colcon_core.package_identification:_identify(plots_from_csv) by extensions ['cmake', 'python']
[0.135s] Level 1:colcon.colcon_core.package_identification:_identify(plots_from_csv) by extension 'cmake'
[0.135s] Level 1:colcon.colcon_core.package_identification:_identify(plots_from_csv) by extension 'python'
[0.135s] Level 1:colcon.colcon_core.package_identification:_identify(plots_from_csv) by extensions ['python_setup_py']
[0.135s] Level 1:colcon.colcon_core.package_identification:_identify(plots_from_csv) by extension 'python_setup_py'
[0.135s] Level 1:colcon.colcon_core.package_identification:_identify(plots_from_csv_single_trial) by extensions ['ignore', 'ignore_ament_install']
[0.135s] Level 1:colcon.colcon_core.package_identification:_identify(plots_from_csv_single_trial) by extension 'ignore'
[0.135s] Level 1:colcon.colcon_core.package_identification:_identify(plots_from_csv_single_trial) by extension 'ignore_ament_install'
[0.135s] Level 1:colcon.colcon_core.package_identification:_identify(plots_from_csv_single_trial) by extensions ['colcon_pkg']
[0.135s] Level 1:colcon.colcon_core.package_identification:_identify(plots_from_csv_single_trial) by extension 'colcon_pkg'
[0.135s] Level 1:colcon.colcon_core.package_identification:_identify(plots_from_csv_single_trial) by extensions ['colcon_meta']
[0.135s] Level 1:colcon.colcon_core.package_identification:_identify(plots_from_csv_single_trial) by extension 'colcon_meta'
[0.135s] Level 1:colcon.colcon_core.package_identification:_identify(plots_from_csv_single_trial) by extensions ['ros']
[0.135s] Level 1:colcon.colcon_core.package_identification:_identify(plots_from_csv_single_trial) by extension 'ros'
[0.135s] Level 1:colcon.colcon_core.package_identification:_identify(plots_from_csv_single_trial) by extensions ['cmake', 'python']
[0.135s] Level 1:colcon.colcon_core.package_identification:_identify(plots_from_csv_single_trial) by extension 'cmake'
[0.135s] Level 1:colcon.colcon_core.package_identification:_identify(plots_from_csv_single_trial) by extension 'python'
[0.135s] Level 1:colcon.colcon_core.package_identification:_identify(plots_from_csv_single_trial) by extensions ['python_setup_py']
[0.135s] Level 1:colcon.colcon_core.package_identification:_identify(plots_from_csv_single_trial) by extension 'python_setup_py'
[0.136s] Level 1:colcon.colcon_core.package_identification:_identify(plots_from_csv_single_trial2) by extensions ['ignore', 'ignore_ament_install']
[0.136s] Level 1:colcon.colcon_core.package_identification:_identify(plots_from_csv_single_trial2) by extension 'ignore'
[0.136s] Level 1:colcon.colcon_core.package_identification:_identify(plots_from_csv_single_trial2) by extension 'ignore_ament_install'
[0.136s] Level 1:colcon.colcon_core.package_identification:_identify(plots_from_csv_single_trial2) by extensions ['colcon_pkg']
[0.136s] Level 1:colcon.colcon_core.package_identification:_identify(plots_from_csv_single_trial2) by extension 'colcon_pkg'
[0.136s] Level 1:colcon.colcon_core.package_identification:_identify(plots_from_csv_single_trial2) by extensions ['colcon_meta']
[0.136s] Level 1:colcon.colcon_core.package_identification:_identify(plots_from_csv_single_trial2) by extension 'colcon_meta'
[0.136s] Level 1:colcon.colcon_core.package_identification:_identify(plots_from_csv_single_trial2) by extensions ['ros']
[0.136s] Level 1:colcon.colcon_core.package_identification:_identify(plots_from_csv_single_trial2) by extension 'ros'
[0.136s] Level 1:colcon.colcon_core.package_identification:_identify(plots_from_csv_single_trial2) by extensions ['cmake', 'python']
[0.136s] Level 1:colcon.colcon_core.package_identification:_identify(plots_from_csv_single_trial2) by extension 'cmake'
[0.136s] Level 1:colcon.colcon_core.package_identification:_identify(plots_from_csv_single_trial2) by extension 'python'
[0.136s] Level 1:colcon.colcon_core.package_identification:_identify(plots_from_csv_single_trial2) by extensions ['python_setup_py']
[0.136s] Level 1:colcon.colcon_core.package_identification:_identify(plots_from_csv_single_trial2) by extension 'python_setup_py'
[0.136s] Level 1:colcon.colcon_core.package_identification:_identify(plots_from_csv_single_trial_annotated) by extensions ['ignore', 'ignore_ament_install']
[0.136s] Level 1:colcon.colcon_core.package_identification:_identify(plots_from_csv_single_trial_annotated) by extension 'ignore'
[0.136s] Level 1:colcon.colcon_core.package_identification:_identify(plots_from_csv_single_trial_annotated) by extension 'ignore_ament_install'
[0.136s] Level 1:colcon.colcon_core.package_identification:_identify(plots_from_csv_single_trial_annotated) by extensions ['colcon_pkg']
[0.136s] Level 1:colcon.colcon_core.package_identification:_identify(plots_from_csv_single_trial_annotated) by extension 'colcon_pkg'
[0.136s] Level 1:colcon.colcon_core.package_identification:_identify(plots_from_csv_single_trial_annotated) by extensions ['colcon_meta']
[0.136s] Level 1:colcon.colcon_core.package_identification:_identify(plots_from_csv_single_trial_annotated) by extension 'colcon_meta'
[0.136s] Level 1:colcon.colcon_core.package_identification:_identify(plots_from_csv_single_trial_annotated) by extensions ['ros']
[0.136s] Level 1:colcon.colcon_core.package_identification:_identify(plots_from_csv_single_trial_annotated) by extension 'ros'
[0.136s] Level 1:colcon.colcon_core.package_identification:_identify(plots_from_csv_single_trial_annotated) by extensions ['cmake', 'python']
[0.136s] Level 1:colcon.colcon_core.package_identification:_identify(plots_from_csv_single_trial_annotated) by extension 'cmake'
[0.136s] Level 1:colcon.colcon_core.package_identification:_identify(plots_from_csv_single_trial_annotated) by extension 'python'
[0.136s] Level 1:colcon.colcon_core.package_identification:_identify(plots_from_csv_single_trial_annotated) by extensions ['python_setup_py']
[0.136s] Level 1:colcon.colcon_core.package_identification:_identify(plots_from_csv_single_trial_annotated) by extension 'python_setup_py'
[0.136s] Level 1:colcon.colcon_core.package_identification:_identify(plots_from_csv_test) by extensions ['ignore', 'ignore_ament_install']
[0.136s] Level 1:colcon.colcon_core.package_identification:_identify(plots_from_csv_test) by extension 'ignore'
[0.136s] Level 1:colcon.colcon_core.package_identification:_identify(plots_from_csv_test) by extension 'ignore_ament_install'
[0.136s] Level 1:colcon.colcon_core.package_identification:_identify(plots_from_csv_test) by extensions ['colcon_pkg']
[0.136s] Level 1:colcon.colcon_core.package_identification:_identify(plots_from_csv_test) by extension 'colcon_pkg'
[0.136s] Level 1:colcon.colcon_core.package_identification:_identify(plots_from_csv_test) by extensions ['colcon_meta']
[0.136s] Level 1:colcon.colcon_core.package_identification:_identify(plots_from_csv_test) by extension 'colcon_meta'
[0.136s] Level 1:colcon.colcon_core.package_identification:_identify(plots_from_csv_test) by extensions ['ros']
[0.136s] Level 1:colcon.colcon_core.package_identification:_identify(plots_from_csv_test) by extension 'ros'
[0.136s] Level 1:colcon.colcon_core.package_identification:_identify(plots_from_csv_test) by extensions ['cmake', 'python']
[0.136s] Level 1:colcon.colcon_core.package_identification:_identify(plots_from_csv_test) by extension 'cmake'
[0.136s] Level 1:colcon.colcon_core.package_identification:_identify(plots_from_csv_test) by extension 'python'
[0.136s] Level 1:colcon.colcon_core.package_identification:_identify(plots_from_csv_test) by extensions ['python_setup_py']
[0.136s] Level 1:colcon.colcon_core.package_identification:_identify(plots_from_csv_test) by extension 'python_setup_py'
[0.136s] Level 1:colcon.colcon_core.package_identification:_identify(plots_from_csv_test2) by extensions ['ignore', 'ignore_ament_install']
[0.136s] Level 1:colcon.colcon_core.package_identification:_identify(plots_from_csv_test2) by extension 'ignore'
[0.136s] Level 1:colcon.colcon_core.package_identification:_identify(plots_from_csv_test2) by extension 'ignore_ament_install'
[0.136s] Level 1:colcon.colcon_core.package_identification:_identify(plots_from_csv_test2) by extensions ['colcon_pkg']
[0.136s] Level 1:colcon.colcon_core.package_identification:_identify(plots_from_csv_test2) by extension 'colcon_pkg'
[0.136s] Level 1:colcon.colcon_core.package_identification:_identify(plots_from_csv_test2) by extensions ['colcon_meta']
[0.137s] Level 1:colcon.colcon_core.package_identification:_identify(plots_from_csv_test2) by extension 'colcon_meta'
[0.137s] Level 1:colcon.colcon_core.package_identification:_identify(plots_from_csv_test2) by extensions ['ros']
[0.137s] Level 1:colcon.colcon_core.package_identification:_identify(plots_from_csv_test2) by extension 'ros'
[0.137s] Level 1:colcon.colcon_core.package_identification:_identify(plots_from_csv_test2) by extensions ['cmake', 'python']
[0.137s] Level 1:colcon.colcon_core.package_identification:_identify(plots_from_csv_test2) by extension 'cmake'
[0.137s] Level 1:colcon.colcon_core.package_identification:_identify(plots_from_csv_test2) by extension 'python'
[0.137s] Level 1:colcon.colcon_core.package_identification:_identify(plots_from_csv_test2) by extensions ['python_setup_py']
[0.137s] Level 1:colcon.colcon_core.package_identification:_identify(plots_from_csv_test2) by extension 'python_setup_py'
[0.137s] Level 1:colcon.colcon_core.package_identification:_identify(scripts) by extensions ['ignore', 'ignore_ament_install']
[0.137s] Level 1:colcon.colcon_core.package_identification:_identify(scripts) by extension 'ignore'
[0.137s] Level 1:colcon.colcon_core.package_identification:_identify(scripts) by extension 'ignore_ament_install'
[0.137s] Level 1:colcon.colcon_core.package_identification:_identify(scripts) by extensions ['colcon_pkg']
[0.137s] Level 1:colcon.colcon_core.package_identification:_identify(scripts) by extension 'colcon_pkg'
[0.137s] Level 1:colcon.colcon_core.package_identification:_identify(scripts) by extensions ['colcon_meta']
[0.137s] Level 1:colcon.colcon_core.package_identification:_identify(scripts) by extension 'colcon_meta'
[0.137s] Level 1:colcon.colcon_core.package_identification:_identify(scripts) by extensions ['ros']
[0.137s] Level 1:colcon.colcon_core.package_identification:_identify(scripts) by extension 'ros'
[0.137s] Level 1:colcon.colcon_core.package_identification:_identify(scripts) by extensions ['cmake', 'python']
[0.137s] Level 1:colcon.colcon_core.package_identification:_identify(scripts) by extension 'cmake'
[0.137s] Level 1:colcon.colcon_core.package_identification:_identify(scripts) by extension 'python'
[0.137s] Level 1:colcon.colcon_core.package_identification:_identify(scripts) by extensions ['python_setup_py']
[0.137s] Level 1:colcon.colcon_core.package_identification:_identify(scripts) by extension 'python_setup_py'
[0.137s] Level 1:colcon.colcon_core.package_identification:_identify(scripts/__pycache__) by extensions ['ignore', 'ignore_ament_install']
[0.137s] Level 1:colcon.colcon_core.package_identification:_identify(scripts/__pycache__) by extension 'ignore'
[0.137s] Level 1:colcon.colcon_core.package_identification:_identify(scripts/__pycache__) by extension 'ignore_ament_install'
[0.137s] Level 1:colcon.colcon_core.package_identification:_identify(scripts/__pycache__) by extensions ['colcon_pkg']
[0.137s] Level 1:colcon.colcon_core.package_identification:_identify(scripts/__pycache__) by extension 'colcon_pkg'
[0.137s] Level 1:colcon.colcon_core.package_identification:_identify(scripts/__pycache__) by extensions ['colcon_meta']
[0.137s] Level 1:colcon.colcon_core.package_identification:_identify(scripts/__pycache__) by extension 'colcon_meta'
[0.137s] Level 1:colcon.colcon_core.package_identification:_identify(scripts/__pycache__) by extensions ['ros']
[0.137s] Level 1:colcon.colcon_core.package_identification:_identify(scripts/__pycache__) by extension 'ros'
[0.137s] Level 1:colcon.colcon_core.package_identification:_identify(scripts/__pycache__) by extensions ['cmake', 'python']
[0.137s] Level 1:colcon.colcon_core.package_identification:_identify(scripts/__pycache__) by extension 'cmake'
[0.137s] Level 1:colcon.colcon_core.package_identification:_identify(scripts/__pycache__) by extension 'python'
[0.137s] Level 1:colcon.colcon_core.package_identification:_identify(scripts/__pycache__) by extensions ['python_setup_py']
[0.137s] Level 1:colcon.colcon_core.package_identification:_identify(scripts/__pycache__) by extension 'python_setup_py'
[0.137s] Level 1:colcon.colcon_core.package_identification:_identify(src) by extensions ['ignore', 'ignore_ament_install']
[0.137s] Level 1:colcon.colcon_core.package_identification:_identify(src) by extension 'ignore'
[0.137s] Level 1:colcon.colcon_core.package_identification:_identify(src) by extension 'ignore_ament_install'
[0.137s] Level 1:colcon.colcon_core.package_identification:_identify(src) by extensions ['colcon_pkg']
[0.137s] Level 1:colcon.colcon_core.package_identification:_identify(src) by extension 'colcon_pkg'
[0.137s] Level 1:colcon.colcon_core.package_identification:_identify(src) by extensions ['colcon_meta']
[0.137s] Level 1:colcon.colcon_core.package_identification:_identify(src) by extension 'colcon_meta'
[0.137s] Level 1:colcon.colcon_core.package_identification:_identify(src) by extensions ['ros']
[0.137s] Level 1:colcon.colcon_core.package_identification:_identify(src) by extension 'ros'
[0.137s] Level 1:colcon.colcon_core.package_identification:_identify(src) by extensions ['cmake', 'python']
[0.137s] Level 1:colcon.colcon_core.package_identification:_identify(src) by extension 'cmake'
[0.137s] Level 1:colcon.colcon_core.package_identification:_identify(src) by extension 'python'
[0.137s] Level 1:colcon.colcon_core.package_identification:_identify(src) by extensions ['python_setup_py']
[0.138s] Level 1:colcon.colcon_core.package_identification:_identify(src) by extension 'python_setup_py'
[0.138s] Level 1:colcon.colcon_core.package_identification:_identify(src/GUI_pkg) by extensions ['ignore', 'ignore_ament_install']
[0.138s] Level 1:colcon.colcon_core.package_identification:_identify(src/GUI_pkg) by extension 'ignore'
[0.138s] Level 1:colcon.colcon_core.package_identification:_identify(src/GUI_pkg) by extension 'ignore_ament_install'
[0.138s] Level 1:colcon.colcon_core.package_identification:_identify(src/GUI_pkg) by extensions ['colcon_pkg']
[0.138s] Level 1:colcon.colcon_core.package_identification:_identify(src/GUI_pkg) by extension 'colcon_pkg'
[0.138s] Level 1:colcon.colcon_core.package_identification:_identify(src/GUI_pkg) by extensions ['colcon_meta']
[0.138s] Level 1:colcon.colcon_core.package_identification:_identify(src/GUI_pkg) by extension 'colcon_meta'
[0.138s] Level 1:colcon.colcon_core.package_identification:_identify(src/GUI_pkg) by extensions ['ros']
[0.138s] Level 1:colcon.colcon_core.package_identification:_identify(src/GUI_pkg) by extension 'ros'
[0.140s] DEBUG:colcon.colcon_core.package_identification:Package 'src/GUI_pkg' with type 'ros.ament_python' and name 'GUI_pkg'
[0.140s] Level 1:colcon.colcon_core.package_identification:_identify(src/android_ros2_server) by extensions ['ignore', 'ignore_ament_install']
[0.140s] Level 1:colcon.colcon_core.package_identification:_identify(src/android_ros2_server) by extension 'ignore'
[0.140s] Level 1:colcon.colcon_core.package_identification:_identify(src/android_ros2_server) by extension 'ignore_ament_install'
[0.140s] Level 1:colcon.colcon_core.package_identification:_identify(src/android_ros2_server) by extensions ['colcon_pkg']
[0.140s] Level 1:colcon.colcon_core.package_identification:_identify(src/android_ros2_server) by extension 'colcon_pkg'
[0.140s] Level 1:colcon.colcon_core.package_identification:_identify(src/android_ros2_server) by extensions ['colcon_meta']
[0.140s] Level 1:colcon.colcon_core.package_identification:_identify(src/android_ros2_server) by extension 'colcon_meta'
[0.140s] Level 1:colcon.colcon_core.package_identification:_identify(src/android_ros2_server) by extensions ['ros']
[0.140s] Level 1:colcon.colcon_core.package_identification:_identify(src/android_ros2_server) by extension 'ros'
[0.140s] DEBUG:colcon.colcon_core.package_identification:Package 'src/android_ros2_server' with type 'ros.ament_python' and name 'android_ros2_server'
[0.140s] Level 1:colcon.colcon_core.package_identification:_identify(src/argj801_ctl_platform) by extensions ['ignore', 'ignore_ament_install']
[0.140s] Level 1:colcon.colcon_core.package_identification:_identify(src/argj801_ctl_platform) by extension 'ignore'
[0.140s] Level 1:colcon.colcon_core.package_identification:_identify(src/argj801_ctl_platform) by extension 'ignore_ament_install'
[0.140s] Level 1:colcon.colcon_core.package_identification:_identify(src/argj801_ctl_platform) by extensions ['colcon_pkg']
[0.140s] Level 1:colcon.colcon_core.package_identification:_identify(src/argj801_ctl_platform) by extension 'colcon_pkg'
[0.140s] Level 1:colcon.colcon_core.package_identification:_identify(src/argj801_ctl_platform) by extensions ['colcon_meta']
[0.140s] Level 1:colcon.colcon_core.package_identification:_identify(src/argj801_ctl_platform) by extension 'colcon_meta'
[0.140s] Level 1:colcon.colcon_core.package_identification:_identify(src/argj801_ctl_platform) by extensions ['ros']
[0.140s] Level 1:colcon.colcon_core.package_identification:_identify(src/argj801_ctl_platform) by extension 'ros'
[0.141s] Level 1:colcon.colcon_core.package_identification:_identify(src/argj801_ctl_platform) by extensions ['cmake', 'python']
[0.141s] Level 1:colcon.colcon_core.package_identification:_identify(src/argj801_ctl_platform) by extension 'cmake'
[0.141s] Level 1:colcon.colcon_core.package_identification:_identify(src/argj801_ctl_platform) by extension 'python'
[0.141s] Level 1:colcon.colcon_core.package_identification:_identify(src/argj801_ctl_platform) by extensions ['python_setup_py']
[0.141s] Level 1:colcon.colcon_core.package_identification:_identify(src/argj801_ctl_platform) by extension 'python_setup_py'
[0.141s] Level 1:colcon.colcon_core.package_identification:_identify(src/argj801_ctl_platform/argj801_ctl_platform) by extensions ['ignore', 'ignore_ament_install']
[0.141s] Level 1:colcon.colcon_core.package_identification:_identify(src/argj801_ctl_platform/argj801_ctl_platform) by extension 'ignore'
[0.141s] Level 1:colcon.colcon_core.package_identification:_identify(src/argj801_ctl_platform/argj801_ctl_platform) by extension 'ignore_ament_install'
[0.141s] Level 1:colcon.colcon_core.package_identification:_identify(src/argj801_ctl_platform/argj801_ctl_platform) by extensions ['colcon_pkg']
[0.141s] Level 1:colcon.colcon_core.package_identification:_identify(src/argj801_ctl_platform/argj801_ctl_platform) by extension 'colcon_pkg'
[0.141s] Level 1:colcon.colcon_core.package_identification:_identify(src/argj801_ctl_platform/argj801_ctl_platform) by extensions ['colcon_meta']
[0.141s] Level 1:colcon.colcon_core.package_identification:_identify(src/argj801_ctl_platform/argj801_ctl_platform) by extension 'colcon_meta'
[0.141s] Level 1:colcon.colcon_core.package_identification:_identify(src/argj801_ctl_platform/argj801_ctl_platform) by extensions ['ros']
[0.141s] Level 1:colcon.colcon_core.package_identification:_identify(src/argj801_ctl_platform/argj801_ctl_platform) by extension 'ros'
[0.141s] DEBUG:colcon.colcon_core.package_identification:Package 'src/argj801_ctl_platform/argj801_ctl_platform' with type 'ros.ament_cmake' and name 'argj801_ctl_platform'
[0.141s] Level 1:colcon.colcon_core.package_identification:_identify(src/argj801_ctl_platform/argj801_ctl_platform_interfaces) by extensions ['ignore', 'ignore_ament_install']
[0.142s] Level 1:colcon.colcon_core.package_identification:_identify(src/argj801_ctl_platform/argj801_ctl_platform_interfaces) by extension 'ignore'
[0.142s] Level 1:colcon.colcon_core.package_identification:_identify(src/argj801_ctl_platform/argj801_ctl_platform_interfaces) by extension 'ignore_ament_install'
[0.142s] Level 1:colcon.colcon_core.package_identification:_identify(src/argj801_ctl_platform/argj801_ctl_platform_interfaces) by extensions ['colcon_pkg']
[0.142s] Level 1:colcon.colcon_core.package_identification:_identify(src/argj801_ctl_platform/argj801_ctl_platform_interfaces) by extension 'colcon_pkg'
[0.142s] Level 1:colcon.colcon_core.package_identification:_identify(src/argj801_ctl_platform/argj801_ctl_platform_interfaces) by extensions ['colcon_meta']
[0.142s] Level 1:colcon.colcon_core.package_identification:_identify(src/argj801_ctl_platform/argj801_ctl_platform_interfaces) by extension 'colcon_meta'
[0.142s] Level 1:colcon.colcon_core.package_identification:_identify(src/argj801_ctl_platform/argj801_ctl_platform_interfaces) by extensions ['ros']
[0.142s] Level 1:colcon.colcon_core.package_identification:_identify(src/argj801_ctl_platform/argj801_ctl_platform_interfaces) by extension 'ros'
[0.142s] DEBUG:colcon.colcon_core.package_identification:Package 'src/argj801_ctl_platform/argj801_ctl_platform_interfaces' with type 'ros.ament_cmake' and name 'argj801_ctl_platform_interfaces'
[0.142s] Level 1:colcon.colcon_core.package_identification:_identify(src/argj801_setup) by extensions ['ignore', 'ignore_ament_install']
[0.142s] Level 1:colcon.colcon_core.package_identification:_identify(src/argj801_setup) by extension 'ignore'
[0.142s] Level 1:colcon.colcon_core.package_identification:_identify(src/argj801_setup) by extension 'ignore_ament_install'
[0.142s] Level 1:colcon.colcon_core.package_identification:_identify(src/argj801_setup) by extensions ['colcon_pkg']
[0.142s] Level 1:colcon.colcon_core.package_identification:_identify(src/argj801_setup) by extension 'colcon_pkg'
[0.142s] Level 1:colcon.colcon_core.package_identification:_identify(src/argj801_setup) by extensions ['colcon_meta']
[0.142s] Level 1:colcon.colcon_core.package_identification:_identify(src/argj801_setup) by extension 'colcon_meta'
[0.142s] Level 1:colcon.colcon_core.package_identification:_identify(src/argj801_setup) by extensions ['ros']
[0.142s] Level 1:colcon.colcon_core.package_identification:_identify(src/argj801_setup) by extension 'ros'
[0.143s] DEBUG:colcon.colcon_core.package_identification:Package 'src/argj801_setup' with type 'ros.ament_cmake' and name 'argj801_setup'
[0.143s] Level 1:colcon.colcon_core.package_identification:_identify(src/argo_drivers_pkgs) by extensions ['ignore', 'ignore_ament_install']
[0.143s] Level 1:colcon.colcon_core.package_identification:_identify(src/argo_drivers_pkgs) by extension 'ignore'
[0.143s] Level 1:colcon.colcon_core.package_identification:_identify(src/argo_drivers_pkgs) by extension 'ignore_ament_install'
[0.143s] Level 1:colcon.colcon_core.package_identification:_identify(src/argo_drivers_pkgs) by extensions ['colcon_pkg']
[0.143s] Level 1:colcon.colcon_core.package_identification:_identify(src/argo_drivers_pkgs) by extension 'colcon_pkg'
[0.143s] Level 1:colcon.colcon_core.package_identification:_identify(src/argo_drivers_pkgs) by extensions ['colcon_meta']
[0.143s] Level 1:colcon.colcon_core.package_identification:_identify(src/argo_drivers_pkgs) by extension 'colcon_meta'
[0.143s] Level 1:colcon.colcon_core.package_identification:_identify(src/argo_drivers_pkgs) by extensions ['ros']
[0.143s] Level 1:colcon.colcon_core.package_identification:_identify(src/argo_drivers_pkgs) by extension 'ros'
[0.143s] Level 1:colcon.colcon_core.package_identification:_identify(src/argo_drivers_pkgs) by extensions ['cmake', 'python']
[0.143s] Level 1:colcon.colcon_core.package_identification:_identify(src/argo_drivers_pkgs) by extension 'cmake'
[0.143s] Level 1:colcon.colcon_core.package_identification:_identify(src/argo_drivers_pkgs) by extension 'python'
[0.143s] Level 1:colcon.colcon_core.package_identification:_identify(src/argo_drivers_pkgs) by extensions ['python_setup_py']
[0.143s] Level 1:colcon.colcon_core.package_identification:_identify(src/argo_drivers_pkgs) by extension 'python_setup_py'
[0.143s] Level 1:colcon.colcon_core.package_identification:_identify(src/argo_drivers_pkgs/Fixposition_driver_pkg) by extensions ['ignore', 'ignore_ament_install']
[0.143s] Level 1:colcon.colcon_core.package_identification:_identify(src/argo_drivers_pkgs/Fixposition_driver_pkg) by extension 'ignore'
[0.143s] Level 1:colcon.colcon_core.package_identification:_identify(src/argo_drivers_pkgs/Fixposition_driver_pkg) by extension 'ignore_ament_install'
[0.143s] Level 1:colcon.colcon_core.package_identification:_identify(src/argo_drivers_pkgs/Fixposition_driver_pkg) by extensions ['colcon_pkg']
[0.143s] Level 1:colcon.colcon_core.package_identification:_identify(src/argo_drivers_pkgs/Fixposition_driver_pkg) by extension 'colcon_pkg'
[0.143s] Level 1:colcon.colcon_core.package_identification:_identify(src/argo_drivers_pkgs/Fixposition_driver_pkg) by extensions ['colcon_meta']
[0.143s] Level 1:colcon.colcon_core.package_identification:_identify(src/argo_drivers_pkgs/Fixposition_driver_pkg) by extension 'colcon_meta'
[0.143s] Level 1:colcon.colcon_core.package_identification:_identify(src/argo_drivers_pkgs/Fixposition_driver_pkg) by extensions ['ros']
[0.143s] Level 1:colcon.colcon_core.package_identification:_identify(src/argo_drivers_pkgs/Fixposition_driver_pkg) by extension 'ros'
[0.143s] Level 1:colcon.colcon_core.package_identification:_identify(src/argo_drivers_pkgs/Fixposition_driver_pkg) by extensions ['cmake', 'python']
[0.143s] Level 1:colcon.colcon_core.package_identification:_identify(src/argo_drivers_pkgs/Fixposition_driver_pkg) by extension 'cmake'
[0.143s] Level 1:colcon.colcon_core.package_identification:_identify(src/argo_drivers_pkgs/Fixposition_driver_pkg) by extension 'python'
[0.143s] Level 1:colcon.colcon_core.package_identification:_identify(src/argo_drivers_pkgs/Fixposition_driver_pkg) by extensions ['python_setup_py']
[0.143s] Level 1:colcon.colcon_core.package_identification:_identify(src/argo_drivers_pkgs/Fixposition_driver_pkg) by extension 'python_setup_py'
[0.143s] Level 1:colcon.colcon_core.package_identification:_identify(src/argo_drivers_pkgs/Fixposition_driver_pkg/fixposition_driver-main) by extensions ['ignore', 'ignore_ament_install']
[0.143s] Level 1:colcon.colcon_core.package_identification:_identify(src/argo_drivers_pkgs/Fixposition_driver_pkg/fixposition_driver-main) by extension 'ignore'
[0.143s] Level 1:colcon.colcon_core.package_identification:_identify(src/argo_drivers_pkgs/Fixposition_driver_pkg/fixposition_driver-main) by extension 'ignore_ament_install'
[0.143s] Level 1:colcon.colcon_core.package_identification:_identify(src/argo_drivers_pkgs/Fixposition_driver_pkg/fixposition_driver-main) by extensions ['colcon_pkg']
[0.143s] Level 1:colcon.colcon_core.package_identification:_identify(src/argo_drivers_pkgs/Fixposition_driver_pkg/fixposition_driver-main) by extension 'colcon_pkg'
[0.143s] Level 1:colcon.colcon_core.package_identification:_identify(src/argo_drivers_pkgs/Fixposition_driver_pkg/fixposition_driver-main) by extensions ['colcon_meta']
[0.143s] Level 1:colcon.colcon_core.package_identification:_identify(src/argo_drivers_pkgs/Fixposition_driver_pkg/fixposition_driver-main) by extension 'colcon_meta'
[0.143s] Level 1:colcon.colcon_core.package_identification:_identify(src/argo_drivers_pkgs/Fixposition_driver_pkg/fixposition_driver-main) by extensions ['ros']
[0.143s] Level 1:colcon.colcon_core.package_identification:_identify(src/argo_drivers_pkgs/Fixposition_driver_pkg/fixposition_driver-main) by extension 'ros'
[0.143s] Level 1:colcon.colcon_core.package_identification:_identify(src/argo_drivers_pkgs/Fixposition_driver_pkg/fixposition_driver-main) by extensions ['cmake', 'python']
[0.143s] Level 1:colcon.colcon_core.package_identification:_identify(src/argo_drivers_pkgs/Fixposition_driver_pkg/fixposition_driver-main) by extension 'cmake'
[0.143s] Level 1:colcon.colcon_core.package_identification:_identify(src/argo_drivers_pkgs/Fixposition_driver_pkg/fixposition_driver-main) by extension 'python'
[0.143s] Level 1:colcon.colcon_core.package_identification:_identify(src/argo_drivers_pkgs/Fixposition_driver_pkg/fixposition_driver-main) by extensions ['python_setup_py']
[0.144s] Level 1:colcon.colcon_core.package_identification:_identify(src/argo_drivers_pkgs/Fixposition_driver_pkg/fixposition_driver-main) by extension 'python_setup_py'
[0.144s] Level 1:colcon.colcon_core.package_identification:_identify(src/argo_drivers_pkgs/Fixposition_driver_pkg/fixposition_driver-main/fixposition_driver_lib) by extensions ['ignore', 'ignore_ament_install']
[0.144s] Level 1:colcon.colcon_core.package_identification:_identify(src/argo_drivers_pkgs/Fixposition_driver_pkg/fixposition_driver-main/fixposition_driver_lib) by extension 'ignore'
[0.144s] Level 1:colcon.colcon_core.package_identification:_identify(src/argo_drivers_pkgs/Fixposition_driver_pkg/fixposition_driver-main/fixposition_driver_lib) by extension 'ignore_ament_install'
[0.144s] Level 1:colcon.colcon_core.package_identification:_identify(src/argo_drivers_pkgs/Fixposition_driver_pkg/fixposition_driver-main/fixposition_driver_lib) by extensions ['colcon_pkg']
[0.144s] Level 1:colcon.colcon_core.package_identification:_identify(src/argo_drivers_pkgs/Fixposition_driver_pkg/fixposition_driver-main/fixposition_driver_lib) by extension 'colcon_pkg'
[0.144s] Level 1:colcon.colcon_core.package_identification:_identify(src/argo_drivers_pkgs/Fixposition_driver_pkg/fixposition_driver-main/fixposition_driver_lib) by extensions ['colcon_meta']
[0.144s] Level 1:colcon.colcon_core.package_identification:_identify(src/argo_drivers_pkgs/Fixposition_driver_pkg/fixposition_driver-main/fixposition_driver_lib) by extension 'colcon_meta'
[0.144s] Level 1:colcon.colcon_core.package_identification:_identify(src/argo_drivers_pkgs/Fixposition_driver_pkg/fixposition_driver-main/fixposition_driver_lib) by extensions ['ros']
[0.144s] Level 1:colcon.colcon_core.package_identification:_identify(src/argo_drivers_pkgs/Fixposition_driver_pkg/fixposition_driver-main/fixposition_driver_lib) by extension 'ros'
[0.146s] DEBUG:colcon.colcon_core.package_identification:Package 'src/argo_drivers_pkgs/Fixposition_driver_pkg/fixposition_driver-main/fixposition_driver_lib' with type 'ros.cmake' and name 'fixposition_driver_lib'
[0.146s] Level 1:colcon.colcon_core.package_identification:_identify(src/argo_drivers_pkgs/Fixposition_driver_pkg/fixposition_driver-main/fixposition_driver_ros1) by extensions ['ignore', 'ignore_ament_install']
[0.146s] Level 1:colcon.colcon_core.package_identification:_identify(src/argo_drivers_pkgs/Fixposition_driver_pkg/fixposition_driver-main/fixposition_driver_ros1) by extension 'ignore'
[0.146s] Level 1:colcon.colcon_core.package_identification:_identify(src/argo_drivers_pkgs/Fixposition_driver_pkg/fixposition_driver-main/fixposition_driver_ros1) ignored
[0.146s] Level 1:colcon.colcon_core.package_identification:_identify(src/argo_drivers_pkgs/Fixposition_driver_pkg/fixposition_driver-main/fixposition_driver_ros2) by extensions ['ignore', 'ignore_ament_install']
[0.146s] Level 1:colcon.colcon_core.package_identification:_identify(src/argo_drivers_pkgs/Fixposition_driver_pkg/fixposition_driver-main/fixposition_driver_ros2) by extension 'ignore'
[0.146s] Level 1:colcon.colcon_core.package_identification:_identify(src/argo_drivers_pkgs/Fixposition_driver_pkg/fixposition_driver-main/fixposition_driver_ros2) by extension 'ignore_ament_install'
[0.146s] Level 1:colcon.colcon_core.package_identification:_identify(src/argo_drivers_pkgs/Fixposition_driver_pkg/fixposition_driver-main/fixposition_driver_ros2) by extensions ['colcon_pkg']
[0.146s] Level 1:colcon.colcon_core.package_identification:_identify(src/argo_drivers_pkgs/Fixposition_driver_pkg/fixposition_driver-main/fixposition_driver_ros2) by extension 'colcon_pkg'
[0.146s] Level 1:colcon.colcon_core.package_identification:_identify(src/argo_drivers_pkgs/Fixposition_driver_pkg/fixposition_driver-main/fixposition_driver_ros2) by extensions ['colcon_meta']
[0.146s] Level 1:colcon.colcon_core.package_identification:_identify(src/argo_drivers_pkgs/Fixposition_driver_pkg/fixposition_driver-main/fixposition_driver_ros2) by extension 'colcon_meta'
[0.146s] Level 1:colcon.colcon_core.package_identification:_identify(src/argo_drivers_pkgs/Fixposition_driver_pkg/fixposition_driver-main/fixposition_driver_ros2) by extensions ['ros']
[0.146s] Level 1:colcon.colcon_core.package_identification:_identify(src/argo_drivers_pkgs/Fixposition_driver_pkg/fixposition_driver-main/fixposition_driver_ros2) by extension 'ros'
[0.147s] DEBUG:colcon.colcon_core.package_identification:Package 'src/argo_drivers_pkgs/Fixposition_driver_pkg/fixposition_driver-main/fixposition_driver_ros2' with type 'ros.ament_cmake' and name 'fixposition_driver_ros2'
[0.147s] Level 1:colcon.colcon_core.package_identification:_identify(src/argo_drivers_pkgs/Fixposition_driver_pkg/fixposition_driver-main/fixposition_odometry_converter_ros2) by extensions ['ignore', 'ignore_ament_install']
[0.147s] Level 1:colcon.colcon_core.package_identification:_identify(src/argo_drivers_pkgs/Fixposition_driver_pkg/fixposition_driver-main/fixposition_odometry_converter_ros2) by extension 'ignore'
[0.147s] Level 1:colcon.colcon_core.package_identification:_identify(src/argo_drivers_pkgs/Fixposition_driver_pkg/fixposition_driver-main/fixposition_odometry_converter_ros2) by extension 'ignore_ament_install'
[0.147s] Level 1:colcon.colcon_core.package_identification:_identify(src/argo_drivers_pkgs/Fixposition_driver_pkg/fixposition_driver-main/fixposition_odometry_converter_ros2) by extensions ['colcon_pkg']
[0.147s] Level 1:colcon.colcon_core.package_identification:_identify(src/argo_drivers_pkgs/Fixposition_driver_pkg/fixposition_driver-main/fixposition_odometry_converter_ros2) by extension 'colcon_pkg'
[0.147s] Level 1:colcon.colcon_core.package_identification:_identify(src/argo_drivers_pkgs/Fixposition_driver_pkg/fixposition_driver-main/fixposition_odometry_converter_ros2) by extensions ['colcon_meta']
[0.147s] Level 1:colcon.colcon_core.package_identification:_identify(src/argo_drivers_pkgs/Fixposition_driver_pkg/fixposition_driver-main/fixposition_odometry_converter_ros2) by extension 'colcon_meta'
[0.147s] Level 1:colcon.colcon_core.package_identification:_identify(src/argo_drivers_pkgs/Fixposition_driver_pkg/fixposition_driver-main/fixposition_odometry_converter_ros2) by extensions ['ros']
[0.147s] Level 1:colcon.colcon_core.package_identification:_identify(src/argo_drivers_pkgs/Fixposition_driver_pkg/fixposition_driver-main/fixposition_odometry_converter_ros2) by extension 'ros'
[0.148s] DEBUG:colcon.colcon_core.package_identification:Package 'src/argo_drivers_pkgs/Fixposition_driver_pkg/fixposition_driver-main/fixposition_odometry_converter_ros2' with type 'ros.ament_cmake' and name 'fixposition_odometry_converter_ros2'
[0.148s] Level 1:colcon.colcon_core.package_identification:_identify(src/argo_drivers_pkgs/Fixposition_driver_pkg/fixposition_driver-main/test) by extensions ['ignore', 'ignore_ament_install']
[0.148s] Level 1:colcon.colcon_core.package_identification:_identify(src/argo_drivers_pkgs/Fixposition_driver_pkg/fixposition_driver-main/test) by extension 'ignore'
[0.148s] Level 1:colcon.colcon_core.package_identification:_identify(src/argo_drivers_pkgs/Fixposition_driver_pkg/fixposition_driver-main/test) by extension 'ignore_ament_install'
[0.148s] Level 1:colcon.colcon_core.package_identification:_identify(src/argo_drivers_pkgs/Fixposition_driver_pkg/fixposition_driver-main/test) by extensions ['colcon_pkg']
[0.148s] Level 1:colcon.colcon_core.package_identification:_identify(src/argo_drivers_pkgs/Fixposition_driver_pkg/fixposition_driver-main/test) by extension 'colcon_pkg'
[0.148s] Level 1:colcon.colcon_core.package_identification:_identify(src/argo_drivers_pkgs/Fixposition_driver_pkg/fixposition_driver-main/test) by extensions ['colcon_meta']
[0.148s] Level 1:colcon.colcon_core.package_identification:_identify(src/argo_drivers_pkgs/Fixposition_driver_pkg/fixposition_driver-main/test) by extension 'colcon_meta'
[0.148s] Level 1:colcon.colcon_core.package_identification:_identify(src/argo_drivers_pkgs/Fixposition_driver_pkg/fixposition_driver-main/test) by extensions ['ros']
[0.148s] Level 1:colcon.colcon_core.package_identification:_identify(src/argo_drivers_pkgs/Fixposition_driver_pkg/fixposition_driver-main/test) by extension 'ros'
[0.148s] Level 1:colcon.colcon_core.package_identification:_identify(src/argo_drivers_pkgs/Fixposition_driver_pkg/fixposition_driver-main/test) by extensions ['cmake', 'python']
[0.148s] Level 1:colcon.colcon_core.package_identification:_identify(src/argo_drivers_pkgs/Fixposition_driver_pkg/fixposition_driver-main/test) by extension 'cmake'
[0.148s] Level 1:colcon.colcon_core.package_identification:_identify(src/argo_drivers_pkgs/Fixposition_driver_pkg/fixposition_driver-main/test) by extension 'python'
[0.148s] Level 1:colcon.colcon_core.package_identification:_identify(src/argo_drivers_pkgs/Fixposition_driver_pkg/fixposition_driver-main/test) by extensions ['python_setup_py']
[0.148s] Level 1:colcon.colcon_core.package_identification:_identify(src/argo_drivers_pkgs/Fixposition_driver_pkg/fixposition_driver-main/test) by extension 'python_setup_py'
[0.148s] Level 1:colcon.colcon_core.package_identification:_identify(src/argo_drivers_pkgs/Fixposition_driver_pkg/fixposition_driver-main/test/data) by extensions ['ignore', 'ignore_ament_install']
[0.148s] Level 1:colcon.colcon_core.package_identification:_identify(src/argo_drivers_pkgs/Fixposition_driver_pkg/fixposition_driver-main/test/data) by extension 'ignore'
[0.148s] Level 1:colcon.colcon_core.package_identification:_identify(src/argo_drivers_pkgs/Fixposition_driver_pkg/fixposition_driver-main/test/data) by extension 'ignore_ament_install'
[0.148s] Level 1:colcon.colcon_core.package_identification:_identify(src/argo_drivers_pkgs/Fixposition_driver_pkg/fixposition_driver-main/test/data) by extensions ['colcon_pkg']
[0.148s] Level 1:colcon.colcon_core.package_identification:_identify(src/argo_drivers_pkgs/Fixposition_driver_pkg/fixposition_driver-main/test/data) by extension 'colcon_pkg'
[0.148s] Level 1:colcon.colcon_core.package_identification:_identify(src/argo_drivers_pkgs/Fixposition_driver_pkg/fixposition_driver-main/test/data) by extensions ['colcon_meta']
[0.148s] Level 1:colcon.colcon_core.package_identification:_identify(src/argo_drivers_pkgs/Fixposition_driver_pkg/fixposition_driver-main/test/data) by extension 'colcon_meta'
[0.148s] Level 1:colcon.colcon_core.package_identification:_identify(src/argo_drivers_pkgs/Fixposition_driver_pkg/fixposition_driver-main/test/data) by extensions ['ros']
[0.148s] Level 1:colcon.colcon_core.package_identification:_identify(src/argo_drivers_pkgs/Fixposition_driver_pkg/fixposition_driver-main/test/data) by extension 'ros'
[0.148s] Level 1:colcon.colcon_core.package_identification:_identify(src/argo_drivers_pkgs/Fixposition_driver_pkg/fixposition_driver-main/test/data) by extensions ['cmake', 'python']
[0.148s] Level 1:colcon.colcon_core.package_identification:_identify(src/argo_drivers_pkgs/Fixposition_driver_pkg/fixposition_driver-main/test/data) by extension 'cmake'
[0.148s] Level 1:colcon.colcon_core.package_identification:_identify(src/argo_drivers_pkgs/Fixposition_driver_pkg/fixposition_driver-main/test/data) by extension 'python'
[0.148s] Level 1:colcon.colcon_core.package_identification:_identify(src/argo_drivers_pkgs/Fixposition_driver_pkg/fixposition_driver-main/test/data) by extensions ['python_setup_py']
[0.148s] Level 1:colcon.colcon_core.package_identification:_identify(src/argo_drivers_pkgs/Fixposition_driver_pkg/fixposition_driver-main/test/data) by extension 'python_setup_py'
[0.148s] Level 1:colcon.colcon_core.package_identification:_identify(src/argo_drivers_pkgs/Fixposition_driver_pkg/fixposition_gnss_tf-main) by extensions ['ignore', 'ignore_ament_install']
[0.148s] Level 1:colcon.colcon_core.package_identification:_identify(src/argo_drivers_pkgs/Fixposition_driver_pkg/fixposition_gnss_tf-main) by extension 'ignore'
[0.148s] Level 1:colcon.colcon_core.package_identification:_identify(src/argo_drivers_pkgs/Fixposition_driver_pkg/fixposition_gnss_tf-main) by extension 'ignore_ament_install'
[0.148s] Level 1:colcon.colcon_core.package_identification:_identify(src/argo_drivers_pkgs/Fixposition_driver_pkg/fixposition_gnss_tf-main) by extensions ['colcon_pkg']
[0.148s] Level 1:colcon.colcon_core.package_identification:_identify(src/argo_drivers_pkgs/Fixposition_driver_pkg/fixposition_gnss_tf-main) by extension 'colcon_pkg'
[0.148s] Level 1:colcon.colcon_core.package_identification:_identify(src/argo_drivers_pkgs/Fixposition_driver_pkg/fixposition_gnss_tf-main) by extensions ['colcon_meta']
[0.148s] Level 1:colcon.colcon_core.package_identification:_identify(src/argo_drivers_pkgs/Fixposition_driver_pkg/fixposition_gnss_tf-main) by extension 'colcon_meta'
[0.148s] Level 1:colcon.colcon_core.package_identification:_identify(src/argo_drivers_pkgs/Fixposition_driver_pkg/fixposition_gnss_tf-main) by extensions ['ros']
[0.148s] Level 1:colcon.colcon_core.package_identification:_identify(src/argo_drivers_pkgs/Fixposition_driver_pkg/fixposition_gnss_tf-main) by extension 'ros'
[0.149s] DEBUG:colcon.colcon_core.package_identification:Package 'src/argo_drivers_pkgs/Fixposition_driver_pkg/fixposition_gnss_tf-main' with type 'ros.cmake' and name 'fixposition_gnss_tf'
[0.149s] Level 1:colcon.colcon_core.package_identification:_identify(src/argo_drivers_pkgs/argj801_sensors) by extensions ['ignore', 'ignore_ament_install']
[0.149s] Level 1:colcon.colcon_core.package_identification:_identify(src/argo_drivers_pkgs/argj801_sensors) by extension 'ignore'
[0.149s] Level 1:colcon.colcon_core.package_identification:_identify(src/argo_drivers_pkgs/argj801_sensors) by extension 'ignore_ament_install'
[0.149s] Level 1:colcon.colcon_core.package_identification:_identify(src/argo_drivers_pkgs/argj801_sensors) by extensions ['colcon_pkg']
[0.149s] Level 1:colcon.colcon_core.package_identification:_identify(src/argo_drivers_pkgs/argj801_sensors) by extension 'colcon_pkg'
[0.149s] Level 1:colcon.colcon_core.package_identification:_identify(src/argo_drivers_pkgs/argj801_sensors) by extensions ['colcon_meta']
[0.149s] Level 1:colcon.colcon_core.package_identification:_identify(src/argo_drivers_pkgs/argj801_sensors) by extension 'colcon_meta'
[0.149s] Level 1:colcon.colcon_core.package_identification:_identify(src/argo_drivers_pkgs/argj801_sensors) by extensions ['ros']
[0.149s] Level 1:colcon.colcon_core.package_identification:_identify(src/argo_drivers_pkgs/argj801_sensors) by extension 'ros'
[0.149s] Level 1:colcon.colcon_core.package_identification:_identify(src/argo_drivers_pkgs/argj801_sensors) by extensions ['cmake', 'python']
[0.149s] Level 1:colcon.colcon_core.package_identification:_identify(src/argo_drivers_pkgs/argj801_sensors) by extension 'cmake'
[0.149s] Level 1:colcon.colcon_core.package_identification:_identify(src/argo_drivers_pkgs/argj801_sensors) by extension 'python'
[0.149s] Level 1:colcon.colcon_core.package_identification:_identify(src/argo_drivers_pkgs/argj801_sensors) by extensions ['python_setup_py']
[0.150s] Level 1:colcon.colcon_core.package_identification:_identify(src/argo_drivers_pkgs/argj801_sensors) by extension 'python_setup_py'
[0.150s] Level 1:colcon.colcon_core.package_identification:_identify(src/argo_drivers_pkgs/argj801_sensors/argj801_sensors) by extensions ['ignore', 'ignore_ament_install']
[0.150s] Level 1:colcon.colcon_core.package_identification:_identify(src/argo_drivers_pkgs/argj801_sensors/argj801_sensors) by extension 'ignore'
[0.150s] Level 1:colcon.colcon_core.package_identification:_identify(src/argo_drivers_pkgs/argj801_sensors/argj801_sensors) by extension 'ignore_ament_install'
[0.150s] Level 1:colcon.colcon_core.package_identification:_identify(src/argo_drivers_pkgs/argj801_sensors/argj801_sensors) by extensions ['colcon_pkg']
[0.150s] Level 1:colcon.colcon_core.package_identification:_identify(src/argo_drivers_pkgs/argj801_sensors/argj801_sensors) by extension 'colcon_pkg'
[0.150s] Level 1:colcon.colcon_core.package_identification:_identify(src/argo_drivers_pkgs/argj801_sensors/argj801_sensors) by extensions ['colcon_meta']
[0.150s] Level 1:colcon.colcon_core.package_identification:_identify(src/argo_drivers_pkgs/argj801_sensors/argj801_sensors) by extension 'colcon_meta'
[0.150s] Level 1:colcon.colcon_core.package_identification:_identify(src/argo_drivers_pkgs/argj801_sensors/argj801_sensors) by extensions ['ros']
[0.150s] Level 1:colcon.colcon_core.package_identification:_identify(src/argo_drivers_pkgs/argj801_sensors/argj801_sensors) by extension 'ros'
[0.150s] DEBUG:colcon.colcon_core.package_identification:Package 'src/argo_drivers_pkgs/argj801_sensors/argj801_sensors' with type 'ros.ament_cmake' and name 'argj801_sensors'
[0.150s] Level 1:colcon.colcon_core.package_identification:_identify(src/argo_drivers_pkgs/argj801_sensors/argj801_sensors_msgs) by extensions ['ignore', 'ignore_ament_install']
[0.150s] Level 1:colcon.colcon_core.package_identification:_identify(src/argo_drivers_pkgs/argj801_sensors/argj801_sensors_msgs) by extension 'ignore'
[0.150s] Level 1:colcon.colcon_core.package_identification:_identify(src/argo_drivers_pkgs/argj801_sensors/argj801_sensors_msgs) by extension 'ignore_ament_install'
[0.150s] Level 1:colcon.colcon_core.package_identification:_identify(src/argo_drivers_pkgs/argj801_sensors/argj801_sensors_msgs) by extensions ['colcon_pkg']
[0.150s] Level 1:colcon.colcon_core.package_identification:_identify(src/argo_drivers_pkgs/argj801_sensors/argj801_sensors_msgs) by extension 'colcon_pkg'
[0.150s] Level 1:colcon.colcon_core.package_identification:_identify(src/argo_drivers_pkgs/argj801_sensors/argj801_sensors_msgs) by extensions ['colcon_meta']
[0.150s] Level 1:colcon.colcon_core.package_identification:_identify(src/argo_drivers_pkgs/argj801_sensors/argj801_sensors_msgs) by extension 'colcon_meta'
[0.150s] Level 1:colcon.colcon_core.package_identification:_identify(src/argo_drivers_pkgs/argj801_sensors/argj801_sensors_msgs) by extensions ['ros']
[0.150s] Level 1:colcon.colcon_core.package_identification:_identify(src/argo_drivers_pkgs/argj801_sensors/argj801_sensors_msgs) by extension 'ros'
[0.151s] DEBUG:colcon.colcon_core.package_identification:Package 'src/argo_drivers_pkgs/argj801_sensors/argj801_sensors_msgs' with type 'ros.ament_cmake' and name 'argj801_sensors_msgs'
[0.151s] Level 1:colcon.colcon_core.package_identification:_identify(src/argo_drivers_pkgs/ntrip_client) by extensions ['ignore', 'ignore_ament_install']
[0.151s] Level 1:colcon.colcon_core.package_identification:_identify(src/argo_drivers_pkgs/ntrip_client) by extension 'ignore'
[0.151s] Level 1:colcon.colcon_core.package_identification:_identify(src/argo_drivers_pkgs/ntrip_client) by extension 'ignore_ament_install'
[0.151s] Level 1:colcon.colcon_core.package_identification:_identify(src/argo_drivers_pkgs/ntrip_client) by extensions ['colcon_pkg']
[0.151s] Level 1:colcon.colcon_core.package_identification:_identify(src/argo_drivers_pkgs/ntrip_client) by extension 'colcon_pkg'
[0.151s] Level 1:colcon.colcon_core.package_identification:_identify(src/argo_drivers_pkgs/ntrip_client) by extensions ['colcon_meta']
[0.151s] Level 1:colcon.colcon_core.package_identification:_identify(src/argo_drivers_pkgs/ntrip_client) by extension 'colcon_meta'
[0.151s] Level 1:colcon.colcon_core.package_identification:_identify(src/argo_drivers_pkgs/ntrip_client) by extensions ['ros']
[0.151s] Level 1:colcon.colcon_core.package_identification:_identify(src/argo_drivers_pkgs/ntrip_client) by extension 'ros'
[0.151s] DEBUG:colcon.colcon_core.package_identification:Package 'src/argo_drivers_pkgs/ntrip_client' with type 'ros.ament_python' and name 'ntrip_client'
[0.151s] Level 1:colcon.colcon_core.package_identification:_identify(src/argo_drivers_pkgs/ublox) by extensions ['ignore', 'ignore_ament_install']
[0.151s] Level 1:colcon.colcon_core.package_identification:_identify(src/argo_drivers_pkgs/ublox) by extension 'ignore'
[0.151s] Level 1:colcon.colcon_core.package_identification:_identify(src/argo_drivers_pkgs/ublox) by extension 'ignore_ament_install'
[0.151s] Level 1:colcon.colcon_core.package_identification:_identify(src/argo_drivers_pkgs/ublox) by extensions ['colcon_pkg']
[0.151s] Level 1:colcon.colcon_core.package_identification:_identify(src/argo_drivers_pkgs/ublox) by extension 'colcon_pkg'
[0.152s] Level 1:colcon.colcon_core.package_identification:_identify(src/argo_drivers_pkgs/ublox) by extensions ['colcon_meta']
[0.152s] Level 1:colcon.colcon_core.package_identification:_identify(src/argo_drivers_pkgs/ublox) by extension 'colcon_meta'
[0.152s] Level 1:colcon.colcon_core.package_identification:_identify(src/argo_drivers_pkgs/ublox) by extensions ['ros']
[0.152s] Level 1:colcon.colcon_core.package_identification:_identify(src/argo_drivers_pkgs/ublox) by extension 'ros'
[0.152s] Level 1:colcon.colcon_core.package_identification:_identify(src/argo_drivers_pkgs/ublox) by extensions ['cmake', 'python']
[0.152s] Level 1:colcon.colcon_core.package_identification:_identify(src/argo_drivers_pkgs/ublox) by extension 'cmake'
[0.152s] Level 1:colcon.colcon_core.package_identification:_identify(src/argo_drivers_pkgs/ublox) by extension 'python'
[0.152s] Level 1:colcon.colcon_core.package_identification:_identify(src/argo_drivers_pkgs/ublox) by extensions ['python_setup_py']
[0.152s] Level 1:colcon.colcon_core.package_identification:_identify(src/argo_drivers_pkgs/ublox) by extension 'python_setup_py'
[0.152s] Level 1:colcon.colcon_core.package_identification:_identify(src/argo_drivers_pkgs/ublox/ublox) by extensions ['ignore', 'ignore_ament_install']
[0.152s] Level 1:colcon.colcon_core.package_identification:_identify(src/argo_drivers_pkgs/ublox/ublox) by extension 'ignore'
[0.152s] Level 1:colcon.colcon_core.package_identification:_identify(src/argo_drivers_pkgs/ublox/ublox) by extension 'ignore_ament_install'
[0.152s] Level 1:colcon.colcon_core.package_identification:_identify(src/argo_drivers_pkgs/ublox/ublox) by extensions ['colcon_pkg']
[0.152s] Level 1:colcon.colcon_core.package_identification:_identify(src/argo_drivers_pkgs/ublox/ublox) by extension 'colcon_pkg'
[0.152s] Level 1:colcon.colcon_core.package_identification:_identify(src/argo_drivers_pkgs/ublox/ublox) by extensions ['colcon_meta']
[0.152s] Level 1:colcon.colcon_core.package_identification:_identify(src/argo_drivers_pkgs/ublox/ublox) by extension 'colcon_meta'
[0.152s] Level 1:colcon.colcon_core.package_identification:_identify(src/argo_drivers_pkgs/ublox/ublox) by extensions ['ros']
[0.152s] Level 1:colcon.colcon_core.package_identification:_identify(src/argo_drivers_pkgs/ublox/ublox) by extension 'ros'
[0.152s] DEBUG:colcon.colcon_core.package_identification:Package 'src/argo_drivers_pkgs/ublox/ublox' with type 'ros.ament_cmake' and name 'ublox'
[0.152s] Level 1:colcon.colcon_core.package_identification:_identify(src/argo_drivers_pkgs/ublox/ublox_gps) by extensions ['ignore', 'ignore_ament_install']
[0.152s] Level 1:colcon.colcon_core.package_identification:_identify(src/argo_drivers_pkgs/ublox/ublox_gps) by extension 'ignore'
[0.152s] Level 1:colcon.colcon_core.package_identification:_identify(src/argo_drivers_pkgs/ublox/ublox_gps) by extension 'ignore_ament_install'
[0.152s] Level 1:colcon.colcon_core.package_identification:_identify(src/argo_drivers_pkgs/ublox/ublox_gps) by extensions ['colcon_pkg']
[0.152s] Level 1:colcon.colcon_core.package_identification:_identify(src/argo_drivers_pkgs/ublox/ublox_gps) by extension 'colcon_pkg'
[0.152s] Level 1:colcon.colcon_core.package_identification:_identify(src/argo_drivers_pkgs/ublox/ublox_gps) by extensions ['colcon_meta']
[0.152s] Level 1:colcon.colcon_core.package_identification:_identify(src/argo_drivers_pkgs/ublox/ublox_gps) by extension 'colcon_meta'
[0.152s] Level 1:colcon.colcon_core.package_identification:_identify(src/argo_drivers_pkgs/ublox/ublox_gps) by extensions ['ros']
[0.152s] Level 1:colcon.colcon_core.package_identification:_identify(src/argo_drivers_pkgs/ublox/ublox_gps) by extension 'ros'
[0.153s] DEBUG:colcon.colcon_core.package_identification:Package 'src/argo_drivers_pkgs/ublox/ublox_gps' with type 'ros.ament_cmake' and name 'ublox_gps'
[0.153s] Level 1:colcon.colcon_core.package_identification:_identify(src/argo_drivers_pkgs/ublox/ublox_msgs) by extensions ['ignore', 'ignore_ament_install']
[0.153s] Level 1:colcon.colcon_core.package_identification:_identify(src/argo_drivers_pkgs/ublox/ublox_msgs) by extension 'ignore'
[0.153s] Level 1:colcon.colcon_core.package_identification:_identify(src/argo_drivers_pkgs/ublox/ublox_msgs) by extension 'ignore_ament_install'
[0.153s] Level 1:colcon.colcon_core.package_identification:_identify(src/argo_drivers_pkgs/ublox/ublox_msgs) by extensions ['colcon_pkg']
[0.153s] Level 1:colcon.colcon_core.package_identification:_identify(src/argo_drivers_pkgs/ublox/ublox_msgs) by extension 'colcon_pkg'
[0.153s] Level 1:colcon.colcon_core.package_identification:_identify(src/argo_drivers_pkgs/ublox/ublox_msgs) by extensions ['colcon_meta']
[0.153s] Level 1:colcon.colcon_core.package_identification:_identify(src/argo_drivers_pkgs/ublox/ublox_msgs) by extension 'colcon_meta'
[0.153s] Level 1:colcon.colcon_core.package_identification:_identify(src/argo_drivers_pkgs/ublox/ublox_msgs) by extensions ['ros']
[0.153s] Level 1:colcon.colcon_core.package_identification:_identify(src/argo_drivers_pkgs/ublox/ublox_msgs) by extension 'ros'
[0.154s] DEBUG:colcon.colcon_core.package_identification:Package 'src/argo_drivers_pkgs/ublox/ublox_msgs' with type 'ros.ament_cmake' and name 'ublox_msgs'
[0.154s] Level 1:colcon.colcon_core.package_identification:_identify(src/argo_drivers_pkgs/ublox/ublox_serialization) by extensions ['ignore', 'ignore_ament_install']
[0.154s] Level 1:colcon.colcon_core.package_identification:_identify(src/argo_drivers_pkgs/ublox/ublox_serialization) by extension 'ignore'
[0.154s] Level 1:colcon.colcon_core.package_identification:_identify(src/argo_drivers_pkgs/ublox/ublox_serialization) by extension 'ignore_ament_install'
[0.154s] Level 1:colcon.colcon_core.package_identification:_identify(src/argo_drivers_pkgs/ublox/ublox_serialization) by extensions ['colcon_pkg']
[0.154s] Level 1:colcon.colcon_core.package_identification:_identify(src/argo_drivers_pkgs/ublox/ublox_serialization) by extension 'colcon_pkg'
[0.154s] Level 1:colcon.colcon_core.package_identification:_identify(src/argo_drivers_pkgs/ublox/ublox_serialization) by extensions ['colcon_meta']
[0.154s] Level 1:colcon.colcon_core.package_identification:_identify(src/argo_drivers_pkgs/ublox/ublox_serialization) by extension 'colcon_meta'
[0.154s] Level 1:colcon.colcon_core.package_identification:_identify(src/argo_drivers_pkgs/ublox/ublox_serialization) by extensions ['ros']
[0.154s] Level 1:colcon.colcon_core.package_identification:_identify(src/argo_drivers_pkgs/ublox/ublox_serialization) by extension 'ros'
[0.154s] DEBUG:colcon.colcon_core.package_identification:Package 'src/argo_drivers_pkgs/ublox/ublox_serialization' with type 'ros.ament_cmake' and name 'ublox_serialization'
[0.154s] Level 1:colcon.colcon_core.package_identification:_identify(src/car_cpp) by extensions ['ignore', 'ignore_ament_install']
[0.154s] Level 1:colcon.colcon_core.package_identification:_identify(src/car_cpp) by extension 'ignore'
[0.154s] Level 1:colcon.colcon_core.package_identification:_identify(src/car_cpp) by extension 'ignore_ament_install'
[0.154s] Level 1:colcon.colcon_core.package_identification:_identify(src/car_cpp) by extensions ['colcon_pkg']
[0.154s] Level 1:colcon.colcon_core.package_identification:_identify(src/car_cpp) by extension 'colcon_pkg'
[0.154s] Level 1:colcon.colcon_core.package_identification:_identify(src/car_cpp) by extensions ['colcon_meta']
[0.154s] Level 1:colcon.colcon_core.package_identification:_identify(src/car_cpp) by extension 'colcon_meta'
[0.154s] Level 1:colcon.colcon_core.package_identification:_identify(src/car_cpp) by extensions ['ros']
[0.154s] Level 1:colcon.colcon_core.package_identification:_identify(src/car_cpp) by extension 'ros'
[0.155s] DEBUG:colcon.colcon_core.package_identification:Package 'src/car_cpp' with type 'ros.ament_cmake' and name 'car_cpp'
[0.155s] Level 1:colcon.colcon_core.package_identification:_identify(src/car_interfaces) by extensions ['ignore', 'ignore_ament_install']
[0.155s] Level 1:colcon.colcon_core.package_identification:_identify(src/car_interfaces) by extension 'ignore'
[0.155s] Level 1:colcon.colcon_core.package_identification:_identify(src/car_interfaces) by extension 'ignore_ament_install'
[0.155s] Level 1:colcon.colcon_core.package_identification:_identify(src/car_interfaces) by extensions ['colcon_pkg']
[0.155s] Level 1:colcon.colcon_core.package_identification:_identify(src/car_interfaces) by extension 'colcon_pkg'
[0.155s] Level 1:colcon.colcon_core.package_identification:_identify(src/car_interfaces) by extensions ['colcon_meta']
[0.155s] Level 1:colcon.colcon_core.package_identification:_identify(src/car_interfaces) by extension 'colcon_meta'
[0.155s] Level 1:colcon.colcon_core.package_identification:_identify(src/car_interfaces) by extensions ['ros']
[0.155s] Level 1:colcon.colcon_core.package_identification:_identify(src/car_interfaces) by extension 'ros'
[0.156s] DEBUG:colcon.colcon_core.package_identification:Package 'src/car_interfaces' with type 'ros.ament_cmake' and name 'car_interfaces'
[0.156s] Level 1:colcon.colcon_core.package_identification:_identify(src/car_python) by extensions ['ignore', 'ignore_ament_install']
[0.156s] Level 1:colcon.colcon_core.package_identification:_identify(src/car_python) by extension 'ignore'
[0.156s] Level 1:colcon.colcon_core.package_identification:_identify(src/car_python) by extension 'ignore_ament_install'
[0.156s] Level 1:colcon.colcon_core.package_identification:_identify(src/car_python) by extensions ['colcon_pkg']
[0.156s] Level 1:colcon.colcon_core.package_identification:_identify(src/car_python) by extension 'colcon_pkg'
[0.156s] Level 1:colcon.colcon_core.package_identification:_identify(src/car_python) by extensions ['colcon_meta']
[0.156s] Level 1:colcon.colcon_core.package_identification:_identify(src/car_python) by extension 'colcon_meta'
[0.156s] Level 1:colcon.colcon_core.package_identification:_identify(src/car_python) by extensions ['ros']
[0.156s] Level 1:colcon.colcon_core.package_identification:_identify(src/car_python) by extension 'ros'
[0.157s] DEBUG:colcon.colcon_core.package_identification:Package 'src/car_python' with type 'ros.ament_python' and name 'car'
[0.157s] Level 1:colcon.colcon_core.package_identification:_identify(src/ctl_mission) by extensions ['ignore', 'ignore_ament_install']
[0.157s] Level 1:colcon.colcon_core.package_identification:_identify(src/ctl_mission) by extension 'ignore'
[0.157s] Level 1:colcon.colcon_core.package_identification:_identify(src/ctl_mission) by extension 'ignore_ament_install'
[0.157s] Level 1:colcon.colcon_core.package_identification:_identify(src/ctl_mission) by extensions ['colcon_pkg']
[0.157s] Level 1:colcon.colcon_core.package_identification:_identify(src/ctl_mission) by extension 'colcon_pkg'
[0.157s] Level 1:colcon.colcon_core.package_identification:_identify(src/ctl_mission) by extensions ['colcon_meta']
[0.157s] Level 1:colcon.colcon_core.package_identification:_identify(src/ctl_mission) by extension 'colcon_meta'
[0.158s] Level 1:colcon.colcon_core.package_identification:_identify(src/ctl_mission) by extensions ['ros']
[0.158s] Level 1:colcon.colcon_core.package_identification:_identify(src/ctl_mission) by extension 'ros'
[0.158s] Level 1:colcon.colcon_core.package_identification:_identify(src/ctl_mission) by extensions ['cmake', 'python']
[0.158s] Level 1:colcon.colcon_core.package_identification:_identify(src/ctl_mission) by extension 'cmake'
[0.158s] Level 1:colcon.colcon_core.package_identification:_identify(src/ctl_mission) by extension 'python'
[0.158s] Level 1:colcon.colcon_core.package_identification:_identify(src/ctl_mission) by extensions ['python_setup_py']
[0.158s] Level 1:colcon.colcon_core.package_identification:_identify(src/ctl_mission) by extension 'python_setup_py'
[0.158s] Level 1:colcon.colcon_core.package_identification:_identify(src/ctl_mission/ctl_mission) by extensions ['ignore', 'ignore_ament_install']
[0.158s] Level 1:colcon.colcon_core.package_identification:_identify(src/ctl_mission/ctl_mission) by extension 'ignore'
[0.158s] Level 1:colcon.colcon_core.package_identification:_identify(src/ctl_mission/ctl_mission) by extension 'ignore_ament_install'
[0.158s] Level 1:colcon.colcon_core.package_identification:_identify(src/ctl_mission/ctl_mission) by extensions ['colcon_pkg']
[0.158s] Level 1:colcon.colcon_core.package_identification:_identify(src/ctl_mission/ctl_mission) by extension 'colcon_pkg'
[0.158s] Level 1:colcon.colcon_core.package_identification:_identify(src/ctl_mission/ctl_mission) by extensions ['colcon_meta']
[0.158s] Level 1:colcon.colcon_core.package_identification:_identify(src/ctl_mission/ctl_mission) by extension 'colcon_meta'
[0.158s] Level 1:colcon.colcon_core.package_identification:_identify(src/ctl_mission/ctl_mission) by extensions ['ros']
[0.158s] Level 1:colcon.colcon_core.package_identification:_identify(src/ctl_mission/ctl_mission) by extension 'ros'
[0.158s] DEBUG:colcon.colcon_core.package_identification:Package 'src/ctl_mission/ctl_mission' with type 'ros.ament_cmake' and name 'ctl_mission'
[0.158s] Level 1:colcon.colcon_core.package_identification:_identify(src/ctl_mission/ctl_mission_interfaces) by extensions ['ignore', 'ignore_ament_install']
[0.159s] Level 1:colcon.colcon_core.package_identification:_identify(src/ctl_mission/ctl_mission_interfaces) by extension 'ignore'
[0.159s] Level 1:colcon.colcon_core.package_identification:_identify(src/ctl_mission/ctl_mission_interfaces) by extension 'ignore_ament_install'
[0.159s] Level 1:colcon.colcon_core.package_identification:_identify(src/ctl_mission/ctl_mission_interfaces) by extensions ['colcon_pkg']
[0.159s] Level 1:colcon.colcon_core.package_identification:_identify(src/ctl_mission/ctl_mission_interfaces) by extension 'colcon_pkg'
[0.159s] Level 1:colcon.colcon_core.package_identification:_identify(src/ctl_mission/ctl_mission_interfaces) by extensions ['colcon_meta']
[0.159s] Level 1:colcon.colcon_core.package_identification:_identify(src/ctl_mission/ctl_mission_interfaces) by extension 'colcon_meta'
[0.159s] Level 1:colcon.colcon_core.package_identification:_identify(src/ctl_mission/ctl_mission_interfaces) by extensions ['ros']
[0.159s] Level 1:colcon.colcon_core.package_identification:_identify(src/ctl_mission/ctl_mission_interfaces) by extension 'ros'
[0.159s] DEBUG:colcon.colcon_core.package_identification:Package 'src/ctl_mission/ctl_mission_interfaces' with type 'ros.ament_cmake' and name 'ctl_mission_interfaces'
[0.159s] Level 1:colcon.colcon_core.package_identification:_identify(src/ctl_mission/images) by extensions ['ignore', 'ignore_ament_install']
[0.159s] Level 1:colcon.colcon_core.package_identification:_identify(src/ctl_mission/images) by extension 'ignore'
[0.159s] Level 1:colcon.colcon_core.package_identification:_identify(src/ctl_mission/images) by extension 'ignore_ament_install'
[0.159s] Level 1:colcon.colcon_core.package_identification:_identify(src/ctl_mission/images) by extensions ['colcon_pkg']
[0.159s] Level 1:colcon.colcon_core.package_identification:_identify(src/ctl_mission/images) by extension 'colcon_pkg'
[0.159s] Level 1:colcon.colcon_core.package_identification:_identify(src/ctl_mission/images) by extensions ['colcon_meta']
[0.159s] Level 1:colcon.colcon_core.package_identification:_identify(src/ctl_mission/images) by extension 'colcon_meta'
[0.159s] Level 1:colcon.colcon_core.package_identification:_identify(src/ctl_mission/images) by extensions ['ros']
[0.159s] Level 1:colcon.colcon_core.package_identification:_identify(src/ctl_mission/images) by extension 'ros'
[0.159s] Level 1:colcon.colcon_core.package_identification:_identify(src/ctl_mission/images) by extensions ['cmake', 'python']
[0.159s] Level 1:colcon.colcon_core.package_identification:_identify(src/ctl_mission/images) by extension 'cmake'
[0.159s] Level 1:colcon.colcon_core.package_identification:_identify(src/ctl_mission/images) by extension 'python'
[0.159s] Level 1:colcon.colcon_core.package_identification:_identify(src/ctl_mission/images) by extensions ['python_setup_py']
[0.159s] Level 1:colcon.colcon_core.package_identification:_identify(src/ctl_mission/images) by extension 'python_setup_py'
[0.159s] Level 1:colcon.colcon_core.package_identification:_identify(src/gazebo_sim_pkgs) by extensions ['ignore', 'ignore_ament_install']
[0.159s] Level 1:colcon.colcon_core.package_identification:_identify(src/gazebo_sim_pkgs) by extension 'ignore'
[0.159s] Level 1:colcon.colcon_core.package_identification:_identify(src/gazebo_sim_pkgs) by extension 'ignore_ament_install'
[0.160s] Level 1:colcon.colcon_core.package_identification:_identify(src/gazebo_sim_pkgs) by extensions ['colcon_pkg']
[0.160s] Level 1:colcon.colcon_core.package_identification:_identify(src/gazebo_sim_pkgs) by extension 'colcon_pkg'
[0.160s] Level 1:colcon.colcon_core.package_identification:_identify(src/gazebo_sim_pkgs) by extensions ['colcon_meta']
[0.160s] Level 1:colcon.colcon_core.package_identification:_identify(src/gazebo_sim_pkgs) by extension 'colcon_meta'
[0.160s] Level 1:colcon.colcon_core.package_identification:_identify(src/gazebo_sim_pkgs) by extensions ['ros']
[0.160s] Level 1:colcon.colcon_core.package_identification:_identify(src/gazebo_sim_pkgs) by extension 'ros'
[0.160s] Level 1:colcon.colcon_core.package_identification:_identify(src/gazebo_sim_pkgs) by extensions ['cmake', 'python']
[0.160s] Level 1:colcon.colcon_core.package_identification:_identify(src/gazebo_sim_pkgs) by extension 'cmake'
[0.160s] Level 1:colcon.colcon_core.package_identification:_identify(src/gazebo_sim_pkgs) by extension 'python'
[0.160s] Level 1:colcon.colcon_core.package_identification:_identify(src/gazebo_sim_pkgs) by extensions ['python_setup_py']
[0.160s] Level 1:colcon.colcon_core.package_identification:_identify(src/gazebo_sim_pkgs) by extension 'python_setup_py'
[0.160s] Level 1:colcon.colcon_core.package_identification:_identify(src/gazebo_sim_pkgs/fix_position_pkg) by extensions ['ignore', 'ignore_ament_install']
[0.160s] Level 1:colcon.colcon_core.package_identification:_identify(src/gazebo_sim_pkgs/fix_position_pkg) by extension 'ignore'
[0.160s] Level 1:colcon.colcon_core.package_identification:_identify(src/gazebo_sim_pkgs/fix_position_pkg) by extension 'ignore_ament_install'
[0.160s] Level 1:colcon.colcon_core.package_identification:_identify(src/gazebo_sim_pkgs/fix_position_pkg) by extensions ['colcon_pkg']
[0.160s] Level 1:colcon.colcon_core.package_identification:_identify(src/gazebo_sim_pkgs/fix_position_pkg) by extension 'colcon_pkg'
[0.160s] Level 1:colcon.colcon_core.package_identification:_identify(src/gazebo_sim_pkgs/fix_position_pkg) by extensions ['colcon_meta']
[0.160s] Level 1:colcon.colcon_core.package_identification:_identify(src/gazebo_sim_pkgs/fix_position_pkg) by extension 'colcon_meta'
[0.160s] Level 1:colcon.colcon_core.package_identification:_identify(src/gazebo_sim_pkgs/fix_position_pkg) by extensions ['ros']
[0.160s] Level 1:colcon.colcon_core.package_identification:_identify(src/gazebo_sim_pkgs/fix_position_pkg) by extension 'ros'
[0.161s] DEBUG:colcon.colcon_core.package_identification:Package 'src/gazebo_sim_pkgs/fix_position_pkg' with type 'ros.ament_cmake' and name 'fixposition_sensor_pkg'
[0.161s] Level 1:colcon.colcon_core.package_identification:_identify(src/gazebo_sim_pkgs/j8_xacro_model) by extensions ['ignore', 'ignore_ament_install']
[0.161s] Level 1:colcon.colcon_core.package_identification:_identify(src/gazebo_sim_pkgs/j8_xacro_model) by extension 'ignore'
[0.161s] Level 1:colcon.colcon_core.package_identification:_identify(src/gazebo_sim_pkgs/j8_xacro_model) by extension 'ignore_ament_install'
[0.161s] Level 1:colcon.colcon_core.package_identification:_identify(src/gazebo_sim_pkgs/j8_xacro_model) by extensions ['colcon_pkg']
[0.161s] Level 1:colcon.colcon_core.package_identification:_identify(src/gazebo_sim_pkgs/j8_xacro_model) by extension 'colcon_pkg'
[0.161s] Level 1:colcon.colcon_core.package_identification:_identify(src/gazebo_sim_pkgs/j8_xacro_model) by extensions ['colcon_meta']
[0.161s] Level 1:colcon.colcon_core.package_identification:_identify(src/gazebo_sim_pkgs/j8_xacro_model) by extension 'colcon_meta'
[0.161s] Level 1:colcon.colcon_core.package_identification:_identify(src/gazebo_sim_pkgs/j8_xacro_model) by extensions ['ros']
[0.161s] Level 1:colcon.colcon_core.package_identification:_identify(src/gazebo_sim_pkgs/j8_xacro_model) by extension 'ros'
[0.161s] DEBUG:colcon.colcon_core.package_identification:Package 'src/gazebo_sim_pkgs/j8_xacro_model' with type 'ros.ament_cmake' and name 'j8_xacro_model'
[0.162s] Level 1:colcon.colcon_core.package_identification:_identify(src/hector_gazebo) by extensions ['ignore', 'ignore_ament_install']
[0.162s] Level 1:colcon.colcon_core.package_identification:_identify(src/hector_gazebo) by extension 'ignore'
[0.162s] Level 1:colcon.colcon_core.package_identification:_identify(src/hector_gazebo) by extension 'ignore_ament_install'
[0.162s] Level 1:colcon.colcon_core.package_identification:_identify(src/hector_gazebo) by extensions ['colcon_pkg']
[0.162s] Level 1:colcon.colcon_core.package_identification:_identify(src/hector_gazebo) by extension 'colcon_pkg'
[0.162s] Level 1:colcon.colcon_core.package_identification:_identify(src/hector_gazebo) by extensions ['colcon_meta']
[0.162s] Level 1:colcon.colcon_core.package_identification:_identify(src/hector_gazebo) by extension 'colcon_meta'
[0.162s] Level 1:colcon.colcon_core.package_identification:_identify(src/hector_gazebo) by extensions ['ros']
[0.162s] Level 1:colcon.colcon_core.package_identification:_identify(src/hector_gazebo) by extension 'ros'
[0.162s] DEBUG:colcon.colcon_core.package_identification:Package 'src/hector_gazebo' with type 'ros.ament_cmake' and name 'hector_gazebo_plugins'
[0.162s] Level 1:colcon.colcon_core.package_identification:_identify(src/j8_joystick) by extensions ['ignore', 'ignore_ament_install']
[0.162s] Level 1:colcon.colcon_core.package_identification:_identify(src/j8_joystick) by extension 'ignore'
[0.162s] Level 1:colcon.colcon_core.package_identification:_identify(src/j8_joystick) by extension 'ignore_ament_install'
[0.162s] Level 1:colcon.colcon_core.package_identification:_identify(src/j8_joystick) by extensions ['colcon_pkg']
[0.162s] Level 1:colcon.colcon_core.package_identification:_identify(src/j8_joystick) by extension 'colcon_pkg'
[0.162s] Level 1:colcon.colcon_core.package_identification:_identify(src/j8_joystick) by extensions ['colcon_meta']
[0.162s] Level 1:colcon.colcon_core.package_identification:_identify(src/j8_joystick) by extension 'colcon_meta'
[0.162s] Level 1:colcon.colcon_core.package_identification:_identify(src/j8_joystick) by extensions ['ros']
[0.162s] Level 1:colcon.colcon_core.package_identification:_identify(src/j8_joystick) by extension 'ros'
[0.162s] Level 1:colcon.colcon_core.package_identification:_identify(src/j8_joystick) by extensions ['cmake', 'python']
[0.162s] Level 1:colcon.colcon_core.package_identification:_identify(src/j8_joystick) by extension 'cmake'
[0.162s] Level 1:colcon.colcon_core.package_identification:_identify(src/j8_joystick) by extension 'python'
[0.162s] Level 1:colcon.colcon_core.package_identification:_identify(src/j8_joystick) by extensions ['python_setup_py']
[0.162s] Level 1:colcon.colcon_core.package_identification:_identify(src/j8_joystick) by extension 'python_setup_py'
[0.163s] Level 1:colcon.colcon_core.package_identification:_identify(src/j8_joystick/joy) by extensions ['ignore', 'ignore_ament_install']
[0.163s] Level 1:colcon.colcon_core.package_identification:_identify(src/j8_joystick/joy) by extension 'ignore'
[0.163s] Level 1:colcon.colcon_core.package_identification:_identify(src/j8_joystick/joy) by extension 'ignore_ament_install'
[0.163s] Level 1:colcon.colcon_core.package_identification:_identify(src/j8_joystick/joy) by extensions ['colcon_pkg']
[0.163s] Level 1:colcon.colcon_core.package_identification:_identify(src/j8_joystick/joy) by extension 'colcon_pkg'
[0.163s] Level 1:colcon.colcon_core.package_identification:_identify(src/j8_joystick/joy) by extensions ['colcon_meta']
[0.163s] Level 1:colcon.colcon_core.package_identification:_identify(src/j8_joystick/joy) by extension 'colcon_meta'
[0.163s] Level 1:colcon.colcon_core.package_identification:_identify(src/j8_joystick/joy) by extensions ['ros']
[0.163s] Level 1:colcon.colcon_core.package_identification:_identify(src/j8_joystick/joy) by extension 'ros'
[0.163s] DEBUG:colcon.colcon_core.package_identification:Package 'src/j8_joystick/joy' with type 'ros.ament_cmake' and name 'joy'
[0.163s] Level 1:colcon.colcon_core.package_identification:_identify(src/j8_joystick/joy_linux) by extensions ['ignore', 'ignore_ament_install']
[0.163s] Level 1:colcon.colcon_core.package_identification:_identify(src/j8_joystick/joy_linux) by extension 'ignore'
[0.163s] Level 1:colcon.colcon_core.package_identification:_identify(src/j8_joystick/joy_linux) by extension 'ignore_ament_install'
[0.163s] Level 1:colcon.colcon_core.package_identification:_identify(src/j8_joystick/joy_linux) by extensions ['colcon_pkg']
[0.163s] Level 1:colcon.colcon_core.package_identification:_identify(src/j8_joystick/joy_linux) by extension 'colcon_pkg'
[0.163s] Level 1:colcon.colcon_core.package_identification:_identify(src/j8_joystick/joy_linux) by extensions ['colcon_meta']
[0.163s] Level 1:colcon.colcon_core.package_identification:_identify(src/j8_joystick/joy_linux) by extension 'colcon_meta'
[0.163s] Level 1:colcon.colcon_core.package_identification:_identify(src/j8_joystick/joy_linux) by extensions ['ros']
[0.163s] Level 1:colcon.colcon_core.package_identification:_identify(src/j8_joystick/joy_linux) by extension 'ros'
[0.164s] DEBUG:colcon.colcon_core.package_identification:Package 'src/j8_joystick/joy_linux' with type 'ros.ament_cmake' and name 'joy_linux'
[0.164s] Level 1:colcon.colcon_core.package_identification:_identify(src/j8_joystick/joystick_drivers) by extensions ['ignore', 'ignore_ament_install']
[0.164s] Level 1:colcon.colcon_core.package_identification:_identify(src/j8_joystick/joystick_drivers) by extension 'ignore'
[0.164s] Level 1:colcon.colcon_core.package_identification:_identify(src/j8_joystick/joystick_drivers) by extension 'ignore_ament_install'
[0.164s] Level 1:colcon.colcon_core.package_identification:_identify(src/j8_joystick/joystick_drivers) by extensions ['colcon_pkg']
[0.164s] Level 1:colcon.colcon_core.package_identification:_identify(src/j8_joystick/joystick_drivers) by extension 'colcon_pkg'
[0.164s] Level 1:colcon.colcon_core.package_identification:_identify(src/j8_joystick/joystick_drivers) by extensions ['colcon_meta']
[0.164s] Level 1:colcon.colcon_core.package_identification:_identify(src/j8_joystick/joystick_drivers) by extension 'colcon_meta'
[0.164s] Level 1:colcon.colcon_core.package_identification:_identify(src/j8_joystick/joystick_drivers) by extensions ['ros']
[0.164s] Level 1:colcon.colcon_core.package_identification:_identify(src/j8_joystick/joystick_drivers) by extension 'ros'
[0.164s] Level 1:colcon.colcon_core.package_identification:_identify(src/j8_joystick/joystick_drivers) ignored
[0.164s] Level 1:colcon.colcon_core.package_identification:_identify(src/j8_joystick/ps3joy) by extensions ['ignore', 'ignore_ament_install']
[0.164s] Level 1:colcon.colcon_core.package_identification:_identify(src/j8_joystick/ps3joy) by extension 'ignore'
[0.164s] Level 1:colcon.colcon_core.package_identification:_identify(src/j8_joystick/ps3joy) by extension 'ignore_ament_install'
[0.164s] Level 1:colcon.colcon_core.package_identification:_identify(src/j8_joystick/ps3joy) by extensions ['colcon_pkg']
[0.164s] Level 1:colcon.colcon_core.package_identification:_identify(src/j8_joystick/ps3joy) by extension 'colcon_pkg'
[0.164s] Level 1:colcon.colcon_core.package_identification:_identify(src/j8_joystick/ps3joy) by extensions ['colcon_meta']
[0.164s] Level 1:colcon.colcon_core.package_identification:_identify(src/j8_joystick/ps3joy) by extension 'colcon_meta'
[0.164s] Level 1:colcon.colcon_core.package_identification:_identify(src/j8_joystick/ps3joy) by extensions ['ros']
[0.164s] Level 1:colcon.colcon_core.package_identification:_identify(src/j8_joystick/ps3joy) by extension 'ros'
[0.165s] Level 1:colcon.colcon_core.package_identification:_identify(src/j8_joystick/ps3joy) ignored
[0.165s] Level 1:colcon.colcon_core.package_identification:_identify(src/j8_joystick/sdl2_vendor) by extensions ['ignore', 'ignore_ament_install']
[0.165s] Level 1:colcon.colcon_core.package_identification:_identify(src/j8_joystick/sdl2_vendor) by extension 'ignore'
[0.165s] Level 1:colcon.colcon_core.package_identification:_identify(src/j8_joystick/sdl2_vendor) by extension 'ignore_ament_install'
[0.165s] Level 1:colcon.colcon_core.package_identification:_identify(src/j8_joystick/sdl2_vendor) by extensions ['colcon_pkg']
[0.165s] Level 1:colcon.colcon_core.package_identification:_identify(src/j8_joystick/sdl2_vendor) by extension 'colcon_pkg'
[0.165s] Level 1:colcon.colcon_core.package_identification:_identify(src/j8_joystick/sdl2_vendor) by extensions ['colcon_meta']
[0.165s] Level 1:colcon.colcon_core.package_identification:_identify(src/j8_joystick/sdl2_vendor) by extension 'colcon_meta'
[0.165s] Level 1:colcon.colcon_core.package_identification:_identify(src/j8_joystick/sdl2_vendor) by extensions ['ros']
[0.165s] Level 1:colcon.colcon_core.package_identification:_identify(src/j8_joystick/sdl2_vendor) by extension 'ros'
[0.165s] DEBUG:colcon.colcon_core.package_identification:Package 'src/j8_joystick/sdl2_vendor' with type 'ros.ament_cmake' and name 'sdl2_vendor'
[0.165s] Level 1:colcon.colcon_core.package_identification:_identify(src/j8_joystick/spacenav) by extensions ['ignore', 'ignore_ament_install']
[0.165s] Level 1:colcon.colcon_core.package_identification:_identify(src/j8_joystick/spacenav) by extension 'ignore'
[0.165s] Level 1:colcon.colcon_core.package_identification:_identify(src/j8_joystick/spacenav) by extension 'ignore_ament_install'
[0.165s] Level 1:colcon.colcon_core.package_identification:_identify(src/j8_joystick/spacenav) by extensions ['colcon_pkg']
[0.165s] Level 1:colcon.colcon_core.package_identification:_identify(src/j8_joystick/spacenav) by extension 'colcon_pkg'
[0.165s] Level 1:colcon.colcon_core.package_identification:_identify(src/j8_joystick/spacenav) by extensions ['colcon_meta']
[0.165s] Level 1:colcon.colcon_core.package_identification:_identify(src/j8_joystick/spacenav) by extension 'colcon_meta'
[0.165s] Level 1:colcon.colcon_core.package_identification:_identify(src/j8_joystick/spacenav) by extensions ['ros']
[0.165s] Level 1:colcon.colcon_core.package_identification:_identify(src/j8_joystick/spacenav) by extension 'ros'
[0.166s] DEBUG:colcon.colcon_core.package_identification:Package 'src/j8_joystick/spacenav' with type 'ros.ament_cmake' and name 'spacenav'
[0.166s] Level 1:colcon.colcon_core.package_identification:_identify(src/j8_joystick/wiimote_msgs) by extensions ['ignore', 'ignore_ament_install']
[0.166s] Level 1:colcon.colcon_core.package_identification:_identify(src/j8_joystick/wiimote_msgs) by extension 'ignore'
[0.166s] Level 1:colcon.colcon_core.package_identification:_identify(src/j8_joystick/wiimote_msgs) by extension 'ignore_ament_install'
[0.166s] Level 1:colcon.colcon_core.package_identification:_identify(src/j8_joystick/wiimote_msgs) by extensions ['colcon_pkg']
[0.166s] Level 1:colcon.colcon_core.package_identification:_identify(src/j8_joystick/wiimote_msgs) by extension 'colcon_pkg'
[0.166s] Level 1:colcon.colcon_core.package_identification:_identify(src/j8_joystick/wiimote_msgs) by extensions ['colcon_meta']
[0.166s] Level 1:colcon.colcon_core.package_identification:_identify(src/j8_joystick/wiimote_msgs) by extension 'colcon_meta'
[0.166s] Level 1:colcon.colcon_core.package_identification:_identify(src/j8_joystick/wiimote_msgs) by extensions ['ros']
[0.166s] Level 1:colcon.colcon_core.package_identification:_identify(src/j8_joystick/wiimote_msgs) by extension 'ros'
[0.166s] DEBUG:colcon.colcon_core.package_identification:Package 'src/j8_joystick/wiimote_msgs' with type 'ros.ament_cmake' and name 'wiimote_msgs'
[0.167s] Level 1:colcon.colcon_core.package_identification:_identify(src/lidar_process_pkgs) by extensions ['ignore', 'ignore_ament_install']
[0.167s] Level 1:colcon.colcon_core.package_identification:_identify(src/lidar_process_pkgs) by extension 'ignore'
[0.167s] Level 1:colcon.colcon_core.package_identification:_identify(src/lidar_process_pkgs) by extension 'ignore_ament_install'
[0.167s] Level 1:colcon.colcon_core.package_identification:_identify(src/lidar_process_pkgs) by extensions ['colcon_pkg']
[0.167s] Level 1:colcon.colcon_core.package_identification:_identify(src/lidar_process_pkgs) by extension 'colcon_pkg'
[0.167s] Level 1:colcon.colcon_core.package_identification:_identify(src/lidar_process_pkgs) by extensions ['colcon_meta']
[0.167s] Level 1:colcon.colcon_core.package_identification:_identify(src/lidar_process_pkgs) by extension 'colcon_meta'
[0.167s] Level 1:colcon.colcon_core.package_identification:_identify(src/lidar_process_pkgs) by extensions ['ros']
[0.167s] Level 1:colcon.colcon_core.package_identification:_identify(src/lidar_process_pkgs) by extension 'ros'
[0.167s] Level 1:colcon.colcon_core.package_identification:_identify(src/lidar_process_pkgs) by extensions ['cmake', 'python']
[0.167s] Level 1:colcon.colcon_core.package_identification:_identify(src/lidar_process_pkgs) by extension 'cmake'
[0.167s] Level 1:colcon.colcon_core.package_identification:_identify(src/lidar_process_pkgs) by extension 'python'
[0.167s] Level 1:colcon.colcon_core.package_identification:_identify(src/lidar_process_pkgs) by extensions ['python_setup_py']
[0.167s] Level 1:colcon.colcon_core.package_identification:_identify(src/lidar_process_pkgs) by extension 'python_setup_py'
[0.167s] Level 1:colcon.colcon_core.package_identification:_identify(src/lidar_process_pkgs/laser_segmentation) by extensions ['ignore', 'ignore_ament_install']
[0.167s] Level 1:colcon.colcon_core.package_identification:_identify(src/lidar_process_pkgs/laser_segmentation) by extension 'ignore'
[0.167s] Level 1:colcon.colcon_core.package_identification:_identify(src/lidar_process_pkgs/laser_segmentation) by extension 'ignore_ament_install'
[0.167s] Level 1:colcon.colcon_core.package_identification:_identify(src/lidar_process_pkgs/laser_segmentation) by extensions ['colcon_pkg']
[0.167s] Level 1:colcon.colcon_core.package_identification:_identify(src/lidar_process_pkgs/laser_segmentation) by extension 'colcon_pkg'
[0.167s] Level 1:colcon.colcon_core.package_identification:_identify(src/lidar_process_pkgs/laser_segmentation) by extensions ['colcon_meta']
[0.167s] Level 1:colcon.colcon_core.package_identification:_identify(src/lidar_process_pkgs/laser_segmentation) by extension 'colcon_meta'
[0.167s] Level 1:colcon.colcon_core.package_identification:_identify(src/lidar_process_pkgs/laser_segmentation) by extensions ['ros']
[0.167s] Level 1:colcon.colcon_core.package_identification:_identify(src/lidar_process_pkgs/laser_segmentation) by extension 'ros'
[0.168s] DEBUG:colcon.colcon_core.package_identification:Package 'src/lidar_process_pkgs/laser_segmentation' with type 'ros.ament_cmake' and name 'laser_segmentation'
[0.168s] Level 1:colcon.colcon_core.package_identification:_identify(src/lidar_process_pkgs/slg_msgs) by extensions ['ignore', 'ignore_ament_install']
[0.168s] Level 1:colcon.colcon_core.package_identification:_identify(src/lidar_process_pkgs/slg_msgs) by extension 'ignore'
[0.168s] Level 1:colcon.colcon_core.package_identification:_identify(src/lidar_process_pkgs/slg_msgs) by extension 'ignore_ament_install'
[0.168s] Level 1:colcon.colcon_core.package_identification:_identify(src/lidar_process_pkgs/slg_msgs) by extensions ['colcon_pkg']
[0.168s] Level 1:colcon.colcon_core.package_identification:_identify(src/lidar_process_pkgs/slg_msgs) by extension 'colcon_pkg'
[0.168s] Level 1:colcon.colcon_core.package_identification:_identify(src/lidar_process_pkgs/slg_msgs) by extensions ['colcon_meta']
[0.168s] Level 1:colcon.colcon_core.package_identification:_identify(src/lidar_process_pkgs/slg_msgs) by extension 'colcon_meta'
[0.168s] Level 1:colcon.colcon_core.package_identification:_identify(src/lidar_process_pkgs/slg_msgs) by extensions ['ros']
[0.168s] Level 1:colcon.colcon_core.package_identification:_identify(src/lidar_process_pkgs/slg_msgs) by extension 'ros'
[0.168s] DEBUG:colcon.colcon_core.package_identification:Package 'src/lidar_process_pkgs/slg_msgs' with type 'ros.ament_cmake' and name 'slg_msgs'
[0.168s] Level 1:colcon.colcon_core.package_identification:_identify(src/path_manager) by extensions ['ignore', 'ignore_ament_install']
[0.168s] Level 1:colcon.colcon_core.package_identification:_identify(src/path_manager) by extension 'ignore'
[0.168s] Level 1:colcon.colcon_core.package_identification:_identify(src/path_manager) by extension 'ignore_ament_install'
[0.168s] Level 1:colcon.colcon_core.package_identification:_identify(src/path_manager) by extensions ['colcon_pkg']
[0.168s] Level 1:colcon.colcon_core.package_identification:_identify(src/path_manager) by extension 'colcon_pkg'
[0.168s] Level 1:colcon.colcon_core.package_identification:_identify(src/path_manager) by extensions ['colcon_meta']
[0.168s] Level 1:colcon.colcon_core.package_identification:_identify(src/path_manager) by extension 'colcon_meta'
[0.168s] Level 1:colcon.colcon_core.package_identification:_identify(src/path_manager) by extensions ['ros']
[0.169s] Level 1:colcon.colcon_core.package_identification:_identify(src/path_manager) by extension 'ros'
[0.169s] Level 1:colcon.colcon_core.package_identification:_identify(src/path_manager) by extensions ['cmake', 'python']
[0.169s] Level 1:colcon.colcon_core.package_identification:_identify(src/path_manager) by extension 'cmake'
[0.169s] Level 1:colcon.colcon_core.package_identification:_identify(src/path_manager) by extension 'python'
[0.169s] Level 1:colcon.colcon_core.package_identification:_identify(src/path_manager) by extensions ['python_setup_py']
[0.169s] Level 1:colcon.colcon_core.package_identification:_identify(src/path_manager) by extension 'python_setup_py'
[0.169s] Level 1:colcon.colcon_core.package_identification:_identify(src/path_manager/path_manager) by extensions ['ignore', 'ignore_ament_install']
[0.169s] Level 1:colcon.colcon_core.package_identification:_identify(src/path_manager/path_manager) by extension 'ignore'
[0.169s] Level 1:colcon.colcon_core.package_identification:_identify(src/path_manager/path_manager) by extension 'ignore_ament_install'
[0.169s] Level 1:colcon.colcon_core.package_identification:_identify(src/path_manager/path_manager) by extensions ['colcon_pkg']
[0.169s] Level 1:colcon.colcon_core.package_identification:_identify(src/path_manager/path_manager) by extension 'colcon_pkg'
[0.169s] Level 1:colcon.colcon_core.package_identification:_identify(src/path_manager/path_manager) by extensions ['colcon_meta']
[0.169s] Level 1:colcon.colcon_core.package_identification:_identify(src/path_manager/path_manager) by extension 'colcon_meta'
[0.169s] Level 1:colcon.colcon_core.package_identification:_identify(src/path_manager/path_manager) by extensions ['ros']
[0.169s] Level 1:colcon.colcon_core.package_identification:_identify(src/path_manager/path_manager) by extension 'ros'
[0.169s] DEBUG:colcon.colcon_core.package_identification:Package 'src/path_manager/path_manager' with type 'ros.ament_cmake' and name 'path_manager'
[0.169s] Level 1:colcon.colcon_core.package_identification:_identify(src/path_manager/path_manager_interfaces) by extensions ['ignore', 'ignore_ament_install']
[0.169s] Level 1:colcon.colcon_core.package_identification:_identify(src/path_manager/path_manager_interfaces) by extension 'ignore'
[0.169s] Level 1:colcon.colcon_core.package_identification:_identify(src/path_manager/path_manager_interfaces) by extension 'ignore_ament_install'
[0.169s] Level 1:colcon.colcon_core.package_identification:_identify(src/path_manager/path_manager_interfaces) by extensions ['colcon_pkg']
[0.169s] Level 1:colcon.colcon_core.package_identification:_identify(src/path_manager/path_manager_interfaces) by extension 'colcon_pkg'
[0.169s] Level 1:colcon.colcon_core.package_identification:_identify(src/path_manager/path_manager_interfaces) by extensions ['colcon_meta']
[0.169s] Level 1:colcon.colcon_core.package_identification:_identify(src/path_manager/path_manager_interfaces) by extension 'colcon_meta'
[0.169s] Level 1:colcon.colcon_core.package_identification:_identify(src/path_manager/path_manager_interfaces) by extensions ['ros']
[0.169s] Level 1:colcon.colcon_core.package_identification:_identify(src/path_manager/path_manager_interfaces) by extension 'ros'
[0.170s] DEBUG:colcon.colcon_core.package_identification:Package 'src/path_manager/path_manager_interfaces' with type 'ros.ament_cmake' and name 'path_manager_interfaces'
[0.170s] Level 1:colcon.colcon_core.package_identification:_identify(src/security_check) by extensions ['ignore', 'ignore_ament_install']
[0.170s] Level 1:colcon.colcon_core.package_identification:_identify(src/security_check) by extension 'ignore'
[0.170s] Level 1:colcon.colcon_core.package_identification:_identify(src/security_check) by extension 'ignore_ament_install'
[0.170s] Level 1:colcon.colcon_core.package_identification:_identify(src/security_check) by extensions ['colcon_pkg']
[0.170s] Level 1:colcon.colcon_core.package_identification:_identify(src/security_check) by extension 'colcon_pkg'
[0.170s] Level 1:colcon.colcon_core.package_identification:_identify(src/security_check) by extensions ['colcon_meta']
[0.170s] Level 1:colcon.colcon_core.package_identification:_identify(src/security_check) by extension 'colcon_meta'
[0.170s] Level 1:colcon.colcon_core.package_identification:_identify(src/security_check) by extensions ['ros']
[0.170s] Level 1:colcon.colcon_core.package_identification:_identify(src/security_check) by extension 'ros'
[0.170s] Level 1:colcon.colcon_core.package_identification:_identify(src/security_check) by extensions ['cmake', 'python']
[0.170s] Level 1:colcon.colcon_core.package_identification:_identify(src/security_check) by extension 'cmake'
[0.170s] Level 1:colcon.colcon_core.package_identification:_identify(src/security_check) by extension 'python'
[0.170s] Level 1:colcon.colcon_core.package_identification:_identify(src/security_check) by extensions ['python_setup_py']
[0.170s] Level 1:colcon.colcon_core.package_identification:_identify(src/security_check) by extension 'python_setup_py'
[0.170s] Level 1:colcon.colcon_core.package_identification:_identify(src/security_check/security_check) by extensions ['ignore', 'ignore_ament_install']
[0.170s] Level 1:colcon.colcon_core.package_identification:_identify(src/security_check/security_check) by extension 'ignore'
[0.170s] Level 1:colcon.colcon_core.package_identification:_identify(src/security_check/security_check) by extension 'ignore_ament_install'
[0.170s] Level 1:colcon.colcon_core.package_identification:_identify(src/security_check/security_check) by extensions ['colcon_pkg']
[0.170s] Level 1:colcon.colcon_core.package_identification:_identify(src/security_check/security_check) by extension 'colcon_pkg'
[0.170s] Level 1:colcon.colcon_core.package_identification:_identify(src/security_check/security_check) by extensions ['colcon_meta']
[0.170s] Level 1:colcon.colcon_core.package_identification:_identify(src/security_check/security_check) by extension 'colcon_meta'
[0.170s] Level 1:colcon.colcon_core.package_identification:_identify(src/security_check/security_check) by extensions ['ros']
[0.170s] Level 1:colcon.colcon_core.package_identification:_identify(src/security_check/security_check) by extension 'ros'
[0.171s] DEBUG:colcon.colcon_core.package_identification:Package 'src/security_check/security_check' with type 'ros.ament_cmake' and name 'security_check'
[0.171s] Level 1:colcon.colcon_core.package_identification:_identify(src/security_check/security_check_interfaces) by extensions ['ignore', 'ignore_ament_install']
[0.171s] Level 1:colcon.colcon_core.package_identification:_identify(src/security_check/security_check_interfaces) by extension 'ignore'
[0.171s] Level 1:colcon.colcon_core.package_identification:_identify(src/security_check/security_check_interfaces) by extension 'ignore_ament_install'
[0.171s] Level 1:colcon.colcon_core.package_identification:_identify(src/security_check/security_check_interfaces) by extensions ['colcon_pkg']
[0.171s] Level 1:colcon.colcon_core.package_identification:_identify(src/security_check/security_check_interfaces) by extension 'colcon_pkg'
[0.171s] Level 1:colcon.colcon_core.package_identification:_identify(src/security_check/security_check_interfaces) by extensions ['colcon_meta']
[0.171s] Level 1:colcon.colcon_core.package_identification:_identify(src/security_check/security_check_interfaces) by extension 'colcon_meta'
[0.171s] Level 1:colcon.colcon_core.package_identification:_identify(src/security_check/security_check_interfaces) by extensions ['ros']
[0.171s] Level 1:colcon.colcon_core.package_identification:_identify(src/security_check/security_check_interfaces) by extension 'ros'
[0.171s] DEBUG:colcon.colcon_core.package_identification:Package 'src/security_check/security_check_interfaces' with type 'ros.ament_cmake' and name 'security_check_interfaces'
[0.172s] Level 1:colcon.colcon_core.package_identification:_identify(src/test_gui_j8) by extensions ['ignore', 'ignore_ament_install']
[0.172s] Level 1:colcon.colcon_core.package_identification:_identify(src/test_gui_j8) by extension 'ignore'
[0.172s] Level 1:colcon.colcon_core.package_identification:_identify(src/test_gui_j8) by extension 'ignore_ament_install'
[0.172s] Level 1:colcon.colcon_core.package_identification:_identify(src/test_gui_j8) by extensions ['colcon_pkg']
[0.172s] Level 1:colcon.colcon_core.package_identification:_identify(src/test_gui_j8) by extension 'colcon_pkg'
[0.172s] Level 1:colcon.colcon_core.package_identification:_identify(src/test_gui_j8) by extensions ['colcon_meta']
[0.172s] Level 1:colcon.colcon_core.package_identification:_identify(src/test_gui_j8) by extension 'colcon_meta'
[0.172s] Level 1:colcon.colcon_core.package_identification:_identify(src/test_gui_j8) by extensions ['ros']
[0.172s] Level 1:colcon.colcon_core.package_identification:_identify(src/test_gui_j8) by extension 'ros'
[0.172s] Level 1:colcon.colcon_core.package_identification:_identify(src/test_gui_j8) by extensions ['cmake', 'python']
[0.172s] Level 1:colcon.colcon_core.package_identification:_identify(src/test_gui_j8) by extension 'cmake'
[0.172s] Level 1:colcon.colcon_core.package_identification:_identify(src/test_gui_j8) by extension 'python'
[0.172s] Level 1:colcon.colcon_core.package_identification:_identify(src/test_gui_j8) by extensions ['python_setup_py']
[0.172s] Level 1:colcon.colcon_core.package_identification:_identify(src/test_gui_j8) by extension 'python_setup_py'
[0.172s] Level 1:colcon.colcon_core.package_identification:_identify(src/test_gui_j8/src) by extensions ['ignore', 'ignore_ament_install']
[0.172s] Level 1:colcon.colcon_core.package_identification:_identify(src/test_gui_j8/src) by extension 'ignore'
[0.172s] Level 1:colcon.colcon_core.package_identification:_identify(src/test_gui_j8/src) by extension 'ignore_ament_install'
[0.172s] Level 1:colcon.colcon_core.package_identification:_identify(src/test_gui_j8/src) by extensions ['colcon_pkg']
[0.172s] Level 1:colcon.colcon_core.package_identification:_identify(src/test_gui_j8/src) by extension 'colcon_pkg'
[0.172s] Level 1:colcon.colcon_core.package_identification:_identify(src/test_gui_j8/src) by extensions ['colcon_meta']
[0.172s] Level 1:colcon.colcon_core.package_identification:_identify(src/test_gui_j8/src) by extension 'colcon_meta'
[0.172s] Level 1:colcon.colcon_core.package_identification:_identify(src/test_gui_j8/src) by extensions ['ros']
[0.172s] Level 1:colcon.colcon_core.package_identification:_identify(src/test_gui_j8/src) by extension 'ros'
[0.172s] Level 1:colcon.colcon_core.package_identification:_identify(src/test_gui_j8/src) by extensions ['cmake', 'python']
[0.172s] Level 1:colcon.colcon_core.package_identification:_identify(src/test_gui_j8/src) by extension 'cmake'
[0.172s] Level 1:colcon.colcon_core.package_identification:_identify(src/test_gui_j8/src) by extension 'python'
[0.172s] Level 1:colcon.colcon_core.package_identification:_identify(src/test_gui_j8/src) by extensions ['python_setup_py']
[0.172s] Level 1:colcon.colcon_core.package_identification:_identify(src/test_gui_j8/src) by extension 'python_setup_py'
[0.172s] Level 1:colcon.colcon_core.package_identification:_identify(src/test_gui_j8/src/j8_gui) by extensions ['ignore', 'ignore_ament_install']
[0.172s] Level 1:colcon.colcon_core.package_identification:_identify(src/test_gui_j8/src/j8_gui) by extension 'ignore'
[0.172s] Level 1:colcon.colcon_core.package_identification:_identify(src/test_gui_j8/src/j8_gui) by extension 'ignore_ament_install'
[0.172s] Level 1:colcon.colcon_core.package_identification:_identify(src/test_gui_j8/src/j8_gui) by extensions ['colcon_pkg']
[0.172s] Level 1:colcon.colcon_core.package_identification:_identify(src/test_gui_j8/src/j8_gui) by extension 'colcon_pkg'
[0.172s] Level 1:colcon.colcon_core.package_identification:_identify(src/test_gui_j8/src/j8_gui) by extensions ['colcon_meta']
[0.172s] Level 1:colcon.colcon_core.package_identification:_identify(src/test_gui_j8/src/j8_gui) by extension 'colcon_meta'
[0.172s] Level 1:colcon.colcon_core.package_identification:_identify(src/test_gui_j8/src/j8_gui) by extensions ['ros']
[0.172s] Level 1:colcon.colcon_core.package_identification:_identify(src/test_gui_j8/src/j8_gui) by extension 'ros'
[0.173s] DEBUG:colcon.colcon_core.package_identification:Package 'src/test_gui_j8/src/j8_gui' with type 'ros.ament_python' and name 'j8_gui'
[0.173s] Level 1:colcon.colcon_core.package_discovery:discover_packages(recursive) using defaults
[0.173s] Level 1:colcon.colcon_core.package_discovery:discover_packages(ignore) discover
[0.173s] Level 1:colcon.colcon_core.package_discovery:discover_packages(ignore) using defaults
[0.173s] Level 1:colcon.colcon_core.package_discovery:discover_packages(path) discover
[0.173s] Level 1:colcon.colcon_core.package_discovery:discover_packages(path) using defaults
[0.230s] Level 1:colcon.colcon_core.package_discovery:discover_packages(prefix_path) check parameters
[0.230s] Level 1:colcon.colcon_core.package_discovery:discover_packages(prefix_path) discover
[0.232s] DEBUG:colcon.colcon_installed_package_information.package_discovery:Found 36 installed packages in /home/rhobtor/PHD/ARGOSJ8_IA/ARGOSJ8_IA_/install
[0.232s] DEBUG:colcon.colcon_installed_package_information.package_discovery:Found 7 installed packages in /home/rhobtor/reactive/Reactive-Navegation/workspace_full_conected/install
[0.233s] DEBUG:colcon.colcon_installed_package_information.package_discovery:Found 323 installed packages in /opt/ros/humble
[0.234s] Level 1:colcon.colcon_core.package_discovery:discover_packages(prefix_path) using defaults
[0.258s] WARNING:colcon.colcon_core.package_selection:Some selected packages are already built in one or more underlay workspaces:
	'joy' is in: /home/rhobtor/PHD/ARGOSJ8_IA/ARGOSJ8_IA_/install/joy, /opt/ros/humble
	'car_interfaces' is in: /home/rhobtor/PHD/ARGOSJ8_IA/ARGOSJ8_IA_/install/car_interfaces, /home/rhobtor/reactive/Reactive-Navegation/workspace_full_conected/install/car_interfaces
If a package in a merged underlay workspace is overridden and it installs headers, then all packages in the overlay must sort their include directories by workspace order. Failure to do so may result in build failures or undefined behavior at run time.
If the overridden package is used by another package in any underlay, then the overriding package in the overlay must be API and ABI compatible or undefined behavior at run time may occur.

If you understand the risks and want to override a package anyways, add the following to the command line:
	--allow-overriding car_interfaces joy

This may be promoted to an error in a future release of colcon-override-check.
[0.259s] Level 5:colcon.colcon_core.verb:set package 'GUI_pkg' build argument 'cmake_args' from command line to 'None'
[0.259s] Level 5:colcon.colcon_core.verb:set package 'GUI_pkg' build argument 'cmake_target' from command line to 'None'
[0.259s] Level 5:colcon.colcon_core.verb:set package 'GUI_pkg' build argument 'cmake_target_skip_unavailable' from command line to 'False'
[0.259s] Level 5:colcon.colcon_core.verb:set package 'GUI_pkg' build argument 'cmake_clean_cache' from command line to 'False'
[0.259s] Level 5:colcon.colcon_core.verb:set package 'GUI_pkg' build argument 'cmake_clean_first' from command line to 'False'
[0.259s] Level 5:colcon.colcon_core.verb:set package 'GUI_pkg' build argument 'cmake_force_configure' from command line to 'False'
[0.259s] Level 5:colcon.colcon_core.verb:set package 'GUI_pkg' build argument 'ament_cmake_args' from command line to 'None'
[0.259s] Level 5:colcon.colcon_core.verb:set package 'GUI_pkg' build argument 'catkin_cmake_args' from command line to 'None'
[0.259s] Level 5:colcon.colcon_core.verb:set package 'GUI_pkg' build argument 'catkin_skip_building_tests' from command line to 'False'
[0.259s] DEBUG:colcon.colcon_core.verb:Building package 'GUI_pkg' with the following arguments: {'ament_cmake_args': None, 'build_base': '/home/rhobtor/PHD/ARGOSJ8_IA/ARGOSJ8_IA_/build/GUI_pkg', 'catkin_cmake_args': None, 'catkin_skip_building_tests': False, 'cmake_args': None, 'cmake_clean_cache': False, 'cmake_clean_first': False, 'cmake_force_configure': False, 'cmake_target': None, 'cmake_target_skip_unavailable': False, 'install_base': '/home/rhobtor/PHD/ARGOSJ8_IA/ARGOSJ8_IA_/install/GUI_pkg', 'merge_install': False, 'path': '/home/rhobtor/PHD/ARGOSJ8_IA/ARGOSJ8_IA_/src/GUI_pkg', 'symlink_install': False, 'test_result_base': None}
[0.259s] Level 5:colcon.colcon_core.verb:set package 'android_ros2_server' build argument 'cmake_args' from command line to 'None'
[0.259s] Level 5:colcon.colcon_core.verb:set package 'android_ros2_server' build argument 'cmake_target' from command line to 'None'
[0.260s] Level 5:colcon.colcon_core.verb:set package 'android_ros2_server' build argument 'cmake_target_skip_unavailable' from command line to 'False'
[0.260s] Level 5:colcon.colcon_core.verb:set package 'android_ros2_server' build argument 'cmake_clean_cache' from command line to 'False'
[0.260s] Level 5:colcon.colcon_core.verb:set package 'android_ros2_server' build argument 'cmake_clean_first' from command line to 'False'
[0.260s] Level 5:colcon.colcon_core.verb:set package 'android_ros2_server' build argument 'cmake_force_configure' from command line to 'False'
[0.260s] Level 5:colcon.colcon_core.verb:set package 'android_ros2_server' build argument 'ament_cmake_args' from command line to 'None'
[0.260s] Level 5:colcon.colcon_core.verb:set package 'android_ros2_server' build argument 'catkin_cmake_args' from command line to 'None'
[0.260s] Level 5:colcon.colcon_core.verb:set package 'android_ros2_server' build argument 'catkin_skip_building_tests' from command line to 'False'
[0.260s] DEBUG:colcon.colcon_core.verb:Building package 'android_ros2_server' with the following arguments: {'ament_cmake_args': None, 'build_base': '/home/rhobtor/PHD/ARGOSJ8_IA/ARGOSJ8_IA_/build/android_ros2_server', 'catkin_cmake_args': None, 'catkin_skip_building_tests': False, 'cmake_args': None, 'cmake_clean_cache': False, 'cmake_clean_first': False, 'cmake_force_configure': False, 'cmake_target': None, 'cmake_target_skip_unavailable': False, 'install_base': '/home/rhobtor/PHD/ARGOSJ8_IA/ARGOSJ8_IA_/install/android_ros2_server', 'merge_install': False, 'path': '/home/rhobtor/PHD/ARGOSJ8_IA/ARGOSJ8_IA_/src/android_ros2_server', 'symlink_install': False, 'test_result_base': None}
[0.260s] Level 5:colcon.colcon_core.verb:set package 'argj801_ctl_platform_interfaces' build argument 'cmake_args' from command line to 'None'
[0.260s] Level 5:colcon.colcon_core.verb:set package 'argj801_ctl_platform_interfaces' build argument 'cmake_target' from command line to 'None'
[0.260s] Level 5:colcon.colcon_core.verb:set package 'argj801_ctl_platform_interfaces' build argument 'cmake_target_skip_unavailable' from command line to 'False'
[0.260s] Level 5:colcon.colcon_core.verb:set package 'argj801_ctl_platform_interfaces' build argument 'cmake_clean_cache' from command line to 'False'
[0.260s] Level 5:colcon.colcon_core.verb:set package 'argj801_ctl_platform_interfaces' build argument 'cmake_clean_first' from command line to 'False'
[0.260s] Level 5:colcon.colcon_core.verb:set package 'argj801_ctl_platform_interfaces' build argument 'cmake_force_configure' from command line to 'False'
[0.260s] Level 5:colcon.colcon_core.verb:set package 'argj801_ctl_platform_interfaces' build argument 'ament_cmake_args' from command line to 'None'
[0.260s] Level 5:colcon.colcon_core.verb:set package 'argj801_ctl_platform_interfaces' build argument 'catkin_cmake_args' from command line to 'None'
[0.260s] Level 5:colcon.colcon_core.verb:set package 'argj801_ctl_platform_interfaces' build argument 'catkin_skip_building_tests' from command line to 'False'
[0.260s] DEBUG:colcon.colcon_core.verb:Building package 'argj801_ctl_platform_interfaces' with the following arguments: {'ament_cmake_args': None, 'build_base': '/home/rhobtor/PHD/ARGOSJ8_IA/ARGOSJ8_IA_/build/argj801_ctl_platform_interfaces', 'catkin_cmake_args': None, 'catkin_skip_building_tests': False, 'cmake_args': None, 'cmake_clean_cache': False, 'cmake_clean_first': False, 'cmake_force_configure': False, 'cmake_target': None, 'cmake_target_skip_unavailable': False, 'install_base': '/home/rhobtor/PHD/ARGOSJ8_IA/ARGOSJ8_IA_/install/argj801_ctl_platform_interfaces', 'merge_install': False, 'path': '/home/rhobtor/PHD/ARGOSJ8_IA/ARGOSJ8_IA_/src/argj801_ctl_platform/argj801_ctl_platform_interfaces', 'symlink_install': False, 'test_result_base': None}
[0.260s] Level 5:colcon.colcon_core.verb:set package 'argj801_sensors_msgs' build argument 'cmake_args' from command line to 'None'
[0.260s] Level 5:colcon.colcon_core.verb:set package 'argj801_sensors_msgs' build argument 'cmake_target' from command line to 'None'
[0.260s] Level 5:colcon.colcon_core.verb:set package 'argj801_sensors_msgs' build argument 'cmake_target_skip_unavailable' from command line to 'False'
[0.260s] Level 5:colcon.colcon_core.verb:set package 'argj801_sensors_msgs' build argument 'cmake_clean_cache' from command line to 'False'
[0.260s] Level 5:colcon.colcon_core.verb:set package 'argj801_sensors_msgs' build argument 'cmake_clean_first' from command line to 'False'
[0.260s] Level 5:colcon.colcon_core.verb:set package 'argj801_sensors_msgs' build argument 'cmake_force_configure' from command line to 'False'
[0.260s] Level 5:colcon.colcon_core.verb:set package 'argj801_sensors_msgs' build argument 'ament_cmake_args' from command line to 'None'
[0.260s] Level 5:colcon.colcon_core.verb:set package 'argj801_sensors_msgs' build argument 'catkin_cmake_args' from command line to 'None'
[0.260s] Level 5:colcon.colcon_core.verb:set package 'argj801_sensors_msgs' build argument 'catkin_skip_building_tests' from command line to 'False'
[0.260s] DEBUG:colcon.colcon_core.verb:Building package 'argj801_sensors_msgs' with the following arguments: {'ament_cmake_args': None, 'build_base': '/home/rhobtor/PHD/ARGOSJ8_IA/ARGOSJ8_IA_/build/argj801_sensors_msgs', 'catkin_cmake_args': None, 'catkin_skip_building_tests': False, 'cmake_args': None, 'cmake_clean_cache': False, 'cmake_clean_first': False, 'cmake_force_configure': False, 'cmake_target': None, 'cmake_target_skip_unavailable': False, 'install_base': '/home/rhobtor/PHD/ARGOSJ8_IA/ARGOSJ8_IA_/install/argj801_sensors_msgs', 'merge_install': False, 'path': '/home/rhobtor/PHD/ARGOSJ8_IA/ARGOSJ8_IA_/src/argo_drivers_pkgs/argj801_sensors/argj801_sensors_msgs', 'symlink_install': False, 'test_result_base': None}
[0.260s] Level 5:colcon.colcon_core.verb:set package 'argj801_setup' build argument 'cmake_args' from command line to 'None'
[0.260s] Level 5:colcon.colcon_core.verb:set package 'argj801_setup' build argument 'cmake_target' from command line to 'None'
[0.260s] Level 5:colcon.colcon_core.verb:set package 'argj801_setup' build argument 'cmake_target_skip_unavailable' from command line to 'False'
[0.260s] Level 5:colcon.colcon_core.verb:set package 'argj801_setup' build argument 'cmake_clean_cache' from command line to 'False'
[0.260s] Level 5:colcon.colcon_core.verb:set package 'argj801_setup' build argument 'cmake_clean_first' from command line to 'False'
[0.260s] Level 5:colcon.colcon_core.verb:set package 'argj801_setup' build argument 'cmake_force_configure' from command line to 'False'
[0.260s] Level 5:colcon.colcon_core.verb:set package 'argj801_setup' build argument 'ament_cmake_args' from command line to 'None'
[0.260s] Level 5:colcon.colcon_core.verb:set package 'argj801_setup' build argument 'catkin_cmake_args' from command line to 'None'
[0.260s] Level 5:colcon.colcon_core.verb:set package 'argj801_setup' build argument 'catkin_skip_building_tests' from command line to 'False'
[0.260s] DEBUG:colcon.colcon_core.verb:Building package 'argj801_setup' with the following arguments: {'ament_cmake_args': None, 'build_base': '/home/rhobtor/PHD/ARGOSJ8_IA/ARGOSJ8_IA_/build/argj801_setup', 'catkin_cmake_args': None, 'catkin_skip_building_tests': False, 'cmake_args': None, 'cmake_clean_cache': False, 'cmake_clean_first': False, 'cmake_force_configure': False, 'cmake_target': None, 'cmake_target_skip_unavailable': False, 'install_base': '/home/rhobtor/PHD/ARGOSJ8_IA/ARGOSJ8_IA_/install/argj801_setup', 'merge_install': False, 'path': '/home/rhobtor/PHD/ARGOSJ8_IA/ARGOSJ8_IA_/src/argj801_setup', 'symlink_install': False, 'test_result_base': None}
[0.261s] Level 5:colcon.colcon_core.verb:set package 'car_interfaces' build argument 'cmake_args' from command line to 'None'
[0.261s] Level 5:colcon.colcon_core.verb:set package 'car_interfaces' build argument 'cmake_target' from command line to 'None'
[0.261s] Level 5:colcon.colcon_core.verb:set package 'car_interfaces' build argument 'cmake_target_skip_unavailable' from command line to 'False'
[0.261s] Level 5:colcon.colcon_core.verb:set package 'car_interfaces' build argument 'cmake_clean_cache' from command line to 'False'
[0.261s] Level 5:colcon.colcon_core.verb:set package 'car_interfaces' build argument 'cmake_clean_first' from command line to 'False'
[0.261s] Level 5:colcon.colcon_core.verb:set package 'car_interfaces' build argument 'cmake_force_configure' from command line to 'False'
[0.261s] Level 5:colcon.colcon_core.verb:set package 'car_interfaces' build argument 'ament_cmake_args' from command line to 'None'
[0.261s] Level 5:colcon.colcon_core.verb:set package 'car_interfaces' build argument 'catkin_cmake_args' from command line to 'None'
[0.261s] Level 5:colcon.colcon_core.verb:set package 'car_interfaces' build argument 'catkin_skip_building_tests' from command line to 'False'
[0.261s] DEBUG:colcon.colcon_core.verb:Building package 'car_interfaces' with the following arguments: {'ament_cmake_args': None, 'build_base': '/home/rhobtor/PHD/ARGOSJ8_IA/ARGOSJ8_IA_/build/car_interfaces', 'catkin_cmake_args': None, 'catkin_skip_building_tests': False, 'cmake_args': None, 'cmake_clean_cache': False, 'cmake_clean_first': False, 'cmake_force_configure': False, 'cmake_target': None, 'cmake_target_skip_unavailable': False, 'install_base': '/home/rhobtor/PHD/ARGOSJ8_IA/ARGOSJ8_IA_/install/car_interfaces', 'merge_install': False, 'path': '/home/rhobtor/PHD/ARGOSJ8_IA/ARGOSJ8_IA_/src/car_interfaces', 'symlink_install': False, 'test_result_base': None}
[0.261s] Level 5:colcon.colcon_core.verb:set package 'ctl_mission_interfaces' build argument 'cmake_args' from command line to 'None'
[0.261s] Level 5:colcon.colcon_core.verb:set package 'ctl_mission_interfaces' build argument 'cmake_target' from command line to 'None'
[0.261s] Level 5:colcon.colcon_core.verb:set package 'ctl_mission_interfaces' build argument 'cmake_target_skip_unavailable' from command line to 'False'
[0.261s] Level 5:colcon.colcon_core.verb:set package 'ctl_mission_interfaces' build argument 'cmake_clean_cache' from command line to 'False'
[0.261s] Level 5:colcon.colcon_core.verb:set package 'ctl_mission_interfaces' build argument 'cmake_clean_first' from command line to 'False'
[0.261s] Level 5:colcon.colcon_core.verb:set package 'ctl_mission_interfaces' build argument 'cmake_force_configure' from command line to 'False'
[0.261s] Level 5:colcon.colcon_core.verb:set package 'ctl_mission_interfaces' build argument 'ament_cmake_args' from command line to 'None'
[0.261s] Level 5:colcon.colcon_core.verb:set package 'ctl_mission_interfaces' build argument 'catkin_cmake_args' from command line to 'None'
[0.261s] Level 5:colcon.colcon_core.verb:set package 'ctl_mission_interfaces' build argument 'catkin_skip_building_tests' from command line to 'False'
[0.261s] DEBUG:colcon.colcon_core.verb:Building package 'ctl_mission_interfaces' with the following arguments: {'ament_cmake_args': None, 'build_base': '/home/rhobtor/PHD/ARGOSJ8_IA/ARGOSJ8_IA_/build/ctl_mission_interfaces', 'catkin_cmake_args': None, 'catkin_skip_building_tests': False, 'cmake_args': None, 'cmake_clean_cache': False, 'cmake_clean_first': False, 'cmake_force_configure': False, 'cmake_target': None, 'cmake_target_skip_unavailable': False, 'install_base': '/home/rhobtor/PHD/ARGOSJ8_IA/ARGOSJ8_IA_/install/ctl_mission_interfaces', 'merge_install': False, 'path': '/home/rhobtor/PHD/ARGOSJ8_IA/ARGOSJ8_IA_/src/ctl_mission/ctl_mission_interfaces', 'symlink_install': False, 'test_result_base': None}
[0.261s] Level 5:colcon.colcon_core.verb:set package 'fixposition_gnss_tf' build argument 'cmake_args' from command line to 'None'
[0.261s] Level 5:colcon.colcon_core.verb:set package 'fixposition_gnss_tf' build argument 'cmake_target' from command line to 'None'
[0.261s] Level 5:colcon.colcon_core.verb:set package 'fixposition_gnss_tf' build argument 'cmake_target_skip_unavailable' from command line to 'False'
[0.261s] Level 5:colcon.colcon_core.verb:set package 'fixposition_gnss_tf' build argument 'cmake_clean_cache' from command line to 'False'
[0.261s] Level 5:colcon.colcon_core.verb:set package 'fixposition_gnss_tf' build argument 'cmake_clean_first' from command line to 'False'
[0.261s] Level 5:colcon.colcon_core.verb:set package 'fixposition_gnss_tf' build argument 'cmake_force_configure' from command line to 'False'
[0.261s] Level 5:colcon.colcon_core.verb:set package 'fixposition_gnss_tf' build argument 'ament_cmake_args' from command line to 'None'
[0.261s] Level 5:colcon.colcon_core.verb:set package 'fixposition_gnss_tf' build argument 'catkin_cmake_args' from command line to 'None'
[0.261s] Level 5:colcon.colcon_core.verb:set package 'fixposition_gnss_tf' build argument 'catkin_skip_building_tests' from command line to 'False'
[0.261s] DEBUG:colcon.colcon_core.verb:Building package 'fixposition_gnss_tf' with the following arguments: {'ament_cmake_args': None, 'build_base': '/home/rhobtor/PHD/ARGOSJ8_IA/ARGOSJ8_IA_/build/fixposition_gnss_tf', 'catkin_cmake_args': None, 'catkin_skip_building_tests': False, 'cmake_args': None, 'cmake_clean_cache': False, 'cmake_clean_first': False, 'cmake_force_configure': False, 'cmake_target': None, 'cmake_target_skip_unavailable': False, 'install_base': '/home/rhobtor/PHD/ARGOSJ8_IA/ARGOSJ8_IA_/install/fixposition_gnss_tf', 'merge_install': False, 'path': '/home/rhobtor/PHD/ARGOSJ8_IA/ARGOSJ8_IA_/src/argo_drivers_pkgs/Fixposition_driver_pkg/fixposition_gnss_tf-main', 'symlink_install': False, 'test_result_base': None}
[0.261s] Level 5:colcon.colcon_core.verb:set package 'fixposition_sensor_pkg' build argument 'cmake_args' from command line to 'None'
[0.261s] Level 5:colcon.colcon_core.verb:set package 'fixposition_sensor_pkg' build argument 'cmake_target' from command line to 'None'
[0.261s] Level 5:colcon.colcon_core.verb:set package 'fixposition_sensor_pkg' build argument 'cmake_target_skip_unavailable' from command line to 'False'
[0.261s] Level 5:colcon.colcon_core.verb:set package 'fixposition_sensor_pkg' build argument 'cmake_clean_cache' from command line to 'False'
[0.261s] Level 5:colcon.colcon_core.verb:set package 'fixposition_sensor_pkg' build argument 'cmake_clean_first' from command line to 'False'
[0.261s] Level 5:colcon.colcon_core.verb:set package 'fixposition_sensor_pkg' build argument 'cmake_force_configure' from command line to 'False'
[0.261s] Level 5:colcon.colcon_core.verb:set package 'fixposition_sensor_pkg' build argument 'ament_cmake_args' from command line to 'None'
[0.261s] Level 5:colcon.colcon_core.verb:set package 'fixposition_sensor_pkg' build argument 'catkin_cmake_args' from command line to 'None'
[0.261s] Level 5:colcon.colcon_core.verb:set package 'fixposition_sensor_pkg' build argument 'catkin_skip_building_tests' from command line to 'False'
[0.261s] DEBUG:colcon.colcon_core.verb:Building package 'fixposition_sensor_pkg' with the following arguments: {'ament_cmake_args': None, 'build_base': '/home/rhobtor/PHD/ARGOSJ8_IA/ARGOSJ8_IA_/build/fixposition_sensor_pkg', 'catkin_cmake_args': None, 'catkin_skip_building_tests': False, 'cmake_args': None, 'cmake_clean_cache': False, 'cmake_clean_first': False, 'cmake_force_configure': False, 'cmake_target': None, 'cmake_target_skip_unavailable': False, 'install_base': '/home/rhobtor/PHD/ARGOSJ8_IA/ARGOSJ8_IA_/install/fixposition_sensor_pkg', 'merge_install': False, 'path': '/home/rhobtor/PHD/ARGOSJ8_IA/ARGOSJ8_IA_/src/gazebo_sim_pkgs/fix_position_pkg', 'symlink_install': False, 'test_result_base': None}
[0.262s] Level 5:colcon.colcon_core.verb:set package 'hector_gazebo_plugins' build argument 'cmake_args' from command line to 'None'
[0.262s] Level 5:colcon.colcon_core.verb:set package 'hector_gazebo_plugins' build argument 'cmake_target' from command line to 'None'
[0.262s] Level 5:colcon.colcon_core.verb:set package 'hector_gazebo_plugins' build argument 'cmake_target_skip_unavailable' from command line to 'False'
[0.262s] Level 5:colcon.colcon_core.verb:set package 'hector_gazebo_plugins' build argument 'cmake_clean_cache' from command line to 'False'
[0.262s] Level 5:colcon.colcon_core.verb:set package 'hector_gazebo_plugins' build argument 'cmake_clean_first' from command line to 'False'
[0.262s] Level 5:colcon.colcon_core.verb:set package 'hector_gazebo_plugins' build argument 'cmake_force_configure' from command line to 'False'
[0.262s] Level 5:colcon.colcon_core.verb:set package 'hector_gazebo_plugins' build argument 'ament_cmake_args' from command line to 'None'
[0.262s] Level 5:colcon.colcon_core.verb:set package 'hector_gazebo_plugins' build argument 'catkin_cmake_args' from command line to 'None'
[0.262s] Level 5:colcon.colcon_core.verb:set package 'hector_gazebo_plugins' build argument 'catkin_skip_building_tests' from command line to 'False'
[0.262s] DEBUG:colcon.colcon_core.verb:Building package 'hector_gazebo_plugins' with the following arguments: {'ament_cmake_args': None, 'build_base': '/home/rhobtor/PHD/ARGOSJ8_IA/ARGOSJ8_IA_/build/hector_gazebo_plugins', 'catkin_cmake_args': None, 'catkin_skip_building_tests': False, 'cmake_args': None, 'cmake_clean_cache': False, 'cmake_clean_first': False, 'cmake_force_configure': False, 'cmake_target': None, 'cmake_target_skip_unavailable': False, 'install_base': '/home/rhobtor/PHD/ARGOSJ8_IA/ARGOSJ8_IA_/install/hector_gazebo_plugins', 'merge_install': False, 'path': '/home/rhobtor/PHD/ARGOSJ8_IA/ARGOSJ8_IA_/src/hector_gazebo', 'symlink_install': False, 'test_result_base': None}
[0.262s] Level 5:colcon.colcon_core.verb:set package 'j8_gui' build argument 'cmake_args' from command line to 'None'
[0.262s] Level 5:colcon.colcon_core.verb:set package 'j8_gui' build argument 'cmake_target' from command line to 'None'
[0.262s] Level 5:colcon.colcon_core.verb:set package 'j8_gui' build argument 'cmake_target_skip_unavailable' from command line to 'False'
[0.262s] Level 5:colcon.colcon_core.verb:set package 'j8_gui' build argument 'cmake_clean_cache' from command line to 'False'
[0.262s] Level 5:colcon.colcon_core.verb:set package 'j8_gui' build argument 'cmake_clean_first' from command line to 'False'
[0.262s] Level 5:colcon.colcon_core.verb:set package 'j8_gui' build argument 'cmake_force_configure' from command line to 'False'
[0.262s] Level 5:colcon.colcon_core.verb:set package 'j8_gui' build argument 'ament_cmake_args' from command line to 'None'
[0.262s] Level 5:colcon.colcon_core.verb:set package 'j8_gui' build argument 'catkin_cmake_args' from command line to 'None'
[0.262s] Level 5:colcon.colcon_core.verb:set package 'j8_gui' build argument 'catkin_skip_building_tests' from command line to 'False'
[0.262s] DEBUG:colcon.colcon_core.verb:Building package 'j8_gui' with the following arguments: {'ament_cmake_args': None, 'build_base': '/home/rhobtor/PHD/ARGOSJ8_IA/ARGOSJ8_IA_/build/j8_gui', 'catkin_cmake_args': None, 'catkin_skip_building_tests': False, 'cmake_args': None, 'cmake_clean_cache': False, 'cmake_clean_first': False, 'cmake_force_configure': False, 'cmake_target': None, 'cmake_target_skip_unavailable': False, 'install_base': '/home/rhobtor/PHD/ARGOSJ8_IA/ARGOSJ8_IA_/install/j8_gui', 'merge_install': False, 'path': '/home/rhobtor/PHD/ARGOSJ8_IA/ARGOSJ8_IA_/src/test_gui_j8/src/j8_gui', 'symlink_install': False, 'test_result_base': None}
[0.262s] Level 5:colcon.colcon_core.verb:set package 'joy_linux' build argument 'cmake_args' from command line to 'None'
[0.262s] Level 5:colcon.colcon_core.verb:set package 'joy_linux' build argument 'cmake_target' from command line to 'None'
[0.262s] Level 5:colcon.colcon_core.verb:set package 'joy_linux' build argument 'cmake_target_skip_unavailable' from command line to 'False'
[0.262s] Level 5:colcon.colcon_core.verb:set package 'joy_linux' build argument 'cmake_clean_cache' from command line to 'False'
[0.262s] Level 5:colcon.colcon_core.verb:set package 'joy_linux' build argument 'cmake_clean_first' from command line to 'False'
[0.262s] Level 5:colcon.colcon_core.verb:set package 'joy_linux' build argument 'cmake_force_configure' from command line to 'False'
[0.262s] Level 5:colcon.colcon_core.verb:set package 'joy_linux' build argument 'ament_cmake_args' from command line to 'None'
[0.262s] Level 5:colcon.colcon_core.verb:set package 'joy_linux' build argument 'catkin_cmake_args' from command line to 'None'
[0.262s] Level 5:colcon.colcon_core.verb:set package 'joy_linux' build argument 'catkin_skip_building_tests' from command line to 'False'
[0.262s] DEBUG:colcon.colcon_core.verb:Building package 'joy_linux' with the following arguments: {'ament_cmake_args': None, 'build_base': '/home/rhobtor/PHD/ARGOSJ8_IA/ARGOSJ8_IA_/build/joy_linux', 'catkin_cmake_args': None, 'catkin_skip_building_tests': False, 'cmake_args': None, 'cmake_clean_cache': False, 'cmake_clean_first': False, 'cmake_force_configure': False, 'cmake_target': None, 'cmake_target_skip_unavailable': False, 'install_base': '/home/rhobtor/PHD/ARGOSJ8_IA/ARGOSJ8_IA_/install/joy_linux', 'merge_install': False, 'path': '/home/rhobtor/PHD/ARGOSJ8_IA/ARGOSJ8_IA_/src/j8_joystick/joy_linux', 'symlink_install': False, 'test_result_base': None}
[0.262s] Level 5:colcon.colcon_core.verb:set package 'ntrip_client' build argument 'cmake_args' from command line to 'None'
[0.262s] Level 5:colcon.colcon_core.verb:set package 'ntrip_client' build argument 'cmake_target' from command line to 'None'
[0.262s] Level 5:colcon.colcon_core.verb:set package 'ntrip_client' build argument 'cmake_target_skip_unavailable' from command line to 'False'
[0.262s] Level 5:colcon.colcon_core.verb:set package 'ntrip_client' build argument 'cmake_clean_cache' from command line to 'False'
[0.262s] Level 5:colcon.colcon_core.verb:set package 'ntrip_client' build argument 'cmake_clean_first' from command line to 'False'
[0.262s] Level 5:colcon.colcon_core.verb:set package 'ntrip_client' build argument 'cmake_force_configure' from command line to 'False'
[0.263s] Level 5:colcon.colcon_core.verb:set package 'ntrip_client' build argument 'ament_cmake_args' from command line to 'None'
[0.263s] Level 5:colcon.colcon_core.verb:set package 'ntrip_client' build argument 'catkin_cmake_args' from command line to 'None'
[0.263s] Level 5:colcon.colcon_core.verb:set package 'ntrip_client' build argument 'catkin_skip_building_tests' from command line to 'False'
[0.263s] DEBUG:colcon.colcon_core.verb:Building package 'ntrip_client' with the following arguments: {'ament_cmake_args': None, 'build_base': '/home/rhobtor/PHD/ARGOSJ8_IA/ARGOSJ8_IA_/build/ntrip_client', 'catkin_cmake_args': None, 'catkin_skip_building_tests': False, 'cmake_args': None, 'cmake_clean_cache': False, 'cmake_clean_first': False, 'cmake_force_configure': False, 'cmake_target': None, 'cmake_target_skip_unavailable': False, 'install_base': '/home/rhobtor/PHD/ARGOSJ8_IA/ARGOSJ8_IA_/install/ntrip_client', 'merge_install': False, 'path': '/home/rhobtor/PHD/ARGOSJ8_IA/ARGOSJ8_IA_/src/argo_drivers_pkgs/ntrip_client', 'symlink_install': False, 'test_result_base': None}
[0.263s] Level 5:colcon.colcon_core.verb:set package 'path_manager_interfaces' build argument 'cmake_args' from command line to 'None'
[0.263s] Level 5:colcon.colcon_core.verb:set package 'path_manager_interfaces' build argument 'cmake_target' from command line to 'None'
[0.263s] Level 5:colcon.colcon_core.verb:set package 'path_manager_interfaces' build argument 'cmake_target_skip_unavailable' from command line to 'False'
[0.263s] Level 5:colcon.colcon_core.verb:set package 'path_manager_interfaces' build argument 'cmake_clean_cache' from command line to 'False'
[0.263s] Level 5:colcon.colcon_core.verb:set package 'path_manager_interfaces' build argument 'cmake_clean_first' from command line to 'False'
[0.263s] Level 5:colcon.colcon_core.verb:set package 'path_manager_interfaces' build argument 'cmake_force_configure' from command line to 'False'
[0.263s] Level 5:colcon.colcon_core.verb:set package 'path_manager_interfaces' build argument 'ament_cmake_args' from command line to 'None'
[0.263s] Level 5:colcon.colcon_core.verb:set package 'path_manager_interfaces' build argument 'catkin_cmake_args' from command line to 'None'
[0.263s] Level 5:colcon.colcon_core.verb:set package 'path_manager_interfaces' build argument 'catkin_skip_building_tests' from command line to 'False'
[0.263s] DEBUG:colcon.colcon_core.verb:Building package 'path_manager_interfaces' with the following arguments: {'ament_cmake_args': None, 'build_base': '/home/rhobtor/PHD/ARGOSJ8_IA/ARGOSJ8_IA_/build/path_manager_interfaces', 'catkin_cmake_args': None, 'catkin_skip_building_tests': False, 'cmake_args': None, 'cmake_clean_cache': False, 'cmake_clean_first': False, 'cmake_force_configure': False, 'cmake_target': None, 'cmake_target_skip_unavailable': False, 'install_base': '/home/rhobtor/PHD/ARGOSJ8_IA/ARGOSJ8_IA_/install/path_manager_interfaces', 'merge_install': False, 'path': '/home/rhobtor/PHD/ARGOSJ8_IA/ARGOSJ8_IA_/src/path_manager/path_manager_interfaces', 'symlink_install': False, 'test_result_base': None}
[0.263s] Level 5:colcon.colcon_core.verb:set package 'sdl2_vendor' build argument 'cmake_args' from command line to 'None'
[0.263s] Level 5:colcon.colcon_core.verb:set package 'sdl2_vendor' build argument 'cmake_target' from command line to 'None'
[0.263s] Level 5:colcon.colcon_core.verb:set package 'sdl2_vendor' build argument 'cmake_target_skip_unavailable' from command line to 'False'
[0.263s] Level 5:colcon.colcon_core.verb:set package 'sdl2_vendor' build argument 'cmake_clean_cache' from command line to 'False'
[0.263s] Level 5:colcon.colcon_core.verb:set package 'sdl2_vendor' build argument 'cmake_clean_first' from command line to 'False'
[0.263s] Level 5:colcon.colcon_core.verb:set package 'sdl2_vendor' build argument 'cmake_force_configure' from command line to 'False'
[0.263s] Level 5:colcon.colcon_core.verb:set package 'sdl2_vendor' build argument 'ament_cmake_args' from command line to 'None'
[0.263s] Level 5:colcon.colcon_core.verb:set package 'sdl2_vendor' build argument 'catkin_cmake_args' from command line to 'None'
[0.263s] Level 5:colcon.colcon_core.verb:set package 'sdl2_vendor' build argument 'catkin_skip_building_tests' from command line to 'False'
[0.263s] DEBUG:colcon.colcon_core.verb:Building package 'sdl2_vendor' with the following arguments: {'ament_cmake_args': None, 'build_base': '/home/rhobtor/PHD/ARGOSJ8_IA/ARGOSJ8_IA_/build/sdl2_vendor', 'catkin_cmake_args': None, 'catkin_skip_building_tests': False, 'cmake_args': None, 'cmake_clean_cache': False, 'cmake_clean_first': False, 'cmake_force_configure': False, 'cmake_target': None, 'cmake_target_skip_unavailable': False, 'install_base': '/home/rhobtor/PHD/ARGOSJ8_IA/ARGOSJ8_IA_/install/sdl2_vendor', 'merge_install': False, 'path': '/home/rhobtor/PHD/ARGOSJ8_IA/ARGOSJ8_IA_/src/j8_joystick/sdl2_vendor', 'symlink_install': False, 'test_result_base': None}
[0.263s] Level 5:colcon.colcon_core.verb:set package 'security_check_interfaces' build argument 'cmake_args' from command line to 'None'
[0.263s] Level 5:colcon.colcon_core.verb:set package 'security_check_interfaces' build argument 'cmake_target' from command line to 'None'
[0.263s] Level 5:colcon.colcon_core.verb:set package 'security_check_interfaces' build argument 'cmake_target_skip_unavailable' from command line to 'False'
[0.263s] Level 5:colcon.colcon_core.verb:set package 'security_check_interfaces' build argument 'cmake_clean_cache' from command line to 'False'
[0.263s] Level 5:colcon.colcon_core.verb:set package 'security_check_interfaces' build argument 'cmake_clean_first' from command line to 'False'
[0.263s] Level 5:colcon.colcon_core.verb:set package 'security_check_interfaces' build argument 'cmake_force_configure' from command line to 'False'
[0.263s] Level 5:colcon.colcon_core.verb:set package 'security_check_interfaces' build argument 'ament_cmake_args' from command line to 'None'
[0.263s] Level 5:colcon.colcon_core.verb:set package 'security_check_interfaces' build argument 'catkin_cmake_args' from command line to 'None'
[0.263s] Level 5:colcon.colcon_core.verb:set package 'security_check_interfaces' build argument 'catkin_skip_building_tests' from command line to 'False'
[0.263s] DEBUG:colcon.colcon_core.verb:Building package 'security_check_interfaces' with the following arguments: {'ament_cmake_args': None, 'build_base': '/home/rhobtor/PHD/ARGOSJ8_IA/ARGOSJ8_IA_/build/security_check_interfaces', 'catkin_cmake_args': None, 'catkin_skip_building_tests': False, 'cmake_args': None, 'cmake_clean_cache': False, 'cmake_clean_first': False, 'cmake_force_configure': False, 'cmake_target': None, 'cmake_target_skip_unavailable': False, 'install_base': '/home/rhobtor/PHD/ARGOSJ8_IA/ARGOSJ8_IA_/install/security_check_interfaces', 'merge_install': False, 'path': '/home/rhobtor/PHD/ARGOSJ8_IA/ARGOSJ8_IA_/src/security_check/security_check_interfaces', 'symlink_install': False, 'test_result_base': None}
[0.263s] Level 5:colcon.colcon_core.verb:set package 'slg_msgs' build argument 'cmake_args' from command line to 'None'
[0.263s] Level 5:colcon.colcon_core.verb:set package 'slg_msgs' build argument 'cmake_target' from command line to 'None'
[0.264s] Level 5:colcon.colcon_core.verb:set package 'slg_msgs' build argument 'cmake_target_skip_unavailable' from command line to 'False'
[0.264s] Level 5:colcon.colcon_core.verb:set package 'slg_msgs' build argument 'cmake_clean_cache' from command line to 'False'
[0.264s] Level 5:colcon.colcon_core.verb:set package 'slg_msgs' build argument 'cmake_clean_first' from command line to 'False'
[0.264s] Level 5:colcon.colcon_core.verb:set package 'slg_msgs' build argument 'cmake_force_configure' from command line to 'False'
[0.264s] Level 5:colcon.colcon_core.verb:set package 'slg_msgs' build argument 'ament_cmake_args' from command line to 'None'
[0.264s] Level 5:colcon.colcon_core.verb:set package 'slg_msgs' build argument 'catkin_cmake_args' from command line to 'None'
[0.264s] Level 5:colcon.colcon_core.verb:set package 'slg_msgs' build argument 'catkin_skip_building_tests' from command line to 'False'
[0.264s] DEBUG:colcon.colcon_core.verb:Building package 'slg_msgs' with the following arguments: {'ament_cmake_args': None, 'build_base': '/home/rhobtor/PHD/ARGOSJ8_IA/ARGOSJ8_IA_/build/slg_msgs', 'catkin_cmake_args': None, 'catkin_skip_building_tests': False, 'cmake_args': None, 'cmake_clean_cache': False, 'cmake_clean_first': False, 'cmake_force_configure': False, 'cmake_target': None, 'cmake_target_skip_unavailable': False, 'install_base': '/home/rhobtor/PHD/ARGOSJ8_IA/ARGOSJ8_IA_/install/slg_msgs', 'merge_install': False, 'path': '/home/rhobtor/PHD/ARGOSJ8_IA/ARGOSJ8_IA_/src/lidar_process_pkgs/slg_msgs', 'symlink_install': False, 'test_result_base': None}
[0.264s] Level 5:colcon.colcon_core.verb:set package 'spacenav' build argument 'cmake_args' from command line to 'None'
[0.264s] Level 5:colcon.colcon_core.verb:set package 'spacenav' build argument 'cmake_target' from command line to 'None'
[0.264s] Level 5:colcon.colcon_core.verb:set package 'spacenav' build argument 'cmake_target_skip_unavailable' from command line to 'False'
[0.264s] Level 5:colcon.colcon_core.verb:set package 'spacenav' build argument 'cmake_clean_cache' from command line to 'False'
[0.264s] Level 5:colcon.colcon_core.verb:set package 'spacenav' build argument 'cmake_clean_first' from command line to 'False'
[0.264s] Level 5:colcon.colcon_core.verb:set package 'spacenav' build argument 'cmake_force_configure' from command line to 'False'
[0.264s] Level 5:colcon.colcon_core.verb:set package 'spacenav' build argument 'ament_cmake_args' from command line to 'None'
[0.264s] Level 5:colcon.colcon_core.verb:set package 'spacenav' build argument 'catkin_cmake_args' from command line to 'None'
[0.264s] Level 5:colcon.colcon_core.verb:set package 'spacenav' build argument 'catkin_skip_building_tests' from command line to 'False'
[0.264s] DEBUG:colcon.colcon_core.verb:Building package 'spacenav' with the following arguments: {'ament_cmake_args': None, 'build_base': '/home/rhobtor/PHD/ARGOSJ8_IA/ARGOSJ8_IA_/build/spacenav', 'catkin_cmake_args': None, 'catkin_skip_building_tests': False, 'cmake_args': None, 'cmake_clean_cache': False, 'cmake_clean_first': False, 'cmake_force_configure': False, 'cmake_target': None, 'cmake_target_skip_unavailable': False, 'install_base': '/home/rhobtor/PHD/ARGOSJ8_IA/ARGOSJ8_IA_/install/spacenav', 'merge_install': False, 'path': '/home/rhobtor/PHD/ARGOSJ8_IA/ARGOSJ8_IA_/src/j8_joystick/spacenav', 'symlink_install': False, 'test_result_base': None}
[0.264s] Level 5:colcon.colcon_core.verb:set package 'ublox_serialization' build argument 'cmake_args' from command line to 'None'
[0.264s] Level 5:colcon.colcon_core.verb:set package 'ublox_serialization' build argument 'cmake_target' from command line to 'None'
[0.264s] Level 5:colcon.colcon_core.verb:set package 'ublox_serialization' build argument 'cmake_target_skip_unavailable' from command line to 'False'
[0.264s] Level 5:colcon.colcon_core.verb:set package 'ublox_serialization' build argument 'cmake_clean_cache' from command line to 'False'
[0.264s] Level 5:colcon.colcon_core.verb:set package 'ublox_serialization' build argument 'cmake_clean_first' from command line to 'False'
[0.264s] Level 5:colcon.colcon_core.verb:set package 'ublox_serialization' build argument 'cmake_force_configure' from command line to 'False'
[0.264s] Level 5:colcon.colcon_core.verb:set package 'ublox_serialization' build argument 'ament_cmake_args' from command line to 'None'
[0.264s] Level 5:colcon.colcon_core.verb:set package 'ublox_serialization' build argument 'catkin_cmake_args' from command line to 'None'
[0.264s] Level 5:colcon.colcon_core.verb:set package 'ublox_serialization' build argument 'catkin_skip_building_tests' from command line to 'False'
[0.264s] DEBUG:colcon.colcon_core.verb:Building package 'ublox_serialization' with the following arguments: {'ament_cmake_args': None, 'build_base': '/home/rhobtor/PHD/ARGOSJ8_IA/ARGOSJ8_IA_/build/ublox_serialization', 'catkin_cmake_args': None, 'catkin_skip_building_tests': False, 'cmake_args': None, 'cmake_clean_cache': False, 'cmake_clean_first': False, 'cmake_force_configure': False, 'cmake_target': None, 'cmake_target_skip_unavailable': False, 'install_base': '/home/rhobtor/PHD/ARGOSJ8_IA/ARGOSJ8_IA_/install/ublox_serialization', 'merge_install': False, 'path': '/home/rhobtor/PHD/ARGOSJ8_IA/ARGOSJ8_IA_/src/argo_drivers_pkgs/ublox/ublox_serialization', 'symlink_install': False, 'test_result_base': None}
[0.264s] Level 5:colcon.colcon_core.verb:set package 'wiimote_msgs' build argument 'cmake_args' from command line to 'None'
[0.264s] Level 5:colcon.colcon_core.verb:set package 'wiimote_msgs' build argument 'cmake_target' from command line to 'None'
[0.264s] Level 5:colcon.colcon_core.verb:set package 'wiimote_msgs' build argument 'cmake_target_skip_unavailable' from command line to 'False'
[0.264s] Level 5:colcon.colcon_core.verb:set package 'wiimote_msgs' build argument 'cmake_clean_cache' from command line to 'False'
[0.264s] Level 5:colcon.colcon_core.verb:set package 'wiimote_msgs' build argument 'cmake_clean_first' from command line to 'False'
[0.264s] Level 5:colcon.colcon_core.verb:set package 'wiimote_msgs' build argument 'cmake_force_configure' from command line to 'False'
[0.264s] Level 5:colcon.colcon_core.verb:set package 'wiimote_msgs' build argument 'ament_cmake_args' from command line to 'None'
[0.264s] Level 5:colcon.colcon_core.verb:set package 'wiimote_msgs' build argument 'catkin_cmake_args' from command line to 'None'
[0.264s] Level 5:colcon.colcon_core.verb:set package 'wiimote_msgs' build argument 'catkin_skip_building_tests' from command line to 'False'
[0.264s] DEBUG:colcon.colcon_core.verb:Building package 'wiimote_msgs' with the following arguments: {'ament_cmake_args': None, 'build_base': '/home/rhobtor/PHD/ARGOSJ8_IA/ARGOSJ8_IA_/build/wiimote_msgs', 'catkin_cmake_args': None, 'catkin_skip_building_tests': False, 'cmake_args': None, 'cmake_clean_cache': False, 'cmake_clean_first': False, 'cmake_force_configure': False, 'cmake_target': None, 'cmake_target_skip_unavailable': False, 'install_base': '/home/rhobtor/PHD/ARGOSJ8_IA/ARGOSJ8_IA_/install/wiimote_msgs', 'merge_install': False, 'path': '/home/rhobtor/PHD/ARGOSJ8_IA/ARGOSJ8_IA_/src/j8_joystick/wiimote_msgs', 'symlink_install': False, 'test_result_base': None}
[0.265s] Level 5:colcon.colcon_core.verb:set package 'argj801_ctl_platform' build argument 'cmake_args' from command line to 'None'
[0.265s] Level 5:colcon.colcon_core.verb:set package 'argj801_ctl_platform' build argument 'cmake_target' from command line to 'None'
[0.265s] Level 5:colcon.colcon_core.verb:set package 'argj801_ctl_platform' build argument 'cmake_target_skip_unavailable' from command line to 'False'
[0.265s] Level 5:colcon.colcon_core.verb:set package 'argj801_ctl_platform' build argument 'cmake_clean_cache' from command line to 'False'
[0.265s] Level 5:colcon.colcon_core.verb:set package 'argj801_ctl_platform' build argument 'cmake_clean_first' from command line to 'False'
[0.265s] Level 5:colcon.colcon_core.verb:set package 'argj801_ctl_platform' build argument 'cmake_force_configure' from command line to 'False'
[0.265s] Level 5:colcon.colcon_core.verb:set package 'argj801_ctl_platform' build argument 'ament_cmake_args' from command line to 'None'
[0.265s] Level 5:colcon.colcon_core.verb:set package 'argj801_ctl_platform' build argument 'catkin_cmake_args' from command line to 'None'
[0.265s] Level 5:colcon.colcon_core.verb:set package 'argj801_ctl_platform' build argument 'catkin_skip_building_tests' from command line to 'False'
[0.265s] DEBUG:colcon.colcon_core.verb:Building package 'argj801_ctl_platform' with the following arguments: {'ament_cmake_args': None, 'build_base': '/home/rhobtor/PHD/ARGOSJ8_IA/ARGOSJ8_IA_/build/argj801_ctl_platform', 'catkin_cmake_args': None, 'catkin_skip_building_tests': False, 'cmake_args': None, 'cmake_clean_cache': False, 'cmake_clean_first': False, 'cmake_force_configure': False, 'cmake_target': None, 'cmake_target_skip_unavailable': False, 'install_base': '/home/rhobtor/PHD/ARGOSJ8_IA/ARGOSJ8_IA_/install/argj801_ctl_platform', 'merge_install': False, 'path': '/home/rhobtor/PHD/ARGOSJ8_IA/ARGOSJ8_IA_/src/argj801_ctl_platform/argj801_ctl_platform', 'symlink_install': False, 'test_result_base': None}
[0.265s] Level 5:colcon.colcon_core.verb:set package 'argj801_sensors' build argument 'cmake_args' from command line to 'None'
[0.265s] Level 5:colcon.colcon_core.verb:set package 'argj801_sensors' build argument 'cmake_target' from command line to 'None'
[0.265s] Level 5:colcon.colcon_core.verb:set package 'argj801_sensors' build argument 'cmake_target_skip_unavailable' from command line to 'False'
[0.265s] Level 5:colcon.colcon_core.verb:set package 'argj801_sensors' build argument 'cmake_clean_cache' from command line to 'False'
[0.265s] Level 5:colcon.colcon_core.verb:set package 'argj801_sensors' build argument 'cmake_clean_first' from command line to 'False'
[0.265s] Level 5:colcon.colcon_core.verb:set package 'argj801_sensors' build argument 'cmake_force_configure' from command line to 'False'
[0.265s] Level 5:colcon.colcon_core.verb:set package 'argj801_sensors' build argument 'ament_cmake_args' from command line to 'None'
[0.265s] Level 5:colcon.colcon_core.verb:set package 'argj801_sensors' build argument 'catkin_cmake_args' from command line to 'None'
[0.265s] Level 5:colcon.colcon_core.verb:set package 'argj801_sensors' build argument 'catkin_skip_building_tests' from command line to 'False'
[0.265s] DEBUG:colcon.colcon_core.verb:Building package 'argj801_sensors' with the following arguments: {'ament_cmake_args': None, 'build_base': '/home/rhobtor/PHD/ARGOSJ8_IA/ARGOSJ8_IA_/build/argj801_sensors', 'catkin_cmake_args': None, 'catkin_skip_building_tests': False, 'cmake_args': None, 'cmake_clean_cache': False, 'cmake_clean_first': False, 'cmake_force_configure': False, 'cmake_target': None, 'cmake_target_skip_unavailable': False, 'install_base': '/home/rhobtor/PHD/ARGOSJ8_IA/ARGOSJ8_IA_/install/argj801_sensors', 'merge_install': False, 'path': '/home/rhobtor/PHD/ARGOSJ8_IA/ARGOSJ8_IA_/src/argo_drivers_pkgs/argj801_sensors/argj801_sensors', 'symlink_install': False, 'test_result_base': None}
[0.265s] Level 5:colcon.colcon_core.verb:set package 'car' build argument 'cmake_args' from command line to 'None'
[0.265s] Level 5:colcon.colcon_core.verb:set package 'car' build argument 'cmake_target' from command line to 'None'
[0.265s] Level 5:colcon.colcon_core.verb:set package 'car' build argument 'cmake_target_skip_unavailable' from command line to 'False'
[0.265s] Level 5:colcon.colcon_core.verb:set package 'car' build argument 'cmake_clean_cache' from command line to 'False'
[0.265s] Level 5:colcon.colcon_core.verb:set package 'car' build argument 'cmake_clean_first' from command line to 'False'
[0.265s] Level 5:colcon.colcon_core.verb:set package 'car' build argument 'cmake_force_configure' from command line to 'False'
[0.265s] Level 5:colcon.colcon_core.verb:set package 'car' build argument 'ament_cmake_args' from command line to 'None'
[0.265s] Level 5:colcon.colcon_core.verb:set package 'car' build argument 'catkin_cmake_args' from command line to 'None'
[0.265s] Level 5:colcon.colcon_core.verb:set package 'car' build argument 'catkin_skip_building_tests' from command line to 'False'
[0.265s] DEBUG:colcon.colcon_core.verb:Building package 'car' with the following arguments: {'ament_cmake_args': None, 'build_base': '/home/rhobtor/PHD/ARGOSJ8_IA/ARGOSJ8_IA_/build/car', 'catkin_cmake_args': None, 'catkin_skip_building_tests': False, 'cmake_args': None, 'cmake_clean_cache': False, 'cmake_clean_first': False, 'cmake_force_configure': False, 'cmake_target': None, 'cmake_target_skip_unavailable': False, 'install_base': '/home/rhobtor/PHD/ARGOSJ8_IA/ARGOSJ8_IA_/install/car', 'merge_install': False, 'path': '/home/rhobtor/PHD/ARGOSJ8_IA/ARGOSJ8_IA_/src/car_python', 'symlink_install': False, 'test_result_base': None}
[0.265s] Level 5:colcon.colcon_core.verb:set package 'car_cpp' build argument 'cmake_args' from command line to 'None'
[0.265s] Level 5:colcon.colcon_core.verb:set package 'car_cpp' build argument 'cmake_target' from command line to 'None'
[0.265s] Level 5:colcon.colcon_core.verb:set package 'car_cpp' build argument 'cmake_target_skip_unavailable' from command line to 'False'
[0.265s] Level 5:colcon.colcon_core.verb:set package 'car_cpp' build argument 'cmake_clean_cache' from command line to 'False'
[0.265s] Level 5:colcon.colcon_core.verb:set package 'car_cpp' build argument 'cmake_clean_first' from command line to 'False'
[0.265s] Level 5:colcon.colcon_core.verb:set package 'car_cpp' build argument 'cmake_force_configure' from command line to 'False'
[0.265s] Level 5:colcon.colcon_core.verb:set package 'car_cpp' build argument 'ament_cmake_args' from command line to 'None'
[0.265s] Level 5:colcon.colcon_core.verb:set package 'car_cpp' build argument 'catkin_cmake_args' from command line to 'None'
[0.265s] Level 5:colcon.colcon_core.verb:set package 'car_cpp' build argument 'catkin_skip_building_tests' from command line to 'False'
[0.265s] DEBUG:colcon.colcon_core.verb:Building package 'car_cpp' with the following arguments: {'ament_cmake_args': None, 'build_base': '/home/rhobtor/PHD/ARGOSJ8_IA/ARGOSJ8_IA_/build/car_cpp', 'catkin_cmake_args': None, 'catkin_skip_building_tests': False, 'cmake_args': None, 'cmake_clean_cache': False, 'cmake_clean_first': False, 'cmake_force_configure': False, 'cmake_target': None, 'cmake_target_skip_unavailable': False, 'install_base': '/home/rhobtor/PHD/ARGOSJ8_IA/ARGOSJ8_IA_/install/car_cpp', 'merge_install': False, 'path': '/home/rhobtor/PHD/ARGOSJ8_IA/ARGOSJ8_IA_/src/car_cpp', 'symlink_install': False, 'test_result_base': None}
[0.266s] Level 5:colcon.colcon_core.verb:set package 'fixposition_driver_lib' build argument 'cmake_args' from command line to 'None'
[0.266s] Level 5:colcon.colcon_core.verb:set package 'fixposition_driver_lib' build argument 'cmake_target' from command line to 'None'
[0.266s] Level 5:colcon.colcon_core.verb:set package 'fixposition_driver_lib' build argument 'cmake_target_skip_unavailable' from command line to 'False'
[0.266s] Level 5:colcon.colcon_core.verb:set package 'fixposition_driver_lib' build argument 'cmake_clean_cache' from command line to 'False'
[0.266s] Level 5:colcon.colcon_core.verb:set package 'fixposition_driver_lib' build argument 'cmake_clean_first' from command line to 'False'
[0.266s] Level 5:colcon.colcon_core.verb:set package 'fixposition_driver_lib' build argument 'cmake_force_configure' from command line to 'False'
[0.266s] Level 5:colcon.colcon_core.verb:set package 'fixposition_driver_lib' build argument 'ament_cmake_args' from command line to 'None'
[0.266s] Level 5:colcon.colcon_core.verb:set package 'fixposition_driver_lib' build argument 'catkin_cmake_args' from command line to 'None'
[0.266s] Level 5:colcon.colcon_core.verb:set package 'fixposition_driver_lib' build argument 'catkin_skip_building_tests' from command line to 'False'
[0.266s] DEBUG:colcon.colcon_core.verb:Building package 'fixposition_driver_lib' with the following arguments: {'ament_cmake_args': None, 'build_base': '/home/rhobtor/PHD/ARGOSJ8_IA/ARGOSJ8_IA_/build/fixposition_driver_lib', 'catkin_cmake_args': None, 'catkin_skip_building_tests': False, 'cmake_args': None, 'cmake_clean_cache': False, 'cmake_clean_first': False, 'cmake_force_configure': False, 'cmake_target': None, 'cmake_target_skip_unavailable': False, 'install_base': '/home/rhobtor/PHD/ARGOSJ8_IA/ARGOSJ8_IA_/install/fixposition_driver_lib', 'merge_install': False, 'path': '/home/rhobtor/PHD/ARGOSJ8_IA/ARGOSJ8_IA_/src/argo_drivers_pkgs/Fixposition_driver_pkg/fixposition_driver-main/fixposition_driver_lib', 'symlink_install': False, 'test_result_base': None}
[0.266s] Level 5:colcon.colcon_core.verb:set package 'joy' build argument 'cmake_args' from command line to 'None'
[0.266s] Level 5:colcon.colcon_core.verb:set package 'joy' build argument 'cmake_target' from command line to 'None'
[0.266s] Level 5:colcon.colcon_core.verb:set package 'joy' build argument 'cmake_target_skip_unavailable' from command line to 'False'
[0.266s] Level 5:colcon.colcon_core.verb:set package 'joy' build argument 'cmake_clean_cache' from command line to 'False'
[0.266s] Level 5:colcon.colcon_core.verb:set package 'joy' build argument 'cmake_clean_first' from command line to 'False'
[0.266s] Level 5:colcon.colcon_core.verb:set package 'joy' build argument 'cmake_force_configure' from command line to 'False'
[0.266s] Level 5:colcon.colcon_core.verb:set package 'joy' build argument 'ament_cmake_args' from command line to 'None'
[0.266s] Level 5:colcon.colcon_core.verb:set package 'joy' build argument 'catkin_cmake_args' from command line to 'None'
[0.266s] Level 5:colcon.colcon_core.verb:set package 'joy' build argument 'catkin_skip_building_tests' from command line to 'False'
[0.266s] DEBUG:colcon.colcon_core.verb:Building package 'joy' with the following arguments: {'ament_cmake_args': None, 'build_base': '/home/rhobtor/PHD/ARGOSJ8_IA/ARGOSJ8_IA_/build/joy', 'catkin_cmake_args': None, 'catkin_skip_building_tests': False, 'cmake_args': None, 'cmake_clean_cache': False, 'cmake_clean_first': False, 'cmake_force_configure': False, 'cmake_target': None, 'cmake_target_skip_unavailable': False, 'install_base': '/home/rhobtor/PHD/ARGOSJ8_IA/ARGOSJ8_IA_/install/joy', 'merge_install': False, 'path': '/home/rhobtor/PHD/ARGOSJ8_IA/ARGOSJ8_IA_/src/j8_joystick/joy', 'symlink_install': False, 'test_result_base': None}
[0.266s] Level 5:colcon.colcon_core.verb:set package 'laser_segmentation' build argument 'cmake_args' from command line to 'None'
[0.266s] Level 5:colcon.colcon_core.verb:set package 'laser_segmentation' build argument 'cmake_target' from command line to 'None'
[0.266s] Level 5:colcon.colcon_core.verb:set package 'laser_segmentation' build argument 'cmake_target_skip_unavailable' from command line to 'False'
[0.266s] Level 5:colcon.colcon_core.verb:set package 'laser_segmentation' build argument 'cmake_clean_cache' from command line to 'False'
[0.266s] Level 5:colcon.colcon_core.verb:set package 'laser_segmentation' build argument 'cmake_clean_first' from command line to 'False'
[0.266s] Level 5:colcon.colcon_core.verb:set package 'laser_segmentation' build argument 'cmake_force_configure' from command line to 'False'
[0.266s] Level 5:colcon.colcon_core.verb:set package 'laser_segmentation' build argument 'ament_cmake_args' from command line to 'None'
[0.266s] Level 5:colcon.colcon_core.verb:set package 'laser_segmentation' build argument 'catkin_cmake_args' from command line to 'None'
[0.266s] Level 5:colcon.colcon_core.verb:set package 'laser_segmentation' build argument 'catkin_skip_building_tests' from command line to 'False'
[0.266s] DEBUG:colcon.colcon_core.verb:Building package 'laser_segmentation' with the following arguments: {'ament_cmake_args': None, 'build_base': '/home/rhobtor/PHD/ARGOSJ8_IA/ARGOSJ8_IA_/build/laser_segmentation', 'catkin_cmake_args': None, 'catkin_skip_building_tests': False, 'cmake_args': None, 'cmake_clean_cache': False, 'cmake_clean_first': False, 'cmake_force_configure': False, 'cmake_target': None, 'cmake_target_skip_unavailable': False, 'install_base': '/home/rhobtor/PHD/ARGOSJ8_IA/ARGOSJ8_IA_/install/laser_segmentation', 'merge_install': False, 'path': '/home/rhobtor/PHD/ARGOSJ8_IA/ARGOSJ8_IA_/src/lidar_process_pkgs/laser_segmentation', 'symlink_install': False, 'test_result_base': None}
[0.266s] Level 5:colcon.colcon_core.verb:set package 'path_manager' build argument 'cmake_args' from command line to 'None'
[0.266s] Level 5:colcon.colcon_core.verb:set package 'path_manager' build argument 'cmake_target' from command line to 'None'
[0.266s] Level 5:colcon.colcon_core.verb:set package 'path_manager' build argument 'cmake_target_skip_unavailable' from command line to 'False'
[0.266s] Level 5:colcon.colcon_core.verb:set package 'path_manager' build argument 'cmake_clean_cache' from command line to 'False'
[0.266s] Level 5:colcon.colcon_core.verb:set package 'path_manager' build argument 'cmake_clean_first' from command line to 'False'
[0.266s] Level 5:colcon.colcon_core.verb:set package 'path_manager' build argument 'cmake_force_configure' from command line to 'False'
[0.266s] Level 5:colcon.colcon_core.verb:set package 'path_manager' build argument 'ament_cmake_args' from command line to 'None'
[0.267s] Level 5:colcon.colcon_core.verb:set package 'path_manager' build argument 'catkin_cmake_args' from command line to 'None'
[0.267s] Level 5:colcon.colcon_core.verb:set package 'path_manager' build argument 'catkin_skip_building_tests' from command line to 'False'
[0.267s] DEBUG:colcon.colcon_core.verb:Building package 'path_manager' with the following arguments: {'ament_cmake_args': None, 'build_base': '/home/rhobtor/PHD/ARGOSJ8_IA/ARGOSJ8_IA_/build/path_manager', 'catkin_cmake_args': None, 'catkin_skip_building_tests': False, 'cmake_args': None, 'cmake_clean_cache': False, 'cmake_clean_first': False, 'cmake_force_configure': False, 'cmake_target': None, 'cmake_target_skip_unavailable': False, 'install_base': '/home/rhobtor/PHD/ARGOSJ8_IA/ARGOSJ8_IA_/install/path_manager', 'merge_install': False, 'path': '/home/rhobtor/PHD/ARGOSJ8_IA/ARGOSJ8_IA_/src/path_manager/path_manager', 'symlink_install': False, 'test_result_base': None}
[0.267s] Level 5:colcon.colcon_core.verb:set package 'ublox_msgs' build argument 'cmake_args' from command line to 'None'
[0.267s] Level 5:colcon.colcon_core.verb:set package 'ublox_msgs' build argument 'cmake_target' from command line to 'None'
[0.267s] Level 5:colcon.colcon_core.verb:set package 'ublox_msgs' build argument 'cmake_target_skip_unavailable' from command line to 'False'
[0.267s] Level 5:colcon.colcon_core.verb:set package 'ublox_msgs' build argument 'cmake_clean_cache' from command line to 'False'
[0.267s] Level 5:colcon.colcon_core.verb:set package 'ublox_msgs' build argument 'cmake_clean_first' from command line to 'False'
[0.267s] Level 5:colcon.colcon_core.verb:set package 'ublox_msgs' build argument 'cmake_force_configure' from command line to 'False'
[0.267s] Level 5:colcon.colcon_core.verb:set package 'ublox_msgs' build argument 'ament_cmake_args' from command line to 'None'
[0.267s] Level 5:colcon.colcon_core.verb:set package 'ublox_msgs' build argument 'catkin_cmake_args' from command line to 'None'
[0.267s] Level 5:colcon.colcon_core.verb:set package 'ublox_msgs' build argument 'catkin_skip_building_tests' from command line to 'False'
[0.267s] DEBUG:colcon.colcon_core.verb:Building package 'ublox_msgs' with the following arguments: {'ament_cmake_args': None, 'build_base': '/home/rhobtor/PHD/ARGOSJ8_IA/ARGOSJ8_IA_/build/ublox_msgs', 'catkin_cmake_args': None, 'catkin_skip_building_tests': False, 'cmake_args': None, 'cmake_clean_cache': False, 'cmake_clean_first': False, 'cmake_force_configure': False, 'cmake_target': None, 'cmake_target_skip_unavailable': False, 'install_base': '/home/rhobtor/PHD/ARGOSJ8_IA/ARGOSJ8_IA_/install/ublox_msgs', 'merge_install': False, 'path': '/home/rhobtor/PHD/ARGOSJ8_IA/ARGOSJ8_IA_/src/argo_drivers_pkgs/ublox/ublox_msgs', 'symlink_install': False, 'test_result_base': None}
[0.267s] Level 5:colcon.colcon_core.verb:set package 'ctl_mission' build argument 'cmake_args' from command line to 'None'
[0.267s] Level 5:colcon.colcon_core.verb:set package 'ctl_mission' build argument 'cmake_target' from command line to 'None'
[0.267s] Level 5:colcon.colcon_core.verb:set package 'ctl_mission' build argument 'cmake_target_skip_unavailable' from command line to 'False'
[0.267s] Level 5:colcon.colcon_core.verb:set package 'ctl_mission' build argument 'cmake_clean_cache' from command line to 'False'
[0.267s] Level 5:colcon.colcon_core.verb:set package 'ctl_mission' build argument 'cmake_clean_first' from command line to 'False'
[0.267s] Level 5:colcon.colcon_core.verb:set package 'ctl_mission' build argument 'cmake_force_configure' from command line to 'False'
[0.267s] Level 5:colcon.colcon_core.verb:set package 'ctl_mission' build argument 'ament_cmake_args' from command line to 'None'
[0.267s] Level 5:colcon.colcon_core.verb:set package 'ctl_mission' build argument 'catkin_cmake_args' from command line to 'None'
[0.267s] Level 5:colcon.colcon_core.verb:set package 'ctl_mission' build argument 'catkin_skip_building_tests' from command line to 'False'
[0.267s] DEBUG:colcon.colcon_core.verb:Building package 'ctl_mission' with the following arguments: {'ament_cmake_args': None, 'build_base': '/home/rhobtor/PHD/ARGOSJ8_IA/ARGOSJ8_IA_/build/ctl_mission', 'catkin_cmake_args': None, 'catkin_skip_building_tests': False, 'cmake_args': None, 'cmake_clean_cache': False, 'cmake_clean_first': False, 'cmake_force_configure': False, 'cmake_target': None, 'cmake_target_skip_unavailable': False, 'install_base': '/home/rhobtor/PHD/ARGOSJ8_IA/ARGOSJ8_IA_/install/ctl_mission', 'merge_install': False, 'path': '/home/rhobtor/PHD/ARGOSJ8_IA/ARGOSJ8_IA_/src/ctl_mission/ctl_mission', 'symlink_install': False, 'test_result_base': None}
[0.267s] Level 5:colcon.colcon_core.verb:set package 'fixposition_driver_ros2' build argument 'cmake_args' from command line to 'None'
[0.267s] Level 5:colcon.colcon_core.verb:set package 'fixposition_driver_ros2' build argument 'cmake_target' from command line to 'None'
[0.267s] Level 5:colcon.colcon_core.verb:set package 'fixposition_driver_ros2' build argument 'cmake_target_skip_unavailable' from command line to 'False'
[0.267s] Level 5:colcon.colcon_core.verb:set package 'fixposition_driver_ros2' build argument 'cmake_clean_cache' from command line to 'False'
[0.267s] Level 5:colcon.colcon_core.verb:set package 'fixposition_driver_ros2' build argument 'cmake_clean_first' from command line to 'False'
[0.267s] Level 5:colcon.colcon_core.verb:set package 'fixposition_driver_ros2' build argument 'cmake_force_configure' from command line to 'False'
[0.267s] Level 5:colcon.colcon_core.verb:set package 'fixposition_driver_ros2' build argument 'ament_cmake_args' from command line to 'None'
[0.267s] Level 5:colcon.colcon_core.verb:set package 'fixposition_driver_ros2' build argument 'catkin_cmake_args' from command line to 'None'
[0.267s] Level 5:colcon.colcon_core.verb:set package 'fixposition_driver_ros2' build argument 'catkin_skip_building_tests' from command line to 'False'
[0.267s] DEBUG:colcon.colcon_core.verb:Building package 'fixposition_driver_ros2' with the following arguments: {'ament_cmake_args': None, 'build_base': '/home/rhobtor/PHD/ARGOSJ8_IA/ARGOSJ8_IA_/build/fixposition_driver_ros2', 'catkin_cmake_args': None, 'catkin_skip_building_tests': False, 'cmake_args': None, 'cmake_clean_cache': False, 'cmake_clean_first': False, 'cmake_force_configure': False, 'cmake_target': None, 'cmake_target_skip_unavailable': False, 'install_base': '/home/rhobtor/PHD/ARGOSJ8_IA/ARGOSJ8_IA_/install/fixposition_driver_ros2', 'merge_install': False, 'path': '/home/rhobtor/PHD/ARGOSJ8_IA/ARGOSJ8_IA_/src/argo_drivers_pkgs/Fixposition_driver_pkg/fixposition_driver-main/fixposition_driver_ros2', 'symlink_install': False, 'test_result_base': None}
[0.267s] Level 5:colcon.colcon_core.verb:set package 'j8_xacro_model' build argument 'cmake_args' from command line to 'None'
[0.267s] Level 5:colcon.colcon_core.verb:set package 'j8_xacro_model' build argument 'cmake_target' from command line to 'None'
[0.267s] Level 5:colcon.colcon_core.verb:set package 'j8_xacro_model' build argument 'cmake_target_skip_unavailable' from command line to 'False'
[0.268s] Level 5:colcon.colcon_core.verb:set package 'j8_xacro_model' build argument 'cmake_clean_cache' from command line to 'False'
[0.268s] Level 5:colcon.colcon_core.verb:set package 'j8_xacro_model' build argument 'cmake_clean_first' from command line to 'False'
[0.268s] Level 5:colcon.colcon_core.verb:set package 'j8_xacro_model' build argument 'cmake_force_configure' from command line to 'False'
[0.268s] Level 5:colcon.colcon_core.verb:set package 'j8_xacro_model' build argument 'ament_cmake_args' from command line to 'None'
[0.268s] Level 5:colcon.colcon_core.verb:set package 'j8_xacro_model' build argument 'catkin_cmake_args' from command line to 'None'
[0.268s] Level 5:colcon.colcon_core.verb:set package 'j8_xacro_model' build argument 'catkin_skip_building_tests' from command line to 'False'
[0.268s] DEBUG:colcon.colcon_core.verb:Building package 'j8_xacro_model' with the following arguments: {'ament_cmake_args': None, 'build_base': '/home/rhobtor/PHD/ARGOSJ8_IA/ARGOSJ8_IA_/build/j8_xacro_model', 'catkin_cmake_args': None, 'catkin_skip_building_tests': False, 'cmake_args': None, 'cmake_clean_cache': False, 'cmake_clean_first': False, 'cmake_force_configure': False, 'cmake_target': None, 'cmake_target_skip_unavailable': False, 'install_base': '/home/rhobtor/PHD/ARGOSJ8_IA/ARGOSJ8_IA_/install/j8_xacro_model', 'merge_install': False, 'path': '/home/rhobtor/PHD/ARGOSJ8_IA/ARGOSJ8_IA_/src/gazebo_sim_pkgs/j8_xacro_model', 'symlink_install': False, 'test_result_base': None}
[0.268s] Level 5:colcon.colcon_core.verb:set package 'ublox_gps' build argument 'cmake_args' from command line to 'None'
[0.268s] Level 5:colcon.colcon_core.verb:set package 'ublox_gps' build argument 'cmake_target' from command line to 'None'
[0.268s] Level 5:colcon.colcon_core.verb:set package 'ublox_gps' build argument 'cmake_target_skip_unavailable' from command line to 'False'
[0.268s] Level 5:colcon.colcon_core.verb:set package 'ublox_gps' build argument 'cmake_clean_cache' from command line to 'False'
[0.268s] Level 5:colcon.colcon_core.verb:set package 'ublox_gps' build argument 'cmake_clean_first' from command line to 'False'
[0.268s] Level 5:colcon.colcon_core.verb:set package 'ublox_gps' build argument 'cmake_force_configure' from command line to 'False'
[0.268s] Level 5:colcon.colcon_core.verb:set package 'ublox_gps' build argument 'ament_cmake_args' from command line to 'None'
[0.268s] Level 5:colcon.colcon_core.verb:set package 'ublox_gps' build argument 'catkin_cmake_args' from command line to 'None'
[0.268s] Level 5:colcon.colcon_core.verb:set package 'ublox_gps' build argument 'catkin_skip_building_tests' from command line to 'False'
[0.268s] DEBUG:colcon.colcon_core.verb:Building package 'ublox_gps' with the following arguments: {'ament_cmake_args': None, 'build_base': '/home/rhobtor/PHD/ARGOSJ8_IA/ARGOSJ8_IA_/build/ublox_gps', 'catkin_cmake_args': None, 'catkin_skip_building_tests': False, 'cmake_args': None, 'cmake_clean_cache': False, 'cmake_clean_first': False, 'cmake_force_configure': False, 'cmake_target': None, 'cmake_target_skip_unavailable': False, 'install_base': '/home/rhobtor/PHD/ARGOSJ8_IA/ARGOSJ8_IA_/install/ublox_gps', 'merge_install': False, 'path': '/home/rhobtor/PHD/ARGOSJ8_IA/ARGOSJ8_IA_/src/argo_drivers_pkgs/ublox/ublox_gps', 'symlink_install': False, 'test_result_base': None}
[0.268s] Level 5:colcon.colcon_core.verb:set package 'fixposition_odometry_converter_ros2' build argument 'cmake_args' from command line to 'None'
[0.268s] Level 5:colcon.colcon_core.verb:set package 'fixposition_odometry_converter_ros2' build argument 'cmake_target' from command line to 'None'
[0.268s] Level 5:colcon.colcon_core.verb:set package 'fixposition_odometry_converter_ros2' build argument 'cmake_target_skip_unavailable' from command line to 'False'
[0.268s] Level 5:colcon.colcon_core.verb:set package 'fixposition_odometry_converter_ros2' build argument 'cmake_clean_cache' from command line to 'False'
[0.268s] Level 5:colcon.colcon_core.verb:set package 'fixposition_odometry_converter_ros2' build argument 'cmake_clean_first' from command line to 'False'
[0.268s] Level 5:colcon.colcon_core.verb:set package 'fixposition_odometry_converter_ros2' build argument 'cmake_force_configure' from command line to 'False'
[0.268s] Level 5:colcon.colcon_core.verb:set package 'fixposition_odometry_converter_ros2' build argument 'ament_cmake_args' from command line to 'None'
[0.268s] Level 5:colcon.colcon_core.verb:set package 'fixposition_odometry_converter_ros2' build argument 'catkin_cmake_args' from command line to 'None'
[0.268s] Level 5:colcon.colcon_core.verb:set package 'fixposition_odometry_converter_ros2' build argument 'catkin_skip_building_tests' from command line to 'False'
[0.268s] DEBUG:colcon.colcon_core.verb:Building package 'fixposition_odometry_converter_ros2' with the following arguments: {'ament_cmake_args': None, 'build_base': '/home/rhobtor/PHD/ARGOSJ8_IA/ARGOSJ8_IA_/build/fixposition_odometry_converter_ros2', 'catkin_cmake_args': None, 'catkin_skip_building_tests': False, 'cmake_args': None, 'cmake_clean_cache': False, 'cmake_clean_first': False, 'cmake_force_configure': False, 'cmake_target': None, 'cmake_target_skip_unavailable': False, 'install_base': '/home/rhobtor/PHD/ARGOSJ8_IA/ARGOSJ8_IA_/install/fixposition_odometry_converter_ros2', 'merge_install': False, 'path': '/home/rhobtor/PHD/ARGOSJ8_IA/ARGOSJ8_IA_/src/argo_drivers_pkgs/Fixposition_driver_pkg/fixposition_driver-main/fixposition_odometry_converter_ros2', 'symlink_install': False, 'test_result_base': None}
[0.268s] Level 5:colcon.colcon_core.verb:set package 'security_check' build argument 'cmake_args' from command line to 'None'
[0.268s] Level 5:colcon.colcon_core.verb:set package 'security_check' build argument 'cmake_target' from command line to 'None'
[0.268s] Level 5:colcon.colcon_core.verb:set package 'security_check' build argument 'cmake_target_skip_unavailable' from command line to 'False'
[0.268s] Level 5:colcon.colcon_core.verb:set package 'security_check' build argument 'cmake_clean_cache' from command line to 'False'
[0.268s] Level 5:colcon.colcon_core.verb:set package 'security_check' build argument 'cmake_clean_first' from command line to 'False'
[0.268s] Level 5:colcon.colcon_core.verb:set package 'security_check' build argument 'cmake_force_configure' from command line to 'False'
[0.268s] Level 5:colcon.colcon_core.verb:set package 'security_check' build argument 'ament_cmake_args' from command line to 'None'
[0.268s] Level 5:colcon.colcon_core.verb:set package 'security_check' build argument 'catkin_cmake_args' from command line to 'None'
[0.268s] Level 5:colcon.colcon_core.verb:set package 'security_check' build argument 'catkin_skip_building_tests' from command line to 'False'
[0.268s] DEBUG:colcon.colcon_core.verb:Building package 'security_check' with the following arguments: {'ament_cmake_args': None, 'build_base': '/home/rhobtor/PHD/ARGOSJ8_IA/ARGOSJ8_IA_/build/security_check', 'catkin_cmake_args': None, 'catkin_skip_building_tests': False, 'cmake_args': None, 'cmake_clean_cache': False, 'cmake_clean_first': False, 'cmake_force_configure': False, 'cmake_target': None, 'cmake_target_skip_unavailable': False, 'install_base': '/home/rhobtor/PHD/ARGOSJ8_IA/ARGOSJ8_IA_/install/security_check', 'merge_install': False, 'path': '/home/rhobtor/PHD/ARGOSJ8_IA/ARGOSJ8_IA_/src/security_check/security_check', 'symlink_install': False, 'test_result_base': None}
[0.269s] Level 5:colcon.colcon_core.verb:set package 'ublox' build argument 'cmake_args' from command line to 'None'
[0.269s] Level 5:colcon.colcon_core.verb:set package 'ublox' build argument 'cmake_target' from command line to 'None'
[0.269s] Level 5:colcon.colcon_core.verb:set package 'ublox' build argument 'cmake_target_skip_unavailable' from command line to 'False'
[0.269s] Level 5:colcon.colcon_core.verb:set package 'ublox' build argument 'cmake_clean_cache' from command line to 'False'
[0.269s] Level 5:colcon.colcon_core.verb:set package 'ublox' build argument 'cmake_clean_first' from command line to 'False'
[0.269s] Level 5:colcon.colcon_core.verb:set package 'ublox' build argument 'cmake_force_configure' from command line to 'False'
[0.269s] Level 5:colcon.colcon_core.verb:set package 'ublox' build argument 'ament_cmake_args' from command line to 'None'
[0.269s] Level 5:colcon.colcon_core.verb:set package 'ublox' build argument 'catkin_cmake_args' from command line to 'None'
[0.269s] Level 5:colcon.colcon_core.verb:set package 'ublox' build argument 'catkin_skip_building_tests' from command line to 'False'
[0.269s] DEBUG:colcon.colcon_core.verb:Building package 'ublox' with the following arguments: {'ament_cmake_args': None, 'build_base': '/home/rhobtor/PHD/ARGOSJ8_IA/ARGOSJ8_IA_/build/ublox', 'catkin_cmake_args': None, 'catkin_skip_building_tests': False, 'cmake_args': None, 'cmake_clean_cache': False, 'cmake_clean_first': False, 'cmake_force_configure': False, 'cmake_target': None, 'cmake_target_skip_unavailable': False, 'install_base': '/home/rhobtor/PHD/ARGOSJ8_IA/ARGOSJ8_IA_/install/ublox', 'merge_install': False, 'path': '/home/rhobtor/PHD/ARGOSJ8_IA/ARGOSJ8_IA_/src/argo_drivers_pkgs/ublox/ublox', 'symlink_install': False, 'test_result_base': None}
[0.269s] INFO:colcon.colcon_core.executor:Executing jobs using 'parallel' executor
[0.269s] DEBUG:colcon.colcon_parallel_executor.executor.parallel:run_until_complete
[0.270s] INFO:colcon.colcon_ros.task.ament_cmake.build:Building ROS package in '/home/rhobtor/PHD/ARGOSJ8_IA/ARGOSJ8_IA_/src/argo_drivers_pkgs/ublox/ublox_serialization' with build type 'ament_cmake'
[0.270s] INFO:colcon.colcon_cmake.task.cmake.build:Building CMake package in '/home/rhobtor/PHD/ARGOSJ8_IA/ARGOSJ8_IA_/src/argo_drivers_pkgs/ublox/ublox_serialization'
[0.272s] INFO:colcon.colcon_core.plugin_system:Skipping extension 'colcon_core.shell.bat': Not used on non-Windows systems
[0.272s] INFO:colcon.colcon_core.shell:Skip shell extension 'powershell' for command environment: Not usable outside of PowerShell
[0.272s] DEBUG:colcon.colcon_core.shell:Skip shell extension 'dsv' for command environment
[0.275s] INFO:colcon.colcon_ros.task.ament_cmake.build:Building ROS package in '/home/rhobtor/PHD/ARGOSJ8_IA/ARGOSJ8_IA_/src/argj801_ctl_platform/argj801_ctl_platform_interfaces' with build type 'ament_cmake'
[0.276s] INFO:colcon.colcon_cmake.task.cmake.build:Building CMake package in '/home/rhobtor/PHD/ARGOSJ8_IA/ARGOSJ8_IA_/src/argj801_ctl_platform/argj801_ctl_platform_interfaces'
[0.276s] INFO:colcon.colcon_core.shell:Skip shell extension 'powershell' for command environment: Not usable outside of PowerShell
[0.276s] DEBUG:colcon.colcon_core.shell:Skip shell extension 'dsv' for command environment
[0.279s] INFO:colcon.colcon_ros.task.cmake.build:Building ROS package in '/home/rhobtor/PHD/ARGOSJ8_IA/ARGOSJ8_IA_/src/argo_drivers_pkgs/Fixposition_driver_pkg/fixposition_gnss_tf-main' with build type 'cmake'
[0.279s] INFO:colcon.colcon_cmake.task.cmake.build:Building CMake package in '/home/rhobtor/PHD/ARGOSJ8_IA/ARGOSJ8_IA_/src/argo_drivers_pkgs/Fixposition_driver_pkg/fixposition_gnss_tf-main'
[0.279s] INFO:colcon.colcon_core.shell:Skip shell extension 'powershell' for command environment: Not usable outside of PowerShell
[0.279s] DEBUG:colcon.colcon_core.shell:Skip shell extension 'dsv' for command environment
[0.282s] INFO:colcon.colcon_ros.task.ament_cmake.build:Building ROS package in '/home/rhobtor/PHD/ARGOSJ8_IA/ARGOSJ8_IA_/src/path_manager/path_manager_interfaces' with build type 'ament_cmake'
[0.282s] INFO:colcon.colcon_cmake.task.cmake.build:Building CMake package in '/home/rhobtor/PHD/ARGOSJ8_IA/ARGOSJ8_IA_/src/path_manager/path_manager_interfaces'
[0.282s] INFO:colcon.colcon_core.shell:Skip shell extension 'powershell' for command environment: Not usable outside of PowerShell
[0.282s] DEBUG:colcon.colcon_core.shell:Skip shell extension 'dsv' for command environment
[0.285s] INFO:colcon.colcon_ros.task.ament_cmake.build:Building ROS package in '/home/rhobtor/PHD/ARGOSJ8_IA/ARGOSJ8_IA_/src/car_interfaces' with build type 'ament_cmake'
[0.285s] INFO:colcon.colcon_cmake.task.cmake.build:Building CMake package in '/home/rhobtor/PHD/ARGOSJ8_IA/ARGOSJ8_IA_/src/car_interfaces'
[0.285s] INFO:colcon.colcon_core.shell:Skip shell extension 'powershell' for command environment: Not usable outside of PowerShell
[0.285s] DEBUG:colcon.colcon_core.shell:Skip shell extension 'dsv' for command environment
[0.288s] INFO:colcon.colcon_ros.task.ament_cmake.build:Building ROS package in '/home/rhobtor/PHD/ARGOSJ8_IA/ARGOSJ8_IA_/src/ctl_mission/ctl_mission_interfaces' with build type 'ament_cmake'
[0.288s] INFO:colcon.colcon_cmake.task.cmake.build:Building CMake package in '/home/rhobtor/PHD/ARGOSJ8_IA/ARGOSJ8_IA_/src/ctl_mission/ctl_mission_interfaces'
[0.288s] INFO:colcon.colcon_core.shell:Skip shell extension 'powershell' for command environment: Not usable outside of PowerShell
[0.288s] DEBUG:colcon.colcon_core.shell:Skip shell extension 'dsv' for command environment
[0.291s] INFO:colcon.colcon_ros.task.ament_cmake.build:Building ROS package in '/home/rhobtor/PHD/ARGOSJ8_IA/ARGOSJ8_IA_/src/argo_drivers_pkgs/argj801_sensors/argj801_sensors_msgs' with build type 'ament_cmake'
[0.291s] INFO:colcon.colcon_cmake.task.cmake.build:Building CMake package in '/home/rhobtor/PHD/ARGOSJ8_IA/ARGOSJ8_IA_/src/argo_drivers_pkgs/argj801_sensors/argj801_sensors_msgs'
[0.291s] INFO:colcon.colcon_core.shell:Skip shell extension 'powershell' for command environment: Not usable outside of PowerShell
[0.291s] DEBUG:colcon.colcon_core.shell:Skip shell extension 'dsv' for command environment
[0.294s] INFO:colcon.colcon_ros.task.ament_cmake.build:Building ROS package in '/home/rhobtor/PHD/ARGOSJ8_IA/ARGOSJ8_IA_/src/j8_joystick/sdl2_vendor' with build type 'ament_cmake'
[0.294s] INFO:colcon.colcon_cmake.task.cmake.build:Building CMake package in '/home/rhobtor/PHD/ARGOSJ8_IA/ARGOSJ8_IA_/src/j8_joystick/sdl2_vendor'
[0.294s] INFO:colcon.colcon_core.shell:Skip shell extension 'powershell' for command environment: Not usable outside of PowerShell
[0.294s] DEBUG:colcon.colcon_core.shell:Skip shell extension 'dsv' for command environment
[0.297s] INFO:colcon.colcon_ros.task.ament_cmake.build:Building ROS package in '/home/rhobtor/PHD/ARGOSJ8_IA/ARGOSJ8_IA_/src/security_check/security_check_interfaces' with build type 'ament_cmake'
[0.297s] INFO:colcon.colcon_cmake.task.cmake.build:Building CMake package in '/home/rhobtor/PHD/ARGOSJ8_IA/ARGOSJ8_IA_/src/security_check/security_check_interfaces'
[0.298s] INFO:colcon.colcon_core.shell:Skip shell extension 'powershell' for command environment: Not usable outside of PowerShell
[0.298s] DEBUG:colcon.colcon_core.shell:Skip shell extension 'dsv' for command environment
[0.301s] INFO:colcon.colcon_ros.task.ament_cmake.build:Building ROS package in '/home/rhobtor/PHD/ARGOSJ8_IA/ARGOSJ8_IA_/src/lidar_process_pkgs/slg_msgs' with build type 'ament_cmake'
[0.301s] INFO:colcon.colcon_cmake.task.cmake.build:Building CMake package in '/home/rhobtor/PHD/ARGOSJ8_IA/ARGOSJ8_IA_/src/lidar_process_pkgs/slg_msgs'
[0.301s] INFO:colcon.colcon_core.shell:Skip shell extension 'powershell' for command environment: Not usable outside of PowerShell
[0.301s] DEBUG:colcon.colcon_core.shell:Skip shell extension 'dsv' for command environment
[0.304s] INFO:colcon.colcon_ros.task.ament_python.build:Building ROS package in '/home/rhobtor/PHD/ARGOSJ8_IA/ARGOSJ8_IA_/src/GUI_pkg' with build type 'ament_python'
[0.304s] Level 1:colcon.colcon_core.shell:create_environment_hook('GUI_pkg', 'ament_prefix_path')
[0.305s] INFO:colcon.colcon_core.shell:Creating environment hook '/home/rhobtor/PHD/ARGOSJ8_IA/ARGOSJ8_IA_/install/GUI_pkg/share/GUI_pkg/hook/ament_prefix_path.ps1'
[0.305s] INFO:colcon.colcon_core.shell:Creating environment descriptor '/home/rhobtor/PHD/ARGOSJ8_IA/ARGOSJ8_IA_/install/GUI_pkg/share/GUI_pkg/hook/ament_prefix_path.dsv'
[0.305s] INFO:colcon.colcon_core.shell:Creating environment hook '/home/rhobtor/PHD/ARGOSJ8_IA/ARGOSJ8_IA_/install/GUI_pkg/share/GUI_pkg/hook/ament_prefix_path.sh'
[0.306s] INFO:colcon.colcon_core.shell:Skip shell extension 'powershell' for command environment: Not usable outside of PowerShell
[0.306s] DEBUG:colcon.colcon_core.shell:Skip shell extension 'dsv' for command environment
[0.309s] INFO:colcon.colcon_ros.task.ament_python.build:Building ROS package in '/home/rhobtor/PHD/ARGOSJ8_IA/ARGOSJ8_IA_/src/android_ros2_server' with build type 'ament_python'
[0.309s] Level 1:colcon.colcon_core.shell:create_environment_hook('android_ros2_server', 'ament_prefix_path')
[0.309s] INFO:colcon.colcon_core.shell:Creating environment hook '/home/rhobtor/PHD/ARGOSJ8_IA/ARGOSJ8_IA_/install/android_ros2_server/share/android_ros2_server/hook/ament_prefix_path.ps1'
[0.313s] INFO:colcon.colcon_core.shell:Creating environment descriptor '/home/rhobtor/PHD/ARGOSJ8_IA/ARGOSJ8_IA_/install/android_ros2_server/share/android_ros2_server/hook/ament_prefix_path.dsv'
[0.313s] INFO:colcon.colcon_core.shell:Creating environment hook '/home/rhobtor/PHD/ARGOSJ8_IA/ARGOSJ8_IA_/install/android_ros2_server/share/android_ros2_server/hook/ament_prefix_path.sh'
[0.313s] INFO:colcon.colcon_core.shell:Skip shell extension 'powershell' for command environment: Not usable outside of PowerShell
[0.314s] DEBUG:colcon.colcon_core.shell:Skip shell extension 'dsv' for command environment
[0.317s] INFO:colcon.colcon_ros.task.ament_cmake.build:Building ROS package in '/home/rhobtor/PHD/ARGOSJ8_IA/ARGOSJ8_IA_/src/argj801_setup' with build type 'ament_cmake'
[0.317s] INFO:colcon.colcon_cmake.task.cmake.build:Building CMake package in '/home/rhobtor/PHD/ARGOSJ8_IA/ARGOSJ8_IA_/src/argj801_setup'
[0.317s] INFO:colcon.colcon_core.shell:Skip shell extension 'powershell' for command environment: Not usable outside of PowerShell
[0.317s] DEBUG:colcon.colcon_core.shell:Skip shell extension 'dsv' for command environment
[0.320s] INFO:colcon.colcon_ros.task.ament_cmake.build:Building ROS package in '/home/rhobtor/PHD/ARGOSJ8_IA/ARGOSJ8_IA_/src/gazebo_sim_pkgs/fix_position_pkg' with build type 'ament_cmake'
[0.320s] INFO:colcon.colcon_cmake.task.cmake.build:Building CMake package in '/home/rhobtor/PHD/ARGOSJ8_IA/ARGOSJ8_IA_/src/gazebo_sim_pkgs/fix_position_pkg'
[0.320s] INFO:colcon.colcon_core.shell:Skip shell extension 'powershell' for command environment: Not usable outside of PowerShell
[0.320s] DEBUG:colcon.colcon_core.shell:Skip shell extension 'dsv' for command environment
[0.324s] INFO:colcon.colcon_ros.task.ament_cmake.build:Building ROS package in '/home/rhobtor/PHD/ARGOSJ8_IA/ARGOSJ8_IA_/src/hector_gazebo' with build type 'ament_cmake'
[0.324s] INFO:colcon.colcon_cmake.task.cmake.build:Building CMake package in '/home/rhobtor/PHD/ARGOSJ8_IA/ARGOSJ8_IA_/src/hector_gazebo'
[0.324s] INFO:colcon.colcon_core.shell:Skip shell extension 'powershell' for command environment: Not usable outside of PowerShell
[0.324s] DEBUG:colcon.colcon_core.shell:Skip shell extension 'dsv' for command environment
[0.328s] INFO:colcon.colcon_ros.task.ament_python.build:Building ROS package in '/home/rhobtor/PHD/ARGOSJ8_IA/ARGOSJ8_IA_/src/test_gui_j8/src/j8_gui' with build type 'ament_python'
[0.328s] Level 1:colcon.colcon_core.shell:create_environment_hook('j8_gui', 'ament_prefix_path')
[0.328s] INFO:colcon.colcon_core.shell:Creating environment hook '/home/rhobtor/PHD/ARGOSJ8_IA/ARGOSJ8_IA_/install/j8_gui/share/j8_gui/hook/ament_prefix_path.ps1'
[0.329s] INFO:colcon.colcon_core.shell:Creating environment descriptor '/home/rhobtor/PHD/ARGOSJ8_IA/ARGOSJ8_IA_/install/j8_gui/share/j8_gui/hook/ament_prefix_path.dsv'
[0.329s] INFO:colcon.colcon_core.shell:Creating environment hook '/home/rhobtor/PHD/ARGOSJ8_IA/ARGOSJ8_IA_/install/j8_gui/share/j8_gui/hook/ament_prefix_path.sh'
[0.329s] INFO:colcon.colcon_core.shell:Skip shell extension 'powershell' for command environment: Not usable outside of PowerShell
[0.329s] DEBUG:colcon.colcon_core.shell:Skip shell extension 'dsv' for command environment
[0.333s] INFO:colcon.colcon_ros.task.ament_cmake.build:Building ROS package in '/home/rhobtor/PHD/ARGOSJ8_IA/ARGOSJ8_IA_/src/j8_joystick/joy_linux' with build type 'ament_cmake'
[0.333s] INFO:colcon.colcon_cmake.task.cmake.build:Building CMake package in '/home/rhobtor/PHD/ARGOSJ8_IA/ARGOSJ8_IA_/src/j8_joystick/joy_linux'
[0.333s] INFO:colcon.colcon_core.shell:Skip shell extension 'powershell' for command environment: Not usable outside of PowerShell
[0.333s] DEBUG:colcon.colcon_core.shell:Skip shell extension 'dsv' for command environment
[0.336s] INFO:colcon.colcon_ros.task.ament_python.build:Building ROS package in '/home/rhobtor/PHD/ARGOSJ8_IA/ARGOSJ8_IA_/src/argo_drivers_pkgs/ntrip_client' with build type 'ament_python'
[0.337s] Level 1:colcon.colcon_core.shell:create_environment_hook('ntrip_client', 'ament_prefix_path')
[0.337s] INFO:colcon.colcon_core.shell:Creating environment hook '/home/rhobtor/PHD/ARGOSJ8_IA/ARGOSJ8_IA_/install/ntrip_client/share/ntrip_client/hook/ament_prefix_path.ps1'
[0.337s] INFO:colcon.colcon_core.shell:Creating environment descriptor '/home/rhobtor/PHD/ARGOSJ8_IA/ARGOSJ8_IA_/install/ntrip_client/share/ntrip_client/hook/ament_prefix_path.dsv'
[0.337s] INFO:colcon.colcon_core.shell:Creating environment hook '/home/rhobtor/PHD/ARGOSJ8_IA/ARGOSJ8_IA_/install/ntrip_client/share/ntrip_client/hook/ament_prefix_path.sh'
[0.337s] INFO:colcon.colcon_core.shell:Skip shell extension 'powershell' for command environment: Not usable outside of PowerShell
[0.338s] DEBUG:colcon.colcon_core.shell:Skip shell extension 'dsv' for command environment
[0.340s] INFO:colcon.colcon_ros.task.ament_cmake.build:Building ROS package in '/home/rhobtor/PHD/ARGOSJ8_IA/ARGOSJ8_IA_/src/j8_joystick/spacenav' with build type 'ament_cmake'
[0.340s] INFO:colcon.colcon_cmake.task.cmake.build:Building CMake package in '/home/rhobtor/PHD/ARGOSJ8_IA/ARGOSJ8_IA_/src/j8_joystick/spacenav'
[0.341s] INFO:colcon.colcon_core.shell:Skip shell extension 'powershell' for command environment: Not usable outside of PowerShell
[0.341s] DEBUG:colcon.colcon_core.shell:Skip shell extension 'dsv' for command environment
[0.344s] INFO:colcon.colcon_ros.task.ament_cmake.build:Building ROS package in '/home/rhobtor/PHD/ARGOSJ8_IA/ARGOSJ8_IA_/src/j8_joystick/wiimote_msgs' with build type 'ament_cmake'
[0.344s] INFO:colcon.colcon_cmake.task.cmake.build:Building CMake package in '/home/rhobtor/PHD/ARGOSJ8_IA/ARGOSJ8_IA_/src/j8_joystick/wiimote_msgs'
[0.344s] INFO:colcon.colcon_core.shell:Skip shell extension 'powershell' for command environment: Not usable outside of PowerShell
[0.344s] DEBUG:colcon.colcon_core.shell:Skip shell extension 'dsv' for command environment
[0.360s] DEBUG:colcon.colcon_core.event_handler.log_command:Invoking command in '/home/rhobtor/PHD/ARGOSJ8_IA/ARGOSJ8_IA_/build/ublox_serialization': CMAKE_PREFIX_PATH=${CMAKE_PREFIX_PATH}:/home/rhobtor/PHD/ARGOSJ8_IA/ARGOSJ8_IA_/install/ntrip_client:/home/rhobtor/PHD/ARGOSJ8_IA/ARGOSJ8_IA_/install/j8_gui:/home/rhobtor/PHD/ARGOSJ8_IA/ARGOSJ8_IA_/install/car:/home/rhobtor/PHD/ARGOSJ8_IA/ARGOSJ8_IA_/install/android_ros2_server:/home/rhobtor/PHD/ARGOSJ8_IA/ARGOSJ8_IA_/install/GUI_pkg:/home/rhobtor/reactive/Reactive-Navegation/workspace_full_conected/install/car:/opt/ros/humble /usr/bin/cmake --build /home/rhobtor/PHD/ARGOSJ8_IA/ARGOSJ8_IA_/build/ublox_serialization -- -j20 -l20
[0.363s] DEBUG:colcon.colcon_core.event_handler.log_command:Invoking command in '/home/rhobtor/PHD/ARGOSJ8_IA/ARGOSJ8_IA_/build/argj801_ctl_platform_interfaces': CMAKE_PREFIX_PATH=${CMAKE_PREFIX_PATH}:/home/rhobtor/PHD/ARGOSJ8_IA/ARGOSJ8_IA_/install/ntrip_client:/home/rhobtor/PHD/ARGOSJ8_IA/ARGOSJ8_IA_/install/j8_gui:/home/rhobtor/PHD/ARGOSJ8_IA/ARGOSJ8_IA_/install/car:/home/rhobtor/PHD/ARGOSJ8_IA/ARGOSJ8_IA_/install/android_ros2_server:/home/rhobtor/PHD/ARGOSJ8_IA/ARGOSJ8_IA_/install/GUI_pkg:/home/rhobtor/reactive/Reactive-Navegation/workspace_full_conected/install/car:/opt/ros/humble /usr/bin/cmake --build /home/rhobtor/PHD/ARGOSJ8_IA/ARGOSJ8_IA_/build/argj801_ctl_platform_interfaces -- -j20 -l20
[0.364s] DEBUG:colcon.colcon_core.event_handler.log_command:Invoking command in '/home/rhobtor/PHD/ARGOSJ8_IA/ARGOSJ8_IA_/build/fixposition_gnss_tf': CMAKE_PREFIX_PATH=${CMAKE_PREFIX_PATH}:/home/rhobtor/PHD/ARGOSJ8_IA/ARGOSJ8_IA_/install/ntrip_client:/home/rhobtor/PHD/ARGOSJ8_IA/ARGOSJ8_IA_/install/j8_gui:/home/rhobtor/PHD/ARGOSJ8_IA/ARGOSJ8_IA_/install/car:/home/rhobtor/PHD/ARGOSJ8_IA/ARGOSJ8_IA_/install/android_ros2_server:/home/rhobtor/PHD/ARGOSJ8_IA/ARGOSJ8_IA_/install/GUI_pkg:/home/rhobtor/reactive/Reactive-Navegation/workspace_full_conected/install/car:/opt/ros/humble /usr/bin/cmake --build /home/rhobtor/PHD/ARGOSJ8_IA/ARGOSJ8_IA_/build/fixposition_gnss_tf -- -j20 -l20
[0.374s] DEBUG:colcon.colcon_core.event_handler.log_command:Invoking command in '/home/rhobtor/PHD/ARGOSJ8_IA/ARGOSJ8_IA_/build/path_manager_interfaces': CMAKE_PREFIX_PATH=${CMAKE_PREFIX_PATH}:/home/rhobtor/PHD/ARGOSJ8_IA/ARGOSJ8_IA_/install/ntrip_client:/home/rhobtor/PHD/ARGOSJ8_IA/ARGOSJ8_IA_/install/j8_gui:/home/rhobtor/PHD/ARGOSJ8_IA/ARGOSJ8_IA_/install/car:/home/rhobtor/PHD/ARGOSJ8_IA/ARGOSJ8_IA_/install/android_ros2_server:/home/rhobtor/PHD/ARGOSJ8_IA/ARGOSJ8_IA_/install/GUI_pkg:/home/rhobtor/reactive/Reactive-Navegation/workspace_full_conected/install/car:/opt/ros/humble /usr/bin/cmake --build /home/rhobtor/PHD/ARGOSJ8_IA/ARGOSJ8_IA_/build/path_manager_interfaces -- -j20 -l20
[0.376s] DEBUG:colcon.colcon_core.event_handler.log_command:Invoking command in '/home/rhobtor/PHD/ARGOSJ8_IA/ARGOSJ8_IA_/build/car_interfaces': CMAKE_PREFIX_PATH=${CMAKE_PREFIX_PATH}:/home/rhobtor/PHD/ARGOSJ8_IA/ARGOSJ8_IA_/install/ntrip_client:/home/rhobtor/PHD/ARGOSJ8_IA/ARGOSJ8_IA_/install/j8_gui:/home/rhobtor/PHD/ARGOSJ8_IA/ARGOSJ8_IA_/install/car:/home/rhobtor/PHD/ARGOSJ8_IA/ARGOSJ8_IA_/install/android_ros2_server:/home/rhobtor/PHD/ARGOSJ8_IA/ARGOSJ8_IA_/install/GUI_pkg:/home/rhobtor/reactive/Reactive-Navegation/workspace_full_conected/install/car:/opt/ros/humble /usr/bin/cmake --build /home/rhobtor/PHD/ARGOSJ8_IA/ARGOSJ8_IA_/build/car_interfaces -- -j20 -l20
[0.378s] DEBUG:colcon.colcon_core.event_handler.log_command:Invoking command in '/home/rhobtor/PHD/ARGOSJ8_IA/ARGOSJ8_IA_/build/ctl_mission_interfaces': CMAKE_PREFIX_PATH=${CMAKE_PREFIX_PATH}:/home/rhobtor/PHD/ARGOSJ8_IA/ARGOSJ8_IA_/install/ntrip_client:/home/rhobtor/PHD/ARGOSJ8_IA/ARGOSJ8_IA_/install/j8_gui:/home/rhobtor/PHD/ARGOSJ8_IA/ARGOSJ8_IA_/install/car:/home/rhobtor/PHD/ARGOSJ8_IA/ARGOSJ8_IA_/install/android_ros2_server:/home/rhobtor/PHD/ARGOSJ8_IA/ARGOSJ8_IA_/install/GUI_pkg:/home/rhobtor/reactive/Reactive-Navegation/workspace_full_conected/install/car:/opt/ros/humble /usr/bin/cmake --build /home/rhobtor/PHD/ARGOSJ8_IA/ARGOSJ8_IA_/build/ctl_mission_interfaces -- -j20 -l20
[0.380s] DEBUG:colcon.colcon_core.event_handler.log_command:Invoking command in '/home/rhobtor/PHD/ARGOSJ8_IA/ARGOSJ8_IA_/build/argj801_sensors_msgs': CMAKE_PREFIX_PATH=${CMAKE_PREFIX_PATH}:/home/rhobtor/PHD/ARGOSJ8_IA/ARGOSJ8_IA_/install/ntrip_client:/home/rhobtor/PHD/ARGOSJ8_IA/ARGOSJ8_IA_/install/j8_gui:/home/rhobtor/PHD/ARGOSJ8_IA/ARGOSJ8_IA_/install/car:/home/rhobtor/PHD/ARGOSJ8_IA/ARGOSJ8_IA_/install/android_ros2_server:/home/rhobtor/PHD/ARGOSJ8_IA/ARGOSJ8_IA_/install/GUI_pkg:/home/rhobtor/reactive/Reactive-Navegation/workspace_full_conected/install/car:/opt/ros/humble /usr/bin/cmake --build /home/rhobtor/PHD/ARGOSJ8_IA/ARGOSJ8_IA_/build/argj801_sensors_msgs -- -j20 -l20
[0.382s] DEBUG:colcon.colcon_core.event_handler.log_command:Invoking command in '/home/rhobtor/PHD/ARGOSJ8_IA/ARGOSJ8_IA_/build/sdl2_vendor': CMAKE_PREFIX_PATH=${CMAKE_PREFIX_PATH}:/home/rhobtor/PHD/ARGOSJ8_IA/ARGOSJ8_IA_/install/ntrip_client:/home/rhobtor/PHD/ARGOSJ8_IA/ARGOSJ8_IA_/install/j8_gui:/home/rhobtor/PHD/ARGOSJ8_IA/ARGOSJ8_IA_/install/car:/home/rhobtor/PHD/ARGOSJ8_IA/ARGOSJ8_IA_/install/android_ros2_server:/home/rhobtor/PHD/ARGOSJ8_IA/ARGOSJ8_IA_/install/GUI_pkg:/home/rhobtor/reactive/Reactive-Navegation/workspace_full_conected/install/car:/opt/ros/humble /usr/bin/cmake --build /home/rhobtor/PHD/ARGOSJ8_IA/ARGOSJ8_IA_/build/sdl2_vendor -- -j20 -l20
[0.407s] DEBUG:colcon.colcon_core.event_handler.log_command:Invoking command in '/home/rhobtor/PHD/ARGOSJ8_IA/ARGOSJ8_IA_/build/security_check_interfaces': CMAKE_PREFIX_PATH=${CMAKE_PREFIX_PATH}:/home/rhobtor/PHD/ARGOSJ8_IA/ARGOSJ8_IA_/install/ntrip_client:/home/rhobtor/PHD/ARGOSJ8_IA/ARGOSJ8_IA_/install/j8_gui:/home/rhobtor/PHD/ARGOSJ8_IA/ARGOSJ8_IA_/install/car:/home/rhobtor/PHD/ARGOSJ8_IA/ARGOSJ8_IA_/install/android_ros2_server:/home/rhobtor/PHD/ARGOSJ8_IA/ARGOSJ8_IA_/install/GUI_pkg:/home/rhobtor/reactive/Reactive-Navegation/workspace_full_conected/install/car:/opt/ros/humble /usr/bin/cmake --build /home/rhobtor/PHD/ARGOSJ8_IA/ARGOSJ8_IA_/build/security_check_interfaces -- -j20 -l20
[0.408s] DEBUG:colcon.colcon_core.event_handler.log_command:Invoking command in '/home/rhobtor/PHD/ARGOSJ8_IA/ARGOSJ8_IA_/build/slg_msgs': CMAKE_PREFIX_PATH=${CMAKE_PREFIX_PATH}:/home/rhobtor/PHD/ARGOSJ8_IA/ARGOSJ8_IA_/install/ntrip_client:/home/rhobtor/PHD/ARGOSJ8_IA/ARGOSJ8_IA_/install/j8_gui:/home/rhobtor/PHD/ARGOSJ8_IA/ARGOSJ8_IA_/install/car:/home/rhobtor/PHD/ARGOSJ8_IA/ARGOSJ8_IA_/install/android_ros2_server:/home/rhobtor/PHD/ARGOSJ8_IA/ARGOSJ8_IA_/install/GUI_pkg:/home/rhobtor/reactive/Reactive-Navegation/workspace_full_conected/install/car:/opt/ros/humble /usr/bin/cmake --build /home/rhobtor/PHD/ARGOSJ8_IA/ARGOSJ8_IA_/build/slg_msgs -- -j20 -l20
[0.738s] WARNING:colcon.colcon_ros.task.ament_python.build:Package 'GUI_pkg' doesn't explicitly install a marker in the package index (colcon-ros currently does it implicitly but that fallback will be removed in the future)
[0.739s] WARNING:colcon.colcon_ros.task.ament_python.build:Package 'GUI_pkg' doesn't explicitly install the 'package.xml' file (colcon-ros currently does it implicitly but that fallback will be removed in the future)
[0.739s] INFO:colcon.colcon_core.task.python.build:Building Python package in '/home/rhobtor/PHD/ARGOSJ8_IA/ARGOSJ8_IA_/src/GUI_pkg'
[0.739s] INFO:colcon.colcon_core.shell:Skip shell extension 'powershell' for command environment: Not usable outside of PowerShell
[0.739s] DEBUG:colcon.colcon_core.shell:Skip shell extension 'dsv' for command environment
[0.913s] INFO:colcon.colcon_core.task.python.build:Building Python package in '/home/rhobtor/PHD/ARGOSJ8_IA/ARGOSJ8_IA_/src/android_ros2_server'
[0.913s] INFO:colcon.colcon_core.shell:Skip shell extension 'powershell' for command environment: Not usable outside of PowerShell
[0.913s] DEBUG:colcon.colcon_core.shell:Skip shell extension 'dsv' for command environment
[0.918s] DEBUG:colcon.colcon_core.event_handler.log_command:Invoking command in '/home/rhobtor/PHD/ARGOSJ8_IA/ARGOSJ8_IA_/build/argj801_setup': CMAKE_PREFIX_PATH=${CMAKE_PREFIX_PATH}:/home/rhobtor/PHD/ARGOSJ8_IA/ARGOSJ8_IA_/install/ntrip_client:/home/rhobtor/PHD/ARGOSJ8_IA/ARGOSJ8_IA_/install/j8_gui:/home/rhobtor/PHD/ARGOSJ8_IA/ARGOSJ8_IA_/install/car:/home/rhobtor/PHD/ARGOSJ8_IA/ARGOSJ8_IA_/install/android_ros2_server:/home/rhobtor/PHD/ARGOSJ8_IA/ARGOSJ8_IA_/install/GUI_pkg:/home/rhobtor/reactive/Reactive-Navegation/workspace_full_conected/install/car:/opt/ros/humble /usr/bin/cmake --build /home/rhobtor/PHD/ARGOSJ8_IA/ARGOSJ8_IA_/build/argj801_setup -- -j20 -l20
[0.920s] DEBUG:colcon.colcon_core.event_handler.log_command:Invoking command in '/home/rhobtor/PHD/ARGOSJ8_IA/ARGOSJ8_IA_/build/fixposition_sensor_pkg': CMAKE_PREFIX_PATH=${CMAKE_PREFIX_PATH}:/home/rhobtor/PHD/ARGOSJ8_IA/ARGOSJ8_IA_/install/ntrip_client:/home/rhobtor/PHD/ARGOSJ8_IA/ARGOSJ8_IA_/install/j8_gui:/home/rhobtor/PHD/ARGOSJ8_IA/ARGOSJ8_IA_/install/car:/home/rhobtor/PHD/ARGOSJ8_IA/ARGOSJ8_IA_/install/android_ros2_server:/home/rhobtor/PHD/ARGOSJ8_IA/ARGOSJ8_IA_/install/GUI_pkg:/home/rhobtor/reactive/Reactive-Navegation/workspace_full_conected/install/car:/opt/ros/humble /usr/bin/cmake --build /home/rhobtor/PHD/ARGOSJ8_IA/ARGOSJ8_IA_/build/fixposition_sensor_pkg -- -j20 -l20
[0.923s] DEBUG:colcon.colcon_core.event_handler.log_command:Invoking command in '/home/rhobtor/PHD/ARGOSJ8_IA/ARGOSJ8_IA_/build/hector_gazebo_plugins': CMAKE_PREFIX_PATH=${CMAKE_PREFIX_PATH}:/home/rhobtor/PHD/ARGOSJ8_IA/ARGOSJ8_IA_/install/ntrip_client:/home/rhobtor/PHD/ARGOSJ8_IA/ARGOSJ8_IA_/install/j8_gui:/home/rhobtor/PHD/ARGOSJ8_IA/ARGOSJ8_IA_/install/car:/home/rhobtor/PHD/ARGOSJ8_IA/ARGOSJ8_IA_/install/android_ros2_server:/home/rhobtor/PHD/ARGOSJ8_IA/ARGOSJ8_IA_/install/GUI_pkg:/home/rhobtor/reactive/Reactive-Navegation/workspace_full_conected/install/car:/opt/ros/humble /usr/bin/cmake --build /home/rhobtor/PHD/ARGOSJ8_IA/ARGOSJ8_IA_/build/hector_gazebo_plugins -- -j20 -l20
[1.101s] INFO:colcon.colcon_core.task.python.build:Building Python package in '/home/rhobtor/PHD/ARGOSJ8_IA/ARGOSJ8_IA_/src/test_gui_j8/src/j8_gui'
[1.101s] INFO:colcon.colcon_core.shell:Skip shell extension 'powershell' for command environment: Not usable outside of PowerShell
[1.101s] DEBUG:colcon.colcon_core.shell:Skip shell extension 'dsv' for command environment
[1.142s] DEBUG:colcon.colcon_core.event_handler.log_command:Invoking command in '/home/rhobtor/PHD/ARGOSJ8_IA/ARGOSJ8_IA_/build/joy_linux': CMAKE_PREFIX_PATH=${CMAKE_PREFIX_PATH}:/home/rhobtor/PHD/ARGOSJ8_IA/ARGOSJ8_IA_/install/ntrip_client:/home/rhobtor/PHD/ARGOSJ8_IA/ARGOSJ8_IA_/install/j8_gui:/home/rhobtor/PHD/ARGOSJ8_IA/ARGOSJ8_IA_/install/car:/home/rhobtor/PHD/ARGOSJ8_IA/ARGOSJ8_IA_/install/android_ros2_server:/home/rhobtor/PHD/ARGOSJ8_IA/ARGOSJ8_IA_/install/GUI_pkg:/home/rhobtor/reactive/Reactive-Navegation/workspace_full_conected/install/car:/opt/ros/humble /usr/bin/cmake --build /home/rhobtor/PHD/ARGOSJ8_IA/ARGOSJ8_IA_/build/joy_linux -- -j20 -l20
[1.388s] INFO:colcon.colcon_core.task.python.build:Building Python package in '/home/rhobtor/PHD/ARGOSJ8_IA/ARGOSJ8_IA_/src/argo_drivers_pkgs/ntrip_client'
[1.389s] INFO:colcon.colcon_core.shell:Skip shell extension 'powershell' for command environment: Not usable outside of PowerShell
[1.389s] DEBUG:colcon.colcon_core.shell:Skip shell extension 'dsv' for command environment
[1.401s] DEBUG:colcon.colcon_core.event_handler.log_command:Invoking command in '/home/rhobtor/PHD/ARGOSJ8_IA/ARGOSJ8_IA_/build/spacenav': CMAKE_PREFIX_PATH=${CMAKE_PREFIX_PATH}:/home/rhobtor/PHD/ARGOSJ8_IA/ARGOSJ8_IA_/install/ntrip_client:/home/rhobtor/PHD/ARGOSJ8_IA/ARGOSJ8_IA_/install/j8_gui:/home/rhobtor/PHD/ARGOSJ8_IA/ARGOSJ8_IA_/install/car:/home/rhobtor/PHD/ARGOSJ8_IA/ARGOSJ8_IA_/install/android_ros2_server:/home/rhobtor/PHD/ARGOSJ8_IA/ARGOSJ8_IA_/install/GUI_pkg:/home/rhobtor/reactive/Reactive-Navegation/workspace_full_conected/install/car:/opt/ros/humble /usr/bin/cmake --build /home/rhobtor/PHD/ARGOSJ8_IA/ARGOSJ8_IA_/build/spacenav -- -j20 -l20
[1.422s] DEBUG:colcon.colcon_core.event_handler.log_command:Invoking command in '/home/rhobtor/PHD/ARGOSJ8_IA/ARGOSJ8_IA_/build/wiimote_msgs': CMAKE_PREFIX_PATH=${CMAKE_PREFIX_PATH}:/home/rhobtor/PHD/ARGOSJ8_IA/ARGOSJ8_IA_/install/ntrip_client:/home/rhobtor/PHD/ARGOSJ8_IA/ARGOSJ8_IA_/install/j8_gui:/home/rhobtor/PHD/ARGOSJ8_IA/ARGOSJ8_IA_/install/car:/home/rhobtor/PHD/ARGOSJ8_IA/ARGOSJ8_IA_/install/android_ros2_server:/home/rhobtor/PHD/ARGOSJ8_IA/ARGOSJ8_IA_/install/GUI_pkg:/home/rhobtor/reactive/Reactive-Navegation/workspace_full_conected/install/car:/opt/ros/humble /usr/bin/cmake --build /home/rhobtor/PHD/ARGOSJ8_IA/ARGOSJ8_IA_/build/wiimote_msgs -- -j20 -l20
[1.424s] DEBUG:colcon.colcon_core.event_handler.log_command:Invoked command in '/home/rhobtor/PHD/ARGOSJ8_IA/ARGOSJ8_IA_/build/ublox_serialization' returned '0': CMAKE_PREFIX_PATH=${CMAKE_PREFIX_PATH}:/home/rhobtor/PHD/ARGOSJ8_IA/ARGOSJ8_IA_/install/ntrip_client:/home/rhobtor/PHD/ARGOSJ8_IA/ARGOSJ8_IA_/install/j8_gui:/home/rhobtor/PHD/ARGOSJ8_IA/ARGOSJ8_IA_/install/car:/home/rhobtor/PHD/ARGOSJ8_IA/ARGOSJ8_IA_/install/android_ros2_server:/home/rhobtor/PHD/ARGOSJ8_IA/ARGOSJ8_IA_/install/GUI_pkg:/home/rhobtor/reactive/Reactive-Navegation/workspace_full_conected/install/car:/opt/ros/humble /usr/bin/cmake --build /home/rhobtor/PHD/ARGOSJ8_IA/ARGOSJ8_IA_/build/ublox_serialization -- -j20 -l20
[1.437s] DEBUG:colcon.colcon_core.event_handler.log_command:Invoking command in '/home/rhobtor/PHD/ARGOSJ8_IA/ARGOSJ8_IA_/build/ublox_serialization': CMAKE_PREFIX_PATH=${CMAKE_PREFIX_PATH}:/home/rhobtor/PHD/ARGOSJ8_IA/ARGOSJ8_IA_/install/ntrip_client:/home/rhobtor/PHD/ARGOSJ8_IA/ARGOSJ8_IA_/install/j8_gui:/home/rhobtor/PHD/ARGOSJ8_IA/ARGOSJ8_IA_/install/car:/home/rhobtor/PHD/ARGOSJ8_IA/ARGOSJ8_IA_/install/android_ros2_server:/home/rhobtor/PHD/ARGOSJ8_IA/ARGOSJ8_IA_/install/GUI_pkg:/home/rhobtor/reactive/Reactive-Navegation/workspace_full_conected/install/car:/opt/ros/humble /usr/bin/cmake --install /home/rhobtor/PHD/ARGOSJ8_IA/ARGOSJ8_IA_/build/ublox_serialization
[1.437s] DEBUG:colcon.colcon_core.event_handler.log_command:Invoked command in '/home/rhobtor/PHD/ARGOSJ8_IA/ARGOSJ8_IA_/build/sdl2_vendor' returned '0': CMAKE_PREFIX_PATH=${CMAKE_PREFIX_PATH}:/home/rhobtor/PHD/ARGOSJ8_IA/ARGOSJ8_IA_/install/ntrip_client:/home/rhobtor/PHD/ARGOSJ8_IA/ARGOSJ8_IA_/install/j8_gui:/home/rhobtor/PHD/ARGOSJ8_IA/ARGOSJ8_IA_/install/car:/home/rhobtor/PHD/ARGOSJ8_IA/ARGOSJ8_IA_/install/android_ros2_server:/home/rhobtor/PHD/ARGOSJ8_IA/ARGOSJ8_IA_/install/GUI_pkg:/home/rhobtor/reactive/Reactive-Navegation/workspace_full_conected/install/car:/opt/ros/humble /usr/bin/cmake --build /home/rhobtor/PHD/ARGOSJ8_IA/ARGOSJ8_IA_/build/sdl2_vendor -- -j20 -l20
[1.439s] DEBUG:colcon.colcon_core.event_handler.log_command:Invoking command in '/home/rhobtor/PHD/ARGOSJ8_IA/ARGOSJ8_IA_/build/sdl2_vendor': CMAKE_PREFIX_PATH=${CMAKE_PREFIX_PATH}:/home/rhobtor/PHD/ARGOSJ8_IA/ARGOSJ8_IA_/install/ntrip_client:/home/rhobtor/PHD/ARGOSJ8_IA/ARGOSJ8_IA_/install/j8_gui:/home/rhobtor/PHD/ARGOSJ8_IA/ARGOSJ8_IA_/install/car:/home/rhobtor/PHD/ARGOSJ8_IA/ARGOSJ8_IA_/install/android_ros2_server:/home/rhobtor/PHD/ARGOSJ8_IA/ARGOSJ8_IA_/install/GUI_pkg:/home/rhobtor/reactive/Reactive-Navegation/workspace_full_conected/install/car:/opt/ros/humble /usr/bin/cmake --install /home/rhobtor/PHD/ARGOSJ8_IA/ARGOSJ8_IA_/build/sdl2_vendor
[1.440s] DEBUG:colcon.colcon_core.event_handler.log_command:Invoked command in '/home/rhobtor/PHD/ARGOSJ8_IA/ARGOSJ8_IA_/build/fixposition_gnss_tf' returned '0': CMAKE_PREFIX_PATH=${CMAKE_PREFIX_PATH}:/home/rhobtor/PHD/ARGOSJ8_IA/ARGOSJ8_IA_/install/ntrip_client:/home/rhobtor/PHD/ARGOSJ8_IA/ARGOSJ8_IA_/install/j8_gui:/home/rhobtor/PHD/ARGOSJ8_IA/ARGOSJ8_IA_/install/car:/home/rhobtor/PHD/ARGOSJ8_IA/ARGOSJ8_IA_/install/android_ros2_server:/home/rhobtor/PHD/ARGOSJ8_IA/ARGOSJ8_IA_/install/GUI_pkg:/home/rhobtor/reactive/Reactive-Navegation/workspace_full_conected/install/car:/opt/ros/humble /usr/bin/cmake --build /home/rhobtor/PHD/ARGOSJ8_IA/ARGOSJ8_IA_/build/fixposition_gnss_tf -- -j20 -l20
[1.441s] DEBUG:colcon.colcon_core.event_handler.log_command:Invoking command in '/home/rhobtor/PHD/ARGOSJ8_IA/ARGOSJ8_IA_/build/fixposition_gnss_tf': CMAKE_PREFIX_PATH=${CMAKE_PREFIX_PATH}:/home/rhobtor/PHD/ARGOSJ8_IA/ARGOSJ8_IA_/install/ntrip_client:/home/rhobtor/PHD/ARGOSJ8_IA/ARGOSJ8_IA_/install/j8_gui:/home/rhobtor/PHD/ARGOSJ8_IA/ARGOSJ8_IA_/install/car:/home/rhobtor/PHD/ARGOSJ8_IA/ARGOSJ8_IA_/install/android_ros2_server:/home/rhobtor/PHD/ARGOSJ8_IA/ARGOSJ8_IA_/install/GUI_pkg:/home/rhobtor/reactive/Reactive-Navegation/workspace_full_conected/install/car:/opt/ros/humble /usr/bin/cmake --install /home/rhobtor/PHD/ARGOSJ8_IA/ARGOSJ8_IA_/build/fixposition_gnss_tf
[1.442s] DEBUG:colcon.colcon_core.event_handler.log_command:Invoked command in '/home/rhobtor/PHD/ARGOSJ8_IA/ARGOSJ8_IA_/build/path_manager_interfaces' returned '0': CMAKE_PREFIX_PATH=${CMAKE_PREFIX_PATH}:/home/rhobtor/PHD/ARGOSJ8_IA/ARGOSJ8_IA_/install/ntrip_client:/home/rhobtor/PHD/ARGOSJ8_IA/ARGOSJ8_IA_/install/j8_gui:/home/rhobtor/PHD/ARGOSJ8_IA/ARGOSJ8_IA_/install/car:/home/rhobtor/PHD/ARGOSJ8_IA/ARGOSJ8_IA_/install/android_ros2_server:/home/rhobtor/PHD/ARGOSJ8_IA/ARGOSJ8_IA_/install/GUI_pkg:/home/rhobtor/reactive/Reactive-Navegation/workspace_full_conected/install/car:/opt/ros/humble /usr/bin/cmake --build /home/rhobtor/PHD/ARGOSJ8_IA/ARGOSJ8_IA_/build/path_manager_interfaces -- -j20 -l20
[1.443s] DEBUG:colcon.colcon_core.event_handler.log_command:Invoking command in '/home/rhobtor/PHD/ARGOSJ8_IA/ARGOSJ8_IA_/build/path_manager_interfaces': CMAKE_PREFIX_PATH=${CMAKE_PREFIX_PATH}:/home/rhobtor/PHD/ARGOSJ8_IA/ARGOSJ8_IA_/install/ntrip_client:/home/rhobtor/PHD/ARGOSJ8_IA/ARGOSJ8_IA_/install/j8_gui:/home/rhobtor/PHD/ARGOSJ8_IA/ARGOSJ8_IA_/install/car:/home/rhobtor/PHD/ARGOSJ8_IA/ARGOSJ8_IA_/install/android_ros2_server:/home/rhobtor/PHD/ARGOSJ8_IA/ARGOSJ8_IA_/install/GUI_pkg:/home/rhobtor/reactive/Reactive-Navegation/workspace_full_conected/install/car:/opt/ros/humble /usr/bin/cmake --install /home/rhobtor/PHD/ARGOSJ8_IA/ARGOSJ8_IA_/build/path_manager_interfaces
[1.444s] DEBUG:colcon.colcon_core.event_handler.log_command:Invoked command in '/home/rhobtor/PHD/ARGOSJ8_IA/ARGOSJ8_IA_/build/argj801_sensors_msgs' returned '0': CMAKE_PREFIX_PATH=${CMAKE_PREFIX_PATH}:/home/rhobtor/PHD/ARGOSJ8_IA/ARGOSJ8_IA_/install/ntrip_client:/home/rhobtor/PHD/ARGOSJ8_IA/ARGOSJ8_IA_/install/j8_gui:/home/rhobtor/PHD/ARGOSJ8_IA/ARGOSJ8_IA_/install/car:/home/rhobtor/PHD/ARGOSJ8_IA/ARGOSJ8_IA_/install/android_ros2_server:/home/rhobtor/PHD/ARGOSJ8_IA/ARGOSJ8_IA_/install/GUI_pkg:/home/rhobtor/reactive/Reactive-Navegation/workspace_full_conected/install/car:/opt/ros/humble /usr/bin/cmake --build /home/rhobtor/PHD/ARGOSJ8_IA/ARGOSJ8_IA_/build/argj801_sensors_msgs -- -j20 -l20
[1.446s] DEBUG:colcon.colcon_core.event_handler.log_command:Invoking command in '/home/rhobtor/PHD/ARGOSJ8_IA/ARGOSJ8_IA_/build/argj801_sensors_msgs': CMAKE_PREFIX_PATH=${CMAKE_PREFIX_PATH}:/home/rhobtor/PHD/ARGOSJ8_IA/ARGOSJ8_IA_/install/ntrip_client:/home/rhobtor/PHD/ARGOSJ8_IA/ARGOSJ8_IA_/install/j8_gui:/home/rhobtor/PHD/ARGOSJ8_IA/ARGOSJ8_IA_/install/car:/home/rhobtor/PHD/ARGOSJ8_IA/ARGOSJ8_IA_/install/android_ros2_server:/home/rhobtor/PHD/ARGOSJ8_IA/ARGOSJ8_IA_/install/GUI_pkg:/home/rhobtor/reactive/Reactive-Navegation/workspace_full_conected/install/car:/opt/ros/humble /usr/bin/cmake --install /home/rhobtor/PHD/ARGOSJ8_IA/ARGOSJ8_IA_/build/argj801_sensors_msgs
[1.446s] DEBUG:colcon.colcon_core.event_handler.log_command:Invoked command in '/home/rhobtor/PHD/ARGOSJ8_IA/ARGOSJ8_IA_/build/car_interfaces' returned '0': CMAKE_PREFIX_PATH=${CMAKE_PREFIX_PATH}:/home/rhobtor/PHD/ARGOSJ8_IA/ARGOSJ8_IA_/install/ntrip_client:/home/rhobtor/PHD/ARGOSJ8_IA/ARGOSJ8_IA_/install/j8_gui:/home/rhobtor/PHD/ARGOSJ8_IA/ARGOSJ8_IA_/install/car:/home/rhobtor/PHD/ARGOSJ8_IA/ARGOSJ8_IA_/install/android_ros2_server:/home/rhobtor/PHD/ARGOSJ8_IA/ARGOSJ8_IA_/install/GUI_pkg:/home/rhobtor/reactive/Reactive-Navegation/workspace_full_conected/install/car:/opt/ros/humble /usr/bin/cmake --build /home/rhobtor/PHD/ARGOSJ8_IA/ARGOSJ8_IA_/build/car_interfaces -- -j20 -l20
[1.448s] DEBUG:colcon.colcon_core.event_handler.log_command:Invoking command in '/home/rhobtor/PHD/ARGOSJ8_IA/ARGOSJ8_IA_/build/car_interfaces': CMAKE_PREFIX_PATH=${CMAKE_PREFIX_PATH}:/home/rhobtor/PHD/ARGOSJ8_IA/ARGOSJ8_IA_/install/ntrip_client:/home/rhobtor/PHD/ARGOSJ8_IA/ARGOSJ8_IA_/install/j8_gui:/home/rhobtor/PHD/ARGOSJ8_IA/ARGOSJ8_IA_/install/car:/home/rhobtor/PHD/ARGOSJ8_IA/ARGOSJ8_IA_/install/android_ros2_server:/home/rhobtor/PHD/ARGOSJ8_IA/ARGOSJ8_IA_/install/GUI_pkg:/home/rhobtor/reactive/Reactive-Navegation/workspace_full_conected/install/car:/opt/ros/humble /usr/bin/cmake --install /home/rhobtor/PHD/ARGOSJ8_IA/ARGOSJ8_IA_/build/car_interfaces
[1.448s] DEBUG:colcon.colcon_core.event_handler.log_command:Invoked command in '/home/rhobtor/PHD/ARGOSJ8_IA/ARGOSJ8_IA_/build/argj801_ctl_platform_interfaces' returned '0': CMAKE_PREFIX_PATH=${CMAKE_PREFIX_PATH}:/home/rhobtor/PHD/ARGOSJ8_IA/ARGOSJ8_IA_/install/ntrip_client:/home/rhobtor/PHD/ARGOSJ8_IA/ARGOSJ8_IA_/install/j8_gui:/home/rhobtor/PHD/ARGOSJ8_IA/ARGOSJ8_IA_/install/car:/home/rhobtor/PHD/ARGOSJ8_IA/ARGOSJ8_IA_/install/android_ros2_server:/home/rhobtor/PHD/ARGOSJ8_IA/ARGOSJ8_IA_/install/GUI_pkg:/home/rhobtor/reactive/Reactive-Navegation/workspace_full_conected/install/car:/opt/ros/humble /usr/bin/cmake --build /home/rhobtor/PHD/ARGOSJ8_IA/ARGOSJ8_IA_/build/argj801_ctl_platform_interfaces -- -j20 -l20
[1.451s] DEBUG:colcon.colcon_core.event_handler.log_command:Invoking command in '/home/rhobtor/PHD/ARGOSJ8_IA/ARGOSJ8_IA_/build/argj801_ctl_platform_interfaces': CMAKE_PREFIX_PATH=${CMAKE_PREFIX_PATH}:/home/rhobtor/PHD/ARGOSJ8_IA/ARGOSJ8_IA_/install/ntrip_client:/home/rhobtor/PHD/ARGOSJ8_IA/ARGOSJ8_IA_/install/j8_gui:/home/rhobtor/PHD/ARGOSJ8_IA/ARGOSJ8_IA_/install/car:/home/rhobtor/PHD/ARGOSJ8_IA/ARGOSJ8_IA_/install/android_ros2_server:/home/rhobtor/PHD/ARGOSJ8_IA/ARGOSJ8_IA_/install/GUI_pkg:/home/rhobtor/reactive/Reactive-Navegation/workspace_full_conected/install/car:/opt/ros/humble /usr/bin/cmake --install /home/rhobtor/PHD/ARGOSJ8_IA/ARGOSJ8_IA_/build/argj801_ctl_platform_interfaces
[1.451s] DEBUG:colcon.colcon_core.event_handler.log_command:Invoked command in '/home/rhobtor/PHD/ARGOSJ8_IA/ARGOSJ8_IA_/build/slg_msgs' returned '0': CMAKE_PREFIX_PATH=${CMAKE_PREFIX_PATH}:/home/rhobtor/PHD/ARGOSJ8_IA/ARGOSJ8_IA_/install/ntrip_client:/home/rhobtor/PHD/ARGOSJ8_IA/ARGOSJ8_IA_/install/j8_gui:/home/rhobtor/PHD/ARGOSJ8_IA/ARGOSJ8_IA_/install/car:/home/rhobtor/PHD/ARGOSJ8_IA/ARGOSJ8_IA_/install/android_ros2_server:/home/rhobtor/PHD/ARGOSJ8_IA/ARGOSJ8_IA_/install/GUI_pkg:/home/rhobtor/reactive/Reactive-Navegation/workspace_full_conected/install/car:/opt/ros/humble /usr/bin/cmake --build /home/rhobtor/PHD/ARGOSJ8_IA/ARGOSJ8_IA_/build/slg_msgs -- -j20 -l20
[1.453s] DEBUG:colcon.colcon_core.event_handler.log_command:Invoking command in '/home/rhobtor/PHD/ARGOSJ8_IA/ARGOSJ8_IA_/build/slg_msgs': CMAKE_PREFIX_PATH=${CMAKE_PREFIX_PATH}:/home/rhobtor/PHD/ARGOSJ8_IA/ARGOSJ8_IA_/install/ntrip_client:/home/rhobtor/PHD/ARGOSJ8_IA/ARGOSJ8_IA_/install/j8_gui:/home/rhobtor/PHD/ARGOSJ8_IA/ARGOSJ8_IA_/install/car:/home/rhobtor/PHD/ARGOSJ8_IA/ARGOSJ8_IA_/install/android_ros2_server:/home/rhobtor/PHD/ARGOSJ8_IA/ARGOSJ8_IA_/install/GUI_pkg:/home/rhobtor/reactive/Reactive-Navegation/workspace_full_conected/install/car:/opt/ros/humble /usr/bin/cmake --install /home/rhobtor/PHD/ARGOSJ8_IA/ARGOSJ8_IA_/build/slg_msgs
[1.453s] DEBUG:colcon.colcon_core.event_handler.log_command:Invoked command in '/home/rhobtor/PHD/ARGOSJ8_IA/ARGOSJ8_IA_/build/security_check_interfaces' returned '0': CMAKE_PREFIX_PATH=${CMAKE_PREFIX_PATH}:/home/rhobtor/PHD/ARGOSJ8_IA/ARGOSJ8_IA_/install/ntrip_client:/home/rhobtor/PHD/ARGOSJ8_IA/ARGOSJ8_IA_/install/j8_gui:/home/rhobtor/PHD/ARGOSJ8_IA/ARGOSJ8_IA_/install/car:/home/rhobtor/PHD/ARGOSJ8_IA/ARGOSJ8_IA_/install/android_ros2_server:/home/rhobtor/PHD/ARGOSJ8_IA/ARGOSJ8_IA_/install/GUI_pkg:/home/rhobtor/reactive/Reactive-Navegation/workspace_full_conected/install/car:/opt/ros/humble /usr/bin/cmake --build /home/rhobtor/PHD/ARGOSJ8_IA/ARGOSJ8_IA_/build/security_check_interfaces -- -j20 -l20
[1.455s] DEBUG:colcon.colcon_core.event_handler.log_command:Invoking command in '/home/rhobtor/PHD/ARGOSJ8_IA/ARGOSJ8_IA_/build/security_check_interfaces': CMAKE_PREFIX_PATH=${CMAKE_PREFIX_PATH}:/home/rhobtor/PHD/ARGOSJ8_IA/ARGOSJ8_IA_/install/ntrip_client:/home/rhobtor/PHD/ARGOSJ8_IA/ARGOSJ8_IA_/install/j8_gui:/home/rhobtor/PHD/ARGOSJ8_IA/ARGOSJ8_IA_/install/car:/home/rhobtor/PHD/ARGOSJ8_IA/ARGOSJ8_IA_/install/android_ros2_server:/home/rhobtor/PHD/ARGOSJ8_IA/ARGOSJ8_IA_/install/GUI_pkg:/home/rhobtor/reactive/Reactive-Navegation/workspace_full_conected/install/car:/opt/ros/humble /usr/bin/cmake --install /home/rhobtor/PHD/ARGOSJ8_IA/ARGOSJ8_IA_/build/security_check_interfaces
[1.457s] DEBUG:colcon.colcon_core.event_handler.log_command:Invoked command in '/home/rhobtor/PHD/ARGOSJ8_IA/ARGOSJ8_IA_/build/ctl_mission_interfaces' returned '0': CMAKE_PREFIX_PATH=${CMAKE_PREFIX_PATH}:/home/rhobtor/PHD/ARGOSJ8_IA/ARGOSJ8_IA_/install/ntrip_client:/home/rhobtor/PHD/ARGOSJ8_IA/ARGOSJ8_IA_/install/j8_gui:/home/rhobtor/PHD/ARGOSJ8_IA/ARGOSJ8_IA_/install/car:/home/rhobtor/PHD/ARGOSJ8_IA/ARGOSJ8_IA_/install/android_ros2_server:/home/rhobtor/PHD/ARGOSJ8_IA/ARGOSJ8_IA_/install/GUI_pkg:/home/rhobtor/reactive/Reactive-Navegation/workspace_full_conected/install/car:/opt/ros/humble /usr/bin/cmake --build /home/rhobtor/PHD/ARGOSJ8_IA/ARGOSJ8_IA_/build/ctl_mission_interfaces -- -j20 -l20
[1.457s] DEBUG:colcon.colcon_core.event_handler.log_command:Invoking command in '/home/rhobtor/PHD/ARGOSJ8_IA/ARGOSJ8_IA_/build/ctl_mission_interfaces': CMAKE_PREFIX_PATH=${CMAKE_PREFIX_PATH}:/home/rhobtor/PHD/ARGOSJ8_IA/ARGOSJ8_IA_/install/ntrip_client:/home/rhobtor/PHD/ARGOSJ8_IA/ARGOSJ8_IA_/install/j8_gui:/home/rhobtor/PHD/ARGOSJ8_IA/ARGOSJ8_IA_/install/car:/home/rhobtor/PHD/ARGOSJ8_IA/ARGOSJ8_IA_/install/android_ros2_server:/home/rhobtor/PHD/ARGOSJ8_IA/ARGOSJ8_IA_/install/GUI_pkg:/home/rhobtor/reactive/Reactive-Navegation/workspace_full_conected/install/car:/opt/ros/humble /usr/bin/cmake --install /home/rhobtor/PHD/ARGOSJ8_IA/ARGOSJ8_IA_/build/ctl_mission_interfaces
[1.458s] DEBUG:colcon.colcon_core.event_handler.log_command:Invoked command in '/home/rhobtor/PHD/ARGOSJ8_IA/ARGOSJ8_IA_/build/argj801_setup' returned '0': CMAKE_PREFIX_PATH=${CMAKE_PREFIX_PATH}:/home/rhobtor/PHD/ARGOSJ8_IA/ARGOSJ8_IA_/install/ntrip_client:/home/rhobtor/PHD/ARGOSJ8_IA/ARGOSJ8_IA_/install/j8_gui:/home/rhobtor/PHD/ARGOSJ8_IA/ARGOSJ8_IA_/install/car:/home/rhobtor/PHD/ARGOSJ8_IA/ARGOSJ8_IA_/install/android_ros2_server:/home/rhobtor/PHD/ARGOSJ8_IA/ARGOSJ8_IA_/install/GUI_pkg:/home/rhobtor/reactive/Reactive-Navegation/workspace_full_conected/install/car:/opt/ros/humble /usr/bin/cmake --build /home/rhobtor/PHD/ARGOSJ8_IA/ARGOSJ8_IA_/build/argj801_setup -- -j20 -l20
[1.459s] DEBUG:colcon.colcon_core.event_handler.log_command:Invoking command in '/home/rhobtor/PHD/ARGOSJ8_IA/ARGOSJ8_IA_/build/argj801_setup': CMAKE_PREFIX_PATH=${CMAKE_PREFIX_PATH}:/home/rhobtor/PHD/ARGOSJ8_IA/ARGOSJ8_IA_/install/ntrip_client:/home/rhobtor/PHD/ARGOSJ8_IA/ARGOSJ8_IA_/install/j8_gui:/home/rhobtor/PHD/ARGOSJ8_IA/ARGOSJ8_IA_/install/car:/home/rhobtor/PHD/ARGOSJ8_IA/ARGOSJ8_IA_/install/android_ros2_server:/home/rhobtor/PHD/ARGOSJ8_IA/ARGOSJ8_IA_/install/GUI_pkg:/home/rhobtor/reactive/Reactive-Navegation/workspace_full_conected/install/car:/opt/ros/humble /usr/bin/cmake --install /home/rhobtor/PHD/ARGOSJ8_IA/ARGOSJ8_IA_/build/argj801_setup
[1.460s] DEBUG:colcon.colcon_core.event_handler.log_command:Invoked command in '/home/rhobtor/PHD/ARGOSJ8_IA/ARGOSJ8_IA_/build/fixposition_sensor_pkg' returned '0': CMAKE_PREFIX_PATH=${CMAKE_PREFIX_PATH}:/home/rhobtor/PHD/ARGOSJ8_IA/ARGOSJ8_IA_/install/ntrip_client:/home/rhobtor/PHD/ARGOSJ8_IA/ARGOSJ8_IA_/install/j8_gui:/home/rhobtor/PHD/ARGOSJ8_IA/ARGOSJ8_IA_/install/car:/home/rhobtor/PHD/ARGOSJ8_IA/ARGOSJ8_IA_/install/android_ros2_server:/home/rhobtor/PHD/ARGOSJ8_IA/ARGOSJ8_IA_/install/GUI_pkg:/home/rhobtor/reactive/Reactive-Navegation/workspace_full_conected/install/car:/opt/ros/humble /usr/bin/cmake --build /home/rhobtor/PHD/ARGOSJ8_IA/ARGOSJ8_IA_/build/fixposition_sensor_pkg -- -j20 -l20
[1.461s] DEBUG:colcon.colcon_core.event_handler.log_command:Invoking command in '/home/rhobtor/PHD/ARGOSJ8_IA/ARGOSJ8_IA_/build/fixposition_sensor_pkg': CMAKE_PREFIX_PATH=${CMAKE_PREFIX_PATH}:/home/rhobtor/PHD/ARGOSJ8_IA/ARGOSJ8_IA_/install/ntrip_client:/home/rhobtor/PHD/ARGOSJ8_IA/ARGOSJ8_IA_/install/j8_gui:/home/rhobtor/PHD/ARGOSJ8_IA/ARGOSJ8_IA_/install/car:/home/rhobtor/PHD/ARGOSJ8_IA/ARGOSJ8_IA_/install/android_ros2_server:/home/rhobtor/PHD/ARGOSJ8_IA/ARGOSJ8_IA_/install/GUI_pkg:/home/rhobtor/reactive/Reactive-Navegation/workspace_full_conected/install/car:/opt/ros/humble /usr/bin/cmake --install /home/rhobtor/PHD/ARGOSJ8_IA/ARGOSJ8_IA_/build/fixposition_sensor_pkg
[1.464s] DEBUG:colcon.colcon_core.event_handler.log_command:Invoked command in '/home/rhobtor/PHD/ARGOSJ8_IA/ARGOSJ8_IA_/build/joy_linux' returned '0': CMAKE_PREFIX_PATH=${CMAKE_PREFIX_PATH}:/home/rhobtor/PHD/ARGOSJ8_IA/ARGOSJ8_IA_/install/ntrip_client:/home/rhobtor/PHD/ARGOSJ8_IA/ARGOSJ8_IA_/install/j8_gui:/home/rhobtor/PHD/ARGOSJ8_IA/ARGOSJ8_IA_/install/car:/home/rhobtor/PHD/ARGOSJ8_IA/ARGOSJ8_IA_/install/android_ros2_server:/home/rhobtor/PHD/ARGOSJ8_IA/ARGOSJ8_IA_/install/GUI_pkg:/home/rhobtor/reactive/Reactive-Navegation/workspace_full_conected/install/car:/opt/ros/humble /usr/bin/cmake --build /home/rhobtor/PHD/ARGOSJ8_IA/ARGOSJ8_IA_/build/joy_linux -- -j20 -l20
[1.465s] DEBUG:colcon.colcon_core.event_handler.log_command:Invoking command in '/home/rhobtor/PHD/ARGOSJ8_IA/ARGOSJ8_IA_/build/joy_linux': CMAKE_PREFIX_PATH=${CMAKE_PREFIX_PATH}:/home/rhobtor/PHD/ARGOSJ8_IA/ARGOSJ8_IA_/install/ntrip_client:/home/rhobtor/PHD/ARGOSJ8_IA/ARGOSJ8_IA_/install/j8_gui:/home/rhobtor/PHD/ARGOSJ8_IA/ARGOSJ8_IA_/install/car:/home/rhobtor/PHD/ARGOSJ8_IA/ARGOSJ8_IA_/install/android_ros2_server:/home/rhobtor/PHD/ARGOSJ8_IA/ARGOSJ8_IA_/install/GUI_pkg:/home/rhobtor/reactive/Reactive-Navegation/workspace_full_conected/install/car:/opt/ros/humble /usr/bin/cmake --install /home/rhobtor/PHD/ARGOSJ8_IA/ARGOSJ8_IA_/build/joy_linux
[1.466s] DEBUG:colcon.colcon_core.event_handler.log_command:Invoked command in '/home/rhobtor/PHD/ARGOSJ8_IA/ARGOSJ8_IA_/build/hector_gazebo_plugins' returned '0': CMAKE_PREFIX_PATH=${CMAKE_PREFIX_PATH}:/home/rhobtor/PHD/ARGOSJ8_IA/ARGOSJ8_IA_/install/ntrip_client:/home/rhobtor/PHD/ARGOSJ8_IA/ARGOSJ8_IA_/install/j8_gui:/home/rhobtor/PHD/ARGOSJ8_IA/ARGOSJ8_IA_/install/car:/home/rhobtor/PHD/ARGOSJ8_IA/ARGOSJ8_IA_/install/android_ros2_server:/home/rhobtor/PHD/ARGOSJ8_IA/ARGOSJ8_IA_/install/GUI_pkg:/home/rhobtor/reactive/Reactive-Navegation/workspace_full_conected/install/car:/opt/ros/humble /usr/bin/cmake --build /home/rhobtor/PHD/ARGOSJ8_IA/ARGOSJ8_IA_/build/hector_gazebo_plugins -- -j20 -l20
[1.467s] DEBUG:colcon.colcon_core.event_handler.log_command:Invoking command in '/home/rhobtor/PHD/ARGOSJ8_IA/ARGOSJ8_IA_/build/hector_gazebo_plugins': CMAKE_PREFIX_PATH=${CMAKE_PREFIX_PATH}:/home/rhobtor/PHD/ARGOSJ8_IA/ARGOSJ8_IA_/install/ntrip_client:/home/rhobtor/PHD/ARGOSJ8_IA/ARGOSJ8_IA_/install/j8_gui:/home/rhobtor/PHD/ARGOSJ8_IA/ARGOSJ8_IA_/install/car:/home/rhobtor/PHD/ARGOSJ8_IA/ARGOSJ8_IA_/install/android_ros2_server:/home/rhobtor/PHD/ARGOSJ8_IA/ARGOSJ8_IA_/install/GUI_pkg:/home/rhobtor/reactive/Reactive-Navegation/workspace_full_conected/install/car:/opt/ros/humble /usr/bin/cmake --install /home/rhobtor/PHD/ARGOSJ8_IA/ARGOSJ8_IA_/build/hector_gazebo_plugins
[1.511s] Level 1:colcon.colcon_core.environment:create_environment_scripts_only(sdl2_vendor)
[1.516s] Level 1:colcon.colcon_core.environment:checking '/home/rhobtor/PHD/ARGOSJ8_IA/ARGOSJ8_IA_/install/sdl2_vendor' for CMake module files
[1.517s] Level 1:colcon.colcon_core.environment:checking '/home/rhobtor/PHD/ARGOSJ8_IA/ARGOSJ8_IA_/install/sdl2_vendor' for CMake config files
[1.517s] Level 1:colcon.colcon_core.shell:create_environment_hook('sdl2_vendor', 'cmake_prefix_path')
[1.517s] INFO:colcon.colcon_core.shell:Creating environment hook '/home/rhobtor/PHD/ARGOSJ8_IA/ARGOSJ8_IA_/install/sdl2_vendor/share/sdl2_vendor/hook/cmake_prefix_path.ps1'
[1.526s] INFO:colcon.colcon_core.shell:Creating environment descriptor '/home/rhobtor/PHD/ARGOSJ8_IA/ARGOSJ8_IA_/install/sdl2_vendor/share/sdl2_vendor/hook/cmake_prefix_path.dsv'
[1.528s] INFO:colcon.colcon_core.shell:Creating environment hook '/home/rhobtor/PHD/ARGOSJ8_IA/ARGOSJ8_IA_/install/sdl2_vendor/share/sdl2_vendor/hook/cmake_prefix_path.sh'
[1.546s] Level 1:colcon.colcon_core.environment:checking '/home/rhobtor/PHD/ARGOSJ8_IA/ARGOSJ8_IA_/install/sdl2_vendor/bin'
[1.547s] Level 1:colcon.colcon_core.environment:checking '/home/rhobtor/PHD/ARGOSJ8_IA/ARGOSJ8_IA_/install/sdl2_vendor/lib/pkgconfig/sdl2_vendor.pc'
[1.548s] Level 1:colcon.colcon_core.environment:checking '/home/rhobtor/PHD/ARGOSJ8_IA/ARGOSJ8_IA_/install/sdl2_vendor/lib/python3.10/site-packages'
[1.548s] Level 1:colcon.colcon_core.environment:checking '/home/rhobtor/PHD/ARGOSJ8_IA/ARGOSJ8_IA_/install/sdl2_vendor/bin'
[1.549s] INFO:colcon.colcon_core.shell:Creating package script '/home/rhobtor/PHD/ARGOSJ8_IA/ARGOSJ8_IA_/install/sdl2_vendor/share/sdl2_vendor/package.ps1'
[1.563s] INFO:colcon.colcon_core.shell:Creating package descriptor '/home/rhobtor/PHD/ARGOSJ8_IA/ARGOSJ8_IA_/install/sdl2_vendor/share/sdl2_vendor/package.dsv'
[1.567s] INFO:colcon.colcon_core.shell:Creating package script '/home/rhobtor/PHD/ARGOSJ8_IA/ARGOSJ8_IA_/install/sdl2_vendor/share/sdl2_vendor/package.sh'
[1.570s] INFO:colcon.colcon_core.shell:Creating package script '/home/rhobtor/PHD/ARGOSJ8_IA/ARGOSJ8_IA_/install/sdl2_vendor/share/sdl2_vendor/package.bash'
[1.572s] INFO:colcon.colcon_core.shell:Creating package script '/home/rhobtor/PHD/ARGOSJ8_IA/ARGOSJ8_IA_/install/sdl2_vendor/share/sdl2_vendor/package.zsh'
[1.576s] Level 1:colcon.colcon_core.environment:create_file_with_runtime_dependencies(/home/rhobtor/PHD/ARGOSJ8_IA/ARGOSJ8_IA_/install/sdl2_vendor/share/colcon-core/packages/sdl2_vendor)
[1.579s] DEBUG:colcon.colcon_core.event_handler.log_command:Invoked command in '/home/rhobtor/PHD/ARGOSJ8_IA/ARGOSJ8_IA_/build/sdl2_vendor' returned '0': CMAKE_PREFIX_PATH=${CMAKE_PREFIX_PATH}:/home/rhobtor/PHD/ARGOSJ8_IA/ARGOSJ8_IA_/install/ntrip_client:/home/rhobtor/PHD/ARGOSJ8_IA/ARGOSJ8_IA_/install/j8_gui:/home/rhobtor/PHD/ARGOSJ8_IA/ARGOSJ8_IA_/install/car:/home/rhobtor/PHD/ARGOSJ8_IA/ARGOSJ8_IA_/install/android_ros2_server:/home/rhobtor/PHD/ARGOSJ8_IA/ARGOSJ8_IA_/install/GUI_pkg:/home/rhobtor/reactive/Reactive-Navegation/workspace_full_conected/install/car:/opt/ros/humble /usr/bin/cmake --install /home/rhobtor/PHD/ARGOSJ8_IA/ARGOSJ8_IA_/build/sdl2_vendor
[1.598s] Level 1:colcon.colcon_core.environment:create_environment_scripts_only(sdl2_vendor)
[1.598s] Level 1:colcon.colcon_core.environment:checking '/home/rhobtor/PHD/ARGOSJ8_IA/ARGOSJ8_IA_/install/sdl2_vendor' for CMake module files
[1.598s] Level 1:colcon.colcon_core.environment:checking '/home/rhobtor/PHD/ARGOSJ8_IA/ARGOSJ8_IA_/install/sdl2_vendor' for CMake config files
[1.598s] Level 1:colcon.colcon_core.shell:create_environment_hook('sdl2_vendor', 'cmake_prefix_path')
[1.598s] INFO:colcon.colcon_core.shell:Creating environment hook '/home/rhobtor/PHD/ARGOSJ8_IA/ARGOSJ8_IA_/install/sdl2_vendor/share/sdl2_vendor/hook/cmake_prefix_path.ps1'
[1.599s] INFO:colcon.colcon_core.shell:Creating environment descriptor '/home/rhobtor/PHD/ARGOSJ8_IA/ARGOSJ8_IA_/install/sdl2_vendor/share/sdl2_vendor/hook/cmake_prefix_path.dsv'
[1.600s] INFO:colcon.colcon_core.shell:Creating environment hook '/home/rhobtor/PHD/ARGOSJ8_IA/ARGOSJ8_IA_/install/sdl2_vendor/share/sdl2_vendor/hook/cmake_prefix_path.sh'
[1.621s] Level 1:colcon.colcon_core.environment:checking '/home/rhobtor/PHD/ARGOSJ8_IA/ARGOSJ8_IA_/install/sdl2_vendor/bin'
[1.621s] Level 1:colcon.colcon_core.environment:checking '/home/rhobtor/PHD/ARGOSJ8_IA/ARGOSJ8_IA_/install/sdl2_vendor/lib/pkgconfig/sdl2_vendor.pc'
[1.621s] Level 1:colcon.colcon_core.environment:checking '/home/rhobtor/PHD/ARGOSJ8_IA/ARGOSJ8_IA_/install/sdl2_vendor/lib/python3.10/site-packages'
[1.621s] Level 1:colcon.colcon_core.environment:checking '/home/rhobtor/PHD/ARGOSJ8_IA/ARGOSJ8_IA_/install/sdl2_vendor/bin'
[1.622s] INFO:colcon.colcon_core.shell:Creating package script '/home/rhobtor/PHD/ARGOSJ8_IA/ARGOSJ8_IA_/install/sdl2_vendor/share/sdl2_vendor/package.ps1'
[1.623s] INFO:colcon.colcon_core.shell:Creating package descriptor '/home/rhobtor/PHD/ARGOSJ8_IA/ARGOSJ8_IA_/install/sdl2_vendor/share/sdl2_vendor/package.dsv'
[1.625s] INFO:colcon.colcon_core.shell:Creating package script '/home/rhobtor/PHD/ARGOSJ8_IA/ARGOSJ8_IA_/install/sdl2_vendor/share/sdl2_vendor/package.sh'
[1.626s] INFO:colcon.colcon_core.shell:Creating package script '/home/rhobtor/PHD/ARGOSJ8_IA/ARGOSJ8_IA_/install/sdl2_vendor/share/sdl2_vendor/package.bash'
[1.626s] INFO:colcon.colcon_core.shell:Creating package script '/home/rhobtor/PHD/ARGOSJ8_IA/ARGOSJ8_IA_/install/sdl2_vendor/share/sdl2_vendor/package.zsh'
[1.627s] Level 1:colcon.colcon_core.environment:create_file_with_runtime_dependencies(/home/rhobtor/PHD/ARGOSJ8_IA/ARGOSJ8_IA_/install/sdl2_vendor/share/colcon-core/packages/sdl2_vendor)
[1.629s] Level 1:colcon.colcon_core.environment:create_environment_scripts_only(ublox_serialization)
[1.629s] Level 1:colcon.colcon_core.environment:checking '/home/rhobtor/PHD/ARGOSJ8_IA/ARGOSJ8_IA_/install/ublox_serialization' for CMake module files
[1.630s] Level 1:colcon.colcon_core.environment:checking '/home/rhobtor/PHD/ARGOSJ8_IA/ARGOSJ8_IA_/install/ublox_serialization' for CMake config files
[1.630s] Level 1:colcon.colcon_core.shell:create_environment_hook('ublox_serialization', 'cmake_prefix_path')
[1.631s] INFO:colcon.colcon_core.shell:Creating environment hook '/home/rhobtor/PHD/ARGOSJ8_IA/ARGOSJ8_IA_/install/ublox_serialization/share/ublox_serialization/hook/cmake_prefix_path.ps1'
[1.721s] INFO:colcon.colcon_core.shell:Creating environment descriptor '/home/rhobtor/PHD/ARGOSJ8_IA/ARGOSJ8_IA_/install/ublox_serialization/share/ublox_serialization/hook/cmake_prefix_path.dsv'
[1.722s] DEBUG:colcon.colcon_core.event_handler.log_command:Invoked command in '/home/rhobtor/PHD/ARGOSJ8_IA/ARGOSJ8_IA_/build/ublox_serialization' returned '0': CMAKE_PREFIX_PATH=${CMAKE_PREFIX_PATH}:/home/rhobtor/PHD/ARGOSJ8_IA/ARGOSJ8_IA_/install/ntrip_client:/home/rhobtor/PHD/ARGOSJ8_IA/ARGOSJ8_IA_/install/j8_gui:/home/rhobtor/PHD/ARGOSJ8_IA/ARGOSJ8_IA_/install/car:/home/rhobtor/PHD/ARGOSJ8_IA/ARGOSJ8_IA_/install/android_ros2_server:/home/rhobtor/PHD/ARGOSJ8_IA/ARGOSJ8_IA_/install/GUI_pkg:/home/rhobtor/reactive/Reactive-Navegation/workspace_full_conected/install/car:/opt/ros/humble /usr/bin/cmake --install /home/rhobtor/PHD/ARGOSJ8_IA/ARGOSJ8_IA_/build/ublox_serialization
[1.723s] INFO:colcon.colcon_core.shell:Creating environment hook '/home/rhobtor/PHD/ARGOSJ8_IA/ARGOSJ8_IA_/install/ublox_serialization/share/ublox_serialization/hook/cmake_prefix_path.sh'
[1.724s] Level 1:colcon.colcon_core.environment:checking '/home/rhobtor/PHD/ARGOSJ8_IA/ARGOSJ8_IA_/install/ublox_serialization/bin'
[1.724s] Level 1:colcon.colcon_core.environment:checking '/home/rhobtor/PHD/ARGOSJ8_IA/ARGOSJ8_IA_/install/ublox_serialization/lib/pkgconfig/ublox_serialization.pc'
[1.724s] Level 1:colcon.colcon_core.environment:checking '/home/rhobtor/PHD/ARGOSJ8_IA/ARGOSJ8_IA_/install/ublox_serialization/lib/python3.10/site-packages'
[1.724s] Level 1:colcon.colcon_core.environment:checking '/home/rhobtor/PHD/ARGOSJ8_IA/ARGOSJ8_IA_/install/ublox_serialization/bin'
[1.724s] INFO:colcon.colcon_core.shell:Creating package script '/home/rhobtor/PHD/ARGOSJ8_IA/ARGOSJ8_IA_/install/ublox_serialization/share/ublox_serialization/package.ps1'
[1.776s] INFO:colcon.colcon_core.shell:Creating package descriptor '/home/rhobtor/PHD/ARGOSJ8_IA/ARGOSJ8_IA_/install/ublox_serialization/share/ublox_serialization/package.dsv'
[1.777s] INFO:colcon.colcon_core.shell:Creating package script '/home/rhobtor/PHD/ARGOSJ8_IA/ARGOSJ8_IA_/install/ublox_serialization/share/ublox_serialization/package.sh'
[1.777s] INFO:colcon.colcon_core.shell:Creating package script '/home/rhobtor/PHD/ARGOSJ8_IA/ARGOSJ8_IA_/install/ublox_serialization/share/ublox_serialization/package.bash'
[1.778s] INFO:colcon.colcon_core.shell:Creating package script '/home/rhobtor/PHD/ARGOSJ8_IA/ARGOSJ8_IA_/install/ublox_serialization/share/ublox_serialization/package.zsh'
[1.778s] Level 1:colcon.colcon_core.environment:create_file_with_runtime_dependencies(/home/rhobtor/PHD/ARGOSJ8_IA/ARGOSJ8_IA_/install/ublox_serialization/share/colcon-core/packages/ublox_serialization)
[1.779s] Level 1:colcon.colcon_core.environment:create_environment_scripts_only(ublox_serialization)
[1.779s] Level 1:colcon.colcon_core.environment:checking '/home/rhobtor/PHD/ARGOSJ8_IA/ARGOSJ8_IA_/install/ublox_serialization' for CMake module files
[1.779s] Level 1:colcon.colcon_core.environment:checking '/home/rhobtor/PHD/ARGOSJ8_IA/ARGOSJ8_IA_/install/ublox_serialization' for CMake config files
[1.779s] Level 1:colcon.colcon_core.shell:create_environment_hook('ublox_serialization', 'cmake_prefix_path')
[1.779s] INFO:colcon.colcon_core.shell:Creating environment hook '/home/rhobtor/PHD/ARGOSJ8_IA/ARGOSJ8_IA_/install/ublox_serialization/share/ublox_serialization/hook/cmake_prefix_path.ps1'
[1.780s] INFO:colcon.colcon_core.shell:Creating environment descriptor '/home/rhobtor/PHD/ARGOSJ8_IA/ARGOSJ8_IA_/install/ublox_serialization/share/ublox_serialization/hook/cmake_prefix_path.dsv'
[1.780s] INFO:colcon.colcon_core.shell:Creating environment hook '/home/rhobtor/PHD/ARGOSJ8_IA/ARGOSJ8_IA_/install/ublox_serialization/share/ublox_serialization/hook/cmake_prefix_path.sh'
[1.781s] Level 1:colcon.colcon_core.environment:checking '/home/rhobtor/PHD/ARGOSJ8_IA/ARGOSJ8_IA_/install/ublox_serialization/bin'
[1.781s] Level 1:colcon.colcon_core.environment:checking '/home/rhobtor/PHD/ARGOSJ8_IA/ARGOSJ8_IA_/install/ublox_serialization/lib/pkgconfig/ublox_serialization.pc'
[1.781s] Level 1:colcon.colcon_core.environment:checking '/home/rhobtor/PHD/ARGOSJ8_IA/ARGOSJ8_IA_/install/ublox_serialization/lib/python3.10/site-packages'
[1.781s] Level 1:colcon.colcon_core.environment:checking '/home/rhobtor/PHD/ARGOSJ8_IA/ARGOSJ8_IA_/install/ublox_serialization/bin'
[1.782s] INFO:colcon.colcon_core.shell:Creating package script '/home/rhobtor/PHD/ARGOSJ8_IA/ARGOSJ8_IA_/install/ublox_serialization/share/ublox_serialization/package.ps1'
[1.782s] INFO:colcon.colcon_core.shell:Creating package descriptor '/home/rhobtor/PHD/ARGOSJ8_IA/ARGOSJ8_IA_/install/ublox_serialization/share/ublox_serialization/package.dsv'
[1.782s] INFO:colcon.colcon_core.shell:Creating package script '/home/rhobtor/PHD/ARGOSJ8_IA/ARGOSJ8_IA_/install/ublox_serialization/share/ublox_serialization/package.sh'
[1.783s] INFO:colcon.colcon_core.shell:Creating package script '/home/rhobtor/PHD/ARGOSJ8_IA/ARGOSJ8_IA_/install/ublox_serialization/share/ublox_serialization/package.bash'
[1.784s] INFO:colcon.colcon_core.shell:Creating package script '/home/rhobtor/PHD/ARGOSJ8_IA/ARGOSJ8_IA_/install/ublox_serialization/share/ublox_serialization/package.zsh'
[1.784s] Level 1:colcon.colcon_core.environment:create_file_with_runtime_dependencies(/home/rhobtor/PHD/ARGOSJ8_IA/ARGOSJ8_IA_/install/ublox_serialization/share/colcon-core/packages/ublox_serialization)
[1.785s] Level 1:colcon.colcon_core.shell:create_environment_hook('fixposition_gnss_tf', 'pkg_config_path')
[1.785s] INFO:colcon.colcon_core.shell:Creating environment hook '/home/rhobtor/PHD/ARGOSJ8_IA/ARGOSJ8_IA_/install/fixposition_gnss_tf/share/fixposition_gnss_tf/hook/pkg_config_path.ps1'
[1.786s] DEBUG:colcon.colcon_core.event_handler.log_command:Invoked command in '/home/rhobtor/PHD/ARGOSJ8_IA/ARGOSJ8_IA_/build/fixposition_gnss_tf' returned '0': CMAKE_PREFIX_PATH=${CMAKE_PREFIX_PATH}:/home/rhobtor/PHD/ARGOSJ8_IA/ARGOSJ8_IA_/install/ntrip_client:/home/rhobtor/PHD/ARGOSJ8_IA/ARGOSJ8_IA_/install/j8_gui:/home/rhobtor/PHD/ARGOSJ8_IA/ARGOSJ8_IA_/install/car:/home/rhobtor/PHD/ARGOSJ8_IA/ARGOSJ8_IA_/install/android_ros2_server:/home/rhobtor/PHD/ARGOSJ8_IA/ARGOSJ8_IA_/install/GUI_pkg:/home/rhobtor/reactive/Reactive-Navegation/workspace_full_conected/install/car:/opt/ros/humble /usr/bin/cmake --install /home/rhobtor/PHD/ARGOSJ8_IA/ARGOSJ8_IA_/build/fixposition_gnss_tf
[1.786s] INFO:colcon.colcon_core.shell:Creating environment descriptor '/home/rhobtor/PHD/ARGOSJ8_IA/ARGOSJ8_IA_/install/fixposition_gnss_tf/share/fixposition_gnss_tf/hook/pkg_config_path.dsv'
[1.787s] INFO:colcon.colcon_core.shell:Creating environment hook '/home/rhobtor/PHD/ARGOSJ8_IA/ARGOSJ8_IA_/install/fixposition_gnss_tf/share/fixposition_gnss_tf/hook/pkg_config_path.sh'
[1.789s] Level 1:colcon.colcon_core.shell:create_environment_hook('fixposition_gnss_tf', 'pkg_config_path_multiarch')
[1.789s] INFO:colcon.colcon_core.shell:Creating environment hook '/home/rhobtor/PHD/ARGOSJ8_IA/ARGOSJ8_IA_/install/fixposition_gnss_tf/share/fixposition_gnss_tf/hook/pkg_config_path_multiarch.ps1'
[1.789s] INFO:colcon.colcon_core.shell:Creating environment descriptor '/home/rhobtor/PHD/ARGOSJ8_IA/ARGOSJ8_IA_/install/fixposition_gnss_tf/share/fixposition_gnss_tf/hook/pkg_config_path_multiarch.dsv'
[1.790s] INFO:colcon.colcon_core.shell:Creating environment hook '/home/rhobtor/PHD/ARGOSJ8_IA/ARGOSJ8_IA_/install/fixposition_gnss_tf/share/fixposition_gnss_tf/hook/pkg_config_path_multiarch.sh'
[1.791s] Level 1:colcon.colcon_core.environment:create_environment_scripts_only(fixposition_gnss_tf)
[1.791s] Level 1:colcon.colcon_core.environment:checking '/home/rhobtor/PHD/ARGOSJ8_IA/ARGOSJ8_IA_/install/fixposition_gnss_tf' for CMake module files
[1.791s] Level 1:colcon.colcon_core.environment:checking '/home/rhobtor/PHD/ARGOSJ8_IA/ARGOSJ8_IA_/install/fixposition_gnss_tf' for CMake config files
[1.791s] Level 1:colcon.colcon_core.shell:create_environment_hook('fixposition_gnss_tf', 'cmake_prefix_path')
[1.792s] INFO:colcon.colcon_core.shell:Creating environment hook '/home/rhobtor/PHD/ARGOSJ8_IA/ARGOSJ8_IA_/install/fixposition_gnss_tf/share/fixposition_gnss_tf/hook/cmake_prefix_path.ps1'
[1.811s] INFO:colcon.colcon_core.shell:Creating environment descriptor '/home/rhobtor/PHD/ARGOSJ8_IA/ARGOSJ8_IA_/install/fixposition_gnss_tf/share/fixposition_gnss_tf/hook/cmake_prefix_path.dsv'
[1.812s] INFO:colcon.colcon_core.shell:Creating environment hook '/home/rhobtor/PHD/ARGOSJ8_IA/ARGOSJ8_IA_/install/fixposition_gnss_tf/share/fixposition_gnss_tf/hook/cmake_prefix_path.sh'
[1.813s] Level 1:colcon.colcon_core.environment:checking '/home/rhobtor/PHD/ARGOSJ8_IA/ARGOSJ8_IA_/install/fixposition_gnss_tf/lib'
[1.813s] Level 1:colcon.colcon_core.shell:create_environment_hook('fixposition_gnss_tf', 'ld_library_path_lib')
[1.813s] INFO:colcon.colcon_core.shell:Creating environment hook '/home/rhobtor/PHD/ARGOSJ8_IA/ARGOSJ8_IA_/install/fixposition_gnss_tf/share/fixposition_gnss_tf/hook/ld_library_path_lib.ps1'
[1.814s] INFO:colcon.colcon_core.shell:Creating environment descriptor '/home/rhobtor/PHD/ARGOSJ8_IA/ARGOSJ8_IA_/install/fixposition_gnss_tf/share/fixposition_gnss_tf/hook/ld_library_path_lib.dsv'
[1.814s] INFO:colcon.colcon_core.shell:Creating environment hook '/home/rhobtor/PHD/ARGOSJ8_IA/ARGOSJ8_IA_/install/fixposition_gnss_tf/share/fixposition_gnss_tf/hook/ld_library_path_lib.sh'
[1.815s] Level 1:colcon.colcon_core.environment:checking '/home/rhobtor/PHD/ARGOSJ8_IA/ARGOSJ8_IA_/install/fixposition_gnss_tf/bin'
[1.815s] Level 1:colcon.colcon_core.environment:checking '/home/rhobtor/PHD/ARGOSJ8_IA/ARGOSJ8_IA_/install/fixposition_gnss_tf/lib/pkgconfig/fixposition_gnss_tf.pc'
[1.815s] Level 1:colcon.colcon_core.environment:checking '/home/rhobtor/PHD/ARGOSJ8_IA/ARGOSJ8_IA_/install/fixposition_gnss_tf/lib/python3.10/site-packages'
[1.815s] Level 1:colcon.colcon_core.environment:checking '/home/rhobtor/PHD/ARGOSJ8_IA/ARGOSJ8_IA_/install/fixposition_gnss_tf/bin'
[1.815s] INFO:colcon.colcon_core.shell:Creating package script '/home/rhobtor/PHD/ARGOSJ8_IA/ARGOSJ8_IA_/install/fixposition_gnss_tf/share/fixposition_gnss_tf/package.ps1'
[1.816s] INFO:colcon.colcon_core.shell:Creating package descriptor '/home/rhobtor/PHD/ARGOSJ8_IA/ARGOSJ8_IA_/install/fixposition_gnss_tf/share/fixposition_gnss_tf/package.dsv'
[1.816s] INFO:colcon.colcon_core.shell:Creating package script '/home/rhobtor/PHD/ARGOSJ8_IA/ARGOSJ8_IA_/install/fixposition_gnss_tf/share/fixposition_gnss_tf/package.sh'
[1.817s] INFO:colcon.colcon_core.shell:Creating package script '/home/rhobtor/PHD/ARGOSJ8_IA/ARGOSJ8_IA_/install/fixposition_gnss_tf/share/fixposition_gnss_tf/package.bash'
[1.817s] INFO:colcon.colcon_core.shell:Creating package script '/home/rhobtor/PHD/ARGOSJ8_IA/ARGOSJ8_IA_/install/fixposition_gnss_tf/share/fixposition_gnss_tf/package.zsh'
[1.826s] Level 1:colcon.colcon_core.environment:create_file_with_runtime_dependencies(/home/rhobtor/PHD/ARGOSJ8_IA/ARGOSJ8_IA_/install/fixposition_gnss_tf/share/colcon-core/packages/fixposition_gnss_tf)
[1.827s] INFO:colcon.colcon_ros.task.ament_cmake.build:Building ROS package in '/home/rhobtor/PHD/ARGOSJ8_IA/ARGOSJ8_IA_/src/argo_drivers_pkgs/ublox/ublox_msgs' with build type 'ament_cmake'
[1.827s] INFO:colcon.colcon_cmake.task.cmake.build:Building CMake package in '/home/rhobtor/PHD/ARGOSJ8_IA/ARGOSJ8_IA_/src/argo_drivers_pkgs/ublox/ublox_msgs'
[1.827s] INFO:colcon.colcon_core.shell:Skip shell extension 'powershell' for command environment: Not usable outside of PowerShell
[1.827s] DEBUG:colcon.colcon_core.shell:Skip shell extension 'dsv' for command environment
[1.835s] INFO:colcon.colcon_ros.task.cmake.build:Building ROS package in '/home/rhobtor/PHD/ARGOSJ8_IA/ARGOSJ8_IA_/src/argo_drivers_pkgs/Fixposition_driver_pkg/fixposition_driver-main/fixposition_driver_lib' with build type 'cmake'
[1.835s] INFO:colcon.colcon_cmake.task.cmake.build:Building CMake package in '/home/rhobtor/PHD/ARGOSJ8_IA/ARGOSJ8_IA_/src/argo_drivers_pkgs/Fixposition_driver_pkg/fixposition_driver-main/fixposition_driver_lib'
[1.835s] INFO:colcon.colcon_core.shell:Skip shell extension 'powershell' for command environment: Not usable outside of PowerShell
[1.835s] DEBUG:colcon.colcon_core.shell:Skip shell extension 'dsv' for command environment
[1.847s] INFO:colcon.colcon_ros.task.ament_cmake.build:Building ROS package in '/home/rhobtor/PHD/ARGOSJ8_IA/ARGOSJ8_IA_/src/j8_joystick/joy' with build type 'ament_cmake'
[1.847s] INFO:colcon.colcon_cmake.task.cmake.build:Building CMake package in '/home/rhobtor/PHD/ARGOSJ8_IA/ARGOSJ8_IA_/src/j8_joystick/joy'
[1.847s] INFO:colcon.colcon_core.shell:Skip shell extension 'powershell' for command environment: Not usable outside of PowerShell
[1.847s] DEBUG:colcon.colcon_core.shell:Skip shell extension 'dsv' for command environment
[1.870s] DEBUG:colcon.colcon_core.event_handler.log_command:Invoked command in '/home/rhobtor/PHD/ARGOSJ8_IA/ARGOSJ8_IA_/build/spacenav' returned '0': CMAKE_PREFIX_PATH=${CMAKE_PREFIX_PATH}:/home/rhobtor/PHD/ARGOSJ8_IA/ARGOSJ8_IA_/install/ntrip_client:/home/rhobtor/PHD/ARGOSJ8_IA/ARGOSJ8_IA_/install/j8_gui:/home/rhobtor/PHD/ARGOSJ8_IA/ARGOSJ8_IA_/install/car:/home/rhobtor/PHD/ARGOSJ8_IA/ARGOSJ8_IA_/install/android_ros2_server:/home/rhobtor/PHD/ARGOSJ8_IA/ARGOSJ8_IA_/install/GUI_pkg:/home/rhobtor/reactive/Reactive-Navegation/workspace_full_conected/install/car:/opt/ros/humble /usr/bin/cmake --build /home/rhobtor/PHD/ARGOSJ8_IA/ARGOSJ8_IA_/build/spacenav -- -j20 -l20
[1.872s] DEBUG:colcon.colcon_core.event_handler.log_command:Invoking command in '/home/rhobtor/PHD/ARGOSJ8_IA/ARGOSJ8_IA_/build/spacenav': CMAKE_PREFIX_PATH=${CMAKE_PREFIX_PATH}:/home/rhobtor/PHD/ARGOSJ8_IA/ARGOSJ8_IA_/install/ntrip_client:/home/rhobtor/PHD/ARGOSJ8_IA/ARGOSJ8_IA_/install/j8_gui:/home/rhobtor/PHD/ARGOSJ8_IA/ARGOSJ8_IA_/install/car:/home/rhobtor/PHD/ARGOSJ8_IA/ARGOSJ8_IA_/install/android_ros2_server:/home/rhobtor/PHD/ARGOSJ8_IA/ARGOSJ8_IA_/install/GUI_pkg:/home/rhobtor/reactive/Reactive-Navegation/workspace_full_conected/install/car:/opt/ros/humble /usr/bin/cmake --install /home/rhobtor/PHD/ARGOSJ8_IA/ARGOSJ8_IA_/build/spacenav
[1.872s] Level 1:colcon.colcon_core.environment:create_environment_scripts_only(argj801_setup)
[1.873s] Level 1:colcon.colcon_core.environment:checking '/home/rhobtor/PHD/ARGOSJ8_IA/ARGOSJ8_IA_/install/argj801_setup' for CMake module files
[1.873s] DEBUG:colcon.colcon_core.event_handler.log_command:Invoked command in '/home/rhobtor/PHD/ARGOSJ8_IA/ARGOSJ8_IA_/build/argj801_setup' returned '0': CMAKE_PREFIX_PATH=${CMAKE_PREFIX_PATH}:/home/rhobtor/PHD/ARGOSJ8_IA/ARGOSJ8_IA_/install/ntrip_client:/home/rhobtor/PHD/ARGOSJ8_IA/ARGOSJ8_IA_/install/j8_gui:/home/rhobtor/PHD/ARGOSJ8_IA/ARGOSJ8_IA_/install/car:/home/rhobtor/PHD/ARGOSJ8_IA/ARGOSJ8_IA_/install/android_ros2_server:/home/rhobtor/PHD/ARGOSJ8_IA/ARGOSJ8_IA_/install/GUI_pkg:/home/rhobtor/reactive/Reactive-Navegation/workspace_full_conected/install/car:/opt/ros/humble /usr/bin/cmake --install /home/rhobtor/PHD/ARGOSJ8_IA/ARGOSJ8_IA_/build/argj801_setup
[1.874s] Level 1:colcon.colcon_core.environment:checking '/home/rhobtor/PHD/ARGOSJ8_IA/ARGOSJ8_IA_/install/argj801_setup' for CMake config files
[1.874s] Level 1:colcon.colcon_core.shell:create_environment_hook('argj801_setup', 'cmake_prefix_path')
[1.874s] INFO:colcon.colcon_core.shell:Creating environment hook '/home/rhobtor/PHD/ARGOSJ8_IA/ARGOSJ8_IA_/install/argj801_setup/share/argj801_setup/hook/cmake_prefix_path.ps1'
[2.087s] INFO:colcon.colcon_core.shell:Creating environment descriptor '/home/rhobtor/PHD/ARGOSJ8_IA/ARGOSJ8_IA_/install/argj801_setup/share/argj801_setup/hook/cmake_prefix_path.dsv'
[2.100s] INFO:colcon.colcon_core.shell:Creating environment hook '/home/rhobtor/PHD/ARGOSJ8_IA/ARGOSJ8_IA_/install/argj801_setup/share/argj801_setup/hook/cmake_prefix_path.sh'
[2.101s] Level 1:colcon.colcon_core.environment:checking '/home/rhobtor/PHD/ARGOSJ8_IA/ARGOSJ8_IA_/install/argj801_setup/bin'
[2.101s] Level 1:colcon.colcon_core.environment:checking '/home/rhobtor/PHD/ARGOSJ8_IA/ARGOSJ8_IA_/install/argj801_setup/lib/pkgconfig/argj801_setup.pc'
[2.101s] Level 1:colcon.colcon_core.environment:checking '/home/rhobtor/PHD/ARGOSJ8_IA/ARGOSJ8_IA_/install/argj801_setup/lib/python3.10/site-packages'
[2.102s] Level 1:colcon.colcon_core.environment:checking '/home/rhobtor/PHD/ARGOSJ8_IA/ARGOSJ8_IA_/install/argj801_setup/bin'
[2.102s] INFO:colcon.colcon_core.shell:Creating package script '/home/rhobtor/PHD/ARGOSJ8_IA/ARGOSJ8_IA_/install/argj801_setup/share/argj801_setup/package.ps1'
[2.102s] INFO:colcon.colcon_core.shell:Creating package descriptor '/home/rhobtor/PHD/ARGOSJ8_IA/ARGOSJ8_IA_/install/argj801_setup/share/argj801_setup/package.dsv'
[2.103s] INFO:colcon.colcon_core.shell:Creating package script '/home/rhobtor/PHD/ARGOSJ8_IA/ARGOSJ8_IA_/install/argj801_setup/share/argj801_setup/package.sh'
[2.104s] INFO:colcon.colcon_core.shell:Creating package script '/home/rhobtor/PHD/ARGOSJ8_IA/ARGOSJ8_IA_/install/argj801_setup/share/argj801_setup/package.bash'
[2.104s] INFO:colcon.colcon_core.shell:Creating package script '/home/rhobtor/PHD/ARGOSJ8_IA/ARGOSJ8_IA_/install/argj801_setup/share/argj801_setup/package.zsh'
[2.104s] Level 1:colcon.colcon_core.environment:create_file_with_runtime_dependencies(/home/rhobtor/PHD/ARGOSJ8_IA/ARGOSJ8_IA_/install/argj801_setup/share/colcon-core/packages/argj801_setup)
[2.105s] Level 1:colcon.colcon_core.environment:create_environment_scripts_only(argj801_setup)
[2.105s] Level 1:colcon.colcon_core.environment:checking '/home/rhobtor/PHD/ARGOSJ8_IA/ARGOSJ8_IA_/install/argj801_setup' for CMake module files
[2.106s] Level 1:colcon.colcon_core.environment:checking '/home/rhobtor/PHD/ARGOSJ8_IA/ARGOSJ8_IA_/install/argj801_setup' for CMake config files
[2.106s] Level 1:colcon.colcon_core.shell:create_environment_hook('argj801_setup', 'cmake_prefix_path')
[2.106s] INFO:colcon.colcon_core.shell:Creating environment hook '/home/rhobtor/PHD/ARGOSJ8_IA/ARGOSJ8_IA_/install/argj801_setup/share/argj801_setup/hook/cmake_prefix_path.ps1'
[2.107s] INFO:colcon.colcon_core.shell:Creating environment descriptor '/home/rhobtor/PHD/ARGOSJ8_IA/ARGOSJ8_IA_/install/argj801_setup/share/argj801_setup/hook/cmake_prefix_path.dsv'
[2.107s] INFO:colcon.colcon_core.shell:Creating environment hook '/home/rhobtor/PHD/ARGOSJ8_IA/ARGOSJ8_IA_/install/argj801_setup/share/argj801_setup/hook/cmake_prefix_path.sh'
[2.107s] Level 1:colcon.colcon_core.environment:checking '/home/rhobtor/PHD/ARGOSJ8_IA/ARGOSJ8_IA_/install/argj801_setup/bin'
[2.107s] Level 1:colcon.colcon_core.environment:checking '/home/rhobtor/PHD/ARGOSJ8_IA/ARGOSJ8_IA_/install/argj801_setup/lib/pkgconfig/argj801_setup.pc'
[2.107s] Level 1:colcon.colcon_core.environment:checking '/home/rhobtor/PHD/ARGOSJ8_IA/ARGOSJ8_IA_/install/argj801_setup/lib/python3.10/site-packages'
[2.107s] Level 1:colcon.colcon_core.environment:checking '/home/rhobtor/PHD/ARGOSJ8_IA/ARGOSJ8_IA_/install/argj801_setup/bin'
[2.108s] INFO:colcon.colcon_core.shell:Creating package script '/home/rhobtor/PHD/ARGOSJ8_IA/ARGOSJ8_IA_/install/argj801_setup/share/argj801_setup/package.ps1'
[2.108s] INFO:colcon.colcon_core.shell:Creating package descriptor '/home/rhobtor/PHD/ARGOSJ8_IA/ARGOSJ8_IA_/install/argj801_setup/share/argj801_setup/package.dsv'
[2.108s] INFO:colcon.colcon_core.shell:Creating package script '/home/rhobtor/PHD/ARGOSJ8_IA/ARGOSJ8_IA_/install/argj801_setup/share/argj801_setup/package.sh'
[2.109s] INFO:colcon.colcon_core.shell:Creating package script '/home/rhobtor/PHD/ARGOSJ8_IA/ARGOSJ8_IA_/install/argj801_setup/share/argj801_setup/package.bash'
[2.109s] INFO:colcon.colcon_core.shell:Creating package script '/home/rhobtor/PHD/ARGOSJ8_IA/ARGOSJ8_IA_/install/argj801_setup/share/argj801_setup/package.zsh'
[2.109s] Level 1:colcon.colcon_core.environment:create_file_with_runtime_dependencies(/home/rhobtor/PHD/ARGOSJ8_IA/ARGOSJ8_IA_/install/argj801_setup/share/colcon-core/packages/argj801_setup)
[2.111s] Level 1:colcon.colcon_core.environment:create_environment_scripts_only(fixposition_sensor_pkg)
[2.111s] Level 1:colcon.colcon_core.environment:checking '/home/rhobtor/PHD/ARGOSJ8_IA/ARGOSJ8_IA_/install/fixposition_sensor_pkg' for CMake module files
[2.112s] DEBUG:colcon.colcon_core.event_handler.log_command:Invoked command in '/home/rhobtor/PHD/ARGOSJ8_IA/ARGOSJ8_IA_/build/fixposition_sensor_pkg' returned '0': CMAKE_PREFIX_PATH=${CMAKE_PREFIX_PATH}:/home/rhobtor/PHD/ARGOSJ8_IA/ARGOSJ8_IA_/install/ntrip_client:/home/rhobtor/PHD/ARGOSJ8_IA/ARGOSJ8_IA_/install/j8_gui:/home/rhobtor/PHD/ARGOSJ8_IA/ARGOSJ8_IA_/install/car:/home/rhobtor/PHD/ARGOSJ8_IA/ARGOSJ8_IA_/install/android_ros2_server:/home/rhobtor/PHD/ARGOSJ8_IA/ARGOSJ8_IA_/install/GUI_pkg:/home/rhobtor/reactive/Reactive-Navegation/workspace_full_conected/install/car:/opt/ros/humble /usr/bin/cmake --install /home/rhobtor/PHD/ARGOSJ8_IA/ARGOSJ8_IA_/build/fixposition_sensor_pkg
[2.112s] Level 1:colcon.colcon_core.environment:checking '/home/rhobtor/PHD/ARGOSJ8_IA/ARGOSJ8_IA_/install/fixposition_sensor_pkg' for CMake config files
[2.112s] Level 1:colcon.colcon_core.shell:create_environment_hook('fixposition_sensor_pkg', 'cmake_prefix_path')
[2.113s] INFO:colcon.colcon_core.shell:Creating environment hook '/home/rhobtor/PHD/ARGOSJ8_IA/ARGOSJ8_IA_/install/fixposition_sensor_pkg/share/fixposition_sensor_pkg/hook/cmake_prefix_path.ps1'
[2.113s] INFO:colcon.colcon_core.shell:Creating environment descriptor '/home/rhobtor/PHD/ARGOSJ8_IA/ARGOSJ8_IA_/install/fixposition_sensor_pkg/share/fixposition_sensor_pkg/hook/cmake_prefix_path.dsv'
[2.114s] INFO:colcon.colcon_core.shell:Creating environment hook '/home/rhobtor/PHD/ARGOSJ8_IA/ARGOSJ8_IA_/install/fixposition_sensor_pkg/share/fixposition_sensor_pkg/hook/cmake_prefix_path.sh'
[2.115s] Level 1:colcon.colcon_core.environment:checking '/home/rhobtor/PHD/ARGOSJ8_IA/ARGOSJ8_IA_/install/fixposition_sensor_pkg/lib'
[2.115s] Level 1:colcon.colcon_core.shell:create_environment_hook('fixposition_sensor_pkg', 'ld_library_path_lib')
[2.115s] INFO:colcon.colcon_core.shell:Creating environment hook '/home/rhobtor/PHD/ARGOSJ8_IA/ARGOSJ8_IA_/install/fixposition_sensor_pkg/share/fixposition_sensor_pkg/hook/ld_library_path_lib.ps1'
[2.115s] INFO:colcon.colcon_core.shell:Creating environment descriptor '/home/rhobtor/PHD/ARGOSJ8_IA/ARGOSJ8_IA_/install/fixposition_sensor_pkg/share/fixposition_sensor_pkg/hook/ld_library_path_lib.dsv'
[2.116s] INFO:colcon.colcon_core.shell:Creating environment hook '/home/rhobtor/PHD/ARGOSJ8_IA/ARGOSJ8_IA_/install/fixposition_sensor_pkg/share/fixposition_sensor_pkg/hook/ld_library_path_lib.sh'
[2.116s] Level 1:colcon.colcon_core.environment:checking '/home/rhobtor/PHD/ARGOSJ8_IA/ARGOSJ8_IA_/install/fixposition_sensor_pkg/bin'
[2.116s] Level 1:colcon.colcon_core.environment:checking '/home/rhobtor/PHD/ARGOSJ8_IA/ARGOSJ8_IA_/install/fixposition_sensor_pkg/lib/pkgconfig/fixposition_sensor_pkg.pc'
[2.116s] Level 1:colcon.colcon_core.environment:checking '/home/rhobtor/PHD/ARGOSJ8_IA/ARGOSJ8_IA_/install/fixposition_sensor_pkg/lib/python3.10/site-packages'
[2.116s] Level 1:colcon.colcon_core.environment:checking '/home/rhobtor/PHD/ARGOSJ8_IA/ARGOSJ8_IA_/install/fixposition_sensor_pkg/bin'
[2.116s] INFO:colcon.colcon_core.shell:Creating package script '/home/rhobtor/PHD/ARGOSJ8_IA/ARGOSJ8_IA_/install/fixposition_sensor_pkg/share/fixposition_sensor_pkg/package.ps1'
[2.117s] INFO:colcon.colcon_core.shell:Creating package descriptor '/home/rhobtor/PHD/ARGOSJ8_IA/ARGOSJ8_IA_/install/fixposition_sensor_pkg/share/fixposition_sensor_pkg/package.dsv'
[2.117s] INFO:colcon.colcon_core.shell:Creating package script '/home/rhobtor/PHD/ARGOSJ8_IA/ARGOSJ8_IA_/install/fixposition_sensor_pkg/share/fixposition_sensor_pkg/package.sh'
[2.117s] INFO:colcon.colcon_core.shell:Creating package script '/home/rhobtor/PHD/ARGOSJ8_IA/ARGOSJ8_IA_/install/fixposition_sensor_pkg/share/fixposition_sensor_pkg/package.bash'
[2.118s] INFO:colcon.colcon_core.shell:Creating package script '/home/rhobtor/PHD/ARGOSJ8_IA/ARGOSJ8_IA_/install/fixposition_sensor_pkg/share/fixposition_sensor_pkg/package.zsh'
[2.119s] Level 1:colcon.colcon_core.environment:create_file_with_runtime_dependencies(/home/rhobtor/PHD/ARGOSJ8_IA/ARGOSJ8_IA_/install/fixposition_sensor_pkg/share/colcon-core/packages/fixposition_sensor_pkg)
[2.119s] Level 1:colcon.colcon_core.environment:create_environment_scripts_only(fixposition_sensor_pkg)
[2.119s] Level 1:colcon.colcon_core.environment:checking '/home/rhobtor/PHD/ARGOSJ8_IA/ARGOSJ8_IA_/install/fixposition_sensor_pkg' for CMake module files
[2.119s] Level 1:colcon.colcon_core.environment:checking '/home/rhobtor/PHD/ARGOSJ8_IA/ARGOSJ8_IA_/install/fixposition_sensor_pkg' for CMake config files
[2.119s] Level 1:colcon.colcon_core.shell:create_environment_hook('fixposition_sensor_pkg', 'cmake_prefix_path')
[2.120s] INFO:colcon.colcon_core.shell:Creating environment hook '/home/rhobtor/PHD/ARGOSJ8_IA/ARGOSJ8_IA_/install/fixposition_sensor_pkg/share/fixposition_sensor_pkg/hook/cmake_prefix_path.ps1'
[2.120s] INFO:colcon.colcon_core.shell:Creating environment descriptor '/home/rhobtor/PHD/ARGOSJ8_IA/ARGOSJ8_IA_/install/fixposition_sensor_pkg/share/fixposition_sensor_pkg/hook/cmake_prefix_path.dsv'
[2.120s] INFO:colcon.colcon_core.shell:Creating environment hook '/home/rhobtor/PHD/ARGOSJ8_IA/ARGOSJ8_IA_/install/fixposition_sensor_pkg/share/fixposition_sensor_pkg/hook/cmake_prefix_path.sh'
[2.120s] Level 1:colcon.colcon_core.environment:checking '/home/rhobtor/PHD/ARGOSJ8_IA/ARGOSJ8_IA_/install/fixposition_sensor_pkg/lib'
[2.120s] Level 1:colcon.colcon_core.shell:create_environment_hook('fixposition_sensor_pkg', 'ld_library_path_lib')
[2.121s] INFO:colcon.colcon_core.shell:Creating environment hook '/home/rhobtor/PHD/ARGOSJ8_IA/ARGOSJ8_IA_/install/fixposition_sensor_pkg/share/fixposition_sensor_pkg/hook/ld_library_path_lib.ps1'
[2.121s] INFO:colcon.colcon_core.shell:Creating environment descriptor '/home/rhobtor/PHD/ARGOSJ8_IA/ARGOSJ8_IA_/install/fixposition_sensor_pkg/share/fixposition_sensor_pkg/hook/ld_library_path_lib.dsv'
[2.121s] INFO:colcon.colcon_core.shell:Creating environment hook '/home/rhobtor/PHD/ARGOSJ8_IA/ARGOSJ8_IA_/install/fixposition_sensor_pkg/share/fixposition_sensor_pkg/hook/ld_library_path_lib.sh'
[2.134s] Level 1:colcon.colcon_core.environment:checking '/home/rhobtor/PHD/ARGOSJ8_IA/ARGOSJ8_IA_/install/fixposition_sensor_pkg/bin'
[2.134s] Level 1:colcon.colcon_core.environment:checking '/home/rhobtor/PHD/ARGOSJ8_IA/ARGOSJ8_IA_/install/fixposition_sensor_pkg/lib/pkgconfig/fixposition_sensor_pkg.pc'
[2.134s] Level 1:colcon.colcon_core.environment:checking '/home/rhobtor/PHD/ARGOSJ8_IA/ARGOSJ8_IA_/install/fixposition_sensor_pkg/lib/python3.10/site-packages'
[2.134s] Level 1:colcon.colcon_core.environment:checking '/home/rhobtor/PHD/ARGOSJ8_IA/ARGOSJ8_IA_/install/fixposition_sensor_pkg/bin'
[2.135s] INFO:colcon.colcon_core.shell:Creating package script '/home/rhobtor/PHD/ARGOSJ8_IA/ARGOSJ8_IA_/install/fixposition_sensor_pkg/share/fixposition_sensor_pkg/package.ps1'
[2.136s] INFO:colcon.colcon_core.shell:Creating package descriptor '/home/rhobtor/PHD/ARGOSJ8_IA/ARGOSJ8_IA_/install/fixposition_sensor_pkg/share/fixposition_sensor_pkg/package.dsv'
[2.136s] INFO:colcon.colcon_core.shell:Creating package script '/home/rhobtor/PHD/ARGOSJ8_IA/ARGOSJ8_IA_/install/fixposition_sensor_pkg/share/fixposition_sensor_pkg/package.sh'
[2.202s] INFO:colcon.colcon_core.shell:Creating package script '/home/rhobtor/PHD/ARGOSJ8_IA/ARGOSJ8_IA_/install/fixposition_sensor_pkg/share/fixposition_sensor_pkg/package.bash'
[2.203s] INFO:colcon.colcon_core.shell:Creating package script '/home/rhobtor/PHD/ARGOSJ8_IA/ARGOSJ8_IA_/install/fixposition_sensor_pkg/share/fixposition_sensor_pkg/package.zsh'
[2.203s] Level 1:colcon.colcon_core.environment:create_file_with_runtime_dependencies(/home/rhobtor/PHD/ARGOSJ8_IA/ARGOSJ8_IA_/install/fixposition_sensor_pkg/share/colcon-core/packages/fixposition_sensor_pkg)
[2.204s] Level 1:colcon.colcon_core.environment:create_environment_scripts_only(joy_linux)
[2.204s] Level 1:colcon.colcon_core.environment:checking '/home/rhobtor/PHD/ARGOSJ8_IA/ARGOSJ8_IA_/install/joy_linux' for CMake module files
[2.205s] Level 1:colcon.colcon_core.environment:checking '/home/rhobtor/PHD/ARGOSJ8_IA/ARGOSJ8_IA_/install/joy_linux' for CMake config files
[2.205s] DEBUG:colcon.colcon_core.event_handler.log_command:Invoked command in '/home/rhobtor/PHD/ARGOSJ8_IA/ARGOSJ8_IA_/build/joy_linux' returned '0': CMAKE_PREFIX_PATH=${CMAKE_PREFIX_PATH}:/home/rhobtor/PHD/ARGOSJ8_IA/ARGOSJ8_IA_/install/ntrip_client:/home/rhobtor/PHD/ARGOSJ8_IA/ARGOSJ8_IA_/install/j8_gui:/home/rhobtor/PHD/ARGOSJ8_IA/ARGOSJ8_IA_/install/car:/home/rhobtor/PHD/ARGOSJ8_IA/ARGOSJ8_IA_/install/android_ros2_server:/home/rhobtor/PHD/ARGOSJ8_IA/ARGOSJ8_IA_/install/GUI_pkg:/home/rhobtor/reactive/Reactive-Navegation/workspace_full_conected/install/car:/opt/ros/humble /usr/bin/cmake --install /home/rhobtor/PHD/ARGOSJ8_IA/ARGOSJ8_IA_/build/joy_linux
[2.205s] Level 1:colcon.colcon_core.shell:create_environment_hook('joy_linux', 'cmake_prefix_path')
[2.205s] INFO:colcon.colcon_core.shell:Creating environment hook '/home/rhobtor/PHD/ARGOSJ8_IA/ARGOSJ8_IA_/install/joy_linux/share/joy_linux/hook/cmake_prefix_path.ps1'
[2.206s] INFO:colcon.colcon_core.shell:Creating environment descriptor '/home/rhobtor/PHD/ARGOSJ8_IA/ARGOSJ8_IA_/install/joy_linux/share/joy_linux/hook/cmake_prefix_path.dsv'
[2.206s] INFO:colcon.colcon_core.shell:Creating environment hook '/home/rhobtor/PHD/ARGOSJ8_IA/ARGOSJ8_IA_/install/joy_linux/share/joy_linux/hook/cmake_prefix_path.sh'
[2.207s] Level 1:colcon.colcon_core.environment:checking '/home/rhobtor/PHD/ARGOSJ8_IA/ARGOSJ8_IA_/install/joy_linux/lib'
[2.207s] Level 1:colcon.colcon_core.environment:checking '/home/rhobtor/PHD/ARGOSJ8_IA/ARGOSJ8_IA_/install/joy_linux/bin'
[2.207s] Level 1:colcon.colcon_core.environment:checking '/home/rhobtor/PHD/ARGOSJ8_IA/ARGOSJ8_IA_/install/joy_linux/lib/pkgconfig/joy_linux.pc'
[2.207s] Level 1:colcon.colcon_core.environment:checking '/home/rhobtor/PHD/ARGOSJ8_IA/ARGOSJ8_IA_/install/joy_linux/lib/python3.10/site-packages'
[2.207s] Level 1:colcon.colcon_core.environment:checking '/home/rhobtor/PHD/ARGOSJ8_IA/ARGOSJ8_IA_/install/joy_linux/bin'
[2.207s] INFO:colcon.colcon_core.shell:Creating package script '/home/rhobtor/PHD/ARGOSJ8_IA/ARGOSJ8_IA_/install/joy_linux/share/joy_linux/package.ps1'
[2.208s] INFO:colcon.colcon_core.shell:Creating package descriptor '/home/rhobtor/PHD/ARGOSJ8_IA/ARGOSJ8_IA_/install/joy_linux/share/joy_linux/package.dsv'
[2.209s] INFO:colcon.colcon_core.shell:Creating package script '/home/rhobtor/PHD/ARGOSJ8_IA/ARGOSJ8_IA_/install/joy_linux/share/joy_linux/package.sh'
[2.209s] INFO:colcon.colcon_core.shell:Creating package script '/home/rhobtor/PHD/ARGOSJ8_IA/ARGOSJ8_IA_/install/joy_linux/share/joy_linux/package.bash'
[2.209s] INFO:colcon.colcon_core.shell:Creating package script '/home/rhobtor/PHD/ARGOSJ8_IA/ARGOSJ8_IA_/install/joy_linux/share/joy_linux/package.zsh'
[2.210s] Level 1:colcon.colcon_core.environment:create_file_with_runtime_dependencies(/home/rhobtor/PHD/ARGOSJ8_IA/ARGOSJ8_IA_/install/joy_linux/share/colcon-core/packages/joy_linux)
[2.211s] Level 1:colcon.colcon_core.environment:create_environment_scripts_only(joy_linux)
[2.211s] Level 1:colcon.colcon_core.environment:checking '/home/rhobtor/PHD/ARGOSJ8_IA/ARGOSJ8_IA_/install/joy_linux' for CMake module files
[2.212s] Level 1:colcon.colcon_core.environment:checking '/home/rhobtor/PHD/ARGOSJ8_IA/ARGOSJ8_IA_/install/joy_linux' for CMake config files
[2.212s] Level 1:colcon.colcon_core.shell:create_environment_hook('joy_linux', 'cmake_prefix_path')
[2.212s] INFO:colcon.colcon_core.shell:Creating environment hook '/home/rhobtor/PHD/ARGOSJ8_IA/ARGOSJ8_IA_/install/joy_linux/share/joy_linux/hook/cmake_prefix_path.ps1'
[2.238s] INFO:colcon.colcon_core.shell:Creating environment descriptor '/home/rhobtor/PHD/ARGOSJ8_IA/ARGOSJ8_IA_/install/joy_linux/share/joy_linux/hook/cmake_prefix_path.dsv'
[2.239s] INFO:colcon.colcon_core.shell:Creating environment hook '/home/rhobtor/PHD/ARGOSJ8_IA/ARGOSJ8_IA_/install/joy_linux/share/joy_linux/hook/cmake_prefix_path.sh'
[2.256s] Level 1:colcon.colcon_core.environment:checking '/home/rhobtor/PHD/ARGOSJ8_IA/ARGOSJ8_IA_/install/joy_linux/lib'
[2.256s] Level 1:colcon.colcon_core.environment:checking '/home/rhobtor/PHD/ARGOSJ8_IA/ARGOSJ8_IA_/install/joy_linux/bin'
[2.256s] Level 1:colcon.colcon_core.environment:checking '/home/rhobtor/PHD/ARGOSJ8_IA/ARGOSJ8_IA_/install/joy_linux/lib/pkgconfig/joy_linux.pc'
[2.256s] Level 1:colcon.colcon_core.environment:checking '/home/rhobtor/PHD/ARGOSJ8_IA/ARGOSJ8_IA_/install/joy_linux/lib/python3.10/site-packages'
[2.256s] Level 1:colcon.colcon_core.environment:checking '/home/rhobtor/PHD/ARGOSJ8_IA/ARGOSJ8_IA_/install/joy_linux/bin'
[2.257s] INFO:colcon.colcon_core.shell:Creating package script '/home/rhobtor/PHD/ARGOSJ8_IA/ARGOSJ8_IA_/install/joy_linux/share/joy_linux/package.ps1'
[2.266s] INFO:colcon.colcon_core.shell:Creating package descriptor '/home/rhobtor/PHD/ARGOSJ8_IA/ARGOSJ8_IA_/install/joy_linux/share/joy_linux/package.dsv'
[2.266s] INFO:colcon.colcon_core.shell:Creating package script '/home/rhobtor/PHD/ARGOSJ8_IA/ARGOSJ8_IA_/install/joy_linux/share/joy_linux/package.sh'
[2.267s] INFO:colcon.colcon_core.shell:Creating package script '/home/rhobtor/PHD/ARGOSJ8_IA/ARGOSJ8_IA_/install/joy_linux/share/joy_linux/package.bash'
[2.268s] INFO:colcon.colcon_core.shell:Creating package script '/home/rhobtor/PHD/ARGOSJ8_IA/ARGOSJ8_IA_/install/joy_linux/share/joy_linux/package.zsh'
[2.269s] Level 1:colcon.colcon_core.environment:create_file_with_runtime_dependencies(/home/rhobtor/PHD/ARGOSJ8_IA/ARGOSJ8_IA_/install/joy_linux/share/colcon-core/packages/joy_linux)
[2.271s] Level 1:colcon.colcon_core.environment:create_environment_scripts_only(argj801_sensors_msgs)
[2.271s] Level 1:colcon.colcon_core.environment:checking '/home/rhobtor/PHD/ARGOSJ8_IA/ARGOSJ8_IA_/install/argj801_sensors_msgs' for CMake module files
[2.273s] DEBUG:colcon.colcon_core.event_handler.log_command:Invoked command in '/home/rhobtor/PHD/ARGOSJ8_IA/ARGOSJ8_IA_/build/argj801_sensors_msgs' returned '0': CMAKE_PREFIX_PATH=${CMAKE_PREFIX_PATH}:/home/rhobtor/PHD/ARGOSJ8_IA/ARGOSJ8_IA_/install/ntrip_client:/home/rhobtor/PHD/ARGOSJ8_IA/ARGOSJ8_IA_/install/j8_gui:/home/rhobtor/PHD/ARGOSJ8_IA/ARGOSJ8_IA_/install/car:/home/rhobtor/PHD/ARGOSJ8_IA/ARGOSJ8_IA_/install/android_ros2_server:/home/rhobtor/PHD/ARGOSJ8_IA/ARGOSJ8_IA_/install/GUI_pkg:/home/rhobtor/reactive/Reactive-Navegation/workspace_full_conected/install/car:/opt/ros/humble /usr/bin/cmake --install /home/rhobtor/PHD/ARGOSJ8_IA/ARGOSJ8_IA_/build/argj801_sensors_msgs
[2.273s] Level 1:colcon.colcon_core.environment:checking '/home/rhobtor/PHD/ARGOSJ8_IA/ARGOSJ8_IA_/install/argj801_sensors_msgs' for CMake config files
[2.273s] Level 1:colcon.colcon_core.shell:create_environment_hook('argj801_sensors_msgs', 'cmake_prefix_path')
[2.273s] INFO:colcon.colcon_core.shell:Creating environment hook '/home/rhobtor/PHD/ARGOSJ8_IA/ARGOSJ8_IA_/install/argj801_sensors_msgs/share/argj801_sensors_msgs/hook/cmake_prefix_path.ps1'
[2.324s] INFO:colcon.colcon_core.shell:Creating environment descriptor '/home/rhobtor/PHD/ARGOSJ8_IA/ARGOSJ8_IA_/install/argj801_sensors_msgs/share/argj801_sensors_msgs/hook/cmake_prefix_path.dsv'
[2.397s] INFO:colcon.colcon_core.shell:Creating environment hook '/home/rhobtor/PHD/ARGOSJ8_IA/ARGOSJ8_IA_/install/argj801_sensors_msgs/share/argj801_sensors_msgs/hook/cmake_prefix_path.sh'
[2.398s] Level 1:colcon.colcon_core.environment:checking '/home/rhobtor/PHD/ARGOSJ8_IA/ARGOSJ8_IA_/install/argj801_sensors_msgs/lib'
[2.398s] Level 1:colcon.colcon_core.shell:create_environment_hook('argj801_sensors_msgs', 'ld_library_path_lib')
[2.398s] INFO:colcon.colcon_core.shell:Creating environment hook '/home/rhobtor/PHD/ARGOSJ8_IA/ARGOSJ8_IA_/install/argj801_sensors_msgs/share/argj801_sensors_msgs/hook/ld_library_path_lib.ps1'
[2.411s] INFO:colcon.colcon_core.shell:Creating environment descriptor '/home/rhobtor/PHD/ARGOSJ8_IA/ARGOSJ8_IA_/install/argj801_sensors_msgs/share/argj801_sensors_msgs/hook/ld_library_path_lib.dsv'
[2.411s] INFO:colcon.colcon_core.shell:Creating environment hook '/home/rhobtor/PHD/ARGOSJ8_IA/ARGOSJ8_IA_/install/argj801_sensors_msgs/share/argj801_sensors_msgs/hook/ld_library_path_lib.sh'
[2.411s] Level 1:colcon.colcon_core.environment:checking '/home/rhobtor/PHD/ARGOSJ8_IA/ARGOSJ8_IA_/install/argj801_sensors_msgs/bin'
[2.411s] Level 1:colcon.colcon_core.environment:checking '/home/rhobtor/PHD/ARGOSJ8_IA/ARGOSJ8_IA_/install/argj801_sensors_msgs/lib/pkgconfig/argj801_sensors_msgs.pc'
[2.411s] Level 1:colcon.colcon_core.environment:checking '/home/rhobtor/PHD/ARGOSJ8_IA/ARGOSJ8_IA_/install/argj801_sensors_msgs/lib/python3.10/site-packages'
[2.412s] Level 1:colcon.colcon_core.environment:checking '/home/rhobtor/PHD/ARGOSJ8_IA/ARGOSJ8_IA_/install/argj801_sensors_msgs/bin'
[2.412s] INFO:colcon.colcon_core.shell:Creating package script '/home/rhobtor/PHD/ARGOSJ8_IA/ARGOSJ8_IA_/install/argj801_sensors_msgs/share/argj801_sensors_msgs/package.ps1'
[2.412s] INFO:colcon.colcon_core.shell:Creating package descriptor '/home/rhobtor/PHD/ARGOSJ8_IA/ARGOSJ8_IA_/install/argj801_sensors_msgs/share/argj801_sensors_msgs/package.dsv'
[2.413s] INFO:colcon.colcon_core.shell:Creating package script '/home/rhobtor/PHD/ARGOSJ8_IA/ARGOSJ8_IA_/install/argj801_sensors_msgs/share/argj801_sensors_msgs/package.sh'
[2.413s] INFO:colcon.colcon_core.shell:Creating package script '/home/rhobtor/PHD/ARGOSJ8_IA/ARGOSJ8_IA_/install/argj801_sensors_msgs/share/argj801_sensors_msgs/package.bash'
[2.413s] INFO:colcon.colcon_core.shell:Creating package script '/home/rhobtor/PHD/ARGOSJ8_IA/ARGOSJ8_IA_/install/argj801_sensors_msgs/share/argj801_sensors_msgs/package.zsh'
[2.413s] Level 1:colcon.colcon_core.environment:create_file_with_runtime_dependencies(/home/rhobtor/PHD/ARGOSJ8_IA/ARGOSJ8_IA_/install/argj801_sensors_msgs/share/colcon-core/packages/argj801_sensors_msgs)
[2.414s] Level 1:colcon.colcon_core.environment:create_environment_scripts_only(argj801_sensors_msgs)
[2.414s] Level 1:colcon.colcon_core.environment:checking '/home/rhobtor/PHD/ARGOSJ8_IA/ARGOSJ8_IA_/install/argj801_sensors_msgs' for CMake module files
[2.414s] Level 1:colcon.colcon_core.environment:checking '/home/rhobtor/PHD/ARGOSJ8_IA/ARGOSJ8_IA_/install/argj801_sensors_msgs' for CMake config files
[2.415s] Level 1:colcon.colcon_core.shell:create_environment_hook('argj801_sensors_msgs', 'cmake_prefix_path')
[2.415s] INFO:colcon.colcon_core.shell:Creating environment hook '/home/rhobtor/PHD/ARGOSJ8_IA/ARGOSJ8_IA_/install/argj801_sensors_msgs/share/argj801_sensors_msgs/hook/cmake_prefix_path.ps1'
[2.415s] INFO:colcon.colcon_core.shell:Creating environment descriptor '/home/rhobtor/PHD/ARGOSJ8_IA/ARGOSJ8_IA_/install/argj801_sensors_msgs/share/argj801_sensors_msgs/hook/cmake_prefix_path.dsv'
[2.415s] INFO:colcon.colcon_core.shell:Creating environment hook '/home/rhobtor/PHD/ARGOSJ8_IA/ARGOSJ8_IA_/install/argj801_sensors_msgs/share/argj801_sensors_msgs/hook/cmake_prefix_path.sh'
[2.415s] Level 1:colcon.colcon_core.environment:checking '/home/rhobtor/PHD/ARGOSJ8_IA/ARGOSJ8_IA_/install/argj801_sensors_msgs/lib'
[2.415s] Level 1:colcon.colcon_core.shell:create_environment_hook('argj801_sensors_msgs', 'ld_library_path_lib')
[2.416s] INFO:colcon.colcon_core.shell:Creating environment hook '/home/rhobtor/PHD/ARGOSJ8_IA/ARGOSJ8_IA_/install/argj801_sensors_msgs/share/argj801_sensors_msgs/hook/ld_library_path_lib.ps1'
[2.416s] INFO:colcon.colcon_core.shell:Creating environment descriptor '/home/rhobtor/PHD/ARGOSJ8_IA/ARGOSJ8_IA_/install/argj801_sensors_msgs/share/argj801_sensors_msgs/hook/ld_library_path_lib.dsv'
[2.416s] INFO:colcon.colcon_core.shell:Creating environment hook '/home/rhobtor/PHD/ARGOSJ8_IA/ARGOSJ8_IA_/install/argj801_sensors_msgs/share/argj801_sensors_msgs/hook/ld_library_path_lib.sh'
[2.416s] Level 1:colcon.colcon_core.environment:checking '/home/rhobtor/PHD/ARGOSJ8_IA/ARGOSJ8_IA_/install/argj801_sensors_msgs/bin'
[2.416s] Level 1:colcon.colcon_core.environment:checking '/home/rhobtor/PHD/ARGOSJ8_IA/ARGOSJ8_IA_/install/argj801_sensors_msgs/lib/pkgconfig/argj801_sensors_msgs.pc'
[2.416s] Level 1:colcon.colcon_core.environment:checking '/home/rhobtor/PHD/ARGOSJ8_IA/ARGOSJ8_IA_/install/argj801_sensors_msgs/lib/python3.10/site-packages'
[2.416s] Level 1:colcon.colcon_core.environment:checking '/home/rhobtor/PHD/ARGOSJ8_IA/ARGOSJ8_IA_/install/argj801_sensors_msgs/bin'
[2.417s] INFO:colcon.colcon_core.shell:Creating package script '/home/rhobtor/PHD/ARGOSJ8_IA/ARGOSJ8_IA_/install/argj801_sensors_msgs/share/argj801_sensors_msgs/package.ps1'
[2.417s] INFO:colcon.colcon_core.shell:Creating package descriptor '/home/rhobtor/PHD/ARGOSJ8_IA/ARGOSJ8_IA_/install/argj801_sensors_msgs/share/argj801_sensors_msgs/package.dsv'
[2.417s] INFO:colcon.colcon_core.shell:Creating package script '/home/rhobtor/PHD/ARGOSJ8_IA/ARGOSJ8_IA_/install/argj801_sensors_msgs/share/argj801_sensors_msgs/package.sh'
[2.417s] INFO:colcon.colcon_core.shell:Creating package script '/home/rhobtor/PHD/ARGOSJ8_IA/ARGOSJ8_IA_/install/argj801_sensors_msgs/share/argj801_sensors_msgs/package.bash'
[2.418s] INFO:colcon.colcon_core.shell:Creating package script '/home/rhobtor/PHD/ARGOSJ8_IA/ARGOSJ8_IA_/install/argj801_sensors_msgs/share/argj801_sensors_msgs/package.zsh'
[2.418s] Level 1:colcon.colcon_core.environment:create_file_with_runtime_dependencies(/home/rhobtor/PHD/ARGOSJ8_IA/ARGOSJ8_IA_/install/argj801_sensors_msgs/share/colcon-core/packages/argj801_sensors_msgs)
[2.418s] Level 1:colcon.colcon_core.environment:create_environment_scripts_only(slg_msgs)
[2.418s] Level 1:colcon.colcon_core.environment:checking '/home/rhobtor/PHD/ARGOSJ8_IA/ARGOSJ8_IA_/install/slg_msgs' for CMake module files
[2.419s] Level 1:colcon.colcon_core.environment:checking '/home/rhobtor/PHD/ARGOSJ8_IA/ARGOSJ8_IA_/install/slg_msgs' for CMake config files
[2.419s] DEBUG:colcon.colcon_core.event_handler.log_command:Invoked command in '/home/rhobtor/PHD/ARGOSJ8_IA/ARGOSJ8_IA_/build/slg_msgs' returned '0': CMAKE_PREFIX_PATH=${CMAKE_PREFIX_PATH}:/home/rhobtor/PHD/ARGOSJ8_IA/ARGOSJ8_IA_/install/ntrip_client:/home/rhobtor/PHD/ARGOSJ8_IA/ARGOSJ8_IA_/install/j8_gui:/home/rhobtor/PHD/ARGOSJ8_IA/ARGOSJ8_IA_/install/car:/home/rhobtor/PHD/ARGOSJ8_IA/ARGOSJ8_IA_/install/android_ros2_server:/home/rhobtor/PHD/ARGOSJ8_IA/ARGOSJ8_IA_/install/GUI_pkg:/home/rhobtor/reactive/Reactive-Navegation/workspace_full_conected/install/car:/opt/ros/humble /usr/bin/cmake --install /home/rhobtor/PHD/ARGOSJ8_IA/ARGOSJ8_IA_/build/slg_msgs
[2.419s] Level 1:colcon.colcon_core.shell:create_environment_hook('slg_msgs', 'cmake_prefix_path')
[2.419s] INFO:colcon.colcon_core.shell:Creating environment hook '/home/rhobtor/PHD/ARGOSJ8_IA/ARGOSJ8_IA_/install/slg_msgs/share/slg_msgs/hook/cmake_prefix_path.ps1'
[2.420s] INFO:colcon.colcon_core.shell:Creating environment descriptor '/home/rhobtor/PHD/ARGOSJ8_IA/ARGOSJ8_IA_/install/slg_msgs/share/slg_msgs/hook/cmake_prefix_path.dsv'
[2.420s] INFO:colcon.colcon_core.shell:Creating environment hook '/home/rhobtor/PHD/ARGOSJ8_IA/ARGOSJ8_IA_/install/slg_msgs/share/slg_msgs/hook/cmake_prefix_path.sh'
[2.420s] Level 1:colcon.colcon_core.environment:checking '/home/rhobtor/PHD/ARGOSJ8_IA/ARGOSJ8_IA_/install/slg_msgs/lib'
[2.420s] Level 1:colcon.colcon_core.shell:create_environment_hook('slg_msgs', 'ld_library_path_lib')
[2.420s] INFO:colcon.colcon_core.shell:Creating environment hook '/home/rhobtor/PHD/ARGOSJ8_IA/ARGOSJ8_IA_/install/slg_msgs/share/slg_msgs/hook/ld_library_path_lib.ps1'
[2.420s] INFO:colcon.colcon_core.shell:Creating environment descriptor '/home/rhobtor/PHD/ARGOSJ8_IA/ARGOSJ8_IA_/install/slg_msgs/share/slg_msgs/hook/ld_library_path_lib.dsv'
[2.421s] INFO:colcon.colcon_core.shell:Creating environment hook '/home/rhobtor/PHD/ARGOSJ8_IA/ARGOSJ8_IA_/install/slg_msgs/share/slg_msgs/hook/ld_library_path_lib.sh'
[2.421s] Level 1:colcon.colcon_core.environment:checking '/home/rhobtor/PHD/ARGOSJ8_IA/ARGOSJ8_IA_/install/slg_msgs/bin'
[2.421s] Level 1:colcon.colcon_core.environment:checking '/home/rhobtor/PHD/ARGOSJ8_IA/ARGOSJ8_IA_/install/slg_msgs/lib/pkgconfig/slg_msgs.pc'
[2.421s] Level 1:colcon.colcon_core.environment:checking '/home/rhobtor/PHD/ARGOSJ8_IA/ARGOSJ8_IA_/install/slg_msgs/lib/python3.10/site-packages'
[2.421s] Level 1:colcon.colcon_core.environment:checking '/home/rhobtor/PHD/ARGOSJ8_IA/ARGOSJ8_IA_/install/slg_msgs/bin'
[2.421s] INFO:colcon.colcon_core.shell:Creating package script '/home/rhobtor/PHD/ARGOSJ8_IA/ARGOSJ8_IA_/install/slg_msgs/share/slg_msgs/package.ps1'
[2.422s] INFO:colcon.colcon_core.shell:Creating package descriptor '/home/rhobtor/PHD/ARGOSJ8_IA/ARGOSJ8_IA_/install/slg_msgs/share/slg_msgs/package.dsv'
[2.422s] INFO:colcon.colcon_core.shell:Creating package script '/home/rhobtor/PHD/ARGOSJ8_IA/ARGOSJ8_IA_/install/slg_msgs/share/slg_msgs/package.sh'
[2.422s] INFO:colcon.colcon_core.shell:Creating package script '/home/rhobtor/PHD/ARGOSJ8_IA/ARGOSJ8_IA_/install/slg_msgs/share/slg_msgs/package.bash'
[2.422s] INFO:colcon.colcon_core.shell:Creating package script '/home/rhobtor/PHD/ARGOSJ8_IA/ARGOSJ8_IA_/install/slg_msgs/share/slg_msgs/package.zsh'
[2.422s] Level 1:colcon.colcon_core.environment:create_file_with_runtime_dependencies(/home/rhobtor/PHD/ARGOSJ8_IA/ARGOSJ8_IA_/install/slg_msgs/share/colcon-core/packages/slg_msgs)
[2.423s] Level 1:colcon.colcon_core.environment:create_environment_scripts_only(slg_msgs)
[2.423s] Level 1:colcon.colcon_core.environment:checking '/home/rhobtor/PHD/ARGOSJ8_IA/ARGOSJ8_IA_/install/slg_msgs' for CMake module files
[2.423s] Level 1:colcon.colcon_core.environment:checking '/home/rhobtor/PHD/ARGOSJ8_IA/ARGOSJ8_IA_/install/slg_msgs' for CMake config files
[2.424s] Level 1:colcon.colcon_core.shell:create_environment_hook('slg_msgs', 'cmake_prefix_path')
[2.424s] INFO:colcon.colcon_core.shell:Creating environment hook '/home/rhobtor/PHD/ARGOSJ8_IA/ARGOSJ8_IA_/install/slg_msgs/share/slg_msgs/hook/cmake_prefix_path.ps1'
[2.424s] INFO:colcon.colcon_core.shell:Creating environment descriptor '/home/rhobtor/PHD/ARGOSJ8_IA/ARGOSJ8_IA_/install/slg_msgs/share/slg_msgs/hook/cmake_prefix_path.dsv'
[2.424s] INFO:colcon.colcon_core.shell:Creating environment hook '/home/rhobtor/PHD/ARGOSJ8_IA/ARGOSJ8_IA_/install/slg_msgs/share/slg_msgs/hook/cmake_prefix_path.sh'
[2.425s] Level 1:colcon.colcon_core.environment:checking '/home/rhobtor/PHD/ARGOSJ8_IA/ARGOSJ8_IA_/install/slg_msgs/lib'
[2.425s] Level 1:colcon.colcon_core.shell:create_environment_hook('slg_msgs', 'ld_library_path_lib')
[2.425s] INFO:colcon.colcon_core.shell:Creating environment hook '/home/rhobtor/PHD/ARGOSJ8_IA/ARGOSJ8_IA_/install/slg_msgs/share/slg_msgs/hook/ld_library_path_lib.ps1'
[2.425s] INFO:colcon.colcon_core.shell:Creating environment descriptor '/home/rhobtor/PHD/ARGOSJ8_IA/ARGOSJ8_IA_/install/slg_msgs/share/slg_msgs/hook/ld_library_path_lib.dsv'
[2.425s] INFO:colcon.colcon_core.shell:Creating environment hook '/home/rhobtor/PHD/ARGOSJ8_IA/ARGOSJ8_IA_/install/slg_msgs/share/slg_msgs/hook/ld_library_path_lib.sh'
[2.425s] Level 1:colcon.colcon_core.environment:checking '/home/rhobtor/PHD/ARGOSJ8_IA/ARGOSJ8_IA_/install/slg_msgs/bin'
[2.426s] Level 1:colcon.colcon_core.environment:checking '/home/rhobtor/PHD/ARGOSJ8_IA/ARGOSJ8_IA_/install/slg_msgs/lib/pkgconfig/slg_msgs.pc'
[2.426s] Level 1:colcon.colcon_core.environment:checking '/home/rhobtor/PHD/ARGOSJ8_IA/ARGOSJ8_IA_/install/slg_msgs/lib/python3.10/site-packages'
[2.426s] Level 1:colcon.colcon_core.environment:checking '/home/rhobtor/PHD/ARGOSJ8_IA/ARGOSJ8_IA_/install/slg_msgs/bin'
[2.426s] INFO:colcon.colcon_core.shell:Creating package script '/home/rhobtor/PHD/ARGOSJ8_IA/ARGOSJ8_IA_/install/slg_msgs/share/slg_msgs/package.ps1'
[2.427s] INFO:colcon.colcon_core.shell:Creating package descriptor '/home/rhobtor/PHD/ARGOSJ8_IA/ARGOSJ8_IA_/install/slg_msgs/share/slg_msgs/package.dsv'
[2.427s] INFO:colcon.colcon_core.shell:Creating package script '/home/rhobtor/PHD/ARGOSJ8_IA/ARGOSJ8_IA_/install/slg_msgs/share/slg_msgs/package.sh'
[2.428s] INFO:colcon.colcon_core.shell:Creating package script '/home/rhobtor/PHD/ARGOSJ8_IA/ARGOSJ8_IA_/install/slg_msgs/share/slg_msgs/package.bash'
[2.428s] INFO:colcon.colcon_core.shell:Creating package script '/home/rhobtor/PHD/ARGOSJ8_IA/ARGOSJ8_IA_/install/slg_msgs/share/slg_msgs/package.zsh'
[2.429s] Level 1:colcon.colcon_core.environment:create_file_with_runtime_dependencies(/home/rhobtor/PHD/ARGOSJ8_IA/ARGOSJ8_IA_/install/slg_msgs/share/colcon-core/packages/slg_msgs)
[2.429s] Level 1:colcon.colcon_core.environment:create_environment_scripts_only(car_interfaces)
[2.429s] Level 1:colcon.colcon_core.environment:checking '/home/rhobtor/PHD/ARGOSJ8_IA/ARGOSJ8_IA_/install/car_interfaces' for CMake module files
[2.429s] DEBUG:colcon.colcon_core.event_handler.log_command:Invoked command in '/home/rhobtor/PHD/ARGOSJ8_IA/ARGOSJ8_IA_/build/car_interfaces' returned '0': CMAKE_PREFIX_PATH=${CMAKE_PREFIX_PATH}:/home/rhobtor/PHD/ARGOSJ8_IA/ARGOSJ8_IA_/install/ntrip_client:/home/rhobtor/PHD/ARGOSJ8_IA/ARGOSJ8_IA_/install/j8_gui:/home/rhobtor/PHD/ARGOSJ8_IA/ARGOSJ8_IA_/install/car:/home/rhobtor/PHD/ARGOSJ8_IA/ARGOSJ8_IA_/install/android_ros2_server:/home/rhobtor/PHD/ARGOSJ8_IA/ARGOSJ8_IA_/install/GUI_pkg:/home/rhobtor/reactive/Reactive-Navegation/workspace_full_conected/install/car:/opt/ros/humble /usr/bin/cmake --install /home/rhobtor/PHD/ARGOSJ8_IA/ARGOSJ8_IA_/build/car_interfaces
[2.430s] Level 1:colcon.colcon_core.environment:checking '/home/rhobtor/PHD/ARGOSJ8_IA/ARGOSJ8_IA_/install/car_interfaces' for CMake config files
[2.430s] Level 1:colcon.colcon_core.shell:create_environment_hook('car_interfaces', 'cmake_prefix_path')
[2.430s] INFO:colcon.colcon_core.shell:Creating environment hook '/home/rhobtor/PHD/ARGOSJ8_IA/ARGOSJ8_IA_/install/car_interfaces/share/car_interfaces/hook/cmake_prefix_path.ps1'
[2.431s] INFO:colcon.colcon_core.shell:Creating environment descriptor '/home/rhobtor/PHD/ARGOSJ8_IA/ARGOSJ8_IA_/install/car_interfaces/share/car_interfaces/hook/cmake_prefix_path.dsv'
[2.431s] INFO:colcon.colcon_core.shell:Creating environment hook '/home/rhobtor/PHD/ARGOSJ8_IA/ARGOSJ8_IA_/install/car_interfaces/share/car_interfaces/hook/cmake_prefix_path.sh'
[2.431s] Level 1:colcon.colcon_core.environment:checking '/home/rhobtor/PHD/ARGOSJ8_IA/ARGOSJ8_IA_/install/car_interfaces/lib'
[2.431s] Level 1:colcon.colcon_core.shell:create_environment_hook('car_interfaces', 'ld_library_path_lib')
[2.432s] INFO:colcon.colcon_core.shell:Creating environment hook '/home/rhobtor/PHD/ARGOSJ8_IA/ARGOSJ8_IA_/install/car_interfaces/share/car_interfaces/hook/ld_library_path_lib.ps1'
[2.432s] INFO:colcon.colcon_core.shell:Creating environment descriptor '/home/rhobtor/PHD/ARGOSJ8_IA/ARGOSJ8_IA_/install/car_interfaces/share/car_interfaces/hook/ld_library_path_lib.dsv'
[2.432s] INFO:colcon.colcon_core.shell:Creating environment hook '/home/rhobtor/PHD/ARGOSJ8_IA/ARGOSJ8_IA_/install/car_interfaces/share/car_interfaces/hook/ld_library_path_lib.sh'
[2.432s] Level 1:colcon.colcon_core.environment:checking '/home/rhobtor/PHD/ARGOSJ8_IA/ARGOSJ8_IA_/install/car_interfaces/bin'
[2.432s] Level 1:colcon.colcon_core.environment:checking '/home/rhobtor/PHD/ARGOSJ8_IA/ARGOSJ8_IA_/install/car_interfaces/lib/pkgconfig/car_interfaces.pc'
[2.432s] Level 1:colcon.colcon_core.environment:checking '/home/rhobtor/PHD/ARGOSJ8_IA/ARGOSJ8_IA_/install/car_interfaces/lib/python3.10/site-packages'
[2.433s] Level 1:colcon.colcon_core.environment:checking '/home/rhobtor/PHD/ARGOSJ8_IA/ARGOSJ8_IA_/install/car_interfaces/bin'
[2.433s] INFO:colcon.colcon_core.shell:Creating package script '/home/rhobtor/PHD/ARGOSJ8_IA/ARGOSJ8_IA_/install/car_interfaces/share/car_interfaces/package.ps1'
[2.433s] INFO:colcon.colcon_core.shell:Creating package descriptor '/home/rhobtor/PHD/ARGOSJ8_IA/ARGOSJ8_IA_/install/car_interfaces/share/car_interfaces/package.dsv'
[2.433s] INFO:colcon.colcon_core.shell:Creating package script '/home/rhobtor/PHD/ARGOSJ8_IA/ARGOSJ8_IA_/install/car_interfaces/share/car_interfaces/package.sh'
[2.434s] INFO:colcon.colcon_core.shell:Creating package script '/home/rhobtor/PHD/ARGOSJ8_IA/ARGOSJ8_IA_/install/car_interfaces/share/car_interfaces/package.bash'
[2.440s] INFO:colcon.colcon_core.shell:Creating package script '/home/rhobtor/PHD/ARGOSJ8_IA/ARGOSJ8_IA_/install/car_interfaces/share/car_interfaces/package.zsh'
[2.441s] Level 1:colcon.colcon_core.environment:create_file_with_runtime_dependencies(/home/rhobtor/PHD/ARGOSJ8_IA/ARGOSJ8_IA_/install/car_interfaces/share/colcon-core/packages/car_interfaces)
[2.441s] Level 1:colcon.colcon_core.environment:create_environment_scripts_only(car_interfaces)
[2.442s] Level 1:colcon.colcon_core.environment:checking '/home/rhobtor/PHD/ARGOSJ8_IA/ARGOSJ8_IA_/install/car_interfaces' for CMake module files
[2.442s] Level 1:colcon.colcon_core.environment:checking '/home/rhobtor/PHD/ARGOSJ8_IA/ARGOSJ8_IA_/install/car_interfaces' for CMake config files
[2.442s] Level 1:colcon.colcon_core.shell:create_environment_hook('car_interfaces', 'cmake_prefix_path')
[2.442s] INFO:colcon.colcon_core.shell:Creating environment hook '/home/rhobtor/PHD/ARGOSJ8_IA/ARGOSJ8_IA_/install/car_interfaces/share/car_interfaces/hook/cmake_prefix_path.ps1'
[2.443s] INFO:colcon.colcon_core.shell:Creating environment descriptor '/home/rhobtor/PHD/ARGOSJ8_IA/ARGOSJ8_IA_/install/car_interfaces/share/car_interfaces/hook/cmake_prefix_path.dsv'
[2.443s] INFO:colcon.colcon_core.shell:Creating environment hook '/home/rhobtor/PHD/ARGOSJ8_IA/ARGOSJ8_IA_/install/car_interfaces/share/car_interfaces/hook/cmake_prefix_path.sh'
[2.443s] Level 1:colcon.colcon_core.environment:checking '/home/rhobtor/PHD/ARGOSJ8_IA/ARGOSJ8_IA_/install/car_interfaces/lib'
[2.443s] Level 1:colcon.colcon_core.shell:create_environment_hook('car_interfaces', 'ld_library_path_lib')
[2.443s] INFO:colcon.colcon_core.shell:Creating environment hook '/home/rhobtor/PHD/ARGOSJ8_IA/ARGOSJ8_IA_/install/car_interfaces/share/car_interfaces/hook/ld_library_path_lib.ps1'
[2.444s] INFO:colcon.colcon_core.shell:Creating environment descriptor '/home/rhobtor/PHD/ARGOSJ8_IA/ARGOSJ8_IA_/install/car_interfaces/share/car_interfaces/hook/ld_library_path_lib.dsv'
[2.471s] INFO:colcon.colcon_core.shell:Creating environment hook '/home/rhobtor/PHD/ARGOSJ8_IA/ARGOSJ8_IA_/install/car_interfaces/share/car_interfaces/hook/ld_library_path_lib.sh'
[2.471s] Level 1:colcon.colcon_core.environment:checking '/home/rhobtor/PHD/ARGOSJ8_IA/ARGOSJ8_IA_/install/car_interfaces/bin'
[2.471s] Level 1:colcon.colcon_core.environment:checking '/home/rhobtor/PHD/ARGOSJ8_IA/ARGOSJ8_IA_/install/car_interfaces/lib/pkgconfig/car_interfaces.pc'
[2.472s] Level 1:colcon.colcon_core.environment:checking '/home/rhobtor/PHD/ARGOSJ8_IA/ARGOSJ8_IA_/install/car_interfaces/lib/python3.10/site-packages'
[2.472s] Level 1:colcon.colcon_core.environment:checking '/home/rhobtor/PHD/ARGOSJ8_IA/ARGOSJ8_IA_/install/car_interfaces/bin'
[2.472s] INFO:colcon.colcon_core.shell:Creating package script '/home/rhobtor/PHD/ARGOSJ8_IA/ARGOSJ8_IA_/install/car_interfaces/share/car_interfaces/package.ps1'
[2.473s] INFO:colcon.colcon_core.shell:Creating package descriptor '/home/rhobtor/PHD/ARGOSJ8_IA/ARGOSJ8_IA_/install/car_interfaces/share/car_interfaces/package.dsv'
[2.473s] INFO:colcon.colcon_core.shell:Creating package script '/home/rhobtor/PHD/ARGOSJ8_IA/ARGOSJ8_IA_/install/car_interfaces/share/car_interfaces/package.sh'
[2.474s] INFO:colcon.colcon_core.shell:Creating package script '/home/rhobtor/PHD/ARGOSJ8_IA/ARGOSJ8_IA_/install/car_interfaces/share/car_interfaces/package.bash'
[2.474s] INFO:colcon.colcon_core.shell:Creating package script '/home/rhobtor/PHD/ARGOSJ8_IA/ARGOSJ8_IA_/install/car_interfaces/share/car_interfaces/package.zsh'
[2.474s] Level 1:colcon.colcon_core.environment:create_file_with_runtime_dependencies(/home/rhobtor/PHD/ARGOSJ8_IA/ARGOSJ8_IA_/install/car_interfaces/share/colcon-core/packages/car_interfaces)
[2.499s] Level 1:colcon.colcon_core.environment:create_environment_scripts_only(security_check_interfaces)
[2.500s] Level 1:colcon.colcon_core.environment:checking '/home/rhobtor/PHD/ARGOSJ8_IA/ARGOSJ8_IA_/install/security_check_interfaces' for CMake module files
[2.500s] DEBUG:colcon.colcon_core.event_handler.log_command:Invoked command in '/home/rhobtor/PHD/ARGOSJ8_IA/ARGOSJ8_IA_/build/security_check_interfaces' returned '0': CMAKE_PREFIX_PATH=${CMAKE_PREFIX_PATH}:/home/rhobtor/PHD/ARGOSJ8_IA/ARGOSJ8_IA_/install/ntrip_client:/home/rhobtor/PHD/ARGOSJ8_IA/ARGOSJ8_IA_/install/j8_gui:/home/rhobtor/PHD/ARGOSJ8_IA/ARGOSJ8_IA_/install/car:/home/rhobtor/PHD/ARGOSJ8_IA/ARGOSJ8_IA_/install/android_ros2_server:/home/rhobtor/PHD/ARGOSJ8_IA/ARGOSJ8_IA_/install/GUI_pkg:/home/rhobtor/reactive/Reactive-Navegation/workspace_full_conected/install/car:/opt/ros/humble /usr/bin/cmake --install /home/rhobtor/PHD/ARGOSJ8_IA/ARGOSJ8_IA_/build/security_check_interfaces
[2.501s] Level 1:colcon.colcon_core.environment:checking '/home/rhobtor/PHD/ARGOSJ8_IA/ARGOSJ8_IA_/install/security_check_interfaces' for CMake config files
[2.501s] Level 1:colcon.colcon_core.shell:create_environment_hook('security_check_interfaces', 'cmake_prefix_path')
[2.501s] INFO:colcon.colcon_core.shell:Creating environment hook '/home/rhobtor/PHD/ARGOSJ8_IA/ARGOSJ8_IA_/install/security_check_interfaces/share/security_check_interfaces/hook/cmake_prefix_path.ps1'
[2.501s] INFO:colcon.colcon_core.shell:Creating environment descriptor '/home/rhobtor/PHD/ARGOSJ8_IA/ARGOSJ8_IA_/install/security_check_interfaces/share/security_check_interfaces/hook/cmake_prefix_path.dsv'
[2.501s] INFO:colcon.colcon_core.shell:Creating environment hook '/home/rhobtor/PHD/ARGOSJ8_IA/ARGOSJ8_IA_/install/security_check_interfaces/share/security_check_interfaces/hook/cmake_prefix_path.sh'
[2.502s] Level 1:colcon.colcon_core.environment:checking '/home/rhobtor/PHD/ARGOSJ8_IA/ARGOSJ8_IA_/install/security_check_interfaces/lib'
[2.502s] Level 1:colcon.colcon_core.shell:create_environment_hook('security_check_interfaces', 'ld_library_path_lib')
[2.502s] INFO:colcon.colcon_core.shell:Creating environment hook '/home/rhobtor/PHD/ARGOSJ8_IA/ARGOSJ8_IA_/install/security_check_interfaces/share/security_check_interfaces/hook/ld_library_path_lib.ps1'
[2.502s] INFO:colcon.colcon_core.shell:Creating environment descriptor '/home/rhobtor/PHD/ARGOSJ8_IA/ARGOSJ8_IA_/install/security_check_interfaces/share/security_check_interfaces/hook/ld_library_path_lib.dsv'
[2.502s] INFO:colcon.colcon_core.shell:Creating environment hook '/home/rhobtor/PHD/ARGOSJ8_IA/ARGOSJ8_IA_/install/security_check_interfaces/share/security_check_interfaces/hook/ld_library_path_lib.sh'
[2.512s] Level 1:colcon.colcon_core.environment:checking '/home/rhobtor/PHD/ARGOSJ8_IA/ARGOSJ8_IA_/install/security_check_interfaces/bin'
[2.512s] Level 1:colcon.colcon_core.environment:checking '/home/rhobtor/PHD/ARGOSJ8_IA/ARGOSJ8_IA_/install/security_check_interfaces/lib/pkgconfig/security_check_interfaces.pc'
[2.512s] Level 1:colcon.colcon_core.environment:checking '/home/rhobtor/PHD/ARGOSJ8_IA/ARGOSJ8_IA_/install/security_check_interfaces/lib/python3.10/site-packages'
[2.512s] Level 1:colcon.colcon_core.environment:checking '/home/rhobtor/PHD/ARGOSJ8_IA/ARGOSJ8_IA_/install/security_check_interfaces/bin'
[2.512s] INFO:colcon.colcon_core.shell:Creating package script '/home/rhobtor/PHD/ARGOSJ8_IA/ARGOSJ8_IA_/install/security_check_interfaces/share/security_check_interfaces/package.ps1'
[2.513s] INFO:colcon.colcon_core.shell:Creating package descriptor '/home/rhobtor/PHD/ARGOSJ8_IA/ARGOSJ8_IA_/install/security_check_interfaces/share/security_check_interfaces/package.dsv'
[2.513s] INFO:colcon.colcon_core.shell:Creating package script '/home/rhobtor/PHD/ARGOSJ8_IA/ARGOSJ8_IA_/install/security_check_interfaces/share/security_check_interfaces/package.sh'
[2.513s] INFO:colcon.colcon_core.shell:Creating package script '/home/rhobtor/PHD/ARGOSJ8_IA/ARGOSJ8_IA_/install/security_check_interfaces/share/security_check_interfaces/package.bash'
[2.514s] INFO:colcon.colcon_core.shell:Creating package script '/home/rhobtor/PHD/ARGOSJ8_IA/ARGOSJ8_IA_/install/security_check_interfaces/share/security_check_interfaces/package.zsh'
[2.514s] Level 1:colcon.colcon_core.environment:create_file_with_runtime_dependencies(/home/rhobtor/PHD/ARGOSJ8_IA/ARGOSJ8_IA_/install/security_check_interfaces/share/colcon-core/packages/security_check_interfaces)
[2.514s] Level 1:colcon.colcon_core.environment:create_environment_scripts_only(security_check_interfaces)
[2.515s] Level 1:colcon.colcon_core.environment:checking '/home/rhobtor/PHD/ARGOSJ8_IA/ARGOSJ8_IA_/install/security_check_interfaces' for CMake module files
[2.515s] Level 1:colcon.colcon_core.environment:checking '/home/rhobtor/PHD/ARGOSJ8_IA/ARGOSJ8_IA_/install/security_check_interfaces' for CMake config files
[2.515s] Level 1:colcon.colcon_core.shell:create_environment_hook('security_check_interfaces', 'cmake_prefix_path')
[2.515s] INFO:colcon.colcon_core.shell:Creating environment hook '/home/rhobtor/PHD/ARGOSJ8_IA/ARGOSJ8_IA_/install/security_check_interfaces/share/security_check_interfaces/hook/cmake_prefix_path.ps1'
[2.516s] INFO:colcon.colcon_core.shell:Creating environment descriptor '/home/rhobtor/PHD/ARGOSJ8_IA/ARGOSJ8_IA_/install/security_check_interfaces/share/security_check_interfaces/hook/cmake_prefix_path.dsv'
[2.516s] INFO:colcon.colcon_core.shell:Creating environment hook '/home/rhobtor/PHD/ARGOSJ8_IA/ARGOSJ8_IA_/install/security_check_interfaces/share/security_check_interfaces/hook/cmake_prefix_path.sh'
[2.516s] Level 1:colcon.colcon_core.environment:checking '/home/rhobtor/PHD/ARGOSJ8_IA/ARGOSJ8_IA_/install/security_check_interfaces/lib'
[2.516s] Level 1:colcon.colcon_core.shell:create_environment_hook('security_check_interfaces', 'ld_library_path_lib')
[2.516s] INFO:colcon.colcon_core.shell:Creating environment hook '/home/rhobtor/PHD/ARGOSJ8_IA/ARGOSJ8_IA_/install/security_check_interfaces/share/security_check_interfaces/hook/ld_library_path_lib.ps1'
[2.517s] INFO:colcon.colcon_core.shell:Creating environment descriptor '/home/rhobtor/PHD/ARGOSJ8_IA/ARGOSJ8_IA_/install/security_check_interfaces/share/security_check_interfaces/hook/ld_library_path_lib.dsv'
[2.517s] INFO:colcon.colcon_core.shell:Creating environment hook '/home/rhobtor/PHD/ARGOSJ8_IA/ARGOSJ8_IA_/install/security_check_interfaces/share/security_check_interfaces/hook/ld_library_path_lib.sh'
[2.517s] Level 1:colcon.colcon_core.environment:checking '/home/rhobtor/PHD/ARGOSJ8_IA/ARGOSJ8_IA_/install/security_check_interfaces/bin'
[2.517s] Level 1:colcon.colcon_core.environment:checking '/home/rhobtor/PHD/ARGOSJ8_IA/ARGOSJ8_IA_/install/security_check_interfaces/lib/pkgconfig/security_check_interfaces.pc'
[2.517s] Level 1:colcon.colcon_core.environment:checking '/home/rhobtor/PHD/ARGOSJ8_IA/ARGOSJ8_IA_/install/security_check_interfaces/lib/python3.10/site-packages'
[2.517s] Level 1:colcon.colcon_core.environment:checking '/home/rhobtor/PHD/ARGOSJ8_IA/ARGOSJ8_IA_/install/security_check_interfaces/bin'
[2.518s] INFO:colcon.colcon_core.shell:Creating package script '/home/rhobtor/PHD/ARGOSJ8_IA/ARGOSJ8_IA_/install/security_check_interfaces/share/security_check_interfaces/package.ps1'
[2.528s] INFO:colcon.colcon_core.shell:Creating package descriptor '/home/rhobtor/PHD/ARGOSJ8_IA/ARGOSJ8_IA_/install/security_check_interfaces/share/security_check_interfaces/package.dsv'
[2.529s] INFO:colcon.colcon_core.shell:Creating package script '/home/rhobtor/PHD/ARGOSJ8_IA/ARGOSJ8_IA_/install/security_check_interfaces/share/security_check_interfaces/package.sh'
[2.529s] INFO:colcon.colcon_core.shell:Creating package script '/home/rhobtor/PHD/ARGOSJ8_IA/ARGOSJ8_IA_/install/security_check_interfaces/share/security_check_interfaces/package.bash'
[2.530s] INFO:colcon.colcon_core.shell:Creating package script '/home/rhobtor/PHD/ARGOSJ8_IA/ARGOSJ8_IA_/install/security_check_interfaces/share/security_check_interfaces/package.zsh'
[2.530s] Level 1:colcon.colcon_core.environment:create_file_with_runtime_dependencies(/home/rhobtor/PHD/ARGOSJ8_IA/ARGOSJ8_IA_/install/security_check_interfaces/share/colcon-core/packages/security_check_interfaces)
[2.530s] Level 1:colcon.colcon_core.environment:create_environment_scripts_only(hector_gazebo_plugins)
[2.531s] Level 1:colcon.colcon_core.environment:checking '/home/rhobtor/PHD/ARGOSJ8_IA/ARGOSJ8_IA_/install/hector_gazebo_plugins' for CMake module files
[2.532s] DEBUG:colcon.colcon_core.event_handler.log_command:Invoked command in '/home/rhobtor/PHD/ARGOSJ8_IA/ARGOSJ8_IA_/build/hector_gazebo_plugins' returned '0': CMAKE_PREFIX_PATH=${CMAKE_PREFIX_PATH}:/home/rhobtor/PHD/ARGOSJ8_IA/ARGOSJ8_IA_/install/ntrip_client:/home/rhobtor/PHD/ARGOSJ8_IA/ARGOSJ8_IA_/install/j8_gui:/home/rhobtor/PHD/ARGOSJ8_IA/ARGOSJ8_IA_/install/car:/home/rhobtor/PHD/ARGOSJ8_IA/ARGOSJ8_IA_/install/android_ros2_server:/home/rhobtor/PHD/ARGOSJ8_IA/ARGOSJ8_IA_/install/GUI_pkg:/home/rhobtor/reactive/Reactive-Navegation/workspace_full_conected/install/car:/opt/ros/humble /usr/bin/cmake --install /home/rhobtor/PHD/ARGOSJ8_IA/ARGOSJ8_IA_/build/hector_gazebo_plugins
[2.533s] Level 1:colcon.colcon_core.environment:checking '/home/rhobtor/PHD/ARGOSJ8_IA/ARGOSJ8_IA_/install/hector_gazebo_plugins' for CMake config files
[2.533s] Level 1:colcon.colcon_core.shell:create_environment_hook('hector_gazebo_plugins', 'cmake_prefix_path')
[2.533s] INFO:colcon.colcon_core.shell:Creating environment hook '/home/rhobtor/PHD/ARGOSJ8_IA/ARGOSJ8_IA_/install/hector_gazebo_plugins/share/hector_gazebo_plugins/hook/cmake_prefix_path.ps1'
[2.533s] INFO:colcon.colcon_core.shell:Creating environment descriptor '/home/rhobtor/PHD/ARGOSJ8_IA/ARGOSJ8_IA_/install/hector_gazebo_plugins/share/hector_gazebo_plugins/hook/cmake_prefix_path.dsv'
[2.534s] INFO:colcon.colcon_core.shell:Creating environment hook '/home/rhobtor/PHD/ARGOSJ8_IA/ARGOSJ8_IA_/install/hector_gazebo_plugins/share/hector_gazebo_plugins/hook/cmake_prefix_path.sh'
[2.534s] Level 1:colcon.colcon_core.environment:checking '/home/rhobtor/PHD/ARGOSJ8_IA/ARGOSJ8_IA_/install/hector_gazebo_plugins/lib'
[2.534s] Level 1:colcon.colcon_core.shell:create_environment_hook('hector_gazebo_plugins', 'ld_library_path_lib')
[2.534s] INFO:colcon.colcon_core.shell:Creating environment hook '/home/rhobtor/PHD/ARGOSJ8_IA/ARGOSJ8_IA_/install/hector_gazebo_plugins/share/hector_gazebo_plugins/hook/ld_library_path_lib.ps1'
[2.534s] INFO:colcon.colcon_core.shell:Creating environment descriptor '/home/rhobtor/PHD/ARGOSJ8_IA/ARGOSJ8_IA_/install/hector_gazebo_plugins/share/hector_gazebo_plugins/hook/ld_library_path_lib.dsv'
[2.534s] INFO:colcon.colcon_core.shell:Creating environment hook '/home/rhobtor/PHD/ARGOSJ8_IA/ARGOSJ8_IA_/install/hector_gazebo_plugins/share/hector_gazebo_plugins/hook/ld_library_path_lib.sh'
[2.535s] Level 1:colcon.colcon_core.environment:checking '/home/rhobtor/PHD/ARGOSJ8_IA/ARGOSJ8_IA_/install/hector_gazebo_plugins/bin'
[2.535s] Level 1:colcon.colcon_core.environment:checking '/home/rhobtor/PHD/ARGOSJ8_IA/ARGOSJ8_IA_/install/hector_gazebo_plugins/lib/pkgconfig/hector_gazebo_plugins.pc'
[2.535s] Level 1:colcon.colcon_core.environment:checking '/home/rhobtor/PHD/ARGOSJ8_IA/ARGOSJ8_IA_/install/hector_gazebo_plugins/lib/python3.10/site-packages'
[2.535s] Level 1:colcon.colcon_core.environment:checking '/home/rhobtor/PHD/ARGOSJ8_IA/ARGOSJ8_IA_/install/hector_gazebo_plugins/bin'
[2.535s] INFO:colcon.colcon_core.shell:Creating package script '/home/rhobtor/PHD/ARGOSJ8_IA/ARGOSJ8_IA_/install/hector_gazebo_plugins/share/hector_gazebo_plugins/package.ps1'
[2.575s] INFO:colcon.colcon_core.shell:Creating package descriptor '/home/rhobtor/PHD/ARGOSJ8_IA/ARGOSJ8_IA_/install/hector_gazebo_plugins/share/hector_gazebo_plugins/package.dsv'
[2.592s] INFO:colcon.colcon_core.shell:Creating package script '/home/rhobtor/PHD/ARGOSJ8_IA/ARGOSJ8_IA_/install/hector_gazebo_plugins/share/hector_gazebo_plugins/package.sh'
[2.615s] INFO:colcon.colcon_core.shell:Creating package script '/home/rhobtor/PHD/ARGOSJ8_IA/ARGOSJ8_IA_/install/hector_gazebo_plugins/share/hector_gazebo_plugins/package.bash'
[2.615s] INFO:colcon.colcon_core.shell:Creating package script '/home/rhobtor/PHD/ARGOSJ8_IA/ARGOSJ8_IA_/install/hector_gazebo_plugins/share/hector_gazebo_plugins/package.zsh'
[2.615s] Level 1:colcon.colcon_core.environment:create_file_with_runtime_dependencies(/home/rhobtor/PHD/ARGOSJ8_IA/ARGOSJ8_IA_/install/hector_gazebo_plugins/share/colcon-core/packages/hector_gazebo_plugins)
[2.616s] Level 1:colcon.colcon_core.environment:create_environment_scripts_only(hector_gazebo_plugins)
[2.616s] Level 1:colcon.colcon_core.environment:checking '/home/rhobtor/PHD/ARGOSJ8_IA/ARGOSJ8_IA_/install/hector_gazebo_plugins' for CMake module files
[2.617s] Level 1:colcon.colcon_core.environment:checking '/home/rhobtor/PHD/ARGOSJ8_IA/ARGOSJ8_IA_/install/hector_gazebo_plugins' for CMake config files
[2.617s] Level 1:colcon.colcon_core.shell:create_environment_hook('hector_gazebo_plugins', 'cmake_prefix_path')
[2.617s] INFO:colcon.colcon_core.shell:Creating environment hook '/home/rhobtor/PHD/ARGOSJ8_IA/ARGOSJ8_IA_/install/hector_gazebo_plugins/share/hector_gazebo_plugins/hook/cmake_prefix_path.ps1'
[2.617s] INFO:colcon.colcon_core.shell:Creating environment descriptor '/home/rhobtor/PHD/ARGOSJ8_IA/ARGOSJ8_IA_/install/hector_gazebo_plugins/share/hector_gazebo_plugins/hook/cmake_prefix_path.dsv'
[2.618s] INFO:colcon.colcon_core.shell:Creating environment hook '/home/rhobtor/PHD/ARGOSJ8_IA/ARGOSJ8_IA_/install/hector_gazebo_plugins/share/hector_gazebo_plugins/hook/cmake_prefix_path.sh'
[2.618s] Level 1:colcon.colcon_core.environment:checking '/home/rhobtor/PHD/ARGOSJ8_IA/ARGOSJ8_IA_/install/hector_gazebo_plugins/lib'
[2.618s] Level 1:colcon.colcon_core.shell:create_environment_hook('hector_gazebo_plugins', 'ld_library_path_lib')
[2.618s] INFO:colcon.colcon_core.shell:Creating environment hook '/home/rhobtor/PHD/ARGOSJ8_IA/ARGOSJ8_IA_/install/hector_gazebo_plugins/share/hector_gazebo_plugins/hook/ld_library_path_lib.ps1'
[2.618s] INFO:colcon.colcon_core.shell:Creating environment descriptor '/home/rhobtor/PHD/ARGOSJ8_IA/ARGOSJ8_IA_/install/hector_gazebo_plugins/share/hector_gazebo_plugins/hook/ld_library_path_lib.dsv'
[2.618s] INFO:colcon.colcon_core.shell:Creating environment hook '/home/rhobtor/PHD/ARGOSJ8_IA/ARGOSJ8_IA_/install/hector_gazebo_plugins/share/hector_gazebo_plugins/hook/ld_library_path_lib.sh'
[2.619s] Level 1:colcon.colcon_core.environment:checking '/home/rhobtor/PHD/ARGOSJ8_IA/ARGOSJ8_IA_/install/hector_gazebo_plugins/bin'
[2.619s] Level 1:colcon.colcon_core.environment:checking '/home/rhobtor/PHD/ARGOSJ8_IA/ARGOSJ8_IA_/install/hector_gazebo_plugins/lib/pkgconfig/hector_gazebo_plugins.pc'
[2.619s] Level 1:colcon.colcon_core.environment:checking '/home/rhobtor/PHD/ARGOSJ8_IA/ARGOSJ8_IA_/install/hector_gazebo_plugins/lib/python3.10/site-packages'
[2.619s] Level 1:colcon.colcon_core.environment:checking '/home/rhobtor/PHD/ARGOSJ8_IA/ARGOSJ8_IA_/install/hector_gazebo_plugins/bin'
[2.619s] INFO:colcon.colcon_core.shell:Creating package script '/home/rhobtor/PHD/ARGOSJ8_IA/ARGOSJ8_IA_/install/hector_gazebo_plugins/share/hector_gazebo_plugins/package.ps1'
[2.630s] INFO:colcon.colcon_core.shell:Creating package descriptor '/home/rhobtor/PHD/ARGOSJ8_IA/ARGOSJ8_IA_/install/hector_gazebo_plugins/share/hector_gazebo_plugins/package.dsv'
[2.631s] INFO:colcon.colcon_core.shell:Creating package script '/home/rhobtor/PHD/ARGOSJ8_IA/ARGOSJ8_IA_/install/hector_gazebo_plugins/share/hector_gazebo_plugins/package.sh'
[2.632s] INFO:colcon.colcon_core.shell:Creating package script '/home/rhobtor/PHD/ARGOSJ8_IA/ARGOSJ8_IA_/install/hector_gazebo_plugins/share/hector_gazebo_plugins/package.bash'
[2.632s] INFO:colcon.colcon_core.shell:Creating package script '/home/rhobtor/PHD/ARGOSJ8_IA/ARGOSJ8_IA_/install/hector_gazebo_plugins/share/hector_gazebo_plugins/package.zsh'
[2.632s] Level 1:colcon.colcon_core.environment:create_file_with_runtime_dependencies(/home/rhobtor/PHD/ARGOSJ8_IA/ARGOSJ8_IA_/install/hector_gazebo_plugins/share/colcon-core/packages/hector_gazebo_plugins)
[2.633s] Level 1:colcon.colcon_core.environment:create_environment_scripts_only(path_manager_interfaces)
[2.633s] Level 1:colcon.colcon_core.environment:checking '/home/rhobtor/PHD/ARGOSJ8_IA/ARGOSJ8_IA_/install/path_manager_interfaces' for CMake module files
[2.634s] DEBUG:colcon.colcon_core.event_handler.log_command:Invoked command in '/home/rhobtor/PHD/ARGOSJ8_IA/ARGOSJ8_IA_/build/path_manager_interfaces' returned '0': CMAKE_PREFIX_PATH=${CMAKE_PREFIX_PATH}:/home/rhobtor/PHD/ARGOSJ8_IA/ARGOSJ8_IA_/install/ntrip_client:/home/rhobtor/PHD/ARGOSJ8_IA/ARGOSJ8_IA_/install/j8_gui:/home/rhobtor/PHD/ARGOSJ8_IA/ARGOSJ8_IA_/install/car:/home/rhobtor/PHD/ARGOSJ8_IA/ARGOSJ8_IA_/install/android_ros2_server:/home/rhobtor/PHD/ARGOSJ8_IA/ARGOSJ8_IA_/install/GUI_pkg:/home/rhobtor/reactive/Reactive-Navegation/workspace_full_conected/install/car:/opt/ros/humble /usr/bin/cmake --install /home/rhobtor/PHD/ARGOSJ8_IA/ARGOSJ8_IA_/build/path_manager_interfaces
[2.634s] Level 1:colcon.colcon_core.environment:checking '/home/rhobtor/PHD/ARGOSJ8_IA/ARGOSJ8_IA_/install/path_manager_interfaces' for CMake config files
[2.634s] Level 1:colcon.colcon_core.shell:create_environment_hook('path_manager_interfaces', 'cmake_prefix_path')
[2.634s] INFO:colcon.colcon_core.shell:Creating environment hook '/home/rhobtor/PHD/ARGOSJ8_IA/ARGOSJ8_IA_/install/path_manager_interfaces/share/path_manager_interfaces/hook/cmake_prefix_path.ps1'
[2.670s] INFO:colcon.colcon_core.shell:Creating environment descriptor '/home/rhobtor/PHD/ARGOSJ8_IA/ARGOSJ8_IA_/install/path_manager_interfaces/share/path_manager_interfaces/hook/cmake_prefix_path.dsv'
[2.671s] INFO:colcon.colcon_core.shell:Creating environment hook '/home/rhobtor/PHD/ARGOSJ8_IA/ARGOSJ8_IA_/install/path_manager_interfaces/share/path_manager_interfaces/hook/cmake_prefix_path.sh'
[2.671s] Level 1:colcon.colcon_core.environment:checking '/home/rhobtor/PHD/ARGOSJ8_IA/ARGOSJ8_IA_/install/path_manager_interfaces/lib'
[2.671s] Level 1:colcon.colcon_core.shell:create_environment_hook('path_manager_interfaces', 'ld_library_path_lib')
[2.671s] INFO:colcon.colcon_core.shell:Creating environment hook '/home/rhobtor/PHD/ARGOSJ8_IA/ARGOSJ8_IA_/install/path_manager_interfaces/share/path_manager_interfaces/hook/ld_library_path_lib.ps1'
[2.672s] INFO:colcon.colcon_core.shell:Creating environment descriptor '/home/rhobtor/PHD/ARGOSJ8_IA/ARGOSJ8_IA_/install/path_manager_interfaces/share/path_manager_interfaces/hook/ld_library_path_lib.dsv'
[2.672s] INFO:colcon.colcon_core.shell:Creating environment hook '/home/rhobtor/PHD/ARGOSJ8_IA/ARGOSJ8_IA_/install/path_manager_interfaces/share/path_manager_interfaces/hook/ld_library_path_lib.sh'
[2.672s] Level 1:colcon.colcon_core.environment:checking '/home/rhobtor/PHD/ARGOSJ8_IA/ARGOSJ8_IA_/install/path_manager_interfaces/bin'
[2.672s] Level 1:colcon.colcon_core.environment:checking '/home/rhobtor/PHD/ARGOSJ8_IA/ARGOSJ8_IA_/install/path_manager_interfaces/lib/pkgconfig/path_manager_interfaces.pc'
[2.672s] Level 1:colcon.colcon_core.environment:checking '/home/rhobtor/PHD/ARGOSJ8_IA/ARGOSJ8_IA_/install/path_manager_interfaces/lib/python3.10/site-packages'
[2.672s] Level 1:colcon.colcon_core.environment:checking '/home/rhobtor/PHD/ARGOSJ8_IA/ARGOSJ8_IA_/install/path_manager_interfaces/bin'
[2.673s] INFO:colcon.colcon_core.shell:Creating package script '/home/rhobtor/PHD/ARGOSJ8_IA/ARGOSJ8_IA_/install/path_manager_interfaces/share/path_manager_interfaces/package.ps1'
[2.673s] INFO:colcon.colcon_core.shell:Creating package descriptor '/home/rhobtor/PHD/ARGOSJ8_IA/ARGOSJ8_IA_/install/path_manager_interfaces/share/path_manager_interfaces/package.dsv'
[2.683s] INFO:colcon.colcon_core.shell:Creating package script '/home/rhobtor/PHD/ARGOSJ8_IA/ARGOSJ8_IA_/install/path_manager_interfaces/share/path_manager_interfaces/package.sh'
[2.684s] INFO:colcon.colcon_core.shell:Creating package script '/home/rhobtor/PHD/ARGOSJ8_IA/ARGOSJ8_IA_/install/path_manager_interfaces/share/path_manager_interfaces/package.bash'
[2.684s] INFO:colcon.colcon_core.shell:Creating package script '/home/rhobtor/PHD/ARGOSJ8_IA/ARGOSJ8_IA_/install/path_manager_interfaces/share/path_manager_interfaces/package.zsh'
[2.684s] Level 1:colcon.colcon_core.environment:create_file_with_runtime_dependencies(/home/rhobtor/PHD/ARGOSJ8_IA/ARGOSJ8_IA_/install/path_manager_interfaces/share/colcon-core/packages/path_manager_interfaces)
[2.684s] Level 1:colcon.colcon_core.environment:create_environment_scripts_only(path_manager_interfaces)
[2.685s] Level 1:colcon.colcon_core.environment:checking '/home/rhobtor/PHD/ARGOSJ8_IA/ARGOSJ8_IA_/install/path_manager_interfaces' for CMake module files
[2.685s] Level 1:colcon.colcon_core.environment:checking '/home/rhobtor/PHD/ARGOSJ8_IA/ARGOSJ8_IA_/install/path_manager_interfaces' for CMake config files
[2.685s] Level 1:colcon.colcon_core.shell:create_environment_hook('path_manager_interfaces', 'cmake_prefix_path')
[2.685s] INFO:colcon.colcon_core.shell:Creating environment hook '/home/rhobtor/PHD/ARGOSJ8_IA/ARGOSJ8_IA_/install/path_manager_interfaces/share/path_manager_interfaces/hook/cmake_prefix_path.ps1'
[2.686s] INFO:colcon.colcon_core.shell:Creating environment descriptor '/home/rhobtor/PHD/ARGOSJ8_IA/ARGOSJ8_IA_/install/path_manager_interfaces/share/path_manager_interfaces/hook/cmake_prefix_path.dsv'
[2.686s] INFO:colcon.colcon_core.shell:Creating environment hook '/home/rhobtor/PHD/ARGOSJ8_IA/ARGOSJ8_IA_/install/path_manager_interfaces/share/path_manager_interfaces/hook/cmake_prefix_path.sh'
[2.695s] Level 1:colcon.colcon_core.environment:checking '/home/rhobtor/PHD/ARGOSJ8_IA/ARGOSJ8_IA_/install/path_manager_interfaces/lib'
[2.695s] Level 1:colcon.colcon_core.shell:create_environment_hook('path_manager_interfaces', 'ld_library_path_lib')
[2.695s] INFO:colcon.colcon_core.shell:Creating environment hook '/home/rhobtor/PHD/ARGOSJ8_IA/ARGOSJ8_IA_/install/path_manager_interfaces/share/path_manager_interfaces/hook/ld_library_path_lib.ps1'
[2.696s] INFO:colcon.colcon_core.shell:Creating environment descriptor '/home/rhobtor/PHD/ARGOSJ8_IA/ARGOSJ8_IA_/install/path_manager_interfaces/share/path_manager_interfaces/hook/ld_library_path_lib.dsv'
[2.696s] INFO:colcon.colcon_core.shell:Creating environment hook '/home/rhobtor/PHD/ARGOSJ8_IA/ARGOSJ8_IA_/install/path_manager_interfaces/share/path_manager_interfaces/hook/ld_library_path_lib.sh'
[2.696s] Level 1:colcon.colcon_core.environment:checking '/home/rhobtor/PHD/ARGOSJ8_IA/ARGOSJ8_IA_/install/path_manager_interfaces/bin'
[2.696s] Level 1:colcon.colcon_core.environment:checking '/home/rhobtor/PHD/ARGOSJ8_IA/ARGOSJ8_IA_/install/path_manager_interfaces/lib/pkgconfig/path_manager_interfaces.pc'
[2.696s] Level 1:colcon.colcon_core.environment:checking '/home/rhobtor/PHD/ARGOSJ8_IA/ARGOSJ8_IA_/install/path_manager_interfaces/lib/python3.10/site-packages'
[2.697s] Level 1:colcon.colcon_core.environment:checking '/home/rhobtor/PHD/ARGOSJ8_IA/ARGOSJ8_IA_/install/path_manager_interfaces/bin'
[2.697s] INFO:colcon.colcon_core.shell:Creating package script '/home/rhobtor/PHD/ARGOSJ8_IA/ARGOSJ8_IA_/install/path_manager_interfaces/share/path_manager_interfaces/package.ps1'
[2.697s] INFO:colcon.colcon_core.shell:Creating package descriptor '/home/rhobtor/PHD/ARGOSJ8_IA/ARGOSJ8_IA_/install/path_manager_interfaces/share/path_manager_interfaces/package.dsv'
[2.698s] INFO:colcon.colcon_core.shell:Creating package script '/home/rhobtor/PHD/ARGOSJ8_IA/ARGOSJ8_IA_/install/path_manager_interfaces/share/path_manager_interfaces/package.sh'
[2.698s] INFO:colcon.colcon_core.shell:Creating package script '/home/rhobtor/PHD/ARGOSJ8_IA/ARGOSJ8_IA_/install/path_manager_interfaces/share/path_manager_interfaces/package.bash'
[2.711s] INFO:colcon.colcon_core.shell:Creating package script '/home/rhobtor/PHD/ARGOSJ8_IA/ARGOSJ8_IA_/install/path_manager_interfaces/share/path_manager_interfaces/package.zsh'
[2.711s] Level 1:colcon.colcon_core.environment:create_file_with_runtime_dependencies(/home/rhobtor/PHD/ARGOSJ8_IA/ARGOSJ8_IA_/install/path_manager_interfaces/share/colcon-core/packages/path_manager_interfaces)
[2.712s] Level 1:colcon.colcon_core.environment:create_environment_scripts_only(argj801_ctl_platform_interfaces)
[2.712s] Level 1:colcon.colcon_core.environment:checking '/home/rhobtor/PHD/ARGOSJ8_IA/ARGOSJ8_IA_/install/argj801_ctl_platform_interfaces' for CMake module files
[2.713s] DEBUG:colcon.colcon_core.event_handler.log_command:Invoked command in '/home/rhobtor/PHD/ARGOSJ8_IA/ARGOSJ8_IA_/build/argj801_ctl_platform_interfaces' returned '0': CMAKE_PREFIX_PATH=${CMAKE_PREFIX_PATH}:/home/rhobtor/PHD/ARGOSJ8_IA/ARGOSJ8_IA_/install/ntrip_client:/home/rhobtor/PHD/ARGOSJ8_IA/ARGOSJ8_IA_/install/j8_gui:/home/rhobtor/PHD/ARGOSJ8_IA/ARGOSJ8_IA_/install/car:/home/rhobtor/PHD/ARGOSJ8_IA/ARGOSJ8_IA_/install/android_ros2_server:/home/rhobtor/PHD/ARGOSJ8_IA/ARGOSJ8_IA_/install/GUI_pkg:/home/rhobtor/reactive/Reactive-Navegation/workspace_full_conected/install/car:/opt/ros/humble /usr/bin/cmake --install /home/rhobtor/PHD/ARGOSJ8_IA/ARGOSJ8_IA_/build/argj801_ctl_platform_interfaces
[2.713s] Level 1:colcon.colcon_core.environment:checking '/home/rhobtor/PHD/ARGOSJ8_IA/ARGOSJ8_IA_/install/argj801_ctl_platform_interfaces' for CMake config files
[2.714s] Level 1:colcon.colcon_core.shell:create_environment_hook('argj801_ctl_platform_interfaces', 'cmake_prefix_path')
[2.714s] INFO:colcon.colcon_core.shell:Creating environment hook '/home/rhobtor/PHD/ARGOSJ8_IA/ARGOSJ8_IA_/install/argj801_ctl_platform_interfaces/share/argj801_ctl_platform_interfaces/hook/cmake_prefix_path.ps1'
[2.715s] INFO:colcon.colcon_core.shell:Creating environment descriptor '/home/rhobtor/PHD/ARGOSJ8_IA/ARGOSJ8_IA_/install/argj801_ctl_platform_interfaces/share/argj801_ctl_platform_interfaces/hook/cmake_prefix_path.dsv'
[2.715s] INFO:colcon.colcon_core.shell:Creating environment hook '/home/rhobtor/PHD/ARGOSJ8_IA/ARGOSJ8_IA_/install/argj801_ctl_platform_interfaces/share/argj801_ctl_platform_interfaces/hook/cmake_prefix_path.sh'
[2.715s] Level 1:colcon.colcon_core.environment:checking '/home/rhobtor/PHD/ARGOSJ8_IA/ARGOSJ8_IA_/install/argj801_ctl_platform_interfaces/lib'
[2.715s] Level 1:colcon.colcon_core.shell:create_environment_hook('argj801_ctl_platform_interfaces', 'ld_library_path_lib')
[2.716s] INFO:colcon.colcon_core.shell:Creating environment hook '/home/rhobtor/PHD/ARGOSJ8_IA/ARGOSJ8_IA_/install/argj801_ctl_platform_interfaces/share/argj801_ctl_platform_interfaces/hook/ld_library_path_lib.ps1'
[2.720s] INFO:colcon.colcon_core.shell:Creating environment descriptor '/home/rhobtor/PHD/ARGOSJ8_IA/ARGOSJ8_IA_/install/argj801_ctl_platform_interfaces/share/argj801_ctl_platform_interfaces/hook/ld_library_path_lib.dsv'
[2.720s] INFO:colcon.colcon_core.shell:Creating environment hook '/home/rhobtor/PHD/ARGOSJ8_IA/ARGOSJ8_IA_/install/argj801_ctl_platform_interfaces/share/argj801_ctl_platform_interfaces/hook/ld_library_path_lib.sh'
[2.720s] Level 1:colcon.colcon_core.environment:checking '/home/rhobtor/PHD/ARGOSJ8_IA/ARGOSJ8_IA_/install/argj801_ctl_platform_interfaces/bin'
[2.720s] Level 1:colcon.colcon_core.environment:checking '/home/rhobtor/PHD/ARGOSJ8_IA/ARGOSJ8_IA_/install/argj801_ctl_platform_interfaces/lib/pkgconfig/argj801_ctl_platform_interfaces.pc'
[2.720s] Level 1:colcon.colcon_core.environment:checking '/home/rhobtor/PHD/ARGOSJ8_IA/ARGOSJ8_IA_/install/argj801_ctl_platform_interfaces/lib/python3.10/site-packages'
[2.721s] Level 1:colcon.colcon_core.environment:checking '/home/rhobtor/PHD/ARGOSJ8_IA/ARGOSJ8_IA_/install/argj801_ctl_platform_interfaces/bin'
[2.721s] INFO:colcon.colcon_core.shell:Creating package script '/home/rhobtor/PHD/ARGOSJ8_IA/ARGOSJ8_IA_/install/argj801_ctl_platform_interfaces/share/argj801_ctl_platform_interfaces/package.ps1'
[2.721s] INFO:colcon.colcon_core.shell:Creating package descriptor '/home/rhobtor/PHD/ARGOSJ8_IA/ARGOSJ8_IA_/install/argj801_ctl_platform_interfaces/share/argj801_ctl_platform_interfaces/package.dsv'
[2.721s] INFO:colcon.colcon_core.shell:Creating package script '/home/rhobtor/PHD/ARGOSJ8_IA/ARGOSJ8_IA_/install/argj801_ctl_platform_interfaces/share/argj801_ctl_platform_interfaces/package.sh'
[2.722s] INFO:colcon.colcon_core.shell:Creating package script '/home/rhobtor/PHD/ARGOSJ8_IA/ARGOSJ8_IA_/install/argj801_ctl_platform_interfaces/share/argj801_ctl_platform_interfaces/package.bash'
[2.722s] INFO:colcon.colcon_core.shell:Creating package script '/home/rhobtor/PHD/ARGOSJ8_IA/ARGOSJ8_IA_/install/argj801_ctl_platform_interfaces/share/argj801_ctl_platform_interfaces/package.zsh'
[2.732s] Level 1:colcon.colcon_core.environment:create_file_with_runtime_dependencies(/home/rhobtor/PHD/ARGOSJ8_IA/ARGOSJ8_IA_/install/argj801_ctl_platform_interfaces/share/colcon-core/packages/argj801_ctl_platform_interfaces)
[2.732s] Level 1:colcon.colcon_core.environment:create_environment_scripts_only(argj801_ctl_platform_interfaces)
[2.733s] Level 1:colcon.colcon_core.environment:checking '/home/rhobtor/PHD/ARGOSJ8_IA/ARGOSJ8_IA_/install/argj801_ctl_platform_interfaces' for CMake module files
[2.733s] Level 1:colcon.colcon_core.environment:checking '/home/rhobtor/PHD/ARGOSJ8_IA/ARGOSJ8_IA_/install/argj801_ctl_platform_interfaces' for CMake config files
[2.733s] Level 1:colcon.colcon_core.shell:create_environment_hook('argj801_ctl_platform_interfaces', 'cmake_prefix_path')
[2.733s] INFO:colcon.colcon_core.shell:Creating environment hook '/home/rhobtor/PHD/ARGOSJ8_IA/ARGOSJ8_IA_/install/argj801_ctl_platform_interfaces/share/argj801_ctl_platform_interfaces/hook/cmake_prefix_path.ps1'
[2.734s] INFO:colcon.colcon_core.shell:Creating environment descriptor '/home/rhobtor/PHD/ARGOSJ8_IA/ARGOSJ8_IA_/install/argj801_ctl_platform_interfaces/share/argj801_ctl_platform_interfaces/hook/cmake_prefix_path.dsv'
[2.734s] INFO:colcon.colcon_core.shell:Creating environment hook '/home/rhobtor/PHD/ARGOSJ8_IA/ARGOSJ8_IA_/install/argj801_ctl_platform_interfaces/share/argj801_ctl_platform_interfaces/hook/cmake_prefix_path.sh'
[2.734s] Level 1:colcon.colcon_core.environment:checking '/home/rhobtor/PHD/ARGOSJ8_IA/ARGOSJ8_IA_/install/argj801_ctl_platform_interfaces/lib'
[2.734s] Level 1:colcon.colcon_core.shell:create_environment_hook('argj801_ctl_platform_interfaces', 'ld_library_path_lib')
[2.734s] INFO:colcon.colcon_core.shell:Creating environment hook '/home/rhobtor/PHD/ARGOSJ8_IA/ARGOSJ8_IA_/install/argj801_ctl_platform_interfaces/share/argj801_ctl_platform_interfaces/hook/ld_library_path_lib.ps1'
[2.734s] INFO:colcon.colcon_core.shell:Creating environment descriptor '/home/rhobtor/PHD/ARGOSJ8_IA/ARGOSJ8_IA_/install/argj801_ctl_platform_interfaces/share/argj801_ctl_platform_interfaces/hook/ld_library_path_lib.dsv'
[2.735s] INFO:colcon.colcon_core.shell:Creating environment hook '/home/rhobtor/PHD/ARGOSJ8_IA/ARGOSJ8_IA_/install/argj801_ctl_platform_interfaces/share/argj801_ctl_platform_interfaces/hook/ld_library_path_lib.sh'
[2.735s] Level 1:colcon.colcon_core.environment:checking '/home/rhobtor/PHD/ARGOSJ8_IA/ARGOSJ8_IA_/install/argj801_ctl_platform_interfaces/bin'
[2.735s] Level 1:colcon.colcon_core.environment:checking '/home/rhobtor/PHD/ARGOSJ8_IA/ARGOSJ8_IA_/install/argj801_ctl_platform_interfaces/lib/pkgconfig/argj801_ctl_platform_interfaces.pc'
[2.735s] Level 1:colcon.colcon_core.environment:checking '/home/rhobtor/PHD/ARGOSJ8_IA/ARGOSJ8_IA_/install/argj801_ctl_platform_interfaces/lib/python3.10/site-packages'
[2.735s] Level 1:colcon.colcon_core.environment:checking '/home/rhobtor/PHD/ARGOSJ8_IA/ARGOSJ8_IA_/install/argj801_ctl_platform_interfaces/bin'
[2.735s] INFO:colcon.colcon_core.shell:Creating package script '/home/rhobtor/PHD/ARGOSJ8_IA/ARGOSJ8_IA_/install/argj801_ctl_platform_interfaces/share/argj801_ctl_platform_interfaces/package.ps1'
[2.736s] INFO:colcon.colcon_core.shell:Creating package descriptor '/home/rhobtor/PHD/ARGOSJ8_IA/ARGOSJ8_IA_/install/argj801_ctl_platform_interfaces/share/argj801_ctl_platform_interfaces/package.dsv'
[2.736s] INFO:colcon.colcon_core.shell:Creating package script '/home/rhobtor/PHD/ARGOSJ8_IA/ARGOSJ8_IA_/install/argj801_ctl_platform_interfaces/share/argj801_ctl_platform_interfaces/package.sh'
[2.736s] INFO:colcon.colcon_core.shell:Creating package script '/home/rhobtor/PHD/ARGOSJ8_IA/ARGOSJ8_IA_/install/argj801_ctl_platform_interfaces/share/argj801_ctl_platform_interfaces/package.bash'
[2.736s] INFO:colcon.colcon_core.shell:Creating package script '/home/rhobtor/PHD/ARGOSJ8_IA/ARGOSJ8_IA_/install/argj801_ctl_platform_interfaces/share/argj801_ctl_platform_interfaces/package.zsh'
[2.737s] Level 1:colcon.colcon_core.environment:create_file_with_runtime_dependencies(/home/rhobtor/PHD/ARGOSJ8_IA/ARGOSJ8_IA_/install/argj801_ctl_platform_interfaces/share/colcon-core/packages/argj801_ctl_platform_interfaces)
[2.737s] Level 1:colcon.colcon_core.environment:create_environment_scripts_only(ctl_mission_interfaces)
[2.737s] Level 1:colcon.colcon_core.environment:checking '/home/rhobtor/PHD/ARGOSJ8_IA/ARGOSJ8_IA_/install/ctl_mission_interfaces' for CMake module files
[2.737s] Level 1:colcon.colcon_core.environment:checking '/home/rhobtor/PHD/ARGOSJ8_IA/ARGOSJ8_IA_/install/ctl_mission_interfaces' for CMake config files
[2.738s] Level 1:colcon.colcon_core.shell:create_environment_hook('ctl_mission_interfaces', 'cmake_prefix_path')
[2.738s] INFO:colcon.colcon_core.shell:Creating environment hook '/home/rhobtor/PHD/ARGOSJ8_IA/ARGOSJ8_IA_/install/ctl_mission_interfaces/share/ctl_mission_interfaces/hook/cmake_prefix_path.ps1'
[2.752s] INFO:colcon.colcon_core.shell:Creating environment descriptor '/home/rhobtor/PHD/ARGOSJ8_IA/ARGOSJ8_IA_/install/ctl_mission_interfaces/share/ctl_mission_interfaces/hook/cmake_prefix_path.dsv'
[2.752s] DEBUG:colcon.colcon_core.event_handler.log_command:Invoked command in '/home/rhobtor/PHD/ARGOSJ8_IA/ARGOSJ8_IA_/build/ctl_mission_interfaces' returned '0': CMAKE_PREFIX_PATH=${CMAKE_PREFIX_PATH}:/home/rhobtor/PHD/ARGOSJ8_IA/ARGOSJ8_IA_/install/ntrip_client:/home/rhobtor/PHD/ARGOSJ8_IA/ARGOSJ8_IA_/install/j8_gui:/home/rhobtor/PHD/ARGOSJ8_IA/ARGOSJ8_IA_/install/car:/home/rhobtor/PHD/ARGOSJ8_IA/ARGOSJ8_IA_/install/android_ros2_server:/home/rhobtor/PHD/ARGOSJ8_IA/ARGOSJ8_IA_/install/GUI_pkg:/home/rhobtor/reactive/Reactive-Navegation/workspace_full_conected/install/car:/opt/ros/humble /usr/bin/cmake --install /home/rhobtor/PHD/ARGOSJ8_IA/ARGOSJ8_IA_/build/ctl_mission_interfaces
[2.752s] INFO:colcon.colcon_core.shell:Creating environment hook '/home/rhobtor/PHD/ARGOSJ8_IA/ARGOSJ8_IA_/install/ctl_mission_interfaces/share/ctl_mission_interfaces/hook/cmake_prefix_path.sh'
[2.753s] Level 1:colcon.colcon_core.environment:checking '/home/rhobtor/PHD/ARGOSJ8_IA/ARGOSJ8_IA_/install/ctl_mission_interfaces/lib'
[2.753s] Level 1:colcon.colcon_core.shell:create_environment_hook('ctl_mission_interfaces', 'ld_library_path_lib')
[2.753s] INFO:colcon.colcon_core.shell:Creating environment hook '/home/rhobtor/PHD/ARGOSJ8_IA/ARGOSJ8_IA_/install/ctl_mission_interfaces/share/ctl_mission_interfaces/hook/ld_library_path_lib.ps1'
[2.753s] INFO:colcon.colcon_core.shell:Creating environment descriptor '/home/rhobtor/PHD/ARGOSJ8_IA/ARGOSJ8_IA_/install/ctl_mission_interfaces/share/ctl_mission_interfaces/hook/ld_library_path_lib.dsv'
[2.753s] INFO:colcon.colcon_core.shell:Creating environment hook '/home/rhobtor/PHD/ARGOSJ8_IA/ARGOSJ8_IA_/install/ctl_mission_interfaces/share/ctl_mission_interfaces/hook/ld_library_path_lib.sh'
[2.754s] Level 1:colcon.colcon_core.environment:checking '/home/rhobtor/PHD/ARGOSJ8_IA/ARGOSJ8_IA_/install/ctl_mission_interfaces/bin'
[2.754s] Level 1:colcon.colcon_core.environment:checking '/home/rhobtor/PHD/ARGOSJ8_IA/ARGOSJ8_IA_/install/ctl_mission_interfaces/lib/pkgconfig/ctl_mission_interfaces.pc'
[2.754s] Level 1:colcon.colcon_core.environment:checking '/home/rhobtor/PHD/ARGOSJ8_IA/ARGOSJ8_IA_/install/ctl_mission_interfaces/lib/python3.10/site-packages'
[2.754s] Level 1:colcon.colcon_core.environment:checking '/home/rhobtor/PHD/ARGOSJ8_IA/ARGOSJ8_IA_/install/ctl_mission_interfaces/bin'
[2.754s] INFO:colcon.colcon_core.shell:Creating package script '/home/rhobtor/PHD/ARGOSJ8_IA/ARGOSJ8_IA_/install/ctl_mission_interfaces/share/ctl_mission_interfaces/package.ps1'
[2.754s] INFO:colcon.colcon_core.shell:Creating package descriptor '/home/rhobtor/PHD/ARGOSJ8_IA/ARGOSJ8_IA_/install/ctl_mission_interfaces/share/ctl_mission_interfaces/package.dsv'
[2.755s] INFO:colcon.colcon_core.shell:Creating package script '/home/rhobtor/PHD/ARGOSJ8_IA/ARGOSJ8_IA_/install/ctl_mission_interfaces/share/ctl_mission_interfaces/package.sh'
[2.755s] INFO:colcon.colcon_core.shell:Creating package script '/home/rhobtor/PHD/ARGOSJ8_IA/ARGOSJ8_IA_/install/ctl_mission_interfaces/share/ctl_mission_interfaces/package.bash'
[2.755s] INFO:colcon.colcon_core.shell:Creating package script '/home/rhobtor/PHD/ARGOSJ8_IA/ARGOSJ8_IA_/install/ctl_mission_interfaces/share/ctl_mission_interfaces/package.zsh'
[2.755s] Level 1:colcon.colcon_core.environment:create_file_with_runtime_dependencies(/home/rhobtor/PHD/ARGOSJ8_IA/ARGOSJ8_IA_/install/ctl_mission_interfaces/share/colcon-core/packages/ctl_mission_interfaces)
[2.755s] Level 1:colcon.colcon_core.environment:create_environment_scripts_only(ctl_mission_interfaces)
[2.756s] Level 1:colcon.colcon_core.environment:checking '/home/rhobtor/PHD/ARGOSJ8_IA/ARGOSJ8_IA_/install/ctl_mission_interfaces' for CMake module files
[2.756s] Level 1:colcon.colcon_core.environment:checking '/home/rhobtor/PHD/ARGOSJ8_IA/ARGOSJ8_IA_/install/ctl_mission_interfaces' for CMake config files
[2.756s] Level 1:colcon.colcon_core.shell:create_environment_hook('ctl_mission_interfaces', 'cmake_prefix_path')
[2.756s] INFO:colcon.colcon_core.shell:Creating environment hook '/home/rhobtor/PHD/ARGOSJ8_IA/ARGOSJ8_IA_/install/ctl_mission_interfaces/share/ctl_mission_interfaces/hook/cmake_prefix_path.ps1'
[2.756s] INFO:colcon.colcon_core.shell:Creating environment descriptor '/home/rhobtor/PHD/ARGOSJ8_IA/ARGOSJ8_IA_/install/ctl_mission_interfaces/share/ctl_mission_interfaces/hook/cmake_prefix_path.dsv'
[2.757s] INFO:colcon.colcon_core.shell:Creating environment hook '/home/rhobtor/PHD/ARGOSJ8_IA/ARGOSJ8_IA_/install/ctl_mission_interfaces/share/ctl_mission_interfaces/hook/cmake_prefix_path.sh'
[2.757s] Level 1:colcon.colcon_core.environment:checking '/home/rhobtor/PHD/ARGOSJ8_IA/ARGOSJ8_IA_/install/ctl_mission_interfaces/lib'
[2.757s] Level 1:colcon.colcon_core.shell:create_environment_hook('ctl_mission_interfaces', 'ld_library_path_lib')
[2.757s] INFO:colcon.colcon_core.shell:Creating environment hook '/home/rhobtor/PHD/ARGOSJ8_IA/ARGOSJ8_IA_/install/ctl_mission_interfaces/share/ctl_mission_interfaces/hook/ld_library_path_lib.ps1'
[2.757s] INFO:colcon.colcon_core.shell:Creating environment descriptor '/home/rhobtor/PHD/ARGOSJ8_IA/ARGOSJ8_IA_/install/ctl_mission_interfaces/share/ctl_mission_interfaces/hook/ld_library_path_lib.dsv'
[2.757s] INFO:colcon.colcon_core.shell:Creating environment hook '/home/rhobtor/PHD/ARGOSJ8_IA/ARGOSJ8_IA_/install/ctl_mission_interfaces/share/ctl_mission_interfaces/hook/ld_library_path_lib.sh'
[2.758s] Level 1:colcon.colcon_core.environment:checking '/home/rhobtor/PHD/ARGOSJ8_IA/ARGOSJ8_IA_/install/ctl_mission_interfaces/bin'
[2.758s] Level 1:colcon.colcon_core.environment:checking '/home/rhobtor/PHD/ARGOSJ8_IA/ARGOSJ8_IA_/install/ctl_mission_interfaces/lib/pkgconfig/ctl_mission_interfaces.pc'
[2.758s] Level 1:colcon.colcon_core.environment:checking '/home/rhobtor/PHD/ARGOSJ8_IA/ARGOSJ8_IA_/install/ctl_mission_interfaces/lib/python3.10/site-packages'
[2.758s] Level 1:colcon.colcon_core.environment:checking '/home/rhobtor/PHD/ARGOSJ8_IA/ARGOSJ8_IA_/install/ctl_mission_interfaces/bin'
[2.758s] INFO:colcon.colcon_core.shell:Creating package script '/home/rhobtor/PHD/ARGOSJ8_IA/ARGOSJ8_IA_/install/ctl_mission_interfaces/share/ctl_mission_interfaces/package.ps1'
[2.803s] INFO:colcon.colcon_core.shell:Creating package descriptor '/home/rhobtor/PHD/ARGOSJ8_IA/ARGOSJ8_IA_/install/ctl_mission_interfaces/share/ctl_mission_interfaces/package.dsv'
[2.804s] INFO:colcon.colcon_core.shell:Creating package script '/home/rhobtor/PHD/ARGOSJ8_IA/ARGOSJ8_IA_/install/ctl_mission_interfaces/share/ctl_mission_interfaces/package.sh'
[2.804s] INFO:colcon.colcon_core.shell:Creating package script '/home/rhobtor/PHD/ARGOSJ8_IA/ARGOSJ8_IA_/install/ctl_mission_interfaces/share/ctl_mission_interfaces/package.bash'
[2.804s] INFO:colcon.colcon_core.shell:Creating package script '/home/rhobtor/PHD/ARGOSJ8_IA/ARGOSJ8_IA_/install/ctl_mission_interfaces/share/ctl_mission_interfaces/package.zsh'
[2.805s] Level 1:colcon.colcon_core.environment:create_file_with_runtime_dependencies(/home/rhobtor/PHD/ARGOSJ8_IA/ARGOSJ8_IA_/install/ctl_mission_interfaces/share/colcon-core/packages/ctl_mission_interfaces)
[2.806s] DEBUG:colcon.colcon_core.event_handler.log_command:Invoked command in '/home/rhobtor/PHD/ARGOSJ8_IA/ARGOSJ8_IA_/build/wiimote_msgs' returned '0': CMAKE_PREFIX_PATH=${CMAKE_PREFIX_PATH}:/home/rhobtor/PHD/ARGOSJ8_IA/ARGOSJ8_IA_/install/ntrip_client:/home/rhobtor/PHD/ARGOSJ8_IA/ARGOSJ8_IA_/install/j8_gui:/home/rhobtor/PHD/ARGOSJ8_IA/ARGOSJ8_IA_/install/car:/home/rhobtor/PHD/ARGOSJ8_IA/ARGOSJ8_IA_/install/android_ros2_server:/home/rhobtor/PHD/ARGOSJ8_IA/ARGOSJ8_IA_/install/GUI_pkg:/home/rhobtor/reactive/Reactive-Navegation/workspace_full_conected/install/car:/opt/ros/humble /usr/bin/cmake --build /home/rhobtor/PHD/ARGOSJ8_IA/ARGOSJ8_IA_/build/wiimote_msgs -- -j20 -l20
[2.806s] DEBUG:colcon.colcon_core.event_handler.log_command:Invoking command in '/home/rhobtor/PHD/ARGOSJ8_IA/ARGOSJ8_IA_/build/wiimote_msgs': CMAKE_PREFIX_PATH=${CMAKE_PREFIX_PATH}:/home/rhobtor/PHD/ARGOSJ8_IA/ARGOSJ8_IA_/install/ntrip_client:/home/rhobtor/PHD/ARGOSJ8_IA/ARGOSJ8_IA_/install/j8_gui:/home/rhobtor/PHD/ARGOSJ8_IA/ARGOSJ8_IA_/install/car:/home/rhobtor/PHD/ARGOSJ8_IA/ARGOSJ8_IA_/install/android_ros2_server:/home/rhobtor/PHD/ARGOSJ8_IA/ARGOSJ8_IA_/install/GUI_pkg:/home/rhobtor/reactive/Reactive-Navegation/workspace_full_conected/install/car:/opt/ros/humble /usr/bin/cmake --install /home/rhobtor/PHD/ARGOSJ8_IA/ARGOSJ8_IA_/build/wiimote_msgs
[2.807s] INFO:colcon.colcon_ros.task.ament_cmake.build:Building ROS package in '/home/rhobtor/PHD/ARGOSJ8_IA/ARGOSJ8_IA_/src/argj801_ctl_platform/argj801_ctl_platform' with build type 'ament_cmake'
[2.807s] INFO:colcon.colcon_cmake.task.cmake.build:Building CMake package in '/home/rhobtor/PHD/ARGOSJ8_IA/ARGOSJ8_IA_/src/argj801_ctl_platform/argj801_ctl_platform'
[2.807s] INFO:colcon.colcon_core.shell:Skip shell extension 'powershell' for command environment: Not usable outside of PowerShell
[2.807s] DEBUG:colcon.colcon_core.shell:Skip shell extension 'dsv' for command environment
[2.812s] INFO:colcon.colcon_ros.task.ament_cmake.build:Building ROS package in '/home/rhobtor/PHD/ARGOSJ8_IA/ARGOSJ8_IA_/src/argo_drivers_pkgs/argj801_sensors/argj801_sensors' with build type 'ament_cmake'
[2.812s] INFO:colcon.colcon_cmake.task.cmake.build:Building CMake package in '/home/rhobtor/PHD/ARGOSJ8_IA/ARGOSJ8_IA_/src/argo_drivers_pkgs/argj801_sensors/argj801_sensors'
[2.812s] INFO:colcon.colcon_core.shell:Skip shell extension 'powershell' for command environment: Not usable outside of PowerShell
[2.812s] DEBUG:colcon.colcon_core.shell:Skip shell extension 'dsv' for command environment
[2.817s] INFO:colcon.colcon_ros.task.ament_python.build:Building ROS package in '/home/rhobtor/PHD/ARGOSJ8_IA/ARGOSJ8_IA_/src/car_python' with build type 'ament_python'
[2.818s] Level 1:colcon.colcon_core.shell:create_environment_hook('car', 'ament_prefix_path')
[2.818s] INFO:colcon.colcon_core.shell:Creating environment hook '/home/rhobtor/PHD/ARGOSJ8_IA/ARGOSJ8_IA_/install/car/share/car/hook/ament_prefix_path.ps1'
[2.818s] INFO:colcon.colcon_core.shell:Creating environment descriptor '/home/rhobtor/PHD/ARGOSJ8_IA/ARGOSJ8_IA_/install/car/share/car/hook/ament_prefix_path.dsv'
[2.818s] INFO:colcon.colcon_core.shell:Creating environment hook '/home/rhobtor/PHD/ARGOSJ8_IA/ARGOSJ8_IA_/install/car/share/car/hook/ament_prefix_path.sh'
[2.819s] INFO:colcon.colcon_core.shell:Skip shell extension 'powershell' for command environment: Not usable outside of PowerShell
[2.819s] DEBUG:colcon.colcon_core.shell:Skip shell extension 'dsv' for command environment
[2.823s] INFO:colcon.colcon_ros.task.ament_cmake.build:Building ROS package in '/home/rhobtor/PHD/ARGOSJ8_IA/ARGOSJ8_IA_/src/car_cpp' with build type 'ament_cmake'
[2.823s] INFO:colcon.colcon_cmake.task.cmake.build:Building CMake package in '/home/rhobtor/PHD/ARGOSJ8_IA/ARGOSJ8_IA_/src/car_cpp'
[2.823s] INFO:colcon.colcon_core.shell:Skip shell extension 'powershell' for command environment: Not usable outside of PowerShell
[2.823s] DEBUG:colcon.colcon_core.shell:Skip shell extension 'dsv' for command environment
[2.828s] INFO:colcon.colcon_ros.task.ament_cmake.build:Building ROS package in '/home/rhobtor/PHD/ARGOSJ8_IA/ARGOSJ8_IA_/src/lidar_process_pkgs/laser_segmentation' with build type 'ament_cmake'
[2.828s] INFO:colcon.colcon_cmake.task.cmake.build:Building CMake package in '/home/rhobtor/PHD/ARGOSJ8_IA/ARGOSJ8_IA_/src/lidar_process_pkgs/laser_segmentation'
[2.828s] INFO:colcon.colcon_core.shell:Skip shell extension 'powershell' for command environment: Not usable outside of PowerShell
[2.828s] DEBUG:colcon.colcon_core.shell:Skip shell extension 'dsv' for command environment
[2.832s] INFO:colcon.colcon_ros.task.ament_cmake.build:Building ROS package in '/home/rhobtor/PHD/ARGOSJ8_IA/ARGOSJ8_IA_/src/path_manager/path_manager' with build type 'ament_cmake'
[2.832s] INFO:colcon.colcon_cmake.task.cmake.build:Building CMake package in '/home/rhobtor/PHD/ARGOSJ8_IA/ARGOSJ8_IA_/src/path_manager/path_manager'
[2.832s] INFO:colcon.colcon_core.shell:Skip shell extension 'powershell' for command environment: Not usable outside of PowerShell
[2.832s] DEBUG:colcon.colcon_core.shell:Skip shell extension 'dsv' for command environment
[2.836s] Level 1:colcon.colcon_core.environment:create_environment_scripts_only(spacenav)
[2.836s] Level 1:colcon.colcon_core.environment:checking '/home/rhobtor/PHD/ARGOSJ8_IA/ARGOSJ8_IA_/install/spacenav' for CMake module files
[2.837s] DEBUG:colcon.colcon_core.event_handler.log_command:Invoked command in '/home/rhobtor/PHD/ARGOSJ8_IA/ARGOSJ8_IA_/build/spacenav' returned '0': CMAKE_PREFIX_PATH=${CMAKE_PREFIX_PATH}:/home/rhobtor/PHD/ARGOSJ8_IA/ARGOSJ8_IA_/install/ntrip_client:/home/rhobtor/PHD/ARGOSJ8_IA/ARGOSJ8_IA_/install/j8_gui:/home/rhobtor/PHD/ARGOSJ8_IA/ARGOSJ8_IA_/install/car:/home/rhobtor/PHD/ARGOSJ8_IA/ARGOSJ8_IA_/install/android_ros2_server:/home/rhobtor/PHD/ARGOSJ8_IA/ARGOSJ8_IA_/install/GUI_pkg:/home/rhobtor/reactive/Reactive-Navegation/workspace_full_conected/install/car:/opt/ros/humble /usr/bin/cmake --install /home/rhobtor/PHD/ARGOSJ8_IA/ARGOSJ8_IA_/build/spacenav
[2.839s] Level 1:colcon.colcon_core.environment:checking '/home/rhobtor/PHD/ARGOSJ8_IA/ARGOSJ8_IA_/install/spacenav' for CMake config files
[2.840s] Level 1:colcon.colcon_core.shell:create_environment_hook('spacenav', 'cmake_prefix_path')
[2.840s] INFO:colcon.colcon_core.shell:Creating environment hook '/home/rhobtor/PHD/ARGOSJ8_IA/ARGOSJ8_IA_/install/spacenav/share/spacenav/hook/cmake_prefix_path.ps1'
[2.840s] INFO:colcon.colcon_core.shell:Creating environment descriptor '/home/rhobtor/PHD/ARGOSJ8_IA/ARGOSJ8_IA_/install/spacenav/share/spacenav/hook/cmake_prefix_path.dsv'
[2.841s] INFO:colcon.colcon_core.shell:Creating environment hook '/home/rhobtor/PHD/ARGOSJ8_IA/ARGOSJ8_IA_/install/spacenav/share/spacenav/hook/cmake_prefix_path.sh'
[2.841s] Level 1:colcon.colcon_core.environment:checking '/home/rhobtor/PHD/ARGOSJ8_IA/ARGOSJ8_IA_/install/spacenav/lib'
[2.841s] Level 1:colcon.colcon_core.shell:create_environment_hook('spacenav', 'ld_library_path_lib')
[2.841s] INFO:colcon.colcon_core.shell:Creating environment hook '/home/rhobtor/PHD/ARGOSJ8_IA/ARGOSJ8_IA_/install/spacenav/share/spacenav/hook/ld_library_path_lib.ps1'
[2.842s] INFO:colcon.colcon_core.shell:Creating environment descriptor '/home/rhobtor/PHD/ARGOSJ8_IA/ARGOSJ8_IA_/install/spacenav/share/spacenav/hook/ld_library_path_lib.dsv'
[2.842s] INFO:colcon.colcon_core.shell:Creating environment hook '/home/rhobtor/PHD/ARGOSJ8_IA/ARGOSJ8_IA_/install/spacenav/share/spacenav/hook/ld_library_path_lib.sh'
[2.842s] Level 1:colcon.colcon_core.environment:checking '/home/rhobtor/PHD/ARGOSJ8_IA/ARGOSJ8_IA_/install/spacenav/bin'
[2.842s] Level 1:colcon.colcon_core.environment:checking '/home/rhobtor/PHD/ARGOSJ8_IA/ARGOSJ8_IA_/install/spacenav/lib/pkgconfig/spacenav.pc'
[2.842s] Level 1:colcon.colcon_core.environment:checking '/home/rhobtor/PHD/ARGOSJ8_IA/ARGOSJ8_IA_/install/spacenav/lib/python3.10/site-packages'
[2.842s] Level 1:colcon.colcon_core.environment:checking '/home/rhobtor/PHD/ARGOSJ8_IA/ARGOSJ8_IA_/install/spacenav/bin'
[2.843s] INFO:colcon.colcon_core.shell:Creating package script '/home/rhobtor/PHD/ARGOSJ8_IA/ARGOSJ8_IA_/install/spacenav/share/spacenav/package.ps1'
[2.843s] INFO:colcon.colcon_core.shell:Creating package descriptor '/home/rhobtor/PHD/ARGOSJ8_IA/ARGOSJ8_IA_/install/spacenav/share/spacenav/package.dsv'
[2.843s] INFO:colcon.colcon_core.shell:Creating package script '/home/rhobtor/PHD/ARGOSJ8_IA/ARGOSJ8_IA_/install/spacenav/share/spacenav/package.sh'
[2.843s] INFO:colcon.colcon_core.shell:Creating package script '/home/rhobtor/PHD/ARGOSJ8_IA/ARGOSJ8_IA_/install/spacenav/share/spacenav/package.bash'
[2.843s] INFO:colcon.colcon_core.shell:Creating package script '/home/rhobtor/PHD/ARGOSJ8_IA/ARGOSJ8_IA_/install/spacenav/share/spacenav/package.zsh'
[2.844s] Level 1:colcon.colcon_core.environment:create_file_with_runtime_dependencies(/home/rhobtor/PHD/ARGOSJ8_IA/ARGOSJ8_IA_/install/spacenav/share/colcon-core/packages/spacenav)
[2.856s] Level 1:colcon.colcon_core.environment:create_environment_scripts_only(spacenav)
[2.856s] Level 1:colcon.colcon_core.environment:checking '/home/rhobtor/PHD/ARGOSJ8_IA/ARGOSJ8_IA_/install/spacenav' for CMake module files
[2.856s] Level 1:colcon.colcon_core.environment:checking '/home/rhobtor/PHD/ARGOSJ8_IA/ARGOSJ8_IA_/install/spacenav' for CMake config files
[2.857s] Level 1:colcon.colcon_core.shell:create_environment_hook('spacenav', 'cmake_prefix_path')
[2.857s] INFO:colcon.colcon_core.shell:Creating environment hook '/home/rhobtor/PHD/ARGOSJ8_IA/ARGOSJ8_IA_/install/spacenav/share/spacenav/hook/cmake_prefix_path.ps1'
[2.857s] INFO:colcon.colcon_core.shell:Creating environment descriptor '/home/rhobtor/PHD/ARGOSJ8_IA/ARGOSJ8_IA_/install/spacenav/share/spacenav/hook/cmake_prefix_path.dsv'
[2.858s] INFO:colcon.colcon_core.shell:Creating environment hook '/home/rhobtor/PHD/ARGOSJ8_IA/ARGOSJ8_IA_/install/spacenav/share/spacenav/hook/cmake_prefix_path.sh'
[2.858s] Level 1:colcon.colcon_core.environment:checking '/home/rhobtor/PHD/ARGOSJ8_IA/ARGOSJ8_IA_/install/spacenav/lib'
[2.858s] Level 1:colcon.colcon_core.shell:create_environment_hook('spacenav', 'ld_library_path_lib')
[2.858s] INFO:colcon.colcon_core.shell:Creating environment hook '/home/rhobtor/PHD/ARGOSJ8_IA/ARGOSJ8_IA_/install/spacenav/share/spacenav/hook/ld_library_path_lib.ps1'
[2.859s] INFO:colcon.colcon_core.shell:Creating environment descriptor '/home/rhobtor/PHD/ARGOSJ8_IA/ARGOSJ8_IA_/install/spacenav/share/spacenav/hook/ld_library_path_lib.dsv'
[2.859s] INFO:colcon.colcon_core.shell:Creating environment hook '/home/rhobtor/PHD/ARGOSJ8_IA/ARGOSJ8_IA_/install/spacenav/share/spacenav/hook/ld_library_path_lib.sh'
[2.859s] Level 1:colcon.colcon_core.environment:checking '/home/rhobtor/PHD/ARGOSJ8_IA/ARGOSJ8_IA_/install/spacenav/bin'
[2.859s] Level 1:colcon.colcon_core.environment:checking '/home/rhobtor/PHD/ARGOSJ8_IA/ARGOSJ8_IA_/install/spacenav/lib/pkgconfig/spacenav.pc'
[2.859s] Level 1:colcon.colcon_core.environment:checking '/home/rhobtor/PHD/ARGOSJ8_IA/ARGOSJ8_IA_/install/spacenav/lib/python3.10/site-packages'
[2.859s] Level 1:colcon.colcon_core.environment:checking '/home/rhobtor/PHD/ARGOSJ8_IA/ARGOSJ8_IA_/install/spacenav/bin'
[2.860s] INFO:colcon.colcon_core.shell:Creating package script '/home/rhobtor/PHD/ARGOSJ8_IA/ARGOSJ8_IA_/install/spacenav/share/spacenav/package.ps1'
[2.869s] INFO:colcon.colcon_core.shell:Creating package descriptor '/home/rhobtor/PHD/ARGOSJ8_IA/ARGOSJ8_IA_/install/spacenav/share/spacenav/package.dsv'
[2.869s] INFO:colcon.colcon_core.shell:Creating package script '/home/rhobtor/PHD/ARGOSJ8_IA/ARGOSJ8_IA_/install/spacenav/share/spacenav/package.sh'
[2.869s] INFO:colcon.colcon_core.shell:Creating package script '/home/rhobtor/PHD/ARGOSJ8_IA/ARGOSJ8_IA_/install/spacenav/share/spacenav/package.bash'
[2.870s] INFO:colcon.colcon_core.shell:Creating package script '/home/rhobtor/PHD/ARGOSJ8_IA/ARGOSJ8_IA_/install/spacenav/share/spacenav/package.zsh'
[2.870s] Level 1:colcon.colcon_core.environment:create_file_with_runtime_dependencies(/home/rhobtor/PHD/ARGOSJ8_IA/ARGOSJ8_IA_/install/spacenav/share/colcon-core/packages/spacenav)
[2.872s] DEBUG:colcon.colcon_core.event_handler.log_command:Invoking command in '/home/rhobtor/PHD/ARGOSJ8_IA/ARGOSJ8_IA_/build/ublox_msgs': CMAKE_PREFIX_PATH=/home/rhobtor/PHD/ARGOSJ8_IA/ARGOSJ8_IA_/install/ublox_serialization:/home/rhobtor/PHD/ARGOSJ8_IA/ARGOSJ8_IA_/install/wiimote_msgs:/home/rhobtor/PHD/ARGOSJ8_IA/ARGOSJ8_IA_/install/ublox:/home/rhobtor/PHD/ARGOSJ8_IA/ARGOSJ8_IA_/install/ublox_gps:/home/rhobtor/PHD/ARGOSJ8_IA/ARGOSJ8_IA_/install/security_check:/home/rhobtor/PHD/ARGOSJ8_IA/ARGOSJ8_IA_/install/ctl_mission:/home/rhobtor/PHD/ARGOSJ8_IA/ARGOSJ8_IA_/install/ublox_msgs:/home/rhobtor/PHD/ARGOSJ8_IA/ARGOSJ8_IA_/install/spacenav:/home/rhobtor/PHD/ARGOSJ8_IA/ARGOSJ8_IA_/install/laser_segmentation:/home/rhobtor/PHD/ARGOSJ8_IA/ARGOSJ8_IA_/install/slg_msgs:/home/rhobtor/PHD/ARGOSJ8_IA/ARGOSJ8_IA_/install/security_check_interfaces:/home/rhobtor/PHD/ARGOSJ8_IA/ARGOSJ8_IA_/install/joy:/home/rhobtor/PHD/ARGOSJ8_IA/ARGOSJ8_IA_/install/sdl2_vendor:/home/rhobtor/PHD/ARGOSJ8_IA/ARGOSJ8_IA_/install/path_manager:/home/rhobtor/PHD/ARGOSJ8_IA/ARGOSJ8_IA_/install/path_manager_interfaces:/home/rhobtor/PHD/ARGOSJ8_IA/ARGOSJ8_IA_/install/joy_linux:/home/rhobtor/PHD/ARGOSJ8_IA/ARGOSJ8_IA_/install/j8_xacro_model:/home/rhobtor/PHD/ARGOSJ8_IA/ARGOSJ8_IA_/install/hector_gazebo_plugins:/home/rhobtor/PHD/ARGOSJ8_IA/ARGOSJ8_IA_/install/fixposition_sensor_pkg:/home/rhobtor/PHD/ARGOSJ8_IA/ARGOSJ8_IA_/install/fixposition_odometry_converter_ros2:/home/rhobtor/PHD/ARGOSJ8_IA/ARGOSJ8_IA_/install/fixposition_driver_ros2:/home/rhobtor/PHD/ARGOSJ8_IA/ARGOSJ8_IA_/install/fixposition_driver_lib:/home/rhobtor/PHD/ARGOSJ8_IA/ARGOSJ8_IA_/install/fixposition_gnss_tf:/home/rhobtor/PHD/ARGOSJ8_IA/ARGOSJ8_IA_/install/ctl_mission_interfaces:/home/rhobtor/PHD/ARGOSJ8_IA/ARGOSJ8_IA_/install/car_cpp:/home/rhobtor/PHD/ARGOSJ8_IA/ARGOSJ8_IA_/install/car_interfaces:/home/rhobtor/PHD/ARGOSJ8_IA/ARGOSJ8_IA_/install/argj801_setup:/home/rhobtor/PHD/ARGOSJ8_IA/ARGOSJ8_IA_/install/argj801_sensors:/home/rhobtor/PHD/ARGOSJ8_IA/ARGOSJ8_IA_/install/argj801_sensors_msgs:/home/rhobtor/PHD/ARGOSJ8_IA/ARGOSJ8_IA_/install/argj801_ctl_platform:/home/rhobtor/PHD/ARGOSJ8_IA/ARGOSJ8_IA_/install/argj801_ctl_platform_interfaces:/home/rhobtor/reactive/Reactive-Navegation/workspace_full_conected/install/octomap_mapping:/home/rhobtor/reactive/Reactive-Navegation/workspace_full_conected/install/octomap_server:/home/rhobtor/reactive/Reactive-Navegation/workspace_full_conected/install/octomap_rviz_plugins:/home/rhobtor/reactive/Reactive-Navegation/workspace_full_conected/install/hector_gazebo_plugins:/home/rhobtor/reactive/Reactive-Navegation/workspace_full_conected/install/car_cpp:/home/rhobtor/reactive/Reactive-Navegation/workspace_full_conected/install/car_interfaces:/home/rhobtor/PHD/ARGOSJ8_IA/ARGOSJ8_IA_/install/ntrip_client:/home/rhobtor/PHD/ARGOSJ8_IA/ARGOSJ8_IA_/install/j8_gui:/home/rhobtor/PHD/ARGOSJ8_IA/ARGOSJ8_IA_/install/car:/home/rhobtor/PHD/ARGOSJ8_IA/ARGOSJ8_IA_/install/android_ros2_server:/home/rhobtor/PHD/ARGOSJ8_IA/ARGOSJ8_IA_/install/GUI_pkg:/home/rhobtor/reactive/Reactive-Navegation/workspace_full_conected/install/car:/opt/ros/humble /usr/bin/cmake --build /home/rhobtor/PHD/ARGOSJ8_IA/ARGOSJ8_IA_/build/ublox_msgs -- -j20 -l20
[2.874s] DEBUG:colcon.colcon_core.event_handler.log_command:Invoking command in '/home/rhobtor/PHD/ARGOSJ8_IA/ARGOSJ8_IA_/build/fixposition_driver_lib': CMAKE_PREFIX_PATH=/home/rhobtor/PHD/ARGOSJ8_IA/ARGOSJ8_IA_/install/fixposition_gnss_tf:/home/rhobtor/PHD/ARGOSJ8_IA/ARGOSJ8_IA_/install/wiimote_msgs:/home/rhobtor/PHD/ARGOSJ8_IA/ARGOSJ8_IA_/install/ublox:/home/rhobtor/PHD/ARGOSJ8_IA/ARGOSJ8_IA_/install/ublox_gps:/home/rhobtor/PHD/ARGOSJ8_IA/ARGOSJ8_IA_/install/security_check:/home/rhobtor/PHD/ARGOSJ8_IA/ARGOSJ8_IA_/install/ctl_mission:/home/rhobtor/PHD/ARGOSJ8_IA/ARGOSJ8_IA_/install/ublox_msgs:/home/rhobtor/PHD/ARGOSJ8_IA/ARGOSJ8_IA_/install/ublox_serialization:/home/rhobtor/PHD/ARGOSJ8_IA/ARGOSJ8_IA_/install/spacenav:/home/rhobtor/PHD/ARGOSJ8_IA/ARGOSJ8_IA_/install/laser_segmentation:/home/rhobtor/PHD/ARGOSJ8_IA/ARGOSJ8_IA_/install/slg_msgs:/home/rhobtor/PHD/ARGOSJ8_IA/ARGOSJ8_IA_/install/security_check_interfaces:/home/rhobtor/PHD/ARGOSJ8_IA/ARGOSJ8_IA_/install/joy:/home/rhobtor/PHD/ARGOSJ8_IA/ARGOSJ8_IA_/install/sdl2_vendor:/home/rhobtor/PHD/ARGOSJ8_IA/ARGOSJ8_IA_/install/path_manager:/home/rhobtor/PHD/ARGOSJ8_IA/ARGOSJ8_IA_/install/path_manager_interfaces:/home/rhobtor/PHD/ARGOSJ8_IA/ARGOSJ8_IA_/install/joy_linux:/home/rhobtor/PHD/ARGOSJ8_IA/ARGOSJ8_IA_/install/j8_xacro_model:/home/rhobtor/PHD/ARGOSJ8_IA/ARGOSJ8_IA_/install/hector_gazebo_plugins:/home/rhobtor/PHD/ARGOSJ8_IA/ARGOSJ8_IA_/install/fixposition_sensor_pkg:/home/rhobtor/PHD/ARGOSJ8_IA/ARGOSJ8_IA_/install/fixposition_odometry_converter_ros2:/home/rhobtor/PHD/ARGOSJ8_IA/ARGOSJ8_IA_/install/fixposition_driver_ros2:/home/rhobtor/PHD/ARGOSJ8_IA/ARGOSJ8_IA_/install/fixposition_driver_lib:/home/rhobtor/PHD/ARGOSJ8_IA/ARGOSJ8_IA_/install/ctl_mission_interfaces:/home/rhobtor/PHD/ARGOSJ8_IA/ARGOSJ8_IA_/install/car_cpp:/home/rhobtor/PHD/ARGOSJ8_IA/ARGOSJ8_IA_/install/car_interfaces:/home/rhobtor/PHD/ARGOSJ8_IA/ARGOSJ8_IA_/install/argj801_setup:/home/rhobtor/PHD/ARGOSJ8_IA/ARGOSJ8_IA_/install/argj801_sensors:/home/rhobtor/PHD/ARGOSJ8_IA/ARGOSJ8_IA_/install/argj801_sensors_msgs:/home/rhobtor/PHD/ARGOSJ8_IA/ARGOSJ8_IA_/install/argj801_ctl_platform:/home/rhobtor/PHD/ARGOSJ8_IA/ARGOSJ8_IA_/install/argj801_ctl_platform_interfaces:/home/rhobtor/reactive/Reactive-Navegation/workspace_full_conected/install/octomap_mapping:/home/rhobtor/reactive/Reactive-Navegation/workspace_full_conected/install/octomap_server:/home/rhobtor/reactive/Reactive-Navegation/workspace_full_conected/install/octomap_rviz_plugins:/home/rhobtor/reactive/Reactive-Navegation/workspace_full_conected/install/hector_gazebo_plugins:/home/rhobtor/reactive/Reactive-Navegation/workspace_full_conected/install/car_cpp:/home/rhobtor/reactive/Reactive-Navegation/workspace_full_conected/install/car_interfaces:/home/rhobtor/PHD/ARGOSJ8_IA/ARGOSJ8_IA_/install/ntrip_client:/home/rhobtor/PHD/ARGOSJ8_IA/ARGOSJ8_IA_/install/j8_gui:/home/rhobtor/PHD/ARGOSJ8_IA/ARGOSJ8_IA_/install/car:/home/rhobtor/PHD/ARGOSJ8_IA/ARGOSJ8_IA_/install/android_ros2_server:/home/rhobtor/PHD/ARGOSJ8_IA/ARGOSJ8_IA_/install/GUI_pkg:/home/rhobtor/reactive/Reactive-Navegation/workspace_full_conected/install/car:/opt/ros/humble LD_LIBRARY_PATH=/home/rhobtor/PHD/ARGOSJ8_IA/ARGOSJ8_IA_/install/fixposition_gnss_tf/lib:/home/rhobtor/PHD/ARGOSJ8_IA/ARGOSJ8_IA_/install/wiimote_msgs/lib:/home/rhobtor/PHD/ARGOSJ8_IA/ARGOSJ8_IA_/install/ublox_gps/lib:/home/rhobtor/PHD/ARGOSJ8_IA/ARGOSJ8_IA_/install/ublox_msgs/lib:/home/rhobtor/PHD/ARGOSJ8_IA/ARGOSJ8_IA_/install/spacenav/lib:/home/rhobtor/PHD/ARGOSJ8_IA/ARGOSJ8_IA_/install/laser_segmentation/lib:/home/rhobtor/PHD/ARGOSJ8_IA/ARGOSJ8_IA_/install/slg_msgs/lib:/home/rhobtor/PHD/ARGOSJ8_IA/ARGOSJ8_IA_/install/security_check_interfaces/lib:/home/rhobtor/PHD/ARGOSJ8_IA/ARGOSJ8_IA_/install/joy/lib:/home/rhobtor/PHD/ARGOSJ8_IA/ARGOSJ8_IA_/install/path_manager_interfaces/lib:/home/rhobtor/PHD/ARGOSJ8_IA/ARGOSJ8_IA_/install/j8_xacro_model/lib:/home/rhobtor/PHD/ARGOSJ8_IA/ARGOSJ8_IA_/install/hector_gazebo_plugins/lib:/home/rhobtor/PHD/ARGOSJ8_IA/ARGOSJ8_IA_/install/fixposition_sensor_pkg/lib:/home/rhobtor/PHD/ARGOSJ8_IA/ARGOSJ8_IA_/install/fixposition_odometry_converter_ros2/lib:/home/rhobtor/PHD/ARGOSJ8_IA/ARGOSJ8_IA_/install/fixposition_driver_ros2/lib:/home/rhobtor/PHD/ARGOSJ8_IA/ARGOSJ8_IA_/install/fixposition_driver_lib/lib:/home/rhobtor/PHD/ARGOSJ8_IA/ARGOSJ8_IA_/install/ctl_mission_interfaces/lib:/home/rhobtor/PHD/ARGOSJ8_IA/ARGOSJ8_IA_/install/car_cpp/lib:/home/rhobtor/PHD/ARGOSJ8_IA/ARGOSJ8_IA_/install/car_interfaces/lib:/home/rhobtor/PHD/ARGOSJ8_IA/ARGOSJ8_IA_/install/argj801_sensors_msgs/lib:/home/rhobtor/PHD/ARGOSJ8_IA/ARGOSJ8_IA_/install/argj801_ctl_platform_interfaces/lib:/home/rhobtor/reactive/Reactive-Navegation/workspace_full_conected/install/octomap_server/lib:/home/rhobtor/reactive/Reactive-Navegation/workspace_full_conected/install/octomap_rviz_plugins/lib:/home/rhobtor/reactive/Reactive-Navegation/workspace_full_conected/install/hector_gazebo_plugins/lib:/home/rhobtor/reactive/Reactive-Navegation/workspace_full_conected/install/car_cpp/lib:/home/rhobtor/reactive/Reactive-Navegation/workspace_full_conected/install/car_interfaces/lib:/usr/lib/x86_64-linux-gnu/gazebo-11/plugins:/opt/ros/humble/opt/rviz_ogre_vendor/lib:/opt/ros/humble/lib/x86_64-linux-gnu:/opt/ros/humble/lib PKG_CONFIG_PATH=/home/rhobtor/PHD/ARGOSJ8_IA/ARGOSJ8_IA_/install/fixposition_gnss_tf/lib/x86_64-linux-gnu/pkgconfig:/home/rhobtor/PHD/ARGOSJ8_IA/ARGOSJ8_IA_/install/fixposition_gnss_tf/lib/pkgconfig:/home/rhobtor/PHD/ARGOSJ8_IA/ARGOSJ8_IA_/install/fixposition_driver_lib/lib/x86_64-linux-gnu/pkgconfig:/home/rhobtor/PHD/ARGOSJ8_IA/ARGOSJ8_IA_/install/fixposition_driver_lib/lib/pkgconfig /usr/bin/cmake --build /home/rhobtor/PHD/ARGOSJ8_IA/ARGOSJ8_IA_/build/fixposition_driver_lib -- -j20 -l20
[2.876s] DEBUG:colcon.colcon_core.event_handler.log_command:Invoking command in '/home/rhobtor/PHD/ARGOSJ8_IA/ARGOSJ8_IA_/build/joy': CMAKE_PREFIX_PATH=/home/rhobtor/PHD/ARGOSJ8_IA/ARGOSJ8_IA_/install/sdl2_vendor:/home/rhobtor/PHD/ARGOSJ8_IA/ARGOSJ8_IA_/install/wiimote_msgs:/home/rhobtor/PHD/ARGOSJ8_IA/ARGOSJ8_IA_/install/ublox:/home/rhobtor/PHD/ARGOSJ8_IA/ARGOSJ8_IA_/install/ublox_gps:/home/rhobtor/PHD/ARGOSJ8_IA/ARGOSJ8_IA_/install/security_check:/home/rhobtor/PHD/ARGOSJ8_IA/ARGOSJ8_IA_/install/ctl_mission:/home/rhobtor/PHD/ARGOSJ8_IA/ARGOSJ8_IA_/install/ublox_msgs:/home/rhobtor/PHD/ARGOSJ8_IA/ARGOSJ8_IA_/install/ublox_serialization:/home/rhobtor/PHD/ARGOSJ8_IA/ARGOSJ8_IA_/install/spacenav:/home/rhobtor/PHD/ARGOSJ8_IA/ARGOSJ8_IA_/install/laser_segmentation:/home/rhobtor/PHD/ARGOSJ8_IA/ARGOSJ8_IA_/install/slg_msgs:/home/rhobtor/PHD/ARGOSJ8_IA/ARGOSJ8_IA_/install/security_check_interfaces:/home/rhobtor/PHD/ARGOSJ8_IA/ARGOSJ8_IA_/install/joy:/home/rhobtor/PHD/ARGOSJ8_IA/ARGOSJ8_IA_/install/path_manager:/home/rhobtor/PHD/ARGOSJ8_IA/ARGOSJ8_IA_/install/path_manager_interfaces:/home/rhobtor/PHD/ARGOSJ8_IA/ARGOSJ8_IA_/install/joy_linux:/home/rhobtor/PHD/ARGOSJ8_IA/ARGOSJ8_IA_/install/j8_xacro_model:/home/rhobtor/PHD/ARGOSJ8_IA/ARGOSJ8_IA_/install/hector_gazebo_plugins:/home/rhobtor/PHD/ARGOSJ8_IA/ARGOSJ8_IA_/install/fixposition_sensor_pkg:/home/rhobtor/PHD/ARGOSJ8_IA/ARGOSJ8_IA_/install/fixposition_odometry_converter_ros2:/home/rhobtor/PHD/ARGOSJ8_IA/ARGOSJ8_IA_/install/fixposition_driver_ros2:/home/rhobtor/PHD/ARGOSJ8_IA/ARGOSJ8_IA_/install/fixposition_driver_lib:/home/rhobtor/PHD/ARGOSJ8_IA/ARGOSJ8_IA_/install/fixposition_gnss_tf:/home/rhobtor/PHD/ARGOSJ8_IA/ARGOSJ8_IA_/install/ctl_mission_interfaces:/home/rhobtor/PHD/ARGOSJ8_IA/ARGOSJ8_IA_/install/car_cpp:/home/rhobtor/PHD/ARGOSJ8_IA/ARGOSJ8_IA_/install/car_interfaces:/home/rhobtor/PHD/ARGOSJ8_IA/ARGOSJ8_IA_/install/argj801_setup:/home/rhobtor/PHD/ARGOSJ8_IA/ARGOSJ8_IA_/install/argj801_sensors:/home/rhobtor/PHD/ARGOSJ8_IA/ARGOSJ8_IA_/install/argj801_sensors_msgs:/home/rhobtor/PHD/ARGOSJ8_IA/ARGOSJ8_IA_/install/argj801_ctl_platform:/home/rhobtor/PHD/ARGOSJ8_IA/ARGOSJ8_IA_/install/argj801_ctl_platform_interfaces:/home/rhobtor/reactive/Reactive-Navegation/workspace_full_conected/install/octomap_mapping:/home/rhobtor/reactive/Reactive-Navegation/workspace_full_conected/install/octomap_server:/home/rhobtor/reactive/Reactive-Navegation/workspace_full_conected/install/octomap_rviz_plugins:/home/rhobtor/reactive/Reactive-Navegation/workspace_full_conected/install/hector_gazebo_plugins:/home/rhobtor/reactive/Reactive-Navegation/workspace_full_conected/install/car_cpp:/home/rhobtor/reactive/Reactive-Navegation/workspace_full_conected/install/car_interfaces:/home/rhobtor/PHD/ARGOSJ8_IA/ARGOSJ8_IA_/install/ntrip_client:/home/rhobtor/PHD/ARGOSJ8_IA/ARGOSJ8_IA_/install/j8_gui:/home/rhobtor/PHD/ARGOSJ8_IA/ARGOSJ8_IA_/install/car:/home/rhobtor/PHD/ARGOSJ8_IA/ARGOSJ8_IA_/install/android_ros2_server:/home/rhobtor/PHD/ARGOSJ8_IA/ARGOSJ8_IA_/install/GUI_pkg:/home/rhobtor/reactive/Reactive-Navegation/workspace_full_conected/install/car:/opt/ros/humble /usr/bin/cmake --build /home/rhobtor/PHD/ARGOSJ8_IA/ARGOSJ8_IA_/build/joy -- -j20 -l20
[2.878s] Level 1:colcon.colcon_core.environment:create_environment_scripts_only(wiimote_msgs)
[2.878s] Level 1:colcon.colcon_core.environment:checking '/home/rhobtor/PHD/ARGOSJ8_IA/ARGOSJ8_IA_/install/wiimote_msgs' for CMake module files
[2.878s] DEBUG:colcon.colcon_core.event_handler.log_command:Invoked command in '/home/rhobtor/PHD/ARGOSJ8_IA/ARGOSJ8_IA_/build/wiimote_msgs' returned '0': CMAKE_PREFIX_PATH=${CMAKE_PREFIX_PATH}:/home/rhobtor/PHD/ARGOSJ8_IA/ARGOSJ8_IA_/install/ntrip_client:/home/rhobtor/PHD/ARGOSJ8_IA/ARGOSJ8_IA_/install/j8_gui:/home/rhobtor/PHD/ARGOSJ8_IA/ARGOSJ8_IA_/install/car:/home/rhobtor/PHD/ARGOSJ8_IA/ARGOSJ8_IA_/install/android_ros2_server:/home/rhobtor/PHD/ARGOSJ8_IA/ARGOSJ8_IA_/install/GUI_pkg:/home/rhobtor/reactive/Reactive-Navegation/workspace_full_conected/install/car:/opt/ros/humble /usr/bin/cmake --install /home/rhobtor/PHD/ARGOSJ8_IA/ARGOSJ8_IA_/build/wiimote_msgs
[2.879s] Level 1:colcon.colcon_core.environment:checking '/home/rhobtor/PHD/ARGOSJ8_IA/ARGOSJ8_IA_/install/wiimote_msgs' for CMake config files
[2.879s] Level 1:colcon.colcon_core.shell:create_environment_hook('wiimote_msgs', 'cmake_prefix_path')
[2.880s] INFO:colcon.colcon_core.shell:Creating environment hook '/home/rhobtor/PHD/ARGOSJ8_IA/ARGOSJ8_IA_/install/wiimote_msgs/share/wiimote_msgs/hook/cmake_prefix_path.ps1'
[2.880s] INFO:colcon.colcon_core.shell:Creating environment descriptor '/home/rhobtor/PHD/ARGOSJ8_IA/ARGOSJ8_IA_/install/wiimote_msgs/share/wiimote_msgs/hook/cmake_prefix_path.dsv'
[2.880s] INFO:colcon.colcon_core.shell:Creating environment hook '/home/rhobtor/PHD/ARGOSJ8_IA/ARGOSJ8_IA_/install/wiimote_msgs/share/wiimote_msgs/hook/cmake_prefix_path.sh'
[2.881s] Level 1:colcon.colcon_core.environment:checking '/home/rhobtor/PHD/ARGOSJ8_IA/ARGOSJ8_IA_/install/wiimote_msgs/lib'
[2.881s] Level 1:colcon.colcon_core.shell:create_environment_hook('wiimote_msgs', 'ld_library_path_lib')
[2.881s] INFO:colcon.colcon_core.shell:Creating environment hook '/home/rhobtor/PHD/ARGOSJ8_IA/ARGOSJ8_IA_/install/wiimote_msgs/share/wiimote_msgs/hook/ld_library_path_lib.ps1'
[2.882s] INFO:colcon.colcon_core.shell:Creating environment descriptor '/home/rhobtor/PHD/ARGOSJ8_IA/ARGOSJ8_IA_/install/wiimote_msgs/share/wiimote_msgs/hook/ld_library_path_lib.dsv'
[2.882s] INFO:colcon.colcon_core.shell:Creating environment hook '/home/rhobtor/PHD/ARGOSJ8_IA/ARGOSJ8_IA_/install/wiimote_msgs/share/wiimote_msgs/hook/ld_library_path_lib.sh'
[2.882s] Level 1:colcon.colcon_core.environment:checking '/home/rhobtor/PHD/ARGOSJ8_IA/ARGOSJ8_IA_/install/wiimote_msgs/bin'
[2.882s] Level 1:colcon.colcon_core.environment:checking '/home/rhobtor/PHD/ARGOSJ8_IA/ARGOSJ8_IA_/install/wiimote_msgs/lib/pkgconfig/wiimote_msgs.pc'
[2.882s] Level 1:colcon.colcon_core.environment:checking '/home/rhobtor/PHD/ARGOSJ8_IA/ARGOSJ8_IA_/install/wiimote_msgs/lib/python3.10/site-packages'
[2.883s] Level 1:colcon.colcon_core.environment:checking '/home/rhobtor/PHD/ARGOSJ8_IA/ARGOSJ8_IA_/install/wiimote_msgs/bin'
[2.883s] INFO:colcon.colcon_core.shell:Creating package script '/home/rhobtor/PHD/ARGOSJ8_IA/ARGOSJ8_IA_/install/wiimote_msgs/share/wiimote_msgs/package.ps1'
[2.903s] INFO:colcon.colcon_core.shell:Creating package descriptor '/home/rhobtor/PHD/ARGOSJ8_IA/ARGOSJ8_IA_/install/wiimote_msgs/share/wiimote_msgs/package.dsv'
[2.903s] INFO:colcon.colcon_core.shell:Creating package script '/home/rhobtor/PHD/ARGOSJ8_IA/ARGOSJ8_IA_/install/wiimote_msgs/share/wiimote_msgs/package.sh'
[2.903s] INFO:colcon.colcon_core.shell:Creating package script '/home/rhobtor/PHD/ARGOSJ8_IA/ARGOSJ8_IA_/install/wiimote_msgs/share/wiimote_msgs/package.bash'
[2.904s] INFO:colcon.colcon_core.shell:Creating package script '/home/rhobtor/PHD/ARGOSJ8_IA/ARGOSJ8_IA_/install/wiimote_msgs/share/wiimote_msgs/package.zsh'
[2.904s] Level 1:colcon.colcon_core.environment:create_file_with_runtime_dependencies(/home/rhobtor/PHD/ARGOSJ8_IA/ARGOSJ8_IA_/install/wiimote_msgs/share/colcon-core/packages/wiimote_msgs)
[2.904s] Level 1:colcon.colcon_core.environment:create_environment_scripts_only(wiimote_msgs)
[2.904s] Level 1:colcon.colcon_core.environment:checking '/home/rhobtor/PHD/ARGOSJ8_IA/ARGOSJ8_IA_/install/wiimote_msgs' for CMake module files
[2.905s] Level 1:colcon.colcon_core.environment:checking '/home/rhobtor/PHD/ARGOSJ8_IA/ARGOSJ8_IA_/install/wiimote_msgs' for CMake config files
[2.905s] Level 1:colcon.colcon_core.shell:create_environment_hook('wiimote_msgs', 'cmake_prefix_path')
[2.905s] INFO:colcon.colcon_core.shell:Creating environment hook '/home/rhobtor/PHD/ARGOSJ8_IA/ARGOSJ8_IA_/install/wiimote_msgs/share/wiimote_msgs/hook/cmake_prefix_path.ps1'
[2.905s] INFO:colcon.colcon_core.shell:Creating environment descriptor '/home/rhobtor/PHD/ARGOSJ8_IA/ARGOSJ8_IA_/install/wiimote_msgs/share/wiimote_msgs/hook/cmake_prefix_path.dsv'
[2.905s] INFO:colcon.colcon_core.shell:Creating environment hook '/home/rhobtor/PHD/ARGOSJ8_IA/ARGOSJ8_IA_/install/wiimote_msgs/share/wiimote_msgs/hook/cmake_prefix_path.sh'
[2.927s] Level 1:colcon.colcon_core.environment:checking '/home/rhobtor/PHD/ARGOSJ8_IA/ARGOSJ8_IA_/install/wiimote_msgs/lib'
[2.927s] Level 1:colcon.colcon_core.shell:create_environment_hook('wiimote_msgs', 'ld_library_path_lib')
[2.927s] INFO:colcon.colcon_core.shell:Creating environment hook '/home/rhobtor/PHD/ARGOSJ8_IA/ARGOSJ8_IA_/install/wiimote_msgs/share/wiimote_msgs/hook/ld_library_path_lib.ps1'
[2.928s] INFO:colcon.colcon_core.shell:Creating environment descriptor '/home/rhobtor/PHD/ARGOSJ8_IA/ARGOSJ8_IA_/install/wiimote_msgs/share/wiimote_msgs/hook/ld_library_path_lib.dsv'
[2.928s] INFO:colcon.colcon_core.shell:Creating environment hook '/home/rhobtor/PHD/ARGOSJ8_IA/ARGOSJ8_IA_/install/wiimote_msgs/share/wiimote_msgs/hook/ld_library_path_lib.sh'
[2.929s] Level 1:colcon.colcon_core.environment:checking '/home/rhobtor/PHD/ARGOSJ8_IA/ARGOSJ8_IA_/install/wiimote_msgs/bin'
[2.929s] Level 1:colcon.colcon_core.environment:checking '/home/rhobtor/PHD/ARGOSJ8_IA/ARGOSJ8_IA_/install/wiimote_msgs/lib/pkgconfig/wiimote_msgs.pc'
[2.929s] Level 1:colcon.colcon_core.environment:checking '/home/rhobtor/PHD/ARGOSJ8_IA/ARGOSJ8_IA_/install/wiimote_msgs/lib/python3.10/site-packages'
[2.929s] Level 1:colcon.colcon_core.environment:checking '/home/rhobtor/PHD/ARGOSJ8_IA/ARGOSJ8_IA_/install/wiimote_msgs/bin'
[2.930s] INFO:colcon.colcon_core.shell:Creating package script '/home/rhobtor/PHD/ARGOSJ8_IA/ARGOSJ8_IA_/install/wiimote_msgs/share/wiimote_msgs/package.ps1'
[2.930s] INFO:colcon.colcon_core.shell:Creating package descriptor '/home/rhobtor/PHD/ARGOSJ8_IA/ARGOSJ8_IA_/install/wiimote_msgs/share/wiimote_msgs/package.dsv'
[2.931s] INFO:colcon.colcon_core.shell:Creating package script '/home/rhobtor/PHD/ARGOSJ8_IA/ARGOSJ8_IA_/install/wiimote_msgs/share/wiimote_msgs/package.sh'
[2.931s] INFO:colcon.colcon_core.shell:Creating package script '/home/rhobtor/PHD/ARGOSJ8_IA/ARGOSJ8_IA_/install/wiimote_msgs/share/wiimote_msgs/package.bash'
[2.956s] INFO:colcon.colcon_core.shell:Creating package script '/home/rhobtor/PHD/ARGOSJ8_IA/ARGOSJ8_IA_/install/wiimote_msgs/share/wiimote_msgs/package.zsh'
[2.957s] Level 1:colcon.colcon_core.environment:create_file_with_runtime_dependencies(/home/rhobtor/PHD/ARGOSJ8_IA/ARGOSJ8_IA_/install/wiimote_msgs/share/colcon-core/packages/wiimote_msgs)
[2.960s] DEBUG:colcon.colcon_core.event_handler.log_command:Invoking command in '/home/rhobtor/PHD/ARGOSJ8_IA/ARGOSJ8_IA_/build/argj801_ctl_platform': CMAKE_PREFIX_PATH=/home/rhobtor/PHD/ARGOSJ8_IA/ARGOSJ8_IA_/install/argj801_ctl_platform_interfaces:/home/rhobtor/PHD/ARGOSJ8_IA/ARGOSJ8_IA_/install/wiimote_msgs:/home/rhobtor/PHD/ARGOSJ8_IA/ARGOSJ8_IA_/install/ublox:/home/rhobtor/PHD/ARGOSJ8_IA/ARGOSJ8_IA_/install/ublox_gps:/home/rhobtor/PHD/ARGOSJ8_IA/ARGOSJ8_IA_/install/security_check:/home/rhobtor/PHD/ARGOSJ8_IA/ARGOSJ8_IA_/install/ctl_mission:/home/rhobtor/PHD/ARGOSJ8_IA/ARGOSJ8_IA_/install/ublox_msgs:/home/rhobtor/PHD/ARGOSJ8_IA/ARGOSJ8_IA_/install/ublox_serialization:/home/rhobtor/PHD/ARGOSJ8_IA/ARGOSJ8_IA_/install/spacenav:/home/rhobtor/PHD/ARGOSJ8_IA/ARGOSJ8_IA_/install/laser_segmentation:/home/rhobtor/PHD/ARGOSJ8_IA/ARGOSJ8_IA_/install/slg_msgs:/home/rhobtor/PHD/ARGOSJ8_IA/ARGOSJ8_IA_/install/security_check_interfaces:/home/rhobtor/PHD/ARGOSJ8_IA/ARGOSJ8_IA_/install/joy:/home/rhobtor/PHD/ARGOSJ8_IA/ARGOSJ8_IA_/install/sdl2_vendor:/home/rhobtor/PHD/ARGOSJ8_IA/ARGOSJ8_IA_/install/path_manager:/home/rhobtor/PHD/ARGOSJ8_IA/ARGOSJ8_IA_/install/path_manager_interfaces:/home/rhobtor/PHD/ARGOSJ8_IA/ARGOSJ8_IA_/install/joy_linux:/home/rhobtor/PHD/ARGOSJ8_IA/ARGOSJ8_IA_/install/j8_xacro_model:/home/rhobtor/PHD/ARGOSJ8_IA/ARGOSJ8_IA_/install/hector_gazebo_plugins:/home/rhobtor/PHD/ARGOSJ8_IA/ARGOSJ8_IA_/install/fixposition_sensor_pkg:/home/rhobtor/PHD/ARGOSJ8_IA/ARGOSJ8_IA_/install/fixposition_odometry_converter_ros2:/home/rhobtor/PHD/ARGOSJ8_IA/ARGOSJ8_IA_/install/fixposition_driver_ros2:/home/rhobtor/PHD/ARGOSJ8_IA/ARGOSJ8_IA_/install/fixposition_driver_lib:/home/rhobtor/PHD/ARGOSJ8_IA/ARGOSJ8_IA_/install/fixposition_gnss_tf:/home/rhobtor/PHD/ARGOSJ8_IA/ARGOSJ8_IA_/install/ctl_mission_interfaces:/home/rhobtor/PHD/ARGOSJ8_IA/ARGOSJ8_IA_/install/car_cpp:/home/rhobtor/PHD/ARGOSJ8_IA/ARGOSJ8_IA_/install/car_interfaces:/home/rhobtor/PHD/ARGOSJ8_IA/ARGOSJ8_IA_/install/argj801_setup:/home/rhobtor/PHD/ARGOSJ8_IA/ARGOSJ8_IA_/install/argj801_sensors:/home/rhobtor/PHD/ARGOSJ8_IA/ARGOSJ8_IA_/install/argj801_sensors_msgs:/home/rhobtor/PHD/ARGOSJ8_IA/ARGOSJ8_IA_/install/argj801_ctl_platform:/home/rhobtor/reactive/Reactive-Navegation/workspace_full_conected/install/octomap_mapping:/home/rhobtor/reactive/Reactive-Navegation/workspace_full_conected/install/octomap_server:/home/rhobtor/reactive/Reactive-Navegation/workspace_full_conected/install/octomap_rviz_plugins:/home/rhobtor/reactive/Reactive-Navegation/workspace_full_conected/install/hector_gazebo_plugins:/home/rhobtor/reactive/Reactive-Navegation/workspace_full_conected/install/car_cpp:/home/rhobtor/reactive/Reactive-Navegation/workspace_full_conected/install/car_interfaces:/home/rhobtor/PHD/ARGOSJ8_IA/ARGOSJ8_IA_/install/ntrip_client:/home/rhobtor/PHD/ARGOSJ8_IA/ARGOSJ8_IA_/install/j8_gui:/home/rhobtor/PHD/ARGOSJ8_IA/ARGOSJ8_IA_/install/car:/home/rhobtor/PHD/ARGOSJ8_IA/ARGOSJ8_IA_/install/android_ros2_server:/home/rhobtor/PHD/ARGOSJ8_IA/ARGOSJ8_IA_/install/GUI_pkg:/home/rhobtor/reactive/Reactive-Navegation/workspace_full_conected/install/car:/opt/ros/humble LD_LIBRARY_PATH=/home/rhobtor/PHD/ARGOSJ8_IA/ARGOSJ8_IA_/install/argj801_ctl_platform_interfaces/lib:/home/rhobtor/PHD/ARGOSJ8_IA/ARGOSJ8_IA_/install/wiimote_msgs/lib:/home/rhobtor/PHD/ARGOSJ8_IA/ARGOSJ8_IA_/install/ublox_gps/lib:/home/rhobtor/PHD/ARGOSJ8_IA/ARGOSJ8_IA_/install/ublox_msgs/lib:/home/rhobtor/PHD/ARGOSJ8_IA/ARGOSJ8_IA_/install/spacenav/lib:/home/rhobtor/PHD/ARGOSJ8_IA/ARGOSJ8_IA_/install/laser_segmentation/lib:/home/rhobtor/PHD/ARGOSJ8_IA/ARGOSJ8_IA_/install/slg_msgs/lib:/home/rhobtor/PHD/ARGOSJ8_IA/ARGOSJ8_IA_/install/security_check_interfaces/lib:/home/rhobtor/PHD/ARGOSJ8_IA/ARGOSJ8_IA_/install/joy/lib:/home/rhobtor/PHD/ARGOSJ8_IA/ARGOSJ8_IA_/install/path_manager_interfaces/lib:/home/rhobtor/PHD/ARGOSJ8_IA/ARGOSJ8_IA_/install/j8_xacro_model/lib:/home/rhobtor/PHD/ARGOSJ8_IA/ARGOSJ8_IA_/install/hector_gazebo_plugins/lib:/home/rhobtor/PHD/ARGOSJ8_IA/ARGOSJ8_IA_/install/fixposition_sensor_pkg/lib:/home/rhobtor/PHD/ARGOSJ8_IA/ARGOSJ8_IA_/install/fixposition_odometry_converter_ros2/lib:/home/rhobtor/PHD/ARGOSJ8_IA/ARGOSJ8_IA_/install/fixposition_driver_ros2/lib:/home/rhobtor/PHD/ARGOSJ8_IA/ARGOSJ8_IA_/install/fixposition_driver_lib/lib:/home/rhobtor/PHD/ARGOSJ8_IA/ARGOSJ8_IA_/install/fixposition_gnss_tf/lib:/home/rhobtor/PHD/ARGOSJ8_IA/ARGOSJ8_IA_/install/ctl_mission_interfaces/lib:/home/rhobtor/PHD/ARGOSJ8_IA/ARGOSJ8_IA_/install/car_cpp/lib:/home/rhobtor/PHD/ARGOSJ8_IA/ARGOSJ8_IA_/install/car_interfaces/lib:/home/rhobtor/PHD/ARGOSJ8_IA/ARGOSJ8_IA_/install/argj801_sensors_msgs/lib:/home/rhobtor/reactive/Reactive-Navegation/workspace_full_conected/install/octomap_server/lib:/home/rhobtor/reactive/Reactive-Navegation/workspace_full_conected/install/octomap_rviz_plugins/lib:/home/rhobtor/reactive/Reactive-Navegation/workspace_full_conected/install/hector_gazebo_plugins/lib:/home/rhobtor/reactive/Reactive-Navegation/workspace_full_conected/install/car_cpp/lib:/home/rhobtor/reactive/Reactive-Navegation/workspace_full_conected/install/car_interfaces/lib:/usr/lib/x86_64-linux-gnu/gazebo-11/plugins:/opt/ros/humble/opt/rviz_ogre_vendor/lib:/opt/ros/humble/lib/x86_64-linux-gnu:/opt/ros/humble/lib /usr/bin/cmake --build /home/rhobtor/PHD/ARGOSJ8_IA/ARGOSJ8_IA_/build/argj801_ctl_platform -- -j20 -l20
[2.962s] DEBUG:colcon.colcon_core.event_handler.log_command:Invoking command in '/home/rhobtor/PHD/ARGOSJ8_IA/ARGOSJ8_IA_/build/argj801_sensors': CMAKE_PREFIX_PATH=/home/rhobtor/PHD/ARGOSJ8_IA/ARGOSJ8_IA_/install/argj801_sensors_msgs:/home/rhobtor/PHD/ARGOSJ8_IA/ARGOSJ8_IA_/install/argj801_ctl_platform_interfaces:/home/rhobtor/PHD/ARGOSJ8_IA/ARGOSJ8_IA_/install/wiimote_msgs:/home/rhobtor/PHD/ARGOSJ8_IA/ARGOSJ8_IA_/install/ublox:/home/rhobtor/PHD/ARGOSJ8_IA/ARGOSJ8_IA_/install/ublox_gps:/home/rhobtor/PHD/ARGOSJ8_IA/ARGOSJ8_IA_/install/security_check:/home/rhobtor/PHD/ARGOSJ8_IA/ARGOSJ8_IA_/install/ctl_mission:/home/rhobtor/PHD/ARGOSJ8_IA/ARGOSJ8_IA_/install/ublox_msgs:/home/rhobtor/PHD/ARGOSJ8_IA/ARGOSJ8_IA_/install/ublox_serialization:/home/rhobtor/PHD/ARGOSJ8_IA/ARGOSJ8_IA_/install/spacenav:/home/rhobtor/PHD/ARGOSJ8_IA/ARGOSJ8_IA_/install/laser_segmentation:/home/rhobtor/PHD/ARGOSJ8_IA/ARGOSJ8_IA_/install/slg_msgs:/home/rhobtor/PHD/ARGOSJ8_IA/ARGOSJ8_IA_/install/security_check_interfaces:/home/rhobtor/PHD/ARGOSJ8_IA/ARGOSJ8_IA_/install/joy:/home/rhobtor/PHD/ARGOSJ8_IA/ARGOSJ8_IA_/install/sdl2_vendor:/home/rhobtor/PHD/ARGOSJ8_IA/ARGOSJ8_IA_/install/path_manager:/home/rhobtor/PHD/ARGOSJ8_IA/ARGOSJ8_IA_/install/path_manager_interfaces:/home/rhobtor/PHD/ARGOSJ8_IA/ARGOSJ8_IA_/install/joy_linux:/home/rhobtor/PHD/ARGOSJ8_IA/ARGOSJ8_IA_/install/j8_xacro_model:/home/rhobtor/PHD/ARGOSJ8_IA/ARGOSJ8_IA_/install/hector_gazebo_plugins:/home/rhobtor/PHD/ARGOSJ8_IA/ARGOSJ8_IA_/install/fixposition_sensor_pkg:/home/rhobtor/PHD/ARGOSJ8_IA/ARGOSJ8_IA_/install/fixposition_odometry_converter_ros2:/home/rhobtor/PHD/ARGOSJ8_IA/ARGOSJ8_IA_/install/fixposition_driver_ros2:/home/rhobtor/PHD/ARGOSJ8_IA/ARGOSJ8_IA_/install/fixposition_driver_lib:/home/rhobtor/PHD/ARGOSJ8_IA/ARGOSJ8_IA_/install/fixposition_gnss_tf:/home/rhobtor/PHD/ARGOSJ8_IA/ARGOSJ8_IA_/install/ctl_mission_interfaces:/home/rhobtor/PHD/ARGOSJ8_IA/ARGOSJ8_IA_/install/car_cpp:/home/rhobtor/PHD/ARGOSJ8_IA/ARGOSJ8_IA_/install/car_interfaces:/home/rhobtor/PHD/ARGOSJ8_IA/ARGOSJ8_IA_/install/argj801_setup:/home/rhobtor/PHD/ARGOSJ8_IA/ARGOSJ8_IA_/install/argj801_sensors:/home/rhobtor/PHD/ARGOSJ8_IA/ARGOSJ8_IA_/install/argj801_ctl_platform:/home/rhobtor/reactive/Reactive-Navegation/workspace_full_conected/install/octomap_mapping:/home/rhobtor/reactive/Reactive-Navegation/workspace_full_conected/install/octomap_server:/home/rhobtor/reactive/Reactive-Navegation/workspace_full_conected/install/octomap_rviz_plugins:/home/rhobtor/reactive/Reactive-Navegation/workspace_full_conected/install/hector_gazebo_plugins:/home/rhobtor/reactive/Reactive-Navegation/workspace_full_conected/install/car_cpp:/home/rhobtor/reactive/Reactive-Navegation/workspace_full_conected/install/car_interfaces:/home/rhobtor/PHD/ARGOSJ8_IA/ARGOSJ8_IA_/install/ntrip_client:/home/rhobtor/PHD/ARGOSJ8_IA/ARGOSJ8_IA_/install/j8_gui:/home/rhobtor/PHD/ARGOSJ8_IA/ARGOSJ8_IA_/install/car:/home/rhobtor/PHD/ARGOSJ8_IA/ARGOSJ8_IA_/install/android_ros2_server:/home/rhobtor/PHD/ARGOSJ8_IA/ARGOSJ8_IA_/install/GUI_pkg:/home/rhobtor/reactive/Reactive-Navegation/workspace_full_conected/install/car:/opt/ros/humble LD_LIBRARY_PATH=/home/rhobtor/PHD/ARGOSJ8_IA/ARGOSJ8_IA_/install/argj801_sensors_msgs/lib:/home/rhobtor/PHD/ARGOSJ8_IA/ARGOSJ8_IA_/install/argj801_ctl_platform_interfaces/lib:/home/rhobtor/PHD/ARGOSJ8_IA/ARGOSJ8_IA_/install/wiimote_msgs/lib:/home/rhobtor/PHD/ARGOSJ8_IA/ARGOSJ8_IA_/install/ublox_gps/lib:/home/rhobtor/PHD/ARGOSJ8_IA/ARGOSJ8_IA_/install/ublox_msgs/lib:/home/rhobtor/PHD/ARGOSJ8_IA/ARGOSJ8_IA_/install/spacenav/lib:/home/rhobtor/PHD/ARGOSJ8_IA/ARGOSJ8_IA_/install/laser_segmentation/lib:/home/rhobtor/PHD/ARGOSJ8_IA/ARGOSJ8_IA_/install/slg_msgs/lib:/home/rhobtor/PHD/ARGOSJ8_IA/ARGOSJ8_IA_/install/security_check_interfaces/lib:/home/rhobtor/PHD/ARGOSJ8_IA/ARGOSJ8_IA_/install/joy/lib:/home/rhobtor/PHD/ARGOSJ8_IA/ARGOSJ8_IA_/install/path_manager_interfaces/lib:/home/rhobtor/PHD/ARGOSJ8_IA/ARGOSJ8_IA_/install/j8_xacro_model/lib:/home/rhobtor/PHD/ARGOSJ8_IA/ARGOSJ8_IA_/install/hector_gazebo_plugins/lib:/home/rhobtor/PHD/ARGOSJ8_IA/ARGOSJ8_IA_/install/fixposition_sensor_pkg/lib:/home/rhobtor/PHD/ARGOSJ8_IA/ARGOSJ8_IA_/install/fixposition_odometry_converter_ros2/lib:/home/rhobtor/PHD/ARGOSJ8_IA/ARGOSJ8_IA_/install/fixposition_driver_ros2/lib:/home/rhobtor/PHD/ARGOSJ8_IA/ARGOSJ8_IA_/install/fixposition_driver_lib/lib:/home/rhobtor/PHD/ARGOSJ8_IA/ARGOSJ8_IA_/install/fixposition_gnss_tf/lib:/home/rhobtor/PHD/ARGOSJ8_IA/ARGOSJ8_IA_/install/ctl_mission_interfaces/lib:/home/rhobtor/PHD/ARGOSJ8_IA/ARGOSJ8_IA_/install/car_cpp/lib:/home/rhobtor/PHD/ARGOSJ8_IA/ARGOSJ8_IA_/install/car_interfaces/lib:/home/rhobtor/reactive/Reactive-Navegation/workspace_full_conected/install/octomap_server/lib:/home/rhobtor/reactive/Reactive-Navegation/workspace_full_conected/install/octomap_rviz_plugins/lib:/home/rhobtor/reactive/Reactive-Navegation/workspace_full_conected/install/hector_gazebo_plugins/lib:/home/rhobtor/reactive/Reactive-Navegation/workspace_full_conected/install/car_cpp/lib:/home/rhobtor/reactive/Reactive-Navegation/workspace_full_conected/install/car_interfaces/lib:/usr/lib/x86_64-linux-gnu/gazebo-11/plugins:/opt/ros/humble/opt/rviz_ogre_vendor/lib:/opt/ros/humble/lib/x86_64-linux-gnu:/opt/ros/humble/lib /usr/bin/cmake --build /home/rhobtor/PHD/ARGOSJ8_IA/ARGOSJ8_IA_/build/argj801_sensors -- -j20 -l20
[3.135s] INFO:colcon.colcon_core.task.python.build:Building Python package in '/home/rhobtor/PHD/ARGOSJ8_IA/ARGOSJ8_IA_/src/car_python'
[3.135s] INFO:colcon.colcon_core.shell:Skip shell extension 'powershell' for command environment: Not usable outside of PowerShell
[3.135s] DEBUG:colcon.colcon_core.shell:Skip shell extension 'dsv' for command environment
[3.142s] DEBUG:colcon.colcon_core.event_handler.log_command:Invoking command in '/home/rhobtor/PHD/ARGOSJ8_IA/ARGOSJ8_IA_/build/car_cpp': CMAKE_PREFIX_PATH=/home/rhobtor/PHD/ARGOSJ8_IA/ARGOSJ8_IA_/install/car_interfaces:/home/rhobtor/PHD/ARGOSJ8_IA/ARGOSJ8_IA_/install/wiimote_msgs:/home/rhobtor/PHD/ARGOSJ8_IA/ARGOSJ8_IA_/install/ublox:/home/rhobtor/PHD/ARGOSJ8_IA/ARGOSJ8_IA_/install/ublox_gps:/home/rhobtor/PHD/ARGOSJ8_IA/ARGOSJ8_IA_/install/security_check:/home/rhobtor/PHD/ARGOSJ8_IA/ARGOSJ8_IA_/install/ctl_mission:/home/rhobtor/PHD/ARGOSJ8_IA/ARGOSJ8_IA_/install/ublox_msgs:/home/rhobtor/PHD/ARGOSJ8_IA/ARGOSJ8_IA_/install/ublox_serialization:/home/rhobtor/PHD/ARGOSJ8_IA/ARGOSJ8_IA_/install/spacenav:/home/rhobtor/PHD/ARGOSJ8_IA/ARGOSJ8_IA_/install/laser_segmentation:/home/rhobtor/PHD/ARGOSJ8_IA/ARGOSJ8_IA_/install/slg_msgs:/home/rhobtor/PHD/ARGOSJ8_IA/ARGOSJ8_IA_/install/security_check_interfaces:/home/rhobtor/PHD/ARGOSJ8_IA/ARGOSJ8_IA_/install/joy:/home/rhobtor/PHD/ARGOSJ8_IA/ARGOSJ8_IA_/install/sdl2_vendor:/home/rhobtor/PHD/ARGOSJ8_IA/ARGOSJ8_IA_/install/path_manager:/home/rhobtor/PHD/ARGOSJ8_IA/ARGOSJ8_IA_/install/path_manager_interfaces:/home/rhobtor/PHD/ARGOSJ8_IA/ARGOSJ8_IA_/install/joy_linux:/home/rhobtor/PHD/ARGOSJ8_IA/ARGOSJ8_IA_/install/j8_xacro_model:/home/rhobtor/PHD/ARGOSJ8_IA/ARGOSJ8_IA_/install/hector_gazebo_plugins:/home/rhobtor/PHD/ARGOSJ8_IA/ARGOSJ8_IA_/install/fixposition_sensor_pkg:/home/rhobtor/PHD/ARGOSJ8_IA/ARGOSJ8_IA_/install/fixposition_odometry_converter_ros2:/home/rhobtor/PHD/ARGOSJ8_IA/ARGOSJ8_IA_/install/fixposition_driver_ros2:/home/rhobtor/PHD/ARGOSJ8_IA/ARGOSJ8_IA_/install/fixposition_driver_lib:/home/rhobtor/PHD/ARGOSJ8_IA/ARGOSJ8_IA_/install/fixposition_gnss_tf:/home/rhobtor/PHD/ARGOSJ8_IA/ARGOSJ8_IA_/install/ctl_mission_interfaces:/home/rhobtor/PHD/ARGOSJ8_IA/ARGOSJ8_IA_/install/car_cpp:/home/rhobtor/PHD/ARGOSJ8_IA/ARGOSJ8_IA_/install/argj801_setup:/home/rhobtor/PHD/ARGOSJ8_IA/ARGOSJ8_IA_/install/argj801_sensors:/home/rhobtor/PHD/ARGOSJ8_IA/ARGOSJ8_IA_/install/argj801_sensors_msgs:/home/rhobtor/PHD/ARGOSJ8_IA/ARGOSJ8_IA_/install/argj801_ctl_platform:/home/rhobtor/PHD/ARGOSJ8_IA/ARGOSJ8_IA_/install/argj801_ctl_platform_interfaces:/home/rhobtor/reactive/Reactive-Navegation/workspace_full_conected/install/octomap_mapping:/home/rhobtor/reactive/Reactive-Navegation/workspace_full_conected/install/octomap_server:/home/rhobtor/reactive/Reactive-Navegation/workspace_full_conected/install/octomap_rviz_plugins:/home/rhobtor/reactive/Reactive-Navegation/workspace_full_conected/install/hector_gazebo_plugins:/home/rhobtor/reactive/Reactive-Navegation/workspace_full_conected/install/car_cpp:/home/rhobtor/reactive/Reactive-Navegation/workspace_full_conected/install/car_interfaces:/home/rhobtor/PHD/ARGOSJ8_IA/ARGOSJ8_IA_/install/ntrip_client:/home/rhobtor/PHD/ARGOSJ8_IA/ARGOSJ8_IA_/install/j8_gui:/home/rhobtor/PHD/ARGOSJ8_IA/ARGOSJ8_IA_/install/car:/home/rhobtor/PHD/ARGOSJ8_IA/ARGOSJ8_IA_/install/android_ros2_server:/home/rhobtor/PHD/ARGOSJ8_IA/ARGOSJ8_IA_/install/GUI_pkg:/home/rhobtor/reactive/Reactive-Navegation/workspace_full_conected/install/car:/opt/ros/humble LD_LIBRARY_PATH=/home/rhobtor/PHD/ARGOSJ8_IA/ARGOSJ8_IA_/install/car_interfaces/lib:/home/rhobtor/PHD/ARGOSJ8_IA/ARGOSJ8_IA_/install/wiimote_msgs/lib:/home/rhobtor/PHD/ARGOSJ8_IA/ARGOSJ8_IA_/install/ublox_gps/lib:/home/rhobtor/PHD/ARGOSJ8_IA/ARGOSJ8_IA_/install/ublox_msgs/lib:/home/rhobtor/PHD/ARGOSJ8_IA/ARGOSJ8_IA_/install/spacenav/lib:/home/rhobtor/PHD/ARGOSJ8_IA/ARGOSJ8_IA_/install/laser_segmentation/lib:/home/rhobtor/PHD/ARGOSJ8_IA/ARGOSJ8_IA_/install/slg_msgs/lib:/home/rhobtor/PHD/ARGOSJ8_IA/ARGOSJ8_IA_/install/security_check_interfaces/lib:/home/rhobtor/PHD/ARGOSJ8_IA/ARGOSJ8_IA_/install/joy/lib:/home/rhobtor/PHD/ARGOSJ8_IA/ARGOSJ8_IA_/install/path_manager_interfaces/lib:/home/rhobtor/PHD/ARGOSJ8_IA/ARGOSJ8_IA_/install/j8_xacro_model/lib:/home/rhobtor/PHD/ARGOSJ8_IA/ARGOSJ8_IA_/install/hector_gazebo_plugins/lib:/home/rhobtor/PHD/ARGOSJ8_IA/ARGOSJ8_IA_/install/fixposition_sensor_pkg/lib:/home/rhobtor/PHD/ARGOSJ8_IA/ARGOSJ8_IA_/install/fixposition_odometry_converter_ros2/lib:/home/rhobtor/PHD/ARGOSJ8_IA/ARGOSJ8_IA_/install/fixposition_driver_ros2/lib:/home/rhobtor/PHD/ARGOSJ8_IA/ARGOSJ8_IA_/install/fixposition_driver_lib/lib:/home/rhobtor/PHD/ARGOSJ8_IA/ARGOSJ8_IA_/install/fixposition_gnss_tf/lib:/home/rhobtor/PHD/ARGOSJ8_IA/ARGOSJ8_IA_/install/ctl_mission_interfaces/lib:/home/rhobtor/PHD/ARGOSJ8_IA/ARGOSJ8_IA_/install/car_cpp/lib:/home/rhobtor/PHD/ARGOSJ8_IA/ARGOSJ8_IA_/install/argj801_sensors_msgs/lib:/home/rhobtor/PHD/ARGOSJ8_IA/ARGOSJ8_IA_/install/argj801_ctl_platform_interfaces/lib:/home/rhobtor/reactive/Reactive-Navegation/workspace_full_conected/install/octomap_server/lib:/home/rhobtor/reactive/Reactive-Navegation/workspace_full_conected/install/octomap_rviz_plugins/lib:/home/rhobtor/reactive/Reactive-Navegation/workspace_full_conected/install/hector_gazebo_plugins/lib:/home/rhobtor/reactive/Reactive-Navegation/workspace_full_conected/install/car_cpp/lib:/home/rhobtor/reactive/Reactive-Navegation/workspace_full_conected/install/car_interfaces/lib:/usr/lib/x86_64-linux-gnu/gazebo-11/plugins:/opt/ros/humble/opt/rviz_ogre_vendor/lib:/opt/ros/humble/lib/x86_64-linux-gnu:/opt/ros/humble/lib /usr/bin/cmake --build /home/rhobtor/PHD/ARGOSJ8_IA/ARGOSJ8_IA_/build/car_cpp -- -j20 -l20
[3.148s] DEBUG:colcon.colcon_core.event_handler.log_command:Invoking command in '/home/rhobtor/PHD/ARGOSJ8_IA/ARGOSJ8_IA_/build/laser_segmentation': CMAKE_PREFIX_PATH=/home/rhobtor/PHD/ARGOSJ8_IA/ARGOSJ8_IA_/install/slg_msgs:/home/rhobtor/PHD/ARGOSJ8_IA/ARGOSJ8_IA_/install/wiimote_msgs:/home/rhobtor/PHD/ARGOSJ8_IA/ARGOSJ8_IA_/install/ublox:/home/rhobtor/PHD/ARGOSJ8_IA/ARGOSJ8_IA_/install/ublox_gps:/home/rhobtor/PHD/ARGOSJ8_IA/ARGOSJ8_IA_/install/security_check:/home/rhobtor/PHD/ARGOSJ8_IA/ARGOSJ8_IA_/install/ctl_mission:/home/rhobtor/PHD/ARGOSJ8_IA/ARGOSJ8_IA_/install/ublox_msgs:/home/rhobtor/PHD/ARGOSJ8_IA/ARGOSJ8_IA_/install/ublox_serialization:/home/rhobtor/PHD/ARGOSJ8_IA/ARGOSJ8_IA_/install/spacenav:/home/rhobtor/PHD/ARGOSJ8_IA/ARGOSJ8_IA_/install/laser_segmentation:/home/rhobtor/PHD/ARGOSJ8_IA/ARGOSJ8_IA_/install/security_check_interfaces:/home/rhobtor/PHD/ARGOSJ8_IA/ARGOSJ8_IA_/install/joy:/home/rhobtor/PHD/ARGOSJ8_IA/ARGOSJ8_IA_/install/sdl2_vendor:/home/rhobtor/PHD/ARGOSJ8_IA/ARGOSJ8_IA_/install/path_manager:/home/rhobtor/PHD/ARGOSJ8_IA/ARGOSJ8_IA_/install/path_manager_interfaces:/home/rhobtor/PHD/ARGOSJ8_IA/ARGOSJ8_IA_/install/joy_linux:/home/rhobtor/PHD/ARGOSJ8_IA/ARGOSJ8_IA_/install/j8_xacro_model:/home/rhobtor/PHD/ARGOSJ8_IA/ARGOSJ8_IA_/install/hector_gazebo_plugins:/home/rhobtor/PHD/ARGOSJ8_IA/ARGOSJ8_IA_/install/fixposition_sensor_pkg:/home/rhobtor/PHD/ARGOSJ8_IA/ARGOSJ8_IA_/install/fixposition_odometry_converter_ros2:/home/rhobtor/PHD/ARGOSJ8_IA/ARGOSJ8_IA_/install/fixposition_driver_ros2:/home/rhobtor/PHD/ARGOSJ8_IA/ARGOSJ8_IA_/install/fixposition_driver_lib:/home/rhobtor/PHD/ARGOSJ8_IA/ARGOSJ8_IA_/install/fixposition_gnss_tf:/home/rhobtor/PHD/ARGOSJ8_IA/ARGOSJ8_IA_/install/ctl_mission_interfaces:/home/rhobtor/PHD/ARGOSJ8_IA/ARGOSJ8_IA_/install/car_cpp:/home/rhobtor/PHD/ARGOSJ8_IA/ARGOSJ8_IA_/install/car_interfaces:/home/rhobtor/PHD/ARGOSJ8_IA/ARGOSJ8_IA_/install/argj801_setup:/home/rhobtor/PHD/ARGOSJ8_IA/ARGOSJ8_IA_/install/argj801_sensors:/home/rhobtor/PHD/ARGOSJ8_IA/ARGOSJ8_IA_/install/argj801_sensors_msgs:/home/rhobtor/PHD/ARGOSJ8_IA/ARGOSJ8_IA_/install/argj801_ctl_platform:/home/rhobtor/PHD/ARGOSJ8_IA/ARGOSJ8_IA_/install/argj801_ctl_platform_interfaces:/home/rhobtor/reactive/Reactive-Navegation/workspace_full_conected/install/octomap_mapping:/home/rhobtor/reactive/Reactive-Navegation/workspace_full_conected/install/octomap_server:/home/rhobtor/reactive/Reactive-Navegation/workspace_full_conected/install/octomap_rviz_plugins:/home/rhobtor/reactive/Reactive-Navegation/workspace_full_conected/install/hector_gazebo_plugins:/home/rhobtor/reactive/Reactive-Navegation/workspace_full_conected/install/car_cpp:/home/rhobtor/reactive/Reactive-Navegation/workspace_full_conected/install/car_interfaces:/home/rhobtor/PHD/ARGOSJ8_IA/ARGOSJ8_IA_/install/ntrip_client:/home/rhobtor/PHD/ARGOSJ8_IA/ARGOSJ8_IA_/install/j8_gui:/home/rhobtor/PHD/ARGOSJ8_IA/ARGOSJ8_IA_/install/car:/home/rhobtor/PHD/ARGOSJ8_IA/ARGOSJ8_IA_/install/android_ros2_server:/home/rhobtor/PHD/ARGOSJ8_IA/ARGOSJ8_IA_/install/GUI_pkg:/home/rhobtor/reactive/Reactive-Navegation/workspace_full_conected/install/car:/opt/ros/humble LD_LIBRARY_PATH=/home/rhobtor/PHD/ARGOSJ8_IA/ARGOSJ8_IA_/install/slg_msgs/lib:/home/rhobtor/PHD/ARGOSJ8_IA/ARGOSJ8_IA_/install/wiimote_msgs/lib:/home/rhobtor/PHD/ARGOSJ8_IA/ARGOSJ8_IA_/install/ublox_gps/lib:/home/rhobtor/PHD/ARGOSJ8_IA/ARGOSJ8_IA_/install/ublox_msgs/lib:/home/rhobtor/PHD/ARGOSJ8_IA/ARGOSJ8_IA_/install/spacenav/lib:/home/rhobtor/PHD/ARGOSJ8_IA/ARGOSJ8_IA_/install/laser_segmentation/lib:/home/rhobtor/PHD/ARGOSJ8_IA/ARGOSJ8_IA_/install/security_check_interfaces/lib:/home/rhobtor/PHD/ARGOSJ8_IA/ARGOSJ8_IA_/install/joy/lib:/home/rhobtor/PHD/ARGOSJ8_IA/ARGOSJ8_IA_/install/path_manager_interfaces/lib:/home/rhobtor/PHD/ARGOSJ8_IA/ARGOSJ8_IA_/install/j8_xacro_model/lib:/home/rhobtor/PHD/ARGOSJ8_IA/ARGOSJ8_IA_/install/hector_gazebo_plugins/lib:/home/rhobtor/PHD/ARGOSJ8_IA/ARGOSJ8_IA_/install/fixposition_sensor_pkg/lib:/home/rhobtor/PHD/ARGOSJ8_IA/ARGOSJ8_IA_/install/fixposition_odometry_converter_ros2/lib:/home/rhobtor/PHD/ARGOSJ8_IA/ARGOSJ8_IA_/install/fixposition_driver_ros2/lib:/home/rhobtor/PHD/ARGOSJ8_IA/ARGOSJ8_IA_/install/fixposition_driver_lib/lib:/home/rhobtor/PHD/ARGOSJ8_IA/ARGOSJ8_IA_/install/fixposition_gnss_tf/lib:/home/rhobtor/PHD/ARGOSJ8_IA/ARGOSJ8_IA_/install/ctl_mission_interfaces/lib:/home/rhobtor/PHD/ARGOSJ8_IA/ARGOSJ8_IA_/install/car_cpp/lib:/home/rhobtor/PHD/ARGOSJ8_IA/ARGOSJ8_IA_/install/car_interfaces/lib:/home/rhobtor/PHD/ARGOSJ8_IA/ARGOSJ8_IA_/install/argj801_sensors_msgs/lib:/home/rhobtor/PHD/ARGOSJ8_IA/ARGOSJ8_IA_/install/argj801_ctl_platform_interfaces/lib:/home/rhobtor/reactive/Reactive-Navegation/workspace_full_conected/install/octomap_server/lib:/home/rhobtor/reactive/Reactive-Navegation/workspace_full_conected/install/octomap_rviz_plugins/lib:/home/rhobtor/reactive/Reactive-Navegation/workspace_full_conected/install/hector_gazebo_plugins/lib:/home/rhobtor/reactive/Reactive-Navegation/workspace_full_conected/install/car_cpp/lib:/home/rhobtor/reactive/Reactive-Navegation/workspace_full_conected/install/car_interfaces/lib:/usr/lib/x86_64-linux-gnu/gazebo-11/plugins:/opt/ros/humble/opt/rviz_ogre_vendor/lib:/opt/ros/humble/lib/x86_64-linux-gnu:/opt/ros/humble/lib /usr/bin/cmake --build /home/rhobtor/PHD/ARGOSJ8_IA/ARGOSJ8_IA_/build/laser_segmentation -- -j20 -l20
[3.151s] DEBUG:colcon.colcon_core.event_handler.log_command:Invoking command in '/home/rhobtor/PHD/ARGOSJ8_IA/ARGOSJ8_IA_/build/path_manager': CMAKE_PREFIX_PATH=/home/rhobtor/PHD/ARGOSJ8_IA/ARGOSJ8_IA_/install/path_manager_interfaces:/home/rhobtor/PHD/ARGOSJ8_IA/ARGOSJ8_IA_/install/wiimote_msgs:/home/rhobtor/PHD/ARGOSJ8_IA/ARGOSJ8_IA_/install/ublox:/home/rhobtor/PHD/ARGOSJ8_IA/ARGOSJ8_IA_/install/ublox_gps:/home/rhobtor/PHD/ARGOSJ8_IA/ARGOSJ8_IA_/install/security_check:/home/rhobtor/PHD/ARGOSJ8_IA/ARGOSJ8_IA_/install/ctl_mission:/home/rhobtor/PHD/ARGOSJ8_IA/ARGOSJ8_IA_/install/ublox_msgs:/home/rhobtor/PHD/ARGOSJ8_IA/ARGOSJ8_IA_/install/ublox_serialization:/home/rhobtor/PHD/ARGOSJ8_IA/ARGOSJ8_IA_/install/spacenav:/home/rhobtor/PHD/ARGOSJ8_IA/ARGOSJ8_IA_/install/laser_segmentation:/home/rhobtor/PHD/ARGOSJ8_IA/ARGOSJ8_IA_/install/slg_msgs:/home/rhobtor/PHD/ARGOSJ8_IA/ARGOSJ8_IA_/install/security_check_interfaces:/home/rhobtor/PHD/ARGOSJ8_IA/ARGOSJ8_IA_/install/joy:/home/rhobtor/PHD/ARGOSJ8_IA/ARGOSJ8_IA_/install/sdl2_vendor:/home/rhobtor/PHD/ARGOSJ8_IA/ARGOSJ8_IA_/install/path_manager:/home/rhobtor/PHD/ARGOSJ8_IA/ARGOSJ8_IA_/install/joy_linux:/home/rhobtor/PHD/ARGOSJ8_IA/ARGOSJ8_IA_/install/j8_xacro_model:/home/rhobtor/PHD/ARGOSJ8_IA/ARGOSJ8_IA_/install/hector_gazebo_plugins:/home/rhobtor/PHD/ARGOSJ8_IA/ARGOSJ8_IA_/install/fixposition_sensor_pkg:/home/rhobtor/PHD/ARGOSJ8_IA/ARGOSJ8_IA_/install/fixposition_odometry_converter_ros2:/home/rhobtor/PHD/ARGOSJ8_IA/ARGOSJ8_IA_/install/fixposition_driver_ros2:/home/rhobtor/PHD/ARGOSJ8_IA/ARGOSJ8_IA_/install/fixposition_driver_lib:/home/rhobtor/PHD/ARGOSJ8_IA/ARGOSJ8_IA_/install/fixposition_gnss_tf:/home/rhobtor/PHD/ARGOSJ8_IA/ARGOSJ8_IA_/install/ctl_mission_interfaces:/home/rhobtor/PHD/ARGOSJ8_IA/ARGOSJ8_IA_/install/car_cpp:/home/rhobtor/PHD/ARGOSJ8_IA/ARGOSJ8_IA_/install/car_interfaces:/home/rhobtor/PHD/ARGOSJ8_IA/ARGOSJ8_IA_/install/argj801_setup:/home/rhobtor/PHD/ARGOSJ8_IA/ARGOSJ8_IA_/install/argj801_sensors:/home/rhobtor/PHD/ARGOSJ8_IA/ARGOSJ8_IA_/install/argj801_sensors_msgs:/home/rhobtor/PHD/ARGOSJ8_IA/ARGOSJ8_IA_/install/argj801_ctl_platform:/home/rhobtor/PHD/ARGOSJ8_IA/ARGOSJ8_IA_/install/argj801_ctl_platform_interfaces:/home/rhobtor/reactive/Reactive-Navegation/workspace_full_conected/install/octomap_mapping:/home/rhobtor/reactive/Reactive-Navegation/workspace_full_conected/install/octomap_server:/home/rhobtor/reactive/Reactive-Navegation/workspace_full_conected/install/octomap_rviz_plugins:/home/rhobtor/reactive/Reactive-Navegation/workspace_full_conected/install/hector_gazebo_plugins:/home/rhobtor/reactive/Reactive-Navegation/workspace_full_conected/install/car_cpp:/home/rhobtor/reactive/Reactive-Navegation/workspace_full_conected/install/car_interfaces:/home/rhobtor/PHD/ARGOSJ8_IA/ARGOSJ8_IA_/install/ntrip_client:/home/rhobtor/PHD/ARGOSJ8_IA/ARGOSJ8_IA_/install/j8_gui:/home/rhobtor/PHD/ARGOSJ8_IA/ARGOSJ8_IA_/install/car:/home/rhobtor/PHD/ARGOSJ8_IA/ARGOSJ8_IA_/install/android_ros2_server:/home/rhobtor/PHD/ARGOSJ8_IA/ARGOSJ8_IA_/install/GUI_pkg:/home/rhobtor/reactive/Reactive-Navegation/workspace_full_conected/install/car:/opt/ros/humble LD_LIBRARY_PATH=/home/rhobtor/PHD/ARGOSJ8_IA/ARGOSJ8_IA_/install/path_manager_interfaces/lib:/home/rhobtor/PHD/ARGOSJ8_IA/ARGOSJ8_IA_/install/wiimote_msgs/lib:/home/rhobtor/PHD/ARGOSJ8_IA/ARGOSJ8_IA_/install/ublox_gps/lib:/home/rhobtor/PHD/ARGOSJ8_IA/ARGOSJ8_IA_/install/ublox_msgs/lib:/home/rhobtor/PHD/ARGOSJ8_IA/ARGOSJ8_IA_/install/spacenav/lib:/home/rhobtor/PHD/ARGOSJ8_IA/ARGOSJ8_IA_/install/laser_segmentation/lib:/home/rhobtor/PHD/ARGOSJ8_IA/ARGOSJ8_IA_/install/slg_msgs/lib:/home/rhobtor/PHD/ARGOSJ8_IA/ARGOSJ8_IA_/install/security_check_interfaces/lib:/home/rhobtor/PHD/ARGOSJ8_IA/ARGOSJ8_IA_/install/joy/lib:/home/rhobtor/PHD/ARGOSJ8_IA/ARGOSJ8_IA_/install/j8_xacro_model/lib:/home/rhobtor/PHD/ARGOSJ8_IA/ARGOSJ8_IA_/install/hector_gazebo_plugins/lib:/home/rhobtor/PHD/ARGOSJ8_IA/ARGOSJ8_IA_/install/fixposition_sensor_pkg/lib:/home/rhobtor/PHD/ARGOSJ8_IA/ARGOSJ8_IA_/install/fixposition_odometry_converter_ros2/lib:/home/rhobtor/PHD/ARGOSJ8_IA/ARGOSJ8_IA_/install/fixposition_driver_ros2/lib:/home/rhobtor/PHD/ARGOSJ8_IA/ARGOSJ8_IA_/install/fixposition_driver_lib/lib:/home/rhobtor/PHD/ARGOSJ8_IA/ARGOSJ8_IA_/install/fixposition_gnss_tf/lib:/home/rhobtor/PHD/ARGOSJ8_IA/ARGOSJ8_IA_/install/ctl_mission_interfaces/lib:/home/rhobtor/PHD/ARGOSJ8_IA/ARGOSJ8_IA_/install/car_cpp/lib:/home/rhobtor/PHD/ARGOSJ8_IA/ARGOSJ8_IA_/install/car_interfaces/lib:/home/rhobtor/PHD/ARGOSJ8_IA/ARGOSJ8_IA_/install/argj801_sensors_msgs/lib:/home/rhobtor/PHD/ARGOSJ8_IA/ARGOSJ8_IA_/install/argj801_ctl_platform_interfaces/lib:/home/rhobtor/reactive/Reactive-Navegation/workspace_full_conected/install/octomap_server/lib:/home/rhobtor/reactive/Reactive-Navegation/workspace_full_conected/install/octomap_rviz_plugins/lib:/home/rhobtor/reactive/Reactive-Navegation/workspace_full_conected/install/hector_gazebo_plugins/lib:/home/rhobtor/reactive/Reactive-Navegation/workspace_full_conected/install/car_cpp/lib:/home/rhobtor/reactive/Reactive-Navegation/workspace_full_conected/install/car_interfaces/lib:/usr/lib/x86_64-linux-gnu/gazebo-11/plugins:/opt/ros/humble/opt/rviz_ogre_vendor/lib:/opt/ros/humble/lib/x86_64-linux-gnu:/opt/ros/humble/lib /usr/bin/cmake --build /home/rhobtor/PHD/ARGOSJ8_IA/ARGOSJ8_IA_/build/path_manager -- -j20 -l20
[3.153s] DEBUG:colcon.colcon_core.event_handler.log_command:Invoked command in '/home/rhobtor/PHD/ARGOSJ8_IA/ARGOSJ8_IA_/build/fixposition_driver_lib' returned '0': CMAKE_PREFIX_PATH=/home/rhobtor/PHD/ARGOSJ8_IA/ARGOSJ8_IA_/install/fixposition_gnss_tf:/home/rhobtor/PHD/ARGOSJ8_IA/ARGOSJ8_IA_/install/wiimote_msgs:/home/rhobtor/PHD/ARGOSJ8_IA/ARGOSJ8_IA_/install/ublox:/home/rhobtor/PHD/ARGOSJ8_IA/ARGOSJ8_IA_/install/ublox_gps:/home/rhobtor/PHD/ARGOSJ8_IA/ARGOSJ8_IA_/install/security_check:/home/rhobtor/PHD/ARGOSJ8_IA/ARGOSJ8_IA_/install/ctl_mission:/home/rhobtor/PHD/ARGOSJ8_IA/ARGOSJ8_IA_/install/ublox_msgs:/home/rhobtor/PHD/ARGOSJ8_IA/ARGOSJ8_IA_/install/ublox_serialization:/home/rhobtor/PHD/ARGOSJ8_IA/ARGOSJ8_IA_/install/spacenav:/home/rhobtor/PHD/ARGOSJ8_IA/ARGOSJ8_IA_/install/laser_segmentation:/home/rhobtor/PHD/ARGOSJ8_IA/ARGOSJ8_IA_/install/slg_msgs:/home/rhobtor/PHD/ARGOSJ8_IA/ARGOSJ8_IA_/install/security_check_interfaces:/home/rhobtor/PHD/ARGOSJ8_IA/ARGOSJ8_IA_/install/joy:/home/rhobtor/PHD/ARGOSJ8_IA/ARGOSJ8_IA_/install/sdl2_vendor:/home/rhobtor/PHD/ARGOSJ8_IA/ARGOSJ8_IA_/install/path_manager:/home/rhobtor/PHD/ARGOSJ8_IA/ARGOSJ8_IA_/install/path_manager_interfaces:/home/rhobtor/PHD/ARGOSJ8_IA/ARGOSJ8_IA_/install/joy_linux:/home/rhobtor/PHD/ARGOSJ8_IA/ARGOSJ8_IA_/install/j8_xacro_model:/home/rhobtor/PHD/ARGOSJ8_IA/ARGOSJ8_IA_/install/hector_gazebo_plugins:/home/rhobtor/PHD/ARGOSJ8_IA/ARGOSJ8_IA_/install/fixposition_sensor_pkg:/home/rhobtor/PHD/ARGOSJ8_IA/ARGOSJ8_IA_/install/fixposition_odometry_converter_ros2:/home/rhobtor/PHD/ARGOSJ8_IA/ARGOSJ8_IA_/install/fixposition_driver_ros2:/home/rhobtor/PHD/ARGOSJ8_IA/ARGOSJ8_IA_/install/fixposition_driver_lib:/home/rhobtor/PHD/ARGOSJ8_IA/ARGOSJ8_IA_/install/ctl_mission_interfaces:/home/rhobtor/PHD/ARGOSJ8_IA/ARGOSJ8_IA_/install/car_cpp:/home/rhobtor/PHD/ARGOSJ8_IA/ARGOSJ8_IA_/install/car_interfaces:/home/rhobtor/PHD/ARGOSJ8_IA/ARGOSJ8_IA_/install/argj801_setup:/home/rhobtor/PHD/ARGOSJ8_IA/ARGOSJ8_IA_/install/argj801_sensors:/home/rhobtor/PHD/ARGOSJ8_IA/ARGOSJ8_IA_/install/argj801_sensors_msgs:/home/rhobtor/PHD/ARGOSJ8_IA/ARGOSJ8_IA_/install/argj801_ctl_platform:/home/rhobtor/PHD/ARGOSJ8_IA/ARGOSJ8_IA_/install/argj801_ctl_platform_interfaces:/home/rhobtor/reactive/Reactive-Navegation/workspace_full_conected/install/octomap_mapping:/home/rhobtor/reactive/Reactive-Navegation/workspace_full_conected/install/octomap_server:/home/rhobtor/reactive/Reactive-Navegation/workspace_full_conected/install/octomap_rviz_plugins:/home/rhobtor/reactive/Reactive-Navegation/workspace_full_conected/install/hector_gazebo_plugins:/home/rhobtor/reactive/Reactive-Navegation/workspace_full_conected/install/car_cpp:/home/rhobtor/reactive/Reactive-Navegation/workspace_full_conected/install/car_interfaces:/home/rhobtor/PHD/ARGOSJ8_IA/ARGOSJ8_IA_/install/ntrip_client:/home/rhobtor/PHD/ARGOSJ8_IA/ARGOSJ8_IA_/install/j8_gui:/home/rhobtor/PHD/ARGOSJ8_IA/ARGOSJ8_IA_/install/car:/home/rhobtor/PHD/ARGOSJ8_IA/ARGOSJ8_IA_/install/android_ros2_server:/home/rhobtor/PHD/ARGOSJ8_IA/ARGOSJ8_IA_/install/GUI_pkg:/home/rhobtor/reactive/Reactive-Navegation/workspace_full_conected/install/car:/opt/ros/humble LD_LIBRARY_PATH=/home/rhobtor/PHD/ARGOSJ8_IA/ARGOSJ8_IA_/install/fixposition_gnss_tf/lib:/home/rhobtor/PHD/ARGOSJ8_IA/ARGOSJ8_IA_/install/wiimote_msgs/lib:/home/rhobtor/PHD/ARGOSJ8_IA/ARGOSJ8_IA_/install/ublox_gps/lib:/home/rhobtor/PHD/ARGOSJ8_IA/ARGOSJ8_IA_/install/ublox_msgs/lib:/home/rhobtor/PHD/ARGOSJ8_IA/ARGOSJ8_IA_/install/spacenav/lib:/home/rhobtor/PHD/ARGOSJ8_IA/ARGOSJ8_IA_/install/laser_segmentation/lib:/home/rhobtor/PHD/ARGOSJ8_IA/ARGOSJ8_IA_/install/slg_msgs/lib:/home/rhobtor/PHD/ARGOSJ8_IA/ARGOSJ8_IA_/install/security_check_interfaces/lib:/home/rhobtor/PHD/ARGOSJ8_IA/ARGOSJ8_IA_/install/joy/lib:/home/rhobtor/PHD/ARGOSJ8_IA/ARGOSJ8_IA_/install/path_manager_interfaces/lib:/home/rhobtor/PHD/ARGOSJ8_IA/ARGOSJ8_IA_/install/j8_xacro_model/lib:/home/rhobtor/PHD/ARGOSJ8_IA/ARGOSJ8_IA_/install/hector_gazebo_plugins/lib:/home/rhobtor/PHD/ARGOSJ8_IA/ARGOSJ8_IA_/install/fixposition_sensor_pkg/lib:/home/rhobtor/PHD/ARGOSJ8_IA/ARGOSJ8_IA_/install/fixposition_odometry_converter_ros2/lib:/home/rhobtor/PHD/ARGOSJ8_IA/ARGOSJ8_IA_/install/fixposition_driver_ros2/lib:/home/rhobtor/PHD/ARGOSJ8_IA/ARGOSJ8_IA_/install/fixposition_driver_lib/lib:/home/rhobtor/PHD/ARGOSJ8_IA/ARGOSJ8_IA_/install/ctl_mission_interfaces/lib:/home/rhobtor/PHD/ARGOSJ8_IA/ARGOSJ8_IA_/install/car_cpp/lib:/home/rhobtor/PHD/ARGOSJ8_IA/ARGOSJ8_IA_/install/car_interfaces/lib:/home/rhobtor/PHD/ARGOSJ8_IA/ARGOSJ8_IA_/install/argj801_sensors_msgs/lib:/home/rhobtor/PHD/ARGOSJ8_IA/ARGOSJ8_IA_/install/argj801_ctl_platform_interfaces/lib:/home/rhobtor/reactive/Reactive-Navegation/workspace_full_conected/install/octomap_server/lib:/home/rhobtor/reactive/Reactive-Navegation/workspace_full_conected/install/octomap_rviz_plugins/lib:/home/rhobtor/reactive/Reactive-Navegation/workspace_full_conected/install/hector_gazebo_plugins/lib:/home/rhobtor/reactive/Reactive-Navegation/workspace_full_conected/install/car_cpp/lib:/home/rhobtor/reactive/Reactive-Navegation/workspace_full_conected/install/car_interfaces/lib:/usr/lib/x86_64-linux-gnu/gazebo-11/plugins:/opt/ros/humble/opt/rviz_ogre_vendor/lib:/opt/ros/humble/lib/x86_64-linux-gnu:/opt/ros/humble/lib PKG_CONFIG_PATH=/home/rhobtor/PHD/ARGOSJ8_IA/ARGOSJ8_IA_/install/fixposition_gnss_tf/lib/x86_64-linux-gnu/pkgconfig:/home/rhobtor/PHD/ARGOSJ8_IA/ARGOSJ8_IA_/install/fixposition_gnss_tf/lib/pkgconfig:/home/rhobtor/PHD/ARGOSJ8_IA/ARGOSJ8_IA_/install/fixposition_driver_lib/lib/x86_64-linux-gnu/pkgconfig:/home/rhobtor/PHD/ARGOSJ8_IA/ARGOSJ8_IA_/install/fixposition_driver_lib/lib/pkgconfig /usr/bin/cmake --build /home/rhobtor/PHD/ARGOSJ8_IA/ARGOSJ8_IA_/build/fixposition_driver_lib -- -j20 -l20
[3.155s] DEBUG:colcon.colcon_core.event_handler.log_command:Invoking command in '/home/rhobtor/PHD/ARGOSJ8_IA/ARGOSJ8_IA_/build/fixposition_driver_lib': CMAKE_PREFIX_PATH=/home/rhobtor/PHD/ARGOSJ8_IA/ARGOSJ8_IA_/install/fixposition_gnss_tf:/home/rhobtor/PHD/ARGOSJ8_IA/ARGOSJ8_IA_/install/wiimote_msgs:/home/rhobtor/PHD/ARGOSJ8_IA/ARGOSJ8_IA_/install/ublox:/home/rhobtor/PHD/ARGOSJ8_IA/ARGOSJ8_IA_/install/ublox_gps:/home/rhobtor/PHD/ARGOSJ8_IA/ARGOSJ8_IA_/install/security_check:/home/rhobtor/PHD/ARGOSJ8_IA/ARGOSJ8_IA_/install/ctl_mission:/home/rhobtor/PHD/ARGOSJ8_IA/ARGOSJ8_IA_/install/ublox_msgs:/home/rhobtor/PHD/ARGOSJ8_IA/ARGOSJ8_IA_/install/ublox_serialization:/home/rhobtor/PHD/ARGOSJ8_IA/ARGOSJ8_IA_/install/spacenav:/home/rhobtor/PHD/ARGOSJ8_IA/ARGOSJ8_IA_/install/laser_segmentation:/home/rhobtor/PHD/ARGOSJ8_IA/ARGOSJ8_IA_/install/slg_msgs:/home/rhobtor/PHD/ARGOSJ8_IA/ARGOSJ8_IA_/install/security_check_interfaces:/home/rhobtor/PHD/ARGOSJ8_IA/ARGOSJ8_IA_/install/joy:/home/rhobtor/PHD/ARGOSJ8_IA/ARGOSJ8_IA_/install/sdl2_vendor:/home/rhobtor/PHD/ARGOSJ8_IA/ARGOSJ8_IA_/install/path_manager:/home/rhobtor/PHD/ARGOSJ8_IA/ARGOSJ8_IA_/install/path_manager_interfaces:/home/rhobtor/PHD/ARGOSJ8_IA/ARGOSJ8_IA_/install/joy_linux:/home/rhobtor/PHD/ARGOSJ8_IA/ARGOSJ8_IA_/install/j8_xacro_model:/home/rhobtor/PHD/ARGOSJ8_IA/ARGOSJ8_IA_/install/hector_gazebo_plugins:/home/rhobtor/PHD/ARGOSJ8_IA/ARGOSJ8_IA_/install/fixposition_sensor_pkg:/home/rhobtor/PHD/ARGOSJ8_IA/ARGOSJ8_IA_/install/fixposition_odometry_converter_ros2:/home/rhobtor/PHD/ARGOSJ8_IA/ARGOSJ8_IA_/install/fixposition_driver_ros2:/home/rhobtor/PHD/ARGOSJ8_IA/ARGOSJ8_IA_/install/fixposition_driver_lib:/home/rhobtor/PHD/ARGOSJ8_IA/ARGOSJ8_IA_/install/ctl_mission_interfaces:/home/rhobtor/PHD/ARGOSJ8_IA/ARGOSJ8_IA_/install/car_cpp:/home/rhobtor/PHD/ARGOSJ8_IA/ARGOSJ8_IA_/install/car_interfaces:/home/rhobtor/PHD/ARGOSJ8_IA/ARGOSJ8_IA_/install/argj801_setup:/home/rhobtor/PHD/ARGOSJ8_IA/ARGOSJ8_IA_/install/argj801_sensors:/home/rhobtor/PHD/ARGOSJ8_IA/ARGOSJ8_IA_/install/argj801_sensors_msgs:/home/rhobtor/PHD/ARGOSJ8_IA/ARGOSJ8_IA_/install/argj801_ctl_platform:/home/rhobtor/PHD/ARGOSJ8_IA/ARGOSJ8_IA_/install/argj801_ctl_platform_interfaces:/home/rhobtor/reactive/Reactive-Navegation/workspace_full_conected/install/octomap_mapping:/home/rhobtor/reactive/Reactive-Navegation/workspace_full_conected/install/octomap_server:/home/rhobtor/reactive/Reactive-Navegation/workspace_full_conected/install/octomap_rviz_plugins:/home/rhobtor/reactive/Reactive-Navegation/workspace_full_conected/install/hector_gazebo_plugins:/home/rhobtor/reactive/Reactive-Navegation/workspace_full_conected/install/car_cpp:/home/rhobtor/reactive/Reactive-Navegation/workspace_full_conected/install/car_interfaces:/home/rhobtor/PHD/ARGOSJ8_IA/ARGOSJ8_IA_/install/ntrip_client:/home/rhobtor/PHD/ARGOSJ8_IA/ARGOSJ8_IA_/install/j8_gui:/home/rhobtor/PHD/ARGOSJ8_IA/ARGOSJ8_IA_/install/car:/home/rhobtor/PHD/ARGOSJ8_IA/ARGOSJ8_IA_/install/android_ros2_server:/home/rhobtor/PHD/ARGOSJ8_IA/ARGOSJ8_IA_/install/GUI_pkg:/home/rhobtor/reactive/Reactive-Navegation/workspace_full_conected/install/car:/opt/ros/humble LD_LIBRARY_PATH=/home/rhobtor/PHD/ARGOSJ8_IA/ARGOSJ8_IA_/install/fixposition_gnss_tf/lib:/home/rhobtor/PHD/ARGOSJ8_IA/ARGOSJ8_IA_/install/wiimote_msgs/lib:/home/rhobtor/PHD/ARGOSJ8_IA/ARGOSJ8_IA_/install/ublox_gps/lib:/home/rhobtor/PHD/ARGOSJ8_IA/ARGOSJ8_IA_/install/ublox_msgs/lib:/home/rhobtor/PHD/ARGOSJ8_IA/ARGOSJ8_IA_/install/spacenav/lib:/home/rhobtor/PHD/ARGOSJ8_IA/ARGOSJ8_IA_/install/laser_segmentation/lib:/home/rhobtor/PHD/ARGOSJ8_IA/ARGOSJ8_IA_/install/slg_msgs/lib:/home/rhobtor/PHD/ARGOSJ8_IA/ARGOSJ8_IA_/install/security_check_interfaces/lib:/home/rhobtor/PHD/ARGOSJ8_IA/ARGOSJ8_IA_/install/joy/lib:/home/rhobtor/PHD/ARGOSJ8_IA/ARGOSJ8_IA_/install/path_manager_interfaces/lib:/home/rhobtor/PHD/ARGOSJ8_IA/ARGOSJ8_IA_/install/j8_xacro_model/lib:/home/rhobtor/PHD/ARGOSJ8_IA/ARGOSJ8_IA_/install/hector_gazebo_plugins/lib:/home/rhobtor/PHD/ARGOSJ8_IA/ARGOSJ8_IA_/install/fixposition_sensor_pkg/lib:/home/rhobtor/PHD/ARGOSJ8_IA/ARGOSJ8_IA_/install/fixposition_odometry_converter_ros2/lib:/home/rhobtor/PHD/ARGOSJ8_IA/ARGOSJ8_IA_/install/fixposition_driver_ros2/lib:/home/rhobtor/PHD/ARGOSJ8_IA/ARGOSJ8_IA_/install/fixposition_driver_lib/lib:/home/rhobtor/PHD/ARGOSJ8_IA/ARGOSJ8_IA_/install/ctl_mission_interfaces/lib:/home/rhobtor/PHD/ARGOSJ8_IA/ARGOSJ8_IA_/install/car_cpp/lib:/home/rhobtor/PHD/ARGOSJ8_IA/ARGOSJ8_IA_/install/car_interfaces/lib:/home/rhobtor/PHD/ARGOSJ8_IA/ARGOSJ8_IA_/install/argj801_sensors_msgs/lib:/home/rhobtor/PHD/ARGOSJ8_IA/ARGOSJ8_IA_/install/argj801_ctl_platform_interfaces/lib:/home/rhobtor/reactive/Reactive-Navegation/workspace_full_conected/install/octomap_server/lib:/home/rhobtor/reactive/Reactive-Navegation/workspace_full_conected/install/octomap_rviz_plugins/lib:/home/rhobtor/reactive/Reactive-Navegation/workspace_full_conected/install/hector_gazebo_plugins/lib:/home/rhobtor/reactive/Reactive-Navegation/workspace_full_conected/install/car_cpp/lib:/home/rhobtor/reactive/Reactive-Navegation/workspace_full_conected/install/car_interfaces/lib:/usr/lib/x86_64-linux-gnu/gazebo-11/plugins:/opt/ros/humble/opt/rviz_ogre_vendor/lib:/opt/ros/humble/lib/x86_64-linux-gnu:/opt/ros/humble/lib PKG_CONFIG_PATH=/home/rhobtor/PHD/ARGOSJ8_IA/ARGOSJ8_IA_/install/fixposition_gnss_tf/lib/x86_64-linux-gnu/pkgconfig:/home/rhobtor/PHD/ARGOSJ8_IA/ARGOSJ8_IA_/install/fixposition_gnss_tf/lib/pkgconfig:/home/rhobtor/PHD/ARGOSJ8_IA/ARGOSJ8_IA_/install/fixposition_driver_lib/lib/x86_64-linux-gnu/pkgconfig:/home/rhobtor/PHD/ARGOSJ8_IA/ARGOSJ8_IA_/install/fixposition_driver_lib/lib/pkgconfig /usr/bin/cmake --install /home/rhobtor/PHD/ARGOSJ8_IA/ARGOSJ8_IA_/build/fixposition_driver_lib
[3.155s] DEBUG:colcon.colcon_core.event_handler.log_command:Invoked command in '/home/rhobtor/PHD/ARGOSJ8_IA/ARGOSJ8_IA_/build/joy' returned '0': CMAKE_PREFIX_PATH=/home/rhobtor/PHD/ARGOSJ8_IA/ARGOSJ8_IA_/install/sdl2_vendor:/home/rhobtor/PHD/ARGOSJ8_IA/ARGOSJ8_IA_/install/wiimote_msgs:/home/rhobtor/PHD/ARGOSJ8_IA/ARGOSJ8_IA_/install/ublox:/home/rhobtor/PHD/ARGOSJ8_IA/ARGOSJ8_IA_/install/ublox_gps:/home/rhobtor/PHD/ARGOSJ8_IA/ARGOSJ8_IA_/install/security_check:/home/rhobtor/PHD/ARGOSJ8_IA/ARGOSJ8_IA_/install/ctl_mission:/home/rhobtor/PHD/ARGOSJ8_IA/ARGOSJ8_IA_/install/ublox_msgs:/home/rhobtor/PHD/ARGOSJ8_IA/ARGOSJ8_IA_/install/ublox_serialization:/home/rhobtor/PHD/ARGOSJ8_IA/ARGOSJ8_IA_/install/spacenav:/home/rhobtor/PHD/ARGOSJ8_IA/ARGOSJ8_IA_/install/laser_segmentation:/home/rhobtor/PHD/ARGOSJ8_IA/ARGOSJ8_IA_/install/slg_msgs:/home/rhobtor/PHD/ARGOSJ8_IA/ARGOSJ8_IA_/install/security_check_interfaces:/home/rhobtor/PHD/ARGOSJ8_IA/ARGOSJ8_IA_/install/joy:/home/rhobtor/PHD/ARGOSJ8_IA/ARGOSJ8_IA_/install/path_manager:/home/rhobtor/PHD/ARGOSJ8_IA/ARGOSJ8_IA_/install/path_manager_interfaces:/home/rhobtor/PHD/ARGOSJ8_IA/ARGOSJ8_IA_/install/joy_linux:/home/rhobtor/PHD/ARGOSJ8_IA/ARGOSJ8_IA_/install/j8_xacro_model:/home/rhobtor/PHD/ARGOSJ8_IA/ARGOSJ8_IA_/install/hector_gazebo_plugins:/home/rhobtor/PHD/ARGOSJ8_IA/ARGOSJ8_IA_/install/fixposition_sensor_pkg:/home/rhobtor/PHD/ARGOSJ8_IA/ARGOSJ8_IA_/install/fixposition_odometry_converter_ros2:/home/rhobtor/PHD/ARGOSJ8_IA/ARGOSJ8_IA_/install/fixposition_driver_ros2:/home/rhobtor/PHD/ARGOSJ8_IA/ARGOSJ8_IA_/install/fixposition_driver_lib:/home/rhobtor/PHD/ARGOSJ8_IA/ARGOSJ8_IA_/install/fixposition_gnss_tf:/home/rhobtor/PHD/ARGOSJ8_IA/ARGOSJ8_IA_/install/ctl_mission_interfaces:/home/rhobtor/PHD/ARGOSJ8_IA/ARGOSJ8_IA_/install/car_cpp:/home/rhobtor/PHD/ARGOSJ8_IA/ARGOSJ8_IA_/install/car_interfaces:/home/rhobtor/PHD/ARGOSJ8_IA/ARGOSJ8_IA_/install/argj801_setup:/home/rhobtor/PHD/ARGOSJ8_IA/ARGOSJ8_IA_/install/argj801_sensors:/home/rhobtor/PHD/ARGOSJ8_IA/ARGOSJ8_IA_/install/argj801_sensors_msgs:/home/rhobtor/PHD/ARGOSJ8_IA/ARGOSJ8_IA_/install/argj801_ctl_platform:/home/rhobtor/PHD/ARGOSJ8_IA/ARGOSJ8_IA_/install/argj801_ctl_platform_interfaces:/home/rhobtor/reactive/Reactive-Navegation/workspace_full_conected/install/octomap_mapping:/home/rhobtor/reactive/Reactive-Navegation/workspace_full_conected/install/octomap_server:/home/rhobtor/reactive/Reactive-Navegation/workspace_full_conected/install/octomap_rviz_plugins:/home/rhobtor/reactive/Reactive-Navegation/workspace_full_conected/install/hector_gazebo_plugins:/home/rhobtor/reactive/Reactive-Navegation/workspace_full_conected/install/car_cpp:/home/rhobtor/reactive/Reactive-Navegation/workspace_full_conected/install/car_interfaces:/home/rhobtor/PHD/ARGOSJ8_IA/ARGOSJ8_IA_/install/ntrip_client:/home/rhobtor/PHD/ARGOSJ8_IA/ARGOSJ8_IA_/install/j8_gui:/home/rhobtor/PHD/ARGOSJ8_IA/ARGOSJ8_IA_/install/car:/home/rhobtor/PHD/ARGOSJ8_IA/ARGOSJ8_IA_/install/android_ros2_server:/home/rhobtor/PHD/ARGOSJ8_IA/ARGOSJ8_IA_/install/GUI_pkg:/home/rhobtor/reactive/Reactive-Navegation/workspace_full_conected/install/car:/opt/ros/humble /usr/bin/cmake --build /home/rhobtor/PHD/ARGOSJ8_IA/ARGOSJ8_IA_/build/joy -- -j20 -l20
[3.156s] DEBUG:colcon.colcon_core.event_handler.log_command:Invoking command in '/home/rhobtor/PHD/ARGOSJ8_IA/ARGOSJ8_IA_/build/joy': CMAKE_PREFIX_PATH=/home/rhobtor/PHD/ARGOSJ8_IA/ARGOSJ8_IA_/install/sdl2_vendor:/home/rhobtor/PHD/ARGOSJ8_IA/ARGOSJ8_IA_/install/wiimote_msgs:/home/rhobtor/PHD/ARGOSJ8_IA/ARGOSJ8_IA_/install/ublox:/home/rhobtor/PHD/ARGOSJ8_IA/ARGOSJ8_IA_/install/ublox_gps:/home/rhobtor/PHD/ARGOSJ8_IA/ARGOSJ8_IA_/install/security_check:/home/rhobtor/PHD/ARGOSJ8_IA/ARGOSJ8_IA_/install/ctl_mission:/home/rhobtor/PHD/ARGOSJ8_IA/ARGOSJ8_IA_/install/ublox_msgs:/home/rhobtor/PHD/ARGOSJ8_IA/ARGOSJ8_IA_/install/ublox_serialization:/home/rhobtor/PHD/ARGOSJ8_IA/ARGOSJ8_IA_/install/spacenav:/home/rhobtor/PHD/ARGOSJ8_IA/ARGOSJ8_IA_/install/laser_segmentation:/home/rhobtor/PHD/ARGOSJ8_IA/ARGOSJ8_IA_/install/slg_msgs:/home/rhobtor/PHD/ARGOSJ8_IA/ARGOSJ8_IA_/install/security_check_interfaces:/home/rhobtor/PHD/ARGOSJ8_IA/ARGOSJ8_IA_/install/joy:/home/rhobtor/PHD/ARGOSJ8_IA/ARGOSJ8_IA_/install/path_manager:/home/rhobtor/PHD/ARGOSJ8_IA/ARGOSJ8_IA_/install/path_manager_interfaces:/home/rhobtor/PHD/ARGOSJ8_IA/ARGOSJ8_IA_/install/joy_linux:/home/rhobtor/PHD/ARGOSJ8_IA/ARGOSJ8_IA_/install/j8_xacro_model:/home/rhobtor/PHD/ARGOSJ8_IA/ARGOSJ8_IA_/install/hector_gazebo_plugins:/home/rhobtor/PHD/ARGOSJ8_IA/ARGOSJ8_IA_/install/fixposition_sensor_pkg:/home/rhobtor/PHD/ARGOSJ8_IA/ARGOSJ8_IA_/install/fixposition_odometry_converter_ros2:/home/rhobtor/PHD/ARGOSJ8_IA/ARGOSJ8_IA_/install/fixposition_driver_ros2:/home/rhobtor/PHD/ARGOSJ8_IA/ARGOSJ8_IA_/install/fixposition_driver_lib:/home/rhobtor/PHD/ARGOSJ8_IA/ARGOSJ8_IA_/install/fixposition_gnss_tf:/home/rhobtor/PHD/ARGOSJ8_IA/ARGOSJ8_IA_/install/ctl_mission_interfaces:/home/rhobtor/PHD/ARGOSJ8_IA/ARGOSJ8_IA_/install/car_cpp:/home/rhobtor/PHD/ARGOSJ8_IA/ARGOSJ8_IA_/install/car_interfaces:/home/rhobtor/PHD/ARGOSJ8_IA/ARGOSJ8_IA_/install/argj801_setup:/home/rhobtor/PHD/ARGOSJ8_IA/ARGOSJ8_IA_/install/argj801_sensors:/home/rhobtor/PHD/ARGOSJ8_IA/ARGOSJ8_IA_/install/argj801_sensors_msgs:/home/rhobtor/PHD/ARGOSJ8_IA/ARGOSJ8_IA_/install/argj801_ctl_platform:/home/rhobtor/PHD/ARGOSJ8_IA/ARGOSJ8_IA_/install/argj801_ctl_platform_interfaces:/home/rhobtor/reactive/Reactive-Navegation/workspace_full_conected/install/octomap_mapping:/home/rhobtor/reactive/Reactive-Navegation/workspace_full_conected/install/octomap_server:/home/rhobtor/reactive/Reactive-Navegation/workspace_full_conected/install/octomap_rviz_plugins:/home/rhobtor/reactive/Reactive-Navegation/workspace_full_conected/install/hector_gazebo_plugins:/home/rhobtor/reactive/Reactive-Navegation/workspace_full_conected/install/car_cpp:/home/rhobtor/reactive/Reactive-Navegation/workspace_full_conected/install/car_interfaces:/home/rhobtor/PHD/ARGOSJ8_IA/ARGOSJ8_IA_/install/ntrip_client:/home/rhobtor/PHD/ARGOSJ8_IA/ARGOSJ8_IA_/install/j8_gui:/home/rhobtor/PHD/ARGOSJ8_IA/ARGOSJ8_IA_/install/car:/home/rhobtor/PHD/ARGOSJ8_IA/ARGOSJ8_IA_/install/android_ros2_server:/home/rhobtor/PHD/ARGOSJ8_IA/ARGOSJ8_IA_/install/GUI_pkg:/home/rhobtor/reactive/Reactive-Navegation/workspace_full_conected/install/car:/opt/ros/humble /usr/bin/cmake --install /home/rhobtor/PHD/ARGOSJ8_IA/ARGOSJ8_IA_/build/joy
[3.157s] DEBUG:colcon.colcon_core.event_handler.log_command:Invoked command in '/home/rhobtor/PHD/ARGOSJ8_IA/ARGOSJ8_IA_/build/argj801_ctl_platform' returned '0': CMAKE_PREFIX_PATH=/home/rhobtor/PHD/ARGOSJ8_IA/ARGOSJ8_IA_/install/argj801_ctl_platform_interfaces:/home/rhobtor/PHD/ARGOSJ8_IA/ARGOSJ8_IA_/install/wiimote_msgs:/home/rhobtor/PHD/ARGOSJ8_IA/ARGOSJ8_IA_/install/ublox:/home/rhobtor/PHD/ARGOSJ8_IA/ARGOSJ8_IA_/install/ublox_gps:/home/rhobtor/PHD/ARGOSJ8_IA/ARGOSJ8_IA_/install/security_check:/home/rhobtor/PHD/ARGOSJ8_IA/ARGOSJ8_IA_/install/ctl_mission:/home/rhobtor/PHD/ARGOSJ8_IA/ARGOSJ8_IA_/install/ublox_msgs:/home/rhobtor/PHD/ARGOSJ8_IA/ARGOSJ8_IA_/install/ublox_serialization:/home/rhobtor/PHD/ARGOSJ8_IA/ARGOSJ8_IA_/install/spacenav:/home/rhobtor/PHD/ARGOSJ8_IA/ARGOSJ8_IA_/install/laser_segmentation:/home/rhobtor/PHD/ARGOSJ8_IA/ARGOSJ8_IA_/install/slg_msgs:/home/rhobtor/PHD/ARGOSJ8_IA/ARGOSJ8_IA_/install/security_check_interfaces:/home/rhobtor/PHD/ARGOSJ8_IA/ARGOSJ8_IA_/install/joy:/home/rhobtor/PHD/ARGOSJ8_IA/ARGOSJ8_IA_/install/sdl2_vendor:/home/rhobtor/PHD/ARGOSJ8_IA/ARGOSJ8_IA_/install/path_manager:/home/rhobtor/PHD/ARGOSJ8_IA/ARGOSJ8_IA_/install/path_manager_interfaces:/home/rhobtor/PHD/ARGOSJ8_IA/ARGOSJ8_IA_/install/joy_linux:/home/rhobtor/PHD/ARGOSJ8_IA/ARGOSJ8_IA_/install/j8_xacro_model:/home/rhobtor/PHD/ARGOSJ8_IA/ARGOSJ8_IA_/install/hector_gazebo_plugins:/home/rhobtor/PHD/ARGOSJ8_IA/ARGOSJ8_IA_/install/fixposition_sensor_pkg:/home/rhobtor/PHD/ARGOSJ8_IA/ARGOSJ8_IA_/install/fixposition_odometry_converter_ros2:/home/rhobtor/PHD/ARGOSJ8_IA/ARGOSJ8_IA_/install/fixposition_driver_ros2:/home/rhobtor/PHD/ARGOSJ8_IA/ARGOSJ8_IA_/install/fixposition_driver_lib:/home/rhobtor/PHD/ARGOSJ8_IA/ARGOSJ8_IA_/install/fixposition_gnss_tf:/home/rhobtor/PHD/ARGOSJ8_IA/ARGOSJ8_IA_/install/ctl_mission_interfaces:/home/rhobtor/PHD/ARGOSJ8_IA/ARGOSJ8_IA_/install/car_cpp:/home/rhobtor/PHD/ARGOSJ8_IA/ARGOSJ8_IA_/install/car_interfaces:/home/rhobtor/PHD/ARGOSJ8_IA/ARGOSJ8_IA_/install/argj801_setup:/home/rhobtor/PHD/ARGOSJ8_IA/ARGOSJ8_IA_/install/argj801_sensors:/home/rhobtor/PHD/ARGOSJ8_IA/ARGOSJ8_IA_/install/argj801_sensors_msgs:/home/rhobtor/PHD/ARGOSJ8_IA/ARGOSJ8_IA_/install/argj801_ctl_platform:/home/rhobtor/reactive/Reactive-Navegation/workspace_full_conected/install/octomap_mapping:/home/rhobtor/reactive/Reactive-Navegation/workspace_full_conected/install/octomap_server:/home/rhobtor/reactive/Reactive-Navegation/workspace_full_conected/install/octomap_rviz_plugins:/home/rhobtor/reactive/Reactive-Navegation/workspace_full_conected/install/hector_gazebo_plugins:/home/rhobtor/reactive/Reactive-Navegation/workspace_full_conected/install/car_cpp:/home/rhobtor/reactive/Reactive-Navegation/workspace_full_conected/install/car_interfaces:/home/rhobtor/PHD/ARGOSJ8_IA/ARGOSJ8_IA_/install/ntrip_client:/home/rhobtor/PHD/ARGOSJ8_IA/ARGOSJ8_IA_/install/j8_gui:/home/rhobtor/PHD/ARGOSJ8_IA/ARGOSJ8_IA_/install/car:/home/rhobtor/PHD/ARGOSJ8_IA/ARGOSJ8_IA_/install/android_ros2_server:/home/rhobtor/PHD/ARGOSJ8_IA/ARGOSJ8_IA_/install/GUI_pkg:/home/rhobtor/reactive/Reactive-Navegation/workspace_full_conected/install/car:/opt/ros/humble LD_LIBRARY_PATH=/home/rhobtor/PHD/ARGOSJ8_IA/ARGOSJ8_IA_/install/argj801_ctl_platform_interfaces/lib:/home/rhobtor/PHD/ARGOSJ8_IA/ARGOSJ8_IA_/install/wiimote_msgs/lib:/home/rhobtor/PHD/ARGOSJ8_IA/ARGOSJ8_IA_/install/ublox_gps/lib:/home/rhobtor/PHD/ARGOSJ8_IA/ARGOSJ8_IA_/install/ublox_msgs/lib:/home/rhobtor/PHD/ARGOSJ8_IA/ARGOSJ8_IA_/install/spacenav/lib:/home/rhobtor/PHD/ARGOSJ8_IA/ARGOSJ8_IA_/install/laser_segmentation/lib:/home/rhobtor/PHD/ARGOSJ8_IA/ARGOSJ8_IA_/install/slg_msgs/lib:/home/rhobtor/PHD/ARGOSJ8_IA/ARGOSJ8_IA_/install/security_check_interfaces/lib:/home/rhobtor/PHD/ARGOSJ8_IA/ARGOSJ8_IA_/install/joy/lib:/home/rhobtor/PHD/ARGOSJ8_IA/ARGOSJ8_IA_/install/path_manager_interfaces/lib:/home/rhobtor/PHD/ARGOSJ8_IA/ARGOSJ8_IA_/install/j8_xacro_model/lib:/home/rhobtor/PHD/ARGOSJ8_IA/ARGOSJ8_IA_/install/hector_gazebo_plugins/lib:/home/rhobtor/PHD/ARGOSJ8_IA/ARGOSJ8_IA_/install/fixposition_sensor_pkg/lib:/home/rhobtor/PHD/ARGOSJ8_IA/ARGOSJ8_IA_/install/fixposition_odometry_converter_ros2/lib:/home/rhobtor/PHD/ARGOSJ8_IA/ARGOSJ8_IA_/install/fixposition_driver_ros2/lib:/home/rhobtor/PHD/ARGOSJ8_IA/ARGOSJ8_IA_/install/fixposition_driver_lib/lib:/home/rhobtor/PHD/ARGOSJ8_IA/ARGOSJ8_IA_/install/fixposition_gnss_tf/lib:/home/rhobtor/PHD/ARGOSJ8_IA/ARGOSJ8_IA_/install/ctl_mission_interfaces/lib:/home/rhobtor/PHD/ARGOSJ8_IA/ARGOSJ8_IA_/install/car_cpp/lib:/home/rhobtor/PHD/ARGOSJ8_IA/ARGOSJ8_IA_/install/car_interfaces/lib:/home/rhobtor/PHD/ARGOSJ8_IA/ARGOSJ8_IA_/install/argj801_sensors_msgs/lib:/home/rhobtor/reactive/Reactive-Navegation/workspace_full_conected/install/octomap_server/lib:/home/rhobtor/reactive/Reactive-Navegation/workspace_full_conected/install/octomap_rviz_plugins/lib:/home/rhobtor/reactive/Reactive-Navegation/workspace_full_conected/install/hector_gazebo_plugins/lib:/home/rhobtor/reactive/Reactive-Navegation/workspace_full_conected/install/car_cpp/lib:/home/rhobtor/reactive/Reactive-Navegation/workspace_full_conected/install/car_interfaces/lib:/usr/lib/x86_64-linux-gnu/gazebo-11/plugins:/opt/ros/humble/opt/rviz_ogre_vendor/lib:/opt/ros/humble/lib/x86_64-linux-gnu:/opt/ros/humble/lib /usr/bin/cmake --build /home/rhobtor/PHD/ARGOSJ8_IA/ARGOSJ8_IA_/build/argj801_ctl_platform -- -j20 -l20
[3.159s] DEBUG:colcon.colcon_core.event_handler.log_command:Invoking command in '/home/rhobtor/PHD/ARGOSJ8_IA/ARGOSJ8_IA_/build/argj801_ctl_platform': CMAKE_PREFIX_PATH=/home/rhobtor/PHD/ARGOSJ8_IA/ARGOSJ8_IA_/install/argj801_ctl_platform_interfaces:/home/rhobtor/PHD/ARGOSJ8_IA/ARGOSJ8_IA_/install/wiimote_msgs:/home/rhobtor/PHD/ARGOSJ8_IA/ARGOSJ8_IA_/install/ublox:/home/rhobtor/PHD/ARGOSJ8_IA/ARGOSJ8_IA_/install/ublox_gps:/home/rhobtor/PHD/ARGOSJ8_IA/ARGOSJ8_IA_/install/security_check:/home/rhobtor/PHD/ARGOSJ8_IA/ARGOSJ8_IA_/install/ctl_mission:/home/rhobtor/PHD/ARGOSJ8_IA/ARGOSJ8_IA_/install/ublox_msgs:/home/rhobtor/PHD/ARGOSJ8_IA/ARGOSJ8_IA_/install/ublox_serialization:/home/rhobtor/PHD/ARGOSJ8_IA/ARGOSJ8_IA_/install/spacenav:/home/rhobtor/PHD/ARGOSJ8_IA/ARGOSJ8_IA_/install/laser_segmentation:/home/rhobtor/PHD/ARGOSJ8_IA/ARGOSJ8_IA_/install/slg_msgs:/home/rhobtor/PHD/ARGOSJ8_IA/ARGOSJ8_IA_/install/security_check_interfaces:/home/rhobtor/PHD/ARGOSJ8_IA/ARGOSJ8_IA_/install/joy:/home/rhobtor/PHD/ARGOSJ8_IA/ARGOSJ8_IA_/install/sdl2_vendor:/home/rhobtor/PHD/ARGOSJ8_IA/ARGOSJ8_IA_/install/path_manager:/home/rhobtor/PHD/ARGOSJ8_IA/ARGOSJ8_IA_/install/path_manager_interfaces:/home/rhobtor/PHD/ARGOSJ8_IA/ARGOSJ8_IA_/install/joy_linux:/home/rhobtor/PHD/ARGOSJ8_IA/ARGOSJ8_IA_/install/j8_xacro_model:/home/rhobtor/PHD/ARGOSJ8_IA/ARGOSJ8_IA_/install/hector_gazebo_plugins:/home/rhobtor/PHD/ARGOSJ8_IA/ARGOSJ8_IA_/install/fixposition_sensor_pkg:/home/rhobtor/PHD/ARGOSJ8_IA/ARGOSJ8_IA_/install/fixposition_odometry_converter_ros2:/home/rhobtor/PHD/ARGOSJ8_IA/ARGOSJ8_IA_/install/fixposition_driver_ros2:/home/rhobtor/PHD/ARGOSJ8_IA/ARGOSJ8_IA_/install/fixposition_driver_lib:/home/rhobtor/PHD/ARGOSJ8_IA/ARGOSJ8_IA_/install/fixposition_gnss_tf:/home/rhobtor/PHD/ARGOSJ8_IA/ARGOSJ8_IA_/install/ctl_mission_interfaces:/home/rhobtor/PHD/ARGOSJ8_IA/ARGOSJ8_IA_/install/car_cpp:/home/rhobtor/PHD/ARGOSJ8_IA/ARGOSJ8_IA_/install/car_interfaces:/home/rhobtor/PHD/ARGOSJ8_IA/ARGOSJ8_IA_/install/argj801_setup:/home/rhobtor/PHD/ARGOSJ8_IA/ARGOSJ8_IA_/install/argj801_sensors:/home/rhobtor/PHD/ARGOSJ8_IA/ARGOSJ8_IA_/install/argj801_sensors_msgs:/home/rhobtor/PHD/ARGOSJ8_IA/ARGOSJ8_IA_/install/argj801_ctl_platform:/home/rhobtor/reactive/Reactive-Navegation/workspace_full_conected/install/octomap_mapping:/home/rhobtor/reactive/Reactive-Navegation/workspace_full_conected/install/octomap_server:/home/rhobtor/reactive/Reactive-Navegation/workspace_full_conected/install/octomap_rviz_plugins:/home/rhobtor/reactive/Reactive-Navegation/workspace_full_conected/install/hector_gazebo_plugins:/home/rhobtor/reactive/Reactive-Navegation/workspace_full_conected/install/car_cpp:/home/rhobtor/reactive/Reactive-Navegation/workspace_full_conected/install/car_interfaces:/home/rhobtor/PHD/ARGOSJ8_IA/ARGOSJ8_IA_/install/ntrip_client:/home/rhobtor/PHD/ARGOSJ8_IA/ARGOSJ8_IA_/install/j8_gui:/home/rhobtor/PHD/ARGOSJ8_IA/ARGOSJ8_IA_/install/car:/home/rhobtor/PHD/ARGOSJ8_IA/ARGOSJ8_IA_/install/android_ros2_server:/home/rhobtor/PHD/ARGOSJ8_IA/ARGOSJ8_IA_/install/GUI_pkg:/home/rhobtor/reactive/Reactive-Navegation/workspace_full_conected/install/car:/opt/ros/humble LD_LIBRARY_PATH=/home/rhobtor/PHD/ARGOSJ8_IA/ARGOSJ8_IA_/install/argj801_ctl_platform_interfaces/lib:/home/rhobtor/PHD/ARGOSJ8_IA/ARGOSJ8_IA_/install/wiimote_msgs/lib:/home/rhobtor/PHD/ARGOSJ8_IA/ARGOSJ8_IA_/install/ublox_gps/lib:/home/rhobtor/PHD/ARGOSJ8_IA/ARGOSJ8_IA_/install/ublox_msgs/lib:/home/rhobtor/PHD/ARGOSJ8_IA/ARGOSJ8_IA_/install/spacenav/lib:/home/rhobtor/PHD/ARGOSJ8_IA/ARGOSJ8_IA_/install/laser_segmentation/lib:/home/rhobtor/PHD/ARGOSJ8_IA/ARGOSJ8_IA_/install/slg_msgs/lib:/home/rhobtor/PHD/ARGOSJ8_IA/ARGOSJ8_IA_/install/security_check_interfaces/lib:/home/rhobtor/PHD/ARGOSJ8_IA/ARGOSJ8_IA_/install/joy/lib:/home/rhobtor/PHD/ARGOSJ8_IA/ARGOSJ8_IA_/install/path_manager_interfaces/lib:/home/rhobtor/PHD/ARGOSJ8_IA/ARGOSJ8_IA_/install/j8_xacro_model/lib:/home/rhobtor/PHD/ARGOSJ8_IA/ARGOSJ8_IA_/install/hector_gazebo_plugins/lib:/home/rhobtor/PHD/ARGOSJ8_IA/ARGOSJ8_IA_/install/fixposition_sensor_pkg/lib:/home/rhobtor/PHD/ARGOSJ8_IA/ARGOSJ8_IA_/install/fixposition_odometry_converter_ros2/lib:/home/rhobtor/PHD/ARGOSJ8_IA/ARGOSJ8_IA_/install/fixposition_driver_ros2/lib:/home/rhobtor/PHD/ARGOSJ8_IA/ARGOSJ8_IA_/install/fixposition_driver_lib/lib:/home/rhobtor/PHD/ARGOSJ8_IA/ARGOSJ8_IA_/install/fixposition_gnss_tf/lib:/home/rhobtor/PHD/ARGOSJ8_IA/ARGOSJ8_IA_/install/ctl_mission_interfaces/lib:/home/rhobtor/PHD/ARGOSJ8_IA/ARGOSJ8_IA_/install/car_cpp/lib:/home/rhobtor/PHD/ARGOSJ8_IA/ARGOSJ8_IA_/install/car_interfaces/lib:/home/rhobtor/PHD/ARGOSJ8_IA/ARGOSJ8_IA_/install/argj801_sensors_msgs/lib:/home/rhobtor/reactive/Reactive-Navegation/workspace_full_conected/install/octomap_server/lib:/home/rhobtor/reactive/Reactive-Navegation/workspace_full_conected/install/octomap_rviz_plugins/lib:/home/rhobtor/reactive/Reactive-Navegation/workspace_full_conected/install/hector_gazebo_plugins/lib:/home/rhobtor/reactive/Reactive-Navegation/workspace_full_conected/install/car_cpp/lib:/home/rhobtor/reactive/Reactive-Navegation/workspace_full_conected/install/car_interfaces/lib:/usr/lib/x86_64-linux-gnu/gazebo-11/plugins:/opt/ros/humble/opt/rviz_ogre_vendor/lib:/opt/ros/humble/lib/x86_64-linux-gnu:/opt/ros/humble/lib /usr/bin/cmake --install /home/rhobtor/PHD/ARGOSJ8_IA/ARGOSJ8_IA_/build/argj801_ctl_platform
[3.159s] DEBUG:colcon.colcon_core.event_handler.log_command:Invoked command in '/home/rhobtor/PHD/ARGOSJ8_IA/ARGOSJ8_IA_/build/argj801_sensors' returned '0': CMAKE_PREFIX_PATH=/home/rhobtor/PHD/ARGOSJ8_IA/ARGOSJ8_IA_/install/argj801_sensors_msgs:/home/rhobtor/PHD/ARGOSJ8_IA/ARGOSJ8_IA_/install/argj801_ctl_platform_interfaces:/home/rhobtor/PHD/ARGOSJ8_IA/ARGOSJ8_IA_/install/wiimote_msgs:/home/rhobtor/PHD/ARGOSJ8_IA/ARGOSJ8_IA_/install/ublox:/home/rhobtor/PHD/ARGOSJ8_IA/ARGOSJ8_IA_/install/ublox_gps:/home/rhobtor/PHD/ARGOSJ8_IA/ARGOSJ8_IA_/install/security_check:/home/rhobtor/PHD/ARGOSJ8_IA/ARGOSJ8_IA_/install/ctl_mission:/home/rhobtor/PHD/ARGOSJ8_IA/ARGOSJ8_IA_/install/ublox_msgs:/home/rhobtor/PHD/ARGOSJ8_IA/ARGOSJ8_IA_/install/ublox_serialization:/home/rhobtor/PHD/ARGOSJ8_IA/ARGOSJ8_IA_/install/spacenav:/home/rhobtor/PHD/ARGOSJ8_IA/ARGOSJ8_IA_/install/laser_segmentation:/home/rhobtor/PHD/ARGOSJ8_IA/ARGOSJ8_IA_/install/slg_msgs:/home/rhobtor/PHD/ARGOSJ8_IA/ARGOSJ8_IA_/install/security_check_interfaces:/home/rhobtor/PHD/ARGOSJ8_IA/ARGOSJ8_IA_/install/joy:/home/rhobtor/PHD/ARGOSJ8_IA/ARGOSJ8_IA_/install/sdl2_vendor:/home/rhobtor/PHD/ARGOSJ8_IA/ARGOSJ8_IA_/install/path_manager:/home/rhobtor/PHD/ARGOSJ8_IA/ARGOSJ8_IA_/install/path_manager_interfaces:/home/rhobtor/PHD/ARGOSJ8_IA/ARGOSJ8_IA_/install/joy_linux:/home/rhobtor/PHD/ARGOSJ8_IA/ARGOSJ8_IA_/install/j8_xacro_model:/home/rhobtor/PHD/ARGOSJ8_IA/ARGOSJ8_IA_/install/hector_gazebo_plugins:/home/rhobtor/PHD/ARGOSJ8_IA/ARGOSJ8_IA_/install/fixposition_sensor_pkg:/home/rhobtor/PHD/ARGOSJ8_IA/ARGOSJ8_IA_/install/fixposition_odometry_converter_ros2:/home/rhobtor/PHD/ARGOSJ8_IA/ARGOSJ8_IA_/install/fixposition_driver_ros2:/home/rhobtor/PHD/ARGOSJ8_IA/ARGOSJ8_IA_/install/fixposition_driver_lib:/home/rhobtor/PHD/ARGOSJ8_IA/ARGOSJ8_IA_/install/fixposition_gnss_tf:/home/rhobtor/PHD/ARGOSJ8_IA/ARGOSJ8_IA_/install/ctl_mission_interfaces:/home/rhobtor/PHD/ARGOSJ8_IA/ARGOSJ8_IA_/install/car_cpp:/home/rhobtor/PHD/ARGOSJ8_IA/ARGOSJ8_IA_/install/car_interfaces:/home/rhobtor/PHD/ARGOSJ8_IA/ARGOSJ8_IA_/install/argj801_setup:/home/rhobtor/PHD/ARGOSJ8_IA/ARGOSJ8_IA_/install/argj801_sensors:/home/rhobtor/PHD/ARGOSJ8_IA/ARGOSJ8_IA_/install/argj801_ctl_platform:/home/rhobtor/reactive/Reactive-Navegation/workspace_full_conected/install/octomap_mapping:/home/rhobtor/reactive/Reactive-Navegation/workspace_full_conected/install/octomap_server:/home/rhobtor/reactive/Reactive-Navegation/workspace_full_conected/install/octomap_rviz_plugins:/home/rhobtor/reactive/Reactive-Navegation/workspace_full_conected/install/hector_gazebo_plugins:/home/rhobtor/reactive/Reactive-Navegation/workspace_full_conected/install/car_cpp:/home/rhobtor/reactive/Reactive-Navegation/workspace_full_conected/install/car_interfaces:/home/rhobtor/PHD/ARGOSJ8_IA/ARGOSJ8_IA_/install/ntrip_client:/home/rhobtor/PHD/ARGOSJ8_IA/ARGOSJ8_IA_/install/j8_gui:/home/rhobtor/PHD/ARGOSJ8_IA/ARGOSJ8_IA_/install/car:/home/rhobtor/PHD/ARGOSJ8_IA/ARGOSJ8_IA_/install/android_ros2_server:/home/rhobtor/PHD/ARGOSJ8_IA/ARGOSJ8_IA_/install/GUI_pkg:/home/rhobtor/reactive/Reactive-Navegation/workspace_full_conected/install/car:/opt/ros/humble LD_LIBRARY_PATH=/home/rhobtor/PHD/ARGOSJ8_IA/ARGOSJ8_IA_/install/argj801_sensors_msgs/lib:/home/rhobtor/PHD/ARGOSJ8_IA/ARGOSJ8_IA_/install/argj801_ctl_platform_interfaces/lib:/home/rhobtor/PHD/ARGOSJ8_IA/ARGOSJ8_IA_/install/wiimote_msgs/lib:/home/rhobtor/PHD/ARGOSJ8_IA/ARGOSJ8_IA_/install/ublox_gps/lib:/home/rhobtor/PHD/ARGOSJ8_IA/ARGOSJ8_IA_/install/ublox_msgs/lib:/home/rhobtor/PHD/ARGOSJ8_IA/ARGOSJ8_IA_/install/spacenav/lib:/home/rhobtor/PHD/ARGOSJ8_IA/ARGOSJ8_IA_/install/laser_segmentation/lib:/home/rhobtor/PHD/ARGOSJ8_IA/ARGOSJ8_IA_/install/slg_msgs/lib:/home/rhobtor/PHD/ARGOSJ8_IA/ARGOSJ8_IA_/install/security_check_interfaces/lib:/home/rhobtor/PHD/ARGOSJ8_IA/ARGOSJ8_IA_/install/joy/lib:/home/rhobtor/PHD/ARGOSJ8_IA/ARGOSJ8_IA_/install/path_manager_interfaces/lib:/home/rhobtor/PHD/ARGOSJ8_IA/ARGOSJ8_IA_/install/j8_xacro_model/lib:/home/rhobtor/PHD/ARGOSJ8_IA/ARGOSJ8_IA_/install/hector_gazebo_plugins/lib:/home/rhobtor/PHD/ARGOSJ8_IA/ARGOSJ8_IA_/install/fixposition_sensor_pkg/lib:/home/rhobtor/PHD/ARGOSJ8_IA/ARGOSJ8_IA_/install/fixposition_odometry_converter_ros2/lib:/home/rhobtor/PHD/ARGOSJ8_IA/ARGOSJ8_IA_/install/fixposition_driver_ros2/lib:/home/rhobtor/PHD/ARGOSJ8_IA/ARGOSJ8_IA_/install/fixposition_driver_lib/lib:/home/rhobtor/PHD/ARGOSJ8_IA/ARGOSJ8_IA_/install/fixposition_gnss_tf/lib:/home/rhobtor/PHD/ARGOSJ8_IA/ARGOSJ8_IA_/install/ctl_mission_interfaces/lib:/home/rhobtor/PHD/ARGOSJ8_IA/ARGOSJ8_IA_/install/car_cpp/lib:/home/rhobtor/PHD/ARGOSJ8_IA/ARGOSJ8_IA_/install/car_interfaces/lib:/home/rhobtor/reactive/Reactive-Navegation/workspace_full_conected/install/octomap_server/lib:/home/rhobtor/reactive/Reactive-Navegation/workspace_full_conected/install/octomap_rviz_plugins/lib:/home/rhobtor/reactive/Reactive-Navegation/workspace_full_conected/install/hector_gazebo_plugins/lib:/home/rhobtor/reactive/Reactive-Navegation/workspace_full_conected/install/car_cpp/lib:/home/rhobtor/reactive/Reactive-Navegation/workspace_full_conected/install/car_interfaces/lib:/usr/lib/x86_64-linux-gnu/gazebo-11/plugins:/opt/ros/humble/opt/rviz_ogre_vendor/lib:/opt/ros/humble/lib/x86_64-linux-gnu:/opt/ros/humble/lib /usr/bin/cmake --build /home/rhobtor/PHD/ARGOSJ8_IA/ARGOSJ8_IA_/build/argj801_sensors -- -j20 -l20
[3.160s] DEBUG:colcon.colcon_core.event_handler.log_command:Invoking command in '/home/rhobtor/PHD/ARGOSJ8_IA/ARGOSJ8_IA_/build/argj801_sensors': CMAKE_PREFIX_PATH=/home/rhobtor/PHD/ARGOSJ8_IA/ARGOSJ8_IA_/install/argj801_sensors_msgs:/home/rhobtor/PHD/ARGOSJ8_IA/ARGOSJ8_IA_/install/argj801_ctl_platform_interfaces:/home/rhobtor/PHD/ARGOSJ8_IA/ARGOSJ8_IA_/install/wiimote_msgs:/home/rhobtor/PHD/ARGOSJ8_IA/ARGOSJ8_IA_/install/ublox:/home/rhobtor/PHD/ARGOSJ8_IA/ARGOSJ8_IA_/install/ublox_gps:/home/rhobtor/PHD/ARGOSJ8_IA/ARGOSJ8_IA_/install/security_check:/home/rhobtor/PHD/ARGOSJ8_IA/ARGOSJ8_IA_/install/ctl_mission:/home/rhobtor/PHD/ARGOSJ8_IA/ARGOSJ8_IA_/install/ublox_msgs:/home/rhobtor/PHD/ARGOSJ8_IA/ARGOSJ8_IA_/install/ublox_serialization:/home/rhobtor/PHD/ARGOSJ8_IA/ARGOSJ8_IA_/install/spacenav:/home/rhobtor/PHD/ARGOSJ8_IA/ARGOSJ8_IA_/install/laser_segmentation:/home/rhobtor/PHD/ARGOSJ8_IA/ARGOSJ8_IA_/install/slg_msgs:/home/rhobtor/PHD/ARGOSJ8_IA/ARGOSJ8_IA_/install/security_check_interfaces:/home/rhobtor/PHD/ARGOSJ8_IA/ARGOSJ8_IA_/install/joy:/home/rhobtor/PHD/ARGOSJ8_IA/ARGOSJ8_IA_/install/sdl2_vendor:/home/rhobtor/PHD/ARGOSJ8_IA/ARGOSJ8_IA_/install/path_manager:/home/rhobtor/PHD/ARGOSJ8_IA/ARGOSJ8_IA_/install/path_manager_interfaces:/home/rhobtor/PHD/ARGOSJ8_IA/ARGOSJ8_IA_/install/joy_linux:/home/rhobtor/PHD/ARGOSJ8_IA/ARGOSJ8_IA_/install/j8_xacro_model:/home/rhobtor/PHD/ARGOSJ8_IA/ARGOSJ8_IA_/install/hector_gazebo_plugins:/home/rhobtor/PHD/ARGOSJ8_IA/ARGOSJ8_IA_/install/fixposition_sensor_pkg:/home/rhobtor/PHD/ARGOSJ8_IA/ARGOSJ8_IA_/install/fixposition_odometry_converter_ros2:/home/rhobtor/PHD/ARGOSJ8_IA/ARGOSJ8_IA_/install/fixposition_driver_ros2:/home/rhobtor/PHD/ARGOSJ8_IA/ARGOSJ8_IA_/install/fixposition_driver_lib:/home/rhobtor/PHD/ARGOSJ8_IA/ARGOSJ8_IA_/install/fixposition_gnss_tf:/home/rhobtor/PHD/ARGOSJ8_IA/ARGOSJ8_IA_/install/ctl_mission_interfaces:/home/rhobtor/PHD/ARGOSJ8_IA/ARGOSJ8_IA_/install/car_cpp:/home/rhobtor/PHD/ARGOSJ8_IA/ARGOSJ8_IA_/install/car_interfaces:/home/rhobtor/PHD/ARGOSJ8_IA/ARGOSJ8_IA_/install/argj801_setup:/home/rhobtor/PHD/ARGOSJ8_IA/ARGOSJ8_IA_/install/argj801_sensors:/home/rhobtor/PHD/ARGOSJ8_IA/ARGOSJ8_IA_/install/argj801_ctl_platform:/home/rhobtor/reactive/Reactive-Navegation/workspace_full_conected/install/octomap_mapping:/home/rhobtor/reactive/Reactive-Navegation/workspace_full_conected/install/octomap_server:/home/rhobtor/reactive/Reactive-Navegation/workspace_full_conected/install/octomap_rviz_plugins:/home/rhobtor/reactive/Reactive-Navegation/workspace_full_conected/install/hector_gazebo_plugins:/home/rhobtor/reactive/Reactive-Navegation/workspace_full_conected/install/car_cpp:/home/rhobtor/reactive/Reactive-Navegation/workspace_full_conected/install/car_interfaces:/home/rhobtor/PHD/ARGOSJ8_IA/ARGOSJ8_IA_/install/ntrip_client:/home/rhobtor/PHD/ARGOSJ8_IA/ARGOSJ8_IA_/install/j8_gui:/home/rhobtor/PHD/ARGOSJ8_IA/ARGOSJ8_IA_/install/car:/home/rhobtor/PHD/ARGOSJ8_IA/ARGOSJ8_IA_/install/android_ros2_server:/home/rhobtor/PHD/ARGOSJ8_IA/ARGOSJ8_IA_/install/GUI_pkg:/home/rhobtor/reactive/Reactive-Navegation/workspace_full_conected/install/car:/opt/ros/humble LD_LIBRARY_PATH=/home/rhobtor/PHD/ARGOSJ8_IA/ARGOSJ8_IA_/install/argj801_sensors_msgs/lib:/home/rhobtor/PHD/ARGOSJ8_IA/ARGOSJ8_IA_/install/argj801_ctl_platform_interfaces/lib:/home/rhobtor/PHD/ARGOSJ8_IA/ARGOSJ8_IA_/install/wiimote_msgs/lib:/home/rhobtor/PHD/ARGOSJ8_IA/ARGOSJ8_IA_/install/ublox_gps/lib:/home/rhobtor/PHD/ARGOSJ8_IA/ARGOSJ8_IA_/install/ublox_msgs/lib:/home/rhobtor/PHD/ARGOSJ8_IA/ARGOSJ8_IA_/install/spacenav/lib:/home/rhobtor/PHD/ARGOSJ8_IA/ARGOSJ8_IA_/install/laser_segmentation/lib:/home/rhobtor/PHD/ARGOSJ8_IA/ARGOSJ8_IA_/install/slg_msgs/lib:/home/rhobtor/PHD/ARGOSJ8_IA/ARGOSJ8_IA_/install/security_check_interfaces/lib:/home/rhobtor/PHD/ARGOSJ8_IA/ARGOSJ8_IA_/install/joy/lib:/home/rhobtor/PHD/ARGOSJ8_IA/ARGOSJ8_IA_/install/path_manager_interfaces/lib:/home/rhobtor/PHD/ARGOSJ8_IA/ARGOSJ8_IA_/install/j8_xacro_model/lib:/home/rhobtor/PHD/ARGOSJ8_IA/ARGOSJ8_IA_/install/hector_gazebo_plugins/lib:/home/rhobtor/PHD/ARGOSJ8_IA/ARGOSJ8_IA_/install/fixposition_sensor_pkg/lib:/home/rhobtor/PHD/ARGOSJ8_IA/ARGOSJ8_IA_/install/fixposition_odometry_converter_ros2/lib:/home/rhobtor/PHD/ARGOSJ8_IA/ARGOSJ8_IA_/install/fixposition_driver_ros2/lib:/home/rhobtor/PHD/ARGOSJ8_IA/ARGOSJ8_IA_/install/fixposition_driver_lib/lib:/home/rhobtor/PHD/ARGOSJ8_IA/ARGOSJ8_IA_/install/fixposition_gnss_tf/lib:/home/rhobtor/PHD/ARGOSJ8_IA/ARGOSJ8_IA_/install/ctl_mission_interfaces/lib:/home/rhobtor/PHD/ARGOSJ8_IA/ARGOSJ8_IA_/install/car_cpp/lib:/home/rhobtor/PHD/ARGOSJ8_IA/ARGOSJ8_IA_/install/car_interfaces/lib:/home/rhobtor/reactive/Reactive-Navegation/workspace_full_conected/install/octomap_server/lib:/home/rhobtor/reactive/Reactive-Navegation/workspace_full_conected/install/octomap_rviz_plugins/lib:/home/rhobtor/reactive/Reactive-Navegation/workspace_full_conected/install/hector_gazebo_plugins/lib:/home/rhobtor/reactive/Reactive-Navegation/workspace_full_conected/install/car_cpp/lib:/home/rhobtor/reactive/Reactive-Navegation/workspace_full_conected/install/car_interfaces/lib:/usr/lib/x86_64-linux-gnu/gazebo-11/plugins:/opt/ros/humble/opt/rviz_ogre_vendor/lib:/opt/ros/humble/lib/x86_64-linux-gnu:/opt/ros/humble/lib /usr/bin/cmake --install /home/rhobtor/PHD/ARGOSJ8_IA/ARGOSJ8_IA_/build/argj801_sensors
[3.184s] Level 1:colcon.colcon_core.environment:create_environment_scripts_only(argj801_ctl_platform)
[3.185s] Level 1:colcon.colcon_core.environment:checking '/home/rhobtor/PHD/ARGOSJ8_IA/ARGOSJ8_IA_/install/argj801_ctl_platform' for CMake module files
[3.188s] DEBUG:colcon.colcon_core.event_handler.log_command:Invoked command in '/home/rhobtor/PHD/ARGOSJ8_IA/ARGOSJ8_IA_/build/argj801_ctl_platform' returned '0': CMAKE_PREFIX_PATH=/home/rhobtor/PHD/ARGOSJ8_IA/ARGOSJ8_IA_/install/argj801_ctl_platform_interfaces:/home/rhobtor/PHD/ARGOSJ8_IA/ARGOSJ8_IA_/install/wiimote_msgs:/home/rhobtor/PHD/ARGOSJ8_IA/ARGOSJ8_IA_/install/ublox:/home/rhobtor/PHD/ARGOSJ8_IA/ARGOSJ8_IA_/install/ublox_gps:/home/rhobtor/PHD/ARGOSJ8_IA/ARGOSJ8_IA_/install/security_check:/home/rhobtor/PHD/ARGOSJ8_IA/ARGOSJ8_IA_/install/ctl_mission:/home/rhobtor/PHD/ARGOSJ8_IA/ARGOSJ8_IA_/install/ublox_msgs:/home/rhobtor/PHD/ARGOSJ8_IA/ARGOSJ8_IA_/install/ublox_serialization:/home/rhobtor/PHD/ARGOSJ8_IA/ARGOSJ8_IA_/install/spacenav:/home/rhobtor/PHD/ARGOSJ8_IA/ARGOSJ8_IA_/install/laser_segmentation:/home/rhobtor/PHD/ARGOSJ8_IA/ARGOSJ8_IA_/install/slg_msgs:/home/rhobtor/PHD/ARGOSJ8_IA/ARGOSJ8_IA_/install/security_check_interfaces:/home/rhobtor/PHD/ARGOSJ8_IA/ARGOSJ8_IA_/install/joy:/home/rhobtor/PHD/ARGOSJ8_IA/ARGOSJ8_IA_/install/sdl2_vendor:/home/rhobtor/PHD/ARGOSJ8_IA/ARGOSJ8_IA_/install/path_manager:/home/rhobtor/PHD/ARGOSJ8_IA/ARGOSJ8_IA_/install/path_manager_interfaces:/home/rhobtor/PHD/ARGOSJ8_IA/ARGOSJ8_IA_/install/joy_linux:/home/rhobtor/PHD/ARGOSJ8_IA/ARGOSJ8_IA_/install/j8_xacro_model:/home/rhobtor/PHD/ARGOSJ8_IA/ARGOSJ8_IA_/install/hector_gazebo_plugins:/home/rhobtor/PHD/ARGOSJ8_IA/ARGOSJ8_IA_/install/fixposition_sensor_pkg:/home/rhobtor/PHD/ARGOSJ8_IA/ARGOSJ8_IA_/install/fixposition_odometry_converter_ros2:/home/rhobtor/PHD/ARGOSJ8_IA/ARGOSJ8_IA_/install/fixposition_driver_ros2:/home/rhobtor/PHD/ARGOSJ8_IA/ARGOSJ8_IA_/install/fixposition_driver_lib:/home/rhobtor/PHD/ARGOSJ8_IA/ARGOSJ8_IA_/install/fixposition_gnss_tf:/home/rhobtor/PHD/ARGOSJ8_IA/ARGOSJ8_IA_/install/ctl_mission_interfaces:/home/rhobtor/PHD/ARGOSJ8_IA/ARGOSJ8_IA_/install/car_cpp:/home/rhobtor/PHD/ARGOSJ8_IA/ARGOSJ8_IA_/install/car_interfaces:/home/rhobtor/PHD/ARGOSJ8_IA/ARGOSJ8_IA_/install/argj801_setup:/home/rhobtor/PHD/ARGOSJ8_IA/ARGOSJ8_IA_/install/argj801_sensors:/home/rhobtor/PHD/ARGOSJ8_IA/ARGOSJ8_IA_/install/argj801_sensors_msgs:/home/rhobtor/PHD/ARGOSJ8_IA/ARGOSJ8_IA_/install/argj801_ctl_platform:/home/rhobtor/reactive/Reactive-Navegation/workspace_full_conected/install/octomap_mapping:/home/rhobtor/reactive/Reactive-Navegation/workspace_full_conected/install/octomap_server:/home/rhobtor/reactive/Reactive-Navegation/workspace_full_conected/install/octomap_rviz_plugins:/home/rhobtor/reactive/Reactive-Navegation/workspace_full_conected/install/hector_gazebo_plugins:/home/rhobtor/reactive/Reactive-Navegation/workspace_full_conected/install/car_cpp:/home/rhobtor/reactive/Reactive-Navegation/workspace_full_conected/install/car_interfaces:/home/rhobtor/PHD/ARGOSJ8_IA/ARGOSJ8_IA_/install/ntrip_client:/home/rhobtor/PHD/ARGOSJ8_IA/ARGOSJ8_IA_/install/j8_gui:/home/rhobtor/PHD/ARGOSJ8_IA/ARGOSJ8_IA_/install/car:/home/rhobtor/PHD/ARGOSJ8_IA/ARGOSJ8_IA_/install/android_ros2_server:/home/rhobtor/PHD/ARGOSJ8_IA/ARGOSJ8_IA_/install/GUI_pkg:/home/rhobtor/reactive/Reactive-Navegation/workspace_full_conected/install/car:/opt/ros/humble LD_LIBRARY_PATH=/home/rhobtor/PHD/ARGOSJ8_IA/ARGOSJ8_IA_/install/argj801_ctl_platform_interfaces/lib:/home/rhobtor/PHD/ARGOSJ8_IA/ARGOSJ8_IA_/install/wiimote_msgs/lib:/home/rhobtor/PHD/ARGOSJ8_IA/ARGOSJ8_IA_/install/ublox_gps/lib:/home/rhobtor/PHD/ARGOSJ8_IA/ARGOSJ8_IA_/install/ublox_msgs/lib:/home/rhobtor/PHD/ARGOSJ8_IA/ARGOSJ8_IA_/install/spacenav/lib:/home/rhobtor/PHD/ARGOSJ8_IA/ARGOSJ8_IA_/install/laser_segmentation/lib:/home/rhobtor/PHD/ARGOSJ8_IA/ARGOSJ8_IA_/install/slg_msgs/lib:/home/rhobtor/PHD/ARGOSJ8_IA/ARGOSJ8_IA_/install/security_check_interfaces/lib:/home/rhobtor/PHD/ARGOSJ8_IA/ARGOSJ8_IA_/install/joy/lib:/home/rhobtor/PHD/ARGOSJ8_IA/ARGOSJ8_IA_/install/path_manager_interfaces/lib:/home/rhobtor/PHD/ARGOSJ8_IA/ARGOSJ8_IA_/install/j8_xacro_model/lib:/home/rhobtor/PHD/ARGOSJ8_IA/ARGOSJ8_IA_/install/hector_gazebo_plugins/lib:/home/rhobtor/PHD/ARGOSJ8_IA/ARGOSJ8_IA_/install/fixposition_sensor_pkg/lib:/home/rhobtor/PHD/ARGOSJ8_IA/ARGOSJ8_IA_/install/fixposition_odometry_converter_ros2/lib:/home/rhobtor/PHD/ARGOSJ8_IA/ARGOSJ8_IA_/install/fixposition_driver_ros2/lib:/home/rhobtor/PHD/ARGOSJ8_IA/ARGOSJ8_IA_/install/fixposition_driver_lib/lib:/home/rhobtor/PHD/ARGOSJ8_IA/ARGOSJ8_IA_/install/fixposition_gnss_tf/lib:/home/rhobtor/PHD/ARGOSJ8_IA/ARGOSJ8_IA_/install/ctl_mission_interfaces/lib:/home/rhobtor/PHD/ARGOSJ8_IA/ARGOSJ8_IA_/install/car_cpp/lib:/home/rhobtor/PHD/ARGOSJ8_IA/ARGOSJ8_IA_/install/car_interfaces/lib:/home/rhobtor/PHD/ARGOSJ8_IA/ARGOSJ8_IA_/install/argj801_sensors_msgs/lib:/home/rhobtor/reactive/Reactive-Navegation/workspace_full_conected/install/octomap_server/lib:/home/rhobtor/reactive/Reactive-Navegation/workspace_full_conected/install/octomap_rviz_plugins/lib:/home/rhobtor/reactive/Reactive-Navegation/workspace_full_conected/install/hector_gazebo_plugins/lib:/home/rhobtor/reactive/Reactive-Navegation/workspace_full_conected/install/car_cpp/lib:/home/rhobtor/reactive/Reactive-Navegation/workspace_full_conected/install/car_interfaces/lib:/usr/lib/x86_64-linux-gnu/gazebo-11/plugins:/opt/ros/humble/opt/rviz_ogre_vendor/lib:/opt/ros/humble/lib/x86_64-linux-gnu:/opt/ros/humble/lib /usr/bin/cmake --install /home/rhobtor/PHD/ARGOSJ8_IA/ARGOSJ8_IA_/build/argj801_ctl_platform
[3.189s] Level 1:colcon.colcon_core.environment:checking '/home/rhobtor/PHD/ARGOSJ8_IA/ARGOSJ8_IA_/install/argj801_ctl_platform' for CMake config files
[3.189s] Level 1:colcon.colcon_core.shell:create_environment_hook('argj801_ctl_platform', 'cmake_prefix_path')
[3.189s] INFO:colcon.colcon_core.shell:Creating environment hook '/home/rhobtor/PHD/ARGOSJ8_IA/ARGOSJ8_IA_/install/argj801_ctl_platform/share/argj801_ctl_platform/hook/cmake_prefix_path.ps1'
[3.190s] INFO:colcon.colcon_core.shell:Creating environment descriptor '/home/rhobtor/PHD/ARGOSJ8_IA/ARGOSJ8_IA_/install/argj801_ctl_platform/share/argj801_ctl_platform/hook/cmake_prefix_path.dsv'
[3.191s] INFO:colcon.colcon_core.shell:Creating environment hook '/home/rhobtor/PHD/ARGOSJ8_IA/ARGOSJ8_IA_/install/argj801_ctl_platform/share/argj801_ctl_platform/hook/cmake_prefix_path.sh'
[3.191s] Level 1:colcon.colcon_core.environment:checking '/home/rhobtor/PHD/ARGOSJ8_IA/ARGOSJ8_IA_/install/argj801_ctl_platform/lib'
[3.191s] Level 1:colcon.colcon_core.environment:checking '/home/rhobtor/PHD/ARGOSJ8_IA/ARGOSJ8_IA_/install/argj801_ctl_platform/bin'
[3.191s] Level 1:colcon.colcon_core.environment:checking '/home/rhobtor/PHD/ARGOSJ8_IA/ARGOSJ8_IA_/install/argj801_ctl_platform/lib/pkgconfig/argj801_ctl_platform.pc'
[3.192s] Level 1:colcon.colcon_core.environment:checking '/home/rhobtor/PHD/ARGOSJ8_IA/ARGOSJ8_IA_/install/argj801_ctl_platform/lib/python3.10/site-packages'
[3.192s] Level 1:colcon.colcon_core.environment:checking '/home/rhobtor/PHD/ARGOSJ8_IA/ARGOSJ8_IA_/install/argj801_ctl_platform/bin'
[3.192s] INFO:colcon.colcon_core.shell:Creating package script '/home/rhobtor/PHD/ARGOSJ8_IA/ARGOSJ8_IA_/install/argj801_ctl_platform/share/argj801_ctl_platform/package.ps1'
[3.193s] INFO:colcon.colcon_core.shell:Creating package descriptor '/home/rhobtor/PHD/ARGOSJ8_IA/ARGOSJ8_IA_/install/argj801_ctl_platform/share/argj801_ctl_platform/package.dsv'
[3.193s] INFO:colcon.colcon_core.shell:Creating package script '/home/rhobtor/PHD/ARGOSJ8_IA/ARGOSJ8_IA_/install/argj801_ctl_platform/share/argj801_ctl_platform/package.sh'
[3.193s] INFO:colcon.colcon_core.shell:Creating package script '/home/rhobtor/PHD/ARGOSJ8_IA/ARGOSJ8_IA_/install/argj801_ctl_platform/share/argj801_ctl_platform/package.bash'
[3.203s] INFO:colcon.colcon_core.shell:Creating package script '/home/rhobtor/PHD/ARGOSJ8_IA/ARGOSJ8_IA_/install/argj801_ctl_platform/share/argj801_ctl_platform/package.zsh'
[3.204s] Level 1:colcon.colcon_core.environment:create_file_with_runtime_dependencies(/home/rhobtor/PHD/ARGOSJ8_IA/ARGOSJ8_IA_/install/argj801_ctl_platform/share/colcon-core/packages/argj801_ctl_platform)
[3.205s] Level 1:colcon.colcon_core.environment:create_environment_scripts_only(argj801_ctl_platform)
[3.205s] Level 1:colcon.colcon_core.environment:checking '/home/rhobtor/PHD/ARGOSJ8_IA/ARGOSJ8_IA_/install/argj801_ctl_platform' for CMake module files
[3.205s] Level 1:colcon.colcon_core.environment:checking '/home/rhobtor/PHD/ARGOSJ8_IA/ARGOSJ8_IA_/install/argj801_ctl_platform' for CMake config files
[3.205s] Level 1:colcon.colcon_core.shell:create_environment_hook('argj801_ctl_platform', 'cmake_prefix_path')
[3.206s] INFO:colcon.colcon_core.shell:Creating environment hook '/home/rhobtor/PHD/ARGOSJ8_IA/ARGOSJ8_IA_/install/argj801_ctl_platform/share/argj801_ctl_platform/hook/cmake_prefix_path.ps1'
[3.206s] INFO:colcon.colcon_core.shell:Creating environment descriptor '/home/rhobtor/PHD/ARGOSJ8_IA/ARGOSJ8_IA_/install/argj801_ctl_platform/share/argj801_ctl_platform/hook/cmake_prefix_path.dsv'
[3.206s] INFO:colcon.colcon_core.shell:Creating environment hook '/home/rhobtor/PHD/ARGOSJ8_IA/ARGOSJ8_IA_/install/argj801_ctl_platform/share/argj801_ctl_platform/hook/cmake_prefix_path.sh'
[3.207s] Level 1:colcon.colcon_core.environment:checking '/home/rhobtor/PHD/ARGOSJ8_IA/ARGOSJ8_IA_/install/argj801_ctl_platform/lib'
[3.207s] Level 1:colcon.colcon_core.environment:checking '/home/rhobtor/PHD/ARGOSJ8_IA/ARGOSJ8_IA_/install/argj801_ctl_platform/bin'
[3.207s] Level 1:colcon.colcon_core.environment:checking '/home/rhobtor/PHD/ARGOSJ8_IA/ARGOSJ8_IA_/install/argj801_ctl_platform/lib/pkgconfig/argj801_ctl_platform.pc'
[3.207s] Level 1:colcon.colcon_core.environment:checking '/home/rhobtor/PHD/ARGOSJ8_IA/ARGOSJ8_IA_/install/argj801_ctl_platform/lib/python3.10/site-packages'
[3.207s] Level 1:colcon.colcon_core.environment:checking '/home/rhobtor/PHD/ARGOSJ8_IA/ARGOSJ8_IA_/install/argj801_ctl_platform/bin'
[3.207s] INFO:colcon.colcon_core.shell:Creating package script '/home/rhobtor/PHD/ARGOSJ8_IA/ARGOSJ8_IA_/install/argj801_ctl_platform/share/argj801_ctl_platform/package.ps1'
[3.208s] INFO:colcon.colcon_core.shell:Creating package descriptor '/home/rhobtor/PHD/ARGOSJ8_IA/ARGOSJ8_IA_/install/argj801_ctl_platform/share/argj801_ctl_platform/package.dsv'
[3.208s] INFO:colcon.colcon_core.shell:Creating package script '/home/rhobtor/PHD/ARGOSJ8_IA/ARGOSJ8_IA_/install/argj801_ctl_platform/share/argj801_ctl_platform/package.sh'
[3.208s] INFO:colcon.colcon_core.shell:Creating package script '/home/rhobtor/PHD/ARGOSJ8_IA/ARGOSJ8_IA_/install/argj801_ctl_platform/share/argj801_ctl_platform/package.bash'
[3.209s] INFO:colcon.colcon_core.shell:Creating package script '/home/rhobtor/PHD/ARGOSJ8_IA/ARGOSJ8_IA_/install/argj801_ctl_platform/share/argj801_ctl_platform/package.zsh'
[3.209s] Level 1:colcon.colcon_core.environment:create_file_with_runtime_dependencies(/home/rhobtor/PHD/ARGOSJ8_IA/ARGOSJ8_IA_/install/argj801_ctl_platform/share/colcon-core/packages/argj801_ctl_platform)
[3.209s] Level 1:colcon.colcon_core.environment:create_environment_scripts_only(joy)
[3.209s] Level 1:colcon.colcon_core.environment:checking '/home/rhobtor/PHD/ARGOSJ8_IA/ARGOSJ8_IA_/install/joy' for CMake module files
[3.210s] Level 1:colcon.colcon_core.environment:checking '/home/rhobtor/PHD/ARGOSJ8_IA/ARGOSJ8_IA_/install/joy' for CMake config files
[3.210s] DEBUG:colcon.colcon_core.event_handler.log_command:Invoked command in '/home/rhobtor/PHD/ARGOSJ8_IA/ARGOSJ8_IA_/build/joy' returned '0': CMAKE_PREFIX_PATH=/home/rhobtor/PHD/ARGOSJ8_IA/ARGOSJ8_IA_/install/sdl2_vendor:/home/rhobtor/PHD/ARGOSJ8_IA/ARGOSJ8_IA_/install/wiimote_msgs:/home/rhobtor/PHD/ARGOSJ8_IA/ARGOSJ8_IA_/install/ublox:/home/rhobtor/PHD/ARGOSJ8_IA/ARGOSJ8_IA_/install/ublox_gps:/home/rhobtor/PHD/ARGOSJ8_IA/ARGOSJ8_IA_/install/security_check:/home/rhobtor/PHD/ARGOSJ8_IA/ARGOSJ8_IA_/install/ctl_mission:/home/rhobtor/PHD/ARGOSJ8_IA/ARGOSJ8_IA_/install/ublox_msgs:/home/rhobtor/PHD/ARGOSJ8_IA/ARGOSJ8_IA_/install/ublox_serialization:/home/rhobtor/PHD/ARGOSJ8_IA/ARGOSJ8_IA_/install/spacenav:/home/rhobtor/PHD/ARGOSJ8_IA/ARGOSJ8_IA_/install/laser_segmentation:/home/rhobtor/PHD/ARGOSJ8_IA/ARGOSJ8_IA_/install/slg_msgs:/home/rhobtor/PHD/ARGOSJ8_IA/ARGOSJ8_IA_/install/security_check_interfaces:/home/rhobtor/PHD/ARGOSJ8_IA/ARGOSJ8_IA_/install/joy:/home/rhobtor/PHD/ARGOSJ8_IA/ARGOSJ8_IA_/install/path_manager:/home/rhobtor/PHD/ARGOSJ8_IA/ARGOSJ8_IA_/install/path_manager_interfaces:/home/rhobtor/PHD/ARGOSJ8_IA/ARGOSJ8_IA_/install/joy_linux:/home/rhobtor/PHD/ARGOSJ8_IA/ARGOSJ8_IA_/install/j8_xacro_model:/home/rhobtor/PHD/ARGOSJ8_IA/ARGOSJ8_IA_/install/hector_gazebo_plugins:/home/rhobtor/PHD/ARGOSJ8_IA/ARGOSJ8_IA_/install/fixposition_sensor_pkg:/home/rhobtor/PHD/ARGOSJ8_IA/ARGOSJ8_IA_/install/fixposition_odometry_converter_ros2:/home/rhobtor/PHD/ARGOSJ8_IA/ARGOSJ8_IA_/install/fixposition_driver_ros2:/home/rhobtor/PHD/ARGOSJ8_IA/ARGOSJ8_IA_/install/fixposition_driver_lib:/home/rhobtor/PHD/ARGOSJ8_IA/ARGOSJ8_IA_/install/fixposition_gnss_tf:/home/rhobtor/PHD/ARGOSJ8_IA/ARGOSJ8_IA_/install/ctl_mission_interfaces:/home/rhobtor/PHD/ARGOSJ8_IA/ARGOSJ8_IA_/install/car_cpp:/home/rhobtor/PHD/ARGOSJ8_IA/ARGOSJ8_IA_/install/car_interfaces:/home/rhobtor/PHD/ARGOSJ8_IA/ARGOSJ8_IA_/install/argj801_setup:/home/rhobtor/PHD/ARGOSJ8_IA/ARGOSJ8_IA_/install/argj801_sensors:/home/rhobtor/PHD/ARGOSJ8_IA/ARGOSJ8_IA_/install/argj801_sensors_msgs:/home/rhobtor/PHD/ARGOSJ8_IA/ARGOSJ8_IA_/install/argj801_ctl_platform:/home/rhobtor/PHD/ARGOSJ8_IA/ARGOSJ8_IA_/install/argj801_ctl_platform_interfaces:/home/rhobtor/reactive/Reactive-Navegation/workspace_full_conected/install/octomap_mapping:/home/rhobtor/reactive/Reactive-Navegation/workspace_full_conected/install/octomap_server:/home/rhobtor/reactive/Reactive-Navegation/workspace_full_conected/install/octomap_rviz_plugins:/home/rhobtor/reactive/Reactive-Navegation/workspace_full_conected/install/hector_gazebo_plugins:/home/rhobtor/reactive/Reactive-Navegation/workspace_full_conected/install/car_cpp:/home/rhobtor/reactive/Reactive-Navegation/workspace_full_conected/install/car_interfaces:/home/rhobtor/PHD/ARGOSJ8_IA/ARGOSJ8_IA_/install/ntrip_client:/home/rhobtor/PHD/ARGOSJ8_IA/ARGOSJ8_IA_/install/j8_gui:/home/rhobtor/PHD/ARGOSJ8_IA/ARGOSJ8_IA_/install/car:/home/rhobtor/PHD/ARGOSJ8_IA/ARGOSJ8_IA_/install/android_ros2_server:/home/rhobtor/PHD/ARGOSJ8_IA/ARGOSJ8_IA_/install/GUI_pkg:/home/rhobtor/reactive/Reactive-Navegation/workspace_full_conected/install/car:/opt/ros/humble /usr/bin/cmake --install /home/rhobtor/PHD/ARGOSJ8_IA/ARGOSJ8_IA_/build/joy
[3.211s] Level 1:colcon.colcon_core.shell:create_environment_hook('joy', 'cmake_prefix_path')
[3.211s] INFO:colcon.colcon_core.shell:Creating environment hook '/home/rhobtor/PHD/ARGOSJ8_IA/ARGOSJ8_IA_/install/joy/share/joy/hook/cmake_prefix_path.ps1'
[3.211s] INFO:colcon.colcon_core.shell:Creating environment descriptor '/home/rhobtor/PHD/ARGOSJ8_IA/ARGOSJ8_IA_/install/joy/share/joy/hook/cmake_prefix_path.dsv'
[3.211s] INFO:colcon.colcon_core.shell:Creating environment hook '/home/rhobtor/PHD/ARGOSJ8_IA/ARGOSJ8_IA_/install/joy/share/joy/hook/cmake_prefix_path.sh'
[3.212s] Level 1:colcon.colcon_core.environment:checking '/home/rhobtor/PHD/ARGOSJ8_IA/ARGOSJ8_IA_/install/joy/lib'
[3.212s] Level 1:colcon.colcon_core.shell:create_environment_hook('joy', 'ld_library_path_lib')
[3.212s] INFO:colcon.colcon_core.shell:Creating environment hook '/home/rhobtor/PHD/ARGOSJ8_IA/ARGOSJ8_IA_/install/joy/share/joy/hook/ld_library_path_lib.ps1'
[3.220s] INFO:colcon.colcon_core.shell:Creating environment descriptor '/home/rhobtor/PHD/ARGOSJ8_IA/ARGOSJ8_IA_/install/joy/share/joy/hook/ld_library_path_lib.dsv'
[3.224s] INFO:colcon.colcon_core.shell:Creating environment hook '/home/rhobtor/PHD/ARGOSJ8_IA/ARGOSJ8_IA_/install/joy/share/joy/hook/ld_library_path_lib.sh'
[3.224s] Level 1:colcon.colcon_core.environment:checking '/home/rhobtor/PHD/ARGOSJ8_IA/ARGOSJ8_IA_/install/joy/bin'
[3.224s] Level 1:colcon.colcon_core.environment:checking '/home/rhobtor/PHD/ARGOSJ8_IA/ARGOSJ8_IA_/install/joy/lib/pkgconfig/joy.pc'
[3.225s] Level 1:colcon.colcon_core.environment:checking '/home/rhobtor/PHD/ARGOSJ8_IA/ARGOSJ8_IA_/install/joy/lib/python3.10/site-packages'
[3.225s] Level 1:colcon.colcon_core.environment:checking '/home/rhobtor/PHD/ARGOSJ8_IA/ARGOSJ8_IA_/install/joy/bin'
[3.225s] INFO:colcon.colcon_core.shell:Creating package script '/home/rhobtor/PHD/ARGOSJ8_IA/ARGOSJ8_IA_/install/joy/share/joy/package.ps1'
[3.226s] INFO:colcon.colcon_core.shell:Creating package descriptor '/home/rhobtor/PHD/ARGOSJ8_IA/ARGOSJ8_IA_/install/joy/share/joy/package.dsv'
[3.227s] INFO:colcon.colcon_core.shell:Creating package script '/home/rhobtor/PHD/ARGOSJ8_IA/ARGOSJ8_IA_/install/joy/share/joy/package.sh'
[3.227s] INFO:colcon.colcon_core.shell:Creating package script '/home/rhobtor/PHD/ARGOSJ8_IA/ARGOSJ8_IA_/install/joy/share/joy/package.bash'
[3.228s] INFO:colcon.colcon_core.shell:Creating package script '/home/rhobtor/PHD/ARGOSJ8_IA/ARGOSJ8_IA_/install/joy/share/joy/package.zsh'
[3.236s] Level 1:colcon.colcon_core.environment:create_file_with_runtime_dependencies(/home/rhobtor/PHD/ARGOSJ8_IA/ARGOSJ8_IA_/install/joy/share/colcon-core/packages/joy)
[3.237s] Level 1:colcon.colcon_core.environment:create_environment_scripts_only(joy)
[3.237s] Level 1:colcon.colcon_core.environment:checking '/home/rhobtor/PHD/ARGOSJ8_IA/ARGOSJ8_IA_/install/joy' for CMake module files
[3.238s] Level 1:colcon.colcon_core.environment:checking '/home/rhobtor/PHD/ARGOSJ8_IA/ARGOSJ8_IA_/install/joy' for CMake config files
[3.238s] Level 1:colcon.colcon_core.shell:create_environment_hook('joy', 'cmake_prefix_path')
[3.238s] INFO:colcon.colcon_core.shell:Creating environment hook '/home/rhobtor/PHD/ARGOSJ8_IA/ARGOSJ8_IA_/install/joy/share/joy/hook/cmake_prefix_path.ps1'
[3.239s] INFO:colcon.colcon_core.shell:Creating environment descriptor '/home/rhobtor/PHD/ARGOSJ8_IA/ARGOSJ8_IA_/install/joy/share/joy/hook/cmake_prefix_path.dsv'
[3.253s] INFO:colcon.colcon_core.shell:Creating environment hook '/home/rhobtor/PHD/ARGOSJ8_IA/ARGOSJ8_IA_/install/joy/share/joy/hook/cmake_prefix_path.sh'
[3.255s] Level 1:colcon.colcon_core.environment:checking '/home/rhobtor/PHD/ARGOSJ8_IA/ARGOSJ8_IA_/install/joy/lib'
[3.255s] Level 1:colcon.colcon_core.shell:create_environment_hook('joy', 'ld_library_path_lib')
[3.255s] INFO:colcon.colcon_core.shell:Creating environment hook '/home/rhobtor/PHD/ARGOSJ8_IA/ARGOSJ8_IA_/install/joy/share/joy/hook/ld_library_path_lib.ps1'
[3.256s] INFO:colcon.colcon_core.shell:Creating environment descriptor '/home/rhobtor/PHD/ARGOSJ8_IA/ARGOSJ8_IA_/install/joy/share/joy/hook/ld_library_path_lib.dsv'
[3.257s] INFO:colcon.colcon_core.shell:Creating environment hook '/home/rhobtor/PHD/ARGOSJ8_IA/ARGOSJ8_IA_/install/joy/share/joy/hook/ld_library_path_lib.sh'
[3.257s] Level 1:colcon.colcon_core.environment:checking '/home/rhobtor/PHD/ARGOSJ8_IA/ARGOSJ8_IA_/install/joy/bin'
[3.257s] Level 1:colcon.colcon_core.environment:checking '/home/rhobtor/PHD/ARGOSJ8_IA/ARGOSJ8_IA_/install/joy/lib/pkgconfig/joy.pc'
[3.257s] Level 1:colcon.colcon_core.environment:checking '/home/rhobtor/PHD/ARGOSJ8_IA/ARGOSJ8_IA_/install/joy/lib/python3.10/site-packages'
[3.258s] Level 1:colcon.colcon_core.environment:checking '/home/rhobtor/PHD/ARGOSJ8_IA/ARGOSJ8_IA_/install/joy/bin'
[3.258s] INFO:colcon.colcon_core.shell:Creating package script '/home/rhobtor/PHD/ARGOSJ8_IA/ARGOSJ8_IA_/install/joy/share/joy/package.ps1'
[3.259s] INFO:colcon.colcon_core.shell:Creating package descriptor '/home/rhobtor/PHD/ARGOSJ8_IA/ARGOSJ8_IA_/install/joy/share/joy/package.dsv'
[3.260s] INFO:colcon.colcon_core.shell:Creating package script '/home/rhobtor/PHD/ARGOSJ8_IA/ARGOSJ8_IA_/install/joy/share/joy/package.sh'
[3.260s] INFO:colcon.colcon_core.shell:Creating package script '/home/rhobtor/PHD/ARGOSJ8_IA/ARGOSJ8_IA_/install/joy/share/joy/package.bash'
[3.260s] INFO:colcon.colcon_core.shell:Creating package script '/home/rhobtor/PHD/ARGOSJ8_IA/ARGOSJ8_IA_/install/joy/share/joy/package.zsh'
[3.261s] Level 1:colcon.colcon_core.environment:create_file_with_runtime_dependencies(/home/rhobtor/PHD/ARGOSJ8_IA/ARGOSJ8_IA_/install/joy/share/colcon-core/packages/joy)
[3.261s] Level 1:colcon.colcon_core.environment:create_environment_scripts_only(argj801_sensors)
[3.261s] Level 1:colcon.colcon_core.environment:checking '/home/rhobtor/PHD/ARGOSJ8_IA/ARGOSJ8_IA_/install/argj801_sensors' for CMake module files
[3.262s] Level 1:colcon.colcon_core.environment:checking '/home/rhobtor/PHD/ARGOSJ8_IA/ARGOSJ8_IA_/install/argj801_sensors' for CMake config files
[3.262s] DEBUG:colcon.colcon_core.event_handler.log_command:Invoked command in '/home/rhobtor/PHD/ARGOSJ8_IA/ARGOSJ8_IA_/build/argj801_sensors' returned '0': CMAKE_PREFIX_PATH=/home/rhobtor/PHD/ARGOSJ8_IA/ARGOSJ8_IA_/install/argj801_sensors_msgs:/home/rhobtor/PHD/ARGOSJ8_IA/ARGOSJ8_IA_/install/argj801_ctl_platform_interfaces:/home/rhobtor/PHD/ARGOSJ8_IA/ARGOSJ8_IA_/install/wiimote_msgs:/home/rhobtor/PHD/ARGOSJ8_IA/ARGOSJ8_IA_/install/ublox:/home/rhobtor/PHD/ARGOSJ8_IA/ARGOSJ8_IA_/install/ublox_gps:/home/rhobtor/PHD/ARGOSJ8_IA/ARGOSJ8_IA_/install/security_check:/home/rhobtor/PHD/ARGOSJ8_IA/ARGOSJ8_IA_/install/ctl_mission:/home/rhobtor/PHD/ARGOSJ8_IA/ARGOSJ8_IA_/install/ublox_msgs:/home/rhobtor/PHD/ARGOSJ8_IA/ARGOSJ8_IA_/install/ublox_serialization:/home/rhobtor/PHD/ARGOSJ8_IA/ARGOSJ8_IA_/install/spacenav:/home/rhobtor/PHD/ARGOSJ8_IA/ARGOSJ8_IA_/install/laser_segmentation:/home/rhobtor/PHD/ARGOSJ8_IA/ARGOSJ8_IA_/install/slg_msgs:/home/rhobtor/PHD/ARGOSJ8_IA/ARGOSJ8_IA_/install/security_check_interfaces:/home/rhobtor/PHD/ARGOSJ8_IA/ARGOSJ8_IA_/install/joy:/home/rhobtor/PHD/ARGOSJ8_IA/ARGOSJ8_IA_/install/sdl2_vendor:/home/rhobtor/PHD/ARGOSJ8_IA/ARGOSJ8_IA_/install/path_manager:/home/rhobtor/PHD/ARGOSJ8_IA/ARGOSJ8_IA_/install/path_manager_interfaces:/home/rhobtor/PHD/ARGOSJ8_IA/ARGOSJ8_IA_/install/joy_linux:/home/rhobtor/PHD/ARGOSJ8_IA/ARGOSJ8_IA_/install/j8_xacro_model:/home/rhobtor/PHD/ARGOSJ8_IA/ARGOSJ8_IA_/install/hector_gazebo_plugins:/home/rhobtor/PHD/ARGOSJ8_IA/ARGOSJ8_IA_/install/fixposition_sensor_pkg:/home/rhobtor/PHD/ARGOSJ8_IA/ARGOSJ8_IA_/install/fixposition_odometry_converter_ros2:/home/rhobtor/PHD/ARGOSJ8_IA/ARGOSJ8_IA_/install/fixposition_driver_ros2:/home/rhobtor/PHD/ARGOSJ8_IA/ARGOSJ8_IA_/install/fixposition_driver_lib:/home/rhobtor/PHD/ARGOSJ8_IA/ARGOSJ8_IA_/install/fixposition_gnss_tf:/home/rhobtor/PHD/ARGOSJ8_IA/ARGOSJ8_IA_/install/ctl_mission_interfaces:/home/rhobtor/PHD/ARGOSJ8_IA/ARGOSJ8_IA_/install/car_cpp:/home/rhobtor/PHD/ARGOSJ8_IA/ARGOSJ8_IA_/install/car_interfaces:/home/rhobtor/PHD/ARGOSJ8_IA/ARGOSJ8_IA_/install/argj801_setup:/home/rhobtor/PHD/ARGOSJ8_IA/ARGOSJ8_IA_/install/argj801_sensors:/home/rhobtor/PHD/ARGOSJ8_IA/ARGOSJ8_IA_/install/argj801_ctl_platform:/home/rhobtor/reactive/Reactive-Navegation/workspace_full_conected/install/octomap_mapping:/home/rhobtor/reactive/Reactive-Navegation/workspace_full_conected/install/octomap_server:/home/rhobtor/reactive/Reactive-Navegation/workspace_full_conected/install/octomap_rviz_plugins:/home/rhobtor/reactive/Reactive-Navegation/workspace_full_conected/install/hector_gazebo_plugins:/home/rhobtor/reactive/Reactive-Navegation/workspace_full_conected/install/car_cpp:/home/rhobtor/reactive/Reactive-Navegation/workspace_full_conected/install/car_interfaces:/home/rhobtor/PHD/ARGOSJ8_IA/ARGOSJ8_IA_/install/ntrip_client:/home/rhobtor/PHD/ARGOSJ8_IA/ARGOSJ8_IA_/install/j8_gui:/home/rhobtor/PHD/ARGOSJ8_IA/ARGOSJ8_IA_/install/car:/home/rhobtor/PHD/ARGOSJ8_IA/ARGOSJ8_IA_/install/android_ros2_server:/home/rhobtor/PHD/ARGOSJ8_IA/ARGOSJ8_IA_/install/GUI_pkg:/home/rhobtor/reactive/Reactive-Navegation/workspace_full_conected/install/car:/opt/ros/humble LD_LIBRARY_PATH=/home/rhobtor/PHD/ARGOSJ8_IA/ARGOSJ8_IA_/install/argj801_sensors_msgs/lib:/home/rhobtor/PHD/ARGOSJ8_IA/ARGOSJ8_IA_/install/argj801_ctl_platform_interfaces/lib:/home/rhobtor/PHD/ARGOSJ8_IA/ARGOSJ8_IA_/install/wiimote_msgs/lib:/home/rhobtor/PHD/ARGOSJ8_IA/ARGOSJ8_IA_/install/ublox_gps/lib:/home/rhobtor/PHD/ARGOSJ8_IA/ARGOSJ8_IA_/install/ublox_msgs/lib:/home/rhobtor/PHD/ARGOSJ8_IA/ARGOSJ8_IA_/install/spacenav/lib:/home/rhobtor/PHD/ARGOSJ8_IA/ARGOSJ8_IA_/install/laser_segmentation/lib:/home/rhobtor/PHD/ARGOSJ8_IA/ARGOSJ8_IA_/install/slg_msgs/lib:/home/rhobtor/PHD/ARGOSJ8_IA/ARGOSJ8_IA_/install/security_check_interfaces/lib:/home/rhobtor/PHD/ARGOSJ8_IA/ARGOSJ8_IA_/install/joy/lib:/home/rhobtor/PHD/ARGOSJ8_IA/ARGOSJ8_IA_/install/path_manager_interfaces/lib:/home/rhobtor/PHD/ARGOSJ8_IA/ARGOSJ8_IA_/install/j8_xacro_model/lib:/home/rhobtor/PHD/ARGOSJ8_IA/ARGOSJ8_IA_/install/hector_gazebo_plugins/lib:/home/rhobtor/PHD/ARGOSJ8_IA/ARGOSJ8_IA_/install/fixposition_sensor_pkg/lib:/home/rhobtor/PHD/ARGOSJ8_IA/ARGOSJ8_IA_/install/fixposition_odometry_converter_ros2/lib:/home/rhobtor/PHD/ARGOSJ8_IA/ARGOSJ8_IA_/install/fixposition_driver_ros2/lib:/home/rhobtor/PHD/ARGOSJ8_IA/ARGOSJ8_IA_/install/fixposition_driver_lib/lib:/home/rhobtor/PHD/ARGOSJ8_IA/ARGOSJ8_IA_/install/fixposition_gnss_tf/lib:/home/rhobtor/PHD/ARGOSJ8_IA/ARGOSJ8_IA_/install/ctl_mission_interfaces/lib:/home/rhobtor/PHD/ARGOSJ8_IA/ARGOSJ8_IA_/install/car_cpp/lib:/home/rhobtor/PHD/ARGOSJ8_IA/ARGOSJ8_IA_/install/car_interfaces/lib:/home/rhobtor/reactive/Reactive-Navegation/workspace_full_conected/install/octomap_server/lib:/home/rhobtor/reactive/Reactive-Navegation/workspace_full_conected/install/octomap_rviz_plugins/lib:/home/rhobtor/reactive/Reactive-Navegation/workspace_full_conected/install/hector_gazebo_plugins/lib:/home/rhobtor/reactive/Reactive-Navegation/workspace_full_conected/install/car_cpp/lib:/home/rhobtor/reactive/Reactive-Navegation/workspace_full_conected/install/car_interfaces/lib:/usr/lib/x86_64-linux-gnu/gazebo-11/plugins:/opt/ros/humble/opt/rviz_ogre_vendor/lib:/opt/ros/humble/lib/x86_64-linux-gnu:/opt/ros/humble/lib /usr/bin/cmake --install /home/rhobtor/PHD/ARGOSJ8_IA/ARGOSJ8_IA_/build/argj801_sensors
[3.262s] Level 1:colcon.colcon_core.shell:create_environment_hook('argj801_sensors', 'cmake_prefix_path')
[3.263s] INFO:colcon.colcon_core.shell:Creating environment hook '/home/rhobtor/PHD/ARGOSJ8_IA/ARGOSJ8_IA_/install/argj801_sensors/share/argj801_sensors/hook/cmake_prefix_path.ps1'
[3.263s] INFO:colcon.colcon_core.shell:Creating environment descriptor '/home/rhobtor/PHD/ARGOSJ8_IA/ARGOSJ8_IA_/install/argj801_sensors/share/argj801_sensors/hook/cmake_prefix_path.dsv'
[3.263s] INFO:colcon.colcon_core.shell:Creating environment hook '/home/rhobtor/PHD/ARGOSJ8_IA/ARGOSJ8_IA_/install/argj801_sensors/share/argj801_sensors/hook/cmake_prefix_path.sh'
[3.264s] Level 1:colcon.colcon_core.environment:checking '/home/rhobtor/PHD/ARGOSJ8_IA/ARGOSJ8_IA_/install/argj801_sensors/lib'
[3.264s] Level 1:colcon.colcon_core.environment:checking '/home/rhobtor/PHD/ARGOSJ8_IA/ARGOSJ8_IA_/install/argj801_sensors/bin'
[3.264s] Level 1:colcon.colcon_core.environment:checking '/home/rhobtor/PHD/ARGOSJ8_IA/ARGOSJ8_IA_/install/argj801_sensors/lib/pkgconfig/argj801_sensors.pc'
[3.264s] Level 1:colcon.colcon_core.environment:checking '/home/rhobtor/PHD/ARGOSJ8_IA/ARGOSJ8_IA_/install/argj801_sensors/lib/python3.10/site-packages'
[3.264s] Level 1:colcon.colcon_core.environment:checking '/home/rhobtor/PHD/ARGOSJ8_IA/ARGOSJ8_IA_/install/argj801_sensors/bin'
[3.265s] INFO:colcon.colcon_core.shell:Creating package script '/home/rhobtor/PHD/ARGOSJ8_IA/ARGOSJ8_IA_/install/argj801_sensors/share/argj801_sensors/package.ps1'
[3.265s] INFO:colcon.colcon_core.shell:Creating package descriptor '/home/rhobtor/PHD/ARGOSJ8_IA/ARGOSJ8_IA_/install/argj801_sensors/share/argj801_sensors/package.dsv'
[3.265s] INFO:colcon.colcon_core.shell:Creating package script '/home/rhobtor/PHD/ARGOSJ8_IA/ARGOSJ8_IA_/install/argj801_sensors/share/argj801_sensors/package.sh'
[3.266s] INFO:colcon.colcon_core.shell:Creating package script '/home/rhobtor/PHD/ARGOSJ8_IA/ARGOSJ8_IA_/install/argj801_sensors/share/argj801_sensors/package.bash'
[3.266s] INFO:colcon.colcon_core.shell:Creating package script '/home/rhobtor/PHD/ARGOSJ8_IA/ARGOSJ8_IA_/install/argj801_sensors/share/argj801_sensors/package.zsh'
[3.266s] Level 1:colcon.colcon_core.environment:create_file_with_runtime_dependencies(/home/rhobtor/PHD/ARGOSJ8_IA/ARGOSJ8_IA_/install/argj801_sensors/share/colcon-core/packages/argj801_sensors)
[3.267s] Level 1:colcon.colcon_core.environment:create_environment_scripts_only(argj801_sensors)
[3.267s] Level 1:colcon.colcon_core.environment:checking '/home/rhobtor/PHD/ARGOSJ8_IA/ARGOSJ8_IA_/install/argj801_sensors' for CMake module files
[3.267s] Level 1:colcon.colcon_core.environment:checking '/home/rhobtor/PHD/ARGOSJ8_IA/ARGOSJ8_IA_/install/argj801_sensors' for CMake config files
[3.268s] Level 1:colcon.colcon_core.shell:create_environment_hook('argj801_sensors', 'cmake_prefix_path')
[3.268s] INFO:colcon.colcon_core.shell:Creating environment hook '/home/rhobtor/PHD/ARGOSJ8_IA/ARGOSJ8_IA_/install/argj801_sensors/share/argj801_sensors/hook/cmake_prefix_path.ps1'
[3.268s] INFO:colcon.colcon_core.shell:Creating environment descriptor '/home/rhobtor/PHD/ARGOSJ8_IA/ARGOSJ8_IA_/install/argj801_sensors/share/argj801_sensors/hook/cmake_prefix_path.dsv'
[3.268s] INFO:colcon.colcon_core.shell:Creating environment hook '/home/rhobtor/PHD/ARGOSJ8_IA/ARGOSJ8_IA_/install/argj801_sensors/share/argj801_sensors/hook/cmake_prefix_path.sh'
[3.269s] Level 1:colcon.colcon_core.environment:checking '/home/rhobtor/PHD/ARGOSJ8_IA/ARGOSJ8_IA_/install/argj801_sensors/lib'
[3.269s] Level 1:colcon.colcon_core.environment:checking '/home/rhobtor/PHD/ARGOSJ8_IA/ARGOSJ8_IA_/install/argj801_sensors/bin'
[3.269s] Level 1:colcon.colcon_core.environment:checking '/home/rhobtor/PHD/ARGOSJ8_IA/ARGOSJ8_IA_/install/argj801_sensors/lib/pkgconfig/argj801_sensors.pc'
[3.269s] Level 1:colcon.colcon_core.environment:checking '/home/rhobtor/PHD/ARGOSJ8_IA/ARGOSJ8_IA_/install/argj801_sensors/lib/python3.10/site-packages'
[3.269s] Level 1:colcon.colcon_core.environment:checking '/home/rhobtor/PHD/ARGOSJ8_IA/ARGOSJ8_IA_/install/argj801_sensors/bin'
[3.270s] INFO:colcon.colcon_core.shell:Creating package script '/home/rhobtor/PHD/ARGOSJ8_IA/ARGOSJ8_IA_/install/argj801_sensors/share/argj801_sensors/package.ps1'
[3.270s] INFO:colcon.colcon_core.shell:Creating package descriptor '/home/rhobtor/PHD/ARGOSJ8_IA/ARGOSJ8_IA_/install/argj801_sensors/share/argj801_sensors/package.dsv'
[3.270s] INFO:colcon.colcon_core.shell:Creating package script '/home/rhobtor/PHD/ARGOSJ8_IA/ARGOSJ8_IA_/install/argj801_sensors/share/argj801_sensors/package.sh'
[3.270s] INFO:colcon.colcon_core.shell:Creating package script '/home/rhobtor/PHD/ARGOSJ8_IA/ARGOSJ8_IA_/install/argj801_sensors/share/argj801_sensors/package.bash'
[3.294s] INFO:colcon.colcon_core.shell:Creating package script '/home/rhobtor/PHD/ARGOSJ8_IA/ARGOSJ8_IA_/install/argj801_sensors/share/argj801_sensors/package.zsh'
[3.295s] Level 1:colcon.colcon_core.environment:create_file_with_runtime_dependencies(/home/rhobtor/PHD/ARGOSJ8_IA/ARGOSJ8_IA_/install/argj801_sensors/share/colcon-core/packages/argj801_sensors)
[3.296s] DEBUG:colcon.colcon_core.event_handler.log_command:Invoked command in '/home/rhobtor/PHD/ARGOSJ8_IA/ARGOSJ8_IA_/build/fixposition_driver_lib' returned '0': CMAKE_PREFIX_PATH=/home/rhobtor/PHD/ARGOSJ8_IA/ARGOSJ8_IA_/install/fixposition_gnss_tf:/home/rhobtor/PHD/ARGOSJ8_IA/ARGOSJ8_IA_/install/wiimote_msgs:/home/rhobtor/PHD/ARGOSJ8_IA/ARGOSJ8_IA_/install/ublox:/home/rhobtor/PHD/ARGOSJ8_IA/ARGOSJ8_IA_/install/ublox_gps:/home/rhobtor/PHD/ARGOSJ8_IA/ARGOSJ8_IA_/install/security_check:/home/rhobtor/PHD/ARGOSJ8_IA/ARGOSJ8_IA_/install/ctl_mission:/home/rhobtor/PHD/ARGOSJ8_IA/ARGOSJ8_IA_/install/ublox_msgs:/home/rhobtor/PHD/ARGOSJ8_IA/ARGOSJ8_IA_/install/ublox_serialization:/home/rhobtor/PHD/ARGOSJ8_IA/ARGOSJ8_IA_/install/spacenav:/home/rhobtor/PHD/ARGOSJ8_IA/ARGOSJ8_IA_/install/laser_segmentation:/home/rhobtor/PHD/ARGOSJ8_IA/ARGOSJ8_IA_/install/slg_msgs:/home/rhobtor/PHD/ARGOSJ8_IA/ARGOSJ8_IA_/install/security_check_interfaces:/home/rhobtor/PHD/ARGOSJ8_IA/ARGOSJ8_IA_/install/joy:/home/rhobtor/PHD/ARGOSJ8_IA/ARGOSJ8_IA_/install/sdl2_vendor:/home/rhobtor/PHD/ARGOSJ8_IA/ARGOSJ8_IA_/install/path_manager:/home/rhobtor/PHD/ARGOSJ8_IA/ARGOSJ8_IA_/install/path_manager_interfaces:/home/rhobtor/PHD/ARGOSJ8_IA/ARGOSJ8_IA_/install/joy_linux:/home/rhobtor/PHD/ARGOSJ8_IA/ARGOSJ8_IA_/install/j8_xacro_model:/home/rhobtor/PHD/ARGOSJ8_IA/ARGOSJ8_IA_/install/hector_gazebo_plugins:/home/rhobtor/PHD/ARGOSJ8_IA/ARGOSJ8_IA_/install/fixposition_sensor_pkg:/home/rhobtor/PHD/ARGOSJ8_IA/ARGOSJ8_IA_/install/fixposition_odometry_converter_ros2:/home/rhobtor/PHD/ARGOSJ8_IA/ARGOSJ8_IA_/install/fixposition_driver_ros2:/home/rhobtor/PHD/ARGOSJ8_IA/ARGOSJ8_IA_/install/fixposition_driver_lib:/home/rhobtor/PHD/ARGOSJ8_IA/ARGOSJ8_IA_/install/ctl_mission_interfaces:/home/rhobtor/PHD/ARGOSJ8_IA/ARGOSJ8_IA_/install/car_cpp:/home/rhobtor/PHD/ARGOSJ8_IA/ARGOSJ8_IA_/install/car_interfaces:/home/rhobtor/PHD/ARGOSJ8_IA/ARGOSJ8_IA_/install/argj801_setup:/home/rhobtor/PHD/ARGOSJ8_IA/ARGOSJ8_IA_/install/argj801_sensors:/home/rhobtor/PHD/ARGOSJ8_IA/ARGOSJ8_IA_/install/argj801_sensors_msgs:/home/rhobtor/PHD/ARGOSJ8_IA/ARGOSJ8_IA_/install/argj801_ctl_platform:/home/rhobtor/PHD/ARGOSJ8_IA/ARGOSJ8_IA_/install/argj801_ctl_platform_interfaces:/home/rhobtor/reactive/Reactive-Navegation/workspace_full_conected/install/octomap_mapping:/home/rhobtor/reactive/Reactive-Navegation/workspace_full_conected/install/octomap_server:/home/rhobtor/reactive/Reactive-Navegation/workspace_full_conected/install/octomap_rviz_plugins:/home/rhobtor/reactive/Reactive-Navegation/workspace_full_conected/install/hector_gazebo_plugins:/home/rhobtor/reactive/Reactive-Navegation/workspace_full_conected/install/car_cpp:/home/rhobtor/reactive/Reactive-Navegation/workspace_full_conected/install/car_interfaces:/home/rhobtor/PHD/ARGOSJ8_IA/ARGOSJ8_IA_/install/ntrip_client:/home/rhobtor/PHD/ARGOSJ8_IA/ARGOSJ8_IA_/install/j8_gui:/home/rhobtor/PHD/ARGOSJ8_IA/ARGOSJ8_IA_/install/car:/home/rhobtor/PHD/ARGOSJ8_IA/ARGOSJ8_IA_/install/android_ros2_server:/home/rhobtor/PHD/ARGOSJ8_IA/ARGOSJ8_IA_/install/GUI_pkg:/home/rhobtor/reactive/Reactive-Navegation/workspace_full_conected/install/car:/opt/ros/humble LD_LIBRARY_PATH=/home/rhobtor/PHD/ARGOSJ8_IA/ARGOSJ8_IA_/install/fixposition_gnss_tf/lib:/home/rhobtor/PHD/ARGOSJ8_IA/ARGOSJ8_IA_/install/wiimote_msgs/lib:/home/rhobtor/PHD/ARGOSJ8_IA/ARGOSJ8_IA_/install/ublox_gps/lib:/home/rhobtor/PHD/ARGOSJ8_IA/ARGOSJ8_IA_/install/ublox_msgs/lib:/home/rhobtor/PHD/ARGOSJ8_IA/ARGOSJ8_IA_/install/spacenav/lib:/home/rhobtor/PHD/ARGOSJ8_IA/ARGOSJ8_IA_/install/laser_segmentation/lib:/home/rhobtor/PHD/ARGOSJ8_IA/ARGOSJ8_IA_/install/slg_msgs/lib:/home/rhobtor/PHD/ARGOSJ8_IA/ARGOSJ8_IA_/install/security_check_interfaces/lib:/home/rhobtor/PHD/ARGOSJ8_IA/ARGOSJ8_IA_/install/joy/lib:/home/rhobtor/PHD/ARGOSJ8_IA/ARGOSJ8_IA_/install/path_manager_interfaces/lib:/home/rhobtor/PHD/ARGOSJ8_IA/ARGOSJ8_IA_/install/j8_xacro_model/lib:/home/rhobtor/PHD/ARGOSJ8_IA/ARGOSJ8_IA_/install/hector_gazebo_plugins/lib:/home/rhobtor/PHD/ARGOSJ8_IA/ARGOSJ8_IA_/install/fixposition_sensor_pkg/lib:/home/rhobtor/PHD/ARGOSJ8_IA/ARGOSJ8_IA_/install/fixposition_odometry_converter_ros2/lib:/home/rhobtor/PHD/ARGOSJ8_IA/ARGOSJ8_IA_/install/fixposition_driver_ros2/lib:/home/rhobtor/PHD/ARGOSJ8_IA/ARGOSJ8_IA_/install/fixposition_driver_lib/lib:/home/rhobtor/PHD/ARGOSJ8_IA/ARGOSJ8_IA_/install/ctl_mission_interfaces/lib:/home/rhobtor/PHD/ARGOSJ8_IA/ARGOSJ8_IA_/install/car_cpp/lib:/home/rhobtor/PHD/ARGOSJ8_IA/ARGOSJ8_IA_/install/car_interfaces/lib:/home/rhobtor/PHD/ARGOSJ8_IA/ARGOSJ8_IA_/install/argj801_sensors_msgs/lib:/home/rhobtor/PHD/ARGOSJ8_IA/ARGOSJ8_IA_/install/argj801_ctl_platform_interfaces/lib:/home/rhobtor/reactive/Reactive-Navegation/workspace_full_conected/install/octomap_server/lib:/home/rhobtor/reactive/Reactive-Navegation/workspace_full_conected/install/octomap_rviz_plugins/lib:/home/rhobtor/reactive/Reactive-Navegation/workspace_full_conected/install/hector_gazebo_plugins/lib:/home/rhobtor/reactive/Reactive-Navegation/workspace_full_conected/install/car_cpp/lib:/home/rhobtor/reactive/Reactive-Navegation/workspace_full_conected/install/car_interfaces/lib:/usr/lib/x86_64-linux-gnu/gazebo-11/plugins:/opt/ros/humble/opt/rviz_ogre_vendor/lib:/opt/ros/humble/lib/x86_64-linux-gnu:/opt/ros/humble/lib PKG_CONFIG_PATH=/home/rhobtor/PHD/ARGOSJ8_IA/ARGOSJ8_IA_/install/fixposition_gnss_tf/lib/x86_64-linux-gnu/pkgconfig:/home/rhobtor/PHD/ARGOSJ8_IA/ARGOSJ8_IA_/install/fixposition_gnss_tf/lib/pkgconfig:/home/rhobtor/PHD/ARGOSJ8_IA/ARGOSJ8_IA_/install/fixposition_driver_lib/lib/x86_64-linux-gnu/pkgconfig:/home/rhobtor/PHD/ARGOSJ8_IA/ARGOSJ8_IA_/install/fixposition_driver_lib/lib/pkgconfig /usr/bin/cmake --install /home/rhobtor/PHD/ARGOSJ8_IA/ARGOSJ8_IA_/build/fixposition_driver_lib
[3.296s] Level 1:colcon.colcon_core.shell:create_environment_hook('fixposition_driver_lib', 'pkg_config_path')
[3.296s] INFO:colcon.colcon_core.shell:Creating environment hook '/home/rhobtor/PHD/ARGOSJ8_IA/ARGOSJ8_IA_/install/fixposition_driver_lib/share/fixposition_driver_lib/hook/pkg_config_path.ps1'
[3.297s] INFO:colcon.colcon_core.shell:Creating environment descriptor '/home/rhobtor/PHD/ARGOSJ8_IA/ARGOSJ8_IA_/install/fixposition_driver_lib/share/fixposition_driver_lib/hook/pkg_config_path.dsv'
[3.297s] INFO:colcon.colcon_core.shell:Creating environment hook '/home/rhobtor/PHD/ARGOSJ8_IA/ARGOSJ8_IA_/install/fixposition_driver_lib/share/fixposition_driver_lib/hook/pkg_config_path.sh'
[3.297s] Level 1:colcon.colcon_core.shell:create_environment_hook('fixposition_driver_lib', 'pkg_config_path_multiarch')
[3.298s] INFO:colcon.colcon_core.shell:Creating environment hook '/home/rhobtor/PHD/ARGOSJ8_IA/ARGOSJ8_IA_/install/fixposition_driver_lib/share/fixposition_driver_lib/hook/pkg_config_path_multiarch.ps1'
[3.301s] INFO:colcon.colcon_core.shell:Creating environment descriptor '/home/rhobtor/PHD/ARGOSJ8_IA/ARGOSJ8_IA_/install/fixposition_driver_lib/share/fixposition_driver_lib/hook/pkg_config_path_multiarch.dsv'
[3.301s] INFO:colcon.colcon_core.shell:Creating environment hook '/home/rhobtor/PHD/ARGOSJ8_IA/ARGOSJ8_IA_/install/fixposition_driver_lib/share/fixposition_driver_lib/hook/pkg_config_path_multiarch.sh'
[3.301s] Level 1:colcon.colcon_core.environment:create_environment_scripts_only(fixposition_driver_lib)
[3.301s] Level 1:colcon.colcon_core.environment:checking '/home/rhobtor/PHD/ARGOSJ8_IA/ARGOSJ8_IA_/install/fixposition_driver_lib' for CMake module files
[3.302s] Level 1:colcon.colcon_core.environment:checking '/home/rhobtor/PHD/ARGOSJ8_IA/ARGOSJ8_IA_/install/fixposition_driver_lib' for CMake config files
[3.302s] Level 1:colcon.colcon_core.shell:create_environment_hook('fixposition_driver_lib', 'cmake_prefix_path')
[3.302s] INFO:colcon.colcon_core.shell:Creating environment hook '/home/rhobtor/PHD/ARGOSJ8_IA/ARGOSJ8_IA_/install/fixposition_driver_lib/share/fixposition_driver_lib/hook/cmake_prefix_path.ps1'
[3.302s] INFO:colcon.colcon_core.shell:Creating environment descriptor '/home/rhobtor/PHD/ARGOSJ8_IA/ARGOSJ8_IA_/install/fixposition_driver_lib/share/fixposition_driver_lib/hook/cmake_prefix_path.dsv'
[3.302s] INFO:colcon.colcon_core.shell:Creating environment hook '/home/rhobtor/PHD/ARGOSJ8_IA/ARGOSJ8_IA_/install/fixposition_driver_lib/share/fixposition_driver_lib/hook/cmake_prefix_path.sh'
[3.303s] Level 1:colcon.colcon_core.environment:checking '/home/rhobtor/PHD/ARGOSJ8_IA/ARGOSJ8_IA_/install/fixposition_driver_lib/lib'
[3.303s] Level 1:colcon.colcon_core.shell:create_environment_hook('fixposition_driver_lib', 'ld_library_path_lib')
[3.303s] INFO:colcon.colcon_core.shell:Creating environment hook '/home/rhobtor/PHD/ARGOSJ8_IA/ARGOSJ8_IA_/install/fixposition_driver_lib/share/fixposition_driver_lib/hook/ld_library_path_lib.ps1'
[3.303s] INFO:colcon.colcon_core.shell:Creating environment descriptor '/home/rhobtor/PHD/ARGOSJ8_IA/ARGOSJ8_IA_/install/fixposition_driver_lib/share/fixposition_driver_lib/hook/ld_library_path_lib.dsv'
[3.303s] INFO:colcon.colcon_core.shell:Creating environment hook '/home/rhobtor/PHD/ARGOSJ8_IA/ARGOSJ8_IA_/install/fixposition_driver_lib/share/fixposition_driver_lib/hook/ld_library_path_lib.sh'
[3.303s] Level 1:colcon.colcon_core.environment:checking '/home/rhobtor/PHD/ARGOSJ8_IA/ARGOSJ8_IA_/install/fixposition_driver_lib/bin'
[3.303s] Level 1:colcon.colcon_core.environment:checking '/home/rhobtor/PHD/ARGOSJ8_IA/ARGOSJ8_IA_/install/fixposition_driver_lib/lib/pkgconfig/fixposition_driver_lib.pc'
[3.304s] Level 1:colcon.colcon_core.environment:checking '/home/rhobtor/PHD/ARGOSJ8_IA/ARGOSJ8_IA_/install/fixposition_driver_lib/lib/python3.10/site-packages'
[3.304s] Level 1:colcon.colcon_core.environment:checking '/home/rhobtor/PHD/ARGOSJ8_IA/ARGOSJ8_IA_/install/fixposition_driver_lib/bin'
[3.304s] INFO:colcon.colcon_core.shell:Creating package script '/home/rhobtor/PHD/ARGOSJ8_IA/ARGOSJ8_IA_/install/fixposition_driver_lib/share/fixposition_driver_lib/package.ps1'
[3.304s] INFO:colcon.colcon_core.shell:Creating package descriptor '/home/rhobtor/PHD/ARGOSJ8_IA/ARGOSJ8_IA_/install/fixposition_driver_lib/share/fixposition_driver_lib/package.dsv'
[3.305s] INFO:colcon.colcon_core.shell:Creating package script '/home/rhobtor/PHD/ARGOSJ8_IA/ARGOSJ8_IA_/install/fixposition_driver_lib/share/fixposition_driver_lib/package.sh'
[3.339s] INFO:colcon.colcon_core.shell:Creating package script '/home/rhobtor/PHD/ARGOSJ8_IA/ARGOSJ8_IA_/install/fixposition_driver_lib/share/fixposition_driver_lib/package.bash'
[3.340s] INFO:colcon.colcon_core.shell:Creating package script '/home/rhobtor/PHD/ARGOSJ8_IA/ARGOSJ8_IA_/install/fixposition_driver_lib/share/fixposition_driver_lib/package.zsh'
[3.340s] Level 1:colcon.colcon_core.environment:create_file_with_runtime_dependencies(/home/rhobtor/PHD/ARGOSJ8_IA/ARGOSJ8_IA_/install/fixposition_driver_lib/share/colcon-core/packages/fixposition_driver_lib)
[3.341s] INFO:colcon.colcon_ros.task.ament_cmake.build:Building ROS package in '/home/rhobtor/PHD/ARGOSJ8_IA/ARGOSJ8_IA_/src/argo_drivers_pkgs/Fixposition_driver_pkg/fixposition_driver-main/fixposition_driver_ros2' with build type 'ament_cmake'
[3.341s] INFO:colcon.colcon_cmake.task.cmake.build:Building CMake package in '/home/rhobtor/PHD/ARGOSJ8_IA/ARGOSJ8_IA_/src/argo_drivers_pkgs/Fixposition_driver_pkg/fixposition_driver-main/fixposition_driver_ros2'
[3.341s] INFO:colcon.colcon_core.shell:Skip shell extension 'powershell' for command environment: Not usable outside of PowerShell
[3.341s] DEBUG:colcon.colcon_core.shell:Skip shell extension 'dsv' for command environment
[3.347s] INFO:colcon.colcon_ros.task.ament_cmake.build:Building ROS package in '/home/rhobtor/PHD/ARGOSJ8_IA/ARGOSJ8_IA_/src/gazebo_sim_pkgs/j8_xacro_model' with build type 'ament_cmake'
[3.347s] INFO:colcon.colcon_cmake.task.cmake.build:Building CMake package in '/home/rhobtor/PHD/ARGOSJ8_IA/ARGOSJ8_IA_/src/gazebo_sim_pkgs/j8_xacro_model'
[3.347s] INFO:colcon.colcon_core.shell:Skip shell extension 'powershell' for command environment: Not usable outside of PowerShell
[3.347s] DEBUG:colcon.colcon_core.shell:Skip shell extension 'dsv' for command environment
[3.352s] DEBUG:colcon.colcon_core.event_handler.log_command:Invoked command in '/home/rhobtor/PHD/ARGOSJ8_IA/ARGOSJ8_IA_/build/path_manager' returned '0': CMAKE_PREFIX_PATH=/home/rhobtor/PHD/ARGOSJ8_IA/ARGOSJ8_IA_/install/path_manager_interfaces:/home/rhobtor/PHD/ARGOSJ8_IA/ARGOSJ8_IA_/install/wiimote_msgs:/home/rhobtor/PHD/ARGOSJ8_IA/ARGOSJ8_IA_/install/ublox:/home/rhobtor/PHD/ARGOSJ8_IA/ARGOSJ8_IA_/install/ublox_gps:/home/rhobtor/PHD/ARGOSJ8_IA/ARGOSJ8_IA_/install/security_check:/home/rhobtor/PHD/ARGOSJ8_IA/ARGOSJ8_IA_/install/ctl_mission:/home/rhobtor/PHD/ARGOSJ8_IA/ARGOSJ8_IA_/install/ublox_msgs:/home/rhobtor/PHD/ARGOSJ8_IA/ARGOSJ8_IA_/install/ublox_serialization:/home/rhobtor/PHD/ARGOSJ8_IA/ARGOSJ8_IA_/install/spacenav:/home/rhobtor/PHD/ARGOSJ8_IA/ARGOSJ8_IA_/install/laser_segmentation:/home/rhobtor/PHD/ARGOSJ8_IA/ARGOSJ8_IA_/install/slg_msgs:/home/rhobtor/PHD/ARGOSJ8_IA/ARGOSJ8_IA_/install/security_check_interfaces:/home/rhobtor/PHD/ARGOSJ8_IA/ARGOSJ8_IA_/install/joy:/home/rhobtor/PHD/ARGOSJ8_IA/ARGOSJ8_IA_/install/sdl2_vendor:/home/rhobtor/PHD/ARGOSJ8_IA/ARGOSJ8_IA_/install/path_manager:/home/rhobtor/PHD/ARGOSJ8_IA/ARGOSJ8_IA_/install/joy_linux:/home/rhobtor/PHD/ARGOSJ8_IA/ARGOSJ8_IA_/install/j8_xacro_model:/home/rhobtor/PHD/ARGOSJ8_IA/ARGOSJ8_IA_/install/hector_gazebo_plugins:/home/rhobtor/PHD/ARGOSJ8_IA/ARGOSJ8_IA_/install/fixposition_sensor_pkg:/home/rhobtor/PHD/ARGOSJ8_IA/ARGOSJ8_IA_/install/fixposition_odometry_converter_ros2:/home/rhobtor/PHD/ARGOSJ8_IA/ARGOSJ8_IA_/install/fixposition_driver_ros2:/home/rhobtor/PHD/ARGOSJ8_IA/ARGOSJ8_IA_/install/fixposition_driver_lib:/home/rhobtor/PHD/ARGOSJ8_IA/ARGOSJ8_IA_/install/fixposition_gnss_tf:/home/rhobtor/PHD/ARGOSJ8_IA/ARGOSJ8_IA_/install/ctl_mission_interfaces:/home/rhobtor/PHD/ARGOSJ8_IA/ARGOSJ8_IA_/install/car_cpp:/home/rhobtor/PHD/ARGOSJ8_IA/ARGOSJ8_IA_/install/car_interfaces:/home/rhobtor/PHD/ARGOSJ8_IA/ARGOSJ8_IA_/install/argj801_setup:/home/rhobtor/PHD/ARGOSJ8_IA/ARGOSJ8_IA_/install/argj801_sensors:/home/rhobtor/PHD/ARGOSJ8_IA/ARGOSJ8_IA_/install/argj801_sensors_msgs:/home/rhobtor/PHD/ARGOSJ8_IA/ARGOSJ8_IA_/install/argj801_ctl_platform:/home/rhobtor/PHD/ARGOSJ8_IA/ARGOSJ8_IA_/install/argj801_ctl_platform_interfaces:/home/rhobtor/reactive/Reactive-Navegation/workspace_full_conected/install/octomap_mapping:/home/rhobtor/reactive/Reactive-Navegation/workspace_full_conected/install/octomap_server:/home/rhobtor/reactive/Reactive-Navegation/workspace_full_conected/install/octomap_rviz_plugins:/home/rhobtor/reactive/Reactive-Navegation/workspace_full_conected/install/hector_gazebo_plugins:/home/rhobtor/reactive/Reactive-Navegation/workspace_full_conected/install/car_cpp:/home/rhobtor/reactive/Reactive-Navegation/workspace_full_conected/install/car_interfaces:/home/rhobtor/PHD/ARGOSJ8_IA/ARGOSJ8_IA_/install/ntrip_client:/home/rhobtor/PHD/ARGOSJ8_IA/ARGOSJ8_IA_/install/j8_gui:/home/rhobtor/PHD/ARGOSJ8_IA/ARGOSJ8_IA_/install/car:/home/rhobtor/PHD/ARGOSJ8_IA/ARGOSJ8_IA_/install/android_ros2_server:/home/rhobtor/PHD/ARGOSJ8_IA/ARGOSJ8_IA_/install/GUI_pkg:/home/rhobtor/reactive/Reactive-Navegation/workspace_full_conected/install/car:/opt/ros/humble LD_LIBRARY_PATH=/home/rhobtor/PHD/ARGOSJ8_IA/ARGOSJ8_IA_/install/path_manager_interfaces/lib:/home/rhobtor/PHD/ARGOSJ8_IA/ARGOSJ8_IA_/install/wiimote_msgs/lib:/home/rhobtor/PHD/ARGOSJ8_IA/ARGOSJ8_IA_/install/ublox_gps/lib:/home/rhobtor/PHD/ARGOSJ8_IA/ARGOSJ8_IA_/install/ublox_msgs/lib:/home/rhobtor/PHD/ARGOSJ8_IA/ARGOSJ8_IA_/install/spacenav/lib:/home/rhobtor/PHD/ARGOSJ8_IA/ARGOSJ8_IA_/install/laser_segmentation/lib:/home/rhobtor/PHD/ARGOSJ8_IA/ARGOSJ8_IA_/install/slg_msgs/lib:/home/rhobtor/PHD/ARGOSJ8_IA/ARGOSJ8_IA_/install/security_check_interfaces/lib:/home/rhobtor/PHD/ARGOSJ8_IA/ARGOSJ8_IA_/install/joy/lib:/home/rhobtor/PHD/ARGOSJ8_IA/ARGOSJ8_IA_/install/j8_xacro_model/lib:/home/rhobtor/PHD/ARGOSJ8_IA/ARGOSJ8_IA_/install/hector_gazebo_plugins/lib:/home/rhobtor/PHD/ARGOSJ8_IA/ARGOSJ8_IA_/install/fixposition_sensor_pkg/lib:/home/rhobtor/PHD/ARGOSJ8_IA/ARGOSJ8_IA_/install/fixposition_odometry_converter_ros2/lib:/home/rhobtor/PHD/ARGOSJ8_IA/ARGOSJ8_IA_/install/fixposition_driver_ros2/lib:/home/rhobtor/PHD/ARGOSJ8_IA/ARGOSJ8_IA_/install/fixposition_driver_lib/lib:/home/rhobtor/PHD/ARGOSJ8_IA/ARGOSJ8_IA_/install/fixposition_gnss_tf/lib:/home/rhobtor/PHD/ARGOSJ8_IA/ARGOSJ8_IA_/install/ctl_mission_interfaces/lib:/home/rhobtor/PHD/ARGOSJ8_IA/ARGOSJ8_IA_/install/car_cpp/lib:/home/rhobtor/PHD/ARGOSJ8_IA/ARGOSJ8_IA_/install/car_interfaces/lib:/home/rhobtor/PHD/ARGOSJ8_IA/ARGOSJ8_IA_/install/argj801_sensors_msgs/lib:/home/rhobtor/PHD/ARGOSJ8_IA/ARGOSJ8_IA_/install/argj801_ctl_platform_interfaces/lib:/home/rhobtor/reactive/Reactive-Navegation/workspace_full_conected/install/octomap_server/lib:/home/rhobtor/reactive/Reactive-Navegation/workspace_full_conected/install/octomap_rviz_plugins/lib:/home/rhobtor/reactive/Reactive-Navegation/workspace_full_conected/install/hector_gazebo_plugins/lib:/home/rhobtor/reactive/Reactive-Navegation/workspace_full_conected/install/car_cpp/lib:/home/rhobtor/reactive/Reactive-Navegation/workspace_full_conected/install/car_interfaces/lib:/usr/lib/x86_64-linux-gnu/gazebo-11/plugins:/opt/ros/humble/opt/rviz_ogre_vendor/lib:/opt/ros/humble/lib/x86_64-linux-gnu:/opt/ros/humble/lib /usr/bin/cmake --build /home/rhobtor/PHD/ARGOSJ8_IA/ARGOSJ8_IA_/build/path_manager -- -j20 -l20
[3.354s] DEBUG:colcon.colcon_core.event_handler.log_command:Invoking command in '/home/rhobtor/PHD/ARGOSJ8_IA/ARGOSJ8_IA_/build/path_manager': CMAKE_PREFIX_PATH=/home/rhobtor/PHD/ARGOSJ8_IA/ARGOSJ8_IA_/install/path_manager_interfaces:/home/rhobtor/PHD/ARGOSJ8_IA/ARGOSJ8_IA_/install/wiimote_msgs:/home/rhobtor/PHD/ARGOSJ8_IA/ARGOSJ8_IA_/install/ublox:/home/rhobtor/PHD/ARGOSJ8_IA/ARGOSJ8_IA_/install/ublox_gps:/home/rhobtor/PHD/ARGOSJ8_IA/ARGOSJ8_IA_/install/security_check:/home/rhobtor/PHD/ARGOSJ8_IA/ARGOSJ8_IA_/install/ctl_mission:/home/rhobtor/PHD/ARGOSJ8_IA/ARGOSJ8_IA_/install/ublox_msgs:/home/rhobtor/PHD/ARGOSJ8_IA/ARGOSJ8_IA_/install/ublox_serialization:/home/rhobtor/PHD/ARGOSJ8_IA/ARGOSJ8_IA_/install/spacenav:/home/rhobtor/PHD/ARGOSJ8_IA/ARGOSJ8_IA_/install/laser_segmentation:/home/rhobtor/PHD/ARGOSJ8_IA/ARGOSJ8_IA_/install/slg_msgs:/home/rhobtor/PHD/ARGOSJ8_IA/ARGOSJ8_IA_/install/security_check_interfaces:/home/rhobtor/PHD/ARGOSJ8_IA/ARGOSJ8_IA_/install/joy:/home/rhobtor/PHD/ARGOSJ8_IA/ARGOSJ8_IA_/install/sdl2_vendor:/home/rhobtor/PHD/ARGOSJ8_IA/ARGOSJ8_IA_/install/path_manager:/home/rhobtor/PHD/ARGOSJ8_IA/ARGOSJ8_IA_/install/joy_linux:/home/rhobtor/PHD/ARGOSJ8_IA/ARGOSJ8_IA_/install/j8_xacro_model:/home/rhobtor/PHD/ARGOSJ8_IA/ARGOSJ8_IA_/install/hector_gazebo_plugins:/home/rhobtor/PHD/ARGOSJ8_IA/ARGOSJ8_IA_/install/fixposition_sensor_pkg:/home/rhobtor/PHD/ARGOSJ8_IA/ARGOSJ8_IA_/install/fixposition_odometry_converter_ros2:/home/rhobtor/PHD/ARGOSJ8_IA/ARGOSJ8_IA_/install/fixposition_driver_ros2:/home/rhobtor/PHD/ARGOSJ8_IA/ARGOSJ8_IA_/install/fixposition_driver_lib:/home/rhobtor/PHD/ARGOSJ8_IA/ARGOSJ8_IA_/install/fixposition_gnss_tf:/home/rhobtor/PHD/ARGOSJ8_IA/ARGOSJ8_IA_/install/ctl_mission_interfaces:/home/rhobtor/PHD/ARGOSJ8_IA/ARGOSJ8_IA_/install/car_cpp:/home/rhobtor/PHD/ARGOSJ8_IA/ARGOSJ8_IA_/install/car_interfaces:/home/rhobtor/PHD/ARGOSJ8_IA/ARGOSJ8_IA_/install/argj801_setup:/home/rhobtor/PHD/ARGOSJ8_IA/ARGOSJ8_IA_/install/argj801_sensors:/home/rhobtor/PHD/ARGOSJ8_IA/ARGOSJ8_IA_/install/argj801_sensors_msgs:/home/rhobtor/PHD/ARGOSJ8_IA/ARGOSJ8_IA_/install/argj801_ctl_platform:/home/rhobtor/PHD/ARGOSJ8_IA/ARGOSJ8_IA_/install/argj801_ctl_platform_interfaces:/home/rhobtor/reactive/Reactive-Navegation/workspace_full_conected/install/octomap_mapping:/home/rhobtor/reactive/Reactive-Navegation/workspace_full_conected/install/octomap_server:/home/rhobtor/reactive/Reactive-Navegation/workspace_full_conected/install/octomap_rviz_plugins:/home/rhobtor/reactive/Reactive-Navegation/workspace_full_conected/install/hector_gazebo_plugins:/home/rhobtor/reactive/Reactive-Navegation/workspace_full_conected/install/car_cpp:/home/rhobtor/reactive/Reactive-Navegation/workspace_full_conected/install/car_interfaces:/home/rhobtor/PHD/ARGOSJ8_IA/ARGOSJ8_IA_/install/ntrip_client:/home/rhobtor/PHD/ARGOSJ8_IA/ARGOSJ8_IA_/install/j8_gui:/home/rhobtor/PHD/ARGOSJ8_IA/ARGOSJ8_IA_/install/car:/home/rhobtor/PHD/ARGOSJ8_IA/ARGOSJ8_IA_/install/android_ros2_server:/home/rhobtor/PHD/ARGOSJ8_IA/ARGOSJ8_IA_/install/GUI_pkg:/home/rhobtor/reactive/Reactive-Navegation/workspace_full_conected/install/car:/opt/ros/humble LD_LIBRARY_PATH=/home/rhobtor/PHD/ARGOSJ8_IA/ARGOSJ8_IA_/install/path_manager_interfaces/lib:/home/rhobtor/PHD/ARGOSJ8_IA/ARGOSJ8_IA_/install/wiimote_msgs/lib:/home/rhobtor/PHD/ARGOSJ8_IA/ARGOSJ8_IA_/install/ublox_gps/lib:/home/rhobtor/PHD/ARGOSJ8_IA/ARGOSJ8_IA_/install/ublox_msgs/lib:/home/rhobtor/PHD/ARGOSJ8_IA/ARGOSJ8_IA_/install/spacenav/lib:/home/rhobtor/PHD/ARGOSJ8_IA/ARGOSJ8_IA_/install/laser_segmentation/lib:/home/rhobtor/PHD/ARGOSJ8_IA/ARGOSJ8_IA_/install/slg_msgs/lib:/home/rhobtor/PHD/ARGOSJ8_IA/ARGOSJ8_IA_/install/security_check_interfaces/lib:/home/rhobtor/PHD/ARGOSJ8_IA/ARGOSJ8_IA_/install/joy/lib:/home/rhobtor/PHD/ARGOSJ8_IA/ARGOSJ8_IA_/install/j8_xacro_model/lib:/home/rhobtor/PHD/ARGOSJ8_IA/ARGOSJ8_IA_/install/hector_gazebo_plugins/lib:/home/rhobtor/PHD/ARGOSJ8_IA/ARGOSJ8_IA_/install/fixposition_sensor_pkg/lib:/home/rhobtor/PHD/ARGOSJ8_IA/ARGOSJ8_IA_/install/fixposition_odometry_converter_ros2/lib:/home/rhobtor/PHD/ARGOSJ8_IA/ARGOSJ8_IA_/install/fixposition_driver_ros2/lib:/home/rhobtor/PHD/ARGOSJ8_IA/ARGOSJ8_IA_/install/fixposition_driver_lib/lib:/home/rhobtor/PHD/ARGOSJ8_IA/ARGOSJ8_IA_/install/fixposition_gnss_tf/lib:/home/rhobtor/PHD/ARGOSJ8_IA/ARGOSJ8_IA_/install/ctl_mission_interfaces/lib:/home/rhobtor/PHD/ARGOSJ8_IA/ARGOSJ8_IA_/install/car_cpp/lib:/home/rhobtor/PHD/ARGOSJ8_IA/ARGOSJ8_IA_/install/car_interfaces/lib:/home/rhobtor/PHD/ARGOSJ8_IA/ARGOSJ8_IA_/install/argj801_sensors_msgs/lib:/home/rhobtor/PHD/ARGOSJ8_IA/ARGOSJ8_IA_/install/argj801_ctl_platform_interfaces/lib:/home/rhobtor/reactive/Reactive-Navegation/workspace_full_conected/install/octomap_server/lib:/home/rhobtor/reactive/Reactive-Navegation/workspace_full_conected/install/octomap_rviz_plugins/lib:/home/rhobtor/reactive/Reactive-Navegation/workspace_full_conected/install/hector_gazebo_plugins/lib:/home/rhobtor/reactive/Reactive-Navegation/workspace_full_conected/install/car_cpp/lib:/home/rhobtor/reactive/Reactive-Navegation/workspace_full_conected/install/car_interfaces/lib:/usr/lib/x86_64-linux-gnu/gazebo-11/plugins:/opt/ros/humble/opt/rviz_ogre_vendor/lib:/opt/ros/humble/lib/x86_64-linux-gnu:/opt/ros/humble/lib /usr/bin/cmake --install /home/rhobtor/PHD/ARGOSJ8_IA/ARGOSJ8_IA_/build/path_manager
[3.354s] DEBUG:colcon.colcon_core.event_handler.log_command:Invoked command in '/home/rhobtor/PHD/ARGOSJ8_IA/ARGOSJ8_IA_/build/car_cpp' returned '0': CMAKE_PREFIX_PATH=/home/rhobtor/PHD/ARGOSJ8_IA/ARGOSJ8_IA_/install/car_interfaces:/home/rhobtor/PHD/ARGOSJ8_IA/ARGOSJ8_IA_/install/wiimote_msgs:/home/rhobtor/PHD/ARGOSJ8_IA/ARGOSJ8_IA_/install/ublox:/home/rhobtor/PHD/ARGOSJ8_IA/ARGOSJ8_IA_/install/ublox_gps:/home/rhobtor/PHD/ARGOSJ8_IA/ARGOSJ8_IA_/install/security_check:/home/rhobtor/PHD/ARGOSJ8_IA/ARGOSJ8_IA_/install/ctl_mission:/home/rhobtor/PHD/ARGOSJ8_IA/ARGOSJ8_IA_/install/ublox_msgs:/home/rhobtor/PHD/ARGOSJ8_IA/ARGOSJ8_IA_/install/ublox_serialization:/home/rhobtor/PHD/ARGOSJ8_IA/ARGOSJ8_IA_/install/spacenav:/home/rhobtor/PHD/ARGOSJ8_IA/ARGOSJ8_IA_/install/laser_segmentation:/home/rhobtor/PHD/ARGOSJ8_IA/ARGOSJ8_IA_/install/slg_msgs:/home/rhobtor/PHD/ARGOSJ8_IA/ARGOSJ8_IA_/install/security_check_interfaces:/home/rhobtor/PHD/ARGOSJ8_IA/ARGOSJ8_IA_/install/joy:/home/rhobtor/PHD/ARGOSJ8_IA/ARGOSJ8_IA_/install/sdl2_vendor:/home/rhobtor/PHD/ARGOSJ8_IA/ARGOSJ8_IA_/install/path_manager:/home/rhobtor/PHD/ARGOSJ8_IA/ARGOSJ8_IA_/install/path_manager_interfaces:/home/rhobtor/PHD/ARGOSJ8_IA/ARGOSJ8_IA_/install/joy_linux:/home/rhobtor/PHD/ARGOSJ8_IA/ARGOSJ8_IA_/install/j8_xacro_model:/home/rhobtor/PHD/ARGOSJ8_IA/ARGOSJ8_IA_/install/hector_gazebo_plugins:/home/rhobtor/PHD/ARGOSJ8_IA/ARGOSJ8_IA_/install/fixposition_sensor_pkg:/home/rhobtor/PHD/ARGOSJ8_IA/ARGOSJ8_IA_/install/fixposition_odometry_converter_ros2:/home/rhobtor/PHD/ARGOSJ8_IA/ARGOSJ8_IA_/install/fixposition_driver_ros2:/home/rhobtor/PHD/ARGOSJ8_IA/ARGOSJ8_IA_/install/fixposition_driver_lib:/home/rhobtor/PHD/ARGOSJ8_IA/ARGOSJ8_IA_/install/fixposition_gnss_tf:/home/rhobtor/PHD/ARGOSJ8_IA/ARGOSJ8_IA_/install/ctl_mission_interfaces:/home/rhobtor/PHD/ARGOSJ8_IA/ARGOSJ8_IA_/install/car_cpp:/home/rhobtor/PHD/ARGOSJ8_IA/ARGOSJ8_IA_/install/argj801_setup:/home/rhobtor/PHD/ARGOSJ8_IA/ARGOSJ8_IA_/install/argj801_sensors:/home/rhobtor/PHD/ARGOSJ8_IA/ARGOSJ8_IA_/install/argj801_sensors_msgs:/home/rhobtor/PHD/ARGOSJ8_IA/ARGOSJ8_IA_/install/argj801_ctl_platform:/home/rhobtor/PHD/ARGOSJ8_IA/ARGOSJ8_IA_/install/argj801_ctl_platform_interfaces:/home/rhobtor/reactive/Reactive-Navegation/workspace_full_conected/install/octomap_mapping:/home/rhobtor/reactive/Reactive-Navegation/workspace_full_conected/install/octomap_server:/home/rhobtor/reactive/Reactive-Navegation/workspace_full_conected/install/octomap_rviz_plugins:/home/rhobtor/reactive/Reactive-Navegation/workspace_full_conected/install/hector_gazebo_plugins:/home/rhobtor/reactive/Reactive-Navegation/workspace_full_conected/install/car_cpp:/home/rhobtor/reactive/Reactive-Navegation/workspace_full_conected/install/car_interfaces:/home/rhobtor/PHD/ARGOSJ8_IA/ARGOSJ8_IA_/install/ntrip_client:/home/rhobtor/PHD/ARGOSJ8_IA/ARGOSJ8_IA_/install/j8_gui:/home/rhobtor/PHD/ARGOSJ8_IA/ARGOSJ8_IA_/install/car:/home/rhobtor/PHD/ARGOSJ8_IA/ARGOSJ8_IA_/install/android_ros2_server:/home/rhobtor/PHD/ARGOSJ8_IA/ARGOSJ8_IA_/install/GUI_pkg:/home/rhobtor/reactive/Reactive-Navegation/workspace_full_conected/install/car:/opt/ros/humble LD_LIBRARY_PATH=/home/rhobtor/PHD/ARGOSJ8_IA/ARGOSJ8_IA_/install/car_interfaces/lib:/home/rhobtor/PHD/ARGOSJ8_IA/ARGOSJ8_IA_/install/wiimote_msgs/lib:/home/rhobtor/PHD/ARGOSJ8_IA/ARGOSJ8_IA_/install/ublox_gps/lib:/home/rhobtor/PHD/ARGOSJ8_IA/ARGOSJ8_IA_/install/ublox_msgs/lib:/home/rhobtor/PHD/ARGOSJ8_IA/ARGOSJ8_IA_/install/spacenav/lib:/home/rhobtor/PHD/ARGOSJ8_IA/ARGOSJ8_IA_/install/laser_segmentation/lib:/home/rhobtor/PHD/ARGOSJ8_IA/ARGOSJ8_IA_/install/slg_msgs/lib:/home/rhobtor/PHD/ARGOSJ8_IA/ARGOSJ8_IA_/install/security_check_interfaces/lib:/home/rhobtor/PHD/ARGOSJ8_IA/ARGOSJ8_IA_/install/joy/lib:/home/rhobtor/PHD/ARGOSJ8_IA/ARGOSJ8_IA_/install/path_manager_interfaces/lib:/home/rhobtor/PHD/ARGOSJ8_IA/ARGOSJ8_IA_/install/j8_xacro_model/lib:/home/rhobtor/PHD/ARGOSJ8_IA/ARGOSJ8_IA_/install/hector_gazebo_plugins/lib:/home/rhobtor/PHD/ARGOSJ8_IA/ARGOSJ8_IA_/install/fixposition_sensor_pkg/lib:/home/rhobtor/PHD/ARGOSJ8_IA/ARGOSJ8_IA_/install/fixposition_odometry_converter_ros2/lib:/home/rhobtor/PHD/ARGOSJ8_IA/ARGOSJ8_IA_/install/fixposition_driver_ros2/lib:/home/rhobtor/PHD/ARGOSJ8_IA/ARGOSJ8_IA_/install/fixposition_driver_lib/lib:/home/rhobtor/PHD/ARGOSJ8_IA/ARGOSJ8_IA_/install/fixposition_gnss_tf/lib:/home/rhobtor/PHD/ARGOSJ8_IA/ARGOSJ8_IA_/install/ctl_mission_interfaces/lib:/home/rhobtor/PHD/ARGOSJ8_IA/ARGOSJ8_IA_/install/car_cpp/lib:/home/rhobtor/PHD/ARGOSJ8_IA/ARGOSJ8_IA_/install/argj801_sensors_msgs/lib:/home/rhobtor/PHD/ARGOSJ8_IA/ARGOSJ8_IA_/install/argj801_ctl_platform_interfaces/lib:/home/rhobtor/reactive/Reactive-Navegation/workspace_full_conected/install/octomap_server/lib:/home/rhobtor/reactive/Reactive-Navegation/workspace_full_conected/install/octomap_rviz_plugins/lib:/home/rhobtor/reactive/Reactive-Navegation/workspace_full_conected/install/hector_gazebo_plugins/lib:/home/rhobtor/reactive/Reactive-Navegation/workspace_full_conected/install/car_cpp/lib:/home/rhobtor/reactive/Reactive-Navegation/workspace_full_conected/install/car_interfaces/lib:/usr/lib/x86_64-linux-gnu/gazebo-11/plugins:/opt/ros/humble/opt/rviz_ogre_vendor/lib:/opt/ros/humble/lib/x86_64-linux-gnu:/opt/ros/humble/lib /usr/bin/cmake --build /home/rhobtor/PHD/ARGOSJ8_IA/ARGOSJ8_IA_/build/car_cpp -- -j20 -l20
[3.355s] DEBUG:colcon.colcon_core.event_handler.log_command:Invoking command in '/home/rhobtor/PHD/ARGOSJ8_IA/ARGOSJ8_IA_/build/car_cpp': CMAKE_PREFIX_PATH=/home/rhobtor/PHD/ARGOSJ8_IA/ARGOSJ8_IA_/install/car_interfaces:/home/rhobtor/PHD/ARGOSJ8_IA/ARGOSJ8_IA_/install/wiimote_msgs:/home/rhobtor/PHD/ARGOSJ8_IA/ARGOSJ8_IA_/install/ublox:/home/rhobtor/PHD/ARGOSJ8_IA/ARGOSJ8_IA_/install/ublox_gps:/home/rhobtor/PHD/ARGOSJ8_IA/ARGOSJ8_IA_/install/security_check:/home/rhobtor/PHD/ARGOSJ8_IA/ARGOSJ8_IA_/install/ctl_mission:/home/rhobtor/PHD/ARGOSJ8_IA/ARGOSJ8_IA_/install/ublox_msgs:/home/rhobtor/PHD/ARGOSJ8_IA/ARGOSJ8_IA_/install/ublox_serialization:/home/rhobtor/PHD/ARGOSJ8_IA/ARGOSJ8_IA_/install/spacenav:/home/rhobtor/PHD/ARGOSJ8_IA/ARGOSJ8_IA_/install/laser_segmentation:/home/rhobtor/PHD/ARGOSJ8_IA/ARGOSJ8_IA_/install/slg_msgs:/home/rhobtor/PHD/ARGOSJ8_IA/ARGOSJ8_IA_/install/security_check_interfaces:/home/rhobtor/PHD/ARGOSJ8_IA/ARGOSJ8_IA_/install/joy:/home/rhobtor/PHD/ARGOSJ8_IA/ARGOSJ8_IA_/install/sdl2_vendor:/home/rhobtor/PHD/ARGOSJ8_IA/ARGOSJ8_IA_/install/path_manager:/home/rhobtor/PHD/ARGOSJ8_IA/ARGOSJ8_IA_/install/path_manager_interfaces:/home/rhobtor/PHD/ARGOSJ8_IA/ARGOSJ8_IA_/install/joy_linux:/home/rhobtor/PHD/ARGOSJ8_IA/ARGOSJ8_IA_/install/j8_xacro_model:/home/rhobtor/PHD/ARGOSJ8_IA/ARGOSJ8_IA_/install/hector_gazebo_plugins:/home/rhobtor/PHD/ARGOSJ8_IA/ARGOSJ8_IA_/install/fixposition_sensor_pkg:/home/rhobtor/PHD/ARGOSJ8_IA/ARGOSJ8_IA_/install/fixposition_odometry_converter_ros2:/home/rhobtor/PHD/ARGOSJ8_IA/ARGOSJ8_IA_/install/fixposition_driver_ros2:/home/rhobtor/PHD/ARGOSJ8_IA/ARGOSJ8_IA_/install/fixposition_driver_lib:/home/rhobtor/PHD/ARGOSJ8_IA/ARGOSJ8_IA_/install/fixposition_gnss_tf:/home/rhobtor/PHD/ARGOSJ8_IA/ARGOSJ8_IA_/install/ctl_mission_interfaces:/home/rhobtor/PHD/ARGOSJ8_IA/ARGOSJ8_IA_/install/car_cpp:/home/rhobtor/PHD/ARGOSJ8_IA/ARGOSJ8_IA_/install/argj801_setup:/home/rhobtor/PHD/ARGOSJ8_IA/ARGOSJ8_IA_/install/argj801_sensors:/home/rhobtor/PHD/ARGOSJ8_IA/ARGOSJ8_IA_/install/argj801_sensors_msgs:/home/rhobtor/PHD/ARGOSJ8_IA/ARGOSJ8_IA_/install/argj801_ctl_platform:/home/rhobtor/PHD/ARGOSJ8_IA/ARGOSJ8_IA_/install/argj801_ctl_platform_interfaces:/home/rhobtor/reactive/Reactive-Navegation/workspace_full_conected/install/octomap_mapping:/home/rhobtor/reactive/Reactive-Navegation/workspace_full_conected/install/octomap_server:/home/rhobtor/reactive/Reactive-Navegation/workspace_full_conected/install/octomap_rviz_plugins:/home/rhobtor/reactive/Reactive-Navegation/workspace_full_conected/install/hector_gazebo_plugins:/home/rhobtor/reactive/Reactive-Navegation/workspace_full_conected/install/car_cpp:/home/rhobtor/reactive/Reactive-Navegation/workspace_full_conected/install/car_interfaces:/home/rhobtor/PHD/ARGOSJ8_IA/ARGOSJ8_IA_/install/ntrip_client:/home/rhobtor/PHD/ARGOSJ8_IA/ARGOSJ8_IA_/install/j8_gui:/home/rhobtor/PHD/ARGOSJ8_IA/ARGOSJ8_IA_/install/car:/home/rhobtor/PHD/ARGOSJ8_IA/ARGOSJ8_IA_/install/android_ros2_server:/home/rhobtor/PHD/ARGOSJ8_IA/ARGOSJ8_IA_/install/GUI_pkg:/home/rhobtor/reactive/Reactive-Navegation/workspace_full_conected/install/car:/opt/ros/humble LD_LIBRARY_PATH=/home/rhobtor/PHD/ARGOSJ8_IA/ARGOSJ8_IA_/install/car_interfaces/lib:/home/rhobtor/PHD/ARGOSJ8_IA/ARGOSJ8_IA_/install/wiimote_msgs/lib:/home/rhobtor/PHD/ARGOSJ8_IA/ARGOSJ8_IA_/install/ublox_gps/lib:/home/rhobtor/PHD/ARGOSJ8_IA/ARGOSJ8_IA_/install/ublox_msgs/lib:/home/rhobtor/PHD/ARGOSJ8_IA/ARGOSJ8_IA_/install/spacenav/lib:/home/rhobtor/PHD/ARGOSJ8_IA/ARGOSJ8_IA_/install/laser_segmentation/lib:/home/rhobtor/PHD/ARGOSJ8_IA/ARGOSJ8_IA_/install/slg_msgs/lib:/home/rhobtor/PHD/ARGOSJ8_IA/ARGOSJ8_IA_/install/security_check_interfaces/lib:/home/rhobtor/PHD/ARGOSJ8_IA/ARGOSJ8_IA_/install/joy/lib:/home/rhobtor/PHD/ARGOSJ8_IA/ARGOSJ8_IA_/install/path_manager_interfaces/lib:/home/rhobtor/PHD/ARGOSJ8_IA/ARGOSJ8_IA_/install/j8_xacro_model/lib:/home/rhobtor/PHD/ARGOSJ8_IA/ARGOSJ8_IA_/install/hector_gazebo_plugins/lib:/home/rhobtor/PHD/ARGOSJ8_IA/ARGOSJ8_IA_/install/fixposition_sensor_pkg/lib:/home/rhobtor/PHD/ARGOSJ8_IA/ARGOSJ8_IA_/install/fixposition_odometry_converter_ros2/lib:/home/rhobtor/PHD/ARGOSJ8_IA/ARGOSJ8_IA_/install/fixposition_driver_ros2/lib:/home/rhobtor/PHD/ARGOSJ8_IA/ARGOSJ8_IA_/install/fixposition_driver_lib/lib:/home/rhobtor/PHD/ARGOSJ8_IA/ARGOSJ8_IA_/install/fixposition_gnss_tf/lib:/home/rhobtor/PHD/ARGOSJ8_IA/ARGOSJ8_IA_/install/ctl_mission_interfaces/lib:/home/rhobtor/PHD/ARGOSJ8_IA/ARGOSJ8_IA_/install/car_cpp/lib:/home/rhobtor/PHD/ARGOSJ8_IA/ARGOSJ8_IA_/install/argj801_sensors_msgs/lib:/home/rhobtor/PHD/ARGOSJ8_IA/ARGOSJ8_IA_/install/argj801_ctl_platform_interfaces/lib:/home/rhobtor/reactive/Reactive-Navegation/workspace_full_conected/install/octomap_server/lib:/home/rhobtor/reactive/Reactive-Navegation/workspace_full_conected/install/octomap_rviz_plugins/lib:/home/rhobtor/reactive/Reactive-Navegation/workspace_full_conected/install/hector_gazebo_plugins/lib:/home/rhobtor/reactive/Reactive-Navegation/workspace_full_conected/install/car_cpp/lib:/home/rhobtor/reactive/Reactive-Navegation/workspace_full_conected/install/car_interfaces/lib:/usr/lib/x86_64-linux-gnu/gazebo-11/plugins:/opt/ros/humble/opt/rviz_ogre_vendor/lib:/opt/ros/humble/lib/x86_64-linux-gnu:/opt/ros/humble/lib /usr/bin/cmake --install /home/rhobtor/PHD/ARGOSJ8_IA/ARGOSJ8_IA_/build/car_cpp
[3.356s] DEBUG:colcon.colcon_core.event_handler.log_command:Invoked command in '/home/rhobtor/PHD/ARGOSJ8_IA/ARGOSJ8_IA_/build/laser_segmentation' returned '0': CMAKE_PREFIX_PATH=/home/rhobtor/PHD/ARGOSJ8_IA/ARGOSJ8_IA_/install/slg_msgs:/home/rhobtor/PHD/ARGOSJ8_IA/ARGOSJ8_IA_/install/wiimote_msgs:/home/rhobtor/PHD/ARGOSJ8_IA/ARGOSJ8_IA_/install/ublox:/home/rhobtor/PHD/ARGOSJ8_IA/ARGOSJ8_IA_/install/ublox_gps:/home/rhobtor/PHD/ARGOSJ8_IA/ARGOSJ8_IA_/install/security_check:/home/rhobtor/PHD/ARGOSJ8_IA/ARGOSJ8_IA_/install/ctl_mission:/home/rhobtor/PHD/ARGOSJ8_IA/ARGOSJ8_IA_/install/ublox_msgs:/home/rhobtor/PHD/ARGOSJ8_IA/ARGOSJ8_IA_/install/ublox_serialization:/home/rhobtor/PHD/ARGOSJ8_IA/ARGOSJ8_IA_/install/spacenav:/home/rhobtor/PHD/ARGOSJ8_IA/ARGOSJ8_IA_/install/laser_segmentation:/home/rhobtor/PHD/ARGOSJ8_IA/ARGOSJ8_IA_/install/security_check_interfaces:/home/rhobtor/PHD/ARGOSJ8_IA/ARGOSJ8_IA_/install/joy:/home/rhobtor/PHD/ARGOSJ8_IA/ARGOSJ8_IA_/install/sdl2_vendor:/home/rhobtor/PHD/ARGOSJ8_IA/ARGOSJ8_IA_/install/path_manager:/home/rhobtor/PHD/ARGOSJ8_IA/ARGOSJ8_IA_/install/path_manager_interfaces:/home/rhobtor/PHD/ARGOSJ8_IA/ARGOSJ8_IA_/install/joy_linux:/home/rhobtor/PHD/ARGOSJ8_IA/ARGOSJ8_IA_/install/j8_xacro_model:/home/rhobtor/PHD/ARGOSJ8_IA/ARGOSJ8_IA_/install/hector_gazebo_plugins:/home/rhobtor/PHD/ARGOSJ8_IA/ARGOSJ8_IA_/install/fixposition_sensor_pkg:/home/rhobtor/PHD/ARGOSJ8_IA/ARGOSJ8_IA_/install/fixposition_odometry_converter_ros2:/home/rhobtor/PHD/ARGOSJ8_IA/ARGOSJ8_IA_/install/fixposition_driver_ros2:/home/rhobtor/PHD/ARGOSJ8_IA/ARGOSJ8_IA_/install/fixposition_driver_lib:/home/rhobtor/PHD/ARGOSJ8_IA/ARGOSJ8_IA_/install/fixposition_gnss_tf:/home/rhobtor/PHD/ARGOSJ8_IA/ARGOSJ8_IA_/install/ctl_mission_interfaces:/home/rhobtor/PHD/ARGOSJ8_IA/ARGOSJ8_IA_/install/car_cpp:/home/rhobtor/PHD/ARGOSJ8_IA/ARGOSJ8_IA_/install/car_interfaces:/home/rhobtor/PHD/ARGOSJ8_IA/ARGOSJ8_IA_/install/argj801_setup:/home/rhobtor/PHD/ARGOSJ8_IA/ARGOSJ8_IA_/install/argj801_sensors:/home/rhobtor/PHD/ARGOSJ8_IA/ARGOSJ8_IA_/install/argj801_sensors_msgs:/home/rhobtor/PHD/ARGOSJ8_IA/ARGOSJ8_IA_/install/argj801_ctl_platform:/home/rhobtor/PHD/ARGOSJ8_IA/ARGOSJ8_IA_/install/argj801_ctl_platform_interfaces:/home/rhobtor/reactive/Reactive-Navegation/workspace_full_conected/install/octomap_mapping:/home/rhobtor/reactive/Reactive-Navegation/workspace_full_conected/install/octomap_server:/home/rhobtor/reactive/Reactive-Navegation/workspace_full_conected/install/octomap_rviz_plugins:/home/rhobtor/reactive/Reactive-Navegation/workspace_full_conected/install/hector_gazebo_plugins:/home/rhobtor/reactive/Reactive-Navegation/workspace_full_conected/install/car_cpp:/home/rhobtor/reactive/Reactive-Navegation/workspace_full_conected/install/car_interfaces:/home/rhobtor/PHD/ARGOSJ8_IA/ARGOSJ8_IA_/install/ntrip_client:/home/rhobtor/PHD/ARGOSJ8_IA/ARGOSJ8_IA_/install/j8_gui:/home/rhobtor/PHD/ARGOSJ8_IA/ARGOSJ8_IA_/install/car:/home/rhobtor/PHD/ARGOSJ8_IA/ARGOSJ8_IA_/install/android_ros2_server:/home/rhobtor/PHD/ARGOSJ8_IA/ARGOSJ8_IA_/install/GUI_pkg:/home/rhobtor/reactive/Reactive-Navegation/workspace_full_conected/install/car:/opt/ros/humble LD_LIBRARY_PATH=/home/rhobtor/PHD/ARGOSJ8_IA/ARGOSJ8_IA_/install/slg_msgs/lib:/home/rhobtor/PHD/ARGOSJ8_IA/ARGOSJ8_IA_/install/wiimote_msgs/lib:/home/rhobtor/PHD/ARGOSJ8_IA/ARGOSJ8_IA_/install/ublox_gps/lib:/home/rhobtor/PHD/ARGOSJ8_IA/ARGOSJ8_IA_/install/ublox_msgs/lib:/home/rhobtor/PHD/ARGOSJ8_IA/ARGOSJ8_IA_/install/spacenav/lib:/home/rhobtor/PHD/ARGOSJ8_IA/ARGOSJ8_IA_/install/laser_segmentation/lib:/home/rhobtor/PHD/ARGOSJ8_IA/ARGOSJ8_IA_/install/security_check_interfaces/lib:/home/rhobtor/PHD/ARGOSJ8_IA/ARGOSJ8_IA_/install/joy/lib:/home/rhobtor/PHD/ARGOSJ8_IA/ARGOSJ8_IA_/install/path_manager_interfaces/lib:/home/rhobtor/PHD/ARGOSJ8_IA/ARGOSJ8_IA_/install/j8_xacro_model/lib:/home/rhobtor/PHD/ARGOSJ8_IA/ARGOSJ8_IA_/install/hector_gazebo_plugins/lib:/home/rhobtor/PHD/ARGOSJ8_IA/ARGOSJ8_IA_/install/fixposition_sensor_pkg/lib:/home/rhobtor/PHD/ARGOSJ8_IA/ARGOSJ8_IA_/install/fixposition_odometry_converter_ros2/lib:/home/rhobtor/PHD/ARGOSJ8_IA/ARGOSJ8_IA_/install/fixposition_driver_ros2/lib:/home/rhobtor/PHD/ARGOSJ8_IA/ARGOSJ8_IA_/install/fixposition_driver_lib/lib:/home/rhobtor/PHD/ARGOSJ8_IA/ARGOSJ8_IA_/install/fixposition_gnss_tf/lib:/home/rhobtor/PHD/ARGOSJ8_IA/ARGOSJ8_IA_/install/ctl_mission_interfaces/lib:/home/rhobtor/PHD/ARGOSJ8_IA/ARGOSJ8_IA_/install/car_cpp/lib:/home/rhobtor/PHD/ARGOSJ8_IA/ARGOSJ8_IA_/install/car_interfaces/lib:/home/rhobtor/PHD/ARGOSJ8_IA/ARGOSJ8_IA_/install/argj801_sensors_msgs/lib:/home/rhobtor/PHD/ARGOSJ8_IA/ARGOSJ8_IA_/install/argj801_ctl_platform_interfaces/lib:/home/rhobtor/reactive/Reactive-Navegation/workspace_full_conected/install/octomap_server/lib:/home/rhobtor/reactive/Reactive-Navegation/workspace_full_conected/install/octomap_rviz_plugins/lib:/home/rhobtor/reactive/Reactive-Navegation/workspace_full_conected/install/hector_gazebo_plugins/lib:/home/rhobtor/reactive/Reactive-Navegation/workspace_full_conected/install/car_cpp/lib:/home/rhobtor/reactive/Reactive-Navegation/workspace_full_conected/install/car_interfaces/lib:/usr/lib/x86_64-linux-gnu/gazebo-11/plugins:/opt/ros/humble/opt/rviz_ogre_vendor/lib:/opt/ros/humble/lib/x86_64-linux-gnu:/opt/ros/humble/lib /usr/bin/cmake --build /home/rhobtor/PHD/ARGOSJ8_IA/ARGOSJ8_IA_/build/laser_segmentation -- -j20 -l20
[3.357s] DEBUG:colcon.colcon_core.event_handler.log_command:Invoking command in '/home/rhobtor/PHD/ARGOSJ8_IA/ARGOSJ8_IA_/build/laser_segmentation': CMAKE_PREFIX_PATH=/home/rhobtor/PHD/ARGOSJ8_IA/ARGOSJ8_IA_/install/slg_msgs:/home/rhobtor/PHD/ARGOSJ8_IA/ARGOSJ8_IA_/install/wiimote_msgs:/home/rhobtor/PHD/ARGOSJ8_IA/ARGOSJ8_IA_/install/ublox:/home/rhobtor/PHD/ARGOSJ8_IA/ARGOSJ8_IA_/install/ublox_gps:/home/rhobtor/PHD/ARGOSJ8_IA/ARGOSJ8_IA_/install/security_check:/home/rhobtor/PHD/ARGOSJ8_IA/ARGOSJ8_IA_/install/ctl_mission:/home/rhobtor/PHD/ARGOSJ8_IA/ARGOSJ8_IA_/install/ublox_msgs:/home/rhobtor/PHD/ARGOSJ8_IA/ARGOSJ8_IA_/install/ublox_serialization:/home/rhobtor/PHD/ARGOSJ8_IA/ARGOSJ8_IA_/install/spacenav:/home/rhobtor/PHD/ARGOSJ8_IA/ARGOSJ8_IA_/install/laser_segmentation:/home/rhobtor/PHD/ARGOSJ8_IA/ARGOSJ8_IA_/install/security_check_interfaces:/home/rhobtor/PHD/ARGOSJ8_IA/ARGOSJ8_IA_/install/joy:/home/rhobtor/PHD/ARGOSJ8_IA/ARGOSJ8_IA_/install/sdl2_vendor:/home/rhobtor/PHD/ARGOSJ8_IA/ARGOSJ8_IA_/install/path_manager:/home/rhobtor/PHD/ARGOSJ8_IA/ARGOSJ8_IA_/install/path_manager_interfaces:/home/rhobtor/PHD/ARGOSJ8_IA/ARGOSJ8_IA_/install/joy_linux:/home/rhobtor/PHD/ARGOSJ8_IA/ARGOSJ8_IA_/install/j8_xacro_model:/home/rhobtor/PHD/ARGOSJ8_IA/ARGOSJ8_IA_/install/hector_gazebo_plugins:/home/rhobtor/PHD/ARGOSJ8_IA/ARGOSJ8_IA_/install/fixposition_sensor_pkg:/home/rhobtor/PHD/ARGOSJ8_IA/ARGOSJ8_IA_/install/fixposition_odometry_converter_ros2:/home/rhobtor/PHD/ARGOSJ8_IA/ARGOSJ8_IA_/install/fixposition_driver_ros2:/home/rhobtor/PHD/ARGOSJ8_IA/ARGOSJ8_IA_/install/fixposition_driver_lib:/home/rhobtor/PHD/ARGOSJ8_IA/ARGOSJ8_IA_/install/fixposition_gnss_tf:/home/rhobtor/PHD/ARGOSJ8_IA/ARGOSJ8_IA_/install/ctl_mission_interfaces:/home/rhobtor/PHD/ARGOSJ8_IA/ARGOSJ8_IA_/install/car_cpp:/home/rhobtor/PHD/ARGOSJ8_IA/ARGOSJ8_IA_/install/car_interfaces:/home/rhobtor/PHD/ARGOSJ8_IA/ARGOSJ8_IA_/install/argj801_setup:/home/rhobtor/PHD/ARGOSJ8_IA/ARGOSJ8_IA_/install/argj801_sensors:/home/rhobtor/PHD/ARGOSJ8_IA/ARGOSJ8_IA_/install/argj801_sensors_msgs:/home/rhobtor/PHD/ARGOSJ8_IA/ARGOSJ8_IA_/install/argj801_ctl_platform:/home/rhobtor/PHD/ARGOSJ8_IA/ARGOSJ8_IA_/install/argj801_ctl_platform_interfaces:/home/rhobtor/reactive/Reactive-Navegation/workspace_full_conected/install/octomap_mapping:/home/rhobtor/reactive/Reactive-Navegation/workspace_full_conected/install/octomap_server:/home/rhobtor/reactive/Reactive-Navegation/workspace_full_conected/install/octomap_rviz_plugins:/home/rhobtor/reactive/Reactive-Navegation/workspace_full_conected/install/hector_gazebo_plugins:/home/rhobtor/reactive/Reactive-Navegation/workspace_full_conected/install/car_cpp:/home/rhobtor/reactive/Reactive-Navegation/workspace_full_conected/install/car_interfaces:/home/rhobtor/PHD/ARGOSJ8_IA/ARGOSJ8_IA_/install/ntrip_client:/home/rhobtor/PHD/ARGOSJ8_IA/ARGOSJ8_IA_/install/j8_gui:/home/rhobtor/PHD/ARGOSJ8_IA/ARGOSJ8_IA_/install/car:/home/rhobtor/PHD/ARGOSJ8_IA/ARGOSJ8_IA_/install/android_ros2_server:/home/rhobtor/PHD/ARGOSJ8_IA/ARGOSJ8_IA_/install/GUI_pkg:/home/rhobtor/reactive/Reactive-Navegation/workspace_full_conected/install/car:/opt/ros/humble LD_LIBRARY_PATH=/home/rhobtor/PHD/ARGOSJ8_IA/ARGOSJ8_IA_/install/slg_msgs/lib:/home/rhobtor/PHD/ARGOSJ8_IA/ARGOSJ8_IA_/install/wiimote_msgs/lib:/home/rhobtor/PHD/ARGOSJ8_IA/ARGOSJ8_IA_/install/ublox_gps/lib:/home/rhobtor/PHD/ARGOSJ8_IA/ARGOSJ8_IA_/install/ublox_msgs/lib:/home/rhobtor/PHD/ARGOSJ8_IA/ARGOSJ8_IA_/install/spacenav/lib:/home/rhobtor/PHD/ARGOSJ8_IA/ARGOSJ8_IA_/install/laser_segmentation/lib:/home/rhobtor/PHD/ARGOSJ8_IA/ARGOSJ8_IA_/install/security_check_interfaces/lib:/home/rhobtor/PHD/ARGOSJ8_IA/ARGOSJ8_IA_/install/joy/lib:/home/rhobtor/PHD/ARGOSJ8_IA/ARGOSJ8_IA_/install/path_manager_interfaces/lib:/home/rhobtor/PHD/ARGOSJ8_IA/ARGOSJ8_IA_/install/j8_xacro_model/lib:/home/rhobtor/PHD/ARGOSJ8_IA/ARGOSJ8_IA_/install/hector_gazebo_plugins/lib:/home/rhobtor/PHD/ARGOSJ8_IA/ARGOSJ8_IA_/install/fixposition_sensor_pkg/lib:/home/rhobtor/PHD/ARGOSJ8_IA/ARGOSJ8_IA_/install/fixposition_odometry_converter_ros2/lib:/home/rhobtor/PHD/ARGOSJ8_IA/ARGOSJ8_IA_/install/fixposition_driver_ros2/lib:/home/rhobtor/PHD/ARGOSJ8_IA/ARGOSJ8_IA_/install/fixposition_driver_lib/lib:/home/rhobtor/PHD/ARGOSJ8_IA/ARGOSJ8_IA_/install/fixposition_gnss_tf/lib:/home/rhobtor/PHD/ARGOSJ8_IA/ARGOSJ8_IA_/install/ctl_mission_interfaces/lib:/home/rhobtor/PHD/ARGOSJ8_IA/ARGOSJ8_IA_/install/car_cpp/lib:/home/rhobtor/PHD/ARGOSJ8_IA/ARGOSJ8_IA_/install/car_interfaces/lib:/home/rhobtor/PHD/ARGOSJ8_IA/ARGOSJ8_IA_/install/argj801_sensors_msgs/lib:/home/rhobtor/PHD/ARGOSJ8_IA/ARGOSJ8_IA_/install/argj801_ctl_platform_interfaces/lib:/home/rhobtor/reactive/Reactive-Navegation/workspace_full_conected/install/octomap_server/lib:/home/rhobtor/reactive/Reactive-Navegation/workspace_full_conected/install/octomap_rviz_plugins/lib:/home/rhobtor/reactive/Reactive-Navegation/workspace_full_conected/install/hector_gazebo_plugins/lib:/home/rhobtor/reactive/Reactive-Navegation/workspace_full_conected/install/car_cpp/lib:/home/rhobtor/reactive/Reactive-Navegation/workspace_full_conected/install/car_interfaces/lib:/usr/lib/x86_64-linux-gnu/gazebo-11/plugins:/opt/ros/humble/opt/rviz_ogre_vendor/lib:/opt/ros/humble/lib/x86_64-linux-gnu:/opt/ros/humble/lib /usr/bin/cmake --install /home/rhobtor/PHD/ARGOSJ8_IA/ARGOSJ8_IA_/build/laser_segmentation
[3.357s] DEBUG:colcon.colcon_core.event_handler.log_command:Invoked command in '/home/rhobtor/PHD/ARGOSJ8_IA/ARGOSJ8_IA_/build/ublox_msgs' returned '0': CMAKE_PREFIX_PATH=/home/rhobtor/PHD/ARGOSJ8_IA/ARGOSJ8_IA_/install/ublox_serialization:/home/rhobtor/PHD/ARGOSJ8_IA/ARGOSJ8_IA_/install/wiimote_msgs:/home/rhobtor/PHD/ARGOSJ8_IA/ARGOSJ8_IA_/install/ublox:/home/rhobtor/PHD/ARGOSJ8_IA/ARGOSJ8_IA_/install/ublox_gps:/home/rhobtor/PHD/ARGOSJ8_IA/ARGOSJ8_IA_/install/security_check:/home/rhobtor/PHD/ARGOSJ8_IA/ARGOSJ8_IA_/install/ctl_mission:/home/rhobtor/PHD/ARGOSJ8_IA/ARGOSJ8_IA_/install/ublox_msgs:/home/rhobtor/PHD/ARGOSJ8_IA/ARGOSJ8_IA_/install/spacenav:/home/rhobtor/PHD/ARGOSJ8_IA/ARGOSJ8_IA_/install/laser_segmentation:/home/rhobtor/PHD/ARGOSJ8_IA/ARGOSJ8_IA_/install/slg_msgs:/home/rhobtor/PHD/ARGOSJ8_IA/ARGOSJ8_IA_/install/security_check_interfaces:/home/rhobtor/PHD/ARGOSJ8_IA/ARGOSJ8_IA_/install/joy:/home/rhobtor/PHD/ARGOSJ8_IA/ARGOSJ8_IA_/install/sdl2_vendor:/home/rhobtor/PHD/ARGOSJ8_IA/ARGOSJ8_IA_/install/path_manager:/home/rhobtor/PHD/ARGOSJ8_IA/ARGOSJ8_IA_/install/path_manager_interfaces:/home/rhobtor/PHD/ARGOSJ8_IA/ARGOSJ8_IA_/install/joy_linux:/home/rhobtor/PHD/ARGOSJ8_IA/ARGOSJ8_IA_/install/j8_xacro_model:/home/rhobtor/PHD/ARGOSJ8_IA/ARGOSJ8_IA_/install/hector_gazebo_plugins:/home/rhobtor/PHD/ARGOSJ8_IA/ARGOSJ8_IA_/install/fixposition_sensor_pkg:/home/rhobtor/PHD/ARGOSJ8_IA/ARGOSJ8_IA_/install/fixposition_odometry_converter_ros2:/home/rhobtor/PHD/ARGOSJ8_IA/ARGOSJ8_IA_/install/fixposition_driver_ros2:/home/rhobtor/PHD/ARGOSJ8_IA/ARGOSJ8_IA_/install/fixposition_driver_lib:/home/rhobtor/PHD/ARGOSJ8_IA/ARGOSJ8_IA_/install/fixposition_gnss_tf:/home/rhobtor/PHD/ARGOSJ8_IA/ARGOSJ8_IA_/install/ctl_mission_interfaces:/home/rhobtor/PHD/ARGOSJ8_IA/ARGOSJ8_IA_/install/car_cpp:/home/rhobtor/PHD/ARGOSJ8_IA/ARGOSJ8_IA_/install/car_interfaces:/home/rhobtor/PHD/ARGOSJ8_IA/ARGOSJ8_IA_/install/argj801_setup:/home/rhobtor/PHD/ARGOSJ8_IA/ARGOSJ8_IA_/install/argj801_sensors:/home/rhobtor/PHD/ARGOSJ8_IA/ARGOSJ8_IA_/install/argj801_sensors_msgs:/home/rhobtor/PHD/ARGOSJ8_IA/ARGOSJ8_IA_/install/argj801_ctl_platform:/home/rhobtor/PHD/ARGOSJ8_IA/ARGOSJ8_IA_/install/argj801_ctl_platform_interfaces:/home/rhobtor/reactive/Reactive-Navegation/workspace_full_conected/install/octomap_mapping:/home/rhobtor/reactive/Reactive-Navegation/workspace_full_conected/install/octomap_server:/home/rhobtor/reactive/Reactive-Navegation/workspace_full_conected/install/octomap_rviz_plugins:/home/rhobtor/reactive/Reactive-Navegation/workspace_full_conected/install/hector_gazebo_plugins:/home/rhobtor/reactive/Reactive-Navegation/workspace_full_conected/install/car_cpp:/home/rhobtor/reactive/Reactive-Navegation/workspace_full_conected/install/car_interfaces:/home/rhobtor/PHD/ARGOSJ8_IA/ARGOSJ8_IA_/install/ntrip_client:/home/rhobtor/PHD/ARGOSJ8_IA/ARGOSJ8_IA_/install/j8_gui:/home/rhobtor/PHD/ARGOSJ8_IA/ARGOSJ8_IA_/install/car:/home/rhobtor/PHD/ARGOSJ8_IA/ARGOSJ8_IA_/install/android_ros2_server:/home/rhobtor/PHD/ARGOSJ8_IA/ARGOSJ8_IA_/install/GUI_pkg:/home/rhobtor/reactive/Reactive-Navegation/workspace_full_conected/install/car:/opt/ros/humble /usr/bin/cmake --build /home/rhobtor/PHD/ARGOSJ8_IA/ARGOSJ8_IA_/build/ublox_msgs -- -j20 -l20
[3.358s] DEBUG:colcon.colcon_core.event_handler.log_command:Invoking command in '/home/rhobtor/PHD/ARGOSJ8_IA/ARGOSJ8_IA_/build/ublox_msgs': CMAKE_PREFIX_PATH=/home/rhobtor/PHD/ARGOSJ8_IA/ARGOSJ8_IA_/install/ublox_serialization:/home/rhobtor/PHD/ARGOSJ8_IA/ARGOSJ8_IA_/install/wiimote_msgs:/home/rhobtor/PHD/ARGOSJ8_IA/ARGOSJ8_IA_/install/ublox:/home/rhobtor/PHD/ARGOSJ8_IA/ARGOSJ8_IA_/install/ublox_gps:/home/rhobtor/PHD/ARGOSJ8_IA/ARGOSJ8_IA_/install/security_check:/home/rhobtor/PHD/ARGOSJ8_IA/ARGOSJ8_IA_/install/ctl_mission:/home/rhobtor/PHD/ARGOSJ8_IA/ARGOSJ8_IA_/install/ublox_msgs:/home/rhobtor/PHD/ARGOSJ8_IA/ARGOSJ8_IA_/install/spacenav:/home/rhobtor/PHD/ARGOSJ8_IA/ARGOSJ8_IA_/install/laser_segmentation:/home/rhobtor/PHD/ARGOSJ8_IA/ARGOSJ8_IA_/install/slg_msgs:/home/rhobtor/PHD/ARGOSJ8_IA/ARGOSJ8_IA_/install/security_check_interfaces:/home/rhobtor/PHD/ARGOSJ8_IA/ARGOSJ8_IA_/install/joy:/home/rhobtor/PHD/ARGOSJ8_IA/ARGOSJ8_IA_/install/sdl2_vendor:/home/rhobtor/PHD/ARGOSJ8_IA/ARGOSJ8_IA_/install/path_manager:/home/rhobtor/PHD/ARGOSJ8_IA/ARGOSJ8_IA_/install/path_manager_interfaces:/home/rhobtor/PHD/ARGOSJ8_IA/ARGOSJ8_IA_/install/joy_linux:/home/rhobtor/PHD/ARGOSJ8_IA/ARGOSJ8_IA_/install/j8_xacro_model:/home/rhobtor/PHD/ARGOSJ8_IA/ARGOSJ8_IA_/install/hector_gazebo_plugins:/home/rhobtor/PHD/ARGOSJ8_IA/ARGOSJ8_IA_/install/fixposition_sensor_pkg:/home/rhobtor/PHD/ARGOSJ8_IA/ARGOSJ8_IA_/install/fixposition_odometry_converter_ros2:/home/rhobtor/PHD/ARGOSJ8_IA/ARGOSJ8_IA_/install/fixposition_driver_ros2:/home/rhobtor/PHD/ARGOSJ8_IA/ARGOSJ8_IA_/install/fixposition_driver_lib:/home/rhobtor/PHD/ARGOSJ8_IA/ARGOSJ8_IA_/install/fixposition_gnss_tf:/home/rhobtor/PHD/ARGOSJ8_IA/ARGOSJ8_IA_/install/ctl_mission_interfaces:/home/rhobtor/PHD/ARGOSJ8_IA/ARGOSJ8_IA_/install/car_cpp:/home/rhobtor/PHD/ARGOSJ8_IA/ARGOSJ8_IA_/install/car_interfaces:/home/rhobtor/PHD/ARGOSJ8_IA/ARGOSJ8_IA_/install/argj801_setup:/home/rhobtor/PHD/ARGOSJ8_IA/ARGOSJ8_IA_/install/argj801_sensors:/home/rhobtor/PHD/ARGOSJ8_IA/ARGOSJ8_IA_/install/argj801_sensors_msgs:/home/rhobtor/PHD/ARGOSJ8_IA/ARGOSJ8_IA_/install/argj801_ctl_platform:/home/rhobtor/PHD/ARGOSJ8_IA/ARGOSJ8_IA_/install/argj801_ctl_platform_interfaces:/home/rhobtor/reactive/Reactive-Navegation/workspace_full_conected/install/octomap_mapping:/home/rhobtor/reactive/Reactive-Navegation/workspace_full_conected/install/octomap_server:/home/rhobtor/reactive/Reactive-Navegation/workspace_full_conected/install/octomap_rviz_plugins:/home/rhobtor/reactive/Reactive-Navegation/workspace_full_conected/install/hector_gazebo_plugins:/home/rhobtor/reactive/Reactive-Navegation/workspace_full_conected/install/car_cpp:/home/rhobtor/reactive/Reactive-Navegation/workspace_full_conected/install/car_interfaces:/home/rhobtor/PHD/ARGOSJ8_IA/ARGOSJ8_IA_/install/ntrip_client:/home/rhobtor/PHD/ARGOSJ8_IA/ARGOSJ8_IA_/install/j8_gui:/home/rhobtor/PHD/ARGOSJ8_IA/ARGOSJ8_IA_/install/car:/home/rhobtor/PHD/ARGOSJ8_IA/ARGOSJ8_IA_/install/android_ros2_server:/home/rhobtor/PHD/ARGOSJ8_IA/ARGOSJ8_IA_/install/GUI_pkg:/home/rhobtor/reactive/Reactive-Navegation/workspace_full_conected/install/car:/opt/ros/humble /usr/bin/cmake --install /home/rhobtor/PHD/ARGOSJ8_IA/ARGOSJ8_IA_/build/ublox_msgs
[3.361s] DEBUG:colcon.colcon_core.event_handler.log_command:Invoking command in '/home/rhobtor/PHD/ARGOSJ8_IA/ARGOSJ8_IA_/build/fixposition_driver_ros2': CMAKE_PREFIX_PATH=/home/rhobtor/PHD/ARGOSJ8_IA/ARGOSJ8_IA_/install/fixposition_driver_lib:/home/rhobtor/PHD/ARGOSJ8_IA/ARGOSJ8_IA_/install/fixposition_gnss_tf:/home/rhobtor/PHD/ARGOSJ8_IA/ARGOSJ8_IA_/install/wiimote_msgs:/home/rhobtor/PHD/ARGOSJ8_IA/ARGOSJ8_IA_/install/ublox:/home/rhobtor/PHD/ARGOSJ8_IA/ARGOSJ8_IA_/install/ublox_gps:/home/rhobtor/PHD/ARGOSJ8_IA/ARGOSJ8_IA_/install/security_check:/home/rhobtor/PHD/ARGOSJ8_IA/ARGOSJ8_IA_/install/ctl_mission:/home/rhobtor/PHD/ARGOSJ8_IA/ARGOSJ8_IA_/install/ublox_msgs:/home/rhobtor/PHD/ARGOSJ8_IA/ARGOSJ8_IA_/install/ublox_serialization:/home/rhobtor/PHD/ARGOSJ8_IA/ARGOSJ8_IA_/install/spacenav:/home/rhobtor/PHD/ARGOSJ8_IA/ARGOSJ8_IA_/install/laser_segmentation:/home/rhobtor/PHD/ARGOSJ8_IA/ARGOSJ8_IA_/install/slg_msgs:/home/rhobtor/PHD/ARGOSJ8_IA/ARGOSJ8_IA_/install/security_check_interfaces:/home/rhobtor/PHD/ARGOSJ8_IA/ARGOSJ8_IA_/install/joy:/home/rhobtor/PHD/ARGOSJ8_IA/ARGOSJ8_IA_/install/sdl2_vendor:/home/rhobtor/PHD/ARGOSJ8_IA/ARGOSJ8_IA_/install/path_manager:/home/rhobtor/PHD/ARGOSJ8_IA/ARGOSJ8_IA_/install/path_manager_interfaces:/home/rhobtor/PHD/ARGOSJ8_IA/ARGOSJ8_IA_/install/joy_linux:/home/rhobtor/PHD/ARGOSJ8_IA/ARGOSJ8_IA_/install/j8_xacro_model:/home/rhobtor/PHD/ARGOSJ8_IA/ARGOSJ8_IA_/install/hector_gazebo_plugins:/home/rhobtor/PHD/ARGOSJ8_IA/ARGOSJ8_IA_/install/fixposition_sensor_pkg:/home/rhobtor/PHD/ARGOSJ8_IA/ARGOSJ8_IA_/install/fixposition_odometry_converter_ros2:/home/rhobtor/PHD/ARGOSJ8_IA/ARGOSJ8_IA_/install/fixposition_driver_ros2:/home/rhobtor/PHD/ARGOSJ8_IA/ARGOSJ8_IA_/install/ctl_mission_interfaces:/home/rhobtor/PHD/ARGOSJ8_IA/ARGOSJ8_IA_/install/car_cpp:/home/rhobtor/PHD/ARGOSJ8_IA/ARGOSJ8_IA_/install/car_interfaces:/home/rhobtor/PHD/ARGOSJ8_IA/ARGOSJ8_IA_/install/argj801_setup:/home/rhobtor/PHD/ARGOSJ8_IA/ARGOSJ8_IA_/install/argj801_sensors:/home/rhobtor/PHD/ARGOSJ8_IA/ARGOSJ8_IA_/install/argj801_sensors_msgs:/home/rhobtor/PHD/ARGOSJ8_IA/ARGOSJ8_IA_/install/argj801_ctl_platform:/home/rhobtor/PHD/ARGOSJ8_IA/ARGOSJ8_IA_/install/argj801_ctl_platform_interfaces:/home/rhobtor/reactive/Reactive-Navegation/workspace_full_conected/install/octomap_mapping:/home/rhobtor/reactive/Reactive-Navegation/workspace_full_conected/install/octomap_server:/home/rhobtor/reactive/Reactive-Navegation/workspace_full_conected/install/octomap_rviz_plugins:/home/rhobtor/reactive/Reactive-Navegation/workspace_full_conected/install/hector_gazebo_plugins:/home/rhobtor/reactive/Reactive-Navegation/workspace_full_conected/install/car_cpp:/home/rhobtor/reactive/Reactive-Navegation/workspace_full_conected/install/car_interfaces:/home/rhobtor/PHD/ARGOSJ8_IA/ARGOSJ8_IA_/install/ntrip_client:/home/rhobtor/PHD/ARGOSJ8_IA/ARGOSJ8_IA_/install/j8_gui:/home/rhobtor/PHD/ARGOSJ8_IA/ARGOSJ8_IA_/install/car:/home/rhobtor/PHD/ARGOSJ8_IA/ARGOSJ8_IA_/install/android_ros2_server:/home/rhobtor/PHD/ARGOSJ8_IA/ARGOSJ8_IA_/install/GUI_pkg:/home/rhobtor/reactive/Reactive-Navegation/workspace_full_conected/install/car:/opt/ros/humble LD_LIBRARY_PATH=/home/rhobtor/PHD/ARGOSJ8_IA/ARGOSJ8_IA_/install/fixposition_driver_lib/lib:/home/rhobtor/PHD/ARGOSJ8_IA/ARGOSJ8_IA_/install/fixposition_gnss_tf/lib:/home/rhobtor/PHD/ARGOSJ8_IA/ARGOSJ8_IA_/install/wiimote_msgs/lib:/home/rhobtor/PHD/ARGOSJ8_IA/ARGOSJ8_IA_/install/ublox_gps/lib:/home/rhobtor/PHD/ARGOSJ8_IA/ARGOSJ8_IA_/install/ublox_msgs/lib:/home/rhobtor/PHD/ARGOSJ8_IA/ARGOSJ8_IA_/install/spacenav/lib:/home/rhobtor/PHD/ARGOSJ8_IA/ARGOSJ8_IA_/install/laser_segmentation/lib:/home/rhobtor/PHD/ARGOSJ8_IA/ARGOSJ8_IA_/install/slg_msgs/lib:/home/rhobtor/PHD/ARGOSJ8_IA/ARGOSJ8_IA_/install/security_check_interfaces/lib:/home/rhobtor/PHD/ARGOSJ8_IA/ARGOSJ8_IA_/install/joy/lib:/home/rhobtor/PHD/ARGOSJ8_IA/ARGOSJ8_IA_/install/path_manager_interfaces/lib:/home/rhobtor/PHD/ARGOSJ8_IA/ARGOSJ8_IA_/install/j8_xacro_model/lib:/home/rhobtor/PHD/ARGOSJ8_IA/ARGOSJ8_IA_/install/hector_gazebo_plugins/lib:/home/rhobtor/PHD/ARGOSJ8_IA/ARGOSJ8_IA_/install/fixposition_sensor_pkg/lib:/home/rhobtor/PHD/ARGOSJ8_IA/ARGOSJ8_IA_/install/fixposition_odometry_converter_ros2/lib:/home/rhobtor/PHD/ARGOSJ8_IA/ARGOSJ8_IA_/install/fixposition_driver_ros2/lib:/home/rhobtor/PHD/ARGOSJ8_IA/ARGOSJ8_IA_/install/ctl_mission_interfaces/lib:/home/rhobtor/PHD/ARGOSJ8_IA/ARGOSJ8_IA_/install/car_cpp/lib:/home/rhobtor/PHD/ARGOSJ8_IA/ARGOSJ8_IA_/install/car_interfaces/lib:/home/rhobtor/PHD/ARGOSJ8_IA/ARGOSJ8_IA_/install/argj801_sensors_msgs/lib:/home/rhobtor/PHD/ARGOSJ8_IA/ARGOSJ8_IA_/install/argj801_ctl_platform_interfaces/lib:/home/rhobtor/reactive/Reactive-Navegation/workspace_full_conected/install/octomap_server/lib:/home/rhobtor/reactive/Reactive-Navegation/workspace_full_conected/install/octomap_rviz_plugins/lib:/home/rhobtor/reactive/Reactive-Navegation/workspace_full_conected/install/hector_gazebo_plugins/lib:/home/rhobtor/reactive/Reactive-Navegation/workspace_full_conected/install/car_cpp/lib:/home/rhobtor/reactive/Reactive-Navegation/workspace_full_conected/install/car_interfaces/lib:/usr/lib/x86_64-linux-gnu/gazebo-11/plugins:/opt/ros/humble/opt/rviz_ogre_vendor/lib:/opt/ros/humble/lib/x86_64-linux-gnu:/opt/ros/humble/lib /usr/bin/cmake --build /home/rhobtor/PHD/ARGOSJ8_IA/ARGOSJ8_IA_/build/fixposition_driver_ros2 -- -j20 -l20
[3.366s] DEBUG:colcon.colcon_core.event_handler.log_command:Invoking command in '/home/rhobtor/PHD/ARGOSJ8_IA/ARGOSJ8_IA_/build/j8_xacro_model': CMAKE_PREFIX_PATH=/home/rhobtor/PHD/ARGOSJ8_IA/ARGOSJ8_IA_/install/argj801_ctl_platform:/home/rhobtor/PHD/ARGOSJ8_IA/ARGOSJ8_IA_/install/argj801_ctl_platform_interfaces:/home/rhobtor/PHD/ARGOSJ8_IA/ARGOSJ8_IA_/install/wiimote_msgs:/home/rhobtor/PHD/ARGOSJ8_IA/ARGOSJ8_IA_/install/ublox:/home/rhobtor/PHD/ARGOSJ8_IA/ARGOSJ8_IA_/install/ublox_gps:/home/rhobtor/PHD/ARGOSJ8_IA/ARGOSJ8_IA_/install/security_check:/home/rhobtor/PHD/ARGOSJ8_IA/ARGOSJ8_IA_/install/ctl_mission:/home/rhobtor/PHD/ARGOSJ8_IA/ARGOSJ8_IA_/install/ublox_msgs:/home/rhobtor/PHD/ARGOSJ8_IA/ARGOSJ8_IA_/install/ublox_serialization:/home/rhobtor/PHD/ARGOSJ8_IA/ARGOSJ8_IA_/install/spacenav:/home/rhobtor/PHD/ARGOSJ8_IA/ARGOSJ8_IA_/install/laser_segmentation:/home/rhobtor/PHD/ARGOSJ8_IA/ARGOSJ8_IA_/install/slg_msgs:/home/rhobtor/PHD/ARGOSJ8_IA/ARGOSJ8_IA_/install/security_check_interfaces:/home/rhobtor/PHD/ARGOSJ8_IA/ARGOSJ8_IA_/install/joy:/home/rhobtor/PHD/ARGOSJ8_IA/ARGOSJ8_IA_/install/sdl2_vendor:/home/rhobtor/PHD/ARGOSJ8_IA/ARGOSJ8_IA_/install/path_manager:/home/rhobtor/PHD/ARGOSJ8_IA/ARGOSJ8_IA_/install/path_manager_interfaces:/home/rhobtor/PHD/ARGOSJ8_IA/ARGOSJ8_IA_/install/joy_linux:/home/rhobtor/PHD/ARGOSJ8_IA/ARGOSJ8_IA_/install/j8_xacro_model:/home/rhobtor/PHD/ARGOSJ8_IA/ARGOSJ8_IA_/install/hector_gazebo_plugins:/home/rhobtor/PHD/ARGOSJ8_IA/ARGOSJ8_IA_/install/fixposition_sensor_pkg:/home/rhobtor/PHD/ARGOSJ8_IA/ARGOSJ8_IA_/install/fixposition_odometry_converter_ros2:/home/rhobtor/PHD/ARGOSJ8_IA/ARGOSJ8_IA_/install/fixposition_driver_ros2:/home/rhobtor/PHD/ARGOSJ8_IA/ARGOSJ8_IA_/install/fixposition_driver_lib:/home/rhobtor/PHD/ARGOSJ8_IA/ARGOSJ8_IA_/install/fixposition_gnss_tf:/home/rhobtor/PHD/ARGOSJ8_IA/ARGOSJ8_IA_/install/ctl_mission_interfaces:/home/rhobtor/PHD/ARGOSJ8_IA/ARGOSJ8_IA_/install/car_cpp:/home/rhobtor/PHD/ARGOSJ8_IA/ARGOSJ8_IA_/install/car_interfaces:/home/rhobtor/PHD/ARGOSJ8_IA/ARGOSJ8_IA_/install/argj801_setup:/home/rhobtor/PHD/ARGOSJ8_IA/ARGOSJ8_IA_/install/argj801_sensors:/home/rhobtor/PHD/ARGOSJ8_IA/ARGOSJ8_IA_/install/argj801_sensors_msgs:/home/rhobtor/reactive/Reactive-Navegation/workspace_full_conected/install/octomap_mapping:/home/rhobtor/reactive/Reactive-Navegation/workspace_full_conected/install/octomap_server:/home/rhobtor/reactive/Reactive-Navegation/workspace_full_conected/install/octomap_rviz_plugins:/home/rhobtor/reactive/Reactive-Navegation/workspace_full_conected/install/hector_gazebo_plugins:/home/rhobtor/reactive/Reactive-Navegation/workspace_full_conected/install/car_cpp:/home/rhobtor/reactive/Reactive-Navegation/workspace_full_conected/install/car_interfaces:/home/rhobtor/PHD/ARGOSJ8_IA/ARGOSJ8_IA_/install/ntrip_client:/home/rhobtor/PHD/ARGOSJ8_IA/ARGOSJ8_IA_/install/j8_gui:/home/rhobtor/PHD/ARGOSJ8_IA/ARGOSJ8_IA_/install/car:/home/rhobtor/PHD/ARGOSJ8_IA/ARGOSJ8_IA_/install/android_ros2_server:/home/rhobtor/PHD/ARGOSJ8_IA/ARGOSJ8_IA_/install/GUI_pkg:/home/rhobtor/reactive/Reactive-Navegation/workspace_full_conected/install/car:/opt/ros/humble LD_LIBRARY_PATH=/home/rhobtor/PHD/ARGOSJ8_IA/ARGOSJ8_IA_/install/argj801_ctl_platform_interfaces/lib:/home/rhobtor/PHD/ARGOSJ8_IA/ARGOSJ8_IA_/install/wiimote_msgs/lib:/home/rhobtor/PHD/ARGOSJ8_IA/ARGOSJ8_IA_/install/ublox_gps/lib:/home/rhobtor/PHD/ARGOSJ8_IA/ARGOSJ8_IA_/install/ublox_msgs/lib:/home/rhobtor/PHD/ARGOSJ8_IA/ARGOSJ8_IA_/install/spacenav/lib:/home/rhobtor/PHD/ARGOSJ8_IA/ARGOSJ8_IA_/install/laser_segmentation/lib:/home/rhobtor/PHD/ARGOSJ8_IA/ARGOSJ8_IA_/install/slg_msgs/lib:/home/rhobtor/PHD/ARGOSJ8_IA/ARGOSJ8_IA_/install/security_check_interfaces/lib:/home/rhobtor/PHD/ARGOSJ8_IA/ARGOSJ8_IA_/install/joy/lib:/home/rhobtor/PHD/ARGOSJ8_IA/ARGOSJ8_IA_/install/path_manager_interfaces/lib:/home/rhobtor/PHD/ARGOSJ8_IA/ARGOSJ8_IA_/install/j8_xacro_model/lib:/home/rhobtor/PHD/ARGOSJ8_IA/ARGOSJ8_IA_/install/hector_gazebo_plugins/lib:/home/rhobtor/PHD/ARGOSJ8_IA/ARGOSJ8_IA_/install/fixposition_sensor_pkg/lib:/home/rhobtor/PHD/ARGOSJ8_IA/ARGOSJ8_IA_/install/fixposition_odometry_converter_ros2/lib:/home/rhobtor/PHD/ARGOSJ8_IA/ARGOSJ8_IA_/install/fixposition_driver_ros2/lib:/home/rhobtor/PHD/ARGOSJ8_IA/ARGOSJ8_IA_/install/fixposition_driver_lib/lib:/home/rhobtor/PHD/ARGOSJ8_IA/ARGOSJ8_IA_/install/fixposition_gnss_tf/lib:/home/rhobtor/PHD/ARGOSJ8_IA/ARGOSJ8_IA_/install/ctl_mission_interfaces/lib:/home/rhobtor/PHD/ARGOSJ8_IA/ARGOSJ8_IA_/install/car_cpp/lib:/home/rhobtor/PHD/ARGOSJ8_IA/ARGOSJ8_IA_/install/car_interfaces/lib:/home/rhobtor/PHD/ARGOSJ8_IA/ARGOSJ8_IA_/install/argj801_sensors_msgs/lib:/home/rhobtor/reactive/Reactive-Navegation/workspace_full_conected/install/octomap_server/lib:/home/rhobtor/reactive/Reactive-Navegation/workspace_full_conected/install/octomap_rviz_plugins/lib:/home/rhobtor/reactive/Reactive-Navegation/workspace_full_conected/install/hector_gazebo_plugins/lib:/home/rhobtor/reactive/Reactive-Navegation/workspace_full_conected/install/car_cpp/lib:/home/rhobtor/reactive/Reactive-Navegation/workspace_full_conected/install/car_interfaces/lib:/usr/lib/x86_64-linux-gnu/gazebo-11/plugins:/opt/ros/humble/opt/rviz_ogre_vendor/lib:/opt/ros/humble/lib/x86_64-linux-gnu:/opt/ros/humble/lib /usr/bin/cmake --build /home/rhobtor/PHD/ARGOSJ8_IA/ARGOSJ8_IA_/build/j8_xacro_model -- -j20 -l20
[3.369s] Level 1:colcon.colcon_core.environment:create_environment_scripts_only(path_manager)
[3.369s] Level 1:colcon.colcon_core.environment:checking '/home/rhobtor/PHD/ARGOSJ8_IA/ARGOSJ8_IA_/install/path_manager' for CMake module files
[3.373s] Level 1:colcon.colcon_core.environment:checking '/home/rhobtor/PHD/ARGOSJ8_IA/ARGOSJ8_IA_/install/path_manager' for CMake config files
[3.379s] Level 1:colcon.colcon_core.shell:create_environment_hook('path_manager', 'cmake_prefix_path')
[3.379s] INFO:colcon.colcon_core.shell:Creating environment hook '/home/rhobtor/PHD/ARGOSJ8_IA/ARGOSJ8_IA_/install/path_manager/share/path_manager/hook/cmake_prefix_path.ps1'
[3.382s] INFO:colcon.colcon_core.shell:Creating environment descriptor '/home/rhobtor/PHD/ARGOSJ8_IA/ARGOSJ8_IA_/install/path_manager/share/path_manager/hook/cmake_prefix_path.dsv'
[3.385s] INFO:colcon.colcon_core.shell:Creating environment hook '/home/rhobtor/PHD/ARGOSJ8_IA/ARGOSJ8_IA_/install/path_manager/share/path_manager/hook/cmake_prefix_path.sh'
[3.386s] Level 1:colcon.colcon_core.environment:checking '/home/rhobtor/PHD/ARGOSJ8_IA/ARGOSJ8_IA_/install/path_manager/lib'
[3.387s] Level 1:colcon.colcon_core.environment:checking '/home/rhobtor/PHD/ARGOSJ8_IA/ARGOSJ8_IA_/install/path_manager/bin'
[3.387s] Level 1:colcon.colcon_core.environment:checking '/home/rhobtor/PHD/ARGOSJ8_IA/ARGOSJ8_IA_/install/path_manager/lib/pkgconfig/path_manager.pc'
[3.387s] Level 1:colcon.colcon_core.environment:checking '/home/rhobtor/PHD/ARGOSJ8_IA/ARGOSJ8_IA_/install/path_manager/lib/python3.10/site-packages'
[3.388s] Level 1:colcon.colcon_core.environment:checking '/home/rhobtor/PHD/ARGOSJ8_IA/ARGOSJ8_IA_/install/path_manager/bin'
[3.388s] INFO:colcon.colcon_core.shell:Creating package script '/home/rhobtor/PHD/ARGOSJ8_IA/ARGOSJ8_IA_/install/path_manager/share/path_manager/package.ps1'
[3.389s] INFO:colcon.colcon_core.shell:Creating package descriptor '/home/rhobtor/PHD/ARGOSJ8_IA/ARGOSJ8_IA_/install/path_manager/share/path_manager/package.dsv'
[3.392s] INFO:colcon.colcon_core.shell:Creating package script '/home/rhobtor/PHD/ARGOSJ8_IA/ARGOSJ8_IA_/install/path_manager/share/path_manager/package.sh'
[3.393s] DEBUG:colcon.colcon_core.event_handler.log_command:Invoked command in '/home/rhobtor/PHD/ARGOSJ8_IA/ARGOSJ8_IA_/build/path_manager' returned '0': CMAKE_PREFIX_PATH=/home/rhobtor/PHD/ARGOSJ8_IA/ARGOSJ8_IA_/install/path_manager_interfaces:/home/rhobtor/PHD/ARGOSJ8_IA/ARGOSJ8_IA_/install/wiimote_msgs:/home/rhobtor/PHD/ARGOSJ8_IA/ARGOSJ8_IA_/install/ublox:/home/rhobtor/PHD/ARGOSJ8_IA/ARGOSJ8_IA_/install/ublox_gps:/home/rhobtor/PHD/ARGOSJ8_IA/ARGOSJ8_IA_/install/security_check:/home/rhobtor/PHD/ARGOSJ8_IA/ARGOSJ8_IA_/install/ctl_mission:/home/rhobtor/PHD/ARGOSJ8_IA/ARGOSJ8_IA_/install/ublox_msgs:/home/rhobtor/PHD/ARGOSJ8_IA/ARGOSJ8_IA_/install/ublox_serialization:/home/rhobtor/PHD/ARGOSJ8_IA/ARGOSJ8_IA_/install/spacenav:/home/rhobtor/PHD/ARGOSJ8_IA/ARGOSJ8_IA_/install/laser_segmentation:/home/rhobtor/PHD/ARGOSJ8_IA/ARGOSJ8_IA_/install/slg_msgs:/home/rhobtor/PHD/ARGOSJ8_IA/ARGOSJ8_IA_/install/security_check_interfaces:/home/rhobtor/PHD/ARGOSJ8_IA/ARGOSJ8_IA_/install/joy:/home/rhobtor/PHD/ARGOSJ8_IA/ARGOSJ8_IA_/install/sdl2_vendor:/home/rhobtor/PHD/ARGOSJ8_IA/ARGOSJ8_IA_/install/path_manager:/home/rhobtor/PHD/ARGOSJ8_IA/ARGOSJ8_IA_/install/joy_linux:/home/rhobtor/PHD/ARGOSJ8_IA/ARGOSJ8_IA_/install/j8_xacro_model:/home/rhobtor/PHD/ARGOSJ8_IA/ARGOSJ8_IA_/install/hector_gazebo_plugins:/home/rhobtor/PHD/ARGOSJ8_IA/ARGOSJ8_IA_/install/fixposition_sensor_pkg:/home/rhobtor/PHD/ARGOSJ8_IA/ARGOSJ8_IA_/install/fixposition_odometry_converter_ros2:/home/rhobtor/PHD/ARGOSJ8_IA/ARGOSJ8_IA_/install/fixposition_driver_ros2:/home/rhobtor/PHD/ARGOSJ8_IA/ARGOSJ8_IA_/install/fixposition_driver_lib:/home/rhobtor/PHD/ARGOSJ8_IA/ARGOSJ8_IA_/install/fixposition_gnss_tf:/home/rhobtor/PHD/ARGOSJ8_IA/ARGOSJ8_IA_/install/ctl_mission_interfaces:/home/rhobtor/PHD/ARGOSJ8_IA/ARGOSJ8_IA_/install/car_cpp:/home/rhobtor/PHD/ARGOSJ8_IA/ARGOSJ8_IA_/install/car_interfaces:/home/rhobtor/PHD/ARGOSJ8_IA/ARGOSJ8_IA_/install/argj801_setup:/home/rhobtor/PHD/ARGOSJ8_IA/ARGOSJ8_IA_/install/argj801_sensors:/home/rhobtor/PHD/ARGOSJ8_IA/ARGOSJ8_IA_/install/argj801_sensors_msgs:/home/rhobtor/PHD/ARGOSJ8_IA/ARGOSJ8_IA_/install/argj801_ctl_platform:/home/rhobtor/PHD/ARGOSJ8_IA/ARGOSJ8_IA_/install/argj801_ctl_platform_interfaces:/home/rhobtor/reactive/Reactive-Navegation/workspace_full_conected/install/octomap_mapping:/home/rhobtor/reactive/Reactive-Navegation/workspace_full_conected/install/octomap_server:/home/rhobtor/reactive/Reactive-Navegation/workspace_full_conected/install/octomap_rviz_plugins:/home/rhobtor/reactive/Reactive-Navegation/workspace_full_conected/install/hector_gazebo_plugins:/home/rhobtor/reactive/Reactive-Navegation/workspace_full_conected/install/car_cpp:/home/rhobtor/reactive/Reactive-Navegation/workspace_full_conected/install/car_interfaces:/home/rhobtor/PHD/ARGOSJ8_IA/ARGOSJ8_IA_/install/ntrip_client:/home/rhobtor/PHD/ARGOSJ8_IA/ARGOSJ8_IA_/install/j8_gui:/home/rhobtor/PHD/ARGOSJ8_IA/ARGOSJ8_IA_/install/car:/home/rhobtor/PHD/ARGOSJ8_IA/ARGOSJ8_IA_/install/android_ros2_server:/home/rhobtor/PHD/ARGOSJ8_IA/ARGOSJ8_IA_/install/GUI_pkg:/home/rhobtor/reactive/Reactive-Navegation/workspace_full_conected/install/car:/opt/ros/humble LD_LIBRARY_PATH=/home/rhobtor/PHD/ARGOSJ8_IA/ARGOSJ8_IA_/install/path_manager_interfaces/lib:/home/rhobtor/PHD/ARGOSJ8_IA/ARGOSJ8_IA_/install/wiimote_msgs/lib:/home/rhobtor/PHD/ARGOSJ8_IA/ARGOSJ8_IA_/install/ublox_gps/lib:/home/rhobtor/PHD/ARGOSJ8_IA/ARGOSJ8_IA_/install/ublox_msgs/lib:/home/rhobtor/PHD/ARGOSJ8_IA/ARGOSJ8_IA_/install/spacenav/lib:/home/rhobtor/PHD/ARGOSJ8_IA/ARGOSJ8_IA_/install/laser_segmentation/lib:/home/rhobtor/PHD/ARGOSJ8_IA/ARGOSJ8_IA_/install/slg_msgs/lib:/home/rhobtor/PHD/ARGOSJ8_IA/ARGOSJ8_IA_/install/security_check_interfaces/lib:/home/rhobtor/PHD/ARGOSJ8_IA/ARGOSJ8_IA_/install/joy/lib:/home/rhobtor/PHD/ARGOSJ8_IA/ARGOSJ8_IA_/install/j8_xacro_model/lib:/home/rhobtor/PHD/ARGOSJ8_IA/ARGOSJ8_IA_/install/hector_gazebo_plugins/lib:/home/rhobtor/PHD/ARGOSJ8_IA/ARGOSJ8_IA_/install/fixposition_sensor_pkg/lib:/home/rhobtor/PHD/ARGOSJ8_IA/ARGOSJ8_IA_/install/fixposition_odometry_converter_ros2/lib:/home/rhobtor/PHD/ARGOSJ8_IA/ARGOSJ8_IA_/install/fixposition_driver_ros2/lib:/home/rhobtor/PHD/ARGOSJ8_IA/ARGOSJ8_IA_/install/fixposition_driver_lib/lib:/home/rhobtor/PHD/ARGOSJ8_IA/ARGOSJ8_IA_/install/fixposition_gnss_tf/lib:/home/rhobtor/PHD/ARGOSJ8_IA/ARGOSJ8_IA_/install/ctl_mission_interfaces/lib:/home/rhobtor/PHD/ARGOSJ8_IA/ARGOSJ8_IA_/install/car_cpp/lib:/home/rhobtor/PHD/ARGOSJ8_IA/ARGOSJ8_IA_/install/car_interfaces/lib:/home/rhobtor/PHD/ARGOSJ8_IA/ARGOSJ8_IA_/install/argj801_sensors_msgs/lib:/home/rhobtor/PHD/ARGOSJ8_IA/ARGOSJ8_IA_/install/argj801_ctl_platform_interfaces/lib:/home/rhobtor/reactive/Reactive-Navegation/workspace_full_conected/install/octomap_server/lib:/home/rhobtor/reactive/Reactive-Navegation/workspace_full_conected/install/octomap_rviz_plugins/lib:/home/rhobtor/reactive/Reactive-Navegation/workspace_full_conected/install/hector_gazebo_plugins/lib:/home/rhobtor/reactive/Reactive-Navegation/workspace_full_conected/install/car_cpp/lib:/home/rhobtor/reactive/Reactive-Navegation/workspace_full_conected/install/car_interfaces/lib:/usr/lib/x86_64-linux-gnu/gazebo-11/plugins:/opt/ros/humble/opt/rviz_ogre_vendor/lib:/opt/ros/humble/lib/x86_64-linux-gnu:/opt/ros/humble/lib /usr/bin/cmake --install /home/rhobtor/PHD/ARGOSJ8_IA/ARGOSJ8_IA_/build/path_manager
[3.394s] INFO:colcon.colcon_core.shell:Creating package script '/home/rhobtor/PHD/ARGOSJ8_IA/ARGOSJ8_IA_/install/path_manager/share/path_manager/package.bash'
[3.396s] INFO:colcon.colcon_core.shell:Creating package script '/home/rhobtor/PHD/ARGOSJ8_IA/ARGOSJ8_IA_/install/path_manager/share/path_manager/package.zsh'
[3.398s] Level 1:colcon.colcon_core.environment:create_file_with_runtime_dependencies(/home/rhobtor/PHD/ARGOSJ8_IA/ARGOSJ8_IA_/install/path_manager/share/colcon-core/packages/path_manager)
[3.405s] Level 1:colcon.colcon_core.environment:create_environment_scripts_only(path_manager)
[3.405s] Level 1:colcon.colcon_core.environment:checking '/home/rhobtor/PHD/ARGOSJ8_IA/ARGOSJ8_IA_/install/path_manager' for CMake module files
[3.408s] Level 1:colcon.colcon_core.environment:checking '/home/rhobtor/PHD/ARGOSJ8_IA/ARGOSJ8_IA_/install/path_manager' for CMake config files
[3.408s] Level 1:colcon.colcon_core.shell:create_environment_hook('path_manager', 'cmake_prefix_path')
[3.409s] INFO:colcon.colcon_core.shell:Creating environment hook '/home/rhobtor/PHD/ARGOSJ8_IA/ARGOSJ8_IA_/install/path_manager/share/path_manager/hook/cmake_prefix_path.ps1'
[3.412s] INFO:colcon.colcon_core.shell:Creating environment descriptor '/home/rhobtor/PHD/ARGOSJ8_IA/ARGOSJ8_IA_/install/path_manager/share/path_manager/hook/cmake_prefix_path.dsv'
[3.417s] INFO:colcon.colcon_core.shell:Creating environment hook '/home/rhobtor/PHD/ARGOSJ8_IA/ARGOSJ8_IA_/install/path_manager/share/path_manager/hook/cmake_prefix_path.sh'
[3.420s] Level 1:colcon.colcon_core.environment:checking '/home/rhobtor/PHD/ARGOSJ8_IA/ARGOSJ8_IA_/install/path_manager/lib'
[3.421s] Level 1:colcon.colcon_core.environment:checking '/home/rhobtor/PHD/ARGOSJ8_IA/ARGOSJ8_IA_/install/path_manager/bin'
[3.421s] Level 1:colcon.colcon_core.environment:checking '/home/rhobtor/PHD/ARGOSJ8_IA/ARGOSJ8_IA_/install/path_manager/lib/pkgconfig/path_manager.pc'
[3.422s] Level 1:colcon.colcon_core.environment:checking '/home/rhobtor/PHD/ARGOSJ8_IA/ARGOSJ8_IA_/install/path_manager/lib/python3.10/site-packages'
[3.422s] Level 1:colcon.colcon_core.environment:checking '/home/rhobtor/PHD/ARGOSJ8_IA/ARGOSJ8_IA_/install/path_manager/bin'
[3.423s] INFO:colcon.colcon_core.shell:Creating package script '/home/rhobtor/PHD/ARGOSJ8_IA/ARGOSJ8_IA_/install/path_manager/share/path_manager/package.ps1'
[3.424s] INFO:colcon.colcon_core.shell:Creating package descriptor '/home/rhobtor/PHD/ARGOSJ8_IA/ARGOSJ8_IA_/install/path_manager/share/path_manager/package.dsv'
[3.429s] INFO:colcon.colcon_core.shell:Creating package script '/home/rhobtor/PHD/ARGOSJ8_IA/ARGOSJ8_IA_/install/path_manager/share/path_manager/package.sh'
[3.439s] INFO:colcon.colcon_core.shell:Creating package script '/home/rhobtor/PHD/ARGOSJ8_IA/ARGOSJ8_IA_/install/path_manager/share/path_manager/package.bash'
[3.442s] INFO:colcon.colcon_core.shell:Creating package script '/home/rhobtor/PHD/ARGOSJ8_IA/ARGOSJ8_IA_/install/path_manager/share/path_manager/package.zsh'
[3.445s] Level 1:colcon.colcon_core.environment:create_file_with_runtime_dependencies(/home/rhobtor/PHD/ARGOSJ8_IA/ARGOSJ8_IA_/install/path_manager/share/colcon-core/packages/path_manager)
[3.446s] Level 1:colcon.colcon_core.environment:create_environment_scripts_only(car_cpp)
[3.447s] Level 1:colcon.colcon_core.environment:checking '/home/rhobtor/PHD/ARGOSJ8_IA/ARGOSJ8_IA_/install/car_cpp' for CMake module files
[3.451s] Level 1:colcon.colcon_core.environment:checking '/home/rhobtor/PHD/ARGOSJ8_IA/ARGOSJ8_IA_/install/car_cpp' for CMake config files
[3.457s] DEBUG:colcon.colcon_core.event_handler.log_command:Invoked command in '/home/rhobtor/PHD/ARGOSJ8_IA/ARGOSJ8_IA_/build/car_cpp' returned '0': CMAKE_PREFIX_PATH=/home/rhobtor/PHD/ARGOSJ8_IA/ARGOSJ8_IA_/install/car_interfaces:/home/rhobtor/PHD/ARGOSJ8_IA/ARGOSJ8_IA_/install/wiimote_msgs:/home/rhobtor/PHD/ARGOSJ8_IA/ARGOSJ8_IA_/install/ublox:/home/rhobtor/PHD/ARGOSJ8_IA/ARGOSJ8_IA_/install/ublox_gps:/home/rhobtor/PHD/ARGOSJ8_IA/ARGOSJ8_IA_/install/security_check:/home/rhobtor/PHD/ARGOSJ8_IA/ARGOSJ8_IA_/install/ctl_mission:/home/rhobtor/PHD/ARGOSJ8_IA/ARGOSJ8_IA_/install/ublox_msgs:/home/rhobtor/PHD/ARGOSJ8_IA/ARGOSJ8_IA_/install/ublox_serialization:/home/rhobtor/PHD/ARGOSJ8_IA/ARGOSJ8_IA_/install/spacenav:/home/rhobtor/PHD/ARGOSJ8_IA/ARGOSJ8_IA_/install/laser_segmentation:/home/rhobtor/PHD/ARGOSJ8_IA/ARGOSJ8_IA_/install/slg_msgs:/home/rhobtor/PHD/ARGOSJ8_IA/ARGOSJ8_IA_/install/security_check_interfaces:/home/rhobtor/PHD/ARGOSJ8_IA/ARGOSJ8_IA_/install/joy:/home/rhobtor/PHD/ARGOSJ8_IA/ARGOSJ8_IA_/install/sdl2_vendor:/home/rhobtor/PHD/ARGOSJ8_IA/ARGOSJ8_IA_/install/path_manager:/home/rhobtor/PHD/ARGOSJ8_IA/ARGOSJ8_IA_/install/path_manager_interfaces:/home/rhobtor/PHD/ARGOSJ8_IA/ARGOSJ8_IA_/install/joy_linux:/home/rhobtor/PHD/ARGOSJ8_IA/ARGOSJ8_IA_/install/j8_xacro_model:/home/rhobtor/PHD/ARGOSJ8_IA/ARGOSJ8_IA_/install/hector_gazebo_plugins:/home/rhobtor/PHD/ARGOSJ8_IA/ARGOSJ8_IA_/install/fixposition_sensor_pkg:/home/rhobtor/PHD/ARGOSJ8_IA/ARGOSJ8_IA_/install/fixposition_odometry_converter_ros2:/home/rhobtor/PHD/ARGOSJ8_IA/ARGOSJ8_IA_/install/fixposition_driver_ros2:/home/rhobtor/PHD/ARGOSJ8_IA/ARGOSJ8_IA_/install/fixposition_driver_lib:/home/rhobtor/PHD/ARGOSJ8_IA/ARGOSJ8_IA_/install/fixposition_gnss_tf:/home/rhobtor/PHD/ARGOSJ8_IA/ARGOSJ8_IA_/install/ctl_mission_interfaces:/home/rhobtor/PHD/ARGOSJ8_IA/ARGOSJ8_IA_/install/car_cpp:/home/rhobtor/PHD/ARGOSJ8_IA/ARGOSJ8_IA_/install/argj801_setup:/home/rhobtor/PHD/ARGOSJ8_IA/ARGOSJ8_IA_/install/argj801_sensors:/home/rhobtor/PHD/ARGOSJ8_IA/ARGOSJ8_IA_/install/argj801_sensors_msgs:/home/rhobtor/PHD/ARGOSJ8_IA/ARGOSJ8_IA_/install/argj801_ctl_platform:/home/rhobtor/PHD/ARGOSJ8_IA/ARGOSJ8_IA_/install/argj801_ctl_platform_interfaces:/home/rhobtor/reactive/Reactive-Navegation/workspace_full_conected/install/octomap_mapping:/home/rhobtor/reactive/Reactive-Navegation/workspace_full_conected/install/octomap_server:/home/rhobtor/reactive/Reactive-Navegation/workspace_full_conected/install/octomap_rviz_plugins:/home/rhobtor/reactive/Reactive-Navegation/workspace_full_conected/install/hector_gazebo_plugins:/home/rhobtor/reactive/Reactive-Navegation/workspace_full_conected/install/car_cpp:/home/rhobtor/reactive/Reactive-Navegation/workspace_full_conected/install/car_interfaces:/home/rhobtor/PHD/ARGOSJ8_IA/ARGOSJ8_IA_/install/ntrip_client:/home/rhobtor/PHD/ARGOSJ8_IA/ARGOSJ8_IA_/install/j8_gui:/home/rhobtor/PHD/ARGOSJ8_IA/ARGOSJ8_IA_/install/car:/home/rhobtor/PHD/ARGOSJ8_IA/ARGOSJ8_IA_/install/android_ros2_server:/home/rhobtor/PHD/ARGOSJ8_IA/ARGOSJ8_IA_/install/GUI_pkg:/home/rhobtor/reactive/Reactive-Navegation/workspace_full_conected/install/car:/opt/ros/humble LD_LIBRARY_PATH=/home/rhobtor/PHD/ARGOSJ8_IA/ARGOSJ8_IA_/install/car_interfaces/lib:/home/rhobtor/PHD/ARGOSJ8_IA/ARGOSJ8_IA_/install/wiimote_msgs/lib:/home/rhobtor/PHD/ARGOSJ8_IA/ARGOSJ8_IA_/install/ublox_gps/lib:/home/rhobtor/PHD/ARGOSJ8_IA/ARGOSJ8_IA_/install/ublox_msgs/lib:/home/rhobtor/PHD/ARGOSJ8_IA/ARGOSJ8_IA_/install/spacenav/lib:/home/rhobtor/PHD/ARGOSJ8_IA/ARGOSJ8_IA_/install/laser_segmentation/lib:/home/rhobtor/PHD/ARGOSJ8_IA/ARGOSJ8_IA_/install/slg_msgs/lib:/home/rhobtor/PHD/ARGOSJ8_IA/ARGOSJ8_IA_/install/security_check_interfaces/lib:/home/rhobtor/PHD/ARGOSJ8_IA/ARGOSJ8_IA_/install/joy/lib:/home/rhobtor/PHD/ARGOSJ8_IA/ARGOSJ8_IA_/install/path_manager_interfaces/lib:/home/rhobtor/PHD/ARGOSJ8_IA/ARGOSJ8_IA_/install/j8_xacro_model/lib:/home/rhobtor/PHD/ARGOSJ8_IA/ARGOSJ8_IA_/install/hector_gazebo_plugins/lib:/home/rhobtor/PHD/ARGOSJ8_IA/ARGOSJ8_IA_/install/fixposition_sensor_pkg/lib:/home/rhobtor/PHD/ARGOSJ8_IA/ARGOSJ8_IA_/install/fixposition_odometry_converter_ros2/lib:/home/rhobtor/PHD/ARGOSJ8_IA/ARGOSJ8_IA_/install/fixposition_driver_ros2/lib:/home/rhobtor/PHD/ARGOSJ8_IA/ARGOSJ8_IA_/install/fixposition_driver_lib/lib:/home/rhobtor/PHD/ARGOSJ8_IA/ARGOSJ8_IA_/install/fixposition_gnss_tf/lib:/home/rhobtor/PHD/ARGOSJ8_IA/ARGOSJ8_IA_/install/ctl_mission_interfaces/lib:/home/rhobtor/PHD/ARGOSJ8_IA/ARGOSJ8_IA_/install/car_cpp/lib:/home/rhobtor/PHD/ARGOSJ8_IA/ARGOSJ8_IA_/install/argj801_sensors_msgs/lib:/home/rhobtor/PHD/ARGOSJ8_IA/ARGOSJ8_IA_/install/argj801_ctl_platform_interfaces/lib:/home/rhobtor/reactive/Reactive-Navegation/workspace_full_conected/install/octomap_server/lib:/home/rhobtor/reactive/Reactive-Navegation/workspace_full_conected/install/octomap_rviz_plugins/lib:/home/rhobtor/reactive/Reactive-Navegation/workspace_full_conected/install/hector_gazebo_plugins/lib:/home/rhobtor/reactive/Reactive-Navegation/workspace_full_conected/install/car_cpp/lib:/home/rhobtor/reactive/Reactive-Navegation/workspace_full_conected/install/car_interfaces/lib:/usr/lib/x86_64-linux-gnu/gazebo-11/plugins:/opt/ros/humble/opt/rviz_ogre_vendor/lib:/opt/ros/humble/lib/x86_64-linux-gnu:/opt/ros/humble/lib /usr/bin/cmake --install /home/rhobtor/PHD/ARGOSJ8_IA/ARGOSJ8_IA_/build/car_cpp
[3.460s] Level 1:colcon.colcon_core.shell:create_environment_hook('car_cpp', 'cmake_prefix_path')
[3.460s] INFO:colcon.colcon_core.shell:Creating environment hook '/home/rhobtor/PHD/ARGOSJ8_IA/ARGOSJ8_IA_/install/car_cpp/share/car_cpp/hook/cmake_prefix_path.ps1'
[3.461s] INFO:colcon.colcon_core.shell:Creating environment descriptor '/home/rhobtor/PHD/ARGOSJ8_IA/ARGOSJ8_IA_/install/car_cpp/share/car_cpp/hook/cmake_prefix_path.dsv'
[3.462s] INFO:colcon.colcon_core.shell:Creating environment hook '/home/rhobtor/PHD/ARGOSJ8_IA/ARGOSJ8_IA_/install/car_cpp/share/car_cpp/hook/cmake_prefix_path.sh'
[3.462s] Level 1:colcon.colcon_core.environment:checking '/home/rhobtor/PHD/ARGOSJ8_IA/ARGOSJ8_IA_/install/car_cpp/lib'
[3.462s] Level 1:colcon.colcon_core.shell:create_environment_hook('car_cpp', 'ld_library_path_lib')
[3.462s] INFO:colcon.colcon_core.shell:Creating environment hook '/home/rhobtor/PHD/ARGOSJ8_IA/ARGOSJ8_IA_/install/car_cpp/share/car_cpp/hook/ld_library_path_lib.ps1'
[3.463s] INFO:colcon.colcon_core.shell:Creating environment descriptor '/home/rhobtor/PHD/ARGOSJ8_IA/ARGOSJ8_IA_/install/car_cpp/share/car_cpp/hook/ld_library_path_lib.dsv'
[3.477s] INFO:colcon.colcon_core.shell:Creating environment hook '/home/rhobtor/PHD/ARGOSJ8_IA/ARGOSJ8_IA_/install/car_cpp/share/car_cpp/hook/ld_library_path_lib.sh'
[3.477s] Level 1:colcon.colcon_core.environment:checking '/home/rhobtor/PHD/ARGOSJ8_IA/ARGOSJ8_IA_/install/car_cpp/bin'
[3.477s] Level 1:colcon.colcon_core.environment:checking '/home/rhobtor/PHD/ARGOSJ8_IA/ARGOSJ8_IA_/install/car_cpp/lib/pkgconfig/car_cpp.pc'
[3.477s] Level 1:colcon.colcon_core.environment:checking '/home/rhobtor/PHD/ARGOSJ8_IA/ARGOSJ8_IA_/install/car_cpp/lib/python3.10/site-packages'
[3.478s] Level 1:colcon.colcon_core.environment:checking '/home/rhobtor/PHD/ARGOSJ8_IA/ARGOSJ8_IA_/install/car_cpp/bin'
[3.478s] INFO:colcon.colcon_core.shell:Creating package script '/home/rhobtor/PHD/ARGOSJ8_IA/ARGOSJ8_IA_/install/car_cpp/share/car_cpp/package.ps1'
[3.479s] INFO:colcon.colcon_core.shell:Creating package descriptor '/home/rhobtor/PHD/ARGOSJ8_IA/ARGOSJ8_IA_/install/car_cpp/share/car_cpp/package.dsv'
[3.479s] INFO:colcon.colcon_core.shell:Creating package script '/home/rhobtor/PHD/ARGOSJ8_IA/ARGOSJ8_IA_/install/car_cpp/share/car_cpp/package.sh'
[3.479s] INFO:colcon.colcon_core.shell:Creating package script '/home/rhobtor/PHD/ARGOSJ8_IA/ARGOSJ8_IA_/install/car_cpp/share/car_cpp/package.bash'
[3.479s] INFO:colcon.colcon_core.shell:Creating package script '/home/rhobtor/PHD/ARGOSJ8_IA/ARGOSJ8_IA_/install/car_cpp/share/car_cpp/package.zsh'
[3.480s] Level 1:colcon.colcon_core.environment:create_file_with_runtime_dependencies(/home/rhobtor/PHD/ARGOSJ8_IA/ARGOSJ8_IA_/install/car_cpp/share/colcon-core/packages/car_cpp)
[3.509s] Level 1:colcon.colcon_core.environment:create_environment_scripts_only(car_cpp)
[3.510s] Level 1:colcon.colcon_core.environment:checking '/home/rhobtor/PHD/ARGOSJ8_IA/ARGOSJ8_IA_/install/car_cpp' for CMake module files
[3.510s] Level 1:colcon.colcon_core.environment:checking '/home/rhobtor/PHD/ARGOSJ8_IA/ARGOSJ8_IA_/install/car_cpp' for CMake config files
[3.510s] Level 1:colcon.colcon_core.shell:create_environment_hook('car_cpp', 'cmake_prefix_path')
[3.511s] INFO:colcon.colcon_core.shell:Creating environment hook '/home/rhobtor/PHD/ARGOSJ8_IA/ARGOSJ8_IA_/install/car_cpp/share/car_cpp/hook/cmake_prefix_path.ps1'
[3.511s] INFO:colcon.colcon_core.shell:Creating environment descriptor '/home/rhobtor/PHD/ARGOSJ8_IA/ARGOSJ8_IA_/install/car_cpp/share/car_cpp/hook/cmake_prefix_path.dsv'
[3.512s] INFO:colcon.colcon_core.shell:Creating environment hook '/home/rhobtor/PHD/ARGOSJ8_IA/ARGOSJ8_IA_/install/car_cpp/share/car_cpp/hook/cmake_prefix_path.sh'
[3.512s] Level 1:colcon.colcon_core.environment:checking '/home/rhobtor/PHD/ARGOSJ8_IA/ARGOSJ8_IA_/install/car_cpp/lib'
[3.512s] Level 1:colcon.colcon_core.shell:create_environment_hook('car_cpp', 'ld_library_path_lib')
[3.513s] INFO:colcon.colcon_core.shell:Creating environment hook '/home/rhobtor/PHD/ARGOSJ8_IA/ARGOSJ8_IA_/install/car_cpp/share/car_cpp/hook/ld_library_path_lib.ps1'
[3.513s] INFO:colcon.colcon_core.shell:Creating environment descriptor '/home/rhobtor/PHD/ARGOSJ8_IA/ARGOSJ8_IA_/install/car_cpp/share/car_cpp/hook/ld_library_path_lib.dsv'
[3.513s] INFO:colcon.colcon_core.shell:Creating environment hook '/home/rhobtor/PHD/ARGOSJ8_IA/ARGOSJ8_IA_/install/car_cpp/share/car_cpp/hook/ld_library_path_lib.sh'
[3.529s] Level 1:colcon.colcon_core.environment:checking '/home/rhobtor/PHD/ARGOSJ8_IA/ARGOSJ8_IA_/install/car_cpp/bin'
[3.530s] Level 1:colcon.colcon_core.environment:checking '/home/rhobtor/PHD/ARGOSJ8_IA/ARGOSJ8_IA_/install/car_cpp/lib/pkgconfig/car_cpp.pc'
[3.530s] Level 1:colcon.colcon_core.environment:checking '/home/rhobtor/PHD/ARGOSJ8_IA/ARGOSJ8_IA_/install/car_cpp/lib/python3.10/site-packages'
[3.530s] Level 1:colcon.colcon_core.environment:checking '/home/rhobtor/PHD/ARGOSJ8_IA/ARGOSJ8_IA_/install/car_cpp/bin'
[3.531s] INFO:colcon.colcon_core.shell:Creating package script '/home/rhobtor/PHD/ARGOSJ8_IA/ARGOSJ8_IA_/install/car_cpp/share/car_cpp/package.ps1'
[3.532s] INFO:colcon.colcon_core.shell:Creating package descriptor '/home/rhobtor/PHD/ARGOSJ8_IA/ARGOSJ8_IA_/install/car_cpp/share/car_cpp/package.dsv'
[3.533s] INFO:colcon.colcon_core.shell:Creating package script '/home/rhobtor/PHD/ARGOSJ8_IA/ARGOSJ8_IA_/install/car_cpp/share/car_cpp/package.sh'
[3.533s] INFO:colcon.colcon_core.shell:Creating package script '/home/rhobtor/PHD/ARGOSJ8_IA/ARGOSJ8_IA_/install/car_cpp/share/car_cpp/package.bash'
[3.533s] INFO:colcon.colcon_core.shell:Creating package script '/home/rhobtor/PHD/ARGOSJ8_IA/ARGOSJ8_IA_/install/car_cpp/share/car_cpp/package.zsh'
[3.533s] Level 1:colcon.colcon_core.environment:create_file_with_runtime_dependencies(/home/rhobtor/PHD/ARGOSJ8_IA/ARGOSJ8_IA_/install/car_cpp/share/colcon-core/packages/car_cpp)
[3.534s] Level 1:colcon.colcon_core.environment:create_environment_scripts_only(laser_segmentation)
[3.534s] Level 1:colcon.colcon_core.environment:checking '/home/rhobtor/PHD/ARGOSJ8_IA/ARGOSJ8_IA_/install/laser_segmentation' for CMake module files
[3.535s] Level 1:colcon.colcon_core.environment:checking '/home/rhobtor/PHD/ARGOSJ8_IA/ARGOSJ8_IA_/install/laser_segmentation' for CMake config files
[3.535s] Level 1:colcon.colcon_core.shell:create_environment_hook('laser_segmentation', 'cmake_prefix_path')
[3.535s] INFO:colcon.colcon_core.shell:Creating environment hook '/home/rhobtor/PHD/ARGOSJ8_IA/ARGOSJ8_IA_/install/laser_segmentation/share/laser_segmentation/hook/cmake_prefix_path.ps1'
[3.540s] INFO:colcon.colcon_core.shell:Creating environment descriptor '/home/rhobtor/PHD/ARGOSJ8_IA/ARGOSJ8_IA_/install/laser_segmentation/share/laser_segmentation/hook/cmake_prefix_path.dsv'
[3.541s] DEBUG:colcon.colcon_core.event_handler.log_command:Invoked command in '/home/rhobtor/PHD/ARGOSJ8_IA/ARGOSJ8_IA_/build/laser_segmentation' returned '0': CMAKE_PREFIX_PATH=/home/rhobtor/PHD/ARGOSJ8_IA/ARGOSJ8_IA_/install/slg_msgs:/home/rhobtor/PHD/ARGOSJ8_IA/ARGOSJ8_IA_/install/wiimote_msgs:/home/rhobtor/PHD/ARGOSJ8_IA/ARGOSJ8_IA_/install/ublox:/home/rhobtor/PHD/ARGOSJ8_IA/ARGOSJ8_IA_/install/ublox_gps:/home/rhobtor/PHD/ARGOSJ8_IA/ARGOSJ8_IA_/install/security_check:/home/rhobtor/PHD/ARGOSJ8_IA/ARGOSJ8_IA_/install/ctl_mission:/home/rhobtor/PHD/ARGOSJ8_IA/ARGOSJ8_IA_/install/ublox_msgs:/home/rhobtor/PHD/ARGOSJ8_IA/ARGOSJ8_IA_/install/ublox_serialization:/home/rhobtor/PHD/ARGOSJ8_IA/ARGOSJ8_IA_/install/spacenav:/home/rhobtor/PHD/ARGOSJ8_IA/ARGOSJ8_IA_/install/laser_segmentation:/home/rhobtor/PHD/ARGOSJ8_IA/ARGOSJ8_IA_/install/security_check_interfaces:/home/rhobtor/PHD/ARGOSJ8_IA/ARGOSJ8_IA_/install/joy:/home/rhobtor/PHD/ARGOSJ8_IA/ARGOSJ8_IA_/install/sdl2_vendor:/home/rhobtor/PHD/ARGOSJ8_IA/ARGOSJ8_IA_/install/path_manager:/home/rhobtor/PHD/ARGOSJ8_IA/ARGOSJ8_IA_/install/path_manager_interfaces:/home/rhobtor/PHD/ARGOSJ8_IA/ARGOSJ8_IA_/install/joy_linux:/home/rhobtor/PHD/ARGOSJ8_IA/ARGOSJ8_IA_/install/j8_xacro_model:/home/rhobtor/PHD/ARGOSJ8_IA/ARGOSJ8_IA_/install/hector_gazebo_plugins:/home/rhobtor/PHD/ARGOSJ8_IA/ARGOSJ8_IA_/install/fixposition_sensor_pkg:/home/rhobtor/PHD/ARGOSJ8_IA/ARGOSJ8_IA_/install/fixposition_odometry_converter_ros2:/home/rhobtor/PHD/ARGOSJ8_IA/ARGOSJ8_IA_/install/fixposition_driver_ros2:/home/rhobtor/PHD/ARGOSJ8_IA/ARGOSJ8_IA_/install/fixposition_driver_lib:/home/rhobtor/PHD/ARGOSJ8_IA/ARGOSJ8_IA_/install/fixposition_gnss_tf:/home/rhobtor/PHD/ARGOSJ8_IA/ARGOSJ8_IA_/install/ctl_mission_interfaces:/home/rhobtor/PHD/ARGOSJ8_IA/ARGOSJ8_IA_/install/car_cpp:/home/rhobtor/PHD/ARGOSJ8_IA/ARGOSJ8_IA_/install/car_interfaces:/home/rhobtor/PHD/ARGOSJ8_IA/ARGOSJ8_IA_/install/argj801_setup:/home/rhobtor/PHD/ARGOSJ8_IA/ARGOSJ8_IA_/install/argj801_sensors:/home/rhobtor/PHD/ARGOSJ8_IA/ARGOSJ8_IA_/install/argj801_sensors_msgs:/home/rhobtor/PHD/ARGOSJ8_IA/ARGOSJ8_IA_/install/argj801_ctl_platform:/home/rhobtor/PHD/ARGOSJ8_IA/ARGOSJ8_IA_/install/argj801_ctl_platform_interfaces:/home/rhobtor/reactive/Reactive-Navegation/workspace_full_conected/install/octomap_mapping:/home/rhobtor/reactive/Reactive-Navegation/workspace_full_conected/install/octomap_server:/home/rhobtor/reactive/Reactive-Navegation/workspace_full_conected/install/octomap_rviz_plugins:/home/rhobtor/reactive/Reactive-Navegation/workspace_full_conected/install/hector_gazebo_plugins:/home/rhobtor/reactive/Reactive-Navegation/workspace_full_conected/install/car_cpp:/home/rhobtor/reactive/Reactive-Navegation/workspace_full_conected/install/car_interfaces:/home/rhobtor/PHD/ARGOSJ8_IA/ARGOSJ8_IA_/install/ntrip_client:/home/rhobtor/PHD/ARGOSJ8_IA/ARGOSJ8_IA_/install/j8_gui:/home/rhobtor/PHD/ARGOSJ8_IA/ARGOSJ8_IA_/install/car:/home/rhobtor/PHD/ARGOSJ8_IA/ARGOSJ8_IA_/install/android_ros2_server:/home/rhobtor/PHD/ARGOSJ8_IA/ARGOSJ8_IA_/install/GUI_pkg:/home/rhobtor/reactive/Reactive-Navegation/workspace_full_conected/install/car:/opt/ros/humble LD_LIBRARY_PATH=/home/rhobtor/PHD/ARGOSJ8_IA/ARGOSJ8_IA_/install/slg_msgs/lib:/home/rhobtor/PHD/ARGOSJ8_IA/ARGOSJ8_IA_/install/wiimote_msgs/lib:/home/rhobtor/PHD/ARGOSJ8_IA/ARGOSJ8_IA_/install/ublox_gps/lib:/home/rhobtor/PHD/ARGOSJ8_IA/ARGOSJ8_IA_/install/ublox_msgs/lib:/home/rhobtor/PHD/ARGOSJ8_IA/ARGOSJ8_IA_/install/spacenav/lib:/home/rhobtor/PHD/ARGOSJ8_IA/ARGOSJ8_IA_/install/laser_segmentation/lib:/home/rhobtor/PHD/ARGOSJ8_IA/ARGOSJ8_IA_/install/security_check_interfaces/lib:/home/rhobtor/PHD/ARGOSJ8_IA/ARGOSJ8_IA_/install/joy/lib:/home/rhobtor/PHD/ARGOSJ8_IA/ARGOSJ8_IA_/install/path_manager_interfaces/lib:/home/rhobtor/PHD/ARGOSJ8_IA/ARGOSJ8_IA_/install/j8_xacro_model/lib:/home/rhobtor/PHD/ARGOSJ8_IA/ARGOSJ8_IA_/install/hector_gazebo_plugins/lib:/home/rhobtor/PHD/ARGOSJ8_IA/ARGOSJ8_IA_/install/fixposition_sensor_pkg/lib:/home/rhobtor/PHD/ARGOSJ8_IA/ARGOSJ8_IA_/install/fixposition_odometry_converter_ros2/lib:/home/rhobtor/PHD/ARGOSJ8_IA/ARGOSJ8_IA_/install/fixposition_driver_ros2/lib:/home/rhobtor/PHD/ARGOSJ8_IA/ARGOSJ8_IA_/install/fixposition_driver_lib/lib:/home/rhobtor/PHD/ARGOSJ8_IA/ARGOSJ8_IA_/install/fixposition_gnss_tf/lib:/home/rhobtor/PHD/ARGOSJ8_IA/ARGOSJ8_IA_/install/ctl_mission_interfaces/lib:/home/rhobtor/PHD/ARGOSJ8_IA/ARGOSJ8_IA_/install/car_cpp/lib:/home/rhobtor/PHD/ARGOSJ8_IA/ARGOSJ8_IA_/install/car_interfaces/lib:/home/rhobtor/PHD/ARGOSJ8_IA/ARGOSJ8_IA_/install/argj801_sensors_msgs/lib:/home/rhobtor/PHD/ARGOSJ8_IA/ARGOSJ8_IA_/install/argj801_ctl_platform_interfaces/lib:/home/rhobtor/reactive/Reactive-Navegation/workspace_full_conected/install/octomap_server/lib:/home/rhobtor/reactive/Reactive-Navegation/workspace_full_conected/install/octomap_rviz_plugins/lib:/home/rhobtor/reactive/Reactive-Navegation/workspace_full_conected/install/hector_gazebo_plugins/lib:/home/rhobtor/reactive/Reactive-Navegation/workspace_full_conected/install/car_cpp/lib:/home/rhobtor/reactive/Reactive-Navegation/workspace_full_conected/install/car_interfaces/lib:/usr/lib/x86_64-linux-gnu/gazebo-11/plugins:/opt/ros/humble/opt/rviz_ogre_vendor/lib:/opt/ros/humble/lib/x86_64-linux-gnu:/opt/ros/humble/lib /usr/bin/cmake --install /home/rhobtor/PHD/ARGOSJ8_IA/ARGOSJ8_IA_/build/laser_segmentation
[3.541s] INFO:colcon.colcon_core.shell:Creating environment hook '/home/rhobtor/PHD/ARGOSJ8_IA/ARGOSJ8_IA_/install/laser_segmentation/share/laser_segmentation/hook/cmake_prefix_path.sh'
[3.542s] Level 1:colcon.colcon_core.environment:checking '/home/rhobtor/PHD/ARGOSJ8_IA/ARGOSJ8_IA_/install/laser_segmentation/lib'
[3.542s] Level 1:colcon.colcon_core.shell:create_environment_hook('laser_segmentation', 'ld_library_path_lib')
[3.542s] INFO:colcon.colcon_core.shell:Creating environment hook '/home/rhobtor/PHD/ARGOSJ8_IA/ARGOSJ8_IA_/install/laser_segmentation/share/laser_segmentation/hook/ld_library_path_lib.ps1'
[3.543s] INFO:colcon.colcon_core.shell:Creating environment descriptor '/home/rhobtor/PHD/ARGOSJ8_IA/ARGOSJ8_IA_/install/laser_segmentation/share/laser_segmentation/hook/ld_library_path_lib.dsv'
[3.543s] INFO:colcon.colcon_core.shell:Creating environment hook '/home/rhobtor/PHD/ARGOSJ8_IA/ARGOSJ8_IA_/install/laser_segmentation/share/laser_segmentation/hook/ld_library_path_lib.sh'
[3.543s] Level 1:colcon.colcon_core.environment:checking '/home/rhobtor/PHD/ARGOSJ8_IA/ARGOSJ8_IA_/install/laser_segmentation/bin'
[3.543s] Level 1:colcon.colcon_core.environment:checking '/home/rhobtor/PHD/ARGOSJ8_IA/ARGOSJ8_IA_/install/laser_segmentation/lib/pkgconfig/laser_segmentation.pc'
[3.543s] Level 1:colcon.colcon_core.environment:checking '/home/rhobtor/PHD/ARGOSJ8_IA/ARGOSJ8_IA_/install/laser_segmentation/lib/python3.10/site-packages'
[3.543s] Level 1:colcon.colcon_core.environment:checking '/home/rhobtor/PHD/ARGOSJ8_IA/ARGOSJ8_IA_/install/laser_segmentation/bin'
[3.544s] INFO:colcon.colcon_core.shell:Creating package script '/home/rhobtor/PHD/ARGOSJ8_IA/ARGOSJ8_IA_/install/laser_segmentation/share/laser_segmentation/package.ps1'
[3.544s] INFO:colcon.colcon_core.shell:Creating package descriptor '/home/rhobtor/PHD/ARGOSJ8_IA/ARGOSJ8_IA_/install/laser_segmentation/share/laser_segmentation/package.dsv'
[3.544s] INFO:colcon.colcon_core.shell:Creating package script '/home/rhobtor/PHD/ARGOSJ8_IA/ARGOSJ8_IA_/install/laser_segmentation/share/laser_segmentation/package.sh'
[3.545s] INFO:colcon.colcon_core.shell:Creating package script '/home/rhobtor/PHD/ARGOSJ8_IA/ARGOSJ8_IA_/install/laser_segmentation/share/laser_segmentation/package.bash'
[3.545s] INFO:colcon.colcon_core.shell:Creating package script '/home/rhobtor/PHD/ARGOSJ8_IA/ARGOSJ8_IA_/install/laser_segmentation/share/laser_segmentation/package.zsh'
[3.545s] Level 1:colcon.colcon_core.environment:create_file_with_runtime_dependencies(/home/rhobtor/PHD/ARGOSJ8_IA/ARGOSJ8_IA_/install/laser_segmentation/share/colcon-core/packages/laser_segmentation)
[3.546s] Level 1:colcon.colcon_core.environment:create_environment_scripts_only(laser_segmentation)
[3.546s] Level 1:colcon.colcon_core.environment:checking '/home/rhobtor/PHD/ARGOSJ8_IA/ARGOSJ8_IA_/install/laser_segmentation' for CMake module files
[3.546s] Level 1:colcon.colcon_core.environment:checking '/home/rhobtor/PHD/ARGOSJ8_IA/ARGOSJ8_IA_/install/laser_segmentation' for CMake config files
[3.546s] Level 1:colcon.colcon_core.shell:create_environment_hook('laser_segmentation', 'cmake_prefix_path')
[3.546s] INFO:colcon.colcon_core.shell:Creating environment hook '/home/rhobtor/PHD/ARGOSJ8_IA/ARGOSJ8_IA_/install/laser_segmentation/share/laser_segmentation/hook/cmake_prefix_path.ps1'
[3.547s] INFO:colcon.colcon_core.shell:Creating environment descriptor '/home/rhobtor/PHD/ARGOSJ8_IA/ARGOSJ8_IA_/install/laser_segmentation/share/laser_segmentation/hook/cmake_prefix_path.dsv'
[3.554s] INFO:colcon.colcon_core.shell:Creating environment hook '/home/rhobtor/PHD/ARGOSJ8_IA/ARGOSJ8_IA_/install/laser_segmentation/share/laser_segmentation/hook/cmake_prefix_path.sh'
[3.555s] Level 1:colcon.colcon_core.environment:checking '/home/rhobtor/PHD/ARGOSJ8_IA/ARGOSJ8_IA_/install/laser_segmentation/lib'
[3.555s] Level 1:colcon.colcon_core.shell:create_environment_hook('laser_segmentation', 'ld_library_path_lib')
[3.555s] INFO:colcon.colcon_core.shell:Creating environment hook '/home/rhobtor/PHD/ARGOSJ8_IA/ARGOSJ8_IA_/install/laser_segmentation/share/laser_segmentation/hook/ld_library_path_lib.ps1'
[3.556s] INFO:colcon.colcon_core.shell:Creating environment descriptor '/home/rhobtor/PHD/ARGOSJ8_IA/ARGOSJ8_IA_/install/laser_segmentation/share/laser_segmentation/hook/ld_library_path_lib.dsv'
[3.556s] INFO:colcon.colcon_core.shell:Creating environment hook '/home/rhobtor/PHD/ARGOSJ8_IA/ARGOSJ8_IA_/install/laser_segmentation/share/laser_segmentation/hook/ld_library_path_lib.sh'
[3.556s] Level 1:colcon.colcon_core.environment:checking '/home/rhobtor/PHD/ARGOSJ8_IA/ARGOSJ8_IA_/install/laser_segmentation/bin'
[3.556s] Level 1:colcon.colcon_core.environment:checking '/home/rhobtor/PHD/ARGOSJ8_IA/ARGOSJ8_IA_/install/laser_segmentation/lib/pkgconfig/laser_segmentation.pc'
[3.556s] Level 1:colcon.colcon_core.environment:checking '/home/rhobtor/PHD/ARGOSJ8_IA/ARGOSJ8_IA_/install/laser_segmentation/lib/python3.10/site-packages'
[3.556s] Level 1:colcon.colcon_core.environment:checking '/home/rhobtor/PHD/ARGOSJ8_IA/ARGOSJ8_IA_/install/laser_segmentation/bin'
[3.557s] INFO:colcon.colcon_core.shell:Creating package script '/home/rhobtor/PHD/ARGOSJ8_IA/ARGOSJ8_IA_/install/laser_segmentation/share/laser_segmentation/package.ps1'
[3.557s] INFO:colcon.colcon_core.shell:Creating package descriptor '/home/rhobtor/PHD/ARGOSJ8_IA/ARGOSJ8_IA_/install/laser_segmentation/share/laser_segmentation/package.dsv'
[3.557s] INFO:colcon.colcon_core.shell:Creating package script '/home/rhobtor/PHD/ARGOSJ8_IA/ARGOSJ8_IA_/install/laser_segmentation/share/laser_segmentation/package.sh'
[3.558s] INFO:colcon.colcon_core.shell:Creating package script '/home/rhobtor/PHD/ARGOSJ8_IA/ARGOSJ8_IA_/install/laser_segmentation/share/laser_segmentation/package.bash'
[3.558s] INFO:colcon.colcon_core.shell:Creating package script '/home/rhobtor/PHD/ARGOSJ8_IA/ARGOSJ8_IA_/install/laser_segmentation/share/laser_segmentation/package.zsh'
[3.558s] Level 1:colcon.colcon_core.environment:create_file_with_runtime_dependencies(/home/rhobtor/PHD/ARGOSJ8_IA/ARGOSJ8_IA_/install/laser_segmentation/share/colcon-core/packages/laser_segmentation)
[3.560s] DEBUG:colcon.colcon_core.event_handler.log_command:Invoked command in '/home/rhobtor/PHD/ARGOSJ8_IA/ARGOSJ8_IA_/build/j8_xacro_model' returned '0': CMAKE_PREFIX_PATH=/home/rhobtor/PHD/ARGOSJ8_IA/ARGOSJ8_IA_/install/argj801_ctl_platform:/home/rhobtor/PHD/ARGOSJ8_IA/ARGOSJ8_IA_/install/argj801_ctl_platform_interfaces:/home/rhobtor/PHD/ARGOSJ8_IA/ARGOSJ8_IA_/install/wiimote_msgs:/home/rhobtor/PHD/ARGOSJ8_IA/ARGOSJ8_IA_/install/ublox:/home/rhobtor/PHD/ARGOSJ8_IA/ARGOSJ8_IA_/install/ublox_gps:/home/rhobtor/PHD/ARGOSJ8_IA/ARGOSJ8_IA_/install/security_check:/home/rhobtor/PHD/ARGOSJ8_IA/ARGOSJ8_IA_/install/ctl_mission:/home/rhobtor/PHD/ARGOSJ8_IA/ARGOSJ8_IA_/install/ublox_msgs:/home/rhobtor/PHD/ARGOSJ8_IA/ARGOSJ8_IA_/install/ublox_serialization:/home/rhobtor/PHD/ARGOSJ8_IA/ARGOSJ8_IA_/install/spacenav:/home/rhobtor/PHD/ARGOSJ8_IA/ARGOSJ8_IA_/install/laser_segmentation:/home/rhobtor/PHD/ARGOSJ8_IA/ARGOSJ8_IA_/install/slg_msgs:/home/rhobtor/PHD/ARGOSJ8_IA/ARGOSJ8_IA_/install/security_check_interfaces:/home/rhobtor/PHD/ARGOSJ8_IA/ARGOSJ8_IA_/install/joy:/home/rhobtor/PHD/ARGOSJ8_IA/ARGOSJ8_IA_/install/sdl2_vendor:/home/rhobtor/PHD/ARGOSJ8_IA/ARGOSJ8_IA_/install/path_manager:/home/rhobtor/PHD/ARGOSJ8_IA/ARGOSJ8_IA_/install/path_manager_interfaces:/home/rhobtor/PHD/ARGOSJ8_IA/ARGOSJ8_IA_/install/joy_linux:/home/rhobtor/PHD/ARGOSJ8_IA/ARGOSJ8_IA_/install/j8_xacro_model:/home/rhobtor/PHD/ARGOSJ8_IA/ARGOSJ8_IA_/install/hector_gazebo_plugins:/home/rhobtor/PHD/ARGOSJ8_IA/ARGOSJ8_IA_/install/fixposition_sensor_pkg:/home/rhobtor/PHD/ARGOSJ8_IA/ARGOSJ8_IA_/install/fixposition_odometry_converter_ros2:/home/rhobtor/PHD/ARGOSJ8_IA/ARGOSJ8_IA_/install/fixposition_driver_ros2:/home/rhobtor/PHD/ARGOSJ8_IA/ARGOSJ8_IA_/install/fixposition_driver_lib:/home/rhobtor/PHD/ARGOSJ8_IA/ARGOSJ8_IA_/install/fixposition_gnss_tf:/home/rhobtor/PHD/ARGOSJ8_IA/ARGOSJ8_IA_/install/ctl_mission_interfaces:/home/rhobtor/PHD/ARGOSJ8_IA/ARGOSJ8_IA_/install/car_cpp:/home/rhobtor/PHD/ARGOSJ8_IA/ARGOSJ8_IA_/install/car_interfaces:/home/rhobtor/PHD/ARGOSJ8_IA/ARGOSJ8_IA_/install/argj801_setup:/home/rhobtor/PHD/ARGOSJ8_IA/ARGOSJ8_IA_/install/argj801_sensors:/home/rhobtor/PHD/ARGOSJ8_IA/ARGOSJ8_IA_/install/argj801_sensors_msgs:/home/rhobtor/reactive/Reactive-Navegation/workspace_full_conected/install/octomap_mapping:/home/rhobtor/reactive/Reactive-Navegation/workspace_full_conected/install/octomap_server:/home/rhobtor/reactive/Reactive-Navegation/workspace_full_conected/install/octomap_rviz_plugins:/home/rhobtor/reactive/Reactive-Navegation/workspace_full_conected/install/hector_gazebo_plugins:/home/rhobtor/reactive/Reactive-Navegation/workspace_full_conected/install/car_cpp:/home/rhobtor/reactive/Reactive-Navegation/workspace_full_conected/install/car_interfaces:/home/rhobtor/PHD/ARGOSJ8_IA/ARGOSJ8_IA_/install/ntrip_client:/home/rhobtor/PHD/ARGOSJ8_IA/ARGOSJ8_IA_/install/j8_gui:/home/rhobtor/PHD/ARGOSJ8_IA/ARGOSJ8_IA_/install/car:/home/rhobtor/PHD/ARGOSJ8_IA/ARGOSJ8_IA_/install/android_ros2_server:/home/rhobtor/PHD/ARGOSJ8_IA/ARGOSJ8_IA_/install/GUI_pkg:/home/rhobtor/reactive/Reactive-Navegation/workspace_full_conected/install/car:/opt/ros/humble LD_LIBRARY_PATH=/home/rhobtor/PHD/ARGOSJ8_IA/ARGOSJ8_IA_/install/argj801_ctl_platform_interfaces/lib:/home/rhobtor/PHD/ARGOSJ8_IA/ARGOSJ8_IA_/install/wiimote_msgs/lib:/home/rhobtor/PHD/ARGOSJ8_IA/ARGOSJ8_IA_/install/ublox_gps/lib:/home/rhobtor/PHD/ARGOSJ8_IA/ARGOSJ8_IA_/install/ublox_msgs/lib:/home/rhobtor/PHD/ARGOSJ8_IA/ARGOSJ8_IA_/install/spacenav/lib:/home/rhobtor/PHD/ARGOSJ8_IA/ARGOSJ8_IA_/install/laser_segmentation/lib:/home/rhobtor/PHD/ARGOSJ8_IA/ARGOSJ8_IA_/install/slg_msgs/lib:/home/rhobtor/PHD/ARGOSJ8_IA/ARGOSJ8_IA_/install/security_check_interfaces/lib:/home/rhobtor/PHD/ARGOSJ8_IA/ARGOSJ8_IA_/install/joy/lib:/home/rhobtor/PHD/ARGOSJ8_IA/ARGOSJ8_IA_/install/path_manager_interfaces/lib:/home/rhobtor/PHD/ARGOSJ8_IA/ARGOSJ8_IA_/install/j8_xacro_model/lib:/home/rhobtor/PHD/ARGOSJ8_IA/ARGOSJ8_IA_/install/hector_gazebo_plugins/lib:/home/rhobtor/PHD/ARGOSJ8_IA/ARGOSJ8_IA_/install/fixposition_sensor_pkg/lib:/home/rhobtor/PHD/ARGOSJ8_IA/ARGOSJ8_IA_/install/fixposition_odometry_converter_ros2/lib:/home/rhobtor/PHD/ARGOSJ8_IA/ARGOSJ8_IA_/install/fixposition_driver_ros2/lib:/home/rhobtor/PHD/ARGOSJ8_IA/ARGOSJ8_IA_/install/fixposition_driver_lib/lib:/home/rhobtor/PHD/ARGOSJ8_IA/ARGOSJ8_IA_/install/fixposition_gnss_tf/lib:/home/rhobtor/PHD/ARGOSJ8_IA/ARGOSJ8_IA_/install/ctl_mission_interfaces/lib:/home/rhobtor/PHD/ARGOSJ8_IA/ARGOSJ8_IA_/install/car_cpp/lib:/home/rhobtor/PHD/ARGOSJ8_IA/ARGOSJ8_IA_/install/car_interfaces/lib:/home/rhobtor/PHD/ARGOSJ8_IA/ARGOSJ8_IA_/install/argj801_sensors_msgs/lib:/home/rhobtor/reactive/Reactive-Navegation/workspace_full_conected/install/octomap_server/lib:/home/rhobtor/reactive/Reactive-Navegation/workspace_full_conected/install/octomap_rviz_plugins/lib:/home/rhobtor/reactive/Reactive-Navegation/workspace_full_conected/install/hector_gazebo_plugins/lib:/home/rhobtor/reactive/Reactive-Navegation/workspace_full_conected/install/car_cpp/lib:/home/rhobtor/reactive/Reactive-Navegation/workspace_full_conected/install/car_interfaces/lib:/usr/lib/x86_64-linux-gnu/gazebo-11/plugins:/opt/ros/humble/opt/rviz_ogre_vendor/lib:/opt/ros/humble/lib/x86_64-linux-gnu:/opt/ros/humble/lib /usr/bin/cmake --build /home/rhobtor/PHD/ARGOSJ8_IA/ARGOSJ8_IA_/build/j8_xacro_model -- -j20 -l20
[3.561s] Level 1:colcon.colcon_core.environment:create_environment_scripts_only(ublox_msgs)
[3.561s] Level 1:colcon.colcon_core.environment:checking '/home/rhobtor/PHD/ARGOSJ8_IA/ARGOSJ8_IA_/install/ublox_msgs' for CMake module files
[3.561s] DEBUG:colcon.colcon_core.event_handler.log_command:Invoking command in '/home/rhobtor/PHD/ARGOSJ8_IA/ARGOSJ8_IA_/build/j8_xacro_model': CMAKE_PREFIX_PATH=/home/rhobtor/PHD/ARGOSJ8_IA/ARGOSJ8_IA_/install/argj801_ctl_platform:/home/rhobtor/PHD/ARGOSJ8_IA/ARGOSJ8_IA_/install/argj801_ctl_platform_interfaces:/home/rhobtor/PHD/ARGOSJ8_IA/ARGOSJ8_IA_/install/wiimote_msgs:/home/rhobtor/PHD/ARGOSJ8_IA/ARGOSJ8_IA_/install/ublox:/home/rhobtor/PHD/ARGOSJ8_IA/ARGOSJ8_IA_/install/ublox_gps:/home/rhobtor/PHD/ARGOSJ8_IA/ARGOSJ8_IA_/install/security_check:/home/rhobtor/PHD/ARGOSJ8_IA/ARGOSJ8_IA_/install/ctl_mission:/home/rhobtor/PHD/ARGOSJ8_IA/ARGOSJ8_IA_/install/ublox_msgs:/home/rhobtor/PHD/ARGOSJ8_IA/ARGOSJ8_IA_/install/ublox_serialization:/home/rhobtor/PHD/ARGOSJ8_IA/ARGOSJ8_IA_/install/spacenav:/home/rhobtor/PHD/ARGOSJ8_IA/ARGOSJ8_IA_/install/laser_segmentation:/home/rhobtor/PHD/ARGOSJ8_IA/ARGOSJ8_IA_/install/slg_msgs:/home/rhobtor/PHD/ARGOSJ8_IA/ARGOSJ8_IA_/install/security_check_interfaces:/home/rhobtor/PHD/ARGOSJ8_IA/ARGOSJ8_IA_/install/joy:/home/rhobtor/PHD/ARGOSJ8_IA/ARGOSJ8_IA_/install/sdl2_vendor:/home/rhobtor/PHD/ARGOSJ8_IA/ARGOSJ8_IA_/install/path_manager:/home/rhobtor/PHD/ARGOSJ8_IA/ARGOSJ8_IA_/install/path_manager_interfaces:/home/rhobtor/PHD/ARGOSJ8_IA/ARGOSJ8_IA_/install/joy_linux:/home/rhobtor/PHD/ARGOSJ8_IA/ARGOSJ8_IA_/install/j8_xacro_model:/home/rhobtor/PHD/ARGOSJ8_IA/ARGOSJ8_IA_/install/hector_gazebo_plugins:/home/rhobtor/PHD/ARGOSJ8_IA/ARGOSJ8_IA_/install/fixposition_sensor_pkg:/home/rhobtor/PHD/ARGOSJ8_IA/ARGOSJ8_IA_/install/fixposition_odometry_converter_ros2:/home/rhobtor/PHD/ARGOSJ8_IA/ARGOSJ8_IA_/install/fixposition_driver_ros2:/home/rhobtor/PHD/ARGOSJ8_IA/ARGOSJ8_IA_/install/fixposition_driver_lib:/home/rhobtor/PHD/ARGOSJ8_IA/ARGOSJ8_IA_/install/fixposition_gnss_tf:/home/rhobtor/PHD/ARGOSJ8_IA/ARGOSJ8_IA_/install/ctl_mission_interfaces:/home/rhobtor/PHD/ARGOSJ8_IA/ARGOSJ8_IA_/install/car_cpp:/home/rhobtor/PHD/ARGOSJ8_IA/ARGOSJ8_IA_/install/car_interfaces:/home/rhobtor/PHD/ARGOSJ8_IA/ARGOSJ8_IA_/install/argj801_setup:/home/rhobtor/PHD/ARGOSJ8_IA/ARGOSJ8_IA_/install/argj801_sensors:/home/rhobtor/PHD/ARGOSJ8_IA/ARGOSJ8_IA_/install/argj801_sensors_msgs:/home/rhobtor/reactive/Reactive-Navegation/workspace_full_conected/install/octomap_mapping:/home/rhobtor/reactive/Reactive-Navegation/workspace_full_conected/install/octomap_server:/home/rhobtor/reactive/Reactive-Navegation/workspace_full_conected/install/octomap_rviz_plugins:/home/rhobtor/reactive/Reactive-Navegation/workspace_full_conected/install/hector_gazebo_plugins:/home/rhobtor/reactive/Reactive-Navegation/workspace_full_conected/install/car_cpp:/home/rhobtor/reactive/Reactive-Navegation/workspace_full_conected/install/car_interfaces:/home/rhobtor/PHD/ARGOSJ8_IA/ARGOSJ8_IA_/install/ntrip_client:/home/rhobtor/PHD/ARGOSJ8_IA/ARGOSJ8_IA_/install/j8_gui:/home/rhobtor/PHD/ARGOSJ8_IA/ARGOSJ8_IA_/install/car:/home/rhobtor/PHD/ARGOSJ8_IA/ARGOSJ8_IA_/install/android_ros2_server:/home/rhobtor/PHD/ARGOSJ8_IA/ARGOSJ8_IA_/install/GUI_pkg:/home/rhobtor/reactive/Reactive-Navegation/workspace_full_conected/install/car:/opt/ros/humble LD_LIBRARY_PATH=/home/rhobtor/PHD/ARGOSJ8_IA/ARGOSJ8_IA_/install/argj801_ctl_platform_interfaces/lib:/home/rhobtor/PHD/ARGOSJ8_IA/ARGOSJ8_IA_/install/wiimote_msgs/lib:/home/rhobtor/PHD/ARGOSJ8_IA/ARGOSJ8_IA_/install/ublox_gps/lib:/home/rhobtor/PHD/ARGOSJ8_IA/ARGOSJ8_IA_/install/ublox_msgs/lib:/home/rhobtor/PHD/ARGOSJ8_IA/ARGOSJ8_IA_/install/spacenav/lib:/home/rhobtor/PHD/ARGOSJ8_IA/ARGOSJ8_IA_/install/laser_segmentation/lib:/home/rhobtor/PHD/ARGOSJ8_IA/ARGOSJ8_IA_/install/slg_msgs/lib:/home/rhobtor/PHD/ARGOSJ8_IA/ARGOSJ8_IA_/install/security_check_interfaces/lib:/home/rhobtor/PHD/ARGOSJ8_IA/ARGOSJ8_IA_/install/joy/lib:/home/rhobtor/PHD/ARGOSJ8_IA/ARGOSJ8_IA_/install/path_manager_interfaces/lib:/home/rhobtor/PHD/ARGOSJ8_IA/ARGOSJ8_IA_/install/j8_xacro_model/lib:/home/rhobtor/PHD/ARGOSJ8_IA/ARGOSJ8_IA_/install/hector_gazebo_plugins/lib:/home/rhobtor/PHD/ARGOSJ8_IA/ARGOSJ8_IA_/install/fixposition_sensor_pkg/lib:/home/rhobtor/PHD/ARGOSJ8_IA/ARGOSJ8_IA_/install/fixposition_odometry_converter_ros2/lib:/home/rhobtor/PHD/ARGOSJ8_IA/ARGOSJ8_IA_/install/fixposition_driver_ros2/lib:/home/rhobtor/PHD/ARGOSJ8_IA/ARGOSJ8_IA_/install/fixposition_driver_lib/lib:/home/rhobtor/PHD/ARGOSJ8_IA/ARGOSJ8_IA_/install/fixposition_gnss_tf/lib:/home/rhobtor/PHD/ARGOSJ8_IA/ARGOSJ8_IA_/install/ctl_mission_interfaces/lib:/home/rhobtor/PHD/ARGOSJ8_IA/ARGOSJ8_IA_/install/car_cpp/lib:/home/rhobtor/PHD/ARGOSJ8_IA/ARGOSJ8_IA_/install/car_interfaces/lib:/home/rhobtor/PHD/ARGOSJ8_IA/ARGOSJ8_IA_/install/argj801_sensors_msgs/lib:/home/rhobtor/reactive/Reactive-Navegation/workspace_full_conected/install/octomap_server/lib:/home/rhobtor/reactive/Reactive-Navegation/workspace_full_conected/install/octomap_rviz_plugins/lib:/home/rhobtor/reactive/Reactive-Navegation/workspace_full_conected/install/hector_gazebo_plugins/lib:/home/rhobtor/reactive/Reactive-Navegation/workspace_full_conected/install/car_cpp/lib:/home/rhobtor/reactive/Reactive-Navegation/workspace_full_conected/install/car_interfaces/lib:/usr/lib/x86_64-linux-gnu/gazebo-11/plugins:/opt/ros/humble/opt/rviz_ogre_vendor/lib:/opt/ros/humble/lib/x86_64-linux-gnu:/opt/ros/humble/lib /usr/bin/cmake --install /home/rhobtor/PHD/ARGOSJ8_IA/ARGOSJ8_IA_/build/j8_xacro_model
[3.561s] DEBUG:colcon.colcon_core.event_handler.log_command:Invoked command in '/home/rhobtor/PHD/ARGOSJ8_IA/ARGOSJ8_IA_/build/ublox_msgs' returned '0': CMAKE_PREFIX_PATH=/home/rhobtor/PHD/ARGOSJ8_IA/ARGOSJ8_IA_/install/ublox_serialization:/home/rhobtor/PHD/ARGOSJ8_IA/ARGOSJ8_IA_/install/wiimote_msgs:/home/rhobtor/PHD/ARGOSJ8_IA/ARGOSJ8_IA_/install/ublox:/home/rhobtor/PHD/ARGOSJ8_IA/ARGOSJ8_IA_/install/ublox_gps:/home/rhobtor/PHD/ARGOSJ8_IA/ARGOSJ8_IA_/install/security_check:/home/rhobtor/PHD/ARGOSJ8_IA/ARGOSJ8_IA_/install/ctl_mission:/home/rhobtor/PHD/ARGOSJ8_IA/ARGOSJ8_IA_/install/ublox_msgs:/home/rhobtor/PHD/ARGOSJ8_IA/ARGOSJ8_IA_/install/spacenav:/home/rhobtor/PHD/ARGOSJ8_IA/ARGOSJ8_IA_/install/laser_segmentation:/home/rhobtor/PHD/ARGOSJ8_IA/ARGOSJ8_IA_/install/slg_msgs:/home/rhobtor/PHD/ARGOSJ8_IA/ARGOSJ8_IA_/install/security_check_interfaces:/home/rhobtor/PHD/ARGOSJ8_IA/ARGOSJ8_IA_/install/joy:/home/rhobtor/PHD/ARGOSJ8_IA/ARGOSJ8_IA_/install/sdl2_vendor:/home/rhobtor/PHD/ARGOSJ8_IA/ARGOSJ8_IA_/install/path_manager:/home/rhobtor/PHD/ARGOSJ8_IA/ARGOSJ8_IA_/install/path_manager_interfaces:/home/rhobtor/PHD/ARGOSJ8_IA/ARGOSJ8_IA_/install/joy_linux:/home/rhobtor/PHD/ARGOSJ8_IA/ARGOSJ8_IA_/install/j8_xacro_model:/home/rhobtor/PHD/ARGOSJ8_IA/ARGOSJ8_IA_/install/hector_gazebo_plugins:/home/rhobtor/PHD/ARGOSJ8_IA/ARGOSJ8_IA_/install/fixposition_sensor_pkg:/home/rhobtor/PHD/ARGOSJ8_IA/ARGOSJ8_IA_/install/fixposition_odometry_converter_ros2:/home/rhobtor/PHD/ARGOSJ8_IA/ARGOSJ8_IA_/install/fixposition_driver_ros2:/home/rhobtor/PHD/ARGOSJ8_IA/ARGOSJ8_IA_/install/fixposition_driver_lib:/home/rhobtor/PHD/ARGOSJ8_IA/ARGOSJ8_IA_/install/fixposition_gnss_tf:/home/rhobtor/PHD/ARGOSJ8_IA/ARGOSJ8_IA_/install/ctl_mission_interfaces:/home/rhobtor/PHD/ARGOSJ8_IA/ARGOSJ8_IA_/install/car_cpp:/home/rhobtor/PHD/ARGOSJ8_IA/ARGOSJ8_IA_/install/car_interfaces:/home/rhobtor/PHD/ARGOSJ8_IA/ARGOSJ8_IA_/install/argj801_setup:/home/rhobtor/PHD/ARGOSJ8_IA/ARGOSJ8_IA_/install/argj801_sensors:/home/rhobtor/PHD/ARGOSJ8_IA/ARGOSJ8_IA_/install/argj801_sensors_msgs:/home/rhobtor/PHD/ARGOSJ8_IA/ARGOSJ8_IA_/install/argj801_ctl_platform:/home/rhobtor/PHD/ARGOSJ8_IA/ARGOSJ8_IA_/install/argj801_ctl_platform_interfaces:/home/rhobtor/reactive/Reactive-Navegation/workspace_full_conected/install/octomap_mapping:/home/rhobtor/reactive/Reactive-Navegation/workspace_full_conected/install/octomap_server:/home/rhobtor/reactive/Reactive-Navegation/workspace_full_conected/install/octomap_rviz_plugins:/home/rhobtor/reactive/Reactive-Navegation/workspace_full_conected/install/hector_gazebo_plugins:/home/rhobtor/reactive/Reactive-Navegation/workspace_full_conected/install/car_cpp:/home/rhobtor/reactive/Reactive-Navegation/workspace_full_conected/install/car_interfaces:/home/rhobtor/PHD/ARGOSJ8_IA/ARGOSJ8_IA_/install/ntrip_client:/home/rhobtor/PHD/ARGOSJ8_IA/ARGOSJ8_IA_/install/j8_gui:/home/rhobtor/PHD/ARGOSJ8_IA/ARGOSJ8_IA_/install/car:/home/rhobtor/PHD/ARGOSJ8_IA/ARGOSJ8_IA_/install/android_ros2_server:/home/rhobtor/PHD/ARGOSJ8_IA/ARGOSJ8_IA_/install/GUI_pkg:/home/rhobtor/reactive/Reactive-Navegation/workspace_full_conected/install/car:/opt/ros/humble /usr/bin/cmake --install /home/rhobtor/PHD/ARGOSJ8_IA/ARGOSJ8_IA_/build/ublox_msgs
[3.562s] Level 1:colcon.colcon_core.environment:checking '/home/rhobtor/PHD/ARGOSJ8_IA/ARGOSJ8_IA_/install/ublox_msgs' for CMake config files
[3.562s] Level 1:colcon.colcon_core.shell:create_environment_hook('ublox_msgs', 'cmake_prefix_path')
[3.562s] INFO:colcon.colcon_core.shell:Creating environment hook '/home/rhobtor/PHD/ARGOSJ8_IA/ARGOSJ8_IA_/install/ublox_msgs/share/ublox_msgs/hook/cmake_prefix_path.ps1'
[3.570s] INFO:colcon.colcon_core.shell:Creating environment descriptor '/home/rhobtor/PHD/ARGOSJ8_IA/ARGOSJ8_IA_/install/ublox_msgs/share/ublox_msgs/hook/cmake_prefix_path.dsv'
[3.572s] INFO:colcon.colcon_core.shell:Creating environment hook '/home/rhobtor/PHD/ARGOSJ8_IA/ARGOSJ8_IA_/install/ublox_msgs/share/ublox_msgs/hook/cmake_prefix_path.sh'
[3.573s] Level 1:colcon.colcon_core.environment:checking '/home/rhobtor/PHD/ARGOSJ8_IA/ARGOSJ8_IA_/install/ublox_msgs/lib'
[3.573s] Level 1:colcon.colcon_core.shell:create_environment_hook('ublox_msgs', 'ld_library_path_lib')
[3.573s] INFO:colcon.colcon_core.shell:Creating environment hook '/home/rhobtor/PHD/ARGOSJ8_IA/ARGOSJ8_IA_/install/ublox_msgs/share/ublox_msgs/hook/ld_library_path_lib.ps1'
[3.573s] INFO:colcon.colcon_core.shell:Creating environment descriptor '/home/rhobtor/PHD/ARGOSJ8_IA/ARGOSJ8_IA_/install/ublox_msgs/share/ublox_msgs/hook/ld_library_path_lib.dsv'
[3.574s] INFO:colcon.colcon_core.shell:Creating environment hook '/home/rhobtor/PHD/ARGOSJ8_IA/ARGOSJ8_IA_/install/ublox_msgs/share/ublox_msgs/hook/ld_library_path_lib.sh'
[3.574s] Level 1:colcon.colcon_core.environment:checking '/home/rhobtor/PHD/ARGOSJ8_IA/ARGOSJ8_IA_/install/ublox_msgs/bin'
[3.574s] Level 1:colcon.colcon_core.environment:checking '/home/rhobtor/PHD/ARGOSJ8_IA/ARGOSJ8_IA_/install/ublox_msgs/lib/pkgconfig/ublox_msgs.pc'
[3.574s] Level 1:colcon.colcon_core.environment:checking '/home/rhobtor/PHD/ARGOSJ8_IA/ARGOSJ8_IA_/install/ublox_msgs/lib/python3.10/site-packages'
[3.574s] Level 1:colcon.colcon_core.environment:checking '/home/rhobtor/PHD/ARGOSJ8_IA/ARGOSJ8_IA_/install/ublox_msgs/bin'
[3.575s] INFO:colcon.colcon_core.shell:Creating package script '/home/rhobtor/PHD/ARGOSJ8_IA/ARGOSJ8_IA_/install/ublox_msgs/share/ublox_msgs/package.ps1'
[3.575s] INFO:colcon.colcon_core.shell:Creating package descriptor '/home/rhobtor/PHD/ARGOSJ8_IA/ARGOSJ8_IA_/install/ublox_msgs/share/ublox_msgs/package.dsv'
[3.575s] INFO:colcon.colcon_core.shell:Creating package script '/home/rhobtor/PHD/ARGOSJ8_IA/ARGOSJ8_IA_/install/ublox_msgs/share/ublox_msgs/package.sh'
[3.575s] INFO:colcon.colcon_core.shell:Creating package script '/home/rhobtor/PHD/ARGOSJ8_IA/ARGOSJ8_IA_/install/ublox_msgs/share/ublox_msgs/package.bash'
[3.576s] INFO:colcon.colcon_core.shell:Creating package script '/home/rhobtor/PHD/ARGOSJ8_IA/ARGOSJ8_IA_/install/ublox_msgs/share/ublox_msgs/package.zsh'
[3.576s] Level 1:colcon.colcon_core.environment:create_file_with_runtime_dependencies(/home/rhobtor/PHD/ARGOSJ8_IA/ARGOSJ8_IA_/install/ublox_msgs/share/colcon-core/packages/ublox_msgs)
[3.576s] Level 1:colcon.colcon_core.environment:create_environment_scripts_only(ublox_msgs)
[3.577s] Level 1:colcon.colcon_core.environment:checking '/home/rhobtor/PHD/ARGOSJ8_IA/ARGOSJ8_IA_/install/ublox_msgs' for CMake module files
[3.577s] Level 1:colcon.colcon_core.environment:checking '/home/rhobtor/PHD/ARGOSJ8_IA/ARGOSJ8_IA_/install/ublox_msgs' for CMake config files
[3.577s] Level 1:colcon.colcon_core.shell:create_environment_hook('ublox_msgs', 'cmake_prefix_path')
[3.578s] INFO:colcon.colcon_core.shell:Creating environment hook '/home/rhobtor/PHD/ARGOSJ8_IA/ARGOSJ8_IA_/install/ublox_msgs/share/ublox_msgs/hook/cmake_prefix_path.ps1'
[3.578s] INFO:colcon.colcon_core.shell:Creating environment descriptor '/home/rhobtor/PHD/ARGOSJ8_IA/ARGOSJ8_IA_/install/ublox_msgs/share/ublox_msgs/hook/cmake_prefix_path.dsv'
[3.578s] INFO:colcon.colcon_core.shell:Creating environment hook '/home/rhobtor/PHD/ARGOSJ8_IA/ARGOSJ8_IA_/install/ublox_msgs/share/ublox_msgs/hook/cmake_prefix_path.sh'
[3.579s] Level 1:colcon.colcon_core.environment:checking '/home/rhobtor/PHD/ARGOSJ8_IA/ARGOSJ8_IA_/install/ublox_msgs/lib'
[3.579s] Level 1:colcon.colcon_core.shell:create_environment_hook('ublox_msgs', 'ld_library_path_lib')
[3.579s] INFO:colcon.colcon_core.shell:Creating environment hook '/home/rhobtor/PHD/ARGOSJ8_IA/ARGOSJ8_IA_/install/ublox_msgs/share/ublox_msgs/hook/ld_library_path_lib.ps1'
[3.599s] INFO:colcon.colcon_core.shell:Creating environment descriptor '/home/rhobtor/PHD/ARGOSJ8_IA/ARGOSJ8_IA_/install/ublox_msgs/share/ublox_msgs/hook/ld_library_path_lib.dsv'
[3.600s] INFO:colcon.colcon_core.shell:Creating environment hook '/home/rhobtor/PHD/ARGOSJ8_IA/ARGOSJ8_IA_/install/ublox_msgs/share/ublox_msgs/hook/ld_library_path_lib.sh'
[3.600s] Level 1:colcon.colcon_core.environment:checking '/home/rhobtor/PHD/ARGOSJ8_IA/ARGOSJ8_IA_/install/ublox_msgs/bin'
[3.600s] Level 1:colcon.colcon_core.environment:checking '/home/rhobtor/PHD/ARGOSJ8_IA/ARGOSJ8_IA_/install/ublox_msgs/lib/pkgconfig/ublox_msgs.pc'
[3.600s] Level 1:colcon.colcon_core.environment:checking '/home/rhobtor/PHD/ARGOSJ8_IA/ARGOSJ8_IA_/install/ublox_msgs/lib/python3.10/site-packages'
[3.601s] Level 1:colcon.colcon_core.environment:checking '/home/rhobtor/PHD/ARGOSJ8_IA/ARGOSJ8_IA_/install/ublox_msgs/bin'
[3.601s] INFO:colcon.colcon_core.shell:Creating package script '/home/rhobtor/PHD/ARGOSJ8_IA/ARGOSJ8_IA_/install/ublox_msgs/share/ublox_msgs/package.ps1'
[3.601s] INFO:colcon.colcon_core.shell:Creating package descriptor '/home/rhobtor/PHD/ARGOSJ8_IA/ARGOSJ8_IA_/install/ublox_msgs/share/ublox_msgs/package.dsv'
[3.601s] INFO:colcon.colcon_core.shell:Creating package script '/home/rhobtor/PHD/ARGOSJ8_IA/ARGOSJ8_IA_/install/ublox_msgs/share/ublox_msgs/package.sh'
[3.602s] INFO:colcon.colcon_core.shell:Creating package script '/home/rhobtor/PHD/ARGOSJ8_IA/ARGOSJ8_IA_/install/ublox_msgs/share/ublox_msgs/package.bash'
[3.602s] INFO:colcon.colcon_core.shell:Creating package script '/home/rhobtor/PHD/ARGOSJ8_IA/ARGOSJ8_IA_/install/ublox_msgs/share/ublox_msgs/package.zsh'
[3.632s] Level 1:colcon.colcon_core.environment:create_file_with_runtime_dependencies(/home/rhobtor/PHD/ARGOSJ8_IA/ARGOSJ8_IA_/install/ublox_msgs/share/colcon-core/packages/ublox_msgs)
[3.633s] INFO:colcon.colcon_ros.task.ament_cmake.build:Building ROS package in '/home/rhobtor/PHD/ARGOSJ8_IA/ARGOSJ8_IA_/src/ctl_mission/ctl_mission' with build type 'ament_cmake'
[3.633s] INFO:colcon.colcon_cmake.task.cmake.build:Building CMake package in '/home/rhobtor/PHD/ARGOSJ8_IA/ARGOSJ8_IA_/src/ctl_mission/ctl_mission'
[3.633s] INFO:colcon.colcon_core.shell:Skip shell extension 'powershell' for command environment: Not usable outside of PowerShell
[3.633s] DEBUG:colcon.colcon_core.shell:Skip shell extension 'dsv' for command environment
[3.637s] INFO:colcon.colcon_ros.task.ament_cmake.build:Building ROS package in '/home/rhobtor/PHD/ARGOSJ8_IA/ARGOSJ8_IA_/src/argo_drivers_pkgs/ublox/ublox_gps' with build type 'ament_cmake'
[3.637s] INFO:colcon.colcon_cmake.task.cmake.build:Building CMake package in '/home/rhobtor/PHD/ARGOSJ8_IA/ARGOSJ8_IA_/src/argo_drivers_pkgs/ublox/ublox_gps'
[3.637s] INFO:colcon.colcon_core.shell:Skip shell extension 'powershell' for command environment: Not usable outside of PowerShell
[3.637s] DEBUG:colcon.colcon_core.shell:Skip shell extension 'dsv' for command environment
[3.641s] Level 1:colcon.colcon_core.environment:create_environment_scripts_only(j8_xacro_model)
[3.641s] Level 1:colcon.colcon_core.environment:checking '/home/rhobtor/PHD/ARGOSJ8_IA/ARGOSJ8_IA_/install/j8_xacro_model' for CMake module files
[3.641s] DEBUG:colcon.colcon_core.event_handler.log_command:Invoked command in '/home/rhobtor/PHD/ARGOSJ8_IA/ARGOSJ8_IA_/build/j8_xacro_model' returned '0': CMAKE_PREFIX_PATH=/home/rhobtor/PHD/ARGOSJ8_IA/ARGOSJ8_IA_/install/argj801_ctl_platform:/home/rhobtor/PHD/ARGOSJ8_IA/ARGOSJ8_IA_/install/argj801_ctl_platform_interfaces:/home/rhobtor/PHD/ARGOSJ8_IA/ARGOSJ8_IA_/install/wiimote_msgs:/home/rhobtor/PHD/ARGOSJ8_IA/ARGOSJ8_IA_/install/ublox:/home/rhobtor/PHD/ARGOSJ8_IA/ARGOSJ8_IA_/install/ublox_gps:/home/rhobtor/PHD/ARGOSJ8_IA/ARGOSJ8_IA_/install/security_check:/home/rhobtor/PHD/ARGOSJ8_IA/ARGOSJ8_IA_/install/ctl_mission:/home/rhobtor/PHD/ARGOSJ8_IA/ARGOSJ8_IA_/install/ublox_msgs:/home/rhobtor/PHD/ARGOSJ8_IA/ARGOSJ8_IA_/install/ublox_serialization:/home/rhobtor/PHD/ARGOSJ8_IA/ARGOSJ8_IA_/install/spacenav:/home/rhobtor/PHD/ARGOSJ8_IA/ARGOSJ8_IA_/install/laser_segmentation:/home/rhobtor/PHD/ARGOSJ8_IA/ARGOSJ8_IA_/install/slg_msgs:/home/rhobtor/PHD/ARGOSJ8_IA/ARGOSJ8_IA_/install/security_check_interfaces:/home/rhobtor/PHD/ARGOSJ8_IA/ARGOSJ8_IA_/install/joy:/home/rhobtor/PHD/ARGOSJ8_IA/ARGOSJ8_IA_/install/sdl2_vendor:/home/rhobtor/PHD/ARGOSJ8_IA/ARGOSJ8_IA_/install/path_manager:/home/rhobtor/PHD/ARGOSJ8_IA/ARGOSJ8_IA_/install/path_manager_interfaces:/home/rhobtor/PHD/ARGOSJ8_IA/ARGOSJ8_IA_/install/joy_linux:/home/rhobtor/PHD/ARGOSJ8_IA/ARGOSJ8_IA_/install/j8_xacro_model:/home/rhobtor/PHD/ARGOSJ8_IA/ARGOSJ8_IA_/install/hector_gazebo_plugins:/home/rhobtor/PHD/ARGOSJ8_IA/ARGOSJ8_IA_/install/fixposition_sensor_pkg:/home/rhobtor/PHD/ARGOSJ8_IA/ARGOSJ8_IA_/install/fixposition_odometry_converter_ros2:/home/rhobtor/PHD/ARGOSJ8_IA/ARGOSJ8_IA_/install/fixposition_driver_ros2:/home/rhobtor/PHD/ARGOSJ8_IA/ARGOSJ8_IA_/install/fixposition_driver_lib:/home/rhobtor/PHD/ARGOSJ8_IA/ARGOSJ8_IA_/install/fixposition_gnss_tf:/home/rhobtor/PHD/ARGOSJ8_IA/ARGOSJ8_IA_/install/ctl_mission_interfaces:/home/rhobtor/PHD/ARGOSJ8_IA/ARGOSJ8_IA_/install/car_cpp:/home/rhobtor/PHD/ARGOSJ8_IA/ARGOSJ8_IA_/install/car_interfaces:/home/rhobtor/PHD/ARGOSJ8_IA/ARGOSJ8_IA_/install/argj801_setup:/home/rhobtor/PHD/ARGOSJ8_IA/ARGOSJ8_IA_/install/argj801_sensors:/home/rhobtor/PHD/ARGOSJ8_IA/ARGOSJ8_IA_/install/argj801_sensors_msgs:/home/rhobtor/reactive/Reactive-Navegation/workspace_full_conected/install/octomap_mapping:/home/rhobtor/reactive/Reactive-Navegation/workspace_full_conected/install/octomap_server:/home/rhobtor/reactive/Reactive-Navegation/workspace_full_conected/install/octomap_rviz_plugins:/home/rhobtor/reactive/Reactive-Navegation/workspace_full_conected/install/hector_gazebo_plugins:/home/rhobtor/reactive/Reactive-Navegation/workspace_full_conected/install/car_cpp:/home/rhobtor/reactive/Reactive-Navegation/workspace_full_conected/install/car_interfaces:/home/rhobtor/PHD/ARGOSJ8_IA/ARGOSJ8_IA_/install/ntrip_client:/home/rhobtor/PHD/ARGOSJ8_IA/ARGOSJ8_IA_/install/j8_gui:/home/rhobtor/PHD/ARGOSJ8_IA/ARGOSJ8_IA_/install/car:/home/rhobtor/PHD/ARGOSJ8_IA/ARGOSJ8_IA_/install/android_ros2_server:/home/rhobtor/PHD/ARGOSJ8_IA/ARGOSJ8_IA_/install/GUI_pkg:/home/rhobtor/reactive/Reactive-Navegation/workspace_full_conected/install/car:/opt/ros/humble LD_LIBRARY_PATH=/home/rhobtor/PHD/ARGOSJ8_IA/ARGOSJ8_IA_/install/argj801_ctl_platform_interfaces/lib:/home/rhobtor/PHD/ARGOSJ8_IA/ARGOSJ8_IA_/install/wiimote_msgs/lib:/home/rhobtor/PHD/ARGOSJ8_IA/ARGOSJ8_IA_/install/ublox_gps/lib:/home/rhobtor/PHD/ARGOSJ8_IA/ARGOSJ8_IA_/install/ublox_msgs/lib:/home/rhobtor/PHD/ARGOSJ8_IA/ARGOSJ8_IA_/install/spacenav/lib:/home/rhobtor/PHD/ARGOSJ8_IA/ARGOSJ8_IA_/install/laser_segmentation/lib:/home/rhobtor/PHD/ARGOSJ8_IA/ARGOSJ8_IA_/install/slg_msgs/lib:/home/rhobtor/PHD/ARGOSJ8_IA/ARGOSJ8_IA_/install/security_check_interfaces/lib:/home/rhobtor/PHD/ARGOSJ8_IA/ARGOSJ8_IA_/install/joy/lib:/home/rhobtor/PHD/ARGOSJ8_IA/ARGOSJ8_IA_/install/path_manager_interfaces/lib:/home/rhobtor/PHD/ARGOSJ8_IA/ARGOSJ8_IA_/install/j8_xacro_model/lib:/home/rhobtor/PHD/ARGOSJ8_IA/ARGOSJ8_IA_/install/hector_gazebo_plugins/lib:/home/rhobtor/PHD/ARGOSJ8_IA/ARGOSJ8_IA_/install/fixposition_sensor_pkg/lib:/home/rhobtor/PHD/ARGOSJ8_IA/ARGOSJ8_IA_/install/fixposition_odometry_converter_ros2/lib:/home/rhobtor/PHD/ARGOSJ8_IA/ARGOSJ8_IA_/install/fixposition_driver_ros2/lib:/home/rhobtor/PHD/ARGOSJ8_IA/ARGOSJ8_IA_/install/fixposition_driver_lib/lib:/home/rhobtor/PHD/ARGOSJ8_IA/ARGOSJ8_IA_/install/fixposition_gnss_tf/lib:/home/rhobtor/PHD/ARGOSJ8_IA/ARGOSJ8_IA_/install/ctl_mission_interfaces/lib:/home/rhobtor/PHD/ARGOSJ8_IA/ARGOSJ8_IA_/install/car_cpp/lib:/home/rhobtor/PHD/ARGOSJ8_IA/ARGOSJ8_IA_/install/car_interfaces/lib:/home/rhobtor/PHD/ARGOSJ8_IA/ARGOSJ8_IA_/install/argj801_sensors_msgs/lib:/home/rhobtor/reactive/Reactive-Navegation/workspace_full_conected/install/octomap_server/lib:/home/rhobtor/reactive/Reactive-Navegation/workspace_full_conected/install/octomap_rviz_plugins/lib:/home/rhobtor/reactive/Reactive-Navegation/workspace_full_conected/install/hector_gazebo_plugins/lib:/home/rhobtor/reactive/Reactive-Navegation/workspace_full_conected/install/car_cpp/lib:/home/rhobtor/reactive/Reactive-Navegation/workspace_full_conected/install/car_interfaces/lib:/usr/lib/x86_64-linux-gnu/gazebo-11/plugins:/opt/ros/humble/opt/rviz_ogre_vendor/lib:/opt/ros/humble/lib/x86_64-linux-gnu:/opt/ros/humble/lib /usr/bin/cmake --install /home/rhobtor/PHD/ARGOSJ8_IA/ARGOSJ8_IA_/build/j8_xacro_model
[3.642s] Level 1:colcon.colcon_core.environment:checking '/home/rhobtor/PHD/ARGOSJ8_IA/ARGOSJ8_IA_/install/j8_xacro_model' for CMake config files
[3.642s] Level 1:colcon.colcon_core.shell:create_environment_hook('j8_xacro_model', 'cmake_prefix_path')
[3.642s] INFO:colcon.colcon_core.shell:Creating environment hook '/home/rhobtor/PHD/ARGOSJ8_IA/ARGOSJ8_IA_/install/j8_xacro_model/share/j8_xacro_model/hook/cmake_prefix_path.ps1'
[3.643s] INFO:colcon.colcon_core.shell:Creating environment descriptor '/home/rhobtor/PHD/ARGOSJ8_IA/ARGOSJ8_IA_/install/j8_xacro_model/share/j8_xacro_model/hook/cmake_prefix_path.dsv'
[3.643s] INFO:colcon.colcon_core.shell:Creating environment hook '/home/rhobtor/PHD/ARGOSJ8_IA/ARGOSJ8_IA_/install/j8_xacro_model/share/j8_xacro_model/hook/cmake_prefix_path.sh'
[3.644s] Level 1:colcon.colcon_core.environment:checking '/home/rhobtor/PHD/ARGOSJ8_IA/ARGOSJ8_IA_/install/j8_xacro_model/lib'
[3.644s] Level 1:colcon.colcon_core.shell:create_environment_hook('j8_xacro_model', 'ld_library_path_lib')
[3.645s] INFO:colcon.colcon_core.shell:Creating environment hook '/home/rhobtor/PHD/ARGOSJ8_IA/ARGOSJ8_IA_/install/j8_xacro_model/share/j8_xacro_model/hook/ld_library_path_lib.ps1'
[3.645s] INFO:colcon.colcon_core.shell:Creating environment descriptor '/home/rhobtor/PHD/ARGOSJ8_IA/ARGOSJ8_IA_/install/j8_xacro_model/share/j8_xacro_model/hook/ld_library_path_lib.dsv'
[3.651s] INFO:colcon.colcon_core.shell:Creating environment hook '/home/rhobtor/PHD/ARGOSJ8_IA/ARGOSJ8_IA_/install/j8_xacro_model/share/j8_xacro_model/hook/ld_library_path_lib.sh'
[3.652s] Level 1:colcon.colcon_core.environment:checking '/home/rhobtor/PHD/ARGOSJ8_IA/ARGOSJ8_IA_/install/j8_xacro_model/bin'
[3.652s] Level 1:colcon.colcon_core.environment:checking '/home/rhobtor/PHD/ARGOSJ8_IA/ARGOSJ8_IA_/install/j8_xacro_model/lib/pkgconfig/j8_xacro_model.pc'
[3.652s] Level 1:colcon.colcon_core.environment:checking '/home/rhobtor/PHD/ARGOSJ8_IA/ARGOSJ8_IA_/install/j8_xacro_model/lib/python3.10/site-packages'
[3.652s] Level 1:colcon.colcon_core.environment:checking '/home/rhobtor/PHD/ARGOSJ8_IA/ARGOSJ8_IA_/install/j8_xacro_model/bin'
[3.652s] INFO:colcon.colcon_core.shell:Creating package script '/home/rhobtor/PHD/ARGOSJ8_IA/ARGOSJ8_IA_/install/j8_xacro_model/share/j8_xacro_model/package.ps1'
[3.652s] INFO:colcon.colcon_core.shell:Creating package descriptor '/home/rhobtor/PHD/ARGOSJ8_IA/ARGOSJ8_IA_/install/j8_xacro_model/share/j8_xacro_model/package.dsv'
[3.653s] INFO:colcon.colcon_core.shell:Creating package script '/home/rhobtor/PHD/ARGOSJ8_IA/ARGOSJ8_IA_/install/j8_xacro_model/share/j8_xacro_model/package.sh'
[3.653s] INFO:colcon.colcon_core.shell:Creating package script '/home/rhobtor/PHD/ARGOSJ8_IA/ARGOSJ8_IA_/install/j8_xacro_model/share/j8_xacro_model/package.bash'
[3.653s] INFO:colcon.colcon_core.shell:Creating package script '/home/rhobtor/PHD/ARGOSJ8_IA/ARGOSJ8_IA_/install/j8_xacro_model/share/j8_xacro_model/package.zsh'
[3.653s] Level 1:colcon.colcon_core.environment:create_file_with_runtime_dependencies(/home/rhobtor/PHD/ARGOSJ8_IA/ARGOSJ8_IA_/install/j8_xacro_model/share/colcon-core/packages/j8_xacro_model)
[3.654s] Level 1:colcon.colcon_core.environment:create_environment_scripts_only(j8_xacro_model)
[3.654s] Level 1:colcon.colcon_core.environment:checking '/home/rhobtor/PHD/ARGOSJ8_IA/ARGOSJ8_IA_/install/j8_xacro_model' for CMake module files
[3.654s] Level 1:colcon.colcon_core.environment:checking '/home/rhobtor/PHD/ARGOSJ8_IA/ARGOSJ8_IA_/install/j8_xacro_model' for CMake config files
[3.654s] Level 1:colcon.colcon_core.shell:create_environment_hook('j8_xacro_model', 'cmake_prefix_path')
[3.654s] INFO:colcon.colcon_core.shell:Creating environment hook '/home/rhobtor/PHD/ARGOSJ8_IA/ARGOSJ8_IA_/install/j8_xacro_model/share/j8_xacro_model/hook/cmake_prefix_path.ps1'
[3.655s] INFO:colcon.colcon_core.shell:Creating environment descriptor '/home/rhobtor/PHD/ARGOSJ8_IA/ARGOSJ8_IA_/install/j8_xacro_model/share/j8_xacro_model/hook/cmake_prefix_path.dsv'
[3.655s] INFO:colcon.colcon_core.shell:Creating environment hook '/home/rhobtor/PHD/ARGOSJ8_IA/ARGOSJ8_IA_/install/j8_xacro_model/share/j8_xacro_model/hook/cmake_prefix_path.sh'
[3.655s] Level 1:colcon.colcon_core.environment:checking '/home/rhobtor/PHD/ARGOSJ8_IA/ARGOSJ8_IA_/install/j8_xacro_model/lib'
[3.655s] Level 1:colcon.colcon_core.shell:create_environment_hook('j8_xacro_model', 'ld_library_path_lib')
[3.655s] INFO:colcon.colcon_core.shell:Creating environment hook '/home/rhobtor/PHD/ARGOSJ8_IA/ARGOSJ8_IA_/install/j8_xacro_model/share/j8_xacro_model/hook/ld_library_path_lib.ps1'
[3.660s] INFO:colcon.colcon_core.shell:Creating environment descriptor '/home/rhobtor/PHD/ARGOSJ8_IA/ARGOSJ8_IA_/install/j8_xacro_model/share/j8_xacro_model/hook/ld_library_path_lib.dsv'
[3.660s] INFO:colcon.colcon_core.shell:Creating environment hook '/home/rhobtor/PHD/ARGOSJ8_IA/ARGOSJ8_IA_/install/j8_xacro_model/share/j8_xacro_model/hook/ld_library_path_lib.sh'
[3.661s] Level 1:colcon.colcon_core.environment:checking '/home/rhobtor/PHD/ARGOSJ8_IA/ARGOSJ8_IA_/install/j8_xacro_model/bin'
[3.661s] Level 1:colcon.colcon_core.environment:checking '/home/rhobtor/PHD/ARGOSJ8_IA/ARGOSJ8_IA_/install/j8_xacro_model/lib/pkgconfig/j8_xacro_model.pc'
[3.661s] Level 1:colcon.colcon_core.environment:checking '/home/rhobtor/PHD/ARGOSJ8_IA/ARGOSJ8_IA_/install/j8_xacro_model/lib/python3.10/site-packages'
[3.661s] Level 1:colcon.colcon_core.environment:checking '/home/rhobtor/PHD/ARGOSJ8_IA/ARGOSJ8_IA_/install/j8_xacro_model/bin'
[3.661s] INFO:colcon.colcon_core.shell:Creating package script '/home/rhobtor/PHD/ARGOSJ8_IA/ARGOSJ8_IA_/install/j8_xacro_model/share/j8_xacro_model/package.ps1'
[3.662s] INFO:colcon.colcon_core.shell:Creating package descriptor '/home/rhobtor/PHD/ARGOSJ8_IA/ARGOSJ8_IA_/install/j8_xacro_model/share/j8_xacro_model/package.dsv'
[3.662s] INFO:colcon.colcon_core.shell:Creating package script '/home/rhobtor/PHD/ARGOSJ8_IA/ARGOSJ8_IA_/install/j8_xacro_model/share/j8_xacro_model/package.sh'
[3.662s] INFO:colcon.colcon_core.shell:Creating package script '/home/rhobtor/PHD/ARGOSJ8_IA/ARGOSJ8_IA_/install/j8_xacro_model/share/j8_xacro_model/package.bash'
[3.662s] INFO:colcon.colcon_core.shell:Creating package script '/home/rhobtor/PHD/ARGOSJ8_IA/ARGOSJ8_IA_/install/j8_xacro_model/share/j8_xacro_model/package.zsh'
[3.663s] Level 1:colcon.colcon_core.environment:create_file_with_runtime_dependencies(/home/rhobtor/PHD/ARGOSJ8_IA/ARGOSJ8_IA_/install/j8_xacro_model/share/colcon-core/packages/j8_xacro_model)
[3.680s] DEBUG:colcon.colcon_core.event_handler.log_command:Invoking command in '/home/rhobtor/PHD/ARGOSJ8_IA/ARGOSJ8_IA_/build/ublox_gps': CMAKE_PREFIX_PATH=/home/rhobtor/PHD/ARGOSJ8_IA/ARGOSJ8_IA_/install/ublox_msgs:/home/rhobtor/PHD/ARGOSJ8_IA/ARGOSJ8_IA_/install/ublox_serialization:/home/rhobtor/PHD/ARGOSJ8_IA/ARGOSJ8_IA_/install/wiimote_msgs:/home/rhobtor/PHD/ARGOSJ8_IA/ARGOSJ8_IA_/install/ublox:/home/rhobtor/PHD/ARGOSJ8_IA/ARGOSJ8_IA_/install/ublox_gps:/home/rhobtor/PHD/ARGOSJ8_IA/ARGOSJ8_IA_/install/security_check:/home/rhobtor/PHD/ARGOSJ8_IA/ARGOSJ8_IA_/install/ctl_mission:/home/rhobtor/PHD/ARGOSJ8_IA/ARGOSJ8_IA_/install/spacenav:/home/rhobtor/PHD/ARGOSJ8_IA/ARGOSJ8_IA_/install/laser_segmentation:/home/rhobtor/PHD/ARGOSJ8_IA/ARGOSJ8_IA_/install/slg_msgs:/home/rhobtor/PHD/ARGOSJ8_IA/ARGOSJ8_IA_/install/security_check_interfaces:/home/rhobtor/PHD/ARGOSJ8_IA/ARGOSJ8_IA_/install/joy:/home/rhobtor/PHD/ARGOSJ8_IA/ARGOSJ8_IA_/install/sdl2_vendor:/home/rhobtor/PHD/ARGOSJ8_IA/ARGOSJ8_IA_/install/path_manager:/home/rhobtor/PHD/ARGOSJ8_IA/ARGOSJ8_IA_/install/path_manager_interfaces:/home/rhobtor/PHD/ARGOSJ8_IA/ARGOSJ8_IA_/install/joy_linux:/home/rhobtor/PHD/ARGOSJ8_IA/ARGOSJ8_IA_/install/j8_xacro_model:/home/rhobtor/PHD/ARGOSJ8_IA/ARGOSJ8_IA_/install/hector_gazebo_plugins:/home/rhobtor/PHD/ARGOSJ8_IA/ARGOSJ8_IA_/install/fixposition_sensor_pkg:/home/rhobtor/PHD/ARGOSJ8_IA/ARGOSJ8_IA_/install/fixposition_odometry_converter_ros2:/home/rhobtor/PHD/ARGOSJ8_IA/ARGOSJ8_IA_/install/fixposition_driver_ros2:/home/rhobtor/PHD/ARGOSJ8_IA/ARGOSJ8_IA_/install/fixposition_driver_lib:/home/rhobtor/PHD/ARGOSJ8_IA/ARGOSJ8_IA_/install/fixposition_gnss_tf:/home/rhobtor/PHD/ARGOSJ8_IA/ARGOSJ8_IA_/install/ctl_mission_interfaces:/home/rhobtor/PHD/ARGOSJ8_IA/ARGOSJ8_IA_/install/car_cpp:/home/rhobtor/PHD/ARGOSJ8_IA/ARGOSJ8_IA_/install/car_interfaces:/home/rhobtor/PHD/ARGOSJ8_IA/ARGOSJ8_IA_/install/argj801_setup:/home/rhobtor/PHD/ARGOSJ8_IA/ARGOSJ8_IA_/install/argj801_sensors:/home/rhobtor/PHD/ARGOSJ8_IA/ARGOSJ8_IA_/install/argj801_sensors_msgs:/home/rhobtor/PHD/ARGOSJ8_IA/ARGOSJ8_IA_/install/argj801_ctl_platform:/home/rhobtor/PHD/ARGOSJ8_IA/ARGOSJ8_IA_/install/argj801_ctl_platform_interfaces:/home/rhobtor/reactive/Reactive-Navegation/workspace_full_conected/install/octomap_mapping:/home/rhobtor/reactive/Reactive-Navegation/workspace_full_conected/install/octomap_server:/home/rhobtor/reactive/Reactive-Navegation/workspace_full_conected/install/octomap_rviz_plugins:/home/rhobtor/reactive/Reactive-Navegation/workspace_full_conected/install/hector_gazebo_plugins:/home/rhobtor/reactive/Reactive-Navegation/workspace_full_conected/install/car_cpp:/home/rhobtor/reactive/Reactive-Navegation/workspace_full_conected/install/car_interfaces:/home/rhobtor/PHD/ARGOSJ8_IA/ARGOSJ8_IA_/install/ntrip_client:/home/rhobtor/PHD/ARGOSJ8_IA/ARGOSJ8_IA_/install/j8_gui:/home/rhobtor/PHD/ARGOSJ8_IA/ARGOSJ8_IA_/install/car:/home/rhobtor/PHD/ARGOSJ8_IA/ARGOSJ8_IA_/install/android_ros2_server:/home/rhobtor/PHD/ARGOSJ8_IA/ARGOSJ8_IA_/install/GUI_pkg:/home/rhobtor/reactive/Reactive-Navegation/workspace_full_conected/install/car:/opt/ros/humble LD_LIBRARY_PATH=/home/rhobtor/PHD/ARGOSJ8_IA/ARGOSJ8_IA_/install/ublox_msgs/lib:/home/rhobtor/PHD/ARGOSJ8_IA/ARGOSJ8_IA_/install/wiimote_msgs/lib:/home/rhobtor/PHD/ARGOSJ8_IA/ARGOSJ8_IA_/install/ublox_gps/lib:/home/rhobtor/PHD/ARGOSJ8_IA/ARGOSJ8_IA_/install/spacenav/lib:/home/rhobtor/PHD/ARGOSJ8_IA/ARGOSJ8_IA_/install/laser_segmentation/lib:/home/rhobtor/PHD/ARGOSJ8_IA/ARGOSJ8_IA_/install/slg_msgs/lib:/home/rhobtor/PHD/ARGOSJ8_IA/ARGOSJ8_IA_/install/security_check_interfaces/lib:/home/rhobtor/PHD/ARGOSJ8_IA/ARGOSJ8_IA_/install/joy/lib:/home/rhobtor/PHD/ARGOSJ8_IA/ARGOSJ8_IA_/install/path_manager_interfaces/lib:/home/rhobtor/PHD/ARGOSJ8_IA/ARGOSJ8_IA_/install/j8_xacro_model/lib:/home/rhobtor/PHD/ARGOSJ8_IA/ARGOSJ8_IA_/install/hector_gazebo_plugins/lib:/home/rhobtor/PHD/ARGOSJ8_IA/ARGOSJ8_IA_/install/fixposition_sensor_pkg/lib:/home/rhobtor/PHD/ARGOSJ8_IA/ARGOSJ8_IA_/install/fixposition_odometry_converter_ros2/lib:/home/rhobtor/PHD/ARGOSJ8_IA/ARGOSJ8_IA_/install/fixposition_driver_ros2/lib:/home/rhobtor/PHD/ARGOSJ8_IA/ARGOSJ8_IA_/install/fixposition_driver_lib/lib:/home/rhobtor/PHD/ARGOSJ8_IA/ARGOSJ8_IA_/install/fixposition_gnss_tf/lib:/home/rhobtor/PHD/ARGOSJ8_IA/ARGOSJ8_IA_/install/ctl_mission_interfaces/lib:/home/rhobtor/PHD/ARGOSJ8_IA/ARGOSJ8_IA_/install/car_cpp/lib:/home/rhobtor/PHD/ARGOSJ8_IA/ARGOSJ8_IA_/install/car_interfaces/lib:/home/rhobtor/PHD/ARGOSJ8_IA/ARGOSJ8_IA_/install/argj801_sensors_msgs/lib:/home/rhobtor/PHD/ARGOSJ8_IA/ARGOSJ8_IA_/install/argj801_ctl_platform_interfaces/lib:/home/rhobtor/reactive/Reactive-Navegation/workspace_full_conected/install/octomap_server/lib:/home/rhobtor/reactive/Reactive-Navegation/workspace_full_conected/install/octomap_rviz_plugins/lib:/home/rhobtor/reactive/Reactive-Navegation/workspace_full_conected/install/hector_gazebo_plugins/lib:/home/rhobtor/reactive/Reactive-Navegation/workspace_full_conected/install/car_cpp/lib:/home/rhobtor/reactive/Reactive-Navegation/workspace_full_conected/install/car_interfaces/lib:/usr/lib/x86_64-linux-gnu/gazebo-11/plugins:/opt/ros/humble/opt/rviz_ogre_vendor/lib:/opt/ros/humble/lib/x86_64-linux-gnu:/opt/ros/humble/lib /usr/bin/cmake --build /home/rhobtor/PHD/ARGOSJ8_IA/ARGOSJ8_IA_/build/ublox_gps -- -j20 -l20
[3.682s] DEBUG:colcon.colcon_core.event_handler.log_command:Invoking command in '/home/rhobtor/PHD/ARGOSJ8_IA/ARGOSJ8_IA_/build/ctl_mission': CMAKE_PREFIX_PATH=/home/rhobtor/PHD/ARGOSJ8_IA/ARGOSJ8_IA_/install/ublox_msgs:/home/rhobtor/PHD/ARGOSJ8_IA/ARGOSJ8_IA_/install/ublox_serialization:/home/rhobtor/PHD/ARGOSJ8_IA/ARGOSJ8_IA_/install/path_manager_interfaces:/home/rhobtor/PHD/ARGOSJ8_IA/ARGOSJ8_IA_/install/ctl_mission_interfaces:/home/rhobtor/PHD/ARGOSJ8_IA/ARGOSJ8_IA_/install/wiimote_msgs:/home/rhobtor/PHD/ARGOSJ8_IA/ARGOSJ8_IA_/install/ublox:/home/rhobtor/PHD/ARGOSJ8_IA/ARGOSJ8_IA_/install/ublox_gps:/home/rhobtor/PHD/ARGOSJ8_IA/ARGOSJ8_IA_/install/security_check:/home/rhobtor/PHD/ARGOSJ8_IA/ARGOSJ8_IA_/install/ctl_mission:/home/rhobtor/PHD/ARGOSJ8_IA/ARGOSJ8_IA_/install/spacenav:/home/rhobtor/PHD/ARGOSJ8_IA/ARGOSJ8_IA_/install/laser_segmentation:/home/rhobtor/PHD/ARGOSJ8_IA/ARGOSJ8_IA_/install/slg_msgs:/home/rhobtor/PHD/ARGOSJ8_IA/ARGOSJ8_IA_/install/security_check_interfaces:/home/rhobtor/PHD/ARGOSJ8_IA/ARGOSJ8_IA_/install/joy:/home/rhobtor/PHD/ARGOSJ8_IA/ARGOSJ8_IA_/install/sdl2_vendor:/home/rhobtor/PHD/ARGOSJ8_IA/ARGOSJ8_IA_/install/path_manager:/home/rhobtor/PHD/ARGOSJ8_IA/ARGOSJ8_IA_/install/joy_linux:/home/rhobtor/PHD/ARGOSJ8_IA/ARGOSJ8_IA_/install/j8_xacro_model:/home/rhobtor/PHD/ARGOSJ8_IA/ARGOSJ8_IA_/install/hector_gazebo_plugins:/home/rhobtor/PHD/ARGOSJ8_IA/ARGOSJ8_IA_/install/fixposition_sensor_pkg:/home/rhobtor/PHD/ARGOSJ8_IA/ARGOSJ8_IA_/install/fixposition_odometry_converter_ros2:/home/rhobtor/PHD/ARGOSJ8_IA/ARGOSJ8_IA_/install/fixposition_driver_ros2:/home/rhobtor/PHD/ARGOSJ8_IA/ARGOSJ8_IA_/install/fixposition_driver_lib:/home/rhobtor/PHD/ARGOSJ8_IA/ARGOSJ8_IA_/install/fixposition_gnss_tf:/home/rhobtor/PHD/ARGOSJ8_IA/ARGOSJ8_IA_/install/car_cpp:/home/rhobtor/PHD/ARGOSJ8_IA/ARGOSJ8_IA_/install/car_interfaces:/home/rhobtor/PHD/ARGOSJ8_IA/ARGOSJ8_IA_/install/argj801_setup:/home/rhobtor/PHD/ARGOSJ8_IA/ARGOSJ8_IA_/install/argj801_sensors:/home/rhobtor/PHD/ARGOSJ8_IA/ARGOSJ8_IA_/install/argj801_sensors_msgs:/home/rhobtor/PHD/ARGOSJ8_IA/ARGOSJ8_IA_/install/argj801_ctl_platform:/home/rhobtor/PHD/ARGOSJ8_IA/ARGOSJ8_IA_/install/argj801_ctl_platform_interfaces:/home/rhobtor/reactive/Reactive-Navegation/workspace_full_conected/install/octomap_mapping:/home/rhobtor/reactive/Reactive-Navegation/workspace_full_conected/install/octomap_server:/home/rhobtor/reactive/Reactive-Navegation/workspace_full_conected/install/octomap_rviz_plugins:/home/rhobtor/reactive/Reactive-Navegation/workspace_full_conected/install/hector_gazebo_plugins:/home/rhobtor/reactive/Reactive-Navegation/workspace_full_conected/install/car_cpp:/home/rhobtor/reactive/Reactive-Navegation/workspace_full_conected/install/car_interfaces:/home/rhobtor/PHD/ARGOSJ8_IA/ARGOSJ8_IA_/install/ntrip_client:/home/rhobtor/PHD/ARGOSJ8_IA/ARGOSJ8_IA_/install/j8_gui:/home/rhobtor/PHD/ARGOSJ8_IA/ARGOSJ8_IA_/install/car:/home/rhobtor/PHD/ARGOSJ8_IA/ARGOSJ8_IA_/install/android_ros2_server:/home/rhobtor/PHD/ARGOSJ8_IA/ARGOSJ8_IA_/install/GUI_pkg:/home/rhobtor/reactive/Reactive-Navegation/workspace_full_conected/install/car:/opt/ros/humble LD_LIBRARY_PATH=/home/rhobtor/PHD/ARGOSJ8_IA/ARGOSJ8_IA_/install/ublox_msgs/lib:/home/rhobtor/PHD/ARGOSJ8_IA/ARGOSJ8_IA_/install/path_manager_interfaces/lib:/home/rhobtor/PHD/ARGOSJ8_IA/ARGOSJ8_IA_/install/ctl_mission_interfaces/lib:/home/rhobtor/PHD/ARGOSJ8_IA/ARGOSJ8_IA_/install/wiimote_msgs/lib:/home/rhobtor/PHD/ARGOSJ8_IA/ARGOSJ8_IA_/install/ublox_gps/lib:/home/rhobtor/PHD/ARGOSJ8_IA/ARGOSJ8_IA_/install/spacenav/lib:/home/rhobtor/PHD/ARGOSJ8_IA/ARGOSJ8_IA_/install/laser_segmentation/lib:/home/rhobtor/PHD/ARGOSJ8_IA/ARGOSJ8_IA_/install/slg_msgs/lib:/home/rhobtor/PHD/ARGOSJ8_IA/ARGOSJ8_IA_/install/security_check_interfaces/lib:/home/rhobtor/PHD/ARGOSJ8_IA/ARGOSJ8_IA_/install/joy/lib:/home/rhobtor/PHD/ARGOSJ8_IA/ARGOSJ8_IA_/install/j8_xacro_model/lib:/home/rhobtor/PHD/ARGOSJ8_IA/ARGOSJ8_IA_/install/hector_gazebo_plugins/lib:/home/rhobtor/PHD/ARGOSJ8_IA/ARGOSJ8_IA_/install/fixposition_sensor_pkg/lib:/home/rhobtor/PHD/ARGOSJ8_IA/ARGOSJ8_IA_/install/fixposition_odometry_converter_ros2/lib:/home/rhobtor/PHD/ARGOSJ8_IA/ARGOSJ8_IA_/install/fixposition_driver_ros2/lib:/home/rhobtor/PHD/ARGOSJ8_IA/ARGOSJ8_IA_/install/fixposition_driver_lib/lib:/home/rhobtor/PHD/ARGOSJ8_IA/ARGOSJ8_IA_/install/fixposition_gnss_tf/lib:/home/rhobtor/PHD/ARGOSJ8_IA/ARGOSJ8_IA_/install/car_cpp/lib:/home/rhobtor/PHD/ARGOSJ8_IA/ARGOSJ8_IA_/install/car_interfaces/lib:/home/rhobtor/PHD/ARGOSJ8_IA/ARGOSJ8_IA_/install/argj801_sensors_msgs/lib:/home/rhobtor/PHD/ARGOSJ8_IA/ARGOSJ8_IA_/install/argj801_ctl_platform_interfaces/lib:/home/rhobtor/reactive/Reactive-Navegation/workspace_full_conected/install/octomap_server/lib:/home/rhobtor/reactive/Reactive-Navegation/workspace_full_conected/install/octomap_rviz_plugins/lib:/home/rhobtor/reactive/Reactive-Navegation/workspace_full_conected/install/hector_gazebo_plugins/lib:/home/rhobtor/reactive/Reactive-Navegation/workspace_full_conected/install/car_cpp/lib:/home/rhobtor/reactive/Reactive-Navegation/workspace_full_conected/install/car_interfaces/lib:/usr/lib/x86_64-linux-gnu/gazebo-11/plugins:/opt/ros/humble/opt/rviz_ogre_vendor/lib:/opt/ros/humble/lib/x86_64-linux-gnu:/opt/ros/humble/lib /usr/bin/cmake --build /home/rhobtor/PHD/ARGOSJ8_IA/ARGOSJ8_IA_/build/ctl_mission -- -j20 -l20
[3.716s] DEBUG:colcon.colcon_core.event_handler.log_command:Invoked command in '/home/rhobtor/PHD/ARGOSJ8_IA/ARGOSJ8_IA_/build/fixposition_driver_ros2' returned '0': CMAKE_PREFIX_PATH=/home/rhobtor/PHD/ARGOSJ8_IA/ARGOSJ8_IA_/install/fixposition_driver_lib:/home/rhobtor/PHD/ARGOSJ8_IA/ARGOSJ8_IA_/install/fixposition_gnss_tf:/home/rhobtor/PHD/ARGOSJ8_IA/ARGOSJ8_IA_/install/wiimote_msgs:/home/rhobtor/PHD/ARGOSJ8_IA/ARGOSJ8_IA_/install/ublox:/home/rhobtor/PHD/ARGOSJ8_IA/ARGOSJ8_IA_/install/ublox_gps:/home/rhobtor/PHD/ARGOSJ8_IA/ARGOSJ8_IA_/install/security_check:/home/rhobtor/PHD/ARGOSJ8_IA/ARGOSJ8_IA_/install/ctl_mission:/home/rhobtor/PHD/ARGOSJ8_IA/ARGOSJ8_IA_/install/ublox_msgs:/home/rhobtor/PHD/ARGOSJ8_IA/ARGOSJ8_IA_/install/ublox_serialization:/home/rhobtor/PHD/ARGOSJ8_IA/ARGOSJ8_IA_/install/spacenav:/home/rhobtor/PHD/ARGOSJ8_IA/ARGOSJ8_IA_/install/laser_segmentation:/home/rhobtor/PHD/ARGOSJ8_IA/ARGOSJ8_IA_/install/slg_msgs:/home/rhobtor/PHD/ARGOSJ8_IA/ARGOSJ8_IA_/install/security_check_interfaces:/home/rhobtor/PHD/ARGOSJ8_IA/ARGOSJ8_IA_/install/joy:/home/rhobtor/PHD/ARGOSJ8_IA/ARGOSJ8_IA_/install/sdl2_vendor:/home/rhobtor/PHD/ARGOSJ8_IA/ARGOSJ8_IA_/install/path_manager:/home/rhobtor/PHD/ARGOSJ8_IA/ARGOSJ8_IA_/install/path_manager_interfaces:/home/rhobtor/PHD/ARGOSJ8_IA/ARGOSJ8_IA_/install/joy_linux:/home/rhobtor/PHD/ARGOSJ8_IA/ARGOSJ8_IA_/install/j8_xacro_model:/home/rhobtor/PHD/ARGOSJ8_IA/ARGOSJ8_IA_/install/hector_gazebo_plugins:/home/rhobtor/PHD/ARGOSJ8_IA/ARGOSJ8_IA_/install/fixposition_sensor_pkg:/home/rhobtor/PHD/ARGOSJ8_IA/ARGOSJ8_IA_/install/fixposition_odometry_converter_ros2:/home/rhobtor/PHD/ARGOSJ8_IA/ARGOSJ8_IA_/install/fixposition_driver_ros2:/home/rhobtor/PHD/ARGOSJ8_IA/ARGOSJ8_IA_/install/ctl_mission_interfaces:/home/rhobtor/PHD/ARGOSJ8_IA/ARGOSJ8_IA_/install/car_cpp:/home/rhobtor/PHD/ARGOSJ8_IA/ARGOSJ8_IA_/install/car_interfaces:/home/rhobtor/PHD/ARGOSJ8_IA/ARGOSJ8_IA_/install/argj801_setup:/home/rhobtor/PHD/ARGOSJ8_IA/ARGOSJ8_IA_/install/argj801_sensors:/home/rhobtor/PHD/ARGOSJ8_IA/ARGOSJ8_IA_/install/argj801_sensors_msgs:/home/rhobtor/PHD/ARGOSJ8_IA/ARGOSJ8_IA_/install/argj801_ctl_platform:/home/rhobtor/PHD/ARGOSJ8_IA/ARGOSJ8_IA_/install/argj801_ctl_platform_interfaces:/home/rhobtor/reactive/Reactive-Navegation/workspace_full_conected/install/octomap_mapping:/home/rhobtor/reactive/Reactive-Navegation/workspace_full_conected/install/octomap_server:/home/rhobtor/reactive/Reactive-Navegation/workspace_full_conected/install/octomap_rviz_plugins:/home/rhobtor/reactive/Reactive-Navegation/workspace_full_conected/install/hector_gazebo_plugins:/home/rhobtor/reactive/Reactive-Navegation/workspace_full_conected/install/car_cpp:/home/rhobtor/reactive/Reactive-Navegation/workspace_full_conected/install/car_interfaces:/home/rhobtor/PHD/ARGOSJ8_IA/ARGOSJ8_IA_/install/ntrip_client:/home/rhobtor/PHD/ARGOSJ8_IA/ARGOSJ8_IA_/install/j8_gui:/home/rhobtor/PHD/ARGOSJ8_IA/ARGOSJ8_IA_/install/car:/home/rhobtor/PHD/ARGOSJ8_IA/ARGOSJ8_IA_/install/android_ros2_server:/home/rhobtor/PHD/ARGOSJ8_IA/ARGOSJ8_IA_/install/GUI_pkg:/home/rhobtor/reactive/Reactive-Navegation/workspace_full_conected/install/car:/opt/ros/humble LD_LIBRARY_PATH=/home/rhobtor/PHD/ARGOSJ8_IA/ARGOSJ8_IA_/install/fixposition_driver_lib/lib:/home/rhobtor/PHD/ARGOSJ8_IA/ARGOSJ8_IA_/install/fixposition_gnss_tf/lib:/home/rhobtor/PHD/ARGOSJ8_IA/ARGOSJ8_IA_/install/wiimote_msgs/lib:/home/rhobtor/PHD/ARGOSJ8_IA/ARGOSJ8_IA_/install/ublox_gps/lib:/home/rhobtor/PHD/ARGOSJ8_IA/ARGOSJ8_IA_/install/ublox_msgs/lib:/home/rhobtor/PHD/ARGOSJ8_IA/ARGOSJ8_IA_/install/spacenav/lib:/home/rhobtor/PHD/ARGOSJ8_IA/ARGOSJ8_IA_/install/laser_segmentation/lib:/home/rhobtor/PHD/ARGOSJ8_IA/ARGOSJ8_IA_/install/slg_msgs/lib:/home/rhobtor/PHD/ARGOSJ8_IA/ARGOSJ8_IA_/install/security_check_interfaces/lib:/home/rhobtor/PHD/ARGOSJ8_IA/ARGOSJ8_IA_/install/joy/lib:/home/rhobtor/PHD/ARGOSJ8_IA/ARGOSJ8_IA_/install/path_manager_interfaces/lib:/home/rhobtor/PHD/ARGOSJ8_IA/ARGOSJ8_IA_/install/j8_xacro_model/lib:/home/rhobtor/PHD/ARGOSJ8_IA/ARGOSJ8_IA_/install/hector_gazebo_plugins/lib:/home/rhobtor/PHD/ARGOSJ8_IA/ARGOSJ8_IA_/install/fixposition_sensor_pkg/lib:/home/rhobtor/PHD/ARGOSJ8_IA/ARGOSJ8_IA_/install/fixposition_odometry_converter_ros2/lib:/home/rhobtor/PHD/ARGOSJ8_IA/ARGOSJ8_IA_/install/fixposition_driver_ros2/lib:/home/rhobtor/PHD/ARGOSJ8_IA/ARGOSJ8_IA_/install/ctl_mission_interfaces/lib:/home/rhobtor/PHD/ARGOSJ8_IA/ARGOSJ8_IA_/install/car_cpp/lib:/home/rhobtor/PHD/ARGOSJ8_IA/ARGOSJ8_IA_/install/car_interfaces/lib:/home/rhobtor/PHD/ARGOSJ8_IA/ARGOSJ8_IA_/install/argj801_sensors_msgs/lib:/home/rhobtor/PHD/ARGOSJ8_IA/ARGOSJ8_IA_/install/argj801_ctl_platform_interfaces/lib:/home/rhobtor/reactive/Reactive-Navegation/workspace_full_conected/install/octomap_server/lib:/home/rhobtor/reactive/Reactive-Navegation/workspace_full_conected/install/octomap_rviz_plugins/lib:/home/rhobtor/reactive/Reactive-Navegation/workspace_full_conected/install/hector_gazebo_plugins/lib:/home/rhobtor/reactive/Reactive-Navegation/workspace_full_conected/install/car_cpp/lib:/home/rhobtor/reactive/Reactive-Navegation/workspace_full_conected/install/car_interfaces/lib:/usr/lib/x86_64-linux-gnu/gazebo-11/plugins:/opt/ros/humble/opt/rviz_ogre_vendor/lib:/opt/ros/humble/lib/x86_64-linux-gnu:/opt/ros/humble/lib /usr/bin/cmake --build /home/rhobtor/PHD/ARGOSJ8_IA/ARGOSJ8_IA_/build/fixposition_driver_ros2 -- -j20 -l20
[3.719s] DEBUG:colcon.colcon_core.event_handler.log_command:Invoking command in '/home/rhobtor/PHD/ARGOSJ8_IA/ARGOSJ8_IA_/build/fixposition_driver_ros2': CMAKE_PREFIX_PATH=/home/rhobtor/PHD/ARGOSJ8_IA/ARGOSJ8_IA_/install/fixposition_driver_lib:/home/rhobtor/PHD/ARGOSJ8_IA/ARGOSJ8_IA_/install/fixposition_gnss_tf:/home/rhobtor/PHD/ARGOSJ8_IA/ARGOSJ8_IA_/install/wiimote_msgs:/home/rhobtor/PHD/ARGOSJ8_IA/ARGOSJ8_IA_/install/ublox:/home/rhobtor/PHD/ARGOSJ8_IA/ARGOSJ8_IA_/install/ublox_gps:/home/rhobtor/PHD/ARGOSJ8_IA/ARGOSJ8_IA_/install/security_check:/home/rhobtor/PHD/ARGOSJ8_IA/ARGOSJ8_IA_/install/ctl_mission:/home/rhobtor/PHD/ARGOSJ8_IA/ARGOSJ8_IA_/install/ublox_msgs:/home/rhobtor/PHD/ARGOSJ8_IA/ARGOSJ8_IA_/install/ublox_serialization:/home/rhobtor/PHD/ARGOSJ8_IA/ARGOSJ8_IA_/install/spacenav:/home/rhobtor/PHD/ARGOSJ8_IA/ARGOSJ8_IA_/install/laser_segmentation:/home/rhobtor/PHD/ARGOSJ8_IA/ARGOSJ8_IA_/install/slg_msgs:/home/rhobtor/PHD/ARGOSJ8_IA/ARGOSJ8_IA_/install/security_check_interfaces:/home/rhobtor/PHD/ARGOSJ8_IA/ARGOSJ8_IA_/install/joy:/home/rhobtor/PHD/ARGOSJ8_IA/ARGOSJ8_IA_/install/sdl2_vendor:/home/rhobtor/PHD/ARGOSJ8_IA/ARGOSJ8_IA_/install/path_manager:/home/rhobtor/PHD/ARGOSJ8_IA/ARGOSJ8_IA_/install/path_manager_interfaces:/home/rhobtor/PHD/ARGOSJ8_IA/ARGOSJ8_IA_/install/joy_linux:/home/rhobtor/PHD/ARGOSJ8_IA/ARGOSJ8_IA_/install/j8_xacro_model:/home/rhobtor/PHD/ARGOSJ8_IA/ARGOSJ8_IA_/install/hector_gazebo_plugins:/home/rhobtor/PHD/ARGOSJ8_IA/ARGOSJ8_IA_/install/fixposition_sensor_pkg:/home/rhobtor/PHD/ARGOSJ8_IA/ARGOSJ8_IA_/install/fixposition_odometry_converter_ros2:/home/rhobtor/PHD/ARGOSJ8_IA/ARGOSJ8_IA_/install/fixposition_driver_ros2:/home/rhobtor/PHD/ARGOSJ8_IA/ARGOSJ8_IA_/install/ctl_mission_interfaces:/home/rhobtor/PHD/ARGOSJ8_IA/ARGOSJ8_IA_/install/car_cpp:/home/rhobtor/PHD/ARGOSJ8_IA/ARGOSJ8_IA_/install/car_interfaces:/home/rhobtor/PHD/ARGOSJ8_IA/ARGOSJ8_IA_/install/argj801_setup:/home/rhobtor/PHD/ARGOSJ8_IA/ARGOSJ8_IA_/install/argj801_sensors:/home/rhobtor/PHD/ARGOSJ8_IA/ARGOSJ8_IA_/install/argj801_sensors_msgs:/home/rhobtor/PHD/ARGOSJ8_IA/ARGOSJ8_IA_/install/argj801_ctl_platform:/home/rhobtor/PHD/ARGOSJ8_IA/ARGOSJ8_IA_/install/argj801_ctl_platform_interfaces:/home/rhobtor/reactive/Reactive-Navegation/workspace_full_conected/install/octomap_mapping:/home/rhobtor/reactive/Reactive-Navegation/workspace_full_conected/install/octomap_server:/home/rhobtor/reactive/Reactive-Navegation/workspace_full_conected/install/octomap_rviz_plugins:/home/rhobtor/reactive/Reactive-Navegation/workspace_full_conected/install/hector_gazebo_plugins:/home/rhobtor/reactive/Reactive-Navegation/workspace_full_conected/install/car_cpp:/home/rhobtor/reactive/Reactive-Navegation/workspace_full_conected/install/car_interfaces:/home/rhobtor/PHD/ARGOSJ8_IA/ARGOSJ8_IA_/install/ntrip_client:/home/rhobtor/PHD/ARGOSJ8_IA/ARGOSJ8_IA_/install/j8_gui:/home/rhobtor/PHD/ARGOSJ8_IA/ARGOSJ8_IA_/install/car:/home/rhobtor/PHD/ARGOSJ8_IA/ARGOSJ8_IA_/install/android_ros2_server:/home/rhobtor/PHD/ARGOSJ8_IA/ARGOSJ8_IA_/install/GUI_pkg:/home/rhobtor/reactive/Reactive-Navegation/workspace_full_conected/install/car:/opt/ros/humble LD_LIBRARY_PATH=/home/rhobtor/PHD/ARGOSJ8_IA/ARGOSJ8_IA_/install/fixposition_driver_lib/lib:/home/rhobtor/PHD/ARGOSJ8_IA/ARGOSJ8_IA_/install/fixposition_gnss_tf/lib:/home/rhobtor/PHD/ARGOSJ8_IA/ARGOSJ8_IA_/install/wiimote_msgs/lib:/home/rhobtor/PHD/ARGOSJ8_IA/ARGOSJ8_IA_/install/ublox_gps/lib:/home/rhobtor/PHD/ARGOSJ8_IA/ARGOSJ8_IA_/install/ublox_msgs/lib:/home/rhobtor/PHD/ARGOSJ8_IA/ARGOSJ8_IA_/install/spacenav/lib:/home/rhobtor/PHD/ARGOSJ8_IA/ARGOSJ8_IA_/install/laser_segmentation/lib:/home/rhobtor/PHD/ARGOSJ8_IA/ARGOSJ8_IA_/install/slg_msgs/lib:/home/rhobtor/PHD/ARGOSJ8_IA/ARGOSJ8_IA_/install/security_check_interfaces/lib:/home/rhobtor/PHD/ARGOSJ8_IA/ARGOSJ8_IA_/install/joy/lib:/home/rhobtor/PHD/ARGOSJ8_IA/ARGOSJ8_IA_/install/path_manager_interfaces/lib:/home/rhobtor/PHD/ARGOSJ8_IA/ARGOSJ8_IA_/install/j8_xacro_model/lib:/home/rhobtor/PHD/ARGOSJ8_IA/ARGOSJ8_IA_/install/hector_gazebo_plugins/lib:/home/rhobtor/PHD/ARGOSJ8_IA/ARGOSJ8_IA_/install/fixposition_sensor_pkg/lib:/home/rhobtor/PHD/ARGOSJ8_IA/ARGOSJ8_IA_/install/fixposition_odometry_converter_ros2/lib:/home/rhobtor/PHD/ARGOSJ8_IA/ARGOSJ8_IA_/install/fixposition_driver_ros2/lib:/home/rhobtor/PHD/ARGOSJ8_IA/ARGOSJ8_IA_/install/ctl_mission_interfaces/lib:/home/rhobtor/PHD/ARGOSJ8_IA/ARGOSJ8_IA_/install/car_cpp/lib:/home/rhobtor/PHD/ARGOSJ8_IA/ARGOSJ8_IA_/install/car_interfaces/lib:/home/rhobtor/PHD/ARGOSJ8_IA/ARGOSJ8_IA_/install/argj801_sensors_msgs/lib:/home/rhobtor/PHD/ARGOSJ8_IA/ARGOSJ8_IA_/install/argj801_ctl_platform_interfaces/lib:/home/rhobtor/reactive/Reactive-Navegation/workspace_full_conected/install/octomap_server/lib:/home/rhobtor/reactive/Reactive-Navegation/workspace_full_conected/install/octomap_rviz_plugins/lib:/home/rhobtor/reactive/Reactive-Navegation/workspace_full_conected/install/hector_gazebo_plugins/lib:/home/rhobtor/reactive/Reactive-Navegation/workspace_full_conected/install/car_cpp/lib:/home/rhobtor/reactive/Reactive-Navegation/workspace_full_conected/install/car_interfaces/lib:/usr/lib/x86_64-linux-gnu/gazebo-11/plugins:/opt/ros/humble/opt/rviz_ogre_vendor/lib:/opt/ros/humble/lib/x86_64-linux-gnu:/opt/ros/humble/lib /usr/bin/cmake --install /home/rhobtor/PHD/ARGOSJ8_IA/ARGOSJ8_IA_/build/fixposition_driver_ros2
[3.771s] Level 1:colcon.colcon_core.environment:create_environment_scripts_only(fixposition_driver_ros2)
[3.771s] Level 1:colcon.colcon_core.environment:checking '/home/rhobtor/PHD/ARGOSJ8_IA/ARGOSJ8_IA_/install/fixposition_driver_ros2' for CMake module files
[3.772s] DEBUG:colcon.colcon_core.event_handler.log_command:Invoked command in '/home/rhobtor/PHD/ARGOSJ8_IA/ARGOSJ8_IA_/build/fixposition_driver_ros2' returned '0': CMAKE_PREFIX_PATH=/home/rhobtor/PHD/ARGOSJ8_IA/ARGOSJ8_IA_/install/fixposition_driver_lib:/home/rhobtor/PHD/ARGOSJ8_IA/ARGOSJ8_IA_/install/fixposition_gnss_tf:/home/rhobtor/PHD/ARGOSJ8_IA/ARGOSJ8_IA_/install/wiimote_msgs:/home/rhobtor/PHD/ARGOSJ8_IA/ARGOSJ8_IA_/install/ublox:/home/rhobtor/PHD/ARGOSJ8_IA/ARGOSJ8_IA_/install/ublox_gps:/home/rhobtor/PHD/ARGOSJ8_IA/ARGOSJ8_IA_/install/security_check:/home/rhobtor/PHD/ARGOSJ8_IA/ARGOSJ8_IA_/install/ctl_mission:/home/rhobtor/PHD/ARGOSJ8_IA/ARGOSJ8_IA_/install/ublox_msgs:/home/rhobtor/PHD/ARGOSJ8_IA/ARGOSJ8_IA_/install/ublox_serialization:/home/rhobtor/PHD/ARGOSJ8_IA/ARGOSJ8_IA_/install/spacenav:/home/rhobtor/PHD/ARGOSJ8_IA/ARGOSJ8_IA_/install/laser_segmentation:/home/rhobtor/PHD/ARGOSJ8_IA/ARGOSJ8_IA_/install/slg_msgs:/home/rhobtor/PHD/ARGOSJ8_IA/ARGOSJ8_IA_/install/security_check_interfaces:/home/rhobtor/PHD/ARGOSJ8_IA/ARGOSJ8_IA_/install/joy:/home/rhobtor/PHD/ARGOSJ8_IA/ARGOSJ8_IA_/install/sdl2_vendor:/home/rhobtor/PHD/ARGOSJ8_IA/ARGOSJ8_IA_/install/path_manager:/home/rhobtor/PHD/ARGOSJ8_IA/ARGOSJ8_IA_/install/path_manager_interfaces:/home/rhobtor/PHD/ARGOSJ8_IA/ARGOSJ8_IA_/install/joy_linux:/home/rhobtor/PHD/ARGOSJ8_IA/ARGOSJ8_IA_/install/j8_xacro_model:/home/rhobtor/PHD/ARGOSJ8_IA/ARGOSJ8_IA_/install/hector_gazebo_plugins:/home/rhobtor/PHD/ARGOSJ8_IA/ARGOSJ8_IA_/install/fixposition_sensor_pkg:/home/rhobtor/PHD/ARGOSJ8_IA/ARGOSJ8_IA_/install/fixposition_odometry_converter_ros2:/home/rhobtor/PHD/ARGOSJ8_IA/ARGOSJ8_IA_/install/fixposition_driver_ros2:/home/rhobtor/PHD/ARGOSJ8_IA/ARGOSJ8_IA_/install/ctl_mission_interfaces:/home/rhobtor/PHD/ARGOSJ8_IA/ARGOSJ8_IA_/install/car_cpp:/home/rhobtor/PHD/ARGOSJ8_IA/ARGOSJ8_IA_/install/car_interfaces:/home/rhobtor/PHD/ARGOSJ8_IA/ARGOSJ8_IA_/install/argj801_setup:/home/rhobtor/PHD/ARGOSJ8_IA/ARGOSJ8_IA_/install/argj801_sensors:/home/rhobtor/PHD/ARGOSJ8_IA/ARGOSJ8_IA_/install/argj801_sensors_msgs:/home/rhobtor/PHD/ARGOSJ8_IA/ARGOSJ8_IA_/install/argj801_ctl_platform:/home/rhobtor/PHD/ARGOSJ8_IA/ARGOSJ8_IA_/install/argj801_ctl_platform_interfaces:/home/rhobtor/reactive/Reactive-Navegation/workspace_full_conected/install/octomap_mapping:/home/rhobtor/reactive/Reactive-Navegation/workspace_full_conected/install/octomap_server:/home/rhobtor/reactive/Reactive-Navegation/workspace_full_conected/install/octomap_rviz_plugins:/home/rhobtor/reactive/Reactive-Navegation/workspace_full_conected/install/hector_gazebo_plugins:/home/rhobtor/reactive/Reactive-Navegation/workspace_full_conected/install/car_cpp:/home/rhobtor/reactive/Reactive-Navegation/workspace_full_conected/install/car_interfaces:/home/rhobtor/PHD/ARGOSJ8_IA/ARGOSJ8_IA_/install/ntrip_client:/home/rhobtor/PHD/ARGOSJ8_IA/ARGOSJ8_IA_/install/j8_gui:/home/rhobtor/PHD/ARGOSJ8_IA/ARGOSJ8_IA_/install/car:/home/rhobtor/PHD/ARGOSJ8_IA/ARGOSJ8_IA_/install/android_ros2_server:/home/rhobtor/PHD/ARGOSJ8_IA/ARGOSJ8_IA_/install/GUI_pkg:/home/rhobtor/reactive/Reactive-Navegation/workspace_full_conected/install/car:/opt/ros/humble LD_LIBRARY_PATH=/home/rhobtor/PHD/ARGOSJ8_IA/ARGOSJ8_IA_/install/fixposition_driver_lib/lib:/home/rhobtor/PHD/ARGOSJ8_IA/ARGOSJ8_IA_/install/fixposition_gnss_tf/lib:/home/rhobtor/PHD/ARGOSJ8_IA/ARGOSJ8_IA_/install/wiimote_msgs/lib:/home/rhobtor/PHD/ARGOSJ8_IA/ARGOSJ8_IA_/install/ublox_gps/lib:/home/rhobtor/PHD/ARGOSJ8_IA/ARGOSJ8_IA_/install/ublox_msgs/lib:/home/rhobtor/PHD/ARGOSJ8_IA/ARGOSJ8_IA_/install/spacenav/lib:/home/rhobtor/PHD/ARGOSJ8_IA/ARGOSJ8_IA_/install/laser_segmentation/lib:/home/rhobtor/PHD/ARGOSJ8_IA/ARGOSJ8_IA_/install/slg_msgs/lib:/home/rhobtor/PHD/ARGOSJ8_IA/ARGOSJ8_IA_/install/security_check_interfaces/lib:/home/rhobtor/PHD/ARGOSJ8_IA/ARGOSJ8_IA_/install/joy/lib:/home/rhobtor/PHD/ARGOSJ8_IA/ARGOSJ8_IA_/install/path_manager_interfaces/lib:/home/rhobtor/PHD/ARGOSJ8_IA/ARGOSJ8_IA_/install/j8_xacro_model/lib:/home/rhobtor/PHD/ARGOSJ8_IA/ARGOSJ8_IA_/install/hector_gazebo_plugins/lib:/home/rhobtor/PHD/ARGOSJ8_IA/ARGOSJ8_IA_/install/fixposition_sensor_pkg/lib:/home/rhobtor/PHD/ARGOSJ8_IA/ARGOSJ8_IA_/install/fixposition_odometry_converter_ros2/lib:/home/rhobtor/PHD/ARGOSJ8_IA/ARGOSJ8_IA_/install/fixposition_driver_ros2/lib:/home/rhobtor/PHD/ARGOSJ8_IA/ARGOSJ8_IA_/install/ctl_mission_interfaces/lib:/home/rhobtor/PHD/ARGOSJ8_IA/ARGOSJ8_IA_/install/car_cpp/lib:/home/rhobtor/PHD/ARGOSJ8_IA/ARGOSJ8_IA_/install/car_interfaces/lib:/home/rhobtor/PHD/ARGOSJ8_IA/ARGOSJ8_IA_/install/argj801_sensors_msgs/lib:/home/rhobtor/PHD/ARGOSJ8_IA/ARGOSJ8_IA_/install/argj801_ctl_platform_interfaces/lib:/home/rhobtor/reactive/Reactive-Navegation/workspace_full_conected/install/octomap_server/lib:/home/rhobtor/reactive/Reactive-Navegation/workspace_full_conected/install/octomap_rviz_plugins/lib:/home/rhobtor/reactive/Reactive-Navegation/workspace_full_conected/install/hector_gazebo_plugins/lib:/home/rhobtor/reactive/Reactive-Navegation/workspace_full_conected/install/car_cpp/lib:/home/rhobtor/reactive/Reactive-Navegation/workspace_full_conected/install/car_interfaces/lib:/usr/lib/x86_64-linux-gnu/gazebo-11/plugins:/opt/ros/humble/opt/rviz_ogre_vendor/lib:/opt/ros/humble/lib/x86_64-linux-gnu:/opt/ros/humble/lib /usr/bin/cmake --install /home/rhobtor/PHD/ARGOSJ8_IA/ARGOSJ8_IA_/build/fixposition_driver_ros2
[3.772s] Level 1:colcon.colcon_core.environment:checking '/home/rhobtor/PHD/ARGOSJ8_IA/ARGOSJ8_IA_/install/fixposition_driver_ros2' for CMake config files
[3.773s] Level 1:colcon.colcon_core.shell:create_environment_hook('fixposition_driver_ros2', 'cmake_prefix_path')
[3.773s] INFO:colcon.colcon_core.shell:Creating environment hook '/home/rhobtor/PHD/ARGOSJ8_IA/ARGOSJ8_IA_/install/fixposition_driver_ros2/share/fixposition_driver_ros2/hook/cmake_prefix_path.ps1'
[3.773s] INFO:colcon.colcon_core.shell:Creating environment descriptor '/home/rhobtor/PHD/ARGOSJ8_IA/ARGOSJ8_IA_/install/fixposition_driver_ros2/share/fixposition_driver_ros2/hook/cmake_prefix_path.dsv'
[3.773s] INFO:colcon.colcon_core.shell:Creating environment hook '/home/rhobtor/PHD/ARGOSJ8_IA/ARGOSJ8_IA_/install/fixposition_driver_ros2/share/fixposition_driver_ros2/hook/cmake_prefix_path.sh'
[3.774s] Level 1:colcon.colcon_core.environment:checking '/home/rhobtor/PHD/ARGOSJ8_IA/ARGOSJ8_IA_/install/fixposition_driver_ros2/lib'
[3.774s] Level 1:colcon.colcon_core.shell:create_environment_hook('fixposition_driver_ros2', 'ld_library_path_lib')
[3.774s] INFO:colcon.colcon_core.shell:Creating environment hook '/home/rhobtor/PHD/ARGOSJ8_IA/ARGOSJ8_IA_/install/fixposition_driver_ros2/share/fixposition_driver_ros2/hook/ld_library_path_lib.ps1'
[3.791s] INFO:colcon.colcon_core.shell:Creating environment descriptor '/home/rhobtor/PHD/ARGOSJ8_IA/ARGOSJ8_IA_/install/fixposition_driver_ros2/share/fixposition_driver_ros2/hook/ld_library_path_lib.dsv'
[3.792s] INFO:colcon.colcon_core.shell:Creating environment hook '/home/rhobtor/PHD/ARGOSJ8_IA/ARGOSJ8_IA_/install/fixposition_driver_ros2/share/fixposition_driver_ros2/hook/ld_library_path_lib.sh'
[3.792s] Level 1:colcon.colcon_core.environment:checking '/home/rhobtor/PHD/ARGOSJ8_IA/ARGOSJ8_IA_/install/fixposition_driver_ros2/bin'
[3.792s] Level 1:colcon.colcon_core.environment:checking '/home/rhobtor/PHD/ARGOSJ8_IA/ARGOSJ8_IA_/install/fixposition_driver_ros2/lib/pkgconfig/fixposition_driver_ros2.pc'
[3.792s] Level 1:colcon.colcon_core.environment:checking '/home/rhobtor/PHD/ARGOSJ8_IA/ARGOSJ8_IA_/install/fixposition_driver_ros2/lib/python3.10/site-packages'
[3.793s] Level 1:colcon.colcon_core.environment:checking '/home/rhobtor/PHD/ARGOSJ8_IA/ARGOSJ8_IA_/install/fixposition_driver_ros2/bin'
[3.793s] INFO:colcon.colcon_core.shell:Creating package script '/home/rhobtor/PHD/ARGOSJ8_IA/ARGOSJ8_IA_/install/fixposition_driver_ros2/share/fixposition_driver_ros2/package.ps1'
[3.793s] INFO:colcon.colcon_core.shell:Creating package descriptor '/home/rhobtor/PHD/ARGOSJ8_IA/ARGOSJ8_IA_/install/fixposition_driver_ros2/share/fixposition_driver_ros2/package.dsv'
[3.793s] INFO:colcon.colcon_core.shell:Creating package script '/home/rhobtor/PHD/ARGOSJ8_IA/ARGOSJ8_IA_/install/fixposition_driver_ros2/share/fixposition_driver_ros2/package.sh'
[3.794s] INFO:colcon.colcon_core.shell:Creating package script '/home/rhobtor/PHD/ARGOSJ8_IA/ARGOSJ8_IA_/install/fixposition_driver_ros2/share/fixposition_driver_ros2/package.bash'
[3.794s] INFO:colcon.colcon_core.shell:Creating package script '/home/rhobtor/PHD/ARGOSJ8_IA/ARGOSJ8_IA_/install/fixposition_driver_ros2/share/fixposition_driver_ros2/package.zsh'
[3.794s] Level 1:colcon.colcon_core.environment:create_file_with_runtime_dependencies(/home/rhobtor/PHD/ARGOSJ8_IA/ARGOSJ8_IA_/install/fixposition_driver_ros2/share/colcon-core/packages/fixposition_driver_ros2)
[3.794s] Level 1:colcon.colcon_core.environment:create_environment_scripts_only(fixposition_driver_ros2)
[3.795s] Level 1:colcon.colcon_core.environment:checking '/home/rhobtor/PHD/ARGOSJ8_IA/ARGOSJ8_IA_/install/fixposition_driver_ros2' for CMake module files
[3.795s] Level 1:colcon.colcon_core.environment:checking '/home/rhobtor/PHD/ARGOSJ8_IA/ARGOSJ8_IA_/install/fixposition_driver_ros2' for CMake config files
[3.795s] Level 1:colcon.colcon_core.shell:create_environment_hook('fixposition_driver_ros2', 'cmake_prefix_path')
[3.795s] INFO:colcon.colcon_core.shell:Creating environment hook '/home/rhobtor/PHD/ARGOSJ8_IA/ARGOSJ8_IA_/install/fixposition_driver_ros2/share/fixposition_driver_ros2/hook/cmake_prefix_path.ps1'
[3.796s] INFO:colcon.colcon_core.shell:Creating environment descriptor '/home/rhobtor/PHD/ARGOSJ8_IA/ARGOSJ8_IA_/install/fixposition_driver_ros2/share/fixposition_driver_ros2/hook/cmake_prefix_path.dsv'
[3.796s] INFO:colcon.colcon_core.shell:Creating environment hook '/home/rhobtor/PHD/ARGOSJ8_IA/ARGOSJ8_IA_/install/fixposition_driver_ros2/share/fixposition_driver_ros2/hook/cmake_prefix_path.sh'
[3.796s] Level 1:colcon.colcon_core.environment:checking '/home/rhobtor/PHD/ARGOSJ8_IA/ARGOSJ8_IA_/install/fixposition_driver_ros2/lib'
[3.796s] Level 1:colcon.colcon_core.shell:create_environment_hook('fixposition_driver_ros2', 'ld_library_path_lib')
[3.796s] INFO:colcon.colcon_core.shell:Creating environment hook '/home/rhobtor/PHD/ARGOSJ8_IA/ARGOSJ8_IA_/install/fixposition_driver_ros2/share/fixposition_driver_ros2/hook/ld_library_path_lib.ps1'
[3.797s] INFO:colcon.colcon_core.shell:Creating environment descriptor '/home/rhobtor/PHD/ARGOSJ8_IA/ARGOSJ8_IA_/install/fixposition_driver_ros2/share/fixposition_driver_ros2/hook/ld_library_path_lib.dsv'
[3.797s] INFO:colcon.colcon_core.shell:Creating environment hook '/home/rhobtor/PHD/ARGOSJ8_IA/ARGOSJ8_IA_/install/fixposition_driver_ros2/share/fixposition_driver_ros2/hook/ld_library_path_lib.sh'
[3.797s] Level 1:colcon.colcon_core.environment:checking '/home/rhobtor/PHD/ARGOSJ8_IA/ARGOSJ8_IA_/install/fixposition_driver_ros2/bin'
[3.797s] Level 1:colcon.colcon_core.environment:checking '/home/rhobtor/PHD/ARGOSJ8_IA/ARGOSJ8_IA_/install/fixposition_driver_ros2/lib/pkgconfig/fixposition_driver_ros2.pc'
[3.797s] Level 1:colcon.colcon_core.environment:checking '/home/rhobtor/PHD/ARGOSJ8_IA/ARGOSJ8_IA_/install/fixposition_driver_ros2/lib/python3.10/site-packages'
[3.797s] Level 1:colcon.colcon_core.environment:checking '/home/rhobtor/PHD/ARGOSJ8_IA/ARGOSJ8_IA_/install/fixposition_driver_ros2/bin'
[3.798s] INFO:colcon.colcon_core.shell:Creating package script '/home/rhobtor/PHD/ARGOSJ8_IA/ARGOSJ8_IA_/install/fixposition_driver_ros2/share/fixposition_driver_ros2/package.ps1'
[3.798s] INFO:colcon.colcon_core.shell:Creating package descriptor '/home/rhobtor/PHD/ARGOSJ8_IA/ARGOSJ8_IA_/install/fixposition_driver_ros2/share/fixposition_driver_ros2/package.dsv'
[3.798s] INFO:colcon.colcon_core.shell:Creating package script '/home/rhobtor/PHD/ARGOSJ8_IA/ARGOSJ8_IA_/install/fixposition_driver_ros2/share/fixposition_driver_ros2/package.sh'
[3.799s] INFO:colcon.colcon_core.shell:Creating package script '/home/rhobtor/PHD/ARGOSJ8_IA/ARGOSJ8_IA_/install/fixposition_driver_ros2/share/fixposition_driver_ros2/package.bash'
[3.799s] INFO:colcon.colcon_core.shell:Creating package script '/home/rhobtor/PHD/ARGOSJ8_IA/ARGOSJ8_IA_/install/fixposition_driver_ros2/share/fixposition_driver_ros2/package.zsh'
[3.799s] Level 1:colcon.colcon_core.environment:create_file_with_runtime_dependencies(/home/rhobtor/PHD/ARGOSJ8_IA/ARGOSJ8_IA_/install/fixposition_driver_ros2/share/colcon-core/packages/fixposition_driver_ros2)
[3.799s] INFO:colcon.colcon_ros.task.ament_cmake.build:Building ROS package in '/home/rhobtor/PHD/ARGOSJ8_IA/ARGOSJ8_IA_/src/argo_drivers_pkgs/Fixposition_driver_pkg/fixposition_driver-main/fixposition_odometry_converter_ros2' with build type 'ament_cmake'
[3.799s] INFO:colcon.colcon_cmake.task.cmake.build:Building CMake package in '/home/rhobtor/PHD/ARGOSJ8_IA/ARGOSJ8_IA_/src/argo_drivers_pkgs/Fixposition_driver_pkg/fixposition_driver-main/fixposition_odometry_converter_ros2'
[3.800s] INFO:colcon.colcon_core.shell:Skip shell extension 'powershell' for command environment: Not usable outside of PowerShell
[3.800s] DEBUG:colcon.colcon_core.shell:Skip shell extension 'dsv' for command environment
[3.815s] DEBUG:colcon.colcon_core.event_handler.log_command:Invoking command in '/home/rhobtor/PHD/ARGOSJ8_IA/ARGOSJ8_IA_/build/fixposition_odometry_converter_ros2': CMAKE_PREFIX_PATH=/home/rhobtor/PHD/ARGOSJ8_IA/ARGOSJ8_IA_/install/fixposition_driver_ros2:/home/rhobtor/PHD/ARGOSJ8_IA/ARGOSJ8_IA_/install/fixposition_driver_lib:/home/rhobtor/PHD/ARGOSJ8_IA/ARGOSJ8_IA_/install/fixposition_gnss_tf:/home/rhobtor/PHD/ARGOSJ8_IA/ARGOSJ8_IA_/install/wiimote_msgs:/home/rhobtor/PHD/ARGOSJ8_IA/ARGOSJ8_IA_/install/ublox:/home/rhobtor/PHD/ARGOSJ8_IA/ARGOSJ8_IA_/install/ublox_gps:/home/rhobtor/PHD/ARGOSJ8_IA/ARGOSJ8_IA_/install/security_check:/home/rhobtor/PHD/ARGOSJ8_IA/ARGOSJ8_IA_/install/ctl_mission:/home/rhobtor/PHD/ARGOSJ8_IA/ARGOSJ8_IA_/install/ublox_msgs:/home/rhobtor/PHD/ARGOSJ8_IA/ARGOSJ8_IA_/install/ublox_serialization:/home/rhobtor/PHD/ARGOSJ8_IA/ARGOSJ8_IA_/install/spacenav:/home/rhobtor/PHD/ARGOSJ8_IA/ARGOSJ8_IA_/install/laser_segmentation:/home/rhobtor/PHD/ARGOSJ8_IA/ARGOSJ8_IA_/install/slg_msgs:/home/rhobtor/PHD/ARGOSJ8_IA/ARGOSJ8_IA_/install/security_check_interfaces:/home/rhobtor/PHD/ARGOSJ8_IA/ARGOSJ8_IA_/install/joy:/home/rhobtor/PHD/ARGOSJ8_IA/ARGOSJ8_IA_/install/sdl2_vendor:/home/rhobtor/PHD/ARGOSJ8_IA/ARGOSJ8_IA_/install/path_manager:/home/rhobtor/PHD/ARGOSJ8_IA/ARGOSJ8_IA_/install/path_manager_interfaces:/home/rhobtor/PHD/ARGOSJ8_IA/ARGOSJ8_IA_/install/joy_linux:/home/rhobtor/PHD/ARGOSJ8_IA/ARGOSJ8_IA_/install/j8_xacro_model:/home/rhobtor/PHD/ARGOSJ8_IA/ARGOSJ8_IA_/install/hector_gazebo_plugins:/home/rhobtor/PHD/ARGOSJ8_IA/ARGOSJ8_IA_/install/fixposition_sensor_pkg:/home/rhobtor/PHD/ARGOSJ8_IA/ARGOSJ8_IA_/install/fixposition_odometry_converter_ros2:/home/rhobtor/PHD/ARGOSJ8_IA/ARGOSJ8_IA_/install/ctl_mission_interfaces:/home/rhobtor/PHD/ARGOSJ8_IA/ARGOSJ8_IA_/install/car_cpp:/home/rhobtor/PHD/ARGOSJ8_IA/ARGOSJ8_IA_/install/car_interfaces:/home/rhobtor/PHD/ARGOSJ8_IA/ARGOSJ8_IA_/install/argj801_setup:/home/rhobtor/PHD/ARGOSJ8_IA/ARGOSJ8_IA_/install/argj801_sensors:/home/rhobtor/PHD/ARGOSJ8_IA/ARGOSJ8_IA_/install/argj801_sensors_msgs:/home/rhobtor/PHD/ARGOSJ8_IA/ARGOSJ8_IA_/install/argj801_ctl_platform:/home/rhobtor/PHD/ARGOSJ8_IA/ARGOSJ8_IA_/install/argj801_ctl_platform_interfaces:/home/rhobtor/reactive/Reactive-Navegation/workspace_full_conected/install/octomap_mapping:/home/rhobtor/reactive/Reactive-Navegation/workspace_full_conected/install/octomap_server:/home/rhobtor/reactive/Reactive-Navegation/workspace_full_conected/install/octomap_rviz_plugins:/home/rhobtor/reactive/Reactive-Navegation/workspace_full_conected/install/hector_gazebo_plugins:/home/rhobtor/reactive/Reactive-Navegation/workspace_full_conected/install/car_cpp:/home/rhobtor/reactive/Reactive-Navegation/workspace_full_conected/install/car_interfaces:/home/rhobtor/PHD/ARGOSJ8_IA/ARGOSJ8_IA_/install/ntrip_client:/home/rhobtor/PHD/ARGOSJ8_IA/ARGOSJ8_IA_/install/j8_gui:/home/rhobtor/PHD/ARGOSJ8_IA/ARGOSJ8_IA_/install/car:/home/rhobtor/PHD/ARGOSJ8_IA/ARGOSJ8_IA_/install/android_ros2_server:/home/rhobtor/PHD/ARGOSJ8_IA/ARGOSJ8_IA_/install/GUI_pkg:/home/rhobtor/reactive/Reactive-Navegation/workspace_full_conected/install/car:/opt/ros/humble LD_LIBRARY_PATH=/home/rhobtor/PHD/ARGOSJ8_IA/ARGOSJ8_IA_/install/fixposition_driver_ros2/lib:/home/rhobtor/PHD/ARGOSJ8_IA/ARGOSJ8_IA_/install/fixposition_driver_lib/lib:/home/rhobtor/PHD/ARGOSJ8_IA/ARGOSJ8_IA_/install/fixposition_gnss_tf/lib:/home/rhobtor/PHD/ARGOSJ8_IA/ARGOSJ8_IA_/install/wiimote_msgs/lib:/home/rhobtor/PHD/ARGOSJ8_IA/ARGOSJ8_IA_/install/ublox_gps/lib:/home/rhobtor/PHD/ARGOSJ8_IA/ARGOSJ8_IA_/install/ublox_msgs/lib:/home/rhobtor/PHD/ARGOSJ8_IA/ARGOSJ8_IA_/install/spacenav/lib:/home/rhobtor/PHD/ARGOSJ8_IA/ARGOSJ8_IA_/install/laser_segmentation/lib:/home/rhobtor/PHD/ARGOSJ8_IA/ARGOSJ8_IA_/install/slg_msgs/lib:/home/rhobtor/PHD/ARGOSJ8_IA/ARGOSJ8_IA_/install/security_check_interfaces/lib:/home/rhobtor/PHD/ARGOSJ8_IA/ARGOSJ8_IA_/install/joy/lib:/home/rhobtor/PHD/ARGOSJ8_IA/ARGOSJ8_IA_/install/path_manager_interfaces/lib:/home/rhobtor/PHD/ARGOSJ8_IA/ARGOSJ8_IA_/install/j8_xacro_model/lib:/home/rhobtor/PHD/ARGOSJ8_IA/ARGOSJ8_IA_/install/hector_gazebo_plugins/lib:/home/rhobtor/PHD/ARGOSJ8_IA/ARGOSJ8_IA_/install/fixposition_sensor_pkg/lib:/home/rhobtor/PHD/ARGOSJ8_IA/ARGOSJ8_IA_/install/fixposition_odometry_converter_ros2/lib:/home/rhobtor/PHD/ARGOSJ8_IA/ARGOSJ8_IA_/install/ctl_mission_interfaces/lib:/home/rhobtor/PHD/ARGOSJ8_IA/ARGOSJ8_IA_/install/car_cpp/lib:/home/rhobtor/PHD/ARGOSJ8_IA/ARGOSJ8_IA_/install/car_interfaces/lib:/home/rhobtor/PHD/ARGOSJ8_IA/ARGOSJ8_IA_/install/argj801_sensors_msgs/lib:/home/rhobtor/PHD/ARGOSJ8_IA/ARGOSJ8_IA_/install/argj801_ctl_platform_interfaces/lib:/home/rhobtor/reactive/Reactive-Navegation/workspace_full_conected/install/octomap_server/lib:/home/rhobtor/reactive/Reactive-Navegation/workspace_full_conected/install/octomap_rviz_plugins/lib:/home/rhobtor/reactive/Reactive-Navegation/workspace_full_conected/install/hector_gazebo_plugins/lib:/home/rhobtor/reactive/Reactive-Navegation/workspace_full_conected/install/car_cpp/lib:/home/rhobtor/reactive/Reactive-Navegation/workspace_full_conected/install/car_interfaces/lib:/usr/lib/x86_64-linux-gnu/gazebo-11/plugins:/opt/ros/humble/opt/rviz_ogre_vendor/lib:/opt/ros/humble/lib/x86_64-linux-gnu:/opt/ros/humble/lib /usr/bin/cmake --build /home/rhobtor/PHD/ARGOSJ8_IA/ARGOSJ8_IA_/build/fixposition_odometry_converter_ros2 -- -j20 -l20
[3.838s] DEBUG:colcon.colcon_core.event_handler.log_command:Invoked command in '/home/rhobtor/PHD/ARGOSJ8_IA/ARGOSJ8_IA_/build/ublox_gps' returned '0': CMAKE_PREFIX_PATH=/home/rhobtor/PHD/ARGOSJ8_IA/ARGOSJ8_IA_/install/ublox_msgs:/home/rhobtor/PHD/ARGOSJ8_IA/ARGOSJ8_IA_/install/ublox_serialization:/home/rhobtor/PHD/ARGOSJ8_IA/ARGOSJ8_IA_/install/wiimote_msgs:/home/rhobtor/PHD/ARGOSJ8_IA/ARGOSJ8_IA_/install/ublox:/home/rhobtor/PHD/ARGOSJ8_IA/ARGOSJ8_IA_/install/ublox_gps:/home/rhobtor/PHD/ARGOSJ8_IA/ARGOSJ8_IA_/install/security_check:/home/rhobtor/PHD/ARGOSJ8_IA/ARGOSJ8_IA_/install/ctl_mission:/home/rhobtor/PHD/ARGOSJ8_IA/ARGOSJ8_IA_/install/spacenav:/home/rhobtor/PHD/ARGOSJ8_IA/ARGOSJ8_IA_/install/laser_segmentation:/home/rhobtor/PHD/ARGOSJ8_IA/ARGOSJ8_IA_/install/slg_msgs:/home/rhobtor/PHD/ARGOSJ8_IA/ARGOSJ8_IA_/install/security_check_interfaces:/home/rhobtor/PHD/ARGOSJ8_IA/ARGOSJ8_IA_/install/joy:/home/rhobtor/PHD/ARGOSJ8_IA/ARGOSJ8_IA_/install/sdl2_vendor:/home/rhobtor/PHD/ARGOSJ8_IA/ARGOSJ8_IA_/install/path_manager:/home/rhobtor/PHD/ARGOSJ8_IA/ARGOSJ8_IA_/install/path_manager_interfaces:/home/rhobtor/PHD/ARGOSJ8_IA/ARGOSJ8_IA_/install/joy_linux:/home/rhobtor/PHD/ARGOSJ8_IA/ARGOSJ8_IA_/install/j8_xacro_model:/home/rhobtor/PHD/ARGOSJ8_IA/ARGOSJ8_IA_/install/hector_gazebo_plugins:/home/rhobtor/PHD/ARGOSJ8_IA/ARGOSJ8_IA_/install/fixposition_sensor_pkg:/home/rhobtor/PHD/ARGOSJ8_IA/ARGOSJ8_IA_/install/fixposition_odometry_converter_ros2:/home/rhobtor/PHD/ARGOSJ8_IA/ARGOSJ8_IA_/install/fixposition_driver_ros2:/home/rhobtor/PHD/ARGOSJ8_IA/ARGOSJ8_IA_/install/fixposition_driver_lib:/home/rhobtor/PHD/ARGOSJ8_IA/ARGOSJ8_IA_/install/fixposition_gnss_tf:/home/rhobtor/PHD/ARGOSJ8_IA/ARGOSJ8_IA_/install/ctl_mission_interfaces:/home/rhobtor/PHD/ARGOSJ8_IA/ARGOSJ8_IA_/install/car_cpp:/home/rhobtor/PHD/ARGOSJ8_IA/ARGOSJ8_IA_/install/car_interfaces:/home/rhobtor/PHD/ARGOSJ8_IA/ARGOSJ8_IA_/install/argj801_setup:/home/rhobtor/PHD/ARGOSJ8_IA/ARGOSJ8_IA_/install/argj801_sensors:/home/rhobtor/PHD/ARGOSJ8_IA/ARGOSJ8_IA_/install/argj801_sensors_msgs:/home/rhobtor/PHD/ARGOSJ8_IA/ARGOSJ8_IA_/install/argj801_ctl_platform:/home/rhobtor/PHD/ARGOSJ8_IA/ARGOSJ8_IA_/install/argj801_ctl_platform_interfaces:/home/rhobtor/reactive/Reactive-Navegation/workspace_full_conected/install/octomap_mapping:/home/rhobtor/reactive/Reactive-Navegation/workspace_full_conected/install/octomap_server:/home/rhobtor/reactive/Reactive-Navegation/workspace_full_conected/install/octomap_rviz_plugins:/home/rhobtor/reactive/Reactive-Navegation/workspace_full_conected/install/hector_gazebo_plugins:/home/rhobtor/reactive/Reactive-Navegation/workspace_full_conected/install/car_cpp:/home/rhobtor/reactive/Reactive-Navegation/workspace_full_conected/install/car_interfaces:/home/rhobtor/PHD/ARGOSJ8_IA/ARGOSJ8_IA_/install/ntrip_client:/home/rhobtor/PHD/ARGOSJ8_IA/ARGOSJ8_IA_/install/j8_gui:/home/rhobtor/PHD/ARGOSJ8_IA/ARGOSJ8_IA_/install/car:/home/rhobtor/PHD/ARGOSJ8_IA/ARGOSJ8_IA_/install/android_ros2_server:/home/rhobtor/PHD/ARGOSJ8_IA/ARGOSJ8_IA_/install/GUI_pkg:/home/rhobtor/reactive/Reactive-Navegation/workspace_full_conected/install/car:/opt/ros/humble LD_LIBRARY_PATH=/home/rhobtor/PHD/ARGOSJ8_IA/ARGOSJ8_IA_/install/ublox_msgs/lib:/home/rhobtor/PHD/ARGOSJ8_IA/ARGOSJ8_IA_/install/wiimote_msgs/lib:/home/rhobtor/PHD/ARGOSJ8_IA/ARGOSJ8_IA_/install/ublox_gps/lib:/home/rhobtor/PHD/ARGOSJ8_IA/ARGOSJ8_IA_/install/spacenav/lib:/home/rhobtor/PHD/ARGOSJ8_IA/ARGOSJ8_IA_/install/laser_segmentation/lib:/home/rhobtor/PHD/ARGOSJ8_IA/ARGOSJ8_IA_/install/slg_msgs/lib:/home/rhobtor/PHD/ARGOSJ8_IA/ARGOSJ8_IA_/install/security_check_interfaces/lib:/home/rhobtor/PHD/ARGOSJ8_IA/ARGOSJ8_IA_/install/joy/lib:/home/rhobtor/PHD/ARGOSJ8_IA/ARGOSJ8_IA_/install/path_manager_interfaces/lib:/home/rhobtor/PHD/ARGOSJ8_IA/ARGOSJ8_IA_/install/j8_xacro_model/lib:/home/rhobtor/PHD/ARGOSJ8_IA/ARGOSJ8_IA_/install/hector_gazebo_plugins/lib:/home/rhobtor/PHD/ARGOSJ8_IA/ARGOSJ8_IA_/install/fixposition_sensor_pkg/lib:/home/rhobtor/PHD/ARGOSJ8_IA/ARGOSJ8_IA_/install/fixposition_odometry_converter_ros2/lib:/home/rhobtor/PHD/ARGOSJ8_IA/ARGOSJ8_IA_/install/fixposition_driver_ros2/lib:/home/rhobtor/PHD/ARGOSJ8_IA/ARGOSJ8_IA_/install/fixposition_driver_lib/lib:/home/rhobtor/PHD/ARGOSJ8_IA/ARGOSJ8_IA_/install/fixposition_gnss_tf/lib:/home/rhobtor/PHD/ARGOSJ8_IA/ARGOSJ8_IA_/install/ctl_mission_interfaces/lib:/home/rhobtor/PHD/ARGOSJ8_IA/ARGOSJ8_IA_/install/car_cpp/lib:/home/rhobtor/PHD/ARGOSJ8_IA/ARGOSJ8_IA_/install/car_interfaces/lib:/home/rhobtor/PHD/ARGOSJ8_IA/ARGOSJ8_IA_/install/argj801_sensors_msgs/lib:/home/rhobtor/PHD/ARGOSJ8_IA/ARGOSJ8_IA_/install/argj801_ctl_platform_interfaces/lib:/home/rhobtor/reactive/Reactive-Navegation/workspace_full_conected/install/octomap_server/lib:/home/rhobtor/reactive/Reactive-Navegation/workspace_full_conected/install/octomap_rviz_plugins/lib:/home/rhobtor/reactive/Reactive-Navegation/workspace_full_conected/install/hector_gazebo_plugins/lib:/home/rhobtor/reactive/Reactive-Navegation/workspace_full_conected/install/car_cpp/lib:/home/rhobtor/reactive/Reactive-Navegation/workspace_full_conected/install/car_interfaces/lib:/usr/lib/x86_64-linux-gnu/gazebo-11/plugins:/opt/ros/humble/opt/rviz_ogre_vendor/lib:/opt/ros/humble/lib/x86_64-linux-gnu:/opt/ros/humble/lib /usr/bin/cmake --build /home/rhobtor/PHD/ARGOSJ8_IA/ARGOSJ8_IA_/build/ublox_gps -- -j20 -l20
[3.839s] DEBUG:colcon.colcon_core.event_handler.log_command:Invoking command in '/home/rhobtor/PHD/ARGOSJ8_IA/ARGOSJ8_IA_/build/ublox_gps': CMAKE_PREFIX_PATH=/home/rhobtor/PHD/ARGOSJ8_IA/ARGOSJ8_IA_/install/ublox_msgs:/home/rhobtor/PHD/ARGOSJ8_IA/ARGOSJ8_IA_/install/ublox_serialization:/home/rhobtor/PHD/ARGOSJ8_IA/ARGOSJ8_IA_/install/wiimote_msgs:/home/rhobtor/PHD/ARGOSJ8_IA/ARGOSJ8_IA_/install/ublox:/home/rhobtor/PHD/ARGOSJ8_IA/ARGOSJ8_IA_/install/ublox_gps:/home/rhobtor/PHD/ARGOSJ8_IA/ARGOSJ8_IA_/install/security_check:/home/rhobtor/PHD/ARGOSJ8_IA/ARGOSJ8_IA_/install/ctl_mission:/home/rhobtor/PHD/ARGOSJ8_IA/ARGOSJ8_IA_/install/spacenav:/home/rhobtor/PHD/ARGOSJ8_IA/ARGOSJ8_IA_/install/laser_segmentation:/home/rhobtor/PHD/ARGOSJ8_IA/ARGOSJ8_IA_/install/slg_msgs:/home/rhobtor/PHD/ARGOSJ8_IA/ARGOSJ8_IA_/install/security_check_interfaces:/home/rhobtor/PHD/ARGOSJ8_IA/ARGOSJ8_IA_/install/joy:/home/rhobtor/PHD/ARGOSJ8_IA/ARGOSJ8_IA_/install/sdl2_vendor:/home/rhobtor/PHD/ARGOSJ8_IA/ARGOSJ8_IA_/install/path_manager:/home/rhobtor/PHD/ARGOSJ8_IA/ARGOSJ8_IA_/install/path_manager_interfaces:/home/rhobtor/PHD/ARGOSJ8_IA/ARGOSJ8_IA_/install/joy_linux:/home/rhobtor/PHD/ARGOSJ8_IA/ARGOSJ8_IA_/install/j8_xacro_model:/home/rhobtor/PHD/ARGOSJ8_IA/ARGOSJ8_IA_/install/hector_gazebo_plugins:/home/rhobtor/PHD/ARGOSJ8_IA/ARGOSJ8_IA_/install/fixposition_sensor_pkg:/home/rhobtor/PHD/ARGOSJ8_IA/ARGOSJ8_IA_/install/fixposition_odometry_converter_ros2:/home/rhobtor/PHD/ARGOSJ8_IA/ARGOSJ8_IA_/install/fixposition_driver_ros2:/home/rhobtor/PHD/ARGOSJ8_IA/ARGOSJ8_IA_/install/fixposition_driver_lib:/home/rhobtor/PHD/ARGOSJ8_IA/ARGOSJ8_IA_/install/fixposition_gnss_tf:/home/rhobtor/PHD/ARGOSJ8_IA/ARGOSJ8_IA_/install/ctl_mission_interfaces:/home/rhobtor/PHD/ARGOSJ8_IA/ARGOSJ8_IA_/install/car_cpp:/home/rhobtor/PHD/ARGOSJ8_IA/ARGOSJ8_IA_/install/car_interfaces:/home/rhobtor/PHD/ARGOSJ8_IA/ARGOSJ8_IA_/install/argj801_setup:/home/rhobtor/PHD/ARGOSJ8_IA/ARGOSJ8_IA_/install/argj801_sensors:/home/rhobtor/PHD/ARGOSJ8_IA/ARGOSJ8_IA_/install/argj801_sensors_msgs:/home/rhobtor/PHD/ARGOSJ8_IA/ARGOSJ8_IA_/install/argj801_ctl_platform:/home/rhobtor/PHD/ARGOSJ8_IA/ARGOSJ8_IA_/install/argj801_ctl_platform_interfaces:/home/rhobtor/reactive/Reactive-Navegation/workspace_full_conected/install/octomap_mapping:/home/rhobtor/reactive/Reactive-Navegation/workspace_full_conected/install/octomap_server:/home/rhobtor/reactive/Reactive-Navegation/workspace_full_conected/install/octomap_rviz_plugins:/home/rhobtor/reactive/Reactive-Navegation/workspace_full_conected/install/hector_gazebo_plugins:/home/rhobtor/reactive/Reactive-Navegation/workspace_full_conected/install/car_cpp:/home/rhobtor/reactive/Reactive-Navegation/workspace_full_conected/install/car_interfaces:/home/rhobtor/PHD/ARGOSJ8_IA/ARGOSJ8_IA_/install/ntrip_client:/home/rhobtor/PHD/ARGOSJ8_IA/ARGOSJ8_IA_/install/j8_gui:/home/rhobtor/PHD/ARGOSJ8_IA/ARGOSJ8_IA_/install/car:/home/rhobtor/PHD/ARGOSJ8_IA/ARGOSJ8_IA_/install/android_ros2_server:/home/rhobtor/PHD/ARGOSJ8_IA/ARGOSJ8_IA_/install/GUI_pkg:/home/rhobtor/reactive/Reactive-Navegation/workspace_full_conected/install/car:/opt/ros/humble LD_LIBRARY_PATH=/home/rhobtor/PHD/ARGOSJ8_IA/ARGOSJ8_IA_/install/ublox_msgs/lib:/home/rhobtor/PHD/ARGOSJ8_IA/ARGOSJ8_IA_/install/wiimote_msgs/lib:/home/rhobtor/PHD/ARGOSJ8_IA/ARGOSJ8_IA_/install/ublox_gps/lib:/home/rhobtor/PHD/ARGOSJ8_IA/ARGOSJ8_IA_/install/spacenav/lib:/home/rhobtor/PHD/ARGOSJ8_IA/ARGOSJ8_IA_/install/laser_segmentation/lib:/home/rhobtor/PHD/ARGOSJ8_IA/ARGOSJ8_IA_/install/slg_msgs/lib:/home/rhobtor/PHD/ARGOSJ8_IA/ARGOSJ8_IA_/install/security_check_interfaces/lib:/home/rhobtor/PHD/ARGOSJ8_IA/ARGOSJ8_IA_/install/joy/lib:/home/rhobtor/PHD/ARGOSJ8_IA/ARGOSJ8_IA_/install/path_manager_interfaces/lib:/home/rhobtor/PHD/ARGOSJ8_IA/ARGOSJ8_IA_/install/j8_xacro_model/lib:/home/rhobtor/PHD/ARGOSJ8_IA/ARGOSJ8_IA_/install/hector_gazebo_plugins/lib:/home/rhobtor/PHD/ARGOSJ8_IA/ARGOSJ8_IA_/install/fixposition_sensor_pkg/lib:/home/rhobtor/PHD/ARGOSJ8_IA/ARGOSJ8_IA_/install/fixposition_odometry_converter_ros2/lib:/home/rhobtor/PHD/ARGOSJ8_IA/ARGOSJ8_IA_/install/fixposition_driver_ros2/lib:/home/rhobtor/PHD/ARGOSJ8_IA/ARGOSJ8_IA_/install/fixposition_driver_lib/lib:/home/rhobtor/PHD/ARGOSJ8_IA/ARGOSJ8_IA_/install/fixposition_gnss_tf/lib:/home/rhobtor/PHD/ARGOSJ8_IA/ARGOSJ8_IA_/install/ctl_mission_interfaces/lib:/home/rhobtor/PHD/ARGOSJ8_IA/ARGOSJ8_IA_/install/car_cpp/lib:/home/rhobtor/PHD/ARGOSJ8_IA/ARGOSJ8_IA_/install/car_interfaces/lib:/home/rhobtor/PHD/ARGOSJ8_IA/ARGOSJ8_IA_/install/argj801_sensors_msgs/lib:/home/rhobtor/PHD/ARGOSJ8_IA/ARGOSJ8_IA_/install/argj801_ctl_platform_interfaces/lib:/home/rhobtor/reactive/Reactive-Navegation/workspace_full_conected/install/octomap_server/lib:/home/rhobtor/reactive/Reactive-Navegation/workspace_full_conected/install/octomap_rviz_plugins/lib:/home/rhobtor/reactive/Reactive-Navegation/workspace_full_conected/install/hector_gazebo_plugins/lib:/home/rhobtor/reactive/Reactive-Navegation/workspace_full_conected/install/car_cpp/lib:/home/rhobtor/reactive/Reactive-Navegation/workspace_full_conected/install/car_interfaces/lib:/usr/lib/x86_64-linux-gnu/gazebo-11/plugins:/opt/ros/humble/opt/rviz_ogre_vendor/lib:/opt/ros/humble/lib/x86_64-linux-gnu:/opt/ros/humble/lib /usr/bin/cmake --install /home/rhobtor/PHD/ARGOSJ8_IA/ARGOSJ8_IA_/build/ublox_gps
[3.850s] Level 1:colcon.colcon_core.environment:create_environment_scripts_only(ublox_gps)
[3.850s] Level 1:colcon.colcon_core.environment:checking '/home/rhobtor/PHD/ARGOSJ8_IA/ARGOSJ8_IA_/install/ublox_gps' for CMake module files
[3.850s] DEBUG:colcon.colcon_core.event_handler.log_command:Invoked command in '/home/rhobtor/PHD/ARGOSJ8_IA/ARGOSJ8_IA_/build/ublox_gps' returned '0': CMAKE_PREFIX_PATH=/home/rhobtor/PHD/ARGOSJ8_IA/ARGOSJ8_IA_/install/ublox_msgs:/home/rhobtor/PHD/ARGOSJ8_IA/ARGOSJ8_IA_/install/ublox_serialization:/home/rhobtor/PHD/ARGOSJ8_IA/ARGOSJ8_IA_/install/wiimote_msgs:/home/rhobtor/PHD/ARGOSJ8_IA/ARGOSJ8_IA_/install/ublox:/home/rhobtor/PHD/ARGOSJ8_IA/ARGOSJ8_IA_/install/ublox_gps:/home/rhobtor/PHD/ARGOSJ8_IA/ARGOSJ8_IA_/install/security_check:/home/rhobtor/PHD/ARGOSJ8_IA/ARGOSJ8_IA_/install/ctl_mission:/home/rhobtor/PHD/ARGOSJ8_IA/ARGOSJ8_IA_/install/spacenav:/home/rhobtor/PHD/ARGOSJ8_IA/ARGOSJ8_IA_/install/laser_segmentation:/home/rhobtor/PHD/ARGOSJ8_IA/ARGOSJ8_IA_/install/slg_msgs:/home/rhobtor/PHD/ARGOSJ8_IA/ARGOSJ8_IA_/install/security_check_interfaces:/home/rhobtor/PHD/ARGOSJ8_IA/ARGOSJ8_IA_/install/joy:/home/rhobtor/PHD/ARGOSJ8_IA/ARGOSJ8_IA_/install/sdl2_vendor:/home/rhobtor/PHD/ARGOSJ8_IA/ARGOSJ8_IA_/install/path_manager:/home/rhobtor/PHD/ARGOSJ8_IA/ARGOSJ8_IA_/install/path_manager_interfaces:/home/rhobtor/PHD/ARGOSJ8_IA/ARGOSJ8_IA_/install/joy_linux:/home/rhobtor/PHD/ARGOSJ8_IA/ARGOSJ8_IA_/install/j8_xacro_model:/home/rhobtor/PHD/ARGOSJ8_IA/ARGOSJ8_IA_/install/hector_gazebo_plugins:/home/rhobtor/PHD/ARGOSJ8_IA/ARGOSJ8_IA_/install/fixposition_sensor_pkg:/home/rhobtor/PHD/ARGOSJ8_IA/ARGOSJ8_IA_/install/fixposition_odometry_converter_ros2:/home/rhobtor/PHD/ARGOSJ8_IA/ARGOSJ8_IA_/install/fixposition_driver_ros2:/home/rhobtor/PHD/ARGOSJ8_IA/ARGOSJ8_IA_/install/fixposition_driver_lib:/home/rhobtor/PHD/ARGOSJ8_IA/ARGOSJ8_IA_/install/fixposition_gnss_tf:/home/rhobtor/PHD/ARGOSJ8_IA/ARGOSJ8_IA_/install/ctl_mission_interfaces:/home/rhobtor/PHD/ARGOSJ8_IA/ARGOSJ8_IA_/install/car_cpp:/home/rhobtor/PHD/ARGOSJ8_IA/ARGOSJ8_IA_/install/car_interfaces:/home/rhobtor/PHD/ARGOSJ8_IA/ARGOSJ8_IA_/install/argj801_setup:/home/rhobtor/PHD/ARGOSJ8_IA/ARGOSJ8_IA_/install/argj801_sensors:/home/rhobtor/PHD/ARGOSJ8_IA/ARGOSJ8_IA_/install/argj801_sensors_msgs:/home/rhobtor/PHD/ARGOSJ8_IA/ARGOSJ8_IA_/install/argj801_ctl_platform:/home/rhobtor/PHD/ARGOSJ8_IA/ARGOSJ8_IA_/install/argj801_ctl_platform_interfaces:/home/rhobtor/reactive/Reactive-Navegation/workspace_full_conected/install/octomap_mapping:/home/rhobtor/reactive/Reactive-Navegation/workspace_full_conected/install/octomap_server:/home/rhobtor/reactive/Reactive-Navegation/workspace_full_conected/install/octomap_rviz_plugins:/home/rhobtor/reactive/Reactive-Navegation/workspace_full_conected/install/hector_gazebo_plugins:/home/rhobtor/reactive/Reactive-Navegation/workspace_full_conected/install/car_cpp:/home/rhobtor/reactive/Reactive-Navegation/workspace_full_conected/install/car_interfaces:/home/rhobtor/PHD/ARGOSJ8_IA/ARGOSJ8_IA_/install/ntrip_client:/home/rhobtor/PHD/ARGOSJ8_IA/ARGOSJ8_IA_/install/j8_gui:/home/rhobtor/PHD/ARGOSJ8_IA/ARGOSJ8_IA_/install/car:/home/rhobtor/PHD/ARGOSJ8_IA/ARGOSJ8_IA_/install/android_ros2_server:/home/rhobtor/PHD/ARGOSJ8_IA/ARGOSJ8_IA_/install/GUI_pkg:/home/rhobtor/reactive/Reactive-Navegation/workspace_full_conected/install/car:/opt/ros/humble LD_LIBRARY_PATH=/home/rhobtor/PHD/ARGOSJ8_IA/ARGOSJ8_IA_/install/ublox_msgs/lib:/home/rhobtor/PHD/ARGOSJ8_IA/ARGOSJ8_IA_/install/wiimote_msgs/lib:/home/rhobtor/PHD/ARGOSJ8_IA/ARGOSJ8_IA_/install/ublox_gps/lib:/home/rhobtor/PHD/ARGOSJ8_IA/ARGOSJ8_IA_/install/spacenav/lib:/home/rhobtor/PHD/ARGOSJ8_IA/ARGOSJ8_IA_/install/laser_segmentation/lib:/home/rhobtor/PHD/ARGOSJ8_IA/ARGOSJ8_IA_/install/slg_msgs/lib:/home/rhobtor/PHD/ARGOSJ8_IA/ARGOSJ8_IA_/install/security_check_interfaces/lib:/home/rhobtor/PHD/ARGOSJ8_IA/ARGOSJ8_IA_/install/joy/lib:/home/rhobtor/PHD/ARGOSJ8_IA/ARGOSJ8_IA_/install/path_manager_interfaces/lib:/home/rhobtor/PHD/ARGOSJ8_IA/ARGOSJ8_IA_/install/j8_xacro_model/lib:/home/rhobtor/PHD/ARGOSJ8_IA/ARGOSJ8_IA_/install/hector_gazebo_plugins/lib:/home/rhobtor/PHD/ARGOSJ8_IA/ARGOSJ8_IA_/install/fixposition_sensor_pkg/lib:/home/rhobtor/PHD/ARGOSJ8_IA/ARGOSJ8_IA_/install/fixposition_odometry_converter_ros2/lib:/home/rhobtor/PHD/ARGOSJ8_IA/ARGOSJ8_IA_/install/fixposition_driver_ros2/lib:/home/rhobtor/PHD/ARGOSJ8_IA/ARGOSJ8_IA_/install/fixposition_driver_lib/lib:/home/rhobtor/PHD/ARGOSJ8_IA/ARGOSJ8_IA_/install/fixposition_gnss_tf/lib:/home/rhobtor/PHD/ARGOSJ8_IA/ARGOSJ8_IA_/install/ctl_mission_interfaces/lib:/home/rhobtor/PHD/ARGOSJ8_IA/ARGOSJ8_IA_/install/car_cpp/lib:/home/rhobtor/PHD/ARGOSJ8_IA/ARGOSJ8_IA_/install/car_interfaces/lib:/home/rhobtor/PHD/ARGOSJ8_IA/ARGOSJ8_IA_/install/argj801_sensors_msgs/lib:/home/rhobtor/PHD/ARGOSJ8_IA/ARGOSJ8_IA_/install/argj801_ctl_platform_interfaces/lib:/home/rhobtor/reactive/Reactive-Navegation/workspace_full_conected/install/octomap_server/lib:/home/rhobtor/reactive/Reactive-Navegation/workspace_full_conected/install/octomap_rviz_plugins/lib:/home/rhobtor/reactive/Reactive-Navegation/workspace_full_conected/install/hector_gazebo_plugins/lib:/home/rhobtor/reactive/Reactive-Navegation/workspace_full_conected/install/car_cpp/lib:/home/rhobtor/reactive/Reactive-Navegation/workspace_full_conected/install/car_interfaces/lib:/usr/lib/x86_64-linux-gnu/gazebo-11/plugins:/opt/ros/humble/opt/rviz_ogre_vendor/lib:/opt/ros/humble/lib/x86_64-linux-gnu:/opt/ros/humble/lib /usr/bin/cmake --install /home/rhobtor/PHD/ARGOSJ8_IA/ARGOSJ8_IA_/build/ublox_gps
[3.851s] Level 1:colcon.colcon_core.environment:checking '/home/rhobtor/PHD/ARGOSJ8_IA/ARGOSJ8_IA_/install/ublox_gps' for CMake config files
[3.851s] Level 1:colcon.colcon_core.shell:create_environment_hook('ublox_gps', 'cmake_prefix_path')
[3.851s] INFO:colcon.colcon_core.shell:Creating environment hook '/home/rhobtor/PHD/ARGOSJ8_IA/ARGOSJ8_IA_/install/ublox_gps/share/ublox_gps/hook/cmake_prefix_path.ps1'
[3.851s] INFO:colcon.colcon_core.shell:Creating environment descriptor '/home/rhobtor/PHD/ARGOSJ8_IA/ARGOSJ8_IA_/install/ublox_gps/share/ublox_gps/hook/cmake_prefix_path.dsv'
[3.851s] INFO:colcon.colcon_core.shell:Creating environment hook '/home/rhobtor/PHD/ARGOSJ8_IA/ARGOSJ8_IA_/install/ublox_gps/share/ublox_gps/hook/cmake_prefix_path.sh'
[3.852s] Level 1:colcon.colcon_core.environment:checking '/home/rhobtor/PHD/ARGOSJ8_IA/ARGOSJ8_IA_/install/ublox_gps/lib'
[3.852s] Level 1:colcon.colcon_core.shell:create_environment_hook('ublox_gps', 'ld_library_path_lib')
[3.852s] INFO:colcon.colcon_core.shell:Creating environment hook '/home/rhobtor/PHD/ARGOSJ8_IA/ARGOSJ8_IA_/install/ublox_gps/share/ublox_gps/hook/ld_library_path_lib.ps1'
[3.852s] INFO:colcon.colcon_core.shell:Creating environment descriptor '/home/rhobtor/PHD/ARGOSJ8_IA/ARGOSJ8_IA_/install/ublox_gps/share/ublox_gps/hook/ld_library_path_lib.dsv'
[3.852s] INFO:colcon.colcon_core.shell:Creating environment hook '/home/rhobtor/PHD/ARGOSJ8_IA/ARGOSJ8_IA_/install/ublox_gps/share/ublox_gps/hook/ld_library_path_lib.sh'
[3.858s] Level 1:colcon.colcon_core.environment:checking '/home/rhobtor/PHD/ARGOSJ8_IA/ARGOSJ8_IA_/install/ublox_gps/bin'
[3.858s] Level 1:colcon.colcon_core.environment:checking '/home/rhobtor/PHD/ARGOSJ8_IA/ARGOSJ8_IA_/install/ublox_gps/lib/pkgconfig/ublox_gps.pc'
[3.858s] Level 1:colcon.colcon_core.environment:checking '/home/rhobtor/PHD/ARGOSJ8_IA/ARGOSJ8_IA_/install/ublox_gps/lib/python3.10/site-packages'
[3.858s] Level 1:colcon.colcon_core.environment:checking '/home/rhobtor/PHD/ARGOSJ8_IA/ARGOSJ8_IA_/install/ublox_gps/bin'
[3.859s] INFO:colcon.colcon_core.shell:Creating package script '/home/rhobtor/PHD/ARGOSJ8_IA/ARGOSJ8_IA_/install/ublox_gps/share/ublox_gps/package.ps1'
[3.860s] INFO:colcon.colcon_core.shell:Creating package descriptor '/home/rhobtor/PHD/ARGOSJ8_IA/ARGOSJ8_IA_/install/ublox_gps/share/ublox_gps/package.dsv'
[3.860s] INFO:colcon.colcon_core.shell:Creating package script '/home/rhobtor/PHD/ARGOSJ8_IA/ARGOSJ8_IA_/install/ublox_gps/share/ublox_gps/package.sh'
[3.860s] INFO:colcon.colcon_core.shell:Creating package script '/home/rhobtor/PHD/ARGOSJ8_IA/ARGOSJ8_IA_/install/ublox_gps/share/ublox_gps/package.bash'
[3.861s] INFO:colcon.colcon_core.shell:Creating package script '/home/rhobtor/PHD/ARGOSJ8_IA/ARGOSJ8_IA_/install/ublox_gps/share/ublox_gps/package.zsh'
[3.861s] Level 1:colcon.colcon_core.environment:create_file_with_runtime_dependencies(/home/rhobtor/PHD/ARGOSJ8_IA/ARGOSJ8_IA_/install/ublox_gps/share/colcon-core/packages/ublox_gps)
[3.861s] Level 1:colcon.colcon_core.environment:create_environment_scripts_only(ublox_gps)
[3.862s] Level 1:colcon.colcon_core.environment:checking '/home/rhobtor/PHD/ARGOSJ8_IA/ARGOSJ8_IA_/install/ublox_gps' for CMake module files
[3.862s] Level 1:colcon.colcon_core.environment:checking '/home/rhobtor/PHD/ARGOSJ8_IA/ARGOSJ8_IA_/install/ublox_gps' for CMake config files
[3.862s] Level 1:colcon.colcon_core.shell:create_environment_hook('ublox_gps', 'cmake_prefix_path')
[3.862s] INFO:colcon.colcon_core.shell:Creating environment hook '/home/rhobtor/PHD/ARGOSJ8_IA/ARGOSJ8_IA_/install/ublox_gps/share/ublox_gps/hook/cmake_prefix_path.ps1'
[3.862s] INFO:colcon.colcon_core.shell:Creating environment descriptor '/home/rhobtor/PHD/ARGOSJ8_IA/ARGOSJ8_IA_/install/ublox_gps/share/ublox_gps/hook/cmake_prefix_path.dsv'
[3.879s] INFO:colcon.colcon_core.shell:Creating environment hook '/home/rhobtor/PHD/ARGOSJ8_IA/ARGOSJ8_IA_/install/ublox_gps/share/ublox_gps/hook/cmake_prefix_path.sh'
[3.880s] Level 1:colcon.colcon_core.environment:checking '/home/rhobtor/PHD/ARGOSJ8_IA/ARGOSJ8_IA_/install/ublox_gps/lib'
[3.880s] Level 1:colcon.colcon_core.shell:create_environment_hook('ublox_gps', 'ld_library_path_lib')
[3.881s] INFO:colcon.colcon_core.shell:Creating environment hook '/home/rhobtor/PHD/ARGOSJ8_IA/ARGOSJ8_IA_/install/ublox_gps/share/ublox_gps/hook/ld_library_path_lib.ps1'
[3.881s] INFO:colcon.colcon_core.shell:Creating environment descriptor '/home/rhobtor/PHD/ARGOSJ8_IA/ARGOSJ8_IA_/install/ublox_gps/share/ublox_gps/hook/ld_library_path_lib.dsv'
[3.882s] INFO:colcon.colcon_core.shell:Creating environment hook '/home/rhobtor/PHD/ARGOSJ8_IA/ARGOSJ8_IA_/install/ublox_gps/share/ublox_gps/hook/ld_library_path_lib.sh'
[3.882s] Level 1:colcon.colcon_core.environment:checking '/home/rhobtor/PHD/ARGOSJ8_IA/ARGOSJ8_IA_/install/ublox_gps/bin'
[3.882s] Level 1:colcon.colcon_core.environment:checking '/home/rhobtor/PHD/ARGOSJ8_IA/ARGOSJ8_IA_/install/ublox_gps/lib/pkgconfig/ublox_gps.pc'
[3.882s] Level 1:colcon.colcon_core.environment:checking '/home/rhobtor/PHD/ARGOSJ8_IA/ARGOSJ8_IA_/install/ublox_gps/lib/python3.10/site-packages'
[3.882s] Level 1:colcon.colcon_core.environment:checking '/home/rhobtor/PHD/ARGOSJ8_IA/ARGOSJ8_IA_/install/ublox_gps/bin'
[3.883s] INFO:colcon.colcon_core.shell:Creating package script '/home/rhobtor/PHD/ARGOSJ8_IA/ARGOSJ8_IA_/install/ublox_gps/share/ublox_gps/package.ps1'
[3.883s] INFO:colcon.colcon_core.shell:Creating package descriptor '/home/rhobtor/PHD/ARGOSJ8_IA/ARGOSJ8_IA_/install/ublox_gps/share/ublox_gps/package.dsv'
[3.888s] INFO:colcon.colcon_core.shell:Creating package script '/home/rhobtor/PHD/ARGOSJ8_IA/ARGOSJ8_IA_/install/ublox_gps/share/ublox_gps/package.sh'
[3.888s] INFO:colcon.colcon_core.shell:Creating package script '/home/rhobtor/PHD/ARGOSJ8_IA/ARGOSJ8_IA_/install/ublox_gps/share/ublox_gps/package.bash'
[3.888s] INFO:colcon.colcon_core.shell:Creating package script '/home/rhobtor/PHD/ARGOSJ8_IA/ARGOSJ8_IA_/install/ublox_gps/share/ublox_gps/package.zsh'
[3.889s] Level 1:colcon.colcon_core.environment:create_file_with_runtime_dependencies(/home/rhobtor/PHD/ARGOSJ8_IA/ARGOSJ8_IA_/install/ublox_gps/share/colcon-core/packages/ublox_gps)
[3.889s] INFO:colcon.colcon_ros.task.ament_cmake.build:Building ROS package in '/home/rhobtor/PHD/ARGOSJ8_IA/ARGOSJ8_IA_/src/argo_drivers_pkgs/ublox/ublox' with build type 'ament_cmake'
[3.889s] INFO:colcon.colcon_cmake.task.cmake.build:Building CMake package in '/home/rhobtor/PHD/ARGOSJ8_IA/ARGOSJ8_IA_/src/argo_drivers_pkgs/ublox/ublox'
[3.889s] INFO:colcon.colcon_core.shell:Skip shell extension 'powershell' for command environment: Not usable outside of PowerShell
[3.889s] DEBUG:colcon.colcon_core.shell:Skip shell extension 'dsv' for command environment
[3.894s] DEBUG:colcon.colcon_core.event_handler.log_command:Invoked command in '/home/rhobtor/PHD/ARGOSJ8_IA/ARGOSJ8_IA_/build/fixposition_odometry_converter_ros2' returned '0': CMAKE_PREFIX_PATH=/home/rhobtor/PHD/ARGOSJ8_IA/ARGOSJ8_IA_/install/fixposition_driver_ros2:/home/rhobtor/PHD/ARGOSJ8_IA/ARGOSJ8_IA_/install/fixposition_driver_lib:/home/rhobtor/PHD/ARGOSJ8_IA/ARGOSJ8_IA_/install/fixposition_gnss_tf:/home/rhobtor/PHD/ARGOSJ8_IA/ARGOSJ8_IA_/install/wiimote_msgs:/home/rhobtor/PHD/ARGOSJ8_IA/ARGOSJ8_IA_/install/ublox:/home/rhobtor/PHD/ARGOSJ8_IA/ARGOSJ8_IA_/install/ublox_gps:/home/rhobtor/PHD/ARGOSJ8_IA/ARGOSJ8_IA_/install/security_check:/home/rhobtor/PHD/ARGOSJ8_IA/ARGOSJ8_IA_/install/ctl_mission:/home/rhobtor/PHD/ARGOSJ8_IA/ARGOSJ8_IA_/install/ublox_msgs:/home/rhobtor/PHD/ARGOSJ8_IA/ARGOSJ8_IA_/install/ublox_serialization:/home/rhobtor/PHD/ARGOSJ8_IA/ARGOSJ8_IA_/install/spacenav:/home/rhobtor/PHD/ARGOSJ8_IA/ARGOSJ8_IA_/install/laser_segmentation:/home/rhobtor/PHD/ARGOSJ8_IA/ARGOSJ8_IA_/install/slg_msgs:/home/rhobtor/PHD/ARGOSJ8_IA/ARGOSJ8_IA_/install/security_check_interfaces:/home/rhobtor/PHD/ARGOSJ8_IA/ARGOSJ8_IA_/install/joy:/home/rhobtor/PHD/ARGOSJ8_IA/ARGOSJ8_IA_/install/sdl2_vendor:/home/rhobtor/PHD/ARGOSJ8_IA/ARGOSJ8_IA_/install/path_manager:/home/rhobtor/PHD/ARGOSJ8_IA/ARGOSJ8_IA_/install/path_manager_interfaces:/home/rhobtor/PHD/ARGOSJ8_IA/ARGOSJ8_IA_/install/joy_linux:/home/rhobtor/PHD/ARGOSJ8_IA/ARGOSJ8_IA_/install/j8_xacro_model:/home/rhobtor/PHD/ARGOSJ8_IA/ARGOSJ8_IA_/install/hector_gazebo_plugins:/home/rhobtor/PHD/ARGOSJ8_IA/ARGOSJ8_IA_/install/fixposition_sensor_pkg:/home/rhobtor/PHD/ARGOSJ8_IA/ARGOSJ8_IA_/install/fixposition_odometry_converter_ros2:/home/rhobtor/PHD/ARGOSJ8_IA/ARGOSJ8_IA_/install/ctl_mission_interfaces:/home/rhobtor/PHD/ARGOSJ8_IA/ARGOSJ8_IA_/install/car_cpp:/home/rhobtor/PHD/ARGOSJ8_IA/ARGOSJ8_IA_/install/car_interfaces:/home/rhobtor/PHD/ARGOSJ8_IA/ARGOSJ8_IA_/install/argj801_setup:/home/rhobtor/PHD/ARGOSJ8_IA/ARGOSJ8_IA_/install/argj801_sensors:/home/rhobtor/PHD/ARGOSJ8_IA/ARGOSJ8_IA_/install/argj801_sensors_msgs:/home/rhobtor/PHD/ARGOSJ8_IA/ARGOSJ8_IA_/install/argj801_ctl_platform:/home/rhobtor/PHD/ARGOSJ8_IA/ARGOSJ8_IA_/install/argj801_ctl_platform_interfaces:/home/rhobtor/reactive/Reactive-Navegation/workspace_full_conected/install/octomap_mapping:/home/rhobtor/reactive/Reactive-Navegation/workspace_full_conected/install/octomap_server:/home/rhobtor/reactive/Reactive-Navegation/workspace_full_conected/install/octomap_rviz_plugins:/home/rhobtor/reactive/Reactive-Navegation/workspace_full_conected/install/hector_gazebo_plugins:/home/rhobtor/reactive/Reactive-Navegation/workspace_full_conected/install/car_cpp:/home/rhobtor/reactive/Reactive-Navegation/workspace_full_conected/install/car_interfaces:/home/rhobtor/PHD/ARGOSJ8_IA/ARGOSJ8_IA_/install/ntrip_client:/home/rhobtor/PHD/ARGOSJ8_IA/ARGOSJ8_IA_/install/j8_gui:/home/rhobtor/PHD/ARGOSJ8_IA/ARGOSJ8_IA_/install/car:/home/rhobtor/PHD/ARGOSJ8_IA/ARGOSJ8_IA_/install/android_ros2_server:/home/rhobtor/PHD/ARGOSJ8_IA/ARGOSJ8_IA_/install/GUI_pkg:/home/rhobtor/reactive/Reactive-Navegation/workspace_full_conected/install/car:/opt/ros/humble LD_LIBRARY_PATH=/home/rhobtor/PHD/ARGOSJ8_IA/ARGOSJ8_IA_/install/fixposition_driver_ros2/lib:/home/rhobtor/PHD/ARGOSJ8_IA/ARGOSJ8_IA_/install/fixposition_driver_lib/lib:/home/rhobtor/PHD/ARGOSJ8_IA/ARGOSJ8_IA_/install/fixposition_gnss_tf/lib:/home/rhobtor/PHD/ARGOSJ8_IA/ARGOSJ8_IA_/install/wiimote_msgs/lib:/home/rhobtor/PHD/ARGOSJ8_IA/ARGOSJ8_IA_/install/ublox_gps/lib:/home/rhobtor/PHD/ARGOSJ8_IA/ARGOSJ8_IA_/install/ublox_msgs/lib:/home/rhobtor/PHD/ARGOSJ8_IA/ARGOSJ8_IA_/install/spacenav/lib:/home/rhobtor/PHD/ARGOSJ8_IA/ARGOSJ8_IA_/install/laser_segmentation/lib:/home/rhobtor/PHD/ARGOSJ8_IA/ARGOSJ8_IA_/install/slg_msgs/lib:/home/rhobtor/PHD/ARGOSJ8_IA/ARGOSJ8_IA_/install/security_check_interfaces/lib:/home/rhobtor/PHD/ARGOSJ8_IA/ARGOSJ8_IA_/install/joy/lib:/home/rhobtor/PHD/ARGOSJ8_IA/ARGOSJ8_IA_/install/path_manager_interfaces/lib:/home/rhobtor/PHD/ARGOSJ8_IA/ARGOSJ8_IA_/install/j8_xacro_model/lib:/home/rhobtor/PHD/ARGOSJ8_IA/ARGOSJ8_IA_/install/hector_gazebo_plugins/lib:/home/rhobtor/PHD/ARGOSJ8_IA/ARGOSJ8_IA_/install/fixposition_sensor_pkg/lib:/home/rhobtor/PHD/ARGOSJ8_IA/ARGOSJ8_IA_/install/fixposition_odometry_converter_ros2/lib:/home/rhobtor/PHD/ARGOSJ8_IA/ARGOSJ8_IA_/install/ctl_mission_interfaces/lib:/home/rhobtor/PHD/ARGOSJ8_IA/ARGOSJ8_IA_/install/car_cpp/lib:/home/rhobtor/PHD/ARGOSJ8_IA/ARGOSJ8_IA_/install/car_interfaces/lib:/home/rhobtor/PHD/ARGOSJ8_IA/ARGOSJ8_IA_/install/argj801_sensors_msgs/lib:/home/rhobtor/PHD/ARGOSJ8_IA/ARGOSJ8_IA_/install/argj801_ctl_platform_interfaces/lib:/home/rhobtor/reactive/Reactive-Navegation/workspace_full_conected/install/octomap_server/lib:/home/rhobtor/reactive/Reactive-Navegation/workspace_full_conected/install/octomap_rviz_plugins/lib:/home/rhobtor/reactive/Reactive-Navegation/workspace_full_conected/install/hector_gazebo_plugins/lib:/home/rhobtor/reactive/Reactive-Navegation/workspace_full_conected/install/car_cpp/lib:/home/rhobtor/reactive/Reactive-Navegation/workspace_full_conected/install/car_interfaces/lib:/usr/lib/x86_64-linux-gnu/gazebo-11/plugins:/opt/ros/humble/opt/rviz_ogre_vendor/lib:/opt/ros/humble/lib/x86_64-linux-gnu:/opt/ros/humble/lib /usr/bin/cmake --build /home/rhobtor/PHD/ARGOSJ8_IA/ARGOSJ8_IA_/build/fixposition_odometry_converter_ros2 -- -j20 -l20
[3.895s] DEBUG:colcon.colcon_core.event_handler.log_command:Invoking command in '/home/rhobtor/PHD/ARGOSJ8_IA/ARGOSJ8_IA_/build/fixposition_odometry_converter_ros2': CMAKE_PREFIX_PATH=/home/rhobtor/PHD/ARGOSJ8_IA/ARGOSJ8_IA_/install/fixposition_driver_ros2:/home/rhobtor/PHD/ARGOSJ8_IA/ARGOSJ8_IA_/install/fixposition_driver_lib:/home/rhobtor/PHD/ARGOSJ8_IA/ARGOSJ8_IA_/install/fixposition_gnss_tf:/home/rhobtor/PHD/ARGOSJ8_IA/ARGOSJ8_IA_/install/wiimote_msgs:/home/rhobtor/PHD/ARGOSJ8_IA/ARGOSJ8_IA_/install/ublox:/home/rhobtor/PHD/ARGOSJ8_IA/ARGOSJ8_IA_/install/ublox_gps:/home/rhobtor/PHD/ARGOSJ8_IA/ARGOSJ8_IA_/install/security_check:/home/rhobtor/PHD/ARGOSJ8_IA/ARGOSJ8_IA_/install/ctl_mission:/home/rhobtor/PHD/ARGOSJ8_IA/ARGOSJ8_IA_/install/ublox_msgs:/home/rhobtor/PHD/ARGOSJ8_IA/ARGOSJ8_IA_/install/ublox_serialization:/home/rhobtor/PHD/ARGOSJ8_IA/ARGOSJ8_IA_/install/spacenav:/home/rhobtor/PHD/ARGOSJ8_IA/ARGOSJ8_IA_/install/laser_segmentation:/home/rhobtor/PHD/ARGOSJ8_IA/ARGOSJ8_IA_/install/slg_msgs:/home/rhobtor/PHD/ARGOSJ8_IA/ARGOSJ8_IA_/install/security_check_interfaces:/home/rhobtor/PHD/ARGOSJ8_IA/ARGOSJ8_IA_/install/joy:/home/rhobtor/PHD/ARGOSJ8_IA/ARGOSJ8_IA_/install/sdl2_vendor:/home/rhobtor/PHD/ARGOSJ8_IA/ARGOSJ8_IA_/install/path_manager:/home/rhobtor/PHD/ARGOSJ8_IA/ARGOSJ8_IA_/install/path_manager_interfaces:/home/rhobtor/PHD/ARGOSJ8_IA/ARGOSJ8_IA_/install/joy_linux:/home/rhobtor/PHD/ARGOSJ8_IA/ARGOSJ8_IA_/install/j8_xacro_model:/home/rhobtor/PHD/ARGOSJ8_IA/ARGOSJ8_IA_/install/hector_gazebo_plugins:/home/rhobtor/PHD/ARGOSJ8_IA/ARGOSJ8_IA_/install/fixposition_sensor_pkg:/home/rhobtor/PHD/ARGOSJ8_IA/ARGOSJ8_IA_/install/fixposition_odometry_converter_ros2:/home/rhobtor/PHD/ARGOSJ8_IA/ARGOSJ8_IA_/install/ctl_mission_interfaces:/home/rhobtor/PHD/ARGOSJ8_IA/ARGOSJ8_IA_/install/car_cpp:/home/rhobtor/PHD/ARGOSJ8_IA/ARGOSJ8_IA_/install/car_interfaces:/home/rhobtor/PHD/ARGOSJ8_IA/ARGOSJ8_IA_/install/argj801_setup:/home/rhobtor/PHD/ARGOSJ8_IA/ARGOSJ8_IA_/install/argj801_sensors:/home/rhobtor/PHD/ARGOSJ8_IA/ARGOSJ8_IA_/install/argj801_sensors_msgs:/home/rhobtor/PHD/ARGOSJ8_IA/ARGOSJ8_IA_/install/argj801_ctl_platform:/home/rhobtor/PHD/ARGOSJ8_IA/ARGOSJ8_IA_/install/argj801_ctl_platform_interfaces:/home/rhobtor/reactive/Reactive-Navegation/workspace_full_conected/install/octomap_mapping:/home/rhobtor/reactive/Reactive-Navegation/workspace_full_conected/install/octomap_server:/home/rhobtor/reactive/Reactive-Navegation/workspace_full_conected/install/octomap_rviz_plugins:/home/rhobtor/reactive/Reactive-Navegation/workspace_full_conected/install/hector_gazebo_plugins:/home/rhobtor/reactive/Reactive-Navegation/workspace_full_conected/install/car_cpp:/home/rhobtor/reactive/Reactive-Navegation/workspace_full_conected/install/car_interfaces:/home/rhobtor/PHD/ARGOSJ8_IA/ARGOSJ8_IA_/install/ntrip_client:/home/rhobtor/PHD/ARGOSJ8_IA/ARGOSJ8_IA_/install/j8_gui:/home/rhobtor/PHD/ARGOSJ8_IA/ARGOSJ8_IA_/install/car:/home/rhobtor/PHD/ARGOSJ8_IA/ARGOSJ8_IA_/install/android_ros2_server:/home/rhobtor/PHD/ARGOSJ8_IA/ARGOSJ8_IA_/install/GUI_pkg:/home/rhobtor/reactive/Reactive-Navegation/workspace_full_conected/install/car:/opt/ros/humble LD_LIBRARY_PATH=/home/rhobtor/PHD/ARGOSJ8_IA/ARGOSJ8_IA_/install/fixposition_driver_ros2/lib:/home/rhobtor/PHD/ARGOSJ8_IA/ARGOSJ8_IA_/install/fixposition_driver_lib/lib:/home/rhobtor/PHD/ARGOSJ8_IA/ARGOSJ8_IA_/install/fixposition_gnss_tf/lib:/home/rhobtor/PHD/ARGOSJ8_IA/ARGOSJ8_IA_/install/wiimote_msgs/lib:/home/rhobtor/PHD/ARGOSJ8_IA/ARGOSJ8_IA_/install/ublox_gps/lib:/home/rhobtor/PHD/ARGOSJ8_IA/ARGOSJ8_IA_/install/ublox_msgs/lib:/home/rhobtor/PHD/ARGOSJ8_IA/ARGOSJ8_IA_/install/spacenav/lib:/home/rhobtor/PHD/ARGOSJ8_IA/ARGOSJ8_IA_/install/laser_segmentation/lib:/home/rhobtor/PHD/ARGOSJ8_IA/ARGOSJ8_IA_/install/slg_msgs/lib:/home/rhobtor/PHD/ARGOSJ8_IA/ARGOSJ8_IA_/install/security_check_interfaces/lib:/home/rhobtor/PHD/ARGOSJ8_IA/ARGOSJ8_IA_/install/joy/lib:/home/rhobtor/PHD/ARGOSJ8_IA/ARGOSJ8_IA_/install/path_manager_interfaces/lib:/home/rhobtor/PHD/ARGOSJ8_IA/ARGOSJ8_IA_/install/j8_xacro_model/lib:/home/rhobtor/PHD/ARGOSJ8_IA/ARGOSJ8_IA_/install/hector_gazebo_plugins/lib:/home/rhobtor/PHD/ARGOSJ8_IA/ARGOSJ8_IA_/install/fixposition_sensor_pkg/lib:/home/rhobtor/PHD/ARGOSJ8_IA/ARGOSJ8_IA_/install/fixposition_odometry_converter_ros2/lib:/home/rhobtor/PHD/ARGOSJ8_IA/ARGOSJ8_IA_/install/ctl_mission_interfaces/lib:/home/rhobtor/PHD/ARGOSJ8_IA/ARGOSJ8_IA_/install/car_cpp/lib:/home/rhobtor/PHD/ARGOSJ8_IA/ARGOSJ8_IA_/install/car_interfaces/lib:/home/rhobtor/PHD/ARGOSJ8_IA/ARGOSJ8_IA_/install/argj801_sensors_msgs/lib:/home/rhobtor/PHD/ARGOSJ8_IA/ARGOSJ8_IA_/install/argj801_ctl_platform_interfaces/lib:/home/rhobtor/reactive/Reactive-Navegation/workspace_full_conected/install/octomap_server/lib:/home/rhobtor/reactive/Reactive-Navegation/workspace_full_conected/install/octomap_rviz_plugins/lib:/home/rhobtor/reactive/Reactive-Navegation/workspace_full_conected/install/hector_gazebo_plugins/lib:/home/rhobtor/reactive/Reactive-Navegation/workspace_full_conected/install/car_cpp/lib:/home/rhobtor/reactive/Reactive-Navegation/workspace_full_conected/install/car_interfaces/lib:/usr/lib/x86_64-linux-gnu/gazebo-11/plugins:/opt/ros/humble/opt/rviz_ogre_vendor/lib:/opt/ros/humble/lib/x86_64-linux-gnu:/opt/ros/humble/lib /usr/bin/cmake --install /home/rhobtor/PHD/ARGOSJ8_IA/ARGOSJ8_IA_/build/fixposition_odometry_converter_ros2
[3.901s] DEBUG:colcon.colcon_core.event_handler.log_command:Invoking command in '/home/rhobtor/PHD/ARGOSJ8_IA/ARGOSJ8_IA_/build/ublox': CMAKE_PREFIX_PATH=/home/rhobtor/PHD/ARGOSJ8_IA/ARGOSJ8_IA_/install/ublox_gps:/home/rhobtor/PHD/ARGOSJ8_IA/ARGOSJ8_IA_/install/ublox_msgs:/home/rhobtor/PHD/ARGOSJ8_IA/ARGOSJ8_IA_/install/ublox_serialization:/home/rhobtor/PHD/ARGOSJ8_IA/ARGOSJ8_IA_/install/wiimote_msgs:/home/rhobtor/PHD/ARGOSJ8_IA/ARGOSJ8_IA_/install/ublox:/home/rhobtor/PHD/ARGOSJ8_IA/ARGOSJ8_IA_/install/security_check:/home/rhobtor/PHD/ARGOSJ8_IA/ARGOSJ8_IA_/install/ctl_mission:/home/rhobtor/PHD/ARGOSJ8_IA/ARGOSJ8_IA_/install/spacenav:/home/rhobtor/PHD/ARGOSJ8_IA/ARGOSJ8_IA_/install/laser_segmentation:/home/rhobtor/PHD/ARGOSJ8_IA/ARGOSJ8_IA_/install/slg_msgs:/home/rhobtor/PHD/ARGOSJ8_IA/ARGOSJ8_IA_/install/security_check_interfaces:/home/rhobtor/PHD/ARGOSJ8_IA/ARGOSJ8_IA_/install/joy:/home/rhobtor/PHD/ARGOSJ8_IA/ARGOSJ8_IA_/install/sdl2_vendor:/home/rhobtor/PHD/ARGOSJ8_IA/ARGOSJ8_IA_/install/path_manager:/home/rhobtor/PHD/ARGOSJ8_IA/ARGOSJ8_IA_/install/path_manager_interfaces:/home/rhobtor/PHD/ARGOSJ8_IA/ARGOSJ8_IA_/install/joy_linux:/home/rhobtor/PHD/ARGOSJ8_IA/ARGOSJ8_IA_/install/j8_xacro_model:/home/rhobtor/PHD/ARGOSJ8_IA/ARGOSJ8_IA_/install/hector_gazebo_plugins:/home/rhobtor/PHD/ARGOSJ8_IA/ARGOSJ8_IA_/install/fixposition_sensor_pkg:/home/rhobtor/PHD/ARGOSJ8_IA/ARGOSJ8_IA_/install/fixposition_odometry_converter_ros2:/home/rhobtor/PHD/ARGOSJ8_IA/ARGOSJ8_IA_/install/fixposition_driver_ros2:/home/rhobtor/PHD/ARGOSJ8_IA/ARGOSJ8_IA_/install/fixposition_driver_lib:/home/rhobtor/PHD/ARGOSJ8_IA/ARGOSJ8_IA_/install/fixposition_gnss_tf:/home/rhobtor/PHD/ARGOSJ8_IA/ARGOSJ8_IA_/install/ctl_mission_interfaces:/home/rhobtor/PHD/ARGOSJ8_IA/ARGOSJ8_IA_/install/car_cpp:/home/rhobtor/PHD/ARGOSJ8_IA/ARGOSJ8_IA_/install/car_interfaces:/home/rhobtor/PHD/ARGOSJ8_IA/ARGOSJ8_IA_/install/argj801_setup:/home/rhobtor/PHD/ARGOSJ8_IA/ARGOSJ8_IA_/install/argj801_sensors:/home/rhobtor/PHD/ARGOSJ8_IA/ARGOSJ8_IA_/install/argj801_sensors_msgs:/home/rhobtor/PHD/ARGOSJ8_IA/ARGOSJ8_IA_/install/argj801_ctl_platform:/home/rhobtor/PHD/ARGOSJ8_IA/ARGOSJ8_IA_/install/argj801_ctl_platform_interfaces:/home/rhobtor/reactive/Reactive-Navegation/workspace_full_conected/install/octomap_mapping:/home/rhobtor/reactive/Reactive-Navegation/workspace_full_conected/install/octomap_server:/home/rhobtor/reactive/Reactive-Navegation/workspace_full_conected/install/octomap_rviz_plugins:/home/rhobtor/reactive/Reactive-Navegation/workspace_full_conected/install/hector_gazebo_plugins:/home/rhobtor/reactive/Reactive-Navegation/workspace_full_conected/install/car_cpp:/home/rhobtor/reactive/Reactive-Navegation/workspace_full_conected/install/car_interfaces:/home/rhobtor/PHD/ARGOSJ8_IA/ARGOSJ8_IA_/install/ntrip_client:/home/rhobtor/PHD/ARGOSJ8_IA/ARGOSJ8_IA_/install/j8_gui:/home/rhobtor/PHD/ARGOSJ8_IA/ARGOSJ8_IA_/install/car:/home/rhobtor/PHD/ARGOSJ8_IA/ARGOSJ8_IA_/install/android_ros2_server:/home/rhobtor/PHD/ARGOSJ8_IA/ARGOSJ8_IA_/install/GUI_pkg:/home/rhobtor/reactive/Reactive-Navegation/workspace_full_conected/install/car:/opt/ros/humble LD_LIBRARY_PATH=/home/rhobtor/PHD/ARGOSJ8_IA/ARGOSJ8_IA_/install/ublox_gps/lib:/home/rhobtor/PHD/ARGOSJ8_IA/ARGOSJ8_IA_/install/ublox_msgs/lib:/home/rhobtor/PHD/ARGOSJ8_IA/ARGOSJ8_IA_/install/wiimote_msgs/lib:/home/rhobtor/PHD/ARGOSJ8_IA/ARGOSJ8_IA_/install/spacenav/lib:/home/rhobtor/PHD/ARGOSJ8_IA/ARGOSJ8_IA_/install/laser_segmentation/lib:/home/rhobtor/PHD/ARGOSJ8_IA/ARGOSJ8_IA_/install/slg_msgs/lib:/home/rhobtor/PHD/ARGOSJ8_IA/ARGOSJ8_IA_/install/security_check_interfaces/lib:/home/rhobtor/PHD/ARGOSJ8_IA/ARGOSJ8_IA_/install/joy/lib:/home/rhobtor/PHD/ARGOSJ8_IA/ARGOSJ8_IA_/install/path_manager_interfaces/lib:/home/rhobtor/PHD/ARGOSJ8_IA/ARGOSJ8_IA_/install/j8_xacro_model/lib:/home/rhobtor/PHD/ARGOSJ8_IA/ARGOSJ8_IA_/install/hector_gazebo_plugins/lib:/home/rhobtor/PHD/ARGOSJ8_IA/ARGOSJ8_IA_/install/fixposition_sensor_pkg/lib:/home/rhobtor/PHD/ARGOSJ8_IA/ARGOSJ8_IA_/install/fixposition_odometry_converter_ros2/lib:/home/rhobtor/PHD/ARGOSJ8_IA/ARGOSJ8_IA_/install/fixposition_driver_ros2/lib:/home/rhobtor/PHD/ARGOSJ8_IA/ARGOSJ8_IA_/install/fixposition_driver_lib/lib:/home/rhobtor/PHD/ARGOSJ8_IA/ARGOSJ8_IA_/install/fixposition_gnss_tf/lib:/home/rhobtor/PHD/ARGOSJ8_IA/ARGOSJ8_IA_/install/ctl_mission_interfaces/lib:/home/rhobtor/PHD/ARGOSJ8_IA/ARGOSJ8_IA_/install/car_cpp/lib:/home/rhobtor/PHD/ARGOSJ8_IA/ARGOSJ8_IA_/install/car_interfaces/lib:/home/rhobtor/PHD/ARGOSJ8_IA/ARGOSJ8_IA_/install/argj801_sensors_msgs/lib:/home/rhobtor/PHD/ARGOSJ8_IA/ARGOSJ8_IA_/install/argj801_ctl_platform_interfaces/lib:/home/rhobtor/reactive/Reactive-Navegation/workspace_full_conected/install/octomap_server/lib:/home/rhobtor/reactive/Reactive-Navegation/workspace_full_conected/install/octomap_rviz_plugins/lib:/home/rhobtor/reactive/Reactive-Navegation/workspace_full_conected/install/hector_gazebo_plugins/lib:/home/rhobtor/reactive/Reactive-Navegation/workspace_full_conected/install/car_cpp/lib:/home/rhobtor/reactive/Reactive-Navegation/workspace_full_conected/install/car_interfaces/lib:/usr/lib/x86_64-linux-gnu/gazebo-11/plugins:/opt/ros/humble/opt/rviz_ogre_vendor/lib:/opt/ros/humble/lib/x86_64-linux-gnu:/opt/ros/humble/lib /usr/bin/cmake --build /home/rhobtor/PHD/ARGOSJ8_IA/ARGOSJ8_IA_/build/ublox -- -j20 -l20
[3.904s] Level 1:colcon.colcon_core.environment:create_environment_scripts_only(fixposition_odometry_converter_ros2)
[3.904s] Level 1:colcon.colcon_core.environment:checking '/home/rhobtor/PHD/ARGOSJ8_IA/ARGOSJ8_IA_/install/fixposition_odometry_converter_ros2' for CMake module files
[3.904s] DEBUG:colcon.colcon_core.event_handler.log_command:Invoked command in '/home/rhobtor/PHD/ARGOSJ8_IA/ARGOSJ8_IA_/build/fixposition_odometry_converter_ros2' returned '0': CMAKE_PREFIX_PATH=/home/rhobtor/PHD/ARGOSJ8_IA/ARGOSJ8_IA_/install/fixposition_driver_ros2:/home/rhobtor/PHD/ARGOSJ8_IA/ARGOSJ8_IA_/install/fixposition_driver_lib:/home/rhobtor/PHD/ARGOSJ8_IA/ARGOSJ8_IA_/install/fixposition_gnss_tf:/home/rhobtor/PHD/ARGOSJ8_IA/ARGOSJ8_IA_/install/wiimote_msgs:/home/rhobtor/PHD/ARGOSJ8_IA/ARGOSJ8_IA_/install/ublox:/home/rhobtor/PHD/ARGOSJ8_IA/ARGOSJ8_IA_/install/ublox_gps:/home/rhobtor/PHD/ARGOSJ8_IA/ARGOSJ8_IA_/install/security_check:/home/rhobtor/PHD/ARGOSJ8_IA/ARGOSJ8_IA_/install/ctl_mission:/home/rhobtor/PHD/ARGOSJ8_IA/ARGOSJ8_IA_/install/ublox_msgs:/home/rhobtor/PHD/ARGOSJ8_IA/ARGOSJ8_IA_/install/ublox_serialization:/home/rhobtor/PHD/ARGOSJ8_IA/ARGOSJ8_IA_/install/spacenav:/home/rhobtor/PHD/ARGOSJ8_IA/ARGOSJ8_IA_/install/laser_segmentation:/home/rhobtor/PHD/ARGOSJ8_IA/ARGOSJ8_IA_/install/slg_msgs:/home/rhobtor/PHD/ARGOSJ8_IA/ARGOSJ8_IA_/install/security_check_interfaces:/home/rhobtor/PHD/ARGOSJ8_IA/ARGOSJ8_IA_/install/joy:/home/rhobtor/PHD/ARGOSJ8_IA/ARGOSJ8_IA_/install/sdl2_vendor:/home/rhobtor/PHD/ARGOSJ8_IA/ARGOSJ8_IA_/install/path_manager:/home/rhobtor/PHD/ARGOSJ8_IA/ARGOSJ8_IA_/install/path_manager_interfaces:/home/rhobtor/PHD/ARGOSJ8_IA/ARGOSJ8_IA_/install/joy_linux:/home/rhobtor/PHD/ARGOSJ8_IA/ARGOSJ8_IA_/install/j8_xacro_model:/home/rhobtor/PHD/ARGOSJ8_IA/ARGOSJ8_IA_/install/hector_gazebo_plugins:/home/rhobtor/PHD/ARGOSJ8_IA/ARGOSJ8_IA_/install/fixposition_sensor_pkg:/home/rhobtor/PHD/ARGOSJ8_IA/ARGOSJ8_IA_/install/fixposition_odometry_converter_ros2:/home/rhobtor/PHD/ARGOSJ8_IA/ARGOSJ8_IA_/install/ctl_mission_interfaces:/home/rhobtor/PHD/ARGOSJ8_IA/ARGOSJ8_IA_/install/car_cpp:/home/rhobtor/PHD/ARGOSJ8_IA/ARGOSJ8_IA_/install/car_interfaces:/home/rhobtor/PHD/ARGOSJ8_IA/ARGOSJ8_IA_/install/argj801_setup:/home/rhobtor/PHD/ARGOSJ8_IA/ARGOSJ8_IA_/install/argj801_sensors:/home/rhobtor/PHD/ARGOSJ8_IA/ARGOSJ8_IA_/install/argj801_sensors_msgs:/home/rhobtor/PHD/ARGOSJ8_IA/ARGOSJ8_IA_/install/argj801_ctl_platform:/home/rhobtor/PHD/ARGOSJ8_IA/ARGOSJ8_IA_/install/argj801_ctl_platform_interfaces:/home/rhobtor/reactive/Reactive-Navegation/workspace_full_conected/install/octomap_mapping:/home/rhobtor/reactive/Reactive-Navegation/workspace_full_conected/install/octomap_server:/home/rhobtor/reactive/Reactive-Navegation/workspace_full_conected/install/octomap_rviz_plugins:/home/rhobtor/reactive/Reactive-Navegation/workspace_full_conected/install/hector_gazebo_plugins:/home/rhobtor/reactive/Reactive-Navegation/workspace_full_conected/install/car_cpp:/home/rhobtor/reactive/Reactive-Navegation/workspace_full_conected/install/car_interfaces:/home/rhobtor/PHD/ARGOSJ8_IA/ARGOSJ8_IA_/install/ntrip_client:/home/rhobtor/PHD/ARGOSJ8_IA/ARGOSJ8_IA_/install/j8_gui:/home/rhobtor/PHD/ARGOSJ8_IA/ARGOSJ8_IA_/install/car:/home/rhobtor/PHD/ARGOSJ8_IA/ARGOSJ8_IA_/install/android_ros2_server:/home/rhobtor/PHD/ARGOSJ8_IA/ARGOSJ8_IA_/install/GUI_pkg:/home/rhobtor/reactive/Reactive-Navegation/workspace_full_conected/install/car:/opt/ros/humble LD_LIBRARY_PATH=/home/rhobtor/PHD/ARGOSJ8_IA/ARGOSJ8_IA_/install/fixposition_driver_ros2/lib:/home/rhobtor/PHD/ARGOSJ8_IA/ARGOSJ8_IA_/install/fixposition_driver_lib/lib:/home/rhobtor/PHD/ARGOSJ8_IA/ARGOSJ8_IA_/install/fixposition_gnss_tf/lib:/home/rhobtor/PHD/ARGOSJ8_IA/ARGOSJ8_IA_/install/wiimote_msgs/lib:/home/rhobtor/PHD/ARGOSJ8_IA/ARGOSJ8_IA_/install/ublox_gps/lib:/home/rhobtor/PHD/ARGOSJ8_IA/ARGOSJ8_IA_/install/ublox_msgs/lib:/home/rhobtor/PHD/ARGOSJ8_IA/ARGOSJ8_IA_/install/spacenav/lib:/home/rhobtor/PHD/ARGOSJ8_IA/ARGOSJ8_IA_/install/laser_segmentation/lib:/home/rhobtor/PHD/ARGOSJ8_IA/ARGOSJ8_IA_/install/slg_msgs/lib:/home/rhobtor/PHD/ARGOSJ8_IA/ARGOSJ8_IA_/install/security_check_interfaces/lib:/home/rhobtor/PHD/ARGOSJ8_IA/ARGOSJ8_IA_/install/joy/lib:/home/rhobtor/PHD/ARGOSJ8_IA/ARGOSJ8_IA_/install/path_manager_interfaces/lib:/home/rhobtor/PHD/ARGOSJ8_IA/ARGOSJ8_IA_/install/j8_xacro_model/lib:/home/rhobtor/PHD/ARGOSJ8_IA/ARGOSJ8_IA_/install/hector_gazebo_plugins/lib:/home/rhobtor/PHD/ARGOSJ8_IA/ARGOSJ8_IA_/install/fixposition_sensor_pkg/lib:/home/rhobtor/PHD/ARGOSJ8_IA/ARGOSJ8_IA_/install/fixposition_odometry_converter_ros2/lib:/home/rhobtor/PHD/ARGOSJ8_IA/ARGOSJ8_IA_/install/ctl_mission_interfaces/lib:/home/rhobtor/PHD/ARGOSJ8_IA/ARGOSJ8_IA_/install/car_cpp/lib:/home/rhobtor/PHD/ARGOSJ8_IA/ARGOSJ8_IA_/install/car_interfaces/lib:/home/rhobtor/PHD/ARGOSJ8_IA/ARGOSJ8_IA_/install/argj801_sensors_msgs/lib:/home/rhobtor/PHD/ARGOSJ8_IA/ARGOSJ8_IA_/install/argj801_ctl_platform_interfaces/lib:/home/rhobtor/reactive/Reactive-Navegation/workspace_full_conected/install/octomap_server/lib:/home/rhobtor/reactive/Reactive-Navegation/workspace_full_conected/install/octomap_rviz_plugins/lib:/home/rhobtor/reactive/Reactive-Navegation/workspace_full_conected/install/hector_gazebo_plugins/lib:/home/rhobtor/reactive/Reactive-Navegation/workspace_full_conected/install/car_cpp/lib:/home/rhobtor/reactive/Reactive-Navegation/workspace_full_conected/install/car_interfaces/lib:/usr/lib/x86_64-linux-gnu/gazebo-11/plugins:/opt/ros/humble/opt/rviz_ogre_vendor/lib:/opt/ros/humble/lib/x86_64-linux-gnu:/opt/ros/humble/lib /usr/bin/cmake --install /home/rhobtor/PHD/ARGOSJ8_IA/ARGOSJ8_IA_/build/fixposition_odometry_converter_ros2
[3.904s] Level 1:colcon.colcon_core.environment:checking '/home/rhobtor/PHD/ARGOSJ8_IA/ARGOSJ8_IA_/install/fixposition_odometry_converter_ros2' for CMake config files
[3.905s] Level 1:colcon.colcon_core.shell:create_environment_hook('fixposition_odometry_converter_ros2', 'cmake_prefix_path')
[3.905s] INFO:colcon.colcon_core.shell:Creating environment hook '/home/rhobtor/PHD/ARGOSJ8_IA/ARGOSJ8_IA_/install/fixposition_odometry_converter_ros2/share/fixposition_odometry_converter_ros2/hook/cmake_prefix_path.ps1'
[3.905s] INFO:colcon.colcon_core.shell:Creating environment descriptor '/home/rhobtor/PHD/ARGOSJ8_IA/ARGOSJ8_IA_/install/fixposition_odometry_converter_ros2/share/fixposition_odometry_converter_ros2/hook/cmake_prefix_path.dsv'
[3.905s] INFO:colcon.colcon_core.shell:Creating environment hook '/home/rhobtor/PHD/ARGOSJ8_IA/ARGOSJ8_IA_/install/fixposition_odometry_converter_ros2/share/fixposition_odometry_converter_ros2/hook/cmake_prefix_path.sh'
[3.918s] Level 1:colcon.colcon_core.environment:checking '/home/rhobtor/PHD/ARGOSJ8_IA/ARGOSJ8_IA_/install/fixposition_odometry_converter_ros2/lib'
[3.918s] Level 1:colcon.colcon_core.shell:create_environment_hook('fixposition_odometry_converter_ros2', 'ld_library_path_lib')
[3.918s] INFO:colcon.colcon_core.shell:Creating environment hook '/home/rhobtor/PHD/ARGOSJ8_IA/ARGOSJ8_IA_/install/fixposition_odometry_converter_ros2/share/fixposition_odometry_converter_ros2/hook/ld_library_path_lib.ps1'
[3.919s] INFO:colcon.colcon_core.shell:Creating environment descriptor '/home/rhobtor/PHD/ARGOSJ8_IA/ARGOSJ8_IA_/install/fixposition_odometry_converter_ros2/share/fixposition_odometry_converter_ros2/hook/ld_library_path_lib.dsv'
[3.919s] INFO:colcon.colcon_core.shell:Creating environment hook '/home/rhobtor/PHD/ARGOSJ8_IA/ARGOSJ8_IA_/install/fixposition_odometry_converter_ros2/share/fixposition_odometry_converter_ros2/hook/ld_library_path_lib.sh'
[3.919s] Level 1:colcon.colcon_core.environment:checking '/home/rhobtor/PHD/ARGOSJ8_IA/ARGOSJ8_IA_/install/fixposition_odometry_converter_ros2/bin'
[3.919s] Level 1:colcon.colcon_core.environment:checking '/home/rhobtor/PHD/ARGOSJ8_IA/ARGOSJ8_IA_/install/fixposition_odometry_converter_ros2/lib/pkgconfig/fixposition_odometry_converter_ros2.pc'
[3.920s] Level 1:colcon.colcon_core.environment:checking '/home/rhobtor/PHD/ARGOSJ8_IA/ARGOSJ8_IA_/install/fixposition_odometry_converter_ros2/lib/python3.10/site-packages'
[3.920s] Level 1:colcon.colcon_core.environment:checking '/home/rhobtor/PHD/ARGOSJ8_IA/ARGOSJ8_IA_/install/fixposition_odometry_converter_ros2/bin'
[3.920s] INFO:colcon.colcon_core.shell:Creating package script '/home/rhobtor/PHD/ARGOSJ8_IA/ARGOSJ8_IA_/install/fixposition_odometry_converter_ros2/share/fixposition_odometry_converter_ros2/package.ps1'
[3.920s] INFO:colcon.colcon_core.shell:Creating package descriptor '/home/rhobtor/PHD/ARGOSJ8_IA/ARGOSJ8_IA_/install/fixposition_odometry_converter_ros2/share/fixposition_odometry_converter_ros2/package.dsv'
[3.921s] INFO:colcon.colcon_core.shell:Creating package script '/home/rhobtor/PHD/ARGOSJ8_IA/ARGOSJ8_IA_/install/fixposition_odometry_converter_ros2/share/fixposition_odometry_converter_ros2/package.sh'
[3.921s] INFO:colcon.colcon_core.shell:Creating package script '/home/rhobtor/PHD/ARGOSJ8_IA/ARGOSJ8_IA_/install/fixposition_odometry_converter_ros2/share/fixposition_odometry_converter_ros2/package.bash'
[3.921s] INFO:colcon.colcon_core.shell:Creating package script '/home/rhobtor/PHD/ARGOSJ8_IA/ARGOSJ8_IA_/install/fixposition_odometry_converter_ros2/share/fixposition_odometry_converter_ros2/package.zsh'
[3.921s] Level 1:colcon.colcon_core.environment:create_file_with_runtime_dependencies(/home/rhobtor/PHD/ARGOSJ8_IA/ARGOSJ8_IA_/install/fixposition_odometry_converter_ros2/share/colcon-core/packages/fixposition_odometry_converter_ros2)
[3.922s] Level 1:colcon.colcon_core.environment:create_environment_scripts_only(fixposition_odometry_converter_ros2)
[3.922s] Level 1:colcon.colcon_core.environment:checking '/home/rhobtor/PHD/ARGOSJ8_IA/ARGOSJ8_IA_/install/fixposition_odometry_converter_ros2' for CMake module files
[3.922s] Level 1:colcon.colcon_core.environment:checking '/home/rhobtor/PHD/ARGOSJ8_IA/ARGOSJ8_IA_/install/fixposition_odometry_converter_ros2' for CMake config files
[3.922s] Level 1:colcon.colcon_core.shell:create_environment_hook('fixposition_odometry_converter_ros2', 'cmake_prefix_path')
[3.923s] INFO:colcon.colcon_core.shell:Creating environment hook '/home/rhobtor/PHD/ARGOSJ8_IA/ARGOSJ8_IA_/install/fixposition_odometry_converter_ros2/share/fixposition_odometry_converter_ros2/hook/cmake_prefix_path.ps1'
[3.933s] INFO:colcon.colcon_core.shell:Creating environment descriptor '/home/rhobtor/PHD/ARGOSJ8_IA/ARGOSJ8_IA_/install/fixposition_odometry_converter_ros2/share/fixposition_odometry_converter_ros2/hook/cmake_prefix_path.dsv'
[3.934s] INFO:colcon.colcon_core.shell:Creating environment hook '/home/rhobtor/PHD/ARGOSJ8_IA/ARGOSJ8_IA_/install/fixposition_odometry_converter_ros2/share/fixposition_odometry_converter_ros2/hook/cmake_prefix_path.sh'
[3.935s] Level 1:colcon.colcon_core.environment:checking '/home/rhobtor/PHD/ARGOSJ8_IA/ARGOSJ8_IA_/install/fixposition_odometry_converter_ros2/lib'
[3.935s] Level 1:colcon.colcon_core.shell:create_environment_hook('fixposition_odometry_converter_ros2', 'ld_library_path_lib')
[3.935s] INFO:colcon.colcon_core.shell:Creating environment hook '/home/rhobtor/PHD/ARGOSJ8_IA/ARGOSJ8_IA_/install/fixposition_odometry_converter_ros2/share/fixposition_odometry_converter_ros2/hook/ld_library_path_lib.ps1'
[3.935s] INFO:colcon.colcon_core.shell:Creating environment descriptor '/home/rhobtor/PHD/ARGOSJ8_IA/ARGOSJ8_IA_/install/fixposition_odometry_converter_ros2/share/fixposition_odometry_converter_ros2/hook/ld_library_path_lib.dsv'
[3.936s] INFO:colcon.colcon_core.shell:Creating environment hook '/home/rhobtor/PHD/ARGOSJ8_IA/ARGOSJ8_IA_/install/fixposition_odometry_converter_ros2/share/fixposition_odometry_converter_ros2/hook/ld_library_path_lib.sh'
[3.936s] Level 1:colcon.colcon_core.environment:checking '/home/rhobtor/PHD/ARGOSJ8_IA/ARGOSJ8_IA_/install/fixposition_odometry_converter_ros2/bin'
[3.936s] Level 1:colcon.colcon_core.environment:checking '/home/rhobtor/PHD/ARGOSJ8_IA/ARGOSJ8_IA_/install/fixposition_odometry_converter_ros2/lib/pkgconfig/fixposition_odometry_converter_ros2.pc'
[3.936s] Level 1:colcon.colcon_core.environment:checking '/home/rhobtor/PHD/ARGOSJ8_IA/ARGOSJ8_IA_/install/fixposition_odometry_converter_ros2/lib/python3.10/site-packages'
[3.937s] Level 1:colcon.colcon_core.environment:checking '/home/rhobtor/PHD/ARGOSJ8_IA/ARGOSJ8_IA_/install/fixposition_odometry_converter_ros2/bin'
[3.937s] INFO:colcon.colcon_core.shell:Creating package script '/home/rhobtor/PHD/ARGOSJ8_IA/ARGOSJ8_IA_/install/fixposition_odometry_converter_ros2/share/fixposition_odometry_converter_ros2/package.ps1'
[3.937s] INFO:colcon.colcon_core.shell:Creating package descriptor '/home/rhobtor/PHD/ARGOSJ8_IA/ARGOSJ8_IA_/install/fixposition_odometry_converter_ros2/share/fixposition_odometry_converter_ros2/package.dsv'
[3.957s] INFO:colcon.colcon_core.shell:Creating package script '/home/rhobtor/PHD/ARGOSJ8_IA/ARGOSJ8_IA_/install/fixposition_odometry_converter_ros2/share/fixposition_odometry_converter_ros2/package.sh'
[3.958s] INFO:colcon.colcon_core.shell:Creating package script '/home/rhobtor/PHD/ARGOSJ8_IA/ARGOSJ8_IA_/install/fixposition_odometry_converter_ros2/share/fixposition_odometry_converter_ros2/package.bash'
[3.958s] INFO:colcon.colcon_core.shell:Creating package script '/home/rhobtor/PHD/ARGOSJ8_IA/ARGOSJ8_IA_/install/fixposition_odometry_converter_ros2/share/fixposition_odometry_converter_ros2/package.zsh'
[3.958s] Level 1:colcon.colcon_core.environment:create_file_with_runtime_dependencies(/home/rhobtor/PHD/ARGOSJ8_IA/ARGOSJ8_IA_/install/fixposition_odometry_converter_ros2/share/colcon-core/packages/fixposition_odometry_converter_ros2)
[3.960s] DEBUG:colcon.colcon_core.event_handler.log_command:Invoked command in '/home/rhobtor/PHD/ARGOSJ8_IA/ARGOSJ8_IA_/build/ublox' returned '0': CMAKE_PREFIX_PATH=/home/rhobtor/PHD/ARGOSJ8_IA/ARGOSJ8_IA_/install/ublox_gps:/home/rhobtor/PHD/ARGOSJ8_IA/ARGOSJ8_IA_/install/ublox_msgs:/home/rhobtor/PHD/ARGOSJ8_IA/ARGOSJ8_IA_/install/ublox_serialization:/home/rhobtor/PHD/ARGOSJ8_IA/ARGOSJ8_IA_/install/wiimote_msgs:/home/rhobtor/PHD/ARGOSJ8_IA/ARGOSJ8_IA_/install/ublox:/home/rhobtor/PHD/ARGOSJ8_IA/ARGOSJ8_IA_/install/security_check:/home/rhobtor/PHD/ARGOSJ8_IA/ARGOSJ8_IA_/install/ctl_mission:/home/rhobtor/PHD/ARGOSJ8_IA/ARGOSJ8_IA_/install/spacenav:/home/rhobtor/PHD/ARGOSJ8_IA/ARGOSJ8_IA_/install/laser_segmentation:/home/rhobtor/PHD/ARGOSJ8_IA/ARGOSJ8_IA_/install/slg_msgs:/home/rhobtor/PHD/ARGOSJ8_IA/ARGOSJ8_IA_/install/security_check_interfaces:/home/rhobtor/PHD/ARGOSJ8_IA/ARGOSJ8_IA_/install/joy:/home/rhobtor/PHD/ARGOSJ8_IA/ARGOSJ8_IA_/install/sdl2_vendor:/home/rhobtor/PHD/ARGOSJ8_IA/ARGOSJ8_IA_/install/path_manager:/home/rhobtor/PHD/ARGOSJ8_IA/ARGOSJ8_IA_/install/path_manager_interfaces:/home/rhobtor/PHD/ARGOSJ8_IA/ARGOSJ8_IA_/install/joy_linux:/home/rhobtor/PHD/ARGOSJ8_IA/ARGOSJ8_IA_/install/j8_xacro_model:/home/rhobtor/PHD/ARGOSJ8_IA/ARGOSJ8_IA_/install/hector_gazebo_plugins:/home/rhobtor/PHD/ARGOSJ8_IA/ARGOSJ8_IA_/install/fixposition_sensor_pkg:/home/rhobtor/PHD/ARGOSJ8_IA/ARGOSJ8_IA_/install/fixposition_odometry_converter_ros2:/home/rhobtor/PHD/ARGOSJ8_IA/ARGOSJ8_IA_/install/fixposition_driver_ros2:/home/rhobtor/PHD/ARGOSJ8_IA/ARGOSJ8_IA_/install/fixposition_driver_lib:/home/rhobtor/PHD/ARGOSJ8_IA/ARGOSJ8_IA_/install/fixposition_gnss_tf:/home/rhobtor/PHD/ARGOSJ8_IA/ARGOSJ8_IA_/install/ctl_mission_interfaces:/home/rhobtor/PHD/ARGOSJ8_IA/ARGOSJ8_IA_/install/car_cpp:/home/rhobtor/PHD/ARGOSJ8_IA/ARGOSJ8_IA_/install/car_interfaces:/home/rhobtor/PHD/ARGOSJ8_IA/ARGOSJ8_IA_/install/argj801_setup:/home/rhobtor/PHD/ARGOSJ8_IA/ARGOSJ8_IA_/install/argj801_sensors:/home/rhobtor/PHD/ARGOSJ8_IA/ARGOSJ8_IA_/install/argj801_sensors_msgs:/home/rhobtor/PHD/ARGOSJ8_IA/ARGOSJ8_IA_/install/argj801_ctl_platform:/home/rhobtor/PHD/ARGOSJ8_IA/ARGOSJ8_IA_/install/argj801_ctl_platform_interfaces:/home/rhobtor/reactive/Reactive-Navegation/workspace_full_conected/install/octomap_mapping:/home/rhobtor/reactive/Reactive-Navegation/workspace_full_conected/install/octomap_server:/home/rhobtor/reactive/Reactive-Navegation/workspace_full_conected/install/octomap_rviz_plugins:/home/rhobtor/reactive/Reactive-Navegation/workspace_full_conected/install/hector_gazebo_plugins:/home/rhobtor/reactive/Reactive-Navegation/workspace_full_conected/install/car_cpp:/home/rhobtor/reactive/Reactive-Navegation/workspace_full_conected/install/car_interfaces:/home/rhobtor/PHD/ARGOSJ8_IA/ARGOSJ8_IA_/install/ntrip_client:/home/rhobtor/PHD/ARGOSJ8_IA/ARGOSJ8_IA_/install/j8_gui:/home/rhobtor/PHD/ARGOSJ8_IA/ARGOSJ8_IA_/install/car:/home/rhobtor/PHD/ARGOSJ8_IA/ARGOSJ8_IA_/install/android_ros2_server:/home/rhobtor/PHD/ARGOSJ8_IA/ARGOSJ8_IA_/install/GUI_pkg:/home/rhobtor/reactive/Reactive-Navegation/workspace_full_conected/install/car:/opt/ros/humble LD_LIBRARY_PATH=/home/rhobtor/PHD/ARGOSJ8_IA/ARGOSJ8_IA_/install/ublox_gps/lib:/home/rhobtor/PHD/ARGOSJ8_IA/ARGOSJ8_IA_/install/ublox_msgs/lib:/home/rhobtor/PHD/ARGOSJ8_IA/ARGOSJ8_IA_/install/wiimote_msgs/lib:/home/rhobtor/PHD/ARGOSJ8_IA/ARGOSJ8_IA_/install/spacenav/lib:/home/rhobtor/PHD/ARGOSJ8_IA/ARGOSJ8_IA_/install/laser_segmentation/lib:/home/rhobtor/PHD/ARGOSJ8_IA/ARGOSJ8_IA_/install/slg_msgs/lib:/home/rhobtor/PHD/ARGOSJ8_IA/ARGOSJ8_IA_/install/security_check_interfaces/lib:/home/rhobtor/PHD/ARGOSJ8_IA/ARGOSJ8_IA_/install/joy/lib:/home/rhobtor/PHD/ARGOSJ8_IA/ARGOSJ8_IA_/install/path_manager_interfaces/lib:/home/rhobtor/PHD/ARGOSJ8_IA/ARGOSJ8_IA_/install/j8_xacro_model/lib:/home/rhobtor/PHD/ARGOSJ8_IA/ARGOSJ8_IA_/install/hector_gazebo_plugins/lib:/home/rhobtor/PHD/ARGOSJ8_IA/ARGOSJ8_IA_/install/fixposition_sensor_pkg/lib:/home/rhobtor/PHD/ARGOSJ8_IA/ARGOSJ8_IA_/install/fixposition_odometry_converter_ros2/lib:/home/rhobtor/PHD/ARGOSJ8_IA/ARGOSJ8_IA_/install/fixposition_driver_ros2/lib:/home/rhobtor/PHD/ARGOSJ8_IA/ARGOSJ8_IA_/install/fixposition_driver_lib/lib:/home/rhobtor/PHD/ARGOSJ8_IA/ARGOSJ8_IA_/install/fixposition_gnss_tf/lib:/home/rhobtor/PHD/ARGOSJ8_IA/ARGOSJ8_IA_/install/ctl_mission_interfaces/lib:/home/rhobtor/PHD/ARGOSJ8_IA/ARGOSJ8_IA_/install/car_cpp/lib:/home/rhobtor/PHD/ARGOSJ8_IA/ARGOSJ8_IA_/install/car_interfaces/lib:/home/rhobtor/PHD/ARGOSJ8_IA/ARGOSJ8_IA_/install/argj801_sensors_msgs/lib:/home/rhobtor/PHD/ARGOSJ8_IA/ARGOSJ8_IA_/install/argj801_ctl_platform_interfaces/lib:/home/rhobtor/reactive/Reactive-Navegation/workspace_full_conected/install/octomap_server/lib:/home/rhobtor/reactive/Reactive-Navegation/workspace_full_conected/install/octomap_rviz_plugins/lib:/home/rhobtor/reactive/Reactive-Navegation/workspace_full_conected/install/hector_gazebo_plugins/lib:/home/rhobtor/reactive/Reactive-Navegation/workspace_full_conected/install/car_cpp/lib:/home/rhobtor/reactive/Reactive-Navegation/workspace_full_conected/install/car_interfaces/lib:/usr/lib/x86_64-linux-gnu/gazebo-11/plugins:/opt/ros/humble/opt/rviz_ogre_vendor/lib:/opt/ros/humble/lib/x86_64-linux-gnu:/opt/ros/humble/lib /usr/bin/cmake --build /home/rhobtor/PHD/ARGOSJ8_IA/ARGOSJ8_IA_/build/ublox -- -j20 -l20
[3.961s] DEBUG:colcon.colcon_core.event_handler.log_command:Invoking command in '/home/rhobtor/PHD/ARGOSJ8_IA/ARGOSJ8_IA_/build/ublox': CMAKE_PREFIX_PATH=/home/rhobtor/PHD/ARGOSJ8_IA/ARGOSJ8_IA_/install/ublox_gps:/home/rhobtor/PHD/ARGOSJ8_IA/ARGOSJ8_IA_/install/ublox_msgs:/home/rhobtor/PHD/ARGOSJ8_IA/ARGOSJ8_IA_/install/ublox_serialization:/home/rhobtor/PHD/ARGOSJ8_IA/ARGOSJ8_IA_/install/wiimote_msgs:/home/rhobtor/PHD/ARGOSJ8_IA/ARGOSJ8_IA_/install/ublox:/home/rhobtor/PHD/ARGOSJ8_IA/ARGOSJ8_IA_/install/security_check:/home/rhobtor/PHD/ARGOSJ8_IA/ARGOSJ8_IA_/install/ctl_mission:/home/rhobtor/PHD/ARGOSJ8_IA/ARGOSJ8_IA_/install/spacenav:/home/rhobtor/PHD/ARGOSJ8_IA/ARGOSJ8_IA_/install/laser_segmentation:/home/rhobtor/PHD/ARGOSJ8_IA/ARGOSJ8_IA_/install/slg_msgs:/home/rhobtor/PHD/ARGOSJ8_IA/ARGOSJ8_IA_/install/security_check_interfaces:/home/rhobtor/PHD/ARGOSJ8_IA/ARGOSJ8_IA_/install/joy:/home/rhobtor/PHD/ARGOSJ8_IA/ARGOSJ8_IA_/install/sdl2_vendor:/home/rhobtor/PHD/ARGOSJ8_IA/ARGOSJ8_IA_/install/path_manager:/home/rhobtor/PHD/ARGOSJ8_IA/ARGOSJ8_IA_/install/path_manager_interfaces:/home/rhobtor/PHD/ARGOSJ8_IA/ARGOSJ8_IA_/install/joy_linux:/home/rhobtor/PHD/ARGOSJ8_IA/ARGOSJ8_IA_/install/j8_xacro_model:/home/rhobtor/PHD/ARGOSJ8_IA/ARGOSJ8_IA_/install/hector_gazebo_plugins:/home/rhobtor/PHD/ARGOSJ8_IA/ARGOSJ8_IA_/install/fixposition_sensor_pkg:/home/rhobtor/PHD/ARGOSJ8_IA/ARGOSJ8_IA_/install/fixposition_odometry_converter_ros2:/home/rhobtor/PHD/ARGOSJ8_IA/ARGOSJ8_IA_/install/fixposition_driver_ros2:/home/rhobtor/PHD/ARGOSJ8_IA/ARGOSJ8_IA_/install/fixposition_driver_lib:/home/rhobtor/PHD/ARGOSJ8_IA/ARGOSJ8_IA_/install/fixposition_gnss_tf:/home/rhobtor/PHD/ARGOSJ8_IA/ARGOSJ8_IA_/install/ctl_mission_interfaces:/home/rhobtor/PHD/ARGOSJ8_IA/ARGOSJ8_IA_/install/car_cpp:/home/rhobtor/PHD/ARGOSJ8_IA/ARGOSJ8_IA_/install/car_interfaces:/home/rhobtor/PHD/ARGOSJ8_IA/ARGOSJ8_IA_/install/argj801_setup:/home/rhobtor/PHD/ARGOSJ8_IA/ARGOSJ8_IA_/install/argj801_sensors:/home/rhobtor/PHD/ARGOSJ8_IA/ARGOSJ8_IA_/install/argj801_sensors_msgs:/home/rhobtor/PHD/ARGOSJ8_IA/ARGOSJ8_IA_/install/argj801_ctl_platform:/home/rhobtor/PHD/ARGOSJ8_IA/ARGOSJ8_IA_/install/argj801_ctl_platform_interfaces:/home/rhobtor/reactive/Reactive-Navegation/workspace_full_conected/install/octomap_mapping:/home/rhobtor/reactive/Reactive-Navegation/workspace_full_conected/install/octomap_server:/home/rhobtor/reactive/Reactive-Navegation/workspace_full_conected/install/octomap_rviz_plugins:/home/rhobtor/reactive/Reactive-Navegation/workspace_full_conected/install/hector_gazebo_plugins:/home/rhobtor/reactive/Reactive-Navegation/workspace_full_conected/install/car_cpp:/home/rhobtor/reactive/Reactive-Navegation/workspace_full_conected/install/car_interfaces:/home/rhobtor/PHD/ARGOSJ8_IA/ARGOSJ8_IA_/install/ntrip_client:/home/rhobtor/PHD/ARGOSJ8_IA/ARGOSJ8_IA_/install/j8_gui:/home/rhobtor/PHD/ARGOSJ8_IA/ARGOSJ8_IA_/install/car:/home/rhobtor/PHD/ARGOSJ8_IA/ARGOSJ8_IA_/install/android_ros2_server:/home/rhobtor/PHD/ARGOSJ8_IA/ARGOSJ8_IA_/install/GUI_pkg:/home/rhobtor/reactive/Reactive-Navegation/workspace_full_conected/install/car:/opt/ros/humble LD_LIBRARY_PATH=/home/rhobtor/PHD/ARGOSJ8_IA/ARGOSJ8_IA_/install/ublox_gps/lib:/home/rhobtor/PHD/ARGOSJ8_IA/ARGOSJ8_IA_/install/ublox_msgs/lib:/home/rhobtor/PHD/ARGOSJ8_IA/ARGOSJ8_IA_/install/wiimote_msgs/lib:/home/rhobtor/PHD/ARGOSJ8_IA/ARGOSJ8_IA_/install/spacenav/lib:/home/rhobtor/PHD/ARGOSJ8_IA/ARGOSJ8_IA_/install/laser_segmentation/lib:/home/rhobtor/PHD/ARGOSJ8_IA/ARGOSJ8_IA_/install/slg_msgs/lib:/home/rhobtor/PHD/ARGOSJ8_IA/ARGOSJ8_IA_/install/security_check_interfaces/lib:/home/rhobtor/PHD/ARGOSJ8_IA/ARGOSJ8_IA_/install/joy/lib:/home/rhobtor/PHD/ARGOSJ8_IA/ARGOSJ8_IA_/install/path_manager_interfaces/lib:/home/rhobtor/PHD/ARGOSJ8_IA/ARGOSJ8_IA_/install/j8_xacro_model/lib:/home/rhobtor/PHD/ARGOSJ8_IA/ARGOSJ8_IA_/install/hector_gazebo_plugins/lib:/home/rhobtor/PHD/ARGOSJ8_IA/ARGOSJ8_IA_/install/fixposition_sensor_pkg/lib:/home/rhobtor/PHD/ARGOSJ8_IA/ARGOSJ8_IA_/install/fixposition_odometry_converter_ros2/lib:/home/rhobtor/PHD/ARGOSJ8_IA/ARGOSJ8_IA_/install/fixposition_driver_ros2/lib:/home/rhobtor/PHD/ARGOSJ8_IA/ARGOSJ8_IA_/install/fixposition_driver_lib/lib:/home/rhobtor/PHD/ARGOSJ8_IA/ARGOSJ8_IA_/install/fixposition_gnss_tf/lib:/home/rhobtor/PHD/ARGOSJ8_IA/ARGOSJ8_IA_/install/ctl_mission_interfaces/lib:/home/rhobtor/PHD/ARGOSJ8_IA/ARGOSJ8_IA_/install/car_cpp/lib:/home/rhobtor/PHD/ARGOSJ8_IA/ARGOSJ8_IA_/install/car_interfaces/lib:/home/rhobtor/PHD/ARGOSJ8_IA/ARGOSJ8_IA_/install/argj801_sensors_msgs/lib:/home/rhobtor/PHD/ARGOSJ8_IA/ARGOSJ8_IA_/install/argj801_ctl_platform_interfaces/lib:/home/rhobtor/reactive/Reactive-Navegation/workspace_full_conected/install/octomap_server/lib:/home/rhobtor/reactive/Reactive-Navegation/workspace_full_conected/install/octomap_rviz_plugins/lib:/home/rhobtor/reactive/Reactive-Navegation/workspace_full_conected/install/hector_gazebo_plugins/lib:/home/rhobtor/reactive/Reactive-Navegation/workspace_full_conected/install/car_cpp/lib:/home/rhobtor/reactive/Reactive-Navegation/workspace_full_conected/install/car_interfaces/lib:/usr/lib/x86_64-linux-gnu/gazebo-11/plugins:/opt/ros/humble/opt/rviz_ogre_vendor/lib:/opt/ros/humble/lib/x86_64-linux-gnu:/opt/ros/humble/lib /usr/bin/cmake --install /home/rhobtor/PHD/ARGOSJ8_IA/ARGOSJ8_IA_/build/ublox
[3.971s] Level 1:colcon.colcon_core.environment:create_environment_scripts_only(ublox)
[3.972s] Level 1:colcon.colcon_core.environment:checking '/home/rhobtor/PHD/ARGOSJ8_IA/ARGOSJ8_IA_/install/ublox' for CMake module files
[3.972s] DEBUG:colcon.colcon_core.event_handler.log_command:Invoked command in '/home/rhobtor/PHD/ARGOSJ8_IA/ARGOSJ8_IA_/build/ublox' returned '0': CMAKE_PREFIX_PATH=/home/rhobtor/PHD/ARGOSJ8_IA/ARGOSJ8_IA_/install/ublox_gps:/home/rhobtor/PHD/ARGOSJ8_IA/ARGOSJ8_IA_/install/ublox_msgs:/home/rhobtor/PHD/ARGOSJ8_IA/ARGOSJ8_IA_/install/ublox_serialization:/home/rhobtor/PHD/ARGOSJ8_IA/ARGOSJ8_IA_/install/wiimote_msgs:/home/rhobtor/PHD/ARGOSJ8_IA/ARGOSJ8_IA_/install/ublox:/home/rhobtor/PHD/ARGOSJ8_IA/ARGOSJ8_IA_/install/security_check:/home/rhobtor/PHD/ARGOSJ8_IA/ARGOSJ8_IA_/install/ctl_mission:/home/rhobtor/PHD/ARGOSJ8_IA/ARGOSJ8_IA_/install/spacenav:/home/rhobtor/PHD/ARGOSJ8_IA/ARGOSJ8_IA_/install/laser_segmentation:/home/rhobtor/PHD/ARGOSJ8_IA/ARGOSJ8_IA_/install/slg_msgs:/home/rhobtor/PHD/ARGOSJ8_IA/ARGOSJ8_IA_/install/security_check_interfaces:/home/rhobtor/PHD/ARGOSJ8_IA/ARGOSJ8_IA_/install/joy:/home/rhobtor/PHD/ARGOSJ8_IA/ARGOSJ8_IA_/install/sdl2_vendor:/home/rhobtor/PHD/ARGOSJ8_IA/ARGOSJ8_IA_/install/path_manager:/home/rhobtor/PHD/ARGOSJ8_IA/ARGOSJ8_IA_/install/path_manager_interfaces:/home/rhobtor/PHD/ARGOSJ8_IA/ARGOSJ8_IA_/install/joy_linux:/home/rhobtor/PHD/ARGOSJ8_IA/ARGOSJ8_IA_/install/j8_xacro_model:/home/rhobtor/PHD/ARGOSJ8_IA/ARGOSJ8_IA_/install/hector_gazebo_plugins:/home/rhobtor/PHD/ARGOSJ8_IA/ARGOSJ8_IA_/install/fixposition_sensor_pkg:/home/rhobtor/PHD/ARGOSJ8_IA/ARGOSJ8_IA_/install/fixposition_odometry_converter_ros2:/home/rhobtor/PHD/ARGOSJ8_IA/ARGOSJ8_IA_/install/fixposition_driver_ros2:/home/rhobtor/PHD/ARGOSJ8_IA/ARGOSJ8_IA_/install/fixposition_driver_lib:/home/rhobtor/PHD/ARGOSJ8_IA/ARGOSJ8_IA_/install/fixposition_gnss_tf:/home/rhobtor/PHD/ARGOSJ8_IA/ARGOSJ8_IA_/install/ctl_mission_interfaces:/home/rhobtor/PHD/ARGOSJ8_IA/ARGOSJ8_IA_/install/car_cpp:/home/rhobtor/PHD/ARGOSJ8_IA/ARGOSJ8_IA_/install/car_interfaces:/home/rhobtor/PHD/ARGOSJ8_IA/ARGOSJ8_IA_/install/argj801_setup:/home/rhobtor/PHD/ARGOSJ8_IA/ARGOSJ8_IA_/install/argj801_sensors:/home/rhobtor/PHD/ARGOSJ8_IA/ARGOSJ8_IA_/install/argj801_sensors_msgs:/home/rhobtor/PHD/ARGOSJ8_IA/ARGOSJ8_IA_/install/argj801_ctl_platform:/home/rhobtor/PHD/ARGOSJ8_IA/ARGOSJ8_IA_/install/argj801_ctl_platform_interfaces:/home/rhobtor/reactive/Reactive-Navegation/workspace_full_conected/install/octomap_mapping:/home/rhobtor/reactive/Reactive-Navegation/workspace_full_conected/install/octomap_server:/home/rhobtor/reactive/Reactive-Navegation/workspace_full_conected/install/octomap_rviz_plugins:/home/rhobtor/reactive/Reactive-Navegation/workspace_full_conected/install/hector_gazebo_plugins:/home/rhobtor/reactive/Reactive-Navegation/workspace_full_conected/install/car_cpp:/home/rhobtor/reactive/Reactive-Navegation/workspace_full_conected/install/car_interfaces:/home/rhobtor/PHD/ARGOSJ8_IA/ARGOSJ8_IA_/install/ntrip_client:/home/rhobtor/PHD/ARGOSJ8_IA/ARGOSJ8_IA_/install/j8_gui:/home/rhobtor/PHD/ARGOSJ8_IA/ARGOSJ8_IA_/install/car:/home/rhobtor/PHD/ARGOSJ8_IA/ARGOSJ8_IA_/install/android_ros2_server:/home/rhobtor/PHD/ARGOSJ8_IA/ARGOSJ8_IA_/install/GUI_pkg:/home/rhobtor/reactive/Reactive-Navegation/workspace_full_conected/install/car:/opt/ros/humble LD_LIBRARY_PATH=/home/rhobtor/PHD/ARGOSJ8_IA/ARGOSJ8_IA_/install/ublox_gps/lib:/home/rhobtor/PHD/ARGOSJ8_IA/ARGOSJ8_IA_/install/ublox_msgs/lib:/home/rhobtor/PHD/ARGOSJ8_IA/ARGOSJ8_IA_/install/wiimote_msgs/lib:/home/rhobtor/PHD/ARGOSJ8_IA/ARGOSJ8_IA_/install/spacenav/lib:/home/rhobtor/PHD/ARGOSJ8_IA/ARGOSJ8_IA_/install/laser_segmentation/lib:/home/rhobtor/PHD/ARGOSJ8_IA/ARGOSJ8_IA_/install/slg_msgs/lib:/home/rhobtor/PHD/ARGOSJ8_IA/ARGOSJ8_IA_/install/security_check_interfaces/lib:/home/rhobtor/PHD/ARGOSJ8_IA/ARGOSJ8_IA_/install/joy/lib:/home/rhobtor/PHD/ARGOSJ8_IA/ARGOSJ8_IA_/install/path_manager_interfaces/lib:/home/rhobtor/PHD/ARGOSJ8_IA/ARGOSJ8_IA_/install/j8_xacro_model/lib:/home/rhobtor/PHD/ARGOSJ8_IA/ARGOSJ8_IA_/install/hector_gazebo_plugins/lib:/home/rhobtor/PHD/ARGOSJ8_IA/ARGOSJ8_IA_/install/fixposition_sensor_pkg/lib:/home/rhobtor/PHD/ARGOSJ8_IA/ARGOSJ8_IA_/install/fixposition_odometry_converter_ros2/lib:/home/rhobtor/PHD/ARGOSJ8_IA/ARGOSJ8_IA_/install/fixposition_driver_ros2/lib:/home/rhobtor/PHD/ARGOSJ8_IA/ARGOSJ8_IA_/install/fixposition_driver_lib/lib:/home/rhobtor/PHD/ARGOSJ8_IA/ARGOSJ8_IA_/install/fixposition_gnss_tf/lib:/home/rhobtor/PHD/ARGOSJ8_IA/ARGOSJ8_IA_/install/ctl_mission_interfaces/lib:/home/rhobtor/PHD/ARGOSJ8_IA/ARGOSJ8_IA_/install/car_cpp/lib:/home/rhobtor/PHD/ARGOSJ8_IA/ARGOSJ8_IA_/install/car_interfaces/lib:/home/rhobtor/PHD/ARGOSJ8_IA/ARGOSJ8_IA_/install/argj801_sensors_msgs/lib:/home/rhobtor/PHD/ARGOSJ8_IA/ARGOSJ8_IA_/install/argj801_ctl_platform_interfaces/lib:/home/rhobtor/reactive/Reactive-Navegation/workspace_full_conected/install/octomap_server/lib:/home/rhobtor/reactive/Reactive-Navegation/workspace_full_conected/install/octomap_rviz_plugins/lib:/home/rhobtor/reactive/Reactive-Navegation/workspace_full_conected/install/hector_gazebo_plugins/lib:/home/rhobtor/reactive/Reactive-Navegation/workspace_full_conected/install/car_cpp/lib:/home/rhobtor/reactive/Reactive-Navegation/workspace_full_conected/install/car_interfaces/lib:/usr/lib/x86_64-linux-gnu/gazebo-11/plugins:/opt/ros/humble/opt/rviz_ogre_vendor/lib:/opt/ros/humble/lib/x86_64-linux-gnu:/opt/ros/humble/lib /usr/bin/cmake --install /home/rhobtor/PHD/ARGOSJ8_IA/ARGOSJ8_IA_/build/ublox
[3.972s] Level 1:colcon.colcon_core.environment:checking '/home/rhobtor/PHD/ARGOSJ8_IA/ARGOSJ8_IA_/install/ublox' for CMake config files
[3.972s] Level 1:colcon.colcon_core.shell:create_environment_hook('ublox', 'cmake_prefix_path')
[3.973s] INFO:colcon.colcon_core.shell:Creating environment hook '/home/rhobtor/PHD/ARGOSJ8_IA/ARGOSJ8_IA_/install/ublox/share/ublox/hook/cmake_prefix_path.ps1'
[3.973s] INFO:colcon.colcon_core.shell:Creating environment descriptor '/home/rhobtor/PHD/ARGOSJ8_IA/ARGOSJ8_IA_/install/ublox/share/ublox/hook/cmake_prefix_path.dsv'
[3.973s] INFO:colcon.colcon_core.shell:Creating environment hook '/home/rhobtor/PHD/ARGOSJ8_IA/ARGOSJ8_IA_/install/ublox/share/ublox/hook/cmake_prefix_path.sh'
[3.973s] Level 1:colcon.colcon_core.environment:checking '/home/rhobtor/PHD/ARGOSJ8_IA/ARGOSJ8_IA_/install/ublox/bin'
[3.974s] Level 1:colcon.colcon_core.environment:checking '/home/rhobtor/PHD/ARGOSJ8_IA/ARGOSJ8_IA_/install/ublox/lib/pkgconfig/ublox.pc'
[3.974s] Level 1:colcon.colcon_core.environment:checking '/home/rhobtor/PHD/ARGOSJ8_IA/ARGOSJ8_IA_/install/ublox/lib/python3.10/site-packages'
[3.974s] Level 1:colcon.colcon_core.environment:checking '/home/rhobtor/PHD/ARGOSJ8_IA/ARGOSJ8_IA_/install/ublox/bin'
[3.974s] INFO:colcon.colcon_core.shell:Creating package script '/home/rhobtor/PHD/ARGOSJ8_IA/ARGOSJ8_IA_/install/ublox/share/ublox/package.ps1'
[3.974s] INFO:colcon.colcon_core.shell:Creating package descriptor '/home/rhobtor/PHD/ARGOSJ8_IA/ARGOSJ8_IA_/install/ublox/share/ublox/package.dsv'
[3.975s] INFO:colcon.colcon_core.shell:Creating package script '/home/rhobtor/PHD/ARGOSJ8_IA/ARGOSJ8_IA_/install/ublox/share/ublox/package.sh'
[3.975s] INFO:colcon.colcon_core.shell:Creating package script '/home/rhobtor/PHD/ARGOSJ8_IA/ARGOSJ8_IA_/install/ublox/share/ublox/package.bash'
[4.098s] INFO:colcon.colcon_core.shell:Creating package script '/home/rhobtor/PHD/ARGOSJ8_IA/ARGOSJ8_IA_/install/ublox/share/ublox/package.zsh'
[4.099s] Level 1:colcon.colcon_core.environment:create_file_with_runtime_dependencies(/home/rhobtor/PHD/ARGOSJ8_IA/ARGOSJ8_IA_/install/ublox/share/colcon-core/packages/ublox)
[4.099s] Level 1:colcon.colcon_core.environment:create_environment_scripts_only(ublox)
[4.099s] Level 1:colcon.colcon_core.environment:checking '/home/rhobtor/PHD/ARGOSJ8_IA/ARGOSJ8_IA_/install/ublox' for CMake module files
[4.100s] Level 1:colcon.colcon_core.environment:checking '/home/rhobtor/PHD/ARGOSJ8_IA/ARGOSJ8_IA_/install/ublox' for CMake config files
[4.100s] Level 1:colcon.colcon_core.shell:create_environment_hook('ublox', 'cmake_prefix_path')
[4.100s] INFO:colcon.colcon_core.shell:Creating environment hook '/home/rhobtor/PHD/ARGOSJ8_IA/ARGOSJ8_IA_/install/ublox/share/ublox/hook/cmake_prefix_path.ps1'
[4.100s] INFO:colcon.colcon_core.shell:Creating environment descriptor '/home/rhobtor/PHD/ARGOSJ8_IA/ARGOSJ8_IA_/install/ublox/share/ublox/hook/cmake_prefix_path.dsv'
[4.100s] INFO:colcon.colcon_core.shell:Creating environment hook '/home/rhobtor/PHD/ARGOSJ8_IA/ARGOSJ8_IA_/install/ublox/share/ublox/hook/cmake_prefix_path.sh'
[4.101s] Level 1:colcon.colcon_core.environment:checking '/home/rhobtor/PHD/ARGOSJ8_IA/ARGOSJ8_IA_/install/ublox/bin'
[4.101s] Level 1:colcon.colcon_core.environment:checking '/home/rhobtor/PHD/ARGOSJ8_IA/ARGOSJ8_IA_/install/ublox/lib/pkgconfig/ublox.pc'
[4.101s] Level 1:colcon.colcon_core.environment:checking '/home/rhobtor/PHD/ARGOSJ8_IA/ARGOSJ8_IA_/install/ublox/lib/python3.10/site-packages'
[4.101s] Level 1:colcon.colcon_core.environment:checking '/home/rhobtor/PHD/ARGOSJ8_IA/ARGOSJ8_IA_/install/ublox/bin'
[4.101s] INFO:colcon.colcon_core.shell:Creating package script '/home/rhobtor/PHD/ARGOSJ8_IA/ARGOSJ8_IA_/install/ublox/share/ublox/package.ps1'
[4.102s] INFO:colcon.colcon_core.shell:Creating package descriptor '/home/rhobtor/PHD/ARGOSJ8_IA/ARGOSJ8_IA_/install/ublox/share/ublox/package.dsv'
[4.106s] INFO:colcon.colcon_core.shell:Creating package script '/home/rhobtor/PHD/ARGOSJ8_IA/ARGOSJ8_IA_/install/ublox/share/ublox/package.sh'
[4.106s] INFO:colcon.colcon_core.shell:Creating package script '/home/rhobtor/PHD/ARGOSJ8_IA/ARGOSJ8_IA_/install/ublox/share/ublox/package.bash'
[4.106s] INFO:colcon.colcon_core.shell:Creating package script '/home/rhobtor/PHD/ARGOSJ8_IA/ARGOSJ8_IA_/install/ublox/share/ublox/package.zsh'
[4.106s] Level 1:colcon.colcon_core.environment:create_file_with_runtime_dependencies(/home/rhobtor/PHD/ARGOSJ8_IA/ARGOSJ8_IA_/install/ublox/share/colcon-core/packages/ublox)
[4.109s] DEBUG:colcon.colcon_core.event_handler.log_command:Invoked command in '/home/rhobtor/PHD/ARGOSJ8_IA/ARGOSJ8_IA_/build/ctl_mission' returned '0': CMAKE_PREFIX_PATH=/home/rhobtor/PHD/ARGOSJ8_IA/ARGOSJ8_IA_/install/ublox_msgs:/home/rhobtor/PHD/ARGOSJ8_IA/ARGOSJ8_IA_/install/ublox_serialization:/home/rhobtor/PHD/ARGOSJ8_IA/ARGOSJ8_IA_/install/path_manager_interfaces:/home/rhobtor/PHD/ARGOSJ8_IA/ARGOSJ8_IA_/install/ctl_mission_interfaces:/home/rhobtor/PHD/ARGOSJ8_IA/ARGOSJ8_IA_/install/wiimote_msgs:/home/rhobtor/PHD/ARGOSJ8_IA/ARGOSJ8_IA_/install/ublox:/home/rhobtor/PHD/ARGOSJ8_IA/ARGOSJ8_IA_/install/ublox_gps:/home/rhobtor/PHD/ARGOSJ8_IA/ARGOSJ8_IA_/install/security_check:/home/rhobtor/PHD/ARGOSJ8_IA/ARGOSJ8_IA_/install/ctl_mission:/home/rhobtor/PHD/ARGOSJ8_IA/ARGOSJ8_IA_/install/spacenav:/home/rhobtor/PHD/ARGOSJ8_IA/ARGOSJ8_IA_/install/laser_segmentation:/home/rhobtor/PHD/ARGOSJ8_IA/ARGOSJ8_IA_/install/slg_msgs:/home/rhobtor/PHD/ARGOSJ8_IA/ARGOSJ8_IA_/install/security_check_interfaces:/home/rhobtor/PHD/ARGOSJ8_IA/ARGOSJ8_IA_/install/joy:/home/rhobtor/PHD/ARGOSJ8_IA/ARGOSJ8_IA_/install/sdl2_vendor:/home/rhobtor/PHD/ARGOSJ8_IA/ARGOSJ8_IA_/install/path_manager:/home/rhobtor/PHD/ARGOSJ8_IA/ARGOSJ8_IA_/install/joy_linux:/home/rhobtor/PHD/ARGOSJ8_IA/ARGOSJ8_IA_/install/j8_xacro_model:/home/rhobtor/PHD/ARGOSJ8_IA/ARGOSJ8_IA_/install/hector_gazebo_plugins:/home/rhobtor/PHD/ARGOSJ8_IA/ARGOSJ8_IA_/install/fixposition_sensor_pkg:/home/rhobtor/PHD/ARGOSJ8_IA/ARGOSJ8_IA_/install/fixposition_odometry_converter_ros2:/home/rhobtor/PHD/ARGOSJ8_IA/ARGOSJ8_IA_/install/fixposition_driver_ros2:/home/rhobtor/PHD/ARGOSJ8_IA/ARGOSJ8_IA_/install/fixposition_driver_lib:/home/rhobtor/PHD/ARGOSJ8_IA/ARGOSJ8_IA_/install/fixposition_gnss_tf:/home/rhobtor/PHD/ARGOSJ8_IA/ARGOSJ8_IA_/install/car_cpp:/home/rhobtor/PHD/ARGOSJ8_IA/ARGOSJ8_IA_/install/car_interfaces:/home/rhobtor/PHD/ARGOSJ8_IA/ARGOSJ8_IA_/install/argj801_setup:/home/rhobtor/PHD/ARGOSJ8_IA/ARGOSJ8_IA_/install/argj801_sensors:/home/rhobtor/PHD/ARGOSJ8_IA/ARGOSJ8_IA_/install/argj801_sensors_msgs:/home/rhobtor/PHD/ARGOSJ8_IA/ARGOSJ8_IA_/install/argj801_ctl_platform:/home/rhobtor/PHD/ARGOSJ8_IA/ARGOSJ8_IA_/install/argj801_ctl_platform_interfaces:/home/rhobtor/reactive/Reactive-Navegation/workspace_full_conected/install/octomap_mapping:/home/rhobtor/reactive/Reactive-Navegation/workspace_full_conected/install/octomap_server:/home/rhobtor/reactive/Reactive-Navegation/workspace_full_conected/install/octomap_rviz_plugins:/home/rhobtor/reactive/Reactive-Navegation/workspace_full_conected/install/hector_gazebo_plugins:/home/rhobtor/reactive/Reactive-Navegation/workspace_full_conected/install/car_cpp:/home/rhobtor/reactive/Reactive-Navegation/workspace_full_conected/install/car_interfaces:/home/rhobtor/PHD/ARGOSJ8_IA/ARGOSJ8_IA_/install/ntrip_client:/home/rhobtor/PHD/ARGOSJ8_IA/ARGOSJ8_IA_/install/j8_gui:/home/rhobtor/PHD/ARGOSJ8_IA/ARGOSJ8_IA_/install/car:/home/rhobtor/PHD/ARGOSJ8_IA/ARGOSJ8_IA_/install/android_ros2_server:/home/rhobtor/PHD/ARGOSJ8_IA/ARGOSJ8_IA_/install/GUI_pkg:/home/rhobtor/reactive/Reactive-Navegation/workspace_full_conected/install/car:/opt/ros/humble LD_LIBRARY_PATH=/home/rhobtor/PHD/ARGOSJ8_IA/ARGOSJ8_IA_/install/ublox_msgs/lib:/home/rhobtor/PHD/ARGOSJ8_IA/ARGOSJ8_IA_/install/path_manager_interfaces/lib:/home/rhobtor/PHD/ARGOSJ8_IA/ARGOSJ8_IA_/install/ctl_mission_interfaces/lib:/home/rhobtor/PHD/ARGOSJ8_IA/ARGOSJ8_IA_/install/wiimote_msgs/lib:/home/rhobtor/PHD/ARGOSJ8_IA/ARGOSJ8_IA_/install/ublox_gps/lib:/home/rhobtor/PHD/ARGOSJ8_IA/ARGOSJ8_IA_/install/spacenav/lib:/home/rhobtor/PHD/ARGOSJ8_IA/ARGOSJ8_IA_/install/laser_segmentation/lib:/home/rhobtor/PHD/ARGOSJ8_IA/ARGOSJ8_IA_/install/slg_msgs/lib:/home/rhobtor/PHD/ARGOSJ8_IA/ARGOSJ8_IA_/install/security_check_interfaces/lib:/home/rhobtor/PHD/ARGOSJ8_IA/ARGOSJ8_IA_/install/joy/lib:/home/rhobtor/PHD/ARGOSJ8_IA/ARGOSJ8_IA_/install/j8_xacro_model/lib:/home/rhobtor/PHD/ARGOSJ8_IA/ARGOSJ8_IA_/install/hector_gazebo_plugins/lib:/home/rhobtor/PHD/ARGOSJ8_IA/ARGOSJ8_IA_/install/fixposition_sensor_pkg/lib:/home/rhobtor/PHD/ARGOSJ8_IA/ARGOSJ8_IA_/install/fixposition_odometry_converter_ros2/lib:/home/rhobtor/PHD/ARGOSJ8_IA/ARGOSJ8_IA_/install/fixposition_driver_ros2/lib:/home/rhobtor/PHD/ARGOSJ8_IA/ARGOSJ8_IA_/install/fixposition_driver_lib/lib:/home/rhobtor/PHD/ARGOSJ8_IA/ARGOSJ8_IA_/install/fixposition_gnss_tf/lib:/home/rhobtor/PHD/ARGOSJ8_IA/ARGOSJ8_IA_/install/car_cpp/lib:/home/rhobtor/PHD/ARGOSJ8_IA/ARGOSJ8_IA_/install/car_interfaces/lib:/home/rhobtor/PHD/ARGOSJ8_IA/ARGOSJ8_IA_/install/argj801_sensors_msgs/lib:/home/rhobtor/PHD/ARGOSJ8_IA/ARGOSJ8_IA_/install/argj801_ctl_platform_interfaces/lib:/home/rhobtor/reactive/Reactive-Navegation/workspace_full_conected/install/octomap_server/lib:/home/rhobtor/reactive/Reactive-Navegation/workspace_full_conected/install/octomap_rviz_plugins/lib:/home/rhobtor/reactive/Reactive-Navegation/workspace_full_conected/install/hector_gazebo_plugins/lib:/home/rhobtor/reactive/Reactive-Navegation/workspace_full_conected/install/car_cpp/lib:/home/rhobtor/reactive/Reactive-Navegation/workspace_full_conected/install/car_interfaces/lib:/usr/lib/x86_64-linux-gnu/gazebo-11/plugins:/opt/ros/humble/opt/rviz_ogre_vendor/lib:/opt/ros/humble/lib/x86_64-linux-gnu:/opt/ros/humble/lib /usr/bin/cmake --build /home/rhobtor/PHD/ARGOSJ8_IA/ARGOSJ8_IA_/build/ctl_mission -- -j20 -l20
[4.110s] DEBUG:colcon.colcon_core.event_handler.log_command:Invoking command in '/home/rhobtor/PHD/ARGOSJ8_IA/ARGOSJ8_IA_/build/ctl_mission': CMAKE_PREFIX_PATH=/home/rhobtor/PHD/ARGOSJ8_IA/ARGOSJ8_IA_/install/ublox_msgs:/home/rhobtor/PHD/ARGOSJ8_IA/ARGOSJ8_IA_/install/ublox_serialization:/home/rhobtor/PHD/ARGOSJ8_IA/ARGOSJ8_IA_/install/path_manager_interfaces:/home/rhobtor/PHD/ARGOSJ8_IA/ARGOSJ8_IA_/install/ctl_mission_interfaces:/home/rhobtor/PHD/ARGOSJ8_IA/ARGOSJ8_IA_/install/wiimote_msgs:/home/rhobtor/PHD/ARGOSJ8_IA/ARGOSJ8_IA_/install/ublox:/home/rhobtor/PHD/ARGOSJ8_IA/ARGOSJ8_IA_/install/ublox_gps:/home/rhobtor/PHD/ARGOSJ8_IA/ARGOSJ8_IA_/install/security_check:/home/rhobtor/PHD/ARGOSJ8_IA/ARGOSJ8_IA_/install/ctl_mission:/home/rhobtor/PHD/ARGOSJ8_IA/ARGOSJ8_IA_/install/spacenav:/home/rhobtor/PHD/ARGOSJ8_IA/ARGOSJ8_IA_/install/laser_segmentation:/home/rhobtor/PHD/ARGOSJ8_IA/ARGOSJ8_IA_/install/slg_msgs:/home/rhobtor/PHD/ARGOSJ8_IA/ARGOSJ8_IA_/install/security_check_interfaces:/home/rhobtor/PHD/ARGOSJ8_IA/ARGOSJ8_IA_/install/joy:/home/rhobtor/PHD/ARGOSJ8_IA/ARGOSJ8_IA_/install/sdl2_vendor:/home/rhobtor/PHD/ARGOSJ8_IA/ARGOSJ8_IA_/install/path_manager:/home/rhobtor/PHD/ARGOSJ8_IA/ARGOSJ8_IA_/install/joy_linux:/home/rhobtor/PHD/ARGOSJ8_IA/ARGOSJ8_IA_/install/j8_xacro_model:/home/rhobtor/PHD/ARGOSJ8_IA/ARGOSJ8_IA_/install/hector_gazebo_plugins:/home/rhobtor/PHD/ARGOSJ8_IA/ARGOSJ8_IA_/install/fixposition_sensor_pkg:/home/rhobtor/PHD/ARGOSJ8_IA/ARGOSJ8_IA_/install/fixposition_odometry_converter_ros2:/home/rhobtor/PHD/ARGOSJ8_IA/ARGOSJ8_IA_/install/fixposition_driver_ros2:/home/rhobtor/PHD/ARGOSJ8_IA/ARGOSJ8_IA_/install/fixposition_driver_lib:/home/rhobtor/PHD/ARGOSJ8_IA/ARGOSJ8_IA_/install/fixposition_gnss_tf:/home/rhobtor/PHD/ARGOSJ8_IA/ARGOSJ8_IA_/install/car_cpp:/home/rhobtor/PHD/ARGOSJ8_IA/ARGOSJ8_IA_/install/car_interfaces:/home/rhobtor/PHD/ARGOSJ8_IA/ARGOSJ8_IA_/install/argj801_setup:/home/rhobtor/PHD/ARGOSJ8_IA/ARGOSJ8_IA_/install/argj801_sensors:/home/rhobtor/PHD/ARGOSJ8_IA/ARGOSJ8_IA_/install/argj801_sensors_msgs:/home/rhobtor/PHD/ARGOSJ8_IA/ARGOSJ8_IA_/install/argj801_ctl_platform:/home/rhobtor/PHD/ARGOSJ8_IA/ARGOSJ8_IA_/install/argj801_ctl_platform_interfaces:/home/rhobtor/reactive/Reactive-Navegation/workspace_full_conected/install/octomap_mapping:/home/rhobtor/reactive/Reactive-Navegation/workspace_full_conected/install/octomap_server:/home/rhobtor/reactive/Reactive-Navegation/workspace_full_conected/install/octomap_rviz_plugins:/home/rhobtor/reactive/Reactive-Navegation/workspace_full_conected/install/hector_gazebo_plugins:/home/rhobtor/reactive/Reactive-Navegation/workspace_full_conected/install/car_cpp:/home/rhobtor/reactive/Reactive-Navegation/workspace_full_conected/install/car_interfaces:/home/rhobtor/PHD/ARGOSJ8_IA/ARGOSJ8_IA_/install/ntrip_client:/home/rhobtor/PHD/ARGOSJ8_IA/ARGOSJ8_IA_/install/j8_gui:/home/rhobtor/PHD/ARGOSJ8_IA/ARGOSJ8_IA_/install/car:/home/rhobtor/PHD/ARGOSJ8_IA/ARGOSJ8_IA_/install/android_ros2_server:/home/rhobtor/PHD/ARGOSJ8_IA/ARGOSJ8_IA_/install/GUI_pkg:/home/rhobtor/reactive/Reactive-Navegation/workspace_full_conected/install/car:/opt/ros/humble LD_LIBRARY_PATH=/home/rhobtor/PHD/ARGOSJ8_IA/ARGOSJ8_IA_/install/ublox_msgs/lib:/home/rhobtor/PHD/ARGOSJ8_IA/ARGOSJ8_IA_/install/path_manager_interfaces/lib:/home/rhobtor/PHD/ARGOSJ8_IA/ARGOSJ8_IA_/install/ctl_mission_interfaces/lib:/home/rhobtor/PHD/ARGOSJ8_IA/ARGOSJ8_IA_/install/wiimote_msgs/lib:/home/rhobtor/PHD/ARGOSJ8_IA/ARGOSJ8_IA_/install/ublox_gps/lib:/home/rhobtor/PHD/ARGOSJ8_IA/ARGOSJ8_IA_/install/spacenav/lib:/home/rhobtor/PHD/ARGOSJ8_IA/ARGOSJ8_IA_/install/laser_segmentation/lib:/home/rhobtor/PHD/ARGOSJ8_IA/ARGOSJ8_IA_/install/slg_msgs/lib:/home/rhobtor/PHD/ARGOSJ8_IA/ARGOSJ8_IA_/install/security_check_interfaces/lib:/home/rhobtor/PHD/ARGOSJ8_IA/ARGOSJ8_IA_/install/joy/lib:/home/rhobtor/PHD/ARGOSJ8_IA/ARGOSJ8_IA_/install/j8_xacro_model/lib:/home/rhobtor/PHD/ARGOSJ8_IA/ARGOSJ8_IA_/install/hector_gazebo_plugins/lib:/home/rhobtor/PHD/ARGOSJ8_IA/ARGOSJ8_IA_/install/fixposition_sensor_pkg/lib:/home/rhobtor/PHD/ARGOSJ8_IA/ARGOSJ8_IA_/install/fixposition_odometry_converter_ros2/lib:/home/rhobtor/PHD/ARGOSJ8_IA/ARGOSJ8_IA_/install/fixposition_driver_ros2/lib:/home/rhobtor/PHD/ARGOSJ8_IA/ARGOSJ8_IA_/install/fixposition_driver_lib/lib:/home/rhobtor/PHD/ARGOSJ8_IA/ARGOSJ8_IA_/install/fixposition_gnss_tf/lib:/home/rhobtor/PHD/ARGOSJ8_IA/ARGOSJ8_IA_/install/car_cpp/lib:/home/rhobtor/PHD/ARGOSJ8_IA/ARGOSJ8_IA_/install/car_interfaces/lib:/home/rhobtor/PHD/ARGOSJ8_IA/ARGOSJ8_IA_/install/argj801_sensors_msgs/lib:/home/rhobtor/PHD/ARGOSJ8_IA/ARGOSJ8_IA_/install/argj801_ctl_platform_interfaces/lib:/home/rhobtor/reactive/Reactive-Navegation/workspace_full_conected/install/octomap_server/lib:/home/rhobtor/reactive/Reactive-Navegation/workspace_full_conected/install/octomap_rviz_plugins/lib:/home/rhobtor/reactive/Reactive-Navegation/workspace_full_conected/install/hector_gazebo_plugins/lib:/home/rhobtor/reactive/Reactive-Navegation/workspace_full_conected/install/car_cpp/lib:/home/rhobtor/reactive/Reactive-Navegation/workspace_full_conected/install/car_interfaces/lib:/usr/lib/x86_64-linux-gnu/gazebo-11/plugins:/opt/ros/humble/opt/rviz_ogre_vendor/lib:/opt/ros/humble/lib/x86_64-linux-gnu:/opt/ros/humble/lib /usr/bin/cmake --install /home/rhobtor/PHD/ARGOSJ8_IA/ARGOSJ8_IA_/build/ctl_mission
[4.181s] Level 1:colcon.colcon_core.environment:create_environment_scripts_only(ctl_mission)
[4.182s] Level 1:colcon.colcon_core.environment:checking '/home/rhobtor/PHD/ARGOSJ8_IA/ARGOSJ8_IA_/install/ctl_mission' for CMake module files
[4.182s] DEBUG:colcon.colcon_core.event_handler.log_command:Invoked command in '/home/rhobtor/PHD/ARGOSJ8_IA/ARGOSJ8_IA_/build/ctl_mission' returned '0': CMAKE_PREFIX_PATH=/home/rhobtor/PHD/ARGOSJ8_IA/ARGOSJ8_IA_/install/ublox_msgs:/home/rhobtor/PHD/ARGOSJ8_IA/ARGOSJ8_IA_/install/ublox_serialization:/home/rhobtor/PHD/ARGOSJ8_IA/ARGOSJ8_IA_/install/path_manager_interfaces:/home/rhobtor/PHD/ARGOSJ8_IA/ARGOSJ8_IA_/install/ctl_mission_interfaces:/home/rhobtor/PHD/ARGOSJ8_IA/ARGOSJ8_IA_/install/wiimote_msgs:/home/rhobtor/PHD/ARGOSJ8_IA/ARGOSJ8_IA_/install/ublox:/home/rhobtor/PHD/ARGOSJ8_IA/ARGOSJ8_IA_/install/ublox_gps:/home/rhobtor/PHD/ARGOSJ8_IA/ARGOSJ8_IA_/install/security_check:/home/rhobtor/PHD/ARGOSJ8_IA/ARGOSJ8_IA_/install/ctl_mission:/home/rhobtor/PHD/ARGOSJ8_IA/ARGOSJ8_IA_/install/spacenav:/home/rhobtor/PHD/ARGOSJ8_IA/ARGOSJ8_IA_/install/laser_segmentation:/home/rhobtor/PHD/ARGOSJ8_IA/ARGOSJ8_IA_/install/slg_msgs:/home/rhobtor/PHD/ARGOSJ8_IA/ARGOSJ8_IA_/install/security_check_interfaces:/home/rhobtor/PHD/ARGOSJ8_IA/ARGOSJ8_IA_/install/joy:/home/rhobtor/PHD/ARGOSJ8_IA/ARGOSJ8_IA_/install/sdl2_vendor:/home/rhobtor/PHD/ARGOSJ8_IA/ARGOSJ8_IA_/install/path_manager:/home/rhobtor/PHD/ARGOSJ8_IA/ARGOSJ8_IA_/install/joy_linux:/home/rhobtor/PHD/ARGOSJ8_IA/ARGOSJ8_IA_/install/j8_xacro_model:/home/rhobtor/PHD/ARGOSJ8_IA/ARGOSJ8_IA_/install/hector_gazebo_plugins:/home/rhobtor/PHD/ARGOSJ8_IA/ARGOSJ8_IA_/install/fixposition_sensor_pkg:/home/rhobtor/PHD/ARGOSJ8_IA/ARGOSJ8_IA_/install/fixposition_odometry_converter_ros2:/home/rhobtor/PHD/ARGOSJ8_IA/ARGOSJ8_IA_/install/fixposition_driver_ros2:/home/rhobtor/PHD/ARGOSJ8_IA/ARGOSJ8_IA_/install/fixposition_driver_lib:/home/rhobtor/PHD/ARGOSJ8_IA/ARGOSJ8_IA_/install/fixposition_gnss_tf:/home/rhobtor/PHD/ARGOSJ8_IA/ARGOSJ8_IA_/install/car_cpp:/home/rhobtor/PHD/ARGOSJ8_IA/ARGOSJ8_IA_/install/car_interfaces:/home/rhobtor/PHD/ARGOSJ8_IA/ARGOSJ8_IA_/install/argj801_setup:/home/rhobtor/PHD/ARGOSJ8_IA/ARGOSJ8_IA_/install/argj801_sensors:/home/rhobtor/PHD/ARGOSJ8_IA/ARGOSJ8_IA_/install/argj801_sensors_msgs:/home/rhobtor/PHD/ARGOSJ8_IA/ARGOSJ8_IA_/install/argj801_ctl_platform:/home/rhobtor/PHD/ARGOSJ8_IA/ARGOSJ8_IA_/install/argj801_ctl_platform_interfaces:/home/rhobtor/reactive/Reactive-Navegation/workspace_full_conected/install/octomap_mapping:/home/rhobtor/reactive/Reactive-Navegation/workspace_full_conected/install/octomap_server:/home/rhobtor/reactive/Reactive-Navegation/workspace_full_conected/install/octomap_rviz_plugins:/home/rhobtor/reactive/Reactive-Navegation/workspace_full_conected/install/hector_gazebo_plugins:/home/rhobtor/reactive/Reactive-Navegation/workspace_full_conected/install/car_cpp:/home/rhobtor/reactive/Reactive-Navegation/workspace_full_conected/install/car_interfaces:/home/rhobtor/PHD/ARGOSJ8_IA/ARGOSJ8_IA_/install/ntrip_client:/home/rhobtor/PHD/ARGOSJ8_IA/ARGOSJ8_IA_/install/j8_gui:/home/rhobtor/PHD/ARGOSJ8_IA/ARGOSJ8_IA_/install/car:/home/rhobtor/PHD/ARGOSJ8_IA/ARGOSJ8_IA_/install/android_ros2_server:/home/rhobtor/PHD/ARGOSJ8_IA/ARGOSJ8_IA_/install/GUI_pkg:/home/rhobtor/reactive/Reactive-Navegation/workspace_full_conected/install/car:/opt/ros/humble LD_LIBRARY_PATH=/home/rhobtor/PHD/ARGOSJ8_IA/ARGOSJ8_IA_/install/ublox_msgs/lib:/home/rhobtor/PHD/ARGOSJ8_IA/ARGOSJ8_IA_/install/path_manager_interfaces/lib:/home/rhobtor/PHD/ARGOSJ8_IA/ARGOSJ8_IA_/install/ctl_mission_interfaces/lib:/home/rhobtor/PHD/ARGOSJ8_IA/ARGOSJ8_IA_/install/wiimote_msgs/lib:/home/rhobtor/PHD/ARGOSJ8_IA/ARGOSJ8_IA_/install/ublox_gps/lib:/home/rhobtor/PHD/ARGOSJ8_IA/ARGOSJ8_IA_/install/spacenav/lib:/home/rhobtor/PHD/ARGOSJ8_IA/ARGOSJ8_IA_/install/laser_segmentation/lib:/home/rhobtor/PHD/ARGOSJ8_IA/ARGOSJ8_IA_/install/slg_msgs/lib:/home/rhobtor/PHD/ARGOSJ8_IA/ARGOSJ8_IA_/install/security_check_interfaces/lib:/home/rhobtor/PHD/ARGOSJ8_IA/ARGOSJ8_IA_/install/joy/lib:/home/rhobtor/PHD/ARGOSJ8_IA/ARGOSJ8_IA_/install/j8_xacro_model/lib:/home/rhobtor/PHD/ARGOSJ8_IA/ARGOSJ8_IA_/install/hector_gazebo_plugins/lib:/home/rhobtor/PHD/ARGOSJ8_IA/ARGOSJ8_IA_/install/fixposition_sensor_pkg/lib:/home/rhobtor/PHD/ARGOSJ8_IA/ARGOSJ8_IA_/install/fixposition_odometry_converter_ros2/lib:/home/rhobtor/PHD/ARGOSJ8_IA/ARGOSJ8_IA_/install/fixposition_driver_ros2/lib:/home/rhobtor/PHD/ARGOSJ8_IA/ARGOSJ8_IA_/install/fixposition_driver_lib/lib:/home/rhobtor/PHD/ARGOSJ8_IA/ARGOSJ8_IA_/install/fixposition_gnss_tf/lib:/home/rhobtor/PHD/ARGOSJ8_IA/ARGOSJ8_IA_/install/car_cpp/lib:/home/rhobtor/PHD/ARGOSJ8_IA/ARGOSJ8_IA_/install/car_interfaces/lib:/home/rhobtor/PHD/ARGOSJ8_IA/ARGOSJ8_IA_/install/argj801_sensors_msgs/lib:/home/rhobtor/PHD/ARGOSJ8_IA/ARGOSJ8_IA_/install/argj801_ctl_platform_interfaces/lib:/home/rhobtor/reactive/Reactive-Navegation/workspace_full_conected/install/octomap_server/lib:/home/rhobtor/reactive/Reactive-Navegation/workspace_full_conected/install/octomap_rviz_plugins/lib:/home/rhobtor/reactive/Reactive-Navegation/workspace_full_conected/install/hector_gazebo_plugins/lib:/home/rhobtor/reactive/Reactive-Navegation/workspace_full_conected/install/car_cpp/lib:/home/rhobtor/reactive/Reactive-Navegation/workspace_full_conected/install/car_interfaces/lib:/usr/lib/x86_64-linux-gnu/gazebo-11/plugins:/opt/ros/humble/opt/rviz_ogre_vendor/lib:/opt/ros/humble/lib/x86_64-linux-gnu:/opt/ros/humble/lib /usr/bin/cmake --install /home/rhobtor/PHD/ARGOSJ8_IA/ARGOSJ8_IA_/build/ctl_mission
[4.182s] Level 1:colcon.colcon_core.environment:checking '/home/rhobtor/PHD/ARGOSJ8_IA/ARGOSJ8_IA_/install/ctl_mission' for CMake config files
[4.183s] Level 1:colcon.colcon_core.shell:create_environment_hook('ctl_mission', 'cmake_prefix_path')
[4.183s] INFO:colcon.colcon_core.shell:Creating environment hook '/home/rhobtor/PHD/ARGOSJ8_IA/ARGOSJ8_IA_/install/ctl_mission/share/ctl_mission/hook/cmake_prefix_path.ps1'
[4.184s] INFO:colcon.colcon_core.shell:Creating environment descriptor '/home/rhobtor/PHD/ARGOSJ8_IA/ARGOSJ8_IA_/install/ctl_mission/share/ctl_mission/hook/cmake_prefix_path.dsv'
[4.184s] INFO:colcon.colcon_core.shell:Creating environment hook '/home/rhobtor/PHD/ARGOSJ8_IA/ARGOSJ8_IA_/install/ctl_mission/share/ctl_mission/hook/cmake_prefix_path.sh'
[4.184s] Level 1:colcon.colcon_core.environment:checking '/home/rhobtor/PHD/ARGOSJ8_IA/ARGOSJ8_IA_/install/ctl_mission/lib'
[4.184s] Level 1:colcon.colcon_core.environment:checking '/home/rhobtor/PHD/ARGOSJ8_IA/ARGOSJ8_IA_/install/ctl_mission/bin'
[4.184s] Level 1:colcon.colcon_core.environment:checking '/home/rhobtor/PHD/ARGOSJ8_IA/ARGOSJ8_IA_/install/ctl_mission/lib/pkgconfig/ctl_mission.pc'
[4.184s] Level 1:colcon.colcon_core.environment:checking '/home/rhobtor/PHD/ARGOSJ8_IA/ARGOSJ8_IA_/install/ctl_mission/lib/python3.10/site-packages'
[4.185s] Level 1:colcon.colcon_core.environment:checking '/home/rhobtor/PHD/ARGOSJ8_IA/ARGOSJ8_IA_/install/ctl_mission/bin'
[4.185s] INFO:colcon.colcon_core.shell:Creating package script '/home/rhobtor/PHD/ARGOSJ8_IA/ARGOSJ8_IA_/install/ctl_mission/share/ctl_mission/package.ps1'
[4.185s] INFO:colcon.colcon_core.shell:Creating package descriptor '/home/rhobtor/PHD/ARGOSJ8_IA/ARGOSJ8_IA_/install/ctl_mission/share/ctl_mission/package.dsv'
[4.185s] INFO:colcon.colcon_core.shell:Creating package script '/home/rhobtor/PHD/ARGOSJ8_IA/ARGOSJ8_IA_/install/ctl_mission/share/ctl_mission/package.sh'
[4.213s] INFO:colcon.colcon_core.shell:Creating package script '/home/rhobtor/PHD/ARGOSJ8_IA/ARGOSJ8_IA_/install/ctl_mission/share/ctl_mission/package.bash'
[4.213s] INFO:colcon.colcon_core.shell:Creating package script '/home/rhobtor/PHD/ARGOSJ8_IA/ARGOSJ8_IA_/install/ctl_mission/share/ctl_mission/package.zsh'
[4.213s] Level 1:colcon.colcon_core.environment:create_file_with_runtime_dependencies(/home/rhobtor/PHD/ARGOSJ8_IA/ARGOSJ8_IA_/install/ctl_mission/share/colcon-core/packages/ctl_mission)
[4.214s] Level 1:colcon.colcon_core.environment:create_environment_scripts_only(ctl_mission)
[4.214s] Level 1:colcon.colcon_core.environment:checking '/home/rhobtor/PHD/ARGOSJ8_IA/ARGOSJ8_IA_/install/ctl_mission' for CMake module files
[4.214s] Level 1:colcon.colcon_core.environment:checking '/home/rhobtor/PHD/ARGOSJ8_IA/ARGOSJ8_IA_/install/ctl_mission' for CMake config files
[4.214s] Level 1:colcon.colcon_core.shell:create_environment_hook('ctl_mission', 'cmake_prefix_path')
[4.214s] INFO:colcon.colcon_core.shell:Creating environment hook '/home/rhobtor/PHD/ARGOSJ8_IA/ARGOSJ8_IA_/install/ctl_mission/share/ctl_mission/hook/cmake_prefix_path.ps1'
[4.215s] INFO:colcon.colcon_core.shell:Creating environment descriptor '/home/rhobtor/PHD/ARGOSJ8_IA/ARGOSJ8_IA_/install/ctl_mission/share/ctl_mission/hook/cmake_prefix_path.dsv'
[4.215s] INFO:colcon.colcon_core.shell:Creating environment hook '/home/rhobtor/PHD/ARGOSJ8_IA/ARGOSJ8_IA_/install/ctl_mission/share/ctl_mission/hook/cmake_prefix_path.sh'
[4.215s] Level 1:colcon.colcon_core.environment:checking '/home/rhobtor/PHD/ARGOSJ8_IA/ARGOSJ8_IA_/install/ctl_mission/lib'
[4.215s] Level 1:colcon.colcon_core.environment:checking '/home/rhobtor/PHD/ARGOSJ8_IA/ARGOSJ8_IA_/install/ctl_mission/bin'
[4.215s] Level 1:colcon.colcon_core.environment:checking '/home/rhobtor/PHD/ARGOSJ8_IA/ARGOSJ8_IA_/install/ctl_mission/lib/pkgconfig/ctl_mission.pc'
[4.215s] Level 1:colcon.colcon_core.environment:checking '/home/rhobtor/PHD/ARGOSJ8_IA/ARGOSJ8_IA_/install/ctl_mission/lib/python3.10/site-packages'
[4.216s] Level 1:colcon.colcon_core.environment:checking '/home/rhobtor/PHD/ARGOSJ8_IA/ARGOSJ8_IA_/install/ctl_mission/bin'
[4.216s] INFO:colcon.colcon_core.shell:Creating package script '/home/rhobtor/PHD/ARGOSJ8_IA/ARGOSJ8_IA_/install/ctl_mission/share/ctl_mission/package.ps1'
[4.216s] INFO:colcon.colcon_core.shell:Creating package descriptor '/home/rhobtor/PHD/ARGOSJ8_IA/ARGOSJ8_IA_/install/ctl_mission/share/ctl_mission/package.dsv'
[4.216s] INFO:colcon.colcon_core.shell:Creating package script '/home/rhobtor/PHD/ARGOSJ8_IA/ARGOSJ8_IA_/install/ctl_mission/share/ctl_mission/package.sh'
[4.216s] INFO:colcon.colcon_core.shell:Creating package script '/home/rhobtor/PHD/ARGOSJ8_IA/ARGOSJ8_IA_/install/ctl_mission/share/ctl_mission/package.bash'
[4.229s] INFO:colcon.colcon_core.shell:Creating package script '/home/rhobtor/PHD/ARGOSJ8_IA/ARGOSJ8_IA_/install/ctl_mission/share/ctl_mission/package.zsh'
[4.230s] Level 1:colcon.colcon_core.environment:create_file_with_runtime_dependencies(/home/rhobtor/PHD/ARGOSJ8_IA/ARGOSJ8_IA_/install/ctl_mission/share/colcon-core/packages/ctl_mission)
[4.230s] INFO:colcon.colcon_ros.task.ament_cmake.build:Building ROS package in '/home/rhobtor/PHD/ARGOSJ8_IA/ARGOSJ8_IA_/src/security_check/security_check' with build type 'ament_cmake'
[4.230s] INFO:colcon.colcon_cmake.task.cmake.build:Building CMake package in '/home/rhobtor/PHD/ARGOSJ8_IA/ARGOSJ8_IA_/src/security_check/security_check'
[4.230s] INFO:colcon.colcon_core.shell:Skip shell extension 'powershell' for command environment: Not usable outside of PowerShell
[4.230s] DEBUG:colcon.colcon_core.shell:Skip shell extension 'dsv' for command environment
[4.256s] DEBUG:colcon.colcon_core.event_handler.log_command:Invoking command in '/home/rhobtor/PHD/ARGOSJ8_IA/ARGOSJ8_IA_/build/security_check': CMAKE_PREFIX_PATH=/home/rhobtor/PHD/ARGOSJ8_IA/ARGOSJ8_IA_/install/ctl_mission:/home/rhobtor/PHD/ARGOSJ8_IA/ARGOSJ8_IA_/install/ublox_msgs:/home/rhobtor/PHD/ARGOSJ8_IA/ARGOSJ8_IA_/install/ublox_serialization:/home/rhobtor/PHD/ARGOSJ8_IA/ARGOSJ8_IA_/install/security_check_interfaces:/home/rhobtor/PHD/ARGOSJ8_IA/ARGOSJ8_IA_/install/path_manager_interfaces:/home/rhobtor/PHD/ARGOSJ8_IA/ARGOSJ8_IA_/install/ctl_mission_interfaces:/home/rhobtor/PHD/ARGOSJ8_IA/ARGOSJ8_IA_/install/wiimote_msgs:/home/rhobtor/PHD/ARGOSJ8_IA/ARGOSJ8_IA_/install/ublox:/home/rhobtor/PHD/ARGOSJ8_IA/ARGOSJ8_IA_/install/ublox_gps:/home/rhobtor/PHD/ARGOSJ8_IA/ARGOSJ8_IA_/install/security_check:/home/rhobtor/PHD/ARGOSJ8_IA/ARGOSJ8_IA_/install/spacenav:/home/rhobtor/PHD/ARGOSJ8_IA/ARGOSJ8_IA_/install/laser_segmentation:/home/rhobtor/PHD/ARGOSJ8_IA/ARGOSJ8_IA_/install/slg_msgs:/home/rhobtor/PHD/ARGOSJ8_IA/ARGOSJ8_IA_/install/joy:/home/rhobtor/PHD/ARGOSJ8_IA/ARGOSJ8_IA_/install/sdl2_vendor:/home/rhobtor/PHD/ARGOSJ8_IA/ARGOSJ8_IA_/install/path_manager:/home/rhobtor/PHD/ARGOSJ8_IA/ARGOSJ8_IA_/install/joy_linux:/home/rhobtor/PHD/ARGOSJ8_IA/ARGOSJ8_IA_/install/j8_xacro_model:/home/rhobtor/PHD/ARGOSJ8_IA/ARGOSJ8_IA_/install/hector_gazebo_plugins:/home/rhobtor/PHD/ARGOSJ8_IA/ARGOSJ8_IA_/install/fixposition_sensor_pkg:/home/rhobtor/PHD/ARGOSJ8_IA/ARGOSJ8_IA_/install/fixposition_odometry_converter_ros2:/home/rhobtor/PHD/ARGOSJ8_IA/ARGOSJ8_IA_/install/fixposition_driver_ros2:/home/rhobtor/PHD/ARGOSJ8_IA/ARGOSJ8_IA_/install/fixposition_driver_lib:/home/rhobtor/PHD/ARGOSJ8_IA/ARGOSJ8_IA_/install/fixposition_gnss_tf:/home/rhobtor/PHD/ARGOSJ8_IA/ARGOSJ8_IA_/install/car_cpp:/home/rhobtor/PHD/ARGOSJ8_IA/ARGOSJ8_IA_/install/car_interfaces:/home/rhobtor/PHD/ARGOSJ8_IA/ARGOSJ8_IA_/install/argj801_setup:/home/rhobtor/PHD/ARGOSJ8_IA/ARGOSJ8_IA_/install/argj801_sensors:/home/rhobtor/PHD/ARGOSJ8_IA/ARGOSJ8_IA_/install/argj801_sensors_msgs:/home/rhobtor/PHD/ARGOSJ8_IA/ARGOSJ8_IA_/install/argj801_ctl_platform:/home/rhobtor/PHD/ARGOSJ8_IA/ARGOSJ8_IA_/install/argj801_ctl_platform_interfaces:/home/rhobtor/reactive/Reactive-Navegation/workspace_full_conected/install/octomap_mapping:/home/rhobtor/reactive/Reactive-Navegation/workspace_full_conected/install/octomap_server:/home/rhobtor/reactive/Reactive-Navegation/workspace_full_conected/install/octomap_rviz_plugins:/home/rhobtor/reactive/Reactive-Navegation/workspace_full_conected/install/hector_gazebo_plugins:/home/rhobtor/reactive/Reactive-Navegation/workspace_full_conected/install/car_cpp:/home/rhobtor/reactive/Reactive-Navegation/workspace_full_conected/install/car_interfaces:/home/rhobtor/PHD/ARGOSJ8_IA/ARGOSJ8_IA_/install/ntrip_client:/home/rhobtor/PHD/ARGOSJ8_IA/ARGOSJ8_IA_/install/j8_gui:/home/rhobtor/PHD/ARGOSJ8_IA/ARGOSJ8_IA_/install/car:/home/rhobtor/PHD/ARGOSJ8_IA/ARGOSJ8_IA_/install/android_ros2_server:/home/rhobtor/PHD/ARGOSJ8_IA/ARGOSJ8_IA_/install/GUI_pkg:/home/rhobtor/reactive/Reactive-Navegation/workspace_full_conected/install/car:/opt/ros/humble LD_LIBRARY_PATH=/home/rhobtor/PHD/ARGOSJ8_IA/ARGOSJ8_IA_/install/ublox_msgs/lib:/home/rhobtor/PHD/ARGOSJ8_IA/ARGOSJ8_IA_/install/security_check_interfaces/lib:/home/rhobtor/PHD/ARGOSJ8_IA/ARGOSJ8_IA_/install/path_manager_interfaces/lib:/home/rhobtor/PHD/ARGOSJ8_IA/ARGOSJ8_IA_/install/ctl_mission_interfaces/lib:/home/rhobtor/PHD/ARGOSJ8_IA/ARGOSJ8_IA_/install/wiimote_msgs/lib:/home/rhobtor/PHD/ARGOSJ8_IA/ARGOSJ8_IA_/install/ublox_gps/lib:/home/rhobtor/PHD/ARGOSJ8_IA/ARGOSJ8_IA_/install/spacenav/lib:/home/rhobtor/PHD/ARGOSJ8_IA/ARGOSJ8_IA_/install/laser_segmentation/lib:/home/rhobtor/PHD/ARGOSJ8_IA/ARGOSJ8_IA_/install/slg_msgs/lib:/home/rhobtor/PHD/ARGOSJ8_IA/ARGOSJ8_IA_/install/joy/lib:/home/rhobtor/PHD/ARGOSJ8_IA/ARGOSJ8_IA_/install/j8_xacro_model/lib:/home/rhobtor/PHD/ARGOSJ8_IA/ARGOSJ8_IA_/install/hector_gazebo_plugins/lib:/home/rhobtor/PHD/ARGOSJ8_IA/ARGOSJ8_IA_/install/fixposition_sensor_pkg/lib:/home/rhobtor/PHD/ARGOSJ8_IA/ARGOSJ8_IA_/install/fixposition_odometry_converter_ros2/lib:/home/rhobtor/PHD/ARGOSJ8_IA/ARGOSJ8_IA_/install/fixposition_driver_ros2/lib:/home/rhobtor/PHD/ARGOSJ8_IA/ARGOSJ8_IA_/install/fixposition_driver_lib/lib:/home/rhobtor/PHD/ARGOSJ8_IA/ARGOSJ8_IA_/install/fixposition_gnss_tf/lib:/home/rhobtor/PHD/ARGOSJ8_IA/ARGOSJ8_IA_/install/car_cpp/lib:/home/rhobtor/PHD/ARGOSJ8_IA/ARGOSJ8_IA_/install/car_interfaces/lib:/home/rhobtor/PHD/ARGOSJ8_IA/ARGOSJ8_IA_/install/argj801_sensors_msgs/lib:/home/rhobtor/PHD/ARGOSJ8_IA/ARGOSJ8_IA_/install/argj801_ctl_platform_interfaces/lib:/home/rhobtor/reactive/Reactive-Navegation/workspace_full_conected/install/octomap_server/lib:/home/rhobtor/reactive/Reactive-Navegation/workspace_full_conected/install/octomap_rviz_plugins/lib:/home/rhobtor/reactive/Reactive-Navegation/workspace_full_conected/install/hector_gazebo_plugins/lib:/home/rhobtor/reactive/Reactive-Navegation/workspace_full_conected/install/car_cpp/lib:/home/rhobtor/reactive/Reactive-Navegation/workspace_full_conected/install/car_interfaces/lib:/usr/lib/x86_64-linux-gnu/gazebo-11/plugins:/opt/ros/humble/opt/rviz_ogre_vendor/lib:/opt/ros/humble/lib/x86_64-linux-gnu:/opt/ros/humble/lib /usr/bin/cmake --build /home/rhobtor/PHD/ARGOSJ8_IA/ARGOSJ8_IA_/build/security_check -- -j20 -l20
[4.337s] DEBUG:colcon.colcon_core.event_handler.log_command:Invoked command in '/home/rhobtor/PHD/ARGOSJ8_IA/ARGOSJ8_IA_/build/security_check' returned '0': CMAKE_PREFIX_PATH=/home/rhobtor/PHD/ARGOSJ8_IA/ARGOSJ8_IA_/install/ctl_mission:/home/rhobtor/PHD/ARGOSJ8_IA/ARGOSJ8_IA_/install/ublox_msgs:/home/rhobtor/PHD/ARGOSJ8_IA/ARGOSJ8_IA_/install/ublox_serialization:/home/rhobtor/PHD/ARGOSJ8_IA/ARGOSJ8_IA_/install/security_check_interfaces:/home/rhobtor/PHD/ARGOSJ8_IA/ARGOSJ8_IA_/install/path_manager_interfaces:/home/rhobtor/PHD/ARGOSJ8_IA/ARGOSJ8_IA_/install/ctl_mission_interfaces:/home/rhobtor/PHD/ARGOSJ8_IA/ARGOSJ8_IA_/install/wiimote_msgs:/home/rhobtor/PHD/ARGOSJ8_IA/ARGOSJ8_IA_/install/ublox:/home/rhobtor/PHD/ARGOSJ8_IA/ARGOSJ8_IA_/install/ublox_gps:/home/rhobtor/PHD/ARGOSJ8_IA/ARGOSJ8_IA_/install/security_check:/home/rhobtor/PHD/ARGOSJ8_IA/ARGOSJ8_IA_/install/spacenav:/home/rhobtor/PHD/ARGOSJ8_IA/ARGOSJ8_IA_/install/laser_segmentation:/home/rhobtor/PHD/ARGOSJ8_IA/ARGOSJ8_IA_/install/slg_msgs:/home/rhobtor/PHD/ARGOSJ8_IA/ARGOSJ8_IA_/install/joy:/home/rhobtor/PHD/ARGOSJ8_IA/ARGOSJ8_IA_/install/sdl2_vendor:/home/rhobtor/PHD/ARGOSJ8_IA/ARGOSJ8_IA_/install/path_manager:/home/rhobtor/PHD/ARGOSJ8_IA/ARGOSJ8_IA_/install/joy_linux:/home/rhobtor/PHD/ARGOSJ8_IA/ARGOSJ8_IA_/install/j8_xacro_model:/home/rhobtor/PHD/ARGOSJ8_IA/ARGOSJ8_IA_/install/hector_gazebo_plugins:/home/rhobtor/PHD/ARGOSJ8_IA/ARGOSJ8_IA_/install/fixposition_sensor_pkg:/home/rhobtor/PHD/ARGOSJ8_IA/ARGOSJ8_IA_/install/fixposition_odometry_converter_ros2:/home/rhobtor/PHD/ARGOSJ8_IA/ARGOSJ8_IA_/install/fixposition_driver_ros2:/home/rhobtor/PHD/ARGOSJ8_IA/ARGOSJ8_IA_/install/fixposition_driver_lib:/home/rhobtor/PHD/ARGOSJ8_IA/ARGOSJ8_IA_/install/fixposition_gnss_tf:/home/rhobtor/PHD/ARGOSJ8_IA/ARGOSJ8_IA_/install/car_cpp:/home/rhobtor/PHD/ARGOSJ8_IA/ARGOSJ8_IA_/install/car_interfaces:/home/rhobtor/PHD/ARGOSJ8_IA/ARGOSJ8_IA_/install/argj801_setup:/home/rhobtor/PHD/ARGOSJ8_IA/ARGOSJ8_IA_/install/argj801_sensors:/home/rhobtor/PHD/ARGOSJ8_IA/ARGOSJ8_IA_/install/argj801_sensors_msgs:/home/rhobtor/PHD/ARGOSJ8_IA/ARGOSJ8_IA_/install/argj801_ctl_platform:/home/rhobtor/PHD/ARGOSJ8_IA/ARGOSJ8_IA_/install/argj801_ctl_platform_interfaces:/home/rhobtor/reactive/Reactive-Navegation/workspace_full_conected/install/octomap_mapping:/home/rhobtor/reactive/Reactive-Navegation/workspace_full_conected/install/octomap_server:/home/rhobtor/reactive/Reactive-Navegation/workspace_full_conected/install/octomap_rviz_plugins:/home/rhobtor/reactive/Reactive-Navegation/workspace_full_conected/install/hector_gazebo_plugins:/home/rhobtor/reactive/Reactive-Navegation/workspace_full_conected/install/car_cpp:/home/rhobtor/reactive/Reactive-Navegation/workspace_full_conected/install/car_interfaces:/home/rhobtor/PHD/ARGOSJ8_IA/ARGOSJ8_IA_/install/ntrip_client:/home/rhobtor/PHD/ARGOSJ8_IA/ARGOSJ8_IA_/install/j8_gui:/home/rhobtor/PHD/ARGOSJ8_IA/ARGOSJ8_IA_/install/car:/home/rhobtor/PHD/ARGOSJ8_IA/ARGOSJ8_IA_/install/android_ros2_server:/home/rhobtor/PHD/ARGOSJ8_IA/ARGOSJ8_IA_/install/GUI_pkg:/home/rhobtor/reactive/Reactive-Navegation/workspace_full_conected/install/car:/opt/ros/humble LD_LIBRARY_PATH=/home/rhobtor/PHD/ARGOSJ8_IA/ARGOSJ8_IA_/install/ublox_msgs/lib:/home/rhobtor/PHD/ARGOSJ8_IA/ARGOSJ8_IA_/install/security_check_interfaces/lib:/home/rhobtor/PHD/ARGOSJ8_IA/ARGOSJ8_IA_/install/path_manager_interfaces/lib:/home/rhobtor/PHD/ARGOSJ8_IA/ARGOSJ8_IA_/install/ctl_mission_interfaces/lib:/home/rhobtor/PHD/ARGOSJ8_IA/ARGOSJ8_IA_/install/wiimote_msgs/lib:/home/rhobtor/PHD/ARGOSJ8_IA/ARGOSJ8_IA_/install/ublox_gps/lib:/home/rhobtor/PHD/ARGOSJ8_IA/ARGOSJ8_IA_/install/spacenav/lib:/home/rhobtor/PHD/ARGOSJ8_IA/ARGOSJ8_IA_/install/laser_segmentation/lib:/home/rhobtor/PHD/ARGOSJ8_IA/ARGOSJ8_IA_/install/slg_msgs/lib:/home/rhobtor/PHD/ARGOSJ8_IA/ARGOSJ8_IA_/install/joy/lib:/home/rhobtor/PHD/ARGOSJ8_IA/ARGOSJ8_IA_/install/j8_xacro_model/lib:/home/rhobtor/PHD/ARGOSJ8_IA/ARGOSJ8_IA_/install/hector_gazebo_plugins/lib:/home/rhobtor/PHD/ARGOSJ8_IA/ARGOSJ8_IA_/install/fixposition_sensor_pkg/lib:/home/rhobtor/PHD/ARGOSJ8_IA/ARGOSJ8_IA_/install/fixposition_odometry_converter_ros2/lib:/home/rhobtor/PHD/ARGOSJ8_IA/ARGOSJ8_IA_/install/fixposition_driver_ros2/lib:/home/rhobtor/PHD/ARGOSJ8_IA/ARGOSJ8_IA_/install/fixposition_driver_lib/lib:/home/rhobtor/PHD/ARGOSJ8_IA/ARGOSJ8_IA_/install/fixposition_gnss_tf/lib:/home/rhobtor/PHD/ARGOSJ8_IA/ARGOSJ8_IA_/install/car_cpp/lib:/home/rhobtor/PHD/ARGOSJ8_IA/ARGOSJ8_IA_/install/car_interfaces/lib:/home/rhobtor/PHD/ARGOSJ8_IA/ARGOSJ8_IA_/install/argj801_sensors_msgs/lib:/home/rhobtor/PHD/ARGOSJ8_IA/ARGOSJ8_IA_/install/argj801_ctl_platform_interfaces/lib:/home/rhobtor/reactive/Reactive-Navegation/workspace_full_conected/install/octomap_server/lib:/home/rhobtor/reactive/Reactive-Navegation/workspace_full_conected/install/octomap_rviz_plugins/lib:/home/rhobtor/reactive/Reactive-Navegation/workspace_full_conected/install/hector_gazebo_plugins/lib:/home/rhobtor/reactive/Reactive-Navegation/workspace_full_conected/install/car_cpp/lib:/home/rhobtor/reactive/Reactive-Navegation/workspace_full_conected/install/car_interfaces/lib:/usr/lib/x86_64-linux-gnu/gazebo-11/plugins:/opt/ros/humble/opt/rviz_ogre_vendor/lib:/opt/ros/humble/lib/x86_64-linux-gnu:/opt/ros/humble/lib /usr/bin/cmake --build /home/rhobtor/PHD/ARGOSJ8_IA/ARGOSJ8_IA_/build/security_check -- -j20 -l20
[4.338s] DEBUG:colcon.colcon_core.event_handler.log_command:Invoking command in '/home/rhobtor/PHD/ARGOSJ8_IA/ARGOSJ8_IA_/build/security_check': CMAKE_PREFIX_PATH=/home/rhobtor/PHD/ARGOSJ8_IA/ARGOSJ8_IA_/install/ctl_mission:/home/rhobtor/PHD/ARGOSJ8_IA/ARGOSJ8_IA_/install/ublox_msgs:/home/rhobtor/PHD/ARGOSJ8_IA/ARGOSJ8_IA_/install/ublox_serialization:/home/rhobtor/PHD/ARGOSJ8_IA/ARGOSJ8_IA_/install/security_check_interfaces:/home/rhobtor/PHD/ARGOSJ8_IA/ARGOSJ8_IA_/install/path_manager_interfaces:/home/rhobtor/PHD/ARGOSJ8_IA/ARGOSJ8_IA_/install/ctl_mission_interfaces:/home/rhobtor/PHD/ARGOSJ8_IA/ARGOSJ8_IA_/install/wiimote_msgs:/home/rhobtor/PHD/ARGOSJ8_IA/ARGOSJ8_IA_/install/ublox:/home/rhobtor/PHD/ARGOSJ8_IA/ARGOSJ8_IA_/install/ublox_gps:/home/rhobtor/PHD/ARGOSJ8_IA/ARGOSJ8_IA_/install/security_check:/home/rhobtor/PHD/ARGOSJ8_IA/ARGOSJ8_IA_/install/spacenav:/home/rhobtor/PHD/ARGOSJ8_IA/ARGOSJ8_IA_/install/laser_segmentation:/home/rhobtor/PHD/ARGOSJ8_IA/ARGOSJ8_IA_/install/slg_msgs:/home/rhobtor/PHD/ARGOSJ8_IA/ARGOSJ8_IA_/install/joy:/home/rhobtor/PHD/ARGOSJ8_IA/ARGOSJ8_IA_/install/sdl2_vendor:/home/rhobtor/PHD/ARGOSJ8_IA/ARGOSJ8_IA_/install/path_manager:/home/rhobtor/PHD/ARGOSJ8_IA/ARGOSJ8_IA_/install/joy_linux:/home/rhobtor/PHD/ARGOSJ8_IA/ARGOSJ8_IA_/install/j8_xacro_model:/home/rhobtor/PHD/ARGOSJ8_IA/ARGOSJ8_IA_/install/hector_gazebo_plugins:/home/rhobtor/PHD/ARGOSJ8_IA/ARGOSJ8_IA_/install/fixposition_sensor_pkg:/home/rhobtor/PHD/ARGOSJ8_IA/ARGOSJ8_IA_/install/fixposition_odometry_converter_ros2:/home/rhobtor/PHD/ARGOSJ8_IA/ARGOSJ8_IA_/install/fixposition_driver_ros2:/home/rhobtor/PHD/ARGOSJ8_IA/ARGOSJ8_IA_/install/fixposition_driver_lib:/home/rhobtor/PHD/ARGOSJ8_IA/ARGOSJ8_IA_/install/fixposition_gnss_tf:/home/rhobtor/PHD/ARGOSJ8_IA/ARGOSJ8_IA_/install/car_cpp:/home/rhobtor/PHD/ARGOSJ8_IA/ARGOSJ8_IA_/install/car_interfaces:/home/rhobtor/PHD/ARGOSJ8_IA/ARGOSJ8_IA_/install/argj801_setup:/home/rhobtor/PHD/ARGOSJ8_IA/ARGOSJ8_IA_/install/argj801_sensors:/home/rhobtor/PHD/ARGOSJ8_IA/ARGOSJ8_IA_/install/argj801_sensors_msgs:/home/rhobtor/PHD/ARGOSJ8_IA/ARGOSJ8_IA_/install/argj801_ctl_platform:/home/rhobtor/PHD/ARGOSJ8_IA/ARGOSJ8_IA_/install/argj801_ctl_platform_interfaces:/home/rhobtor/reactive/Reactive-Navegation/workspace_full_conected/install/octomap_mapping:/home/rhobtor/reactive/Reactive-Navegation/workspace_full_conected/install/octomap_server:/home/rhobtor/reactive/Reactive-Navegation/workspace_full_conected/install/octomap_rviz_plugins:/home/rhobtor/reactive/Reactive-Navegation/workspace_full_conected/install/hector_gazebo_plugins:/home/rhobtor/reactive/Reactive-Navegation/workspace_full_conected/install/car_cpp:/home/rhobtor/reactive/Reactive-Navegation/workspace_full_conected/install/car_interfaces:/home/rhobtor/PHD/ARGOSJ8_IA/ARGOSJ8_IA_/install/ntrip_client:/home/rhobtor/PHD/ARGOSJ8_IA/ARGOSJ8_IA_/install/j8_gui:/home/rhobtor/PHD/ARGOSJ8_IA/ARGOSJ8_IA_/install/car:/home/rhobtor/PHD/ARGOSJ8_IA/ARGOSJ8_IA_/install/android_ros2_server:/home/rhobtor/PHD/ARGOSJ8_IA/ARGOSJ8_IA_/install/GUI_pkg:/home/rhobtor/reactive/Reactive-Navegation/workspace_full_conected/install/car:/opt/ros/humble LD_LIBRARY_PATH=/home/rhobtor/PHD/ARGOSJ8_IA/ARGOSJ8_IA_/install/ublox_msgs/lib:/home/rhobtor/PHD/ARGOSJ8_IA/ARGOSJ8_IA_/install/security_check_interfaces/lib:/home/rhobtor/PHD/ARGOSJ8_IA/ARGOSJ8_IA_/install/path_manager_interfaces/lib:/home/rhobtor/PHD/ARGOSJ8_IA/ARGOSJ8_IA_/install/ctl_mission_interfaces/lib:/home/rhobtor/PHD/ARGOSJ8_IA/ARGOSJ8_IA_/install/wiimote_msgs/lib:/home/rhobtor/PHD/ARGOSJ8_IA/ARGOSJ8_IA_/install/ublox_gps/lib:/home/rhobtor/PHD/ARGOSJ8_IA/ARGOSJ8_IA_/install/spacenav/lib:/home/rhobtor/PHD/ARGOSJ8_IA/ARGOSJ8_IA_/install/laser_segmentation/lib:/home/rhobtor/PHD/ARGOSJ8_IA/ARGOSJ8_IA_/install/slg_msgs/lib:/home/rhobtor/PHD/ARGOSJ8_IA/ARGOSJ8_IA_/install/joy/lib:/home/rhobtor/PHD/ARGOSJ8_IA/ARGOSJ8_IA_/install/j8_xacro_model/lib:/home/rhobtor/PHD/ARGOSJ8_IA/ARGOSJ8_IA_/install/hector_gazebo_plugins/lib:/home/rhobtor/PHD/ARGOSJ8_IA/ARGOSJ8_IA_/install/fixposition_sensor_pkg/lib:/home/rhobtor/PHD/ARGOSJ8_IA/ARGOSJ8_IA_/install/fixposition_odometry_converter_ros2/lib:/home/rhobtor/PHD/ARGOSJ8_IA/ARGOSJ8_IA_/install/fixposition_driver_ros2/lib:/home/rhobtor/PHD/ARGOSJ8_IA/ARGOSJ8_IA_/install/fixposition_driver_lib/lib:/home/rhobtor/PHD/ARGOSJ8_IA/ARGOSJ8_IA_/install/fixposition_gnss_tf/lib:/home/rhobtor/PHD/ARGOSJ8_IA/ARGOSJ8_IA_/install/car_cpp/lib:/home/rhobtor/PHD/ARGOSJ8_IA/ARGOSJ8_IA_/install/car_interfaces/lib:/home/rhobtor/PHD/ARGOSJ8_IA/ARGOSJ8_IA_/install/argj801_sensors_msgs/lib:/home/rhobtor/PHD/ARGOSJ8_IA/ARGOSJ8_IA_/install/argj801_ctl_platform_interfaces/lib:/home/rhobtor/reactive/Reactive-Navegation/workspace_full_conected/install/octomap_server/lib:/home/rhobtor/reactive/Reactive-Navegation/workspace_full_conected/install/octomap_rviz_plugins/lib:/home/rhobtor/reactive/Reactive-Navegation/workspace_full_conected/install/hector_gazebo_plugins/lib:/home/rhobtor/reactive/Reactive-Navegation/workspace_full_conected/install/car_cpp/lib:/home/rhobtor/reactive/Reactive-Navegation/workspace_full_conected/install/car_interfaces/lib:/usr/lib/x86_64-linux-gnu/gazebo-11/plugins:/opt/ros/humble/opt/rviz_ogre_vendor/lib:/opt/ros/humble/lib/x86_64-linux-gnu:/opt/ros/humble/lib /usr/bin/cmake --install /home/rhobtor/PHD/ARGOSJ8_IA/ARGOSJ8_IA_/build/security_check
[4.352s] Level 1:colcon.colcon_core.environment:create_environment_scripts_only(security_check)
[4.353s] Level 1:colcon.colcon_core.environment:checking '/home/rhobtor/PHD/ARGOSJ8_IA/ARGOSJ8_IA_/install/security_check' for CMake module files
[4.354s] DEBUG:colcon.colcon_core.event_handler.log_command:Invoked command in '/home/rhobtor/PHD/ARGOSJ8_IA/ARGOSJ8_IA_/build/security_check' returned '0': CMAKE_PREFIX_PATH=/home/rhobtor/PHD/ARGOSJ8_IA/ARGOSJ8_IA_/install/ctl_mission:/home/rhobtor/PHD/ARGOSJ8_IA/ARGOSJ8_IA_/install/ublox_msgs:/home/rhobtor/PHD/ARGOSJ8_IA/ARGOSJ8_IA_/install/ublox_serialization:/home/rhobtor/PHD/ARGOSJ8_IA/ARGOSJ8_IA_/install/security_check_interfaces:/home/rhobtor/PHD/ARGOSJ8_IA/ARGOSJ8_IA_/install/path_manager_interfaces:/home/rhobtor/PHD/ARGOSJ8_IA/ARGOSJ8_IA_/install/ctl_mission_interfaces:/home/rhobtor/PHD/ARGOSJ8_IA/ARGOSJ8_IA_/install/wiimote_msgs:/home/rhobtor/PHD/ARGOSJ8_IA/ARGOSJ8_IA_/install/ublox:/home/rhobtor/PHD/ARGOSJ8_IA/ARGOSJ8_IA_/install/ublox_gps:/home/rhobtor/PHD/ARGOSJ8_IA/ARGOSJ8_IA_/install/security_check:/home/rhobtor/PHD/ARGOSJ8_IA/ARGOSJ8_IA_/install/spacenav:/home/rhobtor/PHD/ARGOSJ8_IA/ARGOSJ8_IA_/install/laser_segmentation:/home/rhobtor/PHD/ARGOSJ8_IA/ARGOSJ8_IA_/install/slg_msgs:/home/rhobtor/PHD/ARGOSJ8_IA/ARGOSJ8_IA_/install/joy:/home/rhobtor/PHD/ARGOSJ8_IA/ARGOSJ8_IA_/install/sdl2_vendor:/home/rhobtor/PHD/ARGOSJ8_IA/ARGOSJ8_IA_/install/path_manager:/home/rhobtor/PHD/ARGOSJ8_IA/ARGOSJ8_IA_/install/joy_linux:/home/rhobtor/PHD/ARGOSJ8_IA/ARGOSJ8_IA_/install/j8_xacro_model:/home/rhobtor/PHD/ARGOSJ8_IA/ARGOSJ8_IA_/install/hector_gazebo_plugins:/home/rhobtor/PHD/ARGOSJ8_IA/ARGOSJ8_IA_/install/fixposition_sensor_pkg:/home/rhobtor/PHD/ARGOSJ8_IA/ARGOSJ8_IA_/install/fixposition_odometry_converter_ros2:/home/rhobtor/PHD/ARGOSJ8_IA/ARGOSJ8_IA_/install/fixposition_driver_ros2:/home/rhobtor/PHD/ARGOSJ8_IA/ARGOSJ8_IA_/install/fixposition_driver_lib:/home/rhobtor/PHD/ARGOSJ8_IA/ARGOSJ8_IA_/install/fixposition_gnss_tf:/home/rhobtor/PHD/ARGOSJ8_IA/ARGOSJ8_IA_/install/car_cpp:/home/rhobtor/PHD/ARGOSJ8_IA/ARGOSJ8_IA_/install/car_interfaces:/home/rhobtor/PHD/ARGOSJ8_IA/ARGOSJ8_IA_/install/argj801_setup:/home/rhobtor/PHD/ARGOSJ8_IA/ARGOSJ8_IA_/install/argj801_sensors:/home/rhobtor/PHD/ARGOSJ8_IA/ARGOSJ8_IA_/install/argj801_sensors_msgs:/home/rhobtor/PHD/ARGOSJ8_IA/ARGOSJ8_IA_/install/argj801_ctl_platform:/home/rhobtor/PHD/ARGOSJ8_IA/ARGOSJ8_IA_/install/argj801_ctl_platform_interfaces:/home/rhobtor/reactive/Reactive-Navegation/workspace_full_conected/install/octomap_mapping:/home/rhobtor/reactive/Reactive-Navegation/workspace_full_conected/install/octomap_server:/home/rhobtor/reactive/Reactive-Navegation/workspace_full_conected/install/octomap_rviz_plugins:/home/rhobtor/reactive/Reactive-Navegation/workspace_full_conected/install/hector_gazebo_plugins:/home/rhobtor/reactive/Reactive-Navegation/workspace_full_conected/install/car_cpp:/home/rhobtor/reactive/Reactive-Navegation/workspace_full_conected/install/car_interfaces:/home/rhobtor/PHD/ARGOSJ8_IA/ARGOSJ8_IA_/install/ntrip_client:/home/rhobtor/PHD/ARGOSJ8_IA/ARGOSJ8_IA_/install/j8_gui:/home/rhobtor/PHD/ARGOSJ8_IA/ARGOSJ8_IA_/install/car:/home/rhobtor/PHD/ARGOSJ8_IA/ARGOSJ8_IA_/install/android_ros2_server:/home/rhobtor/PHD/ARGOSJ8_IA/ARGOSJ8_IA_/install/GUI_pkg:/home/rhobtor/reactive/Reactive-Navegation/workspace_full_conected/install/car:/opt/ros/humble LD_LIBRARY_PATH=/home/rhobtor/PHD/ARGOSJ8_IA/ARGOSJ8_IA_/install/ublox_msgs/lib:/home/rhobtor/PHD/ARGOSJ8_IA/ARGOSJ8_IA_/install/security_check_interfaces/lib:/home/rhobtor/PHD/ARGOSJ8_IA/ARGOSJ8_IA_/install/path_manager_interfaces/lib:/home/rhobtor/PHD/ARGOSJ8_IA/ARGOSJ8_IA_/install/ctl_mission_interfaces/lib:/home/rhobtor/PHD/ARGOSJ8_IA/ARGOSJ8_IA_/install/wiimote_msgs/lib:/home/rhobtor/PHD/ARGOSJ8_IA/ARGOSJ8_IA_/install/ublox_gps/lib:/home/rhobtor/PHD/ARGOSJ8_IA/ARGOSJ8_IA_/install/spacenav/lib:/home/rhobtor/PHD/ARGOSJ8_IA/ARGOSJ8_IA_/install/laser_segmentation/lib:/home/rhobtor/PHD/ARGOSJ8_IA/ARGOSJ8_IA_/install/slg_msgs/lib:/home/rhobtor/PHD/ARGOSJ8_IA/ARGOSJ8_IA_/install/joy/lib:/home/rhobtor/PHD/ARGOSJ8_IA/ARGOSJ8_IA_/install/j8_xacro_model/lib:/home/rhobtor/PHD/ARGOSJ8_IA/ARGOSJ8_IA_/install/hector_gazebo_plugins/lib:/home/rhobtor/PHD/ARGOSJ8_IA/ARGOSJ8_IA_/install/fixposition_sensor_pkg/lib:/home/rhobtor/PHD/ARGOSJ8_IA/ARGOSJ8_IA_/install/fixposition_odometry_converter_ros2/lib:/home/rhobtor/PHD/ARGOSJ8_IA/ARGOSJ8_IA_/install/fixposition_driver_ros2/lib:/home/rhobtor/PHD/ARGOSJ8_IA/ARGOSJ8_IA_/install/fixposition_driver_lib/lib:/home/rhobtor/PHD/ARGOSJ8_IA/ARGOSJ8_IA_/install/fixposition_gnss_tf/lib:/home/rhobtor/PHD/ARGOSJ8_IA/ARGOSJ8_IA_/install/car_cpp/lib:/home/rhobtor/PHD/ARGOSJ8_IA/ARGOSJ8_IA_/install/car_interfaces/lib:/home/rhobtor/PHD/ARGOSJ8_IA/ARGOSJ8_IA_/install/argj801_sensors_msgs/lib:/home/rhobtor/PHD/ARGOSJ8_IA/ARGOSJ8_IA_/install/argj801_ctl_platform_interfaces/lib:/home/rhobtor/reactive/Reactive-Navegation/workspace_full_conected/install/octomap_server/lib:/home/rhobtor/reactive/Reactive-Navegation/workspace_full_conected/install/octomap_rviz_plugins/lib:/home/rhobtor/reactive/Reactive-Navegation/workspace_full_conected/install/hector_gazebo_plugins/lib:/home/rhobtor/reactive/Reactive-Navegation/workspace_full_conected/install/car_cpp/lib:/home/rhobtor/reactive/Reactive-Navegation/workspace_full_conected/install/car_interfaces/lib:/usr/lib/x86_64-linux-gnu/gazebo-11/plugins:/opt/ros/humble/opt/rviz_ogre_vendor/lib:/opt/ros/humble/lib/x86_64-linux-gnu:/opt/ros/humble/lib /usr/bin/cmake --install /home/rhobtor/PHD/ARGOSJ8_IA/ARGOSJ8_IA_/build/security_check
[4.354s] Level 1:colcon.colcon_core.environment:checking '/home/rhobtor/PHD/ARGOSJ8_IA/ARGOSJ8_IA_/install/security_check' for CMake config files
[4.354s] Level 1:colcon.colcon_core.shell:create_environment_hook('security_check', 'cmake_prefix_path')
[4.355s] INFO:colcon.colcon_core.shell:Creating environment hook '/home/rhobtor/PHD/ARGOSJ8_IA/ARGOSJ8_IA_/install/security_check/share/security_check/hook/cmake_prefix_path.ps1'
[4.356s] INFO:colcon.colcon_core.shell:Creating environment descriptor '/home/rhobtor/PHD/ARGOSJ8_IA/ARGOSJ8_IA_/install/security_check/share/security_check/hook/cmake_prefix_path.dsv'
[4.356s] INFO:colcon.colcon_core.shell:Creating environment hook '/home/rhobtor/PHD/ARGOSJ8_IA/ARGOSJ8_IA_/install/security_check/share/security_check/hook/cmake_prefix_path.sh'
[4.357s] Level 1:colcon.colcon_core.environment:checking '/home/rhobtor/PHD/ARGOSJ8_IA/ARGOSJ8_IA_/install/security_check/lib'
[4.357s] Level 1:colcon.colcon_core.environment:checking '/home/rhobtor/PHD/ARGOSJ8_IA/ARGOSJ8_IA_/install/security_check/bin'
[4.357s] Level 1:colcon.colcon_core.environment:checking '/home/rhobtor/PHD/ARGOSJ8_IA/ARGOSJ8_IA_/install/security_check/lib/pkgconfig/security_check.pc'
[4.357s] Level 1:colcon.colcon_core.environment:checking '/home/rhobtor/PHD/ARGOSJ8_IA/ARGOSJ8_IA_/install/security_check/lib/python3.10/site-packages'
[4.358s] Level 1:colcon.colcon_core.environment:checking '/home/rhobtor/PHD/ARGOSJ8_IA/ARGOSJ8_IA_/install/security_check/bin'
[4.358s] INFO:colcon.colcon_core.shell:Creating package script '/home/rhobtor/PHD/ARGOSJ8_IA/ARGOSJ8_IA_/install/security_check/share/security_check/package.ps1'
[4.359s] INFO:colcon.colcon_core.shell:Creating package descriptor '/home/rhobtor/PHD/ARGOSJ8_IA/ARGOSJ8_IA_/install/security_check/share/security_check/package.dsv'
[4.359s] INFO:colcon.colcon_core.shell:Creating package script '/home/rhobtor/PHD/ARGOSJ8_IA/ARGOSJ8_IA_/install/security_check/share/security_check/package.sh'
[4.360s] INFO:colcon.colcon_core.shell:Creating package script '/home/rhobtor/PHD/ARGOSJ8_IA/ARGOSJ8_IA_/install/security_check/share/security_check/package.bash'
[4.373s] INFO:colcon.colcon_core.shell:Creating package script '/home/rhobtor/PHD/ARGOSJ8_IA/ARGOSJ8_IA_/install/security_check/share/security_check/package.zsh'
[4.374s] Level 1:colcon.colcon_core.environment:create_file_with_runtime_dependencies(/home/rhobtor/PHD/ARGOSJ8_IA/ARGOSJ8_IA_/install/security_check/share/colcon-core/packages/security_check)
[4.374s] Level 1:colcon.colcon_core.environment:create_environment_scripts_only(security_check)
[4.375s] Level 1:colcon.colcon_core.environment:checking '/home/rhobtor/PHD/ARGOSJ8_IA/ARGOSJ8_IA_/install/security_check' for CMake module files
[4.375s] Level 1:colcon.colcon_core.environment:checking '/home/rhobtor/PHD/ARGOSJ8_IA/ARGOSJ8_IA_/install/security_check' for CMake config files
[4.375s] Level 1:colcon.colcon_core.shell:create_environment_hook('security_check', 'cmake_prefix_path')
[4.375s] INFO:colcon.colcon_core.shell:Creating environment hook '/home/rhobtor/PHD/ARGOSJ8_IA/ARGOSJ8_IA_/install/security_check/share/security_check/hook/cmake_prefix_path.ps1'
[4.375s] INFO:colcon.colcon_core.shell:Creating environment descriptor '/home/rhobtor/PHD/ARGOSJ8_IA/ARGOSJ8_IA_/install/security_check/share/security_check/hook/cmake_prefix_path.dsv'
[4.376s] INFO:colcon.colcon_core.shell:Creating environment hook '/home/rhobtor/PHD/ARGOSJ8_IA/ARGOSJ8_IA_/install/security_check/share/security_check/hook/cmake_prefix_path.sh'
[4.376s] Level 1:colcon.colcon_core.environment:checking '/home/rhobtor/PHD/ARGOSJ8_IA/ARGOSJ8_IA_/install/security_check/lib'
[4.376s] Level 1:colcon.colcon_core.environment:checking '/home/rhobtor/PHD/ARGOSJ8_IA/ARGOSJ8_IA_/install/security_check/bin'
[4.376s] Level 1:colcon.colcon_core.environment:checking '/home/rhobtor/PHD/ARGOSJ8_IA/ARGOSJ8_IA_/install/security_check/lib/pkgconfig/security_check.pc'
[4.376s] Level 1:colcon.colcon_core.environment:checking '/home/rhobtor/PHD/ARGOSJ8_IA/ARGOSJ8_IA_/install/security_check/lib/python3.10/site-packages'
[4.376s] Level 1:colcon.colcon_core.environment:checking '/home/rhobtor/PHD/ARGOSJ8_IA/ARGOSJ8_IA_/install/security_check/bin'
[4.377s] INFO:colcon.colcon_core.shell:Creating package script '/home/rhobtor/PHD/ARGOSJ8_IA/ARGOSJ8_IA_/install/security_check/share/security_check/package.ps1'
[4.377s] INFO:colcon.colcon_core.shell:Creating package descriptor '/home/rhobtor/PHD/ARGOSJ8_IA/ARGOSJ8_IA_/install/security_check/share/security_check/package.dsv'
[4.377s] INFO:colcon.colcon_core.shell:Creating package script '/home/rhobtor/PHD/ARGOSJ8_IA/ARGOSJ8_IA_/install/security_check/share/security_check/package.sh'
[4.377s] INFO:colcon.colcon_core.shell:Creating package script '/home/rhobtor/PHD/ARGOSJ8_IA/ARGOSJ8_IA_/install/security_check/share/security_check/package.bash'
[4.404s] INFO:colcon.colcon_core.shell:Creating package script '/home/rhobtor/PHD/ARGOSJ8_IA/ARGOSJ8_IA_/install/security_check/share/security_check/package.zsh'
[4.405s] Level 1:colcon.colcon_core.environment:create_file_with_runtime_dependencies(/home/rhobtor/PHD/ARGOSJ8_IA/ARGOSJ8_IA_/install/security_check/share/colcon-core/packages/security_check)
[5.810s] DEBUG:colcon.colcon_core.event_handler.log_command:Invoking command in '/home/rhobtor/PHD/ARGOSJ8_IA/ARGOSJ8_IA_/src/android_ros2_server': PYTHONPATH=/home/rhobtor/PHD/ARGOSJ8_IA/ARGOSJ8_IA_/build/android_ros2_server/prefix_override:/usr/lib/python3/dist-packages/colcon_core/task/python/colcon_distutils_commands:/home/rhobtor/PHD/ARGOSJ8_IA/ARGOSJ8_IA_/install/android_ros2_server/lib/python3.10/site-packages:${PYTHONPATH} /usr/bin/python3 -W ignore:setup.py install is deprecated -W ignore:easy_install command is deprecated setup.py egg_info --egg-base ../../build/android_ros2_server build --build-base /home/rhobtor/PHD/ARGOSJ8_IA/ARGOSJ8_IA_/build/android_ros2_server/build install --record /home/rhobtor/PHD/ARGOSJ8_IA/ARGOSJ8_IA_/build/android_ros2_server/install.log --single-version-externally-managed install_data
[5.814s] DEBUG:colcon.colcon_core.event_handler.log_command:Invoking command in '/home/rhobtor/PHD/ARGOSJ8_IA/ARGOSJ8_IA_/src/test_gui_j8/src/j8_gui': PYTHONPATH=/home/rhobtor/PHD/ARGOSJ8_IA/ARGOSJ8_IA_/build/j8_gui/prefix_override:/usr/lib/python3/dist-packages/colcon_core/task/python/colcon_distutils_commands:/home/rhobtor/PHD/ARGOSJ8_IA/ARGOSJ8_IA_/install/j8_gui/lib/python3.10/site-packages:${PYTHONPATH} /usr/bin/python3 -W ignore:setup.py install is deprecated -W ignore:easy_install command is deprecated setup.py egg_info --egg-base ../../../../build/j8_gui build --build-base /home/rhobtor/PHD/ARGOSJ8_IA/ARGOSJ8_IA_/build/j8_gui/build install --record /home/rhobtor/PHD/ARGOSJ8_IA/ARGOSJ8_IA_/build/j8_gui/install.log --single-version-externally-managed install_data
[5.817s] DEBUG:colcon.colcon_core.event_handler.log_command:Invoking command in '/home/rhobtor/PHD/ARGOSJ8_IA/ARGOSJ8_IA_/src/argo_drivers_pkgs/ntrip_client': PYTHONPATH=/home/rhobtor/PHD/ARGOSJ8_IA/ARGOSJ8_IA_/build/ntrip_client/prefix_override:/usr/lib/python3/dist-packages/colcon_core/task/python/colcon_distutils_commands:/home/rhobtor/PHD/ARGOSJ8_IA/ARGOSJ8_IA_/install/ntrip_client/lib/python3.10/site-packages:${PYTHONPATH} /usr/bin/python3 -W ignore:setup.py install is deprecated -W ignore:easy_install command is deprecated setup.py egg_info --egg-base ../../../build/ntrip_client build --build-base /home/rhobtor/PHD/ARGOSJ8_IA/ARGOSJ8_IA_/build/ntrip_client/build install --record /home/rhobtor/PHD/ARGOSJ8_IA/ARGOSJ8_IA_/build/ntrip_client/install.log --single-version-externally-managed install_data
[5.823s] DEBUG:colcon.colcon_core.event_handler.log_command:Invoking command in '/home/rhobtor/PHD/ARGOSJ8_IA/ARGOSJ8_IA_/src/GUI_pkg': PYTHONPATH=/home/rhobtor/PHD/ARGOSJ8_IA/ARGOSJ8_IA_/build/GUI_pkg/prefix_override:/usr/lib/python3/dist-packages/colcon_core/task/python/colcon_distutils_commands:/home/rhobtor/PHD/ARGOSJ8_IA/ARGOSJ8_IA_/install/GUI_pkg/lib/python3.10/site-packages:${PYTHONPATH} /usr/bin/python3 -W ignore:setup.py install is deprecated -W ignore:easy_install command is deprecated setup.py egg_info --egg-base ../../build/GUI_pkg build --build-base /home/rhobtor/PHD/ARGOSJ8_IA/ARGOSJ8_IA_/build/GUI_pkg/build install --record /home/rhobtor/PHD/ARGOSJ8_IA/ARGOSJ8_IA_/build/GUI_pkg/install.log --single-version-externally-managed
[5.831s] DEBUG:colcon.colcon_core.event_handler.log_command:Invoking command in '/home/rhobtor/PHD/ARGOSJ8_IA/ARGOSJ8_IA_/src/car_python': CMAKE_PREFIX_PATH=/home/rhobtor/PHD/ARGOSJ8_IA/ARGOSJ8_IA_/install/car_interfaces:/home/rhobtor/PHD/ARGOSJ8_IA/ARGOSJ8_IA_/install/argj801_ctl_platform_interfaces:/home/rhobtor/PHD/ARGOSJ8_IA/ARGOSJ8_IA_/install/wiimote_msgs:/home/rhobtor/PHD/ARGOSJ8_IA/ARGOSJ8_IA_/install/ublox:/home/rhobtor/PHD/ARGOSJ8_IA/ARGOSJ8_IA_/install/ublox_gps:/home/rhobtor/PHD/ARGOSJ8_IA/ARGOSJ8_IA_/install/security_check:/home/rhobtor/PHD/ARGOSJ8_IA/ARGOSJ8_IA_/install/ctl_mission:/home/rhobtor/PHD/ARGOSJ8_IA/ARGOSJ8_IA_/install/ublox_msgs:/home/rhobtor/PHD/ARGOSJ8_IA/ARGOSJ8_IA_/install/ublox_serialization:/home/rhobtor/PHD/ARGOSJ8_IA/ARGOSJ8_IA_/install/spacenav:/home/rhobtor/PHD/ARGOSJ8_IA/ARGOSJ8_IA_/install/laser_segmentation:/home/rhobtor/PHD/ARGOSJ8_IA/ARGOSJ8_IA_/install/slg_msgs:/home/rhobtor/PHD/ARGOSJ8_IA/ARGOSJ8_IA_/install/security_check_interfaces:/home/rhobtor/PHD/ARGOSJ8_IA/ARGOSJ8_IA_/install/joy:/home/rhobtor/PHD/ARGOSJ8_IA/ARGOSJ8_IA_/install/sdl2_vendor:/home/rhobtor/PHD/ARGOSJ8_IA/ARGOSJ8_IA_/install/path_manager:/home/rhobtor/PHD/ARGOSJ8_IA/ARGOSJ8_IA_/install/path_manager_interfaces:/home/rhobtor/PHD/ARGOSJ8_IA/ARGOSJ8_IA_/install/joy_linux:/home/rhobtor/PHD/ARGOSJ8_IA/ARGOSJ8_IA_/install/j8_xacro_model:/home/rhobtor/PHD/ARGOSJ8_IA/ARGOSJ8_IA_/install/hector_gazebo_plugins:/home/rhobtor/PHD/ARGOSJ8_IA/ARGOSJ8_IA_/install/fixposition_sensor_pkg:/home/rhobtor/PHD/ARGOSJ8_IA/ARGOSJ8_IA_/install/fixposition_odometry_converter_ros2:/home/rhobtor/PHD/ARGOSJ8_IA/ARGOSJ8_IA_/install/fixposition_driver_ros2:/home/rhobtor/PHD/ARGOSJ8_IA/ARGOSJ8_IA_/install/fixposition_driver_lib:/home/rhobtor/PHD/ARGOSJ8_IA/ARGOSJ8_IA_/install/fixposition_gnss_tf:/home/rhobtor/PHD/ARGOSJ8_IA/ARGOSJ8_IA_/install/ctl_mission_interfaces:/home/rhobtor/PHD/ARGOSJ8_IA/ARGOSJ8_IA_/install/car_cpp:/home/rhobtor/PHD/ARGOSJ8_IA/ARGOSJ8_IA_/install/argj801_setup:/home/rhobtor/PHD/ARGOSJ8_IA/ARGOSJ8_IA_/install/argj801_sensors:/home/rhobtor/PHD/ARGOSJ8_IA/ARGOSJ8_IA_/install/argj801_sensors_msgs:/home/rhobtor/PHD/ARGOSJ8_IA/ARGOSJ8_IA_/install/argj801_ctl_platform:/home/rhobtor/reactive/Reactive-Navegation/workspace_full_conected/install/octomap_mapping:/home/rhobtor/reactive/Reactive-Navegation/workspace_full_conected/install/octomap_server:/home/rhobtor/reactive/Reactive-Navegation/workspace_full_conected/install/octomap_rviz_plugins:/home/rhobtor/reactive/Reactive-Navegation/workspace_full_conected/install/hector_gazebo_plugins:/home/rhobtor/reactive/Reactive-Navegation/workspace_full_conected/install/car_cpp:/home/rhobtor/reactive/Reactive-Navegation/workspace_full_conected/install/car_interfaces LD_LIBRARY_PATH=/home/rhobtor/PHD/ARGOSJ8_IA/ARGOSJ8_IA_/install/car_interfaces/lib:/home/rhobtor/PHD/ARGOSJ8_IA/ARGOSJ8_IA_/install/argj801_ctl_platform_interfaces/lib:/home/rhobtor/PHD/ARGOSJ8_IA/ARGOSJ8_IA_/install/wiimote_msgs/lib:/home/rhobtor/PHD/ARGOSJ8_IA/ARGOSJ8_IA_/install/ublox_gps/lib:/home/rhobtor/PHD/ARGOSJ8_IA/ARGOSJ8_IA_/install/ublox_msgs/lib:/home/rhobtor/PHD/ARGOSJ8_IA/ARGOSJ8_IA_/install/spacenav/lib:/home/rhobtor/PHD/ARGOSJ8_IA/ARGOSJ8_IA_/install/laser_segmentation/lib:/home/rhobtor/PHD/ARGOSJ8_IA/ARGOSJ8_IA_/install/slg_msgs/lib:/home/rhobtor/PHD/ARGOSJ8_IA/ARGOSJ8_IA_/install/security_check_interfaces/lib:/home/rhobtor/PHD/ARGOSJ8_IA/ARGOSJ8_IA_/install/joy/lib:/home/rhobtor/PHD/ARGOSJ8_IA/ARGOSJ8_IA_/install/path_manager_interfaces/lib:/home/rhobtor/PHD/ARGOSJ8_IA/ARGOSJ8_IA_/install/j8_xacro_model/lib:/home/rhobtor/PHD/ARGOSJ8_IA/ARGOSJ8_IA_/install/hector_gazebo_plugins/lib:/home/rhobtor/PHD/ARGOSJ8_IA/ARGOSJ8_IA_/install/fixposition_sensor_pkg/lib:/home/rhobtor/PHD/ARGOSJ8_IA/ARGOSJ8_IA_/install/fixposition_odometry_converter_ros2/lib:/home/rhobtor/PHD/ARGOSJ8_IA/ARGOSJ8_IA_/install/fixposition_driver_ros2/lib:/home/rhobtor/PHD/ARGOSJ8_IA/ARGOSJ8_IA_/install/fixposition_driver_lib/lib:/home/rhobtor/PHD/ARGOSJ8_IA/ARGOSJ8_IA_/install/fixposition_gnss_tf/lib:/home/rhobtor/PHD/ARGOSJ8_IA/ARGOSJ8_IA_/install/ctl_mission_interfaces/lib:/home/rhobtor/PHD/ARGOSJ8_IA/ARGOSJ8_IA_/install/car_cpp/lib:/home/rhobtor/PHD/ARGOSJ8_IA/ARGOSJ8_IA_/install/argj801_sensors_msgs/lib:/home/rhobtor/reactive/Reactive-Navegation/workspace_full_conected/install/octomap_server/lib:/home/rhobtor/reactive/Reactive-Navegation/workspace_full_conected/install/octomap_rviz_plugins/lib:/home/rhobtor/reactive/Reactive-Navegation/workspace_full_conected/install/hector_gazebo_plugins/lib:/home/rhobtor/reactive/Reactive-Navegation/workspace_full_conected/install/car_cpp/lib:/home/rhobtor/reactive/Reactive-Navegation/workspace_full_conected/install/car_interfaces/lib:/usr/lib/x86_64-linux-gnu/gazebo-11/plugins:/opt/ros/humble/opt/rviz_ogre_vendor/lib:/opt/ros/humble/lib/x86_64-linux-gnu:/opt/ros/humble/lib PYTHONPATH=/home/rhobtor/PHD/ARGOSJ8_IA/ARGOSJ8_IA_/build/car/prefix_override:/usr/lib/python3/dist-packages/colcon_core/task/python/colcon_distutils_commands:/home/rhobtor/PHD/ARGOSJ8_IA/ARGOSJ8_IA_/install/car/lib/python3.10/site-packages:${PYTHONPATH} /usr/bin/python3 -W ignore:setup.py install is deprecated -W ignore:easy_install command is deprecated setup.py egg_info --egg-base ../../build/car build --build-base /home/rhobtor/PHD/ARGOSJ8_IA/ARGOSJ8_IA_/build/car/build install --record /home/rhobtor/PHD/ARGOSJ8_IA/ARGOSJ8_IA_/build/car/install.log --single-version-externally-managed install_data
[6.191s] Level 1:colcon.colcon_core.environment:checking '/home/rhobtor/PHD/ARGOSJ8_IA/ARGOSJ8_IA_/install/GUI_pkg' for CMake module files
[6.191s] DEBUG:colcon.colcon_core.event_handler.log_command:Invoked command in '/home/rhobtor/PHD/ARGOSJ8_IA/ARGOSJ8_IA_/src/GUI_pkg' returned '0': PYTHONPATH=/home/rhobtor/PHD/ARGOSJ8_IA/ARGOSJ8_IA_/build/GUI_pkg/prefix_override:/usr/lib/python3/dist-packages/colcon_core/task/python/colcon_distutils_commands:/home/rhobtor/PHD/ARGOSJ8_IA/ARGOSJ8_IA_/install/GUI_pkg/lib/python3.10/site-packages:${PYTHONPATH} /usr/bin/python3 -W ignore:setup.py install is deprecated -W ignore:easy_install command is deprecated setup.py egg_info --egg-base ../../build/GUI_pkg build --build-base /home/rhobtor/PHD/ARGOSJ8_IA/ARGOSJ8_IA_/build/GUI_pkg/build install --record /home/rhobtor/PHD/ARGOSJ8_IA/ARGOSJ8_IA_/build/GUI_pkg/install.log --single-version-externally-managed
[6.191s] Level 1:colcon.colcon_core.environment:checking '/home/rhobtor/PHD/ARGOSJ8_IA/ARGOSJ8_IA_/install/GUI_pkg' for CMake config files
[6.192s] Level 1:colcon.colcon_core.environment:checking '/home/rhobtor/PHD/ARGOSJ8_IA/ARGOSJ8_IA_/install/GUI_pkg/lib'
[6.192s] Level 1:colcon.colcon_core.environment:checking '/home/rhobtor/PHD/ARGOSJ8_IA/ARGOSJ8_IA_/install/GUI_pkg/bin'
[6.192s] Level 1:colcon.colcon_core.environment:checking '/home/rhobtor/PHD/ARGOSJ8_IA/ARGOSJ8_IA_/install/GUI_pkg/lib/pkgconfig/GUI_pkg.pc'
[6.192s] Level 1:colcon.colcon_core.environment:checking '/home/rhobtor/PHD/ARGOSJ8_IA/ARGOSJ8_IA_/install/GUI_pkg/lib/python3.10/site-packages'
[6.192s] Level 1:colcon.colcon_core.shell:create_environment_hook('GUI_pkg', 'pythonpath')
[6.192s] INFO:colcon.colcon_core.shell:Creating environment hook '/home/rhobtor/PHD/ARGOSJ8_IA/ARGOSJ8_IA_/install/GUI_pkg/share/GUI_pkg/hook/pythonpath.ps1'
[6.193s] INFO:colcon.colcon_core.shell:Creating environment descriptor '/home/rhobtor/PHD/ARGOSJ8_IA/ARGOSJ8_IA_/install/GUI_pkg/share/GUI_pkg/hook/pythonpath.dsv'
[6.193s] INFO:colcon.colcon_core.shell:Creating environment hook '/home/rhobtor/PHD/ARGOSJ8_IA/ARGOSJ8_IA_/install/GUI_pkg/share/GUI_pkg/hook/pythonpath.sh'
[6.194s] Level 1:colcon.colcon_core.environment:checking '/home/rhobtor/PHD/ARGOSJ8_IA/ARGOSJ8_IA_/install/GUI_pkg/bin'
[6.194s] Level 1:colcon.colcon_core.environment:create_environment_scripts_only(GUI_pkg)
[6.194s] INFO:colcon.colcon_core.shell:Creating package script '/home/rhobtor/PHD/ARGOSJ8_IA/ARGOSJ8_IA_/install/GUI_pkg/share/GUI_pkg/package.ps1'
[6.194s] INFO:colcon.colcon_core.shell:Creating package descriptor '/home/rhobtor/PHD/ARGOSJ8_IA/ARGOSJ8_IA_/install/GUI_pkg/share/GUI_pkg/package.dsv'
[6.195s] INFO:colcon.colcon_core.shell:Creating package script '/home/rhobtor/PHD/ARGOSJ8_IA/ARGOSJ8_IA_/install/GUI_pkg/share/GUI_pkg/package.sh'
[6.195s] INFO:colcon.colcon_core.shell:Creating package script '/home/rhobtor/PHD/ARGOSJ8_IA/ARGOSJ8_IA_/install/GUI_pkg/share/GUI_pkg/package.bash'
[6.208s] INFO:colcon.colcon_core.shell:Creating package script '/home/rhobtor/PHD/ARGOSJ8_IA/ARGOSJ8_IA_/install/GUI_pkg/share/GUI_pkg/package.zsh'
[6.208s] Level 1:colcon.colcon_core.environment:create_file_with_runtime_dependencies(/home/rhobtor/PHD/ARGOSJ8_IA/ARGOSJ8_IA_/install/GUI_pkg/share/colcon-core/packages/GUI_pkg)
[6.210s] Level 1:colcon.colcon_core.environment:checking '/home/rhobtor/PHD/ARGOSJ8_IA/ARGOSJ8_IA_/install/android_ros2_server' for CMake module files
[6.211s] DEBUG:colcon.colcon_core.event_handler.log_command:Invoked command in '/home/rhobtor/PHD/ARGOSJ8_IA/ARGOSJ8_IA_/src/android_ros2_server' returned '0': PYTHONPATH=/home/rhobtor/PHD/ARGOSJ8_IA/ARGOSJ8_IA_/build/android_ros2_server/prefix_override:/usr/lib/python3/dist-packages/colcon_core/task/python/colcon_distutils_commands:/home/rhobtor/PHD/ARGOSJ8_IA/ARGOSJ8_IA_/install/android_ros2_server/lib/python3.10/site-packages:${PYTHONPATH} /usr/bin/python3 -W ignore:setup.py install is deprecated -W ignore:easy_install command is deprecated setup.py egg_info --egg-base ../../build/android_ros2_server build --build-base /home/rhobtor/PHD/ARGOSJ8_IA/ARGOSJ8_IA_/build/android_ros2_server/build install --record /home/rhobtor/PHD/ARGOSJ8_IA/ARGOSJ8_IA_/build/android_ros2_server/install.log --single-version-externally-managed install_data
[6.211s] Level 1:colcon.colcon_core.environment:checking '/home/rhobtor/PHD/ARGOSJ8_IA/ARGOSJ8_IA_/install/android_ros2_server' for CMake config files
[6.211s] Level 1:colcon.colcon_core.environment:checking '/home/rhobtor/PHD/ARGOSJ8_IA/ARGOSJ8_IA_/install/android_ros2_server/lib'
[6.211s] Level 1:colcon.colcon_core.environment:checking '/home/rhobtor/PHD/ARGOSJ8_IA/ARGOSJ8_IA_/install/android_ros2_server/bin'
[6.211s] Level 1:colcon.colcon_core.environment:checking '/home/rhobtor/PHD/ARGOSJ8_IA/ARGOSJ8_IA_/install/android_ros2_server/lib/pkgconfig/android_ros2_server.pc'
[6.211s] Level 1:colcon.colcon_core.environment:checking '/home/rhobtor/PHD/ARGOSJ8_IA/ARGOSJ8_IA_/install/android_ros2_server/lib/python3.10/site-packages'
[6.211s] Level 1:colcon.colcon_core.shell:create_environment_hook('android_ros2_server', 'pythonpath')
[6.212s] INFO:colcon.colcon_core.shell:Creating environment hook '/home/rhobtor/PHD/ARGOSJ8_IA/ARGOSJ8_IA_/install/android_ros2_server/share/android_ros2_server/hook/pythonpath.ps1'
[6.212s] INFO:colcon.colcon_core.shell:Creating environment descriptor '/home/rhobtor/PHD/ARGOSJ8_IA/ARGOSJ8_IA_/install/android_ros2_server/share/android_ros2_server/hook/pythonpath.dsv'
[6.212s] INFO:colcon.colcon_core.shell:Creating environment hook '/home/rhobtor/PHD/ARGOSJ8_IA/ARGOSJ8_IA_/install/android_ros2_server/share/android_ros2_server/hook/pythonpath.sh'
[6.213s] Level 1:colcon.colcon_core.environment:checking '/home/rhobtor/PHD/ARGOSJ8_IA/ARGOSJ8_IA_/install/android_ros2_server/bin'
[6.213s] Level 1:colcon.colcon_core.environment:create_environment_scripts_only(android_ros2_server)
[6.213s] INFO:colcon.colcon_core.shell:Creating package script '/home/rhobtor/PHD/ARGOSJ8_IA/ARGOSJ8_IA_/install/android_ros2_server/share/android_ros2_server/package.ps1'
[6.213s] INFO:colcon.colcon_core.shell:Creating package descriptor '/home/rhobtor/PHD/ARGOSJ8_IA/ARGOSJ8_IA_/install/android_ros2_server/share/android_ros2_server/package.dsv'
[6.214s] INFO:colcon.colcon_core.shell:Creating package script '/home/rhobtor/PHD/ARGOSJ8_IA/ARGOSJ8_IA_/install/android_ros2_server/share/android_ros2_server/package.sh'
[6.214s] INFO:colcon.colcon_core.shell:Creating package script '/home/rhobtor/PHD/ARGOSJ8_IA/ARGOSJ8_IA_/install/android_ros2_server/share/android_ros2_server/package.bash'
[6.214s] INFO:colcon.colcon_core.shell:Creating package script '/home/rhobtor/PHD/ARGOSJ8_IA/ARGOSJ8_IA_/install/android_ros2_server/share/android_ros2_server/package.zsh'
[6.214s] Level 1:colcon.colcon_core.environment:create_file_with_runtime_dependencies(/home/rhobtor/PHD/ARGOSJ8_IA/ARGOSJ8_IA_/install/android_ros2_server/share/colcon-core/packages/android_ros2_server)
[6.215s] Level 1:colcon.colcon_core.environment:checking '/home/rhobtor/PHD/ARGOSJ8_IA/ARGOSJ8_IA_/install/ntrip_client' for CMake module files
[6.215s] Level 1:colcon.colcon_core.environment:checking '/home/rhobtor/PHD/ARGOSJ8_IA/ARGOSJ8_IA_/install/ntrip_client' for CMake config files
[6.215s] DEBUG:colcon.colcon_core.event_handler.log_command:Invoked command in '/home/rhobtor/PHD/ARGOSJ8_IA/ARGOSJ8_IA_/src/argo_drivers_pkgs/ntrip_client' returned '0': PYTHONPATH=/home/rhobtor/PHD/ARGOSJ8_IA/ARGOSJ8_IA_/build/ntrip_client/prefix_override:/usr/lib/python3/dist-packages/colcon_core/task/python/colcon_distutils_commands:/home/rhobtor/PHD/ARGOSJ8_IA/ARGOSJ8_IA_/install/ntrip_client/lib/python3.10/site-packages:${PYTHONPATH} /usr/bin/python3 -W ignore:setup.py install is deprecated -W ignore:easy_install command is deprecated setup.py egg_info --egg-base ../../../build/ntrip_client build --build-base /home/rhobtor/PHD/ARGOSJ8_IA/ARGOSJ8_IA_/build/ntrip_client/build install --record /home/rhobtor/PHD/ARGOSJ8_IA/ARGOSJ8_IA_/build/ntrip_client/install.log --single-version-externally-managed install_data
[6.215s] Level 1:colcon.colcon_core.environment:checking '/home/rhobtor/PHD/ARGOSJ8_IA/ARGOSJ8_IA_/install/ntrip_client/lib'
[6.216s] Level 1:colcon.colcon_core.environment:checking '/home/rhobtor/PHD/ARGOSJ8_IA/ARGOSJ8_IA_/install/ntrip_client/bin'
[6.216s] Level 1:colcon.colcon_core.environment:checking '/home/rhobtor/PHD/ARGOSJ8_IA/ARGOSJ8_IA_/install/ntrip_client/lib/pkgconfig/ntrip_client.pc'
[6.216s] Level 1:colcon.colcon_core.environment:checking '/home/rhobtor/PHD/ARGOSJ8_IA/ARGOSJ8_IA_/install/ntrip_client/lib/python3.10/site-packages'
[6.216s] Level 1:colcon.colcon_core.shell:create_environment_hook('ntrip_client', 'pythonpath')
[6.216s] INFO:colcon.colcon_core.shell:Creating environment hook '/home/rhobtor/PHD/ARGOSJ8_IA/ARGOSJ8_IA_/install/ntrip_client/share/ntrip_client/hook/pythonpath.ps1'
[6.216s] INFO:colcon.colcon_core.shell:Creating environment descriptor '/home/rhobtor/PHD/ARGOSJ8_IA/ARGOSJ8_IA_/install/ntrip_client/share/ntrip_client/hook/pythonpath.dsv'
[6.217s] INFO:colcon.colcon_core.shell:Creating environment hook '/home/rhobtor/PHD/ARGOSJ8_IA/ARGOSJ8_IA_/install/ntrip_client/share/ntrip_client/hook/pythonpath.sh'
[6.217s] Level 1:colcon.colcon_core.environment:checking '/home/rhobtor/PHD/ARGOSJ8_IA/ARGOSJ8_IA_/install/ntrip_client/bin'
[6.217s] Level 1:colcon.colcon_core.environment:create_environment_scripts_only(ntrip_client)
[6.217s] INFO:colcon.colcon_core.shell:Creating package script '/home/rhobtor/PHD/ARGOSJ8_IA/ARGOSJ8_IA_/install/ntrip_client/share/ntrip_client/package.ps1'
[6.218s] INFO:colcon.colcon_core.shell:Creating package descriptor '/home/rhobtor/PHD/ARGOSJ8_IA/ARGOSJ8_IA_/install/ntrip_client/share/ntrip_client/package.dsv'
[6.218s] INFO:colcon.colcon_core.shell:Creating package script '/home/rhobtor/PHD/ARGOSJ8_IA/ARGOSJ8_IA_/install/ntrip_client/share/ntrip_client/package.sh'
[6.218s] INFO:colcon.colcon_core.shell:Creating package script '/home/rhobtor/PHD/ARGOSJ8_IA/ARGOSJ8_IA_/install/ntrip_client/share/ntrip_client/package.bash'
[6.218s] INFO:colcon.colcon_core.shell:Creating package script '/home/rhobtor/PHD/ARGOSJ8_IA/ARGOSJ8_IA_/install/ntrip_client/share/ntrip_client/package.zsh'
[6.219s] Level 1:colcon.colcon_core.environment:create_file_with_runtime_dependencies(/home/rhobtor/PHD/ARGOSJ8_IA/ARGOSJ8_IA_/install/ntrip_client/share/colcon-core/packages/ntrip_client)
[6.239s] Level 1:colcon.colcon_core.environment:checking '/home/rhobtor/PHD/ARGOSJ8_IA/ARGOSJ8_IA_/install/j8_gui' for CMake module files
[6.239s] DEBUG:colcon.colcon_core.event_handler.log_command:Invoked command in '/home/rhobtor/PHD/ARGOSJ8_IA/ARGOSJ8_IA_/src/test_gui_j8/src/j8_gui' returned '0': PYTHONPATH=/home/rhobtor/PHD/ARGOSJ8_IA/ARGOSJ8_IA_/build/j8_gui/prefix_override:/usr/lib/python3/dist-packages/colcon_core/task/python/colcon_distutils_commands:/home/rhobtor/PHD/ARGOSJ8_IA/ARGOSJ8_IA_/install/j8_gui/lib/python3.10/site-packages:${PYTHONPATH} /usr/bin/python3 -W ignore:setup.py install is deprecated -W ignore:easy_install command is deprecated setup.py egg_info --egg-base ../../../../build/j8_gui build --build-base /home/rhobtor/PHD/ARGOSJ8_IA/ARGOSJ8_IA_/build/j8_gui/build install --record /home/rhobtor/PHD/ARGOSJ8_IA/ARGOSJ8_IA_/build/j8_gui/install.log --single-version-externally-managed install_data
[6.239s] Level 1:colcon.colcon_core.environment:checking '/home/rhobtor/PHD/ARGOSJ8_IA/ARGOSJ8_IA_/install/j8_gui' for CMake config files
[6.240s] Level 1:colcon.colcon_core.environment:checking '/home/rhobtor/PHD/ARGOSJ8_IA/ARGOSJ8_IA_/install/j8_gui/lib'
[6.240s] Level 1:colcon.colcon_core.environment:checking '/home/rhobtor/PHD/ARGOSJ8_IA/ARGOSJ8_IA_/install/j8_gui/bin'
[6.240s] Level 1:colcon.colcon_core.environment:checking '/home/rhobtor/PHD/ARGOSJ8_IA/ARGOSJ8_IA_/install/j8_gui/lib/pkgconfig/j8_gui.pc'
[6.240s] Level 1:colcon.colcon_core.environment:checking '/home/rhobtor/PHD/ARGOSJ8_IA/ARGOSJ8_IA_/install/j8_gui/lib/python3.10/site-packages'
[6.240s] Level 1:colcon.colcon_core.shell:create_environment_hook('j8_gui', 'pythonpath')
[6.240s] INFO:colcon.colcon_core.shell:Creating environment hook '/home/rhobtor/PHD/ARGOSJ8_IA/ARGOSJ8_IA_/install/j8_gui/share/j8_gui/hook/pythonpath.ps1'
[6.240s] INFO:colcon.colcon_core.shell:Creating environment descriptor '/home/rhobtor/PHD/ARGOSJ8_IA/ARGOSJ8_IA_/install/j8_gui/share/j8_gui/hook/pythonpath.dsv'
[6.241s] INFO:colcon.colcon_core.shell:Creating environment hook '/home/rhobtor/PHD/ARGOSJ8_IA/ARGOSJ8_IA_/install/j8_gui/share/j8_gui/hook/pythonpath.sh'
[6.241s] Level 1:colcon.colcon_core.environment:checking '/home/rhobtor/PHD/ARGOSJ8_IA/ARGOSJ8_IA_/install/j8_gui/bin'
[6.241s] Level 1:colcon.colcon_core.environment:create_environment_scripts_only(j8_gui)
[6.241s] INFO:colcon.colcon_core.shell:Creating package script '/home/rhobtor/PHD/ARGOSJ8_IA/ARGOSJ8_IA_/install/j8_gui/share/j8_gui/package.ps1'
[6.242s] INFO:colcon.colcon_core.shell:Creating package descriptor '/home/rhobtor/PHD/ARGOSJ8_IA/ARGOSJ8_IA_/install/j8_gui/share/j8_gui/package.dsv'
[6.242s] INFO:colcon.colcon_core.shell:Creating package script '/home/rhobtor/PHD/ARGOSJ8_IA/ARGOSJ8_IA_/install/j8_gui/share/j8_gui/package.sh'
[6.242s] INFO:colcon.colcon_core.shell:Creating package script '/home/rhobtor/PHD/ARGOSJ8_IA/ARGOSJ8_IA_/install/j8_gui/share/j8_gui/package.bash'
[6.242s] INFO:colcon.colcon_core.shell:Creating package script '/home/rhobtor/PHD/ARGOSJ8_IA/ARGOSJ8_IA_/install/j8_gui/share/j8_gui/package.zsh'
[6.242s] Level 1:colcon.colcon_core.environment:create_file_with_runtime_dependencies(/home/rhobtor/PHD/ARGOSJ8_IA/ARGOSJ8_IA_/install/j8_gui/share/colcon-core/packages/j8_gui)
[6.249s] Level 1:colcon.colcon_core.environment:checking '/home/rhobtor/PHD/ARGOSJ8_IA/ARGOSJ8_IA_/install/car' for CMake module files
[6.249s] DEBUG:colcon.colcon_core.event_handler.log_command:Invoked command in '/home/rhobtor/PHD/ARGOSJ8_IA/ARGOSJ8_IA_/src/car_python' returned '0': CMAKE_PREFIX_PATH=/home/rhobtor/PHD/ARGOSJ8_IA/ARGOSJ8_IA_/install/car_interfaces:/home/rhobtor/PHD/ARGOSJ8_IA/ARGOSJ8_IA_/install/argj801_ctl_platform_interfaces:/home/rhobtor/PHD/ARGOSJ8_IA/ARGOSJ8_IA_/install/wiimote_msgs:/home/rhobtor/PHD/ARGOSJ8_IA/ARGOSJ8_IA_/install/ublox:/home/rhobtor/PHD/ARGOSJ8_IA/ARGOSJ8_IA_/install/ublox_gps:/home/rhobtor/PHD/ARGOSJ8_IA/ARGOSJ8_IA_/install/security_check:/home/rhobtor/PHD/ARGOSJ8_IA/ARGOSJ8_IA_/install/ctl_mission:/home/rhobtor/PHD/ARGOSJ8_IA/ARGOSJ8_IA_/install/ublox_msgs:/home/rhobtor/PHD/ARGOSJ8_IA/ARGOSJ8_IA_/install/ublox_serialization:/home/rhobtor/PHD/ARGOSJ8_IA/ARGOSJ8_IA_/install/spacenav:/home/rhobtor/PHD/ARGOSJ8_IA/ARGOSJ8_IA_/install/laser_segmentation:/home/rhobtor/PHD/ARGOSJ8_IA/ARGOSJ8_IA_/install/slg_msgs:/home/rhobtor/PHD/ARGOSJ8_IA/ARGOSJ8_IA_/install/security_check_interfaces:/home/rhobtor/PHD/ARGOSJ8_IA/ARGOSJ8_IA_/install/joy:/home/rhobtor/PHD/ARGOSJ8_IA/ARGOSJ8_IA_/install/sdl2_vendor:/home/rhobtor/PHD/ARGOSJ8_IA/ARGOSJ8_IA_/install/path_manager:/home/rhobtor/PHD/ARGOSJ8_IA/ARGOSJ8_IA_/install/path_manager_interfaces:/home/rhobtor/PHD/ARGOSJ8_IA/ARGOSJ8_IA_/install/joy_linux:/home/rhobtor/PHD/ARGOSJ8_IA/ARGOSJ8_IA_/install/j8_xacro_model:/home/rhobtor/PHD/ARGOSJ8_IA/ARGOSJ8_IA_/install/hector_gazebo_plugins:/home/rhobtor/PHD/ARGOSJ8_IA/ARGOSJ8_IA_/install/fixposition_sensor_pkg:/home/rhobtor/PHD/ARGOSJ8_IA/ARGOSJ8_IA_/install/fixposition_odometry_converter_ros2:/home/rhobtor/PHD/ARGOSJ8_IA/ARGOSJ8_IA_/install/fixposition_driver_ros2:/home/rhobtor/PHD/ARGOSJ8_IA/ARGOSJ8_IA_/install/fixposition_driver_lib:/home/rhobtor/PHD/ARGOSJ8_IA/ARGOSJ8_IA_/install/fixposition_gnss_tf:/home/rhobtor/PHD/ARGOSJ8_IA/ARGOSJ8_IA_/install/ctl_mission_interfaces:/home/rhobtor/PHD/ARGOSJ8_IA/ARGOSJ8_IA_/install/car_cpp:/home/rhobtor/PHD/ARGOSJ8_IA/ARGOSJ8_IA_/install/argj801_setup:/home/rhobtor/PHD/ARGOSJ8_IA/ARGOSJ8_IA_/install/argj801_sensors:/home/rhobtor/PHD/ARGOSJ8_IA/ARGOSJ8_IA_/install/argj801_sensors_msgs:/home/rhobtor/PHD/ARGOSJ8_IA/ARGOSJ8_IA_/install/argj801_ctl_platform:/home/rhobtor/reactive/Reactive-Navegation/workspace_full_conected/install/octomap_mapping:/home/rhobtor/reactive/Reactive-Navegation/workspace_full_conected/install/octomap_server:/home/rhobtor/reactive/Reactive-Navegation/workspace_full_conected/install/octomap_rviz_plugins:/home/rhobtor/reactive/Reactive-Navegation/workspace_full_conected/install/hector_gazebo_plugins:/home/rhobtor/reactive/Reactive-Navegation/workspace_full_conected/install/car_cpp:/home/rhobtor/reactive/Reactive-Navegation/workspace_full_conected/install/car_interfaces LD_LIBRARY_PATH=/home/rhobtor/PHD/ARGOSJ8_IA/ARGOSJ8_IA_/install/car_interfaces/lib:/home/rhobtor/PHD/ARGOSJ8_IA/ARGOSJ8_IA_/install/argj801_ctl_platform_interfaces/lib:/home/rhobtor/PHD/ARGOSJ8_IA/ARGOSJ8_IA_/install/wiimote_msgs/lib:/home/rhobtor/PHD/ARGOSJ8_IA/ARGOSJ8_IA_/install/ublox_gps/lib:/home/rhobtor/PHD/ARGOSJ8_IA/ARGOSJ8_IA_/install/ublox_msgs/lib:/home/rhobtor/PHD/ARGOSJ8_IA/ARGOSJ8_IA_/install/spacenav/lib:/home/rhobtor/PHD/ARGOSJ8_IA/ARGOSJ8_IA_/install/laser_segmentation/lib:/home/rhobtor/PHD/ARGOSJ8_IA/ARGOSJ8_IA_/install/slg_msgs/lib:/home/rhobtor/PHD/ARGOSJ8_IA/ARGOSJ8_IA_/install/security_check_interfaces/lib:/home/rhobtor/PHD/ARGOSJ8_IA/ARGOSJ8_IA_/install/joy/lib:/home/rhobtor/PHD/ARGOSJ8_IA/ARGOSJ8_IA_/install/path_manager_interfaces/lib:/home/rhobtor/PHD/ARGOSJ8_IA/ARGOSJ8_IA_/install/j8_xacro_model/lib:/home/rhobtor/PHD/ARGOSJ8_IA/ARGOSJ8_IA_/install/hector_gazebo_plugins/lib:/home/rhobtor/PHD/ARGOSJ8_IA/ARGOSJ8_IA_/install/fixposition_sensor_pkg/lib:/home/rhobtor/PHD/ARGOSJ8_IA/ARGOSJ8_IA_/install/fixposition_odometry_converter_ros2/lib:/home/rhobtor/PHD/ARGOSJ8_IA/ARGOSJ8_IA_/install/fixposition_driver_ros2/lib:/home/rhobtor/PHD/ARGOSJ8_IA/ARGOSJ8_IA_/install/fixposition_driver_lib/lib:/home/rhobtor/PHD/ARGOSJ8_IA/ARGOSJ8_IA_/install/fixposition_gnss_tf/lib:/home/rhobtor/PHD/ARGOSJ8_IA/ARGOSJ8_IA_/install/ctl_mission_interfaces/lib:/home/rhobtor/PHD/ARGOSJ8_IA/ARGOSJ8_IA_/install/car_cpp/lib:/home/rhobtor/PHD/ARGOSJ8_IA/ARGOSJ8_IA_/install/argj801_sensors_msgs/lib:/home/rhobtor/reactive/Reactive-Navegation/workspace_full_conected/install/octomap_server/lib:/home/rhobtor/reactive/Reactive-Navegation/workspace_full_conected/install/octomap_rviz_plugins/lib:/home/rhobtor/reactive/Reactive-Navegation/workspace_full_conected/install/hector_gazebo_plugins/lib:/home/rhobtor/reactive/Reactive-Navegation/workspace_full_conected/install/car_cpp/lib:/home/rhobtor/reactive/Reactive-Navegation/workspace_full_conected/install/car_interfaces/lib:/usr/lib/x86_64-linux-gnu/gazebo-11/plugins:/opt/ros/humble/opt/rviz_ogre_vendor/lib:/opt/ros/humble/lib/x86_64-linux-gnu:/opt/ros/humble/lib PYTHONPATH=/home/rhobtor/PHD/ARGOSJ8_IA/ARGOSJ8_IA_/build/car/prefix_override:/usr/lib/python3/dist-packages/colcon_core/task/python/colcon_distutils_commands:/home/rhobtor/PHD/ARGOSJ8_IA/ARGOSJ8_IA_/install/car/lib/python3.10/site-packages:${PYTHONPATH} /usr/bin/python3 -W ignore:setup.py install is deprecated -W ignore:easy_install command is deprecated setup.py egg_info --egg-base ../../build/car build --build-base /home/rhobtor/PHD/ARGOSJ8_IA/ARGOSJ8_IA_/build/car/build install --record /home/rhobtor/PHD/ARGOSJ8_IA/ARGOSJ8_IA_/build/car/install.log --single-version-externally-managed install_data
[6.250s] Level 1:colcon.colcon_core.environment:checking '/home/rhobtor/PHD/ARGOSJ8_IA/ARGOSJ8_IA_/install/car' for CMake config files
[6.250s] Level 1:colcon.colcon_core.environment:checking '/home/rhobtor/PHD/ARGOSJ8_IA/ARGOSJ8_IA_/install/car/lib'
[6.251s] Level 1:colcon.colcon_core.environment:checking '/home/rhobtor/PHD/ARGOSJ8_IA/ARGOSJ8_IA_/install/car/bin'
[6.251s] Level 1:colcon.colcon_core.environment:checking '/home/rhobtor/PHD/ARGOSJ8_IA/ARGOSJ8_IA_/install/car/lib/pkgconfig/car.pc'
[6.251s] Level 1:colcon.colcon_core.environment:checking '/home/rhobtor/PHD/ARGOSJ8_IA/ARGOSJ8_IA_/install/car/lib/python3.10/site-packages'
[6.251s] Level 1:colcon.colcon_core.shell:create_environment_hook('car', 'pythonpath')
[6.251s] INFO:colcon.colcon_core.shell:Creating environment hook '/home/rhobtor/PHD/ARGOSJ8_IA/ARGOSJ8_IA_/install/car/share/car/hook/pythonpath.ps1'
[6.251s] INFO:colcon.colcon_core.shell:Creating environment descriptor '/home/rhobtor/PHD/ARGOSJ8_IA/ARGOSJ8_IA_/install/car/share/car/hook/pythonpath.dsv'
[6.251s] INFO:colcon.colcon_core.shell:Creating environment hook '/home/rhobtor/PHD/ARGOSJ8_IA/ARGOSJ8_IA_/install/car/share/car/hook/pythonpath.sh'
[6.252s] Level 1:colcon.colcon_core.environment:checking '/home/rhobtor/PHD/ARGOSJ8_IA/ARGOSJ8_IA_/install/car/bin'
[6.252s] Level 1:colcon.colcon_core.environment:create_environment_scripts_only(car)
[6.252s] INFO:colcon.colcon_core.shell:Creating package script '/home/rhobtor/PHD/ARGOSJ8_IA/ARGOSJ8_IA_/install/car/share/car/package.ps1'
[6.252s] INFO:colcon.colcon_core.shell:Creating package descriptor '/home/rhobtor/PHD/ARGOSJ8_IA/ARGOSJ8_IA_/install/car/share/car/package.dsv'
[6.253s] INFO:colcon.colcon_core.shell:Creating package script '/home/rhobtor/PHD/ARGOSJ8_IA/ARGOSJ8_IA_/install/car/share/car/package.sh'
[6.253s] INFO:colcon.colcon_core.shell:Creating package script '/home/rhobtor/PHD/ARGOSJ8_IA/ARGOSJ8_IA_/install/car/share/car/package.bash'
[6.259s] INFO:colcon.colcon_core.shell:Creating package script '/home/rhobtor/PHD/ARGOSJ8_IA/ARGOSJ8_IA_/install/car/share/car/package.zsh'
[6.259s] Level 1:colcon.colcon_core.environment:create_file_with_runtime_dependencies(/home/rhobtor/PHD/ARGOSJ8_IA/ARGOSJ8_IA_/install/car/share/colcon-core/packages/car)
[6.259s] DEBUG:colcon.colcon_parallel_executor.executor.parallel:closing loop
[6.259s] DEBUG:colcon.colcon_parallel_executor.executor.parallel:loop closed
[6.259s] DEBUG:colcon.colcon_parallel_executor.executor.parallel:run_until_complete finished with '0'
[6.259s] DEBUG:colcon.colcon_core.event_reactor:joining thread
[6.264s] INFO:colcon.colcon_core.plugin_system:Skipping extension 'colcon_notification.desktop_notification.terminal_notifier': Not used on non-Darwin systems
[6.264s] INFO:colcon.colcon_core.plugin_system:Skipping extension 'colcon_notification.desktop_notification.win32': Not used on non-Windows systems
[6.264s] INFO:colcon.colcon_notification.desktop_notification:Sending desktop notification using 'notify2'
[6.279s] DEBUG:colcon.colcon_core.event_reactor:joined thread
[6.279s] INFO:colcon.colcon_core.shell:Creating prefix script '/home/rhobtor/PHD/ARGOSJ8_IA/ARGOSJ8_IA_/install/local_setup.ps1'
[6.280s] INFO:colcon.colcon_core.shell:Creating prefix util module '/home/rhobtor/PHD/ARGOSJ8_IA/ARGOSJ8_IA_/install/_local_setup_util_ps1.py'
[6.280s] INFO:colcon.colcon_core.shell:Creating prefix chain script '/home/rhobtor/PHD/ARGOSJ8_IA/ARGOSJ8_IA_/install/setup.ps1'
[6.282s] INFO:colcon.colcon_core.shell:Creating prefix script '/home/rhobtor/PHD/ARGOSJ8_IA/ARGOSJ8_IA_/install/local_setup.sh'
[6.282s] INFO:colcon.colcon_core.shell:Creating prefix util module '/home/rhobtor/PHD/ARGOSJ8_IA/ARGOSJ8_IA_/install/_local_setup_util_sh.py'
[6.282s] INFO:colcon.colcon_core.shell:Creating prefix chain script '/home/rhobtor/PHD/ARGOSJ8_IA/ARGOSJ8_IA_/install/setup.sh'
[6.283s] INFO:colcon.colcon_core.shell:Creating prefix script '/home/rhobtor/PHD/ARGOSJ8_IA/ARGOSJ8_IA_/install/local_setup.bash'
[6.285s] INFO:colcon.colcon_core.shell:Creating prefix chain script '/home/rhobtor/PHD/ARGOSJ8_IA/ARGOSJ8_IA_/install/setup.bash'
[6.286s] INFO:colcon.colcon_core.shell:Creating prefix script '/home/rhobtor/PHD/ARGOSJ8_IA/ARGOSJ8_IA_/install/local_setup.zsh'
[6.286s] INFO:colcon.colcon_core.shell:Creating prefix chain script '/home/rhobtor/PHD/ARGOSJ8_IA/ARGOSJ8_IA_/install/setup.zsh'
