[0.025s] Invoking command in '/home/rhobtor/PHD/ARGOJ8_IA/ARGOSJ8_IA_/build/ctl_mission': CMAKE_PREFIX_PATH=/home/rhobtor/PHD/ARGOJ8_IA/ARGOSJ8_IA_/install/ublox_msgs:/home/rhobtor/PHD/ARGOJ8_IA/ARGOSJ8_IA_/install/ublox_serialization:/home/rhobtor/PHD/ARGOJ8_IA/ARGOSJ8_IA_/install/path_manager_interfaces:/home/rhobtor/PHD/ARGOJ8_IA/ARGOSJ8_IA_/install/ctl_mission_interfaces:/home/rhobtor/PHD/ARGOJ8_IA/ARGOSJ8_IA_/install/wiimote_msgs:/home/rhobtor/PHD/ARGOJ8_IA/ARGOSJ8_IA_/install/ublox:/home/rhobtor/PHD/ARGOJ8_IA/ARGOSJ8_IA_/install/ublox_gps:/home/rhobtor/PHD/ARGOJ8_IA/ARGOSJ8_IA_/install/security_check:/home/rhobtor/PHD/ARGOJ8_IA/ARGOSJ8_IA_/install/ctl_mission:/home/rhobtor/PHD/ARGOJ8_IA/ARGOSJ8_IA_/install/spacenav:/home/rhobtor/PHD/ARGOJ8_IA/ARGOSJ8_IA_/install/laser_segmentation:/home/rhobtor/PHD/ARGOJ8_IA/ARGOSJ8_IA_/install/slg_msgs:/home/rhobtor/PHD/ARGOJ8_IA/ARGOSJ8_IA_/install/security_check_interfaces:/home/rhobtor/PHD/ARGOJ8_IA/ARGOSJ8_IA_/install/joy:/home/rhobtor/PHD/ARGOJ8_IA/ARGOSJ8_IA_/install/sdl2_vendor:/home/rhobtor/PHD/ARGOJ8_IA/ARGOSJ8_IA_/install/path_manager:/home/rhobtor/PHD/ARGOJ8_IA/ARGOSJ8_IA_/install/joy_linux:/home/rhobtor/PHD/ARGOJ8_IA/ARGOSJ8_IA_/install/j8_xacro_model:/home/rhobtor/PHD/ARGOJ8_IA/ARGOSJ8_IA_/install/hector_gazebo_plugins:/home/rhobtor/PHD/ARGOJ8_IA/ARGOSJ8_IA_/install/fixposition_sensor_pkg:/home/rhobtor/PHD/ARGOJ8_IA/ARGOSJ8_IA_/install/fixposition_odometry_converter_ros2:/home/rhobtor/PHD/ARGOJ8_IA/ARGOSJ8_IA_/install/fixposition_driver_ros2:/home/rhobtor/PHD/ARGOJ8_IA/ARGOSJ8_IA_/install/fixposition_driver_lib:/home/rhobtor/PHD/ARGOJ8_IA/ARGOSJ8_IA_/install/fixposition_gnss_tf:/home/rhobtor/PHD/ARGOJ8_IA/ARGOSJ8_IA_/install/car_cpp:/home/rhobtor/PHD/ARGOJ8_IA/ARGOSJ8_IA_/install/car_interfaces:/home/rhobtor/PHD/ARGOJ8_IA/ARGOSJ8_IA_/install/argj801_setup:/home/rhobtor/PHD/ARGOJ8_IA/ARGOSJ8_IA_/install/argj801_sensors:/home/rhobtor/PHD/ARGOJ8_IA/ARGOSJ8_IA_/install/argj801_sensors_msgs:/home/rhobtor/PHD/ARGOJ8_IA/ARGOSJ8_IA_/install/argj801_ctl_platform:/home/rhobtor/PHD/ARGOJ8_IA/ARGOSJ8_IA_/install/argj801_ctl_platform_interfaces:/home/rhobtor/zed/install/zed_ros2:/home/rhobtor/zed/install/zed_wrapper:/home/rhobtor/zed/install/zed_components:/home/rhobtor/zed/install/zed_interfaces:/home/rhobtor/PHD/ARGOJ8_IA/ARGOSJ8_IA_/install/ntrip_client:/home/rhobtor/PHD/ARGOJ8_IA/ARGOSJ8_IA_/install/j8_gui:/home/rhobtor/PHD/ARGOJ8_IA/ARGOSJ8_IA_/install/car:/home/rhobtor/PHD/ARGOJ8_IA/ARGOSJ8_IA_/install/android_ros2_server:/home/rhobtor/PHD/ARGOJ8_IA/ARGOSJ8_IA_/install/GUI_pkg:/opt/ros/humble LD_LIBRARY_PATH=/home/rhobtor/PHD/ARGOJ8_IA/ARGOSJ8_IA_/install/ublox_msgs/lib:/home/rhobtor/PHD/ARGOJ8_IA/ARGOSJ8_IA_/install/path_manager_interfaces/lib:/home/rhobtor/PHD/ARGOJ8_IA/ARGOSJ8_IA_/install/ctl_mission_interfaces/lib:/home/rhobtor/PHD/ARGOJ8_IA/ARGOSJ8_IA_/install/wiimote_msgs/lib:/home/rhobtor/PHD/ARGOJ8_IA/ARGOSJ8_IA_/install/ublox_gps/lib:/home/rhobtor/PHD/ARGOJ8_IA/ARGOSJ8_IA_/install/spacenav/lib:/home/rhobtor/PHD/ARGOJ8_IA/ARGOSJ8_IA_/install/laser_segmentation/lib:/home/rhobtor/PHD/ARGOJ8_IA/ARGOSJ8_IA_/install/slg_msgs/lib:/home/rhobtor/PHD/ARGOJ8_IA/ARGOSJ8_IA_/install/security_check_interfaces/lib:/home/rhobtor/PHD/ARGOJ8_IA/ARGOSJ8_IA_/install/joy/lib:/home/rhobtor/PHD/ARGOJ8_IA/ARGOSJ8_IA_/install/j8_xacro_model/lib:/home/rhobtor/PHD/ARGOJ8_IA/ARGOSJ8_IA_/install/hector_gazebo_plugins/lib:/home/rhobtor/PHD/ARGOJ8_IA/ARGOSJ8_IA_/install/fixposition_sensor_pkg/lib:/home/rhobtor/PHD/ARGOJ8_IA/ARGOSJ8_IA_/install/fixposition_odometry_converter_ros2/lib:/home/rhobtor/PHD/ARGOJ8_IA/ARGOSJ8_IA_/install/fixposition_driver_ros2/lib:/home/rhobtor/PHD/ARGOJ8_IA/ARGOSJ8_IA_/install/fixposition_driver_lib/lib:/home/rhobtor/PHD/ARGOJ8_IA/ARGOSJ8_IA_/install/fixposition_gnss_tf/lib:/home/rhobtor/PHD/ARGOJ8_IA/ARGOSJ8_IA_/install/car_cpp/lib:/home/rhobtor/PHD/ARGOJ8_IA/ARGOSJ8_IA_/install/car_interfaces/lib:/home/rhobtor/PHD/ARGOJ8_IA/ARGOSJ8_IA_/install/argj801_sensors_msgs/lib:/home/rhobtor/PHD/ARGOJ8_IA/ARGOSJ8_IA_/install/argj801_ctl_platform_interfaces/lib:/usr/local/cuda/lib64:/usr/local/cuda/lib64:/usr/local/cuda-12.1/lib64:/usr/local/cuda-11.8/lib64:/usr/local/cuda/lib64:/usr/local/cuda/lib64:/usr/local/cuda-12.1/lib64:/usr/local/cuda-11.8/lib64:/home/rhobtor/zed/install/zed_components/lib:/home/rhobtor/zed/install/zed_interfaces/lib:/usr/lib/x86_64-linux-gnu/gazebo-11/plugins:/opt/ros/humble/opt/rviz_ogre_vendor/lib:/opt/ros/humble/lib/x86_64-linux-gnu:/opt/ros/humble/lib /opt/st/stm32cubeclt_1.18.0/CMake/bin/cmake --build /home/rhobtor/PHD/ARGOJ8_IA/ARGOSJ8_IA_/build/ctl_mission -- -j16 -l16
[0.070s] [  5%] Built target back_home_node
[0.070s] [ 14%] Built target ctl_mission
[0.070s] [ 23%] Built target path_following
[0.071s] [ 32%] Built target estop_node
[0.074s] [ 32%] Built target ament_cmake_python_copy_ctl_mission
[0.074s] [ 41%] Built target ready_node
[0.075s] [ 50%] Built target follow_zed_node
[0.075s] [ 58%] Built target path_record_node
[0.076s] [ 67%] Built target teleoperation_node
[0.083s] [ 70%] [32mBuilding CXX object CMakeFiles/mppi_sac_relay_node.dir/src/FSM_states/mppi_sac_relay_node.cpp.o[0m
[0.083s] [ 73%] [32mBuilding CXX object CMakeFiles/mppi_sac_relay_node.dir/src/FSM_states/mppi_sac_relay_node_main.cpp.o[0m
[0.083s] [ 97%] Built target controller_node
[0.372s] running egg_info
[0.393s] writing ctl_mission.egg-info/PKG-INFO
[0.393s] writing dependency_links to ctl_mission.egg-info/dependency_links.txt
[0.393s] writing top-level names to ctl_mission.egg-info/top_level.txt
[0.485s] reading manifest file 'ctl_mission.egg-info/SOURCES.txt'
[0.487s] writing manifest file 'ctl_mission.egg-info/SOURCES.txt'
[0.519s] [ 97%] Built target ament_cmake_python_build_ctl_mission_egg
[15.440s] [100%] [32m[1mLinking CXX executable mppi_sac_relay_node[0m
[15.710s] [100%] Built target mppi_sac_relay_node
[15.716s] Invoked command in '/home/rhobtor/PHD/ARGOJ8_IA/ARGOSJ8_IA_/build/ctl_mission' returned '0': CMAKE_PREFIX_PATH=/home/rhobtor/PHD/ARGOJ8_IA/ARGOSJ8_IA_/install/ublox_msgs:/home/rhobtor/PHD/ARGOJ8_IA/ARGOSJ8_IA_/install/ublox_serialization:/home/rhobtor/PHD/ARGOJ8_IA/ARGOSJ8_IA_/install/path_manager_interfaces:/home/rhobtor/PHD/ARGOJ8_IA/ARGOSJ8_IA_/install/ctl_mission_interfaces:/home/rhobtor/PHD/ARGOJ8_IA/ARGOSJ8_IA_/install/wiimote_msgs:/home/rhobtor/PHD/ARGOJ8_IA/ARGOSJ8_IA_/install/ublox:/home/rhobtor/PHD/ARGOJ8_IA/ARGOSJ8_IA_/install/ublox_gps:/home/rhobtor/PHD/ARGOJ8_IA/ARGOSJ8_IA_/install/security_check:/home/rhobtor/PHD/ARGOJ8_IA/ARGOSJ8_IA_/install/ctl_mission:/home/rhobtor/PHD/ARGOJ8_IA/ARGOSJ8_IA_/install/spacenav:/home/rhobtor/PHD/ARGOJ8_IA/ARGOSJ8_IA_/install/laser_segmentation:/home/rhobtor/PHD/ARGOJ8_IA/ARGOSJ8_IA_/install/slg_msgs:/home/rhobtor/PHD/ARGOJ8_IA/ARGOSJ8_IA_/install/security_check_interfaces:/home/rhobtor/PHD/ARGOJ8_IA/ARGOSJ8_IA_/install/joy:/home/rhobtor/PHD/ARGOJ8_IA/ARGOSJ8_IA_/install/sdl2_vendor:/home/rhobtor/PHD/ARGOJ8_IA/ARGOSJ8_IA_/install/path_manager:/home/rhobtor/PHD/ARGOJ8_IA/ARGOSJ8_IA_/install/joy_linux:/home/rhobtor/PHD/ARGOJ8_IA/ARGOSJ8_IA_/install/j8_xacro_model:/home/rhobtor/PHD/ARGOJ8_IA/ARGOSJ8_IA_/install/hector_gazebo_plugins:/home/rhobtor/PHD/ARGOJ8_IA/ARGOSJ8_IA_/install/fixposition_sensor_pkg:/home/rhobtor/PHD/ARGOJ8_IA/ARGOSJ8_IA_/install/fixposition_odometry_converter_ros2:/home/rhobtor/PHD/ARGOJ8_IA/ARGOSJ8_IA_/install/fixposition_driver_ros2:/home/rhobtor/PHD/ARGOJ8_IA/ARGOSJ8_IA_/install/fixposition_driver_lib:/home/rhobtor/PHD/ARGOJ8_IA/ARGOSJ8_IA_/install/fixposition_gnss_tf:/home/rhobtor/PHD/ARGOJ8_IA/ARGOSJ8_IA_/install/car_cpp:/home/rhobtor/PHD/ARGOJ8_IA/ARGOSJ8_IA_/install/car_interfaces:/home/rhobtor/PHD/ARGOJ8_IA/ARGOSJ8_IA_/install/argj801_setup:/home/rhobtor/PHD/ARGOJ8_IA/ARGOSJ8_IA_/install/argj801_sensors:/home/rhobtor/PHD/ARGOJ8_IA/ARGOSJ8_IA_/install/argj801_sensors_msgs:/home/rhobtor/PHD/ARGOJ8_IA/ARGOSJ8_IA_/install/argj801_ctl_platform:/home/rhobtor/PHD/ARGOJ8_IA/ARGOSJ8_IA_/install/argj801_ctl_platform_interfaces:/home/rhobtor/zed/install/zed_ros2:/home/rhobtor/zed/install/zed_wrapper:/home/rhobtor/zed/install/zed_components:/home/rhobtor/zed/install/zed_interfaces:/home/rhobtor/PHD/ARGOJ8_IA/ARGOSJ8_IA_/install/ntrip_client:/home/rhobtor/PHD/ARGOJ8_IA/ARGOSJ8_IA_/install/j8_gui:/home/rhobtor/PHD/ARGOJ8_IA/ARGOSJ8_IA_/install/car:/home/rhobtor/PHD/ARGOJ8_IA/ARGOSJ8_IA_/install/android_ros2_server:/home/rhobtor/PHD/ARGOJ8_IA/ARGOSJ8_IA_/install/GUI_pkg:/opt/ros/humble LD_LIBRARY_PATH=/home/rhobtor/PHD/ARGOJ8_IA/ARGOSJ8_IA_/install/ublox_msgs/lib:/home/rhobtor/PHD/ARGOJ8_IA/ARGOSJ8_IA_/install/path_manager_interfaces/lib:/home/rhobtor/PHD/ARGOJ8_IA/ARGOSJ8_IA_/install/ctl_mission_interfaces/lib:/home/rhobtor/PHD/ARGOJ8_IA/ARGOSJ8_IA_/install/wiimote_msgs/lib:/home/rhobtor/PHD/ARGOJ8_IA/ARGOSJ8_IA_/install/ublox_gps/lib:/home/rhobtor/PHD/ARGOJ8_IA/ARGOSJ8_IA_/install/spacenav/lib:/home/rhobtor/PHD/ARGOJ8_IA/ARGOSJ8_IA_/install/laser_segmentation/lib:/home/rhobtor/PHD/ARGOJ8_IA/ARGOSJ8_IA_/install/slg_msgs/lib:/home/rhobtor/PHD/ARGOJ8_IA/ARGOSJ8_IA_/install/security_check_interfaces/lib:/home/rhobtor/PHD/ARGOJ8_IA/ARGOSJ8_IA_/install/joy/lib:/home/rhobtor/PHD/ARGOJ8_IA/ARGOSJ8_IA_/install/j8_xacro_model/lib:/home/rhobtor/PHD/ARGOJ8_IA/ARGOSJ8_IA_/install/hector_gazebo_plugins/lib:/home/rhobtor/PHD/ARGOJ8_IA/ARGOSJ8_IA_/install/fixposition_sensor_pkg/lib:/home/rhobtor/PHD/ARGOJ8_IA/ARGOSJ8_IA_/install/fixposition_odometry_converter_ros2/lib:/home/rhobtor/PHD/ARGOJ8_IA/ARGOSJ8_IA_/install/fixposition_driver_ros2/lib:/home/rhobtor/PHD/ARGOJ8_IA/ARGOSJ8_IA_/install/fixposition_driver_lib/lib:/home/rhobtor/PHD/ARGOJ8_IA/ARGOSJ8_IA_/install/fixposition_gnss_tf/lib:/home/rhobtor/PHD/ARGOJ8_IA/ARGOSJ8_IA_/install/car_cpp/lib:/home/rhobtor/PHD/ARGOJ8_IA/ARGOSJ8_IA_/install/car_interfaces/lib:/home/rhobtor/PHD/ARGOJ8_IA/ARGOSJ8_IA_/install/argj801_sensors_msgs/lib:/home/rhobtor/PHD/ARGOJ8_IA/ARGOSJ8_IA_/install/argj801_ctl_platform_interfaces/lib:/usr/local/cuda/lib64:/usr/local/cuda/lib64:/usr/local/cuda-12.1/lib64:/usr/local/cuda-11.8/lib64:/usr/local/cuda/lib64:/usr/local/cuda/lib64:/usr/local/cuda-12.1/lib64:/usr/local/cuda-11.8/lib64:/home/rhobtor/zed/install/zed_components/lib:/home/rhobtor/zed/install/zed_interfaces/lib:/usr/lib/x86_64-linux-gnu/gazebo-11/plugins:/opt/ros/humble/opt/rviz_ogre_vendor/lib:/opt/ros/humble/lib/x86_64-linux-gnu:/opt/ros/humble/lib /opt/st/stm32cubeclt_1.18.0/CMake/bin/cmake --build /home/rhobtor/PHD/ARGOJ8_IA/ARGOSJ8_IA_/build/ctl_mission -- -j16 -l16
[15.717s] Invoking command in '/home/rhobtor/PHD/ARGOJ8_IA/ARGOSJ8_IA_/build/ctl_mission': CMAKE_PREFIX_PATH=/home/rhobtor/PHD/ARGOJ8_IA/ARGOSJ8_IA_/install/ublox_msgs:/home/rhobtor/PHD/ARGOJ8_IA/ARGOSJ8_IA_/install/ublox_serialization:/home/rhobtor/PHD/ARGOJ8_IA/ARGOSJ8_IA_/install/path_manager_interfaces:/home/rhobtor/PHD/ARGOJ8_IA/ARGOSJ8_IA_/install/ctl_mission_interfaces:/home/rhobtor/PHD/ARGOJ8_IA/ARGOSJ8_IA_/install/wiimote_msgs:/home/rhobtor/PHD/ARGOJ8_IA/ARGOSJ8_IA_/install/ublox:/home/rhobtor/PHD/ARGOJ8_IA/ARGOSJ8_IA_/install/ublox_gps:/home/rhobtor/PHD/ARGOJ8_IA/ARGOSJ8_IA_/install/security_check:/home/rhobtor/PHD/ARGOJ8_IA/ARGOSJ8_IA_/install/ctl_mission:/home/rhobtor/PHD/ARGOJ8_IA/ARGOSJ8_IA_/install/spacenav:/home/rhobtor/PHD/ARGOJ8_IA/ARGOSJ8_IA_/install/laser_segmentation:/home/rhobtor/PHD/ARGOJ8_IA/ARGOSJ8_IA_/install/slg_msgs:/home/rhobtor/PHD/ARGOJ8_IA/ARGOSJ8_IA_/install/security_check_interfaces:/home/rhobtor/PHD/ARGOJ8_IA/ARGOSJ8_IA_/install/joy:/home/rhobtor/PHD/ARGOJ8_IA/ARGOSJ8_IA_/install/sdl2_vendor:/home/rhobtor/PHD/ARGOJ8_IA/ARGOSJ8_IA_/install/path_manager:/home/rhobtor/PHD/ARGOJ8_IA/ARGOSJ8_IA_/install/joy_linux:/home/rhobtor/PHD/ARGOJ8_IA/ARGOSJ8_IA_/install/j8_xacro_model:/home/rhobtor/PHD/ARGOJ8_IA/ARGOSJ8_IA_/install/hector_gazebo_plugins:/home/rhobtor/PHD/ARGOJ8_IA/ARGOSJ8_IA_/install/fixposition_sensor_pkg:/home/rhobtor/PHD/ARGOJ8_IA/ARGOSJ8_IA_/install/fixposition_odometry_converter_ros2:/home/rhobtor/PHD/ARGOJ8_IA/ARGOSJ8_IA_/install/fixposition_driver_ros2:/home/rhobtor/PHD/ARGOJ8_IA/ARGOSJ8_IA_/install/fixposition_driver_lib:/home/rhobtor/PHD/ARGOJ8_IA/ARGOSJ8_IA_/install/fixposition_gnss_tf:/home/rhobtor/PHD/ARGOJ8_IA/ARGOSJ8_IA_/install/car_cpp:/home/rhobtor/PHD/ARGOJ8_IA/ARGOSJ8_IA_/install/car_interfaces:/home/rhobtor/PHD/ARGOJ8_IA/ARGOSJ8_IA_/install/argj801_setup:/home/rhobtor/PHD/ARGOJ8_IA/ARGOSJ8_IA_/install/argj801_sensors:/home/rhobtor/PHD/ARGOJ8_IA/ARGOSJ8_IA_/install/argj801_sensors_msgs:/home/rhobtor/PHD/ARGOJ8_IA/ARGOSJ8_IA_/install/argj801_ctl_platform:/home/rhobtor/PHD/ARGOJ8_IA/ARGOSJ8_IA_/install/argj801_ctl_platform_interfaces:/home/rhobtor/zed/install/zed_ros2:/home/rhobtor/zed/install/zed_wrapper:/home/rhobtor/zed/install/zed_components:/home/rhobtor/zed/install/zed_interfaces:/home/rhobtor/PHD/ARGOJ8_IA/ARGOSJ8_IA_/install/ntrip_client:/home/rhobtor/PHD/ARGOJ8_IA/ARGOSJ8_IA_/install/j8_gui:/home/rhobtor/PHD/ARGOJ8_IA/ARGOSJ8_IA_/install/car:/home/rhobtor/PHD/ARGOJ8_IA/ARGOSJ8_IA_/install/android_ros2_server:/home/rhobtor/PHD/ARGOJ8_IA/ARGOSJ8_IA_/install/GUI_pkg:/opt/ros/humble LD_LIBRARY_PATH=/home/rhobtor/PHD/ARGOJ8_IA/ARGOSJ8_IA_/install/ublox_msgs/lib:/home/rhobtor/PHD/ARGOJ8_IA/ARGOSJ8_IA_/install/path_manager_interfaces/lib:/home/rhobtor/PHD/ARGOJ8_IA/ARGOSJ8_IA_/install/ctl_mission_interfaces/lib:/home/rhobtor/PHD/ARGOJ8_IA/ARGOSJ8_IA_/install/wiimote_msgs/lib:/home/rhobtor/PHD/ARGOJ8_IA/ARGOSJ8_IA_/install/ublox_gps/lib:/home/rhobtor/PHD/ARGOJ8_IA/ARGOSJ8_IA_/install/spacenav/lib:/home/rhobtor/PHD/ARGOJ8_IA/ARGOSJ8_IA_/install/laser_segmentation/lib:/home/rhobtor/PHD/ARGOJ8_IA/ARGOSJ8_IA_/install/slg_msgs/lib:/home/rhobtor/PHD/ARGOJ8_IA/ARGOSJ8_IA_/install/security_check_interfaces/lib:/home/rhobtor/PHD/ARGOJ8_IA/ARGOSJ8_IA_/install/joy/lib:/home/rhobtor/PHD/ARGOJ8_IA/ARGOSJ8_IA_/install/j8_xacro_model/lib:/home/rhobtor/PHD/ARGOJ8_IA/ARGOSJ8_IA_/install/hector_gazebo_plugins/lib:/home/rhobtor/PHD/ARGOJ8_IA/ARGOSJ8_IA_/install/fixposition_sensor_pkg/lib:/home/rhobtor/PHD/ARGOJ8_IA/ARGOSJ8_IA_/install/fixposition_odometry_converter_ros2/lib:/home/rhobtor/PHD/ARGOJ8_IA/ARGOSJ8_IA_/install/fixposition_driver_ros2/lib:/home/rhobtor/PHD/ARGOJ8_IA/ARGOSJ8_IA_/install/fixposition_driver_lib/lib:/home/rhobtor/PHD/ARGOJ8_IA/ARGOSJ8_IA_/install/fixposition_gnss_tf/lib:/home/rhobtor/PHD/ARGOJ8_IA/ARGOSJ8_IA_/install/car_cpp/lib:/home/rhobtor/PHD/ARGOJ8_IA/ARGOSJ8_IA_/install/car_interfaces/lib:/home/rhobtor/PHD/ARGOJ8_IA/ARGOSJ8_IA_/install/argj801_sensors_msgs/lib:/home/rhobtor/PHD/ARGOJ8_IA/ARGOSJ8_IA_/install/argj801_ctl_platform_interfaces/lib:/usr/local/cuda/lib64:/usr/local/cuda/lib64:/usr/local/cuda-12.1/lib64:/usr/local/cuda-11.8/lib64:/usr/local/cuda/lib64:/usr/local/cuda/lib64:/usr/local/cuda-12.1/lib64:/usr/local/cuda-11.8/lib64:/home/rhobtor/zed/install/zed_components/lib:/home/rhobtor/zed/install/zed_interfaces/lib:/usr/lib/x86_64-linux-gnu/gazebo-11/plugins:/opt/ros/humble/opt/rviz_ogre_vendor/lib:/opt/ros/humble/lib/x86_64-linux-gnu:/opt/ros/humble/lib /opt/st/stm32cubeclt_1.18.0/CMake/bin/cmake --install /home/rhobtor/PHD/ARGOJ8_IA/ARGOSJ8_IA_/build/ctl_mission
[15.720s] -- Install configuration: "RelWithDebInfo"
[15.720s] -- Up-to-date: /home/rhobtor/PHD/ARGOJ8_IA/ARGOSJ8_IA_/install/ctl_mission/lib/ctl_mission/ctl_mission
[15.720s] -- Up-to-date: /home/rhobtor/PHD/ARGOJ8_IA/ARGOSJ8_IA_/install/ctl_mission/lib/ctl_mission/path_following
[15.721s] -- Up-to-date: /home/rhobtor/PHD/ARGOJ8_IA/ARGOSJ8_IA_/install/ctl_mission/lib/ctl_mission/teleoperation_node
[15.721s] -- Up-to-date: /home/rhobtor/PHD/ARGOJ8_IA/ARGOSJ8_IA_/install/ctl_mission/lib/ctl_mission/path_record_node
[15.721s] -- Up-to-date: /home/rhobtor/PHD/ARGOJ8_IA/ARGOSJ8_IA_/install/ctl_mission/lib/ctl_mission/controller_node
[15.721s] -- Up-to-date: /home/rhobtor/PHD/ARGOJ8_IA/ARGOSJ8_IA_/install/ctl_mission/lib/ctl_mission/ready_node
[15.722s] -- Up-to-date: /home/rhobtor/PHD/ARGOJ8_IA/ARGOSJ8_IA_/install/ctl_mission/lib/ctl_mission/estop_node
[15.722s] -- Up-to-date: /home/rhobtor/PHD/ARGOJ8_IA/ARGOSJ8_IA_/install/ctl_mission/lib/ctl_mission/back_home_node
[15.722s] -- Up-to-date: /home/rhobtor/PHD/ARGOJ8_IA/ARGOSJ8_IA_/install/ctl_mission/lib/ctl_mission/follow_zed_node
[15.722s] -- Installing: /home/rhobtor/PHD/ARGOJ8_IA/ARGOSJ8_IA_/install/ctl_mission/lib/ctl_mission/mppi_sac_relay_node
[15.734s] -- Set non-toolchain portion of runtime path of "/home/rhobtor/PHD/ARGOJ8_IA/ARGOSJ8_IA_/install/ctl_mission/lib/ctl_mission/mppi_sac_relay_node" to ""
[15.734s] -- Up-to-date: /home/rhobtor/PHD/ARGOJ8_IA/ARGOSJ8_IA_/install/ctl_mission/include
[15.734s] -- Up-to-date: /home/rhobtor/PHD/ARGOJ8_IA/ARGOSJ8_IA_/install/ctl_mission/include/ctl_mission
[15.734s] -- Up-to-date: /home/rhobtor/PHD/ARGOJ8_IA/ARGOSJ8_IA_/install/ctl_mission/include/ctl_mission/CtlMissionNode.hpp
[15.735s] -- Up-to-date: /home/rhobtor/PHD/ARGOJ8_IA/ARGOSJ8_IA_/install/ctl_mission/include/ctl_mission/Regulated_Pure_Pursuit.h
[15.735s] -- Up-to-date: /home/rhobtor/PHD/ARGOJ8_IA/ARGOSJ8_IA_/install/ctl_mission/include/ctl_mission/J8_FSM.h
[15.735s] -- Up-to-date: /home/rhobtor/PHD/ARGOJ8_IA/ARGOSJ8_IA_/install/ctl_mission/include/ctl_mission/Pure_Pursuit.h
[15.735s] -- Up-to-date: /home/rhobtor/PHD/ARGOJ8_IA/ARGOSJ8_IA_/install/ctl_mission/include/ctl_mission/Dynamic_LAPP.h
[15.735s] -- Up-to-date: /home/rhobtor/PHD/ARGOJ8_IA/ARGOSJ8_IA_/install/ctl_mission/include/ctl_mission/FollowZED.hpp
[15.735s] -- Up-to-date: /home/rhobtor/PHD/ARGOJ8_IA/ARGOSJ8_IA_/install/ctl_mission/include/ctl_mission/Stanley_Ctrl.h
[15.735s] -- Up-to-date: /home/rhobtor/PHD/ARGOJ8_IA/ARGOSJ8_IA_/install/ctl_mission/include/ctl_mission/Eigen-3.3
[15.735s] -- Up-to-date: /home/rhobtor/PHD/ARGOJ8_IA/ARGOSJ8_IA_/install/ctl_mission/include/ctl_mission/Eigen-3.3/scripts
[15.735s] -- Up-to-date: /home/rhobtor/PHD/ARGOJ8_IA/ARGOSJ8_IA_/install/ctl_mission/include/ctl_mission/Eigen-3.3/scripts/eigen_gen_docs
[15.735s] -- Up-to-date: /home/rhobtor/PHD/ARGOJ8_IA/ARGOSJ8_IA_/install/ctl_mission/include/ctl_mission/Eigen-3.3/scripts/debug.in
[15.735s] -- Up-to-date: /home/rhobtor/PHD/ARGOJ8_IA/ARGOSJ8_IA_/install/ctl_mission/include/ctl_mission/Eigen-3.3/scripts/CMakeLists.txt
[15.735s] -- Up-to-date: /home/rhobtor/PHD/ARGOJ8_IA/ARGOSJ8_IA_/install/ctl_mission/include/ctl_mission/Eigen-3.3/scripts/buildtests.in
[15.735s] -- Up-to-date: /home/rhobtor/PHD/ARGOJ8_IA/ARGOSJ8_IA_/install/ctl_mission/include/ctl_mission/Eigen-3.3/scripts/eigen_gen_credits.cpp
[15.735s] -- Up-to-date: /home/rhobtor/PHD/ARGOJ8_IA/ARGOSJ8_IA_/install/ctl_mission/include/ctl_mission/Eigen-3.3/scripts/relicense.py
[15.735s] -- Up-to-date: /home/rhobtor/PHD/ARGOJ8_IA/ARGOSJ8_IA_/install/ctl_mission/include/ctl_mission/Eigen-3.3/scripts/check.in
[15.735s] -- Up-to-date: /home/rhobtor/PHD/ARGOJ8_IA/ARGOSJ8_IA_/install/ctl_mission/include/ctl_mission/Eigen-3.3/scripts/release.in
[15.735s] -- Up-to-date: /home/rhobtor/PHD/ARGOJ8_IA/ARGOSJ8_IA_/install/ctl_mission/include/ctl_mission/Eigen-3.3/scripts/cdashtesting.cmake.in
[15.735s] -- Up-to-date: /home/rhobtor/PHD/ARGOJ8_IA/ARGOSJ8_IA_/install/ctl_mission/include/ctl_mission/Eigen-3.3/.hgeol
[15.735s] -- Up-to-date: /home/rhobtor/PHD/ARGOJ8_IA/ARGOSJ8_IA_/install/ctl_mission/include/ctl_mission/Eigen-3.3/eigen3.pc.in
[15.735s] -- Up-to-date: /home/rhobtor/PHD/ARGOJ8_IA/ARGOSJ8_IA_/install/ctl_mission/include/ctl_mission/Eigen-3.3/test
[15.735s] -- Up-to-date: /home/rhobtor/PHD/ARGOJ8_IA/ARGOSJ8_IA_/install/ctl_mission/include/ctl_mission/Eigen-3.3/test/qtvector.cpp
[15.735s] -- Up-to-date: /home/rhobtor/PHD/ARGOJ8_IA/ARGOSJ8_IA_/install/ctl_mission/include/ctl_mission/Eigen-3.3/test/inverse.cpp
[15.735s] -- Up-to-date: /home/rhobtor/PHD/ARGOJ8_IA/ARGOSJ8_IA_/install/ctl_mission/include/ctl_mission/Eigen-3.3/test/geo_transformations.cpp
[15.736s] -- Up-to-date: /home/rhobtor/PHD/ARGOJ8_IA/ARGOSJ8_IA_/install/ctl_mission/include/ctl_mission/Eigen-3.3/test/stddeque_overload.cpp
[15.736s] -- Up-to-date: /home/rhobtor/PHD/ARGOJ8_IA/ARGOSJ8_IA_/install/ctl_mission/include/ctl_mission/Eigen-3.3/test/geo_quaternion.cpp
[15.736s] -- Up-to-date: /home/rhobtor/PHD/ARGOJ8_IA/ARGOSJ8_IA_/install/ctl_mission/include/ctl_mission/Eigen-3.3/test/qr_colpivoting.cpp
[15.736s] -- Up-to-date: /home/rhobtor/PHD/ARGOJ8_IA/ARGOSJ8_IA_/install/ctl_mission/include/ctl_mission/Eigen-3.3/test/svd_common.h
[15.736s] -- Up-to-date: /home/rhobtor/PHD/ARGOJ8_IA/ARGOSJ8_IA_/install/ctl_mission/include/ctl_mission/Eigen-3.3/test/smallvectors.cpp
[15.736s] -- Up-to-date: /home/rhobtor/PHD/ARGOJ8_IA/ARGOSJ8_IA_/install/ctl_mission/include/ctl_mission/Eigen-3.3/test/umeyama.cpp
[15.736s] -- Up-to-date: /home/rhobtor/PHD/ARGOJ8_IA/ARGOSJ8_IA_/install/ctl_mission/include/ctl_mission/Eigen-3.3/test/miscmatrices.cpp
[15.736s] -- Up-to-date: /home/rhobtor/PHD/ARGOJ8_IA/ARGOSJ8_IA_/install/ctl_mission/include/ctl_mission/Eigen-3.3/test/inplace_decomposition.cpp
[15.736s] -- Up-to-date: /home/rhobtor/PHD/ARGOJ8_IA/ARGOSJ8_IA_/install/ctl_mission/include/ctl_mission/Eigen-3.3/test/meta.cpp
[15.736s] -- Up-to-date: /home/rhobtor/PHD/ARGOJ8_IA/ARGOSJ8_IA_/install/ctl_mission/include/ctl_mission/Eigen-3.3/test/eigensolver_complex.cpp
[15.737s] -- Up-to-date: /home/rhobtor/PHD/ARGOJ8_IA/ARGOSJ8_IA_/install/ctl_mission/include/ctl_mission/Eigen-3.3/test/jacobisvd.cpp
[15.737s] -- Up-to-date: /home/rhobtor/PHD/ARGOJ8_IA/ARGOSJ8_IA_/install/ctl_mission/include/ctl_mission/Eigen-3.3/test/sparselu.cpp
[15.737s] -- Up-to-date: /home/rhobtor/PHD/ARGOJ8_IA/ARGOSJ8_IA_/install/ctl_mission/include/ctl_mission/Eigen-3.3/test/jacobi.cpp
[15.737s] -- Up-to-date: /home/rhobtor/PHD/ARGOJ8_IA/ARGOSJ8_IA_/install/ctl_mission/include/ctl_mission/Eigen-3.3/test/mapstride.cpp
[15.737s] -- Up-to-date: /home/rhobtor/PHD/ARGOJ8_IA/ARGOSJ8_IA_/install/ctl_mission/include/ctl_mission/Eigen-3.3/test/array_reverse.cpp
[15.737s] -- Up-to-date: /home/rhobtor/PHD/ARGOJ8_IA/ARGOSJ8_IA_/install/ctl_mission/include/ctl_mission/Eigen-3.3/test/evaluator_common.h
[15.737s] -- Up-to-date: /home/rhobtor/PHD/ARGOJ8_IA/ARGOSJ8_IA_/install/ctl_mission/include/ctl_mission/Eigen-3.3/test/cuda_basic.cu
[15.737s] -- Up-to-date: /home/rhobtor/PHD/ARGOJ8_IA/ARGOSJ8_IA_/install/ctl_mission/include/ctl_mission/Eigen-3.3/test/geo_orthomethods.cpp
[15.737s] -- Up-to-date: /home/rhobtor/PHD/ARGOJ8_IA/ARGOSJ8_IA_/install/ctl_mission/include/ctl_mission/Eigen-3.3/test/geo_homogeneous.cpp
[15.737s] -- Up-to-date: /home/rhobtor/PHD/ARGOJ8_IA/ARGOSJ8_IA_/install/ctl_mission/include/ctl_mission/Eigen-3.3/test/stdlist.cpp
[15.737s] -- Up-to-date: /home/rhobtor/PHD/ARGOJ8_IA/ARGOSJ8_IA_/install/ctl_mission/include/ctl_mission/Eigen-3.3/test/diagonalmatrices.cpp
[15.737s] -- Up-to-date: /home/rhobtor/PHD/ARGOJ8_IA/ARGOSJ8_IA_/install/ctl_mission/include/ctl_mission/Eigen-3.3/test/rvalue_types.cpp
[15.738s] -- Up-to-date: /home/rhobtor/PHD/ARGOJ8_IA/ARGOSJ8_IA_/install/ctl_mission/include/ctl_mission/Eigen-3.3/test/bug1213.h
[15.738s] -- Up-to-date: /home/rhobtor/PHD/ARGOJ8_IA/ARGOSJ8_IA_/install/ctl_mission/include/ctl_mission/Eigen-3.3/test/unalignedcount.cpp
[15.738s] -- Up-to-date: /home/rhobtor/PHD/ARGOJ8_IA/ARGOSJ8_IA_/install/ctl_mission/include/ctl_mission/Eigen-3.3/test/stddeque.cpp
[15.738s] -- Up-to-date: /home/rhobtor/PHD/ARGOJ8_IA/ARGOSJ8_IA_/install/ctl_mission/include/ctl_mission/Eigen-3.3/test/vectorization_logic.cpp
[15.738s] -- Up-to-date: /home/rhobtor/PHD/ARGOJ8_IA/ARGOSJ8_IA_/install/ctl_mission/include/ctl_mission/Eigen-3.3/test/unalignedassert.cpp
[15.738s] -- Up-to-date: /home/rhobtor/PHD/ARGOJ8_IA/ARGOSJ8_IA_/install/ctl_mission/include/ctl_mission/Eigen-3.3/test/nullary.cpp
[15.738s] -- Up-to-date: /home/rhobtor/PHD/ARGOJ8_IA/ARGOSJ8_IA_/install/ctl_mission/include/ctl_mission/Eigen-3.3/test/bug1213_main.cpp
[15.738s] -- Up-to-date: /home/rhobtor/PHD/ARGOJ8_IA/ARGOSJ8_IA_/install/ctl_mission/include/ctl_mission/Eigen-3.3/test/lscg.cpp
[15.738s] -- Up-to-date: /home/rhobtor/PHD/ARGOJ8_IA/ARGOSJ8_IA_/install/ctl_mission/include/ctl_mission/Eigen-3.3/test/array_of_string.cpp
[15.738s] -- Up-to-date: /home/rhobtor/PHD/ARGOJ8_IA/ARGOSJ8_IA_/install/ctl_mission/include/ctl_mission/Eigen-3.3/test/pastix_support.cpp
[15.738s] -- Up-to-date: /home/rhobtor/PHD/ARGOJ8_IA/ARGOSJ8_IA_/install/ctl_mission/include/ctl_mission/Eigen-3.3/test/stable_norm.cpp
[15.738s] -- Up-to-date: /home/rhobtor/PHD/ARGOJ8_IA/ARGOSJ8_IA_/install/ctl_mission/include/ctl_mission/Eigen-3.3/test/adjoint.cpp
[15.738s] -- Up-to-date: /home/rhobtor/PHD/ARGOJ8_IA/ARGOSJ8_IA_/install/ctl_mission/include/ctl_mission/Eigen-3.3/test/umfpack_support.cpp
[15.739s] -- Up-to-date: /home/rhobtor/PHD/ARGOJ8_IA/ARGOSJ8_IA_/install/ctl_mission/include/ctl_mission/Eigen-3.3/test/diagonal.cpp
[15.739s] -- Up-to-date: /home/rhobtor/PHD/ARGOJ8_IA/ARGOSJ8_IA_/install/ctl_mission/include/ctl_mission/Eigen-3.3/test/array_for_matrix.cpp
[15.739s] -- Up-to-date: /home/rhobtor/PHD/ARGOJ8_IA/ARGOSJ8_IA_/install/ctl_mission/include/ctl_mission/Eigen-3.3/test/stdvector_overload.cpp
[15.739s] -- Up-to-date: /home/rhobtor/PHD/ARGOJ8_IA/ARGOSJ8_IA_/install/ctl_mission/include/ctl_mission/Eigen-3.3/test/sparse_ref.cpp
[15.739s] -- Up-to-date: /home/rhobtor/PHD/ARGOJ8_IA/ARGOSJ8_IA_/install/ctl_mission/include/ctl_mission/Eigen-3.3/test/special_numbers.cpp
[15.739s] -- Up-to-date: /home/rhobtor/PHD/ARGOJ8_IA/ARGOSJ8_IA_/install/ctl_mission/include/ctl_mission/Eigen-3.3/test/sparseLM.cpp
[15.739s] -- Up-to-date: /home/rhobtor/PHD/ARGOJ8_IA/ARGOSJ8_IA_/install/ctl_mission/include/ctl_mission/Eigen-3.3/test/mapped_matrix.cpp
[15.739s] -- Up-to-date: /home/rhobtor/PHD/ARGOJ8_IA/ARGOSJ8_IA_/install/ctl_mission/include/ctl_mission/Eigen-3.3/test/product_mmtr.cpp
[15.740s] -- Up-to-date: /home/rhobtor/PHD/ARGOJ8_IA/ARGOSJ8_IA_/install/ctl_mission/include/ctl_mission/Eigen-3.3/test/constructor.cpp
[15.740s] -- Up-to-date: /home/rhobtor/PHD/ARGOJ8_IA/ARGOSJ8_IA_/install/ctl_mission/include/ctl_mission/Eigen-3.3/test/ref.cpp
[15.740s] -- Up-to-date: /home/rhobtor/PHD/ARGOJ8_IA/ARGOSJ8_IA_/install/ctl_mission/include/ctl_mission/Eigen-3.3/test/permutationmatrices.cpp
[15.740s] -- Up-to-date: /home/rhobtor/PHD/ARGOJ8_IA/ARGOSJ8_IA_/install/ctl_mission/include/ctl_mission/Eigen-3.3/test/first_aligned.cpp
[15.740s] -- Up-to-date: /home/rhobtor/PHD/ARGOJ8_IA/ARGOSJ8_IA_/install/ctl_mission/include/ctl_mission/Eigen-3.3/test/product.h
[15.740s] -- Up-to-date: /home/rhobtor/PHD/ARGOJ8_IA/ARGOSJ8_IA_/install/ctl_mission/include/ctl_mission/Eigen-3.3/test/geo_alignedbox.cpp
[15.740s] -- Up-to-date: /home/rhobtor/PHD/ARGOJ8_IA/ARGOSJ8_IA_/install/ctl_mission/include/ctl_mission/Eigen-3.3/test/sparse_basic.cpp
[15.740s] -- Up-to-date: /home/rhobtor/PHD/ARGOJ8_IA/ARGOSJ8_IA_/install/ctl_mission/include/ctl_mission/Eigen-3.3/test/cholmod_support.cpp
[15.740s] -- Up-to-date: /home/rhobtor/PHD/ARGOJ8_IA/ARGOSJ8_IA_/install/ctl_mission/include/ctl_mission/Eigen-3.3/test/CMakeLists.txt
[15.740s] -- Up-to-date: /home/rhobtor/PHD/ARGOJ8_IA/ARGOSJ8_IA_/install/ctl_mission/include/ctl_mission/Eigen-3.3/test/is_same_dense.cpp
[15.740s] -- Up-to-date: /home/rhobtor/PHD/ARGOJ8_IA/ARGOSJ8_IA_/install/ctl_mission/include/ctl_mission/Eigen-3.3/test/product_syrk.cpp
[15.740s] -- Up-to-date: /home/rhobtor/PHD/ARGOJ8_IA/ARGOSJ8_IA_/install/ctl_mission/include/ctl_mission/Eigen-3.3/test/schur_real.cpp
[15.740s] -- Up-to-date: /home/rhobtor/PHD/ARGOJ8_IA/ARGOSJ8_IA_/install/ctl_mission/include/ctl_mission/Eigen-3.3/test/sparse.h
[15.740s] -- Up-to-date: /home/rhobtor/PHD/ARGOJ8_IA/ARGOSJ8_IA_/install/ctl_mission/include/ctl_mission/Eigen-3.3/test/visitor.cpp
[15.740s] -- Up-to-date: /home/rhobtor/PHD/ARGOJ8_IA/ARGOSJ8_IA_/install/ctl_mission/include/ctl_mission/Eigen-3.3/test/schur_complex.cpp
[15.740s] -- Up-to-date: /home/rhobtor/PHD/ARGOJ8_IA/ARGOSJ8_IA_/install/ctl_mission/include/ctl_mission/Eigen-3.3/test/cholesky.cpp
[15.741s] -- Up-to-date: /home/rhobtor/PHD/ARGOJ8_IA/ARGOSJ8_IA_/install/ctl_mission/include/ctl_mission/Eigen-3.3/test/ctorleak.cpp
[15.741s] -- Up-to-date: /home/rhobtor/PHD/ARGOJ8_IA/ARGOSJ8_IA_/install/ctl_mission/include/ctl_mission/Eigen-3.3/test/conservative_resize.cpp
[15.741s] -- Up-to-date: /home/rhobtor/PHD/ARGOJ8_IA/ARGOSJ8_IA_/install/ctl_mission/include/ctl_mission/Eigen-3.3/test/upperbidiagonalization.cpp
[15.741s] -- Up-to-date: /home/rhobtor/PHD/ARGOJ8_IA/ARGOSJ8_IA_/install/ctl_mission/include/ctl_mission/Eigen-3.3/test/sparse_solvers.cpp
[15.741s] -- Up-to-date: /home/rhobtor/PHD/ARGOJ8_IA/ARGOSJ8_IA_/install/ctl_mission/include/ctl_mission/Eigen-3.3/test/eigensolver_generic.cpp
[15.741s] -- Up-to-date: /home/rhobtor/PHD/ARGOJ8_IA/ARGOSJ8_IA_/install/ctl_mission/include/ctl_mission/Eigen-3.3/test/dense_storage.cpp
[15.741s] -- Up-to-date: /home/rhobtor/PHD/ARGOJ8_IA/ARGOSJ8_IA_/install/ctl_mission/include/ctl_mission/Eigen-3.3/test/sparse_vector.cpp
[15.741s] -- Up-to-date: /home/rhobtor/PHD/ARGOJ8_IA/ARGOSJ8_IA_/install/ctl_mission/include/ctl_mission/Eigen-3.3/test/dynalloc.cpp
[15.741s] -- Up-to-date: /home/rhobtor/PHD/ARGOJ8_IA/ARGOSJ8_IA_/install/ctl_mission/include/ctl_mission/Eigen-3.3/test/householder.cpp
[15.741s] -- Up-to-date: /home/rhobtor/PHD/ARGOJ8_IA/ARGOSJ8_IA_/install/ctl_mission/include/ctl_mission/Eigen-3.3/test/dontalign.cpp
[15.741s] -- Up-to-date: /home/rhobtor/PHD/ARGOJ8_IA/ARGOSJ8_IA_/install/ctl_mission/include/ctl_mission/Eigen-3.3/test/pardiso_support.cpp
[15.741s] -- Up-to-date: /home/rhobtor/PHD/ARGOJ8_IA/ARGOSJ8_IA_/install/ctl_mission/include/ctl_mission/Eigen-3.3/test/eigensolver_generalized_real.cpp
[15.741s] -- Up-to-date: /home/rhobtor/PHD/ARGOJ8_IA/ARGOSJ8_IA_/install/ctl_mission/include/ctl_mission/Eigen-3.3/test/corners.cpp
[15.741s] -- Up-to-date: /home/rhobtor/PHD/ARGOJ8_IA/ARGOSJ8_IA_/install/ctl_mission/include/ctl_mission/Eigen-3.3/test/linearstructure.cpp
[15.741s] -- Up-to-date: /home/rhobtor/PHD/ARGOJ8_IA/ARGOSJ8_IA_/install/ctl_mission/include/ctl_mission/Eigen-3.3/test/product_notemporary.cpp
[15.742s] -- Up-to-date: /home/rhobtor/PHD/ARGOJ8_IA/ARGOSJ8_IA_/install/ctl_mission/include/ctl_mission/Eigen-3.3/test/product_symm.cpp
[15.742s] -- Up-to-date: /home/rhobtor/PHD/ARGOJ8_IA/ARGOSJ8_IA_/install/ctl_mission/include/ctl_mission/Eigen-3.3/test/metis_support.cpp
[15.742s] -- Up-to-date: /home/rhobtor/PHD/ARGOJ8_IA/ARGOSJ8_IA_/install/ctl_mission/include/ctl_mission/Eigen-3.3/test/sparse_solver.h
[15.742s] -- Up-to-date: /home/rhobtor/PHD/ARGOJ8_IA/ARGOSJ8_IA_/install/ctl_mission/include/ctl_mission/Eigen-3.3/test/svd_fill.h
[15.742s] -- Up-to-date: /home/rhobtor/PHD/ARGOJ8_IA/ARGOSJ8_IA_/install/ctl_mission/include/ctl_mission/Eigen-3.3/test/geo_eulerangles.cpp
[15.742s] -- Up-to-date: /home/rhobtor/PHD/ARGOJ8_IA/ARGOSJ8_IA_/install/ctl_mission/include/ctl_mission/Eigen-3.3/test/evaluators.cpp
[15.742s] -- Up-to-date: /home/rhobtor/PHD/ARGOJ8_IA/ARGOSJ8_IA_/install/ctl_mission/include/ctl_mission/Eigen-3.3/test/sizeoverflow.cpp
[15.742s] -- Up-to-date: /home/rhobtor/PHD/ARGOJ8_IA/ARGOSJ8_IA_/install/ctl_mission/include/ctl_mission/Eigen-3.3/test/stdvector.cpp
[15.742s] -- Up-to-date: /home/rhobtor/PHD/ARGOJ8_IA/ARGOSJ8_IA_/install/ctl_mission/include/ctl_mission/Eigen-3.3/test/fastmath.cpp
[15.742s] -- Up-to-date: /home/rhobtor/PHD/ARGOJ8_IA/ARGOSJ8_IA_/install/ctl_mission/include/ctl_mission/Eigen-3.3/test/selfadjoint.cpp
[15.742s] -- Up-to-date: /home/rhobtor/PHD/ARGOJ8_IA/ARGOSJ8_IA_/install/ctl_mission/include/ctl_mission/Eigen-3.3/test/triangular.cpp
[15.742s] -- Up-to-date: /home/rhobtor/PHD/ARGOJ8_IA/ARGOSJ8_IA_/install/ctl_mission/include/ctl_mission/Eigen-3.3/test/zerosized.cpp
[15.743s] -- Up-to-date: /home/rhobtor/PHD/ARGOJ8_IA/ARGOSJ8_IA_/install/ctl_mission/include/ctl_mission/Eigen-3.3/test/hessenberg.cpp
[15.743s] -- Up-to-date: /home/rhobtor/PHD/ARGOJ8_IA/ARGOSJ8_IA_/install/ctl_mission/include/ctl_mission/Eigen-3.3/test/mixingtypes.cpp
[15.743s] -- Up-to-date: /home/rhobtor/PHD/ARGOJ8_IA/ARGOSJ8_IA_/install/ctl_mission/include/ctl_mission/Eigen-3.3/test/swap.cpp
[15.743s] -- Up-to-date: /home/rhobtor/PHD/ARGOJ8_IA/ARGOSJ8_IA_/install/ctl_mission/include/ctl_mission/Eigen-3.3/test/array_replicate.cpp
[15.743s] -- Up-to-date: /home/rhobtor/PHD/ARGOJ8_IA/ARGOSJ8_IA_/install/ctl_mission/include/ctl_mission/Eigen-3.3/test/sizeof.cpp
[15.744s] -- Up-to-date: /home/rhobtor/PHD/ARGOJ8_IA/ARGOSJ8_IA_/install/ctl_mission/include/ctl_mission/Eigen-3.3/test/product_selfadjoint.cpp
[15.744s] -- Up-to-date: /home/rhobtor/PHD/ARGOJ8_IA/ARGOSJ8_IA_/install/ctl_mission/include/ctl_mission/Eigen-3.3/test/product_trmv.cpp
[15.744s] -- Up-to-date: /home/rhobtor/PHD/ARGOJ8_IA/ARGOSJ8_IA_/install/ctl_mission/include/ctl_mission/Eigen-3.3/test/product_small.cpp
[15.744s] -- Up-to-date: /home/rhobtor/PHD/ARGOJ8_IA/ARGOSJ8_IA_/install/ctl_mission/include/ctl_mission/Eigen-3.3/test/rand.cpp
[15.744s] -- Up-to-date: /home/rhobtor/PHD/ARGOJ8_IA/ARGOSJ8_IA_/install/ctl_mission/include/ctl_mission/Eigen-3.3/test/sparse_block.cpp
[15.744s] -- Up-to-date: /home/rhobtor/PHD/ARGOJ8_IA/ARGOSJ8_IA_/install/ctl_mission/include/ctl_mission/Eigen-3.3/test/basicstuff.cpp
[15.744s] -- Up-to-date: /home/rhobtor/PHD/ARGOJ8_IA/ARGOSJ8_IA_/install/ctl_mission/include/ctl_mission/Eigen-3.3/test/nesting_ops.cpp
[15.744s] -- Up-to-date: /home/rhobtor/PHD/ARGOJ8_IA/ARGOSJ8_IA_/install/ctl_mission/include/ctl_mission/Eigen-3.3/test/integer_types.cpp
[15.744s] -- Up-to-date: /home/rhobtor/PHD/ARGOJ8_IA/ARGOSJ8_IA_/install/ctl_mission/include/ctl_mission/Eigen-3.3/test/lu.cpp
[15.744s] -- Up-to-date: /home/rhobtor/PHD/ARGOJ8_IA/ARGOSJ8_IA_/install/ctl_mission/include/ctl_mission/Eigen-3.3/test/exceptions.cpp
[15.744s] -- Up-to-date: /home/rhobtor/PHD/ARGOJ8_IA/ARGOSJ8_IA_/install/ctl_mission/include/ctl_mission/Eigen-3.3/test/spqr_support.cpp
[15.744s] -- Up-to-date: /home/rhobtor/PHD/ARGOJ8_IA/ARGOSJ8_IA_/install/ctl_mission/include/ctl_mission/Eigen-3.3/test/nomalloc.cpp
[15.744s] -- Up-to-date: /home/rhobtor/PHD/ARGOJ8_IA/ARGOSJ8_IA_/install/ctl_mission/include/ctl_mission/Eigen-3.3/test/denseLM.cpp
[15.744s] -- Up-to-date: /home/rhobtor/PHD/ARGOJ8_IA/ARGOSJ8_IA_/install/ctl_mission/include/ctl_mission/Eigen-3.3/test/sparse_product.cpp
[15.744s] -- Up-to-date: /home/rhobtor/PHD/ARGOJ8_IA/ARGOSJ8_IA_/install/ctl_mission/include/ctl_mission/Eigen-3.3/test/real_qz.cpp
[15.744s] -- Up-to-date: /home/rhobtor/PHD/ARGOJ8_IA/ARGOSJ8_IA_/install/ctl_mission/include/ctl_mission/Eigen-3.3/test/main.h
[15.744s] -- Up-to-date: /home/rhobtor/PHD/ARGOJ8_IA/ARGOSJ8_IA_/install/ctl_mission/include/ctl_mission/Eigen-3.3/test/mpl2only.cpp
[15.744s] -- Up-to-date: /home/rhobtor/PHD/ARGOJ8_IA/ARGOSJ8_IA_/install/ctl_mission/include/ctl_mission/Eigen-3.3/test/superlu_support.cpp
[15.744s] -- Up-to-date: /home/rhobtor/PHD/ARGOJ8_IA/ARGOSJ8_IA_/install/ctl_mission/include/ctl_mission/Eigen-3.3/test/packetmath.cpp
[15.744s] -- Up-to-date: /home/rhobtor/PHD/ARGOJ8_IA/ARGOSJ8_IA_/install/ctl_mission/include/ctl_mission/Eigen-3.3/test/geo_hyperplane.cpp
[15.745s] -- Up-to-date: /home/rhobtor/PHD/ARGOJ8_IA/ARGOSJ8_IA_/install/ctl_mission/include/ctl_mission/Eigen-3.3/test/conjugate_gradient.cpp
[15.745s] -- Up-to-date: /home/rhobtor/PHD/ARGOJ8_IA/ARGOSJ8_IA_/install/ctl_mission/include/ctl_mission/Eigen-3.3/test/product_trmm.cpp
[15.745s] -- Up-to-date: /home/rhobtor/PHD/ARGOJ8_IA/ARGOSJ8_IA_/install/ctl_mission/include/ctl_mission/Eigen-3.3/test/bdcsvd.cpp
[15.745s] -- Up-to-date: /home/rhobtor/PHD/ARGOJ8_IA/ARGOSJ8_IA_/install/ctl_mission/include/ctl_mission/Eigen-3.3/test/stdlist_overload.cpp
[15.745s] -- Up-to-date: /home/rhobtor/PHD/ARGOJ8_IA/ARGOSJ8_IA_/install/ctl_mission/include/ctl_mission/Eigen-3.3/test/eigensolver_selfadjoint.cpp
[15.745s] -- Up-to-date: /home/rhobtor/PHD/ARGOJ8_IA/ARGOSJ8_IA_/install/ctl_mission/include/ctl_mission/Eigen-3.3/test/half_float.cpp
[15.745s] -- Up-to-date: /home/rhobtor/PHD/ARGOJ8_IA/ARGOSJ8_IA_/install/ctl_mission/include/ctl_mission/Eigen-3.3/test/sparse_permutations.cpp
[15.745s] -- Up-to-date: /home/rhobtor/PHD/ARGOJ8_IA/ARGOSJ8_IA_/install/ctl_mission/include/ctl_mission/Eigen-3.3/test/resize.cpp
[15.745s] -- Up-to-date: /home/rhobtor/PHD/ARGOJ8_IA/ARGOSJ8_IA_/install/ctl_mission/include/ctl_mission/Eigen-3.3/test/bicgstab.cpp
[15.745s] -- Up-to-date: /home/rhobtor/PHD/ARGOJ8_IA/ARGOSJ8_IA_/install/ctl_mission/include/ctl_mission/Eigen-3.3/test/product_large.cpp
[15.745s] -- Up-to-date: /home/rhobtor/PHD/ARGOJ8_IA/ARGOSJ8_IA_/install/ctl_mission/include/ctl_mission/Eigen-3.3/test/product_trsolve.cpp
[15.745s] -- Up-to-date: /home/rhobtor/PHD/ARGOJ8_IA/ARGOSJ8_IA_/install/ctl_mission/include/ctl_mission/Eigen-3.3/test/prec_inverse_4x4.cpp
[15.745s] -- Up-to-date: /home/rhobtor/PHD/ARGOJ8_IA/ARGOSJ8_IA_/install/ctl_mission/include/ctl_mission/Eigen-3.3/test/product_extra.cpp
[15.745s] -- Up-to-date: /home/rhobtor/PHD/ARGOJ8_IA/ARGOSJ8_IA_/install/ctl_mission/include/ctl_mission/Eigen-3.3/test/qr_fullpivoting.cpp
[15.745s] -- Up-to-date: /home/rhobtor/PHD/ARGOJ8_IA/ARGOSJ8_IA_/install/ctl_mission/include/ctl_mission/Eigen-3.3/test/bandmatrix.cpp
[15.745s] -- Up-to-date: /home/rhobtor/PHD/ARGOJ8_IA/ARGOSJ8_IA_/install/ctl_mission/include/ctl_mission/Eigen-3.3/test/eigen2support.cpp
[15.745s] -- Up-to-date: /home/rhobtor/PHD/ARGOJ8_IA/ARGOSJ8_IA_/install/ctl_mission/include/ctl_mission/Eigen-3.3/test/vectorwiseop.cpp
[15.745s] -- Up-to-date: /home/rhobtor/PHD/ARGOJ8_IA/ARGOSJ8_IA_/install/ctl_mission/include/ctl_mission/Eigen-3.3/test/incomplete_cholesky.cpp
[15.745s] -- Up-to-date: /home/rhobtor/PHD/ARGOJ8_IA/ARGOSJ8_IA_/install/ctl_mission/include/ctl_mission/Eigen-3.3/test/redux.cpp
[15.745s] -- Up-to-date: /home/rhobtor/PHD/ARGOJ8_IA/ARGOSJ8_IA_/install/ctl_mission/include/ctl_mission/Eigen-3.3/test/qr.cpp
[15.745s] -- Up-to-date: /home/rhobtor/PHD/ARGOJ8_IA/ARGOSJ8_IA_/install/ctl_mission/include/ctl_mission/Eigen-3.3/test/array.cpp
[15.746s] -- Up-to-date: /home/rhobtor/PHD/ARGOJ8_IA/ARGOSJ8_IA_/install/ctl_mission/include/ctl_mission/Eigen-3.3/test/block.cpp
[15.746s] -- Up-to-date: /home/rhobtor/PHD/ARGOJ8_IA/ARGOSJ8_IA_/install/ctl_mission/include/ctl_mission/Eigen-3.3/test/geo_parametrizedline.cpp
[15.746s] -- Up-to-date: /home/rhobtor/PHD/ARGOJ8_IA/ARGOSJ8_IA_/install/ctl_mission/include/ctl_mission/Eigen-3.3/test/boostmultiprec.cpp
[15.746s] -- Up-to-date: /home/rhobtor/PHD/ARGOJ8_IA/ARGOSJ8_IA_/install/ctl_mission/include/ctl_mission/Eigen-3.3/test/commainitializer.cpp
[15.746s] -- Up-to-date: /home/rhobtor/PHD/ARGOJ8_IA/ARGOSJ8_IA_/install/ctl_mission/include/ctl_mission/Eigen-3.3/test/simplicial_cholesky.cpp
[15.746s] -- Up-to-date: /home/rhobtor/PHD/ARGOJ8_IA/ARGOSJ8_IA_/install/ctl_mission/include/ctl_mission/Eigen-3.3/test/cuda_common.h
[15.746s] -- Up-to-date: /home/rhobtor/PHD/ARGOJ8_IA/ARGOSJ8_IA_/install/ctl_mission/include/ctl_mission/Eigen-3.3/test/sparseqr.cpp
[15.746s] -- Up-to-date: /home/rhobtor/PHD/ARGOJ8_IA/ARGOSJ8_IA_/install/ctl_mission/include/ctl_mission/Eigen-3.3/test/bug1213.cpp
[15.746s] -- Up-to-date: /home/rhobtor/PHD/ARGOJ8_IA/ARGOSJ8_IA_/install/ctl_mission/include/ctl_mission/Eigen-3.3/test/determinant.cpp
[15.746s] -- Up-to-date: /home/rhobtor/PHD/ARGOJ8_IA/ARGOSJ8_IA_/install/ctl_mission/include/ctl_mission/Eigen-3.3/test/mapstaticmethods.cpp
[15.746s] -- Up-to-date: /home/rhobtor/PHD/ARGOJ8_IA/ARGOSJ8_IA_/install/ctl_mission/include/ctl_mission/Eigen-3.3/COPYING.LGPL
[15.746s] -- Up-to-date: /home/rhobtor/PHD/ARGOJ8_IA/ARGOSJ8_IA_/install/ctl_mission/include/ctl_mission/Eigen-3.3/cmake
[15.746s] -- Up-to-date: /home/rhobtor/PHD/ARGOJ8_IA/ARGOSJ8_IA_/install/ctl_mission/include/ctl_mission/Eigen-3.3/cmake/FindPastix.cmake
[15.746s] -- Up-to-date: /home/rhobtor/PHD/ARGOJ8_IA/ARGOSJ8_IA_/install/ctl_mission/include/ctl_mission/Eigen-3.3/cmake/FindGoogleHash.cmake
[15.746s] -- Up-to-date: /home/rhobtor/PHD/ARGOJ8_IA/ARGOSJ8_IA_/install/ctl_mission/include/ctl_mission/Eigen-3.3/cmake/EigenDetermineOSVersion.cmake
[15.746s] -- Up-to-date: /home/rhobtor/PHD/ARGOJ8_IA/ARGOSJ8_IA_/install/ctl_mission/include/ctl_mission/Eigen-3.3/cmake/FindLAPACK.cmake
[15.746s] -- Up-to-date: /home/rhobtor/PHD/ARGOJ8_IA/ARGOSJ8_IA_/install/ctl_mission/include/ctl_mission/Eigen-3.3/cmake/RegexUtils.cmake
[15.746s] -- Up-to-date: /home/rhobtor/PHD/ARGOJ8_IA/ARGOSJ8_IA_/install/ctl_mission/include/ctl_mission/Eigen-3.3/cmake/FindUmfpack.cmake
[15.747s] -- Up-to-date: /home/rhobtor/PHD/ARGOJ8_IA/ARGOSJ8_IA_/install/ctl_mission/include/ctl_mission/Eigen-3.3/cmake/EigenUninstall.cmake
[15.747s] -- Up-to-date: /home/rhobtor/PHD/ARGOJ8_IA/ARGOSJ8_IA_/install/ctl_mission/include/ctl_mission/Eigen-3.3/cmake/FindScotch.cmake
[15.747s] -- Up-to-date: /home/rhobtor/PHD/ARGOJ8_IA/ARGOSJ8_IA_/install/ctl_mission/include/ctl_mission/Eigen-3.3/cmake/FindAdolc.cmake
[15.747s] -- Up-to-date: /home/rhobtor/PHD/ARGOJ8_IA/ARGOSJ8_IA_/install/ctl_mission/include/ctl_mission/Eigen-3.3/cmake/FindBLAS.cmake
[15.747s] -- Up-to-date: /home/rhobtor/PHD/ARGOJ8_IA/ARGOSJ8_IA_/install/ctl_mission/include/ctl_mission/Eigen-3.3/cmake/FindGMP.cmake
[15.747s] -- Up-to-date: /home/rhobtor/PHD/ARGOJ8_IA/ARGOSJ8_IA_/install/ctl_mission/include/ctl_mission/Eigen-3.3/cmake/FindComputeCpp.cmake
[15.747s] -- Up-to-date: /home/rhobtor/PHD/ARGOJ8_IA/ARGOSJ8_IA_/install/ctl_mission/include/ctl_mission/Eigen-3.3/cmake/FindEigen3.cmake
[15.747s] -- Up-to-date: /home/rhobtor/PHD/ARGOJ8_IA/ARGOSJ8_IA_/install/ctl_mission/include/ctl_mission/Eigen-3.3/cmake/EigenTesting.cmake
[15.747s] -- Up-to-date: /home/rhobtor/PHD/ARGOJ8_IA/ARGOSJ8_IA_/install/ctl_mission/include/ctl_mission/Eigen-3.3/cmake/UseEigen3.cmake
[15.747s] -- Up-to-date: /home/rhobtor/PHD/ARGOJ8_IA/ARGOSJ8_IA_/install/ctl_mission/include/ctl_mission/Eigen-3.3/cmake/FindSPQR.cmake
[15.747s] -- Up-to-date: /home/rhobtor/PHD/ARGOJ8_IA/ARGOSJ8_IA_/install/ctl_mission/include/ctl_mission/Eigen-3.3/cmake/language_support.cmake
[15.747s] -- Up-to-date: /home/rhobtor/PHD/ARGOJ8_IA/ARGOSJ8_IA_/install/ctl_mission/include/ctl_mission/Eigen-3.3/cmake/Eigen3ConfigLegacy.cmake.in
[15.747s] -- Up-to-date: /home/rhobtor/PHD/ARGOJ8_IA/ARGOSJ8_IA_/install/ctl_mission/include/ctl_mission/Eigen-3.3/cmake/FindMetis.cmake
[15.747s] -- Up-to-date: /home/rhobtor/PHD/ARGOJ8_IA/ARGOSJ8_IA_/install/ctl_mission/include/ctl_mission/Eigen-3.3/cmake/FindMPFR.cmake
[15.748s] -- Up-to-date: /home/rhobtor/PHD/ARGOJ8_IA/ARGOSJ8_IA_/install/ctl_mission/include/ctl_mission/Eigen-3.3/cmake/Eigen3Config.cmake.in
[15.748s] -- Up-to-date: /home/rhobtor/PHD/ARGOJ8_IA/ARGOSJ8_IA_/install/ctl_mission/include/ctl_mission/Eigen-3.3/cmake/EigenDetermineVSServicePack.cmake
[15.748s] -- Up-to-date: /home/rhobtor/PHD/ARGOJ8_IA/ARGOSJ8_IA_/install/ctl_mission/include/ctl_mission/Eigen-3.3/cmake/FindStandardMathLibrary.cmake
[15.748s] -- Up-to-date: /home/rhobtor/PHD/ARGOJ8_IA/ARGOSJ8_IA_/install/ctl_mission/include/ctl_mission/Eigen-3.3/cmake/FindCholmod.cmake
[15.748s] -- Up-to-date: /home/rhobtor/PHD/ARGOJ8_IA/ARGOSJ8_IA_/install/ctl_mission/include/ctl_mission/Eigen-3.3/cmake/FindFFTW.cmake
[15.748s] -- Up-to-date: /home/rhobtor/PHD/ARGOJ8_IA/ARGOSJ8_IA_/install/ctl_mission/include/ctl_mission/Eigen-3.3/cmake/FindGLEW.cmake
[15.748s] -- Up-to-date: /home/rhobtor/PHD/ARGOJ8_IA/ARGOSJ8_IA_/install/ctl_mission/include/ctl_mission/Eigen-3.3/cmake/FindSuperLU.cmake
[15.748s] -- Up-to-date: /home/rhobtor/PHD/ARGOJ8_IA/ARGOSJ8_IA_/install/ctl_mission/include/ctl_mission/Eigen-3.3/cmake/FindGSL.cmake
[15.748s] -- Up-to-date: /home/rhobtor/PHD/ARGOJ8_IA/ARGOSJ8_IA_/install/ctl_mission/include/ctl_mission/Eigen-3.3/cmake/EigenConfigureTesting.cmake
[15.748s] -- Up-to-date: /home/rhobtor/PHD/ARGOJ8_IA/ARGOSJ8_IA_/install/ctl_mission/include/ctl_mission/Eigen-3.3/cmake/FindEigen2.cmake
[15.748s] -- Up-to-date: /home/rhobtor/PHD/ARGOJ8_IA/ARGOSJ8_IA_/install/ctl_mission/include/ctl_mission/Eigen-3.3/COPYING.MINPACK
[15.748s] -- Up-to-date: /home/rhobtor/PHD/ARGOJ8_IA/ARGOSJ8_IA_/install/ctl_mission/include/ctl_mission/Eigen-3.3/INSTALL
[15.748s] -- Up-to-date: /home/rhobtor/PHD/ARGOJ8_IA/ARGOSJ8_IA_/install/ctl_mission/include/ctl_mission/Eigen-3.3/lapack
[15.748s] -- Up-to-date: /home/rhobtor/PHD/ARGOJ8_IA/ARGOSJ8_IA_/install/ctl_mission/include/ctl_mission/Eigen-3.3/lapack/zladiv.f
[15.748s] -- Up-to-date: /home/rhobtor/PHD/ARGOJ8_IA/ARGOSJ8_IA_/install/ctl_mission/include/ctl_mission/Eigen-3.3/lapack/clarfg.f
[15.749s] -- Up-to-date: /home/rhobtor/PHD/ARGOJ8_IA/ARGOSJ8_IA_/install/ctl_mission/include/ctl_mission/Eigen-3.3/lapack/sladiv.f
[15.749s] -- Up-to-date: /home/rhobtor/PHD/ARGOJ8_IA/ARGOSJ8_IA_/install/ctl_mission/include/ctl_mission/Eigen-3.3/lapack/slarft.f
[15.749s] -- Up-to-date: /home/rhobtor/PHD/ARGOJ8_IA/ARGOSJ8_IA_/install/ctl_mission/include/ctl_mission/Eigen-3.3/lapack/iladlr.f
[15.749s] -- Up-to-date: /home/rhobtor/PHD/ARGOJ8_IA/ARGOSJ8_IA_/install/ctl_mission/include/ctl_mission/Eigen-3.3/lapack/ilaslc.f
[15.749s] -- Up-to-date: /home/rhobtor/PHD/ARGOJ8_IA/ARGOSJ8_IA_/install/ctl_mission/include/ctl_mission/Eigen-3.3/lapack/single.cpp
[15.749s] -- Up-to-date: /home/rhobtor/PHD/ARGOJ8_IA/ARGOSJ8_IA_/install/ctl_mission/include/ctl_mission/Eigen-3.3/lapack/complex_single.cpp
[15.749s] -- Up-to-date: /home/rhobtor/PHD/ARGOJ8_IA/ARGOSJ8_IA_/install/ctl_mission/include/ctl_mission/Eigen-3.3/lapack/dlarft.f
[15.749s] -- Up-to-date: /home/rhobtor/PHD/ARGOJ8_IA/ARGOSJ8_IA_/install/ctl_mission/include/ctl_mission/Eigen-3.3/lapack/zlarfb.f
[15.749s] -- Up-to-date: /home/rhobtor/PHD/ARGOJ8_IA/ARGOSJ8_IA_/install/ctl_mission/include/ctl_mission/Eigen-3.3/lapack/cladiv.f
[15.749s] -- Up-to-date: /home/rhobtor/PHD/ARGOJ8_IA/ARGOSJ8_IA_/install/ctl_mission/include/ctl_mission/Eigen-3.3/lapack/double.cpp
[15.749s] -- Up-to-date: /home/rhobtor/PHD/ARGOJ8_IA/ARGOSJ8_IA_/install/ctl_mission/include/ctl_mission/Eigen-3.3/lapack/eigenvalues.cpp
[15.749s] -- Up-to-date: /home/rhobtor/PHD/ARGOJ8_IA/ARGOSJ8_IA_/install/ctl_mission/include/ctl_mission/Eigen-3.3/lapack/second_NONE.f
[15.749s] -- Up-to-date: /home/rhobtor/PHD/ARGOJ8_IA/ARGOSJ8_IA_/install/ctl_mission/include/ctl_mission/Eigen-3.3/lapack/ilaclr.f
[15.749s] -- Up-to-date: /home/rhobtor/PHD/ARGOJ8_IA/ARGOSJ8_IA_/install/ctl_mission/include/ctl_mission/Eigen-3.3/lapack/CMakeLists.txt
[15.749s] -- Up-to-date: /home/rhobtor/PHD/ARGOJ8_IA/ARGOSJ8_IA_/install/ctl_mission/include/ctl_mission/Eigen-3.3/lapack/clarf.f
[15.749s] -- Up-to-date: /home/rhobtor/PHD/ARGOJ8_IA/ARGOSJ8_IA_/install/ctl_mission/include/ctl_mission/Eigen-3.3/lapack/zlarfg.f
[15.749s] -- Up-to-date: /home/rhobtor/PHD/ARGOJ8_IA/ARGOSJ8_IA_/install/ctl_mission/include/ctl_mission/Eigen-3.3/lapack/dlapy3.f
[15.749s] -- Up-to-date: /home/rhobtor/PHD/ARGOJ8_IA/ARGOSJ8_IA_/install/ctl_mission/include/ctl_mission/Eigen-3.3/lapack/svd.cpp
[15.749s] -- Up-to-date: /home/rhobtor/PHD/ARGOJ8_IA/ARGOSJ8_IA_/install/ctl_mission/include/ctl_mission/Eigen-3.3/lapack/cholesky.cpp
[15.749s] -- Up-to-date: /home/rhobtor/PHD/ARGOJ8_IA/ARGOSJ8_IA_/install/ctl_mission/include/ctl_mission/Eigen-3.3/lapack/clacgv.f
[15.749s] -- Up-to-date: /home/rhobtor/PHD/ARGOJ8_IA/ARGOSJ8_IA_/install/ctl_mission/include/ctl_mission/Eigen-3.3/lapack/complex_double.cpp
[15.750s] -- Up-to-date: /home/rhobtor/PHD/ARGOJ8_IA/ARGOSJ8_IA_/install/ctl_mission/include/ctl_mission/Eigen-3.3/lapack/ilaclc.f
[15.750s] -- Up-to-date: /home/rhobtor/PHD/ARGOJ8_IA/ARGOSJ8_IA_/install/ctl_mission/include/ctl_mission/Eigen-3.3/lapack/dsecnd_NONE.f
[15.750s] -- Up-to-date: /home/rhobtor/PHD/ARGOJ8_IA/ARGOSJ8_IA_/install/ctl_mission/include/ctl_mission/Eigen-3.3/lapack/dlarfg.f
[15.750s] -- Up-to-date: /home/rhobtor/PHD/ARGOJ8_IA/ARGOSJ8_IA_/install/ctl_mission/include/ctl_mission/Eigen-3.3/lapack/slapy2.f
[15.750s] -- Up-to-date: /home/rhobtor/PHD/ARGOJ8_IA/ARGOSJ8_IA_/install/ctl_mission/include/ctl_mission/Eigen-3.3/lapack/slarfg.f
[15.750s] -- Up-to-date: /home/rhobtor/PHD/ARGOJ8_IA/ARGOSJ8_IA_/install/ctl_mission/include/ctl_mission/Eigen-3.3/lapack/dlapy2.f
[15.750s] -- Up-to-date: /home/rhobtor/PHD/ARGOJ8_IA/ARGOSJ8_IA_/install/ctl_mission/include/ctl_mission/Eigen-3.3/lapack/dlarfb.f
[15.750s] -- Up-to-date: /home/rhobtor/PHD/ARGOJ8_IA/ARGOSJ8_IA_/install/ctl_mission/include/ctl_mission/Eigen-3.3/lapack/dladiv.f
[15.750s] -- Up-to-date: /home/rhobtor/PHD/ARGOJ8_IA/ARGOSJ8_IA_/install/ctl_mission/include/ctl_mission/Eigen-3.3/lapack/clarft.f
[15.750s] -- Up-to-date: /home/rhobtor/PHD/ARGOJ8_IA/ARGOSJ8_IA_/install/ctl_mission/include/ctl_mission/Eigen-3.3/lapack/lu.cpp
[15.750s] -- Up-to-date: /home/rhobtor/PHD/ARGOJ8_IA/ARGOSJ8_IA_/install/ctl_mission/include/ctl_mission/Eigen-3.3/lapack/zlarf.f
[15.750s] -- Up-to-date: /home/rhobtor/PHD/ARGOJ8_IA/ARGOSJ8_IA_/install/ctl_mission/include/ctl_mission/Eigen-3.3/lapack/zlacgv.f
[15.750s] -- Up-to-date: /home/rhobtor/PHD/ARGOJ8_IA/ARGOSJ8_IA_/install/ctl_mission/include/ctl_mission/Eigen-3.3/lapack/slarfb.f
[15.750s] -- Up-to-date: /home/rhobtor/PHD/ARGOJ8_IA/ARGOSJ8_IA_/install/ctl_mission/include/ctl_mission/Eigen-3.3/lapack/ilazlr.f
[15.750s] -- Up-to-date: /home/rhobtor/PHD/ARGOJ8_IA/ARGOSJ8_IA_/install/ctl_mission/include/ctl_mission/Eigen-3.3/lapack/lapack_common.h
[15.750s] -- Up-to-date: /home/rhobtor/PHD/ARGOJ8_IA/ARGOSJ8_IA_/install/ctl_mission/include/ctl_mission/Eigen-3.3/lapack/slamch.f
[15.750s] -- Up-to-date: /home/rhobtor/PHD/ARGOJ8_IA/ARGOSJ8_IA_/install/ctl_mission/include/ctl_mission/Eigen-3.3/lapack/dlarf.f
[15.751s] -- Up-to-date: /home/rhobtor/PHD/ARGOJ8_IA/ARGOSJ8_IA_/install/ctl_mission/include/ctl_mission/Eigen-3.3/lapack/slapy3.f
[15.751s] -- Up-to-date: /home/rhobtor/PHD/ARGOJ8_IA/ARGOSJ8_IA_/install/ctl_mission/include/ctl_mission/Eigen-3.3/lapack/ilaslr.f
[15.751s] -- Up-to-date: /home/rhobtor/PHD/ARGOJ8_IA/ARGOSJ8_IA_/install/ctl_mission/include/ctl_mission/Eigen-3.3/lapack/zlarft.f
[15.751s] -- Up-to-date: /home/rhobtor/PHD/ARGOJ8_IA/ARGOSJ8_IA_/install/ctl_mission/include/ctl_mission/Eigen-3.3/lapack/dlamch.f
[15.751s] -- Up-to-date: /home/rhobtor/PHD/ARGOJ8_IA/ARGOSJ8_IA_/install/ctl_mission/include/ctl_mission/Eigen-3.3/lapack/clarfb.f
[15.751s] -- Up-to-date: /home/rhobtor/PHD/ARGOJ8_IA/ARGOSJ8_IA_/install/ctl_mission/include/ctl_mission/Eigen-3.3/lapack/iladlc.f
[15.751s] -- Up-to-date: /home/rhobtor/PHD/ARGOJ8_IA/ARGOSJ8_IA_/install/ctl_mission/include/ctl_mission/Eigen-3.3/lapack/slarf.f
[15.751s] -- Up-to-date: /home/rhobtor/PHD/ARGOJ8_IA/ARGOSJ8_IA_/install/ctl_mission/include/ctl_mission/Eigen-3.3/lapack/ilazlc.f
[15.751s] -- Up-to-date: /home/rhobtor/PHD/ARGOJ8_IA/ARGOSJ8_IA_/install/ctl_mission/include/ctl_mission/Eigen-3.3/debug
[15.751s] -- Up-to-date: /home/rhobtor/PHD/ARGOJ8_IA/ARGOSJ8_IA_/install/ctl_mission/include/ctl_mission/Eigen-3.3/debug/gdb
[15.751s] -- Up-to-date: /home/rhobtor/PHD/ARGOJ8_IA/ARGOSJ8_IA_/install/ctl_mission/include/ctl_mission/Eigen-3.3/debug/gdb/printers.py
[15.751s] -- Up-to-date: /home/rhobtor/PHD/ARGOJ8_IA/ARGOSJ8_IA_/install/ctl_mission/include/ctl_mission/Eigen-3.3/debug/gdb/__init__.py
[15.751s] -- Up-to-date: /home/rhobtor/PHD/ARGOJ8_IA/ARGOSJ8_IA_/install/ctl_mission/include/ctl_mission/Eigen-3.3/debug/msvc
[15.751s] -- Up-to-date: /home/rhobtor/PHD/ARGOJ8_IA/ARGOSJ8_IA_/install/ctl_mission/include/ctl_mission/Eigen-3.3/debug/msvc/eigen.natvis
[15.751s] -- Up-to-date: /home/rhobtor/PHD/ARGOJ8_IA/ARGOSJ8_IA_/install/ctl_mission/include/ctl_mission/Eigen-3.3/debug/msvc/eigen_autoexp_part.dat
[15.751s] -- Up-to-date: /home/rhobtor/PHD/ARGOJ8_IA/ARGOSJ8_IA_/install/ctl_mission/include/ctl_mission/Eigen-3.3/.hg_archival.txt
[15.751s] -- Up-to-date: /home/rhobtor/PHD/ARGOJ8_IA/ARGOSJ8_IA_/install/ctl_mission/include/ctl_mission/Eigen-3.3/failtest
[15.751s] -- Up-to-date: /home/rhobtor/PHD/ARGOJ8_IA/ARGOSJ8_IA_/install/ctl_mission/include/ctl_mission/Eigen-3.3/failtest/map_nonconst_ctor_on_const_ptr_0.cpp
[15.751s] -- Up-to-date: /home/rhobtor/PHD/ARGOJ8_IA/ARGOSJ8_IA_/install/ctl_mission/include/ctl_mission/Eigen-3.3/failtest/ref_1.cpp
[15.751s] -- Up-to-date: /home/rhobtor/PHD/ARGOJ8_IA/ARGOSJ8_IA_/install/ctl_mission/include/ctl_mission/Eigen-3.3/failtest/transpose_on_const_type_actually_const.cpp
[15.751s] -- Up-to-date: /home/rhobtor/PHD/ARGOJ8_IA/ARGOSJ8_IA_/install/ctl_mission/include/ctl_mission/Eigen-3.3/failtest/jacobisvd_int.cpp
[15.752s] -- Up-to-date: /home/rhobtor/PHD/ARGOJ8_IA/ARGOSJ8_IA_/install/ctl_mission/include/ctl_mission/Eigen-3.3/failtest/fullpivqr_int.cpp
[15.752s] -- Up-to-date: /home/rhobtor/PHD/ARGOJ8_IA/ARGOSJ8_IA_/install/ctl_mission/include/ctl_mission/Eigen-3.3/failtest/transpose_nonconst_ctor_on_const_xpr.cpp
[15.752s] -- Up-to-date: /home/rhobtor/PHD/ARGOJ8_IA/ARGOSJ8_IA_/install/ctl_mission/include/ctl_mission/Eigen-3.3/failtest/eigensolver_cplx.cpp
[15.752s] -- Up-to-date: /home/rhobtor/PHD/ARGOJ8_IA/ARGOSJ8_IA_/install/ctl_mission/include/ctl_mission/Eigen-3.3/failtest/map_nonconst_ctor_on_const_ptr_3.cpp
[15.752s] -- Up-to-date: /home/rhobtor/PHD/ARGOJ8_IA/ARGOSJ8_IA_/install/ctl_mission/include/ctl_mission/Eigen-3.3/failtest/const_qualified_block_method_retval_0.cpp
[15.752s] -- Up-to-date: /home/rhobtor/PHD/ARGOJ8_IA/ARGOSJ8_IA_/install/ctl_mission/include/ctl_mission/Eigen-3.3/failtest/const_qualified_transpose_method_retval.cpp
[15.752s] -- Up-to-date: /home/rhobtor/PHD/ARGOJ8_IA/ARGOSJ8_IA_/install/ctl_mission/include/ctl_mission/Eigen-3.3/failtest/sparse_ref_3.cpp
[15.752s] -- Up-to-date: /home/rhobtor/PHD/ARGOJ8_IA/ARGOSJ8_IA_/install/ctl_mission/include/ctl_mission/Eigen-3.3/failtest/bdcsvd_int.cpp
[15.752s] -- Up-to-date: /home/rhobtor/PHD/ARGOJ8_IA/ARGOSJ8_IA_/install/ctl_mission/include/ctl_mission/Eigen-3.3/failtest/triangularview_nonconst_ctor_on_const_xpr.cpp
[15.752s] -- Up-to-date: /home/rhobtor/PHD/ARGOJ8_IA/ARGOSJ8_IA_/install/ctl_mission/include/ctl_mission/Eigen-3.3/failtest/block_nonconst_ctor_on_const_xpr_1.cpp
[15.752s] -- Up-to-date: /home/rhobtor/PHD/ARGOJ8_IA/ARGOSJ8_IA_/install/ctl_mission/include/ctl_mission/Eigen-3.3/failtest/block_on_const_type_actually_const_1.cpp
[15.752s] -- Up-to-date: /home/rhobtor/PHD/ARGOJ8_IA/ARGOSJ8_IA_/install/ctl_mission/include/ctl_mission/Eigen-3.3/failtest/ternary_2.cpp
[15.752s] -- Up-to-date: /home/rhobtor/PHD/ARGOJ8_IA/ARGOSJ8_IA_/install/ctl_mission/include/ctl_mission/Eigen-3.3/failtest/sparse_ref_4.cpp
[15.752s] -- Up-to-date: /home/rhobtor/PHD/ARGOJ8_IA/ARGOSJ8_IA_/install/ctl_mission/include/ctl_mission/Eigen-3.3/failtest/failtest_sanity_check.cpp
[15.752s] -- Up-to-date: /home/rhobtor/PHD/ARGOJ8_IA/ARGOSJ8_IA_/install/ctl_mission/include/ctl_mission/Eigen-3.3/failtest/selfadjointview_nonconst_ctor_on_const_xpr.cpp
[15.752s] -- Up-to-date: /home/rhobtor/PHD/ARGOJ8_IA/ARGOSJ8_IA_/install/ctl_mission/include/ctl_mission/Eigen-3.3/failtest/CMakeLists.txt
[15.752s] -- Up-to-date: /home/rhobtor/PHD/ARGOJ8_IA/ARGOSJ8_IA_/install/ctl_mission/include/ctl_mission/Eigen-3.3/failtest/map_nonconst_ctor_on_const_ptr_1.cpp
[15.752s] -- Up-to-date: /home/rhobtor/PHD/ARGOJ8_IA/ARGOSJ8_IA_/install/ctl_mission/include/ctl_mission/Eigen-3.3/failtest/block_on_const_type_actually_const_0.cpp
[15.752s] -- Up-to-date: /home/rhobtor/PHD/ARGOJ8_IA/ARGOSJ8_IA_/install/ctl_mission/include/ctl_mission/Eigen-3.3/failtest/llt_int.cpp
[15.752s] -- Up-to-date: /home/rhobtor/PHD/ARGOJ8_IA/ARGOSJ8_IA_/install/ctl_mission/include/ctl_mission/Eigen-3.3/failtest/map_nonconst_ctor_on_const_ptr_4.cpp
[15.753s] -- Up-to-date: /home/rhobtor/PHD/ARGOJ8_IA/ARGOSJ8_IA_/install/ctl_mission/include/ctl_mission/Eigen-3.3/failtest/eigensolver_int.cpp
[15.753s] -- Up-to-date: /home/rhobtor/PHD/ARGOJ8_IA/ARGOSJ8_IA_/install/ctl_mission/include/ctl_mission/Eigen-3.3/failtest/cwiseunaryview_nonconst_ctor_on_const_xpr.cpp
[15.753s] -- Up-to-date: /home/rhobtor/PHD/ARGOJ8_IA/ARGOSJ8_IA_/install/ctl_mission/include/ctl_mission/Eigen-3.3/failtest/colpivqr_int.cpp
[15.753s] -- Up-to-date: /home/rhobtor/PHD/ARGOJ8_IA/ARGOSJ8_IA_/install/ctl_mission/include/ctl_mission/Eigen-3.3/failtest/sparse_ref_1.cpp
[15.753s] -- Up-to-date: /home/rhobtor/PHD/ARGOJ8_IA/ARGOSJ8_IA_/install/ctl_mission/include/ctl_mission/Eigen-3.3/failtest/cwiseunaryview_on_const_type_actually_const.cpp
[15.753s] -- Up-to-date: /home/rhobtor/PHD/ARGOJ8_IA/ARGOSJ8_IA_/install/ctl_mission/include/ctl_mission/Eigen-3.3/failtest/ref_4.cpp
[15.753s] -- Up-to-date: /home/rhobtor/PHD/ARGOJ8_IA/ARGOSJ8_IA_/install/ctl_mission/include/ctl_mission/Eigen-3.3/failtest/selfadjointview_on_const_type_actually_const.cpp
[15.753s] -- Up-to-date: /home/rhobtor/PHD/ARGOJ8_IA/ARGOSJ8_IA_/install/ctl_mission/include/ctl_mission/Eigen-3.3/failtest/block_nonconst_ctor_on_const_xpr_0.cpp
[15.753s] -- Up-to-date: /home/rhobtor/PHD/ARGOJ8_IA/ARGOSJ8_IA_/install/ctl_mission/include/ctl_mission/Eigen-3.3/failtest/map_on_const_type_actually_const_1.cpp
[15.753s] -- Up-to-date: /home/rhobtor/PHD/ARGOJ8_IA/ARGOSJ8_IA_/install/ctl_mission/include/ctl_mission/Eigen-3.3/failtest/const_qualified_diagonal_method_retval.cpp
[15.753s] -- Up-to-date: /home/rhobtor/PHD/ARGOJ8_IA/ARGOSJ8_IA_/install/ctl_mission/include/ctl_mission/Eigen-3.3/failtest/block_nonconst_ctor_on_const_xpr_2.cpp
[15.753s] -- Up-to-date: /home/rhobtor/PHD/ARGOJ8_IA/ARGOSJ8_IA_/install/ctl_mission/include/ctl_mission/Eigen-3.3/failtest/fullpivlu_int.cpp
[15.753s] -- Up-to-date: /home/rhobtor/PHD/ARGOJ8_IA/ARGOSJ8_IA_/install/ctl_mission/include/ctl_mission/Eigen-3.3/failtest/diagonal_nonconst_ctor_on_const_xpr.cpp
[15.753s] -- Up-to-date: /home/rhobtor/PHD/ARGOJ8_IA/ARGOSJ8_IA_/install/ctl_mission/include/ctl_mission/Eigen-3.3/failtest/swap_1.cpp
[15.753s] -- Up-to-date: /home/rhobtor/PHD/ARGOJ8_IA/ARGOSJ8_IA_/install/ctl_mission/include/ctl_mission/Eigen-3.3/failtest/sparse_storage_mismatch.cpp
[15.753s] -- Up-to-date: /home/rhobtor/PHD/ARGOJ8_IA/ARGOSJ8_IA_/install/ctl_mission/include/ctl_mission/Eigen-3.3/failtest/ref_2.cpp
[15.753s] -- Up-to-date: /home/rhobtor/PHD/ARGOJ8_IA/ARGOSJ8_IA_/install/ctl_mission/include/ctl_mission/Eigen-3.3/failtest/ref_3.cpp
[15.753s] -- Up-to-date: /home/rhobtor/PHD/ARGOJ8_IA/ARGOSJ8_IA_/install/ctl_mission/include/ctl_mission/Eigen-3.3/failtest/map_nonconst_ctor_on_const_ptr_2.cpp
[15.753s] -- Up-to-date: /home/rhobtor/PHD/ARGOJ8_IA/ARGOSJ8_IA_/install/ctl_mission/include/ctl_mission/Eigen-3.3/failtest/sparse_ref_5.cpp
[15.753s] -- Up-to-date: /home/rhobtor/PHD/ARGOJ8_IA/ARGOSJ8_IA_/install/ctl_mission/include/ctl_mission/Eigen-3.3/failtest/map_on_const_type_actually_const_0.cpp
[15.754s] -- Up-to-date: /home/rhobtor/PHD/ARGOJ8_IA/ARGOSJ8_IA_/install/ctl_mission/include/ctl_mission/Eigen-3.3/failtest/ref_5.cpp
[15.754s] -- Up-to-date: /home/rhobtor/PHD/ARGOJ8_IA/ARGOSJ8_IA_/install/ctl_mission/include/ctl_mission/Eigen-3.3/failtest/qr_int.cpp
[15.754s] -- Up-to-date: /home/rhobtor/PHD/ARGOJ8_IA/ARGOSJ8_IA_/install/ctl_mission/include/ctl_mission/Eigen-3.3/failtest/const_qualified_block_method_retval_1.cpp
[15.754s] -- Up-to-date: /home/rhobtor/PHD/ARGOJ8_IA/ARGOSJ8_IA_/install/ctl_mission/include/ctl_mission/Eigen-3.3/failtest/ldlt_int.cpp
[15.754s] -- Up-to-date: /home/rhobtor/PHD/ARGOJ8_IA/ARGOSJ8_IA_/install/ctl_mission/include/ctl_mission/Eigen-3.3/failtest/swap_2.cpp
[15.754s] -- Up-to-date: /home/rhobtor/PHD/ARGOJ8_IA/ARGOSJ8_IA_/install/ctl_mission/include/ctl_mission/Eigen-3.3/failtest/ternary_1.cpp
[15.754s] -- Up-to-date: /home/rhobtor/PHD/ARGOJ8_IA/ARGOSJ8_IA_/install/ctl_mission/include/ctl_mission/Eigen-3.3/failtest/triangularview_on_const_type_actually_const.cpp
[15.754s] -- Up-to-date: /home/rhobtor/PHD/ARGOJ8_IA/ARGOSJ8_IA_/install/ctl_mission/include/ctl_mission/Eigen-3.3/failtest/partialpivlu_int.cpp
[15.754s] -- Up-to-date: /home/rhobtor/PHD/ARGOJ8_IA/ARGOSJ8_IA_/install/ctl_mission/include/ctl_mission/Eigen-3.3/failtest/sparse_ref_2.cpp
[15.754s] -- Up-to-date: /home/rhobtor/PHD/ARGOJ8_IA/ARGOSJ8_IA_/install/ctl_mission/include/ctl_mission/Eigen-3.3/failtest/diagonal_on_const_type_actually_const.cpp
[15.754s] -- Up-to-date: /home/rhobtor/PHD/ARGOJ8_IA/ARGOSJ8_IA_/install/ctl_mission/include/ctl_mission/Eigen-3.3/doc
[15.754s] -- Up-to-date: /home/rhobtor/PHD/ARGOJ8_IA/ARGOSJ8_IA_/install/ctl_mission/include/ctl_mission/Eigen-3.3/doc/TemplateKeyword.dox
[15.754s] -- Up-to-date: /home/rhobtor/PHD/ARGOJ8_IA/ARGOSJ8_IA_/install/ctl_mission/include/ctl_mission/Eigen-3.3/doc/eigendoxy_tabs.css
[15.754s] -- Up-to-date: /home/rhobtor/PHD/ARGOJ8_IA/ARGOSJ8_IA_/install/ctl_mission/include/ctl_mission/Eigen-3.3/doc/TutorialGeometry.dox
[15.754s] -- Up-to-date: /home/rhobtor/PHD/ARGOJ8_IA/ARGOSJ8_IA_/install/ctl_mission/include/ctl_mission/Eigen-3.3/doc/TutorialReductionsVisitorsBroadcasting.dox
[15.754s] -- Up-to-date: /home/rhobtor/PHD/ARGOJ8_IA/ARGOSJ8_IA_/install/ctl_mission/include/ctl_mission/Eigen-3.3/doc/TutorialSparse.dox
[15.754s] -- Up-to-date: /home/rhobtor/PHD/ARGOJ8_IA/ARGOSJ8_IA_/install/ctl_mission/include/ctl_mission/Eigen-3.3/doc/eigendoxy_footer.html.in
[15.754s] -- Up-to-date: /home/rhobtor/PHD/ARGOJ8_IA/ARGOSJ8_IA_/install/ctl_mission/include/ctl_mission/Eigen-3.3/doc/eigendoxy.css
[15.754s] -- Up-to-date: /home/rhobtor/PHD/ARGOJ8_IA/ARGOSJ8_IA_/install/ctl_mission/include/ctl_mission/Eigen-3.3/doc/eigen_navtree_hacks.js
[15.754s] -- Up-to-date: /home/rhobtor/PHD/ARGOJ8_IA/ARGOSJ8_IA_/install/ctl_mission/include/ctl_mission/Eigen-3.3/doc/MatrixfreeSolverExample.dox
[15.755s] -- Up-to-date: /home/rhobtor/PHD/ARGOJ8_IA/ARGOSJ8_IA_/install/ctl_mission/include/ctl_mission/Eigen-3.3/doc/StructHavingEigenMembers.dox
[15.755s] -- Up-to-date: /home/rhobtor/PHD/ARGOJ8_IA/ARGOSJ8_IA_/install/ctl_mission/include/ctl_mission/Eigen-3.3/doc/B01_Experimental.dox
[15.755s] -- Up-to-date: /home/rhobtor/PHD/ARGOJ8_IA/ARGOSJ8_IA_/install/ctl_mission/include/ctl_mission/Eigen-3.3/doc/TutorialSparse_example_details.dox
[15.755s] -- Up-to-date: /home/rhobtor/PHD/ARGOJ8_IA/ARGOSJ8_IA_/install/ctl_mission/include/ctl_mission/Eigen-3.3/doc/QuickStartGuide.dox
[15.755s] -- Up-to-date: /home/rhobtor/PHD/ARGOJ8_IA/ARGOSJ8_IA_/install/ctl_mission/include/ctl_mission/Eigen-3.3/doc/tutorial.cpp
[15.755s] -- Up-to-date: /home/rhobtor/PHD/ARGOJ8_IA/ARGOSJ8_IA_/install/ctl_mission/include/ctl_mission/Eigen-3.3/doc/FunctionsTakingEigenTypes.dox
[15.755s] -- Up-to-date: /home/rhobtor/PHD/ARGOJ8_IA/ARGOSJ8_IA_/install/ctl_mission/include/ctl_mission/Eigen-3.3/doc/eigendoxy_header.html.in
[15.755s] -- Up-to-date: /home/rhobtor/PHD/ARGOJ8_IA/ARGOSJ8_IA_/install/ctl_mission/include/ctl_mission/Eigen-3.3/doc/TopicEigenExpressionTemplates.dox
[15.755s] -- Up-to-date: /home/rhobtor/PHD/ARGOJ8_IA/ARGOSJ8_IA_/install/ctl_mission/include/ctl_mission/Eigen-3.3/doc/TopicAliasing.dox
[15.755s] -- Up-to-date: /home/rhobtor/PHD/ARGOJ8_IA/ARGOSJ8_IA_/install/ctl_mission/include/ctl_mission/Eigen-3.3/doc/PreprocessorDirectives.dox
[15.755s] -- Up-to-date: /home/rhobtor/PHD/ARGOJ8_IA/ARGOSJ8_IA_/install/ctl_mission/include/ctl_mission/Eigen-3.3/doc/InplaceDecomposition.dox
[15.755s] -- Up-to-date: /home/rhobtor/PHD/ARGOJ8_IA/ARGOSJ8_IA_/install/ctl_mission/include/ctl_mission/Eigen-3.3/doc/StorageOrders.dox
[15.755s] -- Up-to-date: /home/rhobtor/PHD/ARGOJ8_IA/ARGOSJ8_IA_/install/ctl_mission/include/ctl_mission/Eigen-3.3/doc/TutorialAdvancedInitialization.dox
[15.756s] -- Up-to-date: /home/rhobtor/PHD/ARGOJ8_IA/ARGOSJ8_IA_/install/ctl_mission/include/ctl_mission/Eigen-3.3/doc/ftv2pnode.png
[15.756s] -- Up-to-date: /home/rhobtor/PHD/ARGOJ8_IA/ARGOSJ8_IA_/install/ctl_mission/include/ctl_mission/Eigen-3.3/doc/Overview.dox
[15.756s] -- Up-to-date: /home/rhobtor/PHD/ARGOJ8_IA/ARGOSJ8_IA_/install/ctl_mission/include/ctl_mission/Eigen-3.3/doc/PassingByValue.dox
[15.756s] -- Up-to-date: /home/rhobtor/PHD/ARGOJ8_IA/ARGOSJ8_IA_/install/ctl_mission/include/ctl_mission/Eigen-3.3/doc/UsingNVCC.dox
[15.756s] -- Up-to-date: /home/rhobtor/PHD/ARGOJ8_IA/ARGOSJ8_IA_/install/ctl_mission/include/ctl_mission/Eigen-3.3/doc/TutorialBlockOperations.dox
[15.756s] -- Up-to-date: /home/rhobtor/PHD/ARGOJ8_IA/ARGOSJ8_IA_/install/ctl_mission/include/ctl_mission/Eigen-3.3/doc/CMakeLists.txt
[15.756s] -- Up-to-date: /home/rhobtor/PHD/ARGOJ8_IA/ARGOSJ8_IA_/install/ctl_mission/include/ctl_mission/Eigen-3.3/doc/TutorialReshapeSlicing.dox
[15.756s] -- Up-to-date: /home/rhobtor/PHD/ARGOJ8_IA/ARGOSJ8_IA_/install/ctl_mission/include/ctl_mission/Eigen-3.3/doc/examples
[15.756s] -- Up-to-date: /home/rhobtor/PHD/ARGOJ8_IA/ARGOSJ8_IA_/install/ctl_mission/include/ctl_mission/Eigen-3.3/doc/examples/Tutorial_PartialLU_solve.cpp
[15.756s] -- Up-to-date: /home/rhobtor/PHD/ARGOJ8_IA/ARGOSJ8_IA_/install/ctl_mission/include/ctl_mission/Eigen-3.3/doc/examples/class_CwiseUnaryOp.cpp
[15.756s] -- Up-to-date: /home/rhobtor/PHD/ARGOJ8_IA/ARGOSJ8_IA_/install/ctl_mission/include/ctl_mission/Eigen-3.3/doc/examples/Tutorial_ReductionsVisitorsBroadcasting_colwise.cpp
[15.756s] -- Up-to-date: /home/rhobtor/PHD/ARGOJ8_IA/ARGOSJ8_IA_/install/ctl_mission/include/ctl_mission/Eigen-3.3/doc/examples/make_circulant2.cpp
[15.756s] -- Up-to-date: /home/rhobtor/PHD/ARGOJ8_IA/ARGOSJ8_IA_/install/ctl_mission/include/ctl_mission/Eigen-3.3/doc/examples/tut_arithmetic_matrix_mul.cpp
[15.756s] -- Up-to-date: /home/rhobtor/PHD/ARGOJ8_IA/ARGOSJ8_IA_/install/ctl_mission/include/ctl_mission/Eigen-3.3/doc/examples/DenseBase_template_int_middleRows.cpp
[15.756s] -- Up-to-date: /home/rhobtor/PHD/ARGOJ8_IA/ARGOSJ8_IA_/install/ctl_mission/include/ctl_mission/Eigen-3.3/doc/examples/class_CwiseBinaryOp.cpp
[15.756s] -- Up-to-date: /home/rhobtor/PHD/ARGOJ8_IA/ARGOSJ8_IA_/install/ctl_mission/include/ctl_mission/Eigen-3.3/doc/examples/make_circulant.cpp.traits
[15.756s] -- Up-to-date: /home/rhobtor/PHD/ARGOJ8_IA/ARGOSJ8_IA_/install/ctl_mission/include/ctl_mission/Eigen-3.3/doc/examples/CustomizingEigen_Inheritance.cpp
[15.756s] -- Up-to-date: /home/rhobtor/PHD/ARGOJ8_IA/ARGOSJ8_IA_/install/ctl_mission/include/ctl_mission/Eigen-3.3/doc/examples/Tutorial_ReductionsVisitorsBroadcasting_rowwise.cpp
[15.756s] -- Up-to-date: /home/rhobtor/PHD/ARGOJ8_IA/ARGOSJ8_IA_/install/ctl_mission/include/ctl_mission/Eigen-3.3/doc/examples/Tutorial_BlockOperations_block_assignment.cpp
[15.757s] -- Up-to-date: /home/rhobtor/PHD/ARGOJ8_IA/ARGOSJ8_IA_/install/ctl_mission/include/ctl_mission/Eigen-3.3/doc/examples/tut_arithmetic_redux_basic.cpp
[15.757s] -- Up-to-date: /home/rhobtor/PHD/ARGOJ8_IA/ARGOSJ8_IA_/install/ctl_mission/include/ctl_mission/Eigen-3.3/doc/examples/tut_arithmetic_add_sub.cpp
[15.757s] -- Up-to-date: /home/rhobtor/PHD/ARGOJ8_IA/ARGOSJ8_IA_/install/ctl_mission/include/ctl_mission/Eigen-3.3/doc/examples/Tutorial_simple_example_dynamic_size.cpp
[15.757s] -- Up-to-date: /home/rhobtor/PHD/ARGOJ8_IA/ARGOSJ8_IA_/install/ctl_mission/include/ctl_mission/Eigen-3.3/doc/examples/Tutorial_ReductionsVisitorsBroadcasting_broadcast_simple.cpp
[15.757s] -- Up-to-date: /home/rhobtor/PHD/ARGOJ8_IA/ARGOSJ8_IA_/install/ctl_mission/include/ctl_mission/Eigen-3.3/doc/examples/Tutorial_simple_example_fixed_size.cpp
[15.757s] -- Up-to-date: /home/rhobtor/PHD/ARGOJ8_IA/ARGOSJ8_IA_/install/ctl_mission/include/ctl_mission/Eigen-3.3/doc/examples/TutorialLinAlgExComputeSolveError.cpp
[15.757s] -- Up-to-date: /home/rhobtor/PHD/ARGOJ8_IA/ARGOSJ8_IA_/install/ctl_mission/include/ctl_mission/Eigen-3.3/doc/examples/Tutorial_ReductionsVisitorsBroadcasting_broadcast_simple_rowwise.cpp
[15.757s] -- Up-to-date: /home/rhobtor/PHD/ARGOJ8_IA/ARGOSJ8_IA_/install/ctl_mission/include/ctl_mission/Eigen-3.3/doc/examples/TutorialLinAlgSVDSolve.cpp
[15.757s] -- Up-to-date: /home/rhobtor/PHD/ARGOJ8_IA/ARGOSJ8_IA_/install/ctl_mission/include/ctl_mission/Eigen-3.3/doc/examples/tut_arithmetic_scalar_mul_div.cpp
[15.757s] -- Up-to-date: /home/rhobtor/PHD/ARGOJ8_IA/ARGOSJ8_IA_/install/ctl_mission/include/ctl_mission/Eigen-3.3/doc/examples/TemplateKeyword_flexible.cpp
[15.757s] -- Up-to-date: /home/rhobtor/PHD/ARGOJ8_IA/ARGOSJ8_IA_/install/ctl_mission/include/ctl_mission/Eigen-3.3/doc/examples/QuickStart_example.cpp
[15.757s] -- Up-to-date: /home/rhobtor/PHD/ARGOJ8_IA/ARGOSJ8_IA_/install/ctl_mission/include/ctl_mission/Eigen-3.3/doc/examples/QuickStart_example2_fixed.cpp
[15.757s] -- Up-to-date: /home/rhobtor/PHD/ARGOJ8_IA/ARGOSJ8_IA_/install/ctl_mission/include/ctl_mission/Eigen-3.3/doc/examples/Tutorial_BlockOperations_corner.cpp
[15.757s] -- Up-to-date: /home/rhobtor/PHD/ARGOJ8_IA/ARGOSJ8_IA_/install/ctl_mission/include/ctl_mission/Eigen-3.3/doc/examples/QuickStart_example2_dynamic.cpp
[15.757s] -- Up-to-date: /home/rhobtor/PHD/ARGOJ8_IA/ARGOSJ8_IA_/install/ctl_mission/include/ctl_mission/Eigen-3.3/doc/examples/Tutorial_ArrayClass_accessors.cpp
[15.757s] -- Up-to-date: /home/rhobtor/PHD/ARGOJ8_IA/ARGOSJ8_IA_/install/ctl_mission/include/ctl_mission/Eigen-3.3/doc/examples/nullary_indexing.cpp
[15.757s] -- Up-to-date: /home/rhobtor/PHD/ARGOJ8_IA/ARGOSJ8_IA_/install/ctl_mission/include/ctl_mission/Eigen-3.3/doc/examples/CMakeLists.txt
[15.757s] -- Up-to-date: /home/rhobtor/PHD/ARGOJ8_IA/ARGOSJ8_IA_/install/ctl_mission/include/ctl_mission/Eigen-3.3/doc/examples/tut_arithmetic_dot_cross.cpp
[15.757s] -- Up-to-date: /home/rhobtor/PHD/ARGOJ8_IA/ARGOSJ8_IA_/install/ctl_mission/include/ctl_mission/Eigen-3.3/doc/examples/Tutorial_BlockOperations_colrow.cpp
[15.757s] -- Up-to-date: /home/rhobtor/PHD/ARGOJ8_IA/ARGOSJ8_IA_/install/ctl_mission/include/ctl_mission/Eigen-3.3/doc/examples/Tutorial_ArrayClass_addition.cpp
[15.757s] -- Up-to-date: /home/rhobtor/PHD/ARGOJ8_IA/ARGOSJ8_IA_/install/ctl_mission/include/ctl_mission/Eigen-3.3/doc/examples/tut_matrix_resize_fixed_size.cpp
[15.757s] -- Up-to-date: /home/rhobtor/PHD/ARGOJ8_IA/ARGOSJ8_IA_/install/ctl_mission/include/ctl_mission/Eigen-3.3/doc/examples/class_Block.cpp
[15.757s] -- Up-to-date: /home/rhobtor/PHD/ARGOJ8_IA/ARGOSJ8_IA_/install/ctl_mission/include/ctl_mission/Eigen-3.3/doc/examples/tut_matrix_resize.cpp
[15.758s] -- Up-to-date: /home/rhobtor/PHD/ARGOJ8_IA/ARGOSJ8_IA_/install/ctl_mission/include/ctl_mission/Eigen-3.3/doc/examples/make_circulant.cpp.entry
[15.758s] -- Up-to-date: /home/rhobtor/PHD/ARGOJ8_IA/ARGOSJ8_IA_/install/ctl_mission/include/ctl_mission/Eigen-3.3/doc/examples/DenseBase_middleRows_int.cpp
[15.758s] -- Up-to-date: /home/rhobtor/PHD/ARGOJ8_IA/ARGOSJ8_IA_/install/ctl_mission/include/ctl_mission/Eigen-3.3/doc/examples/TutorialLinAlgSelfAdjointEigenSolver.cpp
[15.758s] -- Up-to-date: /home/rhobtor/PHD/ARGOJ8_IA/ARGOSJ8_IA_/install/ctl_mission/include/ctl_mission/Eigen-3.3/doc/examples/Tutorial_ArrayClass_interop_matrix.cpp
[15.758s] -- Up-to-date: /home/rhobtor/PHD/ARGOJ8_IA/ARGOSJ8_IA_/install/ctl_mission/include/ctl_mission/Eigen-3.3/doc/examples/Tutorial_ReductionsVisitorsBroadcasting_broadcast_1nn.cpp
[15.758s] -- Up-to-date: /home/rhobtor/PHD/ARGOJ8_IA/ARGOSJ8_IA_/install/ctl_mission/include/ctl_mission/Eigen-3.3/doc/examples/Cwise_erf.cpp
[15.758s] -- Up-to-date: /home/rhobtor/PHD/ARGOJ8_IA/ARGOSJ8_IA_/install/ctl_mission/include/ctl_mission/Eigen-3.3/doc/examples/Cwise_lgamma.cpp
[15.758s] -- Up-to-date: /home/rhobtor/PHD/ARGOJ8_IA/ARGOSJ8_IA_/install/ctl_mission/include/ctl_mission/Eigen-3.3/doc/examples/make_circulant.cpp.evaluator
[15.758s] -- Up-to-date: /home/rhobtor/PHD/ARGOJ8_IA/ARGOSJ8_IA_/install/ctl_mission/include/ctl_mission/Eigen-3.3/doc/examples/class_FixedBlock.cpp
[15.758s] -- Up-to-date: /home/rhobtor/PHD/ARGOJ8_IA/ARGOSJ8_IA_/install/ctl_mission/include/ctl_mission/Eigen-3.3/doc/examples/Tutorial_ReductionsVisitorsBroadcasting_reductions_bool.cpp
[15.758s] -- Up-to-date: /home/rhobtor/PHD/ARGOJ8_IA/ARGOSJ8_IA_/install/ctl_mission/include/ctl_mission/Eigen-3.3/doc/examples/Tutorial_ReductionsVisitorsBroadcasting_reductions_operatornorm.cpp
[15.758s] -- Up-to-date: /home/rhobtor/PHD/ARGOJ8_IA/ARGOSJ8_IA_/install/ctl_mission/include/ctl_mission/Eigen-3.3/doc/examples/Tutorial_ArrayClass_cwise_other.cpp
[15.758s] -- Up-to-date: /home/rhobtor/PHD/ARGOJ8_IA/ARGOSJ8_IA_/install/ctl_mission/include/ctl_mission/Eigen-3.3/doc/examples/class_FixedVectorBlock.cpp
[15.758s] -- Up-to-date: /home/rhobtor/PHD/ARGOJ8_IA/ARGOSJ8_IA_/install/ctl_mission/include/ctl_mission/Eigen-3.3/doc/examples/class_CwiseUnaryOp_ptrfun.cpp
[15.758s] -- Up-to-date: /home/rhobtor/PHD/ARGOJ8_IA/ARGOSJ8_IA_/install/ctl_mission/include/ctl_mission/Eigen-3.3/doc/examples/TutorialLinAlgSetThreshold.cpp
[15.758s] -- Up-to-date: /home/rhobtor/PHD/ARGOJ8_IA/ARGOSJ8_IA_/install/ctl_mission/include/ctl_mission/Eigen-3.3/doc/examples/DenseBase_middleCols_int.cpp
[15.758s] -- Up-to-date: /home/rhobtor/PHD/ARGOJ8_IA/ARGOSJ8_IA_/install/ctl_mission/include/ctl_mission/Eigen-3.3/doc/examples/make_circulant.cpp.expression
[15.758s] -- Up-to-date: /home/rhobtor/PHD/ARGOJ8_IA/ARGOSJ8_IA_/install/ctl_mission/include/ctl_mission/Eigen-3.3/doc/examples/make_circulant.cpp.preamble
[15.758s] -- Up-to-date: /home/rhobtor/PHD/ARGOJ8_IA/ARGOSJ8_IA_/install/ctl_mission/include/ctl_mission/Eigen-3.3/doc/examples/Tutorial_ReductionsVisitorsBroadcasting_maxnorm.cpp
[15.759s] -- Up-to-date: /home/rhobtor/PHD/ARGOJ8_IA/ARGOSJ8_IA_/install/ctl_mission/include/ctl_mission/Eigen-3.3/doc/examples/TutorialLinAlgComputeTwice.cpp
[15.759s] -- Up-to-date: /home/rhobtor/PHD/ARGOJ8_IA/ARGOSJ8_IA_/install/ctl_mission/include/ctl_mission/Eigen-3.3/doc/examples/Tutorial_ArrayClass_interop.cpp
[15.759s] -- Up-to-date: /home/rhobtor/PHD/ARGOJ8_IA/ARGOSJ8_IA_/install/ctl_mission/include/ctl_mission/Eigen-3.3/doc/examples/class_VectorBlock.cpp
[15.759s] -- Up-to-date: /home/rhobtor/PHD/ARGOJ8_IA/ARGOSJ8_IA_/install/ctl_mission/include/ctl_mission/Eigen-3.3/doc/examples/.krazy
[15.759s] -- Up-to-date: /home/rhobtor/PHD/ARGOJ8_IA/ARGOSJ8_IA_/install/ctl_mission/include/ctl_mission/Eigen-3.3/doc/examples/make_circulant.cpp.main
[15.759s] -- Up-to-date: /home/rhobtor/PHD/ARGOJ8_IA/ARGOSJ8_IA_/install/ctl_mission/include/ctl_mission/Eigen-3.3/doc/examples/function_taking_ref.cpp
[15.759s] -- Up-to-date: /home/rhobtor/PHD/ARGOJ8_IA/ARGOSJ8_IA_/install/ctl_mission/include/ctl_mission/Eigen-3.3/doc/examples/Tutorial_ReductionsVisitorsBroadcasting_reductions_norm.cpp
[15.759s] -- Up-to-date: /home/rhobtor/PHD/ARGOJ8_IA/ARGOSJ8_IA_/install/ctl_mission/include/ctl_mission/Eigen-3.3/doc/examples/function_taking_eigenbase.cpp
[15.759s] -- Up-to-date: /home/rhobtor/PHD/ARGOJ8_IA/ARGOSJ8_IA_/install/ctl_mission/include/ctl_mission/Eigen-3.3/doc/examples/make_circulant.cpp
[15.759s] -- Up-to-date: /home/rhobtor/PHD/ARGOJ8_IA/ARGOSJ8_IA_/install/ctl_mission/include/ctl_mission/Eigen-3.3/doc/examples/TutorialLinAlgInverseDeterminant.cpp
[15.759s] -- Up-to-date: /home/rhobtor/PHD/ARGOJ8_IA/ARGOSJ8_IA_/install/ctl_mission/include/ctl_mission/Eigen-3.3/doc/examples/Cwise_erfc.cpp
[15.759s] -- Up-to-date: /home/rhobtor/PHD/ARGOJ8_IA/ARGOSJ8_IA_/install/ctl_mission/include/ctl_mission/Eigen-3.3/doc/examples/TemplateKeyword_simple.cpp
[15.759s] -- Up-to-date: /home/rhobtor/PHD/ARGOJ8_IA/ARGOSJ8_IA_/install/ctl_mission/include/ctl_mission/Eigen-3.3/doc/examples/matrixfree_cg.cpp
[15.759s] -- Up-to-date: /home/rhobtor/PHD/ARGOJ8_IA/ARGOSJ8_IA_/install/ctl_mission/include/ctl_mission/Eigen-3.3/doc/examples/Tutorial_ArrayClass_mult.cpp
[15.759s] -- Up-to-date: /home/rhobtor/PHD/ARGOJ8_IA/ARGOSJ8_IA_/install/ctl_mission/include/ctl_mission/Eigen-3.3/doc/examples/Tutorial_BlockOperations_print_block.cpp
[15.759s] -- Up-to-date: /home/rhobtor/PHD/ARGOJ8_IA/ARGOSJ8_IA_/install/ctl_mission/include/ctl_mission/Eigen-3.3/doc/examples/TutorialInplaceLU.cpp
[15.759s] -- Up-to-date: /home/rhobtor/PHD/ARGOJ8_IA/ARGOSJ8_IA_/install/ctl_mission/include/ctl_mission/Eigen-3.3/doc/examples/tut_matrix_coefficient_accessors.cpp
[15.759s] -- Up-to-date: /home/rhobtor/PHD/ARGOJ8_IA/ARGOSJ8_IA_/install/ctl_mission/include/ctl_mission/Eigen-3.3/doc/examples/DenseBase_template_int_middleCols.cpp
[15.759s] -- Up-to-date: /home/rhobtor/PHD/ARGOJ8_IA/ARGOSJ8_IA_/install/ctl_mission/include/ctl_mission/Eigen-3.3/doc/examples/TutorialLinAlgExSolveLDLT.cpp
[15.760s] -- Up-to-date: /home/rhobtor/PHD/ARGOJ8_IA/ARGOSJ8_IA_/install/ctl_mission/include/ctl_mission/Eigen-3.3/doc/examples/TutorialLinAlgRankRevealing.cpp
[15.760s] -- Up-to-date: /home/rhobtor/PHD/ARGOJ8_IA/ARGOSJ8_IA_/install/ctl_mission/include/ctl_mission/Eigen-3.3/doc/examples/Tutorial_BlockOperations_vector.cpp
[15.760s] -- Up-to-date: /home/rhobtor/PHD/ARGOJ8_IA/ARGOSJ8_IA_/install/ctl_mission/include/ctl_mission/Eigen-3.3/doc/examples/Tutorial_ReductionsVisitorsBroadcasting_visitors.cpp
[15.760s] -- Up-to-date: /home/rhobtor/PHD/ARGOJ8_IA/ARGOSJ8_IA_/install/ctl_mission/include/ctl_mission/Eigen-3.3/doc/examples/TutorialLinAlgExSolveColPivHouseholderQR.cpp
[15.760s] -- Up-to-date: /home/rhobtor/PHD/ARGOJ8_IA/ARGOSJ8_IA_/install/ctl_mission/include/ctl_mission/Eigen-3.3/doc/SparseQuickReference.dox
[15.760s] -- Up-to-date: /home/rhobtor/PHD/ARGOJ8_IA/ARGOSJ8_IA_/install/ctl_mission/include/ctl_mission/Eigen-3.3/doc/UsingIntelMKL.dox
[15.760s] -- Up-to-date: /home/rhobtor/PHD/ARGOJ8_IA/ARGOSJ8_IA_/install/ctl_mission/include/ctl_mission/Eigen-3.3/doc/LeastSquares.dox
[15.760s] -- Up-to-date: /home/rhobtor/PHD/ARGOJ8_IA/ARGOSJ8_IA_/install/ctl_mission/include/ctl_mission/Eigen-3.3/doc/TutorialMapClass.dox
[15.760s] -- Up-to-date: /home/rhobtor/PHD/ARGOJ8_IA/ARGOSJ8_IA_/install/ctl_mission/include/ctl_mission/Eigen-3.3/doc/CustomizingEigen_Plugins.dox
[15.760s] -- Up-to-date: /home/rhobtor/PHD/ARGOJ8_IA/ARGOSJ8_IA_/install/ctl_mission/include/ctl_mission/Eigen-3.3/doc/QuickReference.dox
[15.760s] -- Up-to-date: /home/rhobtor/PHD/ARGOJ8_IA/ARGOSJ8_IA_/install/ctl_mission/include/ctl_mission/Eigen-3.3/doc/UsingBlasLapackBackends.dox
[15.760s] -- Up-to-date: /home/rhobtor/PHD/ARGOJ8_IA/ARGOSJ8_IA_/install/ctl_mission/include/ctl_mission/Eigen-3.3/doc/ftv2node.png
[15.760s] -- Up-to-date: /home/rhobtor/PHD/ARGOJ8_IA/ARGOSJ8_IA_/install/ctl_mission/include/ctl_mission/Eigen-3.3/doc/TopicVectorization.dox
[15.760s] -- Up-to-date: /home/rhobtor/PHD/ARGOJ8_IA/ARGOSJ8_IA_/install/ctl_mission/include/ctl_mission/Eigen-3.3/doc/A05_PortingFrom2To3.dox
[15.760s] -- Up-to-date: /home/rhobtor/PHD/ARGOJ8_IA/ARGOSJ8_IA_/install/ctl_mission/include/ctl_mission/Eigen-3.3/doc/CustomizingEigen_InheritingMatrix.dox
[15.760s] -- Up-to-date: /home/rhobtor/PHD/ARGOJ8_IA/ARGOSJ8_IA_/install/ctl_mission/include/ctl_mission/Eigen-3.3/doc/UnalignedArrayAssert.dox
[15.760s] -- Up-to-date: /home/rhobtor/PHD/ARGOJ8_IA/ARGOSJ8_IA_/install/ctl_mission/include/ctl_mission/Eigen-3.3/doc/Pitfalls.dox
[15.760s] -- Up-to-date: /home/rhobtor/PHD/ARGOJ8_IA/ARGOSJ8_IA_/install/ctl_mission/include/ctl_mission/Eigen-3.3/doc/snippets
[15.760s] -- Up-to-date: /home/rhobtor/PHD/ARGOJ8_IA/ARGOSJ8_IA_/install/ctl_mission/include/ctl_mission/Eigen-3.3/doc/snippets/MatrixBase_leftCols_int.cpp
[15.761s] -- Up-to-date: /home/rhobtor/PHD/ARGOJ8_IA/ARGOSJ8_IA_/install/ctl_mission/include/ctl_mission/Eigen-3.3/doc/snippets/DenseBase_LinSpaced_seq.cpp
[15.761s] -- Up-to-date: /home/rhobtor/PHD/ARGOJ8_IA/ARGOSJ8_IA_/install/ctl_mission/include/ctl_mission/Eigen-3.3/doc/snippets/MatrixBase_template_int_int_block_int_int_int_int.cpp
[15.761s] -- Up-to-date: /home/rhobtor/PHD/ARGOJ8_IA/ARGOSJ8_IA_/install/ctl_mission/include/ctl_mission/Eigen-3.3/doc/snippets/Tutorial_AdvancedInitialization_Join.cpp
[15.761s] -- Up-to-date: /home/rhobtor/PHD/ARGOJ8_IA/ARGOSJ8_IA_/install/ctl_mission/include/ctl_mission/Eigen-3.3/doc/snippets/MatrixBase_isOnes.cpp
[15.761s] -- Up-to-date: /home/rhobtor/PHD/ARGOJ8_IA/ARGOSJ8_IA_/install/ctl_mission/include/ctl_mission/Eigen-3.3/doc/snippets/MatrixBase_asDiagonal.cpp
[15.761s] -- Up-to-date: /home/rhobtor/PHD/ARGOJ8_IA/ARGOSJ8_IA_/install/ctl_mission/include/ctl_mission/Eigen-3.3/doc/snippets/PartialRedux_maxCoeff.cpp
[15.761s] -- Up-to-date: /home/rhobtor/PHD/ARGOJ8_IA/ARGOSJ8_IA_/install/ctl_mission/include/ctl_mission/Eigen-3.3/doc/snippets/MatrixBase_homogeneous.cpp
[15.761s] -- Up-to-date: /home/rhobtor/PHD/ARGOJ8_IA/ARGOSJ8_IA_/install/ctl_mission/include/ctl_mission/Eigen-3.3/doc/snippets/PartialRedux_norm.cpp
[15.761s] -- Up-to-date: /home/rhobtor/PHD/ARGOJ8_IA/ARGOSJ8_IA_/install/ctl_mission/include/ctl_mission/Eigen-3.3/doc/snippets/Tutorial_solve_reuse_decomposition.cpp
[15.761s] -- Up-to-date: /home/rhobtor/PHD/ARGOJ8_IA/ARGOSJ8_IA_/install/ctl_mission/include/ctl_mission/Eigen-3.3/doc/snippets/Cwise_sign.cpp
[15.761s] -- Up-to-date: /home/rhobtor/PHD/ARGOJ8_IA/ARGOSJ8_IA_/install/ctl_mission/include/ctl_mission/Eigen-3.3/doc/snippets/EigenSolver_pseudoEigenvectors.cpp
[15.761s] -- Up-to-date: /home/rhobtor/PHD/ARGOJ8_IA/ARGOSJ8_IA_/install/ctl_mission/include/ctl_mission/Eigen-3.3/doc/snippets/EigenSolver_compute.cpp
[15.761s] -- Up-to-date: /home/rhobtor/PHD/ARGOJ8_IA/ARGOSJ8_IA_/install/ctl_mission/include/ctl_mission/Eigen-3.3/doc/snippets/Cwise_round.cpp
[15.761s] -- Up-to-date: /home/rhobtor/PHD/ARGOJ8_IA/ARGOSJ8_IA_/install/ctl_mission/include/ctl_mission/Eigen-3.3/doc/snippets/Cwise_product.cpp
[15.761s] -- Up-to-date: /home/rhobtor/PHD/ARGOJ8_IA/ARGOSJ8_IA_/install/ctl_mission/include/ctl_mission/Eigen-3.3/doc/snippets/MatrixBase_random_int.cpp
[15.761s] -- Up-to-date: /home/rhobtor/PHD/ARGOJ8_IA/ARGOSJ8_IA_/install/ctl_mission/include/ctl_mission/Eigen-3.3/doc/snippets/MatrixBase_transpose.cpp
[15.761s] -- Up-to-date: /home/rhobtor/PHD/ARGOJ8_IA/ARGOSJ8_IA_/install/ctl_mission/include/ctl_mission/Eigen-3.3/doc/snippets/MatrixBase_setRandom.cpp
[15.761s] -- Up-to-date: /home/rhobtor/PHD/ARGOJ8_IA/ARGOSJ8_IA_/install/ctl_mission/include/ctl_mission/Eigen-3.3/doc/snippets/Vectorwise_reverse.cpp
[15.761s] -- Up-to-date: /home/rhobtor/PHD/ARGOJ8_IA/ARGOSJ8_IA_/install/ctl_mission/include/ctl_mission/Eigen-3.3/doc/snippets/MatrixBase_template_int_int_topLeftCorner.cpp
[15.761s] -- Up-to-date: /home/rhobtor/PHD/ARGOJ8_IA/ARGOSJ8_IA_/install/ctl_mission/include/ctl_mission/Eigen-3.3/doc/snippets/Map_simple.cpp
[15.762s] -- Up-to-date: /home/rhobtor/PHD/ARGOJ8_IA/ARGOSJ8_IA_/install/ctl_mission/include/ctl_mission/Eigen-3.3/doc/snippets/Cwise_cube.cpp
[15.762s] -- Up-to-date: /home/rhobtor/PHD/ARGOJ8_IA/ARGOSJ8_IA_/install/ctl_mission/include/ctl_mission/Eigen-3.3/doc/snippets/TopicAliasing_mult2.cpp
[15.762s] -- Up-to-date: /home/rhobtor/PHD/ARGOJ8_IA/ARGOSJ8_IA_/install/ctl_mission/include/ctl_mission/Eigen-3.3/doc/snippets/Tutorial_AdvancedInitialization_Block.cpp
[15.762s] -- Up-to-date: /home/rhobtor/PHD/ARGOJ8_IA/ARGOSJ8_IA_/install/ctl_mission/include/ctl_mission/Eigen-3.3/doc/snippets/MatrixBase_cwiseInverse.cpp
[15.762s] -- Up-to-date: /home/rhobtor/PHD/ARGOJ8_IA/ARGOSJ8_IA_/install/ctl_mission/include/ctl_mission/Eigen-3.3/doc/snippets/HouseholderSequence_HouseholderSequence.cpp
[15.762s] -- Up-to-date: /home/rhobtor/PHD/ARGOJ8_IA/ARGOSJ8_IA_/install/ctl_mission/include/ctl_mission/Eigen-3.3/doc/snippets/Cwise_plus_equal.cpp
[15.762s] -- Up-to-date: /home/rhobtor/PHD/ARGOJ8_IA/ARGOSJ8_IA_/install/ctl_mission/include/ctl_mission/Eigen-3.3/doc/snippets/MatrixBase_end_int.cpp
[15.762s] -- Up-to-date: /home/rhobtor/PHD/ARGOJ8_IA/ARGOSJ8_IA_/install/ctl_mission/include/ctl_mission/Eigen-3.3/doc/snippets/Matrix_resize_int_NoChange.cpp
[15.762s] -- Up-to-date: /home/rhobtor/PHD/ARGOJ8_IA/ARGOSJ8_IA_/install/ctl_mission/include/ctl_mission/Eigen-3.3/doc/snippets/Jacobi_makeGivens.cpp
[15.762s] -- Up-to-date: /home/rhobtor/PHD/ARGOJ8_IA/ARGOSJ8_IA_/install/ctl_mission/include/ctl_mission/Eigen-3.3/doc/snippets/Cwise_plus.cpp
[15.762s] -- Up-to-date: /home/rhobtor/PHD/ARGOJ8_IA/ARGOSJ8_IA_/install/ctl_mission/include/ctl_mission/Eigen-3.3/doc/snippets/Cwise_boolean_and.cpp
[15.762s] -- Up-to-date: /home/rhobtor/PHD/ARGOJ8_IA/ARGOSJ8_IA_/install/ctl_mission/include/ctl_mission/Eigen-3.3/doc/snippets/SelfAdjointEigenSolver_operatorSqrt.cpp
[15.762s] -- Up-to-date: /home/rhobtor/PHD/ARGOJ8_IA/ARGOSJ8_IA_/install/ctl_mission/include/ctl_mission/Eigen-3.3/doc/snippets/Tutorial_commainit_02.cpp
[15.762s] -- Up-to-date: /home/rhobtor/PHD/ARGOJ8_IA/ARGOSJ8_IA_/install/ctl_mission/include/ctl_mission/Eigen-3.3/doc/snippets/MatrixBase_zero_int_int.cpp
[15.762s] -- Up-to-date: /home/rhobtor/PHD/ARGOJ8_IA/ARGOSJ8_IA_/install/ctl_mission/include/ctl_mission/Eigen-3.3/doc/snippets/Cwise_tanh.cpp
[15.762s] -- Up-to-date: /home/rhobtor/PHD/ARGOJ8_IA/ARGOSJ8_IA_/install/ctl_mission/include/ctl_mission/Eigen-3.3/doc/snippets/DenseBase_LinSpaced.cpp
[15.762s] -- Up-to-date: /home/rhobtor/PHD/ARGOJ8_IA/ARGOSJ8_IA_/install/ctl_mission/include/ctl_mission/Eigen-3.3/doc/snippets/Cwise_atan.cpp
[15.762s] -- Up-to-date: /home/rhobtor/PHD/ARGOJ8_IA/ARGOSJ8_IA_/install/ctl_mission/include/ctl_mission/Eigen-3.3/doc/snippets/SelfAdjointEigenSolver_SelfAdjointEigenSolver_MatrixType.cpp
[15.762s] -- Up-to-date: /home/rhobtor/PHD/ARGOJ8_IA/ARGOSJ8_IA_/install/ctl_mission/include/ctl_mission/Eigen-3.3/doc/snippets/MatrixBase_bottomLeftCorner_int_int.cpp
[15.762s] -- Up-to-date: /home/rhobtor/PHD/ARGOJ8_IA/ARGOSJ8_IA_/install/ctl_mission/include/ctl_mission/Eigen-3.3/doc/snippets/MatrixBase_template_int_rightCols.cpp
[15.762s] -- Up-to-date: /home/rhobtor/PHD/ARGOJ8_IA/ARGOSJ8_IA_/install/ctl_mission/include/ctl_mission/Eigen-3.3/doc/snippets/Cwise_exp.cpp
[15.762s] -- Up-to-date: /home/rhobtor/PHD/ARGOJ8_IA/ARGOSJ8_IA_/install/ctl_mission/include/ctl_mission/Eigen-3.3/doc/snippets/TopicAliasing_cwise.cpp
[15.762s] -- Up-to-date: /home/rhobtor/PHD/ARGOJ8_IA/ARGOSJ8_IA_/install/ctl_mission/include/ctl_mission/Eigen-3.3/doc/snippets/TopicAliasing_block.cpp
[15.762s] -- Up-to-date: /home/rhobtor/PHD/ARGOJ8_IA/ARGOSJ8_IA_/install/ctl_mission/include/ctl_mission/Eigen-3.3/doc/snippets/Tutorial_Map_using.cpp
[15.762s] -- Up-to-date: /home/rhobtor/PHD/ARGOJ8_IA/ARGOSJ8_IA_/install/ctl_mission/include/ctl_mission/Eigen-3.3/doc/snippets/MatrixBase_template_int_end.cpp
[15.762s] -- Up-to-date: /home/rhobtor/PHD/ARGOJ8_IA/ARGOSJ8_IA_/install/ctl_mission/include/ctl_mission/Eigen-3.3/doc/snippets/MatrixBase_hnormalized.cpp
[15.762s] -- Up-to-date: /home/rhobtor/PHD/ARGOJ8_IA/ARGOSJ8_IA_/install/ctl_mission/include/ctl_mission/Eigen-3.3/doc/snippets/PartialRedux_count.cpp
[15.763s] -- Up-to-date: /home/rhobtor/PHD/ARGOJ8_IA/ARGOSJ8_IA_/install/ctl_mission/include/ctl_mission/Eigen-3.3/doc/snippets/MatrixBase_template_int_int_topRightCorner.cpp
[15.763s] -- Up-to-date: /home/rhobtor/PHD/ARGOJ8_IA/ARGOSJ8_IA_/install/ctl_mission/include/ctl_mission/Eigen-3.3/doc/snippets/MatrixBase_start_int.cpp
[15.763s] -- Up-to-date: /home/rhobtor/PHD/ARGOJ8_IA/ARGOSJ8_IA_/install/ctl_mission/include/ctl_mission/Eigen-3.3/doc/snippets/MatrixBase_computeInverseAndDetWithCheck.cpp
[15.763s] -- Up-to-date: /home/rhobtor/PHD/ARGOJ8_IA/ARGOSJ8_IA_/install/ctl_mission/include/ctl_mission/Eigen-3.3/doc/snippets/MatrixBase_cast.cpp
[15.763s] -- Up-to-date: /home/rhobtor/PHD/ARGOJ8_IA/ARGOSJ8_IA_/install/ctl_mission/include/ctl_mission/Eigen-3.3/doc/snippets/MatrixBase_isZero.cpp
[15.763s] -- Up-to-date: /home/rhobtor/PHD/ARGOJ8_IA/ARGOSJ8_IA_/install/ctl_mission/include/ctl_mission/Eigen-3.3/doc/snippets/MatrixBase_topLeftCorner_int_int.cpp
[15.763s] -- Up-to-date: /home/rhobtor/PHD/ARGOJ8_IA/ARGOSJ8_IA_/install/ctl_mission/include/ctl_mission/Eigen-3.3/doc/snippets/SelfAdjointEigenSolver_eigenvectors.cpp
[15.763s] -- Up-to-date: /home/rhobtor/PHD/ARGOJ8_IA/ARGOSJ8_IA_/install/ctl_mission/include/ctl_mission/Eigen-3.3/doc/snippets/ComplexSchur_matrixT.cpp
[15.763s] -- Up-to-date: /home/rhobtor/PHD/ARGOJ8_IA/ARGOSJ8_IA_/install/ctl_mission/include/ctl_mission/Eigen-3.3/doc/snippets/tut_arithmetic_transpose_inplace.cpp
[15.763s] -- Up-to-date: /home/rhobtor/PHD/ARGOJ8_IA/ARGOSJ8_IA_/install/ctl_mission/include/ctl_mission/Eigen-3.3/doc/snippets/MatrixBase_template_int_bottomRows.cpp
[15.763s] -- Up-to-date: /home/rhobtor/PHD/ARGOJ8_IA/ARGOSJ8_IA_/install/ctl_mission/include/ctl_mission/Eigen-3.3/doc/snippets/PartialRedux_squaredNorm.cpp
[15.763s] -- Up-to-date: /home/rhobtor/PHD/ARGOJ8_IA/ARGOSJ8_IA_/install/ctl_mission/include/ctl_mission/Eigen-3.3/doc/snippets/Cwise_sin.cpp
[15.763s] -- Up-to-date: /home/rhobtor/PHD/ARGOJ8_IA/ARGOSJ8_IA_/install/ctl_mission/include/ctl_mission/Eigen-3.3/doc/snippets/Cwise_cos.cpp
[15.763s] -- Up-to-date: /home/rhobtor/PHD/ARGOJ8_IA/ARGOSJ8_IA_/install/ctl_mission/include/ctl_mission/Eigen-3.3/doc/snippets/Tutorial_AdvancedInitialization_CommaTemporary.cpp
[15.763s] -- Up-to-date: /home/rhobtor/PHD/ARGOJ8_IA/ARGOSJ8_IA_/install/ctl_mission/include/ctl_mission/Eigen-3.3/doc/snippets/MatrixBase_template_int_start.cpp
[15.763s] -- Up-to-date: /home/rhobtor/PHD/ARGOJ8_IA/ARGOSJ8_IA_/install/ctl_mission/include/ctl_mission/Eigen-3.3/doc/snippets/MatrixBase_applyOnTheLeft.cpp
[15.763s] -- Up-to-date: /home/rhobtor/PHD/ARGOJ8_IA/ARGOSJ8_IA_/install/ctl_mission/include/ctl_mission/Eigen-3.3/doc/snippets/SelfAdjointEigenSolver_SelfAdjointEigenSolver_MatrixType2.cpp
[15.763s] -- Up-to-date: /home/rhobtor/PHD/ARGOJ8_IA/ARGOSJ8_IA_/install/ctl_mission/include/ctl_mission/Eigen-3.3/doc/snippets/Matrix_setRandom_int_int.cpp
[15.763s] -- Up-to-date: /home/rhobtor/PHD/ARGOJ8_IA/ARGOSJ8_IA_/install/ctl_mission/include/ctl_mission/Eigen-3.3/doc/snippets/MatrixBase_col.cpp
[15.763s] -- Up-to-date: /home/rhobtor/PHD/ARGOJ8_IA/ARGOSJ8_IA_/install/ctl_mission/include/ctl_mission/Eigen-3.3/doc/snippets/Tutorial_ReshapeMat2Vec.cpp
[15.763s] -- Up-to-date: /home/rhobtor/PHD/ARGOJ8_IA/ARGOSJ8_IA_/install/ctl_mission/include/ctl_mission/Eigen-3.3/doc/snippets/Cwise_scalar_power_array.cpp
[15.763s] -- Up-to-date: /home/rhobtor/PHD/ARGOJ8_IA/ARGOSJ8_IA_/install/ctl_mission/include/ctl_mission/Eigen-3.3/doc/snippets/MatrixBase_template_int_int_bottomLeftCorner.cpp
[15.763s] -- Up-to-date: /home/rhobtor/PHD/ARGOJ8_IA/ARGOSJ8_IA_/install/ctl_mission/include/ctl_mission/Eigen-3.3/doc/snippets/Tutorial_solve_triangular.cpp
[15.763s] -- Up-to-date: /home/rhobtor/PHD/ARGOJ8_IA/ARGOSJ8_IA_/install/ctl_mission/include/ctl_mission/Eigen-3.3/doc/snippets/Matrix_setZero_int.cpp
[15.763s] -- Up-to-date: /home/rhobtor/PHD/ARGOJ8_IA/ARGOSJ8_IA_/install/ctl_mission/include/ctl_mission/Eigen-3.3/doc/snippets/MatrixBase_replicate.cpp
[15.763s] -- Up-to-date: /home/rhobtor/PHD/ARGOJ8_IA/ARGOSJ8_IA_/install/ctl_mission/include/ctl_mission/Eigen-3.3/doc/snippets/Cwise_array_power_array.cpp
[15.763s] -- Up-to-date: /home/rhobtor/PHD/ARGOJ8_IA/ARGOSJ8_IA_/install/ctl_mission/include/ctl_mission/Eigen-3.3/doc/snippets/SparseMatrix_coeffs.cpp
[15.764s] -- Up-to-date: /home/rhobtor/PHD/ARGOJ8_IA/ARGOSJ8_IA_/install/ctl_mission/include/ctl_mission/Eigen-3.3/doc/snippets/Cwise_sinh.cpp
[15.764s] -- Up-to-date: /home/rhobtor/PHD/ARGOJ8_IA/ARGOSJ8_IA_/install/ctl_mission/include/ctl_mission/Eigen-3.3/doc/snippets/MatrixBase_eigenvalues.cpp
[15.764s] -- Up-to-date: /home/rhobtor/PHD/ARGOJ8_IA/ARGOSJ8_IA_/install/ctl_mission/include/ctl_mission/Eigen-3.3/doc/snippets/Matrix_resize_NoChange_int.cpp
[15.764s] -- Up-to-date: /home/rhobtor/PHD/ARGOJ8_IA/ARGOSJ8_IA_/install/ctl_mission/include/ctl_mission/Eigen-3.3/doc/snippets/MatrixBase_ones_int_int.cpp
[15.764s] -- Up-to-date: /home/rhobtor/PHD/ARGOJ8_IA/ARGOSJ8_IA_/install/ctl_mission/include/ctl_mission/Eigen-3.3/doc/snippets/MatrixBase_random.cpp
[15.764s] -- Up-to-date: /home/rhobtor/PHD/ARGOJ8_IA/ARGOSJ8_IA_/install/ctl_mission/include/ctl_mission/Eigen-3.3/doc/snippets/MatrixBase_cwiseAbs.cpp
[15.764s] -- Up-to-date: /home/rhobtor/PHD/ARGOJ8_IA/ARGOSJ8_IA_/install/ctl_mission/include/ctl_mission/Eigen-3.3/doc/snippets/MatrixBase_operatorNorm.cpp
[15.764s] -- Up-to-date: /home/rhobtor/PHD/ARGOJ8_IA/ARGOSJ8_IA_/install/ctl_mission/include/ctl_mission/Eigen-3.3/doc/snippets/Cwise_less.cpp
[15.764s] -- Up-to-date: /home/rhobtor/PHD/ARGOJ8_IA/ARGOSJ8_IA_/install/ctl_mission/include/ctl_mission/Eigen-3.3/doc/snippets/Cwise_acos.cpp
[15.764s] -- Up-to-date: /home/rhobtor/PHD/ARGOJ8_IA/ARGOSJ8_IA_/install/ctl_mission/include/ctl_mission/Eigen-3.3/doc/snippets/Cwise_pow.cpp
[15.764s] -- Up-to-date: /home/rhobtor/PHD/ARGOJ8_IA/ARGOSJ8_IA_/install/ctl_mission/include/ctl_mission/Eigen-3.3/doc/snippets/EigenSolver_eigenvectors.cpp
[15.764s] -- Up-to-date: /home/rhobtor/PHD/ARGOJ8_IA/ARGOSJ8_IA_/install/ctl_mission/include/ctl_mission/Eigen-3.3/doc/snippets/Cwise_inverse.cpp
[15.764s] -- Up-to-date: /home/rhobtor/PHD/ARGOJ8_IA/ARGOSJ8_IA_/install/ctl_mission/include/ctl_mission/Eigen-3.3/doc/snippets/Tutorial_AdvancedInitialization_Zero.cpp
[15.764s] -- Up-to-date: /home/rhobtor/PHD/ARGOJ8_IA/ARGOSJ8_IA_/install/ctl_mission/include/ctl_mission/Eigen-3.3/doc/snippets/Cwise_less_equal.cpp
[15.764s] -- Up-to-date: /home/rhobtor/PHD/ARGOJ8_IA/ARGOSJ8_IA_/install/ctl_mission/include/ctl_mission/Eigen-3.3/doc/snippets/MatrixBase_template_int_int_bottomRightCorner.cpp
[15.764s] -- Up-to-date: /home/rhobtor/PHD/ARGOJ8_IA/ARGOSJ8_IA_/install/ctl_mission/include/ctl_mission/Eigen-3.3/doc/snippets/MatrixBase_applyOnTheRight.cpp
[15.764s] -- Up-to-date: /home/rhobtor/PHD/ARGOJ8_IA/ARGOSJ8_IA_/install/ctl_mission/include/ctl_mission/Eigen-3.3/doc/snippets/Map_placement_new.cpp
[15.764s] -- Up-to-date: /home/rhobtor/PHD/ARGOJ8_IA/ARGOSJ8_IA_/install/ctl_mission/include/ctl_mission/Eigen-3.3/doc/snippets/Cwise_abs2.cpp
[15.764s] -- Up-to-date: /home/rhobtor/PHD/ARGOJ8_IA/ARGOSJ8_IA_/install/ctl_mission/include/ctl_mission/Eigen-3.3/doc/snippets/VectorwiseOp_homogeneous.cpp
[15.764s] -- Up-to-date: /home/rhobtor/PHD/ARGOJ8_IA/ARGOSJ8_IA_/install/ctl_mission/include/ctl_mission/Eigen-3.3/doc/snippets/FullPivLU_solve.cpp
[15.765s] -- Up-to-date: /home/rhobtor/PHD/ARGOJ8_IA/ARGOSJ8_IA_/install/ctl_mission/include/ctl_mission/Eigen-3.3/doc/snippets/tut_matrix_assignment_resizing.cpp
[15.765s] -- Up-to-date: /home/rhobtor/PHD/ARGOJ8_IA/ARGOSJ8_IA_/install/ctl_mission/include/ctl_mission/Eigen-3.3/doc/snippets/MatrixBase_zero_int.cpp
[15.765s] -- Up-to-date: /home/rhobtor/PHD/ARGOJ8_IA/ARGOSJ8_IA_/install/ctl_mission/include/ctl_mission/Eigen-3.3/doc/snippets/TopicAliasing_mult1.cpp
[15.765s] -- Up-to-date: /home/rhobtor/PHD/ARGOJ8_IA/ARGOSJ8_IA_/install/ctl_mission/include/ctl_mission/Eigen-3.3/doc/snippets/MatrixBase_cwiseNotEqual.cpp
[15.765s] -- Up-to-date: /home/rhobtor/PHD/ARGOJ8_IA/ARGOSJ8_IA_/install/ctl_mission/include/ctl_mission/Eigen-3.3/doc/snippets/BiCGSTAB_step_by_step.cpp
[15.765s] -- Up-to-date: /home/rhobtor/PHD/ARGOJ8_IA/ARGOSJ8_IA_/install/ctl_mission/include/ctl_mission/Eigen-3.3/doc/snippets/MatrixBase_cwiseMax.cpp
[15.765s] -- Up-to-date: /home/rhobtor/PHD/ARGOJ8_IA/ARGOSJ8_IA_/install/ctl_mission/include/ctl_mission/Eigen-3.3/doc/snippets/IOFormat.cpp
[15.765s] -- Up-to-date: /home/rhobtor/PHD/ARGOJ8_IA/ARGOSJ8_IA_/install/ctl_mission/include/ctl_mission/Eigen-3.3/doc/snippets/SelfAdjointView_eigenvalues.cpp
[15.765s] -- Up-to-date: /home/rhobtor/PHD/ARGOJ8_IA/ARGOSJ8_IA_/install/ctl_mission/include/ctl_mission/Eigen-3.3/doc/snippets/LeastSquaresQR.cpp
[15.765s] -- Up-to-date: /home/rhobtor/PHD/ARGOJ8_IA/ARGOSJ8_IA_/install/ctl_mission/include/ctl_mission/Eigen-3.3/doc/snippets/FullPivHouseholderQR_solve.cpp
[15.765s] -- Up-to-date: /home/rhobtor/PHD/ARGOJ8_IA/ARGOSJ8_IA_/install/ctl_mission/include/ctl_mission/Eigen-3.3/doc/snippets/BiCGSTAB_simple.cpp
[15.765s] -- Up-to-date: /home/rhobtor/PHD/ARGOJ8_IA/ARGOSJ8_IA_/install/ctl_mission/include/ctl_mission/Eigen-3.3/doc/snippets/MatrixBase_ones_int.cpp
[15.765s] -- Up-to-date: /home/rhobtor/PHD/ARGOJ8_IA/ARGOSJ8_IA_/install/ctl_mission/include/ctl_mission/Eigen-3.3/doc/snippets/MatrixBase_diagonal_template_int.cpp
[15.765s] -- Up-to-date: /home/rhobtor/PHD/ARGOJ8_IA/ARGOSJ8_IA_/install/ctl_mission/include/ctl_mission/Eigen-3.3/doc/snippets/Cwise_asin.cpp
[15.765s] -- Up-to-date: /home/rhobtor/PHD/ARGOJ8_IA/ARGOSJ8_IA_/install/ctl_mission/include/ctl_mission/Eigen-3.3/doc/snippets/CMakeLists.txt
[15.765s] -- Up-to-date: /home/rhobtor/PHD/ARGOJ8_IA/ARGOSJ8_IA_/install/ctl_mission/include/ctl_mission/Eigen-3.3/doc/snippets/RealSchur_compute.cpp
[15.765s] -- Up-to-date: /home/rhobtor/PHD/ARGOJ8_IA/ARGOSJ8_IA_/install/ctl_mission/include/ctl_mission/Eigen-3.3/doc/snippets/Tutorial_commainit_01.cpp
[15.765s] -- Up-to-date: /home/rhobtor/PHD/ARGOJ8_IA/ARGOSJ8_IA_/install/ctl_mission/include/ctl_mission/Eigen-3.3/doc/snippets/MatrixBase_rowwise.cpp
[15.765s] -- Up-to-date: /home/rhobtor/PHD/ARGOJ8_IA/ARGOSJ8_IA_/install/ctl_mission/include/ctl_mission/Eigen-3.3/doc/snippets/Cwise_quotient.cpp
[15.766s] -- Up-to-date: /home/rhobtor/PHD/ARGOJ8_IA/ARGOSJ8_IA_/install/ctl_mission/include/ctl_mission/Eigen-3.3/doc/snippets/SelfAdjointEigenSolver_compute_MatrixType2.cpp
[15.766s] -- Up-to-date: /home/rhobtor/PHD/ARGOJ8_IA/ARGOSJ8_IA_/install/ctl_mission/include/ctl_mission/Eigen-3.3/doc/snippets/MatrixBase_cwiseQuotient.cpp
[15.766s] -- Up-to-date: /home/rhobtor/PHD/ARGOJ8_IA/ARGOSJ8_IA_/install/ctl_mission/include/ctl_mission/Eigen-3.3/doc/snippets/HessenbergDecomposition_packedMatrix.cpp
[15.766s] -- Up-to-date: /home/rhobtor/PHD/ARGOJ8_IA/ARGOSJ8_IA_/install/ctl_mission/include/ctl_mission/Eigen-3.3/doc/snippets/Tutorial_solve_triangular_inplace.cpp
[15.766s] -- Up-to-date: /home/rhobtor/PHD/ARGOJ8_IA/ARGOSJ8_IA_/install/ctl_mission/include/ctl_mission/Eigen-3.3/doc/snippets/ComplexSchur_compute.cpp
[15.766s] -- Up-to-date: /home/rhobtor/PHD/ARGOJ8_IA/ARGOSJ8_IA_/install/ctl_mission/include/ctl_mission/Eigen-3.3/doc/snippets/MatrixBase_template_int_int_bottomRightCorner_int_int.cpp
[15.766s] -- Up-to-date: /home/rhobtor/PHD/ARGOJ8_IA/ARGOSJ8_IA_/install/ctl_mission/include/ctl_mission/Eigen-3.3/doc/snippets/Tutorial_commainit_01b.cpp
[15.766s] -- Up-to-date: /home/rhobtor/PHD/ARGOJ8_IA/ARGOSJ8_IA_/install/ctl_mission/include/ctl_mission/Eigen-3.3/doc/snippets/Cwise_min.cpp
[15.766s] -- Up-to-date: /home/rhobtor/PHD/ARGOJ8_IA/ARGOSJ8_IA_/install/ctl_mission/include/ctl_mission/Eigen-3.3/doc/snippets/Tridiagonalization_compute.cpp
[15.766s] -- Up-to-date: /home/rhobtor/PHD/ARGOJ8_IA/ARGOSJ8_IA_/install/ctl_mission/include/ctl_mission/Eigen-3.3/doc/snippets/MatrixBase_replicate_int_int.cpp
[15.766s] -- Up-to-date: /home/rhobtor/PHD/ARGOJ8_IA/ARGOSJ8_IA_/install/ctl_mission/include/ctl_mission/Eigen-3.3/doc/snippets/PartialRedux_prod.cpp
[15.766s] -- Up-to-date: /home/rhobtor/PHD/ARGOJ8_IA/ARGOSJ8_IA_/install/ctl_mission/include/ctl_mission/Eigen-3.3/doc/snippets/MatrixBase_triangularView.cpp
[15.766s] -- Up-to-date: /home/rhobtor/PHD/ARGOJ8_IA/ARGOSJ8_IA_/install/ctl_mission/include/ctl_mission/Eigen-3.3/doc/snippets/Cwise_log.cpp
[15.766s] -- Up-to-date: /home/rhobtor/PHD/ARGOJ8_IA/ARGOSJ8_IA_/install/ctl_mission/include/ctl_mission/Eigen-3.3/doc/snippets/MatrixBase_block_int_int_int_int.cpp
[15.766s] -- Up-to-date: /home/rhobtor/PHD/ARGOJ8_IA/ARGOSJ8_IA_/install/ctl_mission/include/ctl_mission/Eigen-3.3/doc/snippets/Cwise_slash_equal.cpp
[15.766s] -- Up-to-date: /home/rhobtor/PHD/ARGOJ8_IA/ARGOSJ8_IA_/install/ctl_mission/include/ctl_mission/Eigen-3.3/doc/snippets/Tutorial_SlicingVec.cpp
[15.766s] -- Up-to-date: /home/rhobtor/PHD/ARGOJ8_IA/ARGOSJ8_IA_/install/ctl_mission/include/ctl_mission/Eigen-3.3/doc/snippets/DenseBase_setLinSpaced.cpp
[15.766s] -- Up-to-date: /home/rhobtor/PHD/ARGOJ8_IA/ARGOSJ8_IA_/install/ctl_mission/include/ctl_mission/Eigen-3.3/doc/snippets/MatrixBase_zero.cpp
[15.766s] -- Up-to-date: /home/rhobtor/PHD/ARGOJ8_IA/ARGOSJ8_IA_/install/ctl_mission/include/ctl_mission/Eigen-3.3/doc/snippets/Cwise_greater_equal.cpp
[15.766s] -- Up-to-date: /home/rhobtor/PHD/ARGOJ8_IA/ARGOSJ8_IA_/install/ctl_mission/include/ctl_mission/Eigen-3.3/doc/snippets/Tutorial_Map_rowmajor.cpp
[15.766s] -- Up-to-date: /home/rhobtor/PHD/ARGOJ8_IA/ARGOSJ8_IA_/install/ctl_mission/include/ctl_mission/Eigen-3.3/doc/snippets/HouseholderQR_householderQ.cpp
[15.766s] -- Up-to-date: /home/rhobtor/PHD/ARGOJ8_IA/ARGOSJ8_IA_/install/ctl_mission/include/ctl_mission/Eigen-3.3/doc/snippets/MatrixBase_diagonal.cpp
[15.766s] -- Up-to-date: /home/rhobtor/PHD/ARGOJ8_IA/ARGOSJ8_IA_/install/ctl_mission/include/ctl_mission/Eigen-3.3/doc/snippets/MatrixBase_row.cpp
[15.766s] -- Up-to-date: /home/rhobtor/PHD/ARGOJ8_IA/ARGOSJ8_IA_/install/ctl_mission/include/ctl_mission/Eigen-3.3/doc/snippets/MatrixBase_colwise.cpp
[15.766s] -- Up-to-date: /home/rhobtor/PHD/ARGOJ8_IA/ARGOSJ8_IA_/install/ctl_mission/include/ctl_mission/Eigen-3.3/doc/snippets/TopicAliasing_mult3.cpp
[15.766s] -- Up-to-date: /home/rhobtor/PHD/ARGOJ8_IA/ARGOSJ8_IA_/install/ctl_mission/include/ctl_mission/Eigen-3.3/doc/snippets/Cwise_isFinite.cpp
[15.766s] -- Up-to-date: /home/rhobtor/PHD/ARGOJ8_IA/ARGOSJ8_IA_/install/ctl_mission/include/ctl_mission/Eigen-3.3/doc/snippets/AngleAxis_mimic_euler.cpp
[15.767s] -- Up-to-date: /home/rhobtor/PHD/ARGOJ8_IA/ARGOSJ8_IA_/install/ctl_mission/include/ctl_mission/Eigen-3.3/doc/snippets/Tutorial_solve_singular.cpp
[15.767s] -- Up-to-date: /home/rhobtor/PHD/ARGOJ8_IA/ARGOSJ8_IA_/install/ctl_mission/include/ctl_mission/Eigen-3.3/doc/snippets/Cwise_square.cpp
[15.767s] -- Up-to-date: /home/rhobtor/PHD/ARGOJ8_IA/ARGOSJ8_IA_/install/ctl_mission/include/ctl_mission/Eigen-3.3/doc/snippets/MatrixBase_segment_int_int.cpp
[15.767s] -- Up-to-date: /home/rhobtor/PHD/ARGOJ8_IA/ARGOSJ8_IA_/install/ctl_mission/include/ctl_mission/Eigen-3.3/doc/snippets/MatrixBase_array_const.cpp
[15.767s] -- Up-to-date: /home/rhobtor/PHD/ARGOJ8_IA/ARGOSJ8_IA_/install/ctl_mission/include/ctl_mission/Eigen-3.3/doc/snippets/MatrixBase_template_int_topRows.cpp
[15.767s] -- Up-to-date: /home/rhobtor/PHD/ARGOJ8_IA/ARGOSJ8_IA_/install/ctl_mission/include/ctl_mission/Eigen-3.3/doc/snippets/MatrixBase_fixedBlock_int_int.cpp
[15.767s] -- Up-to-date: /home/rhobtor/PHD/ARGOJ8_IA/ARGOSJ8_IA_/install/ctl_mission/include/ctl_mission/Eigen-3.3/doc/snippets/EigenSolver_eigenvalues.cpp
[15.767s] -- Up-to-date: /home/rhobtor/PHD/ARGOJ8_IA/ARGOSJ8_IA_/install/ctl_mission/include/ctl_mission/Eigen-3.3/doc/snippets/MatrixBase_set.cpp
[15.767s] -- Up-to-date: /home/rhobtor/PHD/ARGOJ8_IA/ARGOSJ8_IA_/install/ctl_mission/include/ctl_mission/Eigen-3.3/doc/snippets/SelfAdjointEigenSolver_eigenvalues.cpp
[15.767s] -- Up-to-date: /home/rhobtor/PHD/ARGOJ8_IA/ARGOSJ8_IA_/install/ctl_mission/include/ctl_mission/Eigen-3.3/doc/snippets/MatrixBase_setZero.cpp
[15.767s] -- Up-to-date: /home/rhobtor/PHD/ARGOJ8_IA/ARGOSJ8_IA_/install/ctl_mission/include/ctl_mission/Eigen-3.3/doc/snippets/Tridiagonalization_diagonal.cpp
[15.767s] -- Up-to-date: /home/rhobtor/PHD/ARGOJ8_IA/ARGOSJ8_IA_/install/ctl_mission/include/ctl_mission/Eigen-3.3/doc/snippets/Cwise_boolean_or.cpp
[15.767s] -- Up-to-date: /home/rhobtor/PHD/ARGOJ8_IA/ARGOSJ8_IA_/install/ctl_mission/include/ctl_mission/Eigen-3.3/doc/snippets/LeastSquaresNormalEquations.cpp
[15.767s] -- Up-to-date: /home/rhobtor/PHD/ARGOJ8_IA/ARGOSJ8_IA_/install/ctl_mission/include/ctl_mission/Eigen-3.3/doc/snippets/Cwise_isInf.cpp
[15.767s] -- Up-to-date: /home/rhobtor/PHD/ARGOJ8_IA/ARGOSJ8_IA_/install/ctl_mission/include/ctl_mission/Eigen-3.3/doc/snippets/FullPivLU_image.cpp
[15.767s] -- Up-to-date: /home/rhobtor/PHD/ARGOJ8_IA/ARGOSJ8_IA_/install/ctl_mission/include/ctl_mission/Eigen-3.3/doc/snippets/Jacobi_makeJacobi.cpp
[15.767s] -- Up-to-date: /home/rhobtor/PHD/ARGOJ8_IA/ARGOSJ8_IA_/install/ctl_mission/include/ctl_mission/Eigen-3.3/doc/snippets/MatrixBase_setOnes.cpp
[15.767s] -- Up-to-date: /home/rhobtor/PHD/ARGOJ8_IA/ARGOSJ8_IA_/install/ctl_mission/include/ctl_mission/Eigen-3.3/doc/snippets/Tridiagonalization_decomposeInPlace.cpp
[15.767s] -- Up-to-date: /home/rhobtor/PHD/ARGOJ8_IA/ARGOSJ8_IA_/install/ctl_mission/include/ctl_mission/Eigen-3.3/doc/snippets/DirectionWise_replicate_int.cpp
[15.767s] -- Up-to-date: /home/rhobtor/PHD/ARGOJ8_IA/ARGOSJ8_IA_/install/ctl_mission/include/ctl_mission/Eigen-3.3/doc/snippets/MatrixBase_bottomRightCorner_int_int.cpp
[15.767s] -- Up-to-date: /home/rhobtor/PHD/ARGOJ8_IA/ARGOSJ8_IA_/install/ctl_mission/include/ctl_mission/Eigen-3.3/doc/snippets/SelfAdjointView_operatorNorm.cpp
[15.767s] -- Up-to-date: /home/rhobtor/PHD/ARGOJ8_IA/ARGOSJ8_IA_/install/ctl_mission/include/ctl_mission/Eigen-3.3/doc/snippets/Tutorial_solve_matrix_inverse.cpp
[15.767s] -- Up-to-date: /home/rhobtor/PHD/ARGOJ8_IA/ARGOSJ8_IA_/install/ctl_mission/include/ctl_mission/Eigen-3.3/doc/snippets/MatrixBase_identity.cpp
[15.767s] -- Up-to-date: /home/rhobtor/PHD/ARGOJ8_IA/ARGOSJ8_IA_/install/ctl_mission/include/ctl_mission/Eigen-3.3/doc/snippets/Tutorial_SlicingCol.cpp
[15.767s] -- Up-to-date: /home/rhobtor/PHD/ARGOJ8_IA/ARGOSJ8_IA_/install/ctl_mission/include/ctl_mission/Eigen-3.3/doc/snippets/Matrix_setIdentity_int_int.cpp
[15.767s] -- Up-to-date: /home/rhobtor/PHD/ARGOJ8_IA/ARGOSJ8_IA_/install/ctl_mission/include/ctl_mission/Eigen-3.3/doc/snippets/GeneralizedEigenSolver.cpp
[15.767s] -- Up-to-date: /home/rhobtor/PHD/ARGOJ8_IA/ARGOSJ8_IA_/install/ctl_mission/include/ctl_mission/Eigen-3.3/doc/snippets/MatrixBase_cwiseMin.cpp
[15.767s] -- Up-to-date: /home/rhobtor/PHD/ARGOJ8_IA/ARGOSJ8_IA_/install/ctl_mission/include/ctl_mission/Eigen-3.3/doc/snippets/MatrixBase_array.cpp
[15.767s] -- Up-to-date: /home/rhobtor/PHD/ARGOJ8_IA/ARGOSJ8_IA_/install/ctl_mission/include/ctl_mission/Eigen-3.3/doc/snippets/RealQZ_compute.cpp
[15.768s] -- Up-to-date: /home/rhobtor/PHD/ARGOJ8_IA/ARGOSJ8_IA_/install/ctl_mission/include/ctl_mission/Eigen-3.3/doc/snippets/HessenbergDecomposition_compute.cpp
[15.768s] -- Up-to-date: /home/rhobtor/PHD/ARGOJ8_IA/ARGOSJ8_IA_/install/ctl_mission/include/ctl_mission/Eigen-3.3/doc/snippets/RealSchur_RealSchur_MatrixType.cpp
[15.768s] -- Up-to-date: /home/rhobtor/PHD/ARGOJ8_IA/ARGOSJ8_IA_/install/ctl_mission/include/ctl_mission/Eigen-3.3/doc/snippets/MatrixBase_cwiseEqual.cpp
[15.768s] -- Up-to-date: /home/rhobtor/PHD/ARGOJ8_IA/ARGOSJ8_IA_/install/ctl_mission/include/ctl_mission/Eigen-3.3/doc/snippets/MatrixBase_block_int_int.cpp
[15.768s] -- Up-to-date: /home/rhobtor/PHD/ARGOJ8_IA/ARGOSJ8_IA_/install/ctl_mission/include/ctl_mission/Eigen-3.3/doc/snippets/PartialRedux_sum.cpp
[15.768s] -- Up-to-date: /home/rhobtor/PHD/ARGOJ8_IA/ARGOSJ8_IA_/install/ctl_mission/include/ctl_mission/Eigen-3.3/doc/snippets/PartialRedux_minCoeff.cpp
[15.768s] -- Up-to-date: /home/rhobtor/PHD/ARGOJ8_IA/ARGOSJ8_IA_/install/ctl_mission/include/ctl_mission/Eigen-3.3/doc/snippets/Cwise_arg.cpp
[15.768s] -- Up-to-date: /home/rhobtor/PHD/ARGOJ8_IA/ARGOSJ8_IA_/install/ctl_mission/include/ctl_mission/Eigen-3.3/doc/snippets/MatrixBase_reverse.cpp
[15.768s] -- Up-to-date: /home/rhobtor/PHD/ARGOJ8_IA/ARGOSJ8_IA_/install/ctl_mission/include/ctl_mission/Eigen-3.3/doc/snippets/ComplexEigenSolver_compute.cpp
[15.768s] -- Up-to-date: /home/rhobtor/PHD/ARGOJ8_IA/ARGOSJ8_IA_/install/ctl_mission/include/ctl_mission/Eigen-3.3/doc/snippets/MatrixBase_ones.cpp
[15.768s] -- Up-to-date: /home/rhobtor/PHD/ARGOJ8_IA/ARGOSJ8_IA_/install/ctl_mission/include/ctl_mission/Eigen-3.3/doc/snippets/MatrixBase_prod.cpp
[15.768s] -- Up-to-date: /home/rhobtor/PHD/ARGOJ8_IA/ARGOSJ8_IA_/install/ctl_mission/include/ctl_mission/Eigen-3.3/doc/snippets/Cwise_cosh.cpp
[15.768s] -- Up-to-date: /home/rhobtor/PHD/ARGOJ8_IA/ARGOSJ8_IA_/install/ctl_mission/include/ctl_mission/Eigen-3.3/doc/snippets/Matrix_setConstant_int_int.cpp
[15.768s] -- Up-to-date: /home/rhobtor/PHD/ARGOJ8_IA/ARGOSJ8_IA_/install/ctl_mission/include/ctl_mission/Eigen-3.3/doc/snippets/MatrixBase_cwiseSign.cpp
[15.768s] -- Up-to-date: /home/rhobtor/PHD/ARGOJ8_IA/ARGOSJ8_IA_/install/ctl_mission/include/ctl_mission/Eigen-3.3/doc/snippets/Cwise_greater.cpp
[15.768s] -- Up-to-date: /home/rhobtor/PHD/ARGOJ8_IA/ARGOSJ8_IA_/install/ctl_mission/include/ctl_mission/Eigen-3.3/doc/snippets/Cwise_ceil.cpp
[15.768s] -- Up-to-date: /home/rhobtor/PHD/ARGOJ8_IA/ARGOSJ8_IA_/install/ctl_mission/include/ctl_mission/Eigen-3.3/doc/snippets/DirectionWise_replicate.cpp
[15.768s] -- Up-to-date: /home/rhobtor/PHD/ARGOJ8_IA/ARGOSJ8_IA_/install/ctl_mission/include/ctl_mission/Eigen-3.3/doc/snippets/tut_arithmetic_redux_minmax.cpp
[15.768s] -- Up-to-date: /home/rhobtor/PHD/ARGOJ8_IA/ARGOSJ8_IA_/install/ctl_mission/include/ctl_mission/Eigen-3.3/doc/snippets/Tridiagonalization_householderCoefficients.cpp
[15.768s] -- Up-to-date: /home/rhobtor/PHD/ARGOJ8_IA/ARGOSJ8_IA_/install/ctl_mission/include/ctl_mission/Eigen-3.3/doc/snippets/MatrixBase_cwiseSqrt.cpp
[15.768s] -- Up-to-date: /home/rhobtor/PHD/ARGOJ8_IA/ARGOSJ8_IA_/install/ctl_mission/include/ctl_mission/Eigen-3.3/doc/snippets/MatrixBase_setIdentity.cpp
[15.768s] -- Up-to-date: /home/rhobtor/PHD/ARGOJ8_IA/ARGOSJ8_IA_/install/ctl_mission/include/ctl_mission/Eigen-3.3/doc/snippets/MatrixBase_template_int_int_topLeftCorner_int_int.cpp
[15.768s] -- Up-to-date: /home/rhobtor/PHD/ARGOJ8_IA/ARGOSJ8_IA_/install/ctl_mission/include/ctl_mission/Eigen-3.3/doc/snippets/.krazy
[15.768s] -- Up-to-date: /home/rhobtor/PHD/ARGOJ8_IA/ARGOSJ8_IA_/install/ctl_mission/include/ctl_mission/Eigen-3.3/doc/snippets/Matrix_setRandom_int.cpp
[15.768s] -- Up-to-date: /home/rhobtor/PHD/ARGOJ8_IA/ARGOSJ8_IA_/install/ctl_mission/include/ctl_mission/Eigen-3.3/doc/snippets/Cwise_sqrt.cpp
[15.768s] -- Up-to-date: /home/rhobtor/PHD/ARGOJ8_IA/ARGOSJ8_IA_/install/ctl_mission/include/ctl_mission/Eigen-3.3/doc/snippets/Cwise_boolean_xor.cpp
[15.768s] -- Up-to-date: /home/rhobtor/PHD/ARGOJ8_IA/ARGOSJ8_IA_/install/ctl_mission/include/ctl_mission/Eigen-3.3/doc/snippets/Cwise_times_equal.cpp
[15.769s] -- Up-to-date: /home/rhobtor/PHD/ARGOJ8_IA/ARGOSJ8_IA_/install/ctl_mission/include/ctl_mission/Eigen-3.3/doc/snippets/Cwise_tan.cpp
[15.769s] -- Up-to-date: /home/rhobtor/PHD/ARGOJ8_IA/ARGOSJ8_IA_/install/ctl_mission/include/ctl_mission/Eigen-3.3/doc/snippets/MatrixBase_isUnitary.cpp
[15.769s] -- Up-to-date: /home/rhobtor/PHD/ARGOJ8_IA/ARGOSJ8_IA_/install/ctl_mission/include/ctl_mission/Eigen-3.3/doc/snippets/tut_arithmetic_transpose_aliasing.cpp
[15.769s] -- Up-to-date: /home/rhobtor/PHD/ARGOJ8_IA/ARGOSJ8_IA_/install/ctl_mission/include/ctl_mission/Eigen-3.3/doc/snippets/MatrixBase_identity_int_int.cpp
[15.769s] -- Up-to-date: /home/rhobtor/PHD/ARGOJ8_IA/ARGOSJ8_IA_/install/ctl_mission/include/ctl_mission/Eigen-3.3/doc/snippets/MatrixBase_eval.cpp
[15.769s] -- Up-to-date: /home/rhobtor/PHD/ARGOJ8_IA/ARGOSJ8_IA_/install/ctl_mission/include/ctl_mission/Eigen-3.3/doc/snippets/Matrix_setConstant_int.cpp
[15.769s] -- Up-to-date: /home/rhobtor/PHD/ARGOJ8_IA/ARGOSJ8_IA_/install/ctl_mission/include/ctl_mission/Eigen-3.3/doc/snippets/ColPivHouseholderQR_solve.cpp
[15.769s] -- Up-to-date: /home/rhobtor/PHD/ARGOJ8_IA/ARGOSJ8_IA_/install/ctl_mission/include/ctl_mission/Eigen-3.3/doc/snippets/Matrix_setOnes_int_int.cpp
[15.769s] -- Up-to-date: /home/rhobtor/PHD/ARGOJ8_IA/ARGOSJ8_IA_/install/ctl_mission/include/ctl_mission/Eigen-3.3/doc/snippets/SelfAdjointEigenSolver_compute_MatrixType.cpp
[15.769s] -- Up-to-date: /home/rhobtor/PHD/ARGOJ8_IA/ARGOSJ8_IA_/install/ctl_mission/include/ctl_mission/Eigen-3.3/doc/snippets/Cwise_log10.cpp
[15.769s] -- Up-to-date: /home/rhobtor/PHD/ARGOJ8_IA/ARGOSJ8_IA_/install/ctl_mission/include/ctl_mission/Eigen-3.3/doc/snippets/MatrixBase_adjoint.cpp
[15.769s] -- Up-to-date: /home/rhobtor/PHD/ARGOJ8_IA/ARGOSJ8_IA_/install/ctl_mission/include/ctl_mission/Eigen-3.3/doc/snippets/Triangular_solve.cpp
[15.769s] -- Up-to-date: /home/rhobtor/PHD/ARGOJ8_IA/ARGOSJ8_IA_/install/ctl_mission/include/ctl_mission/Eigen-3.3/doc/snippets/MatrixBase_select.cpp
[15.769s] -- Up-to-date: /home/rhobtor/PHD/ARGOJ8_IA/ARGOSJ8_IA_/install/ctl_mission/include/ctl_mission/Eigen-3.3/doc/snippets/FullPivLU_kernel.cpp
[15.769s] -- Up-to-date: /home/rhobtor/PHD/ARGOJ8_IA/ARGOSJ8_IA_/install/ctl_mission/include/ctl_mission/Eigen-3.3/doc/snippets/MatrixBase_random_int_int.cpp
[15.769s] -- Up-to-date: /home/rhobtor/PHD/ARGOJ8_IA/ARGOSJ8_IA_/install/ctl_mission/include/ctl_mission/Eigen-3.3/doc/snippets/MatrixBase_template_int_leftCols.cpp
[15.769s] -- Up-to-date: /home/rhobtor/PHD/ARGOJ8_IA/ARGOSJ8_IA_/install/ctl_mission/include/ctl_mission/Eigen-3.3/doc/snippets/Cwise_equal_equal.cpp
[15.769s] -- Up-to-date: /home/rhobtor/PHD/ARGOJ8_IA/ARGOSJ8_IA_/install/ctl_mission/include/ctl_mission/Eigen-3.3/doc/snippets/MatrixBase_computeInverseWithCheck.cpp
[15.769s] -- Up-to-date: /home/rhobtor/PHD/ARGOJ8_IA/ARGOSJ8_IA_/install/ctl_mission/include/ctl_mission/Eigen-3.3/doc/snippets/MatrixBase_selfadjointView.cpp
[15.769s] -- Up-to-date: /home/rhobtor/PHD/ARGOJ8_IA/ARGOSJ8_IA_/install/ctl_mission/include/ctl_mission/Eigen-3.3/doc/snippets/MatrixBase_rightCols_int.cpp
[15.769s] -- Up-to-date: /home/rhobtor/PHD/ARGOJ8_IA/ARGOSJ8_IA_/install/ctl_mission/include/ctl_mission/Eigen-3.3/doc/snippets/TopicAliasing_mult5.cpp
[15.769s] -- Up-to-date: /home/rhobtor/PHD/ARGOJ8_IA/ARGOSJ8_IA_/install/ctl_mission/include/ctl_mission/Eigen-3.3/doc/snippets/ComplexEigenSolver_eigenvectors.cpp
[15.769s] -- Up-to-date: /home/rhobtor/PHD/ARGOJ8_IA/ARGOSJ8_IA_/install/ctl_mission/include/ctl_mission/Eigen-3.3/doc/snippets/compile_snippet.cpp.in
[15.769s] -- Up-to-date: /home/rhobtor/PHD/ARGOJ8_IA/ARGOSJ8_IA_/install/ctl_mission/include/ctl_mission/Eigen-3.3/doc/snippets/Cwise_boolean_not.cpp
[15.769s] -- Up-to-date: /home/rhobtor/PHD/ARGOJ8_IA/ARGOSJ8_IA_/install/ctl_mission/include/ctl_mission/Eigen-3.3/doc/snippets/MatrixBase_template_int_int_topRightCorner_int_int.cpp
[15.769s] -- Up-to-date: /home/rhobtor/PHD/ARGOJ8_IA/ARGOSJ8_IA_/install/ctl_mission/include/ctl_mission/Eigen-3.3/doc/snippets/JacobiSVD_basic.cpp
[15.770s] -- Up-to-date: /home/rhobtor/PHD/ARGOJ8_IA/ARGOSJ8_IA_/install/ctl_mission/include/ctl_mission/Eigen-3.3/doc/snippets/Matrix_resize_int_int.cpp
[15.770s] -- Up-to-date: /home/rhobtor/PHD/ARGOJ8_IA/ARGOSJ8_IA_/install/ctl_mission/include/ctl_mission/Eigen-3.3/doc/snippets/LLT_solve.cpp
[15.770s] -- Up-to-date: /home/rhobtor/PHD/ARGOJ8_IA/ARGOSJ8_IA_/install/ctl_mission/include/ctl_mission/Eigen-3.3/doc/snippets/Cwise_minus_equal.cpp
[15.770s] -- Up-to-date: /home/rhobtor/PHD/ARGOJ8_IA/ARGOSJ8_IA_/install/ctl_mission/include/ctl_mission/Eigen-3.3/doc/snippets/MatrixBase_topRows_int.cpp
[15.770s] -- Up-to-date: /home/rhobtor/PHD/ARGOJ8_IA/ARGOSJ8_IA_/install/ctl_mission/include/ctl_mission/Eigen-3.3/doc/snippets/MatrixBase_template_int_segment.cpp
[15.770s] -- Up-to-date: /home/rhobtor/PHD/ARGOJ8_IA/ARGOSJ8_IA_/install/ctl_mission/include/ctl_mission/Eigen-3.3/doc/snippets/Tutorial_solve_multiple_rhs.cpp
[15.770s] -- Up-to-date: /home/rhobtor/PHD/ARGOJ8_IA/ARGOSJ8_IA_/install/ctl_mission/include/ctl_mission/Eigen-3.3/doc/snippets/ComplexSchur_matrixU.cpp
[15.770s] -- Up-to-date: /home/rhobtor/PHD/ARGOJ8_IA/ARGOSJ8_IA_/install/ctl_mission/include/ctl_mission/Eigen-3.3/doc/snippets/Matrix_resize_int.cpp
[15.770s] -- Up-to-date: /home/rhobtor/PHD/ARGOJ8_IA/ARGOSJ8_IA_/install/ctl_mission/include/ctl_mission/Eigen-3.3/doc/snippets/MatrixBase_template_int_int_bottomLeftCorner_int_int.cpp
[15.770s] -- Up-to-date: /home/rhobtor/PHD/ARGOJ8_IA/ARGOSJ8_IA_/install/ctl_mission/include/ctl_mission/Eigen-3.3/doc/snippets/SelfAdjointEigenSolver_operatorInverseSqrt.cpp
[15.770s] -- Up-to-date: /home/rhobtor/PHD/ARGOJ8_IA/ARGOSJ8_IA_/install/ctl_mission/include/ctl_mission/Eigen-3.3/doc/snippets/TopicAliasing_mult4.cpp
[15.770s] -- Up-to-date: /home/rhobtor/PHD/ARGOJ8_IA/ARGOSJ8_IA_/install/ctl_mission/include/ctl_mission/Eigen-3.3/doc/snippets/MatrixBase_diagonal_int.cpp
[15.770s] -- Up-to-date: /home/rhobtor/PHD/ARGOJ8_IA/ARGOSJ8_IA_/install/ctl_mission/include/ctl_mission/Eigen-3.3/doc/snippets/Cwise_not_equal.cpp
[15.770s] -- Up-to-date: /home/rhobtor/PHD/ARGOJ8_IA/ARGOSJ8_IA_/install/ctl_mission/include/ctl_mission/Eigen-3.3/doc/snippets/Cwise_floor.cpp
[15.770s] -- Up-to-date: /home/rhobtor/PHD/ARGOJ8_IA/ARGOSJ8_IA_/install/ctl_mission/include/ctl_mission/Eigen-3.3/doc/snippets/Map_inner_stride.cpp
[15.770s] -- Up-to-date: /home/rhobtor/PHD/ARGOJ8_IA/ARGOSJ8_IA_/install/ctl_mission/include/ctl_mission/Eigen-3.3/doc/snippets/Cwise_isNaN.cpp
[15.770s] -- Up-to-date: /home/rhobtor/PHD/ARGOJ8_IA/ARGOSJ8_IA_/install/ctl_mission/include/ctl_mission/Eigen-3.3/doc/snippets/tut_arithmetic_transpose_conjugate.cpp
[15.770s] -- Up-to-date: /home/rhobtor/PHD/ARGOJ8_IA/ARGOSJ8_IA_/install/ctl_mission/include/ctl_mission/Eigen-3.3/doc/snippets/HouseholderQR_solve.cpp
[15.770s] -- Up-to-date: /home/rhobtor/PHD/ARGOJ8_IA/ARGOSJ8_IA_/install/ctl_mission/include/ctl_mission/Eigen-3.3/doc/snippets/SelfAdjointEigenSolver_SelfAdjointEigenSolver.cpp
[15.770s] -- Up-to-date: /home/rhobtor/PHD/ARGOJ8_IA/ARGOSJ8_IA_/install/ctl_mission/include/ctl_mission/Eigen-3.3/doc/snippets/Map_general_stride.cpp
[15.770s] -- Up-to-date: /home/rhobtor/PHD/ARGOJ8_IA/ARGOSJ8_IA_/install/ctl_mission/include/ctl_mission/Eigen-3.3/doc/snippets/MatrixBase_isIdentity.cpp
[15.770s] -- Up-to-date: /home/rhobtor/PHD/ARGOJ8_IA/ARGOSJ8_IA_/install/ctl_mission/include/ctl_mission/Eigen-3.3/doc/snippets/TopicStorageOrders_example.cpp
[15.770s] -- Up-to-date: /home/rhobtor/PHD/ARGOJ8_IA/ARGOSJ8_IA_/install/ctl_mission/include/ctl_mission/Eigen-3.3/doc/snippets/LLT_example.cpp
[15.770s] -- Up-to-date: /home/rhobtor/PHD/ARGOJ8_IA/ARGOSJ8_IA_/install/ctl_mission/include/ctl_mission/Eigen-3.3/doc/snippets/MatrixBase_cwiseProduct.cpp
[15.770s] -- Up-to-date: /home/rhobtor/PHD/ARGOJ8_IA/ARGOSJ8_IA_/install/ctl_mission/include/ctl_mission/Eigen-3.3/doc/snippets/DenseBase_LinSpacedInt.cpp
[15.771s] -- Up-to-date: /home/rhobtor/PHD/ARGOJ8_IA/ARGOSJ8_IA_/install/ctl_mission/include/ctl_mission/Eigen-3.3/doc/snippets/Map_outer_stride.cpp
[15.771s] -- Up-to-date: /home/rhobtor/PHD/ARGOJ8_IA/ARGOSJ8_IA_/install/ctl_mission/include/ctl_mission/Eigen-3.3/doc/snippets/Matrix_setZero_int_int.cpp
[15.771s] -- Up-to-date: /home/rhobtor/PHD/ARGOJ8_IA/ARGOSJ8_IA_/install/ctl_mission/include/ctl_mission/Eigen-3.3/doc/snippets/HessenbergDecomposition_matrixH.cpp
[15.771s] -- Up-to-date: /home/rhobtor/PHD/ARGOJ8_IA/ARGOSJ8_IA_/install/ctl_mission/include/ctl_mission/Eigen-3.3/doc/snippets/MatrixBase_isOrthogonal.cpp
[15.771s] -- Up-to-date: /home/rhobtor/PHD/ARGOJ8_IA/ARGOSJ8_IA_/install/ctl_mission/include/ctl_mission/Eigen-3.3/doc/snippets/MatrixBase_inverse.cpp
[15.771s] -- Up-to-date: /home/rhobtor/PHD/ARGOJ8_IA/ARGOSJ8_IA_/install/ctl_mission/include/ctl_mission/Eigen-3.3/doc/snippets/DirectionWise_hnormalized.cpp
[15.771s] -- Up-to-date: /home/rhobtor/PHD/ARGOJ8_IA/ARGOSJ8_IA_/install/ctl_mission/include/ctl_mission/Eigen-3.3/doc/snippets/Tutorial_AdvancedInitialization_LinSpaced.cpp
[15.771s] -- Up-to-date: /home/rhobtor/PHD/ARGOJ8_IA/ARGOSJ8_IA_/install/ctl_mission/include/ctl_mission/Eigen-3.3/doc/snippets/Cwise_abs.cpp
[15.771s] -- Up-to-date: /home/rhobtor/PHD/ARGOJ8_IA/ARGOSJ8_IA_/install/ctl_mission/include/ctl_mission/Eigen-3.3/doc/snippets/Tutorial_AdvancedInitialization_ThreeWays.cpp
[15.771s] -- Up-to-date: /home/rhobtor/PHD/ARGOJ8_IA/ARGOSJ8_IA_/install/ctl_mission/include/ctl_mission/Eigen-3.3/doc/snippets/EigenSolver_EigenSolver_MatrixType.cpp
[15.771s] -- Up-to-date: /home/rhobtor/PHD/ARGOJ8_IA/ARGOSJ8_IA_/install/ctl_mission/include/ctl_mission/Eigen-3.3/doc/snippets/MatrixBase_all.cpp
[15.771s] -- Up-to-date: /home/rhobtor/PHD/ARGOJ8_IA/ARGOSJ8_IA_/install/ctl_mission/include/ctl_mission/Eigen-3.3/doc/snippets/Tridiagonalization_packedMatrix.cpp
[15.771s] -- Up-to-date: /home/rhobtor/PHD/ARGOJ8_IA/ARGOSJ8_IA_/install/ctl_mission/include/ctl_mission/Eigen-3.3/doc/snippets/class_FullPivLU.cpp
[15.771s] -- Up-to-date: /home/rhobtor/PHD/ARGOJ8_IA/ARGOSJ8_IA_/install/ctl_mission/include/ctl_mission/Eigen-3.3/doc/snippets/Cwise_max.cpp
[15.771s] -- Up-to-date: /home/rhobtor/PHD/ARGOJ8_IA/ARGOSJ8_IA_/install/ctl_mission/include/ctl_mission/Eigen-3.3/doc/snippets/PartialPivLU_solve.cpp
[15.771s] -- Up-to-date: /home/rhobtor/PHD/ARGOJ8_IA/ARGOSJ8_IA_/install/ctl_mission/include/ctl_mission/Eigen-3.3/doc/snippets/MatrixBase_topRightCorner_int_int.cpp
[15.771s] -- Up-to-date: /home/rhobtor/PHD/ARGOJ8_IA/ARGOSJ8_IA_/install/ctl_mission/include/ctl_mission/Eigen-3.3/doc/snippets/MatrixBase_cwiseAbs2.cpp
[15.771s] -- Up-to-date: /home/rhobtor/PHD/ARGOJ8_IA/ARGOSJ8_IA_/install/ctl_mission/include/ctl_mission/Eigen-3.3/doc/snippets/MatrixBase_bottomRows_int.cpp
[15.771s] -- Up-to-date: /home/rhobtor/PHD/ARGOJ8_IA/ARGOSJ8_IA_/install/ctl_mission/include/ctl_mission/Eigen-3.3/doc/snippets/Tutorial_ReshapeMat2Mat.cpp
[15.771s] -- Up-to-date: /home/rhobtor/PHD/ARGOJ8_IA/ARGOSJ8_IA_/install/ctl_mission/include/ctl_mission/Eigen-3.3/doc/snippets/ComplexEigenSolver_eigenvalues.cpp
[15.771s] -- Up-to-date: /home/rhobtor/PHD/ARGOJ8_IA/ARGOSJ8_IA_/install/ctl_mission/include/ctl_mission/Eigen-3.3/doc/snippets/Cwise_minus.cpp
[15.771s] -- Up-to-date: /home/rhobtor/PHD/ARGOJ8_IA/ARGOSJ8_IA_/install/ctl_mission/include/ctl_mission/Eigen-3.3/doc/snippets/TopicAliasing_block_correct.cpp
[15.771s] -- Up-to-date: /home/rhobtor/PHD/ARGOJ8_IA/ARGOSJ8_IA_/install/ctl_mission/include/ctl_mission/Eigen-3.3/doc/snippets/Tridiagonalization_Tridiagonalization_MatrixType.cpp
[15.771s] -- Up-to-date: /home/rhobtor/PHD/ARGOJ8_IA/ARGOSJ8_IA_/install/ctl_mission/include/ctl_mission/Eigen-3.3/doc/snippets/Matrix_setOnes_int.cpp
[15.772s] -- Up-to-date: /home/rhobtor/PHD/ARGOJ8_IA/ARGOSJ8_IA_/install/ctl_mission/include/ctl_mission/Eigen-3.3/doc/snippets/MatrixBase_isDiagonal.cpp
[15.772s] -- Up-to-date: /home/rhobtor/PHD/ARGOJ8_IA/ARGOSJ8_IA_/install/ctl_mission/include/ctl_mission/Eigen-3.3/doc/snippets/MatrixBase_noalias.cpp
[15.772s] -- Up-to-date: /home/rhobtor/PHD/ARGOJ8_IA/ARGOSJ8_IA_/install/ctl_mission/include/ctl_mission/Eigen-3.3/doc/FixedSizeVectorizable.dox
[15.772s] -- Up-to-date: /home/rhobtor/PHD/ARGOJ8_IA/ARGOSJ8_IA_/install/ctl_mission/include/ctl_mission/Eigen-3.3/doc/StlContainers.dox
[15.772s] -- Up-to-date: /home/rhobtor/PHD/ARGOJ8_IA/ARGOSJ8_IA_/install/ctl_mission/include/ctl_mission/Eigen-3.3/doc/TutorialArrayClass.dox
[15.772s] -- Up-to-date: /home/rhobtor/PHD/ARGOJ8_IA/ARGOSJ8_IA_/install/ctl_mission/include/ctl_mission/Eigen-3.3/doc/ClassHierarchy.dox
[15.772s] -- Up-to-date: /home/rhobtor/PHD/ARGOJ8_IA/ARGOSJ8_IA_/install/ctl_mission/include/ctl_mission/Eigen-3.3/doc/TopicCMakeGuide.dox
[15.772s] -- Up-to-date: /home/rhobtor/PHD/ARGOJ8_IA/ARGOSJ8_IA_/install/ctl_mission/include/ctl_mission/Eigen-3.3/doc/TopicLazyEvaluation.dox
[15.772s] -- Up-to-date: /home/rhobtor/PHD/ARGOJ8_IA/ARGOSJ8_IA_/install/ctl_mission/include/ctl_mission/Eigen-3.3/doc/Eigen_Silly_Professor_64x64.png
[15.772s] -- Up-to-date: /home/rhobtor/PHD/ARGOJ8_IA/ARGOSJ8_IA_/install/ctl_mission/include/ctl_mission/Eigen-3.3/doc/TopicScalarTypes.dox
[15.772s] -- Up-to-date: /home/rhobtor/PHD/ARGOJ8_IA/ARGOSJ8_IA_/install/ctl_mission/include/ctl_mission/Eigen-3.3/doc/DenseDecompositionBenchmark.dox
[15.772s] -- Up-to-date: /home/rhobtor/PHD/ARGOJ8_IA/ARGOSJ8_IA_/install/ctl_mission/include/ctl_mission/Eigen-3.3/doc/TopicAssertions.dox
[15.772s] -- Up-to-date: /home/rhobtor/PHD/ARGOJ8_IA/ARGOSJ8_IA_/install/ctl_mission/include/ctl_mission/Eigen-3.3/doc/TutorialMatrixArithmetic.dox
[15.772s] -- Up-to-date: /home/rhobtor/PHD/ARGOJ8_IA/ARGOSJ8_IA_/install/ctl_mission/include/ctl_mission/Eigen-3.3/doc/Doxyfile.in
[15.772s] -- Up-to-date: /home/rhobtor/PHD/ARGOJ8_IA/ARGOSJ8_IA_/install/ctl_mission/include/ctl_mission/Eigen-3.3/doc/CustomizingEigen_NullaryExpr.dox
[15.772s] -- Up-to-date: /home/rhobtor/PHD/ARGOJ8_IA/ARGOSJ8_IA_/install/ctl_mission/include/ctl_mission/Eigen-3.3/doc/HiPerformance.dox
[15.772s] -- Up-to-date: /home/rhobtor/PHD/ARGOJ8_IA/ARGOSJ8_IA_/install/ctl_mission/include/ctl_mission/Eigen-3.3/doc/SparseLinearSystems.dox
[15.772s] -- Up-to-date: /home/rhobtor/PHD/ARGOJ8_IA/ARGOSJ8_IA_/install/ctl_mission/include/ctl_mission/Eigen-3.3/doc/InsideEigenExample.dox
[15.772s] -- Up-to-date: /home/rhobtor/PHD/ARGOJ8_IA/ARGOSJ8_IA_/install/ctl_mission/include/ctl_mission/Eigen-3.3/doc/WrongStackAlignment.dox
[15.773s] -- Up-to-date: /home/rhobtor/PHD/ARGOJ8_IA/ARGOSJ8_IA_/install/ctl_mission/include/ctl_mission/Eigen-3.3/doc/Manual.dox
[15.773s] -- Up-to-date: /home/rhobtor/PHD/ARGOJ8_IA/ARGOSJ8_IA_/install/ctl_mission/include/ctl_mission/Eigen-3.3/doc/TutorialMatrixClass.dox
[15.773s] -- Up-to-date: /home/rhobtor/PHD/ARGOJ8_IA/ARGOSJ8_IA_/install/ctl_mission/include/ctl_mission/Eigen-3.3/doc/special_examples
[15.773s] -- Up-to-date: /home/rhobtor/PHD/ARGOJ8_IA/ARGOSJ8_IA_/install/ctl_mission/include/ctl_mission/Eigen-3.3/doc/special_examples/Tutorial_sparse_example.cpp
[15.773s] -- Up-to-date: /home/rhobtor/PHD/ARGOJ8_IA/ARGOSJ8_IA_/install/ctl_mission/include/ctl_mission/Eigen-3.3/doc/special_examples/CMakeLists.txt
[15.773s] -- Up-to-date: /home/rhobtor/PHD/ARGOJ8_IA/ARGOSJ8_IA_/install/ctl_mission/include/ctl_mission/Eigen-3.3/doc/special_examples/random_cpp11.cpp
[15.773s] -- Up-to-date: /home/rhobtor/PHD/ARGOJ8_IA/ARGOSJ8_IA_/install/ctl_mission/include/ctl_mission/Eigen-3.3/doc/special_examples/Tutorial_sparse_example_details.cpp
[15.773s] -- Up-to-date: /home/rhobtor/PHD/ARGOJ8_IA/ARGOSJ8_IA_/install/ctl_mission/include/ctl_mission/Eigen-3.3/doc/CoeffwiseMathFunctionsTable.dox
[15.773s] -- Up-to-date: /home/rhobtor/PHD/ARGOJ8_IA/ARGOSJ8_IA_/install/ctl_mission/include/ctl_mission/Eigen-3.3/doc/NewExpressionType.dox
[15.773s] -- Up-to-date: /home/rhobtor/PHD/ARGOJ8_IA/ARGOSJ8_IA_/install/ctl_mission/include/ctl_mission/Eigen-3.3/doc/TopicResizing.dox
[15.773s] -- Up-to-date: /home/rhobtor/PHD/ARGOJ8_IA/ARGOSJ8_IA_/install/ctl_mission/include/ctl_mission/Eigen-3.3/doc/TopicLinearAlgebraDecompositions.dox
[15.773s] -- Up-to-date: /home/rhobtor/PHD/ARGOJ8_IA/ARGOSJ8_IA_/install/ctl_mission/include/ctl_mission/Eigen-3.3/doc/TutorialLinearAlgebra.dox
[15.773s] -- Up-to-date: /home/rhobtor/PHD/ARGOJ8_IA/ARGOSJ8_IA_/install/ctl_mission/include/ctl_mission/Eigen-3.3/doc/CustomizingEigen_CustomScalar.dox
[15.773s] -- Up-to-date: /home/rhobtor/PHD/ARGOJ8_IA/ARGOSJ8_IA_/install/ctl_mission/include/ctl_mission/Eigen-3.3/doc/TopicMultithreading.dox
[15.773s] -- Up-to-date: /home/rhobtor/PHD/ARGOJ8_IA/ARGOSJ8_IA_/install/ctl_mission/include/ctl_mission/Eigen-3.3/doc/AsciiQuickReference.txt
[15.773s] -- Up-to-date: /home/rhobtor/PHD/ARGOJ8_IA/ARGOSJ8_IA_/install/ctl_mission/include/ctl_mission/Eigen-3.3/doc/eigendoxy_layout.xml.in
[15.774s] -- Up-to-date: /home/rhobtor/PHD/ARGOJ8_IA/ARGOSJ8_IA_/install/ctl_mission/include/ctl_mission/Eigen-3.3/bench
[15.774s] -- Up-to-date: /home/rhobtor/PHD/ARGOJ8_IA/ARGOSJ8_IA_/install/ctl_mission/include/ctl_mission/Eigen-3.3/bench/benchFFT.cpp
[15.774s] -- Up-to-date: /home/rhobtor/PHD/ARGOJ8_IA/ARGOSJ8_IA_/install/ctl_mission/include/ctl_mission/Eigen-3.3/bench/bench_sum.cpp
[15.774s] -- Up-to-date: /home/rhobtor/PHD/ARGOJ8_IA/ARGOSJ8_IA_/install/ctl_mission/include/ctl_mission/Eigen-3.3/bench/benchVecAdd.cpp
[15.774s] -- Up-to-date: /home/rhobtor/PHD/ARGOJ8_IA/ARGOSJ8_IA_/install/ctl_mission/include/ctl_mission/Eigen-3.3/bench/geometry.cpp
[15.774s] -- Up-to-date: /home/rhobtor/PHD/ARGOJ8_IA/ARGOSJ8_IA_/install/ctl_mission/include/ctl_mission/Eigen-3.3/bench/sparse_cholesky.cpp
[15.774s] -- Up-to-date: /home/rhobtor/PHD/ARGOJ8_IA/ARGOSJ8_IA_/install/ctl_mission/include/ctl_mission/Eigen-3.3/bench/spbench
[15.774s] -- Up-to-date: /home/rhobtor/PHD/ARGOJ8_IA/ARGOSJ8_IA_/install/ctl_mission/include/ctl_mission/Eigen-3.3/bench/spbench/sp_solver.cpp
[15.774s] -- Up-to-date: /home/rhobtor/PHD/ARGOJ8_IA/ARGOSJ8_IA_/install/ctl_mission/include/ctl_mission/Eigen-3.3/bench/spbench/test_sparseLU.cpp
[15.774s] -- Up-to-date: /home/rhobtor/PHD/ARGOJ8_IA/ARGOSJ8_IA_/install/ctl_mission/include/ctl_mission/Eigen-3.3/bench/spbench/spbenchsolver.h
[15.774s] -- Up-to-date: /home/rhobtor/PHD/ARGOJ8_IA/ARGOSJ8_IA_/install/ctl_mission/include/ctl_mission/Eigen-3.3/bench/spbench/CMakeLists.txt
[15.774s] -- Up-to-date: /home/rhobtor/PHD/ARGOJ8_IA/ARGOSJ8_IA_/install/ctl_mission/include/ctl_mission/Eigen-3.3/bench/spbench/spbenchstyle.h
[15.774s] -- Up-to-date: /home/rhobtor/PHD/ARGOJ8_IA/ARGOSJ8_IA_/install/ctl_mission/include/ctl_mission/Eigen-3.3/bench/spbench/spbenchsolver.cpp
[15.774s] -- Up-to-date: /home/rhobtor/PHD/ARGOJ8_IA/ARGOSJ8_IA_/install/ctl_mission/include/ctl_mission/Eigen-3.3/bench/spbench/spbench.dtd
[15.774s] -- Up-to-date: /home/rhobtor/PHD/ARGOJ8_IA/ARGOSJ8_IA_/install/ctl_mission/include/ctl_mission/Eigen-3.3/bench/benchmark_suite
[15.774s] -- Up-to-date: /home/rhobtor/PHD/ARGOJ8_IA/ARGOSJ8_IA_/install/ctl_mission/include/ctl_mission/Eigen-3.3/bench/benchmark-blocking-sizes.cpp
[15.774s] -- Up-to-date: /home/rhobtor/PHD/ARGOJ8_IA/ARGOSJ8_IA_/install/ctl_mission/include/ctl_mission/Eigen-3.3/bench/benchBlasGemm.cpp
[15.774s] -- Up-to-date: /home/rhobtor/PHD/ARGOJ8_IA/ARGOSJ8_IA_/install/ctl_mission/include/ctl_mission/Eigen-3.3/bench/sparse_dense_product.cpp
[15.774s] -- Up-to-date: /home/rhobtor/PHD/ARGOJ8_IA/ARGOSJ8_IA_/install/ctl_mission/include/ctl_mission/Eigen-3.3/bench/BenchTimer.h
[15.774s] -- Up-to-date: /home/rhobtor/PHD/ARGOJ8_IA/ARGOSJ8_IA_/install/ctl_mission/include/ctl_mission/Eigen-3.3/bench/bench_multi_compilers.sh
[15.774s] -- Up-to-date: /home/rhobtor/PHD/ARGOJ8_IA/ARGOSJ8_IA_/install/ctl_mission/include/ctl_mission/Eigen-3.3/bench/basicbenchmark.cpp
[15.774s] -- Up-to-date: /home/rhobtor/PHD/ARGOJ8_IA/ARGOSJ8_IA_/install/ctl_mission/include/ctl_mission/Eigen-3.3/bench/spmv.cpp
[15.774s] -- Up-to-date: /home/rhobtor/PHD/ARGOJ8_IA/ARGOSJ8_IA_/install/ctl_mission/include/ctl_mission/Eigen-3.3/bench/sparse_trisolver.cpp
[15.774s] -- Up-to-date: /home/rhobtor/PHD/ARGOJ8_IA/ARGOSJ8_IA_/install/ctl_mission/include/ctl_mission/Eigen-3.3/bench/dense_solvers.cpp
[15.775s] -- Up-to-date: /home/rhobtor/PHD/ARGOJ8_IA/ARGOSJ8_IA_/install/ctl_mission/include/ctl_mission/Eigen-3.3/bench/README.txt
[15.775s] -- Up-to-date: /home/rhobtor/PHD/ARGOJ8_IA/ARGOSJ8_IA_/install/ctl_mission/include/ctl_mission/Eigen-3.3/bench/quatmul.cpp
[15.775s] -- Up-to-date: /home/rhobtor/PHD/ARGOJ8_IA/ARGOSJ8_IA_/install/ctl_mission/include/ctl_mission/Eigen-3.3/bench/BenchSparseUtil.h
[15.775s] -- Up-to-date: /home/rhobtor/PHD/ARGOJ8_IA/ARGOSJ8_IA_/install/ctl_mission/include/ctl_mission/Eigen-3.3/bench/check_cache_queries.cpp
[15.775s] -- Up-to-date: /home/rhobtor/PHD/ARGOJ8_IA/ARGOSJ8_IA_/install/ctl_mission/include/ctl_mission/Eigen-3.3/bench/perf_monitoring
[15.775s] -- Up-to-date: /home/rhobtor/PHD/ARGOJ8_IA/ARGOSJ8_IA_/install/ctl_mission/include/ctl_mission/Eigen-3.3/bench/perf_monitoring/gemm
[15.775s] -- Up-to-date: /home/rhobtor/PHD/ARGOJ8_IA/ARGOSJ8_IA_/install/ctl_mission/include/ctl_mission/Eigen-3.3/bench/perf_monitoring/gemm/make_plot.sh
[15.775s] -- Up-to-date: /home/rhobtor/PHD/ARGOJ8_IA/ARGOSJ8_IA_/install/ctl_mission/include/ctl_mission/Eigen-3.3/bench/perf_monitoring/gemm/gemm_settings.txt
[15.775s] -- Up-to-date: /home/rhobtor/PHD/ARGOJ8_IA/ARGOSJ8_IA_/install/ctl_mission/include/ctl_mission/Eigen-3.3/bench/perf_monitoring/gemm/gemm.cpp
[15.775s] -- Up-to-date: /home/rhobtor/PHD/ARGOJ8_IA/ARGOSJ8_IA_/install/ctl_mission/include/ctl_mission/Eigen-3.3/bench/perf_monitoring/gemm/lazy_gemm_settings.txt
[15.775s] -- Up-to-date: /home/rhobtor/PHD/ARGOJ8_IA/ARGOSJ8_IA_/install/ctl_mission/include/ctl_mission/Eigen-3.3/bench/perf_monitoring/gemm/run.sh
[15.775s] -- Up-to-date: /home/rhobtor/PHD/ARGOJ8_IA/ARGOSJ8_IA_/install/ctl_mission/include/ctl_mission/Eigen-3.3/bench/perf_monitoring/gemm/changesets.txt
[15.775s] -- Up-to-date: /home/rhobtor/PHD/ARGOJ8_IA/ARGOSJ8_IA_/install/ctl_mission/include/ctl_mission/Eigen-3.3/bench/perf_monitoring/gemm/lazy_gemm.cpp
[15.775s] -- Up-to-date: /home/rhobtor/PHD/ARGOJ8_IA/ARGOSJ8_IA_/install/ctl_mission/include/ctl_mission/Eigen-3.3/bench/bench_norm.cpp
[15.775s] -- Up-to-date: /home/rhobtor/PHD/ARGOJ8_IA/ARGOSJ8_IA_/install/ctl_mission/include/ctl_mission/Eigen-3.3/bench/benchmarkSlice.cpp
[15.775s] -- Up-to-date: /home/rhobtor/PHD/ARGOJ8_IA/ARGOSJ8_IA_/install/ctl_mission/include/ctl_mission/Eigen-3.3/bench/vdw_new.cpp
[15.775s] -- Up-to-date: /home/rhobtor/PHD/ARGOJ8_IA/ARGOSJ8_IA_/install/ctl_mission/include/ctl_mission/Eigen-3.3/bench/bench_unrolling
[15.775s] -- Up-to-date: /home/rhobtor/PHD/ARGOJ8_IA/ARGOSJ8_IA_/install/ctl_mission/include/ctl_mission/Eigen-3.3/bench/sparse_randomsetter.cpp
[15.775s] -- Up-to-date: /home/rhobtor/PHD/ARGOJ8_IA/ARGOSJ8_IA_/install/ctl_mission/include/ctl_mission/Eigen-3.3/bench/quat_slerp.cpp
[15.775s] -- Up-to-date: /home/rhobtor/PHD/ARGOJ8_IA/ARGOSJ8_IA_/install/ctl_mission/include/ctl_mission/Eigen-3.3/bench/sparse_transpose.cpp
[15.776s] -- Up-to-date: /home/rhobtor/PHD/ARGOJ8_IA/ARGOSJ8_IA_/install/ctl_mission/include/ctl_mission/Eigen-3.3/bench/BenchUtil.h
[15.776s] -- Up-to-date: /home/rhobtor/PHD/ARGOJ8_IA/ARGOSJ8_IA_/install/ctl_mission/include/ctl_mission/Eigen-3.3/bench/analyze-blocking-sizes.cpp
[15.776s] -- Up-to-date: /home/rhobtor/PHD/ARGOJ8_IA/ARGOSJ8_IA_/install/ctl_mission/include/ctl_mission/Eigen-3.3/bench/btl
[15.776s] -- Up-to-date: /home/rhobtor/PHD/ARGOJ8_IA/ARGOSJ8_IA_/install/ctl_mission/include/ctl_mission/Eigen-3.3/bench/btl/cmake
[15.776s] -- Up-to-date: /home/rhobtor/PHD/ARGOJ8_IA/ARGOSJ8_IA_/install/ctl_mission/include/ctl_mission/Eigen-3.3/bench/btl/cmake/FindOPENBLAS.cmake
[15.776s] -- Up-to-date: /home/rhobtor/PHD/ARGOJ8_IA/ARGOSJ8_IA_/install/ctl_mission/include/ctl_mission/Eigen-3.3/bench/btl/cmake/FindCBLAS.cmake
[15.776s] -- Up-to-date: /home/rhobtor/PHD/ARGOJ8_IA/ARGOSJ8_IA_/install/ctl_mission/include/ctl_mission/Eigen-3.3/bench/btl/cmake/FindBlitz.cmake
[15.776s] -- Up-to-date: /home/rhobtor/PHD/ARGOJ8_IA/ARGOSJ8_IA_/install/ctl_mission/include/ctl_mission/Eigen-3.3/bench/btl/cmake/FindACML.cmake
[15.776s] -- Up-to-date: /home/rhobtor/PHD/ARGOJ8_IA/ARGOSJ8_IA_/install/ctl_mission/include/ctl_mission/Eigen-3.3/bench/btl/cmake/MacroOptionalAddSubdirectory.cmake
[15.776s] -- Up-to-date: /home/rhobtor/PHD/ARGOJ8_IA/ARGOSJ8_IA_/install/ctl_mission/include/ctl_mission/Eigen-3.3/bench/btl/cmake/FindGMM.cmake
[15.776s] -- Up-to-date: /home/rhobtor/PHD/ARGOJ8_IA/ARGOSJ8_IA_/install/ctl_mission/include/ctl_mission/Eigen-3.3/bench/btl/cmake/FindATLAS.cmake
[15.776s] -- Up-to-date: /home/rhobtor/PHD/ARGOJ8_IA/ARGOSJ8_IA_/install/ctl_mission/include/ctl_mission/Eigen-3.3/bench/btl/cmake/FindMKL.cmake
[15.776s] -- Up-to-date: /home/rhobtor/PHD/ARGOJ8_IA/ARGOSJ8_IA_/install/ctl_mission/include/ctl_mission/Eigen-3.3/bench/btl/cmake/FindPackageHandleStandardArgs.cmake
[15.776s] -- Up-to-date: /home/rhobtor/PHD/ARGOJ8_IA/ARGOSJ8_IA_/install/ctl_mission/include/ctl_mission/Eigen-3.3/bench/btl/cmake/FindBLAZE.cmake
[15.776s] -- Up-to-date: /home/rhobtor/PHD/ARGOJ8_IA/ARGOSJ8_IA_/install/ctl_mission/include/ctl_mission/Eigen-3.3/bench/btl/cmake/FindMTL4.cmake
[15.776s] -- Up-to-date: /home/rhobtor/PHD/ARGOJ8_IA/ARGOSJ8_IA_/install/ctl_mission/include/ctl_mission/Eigen-3.3/bench/btl/cmake/FindTvmet.cmake
[15.776s] -- Up-to-date: /home/rhobtor/PHD/ARGOJ8_IA/ARGOSJ8_IA_/install/ctl_mission/include/ctl_mission/Eigen-3.3/bench/btl/data
[15.776s] -- Up-to-date: /home/rhobtor/PHD/ARGOJ8_IA/ARGOSJ8_IA_/install/ctl_mission/include/ctl_mission/Eigen-3.3/bench/btl/data/mk_new_gnuplot.sh
[15.777s] -- Up-to-date: /home/rhobtor/PHD/ARGOJ8_IA/ARGOSJ8_IA_/install/ctl_mission/include/ctl_mission/Eigen-3.3/bench/btl/data/action_settings.txt
[15.777s] -- Up-to-date: /home/rhobtor/PHD/ARGOJ8_IA/ARGOSJ8_IA_/install/ctl_mission/include/ctl_mission/Eigen-3.3/bench/btl/data/regularize.cxx
[15.777s] -- Up-to-date: /home/rhobtor/PHD/ARGOJ8_IA/ARGOSJ8_IA_/install/ctl_mission/include/ctl_mission/Eigen-3.3/bench/btl/data/CMakeLists.txt
[15.777s] -- Up-to-date: /home/rhobtor/PHD/ARGOJ8_IA/ARGOSJ8_IA_/install/ctl_mission/include/ctl_mission/Eigen-3.3/bench/btl/data/mk_mean_script.sh
[15.777s] -- Up-to-date: /home/rhobtor/PHD/ARGOJ8_IA/ARGOSJ8_IA_/install/ctl_mission/include/ctl_mission/Eigen-3.3/bench/btl/data/perlib_plot_settings.txt
[15.777s] -- Up-to-date: /home/rhobtor/PHD/ARGOJ8_IA/ARGOSJ8_IA_/install/ctl_mission/include/ctl_mission/Eigen-3.3/bench/btl/data/mean.cxx
[15.777s] -- Up-to-date: /home/rhobtor/PHD/ARGOJ8_IA/ARGOSJ8_IA_/install/ctl_mission/include/ctl_mission/Eigen-3.3/bench/btl/data/go_mean
[15.777s] -- Up-to-date: /home/rhobtor/PHD/ARGOJ8_IA/ARGOSJ8_IA_/install/ctl_mission/include/ctl_mission/Eigen-3.3/bench/btl/data/smooth.cxx
[15.777s] -- Up-to-date: /home/rhobtor/PHD/ARGOJ8_IA/ARGOSJ8_IA_/install/ctl_mission/include/ctl_mission/Eigen-3.3/bench/btl/data/gnuplot_common_settings.hh
[15.777s] -- Up-to-date: /home/rhobtor/PHD/ARGOJ8_IA/ARGOSJ8_IA_/install/ctl_mission/include/ctl_mission/Eigen-3.3/bench/btl/data/mk_gnuplot_script.sh
[15.777s] -- Up-to-date: /home/rhobtor/PHD/ARGOJ8_IA/ARGOSJ8_IA_/install/ctl_mission/include/ctl_mission/Eigen-3.3/bench/btl/data/smooth_all.sh
[15.777s] -- Up-to-date: /home/rhobtor/PHD/ARGOJ8_IA/ARGOSJ8_IA_/install/ctl_mission/include/ctl_mission/Eigen-3.3/bench/btl/CMakeLists.txt
[15.777s] -- Up-to-date: /home/rhobtor/PHD/ARGOJ8_IA/ARGOSJ8_IA_/install/ctl_mission/include/ctl_mission/Eigen-3.3/bench/btl/COPYING
[15.777s] -- Up-to-date: /home/rhobtor/PHD/ARGOJ8_IA/ARGOSJ8_IA_/install/ctl_mission/include/ctl_mission/Eigen-3.3/bench/btl/libs
[15.777s] -- Up-to-date: /home/rhobtor/PHD/ARGOJ8_IA/ARGOSJ8_IA_/install/ctl_mission/include/ctl_mission/Eigen-3.3/bench/btl/libs/mtl4
[15.777s] -- Up-to-date: /home/rhobtor/PHD/ARGOJ8_IA/ARGOSJ8_IA_/install/ctl_mission/include/ctl_mission/Eigen-3.3/bench/btl/libs/mtl4/.kdbgrc.main
[15.777s] -- Up-to-date: /home/rhobtor/PHD/ARGOJ8_IA/ARGOSJ8_IA_/install/ctl_mission/include/ctl_mission/Eigen-3.3/bench/btl/libs/mtl4/main.cpp
[15.777s] -- Up-to-date: /home/rhobtor/PHD/ARGOJ8_IA/ARGOSJ8_IA_/install/ctl_mission/include/ctl_mission/Eigen-3.3/bench/btl/libs/mtl4/CMakeLists.txt
[15.777s] -- Up-to-date: /home/rhobtor/PHD/ARGOJ8_IA/ARGOSJ8_IA_/install/ctl_mission/include/ctl_mission/Eigen-3.3/bench/btl/libs/mtl4/mtl4_LU_solve_interface.hh
[15.777s] -- Up-to-date: /home/rhobtor/PHD/ARGOJ8_IA/ARGOSJ8_IA_/install/ctl_mission/include/ctl_mission/Eigen-3.3/bench/btl/libs/mtl4/mtl4_interface.hh
[15.777s] -- Up-to-date: /home/rhobtor/PHD/ARGOJ8_IA/ARGOSJ8_IA_/install/ctl_mission/include/ctl_mission/Eigen-3.3/bench/btl/libs/ublas
[15.777s] -- Up-to-date: /home/rhobtor/PHD/ARGOJ8_IA/ARGOSJ8_IA_/install/ctl_mission/include/ctl_mission/Eigen-3.3/bench/btl/libs/ublas/main.cpp
[15.777s] -- Up-to-date: /home/rhobtor/PHD/ARGOJ8_IA/ARGOSJ8_IA_/install/ctl_mission/include/ctl_mission/Eigen-3.3/bench/btl/libs/ublas/CMakeLists.txt
[15.777s] -- Up-to-date: /home/rhobtor/PHD/ARGOJ8_IA/ARGOSJ8_IA_/install/ctl_mission/include/ctl_mission/Eigen-3.3/bench/btl/libs/ublas/ublas_interface.hh
[15.777s] -- Up-to-date: /home/rhobtor/PHD/ARGOJ8_IA/ARGOSJ8_IA_/install/ctl_mission/include/ctl_mission/Eigen-3.3/bench/btl/libs/eigen2
[15.777s] -- Up-to-date: /home/rhobtor/PHD/ARGOJ8_IA/ARGOSJ8_IA_/install/ctl_mission/include/ctl_mission/Eigen-3.3/bench/btl/libs/eigen2/btl_tiny_eigen2.cpp
[15.778s] -- Up-to-date: /home/rhobtor/PHD/ARGOJ8_IA/ARGOSJ8_IA_/install/ctl_mission/include/ctl_mission/Eigen-3.3/bench/btl/libs/eigen2/main_vecmat.cpp
[15.778s] -- Up-to-date: /home/rhobtor/PHD/ARGOJ8_IA/ARGOSJ8_IA_/install/ctl_mission/include/ctl_mission/Eigen-3.3/bench/btl/libs/eigen2/main_matmat.cpp
[15.778s] -- Up-to-date: /home/rhobtor/PHD/ARGOJ8_IA/ARGOSJ8_IA_/install/ctl_mission/include/ctl_mission/Eigen-3.3/bench/btl/libs/eigen2/main_adv.cpp
[15.778s] -- Up-to-date: /home/rhobtor/PHD/ARGOJ8_IA/ARGOSJ8_IA_/install/ctl_mission/include/ctl_mission/Eigen-3.3/bench/btl/libs/eigen2/CMakeLists.txt
[15.778s] -- Up-to-date: /home/rhobtor/PHD/ARGOJ8_IA/ARGOSJ8_IA_/install/ctl_mission/include/ctl_mission/Eigen-3.3/bench/btl/libs/eigen2/eigen2_interface.hh
[15.778s] -- Up-to-date: /home/rhobtor/PHD/ARGOJ8_IA/ARGOSJ8_IA_/install/ctl_mission/include/ctl_mission/Eigen-3.3/bench/btl/libs/eigen2/main_linear.cpp
[15.778s] -- Up-to-date: /home/rhobtor/PHD/ARGOJ8_IA/ARGOSJ8_IA_/install/ctl_mission/include/ctl_mission/Eigen-3.3/bench/btl/libs/gmm
[15.778s] -- Up-to-date: /home/rhobtor/PHD/ARGOJ8_IA/ARGOSJ8_IA_/install/ctl_mission/include/ctl_mission/Eigen-3.3/bench/btl/libs/gmm/main.cpp
[15.778s] -- Up-to-date: /home/rhobtor/PHD/ARGOJ8_IA/ARGOSJ8_IA_/install/ctl_mission/include/ctl_mission/Eigen-3.3/bench/btl/libs/gmm/CMakeLists.txt
[15.778s] -- Up-to-date: /home/rhobtor/PHD/ARGOJ8_IA/ARGOSJ8_IA_/install/ctl_mission/include/ctl_mission/Eigen-3.3/bench/btl/libs/gmm/gmm_interface.hh
[15.778s] -- Up-to-date: /home/rhobtor/PHD/ARGOJ8_IA/ARGOSJ8_IA_/install/ctl_mission/include/ctl_mission/Eigen-3.3/bench/btl/libs/gmm/gmm_LU_solve_interface.hh
[15.778s] -- Up-to-date: /home/rhobtor/PHD/ARGOJ8_IA/ARGOSJ8_IA_/install/ctl_mission/include/ctl_mission/Eigen-3.3/bench/btl/libs/tvmet
[15.778s] -- Up-to-date: /home/rhobtor/PHD/ARGOJ8_IA/ARGOSJ8_IA_/install/ctl_mission/include/ctl_mission/Eigen-3.3/bench/btl/libs/tvmet/main.cpp
[15.778s] -- Up-to-date: /home/rhobtor/PHD/ARGOJ8_IA/ARGOSJ8_IA_/install/ctl_mission/include/ctl_mission/Eigen-3.3/bench/btl/libs/tvmet/CMakeLists.txt
[15.778s] -- Up-to-date: /home/rhobtor/PHD/ARGOJ8_IA/ARGOSJ8_IA_/install/ctl_mission/include/ctl_mission/Eigen-3.3/bench/btl/libs/tvmet/tvmet_interface.hh
[15.778s] -- Up-to-date: /home/rhobtor/PHD/ARGOJ8_IA/ARGOSJ8_IA_/install/ctl_mission/include/ctl_mission/Eigen-3.3/bench/btl/libs/BLAS
[15.778s] -- Up-to-date: /home/rhobtor/PHD/ARGOJ8_IA/ARGOSJ8_IA_/install/ctl_mission/include/ctl_mission/Eigen-3.3/bench/btl/libs/BLAS/main.cpp
[15.778s] -- Up-to-date: /home/rhobtor/PHD/ARGOJ8_IA/ARGOSJ8_IA_/install/ctl_mission/include/ctl_mission/Eigen-3.3/bench/btl/libs/BLAS/CMakeLists.txt
[15.778s] -- Up-to-date: /home/rhobtor/PHD/ARGOJ8_IA/ARGOSJ8_IA_/install/ctl_mission/include/ctl_mission/Eigen-3.3/bench/btl/libs/BLAS/blas_interface.hh
[15.778s] -- Up-to-date: /home/rhobtor/PHD/ARGOJ8_IA/ARGOSJ8_IA_/install/ctl_mission/include/ctl_mission/Eigen-3.3/bench/btl/libs/BLAS/blas_interface_impl.hh
[15.778s] -- Up-to-date: /home/rhobtor/PHD/ARGOJ8_IA/ARGOSJ8_IA_/install/ctl_mission/include/ctl_mission/Eigen-3.3/bench/btl/libs/BLAS/c_interface_base.h
[15.778s] -- Up-to-date: /home/rhobtor/PHD/ARGOJ8_IA/ARGOSJ8_IA_/install/ctl_mission/include/ctl_mission/Eigen-3.3/bench/btl/libs/BLAS/blas.h
[15.778s] -- Up-to-date: /home/rhobtor/PHD/ARGOJ8_IA/ARGOSJ8_IA_/install/ctl_mission/include/ctl_mission/Eigen-3.3/bench/btl/libs/eigen3
[15.778s] -- Up-to-date: /home/rhobtor/PHD/ARGOJ8_IA/ARGOSJ8_IA_/install/ctl_mission/include/ctl_mission/Eigen-3.3/bench/btl/libs/eigen3/main_vecmat.cpp
[15.778s] -- Up-to-date: /home/rhobtor/PHD/ARGOJ8_IA/ARGOSJ8_IA_/install/ctl_mission/include/ctl_mission/Eigen-3.3/bench/btl/libs/eigen3/main_matmat.cpp
[15.778s] -- Up-to-date: /home/rhobtor/PHD/ARGOJ8_IA/ARGOSJ8_IA_/install/ctl_mission/include/ctl_mission/Eigen-3.3/bench/btl/libs/eigen3/eigen3_interface.hh
[15.778s] -- Up-to-date: /home/rhobtor/PHD/ARGOJ8_IA/ARGOSJ8_IA_/install/ctl_mission/include/ctl_mission/Eigen-3.3/bench/btl/libs/eigen3/main_adv.cpp
[15.779s] -- Up-to-date: /home/rhobtor/PHD/ARGOJ8_IA/ARGOSJ8_IA_/install/ctl_mission/include/ctl_mission/Eigen-3.3/bench/btl/libs/eigen3/CMakeLists.txt
[15.779s] -- Up-to-date: /home/rhobtor/PHD/ARGOJ8_IA/ARGOSJ8_IA_/install/ctl_mission/include/ctl_mission/Eigen-3.3/bench/btl/libs/eigen3/main_linear.cpp
[15.779s] -- Up-to-date: /home/rhobtor/PHD/ARGOJ8_IA/ARGOSJ8_IA_/install/ctl_mission/include/ctl_mission/Eigen-3.3/bench/btl/libs/eigen3/btl_tiny_eigen3.cpp
[15.779s] -- Up-to-date: /home/rhobtor/PHD/ARGOJ8_IA/ARGOSJ8_IA_/install/ctl_mission/include/ctl_mission/Eigen-3.3/bench/btl/libs/blaze
[15.779s] -- Up-to-date: /home/rhobtor/PHD/ARGOJ8_IA/ARGOSJ8_IA_/install/ctl_mission/include/ctl_mission/Eigen-3.3/bench/btl/libs/blaze/main.cpp
[15.779s] -- Up-to-date: /home/rhobtor/PHD/ARGOJ8_IA/ARGOSJ8_IA_/install/ctl_mission/include/ctl_mission/Eigen-3.3/bench/btl/libs/blaze/CMakeLists.txt
[15.779s] -- Up-to-date: /home/rhobtor/PHD/ARGOJ8_IA/ARGOSJ8_IA_/install/ctl_mission/include/ctl_mission/Eigen-3.3/bench/btl/libs/blaze/blaze_interface.hh
[15.779s] -- Up-to-date: /home/rhobtor/PHD/ARGOJ8_IA/ARGOSJ8_IA_/install/ctl_mission/include/ctl_mission/Eigen-3.3/bench/btl/libs/STL
[15.779s] -- Up-to-date: /home/rhobtor/PHD/ARGOJ8_IA/ARGOSJ8_IA_/install/ctl_mission/include/ctl_mission/Eigen-3.3/bench/btl/libs/STL/STL_interface.hh
[15.779s] -- Up-to-date: /home/rhobtor/PHD/ARGOJ8_IA/ARGOSJ8_IA_/install/ctl_mission/include/ctl_mission/Eigen-3.3/bench/btl/libs/STL/main.cpp
[15.779s] -- Up-to-date: /home/rhobtor/PHD/ARGOJ8_IA/ARGOSJ8_IA_/install/ctl_mission/include/ctl_mission/Eigen-3.3/bench/btl/libs/STL/CMakeLists.txt
[15.779s] -- Up-to-date: /home/rhobtor/PHD/ARGOJ8_IA/ARGOSJ8_IA_/install/ctl_mission/include/ctl_mission/Eigen-3.3/bench/btl/libs/tensors
[15.779s] -- Up-to-date: /home/rhobtor/PHD/ARGOJ8_IA/ARGOSJ8_IA_/install/ctl_mission/include/ctl_mission/Eigen-3.3/bench/btl/libs/tensors/tensor_interface.hh
[15.779s] -- Up-to-date: /home/rhobtor/PHD/ARGOJ8_IA/ARGOSJ8_IA_/install/ctl_mission/include/ctl_mission/Eigen-3.3/bench/btl/libs/tensors/main_vecmat.cpp
[15.779s] -- Up-to-date: /home/rhobtor/PHD/ARGOJ8_IA/ARGOSJ8_IA_/install/ctl_mission/include/ctl_mission/Eigen-3.3/bench/btl/libs/tensors/main_matmat.cpp
[15.779s] -- Up-to-date: /home/rhobtor/PHD/ARGOJ8_IA/ARGOSJ8_IA_/install/ctl_mission/include/ctl_mission/Eigen-3.3/bench/btl/libs/tensors/CMakeLists.txt
[15.779s] -- Up-to-date: /home/rhobtor/PHD/ARGOJ8_IA/ARGOSJ8_IA_/install/ctl_mission/include/ctl_mission/Eigen-3.3/bench/btl/libs/tensors/main_linear.cpp
[15.779s] -- Up-to-date: /home/rhobtor/PHD/ARGOJ8_IA/ARGOSJ8_IA_/install/ctl_mission/include/ctl_mission/Eigen-3.3/bench/btl/libs/blitz
[15.779s] -- Up-to-date: /home/rhobtor/PHD/ARGOJ8_IA/ARGOSJ8_IA_/install/ctl_mission/include/ctl_mission/Eigen-3.3/bench/btl/libs/blitz/btl_blitz.cpp
[15.779s] -- Up-to-date: /home/rhobtor/PHD/ARGOJ8_IA/ARGOSJ8_IA_/install/ctl_mission/include/ctl_mission/Eigen-3.3/bench/btl/libs/blitz/CMakeLists.txt
[15.779s] -- Up-to-date: /home/rhobtor/PHD/ARGOJ8_IA/ARGOSJ8_IA_/install/ctl_mission/include/ctl_mission/Eigen-3.3/bench/btl/libs/blitz/btl_tiny_blitz.cpp
[15.779s] -- Up-to-date: /home/rhobtor/PHD/ARGOJ8_IA/ARGOSJ8_IA_/install/ctl_mission/include/ctl_mission/Eigen-3.3/bench/btl/libs/blitz/blitz_interface.hh
[15.779s] -- Up-to-date: /home/rhobtor/PHD/ARGOJ8_IA/ARGOSJ8_IA_/install/ctl_mission/include/ctl_mission/Eigen-3.3/bench/btl/libs/blitz/blitz_LU_solve_interface.hh
[15.779s] -- Up-to-date: /home/rhobtor/PHD/ARGOJ8_IA/ARGOSJ8_IA_/install/ctl_mission/include/ctl_mission/Eigen-3.3/bench/btl/libs/blitz/tiny_blitz_interface.hh
[15.779s] -- Up-to-date: /home/rhobtor/PHD/ARGOJ8_IA/ARGOSJ8_IA_/install/ctl_mission/include/ctl_mission/Eigen-3.3/bench/btl/actions
[15.779s] -- Up-to-date: /home/rhobtor/PHD/ARGOJ8_IA/ARGOSJ8_IA_/install/ctl_mission/include/ctl_mission/Eigen-3.3/bench/btl/actions/action_trisolve_matrix.hh
[15.780s] -- Up-to-date: /home/rhobtor/PHD/ARGOJ8_IA/ARGOSJ8_IA_/install/ctl_mission/include/ctl_mission/Eigen-3.3/bench/btl/actions/action_trisolve.hh
[15.780s] -- Up-to-date: /home/rhobtor/PHD/ARGOJ8_IA/ARGOSJ8_IA_/install/ctl_mission/include/ctl_mission/Eigen-3.3/bench/btl/actions/action_partial_lu.hh
[15.780s] -- Up-to-date: /home/rhobtor/PHD/ARGOJ8_IA/ARGOSJ8_IA_/install/ctl_mission/include/ctl_mission/Eigen-3.3/bench/btl/actions/action_axpy.hh
[15.780s] -- Up-to-date: /home/rhobtor/PHD/ARGOJ8_IA/ARGOSJ8_IA_/install/ctl_mission/include/ctl_mission/Eigen-3.3/bench/btl/actions/basic_actions.hh
[15.780s] -- Up-to-date: /home/rhobtor/PHD/ARGOJ8_IA/ARGOSJ8_IA_/install/ctl_mission/include/ctl_mission/Eigen-3.3/bench/btl/actions/action_hessenberg.hh
[15.780s] -- Up-to-date: /home/rhobtor/PHD/ARGOJ8_IA/ARGOSJ8_IA_/install/ctl_mission/include/ctl_mission/Eigen-3.3/bench/btl/actions/action_ata_product.hh
[15.780s] -- Up-to-date: /home/rhobtor/PHD/ARGOJ8_IA/ARGOSJ8_IA_/install/ctl_mission/include/ctl_mission/Eigen-3.3/bench/btl/actions/action_lu_solve.hh
[15.780s] -- Up-to-date: /home/rhobtor/PHD/ARGOJ8_IA/ARGOSJ8_IA_/install/ctl_mission/include/ctl_mission/Eigen-3.3/bench/btl/actions/action_atv_product.hh
[15.780s] -- Up-to-date: /home/rhobtor/PHD/ARGOJ8_IA/ARGOSJ8_IA_/install/ctl_mission/include/ctl_mission/Eigen-3.3/bench/btl/actions/action_matrix_matrix_product_bis.hh
[15.780s] -- Up-to-date: /home/rhobtor/PHD/ARGOJ8_IA/ARGOSJ8_IA_/install/ctl_mission/include/ctl_mission/Eigen-3.3/bench/btl/actions/action_matrix_vector_product.hh
[15.780s] -- Up-to-date: /home/rhobtor/PHD/ARGOJ8_IA/ARGOSJ8_IA_/install/ctl_mission/include/ctl_mission/Eigen-3.3/bench/btl/actions/action_symv.hh
[15.780s] -- Up-to-date: /home/rhobtor/PHD/ARGOJ8_IA/ARGOSJ8_IA_/install/ctl_mission/include/ctl_mission/Eigen-3.3/bench/btl/actions/action_ger.hh
[15.780s] -- Up-to-date: /home/rhobtor/PHD/ARGOJ8_IA/ARGOSJ8_IA_/install/ctl_mission/include/ctl_mission/Eigen-3.3/bench/btl/actions/action_trmm.hh
[15.780s] -- Up-to-date: /home/rhobtor/PHD/ARGOJ8_IA/ARGOSJ8_IA_/install/ctl_mission/include/ctl_mission/Eigen-3.3/bench/btl/actions/action_cholesky.hh
[15.780s] -- Up-to-date: /home/rhobtor/PHD/ARGOJ8_IA/ARGOSJ8_IA_/install/ctl_mission/include/ctl_mission/Eigen-3.3/bench/btl/actions/action_aat_product.hh
[15.780s] -- Up-to-date: /home/rhobtor/PHD/ARGOJ8_IA/ARGOSJ8_IA_/install/ctl_mission/include/ctl_mission/Eigen-3.3/bench/btl/actions/action_matrix_matrix_product.hh
[15.780s] -- Up-to-date: /home/rhobtor/PHD/ARGOJ8_IA/ARGOSJ8_IA_/install/ctl_mission/include/ctl_mission/Eigen-3.3/bench/btl/actions/action_syr2.hh
[15.780s] -- Up-to-date: /home/rhobtor/PHD/ARGOJ8_IA/ARGOSJ8_IA_/install/ctl_mission/include/ctl_mission/Eigen-3.3/bench/btl/actions/action_lu_decomp.hh
[15.780s] -- Up-to-date: /home/rhobtor/PHD/ARGOJ8_IA/ARGOSJ8_IA_/install/ctl_mission/include/ctl_mission/Eigen-3.3/bench/btl/actions/action_rot.hh
[15.780s] -- Up-to-date: /home/rhobtor/PHD/ARGOJ8_IA/ARGOSJ8_IA_/install/ctl_mission/include/ctl_mission/Eigen-3.3/bench/btl/actions/action_axpby.hh
[15.780s] -- Up-to-date: /home/rhobtor/PHD/ARGOJ8_IA/ARGOSJ8_IA_/install/ctl_mission/include/ctl_mission/Eigen-3.3/bench/btl/README
[15.781s] -- Up-to-date: /home/rhobtor/PHD/ARGOJ8_IA/ARGOSJ8_IA_/install/ctl_mission/include/ctl_mission/Eigen-3.3/bench/btl/generic_bench
[15.781s] -- Up-to-date: /home/rhobtor/PHD/ARGOJ8_IA/ARGOSJ8_IA_/install/ctl_mission/include/ctl_mission/Eigen-3.3/bench/btl/generic_bench/btl.hh
[15.781s] -- Up-to-date: /home/rhobtor/PHD/ARGOJ8_IA/ARGOSJ8_IA_/install/ctl_mission/include/ctl_mission/Eigen-3.3/bench/btl/generic_bench/timers
[15.781s] -- Up-to-date: /home/rhobtor/PHD/ARGOJ8_IA/ARGOSJ8_IA_/install/ctl_mission/include/ctl_mission/Eigen-3.3/bench/btl/generic_bench/timers/mixed_perf_analyzer.hh
[15.781s] -- Up-to-date: /home/rhobtor/PHD/ARGOJ8_IA/ARGOSJ8_IA_/install/ctl_mission/include/ctl_mission/Eigen-3.3/bench/btl/generic_bench/timers/portable_timer.hh
[15.781s] -- Up-to-date: /home/rhobtor/PHD/ARGOJ8_IA/ARGOSJ8_IA_/install/ctl_mission/include/ctl_mission/Eigen-3.3/bench/btl/generic_bench/timers/x86_timer.hh
[15.781s] -- Up-to-date: /home/rhobtor/PHD/ARGOJ8_IA/ARGOSJ8_IA_/install/ctl_mission/include/ctl_mission/Eigen-3.3/bench/btl/generic_bench/timers/STL_timer.hh
[15.781s] -- Up-to-date: /home/rhobtor/PHD/ARGOJ8_IA/ARGOSJ8_IA_/install/ctl_mission/include/ctl_mission/Eigen-3.3/bench/btl/generic_bench/timers/portable_perf_analyzer_old.hh
[15.781s] -- Up-to-date: /home/rhobtor/PHD/ARGOJ8_IA/ARGOSJ8_IA_/install/ctl_mission/include/ctl_mission/Eigen-3.3/bench/btl/generic_bench/timers/x86_perf_analyzer.hh
[15.781s] -- Up-to-date: /home/rhobtor/PHD/ARGOJ8_IA/ARGOSJ8_IA_/install/ctl_mission/include/ctl_mission/Eigen-3.3/bench/btl/generic_bench/timers/STL_perf_analyzer.hh
[15.781s] -- Up-to-date: /home/rhobtor/PHD/ARGOJ8_IA/ARGOSJ8_IA_/install/ctl_mission/include/ctl_mission/Eigen-3.3/bench/btl/generic_bench/timers/portable_perf_analyzer.hh
[15.781s] -- Up-to-date: /home/rhobtor/PHD/ARGOJ8_IA/ARGOSJ8_IA_/install/ctl_mission/include/ctl_mission/Eigen-3.3/bench/btl/generic_bench/bench_parameter.hh
[15.781s] -- Up-to-date: /home/rhobtor/PHD/ARGOJ8_IA/ARGOSJ8_IA_/install/ctl_mission/include/ctl_mission/Eigen-3.3/bench/btl/generic_bench/utils
[15.781s] -- Up-to-date: /home/rhobtor/PHD/ARGOJ8_IA/ARGOSJ8_IA_/install/ctl_mission/include/ctl_mission/Eigen-3.3/bench/btl/generic_bench/utils/size_lin_log.hh
[15.781s] -- Up-to-date: /home/rhobtor/PHD/ARGOJ8_IA/ARGOSJ8_IA_/install/ctl_mission/include/ctl_mission/Eigen-3.3/bench/btl/generic_bench/utils/xy_file.hh
[15.781s] -- Up-to-date: /home/rhobtor/PHD/ARGOJ8_IA/ARGOSJ8_IA_/install/ctl_mission/include/ctl_mission/Eigen-3.3/bench/btl/generic_bench/utils/utilities.h
[15.781s] -- Up-to-date: /home/rhobtor/PHD/ARGOJ8_IA/ARGOSJ8_IA_/install/ctl_mission/include/ctl_mission/Eigen-3.3/bench/btl/generic_bench/utils/size_log.hh
[15.782s] -- Up-to-date: /home/rhobtor/PHD/ARGOJ8_IA/ARGOSJ8_IA_/install/ctl_mission/include/ctl_mission/Eigen-3.3/bench/btl/generic_bench/static
[15.782s] -- Up-to-date: /home/rhobtor/PHD/ARGOJ8_IA/ARGOSJ8_IA_/install/ctl_mission/include/ctl_mission/Eigen-3.3/bench/btl/generic_bench/static/static_size_generator.hh
[15.782s] -- Up-to-date: /home/rhobtor/PHD/ARGOJ8_IA/ARGOSJ8_IA_/install/ctl_mission/include/ctl_mission/Eigen-3.3/bench/btl/generic_bench/static/intel_bench_fixed_size.hh
[15.782s] -- Up-to-date: /home/rhobtor/PHD/ARGOJ8_IA/ARGOSJ8_IA_/install/ctl_mission/include/ctl_mission/Eigen-3.3/bench/btl/generic_bench/static/bench_static.hh
[15.782s] -- Up-to-date: /home/rhobtor/PHD/ARGOJ8_IA/ARGOSJ8_IA_/install/ctl_mission/include/ctl_mission/Eigen-3.3/bench/btl/generic_bench/bench.hh
[15.782s] -- Up-to-date: /home/rhobtor/PHD/ARGOJ8_IA/ARGOSJ8_IA_/install/ctl_mission/include/ctl_mission/Eigen-3.3/bench/btl/generic_bench/init
[15.782s] -- Up-to-date: /home/rhobtor/PHD/ARGOJ8_IA/ARGOSJ8_IA_/install/ctl_mission/include/ctl_mission/Eigen-3.3/bench/btl/generic_bench/init/init_function.hh
[15.782s] -- Up-to-date: /home/rhobtor/PHD/ARGOJ8_IA/ARGOSJ8_IA_/install/ctl_mission/include/ctl_mission/Eigen-3.3/bench/btl/generic_bench/init/init_matrix.hh
[15.782s] -- Up-to-date: /home/rhobtor/PHD/ARGOJ8_IA/ARGOSJ8_IA_/install/ctl_mission/include/ctl_mission/Eigen-3.3/bench/btl/generic_bench/init/init_vector.hh
[15.782s] -- Up-to-date: /home/rhobtor/PHD/ARGOJ8_IA/ARGOSJ8_IA_/install/ctl_mission/include/ctl_mission/Eigen-3.3/bench/benchmarkX.cpp
[15.782s] -- Up-to-date: /home/rhobtor/PHD/ARGOJ8_IA/ARGOSJ8_IA_/install/ctl_mission/include/ctl_mission/Eigen-3.3/bench/sparse_lu.cpp
[15.782s] -- Up-to-date: /home/rhobtor/PHD/ARGOJ8_IA/ARGOSJ8_IA_/install/ctl_mission/include/ctl_mission/Eigen-3.3/bench/tensors
[15.782s] -- Up-to-date: /home/rhobtor/PHD/ARGOJ8_IA/ARGOSJ8_IA_/install/ctl_mission/include/ctl_mission/Eigen-3.3/bench/tensors/tensor_benchmarks_cpu.cc
[15.782s] -- Up-to-date: /home/rhobtor/PHD/ARGOJ8_IA/ARGOSJ8_IA_/install/ctl_mission/include/ctl_mission/Eigen-3.3/bench/tensors/tensor_benchmarks_fp16_gpu.cu
[15.782s] -- Up-to-date: /home/rhobtor/PHD/ARGOJ8_IA/ARGOSJ8_IA_/install/ctl_mission/include/ctl_mission/Eigen-3.3/bench/tensors/tensor_benchmarks.h
[15.782s] -- Up-to-date: /home/rhobtor/PHD/ARGOJ8_IA/ARGOSJ8_IA_/install/ctl_mission/include/ctl_mission/Eigen-3.3/bench/tensors/tensor_benchmarks_gpu.cu
[15.782s] -- Up-to-date: /home/rhobtor/PHD/ARGOJ8_IA/ARGOSJ8_IA_/install/ctl_mission/include/ctl_mission/Eigen-3.3/bench/tensors/benchmark.h
[15.782s] -- Up-to-date: /home/rhobtor/PHD/ARGOJ8_IA/ARGOSJ8_IA_/install/ctl_mission/include/ctl_mission/Eigen-3.3/bench/tensors/benchmark_main.cc
[15.782s] -- Up-to-date: /home/rhobtor/PHD/ARGOJ8_IA/ARGOSJ8_IA_/install/ctl_mission/include/ctl_mission/Eigen-3.3/bench/tensors/contraction_benchmarks_cpu.cc
[15.782s] -- Up-to-date: /home/rhobtor/PHD/ARGOJ8_IA/ARGOSJ8_IA_/install/ctl_mission/include/ctl_mission/Eigen-3.3/bench/tensors/tensor_benchmarks_sycl.cc
[15.782s] -- Up-to-date: /home/rhobtor/PHD/ARGOJ8_IA/ARGOSJ8_IA_/install/ctl_mission/include/ctl_mission/Eigen-3.3/bench/tensors/README
[15.782s] -- Up-to-date: /home/rhobtor/PHD/ARGOJ8_IA/ARGOSJ8_IA_/install/ctl_mission/include/ctl_mission/Eigen-3.3/bench/sparse_product.cpp
[15.783s] -- Up-to-date: /home/rhobtor/PHD/ARGOJ8_IA/ARGOSJ8_IA_/install/ctl_mission/include/ctl_mission/Eigen-3.3/bench/bench_gemm.cpp
[15.783s] -- Up-to-date: /home/rhobtor/PHD/ARGOJ8_IA/ARGOSJ8_IA_/install/ctl_mission/include/ctl_mission/Eigen-3.3/bench/eig33.cpp
[15.783s] -- Up-to-date: /home/rhobtor/PHD/ARGOJ8_IA/ARGOSJ8_IA_/install/ctl_mission/include/ctl_mission/Eigen-3.3/bench/benchmarkXcwise.cpp
[15.783s] -- Up-to-date: /home/rhobtor/PHD/ARGOJ8_IA/ARGOSJ8_IA_/install/ctl_mission/include/ctl_mission/Eigen-3.3/bench/product_threshold.cpp
[15.783s] -- Up-to-date: /home/rhobtor/PHD/ARGOJ8_IA/ARGOSJ8_IA_/install/ctl_mission/include/ctl_mission/Eigen-3.3/bench/benchGeometry.cpp
[15.783s] -- Up-to-date: /home/rhobtor/PHD/ARGOJ8_IA/ARGOSJ8_IA_/install/ctl_mission/include/ctl_mission/Eigen-3.3/bench/benchCholesky.cpp
[15.783s] -- Up-to-date: /home/rhobtor/PHD/ARGOJ8_IA/ARGOSJ8_IA_/install/ctl_mission/include/ctl_mission/Eigen-3.3/bench/benchEigenSolver.cpp
[15.783s] -- Up-to-date: /home/rhobtor/PHD/ARGOJ8_IA/ARGOSJ8_IA_/install/ctl_mission/include/ctl_mission/Eigen-3.3/bench/bench_reverse.cpp
[15.783s] -- Up-to-date: /home/rhobtor/PHD/ARGOJ8_IA/ARGOSJ8_IA_/install/ctl_mission/include/ctl_mission/Eigen-3.3/bench/basicbenchmark.h
[15.783s] -- Up-to-date: /home/rhobtor/PHD/ARGOJ8_IA/ARGOSJ8_IA_/install/ctl_mission/include/ctl_mission/Eigen-3.3/bench/sparse_setter.cpp
[15.783s] -- Up-to-date: /home/rhobtor/PHD/ARGOJ8_IA/ARGOSJ8_IA_/install/ctl_mission/include/ctl_mission/Eigen-3.3/bench/basicbench.cxxlist
[15.783s] -- Up-to-date: /home/rhobtor/PHD/ARGOJ8_IA/ARGOSJ8_IA_/install/ctl_mission/include/ctl_mission/Eigen-3.3/bench/benchmark.cpp
[15.783s] -- Up-to-date: /home/rhobtor/PHD/ARGOJ8_IA/ARGOSJ8_IA_/install/ctl_mission/include/ctl_mission/Eigen-3.3/Eigen
[15.783s] -- Up-to-date: /home/rhobtor/PHD/ARGOJ8_IA/ARGOSJ8_IA_/install/ctl_mission/include/ctl_mission/Eigen-3.3/Eigen/QR
[15.783s] -- Up-to-date: /home/rhobtor/PHD/ARGOJ8_IA/ARGOSJ8_IA_/install/ctl_mission/include/ctl_mission/Eigen-3.3/Eigen/QtAlignedMalloc
[15.783s] -- Up-to-date: /home/rhobtor/PHD/ARGOJ8_IA/ARGOSJ8_IA_/install/ctl_mission/include/ctl_mission/Eigen-3.3/Eigen/SparseQR
[15.783s] -- Up-to-date: /home/rhobtor/PHD/ARGOJ8_IA/ARGOSJ8_IA_/install/ctl_mission/include/ctl_mission/Eigen-3.3/Eigen/CholmodSupport
[15.783s] -- Up-to-date: /home/rhobtor/PHD/ARGOJ8_IA/ARGOSJ8_IA_/install/ctl_mission/include/ctl_mission/Eigen-3.3/Eigen/src
[15.783s] -- Up-to-date: /home/rhobtor/PHD/ARGOJ8_IA/ARGOSJ8_IA_/install/ctl_mission/include/ctl_mission/Eigen-3.3/Eigen/src/QR
[15.783s] -- Up-to-date: /home/rhobtor/PHD/ARGOJ8_IA/ARGOSJ8_IA_/install/ctl_mission/include/ctl_mission/Eigen-3.3/Eigen/src/QR/FullPivHouseholderQR.h
[15.783s] -- Up-to-date: /home/rhobtor/PHD/ARGOJ8_IA/ARGOSJ8_IA_/install/ctl_mission/include/ctl_mission/Eigen-3.3/Eigen/src/QR/ColPivHouseholderQR.h
[15.783s] -- Up-to-date: /home/rhobtor/PHD/ARGOJ8_IA/ARGOSJ8_IA_/install/ctl_mission/include/ctl_mission/Eigen-3.3/Eigen/src/QR/ColPivHouseholderQR_LAPACKE.h
[15.783s] -- Up-to-date: /home/rhobtor/PHD/ARGOJ8_IA/ARGOSJ8_IA_/install/ctl_mission/include/ctl_mission/Eigen-3.3/Eigen/src/QR/CompleteOrthogonalDecomposition.h
[15.783s] -- Up-to-date: /home/rhobtor/PHD/ARGOJ8_IA/ARGOSJ8_IA_/install/ctl_mission/include/ctl_mission/Eigen-3.3/Eigen/src/QR/HouseholderQR_LAPACKE.h
[15.783s] -- Up-to-date: /home/rhobtor/PHD/ARGOJ8_IA/ARGOSJ8_IA_/install/ctl_mission/include/ctl_mission/Eigen-3.3/Eigen/src/QR/HouseholderQR.h
[15.783s] -- Up-to-date: /home/rhobtor/PHD/ARGOJ8_IA/ARGOSJ8_IA_/install/ctl_mission/include/ctl_mission/Eigen-3.3/Eigen/src/SparseQR
[15.783s] -- Up-to-date: /home/rhobtor/PHD/ARGOJ8_IA/ARGOSJ8_IA_/install/ctl_mission/include/ctl_mission/Eigen-3.3/Eigen/src/SparseQR/SparseQR.h
[15.784s] -- Up-to-date: /home/rhobtor/PHD/ARGOJ8_IA/ARGOSJ8_IA_/install/ctl_mission/include/ctl_mission/Eigen-3.3/Eigen/src/CholmodSupport
[15.784s] -- Up-to-date: /home/rhobtor/PHD/ARGOJ8_IA/ARGOSJ8_IA_/install/ctl_mission/include/ctl_mission/Eigen-3.3/Eigen/src/CholmodSupport/CholmodSupport.h
[15.784s] -- Up-to-date: /home/rhobtor/PHD/ARGOJ8_IA/ARGOSJ8_IA_/install/ctl_mission/include/ctl_mission/Eigen-3.3/Eigen/src/PardisoSupport
[15.784s] -- Up-to-date: /home/rhobtor/PHD/ARGOJ8_IA/ARGOSJ8_IA_/install/ctl_mission/include/ctl_mission/Eigen-3.3/Eigen/src/PardisoSupport/PardisoSupport.h
[15.784s] -- Up-to-date: /home/rhobtor/PHD/ARGOJ8_IA/ARGOSJ8_IA_/install/ctl_mission/include/ctl_mission/Eigen-3.3/Eigen/src/SPQRSupport
[15.784s] -- Up-to-date: /home/rhobtor/PHD/ARGOJ8_IA/ARGOSJ8_IA_/install/ctl_mission/include/ctl_mission/Eigen-3.3/Eigen/src/SPQRSupport/SuiteSparseQRSupport.h
[15.784s] -- Up-to-date: /home/rhobtor/PHD/ARGOJ8_IA/ARGOSJ8_IA_/install/ctl_mission/include/ctl_mission/Eigen-3.3/Eigen/src/IterativeLinearSolvers
[15.784s] -- Up-to-date: /home/rhobtor/PHD/ARGOJ8_IA/ARGOSJ8_IA_/install/ctl_mission/include/ctl_mission/Eigen-3.3/Eigen/src/IterativeLinearSolvers/BasicPreconditioners.h
[15.784s] -- Up-to-date: /home/rhobtor/PHD/ARGOJ8_IA/ARGOSJ8_IA_/install/ctl_mission/include/ctl_mission/Eigen-3.3/Eigen/src/IterativeLinearSolvers/SolveWithGuess.h
[15.784s] -- Up-to-date: /home/rhobtor/PHD/ARGOJ8_IA/ARGOSJ8_IA_/install/ctl_mission/include/ctl_mission/Eigen-3.3/Eigen/src/IterativeLinearSolvers/IncompleteLUT.h
[15.784s] -- Up-to-date: /home/rhobtor/PHD/ARGOJ8_IA/ARGOSJ8_IA_/install/ctl_mission/include/ctl_mission/Eigen-3.3/Eigen/src/IterativeLinearSolvers/IncompleteCholesky.h
[15.784s] -- Up-to-date: /home/rhobtor/PHD/ARGOJ8_IA/ARGOSJ8_IA_/install/ctl_mission/include/ctl_mission/Eigen-3.3/Eigen/src/IterativeLinearSolvers/IterativeSolverBase.h
[15.784s] -- Up-to-date: /home/rhobtor/PHD/ARGOJ8_IA/ARGOSJ8_IA_/install/ctl_mission/include/ctl_mission/Eigen-3.3/Eigen/src/IterativeLinearSolvers/LeastSquareConjugateGradient.h
[15.784s] -- Up-to-date: /home/rhobtor/PHD/ARGOJ8_IA/ARGOSJ8_IA_/install/ctl_mission/include/ctl_mission/Eigen-3.3/Eigen/src/IterativeLinearSolvers/BiCGSTAB.h
[15.784s] -- Up-to-date: /home/rhobtor/PHD/ARGOJ8_IA/ARGOSJ8_IA_/install/ctl_mission/include/ctl_mission/Eigen-3.3/Eigen/src/IterativeLinearSolvers/ConjugateGradient.h
[15.784s] -- Up-to-date: /home/rhobtor/PHD/ARGOJ8_IA/ARGOSJ8_IA_/install/ctl_mission/include/ctl_mission/Eigen-3.3/Eigen/src/StlSupport
[15.784s] -- Up-to-date: /home/rhobtor/PHD/ARGOJ8_IA/ARGOSJ8_IA_/install/ctl_mission/include/ctl_mission/Eigen-3.3/Eigen/src/StlSupport/StdDeque.h
[15.784s] -- Up-to-date: /home/rhobtor/PHD/ARGOJ8_IA/ARGOSJ8_IA_/install/ctl_mission/include/ctl_mission/Eigen-3.3/Eigen/src/StlSupport/StdVector.h
[15.784s] -- Up-to-date: /home/rhobtor/PHD/ARGOJ8_IA/ARGOSJ8_IA_/install/ctl_mission/include/ctl_mission/Eigen-3.3/Eigen/src/StlSupport/StdList.h
[15.784s] -- Up-to-date: /home/rhobtor/PHD/ARGOJ8_IA/ARGOSJ8_IA_/install/ctl_mission/include/ctl_mission/Eigen-3.3/Eigen/src/StlSupport/details.h
[15.784s] -- Up-to-date: /home/rhobtor/PHD/ARGOJ8_IA/ARGOSJ8_IA_/install/ctl_mission/include/ctl_mission/Eigen-3.3/Eigen/src/SparseLU
[15.784s] -- Up-to-date: /home/rhobtor/PHD/ARGOJ8_IA/ARGOSJ8_IA_/install/ctl_mission/include/ctl_mission/Eigen-3.3/Eigen/src/SparseLU/SparseLU_column_bmod.h
[15.784s] -- Up-to-date: /home/rhobtor/PHD/ARGOJ8_IA/ARGOSJ8_IA_/install/ctl_mission/include/ctl_mission/Eigen-3.3/Eigen/src/SparseLU/SparseLU_panel_bmod.h
[15.784s] -- Up-to-date: /home/rhobtor/PHD/ARGOJ8_IA/ARGOSJ8_IA_/install/ctl_mission/include/ctl_mission/Eigen-3.3/Eigen/src/SparseLU/SparseLU_pivotL.h
[15.784s] -- Up-to-date: /home/rhobtor/PHD/ARGOJ8_IA/ARGOSJ8_IA_/install/ctl_mission/include/ctl_mission/Eigen-3.3/Eigen/src/SparseLU/SparseLU_Utils.h
[15.784s] -- Up-to-date: /home/rhobtor/PHD/ARGOJ8_IA/ARGOSJ8_IA_/install/ctl_mission/include/ctl_mission/Eigen-3.3/Eigen/src/SparseLU/SparseLU_Memory.h
[15.785s] -- Up-to-date: /home/rhobtor/PHD/ARGOJ8_IA/ARGOSJ8_IA_/install/ctl_mission/include/ctl_mission/Eigen-3.3/Eigen/src/SparseLU/SparseLU_panel_dfs.h
[15.785s] -- Up-to-date: /home/rhobtor/PHD/ARGOJ8_IA/ARGOSJ8_IA_/install/ctl_mission/include/ctl_mission/Eigen-3.3/Eigen/src/SparseLU/SparseLU_kernel_bmod.h
[15.785s] -- Up-to-date: /home/rhobtor/PHD/ARGOJ8_IA/ARGOSJ8_IA_/install/ctl_mission/include/ctl_mission/Eigen-3.3/Eigen/src/SparseLU/SparseLU_heap_relax_snode.h
[15.785s] -- Up-to-date: /home/rhobtor/PHD/ARGOJ8_IA/ARGOSJ8_IA_/install/ctl_mission/include/ctl_mission/Eigen-3.3/Eigen/src/SparseLU/SparseLU_column_dfs.h
[15.785s] -- Up-to-date: /home/rhobtor/PHD/ARGOJ8_IA/ARGOSJ8_IA_/install/ctl_mission/include/ctl_mission/Eigen-3.3/Eigen/src/SparseLU/SparseLU_relax_snode.h
[15.785s] -- Up-to-date: /home/rhobtor/PHD/ARGOJ8_IA/ARGOSJ8_IA_/install/ctl_mission/include/ctl_mission/Eigen-3.3/Eigen/src/SparseLU/SparseLU_Structs.h
[15.785s] -- Up-to-date: /home/rhobtor/PHD/ARGOJ8_IA/ARGOSJ8_IA_/install/ctl_mission/include/ctl_mission/Eigen-3.3/Eigen/src/SparseLU/SparseLU_gemm_kernel.h
[15.785s] -- Up-to-date: /home/rhobtor/PHD/ARGOJ8_IA/ARGOSJ8_IA_/install/ctl_mission/include/ctl_mission/Eigen-3.3/Eigen/src/SparseLU/SparseLU_copy_to_ucol.h
[15.785s] -- Up-to-date: /home/rhobtor/PHD/ARGOJ8_IA/ARGOSJ8_IA_/install/ctl_mission/include/ctl_mission/Eigen-3.3/Eigen/src/SparseLU/SparseLUImpl.h
[15.785s] -- Up-to-date: /home/rhobtor/PHD/ARGOJ8_IA/ARGOSJ8_IA_/install/ctl_mission/include/ctl_mission/Eigen-3.3/Eigen/src/SparseLU/SparseLU_SupernodalMatrix.h
[15.785s] -- Up-to-date: /home/rhobtor/PHD/ARGOJ8_IA/ARGOSJ8_IA_/install/ctl_mission/include/ctl_mission/Eigen-3.3/Eigen/src/SparseLU/SparseLU_pruneL.h
[15.785s] -- Up-to-date: /home/rhobtor/PHD/ARGOJ8_IA/ARGOSJ8_IA_/install/ctl_mission/include/ctl_mission/Eigen-3.3/Eigen/src/SparseLU/SparseLU.h
[15.785s] -- Up-to-date: /home/rhobtor/PHD/ARGOJ8_IA/ARGOSJ8_IA_/install/ctl_mission/include/ctl_mission/Eigen-3.3/Eigen/src/UmfPackSupport
[15.785s] -- Up-to-date: /home/rhobtor/PHD/ARGOJ8_IA/ARGOSJ8_IA_/install/ctl_mission/include/ctl_mission/Eigen-3.3/Eigen/src/UmfPackSupport/UmfPackSupport.h
[15.785s] -- Up-to-date: /home/rhobtor/PHD/ARGOJ8_IA/ARGOSJ8_IA_/install/ctl_mission/include/ctl_mission/Eigen-3.3/Eigen/src/plugins
[15.785s] -- Up-to-date: /home/rhobtor/PHD/ARGOJ8_IA/ARGOSJ8_IA_/install/ctl_mission/include/ctl_mission/Eigen-3.3/Eigen/src/plugins/CommonCwiseBinaryOps.h
[15.785s] -- Up-to-date: /home/rhobtor/PHD/ARGOJ8_IA/ARGOSJ8_IA_/install/ctl_mission/include/ctl_mission/Eigen-3.3/Eigen/src/plugins/ArrayCwiseBinaryOps.h
[15.785s] -- Up-to-date: /home/rhobtor/PHD/ARGOJ8_IA/ARGOSJ8_IA_/install/ctl_mission/include/ctl_mission/Eigen-3.3/Eigen/src/plugins/MatrixCwiseBinaryOps.h
[15.785s] -- Up-to-date: /home/rhobtor/PHD/ARGOJ8_IA/ARGOSJ8_IA_/install/ctl_mission/include/ctl_mission/Eigen-3.3/Eigen/src/plugins/MatrixCwiseUnaryOps.h
[15.785s] -- Up-to-date: /home/rhobtor/PHD/ARGOJ8_IA/ARGOSJ8_IA_/install/ctl_mission/include/ctl_mission/Eigen-3.3/Eigen/src/plugins/BlockMethods.h
[15.785s] -- Up-to-date: /home/rhobtor/PHD/ARGOJ8_IA/ARGOSJ8_IA_/install/ctl_mission/include/ctl_mission/Eigen-3.3/Eigen/src/plugins/ArrayCwiseUnaryOps.h
[15.785s] -- Up-to-date: /home/rhobtor/PHD/ARGOJ8_IA/ARGOSJ8_IA_/install/ctl_mission/include/ctl_mission/Eigen-3.3/Eigen/src/plugins/CommonCwiseUnaryOps.h
[15.785s] -- Up-to-date: /home/rhobtor/PHD/ARGOJ8_IA/ARGOSJ8_IA_/install/ctl_mission/include/ctl_mission/Eigen-3.3/Eigen/src/misc
[15.785s] -- Up-to-date: /home/rhobtor/PHD/ARGOJ8_IA/ARGOSJ8_IA_/install/ctl_mission/include/ctl_mission/Eigen-3.3/Eigen/src/misc/lapacke_mangling.h
[15.785s] -- Up-to-date: /home/rhobtor/PHD/ARGOJ8_IA/ARGOSJ8_IA_/install/ctl_mission/include/ctl_mission/Eigen-3.3/Eigen/src/misc/lapacke.h
[15.785s] -- Up-to-date: /home/rhobtor/PHD/ARGOJ8_IA/ARGOSJ8_IA_/install/ctl_mission/include/ctl_mission/Eigen-3.3/Eigen/src/misc/Image.h
[15.785s] -- Up-to-date: /home/rhobtor/PHD/ARGOJ8_IA/ARGOSJ8_IA_/install/ctl_mission/include/ctl_mission/Eigen-3.3/Eigen/src/misc/lapack.h
[15.786s] -- Up-to-date: /home/rhobtor/PHD/ARGOJ8_IA/ARGOSJ8_IA_/install/ctl_mission/include/ctl_mission/Eigen-3.3/Eigen/src/misc/Kernel.h
[15.786s] -- Up-to-date: /home/rhobtor/PHD/ARGOJ8_IA/ARGOSJ8_IA_/install/ctl_mission/include/ctl_mission/Eigen-3.3/Eigen/src/misc/RealSvd2x2.h
[15.786s] -- Up-to-date: /home/rhobtor/PHD/ARGOJ8_IA/ARGOSJ8_IA_/install/ctl_mission/include/ctl_mission/Eigen-3.3/Eigen/src/misc/blas.h
[15.786s] -- Up-to-date: /home/rhobtor/PHD/ARGOJ8_IA/ARGOSJ8_IA_/install/ctl_mission/include/ctl_mission/Eigen-3.3/Eigen/src/SparseCholesky
[15.786s] -- Up-to-date: /home/rhobtor/PHD/ARGOJ8_IA/ARGOSJ8_IA_/install/ctl_mission/include/ctl_mission/Eigen-3.3/Eigen/src/SparseCholesky/SimplicialCholesky.h
[15.786s] -- Up-to-date: /home/rhobtor/PHD/ARGOJ8_IA/ARGOSJ8_IA_/install/ctl_mission/include/ctl_mission/Eigen-3.3/Eigen/src/SparseCholesky/SimplicialCholesky_impl.h
[15.786s] -- Up-to-date: /home/rhobtor/PHD/ARGOJ8_IA/ARGOSJ8_IA_/install/ctl_mission/include/ctl_mission/Eigen-3.3/Eigen/src/Geometry
[15.786s] -- Up-to-date: /home/rhobtor/PHD/ARGOJ8_IA/ARGOSJ8_IA_/install/ctl_mission/include/ctl_mission/Eigen-3.3/Eigen/src/Geometry/Translation.h
[15.786s] -- Up-to-date: /home/rhobtor/PHD/ARGOJ8_IA/ARGOSJ8_IA_/install/ctl_mission/include/ctl_mission/Eigen-3.3/Eigen/src/Geometry/AlignedBox.h
[15.786s] -- Up-to-date: /home/rhobtor/PHD/ARGOJ8_IA/ARGOSJ8_IA_/install/ctl_mission/include/ctl_mission/Eigen-3.3/Eigen/src/Geometry/Homogeneous.h
[15.786s] -- Up-to-date: /home/rhobtor/PHD/ARGOJ8_IA/ARGOSJ8_IA_/install/ctl_mission/include/ctl_mission/Eigen-3.3/Eigen/src/Geometry/RotationBase.h
[15.786s] -- Up-to-date: /home/rhobtor/PHD/ARGOJ8_IA/ARGOSJ8_IA_/install/ctl_mission/include/ctl_mission/Eigen-3.3/Eigen/src/Geometry/Umeyama.h
[15.786s] -- Up-to-date: /home/rhobtor/PHD/ARGOJ8_IA/ARGOSJ8_IA_/install/ctl_mission/include/ctl_mission/Eigen-3.3/Eigen/src/Geometry/OrthoMethods.h
[15.786s] -- Up-to-date: /home/rhobtor/PHD/ARGOJ8_IA/ARGOSJ8_IA_/install/ctl_mission/include/ctl_mission/Eigen-3.3/Eigen/src/Geometry/Scaling.h
[15.786s] -- Up-to-date: /home/rhobtor/PHD/ARGOJ8_IA/ARGOSJ8_IA_/install/ctl_mission/include/ctl_mission/Eigen-3.3/Eigen/src/Geometry/Transform.h
[15.786s] -- Up-to-date: /home/rhobtor/PHD/ARGOJ8_IA/ARGOSJ8_IA_/install/ctl_mission/include/ctl_mission/Eigen-3.3/Eigen/src/Geometry/EulerAngles.h
[15.786s] -- Up-to-date: /home/rhobtor/PHD/ARGOJ8_IA/ARGOSJ8_IA_/install/ctl_mission/include/ctl_mission/Eigen-3.3/Eigen/src/Geometry/Quaternion.h
[15.786s] -- Up-to-date: /home/rhobtor/PHD/ARGOJ8_IA/ARGOSJ8_IA_/install/ctl_mission/include/ctl_mission/Eigen-3.3/Eigen/src/Geometry/AngleAxis.h
[15.786s] -- Up-to-date: /home/rhobtor/PHD/ARGOJ8_IA/ARGOSJ8_IA_/install/ctl_mission/include/ctl_mission/Eigen-3.3/Eigen/src/Geometry/Hyperplane.h
[15.786s] -- Up-to-date: /home/rhobtor/PHD/ARGOJ8_IA/ARGOSJ8_IA_/install/ctl_mission/include/ctl_mission/Eigen-3.3/Eigen/src/Geometry/ParametrizedLine.h
[15.786s] -- Up-to-date: /home/rhobtor/PHD/ARGOJ8_IA/ARGOSJ8_IA_/install/ctl_mission/include/ctl_mission/Eigen-3.3/Eigen/src/Geometry/Rotation2D.h
[15.786s] -- Up-to-date: /home/rhobtor/PHD/ARGOJ8_IA/ARGOSJ8_IA_/install/ctl_mission/include/ctl_mission/Eigen-3.3/Eigen/src/Geometry/arch
[15.786s] -- Up-to-date: /home/rhobtor/PHD/ARGOJ8_IA/ARGOSJ8_IA_/install/ctl_mission/include/ctl_mission/Eigen-3.3/Eigen/src/Geometry/arch/Geometry_SSE.h
[15.786s] -- Up-to-date: /home/rhobtor/PHD/ARGOJ8_IA/ARGOSJ8_IA_/install/ctl_mission/include/ctl_mission/Eigen-3.3/Eigen/src/Cholesky
[15.786s] -- Up-to-date: /home/rhobtor/PHD/ARGOJ8_IA/ARGOSJ8_IA_/install/ctl_mission/include/ctl_mission/Eigen-3.3/Eigen/src/Cholesky/LDLT.h
[15.786s] -- Up-to-date: /home/rhobtor/PHD/ARGOJ8_IA/ARGOSJ8_IA_/install/ctl_mission/include/ctl_mission/Eigen-3.3/Eigen/src/Cholesky/LLT.h
[15.787s] -- Up-to-date: /home/rhobtor/PHD/ARGOJ8_IA/ARGOSJ8_IA_/install/ctl_mission/include/ctl_mission/Eigen-3.3/Eigen/src/Cholesky/LLT_LAPACKE.h
[15.787s] -- Up-to-date: /home/rhobtor/PHD/ARGOJ8_IA/ARGOSJ8_IA_/install/ctl_mission/include/ctl_mission/Eigen-3.3/Eigen/src/Householder
[15.787s] -- Up-to-date: /home/rhobtor/PHD/ARGOJ8_IA/ARGOSJ8_IA_/install/ctl_mission/include/ctl_mission/Eigen-3.3/Eigen/src/Householder/HouseholderSequence.h
[15.787s] -- Up-to-date: /home/rhobtor/PHD/ARGOJ8_IA/ARGOSJ8_IA_/install/ctl_mission/include/ctl_mission/Eigen-3.3/Eigen/src/Householder/Householder.h
[15.787s] -- Up-to-date: /home/rhobtor/PHD/ARGOJ8_IA/ARGOSJ8_IA_/install/ctl_mission/include/ctl_mission/Eigen-3.3/Eigen/src/Householder/BlockHouseholder.h
[15.787s] -- Up-to-date: /home/rhobtor/PHD/ARGOJ8_IA/ARGOSJ8_IA_/install/ctl_mission/include/ctl_mission/Eigen-3.3/Eigen/src/MetisSupport
[15.787s] -- Up-to-date: /home/rhobtor/PHD/ARGOJ8_IA/ARGOSJ8_IA_/install/ctl_mission/include/ctl_mission/Eigen-3.3/Eigen/src/MetisSupport/MetisSupport.h
[15.787s] -- Up-to-date: /home/rhobtor/PHD/ARGOJ8_IA/ARGOSJ8_IA_/install/ctl_mission/include/ctl_mission/Eigen-3.3/Eigen/src/SuperLUSupport
[15.787s] -- Up-to-date: /home/rhobtor/PHD/ARGOJ8_IA/ARGOSJ8_IA_/install/ctl_mission/include/ctl_mission/Eigen-3.3/Eigen/src/SuperLUSupport/SuperLUSupport.h
[15.787s] -- Up-to-date: /home/rhobtor/PHD/ARGOJ8_IA/ARGOSJ8_IA_/install/ctl_mission/include/ctl_mission/Eigen-3.3/Eigen/src/PaStiXSupport
[15.787s] -- Up-to-date: /home/rhobtor/PHD/ARGOJ8_IA/ARGOSJ8_IA_/install/ctl_mission/include/ctl_mission/Eigen-3.3/Eigen/src/PaStiXSupport/PaStiXSupport.h
[15.787s] -- Up-to-date: /home/rhobtor/PHD/ARGOJ8_IA/ARGOSJ8_IA_/install/ctl_mission/include/ctl_mission/Eigen-3.3/Eigen/src/OrderingMethods
[15.787s] -- Up-to-date: /home/rhobtor/PHD/ARGOJ8_IA/ARGOSJ8_IA_/install/ctl_mission/include/ctl_mission/Eigen-3.3/Eigen/src/OrderingMethods/Ordering.h
[15.787s] -- Up-to-date: /home/rhobtor/PHD/ARGOJ8_IA/ARGOSJ8_IA_/install/ctl_mission/include/ctl_mission/Eigen-3.3/Eigen/src/OrderingMethods/Eigen_Colamd.h
[15.787s] -- Up-to-date: /home/rhobtor/PHD/ARGOJ8_IA/ARGOSJ8_IA_/install/ctl_mission/include/ctl_mission/Eigen-3.3/Eigen/src/OrderingMethods/Amd.h
[15.787s] -- Up-to-date: /home/rhobtor/PHD/ARGOJ8_IA/ARGOSJ8_IA_/install/ctl_mission/include/ctl_mission/Eigen-3.3/Eigen/src/Jacobi
[15.787s] -- Up-to-date: /home/rhobtor/PHD/ARGOJ8_IA/ARGOSJ8_IA_/install/ctl_mission/include/ctl_mission/Eigen-3.3/Eigen/src/Jacobi/Jacobi.h
[15.787s] -- Up-to-date: /home/rhobtor/PHD/ARGOJ8_IA/ARGOSJ8_IA_/install/ctl_mission/include/ctl_mission/Eigen-3.3/Eigen/src/Core
[15.787s] -- Up-to-date: /home/rhobtor/PHD/ARGOJ8_IA/ARGOSJ8_IA_/install/ctl_mission/include/ctl_mission/Eigen-3.3/Eigen/src/Core/DenseStorage.h
[15.787s] -- Up-to-date: /home/rhobtor/PHD/ARGOJ8_IA/ARGOSJ8_IA_/install/ctl_mission/include/ctl_mission/Eigen-3.3/Eigen/src/Core/BooleanRedux.h
[15.787s] -- Up-to-date: /home/rhobtor/PHD/ARGOJ8_IA/ARGOSJ8_IA_/install/ctl_mission/include/ctl_mission/Eigen-3.3/Eigen/src/Core/Select.h
[15.787s] -- Up-to-date: /home/rhobtor/PHD/ARGOJ8_IA/ARGOSJ8_IA_/install/ctl_mission/include/ctl_mission/Eigen-3.3/Eigen/src/Core/GenericPacketMath.h
[15.787s] -- Up-to-date: /home/rhobtor/PHD/ARGOJ8_IA/ARGOSJ8_IA_/install/ctl_mission/include/ctl_mission/Eigen-3.3/Eigen/src/Core/Ref.h
[15.787s] -- Up-to-date: /home/rhobtor/PHD/ARGOJ8_IA/ARGOSJ8_IA_/install/ctl_mission/include/ctl_mission/Eigen-3.3/Eigen/src/Core/DenseBase.h
[15.787s] -- Up-to-date: /home/rhobtor/PHD/ARGOJ8_IA/ARGOSJ8_IA_/install/ctl_mission/include/ctl_mission/Eigen-3.3/Eigen/src/Core/Stride.h
[15.788s] -- Up-to-date: /home/rhobtor/PHD/ARGOJ8_IA/ARGOSJ8_IA_/install/ctl_mission/include/ctl_mission/Eigen-3.3/Eigen/src/Core/Inverse.h
[15.788s] -- Up-to-date: /home/rhobtor/PHD/ARGOJ8_IA/ARGOSJ8_IA_/install/ctl_mission/include/ctl_mission/Eigen-3.3/Eigen/src/Core/CoreIterators.h
[15.788s] -- Up-to-date: /home/rhobtor/PHD/ARGOJ8_IA/ARGOSJ8_IA_/install/ctl_mission/include/ctl_mission/Eigen-3.3/Eigen/src/Core/Swap.h
[15.788s] -- Up-to-date: /home/rhobtor/PHD/ARGOJ8_IA/ARGOSJ8_IA_/install/ctl_mission/include/ctl_mission/Eigen-3.3/Eigen/src/Core/VectorwiseOp.h
[15.788s] -- Up-to-date: /home/rhobtor/PHD/ARGOJ8_IA/ARGOSJ8_IA_/install/ctl_mission/include/ctl_mission/Eigen-3.3/Eigen/src/Core/MapBase.h
[15.788s] -- Up-to-date: /home/rhobtor/PHD/ARGOJ8_IA/ARGOSJ8_IA_/install/ctl_mission/include/ctl_mission/Eigen-3.3/Eigen/src/Core/AssignEvaluator.h
[15.788s] -- Up-to-date: /home/rhobtor/PHD/ARGOJ8_IA/ARGOSJ8_IA_/install/ctl_mission/include/ctl_mission/Eigen-3.3/Eigen/src/Core/Assign.h
[15.788s] -- Up-to-date: /home/rhobtor/PHD/ARGOJ8_IA/ARGOSJ8_IA_/install/ctl_mission/include/ctl_mission/Eigen-3.3/Eigen/src/Core/EigenBase.h
[15.788s] -- Up-to-date: /home/rhobtor/PHD/ARGOJ8_IA/ARGOSJ8_IA_/install/ctl_mission/include/ctl_mission/Eigen-3.3/Eigen/src/Core/products
[15.788s] -- Up-to-date: /home/rhobtor/PHD/ARGOJ8_IA/ARGOSJ8_IA_/install/ctl_mission/include/ctl_mission/Eigen-3.3/Eigen/src/Core/products/SelfadjointMatrixMatrix.h
[15.788s] -- Up-to-date: /home/rhobtor/PHD/ARGOJ8_IA/ARGOSJ8_IA_/install/ctl_mission/include/ctl_mission/Eigen-3.3/Eigen/src/Core/products/TriangularSolverMatrix_BLAS.h
[15.788s] -- Up-to-date: /home/rhobtor/PHD/ARGOJ8_IA/ARGOSJ8_IA_/install/ctl_mission/include/ctl_mission/Eigen-3.3/Eigen/src/Core/products/GeneralMatrixVector.h
[15.788s] -- Up-to-date: /home/rhobtor/PHD/ARGOJ8_IA/ARGOSJ8_IA_/install/ctl_mission/include/ctl_mission/Eigen-3.3/Eigen/src/Core/products/SelfadjointMatrixVector.h
[15.788s] -- Up-to-date: /home/rhobtor/PHD/ARGOJ8_IA/ARGOSJ8_IA_/install/ctl_mission/include/ctl_mission/Eigen-3.3/Eigen/src/Core/products/SelfadjointMatrixMatrix_BLAS.h
[15.788s] -- Up-to-date: /home/rhobtor/PHD/ARGOJ8_IA/ARGOSJ8_IA_/install/ctl_mission/include/ctl_mission/Eigen-3.3/Eigen/src/Core/products/TriangularMatrixMatrix_BLAS.h
[15.788s] -- Up-to-date: /home/rhobtor/PHD/ARGOJ8_IA/ARGOSJ8_IA_/install/ctl_mission/include/ctl_mission/Eigen-3.3/Eigen/src/Core/products/GeneralMatrixVector_BLAS.h
[15.788s] -- Up-to-date: /home/rhobtor/PHD/ARGOJ8_IA/ARGOSJ8_IA_/install/ctl_mission/include/ctl_mission/Eigen-3.3/Eigen/src/Core/products/GeneralBlockPanelKernel.h
[15.789s] -- Up-to-date: /home/rhobtor/PHD/ARGOJ8_IA/ARGOSJ8_IA_/install/ctl_mission/include/ctl_mission/Eigen-3.3/Eigen/src/Core/products/TriangularMatrixVector_BLAS.h
[15.789s] -- Up-to-date: /home/rhobtor/PHD/ARGOJ8_IA/ARGOSJ8_IA_/install/ctl_mission/include/ctl_mission/Eigen-3.3/Eigen/src/Core/products/GeneralMatrixMatrixTriangular.h
[15.789s] -- Up-to-date: /home/rhobtor/PHD/ARGOJ8_IA/ARGOSJ8_IA_/install/ctl_mission/include/ctl_mission/Eigen-3.3/Eigen/src/Core/products/SelfadjointMatrixVector_BLAS.h
[15.789s] -- Up-to-date: /home/rhobtor/PHD/ARGOJ8_IA/ARGOSJ8_IA_/install/ctl_mission/include/ctl_mission/Eigen-3.3/Eigen/src/Core/products/SelfadjointRank2Update.h
[15.789s] -- Up-to-date: /home/rhobtor/PHD/ARGOJ8_IA/ARGOSJ8_IA_/install/ctl_mission/include/ctl_mission/Eigen-3.3/Eigen/src/Core/products/GeneralMatrixMatrix.h
[15.789s] -- Up-to-date: /home/rhobtor/PHD/ARGOJ8_IA/ARGOSJ8_IA_/install/ctl_mission/include/ctl_mission/Eigen-3.3/Eigen/src/Core/products/GeneralMatrixMatrix_BLAS.h
[15.789s] -- Up-to-date: /home/rhobtor/PHD/ARGOJ8_IA/ARGOSJ8_IA_/install/ctl_mission/include/ctl_mission/Eigen-3.3/Eigen/src/Core/products/SelfadjointProduct.h
[15.789s] -- Up-to-date: /home/rhobtor/PHD/ARGOJ8_IA/ARGOSJ8_IA_/install/ctl_mission/include/ctl_mission/Eigen-3.3/Eigen/src/Core/products/TriangularSolverVector.h
[15.789s] -- Up-to-date: /home/rhobtor/PHD/ARGOJ8_IA/ARGOSJ8_IA_/install/ctl_mission/include/ctl_mission/Eigen-3.3/Eigen/src/Core/products/GeneralMatrixMatrixTriangular_BLAS.h
[15.789s] -- Up-to-date: /home/rhobtor/PHD/ARGOJ8_IA/ARGOSJ8_IA_/install/ctl_mission/include/ctl_mission/Eigen-3.3/Eigen/src/Core/products/TriangularSolverMatrix.h
[15.789s] -- Up-to-date: /home/rhobtor/PHD/ARGOJ8_IA/ARGOSJ8_IA_/install/ctl_mission/include/ctl_mission/Eigen-3.3/Eigen/src/Core/products/TriangularMatrixMatrix.h
[15.789s] -- Up-to-date: /home/rhobtor/PHD/ARGOJ8_IA/ARGOSJ8_IA_/install/ctl_mission/include/ctl_mission/Eigen-3.3/Eigen/src/Core/products/TriangularMatrixVector.h
[15.789s] -- Up-to-date: /home/rhobtor/PHD/ARGOJ8_IA/ARGOSJ8_IA_/install/ctl_mission/include/ctl_mission/Eigen-3.3/Eigen/src/Core/products/Parallelizer.h
[15.789s] -- Up-to-date: /home/rhobtor/PHD/ARGOJ8_IA/ARGOSJ8_IA_/install/ctl_mission/include/ctl_mission/Eigen-3.3/Eigen/src/Core/Fuzzy.h
[15.789s] -- Up-to-date: /home/rhobtor/PHD/ARGOJ8_IA/ARGOSJ8_IA_/install/ctl_mission/include/ctl_mission/Eigen-3.3/Eigen/src/Core/CwiseBinaryOp.h
[15.789s] -- Up-to-date: /home/rhobtor/PHD/ARGOJ8_IA/ARGOSJ8_IA_/install/ctl_mission/include/ctl_mission/Eigen-3.3/Eigen/src/Core/SelfAdjointView.h
[15.789s] -- Up-to-date: /home/rhobtor/PHD/ARGOJ8_IA/ARGOSJ8_IA_/install/ctl_mission/include/ctl_mission/Eigen-3.3/Eigen/src/Core/ForceAlignedAccess.h
[15.789s] -- Up-to-date: /home/rhobtor/PHD/ARGOJ8_IA/ARGOSJ8_IA_/install/ctl_mission/include/ctl_mission/Eigen-3.3/Eigen/src/Core/SolveTriangular.h
[15.789s] -- Up-to-date: /home/rhobtor/PHD/ARGOJ8_IA/ARGOSJ8_IA_/install/ctl_mission/include/ctl_mission/Eigen-3.3/Eigen/src/Core/Visitor.h
[15.789s] -- Up-to-date: /home/rhobtor/PHD/ARGOJ8_IA/ARGOSJ8_IA_/install/ctl_mission/include/ctl_mission/Eigen-3.3/Eigen/src/Core/Redux.h
[15.789s] -- Up-to-date: /home/rhobtor/PHD/ARGOJ8_IA/ARGOSJ8_IA_/install/ctl_mission/include/ctl_mission/Eigen-3.3/Eigen/src/Core/Assign_MKL.h
[15.789s] -- Up-to-date: /home/rhobtor/PHD/ARGOJ8_IA/ARGOSJ8_IA_/install/ctl_mission/include/ctl_mission/Eigen-3.3/Eigen/src/Core/Replicate.h
[15.790s] -- Up-to-date: /home/rhobtor/PHD/ARGOJ8_IA/ARGOSJ8_IA_/install/ctl_mission/include/ctl_mission/Eigen-3.3/Eigen/src/Core/PlainObjectBase.h
[15.790s] -- Up-to-date: /home/rhobtor/PHD/ARGOJ8_IA/ARGOSJ8_IA_/install/ctl_mission/include/ctl_mission/Eigen-3.3/Eigen/src/Core/SelfCwiseBinaryOp.h
[15.790s] -- Up-to-date: /home/rhobtor/PHD/ARGOJ8_IA/ARGOSJ8_IA_/install/ctl_mission/include/ctl_mission/Eigen-3.3/Eigen/src/Core/Reverse.h
[15.790s] -- Up-to-date: /home/rhobtor/PHD/ARGOJ8_IA/ARGOSJ8_IA_/install/ctl_mission/include/ctl_mission/Eigen-3.3/Eigen/src/Core/GeneralProduct.h
[15.790s] -- Up-to-date: /home/rhobtor/PHD/ARGOJ8_IA/ARGOSJ8_IA_/install/ctl_mission/include/ctl_mission/Eigen-3.3/Eigen/src/Core/Product.h
[15.790s] -- Up-to-date: /home/rhobtor/PHD/ARGOJ8_IA/ARGOSJ8_IA_/install/ctl_mission/include/ctl_mission/Eigen-3.3/Eigen/src/Core/Solve.h
[15.790s] -- Up-to-date: /home/rhobtor/PHD/ARGOJ8_IA/ARGOSJ8_IA_/install/ctl_mission/include/ctl_mission/Eigen-3.3/Eigen/src/Core/functors
[15.790s] -- Up-to-date: /home/rhobtor/PHD/ARGOJ8_IA/ARGOSJ8_IA_/install/ctl_mission/include/ctl_mission/Eigen-3.3/Eigen/src/Core/functors/BinaryFunctors.h
[15.790s] -- Up-to-date: /home/rhobtor/PHD/ARGOJ8_IA/ARGOSJ8_IA_/install/ctl_mission/include/ctl_mission/Eigen-3.3/Eigen/src/Core/functors/TernaryFunctors.h
[15.790s] -- Up-to-date: /home/rhobtor/PHD/ARGOJ8_IA/ARGOSJ8_IA_/install/ctl_mission/include/ctl_mission/Eigen-3.3/Eigen/src/Core/functors/NullaryFunctors.h
[15.790s] -- Up-to-date: /home/rhobtor/PHD/ARGOJ8_IA/ARGOSJ8_IA_/install/ctl_mission/include/ctl_mission/Eigen-3.3/Eigen/src/Core/functors/AssignmentFunctors.h
[15.790s] -- Up-to-date: /home/rhobtor/PHD/ARGOJ8_IA/ARGOSJ8_IA_/install/ctl_mission/include/ctl_mission/Eigen-3.3/Eigen/src/Core/functors/UnaryFunctors.h
[15.790s] -- Up-to-date: /home/rhobtor/PHD/ARGOJ8_IA/ARGOSJ8_IA_/install/ctl_mission/include/ctl_mission/Eigen-3.3/Eigen/src/Core/functors/StlFunctors.h
[15.790s] -- Up-to-date: /home/rhobtor/PHD/ARGOJ8_IA/ARGOSJ8_IA_/install/ctl_mission/include/ctl_mission/Eigen-3.3/Eigen/src/Core/MathFunctions.h
[15.790s] -- Up-to-date: /home/rhobtor/PHD/ARGOJ8_IA/ARGOSJ8_IA_/install/ctl_mission/include/ctl_mission/Eigen-3.3/Eigen/src/Core/SolverBase.h
[15.790s] -- Up-to-date: /home/rhobtor/PHD/ARGOJ8_IA/ARGOSJ8_IA_/install/ctl_mission/include/ctl_mission/Eigen-3.3/Eigen/src/Core/MatrixBase.h
[15.790s] -- Up-to-date: /home/rhobtor/PHD/ARGOJ8_IA/ARGOSJ8_IA_/install/ctl_mission/include/ctl_mission/Eigen-3.3/Eigen/src/Core/DenseCoeffsBase.h
[15.790s] -- Up-to-date: /home/rhobtor/PHD/ARGOJ8_IA/ARGOSJ8_IA_/install/ctl_mission/include/ctl_mission/Eigen-3.3/Eigen/src/Core/DiagonalMatrix.h
[15.790s] -- Up-to-date: /home/rhobtor/PHD/ARGOJ8_IA/ARGOSJ8_IA_/install/ctl_mission/include/ctl_mission/Eigen-3.3/Eigen/src/Core/ArrayBase.h
[15.790s] -- Up-to-date: /home/rhobtor/PHD/ARGOJ8_IA/ARGOSJ8_IA_/install/ctl_mission/include/ctl_mission/Eigen-3.3/Eigen/src/Core/StableNorm.h
[15.790s] -- Up-to-date: /home/rhobtor/PHD/ARGOJ8_IA/ARGOSJ8_IA_/install/ctl_mission/include/ctl_mission/Eigen-3.3/Eigen/src/Core/GlobalFunctions.h
[15.790s] -- Up-to-date: /home/rhobtor/PHD/ARGOJ8_IA/ARGOSJ8_IA_/install/ctl_mission/include/ctl_mission/Eigen-3.3/Eigen/src/Core/Transpositions.h
[15.790s] -- Up-to-date: /home/rhobtor/PHD/ARGOJ8_IA/ARGOSJ8_IA_/install/ctl_mission/include/ctl_mission/Eigen-3.3/Eigen/src/Core/MathFunctionsImpl.h
[15.790s] -- Up-to-date: /home/rhobtor/PHD/ARGOJ8_IA/ARGOSJ8_IA_/install/ctl_mission/include/ctl_mission/Eigen-3.3/Eigen/src/Core/CoreEvaluators.h
[15.790s] -- Up-to-date: /home/rhobtor/PHD/ARGOJ8_IA/ARGOSJ8_IA_/install/ctl_mission/include/ctl_mission/Eigen-3.3/Eigen/src/Core/VectorBlock.h
[15.790s] -- Up-to-date: /home/rhobtor/PHD/ARGOJ8_IA/ARGOSJ8_IA_/install/ctl_mission/include/ctl_mission/Eigen-3.3/Eigen/src/Core/DiagonalProduct.h
[15.790s] -- Up-to-date: /home/rhobtor/PHD/ARGOJ8_IA/ARGOSJ8_IA_/install/ctl_mission/include/ctl_mission/Eigen-3.3/Eigen/src/Core/Transpose.h
[15.791s] -- Up-to-date: /home/rhobtor/PHD/ARGOJ8_IA/ARGOSJ8_IA_/install/ctl_mission/include/ctl_mission/Eigen-3.3/Eigen/src/Core/NumTraits.h
[15.791s] -- Up-to-date: /home/rhobtor/PHD/ARGOJ8_IA/ARGOSJ8_IA_/install/ctl_mission/include/ctl_mission/Eigen-3.3/Eigen/src/Core/Array.h
[15.791s] -- Up-to-date: /home/rhobtor/PHD/ARGOJ8_IA/ARGOSJ8_IA_/install/ctl_mission/include/ctl_mission/Eigen-3.3/Eigen/src/Core/CwiseNullaryOp.h
[15.791s] -- Up-to-date: /home/rhobtor/PHD/ARGOJ8_IA/ARGOSJ8_IA_/install/ctl_mission/include/ctl_mission/Eigen-3.3/Eigen/src/Core/Block.h
[15.791s] -- Up-to-date: /home/rhobtor/PHD/ARGOJ8_IA/ARGOSJ8_IA_/install/ctl_mission/include/ctl_mission/Eigen-3.3/Eigen/src/Core/util
[15.791s] -- Up-to-date: /home/rhobtor/PHD/ARGOJ8_IA/ARGOSJ8_IA_/install/ctl_mission/include/ctl_mission/Eigen-3.3/Eigen/src/Core/util/Constants.h
[15.791s] -- Up-to-date: /home/rhobtor/PHD/ARGOJ8_IA/ARGOSJ8_IA_/install/ctl_mission/include/ctl_mission/Eigen-3.3/Eigen/src/Core/util/StaticAssert.h
[15.791s] -- Up-to-date: /home/rhobtor/PHD/ARGOJ8_IA/ARGOSJ8_IA_/install/ctl_mission/include/ctl_mission/Eigen-3.3/Eigen/src/Core/util/DisableStupidWarnings.h
[15.791s] -- Up-to-date: /home/rhobtor/PHD/ARGOJ8_IA/ARGOSJ8_IA_/install/ctl_mission/include/ctl_mission/Eigen-3.3/Eigen/src/Core/util/XprHelper.h
[15.791s] -- Up-to-date: /home/rhobtor/PHD/ARGOJ8_IA/ARGOSJ8_IA_/install/ctl_mission/include/ctl_mission/Eigen-3.3/Eigen/src/Core/util/BlasUtil.h
[15.791s] -- Up-to-date: /home/rhobtor/PHD/ARGOJ8_IA/ARGOSJ8_IA_/install/ctl_mission/include/ctl_mission/Eigen-3.3/Eigen/src/Core/util/ReenableStupidWarnings.h
[15.791s] -- Up-to-date: /home/rhobtor/PHD/ARGOJ8_IA/ARGOSJ8_IA_/install/ctl_mission/include/ctl_mission/Eigen-3.3/Eigen/src/Core/util/ForwardDeclarations.h
[15.791s] -- Up-to-date: /home/rhobtor/PHD/ARGOJ8_IA/ARGOSJ8_IA_/install/ctl_mission/include/ctl_mission/Eigen-3.3/Eigen/src/Core/util/Memory.h
[15.791s] -- Up-to-date: /home/rhobtor/PHD/ARGOJ8_IA/ARGOSJ8_IA_/install/ctl_mission/include/ctl_mission/Eigen-3.3/Eigen/src/Core/util/Meta.h
[15.791s] -- Up-to-date: /home/rhobtor/PHD/ARGOJ8_IA/ARGOSJ8_IA_/install/ctl_mission/include/ctl_mission/Eigen-3.3/Eigen/src/Core/util/Macros.h
[15.791s] -- Up-to-date: /home/rhobtor/PHD/ARGOJ8_IA/ARGOSJ8_IA_/install/ctl_mission/include/ctl_mission/Eigen-3.3/Eigen/src/Core/util/MKL_support.h
[15.791s] -- Up-to-date: /home/rhobtor/PHD/ARGOJ8_IA/ARGOSJ8_IA_/install/ctl_mission/include/ctl_mission/Eigen-3.3/Eigen/src/Core/util/NonMPL2.h
[15.791s] -- Up-to-date: /home/rhobtor/PHD/ARGOJ8_IA/ARGOSJ8_IA_/install/ctl_mission/include/ctl_mission/Eigen-3.3/Eigen/src/Core/Matrix.h
[15.791s] -- Up-to-date: /home/rhobtor/PHD/ARGOJ8_IA/ARGOSJ8_IA_/install/ctl_mission/include/ctl_mission/Eigen-3.3/Eigen/src/Core/Diagonal.h
[15.791s] -- Up-to-date: /home/rhobtor/PHD/ARGOJ8_IA/ARGOSJ8_IA_/install/ctl_mission/include/ctl_mission/Eigen-3.3/Eigen/src/Core/ReturnByValue.h
[15.791s] -- Up-to-date: /home/rhobtor/PHD/ARGOJ8_IA/ARGOSJ8_IA_/install/ctl_mission/include/ctl_mission/Eigen-3.3/Eigen/src/Core/CwiseUnaryView.h
[15.791s] -- Up-to-date: /home/rhobtor/PHD/ARGOJ8_IA/ARGOSJ8_IA_/install/ctl_mission/include/ctl_mission/Eigen-3.3/Eigen/src/Core/CwiseUnaryOp.h
[15.792s] -- Up-to-date: /home/rhobtor/PHD/ARGOJ8_IA/ARGOSJ8_IA_/install/ctl_mission/include/ctl_mission/Eigen-3.3/Eigen/src/Core/TriangularMatrix.h
[15.792s] -- Up-to-date: /home/rhobtor/PHD/ARGOJ8_IA/ARGOSJ8_IA_/install/ctl_mission/include/ctl_mission/Eigen-3.3/Eigen/src/Core/Random.h
[15.792s] -- Up-to-date: /home/rhobtor/PHD/ARGOJ8_IA/ARGOSJ8_IA_/install/ctl_mission/include/ctl_mission/Eigen-3.3/Eigen/src/Core/BandMatrix.h
[15.792s] -- Up-to-date: /home/rhobtor/PHD/ARGOJ8_IA/ARGOSJ8_IA_/install/ctl_mission/include/ctl_mission/Eigen-3.3/Eigen/src/Core/Dot.h
[15.792s] -- Up-to-date: /home/rhobtor/PHD/ARGOJ8_IA/ARGOSJ8_IA_/install/ctl_mission/include/ctl_mission/Eigen-3.3/Eigen/src/Core/CwiseTernaryOp.h
[15.792s] -- Up-to-date: /home/rhobtor/PHD/ARGOJ8_IA/ARGOSJ8_IA_/install/ctl_mission/include/ctl_mission/Eigen-3.3/Eigen/src/Core/ProductEvaluators.h
[15.792s] -- Up-to-date: /home/rhobtor/PHD/ARGOJ8_IA/ARGOSJ8_IA_/install/ctl_mission/include/ctl_mission/Eigen-3.3/Eigen/src/Core/PermutationMatrix.h
[15.792s] -- Up-to-date: /home/rhobtor/PHD/ARGOJ8_IA/ARGOSJ8_IA_/install/ctl_mission/include/ctl_mission/Eigen-3.3/Eigen/src/Core/Map.h
[15.792s] -- Up-to-date: /home/rhobtor/PHD/ARGOJ8_IA/ARGOSJ8_IA_/install/ctl_mission/include/ctl_mission/Eigen-3.3/Eigen/src/Core/ConditionEstimator.h
[15.792s] -- Up-to-date: /home/rhobtor/PHD/ARGOJ8_IA/ARGOSJ8_IA_/install/ctl_mission/include/ctl_mission/Eigen-3.3/Eigen/src/Core/ArrayWrapper.h
[15.792s] -- Up-to-date: /home/rhobtor/PHD/ARGOJ8_IA/ARGOSJ8_IA_/install/ctl_mission/include/ctl_mission/Eigen-3.3/Eigen/src/Core/NoAlias.h
[15.792s] -- Up-to-date: /home/rhobtor/PHD/ARGOJ8_IA/ARGOSJ8_IA_/install/ctl_mission/include/ctl_mission/Eigen-3.3/Eigen/src/Core/IO.h
[15.792s] -- Up-to-date: /home/rhobtor/PHD/ARGOJ8_IA/ARGOSJ8_IA_/install/ctl_mission/include/ctl_mission/Eigen-3.3/Eigen/src/Core/NestByValue.h
[15.792s] -- Up-to-date: /home/rhobtor/PHD/ARGOJ8_IA/ARGOSJ8_IA_/install/ctl_mission/include/ctl_mission/Eigen-3.3/Eigen/src/Core/CommaInitializer.h
[15.792s] -- Up-to-date: /home/rhobtor/PHD/ARGOJ8_IA/ARGOSJ8_IA_/install/ctl_mission/include/ctl_mission/Eigen-3.3/Eigen/src/Core/arch
[15.792s] -- Up-to-date: /home/rhobtor/PHD/ARGOJ8_IA/ARGOSJ8_IA_/install/ctl_mission/include/ctl_mission/Eigen-3.3/Eigen/src/Core/arch/AltiVec
[15.792s] -- Up-to-date: /home/rhobtor/PHD/ARGOJ8_IA/ARGOSJ8_IA_/install/ctl_mission/include/ctl_mission/Eigen-3.3/Eigen/src/Core/arch/AltiVec/PacketMath.h
[15.792s] -- Up-to-date: /home/rhobtor/PHD/ARGOJ8_IA/ARGOSJ8_IA_/install/ctl_mission/include/ctl_mission/Eigen-3.3/Eigen/src/Core/arch/AltiVec/MathFunctions.h
[15.792s] -- Up-to-date: /home/rhobtor/PHD/ARGOJ8_IA/ARGOSJ8_IA_/install/ctl_mission/include/ctl_mission/Eigen-3.3/Eigen/src/Core/arch/AltiVec/Complex.h
[15.792s] -- Up-to-date: /home/rhobtor/PHD/ARGOJ8_IA/ARGOSJ8_IA_/install/ctl_mission/include/ctl_mission/Eigen-3.3/Eigen/src/Core/arch/ZVector
[15.792s] -- Up-to-date: /home/rhobtor/PHD/ARGOJ8_IA/ARGOSJ8_IA_/install/ctl_mission/include/ctl_mission/Eigen-3.3/Eigen/src/Core/arch/ZVector/PacketMath.h
[15.792s] -- Up-to-date: /home/rhobtor/PHD/ARGOJ8_IA/ARGOSJ8_IA_/install/ctl_mission/include/ctl_mission/Eigen-3.3/Eigen/src/Core/arch/ZVector/MathFunctions.h
[15.793s] -- Up-to-date: /home/rhobtor/PHD/ARGOJ8_IA/ARGOSJ8_IA_/install/ctl_mission/include/ctl_mission/Eigen-3.3/Eigen/src/Core/arch/ZVector/Complex.h
[15.793s] -- Up-to-date: /home/rhobtor/PHD/ARGOJ8_IA/ARGOSJ8_IA_/install/ctl_mission/include/ctl_mission/Eigen-3.3/Eigen/src/Core/arch/AVX
[15.793s] -- Up-to-date: /home/rhobtor/PHD/ARGOJ8_IA/ARGOSJ8_IA_/install/ctl_mission/include/ctl_mission/Eigen-3.3/Eigen/src/Core/arch/AVX/PacketMath.h
[15.793s] -- Up-to-date: /home/rhobtor/PHD/ARGOJ8_IA/ARGOSJ8_IA_/install/ctl_mission/include/ctl_mission/Eigen-3.3/Eigen/src/Core/arch/AVX/TypeCasting.h
[15.793s] -- Up-to-date: /home/rhobtor/PHD/ARGOJ8_IA/ARGOSJ8_IA_/install/ctl_mission/include/ctl_mission/Eigen-3.3/Eigen/src/Core/arch/AVX/MathFunctions.h
[15.793s] -- Up-to-date: /home/rhobtor/PHD/ARGOJ8_IA/ARGOSJ8_IA_/install/ctl_mission/include/ctl_mission/Eigen-3.3/Eigen/src/Core/arch/AVX/Complex.h
[15.793s] -- Up-to-date: /home/rhobtor/PHD/ARGOJ8_IA/ARGOSJ8_IA_/install/ctl_mission/include/ctl_mission/Eigen-3.3/Eigen/src/Core/arch/AVX512
[15.793s] -- Up-to-date: /home/rhobtor/PHD/ARGOJ8_IA/ARGOSJ8_IA_/install/ctl_mission/include/ctl_mission/Eigen-3.3/Eigen/src/Core/arch/AVX512/PacketMath.h
[15.793s] -- Up-to-date: /home/rhobtor/PHD/ARGOJ8_IA/ARGOSJ8_IA_/install/ctl_mission/include/ctl_mission/Eigen-3.3/Eigen/src/Core/arch/AVX512/MathFunctions.h
[15.793s] -- Up-to-date: /home/rhobtor/PHD/ARGOJ8_IA/ARGOSJ8_IA_/install/ctl_mission/include/ctl_mission/Eigen-3.3/Eigen/src/Core/arch/Default
[15.793s] -- Up-to-date: /home/rhobtor/PHD/ARGOJ8_IA/ARGOSJ8_IA_/install/ctl_mission/include/ctl_mission/Eigen-3.3/Eigen/src/Core/arch/Default/Settings.h
[15.793s] -- Up-to-date: /home/rhobtor/PHD/ARGOJ8_IA/ARGOSJ8_IA_/install/ctl_mission/include/ctl_mission/Eigen-3.3/Eigen/src/Core/arch/NEON
[15.793s] -- Up-to-date: /home/rhobtor/PHD/ARGOJ8_IA/ARGOSJ8_IA_/install/ctl_mission/include/ctl_mission/Eigen-3.3/Eigen/src/Core/arch/NEON/PacketMath.h
[15.793s] -- Up-to-date: /home/rhobtor/PHD/ARGOJ8_IA/ARGOSJ8_IA_/install/ctl_mission/include/ctl_mission/Eigen-3.3/Eigen/src/Core/arch/NEON/MathFunctions.h
[15.793s] -- Up-to-date: /home/rhobtor/PHD/ARGOJ8_IA/ARGOSJ8_IA_/install/ctl_mission/include/ctl_mission/Eigen-3.3/Eigen/src/Core/arch/NEON/Complex.h
[15.793s] -- Up-to-date: /home/rhobtor/PHD/ARGOJ8_IA/ARGOSJ8_IA_/install/ctl_mission/include/ctl_mission/Eigen-3.3/Eigen/src/Core/arch/CUDA
[15.793s] -- Up-to-date: /home/rhobtor/PHD/ARGOJ8_IA/ARGOSJ8_IA_/install/ctl_mission/include/ctl_mission/Eigen-3.3/Eigen/src/Core/arch/CUDA/PacketMath.h
[15.793s] -- Up-to-date: /home/rhobtor/PHD/ARGOJ8_IA/ARGOSJ8_IA_/install/ctl_mission/include/ctl_mission/Eigen-3.3/Eigen/src/Core/arch/CUDA/Half.h
[15.793s] -- Up-to-date: /home/rhobtor/PHD/ARGOJ8_IA/ARGOSJ8_IA_/install/ctl_mission/include/ctl_mission/Eigen-3.3/Eigen/src/Core/arch/CUDA/TypeCasting.h
[15.793s] -- Up-to-date: /home/rhobtor/PHD/ARGOJ8_IA/ARGOSJ8_IA_/install/ctl_mission/include/ctl_mission/Eigen-3.3/Eigen/src/Core/arch/CUDA/MathFunctions.h
[15.793s] -- Up-to-date: /home/rhobtor/PHD/ARGOJ8_IA/ARGOSJ8_IA_/install/ctl_mission/include/ctl_mission/Eigen-3.3/Eigen/src/Core/arch/CUDA/Complex.h
[15.793s] -- Up-to-date: /home/rhobtor/PHD/ARGOJ8_IA/ARGOSJ8_IA_/install/ctl_mission/include/ctl_mission/Eigen-3.3/Eigen/src/Core/arch/CUDA/PacketMathHalf.h
[15.793s] -- Up-to-date: /home/rhobtor/PHD/ARGOJ8_IA/ARGOSJ8_IA_/install/ctl_mission/include/ctl_mission/Eigen-3.3/Eigen/src/Core/arch/SSE
[15.793s] -- Up-to-date: /home/rhobtor/PHD/ARGOJ8_IA/ARGOSJ8_IA_/install/ctl_mission/include/ctl_mission/Eigen-3.3/Eigen/src/Core/arch/SSE/PacketMath.h
[15.793s] -- Up-to-date: /home/rhobtor/PHD/ARGOJ8_IA/ARGOSJ8_IA_/install/ctl_mission/include/ctl_mission/Eigen-3.3/Eigen/src/Core/arch/SSE/TypeCasting.h
[15.794s] -- Up-to-date: /home/rhobtor/PHD/ARGOJ8_IA/ARGOSJ8_IA_/install/ctl_mission/include/ctl_mission/Eigen-3.3/Eigen/src/Core/arch/SSE/MathFunctions.h
[15.794s] -- Up-to-date: /home/rhobtor/PHD/ARGOJ8_IA/ARGOSJ8_IA_/install/ctl_mission/include/ctl_mission/Eigen-3.3/Eigen/src/Core/arch/SSE/Complex.h
[15.794s] -- Up-to-date: /home/rhobtor/PHD/ARGOJ8_IA/ARGOSJ8_IA_/install/ctl_mission/include/ctl_mission/Eigen-3.3/Eigen/src/SparseCore
[15.794s] -- Up-to-date: /home/rhobtor/PHD/ARGOJ8_IA/ARGOSJ8_IA_/install/ctl_mission/include/ctl_mission/Eigen-3.3/Eigen/src/SparseCore/SparseSparseProductWithPruning.h
[15.794s] -- Up-to-date: /home/rhobtor/PHD/ARGOJ8_IA/ARGOSJ8_IA_/install/ctl_mission/include/ctl_mission/Eigen-3.3/Eigen/src/SparseCore/SparsePermutation.h
[15.794s] -- Up-to-date: /home/rhobtor/PHD/ARGOJ8_IA/ARGOSJ8_IA_/install/ctl_mission/include/ctl_mission/Eigen-3.3/Eigen/src/SparseCore/SparseBlock.h
[15.794s] -- Up-to-date: /home/rhobtor/PHD/ARGOJ8_IA/ARGOSJ8_IA_/install/ctl_mission/include/ctl_mission/Eigen-3.3/Eigen/src/SparseCore/SparseUtil.h
[15.794s] -- Up-to-date: /home/rhobtor/PHD/ARGOJ8_IA/ARGOSJ8_IA_/install/ctl_mission/include/ctl_mission/Eigen-3.3/Eigen/src/SparseCore/SparseRedux.h
[15.794s] -- Up-to-date: /home/rhobtor/PHD/ARGOJ8_IA/ARGOSJ8_IA_/install/ctl_mission/include/ctl_mission/Eigen-3.3/Eigen/src/SparseCore/SparseCwiseUnaryOp.h
[15.794s] -- Up-to-date: /home/rhobtor/PHD/ARGOJ8_IA/ARGOSJ8_IA_/install/ctl_mission/include/ctl_mission/Eigen-3.3/Eigen/src/SparseCore/SparseVector.h
[15.794s] -- Up-to-date: /home/rhobtor/PHD/ARGOJ8_IA/ARGOSJ8_IA_/install/ctl_mission/include/ctl_mission/Eigen-3.3/Eigen/src/SparseCore/SparseCompressedBase.h
[15.794s] -- Up-to-date: /home/rhobtor/PHD/ARGOJ8_IA/ARGOSJ8_IA_/install/ctl_mission/include/ctl_mission/Eigen-3.3/Eigen/src/SparseCore/SparseAssign.h
[15.794s] -- Up-to-date: /home/rhobtor/PHD/ARGOJ8_IA/ARGOSJ8_IA_/install/ctl_mission/include/ctl_mission/Eigen-3.3/Eigen/src/SparseCore/SparseDot.h
[15.794s] -- Up-to-date: /home/rhobtor/PHD/ARGOJ8_IA/ARGOSJ8_IA_/install/ctl_mission/include/ctl_mission/Eigen-3.3/Eigen/src/SparseCore/SparseMap.h
[15.794s] -- Up-to-date: /home/rhobtor/PHD/ARGOJ8_IA/ARGOSJ8_IA_/install/ctl_mission/include/ctl_mission/Eigen-3.3/Eigen/src/SparseCore/AmbiVector.h
[15.794s] -- Up-to-date: /home/rhobtor/PHD/ARGOJ8_IA/ARGOSJ8_IA_/install/ctl_mission/include/ctl_mission/Eigen-3.3/Eigen/src/SparseCore/ConservativeSparseSparseProduct.h
[15.794s] -- Up-to-date: /home/rhobtor/PHD/ARGOJ8_IA/ARGOSJ8_IA_/install/ctl_mission/include/ctl_mission/Eigen-3.3/Eigen/src/SparseCore/TriangularSolver.h
[15.794s] -- Up-to-date: /home/rhobtor/PHD/ARGOJ8_IA/ARGOSJ8_IA_/install/ctl_mission/include/ctl_mission/Eigen-3.3/Eigen/src/SparseCore/SparseMatrix.h
[15.795s] -- Up-to-date: /home/rhobtor/PHD/ARGOJ8_IA/ARGOSJ8_IA_/install/ctl_mission/include/ctl_mission/Eigen-3.3/Eigen/src/SparseCore/SparseRef.h
[15.795s] -- Up-to-date: /home/rhobtor/PHD/ARGOJ8_IA/ARGOSJ8_IA_/install/ctl_mission/include/ctl_mission/Eigen-3.3/Eigen/src/SparseCore/SparseColEtree.h
[15.795s] -- Up-to-date: /home/rhobtor/PHD/ARGOJ8_IA/ARGOSJ8_IA_/install/ctl_mission/include/ctl_mission/Eigen-3.3/Eigen/src/SparseCore/SparseDenseProduct.h
[15.795s] -- Up-to-date: /home/rhobtor/PHD/ARGOJ8_IA/ARGOSJ8_IA_/install/ctl_mission/include/ctl_mission/Eigen-3.3/Eigen/src/SparseCore/MappedSparseMatrix.h
[15.795s] -- Up-to-date: /home/rhobtor/PHD/ARGOJ8_IA/ARGOSJ8_IA_/install/ctl_mission/include/ctl_mission/Eigen-3.3/Eigen/src/SparseCore/SparseProduct.h
[15.795s] -- Up-to-date: /home/rhobtor/PHD/ARGOJ8_IA/ARGOSJ8_IA_/install/ctl_mission/include/ctl_mission/Eigen-3.3/Eigen/src/SparseCore/CompressedStorage.h
[15.795s] -- Up-to-date: /home/rhobtor/PHD/ARGOJ8_IA/ARGOSJ8_IA_/install/ctl_mission/include/ctl_mission/Eigen-3.3/Eigen/src/SparseCore/SparseSelfAdjointView.h
[15.795s] -- Up-to-date: /home/rhobtor/PHD/ARGOJ8_IA/ARGOSJ8_IA_/install/ctl_mission/include/ctl_mission/Eigen-3.3/Eigen/src/SparseCore/SparseTriangularView.h
[15.795s] -- Up-to-date: /home/rhobtor/PHD/ARGOJ8_IA/ARGOSJ8_IA_/install/ctl_mission/include/ctl_mission/Eigen-3.3/Eigen/src/SparseCore/SparseCwiseBinaryOp.h
[15.795s] -- Up-to-date: /home/rhobtor/PHD/ARGOJ8_IA/ARGOSJ8_IA_/install/ctl_mission/include/ctl_mission/Eigen-3.3/Eigen/src/SparseCore/SparseMatrixBase.h
[15.795s] -- Up-to-date: /home/rhobtor/PHD/ARGOJ8_IA/ARGOSJ8_IA_/install/ctl_mission/include/ctl_mission/Eigen-3.3/Eigen/src/SparseCore/SparseView.h
[15.795s] -- Up-to-date: /home/rhobtor/PHD/ARGOJ8_IA/ARGOSJ8_IA_/install/ctl_mission/include/ctl_mission/Eigen-3.3/Eigen/src/SparseCore/SparseSolverBase.h
[15.795s] -- Up-to-date: /home/rhobtor/PHD/ARGOJ8_IA/ARGOSJ8_IA_/install/ctl_mission/include/ctl_mission/Eigen-3.3/Eigen/src/SparseCore/SparseTranspose.h
[15.796s] -- Up-to-date: /home/rhobtor/PHD/ARGOJ8_IA/ARGOSJ8_IA_/install/ctl_mission/include/ctl_mission/Eigen-3.3/Eigen/src/SparseCore/SparseDiagonalProduct.h
[15.796s] -- Up-to-date: /home/rhobtor/PHD/ARGOJ8_IA/ARGOSJ8_IA_/install/ctl_mission/include/ctl_mission/Eigen-3.3/Eigen/src/SparseCore/SparseFuzzy.h
[15.796s] -- Up-to-date: /home/rhobtor/PHD/ARGOJ8_IA/ARGOSJ8_IA_/install/ctl_mission/include/ctl_mission/Eigen-3.3/Eigen/src/SVD
[15.796s] -- Up-to-date: /home/rhobtor/PHD/ARGOJ8_IA/ARGOSJ8_IA_/install/ctl_mission/include/ctl_mission/Eigen-3.3/Eigen/src/SVD/SVDBase.h
[15.796s] -- Up-to-date: /home/rhobtor/PHD/ARGOJ8_IA/ARGOSJ8_IA_/install/ctl_mission/include/ctl_mission/Eigen-3.3/Eigen/src/SVD/BDCSVD.h
[15.796s] -- Up-to-date: /home/rhobtor/PHD/ARGOJ8_IA/ARGOSJ8_IA_/install/ctl_mission/include/ctl_mission/Eigen-3.3/Eigen/src/SVD/JacobiSVD_LAPACKE.h
[15.796s] -- Up-to-date: /home/rhobtor/PHD/ARGOJ8_IA/ARGOSJ8_IA_/install/ctl_mission/include/ctl_mission/Eigen-3.3/Eigen/src/SVD/JacobiSVD.h
[15.796s] -- Up-to-date: /home/rhobtor/PHD/ARGOJ8_IA/ARGOSJ8_IA_/install/ctl_mission/include/ctl_mission/Eigen-3.3/Eigen/src/SVD/UpperBidiagonalization.h
[15.796s] -- Up-to-date: /home/rhobtor/PHD/ARGOJ8_IA/ARGOSJ8_IA_/install/ctl_mission/include/ctl_mission/Eigen-3.3/Eigen/src/LU
[15.796s] -- Up-to-date: /home/rhobtor/PHD/ARGOJ8_IA/ARGOSJ8_IA_/install/ctl_mission/include/ctl_mission/Eigen-3.3/Eigen/src/LU/PartialPivLU_LAPACKE.h
[15.796s] -- Up-to-date: /home/rhobtor/PHD/ARGOJ8_IA/ARGOSJ8_IA_/install/ctl_mission/include/ctl_mission/Eigen-3.3/Eigen/src/LU/FullPivLU.h
[15.797s] -- Up-to-date: /home/rhobtor/PHD/ARGOJ8_IA/ARGOSJ8_IA_/install/ctl_mission/include/ctl_mission/Eigen-3.3/Eigen/src/LU/PartialPivLU.h
[15.797s] -- Up-to-date: /home/rhobtor/PHD/ARGOJ8_IA/ARGOSJ8_IA_/install/ctl_mission/include/ctl_mission/Eigen-3.3/Eigen/src/LU/InverseImpl.h
[15.797s] -- Up-to-date: /home/rhobtor/PHD/ARGOJ8_IA/ARGOSJ8_IA_/install/ctl_mission/include/ctl_mission/Eigen-3.3/Eigen/src/LU/Determinant.h
[15.797s] -- Up-to-date: /home/rhobtor/PHD/ARGOJ8_IA/ARGOSJ8_IA_/install/ctl_mission/include/ctl_mission/Eigen-3.3/Eigen/src/LU/arch
[15.797s] -- Up-to-date: /home/rhobtor/PHD/ARGOJ8_IA/ARGOSJ8_IA_/install/ctl_mission/include/ctl_mission/Eigen-3.3/Eigen/src/LU/arch/Inverse_SSE.h
[15.797s] -- Up-to-date: /home/rhobtor/PHD/ARGOJ8_IA/ARGOSJ8_IA_/install/ctl_mission/include/ctl_mission/Eigen-3.3/Eigen/src/Eigenvalues
[15.797s] -- Up-to-date: /home/rhobtor/PHD/ARGOJ8_IA/ARGOSJ8_IA_/install/ctl_mission/include/ctl_mission/Eigen-3.3/Eigen/src/Eigenvalues/SelfAdjointEigenSolver_LAPACKE.h
[15.797s] -- Up-to-date: /home/rhobtor/PHD/ARGOJ8_IA/ARGOSJ8_IA_/install/ctl_mission/include/ctl_mission/Eigen-3.3/Eigen/src/Eigenvalues/HessenbergDecomposition.h
[15.797s] -- Up-to-date: /home/rhobtor/PHD/ARGOJ8_IA/ARGOSJ8_IA_/install/ctl_mission/include/ctl_mission/Eigen-3.3/Eigen/src/Eigenvalues/ComplexSchur.h
[15.797s] -- Up-to-date: /home/rhobtor/PHD/ARGOJ8_IA/ARGOSJ8_IA_/install/ctl_mission/include/ctl_mission/Eigen-3.3/Eigen/src/Eigenvalues/RealSchur.h
[15.798s] -- Up-to-date: /home/rhobtor/PHD/ARGOJ8_IA/ARGOSJ8_IA_/install/ctl_mission/include/ctl_mission/Eigen-3.3/Eigen/src/Eigenvalues/RealSchur_LAPACKE.h
[15.798s] -- Up-to-date: /home/rhobtor/PHD/ARGOJ8_IA/ARGOSJ8_IA_/install/ctl_mission/include/ctl_mission/Eigen-3.3/Eigen/src/Eigenvalues/ComplexSchur_LAPACKE.h
[15.798s] -- Up-to-date: /home/rhobtor/PHD/ARGOJ8_IA/ARGOSJ8_IA_/install/ctl_mission/include/ctl_mission/Eigen-3.3/Eigen/src/Eigenvalues/GeneralizedSelfAdjointEigenSolver.h
[15.798s] -- Up-to-date: /home/rhobtor/PHD/ARGOJ8_IA/ARGOSJ8_IA_/install/ctl_mission/include/ctl_mission/Eigen-3.3/Eigen/src/Eigenvalues/GeneralizedEigenSolver.h
[15.798s] -- Up-to-date: /home/rhobtor/PHD/ARGOJ8_IA/ARGOSJ8_IA_/install/ctl_mission/include/ctl_mission/Eigen-3.3/Eigen/src/Eigenvalues/SelfAdjointEigenSolver.h
[15.798s] -- Up-to-date: /home/rhobtor/PHD/ARGOJ8_IA/ARGOSJ8_IA_/install/ctl_mission/include/ctl_mission/Eigen-3.3/Eigen/src/Eigenvalues/RealQZ.h
[15.798s] -- Up-to-date: /home/rhobtor/PHD/ARGOJ8_IA/ARGOSJ8_IA_/install/ctl_mission/include/ctl_mission/Eigen-3.3/Eigen/src/Eigenvalues/MatrixBaseEigenvalues.h
[15.798s] -- Up-to-date: /home/rhobtor/PHD/ARGOJ8_IA/ARGOSJ8_IA_/install/ctl_mission/include/ctl_mission/Eigen-3.3/Eigen/src/Eigenvalues/EigenSolver.h
[15.798s] -- Up-to-date: /home/rhobtor/PHD/ARGOJ8_IA/ARGOSJ8_IA_/install/ctl_mission/include/ctl_mission/Eigen-3.3/Eigen/src/Eigenvalues/Tridiagonalization.h
[15.798s] -- Up-to-date: /home/rhobtor/PHD/ARGOJ8_IA/ARGOSJ8_IA_/install/ctl_mission/include/ctl_mission/Eigen-3.3/Eigen/src/Eigenvalues/ComplexEigenSolver.h
[15.799s] -- Up-to-date: /home/rhobtor/PHD/ARGOJ8_IA/ARGOSJ8_IA_/install/ctl_mission/include/ctl_mission/Eigen-3.3/Eigen/PardisoSupport
[15.799s] -- Up-to-date: /home/rhobtor/PHD/ARGOJ8_IA/ARGOSJ8_IA_/install/ctl_mission/include/ctl_mission/Eigen-3.3/Eigen/SPQRSupport
[15.799s] -- Up-to-date: /home/rhobtor/PHD/ARGOJ8_IA/ARGOSJ8_IA_/install/ctl_mission/include/ctl_mission/Eigen-3.3/Eigen/IterativeLinearSolvers
[15.799s] -- Up-to-date: /home/rhobtor/PHD/ARGOJ8_IA/ARGOSJ8_IA_/install/ctl_mission/include/ctl_mission/Eigen-3.3/Eigen/Dense
[15.799s] -- Up-to-date: /home/rhobtor/PHD/ARGOJ8_IA/ARGOSJ8_IA_/install/ctl_mission/include/ctl_mission/Eigen-3.3/Eigen/StdVector
[15.799s] -- Up-to-date: /home/rhobtor/PHD/ARGOJ8_IA/ARGOSJ8_IA_/install/ctl_mission/include/ctl_mission/Eigen-3.3/Eigen/SparseLU
[15.799s] -- Up-to-date: /home/rhobtor/PHD/ARGOJ8_IA/ARGOSJ8_IA_/install/ctl_mission/include/ctl_mission/Eigen-3.3/Eigen/UmfPackSupport
[15.799s] -- Up-to-date: /home/rhobtor/PHD/ARGOJ8_IA/ARGOSJ8_IA_/install/ctl_mission/include/ctl_mission/Eigen-3.3/Eigen/Eigen
[15.799s] -- Up-to-date: /home/rhobtor/PHD/ARGOJ8_IA/ARGOSJ8_IA_/install/ctl_mission/include/ctl_mission/Eigen-3.3/Eigen/CMakeLists.txt
[15.799s] -- Up-to-date: /home/rhobtor/PHD/ARGOJ8_IA/ARGOSJ8_IA_/install/ctl_mission/include/ctl_mission/Eigen-3.3/Eigen/StdDeque
[15.800s] -- Up-to-date: /home/rhobtor/PHD/ARGOJ8_IA/ARGOSJ8_IA_/install/ctl_mission/include/ctl_mission/Eigen-3.3/Eigen/SparseCholesky
[15.800s] -- Up-to-date: /home/rhobtor/PHD/ARGOJ8_IA/ARGOSJ8_IA_/install/ctl_mission/include/ctl_mission/Eigen-3.3/Eigen/Geometry
[15.800s] -- Up-to-date: /home/rhobtor/PHD/ARGOJ8_IA/ARGOSJ8_IA_/install/ctl_mission/include/ctl_mission/Eigen-3.3/Eigen/Cholesky
[15.800s] -- Up-to-date: /home/rhobtor/PHD/ARGOJ8_IA/ARGOSJ8_IA_/install/ctl_mission/include/ctl_mission/Eigen-3.3/Eigen/Householder
[15.800s] -- Up-to-date: /home/rhobtor/PHD/ARGOJ8_IA/ARGOSJ8_IA_/install/ctl_mission/include/ctl_mission/Eigen-3.3/Eigen/Sparse
[15.800s] -- Up-to-date: /home/rhobtor/PHD/ARGOJ8_IA/ARGOSJ8_IA_/install/ctl_mission/include/ctl_mission/Eigen-3.3/Eigen/MetisSupport
[15.800s] -- Up-to-date: /home/rhobtor/PHD/ARGOJ8_IA/ARGOSJ8_IA_/install/ctl_mission/include/ctl_mission/Eigen-3.3/Eigen/SuperLUSupport
[15.800s] -- Up-to-date: /home/rhobtor/PHD/ARGOJ8_IA/ARGOSJ8_IA_/install/ctl_mission/include/ctl_mission/Eigen-3.3/Eigen/PaStiXSupport
[15.800s] -- Up-to-date: /home/rhobtor/PHD/ARGOJ8_IA/ARGOSJ8_IA_/install/ctl_mission/include/ctl_mission/Eigen-3.3/Eigen/OrderingMethods
[15.800s] -- Up-to-date: /home/rhobtor/PHD/ARGOJ8_IA/ARGOSJ8_IA_/install/ctl_mission/include/ctl_mission/Eigen-3.3/Eigen/Jacobi
[15.800s] -- Up-to-date: /home/rhobtor/PHD/ARGOJ8_IA/ARGOSJ8_IA_/install/ctl_mission/include/ctl_mission/Eigen-3.3/Eigen/StdList
[15.801s] -- Up-to-date: /home/rhobtor/PHD/ARGOJ8_IA/ARGOSJ8_IA_/install/ctl_mission/include/ctl_mission/Eigen-3.3/Eigen/Core
[15.801s] -- Up-to-date: /home/rhobtor/PHD/ARGOJ8_IA/ARGOSJ8_IA_/install/ctl_mission/include/ctl_mission/Eigen-3.3/Eigen/SparseCore
[15.801s] -- Up-to-date: /home/rhobtor/PHD/ARGOJ8_IA/ARGOSJ8_IA_/install/ctl_mission/include/ctl_mission/Eigen-3.3/Eigen/SVD
[15.801s] -- Up-to-date: /home/rhobtor/PHD/ARGOJ8_IA/ARGOSJ8_IA_/install/ctl_mission/include/ctl_mission/Eigen-3.3/Eigen/LU
[15.801s] -- Up-to-date: /home/rhobtor/PHD/ARGOJ8_IA/ARGOSJ8_IA_/install/ctl_mission/include/ctl_mission/Eigen-3.3/Eigen/Eigenvalues
[15.801s] -- Up-to-date: /home/rhobtor/PHD/ARGOJ8_IA/ARGOSJ8_IA_/install/ctl_mission/include/ctl_mission/Eigen-3.3/CMakeLists.txt
[15.801s] -- Up-to-date: /home/rhobtor/PHD/ARGOJ8_IA/ARGOSJ8_IA_/install/ctl_mission/include/ctl_mission/Eigen-3.3/signature_of_eigen3_matrix_library
[15.801s] -- Up-to-date: /home/rhobtor/PHD/ARGOJ8_IA/ARGOSJ8_IA_/install/ctl_mission/include/ctl_mission/Eigen-3.3/CTestCustom.cmake.in
[15.801s] -- Up-to-date: /home/rhobtor/PHD/ARGOJ8_IA/ARGOSJ8_IA_/install/ctl_mission/include/ctl_mission/Eigen-3.3/README.md
[15.802s] -- Up-to-date: /home/rhobtor/PHD/ARGOJ8_IA/ARGOSJ8_IA_/install/ctl_mission/include/ctl_mission/Eigen-3.3/COPYING.MPL2
[15.802s] -- Up-to-date: /home/rhobtor/PHD/ARGOJ8_IA/ARGOSJ8_IA_/install/ctl_mission/include/ctl_mission/Eigen-3.3/CTestConfig.cmake
[15.802s] -- Up-to-date: /home/rhobtor/PHD/ARGOJ8_IA/ARGOSJ8_IA_/install/ctl_mission/include/ctl_mission/Eigen-3.3/COPYING.GPL
[15.802s] -- Up-to-date: /home/rhobtor/PHD/ARGOJ8_IA/ARGOSJ8_IA_/install/ctl_mission/include/ctl_mission/Eigen-3.3/blas
[15.802s] -- Up-to-date: /home/rhobtor/PHD/ARGOJ8_IA/ARGOSJ8_IA_/install/ctl_mission/include/ctl_mission/Eigen-3.3/blas/PackedSelfadjointProduct.h
[15.802s] -- Up-to-date: /home/rhobtor/PHD/ARGOJ8_IA/ARGOSJ8_IA_/install/ctl_mission/include/ctl_mission/Eigen-3.3/blas/single.cpp
[15.802s] -- Up-to-date: /home/rhobtor/PHD/ARGOJ8_IA/ARGOSJ8_IA_/install/ctl_mission/include/ctl_mission/Eigen-3.3/blas/f2c
[15.802s] -- Up-to-date: /home/rhobtor/PHD/ARGOJ8_IA/ARGOSJ8_IA_/install/ctl_mission/include/ctl_mission/Eigen-3.3/blas/f2c/lsame.c
[15.802s] -- Up-to-date: /home/rhobtor/PHD/ARGOJ8_IA/ARGOSJ8_IA_/install/ctl_mission/include/ctl_mission/Eigen-3.3/blas/f2c/complexdots.c
[15.802s] -- Up-to-date: /home/rhobtor/PHD/ARGOJ8_IA/ARGOSJ8_IA_/install/ctl_mission/include/ctl_mission/Eigen-3.3/blas/f2c/chpmv.c
[15.802s] -- Up-to-date: /home/rhobtor/PHD/ARGOJ8_IA/ARGOSJ8_IA_/install/ctl_mission/include/ctl_mission/Eigen-3.3/blas/f2c/srotmg.c
[15.802s] -- Up-to-date: /home/rhobtor/PHD/ARGOJ8_IA/ARGOSJ8_IA_/install/ctl_mission/include/ctl_mission/Eigen-3.3/blas/f2c/drotm.c
[15.802s] -- Up-to-date: /home/rhobtor/PHD/ARGOJ8_IA/ARGOSJ8_IA_/install/ctl_mission/include/ctl_mission/Eigen-3.3/blas/f2c/d_cnjg.c
[15.802s] -- Up-to-date: /home/rhobtor/PHD/ARGOJ8_IA/ARGOSJ8_IA_/install/ctl_mission/include/ctl_mission/Eigen-3.3/blas/f2c/drotmg.c
[15.802s] -- Up-to-date: /home/rhobtor/PHD/ARGOJ8_IA/ARGOSJ8_IA_/install/ctl_mission/include/ctl_mission/Eigen-3.3/blas/f2c/r_cnjg.c
[15.802s] -- Up-to-date: /home/rhobtor/PHD/ARGOJ8_IA/ARGOSJ8_IA_/install/ctl_mission/include/ctl_mission/Eigen-3.3/blas/f2c/ssbmv.c
[15.802s] -- Up-to-date: /home/rhobtor/PHD/ARGOJ8_IA/ARGOSJ8_IA_/install/ctl_mission/include/ctl_mission/Eigen-3.3/blas/f2c/zhbmv.c
[15.802s] -- Up-to-date: /home/rhobtor/PHD/ARGOJ8_IA/ARGOSJ8_IA_/install/ctl_mission/include/ctl_mission/Eigen-3.3/blas/f2c/zhpmv.c
[15.802s] -- Up-to-date: /home/rhobtor/PHD/ARGOJ8_IA/ARGOSJ8_IA_/install/ctl_mission/include/ctl_mission/Eigen-3.3/blas/f2c/datatypes.h
[15.802s] -- Up-to-date: /home/rhobtor/PHD/ARGOJ8_IA/ARGOSJ8_IA_/install/ctl_mission/include/ctl_mission/Eigen-3.3/blas/f2c/ctbmv.c
[15.802s] -- Up-to-date: /home/rhobtor/PHD/ARGOJ8_IA/ARGOSJ8_IA_/install/ctl_mission/include/ctl_mission/Eigen-3.3/blas/f2c/dtbmv.c
[15.802s] -- Up-to-date: /home/rhobtor/PHD/ARGOJ8_IA/ARGOSJ8_IA_/install/ctl_mission/include/ctl_mission/Eigen-3.3/blas/f2c/dsbmv.c
[15.802s] -- Up-to-date: /home/rhobtor/PHD/ARGOJ8_IA/ARGOSJ8_IA_/install/ctl_mission/include/ctl_mission/Eigen-3.3/blas/f2c/chbmv.c
[15.802s] -- Up-to-date: /home/rhobtor/PHD/ARGOJ8_IA/ARGOSJ8_IA_/install/ctl_mission/include/ctl_mission/Eigen-3.3/blas/f2c/srotm.c
[15.802s] -- Up-to-date: /home/rhobtor/PHD/ARGOJ8_IA/ARGOSJ8_IA_/install/ctl_mission/include/ctl_mission/Eigen-3.3/blas/f2c/ztbmv.c
[15.802s] -- Up-to-date: /home/rhobtor/PHD/ARGOJ8_IA/ARGOSJ8_IA_/install/ctl_mission/include/ctl_mission/Eigen-3.3/blas/f2c/stbmv.c
[15.803s] -- Up-to-date: /home/rhobtor/PHD/ARGOJ8_IA/ARGOSJ8_IA_/install/ctl_mission/include/ctl_mission/Eigen-3.3/blas/f2c/dspmv.c
[15.803s] -- Up-to-date: /home/rhobtor/PHD/ARGOJ8_IA/ARGOSJ8_IA_/install/ctl_mission/include/ctl_mission/Eigen-3.3/blas/f2c/sspmv.c
[15.803s] -- Up-to-date: /home/rhobtor/PHD/ARGOJ8_IA/ARGOSJ8_IA_/install/ctl_mission/include/ctl_mission/Eigen-3.3/blas/complex_single.cpp
[15.803s] -- Up-to-date: /home/rhobtor/PHD/ARGOJ8_IA/ARGOSJ8_IA_/install/ctl_mission/include/ctl_mission/Eigen-3.3/blas/level1_impl.h
[15.803s] -- Up-to-date: /home/rhobtor/PHD/ARGOJ8_IA/ARGOSJ8_IA_/install/ctl_mission/include/ctl_mission/Eigen-3.3/blas/BandTriangularSolver.h
[15.803s] -- Up-to-date: /home/rhobtor/PHD/ARGOJ8_IA/ARGOSJ8_IA_/install/ctl_mission/include/ctl_mission/Eigen-3.3/blas/common.h
[15.803s] -- Up-to-date: /home/rhobtor/PHD/ARGOJ8_IA/ARGOSJ8_IA_/install/ctl_mission/include/ctl_mission/Eigen-3.3/blas/double.cpp
[15.803s] -- Up-to-date: /home/rhobtor/PHD/ARGOJ8_IA/ARGOSJ8_IA_/install/ctl_mission/include/ctl_mission/Eigen-3.3/blas/README.txt
[15.803s] -- Up-to-date: /home/rhobtor/PHD/ARGOJ8_IA/ARGOSJ8_IA_/install/ctl_mission/include/ctl_mission/Eigen-3.3/blas/level1_real_impl.h
[15.803s] -- Up-to-date: /home/rhobtor/PHD/ARGOJ8_IA/ARGOSJ8_IA_/install/ctl_mission/include/ctl_mission/Eigen-3.3/blas/CMakeLists.txt
[15.803s] -- Up-to-date: /home/rhobtor/PHD/ARGOJ8_IA/ARGOSJ8_IA_/install/ctl_mission/include/ctl_mission/Eigen-3.3/blas/PackedTriangularMatrixVector.h
[15.803s] -- Up-to-date: /home/rhobtor/PHD/ARGOJ8_IA/ARGOSJ8_IA_/install/ctl_mission/include/ctl_mission/Eigen-3.3/blas/PackedTriangularSolverVector.h
[15.803s] -- Up-to-date: /home/rhobtor/PHD/ARGOJ8_IA/ARGOSJ8_IA_/install/ctl_mission/include/ctl_mission/Eigen-3.3/blas/Rank2Update.h
[15.803s] -- Up-to-date: /home/rhobtor/PHD/ARGOJ8_IA/ARGOSJ8_IA_/install/ctl_mission/include/ctl_mission/Eigen-3.3/blas/fortran
[15.803s] -- Up-to-date: /home/rhobtor/PHD/ARGOJ8_IA/ARGOSJ8_IA_/install/ctl_mission/include/ctl_mission/Eigen-3.3/blas/fortran/complexdots.f
[15.803s] -- Up-to-date: /home/rhobtor/PHD/ARGOJ8_IA/ARGOSJ8_IA_/install/ctl_mission/include/ctl_mission/Eigen-3.3/blas/complex_double.cpp
[15.803s] -- Up-to-date: /home/rhobtor/PHD/ARGOJ8_IA/ARGOSJ8_IA_/install/ctl_mission/include/ctl_mission/Eigen-3.3/blas/xerbla.cpp
[15.803s] -- Up-to-date: /home/rhobtor/PHD/ARGOJ8_IA/ARGOSJ8_IA_/install/ctl_mission/include/ctl_mission/Eigen-3.3/blas/GeneralRank1Update.h
[15.803s] -- Up-to-date: /home/rhobtor/PHD/ARGOJ8_IA/ARGOSJ8_IA_/install/ctl_mission/include/ctl_mission/Eigen-3.3/blas/testing
[15.803s] -- Up-to-date: /home/rhobtor/PHD/ARGOJ8_IA/ARGOSJ8_IA_/install/ctl_mission/include/ctl_mission/Eigen-3.3/blas/testing/cblat1.f
[15.803s] -- Up-to-date: /home/rhobtor/PHD/ARGOJ8_IA/ARGOSJ8_IA_/install/ctl_mission/include/ctl_mission/Eigen-3.3/blas/testing/sblat2.f
[15.803s] -- Up-to-date: /home/rhobtor/PHD/ARGOJ8_IA/ARGOSJ8_IA_/install/ctl_mission/include/ctl_mission/Eigen-3.3/blas/testing/runblastest.sh
[15.803s] -- Up-to-date: /home/rhobtor/PHD/ARGOJ8_IA/ARGOSJ8_IA_/install/ctl_mission/include/ctl_mission/Eigen-3.3/blas/testing/dblat1.f
[15.803s] -- Up-to-date: /home/rhobtor/PHD/ARGOJ8_IA/ARGOSJ8_IA_/install/ctl_mission/include/ctl_mission/Eigen-3.3/blas/testing/dblat2.f
[15.803s] -- Up-to-date: /home/rhobtor/PHD/ARGOJ8_IA/ARGOSJ8_IA_/install/ctl_mission/include/ctl_mission/Eigen-3.3/blas/testing/dblat3.dat
[15.803s] -- Up-to-date: /home/rhobtor/PHD/ARGOJ8_IA/ARGOSJ8_IA_/install/ctl_mission/include/ctl_mission/Eigen-3.3/blas/testing/sblat3.f
[15.803s] -- Up-to-date: /home/rhobtor/PHD/ARGOJ8_IA/ARGOSJ8_IA_/install/ctl_mission/include/ctl_mission/Eigen-3.3/blas/testing/sblat1.f
[15.803s] -- Up-to-date: /home/rhobtor/PHD/ARGOJ8_IA/ARGOSJ8_IA_/install/ctl_mission/include/ctl_mission/Eigen-3.3/blas/testing/zblat2.f
[15.804s] -- Up-to-date: /home/rhobtor/PHD/ARGOJ8_IA/ARGOSJ8_IA_/install/ctl_mission/include/ctl_mission/Eigen-3.3/blas/testing/cblat3.dat
[15.804s] -- Up-to-date: /home/rhobtor/PHD/ARGOJ8_IA/ARGOSJ8_IA_/install/ctl_mission/include/ctl_mission/Eigen-3.3/blas/testing/zblat3.dat
[15.804s] -- Up-to-date: /home/rhobtor/PHD/ARGOJ8_IA/ARGOSJ8_IA_/install/ctl_mission/include/ctl_mission/Eigen-3.3/blas/testing/sblat2.dat
[15.804s] -- Up-to-date: /home/rhobtor/PHD/ARGOJ8_IA/ARGOSJ8_IA_/install/ctl_mission/include/ctl_mission/Eigen-3.3/blas/testing/sblat3.dat
[15.804s] -- Up-to-date: /home/rhobtor/PHD/ARGOJ8_IA/ARGOSJ8_IA_/install/ctl_mission/include/ctl_mission/Eigen-3.3/blas/testing/CMakeLists.txt
[15.804s] -- Up-to-date: /home/rhobtor/PHD/ARGOJ8_IA/ARGOSJ8_IA_/install/ctl_mission/include/ctl_mission/Eigen-3.3/blas/testing/zblat3.f
[15.804s] -- Up-to-date: /home/rhobtor/PHD/ARGOJ8_IA/ARGOSJ8_IA_/install/ctl_mission/include/ctl_mission/Eigen-3.3/blas/testing/dblat3.f
[15.804s] -- Up-to-date: /home/rhobtor/PHD/ARGOJ8_IA/ARGOSJ8_IA_/install/ctl_mission/include/ctl_mission/Eigen-3.3/blas/testing/zblat1.f
[15.804s] -- Up-to-date: /home/rhobtor/PHD/ARGOJ8_IA/ARGOSJ8_IA_/install/ctl_mission/include/ctl_mission/Eigen-3.3/blas/testing/cblat2.dat
[15.804s] -- Up-to-date: /home/rhobtor/PHD/ARGOJ8_IA/ARGOSJ8_IA_/install/ctl_mission/include/ctl_mission/Eigen-3.3/blas/testing/cblat2.f
[15.804s] -- Up-to-date: /home/rhobtor/PHD/ARGOJ8_IA/ARGOSJ8_IA_/install/ctl_mission/include/ctl_mission/Eigen-3.3/blas/testing/cblat3.f
[15.804s] -- Up-to-date: /home/rhobtor/PHD/ARGOJ8_IA/ARGOSJ8_IA_/install/ctl_mission/include/ctl_mission/Eigen-3.3/blas/testing/dblat2.dat
[15.804s] -- Up-to-date: /home/rhobtor/PHD/ARGOJ8_IA/ARGOSJ8_IA_/install/ctl_mission/include/ctl_mission/Eigen-3.3/blas/testing/zblat2.dat
[15.804s] -- Up-to-date: /home/rhobtor/PHD/ARGOJ8_IA/ARGOSJ8_IA_/install/ctl_mission/include/ctl_mission/Eigen-3.3/blas/level2_impl.h
[15.804s] -- Up-to-date: /home/rhobtor/PHD/ARGOJ8_IA/ARGOSJ8_IA_/install/ctl_mission/include/ctl_mission/Eigen-3.3/blas/level1_cplx_impl.h
[15.804s] -- Up-to-date: /home/rhobtor/PHD/ARGOJ8_IA/ARGOSJ8_IA_/install/ctl_mission/include/ctl_mission/Eigen-3.3/blas/level3_impl.h
[15.804s] -- Up-to-date: /home/rhobtor/PHD/ARGOJ8_IA/ARGOSJ8_IA_/install/ctl_mission/include/ctl_mission/Eigen-3.3/blas/level2_real_impl.h
[15.804s] -- Up-to-date: /home/rhobtor/PHD/ARGOJ8_IA/ARGOSJ8_IA_/install/ctl_mission/include/ctl_mission/Eigen-3.3/blas/level2_cplx_impl.h
[15.804s] -- Up-to-date: /home/rhobtor/PHD/ARGOJ8_IA/ARGOSJ8_IA_/install/ctl_mission/include/ctl_mission/Eigen-3.3/unsupported
[15.804s] -- Up-to-date: /home/rhobtor/PHD/ARGOJ8_IA/ARGOSJ8_IA_/install/ctl_mission/include/ctl_mission/Eigen-3.3/unsupported/test
[15.804s] -- Up-to-date: /home/rhobtor/PHD/ARGOJ8_IA/ARGOSJ8_IA_/install/ctl_mission/include/ctl_mission/Eigen-3.3/unsupported/test/cxx11_tensor_striding.cpp
[15.805s] -- Up-to-date: /home/rhobtor/PHD/ARGOJ8_IA/ARGOSJ8_IA_/install/ctl_mission/include/ctl_mission/Eigen-3.3/unsupported/test/FFT.cpp
[15.805s] -- Up-to-date: /home/rhobtor/PHD/ARGOJ8_IA/ARGOSJ8_IA_/install/ctl_mission/include/ctl_mission/Eigen-3.3/unsupported/test/sparse_extra.cpp
[15.805s] -- Up-to-date: /home/rhobtor/PHD/ARGOJ8_IA/ARGOSJ8_IA_/install/ctl_mission/include/ctl_mission/Eigen-3.3/unsupported/test/cxx11_tensor_broadcasting.cpp
[15.805s] -- Up-to-date: /home/rhobtor/PHD/ARGOJ8_IA/ARGOSJ8_IA_/install/ctl_mission/include/ctl_mission/Eigen-3.3/unsupported/test/cxx11_tensor_expr.cpp
[15.805s] -- Up-to-date: /home/rhobtor/PHD/ARGOJ8_IA/ARGOSJ8_IA_/install/ctl_mission/include/ctl_mission/Eigen-3.3/unsupported/test/cxx11_tensor_sugar.cpp
[15.805s] -- Up-to-date: /home/rhobtor/PHD/ARGOJ8_IA/ARGOSJ8_IA_/install/ctl_mission/include/ctl_mission/Eigen-3.3/unsupported/test/polynomialutils.cpp
[15.805s] -- Up-to-date: /home/rhobtor/PHD/ARGOJ8_IA/ARGOSJ8_IA_/install/ctl_mission/include/ctl_mission/Eigen-3.3/unsupported/test/cxx11_tensor_simple.cpp
[15.805s] -- Up-to-date: /home/rhobtor/PHD/ARGOJ8_IA/ARGOSJ8_IA_/install/ctl_mission/include/ctl_mission/Eigen-3.3/unsupported/test/cxx11_tensor_random.cpp
[15.805s] -- Up-to-date: /home/rhobtor/PHD/ARGOJ8_IA/ARGOSJ8_IA_/install/ctl_mission/include/ctl_mission/Eigen-3.3/unsupported/test/cxx11_tensor_ifft.cpp
[15.805s] -- Up-to-date: /home/rhobtor/PHD/ARGOJ8_IA/ARGOSJ8_IA_/install/ctl_mission/include/ctl_mission/Eigen-3.3/unsupported/test/cxx11_tensor_random_cuda.cu
[15.805s] -- Up-to-date: /home/rhobtor/PHD/ARGOJ8_IA/ARGOSJ8_IA_/install/ctl_mission/include/ctl_mission/Eigen-3.3/unsupported/test/cxx11_tensor_cast_float16_cuda.cu
[15.805s] -- Up-to-date: /home/rhobtor/PHD/ARGOJ8_IA/ARGOSJ8_IA_/install/ctl_mission/include/ctl_mission/Eigen-3.3/unsupported/test/cxx11_tensor_thread_pool.cpp
[15.805s] -- Up-to-date: /home/rhobtor/PHD/ARGOJ8_IA/ARGOSJ8_IA_/install/ctl_mission/include/ctl_mission/Eigen-3.3/unsupported/test/cxx11_tensor_volume_patch.cpp
[15.805s] -- Up-to-date: /home/rhobtor/PHD/ARGOJ8_IA/ARGOSJ8_IA_/install/ctl_mission/include/ctl_mission/Eigen-3.3/unsupported/test/cxx11_tensor_sycl.cpp
[15.806s] -- Up-to-date: /home/rhobtor/PHD/ARGOJ8_IA/ARGOSJ8_IA_/install/ctl_mission/include/ctl_mission/Eigen-3.3/unsupported/test/cxx11_tensor_forced_eval.cpp
[15.806s] -- Up-to-date: /home/rhobtor/PHD/ARGOJ8_IA/ARGOSJ8_IA_/install/ctl_mission/include/ctl_mission/Eigen-3.3/unsupported/test/polynomialsolver.cpp
[15.806s] -- Up-to-date: /home/rhobtor/PHD/ARGOJ8_IA/ARGOSJ8_IA_/install/ctl_mission/include/ctl_mission/Eigen-3.3/unsupported/test/cxx11_tensor_reverse.cpp
[15.806s] -- Up-to-date: /home/rhobtor/PHD/ARGOJ8_IA/ARGOSJ8_IA_/install/ctl_mission/include/ctl_mission/Eigen-3.3/unsupported/test/matrix_functions.h
[15.806s] -- Up-to-date: /home/rhobtor/PHD/ARGOJ8_IA/ARGOSJ8_IA_/install/ctl_mission/include/ctl_mission/Eigen-3.3/unsupported/test/cxx11_tensor_of_strings.cpp
[15.806s] -- Up-to-date: /home/rhobtor/PHD/ARGOJ8_IA/ARGOSJ8_IA_/install/ctl_mission/include/ctl_mission/Eigen-3.3/unsupported/test/cxx11_tensor_reduction_sycl.cpp
[15.806s] -- Up-to-date: /home/rhobtor/PHD/ARGOJ8_IA/ARGOSJ8_IA_/install/ctl_mission/include/ctl_mission/Eigen-3.3/unsupported/test/cxx11_tensor_device.cu
[15.806s] -- Up-to-date: /home/rhobtor/PHD/ARGOJ8_IA/ARGOSJ8_IA_/install/ctl_mission/include/ctl_mission/Eigen-3.3/unsupported/test/cxx11_tensor_reduction.cpp
[15.806s] -- Up-to-date: /home/rhobtor/PHD/ARGOJ8_IA/ARGOSJ8_IA_/install/ctl_mission/include/ctl_mission/Eigen-3.3/unsupported/test/openglsupport.cpp
[15.806s] -- Up-to-date: /home/rhobtor/PHD/ARGOJ8_IA/ARGOSJ8_IA_/install/ctl_mission/include/ctl_mission/Eigen-3.3/unsupported/test/mpreal_support.cpp
[15.806s] -- Up-to-date: /home/rhobtor/PHD/ARGOJ8_IA/ARGOSJ8_IA_/install/ctl_mission/include/ctl_mission/Eigen-3.3/unsupported/test/mpreal
[15.806s] -- Up-to-date: /home/rhobtor/PHD/ARGOJ8_IA/ARGOSJ8_IA_/install/ctl_mission/include/ctl_mission/Eigen-3.3/unsupported/test/mpreal/mpreal.h
[15.806s] -- Up-to-date: /home/rhobtor/PHD/ARGOJ8_IA/ARGOSJ8_IA_/install/ctl_mission/include/ctl_mission/Eigen-3.3/unsupported/test/FFTW.cpp
[15.806s] -- Up-to-date: /home/rhobtor/PHD/ARGOJ8_IA/ARGOSJ8_IA_/install/ctl_mission/include/ctl_mission/Eigen-3.3/unsupported/test/levenberg_marquardt.cpp
[15.806s] -- Up-to-date: /home/rhobtor/PHD/ARGOJ8_IA/ARGOSJ8_IA_/install/ctl_mission/include/ctl_mission/Eigen-3.3/unsupported/test/cxx11_tensor_broadcast_sycl.cpp
[15.806s] -- Up-to-date: /home/rhobtor/PHD/ARGOJ8_IA/ARGOSJ8_IA_/install/ctl_mission/include/ctl_mission/Eigen-3.3/unsupported/test/splines.cpp
[15.806s] -- Up-to-date: /home/rhobtor/PHD/ARGOJ8_IA/ARGOSJ8_IA_/install/ctl_mission/include/ctl_mission/Eigen-3.3/unsupported/test/cxx11_tensor_of_complex.cpp
[15.806s] -- Up-to-date: /home/rhobtor/PHD/ARGOJ8_IA/ARGOSJ8_IA_/install/ctl_mission/include/ctl_mission/Eigen-3.3/unsupported/test/cxx11_tensor_fixed_size.cpp
[15.806s] -- Up-to-date: /home/rhobtor/PHD/ARGOJ8_IA/ARGOSJ8_IA_/install/ctl_mission/include/ctl_mission/Eigen-3.3/unsupported/test/cxx11_tensor_ref.cpp
[15.806s] -- Up-to-date: /home/rhobtor/PHD/ARGOJ8_IA/ARGOSJ8_IA_/install/ctl_mission/include/ctl_mission/Eigen-3.3/unsupported/test/cxx11_tensor_layout_swap.cpp
[15.806s] -- Up-to-date: /home/rhobtor/PHD/ARGOJ8_IA/ARGOSJ8_IA_/install/ctl_mission/include/ctl_mission/Eigen-3.3/unsupported/test/cxx11_tensor_symmetry.cpp
[15.806s] -- Up-to-date: /home/rhobtor/PHD/ARGOJ8_IA/ARGOSJ8_IA_/install/ctl_mission/include/ctl_mission/Eigen-3.3/unsupported/test/matrix_exponential.cpp
[15.807s] -- Up-to-date: /home/rhobtor/PHD/ARGOJ8_IA/ARGOSJ8_IA_/install/ctl_mission/include/ctl_mission/Eigen-3.3/unsupported/test/minres.cpp
[15.807s] -- Up-to-date: /home/rhobtor/PHD/ARGOJ8_IA/ARGOSJ8_IA_/install/ctl_mission/include/ctl_mission/Eigen-3.3/unsupported/test/cxx11_tensor_convolution.cpp
[15.807s] -- Up-to-date: /home/rhobtor/PHD/ARGOJ8_IA/ARGOSJ8_IA_/install/ctl_mission/include/ctl_mission/Eigen-3.3/unsupported/test/matrix_square_root.cpp
[15.807s] -- Up-to-date: /home/rhobtor/PHD/ARGOJ8_IA/ARGOSJ8_IA_/install/ctl_mission/include/ctl_mission/Eigen-3.3/unsupported/test/gmres.cpp
[15.807s] -- Up-to-date: /home/rhobtor/PHD/ARGOJ8_IA/ARGOSJ8_IA_/install/ctl_mission/include/ctl_mission/Eigen-3.3/unsupported/test/CMakeLists.txt
[15.807s] -- Up-to-date: /home/rhobtor/PHD/ARGOJ8_IA/ARGOSJ8_IA_/install/ctl_mission/include/ctl_mission/Eigen-3.3/unsupported/test/cxx11_tensor_forced_eval_sycl.cpp
[15.807s] -- Up-to-date: /home/rhobtor/PHD/ARGOJ8_IA/ARGOSJ8_IA_/install/ctl_mission/include/ctl_mission/Eigen-3.3/unsupported/test/cxx11_tensor_generator.cpp
[15.807s] -- Up-to-date: /home/rhobtor/PHD/ARGOJ8_IA/ARGOSJ8_IA_/install/ctl_mission/include/ctl_mission/Eigen-3.3/unsupported/test/cxx11_non_blocking_thread_pool.cpp
[15.807s] -- Up-to-date: /home/rhobtor/PHD/ARGOJ8_IA/ARGOSJ8_IA_/install/ctl_mission/include/ctl_mission/Eigen-3.3/unsupported/test/cxx11_tensor_io.cpp
[15.807s] -- Up-to-date: /home/rhobtor/PHD/ARGOJ8_IA/ARGOSJ8_IA_/install/ctl_mission/include/ctl_mission/Eigen-3.3/unsupported/test/cxx11_tensor_uint128.cpp
[15.807s] -- Up-to-date: /home/rhobtor/PHD/ARGOJ8_IA/ARGOSJ8_IA_/install/ctl_mission/include/ctl_mission/Eigen-3.3/unsupported/test/cxx11_tensor_math.cpp
[15.807s] -- Up-to-date: /home/rhobtor/PHD/ARGOJ8_IA/ARGOSJ8_IA_/install/ctl_mission/include/ctl_mission/Eigen-3.3/unsupported/test/BVH.cpp
[15.807s] -- Up-to-date: /home/rhobtor/PHD/ARGOJ8_IA/ARGOSJ8_IA_/install/ctl_mission/include/ctl_mission/Eigen-3.3/unsupported/test/alignedvector3.cpp
[15.807s] -- Up-to-date: /home/rhobtor/PHD/ARGOJ8_IA/ARGOSJ8_IA_/install/ctl_mission/include/ctl_mission/Eigen-3.3/unsupported/test/forward_adolc.cpp
[15.807s] -- Up-to-date: /home/rhobtor/PHD/ARGOJ8_IA/ARGOSJ8_IA_/install/ctl_mission/include/ctl_mission/Eigen-3.3/unsupported/test/cxx11_tensor_of_float16_cuda.cu
[15.807s] -- Up-to-date: /home/rhobtor/PHD/ARGOJ8_IA/ARGOSJ8_IA_/install/ctl_mission/include/ctl_mission/Eigen-3.3/unsupported/test/cxx11_meta.cpp
[15.807s] -- Up-to-date: /home/rhobtor/PHD/ARGOJ8_IA/ARGOSJ8_IA_/install/ctl_mission/include/ctl_mission/Eigen-3.3/unsupported/test/NonLinearOptimization.cpp
[15.807s] -- Up-to-date: /home/rhobtor/PHD/ARGOJ8_IA/ARGOSJ8_IA_/install/ctl_mission/include/ctl_mission/Eigen-3.3/unsupported/test/NumericalDiff.cpp
[15.807s] -- Up-to-date: /home/rhobtor/PHD/ARGOJ8_IA/ARGOSJ8_IA_/install/ctl_mission/include/ctl_mission/Eigen-3.3/unsupported/test/autodiff_scalar.cpp
[15.807s] -- Up-to-date: /home/rhobtor/PHD/ARGOJ8_IA/ARGOSJ8_IA_/install/ctl_mission/include/ctl_mission/Eigen-3.3/unsupported/test/cxx11_tensor_fft.cpp
[15.807s] -- Up-to-date: /home/rhobtor/PHD/ARGOJ8_IA/ARGOSJ8_IA_/install/ctl_mission/include/ctl_mission/Eigen-3.3/unsupported/test/cxx11_tensor_index_list.cpp
[15.807s] -- Up-to-date: /home/rhobtor/PHD/ARGOJ8_IA/ARGOSJ8_IA_/install/ctl_mission/include/ctl_mission/Eigen-3.3/unsupported/test/cxx11_tensor_image_patch.cpp
[15.808s] -- Up-to-date: /home/rhobtor/PHD/ARGOJ8_IA/ARGOSJ8_IA_/install/ctl_mission/include/ctl_mission/Eigen-3.3/unsupported/test/autodiff.cpp
[15.808s] -- Up-to-date: /home/rhobtor/PHD/ARGOJ8_IA/ARGOSJ8_IA_/install/ctl_mission/include/ctl_mission/Eigen-3.3/unsupported/test/cxx11_tensor_scan_cuda.cu
[15.808s] -- Up-to-date: /home/rhobtor/PHD/ARGOJ8_IA/ARGOSJ8_IA_/install/ctl_mission/include/ctl_mission/Eigen-3.3/unsupported/test/matrix_power.cpp
[15.808s] -- Up-to-date: /home/rhobtor/PHD/ARGOJ8_IA/ARGOSJ8_IA_/install/ctl_mission/include/ctl_mission/Eigen-3.3/unsupported/test/cxx11_tensor_shuffling.cpp
[15.808s] -- Up-to-date: /home/rhobtor/PHD/ARGOJ8_IA/ARGOSJ8_IA_/install/ctl_mission/include/ctl_mission/Eigen-3.3/unsupported/test/cxx11_tensor_assign.cpp
[15.808s] -- Up-to-date: /home/rhobtor/PHD/ARGOJ8_IA/ARGOSJ8_IA_/install/ctl_mission/include/ctl_mission/Eigen-3.3/unsupported/test/cxx11_tensor_cuda.cu
[15.808s] -- Up-to-date: /home/rhobtor/PHD/ARGOJ8_IA/ARGOSJ8_IA_/install/ctl_mission/include/ctl_mission/Eigen-3.3/unsupported/test/cxx11_tensor_const.cpp
[15.808s] -- Up-to-date: /home/rhobtor/PHD/ARGOJ8_IA/ARGOSJ8_IA_/install/ctl_mission/include/ctl_mission/Eigen-3.3/unsupported/test/cxx11_tensor_intdiv.cpp
[15.808s] -- Up-to-date: /home/rhobtor/PHD/ARGOJ8_IA/ARGOSJ8_IA_/install/ctl_mission/include/ctl_mission/Eigen-3.3/unsupported/test/cxx11_tensor_contract_cuda.cu
[15.808s] -- Up-to-date: /home/rhobtor/PHD/ARGOJ8_IA/ARGOSJ8_IA_/install/ctl_mission/include/ctl_mission/Eigen-3.3/unsupported/test/cxx11_tensor_casts.cpp
[15.808s] -- Up-to-date: /home/rhobtor/PHD/ARGOJ8_IA/ARGOSJ8_IA_/install/ctl_mission/include/ctl_mission/Eigen-3.3/unsupported/test/cxx11_tensor_padding.cpp
[15.808s] -- Up-to-date: /home/rhobtor/PHD/ARGOJ8_IA/ARGOSJ8_IA_/install/ctl_mission/include/ctl_mission/Eigen-3.3/unsupported/test/cxx11_tensor_custom_index.cpp
[15.808s] -- Up-to-date: /home/rhobtor/PHD/ARGOJ8_IA/ARGOSJ8_IA_/install/ctl_mission/include/ctl_mission/Eigen-3.3/unsupported/test/cxx11_tensor_roundings.cpp
[15.808s] -- Up-to-date: /home/rhobtor/PHD/ARGOJ8_IA/ARGOSJ8_IA_/install/ctl_mission/include/ctl_mission/Eigen-3.3/unsupported/test/cxx11_tensor_complex_cuda.cu
[15.808s] -- Up-to-date: /home/rhobtor/PHD/ARGOJ8_IA/ARGOSJ8_IA_/install/ctl_mission/include/ctl_mission/Eigen-3.3/unsupported/test/cxx11_tensor_scan.cpp
[15.808s] -- Up-to-date: /home/rhobtor/PHD/ARGOJ8_IA/ARGOSJ8_IA_/install/ctl_mission/include/ctl_mission/Eigen-3.3/unsupported/test/cxx11_tensor_morphing.cpp
[15.808s] -- Up-to-date: /home/rhobtor/PHD/ARGOJ8_IA/ARGOSJ8_IA_/install/ctl_mission/include/ctl_mission/Eigen-3.3/unsupported/test/cxx11_tensor_argmax_cuda.cu
[15.808s] -- Up-to-date: /home/rhobtor/PHD/ARGOJ8_IA/ARGOSJ8_IA_/install/ctl_mission/include/ctl_mission/Eigen-3.3/unsupported/test/cxx11_tensor_complex_cwise_ops_cuda.cu
[15.808s] -- Up-to-date: /home/rhobtor/PHD/ARGOJ8_IA/ARGOSJ8_IA_/install/ctl_mission/include/ctl_mission/Eigen-3.3/unsupported/test/matrix_function.cpp
[15.808s] -- Up-to-date: /home/rhobtor/PHD/ARGOJ8_IA/ARGOSJ8_IA_/install/ctl_mission/include/ctl_mission/Eigen-3.3/unsupported/test/cxx11_tensor_chipping.cpp
[15.808s] -- Up-to-date: /home/rhobtor/PHD/ARGOJ8_IA/ARGOSJ8_IA_/install/ctl_mission/include/ctl_mission/Eigen-3.3/unsupported/test/cxx11_tensor_lvalue.cpp
[15.809s] -- Up-to-date: /home/rhobtor/PHD/ARGOJ8_IA/ARGOSJ8_IA_/install/ctl_mission/include/ctl_mission/Eigen-3.3/unsupported/test/cxx11_tensor_contraction.cpp
[15.809s] -- Up-to-date: /home/rhobtor/PHD/ARGOJ8_IA/ARGOSJ8_IA_/install/ctl_mission/include/ctl_mission/Eigen-3.3/unsupported/test/cxx11_tensor_notification.cpp
[15.809s] -- Up-to-date: /home/rhobtor/PHD/ARGOJ8_IA/ARGOSJ8_IA_/install/ctl_mission/include/ctl_mission/Eigen-3.3/unsupported/test/cxx11_tensor_patch.cpp
[15.809s] -- Up-to-date: /home/rhobtor/PHD/ARGOJ8_IA/ARGOSJ8_IA_/install/ctl_mission/include/ctl_mission/Eigen-3.3/unsupported/test/cxx11_tensor_custom_op.cpp
[15.809s] -- Up-to-date: /home/rhobtor/PHD/ARGOJ8_IA/ARGOSJ8_IA_/install/ctl_mission/include/ctl_mission/Eigen-3.3/unsupported/test/cxx11_tensor_mixed_indices.cpp
[15.809s] -- Up-to-date: /home/rhobtor/PHD/ARGOJ8_IA/ARGOSJ8_IA_/install/ctl_mission/include/ctl_mission/Eigen-3.3/unsupported/test/cxx11_tensor_comparisons.cpp
[15.809s] -- Up-to-date: /home/rhobtor/PHD/ARGOJ8_IA/ARGOSJ8_IA_/install/ctl_mission/include/ctl_mission/Eigen-3.3/unsupported/test/cxx11_runqueue.cpp
[15.809s] -- Up-to-date: /home/rhobtor/PHD/ARGOJ8_IA/ARGOSJ8_IA_/install/ctl_mission/include/ctl_mission/Eigen-3.3/unsupported/test/cxx11_tensor_concatenation.cpp
[15.809s] -- Up-to-date: /home/rhobtor/PHD/ARGOJ8_IA/ARGOSJ8_IA_/install/ctl_mission/include/ctl_mission/Eigen-3.3/unsupported/test/cxx11_tensor_inflation.cpp
[15.809s] -- Up-to-date: /home/rhobtor/PHD/ARGOJ8_IA/ARGOSJ8_IA_/install/ctl_mission/include/ctl_mission/Eigen-3.3/unsupported/test/special_functions.cpp
[15.809s] -- Up-to-date: /home/rhobtor/PHD/ARGOJ8_IA/ARGOSJ8_IA_/install/ctl_mission/include/ctl_mission/Eigen-3.3/unsupported/test/cxx11_eventcount.cpp
[15.809s] -- Up-to-date: /home/rhobtor/PHD/ARGOJ8_IA/ARGOSJ8_IA_/install/ctl_mission/include/ctl_mission/Eigen-3.3/unsupported/test/cxx11_tensor_map.cpp
[15.809s] -- Up-to-date: /home/rhobtor/PHD/ARGOJ8_IA/ARGOSJ8_IA_/install/ctl_mission/include/ctl_mission/Eigen-3.3/unsupported/test/EulerAngles.cpp
[15.809s] -- Up-to-date: /home/rhobtor/PHD/ARGOJ8_IA/ARGOSJ8_IA_/install/ctl_mission/include/ctl_mission/Eigen-3.3/unsupported/test/cxx11_tensor_dimension.cpp
[15.809s] -- Up-to-date: /home/rhobtor/PHD/ARGOJ8_IA/ARGOSJ8_IA_/install/ctl_mission/include/ctl_mission/Eigen-3.3/unsupported/test/cxx11_tensor_empty.cpp
[15.809s] -- Up-to-date: /home/rhobtor/PHD/ARGOJ8_IA/ARGOSJ8_IA_/install/ctl_mission/include/ctl_mission/Eigen-3.3/unsupported/test/dgmres.cpp
[15.809s] -- Up-to-date: /home/rhobtor/PHD/ARGOJ8_IA/ARGOSJ8_IA_/install/ctl_mission/include/ctl_mission/Eigen-3.3/unsupported/test/cxx11_tensor_reduction_cuda.cu
[15.809s] -- Up-to-date: /home/rhobtor/PHD/ARGOJ8_IA/ARGOSJ8_IA_/install/ctl_mission/include/ctl_mission/Eigen-3.3/unsupported/test/cxx11_tensor_argmax.cpp
[15.809s] -- Up-to-date: /home/rhobtor/PHD/ARGOJ8_IA/ARGOSJ8_IA_/install/ctl_mission/include/ctl_mission/Eigen-3.3/unsupported/test/kronecker_product.cpp
[15.809s] -- Up-to-date: /home/rhobtor/PHD/ARGOJ8_IA/ARGOSJ8_IA_/install/ctl_mission/include/ctl_mission/Eigen-3.3/unsupported/test/cxx11_tensor_device_sycl.cpp
[15.809s] -- Up-to-date: /home/rhobtor/PHD/ARGOJ8_IA/ARGOSJ8_IA_/install/ctl_mission/include/ctl_mission/Eigen-3.3/unsupported/test/cxx11_tensor_of_const_values.cpp
[15.809s] -- Up-to-date: /home/rhobtor/PHD/ARGOJ8_IA/ARGOSJ8_IA_/install/ctl_mission/include/ctl_mission/Eigen-3.3/unsupported/README.txt
[15.809s] -- Up-to-date: /home/rhobtor/PHD/ARGOJ8_IA/ARGOSJ8_IA_/install/ctl_mission/include/ctl_mission/Eigen-3.3/unsupported/doc
[15.809s] -- Up-to-date: /home/rhobtor/PHD/ARGOJ8_IA/ARGOSJ8_IA_/install/ctl_mission/include/ctl_mission/Eigen-3.3/unsupported/doc/Overview.dox
[15.810s] -- Up-to-date: /home/rhobtor/PHD/ARGOJ8_IA/ARGOSJ8_IA_/install/ctl_mission/include/ctl_mission/Eigen-3.3/unsupported/doc/CMakeLists.txt
[15.810s] -- Up-to-date: /home/rhobtor/PHD/ARGOJ8_IA/ARGOSJ8_IA_/install/ctl_mission/include/ctl_mission/Eigen-3.3/unsupported/doc/examples
[15.810s] -- Up-to-date: /home/rhobtor/PHD/ARGOJ8_IA/ARGOSJ8_IA_/install/ctl_mission/include/ctl_mission/Eigen-3.3/unsupported/doc/examples/FFT.cpp
[15.810s] -- Up-to-date: /home/rhobtor/PHD/ARGOJ8_IA/ARGOSJ8_IA_/install/ctl_mission/include/ctl_mission/Eigen-3.3/unsupported/doc/examples/MatrixSinh.cpp
[15.810s] -- Up-to-date: /home/rhobtor/PHD/ARGOJ8_IA/ARGOSJ8_IA_/install/ctl_mission/include/ctl_mission/Eigen-3.3/unsupported/doc/examples/MatrixSquareRoot.cpp
[15.810s] -- Up-to-date: /home/rhobtor/PHD/ARGOJ8_IA/ARGOSJ8_IA_/install/ctl_mission/include/ctl_mission/Eigen-3.3/unsupported/doc/examples/MatrixSine.cpp
[15.810s] -- Up-to-date: /home/rhobtor/PHD/ARGOJ8_IA/ARGOSJ8_IA_/install/ctl_mission/include/ctl_mission/Eigen-3.3/unsupported/doc/examples/MatrixPower_optimal.cpp
[15.810s] -- Up-to-date: /home/rhobtor/PHD/ARGOJ8_IA/ARGOSJ8_IA_/install/ctl_mission/include/ctl_mission/Eigen-3.3/unsupported/doc/examples/BVH_Example.cpp
[15.810s] -- Up-to-date: /home/rhobtor/PHD/ARGOJ8_IA/ARGOSJ8_IA_/install/ctl_mission/include/ctl_mission/Eigen-3.3/unsupported/doc/examples/CMakeLists.txt
[15.810s] -- Up-to-date: /home/rhobtor/PHD/ARGOJ8_IA/ARGOSJ8_IA_/install/ctl_mission/include/ctl_mission/Eigen-3.3/unsupported/doc/examples/MatrixLogarithm.cpp
[15.810s] -- Up-to-date: /home/rhobtor/PHD/ARGOJ8_IA/ARGOSJ8_IA_/install/ctl_mission/include/ctl_mission/Eigen-3.3/unsupported/doc/examples/MatrixFunction.cpp
[15.810s] -- Up-to-date: /home/rhobtor/PHD/ARGOJ8_IA/ARGOSJ8_IA_/install/ctl_mission/include/ctl_mission/Eigen-3.3/unsupported/doc/examples/PolynomialUtils1.cpp
[15.810s] -- Up-to-date: /home/rhobtor/PHD/ARGOJ8_IA/ARGOSJ8_IA_/install/ctl_mission/include/ctl_mission/Eigen-3.3/unsupported/doc/examples/MatrixExponential.cpp
[15.810s] -- Up-to-date: /home/rhobtor/PHD/ARGOJ8_IA/ARGOSJ8_IA_/install/ctl_mission/include/ctl_mission/Eigen-3.3/unsupported/doc/examples/EulerAngles.cpp
[15.810s] -- Up-to-date: /home/rhobtor/PHD/ARGOJ8_IA/ARGOSJ8_IA_/install/ctl_mission/include/ctl_mission/Eigen-3.3/unsupported/doc/examples/MatrixPower.cpp
[15.810s] -- Up-to-date: /home/rhobtor/PHD/ARGOJ8_IA/ARGOSJ8_IA_/install/ctl_mission/include/ctl_mission/Eigen-3.3/unsupported/doc/examples/PolynomialSolver1.cpp
[15.810s] -- Up-to-date: /home/rhobtor/PHD/ARGOJ8_IA/ARGOSJ8_IA_/install/ctl_mission/include/ctl_mission/Eigen-3.3/unsupported/doc/snippets
[15.810s] -- Up-to-date: /home/rhobtor/PHD/ARGOJ8_IA/ARGOSJ8_IA_/install/ctl_mission/include/ctl_mission/Eigen-3.3/unsupported/doc/snippets/CMakeLists.txt
[15.810s] -- Up-to-date: /home/rhobtor/PHD/ARGOJ8_IA/ARGOSJ8_IA_/install/ctl_mission/include/ctl_mission/Eigen-3.3/unsupported/doc/eigendoxy_layout.xml.in
[15.810s] -- Up-to-date: /home/rhobtor/PHD/ARGOJ8_IA/ARGOSJ8_IA_/install/ctl_mission/include/ctl_mission/Eigen-3.3/unsupported/bench
[15.810s] -- Up-to-date: /home/rhobtor/PHD/ARGOJ8_IA/ARGOSJ8_IA_/install/ctl_mission/include/ctl_mission/Eigen-3.3/unsupported/bench/bench_svd.cpp
[15.810s] -- Up-to-date: /home/rhobtor/PHD/ARGOJ8_IA/ARGOSJ8_IA_/install/ctl_mission/include/ctl_mission/Eigen-3.3/unsupported/Eigen
[15.810s] -- Up-to-date: /home/rhobtor/PHD/ARGOJ8_IA/ARGOSJ8_IA_/install/ctl_mission/include/ctl_mission/Eigen-3.3/unsupported/Eigen/Polynomials
[15.811s] -- Up-to-date: /home/rhobtor/PHD/ARGOJ8_IA/ARGOSJ8_IA_/install/ctl_mission/include/ctl_mission/Eigen-3.3/unsupported/Eigen/ArpackSupport
[15.811s] -- Up-to-date: /home/rhobtor/PHD/ARGOJ8_IA/ARGOSJ8_IA_/install/ctl_mission/include/ctl_mission/Eigen-3.3/unsupported/Eigen/src
[15.811s] -- Up-to-date: /home/rhobtor/PHD/ARGOJ8_IA/ARGOSJ8_IA_/install/ctl_mission/include/ctl_mission/Eigen-3.3/unsupported/Eigen/src/Polynomials
[15.811s] -- Up-to-date: /home/rhobtor/PHD/ARGOJ8_IA/ARGOSJ8_IA_/install/ctl_mission/include/ctl_mission/Eigen-3.3/unsupported/Eigen/src/Polynomials/Companion.h
[15.811s] -- Up-to-date: /home/rhobtor/PHD/ARGOJ8_IA/ARGOSJ8_IA_/install/ctl_mission/include/ctl_mission/Eigen-3.3/unsupported/Eigen/src/Polynomials/PolynomialSolver.h
[15.811s] -- Up-to-date: /home/rhobtor/PHD/ARGOJ8_IA/ARGOSJ8_IA_/install/ctl_mission/include/ctl_mission/Eigen-3.3/unsupported/Eigen/src/Polynomials/PolynomialUtils.h
[15.811s] -- Up-to-date: /home/rhobtor/PHD/ARGOJ8_IA/ARGOSJ8_IA_/install/ctl_mission/include/ctl_mission/Eigen-3.3/unsupported/Eigen/src/KroneckerProduct
[15.811s] -- Up-to-date: /home/rhobtor/PHD/ARGOJ8_IA/ARGOSJ8_IA_/install/ctl_mission/include/ctl_mission/Eigen-3.3/unsupported/Eigen/src/KroneckerProduct/KroneckerTensorProduct.h
[15.811s] -- Up-to-date: /home/rhobtor/PHD/ARGOJ8_IA/ARGOSJ8_IA_/install/ctl_mission/include/ctl_mission/Eigen-3.3/unsupported/Eigen/src/LevenbergMarquardt
[15.811s] -- Up-to-date: /home/rhobtor/PHD/ARGOJ8_IA/ARGOSJ8_IA_/install/ctl_mission/include/ctl_mission/Eigen-3.3/unsupported/Eigen/src/LevenbergMarquardt/LMonestep.h
[15.811s] -- Up-to-date: /home/rhobtor/PHD/ARGOJ8_IA/ARGOSJ8_IA_/install/ctl_mission/include/ctl_mission/Eigen-3.3/unsupported/Eigen/src/LevenbergMarquardt/LevenbergMarquardt.h
[15.811s] -- Up-to-date: /home/rhobtor/PHD/ARGOJ8_IA/ARGOSJ8_IA_/install/ctl_mission/include/ctl_mission/Eigen-3.3/unsupported/Eigen/src/LevenbergMarquardt/CopyrightMINPACK.txt
[15.811s] -- Up-to-date: /home/rhobtor/PHD/ARGOJ8_IA/ARGOSJ8_IA_/install/ctl_mission/include/ctl_mission/Eigen-3.3/unsupported/Eigen/src/LevenbergMarquardt/LMpar.h
[15.811s] -- Up-to-date: /home/rhobtor/PHD/ARGOJ8_IA/ARGOSJ8_IA_/install/ctl_mission/include/ctl_mission/Eigen-3.3/unsupported/Eigen/src/LevenbergMarquardt/LMcovar.h
[15.811s] -- Up-to-date: /home/rhobtor/PHD/ARGOJ8_IA/ARGOSJ8_IA_/install/ctl_mission/include/ctl_mission/Eigen-3.3/unsupported/Eigen/src/LevenbergMarquardt/LMqrsolv.h
[15.811s] -- Up-to-date: /home/rhobtor/PHD/ARGOJ8_IA/ARGOSJ8_IA_/install/ctl_mission/include/ctl_mission/Eigen-3.3/unsupported/Eigen/src/SpecialFunctions
[15.811s] -- Up-to-date: /home/rhobtor/PHD/ARGOJ8_IA/ARGOSJ8_IA_/install/ctl_mission/include/ctl_mission/Eigen-3.3/unsupported/Eigen/src/SpecialFunctions/SpecialFunctionsImpl.h
[15.811s] -- Up-to-date: /home/rhobtor/PHD/ARGOJ8_IA/ARGOSJ8_IA_/install/ctl_mission/include/ctl_mission/Eigen-3.3/unsupported/Eigen/src/SpecialFunctions/SpecialFunctionsHalf.h
[15.811s] -- Up-to-date: /home/rhobtor/PHD/ARGOJ8_IA/ARGOSJ8_IA_/install/ctl_mission/include/ctl_mission/Eigen-3.3/unsupported/Eigen/src/SpecialFunctions/SpecialFunctionsArrayAPI.h
[15.811s] -- Up-to-date: /home/rhobtor/PHD/ARGOJ8_IA/ARGOSJ8_IA_/install/ctl_mission/include/ctl_mission/Eigen-3.3/unsupported/Eigen/src/SpecialFunctions/SpecialFunctionsFunctors.h
[15.811s] -- Up-to-date: /home/rhobtor/PHD/ARGOJ8_IA/ARGOSJ8_IA_/install/ctl_mission/include/ctl_mission/Eigen-3.3/unsupported/Eigen/src/SpecialFunctions/SpecialFunctionsPacketMath.h
[15.812s] -- Up-to-date: /home/rhobtor/PHD/ARGOJ8_IA/ARGOSJ8_IA_/install/ctl_mission/include/ctl_mission/Eigen-3.3/unsupported/Eigen/src/SpecialFunctions/arch
[15.812s] -- Up-to-date: /home/rhobtor/PHD/ARGOJ8_IA/ARGOSJ8_IA_/install/ctl_mission/include/ctl_mission/Eigen-3.3/unsupported/Eigen/src/SpecialFunctions/arch/CUDA
[15.812s] -- Up-to-date: /home/rhobtor/PHD/ARGOJ8_IA/ARGOSJ8_IA_/install/ctl_mission/include/ctl_mission/Eigen-3.3/unsupported/Eigen/src/SpecialFunctions/arch/CUDA/CudaSpecialFunctions.h
[15.812s] -- Up-to-date: /home/rhobtor/PHD/ARGOJ8_IA/ARGOSJ8_IA_/install/ctl_mission/include/ctl_mission/Eigen-3.3/unsupported/Eigen/src/IterativeSolvers
[15.812s] -- Up-to-date: /home/rhobtor/PHD/ARGOJ8_IA/ARGOSJ8_IA_/install/ctl_mission/include/ctl_mission/Eigen-3.3/unsupported/Eigen/src/IterativeSolvers/ConstrainedConjGrad.h
[15.812s] -- Up-to-date: /home/rhobtor/PHD/ARGOJ8_IA/ARGOSJ8_IA_/install/ctl_mission/include/ctl_mission/Eigen-3.3/unsupported/Eigen/src/IterativeSolvers/IterationController.h
[15.812s] -- Up-to-date: /home/rhobtor/PHD/ARGOJ8_IA/ARGOSJ8_IA_/install/ctl_mission/include/ctl_mission/Eigen-3.3/unsupported/Eigen/src/IterativeSolvers/IncompleteLU.h
[15.812s] -- Up-to-date: /home/rhobtor/PHD/ARGOJ8_IA/ARGOSJ8_IA_/install/ctl_mission/include/ctl_mission/Eigen-3.3/unsupported/Eigen/src/IterativeSolvers/Scaling.h
[15.812s] -- Up-to-date: /home/rhobtor/PHD/ARGOJ8_IA/ARGOSJ8_IA_/install/ctl_mission/include/ctl_mission/Eigen-3.3/unsupported/Eigen/src/IterativeSolvers/MINRES.h
[15.812s] -- Up-to-date: /home/rhobtor/PHD/ARGOJ8_IA/ARGOSJ8_IA_/install/ctl_mission/include/ctl_mission/Eigen-3.3/unsupported/Eigen/src/IterativeSolvers/DGMRES.h
[15.812s] -- Up-to-date: /home/rhobtor/PHD/ARGOJ8_IA/ARGOSJ8_IA_/install/ctl_mission/include/ctl_mission/Eigen-3.3/unsupported/Eigen/src/IterativeSolvers/GMRES.h
[15.812s] -- Up-to-date: /home/rhobtor/PHD/ARGOJ8_IA/ARGOSJ8_IA_/install/ctl_mission/include/ctl_mission/Eigen-3.3/unsupported/Eigen/src/AutoDiff
[15.812s] -- Up-to-date: /home/rhobtor/PHD/ARGOJ8_IA/ARGOSJ8_IA_/install/ctl_mission/include/ctl_mission/Eigen-3.3/unsupported/Eigen/src/AutoDiff/AutoDiffVector.h
[15.812s] -- Up-to-date: /home/rhobtor/PHD/ARGOJ8_IA/ARGOSJ8_IA_/install/ctl_mission/include/ctl_mission/Eigen-3.3/unsupported/Eigen/src/AutoDiff/AutoDiffScalar.h
[15.812s] -- Up-to-date: /home/rhobtor/PHD/ARGOJ8_IA/ARGOSJ8_IA_/install/ctl_mission/include/ctl_mission/Eigen-3.3/unsupported/Eigen/src/AutoDiff/AutoDiffJacobian.h
[15.812s] -- Up-to-date: /home/rhobtor/PHD/ARGOJ8_IA/ARGOSJ8_IA_/install/ctl_mission/include/ctl_mission/Eigen-3.3/unsupported/Eigen/src/MoreVectorization
[15.812s] -- Up-to-date: /home/rhobtor/PHD/ARGOJ8_IA/ARGOSJ8_IA_/install/ctl_mission/include/ctl_mission/Eigen-3.3/unsupported/Eigen/src/MoreVectorization/MathFunctions.h
[15.812s] -- Up-to-date: /home/rhobtor/PHD/ARGOJ8_IA/ARGOSJ8_IA_/install/ctl_mission/include/ctl_mission/Eigen-3.3/unsupported/Eigen/src/Skyline
[15.812s] -- Up-to-date: /home/rhobtor/PHD/ARGOJ8_IA/ARGOSJ8_IA_/install/ctl_mission/include/ctl_mission/Eigen-3.3/unsupported/Eigen/src/Skyline/SkylineInplaceLU.h
[15.813s] -- Up-to-date: /home/rhobtor/PHD/ARGOJ8_IA/ARGOSJ8_IA_/install/ctl_mission/include/ctl_mission/Eigen-3.3/unsupported/Eigen/src/Skyline/SkylineMatrixBase.h
[15.813s] -- Up-to-date: /home/rhobtor/PHD/ARGOJ8_IA/ARGOSJ8_IA_/install/ctl_mission/include/ctl_mission/Eigen-3.3/unsupported/Eigen/src/Skyline/SkylineUtil.h
[15.813s] -- Up-to-date: /home/rhobtor/PHD/ARGOJ8_IA/ARGOSJ8_IA_/install/ctl_mission/include/ctl_mission/Eigen-3.3/unsupported/Eigen/src/Skyline/SkylineProduct.h
[15.813s] -- Up-to-date: /home/rhobtor/PHD/ARGOJ8_IA/ARGOSJ8_IA_/install/ctl_mission/include/ctl_mission/Eigen-3.3/unsupported/Eigen/src/Skyline/SkylineStorage.h
[15.813s] -- Up-to-date: /home/rhobtor/PHD/ARGOJ8_IA/ARGOSJ8_IA_/install/ctl_mission/include/ctl_mission/Eigen-3.3/unsupported/Eigen/src/Skyline/SkylineMatrix.h
[15.813s] -- Up-to-date: /home/rhobtor/PHD/ARGOJ8_IA/ARGOSJ8_IA_/install/ctl_mission/include/ctl_mission/Eigen-3.3/unsupported/Eigen/src/SparseExtra
[15.813s] -- Up-to-date: /home/rhobtor/PHD/ARGOJ8_IA/ARGOSJ8_IA_/install/ctl_mission/include/ctl_mission/Eigen-3.3/unsupported/Eigen/src/SparseExtra/RandomSetter.h
[15.813s] -- Up-to-date: /home/rhobtor/PHD/ARGOJ8_IA/ARGOSJ8_IA_/install/ctl_mission/include/ctl_mission/Eigen-3.3/unsupported/Eigen/src/SparseExtra/MarketIO.h
[15.813s] -- Up-to-date: /home/rhobtor/PHD/ARGOJ8_IA/ARGOSJ8_IA_/install/ctl_mission/include/ctl_mission/Eigen-3.3/unsupported/Eigen/src/SparseExtra/BlockSparseMatrix.h
[15.813s] -- Up-to-date: /home/rhobtor/PHD/ARGOJ8_IA/ARGOSJ8_IA_/install/ctl_mission/include/ctl_mission/Eigen-3.3/unsupported/Eigen/src/SparseExtra/MatrixMarketIterator.h
[15.813s] -- Up-to-date: /home/rhobtor/PHD/ARGOJ8_IA/ARGOSJ8_IA_/install/ctl_mission/include/ctl_mission/Eigen-3.3/unsupported/Eigen/src/SparseExtra/DynamicSparseMatrix.h
[15.813s] -- Up-to-date: /home/rhobtor/PHD/ARGOJ8_IA/ARGOSJ8_IA_/install/ctl_mission/include/ctl_mission/Eigen-3.3/unsupported/Eigen/src/SparseExtra/BlockOfDynamicSparseMatrix.h
[15.813s] -- Up-to-date: /home/rhobtor/PHD/ARGOJ8_IA/ARGOSJ8_IA_/install/ctl_mission/include/ctl_mission/Eigen-3.3/unsupported/Eigen/src/NumericalDiff
[15.813s] -- Up-to-date: /home/rhobtor/PHD/ARGOJ8_IA/ARGOSJ8_IA_/install/ctl_mission/include/ctl_mission/Eigen-3.3/unsupported/Eigen/src/NumericalDiff/NumericalDiff.h
[15.813s] -- Up-to-date: /home/rhobtor/PHD/ARGOJ8_IA/ARGOSJ8_IA_/install/ctl_mission/include/ctl_mission/Eigen-3.3/unsupported/Eigen/src/NonLinearOptimization
[15.813s] -- Up-to-date: /home/rhobtor/PHD/ARGOJ8_IA/ARGOSJ8_IA_/install/ctl_mission/include/ctl_mission/Eigen-3.3/unsupported/Eigen/src/NonLinearOptimization/lmpar.h
[15.813s] -- Up-to-date: /home/rhobtor/PHD/ARGOJ8_IA/ARGOSJ8_IA_/install/ctl_mission/include/ctl_mission/Eigen-3.3/unsupported/Eigen/src/NonLinearOptimization/covar.h
[15.813s] -- Up-to-date: /home/rhobtor/PHD/ARGOJ8_IA/ARGOSJ8_IA_/install/ctl_mission/include/ctl_mission/Eigen-3.3/unsupported/Eigen/src/NonLinearOptimization/r1updt.h
[15.814s] -- Up-to-date: /home/rhobtor/PHD/ARGOJ8_IA/ARGOSJ8_IA_/install/ctl_mission/include/ctl_mission/Eigen-3.3/unsupported/Eigen/src/NonLinearOptimization/rwupdt.h
[15.814s] -- Up-to-date: /home/rhobtor/PHD/ARGOJ8_IA/ARGOSJ8_IA_/install/ctl_mission/include/ctl_mission/Eigen-3.3/unsupported/Eigen/src/NonLinearOptimization/chkder.h
[15.814s] -- Up-to-date: /home/rhobtor/PHD/ARGOJ8_IA/ARGOSJ8_IA_/install/ctl_mission/include/ctl_mission/Eigen-3.3/unsupported/Eigen/src/NonLinearOptimization/LevenbergMarquardt.h
[15.814s] -- Up-to-date: /home/rhobtor/PHD/ARGOJ8_IA/ARGOSJ8_IA_/install/ctl_mission/include/ctl_mission/Eigen-3.3/unsupported/Eigen/src/NonLinearOptimization/dogleg.h
[15.814s] -- Up-to-date: /home/rhobtor/PHD/ARGOJ8_IA/ARGOSJ8_IA_/install/ctl_mission/include/ctl_mission/Eigen-3.3/unsupported/Eigen/src/NonLinearOptimization/r1mpyq.h
[15.814s] -- Up-to-date: /home/rhobtor/PHD/ARGOJ8_IA/ARGOSJ8_IA_/install/ctl_mission/include/ctl_mission/Eigen-3.3/unsupported/Eigen/src/NonLinearOptimization/qrsolv.h
[15.814s] -- Up-to-date: /home/rhobtor/PHD/ARGOJ8_IA/ARGOSJ8_IA_/install/ctl_mission/include/ctl_mission/Eigen-3.3/unsupported/Eigen/src/NonLinearOptimization/HybridNonLinearSolver.h
[15.814s] -- Up-to-date: /home/rhobtor/PHD/ARGOJ8_IA/ARGOSJ8_IA_/install/ctl_mission/include/ctl_mission/Eigen-3.3/unsupported/Eigen/src/NonLinearOptimization/fdjac1.h
[15.814s] -- Up-to-date: /home/rhobtor/PHD/ARGOJ8_IA/ARGOSJ8_IA_/install/ctl_mission/include/ctl_mission/Eigen-3.3/unsupported/Eigen/src/MatrixFunctions
[15.814s] -- Up-to-date: /home/rhobtor/PHD/ARGOJ8_IA/ARGOSJ8_IA_/install/ctl_mission/include/ctl_mission/Eigen-3.3/unsupported/Eigen/src/MatrixFunctions/MatrixSquareRoot.h
[15.814s] -- Up-to-date: /home/rhobtor/PHD/ARGOJ8_IA/ARGOSJ8_IA_/install/ctl_mission/include/ctl_mission/Eigen-3.3/unsupported/Eigen/src/MatrixFunctions/MatrixFunction.h
[15.814s] -- Up-to-date: /home/rhobtor/PHD/ARGOJ8_IA/ARGOSJ8_IA_/install/ctl_mission/include/ctl_mission/Eigen-3.3/unsupported/Eigen/src/MatrixFunctions/StemFunction.h
[15.814s] -- Up-to-date: /home/rhobtor/PHD/ARGOJ8_IA/ARGOSJ8_IA_/install/ctl_mission/include/ctl_mission/Eigen-3.3/unsupported/Eigen/src/MatrixFunctions/MatrixExponential.h
[15.814s] -- Up-to-date: /home/rhobtor/PHD/ARGOJ8_IA/ARGOSJ8_IA_/install/ctl_mission/include/ctl_mission/Eigen-3.3/unsupported/Eigen/src/MatrixFunctions/MatrixLogarithm.h
[15.814s] -- Up-to-date: /home/rhobtor/PHD/ARGOJ8_IA/ARGOSJ8_IA_/install/ctl_mission/include/ctl_mission/Eigen-3.3/unsupported/Eigen/src/MatrixFunctions/MatrixPower.h
[15.814s] -- Up-to-date: /home/rhobtor/PHD/ARGOJ8_IA/ARGOSJ8_IA_/install/ctl_mission/include/ctl_mission/Eigen-3.3/unsupported/Eigen/src/FFT
[15.814s] -- Up-to-date: /home/rhobtor/PHD/ARGOJ8_IA/ARGOSJ8_IA_/install/ctl_mission/include/ctl_mission/Eigen-3.3/unsupported/Eigen/src/FFT/ei_kissfft_impl.h
[15.814s] -- Up-to-date: /home/rhobtor/PHD/ARGOJ8_IA/ARGOSJ8_IA_/install/ctl_mission/include/ctl_mission/Eigen-3.3/unsupported/Eigen/src/FFT/ei_fftw_impl.h
[15.815s] -- Up-to-date: /home/rhobtor/PHD/ARGOJ8_IA/ARGOSJ8_IA_/install/ctl_mission/include/ctl_mission/Eigen-3.3/unsupported/Eigen/src/BVH
[15.815s] -- Up-to-date: /home/rhobtor/PHD/ARGOJ8_IA/ARGOSJ8_IA_/install/ctl_mission/include/ctl_mission/Eigen-3.3/unsupported/Eigen/src/BVH/BVAlgorithms.h
[15.815s] -- Up-to-date: /home/rhobtor/PHD/ARGOJ8_IA/ARGOSJ8_IA_/install/ctl_mission/include/ctl_mission/Eigen-3.3/unsupported/Eigen/src/BVH/KdBVH.h
[15.815s] -- Up-to-date: /home/rhobtor/PHD/ARGOJ8_IA/ARGOSJ8_IA_/install/ctl_mission/include/ctl_mission/Eigen-3.3/unsupported/Eigen/src/Eigenvalues
[15.815s] -- Up-to-date: /home/rhobtor/PHD/ARGOJ8_IA/ARGOSJ8_IA_/install/ctl_mission/include/ctl_mission/Eigen-3.3/unsupported/Eigen/src/Eigenvalues/ArpackSelfAdjointEigenSolver.h
[15.815s] -- Up-to-date: /home/rhobtor/PHD/ARGOJ8_IA/ARGOSJ8_IA_/install/ctl_mission/include/ctl_mission/Eigen-3.3/unsupported/Eigen/src/Splines
[15.815s] -- Up-to-date: /home/rhobtor/PHD/ARGOJ8_IA/ARGOSJ8_IA_/install/ctl_mission/include/ctl_mission/Eigen-3.3/unsupported/Eigen/src/Splines/SplineFitting.h
[15.815s] -- Up-to-date: /home/rhobtor/PHD/ARGOJ8_IA/ARGOSJ8_IA_/install/ctl_mission/include/ctl_mission/Eigen-3.3/unsupported/Eigen/src/Splines/SplineFwd.h
[15.815s] -- Up-to-date: /home/rhobtor/PHD/ARGOJ8_IA/ARGOSJ8_IA_/install/ctl_mission/include/ctl_mission/Eigen-3.3/unsupported/Eigen/src/Splines/Spline.h
[15.815s] -- Up-to-date: /home/rhobtor/PHD/ARGOJ8_IA/ARGOSJ8_IA_/install/ctl_mission/include/ctl_mission/Eigen-3.3/unsupported/Eigen/src/EulerAngles
[15.815s] -- Up-to-date: /home/rhobtor/PHD/ARGOJ8_IA/ARGOSJ8_IA_/install/ctl_mission/include/ctl_mission/Eigen-3.3/unsupported/Eigen/src/EulerAngles/EulerSystem.h
[15.815s] -- Up-to-date: /home/rhobtor/PHD/ARGOJ8_IA/ARGOSJ8_IA_/install/ctl_mission/include/ctl_mission/Eigen-3.3/unsupported/Eigen/src/EulerAngles/CMakeLists.txt
[15.815s] -- Up-to-date: /home/rhobtor/PHD/ARGOJ8_IA/ARGOSJ8_IA_/install/ctl_mission/include/ctl_mission/Eigen-3.3/unsupported/Eigen/src/EulerAngles/EulerAngles.h
[15.815s] -- Up-to-date: /home/rhobtor/PHD/ARGOJ8_IA/ARGOSJ8_IA_/install/ctl_mission/include/ctl_mission/Eigen-3.3/unsupported/Eigen/AdolcForward
[15.815s] -- Up-to-date: /home/rhobtor/PHD/ARGOJ8_IA/ARGOSJ8_IA_/install/ctl_mission/include/ctl_mission/Eigen-3.3/unsupported/Eigen/CXX11
[15.815s] -- Up-to-date: /home/rhobtor/PHD/ARGOJ8_IA/ARGOSJ8_IA_/install/ctl_mission/include/ctl_mission/Eigen-3.3/unsupported/Eigen/CXX11/src
[15.815s] -- Up-to-date: /home/rhobtor/PHD/ARGOJ8_IA/ARGOSJ8_IA_/install/ctl_mission/include/ctl_mission/Eigen-3.3/unsupported/Eigen/CXX11/src/Tensor
[15.815s] -- Up-to-date: /home/rhobtor/PHD/ARGOJ8_IA/ARGOSJ8_IA_/install/ctl_mission/include/ctl_mission/Eigen-3.3/unsupported/Eigen/CXX11/src/Tensor/TensorRandom.h
[15.815s] -- Up-to-date: /home/rhobtor/PHD/ARGOJ8_IA/ARGOSJ8_IA_/install/ctl_mission/include/ctl_mission/Eigen-3.3/unsupported/Eigen/CXX11/src/Tensor/TensorMacros.h
[15.815s] -- Up-to-date: /home/rhobtor/PHD/ARGOJ8_IA/ARGOSJ8_IA_/install/ctl_mission/include/ctl_mission/Eigen-3.3/unsupported/Eigen/CXX11/src/Tensor/TensorDeviceCuda.h
[15.815s] -- Up-to-date: /home/rhobtor/PHD/ARGOJ8_IA/ARGOSJ8_IA_/install/ctl_mission/include/ctl_mission/Eigen-3.3/unsupported/Eigen/CXX11/src/Tensor/TensorTraits.h
[15.815s] -- Up-to-date: /home/rhobtor/PHD/ARGOJ8_IA/ARGOSJ8_IA_/install/ctl_mission/include/ctl_mission/Eigen-3.3/unsupported/Eigen/CXX11/src/Tensor/TensorMap.h
[15.815s] -- Up-to-date: /home/rhobtor/PHD/ARGOJ8_IA/ARGOSJ8_IA_/install/ctl_mission/include/ctl_mission/Eigen-3.3/unsupported/Eigen/CXX11/src/Tensor/TensorForcedEval.h
[15.815s] -- Up-to-date: /home/rhobtor/PHD/ARGOJ8_IA/ARGOSJ8_IA_/install/ctl_mission/include/ctl_mission/Eigen-3.3/unsupported/Eigen/CXX11/src/Tensor/TensorDeviceDefault.h
[15.816s] -- Up-to-date: /home/rhobtor/PHD/ARGOJ8_IA/ARGOSJ8_IA_/install/ctl_mission/include/ctl_mission/Eigen-3.3/unsupported/Eigen/CXX11/src/Tensor/TensorIO.h
[15.816s] -- Up-to-date: /home/rhobtor/PHD/ARGOJ8_IA/ARGOSJ8_IA_/install/ctl_mission/include/ctl_mission/Eigen-3.3/unsupported/Eigen/CXX11/src/Tensor/TensorSyclLeafCount.h
[15.816s] -- Up-to-date: /home/rhobtor/PHD/ARGOJ8_IA/ARGOSJ8_IA_/install/ctl_mission/include/ctl_mission/Eigen-3.3/unsupported/Eigen/CXX11/src/Tensor/TensorFixedSize.h
[15.816s] -- Up-to-date: /home/rhobtor/PHD/ARGOJ8_IA/ARGOSJ8_IA_/install/ctl_mission/include/ctl_mission/Eigen-3.3/unsupported/Eigen/CXX11/src/Tensor/TensorDimensionList.h
[15.816s] -- Up-to-date: /home/rhobtor/PHD/ARGOJ8_IA/ARGOSJ8_IA_/install/ctl_mission/include/ctl_mission/Eigen-3.3/unsupported/Eigen/CXX11/src/Tensor/TensorIntDiv.h
[15.816s] -- Up-to-date: /home/rhobtor/PHD/ARGOJ8_IA/ARGOSJ8_IA_/install/ctl_mission/include/ctl_mission/Eigen-3.3/unsupported/Eigen/CXX11/src/Tensor/TensorDevice.h
[15.816s] -- Up-to-date: /home/rhobtor/PHD/ARGOJ8_IA/ARGOSJ8_IA_/install/ctl_mission/include/ctl_mission/Eigen-3.3/unsupported/Eigen/CXX11/src/Tensor/TensorContractionMapper.h
[15.816s] -- Up-to-date: /home/rhobtor/PHD/ARGOJ8_IA/ARGOSJ8_IA_/install/ctl_mission/include/ctl_mission/Eigen-3.3/unsupported/Eigen/CXX11/src/Tensor/TensorConversion.h
[15.816s] -- Up-to-date: /home/rhobtor/PHD/ARGOJ8_IA/ARGOSJ8_IA_/install/ctl_mission/include/ctl_mission/Eigen-3.3/unsupported/Eigen/CXX11/src/Tensor/TensorScan.h
[15.816s] -- Up-to-date: /home/rhobtor/PHD/ARGOJ8_IA/ARGOSJ8_IA_/install/ctl_mission/include/ctl_mission/Eigen-3.3/unsupported/Eigen/CXX11/src/Tensor/TensorInflation.h
[15.816s] -- Up-to-date: /home/rhobtor/PHD/ARGOJ8_IA/ARGOSJ8_IA_/install/ctl_mission/include/ctl_mission/Eigen-3.3/unsupported/Eigen/CXX11/src/Tensor/TensorBroadcasting.h
[15.816s] -- Up-to-date: /home/rhobtor/PHD/ARGOJ8_IA/ARGOSJ8_IA_/install/ctl_mission/include/ctl_mission/Eigen-3.3/unsupported/Eigen/CXX11/src/Tensor/TensorSyclExtractAccessor.h
[15.816s] -- Up-to-date: /home/rhobtor/PHD/ARGOJ8_IA/ARGOSJ8_IA_/install/ctl_mission/include/ctl_mission/Eigen-3.3/unsupported/Eigen/CXX11/src/Tensor/TensorChipping.h
[15.816s] -- Up-to-date: /home/rhobtor/PHD/ARGOJ8_IA/ARGOSJ8_IA_/install/ctl_mission/include/ctl_mission/Eigen-3.3/unsupported/Eigen/CXX11/src/Tensor/TensorPadding.h
[15.817s] -- Up-to-date: /home/rhobtor/PHD/ARGOJ8_IA/ARGOSJ8_IA_/install/ctl_mission/include/ctl_mission/Eigen-3.3/unsupported/Eigen/CXX11/src/Tensor/TensorSyclExprConstructor.h
[15.817s] -- Up-to-date: /home/rhobtor/PHD/ARGOJ8_IA/ARGOSJ8_IA_/install/ctl_mission/include/ctl_mission/Eigen-3.3/unsupported/Eigen/CXX11/src/Tensor/TensorReverse.h
[15.817s] -- Up-to-date: /home/rhobtor/PHD/ARGOJ8_IA/ARGOSJ8_IA_/install/ctl_mission/include/ctl_mission/Eigen-3.3/unsupported/Eigen/CXX11/src/Tensor/TensorInitializer.h
[15.817s] -- Up-to-date: /home/rhobtor/PHD/ARGOJ8_IA/ARGOSJ8_IA_/install/ctl_mission/include/ctl_mission/Eigen-3.3/unsupported/Eigen/CXX11/src/Tensor/TensorDeviceSycl.h
[15.817s] -- Up-to-date: /home/rhobtor/PHD/ARGOJ8_IA/ARGOSJ8_IA_/install/ctl_mission/include/ctl_mission/Eigen-3.3/unsupported/Eigen/CXX11/src/Tensor/TensorDeviceThreadPool.h
[15.817s] -- Up-to-date: /home/rhobtor/PHD/ARGOJ8_IA/ARGOSJ8_IA_/install/ctl_mission/include/ctl_mission/Eigen-3.3/unsupported/Eigen/CXX11/src/Tensor/TensorMorphing.h
[15.817s] -- Up-to-date: /home/rhobtor/PHD/ARGOJ8_IA/ARGOSJ8_IA_/install/ctl_mission/include/ctl_mission/Eigen-3.3/unsupported/Eigen/CXX11/src/Tensor/TensorPatch.h
[15.818s] -- Up-to-date: /home/rhobtor/PHD/ARGOJ8_IA/ARGOSJ8_IA_/install/ctl_mission/include/ctl_mission/Eigen-3.3/unsupported/Eigen/CXX11/src/Tensor/TensorLayoutSwap.h
[15.818s] -- Up-to-date: /home/rhobtor/PHD/ARGOJ8_IA/ARGOSJ8_IA_/install/ctl_mission/include/ctl_mission/Eigen-3.3/unsupported/Eigen/CXX11/src/Tensor/TensorDimensions.h
[15.818s] -- Up-to-date: /home/rhobtor/PHD/ARGOJ8_IA/ARGOSJ8_IA_/install/ctl_mission/include/ctl_mission/Eigen-3.3/unsupported/Eigen/CXX11/src/Tensor/TensorExpr.h
[15.819s] -- Up-to-date: /home/rhobtor/PHD/ARGOJ8_IA/ARGOSJ8_IA_/install/ctl_mission/include/ctl_mission/Eigen-3.3/unsupported/Eigen/CXX11/src/Tensor/TensorFunctors.h
[15.819s] -- Up-to-date: /home/rhobtor/PHD/ARGOJ8_IA/ARGOSJ8_IA_/install/ctl_mission/include/ctl_mission/Eigen-3.3/unsupported/Eigen/CXX11/src/Tensor/TensorVolumePatch.h
[15.819s] -- Up-to-date: /home/rhobtor/PHD/ARGOJ8_IA/ARGOSJ8_IA_/install/ctl_mission/include/ctl_mission/Eigen-3.3/unsupported/Eigen/CXX11/src/Tensor/TensorReductionSycl.h
[15.819s] -- Up-to-date: /home/rhobtor/PHD/ARGOJ8_IA/ARGOSJ8_IA_/install/ctl_mission/include/ctl_mission/Eigen-3.3/unsupported/Eigen/CXX11/src/Tensor/TensorUInt128.h
[15.819s] -- Up-to-date: /home/rhobtor/PHD/ARGOJ8_IA/ARGOSJ8_IA_/install/ctl_mission/include/ctl_mission/Eigen-3.3/unsupported/Eigen/CXX11/src/Tensor/TensorConcatenation.h
[15.819s] -- Up-to-date: /home/rhobtor/PHD/ARGOJ8_IA/ARGOSJ8_IA_/install/ctl_mission/include/ctl_mission/Eigen-3.3/unsupported/Eigen/CXX11/src/Tensor/TensorSyclPlaceHolderExpr.h
[15.819s] -- Up-to-date: /home/rhobtor/PHD/ARGOJ8_IA/ARGOSJ8_IA_/install/ctl_mission/include/ctl_mission/Eigen-3.3/unsupported/Eigen/CXX11/src/Tensor/TensorStorage.h
[15.819s] -- Up-to-date: /home/rhobtor/PHD/ARGOJ8_IA/ARGOSJ8_IA_/install/ctl_mission/include/ctl_mission/Eigen-3.3/unsupported/Eigen/CXX11/src/Tensor/TensorGenerator.h
[15.819s] -- Up-to-date: /home/rhobtor/PHD/ARGOJ8_IA/ARGOSJ8_IA_/install/ctl_mission/include/ctl_mission/Eigen-3.3/unsupported/Eigen/CXX11/src/Tensor/README.md
[15.819s] -- Up-to-date: /home/rhobtor/PHD/ARGOJ8_IA/ARGOSJ8_IA_/install/ctl_mission/include/ctl_mission/Eigen-3.3/unsupported/Eigen/CXX11/src/Tensor/TensorFFT.h
[15.819s] -- Up-to-date: /home/rhobtor/PHD/ARGOJ8_IA/ARGOSJ8_IA_/install/ctl_mission/include/ctl_mission/Eigen-3.3/unsupported/Eigen/CXX11/src/Tensor/TensorConvolution.h
[15.819s] -- Up-to-date: /home/rhobtor/PHD/ARGOJ8_IA/ARGOSJ8_IA_/install/ctl_mission/include/ctl_mission/Eigen-3.3/unsupported/Eigen/CXX11/src/Tensor/TensorCustomOp.h
[15.819s] -- Up-to-date: /home/rhobtor/PHD/ARGOJ8_IA/ARGOSJ8_IA_/install/ctl_mission/include/ctl_mission/Eigen-3.3/unsupported/Eigen/CXX11/src/Tensor/TensorMeta.h
[15.819s] -- Up-to-date: /home/rhobtor/PHD/ARGOJ8_IA/ARGOSJ8_IA_/install/ctl_mission/include/ctl_mission/Eigen-3.3/unsupported/Eigen/CXX11/src/Tensor/TensorSyclTuple.h
[15.819s] -- Up-to-date: /home/rhobtor/PHD/ARGOJ8_IA/ARGOSJ8_IA_/install/ctl_mission/include/ctl_mission/Eigen-3.3/unsupported/Eigen/CXX11/src/Tensor/TensorContractionThreadPool.h
[15.819s] -- Up-to-date: /home/rhobtor/PHD/ARGOJ8_IA/ARGOSJ8_IA_/install/ctl_mission/include/ctl_mission/Eigen-3.3/unsupported/Eigen/CXX11/src/Tensor/TensorIndexList.h
[15.819s] -- Up-to-date: /home/rhobtor/PHD/ARGOJ8_IA/ARGOSJ8_IA_/install/ctl_mission/include/ctl_mission/Eigen-3.3/unsupported/Eigen/CXX11/src/Tensor/TensorSyclExtractFunctors.h
[15.819s] -- Up-to-date: /home/rhobtor/PHD/ARGOJ8_IA/ARGOSJ8_IA_/install/ctl_mission/include/ctl_mission/Eigen-3.3/unsupported/Eigen/CXX11/src/Tensor/TensorReduction.h
[15.819s] -- Up-to-date: /home/rhobtor/PHD/ARGOJ8_IA/ARGOSJ8_IA_/install/ctl_mission/include/ctl_mission/Eigen-3.3/unsupported/Eigen/CXX11/src/Tensor/TensorForwardDeclarations.h
[15.820s] -- Up-to-date: /home/rhobtor/PHD/ARGOJ8_IA/ARGOSJ8_IA_/install/ctl_mission/include/ctl_mission/Eigen-3.3/unsupported/Eigen/CXX11/src/Tensor/TensorImagePatch.h
[15.820s] -- Up-to-date: /home/rhobtor/PHD/ARGOJ8_IA/ARGOSJ8_IA_/install/ctl_mission/include/ctl_mission/Eigen-3.3/unsupported/Eigen/CXX11/src/Tensor/TensorStriding.h
[15.820s] -- Up-to-date: /home/rhobtor/PHD/ARGOJ8_IA/ARGOSJ8_IA_/install/ctl_mission/include/ctl_mission/Eigen-3.3/unsupported/Eigen/CXX11/src/Tensor/TensorContraction.h
[15.820s] -- Up-to-date: /home/rhobtor/PHD/ARGOJ8_IA/ARGOSJ8_IA_/install/ctl_mission/include/ctl_mission/Eigen-3.3/unsupported/Eigen/CXX11/src/Tensor/TensorExecutor.h
[15.820s] -- Up-to-date: /home/rhobtor/PHD/ARGOJ8_IA/ARGOSJ8_IA_/install/ctl_mission/include/ctl_mission/Eigen-3.3/unsupported/Eigen/CXX11/src/Tensor/TensorRef.h
[15.820s] -- Up-to-date: /home/rhobtor/PHD/ARGOJ8_IA/ARGOSJ8_IA_/install/ctl_mission/include/ctl_mission/Eigen-3.3/unsupported/Eigen/CXX11/src/Tensor/TensorShuffling.h
[15.820s] -- Up-to-date: /home/rhobtor/PHD/ARGOJ8_IA/ARGOSJ8_IA_/install/ctl_mission/include/ctl_mission/Eigen-3.3/unsupported/Eigen/CXX11/src/Tensor/TensorArgMax.h
[15.820s] -- Up-to-date: /home/rhobtor/PHD/ARGOJ8_IA/ARGOSJ8_IA_/install/ctl_mission/include/ctl_mission/Eigen-3.3/unsupported/Eigen/CXX11/src/Tensor/TensorCostModel.h
[15.820s] -- Up-to-date: /home/rhobtor/PHD/ARGOJ8_IA/ARGOSJ8_IA_/install/ctl_mission/include/ctl_mission/Eigen-3.3/unsupported/Eigen/CXX11/src/Tensor/TensorEvaluator.h
[15.820s] -- Up-to-date: /home/rhobtor/PHD/ARGOJ8_IA/ARGOSJ8_IA_/install/ctl_mission/include/ctl_mission/Eigen-3.3/unsupported/Eigen/CXX11/src/Tensor/TensorBase.h
[15.820s] -- Up-to-date: /home/rhobtor/PHD/ARGOJ8_IA/ARGOSJ8_IA_/install/ctl_mission/include/ctl_mission/Eigen-3.3/unsupported/Eigen/CXX11/src/Tensor/TensorSyclRun.h
[15.820s] -- Up-to-date: /home/rhobtor/PHD/ARGOJ8_IA/ARGOSJ8_IA_/install/ctl_mission/include/ctl_mission/Eigen-3.3/unsupported/Eigen/CXX11/src/Tensor/TensorGlobalFunctions.h
[15.820s] -- Up-to-date: /home/rhobtor/PHD/ARGOJ8_IA/ARGOSJ8_IA_/install/ctl_mission/include/ctl_mission/Eigen-3.3/unsupported/Eigen/CXX11/src/Tensor/TensorSycl.h
[15.820s] -- Up-to-date: /home/rhobtor/PHD/ARGOJ8_IA/ARGOSJ8_IA_/install/ctl_mission/include/ctl_mission/Eigen-3.3/unsupported/Eigen/CXX11/src/Tensor/TensorContractionCuda.h
[15.820s] -- Up-to-date: /home/rhobtor/PHD/ARGOJ8_IA/ARGOSJ8_IA_/install/ctl_mission/include/ctl_mission/Eigen-3.3/unsupported/Eigen/CXX11/src/Tensor/TensorReductionCuda.h
[15.820s] -- Up-to-date: /home/rhobtor/PHD/ARGOJ8_IA/ARGOSJ8_IA_/install/ctl_mission/include/ctl_mission/Eigen-3.3/unsupported/Eigen/CXX11/src/Tensor/Tensor.h
[15.820s] -- Up-to-date: /home/rhobtor/PHD/ARGOJ8_IA/ARGOSJ8_IA_/install/ctl_mission/include/ctl_mission/Eigen-3.3/unsupported/Eigen/CXX11/src/Tensor/TensorAssign.h
[15.820s] -- Up-to-date: /home/rhobtor/PHD/ARGOJ8_IA/ARGOSJ8_IA_/install/ctl_mission/include/ctl_mission/Eigen-3.3/unsupported/Eigen/CXX11/src/Tensor/TensorContractionBlocking.h
[15.820s] -- Up-to-date: /home/rhobtor/PHD/ARGOJ8_IA/ARGOSJ8_IA_/install/ctl_mission/include/ctl_mission/Eigen-3.3/unsupported/Eigen/CXX11/src/Tensor/TensorEvalTo.h
[15.820s] -- Up-to-date: /home/rhobtor/PHD/ARGOJ8_IA/ARGOSJ8_IA_/install/ctl_mission/include/ctl_mission/Eigen-3.3/unsupported/Eigen/CXX11/src/Tensor/TensorSyclConvertToDeviceExpression.h
[15.820s] -- Up-to-date: /home/rhobtor/PHD/ARGOJ8_IA/ARGOSJ8_IA_/install/ctl_mission/include/ctl_mission/Eigen-3.3/unsupported/Eigen/CXX11/src/TensorSymmetry
[15.820s] -- Up-to-date: /home/rhobtor/PHD/ARGOJ8_IA/ARGOSJ8_IA_/install/ctl_mission/include/ctl_mission/Eigen-3.3/unsupported/Eigen/CXX11/src/TensorSymmetry/Symmetry.h
[15.820s] -- Up-to-date: /home/rhobtor/PHD/ARGOJ8_IA/ARGOSJ8_IA_/install/ctl_mission/include/ctl_mission/Eigen-3.3/unsupported/Eigen/CXX11/src/TensorSymmetry/StaticSymmetry.h
[15.821s] -- Up-to-date: /home/rhobtor/PHD/ARGOJ8_IA/ARGOSJ8_IA_/install/ctl_mission/include/ctl_mission/Eigen-3.3/unsupported/Eigen/CXX11/src/TensorSymmetry/DynamicSymmetry.h
[15.821s] -- Up-to-date: /home/rhobtor/PHD/ARGOJ8_IA/ARGOSJ8_IA_/install/ctl_mission/include/ctl_mission/Eigen-3.3/unsupported/Eigen/CXX11/src/TensorSymmetry/util
[15.821s] -- Up-to-date: /home/rhobtor/PHD/ARGOJ8_IA/ARGOSJ8_IA_/install/ctl_mission/include/ctl_mission/Eigen-3.3/unsupported/Eigen/CXX11/src/TensorSymmetry/util/TemplateGroupTheory.h
[15.821s] -- Up-to-date: /home/rhobtor/PHD/ARGOJ8_IA/ARGOSJ8_IA_/install/ctl_mission/include/ctl_mission/Eigen-3.3/unsupported/Eigen/CXX11/src/ThreadPool
[15.821s] -- Up-to-date: /home/rhobtor/PHD/ARGOJ8_IA/ARGOSJ8_IA_/install/ctl_mission/include/ctl_mission/Eigen-3.3/unsupported/Eigen/CXX11/src/ThreadPool/ThreadPoolInterface.h
[15.821s] -- Up-to-date: /home/rhobtor/PHD/ARGOJ8_IA/ARGOSJ8_IA_/install/ctl_mission/include/ctl_mission/Eigen-3.3/unsupported/Eigen/CXX11/src/ThreadPool/NonBlockingThreadPool.h
[15.821s] -- Up-to-date: /home/rhobtor/PHD/ARGOJ8_IA/ARGOSJ8_IA_/install/ctl_mission/include/ctl_mission/Eigen-3.3/unsupported/Eigen/CXX11/src/ThreadPool/ThreadEnvironment.h
[15.821s] -- Up-to-date: /home/rhobtor/PHD/ARGOJ8_IA/ARGOSJ8_IA_/install/ctl_mission/include/ctl_mission/Eigen-3.3/unsupported/Eigen/CXX11/src/ThreadPool/RunQueue.h
[15.821s] -- Up-to-date: /home/rhobtor/PHD/ARGOJ8_IA/ARGOSJ8_IA_/install/ctl_mission/include/ctl_mission/Eigen-3.3/unsupported/Eigen/CXX11/src/ThreadPool/EventCount.h
[15.821s] -- Up-to-date: /home/rhobtor/PHD/ARGOJ8_IA/ARGOSJ8_IA_/install/ctl_mission/include/ctl_mission/Eigen-3.3/unsupported/Eigen/CXX11/src/ThreadPool/ThreadYield.h
[15.821s] -- Up-to-date: /home/rhobtor/PHD/ARGOJ8_IA/ARGOSJ8_IA_/install/ctl_mission/include/ctl_mission/Eigen-3.3/unsupported/Eigen/CXX11/src/ThreadPool/SimpleThreadPool.h
[15.821s] -- Up-to-date: /home/rhobtor/PHD/ARGOJ8_IA/ARGOSJ8_IA_/install/ctl_mission/include/ctl_mission/Eigen-3.3/unsupported/Eigen/CXX11/src/ThreadPool/ThreadLocal.h
[15.821s] -- Up-to-date: /home/rhobtor/PHD/ARGOJ8_IA/ARGOSJ8_IA_/install/ctl_mission/include/ctl_mission/Eigen-3.3/unsupported/Eigen/CXX11/src/util
[15.821s] -- Up-to-date: /home/rhobtor/PHD/ARGOJ8_IA/ARGOSJ8_IA_/install/ctl_mission/include/ctl_mission/Eigen-3.3/unsupported/Eigen/CXX11/src/util/EmulateArray.h
[15.821s] -- Up-to-date: /home/rhobtor/PHD/ARGOJ8_IA/ARGOSJ8_IA_/install/ctl_mission/include/ctl_mission/Eigen-3.3/unsupported/Eigen/CXX11/src/util/CXX11Workarounds.h
[15.821s] -- Up-to-date: /home/rhobtor/PHD/ARGOJ8_IA/ARGOSJ8_IA_/install/ctl_mission/include/ctl_mission/Eigen-3.3/unsupported/Eigen/CXX11/src/util/CXX11Meta.h
[15.821s] -- Up-to-date: /home/rhobtor/PHD/ARGOJ8_IA/ARGOSJ8_IA_/install/ctl_mission/include/ctl_mission/Eigen-3.3/unsupported/Eigen/CXX11/src/util/MaxSizeVector.h
[15.821s] -- Up-to-date: /home/rhobtor/PHD/ARGOJ8_IA/ARGOSJ8_IA_/install/ctl_mission/include/ctl_mission/Eigen-3.3/unsupported/Eigen/CXX11/src/util/EmulateCXX11Meta.h
[15.821s] -- Up-to-date: /home/rhobtor/PHD/ARGOJ8_IA/ARGOSJ8_IA_/install/ctl_mission/include/ctl_mission/Eigen-3.3/unsupported/Eigen/CXX11/Tensor
[15.821s] -- Up-to-date: /home/rhobtor/PHD/ARGOJ8_IA/ARGOSJ8_IA_/install/ctl_mission/include/ctl_mission/Eigen-3.3/unsupported/Eigen/CXX11/TensorSymmetry
[15.821s] -- Up-to-date: /home/rhobtor/PHD/ARGOJ8_IA/ARGOSJ8_IA_/install/ctl_mission/include/ctl_mission/Eigen-3.3/unsupported/Eigen/CXX11/CMakeLists.txt
[15.822s] -- Up-to-date: /home/rhobtor/PHD/ARGOJ8_IA/ARGOSJ8_IA_/install/ctl_mission/include/ctl_mission/Eigen-3.3/unsupported/Eigen/CXX11/ThreadPool
[15.822s] -- Up-to-date: /home/rhobtor/PHD/ARGOJ8_IA/ARGOSJ8_IA_/install/ctl_mission/include/ctl_mission/Eigen-3.3/unsupported/Eigen/KroneckerProduct
[15.822s] -- Up-to-date: /home/rhobtor/PHD/ARGOJ8_IA/ARGOSJ8_IA_/install/ctl_mission/include/ctl_mission/Eigen-3.3/unsupported/Eigen/LevenbergMarquardt
[15.822s] -- Up-to-date: /home/rhobtor/PHD/ARGOJ8_IA/ARGOSJ8_IA_/install/ctl_mission/include/ctl_mission/Eigen-3.3/unsupported/Eigen/SpecialFunctions
[15.822s] -- Up-to-date: /home/rhobtor/PHD/ARGOJ8_IA/ARGOSJ8_IA_/install/ctl_mission/include/ctl_mission/Eigen-3.3/unsupported/Eigen/IterativeSolvers
[15.822s] -- Up-to-date: /home/rhobtor/PHD/ARGOJ8_IA/ARGOSJ8_IA_/install/ctl_mission/include/ctl_mission/Eigen-3.3/unsupported/Eigen/AlignedVector3
[15.822s] -- Up-to-date: /home/rhobtor/PHD/ARGOJ8_IA/ARGOSJ8_IA_/install/ctl_mission/include/ctl_mission/Eigen-3.3/unsupported/Eigen/AutoDiff
[15.822s] -- Up-to-date: /home/rhobtor/PHD/ARGOJ8_IA/ARGOSJ8_IA_/install/ctl_mission/include/ctl_mission/Eigen-3.3/unsupported/Eigen/MoreVectorization
[15.822s] -- Up-to-date: /home/rhobtor/PHD/ARGOJ8_IA/ARGOSJ8_IA_/install/ctl_mission/include/ctl_mission/Eigen-3.3/unsupported/Eigen/OpenGLSupport
[15.822s] -- Up-to-date: /home/rhobtor/PHD/ARGOJ8_IA/ARGOSJ8_IA_/install/ctl_mission/include/ctl_mission/Eigen-3.3/unsupported/Eigen/CMakeLists.txt
[15.822s] -- Up-to-date: /home/rhobtor/PHD/ARGOJ8_IA/ARGOSJ8_IA_/install/ctl_mission/include/ctl_mission/Eigen-3.3/unsupported/Eigen/Skyline
[15.822s] -- Up-to-date: /home/rhobtor/PHD/ARGOJ8_IA/ARGOSJ8_IA_/install/ctl_mission/include/ctl_mission/Eigen-3.3/unsupported/Eigen/SparseExtra
[15.822s] -- Up-to-date: /home/rhobtor/PHD/ARGOJ8_IA/ARGOSJ8_IA_/install/ctl_mission/include/ctl_mission/Eigen-3.3/unsupported/Eigen/NumericalDiff
[15.822s] -- Up-to-date: /home/rhobtor/PHD/ARGOJ8_IA/ARGOSJ8_IA_/install/ctl_mission/include/ctl_mission/Eigen-3.3/unsupported/Eigen/NonLinearOptimization
[15.822s] -- Up-to-date: /home/rhobtor/PHD/ARGOJ8_IA/ARGOSJ8_IA_/install/ctl_mission/include/ctl_mission/Eigen-3.3/unsupported/Eigen/MPRealSupport
[15.822s] -- Up-to-date: /home/rhobtor/PHD/ARGOJ8_IA/ARGOSJ8_IA_/install/ctl_mission/include/ctl_mission/Eigen-3.3/unsupported/Eigen/MatrixFunctions
[15.822s] -- Up-to-date: /home/rhobtor/PHD/ARGOJ8_IA/ARGOSJ8_IA_/install/ctl_mission/include/ctl_mission/Eigen-3.3/unsupported/Eigen/FFT
[15.822s] -- Up-to-date: /home/rhobtor/PHD/ARGOJ8_IA/ARGOSJ8_IA_/install/ctl_mission/include/ctl_mission/Eigen-3.3/unsupported/Eigen/BVH
[15.822s] -- Up-to-date: /home/rhobtor/PHD/ARGOJ8_IA/ARGOSJ8_IA_/install/ctl_mission/include/ctl_mission/Eigen-3.3/unsupported/Eigen/Splines
[15.822s] -- Up-to-date: /home/rhobtor/PHD/ARGOJ8_IA/ARGOSJ8_IA_/install/ctl_mission/include/ctl_mission/Eigen-3.3/unsupported/Eigen/EulerAngles
[15.822s] -- Up-to-date: /home/rhobtor/PHD/ARGOJ8_IA/ARGOSJ8_IA_/install/ctl_mission/include/ctl_mission/Eigen-3.3/unsupported/CMakeLists.txt
[15.822s] -- Up-to-date: /home/rhobtor/PHD/ARGOJ8_IA/ARGOSJ8_IA_/install/ctl_mission/include/ctl_mission/Eigen-3.3/demos
[15.822s] -- Up-to-date: /home/rhobtor/PHD/ARGOJ8_IA/ARGOSJ8_IA_/install/ctl_mission/include/ctl_mission/Eigen-3.3/demos/mix_eigen_and_c
[15.822s] -- Up-to-date: /home/rhobtor/PHD/ARGOJ8_IA/ARGOSJ8_IA_/install/ctl_mission/include/ctl_mission/Eigen-3.3/demos/mix_eigen_and_c/binary_library.cpp
[15.823s] -- Up-to-date: /home/rhobtor/PHD/ARGOJ8_IA/ARGOSJ8_IA_/install/ctl_mission/include/ctl_mission/Eigen-3.3/demos/mix_eigen_and_c/example.c
[15.823s] -- Up-to-date: /home/rhobtor/PHD/ARGOJ8_IA/ARGOSJ8_IA_/install/ctl_mission/include/ctl_mission/Eigen-3.3/demos/mix_eigen_and_c/binary_library.h
[15.823s] -- Up-to-date: /home/rhobtor/PHD/ARGOJ8_IA/ARGOSJ8_IA_/install/ctl_mission/include/ctl_mission/Eigen-3.3/demos/mix_eigen_and_c/README
[15.823s] -- Up-to-date: /home/rhobtor/PHD/ARGOJ8_IA/ARGOSJ8_IA_/install/ctl_mission/include/ctl_mission/Eigen-3.3/demos/mandelbrot
[15.823s] -- Up-to-date: /home/rhobtor/PHD/ARGOJ8_IA/ARGOSJ8_IA_/install/ctl_mission/include/ctl_mission/Eigen-3.3/demos/mandelbrot/mandelbrot.cpp
[15.823s] -- Up-to-date: /home/rhobtor/PHD/ARGOJ8_IA/ARGOSJ8_IA_/install/ctl_mission/include/ctl_mission/Eigen-3.3/demos/mandelbrot/mandelbrot.h
[15.823s] -- Up-to-date: /home/rhobtor/PHD/ARGOJ8_IA/ARGOSJ8_IA_/install/ctl_mission/include/ctl_mission/Eigen-3.3/demos/mandelbrot/CMakeLists.txt
[15.823s] -- Up-to-date: /home/rhobtor/PHD/ARGOJ8_IA/ARGOSJ8_IA_/install/ctl_mission/include/ctl_mission/Eigen-3.3/demos/mandelbrot/README
[15.823s] -- Up-to-date: /home/rhobtor/PHD/ARGOJ8_IA/ARGOSJ8_IA_/install/ctl_mission/include/ctl_mission/Eigen-3.3/demos/CMakeLists.txt
[15.823s] -- Up-to-date: /home/rhobtor/PHD/ARGOJ8_IA/ARGOSJ8_IA_/install/ctl_mission/include/ctl_mission/Eigen-3.3/demos/opengl
[15.823s] -- Up-to-date: /home/rhobtor/PHD/ARGOJ8_IA/ARGOSJ8_IA_/install/ctl_mission/include/ctl_mission/Eigen-3.3/demos/opengl/camera.h
[15.823s] -- Up-to-date: /home/rhobtor/PHD/ARGOJ8_IA/ARGOSJ8_IA_/install/ctl_mission/include/ctl_mission/Eigen-3.3/demos/opengl/camera.cpp
[15.823s] -- Up-to-date: /home/rhobtor/PHD/ARGOJ8_IA/ARGOSJ8_IA_/install/ctl_mission/include/ctl_mission/Eigen-3.3/demos/opengl/icosphere.cpp
[15.823s] -- Up-to-date: /home/rhobtor/PHD/ARGOJ8_IA/ARGOSJ8_IA_/install/ctl_mission/include/ctl_mission/Eigen-3.3/demos/opengl/quaternion_demo.cpp
[15.823s] -- Up-to-date: /home/rhobtor/PHD/ARGOJ8_IA/ARGOSJ8_IA_/install/ctl_mission/include/ctl_mission/Eigen-3.3/demos/opengl/CMakeLists.txt
[15.823s] -- Up-to-date: /home/rhobtor/PHD/ARGOJ8_IA/ARGOSJ8_IA_/install/ctl_mission/include/ctl_mission/Eigen-3.3/demos/opengl/gpuhelper.h
[15.823s] -- Up-to-date: /home/rhobtor/PHD/ARGOJ8_IA/ARGOSJ8_IA_/install/ctl_mission/include/ctl_mission/Eigen-3.3/demos/opengl/trackball.cpp
[15.823s] -- Up-to-date: /home/rhobtor/PHD/ARGOJ8_IA/ARGOSJ8_IA_/install/ctl_mission/include/ctl_mission/Eigen-3.3/demos/opengl/quaternion_demo.h
[15.824s] -- Up-to-date: /home/rhobtor/PHD/ARGOJ8_IA/ARGOSJ8_IA_/install/ctl_mission/include/ctl_mission/Eigen-3.3/demos/opengl/icosphere.h
[15.824s] -- Up-to-date: /home/rhobtor/PHD/ARGOJ8_IA/ARGOSJ8_IA_/install/ctl_mission/include/ctl_mission/Eigen-3.3/demos/opengl/README
[15.824s] -- Up-to-date: /home/rhobtor/PHD/ARGOJ8_IA/ARGOSJ8_IA_/install/ctl_mission/include/ctl_mission/Eigen-3.3/demos/opengl/gpuhelper.cpp
[15.824s] -- Up-to-date: /home/rhobtor/PHD/ARGOJ8_IA/ARGOSJ8_IA_/install/ctl_mission/include/ctl_mission/Eigen-3.3/demos/opengl/trackball.h
[15.824s] -- Up-to-date: /home/rhobtor/PHD/ARGOJ8_IA/ARGOSJ8_IA_/install/ctl_mission/include/ctl_mission/Eigen-3.3/COPYING.BSD
[15.824s] -- Up-to-date: /home/rhobtor/PHD/ARGOJ8_IA/ARGOSJ8_IA_/install/ctl_mission/include/ctl_mission/Eigen-3.3/.hgtags
[15.824s] -- Up-to-date: /home/rhobtor/PHD/ARGOJ8_IA/ARGOSJ8_IA_/install/ctl_mission/include/ctl_mission/Eigen-3.3/COPYING.README
[15.824s] -- Up-to-date: /home/rhobtor/PHD/ARGOJ8_IA/ARGOSJ8_IA_/install/ctl_mission/include/ctl_mission/Eigen-3.3/.hgignore
[15.824s] -- Installing: /home/rhobtor/PHD/ARGOJ8_IA/ARGOSJ8_IA_/install/ctl_mission/include/ctl_mission/MppiSacRelayNode.hpp
[15.824s] -- Up-to-date: /home/rhobtor/PHD/ARGOJ8_IA/ARGOSJ8_IA_/install/ctl_mission/include/ctl_mission/TeleoperationNode.hpp
[15.824s] -- Up-to-date: /home/rhobtor/PHD/ARGOJ8_IA/ARGOSJ8_IA_/install/ctl_mission/include/ctl_mission/PathFollowingNode.hpp
[15.824s] -- Up-to-date: /home/rhobtor/PHD/ARGOJ8_IA/ARGOSJ8_IA_/install/ctl_mission/include/ctl_mission/Dynamic_PP.h
[15.824s] -- Up-to-date: /home/rhobtor/PHD/ARGOJ8_IA/ARGOSJ8_IA_/install/ctl_mission/include/ctl_mission/CtrlNode.hpp
[15.824s] -- Up-to-date: /home/rhobtor/PHD/ARGOJ8_IA/ARGOSJ8_IA_/install/ctl_mission/include/ctl_mission/Stanley_Curvature_Ctrl.h
[15.824s] -- Up-to-date: /home/rhobtor/PHD/ARGOJ8_IA/ARGOSJ8_IA_/install/ctl_mission/include/ctl_mission/ReadyNode.hpp
[15.824s] -- Up-to-date: /home/rhobtor/PHD/ARGOJ8_IA/ARGOSJ8_IA_/install/ctl_mission/include/ctl_mission/EstopNode.hpp
[15.825s] -- Up-to-date: /home/rhobtor/PHD/ARGOJ8_IA/ARGOSJ8_IA_/install/ctl_mission/include/ctl_mission/PathRecordNode.hpp
[15.825s] -- Up-to-date: /home/rhobtor/PHD/ARGOJ8_IA/ARGOSJ8_IA_/install/ctl_mission/share/ctl_mission/environment/pythonpath.sh
[15.825s] -- Up-to-date: /home/rhobtor/PHD/ARGOJ8_IA/ARGOSJ8_IA_/install/ctl_mission/share/ctl_mission/environment/pythonpath.dsv
[15.825s] -- Up-to-date: /home/rhobtor/PHD/ARGOJ8_IA/ARGOSJ8_IA_/install/ctl_mission/local/lib/python3.10/dist-packages/ctl_mission-0.20.3-py3.10.egg-info
[15.825s] -- Installing: /home/rhobtor/PHD/ARGOJ8_IA/ARGOSJ8_IA_/install/ctl_mission/local/lib/python3.10/dist-packages/ctl_mission-0.20.3-py3.10.egg-info/top_level.txt
[15.825s] -- Installing: /home/rhobtor/PHD/ARGOJ8_IA/ARGOSJ8_IA_/install/ctl_mission/local/lib/python3.10/dist-packages/ctl_mission-0.20.3-py3.10.egg-info/SOURCES.txt
[15.825s] -- Installing: /home/rhobtor/PHD/ARGOJ8_IA/ARGOSJ8_IA_/install/ctl_mission/local/lib/python3.10/dist-packages/ctl_mission-0.20.3-py3.10.egg-info/PKG-INFO
[15.825s] -- Installing: /home/rhobtor/PHD/ARGOJ8_IA/ARGOSJ8_IA_/install/ctl_mission/local/lib/python3.10/dist-packages/ctl_mission-0.20.3-py3.10.egg-info/dependency_links.txt
[15.825s] -- Up-to-date: /home/rhobtor/PHD/ARGOJ8_IA/ARGOSJ8_IA_/install/ctl_mission/local/lib/python3.10/dist-packages/ctl_mission
[15.825s] -- Up-to-date: /home/rhobtor/PHD/ARGOJ8_IA/ARGOSJ8_IA_/install/ctl_mission/local/lib/python3.10/dist-packages/ctl_mission/planner.py
[15.825s] -- Up-to-date: /home/rhobtor/PHD/ARGOJ8_IA/ARGOSJ8_IA_/install/ctl_mission/local/lib/python3.10/dist-packages/ctl_mission/optimization.py
[15.825s] -- Up-to-date: /home/rhobtor/PHD/ARGOJ8_IA/ARGOSJ8_IA_/install/ctl_mission/local/lib/python3.10/dist-packages/ctl_mission/pub_wp.py
[15.825s] -- Up-to-date: /home/rhobtor/PHD/ARGOJ8_IA/ARGOSJ8_IA_/install/ctl_mission/local/lib/python3.10/dist-packages/ctl_mission/__init__.py
[15.825s] -- Up-to-date: /home/rhobtor/PHD/ARGOJ8_IA/ARGOSJ8_IA_/install/ctl_mission/local/lib/python3.10/dist-packages/ctl_mission/cvxpy_mpc.py
[15.825s] -- Up-to-date: /home/rhobtor/PHD/ARGOJ8_IA/ARGOSJ8_IA_/install/ctl_mission/local/lib/python3.10/dist-packages/ctl_mission/utils.py
[15.825s] Listing '/home/rhobtor/PHD/ARGOJ8_IA/ARGOSJ8_IA_/install/ctl_mission/local/lib/python3.10/dist-packages/ctl_mission'...
[15.825s] -- Up-to-date: /home/rhobtor/PHD/ARGOJ8_IA/ARGOSJ8_IA_/install/ctl_mission/lib/ctl_mission/planner_node.py
[15.826s] -- Up-to-date: /home/rhobtor/PHD/ARGOJ8_IA/ARGOSJ8_IA_/install/ctl_mission/lib/ctl_mission/mpc_node.py
[15.826s] -- Up-to-date: /home/rhobtor/PHD/ARGOJ8_IA/ARGOSJ8_IA_/install/ctl_mission/share/ament_index/resource_index/package_run_dependencies/ctl_mission
[15.826s] -- Up-to-date: /home/rhobtor/PHD/ARGOJ8_IA/ARGOSJ8_IA_/install/ctl_mission/share/ament_index/resource_index/parent_prefix_path/ctl_mission
[15.826s] -- Up-to-date: /home/rhobtor/PHD/ARGOJ8_IA/ARGOSJ8_IA_/install/ctl_mission/share/ctl_mission/environment/ament_prefix_path.sh
[15.826s] -- Up-to-date: /home/rhobtor/PHD/ARGOJ8_IA/ARGOSJ8_IA_/install/ctl_mission/share/ctl_mission/environment/ament_prefix_path.dsv
[15.826s] -- Up-to-date: /home/rhobtor/PHD/ARGOJ8_IA/ARGOSJ8_IA_/install/ctl_mission/share/ctl_mission/environment/path.sh
[15.826s] -- Up-to-date: /home/rhobtor/PHD/ARGOJ8_IA/ARGOSJ8_IA_/install/ctl_mission/share/ctl_mission/environment/path.dsv
[15.826s] -- Up-to-date: /home/rhobtor/PHD/ARGOJ8_IA/ARGOSJ8_IA_/install/ctl_mission/share/ctl_mission/local_setup.bash
[15.826s] -- Up-to-date: /home/rhobtor/PHD/ARGOJ8_IA/ARGOSJ8_IA_/install/ctl_mission/share/ctl_mission/local_setup.sh
[15.826s] -- Up-to-date: /home/rhobtor/PHD/ARGOJ8_IA/ARGOSJ8_IA_/install/ctl_mission/share/ctl_mission/local_setup.zsh
[15.826s] -- Up-to-date: /home/rhobtor/PHD/ARGOJ8_IA/ARGOSJ8_IA_/install/ctl_mission/share/ctl_mission/local_setup.dsv
[15.826s] -- Installing: /home/rhobtor/PHD/ARGOJ8_IA/ARGOSJ8_IA_/install/ctl_mission/share/ctl_mission/package.dsv
[15.826s] -- Up-to-date: /home/rhobtor/PHD/ARGOJ8_IA/ARGOSJ8_IA_/install/ctl_mission/share/ament_index/resource_index/packages/ctl_mission
[15.826s] -- Up-to-date: /home/rhobtor/PHD/ARGOJ8_IA/ARGOSJ8_IA_/install/ctl_mission/share/ctl_mission/cmake/ament_cmake_export_include_directories-extras.cmake
[15.826s] -- Up-to-date: /home/rhobtor/PHD/ARGOJ8_IA/ARGOSJ8_IA_/install/ctl_mission/share/ctl_mission/cmake/ctl_missionConfig.cmake
[15.826s] -- Up-to-date: /home/rhobtor/PHD/ARGOJ8_IA/ARGOSJ8_IA_/install/ctl_mission/share/ctl_mission/cmake/ctl_missionConfig-version.cmake
[15.826s] -- Up-to-date: /home/rhobtor/PHD/ARGOJ8_IA/ARGOSJ8_IA_/install/ctl_mission/share/ctl_mission/package.xml
[15.826s] Invoked command in '/home/rhobtor/PHD/ARGOJ8_IA/ARGOSJ8_IA_/build/ctl_mission' returned '0': CMAKE_PREFIX_PATH=/home/rhobtor/PHD/ARGOJ8_IA/ARGOSJ8_IA_/install/ublox_msgs:/home/rhobtor/PHD/ARGOJ8_IA/ARGOSJ8_IA_/install/ublox_serialization:/home/rhobtor/PHD/ARGOJ8_IA/ARGOSJ8_IA_/install/path_manager_interfaces:/home/rhobtor/PHD/ARGOJ8_IA/ARGOSJ8_IA_/install/ctl_mission_interfaces:/home/rhobtor/PHD/ARGOJ8_IA/ARGOSJ8_IA_/install/wiimote_msgs:/home/rhobtor/PHD/ARGOJ8_IA/ARGOSJ8_IA_/install/ublox:/home/rhobtor/PHD/ARGOJ8_IA/ARGOSJ8_IA_/install/ublox_gps:/home/rhobtor/PHD/ARGOJ8_IA/ARGOSJ8_IA_/install/security_check:/home/rhobtor/PHD/ARGOJ8_IA/ARGOSJ8_IA_/install/ctl_mission:/home/rhobtor/PHD/ARGOJ8_IA/ARGOSJ8_IA_/install/spacenav:/home/rhobtor/PHD/ARGOJ8_IA/ARGOSJ8_IA_/install/laser_segmentation:/home/rhobtor/PHD/ARGOJ8_IA/ARGOSJ8_IA_/install/slg_msgs:/home/rhobtor/PHD/ARGOJ8_IA/ARGOSJ8_IA_/install/security_check_interfaces:/home/rhobtor/PHD/ARGOJ8_IA/ARGOSJ8_IA_/install/joy:/home/rhobtor/PHD/ARGOJ8_IA/ARGOSJ8_IA_/install/sdl2_vendor:/home/rhobtor/PHD/ARGOJ8_IA/ARGOSJ8_IA_/install/path_manager:/home/rhobtor/PHD/ARGOJ8_IA/ARGOSJ8_IA_/install/joy_linux:/home/rhobtor/PHD/ARGOJ8_IA/ARGOSJ8_IA_/install/j8_xacro_model:/home/rhobtor/PHD/ARGOJ8_IA/ARGOSJ8_IA_/install/hector_gazebo_plugins:/home/rhobtor/PHD/ARGOJ8_IA/ARGOSJ8_IA_/install/fixposition_sensor_pkg:/home/rhobtor/PHD/ARGOJ8_IA/ARGOSJ8_IA_/install/fixposition_odometry_converter_ros2:/home/rhobtor/PHD/ARGOJ8_IA/ARGOSJ8_IA_/install/fixposition_driver_ros2:/home/rhobtor/PHD/ARGOJ8_IA/ARGOSJ8_IA_/install/fixposition_driver_lib:/home/rhobtor/PHD/ARGOJ8_IA/ARGOSJ8_IA_/install/fixposition_gnss_tf:/home/rhobtor/PHD/ARGOJ8_IA/ARGOSJ8_IA_/install/car_cpp:/home/rhobtor/PHD/ARGOJ8_IA/ARGOSJ8_IA_/install/car_interfaces:/home/rhobtor/PHD/ARGOJ8_IA/ARGOSJ8_IA_/install/argj801_setup:/home/rhobtor/PHD/ARGOJ8_IA/ARGOSJ8_IA_/install/argj801_sensors:/home/rhobtor/PHD/ARGOJ8_IA/ARGOSJ8_IA_/install/argj801_sensors_msgs:/home/rhobtor/PHD/ARGOJ8_IA/ARGOSJ8_IA_/install/argj801_ctl_platform:/home/rhobtor/PHD/ARGOJ8_IA/ARGOSJ8_IA_/install/argj801_ctl_platform_interfaces:/home/rhobtor/zed/install/zed_ros2:/home/rhobtor/zed/install/zed_wrapper:/home/rhobtor/zed/install/zed_components:/home/rhobtor/zed/install/zed_interfaces:/home/rhobtor/PHD/ARGOJ8_IA/ARGOSJ8_IA_/install/ntrip_client:/home/rhobtor/PHD/ARGOJ8_IA/ARGOSJ8_IA_/install/j8_gui:/home/rhobtor/PHD/ARGOJ8_IA/ARGOSJ8_IA_/install/car:/home/rhobtor/PHD/ARGOJ8_IA/ARGOSJ8_IA_/install/android_ros2_server:/home/rhobtor/PHD/ARGOJ8_IA/ARGOSJ8_IA_/install/GUI_pkg:/opt/ros/humble LD_LIBRARY_PATH=/home/rhobtor/PHD/ARGOJ8_IA/ARGOSJ8_IA_/install/ublox_msgs/lib:/home/rhobtor/PHD/ARGOJ8_IA/ARGOSJ8_IA_/install/path_manager_interfaces/lib:/home/rhobtor/PHD/ARGOJ8_IA/ARGOSJ8_IA_/install/ctl_mission_interfaces/lib:/home/rhobtor/PHD/ARGOJ8_IA/ARGOSJ8_IA_/install/wiimote_msgs/lib:/home/rhobtor/PHD/ARGOJ8_IA/ARGOSJ8_IA_/install/ublox_gps/lib:/home/rhobtor/PHD/ARGOJ8_IA/ARGOSJ8_IA_/install/spacenav/lib:/home/rhobtor/PHD/ARGOJ8_IA/ARGOSJ8_IA_/install/laser_segmentation/lib:/home/rhobtor/PHD/ARGOJ8_IA/ARGOSJ8_IA_/install/slg_msgs/lib:/home/rhobtor/PHD/ARGOJ8_IA/ARGOSJ8_IA_/install/security_check_interfaces/lib:/home/rhobtor/PHD/ARGOJ8_IA/ARGOSJ8_IA_/install/joy/lib:/home/rhobtor/PHD/ARGOJ8_IA/ARGOSJ8_IA_/install/j8_xacro_model/lib:/home/rhobtor/PHD/ARGOJ8_IA/ARGOSJ8_IA_/install/hector_gazebo_plugins/lib:/home/rhobtor/PHD/ARGOJ8_IA/ARGOSJ8_IA_/install/fixposition_sensor_pkg/lib:/home/rhobtor/PHD/ARGOJ8_IA/ARGOSJ8_IA_/install/fixposition_odometry_converter_ros2/lib:/home/rhobtor/PHD/ARGOJ8_IA/ARGOSJ8_IA_/install/fixposition_driver_ros2/lib:/home/rhobtor/PHD/ARGOJ8_IA/ARGOSJ8_IA_/install/fixposition_driver_lib/lib:/home/rhobtor/PHD/ARGOJ8_IA/ARGOSJ8_IA_/install/fixposition_gnss_tf/lib:/home/rhobtor/PHD/ARGOJ8_IA/ARGOSJ8_IA_/install/car_cpp/lib:/home/rhobtor/PHD/ARGOJ8_IA/ARGOSJ8_IA_/install/car_interfaces/lib:/home/rhobtor/PHD/ARGOJ8_IA/ARGOSJ8_IA_/install/argj801_sensors_msgs/lib:/home/rhobtor/PHD/ARGOJ8_IA/ARGOSJ8_IA_/install/argj801_ctl_platform_interfaces/lib:/usr/local/cuda/lib64:/usr/local/cuda/lib64:/usr/local/cuda-12.1/lib64:/usr/local/cuda-11.8/lib64:/usr/local/cuda/lib64:/usr/local/cuda/lib64:/usr/local/cuda-12.1/lib64:/usr/local/cuda-11.8/lib64:/home/rhobtor/zed/install/zed_components/lib:/home/rhobtor/zed/install/zed_interfaces/lib:/usr/lib/x86_64-linux-gnu/gazebo-11/plugins:/opt/ros/humble/opt/rviz_ogre_vendor/lib:/opt/ros/humble/lib/x86_64-linux-gnu:/opt/ros/humble/lib /opt/st/stm32cubeclt_1.18.0/CMake/bin/cmake --install /home/rhobtor/PHD/ARGOJ8_IA/ARGOSJ8_IA_/build/ctl_mission
