t_ns,t_s,x,y,z,qx,qy,qz,qw,yaw,vx,vy,vz,wx,wy,wz
1772565603049552258,0.0,-4.839787483215332,-0.21122324466705322,-2.260443687438965,-0.00036597251892089844,-0.0005208253860473633,0.01706463098526001,0.9998542666435242,0.03413131395124065,0.0,0.0,0.0,0.0,0.0,0.0
1772565603193918284,0.144365824,-4.83978796005249,-0.21122363209724426,-2.260443925857544,-0.0003656446933746338,-0.0005207955837249756,0.017064854502677917,0.9998542070388794,0.03413175878319883,0.0,0.0,0.0,0.0,0.0,0.0
1772565603298079750,0.24852736,-4.839787483215332,-0.2112232744693756,-2.260443925857544,-0.00036600232124328613,-0.0005207955837249756,0.017064735293388367,0.9998542070388794,0.03413152063270026,0.0,0.0,0.0,0.0,0.0,0.0
1772565603396023234,0.346470912,-4.839787483215332,-0.21122342348098755,-2.260443925857544,-0.00036597251892089844,-0.0005207359790802002,0.017064779996871948,0.9998542070388794,0.03413160999988129,0.0,0.0,0.0,0.0,0.0,0.0
1772565603498651743,0.449099264,-4.839787483215332,-0.21122333407402039,-2.260444164276123,-0.00036594271659851074,-0.0005207657814025879,0.017064914107322693,0.9998542070388794,0.03413187833091144,0.0,0.0,0.0,0.0,0.0,0.0
1772565603598431924,0.548879616,-4.839787483215332,-0.21122336387634277,-2.260444402694702,-0.0003658234782051295,-0.0005207359208725393,0.017064912244677544,0.9998542070388794,0.0341318744559174,0.0,0.0,0.0,0.0,0.0,0.0
1772565603702842319,0.653289984,-4.839788436889648,-0.21122384071350098,-2.260443925857544,-0.0003655552864074707,-0.0005207955837249756,0.017065078020095825,0.9998542666435242,0.03413220795348446,0.0,0.0,0.0,0.0,0.0,0.0
1772565603836424279,0.786871808,-4.83978796005249,-0.21122342348098755,-2.2604446411132812,-0.00036588311195373535,-0.0005208253860473633,0.017064884305000305,0.9998542070388794,0.03413181868599959,0.0,0.0,0.0,0.0,0.0,0.0
1772565603905301099,0.855748608,-4.839788436889648,-0.21122366189956665,-2.260444402694702,-0.00036576390266418457,-0.0005207955837249756,0.017064973711967468,0.9998542070388794,0.0341319974300797,0.0,0.0,0.0,0.0,0.0,0.0
1772565604010798030,0.961245696,-4.839788436889648,-0.21122387051582336,-2.260444402694702,-0.00036561492015607655,-0.0005209744558669627,0.01706518419086933,0.9998542070388794,0.0341324185602283,0.0,0.0,0.0,0.0,0.0,0.0
1772565604122915205,1.073362944,-4.83978796005249,-0.21122366189956665,-2.2604446411132812,-0.0003657341003417969,-0.0005208253860473633,0.017065107822418213,0.9998542070388794,0.03413226576109772,0.0,0.0,0.0,0.0,0.0,0.0
1772565604249345437,1.199793152,-4.839787483215332,-0.21122369170188904,-2.2604448795318604,-0.00036579370498657227,-0.0005206763744354248,0.017065152525901794,0.9998542666435242,0.03413235718279176,0.0,0.0,0.0,0.0,0.0,0.0
1772565604349995203,1.30044288,-4.839787483215332,-0.2112238109111786,-2.2604448795318604,-0.0003656744956970215,-0.0005207657814025879,0.01706521213054657,0.9998542666435242,0.03413247639183193,0.0,0.0,0.0,0.0,0.0,0.0
1772565604450721003,1.40116864,-4.83978796005249,-0.21122387051582336,-2.2604448795318604,-0.00036558505962602794,-0.000520765723194927,0.01706516556441784,0.9998542070388794,0.034132381092576054,0.0,0.0,0.0,0.0,0.0,0.0
1772565604588942457,1.539389952,-4.83978796005249,-0.21122407913208008,-2.2604451179504395,-0.0003654360771179199,-0.0005206763744354248,0.017065271735191345,0.9998542666435242,0.03413259533339647,0.0,0.0,0.0,0.0,0.0,0.0
1772565604699074609,1.649522176,-4.83978796005249,-0.2112237811088562,-2.2604453563690186,-0.0003657042689155787,-0.000520765723194927,0.017065061256289482,0.9998542070388794,0.034132172509223645,0.0,0.0,0.0,0.0,0.0,0.0
1772565604815304428,1.765752064,-4.839788436889648,-0.2112242579460144,-2.2604453563690186,-0.00036528706550598145,-0.0005207955837249756,0.017065688967704773,0.9998542070388794,0.03413342807045476,0.0,0.0,0.0,0.0,0.0,0.0
1772565604901151310,1.851598848,-4.839788436889648,-0.21122398972511292,-2.2604453563690186,-0.000365376501576975,-0.0005207062349654734,0.017065631225705147,0.9998542070388794,0.034133312557470805,0.0,0.0,0.0,0.0,0.0,0.0
1772565605010997549,1.96144512,-4.839788436889648,-0.21122395992279053,-2.2604455947875977,-0.0003654658794403076,-0.0005207359790802002,0.01706559956073761,0.9998542070388794,0.0341332493167204,0.0,0.0,0.0,0.0,0.0,0.0
1772565605149817782,2.100265472,-4.83978796005249,-0.21122419834136963,-2.2604455947875977,-0.00036537647247314453,-0.0005207359790802002,0.017065614461898804,0.9998542070388794,0.03413327903900937,0.0,0.0,0.0,0.0,0.0,0.0
1772565605249359938,2.199807488,-4.839788436889648,-0.2112242579460144,-2.2604455947875977,-0.00036537647247314453,-0.0005208253860473633,0.01706567406654358,0.9998542070388794,0.03413339837206053,0.0,0.0,0.0,0.0,0.0,0.0
1772565605350608978,2.301056512,-4.839788436889648,-0.2112242579460144,-2.2604455947875977,-0.00036534667015075684,-0.0005207657814025879,0.01706579327583313,0.9998542666435242,0.03413363884928641,0.0,0.0,0.0,0.0,0.0,0.0
1772565605449783298,2.400230912,-4.839788436889648,-0.2112244963645935,-2.2604455947875977,-0.00036522746086120605,-0.0005208849906921387,0.017066046595573425,0.9998542070388794,0.03413414364843769,0.0,0.0,0.0,0.0,0.0,0.0
1772565605562221530,2.512669184,-4.839788436889648,-0.21122431755065918,-2.2604458332061768,-0.00036525726318359375,-0.0005208253860473633,0.01706579327583313,0.9998542666435242,0.03413363880397461,0.0,0.0,0.0,0.0,0.0,0.0
1772565605664235826,2.614683392,-4.83978796005249,-0.21122336387634277,-2.260446071624756,-0.0003650784492492676,-0.0005206465721130371,0.01706525683403015,0.9998542070388794,0.034132563088826604,0.0,0.0,0.0,0.0,0.0,0.0
1772565605762281026,2.712728576,-4.83978796005249,-0.21122336387634277,-2.260446548461914,-0.0003649294376373291,-0.0005206763744354248,0.01706521213054657,0.9998542070388794,0.034132473511562476,0.0,0.0,0.0,0.0,0.0,0.0
1772565605904416646,2.854864384,-4.83978796005249,-0.21122339367866516,-2.260446786880493,-0.0003649890422821045,-0.0005207657814025879,0.017065227031707764,0.9998542070388794,0.034132503460526875,0.0,0.0,0.0,0.0,0.0,0.0
1772565605992360012,2.942807552,-4.83978796005249,-0.2112235426902771,-2.2604470252990723,-0.0003649592399597168,-0.0005207955837249756,0.01706536114215851,0.9998542070388794,0.03413277179150505,0.0,0.0,0.0,0.0,0.0,0.0
1772565606115445228,3.065892864,-4.83978796005249,-0.2112235128879547,-2.2604475021362305,-0.0003648996353149414,-0.0005207061767578125,0.01706536114215851,0.9998542070388794,0.03413277165789085,0.0,0.0,0.0,0.0,0.0,0.0
1772565606215727252,3.166174976,-4.83978796005249,-0.2112235724925995,-2.2604475021362305,-0.0003648996353149414,-0.0005207061767578125,0.01706555485725403,0.9998542070388794,0.03413315925743206,0.0,0.0,0.0,0.0,0.0,0.0
1772565606349752888,3.300200448,-4.839788436889648,-0.21122372150421143,-2.2604477405548096,-0.0003648102283477783,-0.0005208253860473633,0.017065763473510742,0.9998542666435242,0.03413357870788791,0.0,0.0,0.0,0.0,0.0,0.0
1772565606452061582,3.402509312,-4.839788913726807,-0.2112237513065338,-2.2604479789733887,-0.00036475062370300293,-0.0005208849906921387,0.01706579327583313,0.9998542666435242,0.03413363832423464,0.0,0.0,0.0,0.0,0.0,0.0
1772565606552205650,3.502653184,-4.839788436889648,-0.21122384071350098,-2.2604479789733887,-0.0003647208504844457,-0.0005207658396102488,0.017065735533833504,0.9998542070388794,0.034133520630203196,0.0,0.0,0.0,0.0,0.0,0.0
1772565606650013613,3.600461312,-4.839788436889648,-0.21122363209724426,-2.2604482173919678,-0.00036472082138061523,-0.0005207657814025879,0.017065659165382385,0.9998542666435242,0.0341333698596597,0.0,0.0,0.0,0.0,0.0,0.0
1772565606750182033,3.70062976,-4.839788436889648,-0.21122407913208008,-2.260448694229126,-0.000364691048162058,-0.0005204678163863719,0.01706537790596485,0.9998542070388794,0.03413280479236669,0.0,0.0,0.0,0.0,0.0,0.0
1772565606867491973,3.817939712,-4.839788436889648,-0.2112244963645935,-2.260451555252075,-0.00036466121673583984,-0.0005203485488891602,0.017065048217773438,0.9998542070388794,0.03413214500133348,0.0,0.0,0.0,0.0,0.0,0.0
1772565606969255784,3.919703296,-4.839788436889648,-0.21122443675994873,-2.2604541778564453,-0.0003648996353149414,-0.0005203783512115479,0.01706486940383911,0.9998542070388794,0.03413178748898509,0.0,0.0,0.0,0.0,0.0,0.0
1772565607122165587,4.07261312,-4.839788436889648,-0.21122485399246216,-2.26045560836792,-0.00036451220512390137,-0.0005203783512115479,0.01706501841545105,0.9998542070388794,0.034132085239481746,0.0,0.0,0.0,0.0,0.0,0.0
1772565607219763720,4.170211328,-4.83978796005249,-0.21122485399246216,-2.2604568004608154,-0.00036472082138061523,-0.0005203187465667725,0.017064929008483887,0.9998542070388794,0.034131906516697834,0.0,0.0,0.0,0.0,0.0,0.0
1772565607324554775,4.275002368,-4.839788436889648,-0.2112247347831726,-2.260457754135132,-0.0003648698329925537,-0.0005203783512115479,0.017064854502677917,0.9998542070388794,0.03413175764263808,0.0,0.0,0.0,0.0,0.0,0.0
1772565607443877242,4.394324736,-4.83978796005249,-0.21122509241104126,-2.26045823097229,-0.00036469101905822754,-0.0005204379558563232,0.017064973711967468,0.9998542070388794,0.034131996027113524,0.0,0.0,0.0,0.0,0.0,0.0
1772565607551398056,4.50184576,-4.839788436889648,-0.21122518181800842,-2.2604587078094482,-0.00036466121673583984,-0.0005204975605010986,0.01706501841545105,0.9998542070388794,0.03413208548983647,0.0,0.0,0.0,0.0,0.0,0.0
1772565607674173682,4.624621312,-4.839788436889648,-0.21122533082962036,-2.2604589462280273,-0.00036457180976867676,-0.000520557165145874,0.017065495252609253,0.9998542070388794,0.034133039535653546,0.0,0.0,0.0,0.0,0.0,0.0
1772565607775351080,4.725798656,-4.839788436889648,-0.2112254500389099,-2.2604591846466064,-0.0003645420365501195,-0.0005204678163863719,0.017065512016415596,0.9998542070388794,0.034133072975489,0.0,0.0,0.0,0.0,0.0,0.0
1772565607872753823,4.823201536,-4.839788436889648,-0.21122542023658752,-2.2604594230651855,-0.00036457180976867676,-0.0005204379558563232,0.017065376043319702,0.9998542070388794,0.03413280091751941,0.0,0.0,0.0,0.0,0.0,0.0
1772565607973484735,4.923932416,-4.839788436889648,-0.21122515201568604,-2.2604596614837646,-0.00036463141441345215,-0.0005204081535339355,0.017065390944480896,0.9998542070388794,0.03413283077103526,0.0,0.0,0.0,0.0,0.0,0.0
1772565608075581325,5.026029056,-4.839788436889648,-0.2112255096435547,-2.2604596614837646,-0.00036451220512390137,-0.0005204975605010986,0.017065614461898804,0.9998542070388794,0.03413327794876732,0.0,0.0,0.0,0.0,0.0,0.0
1772565608207353899,5.157801472,-4.839788913726807,-0.21122556924819946,-2.2604598999023438,-0.0003643929958343506,-0.0005204081535339355,0.01706567406654358,0.9998542070388794,0.034133397014669414,0.0,0.0,0.0,0.0,0.0,0.0
1772565608293245272,5.2436928,-4.839788913726807,-0.21122562885284424,-2.2604598999023438,-0.0003642737865447998,-0.0005204975605010986,0.017066091299057007,0.9998542070388794,0.034134231791922834,0.0,0.0,0.0,0.0,0.0,0.0
1772565608400444568,5.350892288,-4.839788913726807,-0.21122586727142334,-2.260460138320923,-0.0003643035888671875,-0.0005204975605010986,0.01706606149673462,0.9998542070388794,0.03413417219222771,0.0,0.0,0.0,0.0,0.0,0.0
1772565608525798145,5.47624576,-4.839788913726807,-0.2112257480621338,-2.260460376739502,-0.0003643333911895752,-0.0005204677581787109,0.017065927386283875,0.9998542666435242,0.03413390589449241,0.0,0.0,0.0,0.0,0.0,0.0
1772565608642361970,5.592809472,-4.839789390563965,-0.21122592687606812,-2.260460138320923,-0.00036403536796569824,-0.0005203783512115479,0.01706644892692566,0.9998542070388794,0.034134947017086095,0.0,0.0,0.0,0.0,0.0,0.0
1772565608735311953,5.685759488,-4.839789390563965,-0.21122604608535767,-2.260460138320923,-0.000364154577255249,-0.0005205273628234863,0.017066344618797302,0.9998542070388794,0.03413473855267365,0.0,0.0,0.0,0.0,0.0,0.0
1772565608894320377,5.844768,-4.839789390563965,-0.2112259864807129,-2.260460615158081,-0.0003641843795776367,-0.0005204677581787109,0.017066314816474915,0.9998542070388794,0.03413467890535521,0.0,0.0,0.0,0.0,0.0,0.0
1772565609021455643,5.971903232,-4.839789867401123,-0.21122631430625916,-2.260460138320923,-0.00036409497261047363,-0.000520557165145874,0.01706664264202118,0.9998542070388794,0.03413533482149337,0.0,0.0,0.0,0.0,0.0,0.0
1772565609127426473,6.077874176,-4.839789867401123,-0.2112264335155487,-2.260460376739502,-0.00036391615867614746,-0.0005206465721130371,0.017067134380340576,0.9998542070388794,0.03413631861344909,0.0,0.0,0.0,0.0,0.0,0.0
1772565609226816652,6.177264384,-4.839789867401123,-0.21122649312019348,-2.260460376739502,-0.00036388635635375977,-0.0005206465721130371,0.017067164182662964,0.9998541474342346,0.03413637617975944,0.0,0.0,0.0,0.0,0.0,0.0
1772565609329998881,6.280446464,-4.839790344238281,-0.21122652292251587,-2.260460376739502,-0.00036370751331560314,-0.0005207061185501516,0.01706746034324169,0.9998541474342346,0.03413696862126977,0.0,0.0,0.0,0.0,0.0,0.0
1772565609429811222,6.380258816,-4.8397908210754395,-0.21122673153877258,-2.260460376739502,-0.0003635883331298828,-0.0005205869674682617,0.017067566514015198,0.9998542070388794,0.03413718286997285,0.0,0.0,0.0,0.0,0.0,0.0
1772565609550860143,6.501307648,-4.8397908210754395,-0.2112269401550293,-2.260460615158081,-0.0003636181354522705,-0.0005207061767578125,0.01706792414188385,0.9998541474342346,0.03413789653112512,0.0,0.0,0.0,0.0,0.0,0.0
1772565609649601109,6.60004864,-4.8397908210754395,-0.21122682094573975,-2.260460615158081,-0.00036364796687848866,-0.0005207956419326365,0.017067940905690193,0.9998541474342346,0.03413793017583587,0.0,0.0,0.0,0.0,0.0,0.0
1772565609726591610,6.677039104,-4.8397908210754395,-0.21122688055038452,-2.260460615158081,-0.0003635585308074951,-0.0005208849906921387,0.01706796884536743,0.9998542070388794,0.03413798809127909,0.0,0.0,0.0,0.0,0.0,0.0
1772565609834933994,6.785381632,-4.839791297912598,-0.21122705936431885,-2.260460615158081,-0.00036337971687316895,-0.0005208253860473633,0.01706826686859131,0.9998541474342346,0.03413858213115633,0.0,0.0,0.0,0.0,0.0,0.0
1772565609935776691,6.886224384,-4.839791297912598,-0.2112272083759308,-2.26046085357666,-0.00036343932151794434,-0.0005208849906921387,0.01706843078136444,0.9998541474342346,0.03413891020963394,0.0,0.0,0.0,0.0,0.0,0.0
1772565610051495699,7.001943296,-4.839791297912598,-0.21122705936431885,-2.26046085357666,-0.0003634989552665502,-0.0005207956419326365,0.01706855185329914,0.9998541474342346,0.0341391524501993,0.0,0.0,0.0,0.0,0.0,0.0
1772565610190412994,7.140860672,-4.839791297912598,-0.21122729778289795,-2.26046085357666,-0.0003634393506217748,-0.0005208850488997996,0.017068685963749886,0.9998541474342346,0.03413942079764562,0.0,0.0,0.0,0.0,0.0,0.0
1772565610288952590,7.239400192,-4.839791774749756,-0.21122711896896362,-2.26046085357666,-0.00036334991455078125,-0.0005208253860473633,0.017068669199943542,0.9998542070388794,0.034139389148239496,0.0,0.0,0.0,0.0,0.0,0.0
1772565610387382803,7.3378304,-4.839791774749756,-0.21122726798057556,-2.2604610919952393,-0.00036340951919555664,-0.0005208849906921387,0.017069131135940552,0.9998541474342346,0.03414031150025783,0.0,0.0,0.0,0.0,0.0,0.0
1772565610488250447,7.438697984,-4.839791297912598,-0.21122682094573975,-2.2604610919952393,-0.00036358836223371327,-0.0005209744558669627,0.017068730667233467,0.9998541474342346,0.034139510470189344,0.0,0.0,0.0,0.0,0.0,0.0
1772565610580651595,7.531099136,-4.8397908210754395,-0.21122652292251587,-2.260460376739502,-0.0003634989261627197,-0.0005210638046264648,0.017068609595298767,0.9998542070388794,0.03413927023213038,0.0,0.0,0.0,0.0,0.0,0.0
1772565610733386427,7.683834112,-4.8397650718688965,-0.2098550796508789,-2.2402985095977783,-0.0003694295883178711,-0.000538170337677002,0.016991883516311646,0.9998554587364197,0.03398581391959941,0.0,0.0,0.0,0.0,0.0,0.0
1772565610813440744,7.763888384,-4.840084075927734,-0.20974278450012207,-2.228985071182251,6.55055046081543e-05,-0.0006067156791687012,0.017399609088897705,0.999848484992981,0.03480091595059821,0.0,0.0,0.0,0.0,0.0,0.0
1772565610940509634,7.890957312,-4.839828968048096,-0.20973849296569824,-2.229170560836792,-0.00012958049774169922,-0.0006213784217834473,0.01716393232345581,0.9998525381088257,0.034329732646943,0.0,0.0,0.0,0.0,0.0,0.0
1772565611049508124,7.999955712,-4.839900016784668,-0.20972555875778198,-2.229127883911133,-6.73532485961914e-05,-0.0006169378757476807,0.01725269854068756,0.9998510479927063,0.03450721451560407,0.0,0.0,0.0,0.0,0.0,0.0
1772565611152346918,8.102794496,-4.83987283706665,-0.2097243070602417,-2.2291929721832275,-8.919835090637207e-05,-0.0006199181079864502,0.017231643199920654,0.9998513460159302,0.034465123028238204,0.0,0.0,0.0,0.0,0.0,0.0
1772565611272271179,8.22271872,-4.839880466461182,-0.20972368121147156,-2.229220390319824,-8.362531661987305e-05,-0.0006192922592163086,0.01723785698413849,0.9998512268066406,0.0344775449695468,0.0,0.0,0.0,0.0,0.0,0.0
1772565611399352473,8.349800192,-4.839877128601074,-0.20972353219985962,-2.2292592525482178,-8.609890937805176e-05,-0.0006196796894073486,0.017235547304153442,0.9998513460159302,0.03447293081736944,0.0,0.0,0.0,0.0,0.0,0.0
1772565611484040811,8.43448832,-4.839878559112549,-0.2097231149673462,-2.229304552078247,-8.562207221984863e-05,-0.0006196796894073486,0.01723627746105194,0.9998512864112854,0.03447438913859569,0.0,0.0,0.0,0.0,0.0,0.0
1772565611580029584,8.530477312,-4.839853286743164,-0.20972716808319092,-2.228952407836914,-0.00010344386100769043,-0.0006210505962371826,0.017213821411132812,0.999851644039154,0.034429491816428764,0.0,0.0,0.0,0.0,0.0,0.0
1772565611691514264,8.641961984,-4.83969259262085,-0.20986530184745789,-2.225381374359131,-0.00013440847396850586,-0.000669330358505249,0.017133712768554688,0.9998530149459839,0.03426930631110822,0.0,0.0,0.0,0.0,0.0,0.0
1772565611811293250,8.7617408,-4.8392333984375,-0.21082881093025208,-2.2074639797210693,-0.0002459883689880371,-0.0007613301277160645,0.01687610149383545,0.9998573064804077,0.033754209266796426,0.0,0.0,0.0,0.0,0.0,0.0
1772565611924285896,8.874733568,-4.839332103729248,-0.2095063030719757,-2.175356388092041,-0.0003618001937866211,-0.0008969008922576904,0.017081692814826965,0.9998536705970764,0.03416573624661007,0.0,0.0,0.0,0.0,0.0,0.0
1772565612027994395,8.978441984,-4.839051246643066,-0.21059119701385498,-2.1352553367614746,-0.00048217177391052246,-0.0011155903339385986,0.01718878746032715,0.9998515844345093,0.03438040544042314,0.0,0.0,0.0,0.0,0.0,0.0
1772565612138966830,9.0894144,-4.839105129241943,-0.2100745439529419,-2.085639715194702,3.737211591214873e-05,-0.0013253987999632955,0.01750992424786091,0.9998458623886108,0.03502163330703806,0.0,0.0,0.0,0.0,0.0,0.0
1772565612239981007,9.190428672,-4.838994979858398,-0.20909100770950317,-2.0449788570404053,-0.00017875432968139648,-0.0015071630477905273,0.01756836473941803,0.9998445510864258,0.03513919621242037,0.0,0.0,0.0,0.0,0.0,0.0
1772565612340217954,9.290665472,-4.838409900665283,-0.209814190864563,-2.003796339035034,-0.0006082654581405222,-0.001748383161611855,0.017377065494656563,0.9998473525047302,0.03475816095610334,0.0,0.0,0.0,0.0,0.0,0.0
1772565612489247841,9.43969536,-4.83872652053833,-0.20993992686271667,-1.9537899494171143,-2.3663043975830078e-05,-0.001940399408340454,0.017902866005897522,0.9998378753662109,0.03580793995096169,0.0,0.0,0.0,0.0,0.0,0.0
1772565612605335536,9.555783168,-4.838288307189941,-0.20920446515083313,-1.9048582315444946,-0.00017100574041251093,-0.002200871938839555,0.01772862859070301,0.9998404383659363,0.03546012560031375,0.0,0.0,0.0,0.0,0.0,0.0
1772565612709849977,9.660297472,-4.837528228759766,-0.20886361598968506,-1.8647170066833496,-0.0009310245513916016,-0.002480149269104004,0.017270565032958984,0.9998473525047302,0.0345477669157798,0.0,0.0,0.0,0.0,0.0,0.0
1772565612808313583,9.758761216,-4.837578773498535,-0.20903000235557556,-1.8149933815002441,-0.0007072091102600098,-0.0028174221515655518,0.01772727072238922,0.9998387098312378,0.03546079699617187,0.0,0.0,0.0,0.0,0.0,0.0
1772565612903980446,9.85442816,-4.837846755981445,-0.20920437574386597,-1.7727386951446533,1.1444091796875e-05,-0.002998560667037964,0.018141552805900574,0.999830961227417,0.036285517935049895,0.0,0.0,0.0,0.0,0.0,0.0
1772565612996078197,9.946525696,-4.837846279144287,-0.208246111869812,-1.731939673423767,-0.000280678243143484,-0.0031703407876193523,0.01818091981112957,0.9998296499252319,0.036366168523980884,0.0,0.0,0.0,0.0,0.0,0.0
1772565613099952897,10.050400512,-4.836800575256348,-0.20875412225723267,-1.686733365058899,-0.0012491345405578613,-0.003475487232208252,0.01744025945663452,0.9998411536216736,0.034891572116706814,0.0,0.0,0.0,0.0,0.0,0.0
1772565613237032994,10.187480576,-4.836146354675293,-0.2085874080657959,-1.6339879035949707,-0.0016308128833770752,-0.003715008497238159,0.016869261860847473,0.9998494982719421,0.033752888968184507,0.0,0.0,0.0,0.0,0.0,0.0
1772565613311206255,10.26165376,-4.838099479675293,-0.20843786001205444,-1.5676062107086182,-0.00037795305252075195,-0.003941595554351807,0.018707439303398132,0.9998171925544739,0.03742090923141921,0.0,0.0,0.0,0.0,0.0,0.0
1772565613449740471,10.40018816,-4.836855888366699,-0.20837947726249695,-1.5138006210327148,-0.0011130274506285787,-0.004255772102624178,0.017641978338360786,0.9998347163200378,0.03529619283909403,0.0,0.0,0.0,0.0,0.0,0.0
1772565613549338455,10.499785984,-4.837942600250244,-0.20827960968017578,-1.4590015411376953,-0.00028851625393144786,-0.0044536585919559,0.018615690991282463,0.9998167753219604,0.03723720795414858,0.0,0.0,0.0,0.0,0.0,0.0
1772565613649737102,10.600184832,-4.836923122406006,-0.20791172981262207,-1.3946812152862549,-0.0011761486530303955,-0.004808366298675537,0.017688319087028503,0.9998313784599304,0.0353909926784279,0.0,0.0,0.0,0.0,0.0,0.0
1772565613750520096,10.70096768,-4.838135719299316,-0.20798102021217346,-1.3296269178390503,-0.0005089641199447215,-0.005103588569909334,0.018824459984898567,0.9998096823692322,0.03765780285754718,0.0,0.0,0.0,0.0,0.0,0.0
1772565613884790479,10.835238144,-4.838141918182373,-0.2077663242816925,-1.2757593393325806,-0.00040984153747558594,-0.005352318286895752,0.018767818808555603,0.9998095035552979,0.03754383733493262,0.0,0.0,0.0,0.0,0.0,0.0
1772565613984976957,10.935424512,-4.838204860687256,-0.20762169361114502,-1.2116882801055908,-0.0005715489387512207,-0.005631268490105867,0.018684059381484985,0.9998094439506531,0.037378498705299884,0.0,0.0,0.0,0.0,0.0,0.0
1772565614087429572,11.037877248,-4.836341381072998,-0.20723778009414673,-1.1489678621292114,-0.0021325647830963135,-0.005962491035461426,0.016732752323150635,0.9998400211334229,0.033494195944410804,0.0,0.0,0.0,0.0,0.0,0.0
1772565614236125853,11.186573568,-4.8380608558654785,-0.20699197053909302,-1.0945165157318115,-0.0010536015033721924,-0.006216377019882202,0.01824493706226349,0.9998136758804321,0.03650708557565207,0.0,0.0,0.0,0.0,0.0,0.0
1772565614323817018,11.274264576,-4.83829402923584,-0.20694449543952942,-1.0300464630126953,-0.001205146312713623,-0.006477952003479004,0.018146634101867676,0.9998136758804321,0.036313125262910674,0.0,0.0,0.0,0.0,0.0,0.0
1772565614438869884,11.389317376,-4.839140892028809,-0.2068907618522644,-0.9652471542358398,-0.0009405016899108887,-0.006798386573791504,0.018718808889389038,0.9998012781143188,0.03745516513439,0.0,0.0,0.0,0.0,0.0,0.0
1772565614549686039,11.500133632,-4.839598178863525,-0.2068110704421997,-0.9007852077484131,-0.0009700357913970947,-0.007081374526023865,0.018863335251808167,0.9997965693473816,0.03774546003536916,0.0,0.0,0.0,0.0,0.0,0.0
1772565614649234363,11.599682048,-4.840017795562744,-0.2064754068851471,-0.8472108840942383,-0.0009526311187073588,-0.007329522632062435,0.018994269892573357,0.9997923374176025,0.038007827084973016,0.0,0.0,0.0,0.0,0.0,0.0
1772565614791485953,11.741933568,-4.8407793045043945,-0.2061084508895874,-0.7939779758453369,-0.0009442269802093506,-0.0075521161779761314,0.019360020756721497,0.9997835755348206,0.0387400076446323,0.0,0.0,0.0,0.0,0.0,0.0
1772565614908338368,11.858786048,-4.839816093444824,-0.20630192756652832,-0.719420313835144,-0.0017887651920318604,-0.007966026663780212,0.01806969940662384,0.9998034238815308,0.036173232898987585,0.0,0.0,0.0,0.0,0.0,0.0
1772565615050102265,12.000549888,-4.840944290161133,-0.20595741271972656,-0.6436867713928223,-0.0017737746238708496,-0.008291244506835938,0.018585950136184692,0.9997913837432861,0.037207215460982594,0.0,0.0,0.0,0.0,0.0,0.0
1772565615149506914,12.099954432,-4.8408589363098145,-0.2060462236404419,-0.5904464721679688,-0.001982092624530196,-0.00853793229907751,0.01812487654387951,0.9997973442077637,0.03628946076364611,0.0,0.0,0.0,0.0,0.0,0.0
1772565615266931502,12.217379072,-4.841667652130127,-0.20584827661514282,-0.5256762504577637,-0.001970648765563965,-0.00878627598285675,0.018222838640213013,0.9997934103012085,0.036486456595454984,0.0,0.0,0.0,0.0,0.0,0.0
1772565615388015336,12.338462976,-4.842435836791992,-0.20590046048164368,-0.4713016748428345,-0.0019234716892242432,-0.008947417140007019,0.01834072172641754,0.9997898936271667,0.03672223967241403,0.0,0.0,0.0,0.0,0.0,0.0
1772565615487421666,12.437869312,-4.843034744262695,-0.20568037033081055,-0.4173557758331299,-0.0022113025188446045,-0.009151384234428406,0.018341973423957825,0.999787449836731,0.036730975821979324,0.0,0.0,0.0,0.0,0.0,0.0
1772565615611534368,12.561981952,-4.843981742858887,-0.20563459396362305,-0.3525484800338745,-0.0021650493144989014,-0.009330718778073788,0.01841019093990326,0.9997845888137817,0.0368675657413781,0.0,0.0,0.0,0.0,0.0,0.0
1772565615690286084,12.640733696,-4.845133304595947,-0.20556935667991638,-0.28772544860839844,-0.0019901692867279053,-0.009501248598098755,0.018681347370147705,0.9997783899307251,0.03740765381583711,0.0,0.0,0.0,0.0,0.0,0.0
1772565615804125644,12.754573312,-4.8462114334106445,-0.20573177933692932,-0.2339562177658081,-0.0020497143268585205,-0.009652093052864075,0.019053280353546143,0.9997698068618774,0.03815366023589304,0.0,0.0,0.0,0.0,0.0,0.0
1772565615945395468,12.895843072,-4.847431659698486,-0.20560476183891296,-0.1696183681488037,-0.0019345579203218222,-0.009771524928510189,0.01909555308520794,0.9997680187225342,0.038236612575842224,0.0,0.0,0.0,0.0,0.0,0.0
1772565616028065561,12.978513152,-4.848354339599609,-0.2057701051235199,-0.11598706245422363,-0.002253681654110551,-0.00986060593277216,0.018968628719449043,0.9997689127922058,0.03798939213872086,0.0,0.0,0.0,0.0,0.0,0.0
1772565616131908224,13.082355712,-4.849785804748535,-0.20549893379211426,-0.051712751388549805,-0.00243851519189775,-0.009965970180928707,0.018961085006594658,0.999767541885376,0.03797855795410565,0.0,0.0,0.0,0.0,0.0,0.0
1772565616237226591,13.187674112,-4.852593421936035,-0.20537826418876648,-0.0005633831024169922,-0.0024848580360412598,-0.010722413659095764,0.01921534538269043,0.999754786491394,0.03849282638866437,0.0,0.0,0.0,0.0,0.0,0.0
1772565616339748379,13.290195968,-4.853777885437012,-0.20559728145599365,0.037877559661865234,-0.0020828547421842813,-0.01253070030361414,0.019064517691731453,0.999737560749054,0.038192422998648605,0.0,0.0,0.0,0.0,0.0,0.0
1772565616459664080,13.410111744,-4.856563568115234,-0.20504769682884216,0.06915569305419922,-0.0021225211676210165,-0.0156546663492918,0.019512368366122246,0.999684751033783,0.03910791167001804,0.0,0.0,0.0,0.0,0.0,0.0
1772565616572554180,13.523001856,-4.853858470916748,-0.2050921618938446,0.07341456413269043,-0.0019472242565825582,-0.023992331698536873,0.01932820864021778,0.999523401260376,0.03878563862868478,0.0,0.0,0.0,0.0,0.0,0.0
1772565616718808190,13.66925568,-4.849217414855957,-0.20466768741607666,0.09444570541381836,-0.001919567584991455,-0.040469661355018616,0.01915474236011505,0.998995304107666,0.03856192500027717,0.0,0.0,0.0,0.0,0.0,0.0
1772565616796730071,13.747177728,-4.842373371124268,-0.2044960856437683,0.1257460117340088,-0.0017568767070770264,-0.059411242604255676,0.019607290625572205,0.9980395436286926,0.0396361352310475,0.0,0.0,0.0,0.0,0.0,0.0
1772565616899203402,13.849650944,-4.8432722091674805,-0.2042916715145111,0.16207361221313477,-0.000970110297203064,-0.0818529948592186,0.01976954936981201,0.9964478015899658,0.04010499926447369,0.0,0.0,0.0,0.0,0.0,0.0
1772565617003873268,13.954320896,-4.837202072143555,-0.20379674434661865,0.1973402500152588,-0.0005177557468414307,-0.1063627153635025,0.019660308957099915,0.9941328763961792,0.04011774613505937,0.0,0.0,0.0,0.0,0.0,0.0
1772565617100134121,14.05058176,-4.845659255981445,-0.203911691904068,0.23761820793151855,-0.0003007501654792577,-0.12999747693538666,0.019150035455822945,0.9913293719291687,0.039386606639029,0.0,0.0,0.0,0.0,0.0,0.0
1772565617212836073,14.163283712,-4.87053108215332,-0.2042560875415802,0.29915380477905273,-6.16908073425293e-06,-0.1457633376121521,0.019638225436210632,0.9891245365142822,0.04058571547476192,0.0,0.0,0.0,0.0,0.0,0.0
1772565617308240102,14.258687744,-4.88733434677124,-0.2048441767692566,0.35273241996765137,3.5911793929699343e-06,-0.14721138775348663,0.019564388319849968,0.988911509513855,0.04045720998412286,0.0,0.0,0.0,0.0,0.0,0.0
1772565617449416722,14.39986432,-4.9037766456604,-0.20531469583511353,0.40668773651123047,5.3793184633832425e-05,-0.1472254991531372,0.01958623342216015,0.9889090657234192,0.04048722044491402,0.0,0.0,0.0,0.0,0.0,0.0
1772565617540452859,14.49090048,-4.923378944396973,-0.2056623101234436,0.4715142250061035,0.00011454522609710693,-0.14720040559768677,0.019453495740890503,0.9889154434204102,0.0401935447704097,0.0,0.0,0.0,0.0,0.0,0.0
1772565617649369662,14.599817216,-4.942932605743408,-0.20604223012924194,0.5363476276397705,0.0001117288920795545,-0.14713925123214722,0.019404320046305656,0.9889253973960876,0.04009157644526114,0.0,0.0,0.0,0.0,0.0,0.0
1772565617791667807,14.742115328,-4.959293365478516,-0.20645755529403687,0.5906002521514893,0.00024409592151641846,-0.14709004759788513,0.0193604975938797,0.9889336228370667,0.03995937738486882,0.0,0.0,0.0,0.0,0.0,0.0
1772565617891219494,14.841667072,-4.978984355926514,-0.20680367946624756,0.6557028293609619,0.00015066562627907842,-0.14701654016971588,0.019326476380228996,0.9889452457427979,0.039916385839796724,0.0,0.0,0.0,0.0,0.0,0.0
1772565617991809642,14.942257152,-4.998456954956055,-0.2071724236011505,0.720963716506958,0.00030672550201416016,-0.1468767523765564,0.019135624170303345,0.9889696836471558,0.03947130970238835,0.0,0.0,0.0,0.0,0.0,0.0
1772565618092574655,15.043022336,-5.015049457550049,-0.20751026272773743,0.7750422954559326,0.0001431107521057129,-0.14669500291347504,0.01933690905570984,0.9889927506446838,0.03993442224076678,0.0,0.0,0.0,0.0,0.0,0.0
1772565618245335889,15.195783424,-5.034808158874512,-0.20777249336242676,0.8402214050292969,0.00021980702877044678,-0.14660224318504333,0.019276991486549377,0.9890077114105225,0.03978537192313298,0.0,0.0,0.0,0.0,0.0,0.0
1772565618333119988,15.283567616,-5.051421642303467,-0.20821064710617065,0.8944535255432129,0.0001416951563442126,-0.14656101167201996,0.01933095045387745,0.9890127778053284,0.039920101288164686,0.0,0.0,0.0,0.0,0.0,0.0
1772565618450542189,15.400989696,-5.071163654327393,-0.20853769779205322,0.9597620964050293,0.0002977102994918823,-0.1463959515094757,0.019099831581115723,0.9890416860580444,0.039391597642327664,0.0,0.0,0.0,0.0,0.0,0.0
1772565618569060468,15.519507968,-5.090892791748047,-0.2090773582458496,1.0249953269958496,0.0003154725127387792,-0.1462588757276535,0.01899789460003376,0.9890638589859009,0.03917303211718136,0.0,0.0,0.0,0.0,0.0,0.0
1772565618695841403,15.646288896,-5.110705852508545,-0.20953476428985596,1.0902273654937744,0.00033785405685193837,-0.14612725377082825,0.019049154594540596,0.9890823364257812,0.03926987656280182,0.0,0.0,0.0,0.0,0.0,0.0
1772565618792278676,15.7427264,-5.127284049987793,-0.20962655544281006,1.1443510055541992,0.00021509826183319092,-0.14604678750038147,0.019305631518363953,0.98908931016922,0.03983606247832644,0.0,0.0,0.0,0.0,0.0,0.0
1772565618897442219,15.84788992,-5.1468939781188965,-0.21014896035194397,1.2097241878509521,0.0004058331251144409,-0.14596092700958252,0.019039392471313477,0.989107072353363,0.03922609577637838,0.0,0.0,0.0,0.0,0.0,0.0
1772565619005101895,15.95554944,-5.166480541229248,-0.21095973253250122,1.2750673294067383,0.0004879682674072683,-0.14579756557941437,0.01888878457248211,0.9891339540481567,0.03888700698848989,0.0,0.0,0.0,0.0,0.0,0.0
1772565619149491135,16.099938816,-5.18316125869751,-0.2109088897705078,1.3296492099761963,0.0006628036499023438,-0.14556869864463806,0.018680498003959656,0.98917156457901,0.03839959001381019,0.0,0.0,0.0,0.0,0.0,0.0
1772565619251130082,16.201577728,-5.199992656707764,-0.21107861399650574,1.383876085281372,0.0006345361471176147,-0.14534401893615723,0.018733873963356018,0.9892036318778992,0.038514819585774296,0.0,0.0,0.0,0.0,0.0,0.0
1772565619350226770,16.300674304,-5.2199320793151855,-0.211679607629776,1.4492073059082031,0.0007720590219832957,-0.1450619101524353,0.01855054683983326,0.9892483949661255,0.03808982185230897,0.0,0.0,0.0,0.0,0.0,0.0
1772565619449564545,16.400012288,-5.236501693725586,-0.21181011199951172,1.5038270950317383,0.0009221731452271342,-0.14480091631412506,0.018272636458277702,0.9892917275428772,0.03746623083242843,0.0,0.0,0.0,0.0,0.0,0.0
1772565619584957688,16.535405312,-5.256620407104492,-0.21248722076416016,1.5688583850860596,0.0008120685815811157,-0.14453542232513428,0.018402516841888428,0.989328145980835,0.0377636927207535,0.0,0.0,0.0,0.0,0.0,0.0
1772565619683314183,16.633761792,-5.276473045349121,-0.21329671144485474,1.634636402130127,0.0010676532983779907,-0.14422553777694702,0.01809130609035492,0.9893789291381836,0.03703927077096785,0.0,0.0,0.0,0.0,0.0,0.0
1772565619817333894,16.767781632,-5.292089462280273,-0.21327510476112366,1.6898126602172852,0.0017872450407594442,-0.14402827620506287,0.017121879383921623,0.9894238114356995,0.0348182417750301,0.0,0.0,0.0,0.0,0.0,0.0
1772565619896361197,16.846808832,-5.311434268951416,-0.21435663104057312,1.7562129497528076,0.0023076683282852173,-0.1438000500202179,0.01646365225315094,0.9894671440124512,0.033300249417270625,0.0,0.0,0.0,0.0,0.0,0.0
1772565620004787518,16.955235072,-5.330811023712158,-0.21582847833633423,1.8224387168884277,0.002774164080619812,-0.14360235631465912,0.01589779555797577,0.9895038604736328,0.03199019666093197,0.0,0.0,0.0,0.0,0.0,0.0
1772565620133296183,17.083743744,-5.351140975952148,-0.2165898084640503,1.8875041007995605,0.002193003660067916,-0.14338883757591248,0.0164013784378767,0.9895280599594116,0.033201791255049934,0.0,0.0,0.0,0.0,0.0,0.0
1772565620249862083,17.20030976,-5.367082595825195,-0.21718046069145203,1.9425334930419922,0.0027381035033613443,-0.1432122439146042,0.015883998945355415,0.9895607829093933,0.031969151986862065,0.0,0.0,0.0,0.0,0.0,0.0
1772565620350945689,17.301393408,-5.386687278747559,-0.21794307231903076,2.0083518028259277,0.002843022346496582,-0.14298219978809357,0.015675291419029236,0.9895970821380615,0.03150510328332912,0.0,0.0,0.0,0.0,0.0,0.0
1772565620483342211,17.433789952,-5.402729034423828,-0.2185049057006836,2.062901020050049,0.003053963417187333,-0.14290502667427063,0.015551895834505558,0.9896095395088196,0.03118693393192792,0.0,0.0,0.0,0.0,0.0,0.0
1772565620583079207,17.533526784,-5.418631553649902,-0.21866658329963684,2.117488384246826,0.0032033771276474,-0.14281386137008667,0.015246033668518066,0.9896270036697388,0.03051047465792421,0.0,0.0,0.0,0.0,0.0,0.0
1772565620684594290,17.635041792,-5.437830448150635,-0.21949127316474915,2.182624340057373,0.0031077268067747355,-0.14274469017982483,0.015150235034525394,0.9896387457847595,0.03034074342545354,0.0,0.0,0.0,0.0,0.0,0.0
1772565620828425207,17.778872832,-5.457171440124512,-0.220248281955719,2.247678756713867,0.00297430157661438,-0.14268536865711212,0.015212371945381165,0.9896467924118042,0.030508255077231306,0.0,0.0,0.0,0.0,0.0,0.0
1772565620941491849,17.891939584,-5.47296142578125,-0.22066646814346313,2.3021702766418457,0.003117575775831938,-0.14264534413814545,0.014942733570933342,0.9896562099456787,0.029908878261502955,0.0,0.0,0.0,0.0,0.0,0.0
1772565621047386461,17.997833984,-5.492530822753906,-0.22162079811096191,2.3673901557922363,0.0029947306029498577,-0.14256319403648376,0.015152079984545708,0.9896652698516846,0.030376858017777345,0.0,0.0,0.0,0.0,0.0,0.0
1772565621131013868,18.081461504,-5.508265018463135,-0.22207123041152954,2.4219512939453125,0.003156915307044983,-0.1424640715122223,0.014938399195671082,0.9896821975708008,0.02988701837989397,0.0,0.0,0.0,0.0,0.0,0.0
1772565621250119033,18.200566528,-5.527897357940674,-0.22309711575508118,2.487302303314209,0.0029921233654022217,-0.1423485279083252,0.015220344066619873,0.9896950721740723,0.030516936665688537,0.0,0.0,0.0,0.0,0.0,0.0
1772565621349469634,18.299917312,-5.547151565551758,-0.22393637895584106,2.552490711212158,0.0031241178512573242,-0.14218147099018097,0.015404388308525085,0.9897158145904541,0.030856356002495658,0.0,0.0,0.0,0.0,0.0,0.0
1772565621484679103,18.435126784,-5.563035011291504,-0.22463178634643555,2.6068387031555176,0.0029437243938446045,-0.1420554220676422,0.015356183052062988,0.9897352457046509,0.03080939520863453,0.0,0.0,0.0,0.0,0.0,0.0
1772565621596618755,18.547066368,-5.582104682922363,-0.22547122836112976,2.672253131866455,0.003120243549346924,-0.1418290138244629,0.015490829944610596,0.9897651076316833,0.03103331663067787,0.0,0.0,0.0,0.0,0.0,0.0
1772565621685980756,18.636428288,-5.597929954528809,-0.22603511810302734,2.726952075958252,0.003187209367752075,-0.14172694087028503,0.015359506011009216,0.9897814989089966,0.030741889058026814,0.0,0.0,0.0,0.0,0.0,0.0
1772565621819665772,18.77011328,-5.617053031921387,-0.22680449485778809,2.7923851013183594,0.003297806018963456,-0.14170683920383453,0.015385345555841923,0.9897836446762085,0.030762403034318934,0.0,0.0,0.0,0.0,0.0,0.0
1772565621901693179,18.8521408,-5.63285493850708,-0.2273373007774353,2.847184181213379,0.003555804491043091,-0.14176513254642487,0.015238344669342041,0.9897767305374146,0.030383326460278724,0.0,0.0,0.0,0.0,0.0,0.0
1772565622030126654,18.980574208,-5.651938438415527,-0.2280559539794922,2.9127254486083984,0.0037745083682239056,-0.1417854279279709,0.01530328206717968,0.9897719025611877,0.03045279773924644,0.0,0.0,0.0,0.0,0.0,0.0
1772565622133219651,19.0836672,-5.667892932891846,-0.22853675484657288,2.96720552444458,0.00400581955909729,-0.14190812408924103,0.015306621789932251,0.9897534251213074,0.030391969626380282,0.0,0.0,0.0,0.0,0.0,0.0
1772565622236583543,19.18703104,-5.687245845794678,-0.2295377254486084,3.033237934112549,0.0038780272006988525,-0.14194370806217194,0.015255793929100037,0.9897496104240417,0.030325085239749448,0.0,0.0,0.0,0.0,0.0,0.0
1772565622349323115,19.299770624,-5.703641891479492,-0.23026853799819946,3.0896687507629395,0.004056141246110201,-0.14199337363243103,0.015272737480700016,0.9897414445877075,0.030307597328312594,0.0,0.0,0.0,0.0,0.0,0.0
1772565622461917373,19.412365056,-5.723404884338379,-0.23108482360839844,3.1578640937805176,0.004254653584212065,-0.14188356697559357,0.014971254393458366,0.9897609949111938,0.02962637316906103,0.0,0.0,0.0,0.0,0.0,0.0
1772565622605359937,19.555807488,-5.743300437927246,-0.23167502880096436,3.2263150215148926,0.004474222660064697,-0.14172589778900146,0.014776811003684998,0.9897856116294861,0.029159744540734518,0.0,0.0,0.0,0.0,0.0,0.0
1772565622677694376,19.62814208,-5.760325908660889,-0.2325412631034851,3.282864570617676,0.004262671340256929,-0.14164060354232788,0.015069710090756416,0.9897943139076233,0.029826096196305055,0.0,0.0,0.0,0.0,0.0,0.0
1772565622827776406,19.778224128,-5.780057430267334,-0.23332440853118896,3.3510661125183105,0.004524454474449158,-0.14150470495224,0.014827430248260498,0.9898162484169006,0.029248577298420644,0.0,0.0,0.0,0.0,0.0,0.0
1772565622928660791,19.879108352,-5.79703950881958,-0.23412171006202698,3.4079108238220215,0.004366844892501831,-0.14141662418842316,0.015021875500679016,0.9898265600204468,0.029695789104676296,0.0,0.0,0.0,0.0,0.0,0.0
1772565623028486247,19.97893376,-5.816830635070801,-0.23500916361808777,3.4766764640808105,0.004724249709397554,-0.14128892123699188,0.01471626851707697,0.9898477792739868,0.02895975665295421,0.0,0.0,0.0,0.0,0.0,0.0
1772565623137002134,20.087449856,-5.836517333984375,-0.23605448007583618,3.5447773933410645,0.004691972862929106,-0.1411605030298233,0.014598218724131584,0.9898679852485657,0.028725416065234023,0.0,0.0,0.0,0.0,0.0,0.0
1772565623229211174,20.179658752,-5.85303258895874,-0.2367340624332428,3.6014633178710938,0.0046440064907073975,-0.14104153215885162,0.01470993459224701,0.989883542060852,0.028969571747699426,0.0,0.0,0.0,0.0,0.0,0.0
1772565623347247774,20.297695488,-5.869541168212891,-0.237359881401062,3.658381938934326,0.004676595330238342,-0.1408882439136505,0.014798477292060852,0.9899039268493652,0.029142143346403977,0.0,0.0,0.0,0.0,0.0,0.0
1772565623492442571,20.44289024,-5.88901948928833,-0.2384624481201172,3.72684907913208,0.004778876900672913,-0.14070138335227966,0.01463724672794342,0.9899323582649231,0.028779156043618852,0.0,0.0,0.0,0.0,0.0,0.0
1772565623620394234,20.570841856,-5.908445835113525,-0.24028098583221436,3.7960190773010254,0.005353167653083801,-0.14055585861206055,0.014189690351486206,0.9899566173553467,0.027687872736834044,0.0,0.0,0.0,0.0,0.0,0.0
1772565623719091285,20.669538816,-5.9274702072143555,-0.24224910140037537,3.8659520149230957,0.006876811850816011,-0.1402268260717392,0.012703255750238895,0.9900140762329102,0.02417831849675426,0.0,0.0,0.0,0.0,0.0,0.0
1772565623817723172,20.768170752,-5.947988510131836,-0.24314719438552856,3.935366630554199,0.007014945149421692,-0.13979114592075348,0.012403726577758789,0.9900784492492676,0.023522471670325253,0.0,0.0,0.0,0.0,0.0,0.0
1772565623950602129,20.901049856,-5.965664863586426,-0.24399280548095703,3.991819381713867,0.006418466567993164,-0.13952083885669708,0.013141974806785583,0.9901111125946045,0.025218390195689968,0.0,0.0,0.0,0.0,0.0,0.0
1772565624052193909,21.002641408,-5.985428333282471,-0.2445269227027893,4.059910774230957,0.006684958003461361,-0.13912174105644226,0.012681392952799797,0.9901715517044067,0.024193220183252935,0.0,0.0,0.0,0.0,0.0,0.0
1772565624149790479,21.10023808,-6.002638339996338,-0.24571800231933594,4.117121696472168,0.006676076911389828,-0.13880106806755066,0.012886149808764458,0.990213930606842,0.024618789605794417,0.0,0.0,0.0,0.0,0.0,0.0
1772565624295372622,21.24582016,-6.023036479949951,-0.2462208867073059,4.185302734375,0.006575196981430054,-0.1384126842021942,0.01303139328956604,0.9902670979499817,0.024948359646679266,0.0,0.0,0.0,0.0,0.0,0.0
1772565624384912116,21.335359744,-6.039892673492432,-0.24707752466201782,4.2421488761901855,0.0065361266024410725,-0.13814637064933777,0.013145656324923038,0.9903029799461365,0.025195754092996507,0.0,0.0,0.0,0.0,0.0,0.0
1772565624496402761,21.446850304,-6.056669235229492,-0.2481338381767273,4.298932075500488,0.0066665709018707275,-0.1377653032541275,0.013067260384559631,0.9903563261032104,0.024998062089940935,0.0,0.0,0.0,0.0,0.0,0.0
1772565624572856592,21.523304192,-6.076767921447754,-0.24864596128463745,4.367035865783691,0.00662250816822052,-0.13739819824695587,0.013110116124153137,0.9904069900512695,0.025100109522933647,0.0,0.0,0.0,0.0,0.0,0.0
1772565624693151873,21.643599616,-6.095102310180664,-0.25008171796798706,4.43131160736084,0.0065971314907073975,-0.13715052604675293,0.012858211994171143,0.9904447793960571,0.024589530955353416,0.0,0.0,0.0,0.0,0.0,0.0
1772565624798512904,21.748960512,-6.107269763946533,-0.2521348297595978,4.476276874542236,0.0073372130282223225,-0.13702669739723206,0.012235344387590885,0.9904646277427673,0.0230968748034463,0.0,0.0,0.0,0.0,0.0,0.0
1772565624892435717,21.842883328,-6.116473197937012,-0.25245264172554016,4.513223171234131,0.008067295886576176,-0.1368439793586731,0.010939926840364933,0.9904993772506714,0.020223675056584064,0.0,0.0,0.0,0.0,0.0,0.0
1772565625034482369,21.984930048,-6.12501335144043,-0.25453218817710876,4.545287132263184,0.007907046936452389,-0.13676191866397858,0.010365678928792477,0.9905181527137756,0.019087925362926368,0.0,0.0,0.0,0.0,0.0,0.0
1772565625142761732,22.093209344,-6.134521961212158,-0.25482648611068726,4.575275897979736,0.007178530562669039,-0.13670788705348969,0.011184127070009708,0.9905222654342651,0.020980008652740478,0.0,0.0,0.0,0.0,0.0,0.0
1772565625243447830,22.193895424,-6.139274597167969,-0.2559531033039093,4.592965602874756,0.0076734572649002075,-0.13664031028747559,0.010844901204109192,0.9905316829681396,0.020141657952851565,0.0,0.0,0.0,0.0,0.0,0.0
1772565625340766348,22.29121408,-6.141670227050781,-0.25655120611190796,4.6028618812561035,0.007953107357025146,-0.1366904377937317,0.010336920619010925,0.9905279874801636,0.019016258402104365,0.0,0.0,0.0,0.0,0.0,0.0
1772565625447650306,22.39809792,-6.143145561218262,-0.2569561004638672,4.609304904937744,0.007059261202812195,-0.13694363832473755,0.010426715016365051,0.9904989004135132,0.01945336548875057,0.0,0.0,0.0,0.0,0.0,0.0
1772565625573687259,22.524134912,-6.140671730041504,-0.25634974241256714,4.601510047912598,0.008081615902483463,-0.1369229257106781,0.010122285224497318,0.9904970526695251,0.01853584142561957,0.0,0.0,0.0,0.0,0.0,0.0
1772565625692103733,22.642551296,-6.139203071594238,-0.25598180294036865,4.594723701477051,0.007789522875100374,-0.1369999796152115,0.010759592987596989,0.990481972694397,0.01993025346174592,0.0,0.0,0.0,0.0,0.0,0.0
1772565625789153399,22.739600896,-6.136633396148682,-0.255145788192749,4.584743976593018,0.00751766562461853,-0.1369556337594986,0.010870605707168579,0.9904890060424805,0.020236528597181863,0.0,0.0,0.0,0.0,0.0,0.0
1772565625892667527,22.843115264,-6.132751941680908,-0.2545061707496643,4.570858478546143,0.0074486881494522095,-0.13689830899238586,0.010793671011924744,0.9904983043670654,0.0200982054067779,0.0,0.0,0.0,0.0,0.0,0.0
1772565626019911941,22.970359552,-6.125560283660889,-0.25532951951026917,4.550238609313965,0.008812487125396729,-0.13674376904964447,0.009376958012580872,0.9905228614807129,0.016795628772387237,0.0,0.0,0.0,0.0,0.0,0.0
1772565626125031606,23.075479296,-6.120382785797119,-0.25337210297584534,4.528538703918457,0.008854792453348637,-0.13674907386302948,0.010235712863504887,0.990513265132904,0.01855111130498438,0.0,0.0,0.0,0.0,0.0,0.0
1772565626249606138,23.20005376,-6.116189479827881,-0.2525072395801544,4.509376525878906,0.007814600132405758,-0.13668276369571686,0.011051996611058712,0.9905223846435547,0.02052749378991839,0.0,0.0,0.0,0.0,0.0,0.0
1772565626326132965,23.276580608,-6.106143951416016,-0.2518530488014221,4.4735426902771,0.008800939656794071,-0.13648265600204468,0.010835693217813969,0.9905440807342529,0.019804071709903424,0.0,0.0,0.0,0.0,0.0,0.0
1772565626449281004,23.39972864,-6.097054958343506,-0.2505880296230316,4.439765453338623,0.008544251322746277,-0.13629060983657837,0.01078680157661438,0.9905733466148376,0.019778115672948633,0.0,0.0,0.0,0.0,0.0,0.0
1772565626597444699,23.547892224,-6.0861077308654785,-0.24879762530326843,4.395918369293213,0.008377104997634888,-0.13610295951366425,0.011612102389335632,0.990591287612915,0.021525477845460498,0.0,0.0,0.0,0.0,0.0,0.0
1772565626703018101,23.6534656,-6.072499752044678,-0.24855154752731323,4.3455023765563965,0.008208796381950378,-0.13595347106456757,0.011801287531852722,0.9906109571456909,0.021963578508796922,0.0,0.0,0.0,0.0,0.0,0.0
1772565626807400532,23.757848064,-6.059223651885986,-0.24909573793411255,4.298703670501709,0.008311272598803043,-0.13580955564975739,0.011422128416597843,0.9906342625617981,0.021155684590118684,0.0,0.0,0.0,0.0,0.0,0.0
1772565626911467011,23.861914624,-6.045750141143799,-0.2474488914012909,4.249540328979492,0.008299708366394043,-0.13562247157096863,0.011300697922706604,0.9906613826751709,0.020910722417968684,0.0,0.0,0.0,0.0,0.0,0.0
1772565627005231198,23.95567872,-6.02957010269165,-0.2466225028038025,4.18795108795166,0.007604524493217468,-0.13547176122665405,0.011865094304084778,0.9906810522079468,0.022268755039238395,0.0,0.0,0.0,0.0,0.0,0.0
1772565627119979674,24.070427392,-6.0127644538879395,-0.24564439058303833,4.130158424377441,0.008391514420509338,-0.13532379269599915,0.011057794094085693,0.9907042384147644,0.020387834147075196,0.0,0.0,0.0,0.0,0.0,0.0
1772565627210429428,24.160877056,-5.994073867797852,-0.24549540877342224,4.06141996383667,0.008236989378929138,-0.13513833284378052,0.011102557182312012,0.990730345249176,0.02052496703391676,0.0,0.0,0.0,0.0,0.0,0.0
1772565627349616179,24.300063744,-5.975397109985352,-0.24430888891220093,3.990689754486084,0.00803801417350769,-0.13489629328250885,0.011495128273963928,0.9907604455947876,0.021390226132514054,0.0,0.0,0.0,0.0,0.0,0.0
1772565627449243807,24.39969152,-5.959823131561279,-0.24339699745178223,3.931610584259033,0.007640212774276733,-0.1347462385892868,0.011944174766540527,0.9907786846160889,0.02242622954188976,0.0,0.0,0.0,0.0,0.0,0.0
1772565627550694790,24.501142528,-5.940950393676758,-0.24236375093460083,3.8588976860046387,0.006191954016685486,-0.13493862748146057,0.012899070978164673,0.9907506704330444,0.02479476183421896,0.0,0.0,0.0,0.0,0.0,0.0
1772565627651278304,24.601725952,-5.922628879547119,-0.24035081267356873,3.789459705352783,0.005643889773637056,-0.13538266718387604,0.01369509194046259,0.9906827211380005,0.02658528665232816,0.0,0.0,0.0,0.0,0.0,0.0
1772565627751608859,24.702056448,-5.899143695831299,-0.23858770728111267,3.711392402648926,0.005769684910774231,-0.13725599646568298,0.013769581913948059,0.9904231429100037,0.026701673483186562,0.0,0.0,0.0,0.0,0.0,0.0
1772565627912376011,24.86282368,-5.866094589233398,-0.23697704076766968,3.604707717895508,0.005346417427062988,-0.14325399696826935,0.01383189857006073,0.9895749092102051,0.026953945010291688,0.0,0.0,0.0,0.0,0.0,0.0
1772565628027653776,24.978101504,-5.823869705200195,-0.23540085554122925,3.494494915008545,0.005235627293586731,-0.15476393699645996,0.013815134763717651,0.987841010093689,0.026969763372422483,0.0,0.0,0.0,0.0,0.0,0.0
1772565628117794733,25.068242432,-5.786013603210449,-0.23356804251670837,3.4021105766296387,0.004959300626069307,-0.16829237341880798,0.014125094749033451,0.9856234192848206,0.027751130455252782,0.0,0.0,0.0,0.0,0.0,0.0
1772565628235782937,25.186230528,-5.7360148429870605,-0.23129063844680786,3.29514741897583,0.0054057384841144085,-0.18756866455078125,0.013777701184153557,0.9821399450302124,0.026934777205146688,0.0,0.0,0.0,0.0,0.0,0.0
1772565628325303466,25.275751168,-5.698983192443848,-0.23032847046852112,3.21101713180542,0.005871565081179142,-0.20607848465442657,0.013137536123394966,0.9784296751022339,0.02545404259123527,0.0,0.0,0.0,0.0,0.0,0.0
1772565628429586698,25.380034304,-5.6852946281433105,-0.23056966066360474,3.1441287994384766,0.005832761526107788,-0.2285238653421402,0.013853833079338074,0.9734222888946533,0.027145060608542198,0.0,0.0,0.0,0.0,0.0,0.0
1772565628533659629,25.484107264,-5.686297416687012,-0.2301608920097351,3.1245579719543457,0.006334899924695492,-0.24446381628513336,0.0138538908213377,0.9695387482643127,0.026997986547299974,0.0,0.0,0.0,0.0,0.0,0.0
1772565628643972051,25.594419712,-5.686280727386475,-0.22987276315689087,3.116671085357666,0.006188049912452698,-0.2582085430622101,0.014344051480293274,0.9659629464149475,0.028293937480153457,0.0,0.0,0.0,0.0,0.0,0.0
1772565628773099703,25.723547392,-5.684770584106445,-0.23006671667099,3.108297824859619,0.006462812889367342,-0.27216047048568726,0.013837144710123539,0.9621306657791138,0.027132661334172886,0.0,0.0,0.0,0.0,0.0,0.0
1772565628859571168,25.810018816,-5.681906700134277,-0.22984755039215088,3.0997796058654785,0.0067571550607681274,-0.28153684735298157,0.013317197561264038,0.9594342708587646,0.02585165936580851,0.0,0.0,0.0,0.0,0.0,0.0
1772565628964083261,25.914530816,-5.677187919616699,-0.22982805967330933,3.081554889678955,0.0068237632513046265,-0.2905662953853607,0.013882309198379517,0.9567298293113708,0.027194662095749562,0.0,0.0,0.0,0.0,0.0,0.0
1772565629075969014,26.02641664,-5.65167236328125,-0.22887834906578064,3.051565170288086,0.007033944129943848,-0.30318886041641235,0.013556316494941711,0.952808141708374,0.026432055784854268,0.0,0.0,0.0,0.0,0.0,0.0
1772565629219368614,26.16981632,-5.626718044281006,-0.22807428240776062,3.0259881019592285,0.006907477043569088,-0.31441202759742737,0.013740373775362968,0.9491620659828186,0.027103667883142262,0.0,0.0,0.0,0.0,0.0,0.0
1772565629285278568,26.23572608,-5.599833011627197,-0.2266550064086914,3.002474308013916,0.007027015555649996,-0.32622599601745605,0.013709292747080326,0.945166289806366,0.02710437691291572,0.0,0.0,0.0,0.0,0.0,0.0
1772565629388819433,26.339267072,-5.567911148071289,-0.22548076510429382,2.975572109222412,0.007744282484054565,-0.34153664112091064,0.01338997483253479,0.9397412538528442,0.025930628624985335,0.0,0.0,0.0,0.0,0.0,0.0
1772565629513241036,26.463688704,-5.53794527053833,-0.22466236352920532,2.951869487762451,0.007602989673614502,-0.35727789998054504,0.013478636741638184,0.9338699579238892,0.026516318353057153,0.0,0.0,0.0,0.0,0.0,0.0
1772565629619316626,26.569764352,-5.515197277069092,-0.22421467304229736,2.9297404289245605,0.008034497499465942,-0.37468594312667847,0.012763753533363342,0.9270291328430176,0.024538177737028186,0.0,0.0,0.0,0.0,0.0,0.0
1772565629714256919,26.664704512,-5.489372253417969,-0.22328826785087585,2.9016122817993164,0.008454889059066772,-0.3968081474304199,0.012925148010253906,0.9177716970443726,0.024842892304779686,0.0,0.0,0.0,0.0,0.0,0.0
1772565629821805128,26.772252672,-5.47599458694458,-0.2225656509399414,2.8819003105163574,0.008612431585788727,-0.4154190719127655,0.01316128671169281,0.9094942212104797,0.025639144540088844,0.0,0.0,0.0,0.0,0.0,0.0
1772565629933180332,26.883628032,-5.47995138168335,-0.22324007749557495,2.8740720748901367,0.00896790623664856,-0.43484216928482056,0.012786395847797394,0.9003713130950928,0.024493603328102735,0.0,0.0,0.0,0.0,0.0,0.0
1772565630028634289,26.979081984,-5.479668140411377,-0.22309550642967224,2.884730815887451,0.009751781821250916,-0.45108503103256226,0.012531280517578125,0.8923397660255432,0.02288423727431102,0.0,0.0,0.0,0.0,0.0,0.0
1772565630149157176,27.099604736,-5.482973575592041,-0.22276043891906738,2.8990073204040527,0.009333401918411255,-0.4684251546859741,0.012730143964290619,0.8833622336387634,0.024506292908348444,0.0,0.0,0.0,0.0,0.0,0.0
1772565630251720503,27.202168064,-5.485201358795166,-0.22311341762542725,2.9140095710754395,0.009605907835066319,-0.4884582757949829,0.01266919169574976,0.8724424242973328,0.024343912321516135,0.0,0.0,0.0,0.0,0.0,0.0
1772565630370744305,27.321191936,-5.4874982833862305,-0.2227548062801361,2.92697811126709,0.010068953037261963,-0.5044901967048645,0.012412115931510925,0.8632695078849792,0.022965777412408784,0.0,0.0,0.0,0.0,0.0,0.0
1772565630472443551,27.422891264,-5.4955034255981445,-0.2230997085571289,2.9455113410949707,0.010642677545547485,-0.5216598510742188,0.012011751532554626,0.853002667427063,0.020610378376473348,0.0,0.0,0.0,0.0,0.0,0.0
1772565630573664819,27.524112384,-5.5181660652160645,-0.22428250312805176,2.9728598594665527,0.010666981339454651,-0.5429584383964539,0.011877059936523438,0.839607834815979,0.020383627049543773,0.0,0.0,0.0,0.0,0.0,0.0
1772565630715339104,27.665786624,-5.541266441345215,-0.22475004196166992,2.996809959411621,0.010993622243404388,-0.5609905123710632,0.011969882994890213,0.8276627063751221,0.02019591085328809,0.0,0.0,0.0,0.0,0.0,0.0
1772565630807203705,27.7576512,-5.575190544128418,-0.2263074517250061,3.0242276191711426,0.011499058455228806,-0.5835161209106445,0.011450845748186111,0.8119394779205322,0.0162336297459506,0.0,0.0,0.0,0.0,0.0,0.0
1772565630940494807,27.890942464,-5.609048843383789,-0.22754669189453125,3.0436863899230957,0.01138952374458313,-0.6034234762191772,0.011815063655376434,0.7972521185874939,0.018760646048652983,0.0,0.0,0.0,0.0,0.0,0.0
1772565631029941080,27.980388608,-5.658448696136475,-0.229198157787323,3.055738925933838,0.010898273438215256,-0.6291714310646057,0.011398743838071823,0.7771065831184387,0.019237041834809215,0.0,0.0,0.0,0.0,0.0,0.0
1772565631131793302,28.082241024,-5.698412895202637,-0.2297547459602356,3.052922248840332,0.011526558548212051,-0.6509027481079102,0.01043347641825676,0.7590019106864929,0.0054627851737784824,0.0,0.0,0.0,0.0,0.0,0.0
1772565631231435723,28.181883392,-5.739059925079346,-0.23046821355819702,3.0503129959106445,0.011204909533262253,-0.6715134978294373,0.010659106075763702,0.7408308982849121,0.007605603249303415,0.0,0.0,0.0,0.0,0.0,0.0
1772565631351651212,28.302098944,-5.782855033874512,-0.23179969191551208,3.043447971343994,0.011782044544816017,-0.6945714354515076,0.010544048622250557,0.7192500829696655,-0.0343327966882834,0.0,0.0,0.0,0.0,0.0,0.0
1772565631449955012,28.400402688,-5.808850288391113,-0.23285728693008423,3.0451107025146484,0.012303407303988934,-0.7128725051879883,0.009716796688735485,0.7011184692382812,-2.9094133143964185,0.0,0.0,0.0,0.0,0.0,0.0
1772565631556745738,28.507193344,-5.840487480163574,-0.2339351773262024,3.048147201538086,0.013077917508780956,-0.7335317730903625,0.009202344343066216,0.6794670224189758,-3.054264394272908,0.0,0.0,0.0,0.0,0.0,0.0
1772565631700094912,28.650542592,-5.880189418792725,-0.23553669452667236,3.0472512245178223,0.013543114066123962,-0.7528276443481445,0.008718529716134071,0.6580206751823425,-3.074970466493937,0.0,0.0,0.0,0.0,0.0,0.0
1772565631782030243,28.732477952,-5.9186296463012695,-0.23674646019935608,3.049975872039795,0.013645056635141373,-0.7682539224624634,0.00853700190782547,0.6399429440498352,-3.0860529475744904,0.0,0.0,0.0,0.0,0.0,0.0
1772565631877669345,28.828116992,-5.959654331207275,-0.23877298831939697,3.051931858062744,0.013848476111888885,-0.7840979099273682,0.007655836641788483,0.6204354166984558,-3.0884633868948947,0.0,0.0,0.0,0.0,0.0,0.0
1772565632014051749,28.964499456,-5.993033409118652,-0.23939251899719238,3.0487236976623535,0.01394900307059288,-0.8034285306930542,0.006861060857772827,0.5951983332633972,-3.09268900846756,0.0,0.0,0.0,0.0,0.0,0.0
1772565632107588481,29.058036224,-6.009771823883057,-0.2394046187400818,3.0366644859313965,0.014075309038162231,-0.818050742149353,0.007507577538490295,0.5749248266220093,-3.0990926754914816,0.0,0.0,0.0,0.0,0.0,0.0
1772565632249760857,29.200208384,-6.020970821380615,-0.2396993637084961,3.0233988761901855,0.013821177184581757,-0.8341081142425537,0.00758497416973114,0.5513757467269897,-3.10409025042626,0.0,0.0,0.0,0.0,0.0,0.0
1772565632390375638,29.340823296,-6.027712345123291,-0.24000796675682068,3.022655963897705,0.013888105750083923,-0.8498592376708984,0.006904855370521545,0.5267814993858337,-3.104878271155161,0.0,0.0,0.0,0.0,0.0,0.0
1772565632466108297,29.416556032,-6.036192417144775,-0.24019747972488403,3.028532028198242,0.014312466606497765,-0.861197829246521,0.0065466975793242455,0.5080260634422302,-3.104374422378955,0.0,0.0,0.0,0.0,0.0,0.0
1772565632605501252,29.5559488,-6.042919635772705,-0.2406524121761322,3.0373873710632324,0.0145606379956007,-0.8692111372947693,0.005704074632376432,0.4941936731338501,-3.1031184166836248,0.0,0.0,0.0,0.0,0.0,0.0
1772565632701375137,29.651822848,-6.04436731338501,-0.24102848768234253,3.0397887229919434,0.015091858804225922,-0.876237154006958,0.006353169679641724,0.48160192370414734,-3.103660380780367,0.0,0.0,0.0,0.0,0.0,0.0
1772565632793034734,29.743482368,-6.047694683074951,-0.24131682515144348,3.0455260276794434,0.014799162745475769,-0.8830513954162598,0.005271025002002716,0.4690133035182953,-3.103740996707558,0.0,0.0,0.0,0.0,0.0,0.0
1772565632917212756,29.867660288,-6.045863628387451,-0.24074587225914001,3.055910587310791,0.014871091581881046,-0.8897328972816467,0.005466014612466097,0.4562065601348877,-3.1047928786644783,0.0,0.0,0.0,0.0,0.0,0.0
1772565633017140705,29.967588352,-6.042037487030029,-0.24065658450126648,3.065014362335205,0.01489226520061493,-0.8944547176361084,0.005564883351325989,0.4468759298324585,-3.1055058309876986,0.0,0.0,0.0,0.0,0.0,0.0
1772565633118440932,30.068888576,-6.035216808319092,-0.2404952347278595,3.074221134185791,0.014860467053949833,-0.8984800577163696,0.0049284775741398335,0.4387350082397461,-3.105195210183381,0.0,0.0,0.0,0.0,0.0,0.0
1772565633227030453,30.177478144,-6.027345657348633,-0.240247905254364,3.0857796669006348,0.014872722327709198,-0.9018651247024536,0.005927734076976776,0.431721031665802,-3.106972776726047,0.0,0.0,0.0,0.0,0.0,0.0
1772565633318940459,30.269388032,-6.018274307250977,-0.24032679200172424,3.1016554832458496,0.015258044004440308,-0.9058678150177002,0.004440873861312866,0.4232623279094696,-3.1043624776541616,0.0,0.0,0.0,0.0,0.0,0.0
1772565633419199967,30.369647616,-6.008661270141602,-0.24038219451904297,3.1151175498962402,0.01529867947101593,-0.9086788892745972,0.005044728517532349,0.41718488931655884,-3.105390553526573,0.0,0.0,0.0,0.0,0.0,0.0
1772565633549346703,30.499794432,-5.999431610107422,-0.24004387855529785,3.1313910484313965,0.01544412225484848,-0.9124621152877808,0.004233404994010925,0.408847838640213,-3.104444474704958,0.0,0.0,0.0,0.0,0.0,0.0
1772565633627328020,30.577775616,-5.990931987762451,-0.2396761178970337,3.145921230316162,0.014963507652282715,-0.9157546758651733,0.0042998939752578735,0.4014362692832947,-3.1062385768308647,0.0,0.0,0.0,0.0,0.0,0.0
1772565633749506897,30.699954432,-5.979005336761475,-0.23869282007217407,3.1645798683166504,0.015329614281654358,-0.9188001155853271,0.004634469747543335,0.3943982720375061,-3.1059990761127687,0.0,0.0,0.0,0.0,0.0,0.0
1772565633849359885,30.799807488,-5.956284999847412,-0.2382950782775879,3.197381019592285,0.015822991728782654,-0.923005998134613,0.004560410976409912,0.38443297147750854,-3.1050947414127257,0.0,0.0,0.0,0.0,0.0,0.0
1772565633949105128,30.899552768,-5.92489767074585,-0.2368755042552948,3.2443394660949707,0.015236645936965942,-0.929027795791626,0.003881499171257019,0.3696756958961487,-3.106575022532221,0.0,0.0,0.0,0.0,0.0,0.0
1772565634082899404,31.033347072,-5.896805763244629,-0.2369326949119568,3.288944721221924,0.015517160296440125,-0.9340673089027405,0.003392234444618225,0.35674354434013367,-3.1059455983744284,0.0,0.0,0.0,0.0,0.0,0.0
1772565634191338156,31.141785856,-5.870937347412109,-0.23562675714492798,3.331435203552246,0.01514957845211029,-0.9388504028320312,0.003548756241798401,0.3439735472202301,-3.107519023803805,0.0,0.0,0.0,0.0,0.0,0.0
1772565634283926729,31.2343744,-5.844066143035889,-0.23528319597244263,3.3770761489868164,0.015598371624946594,-0.9433071613311768,0.0033760368824005127,0.3315371870994568,-3.106734060218031,0.0,0.0,0.0,0.0,0.0,0.0
1772565634386204422,31.336652032,-5.816412448883057,-0.2346319556236267,3.4244017601013184,0.01520331297069788,-0.9475908875465393,0.0032718332950025797,0.31910768151283264,-3.1080261315168154,0.0,0.0,0.0,0.0,0.0,0.0
1772565634461222602,31.411670272,-5.7881293296813965,-0.23474830389022827,3.472970485687256,0.016467245295643806,-0.9513599872589111,0.0024397524539381266,0.30763134360313416,-3.104788651301808,0.0,0.0,0.0,0.0,0.0,0.0
1772565634566045221,31.5164928,-5.760511875152588,-0.23369985818862915,3.516305446624756,0.015616729855537415,-0.9549175500869751,0.002613842487335205,0.2964487671852112,-3.1072805629698745,0.0,0.0,0.0,0.0,0.0,0.0
1772565634675807697,31.62625536,-5.733884811401367,-0.2339235246181488,3.559856414794922,0.016688436269760132,-0.9588391780853271,0.0017126351594924927,0.2834538519382477,-3.104611476947161,0.0,0.0,0.0,0.0,0.0,0.0
1772565634808403454,31.758851072,-5.718299865722656,-0.23382532596588135,3.5940260887145996,0.01675605960190296,-0.9622727036476135,0.0017414839239791036,0.2715647518634796,-3.104867366846582,0.0,0.0,0.0,0.0,0.0,0.0
1772565634911494398,31.861942016,-5.708202362060547,-0.23349922895431519,3.624159336090088,0.016555964946746826,-0.9657536745071411,0.0012191683053970337,0.2589290738105774,-3.1053848409016185,0.0,0.0,0.0,0.0,0.0,0.0
1772565635016418695,31.966866432,-5.702585697174072,-0.23370224237442017,3.6476731300354004,0.017694218084216118,-0.9692778587341309,-0.0004500746144913137,0.24533069133758545,-3.102338561886939,0.0,0.0,0.0,0.0,0.0,0.0
1772565635130346121,32.080793856,-5.700381278991699,-0.23278430104255676,3.662583827972412,0.016825826838612556,-0.9732387065887451,-0.0018793644849210978,0.22917205095291138,-3.1040290426176314,0.0,0.0,0.0,0.0,0.0,0.0
1772565635221681992,32.172129536,-5.699680328369141,-0.23310726881027222,3.670494556427002,0.016082750633358955,-0.976707398891449,-0.0016966016264632344,0.21396537125110626,-3.106205309567055,0.0,0.0,0.0,0.0,0.0,0.0
1772565635331651165,32.282098688,-5.701884746551514,-0.23284095525741577,3.6751246452331543,0.016448574140667915,-0.9803422689437866,-0.0016738923732191324,0.19661062955856323,-3.1059207961528497,0.0,0.0,0.0,0.0,0.0,0.0
1772565635426909270,32.3773568,-5.706807613372803,-0.23215532302856445,3.6457018852233887,0.017081797122955322,-0.9849055409431458,-0.005404382944107056,0.17216293513774872,-3.1038407735683444,0.0,0.0,0.0,0.0,0.0,0.0
1772565635535281419,32.485729024,-5.710485458374023,-0.23148667812347412,3.5736536979675293,0.016491176560521126,-0.9889772534370422,-0.004110381472855806,0.14708903431892395,-3.1062293608506564,0.0,0.0,0.0,0.0,0.0,0.0
1772565635637889437,32.588337152,-5.715483665466309,-0.2318929135799408,3.482489585876465,0.015762150287628174,-0.9927264451980591,-0.003354087471961975,0.11930857598781586,-3.108551929531126,0.0,0.0,0.0,0.0,0.0,0.0
1772565635739388923,32.689836544,-5.715971946716309,-0.23056432604789734,3.382934093475342,0.016012044623494148,-0.9957979321479797,-0.003946245182305574,0.0900808796286583,-3.108449226209808,0.0,0.0,0.0,0.0,0.0,0.0
1772565635850291302,32.800738816,-5.710095405578613,-0.22937637567520142,3.2643685340881348,0.015557141043245792,-0.9981399774551392,-0.004042596090584993,0.05880650877952576,-3.10983637120412,0.0,0.0,0.0,0.0,0.0,0.0
1772565635949292982,32.899740672,-5.707856178283691,-0.22962471842765808,3.1464414596557617,0.014547601342201233,-0.9997280240058899,-0.0013655871152877808,0.01817918010056019,-3.1124323621364134,0.0,0.0,0.0,0.0,0.0,0.0
1772565636087748662,33.038196224,-5.731597900390625,-0.2310815453529358,3.070934772491455,0.015090703964233398,-0.9994876980781555,-0.0026298463344573975,-0.028101682662963867,-3.1115223735719426,0.0,0.0,0.0,0.0,0.0,0.0
1772565636188232545,33.138680064,-5.7514848709106445,-0.23161080479621887,3.0049538612365723,0.014772058464586735,-0.9968932271003723,-0.0029311778489500284,-0.07731197029352188,-3.112238163787709,0.0,0.0,0.0,0.0,0.0,0.0
1772565636284293249,33.234740992,-5.768622875213623,-0.23068955540657043,2.9423789978027344,0.014331070706248283,-0.9918525815010071,-0.0035598869435489178,-0.12653227150440216,-3.113149896220081,0.0,0.0,0.0,0.0,0.0,0.0
1772565636398565750,33.349013248,-5.775639533996582,-0.2313547432422638,2.8843884468078613,0.014460891485214233,-0.985879123210907,-0.004150748252868652,-0.16678190231323242,-3.112860851727307,0.0,0.0,0.0,0.0,0.0,0.0
1772565636501608703,33.45205632,-5.772251605987549,-0.23083627223968506,2.825786590576172,0.014320224523544312,-0.9787409901618958,-0.004433155059814453,-0.20455193519592285,-3.1129753391688286,0.0,0.0,0.0,0.0,0.0,0.0
1772565636606146770,33.556594432,-5.7644805908203125,-0.23073679208755493,2.7725143432617188,0.014840453863143921,-0.9709632992744446,-0.004687011241912842,-0.23872193694114685,-3.1115860961737063,0.0,0.0,0.0,0.0,0.0,0.0
1772565636713098418,33.663546112,-5.745499134063721,-0.23000943660736084,2.7159805297851562,0.014422832056879997,-0.9612996578216553,-0.0055227275006473064,-0.2750716805458069,-3.1124928387590316,0.0,0.0,0.0,0.0,0.0,0.0
1772565636827542798,33.7779904,-5.728499412536621,-0.23032906651496887,2.669196605682373,0.014193952083587646,-0.953690767288208,-0.0063162147998809814,-0.30038756132125854,-3.113181609822873,0.0,0.0,0.0,0.0,0.0,0.0
1772565636949274894,33.899722496,-5.697626113891602,-0.2290414571762085,2.622663974761963,0.014828473329544067,-0.9482729434967041,-0.006387293338775635,-0.3170454204082489,-3.111455244008961,0.0,0.0,0.0,0.0,0.0,0.0
1772565637027635470,33.978083072,-5.668330669403076,-0.22781366109848022,2.5852065086364746,0.014546064659953117,-0.9466347694396973,-0.006288020871579647,-0.3219184875488281,-3.111952529222261,0.0,0.0,0.0,0.0,0.0,0.0
1772565637139708879,34.090156544,-5.638200283050537,-0.226953387260437,2.5468459129333496,0.01438659243285656,-0.9463486075401306,-0.006240188144147396,-0.32276687026023865,-3.112278058620907,0.0,0.0,0.0,0.0,0.0,0.0
1772565637251829571,34.20227712,-5.6075897216796875,-0.22576120495796204,2.5063834190368652,0.014188766479492188,-0.9456508159637451,-0.005966156721115112,-0.324819415807724,-3.1124861021499863,0.0,0.0,0.0,0.0,0.0,0.0
1772565637350299263,34.300746752,-5.580662250518799,-0.22526639699935913,2.482046604156494,0.01359727792441845,-0.9432663321495056,-0.006494133733212948,-0.33169496059417725,-3.1142214517085898,0.0,0.0,0.0,0.0,0.0,0.0
1772565637461366797,34.4118144,-5.553884983062744,-0.22387245297431946,2.463496685028076,0.013620198704302311,-0.9387717247009277,-0.007105082739144564,-0.34419721364974976,-3.1144827319488444,0.0,0.0,0.0,0.0,0.0,0.0
1772565637564179716,34.514627328,-5.5153937339782715,-0.22279170155525208,2.4406566619873047,0.013507574796676636,-0.93064284324646,-0.007471263408660889,-0.36560314893722534,-3.1147271845491824,0.0,0.0,0.0,0.0,0.0,0.0
1772565637671275787,34.621723392,-5.47681999206543,-0.22164979577064514,2.4220194816589355,0.013696014881134033,-0.9215399622917175,-0.007661163806915283,-0.38796645402908325,-3.113975000089609,0.0,0.0,0.0,0.0,0.0,0.0
1772565637771945360,34.722393088,-5.431030750274658,-0.21943438053131104,2.3987507820129395,0.013297975063323975,-0.9123928546905518,-0.007697999477386475,-0.40902721881866455,-3.114580439658126,0.0,0.0,0.0,0.0,0.0,0.0
1772565637883865371,34.83431296,-5.3947834968566895,-0.21851074695587158,2.367082118988037,0.013229548931121826,-0.9079405069351196,-0.00774914026260376,-0.4188186526298523,-3.114577876553485,0.0,0.0,0.0,0.0,0.0,0.0
1772565637981648427,34.932096,-5.359246730804443,-0.21703362464904785,2.3352627754211426,0.013516545295715332,-0.9072887897491455,-0.007757991552352905,-0.4202192425727844,-3.1137458012672155,0.0,0.0,0.0,0.0,0.0,0.0
1772565638122392230,35.072839936,-5.314666271209717,-0.21560195088386536,2.2974629402160645,0.013372987508773804,-0.9072746634483337,-0.007622390985488892,-0.4202568531036377,-3.113971397136034,0.0,0.0,0.0,0.0,0.0,0.0
1772565638226378728,35.176826368,-5.2776031494140625,-0.21479424834251404,2.26597261428833,0.01341092586517334,-0.9072730541229248,-0.007571578025817871,-0.42026007175445557,-3.113798786018915,0.0,0.0,0.0,0.0,0.0,0.0
1772565638310396835,35.260844544,-5.240456581115723,-0.2137940526008606,2.2345786094665527,0.013404607772827148,-0.9072692394256592,-0.007755666971206665,-0.4202651381492615,-3.1140556268155652,0.0,0.0,0.0,0.0,0.0,0.0
1772565638397833498,35.348281088,-5.203490257263184,-0.2123660445213318,2.203002452850342,0.01349109411239624,-0.9072347283363342,-0.00785738229751587,-0.42033496499061584,-3.113943110554793,0.0,0.0,0.0,0.0,0.0,0.0
1772565638499724157,35.450171648,-5.166186809539795,-0.2106417417526245,2.171565532684326,0.013153702020645142,-0.9072265028953552,-0.007635921239852905,-0.4203674793243408,-3.1146013710299347,0.0,0.0,0.0,0.0,0.0,0.0
1772565638650060829,35.600508416,-5.121917724609375,-0.20916646718978882,2.1337475776672363,0.013449013233184814,-0.907219409942627,-0.0077664852142333984,-0.42037099599838257,-3.1139420216126164,0.0,0.0,0.0,0.0,0.0,0.0
1772565638715346619,35.665794304,-5.084473133087158,-0.20828840136528015,2.1020703315734863,0.013374239206314087,-0.9072239995002747,-0.007596731185913086,-0.42036673426628113,-3.1139313252188083,0.0,0.0,0.0,0.0,0.0,0.0
1772565638830472285,35.780919808,-5.047154426574707,-0.20735955238342285,2.070557117462158,0.013333648443222046,-0.9072327017784119,-0.007630705833435059,-0.42034846544265747,-3.114089972077954,0.0,0.0,0.0,0.0,0.0,0.0
1772565638931259005,35.881706496,-5.002447128295898,-0.20574000477790833,2.032691478729248,0.013309091329574585,-0.9072237610816956,-0.007645845413208008,-0.42036837339401245,-3.114178030153911,0.0,0.0,0.0,0.0,0.0,0.0
1772565639049553063,36.000000768,-4.965493202209473,-0.204212486743927,2.001223564147949,0.013382673263549805,-0.9072034358978271,-0.007673352956771851,-0.4204094111919403,-3.1140060502538547,0.0,0.0,0.0,0.0,0.0,0.0
1772565639150409217,36.100856832,-4.92053747177124,-0.2027684450149536,1.9633874893188477,0.01311510894447565,-0.9072065949440002,-0.00758022116497159,-0.42041265964508057,-3.1146360232878814,0.0,0.0,0.0,0.0,0.0,0.0
1772565639252024144,36.20247168,-4.883631706237793,-0.2015063464641571,1.9319052696228027,0.013317197561264038,-0.9072004556655884,-0.007652729749679565,-0.42041829228401184,-3.1141627988915412,0.0,0.0,0.0,0.0,0.0,0.0
1772565639382497604,36.332945152,-4.846379280090332,-0.2006807029247284,1.900406837463379,0.013147026300430298,-0.9071966409683228,-0.007415652275085449,-0.42043599486351013,-3.1143316848832723,0.0,0.0,0.0,0.0,0.0,0.0
1772565639483025489,36.433473024,-4.801743984222412,-0.19921159744262695,1.8626723289489746,0.013128101825714111,-0.9071988463401794,-0.007465243339538574,-0.4204309284687042,-3.114449470217954,0.0,0.0,0.0,0.0,0.0,0.0
1772565639583971747,36.534419456,-4.764715194702148,-0.1979128122329712,1.8312315940856934,0.013244777917861938,-0.9071931838989258,-0.007618516683578491,-0.4204367995262146,-3.1143210928122427,0.0,0.0,0.0,0.0,0.0,0.0
1772565639711345285,36.661793024,-4.727558135986328,-0.19648411870002747,1.799807071685791,0.013152062892913818,-0.9071846604347229,-0.007590204477310181,-0.42045843601226807,-3.114543963587835,0.0,0.0,0.0,0.0,0.0,0.0
1772565639815635495,36.766083072,-4.6901116371154785,-0.19529932737350464,1.7683324813842773,0.012867391109466553,-0.9071905016899109,-0.007396966218948364,-0.42045819759368896,-3.115091885244541,0.0,0.0,0.0,0.0,0.0,0.0
1772565639905618733,36.856066304,-4.645746231079102,-0.19389775395393372,1.7304725646972656,0.013103485107421875,-0.9071851968765259,-0.007437616586685181,-0.4204617142677307,-3.114481768695157,0.0,0.0,0.0,0.0,0.0,0.0
1772565640035203854,36.985651456,-4.608532905578613,-0.19285207986831665,1.699059247970581,0.012992054224014282,-0.9071862697601318,-0.007404714822769165,-0.4204634428024292,-3.1147517938878226,0.0,0.0,0.0,0.0,0.0,0.0
1772565640135875809,37.086323456,-4.57145357131958,-0.1915874183177948,1.6676726341247559,0.01311388611793518,-0.9071857929229736,-0.00766146183013916,-0.42045608162879944,-3.1147439337363485,0.0,0.0,0.0,0.0,0.0,0.0
1772565640236046368,37.186493952,-4.5344719886779785,-0.1902329921722412,1.6359655857086182,0.013322800397872925,-0.9071645736694336,-0.007605612277984619,-0.4204963743686676,-3.1140835226944232,0.0,0.0,0.0,0.0,0.0,0.0
1772565640336019219,37.286466816,-4.489677906036377,-0.1887689232826233,1.598266839981079,0.01314350962638855,-0.9071712493896484,-0.007562816143035889,-0.4204883575439453,-3.1145315174599193,0.0,0.0,0.0,0.0,0.0,0.0
1772565640429132263,37.379579904,-4.452307224273682,-0.18761134147644043,1.5668635368347168,0.012853920459747314,-0.9071784019470215,-0.007349461317062378,-0.42048564553260803,-3.115067147378684,0.0,0.0,0.0,0.0,0.0,0.0
1772565640536922725,37.48737024,-4.415266513824463,-0.18665152788162231,1.5353341102600098,0.012910038232803345,-0.9071719646453857,-0.007332533597946167,-0.4204978942871094,-3.1148871894949197,0.0,0.0,0.0,0.0,0.0,0.0
1772565640635032669,37.585480192,-4.378252029418945,-0.1854478120803833,1.5039186477661133,0.0130880456417799,-0.9071773290634155,-0.007522641681134701,-0.42047783732414246,-3.1146352902144656,0.0,0.0,0.0,0.0,0.0,0.0
1772565640749494079,37.699941632,-4.333766460418701,-0.1839667558670044,1.4661974906921387,0.013140261173248291,-0.9071824550628662,-0.007587224245071411,-0.420463889837265,-3.114573084886545,0.0,0.0,0.0,0.0,0.0,0.0
1772565640849561366,37.80000896,-4.296674728393555,-0.182512104511261,1.4345736503601074,0.013223288580775261,-0.9071707129478455,-0.0075864484533667564,-0.42048633098602295,-3.114338292074097,0.0,0.0,0.0,0.0,0.0,0.0
1772565640949326898,37.899774464,-4.252010345458984,-0.18108287453651428,1.3969478607177734,0.01308545470237732,-0.9071816205978394,-0.007550656795501709,-0.42046797275543213,-3.114679280914919,0.0,0.0,0.0,0.0,0.0,0.0
1772565641090151917,38.040599552,-4.21469259262085,-0.1800035834312439,1.3654844760894775,0.012908011674880981,-0.9071884155273438,-0.0073403120040893555,-0.4204624891281128,-3.1149040090579128,0.0,0.0,0.0,0.0,0.0,0.0
1772565641193213639,38.143661312,-4.177681922912598,-0.1789361834526062,1.3340809345245361,0.012990176677703857,-0.9071926474571228,-0.007349610328674316,-0.42045077681541443,-3.114685743254581,0.0,0.0,0.0,0.0,0.0,0.0
1772565641292380887,38.242828544,-4.140720367431641,-0.17764976620674133,1.3027825355529785,0.013139007613062859,-0.9072020649909973,-0.007562248967587948,-0.42042192816734314,-3.114545286059318,0.0,0.0,0.0,0.0,0.0,0.0
1772565641436381495,38.386829056,-4.088658332824707,-0.17585307359695435,1.2587532997131348,0.013093411922454834,-0.9072093963623047,-0.0075417160987854,-0.4204079508781433,-3.1146469870945395,0.0,0.0,0.0,0.0,0.0,0.0
1772565641544153040,38.494600704,-4.0440802574157715,-0.17440536618232727,1.221036434173584,0.013130128383636475,-0.9072135090827942,-0.007659196853637695,-0.4203958511352539,-3.1146970379421965,0.0,0.0,0.0,0.0,0.0,0.0
1772565641643936262,38.594383872,-4.007153511047363,-0.17320996522903442,1.1893813610076904,0.013343214988708496,-0.9071958661079407,-0.0076160728931427,-0.42042797803878784,-3.114041789742563,0.0,0.0,0.0,0.0,0.0,0.0
1772565641743403365,38.69385088,-3.969712018966675,-0.17196661233901978,1.1578736305236816,0.013169048354029655,-0.9072034358978271,-0.007552324794232845,-0.4204180836677551,-3.114448137874575,0.0,0.0,0.0,0.0,0.0,0.0
1772565641843254581,38.793702144,-3.9250729084014893,-0.1705499291419983,1.120164155960083,0.0131472647190094,-0.9072161316871643,-0.0075505077838897705,-0.420391708612442,-3.1145076949091512,0.0,0.0,0.0,0.0,0.0,0.0
1772565641949849964,38.900297472,-3.8803634643554688,-0.16917642951011658,1.0823273658752441,0.013109564781188965,-0.9072197079658508,-0.007530689239501953,-0.4203854501247406,-3.114587932626604,0.0,0.0,0.0,0.0,0.0,0.0
1772565642091471795,39.041919488,-3.843160390853882,-0.16799890995025635,1.050813913345337,0.013056814670562744,-0.9072305560112,-0.007360368967056274,-0.42036670446395874,-3.1145150700740394,0.0,0.0,0.0,0.0,0.0,0.0
1772565642193667740,39.144115456,-3.8062198162078857,-0.16671383380889893,1.0194125175476074,0.013299284502863884,-0.9072428941726685,-0.007563053630292416,-0.42032864689826965,-3.1140990435400817,0.0,0.0,0.0,0.0,0.0,0.0
1772565642295895749,39.246343424,-3.761540651321411,-0.16521012783050537,0.9817719459533691,0.013248056173324585,-0.9072487950325012,-0.0077939629554748535,-0.42031338810920715,-3.1145434730479193,0.0,0.0,0.0,0.0,0.0,0.0
1772565642396643672,39.3470912,-3.724508285522461,-0.1639500856399536,0.9500000476837158,0.013446003198623657,-0.9072359204292297,-0.0076427161693573,-0.4203377068042755,-3.113790502761503,0.0,0.0,0.0,0.0,0.0,0.0
1772565642499293285,39.4497408,-3.687032461166382,-0.16271403431892395,0.9186677932739258,0.013240933418273926,-0.9072712063789368,-0.007600456476211548,-0.4202688932418823,-3.1143131764626224,0.0,0.0,0.0,0.0,0.0,0.0
1772565642593495638,39.543943168,-3.6497533321380615,-0.16165035963058472,0.8871326446533203,0.013106138445436954,-0.9072791934013367,-0.007416367996484041,-0.4202592074871063,-3.11445252552833,0.0,0.0,0.0,0.0,0.0,0.0
1772565642693197423,39.643644928,-3.6051230430603027,-0.16021788120269775,0.8493304252624512,0.013155905529856682,-0.9073092937469482,-0.007357447408139706,-0.42019349336624146,-3.1142382010096537,0.0,0.0,0.0,0.0,0.0,0.0
1772565642820035584,39.7704832,-3.567033529281616,-0.158827543258667,0.8170781135559082,0.013272942043840885,-0.9073236584663391,-0.007704586256295443,-0.4201526939868927,-3.114361922571803,0.0,0.0,0.0,0.0,0.0,0.0
1772565642921017274,39.87146496,-3.5282816886901855,-0.1575945019721985,0.7839007377624512,0.013539193198084831,-0.9073333740234375,-0.0076829781755805016,-0.4201235771179199,-3.113587602362547,0.0,0.0,0.0,0.0,0.0,0.0
1772565643013970730,39.964418304,-3.4892470836639404,-0.1562158763408661,0.7506508827209473,0.01354360580444336,-0.9073558449745178,-0.007622182369232178,-0.42007601261138916,-3.1134976905333103,0.0,0.0,0.0,0.0,0.0,0.0
1772565643132949894,40.083397632,-3.4423515796661377,-0.1546846330165863,0.7108526229858398,0.01344388723373413,-0.9073981642723083,-0.007624268531799316,-0.4199879765510559,-3.1137827710892196,0.0,0.0,0.0,0.0,0.0,0.0
1772565643224364821,40.174812416,-3.403029680252075,-0.1535538136959076,0.677687406539917,0.01315164566040039,-0.9074313044548035,-0.007524222135543823,-0.41992735862731934,-3.1144743921693965,0.0,0.0,0.0,0.0,0.0,0.0
1772565643317559009,40.268006656,-3.3639769554138184,-0.1524643898010254,0.644381046295166,0.013041883707046509,-0.907447099685669,-0.007228344678878784,-0.4199017882347107,-3.1143990958802226,0.0,0.0,0.0,0.0,0.0,0.0
1772565643425991097,40.376438784,-3.325169086456299,-0.15146523714065552,0.611323356628418,0.013041496276855469,-0.9074646830558777,-0.007209151983261108,-0.41986414790153503,-3.1143764027730247,0.0,0.0,0.0,0.0,0.0,0.0
1772565643550575319,40.501022976,-3.278636932373047,-0.14997267723083496,0.5716543197631836,0.01307755708694458,-0.9074775576591492,-0.007193565368652344,-0.4198354482650757,-3.114255920944229,0.0,0.0,0.0,0.0,0.0,0.0
1772565643649694069,40.600141568,-3.2401599884033203,-0.14838913083076477,0.5387609004974365,0.013380615040659904,-0.9074900150299072,-0.0077086081728339195,-0.4197896122932434,-3.114075347861207,0.0,0.0,0.0,0.0,0.0,0.0
1772565643749707885,40.700155392,-3.2015531063079834,-0.14676812291145325,0.5056345462799072,0.013543367385864258,-0.9074997901916504,-0.007677853107452393,-0.41976386308670044,-3.1135798887945083,0.0,0.0,0.0,0.0,0.0,0.0
1772565643849630772,40.800078336,-3.1552236080169678,-0.1452242136001587,0.4658932685852051,0.01353234052658081,-0.9075575470924377,-0.007685214281082153,-0.4196394085884094,-3.1136240262141786,0.0,0.0,0.0,0.0,0.0,0.0
1772565643976312539,40.926760192,-3.116528272628784,-0.14392685890197754,0.43293190002441406,0.013314425945281982,-0.9076071977615356,-0.007665365934371948,-0.41953930258750916,-3.114211962329138,0.0,0.0,0.0,0.0,0.0,0.0
1772565644078133507,41.02858112,-3.0703718662261963,-0.14253681898117065,0.39287781715393066,0.013447999954223633,-0.907660722732544,-0.007209569215774536,-0.4194273352622986,-3.1132509640973285,0.0,0.0,0.0,0.0,0.0,0.0
1772565644178749540,41.129197056,-3.031867027282715,-0.14158254861831665,0.3595724105834961,0.013216257095336914,-0.9077596068382263,-0.006812185049057007,-0.41922727227211,-3.113392582584212,0.0,0.0,0.0,0.0,0.0,0.0
1772565644279294708,41.229742336,-2.993473768234253,-0.14057421684265137,0.32646727561950684,0.013179153203964233,-0.9078609943389893,-0.0070701539516448975,-0.4190046191215515,-3.113836974621782,0.0,0.0,0.0,0.0,0.0,0.0
1772565644388593398,41.339041024,-2.9470601081848145,-0.13901013135910034,0.28595399856567383,0.013242214918136597,-0.9080224633216858,-0.006717205047607422,-0.4186583459377289,-3.1132163036153804,0.0,0.0,0.0,0.0,0.0,0.0
1772565644524747572,41.475195136,-2.9075710773468018,-0.13788849115371704,0.25154852867126465,0.013490945100784302,-0.9081597924232483,-0.006929844617843628,-0.4183487892150879,-3.1128051111548016,0.0,0.0,0.0,0.0,0.0,0.0
1772565644631056178,41.581503744,-2.8659462928771973,-0.13689535856246948,0.21540260314941406,0.013547003269195557,-0.9082352519035339,-0.006634026765823364,-0.4181880056858063,-3.11227338531131,0.0,0.0,0.0,0.0,0.0,0.0
1772565644718179150,41.668626688,-2.815133810043335,-0.13583582639694214,0.17143845558166504,0.01323634386062622,-0.9083205461502075,-0.005164802074432373,-0.41803327202796936,-3.111258661709273,0.0,0.0,0.0,0.0,0.0,0.0
1772565644828954028,41.779401728,-2.773167848587036,-0.1345486044883728,0.13649201393127441,0.013035355135798454,-0.9083917737007141,-0.006197660230100155,-0.41787105798721313,-3.113153252141705,0.0,0.0,0.0,0.0,0.0,0.0
1772565644927717104,41.878164736,-2.730997323989868,-0.13313254714012146,0.1008138656616211,0.012802302837371826,-0.9084634184837341,-0.005817145109176636,-0.41772782802581787,-3.1133206930199284,0.0,0.0,0.0,0.0,0.0,0.0
1772565645028602371,41.979049984,-2.6807379722595215,-0.13174960017204285,0.05823540687561035,0.012766748666763306,-0.9085437655448914,-0.006026804447174072,-0.417551189661026,-3.1136951842988365,0.0,0.0,0.0,0.0,0.0,0.0
1772565645151707576,42.102155264,-2.6388375759124756,-0.1300104558467865,0.022570371627807617,0.01277890894562006,-0.9086208939552307,-0.005690813530236483,-0.4173876941204071,-3.1132365629583165,0.0,0.0,0.0,0.0,0.0,0.0
1772565645264038271,42.21448576,-2.5970942974090576,-0.1284427046775818,-0.012966394424438477,0.012773752212524414,-0.9086838960647583,-0.005422830581665039,-0.41725417971611023,-3.112912842767936,0.0,0.0,0.0,0.0,0.0,0.0
1772565645356812602,42.30726016,-2.546931505203247,-0.1270051896572113,-0.05583953857421875,0.013020843267440796,-0.9087600708007812,-0.005382657051086426,-0.4170810580253601,-3.112179267552979,0.0,0.0,0.0,0.0,0.0,0.0
1772565645480942082,42.431389696,-2.5052974224090576,-0.12612509727478027,-0.09188461303710938,0.013319849967956543,-0.9088051319122314,-0.0048656463623046875,-0.41697990894317627,-3.110688988545014,0.0,0.0,0.0,0.0,0.0,0.0
1772565645580033742,42.530481408,-2.4637701511383057,-0.1252650022506714,-0.12793779373168945,0.013587266206741333,-0.908837616443634,-0.004526048898696899,-0.4169043302536011,-3.109513210998854,0.0,0.0,0.0,0.0,0.0,0.0
1772565645703462174,42.65390976,-2.413623809814453,-0.12411579489707947,-0.1709156036376953,0.013958513736724854,-0.9089527130126953,-0.004408419132232666,-0.41664230823516846,-3.108341842300793,0.0,0.0,0.0,0.0,0.0,0.0
1772565645803392993,42.75384064,-2.371368885040283,-0.12323799729347229,-0.20615696907043457,0.013926924206316471,-0.9091120362281799,-0.004730731714516878,-0.4162920415401459,-3.1088584490745994,0.0,0.0,0.0,0.0,0.0,0.0
1772565645879934295,42.830381824,-2.329497814178467,-0.12193340063095093,-0.24117839336395264,0.01356622576713562,-0.909217357635498,-0.0052686333656311035,-0.41606730222702026,-3.1105575683318762,0.0,0.0,0.0,0.0,0.0,0.0
1772565645983128414,42.933575936,-2.287801742553711,-0.12047284841537476,-0.27775728702545166,0.014366894960403442,-0.9093692302703857,-0.004250437021255493,-0.4157201051712036,-3.1070533652579693,0.0,0.0,0.0,0.0,0.0,0.0
1772565646083386003,43.033833728,-2.2373719215393066,-0.11888724565505981,-0.3184187412261963,0.01329532265663147,-0.9095321297645569,-0.006135225296020508,-0.4153754413127899,-3.112439596568699,0.0,0.0,0.0,0.0,0.0,0.0
1772565646184576489,43.135024128,-2.196047067642212,-0.11697182059288025,-0.3558323383331299,0.014287292957305908,-0.9096259474754333,-0.004395514726638794,-0.4151592254638672,-3.107488795100734,0.0,0.0,0.0,0.0,0.0,0.0
1772565646324743569,43.275191296,-2.1542611122131348,-0.11520522832870483,-0.3910796642303467,0.014207810163497925,-0.9097620844841003,-0.004475682973861694,-0.4148626923561096,-3.10782651927633,0.0,0.0,0.0,0.0,0.0,0.0
1772565646434648888,43.385096448,-2.112637996673584,-0.11341318488121033,-0.4264054298400879,0.014101773500442505,-0.9098618030548096,-0.004670560359954834,-0.4146455228328705,-3.1083782049632016,0.0,0.0,0.0,0.0,0.0,0.0
1772565646528004600,43.478452224,-2.0630064010620117,-0.11170068383216858,-0.4673500061035156,0.013272998854517937,-0.9099740982055664,-0.006262331269681454,-0.41440528631210327,-3.112697403425989,0.0,0.0,0.0,0.0,0.0,0.0
1772565646644486368,43.594934016,-2.022264003753662,-0.11075031757354736,-0.504533052444458,0.01430964469909668,-0.9100192785263062,-0.004849910736083984,-0.4142906069755554,-3.108045922606698,0.0,0.0,0.0,0.0,0.0,0.0
1772565646732326073,43.68277376,-1.9806780815124512,-0.10962244868278503,-0.5391170978546143,0.013868419453501701,-0.9100916981697083,-0.006013750098645687,-0.4141311049461365,-3.1107436011426746,0.0,0.0,0.0,0.0,0.0,0.0
1772565646833638944,43.784086528,-1.939737319946289,-0.10938316583633423,-0.5753490924835205,0.014360098168253899,-0.9101759195327759,-0.005668609868735075,-0.41393429040908813,-3.1089548115296526,0.0,0.0,0.0,0.0,0.0,0.0
1772565646934084044,43.884531712,-1.8902244567871094,-0.10743197798728943,-0.617896318435669,0.014303475618362427,-0.9102458953857422,-0.006097197532653809,-0.41377612948417664,-3.1096580122616175,0.0,0.0,0.0,0.0,0.0,0.0
1772565647043741367,43.994189056,-1.84916353225708,-0.10678708553314209,-0.6536581516265869,0.014452934265136719,-0.9102723598480225,-0.006275445222854614,-0.41370999813079834,-3.109471135187736,0.0,0.0,0.0,0.0,0.0,0.0
1772565647149646287,44.100093952,-1.7996783256530762,-0.10533058643341064,-0.6967657804489136,0.014683037996292114,-0.9103266000747681,-0.006376683712005615,-0.41358116269111633,-3.108966767177353,0.0,0.0,0.0,0.0,0.0,0.0
1772565647251202634,44.201650176,-1.7583322525024414,-0.10442492365837097,-0.732451319694519,0.01467171311378479,-0.9103741645812988,-0.006715953350067139,-0.4134714603424072,-3.1094290236134694,0.0,0.0,0.0,0.0,0.0,0.0
1772565647385077573,44.33552512,-1.7171409130096436,-0.10352742671966553,-0.7686570882797241,0.014809668064117432,-0.9104156494140625,-0.00651240348815918,-0.41337811946868896,-3.1087953604842107,0.0,0.0,0.0,0.0,0.0,0.0
1772565647485199616,44.435647232,-1.6759514808654785,-0.1016988754272461,-0.8044763803482056,0.014973491430282593,-0.910471498966217,-0.006629973649978638,-0.4132475256919861,-3.108495198439637,0.0,0.0,0.0,0.0,0.0,0.0
1772565647588632092,44.53907968,-1.626129388809204,-0.10046625137329102,-0.847119927406311,0.014785557985305786,-0.9105218052864075,-0.007382750511169434,-0.4131307899951935,-3.1099642186897887,0.0,0.0,0.0,0.0,0.0,0.0
1772565647690265322,44.64071296,-1.5848898887634277,-0.09884917736053467,-0.8832869529724121,0.01501968502998352,-0.9105671644210815,-0.0074443817138671875,-0.4130210876464844,-3.1093980325994983,0.0,0.0,0.0,0.0,0.0,0.0
1772565647817404517,44.767852032,-1.5435523986816406,-0.09749829769134521,-0.9193106889724731,0.015227020718157291,-0.9106347560882568,-0.007411689031869173,-0.41286501288414,-3.108789727593845,0.0,0.0,0.0,0.0,0.0,0.0
1772565647921445811,44.871893504,-1.5020506381988525,-0.09606778621673584,-0.9549194574356079,0.015170872211456299,-0.9106913208961487,-0.008030503988265991,-0.412730872631073,-3.1097248602773915,0.0,0.0,0.0,0.0,0.0,0.0
1772565647990807204,44.941254912,-1.4524118900299072,-0.09491628408432007,-0.9984238147735596,0.015437066555023193,-0.9107493162155151,-0.007950633764266968,-0.41259458661079407,-3.1088941184597014,0.0,0.0,0.0,0.0,0.0,0.0
1772565648133573322,45.084020992,-1.4112772941589355,-0.09348616003990173,-1.0346471071243286,0.015591410920023918,-0.910753607749939,-0.008061199449002743,-0.41257694363594055,-3.1086066137148403,0.0,0.0,0.0,0.0,0.0,0.0
1772565648218366425,45.16881408,-1.3701367378234863,-0.0922117829322815,-1.071002721786499,0.01570802927017212,-0.9107271432876587,-0.008164435625076294,-0.41262906789779663,-3.1084116416473737,0.0,0.0,0.0,0.0,0.0,0.0
1772565648339324816,45.289772544,-1.3292157649993896,-0.09099951386451721,-1.107364296913147,0.015870898962020874,-0.9106761813163757,-0.008245110511779785,-0.41273367404937744,-3.1080586431337434,0.0,0.0,0.0,0.0,0.0,0.0
1772565648441447205,45.391894784,-1.288259744644165,-0.08998477458953857,-1.1437604427337646,0.015955716371536255,-0.9106054902076721,-0.008346378803253174,-0.4128844141960144,-3.107945426986366,0.0,0.0,0.0,0.0,0.0,0.0
1772565648502161062,45.452608768,-1.2472038269042969,-0.08868962526321411,-1.1802932024002075,0.016094177961349487,-0.9105362892150879,-0.008431583642959595,-0.4130297601222992,-3.1076639333204934,0.0,0.0,0.0,0.0,0.0,0.0
1772565648643105958,45.593553664,-1.1979827880859375,-0.08670946955680847,-1.2239162921905518,0.016072452068328857,-0.9104459881782532,-0.008506536483764648,-0.41322821378707886,-3.107810706056283,0.0,0.0,0.0,0.0,0.0,0.0
1772565648718952266,45.669399808,-1.1569461822509766,-0.08508780598640442,-1.2602605819702148,0.01614677906036377,-0.9103753566741943,-0.008682847023010254,-0.41337722539901733,-3.107820960929388,0.0,0.0,0.0,0.0,0.0,0.0
1772565648836205439,45.786652928,-1.1157417297363281,-0.08307260274887085,-1.2965096235275269,0.015834897756576538,-0.9102827310562134,-0.008739054203033447,-0.41359198093414307,-3.108747377670909,0.0,0.0,0.0,0.0,0.0,0.0
1772565648945122294,45.89556992,-1.0748982429504395,-0.08111146092414856,-1.332682728767395,0.015783041715621948,-0.9102014899253845,-0.008706867694854736,-0.4137732982635498,-3.108844291407587,0.0,0.0,0.0,0.0,0.0,0.0
1772565649045277253,45.9957248,-1.0257134437561035,-0.07950592041015625,-1.3763622045516968,0.015887975692749023,-0.9100916385650635,-0.008851230144500732,-0.4140077829360962,-3.108727392090311,0.0,0.0,0.0,0.0,0.0,0.0
1772565649147301323,46.097748992,-0.9847292900085449,-0.07760417461395264,-1.41266930103302,0.01601952314376831,-0.9100187420845032,-0.008918166160583496,-0.4141616225242615,-3.108441939804268,0.0,0.0,0.0,0.0,0.0,0.0
1772565649250248286,46.200695808,-0.9434325695037842,-0.07609862089157104,-1.4489790201187134,0.01586705446243286,-0.9099475145339966,-0.008882969617843628,-0.4143245816230774,-3.1088147026700863,0.0,0.0,0.0,0.0,0.0,0.0
1772565649350017898,46.300465408,-0.8941891193389893,-0.07434004545211792,-1.4925127029418945,0.015935629606246948,-0.90984046459198,-0.009032756090164185,-0.41455382108688354,-3.1088059814083215,0.0,0.0,0.0,0.0,0.0,0.0
1772565649451641295,46.40208896,-0.8528976440429688,-0.07261031866073608,-1.528766393661499,0.015865741297602654,-0.9097810387611389,-0.009018181823194027,-0.4146870970726013,-3.108977054787928,0.0,0.0,0.0,0.0,0.0,0.0
1772565649551480330,46.501927936,-0.8118433952331543,-0.07127267122268677,-1.5648916959762573,0.015953928232192993,-0.9097193479537964,-0.00911971926689148,-0.41481688618659973,-3.108856456753614,0.0,0.0,0.0,0.0,0.0,0.0
1772565649695437612,46.645885184,-0.7707624435424805,-0.06990611553192139,-1.6011335849761963,0.01611912250518799,-0.9096547961235046,-0.00919237732887268,-0.414950430393219,-3.1084853964206247,0.0,0.0,0.0,0.0,0.0,0.0
1772565649797658495,46.748105984,-0.729616641998291,-0.06861776113510132,-1.637407898902893,0.016313374042510986,-0.9095972776412964,-0.009257078170776367,-0.4150674641132355,-3.1080239849240225,0.0,0.0,0.0,0.0,0.0,0.0
1772565649903696134,46.854143744,-0.6800713539123535,-0.06654965877532959,-1.6806834936141968,0.016232222318649292,-0.9095315337181091,-0.009313106536865234,-0.4152134656906128,-3.108315460313918,0.0,0.0,0.0,0.0,0.0,0.0
1772565649996267800,46.946715392,-0.638786792755127,-0.06513601541519165,-1.716899037361145,0.016293078660964966,-0.9094717502593994,-0.009321480989456177,-0.41534173488616943,-3.1081526997028557,0.0,0.0,0.0,0.0,0.0,0.0
1772565650118360660,47.068808192,-0.5973777770996094,-0.06359356641769409,-1.7530080080032349,0.016181766986846924,-0.9094208478927612,-0.009327143430709839,-0.4154576063156128,-3.108465367452284,0.0,0.0,0.0,0.0,0.0,0.0
1772565650192865991,47.143313664,-0.5559992790222168,-0.06172192096710205,-1.7891119718551636,0.01617291569709778,-0.9093681573867798,-0.00946846604347229,-0.4155700206756592,-3.108665710811044,0.0,0.0,0.0,0.0,0.0,0.0
1772565650302760567,47.253208064,-0.5063514709472656,-0.0598905086517334,-1.8324828147888184,0.01621389389038086,-0.9093125462532043,-0.009471774101257324,-0.41568997502326965,-3.1085521098707862,0.0,0.0,0.0,0.0,0.0,0.0
1772565650429418224,47.379865856,-0.4483499526977539,-0.05746865272521973,-1.8828470706939697,0.016063392162322998,-0.9092658758163452,-0.009382486343383789,-0.41579997539520264,-3.108853625787834,0.0,0.0,0.0,0.0,0.0,0.0
1772565650533822397,47.48427008,-0.4076061248779297,-0.05573207139968872,-1.9187803268432617,0.015882253646850586,-0.9090484976768494,-0.009508013725280762,-0.4162789583206177,-3.1095024467516663,0.0,0.0,0.0,0.0,0.0,0.0
1772565650636458377,47.586906112,-0.3741469383239746,-0.054469168186187744,-1.9508126974105835,0.015418199822306633,-0.908385157585144,-0.009689449332654476,-0.4177376925945282,-3.1109864209098332,0.0,0.0,0.0,0.0,0.0,0.0
1772565650737734731,47.688182272,-0.3482208251953125,-0.053512394428253174,-1.976258635520935,0.015290467068552971,-0.9072175621986389,-0.009935825131833553,-0.4202662706375122,-3.111596036102982,0.0,0.0,0.0,0.0,0.0,0.0
1772565650849806759,47.800254464,-0.3225588798522949,-0.05228692293167114,-1.998931646347046,0.015349596738815308,-0.9048706293106079,-0.010123521089553833,-0.42528945207595825,-3.1115478476391965,0.0,0.0,0.0,0.0,0.0,0.0
1772565650949241252,47.89968896,-0.2884249687194824,-0.050908446311950684,-2.0220868587493896,0.015143215656280518,-0.9000220894813538,-0.010302931070327759,-0.43545934557914734,-3.112122415010445,0.0,0.0,0.0,0.0,0.0,0.0
1772565651049966290,48.000413952,-0.2547025680541992,-0.04959291219711304,-2.0456418991088867,0.014918118715286255,-0.892950177192688,-0.010529100894927979,-0.4497850239276886,-3.112739670444421,0.0,0.0,0.0,0.0,0.0,0.0
1772565651151682265,48.10212992,-0.2190542221069336,-0.04772365093231201,-2.0731921195983887,0.015076696872711182,-0.8825498819351196,-0.011018812656402588,-0.4698478579521179,-3.1124671505570816,0.0,0.0,0.0,0.0,0.0,0.0
1772565651252808168,48.203255808,-0.17407464981079102,-0.046023786067962646,-2.087310314178467,0.014384538866579533,-0.8720890283584595,-0.011291504837572575,-0.4890054762363434,-3.11465676065249,0.0,0.0,0.0,0.0,0.0,0.0
1772565651370203213,48.320650752,-0.12283515930175781,-0.04399043321609497,-2.0992722511291504,0.014132468029856682,-0.8586053252220154,-0.011930910870432854,-0.5123034119606018,-3.116225939266014,0.0,0.0,0.0,0.0,0.0,0.0
1772565651472225184,48.422672896,-0.08216142654418945,-0.042677998542785645,-2.110823154449463,0.013957709074020386,-0.8468071818351746,-0.012239843606948853,-0.5315760374069214,-3.1171394589695853,0.0,0.0,0.0,0.0,0.0,0.0
1772565651608456364,48.558904064,-0.03943014144897461,-0.041031599044799805,-2.1229653358459473,0.01381450891494751,-0.8343307971954346,-0.012366950511932373,-0.5509523153305054,-3.1175870217592347,0.0,0.0,0.0,0.0,0.0,0.0
1772565651702462041,48.652909568,0.007099628448486328,-0.03887826204299927,-2.125778913497925,0.013706861063838005,-0.8209272623062134,-0.012558428570628166,-0.5707300305366516,-3.1181314237074824,0.0,0.0,0.0,0.0,0.0,0.0
1772565651828364809,48.778812416,0.06063652038574219,-0.03696221113204956,-2.1260955333709717,0.013260424137115479,-0.8041132092475891,-0.01321178674697876,-0.5941815376281738,-3.1224314605498527,0.0,0.0,0.0,0.0,0.0,0.0
1772565651940780036,48.891227648,0.10344123840332031,-0.035884976387023926,-2.126880168914795,0.01232638955116272,-0.7899194359779358,-0.013919413089752197,-0.6129286885261536,-3.1318862548676916,0.0,0.0,0.0,0.0,0.0,0.0
1772565652038412065,48.988859648,0.14593887329101562,-0.034249961376190186,-2.1266090869903564,0.011884063482284546,-0.7729665637016296,-0.014108538627624512,-0.6341785192489624,-3.1391493694266233,0.0,0.0,0.0,0.0,0.0,0.0
1772565652150389593,49.10083712,0.19004344940185547,-0.03253966569900513,-2.1213202476501465,0.011935114860534668,-0.7549770474433899,-0.014065206050872803,-0.6554917097091675,3.138616545790422,0.0,0.0,0.0,0.0,0.0,0.0
1772565652242804193,49.19325184,0.2290329933166504,-0.030823826789855957,-2.112260341644287,0.01190599799156189,-0.7393772602081299,-0.014424920082092285,-0.6730315685272217,3.1222846674789464,0.0,0.0,0.0,0.0,0.0,0.0
1772565652350126704,49.300574208,0.2751622200012207,-0.029695212841033936,-2.107414960861206,0.011006921529769897,-0.7197323441505432,-0.01458027958869934,-0.6940113306045532,3.021645958576472,0.0,0.0,0.0,0.0,0.0,0.0
1772565652497456787,49.447904512,0.3173384666442871,-0.027873873710632324,-2.1071090698242188,0.010986685752868652,-0.7026710510253906,-0.015061229467391968,-0.7112706899642944,0.46089710644478493,0.0,0.0,0.0,0.0,0.0,0.0
1772565652593689513,49.544137216,0.366823673248291,-0.026113569736480713,-2.1127095222473145,0.010342120192945004,-0.6814746260643005,-0.015331385657191277,-0.7316081523895264,0.11735963731592214,0.0,0.0,0.0,0.0,0.0,0.0
1772565652717422004,49.667869696,0.4066624641418457,-0.024706542491912842,-2.1164283752441406,0.010096968151628971,-0.6629294753074646,-0.015712322667241096,-0.74844890832901,0.08385221912993349,0.0,0.0,0.0,0.0,0.0,0.0
1772565652819038998,49.769486592,0.45702219009399414,-0.02274554967880249,-2.1173605918884277,0.009889394044876099,-0.6396287679672241,-0.015741854906082153,-0.768459141254425,0.06359730948498973,0.0,0.0,0.0,0.0,0.0,0.0
1772565652923912019,49.874359552,0.5107264518737793,-0.02070671319961548,-2.1032748222351074,0.009566455148160458,-0.6152495741844177,-0.01602899841964245,-0.7881114482879639,0.055604878166216704,0.0,0.0,0.0,0.0,0.0,0.0
1772565653049288438,49.999736064,0.5613522529602051,-0.01908421516418457,-2.071139097213745,0.009045630693435669,-0.5900604724884033,-0.016491562128067017,-0.8071399927139282,0.05256242366641183,0.0,0.0,0.0,0.0,0.0,0.0
1772565653149750549,50.100198144,0.6002640724182129,-0.0175667405128479,-2.0435640811920166,0.008475065231323242,-0.568603515625,-0.016765326261520386,-0.8223972320556641,0.050797250605192544,0.0,0.0,0.0,0.0,0.0,0.0
1772565653249401258,50.19984896,0.6454439163208008,-0.016157448291778564,-2.0087904930114746,0.007881014607846737,-0.5420781970024109,-0.016838161274790764,-0.8401223421096802,0.04792606143198221,0.0,0.0,0.0,0.0,0.0,0.0
1772565653363152665,50.313600256,0.681523323059082,-0.015190541744232178,-1.9829124212265015,0.007406831253319979,-0.5198385119438171,-0.01736670918762684,-0.8540559411048889,0.0478214511618345,0.0,0.0,0.0,0.0,0.0,0.0
1772565653476184946,50.426632448,0.7196660041809082,-0.014029085636138916,-1.9489046335220337,0.007035641930997372,-0.4941160976886749,-0.01725122146308422,-0.8691962957382202,0.04504170612011093,0.0,0.0,0.0,0.0,0.0,0.0
1772565653574800399,50.525248,0.7545404434204102,-0.012349069118499756,-1.913817048072815,0.007173031568527222,-0.47649991512298584,-0.017559915781021118,-0.8789699077606201,0.044046872096983845,0.0,0.0,0.0,0.0,0.0,0.0
1772565653676364824,50.626812416,0.7985329627990723,-0.011188924312591553,-1.8772015571594238,0.006867258809506893,-0.46749064326286316,-0.017526892945170403,-0.8837976455688477,0.04365019480672257,0.0,0.0,0.0,0.0,0.0,0.0
1772565653780892658,50.731340288,0.8432822227478027,-0.00967097282409668,-1.8462300300598145,0.007049143314361572,-0.4664629101753235,-0.01722818613052368,-0.8843449354171753,0.04232436189385202,0.0,0.0,0.0,0.0,0.0,0.0
1772565653892097634,50.842545152,0.8976821899414062,-0.007911384105682373,-1.8089643716812134,0.00706404447555542,-0.4664916396141052,-0.017246216535568237,-0.8843292593955994,0.04235862439622339,0.0,0.0,0.0,0.0,0.0,0.0
1772565654006175151,50.956622848,0.9432277679443359,-0.0061920881271362305,-1.777956485748291,0.0071449875831604,-0.4665554463863373,-0.01712837815284729,-0.884297251701355,0.041860914232981786,0.0,0.0,0.0,0.0,0.0,0.0
1772565654123444616,51.073892352,0.9885463714599609,-0.004156947135925293,-1.7467535734176636,0.007125318516045809,-0.46665632724761963,-0.017234178259968758,-0.8842421174049377,0.0422332560611319,0.0,0.0,0.0,0.0,0.0,0.0
1772565654198811753,51.149259264,1.0345406532287598,-0.0026162266731262207,-1.715877890586853,0.006990373134613037,-0.4667913019657135,-0.01643848419189453,-0.8841871023178101,0.03997239586130512,0.0,0.0,0.0,0.0,0.0,0.0
1772565654311482702,51.26193024,1.0883393287658691,-0.0006472468376159668,-1.678173542022705,0.007158011198043823,-0.4669908881187439,-0.017082035541534424,-0.8840681314468384,0.041729312881213954,0.0,0.0,0.0,0.0,0.0,0.0
1772565654414005011,51.364452608,1.133791446685791,0.0010442137718200684,-1.6469616889953613,0.007124781608581543,-0.4670897126197815,-0.01703163981437683,-0.8840171694755554,0.041634198101148163,0.0,0.0,0.0,0.0,0.0,0.0
1772565654551270162,51.50171776,1.1887807846069336,0.0027819275856018066,-1.6097896099090576,0.007020384073257446,-0.4672781229019165,-0.01624852418899536,-0.8839331865310669,0.03936360889401156,0.0,0.0,0.0,0.0,0.0,0.0
1772565654649394524,51.599842048,1.2331609725952148,0.004390537738800049,-1.5781240463256836,0.00721618440002203,-0.46747055649757385,-0.017296670004725456,-0.8838099241256714,0.042345925398819886,0.0,0.0,0.0,0.0,0.0,0.0
1772565654749094760,51.699542272,1.2789254188537598,0.005610048770904541,-1.5471047163009644,0.007238507270812988,-0.46760571002960205,-0.01696661114692688,-0.8837447166442871,0.04128268762178931,0.0,0.0,0.0,0.0,0.0,0.0
1772565654859937274,51.810384896,1.333289623260498,0.007689774036407471,-1.5095984935760498,0.0072307288646698,-0.46782901883125305,-0.017030566930770874,-0.8836253881454468,0.04151454943478776,0.0,0.0,0.0,0.0,0.0,0.0
1772565654974301862,51.924749568,1.3879456520080566,0.00981372594833374,-1.4720118045806885,0.007223099935799837,-0.46823254227638245,-0.016479404643177986,-0.8834221363067627,0.039824600219020234,0.0,0.0,0.0,0.0,0.0,0.0
1772565655077579014,52.028026624,1.429816722869873,0.010768651962280273,-1.4421169757843018,0.007436394691467285,-0.4690744876861572,-0.016742348670959473,-0.8829686641693115,0.040361328739240226,0.0,0.0,0.0,0.0,0.0,0.0
1772565655205121037,52.15556864,1.4783720970153809,0.01233530044555664,-1.4087036848068237,0.00760921835899353,-0.4705311954021454,-0.016163229942321777,-0.8822025656700134,0.03834758232141067,0.0,0.0,0.0,0.0,0.0,0.0
1772565655317937533,52.268385024,1.526853084564209,0.014161646366119385,-1.3726778030395508,0.007510452531278133,-0.4718541204929352,-0.016582755371928215,-0.8814888000488281,0.03994455325543481,0.0,0.0,0.0,0.0,0.0,0.0
1772565655420893915,52.371341568,1.5751643180847168,0.015851855278015137,-1.340592384338379,0.007191777694970369,-0.47330448031425476,-0.0159605760127306,-0.8807249665260315,0.03861659417306663,0.0,0.0,0.0,0.0,0.0,0.0
1772565655512449122,52.46289664,1.6087241172790527,0.01716911792755127,-1.3156805038452148,0.007374882698059082,-0.4744586944580078,-0.01565346121788025,-0.8801077008247375,0.03740429113695655,0.0,0.0,0.0,0.0,0.0,0.0
1772565655621613275,52.572060928,1.6418490409851074,0.017815470695495605,-1.2916160821914673,0.007715879939496517,-0.4752051830291748,-0.016195623204112053,-0.8796920776367188,0.03860749590804453,0.0,0.0,0.0,0.0,0.0,0.0
1772565655723889477,52.674337024,1.697561264038086,0.019377589225769043,-1.2535967826843262,0.007499098777770996,-0.47689568996429443,-0.016060948371887207,-0.8787811994552612,0.03867804250521953,0.0,0.0,0.0,0.0,0.0,0.0
1772565655828732903,52.779180544,1.7515487670898438,0.020836830139160156,-1.216973066329956,0.007530570030212402,-0.4774274528026581,-0.016255050897598267,-0.8784885406494141,0.039290373752408576,0.0,0.0,0.0,0.0,0.0,0.0
1772565655950065051,52.900512768,1.7970433235168457,0.02264547348022461,-1.186610221862793,0.007621496915817261,-0.47759684920310974,-0.016826629638671875,-0.8783849477767944,0.04099143008635592,0.0,0.0,0.0,0.0,0.0,0.0
1772565656049272429,52.999719936,1.84356689453125,0.02477264404296875,-1.1565372943878174,0.007482349872589111,-0.47780728340148926,-0.016151607036590576,-0.8782843947410583,0.03907018126439924,0.0,0.0,0.0,0.0,0.0,0.0
1772565656190372593,53.140820224,1.898611068725586,0.026433050632476807,-1.120111346244812,0.007612884044647217,-0.47798359394073486,-0.01661473512649536,-0.878178596496582,0.04035280588419069,0.0,0.0,0.0,0.0,0.0,0.0
1772565656307359496,53.257807104,1.9541263580322266,0.02799057960510254,-1.0840539932250977,0.007554769981652498,-0.47819361090660095,-0.0162604171782732,-0.8780713677406311,0.03932491452771773,0.0,0.0,0.0,0.0,0.0,0.0
1772565656423484091,53.373931776,2.0093436241149902,0.029679834842681885,-1.0478804111480713,0.007593274116516113,-0.47834664583206177,-0.016375601291656494,-0.8779855966567993,0.03964211268428374,0.0,0.0,0.0,0.0,0.0,0.0
1772565656506320459,53.456768,2.0550594329833984,0.03170442581176758,-1.017751693725586,0.007718950510025024,-0.4784941077232361,-0.016699224710464478,-0.877898097038269,0.04048076180024447,0.0,0.0,0.0,0.0,0.0,0.0
1772565656626047633,53.57649536,2.1106839179992676,0.03330552577972412,-0.9817602634429932,0.007674813270568848,-0.4786616861820221,-0.01645752787590027,-0.8778116703033447,0.03978862645423208,0.0,0.0,0.0,0.0,0.0,0.0
1772565656725809340,53.676257024,2.156965732574463,0.03544133901596069,-0.9519951343536377,0.007640749216079712,-0.4788374602794647,-0.01596507430076599,-0.8777252435684204,0.0382652708043362,0.0,0.0,0.0,0.0,0.0,0.0
1772565656828367275,53.778814976,2.2025465965270996,0.03734314441680908,-0.9218142032623291,0.007789552211761475,-0.4789664149284363,-0.01649075746536255,-0.8776437640190125,0.039717587003132895,0.0,0.0,0.0,0.0,0.0,0.0
1772565656929106280,53.879553792,2.2582430839538574,0.03899061679840088,-0.8858891725540161,0.007761478424072266,-0.4791775941848755,-0.016052544116973877,-0.8775368928909302,0.03836094858290423,0.0,0.0,0.0,0.0,0.0,0.0
1772565657049608565,54.000056064,2.3041176795959473,0.04092860221862793,-0.8557767868041992,0.007793813943862915,-0.47927844524383545,-0.01641032099723816,-0.8774749636650085,0.0394733204741405,0.0,0.0,0.0,0.0,0.0,0.0
1772565657149223151,54.099670784,2.3504819869995117,0.04234278202056885,-0.8261756896972656,0.00791388750076294,-0.4794034957885742,-0.0161074697971344,-0.8774111270904541,0.038285973494887306,0.0,0.0,0.0,0.0,0.0,0.0
1772565657249453978,54.199901696,2.3967361450195312,0.043896615505218506,-0.7962372303009033,0.007879465818405151,-0.47947996854782104,-0.01616421341896057,-0.8773686289787292,0.03853715677258258,0.0,0.0,0.0,0.0,0.0,0.0
1772565657350706879,54.30115456,2.452192783355713,0.045889317989349365,-0.7605172395706177,0.00789615511894226,-0.47958454489707947,-0.016177117824554443,-0.8773110508918762,0.03855731551138169,0.0,0.0,0.0,0.0,0.0,0.0
1772565657449368503,54.399816192,2.4985814094543457,0.04719740152359009,-0.7309279441833496,0.007972030900418758,-0.4796595871448517,-0.016053883358836174,-0.8772715330123901,0.03802739517560364,0.0,0.0,0.0,0.0,0.0,0.0
1772565657586003852,54.536451584,2.544924259185791,0.04864317178726196,-0.7009364366531372,0.00793191697448492,-0.4797603189945221,-0.016199259087443352,-0.8772141337394714,0.03857895669804539,0.0,0.0,0.0,0.0,0.0,0.0
1772565657685861306,54.636308992,2.5911269187927246,0.05008572340011597,-0.6709675788879395,0.007842332124710083,-0.47983527183532715,-0.016301512718200684,-0.8771721720695496,0.03907658776251192,0.0,0.0,0.0,0.0,0.0,0.0
1772565657784904883,54.735352576,2.646552562713623,0.05212885141372681,-0.6353821754455566,0.0079212486743927,-0.4799174666404724,-0.016228795051574707,-0.8771277666091919,0.03870585362188283,0.0,0.0,0.0,0.0,0.0,0.0
1772565657920378598,54.87082624,2.701943874359131,0.05414634943008423,-0.5998177528381348,0.007982760667800903,-0.4799821674823761,-0.016203701496124268,-0.8770923614501953,0.03851958360434247,0.0,0.0,0.0,0.0,0.0,0.0
1772565658032395901,54.982843392,2.7481436729431152,0.05567336082458496,-0.569953203201294,0.007903516292572021,-0.48000672459602356,-0.0162600576877594,-0.8770785331726074,0.038845927488927075,0.0,0.0,0.0,0.0,0.0,0.0
1772565658122612568,55.073060096,2.8035149574279785,0.05766952037811279,-0.5344583988189697,0.007990628480911255,-0.48003578186035156,-0.016185224056243896,-0.8770632147789001,0.03844942330094019,0.0,0.0,0.0,0.0,0.0,0.0
1772565658208940129,55.159387648,2.849862575531006,0.05900770425796509,-0.5045912265777588,0.00784185528755188,-0.48006755113601685,-0.016226351261138916,-0.8770464062690735,0.038850612052895424,0.0,0.0,0.0,0.0,0.0,0.0
1772565658336242742,55.286690304,2.8962197303771973,0.060324788093566895,-0.4747493267059326,0.007643759250640869,-0.48010653257369995,-0.01619100570678711,-0.8770275115966797,0.03909132209861365,0.0,0.0,0.0,0.0,0.0,0.0
1772565658436358105,55.38680576,2.951662540435791,0.062358319759368896,-0.43928420543670654,0.007799862883985043,-0.4801310896873474,-0.016142813488841057,-0.8770134449005127,0.03865823398107059,0.0,0.0,0.0,0.0,0.0,0.0
1772565658549711540,55.500159232,3.0073208808898926,0.06430387496948242,-0.4037405252456665,0.007881462574005127,-0.4801616072654724,-0.016039520502090454,-0.8769980072975159,0.03817878970597358,0.0,0.0,0.0,0.0,0.0,0.0
1772565658652349121,55.6027968,3.0535640716552734,0.06585276126861572,-0.3738274574279785,0.007644087076187134,-0.4802089035511017,-0.016113638877868652,-0.8769728541374207,0.03884674205802335,0.0,0.0,0.0,0.0,0.0,0.0
1772565658749361350,55.699809024,3.099905490875244,0.0677613615989685,-0.344213604927063,0.007711142301559448,-0.480244904756546,-0.016033649444580078,-0.8769539594650269,0.038469444149036185,0.0,0.0,0.0,0.0,0.0,0.0
1772565658890418255,55.840865792,3.1464805603027344,0.06955474615097046,-0.3147773742675781,0.007664947770535946,-0.4802696704864502,-0.015633760020136833,-0.8769481182098389,0.037250988012622215,0.0,0.0,0.0,0.0,0.0,0.0
1772565658986062933,55.936510464,3.2020974159240723,0.07120203971862793,-0.2787429094314575,0.007471829652786255,-0.4803082048892975,-0.015890121459960938,-0.8769240379333496,0.0384333583312767,0.0,0.0,0.0,0.0,0.0,0.0
1772565659083903378,56.034351104,3.248622417449951,0.0728030800819397,-0.24932241439819336,0.007508367300033569,-0.4803242087364197,-0.015568047761917114,-0.8769206404685974,0.03732007468870032,0.0,0.0,0.0,0.0,0.0,0.0
1772565659208344875,56.158792448,3.295070171356201,0.07433611154556274,-0.21981215476989746,0.007569015026092529,-0.4803386628627777,-0.015403330326080322,-0.8769152164459229,0.03667628952096573,0.0,0.0,0.0,0.0,0.0,0.0
1772565659337511544,56.28795904,3.360023021697998,0.07648980617523193,-0.17760944366455078,0.007123470306396484,-0.4803653061389923,-0.01575016975402832,-0.8768981695175171,0.038603059884274475,0.0,0.0,0.0,0.0,0.0,0.0
1772565659448945916,56.399393536,3.4158568382263184,0.0782269835472107,-0.14204931259155273,0.006980210542678833,-0.4803944528102875,-0.015487849712371826,-0.8768880367279053,0.03800610222160036,0.0,0.0,0.0,0.0,0.0,0.0
1772565659549210760,56.499658496,3.4714245796203613,0.07979077100753784,-0.10627102851867676,0.006985813844949007,-0.48042577505111694,-0.015663357451558113,-0.8768676519393921,0.038570529141420486,0.0,0.0,0.0,0.0,0.0,0.0
1772565659687432783,56.63788032,3.5272603034973145,0.08144313097000122,-0.07075095176696777,0.006844758056104183,-0.480459600687027,-0.015366015955805779,-0.8768554925918579,0.037855819378543,0.0,0.0,0.0,0.0,0.0,0.0
1772565659806348321,56.756795904,3.5736212730407715,0.08309417963027954,-0.041227102279663086,0.006948620080947876,-0.4804835915565491,-0.01526719331741333,-0.8768433332443237,0.03735022293684817,0.0,0.0,0.0,0.0,0.0,0.0
1772565659889035633,56.839483136,3.6200499534606934,0.08469504117965698,-0.011862039566040039,0.007004141807556152,-0.480469673871994,-0.015045851469039917,-0.8768543004989624,0.03652862709223911,0.0,0.0,0.0,0.0,0.0,0.0
1772565660025433677,56.975881216,3.6757874488830566,0.08637553453445435,0.02383589744567871,0.0069227819330990314,-0.48046645522117615,-0.015087188221514225,-0.8768560290336609,0.03680832241477074,0.0,0.0,0.0,0.0,0.0,0.0
1772565660141527033,57.091974656,3.722102642059326,0.08800303936004639,0.053263187408447266,0.006979405879974365,-0.4804554879665375,-0.0149880051612854,-0.8768633008003235,0.03638318963648131,0.0,0.0,0.0,0.0,0.0,0.0
1772565660251317878,57.201765376,3.7776694297790527,0.08972704410552979,0.0888509750366211,0.006949544418603182,-0.48046764731407166,-0.015021354891359806,-0.87685626745224,0.036546073344890836,0.0,0.0,0.0,0.0,0.0,0.0
1772565660350129819,57.300577536,3.824153423309326,0.09131366014480591,0.11835813522338867,0.006997585296630859,-0.480469286441803,-0.014880746603012085,-0.8768573999404907,0.03600215990609201,0.0,0.0,0.0,0.0,0.0,0.0
1772565660447358911,57.397806592,3.879634380340576,0.09302490949630737,0.15397357940673828,0.006939500570297241,-0.4804866313934326,-0.014966040849685669,-0.8768469095230103,0.036385109558545244,0.0,0.0,0.0,0.0,0.0,0.0
1772565660542391102,57.492838656,3.9260497093200684,0.09451860189437866,0.1834723949432373,0.007004677318036556,-0.48048925399780273,-0.014876065775752068,-0.876846432685852,0.03597568396866625,0.0,0.0,0.0,0.0,0.0,0.0
1772565660643180981,57.593628672,3.972461223602295,0.09592455625534058,0.21318626403808594,0.006983011960983276,-0.48051607608795166,-0.014863312244415283,-0.8768322467803955,0.03597472939718523,0.0,0.0,0.0,0.0,0.0,0.0
1772565660790989013,57.741436672,4.0280442237854,0.0977059006690979,0.2487173080444336,0.006999015808105469,-0.48053205013275146,-0.014870494604110718,-0.8768231868743896,0.03597072255232444,0.0,0.0,0.0,0.0,0.0,0.0
1772565660893036662,57.84348416,4.083577632904053,0.09945809841156006,0.2842259407043457,0.007012099027633667,-0.4805524945259094,-0.014870971441268921,-0.8768118619918823,0.035950391731627444,0.0,0.0,0.0,0.0,0.0,0.0
1772565660992432581,57.942880256,4.12994909286499,0.10086643695831299,0.31389856338500977,0.006958276033401489,-0.4805697202682495,-0.014868736267089844,-0.876802921295166,0.03604046226098003,0.0,0.0,0.0,0.0,0.0,0.0
1772565661094485040,58.044932608,4.176244258880615,0.10236769914627075,0.3435373306274414,0.006965160369873047,-0.4805781841278076,-0.014939635992050171,-0.8767970204353333,0.03625994595748293,0.0,0.0,0.0,0.0,0.0,0.0
1772565661214339871,58.164787456,4.222474575042725,0.10368633270263672,0.3732602596282959,0.006803363561630249,-0.4805809557437897,-0.015042036771774292,-0.8767949342727661,0.03688295384710807,0.0,0.0,0.0,0.0,0.0,0.0
1772565661295461490,58.245908992,4.278056621551514,0.10552608966827393,0.4086494445800781,0.006841182708740234,-0.4805747866630554,-0.014986813068389893,-0.8767989873886108,0.03663490284890468,0.0,0.0,0.0,0.0,0.0,0.0
1772565661394037767,58.344485376,4.324370861053467,0.10678905248641968,0.43824148178100586,0.006898105144500732,-0.4805782735347748,-0.015055477619171143,-0.8767955303192139,0.03675739277723323,0.0,0.0,0.0,0.0,0.0,0.0
1772565661496162789,58.446610432,4.37068510055542,0.10800117254257202,0.4680168628692627,0.006730169057846069,-0.4805836081504822,-0.015149950981140137,-0.8767921924591064,0.037365712917280844,0.0,0.0,0.0,0.0,0.0,0.0
1772565661595777217,58.546224896,4.416951656341553,0.10965627431869507,0.4976634979248047,0.0068225860595703125,-0.4806097745895386,-0.015235304832458496,-0.8767757415771484,0.03748100359412646,0.0,0.0,0.0,0.0,0.0,0.0
1772565661744588695,58.695036416,4.4725661277771,0.11123400926589966,0.5331828594207764,0.006785005331039429,-0.4806225597858429,-0.015212297439575195,-0.8767694234848022,0.03747409682063824,0.0,0.0,0.0,0.0,0.0,0.0
1772565661845300682,58.795748352,4.518905162811279,0.11299914121627808,0.5626883506774902,0.0068714916706085205,-0.4806409180164337,-0.015138715505599976,-0.876759946346283,0.03708107552337918,0.0,0.0,0.0,0.0,0.0,0.0
1772565661937167448,58.887614976,4.5652079582214355,0.11453932523727417,0.5920205116271973,0.006924181245267391,-0.4806203842163086,-0.014998136088252068,-0.8767731189727783,0.0365269887871125,0.0,0.0,0.0,0.0,0.0,0.0
1772565662020845260,58.971292928,4.6116461753845215,0.11605179309844971,0.6214389801025391,0.006978124380111694,-0.4806092083454132,-0.01488041877746582,-0.8767808675765991,0.0360459688786812,0.0,0.0,0.0,0.0,0.0,0.0
1772565662137605703,59.088053248,4.66720724105835,0.11778908967971802,0.6570048332214355,0.006966233253479004,-0.4806251525878906,-0.014932572841644287,-0.8767713904380798,0.03623843811604286,0.0,0.0,0.0,0.0,0.0,0.0
1772565662247296179,59.197743872,4.713501453399658,0.11926126480102539,0.6865007877349854,0.006990373134613037,-0.4806336462497711,-0.014872848987579346,-0.8767675161361694,0.03600117711398106,0.0,0.0,0.0,0.0,0.0,0.0
1772565662340363276,59.29081088,4.7598185539245605,0.12069952487945557,0.716087818145752,0.0069543421268463135,-0.4806484580039978,-0.014853805303573608,-0.8767600059509277,0.03600451669121719,0.0,0.0,0.0,0.0,0.0,0.0
1772565662450520823,59.400968448,4.815419673919678,0.12248450517654419,0.7516069412231445,0.006974100135266781,-0.48066484928131104,-0.014860181137919426,-0.8767507076263428,0.03599119518578117,0.0,0.0,0.0,0.0,0.0,0.0
1772565662552828878,59.503276544,4.861649990081787,0.12394696474075317,0.7813191413879395,0.006879240740090609,-0.48069483041763306,-0.014934689737856388,-0.8767338395118713,0.03640589768912911,0.0,0.0,0.0,0.0,0.0,0.0
1772565662650182821,59.600630528,4.907902240753174,0.12526941299438477,0.8109707832336426,0.006824611686170101,-0.4807221293449402,-0.014988986775279045,-0.876718282699585,0.03668265716423163,0.0,0.0,0.0,0.0,0.0,0.0
1772565662793391324,59.743838976,4.9542717933654785,0.12651169300079346,0.8405303955078125,0.0069016218185424805,-0.48074033856391907,-0.015063226222991943,-0.8767064809799194,0.03678854910217531,0.0,0.0,0.0,0.0,0.0,0.0
1772565662900299930,59.850747648,5.000560283660889,0.12782353162765503,0.8702456951141357,0.006764470599591732,-0.4807852506637573,-0.015128074213862419,-0.8766818642616272,0.03724869358599471,0.0,0.0,0.0,0.0,0.0,0.0
1772565663006341698,59.956789248,5.0561747550964355,0.1296667456626892,0.9056799411773682,0.0068361759185791016,-0.4808003604412079,-0.015114843845367432,-0.8766732215881348,0.03707848719904377,0.0,0.0,0.0,0.0,0.0,0.0
1772565663099316134,60.04976384,5.102477550506592,0.13120722770690918,0.9354522228240967,0.006840705871582031,-0.48082470893859863,-0.015306174755096436,-0.8766564726829529,0.037696515788532434,0.0,0.0,0.0,0.0,0.0,0.0
1772565663202133545,60.15258112,5.1489386558532715,0.13286423683166504,0.964930534362793,0.006930410861968994,-0.4808472692966461,-0.015184462070465088,-0.8766455054283142,0.037140697380157614,0.0,0.0,0.0,0.0,0.0,0.0
1772565663302855783,60.253303296,5.195481777191162,0.13439565896987915,0.9942948818206787,0.006992160342633724,-0.48085206747055054,-0.014912514016032219,-0.8766469955444336,0.03614323241844861,0.0,0.0,0.0,0.0,0.0,0.0
1772565663395779517,60.3462272,5.2511420249938965,0.13607412576675415,1.0300014019012451,0.006934821605682373,-0.48088338971138,-0.015017986297607422,-0.8766285181045532,0.036592286263591796,0.0,0.0,0.0,0.0,0.0,0.0
1772565663503732370,60.454180096,5.2977118492126465,0.13755720853805542,1.05940580368042,0.006941050291061401,-0.48089516162872314,-0.014755427837371826,-0.8766264915466309,0.03572516922305816,0.0,0.0,0.0,0.0,0.0,0.0
1772565663602564149,60.553011712,5.343973636627197,0.13905811309814453,1.0889558792114258,0.006953060626983643,-0.4808937907218933,-0.014837563037872314,-0.8766257762908936,0.03597162936231486,0.0,0.0,0.0,0.0,0.0,0.0
1772565663703960123,60.65440768,5.390326976776123,0.14062124490737915,1.1185531616210938,0.007020442746579647,-0.4809158444404602,-0.014888910576701164,-0.8766121864318848,0.03602024461510794,0.0,0.0,0.0,0.0,0.0,0.0
1772565663802007289,60.752454912,5.436723232269287,0.14201641082763672,1.1482820510864258,0.0069595579989254475,-0.4809524714946747,-0.014934570528566837,-0.8765918612480164,0.036280896915643485,0.0,0.0,0.0,0.0,0.0,0.0
1772565663911731555,60.862179072,5.4923930168151855,0.14378303289413452,1.1836321353912354,0.007035732734948397,-0.48095324635505676,-0.014875502325594425,-0.8765918612480164,0.03595183029962176,0.0,0.0,0.0,0.0,0.0,0.0
1772565664049970259,61.000417792,5.548147678375244,0.14547449350357056,1.2191290855407715,0.007052928674966097,-0.48098990321159363,-0.014794440008699894,-0.8765729665756226,0.035659074161287566,0.0,0.0,0.0,0.0,0.0,0.0
1772565664152575446,61.103023104,5.594527721405029,0.14679986238479614,1.248680830001831,0.007074803113937378,-0.48100337386131287,-0.014781028032302856,-0.8765655755996704,0.03557708827950653,0.0,0.0,0.0,0.0,0.0,0.0
1772565664249464164,61.19991168,5.640902996063232,0.14805811643600464,1.2784552574157715,0.006917089689522982,-0.48103103041648865,-0.01485151145607233,-0.8765504956245422,0.03609153876814696,0.0,0.0,0.0,0.0,0.0,0.0
1772565664349262094,61.299709696,5.687371730804443,0.14939004182815552,1.308232069015503,0.006701439619064331,-0.4810585379600525,-0.014838695526123047,-0.8765373229980469,0.03643786232026407,0.0,0.0,0.0,0.0,0.0,0.0
1772565664449329344,61.399777024,5.733706951141357,0.15066367387771606,1.3379969596862793,0.006536602042615414,-0.48107844591140747,-0.01494353823363781,-0.8765257596969604,0.03707687321257125,0.0,0.0,0.0,0.0,0.0,0.0
1772565664554118467,61.504566016,5.789499759674072,0.15243792533874512,1.3734612464904785,0.006504625082015991,-0.4810977876186371,-0.014815419912338257,-0.876517653465271,0.03671730562137578,0.0,0.0,0.0,0.0,0.0,0.0
1772565664651057741,61.60150528,5.835904598236084,0.15397292375564575,1.4030101299285889,0.00647354032844305,-0.48111534118652344,-0.014753935858607292,-0.8765091896057129,0.03657355395802632,0.0,0.0,0.0,0.0,0.0,0.0
1772565664800461038,61.750908672,5.882300853729248,0.15552204847335815,1.4324922561645508,0.006571054924279451,-0.4811335504055023,-0.014699609018862247,-0.8764994740486145,0.036222861338475104,0.0,0.0,0.0,0.0,0.0,0.0
1772565664914416314,61.864864,5.938046932220459,0.15715503692626953,1.4681673049926758,0.006487071514129639,-0.4811570346355438,-0.014773577451705933,-0.8764859437942505,0.0366166665651295,0.0,0.0,0.0,0.0,0.0,0.0
1772565665007422489,61.95787008,5.984559535980225,0.1586630940437317,1.4975309371948242,0.006517320871353149,-0.48117026686668396,-0.014527976512908936,-0.8764824867248535,0.035761340454889705,0.0,0.0,0.0,0.0,0.0,0.0
1772565665107496016,62.057943552,6.040303707122803,0.16032648086547852,1.5332579612731934,0.006454109214246273,-0.48119139671325684,-0.01466810517013073,-0.8764690160751343,0.0363338733811997,0.0,0.0,0.0,0.0,0.0,0.0
1772565665208229264,62.158676992,6.086916446685791,0.1617037057876587,1.562568187713623,0.006478576920926571,-0.48119667172431946,-0.014340249821543694,-0.8764714002609253,0.035219564104414916,0.0,0.0,0.0,0.0,0.0,0.0
1772565665326897148,62.277344768,6.1426167488098145,0.16334789991378784,1.5981049537658691,0.006424248218536377,-0.48122280836105347,-0.01432889699935913,-0.876457691192627,0.035281759862450614,0.0,0.0,0.0,0.0,0.0,0.0
1772565665449336517,62.399784192,6.189195156097412,0.1647668480873108,1.6276428699493408,0.006436585448682308,-0.4812380075454712,-0.014219341799616814,-0.8764510154724121,0.03490287817623078,0.0,0.0,0.0,0.0,0.0,0.0
1772565665549506777,62.499954432,6.235673427581787,0.16618627309799194,1.6571667194366455,0.006465733051300049,-0.48123863339424133,-0.014181524515151978,-0.8764510750770569,0.03472714002076223,0.0,0.0,0.0,0.0,0.0,0.0
1772565665650169930,62.600617472,6.291414737701416,0.16778570413589478,1.692683219909668,0.006384789943695068,-0.4812605082988739,-0.014136344194412231,-0.8764404058456421,0.03472621317402944,0.0,0.0,0.0,0.0,0.0,0.0
1772565665750289362,62.700737024,6.34708833694458,0.16942757368087769,1.7281455993652344,0.006367801688611507,-0.48128074407577515,-0.014117268845438957,-0.8764297962188721,0.03469580891302511,0.0,0.0,0.0,0.0,0.0,0.0
1772565665852257825,62.802705408,6.39345121383667,0.17084884643554688,1.7576584815979004,0.006514638662338257,-0.48128190636634827,-0.014200747013092041,-0.8764266967773438,0.034705352101267704,0.0,0.0,0.0,0.0,0.0,0.0
1772565665951427709,62.9018752,6.4399189949035645,0.17217504978179932,1.787367343902588,0.006381303071975708,-0.4813087284564972,-0.014196574687957764,-0.8764129877090454,0.03493272482839101,0.0,0.0,0.0,0.0,0.0,0.0
1772565666099472328,63.04992,6.4863104820251465,0.1733909249305725,1.8170247077941895,0.006269425619393587,-0.48134833574295044,-0.014186293818056583,-0.8763921856880188,0.03510266071933478,0.0,0.0,0.0,0.0,0.0,0.0
1772565666203430270,63.15387776,6.532656192779541,0.1745469570159912,1.846768856048584,0.006287217140197754,-0.4813852310180664,-0.014363735914230347,-0.8763688802719116,0.03565334903906496,0.0,0.0,0.0,0.0,0.0,0.0
1772565666306945124,63.25739264,6.588439464569092,0.17626947164535522,1.8821921348571777,0.006246178410947323,-0.4814164936542511,-0.014227805659174919,-0.8763541579246521,0.03528505834842543,0.0,0.0,0.0,0.0,0.0,0.0
1772565666409926711,63.360374272,6.634847164154053,0.17745977640151978,1.9119963645935059,0.006141096353530884,-0.4814605116844177,-0.014342129230499268,-0.8763289451599121,0.03585061578370743,0.0,0.0,0.0,0.0,0.0,0.0
1772565666513885370,63.464333056,6.6905131340026855,0.17913609743118286,1.947357177734375,0.006192654371261597,-0.4814993143081665,-0.014254480600357056,-0.8763087391853333,0.03547450083965953,0.0,0.0,0.0,0.0,0.0,0.0
1772565666634389667,63.584837376,6.736861705780029,0.18047618865966797,1.977099895477295,0.006142199505120516,-0.4815431833267212,-0.01438611838966608,-0.876282811164856,0.03599878473916862,0.0,0.0,0.0,0.0,0.0,0.0
1772565666713567627,63.66401536,6.792575359344482,0.18209975957870483,2.0124897956848145,0.006184041500091553,-0.4815695285797119,-0.014339655637741089,-0.8762688040733337,0.03577374960670302,0.0,0.0,0.0,0.0,0.0,0.0
1772565666851000141,63.80144768,6.838965892791748,0.18347889184951782,2.042187213897705,0.006187081336975098,-0.4816264510154724,-0.014413028955459595,-0.8762363195419312,0.03601258073431399,0.0,0.0,0.0,0.0,0.0,0.0
1772565666949658656,63.90010624,6.894627094268799,0.18509703874588013,2.077563762664795,0.006150185130536556,-0.4816437363624573,-0.014396635815501213,-0.8762272596359253,0.03602657259251205,0.0,0.0,0.0,0.0,0.0,0.0
1772565667044903578,63.995351296,6.941125392913818,0.18656069040298462,2.1070656776428223,0.006200224161148071,-0.48167458176612854,-0.014390766620635986,-0.87621009349823,0.03591984368292718,0.0,0.0,0.0,0.0,0.0,0.0
1772565667150906705,64.10135424,6.987608432769775,0.1880541443824768,2.136378288269043,0.00630989670753479,-0.481704980134964,-0.014178097248077393,-0.8761960864067078,0.03502939623115145,0.0,0.0,0.0,0.0,0.0,0.0
1772565667251530172,64.201977856,7.043202877044678,0.18959718942642212,2.171853542327881,0.0062291910871863365,-0.4817315638065338,-0.014255700632929802,-0.8761807084083557,0.03543027847784378,0.0,0.0,0.0,0.0,0.0,0.0
1772565667367226403,64.317673984,7.089684963226318,0.1910543441772461,2.2011661529541016,0.006275057792663574,-0.4817441999912262,-0.01406434178352356,-0.8761765956878662,0.03472274275808498,0.0,0.0,0.0,0.0,0.0,0.0
1772565667466899973,64.417347584,7.136092662811279,0.19247376918792725,2.2305822372436523,0.006318420171737671,-0.4817596673965454,-0.014022380113601685,-0.876168429851532,0.03450862319182267,0.0,0.0,0.0,0.0,0.0,0.0
1772565667566560947,64.51700864,7.182437419891357,0.1938987374305725,2.260037422180176,0.006368755362927914,-0.48177576065063477,-0.014065442606806755,-0.8761584758758545,0.034560169436756424,0.0,0.0,0.0,0.0,0.0,0.0
1772565667667427676,64.6178752,7.238053798675537,0.19549590349197388,2.2953848838806152,0.0063606202602386475,-0.48180365562438965,-0.014055192470550537,-0.8761433362960815,0.034543257007329825,0.0,0.0,0.0,0.0,0.0,0.0
1772565667767431889,64.717879552,7.284396648406982,0.1968725323677063,2.3248190879821777,0.006401270627975464,-0.48181861639022827,-0.014071762561798096,-0.8761346340179443,0.03452545051097808,0.0,0.0,0.0,0.0,0.0,0.0
1772565667910529328,64.860976896,7.330747127532959,0.1981344223022461,2.3543591499328613,0.0063922107219696045,-0.4818434715270996,-0.014130711555480957,-0.8761200904846191,0.034736434400730765,0.0,0.0,0.0,0.0,0.0,0.0
1772565668015553302,64.966000896,7.377108097076416,0.1992553472518921,2.383957862854004,0.00625300407409668,-0.4818687438964844,-0.014178574085235596,-0.8761063814163208,0.03514531286799631,0.0,0.0,0.0,0.0,0.0,0.0
1772565668115862218,65.066309888,7.42356538772583,0.20042484998703003,2.413571357727051,0.006085306406021118,-0.48188847303390503,-0.014183104038238525,-0.8760967254638672,0.03546329680044145,0.0,0.0,0.0,0.0,0.0,0.0
1772565668187157981,65.137605632,7.469992160797119,0.201626718044281,2.443160057067871,0.005983084440231323,-0.4819173812866211,-0.014205902814865112,-0.876081109046936,0.035724035775445855,0.0,0.0,0.0,0.0,0.0,0.0
1772565668291659427,65.242107136,7.525756359100342,0.20325368642807007,2.4785265922546387,0.005990386009216309,-0.48195749521255493,-0.014138728380203247,-0.8760601282119751,0.03549409127819346,0.0,0.0,0.0,0.0,0.0,0.0
1772565668395843295,65.346290944,7.572062015533447,0.2046235203742981,2.5078444480895996,0.006011635065078735,-0.4821462631225586,-0.014118731021881104,-0.8759564161300659,0.035404739968313594,0.0,0.0,0.0,0.0,0.0,0.0
1772565668507407170,65.45785472,7.625823497772217,0.2064775824546814,2.5416054725646973,0.006051062606275082,-0.4830076992511749,-0.01406511478126049,-0.8754823207855225,0.03522312739211105,0.0,0.0,0.0,0.0,0.0,0.0
1772565668614795559,65.565243136,7.674489498138428,0.2078607678413391,2.5708699226379395,0.006141543388366699,-0.4844783842563629,-0.01400408148765564,-0.8746696710586548,0.03496891458329383,0.0,0.0,0.0,0.0,0.0,0.0
1772565668724057025,65.674504704,7.727367877960205,0.20931196212768555,2.6020641326904297,0.00629231333732605,-0.48633456230163574,-0.013724148273468018,-0.8736422657966614,0.03390327509261284,0.0,0.0,0.0,0.0,0.0,0.0
1772565668828590403,65.779037952,7.790294170379639,0.21185153722763062,2.640303134918213,0.0060228705406188965,-0.4895132780075073,-0.01365131139755249,-0.8718681931495667,0.03439918371131989,0.0,0.0,0.0,0.0,0.0,0.0
1772565668949429554,65.89987712,7.844667911529541,0.21332556009292603,2.671309471130371,0.006018608808517456,-0.49289634823799133,-0.013864785432815552,-0.8699567914009094,0.035394307027297546,0.0,0.0,0.0,0.0,0.0,0.0
1772565669049829195,66.000276736,7.9011149406433105,0.21428757905960083,2.703059673309326,0.00644600298255682,-0.4961434006690979,-0.013360260054469109,-0.8681138753890991,0.03310301137903735,0.0,0.0,0.0,0.0,0.0,0.0
1772565669151163446,66.101611008,7.968099117279053,0.2163228988647461,2.739243507385254,0.006234943866729736,-0.5004316568374634,-0.013457804918289185,-0.8656489849090576,0.034188818052106947,0.0,0.0,0.0,0.0,0.0,0.0
1772565669300374284,66.250821888,8.024835586547852,0.2182013988494873,2.7696914672851562,0.006114572286605835,-0.5043173432350159,-0.01353636384010315,-0.8633906841278076,0.03503315169394962,0.0,0.0,0.0,0.0,0.0,0.0
1772565669404381614,66.354829312,8.091720581054688,0.22016209363937378,2.8046364784240723,0.006021350622177124,-0.5085567831993103,-0.013753890991210938,-0.8608975410461426,0.03638190787314096,0.0,0.0,0.0,0.0,0.0,0.0
1772565669486472960,66.436920576,8.148567199707031,0.22171038389205933,2.833428382873535,0.006327628158032894,-0.5118879079818726,-0.013688383623957634,-0.8589198589324951,0.03580799689313952,0.0,0.0,0.0,0.0,0.0,0.0
1772565669617874496,66.568322048,8.206676483154297,0.2229735255241394,2.8615331649780273,0.006392717361450195,-0.5152313709259033,-0.013401329517364502,-0.8569225668907166,0.034933200061103405,0.0,0.0,0.0,0.0,0.0,0.0
1772565669723373658,66.673821184,8.273832321166992,0.22518569231033325,2.8941922187805176,0.0064910342916846275,-0.5188414454460144,-0.01309463195502758,-0.8547455072402954,0.03391444862563113,0.0,0.0,0.0,0.0,0.0,0.0
1772565669800192958,66.75064064,8.329706192016602,0.2265891432762146,2.9212183952331543,0.006415903568267822,-0.5218238234519958,-0.013428330421447754,-0.8529233932495117,0.03560985648812465,0.0,0.0,0.0,0.0,0.0,0.0
1772565669935572845,66.886020352,8.398355484008789,0.22891628742218018,2.953373908996582,0.006160169839859009,-0.5253676772117615,-0.013432532548904419,-0.8507469892501831,0.03658343012599864,0.0,0.0,0.0,0.0,0.0,0.0
1772565670036959697,66.98740736,8.454792022705078,0.23032361268997192,2.978972911834717,0.006437212694436312,-0.5280296802520752,-0.013510198332369328,-0.849094033241272,0.036510065642148294,0.0,0.0,0.0,0.0,0.0,0.0
1772565670134933747,67.085381376,8.520591735839844,0.23211562633514404,3.008971691131592,0.0061775450594723225,-0.5312872529029846,-0.013485671021044254,-0.8470619320869446,0.03740416490929351,0.0,0.0,0.0,0.0,0.0,0.0
1772565670236860428,67.187308032,8.57546615600586,0.23363089561462402,3.0338640213012695,0.006661087274551392,-0.5339690446853638,-0.01305001974105835,-0.8453770875930786,0.03480260727347404,0.0,0.0,0.0,0.0,0.0,0.0
1772565670348041572,67.298489088,8.634580612182617,0.2351941466331482,3.059445858001709,0.006585449445992708,-0.5365232825279236,-0.013252229429781437,-0.8437557220458984,0.03606729086555211,0.0,0.0,0.0,0.0,0.0,0.0
1772565670450351111,67.40079872,8.707679748535156,0.23699456453323364,3.0915446281433105,0.0065869977697730064,-0.5386782288551331,-0.013045219704508781,-0.8423848152160645,0.035475805823617104,0.0,0.0,0.0,0.0,0.0,0.0
1772565670593530784,67.543978496,8.769189834594727,0.23907524347305298,3.119494915008545,0.006645411252975464,-0.5401394367218018,-0.013213664293289185,-0.8414455652236938,0.03616895218468695,0.0,0.0,0.0,0.0,0.0,0.0
1772565670666093624,67.616541184,8.829292297363281,0.24061566591262817,3.1465725898742676,0.00676727294921875,-0.5415200591087341,-0.012939751148223877,-0.840561032295227,0.0348959684475123,0.0,0.0,0.0,0.0,0.0,0.0
1772565670768550702,67.718998272,8.887956619262695,0.2420746088027954,3.171562671661377,0.006625235080718994,-0.5434211492538452,-0.013274937868118286,-0.8393291234970093,0.03685916033753351,0.0,0.0,0.0,0.0,0.0,0.0
1772565670867929569,67.818377216,8.96316146850586,0.24417263269424438,3.2034802436828613,0.006664186716079712,-0.5453492999076843,-0.012858688831329346,-0.838083803653717,0.035268636717001124,0.0,0.0,0.0,0.0,0.0,0.0
1772565670969945353,67.92039296,9.01727294921875,0.24615854024887085,3.226715564727783,0.006554454565048218,-0.5468334555625916,-0.013167083263397217,-0.8371122479438782,0.037025596449426795,0.0,0.0,0.0,0.0,0.0,0.0
1772565671125131406,68.075579136,9.08314323425293,0.24767988920211792,3.254603385925293,0.0066679418087005615,-0.5493082404136658,-0.01331561803817749,-0.8354871273040771,0.037654615515268164,0.0,0.0,0.0,0.0,0.0,0.0
1772565671219912055,68.170359552,9.150163650512695,0.24975401163101196,3.282193183898926,0.006757974624633789,-0.5515192747116089,-0.01307368278503418,-0.834032416343689,0.036663949772213475,0.0,0.0,0.0,0.0,0.0,0.0
1772565671350564443,68.301011968,9.205692291259766,0.25111716985702515,3.305093288421631,0.006693840026855469,-0.5530376434326172,-0.013036936521530151,-0.8330274224281311,0.03688501693404633,0.0,0.0,0.0,0.0,0.0,0.0
1772565671451767856,68.402215424,9.272279739379883,0.25319844484329224,3.331264019012451,0.006888151168823242,-0.5552158951759338,-0.01311945915222168,-0.8315743207931519,0.03697039034823491,0.0,0.0,0.0,0.0,0.0,0.0
1772565671551141236,68.501588736,9.337944030761719,0.25510817766189575,3.3574891090393066,0.006560862064361572,-0.5572574138641357,-0.01333242654800415,-0.8302068710327148,0.039140670165061245,0.0,0.0,0.0,0.0,0.0,0.0
1772565671650881820,68.601329408,9.395519256591797,0.2564723491668701,3.379513740539551,0.00723752286285162,-0.5589470863342285,-0.013271180912852287,-0.8290655016899109,0.03710788113351655,0.0,0.0,0.0,0.0,0.0,0.0
1772565671750360876,68.700808448,9.452442169189453,0.25778019428253174,3.4008259773254395,0.006967902183532715,-0.5608288049697876,-0.01289096474647522,-0.8278021812438965,0.036482405693629184,0.0,0.0,0.0,0.0,0.0,0.0
1772565671894411928,68.844859648,9.50722885131836,0.25970667600631714,3.422163486480713,0.006718694232404232,-0.5623127222061157,-0.013243822380900383,-0.8267914056777954,0.039036469325873735,0.0,0.0,0.0,0.0,0.0,0.0
1772565672002346318,68.952793856,9.563077926635742,0.26070350408554077,3.444092273712158,0.006677091121673584,-0.5637283325195312,-0.012936145067214966,-0.825831949710846,0.03798930349288091,0.0,0.0,0.0,0.0,0.0,0.0
1772565672118335859,69.06878336,9.631793975830078,0.2630346417427063,3.469726085662842,0.007029146421700716,-0.5651687383651733,-0.013058305718004704,-0.824842095375061,0.03766437060463928,0.0,0.0,0.0,0.0,0.0,0.0
1772565672225268918,69.175716608,9.693693161010742,0.2650109529495239,3.4934840202331543,0.006752192974090576,-0.5665698051452637,-0.013128340244293213,-0.8238815069198608,0.039071715616100476,0.0,0.0,0.0,0.0,0.0,0.0
1772565672326598471,69.277046016,9.755887985229492,0.2663955092430115,3.517273426055908,0.006501525640487671,-0.5681800842285156,-0.013403654098510742,-0.8227694630622864,0.04141372239376951,0.0,0.0,0.0,0.0,0.0,0.0
1772565672427059011,69.37750656,9.809621810913086,0.2679697871208191,3.5367512702941895,0.006985008716583252,-0.56935715675354,-0.013051748275756836,-0.8219570517539978,0.038412906293291964,0.0,0.0,0.0,0.0,0.0,0.0
1772565672550171147,69.500618752,9.871938705444336,0.26983755826950073,3.559601306915283,0.006790190935134888,-0.5707257390022278,-0.01304537057876587,-0.8210090398788452,0.03923863121671168,0.0,0.0,0.0,0.0,0.0,0.0
1772565672649685046,69.600132608,9.93248176574707,0.27142661809921265,3.581235408782959,0.006928770802915096,-0.5725460052490234,-0.013157634064555168,-0.8197376728057861,0.039619122411164616,0.0,0.0,0.0,0.0,0.0,0.0
1772565672776931273,69.727378944,9.985250473022461,0.27316945791244507,3.600062847137451,0.007167011499404907,-0.5743796825408936,-0.012888401746749878,-0.81845623254776,0.03783466848398943,0.0,0.0,0.0,0.0,0.0,0.0
1772565672876914613,69.827362304,10.04177474975586,0.27445119619369507,3.6184916496276855,0.006835191510617733,-0.5761845111846924,-0.013014106079936028,-0.8171874284744263,0.03987726964707558,0.0,0.0,0.0,0.0,0.0,0.0
1772565672998378611,69.948826112,10.095367431640625,0.2762613296508789,3.63783597946167,0.00679442286491394,-0.5774030089378357,-0.013009220361709595,-0.8163273930549622,0.04021384420562858,0.0,0.0,0.0,0.0,0.0,0.0
1772565673077564397,70.028012032,10.160999298095703,0.27785372734069824,3.6602511405944824,0.007017731666564941,-0.5789240598678589,-0.012803047895431519,-0.8152507543563843,0.03869117476700559,0.0,0.0,0.0,0.0,0.0,0.0
1772565673211913159,70.162360832,10.226696014404297,0.27973443269729614,3.6826882362365723,0.007119894027709961,-0.5807676911354065,-0.013080477714538574,-0.8139331936836243,0.040040843711089305,0.0,0.0,0.0,0.0,0.0,0.0
1772565673313465464,70.26391296,10.293010711669922,0.28176289796829224,3.7047362327575684,0.006886571645736694,-0.5828088521957397,-0.01319780945777893,-0.812472939491272,0.04186689443835305,0.0,0.0,0.0,0.0,0.0,0.0
1772565673450263112,70.400710656,10.34721565246582,0.28295695781707764,3.7220077514648438,0.006772756576538086,-0.5840986967086792,-0.013061970472335815,-0.8115493059158325,0.04185474590649222,0.0,0.0,0.0,0.0,0.0,0.0
1772565673549667612,70.5001152,10.412790298461914,0.28496140241622925,3.743678569793701,0.006957411766052246,-0.585289716720581,-0.013050287961959839,-0.810689389705658,0.041356255677475175,0.0,0.0,0.0,0.0,0.0,0.0
1772565673649454217,70.599901952,10.466415405273438,0.2865237593650818,3.761575222015381,0.006993412971496582,-0.5863927602767944,-0.013059079647064209,-0.8098914623260498,0.041493296996236134,0.0,0.0,0.0,0.0,0.0,0.0
1772565673750093205,70.700540928,10.533308029174805,0.28852230310440063,3.782371997833252,0.0070151686668396,-0.5878313779830933,-0.012962520122528076,-0.8088492155075073,0.0412051480341749,0.0,0.0,0.0,0.0,0.0,0.0
1772565673864757978,70.815205632,10.588802337646484,0.2899520993232727,3.8001837730407715,0.007177859544754028,-0.5891931653022766,-0.01276281476020813,-0.8078595995903015,0.03980786361097371,0.0,0.0,0.0,0.0,0.0,0.0
1772565674012380798,70.962828288,10.658674240112305,0.2918097972869873,3.820923328399658,0.007376163266599178,-0.5911257863044739,-0.012940851971507072,-0.8064417839050293,0.040374913518393174,0.0,0.0,0.0,0.0,0.0,0.0
1772565674106056934,71.056504576,10.716211318969727,0.2935539484024048,3.8391947746276855,0.0070885419845581055,-0.5929170250892639,-0.01327940821647644,-0.8051228523254395,0.04373350465781178,0.0,0.0,0.0,0.0,0.0,0.0
1772565674216104476,71.166552064,10.784038543701172,0.2952999472618103,3.8603615760803223,0.007129191420972347,-0.5952467322349548,-0.012889949604868889,-0.8034079074859619,0.041979597803270374,0.0,0.0,0.0,0.0,0.0,0.0
1772565674316639783,71.26708736,10.843948364257812,0.2971194386482239,3.87839412689209,0.007145583629608154,-0.5971754789352417,-0.012746930122375488,-0.8019775748252869,0.04155982830531643,0.0,0.0,0.0,0.0,0.0,0.0
1772565674418510742,71.368958464,10.909416198730469,0.29904705286026,3.898019790649414,0.007166891358792782,-0.5995537638664246,-0.013228503987193108,-0.8001930713653564,0.044772051648947646,0.0,0.0,0.0,0.0,0.0,0.0
1772565674549940549,71.500388096,10.96432113647461,0.3006741404533386,3.914844036102295,0.0071808695793151855,-0.6013039350509644,-0.013288527727127075,-0.7988775968551636,0.04552153898644841,0.0,0.0,0.0,0.0,0.0,0.0
1772565674649862212,71.60030976,11.022211074829102,0.3019956350326538,3.929734706878662,0.007387131452560425,-0.6031967997550964,-0.012914150953292847,-0.7974537014961243,0.042937627172648984,0.0,0.0,0.0,0.0,0.0,0.0
1772565674749250230,71.69969792,11.089359283447266,0.3039453625679016,3.9494471549987793,0.0073201945051550865,-0.6055566072463989,-0.01284131221473217,-0.79566490650177,0.043421317872608126,0.0,0.0,0.0,0.0,0.0,0.0
1772565674849795762,71.800243456,11.160493850708008,0.30594706535339355,3.9667248725891113,0.0076101720333099365,-0.6081119179725647,-0.012822389602661133,-0.7937113046646118,0.04265046639524266,0.0,0.0,0.0,0.0,0.0,0.0
1772565674950178777,71.900626432,11.217838287353516,0.3077649474143982,3.9818739891052246,0.00726428534835577,-0.6100805401802063,-0.012842385098338127,-0.7922021150588989,0.04495644137318564,0.0,0.0,0.0,0.0,0.0,0.0
1772565675070958247,72.021405952,11.273719787597656,0.30946892499923706,3.9955177307128906,0.007247626781463623,-0.6122398376464844,-0.013159483671188354,-0.7905293703079224,0.04769330547597861,0.0,0.0,0.0,0.0,0.0,0.0
1772565675212355115,72.162802688,11.34162712097168,0.3110775351524353,4.011238098144531,0.007042109966278076,-0.6145392060279846,-0.012838512659072876,-0.7887502908706665,0.047426210886736805,0.0,0.0,0.0,0.0,0.0,0.0
1772565675326602470,72.277050112,11.409292221069336,0.3129824995994568,4.027670860290527,0.007553845643997192,-0.6167160868644714,-0.012833207845687866,-0.7870448231697083,0.045507367887870964,0.0,0.0,0.0,0.0,0.0,0.0
1772565675422934719,72.3733824,11.466630935668945,0.3144073486328125,4.0407280921936035,0.007496178150177002,-0.6187105178833008,-0.01280367374420166,-0.785478949546814,0.04627043116331656,0.0,0.0,0.0,0.0,0.0,0.0
1772565675519514602,72.46996224,11.527383804321289,0.31636589765548706,4.053866863250732,0.007584750652313232,-0.6208113431930542,-0.012660980224609375,-0.7838211059570312,0.045543148442056515,0.0,0.0,0.0,0.0,0.0,0.0
1772565675637083489,72.587531008,11.59354019165039,0.31846243143081665,4.06833553314209,0.0076010823249816895,-0.6225869059562683,-0.012800902128219604,-0.782409131526947,0.04704358664387505,0.0,0.0,0.0,0.0,0.0,0.0
1772565675749403605,72.699851264,11.649045944213867,0.31995296478271484,4.080435752868652,0.007649034261703491,-0.6241001486778259,-0.012676894664764404,-0.7812041640281677,0.04645521055769128,0.0,0.0,0.0,0.0,0.0,0.0
1772565675842431762,72.79287936,11.717184066772461,0.3218432664871216,4.095183372497559,0.007696270942687988,-0.6260203719139099,-0.012697845697402954,-0.7796653509140015,0.04704860590174541,0.0,0.0,0.0,0.0,0.0,0.0
1772565675949550925,72.899998464,11.775922775268555,0.3231821656227112,4.107564449310303,0.007918894290924072,-0.6275995969772339,-0.012825310230255127,-0.7783904075622559,0.04727953113617467,0.0,0.0,0.0,0.0,0.0,0.0
1772565676049601852,73.000049408,11.830202102661133,0.3250691294670105,4.119919776916504,0.007581859827041626,-0.6291226744651794,-0.012899905443191528,-0.7771620154380798,0.050471180061174875,0.0,0.0,0.0,0.0,0.0,0.0
1772565676189408784,73.139856384,11.901046752929688,0.3274022936820984,4.1327104568481445,0.0074024498462677,-0.6310720443725586,-0.01291513442993164,-0.7755814790725708,0.052572037522288874,0.0,0.0,0.0,0.0,0.0,0.0
1772565676292370199,73.242817792,11.961528778076172,0.32890743017196655,4.144583225250244,0.007721961010247469,-0.6324858665466309,-0.012620181776583195,-0.7744306325912476,0.04895192913984332,0.0,0.0,0.0,0.0,0.0,0.0
1772565676373451694,73.323899392,12.030208587646484,0.33063948154449463,4.157299041748047,0.007903844118118286,-0.6344613432884216,-0.012575894594192505,-0.7728118896484375,0.048308591353088105,0.0,0.0,0.0,0.0,0.0,0.0
1772565676500019476,73.450467072,12.08504867553711,0.3321409821510315,4.168213844299316,0.007983863353729248,-0.6359217166900635,-0.012489467859268188,-0.771611213684082,0.047737583866890164,0.0,0.0,0.0,0.0,0.0,0.0
1772565676607964054,73.558411776,12.151588439941406,0.3342741131782532,4.180608749389648,0.007762223482131958,-0.6377227306365967,-0.01271510124206543,-0.7701219916343689,0.05193537350916895,0.0,0.0,0.0,0.0,0.0,0.0
1772565676730514938,73.68096256,12.20808219909668,0.3361045718193054,4.190365314483643,0.007636666297912598,-0.639454185962677,-0.012736350297927856,-0.7686858177185059,0.05390815919653132,0.0,0.0,0.0,0.0,0.0,0.0
1772565676830740420,73.781188096,12.268627166748047,0.33762127161026,4.200344562530518,0.007829248905181885,-0.6414420008659363,-0.012659966945648193,-0.7670271992683411,0.05299287655224359,0.0,0.0,0.0,0.0,0.0,0.0
1772565676949282030,73.899729664,12.340314865112305,0.33947527408599854,4.210554122924805,0.007976113818585873,-0.643867552280426,-0.01234966330230236,-0.764995813369751,0.050517203913050514,0.0,0.0,0.0,0.0,0.0,0.0
1772565677049608379,74.000056064,12.410078048706055,0.3417378067970276,4.223611831665039,0.008007556200027466,-0.6461509466171265,-0.012580454349517822,-0.7630640268325806,0.05370229654082313,0.0,0.0,0.0,0.0,0.0,0.0
1772565677151256433,74.101703936,12.478921890258789,0.34370362758636475,4.233810901641846,0.008045941591262817,-0.6480877995491028,-0.012547612190246582,-0.7614197134971619,0.05430965588677404,0.0,0.0,0.0,0.0,0.0,0.0
1772565677261533882,74.211981568,12.534893035888672,0.34532099962234497,4.2418107986450195,0.0077679455280303955,-0.6496201753616333,-0.012682229280471802,-0.7601134777069092,0.05895197296711476,0.0,0.0,0.0,0.0,0.0,0.0
1772565677363751073,74.314198784,12.59225845336914,0.3468436598777771,4.250629425048828,0.008024602197110653,-0.6506055593490601,-0.012542573735117912,-0.7592698335647583,0.056140305901176336,0.0,0.0,0.0,0.0,0.0,0.0
1772565677499152577,74.449600256,12.668222427368164,0.3489157557487488,4.26289176940918,0.007933557964861393,-0.6507274508476257,-0.012770802713930607,-0.7591626048088074,0.05926408242716624,0.0,0.0,0.0,0.0,0.0,0.0
1772565677635534573,74.585982208,12.733325958251953,0.35083848237991333,4.273009777069092,0.008046419359743595,-0.6507869362831116,-0.012722224928438663,-0.759111225605011,0.05786767454549455,0.0,0.0,0.0,0.0,0.0,0.0
1772565677736746110,74.6871936,12.798391342163086,0.3527114987373352,4.283107280731201,0.008059739135205746,-0.6508156657218933,-0.012693284079432487,-0.7590868473052979,0.05748803128183308,0.0,0.0,0.0,0.0,0.0,0.0
1772565677849512264,74.799959808,12.852666854858398,0.3542338013648987,4.291787624359131,0.007938086986541748,-0.6508452892303467,-0.012848734855651855,-0.7590601444244385,0.06008992171466269,0.0,0.0,0.0,0.0,0.0,0.0
1772565677949529591,74.899977216,12.917692184448242,0.35616737604141235,4.301792621612549,0.008030145429074764,-0.6508672833442688,-0.012820689007639885,-0.759040892124176,0.059044547694644706,0.0,0.0,0.0,0.0,0.0,0.0
1772565678067332286,75.017779968,12.971967697143555,0.3578113317489624,4.310388565063477,0.007891595363616943,-0.6508983373641968,-0.012878268957138062,-0.7590147256851196,0.06082082645230335,0.0,0.0,0.0,0.0,0.0,0.0
1772565678173140534,75.123588096,13.035362243652344,0.35982340574264526,4.320461273193359,0.00815051794052124,-0.6517964601516724,-0.012495607137680054,-0.7582472562789917,0.055436349520988165,0.0,0.0,0.0,0.0,0.0,0.0
1772565678310398433,75.26084608,13.098657608032227,0.3618101477622986,4.329352378845215,0.008102207444608212,-0.6542069315910339,-0.012463627383112907,-0.7561694383621216,0.057329422359369074,0.0,0.0,0.0,0.0,0.0,0.0
1772565678417419589,75.367867136,13.188095092773438,0.36446040868759155,4.33885383605957,0.008436411619186401,-0.6594545841217041,-0.012242913246154785,-0.7515974640846252,0.05594165608192211,0.0,0.0,0.0,0.0,0.0,0.0
1772565678517745615,75.46819328,13.268550872802734,0.36688321828842163,4.345850944519043,0.008690059185028076,-0.6650266647338867,-0.0122012197971344,-0.746669352054596,0.057777561939576144,0.0,0.0,0.0,0.0,0.0,0.0
1772565678618533734,75.568981248,13.349571228027344,0.3690837025642395,4.353878021240234,0.008867472410202026,-0.6709737181663513,-0.01205095648765564,-0.7413302063941956,0.060027586766317684,0.0,0.0,0.0,0.0,0.0,0.0
1772565678718614647,75.669062144,13.446271896362305,0.37190765142440796,4.364322185516357,0.009152233600616455,-0.6779386401176453,-0.011951208114624023,-0.7349643707275391,0.06397843519813136,0.0,0.0,0.0,0.0,0.0,0.0
1772565678819683389,75.770130944,13.526969909667969,0.37413281202316284,4.373067378997803,0.009119479916989803,-0.6834658980369568,-0.011941997334361076,-0.729827880859375,0.07570642052588088,0.0,0.0,0.0,0.0,0.0,0.0
1772565678949510996,75.899958528,13.6214599609375,0.3769933581352234,4.383548259735107,0.008821308612823486,-0.6901006698608398,-0.012096554040908813,-0.7235585451126099,0.1123766980472604,0.0,0.0,0.0,0.0,0.0,0.0
1772565679059408066,76.009855744,13.712636947631836,0.37980490922927856,4.385357856750488,0.009351938962936401,-0.6966952085494995,-0.011565417051315308,-0.7172131538391113,0.12225799594221103,0.0,0.0,0.0,0.0,0.0,0.0
1772565679171818666,76.122266368,13.78243637084961,0.38198310136795044,4.39021635055542,0.008891552686691284,-0.6988902688026428,-0.012402474880218506,-0.7150661945343018,0.2287912873589838,0.0,0.0,0.0,0.0,0.0,0.0
1772565679319377821,76.269825536,13.837165832519531,0.3836750388145447,4.39162015914917,0.009060889482498169,-0.6989694237709045,-0.012494325637817383,-0.7149850130081177,0.2264280838358246,0.0,0.0,0.0,0.0,0.0,0.0
1772565679424361577,76.374809088,13.903078079223633,0.38562315702438354,4.393205642700195,0.00895640254020691,-0.6989813446998596,-0.012508124113082886,-0.7149744629859924,0.2337116623383631,0.0,0.0,0.0,0.0,0.0,0.0
1772565679517242765,76.467690496,13.957963943481445,0.38721853494644165,4.3945488929748535,0.009017586708068848,-0.6990062594413757,-0.012604087591171265,-0.7149476408958435,0.23658699200202987,0.0,0.0,0.0,0.0,0.0,0.0
1772565679613872037,76.564319744,14.012887954711914,0.38884496688842773,4.395843505859375,0.009106993675231934,-0.6990516185760498,-0.01264864206314087,-0.7149014472961426,0.23522579671613378,0.0,0.0,0.0,0.0,0.0,0.0
1772565679715407538,76.665855232,14.067800521850586,0.39050495624542236,4.397001266479492,0.009225696325302124,-0.6991159915924072,-0.012465059757232666,-0.7148400545120239,0.21850960517872078,0.0,0.0,0.0,0.0,0.0,0.0
1772565679812638231,76.763085824,14.133495330810547,0.39270418882369995,4.398944854736328,0.009059400297701359,-0.6991560459136963,-0.012819738127291203,-0.7147967219352722,0.2514144055560921,0.0,0.0,0.0,0.0,0.0,0.0
1772565679930648684,76.881096192,14.188369750976562,0.3944743275642395,4.400313377380371,0.009005188941955566,-0.6991736888885498,-0.012944549322128296,-0.714777946472168,0.26280976802623923,0.0,0.0,0.0,0.0,0.0,0.0
1772565680050627938,77.001075456,14.254390716552734,0.3962738513946533,4.401374816894531,0.009283214807510376,-0.6992384791374207,-0.01245298981666565,-0.7147197723388672,0.21732939041094174,0.0,0.0,0.0,0.0,0.0,0.0
1772565680150310557,77.100758272,14.309221267700195,0.39810341596603394,4.402693748474121,0.009220539592206478,-0.6992554664611816,-0.01247200183570385,-0.7147036790847778,0.22278881015999222,0.0,0.0,0.0,0.0,0.0,0.0
1772565680251376655,77.201824256,14.37496566772461,0.40022796392440796,4.404685974121094,0.00905498769134283,-0.6992947459220886,-0.013060657307505608,-0.7146567702293396,0.2707116857882823,0.0,0.0,0.0,0.0,0.0,0.0
1772565680364444304,77.314892032,14.429977416992188,0.4016687870025635,4.405564785003662,0.009187668561935425,-0.6993072628974915,-0.01270487904548645,-0.7146492600440979,0.24084189717148724,0.0,0.0,0.0,0.0,0.0,0.0
1772565680510380412,77.460827904,14.49594497680664,0.40374499559402466,4.406713485717773,0.009314537048339844,-0.6993421912193298,-0.01250225305557251,-0.7146170139312744,0.22116681472306235,0.0,0.0,0.0,0.0,0.0,0.0
1772565680611613554,77.562061056,14.561847686767578,0.4057931900024414,4.408324718475342,0.00931096076965332,-0.6993792653083801,-0.012655913829803467,-0.7145781517028809,0.2321616294784265,0.0,0.0,0.0,0.0,0.0,0.0
1772565680715181104,77.665628672,14.616783142089844,0.40737563371658325,4.409407615661621,0.00938233733177185,-0.699398398399353,-0.012511253356933594,-0.7145609855651855,0.21898461549478707,0.0,0.0,0.0,0.0,0.0,0.0
1772565680834380787,77.784828416,14.67184829711914,0.4088500142097473,4.41060209274292,0.009351491928100586,-0.6994267106056213,-0.012409985065460205,-0.7145354747772217,0.2151231021434002,0.0,0.0,0.0,0.0,0.0,0.0
1772565680917252707,77.867700224,14.737771987915039,0.41087406873703003,4.412171840667725,0.009374767541885376,-0.6994630098342896,-0.012548834085464478,-0.7144972085952759,0.22357272229074224,0.0,0.0,0.0,0.0,0.0,0.0
1772565681049675709,78.000123392,14.792829513549805,0.41236448287963867,4.413302421569824,0.009462922811508179,-0.69950270652771,-0.012452930212020874,-0.7144588232040405,0.21281642936008047,0.0,0.0,0.0,0.0,0.0,0.0
1772565681149428680,78.099876352,14.858856201171875,0.4145321249961853,4.414773464202881,0.009464830160140991,-0.6995770931243896,-0.012445777654647827,-0.7143860459327698,0.21413386559048225,0.0,0.0,0.0,0.0,0.0,0.0
1772565681249844157,78.20029184,14.913917541503906,0.4161112904548645,4.416064262390137,0.009439080022275448,-0.6996020078659058,-0.012524811550974846,-0.7143605947494507,0.22164357260341505,0.0,0.0,0.0,0.0,0.0,0.0
1772565681353385504,78.303833088,14.979995727539062,0.41819649934768677,4.417286396026611,0.009547263383865356,-0.699658989906311,-0.012332499027252197,-0.7143067717552185,0.20337790657674915,0.0,0.0,0.0,0.0,0.0,0.0
1772565681470733752,78.42118144,15.045982360839844,0.42026394605636597,4.419191360473633,0.009498417377471924,-0.6997493505477905,-0.012667238712310791,-0.7142130732536316,0.23135638626083577,0.0,0.0,0.0,0.0,0.0,0.0
1772565681570959544,78.521407232,15.101165771484375,0.4219842553138733,4.420090198516846,0.009507536888122559,-0.6997886300086975,-0.012377381324768066,-0.714179515838623,0.21231618334229532,0.0,0.0,0.0,0.0,0.0,0.0
1772565681725337839,78.675785472,15.167251586914062,0.42413491010665894,4.421877384185791,0.009515255689620972,-0.6999183297157288,-0.012487292289733887,-0.71405029296875,0.2228444231760215,0.0,0.0,0.0,0.0,0.0,0.0
1772565681822960714,78.773408256,15.222282409667969,0.4257485270500183,4.422863006591797,0.009553790092468262,-0.6999563574790955,-0.012396544218063354,-0.7140141725540161,0.21505168312620973,0.0,0.0,0.0,0.0,0.0,0.0
1772565681920423777,78.870871296,15.288389205932617,0.4277346730232239,4.424188137054443,0.009552955627441406,-0.7000418305397034,-0.012315303087234497,-0.7139317989349365,0.21177788326830757,0.0,0.0,0.0,0.0,0.0,0.0
1772565682019731422,78.970179072,15.34347915649414,0.42958182096481323,4.425318717956543,0.009644687175750732,-0.7001193165779114,-0.01234319806098938,-0.7138540148735046,0.2095519012078713,0.0,0.0,0.0,0.0,0.0,0.0
1772565682122572058,79.073019648,15.40963363647461,0.4315338730812073,4.426728248596191,0.00961369276046753,-0.7002260684967041,-0.0122833251953125,-0.7137507796287537,0.21036911509102582,0.0,0.0,0.0,0.0,0.0,0.0
1772565682227634634,79.178082304,15.46476936340332,0.4334196448326111,4.427935600280762,0.009686707518994808,-0.7003161907196045,-0.012288389727473259,-0.7136613130569458,0.2080796357884321,0.0,0.0,0.0,0.0,0.0,0.0
1772565682350994506,79.301442048,15.530967712402344,0.43533915281295776,4.429222583770752,0.009727180004119873,-0.7004271745681763,-0.012181729078292847,-0.7135536670684814,0.20035119764473075,0.0,0.0,0.0,0.0,0.0,0.0
1772565682482477872,79.43292544,15.586114883422852,0.4372406601905823,4.430480003356934,0.009745419025421143,-0.7005335092544556,-0.01225396990776062,-0.7134477496147156,0.20741510310641925,0.0,0.0,0.0,0.0,0.0,0.0
1772565682581410738,79.531858432,15.652416229248047,0.43918246030807495,4.431946277618408,0.009794295765459538,-0.7006909251213074,-0.012081325985491276,-0.7132954597473145,0.1949626921997925,0.0,0.0,0.0,0.0,0.0,0.0
1772565682724319112,79.674766848,15.718421936035156,0.44110649824142456,4.43319034576416,0.009810119867324829,-0.7008069753646851,-0.012050777673721313,-0.713181734085083,0.19458594609293903,0.0,0.0,0.0,0.0,0.0,0.0
1772565682812197402,79.762644992,15.773553848266602,0.4429625868797302,4.4343647956848145,0.009812028147280216,-0.7009040713310242,-0.012060941196978092,-0.7130861282348633,0.1980220348657406,0.0,0.0,0.0,0.0,0.0,0.0
1772565682912588784,79.863036416,15.83968734741211,0.4449307322502136,4.435641288757324,0.00990903377532959,-0.7010098695755005,-0.01200053095817566,-0.7129817605018616,0.18844911917735524,0.0,0.0,0.0,0.0,0.0,0.0
1772565683049962635,80.000410368,15.894903182983398,0.44668394327163696,4.436717987060547,0.009798288345336914,-0.7011156678199768,-0.011936753988265991,-0.7128803730010986,0.19517774144206723,0.0,0.0,0.0,0.0,0.0,0.0
1772565683144417173,80.094864896,15.961069107055664,0.4486338496208191,4.438086032867432,0.00985679030418396,-0.7012554407119751,-0.01184585690498352,-0.7127436399459839,0.18678947701047569,0.0,0.0,0.0,0.0,0.0,0.0
1772565683250011452,80.200459008,16.016141891479492,0.4503328204154968,4.439135551452637,0.009735554456710815,-0.7013400793075562,-0.011839866638183594,-0.7126619815826416,0.19902204250264796,0.0,0.0,0.0,0.0,0.0,0.0
1772565683349427297,80.299874816,16.071298599243164,0.4520578980445862,4.440279006958008,0.009702980518341064,-0.7014256715774536,-0.011947989463806152,-0.7125763893127441,0.21398754155676888,0.0,0.0,0.0,0.0,0.0,0.0
1772565683450204172,80.400651776,16.137636184692383,0.4539331793785095,4.441347599029541,0.009798972867429256,-0.7015708088874817,-0.011593758128583431,-0.7124380469322205,0.17880614080275584,0.0,0.0,0.0,0.0,0.0,0.0
1772565683595444596,80.545892096,16.192638397216797,0.4557468295097351,4.442522048950195,0.009809553623199463,-0.7016321420669556,-0.011864513158798218,-0.7123730778694153,0.2043636879186895,0.0,0.0,0.0,0.0,0.0,0.0
1772565683664988715,80.615436288,16.24759864807129,0.45771950483322144,4.443821907043457,0.009683727286756039,-0.7017108201980591,-0.012280402705073357,-0.7122902274131775,0.2562206733962847,0.0,0.0,0.0,0.0,0.0,0.0
1772565683812317803,80.762765312,16.31368064880371,0.45973891019821167,4.444749355316162,0.009731470607221127,-0.7017920017242432,-0.012136844918131828,-0.7122120261192322,0.24233159291268563,0.0,0.0,0.0,0.0,0.0,0.0
1772565683913810209,80.864257792,16.379858016967773,0.46147865056991577,4.445465087890625,0.009907960891723633,-0.7018564939498901,-0.011756956577301025,-0.7121524810791016,0.19301164148187122,0.0,0.0,0.0,0.0,0.0,0.0
1772565684020407590,80.970855168,16.434701919555664,0.4634825587272644,4.446758270263672,0.009772062301635742,-0.701919436454773,-0.012183129787445068,-0.7120851278305054,0.24840044429244085,0.0,0.0,0.0,0.0,0.0,0.0
1772565684120314759,81.070762496,16.489871978759766,0.4648391604423523,4.447327613830566,0.009932756423950195,-0.7019698619842529,-0.01189151406288147,-0.7120381593704224,0.2075813522542144,0.0,0.0,0.0,0.0,0.0,0.0
1772565684216291856,81.166739456,16.555957794189453,0.46713489294052124,4.4486236572265625,0.009832053445279598,-0.7020390629768372,-0.012191681191325188,-0.7119662165641785,0.24893866010537236,0.0,0.0,0.0,0.0,0.0,0.0
1772565684349286729,81.299734272,16.622133255004883,0.46907728910446167,4.449339389801025,0.00995481014251709,-0.7021006345748901,-0.011877208948135376,-0.7119090557098389,0.20897952687517185,0.0,0.0,0.0,0.0,0.0,0.0
1772565684449396553,81.399844096,16.677350997924805,0.4704849123954773,4.45020866394043,0.010008066892623901,-0.7021751999855042,-0.011801570653915405,-0.7118360996246338,0.19897985646583466,0.0,0.0,0.0,0.0,0.0,0.0
1772565684550301165,81.5007488,16.74329376220703,0.47290605306625366,4.451598167419434,0.009895950555801392,-0.7022451758384705,-0.012198030948638916,-0.7117619514465332,0.2529633199561821,0.0,0.0,0.0,0.0,0.0,0.0
1772565684649774316,81.600221952,16.798389434814453,0.47435611486434937,4.452284812927246,0.01002812385559082,-0.7022997736930847,-0.012078642845153809,-0.7117083072662354,0.23022216080329086,0.0,0.0,0.0,0.0,0.0,0.0
1772565684794340046,81.744787712,16.853591918945312,0.4755627512931824,4.452587604522705,0.010186581872403622,-0.7023271918296814,-0.01167032029479742,-0.7116857171058655,0.1726915421357389,0.0,0.0,0.0,0.0,0.0,0.0
1772565684909451726,81.859899392,16.91947364807129,0.47796159982681274,4.453982353210449,0.010079950094223022,-0.7024276852607727,-0.011891961097717285,-0.7115844488143921,0.21090280716572354,0.0,0.0,0.0,0.0,0.0,0.0
1772565684987742414,81.93819008,16.974538803100586,0.4794824719429016,4.454486846923828,0.010180382989346981,-0.7024497985839844,-0.01170393731445074,-0.7115642428398132,0.18110259860151554,0.0,0.0,0.0,0.0,0.0,0.0
1772565685119234481,82.069682176,17.04061508178711,0.4814996123313904,4.4554009437561035,0.010215818881988525,-0.7024968266487122,-0.011683851480484009,-0.7115176916122437,0.1768108437914825,0.0,0.0,0.0,0.0,0.0,0.0
1772565685212760420,82.163207936,17.09564208984375,0.48329323530197144,4.456173896789551,0.010151654481887817,-0.7025277018547058,-0.011741340160369873,-0.7114871740341187,0.19108607900908267,0.0,0.0,0.0,0.0,0.0,0.0
1772565685336953893,82.287401472,17.161542892456055,0.4853596091270447,4.456967353820801,0.010223925113677979,-0.7025750875473022,-0.011710256338119507,-0.711439847946167,0.18163392696400377,0.0,0.0,0.0,0.0,0.0,0.0
1772565685418615724,82.369063424,17.216548919677734,0.48711293935775757,4.4576735496521,0.010222047567367554,-0.702604353427887,-0.011746138334274292,-0.711410403251648,0.18691173872106548,0.0,0.0,0.0,0.0,0.0,0.0
1772565685551805674,82.502253312,17.28250503540039,0.4891452193260193,4.458535671234131,0.010224014520645142,-0.7026297450065613,-0.011751353740692139,-0.711385190486908,0.18824755705999988,0.0,0.0,0.0,0.0,0.0,0.0
1772565685650861164,82.601308672,17.34844398498535,0.4911535382270813,4.459367752075195,0.010268539190292358,-0.7026557922363281,-0.01175275444984436,-0.7113587856292725,0.18448883569629138,0.0,0.0,0.0,0.0,0.0,0.0
1772565685773001771,82.723449344,17.403419494628906,0.49286919832229614,4.460068225860596,0.010340570472180843,-0.7026864290237427,-0.011771557852625847,-0.7113271355628967,0.17975708274190025,0.0,0.0,0.0,0.0,0.0,0.0
1772565685872370845,82.82281856,17.469423294067383,0.4949111342430115,4.460988998413086,0.010278641246259212,-0.7027113437652588,-0.011806754395365715,-0.7113029360771179,0.19164071298364035,0.0,0.0,0.0,0.0,0.0,0.0
1772565685972762520,82.92321024,17.524412155151367,0.49655789136886597,4.461591720581055,0.010433285497128963,-0.7027405500411987,-0.011765716597437859,-0.7112724184989929,0.17061797412529905,0.0,0.0,0.0,0.0,0.0,0.0
1772565686119414238,83.069861888,17.57933807373047,0.49817579984664917,4.462332725524902,0.010426998138427734,-0.702779233455658,-0.011758118867874146,-0.711234450340271,0.17183941671004668,0.0,0.0,0.0,0.0,0.0,0.0
1772565686223600027,83.174047744,17.64524269104004,0.500249445438385,4.46315336227417,0.01045963168144226,-0.7027963995933533,-0.0117722749710083,-0.7112168073654175,0.17036657598636157,0.0,0.0,0.0,0.0,0.0,0.0
1772565686352637429,83.303085056,17.72208023071289,0.5027044415473938,4.464244842529297,0.010377198457717896,-0.7028176784515381,-0.011858135461807251,-0.7111955285072327,0.19068555179965735,0.0,0.0,0.0,0.0,0.0,0.0
1772565686449998622,83.400446208,17.77710723876953,0.5043805241584778,4.4648590087890625,0.01049080491065979,-0.7028566598892212,-0.011805564165115356,-0.7111562490463257,0.17287570287509085,0.0,0.0,0.0,0.0,0.0,0.0
1772565686550887738,83.501335296,17.843006134033203,0.5064420104026794,4.465780735015869,0.010422557592391968,-0.7028942704200745,-0.011855095624923706,-0.7111192345619202,0.1881948447685036,0.0,0.0,0.0,0.0,0.0,0.0
1772565686674444763,83.624892416,17.897899627685547,0.5081642270088196,4.4663238525390625,0.010487914085388184,-0.702932596206665,-0.01184302568435669,-0.7110806107521057,0.18059663856092203,0.0,0.0,0.0,0.0,0.0,0.0
1772565686775306651,83.725754368,17.963838577270508,0.5102785229682922,4.467117786407471,0.010503023862838745,-0.7029513716697693,-0.011854290962219238,-0.7110615968704224,0.1809071507454965,0.0,0.0,0.0,0.0,0.0,0.0
1772565686890387643,83.840835328,18.01883316040039,0.5119556784629822,4.467757701873779,0.010478109121322632,-0.7029834389686584,-0.011756956577301025,-0.7110319137573242,0.17330103659352772,0.0,0.0,0.0,0.0,0.0,0.0
1772565687000975427,83.951422976,18.0847225189209,0.5140561461448669,4.46852970123291,0.01050335168838501,-0.7029920816421509,-0.011835634708404541,-0.7110216617584229,0.18022203508113135,0.0,0.0,0.0,0.0,0.0,0.0
1772565687113067633,84.063515136,18.139741897583008,0.5157576203346252,4.469076156616211,0.010483384132385254,-0.703015148639679,-0.011693090200424194,-0.711001455783844,0.16601177299937672,0.0,0.0,0.0,0.0,0.0,0.0
1772565687224290567,84.174738176,18.20557975769043,0.51784747838974,4.4698486328125,0.010490119457244873,-0.7030446529388428,-0.01175391674041748,-0.7109712958335876,0.17383823171669419,0.0,0.0,0.0,0.0,0.0,0.0
1772565687336193542,84.286641152,18.26045799255371,0.5195366740226746,4.470361232757568,0.010515092872083187,-0.7030519247055054,-0.011620908044278622,-0.7109658122062683,0.15448558222047676,0.0,0.0,0.0,0.0,0.0,0.0
1772565687452678727,84.403126272,18.326400756835938,0.5216407179832458,4.47109317779541,0.010508476756513119,-0.7030806541442871,-0.011686949990689754,-0.710936427116394,0.16459906134222477,0.0,0.0,0.0,0.0,0.0,0.0
1772565687542510451,84.492957952,18.381357192993164,0.5232110619544983,4.4716010093688965,0.010511904954910278,-0.7031000256538391,-0.011550813913345337,-0.7109194993972778,0.1476910770988887,0.0,0.0,0.0,0.0,0.0,0.0
1772565687674911711,84.62535936,18.447254180908203,0.5253940224647522,4.472241401672363,0.010491162538528442,-0.703126847743988,-0.011585503816604614,-0.7108926773071289,0.1556078371026293,0.0,0.0,0.0,0.0,0.0,0.0
1772565687777616538,84.728064256,18.50220489501953,0.5270957350730896,4.472810745239258,0.010500074364244938,-0.7031621932983398,-0.011673511005938053,-0.7108560800552368,0.1670284925384327,0.0,0.0,0.0,0.0,0.0,0.0
1772565687876033652,84.826481152,18.55718231201172,0.5287792086601257,4.473344802856445,0.01061159372329712,-0.7031986117362976,-0.011745423078536987,-0.7108173370361328,0.16354879148791177,0.0,0.0,0.0,0.0,0.0,0.0
1772565687977874216,84.928321792,18.623233795166016,0.5308286547660828,4.47398567199707,0.010564506985247135,-0.7032536864280701,-0.011723876930773258,-0.7107638716697693,0.16892647325383026,0.0,0.0,0.0,0.0,0.0,0.0
1772565688124541389,85.074989056,18.689382553100586,0.532948911190033,4.474549770355225,0.01053121592849493,-0.7033284902572632,-0.011590122245252132,-0.7106925249099731,0.15845937851001402,0.0,0.0,0.0,0.0,0.0,0.0
1772565688226604509,85.17705216,18.744516372680664,0.5346681475639343,4.474935054779053,0.010625094175338745,-0.7034189701080322,-0.011539936065673828,-0.7106024026870728,0.14234758383658522,0.0,0.0,0.0,0.0,0.0,0.0
1772565688326870262,85.277317888,18.810714721679688,0.5367715954780579,4.475637435913086,0.010628968477249146,-0.7035163640975952,-0.011566787958145142,-0.7105055451393127,0.14908302412589253,0.0,0.0,0.0,0.0,0.0,0.0
1772565688426904009,85.37735168,18.866037368774414,0.5383705496788025,4.4760003089904785,0.010707437992095947,-0.7036007642745972,-0.011414557695388794,-0.7104231715202332,0.11892204728488986,0.0,0.0,0.0,0.0,0.0,0.0
1772565688549858498,85.500306176,18.93233299255371,0.54051274061203,4.476912498474121,0.010716170072555542,-0.7037277221679688,-0.011483877897262573,-0.7102961540222168,0.13204982679528907,0.0,0.0,0.0,0.0,0.0,0.0
1772565688681518248,85.631965952,18.998647689819336,0.5426734089851379,4.477721214294434,0.010693280957639217,-0.7038432955741882,-0.011398344300687313,-0.7101834416389465,0.12637547914976774,0.0,0.0,0.0,0.0,0.0,0.0
1772565688802405383,85.752852992,19.053794860839844,0.5441810488700867,4.4783830642700195,0.010694772005081177,-0.7039049863815308,-0.01150137186050415,-0.7101205587387085,0.1447470440665288,0.0,0.0,0.0,0.0,0.0,0.0
1772565688879795366,85.830243072,19.119998931884766,0.5463590025901794,4.478982448577881,0.010698646306991577,-0.7040013670921326,-0.011348336935043335,-0.7100274562835693,0.12299076732090677,0.0,0.0,0.0,0.0,0.0,0.0
1772565688980043522,85.930491136,19.175296783447266,0.5480709671974182,4.4793243408203125,0.01060667634010315,-0.7041122913360596,-0.011326402425765991,-0.7099191546440125,0.1388268306279582,0.0,0.0,0.0,0.0,0.0,0.0
1772565689132564290,86.08301184,19.241920471191406,0.5499680638313293,4.48012638092041,0.010774551890790462,-0.7042732834815979,-0.01094436552375555,-0.7097628712654114,0.04628258487528874,0.0,0.0,0.0,0.0,0.0,0.0
1772565689244377083,86.194824704,19.308013916015625,0.5521561503410339,4.481053352355957,0.010698020458221436,-0.704413652420044,-0.0110531747341156,-0.7096229791641235,0.08345225906374261,0.0,0.0,0.0,0.0,0.0,0.0
1772565689344506018,86.294953728,19.36374855041504,0.5539924502372742,4.481015205383301,0.010799826122820377,-0.7045038342475891,-0.01020857784897089,-0.7095445990562439,-0.10190463254958752,0.0,0.0,0.0,0.0,0.0,0.0
1772565689449392769,86.399840512,19.429800033569336,0.5559908747673035,4.482563495635986,0.010689289309084415,-0.7046762704849243,-0.010959655977785587,-0.7093638777732849,0.07292332170930829,0.0,0.0,0.0,0.0,0.0,0.0
1772565689549492286,86.49993984,19.485218048095703,0.5575805306434631,4.482908248901367,0.010764510370790958,-0.7048579454421997,-0.010468662716448307,-0.7091895937919617,-0.053179047343848776,0.0,0.0,0.0,0.0,0.0,0.0
1772565689649440431,86.599888128,19.54059600830078,0.5589069724082947,4.4831695556640625,0.010878145694732666,-0.7049673795700073,-0.010087668895721436,-0.7090845704078674,-0.17486115106650965,0.0,0.0,0.0,0.0,0.0,0.0
1772565689784867101,86.735314688,19.606689453125,0.5612258315086365,4.484195709228516,0.010818332433700562,-0.7051727175712585,-0.010148435831069946,-0.7088804244995117,-0.16392345131294564,0.0,0.0,0.0,0.0,0.0,0.0
1772565689874964611,86.825412352,19.6619873046875,0.5624279379844666,4.484622001647949,0.01094907522201538,-0.7053611874580383,-0.009802967309951782,-0.7086957097053528,-0.31638525992078576,0.0,0.0,0.0,0.0,0.0,0.0
1772565690013398843,86.9638464,19.728168487548828,0.564501941204071,4.485317230224609,0.01107335090637207,-0.7056379914283752,-0.009477585554122925,-0.7084226012229919,-0.5058474633728687,0.0,0.0,0.0,0.0,0.0,0.0
1772565690089380569,87.039828224,19.794219970703125,0.5667778849601746,4.486693382263184,0.010975450277328491,-0.7059133648872375,-0.009867727756500244,-0.7081444263458252,-0.4461098452522032,0.0,0.0,0.0,0.0,0.0,0.0
1772565690239190677,87.1896384,19.8496036529541,0.5679498314857483,4.48693323135376,0.011086612939834595,-0.706093966960907,-0.009410738945007324,-0.7079688310623169,-0.7149261785669478,0.0,0.0,0.0,0.0,0.0,0.0
1772565690332297649,87.282745344,19.91568946838379,0.5699329972267151,4.487741470336914,0.01115915272384882,-0.7063332796096802,-0.009460420347750187,-0.7077283263206482,-0.8686915377285689,0.0,0.0,0.0,0.0,0.0,0.0
1772565690434109449,87.384557056,19.970857620239258,0.5713757872581482,4.488430023193359,0.011155247688293457,-0.7065508961677551,-0.00943058729171753,-0.7075114250183105,-1.0480730369092193,0.0,0.0,0.0,0.0,0.0,0.0
1772565690551482926,87.501930496,20.025699615478516,0.5730141997337341,4.489075660705566,0.01105460524559021,-0.7067117691040039,-0.009568631649017334,-0.7073505520820618,-1.1502567346686114,0.0,0.0,0.0,0.0,0.0,0.0
1772565690644869711,87.595317248,20.08079719543457,0.5746724009513855,4.489363670349121,0.010962992906570435,-0.7068651914596558,-0.009356707334518433,-0.7072014212608337,-1.3500789487464617,0.0,0.0,0.0,0.0,0.0,0.0
1772565690750446234,87.700893952,20.147228240966797,0.5766158699989319,4.4894328117370605,0.01104620099067688,-0.7069928646087646,-0.009082406759262085,-0.7070761919021606,-1.5142140347987765,0.0,0.0,0.0,0.0,0.0,0.0
1772565690835940006,87.786387712,20.2020320892334,0.5781757235527039,4.489893436431885,0.010957986116409302,-0.7071149945259094,-0.00931471586227417,-0.7069523334503174,-1.6551506730641419,0.0,0.0,0.0,0.0,0.0,0.0
1772565690949085319,87.899533056,20.268524169921875,0.5801214575767517,4.489893436431885,0.01108577847480774,-0.7072622776031494,-0.008989065885543823,-0.7068071961402893,-1.7703437769232522,0.0,0.0,0.0,0.0,0.0,0.0
1772565691092566507,88.043014144,20.323326110839844,0.5815420746803284,4.490344047546387,0.011043459177017212,-0.7074126601219177,-0.009183794260025024,-0.7066549062728882,-1.9434627229215409,0.0,0.0,0.0,0.0,0.0,0.0
1772565691192825125,88.143272704,20.389707565307617,0.5836319327354431,4.490106582641602,0.011126101016998291,-0.7075831890106201,-0.008739978075027466,-0.7064883708953857,-1.9869100951082115,0.0,0.0,0.0,0.0,0.0,0.0
1772565691294386988,88.24483456,20.444442749023438,0.5851573348045349,4.490804672241211,0.011051207780838013,-0.7077440023422241,-0.009340435266494751,-0.7063208818435669,-2.2502770361632147,0.0,0.0,0.0,0.0,0.0,0.0
1772565691392306402,88.342754048,20.510494232177734,0.5870055556297302,4.490651607513428,0.011143356561660767,-0.7078756093978882,-0.009089142084121704,-0.7061907649040222,-2.2434328846637093,0.0,0.0,0.0,0.0,0.0,0.0
1772565691543778378,88.49422592,20.57663917541504,0.589038074016571,4.490393161773682,0.011221915483474731,-0.7080121636390686,-0.008851975202560425,-0.7060556411743164,-2.2467477974592387,0.0,0.0,0.0,0.0,0.0,0.0
1772565691610524840,88.560972544,20.631834030151367,0.5905663371086121,4.490475177764893,0.011223554611206055,-0.7081475257873535,-0.008653610944747925,-0.7059223651885986,-2.2703841023567097,0.0,0.0,0.0,0.0,0.0,0.0
1772565691744949382,88.69539712,20.686296463012695,0.5924176573753357,4.491122722625732,0.011121869087219238,-0.7082471251487732,-0.009551376104354858,-0.705812394618988,-2.5541019972711916,0.0,0.0,0.0,0.0,0.0,0.0
1772565691843625113,88.794072832,20.752607345581055,0.5941888689994812,4.4908013343811035,0.011138767004013062,-0.7083777785301208,-0.009204715490341187,-0.7056856155395508,-2.5042463197000195,0.0,0.0,0.0,0.0,0.0,0.0
1772565691950481029,88.900928768,20.8187198638916,0.5958728194236755,4.4903154373168945,0.011285394430160522,-0.7084935903549194,-0.008791863918304443,-0.7055723071098328,-2.420843014471131,0.0,0.0,0.0,0.0,0.0,0.0
1772565692095367300,89.04581504,20.87337875366211,0.597644031047821,4.490793704986572,0.011149197816848755,-0.7085881233215332,-0.009301543235778809,-0.7054729461669922,-2.5917935275837256,0.0,0.0,0.0,0.0,0.0,0.0
1772565692197702118,89.14814976,20.939390182495117,0.5994841456413269,4.490431785583496,0.011260002851486206,-0.7086764574050903,-0.009036242961883545,-0.7053859829902649,-2.532944516217209,0.0,0.0,0.0,0.0,0.0,0.0
1772565692297952630,89.248400128,21.005382537841797,0.601302444934845,4.489927291870117,0.011425018310546875,-0.7087439298629761,-0.008684754371643066,-0.7053199410438538,-2.452454046619179,0.0,0.0,0.0,0.0,0.0,0.0
1772565692398224080,89.348671744,21.060203552246094,0.6028093695640564,4.48997688293457,0.011334508657455444,-0.7087782621383667,-0.008913606405258179,-0.705284059047699,-2.521388972170191,0.0,0.0,0.0,0.0,0.0,0.0
1772565692503140336,89.453587968,21.115066528320312,0.6042377352714539,4.489895820617676,0.011368483304977417,-0.7088410258293152,-0.009077996015548706,-0.7052183151245117,-2.563344020392716,0.0,0.0,0.0,0.0,0.0,0.0
1772565692624909161,89.575356672,21.18094825744629,0.6062833666801453,4.489605903625488,0.01139417290687561,-0.7089035511016846,-0.008951693773269653,-0.705156683921814,-2.5495286044074006,0.0,0.0,0.0,0.0,0.0,0.0
1772565692749442518,89.699890176,21.246854782104492,0.608313262462616,4.489378929138184,0.011452168226242065,-0.7089727520942688,-0.008922070264816284,-0.7050865292549133,-2.5500885292036783,0.0,0.0,0.0,0.0,0.0,0.0
1772565692830350231,89.780797952,21.30181121826172,0.6096693873405457,4.489184379577637,0.011446386575698853,-0.7090258002281189,-0.008878976106643677,-0.7050337195396423,-2.5556911887523506,0.0,0.0,0.0,0.0,0.0,0.0
1772565692942865330,89.893313024,21.367704391479492,0.611802875995636,4.4889445304870605,0.01147809624671936,-0.7090832591056824,-0.008896440267562866,-0.7049751877784729,-2.566117632914744,0.0,0.0,0.0,0.0,0.0,0.0
1772565693082756059,90.033203712,21.422727584838867,0.6131204962730408,4.488819122314453,0.011435776948928833,-0.7091246843338013,-0.008974909782409668,-0.7049332857131958,-2.596268242427866,0.0,0.0,0.0,0.0,0.0,0.0
1772565693193403747,90.143851264,21.477828979492188,0.6143396496772766,4.4885993003845215,0.011431604623794556,-0.7091677784919739,-0.008958607912063599,-0.704890251159668,-2.6029958639993973,0.0,0.0,0.0,0.0,0.0,0.0
1772565693301878483,90.252326144,21.543842315673828,0.6163652539253235,4.488373756408691,0.01126796007156372,-0.7091748118400574,-0.009024739265441895,-0.7048848867416382,-2.6454422682161076,0.0,0.0,0.0,0.0,0.0,0.0
1772565693402934098,90.353381632,21.59882354736328,0.617746889591217,4.487950801849365,0.011399805545806885,-0.7091821432113647,-0.009008854627609253,-0.7048755884170532,-2.6203443745572303,0.0,0.0,0.0,0.0,0.0,0.0
1772565693505040278,90.455488,21.66492462158203,0.6197077631950378,4.487602710723877,0.01130792498588562,-0.7091784477233887,-0.009018272161483765,-0.7048807144165039,-2.637716158507324,0.0,0.0,0.0,0.0,0.0,0.0
1772565693628825601,90.579273216,21.731088638305664,0.621626079082489,4.4871978759765625,0.011184870265424252,-0.7091593742370605,-0.008968441747128963,-0.7049024701118469,-2.6473006721784045,0.0,0.0,0.0,0.0,0.0,0.0
1772565693708819235,90.659266816,21.786209106445312,0.6231294274330139,4.486717224121094,0.011277735233306885,-0.7091435790061951,-0.008913397789001465,-0.7049176096916199,-2.6172302796091444,0.0,0.0,0.0,0.0,0.0,0.0
1772565693820166797,90.770614528,21.841320037841797,0.6247579455375671,4.486337184906006,0.01129952073097229,-0.7091463804244995,-0.008864223957061768,-0.7049151062965393,-2.605100035835715,0.0,0.0,0.0,0.0,0.0,0.0
1772565693949215546,90.899663104,21.907255172729492,0.6265987753868103,4.485982418060303,0.01116955280303955,-0.7091338634490967,-0.00883549451828003,-0.7049300670623779,-2.620603969469598,0.0,0.0,0.0,0.0,0.0,0.0
1772565694043422469,90.99387008,21.973194122314453,0.6285569071769714,4.485525131225586,0.01110923197120428,-0.7091143131256104,-0.008740752004086971,-0.704951822757721,-2.6102382551867844,0.0,0.0,0.0,0.0,0.0,0.0
1772565694151854738,91.102302464,22.028301239013672,0.6301509737968445,4.485097885131836,0.011126607656478882,-0.7091150879859924,-0.008619248867034912,-0.7049523591995239,-2.5855047278212795,0.0,0.0,0.0,0.0,0.0,0.0
1772565694300456573,91.250904064,22.0834903717041,0.6318969130516052,4.484643936157227,0.011078954674303532,-0.709097146987915,-0.008467615582048893,-0.7049728631973267,-2.563319317878889,0.0,0.0,0.0,0.0,0.0,0.0
1772565694404441894,91.354889472,22.14935874938965,0.633668839931488,4.484345436096191,0.01101905107498169,-0.7091034054756165,-0.008493661880493164,-0.7049672603607178,-2.5796452947044974,0.0,0.0,0.0,0.0,0.0,0.0
1772565694500223630,91.45067136,22.21543312072754,0.6355701088905334,4.484156608581543,0.01087266206741333,-0.7091031670570374,-0.008626669645309448,-0.7049682140350342,-2.6302265529389497,0.0,0.0,0.0,0.0,0.0,0.0
1772565694605970090,91.556417792,22.281408309936523,0.6375178694725037,4.483940601348877,0.010809719562530518,-0.7091180086135864,-0.008740395307540894,-0.7049528360366821,-2.666677632749667,0.0,0.0,0.0,0.0,0.0,0.0
1772565694749355924,91.699803648,22.33650016784668,0.6390191912651062,4.4834418296813965,0.010828465223312378,-0.7091271281242371,-0.008510410785675049,-0.7049461603164673,-2.6216834978319046,0.0,0.0,0.0,0.0,0.0,0.0
1772565694846094382,91.796541952,22.402538299560547,0.6408981680870056,4.483236312866211,0.010777652263641357,-0.7091460824012756,-0.008627533912658691,-0.7049264907836914,-2.6566154882397646,0.0,0.0,0.0,0.0,0.0,0.0
1772565695000435776,91.950883328,22.468524932861328,0.642730176448822,4.482959270477295,0.010830343700945377,-0.7091628909111023,-0.008662761189043522,-0.7049083113670349,-2.656618250546038,0.0,0.0,0.0,0.0,0.0,0.0
1772565695110257125,92.060704768,22.545631408691406,0.644815981388092,4.482272148132324,0.010961651802062988,-0.7091800570487976,-0.008465856313705444,-0.7048914432525635,-2.6008161574990596,0.0,0.0,0.0,0.0,0.0,0.0
1772565695220013226,92.170460928,22.60081672668457,0.6464832425117493,4.48213529586792,0.010924756526947021,-0.7092010974884033,-0.008590996265411377,-0.704869270324707,-2.6336323522041645,0.0,0.0,0.0,0.0,0.0,0.0
1772565695308002437,92.258450176,22.666973114013672,0.6482219099998474,4.481611251831055,0.010868160985410213,-0.709227442741394,-0.008526264689862728,-0.7048444151878357,-2.637162674155166,0.0,0.0,0.0,0.0,0.0,0.0
1772565695451368382,92.401816064,22.722158432006836,0.6497687697410583,4.48128080368042,0.010827570222318172,-0.7092508673667908,-0.008492409251630306,-0.7048218846321106,-2.6427278594046983,0.0,0.0,0.0,0.0,0.0,0.0
1772565695549641605,92.500089344,22.79948616027832,0.6515099406242371,4.4805073738098145,0.010926962830126286,-0.7092786431312561,-0.008155972696840763,-0.7047963738441467,-2.5743986531967358,0.0,0.0,0.0,0.0,0.0,0.0
1772565695661901311,92.612348928,22.85451316833496,0.6532580256462097,4.480380058288574,0.01080283522605896,-0.7093128561973572,-0.00837332010269165,-0.7047613263130188,-2.6377321820785404,0.0,0.0,0.0,0.0,0.0,0.0
1772565695808402525,92.758850048,22.920692443847656,0.6548547148704529,4.4799346923828125,0.010855317115783691,-0.7093532681465149,-0.008296936750411987,-0.7047207355499268,-2.6234732026808896,0.0,0.0,0.0,0.0,0.0,0.0
1772565695912090031,92.862537728,22.975927352905273,0.6565023064613342,4.479731559753418,0.01074522826820612,-0.7093903422355652,-0.008308143354952335,-0.7046850323677063,-2.650228862125858,0.0,0.0,0.0,0.0,0.0,0.0
1772565696012927821,92.96337536,23.041927337646484,0.6582159399986267,4.47939395904541,0.010834932327270508,-0.709445059299469,-0.008262693881988525,-0.7046290636062622,-2.6375364490579987,0.0,0.0,0.0,0.0,0.0,0.0
1772565696111996098,93.062443776,23.097164154052734,0.6597006916999817,4.479248523712158,0.010750800371170044,-0.7095332741737366,-0.008178234100341797,-0.7045425772666931,-2.652268839960557,0.0,0.0,0.0,0.0,0.0,0.0
1772565696215738532,93.16618624,23.16315269470215,0.661439836025238,4.478990077972412,0.010725468397140503,-0.7096487879753113,-0.008130878210067749,-0.7044270634651184,-2.667109214763076,0.0,0.0,0.0,0.0,0.0,0.0
1772565696349460263,93.29990784,23.229442596435547,0.6631318926811218,4.478054046630859,0.010858535766601562,-0.7097697257995605,-0.00734284520149231,-0.7043117880821228,-2.5564742984186015,0.0,0.0,0.0,0.0,0.0,0.0
1772565696449979539,93.400427264,23.28441047668457,0.6644687056541443,4.4779815673828125,0.010870009660720825,-0.7099186182022095,-0.00754663348197937,-0.7041594386100769,-2.6051943547606475,0.0,0.0,0.0,0.0,0.0,0.0
1772565696550321244,93.500768768,23.33953285217285,0.6657187342643738,4.477146148681641,0.010892540216445923,-0.7100497484207153,-0.006718248128890991,-0.704035222530365,-2.522429246611092,0.0,0.0,0.0,0.0,0.0,0.0
1772565696651214376,93.601661952,23.40550994873047,0.6674656271934509,4.476897239685059,0.010959833860397339,-0.71023029088974,-0.0068139731884002686,-0.7038511633872986,-2.552715846779652,0.0,0.0,0.0,0.0,0.0,0.0
1772565696765979665,93.716427264,23.46062469482422,0.6687628626823425,4.47620964050293,0.010966836474835873,-0.7103862762451172,-0.006111591123044491,-0.703700065612793,-2.5014524913661287,0.0,0.0,0.0,0.0,0.0,0.0
1772565696909435275,93.859883008,23.526634216308594,0.670498788356781,4.47611665725708,0.011041700839996338,-0.710593044757843,-0.0062830448150634766,-0.7034885883331299,-2.539167172215162,0.0,0.0,0.0,0.0,0.0,0.0
1772565696999236158,93.949683712,23.592771530151367,0.672398030757904,4.475590229034424,0.011058598756790161,-0.7107645869255066,-0.006076037883758545,-0.703316867351532,-2.539862037974949,0.0,0.0,0.0,0.0,0.0,0.0
1772565697124574859,94.075022592,23.648000717163086,0.6734470725059509,4.475563049316406,0.010997414588928223,-0.7109439373016357,-0.006095409393310547,-0.7031363844871521,-2.568862891042369,0.0,0.0,0.0,0.0,0.0,0.0
1772565697216402906,94.16685056,23.70333480834961,0.6747364401817322,4.475111961364746,0.01096072793006897,-0.7111274600028992,-0.005776405334472656,-0.7029539346694946,-2.5645108694793843,0.0,0.0,0.0,0.0,0.0,0.0
1772565697341360447,94.291808,23.758182525634766,0.6763259768486023,4.47515344619751,0.010816991329193115,-0.7112545371055603,-0.006222426891326904,-0.7028237581253052,-2.6305654614802867,0.0,0.0,0.0,0.0,0.0,0.0
1772565697419898180,94.370345728,23.82452392578125,0.6778039336204529,4.474416255950928,0.010973840951919556,-0.7114464640617371,-0.005866676568984985,-0.7026301622390747,-2.604636410138777,0.0,0.0,0.0,0.0,0.0,0.0
1772565697549889440,94.500337152,23.89087677001953,0.6794964671134949,4.4737324714660645,0.011026591993868351,-0.711614191532135,-0.005614608991891146,-0.7024615406990051,-2.5958282734194573,0.0,0.0,0.0,0.0,0.0,0.0
1772565697671373841,94.62182144,23.956993103027344,0.6811218857765198,4.473309516906738,0.011149675585329533,-0.7117769122123718,-0.005762935150414705,-0.7022935152053833,-2.6130643284514137,0.0,0.0,0.0,0.0,0.0,0.0
1772565697813464403,94.763911936,24.023298263549805,0.6829344630241394,4.472580909729004,0.011219768784940243,-0.7119519710540771,-0.005594491492956877,-0.7021162509918213,-2.610184194176128,0.0,0.0,0.0,0.0,0.0,0.0
1772565697929413249,94.879860992,24.089332580566406,0.6845545172691345,4.472072124481201,0.01129239797592163,-0.7121360301971436,-0.005734145641326904,-0.7019272446632385,-2.63097364225265,0.0,0.0,0.0,0.0,0.0,0.0
1772565698021174507,94.971622144,24.1557674407959,0.6863192915916443,4.4712629318237305,0.01133871078491211,-0.7123085856437683,-0.005619227886199951,-0.7017524242401123,-2.6330673771026136,0.0,0.0,0.0,0.0,0.0,0.0
1772565698122403125,95.072850688,24.210918426513672,0.6874226927757263,4.470717906951904,0.01138770580291748,-0.712499737739563,-0.0054648518562316895,-0.7015587091445923,-2.6335037370466705,0.0,0.0,0.0,0.0,0.0,0.0
1772565698223726338,95.174173952,24.266021728515625,0.6886102557182312,4.470101833343506,0.011289835907518864,-0.7125988006591797,-0.00551304267719388,-0.7014593482017517,-2.6513060386583476,0.0,0.0,0.0,0.0,0.0,0.0
1772565698325219048,95.275666688,24.321027755737305,0.689830482006073,4.469610691070557,0.011244683526456356,-0.7127473950386047,-0.0055710370652377605,-0.70130854845047,-2.669260608925856,0.0,0.0,0.0,0.0,0.0,0.0
1772565698419615853,95.37006336,24.376314163208008,0.6909781098365784,4.469095706939697,0.011166275478899479,-0.7128639221191406,-0.005765408743172884,-0.7011897563934326,-2.696308087213178,0.0,0.0,0.0,0.0,0.0,0.0
1772565698541844950,95.492292608,24.44387435913086,0.6932174563407898,4.4682817459106445,0.011364877223968506,-0.713382363319397,-0.005658864974975586,-0.700659990310669,-2.7079465519659727,0.0,0.0,0.0,0.0,0.0,0.0
1772565698643961946,95.594409472,24.486940383911133,0.6937553286552429,4.467973232269287,0.011393486522138119,-0.7149331569671631,-0.005168705713003874,-0.6990808844566345,-2.7557054981587266,0.0,0.0,0.0,0.0,0.0,0.0
1772565698747688244,95.698135808,24.527633666992188,0.6950518488883972,4.473372459411621,0.011698156595230103,-0.7199814915657043,-0.005170553922653198,-0.6938754320144653,-2.8846446512193435,0.0,0.0,0.0,0.0,0.0,0.0
1772565698850849190,95.801296896,24.545923233032227,0.6955156922340393,4.479338645935059,0.011463464237749577,-0.7274008989334106,-0.005109936464577913,-0.686098039150238,-2.9772370131929615,0.0,0.0,0.0,0.0,0.0,0.0
1772565698963412431,95.913860096,24.582712173461914,0.6969079375267029,4.469902992248535,0.011895595118403435,-0.739063560962677,-0.0055856104008853436,-0.6735076308250427,-3.0332602019947656,0.0,0.0,0.0,0.0,0.0,0.0
1772565699102807565,96.053255168,24.60932159423828,0.6973583102226257,4.458092212677002,0.011939465999603271,-0.749273419380188,-0.004603534936904907,-0.6621371507644653,-3.0458811799605017,0.0,0.0,0.0,0.0,0.0,0.0
1772565699232378136,96.182825728,24.622568130493164,0.6970124840736389,4.4573163986206055,0.01220515463501215,-0.7633216977119446,-0.00531727122142911,-0.6458814740180969,-3.0705760602472347,0.0,0.0,0.0,0.0,0.0,0.0
1772565699311405664,96.261853184,24.654375076293945,0.6980370879173279,4.441686630249023,0.01227259635925293,-0.7796381115913391,-0.004453301429748535,-0.6260942220687866,-3.078813349545778,0.0,0.0,0.0,0.0,0.0,0.0
1772565699449717269,96.400164864,24.67934799194336,0.6990299820899963,4.429369926452637,0.012223243713378906,-0.7938842177391052,-0.004734992980957031,-0.607927680015564,-3.089248805796705,0.0,0.0,0.0,0.0,0.0,0.0
1772565699552339946,96.502787584,24.706727981567383,0.6989619135856628,4.41349983215332,0.012407181784510612,-0.8107011914253235,-0.004100888501852751,-0.5853142142295837,-3.092931251707288,0.0,0.0,0.0,0.0,0.0,0.0
1772565699649846942,96.600294656,24.727054595947266,0.6992513537406921,4.404212474822998,0.01253625750541687,-0.8249949216842651,-0.003717571496963501,-0.564988911151886,-3.095995414908517,0.0,0.0,0.0,0.0,0.0,0.0
1772565699749081337,96.69952896,24.754484176635742,0.6999004483222961,4.390439033508301,0.012535274028778076,-0.8424264788627625,-0.0031473636627197266,-0.5386563539505005,-3.0993430095712893,0.0,0.0,0.0,0.0,0.0,0.0
1772565699870424907,96.820872448,24.777856826782227,0.7000955939292908,4.379464626312256,0.0124131441116333,-0.8565623760223389,-0.0031638741493225098,-0.5158846378326416,-3.103100391273932,0.0,0.0,0.0,0.0,0.0,0.0
1772565700000425763,96.950873344,24.796857833862305,0.7006840109825134,4.362966060638428,0.012842506170272827,-0.8703548908233643,-0.002555638551712036,-0.492250919342041,-3.1030928838875402,0.0,0.0,0.0,0.0,0.0,0.0
1772565700071240564,97.021688064,24.817846298217773,0.7012121081352234,4.342737674713135,0.012582806870341301,-0.8859394192695618,-0.002251982456073165,-0.4636247158050537,-3.1061433039349384,0.0,0.0,0.0,0.0,0.0,0.0
1772565700181270218,97.131717888,24.837535858154297,0.7012807726860046,4.32253885269165,0.012904703617095947,-0.8984276652336121,-0.00198325514793396,-0.4389275312423706,-3.1066970973715216,0.0,0.0,0.0,0.0,0.0,0.0
1772565700299425953,97.249873664,24.857114791870117,0.701704204082489,4.296099662780762,0.012823045253753662,-0.9126616716384888,-0.0015192627906799316,-0.40851202607154846,-3.1083196283069716,0.0,0.0,0.0,0.0,0.0,0.0
1772565700404002885,97.354450432,24.873096466064453,0.7021391987800598,4.2714104652404785,0.012942135334014893,-0.9235738515853882,-0.0012183785438537598,-0.38320010900497437,-3.1090645962439574,0.0,0.0,0.0,0.0,0.0,0.0
1772565700544444883,97.494892544,24.89027214050293,0.7022759318351746,4.236298084259033,0.012830197811126709,-0.9357989430427551,-0.0009450614452362061,-0.352299302816391,-3.1105329023621735,0.0,0.0,0.0,0.0,0.0,0.0
1772565700649677101,97.600124672,24.90448760986328,0.7026944756507874,4.20670747756958,0.012574315071105957,-0.9451992511749268,-0.00034180283546447754,-0.32625171542167664,-3.111673604169745,0.0,0.0,0.0,0.0,0.0,0.0
1772565700734575530,97.685023232,24.921972274780273,0.7023953795433044,4.1727681159973145,0.012738911435008049,-0.9554961323738098,9.894370123220142e-06,-0.2947283089160919,-3.11212008386459,0.0,0.0,0.0,0.0,0.0,0.0
1772565700837722355,97.788169984,24.93584632873535,0.703106701374054,4.135489463806152,0.012853622436523438,-0.9629384279251099,0.0001150965690612793,-0.2694149911403656,-3.1125587004762427,0.0,0.0,0.0,0.0,0.0,0.0
1772565700950552255,97.900999936,24.949281692504883,0.7029404044151306,4.068390846252441,0.012828737497329712,-0.9702210426330566,0.00029206275939941406,-0.24188143014907837,-3.113237385905948,0.0,0.0,0.0,0.0,0.0,0.0
1772565701054460915,98.004908544,24.960874557495117,0.7031922936439514,4.013462066650391,0.012473702430725098,-0.9752575159072876,0.0007561743259429932,-0.220718652009964,-3.1142635826000764,0.0,0.0,0.0,0.0,0.0,0.0
1772565701199793805,98.150241536,24.972543716430664,0.7025311589241028,3.9548182487487793,0.012798727490007877,-0.979574978351593,0.0007595718489028513,-0.20067007839679718,-3.1139873354955374,0.0,0.0,0.0,0.0,0.0,0.0
1772565701279165528,98.229613056,24.98195457458496,0.7027832865715027,3.900547504425049,0.012243151664733887,-0.9842150211334229,0.0013934969902038574,-0.17654740810394287,-3.115363537674619,0.0,0.0,0.0,0.0,0.0,0.0
1772565701379724666,98.33017216,24.9877986907959,0.7027701735496521,3.8647074699401855,0.01300811767578125,-0.9874998927116394,0.0010038316249847412,-0.15707916021347046,-3.1142333807667493,0.0,0.0,0.0,0.0,0.0,0.0
1772565701479161581,98.429609216,24.98758316040039,0.7028006911277771,3.8304085731506348,0.012523442506790161,-0.990210771560669,0.0012459158897399902,-0.13901139795780182,-3.1154309881252784,0.0,0.0,0.0,0.0,0.0,0.0
1772565701630043419,98.580491008,24.984621047973633,0.7021989226341248,3.7874417304992676,0.012820303440093994,-0.9926513433456421,0.0011804401874542236,-0.12032300233840942,-3.115086220143278,0.0,0.0,0.0,0.0,0.0,0.0
1772565701724768429,98.675216128,24.982458114624023,0.7016980051994324,3.757673740386963,0.01266297698020935,-0.9946612119674683,0.00153428316116333,-0.10240349173545837,-3.115538669991536,0.0,0.0,0.0,0.0,0.0,0.0
1772565701831664308,98.782112,24.974720001220703,0.7011895775794983,3.730806827545166,0.01268884539604187,-0.9964815378189087,0.001897573471069336,-0.0828249454498291,-3.1156311238596732,0.0,0.0,0.0,0.0,0.0,0.0
1772565701949576018,98.900023552,24.968294143676758,0.7012924551963806,3.7076034545898438,0.012843042612075806,-0.9979170560836792,0.0017685294151306152,-0.06319403648376465,-3.1155256111096805,0.0,0.0,0.0,0.0,0.0,0.0
1772565702071132484,99.021580032,24.966079711914062,0.700982391834259,3.698920726776123,0.012428998947143555,-0.9986631274223328,0.0019189417362213135,-0.050139009952545166,-3.116446539708233,0.0,0.0,0.0,0.0,0.0,0.0
1772565702181837000,99.132284672,24.954389572143555,0.7004664540290833,3.6795387268066406,0.012568771839141846,-0.9993525743484497,0.0022508203983306885,-0.033637434244155884,-3.116260041348184,0.0,0.0,0.0,0.0,0.0,0.0
1772565702283184442,99.233632,24.94452667236328,0.7001933455467224,3.660763740539551,0.012418985366821289,-0.9997636079788208,0.0023303627967834473,-0.017694830894470215,-3.116659944459163,0.0,0.0,0.0,0.0,0.0,0.0
1772565702417479002,99.367926528,24.933448791503906,0.6994639039039612,3.645244598388672,0.012453734874725342,-0.9999191761016846,0.002207845449447632,-0.001346781849861145,-3.116678593066713,0.0,0.0,0.0,0.0,0.0,0.0
1772565702532343390,99.482790912,24.918142318725586,0.6990579962730408,3.621971607208252,0.012546777725219727,-0.9997252225875854,0.0027160942554473877,0.019617334008216858,-3.1165906562998313,0.0,0.0,0.0,0.0,0.0,0.0
1772565702647494173,99.59794176,24.905515670776367,0.6987842917442322,3.6018290519714355,0.01216667890548706,-0.9990381002426147,0.0028458833694458008,0.04203179106116295,-3.1174341038196087,0.0,0.0,0.0,0.0,0.0,0.0
1772565702751073219,99.701520896,24.895240783691406,0.6987205147743225,3.588348865509033,0.012119278311729431,-0.9980696439743042,0.003188714385032654,0.060827091336250305,-3.1176088481371673,0.0,0.0,0.0,0.0,0.0,0.0
1772565702849453113,99.799900672,24.887062072753906,0.6985111832618713,3.576814651489258,0.011992409825325012,-0.9963951110839844,0.0033082962036132812,0.08391718566417694,-3.11791359762569,0.0,0.0,0.0,0.0,0.0,0.0
1772565702949628181,99.900075776,24.88050079345703,0.6983570456504822,3.5628552436828613,0.012307079508900642,-0.994754433631897,0.0037654046900570393,0.1014786884188652,-3.1173702446738836,0.0,0.0,0.0,0.0,0.0,0.0
1772565703058910934,100.009358592,24.87592887878418,0.6982247233390808,3.547802448272705,0.011894702911376953,-0.9923849701881409,0.003923431038856506,0.12253642082214355,-3.1182422172608364,0.0,0.0,0.0,0.0,0.0,0.0
1772565703206293960,100.156741632,24.87148094177246,0.6981191039085388,3.5279765129089355,0.011905206367373466,-0.9897255897521973,0.003971322905272245,0.14242790639400482,-3.1182067945719996,0.0,0.0,0.0,0.0,0.0,0.0
1772565703303118300,100.253565952,24.872703552246094,0.6977441906929016,3.513223171234131,0.011874750256538391,-0.9870079755783081,0.0041449666023254395,0.16017837822437286,-3.1182807780602655,0.0,0.0,0.0,0.0,0.0,0.0
1772565703411321989,100.361769728,24.877042770385742,0.6980296969413757,3.501077651977539,0.011393144726753235,-0.9846808910369873,0.004247039556503296,0.17394185066223145,-3.11928044865438,0.0,0.0,0.0,0.0,0.0,0.0
1772565703513381548,100.463829248,24.86383628845215,0.6978110671043396,3.471553325653076,0.012157678604125977,-0.9819005727767944,0.004671826958656311,0.18894891440868378,-3.117779679482307,0.0,0.0,0.0,0.0,0.0,0.0
1772565703614707126,100.565154816,24.86414337158203,0.6976204514503479,3.4568305015563965,0.010776504874229431,-0.9796048998832703,0.004453778266906738,0.2005949169397354,-3.120572353418912,0.0,0.0,0.0,0.0,0.0,0.0
1772565703749488767,100.699936256,24.819814682006836,0.6965340971946716,3.396324634552002,0.010598480701446533,-0.9763678312301636,0.004351899027824402,0.215811625123024,-3.120839944572411,0.0,0.0,0.0,0.0,0.0,0.0
1772565703926866656,100.877314304,24.75839614868164,0.6939764618873596,3.3405113220214844,0.011502011679112911,-0.9730175733566284,0.004584550391882658,0.23039841651916504,-3.118911350413421,0.0,0.0,0.0,0.0,0.0,0.0
1772565704018124623,100.96857216,24.728897094726562,0.6938585638999939,3.322446346282959,0.011642277240753174,-0.9706616997718811,0.0048495084047317505,0.2401183694601059,-3.11867472848263,0.0,0.0,0.0,0.0,0.0,0.0
1772565704128396883,101.078844416,24.721519470214844,0.6930157542228699,3.3218865394592285,0.011552154086530209,-0.9686236381530762,0.004726886283606291,0.24821840226650238,-3.11874142197688,0.0,0.0,0.0,0.0,0.0,0.0
1772565704228547437,101.178994944,24.72271728515625,0.6936244368553162,3.3305811882019043,0.011355430819094181,-0.9666973948478699,0.004925236571580172,0.25562283396720886,-3.1192312865199696,0.0,0.0,0.0,0.0,0.0,0.0
1772565704337867190,101.28831488,24.726511001586914,0.6934215426445007,3.342679500579834,0.01187145709991455,-0.9644587635993958,0.005522772669792175,0.2639090418815613,-3.118370978058623,0.0,0.0,0.0,0.0,0.0,0.0
1772565704426946931,101.377394432,24.737077713012695,0.6941397786140442,3.3605499267578125,0.010688617825508118,-0.962310791015625,0.004939481616020203,0.2716972529888153,-3.1206043424045804,0.0,0.0,0.0,0.0,0.0,0.0
1772565704539129338,101.48957696,24.72406768798828,0.6937217116355896,3.3551087379455566,0.011200249195098877,-0.9599608778953552,0.0050383061170578,0.2798648476600647,-3.1194358003014986,0.0,0.0,0.0,0.0,0.0,0.0
1772565704615971372,101.566418944,24.719934463500977,0.6937939524650574,3.3504629135131836,0.012065053917467594,-0.9575082659721375,0.00563104497268796,0.28809845447540283,-3.1177756316560004,0.0,0.0,0.0,0.0,0.0,0.0
1772565704750076251,101.700523776,24.732221603393555,0.6940004229545593,3.362722873687744,0.01022350788116455,-0.9545822739601135,0.005035892128944397,0.2977295219898224,-3.1215107533219295,0.0,0.0,0.0,0.0,0.0,0.0
1772565704839989345,101.790436864,24.70170783996582,0.693633496761322,3.3450403213500977,0.010341824032366276,-0.9516438841819763,0.0050074015744030476,0.30698853731155396,-3.1211234432572157,0.0,0.0,0.0,0.0,0.0,0.0
1772565704938958188,101.889405696,24.664630889892578,0.6928064227104187,3.3270516395568848,0.012187764048576355,-0.9484070539474487,0.00575593113899231,0.3167686462402344,-3.117228409817635,0.0,0.0,0.0,0.0,0.0,0.0
1772565705040412312,101.990860032,24.663915634155273,0.6923391222953796,3.3306679725646973,0.011431649327278137,-0.9451261758804321,0.005704611539840698,0.3264557719230652,-3.1188603944048445,0.0,0.0,0.0,0.0,0.0,0.0
1772565705149160267,102.099607808,24.683618545532227,0.6927418112754822,3.3535194396972656,0.011450170539319515,-0.9419493675231934,0.006045847199857235,0.3355051577091217,-3.1189862517275593,0.0,0.0,0.0,0.0,0.0,0.0
1772565705291806661,102.242254336,24.71522331237793,0.693912923336029,3.3751869201660156,0.011463940143585205,-0.9398902058601379,0.00587049126625061,0.341234028339386,-3.1187197738530257,0.0,0.0,0.0,0.0,0.0,0.0
1772565705384693314,102.335140864,24.751373291015625,0.6948449015617371,3.406865119934082,0.011245430447161198,-0.9386943578720093,0.006305903661996126,0.3445095121860504,-3.119602842780962,0.0,0.0,0.0,0.0,0.0,0.0
1772565705494367428,102.444815104,24.78667449951172,0.6958844065666199,3.4390673637390137,0.011198803782463074,-0.9376501441001892,0.006366059184074402,0.3473416864871979,-3.119737633808876,0.0,0.0,0.0,0.0,0.0,0.0
1772565705594862106,102.545309696,24.828203201293945,0.6971603035926819,3.480088710784912,0.011300712823867798,-0.936854362487793,0.0065924376249313354,0.3494751453399658,-3.119667754362343,0.0,0.0,0.0,0.0,0.0,0.0
1772565705715366746,102.665814272,24.865556716918945,0.698477566242218,3.5182089805603027,0.010683193802833557,-0.936421811580658,0.006683781743049622,0.3506500720977783,-3.1212725862263153,0.0,0.0,0.0,0.0,0.0,0.0
1772565705781564701,102.732012288,24.894664764404297,0.6991607546806335,3.545624256134033,0.01129905879497528,-0.9356607794761658,0.006518498063087463,0.35265952348709106,-3.119563736269135,0.0,0.0,0.0,0.0,0.0,0.0
1772565705884161878,102.834609408,24.90371322631836,0.6998791098594666,3.55076265335083,0.009167969226837158,-0.9354257583618164,0.0059976726770401,0.35335350036621094,-3.1243792362169565,0.0,0.0,0.0,0.0,0.0,0.0
1772565705997349537,102.947797248,24.86815643310547,0.6991154551506042,3.509978771209717,0.009205430746078491,-0.9353383183479309,0.005907654762268066,0.35358545184135437,-3.1241992122013524,0.0,0.0,0.0,0.0,0.0,0.0
1772565706118354106,103.068801792,24.806400299072266,0.6963993906974792,3.4390769004821777,0.009434537030756474,-0.9351384043693542,0.005859524477273226,0.3541085422039032,-3.123577612393989,0.0,0.0,0.0,0.0,0.0,0.0
1772565706211566431,103.162013952,24.750728607177734,0.6956031918525696,3.376338481903076,0.010727450251579285,-0.9349231123924255,0.0060797929763793945,0.35463616251945496,-3.1205510016626747,0.0,0.0,0.0,0.0,0.0,0.0
1772565706315420651,103.265868288,24.698381423950195,0.6938501000404358,3.3136749267578125,0.009574145078659058,-0.9346712827682495,0.005574360489845276,0.3553406596183777,-3.122946238977434,0.0,0.0,0.0,0.0,0.0,0.0
1772565706420090604,103.37053824,24.635122299194336,0.6921843886375427,3.241245746612549,0.01032282505184412,-0.9341947436332703,0.005371153820306063,0.3565737307071686,-3.1208623060460914,0.0,0.0,0.0,0.0,0.0,0.0
1772565706533508839,103.48395648,24.568078994750977,0.6896678805351257,3.1642775535583496,0.011735348030924797,-0.9336408376693726,0.006182967685163021,0.35796478390693665,-3.118075967198065,0.0,0.0,0.0,0.0,0.0,0.0
1772565706638323307,103.588770816,24.526159286499023,0.6888975501060486,3.114205837249756,0.010853976011276245,-0.9332208633422852,0.005501359701156616,0.35909727215766907,-3.1196146820384065,0.0,0.0,0.0,0.0,0.0,0.0
1772565706741664223,103.692111872,24.485105514526367,0.6876513361930847,3.0671591758728027,0.011518910527229309,-0.9328083992004395,0.005810469388961792,0.36014190316200256,-3.1182226391101495,0.0,0.0,0.0,0.0,0.0,0.0
1772565706850968672,103.801416192,24.44660758972168,0.686567485332489,3.0211892127990723,0.011226832866668701,-0.9322543740272522,0.005546241998672485,0.36158668994903564,-3.118675635368829,0.0,0.0,0.0,0.0,0.0,0.0
1772565706963946421,103.914394112,24.406103134155273,0.6857011914253235,2.9757213592529297,0.010648086667060852,-0.9318300485610962,0.005478128790855408,0.3626974821090698,-3.1200524040118496,0.0,0.0,0.0,0.0,0.0,0.0
1772565707059765701,104.010213376,24.346616744995117,0.6841968894004822,2.908019542694092,0.010523349046707153,-0.9312836527824402,0.0051809996366500854,0.364106148481369,-3.120051084065123,0.0,0.0,0.0,0.0,0.0,0.0
1772565707171707932,104.12215552,24.25984764099121,0.6813010573387146,2.812180995941162,0.011383146047592163,-0.9306575059890747,0.005509302020072937,0.3656729459762573,-3.1181663244922895,0.0,0.0,0.0,0.0,0.0,0.0
1772565707276421971,104.226869504,24.205785751342773,0.6799991726875305,2.7508959770202637,0.010547980666160583,-0.930384635925293,0.005085483193397522,0.36639776825904846,-3.1198524563354737,0.0,0.0,0.0,0.0,0.0,0.0
1772565707413284759,104.36373248,24.151182174682617,0.6787447333335876,2.6901001930236816,0.010189502499997616,-0.930099368095398,0.005124002229422331,0.36713093519210815,-3.120790835628599,0.0,0.0,0.0,0.0,0.0,0.0
1772565707483136123,104.433583616,24.084543228149414,0.6765398383140564,2.6178712844848633,0.010839179158210754,-0.9297353625297546,0.004982754588127136,0.36803513765335083,-3.1189757634152055,0.0,0.0,0.0,0.0,0.0,0.0
1772565707587377326,104.537825024,24.03049659729004,0.6752855181694031,2.5579562187194824,0.010431051254272461,-0.9294929504394531,0.004908934235572815,0.368659645318985,-3.119930468260132,0.0,0.0,0.0,0.0,0.0,0.0
1772565707731177980,104.6816256,23.975345611572266,0.6737868189811707,2.4981284141540527,0.010741411708295345,-0.9292986392974854,0.0053250486962497234,0.3691345155239105,-3.119550613640912,0.0,0.0,0.0,0.0,0.0,0.0
1772565707811498060,104.7619456,23.920406341552734,0.6721717715263367,2.438584327697754,0.010664896108210087,-0.9291176199913025,0.004940480459481478,0.36959752440452576,-3.119346639431459,0.0,0.0,0.0,0.0,0.0,0.0
1772565707934904118,104.88535168,23.854263305664062,0.6706685423851013,2.3671936988830566,0.010895892977714539,-0.9288922548294067,0.005111530423164368,0.3701544404029846,-3.118918655096273,0.0,0.0,0.0,0.0,0.0,0.0
1772565708050210319,105.00065792,23.79909896850586,0.669048011302948,2.3079662322998047,0.01086704432964325,-0.9287362694740295,0.005050376057624817,0.37054726481437683,-3.11892211309787,0.0,0.0,0.0,0.0,0.0,0.0
1772565708150082260,105.10052992,23.743640899658203,0.6674796938896179,2.2490835189819336,0.011106804013252258,-0.9285682439804077,0.004687592387199402,0.37096595764160156,-3.1179277031943355,0.0,0.0,0.0,0.0,0.0,0.0
1772565708251262622,105.201710336,23.677640914916992,0.6659402251243591,2.1779675483703613,0.010785087943077087,-0.9284178018569946,0.004918485879898071,0.3713487386703491,-3.118980595700847,0.0,0.0,0.0,0.0,0.0,0.0
1772565708352838541,105.303286272,23.611194610595703,0.6639638543128967,2.1074538230895996,0.010830342769622803,-0.9282492399215698,0.004541382193565369,0.3717733323574066,-3.118468079890388,0.0,0.0,0.0,0.0,0.0,0.0
1772565708451330047,105.401777664,23.555578231811523,0.6627213358879089,2.0485501289367676,0.010893926955759525,-0.9281439185142517,0.004729867447167635,0.3720320761203766,-3.1184928025116685,0.0,0.0,0.0,0.0,0.0,0.0
1772565708552038846,105.502486528,23.5001163482666,0.6612806916236877,1.989767074584961,0.010759830474853516,-0.9280572533607483,0.004703253507614136,0.37225252389907837,-3.1188048512021114,0.0,0.0,0.0,0.0,0.0,0.0
1772565708659926254,105.610373888,23.444358825683594,0.6599032282829285,1.931403636932373,0.010940387845039368,-0.9279921054840088,0.00450761616230011,0.37241214513778687,-3.118135868680342,0.0,0.0,0.0,0.0,0.0,0.0
1772565708773699310,105.724146944,23.378110885620117,0.6584307551383972,1.8618998527526855,0.011040955781936646,-0.9276370406150818,0.00464119017124176,0.3732910752296448,-3.117994458200665,0.0,0.0,0.0,0.0,0.0,0.0
1772565708877333781,105.827781376,23.319015502929688,0.6573900580406189,1.8004097938537598,0.011538758873939514,-0.926904559135437,0.004171594977378845,0.3750966191291809,-3.1161767654147154,0.0,0.0,0.0,0.0,0.0,0.0
1772565708999758274,105.950205952,23.250585556030273,0.6555368304252625,1.7339754104614258,0.0115976482629776,-0.9254299998283386,0.004090040922164917,0.3787190914154053,-3.1158327214449173,0.0,0.0,0.0,0.0,0.0,0.0
1772565709094554453,106.045001984,23.149005889892578,0.6533369421958923,1.6434316635131836,0.011643126606941223,-0.9224534034729004,0.004292383790016174,0.3859090805053711,-3.1157142199652794,0.0,0.0,0.0,0.0,0.0,0.0
1772565709202359912,106.152807424,23.052513122558594,0.6515042185783386,1.5636422634124756,0.012059180065989494,-0.9189333915710449,0.004112973343580961,0.39420682191848755,-3.1141352788740106,0.0,0.0,0.0,0.0,0.0,0.0
1772565709349524951,106.299972608,22.93868064880371,0.6486780047416687,1.470179557800293,0.01180441677570343,-0.9140785336494446,0.004462152719497681,0.40534088015556335,-3.114833381866514,0.0,0.0,0.0,0.0,0.0,0.0
1772565709450704117,106.401151744,22.835908889770508,0.6461467146873474,1.3924169540405273,0.012146048247814178,-0.9095871448516846,0.004468128085136414,0.41531163454055786,-3.1135209167114892,0.0,0.0,0.0,0.0,0.0,0.0
1772565709524513625,106.474961152,22.73147201538086,0.6434528231620789,1.31640625,0.01197400689125061,-0.9043828248977661,0.004457496106624603,0.4265308380126953,-3.1135187612227315,0.0,0.0,0.0,0.0,0.0,0.0
1772565709618957152,106.569404672,22.65224838256836,0.641368567943573,1.2509677410125732,0.010821162723004818,-0.9006613492965698,0.005108445417135954,0.43435683846473694,-3.1174106570239792,0.0,0.0,0.0,0.0,0.0,0.0
1772565709723393953,106.673841664,22.574386596679688,0.6388418078422546,1.1894538402557373,0.01063276082277298,-0.8998429775238037,0.0053102970123291016,0.4360521733760834,-3.1181833647669763,0.0,0.0,0.0,0.0,0.0,0.0
1772565709828950054,106.779397632,22.51078987121582,0.6374704241752625,1.1393413543701172,0.01083066314458847,-0.8997797966003418,0.005225576460361481,0.4361785352230072,-3.1174849852512603,0.0,0.0,0.0,0.0,0.0,0.0
1772565709951980556,106.90242816,22.447355270385742,0.636124312877655,1.089038610458374,0.010763511061668396,-0.8997176885604858,0.0053917765617370605,0.43630629777908325,-3.11790998036031,0.0,0.0,0.0,0.0,0.0,0.0
1772565710052155371,107.002603008,22.370935440063477,0.6338669657707214,1.0288596153259277,0.01087246835231781,-0.8996381163597107,0.005355380475521088,0.436468243598938,-3.1175366075081987,0.0,0.0,0.0,0.0,0.0,0.0
1772565710151643928,107.10209152,22.307348251342773,0.6326169371604919,0.9787542819976807,0.011062286794185638,-0.8995853066444397,0.005403012037277222,0.4365715980529785,-3.1170483159524065,0.0,0.0,0.0,0.0,0.0,0.0
1772565710250473740,107.200921344,22.243839263916016,0.6312856078147888,0.9285633563995361,0.01103140413761139,-0.8995382785797119,0.005520619451999664,0.43666788935661316,-3.1173008514751674,0.0,0.0,0.0,0.0,0.0,0.0
1772565710362963453,107.313411072,22.18035125732422,0.62898188829422,0.8783063888549805,0.010973818600177765,-0.899477481842041,0.005537673830986023,0.436794251203537,-3.117488264752334,0.0,0.0,0.0,0.0,0.0,0.0
1772565710465603180,107.416050688,22.116615295410156,0.6276728510856628,0.828465461730957,0.01137293130159378,-0.8994156122207642,0.005520254373550415,0.4369116425514221,-3.1162981726113173,0.0,0.0,0.0,0.0,0.0,0.0
1772565710611373496,107.561821184,22.04038429260254,0.6258251070976257,0.7680065631866455,0.011441506445407867,-0.8993221521377563,0.0056892260909080505,0.43710005283355713,-3.116330806306185,0.0,0.0,0.0,0.0,0.0,0.0
1772565710718354425,107.668802048,21.976774215698242,0.6240226626396179,0.7177529335021973,0.01154201477766037,-0.8992485404014587,0.005695030093193054,0.4372487962245941,-3.1160410516931294,0.0,0.0,0.0,0.0,0.0,0.0
1772565710812859235,107.763306752,21.900306701660156,0.6223215460777283,0.6575784683227539,0.011828236281871796,-0.8991626501083374,0.005761772394180298,0.43741685152053833,-3.115295603739298,0.0,0.0,0.0,0.0,0.0,0.0
1772565710915873099,107.86632064,21.837047576904297,0.6202024817466736,0.607172966003418,0.011619612574577332,-0.8990744352340698,0.00580095499753952,0.4376029968261719,-3.1159523938946228,0.0,0.0,0.0,0.0,0.0,0.0
1772565711015957981,107.966405632,21.76060676574707,0.6185624003410339,0.5471980571746826,0.011849023401737213,-0.8990012407302856,0.005723826587200165,0.43774843215942383,-3.115168761978173,0.0,0.0,0.0,0.0,0.0,0.0
1772565711147449013,108.097896704,21.69709587097168,0.6165568232536316,0.4968681335449219,0.01174461841583252,-0.8989468216896057,0.005968146026134491,0.43785974383354187,-3.1158160879699923,0.0,0.0,0.0,0.0,0.0,0.0
1772565711249572272,108.200019968,21.63353729248047,0.6150669455528259,0.4469442367553711,0.011827878654003143,-0.8988871574401855,0.005892477929592133,0.437980979681015,-3.115461341614947,0.0,0.0,0.0,0.0,0.0,0.0
1772565711314868876,108.265316608,21.569822311401367,0.6134524941444397,0.3971586227416992,0.012035369873046875,-0.8988481760025024,0.005848944187164307,0.4380559027194977,-3.114791223289278,0.0,0.0,0.0,0.0,0.0,0.0
1772565711449548255,108.399995904,21.493701934814453,0.6111547350883484,0.33711719512939453,0.011841468513011932,-0.8988057374954224,0.005919337272644043,0.43814727663993835,-3.115453809132158,0.0,0.0,0.0,0.0,0.0,0.0
1772565711550354737,108.500802304,21.430017471313477,0.6097130179405212,0.2873191833496094,0.011970125138759613,-0.8987749814987183,0.005888983607292175,0.4382072687149048,-3.1150328638900677,0.0,0.0,0.0,0.0,0.0,0.0
1772565711650803700,108.601251328,21.366281509399414,0.6080047488212585,0.23746061325073242,0.012094937264919281,-0.8987432718276978,0.00590912252664566,0.4382686913013458,-3.1146948238446384,0.0,0.0,0.0,0.0,0.0,0.0
1772565711749578475,108.700026112,21.302927017211914,0.6059293150901794,0.1873326301574707,0.011791586875915527,-0.8987063765525818,0.005979269742965698,0.43835151195526123,-3.1156773595377274,0.0,0.0,0.0,0.0,0.0,0.0
1772565711849435719,108.799883264,21.226472854614258,0.6041821837425232,0.12778759002685547,0.012044154107570648,-0.8986663222312927,0.005881845951080322,0.43842822313308716,-3.114798189494361,0.0,0.0,0.0,0.0,0.0,0.0
1772565711990683371,108.941131008,21.162912368774414,0.6022536158561707,0.07786917686462402,0.01202557235956192,-0.8986257314682007,0.0059625208377838135,0.4385108947753906,-3.1149642816383114,0.0,0.0,0.0,0.0,0.0,0.0
1772565712077176678,109.027624192,21.099382400512695,0.6006514430046082,0.028052330017089844,0.011920444667339325,-0.898593544960022,0.005905479192733765,0.43858030438423157,-3.1151875090798797,0.0,0.0,0.0,0.0,0.0,0.0
1772565712174922793,109.125370368,21.035633087158203,0.5991867184638977,-0.021719694137573242,0.01201019436120987,-0.8985645771026611,0.005847111344337463,0.4386380612850189,-3.114839880059832,0.0,0.0,0.0,0.0,0.0,0.0
1772565712278304328,109.228751872,20.959463119506836,0.5968253016471863,-0.08167171478271484,0.011840127408504486,-0.898526668548584,0.005996525287628174,0.43871834874153137,-3.1155469968376366,0.0,0.0,0.0,0.0,0.0,0.0
1772565712415409347,109.365857024,20.89583396911621,0.5953869223594666,-0.13119077682495117,0.012047328054904938,-0.8984836935997009,0.0058726966381073,0.43880215287208557,-3.1147615532109154,0.0,0.0,0.0,0.0,0.0,0.0
1772565712505382210,109.45582976,20.81954574584961,0.5930872559547424,-0.19104480743408203,0.011933960020542145,-0.8984472751617432,0.005929343402385712,0.4388792812824249,-3.1151709378500643,0.0,0.0,0.0,0.0,0.0,0.0
1772565712624364077,109.574811648,20.755895614624023,0.5915314555168152,-0.2406851053237915,0.011995000764727592,-0.8984149098396301,0.005850679706782103,0.4389446973800659,-3.114877651959371,0.0,0.0,0.0,0.0,0.0,0.0
1772565712726924017,109.677371648,20.67946434020996,0.5895251631736755,-0.3003511428833008,0.01201283186674118,-0.8983765840530396,0.0057603418827056885,0.43902403116226196,-3.114693410346395,0.0,0.0,0.0,0.0,0.0,0.0
1772565712827487560,109.777935104,20.616043090820312,0.5876813530921936,-0.35025453567504883,0.011862792074680328,-0.8983381986618042,0.005917109549045563,0.43910452723503113,-3.1153532426052832,0.0,0.0,0.0,0.0,0.0,0.0
1772565712926949078,109.877396736,20.55239486694336,0.5862564444541931,-0.39977312088012695,0.012018345296382904,-0.898292601108551,0.005819052457809448,0.4391949772834778,-3.114754561718726,0.0,0.0,0.0,0.0,0.0,0.0
1772565713049563839,110.00001152,20.488723754882812,0.5845112204551697,-0.4494086503982544,0.012086660601198673,-0.8982589840888977,0.005773984361439943,0.43926236033439636,-3.114487567894798,0.0,0.0,0.0,0.0,0.0,0.0
1772565713128936968,110.079384576,20.425161361694336,0.5825793147087097,-0.49925851821899414,0.011953667737543583,-0.898222029209137,0.005833462346345186,0.4393408000469208,-3.1149588351258486,0.0,0.0,0.0,0.0,0.0,0.0
1772565713247127529,110.197575168,20.36148452758789,0.5810660719871521,-0.5488831996917725,0.011984145268797874,-0.8981855511665344,0.00577691150829196,0.4394151568412781,-3.1147858092644234,0.0,0.0,0.0,0.0,0.0,0.0
1772565713352254168,110.302701824,20.284996032714844,0.579042375087738,-0.6084818840026855,0.012008778750896454,-0.8981435298919678,0.005669422447681427,0.4395020008087158,-3.1145563729767685,0.0,0.0,0.0,0.0,0.0,0.0
1772565713449345965,110.399793664,20.221511840820312,0.5771917700767517,-0.6582862138748169,0.011847928166389465,-0.8981080055236816,0.005838528275489807,0.4395766854286194,-3.1152667293767804,0.0,0.0,0.0,0.0,0.0,0.0
1772565713549404667,110.499852288,20.157737731933594,0.5757798552513123,-0.7077128887176514,0.012037627398967743,-0.898064136505127,0.005717292428016663,0.4396626353263855,-3.1145340800705643,0.0,0.0,0.0,0.0,0.0,0.0
1772565713650802369,110.601250048,20.0814151763916,0.5734719634056091,-0.767404317855835,0.01189316064119339,-0.8980244398117065,0.005715809762477875,0.43974781036376953,-3.114951806367724,0.0,0.0,0.0,0.0,0.0,0.0
1772565713794350849,110.744798464,20.01768684387207,0.5719395279884338,-0.8169987201690674,0.011948443949222565,-0.8979882001876831,0.0057363808155059814,0.43981999158859253,-3.1148165289128937,0.0,0.0,0.0,0.0,0.0,0.0
1772565713878902204,110.829349888,19.941083908081055,0.569917619228363,-0.8765076398849487,0.011993475258350372,-0.8979505896568298,0.005599707365036011,0.43989723920822144,-3.114485392437679,0.0,0.0,0.0,0.0,0.0,0.0
1772565713980563446,110.931011072,19.877445220947266,0.5680467486381531,-0.9262938499450684,0.011869855225086212,-0.8979177474975586,0.005781166255474091,0.4399653375148773,-3.115105497572603,0.0,0.0,0.0,0.0,0.0,0.0
1772565714082960961,111.033408512,19.813650131225586,0.5666560530662537,-0.9756910800933838,0.012002527713775635,-0.897885799407959,0.005672760307788849,0.4400283694267273,-3.114558473819902,0.0,0.0,0.0,0.0,0.0,0.0
1772565714223390650,111.173838336,19.737247467041016,0.5643607974052429,-1.03537118434906,0.011785522103309631,-0.8978514075279236,0.005632050335407257,0.4401049017906189,-3.1151331915511893,0.0,0.0,0.0,0.0,0.0,0.0
1772565714332315961,111.28276352,19.673383712768555,0.5628015398979187,-1.0848426818847656,0.011996148154139519,-0.8978149890899658,0.005675613414496183,0.4401727616786957,-3.114575498268812,0.0,0.0,0.0,0.0,0.0,0.0
1772565714409541413,111.359988992,19.609474182128906,0.5613593459129333,-1.134428858757019,0.01207394152879715,-0.8977749347686768,0.005679652094841003,0.44025251269340515,-3.1143499621830837,0.0,0.0,0.0,0.0,0.0,0.0
1772565714533184577,111.483632128,19.545665740966797,0.559459388256073,-1.184059977531433,0.011944955214858055,-0.8977530002593994,0.005529418122023344,0.44030243158340454,-3.114510236633132,0.0,0.0,0.0,0.0,0.0,0.0
1772565714633833147,111.584280832,19.469133377075195,0.5575374960899353,-1.2434124946594238,0.012065932154655457,-0.8977195620536804,0.005635686218738556,0.44036614894866943,-3.1143056073472346,0.0,0.0,0.0,0.0,0.0,0.0
1772565714749270360,111.699717888,19.405315399169922,0.5559300780296326,-1.2930166721343994,0.012028425931930542,-0.8976973295211792,0.005689069628715515,0.4404117465019226,-3.114490607732292,0.0,0.0,0.0,0.0,0.0,0.0
1772565714834411449,111.784859136,19.32880210876465,0.5538052916526794,-1.3525004386901855,0.011953182518482208,-0.8976647853851318,0.005676843225955963,0.4404803514480591,-3.1146910666695216,0.0,0.0,0.0,0.0,0.0,0.0
1772565714950722463,111.901170176,19.26483726501465,0.5522653460502625,-1.4019609689712524,0.012077383697032928,-0.8976376056671143,0.005657412111759186,0.4405325949192047,-3.1142964874885477,0.0,0.0,0.0,0.0,0.0,0.0
1772565715052070010,112.002517504,19.201021194458008,0.5503689646720886,-1.4515447616577148,0.01196315884590149,-0.8976094126701355,0.005496576428413391,0.44059520959854126,-3.114397578271409,0.0,0.0,0.0,0.0,0.0,0.0
1772565715149309989,112.099757568,19.12438201904297,0.5484187006950378,-1.5107557773590088,0.0122043052688241,-0.897576630115509,0.0056158979423344135,0.4406537711620331,-3.113859116763667,0.0,0.0,0.0,0.0,0.0,0.0
1772565715289379443,112.239826944,19.060569763183594,0.5467984080314636,-1.5603443384170532,0.012116164900362492,-0.8975535035133362,0.0056731184013187885,0.4407026171684265,-3.1141983190473304,0.0,0.0,0.0,0.0,0.0,0.0
1772565715390874541,112.34132224,18.996864318847656,0.5448104739189148,-1.610077977180481,0.01185557246208191,-0.8975242376327515,0.005676597356796265,0.4407691955566406,-3.1149658515586114,0.0,0.0,0.0,0.0,0.0,0.0
1772565715492962821,112.443410432,18.91997718811035,0.5431448817253113,-1.6691781282424927,0.012253358960151672,-0.8974711298942566,0.005629353225231171,0.4408670663833618,-3.113725478674612,0.0,0.0,0.0,0.0,0.0,0.0
1772565715587751361,112.53819904,18.856122970581055,0.5412539839744568,-1.7188016176223755,0.012106791138648987,-0.8974347114562988,0.005529187619686127,0.4409465789794922,-3.114008176859014,0.0,0.0,0.0,0.0,0.0,0.0
1772565715702238170,112.652685824,18.79250144958496,0.539678156375885,-1.7684072256088257,0.011872328817844391,-0.8974129557609558,0.005658060312271118,0.44099557399749756,-3.114880991582179,0.0,0.0,0.0,0.0,0.0,0.0
1772565715793495228,112.743942912,18.7282657623291,0.5380381941795349,-1.8176156282424927,0.012303300201892853,-0.8973722457885742,0.005635663866996765,0.4410669803619385,-3.113579378071723,0.0,0.0,0.0,0.0,0.0,0.0
1772565715911747819,112.862195456,18.65180206298828,0.5356823801994324,-1.8772754669189453,0.011930853128433228,-0.8973374366760254,0.0056360214948654175,0.4411478340625763,-3.1146711209858493,0.0,0.0,0.0,0.0,0.0,0.0
1772565716042590168,112.993037824,18.574777603149414,0.53399258852005,-1.936367392539978,0.012384146451950073,-0.8972861766815186,0.005667530000209808,0.4412393569946289,-3.1133803926265586,0.0,0.0,0.0,0.0,0.0,0.0
1772565716143431228,113.093878784,18.51079750061035,0.532074511051178,-1.9859846830368042,0.012273475527763367,-0.897249162197113,0.005586504936218262,0.44131845235824585,-3.1135852474571935,0.0,0.0,0.0,0.0,0.0,0.0
1772565716246892971,113.197340672,18.447101593017578,0.5302906632423401,-2.035632610321045,0.012068867683410645,-0.8972022533416748,0.005729556083679199,0.44141778349876404,-3.114389663562745,0.0,0.0,0.0,0.0,0.0,0.0
1772565716345672981,113.296120576,18.38283348083496,0.5287577509880066,-2.08480167388916,0.01253887265920639,-0.8971425294876099,0.005695797502994537,0.44152650237083435,-3.1129537435988808,0.0,0.0,0.0,0.0,0.0,0.0
1772565716445967223,113.39641472,18.3062801361084,0.5264490246772766,-2.14431095123291,0.012225322425365448,-0.8970973491668701,0.005601845681667328,0.44162842631340027,-3.113735848592875,0.0,0.0,0.0,0.0,0.0,0.0
1772565716547341086,113.497788672,18.242300033569336,0.5249332785606384,-2.193739652633667,0.01226438395678997,-0.8970546722412109,0.00572980148717761,0.4417121112346649,-3.11380266275899,0.0,0.0,0.0,0.0,0.0,0.0
1772565716648589388,113.599036928,18.17800521850586,0.5233622193336487,-2.2430012226104736,0.012611069716513157,-0.8970078825950623,0.005742975044995546,0.4417973458766937,-3.112797655752782,0.0,0.0,0.0,0.0,0.0,0.0
1772565716749184468,113.699632128,18.10150718688965,0.5209060311317444,-2.3024802207946777,0.012271635234355927,-0.8969651460647583,0.005748555064201355,0.44189363718032837,-3.1138008992944735,0.0,0.0,0.0,0.0,0.0,0.0
1772565716898569474,113.849017088,18.02448844909668,0.5191618800163269,-2.361558675765991,0.012594379484653473,-0.896916389465332,0.005781061947345734,0.44198304414749146,-3.1128938313540937,0.0,0.0,0.0,0.0,0.0,0.0
1772565717006509115,113.956956672,17.960628509521484,0.5170144438743591,-2.4111220836639404,0.01224181056022644,-0.8968876004219055,0.005633831024169922,0.44205328822135925,-3.1137155668674708,0.0,0.0,0.0,0.0,0.0,0.0
1772565717097447164,114.047894784,17.89642333984375,0.5155615210533142,-2.4603919982910156,0.01245349645614624,-0.8968532681465149,0.00575893372297287,0.4421153962612152,-3.1132709181674847,0.0,0.0,0.0,0.0,0.0,0.0
1772565717202980211,114.153427712,17.832218170166016,0.5140106081962585,-2.5095551013946533,0.0126589834690094,-0.8968218564987183,0.005733765661716461,0.44217348098754883,-3.1126264320192294,0.0,0.0,0.0,0.0,0.0,0.0
1772565717302777662,114.253225216,17.755590438842773,0.5115191340446472,-2.5688555240631104,0.012406505644321442,-0.8967975378036499,0.005756169557571411,0.4422297179698944,-3.1134004277931893,0.0,0.0,0.0,0.0,0.0,0.0
1772565717403383307,114.353830912,17.691404342651367,0.5101081728935242,-2.617905616760254,0.012684039771556854,-0.8967646956443787,0.005727507174015045,0.44228890538215637,-3.112538330254739,0.0,0.0,0.0,0.0,0.0,0.0
1772565717539422635,114.489870336,17.62729835510254,0.5084227919578552,-2.667247772216797,0.012642063200473785,-0.8967440128326416,0.005730733275413513,0.4423319697380066,-3.112664796683682,0.0,0.0,0.0,0.0,0.0,0.0
1772565717649273017,114.599720704,17.550621032714844,0.5061973929405212,-2.726382255554199,0.012469522655010223,-0.8967271447181702,0.005757227540016174,0.4423706829547882,-3.113210161929875,0.0,0.0,0.0,0.0,0.0,0.0
1772565717749327987,114.699775488,17.486398696899414,0.5046338438987732,-2.7754604816436768,0.012675561010837555,-0.8967050313949585,0.005721718072891235,0.44241011142730713,-3.112549438445984,0.0,0.0,0.0,0.0,0.0,0.0
1772565717836561846,114.787009536,17.409738540649414,0.502183735370636,-2.834674119949341,0.012447498738765717,-0.8966875076293945,0.005797162652015686,0.4424511790275574,-3.1133296737272613,0.0,0.0,0.0,0.0,0.0,0.0
1772565717949659495,114.900107008,17.345516204833984,0.5007273554801941,-2.8836922645568848,0.012708918191492558,-0.8966623544692993,0.005746707785874605,0.44249534606933594,-3.112483584979694,0.0,0.0,0.0,0.0,0.0,0.0
1772565718049380023,114.999827712,17.28140640258789,0.49906259775161743,-2.9329750537872314,0.012650735676288605,-0.8966445326805115,0.005723804235458374,0.4425334930419922,-3.1126201156689732,0.0,0.0,0.0,0.0,0.0,0.0
1772565718149330909,115.09977856,17.217512130737305,0.4969176650047302,-2.98227596282959,0.012410074472427368,-0.8966357707977295,0.005690217018127441,0.4425584673881531,-3.113279825198965,0.0,0.0,0.0,0.0,0.0,0.0
1772565718283157594,115.23360512,17.14051055908203,0.4952266812324524,-3.041032075881958,0.012707538902759552,-0.8966072797775269,0.005720131099224091,0.44260746240615845,-3.1124439172910807,0.0,0.0,0.0,0.0,0.0,0.0
1772565718396391348,115.34683904,17.076650619506836,0.4933575987815857,-3.0903544425964355,0.012453347444534302,-0.8965916633605957,0.005698442459106445,0.44264650344848633,-3.113160325674943,0.0,0.0,0.0,0.0,0.0,0.0
1772565718504421280,115.454868992,16.999685287475586,0.49133652448654175,-3.1491425037384033,0.012717900797724724,-0.8965717554092407,0.00577451242133975,0.4426782727241516,-3.112489294267152,0.0,0.0,0.0,0.0,0.0,0.0
1772565718607368803,115.55781632,16.935579299926758,0.489684522151947,-3.198371648788452,0.01263468712568283,-0.8965601921081543,0.005725450813770294,0.4427046477794647,-3.112662145443522,0.0,0.0,0.0,0.0,0.0,0.0
1772565718718361305,115.66880896,16.871658325195312,0.48757511377334595,-3.247681140899658,0.012368544936180115,-0.8965536952018738,0.005702771246433258,0.4427257180213928,-3.113413333658991,0.0,0.0,0.0,0.0,0.0,0.0
1772565718808144361,115.758592,16.807458877563477,0.485984742641449,-3.2965729236602783,0.012685038149356842,-0.8965340256690979,0.005787461996078491,0.44275540113449097,-3.112601626361113,0.0,0.0,0.0,0.0,0.0,0.0
1772565718928533236,115.878980864,16.73073959350586,0.48395270109176636,-3.3555803298950195,0.012502625584602356,-0.8965171575546265,0.005728185176849365,0.4427955150604248,-3.113051709993472,0.0,0.0,0.0,0.0,0.0,0.0
1772565719004686973,115.955134464,16.66673469543457,0.48204857110977173,-3.404695987701416,0.0124998539686203,-0.8965104818344116,0.005848512053489685,0.44280755519866943,-3.113234653597393,0.0,0.0,0.0,0.0,0.0,0.0
1772565719108762303,116.059209984,16.589689254760742,0.4803007245063782,-3.4635379314422607,0.012637005187571049,-0.8964894413948059,0.005728610325604677,0.4428478181362152,-3.1126534758264155,0.0,0.0,0.0,0.0,0.0,0.0
1772565719218384402,116.168832,16.52581214904785,0.4782187342643738,-3.51285982131958,0.01230792049318552,-0.8964856266975403,0.005716629792004824,0.44286489486694336,-3.113606406808997,0.0,0.0,0.0,0.0,0.0,0.0
1772565719349931462,116.300379136,16.46161651611328,0.4766104817390442,-3.561673164367676,0.012633351609110832,-0.896476149559021,0.005787185858935118,0.4428739547729492,-3.112748437665127,0.0,0.0,0.0,0.0,0.0,0.0
1772565719414425490,116.364873216,16.39750862121582,0.4750719666481018,-3.610651969909668,0.012689024209976196,-0.8964656591415405,0.00574164092540741,0.4428942799568176,-3.112516851875993,0.0,0.0,0.0,0.0,0.0,0.0
1772565719540283020,116.490730752,16.32077980041504,0.4726225733757019,-3.6697611808776855,0.012478947639465332,-0.8964580297470093,0.0058816298842430115,0.4429139494895935,-3.1133400490636407,0.0,0.0,0.0,0.0,0.0,0.0
1772565719628602746,116.57905024,16.256553649902344,0.4711682200431824,-3.718705415725708,0.01268743071705103,-0.8964383006095886,0.005815685261040926,0.4429487884044647,-3.1126270383780397,0.0,0.0,0.0,0.0,0.0,0.0
1772565719749188175,116.699635712,16.192466735839844,0.469521701335907,-3.7678768634796143,0.012580327689647675,-0.896427571773529,0.00575266033411026,0.44297438859939575,-3.112850155480819,0.0,0.0,0.0,0.0,0.0,0.0
1772565719849742583,116.800190208,16.128564834594727,0.4674338698387146,-3.817124128341675,0.012308724224567413,-0.8964250087738037,0.005760163068771362,0.4429870843887329,-3.1136622911318157,0.0,0.0,0.0,0.0,0.0,0.0
1772565719963657076,116.914104576,16.0515193939209,0.4656831622123718,-3.875678300857544,0.01265538576990366,-0.8964083790779114,0.005782150197774172,0.44301068782806396,-3.112669966245708,0.0,0.0,0.0,0.0,0.0,0.0
1772565720065414432,117.015862016,15.987634658813477,0.46377915143966675,-3.9248836040496826,0.012445718050003052,-0.8963921666145325,0.00577179342508316,0.4430495798587799,-3.1132721420488365,0.0,0.0,0.0,0.0,0.0,0.0
1772565720165357061,117.115804672,15.910627365112305,0.46173495054244995,-3.983600616455078,0.012677878141403198,-0.8963773250579834,0.005847223103046417,0.44307205080986023,-3.1126957393771626,0.0,0.0,0.0,0.0,0.0,0.0
1772565720308341263,117.258788864,15.846542358398438,0.4601425528526306,-4.032711982727051,0.012564457952976227,-0.8963720202445984,0.005764119327068329,0.44308707118034363,-3.112908720423832,0.0,0.0,0.0,0.0,0.0,0.0
1772565720417424816,117.367872512,15.782636642456055,0.4581124186515808,-4.082047462463379,0.012203946709632874,-0.8963706493377686,0.0057895854115486145,0.4430996775627136,-3.1140098195271992,0.0,0.0,0.0,0.0,0.0,0.0
1772565720519122584,117.469570304,15.705476760864258,0.456307590007782,-4.140529155731201,0.012639373540878296,-0.8963587880134583,0.0058201029896736145,0.44311103224754333,-3.112768135231294,0.0,0.0,0.0,0.0,0.0,0.0
1772565720629430977,117.579878656,15.641592025756836,0.4544445872306824,-4.18965482711792,0.012423783540725708,-0.8963487148284912,0.005781248211860657,0.4431378245353699,-3.113346873577809,0.0,0.0,0.0,0.0,0.0,0.0
1772565720720284035,117.670731776,15.564617156982422,0.45234960317611694,-4.248300075531006,0.012698940932750702,-0.8963302373886108,0.005873352289199829,0.4431663751602173,-3.1126674799614147,0.0,0.0,0.0,0.0,0.0,0.0
1772565720849610961,117.800058624,15.50054931640625,0.4507492184638977,-4.297393321990967,0.012562364339828491,-0.8963265419006348,0.005775973200798035,0.4431789517402649,-3.1129281342772823,0.0,0.0,0.0,0.0,0.0,0.0
1772565720921790552,117.87223808,15.436635971069336,0.44870978593826294,-4.346779823303223,0.01216638833284378,-0.8963228464126587,0.0058004409074783325,0.4431971609592438,-3.1141325313728836,0.0,0.0,0.0,0.0,0.0,0.0
1772565721025294075,117.975741696,15.372314453125,0.44698065519332886,-4.395610332489014,0.012523427605628967,-0.8963156938552856,0.005939319729804993,0.44319990277290344,-3.113280660526005,0.0,0.0,0.0,0.0,0.0,0.0
1772565721151135923,118.101583616,15.295454025268555,0.44503265619277954,-4.454406261444092,0.012426182627677917,-0.8963069915771484,0.005852110683917999,0.44322139024734497,-3.113439644032222,0.0,0.0,0.0,0.0,0.0,0.0
1772565721249485560,118.199933184,15.23159408569336,0.4431607127189636,-4.503592014312744,0.012219377793371677,-0.8963057398796082,0.0061040823347866535,0.44322627782821655,-3.114418147903319,0.0,0.0,0.0,0.0,0.0,0.0
1772565721349443617,118.2998912,15.154447555541992,0.4412845969200134,-4.562017917633057,0.012570656836032867,-0.8962889909744263,0.005844615399837494,0.4432537257671356,-3.113000560640062,0.0,0.0,0.0,0.0,0.0,0.0
1772565721453312229,118.403759872,15.09056282043457,0.43933171033859253,-4.611435413360596,0.01210670918226242,-0.8962851762771606,0.005839735269546509,0.44327443838119507,-3.114363014835228,0.0,0.0,0.0,0.0,0.0,0.0
1772565721573110993,118.523558656,15.026199340820312,0.43753427267074585,-4.660314083099365,0.012445144355297089,-0.8962823152542114,0.006020650267601013,0.4432685673236847,-3.1136277440641473,0.0,0.0,0.0,0.0,0.0,0.0
1772565721674297133,118.624744704,14.961996078491211,0.43597596883773804,-4.7091851234436035,0.012589409947395325,-0.8962773084640503,0.005980633199214935,0.4432750344276428,-3.1131428675959487,0.0,0.0,0.0,0.0,0.0,0.0
1772565721774911571,118.725359104,14.885442733764648,0.4337262511253357,-4.768246173858643,0.012195505201816559,-0.8962759971618652,0.0060910433530807495,0.443287193775177,-3.1144672242166513,0.0,0.0,0.0,0.0,0.0,0.0
1772565721911726933,118.862174464,14.795713424682617,0.431293785572052,-4.836775302886963,0.012210079468786716,-0.8962574601173401,0.005944520700722933,0.44332626461982727,-3.1142085912472917,0.0,0.0,0.0,0.0,0.0,0.0
1772565722022477180,118.972924672,14.731452941894531,0.4294225573539734,-4.885767936706543,0.012356065213680267,-0.8962550163269043,0.006101146340370178,0.4433250427246094,-3.114006146042992,0.0,0.0,0.0,0.0,0.0,0.0
1772565722149535917,119.099983616,14.667091369628906,0.42787331342697144,-4.934609413146973,0.0126514732837677,-0.8962372541427612,0.006059430539608002,0.4433533251285553,-3.113071268310791,0.0,0.0,0.0,0.0,0.0,0.0
1772565722240860163,119.191307776,14.603069305419922,0.42607635259628296,-4.983743190765381,0.012467600405216217,-0.8962305784225464,0.006010562181472778,0.4433724880218506,-3.113542319834829,0.0,0.0,0.0,0.0,0.0,0.0
1772565722328083318,119.278530816,14.526266098022461,0.4238775372505188,-5.042517185211182,0.012477166950702667,-0.8962215781211853,0.00614544004201889,0.4433887004852295,-3.1137104733070093,0.0,0.0,0.0,0.0,0.0,0.0
1772565722443303853,119.393751552,14.462156295776367,0.42232316732406616,-5.091408729553223,0.012574141845107079,-0.8962043523788452,0.006110078655183315,0.443421334028244,-3.1133708977125285,0.0,0.0,0.0,0.0,0.0,0.0
1772565722549431084,119.499878656,14.39832878112793,0.42032498121261597,-5.140616416931152,0.012247391045093536,-0.8961873054504395,0.006061747670173645,0.44346553087234497,-3.1142640485891913,0.0,0.0,0.0,0.0,0.0,0.0
1772565722649834498,119.600282112,14.321102142333984,0.4183495044708252,-5.199105262756348,0.012722320854663849,-0.8961648941040039,0.00612158328294754,0.44349661469459534,-3.1129466083319786,0.0,0.0,0.0,0.0,0.0,0.0
1772565722751814274,119.702262016,14.257085800170898,0.41653305292129517,-5.248247146606445,0.012495948001742363,-0.8961536288261414,0.00607293751090765,0.4435262680053711,-3.113543296592994,0.0,0.0,0.0,0.0,0.0,0.0
1772565722880324485,119.830772224,14.193204879760742,0.4144805669784546,-5.2974066734313965,0.01222163438796997,-0.8961523771286011,0.006163537502288818,0.4435354471206665,-3.1144862448103137,0.0,0.0,0.0,0.0,0.0,0.0
1772565722982284927,119.932732416,14.129016876220703,0.4128841757774353,-5.346134662628174,0.012506723403930664,-0.8961346745491028,0.00618300586938858,0.44356289505958557,-3.113670912186636,0.0,0.0,0.0,0.0,0.0,0.0
1772565723085108500,120.035556096,14.052223205566406,0.4107499122619629,-5.405010223388672,0.01234550029039383,-0.896114706993103,0.00614987313747406,0.4436081647872925,-3.114097217858337,0.0,0.0,0.0,0.0,0.0,0.0
1772565723184691626,120.135139328,13.988130569458008,0.4089173674583435,-5.453987121582031,0.012361034750938416,-0.896099328994751,0.006236068904399872,0.44363775849342346,-3.1141762338446575,0.0,0.0,0.0,0.0,0.0,0.0
1772565723287241171,120.237688832,13.923830032348633,0.4073244333267212,-5.502781867980957,0.012631327845156193,-0.8960655331611633,0.00615304009988904,0.443699449300766,-3.1132530132041945,0.0,0.0,0.0,0.0,0.0,0.0
1772565723386961220,120.337408768,13.84713363647461,0.4049363136291504,-5.561852931976318,0.012202851474285126,-0.8960580229759216,0.006203517317771912,0.4437258541584015,-3.114592867577492,0.0,0.0,0.0,0.0,0.0,0.0
1772565723534484217,120.48493184,13.782785415649414,0.4032614827156067,-5.610472679138184,0.012517296709120274,-0.8960546851158142,0.0061493744142353535,0.4437246024608612,-3.1135837965214046,0.0,0.0,0.0,0.0,0.0,0.0
1772565723610786054,120.561233664,13.718782424926758,0.4018436074256897,-5.6594014167785645,0.012305207550525665,-0.8960666656494141,0.0061187297105789185,0.44370684027671814,-3.1141668347211935,0.0,0.0,0.0,0.0,0.0,0.0
1772565723737903578,120.688351232,13.65479850769043,0.400016725063324,-5.708431720733643,0.011997571215033531,-0.896081805229187,0.00605874415487051,0.4436853528022766,-3.1149895332731377,0.0,0.0,0.0,0.0,0.0,0.0
1772565723837390316,120.787837952,13.577491760253906,0.39815574884414673,-5.766693115234375,0.012346088886260986,-0.8961093425750732,0.005945831537246704,0.44362175464630127,-3.113796414919939,0.0,0.0,0.0,0.0,0.0,0.0
1772565723938892262,120.889339904,13.513507843017578,0.3966125249862671,-5.815713405609131,0.012009924277663231,-0.8961468935012817,0.005970216356217861,0.44355469942092896,-3.114828541244274,0.0,0.0,0.0,0.0,0.0,0.0
1772565724040205854,120.99065344,13.449501037597656,0.3946825861930847,-5.864620685577393,0.011740759015083313,-0.8962016701698303,0.006070904433727264,0.44345009326934814,-3.115775252357518,0.0,0.0,0.0,0.0,0.0,0.0
1772565724140832660,121.091280384,13.385053634643555,0.39299964904785156,-5.912720203399658,0.012329965829849243,-0.8962284326553345,0.005720488727092743,0.44338464736938477,-3.1135246404136834,0.0,0.0,0.0,0.0,0.0,0.0
1772565724243148960,121.193596672,13.321216583251953,0.3917616009712219,-5.961541652679443,0.012073114514350891,-0.896267294883728,0.005714111030101776,0.44331324100494385,-3.1142771961624827,0.0,0.0,0.0,0.0,0.0,0.0
1772565724342814015,121.293261568,13.257474899291992,0.3898846507072449,-6.0106987953186035,0.01159224659204483,-0.8963049054145813,0.005845122039318085,0.44324827194213867,-3.1158915460930423,0.0,0.0,0.0,0.0,0.0,0.0
1772565724446377816,121.396825344,13.193094253540039,0.3880743384361267,-6.059088706970215,0.011967793107032776,-0.8963379859924316,0.0055996328592300415,0.44317448139190674,-3.1144268622001365,0.0,0.0,0.0,0.0,0.0,0.0
1772565724549573810,121.500021504,13.116464614868164,0.3865742087364197,-6.1176862716674805,0.01178121566772461,-0.8963697552680969,0.005601599812507629,0.44311532378196716,-3.1149831155801495,0.0,0.0,0.0,0.0,0.0,0.0
1772565724649874773,121.600322304,13.039459228515625,0.3841537833213806,-6.175758361816406,0.012071512639522552,-0.8964301347732544,0.005388021469116211,0.4429878890514374,-3.1138198409672224,0.0,0.0,0.0,0.0,0.0,0.0
1772565724790431906,121.740879616,12.975650787353516,0.3829801678657532,-6.2245402336120605,0.011963561177253723,-0.8964545726776123,0.005346938967704773,0.44294190406799316,-3.1140805871518324,0.0,0.0,0.0,0.0,0.0,0.0
1772565724894754392,121.84520192,12.911956787109375,0.38119930028915405,-6.273751258850098,0.011478566564619541,-0.8964921832084656,0.005463622976094484,0.4428771734237671,-3.115684709646826,0.0,0.0,0.0,0.0,0.0,0.0
1772565724962497721,121.912945408,12.847822189331055,0.3792816996574402,-6.322240829467773,0.011702203191816807,-0.896526038646698,0.0052376096136868,0.4428054690361023,-3.1146983683627885,0.0,0.0,0.0,0.0,0.0,0.0
1772565725059182875,122.009630464,12.784221649169922,0.3778483271598816,-6.370282173156738,0.01207276526838541,-0.8965386748313904,0.0050550480373203754,0.44277212023735046,-3.1133405788881263,0.0,0.0,0.0,0.0,0.0,0.0
1772565725171666318,122.122114048,12.71261215209961,0.3759518265724182,-6.425809383392334,0.01141638308763504,-0.8965836763381958,0.005245395004749298,0.44269615411758423,-3.115557431840235,0.0,0.0,0.0,0.0,0.0,0.0
1772565725267586523,122.218034176,12.654727935791016,0.3742831349372864,-6.470013618469238,0.011362306773662567,-0.8966230154037476,0.005255647003650665,0.442617803812027,-3.1157349785283546,0.0,0.0,0.0,0.0,0.0,0.0
1772565725380102516,122.330550016,12.598634719848633,0.37289124727249146,-6.5125651359558105,0.011562943458557129,-0.8966445922851562,0.0051909685134887695,0.44256943464279175,-3.1150511005655277,0.0,0.0,0.0,0.0,0.0,0.0
1772565725491270150,122.44171776,12.537055969238281,0.37123602628707886,-6.559065341949463,0.011934109963476658,-0.8966577053070068,0.004884995985776186,0.4425366520881653,-3.1135128947251305,0.0,0.0,0.0,0.0,0.0,0.0
1772565725632473515,122.582921216,12.490560531616211,0.37014639377593994,-6.594911098480225,0.011746943928301334,-0.8966708183288574,0.0049641733057796955,0.44251424074172974,-3.114180968815287,0.0,0.0,0.0,0.0,0.0,0.0
1772565725736470435,122.686918144,12.4456787109375,0.36887258291244507,-6.629456043243408,0.011545740067958832,-0.8966935276985168,0.00495561957359314,0.44247370958328247,-3.114763536402322,0.0,0.0,0.0,0.0,0.0,0.0
1772565725846414907,122.796862464,12.391916275024414,0.367642879486084,-6.670587062835693,0.011616431176662445,-0.8966873288154602,0.00489991158246994,0.44248491525650024,-3.1144736067102077,0.0,0.0,0.0,0.0,0.0,0.0
1772565725951130458,122.901577984,12.347455978393555,0.36653071641921997,-6.704968452453613,0.011434146203100681,-0.8966811299324036,0.004968651104718447,0.44250157475471497,-3.1151103201630237,0.0,0.0,0.0,0.0,0.0,0.0
1772565726049855882,123.000303616,12.302940368652344,0.36539512872695923,-6.739362716674805,0.011246674694120884,-0.8966788649559021,0.004983284045010805,0.4425107538700104,-3.115683977474784,0.0,0.0,0.0,0.0,0.0,0.0
1772565726131368954,123.081816576,12.258350372314453,0.3641224503517151,-6.773563385009766,0.011215485632419586,-0.8966656923294067,0.004818163812160492,0.44254007935523987,-3.1155345352514185,0.0,0.0,0.0,0.0,0.0,0.0
1772565726238701469,123.189149184,12.20439338684082,0.3629298806190491,-6.815014839172363,0.011214584112167358,-0.8966593742370605,0.004841737449169159,0.4425525665283203,-3.1155709638043443,0.0,0.0,0.0,0.0,0.0,0.0
1772565726342644282,123.29309184,12.159049987792969,0.3617333769798279,-6.8498640060424805,0.011150911450386047,-0.8966426849365234,0.004748083651065826,0.4425891041755676,-3.115620942048317,0.0,0.0,0.0,0.0,0.0,0.0
1772565726449636791,123.40008448,12.104307174682617,0.36055153608322144,-6.891886234283447,0.011169850826263428,-0.896631121635437,0.004812233150005341,0.44261133670806885,-3.1156575111564013,0.0,0.0,0.0,0.0,0.0,0.0
1772565726551439948,123.501887488,12.058683395385742,0.35922473669052124,-6.926992893218994,0.011110849678516388,-0.8966180086135864,0.004793934524059296,0.4426395893096924,-3.115803720699277,0.0,0.0,0.0,0.0,0.0,0.0
1772565726692332266,123.642779904,12.013072967529297,0.3582250475883484,-6.962064743041992,0.011084683239459991,-0.8965928554534912,0.004715725779533386,0.4426920711994171,-3.115764874282234,0.0,0.0,0.0,0.0,0.0,0.0
1772565726775204795,123.72565248,11.967247009277344,0.3571552634239197,-6.997086048126221,0.011280044913291931,-0.89656662940979,0.004755012691020966,0.4427397847175598,-3.1152437606959396,0.0,0.0,0.0,0.0,0.0,0.0
1772565726904415145,123.854862848,11.912681579589844,0.35586798191070557,-7.0390825271606445,0.01112251728773117,-0.8965626358985901,0.0047370195388793945,0.4427521228790283,-3.1156817655303928,0.0,0.0,0.0,0.0,0.0,0.0
1772565727007347477,123.957795072,11.86697769165039,0.3548319935798645,-7.074141502380371,0.011201642453670502,-0.8965358734130859,0.004760943353176117,0.4428039789199829,-3.1154809810047226,0.0,0.0,0.0,0.0,0.0,0.0
1772565727101894360,124.052342016,11.821296691894531,0.3538486361503601,-7.109075546264648,0.011360161006450653,-0.8965071439743042,0.00474981963634491,0.44285812973976135,-3.1149947051376254,0.0,0.0,0.0,0.0,0.0,0.0
1772565727195879071,124.146326784,11.775653839111328,0.3529353141784668,-7.143986701965332,0.0114559605717659,-0.8964946866035461,0.0047790780663490295,0.4428805708885193,-3.1147536578298074,0.0,0.0,0.0,0.0,0.0,0.0
1772565727297357275,124.247804928,11.720924377441406,0.3514443039894104,-7.186151504516602,0.011325150728225708,-0.8964715003967285,0.004788875579833984,0.44293081760406494,-3.1151518127539166,0.0,0.0,0.0,0.0,0.0,0.0
1772565727406505633,124.356953344,11.67534065246582,0.35053080320358276,-7.221032619476318,0.011446960270404816,-0.8964447379112244,0.004777789115905762,0.4429820477962494,-3.1147738977485364,0.0,0.0,0.0,0.0,0.0,0.0
1772565727497798633,124.448246272,11.629619598388672,0.34954017400741577,-7.256078243255615,0.011477157473564148,-0.896428108215332,0.004827171564102173,0.4430142641067505,-3.114755349989643,0.0,0.0,0.0,0.0,0.0,0.0
1772565727641383210,124.591830784,11.583904266357422,0.34849852323532104,-7.290976524353027,0.011627868749201298,-0.8964038491249084,0.004797757137566805,0.4430597424507141,-3.1142655057075923,0.0,0.0,0.0,0.0,0.0,0.0
1772565727742991797,124.693439488,11.529146194458008,0.3471476435661316,-7.3331146240234375,0.01151153352111578,-0.896382212638855,0.004821456503123045,0.44310617446899414,-3.1146414834375657,0.0,0.0,0.0,0.0,0.0,0.0
1772565727849051881,124.79949952,11.483402252197266,0.3462035655975342,-7.368155002593994,0.011504210531711578,-0.8963634371757507,0.004789002239704132,0.44314485788345337,-3.1146140526691704,0.0,0.0,0.0,0.0,0.0,0.0
1772565727948424499,124.898872064,11.428567886352539,0.3447822332382202,-7.410114288330078,0.01158411055803299,-0.896339476108551,0.004821017384529114,0.4431908428668976,-3.1144227803862883,0.0,0.0,0.0,0.0,0.0,0.0
1772565728051251044,125.00169856,11.382757186889648,0.3437514901161194,-7.4452033042907715,0.011642844416201115,-0.8963186740875244,0.00486590014770627,0.4432309865951538,-3.1143130504571084,0.0,0.0,0.0,0.0,0.0,0.0
1772565728149812229,125.10025984,11.336982727050781,0.3427603840827942,-7.4800124168396,0.011824280023574829,-0.8963067531585693,0.004852563142776489,0.4432503283023834,-3.113756804505466,0.0,0.0,0.0,0.0,0.0,0.0
1772565728251270498,125.201718016,11.28223991394043,0.34139132499694824,-7.5220770835876465,0.011708885431289673,-0.8962851166725159,0.004889436066150665,0.443296879529953,-3.1141493957245987,0.0,0.0,0.0,0.0,0.0,0.0
1772565728351363496,125.3018112,11.23649787902832,0.3404054045677185,-7.556920528411865,0.011854484677314758,-0.896266520023346,0.004884287714958191,0.4433306157588959,-3.1137102193037247,0.0,0.0,0.0,0.0,0.0,0.0
1772565728466336203,125.416783872,11.191070556640625,0.33930355310440063,-7.591904163360596,0.011631995439529419,-0.8962505459785461,0.004765205085277557,0.4433700740337372,-3.1141917693637917,0.0,0.0,0.0,0.0,0.0,0.0
1772565728570859409,125.521307136,11.136024475097656,0.33803415298461914,-7.633841514587402,0.011848285794258118,-0.8962206840515137,0.004843257367610931,0.4434238076210022,-3.1136642766121296,0.0,0.0,0.0,0.0,0.0,0.0
1772565728674436271,125.624883968,11.090707778930664,0.33698570728302,-7.668737888336182,0.011820897459983826,-0.8961271047592163,0.004676811397075653,0.44361525774002075,-3.1134928696145594,0.0,0.0,0.0,0.0,0.0,0.0
1772565728786734652,125.737182208,11.045856475830078,0.33580929040908813,-7.703251361846924,0.011969327926635742,-0.8954200148582458,0.004471704363822937,0.44503912329673767,-3.112682290718365,0.0,0.0,0.0,0.0,0.0,0.0
1772565728923084441,125.87353216,10.973146438598633,0.33444225788116455,-7.750560283660889,0.012070171535015106,-0.8931922912597656,0.004375621676445007,0.4494917094707489,-3.112004800721465,0.0,0.0,0.0,0.0,0.0,0.0
1772565728995803205,125.946250752,10.89341926574707,0.33279281854629517,-7.795668125152588,0.01184534840285778,-0.8893316984176636,0.0045314054004848,0.45708683133125305,-3.1125108428216652,0.0,0.0,0.0,0.0,0.0,0.0
1772565729100794519,126.05124224,10.814762115478516,0.33099615573883057,-7.839336395263672,0.012007415294647217,-0.884170651435852,0.004456505179405212,0.46698856353759766,-3.1113104097078903,0.0,0.0,0.0,0.0,0.0,0.0
1772565729216531802,126.166979328,10.722999572753906,0.3287472128868103,-7.88784646987915,0.01226138323545456,-0.8759382963180542,0.004499360918998718,0.4822463393211365,-3.109539307057207,0.0,0.0,0.0,0.0,0.0,0.0
1772565729337585797,126.288033536,10.653118133544922,0.327073872089386,-7.921690464019775,0.012435980141162872,-0.867935061454773,0.004711717367172241,0.4964996576309204,-3.1082329846119383,0.0,0.0,0.0,0.0,0.0,0.0
1772565729421030871,126.371478528,10.594108581542969,0.3259631395339966,-7.954542636871338,0.01196511834859848,-0.8593991994857788,0.004780121147632599,0.5111429691314697,-3.108746876824686,0.0,0.0,0.0,0.0,0.0,0.0
1772565729536732005,126.48717952,10.531667709350586,0.32447606325149536,-7.988295555114746,0.011945664882659912,-0.8498914837837219,0.004899144172668457,0.5267995595932007,-3.107551353183552,0.0,0.0,0.0,0.0,0.0,0.0
1772565729637429806,126.587877376,10.472030639648438,0.32305681705474854,-8.024130821228027,0.012051030993461609,-0.8396027684211731,0.0048373788595199585,0.5430457592010498,-3.105058860408118,0.0,0.0,0.0,0.0,0.0,0.0
1772565729737466631,126.68791424,10.413923263549805,0.3220740556716919,-8.062162399291992,0.011726662516593933,-0.8282488584518433,0.005154699087142944,0.5602140426635742,-3.104920791595059,0.0,0.0,0.0,0.0,0.0,0.0
1772565729829124913,126.77957248,10.352962493896484,0.32064539194107056,-8.102950096130371,0.01155109703540802,-0.8163305521011353,0.005211248993873596,0.5774461030960083,-3.1030335224713763,0.0,0.0,0.0,0.0,0.0,0.0
1772565729923058135,126.873505792,10.276300430297852,0.31926947832107544,-8.14693832397461,0.011252748779952526,-0.8014147281646729,0.0053931246511638165,0.5979788303375244,-3.1009028130253635,0.0,0.0,0.0,0.0,0.0,0.0
1772565730028372128,126.97881984,10.204547882080078,0.31764477491378784,-8.17956256866455,0.01067381352186203,-0.7899523973464966,0.005696889013051987,0.6130489110946655,-3.10179872236161,0.0,0.0,0.0,0.0,0.0,0.0
1772565730131043503,127.0814912,10.148233413696289,0.3158491253852844,-8.200727462768555,0.011297907680273056,-0.7857306003570557,0.005877554416656494,0.6184377670288086,-3.0969724415535547,0.0,0.0,0.0,0.0,0.0,0.0
1772565730249554548,127.200002048,10.092426300048828,0.31445783376693726,-8.215155601501465,0.01059445459395647,-0.7854927182197571,0.005967505741864443,0.6187514662742615,-3.1020568347866186,0.0,0.0,0.0,0.0,0.0,0.0
1772565730338912044,127.289359616,10.03665542602539,0.3133704662322998,-8.229501724243164,0.010046839714050293,-0.7853689789772034,0.006040308624505997,0.6189169883728027,-3.106071876335435,0.0,0.0,0.0,0.0,0.0,0.0
1772565730486818432,127.43726592,9.968755722045898,0.31153881549835205,-8.245702743530273,0.010691509582102299,-0.7851879000663757,0.005927704740315676,0.6191369891166687,-3.1010779598834475,0.0,0.0,0.0,0.0,0.0,0.0
1772565730587524112,127.537971712,9.90123176574707,0.3097378611564636,-8.262109756469727,0.011076323688030243,-0.7850288152694702,0.0059542059898376465,0.6193316578865051,-3.0985636843727677,0.0,0.0,0.0,0.0,0.0,0.0
1772565730687200639,127.637648128,9.845577239990234,0.30843156576156616,-8.276333808898926,0.01053652074187994,-0.7848621010780334,0.00588634517043829,0.6195530295372009,-3.1017766969047607,0.0,0.0,0.0,0.0,0.0,0.0
1772565730816726312,127.767173888,9.77804946899414,0.30689018964767456,-8.292308807373047,0.011246781796216965,-0.7847095131874084,0.005850683897733688,0.6197340488433838,-3.096722594498284,0.0,0.0,0.0,0.0,0.0,0.0
1772565730936034882,127.886482432,9.711034774780273,0.3054012656211853,-8.308915138244629,0.011356692761182785,-0.7844717502593994,0.0058249495923519135,0.620033323764801,-3.095732529485644,0.0,0.0,0.0,0.0,0.0,0.0
1772565731035850349,127.986297856,9.655139923095703,0.3038737177848816,-8.322744369506836,0.011283133178949356,-0.7843178510665894,0.005797237157821655,0.6202295422554016,-3.0960123716480137,0.0,0.0,0.0,0.0,0.0,0.0
1772565731139626822,128.090074368,9.588184356689453,0.30243319272994995,-8.339144706726074,0.011468742042779922,-0.7840731739997864,0.005650784820318222,0.620536744594574,-3.0938442562543402,0.0,0.0,0.0,0.0,0.0,0.0
1772565731248891143,128.199338752,9.521223068237305,0.3010628819465637,-8.355718612670898,0.011470768600702286,-0.7838202118873596,0.005585849285125732,0.6208568215370178,-3.093354313125396,0.0,0.0,0.0,0.0,0.0,0.0
1772565731394985320,128.345432832,9.46536636352539,0.29961931705474854,-8.369473457336426,0.011451277881860733,-0.7836284041404724,0.005562465637922287,0.6210994720458984,-3.093264944700033,0.0,0.0,0.0,0.0,0.0,0.0
1772565731466913338,128.417360896,9.398469924926758,0.29820144176483154,-8.385943412780762,0.011495035141706467,-0.7833524346351624,0.005420643836259842,0.6214478611946106,-3.0920511410326093,0.0,0.0,0.0,0.0,0.0,0.0
1772565731571132596,128.521580288,9.346794128417969,0.29697853326797485,-8.400243759155273,0.011052110232412815,-0.7825872302055359,0.005357105750590563,0.6224198937416077,-3.0943724988193697,0.0,0.0,0.0,0.0,0.0,0.0
1772565731690797052,128.641244672,9.278324127197266,0.2952801585197449,-8.417916297912598,0.011590811423957348,-0.7809784412384033,0.005092333536595106,0.6244295835494995,-3.088235469415864,0.0,0.0,0.0,0.0,0.0,0.0
1772565731847499729,128.797947392,9.217132568359375,0.29462045431137085,-8.436762809753418,0.011396034620702267,-0.776626467704773,0.004948641639202833,0.6298388242721558,-3.0860770137032283,0.0,0.0,0.0,0.0,0.0,0.0
1772565731950242224,128.90068992,9.166816711425781,0.29269474744796753,-8.456628799438477,0.011317688971757889,-0.768940269947052,0.005297496914863586,0.6391985416412354,-3.0834257314377935,0.0,0.0,0.0,0.0,0.0,0.0
1772565732048774713,128.999222272,9.105342864990234,0.29161685705184937,-8.481010437011719,0.01125253364443779,-0.7532986402511597,0.005506828427314758,0.657559335231781,-3.069772229547391,0.0,0.0,0.0,0.0,0.0,0.0
1772565732149249434,129.099697152,9.047327041625977,0.2904910445213318,-8.505386352539062,0.010935130529105663,-0.7322378158569336,0.005942105315625668,0.6809353232383728,-3.032630818156466,0.0,0.0,0.0,0.0,0.0,0.0
1772565732249213836,129.199661568,8.996755599975586,0.28998392820358276,-8.525059700012207,0.010044259950518608,-0.7120704650878906,0.0062238252721726894,0.7020086050033569,-2.767209858544877,0.0,0.0,0.0,0.0,0.0,0.0
1772565732362913594,129.313361152,8.909431457519531,0.2876114249229431,-8.522905349731445,0.011223450303077698,-0.6866597533226013,0.005721425637602806,0.7268698215484619,-0.1240005713101495,0.0,0.0,0.0,0.0,0.0,0.0
1772565732476211622,129.426659328,8.842073440551758,0.2854214906692505,-8.530086517333984,0.009973293170332909,-0.6662455797195435,0.00710642896592617,0.7456318736076355,-0.024000575845973173,0.0,0.0,0.0,0.0,0.0,0.0
1772565732595622183,129.54606976,8.774240493774414,0.28359711170196533,-8.52914047241211,0.009575331583619118,-0.6529477834701538,0.0069579798728227615,0.7573104500770569,-0.013351064684805628,0.0,0.0,0.0,0.0,0.0,0.0
1772565732700413133,129.6508608,8.717828750610352,0.282099187374115,-8.519071578979492,0.009555675089359283,-0.6512062549591064,0.006994528695940971,0.758808434009552,-0.012060433279504628,0.0,0.0,0.0,0.0,0.0,0.0
1772565732804667085,129.755114752,8.660650253295898,0.2807392477989197,-8.510748863220215,0.009363816119730473,-0.6514357328414917,0.006976979784667492,0.7586140632629395,-0.010677808655256804,0.0,0.0,0.0,0.0,0.0,0.0
1772565732915459927,129.865907456,8.593988418579102,0.27919071912765503,-8.49992847442627,0.009565130807459354,-0.653352677822113,0.007677497807890177,0.7569543719291687,-0.005992542185398998,0.0,0.0,0.0,0.0,0.0,0.0
1772565733049854577,130.00030208,8.524686813354492,0.2776055932044983,-8.48513126373291,0.009476257488131523,-0.659367024898529,0.007642427459359169,0.7517226338386536,-0.007722634765185639,0.0,0.0,0.0,0.0,0.0,0.0
1772565733131319271,130.081766912,8.4656982421875,0.2758644223213196,-8.469988822937012,0.009092277847230434,-0.6688560247421265,0.007986621931195259,0.7432934641838074,-0.0027587321155976984,0.0,0.0,0.0,0.0,0.0,0.0
1772565733249660403,130.200108032,8.397918701171875,0.274669349193573,-8.450501441955566,0.009775355458259583,-0.6851304173469543,0.007177654188126326,0.728319525718689,-0.04808135085245275,0.0,0.0,0.0,0.0,0.0,0.0
1772565733398344019,130.348791552,8.342323303222656,0.2728562355041504,-8.436476707458496,0.010007471777498722,-0.7017366290092468,0.007250751368701458,0.7123292684555054,-0.24239699514811713,0.0,0.0,0.0,0.0,0.0,0.0
1772565733477050461,130.427497984,8.283220291137695,0.271284282207489,-8.427026748657227,0.010262668132781982,-0.7232074737548828,0.0068642329424619675,0.6905205249786377,-3.025881783859871,0.0,0.0,0.0,0.0,0.0,0.0
1772565733579487905,130.529935616,8.236133575439453,0.27040719985961914,-8.417814254760742,0.011091946624219418,-0.740751326084137,0.00642477348446846,0.6716570854187012,-3.061745850638008,0.0,0.0,0.0,0.0,0.0,0.0
1772565733723408822,130.673856512,8.176290512084961,0.26920193433761597,-8.419858932495117,0.012597708962857723,-0.7607743740081787,0.0058112856931984425,0.648868203163147,-3.0679644012250455,0.0,0.0,0.0,0.0,0.0,0.0
1772565733823935784,130.77438336,8.103927612304688,0.2665560841560364,-8.447104454040527,0.011211037635803223,-0.7798490524291992,0.00664103776216507,0.6258320808410645,-3.0992300644523594,0.0,0.0,0.0,0.0,0.0,0.0
1772565733922803962,130.873251584,8.05462646484375,0.2651131749153137,-8.457046508789062,0.011702865362167358,-0.7950564026832581,0.006014857441186905,0.6063928008079529,-3.0988110933856134,0.0,0.0,0.0,0.0,0.0,0.0
1772565734035013564,130.985461248,7.993062496185303,0.26418280601501465,-8.476685523986816,0.012016933411359787,-0.8068765997886658,0.005860816687345505,0.5905687808990479,-3.1003478956788086,0.0,0.0,0.0,0.0,0.0,0.0
1772565734138855876,131.089303552,7.939321041107178,0.26326924562454224,-8.496546745300293,0.012052148580551147,-0.809765636920929,0.00531633198261261,0.5866056680679321,-3.098980372066494,0.0,0.0,0.0,0.0,0.0,0.0
1772565734250887574,131.201335296,7.872262477874756,0.2616468071937561,-8.517958641052246,0.013101134449243546,-0.8096672296524048,0.006050281226634979,0.5867118239402771,-3.096264499443315,0.0,0.0,0.0,0.0,0.0,0.0
1772565734405045408,131.35549312,7.8062825202941895,0.2594299912452698,-8.539909362792969,0.012760579586029053,-0.8095494508743286,0.00608593225479126,0.5868815183639526,-3.0981304696290475,0.0,0.0,0.0,0.0,0.0,0.0
1772565734504624125,131.455071744,7.751091480255127,0.25784701108932495,-8.557686805725098,0.013027580454945564,-0.8094419836997986,0.00607303436845541,0.587023913860321,-3.096657965921526,0.0,0.0,0.0,0.0,0.0,0.0
1772565734596441524,131.546889216,7.684371471405029,0.2554248571395874,-8.57964038848877,0.013546597212553024,-0.8093418478965759,0.006524611264467239,0.5871453285217285,-3.0956289166143307,0.0,0.0,0.0,0.0,0.0,0.0
1772565734711357157,131.6618048,7.627694606781006,0.25385504961013794,-8.598076820373535,0.013872552663087845,-0.8092778921127319,0.006558213382959366,0.5872255563735962,-3.0940359538416122,0.0,0.0,0.0,0.0,0.0,0.0
1772565734795923014,131.74637056,7.567857265472412,0.25210922956466675,-8.6176118850708,0.01413252204656601,-0.8092182874679565,0.006620582193136215,0.5873008370399475,-3.092895930102341,0.0,0.0,0.0,0.0,0.0,0.0
1772565734936393993,131.8868416,7.506804943084717,0.25029057264328003,-8.637496948242188,0.014361638575792313,-0.8091800212860107,0.006693936884403229,0.587347149848938,-3.0919652436649243,0.0,0.0,0.0,0.0,0.0,0.0
1772565735035987326,131.986434816,7.433312892913818,0.24772495031356812,-8.661341667175293,0.014643106609582901,-0.8091307282447815,0.006645482033491135,0.587408721446991,-3.0902951671895935,0.0,0.0,0.0,0.0,0.0,0.0
1772565735138228664,132.088676352,7.3597331047058105,0.24605584144592285,-8.685201644897461,0.01479700393974781,-0.8091316819190979,0.006687222979962826,0.5874029397964478,-3.089650965865298,0.0,0.0,0.0,0.0,0.0,0.0
1772565735239468612,132.18991616,7.298354625701904,0.24433350563049316,-8.705227851867676,0.014778804033994675,-0.8091404438018799,0.006733551621437073,0.5873908400535583,-3.089924848082869,0.0,0.0,0.0,0.0,0.0,0.0
1772565735349823077,132.300270592,7.237010478973389,0.24252814054489136,-8.725174903869629,0.014775602146983147,-0.8091548681259155,0.00672545563429594,0.5873710513114929,-3.0899164104880525,0.0,0.0,0.0,0.0,0.0,0.0
1772565735449019198,132.399466752,7.163501262664795,0.24047768115997314,-8.749077796936035,0.014699313789606094,-0.8091859817504883,0.006692804396152496,0.5873305797576904,-3.0902024486045443,0.0,0.0,0.0,0.0,0.0,0.0
1772565735549095008,132.499542528,7.1021647453308105,0.23865896463394165,-8.769015312194824,0.014676466584205627,-0.809208869934082,0.0066964030265808105,0.5872995853424072,-3.090343912964644,0.0,0.0,0.0,0.0,0.0,0.0
1772565735650241576,132.600689152,7.0406622886657715,0.2368255853652954,-8.7890043258667,0.01467842049896717,-0.8092248439788818,0.006679183803498745,0.5872776508331299,-3.0902746223045647,0.0,0.0,0.0,0.0,0.0,0.0
1772565735751063666,132.701511168,6.97909688949585,0.23501545190811157,-8.809077262878418,0.014626246877014637,-0.8092480301856995,0.006696407217532396,0.5872469544410706,-3.0906205221961884,0.0,0.0,0.0,0.0,0.0,0.0
1772565735865584518,132.816032256,6.917550563812256,0.23322540521621704,-8.829062461853027,0.014638658612966537,-0.8092530965805054,0.00658687949180603,0.5872408747673035,-3.090143287594746,0.0,0.0,0.0,0.0,0.0,0.0
1772565736013385125,132.963832832,6.843460559844971,0.23040789365768433,-8.853331565856934,0.014652371406555176,-0.8092659711837769,0.0068179406225681305,0.5872201323509216,-3.0909510371723066,0.0,0.0,0.0,0.0,0.0,0.0
1772565736130482758,133.080930304,6.769537448883057,0.22858935594558716,-8.877304077148438,0.01468545664101839,-0.8092949986457825,0.006755818147212267,0.5871800184249878,-3.090554570625558,0.0,0.0,0.0,0.0,0.0,0.0
1772565736216691497,133.167139072,6.708058834075928,0.2268732190132141,-8.897391319274902,0.014647727832198143,-0.8093074560165405,0.006747356615960598,0.5871637463569641,-3.0907237635556073,0.0,0.0,0.0,0.0,0.0,0.0
1772565736313279103,133.263726592,6.634305477142334,0.22481310367584229,-8.921256065368652,0.01451091468334198,-0.8093641996383667,0.006512913852930069,0.5870917439460754,-3.090571324631304,0.0,0.0,0.0,0.0,0.0,0.0
1772565736449925159,133.400372736,6.560470104217529,0.22282201051712036,-8.94517707824707,0.014615284278988838,-0.8093883991241455,0.006446457467973232,0.587056577205658,-3.0897863451128105,0.0,0.0,0.0,0.0,0.0,0.0
1772565736550681141,133.501128704,6.4988884925842285,0.22101229429244995,-8.96515941619873,0.014607593417167664,-0.8094317317008972,0.006449554115533829,0.5869969129562378,-3.0898548657649303,0.0,0.0,0.0,0.0,0.0,0.0
1772565736650607391,133.601054976,6.437280178070068,0.21911472082138062,-8.985210418701172,0.014591366052627563,-0.8094779849052429,0.006513454020023346,0.5869327783584595,-3.0901982706772793,0.0,0.0,0.0,0.0,0.0,0.0
1772565736741667340,133.692114944,6.375796794891357,0.21728044748306274,-9.005271911621094,0.014575328677892685,-0.80951327085495,0.006581418216228485,0.5868837833404541,-3.0905514987001887,0.0,0.0,0.0,0.0,0.0,0.0
1772565736831730830,133.78217856,6.31428861618042,0.2153751254081726,-9.02529239654541,0.014572788029909134,-0.8095600008964539,0.006645437330007553,0.5868186354637146,-3.0908237282581976,0.0,0.0,0.0,0.0,0.0,0.0
1772565736948071627,133.898519296,6.2527174949646,0.2135215401649475,-9.04539966583252,0.014589127153158188,-0.8095791339874268,0.006676461547613144,0.5867915153503418,-3.0908629484548067,0.0,0.0,0.0,0.0,0.0,0.0
1772565737049806500,134.000254208,6.190968036651611,0.21163183450698853,-9.065553665161133,0.014567026868462563,-0.8096322417259216,0.006803660653531551,0.5867171883583069,-3.0914766522678208,0.0,0.0,0.0,0.0,0.0,0.0
1772565737171814327,134.122262016,6.11707067489624,0.2095049023628235,-9.089818000793457,0.014428723603487015,-0.8096686601638794,0.0068631358444690704,0.5866698026657104,-3.0924319290129425,0.0,0.0,0.0,0.0,0.0,0.0
1772565737274055093,134.224502784,6.055551052093506,0.20772165060043335,-9.109953880310059,0.014367368072271347,-0.8097091913223267,0.00692305713891983,0.5866146683692932,-3.0929903260409732,0.0,0.0,0.0,0.0,0.0,0.0
1772565737394522220,134.344969728,5.994073390960693,0.2059568166732788,-9.130017280578613,0.014307063072919846,-0.8097550868988037,0.006894715130329132,0.5865530967712402,-3.0932127144312935,0.0,0.0,0.0,0.0,0.0,0.0
1772565737475947249,134.42639488,5.920321941375732,0.20393747091293335,-9.153959274291992,0.014283031225204468,-0.8097984194755554,0.00669657438993454,0.5864961743354797,-3.0926077217332115,0.0,0.0,0.0,0.0,0.0,0.0
1772565737628383676,134.57883136,5.84640645980835,0.20173746347427368,-9.17790412902832,0.014481797814369202,-0.8098333477973938,0.006637468934059143,0.5864437818527222,-3.0913678205423025,0.0,0.0,0.0,0.0,0.0,0.0
1772565737727370065,134.6778176,5.772529125213623,0.19905918836593628,-9.20228099822998,0.014535369351506233,-0.8098850250244141,0.007106355391442776,0.5863655805587769,-3.092869714371568,0.0,0.0,0.0,0.0,0.0,0.0
1772565737825870519,134.776318208,5.711057186126709,0.1971105933189392,-9.222525596618652,0.014588220044970512,-0.8098853826522827,0.007212135009467602,0.586362361907959,-3.092993142000049,0.0,0.0,0.0,0.0,0.0,0.0
1772565737941412718,134.891860224,5.6375555992126465,0.1953369379043579,-9.246926307678223,0.014316019602119923,-0.8099063038825989,0.007291812915354967,0.5863392949104309,-3.094709771947957,0.0,0.0,0.0,0.0,0.0,0.0
1772565738045860273,134.996307968,5.5761494636535645,0.19355982542037964,-9.267156600952148,0.014242511242628098,-0.8099225759506226,0.007317718118429184,0.58631831407547,-3.0951932034201595,0.0,0.0,0.0,0.0,0.0,0.0
1772565738151150988,135.10159872,5.514745235443115,0.1917872428894043,-9.287358283996582,0.014219049364328384,-0.8099376559257507,0.007365822792053223,0.5862974524497986,-3.095500171084229,0.0,0.0,0.0,0.0,0.0,0.0
1772565738249860304,135.200307968,5.453418254852295,0.18998414278030396,-9.307540893554688,0.014181748032569885,-0.8099526166915894,0.007392566651105881,0.5862772464752197,-3.0957985328275757,0.0,0.0,0.0,0.0,0.0,0.0
1772565738350538746,135.300986368,5.379638195037842,0.18778890371322632,-9.331607818603516,0.014349334873259068,-0.8099663853645325,0.007370107341557741,0.5862545371055603,-3.0948507701160786,0.0,0.0,0.0,0.0,0.0,0.0
1772565738481183612,135.431631104,5.305709362030029,0.18508702516555786,-9.355775833129883,0.014538753777742386,-0.8099735975265503,0.007409118115901947,0.5862392783164978,-3.0940186258259867,0.0,0.0,0.0,0.0,0.0,0.0
1772565738580924805,135.531372544,5.244335651397705,0.18321287631988525,-9.375961303710938,0.01452743262052536,-0.8099877834320068,0.0074446313083171844,0.5862194895744324,-3.0942151576128354,0.0,0.0,0.0,0.0,0.0,0.0
1772565738735409516,135.685857024,5.1708903312683105,0.1813144087791443,-9.400569915771484,0.014163453131914139,-0.8100022077560425,0.007652491331100464,0.5862058401107788,-3.0968837527366975,0.0,0.0,0.0,0.0,0.0,0.0
1772565738843408591,135.793856256,5.097325801849365,0.17922472953796387,-9.424731254577637,0.014098037965595722,-0.8100156188011169,0.007513817865401506,0.5861907005310059,-3.0967065612758784,0.0,0.0,0.0,0.0,0.0,0.0
1772565738932812045,135.883259648,5.035922527313232,0.17723137140274048,-9.444806098937988,0.014184389263391495,-0.8100163340568542,0.007405191659927368,0.5861890316009521,-3.09585248623377,0.0,0.0,0.0,0.0,0.0,0.0
1772565739017936661,135.968384256,4.974477291107178,0.17528432607650757,-9.464871406555176,0.014309994876384735,-0.8100212812423706,0.007371231913566589,0.5861795544624329,-3.095076579391664,0.0,0.0,0.0,0.0,0.0,0.0
1772565739142778672,136.09322624,4.900696277618408,0.17298561334609985,-9.489102363586426,0.014561530202627182,-0.80999755859375,0.007535319775342941,0.5862041115760803,-3.094381939020263,0.0,0.0,0.0,0.0,0.0,0.0
1772565739236950894,136.1873984,4.8392252922058105,0.1711621880531311,-9.509451866149902,0.014568433165550232,-0.8099797964096069,0.007607791572809219,0.586227536201477,-3.0946121479662785,0.0,0.0,0.0,0.0,0.0,0.0
1772565739338547739,136.288995328,4.7776923179626465,0.16923701763153076,-9.529828071594238,0.014536544680595398,-0.8099538087844849,0.007667139172554016,0.5862634778022766,-3.0949914766127113,0.0,0.0,0.0,0.0,0.0,0.0
1772565739451576255,136.402023936,4.700503826141357,0.1670602560043335,-9.55552864074707,0.014318084344267845,-0.8092790842056274,0.007579370401799679,0.5872008204460144,-3.095578895514832,0.0,0.0,0.0,0.0,0.0,0.0
1772565739562770005,136.513217536,4.620700359344482,0.16475975513458252,-9.579328536987305,0.014691270887851715,-0.8077086210250854,0.00741206482052803,0.5893523097038269,-3.092448657928786,0.0,0.0,0.0,0.0,0.0,0.0
1772565739723266772,136.673714432,4.492038249969482,0.16060316562652588,-9.615471839904785,0.014524608850479126,-0.8044589757919312,0.008223827928304672,0.5937736630439758,-3.0954274550253285,0.0,0.0,0.0,0.0,0.0,0.0
1772565739837222562,136.787670272,4.355454921722412,0.15677255392074585,-9.65186595916748,0.014686103910207748,-0.8007751703262329,0.007917426526546478,0.5987326502799988,-3.091954278355913,0.0,0.0,0.0,0.0,0.0,0.0
1772565739950277865,136.900725504,4.238828182220459,0.15307259559631348,-9.682455062866211,0.014759868383407593,-0.7976324558258057,0.008224982768297195,0.6029070615768433,-3.0916357903185987,0.0,0.0,0.0,0.0,0.0,0.0
1772565740050314862,137.000762368,4.140639781951904,0.14938205480575562,-9.7073974609375,0.014812059700489044,-0.7950900793075562,0.008251164108514786,0.6062543392181396,-3.090406260567092,0.0,0.0,0.0,0.0,0.0,0.0
1772565740182936795,137.133384448,4.0441813468933105,0.1460222601890564,-9.729598045349121,0.015557237900793552,-0.7924055457115173,0.008244273252785206,0.6097405552864075,-3.0846057689992072,0.0,0.0,0.0,0.0,0.0,0.0
1772565740282242495,137.232690176,3.952826976776123,0.14259964227676392,-9.751823425292969,0.015898436307907104,-0.7895963788032532,0.008011944591999054,0.6133683323860168,-3.079829788867041,0.0,0.0,0.0,0.0,0.0,0.0
1772565740383192661,137.333640192,3.869626522064209,0.13978129625320435,-9.772829055786133,0.0158073790371418,-0.7870540022850037,0.00830930843949318,0.6166256666183472,-3.0804462371747356,0.0,0.0,0.0,0.0,0.0,0.0
1772565740483669604,137.43411712,3.779146671295166,0.13718849420547485,-9.795668601989746,0.014911424368619919,-0.7843228578567505,0.008555900305509567,0.6201145052909851,-3.086200055306214,0.0,0.0,0.0,0.0,0.0,0.0
1772565740584494591,137.534942208,3.6985201835632324,0.1339714527130127,-9.812474250793457,0.015900669619441032,-0.7817471027374268,0.008489164523780346,0.6233349442481995,-3.0774839431529255,0.0,0.0,0.0,0.0,0.0,0.0
1772565740723391462,137.673839104,3.5985970497131348,0.13085013628005981,-9.83307933807373,0.01580972597002983,-0.7783274054527283,0.00852423906326294,0.6276017427444458,-3.0759878291921408,0.0,0.0,0.0,0.0,0.0,0.0
1772565740792405447,137.74285312,3.5176243782043457,0.12826865911483765,-9.85079288482666,0.015373561531305313,-0.7757613658905029,0.008830823004245758,0.6307773590087891,-3.0792891938940117,0.0,0.0,0.0,0.0,0.0,0.0
1772565740898781963,137.849229568,3.435333728790283,0.12514477968215942,-9.866177558898926,0.01586996577680111,-0.7733767628669739,0.008824523538351059,0.6336865425109863,-3.0736505860190326,0.0,0.0,0.0,0.0,0.0,0.0
1772565740995994275,137.946441984,3.370948314666748,0.12266862392425537,-9.879891395568848,0.01550973579287529,-0.7732421159744263,0.00905065517872572,0.6338565349578857,-3.0778332395067265,0.0,0.0,0.0,0.0,0.0,0.0
1772565741140822045,138.091269632,3.294839382171631,0.11982274055480957,-9.89559555053711,0.015139822848141193,-0.7732065320014954,0.009080142714083195,0.6339085698127747,-3.08090771875119,0.0,0.0,0.0,0.0,0.0,0.0
1772565741244529546,138.19497728,3.2314305305480957,0.11771184206008911,-9.908390998840332,0.015134366229176521,-0.7731646299362183,0.009031910449266434,0.6339604258537292,-3.080610010989796,0.0,0.0,0.0,0.0,0.0,0.0
1772565741325509215,138.275956736,3.1680850982666016,0.11564534902572632,-9.92114543914795,0.01510100718587637,-0.7731341123580933,0.008985121734440327,0.6339991688728333,-3.080548961421924,0.0,0.0,0.0,0.0,0.0,0.0
1772565741426429572,138.376877312,3.104179859161377,0.11347401142120361,-9.934049606323242,0.015350989997386932,-0.772803783416748,0.008811835199594498,0.6343982219696045,-3.077212320270327,0.0,0.0,0.0,0.0,0.0,0.0
1772565741531424952,138.48187264,3.0379624366760254,0.11154705286026001,-9.94599437713623,0.0157298743724823,-0.7716124057769775,0.008751828223466873,0.6358382701873779,-3.0728507228995947,0.0,0.0,0.0,0.0,0.0,0.0
1772565741636635240,138.587082752,2.9512810707092285,0.10875272750854492,-9.962559700012207,0.01571161299943924,-0.7691670060157776,0.009067916311323643,0.6387903690338135,-3.073081192040455,0.0,0.0,0.0,0.0,0.0,0.0
1772565741747991281,138.698438912,2.8700146675109863,0.10621559619903564,-9.977505683898926,0.01597050577402115,-0.7665165662765503,0.008859377354383469,0.641964852809906,-3.0669338069434877,0.0,0.0,0.0,0.0,0.0,0.0
1772565741848902228,138.79934976,2.774777889251709,0.10274618864059448,-9.997297286987305,0.015601953491568565,-0.7634806036949158,0.008747313171625137,0.6455830931663513,-3.0662386681904095,0.0,0.0,0.0,0.0,0.0,0.0
1772565741949719773,138.900167424,2.7043089866638184,0.10007292032241821,-10.009989738464355,0.015341296792030334,-0.7623459100723267,0.009189683943986893,0.6469226479530334,-3.070941774069289,0.0,0.0,0.0,0.0,0.0,0.0
1772565742067358562,139.01780608,2.6401896476745605,0.09788781404495239,-10.02076244354248,0.015249239280819893,-0.7623060941696167,0.009222619235515594,0.6469712853431702,-3.0720237974932534,0.0,0.0,0.0,0.0,0.0,0.0
1772565742201461615,139.15190912,2.5762715339660645,0.0957266092300415,-10.0313081741333,0.015239072032272816,-0.7622948884963989,0.009218149818480015,0.6469847559928894,-3.0720723153811864,0.0,0.0,0.0,0.0,0.0,0.0
1772565742308348950,139.258796544,2.4997315406799316,0.09289628267288208,-10.044059753417969,0.015130100771784782,-0.7622714042663574,0.009221553802490234,0.6470149755477905,-3.0730954412567075,0.0,0.0,0.0,0.0,0.0,0.0
1772565742370460025,139.32090752,2.435901165008545,0.09068113565444946,-10.05466365814209,0.015078991651535034,-0.7622561454772949,0.009239356964826584,0.6470339298248291,-3.0737004824924123,0.0,0.0,0.0,0.0,0.0,0.0
1772565742476020179,139.42646784,2.3720288276672363,0.08840179443359375,-10.065349578857422,0.0152541883289814,-0.7620733976364136,0.009012177586555481,0.6472481489181519,-3.0700683474360453,0.0,0.0,0.0,0.0,0.0,0.0
1772565742580371533,139.530819072,2.3084378242492676,0.086581289768219,-10.075225830078125,0.015299375168979168,-0.7612160444259644,0.009169449098408222,0.6482529640197754,-3.070022355554607,0.0,0.0,0.0,0.0,0.0,0.0
1772565742714954132,139.665401856,2.2409558296203613,0.08414191007614136,-10.08471393585205,0.015474459156394005,-0.7598049640655518,0.009183451533317566,0.6499021053314209,-3.0669238510987187,0.0,0.0,0.0,0.0,0.0,0.0
1772565742787044453,139.737491968,2.168517589569092,0.08169764280319214,-10.094332695007324,0.01583731919527054,-0.7579545974731445,0.008820652961730957,0.6520553827285767,-3.0579453892807726,0.0,0.0,0.0,0.0,0.0,0.0
1772565742883565539,139.834013184,2.090789318084717,0.07864892482757568,-10.106330871582031,0.015247788280248642,-0.7572339177131653,0.009283337742090225,0.6528998017311096,-3.067093436801963,0.0,0.0,0.0,0.0,0.0,0.0
1772565742995750264,139.94619776,2.026803970336914,0.07646256685256958,-10.116021156311035,0.015156658366322517,-0.7572196125984192,0.009327485226094723,0.6529178023338318,-3.068401935070101,0.0,0.0,0.0,0.0,0.0,0.0
1772565743126373257,140.076820992,1.9626808166503906,0.07428699731826782,-10.125633239746094,0.015181493014097214,-0.7572116851806641,0.009418833069503307,0.6529251337051392,-3.0689472556631934,0.0,0.0,0.0,0.0,0.0,0.0
1772565743225438305,140.175885824,1.8986353874206543,0.07218682765960693,-10.135196685791016,0.015147063881158829,-0.7572073936462402,0.009393405169248581,0.6529313325881958,-3.069070266605397,0.0,0.0,0.0,0.0,0.0,0.0
1772565743315917984,140.266365696,1.8344955444335938,0.07003593444824219,-10.144782066345215,0.015198923647403717,-0.7571985721588135,0.009466882795095444,0.6529393792152405,-3.069179274149881,0.0,0.0,0.0,0.0,0.0,0.0
1772565743445393038,140.395840768,1.757430076599121,0.06762129068374634,-10.156299591064453,0.015202023088932037,-0.7571976184844971,0.009536661207675934,0.6529393792152405,-3.0697647339396275,0.0,0.0,0.0,0.0,0.0,0.0
1772565743533917560,140.484365056,1.6930656433105469,0.06534528732299805,-10.166133880615234,0.015261106193065643,-0.7571945190429688,0.0099569670855999,0.6529353857040405,-3.072880390773256,0.0,0.0,0.0,0.0,0.0,0.0
1772565743635045427,140.585492992,1.6288995742797852,0.06309181451797485,-10.17568302154541,0.015352213755249977,-0.7571901679039001,0.010046236217021942,0.6529368162155151,-3.0727320086607772,0.0,0.0,0.0,0.0,0.0,0.0
1772565743735810753,140.686258432,1.5520410537719727,0.05998307466506958,-10.18679141998291,0.015408793464303017,-0.7571825981140137,0.009600777179002762,0.6529509425163269,-3.0681942943531353,0.0,0.0,0.0,0.0,0.0,0.0
1772565743849412929,140.79986048,1.4879631996154785,0.057608723640441895,-10.196257591247559,0.01549849659204483,-0.7571788430213928,0.009589205496013165,0.6529532670974731,-3.067166967779548,0.0,0.0,0.0,0.0,0.0,0.0
1772565743949929287,140.900376832,1.4239401817321777,0.05525487661361694,-10.205777168273926,0.015521371737122536,-0.7571732997894287,0.009578008204698563,0.652959406375885,-3.0668265274697606,0.0,0.0,0.0,0.0,0.0,0.0
1772565744049829879,141.000277504,1.3471903800964355,0.052668750286102295,-10.217432022094727,0.015490612015128136,-0.7571707963943481,0.009864725172519684,0.6529588103294373,-3.069681107632938,0.0,0.0,0.0,0.0,0.0,0.0
1772565744149440941,141.09988864,1.283149242401123,0.05044281482696533,-10.227039337158203,0.015506397932767868,-0.7571630477905273,0.00995851680636406,0.6529660224914551,-3.070342195989264,0.0,0.0,0.0,0.0,0.0,0.0
1772565744249748677,141.200196352,1.2191157341003418,0.048185110092163086,-10.23655891418457,0.0156350526958704,-0.7571611404418945,0.010098062455654144,0.652962863445282,-3.0702567602325797,0.0,0.0,0.0,0.0,0.0,0.0
1772565744386133828,141.336581376,1.1549839973449707,0.04595130681991577,-10.24612808227539,0.015665292739868164,-0.7571617364883423,0.010172255337238312,0.6529604196548462,-3.0706049541865976,0.0,0.0,0.0,0.0,0.0,0.0
1772565744489094551,141.439542272,1.0909366607666016,0.04368668794631958,-10.255744934082031,0.015659183263778687,-0.7571626305580139,0.010296192020177841,0.652957558631897,-3.071767880571797,0.0,0.0,0.0,0.0,0.0,0.0
1772565744588487454,141.53893504,1.0268454551696777,0.04141658544540405,-10.265338897705078,0.015661047771573067,-0.7571598291397095,0.010380498133599758,0.6529593467712402,-3.0724935929802286,0.0,0.0,0.0,0.0,0.0,0.0
1772565744684729504,141.635177216,0.9628434181213379,0.03910261392593384,-10.274913787841797,0.015630966052412987,-0.7571611404418945,0.010430850088596344,0.6529578566551208,-3.073250592524191,0.0,0.0,0.0,0.0,0.0,0.0
1772565744813395376,141.763843072,0.8858928680419922,0.03624087572097778,-10.286333084106445,0.01567237079143524,-0.7571612000465393,0.010450427420437336,0.652956485748291,-3.0729990857652654,0.0,0.0,0.0,0.0,0.0,0.0
1772565744916411611,141.866859264,0.8218846321105957,0.03380858898162842,-10.295751571655273,0.015679199248552322,-0.75715571641922,0.010278087109327316,0.6529653668403625,-3.0713943719876546,0.0,0.0,0.0,0.0,0.0,0.0
1772565744987870886,141.938318592,0.745030403137207,0.03072303533554077,-10.306917190551758,0.01584530621767044,-0.7571384906768799,0.010036767460405827,0.6529850363731384,-3.0675288866514583,0.0,0.0,0.0,0.0,0.0,0.0
1772565745139616889,142.090064384,0.6808633804321289,0.028361022472381592,-10.316411972045898,0.015924928709864616,-0.7571331858634949,0.01004975289106369,0.6529891490936279,-3.0668204095864127,0.0,0.0,0.0,0.0,0.0,0.0
1772565745250159790,142.200607488,0.6041278839111328,0.02568817138671875,-10.328289031982422,0.015632640570402145,-0.7571424841880798,0.010407403111457825,0.652979850769043,-3.073006087683046,0.0,0.0,0.0,0.0,0.0,0.0
1772565745340809924,142.2912576,0.5401196479797363,0.023442864418029785,-10.337732315063477,0.01563233695924282,-0.7571479082107544,0.010318695567548275,0.6529750227928162,-3.0722276893235017,0.0,0.0,0.0,0.0,0.0,0.0
1772565745443295652,142.39374336,0.4760866165161133,0.02123391628265381,-10.347253799438477,0.01564098708331585,-0.7571540474891663,0.01036297157406807,0.6529667973518372,-3.0725380940684714,0.0,0.0,0.0,0.0,0.0,0.0
1772565745550134511,142.500582144,0.41194820404052734,0.018947184085845947,-10.356761932373047,0.01562143862247467,-0.7571618556976318,0.010326981544494629,0.652958869934082,-3.07242777043976,0.0,0.0,0.0,0.0,0.0,0.0
1772565745646534823,142.596982528,0.33495378494262695,0.016254127025604248,-10.368181228637695,0.015621718019247055,-0.757172703742981,0.010333426296710968,0.6529461741447449,-3.07249342383332,0.0,0.0,0.0,0.0,0.0,0.0
1772565745743822548,142.694270208,0.27082347869873047,0.013878464698791504,-10.377723693847656,0.015604796819388866,-0.7571859955787659,0.010375925339758396,0.6529305577278137,-3.0730578363491725,0.0,0.0,0.0,0.0,0.0,0.0
1772565745843312937,142.793760512,0.20673894882202148,0.011474668979644775,-10.387243270874023,0.01559513434767723,-0.7571954727172852,0.010379508137702942,0.6529197096824646,-3.0731985645173134,0.0,0.0,0.0,0.0,0.0,0.0
1772565745950413733,142.90086144,0.12965106964111328,0.008296668529510498,-10.398500442504883,0.01583098992705345,-0.757198691368103,0.01036676112562418,0.6529105305671692,-3.0706686997357364,0.0,0.0,0.0,0.0,0.0,0.0
1772565746098345839,143.048793344,0.06549835205078125,0.005880951881408691,-10.407978057861328,0.015857482329010963,-0.757220447063446,0.010382182896137238,0.6528843641281128,-3.0705570833054843,0.0,0.0,0.0,0.0,0.0,0.0
1772565746199505507,143.149953024,0.0014777183532714844,0.003515183925628662,-10.417469024658203,0.015819409862160683,-0.7572508454322815,0.010408095084130764,0.6528496742248535,-3.0712095210699655,0.0,0.0,0.0,0.0,0.0,0.0
1772565746299393600,143.249841152,-0.07532358169555664,0.0009717345237731934,-10.4290771484375,0.015506548807024956,-0.7573057413101196,0.01048457995057106,0.65279221534729,-3.075148646691602,0.0,0.0,0.0,0.0,0.0,0.0
1772565746401447200,143.351894784,-0.1395702362060547,-0.001329958438873291,-10.438699722290039,0.015427632257342339,-0.7573374509811401,0.010587453842163086,0.6527555584907532,-3.0768972949407254,0.0,0.0,0.0,0.0,0.0,0.0
1772565746521488950,143.471936512,-0.2037973403930664,-0.0034969449043273926,-10.448312759399414,0.015390768647193909,-0.757377564907074,0.010747014544904232,0.6527072787284851,-3.078721962550479,0.0,0.0,0.0,0.0,0.0,0.0
1772565746597155048,143.547602688,-0.2805595397949219,-0.006209909915924072,-10.459312438964844,0.015499664470553398,-0.7574113607406616,0.010342024266719818,0.6526720523834229,-3.0740654410803363,0.0,0.0,0.0,0.0,0.0,0.0
1772565746727579519,143.678027008,-0.3445253372192383,-0.00858449935913086,-10.468820571899414,0.015457121655344963,-0.7574646472930908,0.01042197272181511,0.6526100635528564,-3.075258331836972,0.0,0.0,0.0,0.0,0.0,0.0
1772565746810623557,143.761071104,-0.421628475189209,-0.011770009994506836,-10.480125427246094,0.015587767586112022,-0.7575441598892212,0.010572627186775208,0.6525121927261353,-3.0753296188336545,0.0,0.0,0.0,0.0,0.0,0.0
1772565746926602909,143.877050624,-0.4871969223022461,-0.014181673526763916,-10.489395141601562,0.015479197725653648,-0.757879376411438,0.010439716279506683,0.6521275639533997,-3.075594819692283,0.0,0.0,0.0,0.0,0.0,0.0
1772565747037203409,143.987651072,-0.5726876258850098,-0.016695916652679443,-10.503440856933594,0.015022709965705872,-0.7590469121932983,0.011157192289829254,0.6507670879364014,-3.0873409156084786,0.0,0.0,0.0,0.0,0.0,0.0
1772565747147574742,144.0980224,-0.6418299674987793,-0.02000182867050171,-10.51300048828125,0.014795621857047081,-0.7605591416358948,0.012279748916625977,0.6489839553833008,-3.0998415654721807,0.0,0.0,0.0,0.0,0.0,0.0
1772565747251169481,144.201617152,-0.7118639945983887,-0.022932827472686768,-10.520515441894531,0.014739630743861198,-0.7625396251678467,0.011882135644555092,0.6466644406318665,-3.0980484408716586,0.0,0.0,0.0,0.0,0.0,0.0
1772565747371842506,144.322290176,-0.7748913764953613,-0.024755358695983887,-10.531183242797852,0.015108443796634674,-0.7651833295822144,0.011759858578443527,0.6435278058052063,-3.0950038406085953,0.0,0.0,0.0,0.0,0.0,0.0
1772565747476431844,144.426879488,-0.821864128112793,-0.026263833045959473,-10.538053512573242,0.014672769233584404,-0.7670546770095825,0.012584716081619263,0.6412904858589172,-3.105639413440568,0.0,0.0,0.0,0.0,0.0,0.0
1772565747579497242,144.529944832,-0.866227388381958,-0.02861320972442627,-10.545087814331055,0.014975639060139656,-0.7693556547164917,0.011684469878673553,0.6385383009910583,-3.0975055733943493,0.0,0.0,0.0,0.0,0.0,0.0
1772565747699824532,144.650272256,-0.9128818511962891,-0.030461370944976807,-10.554367065429688,0.014988001435995102,-0.7734442353248596,0.012105397880077362,0.6335715651512146,-3.101733268860093,0.0,0.0,0.0,0.0,0.0,0.0
1772565747804495949,144.754943488,-0.9424428939819336,-0.031375885009765625,-10.554553985595703,0.014896035194396973,-0.7789064645767212,0.01217779889702797,0.6268450021743774,-3.104461723026146,0.0,0.0,0.0,0.0,0.0,0.0
1772565747900448723,144.850896384,-0.9575695991516113,-0.03237193822860718,-10.55479621887207,0.014846790581941605,-0.7866490483283997,0.012546580284833908,0.6170943975448608,-3.108515269316874,0.0,0.0,0.0,0.0,0.0,0.0
1772565748050384771,145.000832512,-0.9818115234375,-0.03278779983520508,-10.552526473999023,0.015782281756401062,-0.7963510751724243,0.010039832442998886,0.6045454144477844,-3.093232236079325,0.0,0.0,0.0,0.0,0.0,0.0
1772565748149662115,145.100109824,-1.0200810432434082,-0.0340542197227478,-10.564399719238281,0.015794023871421814,-0.8068658113479614,0.011836860328912735,0.5904049873352051,-3.1035411776341904,0.0,0.0,0.0,0.0,0.0,0.0
1772565748249397466,145.19984512,-1.049070119857788,-0.03523373603820801,-10.57564926147461,0.015665309503674507,-0.8187007904052734,0.010875911451876163,0.5739036798477173,-3.1029740099865855,0.0,0.0,0.0,0.0,0.0,0.0
1772565748335885190,145.286332928,-1.0790362358093262,-0.036113739013671875,-10.602241516113281,0.016305886209011078,-0.831546425819397,0.010318189859390259,0.555120050907135,-3.100737260726024,0.0,0.0,0.0,0.0,0.0,0.0
1772565748436053691,145.386501376,-1.113497257232666,-0.03738582134246826,-10.635978698730469,0.01636260747909546,-0.847661018371582,0.009965524077415466,0.5301922559738159,-3.102339354735631,0.0,0.0,0.0,0.0,0.0,0.0
1772565748536350148,145.486797824,-1.1470441818237305,-0.03843265771865845,-10.66323471069336,0.01616382785141468,-0.8611268997192383,0.01015025470405817,0.5080316066741943,-3.105346476963635,0.0,0.0,0.0,0.0,0.0,0.0
1772565748649363294,145.599810816,-1.1743950843811035,-0.04045218229293823,-10.687118530273438,0.016522742807865143,-0.8741135597229004,0.00880315899848938,0.48536068201065063,-3.103110926099929,0.0,0.0,0.0,0.0,0.0,0.0
1772565748791665797,145.742113536,-1.2058634757995605,-0.0416141152381897,-10.72443962097168,0.016794711351394653,-0.8893636465072632,0.00897938758134842,0.4568036198616028,-3.1043830662684337,0.0,0.0,0.0,0.0,0.0,0.0
1772565748933418933,145.883866624,-1.2530665397644043,-0.043390095233917236,-10.758642196655273,0.01739411987364292,-0.9064393639564514,0.007628947962075472,0.42190873622894287,-3.1026059996366016,0.0,0.0,0.0,0.0,0.0,0.0
1772565749038797714,145.98924544,-1.2824420928955078,-0.043673813343048096,-10.806880950927734,0.017080651596188545,-0.9205074906349182,0.00786298606544733,0.39027222990989685,-3.105182979147399,0.0,0.0,0.0,0.0,0.0,0.0
1772565749149349227,146.099796736,-1.3041496276855469,-0.04499173164367676,-10.850616455078125,0.017646966502070427,-0.9313369989395142,0.006747632287442684,0.3636681139469147,-3.1035596275691066,0.0,0.0,0.0,0.0,0.0,0.0
1772565749234843600,146.185291264,-1.3221228122711182,-0.04543691873550415,-10.88983154296875,0.01795823872089386,-0.9412551522254944,0.006533920764923096,0.33715516328811646,-3.1035276576691095,0.0,0.0,0.0,0.0,0.0,0.0
1772565749332500173,146.28294784,-1.3423266410827637,-0.04595541954040527,-10.947702407836914,0.017773883417248726,-0.9523170590400696,0.005966142285615206,0.3045337498188019,-3.104480504475848,0.0,0.0,0.0,0.0,0.0,0.0
1772565749435101943,146.385549568,-1.35490083694458,-0.046968162059783936,-10.99355697631836,0.018382370471954346,-0.9605357050895691,0.004983827471733093,0.27750375866889954,-3.1031075819920195,0.0,0.0,0.0,0.0,0.0,0.0
1772565749550454669,146.5009024,-1.3673005104064941,-0.04728609323501587,-11.052017211914062,0.017835333943367004,-0.9694269895553589,0.004659548401832581,0.24468670785427094,-3.104888947371215,0.0,0.0,0.0,0.0,0.0,0.0
1772565749664857151,146.615304704,-1.3769593238830566,-0.04800248146057129,-11.099353790283203,0.01826004683971405,-0.9758555293083191,0.003972113132476807,0.21761639416217804,-3.1041253322990947,0.0,0.0,0.0,0.0,0.0,0.0
1772565749805365382,146.75581312,-1.386641263961792,-0.0480806827545166,-11.15616226196289,0.017770826816558838,-0.9826008677482605,0.003536015748977661,0.18484406173229218,-3.105502196671192,0.0,0.0,0.0,0.0,0.0,0.0
1772565749918450265,146.868897792,-1.3900117874145508,-0.048075318336486816,-11.20119857788086,0.018165426328778267,-0.9873132109642029,0.0030325057450681925,0.15771353244781494,-3.104842517518014,0.0,0.0,0.0,0.0,0.0,0.0
1772565749988182240,146.938629888,-1.3979549407958984,-0.0484735369682312,-11.258428573608398,0.018784329295158386,-0.9920060634613037,0.0020728260278701782,0.12476733326911926,-3.103651162928759,0.0,0.0,0.0,0.0,0.0,0.0
1772565750094179500,147.0446272,-1.4038043022155762,-0.04853463172912598,-11.313514709472656,0.018776314333081245,-0.9952107071876526,0.0014502854319289327,0.09592211991548538,-3.1037935415762625,0.0,0.0,0.0,0.0,0.0,0.0
1772565750202592952,147.15304064,-1.4012115001678467,-0.04844808578491211,-11.369665145874023,0.018362076953053474,-0.9976206421852112,0.000873848854098469,0.06644611805677414,-3.104738257889732,0.0,0.0,0.0,0.0,0.0,0.0
1772565750308001540,147.258449152,-1.39457368850708,-0.048283159732818604,-11.435258865356445,0.01904948055744171,-0.9992533922195435,0.0005276203155517578,0.03360898792743683,-3.1034622280876434,0.0,0.0,0.0,0.0,0.0,0.0
1772565750422339692,147.3727872,-1.3873229026794434,-0.04775112867355347,-11.497430801391602,0.019056202843785286,-0.9997743368148804,9.09864975255914e-05,0.009386495687067509,-3.1034746094307963,0.0,0.0,0.0,0.0,0.0,0.0
1772565750552600693,147.503048192,-1.3743157386779785,-0.04727053642272949,-11.567235946655273,0.019135966897010803,-0.9997292757034302,-0.00048676133155822754,-0.013227313756942749,-3.1033212138905935,0.0,0.0,0.0,0.0,0.0,0.0
1772565750644317024,147.594764544,-1.3586606979370117,-0.04666334390640259,-11.656007766723633,0.01893717050552368,-0.9991030097007751,-0.0009922385215759277,-0.0378628671169281,-3.1037097040686596,0.0,0.0,0.0,0.0,0.0,0.0
1772565750724277016,147.674724608,-1.343998670578003,-0.046214520931243896,-11.731792449951172,0.01913684606552124,-0.9982066750526428,-0.001264721155166626,-0.05670732259750366,-3.1032751723364016,0.0,0.0,0.0,0.0,0.0,0.0
1772565750849141547,147.79958912,-1.327258825302124,-0.045461416244506836,-11.807456970214844,0.019101619720458984,-0.9970294833183289,-0.0017074048519134521,-0.07459515333175659,-3.103322266141453,0.0,0.0,0.0,0.0,0.0,0.0
1772565750950720543,147.901168128,-1.3092734813690186,-0.04463917016983032,-11.883304595947266,0.019170314073562622,-0.9956170320510864,-0.0020200610160827637,-0.09151625633239746,-3.103136020195035,0.0,0.0,0.0,0.0,0.0,0.0
1772565751049595693,148.000043264,-1.2948083877563477,-0.04396313428878784,-11.976190567016602,0.018960652872920036,-0.9935098886489868,-0.0023386774118989706,-0.11213058233261108,-3.1034739818573196,0.0,0.0,0.0,0.0,0.0,0.0
1772565751190342702,148.140790272,-1.2846910953521729,-0.043821632862091064,-12.05183219909668,0.01904284954071045,-0.9914124608039856,-0.002721041440963745,-0.12935009598731995,-3.1032450952405317,0.0,0.0,0.0,0.0,0.0,0.0
1772565751302410984,148.252858624,-1.2724089622497559,-0.04351961612701416,-12.139892578125,0.01931530237197876,-0.9883484244346619,-0.002945631742477417,-0.15094950795173645,-3.102510230761926,0.0,0.0,0.0,0.0,0.0,0.0
1772565751405398698,148.3558464,-1.2593765258789062,-0.04321718215942383,-12.208951950073242,0.018954813480377197,-0.985278308391571,-0.002819836139678955,-0.16988059878349304,-3.1029596886956448,0.0,0.0,0.0,0.0,0.0,0.0
1772565751494089054,148.444536576,-1.24322509765625,-0.04265028238296509,-12.278032302856445,0.01908060722053051,-0.9816943407058716,-0.0033153886906802654,-0.18947649002075195,-3.102574772187496,0.0,0.0,0.0,0.0,0.0,0.0
1772565751595218879,148.54566656,-1.2247540950775146,-0.041468918323516846,-12.35688591003418,0.019176840782165527,-0.9768965244293213,-0.003633171319961548,-0.21282000839710236,-3.102082089197084,0.0,0.0,0.0,0.0,0.0,0.0
1772565751716441619,148.666889216,-1.2008051872253418,-0.040689051151275635,-12.429210662841797,0.01901102066040039,-0.9717562794685364,-0.004357874393463135,-0.23517966270446777,-3.102341955583795,0.0,0.0,0.0,0.0,0.0,0.0
1772565751845586474,148.796034048,-1.1791164875030518,-0.0395505428314209,-12.487565994262695,0.019229533150792122,-0.9672626256942749,-0.004046380985528231,-0.2530156373977661,-3.1012663365300543,0.0,0.0,0.0,0.0,0.0,0.0
1772565751944854724,148.8953024,-1.1465020179748535,-0.03869110345840454,-12.547786712646484,0.01872125267982483,-0.9625610113143921,-0.004924684762954712,-0.2703731954097748,-3.1024872326829387,0.0,0.0,0.0,0.0,0.0,0.0
1772565752046432505,148.996880128,-1.1139397621154785,-0.037151217460632324,-12.616987228393555,0.019112763926386833,-0.9572062492370605,-0.0045931036584079266,-0.2887382209300995,-3.1008511381427932,0.0,0.0,0.0,0.0,0.0,0.0
1772565752149651931,149.100099584,-1.0778462886810303,-0.03599733114242554,-12.690494537353516,0.019214719533920288,-0.9510988593101501,-0.004500985145568848,-0.308255672454834,-3.099878715226401,0.0,0.0,0.0,0.0,0.0,0.0
1772565752276148530,149.226596096,-1.0400285720825195,-0.03476428985595703,-12.75718879699707,0.01925620436668396,-0.9457684755325317,-0.0047338902950286865,-0.3242356777191162,-3.0993440515077113,0.0,0.0,0.0,0.0,0.0,0.0
1772565752365797013,149.316244736,-0.9990601539611816,-0.033599257469177246,-12.825265884399414,0.019494563341140747,-0.9414364099502563,-0.0047425031661987305,-0.3365933895111084,-3.0982454721447463,0.0,0.0,0.0,0.0,0.0,0.0
1772565752484308535,149.434756096,-0.9460883140563965,-0.03204178810119629,-12.90123176574707,0.019640952348709106,-0.9380325675010681,-0.004575580358505249,-0.34595993161201477,-3.0972949035275077,0.0,0.0,0.0,0.0,0.0,0.0
1772565752594645039,149.545092608,-0.8911192417144775,-0.02973008155822754,-12.971878051757812,0.019452599808573723,-0.9363396167755127,-0.004756420385092497,-0.3505239188671112,-3.097701011934575,0.0,0.0,0.0,0.0,0.0,0.0
1772565752711665885,149.662113536,-0.8470404148101807,-0.0280420184135437,-13.023111343383789,0.01989126391708851,-0.9363391995429993,-0.004688948858529329,-0.35050156712532043,-3.0965498891626524,0.0,0.0,0.0,0.0,0.0,0.0
1772565752843790947,149.794238464,-0.7948946952819824,-0.02640742063522339,-13.08234977722168,0.019915997982025146,-0.9363896250724792,-0.00517040491104126,-0.3503585159778595,-3.096942669061633,0.0,0.0,0.0,0.0,0.0,0.0
1772565752947471416,149.897918976,-0.7427854537963867,-0.02457749843597412,-13.142122268676758,0.0200575590133667,-0.9364577531814575,-0.00474432110786438,-0.35017451643943787,-3.096205216830798,0.0,0.0,0.0,0.0,0.0,0.0
1772565753049772220,150.000219904,-0.699458122253418,-0.0230368971824646,-13.191673278808594,0.020049452781677246,-0.9365040063858032,-0.004644185304641724,-0.35005247592926025,-3.096138850020014,0.0,0.0,0.0,0.0,0.0,0.0
1772565753149162138,150.099609856,-0.6560268402099609,-0.0216977596282959,-13.24106216430664,0.020082028582692146,-0.9365859031677246,-0.004625291097909212,-0.3498317301273346,-3.096052030306301,0.0,0.0,0.0,0.0,0.0,0.0
1772565753249973920,150.200421632,-0.6041207313537598,-0.01954948902130127,-13.300313949584961,0.02019679546356201,-0.936680793762207,-0.004669636487960815,-0.3495703935623169,-3.0958219999818213,0.0,0.0,0.0,0.0,0.0,0.0
1772565753349743743,150.300191232,-0.5604496002197266,-0.017868995666503906,-13.349607467651367,0.020035743713378906,-0.936765193939209,-0.0050140321254730225,-0.3493487536907196,-3.096551084710664,0.0,0.0,0.0,0.0,0.0,0.0
1772565753497506749,150.447954432,-0.5172710418701172,-0.01628434658050537,-13.399185180664062,0.020283998921513557,-0.9368478059768677,-0.004879743326455355,-0.3491145670413971,-3.0958235243620384,0.0,0.0,0.0,0.0,0.0,0.0
1772565753581633030,150.53208064,-0.4651312828063965,-0.01451200246810913,-13.458208084106445,0.020070703700184822,-0.9369373917579651,-0.0055120293982326984,-0.3488770127296448,-3.096947098114844,0.0,0.0,0.0,0.0,0.0,0.0
1772565753705358759,150.655806464,-0.4222722053527832,-0.01306772232055664,-13.508373260498047,0.020526140928268433,-0.9369959831237793,-0.0049533843994140625,-0.3487013876438141,-3.09531274015393,0.0,0.0,0.0,0.0,0.0,0.0
1772565753811484730,150.761932288,-0.37893199920654297,-0.011529266834259033,-13.557256698608398,0.020119933411478996,-0.9370815753936768,-0.005571752320975065,-0.34848594665527344,-3.0968988855781623,0.0,0.0,0.0,0.0,0.0,0.0
1772565753886409835,150.836857344,-0.33586788177490234,-0.01001882553100586,-13.607210159301758,0.020273417234420776,-0.9371607303619385,-0.005361676216125488,-0.34826740622520447,-3.0963362392742964,0.0,0.0,0.0,0.0,0.0,0.0
1772565753988605487,150.939053056,-0.2926459312438965,-0.008524954319000244,-13.65699577331543,0.02024531364440918,-0.9372320175170898,-0.005318254232406616,-0.3480776846408844,-3.0963752500915462,0.0,0.0,0.0,0.0,0.0,0.0
1772565754126185707,151.076633344,-0.24100065231323242,-0.006817996501922607,-13.717044830322266,0.020481377840042114,-0.9373441934585571,-0.004828035831451416,-0.3477688133716583,-3.0953569341169858,0.0,0.0,0.0,0.0,0.0,0.0
1772565754234390703,151.1848384,-0.19785070419311523,-0.004887998104095459,-13.766551971435547,0.02035316824913025,-0.9374095797538757,-0.005087077617645264,-0.3475962281227112,-3.095920331139343,0.0,0.0,0.0,0.0,0.0,0.0
1772565754349925603,151.300373248,-0.1463170051574707,-0.0026443004608154297,-13.825838088989258,0.02039441466331482,-0.9375053644180298,-0.005369454622268677,-0.34733110666275024,-3.096090066458477,0.0,0.0,0.0,0.0,0.0,0.0
1772565754449794716,151.400242432,-0.09498023986816406,-0.0013484358787536621,-13.886177062988281,0.02109268307685852,-0.9376071691513062,-0.0046776533126831055,-0.3470245599746704,-3.0937473764395853,0.0,0.0,0.0,0.0,0.0,0.0
1772565754541166508,151.491614208,-0.051900386810302734,0.0002244710922241211,-13.935033798217773,0.020654380321502686,-0.937680184841156,-0.005446821451187134,-0.3468424677848816,-3.0955423918035088,0.0,0.0,0.0,0.0,0.0,0.0
1772565754645738433,151.596186112,-0.008982181549072266,0.001628577709197998,-13.985031127929688,0.020965248346328735,-0.937771201133728,-0.004954397678375244,-0.34658509492874146,-3.0943383901853294,0.0,0.0,0.0,0.0,0.0,0.0
1772565754793428717,151.743876352,0.042633056640625,0.003469705581665039,-14.044286727905273,0.020690828561782837,-0.9378533363342285,-0.005094408988952637,-0.34637710452079773,-3.0951544724880455,0.0,0.0,0.0,0.0,0.0,0.0
1772565754894913655,151.845361152,0.0941319465637207,0.005959749221801758,-14.103555679321289,0.020661355927586555,-0.9379528164863586,-0.005425185430794954,-0.346104234457016,-3.095542052250288,0.0,0.0,0.0,0.0,0.0,0.0
1772565754994970141,151.945417728,0.13683319091796875,0.007660627365112305,-14.153205871582031,0.020724652335047722,-0.938011646270752,-0.005465000402182341,-0.3459404706954956,-3.095430161598306,0.0,0.0,0.0,0.0,0.0,0.0
1772565755091923844,152.042371584,0.1794724464416504,0.009166061878204346,-14.202936172485352,0.020760806277394295,-0.9380638599395752,-0.00550994323566556,-0.34579601883888245,-3.0953889404202326,0.0,0.0,0.0,0.0,0.0,0.0
1772565755231401234,152.181848832,0.23017597198486328,0.010537207126617432,-14.262985229492188,0.021336406469345093,-0.9381330013275146,-0.004940599203109741,-0.3455820679664612,-3.093463209295773,0.0,0.0,0.0,0.0,0.0,0.0
1772565755318884511,152.269332224,0.2728867530822754,0.012047052383422852,-14.31236457824707,0.021090388298034668,-0.9381767511367798,-0.0053937435150146484,-0.34547144174575806,-3.094486796310078,0.0,0.0,0.0,0.0,0.0,0.0
1772565755420089921,152.370537472,0.3244137763977051,0.01375192403793335,-14.372533798217773,0.021085798740386963,-0.9382315874099731,-0.005252569913864136,-0.3453250229358673,-3.0943776242822514,0.0,0.0,0.0,0.0,0.0,0.0
1772565755521985371,152.472432896,0.36705970764160156,0.015337109565734863,-14.422628402709961,0.02113550901412964,-0.9382671117782593,-0.005186229944229126,-0.3452264368534088,-3.0942000552164823,0.0,0.0,0.0,0.0,0.0,0.0
1772565755636031148,152.586478848,0.4184145927429199,0.01762920618057251,-14.482709884643555,0.02121669054031372,-0.9383246898651123,-0.0053597092628479,-0.34506240487098694,-3.094165519791729,0.0,0.0,0.0,0.0,0.0,0.0
1772565755742526540,152.69297408,0.4611930847167969,0.019260704517364502,-14.53315544128418,0.021330535411834717,-0.9383500218391418,-0.005363583564758301,-0.34498631954193115,-3.0938923710413784,0.0,0.0,0.0,0.0,0.0,0.0
1772565755843679231,152.794126848,0.5043864250183105,0.020718872547149658,-14.583841323852539,0.02141919732093811,-0.9384123682975769,-0.005397707223892212,-0.34481069445610046,-3.0937138630364442,0.0,0.0,0.0,0.0,0.0,0.0
1772565755949221373,152.899668992,0.5562119483947754,0.02234935760498047,-14.645185470581055,0.021574974060058594,-0.938452959060669,-0.005252659320831299,-0.344692587852478,-3.093205178191958,0.0,0.0,0.0,0.0,0.0,0.0
1772565756092381285,153.0428288,0.5996456146240234,0.024080336093902588,-14.695981979370117,0.021447211503982544,-0.9384989738464355,-0.005572080612182617,-0.34457024931907654,-3.0938147844600947,0.0,0.0,0.0,0.0,0.0,0.0
1772565756195385093,153.145832704,0.6431279182434082,0.02581155300140381,-14.747135162353516,0.021452993154525757,-0.9385508298873901,-0.005436509847640991,-0.3444308340549469,-3.0936853188900275,0.0,0.0,0.0,0.0,0.0,0.0
1772565756259196736,153.209644288,0.6865530014038086,0.02751028537750244,-14.798198699951172,0.02137655019760132,-0.9386119842529297,-0.005416244268417358,-0.344269335269928,-3.0938635796910754,0.0,0.0,0.0,0.0,0.0,0.0
1772565756371508110,153.32195584,0.7386364936828613,0.02955228090286255,-14.859504699707031,0.02119383215904236,-0.9386616349220276,-0.005303621292114258,-0.34414684772491455,-3.0942181069976122,0.0,0.0,0.0,0.0,0.0,0.0
1772565756499187928,153.449635584,0.7818078994750977,0.031031012535095215,-14.910711288452148,0.02116471529006958,-0.938696026802063,-0.005242496728897095,-0.34405583143234253,-3.094239363010892,0.0,0.0,0.0,0.0,0.0,0.0
1772565756602640991,153.553088512,0.8248891830444336,0.03246492147445679,-14.96207046508789,0.021221637725830078,-0.9387248754501343,-0.005009055137634277,-0.343977153301239,-3.093893103611488,0.0,0.0,0.0,0.0,0.0,0.0
1772565756701618808,153.652066304,0.8762049674987793,0.03471577167510986,-15.023933410644531,0.021733492612838745,-0.938761830329895,-0.004801958799362183,-0.3438471853733063,-3.0924541952764426,0.0,0.0,0.0,0.0,0.0,0.0
1772565756801428497,153.751876096,0.919227123260498,0.03636890649795532,-15.075092315673828,0.021763235330581665,-0.9388104677200317,-0.005057990550994873,-0.34370893239974976,-3.092618909206491,0.0,0.0,0.0,0.0,0.0,0.0
1772565756939405131,153.889852672,0.9620342254638672,0.03794819116592407,-15.126382827758789,0.021864265203475952,-0.9388664960861206,-0.005058169364929199,-0.34354928135871887,-3.0923792163129353,0.0,0.0,0.0,0.0,0.0,0.0
1772565757045433384,153.99588096,1.0135765075683594,0.03963702917098999,-15.187955856323242,0.021622687578201294,-0.9389604330062866,-0.004629701375961304,-0.343313604593277,-3.092601309700619,0.0,0.0,0.0,0.0,0.0,0.0
1772565757139420505,154.089868032,1.065380573272705,0.041610896587371826,-15.249568939208984,0.021293731406331062,-0.9390515089035034,-0.004473090637475252,-0.3430871367454529,-3.0932818558316146,0.0,0.0,0.0,0.0,0.0,0.0
1772565757241782733,154.1922304,1.1082348823547363,0.04339832067489624,-15.30141830444336,0.021427124738693237,-0.9391404390335083,-0.004061788320541382,-0.3428405821323395,-3.0925992436997523,0.0,0.0,0.0,0.0,0.0,0.0
1772565757345077027,154.295524608,1.1515698432922363,0.04500091075897217,-15.353670120239258,0.021414488554000854,-0.9392805695533752,-0.0034036338329315186,-0.3424645960330963,-3.0920632419990683,0.0,0.0,0.0,0.0,0.0,0.0
1772565757445328282,154.395776,1.1946024894714355,0.04637038707733154,-15.405340194702148,0.021364301443099976,-0.939395546913147,-0.00311434268951416,-0.3421548008918762,-3.091946555296633,0.0,0.0,0.0,0.0,0.0,0.0
1772565757590361614,154.540809216,1.2462286949157715,0.04702186584472656,-15.468271255493164,0.02198559045791626,-0.9394798278808594,-0.0018243193626403809,-0.3418932855129242,-3.0892882023827264,0.0,0.0,0.0,0.0,0.0,0.0
1772565757697662424,154.64811008,1.2981133460998535,0.048271358013153076,-15.529031753540039,0.021634846925735474,-0.9395325183868408,-0.0024329721927642822,-0.3417671024799347,-3.0906992390105774,0.0,0.0,0.0,0.0,0.0,0.0
1772565757798571911,154.749019648,1.341738224029541,0.04938024282455444,-15.580831527709961,0.021422982215881348,-0.9395703673362732,-0.0017487406730651855,-0.3416805863380432,-3.0906151328316778,0.0,0.0,0.0,0.0,0.0,0.0
1772565757904929418,154.855377152,1.384753704071045,0.050695955753326416,-15.632184982299805,0.021500736474990845,-0.9395936727523804,-0.0015960931777954102,-0.34161216020584106,-3.090293088262179,0.0,0.0,0.0,0.0,0.0,0.0
1772565758002041937,154.952489472,1.4363665580749512,0.05230402946472168,-15.694082260131836,0.021722257137298584,-0.9396119117736816,-0.0013547837734222412,-0.341549277305603,-3.0895394173294632,0.0,0.0,0.0,0.0,0.0,0.0
1772565758104312045,155.05475968,1.479403018951416,0.053413987159729004,-15.745555877685547,0.021763473749160767,-0.9396088719367981,-0.0013683438301086426,-0.34155482053756714,-3.089450025675573,0.0,0.0,0.0,0.0,0.0,0.0
1772565758249610975,155.200058624,1.5394129753112793,0.055084407329559326,-15.817764282226562,0.021935641765594482,-0.9395955801010132,-0.0009755194187164307,-0.3415817618370056,-3.088676448890882,0.0,0.0,0.0,0.0,0.0,0.0
1772565758351050092,155.3014976,1.5827536582946777,0.056204795837402344,-15.869157791137695,0.021744638681411743,-0.9396128058433533,-0.0009244382381439209,-0.34154677391052246,-3.089101828787124,0.0,0.0,0.0,0.0,0.0,0.0
1772565758450587811,155.40103552,1.6346487998962402,0.057415902614593506,-15.930913925170898,0.021703392267227173,-0.9396346211433411,-0.0008618831634521484,-0.3414895236492157,-3.089151351948939,0.0,0.0,0.0,0.0,0.0,0.0
1772565758557260549,155.50770816,1.6778159141540527,0.058531761169433594,-15.98257064819336,0.02184346504509449,-0.9396496415138245,-0.0007986426935531199,-0.34143927693367004,-3.088755249761079,0.0,0.0,0.0,0.0,0.0,0.0
1772565758697401906,155.647849472,1.7210392951965332,0.059576213359832764,-16.03411102294922,0.021854400634765625,-0.9396582245826721,-0.0008939206600189209,-0.3414148688316345,-3.0888149021941786,0.0,0.0,0.0,0.0,0.0,0.0
1772565758800391319,155.75083904,1.7642087936401367,0.06064516305923462,-16.08576011657715,0.021927418187260628,-0.9396592378616333,-0.0009646714315749705,-0.3414071500301361,-3.0886993431775074,0.0,0.0,0.0,0.0,0.0,0.0
1772565758908068154,155.858515712,1.8159327507019043,0.0621565580368042,-16.147628784179688,0.021983712911605835,-0.9396634697914124,-0.0009546577930450439,-0.3413919508457184,-3.088553516200138,0.0,0.0,0.0,0.0,0.0,0.0
1772565759001586795,155.952034304,1.8591766357421875,0.0632670521736145,-16.199129104614258,0.02188459038734436,-0.9396719932556152,-0.000920027494430542,-0.34137505292892456,-3.088766931605405,0.0,0.0,0.0,0.0,0.0,0.0
1772565759109556842,156.060004352,1.9113693237304688,0.06457716226577759,-16.26101303100586,0.02159366011619568,-0.9396886825561523,-0.0008770525455474854,-0.34134775400161743,-3.0894438306994565,0.0,0.0,0.0,0.0,0.0,0.0
1772565759209732266,156.160179968,1.9544610977172852,0.06568235158920288,-16.312549591064453,0.021604418754577637,-0.9396897554397583,-0.0008584856986999512,-0.3413441777229309,-3.0894012068258045,0.0,0.0,0.0,0.0,0.0,0.0
1772565759319968259,156.270415872,2.0060324668884277,0.06672865152359009,-16.374526977539062,0.021846294403076172,-0.9396809339523315,-0.0009829998016357422,-0.34135252237319946,-3.0889183631440775,0.0,0.0,0.0,0.0,0.0,0.0
1772565759450273892,156.400721408,2.0489354133605957,0.067840576171875,-16.426095962524414,0.02198934555053711,-0.9396675229072571,-0.0010426044464111328,-0.3413800299167633,-3.088618724838326,0.0,0.0,0.0,0.0,0.0,0.0
1772565759549589819,156.500037376,2.1004981994628906,0.06953418254852295,-16.48772430419922,0.021886199712753296,-0.9396634101867676,-0.0008729696273803711,-0.34139853715896606,-3.0887194739476427,0.0,0.0,0.0,0.0,0.0,0.0
1772565759650007674,156.600455168,2.1435928344726562,0.07064324617385864,-16.539121627807617,0.021724283695220947,-0.9396523833274841,-0.000863492488861084,-0.34143930673599243,-3.0891051082944236,0.0,0.0,0.0,0.0,0.0,0.0
1772565759749488837,156.699936512,2.1956353187561035,0.07156151533126831,-16.600936889648438,0.02129817008972168,-0.9396389126777649,-0.0006378591060638428,-0.34150370955467224,-3.0899446159076076,0.0,0.0,0.0,0.0,0.0,0.0
1772565759865473688,156.815921408,2.238630771636963,0.07264798879623413,-16.65236473083496,0.021262317895889282,-0.939622700214386,-0.0007210969924926758,-0.34155043959617615,-3.0901033073139486,0.0,0.0,0.0,0.0,0.0,0.0
1772565760002453518,156.95290112,2.289702892303467,0.07422184944152832,-16.714237213134766,0.021754741668701172,-0.939591109752655,-0.0009302198886871338,-0.3416057527065277,-3.089078038445265,0.0,0.0,0.0,0.0,0.0,0.0
1772565760109489988,157.059937536,2.332578182220459,0.07534044981002808,-16.765804290771484,0.021875472739338875,-0.9395632147789001,-0.0009991825791075826,-0.3416745066642761,-3.08883848917645,0.0,0.0,0.0,0.0,0.0,0.0
1772565760198798394,157.149245952,2.384293556213379,0.07679373025894165,-16.827463150024414,0.02164849452674389,-0.9395458102226257,-0.0008788107661530375,-0.34173715114593506,-3.0892835726075356,0.0,0.0,0.0,0.0,0.0,0.0
1772565760319275545,157.269723136,2.4274368286132812,0.07779979705810547,-16.87903594970703,0.021511048078536987,-0.9395183324813843,-0.0008195340633392334,-0.34182149171829224,-3.0895619697442376,0.0,0.0,0.0,0.0,0.0,0.0
1772565760410571244,157.36101888,2.479445457458496,0.07857149839401245,-16.940746307373047,0.02098718285560608,-0.9394810795783997,-0.0006411969661712646,-0.34195685386657715,-3.09067872111938,0.0,0.0,0.0,0.0,0.0,0.0
1772565760520059058,157.470506752,2.5225157737731934,0.07946550846099854,-16.992259979248047,0.020962804555892944,-0.9394537210464478,-0.000640183687210083,-0.3420335352420807,-3.0907323220511294,0.0,0.0,0.0,0.0,0.0,0.0
1772565760649522551,157.599970048,2.5742297172546387,0.08106517791748047,-17.053998947143555,0.020846903324127197,-0.9394166469573975,-0.0006605684757232666,-0.3421424627304077,-3.091027392597786,0.0,0.0,0.0,0.0,0.0,0.0
1772565760751673517,157.702121216,2.6175923347473145,0.08212488889694214,-17.105419158935547,0.020549863576889038,-0.9394026398658752,-0.0005883276462554932,-0.3421989977359772,-3.0916880152200954,0.0,0.0,0.0,0.0,0.0,0.0
1772565760849748158,157.80019584,2.6602582931518555,0.08339160680770874,-17.156789779663086,0.02086135745048523,-0.939373791217804,-0.0007658302783966064,-0.34225890040397644,-3.0910778671398838,0.0,0.0,0.0,0.0,0.0,0.0
1772565760969439787,157.91988736,2.712721347808838,0.0844927430152893,-17.218181610107422,0.020082920789718628,-0.9393614530563354,-0.0003508627414703369,-0.3423400819301605,-3.092612497455707,0.0,0.0,0.0,0.0,0.0,0.0
1772565761070325274,158.020772864,2.7643628120422363,0.08517062664031982,-17.279905319213867,0.02018296718597412,-0.939333438873291,-0.00034940242767333984,-0.3424111306667328,-3.092360797261967,0.0,0.0,0.0,0.0,0.0,0.0
1772565761174590043,158.125037568,2.807553768157959,0.08617401123046875,-17.331077575683594,0.020068496465682983,-0.9393196105957031,-0.0003712773323059082,-0.34245556592941284,-3.092658339195964,0.0,0.0,0.0,0.0,0.0,0.0
1772565761320463659,158.270911232,2.8506531715393066,0.08707726001739502,-17.382341384887695,0.020028889179229736,-0.939306378364563,-0.00044929981231689453,-0.3424942195415497,-3.092822716902172,0.0,0.0,0.0,0.0,0.0,0.0
1772565761438410995,158.388858624,2.9020519256591797,0.0888717770576477,-17.443683624267578,0.020212322473526,-0.9392867684364319,-0.0006461143493652344,-0.3425367772579193,-3.092545413696181,0.0,0.0,0.0,0.0,0.0,0.0
1772565761542343752,158.492791296,2.953864574432373,0.08992022275924683,-17.50501251220703,0.020020844414830208,-0.9392536282539368,-0.0004115701012779027,-0.3426392674446106,-3.092798994768003,0.0,0.0,0.0,0.0,0.0,0.0
1772565761624678663,158.575126272,2.997197151184082,0.09039103984832764,-17.55631446838379,0.019794970750808716,-0.9392510056495667,-0.0001608729362487793,-0.34265992045402527,-3.093128053421778,0.0,0.0,0.0,0.0,0.0,0.0
1772565761741938379,158.692386048,3.0487565994262695,0.09135133028030396,-17.617834091186523,0.02000013180077076,-0.9392384886741638,-0.00033378603984601796,-0.34268203377723694,-3.0927774013790175,0.0,0.0,0.0,0.0,0.0,0.0
1772565761843666450,158.794114048,3.0917906761169434,0.0922134518623352,-17.66904067993164,0.02003377489745617,-0.9392322301864624,-0.00040659302612766623,-0.34269729256629944,-3.0927588946376168,0.0,0.0,0.0,0.0,0.0,0.0
1772565761948245448,158.89869312,3.134852886199951,0.09317809343338013,-17.72014808654785,0.02001968026161194,-0.939231812953949,-0.00041618943214416504,-0.3426990807056427,-3.0928019625871124,0.0,0.0,0.0,0.0,0.0,0.0
1772565762049020384,158.999468032,3.1864991188049316,0.09479159116744995,-17.78145408630371,0.01997128129005432,-0.9392402172088623,-0.0004340708255767822,-0.3426790237426758,-3.0929381762209256,0.0,0.0,0.0,0.0,0.0,0.0
1772565762186939307,159.137387008,3.22959566116333,0.09588390588760376,-17.83257293701172,0.019937723875045776,-0.9392414689064026,-0.0004692971706390381,-0.34267744421958923,-3.0930522001512526,0.0,0.0,0.0,0.0,0.0,0.0
1772565762289948030,159.24039552,3.2816739082336426,0.0967678427696228,-17.893918991088867,0.019526243209838867,-0.9392575025558472,-0.0002149045467376709,-0.3426573872566223,-3.0938364563706466,0.0,0.0,0.0,0.0,0.0,0.0
1772565762390299270,159.340747008,3.3334603309631348,0.09759867191314697,-17.955604553222656,0.019703388214111328,-0.9392632246017456,-0.00030672550201416016,-0.3426315486431122,-3.0934852998322326,0.0,0.0,0.0,0.0,0.0,0.0
1772565762532458853,159.482906368,3.3766989707946777,0.09855633974075317,-18.00681495666504,0.019626200199127197,-0.9392707347869873,-0.00031319260597229004,-0.34261515736579895,-3.093681698268185,0.0,0.0,0.0,0.0,0.0,0.0
1772565762642417858,159.592865536,3.4282069206237793,0.10008472204208374,-18.06852149963379,0.01996174268424511,-0.9392681121826172,-0.00047254556557163596,-0.34260284900665283,-3.0930010894870024,0.0,0.0,0.0,0.0,0.0,0.0
1772565762729139289,159.679586816,3.471414089202881,0.10096460580825806,-18.119922637939453,0.019915223121643066,-0.939257800579071,-0.00038993358612060547,-0.3426339626312256,-3.093039363962187,0.0,0.0,0.0,0.0,0.0,0.0
1772565762842745159,159.793192704,3.514888286590576,0.10178929567337036,-18.171415328979492,0.019783854484558105,-0.9392622709274292,-0.0002702772617340088,-0.3426295816898346,-3.0932552414565,0.0,0.0,0.0,0.0,0.0,0.0
1772565762939350866,159.8897984,3.5671448707580566,0.10285300016403198,-18.233293533325195,0.019739745184779167,-0.9392845034599304,-0.00028735396335832775,-0.342570960521698,-3.0933827283818855,0.0,0.0,0.0,0.0,0.0,0.0
1772565763045291404,159.995739136,3.6106410026550293,0.10374891757965088,-18.284841537475586,0.01971861533820629,-0.9393001794815063,-0.00035795566509477794,-0.3425290882587433,-3.0935005132788658,0.0,0.0,0.0,0.0,0.0,0.0
1772565763194346808,160.144794368,3.6624550819396973,0.10481542348861694,-18.346935272216797,0.020031005144119263,-0.9393044710159302,-0.0003198385238647461,-0.34249937534332275,-3.0927014578987966,0.0,0.0,0.0,0.0,0.0,0.0
1772565763297401821,160.247849472,3.70603609085083,0.10579121112823486,-18.398653030395508,0.01995551586151123,-0.9393264055252075,-0.0001558363437652588,-0.34244370460510254,-3.092743996408078,0.0,0.0,0.0,0.0,0.0,0.0
1772565763379030622,160.329478144,3.758378505706787,0.10704153776168823,-18.46045684814453,0.019706370308995247,-0.9393563866615295,-0.00018891693616751581,-0.3423757255077362,-3.0933897378249733,0.0,0.0,0.0,0.0,0.0,0.0
1772565763476387375,160.426834944,3.8016905784606934,0.1082196831703186,-18.51187515258789,0.019670667126774788,-0.939383327960968,-0.00031909349490888417,-0.3423038721084595,-3.0935984350287957,0.0,0.0,0.0,0.0,0.0,0.0
1772565763594611166,160.545058816,3.8450522422790527,0.1092645525932312,-18.56348991394043,0.019637105986475945,-0.939410924911499,-0.000394195260014385,-0.34222984313964844,-3.0937527398236235,0.0,0.0,0.0,0.0,0.0,0.0
1772565763683816968,160.634264576,3.896846294403076,0.10999840497970581,-18.625385284423828,0.019786685705184937,-0.9394214153289795,-0.0005421042442321777,-0.34219256043434143,-3.093520144932182,0.0,0.0,0.0,0.0,0.0,0.0
1772565763795989471,160.74643712,3.939833164215088,0.11063563823699951,-18.676782608032227,0.019925445318222046,-0.9394111633300781,-0.0005517005920410156,-0.34221258759498596,-3.093186848718129,0.0,0.0,0.0,0.0,0.0,0.0
1772565763900891851,160.85133952,3.9824023246765137,0.1113959550857544,-18.72758674621582,0.020020365715026855,-0.9393725991249084,-0.0004970133304595947,-0.34231293201446533,-3.092898385889415,0.0,0.0,0.0,0.0,0.0,0.0
1772565764013075096,160.963522816,4.03303861618042,0.11264544725418091,-18.787416458129883,0.019718289375305176,-0.9393149614334106,-0.00022342801094055176,-0.3424888551235199,-3.093383756730619,0.0,0.0,0.0,0.0,0.0,0.0
1772565764116445213,161.0668928,4.074277400970459,0.11365902423858643,-18.836645126342773,0.019706904888153076,-0.9392406940460205,-8.475780487060547e-05,-0.34269317984580994,-3.0932739798604825,0.0,0.0,0.0,0.0,0.0,0.0
1772565764219441874,161.169889536,4.114677906036377,0.11467379331588745,-18.884784698486328,0.019662080332636833,-0.93915855884552,-0.0001028179976856336,-0.34292057156562805,-3.0933848886823094,0.0,0.0,0.0,0.0,0.0,0.0
1772565764331782811,161.282230528,4.1627726554870605,0.11570185422897339,-18.942293167114258,0.0198458731174469,-0.9390491843223572,-3.6716461181640625e-05,-0.34320974349975586,-3.0928544420434503,0.0,0.0,0.0,0.0,0.0,0.0
1772565764449443627,161.3998912,4.201816082000732,0.11655992269515991,-18.98815155029297,0.01970025897026062,-0.9389327168464661,-2.5391578674316406e-05,-0.3435366153717041,-3.093179898862431,0.0,0.0,0.0,0.0,0.0,0.0
1772565764566007045,161.516454656,4.249715328216553,0.11741173267364502,-19.045063018798828,0.01988980360329151,-0.9388225674629211,-0.0002914965443778783,-0.3438262939453125,-3.092933239919868,0.0,0.0,0.0,0.0,0.0,0.0
1772565764695415867,161.645863424,4.287304401397705,0.1187012791633606,-19.08951187133789,0.019910572096705437,-0.9387613534927368,-0.00038117164513096213,-0.3439923822879791,-3.0929516154986896,0.0,0.0,0.0,0.0,0.0,0.0
1772565764800426275,161.750873856,4.321431636810303,0.11983984708786011,-19.129236221313477,0.01969406008720398,-0.9387259483337402,-0.0006067454814910889,-0.34410110116004944,-3.093680193022622,0.0,0.0,0.0,0.0,0.0,0.0
1772565764911444674,161.861892352,4.358800411224365,0.12118029594421387,-19.17239761352539,0.019541174173355103,-0.9386953115463257,-0.0011414289474487305,-0.3441917598247528,-3.094532242273253,0.0,0.0,0.0,0.0,0.0,0.0
1772565764986737837,161.937185536,4.3946852684021,0.12260597944259644,-19.214149475097656,0.01967349648475647,-0.9386630058288574,-0.001393139362335205,-0.3442714810371399,-3.0944284207719908,0.0,0.0,0.0,0.0,0.0,0.0
1772565765091316133,162.04176384,4.422318935394287,0.12313652038574219,-19.24708366394043,0.019986895844340324,-0.9386565089225769,-0.0016393957193940878,-0.3442699611186981,-3.093879089154734,0.0,0.0,0.0,0.0,0.0,0.0
1772565765213821092,162.1642688,4.446295261383057,0.12348145246505737,-19.275373458862305,0.019874393939971924,-0.9386541247367859,-0.0013453960418701172,-0.34428438544273376,-3.0938900765674635,0.0,0.0,0.0,0.0,0.0,0.0
1772565765343129478,162.293577216,4.473081111907959,0.12497389316558838,-19.30657196044922,0.01976439356803894,-0.9386566281318665,-0.0019193589687347412,-0.3442811071872711,-3.0946784764297948,0.0,0.0,0.0,0.0,0.0,0.0
1772565765451682696,162.402130432,4.498510837554932,0.12508493661880493,-19.337881088256836,0.020524531602859497,-0.9386438131332397,-0.0017784535884857178,-0.34427228569984436,-3.092680929626259,0.0,0.0,0.0,0.0,0.0,0.0
1772565765538781745,162.489229312,4.520349025726318,0.1261005401611328,-19.36282730102539,0.019968807697296143,-0.938651978969574,-0.0017948746681213379,-0.34428277611732483,-3.094062989401707,0.0,0.0,0.0,0.0,0.0,0.0
1772565765642621969,162.593069568,4.5399861335754395,0.12638944387435913,-19.387413024902344,0.020671367645263672,-0.9386272430419922,-0.0018001198768615723,-0.34430864453315735,-3.092336694271698,0.0,0.0,0.0,0.0,0.0,0.0
1772565765792863901,162.743311616,4.558792591094971,0.12734609842300415,-19.409183502197266,0.020166128873825073,-0.9386106729507446,-0.0018623769283294678,-0.3443834185600281,-3.093631860723257,0.0,0.0,0.0,0.0,0.0,0.0
1772565765910450509,162.860898048,4.5736002922058105,0.12694060802459717,-19.42804527282715,0.020801067352294922,-0.9385818243026733,-0.0017400085926055908,-0.34442487359046936,-3.091955668486654,0.0,0.0,0.0,0.0,0.0,0.0
1772565765998234243,162.948681984,4.587548732757568,0.12824440002441406,-19.44451904296875,0.02052408456802368,-0.9385519027709961,-0.002050638198852539,-0.344521164894104,-3.0929117549594634,0.0,0.0,0.0,0.0,0.0,0.0
1772565766091556865,163.04200448,4.601099491119385,0.12827348709106445,-19.460529327392578,0.020267724990844727,-0.9385383129119873,-0.0020383894443511963,-0.3445735573768616,-3.0935287117473003,0.0,0.0,0.0,0.0,0.0,0.0
1772565766204642542,163.155090176,4.6070475578308105,0.12792831659317017,-19.469959259033203,0.020501047372817993,-0.938284158706665,-0.0018339753150939941,-0.3452526032924652,-3.0927262884447075,0.0,0.0,0.0,0.0,0.0,0.0
1772565766307077452,163.257524992,4.6101908683776855,0.1280781626701355,-19.476137161254883,0.02017688751220703,-0.9374842643737793,-0.0023826956748962402,-0.3474341928958893,-3.0938892996252245,0.0,0.0,0.0,0.0,0.0,0.0
1772565766410418760,163.360866304,4.6505446434021,0.12989670038223267,-19.52283477783203,0.02046796679496765,-0.9375832676887512,-0.0025385916233062744,-0.3471488952636719,-3.0933298197849495,0.0,0.0,0.0,0.0,0.0,0.0
1772565766517211871,163.46765952,4.694427013397217,0.13123369216918945,-19.574464797973633,0.02091705985367298,-0.9376255869865417,-0.00252020382322371,-0.347007691860199,-3.0922119292115915,0.0,0.0,0.0,0.0,0.0,0.0
1772565766645498059,163.595945728,4.741515636444092,0.13292664289474487,-19.629396438598633,0.02145954966545105,-0.9377297163009644,-0.0023939013481140137,-0.3466942608356476,-3.090776615110938,0.0,0.0,0.0,0.0,0.0,0.0
1772565766749529935,163.699977472,4.799159526824951,0.13497406244277954,-19.69611930847168,0.021208910271525383,-0.9378378987312317,-0.002420812612399459,-0.34641677141189575,-3.0914381452811153,0.0,0.0,0.0,0.0,0.0,0.0
1772565766850942453,163.80139008,4.847583293914795,0.13593131303787231,-19.751440048217773,0.02080586552619934,-0.9379500150680542,-0.003009408712387085,-0.34613272547721863,-3.092986451368169,0.0,0.0,0.0,0.0,0.0,0.0
1772565766941843656,163.892291328,4.8946661949157715,0.137187659740448,-19.80750274658203,0.02154526114463806,-0.9380125403404236,-0.0027751028537750244,-0.34592005610466003,-3.090962055500783,0.0,0.0,0.0,0.0,0.0,0.0
1772565767049326411,163.999773952,4.9411444664001465,0.1382957100868225,-19.86309051513672,0.022057414054870605,-0.9379618167877197,-0.002751559019088745,-0.3460254669189453,-3.089670051191974,0.0,0.0,0.0,0.0,0.0,0.0
1772565767193345952,164.143793664,4.9735026359558105,0.13878768682479858,-19.9012393951416,0.02204003930091858,-0.937938392162323,-0.002650827169418335,-0.346090704202652,-3.089617047892445,0.0,0.0,0.0,0.0,0.0,0.0
1772565767288924546,164.239372288,5.01135778427124,0.13973861932754517,-19.946252822875977,0.021870076656341553,-0.937878429889679,-0.00301399827003479,-0.34626102447509766,-3.0903557683693648,0.0,0.0,0.0,0.0,0.0,0.0
1772565767443311449,164.393758976,5.036283016204834,0.14169281721115112,-19.975814819335938,0.021769404411315918,-0.9377864003181458,-0.0033479034900665283,-0.34651345014572144,-3.0908923601852534,0.0,0.0,0.0,0.0,0.0,0.0
1772565767536717654,164.487165184,5.0510573387146,0.14055663347244263,-19.994787216186523,0.022326558828353882,-0.9377037882804871,-0.0026330947875976562,-0.34670788049697876,-3.088852178477819,0.0,0.0,0.0,0.0,0.0,0.0
1772565767652584323,164.603032064,5.0662617683410645,0.1422058343887329,-20.013259887695312,0.022628961130976677,-0.9376519322395325,-0.00273683643899858,-0.34682735800743103,-3.088191593999443,0.0,0.0,0.0,0.0,0.0,0.0
1772565767740489789,164.690937344,5.088937282562256,0.14195650815963745,-20.03903579711914,0.022189557552337646,-0.9376488924026489,-0.003074556589126587,-0.34686118364334106,-3.0895830719435184,0.0,0.0,0.0,0.0,0.0,0.0
1772565767839681680,164.790129408,5.1000800132751465,0.14256292581558228,-20.05402374267578,0.022419482469558716,-0.9374831318855286,-0.003259211778640747,-0.3472927212715149,-3.089155256441274,0.0,0.0,0.0,0.0,0.0,0.0
1772565767947074189,164.89752192,5.102525234222412,0.14286184310913086,-20.059234619140625,0.022326437756419182,-0.9370739459991455,-0.0032701785676181316,-0.3484012186527252,-3.0893228450851673,0.0,0.0,0.0,0.0,0.0,0.0
1772565768061081312,165.01152896,5.111548900604248,0.1438436508178711,-20.06884765625,0.02206447720527649,-0.9370297789573669,-0.0036809444427490234,-0.34853246808052063,-3.0903408141385174,0.0,0.0,0.0,0.0,0.0,0.0
1772565768178723943,165.129171456,5.155345439910889,0.14545387029647827,-20.119216918945312,0.022183120250701904,-0.937096893787384,-0.0037242770195007324,-0.3483438193798065,-3.0900987238136604,0.0,0.0,0.0,0.0,0.0,0.0
1772565768275460759,165.22590848,5.200083255767822,0.14657247066497803,-20.17222023010254,0.022769717499613762,-0.9371538758277893,-0.0031912322156131268,-0.3481579124927521,-3.0881690182715924,0.0,0.0,0.0,0.0,0.0,0.0
1772565768396371037,165.34681856,5.256709575653076,0.1473565697669983,-20.23645782470703,0.0227012038230896,-0.9372806549072266,-0.003883272409439087,-0.3478139340877533,-3.0889960014306945,0.0,0.0,0.0,0.0,0.0,0.0
1772565768498230721,165.4486784,5.303514003753662,0.1490432620048523,-20.29049301147461,0.023000448942184448,-0.937381386756897,-0.003880530595779419,-0.3475228250026703,-3.0882720327742854,0.0,0.0,0.0,0.0,0.0,0.0
1772565768611644073,165.562091776,5.355510234832764,0.15157252550125122,-20.351917266845703,0.023519786074757576,-0.9374462962150574,-0.002913892501965165,-0.34732240438461304,-3.086117172426432,0.0,0.0,0.0,0.0,0.0,0.0
1772565768715399746,165.665847296,5.396569728851318,0.15289682149887085,-20.39957046508789,0.02367040514945984,-0.9374797940254211,-0.003018110990524292,-0.3472207486629486,-3.085847268289957,0.0,0.0,0.0,0.0,0.0,0.0
1772565768849894165,165.80034176,5.436400890350342,0.15385788679122925,-20.445844650268555,0.023576797917485237,-0.9375064969062805,-0.003378123277798295,-0.3471517264842987,-3.0864124340758115,0.0,0.0,0.0,0.0,0.0,0.0
1772565768949341397,165.899789056,5.460007190704346,0.15290284156799316,-20.47378158569336,0.023767679929733276,-0.9374452233314514,-0.0030551254749298096,-0.34730714559555054,-3.0856344776674844,0.0,0.0,0.0,0.0,0.0,0.0
1772565769053015447,166.003463168,5.477309703826904,0.15481656789779663,-20.493852615356445,0.02385687455534935,-0.9374641180038452,-0.0032657678239047527,-0.3472480773925781,-3.0856106850108422,0.0,0.0,0.0,0.0,0.0,0.0
1772565769140295314,166.09074304,5.492782115936279,0.15468591451644897,-20.512422561645508,0.024143576622009277,-0.9374709725379944,-0.0026898086071014404,-0.3472146689891815,-3.0843780320167555,0.0,0.0,0.0,0.0,0.0,0.0
1772565769250960587,166.201408256,5.533614635467529,0.15652167797088623,-20.557891845703125,0.023523595184087753,-0.9375659227371216,-0.0036524231545627117,-0.3469918966293335,-3.0868053447707307,0.0,0.0,0.0,0.0,0.0,0.0
1772565769356714312,166.307161856,5.579837322235107,0.15784484148025513,-20.611223220825195,0.023910552263259888,-0.9377151727676392,-0.003494828939437866,-0.3465636670589447,-3.08573497717445,0.0,0.0,0.0,0.0,0.0,0.0
1772565769477293057,166.427740672,5.628280162811279,0.15861427783966064,-20.67035675048828,0.025455623865127563,-0.9378206133842468,-0.0008196532726287842,-0.34618476033210754,-3.0795156010302938,0.0,0.0,0.0,0.0,0.0,0.0
1772565769578356127,166.52880384,5.687633991241455,0.1605176329612732,-20.73902702331543,0.02563837170600891,-0.9379835724830627,-0.00032445788383483887,-0.3457302451133728,-3.0786549312724714,0.0,0.0,0.0,0.0,0.0,0.0
1772565769685642577,166.636090112,5.736390590667725,0.16192102432250977,-20.79588508605957,0.025685399770736694,-0.9380729794502258,-0.0002326667308807373,-0.34548425674438477,-3.078477647468104,0.0,0.0,0.0,0.0,0.0,0.0
1772565769819376481,166.769824,5.784834384918213,0.16348797082901,-20.85291290283203,0.026034295558929443,-0.9381239414215088,-0.0002791881561279297,-0.34531983733177185,-3.0776743603828427,0.0,0.0,0.0,0.0,0.0,0.0
1772565769894086909,166.844534528,5.843329906463623,0.16523438692092896,-20.920272827148438,0.025298357009887695,-0.9382550716400146,-0.0009106993675231934,-0.3450169265270233,-3.0800856284864855,0.0,0.0,0.0,0.0,0.0,0.0
1772565769995227124,166.945674752,5.89153528213501,0.16611963510513306,-20.976877212524414,0.025109410285949707,-0.9382151365280151,-0.000513911247253418,-0.34514009952545166,-3.0801820367646346,0.0,0.0,0.0,0.0,0.0,0.0
1772565770110097185,167.060544768,5.951592922210693,0.16792011260986328,-21.048513412475586,0.02576276659965515,-0.9377893209457397,0.0013763010501861572,-0.346245139837265,-3.0767566858704525,0.0,0.0,0.0,0.0,0.0,0.0
1772565770212094459,167.16254208,6.007976055145264,0.16909027099609375,-21.11114501953125,0.02547699213027954,-0.9371317625045776,0.000564277172088623,-0.34804409742355347,-3.0780330696630602,0.0,0.0,0.0,0.0,0.0,0.0
1772565770349716673,167.300164352,6.070434093475342,0.17111390829086304,-21.176559448242188,0.0255776047706604,-0.9351186752319336,0.0006586313247680664,-0.35340988636016846,-3.0771845164566343,0.0,0.0,0.0,0.0,0.0,0.0
1772565770449833696,167.400281344,6.151296138763428,0.17319613695144653,-21.254169464111328,0.02624097466468811,-0.930343747138977,0.001447826623916626,-0.3657457232475281,-3.07346344193999,0.0,0.0,0.0,0.0,0.0,0.0
1772565770549210653,167.49965824,6.226927280426025,0.17540991306304932,-21.315540313720703,0.025901319459080696,-0.924515426158905,0.0008208454237319529,-0.3802627623081207,-3.0733135829713376,0.0,0.0,0.0,0.0,0.0,0.0
1772565770650323782,167.600771328,6.303395748138428,0.1783164143562317,-21.37308692932129,0.026479750871658325,-0.9179220795631409,0.001488327980041504,-0.39587339758872986,-3.069050115571901,0.0,0.0,0.0,0.0,0.0,0.0
1772565770750810681,167.70125824,6.403772830963135,0.18212151527404785,-21.443418502807617,0.027144283056259155,-0.9102134704589844,0.0009883344173431396,-0.4132477641105652,-3.0652835256793436,0.0,0.0,0.0,0.0,0.0,0.0
1772565770867154468,167.817602048,6.485459804534912,0.18384480476379395,-21.518659591674805,0.02815350890159607,-0.9047204256057739,0.0015173554420471191,-0.4250718951225281,-3.0597841595439657,0.0,0.0,0.0,0.0,0.0,0.0
1772565770991089576,167.94153728,6.545926570892334,0.18568497896194458,-21.571025848388672,0.029539287090301514,-0.9040588140487671,0.004105895757675171,-0.42636638879776,-3.0521616407259753,0.0,0.0,0.0,0.0,0.0,0.0
1772565771121551414,168.071998976,6.617194652557373,0.18677765130996704,-21.62411880493164,0.0276737529784441,-0.9043788909912109,0.0007303953752852976,-0.42583152651786804,-3.062055087777669,0.0,0.0,0.0,0.0,0.0,0.0
1772565771239452383,168.189900032,6.674421787261963,0.188185453414917,-21.67125701904297,0.028071105480194092,-0.9045162200927734,0.0012694001197814941,-0.425512433052063,-3.060267412716207,0.0,0.0,0.0,0.0,0.0,0.0
1772565771334586447,168.285033984,6.743871212005615,0.1897757649421692,-21.729686737060547,0.028819411993026733,-0.9046729803085327,0.00322568416595459,-0.42511868476867676,-3.0556251480198777,0.0,0.0,0.0,0.0,0.0,0.0
1772565771433071967,168.383519488,6.813119411468506,0.19150084257125854,-21.78638458251953,0.028692003339529037,-0.9047724008560181,0.003146886359900236,-0.42491614818573,-3.056129879802343,0.0,0.0,0.0,0.0,0.0,0.0
1772565771535964790,168.486412288,6.870328426361084,0.19316893815994263,-21.834117889404297,0.029024571180343628,-0.9048489928245544,0.0033802390098571777,-0.4247288107872009,-3.054916567555552,0.0,0.0,0.0,0.0,0.0,0.0
1772565771649318855,168.599766528,6.92754602432251,0.19447380304336548,-21.881990432739258,0.029185384511947632,-0.9049838781356812,0.0037992000579833984,-0.42442670464515686,-3.053968439094085,0.0,0.0,0.0,0.0,0.0,0.0
1772565771789613225,168.740060928,6.996921062469482,0.19560593366622925,-21.94040870666504,0.029440492391586304,-0.9050452709197998,0.005388498306274414,-0.4242609739303589,-3.051185290560406,0.0,0.0,0.0,0.0,0.0,0.0
1772565771881445183,168.831892736,7.06571626663208,0.19727087020874023,-21.997465133666992,0.02971327304840088,-0.9051387310028076,0.005261123180389404,-0.4240441918373108,-3.0506284826175327,0.0,0.0,0.0,0.0,0.0,0.0
1772565771984434616,168.934882304,7.123227596282959,0.19839870929718018,-22.045101165771484,0.029798150062561035,-0.9052287340164185,0.005533397197723389,-0.42384248971939087,-3.0500737096626906,0.0,0.0,0.0,0.0,0.0,0.0
1772565772086646794,169.0370944,7.193017482757568,0.19955408573150635,-22.10260772705078,0.029716402292251587,-0.9053545594215393,0.005956143140792847,-0.42357364296913147,-3.0498070828953407,0.0,0.0,0.0,0.0,0.0,0.0
1772565772236518509,169.186966016,7.251060962677002,0.20065051317214966,-22.150793075561523,0.02989804744720459,-0.9054593443870544,0.006321609020233154,-0.4233315885066986,-3.048868003595712,0.0,0.0,0.0,0.0,0.0,0.0
1772565772336629793,169.287077376,7.320592403411865,0.2016788125038147,-22.20869255065918,0.030034329742193222,-0.9055979251861572,0.007016568444669247,-0.4230142831802368,-3.0476439243896585,0.0,0.0,0.0,0.0,0.0,0.0
1772565772433915781,169.38436352,7.378566265106201,0.20241230726242065,-22.256797790527344,0.02987619861960411,-0.9057031273841858,0.007619558833539486,-0.42278972268104553,-3.0473514958000525,0.0,0.0,0.0,0.0,0.0,0.0
1772565772537174505,169.487622144,7.447824001312256,0.20400816202163696,-22.31464385986328,0.029965724796056747,-0.9058327674865723,0.007830171845853329,-0.42250165343284607,-3.0468900885830816,0.0,0.0,0.0,0.0,0.0,0.0
1772565772650134084,169.600581632,7.516883373260498,0.2043665051460266,-22.373050689697266,0.030054833739995956,-0.9059403538703918,0.008333682082593441,-0.4222552180290222,-3.0460395229125403,0.0,0.0,0.0,0.0,0.0,0.0
1772565772799369445,169.749817088,7.574345111846924,0.20541495084762573,-22.421789169311523,0.030186772346496582,-0.9060208201408386,0.008874386548995972,-0.42206212878227234,-3.0450093927056594,0.0,0.0,0.0,0.0,0.0,0.0
1772565772896516716,169.846964224,7.643301486968994,0.20720821619033813,-22.480199813842773,0.030417414382100105,-0.9061359763145447,0.009039373137056828,-0.4217946529388428,-3.0442099525151303,0.0,0.0,0.0,0.0,0.0,0.0
1772565772985160754,169.93560832,7.700839519500732,0.20743459463119507,-22.529186248779297,0.030663520097732544,-0.9062424898147583,0.009356915950775146,-0.4215410351753235,-3.0431669781930526,0.0,0.0,0.0,0.0,0.0,0.0
1772565773087993549,170.038441216,7.770083904266357,0.2081325650215149,-22.587501525878906,0.030589517205953598,-0.9063518047332764,0.009586780332028866,-0.42130589485168457,-3.0431333266170735,0.0,0.0,0.0,0.0,0.0,0.0
1772565773238777444,170.18922496,7.827810764312744,0.20895332098007202,-22.636079788208008,0.030577510595321655,-0.9064550399780273,0.00968065857887268,-0.42108261585235596,-3.0430994702485363,0.0,0.0,0.0,0.0,0.0,0.0
1772565773323866198,170.274313728,7.897324085235596,0.2089584469795227,-22.694398880004883,0.030496835708618164,-0.9065754413604736,0.00981295108795166,-0.420826256275177,-3.043216630816776,0.0,0.0,0.0,0.0,0.0,0.0
1772565773439976859,170.390424576,7.955186367034912,0.2093491554260254,-22.742597579956055,0.03032117709517479,-0.9066800475120544,0.009884952567517757,-0.4206116199493408,-3.0436677903167304,0.0,0.0,0.0,0.0,0.0,0.0
1772565773538947341,170.489394944,8.024168014526367,0.2105291485786438,-22.80084228515625,0.030506670475006104,-0.9067827463150024,0.010105609893798828,-0.4203716814517975,-3.042921311161,0.0,0.0,0.0,0.0,0.0,0.0
1772565773652908328,170.603355904,8.093473434448242,0.21123415231704712,-22.858888626098633,0.03020864725112915,-0.9068410992622375,0.009956777095794678,-0.4202709496021271,-3.043972426160579,0.0,0.0,0.0,0.0,0.0,0.0
1772565773796665811,170.747113472,8.150985717773438,0.21187657117843628,-22.907794952392578,0.030212130397558212,-0.906843364238739,0.010064839385449886,-0.4202629625797272,-3.0438251493354134,0.0,0.0,0.0,0.0,0.0,0.0
1772565773890712356,170.841159936,8.208415985107422,0.21235501766204834,-22.956815719604492,0.03030756302177906,-0.9068172574043274,0.010114611126482487,-0.42031148076057434,-3.04348200483358,0.0,0.0,0.0,0.0,0.0,0.0
1772565773989861043,170.940308736,8.276805877685547,0.21378445625305176,-23.015605926513672,0.030575396493077278,-0.9067202210426331,0.009751648642122746,-0.4205099046230316,-3.043152171599579,0.0,0.0,0.0,0.0,0.0,0.0
1772565774090523940,171.04097152,8.334125518798828,0.21448582410812378,-23.064468383789062,0.030541837215423584,-0.906664252281189,0.009726077318191528,-0.42063361406326294,-3.0432493681381594,0.0,0.0,0.0,0.0,0.0,0.0
1772565774190954721,171.141402368,8.40338134765625,0.2142506241798401,-23.122943878173828,0.03018096089363098,-0.9066227674484253,0.009578883647918701,-0.4207524061203003,-3.0444227208192105,0.0,0.0,0.0,0.0,0.0,0.0
1772565774343498732,171.293946368,8.471818923950195,0.21581023931503296,-23.181583404541016,0.03051358461380005,-0.9065375328063965,0.009427368640899658,-0.420915424823761,-3.0436470014872348,0.0,0.0,0.0,0.0,0.0,0.0
1772565774424754747,171.375202304,8.529497146606445,0.21632170677185059,-23.23060417175293,0.030380070209503174,-0.9064799547195435,0.009497880935668945,-0.4210474193096161,-3.043898545525831,0.0,0.0,0.0,0.0,0.0,0.0
1772565774551289319,171.50173696,8.598865509033203,0.21609288454055786,-23.28949546813965,0.030296623706817627,-0.9064211249351501,0.009327024221420288,-0.4211840331554413,-3.0443213825391067,0.0,0.0,0.0,0.0,0.0,0.0
1772565774649958100,171.60040576,8.655994415283203,0.21717756986618042,-23.338619232177734,0.03048768825829029,-0.9063340425491333,0.00933933351188898,-0.4213571548461914,-3.0437277061882684,0.0,0.0,0.0,0.0,0.0,0.0
1772565774751960295,171.702407936,8.724571228027344,0.2182101011276245,-23.39775276184082,0.030469566583633423,-0.9061540961265564,0.009514570236206055,-0.42174139618873596,-3.0434585733165793,0.0,0.0,0.0,0.0,0.0,0.0
1772565774861200409,171.811648,8.781530380249023,0.21845024824142456,-23.447162628173828,0.030569344758987427,-0.9059556126594543,0.009624123573303223,-0.42215806245803833,-3.04293457044651,0.0,0.0,0.0,0.0,0.0,0.0
1772565775011440969,171.961888512,8.850030899047852,0.21941787004470825,-23.50544548034668,0.030175592750310898,-0.9057636857032776,0.009392677806317806,-0.4226030707359314,-3.0442361616289975,0.0,0.0,0.0,0.0,0.0,0.0
1772565775114453262,172.064900864,8.906949996948242,0.22014391422271729,-23.554210662841797,0.03003900870680809,-0.9055911898612976,0.0094622066244483,-0.42298072576522827,-3.0444389578039552,0.0,0.0,0.0,0.0,0.0,0.0
1772565775212153139,172.162600704,8.97604751586914,0.21987122297286987,-23.612802505493164,0.029452115297317505,-0.9054046273231506,0.009676635265350342,-0.4234163761138916,-3.0457074647819615,0.0,0.0,0.0,0.0,0.0,0.0
1772565775312301118,172.262748672,9.033380508422852,0.22042399644851685,-23.6611328125,0.029247164726257324,-0.9052726030349731,0.00946742296218872,-0.4237173795700073,-3.04648808391921,0.0,0.0,0.0,0.0,0.0,0.0
1772565775415355325,172.365803008,9.101768493652344,0.22174257040023804,-23.719364166259766,0.029215455055236816,-0.9050741791725159,0.009507715702056885,-0.4241425395011902,-3.0464235016318586,0.0,0.0,0.0,0.0,0.0,0.0
1772565775533572991,172.48402048,9.159194946289062,0.22214347124099731,-23.76818084716797,0.028946544975042343,-0.904848575592041,0.009676515124738216,-0.4246380031108856,-3.046842651515535,0.0,0.0,0.0,0.0,0.0,0.0
1772565775651378033,172.601825536,9.227521896362305,0.22214490175247192,-23.826139450073242,0.029068946838378906,-0.9046014547348022,0.009268254041671753,-0.42516520619392395,-3.0469101204892013,0.0,0.0,0.0,0.0,0.0,0.0
1772565775749809005,172.700256512,9.284610748291016,0.22306615114212036,-23.874347686767578,0.02877625823020935,-0.9043927788734436,0.009282857179641724,-0.4256284832954407,-3.047609613099663,0.0,0.0,0.0,0.0,0.0,0.0
1772565775864766611,172.815214336,9.352853775024414,0.22368252277374268,-23.932687759399414,0.02910974621772766,-0.9041246175765991,0.009537667036056519,-0.42616942524909973,-3.046196758371458,0.0,0.0,0.0,0.0,0.0,0.0
1772565776005458405,172.955906048,9.421491622924805,0.22390586137771606,-23.990196228027344,0.028803497552871704,-0.9038621783256531,0.009067416191101074,-0.4267567992210388,-3.0475511603983994,0.0,0.0,0.0,0.0,0.0,0.0
1772565776117448885,173.067896576,9.478260040283203,0.22489356994628906,-24.038311004638672,0.028743475675582886,-0.9036397337913513,0.009141594171524048,-0.42723003029823303,-3.0475100533271235,0.0,0.0,0.0,0.0,0.0,0.0
1772565776200486774,173.150934272,9.546714782714844,0.22521966695785522,-24.09615135192871,0.02883809804916382,-0.9033756256103516,0.009476184844970703,-0.42777448892593384,-3.0466623255379215,0.0,0.0,0.0,0.0,0.0,0.0
1772565776349767774,173.300215296,9.61591911315918,0.22555196285247803,-24.15349578857422,0.028465211391448975,-0.9030998945236206,0.008877038955688477,-0.42839425802230835,-3.048379957364429,0.0,0.0,0.0,0.0,0.0,0.0
1772565776418779183,173.369226752,9.673507690429688,0.22556930780410767,-24.201263427734375,0.028090626001358032,-0.9028798937797546,0.00865885615348816,-0.4288867712020874,-3.049625836509101,0.0,0.0,0.0,0.0,0.0,0.0
1772565776518430346,173.46887808,9.731706619262695,0.22537904977798462,-24.249191284179688,0.02744954824447632,-0.9026545286178589,0.008652806282043457,-0.429402619600296,-3.0513443139741923,0.0,0.0,0.0,0.0,0.0,0.0
1772565776627026072,173.577473792,9.790107727050781,0.22566694021224976,-24.29658317565918,0.026173889636993408,-0.9024587869644165,0.008911371231079102,-0.4298880100250244,-3.054529473126458,0.0,0.0,0.0,0.0,0.0,0.0
1772565776749767006,173.700214528,9.859790802001953,0.2261524796485901,-24.352540969848633,0.024777323007583618,-0.9022456407546997,0.008626610040664673,-0.43042370676994324,-3.058794368713483,0.0,0.0,0.0,0.0,0.0,0.0
1772565776843909243,173.794356736,9.916015625,0.22641205787658691,-24.399938583374023,0.02558887004852295,-0.9020390510559082,0.00832754373550415,-0.43081483244895935,-3.056791521582858,0.0,0.0,0.0,0.0,0.0,0.0
1772565776949485819,173.89993344,9.971609115600586,0.2266501784324646,-24.44754981994629,0.026932179927825928,-0.9017851948738098,0.008015424013137817,-0.43127012252807617,-3.053264017492364,0.0,0.0,0.0,0.0,0.0,0.0
1772565777051744389,174.002192128,10.040445327758789,0.227705717086792,-24.504159927368164,0.026436179876327515,-0.9014995694160461,0.0077943503856658936,-0.4319015145301819,-3.0548483451166386,0.0,0.0,0.0,0.0,0.0,0.0
1772565777168979010,174.11942656,10.098442077636719,0.22832423448562622,-24.551298141479492,0.025940001010894775,-0.9012963175773621,0.0075893402099609375,-0.43235915899276733,-3.056454607614171,0.0,0.0,0.0,0.0,0.0,0.0
1772565777269830766,174.220278272,10.167016983032227,0.22821223735809326,-24.60845947265625,0.026422947645187378,-0.9009869694709778,0.007318764925003052,-0.43297895789146423,-3.0553003811150203,0.0,0.0,0.0,0.0,0.0,0.0
1772565777421583732,174.372031232,10.23564338684082,0.2296472191810608,-24.66516876220703,0.02652198076248169,-0.900672435760498,0.00697934627532959,-0.43363243341445923,-3.055338880434692,0.0,0.0,0.0,0.0,0.0,0.0
1772565777525663738,174.47611136,10.293746948242188,0.22994112968444824,-24.7123966217041,0.026214540004730225,-0.9004309773445129,0.006657242774963379,-0.4341571629047394,-3.056557074040009,0.0,0.0,0.0,0.0,0.0,0.0
1772565777615519841,174.56596736,10.364131927490234,0.2287941575050354,-24.768766403198242,0.02540796995162964,-0.9001610279083252,0.006252706050872803,-0.43477073311805725,-3.0593186957147314,0.0,0.0,0.0,0.0,0.0,0.0
1772565777723036192,174.673483776,10.422447204589844,0.2290627360343933,-24.815492630004883,0.02484923228621483,-0.8999039530754089,0.005774408113211393,-0.4353414475917816,-3.061483931567068,0.0,0.0,0.0,0.0,0.0,0.0
1772565777849630812,174.800078336,10.492593765258789,0.2292831540107727,-24.871450424194336,0.024281829595565796,-0.8996308445930481,0.005242496728897095,-0.43594422936439514,-3.0637509241270093,0.0,0.0,0.0,0.0,0.0,0.0
1772565777949637398,174.900084992,10.551033020019531,0.2284163236618042,-24.917869567871094,0.023662865161895752,-0.8994078636169434,0.004794716835021973,-0.43644317984580994,-3.066078253604934,0.0,0.0,0.0,0.0,0.0,0.0
1772565778049858118,175.000305664,10.62099838256836,0.22917205095291138,-24.973302841186523,0.022934675216674805,-0.8990974426269531,0.004036307334899902,-0.43712878227233887,-3.0691340026013516,0.0,0.0,0.0,0.0,0.0,0.0
1772565778172774175,175.12322176,10.690937042236328,0.22955358028411865,-25.028684616088867,0.022371560335159302,-0.8988081812858582,0.0034959912300109863,-0.43775707483291626,-3.071424314109606,0.0,0.0,0.0,0.0,0.0,0.0
1772565778293122593,175.243570176,10.749608993530273,0.22922462224960327,-25.074575424194336,0.0215701162815094,-0.8986026048660278,0.0030006468296051025,-0.4382226765155792,-3.0743827929448377,0.0,0.0,0.0,0.0,0.0,0.0
1772565778422581373,175.373028864,10.82022476196289,0.2300770878791809,-25.129301071166992,0.020297467708587646,-0.898313581943512,0.0021691322326660156,-0.4388805031776428,-3.079174716558629,0.0,0.0,0.0,0.0,0.0,0.0
1772565778523031885,175.473479424,10.879585266113281,0.2309301495552063,-25.175344467163086,0.019294679164886475,-0.8981192111968994,0.0018918514251708984,-0.43932458758354187,-3.0824354902106497,0.0,0.0,0.0,0.0,0.0,0.0
1772565778623472892,175.573920512,10.94943618774414,0.23151880502700806,-25.23126220703125,0.019848257303237915,-0.8978884816169739,0.0014207065105438232,-0.4397730827331543,-3.081423813634499,0.0,0.0,0.0,0.0,0.0,0.0
1772565778752690748,175.703138304,11.019775390625,0.23430299758911133,-25.285715103149414,0.018680481240153313,-0.8976732492446899,0.0014553366927430034,-0.4402630925178528,-3.0847259872051023,0.0,0.0,0.0,0.0,0.0,0.0
1772565778849320662,175.79976832,11.078201293945312,0.23541277647018433,-25.33172607421875,0.018598971888422966,-0.8974858522415161,0.001368909957818687,-0.44064897298812866,-3.085036008851751,0.0,0.0,0.0,0.0,0.0,0.0
1772565778950592832,175.901040384,11.146728515625,0.23546171188354492,-25.387676239013672,0.020278779789805412,-0.897221565246582,0.0008768438128754497,-0.44111382961273193,-3.0807468647591323,0.0,0.0,0.0,0.0,0.0,0.0
1772565779074118319,176.024566016,11.205297470092773,0.23685187101364136,-25.43265724182129,0.01912766695022583,-0.897025465965271,0.000911325216293335,-0.4415639638900757,-3.0840161355927846,0.0,0.0,0.0,0.0,0.0,0.0
1772565779173215301,176.123662848,11.275035858154297,0.23872852325439453,-25.48706817626953,0.018628060817718506,-0.8968117237091064,0.0011192858219146729,-0.4420187473297119,-3.085122482812868,0.0,0.0,0.0,0.0,0.0,0.0
1772565779311377570,176.26182528,11.333738327026367,0.23930245637893677,-25.532669067382812,0.018260300159454346,-0.8966280221939087,0.0011626482009887695,-0.44240644574165344,-3.0860897903982782,0.0,0.0,0.0,0.0,0.0,0.0
1772565779429395144,176.379842816,11.403093338012695,0.240231454372406,-25.587265014648438,0.018598556518554688,-0.8963840007781982,0.0007608234882354736,-0.4428875148296356,-3.0856112219085787,0.0,0.0,0.0,0.0,0.0,0.0
1772565779524194801,176.474642432,11.460905075073242,0.2416260838508606,-25.633024215698242,0.01893937774002552,-0.8961523175239563,0.0006463528261519969,-0.44334182143211365,-3.084710083211701,0.0,0.0,0.0,0.0,0.0,0.0
1772565779608416516,176.558864128,11.519035339355469,0.24286407232284546,-25.678483963012695,0.01890757866203785,-0.8959633111953735,0.0007102788076736033,-0.4437249004840851,-3.0846579786762915,0.0,0.0,0.0,0.0,0.0,0.0
1772565779726937664,176.677385216,11.590433120727539,0.2428797483444214,-25.73281478881836,0.017749905586242676,-0.8957526087760925,0.0007903873920440674,-0.4441978335380554,-3.087900775103572,0.0,0.0,0.0,0.0,0.0,0.0
1772565779826307362,176.776754944,11.648336410522461,0.24420905113220215,-25.77829360961914,0.018095582723617554,-0.8955348134040833,0.0005450546741485596,-0.4446232318878174,-3.0871811835638927,0.0,0.0,0.0,0.0,0.0,0.0
1772565779927047113,176.877494784,11.718683242797852,0.24607723951339722,-25.832712173461914,0.017484337091445923,-0.8952409625053406,0.0006792843341827393,-0.4452386498451233,-3.0887152161603297,0.0,0.0,0.0,0.0,0.0,0.0
1772565780044524860,176.994972416,11.77712631225586,0.24680596590042114,-25.878273010253906,0.01754578948020935,-0.8949972987174988,0.0007313787937164307,-0.4457259178161621,-3.088392646222872,0.0,0.0,0.0,0.0,0.0,0.0
1772565780149905935,177.100353536,11.835306167602539,0.2473996877670288,-25.923614501953125,0.017765166237950325,-0.8947628736495972,0.0005739927873946726,-0.4461876451969147,-3.087912836700621,0.0,0.0,0.0,0.0,0.0,0.0
1772565780252548322,177.202995968,11.905206680297852,0.2489439845085144,-25.977569580078125,0.01760712079703808,-0.8944578170776367,0.0002602636523079127,-0.44680535793304443,-3.08876779827064,0.0,0.0,0.0,0.0,0.0,0.0
1772565780379016443,177.329464064,11.963897705078125,0.2502557039260864,-26.02292823791504,0.017602860927581787,-0.8942066431045532,0.0003275871276855469,-0.44730815291404724,-3.0886154713478984,0.0,0.0,0.0,0.0,0.0,0.0
1772565780508459667,177.458907392,12.034460067749023,0.2510055899620056,-26.077415466308594,0.017757149413228035,-0.8939269781112671,0.0002541840367484838,-0.44786059856414795,-3.088192651584499,0.0,0.0,0.0,0.0,0.0,0.0
1772565780592947655,177.543395328,12.09317398071289,0.25191426277160645,-26.122150421142578,0.017577439546585083,-0.8936979174613953,-3.090500831604004e-05,-0.4483247995376587,-3.0890956451455267,0.0,0.0,0.0,0.0,0.0,0.0
1772565780713416888,177.663864576,12.152244567871094,0.2531091570854187,-26.167217254638672,0.017262786626815796,-0.8934312462806702,-4.64022159576416e-05,-0.4488682150840759,-3.0899910084041906,0.0,0.0,0.0,0.0,0.0,0.0
1772565780788031386,177.738479104,12.222978591918945,0.25414007902145386,-26.221599578857422,0.017254116013646126,-0.8931137919425964,0.00022044779325369745,-0.4494996964931488,-3.08953537600131,0.0,0.0,0.0,0.0,0.0,0.0
1772565780890663292,177.841110784,12.28232192993164,0.2550763487815857,-26.266414642333984,0.0169202983379364,-0.8928494453430176,-5.036592483520508e-06,-0.45003747940063477,-3.090808556439527,0.0,0.0,0.0,0.0,0.0,0.0
1772565780994860121,177.945307648,12.337261199951172,0.25516992807388306,-26.3074951171875,0.016614556312561035,-0.8927057981491089,-1.099705696105957e-05,-0.4503336250782013,-3.0916988395275693,0.0,0.0,0.0,0.0,0.0,0.0
1772565781101366157,178.051813888,12.386735916137695,0.25592124462127686,-26.343210220336914,0.015773028135299683,-0.8927260041236877,0.0001537799835205078,-0.45032376050949097,-3.093978293551488,0.0,0.0,0.0,0.0,0.0,0.0
1772565781202488121,178.15293568,12.445148468017578,0.25692176818847656,-26.386085510253906,0.015850843861699104,-0.8927860856056213,-0.00036248567630536854,-0.4502018988132477,-3.094539664134725,0.0,0.0,0.0,0.0,0.0,0.0
1772565781314711659,178.265159168,12.491044998168945,0.25804758071899414,-26.420413970947266,0.015978991985321045,-0.8927218914031982,-0.0005208253860473633,-0.45032447576522827,-3.0943803130567837,0.0,0.0,0.0,0.0,0.0,0.0
1772565781445218778,178.395666432,12.54237174987793,0.2591347098350525,-26.4576473236084,0.015186518430709839,-0.8926709294319153,-0.0007140040397644043,-0.4504525661468506,-3.097039343139751,0.0,0.0,0.0,0.0,0.0,0.0
1772565781549143880,178.499591424,12.593744277954102,0.2607162594795227,-26.495512008666992,0.014903604984283447,-0.892604410648346,-0.001026242971420288,-0.4505932927131653,-3.098347925997112,0.0,0.0,0.0,0.0,0.0,0.0
1772565781666867000,178.61731456,12.632516860961914,0.26146429777145386,-26.52490234375,0.015234440565109253,-0.8925269842147827,-0.001042783260345459,-0.4507354199886322,-3.0973636395666055,0.0,0.0,0.0,0.0,0.0,0.0
1772565781779046155,178.72949376,12.673200607299805,0.262781023979187,-26.55512809753418,0.015177786350250244,-0.8924543857574463,-0.0012385547161102295,-0.45088061690330505,-3.0978159952720037,0.0,0.0,0.0,0.0,0.0,0.0
1772565781891326515,178.84177408,12.70919418334961,0.26366370916366577,-26.58150863647461,0.014930874109268188,-0.8923779129981995,-0.001778244972229004,-0.4510383605957031,-3.0993627232876917,0.0,0.0,0.0,0.0,0.0,0.0
1772565781995141750,178.945589248,12.734809875488281,0.26406723260879517,-26.600461959838867,0.014704227447509766,-0.8923540115356445,-0.0014886856079101562,-0.4510941505432129,-3.099599375752923,0.0,0.0,0.0,0.0,0.0,0.0
1772565782108101681,179.058549248,12.764047622680664,0.26458656787872314,-26.619728088378906,0.012523950077593327,-0.8923217058181763,-0.0016094745369628072,-0.4512234628200531,-3.106334728092725,0.0,0.0,0.0,0.0,0.0,0.0
1772565782237047779,179.187495424,12.783796310424805,0.2647358179092407,-26.635269165039062,0.013153553009033203,-0.8923075199127197,-0.0011911392211914062,-0.45123490691185,-3.1038017532805156,0.0,0.0,0.0,0.0,0.0,0.0
1772565782349360161,179.299807744,12.799205780029297,0.2648312449455261,-26.645891189575195,0.012886524200439453,-0.8923195004463196,-0.0019555985927581787,-0.4512162506580353,-3.1057702390825797,0.0,0.0,0.0,0.0,0.0,0.0
1772565782449413989,179.399861504,12.803640365600586,0.2652314305305481,-26.650022506713867,0.013431907631456852,-0.892372190952301,-0.002047091955319047,-0.45109573006629944,-3.104277482229244,0.0,0.0,0.0,0.0,0.0,0.0
1772565782549215583,179.499663104,12.800481796264648,0.26524096727371216,-26.64755630493164,0.013701767660677433,-0.8923341631889343,-0.002161354059353471,-0.4511622190475464,-3.103633285794184,0.0,0.0,0.0,0.0,0.0,0.0
1772565782659025067,179.609472768,12.788808822631836,0.26482683420181274,-26.638565063476562,0.012757420539855957,-0.892277181148529,-0.0015912950038909912,-0.4513050317764282,-3.1055974154219643,0.0,0.0,0.0,0.0,0.0,0.0
1772565782778396980,179.728844544,12.747512817382812,0.26439982652664185,-26.608415603637695,0.01266905665397644,-0.8922125101089478,-0.00160256028175354,-0.451435387134552,-3.105870005060152,0.0,0.0,0.0,0.0,0.0,0.0
1772565782874664165,179.825111808,12.699651718139648,0.2632104754447937,-26.573949813842773,0.012971431016921997,-0.8921492695808411,-0.001420527696609497,-0.45155230164527893,-3.104671906863061,0.0,0.0,0.0,0.0,0.0,0.0
1772565783008798791,179.959246336,12.654760360717773,0.26205700635910034,-26.54193115234375,0.013471455313265324,-0.8920685052871704,-0.0013837517471984029,-0.45169734954833984,-3.1030961947569935,0.0,0.0,0.0,0.0,0.0,0.0
1772565783131344168,180.081791744,12.601974487304688,0.260795533657074,-26.503158569335938,0.012877285480499268,-0.8920086622238159,-0.0009470283985137939,-0.4518338739871979,-3.1042090448016815,0.0,0.0,0.0,0.0,0.0,0.0
1772565783213782278,180.164229888,12.56356430053711,0.26009202003479004,-26.476547241210938,0.013555645942687988,-0.8921620845794678,-0.0005395114421844482,-0.4515116810798645,-3.1015731518489273,0.0,0.0,0.0,0.0,0.0,0.0
1772565783301279017,180.251726592,12.520376205444336,0.25890547037124634,-26.445018768310547,0.013559160754084587,-0.8922309279441833,-0.0001638233516132459,-0.4513759911060333,-3.101003917138994,0.0,0.0,0.0,0.0,0.0,0.0
1772565783410201838,180.360649472,12.469301223754883,0.25791865587234497,-26.409940719604492,0.015502272173762321,-0.8922030925750732,-0.00034961101482622325,-0.4513680338859558,-3.095435768068459,0.0,0.0,0.0,0.0,0.0,0.0
1772565783522985548,180.473433088,12.422073364257812,0.25693756341934204,-26.375965118408203,0.01565408706665039,-0.8922430276870728,-6.830692291259766e-05,-0.45128417015075684,-3.094560372494354,0.0,0.0,0.0,0.0,0.0,0.0
1772565783635048204,180.585495808,12.375511169433594,0.25596165657043457,-26.343948364257812,0.01637163758277893,-0.8924962282180786,-0.00013890862464904785,-0.4507577419281006,-3.0925709805543855,0.0,0.0,0.0,0.0,0.0,0.0
1772565783739391145,180.689838848,12.341302871704102,0.25430017709732056,-26.318593978881836,0.01603299379348755,-0.8925514817237854,-0.00014024972915649414,-0.45066046714782715,-3.0936027109911444,0.0,0.0,0.0,0.0,0.0,0.0
1772565783847376917,180.797824512,12.313352584838867,0.25490057468414307,-26.301834106445312,0.016893506050109863,-0.8931916952133179,-5.3495168685913086e-05,-0.44935867190361023,-3.09104630427835,0.0,0.0,0.0,0.0,0.0,0.0
1772565783950240917,180.90068864,12.280376434326172,0.2541493773460388,-26.277523040771484,0.01656356453895569,-0.8934017419815063,-1.811981201171875e-05,-0.44895315170288086,-3.0920308745597263,0.0,0.0,0.0,0.0,0.0,0.0
1772565784092389517,181.042837248,12.254470825195312,0.25386905670166016,-26.25839614868164,0.016422122716903687,-0.8933852314949036,0.0002554953098297119,-0.44899114966392517,-3.092038654991865,0.0,0.0,0.0,0.0,0.0,0.0
1772565784195441219,181.145888768,12.231304168701172,0.2532147765159607,-26.24222183227539,0.016924917697906494,-0.8935529589653015,-9.989738464355469e-05,-0.4486386477947235,-3.091110687586133,0.0,0.0,0.0,0.0,0.0,0.0
1772565784266950893,181.217398528,12.20741081237793,0.25307077169418335,-26.2243709564209,0.016536056995391846,-0.8936123847961426,0.00038999319076538086,-0.44853469729423523,-3.091552102038414,0.0,0.0,0.0,0.0,0.0,0.0
1772565784379206889,181.329654528,12.183475494384766,0.2521793246269226,-26.206436157226562,0.016402453184127808,-0.8936712145805359,-3.2067298889160156e-05,-0.44842249155044556,-3.092597551888834,0.0,0.0,0.0,0.0,0.0,0.0
1772565784514665548,181.465113088,12.164154052734375,0.2527769207954407,-26.1927490234375,0.01406124234199524,-0.8942596912384033,0.0008201897144317627,-0.4473269283771515,-3.098438783872059,0.0,0.0,0.0,0.0,0.0,0.0
1772565784637644002,181.588091648,12.144779205322266,0.252360463142395,-26.18351173400879,0.014062554575502872,-0.8953308463096619,0.0008900166139937937,-0.4451788067817688,-3.098561953312561,0.0,0.0,0.0,0.0,0.0,0.0
1772565784719903469,181.670351104,12.121065139770508,0.2512807250022888,-26.17681312561035,0.014035878702998161,-0.8973476886749268,0.0008258818415924907,-0.44110026955604553,-3.0991609443347765,0.0,0.0,0.0,0.0,0.0,0.0
1772565784838487237,181.788934912,12.100288391113281,0.2505650520324707,-26.172256469726562,0.014590293169021606,-0.8992295861244202,0.0008963942527770996,-0.4372328519821167,-3.0978379829637466,0.0,0.0,0.0,0.0,0.0,0.0
1772565784948020106,181.89846784,12.071592330932617,0.25093400478363037,-26.162912368774414,0.013968616724014282,-0.9016830325126648,0.0010526776313781738,-0.4321707487106323,-3.0999272958368866,0.0,0.0,0.0,0.0,0.0,0.0
1772565785044344721,181.994792448,12.043743133544922,0.24963712692260742,-26.152240753173828,0.014510423876345158,-0.9035615921020508,0.0009952486725524068,-0.4282112717628479,-3.0988368408396023,0.0,0.0,0.0,0.0,0.0,0.0
1772565785152339285,182.102786816,12.009160995483398,0.2491704821586609,-26.136878967285156,0.013722032308578491,-0.905876874923706,0.0014193356037139893,-0.42331641912460327,-3.1009703058821554,0.0,0.0,0.0,0.0,0.0,0.0
1772565785291859508,182.242307072,11.983957290649414,0.24854528903961182,-26.128746032714844,0.014111668802797794,-0.9078789353370667,0.0015954674454405904,-0.4189918041229248,-3.100042759340241,0.0,0.0,0.0,0.0,0.0,0.0
1772565785396012475,182.34646016,11.950281143188477,0.2475067377090454,-26.113264083862305,0.013909399509429932,-0.909931480884552,0.001478433609008789,-0.41452276706695557,-3.101156305385315,0.0,0.0,0.0,0.0,0.0,0.0
1772565785494694887,182.445142528,11.921735763549805,0.24783384799957275,-26.097946166992188,0.01409575343132019,-0.9113239645957947,0.001444488763809204,-0.41144615411758423,-3.100950657865423,0.0,0.0,0.0,0.0,0.0,0.0
1772565785646591760,182.59703936,11.889215469360352,0.24642199277877808,-26.08091926574707,0.014253944158554077,-0.9130859971046448,0.0013806521892547607,-0.40751558542251587,-3.100930101411801,0.0,0.0,0.0,0.0,0.0,0.0
1772565785746878830,182.697326336,11.866182327270508,0.24605023860931396,-26.066089630126953,0.014214664697647095,-0.9139339327812195,0.0019265413284301758,-0.4056095778942108,-3.1005374389307256,0.0,0.0,0.0,0.0,0.0,0.0
1772565785842637552,182.793085184,11.843940734863281,0.24584025144577026,-26.050765991210938,0.015367060899734497,-0.9144720435142517,0.0013588964939117432,-0.4043550491333008,-3.098194646095518,0.0,0.0,0.0,0.0,0.0,0.0
1772565785956260497,182.906708224,11.824417114257812,0.24519824981689453,-26.033863067626953,0.01577436923980713,-0.914417564868927,0.0013772249221801758,-0.4044624865055084,-3.0970560397219553,0.0,0.0,0.0,0.0,0.0,0.0
1772565786068210948,183.01865856,11.806333541870117,0.24530142545700073,-26.017230987548828,0.015395641326904297,-0.9143971800804138,0.0015850961208343506,-0.4045222997665405,-3.097830503232051,0.0,0.0,0.0,0.0,0.0,0.0
1772565786203438218,183.153885952,11.799591064453125,0.24533993005752563,-26.009498596191406,0.014016985893249512,-0.9145022630691528,0.0017789006233215332,-0.4043342173099518,-3.1013612389235767,0.0,0.0,0.0,0.0,0.0,0.0
1772565786274961806,183.225409536,11.79749870300293,0.24508202075958252,-26.008560180664062,0.014137951657176018,-0.9149066209793091,0.001861214404925704,-0.4034135341644287,-3.101011365634625,0.0,0.0,0.0,0.0,0.0,0.0
1772565786396604331,183.347052032,11.794443130493164,0.24503004550933838,-26.009233474731445,0.016462594270706177,-0.9148889780044556,0.0011379718780517578,-0.4033683240413666,-3.095573527908979,0.0,0.0,0.0,0.0,0.0,0.0
1772565786507783182,183.458230784,11.788177490234375,0.24472147226333618,-26.00318717956543,0.016192497685551643,-0.9148778319358826,0.0010446609230712056,-0.4034046530723572,-3.0964143258018297,0.0,0.0,0.0,0.0,0.0,0.0
1772565786650393879,183.600841472,11.778614044189453,0.2445017695426941,-25.99443244934082,0.016039399430155754,-0.914880633354187,0.0014372168807312846,-0.40340304374694824,-3.096360847480437,0.0,0.0,0.0,0.0,0.0,0.0
1772565786731721188,183.682168832,11.773263931274414,0.24438607692718506,-25.989669799804688,0.015964984893798828,-0.9148657917976379,0.0016243457794189453,-0.40343913435935974,-3.096335874008908,0.0,0.0,0.0,0.0,0.0,0.0
1772565786850116249,183.800563968,11.772340774536133,0.24424350261688232,-25.98941421508789,0.015850037336349487,-0.9150198101997375,0.0017863810062408447,-0.403093546628952,-3.0964860576026583,0.0,0.0,0.0,0.0,0.0,0.0
1772565786950085713,183.900533248,11.775087356567383,0.2438780665397644,-25.995885848999023,0.01664888858795166,-0.9156197309494019,0.0015337765216827393,-0.40169766545295715,-3.094753551111917,0.0,0.0,0.0,0.0,0.0,0.0
1772565787050393776,184.000841472,11.779489517211914,0.24367254972457886,-25.99859619140625,0.01617571711540222,-0.9163682460784912,0.0015032589435577393,-0.4000067710876465,-3.0962227848602972,0.0,0.0,0.0,0.0,0.0,0.0
1772565787149376627,184.099824128,11.787107467651367,0.24423342943191528,-26.00727081298828,0.016040772199630737,-0.9171077013015747,0.001731783151626587,-0.39831292629241943,-3.0964712044067295,0.0,0.0,0.0,0.0,0.0,0.0
1772565787267795227,184.218242816,11.795204162597656,0.24474328756332397,-26.01821517944336,0.014014900662004948,-0.917930543422699,0.00229132198728621,-0.3964870274066925,-3.101412553150587,0.0,0.0,0.0,0.0,0.0,0.0
1772565787394719893,184.345167616,11.802267074584961,0.24484938383102417,-26.027812957763672,0.013984084129333496,-0.9184776544570923,0.0023913979530334473,-0.3952183127403259,-3.101483456148258,0.0,0.0,0.0,0.0,0.0,0.0
1772565787510318555,184.460766208,11.810138702392578,0.24429643154144287,-26.037769317626953,0.01425391435623169,-0.9188361167907715,0.002101719379425049,-0.39437633752822876,-3.1011635573867222,0.0,0.0,0.0,0.0,0.0,0.0
1772565787588594994,184.53904256,11.817220687866211,0.24466615915298462,-26.049652099609375,0.013679981231689453,-0.9195283055305481,0.002045869827270508,-0.3927803039550781,-3.1028817728659344,0.0,0.0,0.0,0.0,0.0,0.0
1772565787725168913,184.675616512,11.825679779052734,0.24461036920547485,-26.061664581298828,0.015482455492019653,-0.9198448061943054,0.0018951594829559326,-0.3919723927974701,-3.0983271977679747,0.0,0.0,0.0,0.0,0.0,0.0
1772565787803276940,184.753724672,11.833608627319336,0.2452663779258728,-26.068872451782227,0.015280276536941528,-0.9198353290557861,0.0017005205154418945,-0.3920034170150757,-3.09908158240131,0.0,0.0,0.0,0.0,0.0,0.0
1772565787944427448,184.894875136,11.847230911254883,0.24530303478240967,-26.082664489746094,0.015883952379226685,-0.919811487197876,0.001247406005859375,-0.392037034034729,-3.0979877006747967,0.0,0.0,0.0,0.0,0.0,0.0
1772565788025440299,184.975887872,11.859506607055664,0.2452031970024109,-26.09424591064453,0.015537798404693604,-0.919806957244873,0.0015009045600891113,-0.39206042885780334,-3.098618562846871,0.0,0.0,0.0,0.0,0.0,0.0
1772565788131165430,185.081613056,11.874794006347656,0.24571871757507324,-26.10866355895996,0.015078485012054443,-0.9197800755500793,0.0016926825046539307,-0.39214086532592773,-3.099615207384636,0.0,0.0,0.0,0.0,0.0,0.0
1772565788227068253,185.177515776,11.896692276000977,0.24602991342544556,-26.130613327026367,0.01575121283531189,-0.9197341799736023,0.0012322664260864258,-0.3922237157821655,-3.098342068230855,0.0,0.0,0.0,0.0,0.0,0.0
1772565788355073058,185.30552064,11.896764755249023,0.24654561281204224,-26.12779998779297,0.013289272785186768,-0.9197723865509033,0.0018668174743652344,-0.3922228217124939,-3.1041653810090892,0.0,0.0,0.0,0.0,0.0,0.0
1772565788478969396,185.42941696,11.823781967163086,0.2457790970802307,-26.05970573425293,0.01397407054901123,-0.9196332693099976,0.002028137445449829,-0.3925244212150574,-3.1021397470552117,0.0,0.0,0.0,0.0,0.0,0.0
1772565788611162373,185.561609984,11.746654510498047,0.24560171365737915,-25.989866256713867,0.016003310680389404,-0.9193896651268005,0.0015834271907806396,-0.3930191993713379,-3.0972068519691915,0.0,0.0,0.0,0.0,0.0,0.0
1772565788693054611,185.643502336,11.654369354248047,0.24420326948165894,-25.905071258544922,0.017308861017227173,-0.9191149473190308,0.0013649463653564453,-0.393606960773468,-3.093927744396438,0.0,0.0,0.0,0.0,0.0,0.0
1772565788845389966,185.795837696,11.56309700012207,0.2425408959388733,-25.816946029663086,0.01546504907310009,-0.918993353843689,0.0019392368849366903,-0.39396506547927856,-3.0981541466392133,0.0,0.0,0.0,0.0,0.0,0.0
1772565788925813104,185.876260608,11.490345001220703,0.24117130041122437,-25.749401092529297,0.016487209126353264,-0.9189258217811584,0.0019074378069490194,-0.39408090710639954,-3.0954555565377735,0.0,0.0,0.0,0.0,0.0,0.0
1772565789049852439,186.000300032,11.419281005859375,0.2402348518371582,-25.683513641357422,0.017139434814453125,-0.9187825918197632,0.0018291771411895752,-0.39438748359680176,-3.0937775767456386,0.0,0.0,0.0,0.0,0.0,0.0
1772565789149788591,186.100236288,11.33597183227539,0.23891901969909668,-25.605924606323242,0.01730877161026001,-0.9185840487480164,0.0017467141151428223,-0.3948427736759186,-3.093377423503907,0.0,0.0,0.0,0.0,0.0,0.0
1772565789252101014,186.202548736,11.255315780639648,0.2376064658164978,-25.53110122680664,0.017573922872543335,-0.9183958172798157,0.0018476545810699463,-0.3952680826187134,-3.0925130852442977,0.0,0.0,0.0,0.0,0.0,0.0
1772565789355917953,186.306365696,11.1910400390625,0.23670095205307007,-25.471363067626953,0.017504751682281494,-0.9182432889938354,0.0020138919353485107,-0.39562466740608215,-3.092472508376037,0.0,0.0,0.0,0.0,0.0,0.0
1772565789499408021,186.449855744,11.131389617919922,0.2351425290107727,-25.416223526000977,0.017560752108693123,-0.9181116223335266,0.0024397673550993204,-0.39592525362968445,-3.091803108534912,0.0,0.0,0.0,0.0,0.0,0.0
1772565789607740983,186.558188544,11.068391799926758,0.23375767469406128,-25.357128143310547,0.01729685068130493,-0.9180083274841309,0.002446115016937256,-0.39617621898651123,-3.0924768900175184,0.0,0.0,0.0,0.0,0.0,0.0
1772565789698963517,186.649411072,11.015338897705078,0.23256051540374756,-25.30544662475586,0.01779395341873169,-0.9183292388916016,0.002504974603652954,-0.39540937542915344,-3.0911564712478703,0.0,0.0,0.0,0.0,0.0,0.0
1772565789802895594,186.753343232,10.976642608642578,0.23134583234786987,-25.270353317260742,0.017890065908432007,-0.9190130233764648,0.002596735954284668,-0.3938125967979431,-3.090956195167742,0.0,0.0,0.0,0.0,0.0,0.0
1772565789909032000,186.859479552,10.934690475463867,0.23067110776901245,-25.23752784729004,0.0172920823097229,-0.9204403162002563,0.0031742751598358154,-0.3904876708984375,-3.0922237159635513,0.0,0.0,0.0,0.0,0.0,0.0
1772565790052058999,187.002506496,10.9051513671875,0.22929632663726807,-25.220279693603516,0.01846766471862793,-0.9230083227157593,0.0030951499938964844,-0.3843240737915039,-3.0898271936251502,0.0,0.0,0.0,0.0,0.0,0.0
1772565790150700606,187.10114816,10.887331008911133,0.228451669216156,-25.217737197875977,0.01836383156478405,-0.9273844957351685,0.0033489461056888103,-0.3736436069011688,-3.0908613789860446,0.0,0.0,0.0,0.0,0.0,0.0
1772565790250395855,187.20084352,10.895206451416016,0.2289382815361023,-25.240888595581055,0.018622994422912598,-0.9315521717071533,0.0037217140197753906,-0.3631115257740021,-3.09079484653798,0.0,0.0,0.0,0.0,0.0,0.0
1772565790362704541,187.313152256,10.914525985717773,0.22918003797531128,-25.272743225097656,0.018961936235427856,-0.9354338645935059,0.0039154887199401855,-0.35297125577926636,-3.0906579488318884,0.0,0.0,0.0,0.0,0.0,0.0
1772565790469478570,187.419926272,10.948728561401367,0.22923129796981812,-25.322141647338867,0.019084423780441284,-0.939781665802002,0.003959178924560547,-0.34121933579444885,-3.0913065972238645,0.0,0.0,0.0,0.0,0.0,0.0
1772565790587560509,187.538008064,10.988374710083008,0.2299700379371643,-25.366199493408203,0.018537908792495728,-0.9423815608024597,0.0036937296390533447,-0.3340056240558624,-3.0934369942729196,0.0,0.0,0.0,0.0,0.0,0.0
1772565790691721545,187.642169088,11.040443420410156,0.23151260614395142,-25.427753448486328,0.019327310845255852,-0.9436618089675903,0.0034175212495028973,-0.3303287625312805,-3.092038147506221,0.0,0.0,0.0,0.0,0.0,0.0
1772565790805265553,187.75571328,11.082405090332031,0.23266708850860596,-25.482067108154297,0.02012503147125244,-0.9436646699905396,0.0029177963733673096,-0.3302778899669647,-3.090537506080151,0.0,0.0,0.0,0.0,0.0,0.0
1772565790949396278,187.89984384,11.138956069946289,0.2328614592552185,-25.552518844604492,0.01962393708527088,-0.9436435699462891,0.0029049518052488565,-0.3303684890270233,-3.0917514509499933,0.0,0.0,0.0,0.0,0.0,0.0
1772565791043675985,187.99412352,11.199216842651367,0.23439300060272217,-25.629085540771484,0.02015802450478077,-0.9435755610466003,0.002169162267819047,-0.33053603768348694,-3.091070461732765,0.0,0.0,0.0,0.0,0.0,0.0
1772565791142977488,188.093425152,11.251422882080078,0.23476064205169678,-25.69346046447754,0.01920679397881031,-0.9435542225837708,0.0023408534470945597,-0.3306525647640228,-3.093214703470104,0.0,0.0,0.0,0.0,0.0,0.0
1772565791246181964,188.196629504,11.307027816772461,0.23651301860809326,-25.763887405395508,0.019501537084579468,-0.9434781670570374,0.0018309056758880615,-0.33085545897483826,-3.0929195412592887,0.0,0.0,0.0,0.0,0.0,0.0
1772565791393471667,188.34391936,11.37679672241211,0.23692667484283447,-25.85102081298828,0.01895424723625183,-0.9434036016464233,0.0019750595092773438,-0.33109909296035767,-3.0941033395687785,0.0,0.0,0.0,0.0,0.0,0.0
1772565791483881965,188.4343296,11.452014923095703,0.23763394355773926,-25.94517707824707,0.01873740740120411,-0.9433261752128601,0.0017578006954863667,-0.33133313059806824,-3.0947957777485446,0.0,0.0,0.0,0.0,0.0,0.0
1772565791581934191,188.532381696,11.515998840332031,0.23818159103393555,-26.02454948425293,0.01807004027068615,-0.9432660937309265,0.00159281468950212,-0.3315418064594269,-3.0965358435311305,0.0,0.0,0.0,0.0,0.0,0.0
1772565791694858440,188.645306112,11.588502883911133,0.23873192071914673,-26.111530303955078,0.014952868223190308,-0.9431859254837036,0.0024007558822631836,-0.33192014694213867,-3.103366966940334,0.0,0.0,0.0,0.0,0.0,0.0
1772565791811119523,188.761567232,11.6087646484375,0.237498939037323,-26.135103225708008,0.013329235836863518,-0.9431213140487671,0.0030646617524325848,-0.33216729760169983,-3.106717164116512,0.0,0.0,0.0,0.0,0.0,0.0
1772565791915274147,188.865721856,11.573047637939453,0.23791927099227905,-26.09122085571289,0.013178229331970215,-0.9430722594261169,0.0033031702041625977,-0.33231040835380554,-3.1068715528740753,0.0,0.0,0.0,0.0,0.0,0.0
1772565792027151950,188.977599488,11.513887405395508,0.2385098934173584,-26.0197811126709,0.013877985998988152,-0.9429478645324707,0.0029338891617953777,-0.33263811469078064,-3.1054737026875556,0.0,0.0,0.0,0.0,0.0,0.0
1772565792138619804,189.08906752,11.436380386352539,0.237254798412323,-25.92926597595215,0.01706904172897339,-0.9427859783172607,0.0020895004272460938,-0.33295485377311707,-3.098445544794624,0.0,0.0,0.0,0.0,0.0,0.0
1772565792249086426,189.19953408,11.358619689941406,0.2366316318511963,-25.83543586730957,0.01750415563583374,-0.9425955414772034,0.0021200478076934814,-0.33347088098526,-3.0973314417988553,0.0,0.0,0.0,0.0,0.0,0.0
1772565792407388858,189.357836544,11.281322479248047,0.2357373833656311,-25.740013122558594,0.01656314730644226,-0.9424769282341003,0.002722114324569702,-0.33384963870048523,-3.099072764283529,0.0,0.0,0.0,0.0,0.0,0.0
1772565792502354248,189.452801792,11.219709396362305,0.23498696088790894,-25.665376663208008,0.016724735498428345,-0.9423611760139465,0.002996683120727539,-0.3341655433177948,-3.0984240871698563,0.0,0.0,0.0,0.0,0.0,0.0
1772565792607349075,189.557796608,11.149127960205078,0.23383796215057373,-25.579940795898438,0.016968101263046265,-0.9422379732131958,0.0032052993774414062,-0.33449888229370117,-3.097631410191638,0.0,0.0,0.0,0.0,0.0,0.0
1772565792711295649,189.66174336,11.092506408691406,0.23217731714248657,-25.511259078979492,0.01706955023109913,-0.942159116268158,0.0036155583802610636,-0.33471164107322693,-3.097017007540144,0.0,0.0,0.0,0.0,0.0,0.0
1772565792820131826,189.770579456,11.023738861083984,0.2311549186706543,-25.427780151367188,0.017910361289978027,-0.9421631097793579,0.003588259220123291,-0.334656685590744,-3.0950025774900176,0.0,0.0,0.0,0.0,0.0,0.0
1772565792949427331,189.899875072,10.953641891479492,0.22967815399169922,-25.34214973449707,0.01864260621368885,-0.9422144293785095,0.003692478174343705,-0.33447083830833435,-3.093148770680627,0.0,0.0,0.0,0.0,0.0,0.0
1772565793038693474,189.989140992,10.902729034423828,0.22849023342132568,-25.27945327758789,0.018669696524739265,-0.9423465132713318,0.003969163168221712,-0.33409401774406433,-3.0928740120147187,0.0,0.0,0.0,0.0,0.0,0.0
1772565793149394996,190.09984256,10.859121322631836,0.22699743509292603,-25.236209869384766,0.018548309803009033,-0.9433403015136719,0.004215329885482788,-0.3312813341617584,-3.093173469119266,0.0,0.0,0.0,0.0,0.0,0.0
1772565793267324262,190.217771776,10.817911148071289,0.2257809042930603,-25.215679168701172,0.018540501594543457,-0.9465968608856201,0.00471457839012146,-0.32185155153274536,-3.0934870967919834,0.0,0.0,0.0,0.0,0.0,0.0
1772565793378874084,190.329321728,10.796150207519531,0.22507178783416748,-25.208133697509766,0.01823592185974121,-0.950537919998169,0.004895418882369995,-0.3100341260433197,-3.094911549959936,0.0,0.0,0.0,0.0,0.0,0.0
1772565793515454134,190.465901824,10.786420822143555,0.2252734899520874,-25.213665008544922,0.018602760508656502,-0.9550946354866028,0.005543053615838289,-0.29566454887390137,-3.0945517794771926,0.0,0.0,0.0,0.0,0.0,0.0
1772565793630448389,190.580896,10.794313430786133,0.22406959533691406,-25.22132682800293,0.018002718687057495,-0.9594340324401855,0.006264209747314453,-0.28128838539123535,-3.09636293635646,0.0,0.0,0.0,0.0,0.0,0.0
1772565793734421833,190.684869376,10.809206008911133,0.2244706153869629,-25.25136947631836,0.01800486445426941,-0.9642660617828369,0.006387621164321899,-0.2642461359500885,-3.0973052623850434,0.0,0.0,0.0,0.0,0.0,0.0
1772565793847381208,190.797828864,10.831220626831055,0.22469455003738403,-25.306303024291992,0.01792311668395996,-0.970096230506897,0.006621122360229492,-0.24196767807006836,-3.0985724411001536,0.0,0.0,0.0,0.0,0.0,0.0
1772565793930093939,190.88054144,10.862085342407227,0.22492706775665283,-25.3537540435791,0.01895013451576233,-0.9745067954063416,0.006728768348693848,-0.22345519065856934,-3.097213930866598,0.0,0.0,0.0,0.0,0.0,0.0
1772565794034408090,190.984855808,10.902263641357422,0.22538882493972778,-25.410722732543945,0.01806006021797657,-0.9788697361946106,0.007213712204247713,-0.2035580426454544,-3.0998332958013313,0.0,0.0,0.0,0.0,0.0,0.0
1772565794141325007,191.091772672,10.946260452270508,0.22555989027023315,-25.44690704345703,0.017937419936060905,-0.9818873405456543,0.007449625991284847,-0.1884673833847046,-3.1006456103325895,0.0,0.0,0.0,0.0,0.0,0.0
1772565794235990921,191.186438656,10.983243942260742,0.22587329149246216,-25.48855972290039,0.01788756251335144,-0.9845752716064453,0.007293611764907837,-0.17389199137687683,-3.1013964280015593,0.0,0.0,0.0,0.0,0.0,0.0
1772565794337274866,191.287722496,10.99864387512207,0.22639912366867065,-25.55695152282715,0.01793617010116577,-0.9872069358825684,0.007351100444793701,-0.1582617163658142,-3.1018561980909887,0.0,0.0,0.0,0.0,0.0,0.0
1772565794450122024,191.4005696,11.024543762207031,0.225874662399292,-25.612329483032227,0.01819857954978943,-0.9895691275596619,0.0073580145835876465,-0.14271581172943115,-3.1018497486441072,0.0,0.0,0.0,0.0,0.0,0.0
1772565794550155727,191.500603392,11.060110092163086,0.2259654402732849,-25.65781593322754,0.0181027352809906,-0.9916431903839111,0.0075702965259552,-0.12750989198684692,-3.1024810150665734,0.0,0.0,0.0,0.0,0.0,0.0
1772565794708825174,191.659272704,11.120292663574219,0.22703999280929565,-25.71186637878418,0.017802655696868896,-0.9945102334022522,0.007785707712173462,-0.10281941294670105,-3.1037758505804223,0.0,0.0,0.0,0.0,0.0,0.0
1772565794818000326,191.768448,11.137002944946289,0.2271321415901184,-25.756885528564453,0.016856491565704346,-0.9960206747055054,0.007870972156524658,-0.08715975284576416,-3.106096968066366,0.0,0.0,0.0,0.0,0.0,0.0
1772565794924286950,191.874734592,11.137334823608398,0.2266252040863037,-25.818859100341797,0.017211586236953735,-0.9975268840789795,0.007624894380569458,-0.06771829724311829,-3.105888340098964,0.0,0.0,0.0,0.0,0.0,0.0
1772565795019306368,191.969754112,11.12738037109375,0.22572392225265503,-25.87972640991211,0.016909033060073853,-0.9984303712844849,0.007610291242599487,-0.052848368883132935,-3.1068231157120163,0.0,0.0,0.0,0.0,0.0,0.0
1772565795122632578,192.07308032,11.108253479003906,0.2243860363960266,-25.951522827148438,0.017368823289871216,-0.9990037679672241,0.0077394843101501465,-0.04037246108055115,-3.1061425410682495,0.0,0.0,0.0,0.0,0.0,0.0
1772565795249602666,192.200050176,11.091148376464844,0.2225823998451233,-26.05699348449707,0.017621010541915894,-0.9993979930877686,0.007675915956497192,-0.028884172439575195,-3.1058617977262535,0.0,0.0,0.0,0.0,0.0,0.0
1772565795349387128,192.299834624,11.08218002319336,0.22101372480392456,-26.16590690612793,0.017743855714797974,-0.99957275390625,0.00751766562461853,-0.021978840231895447,-3.1057477865370764,0.0,0.0,0.0,0.0,0.0,0.0
1772565795449261704,192.39970944,11.078561782836914,0.21853119134902954,-26.29792022705078,0.01729610748589039,-0.9996737837791443,0.006890804041177034,-0.01748444326221943,-3.1067427003537746,0.0,0.0,0.0,0.0,0.0,0.0
1772565795540280372,192.490727936,11.080961227416992,0.21700996160507202,-26.450538635253906,0.018118873238563538,-0.999687671661377,0.006531655788421631,-0.01592397689819336,-3.1051319191304625,0.0,0.0,0.0,0.0,0.0,0.0
1772565795651261628,192.601709312,11.087005615234375,0.21359294652938843,-26.610248565673828,0.018641948699951172,-0.9997003078460693,0.00563773512840271,-0.014832332730293274,-3.104127683682397,0.0,0.0,0.0,0.0,0.0,0.0
1772565795749362754,192.699810304,11.090877532958984,0.210191011428833,-26.744197845458984,0.018289746716618538,-0.9997261166572571,0.00478294538334012,-0.013797835446894169,-3.1048691441910403,0.0,0.0,0.0,0.0,0.0,0.0
1772565795850679872,192.801127424,11.08397102355957,0.20815026760101318,-26.878856658935547,0.017827510833740234,-0.9997981786727905,0.0044096410274505615,-0.008154347538948059,-3.105860662307572,0.0,0.0,0.0,0.0,0.0,0.0
1772565795987938936,192.938386432,11.070123672485352,0.20654082298278809,-26.983304977416992,0.017975300550460815,-0.9998288154602051,0.0042803287506103516,0.0010027438402175903,-3.1056489750732927,0.0,0.0,0.0,0.0,0.0,0.0
1772565796089794278,193.04024192,11.048883438110352,0.20493561029434204,-27.093032836914062,0.018219485878944397,-0.9996768832206726,0.004631787538528442,0.01711258292198181,-3.105294560513791,0.0,0.0,0.0,0.0,0.0,0.0
1772565796190595902,193.141043456,11.03177261352539,0.2040368914604187,-27.165515899658203,0.01831105351448059,-0.9991952776908875,0.0046805888414382935,0.035378262400627136,-3.1052317800281504,0.0,0.0,0.0,0.0,0.0,0.0
1772565796291396292,193.241843968,11.013895034790039,0.20317131280899048,-27.230335235595703,0.01809881627559662,-0.9983034133911133,0.004644334316253662,0.05514715611934662,-3.1057424009355,0.0,0.0,0.0,0.0,0.0,0.0
1772565796391692867,193.342140416,10.993278503417969,0.20241934061050415,-27.298828125,0.017715677618980408,-0.9970552325248718,0.004473000764846802,0.07447895407676697,-3.106535191655339,0.0,0.0,0.0,0.0,0.0,0.0
1772565796507862922,193.458310656,10.958602905273438,0.20180994272232056,-27.395917892456055,0.017541468143463135,-0.9955043196678162,0.003758937120437622,0.09300196170806885,-3.1067564043510436,0.0,0.0,0.0,0.0,0.0,0.0
1772565796627065164,193.577512704,10.919137954711914,0.20109409093856812,-27.482847213745117,0.01804003119468689,-0.9945152997970581,0.0034781694412231445,0.10296551883220673,-3.1056565175050586,0.0,0.0,0.0,0.0,0.0,0.0
1772565796740576842,193.691024384,10.883333206176758,0.20052772760391235,-27.588172912597656,0.018350496888160706,-0.9938895106315613,0.0034867972135543823,0.10878798365592957,-3.104999727883067,0.0,0.0,0.0,0.0,0.0,0.0
1772565796846475335,193.79692288,10.864265441894531,0.19897979497909546,-27.66455841064453,0.020250603556632996,-0.9937248826026917,0.003381863236427307,0.10995203256607056,-3.101098571153213,0.0,0.0,0.0,0.0,0.0,0.0
1772565796914295636,193.864743168,10.853750228881836,0.19911950826644897,-27.71621322631836,0.01924881339073181,-0.9936776161193848,0.002772405743598938,0.1105741560459137,-3.1029978622455556,0.0,0.0,0.0,0.0,0.0,0.0
1772565797019381005,193.969828608,10.846216201782227,0.19770914316177368,-27.74928855895996,0.01952984929084778,-0.9935742020606995,0.0028197914361953735,0.11144933104515076,-3.1024292262943938,0.0,0.0,0.0,0.0,0.0,0.0
1772565797123138499,194.073586176,10.84481430053711,0.19798535108566284,-27.755924224853516,0.01956985704600811,-0.993527889251709,0.0029478217475116253,0.11185084283351898,-3.102373945735553,0.0,0.0,0.0,0.0,0.0,0.0
1772565797249775700,194.200223232,10.856233596801758,0.1992442011833191,-27.714811325073242,0.018807798624038696,-0.993453860282898,0.0026472359895706177,0.11264467239379883,-3.103852707203353,0.0,0.0,0.0,0.0,0.0,0.0
1772565797347272067,194.297719808,10.871950149536133,0.19997841119766235,-27.653600692749023,0.01852467656135559,-0.9934055805206299,0.0030148476362228394,0.11310724914073944,-3.104511976233496,0.0,0.0,0.0,0.0,0.0,0.0
1772565797443099636,194.393547264,10.897390365600586,0.2009657621383667,-27.547435760498047,0.019555166363716125,-0.9933004379272461,0.004334568977355957,0.11381159722805023,-3.1027131184722543,0.0,0.0,0.0,0.0,0.0,0.0
1772565797548891740,194.499339264,10.92270278930664,0.20119315385818481,-27.44727325439453,0.01860983669757843,-0.9932687282562256,0.004688844084739685,0.11423228681087494,-3.104723269010073,0.0,0.0,0.0,0.0,0.0,0.0
1772565797683050585,194.633498112,10.948307037353516,0.20207369327545166,-27.338470458984375,0.018333179876208305,-0.9932671785354614,0.005055441986769438,0.11427460610866547,-3.1053737128216525,0.0,0.0,0.0,0.0,0.0,0.0
1772565797805401799,194.755849472,10.981315612792969,0.20321869850158691,-27.192007064819336,0.01921723783016205,-0.993268609046936,0.0066842734813690186,0.11403344571590424,-3.103951945355158,0.0,0.0,0.0,0.0,0.0,0.0
1772565797893915256,194.844362752,11.010700225830078,0.2061346173286438,-27.06876564025879,0.018429189920425415,-0.9932939410209656,0.0067597925662994385,0.11393782496452332,-3.1055774555815945,0.0,0.0,0.0,0.0,0.0,0.0
1772565798006587021,194.957034752,11.04722785949707,0.20913130044937134,-26.909690856933594,0.018200529739260674,-0.9933223724365234,0.006865992210805416,0.1137198954820633,-3.106068469424136,0.0,0.0,0.0,0.0,0.0,0.0
1772565798131613709,195.082061312,11.089067459106445,0.2142091989517212,-26.734294891357422,0.017083795741200447,-0.9933364391326904,0.007506102789193392,0.1137300655245781,-3.108496360619985,0.0,0.0,0.0,0.0,0.0,0.0
1772565798212663296,195.163110912,11.127668380737305,0.21680814027786255,-26.583484649658203,0.01393812894821167,-0.9933823347091675,0.007070913910865784,0.11378569900989532,-3.114812376724998,0.0,0.0,0.0,0.0,0.0,0.0
1772565798324193908,195.274641408,11.146955490112305,0.21777397394180298,-26.51266860961914,0.013280615210533142,-0.9934524297714233,0.007049486041069031,0.11325335502624512,-3.116145689750595,0.0,0.0,0.0,0.0,0.0,0.0
1772565798427070271,195.377517824,11.14828109741211,0.21790558099746704,-26.51742935180664,0.013723833486437798,-0.9933744668960571,0.007182403467595577,0.11387477815151215,-3.1152761299417877,0.0,0.0,0.0,0.0,0.0,0.0
1772565798540182474,195.490630144,11.121238708496094,0.2160213589668274,-26.605083465576172,0.014351412653923035,-0.9930239915847778,0.007065266370773315,0.11682306230068207,-3.1139826688236023,0.0,0.0,0.0,0.0,0.0,0.0
1772565798637153886,195.587601408,11.084030151367188,0.21428102254867554,-26.738006591796875,0.014895319938659668,-0.9927923083305359,0.006203368306159973,0.11875636875629425,-3.1126693001481898,0.0,0.0,0.0,0.0,0.0,0.0
1772565798747209468,195.697657088,11.037590026855469,0.2100907564163208,-26.916118621826172,0.016525179147720337,-0.9925591349601746,0.005522772669792175,0.12051039934158325,-3.10917093575629,0.0,0.0,0.0,0.0,0.0,0.0
1772565798874693461,195.825140992,10.97823715209961,0.20707088708877563,-27.157405853271484,0.018826425075531006,-0.9922571778297424,0.00656302273273468,0.12259003520011902,-3.1047223434249673,0.0,0.0,0.0,0.0,0.0,0.0
1772565798971213355,195.921660928,10.918621063232422,0.2053726315498352,-27.404346466064453,0.01828727312386036,-0.992091953754425,0.004333034623414278,0.12409838289022446,-3.1052547466866502,0.0,0.0,0.0,0.0,0.0,0.0
1772565799083389438,196.033837056,10.865694046020508,0.20118498802185059,-27.61025047302246,0.01923738420009613,-0.9919472932815552,0.003318294882774353,0.12513843178749084,-3.1030407621457115,0.0,0.0,0.0,0.0,0.0,0.0
1772565799228739399,196.179186944,10.805194854736328,0.1998482346534729,-27.852413177490234,0.01959647238254547,-0.9917709827423096,0.0021735429763793945,0.12649768590927124,-3.1019944764457823,0.0,0.0,0.0,0.0,0.0,0.0
1772565799329074331,196.279522048,10.75629997253418,0.1998051404953003,-28.049816131591797,0.019153788685798645,-0.9916442632675171,0.00041797757148742676,0.12757232785224915,-3.1024276522086827,0.0,0.0,0.0,0.0,0.0,0.0
1772565799431496118,196.381943808,10.704641342163086,0.19868969917297363,-28.24711799621582,0.02091396041214466,-0.9914736747741699,0.0011705757351592183,0.1286127120256424,-3.0990010819016325,0.0,0.0,0.0,0.0,0.0,0.0
1772565799509148926,196.459596544,10.648189544677734,0.19724756479263306,-28.462146759033203,0.021824104711413383,-0.9912554621696472,0.000499829591717571,0.1301393061876297,-3.0969295283987326,0.0,0.0,0.0,0.0,0.0,0.0
1772565799650733084,196.601180672,10.609321594238281,0.19448882341384888,-28.624711990356445,0.01873183064162731,-0.9911844730377197,-0.0018478629644960165,0.13114580512046814,-3.102625889430215,0.0,0.0,0.0,0.0,0.0,0.0
1772565799722232880,196.672680448,10.555227279663086,0.19471627473831177,-28.828433990478516,0.01910524070262909,-0.9909961223602295,-0.003385305404663086,0.13247764110565186,-3.1014103759342206,0.0,0.0,0.0,0.0,0.0,0.0
1772565799836889023,196.787336704,10.511404037475586,0.19644033908843994,-28.992433547973633,0.018573133274912834,-0.9908370971679688,-0.004958226811140776,0.13368713855743408,-3.1020398515170586,0.0,0.0,0.0,0.0,0.0,0.0
1772565799935389433,196.885837056,10.465791702270508,0.1989474892616272,-29.16105842590332,0.01903425343334675,-0.9906842708587646,-0.007531121838837862,0.13463148474693298,-3.100348424527293,0.0,0.0,0.0,0.0,0.0,0.0
1772565800042938717,196.99338624,10.412027359008789,0.20328795909881592,-29.3537654876709,0.020641980692744255,-0.990453839302063,-0.008784621022641659,0.1360071450471878,-3.096641078516209,0.0,0.0,0.0,0.0,0.0,0.0
1772565800148554510,197.099002112,10.373695373535156,0.20627135038375854,-29.491958618164062,0.020955875515937805,-0.9903064966201782,-0.009982600808143616,0.13694658875465393,-3.0956194151667438,0.0,0.0,0.0,0.0,0.0,0.0
1772565800258663045,197.209110784,10.346353530883789,0.20609307289123535,-29.590669631958008,0.02082204818725586,-0.9902002811431885,-0.011143907904624939,0.13764330744743347,-3.095535102032547,0.0,0.0,0.0,0.0,0.0,0.0
1772565800354604180,197.305051904,10.336648941040039,0.2071964144706726,-29.62537956237793,0.02086588926613331,-0.9901517033576965,-0.01134756300598383,0.13796916604042053,-3.0953723992611097,0.0,0.0,0.0,0.0,0.0,0.0
1772565800468046741,197.418494464,10.331087112426758,0.20662373304367065,-29.64566993713379,0.020808948203921318,-0.9901571869850159,-0.011299981735646725,0.13794288039207458,-3.095504428199714,0.0,0.0,0.0,0.0,0.0,0.0
1772565800602903826,197.553351424,10.326803207397461,0.20754307508468628,-29.661035537719727,0.02107350528240204,-0.9901465773582458,-0.011989802122116089,0.13791987299919128,-3.0947634445271825,0.0,0.0,0.0,0.0,0.0,0.0
1772565800704036554,197.654484224,10.32516098022461,0.2080489993095398,-29.665904998779297,0.020936863496899605,-0.9901604652404785,-0.011980251409113407,0.1378418654203415,-3.095051093201656,0.0,0.0,0.0,0.0,0.0,0.0
1772565800834457993,197.784905728,10.32553482055664,0.2079485058784485,-29.665353775024414,0.020648911595344543,-0.9901779294013977,-0.012081235647201538,0.13775140047073364,-3.0956192805604776,0.0,0.0,0.0,0.0,0.0,0.0
1772565800949352806,197.89980032,10.327003479003906,0.2072892189025879,-29.659181594848633,0.021162763237953186,-0.9901677966117859,-0.011757567524909973,0.13777406513690948,-3.0946526275323953,0.0,0.0,0.0,0.0,0.0,0.0
1772565801050235832,198.00068352,10.329082489013672,0.20678669214248657,-29.651973724365234,0.02097855508327484,-0.9901880025863647,-0.011864930391311646,0.13764803111553192,-3.095006971884964,0.0,0.0,0.0,0.0,0.0,0.0
1772565801149950914,198.100398592,10.332395553588867,0.20639973878860474,-29.642330169677734,0.020522505044937134,-0.9902203679084778,-0.011645779013633728,0.1375022977590561,-3.0960149182693493,0.0,0.0,0.0,0.0,0.0,0.0
1772565801301431526,198.251879168,10.333444595336914,0.2067701816558838,-29.638017654418945,0.020464345812797546,-0.9902154207229614,-0.0115937739610672,0.13755077123641968,-3.096147332850078,0.0,0.0,0.0,0.0,0.0,0.0
1772565801400139121,198.350586624,10.332450866699219,0.20654648542404175,-29.63994789123535,0.020563574507832527,-0.9902868866920471,-0.011497602798044682,0.13702881336212158,-3.0959934052973637,0.0,0.0,0.0,0.0,0.0,0.0
1772565801483327904,198.433775616,10.330501556396484,0.20640075206756592,-29.64349937438965,0.020915092900395393,-0.9904261231422424,-0.011473552323877811,0.13596710562705994,-3.09532345062451,0.0,0.0,0.0,0.0,0.0,0.0
1772565801594852970,198.54530048,10.334371566772461,0.20764034986495972,-29.630277633666992,0.02103656530380249,-0.9904130101203918,-0.01121780276298523,0.13606521487236023,-3.09514125641804,0.0,0.0,0.0,0.0,0.0,0.0
1772565801733489304,198.683937024,10.355951309204102,0.20668786764144897,-29.55731773376465,0.020755678415298462,-0.9903770685195923,-0.010766670107841492,0.1364058554172516,-3.09583190951869,0.0,0.0,0.0,0.0,0.0,0.0
1772565801850033758,198.80048128,10.390399932861328,0.20438331365585327,-29.443553924560547,0.019827857613563538,-0.9903301000595093,-0.009946078062057495,0.13694655895233154,-3.0979516881204527,0.0,0.0,0.0,0.0,0.0,0.0
1772565801932967329,198.88341504,10.419881820678711,0.20142221450805664,-29.344745635986328,0.01937563717365265,-0.9902994632720947,-0.008901968598365784,0.13730336725711823,-3.099165694331689,0.0,0.0,0.0,0.0,0.0,0.0
1772565802047380679,198.997828352,10.44913101196289,0.1994009017944336,-29.245450973510742,0.019319817423820496,-0.9902515411376953,-0.008194729685783386,0.13770131766796112,-3.099467873089069,0.0,0.0,0.0,0.0,0.0,0.0
1772565802150406011,199.100853504,10.479846954345703,0.1980893611907959,-29.146303176879883,0.017947092652320862,-0.9902256727218628,-0.007358521223068237,0.1381196230649948,-3.1025197745617215,0.0,0.0,0.0,0.0,0.0,0.0
1772565802251821502,199.202269184,10.514730453491211,0.19621962308883667,-29.02760124206543,0.01802210696041584,-0.9901878833770752,-0.005546004045754671,0.13846471905708313,-3.1028750933435214,0.0,0.0,0.0,0.0,0.0,0.0
1772565802352043847,199.302491392,10.543628692626953,0.19523143768310547,-28.928979873657227,0.01812247931957245,-0.9901553392410278,-0.0042555928230285645,0.1387294977903366,-3.1030325628073743,0.0,0.0,0.0,0.0,0.0,0.0
1772565802450327669,199.400775168,10.578283309936523,0.19454193115234375,-28.810775756835938,0.018337592482566833,-0.9901071786880493,-0.0029123425483703613,0.13907942175865173,-3.102968464311222,0.0,0.0,0.0,0.0,0.0,0.0
1772565802550238564,199.50068608,10.606836318969727,0.19430673122406006,-28.71197509765625,0.0190140288323164,-0.9900504946708679,-0.0021079329308122396,0.13940566778182983,-3.101799987879231,0.0,0.0,0.0,0.0,0.0,0.0
1772565802664952391,199.615399936,10.640901565551758,0.19491976499557495,-28.594196319580078,0.020198315382003784,-0.9899542331695557,-0.0009227395057678223,0.13993534445762634,-3.0996919783356134,0.0,0.0,0.0,0.0,0.0,0.0
1772565802814472025,199.764919552,10.669485092163086,0.19604605436325073,-28.49703598022461,0.020868629217147827,-0.9898726940155029,0.00023128092288970947,0.14041541516780853,-3.0986371268119646,0.0,0.0,0.0,0.0,0.0,0.0
1772565802917445786,199.867893504,10.699695587158203,0.19645780324935913,-28.399450302124023,0.019848957657814026,-0.9898391962051392,0.0002746284008026123,0.14079885184764862,-3.100745531355628,0.0,0.0,0.0,0.0,0.0,0.0
1772565803035496569,199.985944064,10.733642578125,0.19720059633255005,-28.281925201416016,0.02114640176296234,-0.9897494316101074,0.0015407353639602661,0.141232430934906,-3.098433972535243,0.0,0.0,0.0,0.0,0.0,0.0
1772565803115159645,200.065607168,10.768880844116211,0.198161780834198,-28.16480255126953,0.021347912028431892,-0.9896681904792786,0.002182364696636796,0.14176194369792938,-3.0981991893490375,0.0,0.0,0.0,0.0,0.0,0.0
1772565803249118302,200.199565824,10.810728073120117,0.19934040307998657,-28.033830642700195,0.019598230719566345,-0.9895992875099182,0.0022088438272476196,0.14249283075332642,-3.1018072996769046,0.0,0.0,0.0,0.0,0.0,0.0
1772565803391489705,200.341937408,10.83686637878418,0.19968700408935547,-27.948217391967773,0.01989017426967621,-0.9895066022872925,0.002229452133178711,0.14309483766555786,-3.101202832778906,0.0,0.0,0.0,0.0,0.0,0.0
1772565803469295466,200.419742976,10.869827270507812,0.2009437084197998,-27.840301513671875,0.02070516347885132,-0.9893885850906372,0.0036227256059646606,0.1437651813030243,-3.099928514154567,0.0,0.0,0.0,0.0,0.0,0.0
1772565803595123938,200.545571584,10.907854080200195,0.20205914974212646,-27.72037696838379,0.020391449332237244,-0.9892789125442505,0.0041381120681762695,0.14454887807369232,-3.1007232474295567,0.0,0.0,0.0,0.0,0.0,0.0
1772565803725487242,200.675934976,10.947492599487305,0.20278584957122803,-27.595256805419922,0.020198151469230652,-0.9891595840454102,0.00458449125289917,0.14537657797336578,-3.101250029815654,0.0,0.0,0.0,0.0,0.0,0.0
1772565803842737833,200.793185536,10.990776062011719,0.2049216628074646,-27.463790893554688,0.01883859932422638,-0.9890494346618652,0.005062952637672424,0.14629009366035461,-3.1041989997428443,0.0,0.0,0.0,0.0,0.0,0.0
1772565803949847549,200.900295168,11.032781600952148,0.20408010482788086,-27.352638244628906,0.015629319474101067,-0.9888372421264648,0.0049415226094424725,0.14809516072273254,-3.1107896887745943,0.0,0.0,0.0,0.0,0.0,0.0
1772565804096461945,201.04690944,11.054039001464844,0.20459675788879395,-27.310997009277344,0.016302108764648438,-0.988204836845398,0.005101501941680908,0.1521826833486557,-3.109429446540222,0.0,0.0,0.0,0.0,0.0,0.0
1772565804194831076,201.14527872,11.056770324707031,0.20520299673080444,-27.314985275268555,0.015608221292495728,-0.9875637292861938,0.005013316869735718,0.15636195242404938,-3.110821813629021,0.0,0.0,0.0,0.0,0.0,0.0
1772565804299581064,201.2500288,11.038286209106445,0.2053765058517456,-27.35700798034668,0.016964957118034363,-0.98719322681427,0.005391106009483337,0.1585327684879303,-3.1081165226809535,0.0,0.0,0.0,0.0,0.0,0.0
1772565804425344227,201.375791872,11.021505355834961,0.20439547300338745,-27.403581619262695,0.01914520375430584,-0.9870632886886597,0.006037979386746883,0.15906909108161926,-3.1037950986111222,0.0,0.0,0.0,0.0,0.0,0.0
1772565804517096205,201.467543808,11.022830963134766,0.2036767601966858,-27.39694595336914,0.019346624612808228,-0.9867755174636841,0.006212159991264343,0.1608143299818039,-3.1034239344213286,0.0,0.0,0.0,0.0,0.0,0.0
1772565804635608004,201.58605568,11.043649673461914,0.20488399267196655,-27.340471267700195,0.019117891788482666,-0.9866717457771301,0.006562128663063049,0.16146330535411835,-3.104015572569477,0.0,0.0,0.0,0.0,0.0,0.0
1772565804749959763,201.700407296,11.069498062133789,0.20620518922805786,-27.270822525024414,0.018122941255569458,-0.9865865111351013,0.0065326988697052,0.1620987057685852,-3.106075143734113,0.0,0.0,0.0,0.0,0.0,0.0
1772565804835405898,201.78585344,11.095840454101562,0.20690900087356567,-27.206417083740234,0.015449182130396366,-0.9865078926086426,0.005949169863015413,0.16287454962730408,-3.1114437821550367,0.0,0.0,0.0,0.0,0.0,0.0
1772565804951225034,201.901672704,11.101898193359375,0.2073901891708374,-27.197568893432617,0.014779580757021904,-0.9858024716377258,0.005654587876051664,0.16716168820858002,-3.112725292430241,0.0,0.0,0.0,0.0,0.0,0.0
1772565805066673180,202.017120768,11.070777893066406,0.20640188455581665,-27.252347946166992,0.015782371163368225,-0.9849315285682678,0.005723237991333008,0.17212806642055511,-3.1106331450031726,0.0,0.0,0.0,0.0,0.0,0.0
1772565805179648881,202.130096384,11.032100677490234,0.20569437742233276,-27.349273681640625,0.015958085656166077,-0.9845871329307556,0.004763185977935791,0.17410005629062653,-3.109899475666405,0.0,0.0,0.0,0.0,0.0,0.0
1772565805282519350,202.232966912,10.998067855834961,0.20540207624435425,-27.444433212280273,0.01632589101791382,-0.9844322204589844,0.004344284534454346,0.17495112121105194,-3.108965442956236,0.0,0.0,0.0,0.0,0.0,0.0
1772565805429432882,202.379880448,10.955373764038086,0.20385140180587769,-27.558704376220703,0.01831972599029541,-0.9842551946640015,0.004482671618461609,0.17574431002140045,-3.1048253638109533,0.0,0.0,0.0,0.0,0.0,0.0
1772565805534368432,202.484816128,10.925270080566406,0.20244282484054565,-27.633602142333984,0.02054724097251892,-0.9840594530105591,0.005241662263870239,0.17657151818275452,-3.1004242991260846,0.0,0.0,0.0,0.0,0.0,0.0
1772565805640514305,202.59096192,10.909795761108398,0.20118552446365356,-27.67438316345215,0.020154131576418877,-0.9839097261428833,0.004884153138846159,0.17745870351791382,-3.1011041724169957,0.0,0.0,0.0,0.0,0.0,0.0
1772565805716200052,202.666647552,10.906496047973633,0.20114940404891968,-27.683427810668945,0.02046363055706024,-0.9837733507156372,0.004927679896354675,0.1781769096851349,-3.1004611735218197,0.0,0.0,0.0,0.0,0.0,0.0
1772565805846012370,202.796460032,10.918819427490234,0.2015668749809265,-27.65296173095703,0.02036050148308277,-0.9836928248405457,0.004773527849465609,0.1786370575428009,-3.1006132528344352,0.0,0.0,0.0,0.0,0.0,0.0
1772565805949353695,202.899801344,10.939964294433594,0.20223850011825562,-27.60016632080078,0.020245729014277458,-0.9836199283599854,0.005043550860136747,0.1790432333946228,-3.1009525342051734,0.0,0.0,0.0,0.0,0.0,0.0
1772565806046312834,202.996760576,10.96942138671875,0.20424944162368774,-27.526416778564453,0.020379886031150818,-0.9834941625595093,0.0057585835456848145,0.17969660460948944,-3.1009368146085334,0.0,0.0,0.0,0.0,0.0,0.0
1772565806149583628,203.100031232,11.007431030273438,0.20527595281600952,-27.43194007873535,0.020063532516360283,-0.9833635091781616,0.006480290554463863,0.1804208904504776,-3.1018731980152756,0.0,0.0,0.0,0.0,0.0,0.0
1772565806236849676,203.18729728,11.061046600341797,0.20779526233673096,-27.299331665039062,0.019726455211639404,-0.9831573367118835,0.007336899638175964,0.1815454065799713,-3.102905987873824,0.0,0.0,0.0,0.0,0.0,0.0
1772565806350434864,203.300882432,11.10934066772461,0.20833104848861694,-27.184724807739258,0.017697378993034363,-0.9830235838890076,0.00744253396987915,0.18247216939926147,-3.107216827879109,0.0,0.0,0.0,0.0,0.0,0.0
1772565806444412622,203.394860288,11.151979446411133,0.21044069528579712,-27.086938858032227,0.014821482822299004,-0.9828962087631226,0.006415276788175106,0.1834513247013092,-3.112872086986135,0.0,0.0,0.0,0.0,0.0,0.0
1772565806550259796,203.500707328,11.181114196777344,0.2103014588356018,-27.031599044799805,0.01469305157661438,-0.9825319051742554,0.006937012076377869,0.18538375198841095,-3.1133451188129406,0.0,0.0,0.0,0.0,0.0,0.0
1772565806691132736,203.641580288,11.166412353515625,0.21044331789016724,-27.053726196289062,0.01401132345199585,-0.9816802740097046,0.006444215774536133,0.18991056084632874,-3.114577884117425,0.0,0.0,0.0,0.0,0.0,0.0
1772565806770982878,203.721430528,11.113832473754883,0.20954066514968872,-27.144805908203125,0.015063643455505371,-0.9803601503372192,0.006235659122467041,0.1965409219264984,-3.112234544154775,0.0,0.0,0.0,0.0,0.0,0.0
1772565806871516684,203.821964288,11.065916061401367,0.20788449048995972,-27.246171951293945,0.015472695231437683,-0.9798179268836975,0.005598276853561401,0.19921360909938812,-3.1110740959199377,0.0,0.0,0.0,0.0,0.0,0.0
1772565807007474772,203.957922304,11.020662307739258,0.20579415559768677,-27.354158401489258,0.015782147645950317,-0.9796476364135742,0.0047431886196136475,0.20004776120185852,-3.11003674174218,0.0,0.0,0.0,0.0,0.0,0.0
1772565807108888126,204.05933568,10.96638298034668,0.2041340470314026,-27.474651336669922,0.01988978683948517,-0.9794094562530518,0.005770012736320496,0.20081910490989685,-3.101721639397313,0.0,0.0,0.0,0.0,0.0,0.0
1772565807226469772,204.176917504,10.935182571411133,0.20230185985565186,-27.532669067382812,0.02036912553012371,-0.9790005087852478,0.0061836084350943565,0.202743262052536,-3.100855105697951,0.0,0.0,0.0,0.0,0.0,0.0
1772565807314535576,204.264983296,10.924785614013672,0.2021065354347229,-27.546897888183594,0.02058473229408264,-0.9784435033798218,0.006147265434265137,0.20539425313472748,-3.1003418678092194,0.0,0.0,0.0,0.0,0.0,0.0
1772565807449472798,204.399920384,10.945585250854492,0.2024056315422058,-27.50811004638672,0.019968166947364807,-0.9779943227767944,0.006338462233543396,0.20757704973220825,-3.1017178245571726,0.0,0.0,0.0,0.0,0.0,0.0
1772565807549218544,204.499666176,10.982000350952148,0.20500963926315308,-27.42922019958496,0.020525487139821053,-0.9778327345848083,0.006975383497774601,0.20826256275177002,-3.100805210144431,0.0,0.0,0.0,0.0,0.0,0.0
1772565807652856595,204.603304192,11.027130126953125,0.2064264416694641,-27.33461570739746,0.01997189223766327,-0.9776703119277954,0.00776633620262146,0.20904938876628876,-3.102344567476649,0.0,0.0,0.0,0.0,0.0,0.0
1772565807749336520,204.699784192,11.079345703125,0.20841675996780396,-27.2259464263916,0.018726779147982597,-0.9775089621543884,0.007987513206899166,0.20990926027297974,-3.1051088604226518,0.0,0.0,0.0,0.0,0.0,0.0
1772565807851042277,204.80148992,11.142351150512695,0.21047502756118774,-27.096904754638672,0.017114145681262016,-0.9772588014602661,0.008128403685986996,0.21120211482048035,-3.1086268245620494,0.0,0.0,0.0,0.0,0.0,0.0
1772565807965556019,204.916003584,11.189380645751953,0.21228092908859253,-27.003223419189453,0.015359818935394287,-0.977057933807373,0.007855221629142761,0.21227407455444336,-3.1122633527570667,0.0,0.0,0.0,0.0,0.0,0.0
1772565808063793244,205.014240768,11.217588424682617,0.21352577209472656,-26.95604705810547,0.012023255228996277,-0.9765981435775757,0.006660014390945435,0.21463270485401154,-3.1188713595835824,0.0,0.0,0.0,0.0,0.0,0.0
1772565808207381932,205.157829632,11.187822341918945,0.21242541074752808,-26.98528480529785,0.013780996203422546,-0.9753290414810181,0.006856217980384827,0.22021910548210144,-3.115162354551419,0.0,0.0,0.0,0.0,0.0,0.0
1772565808314261730,205.264709376,11.133569717407227,0.2110828161239624,-27.061922073364258,0.014172212220728397,-0.9737537503242493,0.006842792499810457,0.2270592898130417,-3.114278285615167,0.0,0.0,0.0,0.0,0.0,0.0
1772565808414573899,205.36502144,11.064483642578125,0.2085568904876709,-27.185041427612305,0.015542522072792053,-0.9728387594223022,0.00684693455696106,0.23086023330688477,-3.1112753355903413,0.0,0.0,0.0,0.0,0.0,0.0
1772565808532372736,205.482820352,11.013357162475586,0.2069389820098877,-27.283876419067383,0.018083631992340088,-0.9726153612136841,0.007032841444015503,0.2316092848777771,-3.10582658974895,0.0,0.0,0.0,0.0,0.0,0.0
1772565808618006732,205.5684544,10.971965789794922,0.2038276195526123,-27.35873794555664,0.01980990171432495,-0.9722626209259033,0.007735192775726318,0.23292307555675507,-3.1024108572300513,0.0,0.0,0.0,0.0,0.0,0.0
1772565808718620913,205.669068544,10.949264526367188,0.2026587724685669,-27.38958168029785,0.0204399973154068,-0.9715085029602051,0.007373437285423279,0.23600660264492035,-3.1007994831339483,0.0,0.0,0.0,0.0,0.0,0.0
1772565808829467723,205.779915264,10.966129302978516,0.20355606079101562,-27.36493682861328,0.019812479615211487,-0.9708998203277588,0.008031532168388367,0.2385302186012268,-3.1024896216008835,0.0,0.0,0.0,0.0,0.0,0.0
1772565808950132681,205.900580352,11.006998062133789,0.20517081022262573,-27.291284561157227,0.019565507769584656,-0.970657467842102,0.007866591215133667,0.2395401895046234,-3.1029290291634917,0.0,0.0,0.0,0.0,0.0,0.0
1772565809049417444,205.999865088,11.055688858032227,0.2080506682395935,-27.203704833984375,0.01923741213977337,-0.9704691171646118,0.008656530641019344,0.2403012365102768,-3.104068539057091,0.0,0.0,0.0,0.0,0.0,0.0
1772565809150179697,206.1006272,11.125297546386719,0.20955902338027954,-27.08101463317871,0.01775580644607544,-0.9701998233795166,0.009076327085494995,0.24148453772068024,-3.107541690152894,0.0,0.0,0.0,0.0,0.0,0.0
1772565809268351656,206.21879936,11.182689666748047,0.21307319402694702,-26.980831146240234,0.016103193163871765,-0.9699649810791016,0.00872395932674408,0.24255426228046417,-3.1109756654403546,0.0,0.0,0.0,0.0,0.0,0.0
1772565809368509028,206.318956544,11.226512908935547,0.2143048644065857,-26.91477394104004,0.011883124709129333,-0.9696308374404907,0.007810026407241821,0.2441595494747162,-3.119755212894865,0.0,0.0,0.0,0.0,0.0,0.0
1772565809492768148,206.443215872,11.208253860473633,0.213983416557312,-26.923105239868164,0.01201029121875763,-0.9677954912185669,0.007328048348426819,0.25134438276290894,-3.1191964692344722,0.0,0.0,0.0,0.0,0.0,0.0
1772565809616468486,206.566916096,11.150768280029297,0.2112826704978943,-26.987348556518555,0.013406291604042053,-0.9654267430305481,0.007786378264427185,0.2602131962776184,-3.11633434674587,0.0,0.0,0.0,0.0,0.0,0.0
1772565809703322864,206.653770496,11.073314666748047,0.20842760801315308,-27.086238861083984,0.018152907490730286,-0.9635550379753113,0.009199470281600952,0.2667350769042969,-3.1065155673904354,0.0,0.0,0.0,0.0,0.0,0.0
1772565809830465295,206.780912896,11.030696868896484,0.20633095502853394,-27.132694244384766,0.01858443021774292,-0.9619771242141724,0.009197309613227844,0.2723419666290283,-3.1054778329796138,0.0,0.0,0.0,0.0,0.0,0.0
1772565809929546290,206.879993856,11.010282516479492,0.20485204458236694,-27.14582061767578,0.018551692366600037,-0.9603634476661682,0.009161621332168579,0.2779821753501892,-3.105457219011743,0.0,0.0,0.0,0.0,0.0,0.0
1772565810046004805,206.996452352,11.032649993896484,0.20559364557266235,-27.119800567626953,0.018108904361724854,-0.9589542746543884,0.00942540168762207,0.2828250229358673,-3.1065807638451464,0.0,0.0,0.0,0.0,0.0,0.0
1772565810133572677,207.084020224,11.066953659057617,0.20758730173110962,-27.079954147338867,0.013632655143737793,-0.9586185216903687,0.008130282163619995,0.28425097465515137,-3.11592508109948,0.0,0.0,0.0,0.0,0.0,0.0
1772565810234829210,207.185276928,11.050195693969727,0.2078426480293274,-27.100149154663086,0.01230801735073328,-0.9575838446617126,0.007449135649949312,0.2877955138683319,-3.118475393746406,0.0,0.0,0.0,0.0,0.0,0.0
1772565810335181626,207.285629184,10.993812561035156,0.20581644773483276,-27.16614532470703,0.013166844844818115,-0.9562280774116516,0.007512569427490234,0.2922295331954956,-3.1165149116608584,0.0,0.0,0.0,0.0,0.0,0.0
1772565810449685377,207.40013312,10.911397933959961,0.20289480686187744,-27.28142738342285,0.014327243901789188,-0.9554898142814636,0.006846860516816378,0.29459646344184875,-3.113338048604677,0.0,0.0,0.0,0.0,0.0,0.0
1772565810583795729,207.534243328,10.842731475830078,0.20007503032684326,-27.384571075439453,0.014379800297319889,-0.9551988244056702,0.006220013368874788,0.2955501079559326,-3.112754897503494,0.0,0.0,0.0,0.0,0.0,0.0
1772565810696694123,207.647141632,10.758085250854492,0.19750970602035522,-27.50819206237793,0.015613928437232971,-0.9548481702804565,0.006303757429122925,0.296616792678833,-3.1099375444962774,0.0,0.0,0.0,0.0,0.0,0.0
1772565810800506861,207.750954496,10.69143295288086,0.19401782751083374,-27.599388122558594,0.020095841959118843,-0.9545717835426331,0.0069120232947170734,0.2972223460674286,-3.0999673375215284,0.0,0.0,0.0,0.0,0.0,0.0
1772565810882705764,207.83315328,10.639564514160156,0.19118237495422363,-27.66155242919922,0.020228534936904907,-0.9536123871803284,0.007357746362686157,0.3002668619155884,-3.0998981884008856,0.0,0.0,0.0,0.0,0.0,0.0
1772565811034689023,207.98513664,10.628122329711914,0.19078797101974487,-27.669036865234375,0.020759746432304382,-0.9527830481529236,0.007702887058258057,0.30284348130226135,-3.0988418210816873,0.0,0.0,0.0,0.0,0.0,0.0
1772565811139399897,208.089847552,10.651931762695312,0.1921325922012329,-27.638378143310547,0.020458146929740906,-0.9524319171905518,0.00733610987663269,0.30397552251815796,-3.0992412102625826,0.0,0.0,0.0,0.0,0.0,0.0
1772565811232323192,208.182770688,10.703245162963867,0.1942397952079773,-27.56930923461914,0.020593300461769104,-0.9522274732589722,0.007963404059410095,0.3045906722545624,-3.0993761007391107,0.0,0.0,0.0,0.0,0.0,0.0
1772565811330737263,208.281184768,10.764249801635742,0.19712072610855103,-27.487411499023438,0.020472006872296333,-0.9519643187522888,0.008374095894396305,0.30540916323661804,-3.0999459716932853,0.0,0.0,0.0,0.0,0.0,0.0
1772565811434448265,208.384896,10.850690841674805,0.2006840705871582,-27.372316360473633,0.01968473196029663,-0.951644778251648,0.008801266551017761,0.30644315481185913,-3.1020875161564536,0.0,0.0,0.0,0.0,0.0,0.0
1772565811536287739,208.48673536,10.924938201904297,0.20356976985931396,-27.27397346496582,0.01892082393169403,-0.9513705372810364,0.009113609790802002,0.30733221769332886,-3.1040973456339755,0.0,0.0,0.0,0.0,0.0,0.0
1772565811636621108,208.587068672,10.99997329711914,0.2062135934829712,-27.17449378967285,0.01858508586883545,-0.9510678052902222,0.009622320532798767,0.3082728087902069,-3.1052553262497136,0.0,0.0,0.0,0.0,0.0,0.0
1772565811749473021,208.69992064,11.091711044311523,0.20941239595413208,-27.055015563964844,0.017363371327519417,-0.9506941437721252,0.010175363160669804,0.30947646498680115,-3.1085334894378267,0.0,0.0,0.0,0.0,0.0,0.0
1772565811895384388,208.845831936,11.16048812866211,0.21178066730499268,-26.9705810546875,0.014128878712654114,-0.9504458904266357,0.00990547239780426,0.3104110658168793,-3.1159344321570974,0.0,0.0,0.0,0.0,0.0,0.0
1772565812035576913,208.986024448,11.193254470825195,0.2146027684211731,-26.93825340270996,0.010177075862884521,-0.9491788148880005,0.008281439542770386,0.31446367502212524,-3.1239997196210156,0.0,0.0,0.0,0.0,0.0,0.0
1772565812140368004,209.090815744,11.150556564331055,0.21235108375549316,-26.968509674072266,0.011613592505455017,-0.946731686592102,0.008667007088661194,0.3216973841190338,-3.120891021692266,0.0,0.0,0.0,0.0,0.0,0.0
1772565812228724400,209.179172096,11.063482284545898,0.2088739275932312,-27.057476043701172,0.013338657096028328,-0.9440304040908813,0.008948058821260929,0.3294673264026642,-3.1169499080485634,0.0,0.0,0.0,0.0,0.0,0.0
1772565812317257735,209.267705344,10.991765975952148,0.20516932010650635,-27.136924743652344,0.018357783555984497,-0.9428572654724121,0.010269075632095337,0.3325323462486267,-3.1058985025396466,0.0,0.0,0.0,0.0,0.0,0.0
1772565812434091481,209.384539136,10.938875198364258,0.20196372270584106,-27.182714462280273,0.018463194370269775,-0.9409611821174622,0.009884849190711975,0.33786624670028687,-3.1052061616493405,0.0,0.0,0.0,0.0,0.0,0.0
1772565812549391613,209.499839232,10.909639358520508,0.20148319005966187,-27.198598861694336,0.017786607146263123,-0.9387252330780029,0.009962320327758789,0.3440629839897156,-3.1068075263764627,0.0,0.0,0.0,0.0,0.0,0.0
1772565812651174695,209.601622272,10.861820220947266,0.19967514276504517,-27.233661651611328,0.014963001012802124,-0.9362515211105347,0.009295597672462463,0.3508886694908142,-3.1130664289639114,0.0,0.0,0.0,0.0,0.0,0.0
1772565812792473201,209.742920704,10.785697937011719,0.19814574718475342,-27.30023193359375,0.01439634058624506,-0.9340296983718872,0.008501500822603703,0.35680392384529114,-3.113643705033177,0.0,0.0,0.0,0.0,0.0,0.0
1772565812911403717,209.861851392,10.661470413208008,0.19391340017318726,-27.422948837280273,0.015485435724258423,-0.9320700168609619,0.008309006690979004,0.36185190081596375,-3.1106205905579603,0.0,0.0,0.0,0.0,0.0,0.0
1772565812989434339,209.939881984,10.550329208374023,0.1903436779975891,-27.543638229370117,0.01593187265098095,-0.9316872954368591,0.007617904804646969,0.3628317415714264,-3.1087885323179165,0.0,0.0,0.0,0.0,0.0,0.0
1772565813115089700,210.06553728,10.431976318359375,0.1865951418876648,-27.672304153442383,0.01664474606513977,-0.9313712120056152,0.0071587711572647095,0.3636200428009033,-3.106507087644206,0.0,0.0,0.0,0.0,0.0,0.0
1772565813200551145,210.150998784,10.288307189941406,0.1803656816482544,-27.827585220336914,0.01890285313129425,-0.9309086799621582,0.0071519166231155396,0.36469247937202454,-3.1007347226723745,0.0,0.0,0.0,0.0,0.0,0.0
1772565813306509603,210.256957184,10.174095153808594,0.17636746168136597,-27.949922561645508,0.020957037806510925,-0.930562436580658,0.006922855973243713,0.36546748876571655,-3.0952542251982407,0.0,0.0,0.0,0.0,0.0,0.0
1772565813405241847,210.355689472,10.073572158813477,0.17112350463867188,-28.05867576599121,0.020670682191848755,-0.9302199482917786,0.006413012742996216,0.3663638234138489,-3.0954265685290476,0.0,0.0,0.0,0.0,0.0,0.0
1772565813544516428,210.494963968,9.969442367553711,0.17012792825698853,-28.176008224487305,0.01741717755794525,-0.9299031496047974,0.004774525761604309,0.3673608899116516,-3.1020174268908485,0.0,0.0,0.0,0.0,0.0,0.0
1772565813620809569,210.571257088,9.881887435913086,0.1687963604927063,-28.27260971069336,0.015402108430862427,-0.9296975135803223,0.0032494664192199707,0.36798763275146484,-3.105588979870219,0.0,0.0,0.0,0.0,0.0,0.0
1772565813730730337,210.681177856,9.776117324829102,0.16658943891525269,-28.383888244628906,0.017367079854011536,-0.9293678998947144,0.00219707190990448,0.36873969435691833,-3.0994701693633435,0.0,0.0,0.0,0.0,0.0,0.0
1772565813851053408,210.801500928,9.697481155395508,0.16505855321884155,-28.46438980102539,0.020906567573547363,-0.9290460348129272,0.0025002509355545044,0.36936455965042114,-3.0906920441732835,0.0,0.0,0.0,0.0,0.0,0.0
1772565813951753618,210.902201344,9.61381721496582,0.16313153505325317,-28.55133819580078,0.02395876869559288,-0.9286516904830933,0.00247038877569139,0.37017035484313965,-3.082789435752803,0.0,0.0,0.0,0.0,0.0,0.0
1772565814088284751,211.038732288,9.555868148803711,0.1621130108833313,-28.61412811279297,0.02346402406692505,-0.9284186959266663,0.0015041083097457886,0.3707910180091858,-3.0830164614387434,0.0,0.0,0.0,0.0,0.0,0.0
1772565814208394742,211.158842368,9.494403839111328,0.16115623712539673,-28.684123992919922,0.020512327551841736,-0.9281948804855347,0.00020898878574371338,0.37152859568595886,-3.089194212841548,0.0,0.0,0.0,0.0,0.0,0.0
1772565814288973112,211.239420672,9.447866439819336,0.16054707765579224,-28.73858642578125,0.01705026812851429,-0.9280388951301575,-0.0011973233195021749,0.37209105491638184,-3.096589200192111,0.0,0.0,0.0,0.0,0.0,0.0
1772565814390922280,211.341369856,9.402229309082031,0.16001546382904053,-28.791955947875977,0.013661980628967285,-0.9278523325920105,-0.002759784460067749,0.37268730998039246,-3.1036386795602215,0.0,0.0,0.0,0.0,0.0,0.0
1772565814526366108,211.476813824,9.333427429199219,0.15849608182907104,-28.863298416137695,0.014948023483157158,-0.9275690913200378,-0.0032426263205707073,0.3733384609222412,-3.0997853589807898,0.0,0.0,0.0,0.0,0.0,0.0
1772565814636471110,211.586918656,9.275487899780273,0.15763956308364868,-28.9254207611084,0.014678582549095154,-0.9273552894592285,-0.0037184208631515503,0.37387552857398987,-3.099943367870916,0.0,0.0,0.0,0.0,0.0,0.0
1772565814731326297,211.681773824,9.214160919189453,0.15638583898544312,-28.98969078063965,0.015041367150843143,-0.9271230697631836,-0.004513875115662813,0.374427855014801,-3.0981375610889073,0.0,0.0,0.0,0.0,0.0,0.0
1772565814843055690,211.793503232,9.13729476928711,0.1553547978401184,-29.070728302001953,0.01521560549736023,-0.926842451095581,-0.005090802907943726,0.37510761618614197,-3.0970281243910565,0.0,0.0,0.0,0.0,0.0,0.0
1772565814943744015,211.894191616,9.070444107055664,0.15447372198104858,-29.14032745361328,0.015667544677853584,-0.926601231098175,-0.0057889376766979694,0.37567439675331116,-3.095080671657369,0.0,0.0,0.0,0.0,0.0,0.0
1772565815042193312,211.992641024,9.004402160644531,0.15499907732009888,-29.209396362304688,0.01570737361907959,-0.9263519048690796,-0.006736591458320618,0.3762713670730591,-3.0939274478653696,0.0,0.0,0.0,0.0,0.0,0.0
1772565815146829021,212.097276672,8.927194595336914,0.15541315078735352,-29.291664123535156,0.014562144875526428,-0.926018238067627,-0.007934316992759705,0.377114474773407,-3.0955452099892726,0.0,0.0,0.0,0.0,0.0,0.0
1772565815234932973,212.185380608,8.857378005981445,0.15516871213912964,-29.364423751831055,0.014422250911593437,-0.9257776737213135,-0.008781804703176022,0.37769100069999695,-3.0949542122891573,0.0,0.0,0.0,0.0,0.0,0.0
1772565815349659680,212.300107264,8.769266128540039,0.15531831979751587,-29.45542335510254,0.014644816517829895,-0.9254730939865112,-0.009529829025268555,0.378410279750824,-3.0935086318459555,0.0,0.0,0.0,0.0,0.0,0.0
1772565815452012402,212.402459904,8.69279670715332,0.15589338541030884,-29.53354263305664,0.015115411020815372,-0.9252219200134277,-0.010450796224176884,0.37898126244544983,-3.091246279749881,0.0,0.0,0.0,0.0,0.0,0.0
1772565815555820966,212.506268672,8.618488311767578,0.15673381090164185,-29.61195945739746,0.013789281249046326,-0.9249224066734314,-0.01173420250415802,0.3797247111797333,-3.093236523710123,0.0,0.0,0.0,0.0,0.0,0.0
1772565815691954684,212.642402304,8.541706085205078,0.15638136863708496,-29.689556121826172,0.014614537358283997,-0.9246863126754761,-0.01226574182510376,0.3802514672279358,-3.0904599734223384,0.0,0.0,0.0,0.0,0.0,0.0
1772565815771291371,212.721739008,8.452112197875977,0.15656918287277222,-29.780065536499023,0.015429750084877014,-0.924443781375885,-0.01305447518825531,0.3807825446128845,-3.0874273756712234,0.0,0.0,0.0,0.0,0.0,0.0
1772565815875272037,212.825719552,8.374006271362305,0.15592122077941895,-29.856401443481445,0.017917409539222717,-0.9242302775382996,-0.013210877776145935,0.381186306476593,-3.0807281016549246,0.0,0.0,0.0,0.0,0.0,0.0
1772565816002942219,212.953389824,8.296419143676758,0.1566547155380249,-29.929533004760742,0.022740289568901062,-0.9239448308944702,-0.012762963771820068,0.381635844707489,-3.06857719329116,0.0,0.0,0.0,0.0,0.0,0.0
1772565816119201834,213.069649408,8.232725143432617,0.1556956171989441,-29.99221420288086,0.024316072463989258,-0.9235744476318359,-0.013060659170150757,0.3824244737625122,-3.06401507343268,0.0,0.0,0.0,0.0,0.0,0.0
1772565816199006686,213.149454336,8.184541702270508,0.15613597631454468,-30.044702529907227,0.02171996235847473,-0.9233523011207581,-0.014373734593391418,0.38306954503059387,-3.0692634756594788,0.0,0.0,0.0,0.0,0.0,0.0
1772565816299123904,213.249571584,8.129608154296875,0.15697020292282104,-30.104639053344727,0.01826462149620056,-0.9231405258178711,-0.015853196382522583,0.3837013840675354,-3.076584730852639,0.0,0.0,0.0,0.0,0.0,0.0
1772565816409769704,213.360217344,8.058784484863281,0.15703493356704712,-30.17613983154297,0.019115552306175232,-0.9228147268295288,-0.01653149724006653,0.3844144344329834,-3.0735032287796615,0.0,0.0,0.0,0.0,0.0,0.0
1772565816506787298,213.457234944,7.992598056793213,0.1574629545211792,-30.24277114868164,0.0194644033908844,-0.922553300857544,-0.017013192176818848,0.38500285148620605,-3.071962962828321,0.0,0.0,0.0,0.0,0.0,0.0
1772565816610118118,213.56056576,7.915145397186279,0.15776115655899048,-30.319114685058594,0.02082057110965252,-0.9222645163536072,-0.017692504450678825,0.3855924606323242,-3.0675609351404383,0.0,0.0,0.0,0.0,0.0,0.0
1772565816723236351,213.673683968,7.801991939544678,0.1598513126373291,-30.431718826293945,0.021556539461016655,-0.9218080043792725,-0.018231568858027458,0.3866172432899475,-3.0648441807687017,0.0,0.0,0.0,0.0,0.0,0.0
1772565816843624636,213.79407232,7.685121059417725,0.16165679693222046,-30.549009323120117,0.021254271268844604,-0.9212368726730347,-0.019537627696990967,0.3879294693470001,-3.0639415318037746,0.0,0.0,0.0,0.0,0.0,0.0
1772565816938797303,213.889244928,7.546975612640381,0.16410696506500244,-30.68268585205078,0.022983834147453308,-0.9205936193466187,-0.01952330768108368,0.38935595750808716,-3.0591057552301213,0.0,0.0,0.0,0.0,0.0,0.0
1772565817044146357,213.994594048,7.407987117767334,0.1659277081489563,-30.813556671142578,0.02643682062625885,-0.9191653728485107,-0.017775893211364746,0.39258140325546265,-3.0512252531342465,0.0,0.0,0.0,0.0,0.0,0.0
1772565817157109372,214.107556864,7.251195430755615,0.17127317190170288,-30.9610538482666,0.02488817274570465,-0.9164329767227173,-0.017554596066474915,0.3990277051925659,-3.054171036404697,0.0,0.0,0.0,0.0,0.0,0.0
1772565817283097162,214.233544704,7.139523983001709,0.17087119817733765,-31.05744171142578,0.02950455993413925,-0.9143499135971069,-0.015287250280380249,0.403559148311615,-3.0433379204747664,0.0,0.0,0.0,0.0,0.0,0.0
1772565817375833706,214.326281216,7.0304083824157715,0.1707351803779602,-31.152973175048828,0.030984127894043922,-0.9129600524902344,-0.016344012692570686,0.40654247999191284,-3.0373118508328156,0.0,0.0,0.0,0.0,0.0,0.0
1772565817482819237,214.433266944,6.966647624969482,0.17119234800338745,-31.21048927307129,0.0328059084713459,-0.9123491644859314,-0.015784652903676033,0.40779125690460205,-3.0326926931738476,0.0,0.0,0.0,0.0,0.0,0.0
1772565817610980434,214.561427968,6.922807216644287,0.17249977588653564,-31.24757957458496,0.0365028977394104,-0.9117007255554199,-0.014676913619041443,0.40896695852279663,-3.023614199754652,0.0,0.0,0.0,0.0,0.0,0.0
1772565817690329431,214.64077696,6.915572643280029,0.17190855741500854,-31.259601593017578,0.035841040313243866,-0.9107064604759216,-0.014845311641693115,0.4112284779548645,-3.024578981657805,0.0,0.0,0.0,0.0,0.0,0.0
1772565817797328576,214.747776256,6.927596569061279,0.17190712690353394,-31.252395629882812,0.032941702753305435,-0.910082221031189,-0.01578315906226635,0.41281506419181824,-3.0309494995467676,0.0,0.0,0.0,0.0,0.0,0.0
1772565817925139735,214.875587328,6.947118282318115,0.1710071563720703,-31.240365982055664,0.03041292354464531,-0.9097702503204346,-0.016755295917391777,0.4136572480201721,-3.0364824894997104,0.0,0.0,0.0,0.0,0.0,0.0
1772565818045441772,214.995889408,6.951587200164795,0.1709015965461731,-31.238937377929688,0.029254917055368423,-0.9091492891311646,-0.017015082761645317,0.41509318351745605,-3.0389690909581426,0.0,0.0,0.0,0.0,0.0,0.0
1772565818125546372,215.075994112,6.947041988372803,0.1708759069442749,-31.241403579711914,0.030728310346603394,-0.908044159412384,-0.01668649911880493,0.41741257905960083,-3.034657953278373,0.0,0.0,0.0,0.0,0.0,0.0
1772565818235324483,215.185772032,6.9467597007751465,0.1710781455039978,-31.24053192138672,0.032791465520858765,-0.9072840809822083,-0.015789344906806946,0.4189404845237732,-3.029618870722249,0.0,0.0,0.0,0.0,0.0,0.0
1772565818325817280,215.27626496,6.953123569488525,0.17115002870559692,-31.235937118530273,0.032595328986644745,-0.9068397283554077,-0.015871018171310425,0.41991356015205383,-3.029779343549099,0.0,0.0,0.0,0.0,0.0,0.0
1772565818435386680,215.38583424,6.9130377769470215,0.17565637826919556,-31.278079986572266,0.02361948788166046,-0.9067418575286865,-0.018640540540218353,0.4206112325191498,-3.0511281991833,0.0,0.0,0.0,0.0,0.0,0.0
1772565818551655502,215.50210304,6.837094783782959,0.1748526692390442,-31.337303161621094,0.02792961336672306,-0.9064063429832458,-0.016832822933793068,0.4211462140083313,-3.041250114322175,0.0,0.0,0.0,0.0,0.0,0.0
1772565818643010024,215.593457664,6.756011486053467,0.17525392770767212,-31.4013614654541,0.03273496776819229,-0.9062067270278931,-0.01571415364742279,0.4212730824947357,-3.0291931626963313,0.0,0.0,0.0,0.0,0.0,0.0
1772565818749358134,215.699805696,6.659493923187256,0.17644423246383667,-31.477941513061523,0.03775204345583916,-0.9058917164802551,-0.014965100213885307,0.42155778408050537,-3.0160105502042347,0.0,0.0,0.0,0.0,0.0,0.0
1772565818882055850,215.832503552,6.577881336212158,0.17719662189483643,-31.543123245239258,0.041508544236421585,-0.9055671691894531,-0.01490821037441492,0.4219038188457489,-3.005437037984351,0.0,0.0,0.0,0.0,0.0,0.0
1772565818983300127,215.933747712,6.479512691497803,0.1772128939628601,-31.624418258666992,0.0438607856631279,-0.9051921367645264,-0.015200436115264893,0.42245998978614807,-2.998266015581422,0.0,0.0,0.0,0.0,0.0,0.0
1772565819086001729,216.03644928,6.398766994476318,0.1773087978363037,-31.692489624023438,0.04434385150671005,-0.9049229621887207,-0.0157119482755661,0.42296725511550903,-2.996064523938431,0.0,0.0,0.0,0.0,0.0,0.0
1772565819185106389,216.135554048,6.318169116973877,0.17775636911392212,-31.76091957092285,0.04440038651227951,-0.9047088623046875,-0.0158843994140625,0.423412561416626,-2.9955189404827247,0.0,0.0,0.0,0.0,0.0,0.0
1772565819298151764,216.248599296,6.221670627593994,0.17834556102752686,-31.841976165771484,0.04464264214038849,-0.9044395089149475,-0.01653912663459778,0.42393720149993896,-2.9937922657289753,0.0,0.0,0.0,0.0,0.0,0.0
1772565819436450211,216.38689792,6.14169454574585,0.17931252717971802,-31.908702850341797,0.04498179256916046,-0.9041884541511536,-0.017260447144508362,0.42440786957740784,-2.9917204564578443,0.0,0.0,0.0,0.0,0.0,0.0
1772565819547450015,216.497897728,6.046034336090088,0.17970746755599976,-31.988513946533203,0.04522780328989029,-0.9039468765258789,-0.01791730523109436,0.42486879229545593,-2.9899929933789346,0.0,0.0,0.0,0.0,0.0,0.0
1772565819642556656,216.593004288,5.966707706451416,0.17947012186050415,-32.054283142089844,0.0456790030002594,-0.9037452936172485,-0.018471747636795044,0.42522552609443665,-2.9878568674046706,0.0,0.0,0.0,0.0,0.0,0.0
1772565819747398119,216.69784576,5.8877997398376465,0.18011826276779175,-32.12001037597656,0.0459829643368721,-0.9035434126853943,-0.018604278564453125,0.42561575770378113,-2.986670647230241,0.0,0.0,0.0,0.0,0.0,0.0
1772565819835702742,216.7861504,5.792837619781494,0.1805533766746521,-32.19851303100586,0.04659353196620941,-0.9032679200172424,-0.01918448507785797,0.42610815167427063,-2.9839877940056545,0.0,0.0,0.0,0.0,0.0,0.0
1772565819938676992,216.889124608,5.713700771331787,0.180572509765625,-32.26348114013672,0.04719937592744827,-0.9030354619026184,-0.01999540627002716,0.4264966547489166,-2.981051841698304,0.0,0.0,0.0,0.0,0.0,0.0
1772565820050498167,217.000945664,5.622867107391357,0.18019580841064453,-32.338626861572266,0.048073239624500275,-0.9027280807495117,-0.01998560130596161,0.42704999446868896,-2.978360763968253,0.0,0.0,0.0,0.0,0.0,0.0
1772565820162970549,217.11341824,5.553943157196045,0.1791035532951355,-32.39382553100586,0.04968873783946037,-0.9023543000221252,-0.019748033955693245,0.42766547203063965,-2.9738366097686506,0.0,0.0,0.0,0.0,0.0,0.0
1772565820299883932,217.250331648,5.496346950531006,0.1787874698638916,-32.442596435546875,0.04875393956899643,-0.9020738005638123,-0.019904732704162598,0.4283570647239685,-2.9759780887604177,0.0,0.0,0.0,0.0,0.0,0.0
1772565820396636083,217.347083776,5.4573893547058105,0.1786300539970398,-32.47585678100586,0.0480862632393837,-0.9018821716308594,-0.0205075740814209,0.42880746722221375,-2.976878255645208,0.0,0.0,0.0,0.0,0.0,0.0
1772565820523207603,217.473655296,5.43904447555542,0.17831218242645264,-32.48899459838867,0.04935595393180847,-0.9015393257141113,-0.019958719611167908,0.4294094741344452,-2.973737453464361,0.0,0.0,0.0,0.0,0.0,0.0
1772565820633359955,217.583807488,5.447692394256592,0.17803293466567993,-32.48235321044922,0.04908272624015808,-0.9009950757026672,-0.019957251846790314,0.43058153986930847,-2.973999123785812,0.0,0.0,0.0,0.0,0.0,0.0
1772565820710999790,217.661447424,5.476074695587158,0.1789187788963318,-32.459815979003906,0.04939108341932297,-0.9008537530899048,-0.02004791796207428,0.43083781003952026,-2.9728851933163742,0.0,0.0,0.0,0.0,0.0,0.0
1772565820835442033,217.785889536,5.520376682281494,0.17938721179962158,-32.42588424682617,0.048783037811517715,-0.9007073044776917,-0.020056167617440224,0.43121257424354553,-2.9744413384467756,0.0,0.0,0.0,0.0,0.0,0.0
1772565820979168325,217.929615872,5.584245204925537,0.1800282597541809,-32.37494659423828,0.04981611669063568,-0.9004747867584229,-0.019336983561515808,0.43161293864250183,-2.9722802846542837,0.0,0.0,0.0,0.0,0.0,0.0
1772565821106729634,218.057177344,5.646266460418701,0.18003177642822266,-32.327049255371094,0.04981429874897003,-0.9002721309661865,-0.019179366528987885,0.43204265832901,-2.972305593820084,0.0,0.0,0.0,0.0,0.0,0.0
1772565821186805994,218.137253632,5.720521450042725,0.1816123127937317,-32.26945114135742,0.05039132386445999,-0.8999283313751221,-0.01890674978494644,0.4327033758163452,-2.970726195417031,0.0,0.0,0.0,0.0,0.0,0.0
1772565821291823376,218.242270976,5.8234429359436035,0.18215465545654297,-32.19136428833008,0.0492699071764946,-0.8996260762214661,-0.01846325397491455,0.4334796965122223,-2.9741932419976864,0.0,0.0,0.0,0.0,0.0,0.0
1772565821394975532,218.345423104,5.908545970916748,0.18116170167922974,-32.12705612182617,0.04841398447751999,-0.8993580937385559,-0.017823047935962677,0.4341583549976349,-2.977223219997618,0.0,0.0,0.0,0.0,0.0,0.0
1772565821500014522,218.450462208,5.993682384490967,0.1817144751548767,-32.060768127441406,0.04957084357738495,-0.8989554643630981,-0.017277447506785393,0.4348830580711365,-2.9743234712214957,0.0,0.0,0.0,0.0,0.0,0.0
1772565821610810825,218.561258496,6.0989766120910645,0.18163031339645386,-31.98482322692871,0.04538954049348831,-0.8987159729003906,-0.01750682294368744,0.43582457304000854,-2.985652534751362,0.0,0.0,0.0,0.0,0.0,0.0
1772565821741501463,218.691949056,6.164720058441162,0.18240338563919067,-31.953100204467773,0.03046393394470215,-0.8988051414489746,-0.02024252712726593,0.43681976199150085,-3.0246197651620417,0.0,0.0,0.0,0.0,0.0,0.0
1772565821849222391,218.799670016,6.156520366668701,0.18287181854248047,-31.956960678100586,0.030214950442314148,-0.8976982831954956,-0.020753562450408936,0.43908336758613586,-3.0238334877172766,0.0,0.0,0.0,0.0,0.0,0.0
1772565821950563870,218.901011456,6.091928005218506,0.1811157464981079,-31.986289978027344,0.033046089112758636,-0.8945884108543396,-0.01943454146385193,0.4452436566352844,-3.0151669362920814,0.0,0.0,0.0,0.0,0.0,0.0
1772565822086973375,219.037421056,6.029618740081787,0.18027335405349731,-32.020782470703125,0.03888489305973053,-0.893333911895752,-0.018682219088077545,0.4473181962966919,-2.998164479708014,0.0,0.0,0.0,0.0,0.0,0.0
1772565822201455039,219.15190272,5.962680339813232,0.17904478311538696,-32.059898376464844,0.04922362044453621,-0.8928475975990295,-0.0170403141528368,0.447336345911026,-2.9699288126065038,0.0,0.0,0.0,0.0,0.0,0.0
1772565822267303414,219.21775104,5.937047481536865,0.17743396759033203,-32.07218933105469,0.049148134887218475,-0.8923401832580566,-0.016946397721767426,0.44835957884788513,-2.9697959406472156,0.0,0.0,0.0,0.0,0.0,0.0
1772565822387053878,219.33750144,5.937108516693115,0.17731839418411255,-32.07427978515625,0.047619156539440155,-0.8918478488922119,-0.01732444018125534,0.44948843121528625,-2.973240575207871,0.0,0.0,0.0,0.0,0.0,0.0
1772565822493011902,219.443459584,5.9006266593933105,0.180067241191864,-32.11913299560547,0.03036673367023468,-0.8921225070953369,-0.020882025361061096,0.4502880573272705,-3.0190525151067447,0.0,0.0,0.0,0.0,0.0,0.0
1772565822639155610,219.589603328,5.82252836227417,0.18077045679092407,-32.175655364990234,0.031576648354530334,-0.8919185400009155,-0.021068058907985687,0.4506000578403473,-3.01503674720512,0.0,0.0,0.0,0.0,0.0,0.0
1772565822710803663,219.661251328,5.719354152679443,0.18008708953857422,-32.248294830322266,0.03574641793966293,-0.8915938138961792,-0.020741693675518036,0.4509463310241699,-3.0029187360038825,0.0,0.0,0.0,0.0,0.0,0.0
1772565822824680130,219.775127808,5.634049892425537,0.1786080002784729,-32.30891036987305,0.03867948055267334,-0.8913383483886719,-0.020617060363292694,0.45121490955352783,-2.994219037246578,0.0,0.0,0.0,0.0,0.0,0.0
1772565822931164525,219.881612032,5.532100200653076,0.1772260069847107,-32.38181686401367,0.0416686125099659,-0.8910456299781799,-0.02036930061876774,0.4515380263328552,-2.9855027734152295,0.0,0.0,0.0,0.0,0.0,0.0
1772565823050510279,220.000957952,5.4481377601623535,0.1758183240890503,-32.442073822021484,0.04398608207702637,-0.8908014893531799,-0.01987118273973465,0.4518220126628876,-2.979179269009912,0.0,0.0,0.0,0.0,0.0,0.0
1772565823149995300,220.10044288,5.364102840423584,0.17529672384262085,-32.5018196105957,0.04646821692585945,-0.8904986381530762,-0.019885731860995293,0.45216989517211914,-2.971558306295936,0.0,0.0,0.0,0.0,0.0,0.0
1772565823249928715,220.20037632,5.2636494636535645,0.17407643795013428,-32.57472610473633,0.04803118109703064,-0.8902159929275513,-0.019895240664482117,0.4525623023509979,-2.96666484939089,0.0,0.0,0.0,0.0,0.0,0.0
1772565823349950296,220.300397824,5.180593967437744,0.17268621921539307,-32.63690185546875,0.04737591743469238,-0.8900194764137268,-0.0204043909907341,0.4529951810836792,-2.9676434374283387,0.0,0.0,0.0,0.0,0.0,0.0
1772565823448997944,220.399445504,5.097133159637451,0.17206650972366333,-32.69987869262695,0.04642030969262123,-0.8898316621780396,-0.02040361799299717,0.4534628093242645,-2.9702714176000136,0.0,0.0,0.0,0.0,0.0,0.0
1772565823592421721,220.542869248,5.012332439422607,0.17147737741470337,-32.76156234741211,0.047071270644664764,-0.889549970626831,-0.020894907414913177,0.4539257287979126,-2.9673386592840836,0.0,0.0,0.0,0.0,0.0,0.0
1772565823686261207,220.636708864,4.9269118309021,0.17011284828186035,-32.823699951171875,0.04798685759305954,-0.8892884254455566,-0.020961567759513855,0.45433905720710754,-2.9642692540881863,0.0,0.0,0.0,0.0,0.0,0.0
1772565823774492375,220.724940032,4.842208385467529,0.16912108659744263,-32.88613510131836,0.048064008355140686,-0.8890743255615234,-0.020793020725250244,0.4547576308250427,-2.964069619340224,0.0,0.0,0.0,0.0,0.0,0.0
1772565823885908819,220.836356352,4.740748882293701,0.16818135976791382,-32.96097946166992,0.04776415973901749,-0.8887715935707092,-0.021201692521572113,0.45536166429519653,-2.964032624106333,0.0,0.0,0.0,0.0,0.0,0.0
1772565823986882663,220.937330176,4.655023097991943,0.16752511262893677,-33.02260971069336,0.04872513562440872,-0.888458251953125,-0.021606601774692535,0.4558519423007965,-2.9602558771717553,0.0,0.0,0.0,0.0,0.0,0.0
1772565824086889393,221.037337088,4.551538944244385,0.16699975728988647,-33.0963020324707,0.05055566132068634,-0.8880387544631958,-0.02192564308643341,0.45645442605018616,-2.9539119479052443,0.0,0.0,0.0,0.0,0.0,0.0
1772565824203049652,221.153497344,4.4526686668396,0.16608858108520508,-33.1679801940918,0.05108167231082916,-0.8876230716705322,-0.02232835441827774,0.4571842551231384,-2.951293238669857,0.0,0.0,0.0,0.0,0.0,0.0
1772565824316365786,221.26681344,4.380788326263428,0.16538292169570923,-33.22128677368164,0.051170431077480316,-0.8870000839233398,-0.02272852510213852,0.4583621323108673,-2.9497292602361296,0.0,0.0,0.0,0.0,0.0,0.0
1772565824422206557,221.37265408,4.31688928604126,0.16518789529800415,-33.26951599121094,0.05139775574207306,-0.8862466812133789,-0.022841677069664,0.4597862958908081,-2.948025256703719,0.0,0.0,0.0,0.0,0.0,0.0
1772565824550143014,221.500590592,4.2535014152526855,0.16478747129440308,-33.31728744506836,0.05120517313480377,-0.8854568600654602,-0.022884942591190338,0.46132469177246094,-2.9476263206919318,0.0,0.0,0.0,0.0,0.0,0.0
1772565824651434546,221.601882112,4.193869113922119,0.16363877058029175,-33.355525970458984,0.05134350806474686,-0.8844335079193115,-0.02331717312335968,0.4632468819618225,-2.94535943124471,0.0,0.0,0.0,0.0,0.0,0.0
1772565824749253569,221.699701248,4.149386882781982,0.1622380018234253,-33.373130798339844,0.05157218128442764,-0.8821138739585876,-0.022907890379428864,0.4676438570022583,-2.94255737651659,0.0,0.0,0.0,0.0,0.0,0.0
1772565824875624231,221.826071808,4.104325771331787,0.15956205129623413,-33.380096435546875,0.05112981051206589,-0.8777771592140198,-0.02250877022743225,0.4758007824420929,-2.9392687140686458,0.0,0.0,0.0,0.0,0.0,0.0
1772565825005417675,221.955865344,4.023325443267822,0.15491324663162231,-33.3901252746582,0.05118729919195175,-0.869590163230896,-0.0221046581864357,0.49061620235443115,-2.9291775466823173,0.0,0.0,0.0,0.0,0.0,0.0
1772565825095453329,222.045901056,3.946564197540283,0.1513788104057312,-33.401756286621094,0.05083967000246048,-0.8603401184082031,-0.020952878519892693,0.5067455768585205,-2.9194209826487287,0.0,0.0,0.0,0.0,0.0,0.0
1772565825189880191,222.14032768,3.8205132484436035,0.14474165439605713,-33.421058654785156,0.05123937129974365,-0.8464863300323486,-0.019635476171970367,0.5295752286911011,-2.8986076514401566,0.0,0.0,0.0,0.0,0.0,0.0
1772565825333394415,222.283842048,3.716315746307373,0.1403903365135193,-33.45451354980469,0.05021744221448898,-0.8386156558990479,-0.018504425883293152,0.5420881509780884,-2.8908929428235632,0.0,0.0,0.0,0.0,0.0,0.0
1772565825449824844,222.400272384,3.599245548248291,0.13684207201004028,-33.504913330078125,0.05007443577051163,-0.8376322984695435,-0.018409766256809235,0.5436229109764099,-2.8898208578820324,0.0,0.0,0.0,0.0,0.0,0.0
1772565825522936240,222.473383936,3.5019288063049316,0.13423258066177368,-33.54814147949219,0.05013015866279602,-0.8375672698020935,-0.01843401789665222,0.5437171459197998,-2.8894207040846833,0.0,0.0,0.0,0.0,0.0,0.0
1772565825652152567,222.602600192,3.404822826385498,0.13165676593780518,-33.59088134765625,0.05045217648148537,-0.8374606370925903,-0.018680060282349586,0.5438432097434998,-2.887356831645965,0.0,0.0,0.0,0.0,0.0,0.0
1772565825741585141,222.692032768,3.288491725921631,0.1287021040916443,-33.64274215698242,0.05040714889764786,-0.8373551368713379,-0.018765948712825775,0.5440068244934082,-2.887115901248642,0.0,0.0,0.0,0.0,0.0,0.0
1772565825851499908,222.801947648,3.1917338371276855,0.12585967779159546,-33.68682861328125,0.04980001598596573,-0.8374340534210205,-0.01808726042509079,0.5439642667770386,-2.891312078654428,0.0,0.0,0.0,0.0,0.0,0.0
1772565825949503006,222.899950592,3.0948233604431152,0.12348300218582153,-33.72955322265625,0.04999987781047821,-0.8374193906784058,-0.018503321334719658,0.5439543724060059,-2.88947317550386,0.0,0.0,0.0,0.0,0.0,0.0
1772565826051401233,223.001848832,2.978844165802002,0.12072712182998657,-33.78125,0.04980210214853287,-0.8374226093292236,-0.018725842237472534,0.5439600348472595,-2.8896956756088548,0.0,0.0,0.0,0.0,0.0,0.0
1772565826164285578,223.114733312,2.8825039863586426,0.12021321058273315,-33.82400894165039,0.04888609051704407,-0.8376827836036682,-0.01879456639289856,0.5436400771141052,-2.893578990316373,0.0,0.0,0.0,0.0,0.0,0.0
1772565826276156809,223.226604544,2.7700424194335938,0.1194121241569519,-33.872703552246094,0.04790353775024414,-0.8382232189178467,-0.01935044676065445,0.5428745150566101,-2.897028672089336,0.0,0.0,0.0,0.0,0.0,0.0
1772565826378347942,223.328795648,2.677945137023926,0.11814653873443604,-33.91324234008789,0.047043122351169586,-0.8385640382766724,-0.02002149075269699,0.5423988699913025,-2.8993402110971704,0.0,0.0,0.0,0.0,0.0,0.0
1772565826490579813,223.441027328,2.5697526931762695,0.11780649423599243,-33.960872650146484,0.04616885632276535,-0.8389481902122498,-0.02052793651819229,0.5418607592582703,-2.9021847430989225,0.0,0.0,0.0,0.0,0.0,0.0
1772565826593865901,223.5443136,2.480562686920166,0.11776983737945557,-33.99964141845703,0.04577674716711044,-0.8392407298088074,-0.02125728130340576,0.5414125919342041,-2.902448208907779,0.0,0.0,0.0,0.0,0.0,0.0
1772565826712790374,223.663237888,2.3908371925354004,0.11664509773254395,-34.03923797607422,0.04537125676870346,-0.8395731449127197,-0.022018350660800934,0.5409008264541626,-2.9027632001312336,0.0,0.0,0.0,0.0,0.0,0.0
1772565826822187370,223.77263488,2.2815041542053223,0.1142730712890625,-34.087955474853516,0.04515884444117546,-0.8399625420570374,-0.021937677636742592,0.5403169989585876,-2.9044848769394913,0.0,0.0,0.0,0.0,0.0,0.0
1772565826937155258,223.887602944,2.1908421516418457,0.11262673139572144,-34.12799072265625,0.045389480888843536,-0.8403333425521851,-0.021991945803165436,0.539718508720398,-2.9041393489226293,0.0,0.0,0.0,0.0,0.0,0.0
1772565827042247453,223.99269504,2.099247455596924,0.10997897386550903,-34.16949462890625,0.044961392879486084,-0.8406829237937927,-0.022034980356693268,0.539207935333252,-2.906304498548303,0.0,0.0,0.0,0.0,0.0,0.0
1772565827137314697,224.087762432,1.9837312698364258,0.10791772603988647,-34.22214126586914,0.04536164551973343,-0.8411620259284973,-0.022474467754364014,0.5384085178375244,-2.904580925276824,0.0,0.0,0.0,0.0,0.0,0.0
1772565827242127629,224.192575232,1.864729881286621,0.10806864500045776,-34.280059814453125,0.04485495388507843,-0.8419433236122131,-0.02232145518064499,0.5372349619865417,-2.9082655625922165,0.0,0.0,0.0,0.0,0.0,0.0
1772565827347916804,224.298364416,1.7341079711914062,0.10589402914047241,-34.346866607666016,0.04354047030210495,-0.8429659605026245,-0.0192306786775589,0.5358571410179138,-2.922346884088052,0.0,0.0,0.0,0.0,0.0,0.0
1772565827450717076,224.4011648,1.593893051147461,0.10285687446594238,-34.41946792602539,0.04195450618863106,-0.8438230156898499,-0.014590301550924778,0.5347800850868225,-2.940780270203695,0.0,0.0,0.0,0.0,0.0,0.0
1772565827591376265,224.541824,1.4268341064453125,0.09910130500793457,-34.5015869140625,0.040011391043663025,-0.8444206118583679,-0.010601192712783813,0.5340791940689087,-2.9585974413300224,0.0,0.0,0.0,0.0,0.0,0.0
1772565827698606492,224.649054208,1.2677655220031738,0.09488892555236816,-34.57821273803711,0.03870377689599991,-0.8449777364730835,-0.008971720933914185,0.5333238244056702,-2.9682255811583014,0.0,0.0,0.0,0.0,0.0,0.0
1772565827794649059,224.745096704,1.1402134895324707,0.09039974212646484,-34.638938903808594,0.03741001337766647,-0.8454074859619141,-0.009422533214092255,0.5327269434928894,-2.972614798123944,0.0,0.0,0.0,0.0,0.0,0.0
1772565827892407255,224.842854912,1.0167484283447266,0.08597677946090698,-34.69601058959961,0.036909811198711395,-0.8457680940628052,-0.011597461998462677,0.5321462154388428,-2.9697726252831145,0.0,0.0,0.0,0.0,0.0,0.0
1772565828030504341,224.980952064,0.8662309646606445,0.08088433742523193,-34.764617919921875,0.03682146221399307,-0.846114993095398,-0.015617042779922485,0.531497597694397,-2.961046010018552,0.0,0.0,0.0,0.0,0.0,0.0
1772565828143498505,225.093946112,0.6793837547302246,0.07550305128097534,-34.862003326416016,0.0341605469584465,-0.8473973870277405,-0.012718603014945984,0.5297065377235413,-2.9795187048464715,0.0,0.0,0.0,0.0,0.0,0.0
1772565828213213733,225.163661312,0.5082230567932129,0.06909310817718506,-34.9487419128418,0.03169111907482147,-0.8482418060302734,-0.009750910103321075,0.528570294380188,-2.9967381288611823,0.0,0.0,0.0,0.0,0.0,0.0
1772565828315047198,225.265494784,0.3413715362548828,0.06156343221664429,-35.031654357910156,0.029431074857711792,-0.8489556908607483,-0.008588224649429321,0.5275741219520569,-3.0086999764453077,0.0,0.0,0.0,0.0,0.0,0.0
1772565828426325192,225.376772864,0.1849679946899414,0.05711120367050171,-35.09348678588867,0.030138976871967316,-0.8528128266334534,-0.009865224361419678,0.5212529301643372,-3.0067650483952404,0.0,0.0,0.0,0.0,0.0,0.0
1772565828550071131,225.500518656,0.0936121940612793,0.053379833698272705,-35.109256744384766,0.030101710930466652,-0.8611608147621155,-0.011015505529940128,0.5073210597038269,-3.011962488681846,0.0,0.0,0.0,0.0,0.0,0.0
1772565828650349333,225.600796928,0.030027389526367188,0.05123406648635864,-35.12604904174805,0.02961316891014576,-0.8758576512336731,-0.01174671296030283,0.48151689767837524,-3.0239293840509593,0.0,0.0,0.0,0.0,0.0,0.0
1772565828749303398,225.699750912,0.0034770965576171875,0.05026906728744507,-35.12288284301758,0.02933507412672043,-0.8892260789871216,-0.012158744037151337,0.45636457204818726,-3.033261121000701,0.0,0.0,0.0,0.0,0.0,0.0
1772565828858485858,225.808933376,-0.004881858825683594,0.04902011156082153,-35.10648727416992,0.028740517795085907,-0.9038305878639221,-0.013216614723205566,0.4267195165157318,-3.042211575313136,0.0,0.0,0.0,0.0,0.0,0.0
1772565828979310742,225.929758464,-0.015309333801269531,0.050936341285705566,-35.13304138183594,0.028249572962522507,-0.9195421934127808,-0.015858648344874382,0.3916536569595337,-3.0487805398133117,0.0,0.0,0.0,0.0,0.0,0.0
1772565829086200117,226.03664768,-0.06047487258911133,0.051905274391174316,-35.2063102722168,0.027389347553253174,-0.9286473989486694,-0.01494552195072174,0.3696489632129669,-3.0564190639875766,0.0,0.0,0.0,0.0,0.0,0.0
1772565829210459805,226.16090752,-0.1387939453125,0.05364978313446045,-35.306453704833984,0.027509452775120735,-0.9337846636772156,-0.015496105886995792,0.35643988847732544,-3.057930670910344,0.0,0.0,0.0,0.0,0.0,0.0
1772565829302551746,226.252999424,-0.22246837615966797,0.05447208881378174,-35.403167724609375,0.027888447046279907,-0.9347140789031982,-0.01565459370613098,0.35395878553390503,-3.0572630217537227,0.0,0.0,0.0,0.0,0.0,0.0
1772565829408791128,226.359238656,-0.29240846633911133,0.05564397573471069,-35.482154846191406,0.027888968586921692,-0.9346904754638672,-0.015579253435134888,0.3540245294570923,-3.0573211405581517,0.0,0.0,0.0,0.0,0.0,0.0
1772565829516286754,226.466734336,-0.3626236915588379,0.05595499277114868,-35.56149673461914,0.028090955689549446,-0.934651792049408,-0.015567854978144169,0.35411110520362854,-3.0568134124072657,0.0,0.0,0.0,0.0,0.0,0.0
1772565829627194214,226.577641728,-0.4323263168334961,0.05712997913360596,-35.639122009277344,0.029438495635986328,-0.9345478415489197,-0.015102609992027283,0.3542960286140442,-3.0538586160577026,0.0,0.0,0.0,0.0,0.0,0.0
1772565829738635836,226.689083392,-0.4586453437805176,0.05708968639373779,-35.66999053955078,0.029065802693367004,-0.9344491958618164,-0.015519186854362488,0.3545689582824707,-3.0543482252389955,0.0,0.0,0.0,0.0,0.0,0.0
1772565829849341641,226.799789312,-0.4836292266845703,0.05758708715438843,-35.698909759521484,0.029405951499938965,-0.9343292713165283,-0.01506882905960083,0.3548761308193207,-3.053869381548435,0.0,0.0,0.0,0.0,0.0,0.0
1772565829954853480,226.905300992,-0.503695011138916,0.05947476625442505,-35.72245788574219,0.029060840606689453,-0.9342263340950012,-0.015519052743911743,0.3551560938358307,-3.054256766477236,0.0,0.0,0.0,0.0,0.0,0.0
1772565830068313316,227.01876096,-0.5312509536743164,0.059700727462768555,-35.75635528564453,0.027327733114361763,-0.9341405034065247,-0.016159700229763985,0.35549071431159973,-3.0579207372776396,0.0,0.0,0.0,0.0,0.0,0.0
1772565830179015466,227.12946304,-0.5637192726135254,0.061364173889160156,-35.795265197753906,0.02685210108757019,-0.9339663982391357,-0.01637887954711914,0.355974018573761,-3.0588176236681948,0.0,0.0,0.0,0.0,0.0,0.0
1772565830291773747,227.242221312,-0.6151089668273926,0.06299096345901489,-35.8524284362793,0.027900006622076035,-0.9337409734725952,-0.016572056338191032,0.3564753830432892,-3.055925686776988,0.0,0.0,0.0,0.0,0.0,0.0
1772565830402759375,227.35320704,-0.6595444679260254,0.06409454345703125,-35.903987884521484,0.027260437607765198,-0.933551549911499,-0.01724223792552948,0.3569890558719635,-3.0567965544367093,0.0,0.0,0.0,0.0,0.0,0.0
1772565830514496648,227.464944384,-0.7232608795166016,0.06584346294403076,-35.97728729248047,0.02748095989227295,-0.9332135319709778,-0.017160475254058838,0.35785871744155884,-3.0561648360095544,0.0,0.0,0.0,0.0,0.0,0.0
1772565830611367022,227.561814528,-0.7810120582580566,0.06750136613845825,-36.04265594482422,0.027715295553207397,-0.9329337477684021,-0.017815008759498596,0.35853761434555054,-3.054825927050318,0.0,0.0,0.0,0.0,0.0,0.0
1772565830716159121,227.666606848,-0.8418238162994385,0.06876730918884277,-36.1119499206543,0.027522027492523193,-0.9326486587524414,-0.018037736415863037,0.35928231477737427,-3.0549580997827435,0.0,0.0,0.0,0.0,0.0,0.0
1772565830830143292,227.780590848,-0.9264488220214844,0.07063120603561401,-36.20389175415039,0.029741408303380013,-0.9323187470436096,-0.018026920035481453,0.35996153950691223,-3.0492619613072747,0.0,0.0,0.0,0.0,0.0,0.0
1772565830931008056,227.881455616,-0.9927101135253906,0.07214081287384033,-36.274513244628906,0.03249199688434601,-0.932055652141571,-0.017818674445152283,0.36041519045829773,-3.042455381921732,0.0,0.0,0.0,0.0,0.0,0.0
1772565831042707907,227.993155584,-1.0411527156829834,0.0720786452293396,-36.32195281982422,0.03473210334777832,-0.9315945506095886,-0.017405256628990173,0.36141711473464966,-3.0370060738577402,0.0,0.0,0.0,0.0,0.0,0.0
1772565831146961031,228.097408768,-1.0691936016082764,0.07269978523254395,-36.35457229614258,0.0326533168554306,-0.9312102198600769,-0.018131405115127563,0.3625638782978058,-3.0412968843764827,0.0,0.0,0.0,0.0,0.0,0.0
1772565831292354324,228.24280192,-1.0969953536987305,0.07327008247375488,-36.391117095947266,0.027988271787762642,-0.9311856627464294,-0.019726337864995003,0.3629336357116699,-3.0514377006313946,0.0,0.0,0.0,0.0,0.0,0.0
1772565831391928698,228.342376192,-1.1389660835266113,0.07421773672103882,-36.43620681762695,0.028732433915138245,-0.931061327457428,-0.01982729136943817,0.3631889820098877,-3.0494080598543216,0.0,0.0,0.0,0.0,0.0,0.0
1772565831490840835,228.441288448,-1.1768684387207031,0.07488113641738892,-36.47374725341797,0.031965792179107666,-0.930905818939209,-0.019370034337043762,0.36334195733070374,-3.0416568851814225,0.0,0.0,0.0,0.0,0.0,0.0
1772565831604575231,228.555022848,-1.2144570350646973,0.0758780837059021,-36.51282501220703,0.03375794366002083,-0.9307811856269836,-0.018917517736554146,0.3635229766368866,-3.0375329875037362,0.0,0.0,0.0,0.0,0.0,0.0
1772565831708863793,228.65931136,-1.2573637962341309,0.0765954852104187,-36.5612907409668,0.03290063142776489,-0.9306734204292297,-0.019206807017326355,0.3638622462749481,-3.0393417006795818,0.0,0.0,0.0,0.0,0.0,0.0
1772565831817421567,228.767869184,-1.2884178161621094,0.07682311534881592,-36.602657318115234,0.02744096703827381,-0.9306924939155579,-0.0201666671782732,0.3642139732837677,-3.0521307415944485,0.0,0.0,0.0,0.0,0.0,0.0
1772565831949354282,228.899801856,-1.3324081897735596,0.07699364423751831,-36.65031433105469,0.027962595224380493,-0.9306002855300903,-0.020022079348564148,0.3644178509712219,-3.0509119368584514,0.0,0.0,0.0,0.0,0.0,0.0
1772565832049220579,228.999668224,-1.3704636096954346,0.0778462290763855,-36.689613342285156,0.029757767915725708,-0.9304991960525513,-0.01961076259613037,0.36455613374710083,-3.0467455598814,0.0,0.0,0.0,0.0,0.0,0.0
1772565832150251897,229.100699392,-1.4155526161193848,0.08002442121505737,-36.735198974609375,0.03232015669345856,-0.9303367137908936,-0.019612997770309448,0.36475247144699097,-3.040215794470147,0.0,0.0,0.0,0.0,0.0,0.0
1772565832244355821,229.194803456,-1.4517340660095215,0.08179885149002075,-36.772499084472656,0.03382293879985809,-0.9301968812942505,-0.019778281450271606,0.3649638295173645,-3.036201568211926,0.0,0.0,0.0,0.0,0.0,0.0
1772565832361091590,229.3115392,-1.4946284294128418,0.08402687311172485,-36.81776809692383,0.034609973430633545,-0.9300560355186462,-0.020263105630874634,0.36522239446640015,-3.033671647551195,0.0,0.0,0.0,0.0,0.0,0.0
1772565832503342962,229.453790464,-1.5369422435760498,0.08630573749542236,-36.86334228515625,0.03469264507293701,-0.9299390912055969,-0.020946502685546875,0.3654736876487732,-3.0327294140538297,0.0,0.0,0.0,0.0,0.0,0.0
1772565832610374739,229.560822272,-1.5715017318725586,0.08788037300109863,-36.90093231201172,0.0343455970287323,-0.9298495054244995,-0.021670907735824585,0.3656921982765198,-3.0328417132830743,0.0,0.0,0.0,0.0,0.0,0.0
1772565832688048721,229.638496256,-1.6120116710662842,0.09003585577011108,-36.94584655761719,0.03334137797355652,-0.9297294616699219,-0.022655576467514038,0.3660304546356201,-3.034332553584593,0.0,0.0,0.0,0.0,0.0,0.0
1772565832834554196,229.785001728,-1.6449470520019531,0.09137237071990967,-36.983211517333984,0.03199169412255287,-0.9296308159828186,-0.023564981296658516,0.36634382605552673,-3.0367790586679986,0.0,0.0,0.0,0.0,0.0,0.0
1772565832918255799,229.868703488,-1.683239221572876,0.09377938508987427,-37.027503967285156,0.029513012617826462,-0.9295262098312378,-0.02484540268778801,0.36673274636268616,-3.041703754888332,0.0,0.0,0.0,0.0,0.0,0.0
1772565833036973597,229.987421184,-1.7143676280975342,0.0965842604637146,-37.064300537109375,0.026763424277305603,-0.9294534921646118,-0.026123419404029846,0.36703890562057495,-3.0473393967611226,0.0,0.0,0.0,0.0,0.0,0.0
1772565833125709186,230.076156928,-1.7557969093322754,0.09884911775588989,-37.10802459716797,0.0272266436368227,-0.9293099045753479,-0.026703940704464912,0.3673265278339386,-3.0455177778476545,0.0,0.0,0.0,0.0,0.0,0.0
1772565833249229214,230.199676928,-1.7913212776184082,0.1009531021118164,-37.14501190185547,0.028154851868748665,-0.9291931390762329,-0.027038725093007088,0.3675273060798645,-3.0427787692609334,0.0,0.0,0.0,0.0,0.0,0.0
1772565833387518371,230.33796608,-1.8328218460083008,0.10308313369750977,-37.18942642211914,0.028165653347969055,-0.9290486574172974,-0.027763858437538147,0.3678376376628876,-3.0419522141741746,0.0,0.0,0.0,0.0,0.0,0.0
1772565833488935649,230.439383296,-1.872964859008789,0.10546785593032837,-37.233882904052734,0.02689310908317566,-0.9289204478263855,-0.028756126761436462,0.3681803345680237,-3.0441103909581786,0.0,0.0,0.0,0.0,0.0,0.0
1772565833613386489,230.563834112,-1.9065637588500977,0.10701179504394531,-37.27091979980469,0.02584722265601158,-0.9288213849067688,-0.029691513627767563,0.36843064427375793,-3.045771474762889,0.0,0.0,0.0,0.0,0.0,0.0
1772565833711391640,230.66183936,-1.9490680694580078,0.10916107892990112,-37.315860748291016,0.02621045708656311,-0.9286909699440002,-0.030289262533187866,0.3686850965023041,-3.0441854896585734,0.0,0.0,0.0,0.0,0.0,0.0
1772565833831140735,230.781588224,-1.983792781829834,0.11045390367507935,-37.353721618652344,0.025605082511901855,-0.9285635352134705,-0.031024396419525146,0.3689873218536377,-3.0449119256292874,0.0,0.0,0.0,0.0,0.0,0.0
1772565833940049276,230.890496768,-2.026087999343872,0.11218887567520142,-37.39898681640625,0.02538207173347473,-0.9284273386001587,-0.03158074617385864,0.36929818987846375,-3.0448417344574934,0.0,0.0,0.0,0.0,0.0,0.0
1772565834042490739,230.99293824,-2.0694682598114014,0.11380976438522339,-37.44500732421875,0.025570392608642578,-0.928274393081665,-0.03194960951805115,0.36963778734207153,-3.043904208435043,0.0,0.0,0.0,0.0,0.0,0.0
1772565834142327788,231.092775424,-2.1060781478881836,0.11579853296279907,-37.48322677612305,0.026029109954833984,-0.9281715154647827,-0.032252103090286255,0.3698377013206482,-3.0423793699790322,0.0,0.0,0.0,0.0,0.0,0.0
1772565834243488711,231.193936384,-2.145477294921875,0.12330001592636108,-37.52161407470703,0.026074126362800598,-0.927844762802124,-0.0348840206861496,0.3704151511192322,-3.0394555214282324,0.0,0.0,0.0,0.0,0.0,0.0
1772565834349219314,231.299666944,-2.174858570098877,0.12988799810409546,-37.553462982177734,0.024472102522850037,-0.9276666045188904,-0.03770805895328522,0.3706939220428467,-3.0406075217837234,0.0,0.0,0.0,0.0,0.0,0.0
1772565834492922991,231.443370496,-2.205465793609619,0.13552993535995483,-37.58539962768555,0.023510443046689034,-0.9274633526802063,-0.040334511548280716,0.37098804116249084,-3.0403174518527933,0.0,0.0,0.0,0.0,0.0,0.0
1772565834586497283,231.536944896,-2.2432680130004883,0.14240413904190063,-37.623836517333984,0.022614330053329468,-0.927159309387207,-0.043361857533454895,0.3714621067047119,-3.0393942160379215,0.0,0.0,0.0,0.0,0.0,0.0
1772565834720496934,231.670944512,-2.2747151851654053,0.14874309301376343,-37.65596008300781,0.02141420729458332,-0.9268103837966919,-0.045778874307870865,0.37211325764656067,-3.0398006532527924,0.0,0.0,0.0,0.0,0.0,0.0
1772565834799157210,231.749604864,-2.3131322860717773,0.15631979703903198,-37.693904876708984,0.02061919867992401,-0.9263928532600403,-0.04863809049129486,0.37283438444137573,-3.038688998740918,0.0,0.0,0.0,0.0,0.0,0.0
1772565834925480041,231.875927552,-2.350806474685669,0.16376179456710815,-37.73154830932617,0.019833862781524658,-0.9259984493255615,-0.05164101719856262,0.3734525144100189,-3.0374239524752653,0.0,0.0,0.0,0.0,0.0,0.0
1772565835037711344,231.988158976,-2.3832030296325684,0.16983193159103394,-37.763126373291016,0.019536197185516357,-0.9256933927536011,-0.05413460731506348,0.3738708794116974,-3.0354897047137026,0.0,0.0,0.0,0.0,0.0,0.0
1772565835143144099,232.093591808,-2.4148142337799072,0.17538106441497803,-37.79604721069336,0.018871650099754333,-0.9255274534225464,-0.05682055652141571,0.3739173710346222,-3.0344194610257635,0.0,0.0,0.0,0.0,0.0,0.0
1772565835249971501,232.200419072,-2.4529552459716797,0.18261712789535522,-37.834808349609375,0.017910420894622803,-0.9252086281776428,-0.05975981056690216,0.37429535388946533,-3.033724275042945,0.0,0.0,0.0,0.0,0.0,0.0
1772565835343357624,232.293805312,-2.4845831394195557,0.18900012969970703,-37.86711502075195,0.01660442166030407,-0.9248560667037964,-0.06207180768251419,0.37485018372535706,-3.034478927393157,0.0,0.0,0.0,0.0,0.0,0.0
1772565835444700097,232.395147776,-2.5171167850494385,0.19557899236679077,-37.89852523803711,0.016494259238243103,-0.9244927167892456,-0.06455916166305542,0.3753310441970825,-3.0320169743583567,0.0,0.0,0.0,0.0,0.0,0.0
1772565835546140420,232.496588032,-2.5560202598571777,0.20213687419891357,-37.93845748901367,0.015843048691749573,-0.9242427349090576,-0.0673246830701828,0.3754886984825134,-3.030768677989983,0.0,0.0,0.0,0.0,0.0,0.0
1772565835651950461,232.602397952,-2.5897462368011475,0.20549124479293823,-37.973052978515625,0.01548340916633606,-0.9240626692771912,-0.06895830482244492,0.37565043568611145,-3.029937997316165,0.0,0.0,0.0,0.0,0.0,0.0
1772565835749542832,232.699990528,-2.6238315105438232,0.20972615480422974,-38.00786590576172,0.014863133430480957,-0.9237886071205139,-0.07060764729976654,0.37604308128356934,-3.029659606306658,0.0,0.0,0.0,0.0,0.0,0.0
1772565835895843763,232.846291456,-2.658921480178833,0.21166175603866577,-38.045127868652344,0.01438476238399744,-0.9237052798271179,-0.07108666747808456,0.37617602944374084,-3.030331781638249,0.0,0.0,0.0,0.0,0.0,0.0
1772565836008400327,232.958848,-2.7051022052764893,0.2123468518257141,-38.09119415283203,0.016396865248680115,-0.923658013343811,-0.07061026990413666,0.3762994706630707,-3.0256331844671442,0.0,0.0,0.0,0.0,0.0,0.0
1772565836093944910,233.044392448,-2.7498979568481445,0.21258586645126343,-38.13783645629883,0.016858160495758057,-0.9235798120498657,-0.07047704607248306,0.376495897769928,-3.0245102288802572,0.0,0.0,0.0,0.0,0.0,0.0
1772565836196765285,233.1472128,-2.7868881225585938,0.21322429180145264,-38.17521667480469,0.017727643251419067,-0.9234638214111328,-0.07026118785142899,0.3767806887626648,-3.0223917796635167,0.0,0.0,0.0,0.0,0.0,0.0
1772565836297691829,233.24813952,-2.8231420516967773,0.21412742137908936,-38.21278762817383,0.01818215847015381,-0.9234158396720886,-0.07002841681241989,0.3769199252128601,-3.0214120284097903,0.0,0.0,0.0,0.0,0.0,0.0
1772565836396621482,233.347069184,-2.858827829360962,0.21467441320419312,-38.25119400024414,0.017315983772277832,-0.9232606887817383,-0.07015278935432434,0.37731754779815674,-3.0233301979627543,0.0,0.0,0.0,0.0,0.0,0.0
1772565836521323059,233.471770624,-2.907806158065796,0.21619826555252075,-38.28776550292969,0.028028488159179688,-0.9233025908470154,-0.067745640873909,0.37701112031936646,-2.9985743336797905,0.0,0.0,0.0,0.0,0.0,0.0
1772565836650367398,233.600815104,-2.9589433670043945,0.21280068159103394,-38.31743240356445,0.047177135944366455,-0.923285722732544,-0.06198032200336456,0.37613338232040405,-2.956068600945381,0.0,0.0,0.0,0.0,0.0,0.0
1772565836749482907,233.699930624,-3.01501727104187,0.21095263957977295,-38.35308074951172,0.06552652269601822,-0.9229636192321777,-0.05677451938390732,0.37499478459358215,-2.9152590770979265,0.0,0.0,0.0,0.0,0.0,0.0
1772565836851150470,233.801598208,-3.0559909343719482,0.2160733938217163,-38.38938903808594,0.06857357919216156,-0.9227025508880615,-0.057546526193618774,0.37497496604919434,-2.9067794591847385,0.0,0.0,0.0,0.0,0.0,0.0
1772565836949534849,233.899982592,-3.099533796310425,0.2224048376083374,-38.42875289916992,0.07120451331138611,-0.9223870038986206,-0.05901332199573517,0.37503284215927124,-2.898634113475863,0.0,0.0,0.0,0.0,0.0,0.0
1772565837049405725,233.999853312,-3.134934186935425,0.22653716802597046,-38.46267318725586,0.07235845923423767,-0.9222103357315063,-0.05983614921569824,0.3751157820224762,-2.8948546119530305,0.0,0.0,0.0,0.0,0.0,0.0
1772565837150288610,234.100736256,-3.170602321624756,0.23008990287780762,-38.49676513671875,0.07335586100816727,-0.9220766425132751,-0.0606200136244297,0.37512513995170593,-2.8915547723835187,0.0,0.0,0.0,0.0,0.0,0.0
1772565837249570540,234.200018176,-3.2130117416381836,0.2319573163986206,-38.54113006591797,0.07292124629020691,-0.9219579100608826,-0.060938507318496704,0.37544989585876465,-2.892149659533962,0.0,0.0,0.0,0.0,0.0,0.0
1772565837365149689,234.315597312,-3.248720407485962,0.232915461063385,-38.57896423339844,0.07227945327758789,-0.921842634677887,-0.06111748516559601,0.3758279085159302,-2.8933749854475947,0.0,0.0,0.0,0.0,0.0,0.0
1772565837462236715,234.412684288,-3.285153865814209,0.23404794931411743,-38.617557525634766,0.07167811691761017,-0.921757698059082,-0.06109689176082611,0.37615448236465454,-2.894725967192818,0.0,0.0,0.0,0.0,0.0,0.0
1772565837571014509,234.521462016,-3.3298370838165283,0.23605841398239136,-38.66514205932617,0.07073544710874557,-0.9217084646224976,-0.06093905121088028,0.376478910446167,-2.8970810562845375,0.0,0.0,0.0,0.0,0.0,0.0
1772565837666706225,234.617153792,-3.371919631958008,0.2378906011581421,-38.71040725708008,0.06918693333864212,-0.9215912222862244,-0.060903359204530716,0.3770591914653778,-2.9007067660950683,0.0,0.0,0.0,0.0,0.0,0.0
1772565837788855225,234.739302912,-3.4167115688323975,0.2401295304298401,-38.758609771728516,0.06733151525259018,-0.9215494990348816,-0.06109030917286873,0.3774666488170624,-2.904996936802413,0.0,0.0,0.0,0.0,0.0,0.0
1772565837885127880,234.835575552,-3.4618947505950928,0.2428363561630249,-38.807037353515625,0.06549815833568573,-0.9215426445007324,-0.06132480502128601,0.37776750326156616,-2.909249702220847,0.0,0.0,0.0,0.0,0.0,0.0
1772565837994929632,234.94537728,-3.5177500247955322,0.25098687410354614,-38.85792922973633,0.06780660152435303,-0.9213011860847473,-0.06256939470767975,0.37774530053138733,-2.9021508070752327,0.0,0.0,0.0,0.0,0.0,0.0
1772565838107067922,235.05751552,-3.5508759021759033,0.2564283013343811,-38.88833236694336,0.06983309984207153,-0.9207149744033813,-0.062411725521087646,0.3788299262523651,-2.89651498460403,0.0,0.0,0.0,0.0,0.0,0.0
1772565838217945778,235.168393472,-3.574164628982544,0.25966256856918335,-38.909610748291016,0.07176437228918076,-0.9194751977920532,-0.062224380671978,0.3815016448497772,-2.8901642725849417,0.0,0.0,0.0,0.0,0.0,0.0
1772565838350346538,235.300794112,-3.5834767818450928,0.26074010133743286,-38.9158821105957,0.07239098846912384,-0.9181510210037231,-0.06206633150577545,0.3845856785774231,-2.8868093958610737,0.0,0.0,0.0,0.0,0.0,0.0
1772565838420153143,235.370600704,-3.5849618911743164,0.2611023783683777,-38.916542053222656,0.07283680140972137,-0.9164396524429321,-0.06319762766361237,0.38838040828704834,-2.882075448792608,0.0,0.0,0.0,0.0,0.0,0.0
1772565838522609868,235.473057536,-3.5819051265716553,0.26142603158950806,-38.912960052490234,0.07288648933172226,-0.9141233563423157,-0.06521490961313248,0.3934628367424011,-2.876453233973941,0.0,0.0,0.0,0.0,0.0,0.0
1772565838634055322,235.58450304,-3.624022960662842,0.2662075161933899,-38.944034576416016,0.07449149340391159,-0.9128444194793701,-0.06589137762784958,0.3960108160972595,-2.8697999972232124,0.0,0.0,0.0,0.0,0.0,0.0
1772565838741518322,235.691965952,-3.6878044605255127,0.2693954110145569,-39.00433349609375,0.07381635904312134,-0.9129289388656616,-0.06566549837589264,0.39597970247268677,-2.8718239504262115,0.0,0.0,0.0,0.0,0.0,0.0
1772565838851348443,235.801796096,-3.7756922245025635,0.27347296476364136,-39.08943176269531,0.07230592519044876,-0.9134761095046997,-0.06440053135156631,0.39520370960235596,-2.8776528044958893,0.0,0.0,0.0,0.0,0.0,0.0
1772565838957434820,235.907882496,-3.84806227684021,0.275973379611969,-39.16170883178711,0.07019853591918945,-0.9139866232872009,-0.06130984425544739,0.3948945999145508,-2.8866790833281755,0.0,0.0,0.0,0.0,0.0,0.0
1772565839067278847,236.017726464,-3.915405750274658,0.27938103675842285,-39.22760772705078,0.06778878718614578,-0.9144036769866943,-0.06005280464887619,0.39454323053359985,-2.894552200522026,0.0,0.0,0.0,0.0,0.0,0.0
1772565839181524035,236.131971584,-3.9922211170196533,0.2858823537826538,-39.2990837097168,0.06746844202280045,-0.914750337600708,-0.05852975696325302,0.3940228819847107,-2.897360097124439,0.0,0.0,0.0,0.0,0.0,0.0
1772565839284031263,236.234478848,-4.049039363861084,0.2948146462440491,-39.345436096191406,0.07093128561973572,-0.9144853353500366,-0.060147106647491455,0.39378634095191956,-2.88673842541433,0.0,0.0,0.0,0.0,0.0,0.0
1772565839404874934,236.355322624,-4.09810733795166,0.30094581842422485,-39.38765335083008,0.07289430499076843,-0.9142076969146729,-0.061721399426460266,0.39382901787757874,-2.879912454111515,0.0,0.0,0.0,0.0,0.0,0.0
1772565839523184013,236.473631744,-4.136106014251709,0.30412429571151733,-39.42228317260742,0.07342389225959778,-0.9141753911972046,-0.061939120292663574,0.39377132058143616,-2.878339754676015,0.0,0.0,0.0,0.0,0.0,0.0
1772565839643800899,236.594248448,-4.176848888397217,0.3075602650642395,-39.458683013916016,0.0741279125213623,-0.914024829864502,-0.06337374448776245,0.39376071095466614,-2.874985580464517,0.0,0.0,0.0,0.0,0.0,0.0
1772565839749981928,236.700429568,-4.234617710113525,0.3103663921356201,-39.51527786254883,0.07232445478439331,-0.9142473936080933,-0.06289908289909363,0.3936554789543152,-2.880252828872966,0.0,0.0,0.0,0.0,0.0,0.0
1772565839891572053,236.842019584,-4.286807537078857,0.31319165229797363,-39.56519317626953,0.07113440334796906,-0.9144607782363892,-0.06277970969676971,0.39339569211006165,-2.8836480233904624,0.0,0.0,0.0,0.0,0.0,0.0
1772565839985102286,236.935549952,-4.350325584411621,0.3162369132041931,-39.626319885253906,0.06971987336874008,-0.9147663712501526,-0.06201665475964546,0.39305931329727173,-2.888362528722402,0.0,0.0,0.0,0.0,0.0,0.0
1772565840085285762,237.035733504,-4.402777671813965,0.31805354356765747,-39.678829193115234,0.06775866448879242,-0.9151158928871155,-0.060543835163116455,0.3928181827068329,-2.8951960171179656,0.0,0.0,0.0,0.0,0.0,0.0
1772565840201938159,237.152385792,-4.455259799957275,0.32038843631744385,-39.73003387451172,0.0661628395318985,-0.915378987789154,-0.060081660747528076,0.39254817366600037,-2.900015029508401,0.0,0.0,0.0,0.0,0.0,0.0
1772565840286541116,237.236988672,-4.517892837524414,0.32346075773239136,-39.79179382324219,0.06402291357517242,-0.9157389998435974,-0.05901867151260376,0.39222443103790283,-2.9069264005715696,0.0,0.0,0.0,0.0,0.0,0.0
1772565840402399017,237.352846592,-4.570735931396484,0.32592207193374634,-39.84249496459961,0.06305146217346191,-0.9159455299377441,-0.05882902443408966,0.39192795753479004,-2.909838726897669,0.0,0.0,0.0,0.0,0.0,0.0
1772565840502699198,237.45314688,-4.623233795166016,0.328322172164917,-39.89303207397461,0.062124669551849365,-0.9161146879196167,-0.05876117944717407,0.3916906416416168,-2.9124665394361826,0.0,0.0,0.0,0.0,0.0,0.0
1772565840603450927,237.553898496,-4.686713695526123,0.3317473530769348,-39.95473861694336,0.0605664998292923,-0.9162349104881287,-0.05917346477508545,0.39159148931503296,-2.916139785780883,0.0,0.0,0.0,0.0,0.0,0.0
1772565840705996080,237.656443648,-4.739263534545898,0.3347371220588684,-40.00691223144531,0.059483349323272705,-0.9161608219146729,-0.05933926999568939,0.3919055461883545,-2.9185978428491923,0.0,0.0,0.0,0.0,0.0,0.0
1772565840824930693,237.775378432,-4.791149616241455,0.33988291025161743,-40.05891418457031,0.05784261226654053,-0.9159950017929077,-0.059909045696258545,0.39245176315307617,-2.921940391135732,0.0,0.0,0.0,0.0,0.0,0.0
1772565840949735997,237.900183552,-4.84372615814209,0.34526705741882324,-40.110652923583984,0.05682939663529396,-0.9158517718315125,-0.06019875779747963,0.39288946986198425,-2.9240148865870896,0.0,0.0,0.0,0.0,0.0,0.0
1772565841049495542,237.999943168,-4.9094109535217285,0.34828275442123413,-40.17333221435547,0.05769689381122589,-0.9157390594482422,-0.059305980801582336,0.39316144585609436,-2.9225589252061845,0.0,0.0,0.0,0.0,0.0,0.0
1772565841152228976,238.10267648,-4.975156307220459,0.3537184000015259,-40.23421859741211,0.05847999453544617,-0.9155998229980469,-0.05884930491447449,0.3934383988380432,-2.9208465640424914,0.0,0.0,0.0,0.0,0.0,0.0
1772565841249274993,238.199722496,-5.0282368659973145,0.3587384819984436,-40.28307342529297,0.058768533170223236,-0.9154024720191956,-0.059074290096759796,0.39382070302963257,-2.9196233412032147,0.0,0.0,0.0,0.0,0.0,0.0
1772565841395536530,238.345984256,-5.081496715545654,0.36365973949432373,-40.33195877075195,0.059159427881240845,-0.9152189493179321,-0.059304624795913696,0.39415401220321655,-2.9181535734612556,0.0,0.0,0.0,0.0,0.0,0.0
1772565841505491531,238.455939072,-5.145687103271484,0.36861544847488403,-40.39053726196289,0.05984087288379669,-0.9149677753448486,-0.05949199199676514,0.3946058750152588,-2.9158974635829558,0.0,0.0,0.0,0.0,0.0,0.0
1772565841602872378,238.553319936,-5.1987786293029785,0.37303149700164795,-40.43964767456055,0.059953734278678894,-0.9148069024085999,-0.05933235585689545,0.39498552680015564,-2.915548394067927,0.0,0.0,0.0,0.0,0.0,0.0
1772565841699582481,238.65003008,-5.262965202331543,0.3794916272163391,-40.49808120727539,0.06034758687019348,-0.9145732522010803,-0.059597671031951904,0.3954263925552368,-2.9139614142085857,0.0,0.0,0.0,0.0,0.0,0.0
1772565841817391173,238.76783872,-5.316802978515625,0.384160578250885,-40.546592712402344,0.061134666204452515,-0.9143738150596619,-0.059679582715034485,0.39575430750846863,-2.9116103094787347,0.0,0.0,0.0,0.0,0.0,0.0
1772565841906557950,238.857005568,-5.3710551261901855,0.388693630695343,-40.59564208984375,0.0619160532951355,-0.9141719341278076,-0.05947105586528778,0.39613038301467896,-2.9095599370844765,0.0,0.0,0.0,0.0,0.0,0.0
1772565842018248357,238.968696064,-5.434794902801514,0.39025193452835083,-40.65899658203125,0.05998598784208298,-0.9141496419906616,-0.0568312332034111,0.39686548709869385,-2.9170839196131024,0.0,0.0,0.0,0.0,0.0,0.0
1772565842130674649,239.081122304,-5.50365686416626,0.3894774317741394,-40.724464416503906,0.06351011246442795,-0.9141791462898254,-0.04674825444817543,0.39756447076797485,-2.9185449918571926,0.0,0.0,0.0,0.0,0.0,0.0
1772565842234258942,239.18470656,-5.558991432189941,0.3924155831336975,-40.77938461303711,0.06435929238796234,-0.9138290286064148,-0.04042632877826691,0.3989238142967224,-2.9226004181333805,0.0,0.0,0.0,0.0,0.0,0.0
1772565842351944190,239.302391808,-5.611625671386719,0.39646029472351074,-40.82859420776367,0.06453050673007965,-0.9132382869720459,-0.03751152381300926,0.40053024888038635,-2.9245710500059205,0.0,0.0,0.0,0.0,0.0,0.0
1772565842465888512,239.416336128,-5.642081260681152,0.39580363035202026,-40.85111618041992,0.06700354069471359,-0.9127069115638733,-0.041999831795692444,0.40088987350463867,-2.9127222151929666,0.0,0.0,0.0,0.0,0.0,0.0
1772565842583649170,239.534096896,-5.63299560546875,0.39539551734924316,-40.84524917602539,0.066534124314785,-0.9122568368911743,-0.04206891357898712,0.40198391675949097,-2.9132751829702777,0.0,0.0,0.0,0.0,0.0,0.0
1772565842686702219,239.637149952,-5.604405879974365,0.39412611722946167,-40.81928253173828,0.06689178198575974,-0.9119004011154175,-0.042683497071266174,0.4026678800582886,-2.9112337779992497,0.0,0.0,0.0,0.0,0.0,0.0
1772565842794613831,239.745061376,-5.5624680519104,0.3920418620109558,-40.7815055847168,0.06601276993751526,-0.9112340211868286,-0.043996412307024,0.40417730808258057,-2.911211674683948,0.0,0.0,0.0,0.0,0.0,0.0
1772565842898053071,239.848500736,-5.532233238220215,0.39141935110092163,-40.75435256958008,0.06407692283391953,-0.910355269908905,-0.04804583638906479,0.4060037136077881,-2.910661616264886,0.0,0.0,0.0,0.0,0.0,0.0
1772565843003146705,239.953594368,-5.53996467590332,0.3969981074333191,-40.75783157348633,0.06210397928953171,-0.9095621705055237,-0.05415588617324829,0.40731683373451233,-2.9080834195748033,0.0,0.0,0.0,0.0,0.0,0.0
1772565843123895639,240.074343168,-5.585860729217529,0.40330827236175537,-40.79597091674805,0.061007723212242126,-0.908929705619812,-0.057482898235321045,0.40843668580055237,-2.906449342748317,0.0,0.0,0.0,0.0,0.0,0.0
1772565843218551798,240.168999424,-5.639240741729736,0.40209895372390747,-40.84274673461914,0.0646967962384224,-0.9090633392333984,-0.0503423810005188,0.4085142910480499,-2.9047954652528025,0.0,0.0,0.0,0.0,0.0,0.0
1772565843338506174,240.288953856,-5.708670616149902,0.40315818786621094,-40.9067268371582,0.06664898246526718,-0.9096074104309082,-0.039764419198036194,0.4081556499004364,-2.9120852832230923,0.0,0.0,0.0,0.0,0.0,0.0
1772565843437364162,240.38781184,-5.765907287597656,0.40600699186325073,-40.95258712768555,0.06807747483253479,-0.9094377756118774,-0.04279648885130882,0.4079911708831787,-2.904798238090557,0.0,0.0,0.0,0.0,0.0,0.0
1772565843549821810,240.500269312,-5.819506645202637,0.40983742475509644,-40.99924087524414,0.06823163479566574,-0.909498929977417,-0.042864903807640076,0.4078221023082733,-2.904405442598529,0.0,0.0,0.0,0.0,0.0,0.0
1772565843649531381,240.599979008,-5.8856916427612305,0.4141662120819092,-41.052589416503906,0.07015258073806763,-0.9093838334083557,-0.045468803495168686,0.4074704945087433,-2.896438871013964,0.0,0.0,0.0,0.0,0.0,0.0
1772565843750544128,240.700991744,-5.939119338989258,0.41403013467788696,-41.10112380981445,0.06944550573825836,-0.9094005823135376,-0.0464370995759964,0.40744510293006897,-2.8972348463644395,0.0,0.0,0.0,0.0,0.0,0.0
1772565843870318840,240.820766464,-5.991903305053711,0.41142410039901733,-41.15450668334961,0.06545136868953705,-0.9096643328666687,-0.045238763093948364,0.4076523184776306,-2.909229608864982,0.0,0.0,0.0,0.0,0.0,0.0
1772565843998362847,240.948810496,-6.046377658843994,0.4122018814086914,-41.207069396972656,0.06262432038784027,-0.9100078344345093,-0.043284326791763306,0.4075419306755066,-2.919177952266472,0.0,0.0,0.0,0.0,0.0,0.0
1772565844075657403,241.026105088,-6.110063076019287,0.4158449172973633,-41.26875305175781,0.06004154682159424,-0.910500168800354,-0.03930382430553436,0.40723416209220886,-2.9309609648639237,0.0,0.0,0.0,0.0,0.0,0.0
1772565844221406138,241.171853824,-6.17451810836792,0.4205647110939026,-41.326560974121094,0.059432901442050934,-0.9107741713523865,-0.03723098337650299,0.40690532326698303,-2.9352045158062707,0.0,0.0,0.0,0.0,0.0,0.0
1772565844313619948,241.264067584,-6.227799892425537,0.4248039126396179,-41.37205123901367,0.05999322980642319,-0.9108341932296753,-0.03770674392580986,0.4066448211669922,-2.933274058412488,0.0,0.0,0.0,0.0,0.0,0.0
1772565844430055305,241.38050304,-6.291183948516846,0.429560124874115,-41.4273567199707,0.060117557644844055,-0.910961389541626,-0.0377291738986969,0.40633952617645264,-2.9330742550406916,0.0,0.0,0.0,0.0,0.0,0.0
1772565844525960461,241.476408064,-6.343350887298584,0.43302851915359497,-41.4744873046875,0.05965369939804077,-0.9111670255661011,-0.036743760108947754,0.40603703260421753,-2.9356319821444896,0.0,0.0,0.0,0.0,0.0,0.0
1772565844650137085,241.600584704,-6.406662940979004,0.4368540644645691,-41.53130340576172,0.05918584018945694,-0.9113640785217285,-0.03535120189189911,0.40578678250312805,-2.9386454576456322,0.0,0.0,0.0,0.0,0.0,0.0
1772565844749536272,241.699983872,-6.458423614501953,0.43702417612075806,-41.583316802978516,0.05584847927093506,-0.9116981625556946,-0.032726794481277466,0.4057295024394989,-2.9507391936431366,0.0,0.0,0.0,0.0,0.0,0.0
1772565844850483900,241.800931584,-6.508932113647461,0.43364495038986206,-41.64113235473633,0.049003586173057556,-0.9122947454452515,-0.027222514152526855,0.4056796133518219,-2.9757266865673264,0.0,0.0,0.0,0.0,0.0,0.0
1772565844949172885,241.899620608,-6.571514129638672,0.43008726835250854,-41.71132278442383,0.04145817458629608,-0.9129577875137329,-0.020225003361701965,0.4054384231567383,-3.004543377728217,0.0,0.0,0.0,0.0,0.0,0.0
1772565845069168632,242.019616256,-6.625946998596191,0.4269399046897888,-41.76647186279297,0.03784644603729248,-0.9132733345031738,-0.01730206608772278,0.40521618723869324,-3.0178876560395977,0.0,0.0,0.0,0.0,0.0,0.0
1772565845186063418,242.136510976,-6.692630767822266,0.4223269820213318,-41.830322265625,0.03503958135843277,-0.9134997725486755,-0.017163604497909546,0.40496405959129333,-3.025739711129774,0.0,0.0,0.0,0.0,0.0,0.0
1772565845292455839,242.242903552,-6.749002933502197,0.4186522364616394,-41.881103515625,0.03411876782774925,-0.9136203527450562,-0.01908370666205883,0.40468451380729675,-3.0260299107643482,0.0,0.0,0.0,0.0,0.0,0.0
1772565845385941808,242.336389376,-6.805665493011475,0.41476142406463623,-41.92955017089844,0.03441552072763443,-0.9136118292808533,-0.022775202989578247,0.40448784828186035,-3.020899082596551,0.0,0.0,0.0,0.0,0.0,0.0
1772565845498037763,242.448485376,-6.872104167938232,0.4097716212272644,-41.986690521240234,0.03465963900089264,-0.9135841131210327,-0.027332931756973267,0.4042472541332245,-3.0149164746884947,0.0,0.0,0.0,0.0,0.0,0.0
1772565845631424339,242.581871872,-6.923212051391602,0.406454861164093,-42.04090118408203,0.030625492334365845,-0.9139208793640137,-0.024005010724067688,0.4040229320526123,-3.0298364455513513,0.0,0.0,0.0,0.0,0.0,0.0
1772565845734348478,242.68479616,-6.97509765625,0.4029152989387512,-42.100868225097656,0.02459104359149933,-0.9144440293312073,-0.01643526554107666,0.40363025665283203,-3.0552615390044093,0.0,0.0,0.0,0.0,0.0,0.0
1772565845832684225,242.783131904,-7.040709495544434,0.39807456731796265,-42.1727409362793,0.018101288005709648,-0.9148088693618774,-0.008382155559957027,0.40339404344558716,-3.082481318657954,0.0,0.0,0.0,0.0,0.0,0.0
1772565845921969464,242.872417024,-7.095170497894287,0.3939654231071472,-42.23207092285156,0.012795314192771912,-0.9150444269180298,-0.0030543506145477295,0.40313854813575745,-3.103250920310994,0.0,0.0,0.0,0.0,0.0,0.0
1772565846035399800,242.985847296,-7.161985874176025,0.3924883008003235,-42.30108642578125,0.008902640081942081,-0.9151775240898132,0.00288641476072371,0.40294238924980164,-3.120904546719358,0.0,0.0,0.0,0.0,0.0,0.0
1772565846149248154,243.099695872,-7.217437744140625,0.3866458535194397,-42.359580993652344,0.004180908668786287,-0.9153362512588501,0.00686441408470273,0.4026101529598236,-3.138445894021099,0.0,0.0,0.0,0.0,0.0,0.0
1772565846252124042,243.202571776,-7.283371448516846,0.38014376163482666,-42.4302864074707,-0.0022396445274353027,-0.9155223369598389,0.01222597062587738,0.4020751714706421,3.1210056326178166,0.0,0.0,0.0,0.0,0.0,0.0
1772565846394505605,243.344953344,-7.339629650115967,0.37664586305618286,-42.48588180541992,-0.004890755284577608,-0.9156362414360046,0.014625118114054203,0.40171197056770325,3.1110259007979693,0.0,0.0,0.0,0.0,0.0,0.0
1772565846506473655,243.456921344,-7.407439231872559,0.37291866540908813,-42.545745849609375,-0.005332827568054199,-0.9158998727798462,0.011732727289199829,0.40119993686676025,3.1133075266070915,0.0,0.0,0.0,0.0,0.0,0.0
1772565846590139269,243.540587008,-7.474852085113525,0.36942166090011597,-42.60411834716797,-0.004950582515448332,-0.9161348342895508,0.008149146102368832,0.40075674653053284,3.1186092858991215,0.0,0.0,0.0,0.0,0.0,0.0
1772565846728433194,243.678880768,-7.530255317687988,0.36635977029800415,-42.65222930908203,-0.004649341106414795,-0.9163283705711365,0.005417883396148682,0.40036410093307495,3.122667346274126,0.0,0.0,0.0,0.0,0.0,0.0
1772565846807163068,243.757610752,-7.58510160446167,0.3635162115097046,-42.700897216796875,-0.004969596862792969,-0.9165323972702026,0.003101453185081482,0.3999177813529968,3.124551892283258,0.0,0.0,0.0,0.0,0.0,0.0
1772565846932523754,243.882971392,-7.651002883911133,0.35959506034851074,-42.7607536315918,-0.005943268537521362,-0.9167428612709045,0.0009555518627166748,0.39943256974220276,3.124467968638917,0.0,0.0,0.0,0.0,0.0,0.0
1772565847040580132,243.991027712,-7.71624231338501,0.35741132497787476,-42.822479248046875,-0.007538706064224243,-0.9168528318405151,0.0005242973566055298,0.3991539180278778,3.120689198542976,0.0,0.0,0.0,0.0,0.0,0.0
1772565847143320247,244.093767936,-7.769430160522461,0.35717523097991943,-42.873416900634766,-0.009348064661026001,-0.9168065786361694,-0.0011495351791381836,0.39922046661376953,3.117777478102635,0.0,0.0,0.0,0.0,0.0,0.0
1772565847242005008,244.192452608,-7.821196556091309,0.35895103216171265,-42.925655364990234,-0.012150853872299194,-0.9165780544281006,-0.002222985029220581,0.3996649980545044,3.1114690257293205,0.0,0.0,0.0,0.0,0.0,0.0
1772565847349922795,244.300370432,-7.88273811340332,0.36115461587905884,-42.98829650878906,-0.016280733048915863,-0.9163029789924622,-0.0030131936073303223,0.40014347434043884,3.101238960555262,0.0,0.0,0.0,0.0,0.0,0.0
1772565847495212587,244.44566016,-7.948696613311768,0.3636093735694885,-43.04824447631836,-0.015139540657401085,-0.9161387085914612,-0.0032299007289111614,0.4005623459815979,3.1045468914345027,0.0,0.0,0.0,0.0,0.0,0.0
1772565847592535285,244.542982912,-8.00318717956543,0.36511921882629395,-43.09934616088867,-0.015175357460975647,-0.9159719944000244,-0.0036789849400520325,0.40093833208084106,3.1049586428480844,0.0,0.0,0.0,0.0,0.0,0.0
1772565847692681078,244.643128576,-8.056551933288574,0.366335928440094,-43.15072250366211,-0.01619415171444416,-0.9157856106758118,-0.004270501900464296,0.401318222284317,3.102883753927541,0.0,0.0,0.0,0.0,0.0,0.0
1772565847812018636,244.762466304,-8.121862411499023,0.3683924674987793,-43.21123504638672,-0.01558615081012249,-0.9156076908111572,-0.004204682540148497,0.4017485976219177,3.1044252534390115,0.0,0.0,0.0,0.0,0.0,0.0
1772565847942426654,244.89287424,-8.187911033630371,0.3702004551887512,-43.271453857421875,-0.014604508876800537,-0.9154714345932007,-0.004685409367084503,0.40209054946899414,3.1076343566048474,0.0,0.0,0.0,0.0,0.0,0.0
1772565848045382441,244.995830016,-8.241194725036621,0.37106937170028687,-43.320945739746094,-0.014523565769195557,-0.9153388738632202,-0.005163855850696564,0.4023894667625427,3.1084085232142074,0.0,0.0,0.0,0.0,0.0,0.0
1772565848144404591,245.094852096,-8.294082641601562,0.3725225329399109,-43.370635986328125,-0.014860205352306366,-0.9151875972747803,-0.005417376756668091,0.4027177095413208,3.1077836208858116,0.0,0.0,0.0,0.0,0.0,0.0
1772565848234403763,245.184851456,-8.35891056060791,0.3741074204444885,-43.429378509521484,-0.01365746557712555,-0.9150500893592834,-0.0055960193276405334,0.40307024121284485,3.1112425937683486,0.0,0.0,0.0,0.0,0.0,0.0
1772565848346041283,245.29648896,-8.42230224609375,0.37554818391799927,-43.48902130126953,-0.014600886031985283,-0.9148792028427124,-0.00650144275277853,0.4034113883972168,3.1097523240946288,0.0,0.0,0.0,0.0,0.0,0.0
1772565848449156806,245.39960448,-8.475861549377441,0.3767188787460327,-43.53879928588867,-0.014832958579063416,-0.9147207140922546,-0.0069039613008499146,0.4037553071975708,3.109591316262502,0.0,0.0,0.0,0.0,0.0,0.0
1772565848598000602,245.548448256,-8.530435562133789,0.3776695132255554,-43.58808517456055,-0.013785198330879211,-0.9146132469177246,-0.006891615688800812,0.40403616428375244,3.112412916933299,0.0,0.0,0.0,0.0,0.0,0.0
1772565848694058578,245.644506112,-8.595927238464355,0.37980735301971436,-43.64580154418945,-0.011359036900103092,-0.9144479632377625,-0.006916597951203585,0.4044850170612335,3.1190260868880393,0.0,0.0,0.0,0.0,0.0,0.0
1772565848816428969,245.766876672,-8.647555351257324,0.3810374140739441,-43.69572067260742,-0.01332826353609562,-0.9142488241195679,-0.007855490781366825,0.4048577547073364,3.114791526930336,0.0,0.0,0.0,0.0,0.0,0.0
1772565848951427619,245.9018752,-8.722049713134766,0.38245922327041626,-43.766258239746094,-0.014868922531604767,-0.9140111804008484,-0.008689641952514648,0.405323326587677,3.1115912601668563,0.0,0.0,0.0,0.0,0.0,0.0
1772565849045034034,245.9954816,-8.776801109313965,0.3840565085411072,-43.81794357299805,-0.015632040798664093,-0.9138069748878479,-0.009143136441707611,0.4057447612285614,3.110048232350486,0.0,0.0,0.0,0.0,0.0,0.0
1772565849142019999,246.092467712,-8.84646987915039,0.3845897316932678,-43.879241943359375,-0.013150505721569061,-0.9136313199996948,-0.009158879518508911,0.40622782707214355,3.116824805118988,0.0,0.0,0.0,0.0,0.0,0.0
1772565849251260805,246.201708544,-8.902859687805176,0.3854309916496277,-43.93038558959961,-0.012251072563230991,-0.9134540557861328,-0.008967184461653233,0.40665867924690247,3.1190413548530733,0.0,0.0,0.0,0.0,0.0,0.0
1772565849393526567,246.343974144,-8.970500946044922,0.38730376958847046,-43.99060821533203,-0.010713659226894379,-0.9132174253463745,-0.009121380746364594,0.40722960233688354,3.123425464126024,0.0,0.0,0.0,0.0,0.0,0.0
1772565849500227633,246.4506752,-9.026994705200195,0.3881230354309082,-44.04076385498047,-0.009474039077758789,-0.9130336046218872,-0.009212113916873932,0.40767019987106323,3.1269266737081622,0.0,0.0,0.0,0.0,0.0,0.0
1772565849602924313,246.553371904,-9.094274520874023,0.3889567255973816,-44.10145568847656,-0.008540518581867218,-0.9128048419952393,-0.009171873331069946,0.40820378065109253,3.129436420095544,0.0,0.0,0.0,0.0,0.0,0.0
1772565849699391683,246.64983936,-9.151291847229004,0.39023685455322266,-44.151756286621094,-0.006870888639241457,-0.9126013517379761,-0.009089828468859196,0.40869176387786865,3.133917042401349,0.0,0.0,0.0,0.0,0.0,0.0
1772565849801245499,246.751693056,-9.21957015991211,0.3910803198814392,-44.21247482299805,-0.0055389925837516785,-0.9123677015304565,-0.009248331189155579,0.4092297852039337,3.137776419502997,0.0,0.0,0.0,0.0,0.0,0.0
1772565849901738962,246.852186624,-9.275484085083008,0.39153820276260376,-44.2628173828125,-0.0049393922090530396,-0.9121547937393188,-0.00931508094072342,0.4097100794315338,3.1395180390648347,0.0,0.0,0.0,0.0,0.0,0.0
1772565850002050684,246.952498176,-9.330950736999512,0.39292752742767334,-44.3128776550293,-0.004520729649811983,-0.911932647228241,-0.00954731646925211,0.4102040231227875,3.1409708698875654,0.0,0.0,0.0,0.0,0.0,0.0
1772565850149794067,247.100241664,-9.397866249084473,0.394537091255188,-44.37328338623047,-0.004175946116447449,-0.9116799235343933,-0.009729355573654175,0.4107646644115448,-3.1410210418321034,0.0,0.0,0.0,0.0,0.0,0.0
1772565850249390794,247.199838464,-9.465578079223633,0.3952157497406006,-44.4340705871582,-0.0038855448365211487,-0.911454975605011,-0.01011165976524353,0.4112573564052582,-3.139727790162717,0.0,0.0,0.0,0.0,0.0,0.0
1772565850350028143,247.300475648,-9.522395133972168,0.39665108919143677,-44.48444747924805,-0.0032981783151626587,-0.9112815260887146,-0.010334186255931854,0.41164112091064453,-3.137815809544068,0.0,0.0,0.0,0.0,0.0,0.0
1772565850449236878,247.399684608,-9.578596115112305,0.3979467749595642,-44.53515625,-0.0038465335965156555,-0.9111253023147583,-0.010587543249130249,0.4119754731655121,-3.1389973394035096,0.0,0.0,0.0,0.0,0.0,0.0
1772565850550014579,247.50046208,-9.647093772888184,0.39888638257980347,-44.59543228149414,-0.0033133327960968018,-0.9109972715377808,-0.010693937540054321,0.41226041316986084,-3.137380187724266,0.0,0.0,0.0,0.0,0.0,0.0
1772565850703524738,247.65397248,-9.715333938598633,0.4016779661178589,-44.65591049194336,-0.003456250298768282,-0.9109230637550354,-0.010741093195974827,0.41242197155952454,-3.1377081642291382,0.0,0.0,0.0,0.0,0.0,0.0
1772565850818536907,247.768984576,-9.772192001342773,0.40297919511795044,-44.70640182495117,-0.0033500567078590393,-0.9108084440231323,-0.010737977921962738,0.4126761257648468,-3.1374067507015115,0.0,0.0,0.0,0.0,0.0,0.0
1772565850900386833,247.850834432,-9.840574264526367,0.4046953320503235,-44.76659393310547,-0.002554267644882202,-0.910605788230896,-0.010848186910152435,0.4131258428096771,-3.1350467382487572,0.0,0.0,0.0,0.0,0.0,0.0
1772565851011259618,247.961707264,-9.897305488586426,0.4070664048194885,-44.817596435546875,-0.0025850834790617228,-0.9104047417640686,-0.01074755284935236,0.41357114911079407,-3.1352349618431505,0.0,0.0,0.0,0.0,0.0,0.0
1772565851106714153,248.057161728,-9.965621948242188,0.4085243344306946,-44.87886047363281,-0.002711251378059387,-0.9101942777633667,-0.01051560789346695,0.4140393137931824,-3.1358522568517775,0.0,0.0,0.0,0.0,0.0,0.0
1772565851249245997,248.199693568,-10.022997856140137,0.4100727438926697,-44.929508209228516,-0.002424001693725586,-0.9100124835968018,-0.010862812399864197,0.41443151235580444,-3.1345978404033774,0.0,0.0,0.0,0.0,0.0,0.0
1772565851349354815,248.299802368,-10.092552185058594,0.4139893651008606,-44.98869705200195,-0.0005019307718612254,-0.9097790122032166,-0.01090701762586832,0.41494935750961304,-3.129180218601111,0.0,0.0,0.0,0.0,0.0,0.0
1772565851452970659,248.403418368,-10.152121543884277,0.41540080308914185,-45.03419876098633,0.0051510329358279705,-0.9096453785896301,-0.010475634597241879,0.415221631526947,-3.114016300735563,0.0,0.0,0.0,0.0,0.0,0.0
1772565851566071299,248.516518912,-10.228316307067871,0.415718138217926,-45.08655548095703,0.01691693812608719,-0.9094011783599854,-0.010006636381149292,0.41545552015304565,-3.0819235503646847,0.0,0.0,0.0,0.0,0.0,0.0
1772565851666686290,248.617133824,-10.286518096923828,0.41589176654815674,-45.13671875,0.017781155183911324,-0.9092530012130737,-0.009943426586687565,0.4157451093196869,-3.0795578429742534,0.0,0.0,0.0,0.0,0.0,0.0
1772565851806448626,248.756896256,-10.352652549743652,0.41566699743270874,-45.197994232177734,0.015616282820701599,-0.9091160297393799,-0.009419091045856476,0.4161435663700104,-3.0861755423936557,0.0,0.0,0.0,0.0,0.0,0.0
1772565851914313488,248.864761088,-10.406362533569336,0.41532766819000244,-45.24923324584961,0.012300757691264153,-0.9090376496315002,-0.00926028098911047,0.416429340839386,-3.095557544826372,0.0,0.0,0.0,0.0,0.0,0.0
1772565852011341017,248.961788672,-10.47397232055664,0.4152687191963196,-45.30897521972656,0.01164177805185318,-0.9088754653930664,-0.009359478950500488,0.41680002212524414,-3.0972179906453152,0.0,0.0,0.0,0.0,0.0,0.0
1772565852117365166,249.067812864,-10.534749031066895,0.41521668434143066,-45.35692596435547,0.015396907925605774,-0.9087991714477539,-0.009042374789714813,0.4168514311313629,-3.08716135216395,0.0,0.0,0.0,0.0,0.0,0.0
1772565852217332562,249.167780096,-10.603400230407715,0.41667085886001587,-45.41530227661133,0.015780845656991005,-0.9087468981742859,-0.00968251470476389,0.41693684458732605,-3.0852639522336682,0.0,0.0,0.0,0.0,0.0,0.0
1772565852319867787,249.27031552,-10.659607887268066,0.4165249466896057,-45.463932037353516,0.015555499121546745,-0.9087116718292236,-0.009932070039212704,0.4170161187648773,-3.0855611830754084,0.0,0.0,0.0,0.0,0.0,0.0
1772565852450970426,249.401417984,-10.727521896362305,0.4180467128753662,-45.521846771240234,0.016138441860675812,-0.9086441993713379,-0.009974256157875061,0.4171401262283325,-3.083864992978356,0.0,0.0,0.0,0.0,0.0,0.0
1772565852549436628,249.499884288,-10.78428840637207,0.41951513290405273,-45.56972885131836,0.016692325472831726,-0.9085917472839355,-0.010529987514019012,0.4172188937664032,-3.081600769019401,0.0,0.0,0.0,0.0,0.0,0.0
1772565852651398246,249.60184576,-10.85157299041748,0.4184609651565552,-45.629486083984375,0.015499094501137733,-0.9085347056388855,-0.010409862734377384,0.41739198565483093,-3.0850508763099573,0.0,0.0,0.0,0.0,0.0,0.0
1772565852769983474,249.720431104,-10.907943725585938,0.41801542043685913,-45.67940902709961,0.014761380851268768,-0.9084914326667786,-0.00986507534980774,0.4175262153148651,-3.087782919016009,0.0,0.0,0.0,0.0,0.0,0.0
1772565852915386353,249.865833984,-10.97594928741455,0.4184958338737488,-45.73960494995117,0.013655595481395721,-0.9084230065345764,-0.00981469452381134,0.41771385073661804,-3.0909034478630595,0.0,0.0,0.0,0.0,0.0,0.0
1772565853019375453,249.969822976,-11.033902168273926,0.41933077573776245,-45.78805923461914,0.014226451516151428,-0.9084377884864807,-0.01039154827594757,0.4176487326622009,-3.088582733358364,0.0,0.0,0.0,0.0,0.0,0.0
1772565853125316816,250.07576448,-11.102792739868164,0.41954439878463745,-45.84620666503906,0.014814041554927826,-0.9084982872009277,-0.01016872376203537,0.41750210523605347,-3.0872514638304507,0.0,0.0,0.0,0.0,0.0,0.0
1772565853222307090,250.172754688,-11.159393310546875,0.42086881399154663,-45.89453887939453,0.014573566615581512,-0.9085804224014282,-0.01031465083360672,0.4173283278942108,-3.0877610567624427,0.0,0.0,0.0,0.0,0.0,0.0
1772565853322433145,250.27288064,-11.227888107299805,0.42141956090927124,-45.95158004760742,0.014989778399467468,-0.9087129235267639,-0.01122884452342987,0.4170013666152954,-3.0854850610827365,0.0,0.0,0.0,0.0,0.0,0.0
1772565853437333275,250.387780864,-11.297002792358398,0.42237919569015503,-46.00823211669922,0.01647436060011387,-0.9088026881217957,-0.01117278728634119,0.4167511761188507,-3.081464678641599,0.0,0.0,0.0,0.0,0.0,0.0
1772565853550521770,250.500969472,-11.353119850158691,0.4224216341972351,-46.05786895751953,0.015527837909758091,-0.9088767170906067,-0.010666684247553349,0.4166392385959625,-3.0847602405337806,0.0,0.0,0.0,0.0,0.0,0.0
1772565853649724640,250.600172288,-11.409571647644043,0.42279285192489624,-46.10700225830078,0.014947250485420227,-0.9089796543121338,-0.011131994426250458,0.41642364859580994,-3.085816732543319,0.0,0.0,0.0,0.0,0.0,0.0
1772565853775719745,250.726167296,-11.477909088134766,0.422282874584198,-46.16748046875,0.014403842389583588,-0.9090714454650879,-0.00970863550901413,0.4162781536579132,-3.0891588463287105,0.0,0.0,0.0,0.0,0.0,0.0
1772565853904465490,250.854913024,-11.545577049255371,0.42268115282058716,-46.229305267333984,0.012754812836647034,-0.9092178344726562,-0.008240923285484314,0.416043758392334,-3.0956396598175027,0.0,0.0,0.0,0.0,0.0,0.0
1772565853977038038,250.927485696,-11.602584838867188,0.4220110774040222,-46.282684326171875,0.01170521229505539,-0.9093672037124634,-0.004005908966064453,0.41581040620803833,-3.1039610036203085,0.0,0.0,0.0,0.0,0.0,0.0
1772565854120611795,251.071059456,-11.661490440368652,0.4204331040382385,-46.336761474609375,0.011114664375782013,-0.9094907641410828,0.0003580152988433838,0.41557547450065613,-3.1111597950893186,0.0,0.0,0.0,0.0,0.0,0.0
1772565854239952130,251.190399744,-11.74429988861084,0.41904252767562866,-46.409244537353516,0.010744750499725342,-0.9096219539642334,0.0021820813417434692,0.4152923822402954,-3.114516185847588,0.0,0.0,0.0,0.0,0.0,0.0
1772565854347396525,251.297844224,-11.803519248962402,0.42032891511917114,-46.45847702026367,0.011763609945774078,-0.9097671508789062,0.0024205446243286133,0.414945125579834,-3.1120062890314646,0.0,0.0,0.0,0.0,0.0,0.0
1772565854429320960,251.379768576,-11.86198616027832,0.41927003860473633,-46.50696563720703,0.012319549918174744,-0.909972071647644,0.001925140619277954,0.4144820272922516,-3.1098629651364,0.0,0.0,0.0,0.0,0.0,0.0
1772565854528702268,251.479149824,-11.919716835021973,0.41768014430999756,-46.55717468261719,0.011584989726543427,-0.910187840461731,0.002350643277168274,0.41402703523635864,-3.112459897170109,0.0,0.0,0.0,0.0,0.0,0.0
1772565854631033089,251.581480704,-11.989693641662598,0.41483861207962036,-46.61848449707031,0.0107380086556077,-0.9103459715843201,0.002460152143612504,0.41370144486427307,-3.1149589175688854,0.0,0.0,0.0,0.0,0.0,0.0
1772565854749300376,251.699748096,-12.047953605651855,0.41305333375930786,-46.66891098022461,0.010783769190311432,-0.9104169607162476,0.00256405770778656,0.4135434031486511,-3.1149699004481186,0.0,0.0,0.0,0.0,0.0,0.0
1772565854850290200,251.800737792,-12.117387771606445,0.41229569911956787,-46.72975158691406,0.010385096073150635,-0.9104828238487244,0.002674788236618042,0.41340792179107666,-3.116218085609475,0.0,0.0,0.0,0.0,0.0,0.0
1772565854977942148,251.928389888,-12.17549991607666,0.4112468361854553,-46.78012466430664,0.01049698144197464,-0.9105101823806763,0.002486109733581543,0.4133460521697998,-3.11567420902247,0.0,0.0,0.0,0.0,0.0,0.0
1772565855079079004,252.029526528,-12.24511432647705,0.40979474782943726,-46.840660095214844,0.010515549220144749,-0.9105791449546814,0.0026923271361738443,0.4131923019886017,-3.1158881779546888,0.0,0.0,0.0,0.0,0.0,0.0
1772565855179090286,252.129537792,-12.302910804748535,0.40900808572769165,-46.89118957519531,0.010336585342884064,-0.9106267690658569,0.002733081579208374,0.41309162974357605,-3.116438373773863,0.0,0.0,0.0,0.0,0.0,0.0
1772565855316127591,252.266575104,-12.372486114501953,0.40742796659469604,-46.95147705078125,0.010534025728702545,-0.9106643199920654,0.0025170445442199707,0.4130050837993622,-3.115625221913121,0.0,0.0,0.0,0.0,0.0,0.0
1772565855431043861,252.381491456,-12.430169105529785,0.4063810706138611,-47.00189971923828,0.010477997362613678,-0.9107087850570679,0.0027192234992980957,0.41290727257728577,-3.116037589208221,0.0,0.0,0.0,0.0,0.0,0.0
1772565855539336713,252.48978432,-12.487863540649414,0.40567052364349365,-47.05226516723633,0.01035982370376587,-0.9107544422149658,0.0026168525218963623,0.41281014680862427,-3.1162400090965905,0.0,0.0,0.0,0.0,0.0,0.0
1772565855633147550,252.583595264,-12.557238578796387,0.4042128920555115,-47.11275863647461,0.010403393767774105,-0.9107814431190491,0.00244730687700212,0.4127506613731384,-3.115909834714301,0.0,0.0,0.0,0.0,0.0,0.0
1772565855733517057,252.683964672,-12.615044593811035,0.40297120809555054,-47.1630744934082,0.010514214634895325,-0.9108258485794067,0.002559363842010498,0.4126489460468292,-3.115748184714156,0.0,0.0,0.0,0.0,0.0,0.0
1772565855833758121,252.784205824,-12.68404769897461,0.4021832346916199,-47.22359848022461,0.010223858058452606,-0.9108890295028687,0.0025751590728759766,0.41251683235168457,-3.116575530219395,0.0,0.0,0.0,0.0,0.0,0.0
1772565855949474153,252.899921664,-12.741907119750977,0.40107566118240356,-47.274009704589844,0.010282471776008606,-0.9109301567077637,0.002522692084312439,0.41242480278015137,-3.1163518358936577,0.0,0.0,0.0,0.0,0.0,0.0
1772565856049321601,252.999769344,-12.811210632324219,0.3998177647590637,-47.3345832824707,0.0102982884272933,-0.9109779596328735,0.0026140210684388876,0.4123181104660034,-3.116426655911671,0.0,0.0,0.0,0.0,0.0,0.0
1772565856200474304,253.150921984,-12.868265151977539,0.4003090262413025,-47.38520050048828,0.00956697016954422,-0.9110614657402039,0.002695918083190918,0.4121508300304413,-3.1185541691736263,0.0,0.0,0.0,0.0,0.0,0.0
1772565856287248866,253.237696512,-12.936899185180664,0.4002578854560852,-47.44475555419922,0.009221658110618591,-0.9111812114715576,0.0018909424543380737,0.41189828515052795,-3.118512376035565,0.0,0.0,0.0,0.0,0.0,0.0
1772565856393017459,253.34346496,-12.993894577026367,0.4014607071876526,-47.494659423828125,0.008516453206539154,-0.9113568067550659,0.0017915070056915283,0.4115254282951355,-3.1203471512020386,0.0,0.0,0.0,0.0,0.0,0.0
1772565856513098412,253.463546112,-13.061376571655273,0.40201979875564575,-47.553871154785156,0.00780089944601059,-0.9115649461746216,0.0017229169607162476,0.41107845306396484,-3.122248632474662,0.0,0.0,0.0,0.0,0.0,0.0
1772565856605266780,253.555714304,-13.117298126220703,0.40175551176071167,-47.60331344604492,0.0070534348487854,-0.9117376804351807,0.0019863396883010864,0.41070762276649475,-3.1246440993779463,0.0,0.0,0.0,0.0,0.0,0.0
1772565856718663332,253.66911104,-13.184412002563477,0.4032447934150696,-47.661930084228516,0.0064244200475513935,-0.9119572043418884,0.001522332546301186,0.4102323353290558,-3.1258122722500095,0.0,0.0,0.0,0.0,0.0,0.0
1772565856808523125,253.758970624,-13.240062713623047,0.40396881103515625,-47.709075927734375,0.00665885116904974,-0.9121109843254089,-6.92307876306586e-05,0.40988919138908386,-3.1232122762056664,0.0,0.0,0.0,0.0,0.0,0.0
1772565856937194738,253.887642368,-13.294727325439453,0.4041828513145447,-47.75630569458008,0.006507836282253265,-0.912285327911377,-0.00094565749168396,0.4095025658607483,-3.122561213945183,0.0,0.0,0.0,0.0,0.0,0.0
1772565857049566710,254.000014336,-13.36026382446289,0.4042373299598694,-47.812843322753906,0.006381273735314608,-0.9124738574028015,-0.0022400172892957926,0.4090791642665863,-3.1213344056277563,0.0,0.0,0.0,0.0,0.0,0.0
1772565857139012812,254.08946048,-13.414033889770508,0.40521663427352905,-47.86086654663086,0.005568117368966341,-0.9126531481742859,-0.002003059023991227,0.40869221091270447,-3.12387240146039,0.0,0.0,0.0,0.0,0.0,0.0
1772565857239662245,254.190109952,-13.467859268188477,0.4061219096183777,-47.908477783203125,0.005086467135697603,-0.912820041179657,-0.002154097193852067,0.4083247780799866,-3.125021980994113,0.0,0.0,0.0,0.0,0.0,0.0
1772565857350777631,254.301225216,-13.522371292114258,0.40653127431869507,-47.95595932006836,0.004956692922860384,-0.9129661321640015,-0.0030738862697035074,0.4079935848712921,-3.12426565957301,0.0,0.0,0.0,0.0,0.0,0.0
1772565857449927065,254.400374784,-13.587696075439453,0.4062543511390686,-48.012393951416016,0.004990860819816589,-0.9131630659103394,-0.0044433921575546265,0.40753984451293945,-3.1225216324816896,0.0,0.0,0.0,0.0,0.0,0.0
1772565857591349814,254.541797376,-13.641725540161133,0.4067726731300354,-48.059932708740234,0.004579141270369291,-0.9133292436599731,-0.005214094650000334,0.40716272592544556,-3.1227280577697867,0.0,0.0,0.0,0.0,0.0,0.0
1772565857691916156,254.642363648,-13.717386245727539,0.4080256223678589,-48.126712799072266,0.004214167594909668,-0.9135697484016418,-0.005762279033660889,0.40661948919296265,-3.123088497850774,0.0,0.0,0.0,0.0,0.0,0.0
1772565857844226841,254.794674432,-13.793045043945312,0.4089263081550598,-48.19422149658203,0.0033944249153137207,-0.9137879014015198,-0.00627155601978302,0.40612927079200745,-3.1247344199612943,0.0,0.0,0.0,0.0,0.0,0.0
1772565857942678042,254.893125632,-13.846687316894531,0.409540593624115,-48.242591857910156,0.0027729272842407227,-0.9139499664306641,-0.006154879927635193,0.40577080845832825,-3.1265888560791137,0.0,0.0,0.0,0.0,0.0,0.0
1772565858043181927,254.99362944,-13.901012420654297,0.40979260206222534,-48.290069580078125,0.0028245896100997925,-0.9140923619270325,-0.007202625274658203,0.4054323732852936,-3.1252000842988883,0.0,0.0,0.0,0.0,0.0,0.0
1772565858150898077,255.101345792,-13.965452194213867,0.4096972346305847,-48.34722900390625,0.0024489015340805054,-0.9142836332321167,-0.008189305663108826,0.4049845337867737,-3.1250589325481255,0.0,0.0,0.0,0.0,0.0,0.0
1772565858249037279,255.199484928,-14.019527435302734,0.4102615714073181,-48.395381927490234,0.00213207327760756,-0.9144570827484131,-0.008678288199007511,0.404584139585495,-3.1253565767097413,0.0,0.0,0.0,0.0,0.0,0.0
1772565858394385975,255.344833536,-14.073867797851562,0.41101497411727905,-48.44295883178711,0.0022713392972946167,-0.9146019816398621,-0.009826168417930603,0.4042294919490814,-3.1236221634139856,0.0,0.0,0.0,0.0,0.0,0.0
1772565858495221047,255.445668608,-14.128374099731445,0.41150373220443726,-48.49116134643555,0.0023001583758741617,-0.9147455096244812,-0.010578499175608158,0.4038855731487274,-3.122666131061934,0.0,0.0,0.0,0.0,0.0,0.0
1772565858594513890,255.544961536,-14.194038391113281,0.4112365245819092,-48.54962158203125,0.0021855977829545736,-0.9149281978607178,-0.011343791149556637,0.40345120429992676,-3.1220936525647867,0.0,0.0,0.0,0.0,0.0,0.0
1772565858694724319,255.645171968,-14.248605728149414,0.4111587405204773,-48.598567962646484,0.0016860365867614746,-0.9151031970977783,-0.0120791494846344,0.4030352830886841,-3.122602090169404,0.0,0.0,0.0,0.0,0.0,0.0
1772565858788453480,255.738900992,-14.302980422973633,0.4120637774467468,-48.64850616455078,0.0008460134267807007,-0.9153066873550415,-0.01153092086315155,0.4025915861129761,-3.1255647152008135,0.0,0.0,0.0,0.0,0.0,0.0
1772565858891974831,255.842422528,-14.358015060424805,0.4124792218208313,-48.69908905029297,2.9638409614562988e-05,-0.9155133962631226,-0.010852620005607605,0.4021412134170532,-3.1286118676215113,0.0,0.0,0.0,0.0,0.0,0.0
1772565858997191747,255.947639296,-14.424169540405273,0.4133111834526062,-48.75892639160156,1.4573333828593604e-05,-0.9156432747840881,-0.011876402422785759,0.4018164873123169,-3.1274581113944744,0.0,0.0,0.0,0.0,0.0,0.0
1772565859096757252,256.047204864,-14.478719711303711,0.4139450192451477,-48.80934524536133,-0.0004414171271491796,-0.9156914949417114,-0.01284505520015955,0.4016765058040619,-3.12755172785093,0.0,0.0,0.0,0.0,0.0,0.0
1772565859248720805,256.199168512,-14.544059753417969,0.4153023362159729,-48.8701171875,-0.0008980035781860352,-0.9157423973083496,-0.01333446055650711,0.40154367685317993,-3.128215241878215,0.0,0.0,0.0,0.0,0.0,0.0
1772565859348075605,256.298523136,-14.598642349243164,0.41719216108322144,-48.921287536621094,-0.0016286519821733236,-0.9156115055084229,-0.014080887660384178,0.401814341545105,-3.1292855510171984,0.0,0.0,0.0,0.0,0.0,0.0
1772565859435816709,256.38626432,-14.663328170776367,0.42061084508895874,-48.98386001586914,-0.0029674023389816284,-0.9153145551681519,-0.01462998241186142,0.40246307849884033,-3.1322089568494085,0.0,0.0,0.0,0.0,0.0,0.0
1772565859551743368,256.502191104,-14.718772888183594,0.4222955107688904,-49.03546905517578,-0.0027964413166046143,-0.9151113629341125,-0.014657646417617798,0.4029250741004944,-3.1316805216673904,0.0,0.0,0.0,0.0,0.0,0.0
1772565859648299748,256.598747392,-14.77499008178711,0.42460042238235474,-49.08621597290039,-0.0012949556112289429,-0.9149119257926941,-0.014573447406291962,0.40338826179504395,-3.127676213543019,0.0,0.0,0.0,0.0,0.0,0.0
1772565859785541687,256.735989248,-14.838590621948242,0.4282516837120056,-49.14839172363281,-0.003537059063091874,-0.914587140083313,-0.01531262043863535,0.4040834605693817,-3.1328236717808697,0.0,0.0,0.0,0.0,0.0,0.0
1772565859893557355,256.844004864,-14.906734466552734,0.4302564263343811,-49.20823669433594,-0.000581398606300354,-0.9144259095191956,-0.014639593660831451,0.4044882655143738,-3.1255712149263615,0.0,0.0,0.0,0.0,0.0,0.0
1772565859997955415,256.948402944,-14.960037231445312,0.43245166540145874,-49.2588996887207,-0.0015952885150909424,-0.9141993522644043,-0.01530444622039795,0.404972642660141,-3.1274877993901957,0.0,0.0,0.0,0.0,0.0,0.0
1772565860099216130,257.049663744,-15.024673461914062,0.4363662600517273,-49.31989669799805,-0.0024119019508361816,-0.913945198059082,-0.01552794873714447,0.4055333435535431,-3.129395630578847,0.0,0.0,0.0,0.0,0.0,0.0
1772565860200257347,257.150704896,-15.079429626464844,0.4385111927986145,-49.37074279785156,-0.00263407826423645,-0.9137845039367676,-0.015590235590934753,0.4058915376663208,-3.12989737408365,0.0,0.0,0.0,0.0,0.0,0.0
1772565860344433445,257.294881024,-15.146265029907227,0.4408634305000305,-49.43158721923828,-0.0021163225173950195,-0.913561224937439,-0.015949636697769165,0.40638285875320435,-3.1280104244821345,0.0,0.0,0.0,0.0,0.0,0.0
1772565860420870292,257.371318016,-15.20002555847168,0.44373053312301636,-49.48313903808594,-0.004122018814086914,-0.913345456123352,-0.016545556485652924,0.406828373670578,-3.13272410245797,0.0,0.0,0.0,0.0,0.0,0.0
1772565860535295545,257.485743104,-15.256599426269531,0.446777880191803,-49.532997131347656,-0.002556726336479187,-0.9132124185562134,-0.016337275505065918,0.407148152589798,-3.1286773049261383,0.0,0.0,0.0,0.0,0.0,0.0
1772565860650464874,257.600912384,-15.312538146972656,0.4492177367210388,-49.58169937133789,-0.0004439800977706909,-0.9130638241767883,-0.01600150763988495,0.40750253200531006,-3.1232822982344692,0.0,0.0,0.0,0.0,0.0,0.0
1772565860749973289,257.700420864,-15.376129150390625,0.45200425386428833,-49.64038848876953,-0.001068413257598877,-0.9128208160400391,-0.01687312126159668,0.4080100655555725,-3.1238773761108636,0.0,0.0,0.0,0.0,0.0,0.0
1772565860847457093,257.79790464,-15.427000045776367,0.4548659920692444,-49.68815231323242,-0.0023221969604492188,-0.9126312732696533,-0.017481140792369843,0.4084034264087677,-3.1265276869359018,0.0,0.0,0.0,0.0,0.0,0.0
1772565860951556450,257.902003968,-15.488006591796875,0.4582868218421936,-49.74692916870117,-0.005042373668402433,-0.9123729467391968,-0.018259717151522636,0.40892136096954346,-3.132979205354817,0.0,0.0,0.0,0.0,0.0,0.0
1772565861051244203,258.001691904,-15.542591094970703,0.4604753851890564,-49.79745101928711,-0.0057585835456848145,-0.9121896028518677,-0.0186246857047081,0.4093044102191925,-3.1344628588427565,0.0,0.0,0.0,0.0,0.0,0.0
1772565861196409906,258.146857472,-15.599740982055664,0.4631182551383972,-49.846439361572266,-0.0036339908838272095,-0.9120213985443115,-0.01872614026069641,0.40969887375831604,-3.1284727832195816,0.0,0.0,0.0,0.0,0.0,0.0
1772565861292353532,258.242801152,-15.664182662963867,0.46617645025253296,-49.90445327758789,-0.0035817623138427734,-0.9118006229400635,-0.01939152181148529,0.41015946865081787,-3.1274634578214617,0.0,0.0,0.0,0.0,0.0,0.0
1772565861406372866,258.35682048,-15.71684455871582,0.4699212908744812,-49.953739166259766,-0.005134403705596924,-0.9116261005401611,-0.020526587963104248,0.41047561168670654,-3.130295415164993,0.0,0.0,0.0,0.0,0.0,0.0
1772565861500612224,258.451059712,-15.770130157470703,0.4753684401512146,-50.00096893310547,-0.005363360047340393,-0.911395788192749,-0.021999187767505646,0.4109076261520386,-3.1290558257150693,0.0,0.0,0.0,0.0,0.0,0.0
1772565861629462875,258.5799104,-15.83415412902832,0.48155897855758667,-50.057308197021484,-0.005576521158218384,-0.911102294921875,-0.023857317864894867,0.4114515781402588,-3.127273446439543,0.0,0.0,0.0,0.0,0.0,0.0
1772565861709405609,258.659853312,-15.887510299682617,0.4862139821052551,-50.10422897338867,-0.005838841199874878,-0.9108707904815674,-0.02532937377691269,0.4118722081184387,-3.126112163082653,0.0,0.0,0.0,0.0,0.0,0.0
1772565861826967976,258.77741568,-15.940315246582031,0.4907769560813904,-50.15085983276367,-0.006186559796333313,-0.9106443524360657,-0.026756353676319122,0.412277489900589,-3.1252381546768198,0.0,0.0,0.0,0.0,0.0,0.0
1772565861914919192,258.865366784,-16.003793716430664,0.49736469984054565,-50.20661163330078,-0.006332561373710632,-0.9104069471359253,-0.02836267650127411,0.41269201040267944,-3.123575711503502,0.0,0.0,0.0,0.0,0.0,0.0
1772565862036078335,258.986525952,-16.067537307739258,0.5035555958747864,-50.26229476928711,-0.006758198142051697,-0.9100981950759888,-0.03013855218887329,0.41324013471603394,-3.1224452876515585,0.0,0.0,0.0,0.0,0.0,0.0
1772565862150621926,259.101069568,-16.121084213256836,0.5079743266105652,-50.309593200683594,-0.00703275203704834,-0.9099228978157043,-0.03153032809495926,0.4135175347328186,-3.121412982827788,0.0,0.0,0.0,0.0,0.0,0.0
1772565862252010894,259.202458624,-16.17658233642578,0.5103903412818909,-50.35781478881836,-0.006556809414178133,-0.9097359776496887,-0.03197745606303215,0.41390207409858704,-3.119473198958654,0.0,0.0,0.0,0.0,0.0,0.0
1772565862349821057,259.3002688,-16.24344253540039,0.5136122107505798,-50.41613006591797,-0.006223693490028381,-0.9094855189323425,-0.032041870057582855,0.4144521951675415,-3.118380239974687,0.0,0.0,0.0,0.0,0.0,0.0
1772565862451987184,259.402434816,-16.299213409423828,0.5166419148445129,-50.46502685546875,-0.005926966667175293,-0.9093179702758789,-0.032557375729084015,0.4147840738296509,-3.1168514095603337,0.0,0.0,0.0,0.0,0.0,0.0
1772565862565696104,259.516143616,-16.3547420501709,0.5194236636161804,-50.51354217529297,-0.005876436829566956,-0.9091135859489441,-0.03314101696014404,0.4151862859725952,-3.115903217628981,0.0,0.0,0.0,0.0,0.0,0.0
1772565862667080318,259.617527808,-16.42215347290039,0.5223495364189148,-50.57200622558594,-0.005423679947853088,-0.9089115858078003,-0.0336650088429451,0.41559237241744995,-3.113910878239279,0.0,0.0,0.0,0.0,0.0,0.0
1772565862813457984,259.763905536,-16.477750778198242,0.5250028967857361,-50.62080001831055,-0.005223095417022705,-0.9087387323379517,-0.033882200717926025,0.41595524549484253,-3.113012173300678,0.0,0.0,0.0,0.0,0.0,0.0
1772565862915662101,259.866109696,-16.535888671875,0.5286681056022644,-50.66891860961914,-0.003075003856793046,-0.9085090756416321,-0.03409196808934212,0.41646066308021545,-3.1066833695738665,0.0,0.0,0.0,0.0,0.0,0.0
1772565862991812731,259.942260224,-16.61015510559082,0.5339701771736145,-50.722408294677734,0.006892471574246883,-0.9085716009140015,-0.0338665209710598,0.4162972569465637,-3.0793407651840585,0.0,0.0,0.0,0.0,0.0,0.0
1772565863117711706,260.068159232,-16.667936325073242,0.5419299006462097,-50.7629280090332,0.012602239847183228,-0.908318042755127,-0.03533638268709183,0.41659438610076904,-3.0615660858440887,0.0,0.0,0.0,0.0,0.0,0.0
1772565863217045445,260.16749312,-16.721643447875977,0.5504575371742249,-50.80484390258789,0.015826880931854248,-0.9081206321716309,-0.037169456481933594,0.41675519943237305,-3.0502604606954686,0.0,0.0,0.0,0.0,0.0,0.0
1772565863317038729,260.267486464,-16.781734466552734,0.5608025193214417,-50.853939056396484,0.015293464064598083,-0.9077175855636597,-0.039643123745918274,0.417424738407135,-3.0483826247270907,0.0,0.0,0.0,0.0,0.0,0.0
1772565863450009379,260.40045696,-16.82706069946289,0.5691439509391785,-50.89443588256836,0.012084306217730045,-0.9073337316513062,-0.04235519841313362,0.41809752583503723,-3.0536086163200173,0.0,0.0,0.0,0.0,0.0,0.0
1772565863533503311,260.483950848,-16.86945152282715,0.5776774287223816,-50.935848236083984,0.005531474482268095,-0.906939685344696,-0.04579383507370949,0.41872745752334595,-3.0672103667309085,0.0,0.0,0.0,0.0,0.0,0.0
1772565863649331921,260.599779584,-16.917531967163086,0.5859619975090027,-50.99054718017578,-0.007197514642030001,-0.9064000844955444,-0.05016477778553963,0.41936933994293213,-3.096837787989096,0.0,0.0,0.0,0.0,0.0,0.0
1772565863749386226,260.699833856,-16.963756561279297,0.5903927683830261,-51.03449630737305,-0.0124044269323349,-0.9059963226318359,-0.05179435759782791,0.41992175579071045,-3.109113128153874,0.0,0.0,0.0,0.0,0.0,0.0
1772565863850257702,260.80070528,-17.017444610595703,0.5948576331138611,-51.07856369018555,-0.012643083930015564,-0.9055622220039368,-0.0522434264421463,0.42079439759254456,-3.1089662377166474,0.0,0.0,0.0,0.0,0.0,0.0
1772565863949973937,260.900421632,-17.082725524902344,0.5998777747154236,-51.13264846801758,-0.013175882399082184,-0.9051022529602051,-0.05252230912446976,0.4217318594455719,-3.1098461651274447,0.0,0.0,0.0,0.0,0.0,0.0
1772565864049855465,261.000303104,-17.137876510620117,0.6056358218193054,-51.17863082885742,-0.013452976942062378,-0.9047961235046387,-0.05366818606853485,0.4222354292869568,-3.1089845450995774,0.0,0.0,0.0,0.0,0.0,0.0
1772565864176414641,261.126862336,-17.19227409362793,0.6125636696815491,-51.224063873291016,-0.014417357742786407,-0.9043983221054077,-0.0549655482172966,0.4228885769844055,-3.109807043203925,0.0,0.0,0.0,0.0,0.0,0.0
1772565864278198226,261.228645888,-17.257976531982422,0.6199924349784851,-51.277259826660156,-0.013902602717280388,-0.9040452837944031,-0.056087471544742584,0.42351260781288147,-3.1067015623758683,0.0,0.0,0.0,0.0,0.0,0.0
1772565864378250225,261.328697856,-17.31308937072754,0.6262297034263611,-51.32028579711914,-0.012205839157104492,-0.9038035273551941,-0.05697334557771683,0.42396271228790283,-3.100620233129303,0.0,0.0,0.0,0.0,0.0,0.0
1772565864513337606,261.463785216,-17.379680633544922,0.6345369219779968,-51.37233352661133,-0.010314151644706726,-0.9035075902938843,-0.05820149928331375,0.4244765043258667,-3.09350460426157,0.0,0.0,0.0,0.0,0.0,0.0
1772565864628361050,261.578808576,-17.435649871826172,0.6413751244544983,-51.41746520996094,-0.009477406740188599,-0.9032179713249207,-0.05919646471738815,0.4249745011329651,-3.089661735614203,0.0,0.0,0.0,0.0,0.0,0.0
1772565864736480748,261.686928384,-17.492155075073242,0.6479811072349548,-51.46144104003906,-0.007928863167762756,-0.902963399887085,-0.05986717343330383,0.42545294761657715,-3.0842406195148344,0.0,0.0,0.0,0.0,0.0,0.0
1772565864816974639,261.767422208,-17.547565460205078,0.6542360186576843,-51.50559616088867,-0.007358938455581665,-0.9026307463645935,-0.06083517521619797,0.4260314404964447,-3.0811366436735703,0.0,0.0,0.0,0.0,0.0,0.0
1772565864927222207,261.877669888,-17.615938186645508,0.6607435345649719,-51.558738708496094,-0.004981160629540682,-0.9024190306663513,-0.06159961596131325,0.42640426754951477,-3.073269402718065,0.0,0.0,0.0,0.0,0.0,0.0
1772565865026266650,261.97671424,-17.67578887939453,0.6610082983970642,-51.60678482055664,-0.00261099636554718,-0.9023604393005371,-0.05976541340351105,0.42681029438972473,-3.0688749054458686,0.0,0.0,0.0,0.0,0.0,0.0
1772565865134176455,262.084624128,-17.742658615112305,0.660514771938324,-51.65034484863281,0.00889504048973322,-0.9025029540061951,-0.056174155324697495,0.42691197991371155,-3.0411682126130404,0.0,0.0,0.0,0.0,0.0,0.0
1772565865228167256,262.178614784,-17.818023681640625,0.6544769406318665,-51.69037628173828,0.03095347434282303,-0.9026860594749451,-0.048893898725509644,0.42639094591140747,-2.988992135788652,0.0,0.0,0.0,0.0,0.0,0.0
1772565865327626482,262.278074112,-17.909282684326172,0.6550812125205994,-51.74671936035156,0.049997493624687195,-0.9023396968841553,-0.04080348461866379,0.4261672794818878,-2.94624512043197,0.0,0.0,0.0,0.0,0.0,0.0
1772565865450325843,262.400773376,-17.972469329833984,0.6613819003105164,-51.79291915893555,0.0542432963848114,-0.9019267559051514,-0.03903708606958389,0.4266873002052307,-2.9363311692714262,0.0,0.0,0.0,0.0,0.0,0.0
1772565865552178822,262.50262656,-18.041553497314453,0.6690708994865417,-51.84428787231445,0.05661121755838394,-0.9012380838394165,-0.03877313435077667,0.4278571605682373,-2.9293386579507525,0.0,0.0,0.0,0.0,0.0,0.0
1772565865679130824,262.629578496,-18.096742630004883,0.6750900149345398,-51.88459014892578,0.05774352699518204,-0.9007327556610107,-0.040141403675079346,0.42864301800727844,-2.9239055939788092,0.0,0.0,0.0,0.0,0.0,0.0
1772565865779045606,262.729493248,-18.16005516052246,0.682279646396637,-51.93180847167969,0.05728337913751602,-0.899985671043396,-0.043333061039447784,0.42996135354042053,-2.9202200063145627,0.0,0.0,0.0,0.0,0.0,0.0
1772565865879769747,262.830217472,-18.210390090942383,0.6852845549583435,-51.97388458251953,0.05354350060224533,-0.8994168043136597,-0.04606872797012329,0.4313470423221588,-2.926289153274541,0.0,0.0,0.0,0.0,0.0,0.0
1772565865995500280,262.945947904,-18.270524978637695,0.6827355027198792,-52.02923583984375,0.04504602774977684,-0.8983613848686218,-0.04898080602288246,0.43418726325035095,-2.9446818849978085,0.0,0.0,0.0,0.0,0.0,0.0
1772565866130388629,263.080836352,-18.326457977294922,0.6798378825187683,-52.07640838623047,0.04473869130015373,-0.897972583770752,-0.04716499149799347,0.4352230131626129,-2.94736013170557,0.0,0.0,0.0,0.0,0.0,0.0
1772565866230436073,263.180883712,-18.389814376831055,0.6757153868675232,-52.125484466552734,0.04809174686670303,-0.8977465629577637,-0.04174285754561424,0.43588507175445557,-2.944725221658907,0.0,0.0,0.0,0.0,0.0,0.0
1772565866332351553,263.282799104,-18.468923568725586,0.6700801253318787,-52.18429946899414,0.05420466512441635,-0.8972136974334717,-0.033109843730926514,0.43700477480888367,-2.9382839602364426,0.0,0.0,0.0,0.0,0.0,0.0
1772565866431997915,263.382445568,-18.544071197509766,0.674717128276825,-52.23428726196289,0.057887621223926544,-0.8971374034881592,-0.035697996616363525,0.4364849925041199,-2.9245245049500412,0.0,0.0,0.0,0.0,0.0,0.0
1772565866535578817,263.486026496,-18.602508544921875,0.6791360974311829,-52.274898529052734,0.06020548567175865,-0.8971066474914551,-0.03724592551589012,0.4361051917076111,-2.9160493664428238,0.0,0.0,0.0,0.0,0.0,0.0
1772565866649299670,263.599747328,-18.66102409362793,0.6838073134422302,-52.31663513183594,0.062195561826229095,-0.8971123695373535,-0.03699178993701935,0.43583565950393677,-2.9108838103263186,0.0,0.0,0.0,0.0,0.0,0.0
1772565866791419111,263.741866752,-18.731019973754883,0.6889416575431824,-52.3670768737793,0.06402779370546341,-0.8971596956253052,-0.037191323935985565,0.435455858707428,-2.9056419199381036,0.0,0.0,0.0,0.0,0.0,0.0
1772565866884282783,263.834730496,-18.800085067749023,0.6869539618492126,-52.423851013183594,0.061946190893650055,-0.8974363803863525,-0.03510819002985954,0.4353595972061157,-2.9144287064332106,0.0,0.0,0.0,0.0,0.0,0.0
1772565866984021090,263.934468608,-18.857702255249023,0.683628261089325,-52.47163009643555,0.059913162142038345,-0.8976482152938843,-0.03397047892212868,0.43529781699180603,-2.921798903273401,0.0,0.0,0.0,0.0,0.0,0.0
1772565867127440729,264.077888256,-18.92673110961914,0.6804655194282532,-52.529361724853516,0.05719272792339325,-0.8978677988052368,-0.033083878457546234,0.43527910113334656,-2.930777646948928,0.0,0.0,0.0,0.0,0.0,0.0
1772565867204171546,264.154619136,-18.985023498535156,0.6772719025611877,-52.576908111572266,0.055470213294029236,-0.8980484008789062,-0.03268834203481674,0.4351593554019928,-2.936307307343278,0.0,0.0,0.0,0.0,0.0,0.0
1772565867327108597,264.277556224,-19.05457305908203,0.6775442957878113,-52.6337776184082,0.05425911396741867,-0.898393988609314,-0.030177131295204163,0.4347800612449646,-2.9433793763533456,0.0,0.0,0.0,0.0,0.0,0.0
1772565867438774380,264.389221888,-19.12495994567871,0.6829919219017029,-52.683876037597656,0.05623374134302139,-0.8986045122146606,-0.030136965215206146,0.4340960383415222,-2.9381727434565597,0.0,0.0,0.0,0.0,0.0,0.0
1772565867587259764,264.537707264,-19.204927444458008,0.6884011626243591,-52.74179458618164,0.0593731626868248,-0.898745596408844,-0.030963685363531113,0.433327317237854,-2.9285543011465722,0.0,0.0,0.0,0.0,0.0,0.0
1772565867689132771,264.639580416,-19.26209831237793,0.6919969916343689,-52.783451080322266,0.06170167773962021,-0.8988346457481384,-0.032658956944942474,0.43269234895706177,-2.920054685806347,0.0,0.0,0.0,0.0,0.0,0.0
1772565867801971861,264.752419584,-19.318843841552734,0.6918551325798035,-52.82989501953125,0.06104987487196922,-0.8990251421928406,-0.03214356675744057,0.4324275553226471,-2.92275000599035,0.0,0.0,0.0,0.0,0.0,0.0
1772565867929441109,264.87988864,-19.38677215576172,0.6879836916923523,-52.88849639892578,0.05831553041934967,-0.8995164632797241,-0.03041177988052368,0.43190810084342957,-2.9331201181416042,0.0,0.0,0.0,0.0,0.0,0.0
1772565868037443603,264.9878912,-19.44343376159668,0.6850253939628601,-52.93728256225586,0.05650751665234566,-0.8998175859451294,-0.029619427397847176,0.4315761625766754,-2.9394961869838605,0.0,0.0,0.0,0.0,0.0,0.0
1772565868110003904,265.060451584,-19.500062942504883,0.6824552416801453,-52.985965728759766,0.0543222650885582,-0.9001150131225586,-0.028343256562948227,0.43132197856903076,-2.9475405333568934,0.0,0.0,0.0,0.0,0.0,0.0
1772565868241531539,265.191979264,-19.568115234375,0.6793603301048279,-53.04423522949219,0.05185311287641525,-0.9007163047790527,-0.02718409150838852,0.4304444491863251,-2.95655190939426,0.0,0.0,0.0,0.0,0.0,0.0
1772565868350383779,265.300831488,-19.63555335998535,0.6756252646446228,-53.104042053222656,0.04952578991651535,-0.9009333252906799,-0.02605806291103363,0.43033403158187866,-2.9647145424608725,0.0,0.0,0.0,0.0,0.0,0.0
1772565868443217565,265.39366528,-19.692455291748047,0.6732510924339294,-53.15287399291992,0.047566793859004974,-0.9012068510055542,-0.0252455435693264,0.4300306737422943,-2.9715065915706167,0.0,0.0,0.0,0.0,0.0,0.0
1772565868547263095,265.497710592,-19.74942970275879,0.6705723404884338,-53.20151138305664,0.04550894349813461,-0.9016225337982178,-0.024168863892555237,0.4294435381889343,-2.9790525790822118,0.0,0.0,0.0,0.0,0.0,0.0
1772565868691450843,265.641898496,-19.818220138549805,0.6665319800376892,-53.2599983215332,0.04330456256866455,-0.9018549919128418,-0.023070544004440308,0.42924371361732483,-2.9868621319606503,0.0,0.0,0.0,0.0,0.0,0.0
1772565868802436339,265.752883968,-19.88623046875,0.6632458567619324,-53.319053649902344,0.04043542593717575,-0.9024447202682495,-0.02175411581993103,0.4283519387245178,-2.9971247379438144,0.0,0.0,0.0,0.0,0.0,0.0
1772565868901442729,265.851890432,-19.943300247192383,0.6608570218086243,-53.3668212890625,0.03877925127744675,-0.9029378294944763,-0.020870551466941833,0.42750900983810425,-3.003319744829036,0.0,0.0,0.0,0.0,0.0,0.0
1772565868994821771,265.945269504,-20.000003814697266,0.6584245562553406,-53.41554641723633,0.037503890693187714,-0.9031747579574585,-0.020216278731822968,0.4271535873413086,-3.0079320166870214,0.0,0.0,0.0,0.0,0.0,0.0
1772565869098287497,266.048735232,-20.068193435668945,0.6551917195320129,-53.47359085083008,0.034866075962781906,-0.9035640954971313,-0.01900850422680378,0.4266088008880615,-3.017193353694872,0.0,0.0,0.0,0.0,0.0,0.0
1772565869207364148,266.157811712,-20.125286102294922,0.6528342366218567,-53.52071762084961,0.03320919722318649,-0.9039809703826904,-0.018295861780643463,0.4258882999420166,-3.0230625963261444,0.0,0.0,0.0,0.0,0.0,0.0
1772565869349991686,266.300439296,-20.193906784057617,0.6498667597770691,-53.578948974609375,0.031608790159225464,-0.9042788743972778,-0.01716582477092743,0.4254245460033417,-3.029224482967014,0.0,0.0,0.0,0.0,0.0,0.0
1772565869445679316,266.396126976,-20.263309478759766,0.6483513712882996,-53.63742446899414,0.030134286731481552,-0.9042949676513672,-0.017118817195296288,0.4254990816116333,-3.0334323992121526,0.0,0.0,0.0,0.0,0.0,0.0
1772565869549847661,266.500295168,-20.322383880615234,0.6491445899009705,-53.68505859375,0.030190154910087585,-0.9040425419807434,-0.01747170090675354,0.42601701617240906,-3.0326534173682145,0.0,0.0,0.0,0.0,0.0,0.0
1772565869650242930,266.600690432,-20.39317512512207,0.6499989628791809,-53.742462158203125,0.030669473111629486,-0.9038117527961731,-0.017336323857307434,0.42647767066955566,-3.0313366386040146,0.0,0.0,0.0,0.0,0.0,0.0
1772565869803457515,266.753905152,-20.463687896728516,0.6502744555473328,-53.800437927246094,0.030343756079673767,-0.903541088104248,-0.017429910600185394,0.4270703196525574,-3.031956081609019,0.0,0.0,0.0,0.0,0.0,0.0
1772565869894210195,266.84465792,-20.52271270751953,0.6508169770240784,-53.84858322143555,0.03046279400587082,-0.9033404588699341,-0.01770319789648056,0.4274747371673584,-3.0311310834337757,0.0,0.0,0.0,0.0,0.0,0.0
1772565869999417155,266.949864704,-20.581689834594727,0.6500439047813416,-53.89796447753906,0.029888659715652466,-0.9031805992126465,-0.016983598470687866,0.4278821051120758,-3.033599030779493,0.0,0.0,0.0,0.0,0.0,0.0
1772565870109583650,267.060031232,-20.65321159362793,0.6511279940605164,-53.95524597167969,0.0300239697098732,-0.9032884240150452,-0.017187044024467468,0.4276368319988251,-3.033016428747604,0.0,0.0,0.0,0.0,0.0,0.0
1772565870208021424,267.15846912,-20.711971282958984,0.6516038775444031,-54.00276565551758,0.0301067978143692,-0.9033939838409424,-0.0174461230635643,0.42739754915237427,-3.032507856442504,0.0,0.0,0.0,0.0,0.0,0.0
1772565870311435138,267.26188288,-20.782312393188477,0.6515046954154968,-54.060096740722656,0.0299130380153656,-0.9035464525222778,-0.017012223601341248,0.427106112241745,-3.033723121679258,0.0,0.0,0.0,0.0,0.0,0.0
1772565870410731242,267.36117888,-20.841468811035156,0.6523451209068298,-54.107601165771484,0.03004392236471176,-0.9036703705787659,-0.017048031091690063,0.42683321237564087,-3.033385542394409,0.0,0.0,0.0,0.0,0.0,0.0
1772565870552265019,267.502712576,-20.900493621826172,0.6530985236167908,-54.154998779296875,0.03009515255689621,-0.9037755727767944,-0.017450951039791107,0.4265906512737274,-3.0327777043988045,0.0,0.0,0.0,0.0,0.0,0.0
1772565870624759131,267.575206656,-20.971092224121094,0.6533200144767761,-54.21255874633789,0.03002689778804779,-0.9039140939712524,-0.017410747706890106,0.4263034760951996,-3.0331105204735285,0.0,0.0,0.0,0.0,0.0,0.0
1772565870749492236,267.69993984,-21.030235290527344,0.6535212397575378,-54.260536193847656,0.03009495884180069,-0.9040154218673706,-0.017072878777980804,0.42609739303588867,-3.033426947299075,0.0,0.0,0.0,0.0,0.0,0.0
1772565870850769029,267.801216768,-21.08911895751953,0.654141366481781,-54.30823516845703,0.02993210032582283,-0.9041455984115601,-0.017164288088679314,0.42582884430885315,-3.033846503548307,0.0,0.0,0.0,0.0,0.0,0.0
1772565870953550807,267.903998464,-21.15934181213379,0.6536173224449158,-54.36740493774414,0.02869402803480625,-0.9043083190917969,-0.01652641035616398,0.425593763589859,-3.038260913285058,0.0,0.0,0.0,0.0,0.0,0.0
1772565871061238430,268.011686144,-21.21821403503418,0.6540371775627136,-54.413936614990234,0.028929466381669044,-0.904558539390564,-0.016714023426175117,0.42503827810287476,-3.0375057580121205,0.0,0.0,0.0,0.0,0.0,0.0
1772565871209319075,268.159766784,-21.288516998291016,0.6544165015220642,-54.47022247314453,0.02897583693265915,-0.9048743844032288,-0.016721688210964203,0.4243620038032532,-3.0375574762228887,0.0,0.0,0.0,0.0,0.0,0.0
1772565871312546289,268.26299392,-21.34708023071289,0.6547473073005676,-54.51686477661133,0.02891584485769272,-0.9051394462585449,-0.017019659280776978,0.42378878593444824,-3.0374988861024512,0.0,0.0,0.0,0.0,0.0,0.0
1772565871416422226,268.36686976,-21.40585708618164,0.6549393534660339,-54.56415557861328,0.02867540903389454,-0.9054186940193176,-0.01704045571386814,0.42320716381073,-3.038313663034065,0.0,0.0,0.0,0.0,0.0,0.0
1772565871512980800,268.463428352,-21.476932525634766,0.6553117632865906,-54.62184143066406,0.02881316840648651,-0.9056676626205444,-0.016583696007728577,0.4226829707622528,-3.0386693980639996,0.0,0.0,0.0,0.0,0.0,0.0
1772565871612349789,268.562797312,-21.5349063873291,0.6558899283409119,-54.66878128051758,0.028695762157440186,-0.9059748649597168,-0.01645956188440323,0.4220369756221771,-3.0393402834373138,0.0,0.0,0.0,0.0,0.0,0.0
1772565871713846642,268.664294144,-21.593053817749023,0.6562129855155945,-54.715293884277344,0.02862159162759781,-0.9062851667404175,-0.01674032211303711,0.4213641881942749,-3.039370268955657,0.0,0.0,0.0,0.0,0.0,0.0
1772565871811610310,268.762057984,-21.662731170654297,0.6565530896186829,-54.77365493774414,0.0285051167011261,-0.9063977599143982,-0.01676926761865616,0.42112869024276733,-3.0397243083237586,0.0,0.0,0.0,0.0,0.0,0.0
1772565871912043648,268.862491136,-21.72105598449707,0.6536733508110046,-54.82516098022461,0.02660161443054676,-0.9065825343132019,-0.015429780818521976,0.420906662940979,-3.046850112385166,0.0,0.0,0.0,0.0,0.0,0.0
1772565872050103456,269.000551168,-21.778644561767578,0.6508414149284363,-54.87708282470703,0.024064525961875916,-0.9068459272384644,-0.014088906347751617,0.4205389618873596,-3.0557825008428305,0.0,0.0,0.0,0.0,0.0,0.0
1772565872149981837,269.100429568,-21.847763061523438,0.6510037779808044,-54.93682861328125,0.022868432104587555,-0.9071283340454102,-0.01260647177696228,0.42004334926605225,-3.0611579497995103,0.0,0.0,0.0,0.0,0.0,0.0
1772565872241779696,269.192227328,-21.905231475830078,0.6502782702445984,-54.98543167114258,0.022434594109654427,-0.907325804233551,-0.012503557838499546,0.41964301466941833,-3.0625898420360125,0.0,0.0,0.0,0.0,0.0,0.0
1772565872349848708,269.300296448,-21.961742401123047,0.6512205004692078,-55.032615661621094,0.02210259437561035,-0.9074873924255371,-0.013075463473796844,0.41929370164871216,-3.062855727351142,0.0,0.0,0.0,0.0,0.0,0.0
1772565872450935211,269.401382912,-22.018512725830078,0.6518124938011169,-55.07917022705078,0.022306539118289948,-0.9076262712478638,-0.01401800662279129,0.41895177960395813,-3.0611483439580796,0.0,0.0,0.0,0.0,0.0,0.0
1772565872593434571,269.54388224,-22.08695411682129,0.6521443724632263,-55.13663101196289,0.02207956649363041,-0.9078617691993713,-0.014299296773970127,0.41844359040260315,-3.0615322038991573,0.0,0.0,0.0,0.0,0.0,0.0
1772565872666726268,269.61717376,-22.14470672607422,0.6513474583625793,-55.18571090698242,0.021461235359311104,-0.9080222249031067,-0.013794035650789738,0.4181445837020874,-3.0639676160824605,0.0,0.0,0.0,0.0,0.0,0.0
1772565872768124682,269.718572288,-22.201013565063477,0.6521000266075134,-55.23456573486328,0.020238906145095825,-0.9081814289093018,-0.01353224366903305,0.41786813735961914,-3.067767005269467,0.0,0.0,0.0,0.0,0.0,0.0
1772565872914575602,269.865023232,-22.267927169799805,0.6550635695457458,-55.29034423828125,0.01976863108575344,-0.9083192348480225,-0.014897605404257774,0.41754448413848877,-3.067400204145933,0.0,0.0,0.0,0.0,0.0,0.0
1772565872992099516,269.9425472,-22.3234920501709,0.6567263007164001,-55.33678436279297,0.019420139491558075,-0.9084646701812744,-0.016083411872386932,0.4172002375125885,-3.06693131677176,0.0,0.0,0.0,0.0,0.0,0.0
1772565873118684564,270.069132288,-22.38959503173828,0.6574519276618958,-55.39584732055664,0.017410865053534508,-0.9086853265762329,-0.014788692817091942,0.41685622930526733,-3.0742387652960383,0.0,0.0,0.0,0.0,0.0,0.0
1772565873221796394,270.172243968,-22.445613861083984,0.658549964427948,-55.44447326660156,0.01658620685338974,-0.908851683139801,-0.014100424945354462,0.41655102372169495,-3.077464601075489,0.0,0.0,0.0,0.0,0.0,0.0
1772565873319153517,270.269601024,-22.502046585083008,0.6593384146690369,-55.49169921875,0.016521776095032692,-0.9089735746383667,-0.015089289285242558,0.41625282168388367,-3.0764433773149733,0.0,0.0,0.0,0.0,0.0,0.0
1772565873422598362,270.373046016,-22.558303833007812,0.66012042760849,-55.53721618652344,0.01712212711572647,-0.9090980291366577,-0.017306216061115265,0.4158702790737152,-3.0720425057103538,0.0,0.0,0.0,0.0,0.0,0.0
1772565873549323873,270.499771392,-22.625051498413086,0.6603607535362244,-55.5960693359375,0.01578056998550892,-0.9092808365821838,-0.01620408333837986,0.4155680537223816,-3.0772188036025154,0.0,0.0,0.0,0.0,0.0,0.0
1772565873649647650,270.600095232,-22.693239212036133,0.6609103083610535,-55.65293502807617,0.0159088596701622,-0.9094541072845459,-0.017315931618213654,0.41513872146606445,-3.0755420994879294,0.0,0.0,0.0,0.0,0.0,0.0
1772565873750876860,270.701324544,-22.760913848876953,0.6620883345603943,-55.71144104003906,0.015055173076689243,-0.9096987247467041,-0.0172563586384058,0.4146370589733124,-3.078079517501987,0.0,0.0,0.0,0.0,0.0,0.0
1772565873858791337,270.80923904,-22.81808090209961,0.6621344685554504,-55.76035690307617,0.014557531103491783,-0.909876823425293,-0.017532533034682274,0.4142521023750305,-3.0791829572876073,0.0,0.0,0.0,0.0,0.0,0.0
1772565873962288104,270.912735744,-22.888322830200195,0.6630292534828186,-55.819984436035156,0.013967901468276978,-0.9101523160934448,-0.017697133123874664,0.4136599600315094,-3.080718470298555,0.0,0.0,0.0,0.0,0.0,0.0
1772565874075736277,271.026183936,-22.951574325561523,0.6642407774925232,-55.87508010864258,0.013071716763079166,-0.9104868769645691,-0.017055096104741096,0.412979394197464,-3.0841208183365434,0.0,0.0,0.0,0.0,0.0,0.0
1772565874178214219,271.12866176,-23.01769256591797,0.6641747355461121,-55.9334716796875,0.012291699647903442,-0.9107736349105835,-0.016918957233428955,0.4123762547969818,-3.0865476028596173,0.0,0.0,0.0,0.0,0.0,0.0
1772565874312509013,271.262956544,-23.09440040588379,0.6660011410713196,-55.999786376953125,0.011749520897865295,-0.9111161231994629,-0.01709095388650894,0.4116276800632477,-3.0879547995950247,0.0,0.0,0.0,0.0,0.0,0.0
1772565874380198935,271.330646528,-23.182859420776367,0.6666921973228455,-56.07829666137695,0.010945215821266174,-0.9114616513252258,-0.01698465645313263,0.4108887314796448,-3.0904218175216593,0.0,0.0,0.0,0.0,0.0,0.0
1772565874520510731,271.470958336,-23.30415153503418,0.6685799956321716,-56.18803024291992,0.009081646800041199,-0.9119365811347961,-0.016828693449497223,0.40988534688949585,-3.095890262626617,0.0,0.0,0.0,0.0,0.0,0.0
1772565874593594300,271.544041984,-23.416902542114258,0.6712835431098938,-56.29166793823242,0.008449167013168335,-0.9123936891555786,-0.017138101160526276,0.4088675379753113,-3.0973963094626025,0.0,0.0,0.0,0.0,0.0,0.0
1772565874701907469,271.652355072,-23.541183471679688,0.6716483235359192,-56.408973693847656,0.005323037970811129,-0.91291743516922,-0.014815174974501133,0.40784069895744324,-3.1089289376604112,0.0,0.0,0.0,0.0,0.0,0.0
1772565874810054661,271.760502272,-23.687490463256836,0.6730166077613831,-56.54361343383789,0.0020352753344923258,-0.9133362770080566,-0.01176824513822794,0.40703094005584717,-3.1217074491815135,0.0,0.0,0.0,0.0,0.0,0.0
1772565874914626928,271.865074432,-23.797861099243164,0.674159824848175,-56.64851760864258,-0.0017005950212478638,-0.9136732816696167,-0.007766745984554291,0.40637171268463135,-3.1368074021752563,0.0,0.0,0.0,0.0,0.0,0.0
1772565875050200155,272.00064768,-23.908613204956055,0.6739522814750671,-56.76079559326172,-0.008089110255241394,-0.9140055179595947,0.0016475766897201538,0.40561795234680176,3.1175616021386423,0.0,0.0,0.0,0.0,0.0,0.0
1772565875145134926,272.095582464,-23.97942352294922,0.6743864417076111,-56.821598052978516,-0.008195951581001282,-0.9144865274429321,0.0005305111408233643,0.40453284978866577,3.11867065065408,0.0,0.0,0.0,0.0,0.0,0.0
1772565875236828654,272.187276288,-24.037471771240234,0.6750184893608093,-56.871891021728516,-0.008280142210423946,-0.9147950410842896,-0.0006988942041061819,0.40383288264274597,3.119947269027266,0.0,0.0,0.0,0.0,0.0,0.0
1772565875349651503,272.300099072,-24.084068298339844,0.6753386855125427,-56.91322708129883,-0.008453876711428165,-0.9150425791740417,-0.0013060570927336812,0.4032665193080902,3.120223629443764,0.0,0.0,0.0,0.0,0.0,0.0
1772565875440004930,272.39045248,-24.120075225830078,0.674926221370697,-56.94447708129883,-0.008426830172538757,-0.9152134656906128,-0.0024696439504623413,0.4028738737106323,3.1216990699641016,0.0,0.0,0.0,0.0,0.0,0.0
1772565875549429237,272.499876864,-24.151721954345703,0.674489438533783,-56.971580505371094,-0.00817489717155695,-0.9154504537582397,-0.0028475674334913492,0.40233758091926575,3.122846479286192,0.0,0.0,0.0,0.0,0.0,0.0
1772565875693388747,272.643836416,-24.16826820373535,0.6753293871879578,-56.98628616333008,-0.008578135631978512,-0.9155795574188232,-0.0031456942670047283,0.4020329713821411,3.122117214388617,0.0,0.0,0.0,0.0,0.0,0.0
1772565875762086151,272.71253376,-24.17494773864746,0.6757933497428894,-56.99235916137695,-0.008652299642562866,-0.9156334400177002,-0.0031665265560150146,0.4019087255001068,3.1219445148469758,0.0,0.0,0.0,0.0,0.0,0.0
1772565875868941918,272.81938944,-24.169897079467773,0.6754841208457947,-56.9886360168457,-0.008710518479347229,-0.9156754612922668,-0.0029837489128112793,0.4018130302429199,3.121572609531081,0.0,0.0,0.0,0.0,0.0,0.0
1772565876012396120,272.962843648,-24.156042098999023,0.6746286749839783,-56.97534942626953,-0.008295640349388123,-0.9156741499900818,-0.003033861517906189,0.4018244743347168,3.1227540556830022,0.0,0.0,0.0,0.0,0.0,0.0
1772565876090848272,273.041295872,-24.138093948364258,0.6753162741661072,-56.958351135253906,-0.008452326990664005,-0.9158294796943665,-0.0024120511952787638,0.40147125720977783,3.1216026025409915,0.0,0.0,0.0,0.0,0.0,0.0
1772565876185785394,273.13623296,-24.10837173461914,0.6740698218345642,-56.92987060546875,-0.008052989840507507,-0.9159227609634399,-0.002389669418334961,0.4012666940689087,3.1226611911796036,0.0,0.0,0.0,0.0,0.0,0.0
1772565876293157434,273.243604992,-24.08132553100586,0.6748513579368591,-56.903873443603516,-0.007964268326759338,-0.9160755276679993,-0.0022550076246261597,0.4009205102920532,3.1227511254707023,0.0,0.0,0.0,0.0,0.0,0.0
1772565876402704562,273.353152256,-24.055219650268555,0.6742376685142517,-56.87807083129883,-0.007385089993476868,-0.9162091016769409,-0.002438277006149292,0.40062522888183594,3.1245386712604875,0.0,0.0,0.0,0.0,0.0,0.0
1772565876539842302,273.49028992,-24.031354904174805,0.6740795969963074,-56.85251235961914,-0.0061588590033352375,-0.9163289070129395,-0.004472718108445406,0.4003540277481079,3.130250450095249,0.0,0.0,0.0,0.0,0.0,0.0
1772565876609637673,273.560085248,-24.015274047851562,0.6728944182395935,-56.83338165283203,-0.004354268312454224,-0.9164232015609741,-0.006700888276100159,0.4001309275627136,3.1377409197098314,0.0,0.0,0.0,0.0,0.0,0.0
1772565876750052532,273.700500224,-24.019929885864258,0.6735684275627136,-56.83413314819336,-0.0015895664691925049,-0.9169104099273682,-0.012179240584373474,0.3989042043685913,-3.131616072683461,0.0,0.0,0.0,0.0,0.0,0.0
1772565876847613261,273.7980608,-24.059085845947266,0.6745290160179138,-56.88205337524414,-0.0032377243041992188,-0.9179637432098389,-0.010322362184524536,0.39651671051979065,-3.1383225562922874,0.0,0.0,0.0,0.0,0.0,0.0
1772565877019428552,273.969876224,-24.118743896484375,0.6752073168754578,-56.94150924682617,-0.005254864227026701,-0.9180806875228882,-0.00790999736636877,0.3962797224521637,3.136665173104302,0.0,0.0,0.0,0.0,0.0,0.0
1772565877107369644,274.057817344,-24.17782974243164,0.6757768988609314,-57.00047302246094,-0.007328242063522339,-0.9182441830635071,-0.005092427134513855,0.3959141969680786,3.1278610731814376,0.0,0.0,0.0,0.0,0.0,0.0
1772565877238412119,274.188859648,-24.221864700317383,0.6757051348686218,-57.04389953613281,-0.008956477046012878,-0.9184300899505615,-0.003386273980140686,0.3954675495624542,3.1215480913585365,0.0,0.0,0.0,0.0,0.0,0.0
1772565877343197737,274.293645312,-24.261991500854492,0.675454318523407,-57.08067321777344,-0.009033248759806156,-0.9185976386070251,-0.003964260686188936,0.39507099986076355,3.1220168370564063,0.0,0.0,0.0,0.0,0.0,0.0
1772565877438064170,274.388511744,-24.28942108154297,0.676930844783783,-57.106048583984375,-0.009548126719892025,-0.918773889541626,-0.004250809084624052,0.3946459889411926,3.1209803593669228,0.0,0.0,0.0,0.0,0.0,0.0
1772565877544255978,274.494703616,-24.304927825927734,0.6759037375450134,-57.119937896728516,-0.009539172053337097,-0.918939471244812,-0.0047686100006103516,0.39425450563430786,3.121605691000061,0.0,0.0,0.0,0.0,0.0,0.0
1772565877649545869,274.5999936,-24.317787170410156,0.6760358214378357,-57.12783432006836,-0.009462147951126099,-0.9195911884307861,-0.004711583256721497,0.39273446798324585,3.1217760455410657,0.0,0.0,0.0,0.0,0.0,0.0
1772565877750280197,274.700727808,-24.315324783325195,0.6754849553108215,-57.12278747558594,-0.009625613689422607,-0.9201371669769287,-0.004598766565322876,0.3914509415626526,3.1212400223546566,0.0,0.0,0.0,0.0,0.0,0.0
1772565877890339693,274.8407872,-24.310285568237305,0.6756288409233093,-57.11579895019531,-0.008946373127400875,-0.9202719926834106,-0.00554601801559329,0.3911375403404236,3.124115927171426,0.0,0.0,0.0,0.0,0.0,0.0
1772565877998411110,274.948858624,-24.31509017944336,0.6757218241691589,-57.118309020996094,-0.008531138300895691,-0.9204185605049133,-0.006336092948913574,0.39078986644744873,3.1261100919629645,0.0,0.0,0.0,0.0,0.0,0.0
1772565878089319094,275.039766784,-24.32559585571289,0.6768211722373962,-57.12718200683594,-0.007856771349906921,-0.920742392539978,-0.00759539008140564,0.3900179862976074,3.1293120002453856,0.0,0.0,0.0,0.0,0.0,0.0
1772565878201399535,275.151847168,-24.35700798034668,0.6776575446128845,-57.15781784057617,-0.006800562143325806,-0.9211220741271973,-0.009643405675888062,0.38909509778022766,3.1343861161641664,0.0,0.0,0.0,0.0,0.0,0.0
1772565878291885845,275.24233344,-24.405330657958984,0.6781243681907654,-57.20796203613281,-0.008153960108757019,-0.9213483333587646,-0.008868604898452759,0.38855141401290894,3.129939374876937,0.0,0.0,0.0,0.0,0.0,0.0
1772565878386174478,275.33662208,-24.472944259643555,0.680046021938324,-57.274871826171875,-0.008539200760424137,-0.9216837286949158,-0.00933003518730402,0.387736052274704,3.129427927485278,0.0,0.0,0.0,0.0,0.0,0.0
1772565878483147641,275.433595136,-24.559053421020508,0.6809642910957336,-57.36103057861328,-0.009673744440078735,-0.922048032283783,-0.01002553105354309,0.38682466745376587,3.1272004937923916,0.0,0.0,0.0,0.0,0.0,0.0
1772565878588946688,275.539394304,-24.657955169677734,0.6816899180412292,-57.457916259765625,-0.010448426008224487,-0.9222421646118164,-0.01003924012184143,0.3863410949707031,3.1251740136730195,0.0,0.0,0.0,0.0,0.0,0.0
1772565878701893213,275.652340736,-24.731094360351562,0.6847134232521057,-57.532676696777344,-0.01186572015285492,-0.9220529794692993,-0.010693848133087158,0.3867338001728058,3.1221682436091154,0.0,0.0,0.0,0.0,0.0,0.0
1772565878803218919,275.75366656,-24.803539276123047,0.6879670023918152,-57.60639190673828,-0.012968674302101135,-0.9218195676803589,-0.01133643090724945,0.38723641633987427,3.119974601579412,0.0,0.0,0.0,0.0,0.0,0.0
1772565878916727389,275.867174912,-24.873289108276367,0.6902496218681335,-57.67682647705078,-0.013987556099891663,-0.9217240810394287,-0.01163417100906372,0.3874194025993347,3.117619241366172,0.0,0.0,0.0,0.0,0.0,0.0
1772565879018838879,275.9692864,-24.946455001831055,0.6936421990394592,-57.74835968017578,-0.014546319842338562,-0.9218051433563232,-0.012043759226799011,0.38719332218170166,3.1166011021814732,0.0,0.0,0.0,0.0,0.0,0.0
1772565879123332483,276.073780224,-25.000600814819336,0.6956831812858582,-57.8021240234375,-0.014795617200434208,-0.921820342540741,-0.012167111970484257,0.3871437609195709,3.116081014934969,0.0,0.0,0.0,0.0,0.0,0.0
1772565879226062473,276.176510208,-25.046316146850586,0.6975621581077576,-57.8463020324707,-0.014085933566093445,-0.9218692779541016,-0.012104049324989319,0.38705578446388245,3.1178808221746994,0.0,0.0,0.0,0.0,0.0,0.0
1772565879330674262,276.281121792,-25.098970413208008,0.6996449828147888,-57.895294189453125,-0.01130825374275446,-0.9218625426292419,-0.011202351190149784,0.3871900141239166,3.1242001741628993,0.0,0.0,0.0,0.0,0.0,0.0
1772565879450970123,276.401417728,-25.132347106933594,0.7010795474052429,-57.92521667480469,-0.008874937891960144,-0.9218569993972778,-0.011060819029808044,0.3872706890106201,3.1304544536463212,0.0,0.0,0.0,0.0,0.0,0.0
1772565879540649094,276.491096832,-25.148591995239258,0.7016416192054749,-57.94340133666992,-0.010055705904960632,-0.9218465089797974,-0.011157363653182983,0.38726407289505005,3.127450666945925,0.0,0.0,0.0,0.0,0.0,0.0
1772565879675193866,276.625641472,-25.156082153320312,0.7017596364021301,-57.952362060546875,-0.010133668780326843,-0.9221605062484741,-0.011117339134216309,0.38651490211486816,3.1271919369714447,0.0,0.0,0.0,0.0,0.0,0.0
1772565879754566839,276.705014528,-25.158462524414062,0.7017034888267517,-57.95817565917969,-0.009726271033287048,-0.9227187633514404,-0.010957613587379456,0.3851954936981201,3.128070337292227,0.0,0.0,0.0,0.0,0.0,0.0
1772565879866396165,276.816843776,-25.124011993408203,0.7016187310218811,-57.92359924316406,-0.008984759449958801,-0.9226604700088501,-0.010839194059371948,0.38535642623901367,3.129889439514041,0.0,0.0,0.0,0.0,0.0,0.0
1772565879971226368,276.921673984,-25.05682373046875,0.6992384791374207,-57.85969543457031,-0.00999481976032257,-0.922480046749115,-0.011130198836326599,0.3857548236846924,3.127561709778153,0.0,0.0,0.0,0.0,0.0,0.0
1772565880076466977,277.02691456,-24.983022689819336,0.6953594088554382,-57.79167175292969,-0.013082712888717651,-0.9223045110702515,-0.011674180626869202,0.38606616854667664,3.12004630480855,0.0,0.0,0.0,0.0,0.0,0.0
1772565880231463099,277.181910784,-24.887147903442383,0.6910156607627869,-57.693450927734375,-0.010285988450050354,-0.9222993850708008,-0.010878637433052063,0.3861861824989319,3.126524617896665,0.0,0.0,0.0,0.0,0.0,0.0
1772565880308718273,277.259165952,-24.800413131713867,0.6868550181388855,-57.60981750488281,-0.010988369584083557,-0.9221906065940857,-0.010695740580558777,0.3864316940307617,3.124477795026797,0.0,0.0,0.0,0.0,0.0,0.0
1772565880451343564,277.401791232,-24.734289169311523,0.6844655871391296,-57.54397964477539,-0.009897665120661259,-0.9222845435142517,-0.01040016207844019,0.38624492287635803,3.1270193858770026,0.0,0.0,0.0,0.0,0.0,0.0
1772565880527108735,277.477556224,-24.679990768432617,0.6819142699241638,-57.490577697753906,-0.009622588753700256,-0.9226096868515015,-0.010260552167892456,0.38547831773757935,3.1275813921892475,0.0,0.0,0.0,0.0,0.0,0.0
1772565880635358430,277.58580608,-24.62071990966797,0.6803366541862488,-57.44752502441406,-0.009994596242904663,-0.9245162010192871,-0.010112062096595764,0.3808774948120117,3.126407190966305,0.0,0.0,0.0,0.0,0.0,0.0
1772565880746857618,277.697305344,-24.57913589477539,0.6798874735832214,-57.43006134033203,-0.009165376424789429,-0.9277430772781372,-0.010299786925315857,0.3729647397994995,3.1286735128989105,0.0,0.0,0.0,0.0,0.0,0.0
1772565880850337567,277.800785152,-24.555158615112305,0.6794807314872742,-57.4375,-0.008656725287437439,-0.9317848682403564,-0.0100126713514328,0.3627697229385376,3.1295551378375763,0.0,0.0,0.0,0.0,0.0,0.0
1772565880949604226,277.900051968,-24.542638778686523,0.6800116896629333,-57.45465087890625,-0.008595525287091732,-0.9352893829345703,-0.010483263991773129,0.35362398624420166,3.1300368975026993,0.0,0.0,0.0,0.0,0.0,0.0
1772565881049783219,278.000230912,-24.546321868896484,0.6793627142906189,-57.46995544433594,-0.00904160737991333,-0.9374104738235474,-0.009669065475463867,0.3479747772216797,3.1281017183264903,0.0,0.0,0.0,0.0,0.0,0.0
1772565881183805383,278.134253056,-24.552003860473633,0.680231511592865,-57.48358917236328,-0.008707776665687561,-0.9386544227600098,-0.010364502668380737,0.3445936441421509,3.1295200547984314,0.0,0.0,0.0,0.0,0.0,0.0
1772565881299162492,278.249609984,-24.5609130859375,0.6793989539146423,-57.50600814819336,-0.009504989720880985,-0.9398626089096069,-0.009343639947474003,0.34129267930984497,3.126611944299595,0.0,0.0,0.0,0.0,0.0,0.0
1772565881403216082,278.353663744,-24.566898345947266,0.6797667145729065,-57.52584457397461,-0.00953589379787445,-0.9412088394165039,-0.00987108051776886,0.33754652738571167,3.1269726201344827,0.0,0.0,0.0,0.0,0.0,0.0
1772565881492161791,278.442609408,-24.570775985717773,0.6796103119850159,-57.540531158447266,-0.010494515299797058,-0.9427286386489868,-0.009217575192451477,0.3332682251930237,3.1240503050122888,0.0,0.0,0.0,0.0,0.0,0.0
1772565881602574525,278.553022208,-24.582456588745117,0.6798009276390076,-57.5650634765625,-0.01125645637512207,-0.9452928304672241,-0.008912473917007446,0.325906902551651,3.121943578090026,0.0,0.0,0.0,0.0,0.0,0.0
1772565881699858584,278.650306304,-24.60544204711914,0.6805724501609802,-57.60422897338867,-0.01071755588054657,-0.9488899111747742,-0.009375423192977905,0.31528592109680176,3.1235816110277095,0.0,0.0,0.0,0.0,0.0,0.0
1772565881802367005,278.752814592,-24.633535385131836,0.6818611025810242,-57.65095520019531,-0.01161542534828186,-0.953079342842102,-0.009248971939086914,0.30235639214515686,3.1213383011848475,0.0,0.0,0.0,0.0,0.0,0.0
1772565881914416275,278.864864,-24.66790771484375,0.6834482550621033,-57.698490142822266,-0.012231066823005676,-0.9567930698394775,-0.009557381272315979,0.29035523533821106,3.120111933853851,0.0,0.0,0.0,0.0,0.0,0.0
1772565882012390107,278.96283776,-24.70514488220215,0.6856104731559753,-57.74628829956055,-0.013690054416656494,-0.9589968323707581,-0.009911507368087769,0.28291261196136475,3.1170018790972804,0.0,0.0,0.0,0.0,0.0,0.0
1772565882118546420,279.068994048,-24.7448787689209,0.6873757243156433,-57.79352569580078,-0.01228196918964386,-0.9601749181747437,-0.009649932384490967,0.2789628803730011,3.120031444261642,0.0,0.0,0.0,0.0,0.0,0.0
1772565882227409760,279.17785728,-24.773998260498047,0.68954998254776,-57.843143463134766,-0.014443636871874332,-0.9601253867149353,-0.010580510832369328,0.27899596095085144,3.115728739476612,0.0,0.0,0.0,0.0,0.0,0.0
1772565882342241556,279.292689152,-24.795738220214844,0.6894120573997498,-57.874942779541016,-0.01283995807170868,-0.9601555466651917,-0.010016262531280518,0.2789915204048157,3.1190042514937817,0.0,0.0,0.0,0.0,0.0,0.0
1772565882441840184,279.392287744,-24.817501068115234,0.6911394000053406,-57.9105224609375,-0.013216808438301086,-0.9601133465766907,-0.010036423802375793,0.27911823987960815,3.1181604540557797,0.0,0.0,0.0,0.0,0.0,0.0
1772565882547288777,279.497736448,-24.837635040283203,0.6923241019248962,-57.943695068359375,-0.014225229620933533,-0.9600827097892761,-0.010884344577789307,0.27914226055145264,3.116426864531227,0.0,0.0,0.0,0.0,0.0,0.0
1772565882698415519,279.648863232,-24.844661712646484,0.6928190588951111,-57.95622634887695,-0.01499299518764019,-0.9600886106491089,-0.010930820368230343,0.2790799140930176,3.1147105067700824,0.0,0.0,0.0,0.0,0.0,0.0
1772565882817325718,279.76777344,-24.84380531311035,0.6926588416099548,-57.95399856567383,-0.01507885754108429,-0.9601501226425171,-0.011080175638198853,0.2788577079772949,3.1146137108000733,0.0,0.0,0.0,0.0,0.0,0.0
1772565882928899848,279.879347456,-24.837203979492188,0.6925031542778015,-57.943599700927734,-0.015207184478640556,-0.9602000713348389,-0.011191978119313717,0.27867403626441956,3.114395454321332,0.0,0.0,0.0,0.0,0.0,0.0
1772565883028751841,279.979199488,-24.832094192504883,0.6917487978935242,-57.93516159057617,-0.014714092016220093,-0.9602981805801392,-0.01104678213596344,0.2783682346343994,3.115420598286119,0.0,0.0,0.0,0.0,0.0,0.0
1772565883116175404,280.066622976,-24.827800750732422,0.6915052533149719,-57.925113677978516,-0.015298783779144287,-0.9606088399887085,-0.01106242835521698,0.27726221084594727,3.1141009265700896,0.0,0.0,0.0,0.0,0.0,0.0
1772565883211338556,280.161786112,-24.83651351928711,0.6931309103965759,-57.93811798095703,-0.015273258090019226,-0.9606426954269409,-0.011212185025215149,0.27714022994041443,3.1142569414537333,0.0,0.0,0.0,0.0,0.0,0.0
1772565883349268263,280.29971584,-24.87600326538086,0.6954777836799622,-58.00197219848633,-0.015399456024169922,-0.9605773687362671,-0.01125963032245636,0.2773575186729431,3.1140016399039623,0.0,0.0,0.0,0.0,0.0,0.0
1772565883418223040,280.36867072,-24.927345275878906,0.6976494193077087,-58.083465576171875,-0.015122816897928715,-0.9604969024658203,-0.011428670026361942,0.27764448523521423,3.114741486711268,0.0,0.0,0.0,0.0,0.0,0.0
1772565883533034497,280.483482112,-24.989992141723633,0.7008019089698792,-58.18367004394531,-0.014811218716204166,-0.9603765606880188,-0.011707247234880924,0.27806556224823,3.1156339925658676,0.0,0.0,0.0,0.0,0.0,0.0
1772565883650798062,280.601245696,-25.040203094482422,0.7036613821983337,-58.26348876953125,-0.014473989605903625,-0.960302472114563,-0.011700361967086792,0.27833932638168335,3.1163972045766752,0.0,0.0,0.0,0.0,0.0,0.0
1772565883733531784,280.68397952,-25.08364486694336,0.7046266198158264,-58.33340072631836,-0.014837145805358887,-0.9602721929550171,-0.012069985270500183,0.27840903401374817,3.1158154586049376,0.0,0.0,0.0,0.0,0.0,0.0
1772565883841995664,280.792443392,-25.119346618652344,0.7061418890953064,-58.38944625854492,-0.014236778020858765,-0.9602538347244263,-0.011786043643951416,0.27851590514183044,3.116993940186874,0.0,0.0,0.0,0.0,0.0,0.0
1772565883952625340,280.903073024,-25.155101776123047,0.7078468203544617,-58.44367218017578,-0.012707607820630074,-0.9602628350257874,-0.011523501016199589,0.2785695493221283,3.1202985058217796,0.0,0.0,0.0,0.0,0.0,0.0
1772565884074080544,281.024528128,-25.176851272583008,0.7102126479148865,-58.479156494140625,-0.012987658381462097,-0.9602658748626709,-0.01189488172531128,0.2785307765007019,3.119906367018634,0.0,0.0,0.0,0.0,0.0,0.0
1772565884199400579,281.14984832,-25.193708419799805,0.7095056176185608,-58.507537841796875,-0.013227730989456177,-0.9604127407073975,-0.011602073907852173,0.2780250310897827,3.119163744732759,0.0,0.0,0.0,0.0,0.0,0.0
1772565884306789528,281.257237248,-25.19403839111328,0.7101358771324158,-58.51403045654297,-0.013574138283729553,-0.960989236831665,-0.011681616306304932,0.2760055661201477,3.11841560241852,0.0,0.0,0.0,0.0,0.0,0.0
1772565884416850566,281.367298304,-25.185209274291992,0.7099282145500183,-58.504173278808594,-0.01285138726234436,-0.9616007804870605,-0.011799320578575134,0.2738971710205078,3.1201134358894715,0.0,0.0,0.0,0.0,0.0,0.0
1772565884491113491,281.441561088,-25.174545288085938,0.7097193598747253,-58.487064361572266,-0.012714430689811707,-0.9616641998291016,-0.011716529726982117,0.27368444204330444,3.1203681844515456,0.0,0.0,0.0,0.0,0.0,0.0
1772565884646350310,281.596797952,-25.15761375427246,0.7084745764732361,-58.46023941040039,-0.012778863310813904,-0.9616765379905701,-0.011407360434532166,0.27365103363990784,3.1200229760277396,0.0,0.0,0.0,0.0,0.0,0.0
1772565884750472598,281.70092032,-25.141578674316406,0.70817631483078,-58.43504333496094,-0.012951985001564026,-0.9616615176200867,-0.011719092726707458,0.27368253469467163,3.1198322455408696,0.0,0.0,0.0,0.0,0.0,0.0
1772565884850654310,281.801101824,-25.110963821411133,0.7066089510917664,-58.386802673339844,-0.013624057173728943,-0.9616526961326599,-0.011851593852043152,0.27367520332336426,3.1183966635983285,0.0,0.0,0.0,0.0,0.0,0.0
1772565884965956403,281.916403968,-25.076980590820312,0.704832136631012,-58.33115768432617,-0.012819260358810425,-0.9616156816482544,-0.01140362024307251,0.2738630175590515,3.1199307438996953,0.0,0.0,0.0,0.0,0.0,0.0
1772565885094014250,282.044461824,-25.04796028137207,0.7030089497566223,-58.28502655029297,-0.012988671660423279,-0.9615910649299622,-0.011542081832885742,0.2739357650279999,3.1196371234975744,0.0,0.0,0.0,0.0,0.0,0.0
1772565885196987441,282.147435008,-25.00791358947754,0.7016593813896179,-58.221988677978516,-0.013337761163711548,-0.9615353345870972,-0.011198922991752625,0.27412861585617065,3.1186267286184606,0.0,0.0,0.0,0.0,0.0,0.0
1772565885340398599,282.290846208,-24.973058700561523,0.7000240683555603,-58.16611099243164,-0.013157770037651062,-0.9615079760551453,-0.010946497321128845,0.27424341440200806,3.118871881346104,0.0,0.0,0.0,0.0,0.0,0.0
1772565885445875481,282.396323072,-24.927143096923828,0.6973046660423279,-58.09343338012695,-0.013836532831192017,-0.9614570736885071,-0.010804474353790283,0.27439409494400024,3.1172437610934245,0.0,0.0,0.0,0.0,0.0,0.0
1772565885545132768,282.495580416,-24.881263732910156,0.6945814490318298,-58.0191535949707,-0.013117089867591858,-0.961414098739624,-0.010806083679199219,0.27457988262176514,3.11887494844177,0.0,0.0,0.0,0.0,0.0,0.0
1772565885644630881,282.5950784,-24.84092903137207,0.6934152245521545,-57.95643615722656,-0.014107884839177132,-0.9613615274429321,-0.010692895390093327,0.27471932768821716,3.116557881790034,0.0,0.0,0.0,0.0,0.0,0.0
1772565885744421622,282.694869248,-24.800195693969727,0.6906172633171082,-57.89021301269531,-0.013040661811828613,-0.9613295793533325,-0.009784355759620667,0.27491748332977295,3.11838768188706,0.0,0.0,0.0,0.0,0.0,0.0
1772565885849199657,282.799647232,-24.75640296936035,0.6881670355796814,-57.821128845214844,-0.01353590190410614,-0.9612722396850586,-0.010198459029197693,0.27507928013801575,3.117534247419674,0.0,0.0,0.0,0.0,0.0,0.0
1772565886004411949,282.95485952,-24.714582443237305,0.6861682534217834,-57.75307846069336,-0.013065323233604431,-0.9612316489219666,-0.009849980473518372,0.27525651454925537,3.1183749847848024,0.0,0.0,0.0,0.0,0.0,0.0
1772565886083311168,283.03375872,-24.68222427368164,0.6841291785240173,-57.7018928527832,-0.013560771942138672,-0.9611994624137878,-0.00999690592288971,0.27533936500549316,3.1173475006125697,0.0,0.0,0.0,0.0,0.0,0.0
1772565886185653265,283.136100864,-24.651826858520508,0.6826336979866028,-57.652793884277344,-0.013161763548851013,-0.9611794948577881,-0.009690672159194946,0.27543938159942627,3.1180532101581284,0.0,0.0,0.0,0.0,0.0,0.0
1772565886282591773,283.23303936,-24.622690200805664,0.6807836890220642,-57.60325241088867,-0.011504918336868286,-0.9612131118774414,-0.008906662464141846,0.2754228711128235,3.1212997382914773,0.0,0.0,0.0,0.0,0.0,0.0
1772565886433952393,283.384400128,-24.608856201171875,0.6804494261741638,-57.58198928833008,-0.011447757482528687,-0.9613475799560547,-0.008647814393043518,0.2749638557434082,3.121260385009069,0.0,0.0,0.0,0.0,0.0,0.0
1772565886524464906,283.474912512,-24.602657318115234,0.6794458031654358,-57.56859588623047,-0.011752904392778873,-0.9619653820991516,-0.008437843061983585,0.27278804779052734,3.1204319291744915,0.0,0.0,0.0,0.0,0.0,0.0
1772565886625705953,283.5761536,-24.601774215698242,0.6794801354408264,-57.565948486328125,-0.011619985103607178,-0.96274733543396,-0.008226275444030762,0.27002766728401184,3.120596124767095,0.0,0.0,0.0,0.0,0.0,0.0
1772565886749270066,283.699717632,-24.604021072387695,0.6793672442436218,-57.568504333496094,-0.012317359447479248,-0.9637451171875,-0.00864759087562561,0.2663998603820801,3.1192892020828253,0.0,0.0,0.0,0.0,0.0,0.0
1772565886841885874,283.792333568,-24.606718063354492,0.6791641116142273,-57.57083511352539,-0.011951908469200134,-0.9646146893501282,-0.008502036333084106,0.26325559616088867,3.120017332363208,0.0,0.0,0.0,0.0,0.0,0.0
1772565886956428454,283.90687616,-24.609132766723633,0.6794931292533875,-57.57265853881836,-0.012062832713127136,-0.96539306640625,-0.008544042706489563,0.2603800892829895,3.1197918521133756,0.0,0.0,0.0,0.0,0.0,0.0
1772565887058303015,284.008750592,-24.59126091003418,0.680102527141571,-57.54188919067383,-0.01140925195068121,-0.9653267860412598,-0.0081538250669837,0.26066747307777405,3.1210172735444317,0.0,0.0,0.0,0.0,0.0,0.0
1772565887154096870,284.104544512,-24.55019187927246,0.6776129603385925,-57.472434997558594,-0.011411294341087341,-0.9652624726295471,-0.007981956005096436,0.2609107196331024,3.1209091458964724,0.0,0.0,0.0,0.0,0.0,0.0
1772565887308519479,284.25896704,-24.486675262451172,0.674416720867157,-57.36664962768555,-0.01202121376991272,-0.9651386141777039,-0.007889747619628906,0.2613440155982971,3.1194896766565607,0.0,0.0,0.0,0.0,0.0,0.0
1772565887389382659,284.339830272,-24.433584213256836,0.6725464463233948,-57.276405334472656,-0.011812478303909302,-0.965095043182373,-0.007528558373451233,0.2615252137184143,3.119737457676793,0.0,0.0,0.0,0.0,0.0,0.0
1772565887498837055,284.449284608,-24.38066291809082,0.6708294749259949,-57.18546676635742,-0.011915519833564758,-0.9651550054550171,-0.006982758641242981,0.2613142132759094,3.1191769552221924,0.0,0.0,0.0,0.0,0.0,0.0
1772565887588003084,284.538450688,-24.317615509033203,0.6692430377006531,-57.076271057128906,-0.012090936303138733,-0.9652892351150513,-0.0061546266078948975,0.26083073019981384,3.1182864504465404,0.0,0.0,0.0,0.0,0.0,0.0
1772565887688411509,284.638859008,-24.265840530395508,0.6687034964561462,-56.985694885253906,-0.011992394924163818,-0.9654148817062378,-0.005600869655609131,0.2603825032711029,3.118175807670827,0.0,0.0,0.0,0.0,0.0,0.0
1772565887834698279,284.785145856,-24.2139949798584,0.6669835448265076,-56.89469909667969,-0.011776477098464966,-0.9655203819274902,-0.005289673805236816,0.2600075304508209,3.1184738163054644,0.0,0.0,0.0,0.0,0.0,0.0
1772565887937388918,284.887836416,-24.16211700439453,0.665529191493988,-56.80481719970703,-0.012133881449699402,-0.9656318426132202,-0.004339918494224548,0.2595940828323364,3.1171093749874403,0.0,0.0,0.0,0.0,0.0,0.0
1772565888002650905,284.953098496,-24.100553512573242,0.6641139388084412,-56.69791793823242,-0.012694031000137329,-0.9657863974571228,-0.0029594451189041138,0.25901108980178833,3.1150405198330295,0.0,0.0,0.0,0.0,0.0,0.0
1772565888114433209,285.064880896,-24.049612045288086,0.6632112860679626,-56.60843276977539,-0.012906549498438835,-0.9659254550933838,-0.002125307684764266,0.2584896683692932,3.1140777967736963,0.0,0.0,0.0,0.0,0.0,0.0
1772565888246391685,285.196839424,-23.9887638092041,0.6617388129234314,-56.49612045288086,-0.011523261666297913,-0.9661569595336914,-0.003252848982810974,0.25767678022384644,3.1178466868058705,0.0,0.0,0.0,0.0,0.0,0.0
1772565888349525818,285.299973376,-23.943180084228516,0.6597544550895691,-56.406883239746094,-0.008569464087486267,-0.9663100838661194,-0.006518915295600891,0.25715550780296326,3.1263692561941276,0.0,0.0,0.0,0.0,0.0,0.0
1772565888448120142,285.39856768,-23.913089752197266,0.6585115790367126,-56.341896057128906,-0.00696718692779541,-0.9662789702415466,-0.007901698350906372,0.25728175044059753,3.1307591815605487,0.0,0.0,0.0,0.0,0.0,0.0
1772565888550046894,285.500494592,-23.90142250061035,0.6583868861198425,-56.31430435180664,-0.0068835606798529625,-0.9658772945404053,-0.007966860197484493,0.2587858736515045,3.1309991691858254,0.0,0.0,0.0,0.0,0.0,0.0
1772565888679357061,285.6298048,-23.90612030029297,0.6585709452629089,-56.32326889038086,-0.007475078105926514,-0.9658482074737549,-0.007505759596824646,0.2588920593261719,3.129404815251346,0.0,0.0,0.0,0.0,0.0,0.0
1772565888778943245,285.729390848,-23.926057815551758,0.65829998254776,-56.35788345336914,-0.007752149365842342,-0.9659202098846436,-0.00723589863628149,0.2586227059364319,3.1286236648826247,0.0,0.0,0.0,0.0,0.0,0.0
1772565888922415143,285.87286272,-23.96100616455078,0.660251796245575,-56.41740036010742,-0.007599949836730957,-0.9660871028900146,-0.007911339402198792,0.2579834461212158,3.1293611929844287,0.0,0.0,0.0,0.0,0.0,0.0
1772565889010903652,285.961351168,-24.003477096557617,0.6614591479301453,-56.49307632446289,-0.008066982962191105,-0.9663456082344055,-0.007811710704118013,0.2570021450519562,3.128253806246349,0.0,0.0,0.0,0.0,0.0,0.0
1772565889123151009,286.07359872,-24.065340042114258,0.6630770564079285,-56.602867126464844,-0.01011727750301361,-0.9666104316711426,-0.0061620622873306274,0.25597649812698364,3.122712255746614,0.0,0.0,0.0,0.0,0.0,0.0
1772565889232425172,286.182872832,-24.125051498413086,0.6643115878105164,-56.709449768066406,-0.012117625214159489,-0.9668253660202026,-0.004321456421166658,0.2551143169403076,3.117186518015691,0.0,0.0,0.0,0.0,0.0,0.0
1772565889334305680,286.284753408,-24.168943405151367,0.6646900773048401,-56.78605270385742,-0.013040482997894287,-0.9670403003692627,-0.0038961023092269897,0.2542595863342285,3.1148974144630937,0.0,0.0,0.0,0.0,0.0,0.0
1772565889435459499,286.3859072,-24.206361770629883,0.6653560996055603,-56.84865188598633,-0.01299111545085907,-0.9672634601593018,-0.0046234577894210815,0.25339967012405396,3.115442220259743,0.0,0.0,0.0,0.0,0.0,0.0
1772565889591400058,286.541847552,-24.250825881958008,0.6667432188987732,-56.9221076965332,-0.010929972864687443,-0.9675361514091492,-0.007034704554826021,0.252398282289505,3.121420958637731,0.0,0.0,0.0,0.0,0.0,0.0
1772565889702532736,286.652980224,-24.30959129333496,0.6681749224662781,-57.03104019165039,-0.012680023908615112,-0.9678661823272705,-0.0063905417919158936,0.25106489658355713,3.1171744668453822,0.0,0.0,0.0,0.0,0.0,0.0
1772565889801322132,286.751769856,-24.361345291137695,0.6696586012840271,-57.12541580200195,-0.012334002181887627,-0.9683964252471924,-0.006831212900578976,0.2490171492099762,3.1182021774814705,0.0,0.0,0.0,0.0,0.0,0.0
1772565889888168861,286.838616576,-24.406312942504883,0.6704367995262146,-57.23318862915039,-0.012674421072006226,-0.9697580337524414,-0.006992056965827942,0.2436389923095703,3.1175607863689074,0.0,0.0,0.0,0.0,0.0,0.0
1772565889986058362,286.936505856,-24.45216178894043,0.6729292273521423,-57.33195877075195,-0.012968674302101135,-0.9717100262641907,-0.007656991481781006,0.23569677770137787,3.1172949990639705,0.0,0.0,0.0,0.0,0.0,0.0
1772565890089923192,287.040370688,-24.5177001953125,0.6763822436332703,-57.433311462402344,-0.013630224391818047,-0.9734344482421875,-0.00809867586940527,0.22841624915599823,3.116090509195209,0.0,0.0,0.0,0.0,0.0,0.0
1772565890189971562,287.140419072,-24.56657600402832,0.6784613728523254,-57.5147819519043,-0.013334915973246098,-0.9742998480796814,-0.008309588767588139,0.22470654547214508,3.1168386110480135,0.0,0.0,0.0,0.0,0.0,0.0
1772565890292213484,287.24266112,-24.60738182067871,0.6808649897575378,-57.59651184082031,-0.013742521405220032,-0.9744370579719543,-0.008362233638763428,0.22408416867256165,3.115981169096155,0.0,0.0,0.0,0.0,0.0,0.0
1772565890436380481,287.386828032,-24.64439582824707,0.6834720969200134,-57.67329025268555,-0.013741850852966309,-0.9744124412536621,-0.008884340524673462,0.22417116165161133,3.1162429497320567,0.0,0.0,0.0,0.0,0.0,0.0
1772565890536544149,287.486991872,-24.676876068115234,0.6848302483558655,-57.7420539855957,-0.01411031186580658,-0.9743809700012207,-0.009249508380889893,0.2242705225944519,3.1156266824887267,0.0,0.0,0.0,0.0,0.0,0.0
1772565890647243711,287.597691392,-24.708471298217773,0.6859511733055115,-57.80545425415039,-0.013516411185264587,-0.9743800163269043,-0.008993148803710938,0.2243213653564453,3.116786102048241,0.0,0.0,0.0,0.0,0.0,0.0
1772565890748252875,287.698700544,-24.731775283813477,0.6874685883522034,-57.85451126098633,-0.014024227857589722,-0.9743523001670837,-0.009551137685775757,0.2243874967098236,3.115964069390312,0.0,0.0,0.0,0.0,0.0,0.0
1772565890847372714,287.797820416,-24.748327255249023,0.6889826655387878,-57.88993835449219,-0.014543458819389343,-0.9743449687957764,-0.009767428040504456,0.22437697649002075,3.1149465362644007,0.0,0.0,0.0,0.0,0.0,0.0
1772565890928786209,287.879233792,-24.76101303100586,0.6887707114219666,-57.913570404052734,-0.013301655650138855,-0.9743555784225464,-0.009332239627838135,0.22442637383937836,3.1174211480675953,0.0,0.0,0.0,0.0,0.0,0.0
1772565891049863699,288.000311296,-24.776958465576172,0.6906630396842957,-57.94699478149414,-0.013317674398422241,-0.9743155241012573,-0.009465038776397705,0.22459366917610168,3.117453364526083,0.0,0.0,0.0,0.0,0.0,0.0
1772565891149617117,288.100064768,-24.789636611938477,0.690542995929718,-57.97488784790039,-0.014212382957339287,-0.9742938280105591,-0.009902416728436947,0.22461403906345367,3.115732379653433,0.0,0.0,0.0,0.0,0.0,0.0
1772565891251533464,288.201981184,-24.796253204345703,0.6916026473045349,-57.98927307128906,-0.014584481716156006,-0.974290132522583,-0.010040417313575745,0.2246001958847046,3.1149946151372494,0.0,0.0,0.0,0.0,0.0,0.0
1772565891392400097,288.342847744,-24.792863845825195,0.6908072829246521,-57.981117248535156,-0.014252319931983948,-0.9743341207504272,-0.009746462106704712,0.22444351017475128,3.115567334996905,0.0,0.0,0.0,0.0,0.0,0.0
1772565891500181747,288.450629376,-24.784809112548828,0.6900803446769714,-57.96392822265625,-0.013810948468744755,-0.9743419885635376,-0.009983674623072147,0.22442661225795746,3.116642476138931,0.0,0.0,0.0,0.0,0.0,0.0
1772565891599459672,288.5499072,-24.777673721313477,0.6906949877738953,-57.9486198425293,-0.013334215618669987,-0.9743587374687195,-0.009501860477030277,0.22440360486507416,3.1174351787760037,0.0,0.0,0.0,0.0,0.0,0.0
1772565891692509694,288.642957312,-24.771066665649414,0.689931333065033,-57.9355583190918,-0.013515770435333252,-0.9743407964706421,-0.009397238492965698,0.22447523474693298,3.116989646265169,0.0,0.0,0.0,0.0,0.0,0.0
1772565891807382730,288.7578304,-24.765321731567383,0.6887754797935486,-57.9241943359375,-0.013666033744812012,-0.9743512868881226,-0.009234219789505005,0.22442728281021118,3.1165823746070473,0.0,0.0,0.0,0.0,0.0,0.0
1772565891900919700,288.851367424,-24.759675979614258,0.6886188387870789,-57.912235260009766,-0.013582242652773857,-0.9743481874465942,-0.009605302475392818,0.22443005442619324,3.1169493010432325,0.0,0.0,0.0,0.0,0.0,0.0
1772565892046415086,288.99686272,-24.75739860534668,0.6887199282646179,-57.90737533569336,-0.013518976047635078,-0.9743613004684448,-0.009557248093187809,0.22437934577465057,3.117062263526201,0.0,0.0,0.0,0.0,0.0,0.0
1772565892151960589,289.102408192,-24.759946823120117,0.6886422038078308,-57.91249084472656,-0.013466030359268188,-0.9743624925613403,-0.009532332420349121,0.22437818348407745,3.1171645795280347,0.0,0.0,0.0,0.0,0.0,0.0
1772565892247836369,289.198284032,-24.763221740722656,0.6887468695640564,-57.919769287109375,-0.0135611891746521,-0.9743594527244568,-0.009333252906799316,0.2243940532207489,3.116858987574876,0.0,0.0,0.0,0.0,0.0,0.0
1772565892349588145,289.30003584,-24.766111373901367,0.6888406872749329,-57.92606735229492,-0.013674110174179077,-0.9743620157241821,-0.009141340851783752,0.22438399493694305,3.1165183920676327,0.0,0.0,0.0,0.0,0.0,0.0
1772565892449820151,289.400267776,-24.767436981201172,0.6890174746513367,-57.92900085449219,-0.013820990920066833,-0.9743962287902832,-0.009139686822891235,0.22422650456428528,3.116198869308718,0.0,0.0,0.0,0.0,0.0,0.0
1772565892549803084,289.500250624,-24.765623092651367,0.6887808442115784,-57.92670822143555,-0.013816086575388908,-0.9744827151298523,-0.009166999720036983,0.22384916245937347,3.116222298319415,0.0,0.0,0.0,0.0,0.0,0.0
1772565892650640133,289.601087744,-24.762271881103516,0.6885177493095398,-57.91951370239258,-0.013516142964363098,-0.9745132327079773,-0.009278133511543274,0.22373032569885254,3.1169271483073673,0.0,0.0,0.0,0.0,0.0,0.0
1772565892799352004,289.74979968,-24.759660720825195,0.6884822249412537,-57.91379165649414,-0.013540984131395817,-0.9745177030563354,-0.009483740665018559,0.22370056807994843,3.1169754984526983,0.0,0.0,0.0,0.0,0.0,0.0
1772565892909534523,289.85998208,-24.758625030517578,0.6883737444877625,-57.911808013916016,-0.013583807274699211,-0.9745768308639526,-0.009500577114522457,0.22343946993350983,3.11689018756223,0.0,0.0,0.0,0.0,0.0,0.0
1772565892997289479,289.947737088,-24.760698318481445,0.6883310675621033,-57.91273880004883,-0.01383519172668457,-0.9749233722686768,-0.009500950574874878,0.2219070941209793,3.1163410625828933,0.0,0.0,0.0,0.0,0.0,0.0
1772565893120297854,290.070745344,-24.763517379760742,0.688630998134613,-57.91817092895508,-0.013655439019203186,-0.9749366044998169,-0.009306132793426514,0.22186855971813202,3.116633902800318,0.0,0.0,0.0,0.0,0.0,0.0
1772565893202698028,290.1531456,-24.7664794921875,0.6887902617454529,-57.92512893676758,-0.013838842511177063,-0.9749271869659424,-0.009158074855804443,0.22190441191196442,3.1161642948131605,0.0,0.0,0.0,0.0,0.0,0.0
1772565893315662758,290.266110464,-24.7663516998291,0.6887626051902771,-57.92375946044922,-0.01369327399879694,-0.9749873280525208,-0.009075314737856388,0.22165267169475555,3.1164379043009514,0.0,0.0,0.0,0.0,0.0,0.0
1772565893413273883,290.363721472,-24.76436996459961,0.6887207627296448,-57.918861389160156,-0.013321757316589355,-0.9750096797943115,-0.00912030041217804,0.2215750813484192,3.1172634131401775,0.0,0.0,0.0,0.0,0.0,0.0
1772565893516078151,290.466525696,-24.747602462768555,0.6895928978919983,-57.88184356689453,-0.012055128812789917,-0.975009560585022,-0.008452832698822021,0.22167450189590454,3.119675246305141,0.0,0.0,0.0,0.0,0.0,0.0
1772565893628175758,290.578623488,-24.696735382080078,0.6872081160545349,-57.78099060058594,-0.01330655813217163,-0.9748677015304565,-0.008913561701774597,0.22220821678638458,3.1171962232380057,0.0,0.0,0.0,0.0,0.0,0.0
1772565893791155406,290.741603072,-24.641775131225586,0.6840826869010925,-57.66896057128906,-0.013021690770983696,-0.9747521877288818,-0.008482708595693111,0.222747802734375,3.117601064766661,0.0,0.0,0.0,0.0,0.0,0.0
1772565893892939448,290.843387136,-24.586620330810547,0.6808963418006897,-57.55671691894531,-0.012416675686836243,-0.9746178388595581,-0.007891416549682617,0.22339119017124176,3.118618988070881,0.0,0.0,0.0,0.0,0.0,0.0
1772565894007354254,290.957801984,-24.53987693786621,0.6775068640708923,-57.46311950683594,-0.012604817748069763,-0.9745035171508789,-0.007673546671867371,0.2238866090774536,3.118103402713056,0.0,0.0,0.0,0.0,0.0,0.0
1772565894124337499,291.074785024,-24.482587814331055,0.6740779280662537,-57.35004425048828,-0.013756617903709412,-0.9743485450744629,-0.007950425148010254,0.2244827002286911,3.1157449741660703,0.0,0.0,0.0,0.0,0.0,0.0
1772565894194946435,291.145394176,-24.436063766479492,0.6715070605278015,-57.25593948364258,-0.013442888855934143,-0.9742406606674194,-0.007627949118614197,0.22498071193695068,3.1162632762329436,0.0,0.0,0.0,0.0,0.0,0.0
1772565894306432607,291.256880128,-24.390201568603516,0.6691908240318298,-57.16159439086914,-0.013120323419570923,-0.9741713404655457,-0.0071192532777786255,0.22531621158123016,3.1167072476113655,0.0,0.0,0.0,0.0,0.0,0.0
1772565894413393415,291.363841024,-24.343894958496094,0.6669095158576965,-57.06733703613281,-0.013049870729446411,-0.9741541743278503,-0.006546497344970703,0.22541190683841705,3.1165723819100153,0.0,0.0,0.0,0.0,0.0,0.0
1772565894520231289,291.470678784,-24.2885799407959,0.6649351716041565,-56.95323944091797,-0.013236148282885551,-0.9742270708084106,-0.006033225916326046,0.22509993612766266,3.115912421821987,0.0,0.0,0.0,0.0,0.0,0.0
1772565894620297180,291.570744832,-24.242961883544922,0.6635600924491882,-56.857627868652344,-0.013260693289339542,-0.9743384718894958,-0.005689368117600679,0.22462500631809235,3.1156899862075216,0.0,0.0,0.0,0.0,0.0,0.0
1772565894752473647,291.702921216,-24.188432693481445,0.661827027797699,-56.743431091308594,-0.013400256633758545,-0.9744699001312256,-0.005089297890663147,0.2240603119134903,3.115092245073716,0.0,0.0,0.0,0.0,0.0,0.0
1772565894836880991,291.787328512,-24.144094467163086,0.661090075969696,-56.646812438964844,-0.012379840947687626,-0.9745975136756897,-0.0059862141497433186,0.22354115545749664,3.1177523930116298,0.0,0.0,0.0,0.0,0.0,0.0
1772565894945785906,291.896233472,-24.09926986694336,0.65926593542099,-56.55107498168945,-0.012088283896446228,-0.9747190475463867,-0.00587773323059082,0.22302931547164917,3.1183320197169717,0.0,0.0,0.0,0.0,0.0,0.0
1772565895051842905,292.002290432,-24.049461364746094,0.6571568846702576,-56.44316101074219,-0.011448308825492859,-0.9748796224594116,-0.0060097575187683105,0.22235681116580963,3.1197847509652457,0.0,0.0,0.0,0.0,0.0,0.0
1772565895181572082,292.132019712,-24.02142906188965,0.6554896235466003,-56.38241958618164,-0.010860755108296871,-0.9750967025756836,-0.006847589276731014,0.22140802443027496,3.1214690211602507,0.0,0.0,0.0,0.0,0.0,0.0
1772565895293617878,292.244065536,-23.99909019470215,0.6542178988456726,-56.356727600097656,-0.01122374925762415,-0.9760493040084839,-0.006681949365884066,0.21715712547302246,3.1206027057462515,0.0,0.0,0.0,0.0,0.0,0.0
1772565895394448535,292.344896256,-23.989334106445312,0.6535138487815857,-56.34896469116211,-0.011766342446208,-0.977623701095581,-0.0063609471544623375,0.20993569493293762,3.119288497423253,0.0,0.0,0.0,0.0,0.0,0.0
1772565895475930199,292.426377728,-23.983509063720703,0.6523959040641785,-56.33794403076172,-0.011817708611488342,-0.9797319173812866,-0.0066101402044296265,0.19985541701316833,3.1192943162524958,0.0,0.0,0.0,0.0,0.0,0.0
1772565895589750022,292.540197632,-23.97601318359375,0.6529366374015808,-56.3526496887207,-0.013460710644721985,-0.9825639724731445,-0.004284173250198364,0.18538762629032135,3.1148898642362357,0.0,0.0,0.0,0.0,0.0,0.0
1772565895691608895,292.642056448,-23.97040367126465,0.6524367928504944,-56.31333923339844,-0.01336747407913208,-0.9852137565612793,-0.003735840320587158,0.17076681554317474,3.1149728030983748,0.0,0.0,0.0,0.0,0.0,0.0
1772565895795092241,292.74553984,-23.96344566345215,0.6512441039085388,-56.23180389404297,-0.011608362197875977,-0.9881514310836792,-0.00553584098815918,0.15294264256954193,3.11929889629483,0.0,0.0,0.0,0.0,0.0,0.0
1772565895907737467,292.85818496,-23.951698303222656,0.6508859992027283,-56.12925720214844,-0.012394232675433159,-0.9923193454742432,-0.0046367640607059,0.12299248576164246,3.1174003750637156,0.0,0.0,0.0,0.0,0.0,0.0
1772565896026091939,292.976539648,-23.923398971557617,0.648796021938324,-56.05646896362305,-0.012781411409378052,-0.995651364326477,-0.0050918906927108765,0.09213639795780182,3.116652792761466,0.0,0.0,0.0,0.0,0.0,0.0
1772565896139207174,293.089654784,-23.894012451171875,0.6499788165092468,-56.011314392089844,-0.012951315380632877,-0.9983924031257629,-0.006189391482621431,0.05483277514576912,3.1162549571162512,0.0,0.0,0.0,0.0,0.0,0.0
1772565896249850055,293.200297728,-23.869497299194336,0.6522517800331116,-55.99309158325195,-0.014346003532409668,-0.9995342493057251,-0.00699952244758606,0.02601107954978943,3.1132356917280295,0.0,0.0,0.0,0.0,0.0,0.0
1772565896349106446,293.299554048,-23.861486434936523,0.6529459357261658,-55.994625091552734,-0.015135154128074646,-0.9997923374176025,-0.007705956697463989,0.011266380548477173,3.11148993028084,0.0,0.0,0.0,0.0,0.0,0.0
1772565896491493061,293.441940736,-23.86386489868164,0.6543273329734802,-56.0023078918457,-0.015144243836402893,-0.9998410940170288,-0.007663354277610779,0.005457103252410889,3.1113861535201286,0.0,0.0,0.0,0.0,0.0,0.0
1772565896592629990,293.543077632,-23.86446189880371,0.6543607115745544,-56.00777816772461,-0.01556997001171112,-0.9998349547386169,-0.007880836725234985,0.00506320595741272,3.110530999572559,0.0,0.0,0.0,0.0,0.0,0.0
1772565896691916900,293.642364416,-23.864625930786133,0.6544169783592224,-56.00857925415039,-0.015621304512023926,-0.9998335242271423,-0.00792732834815979,0.005124479532241821,3.1104297457107686,0.0,0.0,0.0,0.0,0.0,0.0
1772565896793368504,293.743816192,-23.864578247070312,0.6544012427330017,-56.002967834472656,-0.015309841372072697,-0.9998376965522766,-0.00794121716171503,0.0052190725691616535,3.1110543512872244,0.0,0.0,0.0,0.0,0.0,0.0
1772565896883088315,293.833536,-23.864530563354492,0.6542708277702332,-55.99885940551758,-0.015492647886276245,-0.9998337030410767,-0.008107021450996399,0.005179703235626221,3.110689837879995,0.0,0.0,0.0,0.0,0.0,0.0
1772565897022404627,293.972852224,-23.86832618713379,0.6539646983146667,-55.988792419433594,-0.011758893728256226,-0.9999016523361206,-0.005598545074462891,0.005204200744628906,3.1181319966878145,0.0,0.0,0.0,0.0,0.0,0.0
1772565897094089217,294.044536832,-23.86897850036621,0.6538572907447815,-55.98542404174805,-0.01110923383384943,-0.999911367893219,-0.00517030106857419,0.005209446419030428,3.119426980802544,0.0,0.0,0.0,0.0,0.0,0.0
1772565897205356300,294.155803904,-23.867103576660156,0.6536385416984558,-55.982967376708984,-0.013105541467666626,-0.9998795986175537,-0.006645515561103821,0.004988729953765869,3.115446707123586,0.0,0.0,0.0,0.0,0.0,0.0
1772565897333179903,294.28362752,-23.86699676513672,0.6536280512809753,-55.968875885009766,-0.012723551131784916,-0.9998857975006104,-0.006201327312737703,0.005306333769112825,3.1162100784244453,0.0,0.0,0.0,0.0,0.0,0.0
1772565897410281514,294.360729088,-23.865936279296875,0.6528839468955994,-55.95204162597656,-0.01356196403503418,-0.999873161315918,-0.0064231157302856445,0.005351841449737549,3.1145360244554063,0.0,0.0,0.0,0.0,0.0,0.0
1772565897522290494,294.472738048,-23.868083953857422,0.6524766087532043,-55.920047760009766,-0.010898827575147152,-0.9999122619628906,-0.00506718410179019,0.005571662914007902,3.1198502882548325,0.0,0.0,0.0,0.0,0.0,0.0
1772565897649638208,294.60008576,-23.865901947021484,0.6508744359016418,-55.81597900390625,-0.010334208607673645,-0.9999173879623413,-0.004183173179626465,0.006405353546142578,3.1209763629243192,0.0,0.0,0.0,0.0,0.0,0.0
1772565897738820866,294.68926848,-23.860240936279297,0.6480163931846619,-55.710227966308594,-0.013992519117891788,-0.9998555779457092,-0.006933257449418306,0.006710142362862825,3.113698505515911,0.0,0.0,0.0,0.0,0.0,0.0
1772565897834273569,294.784721152,-23.858728408813477,0.6469222903251648,-55.60528564453125,-0.013974560424685478,-0.9998587369918823,-0.006288050673902035,0.0069162240251898766,3.113728130129032,0.0,0.0,0.0,0.0,0.0,0.0
1772565897947612071,294.898059776,-23.85642433166504,0.6454499363899231,-55.47819900512695,-0.014282062649726868,-0.9998571872711182,-0.005644559860229492,0.007065027952194214,3.1131056131695227,0.0,0.0,0.0,0.0,0.0,0.0
1772565898049284441,294.999731968,-23.855344772338867,0.6441499590873718,-55.363834381103516,-0.014125332236289978,-0.999865710735321,-0.0045540183782577515,0.006959408521652222,3.113402663231204,0.0,0.0,0.0,0.0,0.0,0.0
1772565898148916368,295.099364096,-23.85457420349121,0.6417216658592224,-55.229557037353516,-0.013528481125831604,-0.9998816251754761,-0.004589259624481201,0.005715429782867432,3.1145862689542083,0.0,0.0,0.0,0.0,0.0,0.0
1772565898293406453,295.24385408,-23.85546112060547,0.6401509642601013,-55.078304290771484,-0.014571040868759155,-0.9998819828033447,-0.004286050796508789,0.002313166856765747,3.1124693954294704,0.0,0.0,0.0,0.0,0.0,0.0
1772565898363694437,295.314141952,-23.854177474975586,0.6395562291145325,-54.94025802612305,-0.014780623838305473,-0.9998820424079895,-0.004170313011854887,0.00025486943195573986,3.1120327093620297,0.0,0.0,0.0,0.0,0.0,0.0
1772565898508395684,295.458843392,-23.853391647338867,0.6380993723869324,-54.7855339050293,-0.015299812890589237,-0.999872624874115,-0.004256561864167452,-0.0016035140724852681,3.1109783502064516,0.0,0.0,0.0,0.0,0.0,0.0
1772565898601874083,295.552321792,-23.852685928344727,0.6371111273765564,-54.66004180908203,-0.015300288796424866,-0.9998693466186523,-0.004293978214263916,-0.0029686391353607178,3.110965279186919,0.0,0.0,0.0,0.0,0.0,0.0
1772565898703706604,295.65415424,-23.850435256958008,0.6343271136283875,-54.5378532409668,-0.014359503984451294,-0.9998757839202881,-0.0041511207818984985,-0.005014628171920776,3.1128302119123665,0.0,0.0,0.0,0.0,0.0,0.0
1772565898793866633,295.744314368,-23.850143432617188,0.633666455745697,-54.402503967285156,-0.013290226459503174,-0.9998413920402527,-0.0052129775285720825,-0.010653570294380188,3.1148961984417625,0.0,0.0,0.0,0.0,0.0,0.0
1772565898890527129,295.840974848,-23.85419273376465,0.6324724555015564,-54.30458068847656,-0.010777637362480164,-0.9998424649238586,-0.006974965333938599,-0.012262017466127872,3.1198615617558976,0.0,0.0,0.0,0.0,0.0,0.0
1772565899010644776,295.961092352,-23.860139846801758,0.6316840052604675,-54.2112922668457,-0.007671445608139038,-0.9998418688774109,-0.009224757552146912,-0.013131961226463318,3.1260039661327146,0.0,0.0,0.0,0.0,0.0,0.0
1772565899146529656,296.096977152,-23.858417510986328,0.632539689540863,-54.175811767578125,-0.0063013434410095215,-0.9997996091842651,-0.011254891753196716,-0.015309974551200867,3.1286414926994923,0.0,0.0,0.0,0.0,0.0,0.0
1772565899229013962,296.179461632,-23.83960723876953,0.6314336657524109,-54.19328689575195,-0.006574422586709261,-0.9996457099914551,-0.010307163931429386,-0.02364346571266651,3.1279454819360057,0.0,0.0,0.0,0.0,0.0,0.0
1772565899349519782,296.299967488,-23.806884765625,0.6308335661888123,-54.25472640991211,-0.008067220449447632,-0.9992608428001404,-0.008946239948272705,-0.03650617599487305,3.1247715118973294,0.0,0.0,0.0,0.0,0.0,0.0
1772565899440733431,296.391181056,-23.761741638183594,0.6307684779167175,-54.36221694946289,-0.011615036986768246,-0.9985620379447937,-0.005802779924124479,-0.05201192945241928,3.1176609590400064,0.0,0.0,0.0,0.0,0.0,0.0
1772565899550800323,296.501248,-23.726266860961914,0.6305398344993591,-54.457008361816406,-0.013786135241389275,-0.997767448425293,-0.0047324891202151775,-0.06517517566680908,3.1132207927428515,0.0,0.0,0.0,0.0,0.0,0.0
1772565899652171755,296.602619392,-23.70917320251465,0.630607545375824,-54.535736083984375,-0.013732701539993286,-0.9965015649795532,-0.004554927349090576,-0.08231240510940552,3.113084039324367,0.0,0.0,0.0,0.0,0.0,0.0
1772565899749850696,296.70029824,-23.705827713012695,0.6314443945884705,-54.592288970947266,-0.013841358944773674,-0.9945040941238403,-0.004987120162695646,-0.10365866124629974,3.112397681621272,0.0,0.0,0.0,0.0,0.0,0.0
1772565899858162372,296.808610048,-23.714143753051758,0.6318027377128601,-54.627864837646484,-0.013988375663757324,-0.9911933541297913,-0.005294144153594971,-0.13157549500465393,3.111421506711318,0.0,0.0,0.0,0.0,0.0,0.0
1772565899959320565,296.909768192,-23.72223663330078,0.630943238735199,-54.64974594116211,-0.01346606109291315,-0.9880984425544739,-0.005158097017556429,-0.15314562618732452,3.112011097247333,0.0,0.0,0.0,0.0,0.0,0.0
1772565900060424932,297.010872576,-23.726594924926758,0.6314095854759216,-54.67151641845703,-0.013554723002016544,-0.9847411513328552,-0.005740344990044832,-0.1734018325805664,3.111068154936916,0.0,0.0,0.0,0.0,0.0,0.0
1772565900205718974,297.156166656,-23.714248657226562,0.6308395266532898,-54.69943618774414,-0.013051420450210571,-0.9801092743873596,-0.005634814500808716,-0.19794881343841553,3.111411122027801,0.0,0.0,0.0,0.0,0.0,0.0
1772565900325447686,297.275895296,-23.689422607421875,0.6313077807426453,-54.73270797729492,-0.013212740421295166,-0.9745389819145203,-0.005679041147232056,-0.22375640273094177,3.1101482447798365,0.0,0.0,0.0,0.0,0.0,0.0
1772565900407929162,297.358376704,-23.66963768005371,0.6327049136161804,-54.757022857666016,-0.013942895457148552,-0.9693502187728882,-0.005982427857816219,-0.24521446228027344,3.107529516617013,0.0,0.0,0.0,0.0,0.0,0.0
1772565900510293930,297.460741632,-23.651046752929688,0.6329087615013123,-54.796241760253906,-0.013803542591631413,-0.9621840715408325,-0.005284399259835482,-0.27199870347976685,3.1070408954729563,0.0,0.0,0.0,0.0,0.0,0.0
1772565900650433299,297.600880896,-23.639734268188477,0.6339804530143738,-54.831298828125,-0.014003008604049683,-0.9556476473808289,-0.005364537239074707,-0.2941305637359619,3.105411655590569,0.0,0.0,0.0,0.0,0.0,0.0
1772565900749252098,297.699699712,-23.618989944458008,0.635182797908783,-54.866756439208984,-0.014397740364074707,-0.948100745677948,-0.005354702472686768,-0.31759896874427795,3.1031301963084736,0.0,0.0,0.0,0.0,0.0,0.0
1772565900833994873,297.784442368,-23.593984603881836,0.6366297602653503,-54.897762298583984,-0.014446256682276726,-0.942811131477356,-0.005849658977240324,-0.33296284079551697,3.101586425047796,0.0,0.0,0.0,0.0,0.0,0.0
1772565900941324833,297.891772416,-23.541749954223633,0.6399064660072327,-54.945472717285156,-0.013713091611862183,-0.9405080080032349,-0.007313758134841919,-0.33941593766212463,3.1016260986715216,0.0,0.0,0.0,0.0,0.0,0.0
1772565901050597770,298.001045504,-23.467891693115234,0.6452768445014954,-55.031803131103516,-0.013150245882570744,-0.940499484539032,-0.009906322695314884,-0.33939605951309204,3.1007198592932035,0.0,0.0,0.0,0.0,0.0,0.0
1772565901163746515,298.114194176,-23.404497146606445,0.6492190957069397,-55.10685729980469,-0.012655794620513916,-0.9406088590621948,-0.011831969022750854,-0.33904996514320374,3.1002641588632733,0.0,0.0,0.0,0.0,0.0,0.0
1772565901267796990,298.218244608,-23.327987670898438,0.6530007719993591,-55.19777297973633,-0.01207706332206726,-0.9406841993331909,-0.013737857341766357,-0.3387901186943054,3.100027481485004,0.0,0.0,0.0,0.0,0.0,0.0
1772565901398537384,298.348985088,-23.271968841552734,0.6546465754508972,-55.26504135131836,-0.011648446321487427,-0.9407256245613098,-0.014384686946868896,-0.338663250207901,3.10051835592181,0.0,0.0,0.0,0.0,0.0,0.0
1772565901516071118,298.466518784,-23.224454879760742,0.6559798121452332,-55.32133483886719,-0.011519759893417358,-0.9407556056976318,-0.01584133505821228,-0.3385193943977356,3.0995695159650447,0.0,0.0,0.0,0.0,0.0,0.0
1772565901616842117,298.567289856,-23.18210792541504,0.6571275591850281,-55.372100830078125,-0.010974019765853882,-0.9408571720123291,-0.016438454389572144,-0.3382264971733093,3.100408095763929,0.0,0.0,0.0,0.0,0.0,0.0
1772565901716135903,298.666583552,-23.156877517700195,0.6580402255058289,-55.402976989746094,-0.010532885789871216,-0.9409080743789673,-0.016316980123519897,-0.33810490369796753,3.1016026810021162,0.0,0.0,0.0,0.0,0.0,0.0
1772565901830067729,298.780515328,-23.134536743164062,0.6583313345909119,-55.430912017822266,-0.00973388459533453,-0.9409260749816895,-0.01667877845466137,-0.3380609154701233,3.1032387036424915,0.0,0.0,0.0,0.0,0.0,0.0
1772565901917307894,298.86775552,-23.12238883972168,0.6591134667396545,-55.44573211669922,-0.009763537906110287,-0.9409379959106445,-0.01657917909324169,-0.33803173899650574,3.103256492401352,0.0,0.0,0.0,0.0,0.0,0.0
1772565902050101111,299.000548608,-23.11243438720703,0.6590927243232727,-55.457054138183594,-0.010055065155029297,-0.9409316778182983,-0.016859471797943115,-0.33802682161331177,3.102301055898611,0.0,0.0,0.0,0.0,0.0,0.0
1772565902133998135,299.084445696,-23.104930877685547,0.6588355898857117,-55.46601104736328,-0.00995934009552002,-0.9409300088882446,-0.0173586905002594,-0.3380093276500702,3.1020996053538377,0.0,0.0,0.0,0.0,0.0,0.0
1772565902223232523,299.173680128,-23.102048873901367,0.6589733958244324,-55.46977996826172,-0.009727805852890015,-0.9408987164497375,-0.017109602689743042,-0.338115930557251,3.1028709320707275,0.0,0.0,0.0,0.0,0.0,0.0
1772565902331899338,299.282347008,-23.104206085205078,0.6589705348014832,-55.46767044067383,-0.009893357753753662,-0.9408941268920898,-0.01721930503845215,-0.33811816573143005,3.1023710376732927,0.0,0.0,0.0,0.0,0.0,0.0
1772565902441890109,299.392337664,-23.097362518310547,0.6597420573234558,-55.47526931762695,-0.009837627410888672,-0.9408847093582153,-0.018069148063659668,-0.33810168504714966,3.101765022459626,0.0,0.0,0.0,0.0,0.0,0.0
1772565902546756257,299.497203968,-23.052371978759766,0.6618730425834656,-55.53034591674805,-0.009210824966430664,-0.9409507513046265,-0.018468767404556274,-0.3379139304161072,3.1029635781185623,0.0,0.0,0.0,0.0,0.0,0.0
1772565902652808968,299.603256576,-22.979095458984375,0.6640138030052185,-55.6192626953125,-0.008076608180999756,-0.9410651326179504,-0.01933121681213379,-0.3375759720802307,3.1050100174840907,0.0,0.0,0.0,0.0,0.0,0.0
1772565902764641801,299.715089408,-22.914588928222656,0.6658181548118591,-55.69784164428711,-0.007321596145629883,-0.9411987662315369,-0.019835948944091797,-0.3371911942958832,3.1064494989441487,0.0,0.0,0.0,0.0,0.0,0.0
1772565902904377135,299.854824704,-22.838829040527344,0.6674579977989197,-55.79287338256836,-0.00513351010158658,-0.9413612484931946,-0.019322069361805916,-0.3368075489997864,3.112262648366408,0.0,0.0,0.0,0.0,0.0,0.0
1772565902973004749,299.923452416,-22.776206970214844,0.6693246960639954,-55.87218475341797,-0.002743392949923873,-0.9414844512939453,-0.018727926537394524,-0.3365246057510376,3.1186221257637445,0.0,0.0,0.0,0.0,0.0,0.0
1772565903111718108,300.06216576,-22.714012145996094,0.6705264449119568,-55.946659088134766,-0.002871096134185791,-0.9415358304977417,-0.020071029663085938,-0.3363021910190582,3.117163932415472,0.0,0.0,0.0,0.0,0.0,0.0
1772565903218299697,300.168747264,-22.657398223876953,0.6720014214515686,-56.013389587402344,-0.0030868053436279297,-0.9415355920791626,-0.02323514223098755,-0.33609718084335327,3.113912913444157,0.0,0.0,0.0,0.0,0.0,0.0
1772565903335444005,300.285891584,-22.602825164794922,0.6733822226524353,-56.07963943481445,-0.002620697021484375,-0.9415788054466248,-0.02388891577720642,-0.3359344005584717,3.1144962612741525,0.0,0.0,0.0,0.0,0.0,0.0
1772565903418133197,300.368580864,-22.563156127929688,0.6742402911186218,-56.12961959838867,-0.0015317500801756978,-0.9416323900222778,-0.02361980266869068,-0.33580973744392395,3.117389239798832,0.0,0.0,0.0,0.0,0.0,0.0
1772565903549541669,300.499989248,-22.533090591430664,0.6746775507926941,-56.16658020019531,-0.0007866621017456055,-0.9416671395301819,-0.024111241102218628,-0.3356800675392151,3.1187873689545453,0.0,0.0,0.0,0.0,0.0,0.0
1772565903669531098,300.619978752,-22.5142822265625,0.6747185587882996,-56.188819885253906,-0.000992417335510254,-0.941705584526062,-0.02404722571372986,-0.33557620644569397,3.1183533477360004,0.0,0.0,0.0,0.0,0.0,0.0
1772565903770436925,300.72088448,-22.510953903198242,0.6749898791313171,-56.1966438293457,0.0006914734840393066,-0.9417474269866943,-0.02189740538597107,-0.3356068432331085,3.1243040201251397,0.0,0.0,0.0,0.0,0.0,0.0
1772565903891160056,300.84160768,-22.509660720825195,0.6750653386116028,-56.197898864746094,0.00034874677658081055,-0.9416553974151611,-0.022575438022613525,-0.3358202576637268,3.122864392796606,0.0,0.0,0.0,0.0,0.0,0.0
1772565904026014916,300.976462592,-22.467973709106445,0.6776513457298279,-56.24525833129883,-0.0005624890327453613,-0.9417735934257507,-0.0257701575756073,-0.3352581262588501,3.1179403207424037,0.0,0.0,0.0,0.0,0.0,0.0
1772565904142491554,301.092939264,-22.395793914794922,0.6795026659965515,-56.34041213989258,0.0031924545764923096,-0.9420092701911926,-0.022489935159683228,-0.33481714129447937,3.1299333662320388,0.0,0.0,0.0,0.0,0.0,0.0
1772565904258530787,301.208978432,-22.319292068481445,0.6812760233879089,-56.437259674072266,0.005533665418624878,-0.9421658515930176,-0.021264255046844482,-0.33442604541778564,3.1367033598985605,0.0,0.0,0.0,0.0,0.0,0.0
1772565904363215278,301.313662976,-22.263195037841797,0.6813816428184509,-56.510128021240234,0.007974504493176937,-0.9422651529312134,-0.019599584862589836,-0.3341985046863556,-3.13910984787774,0.0,0.0,0.0,0.0,0.0,0.0
1772565904495218405,301.445666048,-22.219518661499023,0.680034339427948,-56.570762634277344,0.010960549116134644,-0.942340612411499,-0.015030205249786377,-0.3341379761695862,-3.1279253582828335,0.0,0.0,0.0,0.0,0.0,0.0
1772565904570046975,301.520494592,-22.16414451599121,0.6808416247367859,-56.64139175415039,0.012008607387542725,-0.9421146512031555,-0.014337748289108276,-0.334769070148468,-3.124797192307525,0.0,0.0,0.0,0.0,0.0,0.0
1772565904703697739,301.65414528,-22.106067657470703,0.6847442984580994,-56.710872650146484,0.011769354343414307,-0.941828191280365,-0.018053442239761353,-0.33540308475494385,-3.1286094712577404,0.0,0.0,0.0,0.0,0.0,0.0
1772565904827872160,301.778319872,-22.03376579284668,0.6870922446250916,-56.80077362060547,0.013626725412905216,-0.9414854049682617,-0.017924489453434944,-0.3363008499145508,-3.124007035309143,0.0,0.0,0.0,0.0,0.0,0.0
1772565904927099205,301.877546752,-21.951875686645508,0.6923560500144958,-56.90181350708008,0.014071613550186157,-0.9404884576797485,-0.018455684185028076,-0.3390323221683502,-3.123465626035891,0.0,0.0,0.0,0.0,0.0,0.0
1772565905028770621,301.979218176,-21.870807647705078,0.698521077632904,-57.0025634765625,0.014189451932907104,-0.9387083649635315,-0.017425984144210815,-0.34397926926612854,-3.1223918144216274,0.0,0.0,0.0,0.0,0.0,0.0
1772565905149421393,302.099868928,-21.800933837890625,0.7014384865760803,-57.08564758300781,0.01327490620315075,-0.9367841482162476,-0.016014007851481438,-0.3492892384529114,-3.1234849955821673,0.0,0.0,0.0,0.0,0.0,0.0
1772565905244316523,302.194764032,-21.727327346801758,0.7036179900169373,-57.17266082763672,0.012136430479586124,-0.9343084692955017,-0.007399648893624544,-0.3561819791793823,-3.1182621692985175,0.0,0.0,0.0,0.0,0.0,0.0
1772565905351016238,302.301463808,-21.68177032470703,0.7044348120689392,-57.232749938964844,0.012880772352218628,-0.9321912527084351,0.00017380714416503906,-0.3617370128631592,-3.1088919794381376,0.0,0.0,0.0,0.0,0.0,0.0
1772565905466447644,302.416895232,-21.6431827545166,0.7056755423545837,-57.277034759521484,0.014520881697535515,-0.9309911131858826,0.0017577109392732382,-0.3647485673427582,-3.103002334696957,0.0,0.0,0.0,0.0,0.0,0.0
1772565905565007787,302.515455488,-21.605865478515625,0.7043158411979675,-57.31108474731445,0.012438446283340454,-0.9307317733764648,-0.0035479366779327393,-0.3654738962650299,-3.1135331282844505,0.0,0.0,0.0,0.0,0.0,0.0
1772565905701670665,302.652118272,-21.595962524414062,0.7040373682975769,-57.32271194458008,0.01240307092666626,-0.9297775030136108,-0.0047370195388793945,-0.3678826689720154,-3.1147426008459473,0.0,0.0,0.0,0.0,0.0,0.0
1772565905796049865,302.746497536,-21.606412887573242,0.7041124701499939,-57.309173583984375,0.012182831764221191,-0.928917646408081,-0.004271894693374634,-0.37006139755249023,-3.114771265088426,0.0,0.0,0.0,0.0,0.0,0.0
1772565905883060692,302.833508352,-21.638912200927734,0.7042002081871033,-57.2733039855957,0.01193380355834961,-0.9283260107040405,-0.0038847029209136963,-0.3715554475784302,-3.1149683108152684,0.0,0.0,0.0,0.0,0.0,0.0
1772565905994061763,302.94450944,-21.683725357055664,0.7047377228736877,-57.22978210449219,0.013511566445231438,-0.9278062582015991,0.0003732740296982229,-0.37281742691993713,-3.106478447830034,0.0,0.0,0.0,0.0,0.0,0.0
1772565906097950203,303.048397824,-21.73760414123535,0.7044864296913147,-57.17580795288086,0.013976216316223145,-0.9273354411125183,0.0038210153579711914,-0.3739507794380188,-3.101639240765237,0.0,0.0,0.0,0.0,0.0,0.0
1772565906194849187,303.145296896,-21.804319381713867,0.7017377018928528,-57.10710525512695,0.014441072940826416,-0.9269090294837952,0.004263341426849365,-0.37498387694358826,-3.0998987315835236,0.0,0.0,0.0,0.0,0.0,0.0
1772565906299337230,303.249784832,-21.868438720703125,0.6995708346366882,-57.04048538208008,0.015629678964614868,-0.9262743592262268,-0.0002721548080444336,-0.3765256106853485,-3.101459104736769,0.0,0.0,0.0,0.0,0.0,0.0
1772565906426436028,303.376883712,-21.925479888916016,0.6958722472190857,-56.975730895996094,0.014565855264663696,-0.9254560470581055,-0.011513471603393555,-0.3783998489379883,-3.1160140335309583,0.0,0.0,0.0,0.0,0.0,0.0
1772565906505730093,303.456177664,-21.991352081298828,0.6908981204032898,-56.9019660949707,0.013938874006271362,-0.9240201711654663,-0.018395602703094482,-0.3816465735435486,-3.1250498897689094,0.0,0.0,0.0,0.0,0.0,0.0
1772565906619008701,303.569456384,-22.089221954345703,0.6855039000511169,-56.80767059326172,0.013787627220153809,-0.9220688343048096,-0.015824198722839355,-0.3864564597606659,-3.122768899041222,0.0,0.0,0.0,0.0,0.0,0.0
1772565906724139475,303.674587136,-22.158323287963867,0.6820085644721985,-56.74065017700195,0.011979369446635246,-0.9208208322525024,-0.015830574557185173,-0.38948047161102295,-3.127619726948318,0.0,0.0,0.0,0.0,0.0,0.0
1772565906828415480,303.778863104,-22.239070892333984,0.6826979517936707,-56.662540435791016,0.011100380681455135,-0.9204196333885193,-0.01506638340651989,-0.39048367738723755,-3.1291182279023126,0.0,0.0,0.0,0.0,0.0,0.0
1772565906949698664,303.900146176,-22.303293228149414,0.6826304793357849,-56.598052978515625,0.010048151016235352,-0.9205282330513,-0.01584625244140625,-0.39022529125213623,-3.132772996075975,0.0,0.0,0.0,0.0,0.0,0.0
1772565907033776904,303.984224512,-22.365331649780273,0.6812754273414612,-56.53169250488281,0.00708538293838501,-0.9206340909004211,-0.01854303479194641,-0.3899216651916504,3.1395597054990896,0.0,0.0,0.0,0.0,0.0,0.0
1772565907150073857,304.100521472,-22.445045471191406,0.6799768805503845,-56.44972229003906,0.004680067300796509,-0.9207401871681213,-0.019925862550735474,-0.38963910937309265,3.131670030221422,0.0,0.0,0.0,0.0,0.0,0.0
1772565907250695834,304.201143552,-22.51276969909668,0.6775693297386169,-56.379634857177734,0.0024722220841795206,-0.9208084940910339,-0.021658005192875862,-0.38940542936325073,3.1239192484144134,0.0,0.0,0.0,0.0,0.0,0.0
1772565907392520841,304.342968576,-22.57929229736328,0.6770336031913757,-56.30913543701172,-0.0005860328674316406,-0.9208735823631287,-0.02414432168006897,-0.3891125023365021,3.1131013029975607,0.0,0.0,0.0,0.0,0.0,0.0
1772565907467935794,304.41838336,-22.65133285522461,0.6753457188606262,-56.240753173828125,-0.0002768337435554713,-0.9209961891174316,-0.021301714703440666,-0.38898858428001404,3.1171026070649175,0.0,0.0,0.0,0.0,0.0,0.0
1772565907609401460,304.55984896,-22.72910499572754,0.6726841330528259,-56.16314697265625,-0.001513332244940102,-0.9210816621780396,-0.020504089072346687,-0.3888264000415802,3.11474670907057,0.0,0.0,0.0,0.0,0.0,0.0
1772565907684279794,304.634727424,-22.788360595703125,0.6721011996269226,-56.104270935058594,-0.0023157894611358643,-0.9211677312850952,-0.019796401262283325,-0.38865524530410767,3.113437223751119,0.0,0.0,0.0,0.0,0.0,0.0
1772565907813416558,304.763864064,-22.843225479125977,0.6708336472511292,-56.04990005493164,-0.002964615821838379,-0.9212391376495361,-0.01901000738143921,-0.3885208070278168,3.112616069326965,0.0,0.0,0.0,0.0,0.0,0.0
1772565907886554302,304.837001984,-22.904253005981445,0.6681930422782898,-55.98979949951172,-0.0036285817623138428,-0.9213151931762695,-0.017668336629867554,-0.38839808106422424,3.1123703072791837,0.0,0.0,0.0,0.0,0.0,0.0
1772565908024492001,304.974939648,-22.950559616088867,0.6671527028083801,-55.94367599487305,-0.004249483346939087,-0.9213693737983704,-0.017231076955795288,-0.3882829248905182,3.1112316623829654,0.0,0.0,0.0,0.0,0.0,0.0
1772565908087398350,305.037846016,-22.9937744140625,0.6658634543418884,-55.90194320678711,-0.00437974976375699,-0.9214230179786682,-0.015797080472111702,-0.3882150948047638,3.1124879546129227,0.0,0.0,0.0,0.0,0.0,0.0
1772565908202626737,305.153074432,-23.032745361328125,0.6654977202415466,-55.86259841918945,-0.005066245328634977,-0.921461284160614,-0.015828458592295647,-0.3881148099899292,3.1106539870237135,0.0,0.0,0.0,0.0,0.0,0.0
1772565908300780868,305.251228416,-23.070077896118164,0.6650741696357727,-55.82654571533203,-0.005166590213775635,-0.9214901924133301,-0.014663279056549072,-0.38809043169021606,3.11168496974052,0.0,0.0,0.0,0.0,0.0,0.0
1772565908404314066,305.354761728,-23.09551239013672,0.6648358702659607,-55.79780960083008,-0.007177948951721191,-0.9214857816696167,-0.016411244869232178,-0.38799893856048584,3.10445540338741,0.0,0.0,0.0,0.0,0.0,0.0
1772565908526814171,305.477261824,-23.110349655151367,0.664888322353363,-55.782772064208984,-0.007509380578994751,-0.9214929938316345,-0.016451984643936157,-0.38797375559806824,3.103540000037118,0.0,0.0,0.0,0.0,0.0,0.0
1772565908619083345,305.56953088,-23.119197845458984,0.663510262966156,-55.77748489379883,-0.006004661321640015,-0.9215307235717773,-0.014169663190841675,-0.3880004286766052,3.1100327444055944,0.0,0.0,0.0,0.0,0.0,0.0
1772565908719140215,305.669587712,-23.12555503845215,0.66264408826828,-55.77162551879883,-0.005865544080734253,-0.9215493202209473,-0.01377260684967041,-0.3879726529121399,3.1108425742935086,0.0,0.0,0.0,0.0,0.0,0.0
1772565908841808206,305.792255744,-23.130258560180664,0.6621200442314148,-55.766605377197266,-0.0061088502407073975,-0.9215424060821533,-0.013974010944366455,-0.3879782557487488,3.1099774082598044,0.0,0.0,0.0,0.0,0.0,0.0
1772565908949508802,305.89995648,-23.130447387695312,0.6619371771812439,-55.768306732177734,-0.005252302158623934,-0.9214609861373901,-0.012408883310854435,-0.38823723793029785,3.1139474753149265,0.0,0.0,0.0,0.0,0.0,0.0
1772565909050216724,306.00066432,-23.126670837402344,0.6623124480247498,-55.771305084228516,-0.00552290678024292,-0.9215503334999084,-0.013163655996322632,-0.38799649477005005,3.112418726179439,0.0,0.0,0.0,0.0,0.0,0.0
1772565909176840461,306.127288064,-23.124765396118164,0.6629039645195007,-55.770484924316406,-0.006759762763977051,-0.9214708209037781,-0.014874637126922607,-0.38810402154922485,3.107249422172953,0.0,0.0,0.0,0.0,0.0,0.0
1772565909270007748,306.220455424,-23.126928329467773,0.6625614762306213,-55.76910400390625,-0.006405234336853027,-0.9215334057807922,-0.014452368021011353,-0.3879773020744324,3.108665944952019,0.0,0.0,0.0,0.0,0.0,0.0
1772565909372566180,306.323013888,-23.11811637878418,0.6645039916038513,-55.775020599365234,-0.007549256086349487,-0.921518862247467,-0.016427189111709595,-0.38791266083717346,3.103469901671112,0.0,0.0,0.0,0.0,0.0,0.0
1772565909506152693,306.45660032,-23.07189178466797,0.6669456362724304,-55.81758117675781,-0.008295892737805843,-0.9215545654296875,-0.019064096733927727,-0.3876917362213135,3.0986128984301424,0.0,0.0,0.0,0.0,0.0,0.0
1772565909593606060,306.54405376,-23.004980087280273,0.6679746508598328,-55.883872985839844,-0.0072019100189208984,-0.9216601848602295,-0.019407153129577637,-0.3874456286430359,3.1011471719400485,0.0,0.0,0.0,0.0,0.0,0.0
1772565909719329406,306.669776896,-22.935808181762695,0.6693379282951355,-55.954933166503906,-0.004627853631973267,-0.9217966198921204,-0.01839810609817505,-0.3872094452381134,3.109066087025279,0.0,0.0,0.0,0.0,0.0,0.0
1772565909813417273,306.763864832,-22.85091781616211,0.6710724234580994,-56.038299560546875,-0.0033941566944122314,-0.9219366312026978,-0.01960080862045288,-0.386829674243927,3.1110289452422415,0.0,0.0,0.0,0.0,0.0,0.0
1772565909937864234,306.888311808,-22.77838134765625,0.6726565957069397,-56.106529235839844,-0.0038711726665496826,-0.9220007061958313,-0.02243301272392273,-0.38651832938194275,3.10669412270813,0.0,0.0,0.0,0.0,0.0,0.0
1772565910020366777,306.970814464,-22.692474365234375,0.6743077635765076,-56.192020416259766,-0.0023755133152008057,-0.9221463799476624,-0.02304476499557495,-0.38614681363105774,3.109999557196706,0.0,0.0,0.0,0.0,0.0,0.0
1772565910138239754,307.08868736,-22.620746612548828,0.676346480846405,-56.263427734375,-0.0012000499991700053,-0.9222874641418457,-0.02368801459670067,-0.3857761323451996,3.112427285144322,0.0,0.0,0.0,0.0,0.0,0.0
1772565910249789392,307.200237056,-22.548568725585938,0.6771450638771057,-56.33492660522461,8.684396016178653e-05,-0.9224045872688293,-0.024318363517522812,-0.3854585886001587,3.1151530409142234,0.0,0.0,0.0,0.0,0.0,0.0
1772565910324705020,307.27515264,-22.47498893737793,0.6790520548820496,-56.40671157836914,0.0007371306419372559,-0.9225398302078247,-0.025059163570404053,-0.3850868046283722,3.1160942730280565,0.0,0.0,0.0,0.0,0.0,0.0
1772565910449399191,307.399846912,-22.403644561767578,0.6806420683860779,-56.48308563232422,0.004297763109207153,-0.9226775765419006,-0.02204272150993347,-0.3849180042743683,3.128748173835836,0.0,0.0,0.0,0.0,0.0,0.0
1772565910550849367,307.501296896,-22.352092742919922,0.6815959811210632,-56.53667068481445,0.006094812415540218,-0.9227661490440369,-0.020553914830088615,-0.38476353883743286,3.1351017481205665,0.0,0.0,0.0,0.0,0.0,0.0
1772565910651635627,307.602083328,-22.306535720825195,0.6823423504829407,-56.582481384277344,0.00693240761756897,-0.9228242039680481,-0.0206758975982666,-0.38460373878479004,3.137176510020451,0.0,0.0,0.0,0.0,0.0,0.0
1772565910749253662,307.699701248,-22.270919799804688,0.6826782822608948,-56.619022369384766,0.007985740900039673,-0.922887921333313,-0.020204931497573853,-0.38445550203323364,3.1404625235448163,0.0,0.0,0.0,0.0,0.0,0.0
1772565910849206860,307.7996544,-22.23965072631836,0.6807712912559509,-56.65253448486328,0.00932300090789795,-0.9229565858840942,-0.018183797597885132,-0.3843614161014557,-3.137005323789818,0.0,0.0,0.0,0.0,0.0,0.0
1772565910949071017,307.89951872,-22.219982147216797,0.6815430521965027,-56.6731071472168,0.009831160306930542,-0.9229881763458252,-0.01708027720451355,-0.38432344794273376,-3.134466989224545,0.0,0.0,0.0,0.0,0.0,0.0
1772565911090517945,308.040965632,-22.202064514160156,0.6810824275016785,-56.69129180908203,0.010171412490308285,-0.9228635430335999,-0.01733901910483837,-0.38460198044776917,-3.1338701468006156,0.0,0.0,0.0,0.0,0.0,0.0
1772565911162308350,308.112755968,-22.175376892089844,0.6819168925285339,-56.717140197753906,0.010218948125839233,-0.9225914478302002,-0.017269521951675415,-0.3852563798427582,-3.1336982739610324,0.0,0.0,0.0,0.0,0.0,0.0
1772565911274291943,308.224739584,-22.133317947387695,0.6843132376670837,-56.7591667175293,0.011330426670610905,-0.9226043820381165,-0.01770600862801075,-0.38517439365386963,-3.131255973353919,0.0,0.0,0.0,0.0,0.0,0.0
1772565911362712021,308.31315968,-22.05547523498535,0.6864845156669617,-56.8390007019043,0.013332754373550415,-0.9228345155715942,-0.0171089768409729,-0.3845856785774231,-3.125328688576657,0.0,0.0,0.0,0.0,0.0,0.0
1772565911474578593,308.425026304,-21.983566284179688,0.6917251944541931,-56.90972900390625,0.01324164867401123,-0.9225443005561829,-0.01838672161102295,-0.38522544503211975,-3.126987562683123,0.0,0.0,0.0,0.0,0.0,0.0
1772565911586380781,308.536828416,-21.911956787109375,0.695697009563446,-56.9796142578125,0.01273760199546814,-0.9217633008956909,-0.019387096166610718,-0.38705873489379883,-3.12948802947829,0.0,0.0,0.0,0.0,0.0,0.0
1772565911736109929,308.68655744,-21.833126068115234,0.7011262774467468,-57.06216812133789,0.013172030448913574,-0.9198451042175293,-0.018496036529541016,-0.3916241526603699,-3.12752911854752,0.0,0.0,0.0,0.0,0.0,0.0
1772565911844368106,308.794815744,-21.749313354492188,0.7050899863243103,-57.14775085449219,0.012522459030151367,-0.9167690873146057,-0.01716861128807068,-0.3988519608974457,-3.127998982519576,0.0,0.0,0.0,0.0,0.0,0.0
1772565911937596792,308.888044288,-21.680023193359375,0.7065600752830505,-57.206748962402344,0.011889783665537834,-0.9138597846031189,-0.01107820775359869,-0.4057047963142395,-3.1225915793939714,0.0,0.0,0.0,0.0,0.0,0.0
1772565912037533435,308.987981056,-21.621837615966797,0.7054030299186707,-57.259403228759766,0.013505935668945312,-0.9112669825553894,-0.0029844939708709717,-0.4115837812423706,-3.108074360083118,0.0,0.0,0.0,0.0,0.0,0.0
1772565912140815327,309.091262976,-21.5706787109375,0.7059614062309265,-57.30378341674805,0.014883667230606079,-0.9100531339645386,-0.0024158358573913574,-0.41421738266944885,-3.1033901959744954,0.0,0.0,0.0,0.0,0.0,0.0
1772565912240839143,309.191286784,-21.518827438354492,0.7073599696159363,-57.34376525878906,0.012705564498901367,-0.9097371697425842,-0.007835030555725098,-0.4149162173271179,-3.1162447991406528,0.0,0.0,0.0,0.0,0.0,0.0
1772565912330935998,309.28138368,-21.47921371459961,0.7087129950523376,-57.38127899169922,0.013588011264801025,-0.9093254804611206,-0.00797945261001587,-0.4157872200012207,-3.1139546596310015,0.0,0.0,0.0,0.0,0.0,0.0
1772565912440550063,309.39099776,-21.441495895385742,0.7111546397209167,-57.4166374206543,0.014736832119524479,-0.9092363715171814,-0.006402492988854647,-0.4159700572490692,-3.108747667244405,0.0,0.0,0.0,0.0,0.0,0.0
1772565912549514552,309.499962112,-21.409149169921875,0.713549792766571,-57.44517135620117,0.01501917652785778,-0.9092848300933838,-0.005400180350989103,-0.4158684015274048,-3.1066926159592176,0.0,0.0,0.0,0.0,0.0,0.0
1772565912628800389,309.579248128,-21.377670288085938,0.714880645275116,-57.47280502319336,0.015189258381724358,-0.9093338251113892,-0.004606067668646574,-0.41576439142227173,-3.105216134784398,0.0,0.0,0.0,0.0,0.0,0.0
1772565912747268592,309.697716224,-21.360225677490234,0.7164766192436218,-57.49053955078125,0.01651972532272339,-0.9093698859214783,-0.002651602029800415,-0.41565197706222534,-3.099043201244839,0.0,0.0,0.0,0.0,0.0,0.0
1772565912842583200,309.793030912,-21.344863891601562,0.7166935801506042,-57.50809860229492,0.018497435376048088,-0.9093531370162964,0.0004964470281265676,-0.4156132936477661,-3.089557034932342,0.0,0.0,0.0,0.0,0.0,0.0
1772565912971977240,309.922424832,-21.336318969726562,0.7172197699546814,-57.51815414428711,0.019498946145176888,-0.9093388915061951,0.0030587916262447834,-0.4155878722667694,-3.0835302298741665,0.0,0.0,0.0,0.0,0.0,0.0
1772565913082268159,310.032715776,-21.330795288085938,0.7173509001731873,-57.52545166015625,0.02051815390586853,-0.9093073010444641,0.00535959005355835,-0.415584534406662,-3.0777861983652253,0.0,0.0,0.0,0.0,0.0,0.0
1772565913196394630,310.146842368,-21.3261775970459,0.7177831530570984,-57.53217315673828,0.021689802408218384,-0.9092452526092529,0.007447719573974609,-0.41562867164611816,-3.0718830703285294,0.0,0.0,0.0,0.0,0.0,0.0
1772565913274058257,310.224505856,-21.323007583618164,0.7180103659629822,-57.53593444824219,0.02223452739417553,-0.9092284440994263,0.008313684724271297,-0.4156201183795929,-3.0692768118557634,0.0,0.0,0.0,0.0,0.0,0.0
1772565913403359639,310.35380736,-21.320537567138672,0.718362033367157,-57.53782272338867,0.022171078249812126,-0.9092250466346741,0.008101045154035091,-0.4156351387500763,-3.06971924091758,0.0,0.0,0.0,0.0,0.0,0.0
1772565913490377618,310.440825344,-21.319625854492188,0.7184259295463562,-57.537269592285156,0.02153077721595764,-0.9092283844947815,0.006921231746673584,-0.4156830310821533,-3.072981821697552,0.0,0.0,0.0,0.0,0.0,0.0
1772565913616122334,310.566569984,-21.321317672729492,0.718390166759491,-57.53209686279297,0.01999405026435852,-0.9093217849731445,0.004149526357650757,-0.4155922830104828,-3.0807728287984055,0.0,0.0,0.0,0.0,0.0,0.0
1772565913734543245,310.684990976,-21.32466697692871,0.7180740237236023,-57.522216796875,0.016898691654205322,-0.9094210267066956,-0.001253962516784668,-0.41553133726119995,-3.096226927033691,0.0,0.0,0.0,0.0,0.0,0.0
1772565913826378741,310.776826368,-21.32874298095703,0.7176349759101868,-57.512332916259766,0.01429295539855957,-0.9094894528388977,-0.006520658731460571,-0.4154301881790161,-3.1101544011376157,0.0,0.0,0.0,0.0,0.0,0.0
1772565913935458973,310.885906688,-21.342905044555664,0.7166597247123718,-57.49942398071289,0.0144118070602417,-0.9095357656478882,-0.007301509380340576,-0.4153116047382355,-3.1108190321740765,0.0,0.0,0.0,0.0,0.0,0.0
1772565914037529867,310.987977472,-21.35792350769043,0.7163318991661072,-57.48519515991211,0.013895422220230103,-0.9095978736877441,-0.0076933205127716064,-0.4151861071586609,-3.1127543036210916,0.0,0.0,0.0,0.0,0.0,0.0
1772565914139775980,311.090223616,-21.377946853637695,0.7144772410392761,-57.468711853027344,0.014435825869441032,-0.9096406698226929,-0.006443976424634457,-0.4150950312614441,-3.1096738936869808,0.0,0.0,0.0,0.0,0.0,0.0
1772565914225745820,311.176193536,-21.393070220947266,0.713375985622406,-57.455020904541016,0.014434484764933586,-0.9096439480781555,-0.00738182570785284,-0.415072500705719,-3.1108663089400013,0.0,0.0,0.0,0.0,0.0,0.0
1772565914332309428,311.28275712,-21.397794723510742,0.7139655947685242,-57.448917388916016,0.013790547847747803,-0.9097045063972473,-0.008300870656967163,-0.41494426131248474,-3.1138218388965564,0.0,0.0,0.0,0.0,0.0,0.0
1772565914449892988,311.40034048,-21.362689971923828,0.7167304158210754,-57.48015594482422,0.013786017894744873,-0.9097000956535339,-0.007699817419052124,-0.41496551036834717,-3.1130729265176993,0.0,0.0,0.0,0.0,0.0,0.0
1772565914549454690,311.499902208,-21.279390335083008,0.7219321131706238,-57.55204772949219,0.013761816546320915,-0.909983217716217,-0.008074759505689144,-0.4143379032611847,-3.113631719973534,0.0,0.0,0.0,0.0,0.0,0.0
1772565914709333557,311.65978112,-21.185819625854492,0.7198956608772278,-57.635887145996094,0.014565795660018921,-0.9101587533950806,-0.0036505162715911865,-0.41398751735687256,-3.105841034352146,0.0,0.0,0.0,0.0,0.0,0.0
1772565914777759201,311.728206848,-21.108308792114258,0.7152025103569031,-57.711517333984375,0.018049567937850952,-0.910215437412262,0.0042407214641571045,-0.41371995210647583,-3.0862977658645723,0.0,0.0,0.0,0.0,0.0,0.0
1772565914874146870,311.824594432,-21.02766990661621,0.7140607237815857,-57.78289794921875,0.01853901334106922,-0.9102684855461121,0.005689323414117098,-0.41356411576271057,-3.0831469801724816,0.0,0.0,0.0,0.0,0.0,0.0
1772565915021266670,311.971714304,-20.929683685302734,0.7172934412956238,-57.87029266357422,0.020103782415390015,-0.9101309180259705,0.005260854959487915,-0.413799524307251,-3.0793220620433686,0.0,0.0,0.0,0.0,0.0,0.0
1772565915132320448,312.082768128,-20.84210968017578,0.7204498648643494,-57.94861602783203,0.021825045347213745,-0.9099622964859009,0.0053195953369140625,-0.41408228874206543,-3.0744416202915743,0.0,0.0,0.0,0.0,0.0,0.0
1772565915232466789,312.182914304,-20.726871490478516,0.7215196490287781,-58.04969024658203,0.022289514541625977,-0.9097962379455566,0.004262179136276245,-0.4144344925880432,-3.0744306978115534,0.0,0.0,0.0,0.0,0.0,0.0
1772565915333420269,312.283867904,-20.619937896728516,0.7189218401908875,-58.13975143432617,0.020428985357284546,-0.9098426699638367,0.0025994181632995605,-0.41444218158721924,-3.081678952397619,0.0,0.0,0.0,0.0,0.0,0.0
1772565915435981489,312.386429184,-20.487491607666016,0.7205845713615417,-58.25722885131836,0.02104008197784424,-0.9089371562004089,0.003516256809234619,-0.4163872003555298,-3.0785568580734846,0.0,0.0,0.0,0.0,0.0,0.0
1772565915538321255,312.488768768,-20.356769561767578,0.7254838347434998,-58.37013244628906,0.023166805505752563,-0.9068582653999329,0.0032264888286590576,-0.4207862317562103,-3.072328600761104,0.0,0.0,0.0,0.0,0.0,0.0
1772565915650952793,312.60140032,-20.207895278930664,0.7314050793647766,-58.493167877197266,0.024458497762680054,-0.9036003351211548,0.004609853029251099,-0.4276529550552368,-3.065685078879278,0.0,0.0,0.0,0.0,0.0,0.0
1772565915797379115,312.747826688,-20.0042724609375,0.7281047701835632,-58.646644592285156,0.019776880741119385,-0.8992494344711304,0.0024568140506744385,-0.43698206543922424,-3.080571497719818,0.0,0.0,0.0,0.0,0.0,0.0
1772565915873591733,312.824039424,-19.811677932739258,0.7373203635215759,-58.79164505004883,0.018344253301620483,-0.8969635963439941,0.0027976930141448975,-0.4417148530483246,-3.083572731094479,0.0,0.0,0.0,0.0,0.0,0.0
1772565915981221302,312.931668992,-19.665578842163086,0.7446193099021912,-58.9027214050293,0.014704644680023193,-0.8965814113616943,0.0038147568702697754,-0.44261831045150757,-3.0926888515756796,0.0,0.0,0.0,0.0,0.0,0.0
1772565916083580755,313.034028288,-19.53093147277832,0.7438949942588806,-58.996273040771484,0.005530059337615967,-0.8963497877120972,0.0034619271755218506,-0.44329971075057983,-3.1202038135935886,0.0,0.0,0.0,0.0,0.0,0.0
1772565916194802723,313.145250304,-19.409072875976562,0.7422495484352112,-59.07803726196289,-0.004495322238653898,-0.8960497379302979,0.0026422140654176474,-0.4439230263233185,3.132167450791875,0.0,0.0,0.0,0.0,0.0,0.0
1772565916282731111,313.233178624,-19.345264434814453,0.7406491637229919,-59.1302490234375,-0.002911895513534546,-0.8955732583999634,0.0012426376342773438,-0.4449028968811035,3.1347894404784205,0.0,0.0,0.0,0.0,0.0,0.0
1772565916423578580,313.37402624,-19.31504249572754,0.7406682372093201,-59.15593338012695,-0.0008994340896606445,-0.8953598737716675,3.0994415283203125e-05,-0.4453425705432892,3.1389688790385386,0.0,0.0,0.0,0.0,0.0,0.0
1772565916507422912,313.457870592,-19.30756187438965,0.7404558062553406,-59.1649055480957,0.0016328394412994385,-0.8952196836471558,-0.0005578696727752686,-0.4456217288970947,-3.137567869993922,0.0,0.0,0.0,0.0,0.0,0.0
1772565916610404168,313.560851712,-19.303157806396484,0.7400643229484558,-59.16871643066406,0.00216558575630188,-0.8952393531799316,-0.000682830810546875,-0.4455799460411072,-3.1361707781269224,0.0,0.0,0.0,0.0,0.0,0.0
1772565916751779101,313.702226688,-19.2984561920166,0.739827573299408,-59.17161178588867,0.0011708736419677734,-0.8951016068458557,-0.0005024373531341553,-0.44586050510406494,-3.1388568889158166,0.0,0.0,0.0,0.0,0.0,0.0
1772565916842770484,313.793218048,-19.298871994018555,0.739623486995697,-59.169654846191406,0.0002867281436920166,-0.8948990702629089,-0.00020167231559753418,-0.4462684392929077,-3.141038903046143,0.0,0.0,0.0,0.0,0.0,0.0
1772565916947341400,313.897788928,-19.326860427856445,0.7400264143943787,-59.14641571044922,-0.0026130080223083496,-0.8947507739067078,0.00048297643661499023,-0.4465580880641937,3.1345320226983118,0.0,0.0,0.0,0.0,0.0,0.0
1772565917051571116,314.002018816,-19.356929779052734,0.740326464176178,-59.12726593017578,7.605552673339844e-05,-0.8947374820709229,0.0008276998996734619,-0.4465917646884918,-3.140136373885366,0.0,0.0,0.0,0.0,0.0,0.0
1772565917149609893,314.1000576,-19.382598876953125,0.7405135035514832,-59.111759185791016,0.003381788730621338,-0.8947017788887024,0.0004634559154510498,-0.44665104150772095,-3.130835041854664,0.0,0.0,0.0,0.0,0.0,0.0
1772565917303375244,314.253822976,-19.411663055419922,0.7409030795097351,-59.09469223022461,0.007331669330596924,-0.8946502208709717,0.000519484281539917,-0.4467069208621979,-3.118988804613396,0.0,0.0,0.0,0.0,0.0,0.0
1772565917421372343,314.371820032,-19.435020446777344,0.7411476969718933,-59.08210754394531,0.011641532182693481,-0.8945475220680237,-5.289912223815918e-05,-0.4468212127685547,-3.10699707254514,0.0,0.0,0.0,0.0,0.0,0.0
1772565917498792416,314.449240064,-19.454877853393555,0.7399541735649109,-59.0714225769043,0.015520334243774414,-0.8944963812828064,-0.0004146099090576172,-0.4468057155609131,-3.095984384186947,0.0,0.0,0.0,0.0,0.0,0.0
1772565917649623255,314.600070912,-19.475217819213867,0.741131603717804,-59.062992095947266,0.021715698763728142,-0.8944013714790344,-0.0010223089484497905,-0.44673648476600647,-3.078447705589255,0.0,0.0,0.0,0.0,0.0,0.0
1772565917740047298,314.690494976,-19.50078773498535,0.7409300208091736,-59.044132232666016,0.021706819534301758,-0.8942942023277283,-0.0008163154125213623,-0.4469519257545471,-3.078136290971406,0.0,0.0,0.0,0.0,0.0,0.0
1772565917849558445,314.800006144,-19.525638580322266,0.7416965365409851,-59.02635955810547,0.02162611484527588,-0.8942198157310486,4.1812658309936523e-05,-0.44710537791252136,-3.077078447601192,0.0,0.0,0.0,0.0,0.0,0.0
1772565917930065143,314.880512768,-19.549673080444336,0.7414187788963318,-59.00921630859375,0.022062629461288452,-0.8941465020179749,0.00016260147094726562,-0.4472306966781616,-3.0755782783574577,0.0,0.0,0.0,0.0,0.0,0.0
1772565918052068829,315.00251648,-19.574670791625977,0.7419211268424988,-58.989803314208984,0.020687997341156006,-0.8941431641578674,0.0012681782245635986,-0.4473012089729309,-3.0780200171864536,0.0,0.0,0.0,0.0,0.0,0.0
1772565918151059933,315.101507584,-19.601613998413086,0.7415584921836853,-58.969093322753906,0.019888876006007195,-0.8941103219985962,0.001679181819781661,-0.4474017024040222,-3.0797747771898734,0.0,0.0,0.0,0.0,0.0,0.0
1772565918252611200,315.203058688,-19.623666763305664,0.7419881224632263,-58.95433044433594,0.02070850133895874,-0.894005298614502,0.0022738873958587646,-0.44757187366485596,-3.076417938261556,0.0,0.0,0.0,0.0,0.0,0.0
1772565918355465926,315.3059136,-19.642745971679688,0.7423575520515442,-58.94268798828125,0.022832751274108887,-0.8938849568367004,0.0020329058170318604,-0.4477100372314453,-3.07041693824465,0.0,0.0,0.0,0.0,0.0,0.0
1772565918475690895,315.426138624,-19.668947219848633,0.7406081557273865,-58.925071716308594,0.02428695559501648,-0.8937876224517822,0.0020749568939208984,-0.44782769680023193,-3.0659939910989227,0.0,0.0,0.0,0.0,0.0,0.0
1772565918586752805,315.537200384,-19.704744338989258,0.739711582660675,-58.89820861816406,0.023524820804595947,-0.8936447501182556,0.002047300338745117,-0.44815346598625183,-3.0682483633107687,0.0,0.0,0.0,0.0,0.0,0.0
1772565918688187670,315.638635264,-19.74570655822754,0.7375854849815369,-58.8668098449707,0.022628160193562508,-0.8935607671737671,0.0020298066083341837,-0.448367178440094,-3.0709135200486566,0.0,0.0,0.0,0.0,0.0,0.0
1772565918829728336,315.780175872,-19.783241271972656,0.7343752980232239,-58.83779525756836,0.021617889404296875,-0.8934993147850037,0.0018347501754760742,-0.44854018092155457,-3.074193948618705,0.0,0.0,0.0,0.0,0.0,0.0
1772565918898866360,315.849314048,-19.823095321655273,0.7324053645133972,-58.807743072509766,0.020876705646514893,-0.8934340476989746,0.002169996500015259,-0.44870391488075256,-3.0758801250196455,0.0,0.0,0.0,0.0,0.0,0.0
1772565919002845119,315.9532928,-19.856306076049805,0.7314667105674744,-58.78479766845703,0.02228701114654541,-0.8932876586914062,0.0016613304615020752,-0.4489296078681946,-3.072384847911113,0.0,0.0,0.0,0.0,0.0,0.0
1772565919138074842,316.088522496,-19.863391876220703,0.7307665944099426,-58.780426025390625,0.021345704793930054,-0.8927580118179321,0.001820892095565796,-0.45002686977386475,-3.07477426365185,0.0,0.0,0.0,0.0,0.0,0.0
1772565919246712024,316.19715968,-19.858091354370117,0.7313300967216492,-58.78395080566406,0.02148345112800598,-0.8924880027770996,0.0017854273319244385,-0.45055586099624634,-3.074322990330306,0.0,0.0,0.0,0.0,0.0,0.0
1772565919341523257,316.291970816,-19.84630012512207,0.7317485213279724,-58.792728424072266,0.021464824676513672,-0.8924347758293152,0.0017605721950531006,-0.4506622552871704,-3.0743981148046395,0.0,0.0,0.0,0.0,0.0,0.0
1772565919447735147,316.398182656,-19.825267791748047,0.7315441966056824,-58.80830001831055,0.02126273699104786,-0.892367959022522,0.0018087924690917134,-0.45080387592315674,-3.0749079986422796,0.0,0.0,0.0,0.0,0.0,0.0
1772565919549610038,316.5000576,-19.799968719482422,0.734596312046051,-58.82921600341797,0.022419480606913567,-0.8921754360198975,0.0017357466276735067,-0.45112887024879456,-3.071482892807498,0.0,0.0,0.0,0.0,0.0,0.0
1772565919650066259,316.600513792,-19.771608352661133,0.7353675961494446,-58.8507080078125,0.02246752381324768,-0.8920391201972961,0.0018316209316253662,-0.4513956904411316,-3.0711444149885145,0.0,0.0,0.0,0.0,0.0,0.0
1772565919749168823,316.699616512,-19.743494033813477,0.7374119162559509,-58.873294830322266,0.023405879735946655,-0.8917704224586487,0.001709073781967163,-0.4518791437149048,-3.0684147572001814,0.0,0.0,0.0,0.0,0.0,0.0
1772565919849346197,316.79979392,-19.705121994018555,0.7399019598960876,-58.902557373046875,0.023248612880706787,-0.8915690183639526,0.0018891692161560059,-0.45228397846221924,-3.068537865141792,0.0,0.0,0.0,0.0,0.0,0.0
1772565919996390416,316.946838016,-19.673728942871094,0.7403568625450134,-58.927215576171875,0.024128466844558716,-0.8913625478744507,0.0017981231212615967,-0.4526449739933014,-3.065951787538377,0.0,0.0,0.0,0.0,0.0,0.0
1772565920101560585,317.052008192,-19.631803512573242,0.741601288318634,-58.95867919921875,0.02417615056037903,-0.891093909740448,0.00164717435836792,-0.4531715214252472,-3.065935292793662,0.0,0.0,0.0,0.0,0.0,0.0
1772565920195167824,317.14561536,-19.5847225189209,0.741110622882843,-58.99214553833008,0.02309510111808777,-0.8909509181976318,0.0008733868598937988,-0.4535110890865326,-3.0703279094261053,0.0,0.0,0.0,0.0,0.0,0.0
1772565920311118537,317.261566208,-19.53276252746582,0.7412287592887878,-59.02897262573242,0.02201777696609497,-0.8907395601272583,-0.00021654367446899414,-0.453980416059494,-3.075185103302714,0.0,0.0,0.0,0.0,0.0,0.0
1772565920449439581,317.399887104,-19.479721069335938,0.7406464219093323,-59.06700897216797,0.021163640543818474,-0.8905526995658875,-0.0009740291861817241,-0.4543866515159607,-3.0788783823607693,0.0,0.0,0.0,0.0,0.0,0.0
1772565920549946740,317.50039424,-19.422826766967773,0.7407199740409851,-59.10744094848633,0.020148364827036858,-0.8904234766960144,-0.001951098209246993,-0.45468252897262573,-3.083427181947163,0.0,0.0,0.0,0.0,0.0,0.0
1772565920702239677,317.65268736,-19.364669799804688,0.7404794096946716,-59.14863586425781,0.019187064841389656,-0.8902456164360046,-0.0031403901521116495,-0.45506569743156433,-3.088140727233494,0.0,0.0,0.0,0.0,0.0,0.0
1772565920800986773,317.751434496,-19.31310272216797,0.7404324412345886,-59.184566497802734,0.017908364534378052,-0.8900566697120667,-0.003915250301361084,-0.45548123121261597,-3.0931864474181126,0.0,0.0,0.0,0.0,0.0,0.0
1772565920919943842,317.870391552,-19.261940002441406,0.7400917410850525,-59.220252990722656,0.01685759425163269,-0.8898866176605225,-0.004795849323272705,-0.45584502816200256,-3.0977213589312678,0.0,0.0,0.0,0.0,0.0,0.0
1772565921003975792,317.954423296,-19.201696395874023,0.7398129105567932,-59.2626953125,0.015981346368789673,-0.8896771669387817,-0.0059136152267456055,-0.45627209544181824,-3.102101588293857,0.0,0.0,0.0,0.0,0.0,0.0
1772565921117044028,318.067491584,-19.148771286010742,0.7389232516288757,-59.29954147338867,0.014585614204406738,-0.8895269632339478,-0.0064598023891448975,-0.45660415291786194,-3.1071924761643612,0.0,0.0,0.0,0.0,0.0,0.0
1772565921201836503,318.15228416,-19.0938777923584,0.7378739714622498,-59.33871078491211,0.014194726943969727,-0.8893723487854004,-0.007263302803039551,-0.4569053649902344,-3.109628949884489,0.0,0.0,0.0,0.0,0.0,0.0
1772565921293823899,318.244271616,-19.031381607055664,0.7368921637535095,-59.382625579833984,0.013075144030153751,-0.8891636729240417,-0.00829747412353754,-0.4573271572589874,-3.11465800002724,0.0,0.0,0.0,0.0,0.0,0.0
1772565921408568514,318.359016192,-18.942014694213867,0.7366899847984314,-59.44571304321289,0.011426270008087158,-0.8887805342674255,-0.009509056806564331,-0.45809206366539,-3.1215987741839006,0.0,0.0,0.0,0.0,0.0,0.0
1772565921546444919,318.496892416,-18.855960845947266,0.7359094023704529,-59.503204345703125,0.009787827730178833,-0.8879766464233398,-0.011091828346252441,-0.45965057611465454,-3.1291446512209204,0.0,0.0,0.0,0.0,0.0,0.0
1772565921635675484,318.586123008,-18.78522491455078,0.7393268942832947,-59.55517578125,0.010228097438812256,-0.8874670267105103,-0.013058781623840332,-0.46057265996932983,-3.130950528337692,0.0,0.0,0.0,0.0,0.0,0.0
1772565921750276517,318.700724224,-18.71588134765625,0.741405189037323,-59.60246276855469,0.010316372849047184,-0.8874709606170654,-0.014981777407228947,-0.46050456166267395,-3.133753773497093,0.0,0.0,0.0,0.0,0.0,0.0
1772565921857898203,318.808345856,-18.666547775268555,0.7435703873634338,-59.63711166381836,0.010778695344924927,-0.887511134147644,-0.015521585941314697,-0.46039876341819763,-3.13318732591643,0.0,0.0,0.0,0.0,0.0,0.0
1772565922006512489,318.95696,-18.629728317260742,0.7463435530662537,-59.66205596923828,0.010645687580108643,-0.8875352144241333,-0.016698092222213745,-0.4603142738342285,-3.135474441040194,0.0,0.0,0.0,0.0,0.0,0.0
1772565922105536595,319.055984128,-18.608469009399414,0.7460539937019348,-59.67750930786133,0.011002302169799805,-0.8875666260719299,-0.016178280115127563,-0.46026381850242615,-3.133541760308849,0.0,0.0,0.0,0.0,0.0,0.0
1772565922218989838,319.16943744,-18.5961971282959,0.7476047873497009,-59.685604095458984,0.010941922664642334,-0.8875855803489685,-0.016906648874282837,-0.46020251512527466,-3.1348886558395397,0.0,0.0,0.0,0.0,0.0,0.0
1772565922310094190,319.260541696,-18.601974487304688,0.7466568350791931,-59.6815185546875,0.010609954595565796,-0.8875094652175903,-0.017006784677505493,-0.46035343408584595,-3.1360805173638093,0.0,0.0,0.0,0.0,0.0,0.0
1772565922418486703,319.3689344,-18.619626998901367,0.7456676363945007,-59.670143127441406,0.01119503378868103,-0.887509822845459,-0.01629692316055298,-0.4603644609451294,-3.13314253752917,0.0,0.0,0.0,0.0,0.0,0.0
1772565922539927463,319.490375168,-18.64038848876953,0.7457289099693298,-59.655738830566406,0.011156678199768066,-0.8875795602798462,-0.015240639448165894,-0.4602672755718231,-3.1315673865425753,0.0,0.0,0.0,0.0,0.0,0.0
1772565922650067871,319.600515584,-18.662446975708008,0.7437052130699158,-59.638729095458984,0.010423123836517334,-0.8875778913497925,-0.016350358724594116,-0.46024954319000244,-3.135600647013915,0.0,0.0,0.0,0.0,0.0,0.0
1772565922749760597,319.700208128,-18.681896209716797,0.7438916563987732,-59.62450408935547,0.010207921266555786,-0.8876208066940308,-0.016197174787521362,-0.46017688512802124,-3.1360147400962526,0.0,0.0,0.0,0.0,0.0,0.0
1772565922850186234,319.800633856,-18.694820404052734,0.743097722530365,-59.61524200439453,0.009980380535125732,-0.8876348733901978,-0.016066312789916992,-0.46015921235084534,-3.136505580800093,0.0,0.0,0.0,0.0,0.0,0.0
1772565922989431345,319.939878912,-18.71064567565918,0.7409831881523132,-59.604400634765625,0.010138899087905884,-0.8876537084579468,-0.015446782112121582,-0.4601407051086426,-3.1350266473712924,0.0,0.0,0.0,0.0,0.0,0.0
1772565923121372284,320.071819776,-18.72235679626465,0.7408227324485779,-59.59632873535156,0.01004615519195795,-0.8876332640647888,-0.015418858267366886,-0.46018317341804504,-3.135269901272776,0.0,0.0,0.0,0.0,0.0,0.0
1772565923235387720,320.185835264,-18.72586441040039,0.7408701777458191,-59.59442138671875,0.010119825601577759,-0.8875872492790222,-0.01517447829246521,-0.46027857065200806,-3.1346571608827913,0.0,0.0,0.0,0.0,0.0,0.0
1772565923339556581,320.290004224,-18.72866439819336,0.7407605051994324,-59.59325408935547,0.010283082723617554,-0.8874763250350952,-0.014945268630981445,-0.4604962170124054,-3.133797607208397,0.0,0.0,0.0,0.0,0.0,0.0
1772565923436848215,320.387295744,-18.726919174194336,0.7405543923377991,-59.594810485839844,0.01015627384185791,-0.8869200348854065,-0.015126436948776245,-0.4615636467933655,-3.1345300299594876,0.0,0.0,0.0,0.0,0.0,0.0
1772565923514795773,320.465243392,-18.723289489746094,0.7404890656471252,-59.597320556640625,0.010213106870651245,-0.8865278959274292,-0.015457689762115479,-0.46230417490005493,-3.134925228552326,0.0,0.0,0.0,0.0,0.0,0.0
1772565923618825339,320.569272832,-18.69510269165039,0.7436975836753845,-59.616477966308594,0.009748250246047974,-0.8866013288497925,-0.016908079385757446,-0.4621225595474243,-3.1386968590941957,0.0,0.0,0.0,0.0,0.0,0.0
1772565923749751640,320.700199168,-18.624372482299805,0.7469784617424011,-59.66571807861328,0.010263861157000065,-0.8867058157920837,-0.01788044162094593,-0.46187424659729004,-3.1386526510653248,0.0,0.0,0.0,0.0,0.0,0.0
1772565923822622199,320.773069824,-18.5441837310791,0.7512804865837097,-59.7210578918457,0.010709226131439209,-0.8868700861930847,-0.019002318382263184,-0.46150386333465576,-3.1390550156928025,0.0,0.0,0.0,0.0,0.0,0.0
1772565923932818385,320.883266048,-18.4465389251709,0.7559570670127869,-59.7889289855957,0.011488557793200016,-0.887042760848999,-0.02001527138054371,-0.46111026406288147,-3.138245024270587,0.0,0.0,0.0,0.0,0.0,0.0
1772565924050373627,321.000821248,-18.348072052001953,0.7619091868400574,-59.85625076293945,0.011560231447219849,-0.8872712850570679,-0.02154707908630371,-0.4605993926525116,-3.140437030233558,0.0,0.0,0.0,0.0,0.0,0.0
1772565924188185334,321.13863296,-18.265592575073242,0.7655401825904846,-59.91188049316406,0.010982543230056763,-0.8873880505561829,-0.02331632375717163,-0.46030235290527344,3.1381663581890384,0.0,0.0,0.0,0.0,0.0,0.0
1772565924309403048,321.259850752,-18.16400146484375,0.7673158049583435,-59.982872009277344,0.010444850660860538,-0.887684166431427,-0.021705420687794685,-0.45982247591018677,3.1391350362467905,0.0,0.0,0.0,0.0,0.0,0.0
1772565924402937873,321.353385472,-18.08065414428711,0.7699313759803772,-60.04927444458008,0.013187199831008911,-0.8879619836807251,-0.013886243104934692,-0.459518164396286,-3.123135042056375,0.0,0.0,0.0,0.0,0.0,0.0
1772565924541335639,321.491783168,-17.963356018066406,0.7761839032173157,-60.13766098022461,0.015426963567733765,-0.8882443904876709,-0.010441511869430542,-0.45899343490600586,-3.11078011396217,0.0,0.0,0.0,0.0,0.0,0.0
1772565924649425678,321.59987328,-17.865205764770508,0.7812952399253845,-60.2120475769043,0.01793360523879528,-0.8885151743888855,-0.006652115844190121,-0.4584485590457916,-3.097116051826885,0.0,0.0,0.0,0.0,0.0,0.0
1772565924746548217,321.69699584,-17.764162063598633,0.7821579575538635,-60.291587829589844,0.019412368535995483,-0.8888022899627686,0.0019429028034210205,-0.45787543058395386,-3.079105021117925,0.0,0.0,0.0,0.0,0.0,0.0
1772565924849618594,321.800066304,-17.700292587280273,0.7822462916374207,-60.344261169433594,0.017338931560516357,-0.8892683982849121,0.016559213399887085,-0.45675691962242126,-3.062798135766823,0.0,0.0,0.0,0.0,0.0,0.0
1772565924950171494,321.900619008,-17.684717178344727,0.7916795611381531,-60.35199737548828,0.01063549518585205,-0.8891323208808899,0.02283117175102234,-0.4569566249847412,-3.073369080385428,0.0,0.0,0.0,0.0,0.0,0.0
1772565925051302208,322.00174976,-17.719968795776367,0.7898308634757996,-60.329986572265625,0.01304963231086731,-0.8888652920722961,0.02091696858406067,-0.45750486850738525,-3.0688551327476152,0.0,0.0,0.0,0.0,0.0,0.0
1772565925154187629,322.104635136,-17.763139724731445,0.7802919745445251,-60.29754638671875,0.01983305811882019,-0.8881961107254028,0.00595402717590332,-0.45899754762649536,-3.071281016294355,0.0,0.0,0.0,0.0,0.0,0.0
1772565925277721565,322.228169216,-17.789987564086914,0.7837685942649841,-60.267459869384766,0.017673462629318237,-0.8879838585853577,-0.008075147867202759,-0.45946410298347473,-3.100090797698549,0.0,0.0,0.0,0.0,0.0,0.0
1772565925362115618,322.3125632,-17.82072639465332,0.7841804623603821,-60.243221282958984,0.01665884256362915,-0.8880245089530945,-0.010153979063034058,-0.4593820571899414,-3.106521368252277,0.0,0.0,0.0,0.0,0.0,0.0
1772565925474182278,322.424630016,-17.856517791748047,0.7793070673942566,-60.2243766784668,0.018729567527770996,-0.8875654935836792,-0.003536224365234375,-0.4602871239185333,-3.089531260689194,0.0,0.0,0.0,0.0,0.0,0.0
1772565925594997302,322.545444864,-17.872665405273438,0.7795242667198181,-60.218387603759766,0.019006015732884407,-0.8853297233581543,-0.0026923122350126505,-0.46456730365753174,-3.086767614839195,0.0,0.0,0.0,0.0,0.0,0.0
1772565925690320215,322.640767744,-17.8717041015625,0.779613196849823,-60.22032165527344,0.01848316192626953,-0.8832595348358154,-0.0037675797939300537,-0.4685049057006836,-3.0896682946549197,0.0,0.0,0.0,0.0,0.0,0.0
1772565925812706763,322.763154432,-17.862489700317383,0.779336154460907,-60.2313232421875,0.01885288953781128,-0.8810957670211792,-0.002830713987350464,-0.47255367040634155,-3.086377571783422,0.0,0.0,0.0,0.0,0.0,0.0
1772565925913795334,322.864242944,-17.84848403930664,0.778751790523529,-60.24507522583008,0.01982295513153076,-0.8802065849304199,0.001950681209564209,-0.4741726815700531,-3.074823664571813,0.0,0.0,0.0,0.0,0.0,0.0
1772565926027430346,322.977878016,-17.854520797729492,0.7800881266593933,-60.24644470214844,0.01938021183013916,-0.8799538016319275,0.011091172695159912,-0.47453421354293823,-3.0604539792176846,0.0,0.0,0.0,0.0,0.0,0.0
1772565926151242721,323.101690368,-17.908491134643555,0.784851610660553,-60.21042251586914,0.01630428433418274,-0.8800127506256104,0.0169488787651062,-0.47436755895614624,-3.060275512431015,0.0,0.0,0.0,0.0,0.0,0.0
1772565926250291654,323.200739328,-17.988304138183594,0.7767567038536072,-60.14909362792969,0.016734689474105835,-0.8805440068244934,0.005098551511764526,-0.4736415147781372,-3.0793943772095993,0.0,0.0,0.0,0.0,0.0,0.0
1772565926330403424,323.280850944,-18.09549331665039,0.7705976366996765,-60.05730056762695,0.01155140995979309,-0.8810395002365112,-0.01795893907546997,-0.4725605845451355,-3.1354797569934516,0.0,0.0,0.0,0.0,0.0,0.0
1772565926431611044,323.382058752,-18.188058853149414,0.768291175365448,-59.99048614501953,0.00996327493339777,-0.8812180161476135,-0.023466916754841805,-0.47202208638191223,3.1333029852230254,0.0,0.0,0.0,0.0,0.0,0.0
1772565926549752687,323.500200192,-18.276718139648438,0.7661260962486267,-59.93330001831055,0.011462658643722534,-0.8814073801040649,-0.021555423736572266,-0.47172558307647705,3.1413583849648403,0.0,0.0,0.0,0.0,0.0,0.0
1772565926684217405,323.63466496,-18.380857467651367,0.7606951594352722,-59.86199951171875,0.01111188530921936,-0.881636917591095,-0.021924078464508057,-0.4712878167629242,3.1396633125674636,0.0,0.0,0.0,0.0,0.0,0.0
1772565926780923874,323.73137152,-18.485313415527344,0.7542328238487244,-59.793643951416016,0.011744678020477295,-0.8818455338478088,-0.018916994333267212,-0.4710124135017395,-3.136388370395069,0.0,0.0,0.0,0.0,0.0,0.0
1772565926907137774,323.857585408,-18.58690643310547,0.7494142651557922,-59.7265510559082,0.011849850416183472,-0.882064700126648,-0.015953630208969116,-0.47070905566215515,-3.1310185086223368,0.0,0.0,0.0,0.0,0.0,0.0
1772565927020835045,323.971282688,-18.67064094543457,0.7454017996788025,-59.66863250732422,0.010677754878997803,-0.8822638988494873,-0.015279710292816162,-0.4703860878944397,-3.1335775714737273,0.0,0.0,0.0,0.0,0.0,0.0
1772565927107354548,324.05780224,-18.754865646362305,0.7411749958992004,-59.61140060424805,0.010190576314926147,-0.882444441318512,-0.01406523585319519,-0.4700958728790283,-3.133057340289185,0.0,0.0,0.0,0.0,0.0,0.0
1772565927203765424,324.15421312,-18.83983039855957,0.7372502684593201,-59.553916931152344,0.009844839572906494,-0.8826070427894592,-0.01291954517364502,-0.4698309004306793,-3.132210841754391,0.0,0.0,0.0,0.0,0.0,0.0
1772565927321909395,324.27235712,-18.942535400390625,0.7343084216117859,-59.485687255859375,0.009700238704681396,-0.8827311992645264,-0.010185331106185913,-0.46966785192489624,-3.12806417094934,0.0,0.0,0.0,0.0,0.0,0.0
1772565927413009432,324.363457024,-19.029394149780273,0.7341843247413635,-59.429962158203125,0.011247843503952026,-0.8826748132705688,-0.009070992469787598,-0.4697621762752533,-3.1212980274056257,0.0,0.0,0.0,0.0,0.0,0.0
1772565927516016161,324.466463744,-19.113567352294922,0.7358061671257019,-59.37723159790039,0.013433337211608887,-0.8824670314788818,-0.008123397827148438,-0.47011223435401917,-3.1127801000655575,0.0,0.0,0.0,0.0,0.0,0.0
1772565927611224865,324.561672448,-19.174957275390625,0.7360078692436218,-59.33738327026367,0.013878077268600464,-0.8822341561317444,-0.007309049367904663,-0.47054970264434814,-3.109976962009513,0.0,0.0,0.0,0.0,0.0,0.0
1772565927710424802,324.660872448,-19.20506477355957,0.7357439398765564,-59.31780242919922,0.013483434915542603,-0.8821170330047607,-0.006577998399734497,-0.47079145908355713,-3.109978700639926,0.0,0.0,0.0,0.0,0.0,0.0
1772565927820395076,324.770842624,-19.210718154907227,0.7360103726387024,-59.31404113769531,0.012085137888789177,-0.8818662762641907,-0.006311624310910702,-0.4713023900985718,-3.113936695106884,0.0,0.0,0.0,0.0,0.0,0.0
1772565927949602966,324.900050688,-19.20649528503418,0.7356273531913757,-59.31810760498047,0.01265302300453186,-0.881718635559082,-0.006480425596237183,-0.4715615510940552,-3.112406817938388,0.0,0.0,0.0,0.0,0.0,0.0
1772565928050983166,325.001430784,-19.183712005615234,0.7354758381843567,-59.33254623413086,0.01193287968635559,-0.881626546382904,-0.007292360067367554,-0.4717405438423157,-3.116067120136148,0.0,0.0,0.0,0.0,0.0,0.0
1772565928201490060,325.151937792,-19.14904022216797,0.7353186011314392,-59.356048583984375,0.011459439992904663,-0.881428062915802,-0.007352113723754883,-0.4721221625804901,-3.1176610983901463,0.0,0.0,0.0,0.0,0.0,0.0
1772565928299604043,325.250051584,-19.10679817199707,0.7347211241722107,-59.3834228515625,0.010350286960601807,-0.8812986612319946,-0.007712513208389282,-0.47238343954086304,-3.121799417268212,0.0,0.0,0.0,0.0,0.0,0.0
1772565928423362356,325.37380992,-19.041149139404297,0.734757125377655,-59.42695999145508,0.010065615177154541,-0.8810679912567139,-0.009047508239746094,-0.4727959632873535,-3.12498243673041,0.0,0.0,0.0,0.0,0.0,0.0
1772565928499636784,325.450084352,-18.965370178222656,0.7343323826789856,-59.473731994628906,0.008863121271133423,-0.8807413578033447,-0.01032334566116333,-0.4734021723270416,-3.1310096652948958,0.0,0.0,0.0,0.0,0.0,0.0
1772565928606596488,325.557044224,-18.880781173706055,0.7349883913993835,-59.53003692626953,0.008959740400314331,-0.8796839118003845,-0.011731564998626709,-0.475329726934433,-3.1331784934652656,0.0,0.0,0.0,0.0,0.0,0.0
1772565928706700347,325.657147904,-18.798002243041992,0.738473117351532,-59.58602523803711,0.009494304656982422,-0.8787223696708679,-0.014743417501449585,-0.4770110249519348,-3.1367827505025976,0.0,0.0,0.0,0.0,0.0,0.0
1772565928806194702,325.756642304,-18.714950561523438,0.7421537041664124,-59.63897705078125,0.009541302919387817,-0.8787493705749512,-0.015927881002426147,-0.47692233324050903,-3.1387002419478547,0.0,0.0,0.0,0.0,0.0,0.0
1772565928928582005,325.879029504,-18.656524658203125,0.7449299693107605,-59.675968170166016,0.009908288717269897,-0.8787895441055298,-0.017262697219848633,-0.47679415345191956,-3.13984430061927,0.0,0.0,0.0,0.0,0.0,0.0
1772565929051554518,326.002002176,-18.60144805908203,0.7474632859230042,-59.712223052978516,0.010384142398834229,-0.8787789344787598,-0.01790788769721985,-0.476779967546463,-3.1394382129955996,0.0,0.0,0.0,0.0,0.0,0.0
1772565929152052142,326.10249984,-18.561933517456055,0.748903214931488,-59.7374267578125,0.010192900896072388,-0.8787537813186646,-0.01862838864326477,-0.47680291533470154,-3.141317552681236,0.0,0.0,0.0,0.0,0.0,0.0
1772565929300352335,326.250799872,-18.54531478881836,0.7499412894248962,-59.749420166015625,0.01094353199005127,-0.8787566423416138,-0.018478333950042725,-0.47678685188293457,-3.1386337156417565,0.0,0.0,0.0,0.0,0.0,0.0
1772565929398580799,326.349028352,-18.52933692932129,0.7506546378135681,-59.7599983215332,0.010845392942428589,-0.8786705732345581,-0.01907619833946228,-0.4769240617752075,-3.14000826197104,0.0,0.0,0.0,0.0,0.0,0.0
1772565929510570258,326.461017856,-18.520137786865234,0.751257598400116,-59.7666015625,0.011142313480377197,-0.8786591291427612,-0.01830965280532837,-0.47696834802627563,-3.137711397544687,0.0,0.0,0.0,0.0,0.0,0.0
1772565929614127535,326.564575232,-18.508743286132812,0.751203715801239,-59.77409744262695,0.011055588722229004,-0.8786377906799316,-0.018223851919174194,-0.4770129919052124,-3.1378442055106217,0.0,0.0,0.0,0.0,0.0,0.0
1772565929713772947,326.664220672,-18.49742889404297,0.7518015503883362,-59.78118896484375,0.01103907823562622,-0.8785151243209839,-0.019391357898712158,-0.4771932363510132,-3.1399591878325266,0.0,0.0,0.0,0.0,0.0,0.0
1772565929830330369,326.780777984,-18.494556427001953,0.7518650889396667,-59.78327178955078,0.011101871728897095,-0.8782531023025513,-0.01967218518257141,-0.4776623249053955,-3.1402913241888575,0.0,0.0,0.0,0.0,0.0,0.0
1772565929913743920,326.864191488,-18.502452850341797,0.7511259913444519,-59.778682708740234,0.010995060205459595,-0.8780003190040588,-0.01952916383743286,-0.4781351685523987,-3.1404274274213066,0.0,0.0,0.0,0.0,0.0,0.0
1772565930050608732,327.001056256,-18.510263442993164,0.7509428858757019,-59.77482223510742,0.011051058769226074,-0.8776865005493164,-0.01910760998725891,-0.47872668504714966,-3.139553332539885,0.0,0.0,0.0,0.0,0.0,0.0
1772565930151819206,327.10226688,-18.514270782470703,0.7507099509239197,-59.77484893798828,0.01091817021369934,-0.8770960569381714,-0.01912018656730652,-0.4798101484775543,-3.140101073068816,0.0,0.0,0.0,0.0,0.0,0.0
1772565930266285614,327.216733184,-18.519620895385742,0.7507523894309998,-59.77278137207031,0.010839313268661499,-0.8767029643058777,-0.019504636526107788,-0.4805143475532532,-3.1411071296367608,0.0,0.0,0.0,0.0,0.0,0.0
1772565930408393734,327.358841344,-18.527299880981445,0.7505902647972107,-59.770469665527344,0.01111990213394165,-0.8762701749801636,-0.019072741270065308,-0.481314092874527,-3.139489630259192,0.0,0.0,0.0,0.0,0.0,0.0
1772565930509432289,327.459879936,-18.531240463256836,0.7501503825187683,-59.76982879638672,0.01126551628112793,-0.8758517503738403,-0.01868194341659546,-0.4820869565010071,-3.1383750476842525,0.0,0.0,0.0,0.0,0.0,0.0
1772565930580402032,327.530849536,-18.535560607910156,0.7498237490653992,-59.766502380371094,0.011050939559936523,-0.8755627870559692,-0.019145101308822632,-0.4825984537601471,-3.1399580738083643,0.0,0.0,0.0,0.0,0.0,0.0
1772565930682223743,327.632671232,-18.53680419921875,0.7498511672019958,-59.765098571777344,0.010858596302568913,-0.8753536343574524,-0.019465746358036995,-0.48296916484832764,-3.141203502956575,0.0,0.0,0.0,0.0,0.0,0.0
1772565930787832901,327.738280448,-18.494247436523438,0.753112256526947,-59.79145431518555,0.01098063588142395,-0.8754381537437439,-0.019970685243606567,-0.4827927350997925,3.1414845758425245,0.0,0.0,0.0,0.0,0.0,0.0
1772565930898796827,327.849244416,-18.400651931762695,0.7590968012809753,-59.84848403930664,0.010834665037691593,-0.875675618648529,-0.021324606612324715,-0.4823071360588074,3.1386092365972367,0.0,0.0,0.0,0.0,0.0,0.0
1772565931005932450,327.95638016,-18.31651496887207,0.7642931342124939,-59.90020751953125,0.010824799537658691,-0.8758466839790344,-0.0228995680809021,-0.4819243550300598,3.1357825171382103,0.0,0.0,0.0,0.0,0.0,0.0
1772565931122009218,328.07245696,-18.21373748779297,0.7684939503669739,-59.96342849731445,0.010429203510284424,-0.8760296702384949,-0.023882806301116943,-0.4815526306629181,3.132769931557705,0.0,0.0,0.0,0.0,0.0,0.0
1772565931245740375,328.196187904,-18.134525299072266,0.7698192000389099,-60.013771057128906,0.010051846504211426,-0.8762222528457642,-0.02248963713645935,-0.4812772274017334,3.134077644478952,0.0,0.0,0.0,0.0,0.0,0.0
1772565931337978327,328.288425984,-18.076248168945312,0.7704647183418274,-60.05594253540039,0.011922597885131836,-0.8762721419334412,-0.01676657795906067,-0.4813772141933441,-3.1327301829075425,0.0,0.0,0.0,0.0,0.0,0.0
1772565931430087814,328.380535552,-18.00918197631836,0.773750364780426,-60.10233688354492,0.01329946517944336,-0.8759928941726685,-0.01329156756401062,-0.48195740580558777,-3.121993371927743,0.0,0.0,0.0,0.0,0.0,0.0
1772565931549368073,328.49981568,-17.944656372070312,0.7777205109596252,-60.144554138183594,0.013853311538696289,-0.8753702640533447,-0.013389229774475098,-0.4830690920352936,-3.1203580767295267,0.0,0.0,0.0,0.0,0.0,0.0
1772565931693400386,328.643847936,-17.86248779296875,0.7829540371894836,-60.199466705322266,0.01522776484489441,-0.8746610879898071,-0.012104839086532593,-0.4843445122241974,-3.113482321709371,0.0,0.0,0.0,0.0,0.0,0.0
1772565931798258110,328.748705792,-17.781957626342773,0.7842419743537903,-60.25688934326172,0.01761460117995739,-0.874302864074707,-0.004511057864874601,-0.4850400984287262,-3.0916676057721197,0.0,0.0,0.0,0.0,0.0,0.0
1772565931899375566,328.849823232,-17.70344352722168,0.7826196551322937,-60.312034606933594,0.019049644470214844,-0.8738458752632141,0.0035839974880218506,-0.4858163297176361,-3.071954831360412,0.0,0.0,0.0,0.0,0.0,0.0
1772565931999380768,328.949828352,-17.610830307006836,0.7834314703941345,-60.37212371826172,0.018962949514389038,-0.8732510209083557,0.009483516216278076,-0.4868091344833374,-3.0611441928679524,0.0,0.0,0.0,0.0,0.0,0.0
1772565932094062140,329.044509696,-17.487842559814453,0.7816573977470398,-60.44908142089844,0.018703579902648926,-0.8721503615379333,0.013291418552398682,-0.4886995851993561,-3.054368819435673,0.0,0.0,0.0,0.0,0.0,0.0
1772565932194574480,329.145022208,-17.370582580566406,0.7796877026557922,-60.51970672607422,0.01842266321182251,-0.8709105253219604,0.01182866096496582,-0.4909537732601166,-3.0573005939543636,0.0,0.0,0.0,0.0,0.0,0.0
1772565932342403363,329.292850944,-17.23509979248047,0.7756717801094055,-60.60332107543945,0.015303224325180054,-0.8683505058288574,0.01853412389755249,-0.4953683018684387,-3.0534884284156636,0.0,0.0,0.0,0.0,0.0,0.0
1772565932426647531,329.377095168,-17.175161361694336,0.7740646004676819,-60.645755767822266,0.013684330508112907,-0.8662733435630798,0.021465478464961052,-0.4989214837551117,-3.0518983942872135,0.0,0.0,0.0,0.0,0.0,0.0
1772565932538211260,329.488658944,-17.163999557495117,0.7725047469139099,-60.652286529541016,0.014862388372421265,-0.8655411005020142,0.019218116998672485,-0.5002484321594238,-3.0517546755990512,0.0,0.0,0.0,0.0,0.0,0.0
1772565932649406190,329.599853824,-17.16558837890625,0.7726337313652039,-60.65147399902344,0.015408813953399658,-0.8653610348701477,0.018701940774917603,-0.500562846660614,-3.0507688526120993,0.0,0.0,0.0,0.0,0.0,0.0
1772565932740404531,329.690852096,-17.166746139526367,0.7724501490592957,-60.650753021240234,0.015238374471664429,-0.8655583262443542,0.018877029418945312,-0.5002201795578003,-3.0511464692621635,0.0,0.0,0.0,0.0,0.0,0.0
1772565932849592854,329.800040448,-17.166948318481445,0.7722669243812561,-60.65025329589844,0.01480916142463684,-0.8656184673309326,0.019141852855682373,-0.5001190304756165,-3.0521414928051716,0.0,0.0,0.0,0.0,0.0,0.0
1772565932949844134,329.90029184,-17.167566299438477,0.7722098231315613,-60.6499137878418,0.014848411083221436,-0.8655864596366882,0.01909857988357544,-0.5001748204231262,-3.052069787096994,0.0,0.0,0.0,0.0,0.0,0.0
1772565933050230884,330.0006784,-17.167827606201172,0.7722074389457703,-60.64972686767578,0.014833331108093262,-0.8655941486358643,0.019083023071289062,-0.5001626014709473,-3.052157594913601,0.0,0.0,0.0,0.0,0.0,0.0
1772565933203411163,330.153858816,-17.1680908203125,0.7721948027610779,-60.64956283569336,0.014828205108642578,-0.8655943274497986,0.01908135414123535,-0.5001626014709473,-3.052178622948911,0.0,0.0,0.0,0.0,0.0,0.0
1772565933309138787,330.259586304,-17.16829490661621,0.7721852660179138,-60.64944076538086,0.01482418179512024,-0.8655945062637329,0.019083410501480103,-0.5001622438430786,-3.0521885306065895,0.0,0.0,0.0,0.0,0.0,0.0
1772565933400851907,330.351299584,-17.168424606323242,0.7721793055534363,-60.64936447143555,0.014822036027908325,-0.8655951023101807,0.019084841012954712,-0.5001611709594727,-3.052193501943329,0.0,0.0,0.0,0.0,0.0,0.0
1772565933512038136,330.46248576,-17.168519973754883,0.7721745371818542,-60.6493034362793,0.01482030563056469,-0.8655956983566284,0.01908656768500805,-0.5001600384712219,-3.052196464253313,0.0,0.0,0.0,0.0,0.0,0.0
1772565933642415865,330.592863488,-17.16861343383789,0.772169291973114,-60.64924621582031,0.014819858595728874,-0.8655965924263,0.019086269661784172,-0.5001584887504578,-3.0521992066318853,0.0,0.0,0.0,0.0,0.0,0.0
1772565933720279915,330.670727424,-17.168663024902344,0.772162139415741,-60.64921188354492,0.014818549156188965,-0.8655974268913269,0.01908499002456665,-0.500157356262207,-3.0522067885350115,0.0,0.0,0.0,0.0,0.0,0.0
1772565933849690223,330.800137728,-17.168682098388672,0.7721604704856873,-60.649200439453125,0.014818668365478516,-0.8655975461006165,0.019085228443145752,-0.5001571178436279,-3.0522059923675164,0.0,0.0,0.0,0.0,0.0,0.0
1772565933913349706,330.863797248,-17.16868782043457,0.7721602320671082,-60.64919662475586,0.014817623421549797,-0.8655977249145508,0.019085077568888664,-0.5001567006111145,-3.052210016166935,0.0,0.0,0.0,0.0,0.0,0.0
1772565934013844812,330.964292352,-17.1686954498291,0.7721598744392395,-60.649192810058594,0.014817982912063599,-0.8655978441238403,0.019085317850112915,-0.500156581401825,-3.052208380718151,0.0,0.0,0.0,0.0,0.0,0.0
1772565934129429098,331.079876608,-17.168764114379883,0.7720982432365417,-60.649314880371094,0.014864563941955566,-0.8655641078948975,0.01910710334777832,-0.5002127885818481,-3.0519820127192383,0.0,0.0,0.0,0.0,0.0,0.0
1772565934250232933,331.200680448,-17.16870880126953,0.7721268534660339,-60.64936447143555,0.014828920364379883,-0.865492045879364,0.019098550081253052,-0.5003387928009033,-3.0520717099700647,0.0,0.0,0.0,0.0,0.0,0.0
1772565934378186564,331.328634112,-17.16867446899414,0.772131621837616,-60.649375915527344,0.014829397201538086,-0.8654828071594238,0.019091814756393433,-0.5003551244735718,-3.052076975378987,0.0,0.0,0.0,0.0,0.0,0.0
1772565934481970736,331.432418304,-17.16865348815918,0.7721311450004578,-60.649383544921875,0.014831334352493286,-0.8654854893684387,0.01909133791923523,-0.5003503561019897,-3.052073111045758,0.0,0.0,0.0,0.0,0.0,0.0
1772565934595050110,331.5454976,-17.224245071411133,0.7775585055351257,-60.6176643371582,0.013267844915390015,-0.8654675483703613,0.022398144006729126,-0.5002881288528442,-3.0509194665870827,0.0,0.0,0.0,0.0,0.0,0.0
1772565934701155608,331.6516032,-17.307621002197266,0.7769410014152527,-60.570472717285156,0.017300784587860107,-0.8655924797058105,0.01703682541847229,-0.5001600980758667,-3.047710147474455,0.0,0.0,0.0,0.0,0.0,0.0
1772565934809387876,331.759835392,-17.399179458618164,0.779962956905365,-60.51622009277344,0.018810123205184937,-0.8662121891975403,0.011152178049087524,-0.49919772148132324,-3.054526914217127,0.0,0.0,0.0,0.0,0.0,0.0
1772565934915944168,331.866391808,-17.507549285888672,0.7809585928916931,-60.454402923583984,0.0190088152885437,-0.8667736649513245,0.01153707504272461,-0.49820584058761597,-3.053430554599785,0.0,0.0,0.0,0.0,0.0,0.0
1772565935025377516,331.975825152,-17.595842361450195,0.7826704382896423,-60.404354095458984,0.01866057515144348,-0.8674716949462891,0.012879610061645508,-0.49696967005729675,-3.0524323295098363,0.0,0.0,0.0,0.0,0.0,0.0
1772565935122291206,332.072738816,-17.701499938964844,0.7821831107139587,-60.344608306884766,0.01853725127875805,-0.8684356808662415,0.015164671465754509,-0.4952229857444763,-3.0490615365479994,0.0,0.0,0.0,0.0,0.0,0.0
1772565935249495718,332.199943424,-17.79003143310547,0.7809271216392517,-60.291717529296875,0.01884707808494568,-0.8691568374633789,0.01324424147605896,-0.4939998388290405,-3.052149188156118,0.0,0.0,0.0,0.0,0.0,0.0
1772565935329142747,332.2795904,-17.880130767822266,0.7800726294517517,-60.23497772216797,0.018671244382858276,-0.8699261546134949,0.007795751094818115,-0.4927669167518616,-3.063552221610087,0.0,0.0,0.0,0.0,0.0,0.0
1772565935450861784,332.40130944,-17.987865447998047,0.7749177813529968,-60.161197662353516,0.015561223030090332,-0.8707705736160278,-0.002889484167098999,-0.49143484234809875,-3.094656100100491,0.0,0.0,0.0,0.0,0.0,0.0
1772565935564525942,332.51497344,-18.098405838012695,0.7712211012840271,-60.082054138183594,0.012276140972971916,-0.8711739778518677,-0.015503911301493645,-0.4905760884284973,-3.1296758123731845,0.0,0.0,0.0,0.0,0.0,0.0
1772565935716154809,332.666602496,-18.19062042236328,0.7699229121208191,-60.01726531982422,0.009576261043548584,-0.8713308572769165,-0.02406984567642212,-0.4900118410587311,3.1283122185453385,0.0,0.0,0.0,0.0,0.0,0.0
1772565935834409043,332.784856576,-18.300065994262695,0.7667301297187805,-59.95167922973633,0.010697245597839355,-0.8715020418167114,-0.023045778274536133,-0.4897333085536957,3.1340417986609177,0.0,0.0,0.0,0.0,0.0,0.0
1772565935916907949,332.867355648,-18.406879425048828,0.7602784037590027,-59.886531829833984,0.010631977580487728,-0.8717656135559082,-0.021447716280817986,-0.4893379807472229,3.136882920700759,0.0,0.0,0.0,0.0,0.0,0.0
1772565936016933593,332.967381248,-18.495586395263672,0.7540368437767029,-59.83281326293945,0.010716766119003296,-0.8719448447227478,-0.01972430944442749,-0.4890892207622528,3.1404321438684697,0.0,0.0,0.0,0.0,0.0,0.0
1772565936146305030,333.09675264,-18.6010684967041,0.7486887574195862,-59.7686653137207,0.010586707852780819,-0.872165322303772,-0.01738056354224682,-0.4887877106666565,-3.1387649756975775,0.0,0.0,0.0,0.0,0.0,0.0
1772565936249591244,333.200038912,-18.689067840576172,0.7446401715278625,-59.71360397338867,0.009931713342666626,-0.8723292946815491,-0.017135411500930786,-0.48851749300956726,-3.140471988173576,0.0,0.0,0.0,0.0,0.0,0.0
1772565936349331387,333.299779072,-18.77707862854004,0.741091787815094,-59.660240173339844,0.00962558388710022,-0.8725022673606873,-0.014767169952392578,-0.48829206824302673,-3.1370506179771325,0.0,0.0,0.0,0.0,0.0,0.0
1772565936450938469,333.401385984,-18.882164001464844,0.7362522482872009,-59.59540939331055,0.009148567914962769,-0.8727163672447205,-0.012920796871185303,-0.48797085881233215,-3.1351789621242356,0.0,0.0,0.0,0.0,0.0,0.0
1772565936567855074,333.51830272,-18.98785400390625,0.7310275435447693,-59.53003692626953,0.008747815154492855,-0.8728794455528259,-0.011059879325330257,-0.4877321124076843,-3.1330387388585224,0.0,0.0,0.0,0.0,0.0,0.0
1772565936668206512,333.618654208,-19.0770206451416,0.7321459650993347,-59.477264404296875,0.009847939014434814,-0.8728047013282776,-0.010261356830596924,-0.4878624677658081,-3.1278887087277516,0.0,0.0,0.0,0.0,0.0,0.0
1772565936821839503,333.772287232,-19.183683395385742,0.7324973940849304,-59.41483688354492,0.011166632175445557,-0.8725941181182861,-0.008967399597167969,-0.48823606967926025,-3.1210765613675346,0.0,0.0,0.0,0.0,0.0,0.0
1772565936930522842,333.880970496,-19.27208137512207,0.7329123616218567,-59.3635139465332,0.012423187494277954,-0.8724023699760437,-0.007723718881607056,-0.4885695278644562,-3.114547498088539,0.0,0.0,0.0,0.0,0.0,0.0
1772565937031452497,333.981900032,-19.35977554321289,0.7338959574699402,-59.31218338012695,0.013188183307647705,-0.8721675276756287,-0.006942570209503174,-0.48898035287857056,-3.1105065212419563,0.0,0.0,0.0,0.0,0.0,0.0
1772565937123488456,334.073936128,-19.447647094726562,0.734480082988739,-59.26030731201172,0.013224930502474308,-0.8720128536224365,-0.005210519302636385,-0.48927661776542664,-3.1071141321437397,0.0,0.0,0.0,0.0,0.0,0.0
1772565937223100907,334.173548544,-19.55081558227539,0.7344998717308044,-59.198341369628906,0.0123959481716156,-0.8718693852424622,-0.003233492374420166,-0.4895709156990051,-3.106150908518829,0.0,0.0,0.0,0.0,0.0,0.0
1772565937342107599,334.292555264,-19.65195083618164,0.7342976927757263,-59.13699722290039,0.010452330112457275,-0.8716562390327454,-0.0010957419872283936,-0.4900051951408386,-3.108600825393529,0.0,0.0,0.0,0.0,0.0,0.0
1772565937452446070,334.402893568,-19.734792709350586,0.7344126105308533,-59.08502197265625,0.0074769556522369385,-0.8715024590492249,0.00029271841049194336,-0.4903341233730316,-3.1159362863751143,0.0,0.0,0.0,0.0,0.0,0.0
1772565937550325422,334.50077312,-19.818347930908203,0.7305572628974915,-59.03043746948242,0.0027232468128204346,-0.8713485598564148,0.001137077808380127,-0.4906556010246277,-3.130288158331126,0.0,0.0,0.0,0.0,0.0,0.0
1772565937649680882,334.600128512,-19.902587890625,0.7256345152854919,-58.97383117675781,-0.003543555736541748,-0.8711431622505188,0.001537710428237915,-0.49101394414901733,3.1325856658908053,0.0,0.0,0.0,0.0,0.0,0.0
1772565937750509041,334.700956672,-19.992307662963867,0.722632110118866,-58.922691345214844,-0.0016498863697052002,-0.8709056377410889,0.0014015138149261475,-0.49144554138183594,3.138698311259303,0.0,0.0,0.0,0.0,0.0,0.0
1772565937882914264,334.83336192,-20.110763549804688,0.7161534428596497,-58.86713409423828,0.014039425179362297,-0.8706123232841492,-0.001502543454989791,-0.49176692962646484,-3.0971049077012553,0.0,0.0,0.0,0.0,0.0,0.0
1772565937963531281,334.91397888,-20.20258903503418,0.7160950303077698,-58.81436538696289,0.015136895701289177,-0.870485782623291,0.00016024707292672247,-0.49196070432662964,-3.0902101110389055,0.0,0.0,0.0,0.0,0.0,0.0
1772565938081710585,335.032158208,-20.31201171875,0.716690719127655,-58.752071380615234,0.016803590580821037,-0.8702289462089539,0.0019401309546083212,-0.49235695600509644,-3.081122062749069,0.0,0.0,0.0,0.0,0.0,0.0
1772565938204394535,335.154842112,-20.402576446533203,0.7153350710868835,-58.69834899902344,0.01689201593399048,-0.8700314164161682,0.0020627379417419434,-0.4927026033401489,-3.0805192343857484,0.0,0.0,0.0,0.0,0.0,0.0
1772565938297164131,335.247611648,-20.493207931518555,0.7114291787147522,-58.64237594604492,0.015409022569656372,-0.8698503971099854,0.0010640621185302734,-0.49307382106781006,-3.087374646629165,0.0,0.0,0.0,0.0,0.0,0.0
1772565938392399006,335.34284672,-20.58422088623047,0.7078801989555359,-58.586917877197266,0.0142477136105299,-0.8696961402893066,0.0005946754827164114,-0.4933816194534302,-3.0921556582437963,0.0,0.0,0.0,0.0,0.0,0.0
1772565938501936514,335.452384256,-20.69361686706543,0.7045850157737732,-58.520809173583984,0.013531535863876343,-0.8695939779281616,2.3096799850463867e-05,-0.4935821294784546,-3.0956506379497974,0.0,0.0,0.0,0.0,0.0,0.0
1772565938610424327,335.560871936,-20.784915924072266,0.705682098865509,-58.4677619934082,0.014959335327148438,-0.8697109818458557,0.0008685290813446045,-0.49333393573760986,-3.0892268402297205,0.0,0.0,0.0,0.0,0.0,0.0
1772565938731371231,335.68181888,-20.875917434692383,0.7071740031242371,-58.4151611328125,0.016538945958018303,-0.8698638081550598,0.0016578135546296835,-0.4930117726325989,-3.082425415204638,0.0,0.0,0.0,0.0,0.0,0.0
1772565938832461036,335.782908672,-20.966779708862305,0.7066523432731628,-58.36143112182617,0.017131447792053223,-0.87000972032547,0.0021494626998901367,-0.4927321970462799,-3.0795381446847006,0.0,0.0,0.0,0.0,0.0,0.0
1772565938935439091,335.88588672,-21.057064056396484,0.7037307620048523,-58.305633544921875,0.01621904969215393,-0.8701840043067932,0.0016531646251678467,-0.49245721101760864,-3.083623694644763,0.0,0.0,0.0,0.0,0.0,0.0
1772565939028354246,335.97880192,-21.14792823791504,0.7004292607307434,-58.24943542480469,0.014670729637145996,-0.8702059984207153,0.0009090006351470947,-0.4924687445163727,-3.090272417782281,0.0,0.0,0.0,0.0,0.0,0.0
1772565939134776001,336.08522368,-21.25546646118164,0.6986059546470642,-58.183475494384766,0.011775106191635132,-0.8699111938476562,0.0011421442031860352,-0.49306657910346985,-3.09952757000752,0.0,0.0,0.0,0.0,0.0,0.0
1772565939226455582,336.176903168,-21.34839630126953,0.697348415851593,-58.1315803527832,0.014421136118471622,-0.8697145581245422,0.0011582673760131001,-0.4933429956436157,-3.090492669189991,0.0,0.0,0.0,0.0,0.0,0.0
1772565939338302118,336.288749824,-21.440526962280273,0.6977679133415222,-58.076141357421875,0.015706481412053108,-0.8699005842208862,0.0004103482060600072,-0.4929768741130829,-3.087636889913273,0.0,0.0,0.0,0.0,0.0,0.0
1772565939449568104,336.400015616,-21.530611038208008,0.6987671256065369,-58.02188491821289,0.016626417636871338,-0.8701407313346863,2.4825334548950195e-05,-0.4925228953361511,-3.0853431371331053,0.0,0.0,0.0,0.0,0.0,0.0
1772565939540745015,336.491192576,-21.619577407836914,0.6951403021812439,-57.96794891357422,0.016356050968170166,-0.8703247308731079,0.001335829496383667,-0.492204874753952,-3.0838143512708998,0.0,0.0,0.0,0.0,0.0,0.0
1772565939650503724,336.600951296,-21.708574295043945,0.6929610371589661,-57.91225814819336,0.015109239146113396,-0.8705628514289856,0.001398831489495933,-0.49182310700416565,-3.087970180925304,0.0,0.0,0.0,0.0,0.0,0.0
1772565939730643909,336.681091584,-21.816179275512695,0.6906396746635437,-57.84665298461914,0.013824493624269962,-0.870486855506897,0.0015916527481749654,-0.4919948875904083,-3.0919065971307287,0.0,0.0,0.0,0.0,0.0,0.0
1772565939849933777,336.80038144,-21.906213760375977,0.6903740763664246,-57.79315948486328,0.01363980770111084,-0.8703327178955078,0.0016996562480926514,-0.4922725260257721,-3.0922782728708538,0.0,0.0,0.0,0.0,0.0,0.0
1772565939949239561,336.899687168,-22.014217376708984,0.686720073223114,-57.726802825927734,0.01255500316619873,-0.8703026175498962,0.0010834932327270508,-0.4923562705516815,-3.0971042408301335,0.0,0.0,0.0,0.0,0.0,0.0
1772565940050202538,337.00065024,-22.104124069213867,0.6861839890480042,-57.673702239990234,0.013380495831370354,-0.8704219460487366,0.0015596745070070028,-0.49212202429771423,-3.093444900019233,0.0,0.0,0.0,0.0,0.0,0.0
1772565940162176314,337.112623872,-22.180219650268555,0.6836826205253601,-57.62849807739258,0.01425442099571228,-0.870394229888916,0.0008880496025085449,-0.49214836955070496,-3.0917710637230877,0.0,0.0,0.0,0.0,0.0,0.0
1772565940270108936,337.220556544,-22.2357234954834,0.6835190653800964,-57.59403991699219,0.014423996210098267,-0.8700504302978516,-0.002240121364593506,-0.4927466809749603,-3.097084658759189,0.0,0.0,0.0,0.0,0.0,0.0
1772565940370601714,337.321049344,-22.248666763305664,0.6854602694511414,-57.58241653442383,0.01373031735420227,-0.8691949844360352,-0.004262715578079224,-0.4942605197429657,-3.10315079804719,0.0,0.0,0.0,0.0,0.0,0.0
1772565940489662456,337.44011008,-22.24188804626465,0.684666097164154,-57.58774948120117,0.013559013605117798,-0.8676483035087585,-0.0034468770027160645,-0.4969816505908966,-3.101857217483764,0.0,0.0,0.0,0.0,0.0,0.0
1772565940600378447,337.550825984,-22.211875915527344,0.685382068157196,-57.60761260986328,0.01429671049118042,-0.8657663464546204,-0.00036704540252685547,-0.5002442002296448,-3.092767832824375,0.0,0.0,0.0,0.0,0.0,0.0
1772565940678753787,337.629201408,-22.157577514648438,0.6855649352073669,-57.64027786254883,0.013107120990753174,-0.8638229370117188,-0.0003789067268371582,-0.5036249756813049,-3.0964087748499938,0.0,0.0,0.0,0.0,0.0,0.0
1772565940779578420,337.730025984,-22.085512161254883,0.6871690154075623,-57.68199920654297,0.012912092730402946,-0.8624475002288818,0.0001460909697925672,-0.5059817433357239,-3.0956479827658585,0.0,0.0,0.0,0.0,0.0,0.0
1772565940879916598,337.83036416,-21.998300552368164,0.6872418522834778,-57.73045349121094,0.011908648535609245,-0.861446738243103,-3.105401628999971e-05,-0.5077082514762878,-3.0993076602668936,0.0,0.0,0.0,0.0,0.0,0.0
1772565941022983504,337.97343104,-21.8837890625,0.6914283633232117,-57.79349899291992,0.012070445343852043,-0.8597457408905029,0.0016605553682893515,-0.5105769038200378,-3.0946915608207397,0.0,0.0,0.0,0.0,0.0,0.0
1772565941134340753,338.08478848,-21.77484703063965,0.6931325793266296,-57.84897232055664,0.013569265604019165,-0.8574815392494202,0.0007905662059783936,-0.5143352150917053,-3.090454619593128,0.0,0.0,0.0,0.0,0.0,0.0
1772565941227693055,338.178140672,-21.647409439086914,0.6948055624961853,-57.91204071044922,0.014334410429000854,-0.8544337749481201,-0.0006150305271148682,-0.5193623304367065,-3.089789469672644,0.0,0.0,0.0,0.0,0.0,0.0
1772565941316352487,338.266800128,-21.50026512145996,0.7020661234855652,-57.98805236816406,0.016115784645080566,-0.8535441160202026,-0.0026910901069641113,-0.5207643508911133,-3.0875896856008285,0.0,0.0,0.0,0.0,0.0,0.0
1772565941433665151,338.38411264,-21.385032653808594,0.703673779964447,-58.04512023925781,0.015295803546905518,-0.8536171317100525,-0.0039938390254974365,-0.5206611156463623,-3.0936260999903826,0.0,0.0,0.0,0.0,0.0,0.0
1772565941533607212,338.484054784,-21.264211654663086,0.7019841074943542,-58.11043167114258,0.015801608562469482,-0.8536365032196045,0.00011867284774780273,-0.5206295251846313,-3.0824100187889822,0.0,0.0,0.0,0.0,0.0,0.0
1772565941644063384,338.594511104,-21.15354347229004,0.7020484805107117,-58.16644287109375,0.014325291849672794,-0.8533021211624146,0.00016117097402457148,-0.5212200880050659,-3.087692768427344,0.0,0.0,0.0,0.0,0.0,0.0
1772565941734967674,338.685415168,-21.045522689819336,0.704823911190033,-58.22466278076172,0.015636472031474113,-0.8521565198898315,2.7269121346762404e-05,-0.5230532288551331,-3.0826833914582017,0.0,0.0,0.0,0.0,0.0,0.0
1772565941850421216,338.800868864,-20.902414321899414,0.7114879488945007,-58.302032470703125,0.017622053623199463,-0.8498455286026001,0.0011751949787139893,-0.5267360210418701,-3.071535046371625,0.0,0.0,0.0,0.0,0.0,0.0
1772565941964250047,338.914697728,-20.764707565307617,0.7142118811607361,-58.37177658081055,0.01755121350288391,-0.8480441570281982,0.001891404390335083,-0.529631495475769,-3.069240964200246,0.0,0.0,0.0,0.0,0.0,0.0
1772565942089058416,339.03950592,-20.607418060302734,0.7132410407066345,-58.4459114074707,0.015615729615092278,-0.8466852903366089,0.0008197723655030131,-0.5318641066551208,-3.0787015837947096,0.0,0.0,0.0,0.0,0.0,0.0
1772565942201354699,339.151802368,-20.404008865356445,0.7147520184516907,-58.54278564453125,0.014585018157958984,-0.844842791557312,0.0017006099224090576,-0.5348129868507385,-3.079773053202413,0.0,0.0,0.0,0.0,0.0,0.0
1772565942281026795,339.231474432,-20.224525451660156,0.7232245802879333,-58.6301155090332,0.01713689975440502,-0.841675341129303,0.003395556937903166,-0.5397012233734131,-3.0637558076763085,0.0,0.0,0.0,0.0,0.0,0.0
1772565942380255936,339.330703616,-20.027769088745117,0.7269130349159241,-58.714786529541016,0.017351657152175903,-0.8384851217269897,0.00174713134765625,-0.5446454286575317,-3.0654051050588107,0.0,0.0,0.0,0.0,0.0,0.0
1772565942504763882,339.45521152,-19.82367706298828,0.725796639919281,-58.79792022705078,0.014968783594667912,-0.8361000418663025,-0.0007036030874587595,-0.5483723878860474,-3.0807348418913625,0.0,0.0,0.0,0.0,0.0,0.0
1772565942607453591,339.557901312,-19.637584686279297,0.7365776896476746,-58.87657928466797,0.009754479862749577,-0.8352067470550537,0.0005657673464156687,-0.5498493313789368,-3.098808294934063,0.0,0.0,0.0,0.0,0.0,0.0
1772565942681646576,339.632094208,-19.464263916015625,0.7431275248527527,-58.94690704345703,0.0035451948642730713,-0.8348509073257446,0.0013030767440795898,-0.5504632592201233,-3.1229277115672143,0.0,0.0,0.0,0.0,0.0,0.0
1772565942802478273,339.752925952,-19.30022430419922,0.7416054606437683,-59.00950622558594,-0.0046971142292022705,-0.8344744443893433,-0.0003675520420074463,-0.5510266423225403,3.1206015923553734,0.0,0.0,0.0,0.0,0.0,0.0
1772565942922620049,339.873067776,-19.136260986328125,0.742297351360321,-59.07993698120117,-0.005493521690368652,-0.8337056636810303,-0.002643972635269165,-0.5521754026412964,3.110640061937039,0.0,0.0,0.0,0.0,0.0,0.0
1772565943033370132,339.983817728,-19.026649475097656,0.7419199347496033,-59.12885284423828,-0.0032448768615722656,-0.833280086517334,-0.004409313201904297,-0.5528239607810974,3.1151475714970713,0.0,0.0,0.0,0.0,0.0,0.0
1772565943133697339,340.084144896,-18.94268798828125,0.7417659163475037,-59.16738510131836,-0.0007983744144439697,-0.8329001069068909,-0.005354046821594238,-0.5533969402313232,3.1228704244561785,0.0,0.0,0.0,0.0,0.0,0.0
1772565943226803213,340.177250816,-18.879077911376953,0.7430760264396667,-59.19598388671875,0.000810474157333374,-0.8325068354606628,-0.006803601980209351,-0.5539724826812744,3.1255709279927033,0.0,0.0,0.0,0.0,0.0,0.0
1772565943331391197,340.281838848,-18.817535400390625,0.7446526885032654,-59.225257873535156,0.004622966051101685,-0.832230269908905,-0.00834423303604126,-0.5543481707572937,3.1375535912431882,0.0,0.0,0.0,0.0,0.0,0.0
1772565943432352712,340.382800384,-18.77147674560547,0.7449061274528503,-59.24697494506836,0.006978094577789307,-0.8319933414459229,-0.009252607822418213,-0.554664671421051,-3.1380896065916817,0.0,0.0,0.0,0.0,0.0,0.0
1772565943523895205,340.474342912,-18.730321884155273,0.7451767325401306,-59.26698303222656,0.010103970766067505,-0.8317272067070007,-0.010641872882843018,-0.5549905896186829,-3.1285771082463856,0.0,0.0,0.0,0.0,0.0,0.0
1772565943634218746,340.584666368,-18.677865982055664,0.7459949851036072,-59.29256057739258,0.013442128896713257,-0.8313466906547546,-0.011531025171279907,-0.5554720163345337,-3.1166597731988515,0.0,0.0,0.0,0.0,0.0,0.0
1772565943749384066,340.699831808,-18.635026931762695,0.747294008731842,-59.309017181396484,0.011398940347135067,-0.831123948097229,-0.011959908530116081,-0.5558416247367859,-3.126790338006543,0.0,0.0,0.0,0.0,0.0,0.0
1772565943849697050,340.80014464,-18.611961364746094,0.7469615340232849,-59.317588806152344,0.010406345129013062,-0.8310549259185791,-0.012457221746444702,-0.5559535026550293,-3.1325649069369987,0.0,0.0,0.0,0.0,0.0,0.0
1772565943986440848,340.936888576,-18.59917640686035,0.7467312216758728,-59.3279914855957,0.01335403136909008,-0.8304042220115662,-0.012463001534342766,-0.5568618178367615,-3.1197274257643715,0.0,0.0,0.0,0.0,0.0,0.0
1772565944107027571,341.057475072,-18.587482452392578,0.7474176287651062,-59.33543014526367,0.014018982648849487,-0.8298193216323853,-0.012813150882720947,-0.5577089786529541,-3.1178256126730552,0.0,0.0,0.0,0.0,0.0,0.0
1772565944201963120,341.152410624,-18.594026565551758,0.7469430565834045,-59.33175277709961,0.012733936309814453,-0.8298091888427734,-0.012682706117630005,-0.5577577352523804,-3.12308897311978,0.0,0.0,0.0,0.0,0.0,0.0
1772565944308736743,341.259184384,-18.648723602294922,0.7474629282951355,-59.304073333740234,0.00608062744140625,-0.8298495411872864,-0.011812478303909302,-0.5578291416168213,3.133417930182043,0.0,0.0,0.0,0.0,0.0,0.0
1772565944418028552,341.36847616,-18.732114791870117,0.746051013469696,-59.26781463623047,0.002255946397781372,-0.8297802209854126,-0.010359704494476318,-0.5579895973205566,3.1208756485134033,0.0,0.0,0.0,0.0,0.0,0.0
1772565944549430837,341.4998784,-18.844030380249023,0.7435862421989441,-59.22349166870117,0.0008575916872359812,-0.8295325636863708,-0.008189023472368717,-0.5583975911140442,3.121077420855398,0.0,0.0,0.0,0.0,0.0,0.0
1772565944649284441,341.599731968,-18.93991470336914,0.7415170073509216,-59.187538146972656,0.0021824538707733154,-0.8293482661247253,-0.006545662879943848,-0.5586894154548645,3.1317613694380713,0.0,0.0,0.0,0.0,0.0,0.0
1772565944749840492,341.700288,-19.034454345703125,0.7412294745445251,-59.151493072509766,0.002556503051891923,-0.8290567994117737,-0.0052423481829464436,-0.5591340661048889,3.1372604982677124,0.0,0.0,0.0,0.0,0.0,0.0
1772565944851524353,341.801971968,-19.14581871032715,0.7404751181602478,-59.10707473754883,0.0010107160778716207,-0.8287702202796936,-0.0037811698857694864,-0.5595754981040955,3.1347528784660033,0.0,0.0,0.0,0.0,0.0,0.0
1772565944962149951,341.912597504,-19.236713409423828,0.7389220595359802,-59.06916427612305,-0.0018410682678222656,-0.8286224603652954,-0.002496182918548584,-0.5597992539405823,3.1259316807003885,0.0,0.0,0.0,0.0,0.0,0.0
1772565945074579775,342.025027328,-19.3443660736084,0.738071620464325,-59.02330017089844,-0.00665166974067688,-0.828394889831543,-0.0008386373519897461,-0.5601044297218323,3.10949472331911,0.0,0.0,0.0,0.0,0.0,0.0
1772565945188528268,342.138976,-19.43677520751953,0.7384633421897888,-58.986244201660156,-0.008457809686660767,-0.8281422853469849,0.00038051605224609375,-0.5604540109634399,3.105062706387542,0.0,0.0,0.0,0.0,0.0,0.0
1772565945311564186,342.262011904,-19.532062530517578,0.7370061278343201,-58.9501953125,-0.007726192474365234,-0.8279355764389038,0.0012655258178710938,-0.5607686042785645,3.11094043055369,0.0,0.0,0.0,0.0,0.0,0.0
1772565945409073325,342.359521024,-19.649311065673828,0.7312483191490173,-58.904685974121094,-0.007133513689041138,-0.8276557326316833,0.0006452798843383789,-0.5611904859542847,3.1116473569424237,0.0,0.0,0.0,0.0,0.0,0.0
1772565945510695664,342.461143296,-19.754411697387695,0.7264871001243591,-58.87387466430664,0.004720240831375122,-0.8274399638175964,-0.0005149543285369873,-0.5615342259407043,-3.1220099353403996,0.0,0.0,0.0,0.0,0.0,0.0
1772565945612067199,342.562514688,-19.861919403076172,0.7218263745307922,-58.83988571166992,0.014076411724090576,-0.8271050453186035,-0.0014989376068115234,-0.5618690848350525,-3.0829951157078823,0.0,0.0,0.0,0.0,0.0,0.0
1772565945731233367,342.681680896,-19.980850219726562,0.7214271426200867,-58.79536819458008,0.015117404982447624,-0.826861560344696,-5.006789706385462e-06,-0.5622022151947021,-3.0736669195992468,0.0,0.0,0.0,0.0,0.0,0.0
1772565945819883326,342.77033088,-20.0784854888916,0.7206534743309021,-58.7586669921875,0.015648066997528076,-0.8267085552215576,0.0014055073261260986,-0.5624110698699951,-3.0669052490705346,0.0,0.0,0.0,0.0,0.0,0.0
1772565945921655709,342.872103424,-20.176898956298828,0.7208790183067322,-58.722618103027344,0.016986995935440063,-0.8263949155807495,0.002722322940826416,-0.5628281235694885,-3.0566846272964963,0.0,0.0,0.0,0.0,0.0,0.0
1772565946027194164,342.977641728,-20.292804718017578,0.7156621813774109,-58.6766242980957,0.015663502737879753,-0.8260729908943176,0.0025187728460878134,-0.5633397698402405,-3.06303812866602,0.0,0.0,0.0,0.0,0.0,0.0
1772565946146163896,343.096611584,-20.370969772338867,0.7115017771720886,-58.644927978515625,0.014246046543121338,-0.824664831161499,0.001996666193008423,-0.5654388666152954,-3.070204359463143,0.0,0.0,0.0,0.0,0.0,0.0
1772565946241159320,343.19160704,-20.425565719604492,0.7090389132499695,-58.61983108520508,0.013249635696411133,-0.8205399513244629,0.0011611580848693848,-0.5714344382286072,-3.0751227120427593,0.0,0.0,0.0,0.0,0.0,0.0
1772565946337946973,343.288394496,-20.46863555908203,0.7089049220085144,-58.60000991821289,0.013143090531229973,-0.8133420348167419,0.0007702707080170512,-0.5816367268562317,-3.0727476784442844,0.0,0.0,0.0,0.0,0.0,0.0
1772565946451556287,343.402003968,-20.49536895751953,0.7118605971336365,-58.5989875793457,0.013323545455932617,-0.8042638897895813,-0.0020910799503326416,-0.5941193699836731,-3.0771696199880427,0.0,0.0,0.0,0.0,0.0,0.0
1772565946560259609,343.5107072,-20.486988067626953,0.7116944193840027,-58.60251998901367,0.013068944215774536,-0.7976171374320984,-0.0009412169456481934,-0.6030218005180359,-3.069348010872496,0.0,0.0,0.0,0.0,0.0,0.0
1772565946708390596,343.658838272,-20.448087692260742,0.7124523520469666,-58.62331008911133,0.01322633121162653,-0.7881352305412292,-0.0005773008451797068,-0.6153597831726074,-3.058677381905543,0.0,0.0,0.0,0.0,0.0,0.0
1772565946812698209,343.763145728,-20.373313903808594,0.712735116481781,-58.65022659301758,0.012626290321350098,-0.7775237560272217,-0.00015369057655334473,-0.6287268400192261,-3.0488774811915618,0.0,0.0,0.0,0.0,0.0,0.0
1772565946904834675,343.855282176,-20.284454345703125,0.7133356928825378,-58.67674255371094,0.01215860340744257,-0.7678451538085938,0.0003297627263236791,-0.6405200958251953,-3.0354241043743952,0.0,0.0,0.0,0.0,0.0,0.0
1772565947026220427,343.97666816,-20.145591735839844,0.7169716954231262,-58.694095611572266,0.012012243270874023,-0.7541610598564148,0.0013389289379119873,-0.6565783023834229,-2.9980523921484505,0.0,0.0,0.0,0.0,0.0,0.0
1772565947114776685,344.065224192,-19.99763298034668,0.7231668829917908,-58.69705581665039,0.013885021209716797,-0.740200936794281,0.0022239387035369873,-0.6722387075424194,-2.9006038913737617,0.0,0.0,0.0,0.0,0.0,0.0
1772565947250609967,344.201057536,-19.79676628112793,0.7260984778404236,-58.690345764160156,0.013135313987731934,-0.7223758697509766,0.002108335494995117,-0.6913726329803467,-2.676824049968188,0.0,0.0,0.0,0.0,0.0,0.0
1772565947350361028,344.300808704,-19.589298248291016,0.7288743853569031,-58.6739501953125,0.013743489980697632,-0.70461106300354,0.0017921030521392822,-0.7094584703445435,-1.2599046236833822,0.0,0.0,0.0,0.0,0.0,0.0
1772565947464904739,344.41535232,-19.41489028930664,0.7321628928184509,-58.65225601196289,0.01225176453590393,-0.6898989081382751,0.001550823450088501,-0.7238003611564636,-0.37907561991759275,0.0,0.0,0.0,0.0,0.0,0.0
1772565947569845436,344.52029312,-19.24578285217285,0.7340855002403259,-58.637123107910156,0.013309864327311516,-0.6734715104103088,0.0003863870515488088,-0.7390933036804199,-0.19661262759545575,0.0,0.0,0.0,0.0,0.0,0.0
1772565947666415668,344.616863232,-19.14164924621582,0.7361196875572205,-58.64909362792969,0.013428866863250732,-0.6629483699798584,0.00038817524909973145,-0.7485446333885193,-0.15080201635202828,0.0,0.0,0.0,0.0,0.0,0.0
1772565947778690909,344.729138432,-19.04109001159668,0.7412599921226501,-58.64400100708008,0.015329599380493164,-0.6560873985290527,0.001583784818649292,-0.7545275688171387,-0.16040831446222953,0.0,0.0,0.0,0.0,0.0,0.0
1772565947887848503,344.838296064,-18.920148849487305,0.7429819703102112,-58.62624740600586,0.015367300249636173,-0.6548054218292236,-0.00025126340915448964,-0.7556412816047668,-0.1377264027374011,0.0,0.0,0.0,0.0,0.0,0.0
1772565948009199674,344.959647232,-18.81830406188965,0.7440990805625916,-58.610042572021484,0.01478758454322815,-0.6549973487854004,-0.0024088919162750244,-0.7554826736450195,-0.11038024669839458,0.0,0.0,0.0,0.0,0.0,0.0
1772565948149341099,345.0997888,-18.694995880126953,0.7485892176628113,-58.59423828125,0.016036776825785637,-0.6543976664543152,-0.002900749212130904,-0.7559748888015747,-0.11518026999400151,0.0,0.0,0.0,0.0,0.0,0.0
1772565948236098185,345.18654592,-18.57201385498047,0.7532795071601868,-58.57814407348633,0.01730087399482727,-0.6538982391357422,-0.003325909376144409,-0.7563773989677429,-0.1209078533205027,0.0,0.0,0.0,0.0,0.0,0.0
1772565948337363230,345.287810816,-18.470022201538086,0.7565311789512634,-58.564903259277344,0.018361568450927734,-0.6536554098129272,-0.003538370132446289,-0.756561279296875,-0.12753391594601068,0.0,0.0,0.0,0.0,0.0,0.0
1772565948446188912,345.396636416,-18.368684768676758,0.7614087462425232,-58.552024841308594,0.01986461877822876,-0.6533927917480469,-0.0037893354892730713,-0.7567489743232727,-0.13752413236884117,0.0,0.0,0.0,0.0,0.0,0.0
1772565948551046216,345.50149376,-18.265701293945312,0.7643901705741882,-58.53712463378906,0.020094215869903564,-0.6530959010124207,-0.004579663276672363,-0.7569947242736816,-0.13073214731578228,0.0,0.0,0.0,0.0,0.0,0.0
1772565948649719405,345.600166912,-18.14166259765625,0.7690156102180481,-58.520286560058594,0.020803749561309814,-0.6525059938430786,-0.004987448453903198,-0.757481575012207,-0.13125201394824812,0.0,0.0,0.0,0.0,0.0,0.0
1772565948780678385,345.731126016,-18.038904190063477,0.7729628682136536,-58.506126403808594,0.021276742219924927,-0.6520892381668091,-0.005288660526275635,-0.7578252553939819,-0.1312312094967885,0.0,0.0,0.0,0.0,0.0,0.0
1772565948882401800,345.832849408,-17.919082641601562,0.779852569103241,-58.48821258544922,0.022866278886795044,-0.6525371670722961,-0.006276369094848633,-0.7573856115341187,-0.13625979958509407,0.0,0.0,0.0,0.0,0.0,0.0
1772565949023359101,345.973806592,-17.801300048828125,0.7854401469230652,-58.47005081176758,0.02383318543434143,-0.6528753042221069,-0.006962776184082031,-0.7570583820343018,-0.13869831654281367,0.0,0.0,0.0,0.0,0.0,0.0
1772565949134560028,346.085007616,-17.701690673828125,0.7901152968406677,-58.45853805541992,0.025456547737121582,-0.6531404852867126,-0.004382133483886719,-0.75679612159729,-0.17941809177586174,0.0,0.0,0.0,0.0,0.0,0.0
1772565949226883065,346.177330688,-17.599267959594727,0.7953845858573914,-58.444580078125,0.026363611221313477,-0.6534773111343384,-0.003390491008758545,-0.7564792633056641,-0.19834437141774305,0.0,0.0,0.0,0.0,0.0,0.0
1772565949314002025,346.264449536,-17.49608039855957,0.7956995368003845,-58.426361083984375,0.025488078594207764,-0.6538052558898926,-0.006083488464355469,-0.7562090158462524,-0.16488345729578927,0.0,0.0,0.0,0.0,0.0,0.0
1772565949434460716,346.384908288,-17.37088394165039,0.7971348166465759,-58.40402603149414,0.02272769808769226,-0.6535882949829102,-0.006984442472457886,-0.7564767599105835,-0.13076689382646645,0.0,0.0,0.0,0.0,0.0,0.0
1772565949521860069,346.472307712,-17.27071762084961,0.8033561110496521,-58.391700744628906,0.02656957507133484,-0.6534820795059204,-0.0074484944343566895,-0.7564388513565063,-0.15950439308504735,0.0,0.0,0.0,0.0,0.0,0.0
1772565949642512060,346.592959744,-17.126724243164062,0.8117780089378357,-58.37046813964844,0.027070850133895874,-0.6533097624778748,-0.007999062538146973,-0.7565643787384033,-0.15777861702625107,0.0,0.0,0.0,0.0,0.0,0.0
1772565949762330765,346.712778496,-17.0159969329834,0.8196308016777039,-58.35551071166992,0.027851250022649765,-0.65218585729599,-0.007478593848645687,-0.7575103640556335,-0.16601111748551167,0.0,0.0,0.0,0.0,0.0,0.0
1772565949906575196,346.85702272,-16.864105224609375,0.8290215134620667,-58.333587646484375,0.028415530920028687,-0.6499082446098328,-0.006662487983703613,-0.7594521045684814,-0.1711441307834268,0.0,0.0,0.0,0.0,0.0,0.0
1772565950024378481,346.974825984,-16.693519592285156,0.8276943564414978,-58.29996109008789,0.022560536861419678,-0.6469680666923523,-0.008570760488510132,-0.7621350288391113,-0.0987921733034074,0.0,0.0,0.0,0.0,0.0,0.0
1772565950133243646,347.083691264,-16.522029876708984,0.8355674147605896,-58.27203369140625,0.016117870807647705,-0.6395841836929321,-0.0020574629306793213,-0.7685493230819702,-0.09568928299197468,0.0,0.0,0.0,0.0,0.0,0.0
1772565950244462087,347.194909696,-16.333450317382812,0.8457503914833069,-58.230098724365234,0.01911121793091297,-0.6283005475997925,8.520484698237851e-05,-0.7777360081672668,-0.11422915711831036,0.0,0.0,0.0,0.0,0.0,0.0
1772565950344687284,347.295134976,-16.170242309570312,0.8533548712730408,-58.184539794921875,0.017949283123016357,-0.6151559352874756,0.0031329095363616943,-0.7881948947906494,-0.11067997340294376,0.0,0.0,0.0,0.0,0.0,0.0
1772565950452757243,347.403204864,-15.961633682250977,0.8541350960731506,-58.110626220703125,0.015963641926646233,-0.5954859852790833,0.0011484919814392924,-0.8032063841819763,-0.07160331291982727,0.0,0.0,0.0,0.0,0.0,0.0
1772565950563340892,347.513788416,-15.792560577392578,0.850620687007904,-58.03768539428711,0.009141147136688232,-0.5782318115234375,-0.001010507345199585,-0.8158206939697266,-0.02692612819628465,0.0,0.0,0.0,0.0,0.0,0.0
1772565950666378824,347.616826368,-15.66464614868164,0.8484479784965515,-57.98773193359375,0.0015746057033538818,-0.5665040016174316,-0.00396418571472168,-0.8240480422973633,0.01326121398586965,0.0,0.0,0.0,0.0,0.0,0.0
1772565950801799402,347.75224704,-15.53885269165039,0.8498885035514832,-57.94383239746094,0.004617840051651001,-0.5618460178375244,-0.0032521188259124756,-0.8272225856781006,0.0005192701977935175,0.0,0.0,0.0,0.0,0.0,0.0
1772565950911348895,347.861796608,-15.444969177246094,0.8572399020195007,-57.913150787353516,0.007918983697891235,-0.5609734058380127,-0.00015211105346679688,-0.8277959823608398,-0.023288918780286525,0.0,0.0,0.0,0.0,0.0,0.0
1772565951018918263,347.96936576,-15.331342697143555,0.8610990643501282,-57.87303924560547,0.012024314142763615,-0.5606319904327393,0.001975387567654252,-0.8279753923416138,-0.045081630119993145,0.0,0.0,0.0,0.0,0.0,0.0
1772565951120226026,348.070673664,-15.234506607055664,0.8589816689491272,-57.831119537353516,0.00883340835571289,-0.56024569272995,-0.00032192468643188477,-0.8282793760299683,-0.02515114366680128,0.0,0.0,0.0,0.0,0.0,0.0
1772565951218946882,348.169394432,-15.11735725402832,0.8563602566719055,-57.78173065185547,0.005646765232086182,-0.5596204400062561,-0.0027654170989990234,-0.8287252187728882,-0.004647685353954145,0.0,0.0,0.0,0.0,0.0,0.0
1772565951323529452,348.273977088,-15.001276016235352,0.8534694314002991,-57.73229217529297,0.0025944411754608154,-0.5590310096740723,-0.004981338977813721,-0.8291277885437012,0.014294344876974913,0.0,0.0,0.0,0.0,0.0,0.0
1772565951450256013,348.400703744,-14.884550094604492,0.8500663638114929,-57.68222427368164,-0.001435816171579063,-0.5584724545478821,-0.007600515149533749,-0.8294869661331177,0.03777178311415489,0.0,0.0,0.0,0.0,0.0,0.0
1772565951573564965,348.524012544,-14.769279479980469,0.8494724631309509,-57.6342658996582,-0.00044909119606018066,-0.5581080913543701,-0.008968144655227661,-0.8297196626663208,0.04079615030105611,0.0,0.0,0.0,0.0,0.0,0.0
1772565951695349644,348.645797376,-14.673702239990234,0.8492185473442078,-57.59455108642578,0.00033780932426452637,-0.5578827857971191,-0.009815454483032227,-0.8298617005348206,0.042149149463316035,0.0,0.0,0.0,0.0,0.0,0.0
1772565951798430430,348.74887808,-14.577844619750977,0.8506850600242615,-57.555416107177734,0.0007787645445205271,-0.557382345199585,-0.010018141008913517,-0.8301951885223389,0.04163512085483124,0.0,0.0,0.0,0.0,0.0,0.0
1772565951901578318,348.852025856,-14.482023239135742,0.8514780402183533,-57.516353607177734,0.001185685396194458,-0.5568642020225525,-0.009503185749053955,-0.8305484056472778,0.03808555101021406,0.0,0.0,0.0,0.0,0.0,0.0
1772565951986079632,348.93652736,-14.366661071777344,0.8531826138496399,-57.467674255371094,0.0013746024342253804,-0.5568609237670898,-0.01004305575042963,-0.8305438756942749,0.03989207387052718,0.0,0.0,0.0,0.0,0.0,0.0
1772565952091988156,349.04243584,-14.27061653137207,0.8540379405021667,-57.42671585083008,0.002073436975479126,-0.5569724440574646,-0.011477768421173096,-0.830449104309082,0.04414139601980355,0.0,0.0,0.0,0.0,0.0,0.0
1772565952194022022,349.14446976,-14.170055389404297,0.8560561537742615,-57.38394546508789,0.0025742948055267334,-0.5577893257141113,-0.012285858392715454,-0.8298876285552979,0.046384477381464735,0.0,0.0,0.0,0.0,0.0,0.0
1772565952309435613,349.259883264,-14.018239974975586,0.8593694567680359,-57.322967529296875,0.002193510765209794,-0.559746503829956,-0.011373908258974552,-0.8285829424858093,0.04390753977695315,0.0,0.0,0.0,0.0,0.0,0.0
1772565952437439702,349.38788736,-13.86775016784668,0.8621990084648132,-57.262752532958984,0.0023347437381744385,-0.561398446559906,-0.011104971170425415,-0.8274678587913513,0.0426267035031882,0.0,0.0,0.0,0.0,0.0,0.0
1772565952538102708,349.4885504,-13.661355972290039,0.8674187064170837,-57.17852783203125,0.0025016963481903076,-0.5637497305870056,-0.010603576898574829,-0.825873851776123,0.04032926477938468,0.0,0.0,0.0,0.0,0.0,0.0
1772565952635603790,349.586051328,-13.478286743164062,0.8709673285484314,-57.10600280761719,0.0025228261947631836,-0.5654841661453247,-0.010013073682785034,-0.8246945142745972,0.037905597799740065,0.0,0.0,0.0,0.0,0.0,0.0
1772565952739137542,349.689585152,-13.321800231933594,0.8709331154823303,-57.05064392089844,0.0020118653774261475,-0.5660383105278015,-0.002667248249053955,-0.8243721723556519,0.005902217763539734,0.0,0.0,0.0,0.0,0.0,0.0
1772565952843362111,349.793809664,-13.213275909423828,0.8718015551567078,-57.00894546508789,0.0021725597325712442,-0.5663098096847534,-0.001993984216824174,-0.8241872191429138,0.0023039515654262005,0.0,0.0,0.0,0.0,0.0,0.0
1772565952937548783,349.887996416,-13.118528366088867,0.8729025721549988,-56.96952438354492,0.002982228994369507,-0.5667436718940735,-0.004718601703643799,-0.8238753080368042,0.012290398408746711,0.0,0.0,0.0,0.0,0.0,0.0
1772565953042361883,349.992809472,-13.003162384033203,0.8743669390678406,-56.92041778564453,0.004040747880935669,-0.5676068663597107,-0.009767621755599976,-0.8232318758964539,0.03232743359648132,0.0,0.0,0.0,0.0,0.0,0.0
1772565953150090541,350.100538112,-12.870420455932617,0.8761677145957947,-56.875816345214844,0.0039781928062438965,-0.5698678493499756,-0.007922440767288208,-0.8216885328292847,0.02421346511117333,0.0,0.0,0.0,0.0,0.0,0.0
1772565953319739705,350.270187264,-12.655040740966797,0.8772301077842712,-56.79631805419922,0.004410535097122192,-0.5713261961936951,-0.004934787750244141,-0.8206964135169983,0.00881568837353708,0.0,0.0,0.0,0.0,0.0,0.0
1772565953449780680,350.400228352,-12.43570327758789,0.8793756365776062,-56.71300506591797,0.00579869793727994,-0.573098361492157,-0.004796833265572786,-0.8194521069526672,0.003541827520196119,0.0,0.0,0.0,0.0,0.0,0.0
1772565953538222357,350.488669952,-12.277876853942871,0.8807632327079773,-56.65552520751953,0.006772667169570923,-0.5742812156677246,-0.004732578992843628,-0.8186163902282715,-8.960466200692997e-05,0.0,0.0,0.0,0.0,0.0,0.0
1772565953634128815,350.584576512,-12.131171226501465,0.8830164074897766,-56.60044860839844,0.007399052381515503,-0.576548159122467,-0.004071742296218872,-0.8170195817947388,-0.005604675005846476,0.0,0.0,0.0,0.0,0.0,0.0
1772565953749366132,350.699813632,-11.985313415527344,0.886592447757721,-56.54890823364258,0.007759213447570801,-0.5797972679138184,-0.005093902349472046,-0.8147079944610596,-0.0021288627629521186,0.0,0.0,0.0,0.0,0.0,0.0
1772565953850028290,350.800475904,-11.826582908630371,0.8887163996696472,-56.49399948120117,0.0073663583025336266,-0.5825722813606262,-0.004763036500662565,-0.8127315044403076,-0.0026176824524908214,0.0,0.0,0.0,0.0,0.0,0.0
1772565953946335901,350.896783616,-11.619804382324219,0.8940593600273132,-56.4217643737793,0.006321609020233154,-0.5854703783988953,-0.005684316158294678,-0.8106492161750793,0.005769128411699494,0.0,0.0,0.0,0.0,0.0,0.0
1772565954057798405,351.008246016,-11.470385551452637,0.8928684592247009,-56.371559143066406,0.005911052227020264,-0.5868074297904968,-0.00416487455368042,-0.8096942901611328,-0.0006192135466713284,0.0,0.0,0.0,0.0,0.0,0.0
1772565954156138623,351.106586112,-11.363253593444824,0.893687903881073,-56.336238861083984,0.0046401917934417725,-0.5877541899681091,-0.00360107421875,-0.8090182542800903,0.0012039090010543456,0.0,0.0,0.0,0.0,0.0,0.0
1772565954291443137,351.241890816,-11.261736869812012,0.8959960341453552,-56.3051872253418,0.003424763912335038,-0.5887457728385925,-0.0018181802006438375,-0.8083089590072632,-0.0035642133793346293,0.0,0.0,0.0,0.0,0.0,0.0
1772565954402323703,351.352771328,-11.14413070678711,0.8993400931358337,-56.26774597167969,0.0031298398971557617,-0.5902355313301086,-0.0029476284980773926,-0.8072196245193481,0.003509181377472397,0.0,0.0,0.0,0.0,0.0,0.0
1772565954498206643,351.448654336,-11.048386573791504,0.9013869166374207,-56.23694610595703,0.003998309373855591,-0.591530442237854,-0.005420804023742676,-0.8062546253204346,0.013363160183889517,0.0,0.0,0.0,0.0,0.0,0.0
1772565954597285110,351.547732736,-10.92910385131836,0.9019379019737244,-56.20161819458008,0.0041356380097568035,-0.5928019285202026,-0.00485193682834506,-0.8053230047225952,0.009798685466375584,0.0,0.0,0.0,0.0,0.0,0.0
1772565954729459250,351.679906816,-10.807271957397461,0.9017505049705505,-56.16722869873047,0.004675745498389006,-0.5939950942993164,-0.0037445719353854656,-0.8044463396072388,0.0015965193977228508,0.0,0.0,0.0,0.0,0.0,0.0
1772565954846825421,351.797273088,-10.704463958740234,0.9004165530204773,-56.13679885864258,0.0035897493362426758,-0.5944635272026062,-0.001998037099838257,-0.8041121363639832,-0.003596821859722357,0.0,0.0,0.0,0.0,0.0,0.0
1772565954940490952,351.890938624,-10.580360412597656,0.8992956280708313,-56.09904098510742,0.0021590888500213623,-0.5946740508079529,-0.00026619434356689453,-0.8039640188217163,-0.007310088991564544,0.0,0.0,0.0,0.0,0.0,0.0
1772565955050665900,352.0011136,-10.457208633422852,0.8995563387870789,-56.061038970947266,0.0010694860247895122,-0.595048725605011,0.0011646448401734233,-0.8036880493164062,-0.010775722077277672,0.0,0.0,0.0,0.0,0.0,0.0
1772565955202405347,352.152852992,-10.334531784057617,0.900615394115448,-56.02287292480469,1.290440559387207e-05,-0.5951998233795166,0.0014194250106811523,-0.8035764694213867,-0.00787917968089121,0.0,0.0,0.0,0.0,0.0,0.0
1772565955297870241,352.248317952,-10.232779502868652,0.9009935259819031,-55.99298095703125,0.0004885494709014893,-0.5949547290802002,0.0015892088413238525,-0.8037575483322144,-0.010737399220810257,0.0,0.0,0.0,0.0,0.0,0.0
1772565955402454491,352.352902144,-10.131470680236816,0.9016682505607605,-55.96403121948242,0.001543521648272872,-0.5947001576423645,0.0023737249430269003,-0.8039426803588867,-0.0193124822688099,0.0,0.0,0.0,0.0,0.0,0.0
1772565955520465147,352.470912768,-10.03056812286377,0.9016277194023132,-55.93327331542969,0.0021438002586364746,-0.5948574542999268,0.002147883176803589,-0.8038254976272583,-0.0205375452592517,0.0,0.0,0.0,0.0,0.0,0.0
1772565955598447346,352.548894976,-9.909355163574219,0.9003881812095642,-55.89545822143555,0.0016588566359132528,-0.5951287150382996,0.0014334319857880473,-0.8036273717880249,-0.01466896525116612,0.0,0.0,0.0,0.0,0.0,0.0
1772565955743393864,352.693841408,-9.787951469421387,0.8996157050132751,-55.85791778564453,0.0010100601939484477,-0.595221757888794,0.0009196995524689555,-0.8035603165626526,-0.009197749731249618,0.0,0.0,0.0,0.0,0.0,0.0
1772565955817920204,352.768367872,-9.68639850616455,0.8998960852622986,-55.827388763427734,0.000593334436416626,-0.5949147939682007,0.0008325576782226562,-0.8037881851196289,-0.006997514384300394,0.0,0.0,0.0,0.0,0.0,0.0
1772565955945042429,352.895490048,-9.584847450256348,0.9001705050468445,-55.79800033569336,0.0008825063705444336,-0.5944334268569946,0.001259922981262207,-0.8041434288024902,-0.010485658930453303,0.0,0.0,0.0,0.0,0.0,0.0
1772565956049375288,352.999822848,-9.463836669921875,0.9015094637870789,-55.76249694824219,0.001679062843322754,-0.5941653847694397,0.0020045042037963867,-0.8043386936187744,-0.017757248463441185,0.0,0.0,0.0,0.0,0.0,0.0
1772565956149687989,353.10013568,-9.363031387329102,0.9025387167930603,-55.73217010498047,0.0019662082195281982,-0.5940143465995789,0.0022163093090057373,-0.8044490218162537,-0.02005183674818105,0.0,0.0,0.0,0.0,0.0,0.0
1772565956295405190,353.245852928,-9.242533683776855,0.9013828635215759,-55.69434356689453,0.0015422403812408447,-0.5936499834060669,0.0015891790390014648,-0.804720401763916,-0.014868384042434924,0.0,0.0,0.0,0.0,0.0,0.0
1772565956410336444,353.360784128,-9.122214317321777,0.9001070857048035,-55.6563720703125,0.001020878553390503,-0.5933182239532471,0.0009262263774871826,-0.8049668669700623,-0.009131755376886696,0.0,0.0,0.0,0.0,0.0,0.0
1772565956493360317,353.443808,-9.001421928405762,0.8988856673240662,-55.618465423583984,0.000583559216465801,-0.5930821299552917,0.0003173947043251246,-0.8051416873931885,-0.004058204381414808,0.0,0.0,0.0,0.0,0.0,0.0
1772565956602680832,353.553128448,-8.899800300598145,0.9003018736839294,-55.587406158447266,-0.00042247766396030784,-0.5927516222000122,0.0007179080857895315,-0.8053849935531616,-0.0022050358195690634,0.0,0.0,0.0,0.0,0.0,0.0
1772565956724049451,353.674497024,-8.799373626708984,0.9015293717384338,-55.557682037353516,-0.0004974305047653615,-0.5923261046409607,0.0013072489527985454,-0.8056972026824951,-0.005086215160202263,0.0,0.0,0.0,0.0,0.0,0.0
1772565956839571650,353.790019328,-8.699681282043457,0.9018198847770691,-55.52869415283203,0.0005122125148773193,-0.5919023752212524,0.001964390277862549,-0.8060071468353271,-0.012605554517410555,0.0,0.0,0.0,0.0,0.0,0.0
1772565956946372316,353.896819968,-8.580299377441406,0.9004624485969543,-55.49106979370117,0.00024431946803815663,-0.5912095904350281,0.0014738143654540181,-0.8065166473388672,-0.00885939648528495,0.0,0.0,0.0,0.0,0.0,0.0
1772565957033132558,353.98358016,-8.480273246765137,0.8994304537773132,-55.4593505859375,-0.00028923150966875255,-0.5907104015350342,0.000432729662861675,-0.8068835735321045,-0.0011803858856503748,0.0,0.0,0.0,0.0,0.0,0.0
1772565957149321627,354.099769344,-8.360108375549316,0.8980137705802917,-55.4205207824707,-0.0006074905395507812,-0.5901222229003906,-0.00016254186630249023,-0.8073136806488037,0.003226989991880997,0.0,0.0,0.0,0.0,0.0,0.0
1772565957249377634,354.199825152,-8.239401817321777,0.8965277075767517,-55.3817138671875,-0.0009657441405579448,-0.5897872447967529,-0.0004080235376022756,-0.8075579404830933,0.005909108109230915,0.0,0.0,0.0,0.0,0.0,0.0
1772565957349610415,354.300058112,-8.139503479003906,0.8965354561805725,-55.34978485107422,-0.0006223619566299021,-0.5897257328033447,-0.000888228474650532,-0.8076029419898987,0.007123378724201251,0.0,0.0,0.0,0.0,0.0,0.0
1772565957458363266,354.408811008,-8.038899421691895,0.8964802622795105,-55.31755828857422,-0.0006315708160400391,-0.589745283126831,-0.0008516907691955566,-0.8075886368751526,0.006966268780739003,0.0,0.0,0.0,0.0,0.0,0.0
1772565957561871039,354.51231872,-7.9379353523254395,0.8965292572975159,-55.28496170043945,-0.0014917850494384766,-0.589759349822998,-0.000609666109085083,-0.8075774908065796,0.009016150155245014,0.0,0.0,0.0,0.0,0.0,0.0
1772565957666880091,354.617327616,-7.817636013031006,0.8964971899986267,-55.246337890625,-0.0020745694637298584,-0.5898070931434631,-0.00035569071769714355,-0.8075414896011353,0.009931021426186161,0.0,0.0,0.0,0.0,0.0,0.0
1772565957770080075,354.720527616,-7.718212604522705,0.895756185054779,-55.21516036987305,-0.0017930269241333008,-0.5903644561767578,0.00012674927711486816,-0.8071348667144775,0.006312961041005903,0.0,0.0,0.0,0.0,0.0,0.0
1772565957882080714,354.832528384,-7.603964328765869,0.8952913880348206,-55.17811965942383,-0.0018954277038574219,-0.5921995639801025,0.00011742115020751953,-0.8057891130447388,0.006884399594337391,0.0,0.0,0.0,0.0,0.0,0.0
1772565957987865444,354.93831296,-7.512429714202881,0.8944506049156189,-55.15092849731445,-0.00202101469039917,-0.5950733423233032,0.0008009672164916992,-0.8036684989929199,0.0038312997124641916,0.0,0.0,0.0,0.0,0.0,0.0
1772565958106349594,355.056797184,-7.425049304962158,0.8940221667289734,-55.123870849609375,-0.002486437326297164,-0.5991876721382141,0.0011054276255890727,-0.8006039261817932,0.004290392943879007,0.0,0.0,0.0,0.0,0.0,0.0
1772565958215904652,355.166352384,-7.336530685424805,0.8932819962501526,-55.09846115112305,-0.0026684999465942383,-0.6047652363777161,0.0008633434772491455,-0.7963988780975342,0.006898908902126383,0.0,0.0,0.0,0.0,0.0,0.0
1772565958291036174,355.241483776,-7.236929893493652,0.8944942355155945,-55.07698440551758,-0.002199828624725342,-0.6118545532226562,0.0005124807357788086,-0.7909671068191528,0.007486859482077938,0.0,0.0,0.0,0.0,0.0,0.0
1772565958404083562,355.354531072,-7.110278606414795,0.8947650790214539,-55.054542541503906,-0.0017592906951904297,-0.6204746961593628,0.00017243623733520508,-0.7842245101928711,0.008315235775081479,0.0,0.0,0.0,0.0,0.0,0.0
1772565958506569667,355.457017344,-6.947823524475098,0.8960166573524475,-55.02932357788086,-0.0009412466315552592,-0.6290220022201538,-0.00017222760652657598,-0.7773869037628174,0.006958033430358442,0.0,0.0,0.0,0.0,0.0,0.0
1772565958610141652,355.560589312,-6.841580867767334,0.8967096209526062,-55.00752258300781,-0.000817030668258667,-0.6300638914108276,-0.0010480880737304688,-0.7765421867370605,0.01289665280534739,0.0,0.0,0.0,0.0,0.0,0.0
1772565958738436585,355.688884224,-6.740268230438232,0.8974534869194031,-54.98628616333008,-0.0005086064338684082,-0.6298999190330505,-0.001666635274887085,-0.7766743898391724,0.015642516297509682,0.0,0.0,0.0,0.0,0.0,0.0
1772565958836559030,355.78700672,-6.618911266326904,0.8981944918632507,-54.96070861816406,-0.00020587441395036876,-0.6297529339790344,-0.002371907001361251,-0.7767918109893799,0.019069456447237263,0.0,0.0,0.0,0.0,0.0,0.0
1772565958950253989,355.900701696,-6.517672061920166,0.8985645174980164,-54.939517974853516,1.6868114471435547e-05,-0.62966388463974,-0.0027185678482055664,-0.7768629789352417,0.020296812812844258,0.0,0.0,0.0,0.0,0.0,0.0
1772565959040256051,355.990703616,-6.416654109954834,0.8996953368186951,-54.917930603027344,0.00017759203910827637,-0.6296705603599548,-0.0034281909465789795,-0.7768547534942627,0.02464527242457775,0.0,0.0,0.0,0.0,0.0,0.0
1772565959146476647,356.09692416,-6.295419216156006,0.9004445672035217,-54.892215728759766,0.0005955100059509277,-0.6296437978744507,-0.004150331020355225,-0.7768726944923401,0.027514347222303066,0.0,0.0,0.0,0.0,0.0,0.0
1772565959258187812,356.208635392,-6.193562030792236,0.9006230235099792,-54.871177673339844,0.001439422369003296,-0.6296120285987854,-0.004385203123092651,-0.7768959999084473,0.02413919442130482,0.0,0.0,0.0,0.0,0.0,0.0
1772565959353642258,356.304089856,-6.090322017669678,0.9015106558799744,-54.84916305541992,0.0016096231993287802,-0.6295150518417358,-0.005179285537451506,-0.776969313621521,0.029030696699384503,0.0,0.0,0.0,0.0,0.0,0.0
1772565959492797887,356.443245568,-5.981074810028076,0.9023484587669373,-54.82712173461914,0.00277101993560791,-0.6294251084327698,-0.0052123963832855225,-0.7770387530326843,0.022213630130932076,0.0,0.0,0.0,0.0,0.0,0.0
1772565959561968007,356.512415744,-5.849216938018799,0.902958333492279,-54.79889678955078,0.0033095180988311768,-0.6293344497680664,-0.00614592432975769,-0.7771033048629761,0.025915414857208267,0.0,0.0,0.0,0.0,0.0,0.0
1772565959673561483,356.624009216,-5.7375407218933105,0.9041423201560974,-54.77430725097656,0.0027111470699310303,-0.6292168498039246,-0.007054716348648071,-0.7771931290626526,0.03628845363810774,0.0,0.0,0.0,0.0,0.0,0.0
1772565959780114968,356.73056256,-5.625701427459717,0.905185878276825,-54.75019454956055,0.0025884807109832764,-0.6291064620018005,-0.007636547088623047,-0.7772773504257202,0.041326364499660664,0.0,0.0,0.0,0.0,0.0,0.0
1772565959882480561,356.832928256,-5.52158784866333,0.9053530097007751,-54.72975158691406,0.0045697991736233234,-0.6289311647415161,-0.007579267490655184,-0.7774106860160828,0.028904372966207015,0.0,0.0,0.0,0.0,0.0,0.0
1772565959995742140,356.946189824,-5.419816970825195,0.9066528677940369,-54.70863723754883,0.005336791276931763,-0.6287865042686462,-0.007855206727981567,-0.7775200009346008,0.026311109683861002,0.0,0.0,0.0,0.0,0.0,0.0
1772565960091928333,357.042375936,-5.298440456390381,0.9083307385444641,-54.68345260620117,0.006180942058563232,-0.6286659836769104,-0.00792577862739563,-0.7776105403900146,0.02174506564408928,0.0,0.0,0.0,0.0,0.0,0.0
1772565960210394639,357.16084224,-5.180488109588623,0.9105080962181091,-54.657440185546875,0.0052720909006893635,-0.6288303732872009,-0.007933706976473331,-0.7774842381477356,0.027292973499363,0.0,0.0,0.0,0.0,0.0,0.0
1772565960322363693,357.272811264,-5.079587459564209,0.9120880961418152,-54.635684967041016,0.004545032978057861,-0.6290100812911987,-0.007758677005767822,-0.7773451209068298,0.030409801490078173,0.0,0.0,0.0,0.0,0.0,0.0
1772565960434146833,357.384594432,-4.959198951721191,0.9149948954582214,-54.61025619506836,0.004860133398324251,-0.6290924549102783,-0.007799715269356966,-0.7772762179374695,0.028836376185116145,0.0,0.0,0.0,0.0,0.0,0.0
1772565960538018920,357.488466432,-4.863744258880615,0.9184195399284363,-54.58892822265625,0.004185498226433992,-0.6290112137794495,-0.008778632618486881,-0.7773354649543762,0.04017501893304903,0.0,0.0,0.0,0.0,0.0,0.0
1772565960633791154,357.584238848,-4.764834403991699,0.9213511347770691,-54.5683708190918,0.0044724345207214355,-0.6287277936935425,-0.009170383214950562,-0.7775585651397705,0.0412562462619162,0.0,0.0,0.0,0.0,0.0,0.0
1772565960739242598,357.689690112,-4.666835308074951,0.9234132170677185,-54.54848861694336,0.005560368299484253,-0.6284846067428589,-0.009383589029312134,-0.7777454853057861,0.03623530174522896,0.0,0.0,0.0,0.0,0.0,0.0
1772565960857369893,357.807817472,-4.555945873260498,0.926569402217865,-54.5243034362793,0.0052009522914886475,-0.6282948851585388,-0.010158360004425049,-0.7778916358947754,0.04404860710783978,0.0,0.0,0.0,0.0,0.0,0.0
1772565960994513500,357.944961024,-4.4672160148620605,0.9285504221916199,-54.50489044189453,0.0046536619774997234,-0.628116250038147,-0.010670154355466366,-0.7780325412750244,0.051008149892905655,0.0,0.0,0.0,0.0,0.0,0.0
1772565961087559410,358.03800704,-4.361121654510498,0.9312209486961365,-54.48313903808594,0.005734086036682129,-0.6278202533721924,-0.011000126600265503,-0.7782595157623291,0.04689091231077213,0.0,0.0,0.0,0.0,0.0,0.0
1772565961195250500,358.145698048,-4.261362075805664,0.9334670901298523,-54.46356201171875,0.00728413462638855,-0.6275143027305603,-0.01060834527015686,-0.7784987092018127,0.034738362042657296,0.0,0.0,0.0,0.0,0.0,0.0
1772565961307384073,358.25783168,-4.1931233406066895,0.9334315657615662,-54.448944091796875,0.007394938729703426,-0.627596914768219,-0.010181157849729061,-0.7784367799758911,0.030969107168175854,0.0,0.0,0.0,0.0,0.0,0.0
1772565961409861325,358.360308992,-4.126996040344238,0.9342860579490662,-54.43461608886719,0.007545113563537598,-0.6281247138977051,-0.009164571762084961,-0.7780221700668335,0.02268611605120367,0.0,0.0,0.0,0.0,0.0,0.0
1772565961521940206,358.47238784,-4.0886688232421875,0.9351111054420471,-54.4251708984375,0.0075490474700927734,-0.6284937262535095,-0.00926157832145691,-0.7777228951454163,0.023429282053413828,0.0,0.0,0.0,0.0,0.0,0.0
1772565961633847644,358.584295168,-4.0657429695129395,0.9360632300376892,-54.419315338134766,0.007527470588684082,-0.6295563578605652,-0.008922427892684937,-0.776867151260376,0.021164936008571503,0.0,0.0,0.0,0.0,0.0,0.0
1772565961750019508,358.7004672,-4.0667724609375,0.9356245398521423,-54.41521453857422,0.007659255526959896,-0.6313148140907288,-0.009027390740811825,-0.775436282157898,0.021353920696396553,0.0,0.0,0.0,0.0,0.0,0.0
1772565961850265189,358.800712704,-4.076301097869873,0.9356035590171814,-54.41365051269531,0.007603645324707031,-0.6330658197402954,-0.00920817255973816,-0.7740059494972229,0.023331505243707737,0.0,0.0,0.0,0.0,0.0,0.0
1772565961950219324,358.90066688,-4.081901550292969,0.9353324770927429,-54.41250991821289,0.007602810859680176,-0.6349987387657166,-0.009230643510818481,-0.7724205255508423,0.023804892702897328,0.0,0.0,0.0,0.0,0.0,0.0
1772565962070983809,359.021431552,-4.0933146476745605,0.9349474310874939,-54.410888671875,0.007712960243225098,-0.6375722885131836,-0.008864074945449829,-0.7703009247779846,0.020446454071831998,0.0,0.0,0.0,0.0,0.0,0.0
1772565962209993248,359.160440832,-4.1065592765808105,0.9342107176780701,-54.408172607421875,0.007803617976605892,-0.6393187642097473,-0.009508549235761166,-0.7688433527946472,0.02545575629053297,0.0,0.0,0.0,0.0,0.0,0.0
1772565962311495180,359.261942784,-4.112830638885498,0.9336900115013123,-54.404502868652344,0.007853299379348755,-0.6412224173545837,-0.01008915901184082,-0.7672485113143921,0.030477644430967094,0.0,0.0,0.0,0.0,0.0,0.0
1772565962401789260,359.3522368,-4.115614891052246,0.9338473677635193,-54.40700912475586,0.007616519927978516,-0.6436517834663391,-0.009674906730651855,-0.7652194499969482,0.029203046547485123,0.0,0.0,0.0,0.0,0.0,0.0
1772565962514105669,359.464553216,-4.0868144035339355,0.9352671504020691,-54.402496337890625,0.00778573751449585,-0.6439695358276367,-0.010190397500991821,-0.7649436593055725,0.03263303573413846,0.0,0.0,0.0,0.0,0.0,0.0
1772565962628009918,359.5784576,-3.980475902557373,0.9392039179801941,-54.38347244262695,0.008467525243759155,-0.6442794799804688,-0.010693848133087158,-0.7646685242652893,0.03208957481653123,0.0,0.0,0.0,0.0,0.0,0.0
1772565962737672839,359.688120576,-3.880298137664795,0.9426235556602478,-54.364871978759766,0.008677245117723942,-0.6445925235748291,-0.011600823141634464,-0.7643890976905823,0.03879070790307072,0.0,0.0,0.0,0.0,0.0,0.0
1772565962858528647,359.808976384,-3.7587921619415283,0.9457888007164001,-54.34260940551758,0.00871968362480402,-0.6449184417724609,-0.01213932130485773,-0.7641052007675171,0.04348633100899915,0.0,0.0,0.0,0.0,0.0,0.0
1772565962997551460,359.947998976,-3.657119035720825,0.9478705525398254,-54.32430648803711,0.008932740427553654,-0.6452248692512512,-0.012264669872820377,-0.7638421058654785,0.04312484613499584,0.0,0.0,0.0,0.0,0.0,0.0
1772565963073858996,360.024306688,-3.5338995456695557,0.9507375359535217,-54.302268981933594,0.008899897336959839,-0.645707905292511,-0.01222240924835205,-0.763434886932373,0.04320307046880062,0.0,0.0,0.0,0.0,0.0,0.0
1772565963186990390,360.137437952,-3.409132719039917,0.9525784850120544,-54.28186798095703,0.008860588073730469,-0.6463742852210999,-0.01027989387512207,-0.7628998756408691,0.025760590418254178,0.0,0.0,0.0,0.0,0.0,0.0
1772565963311376265,360.261824,-3.292544364929199,0.9568611979484558,-54.26325988769531,0.009301274083554745,-0.6488377451896667,-0.01131936814635992,-0.760785698890686,0.03265254187548827,0.0,0.0,0.0,0.0,0.0,0.0
1772565963424174290,360.374621952,-3.2097113132476807,0.9600507616996765,-54.25074005126953,0.00907465722411871,-0.6523773074150085,-0.009847222827374935,-0.7577760219573975,0.020747306758237685,0.0,0.0,0.0,0.0,0.0,0.0
1772565963546519823,360.496967424,-3.138568878173828,0.9623927474021912,-54.24315643310547,0.007467359304428101,-0.6562188267707825,-0.007743179798126221,-0.7544939517974854,0.013588355237623235,0.0,0.0,0.0,0.0,0.0,0.0
1772565963649548148,360.599995648,-3.0713489055633545,0.9639484286308289,-54.23716735839844,0.007385224103927612,-0.6604382991790771,-0.007188558578491211,-0.7508096694946289,0.00815032739700737,0.0,0.0,0.0,0.0,0.0,0.0
1772565963753406387,360.70385408,-2.985649585723877,0.9655634760856628,-54.229454040527344,0.007437407970428467,-0.6673029065132141,-0.009879440069198608,-0.7446838617324829,0.04381171032005258,0.0,0.0,0.0,0.0,0.0,0.0
1772565963904375563,360.854823168,-2.899217128753662,0.9682020545005798,-54.227989196777344,0.00879907701164484,-0.6755684614181519,-0.013173372484743595,-0.7371271252632141,0.08649214764248728,0.0,0.0,0.0,0.0,0.0,0.0
1772565964001068479,360.95151616,-2.7912566661834717,0.9671844840049744,-54.23432159423828,0.0059216320514678955,-0.6880084276199341,-0.007925152778625488,-0.725635290145874,0.0629916886414272,0.0,0.0,0.0,0.0,0.0,0.0
1772565964131062710,361.0815104,-2.693336248397827,0.9657453894615173,-54.23969268798828,0.0023321211338043213,-0.7013801336288452,-0.0003866255283355713,-0.7127835154533386,-0.16705764351945757,0.0,0.0,0.0,0.0,0.0,0.0
1772565964204214003,361.154661632,-2.601879596710205,0.9670689702033997,-54.2271614074707,0.00300636887550354,-0.716214120388031,-0.001085907220840454,-0.6978733539581299,-3.0343693339961155,0.0,0.0,0.0,0.0,0.0,0.0
1772565964313094571,361.263542272,-2.496727228164673,0.9687080979347229,-54.24523162841797,0.0023647546768188477,-0.732353150844574,-0.00102311372756958,-0.6809201240539551,-3.113116187322897,0.0,0.0,0.0,0.0,0.0,0.0
1772565964426154362,361.376601856,-2.3763914108276367,0.9683167338371277,-54.269046783447266,0.003522038459777832,-0.7429310083389282,-0.0017362534999847412,-0.6693565845489502,-3.113602411494553,0.0,0.0,0.0,0.0,0.0,0.0
1772565964542432423,361.492880128,-2.270576238632202,0.9666332602500916,-54.284000396728516,0.001691192388534546,-0.7478660941123962,-0.001621633768081665,-0.6638454794883728,-3.138418109069049,0.0,0.0,0.0,0.0,0.0,0.0
1772565964633595921,361.58404352,-2.1641924381256104,0.9653307795524597,-54.2975959777832,0.0005371868028305471,-0.7491634488105774,-0.000779002788476646,-0.662384569644928,3.139738529417636,0.0,0.0,0.0,0.0,0.0,0.0
1772565964750637566,361.701085184,-2.057424783706665,0.9646419882774353,-54.30734634399414,-0.00479501485824585,-0.748257040977478,0.0008503496646881104,-0.66339111328125,3.0911458694128027,0.0,0.0,0.0,0.0,0.0,0.0
1772565964849288788,361.79973632,-1.9392261505126953,0.9630433917045593,-54.31920623779297,-0.007066488265991211,-0.7461944818496704,0.0008753538131713867,-0.6656899452209473,3.0592146311675212,0.0,0.0,0.0,0.0,0.0,0.0
1772565964949613027,361.900060672,-1.7900350093841553,0.9615593552589417,-54.3349494934082,-0.007247209548950195,-0.7419918179512024,0.0012090206146240234,-0.6703686714172363,3.051499306266551,0.0,0.0,0.0,0.0,0.0,0.0
1772565965048905215,361.999352832,-1.6490635871887207,0.9602314829826355,-54.345947265625,-0.007201701402664185,-0.7393754720687866,0.001403719186782837,-0.6732534170150757,3.0480386862759157,0.0,0.0,0.0,0.0,0.0,0.0
1772565965162029820,362.11247744,-1.4931068420410156,0.9587604403495789,-54.358787536621094,-0.008875548839569092,-0.7362725138664246,0.0007444620132446289,-0.6766266226768494,2.9992967835932047,0.0,0.0,0.0,0.0,0.0,0.0
1772565965258843105,362.209290752,-1.3551726341247559,0.9549404978752136,-54.374366760253906,-0.0077062249183654785,-0.7325936555862427,0.001208573579788208,-0.6806215643882751,3.0109080223441564,0.0,0.0,0.0,0.0,0.0,0.0
1772565965401608299,362.352055808,-1.2272698879241943,0.9543187022209167,-54.38486862182617,-0.0062101781368255615,-0.7315772771835327,0.0008040964603424072,-0.681729793548584,3.0285995092693,0.0,0.0,0.0,0.0,0.0,0.0
1772565965505884524,362.456332032,-1.1241159439086914,0.9570335745811462,-54.39283752441406,-0.004826068878173828,-0.7321457862854004,4.6372413635253906e-05,-0.6811308860778809,3.044725636236805,0.0,0.0,0.0,0.0,0.0,0.0
1772565965603586474,362.554034176,-1.023275375366211,0.9589688181877136,-54.399261474609375,-0.0037962496280670166,-0.7325302362442017,-0.0017652511596679688,-0.680721640586853,3.033218023133707,0.0,0.0,0.0,0.0,0.0,0.0
1772565965691499584,362.641947136,-0.9036827087402344,0.9618843197822571,-54.40737533569336,-0.0024525225162506104,-0.7329563498497009,-0.003282874822616577,-0.680263340473175,3.0337615423737656,0.0,0.0,0.0,0.0,0.0,0.0
1772565965804523924,362.754971648,-0.784080982208252,0.9651996493339539,-54.415279388427734,-0.0012440979480743408,-0.7332991361618042,-0.004859060049057007,-0.6798877716064453,3.0303773440912836,0.0,0.0,0.0,0.0,0.0,0.0
1772565965949424227,362.899871744,-0.6843705177307129,0.9685449004173279,-54.42227554321289,3.522634506225586e-05,-0.733573317527771,-0.006156295537948608,-0.6795824766159058,3.033083710108109,0.0,0.0,0.0,0.0,0.0,0.0
1772565966051291181,363.001738752,-0.564903736114502,0.9715508818626404,-54.43107986450195,0.0013948380947113037,-0.7340329885482788,-0.007689028978347778,-0.6790688633918762,3.034003039067143,0.0,0.0,0.0,0.0,0.0,0.0
1772565966144524499,363.09497216,-0.46497440338134766,0.973357617855072,-54.43806076049805,0.002570241689682007,-0.7342773675918579,-0.0089646577835083,-0.6787855625152588,3.0350298899837314,0.0,0.0,0.0,0.0,0.0,0.0
1772565966250313235,363.200760832,-0.3636150360107422,0.9749752879142761,-54.44519805908203,0.0030317604541778564,-0.7345498204231262,-0.0095253586769104,-0.6784812211990356,3.0351776975280136,0.0,0.0,0.0,0.0,0.0,0.0
1772565966350978425,363.30142592,-0.23965692520141602,0.9728838801383972,-54.45387649536133,0.0027164816856384277,-0.7348964214324951,-0.009252846240997314,-0.6781108379364014,3.0354616419354468,0.0,0.0,0.0,0.0,0.0,0.0
1772565966464259425,363.414706944,-0.1360483169555664,0.9704001545906067,-54.461307525634766,0.0023133456707000732,-0.7351863384246826,-0.008959829807281494,-0.6778019666671753,3.034260713361968,0.0,0.0,0.0,0.0,0.0,0.0
1772565966592467946,363.542915584,-0.012056827545166016,0.9707316756248474,-54.47113800048828,0.0031297507230192423,-0.7355908155441284,-0.008471936918795109,-0.6773658990859985,3.0583086827742316,0.0,0.0,0.0,0.0,0.0,0.0
1772565966688163508,363.6386112,0.09192276000976562,0.9706292748451233,-54.48548126220703,0.004838436841964722,-0.735951840877533,-0.001786559820175171,-0.6770143508911133,-3.085168686402373,0.0,0.0,0.0,0.0,0.0,0.0
1772565966792321183,363.742768896,0.2191309928894043,0.9709646105766296,-54.50278091430664,0.007096022367477417,-0.7363389134407043,0.006206005811691284,-0.6765472888946533,-2.9220549645631775,0.0,0.0,0.0,0.0,0.0,0.0
1772565966926913617,363.877361152,0.32491064071655273,0.9715622067451477,-54.51511764526367,0.008673340082168579,-0.7366496920585632,0.01052790880203247,-0.6761369705200195,-2.835645204798709,0.0,0.0,0.0,0.0,0.0,0.0
1772565967041143270,363.991590912,0.45072174072265625,0.9717819094657898,-54.52777099609375,0.009847402572631836,-0.7369949221611023,0.012559324502944946,-0.6757099032402039,-2.792995158518941,0.0,0.0,0.0,0.0,0.0,0.0
1772565967145152674,364.095600384,0.5740804672241211,0.9721428751945496,-54.538143157958984,0.010579735040664673,-0.7372965216636658,0.01214560866355896,-0.6753773093223572,-2.7909488105966886,0.0,0.0,0.0,0.0,0.0,0.0
1772565967240961497,364.191409152,0.6761775016784668,0.972082793712616,-54.54458999633789,0.01062995195388794,-0.737575888633728,0.009626507759094238,-0.6751120090484619,-2.8272923251322264,0.0,0.0,0.0,0.0,0.0,0.0
1772565967350075394,364.300523008,0.7957878112792969,0.9728650450706482,-54.549991607666016,0.010201483964920044,-0.7379758358001709,0.003971219062805176,-0.6747384071350098,-2.91670712919946,0.0,0.0,0.0,0.0,0.0,0.0
1772565967450483675,364.400931328,0.8959455490112305,0.9735967516899109,-54.558082580566406,0.010848850011825562,-0.7381923794746399,0.0024919509887695312,-0.674498438835144,-2.929210278088781,0.0,0.0,0.0,0.0,0.0,0.0
1772565967593222343,364.543670016,0.9999470710754395,0.9735292792320251,-54.569759368896484,0.012035936117172241,-0.738374650478363,0.00559079647064209,-0.6742602586746216,-2.8687329043482785,0.0,0.0,0.0,0.0,0.0,0.0
1772565967694629323,364.645076992,1.1444954872131348,0.9743255972862244,-54.58342742919922,0.013031452894210815,-0.7388338446617126,0.0059653520584106445,-0.6737352609634399,-2.852658875677767,0.0,0.0,0.0,0.0,0.0,0.0
1772565967837885502,364.788333056,1.2461214065551758,0.9745979905128479,-54.59063720703125,0.013059794902801514,-0.7391005754470825,0.003762543201446533,-0.6734579801559448,-2.884138313525208,0.0,0.0,0.0,0.0,0.0,0.0
1772565967942849377,364.893296896,1.3695917129516602,0.9720302224159241,-54.60091018676758,0.014548838138580322,-0.7394481301307678,0.0017383992671966553,-0.6730540990829468,-2.8919623333666307,0.0,0.0,0.0,0.0,0.0,0.0
1772565968045208379,364.995655936,1.4959235191345215,0.9682075381278992,-54.61756896972656,0.017792463302612305,-0.7397274374961853,0.0064063966274261475,-0.6726409196853638,-2.787346434826848,0.0,0.0,0.0,0.0,0.0,0.0
1772565968144346050,365.094793728,1.60111665725708,0.9683379530906677,-54.62968444824219,0.019108235836029053,-0.7400735020637512,0.009078294038772583,-0.672193169593811,-2.740917068507156,0.0,0.0,0.0,0.0,0.0,0.0
1772565968245728510,365.196176128,1.704972267150879,0.9700371623039246,-54.639556884765625,0.019464343786239624,-0.7403590679168701,0.009421676397323608,-0.6718637943267822,-2.7353904597471197,0.0,0.0,0.0,0.0,0.0,0.0
1772565968394068193,365.34451584,1.8278908729553223,0.9722948670387268,-54.64899826049805,0.01909276656806469,-0.7408145666122437,0.007149546407163143,-0.6714001297950745,-2.7716914995851893,0.0,0.0,0.0,0.0,0.0,0.0
1772565968493886550,365.44433408,1.9518680572509766,0.9745693802833557,-54.65838623046875,0.018633157014846802,-0.741274893283844,0.005185127258300781,-0.6709228157997131,-2.805624399241502,0.0,0.0,0.0,0.0,0.0,0.0
1772565968612583537,365.56303104,2.0569992065429688,0.975626528263092,-54.66874694824219,0.018819063901901245,-0.7415598630905151,0.006410121917724609,-0.6705921292304993,-2.7912377587402584,0.0,0.0,0.0,0.0,0.0,0.0
1772565968694832255,365.645279744,2.183098316192627,0.9755180478096008,-54.68207550048828,0.019642798230051994,-0.7419378757476807,0.008084981702268124,-0.6701321005821228,-2.76489823176361,0.0,0.0,0.0,0.0,0.0,0.0
1772565968836307343,365.786755072,2.288003444671631,0.9748774170875549,-54.69368362426758,0.0206129252910614,-0.7420759201049805,0.01018059253692627,-0.6699215769767761,-2.73083355173052,0.0,0.0,0.0,0.0,0.0,0.0
1772565968927533054,365.877980672,2.395315647125244,0.9717811942100525,-54.708984375,0.020970523357391357,-0.7422359585762024,0.01717713475227356,-0.6695902347564697,-2.6553658936628093,0.0,0.0,0.0,0.0,0.0,0.0
1772565969045989437,365.996436992,2.527733325958252,0.9677442908287048,-54.729278564453125,0.02211710624396801,-0.7422581911087036,0.02720215544104576,-0.669196367263794,-2.551422432278561,0.0,0.0,0.0,0.0,0.0,0.0
1772565969146479887,366.096927488,2.657360076904297,0.9671153426170349,-54.74406051635742,0.022049305960536003,-0.742627739906311,0.029073532670736313,-0.6687097549438477,-2.541493506968038,0.0,0.0,0.0,0.0,0.0,0.0
1772565969246621021,366.197068544,2.761157989501953,0.9666935801506042,-54.75672912597656,0.022652002051472664,-0.7432547807693481,0.02949238009750843,-0.6679741740226746,-2.540652646720714,0.0,0.0,0.0,0.0,0.0,0.0
1772565969392401317,366.342849024,2.8837647438049316,0.9667879939079285,-54.771629333496094,0.02367076463997364,-0.7439208030700684,0.028956832364201546,-0.6672203540802002,-2.543972070949994,0.0,0.0,0.0,0.0,0.0,0.0
1772565969471021914,366.42146944,2.9871644973754883,0.9654074311256409,-54.78406524658203,0.02360587939620018,-0.744330644607544,0.03020092472434044,-0.666710376739502,-2.5401158286047876,0.0,0.0,0.0,0.0,0.0,0.0
1772565969597539742,366.547987456,3.1148476600646973,0.9605106711387634,-54.799156188964844,0.02238568663597107,-0.7447242736816406,0.031978607177734375,-0.6662297248840332,-2.5426582449599797,0.0,0.0,0.0,0.0,0.0,0.0
1772565969696986872,366.647434496,3.243225574493408,0.9556202292442322,-54.814369201660156,0.021399736404418945,-0.7451395988464355,0.03325971961021423,-0.6657348275184631,-2.547124340149368,0.0,0.0,0.0,0.0,0.0,0.0
1772565969803864586,366.754312192,3.371674060821533,0.9506198763847351,-54.82981491088867,0.02037927694618702,-0.7456626892089844,0.03456524387001991,-0.6651142835617065,-2.5530154115399117,0.0,0.0,0.0,0.0,0.0,0.0
1772565969938446314,366.888893952,3.4800610542297363,0.9469197392463684,-54.84353256225586,0.019074469804763794,-0.7457055449485779,0.03730165958404541,-0.6649571657180786,-2.545016114363815,0.0,0.0,0.0,0.0,0.0,0.0
1772565970051713909,367.002161408,3.5860581398010254,0.9453909993171692,-54.857696533203125,0.020255059003829956,-0.7453528642654419,0.03842824697494507,-0.6652535200119019,-2.5221834345540164,0.0,0.0,0.0,0.0,0.0,0.0
1772565970150553799,367.101001472,3.712728977203369,0.9416543841362,-54.87242126464844,0.020213544368743896,-0.7450667023658752,0.038399845361709595,-0.6655768156051636,-2.5191160105968375,0.0,0.0,0.0,0.0,0.0,0.0
1772565970251779398,367.202226944,3.8188376426696777,0.9384711384773254,-54.8846435546875,0.02022966742515564,-0.744841456413269,0.03798666596412659,-0.6658520698547363,-2.5190408740064107,0.0,0.0,0.0,0.0,0.0,0.0
1772565970347145986,367.2975936,3.945700168609619,0.9338995814323425,-54.89887619018555,0.019856572151184082,-0.7446247935295105,0.03752177953720093,-0.6661319732666016,-2.52288339685019,0.0,0.0,0.0,0.0,0.0,0.0
1772565970502379120,367.452826624,4.073001384735107,0.9292585253715515,-54.91312789916992,0.019512474536895752,-0.7443433403968811,0.03710964322090149,-0.6664797067642212,-2.52531922887039,0.0,0.0,0.0,0.0,0.0,0.0
1772565970570351900,367.520799488,4.179255962371826,0.9262339472770691,-54.92488479614258,0.019010156393051147,-0.7442243099212646,0.036937415599823,-0.6666367053985596,-2.5295589982700455,0.0,0.0,0.0,0.0,0.0,0.0
1772565970673851023,367.624298752,4.283273220062256,0.9248620867729187,-54.938941955566406,0.020211398601531982,-0.7438029050827026,0.03785461187362671,-0.6670200824737549,-2.5066168803440383,0.0,0.0,0.0,0.0,0.0,0.0
1772565970786578672,367.737026304,4.4004740715026855,0.9215068221092224,-54.952125549316406,0.019577620550990105,-0.7434274554252625,0.037938471883535385,-0.6674526333808899,-2.5066132700055315,0.0,0.0,0.0,0.0,0.0,0.0
1772565970906128915,367.856576512,4.482698917388916,0.9183184504508972,-54.95801544189453,0.015781641006469727,-0.7431568503379822,0.03714287281036377,-0.6678991317749023,-2.543830397633546,0.0,0.0,0.0,0.0,0.0,0.0
1772565971017641046,367.968088576,4.558162212371826,0.9158872961997986,-54.96092224121094,0.009374082088470459,-0.7428101897239685,0.036227643489837646,-0.6684555411338806,-2.6104770335449796,0.0,0.0,0.0,0.0,0.0,0.0
1772565971149261903,368.09970944,4.612838268280029,0.9134814143180847,-54.96907043457031,0.011743009090423584,-0.7426227927207947,0.036324888467788696,-0.6686210036277771,-2.5829505680151224,0.0,0.0,0.0,0.0,0.0,0.0
1772565971306350226,368.256797952,4.670215129852295,0.910737931728363,-54.980323791503906,0.017466099932789803,-0.7424936890602112,0.03678843751549721,-0.6686140894889832,-2.5218665157648656,0.0,0.0,0.0,0.0,0.0,0.0
1772565971418665276,368.369112832,4.719888210296631,0.9088827967643738,-54.98783493041992,0.019532352685928345,-0.7422826290130615,0.03705543279647827,-0.6687765121459961,-2.4979341887277844,0.0,0.0,0.0,0.0,0.0,0.0
1772565971498231865,368.448679424,4.7625813484191895,0.907852828502655,-54.99199676513672,0.018749117851257324,-0.7420065999031067,0.03683146834373474,-0.6691175103187561,-2.5029304031891577,0.0,0.0,0.0,0.0,0.0,0.0
1772565971602425203,368.552872704,4.811721324920654,0.9059335589408875,-54.9976692199707,0.019133029505610466,-0.7418379187583923,0.036645498126745224,-0.6693038940429688,-2.498453488107464,0.0,0.0,0.0,0.0,0.0,0.0
1772565971713541294,368.663988992,4.878754138946533,0.9035528302192688,-55.002967834472656,0.017887741327285767,-0.7414466738700867,0.036528199911117554,-0.6697779893875122,-2.505392542003206,0.0,0.0,0.0,0.0,0.0,0.0
1772565971837103156,368.78755072,4.9513773918151855,0.9007238745689392,-55.0088996887207,0.015630066394805908,-0.7411089539527893,0.03630903363227844,-0.6702200770378113,-2.523918064866553,0.0,0.0,0.0,0.0,0.0,0.0
1772565971934341448,368.884788992,5.038978099822998,0.8965720534324646,-55.01811981201172,0.015227913856506348,-0.740839421749115,0.03624522686004639,-0.6705306172370911,-2.5245358653533616,0.0,0.0,0.0,0.0,0.0,0.0
1772565972033419505,368.983867136,5.124514102935791,0.8941343426704407,-55.02701187133789,0.015015006996691227,-0.7404998540878296,0.0356544591486454,-0.6709420680999756,-2.5266477227590367,0.0,0.0,0.0,0.0,0.0,0.0
1772565972149665834,369.100113408,5.210554599761963,0.891556441783905,-55.03652572631836,0.015457957983016968,-0.7401910424232483,0.035594016313552856,-0.6712759733200073,-2.5182740221847864,0.0,0.0,0.0,0.0,0.0,0.0
1772565972250455772,369.200903424,5.283738613128662,0.8876408934593201,-55.04228210449219,0.012954771518707275,-0.7398661375045776,0.035647451877593994,-0.6716841459274292,-2.538382549896593,0.0,0.0,0.0,0.0,0.0,0.0
1772565972377551391,369.327998976,5.372653484344482,0.8824998736381531,-55.0493278503418,0.01034313440322876,-0.7394983172416687,0.035468071699142456,-0.6721438765525818,-2.5621096372033234,0.0,0.0,0.0,0.0,0.0,0.0
1772565972521531302,369.471979008,5.460412502288818,0.878818929195404,-55.057159423828125,0.008356690406799316,-0.7391207814216614,0.03572842478752136,-0.6725727915763855,-2.575897863808698,0.0,0.0,0.0,0.0,0.0,0.0
1772565972618441766,369.568889344,5.5334086418151855,0.8750202059745789,-55.06393051147461,0.007356226444244385,-0.7388466000556946,0.03592589497566223,-0.672875165939331,-2.581194597265303,0.0,0.0,0.0,0.0,0.0,0.0
1772565972723020984,369.673468672,5.606853008270264,0.8711311221122742,-55.07017517089844,0.0060222153551876545,-0.7386313676834106,0.03606319800019264,-0.6731172800064087,-2.5918637649750926,0.0,0.0,0.0,0.0,0.0,0.0
1772565972829521335,369.779969024,5.680164813995361,0.8676742911338806,-55.076194763183594,0.004765331745147705,-0.7384342551231384,0.03592115640640259,-0.6733512878417969,-2.6049523841764928,0.0,0.0,0.0,0.0,0.0,0.0
1772565972930752687,369.881200384,5.767503261566162,0.8639916777610779,-55.08260726928711,0.0026931464672088623,-0.7382726669311523,0.03566908836364746,-0.6735532879829407,-2.6298762722099713,0.0,0.0,0.0,0.0,0.0,0.0
1772565973029216788,369.979664384,5.8552069664001465,0.8597010970115662,-55.08943557739258,0.001039057970046997,-0.7380268573760986,0.03541478514671326,-0.6738406419754028,-2.6494247574319894,0.0,0.0,0.0,0.0,0.0,0.0
1772565973130006616,370.080454144,5.926681041717529,0.8566171526908875,-55.09549331665039,0.0015645325183868408,-0.737898051738739,0.03481653332710266,-0.6740117073059082,-2.6474742056846594,0.0,0.0,0.0,0.0,0.0,0.0
1772565973232093019,370.182540544,5.998326778411865,0.8533031344413757,-55.101348876953125,0.0021709203720092773,-0.7377527356147766,0.0342501699924469,-0.6741981506347656,-2.6439276828257805,0.0,0.0,0.0,0.0,0.0,0.0
1772565973350703434,370.301150976,6.069407939910889,0.8501108288764954,-55.10719299316406,0.002861708402633667,-0.7376257181167603,0.03358343243598938,-0.6743680834770203,-2.6406578774256495,0.0,0.0,0.0,0.0,0.0,0.0
1772565973449457384,370.399905024,6.155349254608154,0.8455355763435364,-55.11438751220703,0.00338822603225708,-0.7374426126480103,0.032999515533447266,-0.6745947003364563,-2.6377396053635733,0.0,0.0,0.0,0.0,0.0,0.0
1772565973549942931,370.500390656,6.2273783683776855,0.8411661982536316,-55.12064743041992,0.004091173876076937,-0.7373591661453247,0.033033404499292374,-0.6746803522109985,-2.6273493166899846,0.0,0.0,0.0,0.0,0.0,0.0
1772565973684166624,370.634614272,6.2997517585754395,0.8364173769950867,-55.12723922729492,0.004745572339743376,-0.7371848821640015,0.03310897573828697,-0.6748628616333008,-2.615832727337471,0.0,0.0,0.0,0.0,0.0,0.0
1772565973783740750,370.734188288,6.3721489906311035,0.8329079747200012,-55.133155822753906,0.004594355821609497,-0.7372688055038452,0.03253597021102905,-0.6748000383377075,-2.6250996159272977,0.0,0.0,0.0,0.0,0.0,0.0
1772565973880776653,370.83122432,6.4593634605407715,0.8293473124504089,-55.138580322265625,0.003475039731711149,-0.7374901175498962,0.03132220730185509,-0.6746222376823425,-2.6557854259901714,0.0,0.0,0.0,0.0,0.0,0.0
1772565973984858386,370.935305984,6.532105922698975,0.8261715769767761,-55.14337158203125,0.002804666757583618,-0.7376611232757568,0.03041595220565796,-0.6744799017906189,-2.6770701378579207,0.0,0.0,0.0,0.0,0.0,0.0
1772565974085680401,371.036128,6.6042704582214355,0.8231406807899475,-55.1488037109375,0.002332836389541626,-0.7378021478652954,0.0298861563205719,-0.6743510961532593,-2.691251957785038,0.0,0.0,0.0,0.0,0.0,0.0
1772565974210379598,371.160827136,6.675422191619873,0.8208990693092346,-55.15537643432617,0.0030504167079925537,-0.7379189729690552,0.029218465089797974,-0.6742497086524963,-2.6910323534369005,0.0,0.0,0.0,0.0,0.0,0.0
1772565974303928302,371.254375936,6.74553918838501,0.8187620043754578,-55.16196060180664,0.0037657315842807293,-0.7381463646888733,0.028355564922094345,-0.6740339398384094,-2.694544276445665,0.0,0.0,0.0,0.0,0.0,0.0
1772565974391449071,371.341896704,6.830047130584717,0.8157331347465515,-55.169254302978516,0.003924518823623657,-0.7384533286094666,0.027126342058181763,-0.6737474203109741,-2.710601525802133,0.0,0.0,0.0,0.0,0.0,0.0
1772565974546381223,371.496828928,6.916958332061768,0.8118187785148621,-55.18012237548828,0.004522383213043213,-0.7387840151786804,0.029962211847305298,-0.6732608079910278,-2.67514518544601,0.0,0.0,0.0,0.0,0.0,0.0
1772565974647226203,371.597673728,7.008004665374756,0.8047683835029602,-55.19386672973633,0.003718823194503784,-0.73902428150177,0.03793737292289734,-0.6725994348526001,-2.605707597299821,0.0,0.0,0.0,0.0,0.0,0.0
1772565974746137204,371.696584704,7.0824294090271,0.8002772927284241,-55.200355529785156,0.003492027521133423,-0.7390822768211365,0.03768843412399292,-0.6725510358810425,-2.6115659315174717,0.0,0.0,0.0,0.0,0.0,0.0
1772565974849281201,371.799728896,7.155410289764404,0.7959083914756775,-55.20724868774414,0.0031697750091552734,-0.73923659324646,0.03807568550109863,-0.6723611354827881,-2.613670793397121,0.0,0.0,0.0,0.0,0.0,0.0
1772565974950259922,371.900707584,7.242503643035889,0.7924584746360779,-55.214744567871094,0.0025276541709899902,-0.7393446564674377,0.03808033466339111,-0.6722447872161865,-2.6225489797953987,0.0,0.0,0.0,0.0,0.0,0.0
1772565975077903344,372.028350976,7.328919887542725,0.7874998450279236,-55.22193145751953,0.002050071954727173,-0.7394915819168091,0.03781190514564514,-0.6720999479293823,-2.6327778663993633,0.0,0.0,0.0,0.0,0.0,0.0
1772565975177227364,372.12767488,7.400411128997803,0.7834042906761169,-55.22803497314453,0.002285003662109375,-0.7397963404655457,0.0377689003944397,-0.6717660427093506,-2.634607172634839,0.0,0.0,0.0,0.0,0.0,0.0
1772565975277400782,372.227848448,7.472243785858154,0.7803754210472107,-55.234493255615234,0.0025866329669952393,-0.7401413321495056,0.03823915123939514,-0.6713582873344421,-2.631187034480663,0.0,0.0,0.0,0.0,0.0,0.0
1772565975377279602,372.327727104,7.544209957122803,0.7771705985069275,-55.24184799194336,0.002810597186908126,-0.7400883436203003,0.03826722130179405,-0.6714141964912415,-2.627645260469231,0.0,0.0,0.0,0.0,0.0,0.0
1772565975490722150,372.441169664,7.630401134490967,0.7730022072792053,-55.250457763671875,0.0028698148671537638,-0.7399770021438599,0.03808954730629921,-0.6715467572212219,-2.627181944108628,0.0,0.0,0.0,0.0,0.0,0.0
1772565975604811392,372.55525888,7.701259136199951,0.768974244594574,-55.25747299194336,0.003086179494857788,-0.7399717569351196,0.03797304630279541,-0.6715582013130188,-2.625764970847768,0.0,0.0,0.0,0.0,0.0,0.0
1772565975701221208,372.651668736,7.771514415740967,0.7648293375968933,-55.26418685913086,0.0034137368202209473,-0.740069568157196,0.037843286991119385,-0.6714560985565186,-2.624607559627885,0.0,0.0,0.0,0.0,0.0,0.0
1772565975820719691,372.771167232,7.8418097496032715,0.7607588171958923,-55.27010726928711,0.003929584752768278,-0.7403972744941711,0.037615176290273666,-0.6711047291755676,-2.625360336582468,0.0,0.0,0.0,0.0,0.0,0.0
1772565975947535418,372.897982976,7.926280498504639,0.7563747763633728,-55.27735900878906,0.004002243280410767,-0.7407680749893188,0.03772670030593872,-0.6706887483596802,-2.628412339556978,0.0,0.0,0.0,0.0,0.0,0.0
1772565976049343834,372.99979136,8.011215209960938,0.7511917948722839,-55.284759521484375,0.003425359260290861,-0.740990161895752,0.037567224353551865,-0.6704555153846741,-2.6393189792126837,0.0,0.0,0.0,0.0,0.0,0.0
1772565976149479291,373.099926784,8.08165168762207,0.7470158934593201,-55.29069519042969,0.00278395414352417,-0.7408595085144043,0.03720083832740784,-0.6706233024597168,-2.6484389216328186,0.0,0.0,0.0,0.0,0.0,0.0
1772565976258932984,373.209380608,8.166227340698242,0.7440099120140076,-55.299034118652344,0.002478569746017456,-0.7406986951828003,0.038058072328567505,-0.670754075050354,-2.6415461050491063,0.0,0.0,0.0,0.0,0.0,0.0
1772565976379058432,373.329506048,8.250585556030273,0.7398086190223694,-55.30744934082031,0.0030381083488464355,-0.7405359745025635,0.038547664880752563,-0.6709033846855164,-2.6283751560395,0.0,0.0,0.0,0.0,0.0,0.0
1772565976508445390,373.458893056,8.320472717285156,0.7363998293876648,-55.31381607055664,0.0033698976039886475,-0.7403733730316162,0.038403600454330444,-0.6710894703865051,-2.623835647189934,0.0,0.0,0.0,0.0,0.0,0.0
1772565976608250083,373.558697728,8.390230178833008,0.7331323027610779,-55.319725036621094,0.0035967230796813965,-0.7401056885719299,0.03815343976020813,-0.6713978052139282,-2.6200466698296156,0.0,0.0,0.0,0.0,0.0,0.0
1772565976698791727,373.649239296,8.460124969482422,0.729573667049408,-55.32574462890625,0.0037328600883483887,-0.7399278879165649,0.03786781430244446,-0.6716091632843018,-2.6188180897029016,0.0,0.0,0.0,0.0,0.0,0.0
1772565976810137880,373.760585472,8.544111251831055,0.7255498766899109,-55.3348274230957,0.004010319709777832,-0.7402011752128601,0.03791457414627075,-0.6713037490844727,-2.618953761414494,0.0,0.0,0.0,0.0,0.0,0.0
1772565976889773450,373.840221184,8.614917755126953,0.7212986350059509,-55.34223556518555,0.0032036895863711834,-0.7405791282653809,0.03860976919531822,-0.6708514094352722,-2.6264976901032955,0.0,0.0,0.0,0.0,0.0,0.0
1772565977002455636,373.952903168,8.685190200805664,0.717280924320221,-55.348594665527344,0.0033243598882108927,-0.7410575151443481,0.03752679005265236,-0.670383870601654,-2.641715689644041,0.0,0.0,0.0,0.0,0.0,0.0
1772565977114045506,374.064493056,8.774986267089844,0.7124244570732117,-55.35607147216797,0.0036526620388031006,-0.7417595982551575,0.037483930587768555,-0.6696076393127441,-2.6473860680524735,0.0,0.0,0.0,0.0,0.0,0.0
1772565977226106026,374.176553728,8.856229782104492,0.7089394927024841,-55.363887786865234,0.004031151067465544,-0.7422160506248474,0.037992652505636215,-0.6690707206726074,-2.6441751122446577,0.0,0.0,0.0,0.0,0.0,0.0
1772565977350617779,374.301065472,8.953557968139648,0.7046658396720886,-55.37242126464844,0.0033076703548431396,-0.743144154548645,0.038117825984954834,-0.6680365800857544,-2.662223541117182,0.0,0.0,0.0,0.0,0.0,0.0
1772565977438804592,374.389252096,9.049345016479492,0.7003936171531677,-55.384944915771484,0.0040961503982543945,-0.7441509366035461,0.038459956645965576,-0.6668909788131714,-2.6624715218991275,0.0,0.0,0.0,0.0,0.0,0.0
1772565977545634234,374.49608192,9.156045913696289,0.6941775679588318,-55.39643478393555,0.004542678594589233,-0.7452479004859924,0.038816869258880615,-0.665641188621521,-2.6671371090181224,0.0,0.0,0.0,0.0,0.0,0.0
1772565977650041119,374.600488704,9.231836318969727,0.6908393502235413,-55.40425109863281,0.004235446453094482,-0.7463362812995911,0.037744224071502686,-0.664484441280365,-2.691445809321818,0.0,0.0,0.0,0.0,0.0,0.0
1772565977747764532,374.698212096,9.302238464355469,0.6876875758171082,-55.41122055053711,0.003945380449295044,-0.7466228008270264,0.03667595982551575,-0.6642242670059204,-2.7067674592647673,0.0,0.0,0.0,0.0,0.0,0.0
1772565977849836134,374.800283648,9.372516632080078,0.6846663355827332,-55.418216705322266,0.003567129373550415,-0.7466684579849243,0.0356920063495636,-0.6642285585403442,-2.71991847199238,0.0,0.0,0.0,0.0,0.0,0.0
1772565978002331800,374.95277952,9.456558227539062,0.6817988753318787,-55.42888641357422,0.004005104303359985,-0.7463707327842712,0.03525528311729431,-0.6645839810371399,-2.716190384207575,0.0,0.0,0.0,0.0,0.0,0.0
1772565978113408102,375.063855616,9.525371551513672,0.6795408129692078,-55.43808364868164,0.004932194948196411,-0.7461625933647156,0.034814417362213135,-0.6648346185684204,-2.708184758985823,0.0,0.0,0.0,0.0,0.0,0.0
1772565978213176737,375.163624448,9.606727600097656,0.6779558062553406,-55.448238372802734,0.005636841058731079,-0.7459304332733154,0.03418275713920593,-0.6651222705841064,-2.703975883837889,0.0,0.0,0.0,0.0,0.0,0.0
1772565978297501759,375.247949312,9.674638748168945,0.6761898398399353,-55.4569091796875,0.0062198638916015625,-0.7456614375114441,0.033836811780929565,-0.6654362678527832,-2.6980715517685976,0.0,0.0,0.0,0.0,0.0,0.0
1772565978411706019,375.362153728,9.751689910888672,0.674189031124115,-55.465423583984375,0.00595402717590332,-0.7455264329910278,0.03350883722305298,-0.6656064987182617,-2.702457554658557,0.0,0.0,0.0,0.0,0.0,0.0
1772565978514819495,375.4652672,9.811058044433594,0.6725355982780457,-55.47163772583008,0.005492597818374634,-0.7454617023468018,0.0330643355846405,-0.6657052636146545,-2.710821862092759,0.0,0.0,0.0,0.0,0.0,0.0
1772565978649304643,375.599752192,9.86782455444336,0.6709452271461487,-55.477874755859375,0.005354464519768953,-0.745352566242218,0.03264069929718971,-0.6658493876457214,-2.715107598456953,0.0,0.0,0.0,0.0,0.0,0.0
1772565978749318071,375.69976576,9.933113098144531,0.6690022349357605,-55.48548889160156,0.005733996629714966,-0.7452827095985413,0.03220951557159424,-0.6659455299377441,-2.7142495071023762,0.0,0.0,0.0,0.0,0.0,0.0
1772565978842374284,375.792822016,9.986307144165039,0.6663520932197571,-55.491817474365234,0.006720185279846191,-0.7452948689460754,0.03152218461036682,-0.6659555435180664,-2.710012922754614,0.0,0.0,0.0,0.0,0.0,0.0
1772565978949855738,375.90030336,10.038022994995117,0.663688600063324,-55.498783111572266,0.008475154638290405,-0.7452610731124878,0.03108060359954834,-0.6659941673278809,-2.694746537662065,0.0,0.0,0.0,0.0,0.0,0.0
1772565979049398234,375.999845888,10.087806701660156,0.6616198420524597,-55.50625228881836,0.011014909483492374,-0.7452451586723328,0.03088611550629139,-0.6659838557243347,-2.6693734649722147,0.0,0.0,0.0,0.0,0.0,0.0
1772565979149873562,376.10032128,10.140762329101562,0.6593286395072937,-55.513275146484375,0.012619076296687126,-0.7451704144477844,0.030286457389593124,-0.6660665273666382,-2.6571258447213433,0.0,0.0,0.0,0.0,0.0,0.0
1772565979258558947,376.209006592,10.17837142944336,0.6578270792961121,-55.51694869995117,0.012426167726516724,-0.7450639009475708,0.02948269248008728,-0.6662253141403198,-2.6650881897637793,0.0,0.0,0.0,0.0,0.0,0.0
1772565979362042189,376.312489728,10.213510513305664,0.6557595133781433,-55.521121978759766,0.012759268283843994,-0.7450145483016968,0.029433012008666992,-0.6662763953208923,-2.66148771320212,0.0,0.0,0.0,0.0,0.0,0.0
1772565979458412477,376.40886016,10.255720138549805,0.6554362177848816,-55.527687072753906,0.015045970678329468,-0.7449929118156433,0.029244661331176758,-0.6662612557411194,-2.6392250715140166,0.0,0.0,0.0,0.0,0.0,0.0
1772565979594528929,376.54497664,10.328540802001953,0.6529743075370789,-55.53744888305664,0.01665535569190979,-0.7448212504386902,0.028907984495162964,-0.6664295196533203,-2.623773857714461,0.0,0.0,0.0,0.0,0.0,0.0
1772565979714449175,376.664896768,10.394512176513672,0.6508607268333435,-55.546268463134766,0.018270432949066162,-0.7446644306182861,0.02855980396270752,-0.6665774583816528,-2.6086710786842824,0.0,0.0,0.0,0.0,0.0,0.0
1772565979831403414,376.781851136,10.475212097167969,0.6490172743797302,-55.55561828613281,0.018474668264389038,-0.7443564534187317,0.02778598666191101,-0.6669483780860901,-2.6095223440217215,0.0,0.0,0.0,0.0,0.0,0.0
1772565979912971117,376.863418624,10.557016372680664,0.6473597884178162,-55.5654411315918,0.018593519926071167,-0.7440184354782104,0.02742353081703186,-0.6673371195793152,-2.607350394560508,0.0,0.0,0.0,0.0,0.0,0.0
1772565980032801026,376.98324864,10.624948501586914,0.6452696919441223,-55.5742073059082,0.019812315702438354,-0.7436912059783936,0.027102500200271606,-0.6676797866821289,-2.5937817851167884,0.0,0.0,0.0,0.0,0.0,0.0
1772565980106001810,377.056449536,10.69390869140625,0.6433464884757996,-55.58132553100586,0.018772901967167854,-0.7434408664703369,0.02667987532913685,-0.668005645275116,-2.60490961343997,0.0,0.0,0.0,0.0,0.0,0.0
1772565980217770313,377.168217856,10.7611083984375,0.6410874724388123,-55.588741302490234,0.018939495086669922,-0.743251383304596,0.026354819536209106,-0.668224573135376,-2.6037043224879364,0.0,0.0,0.0,0.0,0.0,0.0
1772565980351219473,377.301667072,10.818443298339844,0.6396153569221497,-55.59423828125,0.018331320956349373,-0.7431758046150208,0.025874527171254158,-0.6683444380760193,-2.6133544915797287,0.0,0.0,0.0,0.0,0.0,0.0
1772565980449663117,377.400110848,10.876813888549805,0.638279139995575,-55.599239349365234,0.017088113352656364,-0.7430365681648254,0.025383438915014267,-0.6685509085655212,-2.629251365159844,0.0,0.0,0.0,0.0,0.0,0.0
1772565980549924483,377.500372224,10.928075790405273,0.6369184851646423,-55.60382080078125,0.016098350286483765,-0.7429433465003967,0.024862229824066162,-0.6686986684799194,-2.6436556113234713,0.0,0.0,0.0,0.0,0.0,0.0
1772565980697422023,377.647869696,10.966512680053711,0.634333074092865,-55.60743713378906,0.015709906816482544,-0.7428897023200989,0.024574756622314453,-0.6687781810760498,-2.649980875288545,0.0,0.0,0.0,0.0,0.0,0.0
1772565980768341992,377.718789632,10.99770736694336,0.6349858641624451,-55.61042022705078,0.015236765146255493,-0.7427904605865479,0.02440395951271057,-0.6689056158065796,-2.6556514123930874,0.0,0.0,0.0,0.0,0.0,0.0
1772565980866994583,377.817442304,11.034082412719727,0.6329829096794128,-55.614295959472656,0.015523791313171387,-0.7427788376808167,0.024063944816589355,-0.6689242720603943,-2.6555937753430348,0.0,0.0,0.0,0.0,0.0,0.0
1772565981016799740,377.96724736,11.057907104492188,0.6332873702049255,-55.616920471191406,0.01557496190071106,-0.7427391409873962,0.024027585983276367,-0.6689683198928833,-2.654902544367855,0.0,0.0,0.0,0.0,0.0,0.0
1772565981119386292,378.069833984,11.083362579345703,0.6313220858573914,-55.619876861572266,0.01592087745666504,-0.74272221326828,0.024060100317001343,-0.6689779162406921,-2.650556855658134,0.0,0.0,0.0,0.0,0.0,0.0
1772565981211781911,378.162229504,11.094858169555664,0.6313609480857849,-55.61908721923828,0.013899803161621094,-0.7427068948745728,0.023366779088974,-0.6690645217895508,-2.67982422342349,0.0,0.0,0.0,0.0,0.0,0.0
1772565981307575541,378.258023168,11.095573425292969,0.631396472454071,-55.61762619018555,0.012024998664855957,-0.7427483201026917,0.023268431425094604,-0.6690582036972046,-2.702894963072768,0.0,0.0,0.0,0.0,0.0,0.0
1772565981409612359,378.360059904,11.091176986694336,0.6311329007148743,-55.61612319946289,0.010614304803311825,-0.7427089810371399,0.023443665355443954,-0.669119656085968,-2.717222932761665,0.0,0.0,0.0,0.0,0.0,0.0
1772565981549577646,378.500025344,11.085649490356445,0.6314904093742371,-55.6152458190918,0.010125397704541683,-0.7427033185958862,0.023566748946905136,-0.6691291928291321,-2.721680091389534,0.0,0.0,0.0,0.0,0.0,0.0
1772565981634629634,378.585077248,11.084320068359375,0.6314799189567566,-55.61579513549805,0.01138272974640131,-0.7428835034370422,0.023683371022343636,-0.6689048409461975,-2.7076709594840374,0.0,0.0,0.0,0.0,0.0,0.0
1772565981755142087,378.70558976,11.09528923034668,0.6318390965461731,-55.62138748168945,0.016537904739379883,-0.7429904937744141,0.023617953062057495,-0.6686806678771973,-2.6511773580003046,0.0,0.0,0.0,0.0,0.0,0.0
1772565981858593124,378.80904064,11.156438827514648,0.631164014339447,-55.628475189208984,0.017770320177078247,-0.742903470993042,0.023171544075012207,-0.6687613725662231,-2.640882077829359,0.0,0.0,0.0,0.0,0.0,0.0
1772565981977879682,378.928327424,11.26101303100586,0.6291239857673645,-55.6392707824707,0.017117470502853394,-0.7425150275230408,0.02246156334877014,-0.6692338585853577,-2.650168932685984,0.0,0.0,0.0,0.0,0.0,0.0
1772565982087014538,379.037462272,11.351190567016602,0.627799928188324,-55.648136138916016,0.01643797755241394,-0.7421622276306152,0.021293669939041138,-0.6696802377700806,-2.665067393726283,0.0,0.0,0.0,0.0,0.0,0.0
1772565982169600719,379.120048384,11.442203521728516,0.6260260939598083,-55.65768051147461,0.016169726848602295,-0.7419038414955139,0.020679324865341187,-0.6699923276901245,-2.671251272510744,0.0,0.0,0.0,0.0,0.0,0.0
1772565982273845677,379.224293376,11.532102584838867,0.6237010359764099,-55.666316986083984,0.015617907047271729,-0.7415889501571655,0.019588500261306763,-0.6703866124153137,-2.6852023643014205,0.0,0.0,0.0,0.0,0.0,0.0
1772565982404826863,379.355274496,11.615827560424805,0.6225953698158264,-55.67378234863281,0.014538735151290894,-0.7414042353630066,0.01885133981704712,-0.6706363558769226,-2.703792360993726,0.0,0.0,0.0,0.0,0.0,0.0
1772565982492037360,379.442484992,11.707572937011719,0.6199237704277039,-55.681304931640625,0.012754827737808228,-0.741316020488739,0.01797807216644287,-0.6707941293716431,-2.7343156771055117,0.0,0.0,0.0,0.0,0.0,0.0
1772565982633706524,379.584154112,11.779058456420898,0.6184120774269104,-55.687252044677734,0.011586426757276058,-0.7411646246910095,0.017078815028071404,-0.6710060238838196,-2.7576029840316933,0.0,0.0,0.0,0.0,0.0,0.0
1772565982714847086,379.665294592,11.859582901000977,0.6175867915153503,-55.6944694519043,0.010696232318878174,-0.7410335540771484,0.016299515962600708,-0.6711849570274353,-2.776755146801868,0.0,0.0,0.0,0.0,0.0,0.0
1772565982842335053,379.792782592,11.934154510498047,0.6163174510002136,-55.701236724853516,0.010262757539749146,-0.7409513592720032,0.01570308208465576,-0.6712967157363892,-2.7886225175998396,0.0,0.0,0.0,0.0,0.0,0.0
1772565982935257217,379.88570496,11.992424011230469,0.6152445673942566,-55.706695556640625,0.010139048099517822,-0.7408790588378906,0.015148043632507324,-0.6713911294937134,-2.7961303569754254,0.0,0.0,0.0,0.0,0.0,0.0
1772565983041447422,379.99189504,12.04808235168457,0.6137844920158386,-55.712345123291016,0.010339558124542236,-0.740780234336853,0.014747470617294312,-0.6715059876441956,-2.7972644560692035,0.0,0.0,0.0,0.0,0.0,0.0
1772565983149947593,380.100395264,12.111198425292969,0.6121194958686829,-55.71919250488281,0.011133878491818905,-0.7407073378562927,0.014454690739512444,-0.6715801358222961,-2.789418190278433,0.0,0.0,0.0,0.0,0.0,0.0
1772565983250251100,380.200698624,12.15938949584961,0.6099341511726379,-55.724327087402344,0.011755585670471191,-0.7406627535820007,0.014154553413391113,-0.671625018119812,-2.784254199817125,0.0,0.0,0.0,0.0,0.0,0.0
1772565983401983578,380.352431104,12.20724105834961,0.6089678406715393,-55.72868728637695,0.01110038161277771,-0.7405892014503479,0.01414915919303894,-0.6717173457145691,-2.792350947054542,0.0,0.0,0.0,0.0,0.0,0.0
1772565983481185200,380.431632896,12.247268676757812,0.6086633801460266,-55.73127365112305,0.009518265724182129,-0.7404863238334656,0.013592272996902466,-0.6718665957450867,-2.819617764665684,0.0,0.0,0.0,0.0,0.0,0.0
1772565983595987917,380.546435584,12.278755187988281,0.606742799282074,-55.73351287841797,0.008505702018737793,-0.7404143214225769,0.013339638710021973,-0.6719646453857422,-2.8360888602842134,0.0,0.0,0.0,0.0,0.0,0.0
1772565983709258612,380.659706112,12.313474655151367,0.6068214774131775,-55.735958099365234,0.007272482383996248,-0.7403213977813721,0.013063997961580753,-0.6720868945121765,-2.8560375315181243,0.0,0.0,0.0,0.0,0.0,0.0
1772565983817859301,380.768306944,12.351696014404297,0.6056438088417053,-55.741355895996094,0.009121716022491455,-0.7401801943778992,0.012824863195419312,-0.6722244024276733,-2.8318346310014766,0.0,0.0,0.0,0.0,0.0,0.0
1772565983932875035,380.883322624,12.44766616821289,0.603726327419281,-55.75010299682617,0.00900566577911377,-0.739886462688446,0.012832015752792358,-0.6725491285324097,-2.830700790681344,0.0,0.0,0.0,0.0,0.0,0.0
1772565984034070664,380.9845184,12.541604995727539,0.6004704833030701,-55.75586700439453,0.004963397979736328,-0.7395251989364624,0.011466503143310547,-0.673012912273407,-2.904023996140293,0.0,0.0,0.0,0.0,0.0,0.0
1772565984147066687,381.09751424,12.657018661499023,0.598395049571991,-55.766571044921875,0.005536586046218872,-0.7396255135536194,0.01073506474494934,-0.6729103326797485,-2.9060464252729203,0.0,0.0,0.0,0.0,0.0,0.0
1772565984252267419,381.202715136,12.772647857666016,0.598452627658844,-55.77852249145508,0.007915823720395565,-0.7399038672447205,0.009651838801801205,-0.67259681224823,-2.8875099881832,0.0,0.0,0.0,0.0,0.0,0.0
1772565984398155430,381.348603136,12.936517715454102,0.5968028903007507,-55.79383087158203,0.007299095392227173,-0.7404575347900391,0.010261774063110352,-0.6719851493835449,-2.8926347535374495,0.0,0.0,0.0,0.0,0.0,0.0
1772565984497391841,381.447839488,13.094841003417969,0.5953606963157654,-55.8093147277832,0.007461100816726685,-0.74163419008255,0.010634124279022217,-0.6706787943840027,-2.894139357915491,0.0,0.0,0.0,0.0,0.0,0.0
1772565984599751297,381.55019904,13.285009384155273,0.5935923457145691,-55.828609466552734,0.004865854978561401,-0.7448335289955139,0.012278348207473755,-0.6671197414398193,-2.9297135579337015,0.0,0.0,0.0,0.0,0.0,0.0
1772565984726497914,381.676945408,13.439922332763672,0.5910914540290833,-55.845550537109375,0.0032276809215545654,-0.7488753199577332,0.01279670000076294,-0.6625795960426331,-2.9647720071907675,0.0,0.0,0.0,0.0,0.0,0.0
1772565984793529859,381.743977472,13.593095779418945,0.5873891711235046,-55.87156295776367,0.002438098192214966,-0.7541486620903015,0.014751434326171875,-0.6565335392951965,-2.976013215121389,0.0,0.0,0.0,0.0,0.0,0.0
1772565984931418439,381.881865984,13.765958786010742,0.5840670466423035,-55.89467239379883,0.0015709400177001953,-0.7631044983863831,0.014825403690338135,-0.6461032032966614,-3.0117666344502814,0.0,0.0,0.0,0.0,0.0,0.0
1772565985019152116,381.969599744,13.909215927124023,0.5815557837486267,-55.92469024658203,0.00021442770957946777,-0.7719208598136902,0.016644299030303955,-0.6355007290840149,-3.030309831312081,0.0,0.0,0.0,0.0,0.0,0.0
1772565985149565936,382.100013568,14.047628402709961,0.577014148235321,-55.94872283935547,-0.00042873620986938477,-0.7825679779052734,0.016592830419540405,-0.622343897819519,-3.0531637228217203,0.0,0.0,0.0,0.0,0.0,0.0
1772565985239335908,382.189783552,14.176370620727539,0.5736742615699768,-55.97401428222656,-0.0006510317325592041,-0.795912504196167,0.016609489917755127,-0.605183482170105,-3.070434941163576,0.0,0.0,0.0,0.0,0.0,0.0
1772565985345372295,382.295820032,14.336198806762695,0.5692419409751892,-56.04130935668945,-0.0019419194431975484,-0.8141889572143555,0.016749920323491096,-0.580355167388916,-3.0917528305434447,0.0,0.0,0.0,0.0,0.0,0.0
1772565985443896935,382.394344448,14.467691421508789,0.56416255235672,-56.10749435424805,-0.0019297003746032715,-0.8305224180221558,0.01644974946975708,-0.5567389726638794,-3.1018554604795523,0.0,0.0,0.0,0.0,0.0,0.0
1772565985549135067,382.49958272,14.576702117919922,0.5597893595695496,-56.14370346069336,-0.003851860761642456,-0.8413687944412231,0.015507221221923828,-0.5402252674102783,-3.1169195129107763,0.0,0.0,0.0,0.0,0.0,0.0
1772565985665248405,382.615696128,14.658638000488281,0.5566079020500183,-56.180580139160156,-0.004142165184020996,-0.8421967029571533,0.015224486589431763,-0.5389395952224731,-3.1190859468198506,0.0,0.0,0.0,0.0,0.0,0.0
1772565985820432693,382.770880256,14.773374557495117,0.5529544949531555,-56.23419952392578,-0.004042774438858032,-0.8420143127441406,0.015038818120956421,-0.539230465888977,-3.119106033146348,0.0,0.0,0.0,0.0,0.0,0.0
1772565985929154578,382.879602176,14.855274200439453,0.5512812733650208,-56.27252197265625,-0.003929615020751953,-0.841873288154602,0.014905780553817749,-0.5394550561904907,-3.1189487904291497,0.0,0.0,0.0,0.0,0.0,0.0
1772565986028574080,382.979021824,14.937398910522461,0.5480970740318298,-56.31069564819336,-0.004020482301712036,-0.8417374491691589,0.014938205480575562,-0.5396654605865479,-3.119188962218276,0.0,0.0,0.0,0.0,0.0,0.0
1772565986122139768,383.072587264,15.019376754760742,0.5460692048072815,-56.348968505859375,-0.003819763893261552,-0.8415798544883728,0.014657081104815006,-0.5399203896522522,-3.119056117648107,0.0,0.0,0.0,0.0,0.0,0.0
1772565986229922244,383.18036992,15.118019104003906,0.5425695776939392,-56.39461135864258,-0.004026889801025391,-0.8413897752761841,0.014563381671905518,-0.5402175188064575,-3.1200767101863724,0.0,0.0,0.0,0.0,0.0,0.0
1772565986324406298,383.274853888,15.199884414672852,0.5406998991966248,-56.432979583740234,-0.00372198224067688,-0.8412110805511475,0.01448926329612732,-0.5405000448226929,-3.118981329881737,0.0,0.0,0.0,0.0,0.0,0.0
1772565986431376801,383.381824512,15.298601150512695,0.5374729037284851,-56.478538513183594,-0.003936111927032471,-0.8409996628761292,0.01430732011795044,-0.5408322215080261,-3.120256575221932,0.0,0.0,0.0,0.0,0.0,0.0
1772565986549457414,383.499905024,15.380584716796875,0.5347551703453064,-56.517086029052734,-0.0036429762840270996,-0.8407728672027588,0.01438891887664795,-0.5411845445632935,-3.118786339177473,0.0,0.0,0.0,0.0,0.0,0.0
1772565986651342387,383.601789952,15.479194641113281,0.5318940281867981,-56.56250762939453,-0.0037623047828674316,-0.8405315279960632,0.014101147651672363,-0.5415661334991455,-3.1199485284535853,0.0,0.0,0.0,0.0,0.0,0.0
1772565986792365430,383.742812928,15.561347961425781,0.5289990305900574,-56.600669860839844,-0.003711580764502287,-0.8403146266937256,0.014205781742930412,-0.5419000387191772,-3.1194026865992037,0.0,0.0,0.0,0.0,0.0,0.0
1772565986902425516,383.852873216,15.659830093383789,0.5263158679008484,-56.6463737487793,-0.003619372844696045,-0.8400174379348755,0.01402658224105835,-0.5423659682273865,-3.1194066602503776,0.0,0.0,0.0,0.0,0.0,0.0
1772565986984353746,383.934801408,15.741960525512695,0.5231229662895203,-56.68378448486328,-0.0040149986743927,-0.8397749662399292,0.013823926448822021,-0.5427438020706177,-3.121483915218761,0.0,0.0,0.0,0.0,0.0,0.0
1772565987085535842,384.03598336,15.84040641784668,0.5203799605369568,-56.729312896728516,-0.003957509994506836,-0.8395082950592041,0.01408413052558899,-0.5431498289108276,-3.1204835438820067,0.0,0.0,0.0,0.0,0.0,0.0
1772565987204249185,384.154696704,15.922592163085938,0.5177221894264221,-56.766571044921875,-0.0039924089796841145,-0.8393250107765198,0.013616890646517277,-0.5434446930885315,-3.121809938883041,0.0,0.0,0.0,0.0,0.0,0.0
1772565987335289523,384.285737216,16.004934310913086,0.5153340697288513,-56.80423355102539,-0.0039048492908477783,-0.8391988277435303,0.014001220464706421,-0.5436303615570068,-3.1203949066462644,0.0,0.0,0.0,0.0,0.0,0.0
1772565987435018403,384.385466112,16.103923797607422,0.5120720267295837,-56.84889602661133,-0.004049450159072876,-0.8389958739280701,0.01354268193244934,-0.5439541935920715,-3.1221478942143435,0.0,0.0,0.0,0.0,0.0,0.0
1772565987529142969,384.479590656,16.203317642211914,0.5085200667381287,-56.89278793334961,-0.004745810758322477,-0.8387428522109985,0.013683436438441277,-0.5443350672721863,-3.1245680133223526,0.0,0.0,0.0,0.0,0.0,0.0
1772565987639646111,384.590093824,16.28645133972168,0.5057441592216492,-56.92934799194336,-0.005419849883764982,-0.8385310173034668,0.013995794579386711,-0.5446472764015198,-3.126455576885339,0.0,0.0,0.0,0.0,0.0,0.0
1772565987749368481,384.699816192,16.369495391845703,0.5032904744148254,-56.966121673583984,-0.005230367183685303,-0.8384121656417847,0.01390618085861206,-0.544834315776825,-3.125882888567681,0.0,0.0,0.0,0.0,0.0,0.0
1772565987840143217,384.79059072,16.4523868560791,0.5002190470695496,-57.00138473510742,-0.005611449480056763,-0.8381270170211792,0.01395687460899353,-0.5452677607536316,-3.127248204052643,0.0,0.0,0.0,0.0,0.0,0.0
1772565987951947615,384.902395136,16.551006317138672,0.4973589777946472,-57.04435348510742,-0.004880428314208984,-0.837861955165863,0.013701111078262329,-0.5456885099411011,-3.1248414640234947,0.0,0.0,0.0,0.0,0.0,0.0
1772565988092753294,385.043201024,16.632984161376953,0.4955143332481384,-57.07958984375,-0.004613667726516724,-0.837638795375824,0.013513058423995972,-0.5460379123687744,-3.1241827016240413,0.0,0.0,0.0,0.0,0.0,0.0
1772565988195133951,385.145581568,16.7208194732666,0.5055143237113953,-57.122154235839844,0.0011157989501953125,-0.8379178047180176,0.012080162763595581,-0.5456616878509521,-3.1043957330784924,0.0,0.0,0.0,0.0,0.0,0.0
1772565988294466853,385.244914432,16.795732498168945,0.5081920027732849,-57.15367126464844,0.0020970997866243124,-0.8381744027137756,0.008724301122128963,-0.5453284382820129,-3.109447043807156,0.0,0.0,0.0,0.0,0.0,0.0
1772565988394800080,385.345247744,16.87040138244629,0.512204110622406,-57.184104919433594,0.002721935510635376,-0.8383939266204834,0.004646331071853638,-0.5450382232666016,-3.1178717896505193,0.0,0.0,0.0,0.0,0.0,0.0
1772565988549514606,385.499962112,16.976295471191406,0.5163188576698303,-57.22970199584961,0.004465669393539429,-0.8387012481689453,0.0010061264038085938,-0.5445725917816162,-3.120490415505902,0.0,0.0,0.0,0.0,0.0,0.0
1772565988642153576,385.592601088,17.05220603942871,0.5201446413993835,-57.263240814208984,0.0057471394538879395,-0.8389160633087158,-0.00090828537940979,-0.5442297458648682,-3.1203620097541256,0.0,0.0,0.0,0.0,0.0,0.0
1772565988746473757,385.696921344,17.14346694946289,0.52334064245224,-57.302833557128906,0.0074443519115448,-0.8391146659851074,-0.0036710798740386963,-0.5438913702964783,-3.120775297974729,0.0,0.0,0.0,0.0,0.0,0.0
1772565988844273964,385.794721536,17.218887329101562,0.5270925164222717,-57.33668899536133,0.008806496858596802,-0.8393629789352417,-0.005459100008010864,-0.5434726476669312,-3.119964350695047,0.0,0.0,0.0,0.0,0.0,0.0
1772565988944368024,385.894815744,17.31169319152832,0.5280265212059021,-57.376991271972656,0.009615004062652588,-0.8396388292312622,-0.00788155198097229,-0.5430029630661011,-3.1230952597339883,0.0,0.0,0.0,0.0,0.0,0.0
1772565989095168003,386.045615616,17.390989303588867,0.5274881720542908,-57.41054916381836,0.009450018405914307,-0.8398056030273438,-0.00946718454360962,-0.5427225232124329,-3.1279682425803395,0.0,0.0,0.0,0.0,0.0,0.0
1772565989195996205,386.146443776,17.485485076904297,0.5262736678123474,-57.45317840576172,0.010047197341918945,-0.8401545882225037,-0.009858280420303345,-0.5421643257141113,-3.126559617725102,0.0,0.0,0.0,0.0,0.0,0.0
1772565989296614457,386.247062016,17.564701080322266,0.5258479714393616,-57.48923110961914,0.010582983493804932,-0.8403410911560059,-0.009519994258880615,-0.5418710708618164,-3.1234881741505562,0.0,0.0,0.0,0.0,0.0,0.0
1772565989395848290,386.346295808,17.65965461730957,0.5243334174156189,-57.53306198120117,0.01154384110122919,-0.8406194448471069,-0.008799196220934391,-0.541431725025177,-3.117700868797128,0.0,0.0,0.0,0.0,0.0,0.0
1772565989519382150,386.469829888,17.737607955932617,0.5239080786705017,-57.568572998046875,0.012092530727386475,-0.8409044742584229,-0.008897900581359863,-0.5409753322601318,-3.1157531781470866,0.0,0.0,0.0,0.0,0.0,0.0
1772565989628910029,386.579357696,17.815019607543945,0.5210162997245789,-57.61479949951172,0.01723391003906727,-0.8410259485244751,0.0018231273861601949,-0.5407171845436096,-3.067066808656611,0.0,0.0,0.0,0.0,0.0,0.0
1772565989750657272,386.701104896,17.912429809570312,0.5178443789482117,-57.67461013793945,0.024278908967971802,-0.840924859046936,0.017524689435958862,-0.5403228998184204,-2.998522703254916,0.0,0.0,0.0,0.0,0.0,0.0
1772565989843309710,386.79375744,18.011699676513672,0.5145525336265564,-57.7264289855957,0.027817638590931892,-0.8409010767936707,0.023878367617726326,-0.5399457812309265,-2.968627004590992,0.0,0.0,0.0,0.0,0.0,0.0
1772565989947220045,386.897667584,18.091800689697266,0.5134503245353699,-57.760658264160156,0.027749117463827133,-0.8412328362464905,0.021262643858790398,-0.5395418405532837,-2.9758452185851,0.0,0.0,0.0,0.0,0.0,0.0
1772565990093477960,387.043925504,18.18637466430664,0.5112397074699402,-57.80063247680664,0.027602966874837875,-0.8416227102279663,0.01783147267997265,-0.5390651822090149,-2.985461301101708,0.0,0.0,0.0,0.0,0.0,0.0
1772565990203382794,387.1538304,18.281402587890625,0.509082019329071,-57.8418083190918,0.02766519784927368,-0.8419225811958313,0.015376776456832886,-0.5386692881584167,-2.991699741050219,0.0,0.0,0.0,0.0,0.0,0.0
1772565990299158180,387.249605888,18.362323760986328,0.5049936175346375,-57.8830451965332,0.029430897906422615,-0.842048168182373,0.02071497030556202,-0.5382004380226135,-2.971716193801616,0.0,0.0,0.0,0.0,0.0,0.0
1772565990392912779,387.343360512,18.46040916442871,0.5035127997398376,-57.92856216430664,0.030400129035115242,-0.8423272967338562,0.020381243899464607,-0.5377222895622253,-2.9691400335767546,0.0,0.0,0.0,0.0,0.0,0.0
1772565990499388460,387.449836032,18.54141616821289,0.5028838515281677,-57.96556854248047,0.030864866450428963,-0.8425207734107971,0.01975014992058277,-0.5374161601066589,-2.9691415809790356,0.0,0.0,0.0,0.0,0.0,0.0
1772565990602502105,387.55294976,18.621957778930664,0.502440869808197,-58.00312042236328,0.03185957670211792,-0.8427188992500305,0.01895904541015625,-0.5370758175849915,-2.967482718996637,0.0,0.0,0.0,0.0,0.0,0.0
1772565990745470484,387.69591808,18.719486236572266,0.5022324919700623,-58.048095703125,0.03227245807647705,-0.8429684638977051,0.018012046813964844,-0.5366919040679932,-2.9685285289710532,0.0,0.0,0.0,0.0,0.0,0.0
1772565990849277144,387.7997248,18.816450119018555,0.502607524394989,-58.093902587890625,0.032030344009399414,-0.8431658744812012,0.018289804458618164,-0.5363868474960327,-2.9690532505477996,0.0,0.0,0.0,0.0,0.0,0.0
1772565990949978819,387.900426496,18.897367477416992,0.5023192763328552,-58.13214874267578,0.03188788890838623,-0.8432242274284363,0.018574625253677368,-0.5362939238548279,-2.9689898128092613,0.0,0.0,0.0,0.0,0.0,0.0
1772565991050181242,388.000628736,18.979562759399414,0.5017687678337097,-58.170570373535156,0.03072863444685936,-0.8432183861732483,0.019670395180583,-0.5363315343856812,-2.970803201177555,0.0,0.0,0.0,0.0,0.0,0.0
1772565991150643974,388.101091584,19.07683753967285,0.5015818476676941,-58.21638488769531,0.030245870351791382,-0.8426260352134705,0.020195573568344116,-0.5372697114944458,-2.9705990221484804,0.0,0.0,0.0,0.0,0.0,0.0
1772565991273691524,388.224139264,19.156269073486328,0.5020647644996643,-58.25399398803711,0.03039756417274475,-0.8421210646629333,0.020338445901870728,-0.5380469560623169,-2.9689734515194526,0.0,0.0,0.0,0.0,0.0,0.0
1772565991403091731,388.353539328,19.251930236816406,0.5017125010490417,-58.29865646362305,0.029500961303710938,-0.8415452241897583,0.021084189414978027,-0.5389683842658997,-2.96984670660875,0.0,0.0,0.0,0.0,0.0,0.0
1772565991497140109,388.44758784,19.346843719482422,0.5021890997886658,-58.34332275390625,0.029800862073898315,-0.8407205939292908,0.021434932947158813,-0.5402234792709351,-2.9666552083454834,0.0,0.0,0.0,0.0,0.0,0.0
1772565991610206325,388.560653824,19.44147300720215,0.5019403100013733,-58.387081146240234,0.029853465035557747,-0.8399984836578369,0.021205665543675423,-0.5413517355918884,-2.966001245213229,0.0,0.0,0.0,0.0,0.0,0.0
1772565991713153414,388.663601152,19.521310806274414,0.5015940070152283,-58.424163818359375,0.030148029327392578,-0.8394145369529724,0.021927058696746826,-0.5422118306159973,-2.962185961485663,0.0,0.0,0.0,0.0,0.0,0.0
1772565991826342395,388.776790016,19.60427474975586,0.49970000982284546,-58.460391998291016,0.02926599606871605,-0.8392011523246765,0.02216237597167492,-0.5425806045532227,-2.964777406834661,0.0,0.0,0.0,0.0,0.0,0.0
1772565991929801508,388.880249088,19.701223373413086,0.5012723803520203,-58.50312805175781,0.030498147010803223,-0.8392378687858582,0.02004578709602356,-0.5425384044647217,-2.9652942264220368,0.0,0.0,0.0,0.0,0.0,0.0
1772565992034196383,388.984644096,19.782758712768555,0.504161536693573,-58.53908157348633,0.03100145049393177,-0.8395001292228699,0.01915776915848255,-0.5421358942985535,-2.9659142408925434,0.0,0.0,0.0,0.0,0.0,0.0
1772565992149853291,389.1003008,19.88266372680664,0.5082085728645325,-58.58435821533203,0.031983643770217896,-0.8398197889328003,0.017893463373184204,-0.5416268706321716,-2.965663100462262,0.0,0.0,0.0,0.0,0.0,0.0
1772565992266371608,389.2168192,19.9830265045166,0.5114192366600037,-58.630409240722656,0.03328689932823181,-0.8399313688278198,0.0171034038066864,-0.5414007902145386,-2.9626591253566055,0.0,0.0,0.0,0.0,0.0,0.0
1772565992378048374,389.328495872,20.062620162963867,0.5119749903678894,-58.66607666015625,0.03337523341178894,-0.8399624824523926,0.01667577028274536,-0.5413604974746704,-2.963429886700558,0.0,0.0,0.0,0.0,0.0,0.0
1772565992498282797,389.448730368,20.146766662597656,0.5076386332511902,-58.70460891723633,0.03311925753951073,-0.8398916125297546,0.018827078863978386,-0.5414154529571533,-2.9589335896315214,0.0,0.0,0.0,0.0,0.0,0.0
1772565992640414134,389.590861824,20.228322982788086,0.5036734938621521,-58.742164611816406,0.03220614418387413,-0.8398707509040833,0.021702585741877556,-0.5413952469825745,-2.9553012704150254,0.0,0.0,0.0,0.0,0.0,0.0
1772565992749615597,389.700063232,20.298282623291016,0.5005164742469788,-58.774532318115234,0.03175157308578491,-0.8398611545562744,0.02365681529045105,-0.5413552522659302,-2.952201869192133,0.0,0.0,0.0,0.0,0.0,0.0
1772565992849344260,389.799791872,20.380046844482422,0.49639302492141724,-58.815067291259766,0.032225076109170914,-0.8394241333007812,0.02864071913063526,-0.5417642593383789,-2.937297100628591,0.0,0.0,0.0,0.0,0.0,0.0
1772565992949761109,389.90020864,20.485092163085938,0.49881595373153687,-58.86747741699219,0.03484729304909706,-0.8383728265762329,0.032082024961709976,-0.5430355072021484,-2.9167351966964437,0.0,0.0,0.0,0.0,0.0,0.0
1772565993051025442,390.001473024,20.596736907958984,0.5025073885917664,-58.922340393066406,0.037122130393981934,-0.8376514911651611,0.03444811701774597,-0.5438522696495056,-2.9007085406522624,0.0,0.0,0.0,0.0,0.0,0.0
1772565993180649828,390.131097344,20.752307891845703,0.5010074973106384,-58.993289947509766,0.0371241569519043,-0.8365383744239807,0.0356595516204834,-0.5454849004745483,-2.8954884846383493,0.0,0.0,0.0,0.0,0.0,0.0
1772565993282738982,390.23318656,20.922901153564453,0.49349814653396606,-59.06372833251953,0.03461742401123047,-0.8351134061813354,0.03200829029083252,-0.5480536222457886,-2.9116472334771437,0.0,0.0,0.0,0.0,0.0,0.0
1772565993395835209,390.346282752,21.067546844482422,0.48694974184036255,-59.125282287597656,0.03229909762740135,-0.8335930109024048,0.031526800245046616,-0.5505319237709045,-2.919259035821119,0.0,0.0,0.0,0.0,0.0,0.0
1772565993524148778,390.474596352,21.219440460205078,0.4902617335319519,-59.19269943237305,0.03703451156616211,-0.8305922746658325,0.03309270739555359,-0.5546619892120361,-2.889868059652459,0.0,0.0,0.0,0.0,0.0,0.0
1772565993637434048,390.587881728,21.383481979370117,0.4901767373085022,-59.25725173950195,0.038219571113586426,-0.8266341090202332,0.035111069679260254,-0.560341477394104,-2.870635594989021,0.0,0.0,0.0,0.0,0.0,0.0
1772565993721492002,390.671939584,21.551124572753906,0.4830535054206848,-59.315433502197266,0.033307790756225586,-0.8221160173416138,0.03477087616920471,-0.5672802925109863,-2.881594729947178,0.0,0.0,0.0,0.0,0.0,0.0
1772565993835104134,390.785551872,21.748525619506836,0.47499948740005493,-59.38545227050781,0.03127157315611839,-0.8163154721260071,0.031346168369054794,-0.5759068727493286,-2.886843899058961,0.0,0.0,0.0,0.0,0.0,0.0
1772565993922016756,390.872464384,21.88638687133789,0.4741138815879822,-59.43876647949219,0.03089773654937744,-0.810973048210144,0.03306272625923157,-0.5833309292793274,-2.869238076292097,0.0,0.0,0.0,0.0,0.0,0.0
1772565994045875652,390.996323328,21.99955940246582,0.4749097228050232,-59.48231506347656,0.03364473208785057,-0.8055689334869385,0.03540145978331566,-0.5904857516288757,-2.832222246420609,0.0,0.0,0.0,0.0,0.0,0.0
1772565994146801146,391.097248768,22.110742568969727,0.4741418957710266,-59.52493667602539,0.03551780804991722,-0.8018237352371216,0.03356948122382164,-0.595558762550354,-2.8169985738625707,0.0,0.0,0.0,0.0,0.0,0.0
1772565994231455728,391.18190336,22.224964141845703,0.4761032462120056,-59.560028076171875,0.03690445423126221,-0.8015859127044678,0.03374412655830383,-0.5957847833633423,-2.8086503619938306,0.0,0.0,0.0,0.0,0.0,0.0
1772565994350268278,391.300715776,22.36190414428711,0.4772711396217346,-59.60199737548828,0.03868269920349121,-0.8017143607139587,0.03252449631690979,-0.5955668687820435,-2.804597759059506,0.0,0.0,0.0,0.0,0.0,0.0
1772565994427007803,391.37745536,22.477834701538086,0.478262722492218,-59.63615417480469,0.03971538320183754,-0.8018330931663513,0.029633523896336555,-0.5954899191856384,-2.8101523913597592,0.0,0.0,0.0,0.0,0.0,0.0
1772565994550324306,391.50077184,22.590656280517578,0.4798813462257385,-59.66910171508789,0.040324002504348755,-0.8019886612892151,0.027008771896362305,-0.5953643321990967,-2.817045007113387,0.0,0.0,0.0,0.0,0.0,0.0
1772565994641003357,391.59145088,22.69481086730957,0.48198026418685913,-59.7009391784668,0.04134443402290344,-0.8021323680877686,0.02624034881591797,-0.5951350927352905,-2.815194626356478,0.0,0.0,0.0,0.0,0.0,0.0
1772565994750489048,391.700936704,22.806869506835938,0.48390811681747437,-59.73725509643555,0.04295158386230469,-0.8022311925888062,0.028395086526870728,-0.5947890281677246,-2.7999116177383674,0.0,0.0,0.0,0.0,0.0,0.0
1772565994849838252,391.800285952,22.890533447265625,0.4840971827507019,-59.76663589477539,0.04481888189911842,-0.802104115486145,0.03260389342904091,-0.594606876373291,-2.775720070571467,0.0,0.0,0.0,0.0,0.0,0.0
1772565994991456762,391.941904384,22.967918395996094,0.48564833402633667,-59.794307708740234,0.04671543464064598,-0.8018878102302551,0.03644188866019249,-0.5945296883583069,-2.7528396046574453,0.0,0.0,0.0,0.0,0.0,0.0
1772565995082139952,392.03258752,23.060606002807617,0.4853358864784241,-59.81862258911133,0.04554039239883423,-0.8021788597106934,0.03206440806388855,-0.5944805145263672,-2.774364834913322,0.0,0.0,0.0,0.0,0.0,0.0
1772565995170177422,392.120625152,23.13365364074707,0.4805404543876648,-59.830013275146484,0.04038757085800171,-0.8026341795921326,0.02337026596069336,-0.5946437120437622,-2.8319665824654243,0.0,0.0,0.0,0.0,0.0,0.0
1772565995282173471,392.232621056,23.188793182373047,0.4782678484916687,-59.85005187988281,0.04145607352256775,-0.8024705052375793,0.028108656406402588,-0.5945858955383301,-2.809120577889212,0.0,0.0,0.0,0.0,0.0,0.0
1772565995386267953,392.33671552,23.264747619628906,0.4763883948326111,-59.877159118652344,0.042796701192855835,-0.8021745681762695,0.033312439918518066,-0.594621479511261,-2.7833310385937726,0.0,0.0,0.0,0.0,0.0,0.0
1772565995506276265,392.456723968,23.347257614135742,0.47684401273727417,-59.90349197387695,0.043912291526794434,-0.8019806146621704,0.033414632081985474,-0.5947960615158081,-2.7768616804272472,0.0,0.0,0.0,0.0,0.0,0.0
1772565995609301199,392.559748864,23.457576751708984,0.47864335775375366,-59.939796447753906,0.04608374834060669,-0.8016682267189026,0.03348439931869507,-0.5950489640235901,-2.7649803593764024,0.0,0.0,0.0,0.0,0.0,0.0
1772565995729691043,392.680138752,23.556447982788086,0.4802470803260803,-59.972015380859375,0.04817914962768555,-0.8012711405754089,0.03348183631896973,-0.595417857170105,-2.753416161860528,0.0,0.0,0.0,0.0,0.0,0.0
1772565995825532527,392.775980032,23.686410903930664,0.48265165090560913,-60.01384735107422,0.05054294317960739,-0.8007262349128723,0.033171381801366806,-0.5959718823432922,-2.741041144237692,0.0,0.0,0.0,0.0,0.0,0.0
1772565995937738131,392.888185856,23.817655563354492,0.47600215673446655,-60.04741287231445,0.04782840609550476,-0.8005468845367432,0.029278457164764404,-0.5966405868530273,-2.766788755500952,0.0,0.0,0.0,0.0,0.0,0.0
1772565996041361639,392.99180928,23.984506607055664,0.4773175120353699,-60.09683609008789,0.046288132667541504,-0.798051118850708,0.03154569864273071,-0.5999805927276611,-2.7566250556433136,0.0,0.0,0.0,0.0,0.0,0.0
1772565996148901119,393.099348736,24.12572479248047,0.4802212119102478,-60.140113830566406,0.047424815595149994,-0.7946756482124329,0.03232913836836815,-0.6043146848678589,-2.7340574793884977,0.0,0.0,0.0,0.0,0.0,0.0
1772565996257814243,393.208261888,24.259994506835938,0.483482301235199,-60.17854309082031,0.048187583684921265,-0.7908017635345459,0.033358633518218994,-0.609260082244873,-2.7088237123187047,0.0,0.0,0.0,0.0,0.0,0.0
1772565996401512788,393.35196032,24.417007446289062,0.4860498309135437,-60.21725082397461,0.048795878887176514,-0.7851709723472595,0.03399649262428284,-0.6164169907569885,-2.674926970625005,0.0,0.0,0.0,0.0,0.0,0.0
1772565996493049753,393.443497472,24.554208755493164,0.47886472940444946,-60.23875427246094,0.04523056745529175,-0.779919445514679,0.031773269176483154,-0.6234343647956848,-2.6747087916808603,0.0,0.0,0.0,0.0,0.0,0.0
1772565996579689941,393.5301376,24.69216537475586,0.4719567894935608,-60.25613021850586,0.036831021308898926,-0.772990345954895,0.03367921710014343,-0.6324516534805298,-2.674332131593187,0.0,0.0,0.0,0.0,0.0,0.0
1772565996690214345,393.640662016,24.841997146606445,0.47700709104537964,-60.275230407714844,0.025800615549087524,-0.7696554064750671,0.034165918827056885,-0.6370224952697754,-2.7229206878020284,0.0,0.0,0.0,0.0,0.0,0.0
1772565996795840863,393.746288384,24.953826904296875,0.4796749949455261,-60.291603088378906,0.017864078283309937,-0.7693589329719543,0.03456050157546997,-0.6376310586929321,-2.7746983799653693,0.0,0.0,0.0,0.0,0.0,0.0
1772565996915232089,393.865679616,25.071992874145508,0.4837716221809387,-60.3071403503418,0.009219586849212646,-0.7689555287361145,0.03312939405441284,-0.6383767127990723,-2.8449660801841157,0.0,0.0,0.0,0.0,0.0,0.0
1772565997015762760,393.966210304,25.16239356994629,0.4823421835899353,-60.317108154296875,0.002574712038040161,-0.7687081098556519,0.02964499592781067,-0.638907253742218,-2.917515115797381,0.0,0.0,0.0,0.0,0.0,0.0
1772565997122522658,394.07297024,25.248279571533203,0.47934097051620483,-60.326358795166016,-0.0038737948052585125,-0.7684212923049927,0.02664637193083763,-0.6393777132034302,-2.9885951968795594,0.0,0.0,0.0,0.0,0.0,0.0
1772565997226261340,394.176708864,25.346200942993164,0.4768173098564148,-60.33426284790039,-0.013732969760894775,-0.767931342124939,0.022254616022109985,-0.639998197555542,-3.1006358567636005,0.0,0.0,0.0,0.0,0.0,0.0
1772565997349894226,394.30034176,25.413772583007812,0.4744688868522644,-60.340797424316406,-0.0189569890499115,-0.7674159407615662,0.01935058832168579,-0.6405770778656006,3.117495281144251,0.0,0.0,0.0,0.0,0.0,0.0
1772565997451375403,394.401822976,25.46021270751953,0.47292786836624146,-60.35023498535156,-0.017405956983566284,-0.7670624852180481,0.01793724298477173,-0.6410853266716003,3.1207161433620505,0.0,0.0,0.0,0.0,0.0,0.0
1772565997593438545,394.54388608,25.509851455688477,0.47134488821029663,-60.3587760925293,-0.01738581247627735,-0.7667660117149353,0.016537072136998177,-0.6414781212806702,3.1107343198815633,0.0,0.0,0.0,0.0,0.0,0.0
1772565997703191199,394.653638912,25.549842834472656,0.4689728617668152,-60.36579895019531,-0.01690671034157276,-0.76649409532547,0.015419275499880314,-0.6418436765670776,3.1067111272458723,0.0,0.0,0.0,0.0,0.0,0.0
1772565997847370491,394.797818112,25.58619499206543,0.46591728925704956,-60.373191833496094,-0.016127824783325195,-0.7661464810371399,0.014805376529693604,-0.6422930955886841,3.108956342433274,0.0,0.0,0.0,0.0,0.0,0.0
1772565997921169043,394.871616768,25.597885131835938,0.46611160039901733,-60.373992919921875,-0.016498208045959473,-0.7658175826072693,0.014702379703521729,-0.6426780819892883,3.1048619170610445,0.0,0.0,0.0,0.0,0.0,0.0
1772565998041996553,394.99244416,25.58547592163086,0.46583956480026245,-60.37113952636719,-0.016559600830078125,-0.7653663754463196,0.014747947454452515,-0.6432127952575684,3.104540143819405,0.0,0.0,0.0,0.0,0.0,0.0
1772565998149723975,395.10017152,25.572969436645508,0.4672796130180359,-60.3689079284668,-0.016956450417637825,-0.7652756571769714,0.015003890730440617,-0.6433044075965881,3.1028998018437135,0.0,0.0,0.0,0.0,0.0,0.0
1772565998249312986,395.19976064,25.564199447631836,0.4678589701652527,-60.36696243286133,-0.017898378893733025,-0.7651252150535583,0.014932719990611076,-0.6434595584869385,3.0939183941673627,0.0,0.0,0.0,0.0,0.0,0.0
1772565998345041911,395.295489536,25.556293487548828,0.46834224462509155,-60.3661003112793,-0.017733842134475708,-0.7650308012962341,0.015111714601516724,-0.6435721516609192,3.096693787509761,0.0,0.0,0.0,0.0,0.0,0.0
1772565998451696827,395.402144512,25.54689598083496,0.4685456156730652,-60.36459732055664,-0.018125923350453377,-0.7649083733558655,0.015258134342730045,-0.643703281879425,3.094240925243638,0.0,0.0,0.0,0.0,0.0,0.0
1772565998552075923,395.502523648,25.538345336914062,0.4686693549156189,-60.36449432373047,-0.016858845949172974,-0.7648822665214539,0.015483766794204712,-0.6437633633613586,3.1072839866506605,0.0,0.0,0.0,0.0,0.0,0.0
1772565998690350119,395.640797696,25.53809928894043,0.4686669707298279,-60.36507797241211,-0.01602882146835327,-0.764926016330719,0.01561078429222107,-0.6437294483184814,3.1156863441697498,0.0,0.0,0.0,0.0,0.0,0.0
1772565998792429904,395.74287744,25.54383659362793,0.4686223864555359,-60.36551284790039,-0.01657894253730774,-0.7648773193359375,0.015421897172927856,-0.6437779664993286,3.1093250565491504,0.0,0.0,0.0,0.0,0.0,0.0
1772565998858691966,395.809139456,25.548023223876953,0.46838778257369995,-60.365623474121094,-0.017723677679896355,-0.7644974589347839,0.015151111409068108,-0.64420485496521,3.096877296757545,0.0,0.0,0.0,0.0,0.0,0.0
1772565998961071114,395.91151872,25.56267547607422,0.468525230884552,-60.37163162231445,-0.014742104336619377,-0.7643453478813171,0.015395103022456169,-0.6444546580314636,3.125650363092141,0.0,0.0,0.0,0.0,0.0,0.0
1772565999075558568,396.026006272,25.637510299682617,0.46696072816848755,-60.3914909362793,-0.006558746565133333,-0.7642776966094971,0.015262545086443424,-0.6446733474731445,-3.0844355228315083,0.0,0.0,0.0,0.0,0.0,0.0
1772565999209802442,396.160250112,25.746906280517578,0.46451514959335327,-60.414432525634766,-0.0013214349746704102,-0.7641345858573914,0.014193564653396606,-0.6448994278907776,-3.0450640353392675,0.0,0.0,0.0,0.0,0.0,0.0
1772565999293281575,396.243729152,25.846731185913086,0.46150630712509155,-60.428955078125,-0.002825409173965454,-0.7639439702033997,0.011679500341415405,-0.6451707482337952,-3.0774773916773634,0.0,0.0,0.0,0.0,0.0,0.0
1772565999393190108,396.34363776,25.948307037353516,0.45817846059799194,-60.43757247924805,-0.011081546545028687,-0.7636212110519409,0.007832378149032593,-0.6455219388008118,3.100665948842741,0.0,0.0,0.0,0.0,0.0,0.0
1772565999506381929,396.45682944,26.05233383178711,0.4568268656730652,-60.44856643676758,-0.016349315643310547,-0.7631481289863586,0.0033519864082336426,-0.6460080146789551,3.017109196129876,0.0,0.0,0.0,0.0,0.0,0.0
1772565999623897064,396.574344704,26.12279510498047,0.4565386176109314,-60.4638671875,-0.011931657791137695,-0.7629578113555908,0.0022758543491363525,-0.646334171295166,3.0489055437069377,0.0,0.0,0.0,0.0,0.0,0.0
1772565999749085658,396.699533312,26.18866539001465,0.45625823736190796,-60.47907638549805,-0.00666692852973938,-0.7627638578414917,0.0013443231582641602,-0.6466414332389832,3.0901045155106357,0.0,0.0,0.0,0.0,0.0,0.0
1772565999826072367,396.776519936,26.251909255981445,0.4560636878013611,-60.48805618286133,-0.007215291261672974,-0.7626249194145203,-0.0007563531398773193,-0.6468003392219543,3.0682932581592803,0.0,0.0,0.0,0.0,0.0,0.0
1772565999930777907,396.881225472,26.311599731445312,0.4555057883262634,-60.49613571166992,-0.0080395033583045,-0.762509822845459,-0.002813428407534957,-0.6469205021858215,3.0442669785348673,0.0,0.0,0.0,0.0,0.0,0.0
1772566000041727081,396.992174592,26.3780517578125,0.4553212523460388,-60.508018493652344,-0.005958735942840576,-0.7623835206031799,-0.004420757293701172,-0.647083044052124,3.050722303293543,0.0,0.0,0.0,0.0,0.0,0.0
1772566000149393709,397.09984128,26.430774688720703,0.45436757802963257,-60.517738342285156,-0.004068255424499512,-0.762233316898346,-0.005692958831787109,-0.6472645998001099,3.058045274405426,0.0,0.0,0.0,0.0,0.0,0.0
1772566000249365887,397.199813376,26.48160743713379,0.4534373879432678,-60.526580810546875,-0.002847999334335327,-0.7621379494667053,-0.006800860166549683,-0.6473727226257324,3.0605195910968486,0.0,0.0,0.0,0.0,0.0,0.0
1772566000345355626,397.295803136,26.540674209594727,0.4532521367073059,-60.53579330444336,-0.0025409162044525146,-0.761959969997406,-0.008561104536056519,-0.647562563419342,3.049118849950121,0.0,0.0,0.0,0.0,0.0,0.0
1772566000459868754,397.410316288,26.590965270996094,0.4520096182823181,-60.543487548828125,-0.0029831528663635254,-0.761823832988739,-0.009450435638427734,-0.647708535194397,3.037652682157915,0.0,0.0,0.0,0.0,0.0,0.0
1772566000561860530,397.512308224,26.655433654785156,0.4480805993080139,-60.55671310424805,-0.0003435313992667943,-0.761678159236908,-0.009293139912188053,-0.6478888392448425,3.0634546663186173,0.0,0.0,0.0,0.0,0.0,0.0
1772566000697253338,397.647700992,26.741628646850586,0.44142264127731323,-60.57474136352539,0.003425002098083496,-0.7613461017608643,-0.009175091981887817,-0.6482717990875244,3.0997225602241394,0.0,0.0,0.0,0.0,0.0,0.0
1772566000808372976,397.758820608,26.82981300354004,0.44037002325057983,-60.587928771972656,0.004958391189575195,-0.7607157230377197,-0.009179353713989258,-0.64900141954422,3.1138555347847627,0.0,0.0,0.0,0.0,0.0,0.0
1772566000918374511,397.868822016,26.919898986816406,0.44072669744491577,-60.591453552246094,-0.00546574592590332,-0.7600623369216919,-0.009875625371932983,-0.6497521996498108,3.0065321871542006,0.0,0.0,0.0,0.0,0.0,0.0
1772566001018532830,397.96898048,27.00020408630371,0.4416237473487854,-60.59703063964844,-0.01520240306854248,-0.7584564685821533,-0.00961148738861084,-0.6514755487442017,2.90971077855181,0.0,0.0,0.0,0.0,0.0,0.0
1772566001120406251,398.070853888,27.0596866607666,0.4424521327018738,-60.608497619628906,-0.015171317383646965,-0.7541719675064087,-0.011645465157926083,-0.6563985347747803,2.8714015847186674,0.0,0.0,0.0,0.0,0.0,0.0
1772566001193631575,398.144079104,27.09471893310547,0.444166362285614,-60.618194580078125,-0.016060084104537964,-0.7457655072212219,-0.011901706457138062,-0.6659085750579834,2.8018397836131133,0.0,0.0,0.0,0.0,0.0,0.0
1772566001297525598,398.24797312,27.098644256591797,0.4446637034416199,-60.62699890136719,-0.015693873167037964,-0.7367123365402222,-0.01210513710975647,-0.6759157776832581,2.710188652285924,0.0,0.0,0.0,0.0,0.0,0.0
1772566001401614559,398.352062208,27.08797836303711,0.4443071484565735,-60.638946533203125,-0.014853684231638908,-0.7243543267250061,-0.01266777329146862,-0.6891515254974365,2.4765045710170104,0.0,0.0,0.0,0.0,0.0,0.0
1772566001519506915,398.46995456,27.071014404296875,0.44422608613967896,-60.6473503112793,-0.014052540063858032,-0.71360844373703,-0.013423383235931396,-0.7002752423286438,2.022146303095779,0.0,0.0,0.0,0.0,0.0,0.0
1772566001623243488,398.573691136,27.051149368286133,0.44458192586898804,-60.6544303894043,-0.014571068808436394,-0.7036364078521729,-0.012952147051692009,-0.7102928161621094,1.332364374437795,0.0,0.0,0.0,0.0,0.0,0.0
1772566001723291341,398.673739008,27.0311336517334,0.44467347860336304,-60.664390563964844,-0.013779819011688232,-0.6937344074249268,-0.013573884963989258,-0.7199711203575134,0.8060922640642629,0.0,0.0,0.0,0.0,0.0,0.0
1772566001825623711,398.776071424,27.013042449951172,0.4445425868034363,-60.674766540527344,-0.014075666666030884,-0.6845740675926208,-0.013760656118392944,-0.72867751121521,0.5627940712160358,0.0,0.0,0.0,0.0,0.0,0.0
1772566001936242007,398.886689536,26.993621826171875,0.4448471665382385,-60.68640899658203,-0.013465642929077148,-0.6744261980056763,-0.014444023370742798,-0.7380781173706055,0.4139195536459358,0.0,0.0,0.0,0.0,0.0,0.0
1772566002050125140,399.000572672,26.982933044433594,0.4446670413017273,-60.693946838378906,-0.01197284460067749,-0.6666159629821777,-0.01487797498703003,-0.7451567053794861,0.3314728277875456,0.0,0.0,0.0,0.0,0.0,0.0
1772566002202399560,399.152847104,26.977128982543945,0.44493573904037476,-60.70022201538086,-0.010351508855819702,-0.6598421335220337,-0.015242993831634521,-0.7511783838272095,0.27668215876534336,0.0,0.0,0.0,0.0,0.0,0.0
1772566002289461614,399.23990912,26.97319793701172,0.44501107931137085,-60.70530319213867,-0.010707558132708073,-0.6544342041015625,-0.015290171839296818,-0.7558884620666504,0.2541022333225745,0.0,0.0,0.0,0.0,0.0,0.0
1772566002389583685,399.340031232,26.9715633392334,0.44439464807510376,-60.71063995361328,-0.010152250528335571,-0.6480674147605896,-0.01541668176651001,-0.7613592743873596,0.22570709800204158,0.0,0.0,0.0,0.0,0.0,0.0
1772566002503898706,399.45434624,26.963014602661133,0.44487887620925903,-60.71628189086914,-0.013050643727183342,-0.6415927410125732,-0.014645455405116081,-0.7667945623397827,0.21883801875786985,0.0,0.0,0.0,0.0,0.0,0.0
1772566002650430102,399.600877824,26.95222282409668,0.44528907537460327,-60.7243537902832,-0.011677294969558716,-0.6357085108757019,-0.015032529830932617,-0.771694540977478,0.1963310883248684,0.0,0.0,0.0,0.0,0.0,0.0
1772566002739349587,399.68979712,26.94386863708496,0.4450504183769226,-60.733673095703125,-0.007602035999298096,-0.6284242272377014,-0.01597529649734497,-0.7776696681976318,0.16263704631915918,0.0,0.0,0.0,0.0,0.0,0.0
1772566002838864637,399.789312256,26.937498092651367,0.4447196125984192,-60.73845291137695,-0.007818341255187988,-0.6226629018783569,-0.016151517629623413,-0.7822843790054321,0.15498434600179012,0.0,0.0,0.0,0.0,0.0,0.0
1772566002938662668,399.889110272,26.93088150024414,0.4443240761756897,-60.742740631103516,-0.008590370416641235,-0.6166237592697144,-0.016386061906814575,-0.7870405912399292,0.15107855968426112,0.0,0.0,0.0,0.0,0.0,0.0
1772566003040590326,399.991037952,26.927257537841797,0.4442136883735657,-60.74690246582031,-0.00874251127243042,-0.6103554964065552,-0.016517966985702515,-0.7919071912765503,0.1437939368535815,0.0,0.0,0.0,0.0,0.0,0.0
1772566003151357585,400.101805312,26.925474166870117,0.44482988119125366,-60.75261688232422,-0.006804763339459896,-0.6022047996520996,-0.016858337447047234,-0.7981345653533936,0.12737048221075478,0.0,0.0,0.0,0.0,0.0,0.0
1772566003291311693,400.241759232,26.921314239501953,0.4452299475669861,-60.75835418701172,-0.006439208984375,-0.5958674550056458,-0.017295926809310913,-0.8028707504272461,0.12192378019181904,0.0,0.0,0.0,0.0,0.0,0.0
1772566003393059980,400.343507712,26.914794921875,0.4452361464500427,-60.76572799682617,-0.005535423289984465,-0.5886843800544739,-0.01776048354804516,-0.8081488609313965,0.11450460728512475,0.0,0.0,0.0,0.0,0.0,0.0
1772566003493931575,400.444379136,26.90859031677246,0.44534391164779663,-60.774173736572266,-0.005279541015625,-0.5831695795059204,-0.017674624919891357,-0.8121410608291626,0.10879839388966851,0.0,0.0,0.0,0.0,0.0,0.0
1772566003594480516,400.544928256,26.89678955078125,0.44416946172714233,-60.783470153808594,-0.0064941346645355225,-0.5774960517883301,-0.017668813467025757,-0.8161764144897461,0.10890983974536084,0.0,0.0,0.0,0.0,0.0,0.0
1772566003699410198,400.649857792,26.88775634765625,0.44433826208114624,-60.79109573364258,-0.005567401647567749,-0.5733063817024231,-0.017494022846221924,-0.8191354274749756,0.10210214592024923,0.0,0.0,0.0,0.0,0.0,0.0
1772566003832969868,400.7834176,26.878007888793945,0.44436949491500854,-60.80108642578125,-0.0027025341987609863,-0.5682044625282288,-0.01805707812309265,-0.8226848840713501,0.09243517116316362,0.0,0.0,0.0,0.0,0.0,0.0
1772566003945207731,400.895655424,26.870744705200195,0.44468921422958374,-60.807674407958984,-0.003967255353927612,-0.5640645623207092,-0.018133103847503662,-0.8255220651626587,0.09452103541599058,0.0,0.0,0.0,0.0,0.0,0.0
1772566004037978462,400.988425984,26.863605499267578,0.44383901357650757,-60.815425872802734,-0.003436208004131913,-0.5584003329277039,-0.018402578309178352,-0.8293604254722595,0.09120810682458415,0.0,0.0,0.0,0.0,0.0,0.0
1772566004130269560,401.080717056,26.862171173095703,0.44421547651290894,-60.81886291503906,-0.0028082728385925293,-0.5531114935874939,-0.017862647771835327,-0.8329110741615295,0.08460479914619629,0.0,0.0,0.0,0.0,0.0,0.0
1772566004241650483,401.192098048,26.86602210998535,0.44474858045578003,-60.82172775268555,-0.003591745626181364,-0.5462527871131897,-0.018326787278056145,-0.8374121189117432,0.0857873438751313,0.0,0.0,0.0,0.0,0.0,0.0
1772566004354002836,401.30445056,26.865385055541992,0.44513922929763794,-60.82704162597656,-0.008326530456542969,-0.536599338054657,-0.01761472225189209,-0.8436121940612793,0.09102486630627739,0.0,0.0,0.0,0.0,0.0,0.0
1772566004502397544,401.452845056,26.834867477416992,0.4445742964744568,-60.85273361206055,-0.010067193768918514,-0.5237669944763184,-0.016671208664774895,-0.851638913154602,0.08617275546480155,0.0,0.0,0.0,0.0,0.0,0.0
1772566004592506407,401.542953984,26.7840518951416,0.4433831572532654,-60.891963958740234,-0.0070320069789886475,-0.5094778537750244,-0.01770666241645813,-0.8602728843688965,0.07819815479294802,0.0,0.0,0.0,0.0,0.0,0.0
1772566004705321783,401.655769344,26.726770401000977,0.4411270022392273,-60.93885040283203,-0.004139900207519531,-0.4939544200897217,-0.018313586711883545,-0.869284987449646,0.07014869051319064,0.0,0.0,0.0,0.0,0.0,0.0
1772566004810323213,401.760770816,26.682918548583984,0.4397048354148865,-60.97960662841797,-0.0045763845555484295,-0.47593453526496887,-0.017898110672831535,-0.8792866468429565,0.06549134724070109,0.0,0.0,0.0,0.0,0.0,0.0
1772566004889030431,401.839478016,26.654224395751953,0.4400114417076111,-61.01229476928711,-0.004337519407272339,-0.45252665877342224,-0.01830539107322693,-0.8915525078773499,0.06192148077931627,0.0,0.0,0.0,0.0,0.0,0.0
1772566004986323183,401.936770816,26.657804489135742,0.4406331181526184,-60.97761535644531,-0.003999263048171997,-0.4373876452445984,-0.01916787028312683,-0.8990598917007446,0.061488315471555866,0.0,0.0,0.0,0.0,0.0,0.0
1772566005091261847,402.041709568,26.71092987060547,0.44092434644699097,-60.916324615478516,-0.0027703046798706055,-0.42952218651771545,-0.019452542066574097,-0.9028425812721252,0.05943663540716643,0.0,0.0,0.0,0.0,0.0,0.0
1772566005218924338,402.169371904,26.79108238220215,0.44151586294174194,-60.853519439697266,-0.0022821424063295126,-0.4268806278705597,-0.019215671345591545,-0.9041010141372681,0.05773945834257185,0.0,0.0,0.0,0.0,0.0,0.0
1772566005326943424,402.277391104,26.889467239379883,0.44113725423812866,-60.776309967041016,-0.001100987195968628,-0.42534270882606506,-0.017473489046096802,-0.9048630595207214,0.051023811633693045,0.0,0.0,0.0,0.0,0.0,0.0
1772566005425622013,402.376069632,26.97075653076172,0.44140905141830444,-60.70980453491211,-0.0032655000686645508,-0.4246487617492676,-0.015713632106781006,-0.9052159190177917,0.04883285867881237,0.0,0.0,0.0,0.0,0.0,0.0
1772566005522228239,402.47267584,27.053903579711914,0.44152969121932983,-60.63950729370117,-0.007031768560409546,-0.4246158003807068,-0.014551639556884766,-0.9052294492721558,0.05053251519723651,0.0,0.0,0.0,0.0,0.0,0.0
1772566005625649914,402.576097536,27.120925903320312,0.44193214178085327,-60.581871032714844,-0.007479906547814608,-0.4242967665195465,-0.015428991056978703,-0.9053608179092407,0.05356357470939146,0.0,0.0,0.0,0.0,0.0,0.0
1772566005746034029,402.696481536,27.16230583190918,0.44255000352859497,-60.54645538330078,-0.008094608783721924,-0.42371612787246704,-0.01592928171157837,-0.9056187868118286,0.05570453879479308,0.0,0.0,0.0,0.0,0.0,0.0
1772566005833856915,402.78430464,27.179336547851562,0.44247597455978394,-60.532127380371094,-0.007672755979001522,-0.4226999282836914,-0.0162713211029768,-0.9060910940170288,0.055963963189636985,0.0,0.0,0.0,0.0,0.0,0.0
1772566005949313545,402.899761152,27.17214584350586,0.4424317479133606,-60.538272857666016,-0.007749736309051514,-0.420903742313385,-0.015608519315719604,-0.9069378972053528,0.05394032272546492,0.0,0.0,0.0,0.0,0.0,0.0
1772566006049618627,403.000066304,27.157194137573242,0.44278424978256226,-60.54888153076172,-0.00743904709815979,-0.4191496968269348,-0.016360998153686523,-0.9077392816543579,0.0553971278171598,0.0,0.0,0.0,0.0,0.0,0.0
1772566006137675100,403.088122624,27.1370849609375,0.44191068410873413,-60.5646858215332,-0.007395505905151367,-0.41740888357162476,-0.016604572534561157,-0.908536970615387,0.05577357612345235,0.0,0.0,0.0,0.0,0.0,0.0
1772566006250495201,403.200942848,27.11750030517578,0.44137197732925415,-60.58238983154297,-0.006846874952316284,-0.4167766571044922,-0.0157850980758667,-0.9088461399078369,0.05270362772349812,0.0,0.0,0.0,0.0,0.0,0.0
1772566006393825101,403.34427264,27.09282875061035,0.4408954977989197,-60.602394104003906,-0.0070937275886535645,-0.41600555181503296,-0.01633608341217041,-0.9091877341270447,0.05444596779155794,0.0,0.0,0.0,0.0,0.0,0.0
1772566006474911880,403.425359616,27.071775436401367,0.4404546618461609,-60.62178421020508,-0.006415395997464657,-0.4152577519416809,-0.015443442389369011,-0.9095500707626343,0.0510082006995123,0.0,0.0,0.0,0.0,0.0,0.0
1772566006578354411,403.528802048,27.08635902404785,0.44362980127334595,-60.60664367675781,-0.0034606456756591797,-0.41472452878952026,-0.018263041973114014,-0.909757137298584,0.05503073634576954,0.0,0.0,0.0,0.0,0.0,0.0
1772566006698117981,403.648565504,27.149011611938477,0.44759589433670044,-60.550025939941406,-0.001543611055240035,-0.4135506749153137,-0.019516346976161003,-0.9102705717086792,0.05594824677982844,0.0,0.0,0.0,0.0,0.0,0.0
1772566006812258139,403.762705664,27.234230041503906,0.44516247510910034,-60.4721565246582,-0.00792932603508234,-0.4113514721393585,-0.017604323104023933,-0.9112722873687744,0.05834591599218458,0.0,0.0,0.0,0.0,0.0,0.0
1772566006922247746,403.872695296,27.323699951171875,0.4444834589958191,-60.39469528198242,-0.006890922784805298,-0.41122084856033325,-0.017074376344680786,-0.9113497734069824,0.05558120889530942,0.0,0.0,0.0,0.0,0.0,0.0
1772566007050723479,404.0011712,27.38302993774414,0.4431535601615906,-60.34280776977539,-0.006662785075604916,-0.4109703302383423,-0.016987917944788933,-0.9114660620689392,0.05502692766310275,0.0,0.0,0.0,0.0,0.0,0.0
1772566007149704247,404.100151808,27.421218872070312,0.4428190588951111,-60.31106948852539,-0.006171703338623047,-0.4109223484992981,-0.016122937202453613,-0.9115068912506104,0.052032626091272155,0.0,0.0,0.0,0.0,0.0,0.0
1772566007232458427,404.182906112,27.44430160522461,0.4421079754829407,-60.29159164428711,-0.0059230029582977295,-0.4106581211090088,-0.016044408082962036,-0.9116289615631104,0.051475923947709015,0.0,0.0,0.0,0.0,0.0,0.0
1772566007349227921,404.299675648,27.463329315185547,0.4419781565666199,-60.27628707885742,-0.0056656599044799805,-0.410020649433136,-0.015458136796951294,-0.9119276404380798,0.0494697252690256,0.0,0.0,0.0,0.0,0.0,0.0
1772566007450092379,404.400539904,27.482593536376953,0.44176608324050903,-60.25811004638672,-0.00569111155346036,-0.4093427360057831,-0.01602107472717762,-0.9122223258018494,0.05096522863500323,0.0,0.0,0.0,0.0,0.0,0.0
1772566007553316228,404.503763968,27.544597625732422,0.44389480352401733,-60.20283889770508,-0.005375027656555176,-0.4095141589641571,-0.01564270257949829,-0.9121538400650024,0.04955893336432792,0.0,0.0,0.0,0.0,0.0,0.0
1772566007666185325,404.616632832,27.618743896484375,0.44574111700057983,-60.133296966552734,-0.0057547991164028645,-0.4098223149776459,-0.01710277982056141,-0.9119868874549866,0.054071686269570915,0.0,0.0,0.0,0.0,0.0,0.0
1772566007815454529,404.76590208,27.710453033447266,0.4483681321144104,-60.04885482788086,-0.006130009889602661,-0.41021761298179626,-0.017887413501739502,-0.9117916822433472,0.056740913777877613,0.0,0.0,0.0,0.0,0.0,0.0
1772566007892893947,404.843341568,27.787967681884766,0.4492095112800598,-59.97966003417969,-0.005568802356719971,-0.41050124168395996,-0.017599254846572876,-0.9116731882095337,0.055293614713114975,0.0,0.0,0.0,0.0,0.0,0.0
1772566008019919982,404.970367488,27.881881713867188,0.4484943747520447,-59.896629333496094,-0.004913836717605591,-0.41076403856277466,-0.016838490962982178,-0.9115729331970215,0.05242472299421688,0.0,0.0,0.0,0.0,0.0,0.0
1772566008123221980,405.073669632,27.977474212646484,0.4473225474357605,-59.813987731933594,-0.004383891820907593,-0.411196768283844,-0.015020936727523804,-0.9114123582839966,0.046815793529824665,0.0,0.0,0.0,0.0,0.0,0.0
1772566008210122026,405.1605696,28.06053924560547,0.4445804953575134,-59.74753189086914,-0.004539579153060913,-0.411467969417572,-0.009347617626190186,-0.9113650321960449,0.03140761106056943,0.0,0.0,0.0,0.0,0.0,0.0
1772566008347783889,405.298231552,28.146469116210938,0.4381714463233948,-59.687564849853516,-0.00450626015663147,-0.41164278984069824,0.003201127052307129,-0.9113285541534424,-0.0032138483580466883,0.0,0.0,0.0,0.0,0.0,0.0
1772566008422324915,405.372772608,28.236270904541016,0.43433433771133423,-59.611183166503906,-0.00333577417768538,-0.4113556742668152,0.004981995094567537,-0.9114551544189453,-0.009579641923208905,0.0,0.0,0.0,0.0,0.0,0.0
1772566008523063160,405.473510656,28.326061248779297,0.4320666193962097,-59.531158447265625,-0.001058042049407959,-0.411376953125,0.0034941434860229492,-0.9114580154418945,-0.00831259613630689,0.0,0.0,0.0,0.0,0.0,0.0
1772566008623454933,405.573902592,28.415721893310547,0.4290148615837097,-59.45212936401367,0.0006589591503143311,-0.4113301932811737,0.002880483865737915,-0.9114816188812256,-0.008756019019357051,0.0,0.0,0.0,0.0,0.0,0.0
1772566008720200536,405.670648064,28.504451751708984,0.426846444606781,-59.37234115600586,0.0026717185974121094,-0.4113953113555908,0.0009210407733917236,-0.9114526510238647,-0.005861156420603976,0.0,0.0,0.0,0.0,0.0,0.0
1772566008850165331,405.800612864,28.60723114013672,0.4230279326438904,-59.28225326538086,0.0046933297999203205,-0.4113644063472748,0.0004657507233787328,-0.9114587903022766,-0.0071199829761794875,0.0,0.0,0.0,0.0,0.0,0.0
1772566008991440045,405.941887744,28.68825912475586,0.42030006647109985,-59.21309280395508,0.005307405721396208,-0.4105644226074219,0.0008791981963440776,-0.9118157029151917,-0.008993041176970688,0.0,0.0,0.0,0.0,0.0,0.0
1772566009073620200,406.02406784,28.74862289428711,0.42016714811325073,-59.1611328125,0.006265938747674227,-0.40590590238571167,0.0014187992783263326,-0.9138923287391663,-0.011454068307065132,0.0,0.0,0.0,0.0,0.0,0.0
1772566009177375459,406.127823104,28.789302825927734,0.4212542176246643,-59.112518310546875,0.005836724769324064,-0.3961808681488037,0.0008274315623566508,-0.9181535243988037,-0.008955298075875182,0.0,0.0,0.0,0.0,0.0,0.0
1772566009281977418,406.23242496,28.809215545654297,0.4217206835746765,-59.09355163574219,0.005816340446472168,-0.37778240442276,0.001286625862121582,-0.9258753061294556,-0.00948409085190007,0.0,0.0,0.0,0.0,0.0,0.0
1772566009418531485,406.3689792,28.808135986328125,0.42210763692855835,-59.12468719482422,0.006704449653625488,-0.3604488968849182,0.0023824572563171387,-0.9327518939971924,-0.012534381523127042,0.0,0.0,0.0,0.0,0.0,0.0
1772566009515418318,406.465865984,28.79186248779297,0.4216333031654358,-59.18173599243164,0.006406187079846859,-0.3440435528755188,0.0023689863737672567,-0.9389288425445557,-0.011603219282103954,0.0,0.0,0.0,0.0,0.0,0.0
1772566009604497490,406.554945024,28.762863159179688,0.4212237000465393,-59.25953674316406,0.006578922737389803,-0.3307456076145172,0.002610475057736039,-0.9436933994293213,-0.011877146554796103,0.0,0.0,0.0,0.0,0.0,0.0
1772566009709092941,406.65954048,28.72213363647461,0.42172497510910034,-59.34581756591797,0.009284676052629948,-0.322632759809494,0.00663870619609952,-0.9464554190635681,-0.023435019894336426,0.0,0.0,0.0,0.0,0.0,0.0
1772566009826572849,406.777020416,28.716320037841797,0.42274385690689087,-59.35997772216797,0.010293573141098022,-0.316667377948761,0.006920456886291504,-0.9484555721282959,-0.024573553171655976,0.0,0.0,0.0,0.0,0.0,0.0
1772566009914259531,406.864707072,28.72457504272461,0.4236606955528259,-59.30912780761719,0.01002994179725647,-0.3061343729496002,0.006874561309814453,-0.951910674571991,-0.02366289424444663,0.0,0.0,0.0,0.0,0.0,0.0
1772566010039736334,406.990183936,28.752521514892578,0.42382556200027466,-59.22811508178711,0.007551759481430054,-0.2972371578216553,0.0037980377674102783,-0.9547662734985352,-0.0142614078881755,0.0,0.0,0.0,0.0,0.0,0.0
1772566010131898134,407.082345728,28.769222259521484,0.4218868613243103,-59.16594696044922,0.004778057336807251,-0.28849729895591736,0.0001278221607208252,-0.9574688673019409,-0.003601119170570309,0.0,0.0,0.0,0.0,0.0,0.0
1772566010233049091,407.183496704,28.763992309570312,0.4229770302772522,-59.18031311035156,0.004685878753662109,-0.2810910642147064,0.0006926357746124268,-0.9596694707870483,-0.004707612920912791,0.0,0.0,0.0,0.0,0.0,0.0
1772566010349345952,407.299793664,28.748180389404297,0.4237951636314392,-59.20906448364258,0.004148155450820923,-0.2773585319519043,0.0010928809642791748,-0.9607569575309753,-0.005201252722984317,0.0,0.0,0.0,0.0,0.0,0.0
1772566010450053983,407.400501504,28.738609313964844,0.4233546853065491,-59.224464416503906,0.004214316140860319,-0.27716323733329773,0.0015860793646425009,-0.9608122706413269,-0.006361251188762578,0.0,0.0,0.0,0.0,0.0,0.0
1772566010568262332,407.518710016,28.72856903076172,0.4229133725166321,-59.2380256652832,0.0039244890213012695,-0.27667421102523804,0.0010364651679992676,-0.9609552025794983,-0.004916243285682778,0.0,0.0,0.0,0.0,0.0,0.0
1772566010669367223,407.619814912,28.720394134521484,0.42371588945388794,-59.25194549560547,0.0038944780826568604,-0.27641409635543823,0.0015674233436584473,-0.9610295295715332,-0.0060973576707962045,0.0,0.0,0.0,0.0,0.0,0.0
1772566010770357253,407.720804864,28.71399688720703,0.4240531325340271,-59.26103210449219,0.00333249568939209,-0.2761772871017456,0.001005023717880249,-0.9611004590988159,-0.004451650215764688,0.0,0.0,0.0,0.0,0.0,0.0
1772566010869955836,407.820403456,28.706771850585938,0.4238967299461365,-59.27330017089844,0.003551781177520752,-0.27588725090026855,0.0013723373413085938,-0.9611824750900269,-0.0054234964151129465,0.0,0.0,0.0,0.0,0.0,0.0
1772566010979103890,407.929551616,28.700641632080078,0.42358094453811646,-59.28335189819336,0.0038691461086273193,-0.27551522850990295,0.0019512176513671875,-0.9612869620323181,-0.006936401629366752,0.0,0.0,0.0,0.0,0.0,0.0
1772566011081695533,408.032143104,28.691287994384766,0.4240400195121765,-59.297794342041016,0.0038498342037200928,-0.2753770351409912,0.0014486610889434814,-0.9613275527954102,-0.005782570826573126,0.0,0.0,0.0,0.0,0.0,0.0
1772566011201771123,408.152218624,28.66854476928711,0.42419499158859253,-59.33622360229492,0.0037250816822052,-0.2751350998878479,0.0021074414253234863,-0.9613960981369019,-0.007190575464763633,0.0,0.0,0.0,0.0,0.0,0.0
1772566011324826489,408.275273984,28.6409912109375,0.42507821321487427,-59.38054275512695,0.003077268600463867,-0.2748979330062866,0.0018973350524902344,-0.9614666700363159,-0.006291118739112227,0.0,0.0,0.0,0.0,0.0,0.0
1772566011410427470,408.360875008,28.59743881225586,0.42489713430404663,-59.452362060546875,0.0028036534786224365,-0.2744903862476349,0.0020946264266967773,-0.9615835547447205,-0.006555257693993893,0.0,0.0,0.0,0.0,0.0,0.0
1772566011537069422,408.487516928,28.547870635986328,0.42607277631759644,-59.53583526611328,0.0024449825286865234,-0.27397990226745605,0.0030274689197540283,-0.9617276191711426,-0.008428274641674515,0.0,0.0,0.0,0.0,0.0,0.0
1772566011649454028,408.599901696,28.504981994628906,0.4251694083213806,-59.60727310180664,0.0018822253914549947,-0.27354905009269714,0.0035213830415159464,-0.9618498086929321,-0.009177313570331953,0.0,0.0,0.0,0.0,0.0,0.0
1772566011750297034,408.700744704,28.459796905517578,0.42570680379867554,-59.68198013305664,0.0011691451072692871,-0.2730671167373657,0.0036345720291137695,-0.9619874358177185,-0.008968913486911274,0.0,0.0,0.0,0.0,0.0,0.0
1772566011850370617,408.800818176,28.40838623046875,0.42531436681747437,-59.768672943115234,0.0009327828884124756,-0.2725456655025482,0.004494309425354004,-0.962131917476654,-0.010754480535952382,0.0,0.0,0.0,0.0,0.0,0.0
1772566012002442172,408.952889856,28.361557006835938,0.4254993796348572,-59.84626770019531,-0.0005075037479400635,-0.2714853286743164,0.004527479410171509,-0.962431788444519,-0.009898470027123445,0.0,0.0,0.0,0.0,0.0,0.0
1772566012113616888,409.064064512,28.323711395263672,0.4262920022010803,-59.90639114379883,-0.001322925090789795,-0.268685519695282,0.004403829574584961,-0.96321702003479,-0.009084592204253495,0.0,0.0,0.0,0.0,0.0,0.0
1772566012221485042,409.171932672,28.27587127685547,0.4271792769432068,-59.961788177490234,-0.0022935867309570312,-0.2629285454750061,0.004034757614135742,-0.9648041725158691,-0.007635186412892854,0.0,0.0,0.0,0.0,0.0,0.0
1772566012316095510,409.266543104,28.24195098876953,0.4281901717185974,-60.0071907043457,-0.0031462612096220255,-0.25986549258232117,0.003120690817013383,-0.9656346440315247,-0.005077516133109592,0.0,0.0,0.0,0.0,0.0,0.0
1772566012425761874,409.376209408,28.211471557617188,0.42960864305496216,-60.05903244018555,-0.003892660140991211,-0.2598196864128113,0.002639681100845337,-0.9656457304954529,-0.003555254639501279,0.0,0.0,0.0,0.0,0.0,0.0
1772566012527337031,409.477784576,28.179214477539062,0.42994993925094604,-60.115543365478516,-0.004399269353598356,-0.2598193287849426,0.0031337435357272625,-0.9656420946121216,-0.004354027301910456,0.0,0.0,0.0,0.0,0.0,0.0
1772566012627498569,409.577946112,28.145305633544922,0.43027132749557495,-60.174476623535156,-0.0047768354415893555,-0.2597189247608185,0.003253161907196045,-0.9656670093536377,-0.004394608862014406,0.0,0.0,0.0,0.0,0.0,0.0
1772566012722086968,409.672534528,28.10936737060547,0.4305693507194519,-60.2365608215332,-0.005121022462844849,-0.2597930431365967,0.003174424171447754,-0.9656455516815186,-0.004011475842869494,0.0,0.0,0.0,0.0,0.0,0.0
1772566012840573387,409.791021056,28.061973571777344,0.4304584860801697,-60.3189697265625,-0.006037532351911068,-0.25978347659111023,0.003860622178763151,-0.9656403064727783,-0.004993098433194901,0.0,0.0,0.0,0.0,0.0,0.0
1772566012933339110,409.883786752,28.020816802978516,0.4313792586326599,-60.390201568603516,-0.0065322816371917725,-0.2598050832748413,0.004176437854766846,-0.9656299948692322,-0.005400781643988202,0.0,0.0,0.0,0.0,0.0,0.0
1772566013033033849,409.983481344,27.978527069091797,0.43144410848617554,-60.46213150024414,-0.006815910805016756,-0.25985416769981384,0.0038829150144010782,-0.9656160473823547,-0.004574400085068631,0.0,0.0,0.0,0.0,0.0,0.0
1772566013119296070,410.069743616,27.933788299560547,0.43156057596206665,-60.53834533691406,-0.007527410984039307,-0.2598459720611572,0.0037149786949157715,-0.965613603591919,-0.0037719908308485608,0.0,0.0,0.0,0.0,0.0,0.0
1772566013226965229,410.177412864,27.88717269897461,0.4323238730430603,-60.61921310424805,-0.007901669479906559,-0.2596589922904968,0.003703832859173417,-0.9656609296798706,-0.0035252647720774902,0.0,0.0,0.0,0.0,0.0,0.0
1772566013349411480,410.2998592,27.84121322631836,0.43250972032546997,-60.70540237426758,-0.0086231529712677,-0.25731170177459717,0.004429459571838379,-0.9662798643112183,-0.004751916541699052,0.0,0.0,0.0,0.0,0.0,0.0
1772566013427918451,410.378365952,27.782997131347656,0.43408578634262085,-60.816463470458984,-0.01022404432296753,-0.25008827447891235,0.006072103977203369,-0.9681500196456909,-0.007593932238120096,0.0,0.0,0.0,0.0,0.0,0.0
1772566013537136718,410.487584256,27.729217529296875,0.43680626153945923,-60.91595458984375,-0.01019790768623352,-0.24414637684822083,0.006289303302764893,-0.969664454460144,-0.008194904838625111,0.0,0.0,0.0,0.0,0.0,0.0
1772566013652638615,410.603086336,27.67702865600586,0.43848520517349243,-61.00170135498047,-0.00755840539932251,-0.23656904697418213,0.004517167806625366,-0.9715747833251953,-0.005857130273748148,0.0,0.0,0.0,0.0,0.0,0.0
1772566013749233385,410.699681024,27.66421890258789,0.43700212240219116,-61.01319885253906,-0.008867144584655762,-0.2263307273387909,0.004503339529037476,-0.9739997386932373,-0.005302061484755872,0.0,0.0,0.0,0.0,0.0,0.0
1772566013891365531,410.841813248,27.668869018554688,0.435871422290802,-61.01184844970703,-0.009316504001617432,-0.21303075551986694,0.005704730749130249,-0.9769845008850098,-0.007894352645789977,0.0,0.0,0.0,0.0,0.0,0.0
1772566013964746487,410.915194112,27.66522216796875,0.43485814332962036,-60.989192962646484,-0.011277406476438046,-0.19632266461849213,0.0055005247704684734,-0.9804591536521912,-0.0068894494743015405,0.0,0.0,0.0,0.0,0.0,0.0
1772566014113349399,411.063796992,27.664581298828125,0.4341709017753601,-60.96104049682617,-0.011506438255310059,-0.17486904561519623,0.005688875913619995,-0.9845080375671387,-0.007645169456606545,0.0,0.0,0.0,0.0,0.0,0.0
1772566014195087212,411.14553472,27.658809661865234,0.4336649775505066,-60.92444610595703,-0.011817244812846184,-0.15060430765151978,0.005676269065588713,-0.9885072112083435,-0.008027098339324168,0.0,0.0,0.0,0.0,0.0,0.0
1772566014330162833,411.28061056,27.652084350585938,0.43508380651474,-60.88447952270508,-0.011350125074386597,-0.12738527357578278,0.005500584840774536,-0.9917731881141663,-0.008288293898092255,0.0,0.0,0.0,0.0,0.0,0.0
1772566014437273909,411.387721472,27.6519775390625,0.4346986413002014,-60.809326171875,-0.011221349239349365,-0.10603417456150055,0.004579722881317139,-0.9942886829376221,-0.006882383397231316,0.0,0.0,0.0,0.0,0.0,0.0
1772566014549294352,411.499741952,27.663066864013672,0.4337034821510315,-60.697513580322266,-0.00996062159538269,-0.09135250747203827,0.004135817289352417,-0.9957602024078369,-0.006525759757224392,0.0,0.0,0.0,0.0,0.0,0.0
1772566014649475833,411.599923456,27.68225860595703,0.431976854801178,-60.57612228393555,-0.007869482040405273,-0.08746325969696045,0.0038087069988250732,-0.9961293935775757,-0.006307959033890144,0.0,0.0,0.0,0.0,0.0,0.0
1772566014749682368,411.700130048,27.702503204345703,0.4329614043235779,-60.452598571777344,-0.008225828409194946,-0.08714430779218674,0.0017729401588439941,-0.9961602091789246,-0.0021309726214034474,0.0,0.0,0.0,0.0,0.0,0.0
1772566014898209972,411.848657664,27.724285125732422,0.43398672342300415,-60.33162307739258,-0.007433623541146517,-0.08680588752031326,0.0015244187088683248,-0.9961963295936584,-0.0017734086767163177,0.0,0.0,0.0,0.0,0.0,0.0
1772566014983468847,411.933916416,27.741058349609375,0.4338662028312683,-60.230247497558594,-0.007440298795700073,-0.08645018935203552,-3.55839729309082e-05,-0.9962284564971924,0.0013779253801059633,0.0,0.0,0.0,0.0,0.0,0.0
1772566015096876359,412.047323904,27.762489318847656,0.4339908957481384,-60.10845947265625,-0.0070639848709106445,-0.0861290842294693,-0.0004887282848358154,-0.9962588548660278,0.002223616864829181,0.0,0.0,0.0,0.0,0.0,0.0
1772566015201967675,412.152415232,27.784156799316406,0.4326903223991394,-59.98728561401367,-0.005702108610421419,-0.08583369106054306,-0.0006021857843734324,-0.9962930083274841,0.0022113550575277624,0.0,0.0,0.0,0.0,0.0,0.0
1772566015300893904,412.251341568,27.80255126953125,0.43096035718917847,-59.88728332519531,-0.0044255852699279785,-0.08557132631540298,-0.00019532442092895508,-0.9963221549987793,0.0011636597548879105,0.0,0.0,0.0,0.0,0.0,0.0
1772566015424910788,412.375358464,27.82003402709961,0.42951351404190063,-59.78696823120117,-0.002958595287054777,-0.08530872315168381,-0.000658780278172344,-0.9963499307632446,0.0018443841819654125,0.0,0.0,0.0,0.0,0.0,0.0
1772566015549280348,412.499727872,27.8385009765625,0.4288354516029358,-59.68628692626953,-0.001641243463382125,-0.08506310731172562,-0.00015771387552376837,-0.9963741898536682,0.0006022175354754547,0.0,0.0,0.0,0.0,0.0,0.0
1772566015635024705,412.585472256,27.859237670898438,0.42720693349838257,-59.56472396850586,-0.0003989339165855199,-0.08487551659345627,-0.0007280409918166697,-0.996391236782074,0.0015407458184927456,0.0,0.0,0.0,0.0,0.0,0.0
1772566015804409807,412.754857472,27.88426971435547,0.42523735761642456,-59.42269515991211,0.001442641019821167,-0.08452713489532471,-0.0008485913276672363,-0.9964197874069214,0.0014682029715431943,0.0,0.0,0.0,0.0,0.0,0.0
1772566015932412272,412.882859776,27.90536117553711,0.423576295375824,-59.300453186035156,0.0027591586112976074,-0.0842256098985672,-0.0012852251529693604,-0.9964420795440674,0.0021266984792119165,0.0,0.0,0.0,0.0,0.0,0.0
1772566016010251270,412.96069888,27.929656982421875,0.4231324791908264,-59.17930221557617,0.005797743797302246,-0.08380338549613953,0.0012031495571136475,-0.996464729309082,-0.0034175328049288432,0.0,0.0,0.0,0.0,0.0,0.0
1772566016146228616,413.096676352,27.94550323486328,0.4242522120475769,-59.07547378540039,0.003919064998626709,-0.08336609601974487,-0.0010429918766021729,-0.9965107440948486,0.001445363355042057,0.0,0.0,0.0,0.0,0.0,0.0
1772566016246553394,413.19700096,27.968788146972656,0.42495959997177124,-58.95269012451172,0.0054464940913021564,-0.08283662796020508,0.00035226347972638905,-0.9965481758117676,-0.0016267577750506458,0.0,0.0,0.0,0.0,0.0,0.0
1772566016349226175,413.299673856,27.989826202392578,0.42575401067733765,-58.82835388183594,0.005015254020690918,-0.08224864304065704,-0.0004048943519592285,-0.9965991377830505,-1.820729613246223e-05,0.0,0.0,0.0,0.0,0.0,0.0
1772566016460652205,413.411099904,28.007369995117188,0.42614322900772095,-58.723724365234375,0.004632234573364258,-0.08182874321937561,-0.0009832680225372314,-0.9966351985931396,0.0012181340487770647,0.0,0.0,0.0,0.0,0.0,0.0
1772566016563004406,413.513452032,28.025676727294922,0.4270017743110657,-58.619964599609375,0.005285888910293579,-0.08134184777736664,-0.0007971227169036865,-0.9966719150543213,0.0007387889015056867,0.0,0.0,0.0,0.0,0.0,0.0
1772566016706536047,413.656983552,28.046478271484375,0.42796188592910767,-58.494773864746094,0.005146116018295288,-0.08096159994602203,-0.0012253522872924805,-0.9967032670974731,0.0016307313262934975,0.0,0.0,0.0,0.0,0.0,0.0
1772566016828410804,413.778858496,28.067340850830078,0.4289824366569519,-58.370025634765625,0.005265593063086271,-0.08068252354860306,-0.001305907848291099,-0.9967250823974609,0.0017767154182965438,0.0,0.0,0.0,0.0,0.0,0.0
1772566016910098327,413.860546048,28.087764739990234,0.42999953031539917,-58.245487213134766,0.0053574745543301105,-0.08048402518033981,-0.0015408099861815572,-0.9967403411865234,0.00223819627813991,0.0,0.0,0.0,0.0,0.0,0.0
1772566017012744682,413.96319232,28.104782104492188,0.4315086007118225,-58.1418342590332,0.005493491888046265,-0.08036843687295914,-0.001593559980392456,-0.9967488646507263,0.002323778127728414,0.0,0.0,0.0,0.0,0.0,0.0
1772566017149480999,414.099928576,28.12497329711914,0.4326995015144348,-58.01715850830078,0.005560368299484253,-0.08033348619937897,-0.0017068982124328613,-0.996751070022583,0.0025421585901311628,0.0,0.0,0.0,0.0,0.0,0.0
1772566017251682370,414.20212992,28.141834259033203,0.43377941846847534,-57.91313552856445,0.005500494968146086,-0.08030632883310318,-0.001743256812915206,-0.9967535138130188,0.002625621418744441,0.0,0.0,0.0,0.0,0.0,0.0
1772566017351327866,414.30177536,28.162120819091797,0.4352249503135681,-57.78824234008789,0.005503743886947632,-0.08026348054409027,-0.0017803609371185303,-0.996756911277771,0.0027004796986734745,0.0,0.0,0.0,0.0,0.0,0.0
1772566017465894914,414.416342528,28.178874969482422,0.4362751841545105,-57.68408966064453,0.005521923769265413,-0.08024590462446213,-0.001920223468914628,-0.996757984161377,0.0029801668843526573,0.0,0.0,0.0,0.0,0.0,0.0
1772566017612376139,414.56282368,28.199230194091797,0.4377061724662781,-57.55913162231445,0.005487382877618074,-0.08020491153001785,-0.0018839241238310933,-0.9967615604400635,0.002912905161312024,0.0,0.0,0.0,0.0,0.0,0.0
1772566017715494042,414.66594176,28.216163635253906,0.43894773721694946,-57.45497131347656,0.005537867080420256,-0.08015834540128708,-0.001905917888507247,-0.9967648983001709,0.002949609164597083,0.0,0.0,0.0,0.0,0.0,0.0
1772566017797226615,414.747674112,28.23648452758789,0.4403311610221863,-57.3299674987793,0.005583345424383879,-0.08013314753770828,-0.0018692610319703817,-0.9967668056488037,0.002868463541861426,0.0,0.0,0.0,0.0,0.0,0.0
1772566017898201623,414.848649216,28.25279998779297,0.4414742588996887,-57.228309631347656,0.005374550819396973,-0.08011704683303833,-0.0020095109939575195,-0.9967689514160156,0.0031857623107075187,0.0,0.0,0.0,0.0,0.0,0.0
1772566018001295349,414.951742976,28.266529083251953,0.44196921586990356,-57.14418411254883,0.00556290103122592,-0.08009558916091919,-0.0019534227903932333,-0.9967698454856873,0.0030421447100312405,0.0,0.0,0.0,0.0,0.0,0.0
1772566018105166231,415.055613952,28.28011703491211,0.4425486922264099,-57.05994415283203,0.005384653806686401,-0.08010879158973694,-0.0019260942935943604,-0.9967697858810425,0.0030157489712574026,0.0,0.0,0.0,0.0,0.0,0.0
1772566018225450514,415.175898112,28.290000915527344,0.4431067109107971,-56.99919128417969,0.005336850881576538,-0.08008506894111633,-0.001910090446472168,-0.9967719316482544,0.002991429742775251,0.0,0.0,0.0,0.0,0.0,0.0
1772566018321431496,415.271879168,28.297622680664062,0.44337695837020874,-56.950504302978516,0.0054371654987335205,-0.0800560861825943,-0.0022164583206176758,-0.9967731237411499,0.0035941454144054912,0.0,0.0,0.0,0.0,0.0,0.0
1772566018450179830,415.400627456,28.304805755615234,0.4444602131843567,-56.90827178955078,0.005545706022530794,-0.08005335181951523,-0.001876801485195756,-0.996773362159729,0.0028906488306157945,0.0,0.0,0.0,0.0,0.0,0.0
1772566018549538164,415.499985664,28.312824249267578,0.4448062777519226,-56.858646392822266,0.005449563264846802,-0.08002756536006927,-0.0019141733646392822,-0.9967759847640991,0.0029819823292902645,0.0,0.0,0.0,0.0,0.0,0.0
1772566018649486222,415.599933952,28.320812225341797,0.44518011808395386,-56.809207916259766,0.005373328924179077,-0.0800299197435379,-0.00190049409866333,-0.9967762231826782,0.0029666954442920867,0.0,0.0,0.0,0.0,0.0,0.0
1772566018761308106,415.711755776,28.32903289794922,0.4457082152366638,-56.757259368896484,0.005399197340011597,-0.08000336587429047,-0.002115190029144287,-0.9967777729034424,0.003396335139396716,0.0,0.0,0.0,0.0,0.0,0.0
1772566018890488077,415.84093568,28.338153839111328,0.4464452862739563,-56.70063018798828,0.005480945110321045,-0.0799856185913086,-0.00217437744140625,-0.996778666973114,0.003502791111811632,0.0,0.0,0.0,0.0,0.0,0.0
1772566019022366416,415.97281408,28.350414276123047,0.44731825590133667,-56.625057220458984,0.00530505133792758,-0.07996772974729538,-0.002108186250552535,-0.9967811107635498,0.0033978088081367355,0.0,0.0,0.0,0.0,0.0,0.0
1772566019118434183,416.06888192,28.36060333251953,0.4479498267173767,-56.56148910522461,0.005094141233712435,-0.07993220537900925,-0.0022091867867857218,-0.9967848658561707,0.003636281241707318,0.0,0.0,0.0,0.0,0.0,0.0
1772566019208875533,416.159323136,28.37070083618164,0.44876617193222046,-56.49770736694336,0.004870533477514982,-0.07990603893995285,-0.002378463512286544,-0.9967876672744751,0.004014566054852044,0.0,0.0,0.0,0.0,0.0,0.0
1772566019315094014,416.265541632,28.380962371826172,0.44963890314102173,-56.43414306640625,0.004910617601126432,-0.07985515147447586,-0.0023463068064302206,-0.9967916011810303,0.003943600307153281,0.0,0.0,0.0,0.0,0.0,0.0
1772566019447409776,416.39785728,28.392871856689453,0.4509212374687195,-56.35770034790039,0.004630029201507568,-0.07973618805408478,-0.0024770796298980713,-0.9968022108078003,0.004254075646326893,0.0,0.0,0.0,0.0,0.0,0.0
1772566019537306560,416.48775424,28.405136108398438,0.4513515830039978,-56.2813720703125,0.005212724208831787,-0.07960447669029236,-0.0022880136966705322,-0.996810257434845,0.0037794401442055835,0.0,0.0,0.0,0.0,0.0,0.0
1772566019642561643,416.593009152,28.416606903076172,0.45155078172683716,-56.2052001953125,0.0050837695598602295,-0.07932859659194946,-0.0024405717849731445,-0.9968326091766357,0.0041108722316407584,0.0,0.0,0.0,0.0,0.0,0.0
1772566019756183352,416.706630912,28.426292419433594,0.4522332549095154,-56.14208984375,0.004034101963043213,-0.07848215103149414,-0.003099888563156128,-0.996902585029602,0.005616603813766889,0.0,0.0,0.0,0.0,0.0,0.0
1772566019873318827,416.823766528,28.43643569946289,0.45317143201828003,-56.07392501831055,0.0034198760986328125,-0.07356762886047363,-0.003349483013153076,-0.9972788095474243,0.006245212962825546,0.0,0.0,0.0,0.0,0.0,0.0
1772566020014516189,416.96496384,28.437965393066406,0.4542260766029358,-56.00527572631836,0.00365865183994174,-0.06360694020986557,-0.0036917920224368572,-0.9979615211486816,0.0069594937598697676,0.0,0.0,0.0,0.0,0.0,0.0
1772566020114855634,417.065303296,28.43029022216797,0.454192578792572,-55.92889404296875,0.0017131268978118896,-0.04308095574378967,-0.00439530611038208,-0.9990605115890503,0.008667037419493363,0.0,0.0,0.0,0.0,0.0,0.0
1772566020212869580,417.163317248,28.420543670654297,0.4540361762046814,-55.87593460083008,0.0022961795330047607,-0.019760459661483765,-0.003626495599746704,-0.9997955560684204,0.007166423784040279,0.0,0.0,0.0,0.0,0.0,0.0
1772566020315776761,417.266224384,28.396934509277344,0.45379573106765747,-55.808414459228516,0.002013921970501542,0.014823243021965027,-0.0045747761614620686,-0.9998776316642761,0.00921231194422084,0.0,0.0,0.0,0.0,0.0,0.0
1772566020450068924,417.400516608,28.371055603027344,0.4538974165916443,-55.7430419921875,0.001946091651916504,0.054913803935050964,-0.004309728741645813,-0.998479962348938,0.008873706083802278,0.0,0.0,0.0,0.0,0.0,0.0
1772566020552578868,417.503026432,28.34885025024414,0.4549633860588074,-55.691383361816406,0.0014459937810897827,0.09134021401405334,-0.004441425204277039,-0.9958088397979736,0.009264468154074341,0.0,0.0,0.0,0.0,0.0,0.0
1772566020665542777,417.615990272,28.305522918701172,0.45479708909988403,-55.62782287597656,0.00043489038944244385,0.13686496019363403,-0.004851788282394409,-0.9905778169631958,0.010110099752679265,0.0,0.0,0.0,0.0,0.0,0.0
1772566020794943277,417.745390848,28.282806396484375,0.4535803198814392,-55.55774688720703,0.0007840245962142944,0.1699196696281433,-0.004363119602203369,-0.9854480028152466,0.00940912773748346,0.0,0.0,0.0,0.0,0.0,0.0
1772566020882650953,417.833098496,28.264774322509766,0.4535978436470032,-55.49995040893555,0.0005889087333343923,0.18269573152065277,-0.003929733764380217,-0.983161449432373,0.00851050124265289,0.0,0.0,0.0,0.0,0.0,0.0
1772566020985364378,417.935812096,28.236610412597656,0.45358556509017944,-55.434852600097656,0.0005446969880722463,0.18730521202087402,-0.00437717093154788,-0.9822918772697449,0.009467789324532837,0.0,0.0,0.0,0.0,0.0,0.0
1772566021082183502,418.03263104,28.201950073242188,0.4537239670753479,-55.345733642578125,0.00020550192857626826,0.1884676069021225,-0.004038781393319368,-0.9820711016654968,0.008622852809274982,0.0,0.0,0.0,0.0,0.0,0.0
1772566021201972038,418.152419584,28.172611236572266,0.4539775252342224,-55.27107238769531,0.0009064525947906077,0.18884815275669098,-0.004147112835198641,-0.9819971323013306,0.009139223344283392,0.0,0.0,0.0,0.0,0.0,0.0
1772566021349554408,418.300002048,28.13808822631836,0.45418089628219604,-55.18365478515625,0.0010595619678497314,0.18922774493694305,-0.0034931451082229614,-0.981926441192627,0.007821170427670375,0.0,0.0,0.0,0.0,0.0,0.0
1772566021449603977,418.400051712,28.102699279785156,0.45697301626205444,-55.096588134765625,0.0017624497413635254,0.18914426863193512,-0.0036225169897079468,-0.9819411039352417,0.008380589453149958,0.0,0.0,0.0,0.0,0.0,0.0
1772566021549833154,418.500280832,28.07494354248047,0.4574647545814514,-55.02640914916992,0.001806512475013733,0.18906939029693604,-0.0030731111764907837,-0.9819572567939758,0.007235777555588753,0.0,0.0,0.0,0.0,0.0,0.0
1772566021658764710,418.609212416,28.040969848632812,0.4593793749809265,-54.93960189819336,0.0016335397958755493,0.1888791173696518,-0.0020652413368225098,-0.9819968342781067,0.005032262671116124,0.0,0.0,0.0,0.0,0.0,0.0
1772566021780025279,418.73047296,28.00548553466797,0.46043020486831665,-54.84766387939453,0.001154184341430664,0.1886327713727951,-0.0004695802927017212,-0.9820469617843628,0.0014617590207304696,0.0,0.0,0.0,0.0,0.0,0.0
1772566021905403083,418.855850752,27.968341827392578,0.46321362257003784,-54.75777816772461,0.002492755651473999,0.1883063167333603,-0.0008157044649124146,-0.9821069240570068,0.0027349793142980162,0.0,0.0,0.0,0.0,0.0,0.0
1772566022001629915,418.952077568,27.937915802001953,0.46446114778518677,-54.68803787231445,0.005247905384749174,0.1881413757801056,-0.0024867055471986532,-0.9821247458457947,0.0073817600277280085,0.0,0.0,0.0,0.0,0.0,0.0
1772566022097529312,419.04797696,27.911151885986328,0.4646987318992615,-54.61933898925781,0.00533178448677063,0.18810613453388214,-0.0018712133169174194,-0.9821324944496155,0.006114094824349423,0.0,0.0,0.0,0.0,0.0,0.0
1772566022201768851,419.152216576,27.88001251220703,0.465462863445282,-54.54436492919922,0.00613494124263525,0.18794353306293488,-0.002850770717486739,-0.98215651512146,0.00850676363304582,0.0,0.0,0.0,0.0,0.0,0.0
1772566022318731946,419.269179648,27.84343719482422,0.4662368893623352,-54.45088195800781,0.006634607911109924,0.187819242477417,-0.002402782440185547,-0.9821783304214478,0.007759532169694607,0.0,0.0,0.0,0.0,0.0,0.0
1772566022417785079,419.368232704,27.812152862548828,0.4666244387626648,-54.373008728027344,0.006604284048080444,0.1877518743276596,-0.002483770251274109,-0.9821912050247192,0.007917121107979864,0.0,0.0,0.0,0.0,0.0,0.0
1772566022550548469,419.500996096,27.775211334228516,0.46734970808029175,-54.279109954833984,0.007175654638558626,0.1876222789287567,-0.002119764918461442,-0.9822127819061279,0.007375988547134024,0.0,0.0,0.0,0.0,0.0,0.0
1772566022652147736,419.602595328,27.737651824951172,0.46816784143447876,-54.18517303466797,0.0072038909420371056,0.18745805323123932,-0.0021718440111726522,-0.9822437763214111,0.007494044824758225,0.0,0.0,0.0,0.0,0.0,0.0
1772566022762292056,419.712739584,27.701858520507812,0.4687374234199524,-54.0902099609375,0.006179437041282654,0.1873001903295517,-0.00047206878662109375,-0.9822832345962524,0.0034868664337315263,0.0,0.0,0.0,0.0,0.0,0.0
1772566022875106234,419.82555392,27.671222686767578,0.46859210729599,-54.012901306152344,0.0058108121156692505,0.1871854066848755,-0.0002181529998779297,-0.9823074340820312,0.002800208032086251,0.0,0.0,0.0,0.0,0.0,0.0
1772566022977431645,419.927879168,27.645694732666016,0.46869295835494995,-53.94614791870117,0.00517311692237854,0.18685606122016907,0.0009141713380813599,-0.9823732376098633,0.00014743744821988083,0.0,0.0,0.0,0.0,0.0,0.0
1772566023113452704,420.063900416,27.622074127197266,0.4691707491874695,-53.88623809814453,0.0051189810037612915,0.18664942681789398,0.0010749250650405884,-0.9824126958847046,-0.0002161943814397586,0.0,0.0,0.0,0.0,0.0,0.0
1772566023210036091,420.160483584,27.594783782958984,0.46846073865890503,-53.815879821777344,0.004588901996612549,0.18632523715496063,0.0018810927867889404,-0.9824756383895874,-0.002134412452106583,0.0,0.0,0.0,0.0,0.0,0.0
1772566023305919692,420.25636736,27.57884979248047,0.46834343671798706,-53.77470016479492,0.003705739974975586,0.18620987236499786,0.0021481961011886597,-0.9825006723403931,-0.0030528463417159894,0.0,0.0,0.0,0.0,0.0,0.0
1772566023430893618,420.381341184,27.565303802490234,0.4684082865715027,-53.73776626586914,0.003380328416824341,0.1860644817352295,0.0031414180994033813,-0.9825267195701599,-0.00528084014877424,0.0,0.0,0.0,0.0,0.0,0.0
1772566023545311978,420.495759616,27.551132202148438,0.4677547812461853,-53.7003059387207,0.0021272602025419474,0.1861235797405243,0.00376205169595778,-0.9825168251991272,-0.0070921543262329025,0.0,0.0,0.0,0.0,0.0,0.0
1772566023650265604,420.600713216,27.53635025024414,0.46838313341140747,-53.666160583496094,0.0033788681030273438,0.18650846183300018,0.0025397390127182007,-0.9824442863464355,-0.0040088606038340465,0.0,0.0,0.0,0.0,0.0,0.0
1772566023749680462,420.700128,27.527446746826172,0.4673672318458557,-53.64030456542969,0.0018547920044511557,0.18691347539424896,0.003680362831801176,-0.982367753982544,-0.007028774693236133,0.0,0.0,0.0,0.0,0.0,0.0
1772566023849479725,420.799927296,27.512645721435547,0.46847647428512573,-53.60722732543945,0.002359330654144287,0.18851879239082336,0.003640487790107727,-0.9820600152015686,-0.006739949126274414,0.0,0.0,0.0,0.0,0.0,0.0
1772566023978123315,420.92857088,27.500568389892578,0.4679502844810486,-53.579490661621094,0.0023889096919447184,0.1906159371137619,0.004098788369446993,-0.9816532731056213,-0.0076958132728217115,0.0,0.0,0.0,0.0,0.0,0.0
1772566024068082526,421.018530048,27.483001708984375,0.468779981136322,-53.53959655761719,0.0023049861192703247,0.1956460177898407,0.0038415193557739258,-0.9806643724441528,-0.007182512883681991,0.0,0.0,0.0,0.0,0.0,0.0
1772566024177608349,421.128056064,27.46500015258789,0.46958988904953003,-53.49506378173828,0.0024337321519851685,0.20030492544174194,0.004040241241455078,-0.979722261428833,-0.00754740066311103,0.0,0.0,0.0,0.0,0.0,0.0
1772566024298249042,421.248696576,27.436126708984375,0.47017210721969604,-53.42304611206055,0.0026763230562210083,0.20518243312835693,0.004532843828201294,-0.9787096381187439,-0.008489371206442,0.0,0.0,0.0,0.0,0.0,0.0
1772566024407231221,421.357678848,27.399158477783203,0.47088736295700073,-53.335880279541016,0.002758219838142395,0.20779743790626526,0.004540473222732544,-0.9781574606895447,-0.00846772679902701,0.0,0.0,0.0,0.0,0.0,0.0
1772566024549331366,421.499779072,27.353981018066406,0.4721826910972595,-53.2325439453125,0.002418026328086853,0.2086217999458313,0.00516122579574585,-0.977979838848114,-0.009952828798637927,0.0,0.0,0.0,0.0,0.0,0.0
1772566024661794557,421.612242176,27.290557861328125,0.4721753001213074,-53.09039306640625,0.002775639295578003,0.20874543488025665,0.005021765828132629,-0.9779531955718994,-0.009490619334251474,0.0,0.0,0.0,0.0,0.0,0.0
1772566024817870000,421.768317696,27.239181518554688,0.4715084433555603,-52.97671890258789,0.0024689435958862305,0.20897966623306274,0.004510998725891113,-0.9779065251350403,-0.008536533907269146,0.0,0.0,0.0,0.0,0.0,0.0
1772566024891052949,421.841500672,27.186565399169922,0.47483259439468384,-52.85566711425781,0.002839133143424988,0.2112446278333664,0.005050212144851685,-0.9774160981178284,-0.00952294720683427,0.0,0.0,0.0,0.0,0.0,0.0
1772566025018179452,421.968626944,27.122793197631836,0.4763246178627014,-52.717185974121094,0.0023244768381118774,0.21507878601551056,0.005781799554824829,-0.9765768051147461,-0.011342556294867119,0.0,0.0,0.0,0.0,0.0,0.0
1772566025123350921,422.073798656,27.034502029418945,0.4783784747123718,-52.5351448059082,0.002528160810470581,0.2213185429573059,0.005225002765655518,-0.9751843214035034,-0.010057098646221624,0.0,0.0,0.0,0.0,0.0,0.0
1772566025219278871,422.169726464,26.956491470336914,0.47841519117355347,-52.37712097167969,0.003402307629585266,0.22684568166732788,0.005525052547454834,-0.9739091396331787,-0.010276098403058112,0.0,0.0,0.0,0.0,0.0,0.0
1772566025320359717,422.270807296,26.861717224121094,0.47917622327804565,-52.18824005126953,0.0018197742756456137,0.23481455445289612,0.002898901468142867,-0.9720341563224792,-0.005373673709517903,0.0,0.0,0.0,0.0,0.0,0.0
1772566025420022572,422.370470144,26.787267684936523,0.4797455668449402,-52.03904724121094,0.0021786990109831095,0.24378664791584015,0.0034517350140959024,-0.9698203206062317,-0.006392798341103997,0.0,0.0,0.0,0.0,0.0,0.0
1772566025513264980,422.463712512,26.703218460083008,0.48176974058151245,-51.893733978271484,0.0023885220289230347,0.2506452798843384,0.004431977868080139,-0.9680659174919128,-0.00844475702334181,0.0,0.0,0.0,0.0,0.0,0.0
1772566025619919032,422.57036672,26.615909576416016,0.4820631146430969,-51.746742248535156,0.001886621117591858,0.25291359424591064,0.0010431855916976929,-0.9674865007400513,-0.0012203544738230872,0.0,0.0,0.0,0.0,0.0,0.0
1772566025723045750,422.673493248,26.545970916748047,0.48270660638809204,-51.61463165283203,0.0018043217714875937,0.2548334300518036,0.001313045504502952,-0.966982364654541,-0.0018615656652821845,0.0,0.0,0.0,0.0,0.0,0.0
1772566025825737325,422.776184832,26.466297149658203,0.483531653881073,-51.467552185058594,0.002960353624075651,0.25615203380584717,0.0025780347641557455,-0.9666286110877991,-0.00399119295161178,0.0,0.0,0.0,0.0,0.0,0.0
1772566025951892710,422.902340352,26.392057418823242,0.4846195578575134,-51.33714294433594,0.002788156270980835,0.2575207054615021,0.003582686185836792,-0.9662621021270752,-0.006326856178482754,0.0,0.0,0.0,0.0,0.0,0.0
1772566026049760712,423.000208384,26.29669189453125,0.4865803122520447,-51.172027587890625,0.0031211222521960735,0.25920727849006653,0.0025291291531175375,-0.9658133387565613,-0.0037745418610277423,0.0,0.0,0.0,0.0,0.0,0.0
1772566026149578970,423.100026624,26.220081329345703,0.48697036504745483,-51.0396728515625,0.0029212385416030884,0.260163813829422,0.0006758272647857666,-0.9655598402023315,0.0002485434412558592,0.0,0.0,0.0,0.0,0.0,0.0
1772566026275305577,423.225753088,26.151290893554688,0.4869900345802307,-50.92189407348633,0.002345666056498885,0.2613106369972229,-0.0015603748615831137,-0.9652507305145264,0.004908531794734003,0.0,0.0,0.0,0.0,0.0,0.0
1772566026369213962,423.319661568,26.099647521972656,0.48726993799209595,-50.82504653930664,0.002571031218394637,0.2634739279747009,-0.0012418179539963603,-0.9646622538566589,0.004355341569030661,0.0,0.0,0.0,0.0,0.0,0.0
1772566026482897676,423.43334528,26.069612503051758,0.4869620203971863,-50.769187927246094,0.0031273216009140015,0.26421433687210083,9.109079837799072e-05,-0.9644589424133301,0.0017165155183232368,0.0,0.0,0.0,0.0,0.0,0.0
1772566026604448798,423.554896384,26.031951904296875,0.48820585012435913,-50.701805114746094,0.003908917307853699,0.26523250341415405,0.0028828680515289307,-0.9641722440719604,-0.004056386862281378,0.0,0.0,0.0,0.0,0.0,0.0
1772566026694537647,423.644985344,25.954465866088867,0.4896852374076843,-50.57586669921875,0.004537373781204224,0.26669466495513916,0.001985609531402588,-0.9637683629989624,-0.0016405288658671725,0.0,0.0,0.0,0.0,0.0,0.0
1772566026829599829,423.78004736,25.881879806518555,0.4898967146873474,-50.453857421875,0.004324406385421753,0.2677646577358246,0.0007864236831665039,-0.9634742736816406,0.0009344448260630311,0.0,0.0,0.0,0.0,0.0,0.0
1772566026938545025,423.888992768,25.809959411621094,0.49122101068496704,-50.33015823364258,0.0046780407428741455,0.2687966227531433,0.0011384040117263794,-0.9631849527359009,0.0003762689183050105,0.0,0.0,0.0,0.0,0.0,0.0
1772566027039520896,423.989968384,25.731048583984375,0.4922395348548889,-50.199951171875,0.004706859588623047,0.2702312469482422,0.0004564523696899414,-0.9627838730812073,0.0019497037629541472,0.0,0.0,0.0,0.0,0.0,0.0
1772566027142851235,424.093298944,25.63725471496582,0.4922131896018982,-50.05344772338867,0.003902226919308305,0.2720901072025299,-0.0021592380944639444,-0.9622614979743958,0.007370258105326847,0.0,0.0,0.0,0.0,0.0,0.0
1772566027242917636,424.193365248,25.572532653808594,0.4912194609642029,-49.95888900756836,0.004514366388320923,0.27617329359054565,-0.0024720877408981323,-0.9610941410064697,0.008549394411870637,0.0,0.0,0.0,0.0,0.0,0.0
1772566027317598152,424.268045824,25.523826599121094,0.4914718270301819,-49.8962516784668,0.00465036928653717,0.28904202580451965,-0.0019264519214630127,-0.9573032259941101,0.007655855157177002,0.0,0.0,0.0,0.0,0.0,0.0
1772566027442283682,424.392731392,25.48757553100586,0.49185818433761597,-49.852779388427734,0.004227802157402039,0.31092923879623413,-0.0022204071283340454,-0.9504210948944092,0.008491528019552623,0.0,0.0,0.0,0.0,0.0,0.0
1772566027530179339,424.480626944,25.472557067871094,0.4924277663230896,-49.81338119506836,0.004251107573509216,0.34288862347602844,-0.0013266205787658691,-0.939365565776825,0.007070114648916885,0.0,0.0,0.0,0.0,0.0,0.0
1772566027649458580,424.599906304,25.452167510986328,0.4929162859916687,-49.78163528442383,0.004308938980102539,0.3720152676105499,-0.0019515901803970337,-0.9282146096229553,0.009442412254926261,0.0,0.0,0.0,0.0,0.0,0.0
1772566027749804155,424.700251648,25.42472267150879,0.4928719401359558,-49.7517204284668,0.003959044814109802,0.40966054797172546,-0.0021750330924987793,-0.9122268557548523,0.010855310176273942,0.0,0.0,0.0,0.0,0.0,0.0
1772566027851165935,424.801613568,25.402448654174805,0.4931578040122986,-49.732601165771484,0.0043996949680149555,0.44194960594177246,-0.0022476615849882364,-0.8970263004302979,0.01299885292320449,0.0,0.0,0.0,0.0,0.0,0.0
1772566027950668705,424.901116416,25.37504768371582,0.49277263879776,-49.728023529052734,0.004173211753368378,0.47344714403152466,-0.0025055333971977234,-0.8808088302612305,0.015162222626235866,0.0,0.0,0.0,0.0,0.0,0.0
1772566028060507288,425.010955008,25.338502883911133,0.49302762746810913,-49.73014450073242,0.004360124468803406,0.5037733316421509,-0.0031656473875045776,-0.8638190627098083,0.020025806485439952,0.0,0.0,0.0,0.0,0.0,0.0
1772566028160959021,425.111406592,25.303752899169922,0.49304884672164917,-49.73765563964844,0.00414208322763443,0.5340014696121216,-0.0028043165802955627,-0.8454687595367432,0.021328716867830732,0.0,0.0,0.0,0.0,0.0,0.0
1772566028273935148,425.22438272,25.253725051879883,0.4929351210594177,-49.7484016418457,0.0044244639575481415,0.5701645016670227,-0.0036176517605781555,-0.8215107321739197,0.03140552176673082,0.0,0.0,0.0,0.0,0.0,0.0
1772566028377503341,425.327950848,25.200727462768555,0.4931105971336365,-49.75584030151367,0.004086814820766449,0.5987370014190674,-0.002953566610813141,-0.800929844379425,0.033996418594916714,0.0,0.0,0.0,0.0,0.0,0.0
1772566028491734106,425.442181632,25.142864227294922,0.49293166399002075,-49.761165618896484,0.003965247422456741,0.6269598007202148,-0.003444001078605652,-0.7790339589118958,0.04831207713834258,0.0,0.0,0.0,0.0,0.0,0.0
1772566028570937796,425.521385472,25.082738876342773,0.4928387999534607,-49.77165222167969,0.0038874056190252304,0.6550023555755615,-0.003574708476662636,-0.7556084394454956,0.0738144012175818,0.0,0.0,0.0,0.0,0.0,0.0
1772566028676103769,425.626551296,25.033641815185547,0.4922770857810974,-49.78034210205078,0.0032276147976517677,0.6808416843414307,-0.0037488406524062157,-0.7324139475822449,0.1348280536481611,0.0,0.0,0.0,0.0,0.0,0.0
1772566028777887077,425.728334592,24.99298667907715,0.4919211268424988,-49.78276062011719,0.003076299326494336,0.7022019624710083,-0.003833778202533722,-0.7119608521461487,0.6166644905805441,0.0,0.0,0.0,0.0,0.0,0.0
1772566028893559257,425.844006912,24.945281982421875,0.49162739515304565,-49.793190002441406,0.002959091681987047,0.7245184779167175,-0.003913527820259333,-0.6892378926277161,2.949878100313469,0.0,0.0,0.0,0.0,0.0,0.0
1772566029009944241,425.960391936,24.899311065673828,0.4911927580833435,-49.80512237548828,0.002830076962709427,0.7448350191116333,-0.004074709489941597,-0.6672303080558777,3.053734029976994,0.0,0.0,0.0,0.0,0.0,0.0
1772566029114959448,426.065406976,24.861854553222656,0.49103254079818726,-49.811527252197266,0.0027986709028482437,0.7590993642807007,-0.0037433989346027374,-0.6509580016136169,3.081840749936902,0.0,0.0,0.0,0.0,0.0,0.0
1772566029233787379,426.184235008,24.82261848449707,0.4914514422416687,-49.828514099121094,0.0031709037721157074,0.7752312421798706,-0.003981657326221466,-0.631657063961029,3.092392208305664,0.0,0.0,0.0,0.0,0.0,0.0
1772566029314216154,426.264663808,24.776430130004883,0.4918674826622009,-49.85078048706055,0.002934984862804413,0.7936770915985107,-0.004253219813108444,-0.6083173751831055,3.1037725845614195,0.0,0.0,0.0,0.0,0.0,0.0
1772566029441250882,426.391698432,24.71194839477539,0.4913201928138733,-49.88588333129883,0.0024719759821891785,0.8182764053344727,-0.0043203383684158325,-0.5748034715652466,3.1150290947308807,0.0,0.0,0.0,0.0,0.0,0.0
1772566029539043877,426.489491456,24.66689682006836,0.4897846579551697,-49.91249084472656,0.002044893801212311,0.8325383067131042,-0.004268281161785126,-0.5539473295211792,3.1205390587412563,0.0,0.0,0.0,0.0,0.0,0.0
1772566029651714994,426.602162688,24.603513717651367,0.4897812008857727,-49.94087600708008,0.0018398610409349203,0.8357449769973755,-0.004054620396345854,-0.5490996241569519,3.1226311549343566,0.0,0.0,0.0,0.0,0.0,0.0
1772566029761031972,426.711479552,24.51995277404785,0.4898490309715271,-49.976993560791016,0.001893013482913375,0.8357537984848022,-0.003978371154516935,-0.5490866303443909,3.122619821726228,0.0,0.0,0.0,0.0,0.0,0.0
1772566029901548576,426.85199616,24.404481887817383,0.48931795358657837,-50.02695846557617,0.0018777996301651,0.835753858089447,-0.004036910831928253,-0.5490862131118774,3.122522044147447,0.0,0.0,0.0,0.0,0.0,0.0
1772566030005395221,426.955842816,24.307575225830078,0.4886910319328308,-50.0687370300293,0.0018283650279045105,0.8357527256011963,-0.0038993656635284424,-0.5490891337394714,3.1231101206460923,0.0,0.0,0.0,0.0,0.0,0.0
1772566030111422925,427.061870592,24.210725784301758,0.48836058378219604,-50.11088562011719,0.001930959289893508,0.835752010345459,-0.004167809616774321,-0.5490880012512207,3.1219361373362027,0.0,0.0,0.0,0.0,0.0,0.0
1772566030202010553,427.15245824,24.11384391784668,0.4878254532814026,-50.152626037597656,0.001854657894000411,0.8357516527175903,-0.004035718273371458,-0.549089789390564,3.1226223356532485,0.0,0.0,0.0,0.0,0.0,0.0
1772566030299150092,427.249597696,23.999582290649414,0.48712414503097534,-50.202030181884766,0.001839302247390151,0.8357568979263306,-0.004069752525538206,-0.5490813851356506,3.122593841906241,0.0,0.0,0.0,0.0,0.0,0.0
1772566030409103829,427.359551488,23.904356002807617,0.48617273569107056,-50.243194580078125,0.0018134638667106628,0.8357428312301636,-0.003998115658760071,-0.5491035580635071,3.122898084684893,0.0,0.0,0.0,0.0,0.0,0.0
1772566030532577715,427.483025408,23.833885192871094,0.4858095049858093,-50.27376174926758,0.0018765924032777548,0.8357415199279785,-0.0040200199000537395,-0.5491051077842712,3.1225715766428457,0.0,0.0,0.0,0.0,0.0,0.0
1772566030649345584,427.599793152,23.753005981445312,0.4853280186653137,-50.30881118774414,0.0019016936421394348,0.8357125520706177,-0.004140585660934448,-0.5491482615470886,3.1221272206525748,0.0,0.0,0.0,0.0,0.0,0.0
1772566030749197811,427.69964544,23.685962677001953,0.4847983717918396,-50.33772659301758,0.0018317104550078511,0.8357025384902954,-0.004179969895631075,-0.5491634011268616,3.122311076379886,0.0,0.0,0.0,0.0,0.0,0.0
1772566030849714723,427.800162304,23.619035720825195,0.4845035672187805,-50.36640548706055,0.001804359257221222,0.8356869220733643,-0.003908798098564148,-0.5491892695426941,3.123173506463184,0.0,0.0,0.0,0.0,0.0,0.0
1772566030949865569,427.900313088,23.552173614501953,0.48422354459762573,-50.395408630371094,0.0018601641058921814,0.8356783390045166,-0.003918550908565521,-0.5492019653320312,3.1229100129584166,0.0,0.0,0.0,0.0,0.0,0.0
1772566031049138797,427.999586304,23.471853256225586,0.48384255170822144,-50.43025207519531,0.0018981919856742024,0.8356387615203857,-0.004105397034436464,-0.5492607355117798,3.122225625106944,0.0,0.0,0.0,0.0,0.0,0.0
1772566031199440651,428.149888256,23.40448760986328,0.48349064588546753,-50.459312438964844,0.0018810182809829712,0.8355995416641235,-0.004176415503025055,-0.5493199825286865,3.1220940768801033,0.0,0.0,0.0,0.0,0.0,0.0
1772566031291132529,428.241580032,23.323545455932617,0.4829046130180359,-50.49379348754883,0.0015995576977729797,0.8355245590209961,-0.0038103610277175903,-0.5494375824928284,3.1242811493710247,0.0,0.0,0.0,0.0,0.0,0.0
1772566031407450311,428.357897984,23.256423950195312,0.48319071531295776,-50.522708892822266,0.00157823390327394,0.8353075981140137,-0.003413229715079069,-0.549770176410675,3.1254383286513083,0.0,0.0,0.0,0.0,0.0,0.0
1772566031514392367,428.464839936,23.189695358276367,0.48394638299942017,-50.5526123046875,0.0018343181582167745,0.8349866271018982,-0.0030976610723882914,-0.5502585172653198,3.1251846723950667,0.0,0.0,0.0,0.0,0.0,0.0
1772566031609986291,428.56043392,23.109619140625,0.483881413936615,-50.58845901489258,0.002170502906665206,0.8345934152603149,-0.0030687074176967144,-0.5508535504341125,3.1237782254630804,0.0,0.0,0.0,0.0,0.0,0.0
1772566031702878134,428.653325824,23.043060302734375,0.48396390676498413,-50.617698669433594,0.002212896943092346,0.8342635035514832,-0.002576567232608795,-0.5513555407524109,3.1249273263176196,0.0,0.0,0.0,0.0,0.0,0.0
1772566031815888151,428.766335744,22.97689437866211,0.48464328050613403,-50.64714050292969,0.002608954906463623,0.833920955657959,-0.0021400749683380127,-0.5518737435340881,3.1244181924095824,0.0,0.0,0.0,0.0,0.0,0.0
1772566031904069212,428.854516736,22.909927368164062,0.4855172038078308,-50.67591857910156,0.0020797327160835266,0.8336228132247925,-0.002012588083744049,-0.5523265600204468,3.126997151680938,0.0,0.0,0.0,0.0,0.0,0.0
1772566032019927725,428.970375424,22.830713272094727,0.4857655167579651,-50.71140670776367,0.0031297653913497925,0.8333057165145874,-0.0019286945462226868,-0.5528002381324768,3.1226947296935226,0.0,0.0,0.0,0.0,0.0,0.0
1772566032114804762,429.065252352,22.763273239135742,0.4857766032218933,-50.738826751708984,0.001404501497745514,0.8330985307693481,-0.0017597079277038574,-0.5531200170516968,3.1305477603700003,0.0,0.0,0.0,0.0,0.0,0.0
1772566032211814541,429.162262272,22.69614601135254,0.48605817556381226,-50.76702880859375,0.0007789731025695801,0.8328201770782471,-0.0013528838753700256,-0.5535414218902588,3.1343733329805064,0.0,0.0,0.0,0.0,0.0,0.0
1772566032329052349,429.279500032,22.6312198638916,0.4865524172782898,-50.796058654785156,0.002209506928920746,0.8325773477554321,-0.0009179562330245972,-0.5539036989212036,3.129438923068395,0.0,0.0,0.0,0.0,0.0,0.0
1772566032450759376,429.40120704,22.552873611450195,0.4874569773674011,-50.82972717285156,0.002185411751270294,0.832333505153656,-0.0008077993988990784,-0.5542702674865723,3.129835056876121,0.0,0.0,0.0,0.0,0.0,0.0
1772566032549254528,429.499702272,22.487701416015625,0.4875636696815491,-50.857669830322266,0.0023641586303710938,0.83211749792099,-0.0006471574306488037,-0.5545939207077026,3.1295042290661588,0.0,0.0,0.0,0.0,0.0,0.0
1772566032650664277,429.601111808,22.422412872314453,0.4875548481941223,-50.88568115234375,0.002618648111820221,0.8318846821784973,-0.000508524477481842,-0.5549421906471252,3.12877981313441,0.0,0.0,0.0,0.0,0.0,0.0
1772566032749955862,429.700403456,22.356918334960938,0.48772531747817993,-50.91332244873047,0.0025527626276016235,0.8316893577575684,-0.00017211586236953735,-0.5552353858947754,3.1300199475156307,0.0,0.0,0.0,0.0,0.0,0.0
1772566032851572815,429.802020352,22.279035568237305,0.4882904887199402,-50.947532653808594,0.004095822107046843,0.8313964605331421,0.0005540325655601919,-0.5556643009185791,3.125396027437621,0.0,0.0,0.0,0.0,0.0,0.0
1772566032982469198,429.932916736,22.213781356811523,0.4888175129890442,-50.97466278076172,0.004345953464508057,0.8311688899993896,0.0007298365235328674,-0.5560025572776794,3.1247927648123377,0.0,0.0,0.0,0.0,0.0,0.0
1772566033068034704,430.018482432,22.14813995361328,0.48914414644241333,-51.00174331665039,0.0039965067990124226,0.8309045433998108,0.0008781105861999094,-0.5564000010490417,3.126719336823454,0.0,0.0,0.0,0.0,0.0,0.0
1772566033168336629,430.118784256,22.069171905517578,0.4886607527732849,-51.03471374511719,0.0037996023893356323,0.8306989669799805,0.001083768904209137,-0.5567078590393066,3.128161087676035,0.0,0.0,0.0,0.0,0.0,0.0
1772566033317800876,430.268248576,21.97446060180664,0.4888830780982971,-51.070003509521484,-0.0004783943295478821,0.8303964138031006,0.0016677454113960266,-0.5571704506874084,-3.1345951496217124,0.0,0.0,0.0,0.0,0.0,0.0
1772566033451717877,430.402165504,21.90813446044922,0.4888666272163391,-51.09716033935547,-0.0011464208364486694,0.8301924467086792,0.0018832236528396606,-0.5574725866317749,-3.131015079230834,0.0,0.0,0.0,0.0,0.0,0.0
1772566033534878513,430.48532608,21.83111572265625,0.48840028047561646,-51.13142776489258,0.0012066365452483296,0.8299316167831421,0.0023695307318121195,-0.5578587651252747,-3.139895350810991,0.0,0.0,0.0,0.0,0.0,0.0
1772566033649530175,430.599977728,21.76775550842285,0.488294780254364,-51.16040802001953,0.004330656956881285,0.8296821117401123,0.0028951389249414206,-0.5582117438316345,3.1310985076354325,0.0,0.0,0.0,0.0,0.0,0.0
1772566033751419744,430.701867264,21.700300216674805,0.4884726405143738,-51.18578338623047,0.0017017051577568054,0.8294744491577148,0.0033734217286109924,-0.5585319399833679,-3.139079125911886,0.0,0.0,0.0,0.0,0.0,0.0
1772566033849732204,430.800179712,21.63348388671875,0.4887828230857849,-51.21308517456055,0.0012772604823112488,0.829247236251831,0.0036552324891090393,-0.5588686466217041,-3.1363512683367967,0.0,0.0,0.0,0.0,0.0,0.0
1772566033949663075,430.900110592,21.567975997924805,0.4890597462654114,-51.24174880981445,0.002613849937915802,0.8290609121322632,0.003989897668361664,-0.5591380596160889,-3.141251793562233,0.0,0.0,0.0,0.0,0.0,0.0
1772566034050633387,431.001081088,21.50122833251953,0.48924845457077026,-51.269996643066406,0.0031362399458885193,0.828825831413269,0.004309363663196564,-0.5594813227653503,3.1405850732366445,0.0,0.0,0.0,0.0,0.0,0.0
1772566034149336237,431.099783936,21.422666549682617,0.4906265139579773,-51.303348541259766,0.004349865019321442,0.8285908699035645,0.005659155547618866,-0.5598090887069702,3.1392549099579257,0.0,0.0,0.0,0.0,0.0,0.0
1772566034267577919,431.218025472,21.356473922729492,0.4921573996543884,-51.33004379272461,0.004222989082336426,0.8283685445785522,0.00664307177066803,-0.5601282119750977,-3.1403964433766065,0.0,0.0,0.0,0.0,0.0,0.0
1772566034370047570,431.320495104,21.290796279907227,0.4937710165977478,-51.35660171508789,0.004118971526622772,0.8281700611114502,0.007536791265010834,-0.5604112148284912,-3.13722261510833,0.0,0.0,0.0,0.0,0.0,0.0
1772566034470133689,431.420581376,21.22561264038086,0.49522966146469116,-51.38269805908203,0.00410189526155591,0.8278883099555969,0.008330882526934147,-0.56081622838974,-3.1347118995247736,0.0,0.0,0.0,0.0,0.0,0.0
1772566034573591153,431.524038656,21.147512435913086,0.4966917634010315,-51.414493560791016,0.004031360149383545,0.8276996612548828,0.008978456258773804,-0.5610851049423218,-3.1324070445857415,0.0,0.0,0.0,0.0,0.0,0.0
1772566034715357727,431.665805312,21.08212661743164,0.4980289340019226,-51.44047927856445,0.0038374438881874084,0.8274523615837097,0.009814172983169556,-0.5614371299743652,-3.128957660083315,0.0,0.0,0.0,0.0,0.0,0.0
1772566034817389714,431.76783744,21.01634407043457,0.49868983030319214,-51.4664192199707,0.0034621059894561768,0.8272233009338379,0.01050637662410736,-0.5617644786834717,-3.1251189276288236,0.0,0.0,0.0,0.0,0.0,0.0
1772566034919145384,431.869593088,20.93736457824707,0.4994170069694519,-51.497257232666016,0.0029518529772758484,0.8268626928329468,0.011388793587684631,-0.5622807741165161,-3.120038641730531,0.0,0.0,0.0,0.0,0.0,0.0
1772566034993557112,431.944004608,20.871992111206055,0.4998859763145447,-51.52330017089844,0.0029945075511932373,0.8265768885612488,0.0118476040661335,-0.5626911520957947,-3.118739253506563,0.0,0.0,0.0,0.0,0.0,0.0
1772566035097068014,432.047515648,20.806180953979492,0.5004628300666809,-51.549556732177734,0.0025457069277763367,0.8264079689979553,0.0121755450963974,-0.5629345178604126,-3.1156548112160496,0.0,0.0,0.0,0.0,0.0,0.0
1772566035202063891,432.152511488,20.74025535583496,0.5007335543632507,-51.57533645629883,0.002075083553791046,0.8261448740959167,0.012489978224039078,-0.5633155703544617,-3.112469450001053,0.0,0.0,0.0,0.0,0.0,0.0
1772566035305557194,432.256004864,20.67422103881836,0.5017008185386658,-51.601219177246094,0.0018533319234848022,0.8258447051048279,0.012975148856639862,-0.5637453198432922,-3.1098552270764848,0.0,0.0,0.0,0.0,0.0,0.0
1772566035410536449,432.360984064,20.594200134277344,0.5027489066123962,-51.632728576660156,0.0016093701124191284,0.8255794048309326,0.01376500353217125,-0.5641157627105713,-3.1061980599209935,0.0,0.0,0.0,0.0,0.0,0.0
1772566035537874240,432.488321792,20.513330459594727,0.5039755702018738,-51.6649169921875,0.00175543874502182,0.825250506401062,0.013799194246530533,-0.564595639705658,-3.106610904834451,0.0,0.0,0.0,0.0,0.0,0.0
1772566035638124289,432.588571904,20.444360733032227,0.5048910975456238,-51.691951751708984,0.0014218688011169434,0.8249315023422241,0.014127921313047409,-0.5650543570518494,-3.1039255709664753,0.0,0.0,0.0,0.0,0.0,0.0
1772566035749902681,432.700350208,20.374265670776367,0.505940854549408,-51.71784591674805,-0.0007514432654716074,0.8246631622314453,0.0145439887419343,-0.565436601638794,-3.0925785301076902,0.0,0.0,0.0,0.0,0.0,0.0
1772566035852067334,432.802514944,20.305248260498047,0.5068063139915466,-51.74491882324219,-0.0009313373593613505,0.8243952393531799,0.015030382201075554,-0.5658143162727356,-3.090084076320676,0.0,0.0,0.0,0.0,0.0,0.0
1772566035949818232,432.900265728,20.23625946044922,0.507541835308075,-51.77183532714844,-0.0012990310788154602,0.8240847587585449,0.015433777123689651,-0.566254734992981,-3.086950984846362,0.0,0.0,0.0,0.0,0.0,0.0
1772566036049362903,432.99981056,20.15322494506836,0.5087513327598572,-51.80438995361328,-0.001987613970413804,0.8237714171409607,0.01550071407109499,-0.5667067170143127,-3.083384492119602,0.0,0.0,0.0,0.0,0.0,0.0
1772566036153842467,433.104290048,20.08355712890625,0.5099683403968811,-51.83111572265625,-0.002588696777820587,0.8234784603118896,0.015886753797531128,-0.5671192407608032,-3.079210997220749,0.0,0.0,0.0,0.0,0.0,0.0
1772566036272923699,433.223371264,19.997119903564453,0.510927140712738,-51.86420440673828,-0.003174989949911833,0.8230637311935425,0.01673603616654873,-0.5676934719085693,-3.0735313522702605,0.0,0.0,0.0,0.0,0.0,0.0
1772566036377240987,433.327688704,19.92018699645996,0.5119643807411194,-51.89404296875,-0.004401311278343201,0.8226747512817383,0.016766957938671112,-0.5682480335235596,-3.067473996902087,0.0,0.0,0.0,0.0,0.0,0.0
1772566036497643825,433.448091392,19.84122085571289,0.5140635371208191,-51.92403030395508,-0.005442373920232058,0.8222554326057434,0.017396235838532448,-0.5688267350196838,-3.0603099715165305,0.0,0.0,0.0,0.0,0.0,0.0
1772566036587753017,433.538200576,19.748136520385742,0.515001118183136,-51.96118927001953,-0.004334218800067902,0.8217256665229797,0.01814514771103859,-0.5695779323577881,-3.062602467569269,0.0,0.0,0.0,0.0,0.0,0.0
1772566036690621288,433.6410688,19.664566040039062,0.5176592469215393,-51.99421691894531,-0.003892458975315094,0.8211106657981873,0.01896093040704727,-0.5704407691955566,-3.061502866627777,0.0,0.0,0.0,0.0,0.0,0.0
1772566036795084182,433.745531904,19.577064514160156,0.5184599757194519,-52.0274772644043,-0.004287302494049072,0.8206080794334412,0.019339613616466522,-0.5711479783058167,-3.057977060609956,0.0,0.0,0.0,0.0,0.0,0.0
1772566036897832068,433.848279808,19.486597061157227,0.5221956372261047,-52.060787200927734,-0.004512079060077667,0.8200044631958008,0.02065550535917282,-0.5719664692878723,-3.052069087463918,0.0,0.0,0.0,0.0,0.0,0.0
1772566037038479468,433.988926976,19.39213752746582,0.5260480046272278,-52.0943717956543,-0.003128841519355774,0.8192363977432251,0.022515058517456055,-0.5730052590370178,-3.0517446800947465,0.0,0.0,0.0,0.0,0.0,0.0
1772566037140379007,434.090826496,19.27434539794922,0.5308499932289124,-52.135860443115234,-0.00417037308216095,0.8186692595481873,0.024509817361831665,-0.5737267732620239,-3.0396403453201257,0.0,0.0,0.0,0.0,0.0,0.0
1772566037246317117,434.196764672,19.18045997619629,0.5344859957695007,-52.16782760620117,-0.0058293938636779785,0.8180814385414124,0.025744061917066574,-0.5744963884353638,-3.02699113732247,0.0,0.0,0.0,0.0,0.0,0.0
1772566037331095212,434.281542912,19.0765380859375,0.5383855700492859,-52.20393371582031,-0.006793312728404999,0.8175464868545532,0.02776269242167473,-0.5751529335975647,-3.0150408068302825,0.0,0.0,0.0,0.0,0.0,0.0
1772566037437625953,434.388073472,18.997703552246094,0.541770875453949,-52.232147216796875,-0.006701745092868805,0.8170439004898071,0.028898105025291443,-0.5758119225502014,-3.011009577668803,0.0,0.0,0.0,0.0,0.0,0.0
1772566037539929004,434.490376704,18.92426300048828,0.5449923872947693,-52.25895690917969,-0.005573928356170654,0.816460907459259,0.030320659279823303,-0.5765772461891174,-3.0108241034532877,0.0,0.0,0.0,0.0,0.0,0.0
1772566037649140689,434.599588352,18.849077224731445,0.5477396845817566,-52.28533172607422,-0.00553178833797574,0.8160289525985718,0.03185229003429413,-0.5771061778068542,-3.0052725857302423,0.0,0.0,0.0,0.0,0.0,0.0
1772566037748989824,434.699437568,18.762348175048828,0.5515105128288269,-52.3150520324707,-0.00624442845582962,0.8154466152191162,0.033214833587408066,-0.5778448581695557,-2.996376498230341,0.0,0.0,0.0,0.0,0.0,0.0
1772566037896990439,434.84743808,18.695119857788086,0.5525750517845154,-52.33936309814453,-0.0056404247879981995,0.8150386214256287,0.03361024707555771,-0.5784035921096802,-2.9972889595486327,0.0,0.0,0.0,0.0,0.0,0.0
1772566037999328178,434.949775872,18.615686416625977,0.5463729500770569,-52.36448287963867,-0.0085472846403718,0.8143355250358582,0.031163712963461876,-0.5794941782951355,-2.9903048574321214,0.0,0.0,0.0,0.0,0.0,0.0
1772566038065739716,435.016187392,18.527576446533203,0.5413219332695007,-52.388427734375,-0.017115972936153412,0.8135675191879272,0.029945313930511475,-0.5804466605186462,-2.951597773272064,0.0,0.0,0.0,0.0,0.0,0.0
1772566038169361027,435.119808768,18.431289672851562,0.5348238348960876,-52.406734466552734,-0.03646354749798775,0.8123739361763,0.02671576291322708,-0.5813822746276855,-2.8676153517375154,0.0,0.0,0.0,0.0,0.0,0.0
1772566038306464206,435.256911872,18.388080596923828,0.535101592540741,-52.42119598388672,-0.03733786940574646,0.8115179538726807,0.027876440435647964,-0.5824666619300842,-2.857430011745924,0.0,0.0,0.0,0.0,0.0,0.0
1772566038401091433,435.351538944,18.367502212524414,0.5361964106559753,-52.427425384521484,-0.037479374557733536,0.8112025856971741,0.02886052243411541,-0.582848846912384,-2.8526789437131193,0.0,0.0,0.0,0.0,0.0,0.0
1772566038511787217,435.46223488,18.351627349853516,0.5370457768440247,-52.43256759643555,-0.03776157647371292,0.8110432624816895,0.028842102736234665,-0.5830532908439636,-2.8509698315208185,0.0,0.0,0.0,0.0,0.0,0.0
1772566038608150983,435.558598656,18.3313045501709,0.5369846224784851,-52.439239501953125,-0.03822862356901169,0.8107386827468872,0.028881780803203583,-0.583444356918335,-2.8477882620164374,0.0,0.0,0.0,0.0,0.0,0.0
1772566038699084776,435.649532416,18.315879821777344,0.5380520224571228,-52.443660736083984,-0.03856772929430008,0.810611367225647,0.029495634138584137,-0.5835682153701782,-2.8438292926357445,0.0,0.0,0.0,0.0,0.0,0.0
1772566038802982309,435.753430016,18.292198181152344,0.5392176508903503,-52.45084762573242,-0.03888380900025368,0.8104671835899353,0.030072730034589767,-0.583717942237854,-2.840050409707646,0.0,0.0,0.0,0.0,0.0,0.0
1772566038921574189,435.87202176,18.22020149230957,0.5421295762062073,-52.47283935546875,-0.04024314880371094,0.8101729154586792,0.030943796038627625,-0.5839887857437134,-2.830007386587151,0.0,0.0,0.0,0.0,0.0,0.0
1772566039024886499,435.975334144,18.13312339782715,0.5458181500434875,-52.498939514160156,-0.04166772589087486,0.8098942637443542,0.032864462584257126,-0.5841703414916992,-2.8163573837056735,0.0,0.0,0.0,0.0,0.0,0.0
1772566039139186567,436.089634304,18.059356689453125,0.5487934947013855,-52.52291488647461,-0.04197635501623154,0.8096070289611816,0.03296917304396629,-0.5845404267311096,-2.8136881424242746,0.0,0.0,0.0,0.0,0.0,0.0
1772566039266370733,436.216818432,17.98474884033203,0.5461611151695251,-52.55099105834961,-0.03959868848323822,0.8094638586044312,0.03107219934463501,-0.5850082635879517,-2.830449596042549,0.0,0.0,0.0,0.0,0.0,0.0
1772566039346147153,436.296594688,17.910987854003906,0.5417460799217224,-52.58045196533203,-0.03602262958884239,0.8093291521072388,0.02932228520512581,-0.5855159163475037,-2.8527229539651104,0.0,0.0,0.0,0.0,0.0,0.0
1772566039486861747,436.43730944,17.822938919067383,0.5382201075553894,-52.61343002319336,-0.032775215804576874,0.8093581199645996,0.028468627482652664,-0.585708737373352,-2.871219439921325,0.0,0.0,0.0,0.0,0.0,0.0
1772566039586293769,436.536741376,17.750173568725586,0.5415804982185364,-52.63489532470703,-0.033948175609111786,0.8094640970230103,0.029709644615650177,-0.5854339003562927,-2.8617028191094573,0.0,0.0,0.0,0.0,0.0,0.0
1772566039686664145,436.637111808,17.678192138671875,0.5446028113365173,-52.65599060058594,-0.03508258983492851,0.8094125986099243,0.031179770827293396,-0.5853617787361145,-2.8512441869748586,0.0,0.0,0.0,0.0,0.0,0.0
1772566039785884281,436.736331776,17.592010498046875,0.5485575795173645,-52.68187713623047,-0.03582628071308136,0.80946946144104,0.033090729266405106,-0.5851330757141113,-2.8415784756014,0.0,0.0,0.0,0.0,0.0,0.0
1772566039886273467,436.836721152,17.520063400268555,0.5525478720664978,-52.70249557495117,-0.03704306483268738,0.8093593716621399,0.03433391824364662,-0.5851379632949829,-2.831460256360718,0.0,0.0,0.0,0.0,0.0,0.0
1772566040012456352,436.962904064,17.448320388793945,0.5561320185661316,-52.7226676940918,-0.03834235295653343,0.8091439008712769,0.035526614636182785,-0.5852811336517334,-2.8208490871990755,0.0,0.0,0.0,0.0,0.0,0.0
1772566040106514537,437.056962048,17.36290168762207,0.556126058101654,-52.75327682495117,-0.035714853554964066,0.8092848062515259,0.03544504567980766,-0.585257351398468,-2.8338391884509115,0.0,0.0,0.0,0.0,0.0,0.0
1772566040221886783,437.172334336,17.290796279907227,0.5533835291862488,-52.78012466430664,-0.03243071958422661,0.8094531893730164,0.034380339086055756,-0.5852792263031006,-2.8533400015293555,0.0,0.0,0.0,0.0,0.0,0.0
1772566040316649118,437.267096832,17.218334197998047,0.5507652163505554,-52.80716323852539,-0.0293479785323143,0.8095453977584839,0.03282967954874039,-0.5854035019874573,-2.8734896828895975,0.0,0.0,0.0,0.0,0.0,0.0
1772566040421497252,437.37194496,17.133007049560547,0.5566478371620178,-52.833492279052734,-0.02942970022559166,0.8097723722457886,0.032639943063259125,-0.5850958228111267,-2.874354715213034,0.0,0.0,0.0,0.0,0.0,0.0
1772566040523217704,437.47366528,17.06369400024414,0.5609083771705627,-52.8515510559082,-0.030726086348295212,0.8097031116485596,0.03638949990272522,-0.5849039554595947,-2.8555202832328943,0.0,0.0,0.0,0.0,0.0,0.0
1772566040625398786,437.5758464,16.993696212768555,0.5651233792304993,-52.87126159667969,-0.0316300131380558,0.8097958564758301,0.03838479518890381,-0.5845996737480164,-2.8450049360383995,0.0,0.0,0.0,0.0,0.0,0.0
1772566040719075488,437.6695232,16.92301368713379,0.5697298645973206,-52.8909797668457,-0.032579291611909866,0.8099366426467896,0.03982578590512276,-0.584256112575531,-2.8363346631445134,0.0,0.0,0.0,0.0,0.0,0.0
1772566040824082572,437.774530304,16.83810806274414,0.5759825110435486,-52.91463851928711,-0.03373562917113304,0.8100206851959229,0.042065348476171494,-0.5839168429374695,-2.8240950086480914,0.0,0.0,0.0,0.0,0.0,0.0
1772566040949602089,437.900049664,16.767446517944336,0.580134928226471,-52.93470001220703,-0.03440883755683899,0.8100520968437195,0.04409438744187355,-0.5836842656135559,-2.814725178232175,0.0,0.0,0.0,0.0,0.0,0.0
1772566041049414185,437.99986176,16.682369232177734,0.5780814290046692,-52.9664306640625,-0.031521692872047424,0.8104054927825928,0.04271188750863075,-0.5834595561027527,-2.83349232326293,0.0,0.0,0.0,0.0,0.0,0.0
1772566041161789376,438.112237056,16.611473083496094,0.5758572220802307,-52.99259567260742,-0.02842508628964424,0.8107078075408936,0.04158368334174156,-0.5832801461219788,-2.85240840825845,0.0,0.0,0.0,0.0,0.0,0.0
1772566041273899607,438.224347136,16.542613983154297,0.5736460089683533,-53.0189094543457,-0.02528323605656624,0.8107729554176331,0.04062502458691597,-0.5834018588066101,-2.870458219704554,0.0,0.0,0.0,0.0,0.0,0.0
1772566041371805092,438.3222528,16.474674224853516,0.571060836315155,-53.04446792602539,-0.022141581401228905,0.8109186887741089,0.03972390294075012,-0.5833890438079834,-2.88871956078589,0.0,0.0,0.0,0.0,0.0,0.0
1772566041472445352,438.422893056,16.393835067749023,0.5679282546043396,-53.075191497802734,-0.018701374530792236,0.8113082647323608,0.038245491683483124,-0.583066463470459,-2.911097946486044,0.0,0.0,0.0,0.0,0.0,0.0
1772566041573809695,438.52425728,16.325237274169922,0.5681111216545105,-53.10318374633789,-0.01586189866065979,0.8114457130432129,0.0339110866189003,-0.5832274556159973,-2.939802058783445,0.0,0.0,0.0,0.0,0.0,0.0
1772566041692628618,438.643076352,16.255006790161133,0.5694734454154968,-53.130340576171875,-0.013612963259220123,0.8116316795349121,0.031103767454624176,-0.5831820964813232,-2.9608358256619436,0.0,0.0,0.0,0.0,0.0,0.0
1772566041808467818,438.758915328,16.167709350585938,0.564492404460907,-53.16366958618164,-0.009509033523499966,0.811772346496582,0.03163174167275429,-0.5830391049385071,-2.9794912271137877,0.0,0.0,0.0,0.0,0.0,0.0
1772566041909378917,438.859826432,16.0825138092041,0.5534455180168152,-53.19881057739258,-0.003324128920212388,0.8118173480033875,0.03075242228806019,-0.5830917358398438,-3.013356754708218,0.0,0.0,0.0,0.0,0.0,0.0
1772566042037224518,438.987672064,15.99856948852539,0.544032633304596,-53.23715591430664,0.0041859447956085205,0.8119772672653198,0.02518211305141449,-0.5831305980682373,-3.0711486823975878,0.0,0.0,0.0,0.0,0.0,0.0
1772566042163198330,439.113645824,15.916030883789062,0.5332574248313904,-53.2738151550293,0.011021696031093597,0.8120038509368896,0.02017633616924286,-0.583199143409729,-3.123960472028617,0.0,0.0,0.0,0.0,0.0,0.0
1772566042297831487,439.24827904,15.820003509521484,0.525547206401825,-53.316287994384766,0.018195416778326035,0.8121334314346313,0.013153698295354843,-0.5830395817756653,3.097123063885196,0.0,0.0,0.0,0.0,0.0,0.0
1772566042417188184,439.367635712,15.741281509399414,0.5233003497123718,-53.349952697753906,0.022048786282539368,0.8121473789215088,0.0066633522510528564,-0.5829975605010986,3.0539747801778474,0.0,0.0,0.0,0.0,0.0,0.0
1772566042513442059,439.463889664,15.675823211669922,0.5236894488334656,-53.370819091796875,0.022318638861179352,0.8123167157173157,0.007995463907718658,-0.5827345848083496,3.0575590897208156,0.0,0.0,0.0,0.0,0.0,0.0
1772566042619559091,439.570006784,15.622758865356445,0.5247220396995544,-53.38843536376953,0.022834058851003647,0.8122678399085999,0.008693721145391464,-0.5827727317810059,3.057459427510048,0.0,0.0,0.0,0.0,0.0,0.0
1772566042722529907,439.672977408,15.575925827026367,0.5261437296867371,-53.4044189453125,0.02321416512131691,0.812149167060852,0.009149555116891861,-0.5829160809516907,3.0571198644694566,0.0,0.0,0.0,0.0,0.0,0.0
1772566042841357773,439.79180544,15.515270233154297,0.5284621119499207,-53.42605209350586,0.024112991988658905,0.8118914365768433,0.00964348018169403,-0.5832306146621704,3.054206221295336,0.0,0.0,0.0,0.0,0.0,0.0
1772566042937883514,439.888331008,15.457239151000977,0.5300931334495544,-53.445980072021484,0.02512672357261181,0.8118181228637695,0.010382627137005329,-0.5832770466804504,3.0517204247940533,0.0,0.0,0.0,0.0,0.0,0.0
1772566043043541988,439.993989632,15.391826629638672,0.5318636298179626,-53.4683837890625,0.025664884597063065,0.8117783069610596,0.010584793984889984,-0.5833055377006531,3.0497063682569268,0.0,0.0,0.0,0.0,0.0,0.0
1772566043148600236,440.099047936,15.309577941894531,0.5353973507881165,-53.496002197265625,0.026120943948626518,0.8111699819564819,0.011548628099262714,-0.5841126441955566,3.0505102874697725,0.0,0.0,0.0,0.0,0.0,0.0
1772566043293389637,440.243837184,15.235013961791992,0.539633572101593,-53.52042007446289,0.026391617953777313,0.8097997307777405,0.011129826307296753,-0.5860069394111633,3.0466269597529507,0.0,0.0,0.0,0.0,0.0,0.0
1772566043395982301,440.346429952,15.122142791748047,0.5460352301597595,-53.553810119628906,0.026377692818641663,0.8069994449615479,0.011167698539793491,-0.5898571610450745,3.0447886735571505,0.0,0.0,0.0,0.0,0.0,0.0
1772566043487596837,440.438044416,15.005304336547852,0.5521557927131653,-53.58510208129883,0.026057656854391098,0.803925633430481,0.011055242270231247,-0.5940558314323425,3.043688390196992,0.0,0.0,0.0,0.0,0.0,0.0
1772566043598158191,440.548605696,14.878555297851562,0.5596405863761902,-53.6202392578125,0.027539215981960297,0.8004601001739502,0.01082846149802208,-0.598655104637146,3.03155874243507,0.0,0.0,0.0,0.0,0.0,0.0
1772566043700260101,440.650707712,14.733928680419922,0.5661230683326721,-53.655418395996094,0.027069732546806335,0.7969015836715698,0.011349759995937347,-0.6033956408500671,3.033103206937862,0.0,0.0,0.0,0.0,0.0,0.0
1772566043833402771,440.783850496,14.558082580566406,0.574269711971283,-53.696720123291016,0.025655142962932587,0.7916609048843384,0.011505900882184505,-0.6103135347366333,3.0372275863060674,0.0,0.0,0.0,0.0,0.0,0.0
1772566043949036879,440.899484416,14.408287048339844,0.5816251635551453,-53.73017120361328,0.02367415651679039,0.7877523899078369,0.011451330035924911,-0.6154304146766663,3.0457535931578006,0.0,0.0,0.0,0.0,0.0,0.0
1772566044047860992,440.998308608,14.278585433959961,0.5866145491600037,-53.7623405456543,0.021499693393707275,0.7866432666778564,0.010928422212600708,-0.6169366240501404,3.056281876134334,0.0,0.0,0.0,0.0,0.0,0.0
1772566044149964187,441.100411904,14.188678741455078,0.5891613364219666,-53.78706741333008,0.020064037293195724,0.785597562789917,0.009963873773813248,-0.6183322072029114,3.059896633626442,0.0,0.0,0.0,0.0,0.0,0.0
1772566044252196396,441.202643968,14.107398986816406,0.5931167006492615,-53.812686920166016,0.020061708986759186,0.7819321751594543,0.009975031018257141,-0.6229608654975891,3.0568511392368727,0.0,0.0,0.0,0.0,0.0,0.0
1772566044350244617,441.300692224,14.063800811767578,0.5952233672142029,-53.82826232910156,0.019821740686893463,0.7764148116111755,0.010505665093660355,-0.629822850227356,3.0565639548761663,0.0,0.0,0.0,0.0,0.0,0.0
1772566044457163010,441.407610624,14.029033660888672,0.5967811942100525,-53.838958740234375,0.020076287910342216,0.7713720798492432,0.01092020608484745,-0.6359739899635315,3.052050858318075,0.0,0.0,0.0,0.0,0.0,0.0
1772566044580307377,441.530755072,13.98982048034668,0.597399890422821,-53.84727478027344,0.01966048963367939,0.7676947712898254,0.010725331492722034,-0.6404242515563965,3.0499259878415947,0.0,0.0,0.0,0.0,0.0,0.0
1772566044688980271,441.63942784,13.959962844848633,0.599970281124115,-53.85188674926758,0.02033238671720028,0.7660622000694275,0.011178305372595787,-0.6423476338386536,3.045364256731899,0.0,0.0,0.0,0.0,0.0,0.0
1772566044835376829,441.785824512,13.935680389404297,0.6004461646080017,-53.855262756347656,0.019969001412391663,0.7652663588523865,0.010887926444411278,-0.6433118581771851,3.0453641094737662,0.0,0.0,0.0,0.0,0.0,0.0
1772566044899862897,441.8503104,13.91429328918457,0.6012038588523865,-53.85900115966797,0.01964344084262848,0.7647872567176819,0.011192437261343002,-0.643886148929596,3.04991954539333,0.0,0.0,0.0,0.0,0.0,0.0
1772566045000834230,441.95128192,13.894405364990234,0.6030464768409729,-53.86216735839844,0.020350636914372444,0.7640150785446167,0.011469444260001183,-0.6447754502296448,3.0446651391756365,0.0,0.0,0.0,0.0,0.0,0.0
1772566045106745126,442.057192704,13.868518829345703,0.6032876372337341,-53.86601638793945,0.01995605044066906,0.7631025314331055,0.010902728885412216,-0.6458773016929626,3.04261754787455,0.0,0.0,0.0,0.0,0.0,0.0
1772566045211091388,442.161539072,13.836385726928711,0.6056734919548035,-53.87148666381836,0.020582430064678192,0.7627413272857666,0.011791953817009926,-0.6462684869766235,3.043290474145921,0.0,0.0,0.0,0.0,0.0,0.0
1772566045313187487,442.2636352,13.773244857788086,0.6091572642326355,-53.882755279541016,0.020942075178027153,0.7623485326766968,0.012000296264886856,-0.6467164754867554,3.0410420683098542,0.0,0.0,0.0,0.0,0.0,0.0
1772566045438922569,442.389370112,13.697189331054688,0.6120890974998474,-53.895118713378906,0.01968870498239994,0.7621577978134155,0.01148926094174385,-0.6469899415969849,3.0483952706994293,0.0,0.0,0.0,0.0,0.0,0.0
1772566045515838619,442.466286336,13.619882583618164,0.6143559813499451,-53.90888977050781,0.02067749574780464,0.76189124584198,0.01097164861857891,-0.6472819447517395,3.034652339161324,0.0,0.0,0.0,0.0,0.0,0.0
1772566045635598617,442.586046208,13.526193618774414,0.6184188723564148,-53.923606872558594,0.020561840385198593,0.7619892358779907,0.011096563190221786,-0.6471680998802185,3.036881280392259,0.0,0.0,0.0,0.0,0.0,0.0
1772566045737085052,442.687532544,13.449823379516602,0.6221689581871033,-53.93595504760742,0.02082308940589428,0.7620871663093567,0.01111062616109848,-0.6470441222190857,3.0347096627496364,0.0,0.0,0.0,0.0,0.0,0.0
1772566045841842723,442.792290304,13.384838104248047,0.6247541308403015,-53.946693420410156,0.02087727002799511,0.7620013952255249,0.011359751224517822,-0.6471391320228577,3.036048200755897,0.0,0.0,0.0,0.0,0.0,0.0
1772566045949996932,442.900444672,13.329771041870117,0.627443253993988,-53.9556770324707,0.020692968741059303,0.7618873119354248,0.011659171432256699,-0.6472740173339844,3.039981106119499,0.0,0.0,0.0,0.0,0.0,0.0
1772566046068430842,443.018878464,13.289066314697266,0.6297850012779236,-53.96270751953125,0.020757533609867096,0.7617912888526917,0.01148922648280859,-0.6473879218101501,3.037875521526953,0.0,0.0,0.0,0.0,0.0,0.0
1772566046177296915,443.127744512,13.257789611816406,0.6309613585472107,-53.967960357666016,0.0210100170224905,0.7617090940475464,0.011731859296560287,-0.6474722027778625,3.037321493321426,0.0,0.0,0.0,0.0,0.0,0.0
1772566046283262298,443.233709824,13.229545593261719,0.632780134677887,-53.972652435302734,0.02085893042385578,0.7616716623306274,0.011620264500379562,-0.6475231647491455,3.037789274398277,0.0,0.0,0.0,0.0,0.0,0.0
1772566046385732298,443.336179968,13.208070755004883,0.6332462430000305,-53.97624588012695,0.020719485357403755,0.7615590691566467,0.011808417737483978,-0.6476566791534424,3.040439340736948,0.0,0.0,0.0,0.0,0.0,0.0
1772566046534328814,443.484776448,13.185333251953125,0.6346898674964905,-53.98059844970703,0.021077757701277733,0.7614003419876099,0.011850457638502121,-0.6478309035301208,3.0371608474023533,0.0,0.0,0.0,0.0,0.0,0.0
1772566046635528141,443.585975808,13.164995193481445,0.6359323859214783,-53.983985900878906,0.020818371325731277,0.7612876892089844,0.011793134734034538,-0.6479727625846863,3.038976405929794,0.0,0.0,0.0,0.0,0.0,0.0
1772566046736290055,443.686737664,13.145679473876953,0.6364185214042664,-53.9872932434082,0.020767154172062874,0.7611544132232666,0.0118330717086792,-0.6481301784515381,3.039582648871351,0.0,0.0,0.0,0.0,0.0,0.0
1772566046834887424,443.78533504,13.125247955322266,0.6377963423728943,-53.990875244140625,0.020943360403180122,0.7609809637069702,0.012391302734613419,-0.6483176946640015,3.042180877974327,0.0,0.0,0.0,0.0,0.0,0.0
1772566046949575662,443.900023296,13.10080337524414,0.6391662955284119,-53.995018005371094,0.020801054313778877,0.7607989311218262,0.01200878620147705,-0.6485431790351868,3.040152741187213,0.0,0.0,0.0,0.0,0.0,0.0
1772566047068733660,444.019181312,13.077827453613281,0.6397979855537415,-53.99913787841797,0.0208735391497612,0.7606704831123352,0.01192978210747242,-0.6486929059028625,3.0386198719419117,0.0,0.0,0.0,0.0,0.0,0.0
1772566047170667301,444.12111488,13.059223175048828,0.6413559317588806,-54.002540588378906,0.020898478105664253,0.760511577129364,0.012136291712522507,-0.6488745212554932,3.0398302756944706,0.0,0.0,0.0,0.0,0.0,0.0
1772566047276659304,444.227106816,13.045217514038086,0.6419753432273865,-54.00509262084961,0.020910345017910004,0.7603306770324707,0.012359077110886574,-0.6490818858146667,3.041276567741649,0.0,0.0,0.0,0.0,0.0,0.0
1772566047421374522,444.37182208,13.031253814697266,0.6422569155693054,-54.00767135620117,0.0207839198410511,0.7601319551467896,0.012486578896641731,-0.649316132068634,3.043256043507071,0.0,0.0,0.0,0.0,0.0,0.0
1772566047504421968,444.454869504,13.020408630371094,0.642294704914093,-54.010398864746094,0.02077474072575569,0.7598483562469482,0.01208692230284214,-0.6496558785438538,3.039603061778656,0.0,0.0,0.0,0.0,0.0,0.0
1772566047627348646,444.577796352,13.005134582519531,0.6431450247764587,-54.015621185302734,0.021232618018984795,0.7591065764427185,0.011967211030423641,-0.6505100131034851,3.0329313050653033,0.0,0.0,0.0,0.0,0.0,0.0
1772566047722509718,444.67295744,12.99018669128418,0.6439949870109558,-54.01964569091797,0.02129875309765339,0.7584664821624756,0.012280058115720749,-0.6512480974197388,3.033859875119853,0.0,0.0,0.0,0.0,0.0,0.0
1772566047833572172,444.784019712,12.953004837036133,0.6448516249656677,-54.02607345581055,0.02156234160065651,0.7582958936691284,0.01182934083044529,-0.6514463424682617,3.0270705991484848,0.0,0.0,0.0,0.0,0.0,0.0
1772566047939636454,444.890084096,12.88840103149414,0.6485664248466492,-54.035709381103516,0.021744664758443832,0.7584341168403625,0.011991498991847038,-0.6512765288352966,3.0268990483694513,0.0,0.0,0.0,0.0,0.0,0.0
1772566048049810497,445.000258048,12.810781478881836,0.653630793094635,-54.046051025390625,0.02159969136118889,0.7588357925415039,0.012587370350956917,-0.6508020162582397,3.034116424711523,0.0,0.0,0.0,0.0,0.0,0.0
1772566048150582133,445.101029632,12.71360969543457,0.658169686794281,-54.059852600097656,0.0214141383767128,0.759245753288269,0.012459831312298775,-0.6503323316574097,3.0355356234009916,0.0,0.0,0.0,0.0,0.0,0.0
1772566048254091079,445.204538624,12.632608413696289,0.662348210811615,-54.071353912353516,0.02173997275531292,0.7596535682678223,0.012894812971353531,-0.6498365998268127,3.036654007682342,0.0,0.0,0.0,0.0,0.0,0.0
1772566048372186119,445.322633728,12.533777236938477,0.6674103140830994,-54.0854606628418,0.021377258002758026,0.7601033449172974,0.013077424839138985,-0.6493188142776489,3.0423725695970347,0.0,0.0,0.0,0.0,0.0,0.0
1772566048499132396,445.449580032,12.437746047973633,0.672304093837738,-54.100135803222656,0.02177973836660385,0.7605001330375671,0.013131121173501015,-0.6488395929336548,3.0395264586453843,0.0,0.0,0.0,0.0,0.0,0.0
1772566048601177187,445.551624704,12.36029052734375,0.6763259768486023,-54.11128616333008,0.021613605320453644,0.7607769966125488,0.013548305258154869,-0.6485117673873901,3.0449293664602464,0.0,0.0,0.0,0.0,0.0,0.0
1772566048698077534,445.648525056,12.283565521240234,0.6790767312049866,-54.123477935791016,0.021889418363571167,0.7609815001487732,0.01320321299135685,-0.6482697129249573,3.039782534126203,0.0,0.0,0.0,0.0,0.0,0.0
1772566048810315550,445.760763136,12.192686080932617,0.6818515658378601,-54.14006042480469,0.023307377472519875,0.7611584663391113,0.011279319413006306,-0.6480488181114197,3.011112490893624,0.0,0.0,0.0,0.0,0.0,0.0
1772566048913452577,445.86390016,12.116289138793945,0.6825713515281677,-54.15667724609375,0.02482607029378414,0.7611613273620605,0.006742598954588175,-0.6480521559715271,2.9606601226827274,0.0,0.0,0.0,0.0,0.0,0.0
1772566049025951716,445.97639936,12.044166564941406,0.6835026144981384,-54.17394256591797,0.026477135717868805,0.7611464262008667,0.00020997785031795502,-0.6480394601821899,2.894469053545646,0.0,0.0,0.0,0.0,0.0,0.0
1772566049129280725,446.079728384,11.966169357299805,0.6841117739677429,-54.195377349853516,0.02895749919116497,0.7609596252441406,-0.01029972918331623,-0.6480708718299866,2.7936816575181926,0.0,0.0,0.0,0.0,0.0,0.0
1772566049233928505,446.184376064,11.906333923339844,0.6838962435722351,-54.2147331237793,0.031729359179735184,0.7606294751167297,-0.021524405106902122,-0.6480530500411987,2.6924960894560637,0.0,0.0,0.0,0.0,0.0,0.0
1772566049349397195,446.299844864,11.83010482788086,0.6855420470237732,-54.2258186340332,0.03171345591545105,0.7607271075248718,-0.020426642149686813,-0.6479748487472534,2.700437907329279,0.0,0.0,0.0,0.0,0.0,0.0
1772566049432372120,446.38281984,11.756790161132812,0.6860565543174744,-54.23725128173828,0.0318395271897316,0.7608646154403687,-0.020327558740973473,-0.6478102803230286,2.701099401468093,0.0,0.0,0.0,0.0,0.0,0.0
1772566049552313611,446.502761216,11.683708190917969,0.6869321465492249,-54.24907302856445,0.03220243379473686,0.7609865665435791,-0.020473472774028778,-0.6476445198059082,2.698213206868886,0.0,0.0,0.0,0.0,0.0,0.0
1772566049656667835,446.60711552,11.594097137451172,0.6883028149604797,-54.26323699951172,0.03282489627599716,0.7611700296401978,-0.019947988912463188,-0.6474139094352722,2.6980879865088068,0.0,0.0,0.0,0.0,0.0,0.0
1772566049753425835,446.703873536,11.518259048461914,0.6888857483863831,-54.274967193603516,0.0330314114689827,0.7613346576690674,-0.0195522028952837,-0.6472218632698059,2.7002213445805716,0.0,0.0,0.0,0.0,0.0,0.0
1772566049857073401,446.807521024,11.441286087036133,0.6893042922019958,-54.28664016723633,0.03325248509645462,0.7615389823913574,-0.018861696124076843,-0.6469905972480774,2.704410430612372,0.0,0.0,0.0,0.0,0.0,0.0
1772566049961977333,446.91242496,11.36351203918457,0.690068781375885,-54.29911422729492,0.033845480531454086,0.7616426944732666,-0.018194207921624184,-0.6468568444252014,2.7048335926825584,0.0,0.0,0.0,0.0,0.0,0.0
1772566050099697749,447.05014528,11.286161422729492,0.6912955641746521,-54.311527252197266,0.034140173345804214,0.7618125081062317,-0.01811506412923336,-0.6466436982154846,2.70426628863562,0.0,0.0,0.0,0.0,0.0,0.0
1772566050161226545,447.111674112,11.206060409545898,0.6924635767936707,-54.323974609375,0.03410736471414566,0.7619920969009399,-0.017829548567533493,-0.6464416980743408,2.707619336422765,0.0,0.0,0.0,0.0,0.0,0.0
1772566050303510061,447.253957632,11.10911750793457,0.6935154795646667,-54.339603424072266,0.03473951667547226,0.762163519859314,-0.0172145813703537,-0.6462226510047913,2.7078704004508887,0.0,0.0,0.0,0.0,0.0,0.0
1772566050417447223,447.367894784,11.029531478881836,0.6948797106742859,-54.35234832763672,0.03484083339571953,0.7623435258865356,-0.017100773751735687,-0.6460078954696655,2.709074017383787,0.0,0.0,0.0,0.0,0.0,0.0
1772566050517367313,447.467814912,10.934694290161133,0.6956998705863953,-54.36753463745117,0.03509742394089699,0.7625150084495544,-0.016738975420594215,-0.6458010673522949,2.7105946480343848,0.0,0.0,0.0,0.0,0.0,0.0
1772566050623516831,447.573964544,10.841323852539062,0.6972035765647888,-54.3825798034668,0.03538208454847336,0.7626873254776001,-0.01633213646709919,-0.6455923914909363,2.7121836578578864,0.0,0.0,0.0,0.0,0.0,0.0
1772566050720319609,447.670767104,10.764745712280273,0.6981380581855774,-54.394893646240234,0.03549880534410477,0.762787938117981,-0.0160321407020092,-0.6454745531082153,2.713884635289495,0.0,0.0,0.0,0.0,0.0,0.0
1772566050818895800,447.769343488,10.694101333618164,0.6995367407798767,-54.40684509277344,0.03582717105746269,0.7624817490577698,-0.01610664650797844,-0.6458162665367126,2.708776036121309,0.0,0.0,0.0,0.0,0.0,0.0
1772566050929179711,447.879627264,10.614946365356445,0.7015470862388611,-54.42033767700195,0.03672061860561371,0.76249098777771,-0.01557808555662632,-0.6457681655883789,2.705342232492651,0.0,0.0,0.0,0.0,0.0,0.0
1772566051048317619,447.998765312,10.5543212890625,0.7033337950706482,-54.43071746826172,0.03725479915738106,0.762476921081543,-0.01541494857519865,-0.6457579731941223,2.7021898859987465,0.0,0.0,0.0,0.0,0.0,0.0
1772566051161489532,448.111937024,10.484716415405273,0.7049650549888611,-54.44232940673828,0.03791976720094681,0.7625019550323486,-0.01468309760093689,-0.6457068920135498,2.701918671463752,0.0,0.0,0.0,0.0,0.0,0.0
1772566051307974114,448.25842176,10.421096801757812,0.7062354683876038,-54.453887939453125,0.03842450678348541,0.7623934745788574,-0.015046974644064903,-0.6457967162132263,2.695009106301226,0.0,0.0,0.0,0.0,0.0,0.0
1772566051372369318,448.322817024,10.365560531616211,0.7088186144828796,-54.463191986083984,0.038778599351644516,0.7624209523200989,-0.014381706714630127,-0.6457582712173462,2.696705911718082,0.0,0.0,0.0,0.0,0.0,0.0
1772566051489563971,448.44001152,10.309709548950195,0.7110361456871033,-54.472782135009766,0.03918852657079697,0.7624801397323608,-0.014140911400318146,-0.6456689834594727,2.6955245529702054,0.0,0.0,0.0,0.0,0.0,0.0
1772566051587053843,448.53750144,10.246782302856445,0.7131008505821228,-54.483177185058594,0.039370786398649216,0.7625701427459717,-0.013964973390102386,-0.645555317401886,2.6958826703398135,0.0,0.0,0.0,0.0,0.0,0.0
1772566051715353032,448.665800704,10.194374084472656,0.7146562933921814,-54.49233627319336,0.03977133333683014,0.762581467628479,-0.014031166210770607,-0.645516037940979,2.6925116796677915,0.0,0.0,0.0,0.0,0.0,0.0
1772566051827566553,448.778014208,10.138383865356445,0.716953456401825,-54.501441955566406,0.03974353149533272,0.7626797556877136,-0.013912557624280453,-0.6454042196273804,2.694158993563937,0.0,0.0,0.0,0.0,0.0,0.0
1772566051909419915,448.859867648,10.096410751342773,0.7180883288383484,-54.508087158203125,0.03959883749485016,0.7627257108688354,-0.013599418103694916,-0.6453654766082764,2.6975439667178747,0.0,0.0,0.0,0.0,0.0,0.0
1772566052032424022,448.982871552,10.052366256713867,0.7185749411582947,-54.51572799682617,0.039781488478183746,0.7627564668655396,-0.014004422351717949,-0.6453091502189636,2.6938361512608995,0.0,0.0,0.0,0.0,0.0,0.0
1772566052149556738,449.100004352,10.013694763183594,0.7198026776313782,-54.52206039428711,0.039864979684352875,0.7627638578414917,-0.013604270294308662,-0.6453039050102234,2.695764680114478,0.0,0.0,0.0,0.0,0.0,0.0
1772566052242705718,449.19315328,9.988666534423828,0.719979465007782,-54.526187896728516,0.039613351225852966,0.762790322303772,-0.013977225869894028,-0.645280122756958,2.695514260777557,0.0,0.0,0.0,0.0,0.0,0.0
1772566052392449390,449.342896896,9.967985153198242,0.7206036448478699,-54.530052185058594,0.039711885154247284,0.762657642364502,-0.013797050341963768,-0.6454347968101501,2.6949679592365863,0.0,0.0,0.0,0.0,0.0,0.0
1772566052465247627,449.41569536,9.950149536132812,0.7210728526115417,-54.53358459472656,0.03995334357023239,0.7625652551651001,-0.013959281146526337,-0.6455255150794983,2.691471580315833,0.0,0.0,0.0,0.0,0.0,0.0
1772566052560653604,449.511101184,9.935022354125977,0.7211379408836365,-54.53675079345703,0.039775483310222626,0.7622190713882446,-0.013494903221726418,-0.6459551453590393,2.693292652520117,0.0,0.0,0.0,0.0,0.0,0.0
1772566052670128652,449.620576256,9.924144744873047,0.7210702300071716,-54.54024124145508,0.03959614783525467,0.7617294788360596,-0.013933776877820492,-0.6465340256690979,2.6883711202486036,0.0,0.0,0.0,0.0,0.0,0.0
1772566052785592681,449.736040192,9.916040420532227,0.72125643491745,-54.541751861572266,0.03944014385342598,0.7616114616394043,-0.013744359835982323,-0.6466865539550781,2.689920956404462,0.0,0.0,0.0,0.0,0.0,0.0
1772566052889569811,449.840017408,9.909780502319336,0.7212831377983093,-54.54482650756836,0.0396532341837883,0.7609937787055969,-0.0141728725284338,-0.647391140460968,2.6810256511909722,0.0,0.0,0.0,0.0,0.0,0.0
1772566053001511052,449.951958784,9.907594680786133,0.7212650179862976,-54.54616928100586,0.03952533379197121,0.7605250477790833,-0.01358827855437994,-0.6479620337486267,2.6822994358913923,0.0,0.0,0.0,0.0,0.0,0.0
1772566053114550266,450.064997888,9.911260604858398,0.721005380153656,-54.547237396240234,0.03949449211359024,0.7599465847015381,-0.013768905773758888,-0.6486384868621826,2.6770132820995207,0.0,0.0,0.0,0.0,0.0,0.0
1772566053193912222,450.144359936,9.909381866455078,0.7210680842399597,-54.54701232910156,0.039460621774196625,0.7596138715744019,-0.013872658833861351,-0.649027943611145,2.674059271279257,0.0,0.0,0.0,0.0,0.0,0.0
1772566053289000158,450.239447808,9.877370834350586,0.7226871848106384,-54.551795959472656,0.0398218035697937,0.7597576379776001,-0.0131320059299469,-0.6488530039787292,2.677184631346606,0.0,0.0,0.0,0.0,0.0,0.0
1772566053403293453,450.353741056,9.79609489440918,0.7248122096061707,-54.56427001953125,0.039507895708084106,0.7599306702613831,-0.013539107516407967,-0.648661196231842,2.6782891930164925,0.0,0.0,0.0,0.0,0.0,0.0
1772566053518135418,450.468582912,9.69644546508789,0.7274729609489441,-54.5802116394043,0.04000984877347946,0.7601860761642456,-0.014176655560731888,-0.6483173966407776,2.6721835715468254,0.0,0.0,0.0,0.0,0.0,0.0
1772566053629696124,450.580143616,9.572776794433594,0.7303428053855896,-54.60228729248047,0.04058235138654709,0.760321319103241,-0.017024705186486244,-0.6480545997619629,2.650773727931819,0.0,0.0,0.0,0.0,0.0,0.0
1772566053712972216,450.663419904,9.471160888671875,0.734071671962738,-54.61917495727539,0.040786705911159515,0.760527491569519,-0.01648072339594364,-0.6478138566017151,2.6542459633416096,0.0,0.0,0.0,0.0,0.0,0.0
1772566053833832035,450.784279552,9.36679458618164,0.7380704283714294,-54.63578414916992,0.041111528873443604,0.7605969905853271,-0.015372764319181442,-0.6477389931678772,2.65927935615439,0.0,0.0,0.0,0.0,0.0,0.0
1772566053929785557,450.880233216,9.23347282409668,0.7414514422416687,-54.656558990478516,0.040990643203258514,0.7605248689651489,-0.014705466106534004,-0.6478468179702759,2.6638588766033915,0.0,0.0,0.0,0.0,0.0,0.0
1772566054033315219,450.983762944,9.115964889526367,0.7444875836372375,-54.67564010620117,0.040981225669384,0.7603269219398499,-0.014480140060186386,-0.6480847597122192,2.663844155038456,0.0,0.0,0.0,0.0,0.0,0.0
1772566054149287143,451.099734784,9.009382247924805,0.7464661002159119,-54.69688034057617,0.04083690792322159,0.7585519552230835,-0.01368040032684803,-0.6501877903938293,2.6561986252197043,0.0,0.0,0.0,0.0,0.0,0.0
1772566054237936773,451.188384512,8.910144805908203,0.7509458661079407,-54.712181091308594,0.04182419553399086,0.7564616203308105,-0.014093579724431038,-0.6525471806526184,2.62824234236602,0.0,0.0,0.0,0.0,0.0,0.0
1772566054349523762,451.299971328,8.782598495483398,0.7563778758049011,-54.72983169555664,0.042962100356817245,0.7548536062240601,-0.014433693140745163,-0.654325544834137,2.602570595500027,0.0,0.0,0.0,0.0,0.0,0.0
1772566054449834231,451.400281856,8.674226760864258,0.7600154280662537,-54.74618911743164,0.0431361198425293,0.7541735172271729,-0.013718806207180023,-0.6551132798194885,2.599682367264879,0.0,0.0,0.0,0.0,0.0,0.0
1772566054587633966,451.538081536,8.541349411010742,0.764255702495575,-54.7662353515625,0.043519891798496246,0.7533151507377625,-0.01276465319097042,-0.6560940742492676,2.594989532464988,0.0,0.0,0.0,0.0,0.0,0.0
1772566054688612579,451.639060224,8.414360046386719,0.7681192755699158,-54.78519058227539,0.042466115206480026,0.7522451877593994,-0.01208370178937912,-0.6574022173881531,2.598088408902407,0.0,0.0,0.0,0.0,0.0,0.0
1772566054809546900,451.759994624,8.323612213134766,0.7713696360588074,-54.800411224365234,0.04159222170710564,0.7509599924087524,-0.011820200830698013,-0.6589305996894836,2.594608132922432,0.0,0.0,0.0,0.0,0.0,0.0
1772566054949366843,451.8998144,8.269100189208984,0.7744683623313904,-54.81077575683594,0.044526390731334686,0.7506424784660339,-0.012246490456163883,-0.6590928435325623,2.5636078565663425,0.0,0.0,0.0,0.0,0.0,0.0
1772566055032859717,451.983307264,8.184698104858398,0.7785183787345886,-54.82400131225586,0.04578956589102745,0.7501415014266968,-0.012837735936045647,-0.6595652103424072,2.543768508849895,0.0,0.0,0.0,0.0,0.0,0.0
1772566055147017649,452.097465344,8.079574584960938,0.7839295268058777,-54.83972930908203,0.046777546405792236,0.7495627999305725,-0.012505597434937954,-0.6601599454879761,2.5317564232251284,0.0,0.0,0.0,0.0,0.0,0.0
1772566055249940138,452.20038784,7.981004238128662,0.7883467078208923,-54.85377883911133,0.046769678592681885,0.7490972280502319,-0.012440210208296776,-0.6606900095939636,2.5271194848431726,0.0,0.0,0.0,0.0,0.0,0.0
1772566055350729604,452.301177344,7.8749098777771,0.7914597392082214,-54.8669319152832,0.04543846473097801,0.7487229108810425,-0.011927742511034012,-0.6612163782119751,2.537552414266758,0.0,0.0,0.0,0.0,0.0,0.0
1772566055457395198,452.407842816,7.770448207855225,0.7951064705848694,-54.88083267211914,0.0455390140414238,0.7482423782348633,-0.011319514364004135,-0.6617639064788818,2.5357076409689068,0.0,0.0,0.0,0.0,0.0,0.0
1772566055562271224,452.512718848,7.6244215965271,0.8007451891899109,-54.89968490600586,0.04494757205247879,0.7475836873054504,-0.010365248657763004,-0.6625639796257019,2.540285513144105,0.0,0.0,0.0,0.0,0.0,0.0
1772566055665535276,452.615982848,7.484313488006592,0.8064301609992981,-54.917484283447266,0.04433833435177803,0.746971845626831,-0.009690089151263237,-0.6633048057556152,2.543643782225331,0.0,0.0,0.0,0.0,0.0,0.0
1772566055771447671,452.721895168,7.334147930145264,0.8109351992607117,-54.935630798339844,0.04312673956155777,0.7463295459747314,-0.009149909019470215,-0.6641148924827576,2.5511403967042146,0.0,0.0,0.0,0.0,0.0,0.0
1772566055882389638,452.832837376,7.174437046051025,0.817068874835968,-54.95632553100586,0.04388037696480751,0.7454054355621338,-0.007979451678693295,-0.6651177406311035,2.5426408703232464,0.0,0.0,0.0,0.0,0.0,0.0
1772566055993709112,452.944156672,6.955319881439209,0.824341356754303,-54.97819900512695,0.03939451649785042,0.7440849542617798,-0.006718832068145275,-0.6668887734413147,2.5799683721186506,0.0,0.0,0.0,0.0,0.0,0.0
1772566056108616022,453.059063552,6.73856782913208,0.8309832215309143,-54.996360778808594,0.031657204031944275,0.7425638437271118,-0.005741645582020283,-0.6690021753311157,2.652889694991096,0.0,0.0,0.0,0.0,0.0,0.0
1772566056208560917,453.159008512,6.5745530128479,0.8336367011070251,-55.0121955871582,0.027823828160762787,0.7411001324653625,-0.005949973128736019,-0.6707913279533386,2.6782856482694335,0.0,0.0,0.0,0.0,0.0,0.0
1772566056313213844,453.263661568,6.435939311981201,0.8373621106147766,-55.02809143066406,0.02896605059504509,0.7396008968353271,-0.0057623786851763725,-0.6723974347114563,2.6481912111153343,0.0,0.0,0.0,0.0,0.0,0.0
1772566056426534328,453.376982016,6.2968525886535645,0.8402835726737976,-55.043243408203125,0.030150357633829117,0.7381100058555603,-0.0060110981576144695,-0.673979640007019,2.611067446988078,0.0,0.0,0.0,0.0,0.0,0.0
1772566056537820965,453.488268544,6.192962169647217,0.8447548747062683,-55.05338668823242,0.03090555965900421,0.7362596988677979,-0.005520658567547798,-0.6759705543518066,2.5801242859172038,0.0,0.0,0.0,0.0,0.0,0.0
1772566056649562305,453.600009984,6.105133533477783,0.8478807806968689,-55.059326171875,0.03141185641288757,0.7343789935112,-0.00429954007267952,-0.6779987812042236,2.5577799224883933,0.0,0.0,0.0,0.0,0.0,0.0
1772566056749620369,453.700068096,6.037326335906982,0.8505168557167053,-55.063289642333984,0.03162222355604172,0.7328075766563416,-0.003499744227156043,-0.6796917915344238,2.5374539654116766,0.0,0.0,0.0,0.0,0.0,0.0
1772566056849520867,453.799968512,5.985498905181885,0.8523879647254944,-55.06692886352539,0.032076798379421234,0.731757402420044,-0.0033518564887344837,-0.6808018088340759,2.513706649743753,0.0,0.0,0.0,0.0,0.0,0.0
1772566056950408191,453.900855808,5.946200847625732,0.8540632128715515,-55.06897735595703,0.03167250007390976,0.7309365272521973,-0.0029098689556121826,-0.6817039251327515,2.5088812215204004,0.0,0.0,0.0,0.0,0.0,0.0
1772566057058064782,454.008512512,5.909928798675537,0.8550767302513123,-55.072208404541016,0.0323193222284317,0.7300432920455933,-0.0024884359445422888,-0.68263179063797,2.4871919541718346,0.0,0.0,0.0,0.0,0.0,0.0
1772566057168728540,454.119176192,5.87667989730835,0.85654217004776,-55.07513427734375,0.032103829085826874,0.7293671369552612,-0.0024316306225955486,-0.6833645701408386,2.476625780531927,0.0,0.0,0.0,0.0,0.0,0.0
1772566057281347943,454.231795456,5.845409870147705,0.8578061461448669,-55.0782585144043,0.03246889263391495,0.7285505533218384,-0.0019610701128840446,-0.6842193603515625,2.4596605173451667,0.0,0.0,0.0,0.0,0.0,0.0
1772566057377162835,454.327610368,5.8069376945495605,0.8585136532783508,-55.082332611083984,0.032593101263046265,0.7276497483253479,-0.001621665433049202,-0.6851722598075867,2.4416020261603513,0.0,0.0,0.0,0.0,0.0,0.0
1772566057475925319,454.426372864,5.757012844085693,0.8601753115653992,-55.08445739746094,0.03253616392612457,0.7273006439208984,-0.0011099101975560188,-0.6855464577674866,2.441077629794493,0.0,0.0,0.0,0.0,0.0,0.0
1772566057601897704,454.552345344,5.701850414276123,0.862923800945282,-55.088497161865234,0.032359715551137924,0.7273590564727783,-0.0020614108070731163,-0.6854906678199768,2.432063517954396,0.0,0.0,0.0,0.0,0.0,0.0
1772566057701367621,454.651815168,5.637080669403076,0.865327775478363,-55.092437744140625,0.03212340921163559,0.7274040579795837,-0.0025425355415791273,-0.685452401638031,2.430067731363639,0.0,0.0,0.0,0.0,0.0,0.0
1772566057801622883,454.7520704,5.566917896270752,0.8669752478599548,-55.0978889465332,0.032307982444763184,0.7272918224334717,-0.004398607183247805,-0.6855533719062805,2.4005001032275377,0.0,0.0,0.0,0.0,0.0,0.0
1772566057897064010,454.847511552,5.472774982452393,0.8711509108543396,-55.1043586730957,0.03222060576081276,0.7272536754608154,-0.006187469698488712,-0.6855841875076294,2.3784764501924505,0.0,0.0,0.0,0.0,0.0,0.0
1772566058038926817,454.989374464,5.387635707855225,0.8740281462669373,-55.109840393066406,0.03211374208331108,0.727351725101471,-0.0072275628335773945,-0.6854750514030457,2.3697894895294818,0.0,0.0,0.0,0.0,0.0,0.0
1772566058130450002,455.080897536,5.280850887298584,0.8769925236701965,-55.11717987060547,0.03213152289390564,0.7274749279022217,-0.009079540148377419,-0.6853213906288147,2.3511847839712394,0.0,0.0,0.0,0.0,0.0,0.0
1772566058239890726,455.190338304,5.187488079071045,0.8796359896659851,-55.12517547607422,0.03232971578836441,0.727178156375885,-0.012141065672039986,-0.6855796575546265,2.3085471742315375,0.0,0.0,0.0,0.0,0.0,0.0
1772566058340633556,455.291081216,5.086734294891357,0.8831412196159363,-55.131988525390625,0.032049693167209625,0.726669192314148,-0.012638542801141739,-0.686123251914978,2.2938962980811684,0.0,0.0,0.0,0.0,0.0,0.0
1772566058451913891,455.4023616,4.946465969085693,0.88686603307724,-55.14048767089844,0.032496288418769836,0.7262754440307617,-0.012659993022680283,-0.6865185499191284,2.2786534941163596,0.0,0.0,0.0,0.0,0.0,0.0
1772566058521002856,455.471450368,4.810954570770264,0.8906474709510803,-55.148582458496094,0.032830528914928436,0.7258967161178589,-0.012647081166505814,-0.6869034171104431,2.2652970087592688,0.0,0.0,0.0,0.0,0.0,0.0
1772566058628019911,455.578467584,4.662558078765869,0.8943690657615662,-55.15681457519531,0.03221256658434868,0.7257489562034607,-0.013179240748286247,-0.6870787739753723,2.2629341302084995,0.0,0.0,0.0,0.0,0.0,0.0
1772566058749344639,455.699792128,4.517469882965088,0.8975666165351868,-55.16502380371094,0.03235642984509468,0.725860595703125,-0.013344855979084969,-0.6869508028030396,2.262643588943804,0.0,0.0,0.0,0.0,0.0,0.0
1772566058849841600,455.80028928,4.376641750335693,0.9015595316886902,-55.172576904296875,0.03234170377254486,0.7261490821838379,-0.013149339705705643,-0.6866503357887268,2.272221668542488,0.0,0.0,0.0,0.0,0.0,0.0
1772566058945209978,455.895657472,4.239852428436279,0.9043082594871521,-55.18117904663086,0.03238334134221077,0.7259007096290588,-0.013436681590974331,-0.6869053840637207,2.2624929219200403,0.0,0.0,0.0,0.0,0.0,0.0
1772566059050897358,456.001345024,4.065824031829834,0.9091736674308777,-55.1927375793457,0.03283528983592987,0.723663330078125,-0.013394557870924473,-0.6892414689064026,2.1970615184828413,0.0,0.0,0.0,0.0,0.0,0.0
1772566059153501370,456.103949056,3.9048943519592285,0.9130825400352478,-55.20298385620117,0.03326476365327835,0.721346378326416,-0.013577822595834732,-0.6916419267654419,2.1220052330741033,0.0,0.0,0.0,0.0,0.0,0.0
1772566059303599354,456.254046976,3.693146228790283,0.9192962050437927,-55.211097717285156,0.03291025757789612,0.7183403372764587,-0.014108709990978241,-0.6947698593139648,2.022178554325283,0.0,0.0,0.0,0.0,0.0,0.0
1772566059402384321,456.352832,3.508645534515381,0.9234022498130798,-55.21635818481445,0.032712165266275406,0.7156656980514526,-0.01340052392333746,-0.6975477933883667,1.9315068363988772,0.0,0.0,0.0,0.0,0.0,0.0
1772566059504524217,456.454971904,3.3268275260925293,0.9283167719841003,-55.21887969970703,0.0327124185860157,0.7122184038162231,-0.014334317296743393,-0.7010487914085388,1.7908931864822093,0.0,0.0,0.0,0.0,0.0,0.0
1772566059613392186,456.563839744,3.140409469604492,0.9334716200828552,-55.21942138671875,0.03288552910089493,0.7082263827323914,-0.014351388439536095,-0.7050730586051941,1.6243402999196586,0.0,0.0,0.0,0.0,0.0,0.0
1772566059712371563,456.662819072,2.9130940437316895,0.9406705498695374,-55.21586608886719,0.033113881945610046,0.7031374573707581,-0.01463939156383276,-0.7101316452026367,1.4122949895517378,0.0,0.0,0.0,0.0,0.0,0.0
1772566059808988534,456.759436032,2.722778797149658,0.9424082636833191,-55.20766067504883,0.031274858862161636,0.6993939280509949,-0.012861032038927078,-0.7139360904693604,1.2394862111679912,0.0,0.0,0.0,0.0,0.0,0.0
1772566059907472337,456.85792,2.5158820152282715,0.9456838965415955,-55.19912338256836,0.0254795104265213,0.6969547271728516,-0.013270541094243526,-0.7165395021438599,1.094191481979179,0.0,0.0,0.0,0.0,0.0,0.0
1772566060011101771,456.961549312,2.3519740104675293,0.9503563046455383,-55.19422149658203,0.022440018132328987,0.6961525678634644,-0.013834781013429165,-0.7174096703529358,1.0346453926266534,0.0,0.0,0.0,0.0,0.0,0.0
1772566060113537823,457.063985408,2.196465015411377,0.9529836773872375,-55.191104888916016,0.021605681627988815,0.6955664753913879,-0.014840468764305115,-0.7179834246635437,1.014582832224944,0.0,0.0,0.0,0.0,0.0,0.0
1772566060234366804,457.184814336,2.0014476776123047,0.9539641737937927,-55.184391021728516,0.01943490281701088,0.6945058107376099,-0.013247683644294739,-0.7191025614738464,0.9212600598743337,0.0,0.0,0.0,0.0,0.0,0.0
1772566060349999908,457.300447488,1.834047794342041,0.9529317021369934,-55.177024841308594,0.015288877300918102,0.6935188174247742,-0.012338703498244286,-0.7201706171035767,0.8012871922255133,0.0,0.0,0.0,0.0,0.0,0.0
1772566060449302932,457.399750656,1.627108097076416,0.9508240818977356,-55.1644287109375,0.008708426728844643,0.692644476890564,-0.009844092652201653,-0.7211594581604004,0.5776176279771323,0.0,0.0,0.0,0.0,0.0,0.0
1772566060551254757,457.5017024,1.468822956085205,0.9563724398612976,-55.152801513671875,0.003960621077567339,0.6921313405036926,-0.005980857647955418,-0.7217360138893127,0.3254056382732625,0.0,0.0,0.0,0.0,0.0,0.0
1772566060699414884,457.6498624,1.3252911567687988,0.9600347876548767,-55.14291763305664,0.0002947151369880885,0.6916177272796631,-0.0029659722931683064,-0.7222576141357422,0.1079100409789048,0.0,0.0,0.0,0.0,0.0,0.0
1772566060792762714,457.74321024,1.1425070762634277,0.9598276019096375,-55.1325798034668,-0.002717426046729088,0.6910223960876465,-0.0014570229686796665,-0.7228267788887024,-0.03665660391930282,0.0,0.0,0.0,0.0,0.0,0.0
1772566060898288753,457.848736256,1.0226259231567383,0.959189236164093,-55.12651443481445,-0.0037447805516421795,0.6906652450561523,-0.0005389116704463959,-0.7231647372245789,-0.09529578781065505,0.0,0.0,0.0,0.0,0.0,0.0
1772566061017304863,457.967752448,0.8901314735412598,0.9586922526359558,-55.120262145996094,-0.004276257939636707,0.690224289894104,0.000360740814357996,-0.7235828638076782,-0.13535058794151783,0.0,0.0,0.0,0.0,0.0,0.0
1772566061149347125,458.099794688,0.7682676315307617,0.9581806063652039,-55.11552047729492,-0.003619772382080555,0.6897742748260498,0.0010201986879110336,-0.7240146994590759,-0.13285224830552583,0.0,0.0,0.0,0.0,0.0,0.0
1772566061250127641,458.200575232,0.6573929786682129,0.9580133557319641,-55.11258316040039,-0.0015432210639119148,0.6893012523651123,0.0010995306074619293,-0.7244723439216614,-0.0746850879602736,0.0,0.0,0.0,0.0,0.0,0.0
1772566061382278671,458.332726272,0.5729179382324219,0.9575493931770325,-55.111141204833984,0.0013881138293072581,0.6889291405677795,0.0013633518246933818,-0.7248260974884033,-0.0012564009499677754,0.0,0.0,0.0,0.0,0.0,0.0
1772566061465085498,458.415533056,0.4920482635498047,0.9571434855461121,-55.111968994140625,0.005619618576020002,0.6883888244628906,0.0007262853905558586,-0.7253197431564331,0.12724352762577307,0.0,0.0,0.0,0.0,0.0,0.0
1772566061565499442,458.515947008,0.3976097106933594,0.9582117199897766,-55.109798431396484,0.007998758926987648,0.6875309944152832,0.001461598090827465,-0.726109504699707,0.1611642685331557,0.0,0.0,0.0,0.0,0.0,0.0
1772566061681812572,458.632260096,0.27141809463500977,0.9569408297538757,-55.10188293457031,0.004924180451780558,0.6868246793746948,0.0021558681037276983,-0.7268032431602478,0.06412616748028753,0.0,0.0,0.0,0.0,0.0,0.0
1772566061774155532,458.724603136,0.1515665054321289,0.9562186598777771,-55.09388732910156,0.002475772751495242,0.6861629486083984,0.0031911558471620083,-0.7274366617202759,-0.021339764391875387,0.0,0.0,0.0,0.0,0.0,0.0
1772566061881845965,458.832293632,0.034680843353271484,0.9555379748344421,-55.08427810668945,-0.0014791032299399376,0.6856950521469116,0.004534970037639141,-0.7278733849525452,-0.14379420211539296,0.0,0.0,0.0,0.0,0.0,0.0
1772566061985126076,458.93557376,-0.0330810546875,0.9532737135887146,-55.07520294189453,-0.00513411033898592,0.6850132942199707,0.0056971414014697075,-0.7284902930259705,-0.2445547721692436,0.0,0.0,0.0,0.0,0.0,0.0
1772566062097711583,459.048159232,-0.0515751838684082,0.9543036818504333,-55.07780456542969,-0.0010936297476291656,0.6847178936004639,0.005073315463960171,-0.728789746761322,-0.14184214977556248,0.0,0.0,0.0,0.0,0.0,0.0
1772566062198607555,459.149055232,-0.056710243225097656,0.9545664191246033,-55.0809211730957,0.002823774004355073,0.6842880249023438,0.004424273502081633,-0.7291929125785828,-0.04075463221233842,0.0,0.0,0.0,0.0,0.0,0.0
1772566062339403159,459.28985088,-0.06902885437011719,0.954150378704071,-55.078636169433594,0.00021406076848506927,0.6840167045593262,0.004861707799136639,-0.7294501662254333,-0.1055322064731804,0.0,0.0,0.0,0.0,0.0,0.0
1772566062444434111,459.394881792,-0.07999897003173828,0.9537040591239929,-55.07536697387695,-0.002511611208319664,0.6838810443878174,0.005260461941361427,-0.7295703291893005,-0.17043938713168497,0.0,0.0,0.0,0.0,0.0,0.0
1772566062550329835,459.500777472,-0.07596635818481445,0.9536790251731873,-55.07722854614258,-0.0019412898691371083,0.683366596698761,0.005127929616719484,-0.7300548553466797,-0.15252647427064636,0.0,0.0,0.0,0.0,0.0,0.0
1772566062649055949,459.599503616,-0.07561016082763672,0.9535612463951111,-55.08005142211914,0.000619138590991497,0.6825694441795349,0.004683137871325016,-0.7308055758476257,-0.08780534861839254,0.0,0.0,0.0,0.0,0.0,0.0
1772566062750524435,459.700972032,-0.08866691589355469,0.9538833498954773,-55.0793342590332,0.0005393363535404205,0.682266354560852,0.00503445602953434,-0.731086254119873,-0.09576049549715637,0.0,0.0,0.0,0.0,0.0,0.0
1772566062849490195,459.799937792,-0.1224203109741211,0.9541837573051453,-55.078956604003906,0.0022115344181656837,0.6818188428878784,0.0050695063546299934,-0.7315002083778381,-0.06261446170202069,0.0,0.0,0.0,0.0,0.0,0.0
1772566062949456267,459.899904,-0.1786808967590332,0.9536510109901428,-55.07502746582031,0.001066618598997593,0.6812448501586914,0.005644429475069046,-0.7320331931114197,-0.09464087319277864,0.0,0.0,0.0,0.0,0.0,0.0
1772566063049605560,460.000053248,-0.2757225036621094,0.9539411664009094,-55.06830978393555,-0.00021452922374010086,0.6804710626602173,0.006218942813575268,-0.7327485084533691,-0.12669699851028643,0.0,0.0,0.0,0.0,0.0,0.0
1772566063158046492,460.10849408,-0.3771500587463379,0.9536826014518738,-55.06108856201172,-0.0010648323222994804,0.6796358227729797,0.007045002654194832,-0.7335150837898254,-0.1536289355101023,0.0,0.0,0.0,0.0,0.0,0.0
1772566063293911865,460.244359424,-0.5106024742126465,0.952308714389801,-55.05202865600586,-0.0018639388727024198,0.6786348223686218,0.007826588116586208,-0.734431803226471,-0.1761791951503291,0.0,0.0,0.0,0.0,0.0,0.0
1772566063403604739,460.354052352,-0.6426777839660645,0.9522977471351624,-55.04278564453125,-0.0013879798352718353,0.6768884658813477,0.009056659415364265,-0.7360286712646484,-0.18023336753658128,0.0,0.0,0.0,0.0,0.0,0.0
1772566063498253589,460.448701184,-0.7453384399414062,0.952070415019989,-55.033973693847656,-0.0016343053430318832,0.6730585098266602,0.009727932512760162,-0.7395234704017639,-0.175043751834135,0.0,0.0,0.0,0.0,0.0,0.0
1772566063624218996,460.574666496,-0.8512263298034668,0.9530343413352966,-55.01957702636719,-0.0018613319844007492,0.6595773696899414,0.009939530864357948,-0.7515687346458435,-0.13331010405909455,0.0,0.0,0.0,0.0,0.0,0.0
1772566063739432962,460.689880576,-0.9188833236694336,0.9530492424964905,-54.991485595703125,-0.0024224466178566217,0.6412917971611023,0.010406834073364735,-0.7672227621078491,-0.10719390270537463,0.0,0.0,0.0,0.0,0.0,0.0
1772566063820890809,460.771338496,-0.9689173698425293,0.9530830979347229,-54.97156524658203,-0.002749115228652954,0.6178469657897949,0.010607689619064331,-0.786221981048584,-0.08475886483305958,0.0,0.0,0.0,0.0,0.0,0.0
1772566063949498249,460.899945984,-1.0096955299377441,0.9537209868431091,-54.94847869873047,-0.003243114799261093,0.5866267085075378,0.010324906557798386,-0.8097851872444153,-0.06579657481760946,0.0,0.0,0.0,0.0,0.0,0.0
1772566064049647795,461.000095488,-1.0418028831481934,0.9540230631828308,-54.930816650390625,-0.0035255327820777893,0.5529218912124634,0.010476648807525635,-0.8331596851348877,-0.05493871908541426,0.0,0.0,0.0,0.0,0.0,0.0
1772566064145309633,461.095757312,-1.0680642127990723,0.9541372656822205,-54.90907669067383,-0.003671512007713318,0.5239818096160889,0.010576151311397552,-0.851655900478363,-0.04847302155935111,0.0,0.0,0.0,0.0,0.0,0.0
1772566064259973418,461.210420992,-1.093855381011963,0.9543032050132751,-54.869205474853516,-0.004425950348377228,0.4927576184272766,0.011189267039299011,-0.8700834512710571,-0.04632293229398656,0.0,0.0,0.0,0.0,0.0,0.0
1772566064369440790,461.319888384,-1.1501617431640625,0.9592427611351013,-54.797706604003906,-0.0019127875566482544,0.4582357704639435,0.011087104678153992,-0.8887594938278198,-0.03699720557486035,0.0,0.0,0.0,0.0,0.0,0.0
1772566064485867485,461.436315136,-1.2140722274780273,0.961897075176239,-54.72920608520508,-0.0008515417575836182,0.4450283944606781,0.006429210305213928,-0.8954930305480957,-0.020322152855369747,0.0,0.0,0.0,0.0,0.0,0.0
1772566064593510284,461.543958016,-1.3059229850769043,0.9660237431526184,-54.65668487548828,0.0008725300431251526,0.44370919466018677,0.00730084627866745,-0.8961406946182251,-0.020307562800772016,0.0,0.0,0.0,0.0,0.0,0.0
1772566064734368452,461.684816128,-1.38248872756958,0.9683770537376404,-54.596920013427734,0.0024619176983833313,0.444011926651001,0.008636072278022766,-0.8959759473800659,-0.021941844191737284,0.0,0.0,0.0,0.0,0.0,0.0
1772566064809153151,461.75960064,-1.4585933685302734,0.9714273810386658,-54.536739349365234,0.0033834725618362427,0.44417500495910645,0.009875759482383728,-0.8958792686462402,-0.024266109743772152,0.0,0.0,0.0,0.0,0.0,0.0
1772566064906401317,461.856848896,-1.5518720149993896,0.9746879935264587,-54.46751022338867,0.004489287734031677,0.44447895884513855,0.007931582629680634,-0.8957429528236389,-0.01689547723474211,0.0,0.0,0.0,0.0,0.0,0.0
1772566065024967152,461.975414784,-1.6185417175292969,0.9763786196708679,-54.42150115966797,0.0041694194078445435,0.444665789604187,0.0028020069003105164,-0.8956824541091919,-0.002169322726182892,0.0,0.0,0.0,0.0,0.0,0.0
1772566065121481465,462.071929088,-1.6882619857788086,0.9782071709632874,-54.37730407714844,0.0038925702683627605,0.4449085593223572,-0.0053964476101100445,-0.8955513834953308,0.02173181539948966,0.0,0.0,0.0,0.0,0.0,0.0
1772566065233343020,462.183790592,-1.7421815395355225,0.9801928400993347,-54.336639404296875,0.0046621267683804035,0.4452735185623169,-0.005454652477055788,-0.895365834236145,0.02306449031371629,0.0,0.0,0.0,0.0,0.0,0.0
1772566065349670271,462.30011776,-1.7968904972076416,0.9816296696662903,-54.29166030883789,0.005605705082416534,0.44565868377685547,-0.0026271119713783264,-0.8951815962791443,0.016091086784386723,0.0,0.0,0.0,0.0,0.0,0.0
1772566065451282442,462.401730048,-1.8632783889770508,0.9832939505577087,-54.23570251464844,0.00668344646692276,0.446102499961853,0.0019351541996002197,-0.8949548602104187,0.004151713552730788,0.0,0.0,0.0,0.0,0.0,0.0
1772566065586361299,462.53680896,-1.9286408424377441,0.9839261174201965,-54.17975616455078,0.008079529739916325,0.44643643498420715,0.007320903707295656,-0.8947489857673645,-0.009790020391707321,0.0,0.0,0.0,0.0,0.0,0.0
1772566065691217647,462.64166528,-1.9825668334960938,0.9847578406333923,-54.133304595947266,0.009617358446121216,0.44681215286254883,0.012345291674137115,-0.8944908976554871,-0.022466081212273337,0.0,0.0,0.0,0.0,0.0,0.0
1772566065788956039,462.739403776,-2.039166212081909,0.9861909747123718,-54.088905334472656,0.010138311423361301,0.44708752632141113,0.013516278937458992,-0.8943306803703308,-0.025184914950501246,0.0,0.0,0.0,0.0,0.0,0.0
1772566065922322097,462.872769792,-2.1110737323760986,0.9874075055122375,-54.036781311035156,0.009863696992397308,0.44744300842285156,0.01086714118719101,-0.8941920399665833,-0.01769679095526248,0.0,0.0,0.0,0.0,0.0,0.0
1772566066016957218,462.9674048,-2.172184944152832,0.98794025182724,-53.991119384765625,0.009947448968887329,0.4477642774581909,0.009917818009853363,-0.8940412998199463,-0.0147374001401605,0.0,0.0,0.0,0.0,0.0,0.0
1772566066133492927,463.083940608,-2.233189105987549,0.9882311224937439,-53.94563293457031,0.010215207934379578,0.44816097617149353,0.009396463632583618,-0.8938451409339905,-0.012775609895784829,0.0,0.0,0.0,0.0,0.0,0.0
1772566066238382460,463.188829952,-2.2984256744384766,0.9880480170249939,-53.902076721191406,0.009219832718372345,0.4484426975250244,0.003632262349128723,-0.8937566876411438,0.002971719692798343,0.0,0.0,0.0,0.0,0.0,0.0
1772566066349371975,463.29981952,-2.3788466453552246,0.988254725933075,-53.847930908203125,0.007656133733689785,0.44884300231933594,-0.003211564850062132,-0.8935721516609192,0.021120948368954298,0.0,0.0,0.0,0.0,0.0,0.0
1772566066425345052,463.37579264,-2.4456446170806885,0.9869336485862732,-53.80295181274414,0.006476983428001404,0.44919243454933167,-0.00857660174369812,-0.8933704495429993,0.03544181008388267,0.0,0.0,0.0,0.0,0.0,0.0
1772566066512853088,463.463300608,-2.51259183883667,0.986376941204071,-53.7584342956543,0.005502879153937101,0.4495355188846588,-0.014222031459212303,-0.8931322693824768,0.050930396253303416,0.0,0.0,0.0,0.0,0.0,0.0
1772566066625286592,463.575734272,-2.589855670928955,0.9858660101890564,-53.70097351074219,0.004814639687538147,0.4500736892223358,-0.015612952411174774,-0.8928419947624207,0.054144165221486316,0.0,0.0,0.0,0.0,0.0,0.0
1772566066751046659,463.701494272,-2.6519548892974854,0.9840895533561707,-53.652442932128906,0.004448741674423218,0.45067447423934937,-0.014882631599903107,-0.8925532698631287,0.051487884499411114,0.0,0.0,0.0,0.0,0.0,0.0
1772566066849774643,463.800222208,-2.7174978256225586,0.9832375645637512,-53.60661697387695,0.003656141459941864,0.45075324177742004,-0.017658330500125885,-0.8924664258956909,0.058640668555006076,0.0,0.0,0.0,0.0,0.0,0.0
1772566066949787797,463.90023552,-2.782259225845337,0.9847235083580017,-53.560638427734375,0.0028452351689338684,0.4512289762496948,-0.01977250725030899,-0.8921846747398376,0.06384717989155266,0.0,0.0,0.0,0.0,0.0,0.0
1772566067050248124,464.000695808,-2.857980251312256,0.984367311000824,-53.50434112548828,0.0016487017273902893,0.45256131887435913,-0.02055751532316208,-0.8914947509765625,0.06461575230763757,0.0,0.0,0.0,0.0,0.0,0.0
1772566067149309879,464.099757568,-2.920128583908081,0.9834908843040466,-53.45812225341797,0.0011744573712348938,0.45393049716949463,-0.020987272262573242,-0.8907891511917114,0.06541902612454102,0.0,0.0,0.0,0.0,0.0,0.0
1772566067265991873,464.216439552,-2.9814679622650146,0.9829537272453308,-53.412879943847656,0.001320570707321167,0.4552920162677765,-0.02130074054002762,-0.8900864124298096,0.06683062436876491,0.0,0.0,0.0,0.0,0.0,0.0
1772566067369385284,464.319832832,-3.055976390838623,0.980930507183075,-53.358341217041016,0.0023506805300712585,0.45667219161987305,-0.020880647003650665,-0.8893868923187256,0.06740113269668548,0.0,0.0,0.0,0.0,0.0,0.0
1772566067474159842,464.424607488,-3.124865770339966,0.9786350131034851,-53.307674407958984,0.003214500844478607,0.45724114775657654,-0.019531063735485077,-0.8891225457191467,0.06473602688953539,0.0,0.0,0.0,0.0,0.0,0.0
1772566067609203790,464.559651328,-3.2212297916412354,0.9765006899833679,-53.23806381225586,0.002618663012981415,0.45698440074920654,-0.019368931651115417,-0.889259934425354,0.06326254647974919,0.0,0.0,0.0,0.0,0.0,0.0
1772566067702467071,464.652914688,-3.3013792037963867,0.9763684868812561,-53.18087387084961,0.0028216689825057983,0.45634573698043823,-0.01831480860710144,-0.8896095752716064,0.060256045878383,0.0,0.0,0.0,0.0,0.0,0.0
1772566067803044127,464.753491712,-3.380122184753418,0.9774535298347473,-53.126827239990234,0.0032266671769320965,0.4555501341819763,-0.018539978191256523,-0.8900111317634583,0.06143859736270947,0.0,0.0,0.0,0.0,0.0,0.0
1772566067913663684,464.86411136,-3.470231056213379,0.9777429699897766,-53.062225341796875,0.0036610066890716553,0.455230712890625,-0.01789166033267975,-0.8901861906051636,0.060087672560734835,0.0,0.0,0.0,0.0,0.0,0.0
1772566068019345698,464.96979328,-3.5359864234924316,0.9781767725944519,-53.014427185058594,0.004458755720406771,0.45509636402130127,-0.017265664413571358,-0.8902636170387268,0.05939962022818394,0.0,0.0,0.0,0.0,0.0,0.0
1772566068120705094,465.07115264,-3.5970282554626465,0.9779275059700012,-52.97023391723633,0.005704246461391449,0.4552011489868164,-0.0167439803481102,-0.8902129530906677,0.05976326491028685,0.0,0.0,0.0,0.0,0.0,0.0
1772566068242083568,465.1925312,-3.677048683166504,0.9778735041618347,-52.91182327270508,0.006810218095779419,0.4556182324886322,-0.01649593561887741,-0.8899964094161987,0.06080053658333059,0.0,0.0,0.0,0.0,0.0,0.0
1772566068351013461,465.301460992,-3.759211778640747,0.9766374230384827,-52.852725982666016,0.008190506137907505,0.45598986744880676,-0.016712667420506477,-0.8897903561592102,0.06367646119638495,0.0,0.0,0.0,0.0,0.0,0.0
1772566068471956338,465.42240384,-3.8293638229370117,0.9768545031547546,-52.80345916748047,0.009149923920631409,0.45628228783607483,-0.01794399321079254,-0.8896071314811707,0.06897829670822715,0.0,0.0,0.0,0.0,0.0,0.0
1772566068599462704,465.549910272,-3.8993163108825684,0.9775151610374451,-52.75497055053711,0.010394744575023651,0.45624199509620667,-0.0187855064868927,-0.889596700668335,0.0734687423663217,0.0,0.0,0.0,0.0,0.0,0.0
1772566068679043121,465.629490688,-3.982753038406372,0.9773494601249695,-52.696380615234375,0.011705800890922546,0.45612940192222595,-0.019148215651512146,-0.8896304965019226,0.07658443334936835,0.0,0.0,0.0,0.0,0.0,0.0
1772566068816408830,465.766856448,-4.052037239074707,0.9776331782341003,-52.64786148071289,0.013061558827757835,0.45595553517341614,-0.019283784553408623,-0.8896977305412292,0.07905887010167173,0.0,0.0,0.0,0.0,0.0,0.0
1772566068915365301,465.865812992,-4.12171745300293,0.9774041771888733,-52.59962844848633,0.014441014267504215,0.45577070116996765,-0.019940460100769997,-0.8897566199302673,0.0831446130906593,0.0,0.0,0.0,0.0,0.0,0.0
1772566069022078066,465.972525568,-4.204617977142334,0.977679431438446,-52.54071807861328,0.015780232846736908,0.45555341243743896,-0.01958494633436203,-0.8898531198501587,0.08407901306544965,0.0,0.0,0.0,0.0,0.0,0.0
1772566069115145122,466.065592832,-4.274118900299072,0.9769824147224426,-52.492340087890625,0.017037667334079742,0.45522210001945496,-0.019831582903862,-0.8899939656257629,0.08667588991504276,0.0,0.0,0.0,0.0,0.0,0.0
1772566069194053777,466.144501504,-4.343588829040527,0.9767188429832458,-52.44279098510742,0.017641708254814148,0.4547782838344574,-0.019114695489406586,-0.890224814414978,0.08530637391842419,0.0,0.0,0.0,0.0,0.0,0.0
1772566069310946271,466.26139392,-4.412766933441162,0.9760188460350037,-52.39284896850586,0.017907656729221344,0.4543827474117279,-0.01828179508447647,-0.890438973903656,0.08308109444966165,0.0,0.0,0.0,0.0,0.0,0.0
1772566069403488306,466.353935872,-4.482082366943359,0.9760413765907288,-52.342098236083984,0.01766365021467209,0.4541829526424408,-0.01757913827896118,-0.8905598521232605,0.08052451972530497,0.0,0.0,0.0,0.0,0.0,0.0
1772566069504804029,466.455251712,-4.550347328186035,0.9775180220603943,-52.29098892211914,0.018059007823467255,0.4543830156326294,-0.016382895410060883,-0.8904727101325989,0.07756903998093595,0.0,0.0,0.0,0.0,0.0,0.0
1772566069639418776,466.589866496,-4.618293762207031,0.9786439538002014,-52.23976516723633,0.0180393997579813,0.4546082019805908,-0.015103870071470737,-0.8903807401657104,0.07372764735638815,0.0,0.0,0.0,0.0,0.0,0.0
1772566069747368882,466.697816576,-4.701080799102783,0.98098224401474,-52.1796760559082,0.017993366345763206,0.45495086908340454,-0.015662668272852898,-0.8901969194412231,0.07544020726215926,0.0,0.0,0.0,0.0,0.0,0.0
1772566069833686512,466.784134144,-4.784972667694092,0.9812862277030945,-52.118812561035156,0.017385780811309814,0.45510533452033997,-0.01616603136062622,-0.8901211023330688,0.07606869607523521,0.0,0.0,0.0,0.0,0.0,0.0
1772566069943056153,466.893503744,-4.8552069664001465,0.9824876189231873,-52.070133209228516,0.017410025000572205,0.4553665518760681,-0.017187058925628662,-0.8899679183959961,0.07927323376032105,0.0,0.0,0.0,0.0,0.0,0.0
1772566070042878470,466.99332608,-4.92374849319458,0.983969509601593,-52.02106857299805,0.017478972673416138,0.4556259512901306,-0.016850069165229797,-0.8898402452468872,0.07842862105175788,0.0,0.0,0.0,0.0,0.0,0.0
1772566070150270685,467.100718336,-4.992860794067383,0.9861171841621399,-51.97288131713867,0.01778043806552887,0.4559248089790344,-0.017271913588047028,-0.8896730542182922,0.08025951850365401,0.0,0.0,0.0,0.0,0.0,0.0
1772566070243390809,467.193838336,-5.076548099517822,0.9869796633720398,-51.91438674926758,0.017168156802654266,0.45626774430274963,-0.018199607729911804,-0.8894907832145691,0.0822245052635244,0.0,0.0,0.0,0.0,0.0,0.0
1772566070392809547,467.343257088,-5.145968437194824,0.9890233874320984,-51.86522674560547,0.017230786383152008,0.4566243290901184,-0.01871461421251297,-0.8892958760261536,0.08398992932859745,0.0,0.0,0.0,0.0,0.0,0.0
1772566070494290684,467.444738304,-5.228165149688721,0.989827573299408,-51.80657958984375,0.017233654856681824,0.45716285705566406,-0.018193259835243225,-0.8890299201011658,0.08256156368600345,0.0,0.0,0.0,0.0,0.0,0.0
1772566070596069759,467.546517248,-5.296849250793457,0.9903396964073181,-51.75679016113281,0.016339095309376717,0.4576190412044525,-0.018049942329525948,-0.8888149857521057,0.08085490048947583,0.0,0.0,0.0,0.0,0.0,0.0
1772566070693752734,467.644200448,-5.367343425750732,0.9899563193321228,-51.7066764831543,0.01538889855146408,0.45829901099205017,-0.018788158893585205,-0.8884662389755249,0.08180810668359259,0.0,0.0,0.0,0.0,0.0,0.0
1772566070810997026,467.761444608,-5.452085971832275,0.9892434477806091,-51.645633697509766,0.011548757553100586,0.45929503440856934,-0.020325608551502228,-0.8879761695861816,0.08073237747083109,0.0,0.0,0.0,0.0,0.0,0.0
1772566070896830887,467.847278592,-5.523468017578125,0.9882091879844666,-51.59536361694336,0.009569622576236725,0.46036791801452637,-0.022100865840911865,-0.8874015212059021,0.08332591051111889,0.0,0.0,0.0,0.0,0.0,0.0
1772566071041395111,467.991842816,-5.610407829284668,0.9859053492546082,-51.534847259521484,0.003982536494731903,0.46156808733940125,-0.025126874446868896,-0.88673996925354,0.08403922154937296,0.0,0.0,0.0,0.0,0.0,0.0
1772566071147314486,468.097762048,-5.685427665710449,0.982928454875946,-51.48435592651367,0.0015150755643844604,0.4622475504875183,-0.02845139056444168,-0.8862931132316589,0.0905225182585027,0.0,0.0,0.0,0.0,0.0,0.0
1772566071247457207,468.197904896,-5.7574872970581055,0.9827646613121033,-51.43619918823242,0.0021677538752555847,0.4620998501777649,-0.029635630548000336,-0.8863299489021301,0.09519478362980995,0.0,0.0,0.0,0.0,0.0,0.0
1772566071343622439,468.294070016,-5.84229040145874,0.9806017279624939,-51.37833786010742,0.002653263509273529,0.4619967043399811,-0.03045869618654251,-0.8863545060157776,0.0984895043783953,0.0,0.0,0.0,0.0,0.0,0.0
1772566071449339253,468.399786752,-5.912506580352783,0.9792703986167908,-51.32981491088867,0.0028220710810273886,0.461877703666687,-0.030628439038991928,-0.8864100575447083,0.09925184596567803,0.0,0.0,0.0,0.0,0.0,0.0
1772566071550021636,468.500469248,-5.983111381530762,0.9772220253944397,-51.28080749511719,0.002856746083125472,0.4617820084095001,-0.030809123069047928,-0.8864536285400391,0.09983921131005535,0.0,0.0,0.0,0.0,0.0,0.0
1772566071649725753,468.600173312,-6.0534586906433105,0.9746047854423523,-51.231082916259766,0.0026611012872308493,0.4616941511631012,-0.03037334606051445,-0.8865149617195129,0.09815667285407569,0.0,0.0,0.0,0.0,0.0,0.0
1772566071746671519,468.697119232,-6.123963832855225,0.9724604487419128,-51.18124008178711,0.002594217425212264,0.4616110920906067,-0.03000633791089058,-0.886570930480957,0.09689431829114827,0.0,0.0,0.0,0.0,0.0,0.0
1772566071849336145,468.79978368,-6.194131374359131,0.9693196415901184,-51.13056564331055,0.0018499792786315084,0.46157106757164,-0.029232921078801155,-0.8866195678710938,0.09330605824345092,0.0,0.0,0.0,0.0,0.0,0.0
1772566071947370625,468.897818368,-6.264078617095947,0.9667088389396667,-51.07972717285156,0.0012128427624702454,0.4615399241447449,-0.027973957359790802,-0.8866775035858154,0.08839171450479592,0.0,0.0,0.0,0.0,0.0,0.0
1772566072049444868,468.99989248,-6.335737228393555,0.9665800929069519,-51.030941009521484,0.0008791685104370117,0.46121668815612793,-0.028700396418571472,-0.8868228197097778,0.09002364313179817,0.0,0.0,0.0,0.0,0.0,0.0
1772566072151668877,469.102116608,-6.421602249145508,0.9643656611442566,-50.97359848022461,0.0023731812834739685,0.46095025539398193,-0.030134715139865875,-0.8869110345840454,0.09676282242704289,0.0,0.0,0.0,0.0,0.0,0.0
1772566072292424241,469.242871808,-6.492045879364014,0.9627842307090759,-50.923072814941406,0.0008351578144356608,0.4605349898338318,-0.029259826987981796,-0.8871588706970215,0.09151377267388845,0.0,0.0,0.0,0.0,0.0,0.0
1772566072400867401,469.351314944,-6.577337741851807,0.9592365622520447,-50.859580993652344,-0.0021348895970731974,0.46016350388526917,-0.027200529351830482,-0.8874148726463318,0.08036558282287695,0.0,0.0,0.0,0.0,0.0,0.0
1772566072500849367,469.451297024,-6.648661136627197,0.9539846777915955,-50.80561065673828,-0.00624473299831152,0.459871381521225,-0.025782953947782516,-0.887589156627655,0.06941288099296523,0.0,0.0,0.0,0.0,0.0,0.0
1772566072600035241,469.550482944,-6.71702766418457,0.9466049075126648,-50.743675231933594,-0.01704937219619751,0.459406316280365,-0.019464217126369476,-0.8878492712974548,0.03273183607916324,0.0,0.0,0.0,0.0,0.0,0.0
1772566072700989783,469.651437312,-6.803246021270752,0.9406413435935974,-50.676353454589844,-0.02166047878563404,0.45919010043144226,-0.016560571268200874,-0.887919545173645,0.01647019055554367,0.0,0.0,0.0,0.0,0.0,0.0
1772566072838443348,469.78889088,-6.87250280380249,0.9375250935554504,-50.624568939208984,-0.02231169492006302,0.4587972164154053,-0.01477852463722229,-0.888137936592102,0.00998569495517528,0.0,0.0,0.0,0.0,0.0,0.0
1772566072918981059,469.869428736,-6.956569671630859,0.9323095679283142,-50.56399154663086,-0.022817643359303474,0.4584790766239166,-0.014652536250650883,-0.8882914185523987,0.008820443945897977,0.0,0.0,0.0,0.0,0.0,0.0
1772566073052377721,470.002825216,-7.026461124420166,0.928045928478241,-50.513126373291016,-0.023209618404507637,0.4581928849220276,-0.013910160399973392,-0.8884408473968506,0.005947070778270465,0.0,0.0,0.0,0.0,0.0,0.0
1772566073149677963,470.100125696,-7.111205101013184,0.9222838282585144,-50.45298767089844,-0.022999510169029236,0.4579075872898102,-0.014321759343147278,-0.8885867595672607,0.007563999326853245,0.0,0.0,0.0,0.0,0.0,0.0
1772566073249919290,470.200366848,-7.181241035461426,0.9172839522361755,-50.40107727050781,-0.024386540055274963,0.45755183696746826,-0.013456776738166809,-0.8887466192245483,0.002759561249087926,0.0,0.0,0.0,0.0,0.0,0.0
1772566073352069851,470.302517504,-7.2540106773376465,0.9105259776115417,-50.350399017333984,-0.025528214871883392,0.4571114778518677,-0.01565522700548172,-0.8889051675796509,0.007725916328409052,0.0,0.0,0.0,0.0,0.0,0.0
1772566073449803781,470.400251392,-7.341830730438232,0.9004611372947693,-50.28901290893555,-0.026522822678089142,0.4563588798046112,-0.018175579607486725,-0.8892146944999695,0.0139249069968159,0.0,0.0,0.0,0.0,0.0,0.0
1772566073552197431,470.502644992,-7.4151506423950195,0.8928064703941345,-50.23396682739258,-0.0330236479640007,0.45553773641586304,-0.020057313144207,-0.8893775343894958,0.009568923368477065,0.0,0.0,0.0,0.0,0.0,0.0
1772566073655598242,470.606045952,-7.489730358123779,0.8840456604957581,-50.17679977416992,-0.03978176414966583,0.4544331133365631,-0.021555081009864807,-0.8896310329437256,0.003746811526967038,0.0,0.0,0.0,0.0,0.0,0.0
1772566073805813641,470.756261376,-7.578891754150391,0.873811662197113,-50.109039306640625,-0.04721488803625107,0.452944815158844,-0.023845866322517395,-0.8899680972099304,-0.0005562140971117471,0.0,0.0,0.0,0.0,0.0,0.0
1772566073907264251,470.857711872,-7.652601718902588,0.865340530872345,-50.05146026611328,-0.0530145987868309,0.4517233669757843,-0.02455202490091324,-0.8902430534362793,-0.0070786411991265175,0.0,0.0,0.0,0.0,0.0,0.0
1772566074009450120,470.959897856,-7.74188232421875,0.8528136610984802,-49.98295211791992,-0.05995745211839676,0.450297087430954,-0.026539430022239685,-0.8904680609703064,-0.01135138843368549,0.0,0.0,0.0,0.0,0.0,0.0
1772566074125355810,471.075803392,-7.814981937408447,0.8399102091789246,-49.92508316040039,-0.06404934078454971,0.4496700167655945,-0.02497369796037674,-0.8905453085899353,-0.0220739728514604,0.0,0.0,0.0,0.0,0.0,0.0
1772566074227155059,471.17760256,-7.8866682052612305,0.8241342902183533,-49.87051010131836,-0.06411397457122803,0.4491412043571472,-0.023378834128379822,-0.8908507823944092,-0.026760454785457684,0.0,0.0,0.0,0.0,0.0,0.0
1772566074331042151,471.281489664,-7.969941139221191,0.8061801791191101,-49.802310943603516,-0.06645234674215317,0.44824618101119995,-0.01982991397380829,-0.8912161588668823,-0.04053685564330418,0.0,0.0,0.0,0.0,0.0,0.0
1772566074418743905,471.369191424,-8.039512634277344,0.7905028462409973,-49.743431091308594,-0.07040288299322128,0.4471920132637024,-0.01647856831550598,-0.8915106654167175,-0.0559645618893784,0.0,0.0,0.0,0.0,0.0,0.0
1772566074528446858,471.478894592,-8.11011791229248,0.7752274870872498,-49.67959213256836,-0.08228255808353424,0.4458830952644348,-0.0123995840549469,-0.8912149667739868,-0.08496032593519678,0.0,0.0,0.0,0.0,0.0,0.0
1772566074649406219,471.599853824,-8.19894790649414,0.7638859152793884,-49.61380386352539,-0.0825926661491394,0.4456692934036255,-0.012826964259147644,-0.8912872076034546,-0.08404886041098232,0.0,0.0,0.0,0.0,0.0,0.0
1772566074751834571,471.70228224,-8.286139488220215,0.7534704804420471,-49.553977966308594,-0.07934034615755081,0.4457630515098572,-0.015260949730873108,-0.8914973735809326,-0.07215817961627885,0.0,0.0,0.0,0.0,0.0,0.0
1772566074891202211,471.84164992,-8.358125686645508,0.7427591681480408,-49.505584716796875,-0.07492958754301071,0.44589000940322876,-0.01714034378528595,-0.8917812705039978,-0.060165321299981304,0.0,0.0,0.0,0.0,0.0,0.0
1772566074984093961,471.934541568,-8.440934181213379,0.73153156042099,-49.446189880371094,-0.07025814056396484,0.4461333453655243,-0.017012817785143852,-0.8920422196388245,-0.05372165350947935,0.0,0.0,0.0,0.0,0.0,0.0
1772566075088718361,472.039165952,-8.510014533996582,0.7194926142692566,-49.3982048034668,-0.06562331318855286,0.4462032914161682,-0.017391450703144073,-0.8923529386520386,-0.04574988683288139,0.0,0.0,0.0,0.0,0.0,0.0
1772566075186409244,472.136856832,-8.578843116760254,0.7078604102134705,-49.34981918334961,-0.06173102557659149,0.44656306505203247,-0.018381938338279724,-0.89243084192276,-0.03715999762598683,0.0,0.0,0.0,0.0,0.0,0.0
1772566075285014149,472.235461888,-8.646903038024902,0.7033305764198303,-49.300025939941406,-0.059848107397556305,0.4468943476676941,-0.01896759681403637,-0.8923810124397278,-0.032727946915599535,0.0,0.0,0.0,0.0,0.0,0.0
1772566075386449079,472.336896768,-8.730376243591309,0.6955592036247253,-49.241695404052734,-0.05749054253101349,0.447314590215683,-0.02178122103214264,-0.892261266708374,-0.020975812215225383,0.0,0.0,0.0,0.0,0.0,0.0
1772566075533414858,472.483862528,-8.801180839538574,0.6902064681053162,-49.194549560546875,-0.05527908354997635,0.4477226436138153,-0.025821972638368607,-0.8920884728431702,-0.005735438672576601,0.0,0.0,0.0,0.0,0.0,0.0
1772566075617380095,472.567827712,-8.888615608215332,0.6811891198158264,-49.13883590698242,-0.052412621676921844,0.44822168350219727,-0.032861556857824326,-0.8917793035507202,0.019502368000635324,0.0,0.0,0.0,0.0,0.0,0.0
1772566075713404840,472.663852544,-8.960983276367188,0.6759964823722839,-49.090728759765625,-0.05024002492427826,0.44872909784317017,-0.03694731742143631,-0.8914892673492432,0.03494969434755606,0.0,0.0,0.0,0.0,0.0,0.0
1772566075819071292,472.769518848,-9.03264045715332,0.6669235825538635,-49.03895950317383,-0.04907187819480896,0.44901400804519653,-0.03797230124473572,-0.8913677930831909,0.039761970073239145,0.0,0.0,0.0,0.0,0.0,0.0
1772566075949286272,472.899734016,-9.122823715209961,0.655851423740387,-48.96987533569336,-0.04727952927350998,0.4492068886756897,-0.03559103608131409,-0.8914657235145569,0.03531120935342686,0.0,0.0,0.0,0.0,0.0,0.0
1772566076049337101,472.999784704,-9.201478004455566,0.6456610560417175,-48.911041259765625,-0.04585462063550949,0.4493531286716461,-0.034670665860176086,-0.8915026187896729,0.034693976110700284,0.0,0.0,0.0,0.0,0.0,0.0
1772566076151585371,473.102032896,-9.301050186157227,0.6333461403846741,-48.839630126953125,-0.04444923624396324,0.4496484696865082,-0.03642171248793602,-0.8913551568984985,0.04206146167865452,0.0,0.0,0.0,0.0,0.0,0.0
1772566076279668783,473.230116352,-9.391532897949219,0.6220521330833435,-48.77193069458008,-0.04253590479493141,0.44986239075660706,-0.03523359075188637,-0.8913883566856384,0.041380670891418884,0.0,0.0,0.0,0.0,0.0,0.0
1772566076380264345,473.330712064,-9.487997055053711,0.6097669005393982,-48.699790954589844,-0.04067296162247658,0.4500991702079773,-0.034070540219545364,-0.8914009928703308,0.040698694770298124,0.0,0.0,0.0,0.0,0.0,0.0
1772566076497920712,473.448368384,-9.609353065490723,0.595086395740509,-48.60840606689453,-0.03866952657699585,0.4503740072250366,-0.03213862329721451,-0.8914230465888977,0.037915653854674894,0.0,0.0,0.0,0.0,0.0,0.0
1772566076599032004,473.54947968,-9.73452377319336,0.5795032382011414,-48.51600646972656,-0.03631410747766495,0.4506952166557312,-0.0314955860376358,-0.8913827538490295,0.03954930892332102,0.0,0.0,0.0,0.0,0.0,0.0
1772566076705480304,473.655927808,-9.842267990112305,0.5664719939231873,-48.43648910522461,-0.0347287617623806,0.45072269439697266,-0.03066469356417656,-0.8914608955383301,0.03946240032717099,0.0,0.0,0.0,0.0,0.0,0.0
1772566076809110708,473.7595584,-9.974892616271973,0.5511770844459534,-48.336788177490234,-0.03260289877653122,0.45107293128967285,-0.02864138036966324,-0.891431450843811,0.036591946685710745,0.0,0.0,0.0,0.0,0.0,0.0
1772566076945838821,473.896286464,-10.10958194732666,0.5348431468009949,-48.236968994140625,-0.030775167047977448,0.4513511657714844,-0.027702465653419495,-0.8913851976394653,0.03654082751350369,0.0,0.0,0.0,0.0,0.0,0.0
1772566077049240285,473.999687936,-10.227411270141602,0.5215693116188049,-48.1505126953125,-0.029957443475723267,0.4514709413051605,-0.02783975750207901,-0.8913480639457703,0.03820090369091732,0.0,0.0,0.0,0.0,0.0,0.0
1772566077146171551,474.096619264,-10.379365921020508,0.5056739449501038,-48.03461837768555,-0.028245866298675537,0.45148247480392456,-0.0238146111369133,-0.891514778137207,0.0286750414966243,0.0,0.0,0.0,0.0,0.0,0.0
1772566077251800869,474.202248448,-10.50766658782959,0.49867743253707886,-47.937095642089844,-0.024051211774349213,0.45025086402893066,-0.019852742552757263,-0.892357349395752,0.02319262453463831,0.0,0.0,0.0,0.0,0.0,0.0
1772566077390351098,474.34079872,-10.629958152770996,0.49162977933883667,-47.84479522705078,-0.02509269118309021,0.4493200182914734,-0.018659457564353943,-0.8928235173225403,0.01808270629632617,0.0,0.0,0.0,0.0,0.0,0.0
1772566077465284436,474.415731968,-10.732182502746582,0.4867270588874817,-47.76691436767578,-0.02466343343257904,0.44829416275024414,-0.017329111695289612,-0.8933777809143066,0.014811422447256814,0.0,0.0,0.0,0.0,0.0,0.0
1772566077606435165,474.556882688,-10.839991569519043,0.48192518949508667,-47.69249725341797,-0.01972866803407669,0.447683185338974,-0.018843643367290497,-0.893775999546051,0.0267621335126636,0.0,0.0,0.0,0.0,0.0,0.0
1772566077724410469,474.674857984,-10.943110466003418,0.47687679529190063,-47.622642517089844,-0.013542234897613525,0.4472169876098633,-0.02075105905532837,-0.8940821886062622,0.041692241859977344,0.0,0.0,0.0,0.0,0.0,0.0
1772566077795000122,474.74544768,-11.034350395202637,0.4721366763114929,-47.557044982910156,-0.011458024382591248,0.4466772973537445,-0.02072470635175705,-0.8943817615509033,0.044688659058637364,0.0,0.0,0.0,0.0,0.0,0.0
1772566077906031814,474.856479488,-11.133490562438965,0.4668347239494324,-47.482486724853516,-0.011038810014724731,0.44609472155570984,-0.01943066716194153,-0.8947067260742188,0.041425004035222396,0.0,0.0,0.0,0.0,0.0,0.0
1772566078018139210,474.968586752,-11.258098602294922,0.45984524488449097,-47.390357971191406,-0.009330034255981445,0.44546011090278625,-0.01870882511138916,-0.8950576782226562,0.04177077975803073,0.0,0.0,0.0,0.0,0.0,0.0
1772566078114159169,475.06460672,-11.365608215332031,0.45429641008377075,-47.310001373291016,-0.008278235793113708,0.4449688196182251,-0.01786484569311142,-0.8953295946121216,0.04078624389118828,0.0,0.0,0.0,0.0,0.0,0.0
1772566078226813989,475.177261568,-11.497020721435547,0.4478551745414734,-47.21295928955078,-0.005599938333034515,0.44416582584381104,-0.01738020032644272,-0.8957585096359253,0.04322876493694715,0.0,0.0,0.0,0.0,0.0,0.0
1772566078349943009,475.300390656,-11.627071380615234,0.43992680311203003,-47.11438751220703,-0.004579551517963409,0.4433667063713074,-0.01578453928232193,-0.8961895704269409,0.039940639241148046,0.0,0.0,0.0,0.0,0.0,0.0
1772566078453788670,475.404236288,-11.726205825805664,0.4345100522041321,-47.03804016113281,-0.004855707287788391,0.44274646043777466,-0.014354638755321503,-0.8965188264846802,0.03527315968254425,0.0,0.0,0.0,0.0,0.0,0.0
1772566078605404443,475.555852032,-11.841650009155273,0.428445041179657,-46.95002365112305,-0.004901096224784851,0.44183793663978577,-0.01298050582408905,-0.8969876170158386,0.031104634754329497,0.0,0.0,0.0,0.0,0.0,0.0
1772566078708123823,475.65857152,-11.940725326538086,0.42296892404556274,-46.8734016418457,-0.005857274401932955,0.4408811628818512,-0.011150428093969822,-0.8974770903587341,0.024299323462869383,0.0,0.0,0.0,0.0,0.0,0.0
1772566078805399111,475.755846656,-12.038373947143555,0.4176532030105591,-46.79710388183594,-0.006681017577648163,0.440066933631897,-0.009295515716075897,-0.8978919982910156,0.01765103692068184,0.0,0.0,0.0,0.0,0.0,0.0
1772566078913966468,475.864414208,-12.133343696594238,0.4122922420501709,-46.72677230834961,-0.006545223295688629,0.43811139464378357,-0.007841408252716064,-0.8988627195358276,0.013573369205841259,0.0,0.0,0.0,0.0,0.0,0.0
1772566079012003174,475.962450688,-12.237922668457031,0.4093247056007385,-46.6627197265625,-0.007102891802787781,0.42915382981300354,-0.007840141654014587,-0.9031695127487183,0.012770629392485727,0.0,0.0,0.0,0.0,0.0,0.0
1772566079101724577,476.052172288,-12.322916984558105,0.40845197439193726,-46.61481857299805,-0.006248055957257748,0.4182400703430176,-0.00863600429147482,-0.9082739353179932,0.016092947727453368,0.0,0.0,0.0,0.0,0.0,0.0
1772566079211203514,476.1616512,-12.406790733337402,0.40607529878616333,-46.56298065185547,-0.006390667520463467,0.40383774042129517,-0.008335753343999386,-0.9147704243659973,0.014974608275058138,0.0,0.0,0.0,0.0,0.0,0.0
1772566079301328873,476.251776512,-12.482871055603027,0.4045068621635437,-46.50908660888672,-0.006010368466377258,0.38700488209724426,-0.008517295122146606,-0.9220187664031982,0.015783324923230122,0.0,0.0,0.0,0.0,0.0,0.0
1772566079400759271,476.351206912,-12.553104400634766,0.4025570750236511,-46.458587646484375,-0.006132080219686031,0.37098458409309387,-0.00877316202968359,-0.9285773038864136,0.01620547537300001,0.0,0.0,0.0,0.0,0.0,0.0
1772566079517969835,476.468417536,-12.586697578430176,0.40103679895401,-46.445491790771484,-0.006135672330856323,0.3636986315250397,-0.008627712726593018,-0.9314565062522888,0.015787676058393815,0.0,0.0,0.0,0.0,0.0,0.0
1772566079643496464,476.593944064,-12.587555885314941,0.4008373022079468,-46.444374084472656,-0.00605851411819458,0.36384615302085876,-0.008691668510437012,-0.9313987493515015,0.01602691081576561,0.0,0.0,0.0,0.0,0.0,0.0
1772566079775095682,476.725543424,-12.587972640991211,0.4008020758628845,-46.444007873535156,-0.005994558334350586,0.363832026720047,-0.008725836873054504,-0.9314044713973999,0.01617671228295028,0.0,0.0,0.0,0.0,0.0,0.0
1772566079905523573,476.855971072,-12.588351249694824,0.4007996916770935,-46.4436149597168,-0.005974903702735901,0.3638297915458679,-0.00873669981956482,-0.9314053654670715,0.016223677592254834,0.0,0.0,0.0,0.0,0.0,0.0
1772566080002480204,476.952927744,-12.588683128356934,0.4007968306541443,-46.44328308105469,-0.005957618355751038,0.3638302683830261,-0.008746549487113953,-0.9314051866531372,0.016265747655087905,0.0,0.0,0.0,0.0,0.0,0.0
1772566080122284985,477.072732672,-12.589104652404785,0.40079236030578613,-46.44285202026367,-0.005935594439506531,0.36383068561553955,-0.00875885784626007,-0.9314050674438477,0.0163187384371425,0.0,0.0,0.0,0.0,0.0,0.0
1772566080203404328,477.153851904,-12.589460372924805,0.4007907509803772,-46.44247817993164,-0.005923911929130554,0.36382561922073364,-0.008765652775764465,-0.9314070343971252,0.0163474838679591,0.0,0.0,0.0,0.0,0.0,0.0
1772566080303716900,477.25416448,-12.589831352233887,0.40078234672546387,-46.442100524902344,-0.0058984896168112755,0.36382758617401123,-0.00878059770911932,-0.9314062595367432,0.016410528398933887,0.0,0.0,0.0,0.0,0.0,0.0
1772566080405252544,477.355700224,-12.5902681350708,0.4007752537727356,-46.4416618347168,-0.0058758556842803955,0.36382871866226196,-0.00879378616809845,-0.9314059019088745,0.016466359091244432,0.0,0.0,0.0,0.0,0.0,0.0
1772566080549986222,477.50043392,-12.59066104888916,0.40076953172683716,-46.441261291503906,-0.005857035983353853,0.3638192415237427,-0.00880527589470148,-0.9314095377922058,0.016514028494249464,0.0,0.0,0.0,0.0,0.0,0.0
1772566080652352744,477.602800384,-12.591082572937012,0.4007719159126282,-46.44083023071289,-0.005836129188537598,0.36382853984832764,-0.008827850222587585,-0.9314058423042297,0.016591992703889513,0.0,0.0,0.0,0.0,0.0,0.0
1772566080752127837,477.70257536,-12.591606140136719,0.40076881647109985,-46.44028854370117,-0.005820363759994507,0.3638356328010559,-0.008833572268486023,-0.9314031600952148,0.01662215153567372,0.0,0.0,0.0,0.0,0.0,0.0
1772566080850100238,477.80054784,-12.592061996459961,0.4007534384727478,-46.4398193359375,-0.005798414349555969,0.3638337254524231,-0.008846327662467957,-0.9314038753509521,0.016676182618590694,0.0,0.0,0.0,0.0,0.0,0.0
1772566080949814960,477.900262656,-12.59267520904541,0.4007343649864197,-46.4391975402832,-0.005766540300101042,0.3638342320919037,-0.008865981362760067,-0.931403636932373,0.01675753554964455,0.0,0.0,0.0,0.0,0.0,0.0
1772566081059419227,478.009866752,-12.59322738647461,0.40071505308151245,-46.438636779785156,-0.005738839507102966,0.3638356029987335,-0.008881613612174988,-0.9314031600952148,0.016824577035578485,0.0,0.0,0.0,0.0,0.0,0.0
1772566081209311706,478.15975936,-12.593927383422852,0.4006926417350769,-46.43791961669922,-0.005701542366296053,0.3638366162776947,-0.008898989297449589,-0.931402862071991,0.016905532048012806,0.0,0.0,0.0,0.0,0.0,0.0
1772566081301475847,478.251923456,-12.594549179077148,0.40066999197006226,-46.43728256225586,-0.0056707714684307575,0.3638384938240051,-0.008911938406527042,-0.9314021468162537,0.01696881654881901,0.0,0.0,0.0,0.0,0.0,0.0
1772566081409474861,478.359922432,-12.5954008102417,0.40060633420944214,-46.4365348815918,-0.005578100681304932,0.3638194799423218,-0.008992567658424377,-0.9314094185829163,0.017264676728882707,0.0,0.0,0.0,0.0,0.0,0.0
1772566081503499024,478.453946624,-12.596056938171387,0.4005514979362488,-46.435848236083984,-0.005509958136826754,0.3638048470020294,-0.009027780033648014,-0.9314152002334595,0.017421197145330136,0.0,0.0,0.0,0.0,0.0,0.0
1772566081614039544,478.564487168,-12.596722602844238,0.40051037073135376,-46.43517303466797,-0.005441635847091675,0.3637874722480774,-0.00906778872013092,-0.9314219355583191,0.017590004583699772,0.0,0.0,0.0,0.0,0.0,0.0
1772566081711538926,478.66198656,-12.597472190856934,0.4004752039909363,-46.434417724609375,-0.0054064542055130005,0.36378511786460876,-0.009077847003936768,-0.931423008441925,0.017650279715053226,0.0,0.0,0.0,0.0,0.0,0.0
1772566081823604061,478.774051584,-12.598417282104492,0.4004085659980774,-46.43326950073242,-0.005545064806938171,0.36377280950546265,-0.009001582860946655,-0.9314277172088623,0.01731976519181346,0.0,0.0,0.0,0.0,0.0,0.0
1772566081949872623,478.900320256,-12.599418640136719,0.400320827960968,-46.43224334716797,-0.005492225289344788,0.36377328634262085,-0.009025990962982178,-0.9314276576042175,0.017433897915990124,0.0,0.0,0.0,0.0,0.0,0.0
1772566082049372509,478.999820032,-12.600505828857422,0.4002230763435364,-46.431148529052734,-0.005427762866020203,0.3637731671333313,-0.009065061807632446,-0.9314277172088623,0.017596675780314618,0.0,0.0,0.0,0.0,0.0,0.0
1772566082153726398,479.10417408,-12.601455688476562,0.4001712203025818,-46.430110931396484,-0.005444362759590149,0.36377832293510437,-0.009061157703399658,-0.9314256310462952,0.01757041178045982,0.0,0.0,0.0,0.0,0.0,0.0
1772566082290369649,479.240817152,-12.602469444274902,0.4000789523124695,-46.42909240722656,-0.00538221001625061,0.363778293132782,-0.00909663736820221,-0.9314256310462952,0.01772180702285102,0.0,0.0,0.0,0.0,0.0,0.0
1772566082362088792,479.31253632,-12.603621482849121,0.3999554514884949,-46.42794418334961,-0.0053037251345813274,0.3637770116329193,-0.009144171141088009,-0.9314260482788086,0.017919889256581095,0.0,0.0,0.0,0.0,0.0,0.0
1772566082508796179,479.459243776,-12.605048179626465,0.39981478452682495,-46.42631149291992,-0.005342647433280945,0.36376315355300903,-0.009123414754867554,-0.9314315319061279,0.017828634077140245,0.0,0.0,0.0,0.0,0.0,0.0
1772566082595177508,479.545625088,-12.606054306030273,0.3997458815574646,-46.42515563964844,-0.005370184779167175,0.36375361680984497,-0.00912138819694519,-0.9314351081848145,0.017796149273208793,0.0,0.0,0.0,0.0,0.0,0.0
1772566082684247928,479.634695424,-12.607110023498535,0.3997282385826111,-46.423954010009766,-0.0054250359535217285,0.36375218629837036,-0.009109020233154297,-0.9314354658126831,0.017710529723665675,0.0,0.0,0.0,0.0,0.0,0.0
1772566082794097301,479.744545024,-12.613174438476562,0.39932090044021606,-46.41691589355469,-0.005943715572357178,0.3637043237686157,-0.008953064680099487,-0.9314525127410889,0.01680185749055154,0.0,0.0,0.0,0.0,0.0,0.0
1772566082905701375,479.856148992,-12.614836692810059,0.3991996645927429,-46.41512680053711,-0.006067842245101929,0.36363089084625244,-0.008875533938407898,-0.931481122970581,0.016482161476431247,0.0,0.0,0.0,0.0,0.0,0.0
1772566083049635119,480.000082688,-12.615464210510254,0.3991469144821167,-46.41439437866211,-0.006144002079963684,0.363627552986145,-0.008859306573867798,-0.9314820766448975,0.01636572359751291,0.0,0.0,0.0,0.0,0.0,0.0
