[0.153s] DEBUG:colcon:Command line arguments: ['/usr/bin/colcon', 'build', '--executor', 'parallel', '--parallel-workers', '16']
[0.153s] DEBUG:colcon:Parsed command line arguments: Namespace(log_base=None, log_level=None, verb_name='build', build_base='build', install_base='install', merge_install=False, symlink_install=False, test_result_base=None, continue_on_error=False, executor='parallel', parallel_workers=16, event_handlers=None, ignore_user_meta=False, metas=['./colcon.meta'], base_paths=['.'], packages_ignore=None, packages_ignore_regex=None, paths=None, packages_up_to=None, packages_up_to_regex=None, packages_above=None, packages_above_and_dependencies=None, packages_above_depth=None, packages_select_by_dep=None, packages_skip_by_dep=None, packages_skip_up_to=None, packages_select_build_failed=False, packages_skip_build_finished=False, packages_select_test_failures=False, packages_skip_test_passed=False, packages_select=None, packages_skip=None, packages_select_regex=None, packages_skip_regex=None, packages_start=None, packages_end=None, allow_overriding=[], cmake_args=None, cmake_target=None, cmake_target_skip_unavailable=False, cmake_clean_cache=False, cmake_clean_first=False, cmake_force_configure=False, ament_cmake_args=None, catkin_cmake_args=None, catkin_skip_building_tests=False, verb_parser=<colcon_defaults.argument_parser.defaults.DefaultArgumentsDecorator object at 0x762a4375ece0>, verb_extension=<colcon_core.verb.build.BuildVerb object at 0x762a4375e740>, main=<bound method BuildVerb.main of <colcon_core.verb.build.BuildVerb object at 0x762a4375e740>>)
[0.328s] Level 1:colcon.colcon_core.package_discovery:discover_packages(colcon_meta) check parameters
[0.328s] Level 1:colcon.colcon_core.package_discovery:discover_packages(recursive) check parameters
[0.328s] Level 1:colcon.colcon_core.package_discovery:discover_packages(ignore) check parameters
[0.328s] Level 1:colcon.colcon_core.package_discovery:discover_packages(path) check parameters
[0.328s] Level 1:colcon.colcon_core.package_discovery:discover_packages(colcon_meta) discover
[0.328s] Level 1:colcon.colcon_core.package_discovery:discover_packages(recursive) discover
[0.328s] INFO:colcon.colcon_core.package_discovery:Crawling recursively for packages in '/home/rhobtor/PHD/ARGOJ8_IA'
[0.328s] Level 1:colcon.colcon_core.package_identification:_identify(.) by extensions ['ignore', 'ignore_ament_install']
[0.329s] Level 1:colcon.colcon_core.package_identification:_identify(.) by extension 'ignore'
[0.329s] Level 1:colcon.colcon_core.package_identification:_identify(.) by extension 'ignore_ament_install'
[0.329s] Level 1:colcon.colcon_core.package_identification:_identify(.) by extensions ['colcon_pkg']
[0.329s] Level 1:colcon.colcon_core.package_identification:_identify(.) by extension 'colcon_pkg'
[0.329s] Level 1:colcon.colcon_core.package_identification:_identify(.) by extensions ['colcon_meta']
[0.329s] Level 1:colcon.colcon_core.package_identification:_identify(.) by extension 'colcon_meta'
[0.329s] Level 1:colcon.colcon_core.package_identification:_identify(.) by extensions ['ros']
[0.329s] Level 1:colcon.colcon_core.package_identification:_identify(.) by extension 'ros'
[0.341s] Level 1:colcon.colcon_core.package_identification:_identify(.) by extensions ['cmake', 'python']
[0.341s] Level 1:colcon.colcon_core.package_identification:_identify(.) by extension 'cmake'
[0.341s] Level 1:colcon.colcon_core.package_identification:_identify(.) by extension 'python'
[0.341s] Level 1:colcon.colcon_core.package_identification:_identify(.) by extensions ['python_setup_py']
[0.341s] Level 1:colcon.colcon_core.package_identification:_identify(.) by extension 'python_setup_py'
[0.342s] Level 1:colcon.colcon_core.package_identification:_identify(build) by extensions ['ignore', 'ignore_ament_install']
[0.342s] Level 1:colcon.colcon_core.package_identification:_identify(build) by extension 'ignore'
[0.342s] Level 1:colcon.colcon_core.package_identification:_identify(build) ignored
[0.342s] Level 1:colcon.colcon_core.package_identification:_identify(imgs) by extensions ['ignore', 'ignore_ament_install']
[0.342s] Level 1:colcon.colcon_core.package_identification:_identify(imgs) by extension 'ignore'
[0.342s] Level 1:colcon.colcon_core.package_identification:_identify(imgs) by extension 'ignore_ament_install'
[0.342s] Level 1:colcon.colcon_core.package_identification:_identify(imgs) by extensions ['colcon_pkg']
[0.342s] Level 1:colcon.colcon_core.package_identification:_identify(imgs) by extension 'colcon_pkg'
[0.342s] Level 1:colcon.colcon_core.package_identification:_identify(imgs) by extensions ['colcon_meta']
[0.342s] Level 1:colcon.colcon_core.package_identification:_identify(imgs) by extension 'colcon_meta'
[0.342s] Level 1:colcon.colcon_core.package_identification:_identify(imgs) by extensions ['ros']
[0.342s] Level 1:colcon.colcon_core.package_identification:_identify(imgs) by extension 'ros'
[0.342s] Level 1:colcon.colcon_core.package_identification:_identify(imgs) by extensions ['cmake', 'python']
[0.342s] Level 1:colcon.colcon_core.package_identification:_identify(imgs) by extension 'cmake'
[0.343s] Level 1:colcon.colcon_core.package_identification:_identify(imgs) by extension 'python'
[0.343s] Level 1:colcon.colcon_core.package_identification:_identify(imgs) by extensions ['python_setup_py']
[0.343s] Level 1:colcon.colcon_core.package_identification:_identify(imgs) by extension 'python_setup_py'
[0.343s] Level 1:colcon.colcon_core.package_identification:_identify(install) by extensions ['ignore', 'ignore_ament_install']
[0.343s] Level 1:colcon.colcon_core.package_identification:_identify(install) by extension 'ignore'
[0.343s] Level 1:colcon.colcon_core.package_identification:_identify(install) ignored
[0.343s] Level 1:colcon.colcon_core.package_identification:_identify(log) by extensions ['ignore', 'ignore_ament_install']
[0.343s] Level 1:colcon.colcon_core.package_identification:_identify(log) by extension 'ignore'
[0.343s] Level 1:colcon.colcon_core.package_identification:_identify(log) ignored
[0.343s] Level 1:colcon.colcon_core.package_identification:_identify(src) by extensions ['ignore', 'ignore_ament_install']
[0.343s] Level 1:colcon.colcon_core.package_identification:_identify(src) by extension 'ignore'
[0.344s] Level 1:colcon.colcon_core.package_identification:_identify(src) by extension 'ignore_ament_install'
[0.344s] Level 1:colcon.colcon_core.package_identification:_identify(src) by extensions ['colcon_pkg']
[0.344s] Level 1:colcon.colcon_core.package_identification:_identify(src) by extension 'colcon_pkg'
[0.344s] Level 1:colcon.colcon_core.package_identification:_identify(src) by extensions ['colcon_meta']
[0.344s] Level 1:colcon.colcon_core.package_identification:_identify(src) by extension 'colcon_meta'
[0.344s] Level 1:colcon.colcon_core.package_identification:_identify(src) by extensions ['ros']
[0.344s] Level 1:colcon.colcon_core.package_identification:_identify(src) by extension 'ros'
[0.344s] Level 1:colcon.colcon_core.package_identification:_identify(src) by extensions ['cmake', 'python']
[0.344s] Level 1:colcon.colcon_core.package_identification:_identify(src) by extension 'cmake'
[0.344s] Level 1:colcon.colcon_core.package_identification:_identify(src) by extension 'python'
[0.344s] Level 1:colcon.colcon_core.package_identification:_identify(src) by extensions ['python_setup_py']
[0.344s] Level 1:colcon.colcon_core.package_identification:_identify(src) by extension 'python_setup_py'
[0.344s] Level 1:colcon.colcon_core.package_identification:_identify(src/argj801_ctl_platform) by extensions ['ignore', 'ignore_ament_install']
[0.344s] Level 1:colcon.colcon_core.package_identification:_identify(src/argj801_ctl_platform) by extension 'ignore'
[0.344s] Level 1:colcon.colcon_core.package_identification:_identify(src/argj801_ctl_platform) by extension 'ignore_ament_install'
[0.344s] Level 1:colcon.colcon_core.package_identification:_identify(src/argj801_ctl_platform) by extensions ['colcon_pkg']
[0.344s] Level 1:colcon.colcon_core.package_identification:_identify(src/argj801_ctl_platform) by extension 'colcon_pkg'
[0.344s] Level 1:colcon.colcon_core.package_identification:_identify(src/argj801_ctl_platform) by extensions ['colcon_meta']
[0.344s] Level 1:colcon.colcon_core.package_identification:_identify(src/argj801_ctl_platform) by extension 'colcon_meta'
[0.344s] Level 1:colcon.colcon_core.package_identification:_identify(src/argj801_ctl_platform) by extensions ['ros']
[0.344s] Level 1:colcon.colcon_core.package_identification:_identify(src/argj801_ctl_platform) by extension 'ros'
[0.344s] Level 1:colcon.colcon_core.package_identification:_identify(src/argj801_ctl_platform) by extensions ['cmake', 'python']
[0.344s] Level 1:colcon.colcon_core.package_identification:_identify(src/argj801_ctl_platform) by extension 'cmake'
[0.344s] Level 1:colcon.colcon_core.package_identification:_identify(src/argj801_ctl_platform) by extension 'python'
[0.344s] Level 1:colcon.colcon_core.package_identification:_identify(src/argj801_ctl_platform) by extensions ['python_setup_py']
[0.345s] Level 1:colcon.colcon_core.package_identification:_identify(src/argj801_ctl_platform) by extension 'python_setup_py'
[0.345s] Level 1:colcon.colcon_core.package_identification:_identify(src/argj801_ctl_platform/argj801_ctl_platform) by extensions ['ignore', 'ignore_ament_install']
[0.345s] Level 1:colcon.colcon_core.package_identification:_identify(src/argj801_ctl_platform/argj801_ctl_platform) by extension 'ignore'
[0.345s] Level 1:colcon.colcon_core.package_identification:_identify(src/argj801_ctl_platform/argj801_ctl_platform) by extension 'ignore_ament_install'
[0.345s] Level 1:colcon.colcon_core.package_identification:_identify(src/argj801_ctl_platform/argj801_ctl_platform) by extensions ['colcon_pkg']
[0.345s] Level 1:colcon.colcon_core.package_identification:_identify(src/argj801_ctl_platform/argj801_ctl_platform) by extension 'colcon_pkg'
[0.345s] Level 1:colcon.colcon_core.package_identification:_identify(src/argj801_ctl_platform/argj801_ctl_platform) by extensions ['colcon_meta']
[0.345s] Level 1:colcon.colcon_core.package_identification:_identify(src/argj801_ctl_platform/argj801_ctl_platform) by extension 'colcon_meta'
[0.345s] Level 1:colcon.colcon_core.package_identification:_identify(src/argj801_ctl_platform/argj801_ctl_platform) by extensions ['ros']
[0.345s] Level 1:colcon.colcon_core.package_identification:_identify(src/argj801_ctl_platform/argj801_ctl_platform) by extension 'ros'
[0.348s] DEBUG:colcon.colcon_core.package_identification:Package 'src/argj801_ctl_platform/argj801_ctl_platform' with type 'ros.ament_cmake' and name 'argj801_ctl_platform'
[0.348s] Level 1:colcon.colcon_core.package_identification:_identify(src/argj801_ctl_platform/argj801_ctl_platform_interfaces) by extensions ['ignore', 'ignore_ament_install']
[0.348s] Level 1:colcon.colcon_core.package_identification:_identify(src/argj801_ctl_platform/argj801_ctl_platform_interfaces) by extension 'ignore'
[0.349s] Level 1:colcon.colcon_core.package_identification:_identify(src/argj801_ctl_platform/argj801_ctl_platform_interfaces) by extension 'ignore_ament_install'
[0.349s] Level 1:colcon.colcon_core.package_identification:_identify(src/argj801_ctl_platform/argj801_ctl_platform_interfaces) by extensions ['colcon_pkg']
[0.349s] Level 1:colcon.colcon_core.package_identification:_identify(src/argj801_ctl_platform/argj801_ctl_platform_interfaces) by extension 'colcon_pkg'
[0.349s] Level 1:colcon.colcon_core.package_identification:_identify(src/argj801_ctl_platform/argj801_ctl_platform_interfaces) by extensions ['colcon_meta']
[0.349s] Level 1:colcon.colcon_core.package_identification:_identify(src/argj801_ctl_platform/argj801_ctl_platform_interfaces) by extension 'colcon_meta'
[0.349s] Level 1:colcon.colcon_core.package_identification:_identify(src/argj801_ctl_platform/argj801_ctl_platform_interfaces) by extensions ['ros']
[0.349s] Level 1:colcon.colcon_core.package_identification:_identify(src/argj801_ctl_platform/argj801_ctl_platform_interfaces) by extension 'ros'
[0.349s] DEBUG:colcon.colcon_core.package_identification:Package 'src/argj801_ctl_platform/argj801_ctl_platform_interfaces' with type 'ros.ament_cmake' and name 'argj801_ctl_platform_interfaces'
[0.349s] Level 1:colcon.colcon_core.package_identification:_identify(src/car_cpp) by extensions ['ignore', 'ignore_ament_install']
[0.350s] Level 1:colcon.colcon_core.package_identification:_identify(src/car_cpp) by extension 'ignore'
[0.350s] Level 1:colcon.colcon_core.package_identification:_identify(src/car_cpp) by extension 'ignore_ament_install'
[0.350s] Level 1:colcon.colcon_core.package_identification:_identify(src/car_cpp) by extensions ['colcon_pkg']
[0.350s] Level 1:colcon.colcon_core.package_identification:_identify(src/car_cpp) by extension 'colcon_pkg'
[0.350s] Level 1:colcon.colcon_core.package_identification:_identify(src/car_cpp) by extensions ['colcon_meta']
[0.350s] Level 1:colcon.colcon_core.package_identification:_identify(src/car_cpp) by extension 'colcon_meta'
[0.350s] Level 1:colcon.colcon_core.package_identification:_identify(src/car_cpp) by extensions ['ros']
[0.350s] Level 1:colcon.colcon_core.package_identification:_identify(src/car_cpp) by extension 'ros'
[0.351s] DEBUG:colcon.colcon_core.package_identification:Package 'src/car_cpp' with type 'ros.ament_cmake' and name 'car_cpp'
[0.351s] Level 1:colcon.colcon_core.package_identification:_identify(src/car_interfaces) by extensions ['ignore', 'ignore_ament_install']
[0.351s] Level 1:colcon.colcon_core.package_identification:_identify(src/car_interfaces) by extension 'ignore'
[0.351s] Level 1:colcon.colcon_core.package_identification:_identify(src/car_interfaces) by extension 'ignore_ament_install'
[0.351s] Level 1:colcon.colcon_core.package_identification:_identify(src/car_interfaces) by extensions ['colcon_pkg']
[0.351s] Level 1:colcon.colcon_core.package_identification:_identify(src/car_interfaces) by extension 'colcon_pkg'
[0.351s] Level 1:colcon.colcon_core.package_identification:_identify(src/car_interfaces) by extensions ['colcon_meta']
[0.351s] Level 1:colcon.colcon_core.package_identification:_identify(src/car_interfaces) by extension 'colcon_meta'
[0.351s] Level 1:colcon.colcon_core.package_identification:_identify(src/car_interfaces) by extensions ['ros']
[0.351s] Level 1:colcon.colcon_core.package_identification:_identify(src/car_interfaces) by extension 'ros'
[0.352s] DEBUG:colcon.colcon_core.package_identification:Package 'src/car_interfaces' with type 'ros.ament_cmake' and name 'car_interfaces'
[0.352s] Level 1:colcon.colcon_core.package_identification:_identify(src/car_python) by extensions ['ignore', 'ignore_ament_install']
[0.352s] Level 1:colcon.colcon_core.package_identification:_identify(src/car_python) by extension 'ignore'
[0.353s] Level 1:colcon.colcon_core.package_identification:_identify(src/car_python) by extension 'ignore_ament_install'
[0.353s] Level 1:colcon.colcon_core.package_identification:_identify(src/car_python) by extensions ['colcon_pkg']
[0.353s] Level 1:colcon.colcon_core.package_identification:_identify(src/car_python) by extension 'colcon_pkg'
[0.353s] Level 1:colcon.colcon_core.package_identification:_identify(src/car_python) by extensions ['colcon_meta']
[0.353s] Level 1:colcon.colcon_core.package_identification:_identify(src/car_python) by extension 'colcon_meta'
[0.353s] Level 1:colcon.colcon_core.package_identification:_identify(src/car_python) by extensions ['ros']
[0.353s] Level 1:colcon.colcon_core.package_identification:_identify(src/car_python) by extension 'ros'
[0.355s] DEBUG:colcon.colcon_core.package_identification:Package 'src/car_python' with type 'ros.ament_python' and name 'car'
[0.355s] Level 1:colcon.colcon_core.package_identification:_identify(src/gazebo_sim_pkgs) by extensions ['ignore', 'ignore_ament_install']
[0.355s] Level 1:colcon.colcon_core.package_identification:_identify(src/gazebo_sim_pkgs) by extension 'ignore'
[0.355s] Level 1:colcon.colcon_core.package_identification:_identify(src/gazebo_sim_pkgs) by extension 'ignore_ament_install'
[0.356s] Level 1:colcon.colcon_core.package_identification:_identify(src/gazebo_sim_pkgs) by extensions ['colcon_pkg']
[0.356s] Level 1:colcon.colcon_core.package_identification:_identify(src/gazebo_sim_pkgs) by extension 'colcon_pkg'
[0.356s] Level 1:colcon.colcon_core.package_identification:_identify(src/gazebo_sim_pkgs) by extensions ['colcon_meta']
[0.356s] Level 1:colcon.colcon_core.package_identification:_identify(src/gazebo_sim_pkgs) by extension 'colcon_meta'
[0.356s] Level 1:colcon.colcon_core.package_identification:_identify(src/gazebo_sim_pkgs) by extensions ['ros']
[0.356s] Level 1:colcon.colcon_core.package_identification:_identify(src/gazebo_sim_pkgs) by extension 'ros'
[0.356s] Level 1:colcon.colcon_core.package_identification:_identify(src/gazebo_sim_pkgs) by extensions ['cmake', 'python']
[0.356s] Level 1:colcon.colcon_core.package_identification:_identify(src/gazebo_sim_pkgs) by extension 'cmake'
[0.356s] Level 1:colcon.colcon_core.package_identification:_identify(src/gazebo_sim_pkgs) by extension 'python'
[0.356s] Level 1:colcon.colcon_core.package_identification:_identify(src/gazebo_sim_pkgs) by extensions ['python_setup_py']
[0.356s] Level 1:colcon.colcon_core.package_identification:_identify(src/gazebo_sim_pkgs) by extension 'python_setup_py'
[0.356s] Level 1:colcon.colcon_core.package_identification:_identify(src/gazebo_sim_pkgs/fix_position_pkg) by extensions ['ignore', 'ignore_ament_install']
[0.356s] Level 1:colcon.colcon_core.package_identification:_identify(src/gazebo_sim_pkgs/fix_position_pkg) by extension 'ignore'
[0.356s] Level 1:colcon.colcon_core.package_identification:_identify(src/gazebo_sim_pkgs/fix_position_pkg) by extension 'ignore_ament_install'
[0.356s] Level 1:colcon.colcon_core.package_identification:_identify(src/gazebo_sim_pkgs/fix_position_pkg) by extensions ['colcon_pkg']
[0.356s] Level 1:colcon.colcon_core.package_identification:_identify(src/gazebo_sim_pkgs/fix_position_pkg) by extension 'colcon_pkg'
[0.356s] Level 1:colcon.colcon_core.package_identification:_identify(src/gazebo_sim_pkgs/fix_position_pkg) by extensions ['colcon_meta']
[0.356s] Level 1:colcon.colcon_core.package_identification:_identify(src/gazebo_sim_pkgs/fix_position_pkg) by extension 'colcon_meta'
[0.356s] Level 1:colcon.colcon_core.package_identification:_identify(src/gazebo_sim_pkgs/fix_position_pkg) by extensions ['ros']
[0.356s] Level 1:colcon.colcon_core.package_identification:_identify(src/gazebo_sim_pkgs/fix_position_pkg) by extension 'ros'
[0.358s] DEBUG:colcon.colcon_core.package_identification:Package 'src/gazebo_sim_pkgs/fix_position_pkg' with type 'ros.ament_cmake' and name 'fixposition_sensor_pkg'
[0.358s] Level 1:colcon.colcon_core.package_identification:_identify(src/gazebo_sim_pkgs/j8_xacro_model) by extensions ['ignore', 'ignore_ament_install']
[0.358s] Level 1:colcon.colcon_core.package_identification:_identify(src/gazebo_sim_pkgs/j8_xacro_model) by extension 'ignore'
[0.358s] Level 1:colcon.colcon_core.package_identification:_identify(src/gazebo_sim_pkgs/j8_xacro_model) by extension 'ignore_ament_install'
[0.358s] Level 1:colcon.colcon_core.package_identification:_identify(src/gazebo_sim_pkgs/j8_xacro_model) by extensions ['colcon_pkg']
[0.358s] Level 1:colcon.colcon_core.package_identification:_identify(src/gazebo_sim_pkgs/j8_xacro_model) by extension 'colcon_pkg'
[0.358s] Level 1:colcon.colcon_core.package_identification:_identify(src/gazebo_sim_pkgs/j8_xacro_model) by extensions ['colcon_meta']
[0.358s] Level 1:colcon.colcon_core.package_identification:_identify(src/gazebo_sim_pkgs/j8_xacro_model) by extension 'colcon_meta'
[0.358s] Level 1:colcon.colcon_core.package_identification:_identify(src/gazebo_sim_pkgs/j8_xacro_model) by extensions ['ros']
[0.358s] Level 1:colcon.colcon_core.package_identification:_identify(src/gazebo_sim_pkgs/j8_xacro_model) by extension 'ros'
[0.360s] DEBUG:colcon.colcon_core.package_identification:Package 'src/gazebo_sim_pkgs/j8_xacro_model' with type 'ros.ament_cmake' and name 'j8_xacro_model'
[0.360s] Level 1:colcon.colcon_core.package_identification:_identify(src/gazebo_sim_pkgs/zed_camera_pkg) by extensions ['ignore', 'ignore_ament_install']
[0.360s] Level 1:colcon.colcon_core.package_identification:_identify(src/gazebo_sim_pkgs/zed_camera_pkg) by extension 'ignore'
[0.360s] Level 1:colcon.colcon_core.package_identification:_identify(src/gazebo_sim_pkgs/zed_camera_pkg) by extension 'ignore_ament_install'
[0.360s] Level 1:colcon.colcon_core.package_identification:_identify(src/gazebo_sim_pkgs/zed_camera_pkg) by extensions ['colcon_pkg']
[0.360s] Level 1:colcon.colcon_core.package_identification:_identify(src/gazebo_sim_pkgs/zed_camera_pkg) by extension 'colcon_pkg'
[0.360s] Level 1:colcon.colcon_core.package_identification:_identify(src/gazebo_sim_pkgs/zed_camera_pkg) by extensions ['colcon_meta']
[0.360s] Level 1:colcon.colcon_core.package_identification:_identify(src/gazebo_sim_pkgs/zed_camera_pkg) by extension 'colcon_meta'
[0.360s] Level 1:colcon.colcon_core.package_identification:_identify(src/gazebo_sim_pkgs/zed_camera_pkg) by extensions ['ros']
[0.360s] Level 1:colcon.colcon_core.package_identification:_identify(src/gazebo_sim_pkgs/zed_camera_pkg) by extension 'ros'
[0.360s] Level 1:colcon.colcon_core.package_identification:_identify(src/gazebo_sim_pkgs/zed_camera_pkg) by extensions ['cmake', 'python']
[0.360s] Level 1:colcon.colcon_core.package_identification:_identify(src/gazebo_sim_pkgs/zed_camera_pkg) by extension 'cmake'
[0.360s] Level 1:colcon.colcon_core.package_identification:_identify(src/gazebo_sim_pkgs/zed_camera_pkg) by extension 'python'
[0.360s] Level 1:colcon.colcon_core.package_identification:_identify(src/gazebo_sim_pkgs/zed_camera_pkg) by extensions ['python_setup_py']
[0.360s] Level 1:colcon.colcon_core.package_identification:_identify(src/gazebo_sim_pkgs/zed_camera_pkg) by extension 'python_setup_py'
[0.360s] Level 1:colcon.colcon_core.package_identification:_identify(src/hector_gazebo) by extensions ['ignore', 'ignore_ament_install']
[0.361s] Level 1:colcon.colcon_core.package_identification:_identify(src/hector_gazebo) by extension 'ignore'
[0.361s] Level 1:colcon.colcon_core.package_identification:_identify(src/hector_gazebo) by extension 'ignore_ament_install'
[0.361s] Level 1:colcon.colcon_core.package_identification:_identify(src/hector_gazebo) by extensions ['colcon_pkg']
[0.361s] Level 1:colcon.colcon_core.package_identification:_identify(src/hector_gazebo) by extension 'colcon_pkg'
[0.361s] Level 1:colcon.colcon_core.package_identification:_identify(src/hector_gazebo) by extensions ['colcon_meta']
[0.361s] Level 1:colcon.colcon_core.package_identification:_identify(src/hector_gazebo) by extension 'colcon_meta'
[0.361s] Level 1:colcon.colcon_core.package_identification:_identify(src/hector_gazebo) by extensions ['ros']
[0.361s] Level 1:colcon.colcon_core.package_identification:_identify(src/hector_gazebo) by extension 'ros'
[0.363s] DEBUG:colcon.colcon_core.package_identification:Package 'src/hector_gazebo' with type 'ros.ament_cmake' and name 'hector_gazebo_plugins'
[0.363s] Level 1:colcon.colcon_core.package_identification:_identify(src/octomap) by extensions ['ignore', 'ignore_ament_install']
[0.363s] Level 1:colcon.colcon_core.package_identification:_identify(src/octomap) by extension 'ignore'
[0.363s] Level 1:colcon.colcon_core.package_identification:_identify(src/octomap) by extension 'ignore_ament_install'
[0.363s] Level 1:colcon.colcon_core.package_identification:_identify(src/octomap) by extensions ['colcon_pkg']
[0.363s] Level 1:colcon.colcon_core.package_identification:_identify(src/octomap) by extension 'colcon_pkg'
[0.363s] Level 1:colcon.colcon_core.package_identification:_identify(src/octomap) by extensions ['colcon_meta']
[0.363s] Level 1:colcon.colcon_core.package_identification:_identify(src/octomap) by extension 'colcon_meta'
[0.364s] Level 1:colcon.colcon_core.package_identification:_identify(src/octomap) by extensions ['ros']
[0.364s] Level 1:colcon.colcon_core.package_identification:_identify(src/octomap) by extension 'ros'
[0.364s] Level 1:colcon.colcon_core.package_identification:_identify(src/octomap) by extensions ['cmake', 'python']
[0.364s] Level 1:colcon.colcon_core.package_identification:_identify(src/octomap) by extension 'cmake'
[0.364s] Level 1:colcon.colcon_core.package_identification:_identify(src/octomap) by extension 'python'
[0.364s] Level 1:colcon.colcon_core.package_identification:_identify(src/octomap) by extensions ['python_setup_py']
[0.364s] Level 1:colcon.colcon_core.package_identification:_identify(src/octomap) by extension 'python_setup_py'
[0.364s] Level 1:colcon.colcon_core.package_identification:_identify(src/octomap/octomap_mapping) by extensions ['ignore', 'ignore_ament_install']
[0.364s] Level 1:colcon.colcon_core.package_identification:_identify(src/octomap/octomap_mapping) by extension 'ignore'
[0.364s] Level 1:colcon.colcon_core.package_identification:_identify(src/octomap/octomap_mapping) by extension 'ignore_ament_install'
[0.364s] Level 1:colcon.colcon_core.package_identification:_identify(src/octomap/octomap_mapping) by extensions ['colcon_pkg']
[0.364s] Level 1:colcon.colcon_core.package_identification:_identify(src/octomap/octomap_mapping) by extension 'colcon_pkg'
[0.364s] Level 1:colcon.colcon_core.package_identification:_identify(src/octomap/octomap_mapping) by extensions ['colcon_meta']
[0.364s] Level 1:colcon.colcon_core.package_identification:_identify(src/octomap/octomap_mapping) by extension 'colcon_meta'
[0.364s] Level 1:colcon.colcon_core.package_identification:_identify(src/octomap/octomap_mapping) by extensions ['ros']
[0.364s] Level 1:colcon.colcon_core.package_identification:_identify(src/octomap/octomap_mapping) by extension 'ros'
[0.365s] DEBUG:colcon.colcon_core.package_identification:Package 'src/octomap/octomap_mapping' with type 'ros.ament_cmake' and name 'octomap_mapping'
[0.365s] Level 1:colcon.colcon_core.package_identification:_identify(src/octomap/octomap_server) by extensions ['ignore', 'ignore_ament_install']
[0.365s] Level 1:colcon.colcon_core.package_identification:_identify(src/octomap/octomap_server) by extension 'ignore'
[0.365s] Level 1:colcon.colcon_core.package_identification:_identify(src/octomap/octomap_server) by extension 'ignore_ament_install'
[0.365s] Level 1:colcon.colcon_core.package_identification:_identify(src/octomap/octomap_server) by extensions ['colcon_pkg']
[0.365s] Level 1:colcon.colcon_core.package_identification:_identify(src/octomap/octomap_server) by extension 'colcon_pkg'
[0.365s] Level 1:colcon.colcon_core.package_identification:_identify(src/octomap/octomap_server) by extensions ['colcon_meta']
[0.365s] Level 1:colcon.colcon_core.package_identification:_identify(src/octomap/octomap_server) by extension 'colcon_meta'
[0.365s] Level 1:colcon.colcon_core.package_identification:_identify(src/octomap/octomap_server) by extensions ['ros']
[0.365s] Level 1:colcon.colcon_core.package_identification:_identify(src/octomap/octomap_server) by extension 'ros'
[0.367s] DEBUG:colcon.colcon_core.package_identification:Package 'src/octomap/octomap_server' with type 'ros.ament_cmake' and name 'octomap_server'
[0.367s] Level 1:colcon.colcon_core.package_identification:_identify(src/plugin_rviz) by extensions ['ignore', 'ignore_ament_install']
[0.368s] Level 1:colcon.colcon_core.package_identification:_identify(src/plugin_rviz) by extension 'ignore'
[0.368s] Level 1:colcon.colcon_core.package_identification:_identify(src/plugin_rviz) by extension 'ignore_ament_install'
[0.368s] Level 1:colcon.colcon_core.package_identification:_identify(src/plugin_rviz) by extensions ['colcon_pkg']
[0.368s] Level 1:colcon.colcon_core.package_identification:_identify(src/plugin_rviz) by extension 'colcon_pkg'
[0.368s] Level 1:colcon.colcon_core.package_identification:_identify(src/plugin_rviz) by extensions ['colcon_meta']
[0.368s] Level 1:colcon.colcon_core.package_identification:_identify(src/plugin_rviz) by extension 'colcon_meta'
[0.368s] Level 1:colcon.colcon_core.package_identification:_identify(src/plugin_rviz) by extensions ['ros']
[0.368s] Level 1:colcon.colcon_core.package_identification:_identify(src/plugin_rviz) by extension 'ros'
[0.381s] DEBUG:colcon.colcon_core.package_identification:Package 'src/plugin_rviz' with type 'ros.ament_cmake' and name 'octomap_rviz_plugins'
[0.381s] Level 1:colcon.colcon_core.package_identification:_identify(weights) by extensions ['ignore', 'ignore_ament_install']
[0.381s] Level 1:colcon.colcon_core.package_identification:_identify(weights) by extension 'ignore'
[0.381s] Level 1:colcon.colcon_core.package_identification:_identify(weights) by extension 'ignore_ament_install'
[0.381s] Level 1:colcon.colcon_core.package_identification:_identify(weights) by extensions ['colcon_pkg']
[0.381s] Level 1:colcon.colcon_core.package_identification:_identify(weights) by extension 'colcon_pkg'
[0.382s] Level 1:colcon.colcon_core.package_identification:_identify(weights) by extensions ['colcon_meta']
[0.382s] Level 1:colcon.colcon_core.package_identification:_identify(weights) by extension 'colcon_meta'
[0.382s] Level 1:colcon.colcon_core.package_identification:_identify(weights) by extensions ['ros']
[0.382s] Level 1:colcon.colcon_core.package_identification:_identify(weights) by extension 'ros'
[0.382s] Level 1:colcon.colcon_core.package_identification:_identify(weights) by extensions ['cmake', 'python']
[0.382s] Level 1:colcon.colcon_core.package_identification:_identify(weights) by extension 'cmake'
[0.382s] Level 1:colcon.colcon_core.package_identification:_identify(weights) by extension 'python'
[0.382s] Level 1:colcon.colcon_core.package_identification:_identify(weights) by extensions ['python_setup_py']
[0.382s] Level 1:colcon.colcon_core.package_identification:_identify(weights) by extension 'python_setup_py'
[0.382s] Level 1:colcon.colcon_core.package_identification:_identify(weights/run_20250615_211459) by extensions ['ignore', 'ignore_ament_install']
[0.382s] Level 1:colcon.colcon_core.package_identification:_identify(weights/run_20250615_211459) by extension 'ignore'
[0.382s] Level 1:colcon.colcon_core.package_identification:_identify(weights/run_20250615_211459) by extension 'ignore_ament_install'
[0.382s] Level 1:colcon.colcon_core.package_identification:_identify(weights/run_20250615_211459) by extensions ['colcon_pkg']
[0.382s] Level 1:colcon.colcon_core.package_identification:_identify(weights/run_20250615_211459) by extension 'colcon_pkg'
[0.382s] Level 1:colcon.colcon_core.package_identification:_identify(weights/run_20250615_211459) by extensions ['colcon_meta']
[0.382s] Level 1:colcon.colcon_core.package_identification:_identify(weights/run_20250615_211459) by extension 'colcon_meta'
[0.382s] Level 1:colcon.colcon_core.package_identification:_identify(weights/run_20250615_211459) by extensions ['ros']
[0.382s] Level 1:colcon.colcon_core.package_identification:_identify(weights/run_20250615_211459) by extension 'ros'
[0.382s] Level 1:colcon.colcon_core.package_identification:_identify(weights/run_20250615_211459) by extensions ['cmake', 'python']
[0.382s] Level 1:colcon.colcon_core.package_identification:_identify(weights/run_20250615_211459) by extension 'cmake'
[0.382s] Level 1:colcon.colcon_core.package_identification:_identify(weights/run_20250615_211459) by extension 'python'
[0.382s] Level 1:colcon.colcon_core.package_identification:_identify(weights/run_20250615_211459) by extensions ['python_setup_py']
[0.382s] Level 1:colcon.colcon_core.package_identification:_identify(weights/run_20250615_211459) by extension 'python_setup_py'
[0.382s] Level 1:colcon.colcon_core.package_identification:_identify(weights/run_20250615_212610) by extensions ['ignore', 'ignore_ament_install']
[0.383s] Level 1:colcon.colcon_core.package_identification:_identify(weights/run_20250615_212610) by extension 'ignore'
[0.383s] Level 1:colcon.colcon_core.package_identification:_identify(weights/run_20250615_212610) by extension 'ignore_ament_install'
[0.383s] Level 1:colcon.colcon_core.package_identification:_identify(weights/run_20250615_212610) by extensions ['colcon_pkg']
[0.383s] Level 1:colcon.colcon_core.package_identification:_identify(weights/run_20250615_212610) by extension 'colcon_pkg'
[0.383s] Level 1:colcon.colcon_core.package_identification:_identify(weights/run_20250615_212610) by extensions ['colcon_meta']
[0.383s] Level 1:colcon.colcon_core.package_identification:_identify(weights/run_20250615_212610) by extension 'colcon_meta'
[0.383s] Level 1:colcon.colcon_core.package_identification:_identify(weights/run_20250615_212610) by extensions ['ros']
[0.383s] Level 1:colcon.colcon_core.package_identification:_identify(weights/run_20250615_212610) by extension 'ros'
[0.383s] Level 1:colcon.colcon_core.package_identification:_identify(weights/run_20250615_212610) by extensions ['cmake', 'python']
[0.383s] Level 1:colcon.colcon_core.package_identification:_identify(weights/run_20250615_212610) by extension 'cmake'
[0.383s] Level 1:colcon.colcon_core.package_identification:_identify(weights/run_20250615_212610) by extension 'python'
[0.383s] Level 1:colcon.colcon_core.package_identification:_identify(weights/run_20250615_212610) by extensions ['python_setup_py']
[0.383s] Level 1:colcon.colcon_core.package_identification:_identify(weights/run_20250615_212610) by extension 'python_setup_py'
[0.383s] Level 1:colcon.colcon_core.package_identification:_identify(weights/run_20250615_215647) by extensions ['ignore', 'ignore_ament_install']
[0.383s] Level 1:colcon.colcon_core.package_identification:_identify(weights/run_20250615_215647) by extension 'ignore'
[0.383s] Level 1:colcon.colcon_core.package_identification:_identify(weights/run_20250615_215647) by extension 'ignore_ament_install'
[0.383s] Level 1:colcon.colcon_core.package_identification:_identify(weights/run_20250615_215647) by extensions ['colcon_pkg']
[0.383s] Level 1:colcon.colcon_core.package_identification:_identify(weights/run_20250615_215647) by extension 'colcon_pkg'
[0.383s] Level 1:colcon.colcon_core.package_identification:_identify(weights/run_20250615_215647) by extensions ['colcon_meta']
[0.383s] Level 1:colcon.colcon_core.package_identification:_identify(weights/run_20250615_215647) by extension 'colcon_meta'
[0.383s] Level 1:colcon.colcon_core.package_identification:_identify(weights/run_20250615_215647) by extensions ['ros']
[0.383s] Level 1:colcon.colcon_core.package_identification:_identify(weights/run_20250615_215647) by extension 'ros'
[0.383s] Level 1:colcon.colcon_core.package_identification:_identify(weights/run_20250615_215647) by extensions ['cmake', 'python']
[0.383s] Level 1:colcon.colcon_core.package_identification:_identify(weights/run_20250615_215647) by extension 'cmake'
[0.383s] Level 1:colcon.colcon_core.package_identification:_identify(weights/run_20250615_215647) by extension 'python'
[0.384s] Level 1:colcon.colcon_core.package_identification:_identify(weights/run_20250615_215647) by extensions ['python_setup_py']
[0.384s] Level 1:colcon.colcon_core.package_identification:_identify(weights/run_20250615_215647) by extension 'python_setup_py'
[0.384s] Level 1:colcon.colcon_core.package_identification:_identify(weights/run_20250615_215741) by extensions ['ignore', 'ignore_ament_install']
[0.384s] Level 1:colcon.colcon_core.package_identification:_identify(weights/run_20250615_215741) by extension 'ignore'
[0.384s] Level 1:colcon.colcon_core.package_identification:_identify(weights/run_20250615_215741) by extension 'ignore_ament_install'
[0.384s] Level 1:colcon.colcon_core.package_identification:_identify(weights/run_20250615_215741) by extensions ['colcon_pkg']
[0.384s] Level 1:colcon.colcon_core.package_identification:_identify(weights/run_20250615_215741) by extension 'colcon_pkg'
[0.384s] Level 1:colcon.colcon_core.package_identification:_identify(weights/run_20250615_215741) by extensions ['colcon_meta']
[0.384s] Level 1:colcon.colcon_core.package_identification:_identify(weights/run_20250615_215741) by extension 'colcon_meta'
[0.384s] Level 1:colcon.colcon_core.package_identification:_identify(weights/run_20250615_215741) by extensions ['ros']
[0.384s] Level 1:colcon.colcon_core.package_identification:_identify(weights/run_20250615_215741) by extension 'ros'
[0.384s] Level 1:colcon.colcon_core.package_identification:_identify(weights/run_20250615_215741) by extensions ['cmake', 'python']
[0.384s] Level 1:colcon.colcon_core.package_identification:_identify(weights/run_20250615_215741) by extension 'cmake'
[0.384s] Level 1:colcon.colcon_core.package_identification:_identify(weights/run_20250615_215741) by extension 'python'
[0.384s] Level 1:colcon.colcon_core.package_identification:_identify(weights/run_20250615_215741) by extensions ['python_setup_py']
[0.384s] Level 1:colcon.colcon_core.package_identification:_identify(weights/run_20250615_215741) by extension 'python_setup_py'
[0.384s] Level 1:colcon.colcon_core.package_identification:_identify(weights/run_20250615_220054) by extensions ['ignore', 'ignore_ament_install']
[0.384s] Level 1:colcon.colcon_core.package_identification:_identify(weights/run_20250615_220054) by extension 'ignore'
[0.384s] Level 1:colcon.colcon_core.package_identification:_identify(weights/run_20250615_220054) by extension 'ignore_ament_install'
[0.384s] Level 1:colcon.colcon_core.package_identification:_identify(weights/run_20250615_220054) by extensions ['colcon_pkg']
[0.384s] Level 1:colcon.colcon_core.package_identification:_identify(weights/run_20250615_220054) by extension 'colcon_pkg'
[0.385s] Level 1:colcon.colcon_core.package_identification:_identify(weights/run_20250615_220054) by extensions ['colcon_meta']
[0.385s] Level 1:colcon.colcon_core.package_identification:_identify(weights/run_20250615_220054) by extension 'colcon_meta'
[0.385s] Level 1:colcon.colcon_core.package_identification:_identify(weights/run_20250615_220054) by extensions ['ros']
[0.385s] Level 1:colcon.colcon_core.package_identification:_identify(weights/run_20250615_220054) by extension 'ros'
[0.385s] Level 1:colcon.colcon_core.package_identification:_identify(weights/run_20250615_220054) by extensions ['cmake', 'python']
[0.385s] Level 1:colcon.colcon_core.package_identification:_identify(weights/run_20250615_220054) by extension 'cmake'
[0.385s] Level 1:colcon.colcon_core.package_identification:_identify(weights/run_20250615_220054) by extension 'python'
[0.385s] Level 1:colcon.colcon_core.package_identification:_identify(weights/run_20250615_220054) by extensions ['python_setup_py']
[0.385s] Level 1:colcon.colcon_core.package_identification:_identify(weights/run_20250615_220054) by extension 'python_setup_py'
[0.385s] Level 1:colcon.colcon_core.package_identification:_identify(weights_terrain) by extensions ['ignore', 'ignore_ament_install']
[0.385s] Level 1:colcon.colcon_core.package_identification:_identify(weights_terrain) by extension 'ignore'
[0.385s] Level 1:colcon.colcon_core.package_identification:_identify(weights_terrain) by extension 'ignore_ament_install'
[0.385s] Level 1:colcon.colcon_core.package_identification:_identify(weights_terrain) by extensions ['colcon_pkg']
[0.385s] Level 1:colcon.colcon_core.package_identification:_identify(weights_terrain) by extension 'colcon_pkg'
[0.385s] Level 1:colcon.colcon_core.package_identification:_identify(weights_terrain) by extensions ['colcon_meta']
[0.385s] Level 1:colcon.colcon_core.package_identification:_identify(weights_terrain) by extension 'colcon_meta'
[0.385s] Level 1:colcon.colcon_core.package_identification:_identify(weights_terrain) by extensions ['ros']
[0.385s] Level 1:colcon.colcon_core.package_identification:_identify(weights_terrain) by extension 'ros'
[0.385s] Level 1:colcon.colcon_core.package_identification:_identify(weights_terrain) by extensions ['cmake', 'python']
[0.385s] Level 1:colcon.colcon_core.package_identification:_identify(weights_terrain) by extension 'cmake'
[0.385s] Level 1:colcon.colcon_core.package_identification:_identify(weights_terrain) by extension 'python'
[0.385s] Level 1:colcon.colcon_core.package_identification:_identify(weights_terrain) by extensions ['python_setup_py']
[0.385s] Level 1:colcon.colcon_core.package_identification:_identify(weights_terrain) by extension 'python_setup_py'
[0.385s] Level 1:colcon.colcon_core.package_identification:_identify(weights_works_old) by extensions ['ignore', 'ignore_ament_install']
[0.386s] Level 1:colcon.colcon_core.package_identification:_identify(weights_works_old) by extension 'ignore'
[0.386s] Level 1:colcon.colcon_core.package_identification:_identify(weights_works_old) by extension 'ignore_ament_install'
[0.386s] Level 1:colcon.colcon_core.package_identification:_identify(weights_works_old) by extensions ['colcon_pkg']
[0.386s] Level 1:colcon.colcon_core.package_identification:_identify(weights_works_old) by extension 'colcon_pkg'
[0.386s] Level 1:colcon.colcon_core.package_identification:_identify(weights_works_old) by extensions ['colcon_meta']
[0.386s] Level 1:colcon.colcon_core.package_identification:_identify(weights_works_old) by extension 'colcon_meta'
[0.386s] Level 1:colcon.colcon_core.package_identification:_identify(weights_works_old) by extensions ['ros']
[0.386s] Level 1:colcon.colcon_core.package_identification:_identify(weights_works_old) by extension 'ros'
[0.386s] Level 1:colcon.colcon_core.package_identification:_identify(weights_works_old) by extensions ['cmake', 'python']
[0.386s] Level 1:colcon.colcon_core.package_identification:_identify(weights_works_old) by extension 'cmake'
[0.386s] Level 1:colcon.colcon_core.package_identification:_identify(weights_works_old) by extension 'python'
[0.386s] Level 1:colcon.colcon_core.package_identification:_identify(weights_works_old) by extensions ['python_setup_py']
[0.386s] Level 1:colcon.colcon_core.package_identification:_identify(weights_works_old) by extension 'python_setup_py'
[0.386s] Level 1:colcon.colcon_core.package_identification:_identify(weights_works_old/run_20250612_092653) by extensions ['ignore', 'ignore_ament_install']
[0.386s] Level 1:colcon.colcon_core.package_identification:_identify(weights_works_old/run_20250612_092653) by extension 'ignore'
[0.386s] Level 1:colcon.colcon_core.package_identification:_identify(weights_works_old/run_20250612_092653) by extension 'ignore_ament_install'
[0.386s] Level 1:colcon.colcon_core.package_identification:_identify(weights_works_old/run_20250612_092653) by extensions ['colcon_pkg']
[0.386s] Level 1:colcon.colcon_core.package_identification:_identify(weights_works_old/run_20250612_092653) by extension 'colcon_pkg'
[0.386s] Level 1:colcon.colcon_core.package_identification:_identify(weights_works_old/run_20250612_092653) by extensions ['colcon_meta']
[0.386s] Level 1:colcon.colcon_core.package_identification:_identify(weights_works_old/run_20250612_092653) by extension 'colcon_meta'
[0.386s] Level 1:colcon.colcon_core.package_identification:_identify(weights_works_old/run_20250612_092653) by extensions ['ros']
[0.386s] Level 1:colcon.colcon_core.package_identification:_identify(weights_works_old/run_20250612_092653) by extension 'ros'
[0.386s] Level 1:colcon.colcon_core.package_identification:_identify(weights_works_old/run_20250612_092653) by extensions ['cmake', 'python']
[0.386s] Level 1:colcon.colcon_core.package_identification:_identify(weights_works_old/run_20250612_092653) by extension 'cmake'
[0.386s] Level 1:colcon.colcon_core.package_identification:_identify(weights_works_old/run_20250612_092653) by extension 'python'
[0.387s] Level 1:colcon.colcon_core.package_identification:_identify(weights_works_old/run_20250612_092653) by extensions ['python_setup_py']
[0.387s] Level 1:colcon.colcon_core.package_identification:_identify(weights_works_old/run_20250612_092653) by extension 'python_setup_py'
[0.387s] Level 1:colcon.colcon_core.package_identification:_identify(weights_works_old/run_20250612_104607) by extensions ['ignore', 'ignore_ament_install']
[0.387s] Level 1:colcon.colcon_core.package_identification:_identify(weights_works_old/run_20250612_104607) by extension 'ignore'
[0.387s] Level 1:colcon.colcon_core.package_identification:_identify(weights_works_old/run_20250612_104607) by extension 'ignore_ament_install'
[0.387s] Level 1:colcon.colcon_core.package_identification:_identify(weights_works_old/run_20250612_104607) by extensions ['colcon_pkg']
[0.387s] Level 1:colcon.colcon_core.package_identification:_identify(weights_works_old/run_20250612_104607) by extension 'colcon_pkg'
[0.387s] Level 1:colcon.colcon_core.package_identification:_identify(weights_works_old/run_20250612_104607) by extensions ['colcon_meta']
[0.387s] Level 1:colcon.colcon_core.package_identification:_identify(weights_works_old/run_20250612_104607) by extension 'colcon_meta'
[0.387s] Level 1:colcon.colcon_core.package_identification:_identify(weights_works_old/run_20250612_104607) by extensions ['ros']
[0.387s] Level 1:colcon.colcon_core.package_identification:_identify(weights_works_old/run_20250612_104607) by extension 'ros'
[0.387s] Level 1:colcon.colcon_core.package_identification:_identify(weights_works_old/run_20250612_104607) by extensions ['cmake', 'python']
[0.387s] Level 1:colcon.colcon_core.package_identification:_identify(weights_works_old/run_20250612_104607) by extension 'cmake'
[0.387s] Level 1:colcon.colcon_core.package_identification:_identify(weights_works_old/run_20250612_104607) by extension 'python'
[0.387s] Level 1:colcon.colcon_core.package_identification:_identify(weights_works_old/run_20250612_104607) by extensions ['python_setup_py']
[0.387s] Level 1:colcon.colcon_core.package_identification:_identify(weights_works_old/run_20250612_104607) by extension 'python_setup_py'
[0.387s] Level 1:colcon.colcon_core.package_discovery:discover_packages(recursive) using defaults
[0.387s] Level 1:colcon.colcon_core.package_discovery:discover_packages(ignore) discover
[0.387s] Level 1:colcon.colcon_core.package_discovery:discover_packages(ignore) using defaults
[0.387s] Level 1:colcon.colcon_core.package_discovery:discover_packages(path) discover
[0.387s] Level 1:colcon.colcon_core.package_discovery:discover_packages(path) using defaults
[0.413s] Level 1:colcon.colcon_core.package_discovery:discover_packages(prefix_path) check parameters
[0.413s] Level 1:colcon.colcon_core.package_discovery:discover_packages(prefix_path) discover
[0.416s] DEBUG:colcon.colcon_installed_package_information.package_discovery:Found 11 installed packages in /home/rhobtor/PHD/ARGOJ8_IA/install
[0.416s] DEBUG:colcon.colcon_installed_package_information.package_discovery:Found 15 installed packages in /home/rhobtor/packages/install
[0.417s] DEBUG:colcon.colcon_installed_package_information.package_discovery:Found 7 installed packages in /home/rhobtor/PHD/reactive/Reactive-Navegation/workspace_full_conected/install
[0.419s] DEBUG:colcon.colcon_installed_package_information.package_discovery:Found 323 installed packages in /opt/ros/humble
[0.421s] Level 1:colcon.colcon_core.package_discovery:discover_packages(prefix_path) using defaults
[0.462s] WARNING:colcon.colcon_core.package_selection:Some selected packages are already built in one or more underlay workspaces:
	'octomap_rviz_plugins' is in: /home/rhobtor/PHD/ARGOJ8_IA/install/octomap_rviz_plugins, /home/rhobtor/PHD/reactive/Reactive-Navegation/workspace_full_conected/install/octomap_rviz_plugins
	'octomap_server' is in: /home/rhobtor/PHD/ARGOJ8_IA/install/octomap_server, /home/rhobtor/PHD/reactive/Reactive-Navegation/workspace_full_conected/install/octomap_server
If a package in a merged underlay workspace is overridden and it installs headers, then all packages in the overlay must sort their include directories by workspace order. Failure to do so may result in build failures or undefined behavior at run time.
If the overridden package is used by another package in any underlay, then the overriding package in the overlay must be API and ABI compatible or undefined behavior at run time may occur.

If you understand the risks and want to override a package anyways, add the following to the command line:
	--allow-overriding octomap_rviz_plugins octomap_server

This may be promoted to an error in a future release of colcon-override-check.
[0.463s] Level 5:colcon.colcon_core.verb:set package 'argj801_ctl_platform_interfaces' build argument 'cmake_args' from command line to 'None'
[0.463s] Level 5:colcon.colcon_core.verb:set package 'argj801_ctl_platform_interfaces' build argument 'cmake_target' from command line to 'None'
[0.463s] Level 5:colcon.colcon_core.verb:set package 'argj801_ctl_platform_interfaces' build argument 'cmake_target_skip_unavailable' from command line to 'False'
[0.463s] Level 5:colcon.colcon_core.verb:set package 'argj801_ctl_platform_interfaces' build argument 'cmake_clean_cache' from command line to 'False'
[0.463s] Level 5:colcon.colcon_core.verb:set package 'argj801_ctl_platform_interfaces' build argument 'cmake_clean_first' from command line to 'False'
[0.463s] Level 5:colcon.colcon_core.verb:set package 'argj801_ctl_platform_interfaces' build argument 'cmake_force_configure' from command line to 'False'
[0.463s] Level 5:colcon.colcon_core.verb:set package 'argj801_ctl_platform_interfaces' build argument 'ament_cmake_args' from command line to 'None'
[0.463s] Level 5:colcon.colcon_core.verb:set package 'argj801_ctl_platform_interfaces' build argument 'catkin_cmake_args' from command line to 'None'
[0.463s] Level 5:colcon.colcon_core.verb:set package 'argj801_ctl_platform_interfaces' build argument 'catkin_skip_building_tests' from command line to 'False'
[0.463s] DEBUG:colcon.colcon_core.verb:Building package 'argj801_ctl_platform_interfaces' with the following arguments: {'ament_cmake_args': None, 'build_base': '/home/rhobtor/PHD/ARGOJ8_IA/build/argj801_ctl_platform_interfaces', 'catkin_cmake_args': None, 'catkin_skip_building_tests': False, 'cmake_args': None, 'cmake_clean_cache': False, 'cmake_clean_first': False, 'cmake_force_configure': False, 'cmake_target': None, 'cmake_target_skip_unavailable': False, 'install_base': '/home/rhobtor/PHD/ARGOJ8_IA/install/argj801_ctl_platform_interfaces', 'merge_install': False, 'path': '/home/rhobtor/PHD/ARGOJ8_IA/src/argj801_ctl_platform/argj801_ctl_platform_interfaces', 'symlink_install': False, 'test_result_base': None}
[0.463s] Level 5:colcon.colcon_core.verb:set package 'car_interfaces' build argument 'cmake_args' from command line to 'None'
[0.463s] Level 5:colcon.colcon_core.verb:set package 'car_interfaces' build argument 'cmake_target' from command line to 'None'
[0.463s] Level 5:colcon.colcon_core.verb:set package 'car_interfaces' build argument 'cmake_target_skip_unavailable' from command line to 'False'
[0.463s] Level 5:colcon.colcon_core.verb:set package 'car_interfaces' build argument 'cmake_clean_cache' from command line to 'False'
[0.463s] Level 5:colcon.colcon_core.verb:set package 'car_interfaces' build argument 'cmake_clean_first' from command line to 'False'
[0.464s] Level 5:colcon.colcon_core.verb:set package 'car_interfaces' build argument 'cmake_force_configure' from command line to 'False'
[0.464s] Level 5:colcon.colcon_core.verb:set package 'car_interfaces' build argument 'ament_cmake_args' from command line to 'None'
[0.464s] Level 5:colcon.colcon_core.verb:set package 'car_interfaces' build argument 'catkin_cmake_args' from command line to 'None'
[0.464s] Level 5:colcon.colcon_core.verb:set package 'car_interfaces' build argument 'catkin_skip_building_tests' from command line to 'False'
[0.464s] DEBUG:colcon.colcon_core.verb:Building package 'car_interfaces' with the following arguments: {'ament_cmake_args': None, 'build_base': '/home/rhobtor/PHD/ARGOJ8_IA/build/car_interfaces', 'catkin_cmake_args': None, 'catkin_skip_building_tests': False, 'cmake_args': None, 'cmake_clean_cache': False, 'cmake_clean_first': False, 'cmake_force_configure': False, 'cmake_target': None, 'cmake_target_skip_unavailable': False, 'install_base': '/home/rhobtor/PHD/ARGOJ8_IA/install/car_interfaces', 'merge_install': False, 'path': '/home/rhobtor/PHD/ARGOJ8_IA/src/car_interfaces', 'symlink_install': False, 'test_result_base': None}
[0.464s] Level 5:colcon.colcon_core.verb:set package 'fixposition_sensor_pkg' build argument 'cmake_args' from command line to 'None'
[0.464s] Level 5:colcon.colcon_core.verb:set package 'fixposition_sensor_pkg' build argument 'cmake_target' from command line to 'None'
[0.464s] Level 5:colcon.colcon_core.verb:set package 'fixposition_sensor_pkg' build argument 'cmake_target_skip_unavailable' from command line to 'False'
[0.464s] Level 5:colcon.colcon_core.verb:set package 'fixposition_sensor_pkg' build argument 'cmake_clean_cache' from command line to 'False'
[0.464s] Level 5:colcon.colcon_core.verb:set package 'fixposition_sensor_pkg' build argument 'cmake_clean_first' from command line to 'False'
[0.464s] Level 5:colcon.colcon_core.verb:set package 'fixposition_sensor_pkg' build argument 'cmake_force_configure' from command line to 'False'
[0.464s] Level 5:colcon.colcon_core.verb:set package 'fixposition_sensor_pkg' build argument 'ament_cmake_args' from command line to 'None'
[0.464s] Level 5:colcon.colcon_core.verb:set package 'fixposition_sensor_pkg' build argument 'catkin_cmake_args' from command line to 'None'
[0.464s] Level 5:colcon.colcon_core.verb:set package 'fixposition_sensor_pkg' build argument 'catkin_skip_building_tests' from command line to 'False'
[0.464s] DEBUG:colcon.colcon_core.verb:Building package 'fixposition_sensor_pkg' with the following arguments: {'ament_cmake_args': None, 'build_base': '/home/rhobtor/PHD/ARGOJ8_IA/build/fixposition_sensor_pkg', 'catkin_cmake_args': None, 'catkin_skip_building_tests': False, 'cmake_args': None, 'cmake_clean_cache': False, 'cmake_clean_first': False, 'cmake_force_configure': False, 'cmake_target': None, 'cmake_target_skip_unavailable': False, 'install_base': '/home/rhobtor/PHD/ARGOJ8_IA/install/fixposition_sensor_pkg', 'merge_install': False, 'path': '/home/rhobtor/PHD/ARGOJ8_IA/src/gazebo_sim_pkgs/fix_position_pkg', 'symlink_install': False, 'test_result_base': None}
[0.464s] Level 5:colcon.colcon_core.verb:set package 'hector_gazebo_plugins' build argument 'cmake_args' from command line to 'None'
[0.464s] Level 5:colcon.colcon_core.verb:set package 'hector_gazebo_plugins' build argument 'cmake_target' from command line to 'None'
[0.465s] Level 5:colcon.colcon_core.verb:set package 'hector_gazebo_plugins' build argument 'cmake_target_skip_unavailable' from command line to 'False'
[0.465s] Level 5:colcon.colcon_core.verb:set package 'hector_gazebo_plugins' build argument 'cmake_clean_cache' from command line to 'False'
[0.465s] Level 5:colcon.colcon_core.verb:set package 'hector_gazebo_plugins' build argument 'cmake_clean_first' from command line to 'False'
[0.465s] Level 5:colcon.colcon_core.verb:set package 'hector_gazebo_plugins' build argument 'cmake_force_configure' from command line to 'False'
[0.465s] Level 5:colcon.colcon_core.verb:set package 'hector_gazebo_plugins' build argument 'ament_cmake_args' from command line to 'None'
[0.465s] Level 5:colcon.colcon_core.verb:set package 'hector_gazebo_plugins' build argument 'catkin_cmake_args' from command line to 'None'
[0.465s] Level 5:colcon.colcon_core.verb:set package 'hector_gazebo_plugins' build argument 'catkin_skip_building_tests' from command line to 'False'
[0.465s] DEBUG:colcon.colcon_core.verb:Building package 'hector_gazebo_plugins' with the following arguments: {'ament_cmake_args': None, 'build_base': '/home/rhobtor/PHD/ARGOJ8_IA/build/hector_gazebo_plugins', 'catkin_cmake_args': None, 'catkin_skip_building_tests': False, 'cmake_args': None, 'cmake_clean_cache': False, 'cmake_clean_first': False, 'cmake_force_configure': False, 'cmake_target': None, 'cmake_target_skip_unavailable': False, 'install_base': '/home/rhobtor/PHD/ARGOJ8_IA/install/hector_gazebo_plugins', 'merge_install': False, 'path': '/home/rhobtor/PHD/ARGOJ8_IA/src/hector_gazebo', 'symlink_install': False, 'test_result_base': None}
[0.465s] Level 5:colcon.colcon_core.verb:set package 'octomap_rviz_plugins' build argument 'cmake_args' from command line to 'None'
[0.465s] Level 5:colcon.colcon_core.verb:set package 'octomap_rviz_plugins' build argument 'cmake_target' from command line to 'None'
[0.465s] Level 5:colcon.colcon_core.verb:set package 'octomap_rviz_plugins' build argument 'cmake_target_skip_unavailable' from command line to 'False'
[0.465s] Level 5:colcon.colcon_core.verb:set package 'octomap_rviz_plugins' build argument 'cmake_clean_cache' from command line to 'False'
[0.465s] Level 5:colcon.colcon_core.verb:set package 'octomap_rviz_plugins' build argument 'cmake_clean_first' from command line to 'False'
[0.465s] Level 5:colcon.colcon_core.verb:set package 'octomap_rviz_plugins' build argument 'cmake_force_configure' from command line to 'False'
[0.465s] Level 5:colcon.colcon_core.verb:set package 'octomap_rviz_plugins' build argument 'ament_cmake_args' from command line to 'None'
[0.465s] Level 5:colcon.colcon_core.verb:set package 'octomap_rviz_plugins' build argument 'catkin_cmake_args' from command line to 'None'
[0.465s] Level 5:colcon.colcon_core.verb:set package 'octomap_rviz_plugins' build argument 'catkin_skip_building_tests' from command line to 'False'
[0.465s] DEBUG:colcon.colcon_core.verb:Building package 'octomap_rviz_plugins' with the following arguments: {'ament_cmake_args': None, 'build_base': '/home/rhobtor/PHD/ARGOJ8_IA/build/octomap_rviz_plugins', 'catkin_cmake_args': None, 'catkin_skip_building_tests': False, 'cmake_args': None, 'cmake_clean_cache': False, 'cmake_clean_first': False, 'cmake_force_configure': False, 'cmake_target': None, 'cmake_target_skip_unavailable': False, 'install_base': '/home/rhobtor/PHD/ARGOJ8_IA/install/octomap_rviz_plugins', 'merge_install': False, 'path': '/home/rhobtor/PHD/ARGOJ8_IA/src/plugin_rviz', 'symlink_install': False, 'test_result_base': None}
[0.466s] Level 5:colcon.colcon_core.verb:set package 'argj801_ctl_platform' build argument 'cmake_args' from command line to 'None'
[0.466s] Level 5:colcon.colcon_core.verb:set package 'argj801_ctl_platform' build argument 'cmake_target' from command line to 'None'
[0.466s] Level 5:colcon.colcon_core.verb:set package 'argj801_ctl_platform' build argument 'cmake_target_skip_unavailable' from command line to 'False'
[0.466s] Level 5:colcon.colcon_core.verb:set package 'argj801_ctl_platform' build argument 'cmake_clean_cache' from command line to 'False'
[0.466s] Level 5:colcon.colcon_core.verb:set package 'argj801_ctl_platform' build argument 'cmake_clean_first' from command line to 'False'
[0.466s] Level 5:colcon.colcon_core.verb:set package 'argj801_ctl_platform' build argument 'cmake_force_configure' from command line to 'False'
[0.466s] Level 5:colcon.colcon_core.verb:set package 'argj801_ctl_platform' build argument 'ament_cmake_args' from command line to 'None'
[0.466s] Level 5:colcon.colcon_core.verb:set package 'argj801_ctl_platform' build argument 'catkin_cmake_args' from command line to 'None'
[0.466s] Level 5:colcon.colcon_core.verb:set package 'argj801_ctl_platform' build argument 'catkin_skip_building_tests' from command line to 'False'
[0.466s] DEBUG:colcon.colcon_core.verb:Building package 'argj801_ctl_platform' with the following arguments: {'ament_cmake_args': None, 'build_base': '/home/rhobtor/PHD/ARGOJ8_IA/build/argj801_ctl_platform', 'catkin_cmake_args': None, 'catkin_skip_building_tests': False, 'cmake_args': None, 'cmake_clean_cache': False, 'cmake_clean_first': False, 'cmake_force_configure': False, 'cmake_target': None, 'cmake_target_skip_unavailable': False, 'install_base': '/home/rhobtor/PHD/ARGOJ8_IA/install/argj801_ctl_platform', 'merge_install': False, 'path': '/home/rhobtor/PHD/ARGOJ8_IA/src/argj801_ctl_platform/argj801_ctl_platform', 'symlink_install': False, 'test_result_base': None}
[0.466s] Level 5:colcon.colcon_core.verb:set package 'car' build argument 'cmake_args' from command line to 'None'
[0.466s] Level 5:colcon.colcon_core.verb:set package 'car' build argument 'cmake_target' from command line to 'None'
[0.466s] Level 5:colcon.colcon_core.verb:set package 'car' build argument 'cmake_target_skip_unavailable' from command line to 'False'
[0.466s] Level 5:colcon.colcon_core.verb:set package 'car' build argument 'cmake_clean_cache' from command line to 'False'
[0.466s] Level 5:colcon.colcon_core.verb:set package 'car' build argument 'cmake_clean_first' from command line to 'False'
[0.466s] Level 5:colcon.colcon_core.verb:set package 'car' build argument 'cmake_force_configure' from command line to 'False'
[0.466s] Level 5:colcon.colcon_core.verb:set package 'car' build argument 'ament_cmake_args' from command line to 'None'
[0.466s] Level 5:colcon.colcon_core.verb:set package 'car' build argument 'catkin_cmake_args' from command line to 'None'
[0.466s] Level 5:colcon.colcon_core.verb:set package 'car' build argument 'catkin_skip_building_tests' from command line to 'False'
[0.466s] DEBUG:colcon.colcon_core.verb:Building package 'car' with the following arguments: {'ament_cmake_args': None, 'build_base': '/home/rhobtor/PHD/ARGOJ8_IA/build/car', 'catkin_cmake_args': None, 'catkin_skip_building_tests': False, 'cmake_args': None, 'cmake_clean_cache': False, 'cmake_clean_first': False, 'cmake_force_configure': False, 'cmake_target': None, 'cmake_target_skip_unavailable': False, 'install_base': '/home/rhobtor/PHD/ARGOJ8_IA/install/car', 'merge_install': False, 'path': '/home/rhobtor/PHD/ARGOJ8_IA/src/car_python', 'symlink_install': False, 'test_result_base': None}
[0.467s] Level 5:colcon.colcon_core.verb:set package 'car_cpp' build argument 'cmake_args' from command line to 'None'
[0.467s] Level 5:colcon.colcon_core.verb:set package 'car_cpp' build argument 'cmake_target' from command line to 'None'
[0.467s] Level 5:colcon.colcon_core.verb:set package 'car_cpp' build argument 'cmake_target_skip_unavailable' from command line to 'False'
[0.467s] Level 5:colcon.colcon_core.verb:set package 'car_cpp' build argument 'cmake_clean_cache' from command line to 'False'
[0.467s] Level 5:colcon.colcon_core.verb:set package 'car_cpp' build argument 'cmake_clean_first' from command line to 'False'
[0.467s] Level 5:colcon.colcon_core.verb:set package 'car_cpp' build argument 'cmake_force_configure' from command line to 'False'
[0.467s] Level 5:colcon.colcon_core.verb:set package 'car_cpp' build argument 'ament_cmake_args' from command line to 'None'
[0.467s] Level 5:colcon.colcon_core.verb:set package 'car_cpp' build argument 'catkin_cmake_args' from command line to 'None'
[0.467s] Level 5:colcon.colcon_core.verb:set package 'car_cpp' build argument 'catkin_skip_building_tests' from command line to 'False'
[0.467s] DEBUG:colcon.colcon_core.verb:Building package 'car_cpp' with the following arguments: {'ament_cmake_args': None, 'build_base': '/home/rhobtor/PHD/ARGOJ8_IA/build/car_cpp', 'catkin_cmake_args': None, 'catkin_skip_building_tests': False, 'cmake_args': None, 'cmake_clean_cache': False, 'cmake_clean_first': False, 'cmake_force_configure': False, 'cmake_target': None, 'cmake_target_skip_unavailable': False, 'install_base': '/home/rhobtor/PHD/ARGOJ8_IA/install/car_cpp', 'merge_install': False, 'path': '/home/rhobtor/PHD/ARGOJ8_IA/src/car_cpp', 'symlink_install': False, 'test_result_base': None}
[0.467s] Level 5:colcon.colcon_core.verb:set package 'octomap_server' build argument 'cmake_args' from command line to 'None'
[0.467s] Level 5:colcon.colcon_core.verb:set package 'octomap_server' build argument 'cmake_target' from command line to 'None'
[0.467s] Level 5:colcon.colcon_core.verb:set package 'octomap_server' build argument 'cmake_target_skip_unavailable' from command line to 'False'
[0.467s] Level 5:colcon.colcon_core.verb:set package 'octomap_server' build argument 'cmake_clean_cache' from command line to 'False'
[0.467s] Level 5:colcon.colcon_core.verb:set package 'octomap_server' build argument 'cmake_clean_first' from command line to 'False'
[0.467s] Level 5:colcon.colcon_core.verb:set package 'octomap_server' build argument 'cmake_force_configure' from command line to 'False'
[0.467s] Level 5:colcon.colcon_core.verb:set package 'octomap_server' build argument 'ament_cmake_args' from command line to 'None'
[0.467s] Level 5:colcon.colcon_core.verb:set package 'octomap_server' build argument 'catkin_cmake_args' from command line to 'None'
[0.467s] Level 5:colcon.colcon_core.verb:set package 'octomap_server' build argument 'catkin_skip_building_tests' from command line to 'False'
[0.467s] DEBUG:colcon.colcon_core.verb:Building package 'octomap_server' with the following arguments: {'ament_cmake_args': None, 'build_base': '/home/rhobtor/PHD/ARGOJ8_IA/build/octomap_server', 'catkin_cmake_args': None, 'catkin_skip_building_tests': False, 'cmake_args': None, 'cmake_clean_cache': False, 'cmake_clean_first': False, 'cmake_force_configure': False, 'cmake_target': None, 'cmake_target_skip_unavailable': False, 'install_base': '/home/rhobtor/PHD/ARGOJ8_IA/install/octomap_server', 'merge_install': False, 'path': '/home/rhobtor/PHD/ARGOJ8_IA/src/octomap/octomap_server', 'symlink_install': False, 'test_result_base': None}
[0.468s] Level 5:colcon.colcon_core.verb:set package 'j8_xacro_model' build argument 'cmake_args' from command line to 'None'
[0.468s] Level 5:colcon.colcon_core.verb:set package 'j8_xacro_model' build argument 'cmake_target' from command line to 'None'
[0.468s] Level 5:colcon.colcon_core.verb:set package 'j8_xacro_model' build argument 'cmake_target_skip_unavailable' from command line to 'False'
[0.468s] Level 5:colcon.colcon_core.verb:set package 'j8_xacro_model' build argument 'cmake_clean_cache' from command line to 'False'
[0.468s] Level 5:colcon.colcon_core.verb:set package 'j8_xacro_model' build argument 'cmake_clean_first' from command line to 'False'
[0.468s] Level 5:colcon.colcon_core.verb:set package 'j8_xacro_model' build argument 'cmake_force_configure' from command line to 'False'
[0.468s] Level 5:colcon.colcon_core.verb:set package 'j8_xacro_model' build argument 'ament_cmake_args' from command line to 'None'
[0.468s] Level 5:colcon.colcon_core.verb:set package 'j8_xacro_model' build argument 'catkin_cmake_args' from command line to 'None'
[0.468s] Level 5:colcon.colcon_core.verb:set package 'j8_xacro_model' build argument 'catkin_skip_building_tests' from command line to 'False'
[0.468s] DEBUG:colcon.colcon_core.verb:Building package 'j8_xacro_model' with the following arguments: {'ament_cmake_args': None, 'build_base': '/home/rhobtor/PHD/ARGOJ8_IA/build/j8_xacro_model', 'catkin_cmake_args': None, 'catkin_skip_building_tests': False, 'cmake_args': None, 'cmake_clean_cache': False, 'cmake_clean_first': False, 'cmake_force_configure': False, 'cmake_target': None, 'cmake_target_skip_unavailable': False, 'install_base': '/home/rhobtor/PHD/ARGOJ8_IA/install/j8_xacro_model', 'merge_install': False, 'path': '/home/rhobtor/PHD/ARGOJ8_IA/src/gazebo_sim_pkgs/j8_xacro_model', 'symlink_install': False, 'test_result_base': None}
[0.468s] Level 5:colcon.colcon_core.verb:set package 'octomap_mapping' build argument 'cmake_args' from command line to 'None'
[0.468s] Level 5:colcon.colcon_core.verb:set package 'octomap_mapping' build argument 'cmake_target' from command line to 'None'
[0.468s] Level 5:colcon.colcon_core.verb:set package 'octomap_mapping' build argument 'cmake_target_skip_unavailable' from command line to 'False'
[0.468s] Level 5:colcon.colcon_core.verb:set package 'octomap_mapping' build argument 'cmake_clean_cache' from command line to 'False'
[0.468s] Level 5:colcon.colcon_core.verb:set package 'octomap_mapping' build argument 'cmake_clean_first' from command line to 'False'
[0.468s] Level 5:colcon.colcon_core.verb:set package 'octomap_mapping' build argument 'cmake_force_configure' from command line to 'False'
[0.468s] Level 5:colcon.colcon_core.verb:set package 'octomap_mapping' build argument 'ament_cmake_args' from command line to 'None'
[0.468s] Level 5:colcon.colcon_core.verb:set package 'octomap_mapping' build argument 'catkin_cmake_args' from command line to 'None'
[0.468s] Level 5:colcon.colcon_core.verb:set package 'octomap_mapping' build argument 'catkin_skip_building_tests' from command line to 'False'
[0.468s] DEBUG:colcon.colcon_core.verb:Building package 'octomap_mapping' with the following arguments: {'ament_cmake_args': None, 'build_base': '/home/rhobtor/PHD/ARGOJ8_IA/build/octomap_mapping', 'catkin_cmake_args': None, 'catkin_skip_building_tests': False, 'cmake_args': None, 'cmake_clean_cache': False, 'cmake_clean_first': False, 'cmake_force_configure': False, 'cmake_target': None, 'cmake_target_skip_unavailable': False, 'install_base': '/home/rhobtor/PHD/ARGOJ8_IA/install/octomap_mapping', 'merge_install': False, 'path': '/home/rhobtor/PHD/ARGOJ8_IA/src/octomap/octomap_mapping', 'symlink_install': False, 'test_result_base': None}
[0.469s] INFO:colcon.colcon_core.executor:Executing jobs using 'parallel' executor
[0.470s] DEBUG:colcon.colcon_parallel_executor.executor.parallel:run_until_complete
[0.470s] INFO:colcon.colcon_ros.task.ament_cmake.build:Building ROS package in '/home/rhobtor/PHD/ARGOJ8_IA/src/car_interfaces' with build type 'ament_cmake'
[0.470s] INFO:colcon.colcon_cmake.task.cmake.build:Building CMake package in '/home/rhobtor/PHD/ARGOJ8_IA/src/car_interfaces'
[0.472s] INFO:colcon.colcon_core.plugin_system:Skipping extension 'colcon_core.shell.bat': Not used on non-Windows systems
[0.473s] INFO:colcon.colcon_core.shell:Skip shell extension 'powershell' for command environment: Not usable outside of PowerShell
[0.473s] DEBUG:colcon.colcon_core.shell:Skip shell extension 'dsv' for command environment
[0.478s] INFO:colcon.colcon_ros.task.ament_cmake.build:Building ROS package in '/home/rhobtor/PHD/ARGOJ8_IA/src/argj801_ctl_platform/argj801_ctl_platform_interfaces' with build type 'ament_cmake'
[0.479s] INFO:colcon.colcon_cmake.task.cmake.build:Building CMake package in '/home/rhobtor/PHD/ARGOJ8_IA/src/argj801_ctl_platform/argj801_ctl_platform_interfaces'
[0.479s] INFO:colcon.colcon_core.shell:Skip shell extension 'powershell' for command environment: Not usable outside of PowerShell
[0.479s] DEBUG:colcon.colcon_core.shell:Skip shell extension 'dsv' for command environment
[0.490s] INFO:colcon.colcon_ros.task.ament_cmake.build:Building ROS package in '/home/rhobtor/PHD/ARGOJ8_IA/src/gazebo_sim_pkgs/fix_position_pkg' with build type 'ament_cmake'
[0.490s] INFO:colcon.colcon_cmake.task.cmake.build:Building CMake package in '/home/rhobtor/PHD/ARGOJ8_IA/src/gazebo_sim_pkgs/fix_position_pkg'
[0.490s] INFO:colcon.colcon_core.shell:Skip shell extension 'powershell' for command environment: Not usable outside of PowerShell
[0.490s] DEBUG:colcon.colcon_core.shell:Skip shell extension 'dsv' for command environment
[0.495s] INFO:colcon.colcon_ros.task.ament_cmake.build:Building ROS package in '/home/rhobtor/PHD/ARGOJ8_IA/src/hector_gazebo' with build type 'ament_cmake'
[0.496s] INFO:colcon.colcon_cmake.task.cmake.build:Building CMake package in '/home/rhobtor/PHD/ARGOJ8_IA/src/hector_gazebo'
[0.496s] INFO:colcon.colcon_core.shell:Skip shell extension 'powershell' for command environment: Not usable outside of PowerShell
[0.496s] DEBUG:colcon.colcon_core.shell:Skip shell extension 'dsv' for command environment
[0.502s] INFO:colcon.colcon_ros.task.ament_cmake.build:Building ROS package in '/home/rhobtor/PHD/ARGOJ8_IA/src/plugin_rviz' with build type 'ament_cmake'
[0.502s] INFO:colcon.colcon_cmake.task.cmake.build:Building CMake package in '/home/rhobtor/PHD/ARGOJ8_IA/src/plugin_rviz'
[0.503s] INFO:colcon.colcon_core.shell:Skip shell extension 'powershell' for command environment: Not usable outside of PowerShell
[0.503s] DEBUG:colcon.colcon_core.shell:Skip shell extension 'dsv' for command environment
[0.517s] DEBUG:colcon.colcon_core.event_handler.log_command:Invoking command in '/home/rhobtor/PHD/ARGOJ8_IA/build/car_interfaces': CMAKE_PREFIX_PATH=${CMAKE_PREFIX_PATH}:/home/rhobtor/PHD/ARGOJ8_IA/install/car:/home/rhobtor/PHD/reactive/Reactive-Navegation/workspace_full_conected/install/car:/opt/ros/humble /opt/st/stm32cubeclt_1.18.0/CMake/bin/cmake --build /home/rhobtor/PHD/ARGOJ8_IA/build/car_interfaces -- -j16 -l16
[0.522s] DEBUG:colcon.colcon_core.event_handler.log_command:Invoking command in '/home/rhobtor/PHD/ARGOJ8_IA/build/argj801_ctl_platform_interfaces': CMAKE_PREFIX_PATH=${CMAKE_PREFIX_PATH}:/home/rhobtor/PHD/ARGOJ8_IA/install/car:/home/rhobtor/PHD/reactive/Reactive-Navegation/workspace_full_conected/install/car:/opt/ros/humble /opt/st/stm32cubeclt_1.18.0/CMake/bin/cmake --build /home/rhobtor/PHD/ARGOJ8_IA/build/argj801_ctl_platform_interfaces -- -j16 -l16
[0.527s] DEBUG:colcon.colcon_core.event_handler.log_command:Invoking command in '/home/rhobtor/PHD/ARGOJ8_IA/build/fixposition_sensor_pkg': CMAKE_PREFIX_PATH=${CMAKE_PREFIX_PATH}:/home/rhobtor/PHD/ARGOJ8_IA/install/car:/home/rhobtor/PHD/reactive/Reactive-Navegation/workspace_full_conected/install/car:/opt/ros/humble /opt/st/stm32cubeclt_1.18.0/CMake/bin/cmake --build /home/rhobtor/PHD/ARGOJ8_IA/build/fixposition_sensor_pkg -- -j16 -l16
[0.533s] DEBUG:colcon.colcon_core.event_handler.log_command:Invoking command in '/home/rhobtor/PHD/ARGOJ8_IA/build/hector_gazebo_plugins': CMAKE_PREFIX_PATH=${CMAKE_PREFIX_PATH}:/home/rhobtor/PHD/ARGOJ8_IA/install/car:/home/rhobtor/PHD/reactive/Reactive-Navegation/workspace_full_conected/install/car:/opt/ros/humble /opt/st/stm32cubeclt_1.18.0/CMake/bin/cmake --build /home/rhobtor/PHD/ARGOJ8_IA/build/hector_gazebo_plugins -- -j16 -l16
[0.540s] DEBUG:colcon.colcon_core.event_handler.log_command:Invoking command in '/home/rhobtor/PHD/ARGOJ8_IA/build/octomap_rviz_plugins': CMAKE_PREFIX_PATH=${CMAKE_PREFIX_PATH}:/home/rhobtor/PHD/ARGOJ8_IA/install/car:/home/rhobtor/PHD/reactive/Reactive-Navegation/workspace_full_conected/install/car:/opt/ros/humble /opt/st/stm32cubeclt_1.18.0/CMake/bin/cmake --build /home/rhobtor/PHD/ARGOJ8_IA/build/octomap_rviz_plugins -- -j16 -l16
[0.667s] DEBUG:colcon.colcon_core.event_handler.log_command:Invoked command in '/home/rhobtor/PHD/ARGOJ8_IA/build/fixposition_sensor_pkg' returned '0': CMAKE_PREFIX_PATH=${CMAKE_PREFIX_PATH}:/home/rhobtor/PHD/ARGOJ8_IA/install/car:/home/rhobtor/PHD/reactive/Reactive-Navegation/workspace_full_conected/install/car:/opt/ros/humble /opt/st/stm32cubeclt_1.18.0/CMake/bin/cmake --build /home/rhobtor/PHD/ARGOJ8_IA/build/fixposition_sensor_pkg -- -j16 -l16
[0.705s] DEBUG:colcon.colcon_core.event_handler.log_command:Invoking command in '/home/rhobtor/PHD/ARGOJ8_IA/build/fixposition_sensor_pkg': CMAKE_PREFIX_PATH=${CMAKE_PREFIX_PATH}:/home/rhobtor/PHD/ARGOJ8_IA/install/car:/home/rhobtor/PHD/reactive/Reactive-Navegation/workspace_full_conected/install/car:/opt/ros/humble /opt/st/stm32cubeclt_1.18.0/CMake/bin/cmake --install /home/rhobtor/PHD/ARGOJ8_IA/build/fixposition_sensor_pkg
[0.727s] Level 1:colcon.colcon_core.environment:create_environment_scripts_only(fixposition_sensor_pkg)
[0.732s] Level 1:colcon.colcon_core.environment:checking '/home/rhobtor/PHD/ARGOJ8_IA/install/fixposition_sensor_pkg' for CMake module files
[0.733s] DEBUG:colcon.colcon_core.event_handler.log_command:Invoked command in '/home/rhobtor/PHD/ARGOJ8_IA/build/fixposition_sensor_pkg' returned '0': CMAKE_PREFIX_PATH=${CMAKE_PREFIX_PATH}:/home/rhobtor/PHD/ARGOJ8_IA/install/car:/home/rhobtor/PHD/reactive/Reactive-Navegation/workspace_full_conected/install/car:/opt/ros/humble /opt/st/stm32cubeclt_1.18.0/CMake/bin/cmake --install /home/rhobtor/PHD/ARGOJ8_IA/build/fixposition_sensor_pkg
[0.734s] Level 1:colcon.colcon_core.environment:checking '/home/rhobtor/PHD/ARGOJ8_IA/install/fixposition_sensor_pkg' for CMake config files
[0.734s] Level 1:colcon.colcon_core.shell:create_environment_hook('fixposition_sensor_pkg', 'cmake_prefix_path')
[0.734s] INFO:colcon.colcon_core.shell:Creating environment hook '/home/rhobtor/PHD/ARGOJ8_IA/install/fixposition_sensor_pkg/share/fixposition_sensor_pkg/hook/cmake_prefix_path.ps1'
[0.735s] INFO:colcon.colcon_core.shell:Creating environment descriptor '/home/rhobtor/PHD/ARGOJ8_IA/install/fixposition_sensor_pkg/share/fixposition_sensor_pkg/hook/cmake_prefix_path.dsv'
[0.736s] INFO:colcon.colcon_core.shell:Creating environment hook '/home/rhobtor/PHD/ARGOJ8_IA/install/fixposition_sensor_pkg/share/fixposition_sensor_pkg/hook/cmake_prefix_path.sh'
[0.738s] Level 1:colcon.colcon_core.environment:checking '/home/rhobtor/PHD/ARGOJ8_IA/install/fixposition_sensor_pkg/lib'
[0.738s] Level 1:colcon.colcon_core.shell:create_environment_hook('fixposition_sensor_pkg', 'ld_library_path_lib')
[0.740s] INFO:colcon.colcon_core.shell:Creating environment hook '/home/rhobtor/PHD/ARGOJ8_IA/install/fixposition_sensor_pkg/share/fixposition_sensor_pkg/hook/ld_library_path_lib.ps1'
[0.742s] INFO:colcon.colcon_core.shell:Creating environment descriptor '/home/rhobtor/PHD/ARGOJ8_IA/install/fixposition_sensor_pkg/share/fixposition_sensor_pkg/hook/ld_library_path_lib.dsv'
[0.742s] INFO:colcon.colcon_core.shell:Creating environment hook '/home/rhobtor/PHD/ARGOJ8_IA/install/fixposition_sensor_pkg/share/fixposition_sensor_pkg/hook/ld_library_path_lib.sh'
[0.743s] Level 1:colcon.colcon_core.environment:checking '/home/rhobtor/PHD/ARGOJ8_IA/install/fixposition_sensor_pkg/bin'
[0.744s] Level 1:colcon.colcon_core.environment:checking '/home/rhobtor/PHD/ARGOJ8_IA/install/fixposition_sensor_pkg/lib/pkgconfig/fixposition_sensor_pkg.pc'
[0.745s] Level 1:colcon.colcon_core.environment:checking '/home/rhobtor/PHD/ARGOJ8_IA/install/fixposition_sensor_pkg/lib/python3.10/site-packages'
[0.745s] Level 1:colcon.colcon_core.environment:checking '/home/rhobtor/PHD/ARGOJ8_IA/install/fixposition_sensor_pkg/bin'
[0.746s] INFO:colcon.colcon_core.shell:Creating package script '/home/rhobtor/PHD/ARGOJ8_IA/install/fixposition_sensor_pkg/share/fixposition_sensor_pkg/package.ps1'
[0.749s] INFO:colcon.colcon_core.shell:Creating package descriptor '/home/rhobtor/PHD/ARGOJ8_IA/install/fixposition_sensor_pkg/share/fixposition_sensor_pkg/package.dsv'
[0.751s] INFO:colcon.colcon_core.shell:Creating package script '/home/rhobtor/PHD/ARGOJ8_IA/install/fixposition_sensor_pkg/share/fixposition_sensor_pkg/package.sh'
[0.753s] INFO:colcon.colcon_core.shell:Creating package script '/home/rhobtor/PHD/ARGOJ8_IA/install/fixposition_sensor_pkg/share/fixposition_sensor_pkg/package.bash'
[0.758s] INFO:colcon.colcon_core.shell:Creating package script '/home/rhobtor/PHD/ARGOJ8_IA/install/fixposition_sensor_pkg/share/fixposition_sensor_pkg/package.zsh'
[0.761s] Level 1:colcon.colcon_core.environment:create_file_with_runtime_dependencies(/home/rhobtor/PHD/ARGOJ8_IA/install/fixposition_sensor_pkg/share/colcon-core/packages/fixposition_sensor_pkg)
[0.762s] Level 1:colcon.colcon_core.environment:create_environment_scripts_only(fixposition_sensor_pkg)
[0.764s] Level 1:colcon.colcon_core.environment:checking '/home/rhobtor/PHD/ARGOJ8_IA/install/fixposition_sensor_pkg' for CMake module files
[0.765s] Level 1:colcon.colcon_core.environment:checking '/home/rhobtor/PHD/ARGOJ8_IA/install/fixposition_sensor_pkg' for CMake config files
[0.766s] Level 1:colcon.colcon_core.shell:create_environment_hook('fixposition_sensor_pkg', 'cmake_prefix_path')
[0.767s] INFO:colcon.colcon_core.shell:Creating environment hook '/home/rhobtor/PHD/ARGOJ8_IA/install/fixposition_sensor_pkg/share/fixposition_sensor_pkg/hook/cmake_prefix_path.ps1'
[0.768s] INFO:colcon.colcon_core.shell:Creating environment descriptor '/home/rhobtor/PHD/ARGOJ8_IA/install/fixposition_sensor_pkg/share/fixposition_sensor_pkg/hook/cmake_prefix_path.dsv'
[0.768s] INFO:colcon.colcon_core.shell:Creating environment hook '/home/rhobtor/PHD/ARGOJ8_IA/install/fixposition_sensor_pkg/share/fixposition_sensor_pkg/hook/cmake_prefix_path.sh'
[0.771s] Level 1:colcon.colcon_core.environment:checking '/home/rhobtor/PHD/ARGOJ8_IA/install/fixposition_sensor_pkg/lib'
[0.771s] Level 1:colcon.colcon_core.shell:create_environment_hook('fixposition_sensor_pkg', 'ld_library_path_lib')
[0.772s] INFO:colcon.colcon_core.shell:Creating environment hook '/home/rhobtor/PHD/ARGOJ8_IA/install/fixposition_sensor_pkg/share/fixposition_sensor_pkg/hook/ld_library_path_lib.ps1'
[0.773s] INFO:colcon.colcon_core.shell:Creating environment descriptor '/home/rhobtor/PHD/ARGOJ8_IA/install/fixposition_sensor_pkg/share/fixposition_sensor_pkg/hook/ld_library_path_lib.dsv'
[0.774s] INFO:colcon.colcon_core.shell:Creating environment hook '/home/rhobtor/PHD/ARGOJ8_IA/install/fixposition_sensor_pkg/share/fixposition_sensor_pkg/hook/ld_library_path_lib.sh'
[0.775s] Level 1:colcon.colcon_core.environment:checking '/home/rhobtor/PHD/ARGOJ8_IA/install/fixposition_sensor_pkg/bin'
[0.775s] Level 1:colcon.colcon_core.environment:checking '/home/rhobtor/PHD/ARGOJ8_IA/install/fixposition_sensor_pkg/lib/pkgconfig/fixposition_sensor_pkg.pc'
[0.775s] Level 1:colcon.colcon_core.environment:checking '/home/rhobtor/PHD/ARGOJ8_IA/install/fixposition_sensor_pkg/lib/python3.10/site-packages'
[0.775s] Level 1:colcon.colcon_core.environment:checking '/home/rhobtor/PHD/ARGOJ8_IA/install/fixposition_sensor_pkg/bin'
[0.776s] INFO:colcon.colcon_core.shell:Creating package script '/home/rhobtor/PHD/ARGOJ8_IA/install/fixposition_sensor_pkg/share/fixposition_sensor_pkg/package.ps1'
[0.777s] INFO:colcon.colcon_core.shell:Creating package descriptor '/home/rhobtor/PHD/ARGOJ8_IA/install/fixposition_sensor_pkg/share/fixposition_sensor_pkg/package.dsv'
[0.777s] INFO:colcon.colcon_core.shell:Creating package script '/home/rhobtor/PHD/ARGOJ8_IA/install/fixposition_sensor_pkg/share/fixposition_sensor_pkg/package.sh'
[0.778s] INFO:colcon.colcon_core.shell:Creating package script '/home/rhobtor/PHD/ARGOJ8_IA/install/fixposition_sensor_pkg/share/fixposition_sensor_pkg/package.bash'
[0.779s] INFO:colcon.colcon_core.shell:Creating package script '/home/rhobtor/PHD/ARGOJ8_IA/install/fixposition_sensor_pkg/share/fixposition_sensor_pkg/package.zsh'
[0.779s] Level 1:colcon.colcon_core.environment:create_file_with_runtime_dependencies(/home/rhobtor/PHD/ARGOJ8_IA/install/fixposition_sensor_pkg/share/colcon-core/packages/fixposition_sensor_pkg)
[0.976s] DEBUG:colcon.colcon_core.event_handler.log_command:Invoked command in '/home/rhobtor/PHD/ARGOJ8_IA/build/octomap_rviz_plugins' returned '0': CMAKE_PREFIX_PATH=${CMAKE_PREFIX_PATH}:/home/rhobtor/PHD/ARGOJ8_IA/install/car:/home/rhobtor/PHD/reactive/Reactive-Navegation/workspace_full_conected/install/car:/opt/ros/humble /opt/st/stm32cubeclt_1.18.0/CMake/bin/cmake --build /home/rhobtor/PHD/ARGOJ8_IA/build/octomap_rviz_plugins -- -j16 -l16
[0.979s] DEBUG:colcon.colcon_core.event_handler.log_command:Invoking command in '/home/rhobtor/PHD/ARGOJ8_IA/build/octomap_rviz_plugins': CMAKE_PREFIX_PATH=${CMAKE_PREFIX_PATH}:/home/rhobtor/PHD/ARGOJ8_IA/install/car:/home/rhobtor/PHD/reactive/Reactive-Navegation/workspace_full_conected/install/car:/opt/ros/humble /opt/st/stm32cubeclt_1.18.0/CMake/bin/cmake --install /home/rhobtor/PHD/ARGOJ8_IA/build/octomap_rviz_plugins
[0.998s] Level 1:colcon.colcon_core.environment:create_environment_scripts_only(octomap_rviz_plugins)
[0.998s] Level 1:colcon.colcon_core.environment:checking '/home/rhobtor/PHD/ARGOJ8_IA/install/octomap_rviz_plugins' for CMake module files
[1.000s] Level 1:colcon.colcon_core.environment:checking '/home/rhobtor/PHD/ARGOJ8_IA/install/octomap_rviz_plugins' for CMake config files
[1.001s] DEBUG:colcon.colcon_core.event_handler.log_command:Invoked command in '/home/rhobtor/PHD/ARGOJ8_IA/build/octomap_rviz_plugins' returned '0': CMAKE_PREFIX_PATH=${CMAKE_PREFIX_PATH}:/home/rhobtor/PHD/ARGOJ8_IA/install/car:/home/rhobtor/PHD/reactive/Reactive-Navegation/workspace_full_conected/install/car:/opt/ros/humble /opt/st/stm32cubeclt_1.18.0/CMake/bin/cmake --install /home/rhobtor/PHD/ARGOJ8_IA/build/octomap_rviz_plugins
[1.001s] Level 1:colcon.colcon_core.shell:create_environment_hook('octomap_rviz_plugins', 'cmake_prefix_path')
[1.002s] INFO:colcon.colcon_core.shell:Creating environment hook '/home/rhobtor/PHD/ARGOJ8_IA/install/octomap_rviz_plugins/share/octomap_rviz_plugins/hook/cmake_prefix_path.ps1'
[1.003s] INFO:colcon.colcon_core.shell:Creating environment descriptor '/home/rhobtor/PHD/ARGOJ8_IA/install/octomap_rviz_plugins/share/octomap_rviz_plugins/hook/cmake_prefix_path.dsv'
[1.004s] INFO:colcon.colcon_core.shell:Creating environment hook '/home/rhobtor/PHD/ARGOJ8_IA/install/octomap_rviz_plugins/share/octomap_rviz_plugins/hook/cmake_prefix_path.sh'
[1.004s] Level 1:colcon.colcon_core.environment:checking '/home/rhobtor/PHD/ARGOJ8_IA/install/octomap_rviz_plugins/lib'
[1.005s] Level 1:colcon.colcon_core.shell:create_environment_hook('octomap_rviz_plugins', 'ld_library_path_lib')
[1.005s] INFO:colcon.colcon_core.shell:Creating environment hook '/home/rhobtor/PHD/ARGOJ8_IA/install/octomap_rviz_plugins/share/octomap_rviz_plugins/hook/ld_library_path_lib.ps1'
[1.006s] INFO:colcon.colcon_core.shell:Creating environment descriptor '/home/rhobtor/PHD/ARGOJ8_IA/install/octomap_rviz_plugins/share/octomap_rviz_plugins/hook/ld_library_path_lib.dsv'
[1.007s] INFO:colcon.colcon_core.shell:Creating environment hook '/home/rhobtor/PHD/ARGOJ8_IA/install/octomap_rviz_plugins/share/octomap_rviz_plugins/hook/ld_library_path_lib.sh'
[1.007s] Level 1:colcon.colcon_core.environment:checking '/home/rhobtor/PHD/ARGOJ8_IA/install/octomap_rviz_plugins/bin'
[1.007s] Level 1:colcon.colcon_core.environment:checking '/home/rhobtor/PHD/ARGOJ8_IA/install/octomap_rviz_plugins/lib/pkgconfig/octomap_rviz_plugins.pc'
[1.008s] Level 1:colcon.colcon_core.environment:checking '/home/rhobtor/PHD/ARGOJ8_IA/install/octomap_rviz_plugins/lib/python3.10/site-packages'
[1.008s] Level 1:colcon.colcon_core.environment:checking '/home/rhobtor/PHD/ARGOJ8_IA/install/octomap_rviz_plugins/bin'
[1.011s] INFO:colcon.colcon_core.shell:Creating package script '/home/rhobtor/PHD/ARGOJ8_IA/install/octomap_rviz_plugins/share/octomap_rviz_plugins/package.ps1'
[1.012s] INFO:colcon.colcon_core.shell:Creating package descriptor '/home/rhobtor/PHD/ARGOJ8_IA/install/octomap_rviz_plugins/share/octomap_rviz_plugins/package.dsv'
[1.015s] INFO:colcon.colcon_core.shell:Creating package script '/home/rhobtor/PHD/ARGOJ8_IA/install/octomap_rviz_plugins/share/octomap_rviz_plugins/package.sh'
[1.015s] INFO:colcon.colcon_core.shell:Creating package script '/home/rhobtor/PHD/ARGOJ8_IA/install/octomap_rviz_plugins/share/octomap_rviz_plugins/package.bash'
[1.016s] INFO:colcon.colcon_core.shell:Creating package script '/home/rhobtor/PHD/ARGOJ8_IA/install/octomap_rviz_plugins/share/octomap_rviz_plugins/package.zsh'
[1.017s] Level 1:colcon.colcon_core.environment:create_file_with_runtime_dependencies(/home/rhobtor/PHD/ARGOJ8_IA/install/octomap_rviz_plugins/share/colcon-core/packages/octomap_rviz_plugins)
[1.017s] Level 1:colcon.colcon_core.environment:create_environment_scripts_only(octomap_rviz_plugins)
[1.018s] Level 1:colcon.colcon_core.environment:checking '/home/rhobtor/PHD/ARGOJ8_IA/install/octomap_rviz_plugins' for CMake module files
[1.019s] Level 1:colcon.colcon_core.environment:checking '/home/rhobtor/PHD/ARGOJ8_IA/install/octomap_rviz_plugins' for CMake config files
[1.019s] Level 1:colcon.colcon_core.shell:create_environment_hook('octomap_rviz_plugins', 'cmake_prefix_path')
[1.019s] INFO:colcon.colcon_core.shell:Creating environment hook '/home/rhobtor/PHD/ARGOJ8_IA/install/octomap_rviz_plugins/share/octomap_rviz_plugins/hook/cmake_prefix_path.ps1'
[1.020s] INFO:colcon.colcon_core.shell:Creating environment descriptor '/home/rhobtor/PHD/ARGOJ8_IA/install/octomap_rviz_plugins/share/octomap_rviz_plugins/hook/cmake_prefix_path.dsv'
[1.021s] INFO:colcon.colcon_core.shell:Creating environment hook '/home/rhobtor/PHD/ARGOJ8_IA/install/octomap_rviz_plugins/share/octomap_rviz_plugins/hook/cmake_prefix_path.sh'
[1.021s] Level 1:colcon.colcon_core.environment:checking '/home/rhobtor/PHD/ARGOJ8_IA/install/octomap_rviz_plugins/lib'
[1.021s] Level 1:colcon.colcon_core.shell:create_environment_hook('octomap_rviz_plugins', 'ld_library_path_lib')
[1.022s] INFO:colcon.colcon_core.shell:Creating environment hook '/home/rhobtor/PHD/ARGOJ8_IA/install/octomap_rviz_plugins/share/octomap_rviz_plugins/hook/ld_library_path_lib.ps1'
[1.022s] INFO:colcon.colcon_core.shell:Creating environment descriptor '/home/rhobtor/PHD/ARGOJ8_IA/install/octomap_rviz_plugins/share/octomap_rviz_plugins/hook/ld_library_path_lib.dsv'
[1.023s] INFO:colcon.colcon_core.shell:Creating environment hook '/home/rhobtor/PHD/ARGOJ8_IA/install/octomap_rviz_plugins/share/octomap_rviz_plugins/hook/ld_library_path_lib.sh'
[1.023s] Level 1:colcon.colcon_core.environment:checking '/home/rhobtor/PHD/ARGOJ8_IA/install/octomap_rviz_plugins/bin'
[1.023s] Level 1:colcon.colcon_core.environment:checking '/home/rhobtor/PHD/ARGOJ8_IA/install/octomap_rviz_plugins/lib/pkgconfig/octomap_rviz_plugins.pc'
[1.024s] Level 1:colcon.colcon_core.environment:checking '/home/rhobtor/PHD/ARGOJ8_IA/install/octomap_rviz_plugins/lib/python3.10/site-packages'
[1.024s] Level 1:colcon.colcon_core.environment:checking '/home/rhobtor/PHD/ARGOJ8_IA/install/octomap_rviz_plugins/bin'
[1.025s] INFO:colcon.colcon_core.shell:Creating package script '/home/rhobtor/PHD/ARGOJ8_IA/install/octomap_rviz_plugins/share/octomap_rviz_plugins/package.ps1'
[1.026s] INFO:colcon.colcon_core.shell:Creating package descriptor '/home/rhobtor/PHD/ARGOJ8_IA/install/octomap_rviz_plugins/share/octomap_rviz_plugins/package.dsv'
[1.026s] INFO:colcon.colcon_core.shell:Creating package script '/home/rhobtor/PHD/ARGOJ8_IA/install/octomap_rviz_plugins/share/octomap_rviz_plugins/package.sh'
[1.027s] INFO:colcon.colcon_core.shell:Creating package script '/home/rhobtor/PHD/ARGOJ8_IA/install/octomap_rviz_plugins/share/octomap_rviz_plugins/package.bash'
[1.028s] INFO:colcon.colcon_core.shell:Creating package script '/home/rhobtor/PHD/ARGOJ8_IA/install/octomap_rviz_plugins/share/octomap_rviz_plugins/package.zsh'
[1.028s] Level 1:colcon.colcon_core.environment:create_file_with_runtime_dependencies(/home/rhobtor/PHD/ARGOJ8_IA/install/octomap_rviz_plugins/share/colcon-core/packages/octomap_rviz_plugins)
[1.030s] DEBUG:colcon.colcon_core.event_handler.log_command:Invoked command in '/home/rhobtor/PHD/ARGOJ8_IA/build/hector_gazebo_plugins' returned '0': CMAKE_PREFIX_PATH=${CMAKE_PREFIX_PATH}:/home/rhobtor/PHD/ARGOJ8_IA/install/car:/home/rhobtor/PHD/reactive/Reactive-Navegation/workspace_full_conected/install/car:/opt/ros/humble /opt/st/stm32cubeclt_1.18.0/CMake/bin/cmake --build /home/rhobtor/PHD/ARGOJ8_IA/build/hector_gazebo_plugins -- -j16 -l16
[1.033s] DEBUG:colcon.colcon_core.event_handler.log_command:Invoking command in '/home/rhobtor/PHD/ARGOJ8_IA/build/hector_gazebo_plugins': CMAKE_PREFIX_PATH=${CMAKE_PREFIX_PATH}:/home/rhobtor/PHD/ARGOJ8_IA/install/car:/home/rhobtor/PHD/reactive/Reactive-Navegation/workspace_full_conected/install/car:/opt/ros/humble /opt/st/stm32cubeclt_1.18.0/CMake/bin/cmake --install /home/rhobtor/PHD/ARGOJ8_IA/build/hector_gazebo_plugins
[1.045s] DEBUG:colcon.colcon_core.event_handler.log_command:Invoked command in '/home/rhobtor/PHD/ARGOJ8_IA/build/argj801_ctl_platform_interfaces' returned '0': CMAKE_PREFIX_PATH=${CMAKE_PREFIX_PATH}:/home/rhobtor/PHD/ARGOJ8_IA/install/car:/home/rhobtor/PHD/reactive/Reactive-Navegation/workspace_full_conected/install/car:/opt/ros/humble /opt/st/stm32cubeclt_1.18.0/CMake/bin/cmake --build /home/rhobtor/PHD/ARGOJ8_IA/build/argj801_ctl_platform_interfaces -- -j16 -l16
[1.049s] DEBUG:colcon.colcon_core.event_handler.log_command:Invoking command in '/home/rhobtor/PHD/ARGOJ8_IA/build/argj801_ctl_platform_interfaces': CMAKE_PREFIX_PATH=${CMAKE_PREFIX_PATH}:/home/rhobtor/PHD/ARGOJ8_IA/install/car:/home/rhobtor/PHD/reactive/Reactive-Navegation/workspace_full_conected/install/car:/opt/ros/humble /opt/st/stm32cubeclt_1.18.0/CMake/bin/cmake --install /home/rhobtor/PHD/ARGOJ8_IA/build/argj801_ctl_platform_interfaces
[1.126s] Level 1:colcon.colcon_core.environment:create_environment_scripts_only(hector_gazebo_plugins)
[1.127s] Level 1:colcon.colcon_core.environment:checking '/home/rhobtor/PHD/ARGOJ8_IA/install/hector_gazebo_plugins' for CMake module files
[1.129s] DEBUG:colcon.colcon_core.event_handler.log_command:Invoked command in '/home/rhobtor/PHD/ARGOJ8_IA/build/hector_gazebo_plugins' returned '0': CMAKE_PREFIX_PATH=${CMAKE_PREFIX_PATH}:/home/rhobtor/PHD/ARGOJ8_IA/install/car:/home/rhobtor/PHD/reactive/Reactive-Navegation/workspace_full_conected/install/car:/opt/ros/humble /opt/st/stm32cubeclt_1.18.0/CMake/bin/cmake --install /home/rhobtor/PHD/ARGOJ8_IA/build/hector_gazebo_plugins
[1.130s] Level 1:colcon.colcon_core.environment:checking '/home/rhobtor/PHD/ARGOJ8_IA/install/hector_gazebo_plugins' for CMake config files
[1.130s] Level 1:colcon.colcon_core.shell:create_environment_hook('hector_gazebo_plugins', 'cmake_prefix_path')
[1.131s] INFO:colcon.colcon_core.shell:Creating environment hook '/home/rhobtor/PHD/ARGOJ8_IA/install/hector_gazebo_plugins/share/hector_gazebo_plugins/hook/cmake_prefix_path.ps1'
[1.133s] INFO:colcon.colcon_core.shell:Creating environment descriptor '/home/rhobtor/PHD/ARGOJ8_IA/install/hector_gazebo_plugins/share/hector_gazebo_plugins/hook/cmake_prefix_path.dsv'
[1.135s] INFO:colcon.colcon_core.shell:Creating environment hook '/home/rhobtor/PHD/ARGOJ8_IA/install/hector_gazebo_plugins/share/hector_gazebo_plugins/hook/cmake_prefix_path.sh'
[1.139s] Level 1:colcon.colcon_core.environment:checking '/home/rhobtor/PHD/ARGOJ8_IA/install/hector_gazebo_plugins/lib'
[1.140s] Level 1:colcon.colcon_core.shell:create_environment_hook('hector_gazebo_plugins', 'ld_library_path_lib')
[1.140s] INFO:colcon.colcon_core.shell:Creating environment hook '/home/rhobtor/PHD/ARGOJ8_IA/install/hector_gazebo_plugins/share/hector_gazebo_plugins/hook/ld_library_path_lib.ps1'
[1.141s] INFO:colcon.colcon_core.shell:Creating environment descriptor '/home/rhobtor/PHD/ARGOJ8_IA/install/hector_gazebo_plugins/share/hector_gazebo_plugins/hook/ld_library_path_lib.dsv'
[1.141s] INFO:colcon.colcon_core.shell:Creating environment hook '/home/rhobtor/PHD/ARGOJ8_IA/install/hector_gazebo_plugins/share/hector_gazebo_plugins/hook/ld_library_path_lib.sh'
[1.141s] Level 1:colcon.colcon_core.environment:checking '/home/rhobtor/PHD/ARGOJ8_IA/install/hector_gazebo_plugins/bin'
[1.142s] Level 1:colcon.colcon_core.environment:checking '/home/rhobtor/PHD/ARGOJ8_IA/install/hector_gazebo_plugins/lib/pkgconfig/hector_gazebo_plugins.pc'
[1.142s] Level 1:colcon.colcon_core.environment:checking '/home/rhobtor/PHD/ARGOJ8_IA/install/hector_gazebo_plugins/lib/python3.10/site-packages'
[1.142s] Level 1:colcon.colcon_core.environment:checking '/home/rhobtor/PHD/ARGOJ8_IA/install/hector_gazebo_plugins/bin'
[1.142s] INFO:colcon.colcon_core.shell:Creating package script '/home/rhobtor/PHD/ARGOJ8_IA/install/hector_gazebo_plugins/share/hector_gazebo_plugins/package.ps1'
[1.143s] INFO:colcon.colcon_core.shell:Creating package descriptor '/home/rhobtor/PHD/ARGOJ8_IA/install/hector_gazebo_plugins/share/hector_gazebo_plugins/package.dsv'
[1.143s] INFO:colcon.colcon_core.shell:Creating package script '/home/rhobtor/PHD/ARGOJ8_IA/install/hector_gazebo_plugins/share/hector_gazebo_plugins/package.sh'
[1.144s] INFO:colcon.colcon_core.shell:Creating package script '/home/rhobtor/PHD/ARGOJ8_IA/install/hector_gazebo_plugins/share/hector_gazebo_plugins/package.bash'
[1.144s] INFO:colcon.colcon_core.shell:Creating package script '/home/rhobtor/PHD/ARGOJ8_IA/install/hector_gazebo_plugins/share/hector_gazebo_plugins/package.zsh'
[1.145s] Level 1:colcon.colcon_core.environment:create_file_with_runtime_dependencies(/home/rhobtor/PHD/ARGOJ8_IA/install/hector_gazebo_plugins/share/colcon-core/packages/hector_gazebo_plugins)
[1.145s] Level 1:colcon.colcon_core.environment:create_environment_scripts_only(hector_gazebo_plugins)
[1.145s] Level 1:colcon.colcon_core.environment:checking '/home/rhobtor/PHD/ARGOJ8_IA/install/hector_gazebo_plugins' for CMake module files
[1.146s] Level 1:colcon.colcon_core.environment:checking '/home/rhobtor/PHD/ARGOJ8_IA/install/hector_gazebo_plugins' for CMake config files
[1.146s] Level 1:colcon.colcon_core.shell:create_environment_hook('hector_gazebo_plugins', 'cmake_prefix_path')
[1.147s] INFO:colcon.colcon_core.shell:Creating environment hook '/home/rhobtor/PHD/ARGOJ8_IA/install/hector_gazebo_plugins/share/hector_gazebo_plugins/hook/cmake_prefix_path.ps1'
[1.147s] INFO:colcon.colcon_core.shell:Creating environment descriptor '/home/rhobtor/PHD/ARGOJ8_IA/install/hector_gazebo_plugins/share/hector_gazebo_plugins/hook/cmake_prefix_path.dsv'
[1.147s] INFO:colcon.colcon_core.shell:Creating environment hook '/home/rhobtor/PHD/ARGOJ8_IA/install/hector_gazebo_plugins/share/hector_gazebo_plugins/hook/cmake_prefix_path.sh'
[1.148s] Level 1:colcon.colcon_core.environment:checking '/home/rhobtor/PHD/ARGOJ8_IA/install/hector_gazebo_plugins/lib'
[1.148s] Level 1:colcon.colcon_core.shell:create_environment_hook('hector_gazebo_plugins', 'ld_library_path_lib')
[1.148s] INFO:colcon.colcon_core.shell:Creating environment hook '/home/rhobtor/PHD/ARGOJ8_IA/install/hector_gazebo_plugins/share/hector_gazebo_plugins/hook/ld_library_path_lib.ps1'
[1.149s] INFO:colcon.colcon_core.shell:Creating environment descriptor '/home/rhobtor/PHD/ARGOJ8_IA/install/hector_gazebo_plugins/share/hector_gazebo_plugins/hook/ld_library_path_lib.dsv'
[1.149s] INFO:colcon.colcon_core.shell:Creating environment hook '/home/rhobtor/PHD/ARGOJ8_IA/install/hector_gazebo_plugins/share/hector_gazebo_plugins/hook/ld_library_path_lib.sh'
[1.149s] Level 1:colcon.colcon_core.environment:checking '/home/rhobtor/PHD/ARGOJ8_IA/install/hector_gazebo_plugins/bin'
[1.149s] Level 1:colcon.colcon_core.environment:checking '/home/rhobtor/PHD/ARGOJ8_IA/install/hector_gazebo_plugins/lib/pkgconfig/hector_gazebo_plugins.pc'
[1.150s] Level 1:colcon.colcon_core.environment:checking '/home/rhobtor/PHD/ARGOJ8_IA/install/hector_gazebo_plugins/lib/python3.10/site-packages'
[1.150s] Level 1:colcon.colcon_core.environment:checking '/home/rhobtor/PHD/ARGOJ8_IA/install/hector_gazebo_plugins/bin'
[1.150s] INFO:colcon.colcon_core.shell:Creating package script '/home/rhobtor/PHD/ARGOJ8_IA/install/hector_gazebo_plugins/share/hector_gazebo_plugins/package.ps1'
[1.151s] INFO:colcon.colcon_core.shell:Creating package descriptor '/home/rhobtor/PHD/ARGOJ8_IA/install/hector_gazebo_plugins/share/hector_gazebo_plugins/package.dsv'
[1.152s] INFO:colcon.colcon_core.shell:Creating package script '/home/rhobtor/PHD/ARGOJ8_IA/install/hector_gazebo_plugins/share/hector_gazebo_plugins/package.sh'
[1.152s] INFO:colcon.colcon_core.shell:Creating package script '/home/rhobtor/PHD/ARGOJ8_IA/install/hector_gazebo_plugins/share/hector_gazebo_plugins/package.bash'
[1.153s] INFO:colcon.colcon_core.shell:Creating package script '/home/rhobtor/PHD/ARGOJ8_IA/install/hector_gazebo_plugins/share/hector_gazebo_plugins/package.zsh'
[1.154s] Level 1:colcon.colcon_core.environment:create_file_with_runtime_dependencies(/home/rhobtor/PHD/ARGOJ8_IA/install/hector_gazebo_plugins/share/colcon-core/packages/hector_gazebo_plugins)
[1.155s] Level 1:colcon.colcon_core.environment:create_environment_scripts_only(argj801_ctl_platform_interfaces)
[1.155s] Level 1:colcon.colcon_core.environment:checking '/home/rhobtor/PHD/ARGOJ8_IA/install/argj801_ctl_platform_interfaces' for CMake module files
[1.156s] Level 1:colcon.colcon_core.environment:checking '/home/rhobtor/PHD/ARGOJ8_IA/install/argj801_ctl_platform_interfaces' for CMake config files
[1.157s] DEBUG:colcon.colcon_core.event_handler.log_command:Invoked command in '/home/rhobtor/PHD/ARGOJ8_IA/build/argj801_ctl_platform_interfaces' returned '0': CMAKE_PREFIX_PATH=${CMAKE_PREFIX_PATH}:/home/rhobtor/PHD/ARGOJ8_IA/install/car:/home/rhobtor/PHD/reactive/Reactive-Navegation/workspace_full_conected/install/car:/opt/ros/humble /opt/st/stm32cubeclt_1.18.0/CMake/bin/cmake --install /home/rhobtor/PHD/ARGOJ8_IA/build/argj801_ctl_platform_interfaces
[1.157s] Level 1:colcon.colcon_core.shell:create_environment_hook('argj801_ctl_platform_interfaces', 'cmake_prefix_path')
[1.158s] INFO:colcon.colcon_core.shell:Creating environment hook '/home/rhobtor/PHD/ARGOJ8_IA/install/argj801_ctl_platform_interfaces/share/argj801_ctl_platform_interfaces/hook/cmake_prefix_path.ps1'
[1.158s] INFO:colcon.colcon_core.shell:Creating environment descriptor '/home/rhobtor/PHD/ARGOJ8_IA/install/argj801_ctl_platform_interfaces/share/argj801_ctl_platform_interfaces/hook/cmake_prefix_path.dsv'
[1.159s] INFO:colcon.colcon_core.shell:Creating environment hook '/home/rhobtor/PHD/ARGOJ8_IA/install/argj801_ctl_platform_interfaces/share/argj801_ctl_platform_interfaces/hook/cmake_prefix_path.sh'
[1.160s] Level 1:colcon.colcon_core.environment:checking '/home/rhobtor/PHD/ARGOJ8_IA/install/argj801_ctl_platform_interfaces/lib'
[1.160s] Level 1:colcon.colcon_core.shell:create_environment_hook('argj801_ctl_platform_interfaces', 'ld_library_path_lib')
[1.160s] INFO:colcon.colcon_core.shell:Creating environment hook '/home/rhobtor/PHD/ARGOJ8_IA/install/argj801_ctl_platform_interfaces/share/argj801_ctl_platform_interfaces/hook/ld_library_path_lib.ps1'
[1.161s] INFO:colcon.colcon_core.shell:Creating environment descriptor '/home/rhobtor/PHD/ARGOJ8_IA/install/argj801_ctl_platform_interfaces/share/argj801_ctl_platform_interfaces/hook/ld_library_path_lib.dsv'
[1.161s] INFO:colcon.colcon_core.shell:Creating environment hook '/home/rhobtor/PHD/ARGOJ8_IA/install/argj801_ctl_platform_interfaces/share/argj801_ctl_platform_interfaces/hook/ld_library_path_lib.sh'
[1.162s] Level 1:colcon.colcon_core.environment:checking '/home/rhobtor/PHD/ARGOJ8_IA/install/argj801_ctl_platform_interfaces/bin'
[1.162s] Level 1:colcon.colcon_core.environment:checking '/home/rhobtor/PHD/ARGOJ8_IA/install/argj801_ctl_platform_interfaces/lib/pkgconfig/argj801_ctl_platform_interfaces.pc'
[1.162s] Level 1:colcon.colcon_core.environment:checking '/home/rhobtor/PHD/ARGOJ8_IA/install/argj801_ctl_platform_interfaces/lib/python3.10/site-packages'
[1.162s] Level 1:colcon.colcon_core.environment:checking '/home/rhobtor/PHD/ARGOJ8_IA/install/argj801_ctl_platform_interfaces/bin'
[1.163s] INFO:colcon.colcon_core.shell:Creating package script '/home/rhobtor/PHD/ARGOJ8_IA/install/argj801_ctl_platform_interfaces/share/argj801_ctl_platform_interfaces/package.ps1'
[1.163s] INFO:colcon.colcon_core.shell:Creating package descriptor '/home/rhobtor/PHD/ARGOJ8_IA/install/argj801_ctl_platform_interfaces/share/argj801_ctl_platform_interfaces/package.dsv'
[1.164s] INFO:colcon.colcon_core.shell:Creating package script '/home/rhobtor/PHD/ARGOJ8_IA/install/argj801_ctl_platform_interfaces/share/argj801_ctl_platform_interfaces/package.sh'
[1.165s] INFO:colcon.colcon_core.shell:Creating package script '/home/rhobtor/PHD/ARGOJ8_IA/install/argj801_ctl_platform_interfaces/share/argj801_ctl_platform_interfaces/package.bash'
[1.165s] INFO:colcon.colcon_core.shell:Creating package script '/home/rhobtor/PHD/ARGOJ8_IA/install/argj801_ctl_platform_interfaces/share/argj801_ctl_platform_interfaces/package.zsh'
[1.166s] Level 1:colcon.colcon_core.environment:create_file_with_runtime_dependencies(/home/rhobtor/PHD/ARGOJ8_IA/install/argj801_ctl_platform_interfaces/share/colcon-core/packages/argj801_ctl_platform_interfaces)
[1.166s] Level 1:colcon.colcon_core.environment:create_environment_scripts_only(argj801_ctl_platform_interfaces)
[1.167s] Level 1:colcon.colcon_core.environment:checking '/home/rhobtor/PHD/ARGOJ8_IA/install/argj801_ctl_platform_interfaces' for CMake module files
[1.168s] Level 1:colcon.colcon_core.environment:checking '/home/rhobtor/PHD/ARGOJ8_IA/install/argj801_ctl_platform_interfaces' for CMake config files
[1.168s] Level 1:colcon.colcon_core.shell:create_environment_hook('argj801_ctl_platform_interfaces', 'cmake_prefix_path')
[1.168s] INFO:colcon.colcon_core.shell:Creating environment hook '/home/rhobtor/PHD/ARGOJ8_IA/install/argj801_ctl_platform_interfaces/share/argj801_ctl_platform_interfaces/hook/cmake_prefix_path.ps1'
[1.169s] INFO:colcon.colcon_core.shell:Creating environment descriptor '/home/rhobtor/PHD/ARGOJ8_IA/install/argj801_ctl_platform_interfaces/share/argj801_ctl_platform_interfaces/hook/cmake_prefix_path.dsv'
[1.169s] INFO:colcon.colcon_core.shell:Creating environment hook '/home/rhobtor/PHD/ARGOJ8_IA/install/argj801_ctl_platform_interfaces/share/argj801_ctl_platform_interfaces/hook/cmake_prefix_path.sh'
[1.170s] Level 1:colcon.colcon_core.environment:checking '/home/rhobtor/PHD/ARGOJ8_IA/install/argj801_ctl_platform_interfaces/lib'
[1.170s] Level 1:colcon.colcon_core.shell:create_environment_hook('argj801_ctl_platform_interfaces', 'ld_library_path_lib')
[1.170s] INFO:colcon.colcon_core.shell:Creating environment hook '/home/rhobtor/PHD/ARGOJ8_IA/install/argj801_ctl_platform_interfaces/share/argj801_ctl_platform_interfaces/hook/ld_library_path_lib.ps1'
[1.170s] INFO:colcon.colcon_core.shell:Creating environment descriptor '/home/rhobtor/PHD/ARGOJ8_IA/install/argj801_ctl_platform_interfaces/share/argj801_ctl_platform_interfaces/hook/ld_library_path_lib.dsv'
[1.171s] INFO:colcon.colcon_core.shell:Creating environment hook '/home/rhobtor/PHD/ARGOJ8_IA/install/argj801_ctl_platform_interfaces/share/argj801_ctl_platform_interfaces/hook/ld_library_path_lib.sh'
[1.171s] Level 1:colcon.colcon_core.environment:checking '/home/rhobtor/PHD/ARGOJ8_IA/install/argj801_ctl_platform_interfaces/bin'
[1.171s] Level 1:colcon.colcon_core.environment:checking '/home/rhobtor/PHD/ARGOJ8_IA/install/argj801_ctl_platform_interfaces/lib/pkgconfig/argj801_ctl_platform_interfaces.pc'
[1.171s] Level 1:colcon.colcon_core.environment:checking '/home/rhobtor/PHD/ARGOJ8_IA/install/argj801_ctl_platform_interfaces/lib/python3.10/site-packages'
[1.172s] Level 1:colcon.colcon_core.environment:checking '/home/rhobtor/PHD/ARGOJ8_IA/install/argj801_ctl_platform_interfaces/bin'
[1.172s] INFO:colcon.colcon_core.shell:Creating package script '/home/rhobtor/PHD/ARGOJ8_IA/install/argj801_ctl_platform_interfaces/share/argj801_ctl_platform_interfaces/package.ps1'
[1.173s] INFO:colcon.colcon_core.shell:Creating package descriptor '/home/rhobtor/PHD/ARGOJ8_IA/install/argj801_ctl_platform_interfaces/share/argj801_ctl_platform_interfaces/package.dsv'
[1.174s] INFO:colcon.colcon_core.shell:Creating package script '/home/rhobtor/PHD/ARGOJ8_IA/install/argj801_ctl_platform_interfaces/share/argj801_ctl_platform_interfaces/package.sh'
[1.174s] INFO:colcon.colcon_core.shell:Creating package script '/home/rhobtor/PHD/ARGOJ8_IA/install/argj801_ctl_platform_interfaces/share/argj801_ctl_platform_interfaces/package.bash'
[1.175s] INFO:colcon.colcon_core.shell:Creating package script '/home/rhobtor/PHD/ARGOJ8_IA/install/argj801_ctl_platform_interfaces/share/argj801_ctl_platform_interfaces/package.zsh'
[1.175s] Level 1:colcon.colcon_core.environment:create_file_with_runtime_dependencies(/home/rhobtor/PHD/ARGOJ8_IA/install/argj801_ctl_platform_interfaces/share/colcon-core/packages/argj801_ctl_platform_interfaces)
[1.176s] INFO:colcon.colcon_ros.task.ament_cmake.build:Building ROS package in '/home/rhobtor/PHD/ARGOJ8_IA/src/argj801_ctl_platform/argj801_ctl_platform' with build type 'ament_cmake'
[1.176s] INFO:colcon.colcon_cmake.task.cmake.build:Building CMake package in '/home/rhobtor/PHD/ARGOJ8_IA/src/argj801_ctl_platform/argj801_ctl_platform'
[1.176s] INFO:colcon.colcon_core.shell:Skip shell extension 'powershell' for command environment: Not usable outside of PowerShell
[1.176s] DEBUG:colcon.colcon_core.shell:Skip shell extension 'dsv' for command environment
[1.200s] DEBUG:colcon.colcon_core.event_handler.log_command:Invoking command in '/home/rhobtor/PHD/ARGOJ8_IA/build/argj801_ctl_platform': CMAKE_PREFIX_PATH=/home/rhobtor/PHD/ARGOJ8_IA/install/argj801_ctl_platform_interfaces:/home/rhobtor/PHD/ARGOJ8_IA/install/octomap_mapping:/home/rhobtor/PHD/ARGOJ8_IA/install/octomap_server:/home/rhobtor/PHD/ARGOJ8_IA/install/octomap_rviz_plugins:/home/rhobtor/PHD/ARGOJ8_IA/install/j8_xacro_model:/home/rhobtor/PHD/ARGOJ8_IA/install/hector_gazebo_plugins:/home/rhobtor/PHD/ARGOJ8_IA/install/fixposition_sensor_pkg:/home/rhobtor/PHD/ARGOJ8_IA/install/car_cpp:/home/rhobtor/PHD/ARGOJ8_IA/install/car_interfaces:/home/rhobtor/PHD/ARGOJ8_IA/install/argj801_ctl_platform:/home/rhobtor/packages/install/grid_map:/home/rhobtor/packages/install/grid_map_demos:/home/rhobtor/packages/install/grid_map_visualization:/home/rhobtor/packages/install/grid_map_sdf:/home/rhobtor/packages/install/grid_map_rviz_plugin:/home/rhobtor/packages/install/grid_map_pcl:/home/rhobtor/packages/install/grid_map_loader:/home/rhobtor/packages/install/grid_map_filters:/home/rhobtor/packages/install/grid_map_ros:/home/rhobtor/packages/install/grid_map_octomap:/home/rhobtor/packages/install/grid_map_msgs:/home/rhobtor/packages/install/grid_map_cv:/home/rhobtor/packages/install/grid_map_costmap_2d:/home/rhobtor/packages/install/grid_map_core:/home/rhobtor/packages/install/grid_map_cmake_helpers:/home/rhobtor/PHD/reactive/Reactive-Navegation/workspace_full_conected/install/octomap_mapping:/home/rhobtor/PHD/reactive/Reactive-Navegation/workspace_full_conected/install/octomap_server:/home/rhobtor/PHD/reactive/Reactive-Navegation/workspace_full_conected/install/octomap_rviz_plugins:/home/rhobtor/PHD/reactive/Reactive-Navegation/workspace_full_conected/install/hector_gazebo_plugins:/home/rhobtor/PHD/reactive/Reactive-Navegation/workspace_full_conected/install/car_cpp:/home/rhobtor/PHD/reactive/Reactive-Navegation/workspace_full_conected/install/car_interfaces:/home/rhobtor/PHD/ARGOJ8_IA/install/car:/home/rhobtor/PHD/reactive/Reactive-Navegation/workspace_full_conected/install/car:/opt/ros/humble LD_LIBRARY_PATH=/home/rhobtor/PHD/ARGOJ8_IA/install/argj801_ctl_platform_interfaces/lib:/home/rhobtor/PHD/ARGOJ8_IA/install/octomap_server/lib:/home/rhobtor/PHD/ARGOJ8_IA/install/octomap_rviz_plugins/lib:/home/rhobtor/PHD/ARGOJ8_IA/install/j8_xacro_model/lib:/home/rhobtor/PHD/ARGOJ8_IA/install/hector_gazebo_plugins/lib:/home/rhobtor/PHD/ARGOJ8_IA/install/fixposition_sensor_pkg/lib:/home/rhobtor/PHD/ARGOJ8_IA/install/car_cpp/lib:/home/rhobtor/PHD/ARGOJ8_IA/install/car_interfaces/lib:/home/rhobtor/packages/install/grid_map_demos/lib:/home/rhobtor/packages/install/grid_map_visualization/lib:/home/rhobtor/packages/install/grid_map_sdf/lib:/home/rhobtor/packages/install/grid_map_rviz_plugin/lib:/home/rhobtor/packages/install/grid_map_pcl/lib:/home/rhobtor/packages/install/grid_map_loader/lib:/home/rhobtor/packages/install/grid_map_filters/lib:/home/rhobtor/packages/install/grid_map_ros/lib:/home/rhobtor/packages/install/grid_map_octomap/lib:/home/rhobtor/packages/install/grid_map_msgs/lib:/home/rhobtor/packages/install/grid_map_cv/lib:/home/rhobtor/packages/install/grid_map_costmap_2d/lib:/home/rhobtor/packages/install/grid_map_core/lib:/home/rhobtor/PHD/reactive/Reactive-Navegation/workspace_full_conected/install/octomap_server/lib:/home/rhobtor/PHD/reactive/Reactive-Navegation/workspace_full_conected/install/octomap_rviz_plugins/lib:/home/rhobtor/PHD/reactive/Reactive-Navegation/workspace_full_conected/install/hector_gazebo_plugins/lib:/home/rhobtor/PHD/reactive/Reactive-Navegation/workspace_full_conected/install/car_cpp/lib:/home/rhobtor/PHD/reactive/Reactive-Navegation/workspace_full_conected/install/car_interfaces/lib:/usr/lib/x86_64-linux-gnu/gazebo-11/plugins:/opt/ros/humble/opt/rviz_ogre_vendor/lib:/opt/ros/humble/lib/x86_64-linux-gnu:/opt/ros/humble/lib /opt/st/stm32cubeclt_1.18.0/CMake/bin/cmake --build /home/rhobtor/PHD/ARGOJ8_IA/build/argj801_ctl_platform -- -j16 -l16
[1.286s] DEBUG:colcon.colcon_core.event_handler.log_command:Invoked command in '/home/rhobtor/PHD/ARGOJ8_IA/build/argj801_ctl_platform' returned '0': CMAKE_PREFIX_PATH=/home/rhobtor/PHD/ARGOJ8_IA/install/argj801_ctl_platform_interfaces:/home/rhobtor/PHD/ARGOJ8_IA/install/octomap_mapping:/home/rhobtor/PHD/ARGOJ8_IA/install/octomap_server:/home/rhobtor/PHD/ARGOJ8_IA/install/octomap_rviz_plugins:/home/rhobtor/PHD/ARGOJ8_IA/install/j8_xacro_model:/home/rhobtor/PHD/ARGOJ8_IA/install/hector_gazebo_plugins:/home/rhobtor/PHD/ARGOJ8_IA/install/fixposition_sensor_pkg:/home/rhobtor/PHD/ARGOJ8_IA/install/car_cpp:/home/rhobtor/PHD/ARGOJ8_IA/install/car_interfaces:/home/rhobtor/PHD/ARGOJ8_IA/install/argj801_ctl_platform:/home/rhobtor/packages/install/grid_map:/home/rhobtor/packages/install/grid_map_demos:/home/rhobtor/packages/install/grid_map_visualization:/home/rhobtor/packages/install/grid_map_sdf:/home/rhobtor/packages/install/grid_map_rviz_plugin:/home/rhobtor/packages/install/grid_map_pcl:/home/rhobtor/packages/install/grid_map_loader:/home/rhobtor/packages/install/grid_map_filters:/home/rhobtor/packages/install/grid_map_ros:/home/rhobtor/packages/install/grid_map_octomap:/home/rhobtor/packages/install/grid_map_msgs:/home/rhobtor/packages/install/grid_map_cv:/home/rhobtor/packages/install/grid_map_costmap_2d:/home/rhobtor/packages/install/grid_map_core:/home/rhobtor/packages/install/grid_map_cmake_helpers:/home/rhobtor/PHD/reactive/Reactive-Navegation/workspace_full_conected/install/octomap_mapping:/home/rhobtor/PHD/reactive/Reactive-Navegation/workspace_full_conected/install/octomap_server:/home/rhobtor/PHD/reactive/Reactive-Navegation/workspace_full_conected/install/octomap_rviz_plugins:/home/rhobtor/PHD/reactive/Reactive-Navegation/workspace_full_conected/install/hector_gazebo_plugins:/home/rhobtor/PHD/reactive/Reactive-Navegation/workspace_full_conected/install/car_cpp:/home/rhobtor/PHD/reactive/Reactive-Navegation/workspace_full_conected/install/car_interfaces:/home/rhobtor/PHD/ARGOJ8_IA/install/car:/home/rhobtor/PHD/reactive/Reactive-Navegation/workspace_full_conected/install/car:/opt/ros/humble LD_LIBRARY_PATH=/home/rhobtor/PHD/ARGOJ8_IA/install/argj801_ctl_platform_interfaces/lib:/home/rhobtor/PHD/ARGOJ8_IA/install/octomap_server/lib:/home/rhobtor/PHD/ARGOJ8_IA/install/octomap_rviz_plugins/lib:/home/rhobtor/PHD/ARGOJ8_IA/install/j8_xacro_model/lib:/home/rhobtor/PHD/ARGOJ8_IA/install/hector_gazebo_plugins/lib:/home/rhobtor/PHD/ARGOJ8_IA/install/fixposition_sensor_pkg/lib:/home/rhobtor/PHD/ARGOJ8_IA/install/car_cpp/lib:/home/rhobtor/PHD/ARGOJ8_IA/install/car_interfaces/lib:/home/rhobtor/packages/install/grid_map_demos/lib:/home/rhobtor/packages/install/grid_map_visualization/lib:/home/rhobtor/packages/install/grid_map_sdf/lib:/home/rhobtor/packages/install/grid_map_rviz_plugin/lib:/home/rhobtor/packages/install/grid_map_pcl/lib:/home/rhobtor/packages/install/grid_map_loader/lib:/home/rhobtor/packages/install/grid_map_filters/lib:/home/rhobtor/packages/install/grid_map_ros/lib:/home/rhobtor/packages/install/grid_map_octomap/lib:/home/rhobtor/packages/install/grid_map_msgs/lib:/home/rhobtor/packages/install/grid_map_cv/lib:/home/rhobtor/packages/install/grid_map_costmap_2d/lib:/home/rhobtor/packages/install/grid_map_core/lib:/home/rhobtor/PHD/reactive/Reactive-Navegation/workspace_full_conected/install/octomap_server/lib:/home/rhobtor/PHD/reactive/Reactive-Navegation/workspace_full_conected/install/octomap_rviz_plugins/lib:/home/rhobtor/PHD/reactive/Reactive-Navegation/workspace_full_conected/install/hector_gazebo_plugins/lib:/home/rhobtor/PHD/reactive/Reactive-Navegation/workspace_full_conected/install/car_cpp/lib:/home/rhobtor/PHD/reactive/Reactive-Navegation/workspace_full_conected/install/car_interfaces/lib:/usr/lib/x86_64-linux-gnu/gazebo-11/plugins:/opt/ros/humble/opt/rviz_ogre_vendor/lib:/opt/ros/humble/lib/x86_64-linux-gnu:/opt/ros/humble/lib /opt/st/stm32cubeclt_1.18.0/CMake/bin/cmake --build /home/rhobtor/PHD/ARGOJ8_IA/build/argj801_ctl_platform -- -j16 -l16
[1.291s] DEBUG:colcon.colcon_core.event_handler.log_command:Invoking command in '/home/rhobtor/PHD/ARGOJ8_IA/build/argj801_ctl_platform': CMAKE_PREFIX_PATH=/home/rhobtor/PHD/ARGOJ8_IA/install/argj801_ctl_platform_interfaces:/home/rhobtor/PHD/ARGOJ8_IA/install/octomap_mapping:/home/rhobtor/PHD/ARGOJ8_IA/install/octomap_server:/home/rhobtor/PHD/ARGOJ8_IA/install/octomap_rviz_plugins:/home/rhobtor/PHD/ARGOJ8_IA/install/j8_xacro_model:/home/rhobtor/PHD/ARGOJ8_IA/install/hector_gazebo_plugins:/home/rhobtor/PHD/ARGOJ8_IA/install/fixposition_sensor_pkg:/home/rhobtor/PHD/ARGOJ8_IA/install/car_cpp:/home/rhobtor/PHD/ARGOJ8_IA/install/car_interfaces:/home/rhobtor/PHD/ARGOJ8_IA/install/argj801_ctl_platform:/home/rhobtor/packages/install/grid_map:/home/rhobtor/packages/install/grid_map_demos:/home/rhobtor/packages/install/grid_map_visualization:/home/rhobtor/packages/install/grid_map_sdf:/home/rhobtor/packages/install/grid_map_rviz_plugin:/home/rhobtor/packages/install/grid_map_pcl:/home/rhobtor/packages/install/grid_map_loader:/home/rhobtor/packages/install/grid_map_filters:/home/rhobtor/packages/install/grid_map_ros:/home/rhobtor/packages/install/grid_map_octomap:/home/rhobtor/packages/install/grid_map_msgs:/home/rhobtor/packages/install/grid_map_cv:/home/rhobtor/packages/install/grid_map_costmap_2d:/home/rhobtor/packages/install/grid_map_core:/home/rhobtor/packages/install/grid_map_cmake_helpers:/home/rhobtor/PHD/reactive/Reactive-Navegation/workspace_full_conected/install/octomap_mapping:/home/rhobtor/PHD/reactive/Reactive-Navegation/workspace_full_conected/install/octomap_server:/home/rhobtor/PHD/reactive/Reactive-Navegation/workspace_full_conected/install/octomap_rviz_plugins:/home/rhobtor/PHD/reactive/Reactive-Navegation/workspace_full_conected/install/hector_gazebo_plugins:/home/rhobtor/PHD/reactive/Reactive-Navegation/workspace_full_conected/install/car_cpp:/home/rhobtor/PHD/reactive/Reactive-Navegation/workspace_full_conected/install/car_interfaces:/home/rhobtor/PHD/ARGOJ8_IA/install/car:/home/rhobtor/PHD/reactive/Reactive-Navegation/workspace_full_conected/install/car:/opt/ros/humble LD_LIBRARY_PATH=/home/rhobtor/PHD/ARGOJ8_IA/install/argj801_ctl_platform_interfaces/lib:/home/rhobtor/PHD/ARGOJ8_IA/install/octomap_server/lib:/home/rhobtor/PHD/ARGOJ8_IA/install/octomap_rviz_plugins/lib:/home/rhobtor/PHD/ARGOJ8_IA/install/j8_xacro_model/lib:/home/rhobtor/PHD/ARGOJ8_IA/install/hector_gazebo_plugins/lib:/home/rhobtor/PHD/ARGOJ8_IA/install/fixposition_sensor_pkg/lib:/home/rhobtor/PHD/ARGOJ8_IA/install/car_cpp/lib:/home/rhobtor/PHD/ARGOJ8_IA/install/car_interfaces/lib:/home/rhobtor/packages/install/grid_map_demos/lib:/home/rhobtor/packages/install/grid_map_visualization/lib:/home/rhobtor/packages/install/grid_map_sdf/lib:/home/rhobtor/packages/install/grid_map_rviz_plugin/lib:/home/rhobtor/packages/install/grid_map_pcl/lib:/home/rhobtor/packages/install/grid_map_loader/lib:/home/rhobtor/packages/install/grid_map_filters/lib:/home/rhobtor/packages/install/grid_map_ros/lib:/home/rhobtor/packages/install/grid_map_octomap/lib:/home/rhobtor/packages/install/grid_map_msgs/lib:/home/rhobtor/packages/install/grid_map_cv/lib:/home/rhobtor/packages/install/grid_map_costmap_2d/lib:/home/rhobtor/packages/install/grid_map_core/lib:/home/rhobtor/PHD/reactive/Reactive-Navegation/workspace_full_conected/install/octomap_server/lib:/home/rhobtor/PHD/reactive/Reactive-Navegation/workspace_full_conected/install/octomap_rviz_plugins/lib:/home/rhobtor/PHD/reactive/Reactive-Navegation/workspace_full_conected/install/hector_gazebo_plugins/lib:/home/rhobtor/PHD/reactive/Reactive-Navegation/workspace_full_conected/install/car_cpp/lib:/home/rhobtor/PHD/reactive/Reactive-Navegation/workspace_full_conected/install/car_interfaces/lib:/usr/lib/x86_64-linux-gnu/gazebo-11/plugins:/opt/ros/humble/opt/rviz_ogre_vendor/lib:/opt/ros/humble/lib/x86_64-linux-gnu:/opt/ros/humble/lib /opt/st/stm32cubeclt_1.18.0/CMake/bin/cmake --install /home/rhobtor/PHD/ARGOJ8_IA/build/argj801_ctl_platform
[1.312s] Level 1:colcon.colcon_core.environment:create_environment_scripts_only(argj801_ctl_platform)
[1.312s] Level 1:colcon.colcon_core.environment:checking '/home/rhobtor/PHD/ARGOJ8_IA/install/argj801_ctl_platform' for CMake module files
[1.313s] DEBUG:colcon.colcon_core.event_handler.log_command:Invoked command in '/home/rhobtor/PHD/ARGOJ8_IA/build/argj801_ctl_platform' returned '0': CMAKE_PREFIX_PATH=/home/rhobtor/PHD/ARGOJ8_IA/install/argj801_ctl_platform_interfaces:/home/rhobtor/PHD/ARGOJ8_IA/install/octomap_mapping:/home/rhobtor/PHD/ARGOJ8_IA/install/octomap_server:/home/rhobtor/PHD/ARGOJ8_IA/install/octomap_rviz_plugins:/home/rhobtor/PHD/ARGOJ8_IA/install/j8_xacro_model:/home/rhobtor/PHD/ARGOJ8_IA/install/hector_gazebo_plugins:/home/rhobtor/PHD/ARGOJ8_IA/install/fixposition_sensor_pkg:/home/rhobtor/PHD/ARGOJ8_IA/install/car_cpp:/home/rhobtor/PHD/ARGOJ8_IA/install/car_interfaces:/home/rhobtor/PHD/ARGOJ8_IA/install/argj801_ctl_platform:/home/rhobtor/packages/install/grid_map:/home/rhobtor/packages/install/grid_map_demos:/home/rhobtor/packages/install/grid_map_visualization:/home/rhobtor/packages/install/grid_map_sdf:/home/rhobtor/packages/install/grid_map_rviz_plugin:/home/rhobtor/packages/install/grid_map_pcl:/home/rhobtor/packages/install/grid_map_loader:/home/rhobtor/packages/install/grid_map_filters:/home/rhobtor/packages/install/grid_map_ros:/home/rhobtor/packages/install/grid_map_octomap:/home/rhobtor/packages/install/grid_map_msgs:/home/rhobtor/packages/install/grid_map_cv:/home/rhobtor/packages/install/grid_map_costmap_2d:/home/rhobtor/packages/install/grid_map_core:/home/rhobtor/packages/install/grid_map_cmake_helpers:/home/rhobtor/PHD/reactive/Reactive-Navegation/workspace_full_conected/install/octomap_mapping:/home/rhobtor/PHD/reactive/Reactive-Navegation/workspace_full_conected/install/octomap_server:/home/rhobtor/PHD/reactive/Reactive-Navegation/workspace_full_conected/install/octomap_rviz_plugins:/home/rhobtor/PHD/reactive/Reactive-Navegation/workspace_full_conected/install/hector_gazebo_plugins:/home/rhobtor/PHD/reactive/Reactive-Navegation/workspace_full_conected/install/car_cpp:/home/rhobtor/PHD/reactive/Reactive-Navegation/workspace_full_conected/install/car_interfaces:/home/rhobtor/PHD/ARGOJ8_IA/install/car:/home/rhobtor/PHD/reactive/Reactive-Navegation/workspace_full_conected/install/car:/opt/ros/humble LD_LIBRARY_PATH=/home/rhobtor/PHD/ARGOJ8_IA/install/argj801_ctl_platform_interfaces/lib:/home/rhobtor/PHD/ARGOJ8_IA/install/octomap_server/lib:/home/rhobtor/PHD/ARGOJ8_IA/install/octomap_rviz_plugins/lib:/home/rhobtor/PHD/ARGOJ8_IA/install/j8_xacro_model/lib:/home/rhobtor/PHD/ARGOJ8_IA/install/hector_gazebo_plugins/lib:/home/rhobtor/PHD/ARGOJ8_IA/install/fixposition_sensor_pkg/lib:/home/rhobtor/PHD/ARGOJ8_IA/install/car_cpp/lib:/home/rhobtor/PHD/ARGOJ8_IA/install/car_interfaces/lib:/home/rhobtor/packages/install/grid_map_demos/lib:/home/rhobtor/packages/install/grid_map_visualization/lib:/home/rhobtor/packages/install/grid_map_sdf/lib:/home/rhobtor/packages/install/grid_map_rviz_plugin/lib:/home/rhobtor/packages/install/grid_map_pcl/lib:/home/rhobtor/packages/install/grid_map_loader/lib:/home/rhobtor/packages/install/grid_map_filters/lib:/home/rhobtor/packages/install/grid_map_ros/lib:/home/rhobtor/packages/install/grid_map_octomap/lib:/home/rhobtor/packages/install/grid_map_msgs/lib:/home/rhobtor/packages/install/grid_map_cv/lib:/home/rhobtor/packages/install/grid_map_costmap_2d/lib:/home/rhobtor/packages/install/grid_map_core/lib:/home/rhobtor/PHD/reactive/Reactive-Navegation/workspace_full_conected/install/octomap_server/lib:/home/rhobtor/PHD/reactive/Reactive-Navegation/workspace_full_conected/install/octomap_rviz_plugins/lib:/home/rhobtor/PHD/reactive/Reactive-Navegation/workspace_full_conected/install/hector_gazebo_plugins/lib:/home/rhobtor/PHD/reactive/Reactive-Navegation/workspace_full_conected/install/car_cpp/lib:/home/rhobtor/PHD/reactive/Reactive-Navegation/workspace_full_conected/install/car_interfaces/lib:/usr/lib/x86_64-linux-gnu/gazebo-11/plugins:/opt/ros/humble/opt/rviz_ogre_vendor/lib:/opt/ros/humble/lib/x86_64-linux-gnu:/opt/ros/humble/lib /opt/st/stm32cubeclt_1.18.0/CMake/bin/cmake --install /home/rhobtor/PHD/ARGOJ8_IA/build/argj801_ctl_platform
[1.314s] Level 1:colcon.colcon_core.environment:checking '/home/rhobtor/PHD/ARGOJ8_IA/install/argj801_ctl_platform' for CMake config files
[1.314s] Level 1:colcon.colcon_core.shell:create_environment_hook('argj801_ctl_platform', 'cmake_prefix_path')
[1.315s] INFO:colcon.colcon_core.shell:Creating environment hook '/home/rhobtor/PHD/ARGOJ8_IA/install/argj801_ctl_platform/share/argj801_ctl_platform/hook/cmake_prefix_path.ps1'
[1.315s] INFO:colcon.colcon_core.shell:Creating environment descriptor '/home/rhobtor/PHD/ARGOJ8_IA/install/argj801_ctl_platform/share/argj801_ctl_platform/hook/cmake_prefix_path.dsv'
[1.316s] INFO:colcon.colcon_core.shell:Creating environment hook '/home/rhobtor/PHD/ARGOJ8_IA/install/argj801_ctl_platform/share/argj801_ctl_platform/hook/cmake_prefix_path.sh'
[1.317s] Level 1:colcon.colcon_core.environment:checking '/home/rhobtor/PHD/ARGOJ8_IA/install/argj801_ctl_platform/lib'
[1.317s] Level 1:colcon.colcon_core.environment:checking '/home/rhobtor/PHD/ARGOJ8_IA/install/argj801_ctl_platform/bin'
[1.317s] Level 1:colcon.colcon_core.environment:checking '/home/rhobtor/PHD/ARGOJ8_IA/install/argj801_ctl_platform/lib/pkgconfig/argj801_ctl_platform.pc'
[1.317s] Level 1:colcon.colcon_core.environment:checking '/home/rhobtor/PHD/ARGOJ8_IA/install/argj801_ctl_platform/lib/python3.10/site-packages'
[1.317s] Level 1:colcon.colcon_core.environment:checking '/home/rhobtor/PHD/ARGOJ8_IA/install/argj801_ctl_platform/bin'
[1.318s] INFO:colcon.colcon_core.shell:Creating package script '/home/rhobtor/PHD/ARGOJ8_IA/install/argj801_ctl_platform/share/argj801_ctl_platform/package.ps1'
[1.318s] INFO:colcon.colcon_core.shell:Creating package descriptor '/home/rhobtor/PHD/ARGOJ8_IA/install/argj801_ctl_platform/share/argj801_ctl_platform/package.dsv'
[1.319s] INFO:colcon.colcon_core.shell:Creating package script '/home/rhobtor/PHD/ARGOJ8_IA/install/argj801_ctl_platform/share/argj801_ctl_platform/package.sh'
[1.319s] INFO:colcon.colcon_core.shell:Creating package script '/home/rhobtor/PHD/ARGOJ8_IA/install/argj801_ctl_platform/share/argj801_ctl_platform/package.bash'
[1.320s] INFO:colcon.colcon_core.shell:Creating package script '/home/rhobtor/PHD/ARGOJ8_IA/install/argj801_ctl_platform/share/argj801_ctl_platform/package.zsh'
[1.320s] Level 1:colcon.colcon_core.environment:create_file_with_runtime_dependencies(/home/rhobtor/PHD/ARGOJ8_IA/install/argj801_ctl_platform/share/colcon-core/packages/argj801_ctl_platform)
[1.321s] Level 1:colcon.colcon_core.environment:create_environment_scripts_only(argj801_ctl_platform)
[1.321s] Level 1:colcon.colcon_core.environment:checking '/home/rhobtor/PHD/ARGOJ8_IA/install/argj801_ctl_platform' for CMake module files
[1.322s] Level 1:colcon.colcon_core.environment:checking '/home/rhobtor/PHD/ARGOJ8_IA/install/argj801_ctl_platform' for CMake config files
[1.322s] Level 1:colcon.colcon_core.shell:create_environment_hook('argj801_ctl_platform', 'cmake_prefix_path')
[1.323s] INFO:colcon.colcon_core.shell:Creating environment hook '/home/rhobtor/PHD/ARGOJ8_IA/install/argj801_ctl_platform/share/argj801_ctl_platform/hook/cmake_prefix_path.ps1'
[1.323s] INFO:colcon.colcon_core.shell:Creating environment descriptor '/home/rhobtor/PHD/ARGOJ8_IA/install/argj801_ctl_platform/share/argj801_ctl_platform/hook/cmake_prefix_path.dsv'
[1.324s] INFO:colcon.colcon_core.shell:Creating environment hook '/home/rhobtor/PHD/ARGOJ8_IA/install/argj801_ctl_platform/share/argj801_ctl_platform/hook/cmake_prefix_path.sh'
[1.324s] Level 1:colcon.colcon_core.environment:checking '/home/rhobtor/PHD/ARGOJ8_IA/install/argj801_ctl_platform/lib'
[1.324s] Level 1:colcon.colcon_core.environment:checking '/home/rhobtor/PHD/ARGOJ8_IA/install/argj801_ctl_platform/bin'
[1.324s] Level 1:colcon.colcon_core.environment:checking '/home/rhobtor/PHD/ARGOJ8_IA/install/argj801_ctl_platform/lib/pkgconfig/argj801_ctl_platform.pc'
[1.325s] Level 1:colcon.colcon_core.environment:checking '/home/rhobtor/PHD/ARGOJ8_IA/install/argj801_ctl_platform/lib/python3.10/site-packages'
[1.325s] Level 1:colcon.colcon_core.environment:checking '/home/rhobtor/PHD/ARGOJ8_IA/install/argj801_ctl_platform/bin'
[1.325s] INFO:colcon.colcon_core.shell:Creating package script '/home/rhobtor/PHD/ARGOJ8_IA/install/argj801_ctl_platform/share/argj801_ctl_platform/package.ps1'
[1.326s] INFO:colcon.colcon_core.shell:Creating package descriptor '/home/rhobtor/PHD/ARGOJ8_IA/install/argj801_ctl_platform/share/argj801_ctl_platform/package.dsv'
[1.327s] INFO:colcon.colcon_core.shell:Creating package script '/home/rhobtor/PHD/ARGOJ8_IA/install/argj801_ctl_platform/share/argj801_ctl_platform/package.sh'
[1.327s] INFO:colcon.colcon_core.shell:Creating package script '/home/rhobtor/PHD/ARGOJ8_IA/install/argj801_ctl_platform/share/argj801_ctl_platform/package.bash'
[1.328s] INFO:colcon.colcon_core.shell:Creating package script '/home/rhobtor/PHD/ARGOJ8_IA/install/argj801_ctl_platform/share/argj801_ctl_platform/package.zsh'
[1.328s] Level 1:colcon.colcon_core.environment:create_file_with_runtime_dependencies(/home/rhobtor/PHD/ARGOJ8_IA/install/argj801_ctl_platform/share/colcon-core/packages/argj801_ctl_platform)
[1.329s] INFO:colcon.colcon_ros.task.ament_cmake.build:Building ROS package in '/home/rhobtor/PHD/ARGOJ8_IA/src/gazebo_sim_pkgs/j8_xacro_model' with build type 'ament_cmake'
[1.329s] INFO:colcon.colcon_cmake.task.cmake.build:Building CMake package in '/home/rhobtor/PHD/ARGOJ8_IA/src/gazebo_sim_pkgs/j8_xacro_model'
[1.329s] INFO:colcon.colcon_core.shell:Skip shell extension 'powershell' for command environment: Not usable outside of PowerShell
[1.329s] DEBUG:colcon.colcon_core.shell:Skip shell extension 'dsv' for command environment
[1.356s] DEBUG:colcon.colcon_core.event_handler.log_command:Invoking command in '/home/rhobtor/PHD/ARGOJ8_IA/build/j8_xacro_model': CMAKE_PREFIX_PATH=/home/rhobtor/PHD/ARGOJ8_IA/install/argj801_ctl_platform:/home/rhobtor/PHD/ARGOJ8_IA/install/argj801_ctl_platform_interfaces:/home/rhobtor/PHD/ARGOJ8_IA/install/octomap_mapping:/home/rhobtor/PHD/ARGOJ8_IA/install/octomap_server:/home/rhobtor/PHD/ARGOJ8_IA/install/octomap_rviz_plugins:/home/rhobtor/PHD/ARGOJ8_IA/install/j8_xacro_model:/home/rhobtor/PHD/ARGOJ8_IA/install/hector_gazebo_plugins:/home/rhobtor/PHD/ARGOJ8_IA/install/fixposition_sensor_pkg:/home/rhobtor/PHD/ARGOJ8_IA/install/car_cpp:/home/rhobtor/PHD/ARGOJ8_IA/install/car_interfaces:/home/rhobtor/packages/install/grid_map:/home/rhobtor/packages/install/grid_map_demos:/home/rhobtor/packages/install/grid_map_visualization:/home/rhobtor/packages/install/grid_map_sdf:/home/rhobtor/packages/install/grid_map_rviz_plugin:/home/rhobtor/packages/install/grid_map_pcl:/home/rhobtor/packages/install/grid_map_loader:/home/rhobtor/packages/install/grid_map_filters:/home/rhobtor/packages/install/grid_map_ros:/home/rhobtor/packages/install/grid_map_octomap:/home/rhobtor/packages/install/grid_map_msgs:/home/rhobtor/packages/install/grid_map_cv:/home/rhobtor/packages/install/grid_map_costmap_2d:/home/rhobtor/packages/install/grid_map_core:/home/rhobtor/packages/install/grid_map_cmake_helpers:/home/rhobtor/PHD/reactive/Reactive-Navegation/workspace_full_conected/install/octomap_mapping:/home/rhobtor/PHD/reactive/Reactive-Navegation/workspace_full_conected/install/octomap_server:/home/rhobtor/PHD/reactive/Reactive-Navegation/workspace_full_conected/install/octomap_rviz_plugins:/home/rhobtor/PHD/reactive/Reactive-Navegation/workspace_full_conected/install/hector_gazebo_plugins:/home/rhobtor/PHD/reactive/Reactive-Navegation/workspace_full_conected/install/car_cpp:/home/rhobtor/PHD/reactive/Reactive-Navegation/workspace_full_conected/install/car_interfaces:/home/rhobtor/PHD/ARGOJ8_IA/install/car:/home/rhobtor/PHD/reactive/Reactive-Navegation/workspace_full_conected/install/car:/opt/ros/humble LD_LIBRARY_PATH=/home/rhobtor/PHD/ARGOJ8_IA/install/argj801_ctl_platform_interfaces/lib:/home/rhobtor/PHD/ARGOJ8_IA/install/octomap_server/lib:/home/rhobtor/PHD/ARGOJ8_IA/install/octomap_rviz_plugins/lib:/home/rhobtor/PHD/ARGOJ8_IA/install/j8_xacro_model/lib:/home/rhobtor/PHD/ARGOJ8_IA/install/hector_gazebo_plugins/lib:/home/rhobtor/PHD/ARGOJ8_IA/install/fixposition_sensor_pkg/lib:/home/rhobtor/PHD/ARGOJ8_IA/install/car_cpp/lib:/home/rhobtor/PHD/ARGOJ8_IA/install/car_interfaces/lib:/home/rhobtor/packages/install/grid_map_demos/lib:/home/rhobtor/packages/install/grid_map_visualization/lib:/home/rhobtor/packages/install/grid_map_sdf/lib:/home/rhobtor/packages/install/grid_map_rviz_plugin/lib:/home/rhobtor/packages/install/grid_map_pcl/lib:/home/rhobtor/packages/install/grid_map_loader/lib:/home/rhobtor/packages/install/grid_map_filters/lib:/home/rhobtor/packages/install/grid_map_ros/lib:/home/rhobtor/packages/install/grid_map_octomap/lib:/home/rhobtor/packages/install/grid_map_msgs/lib:/home/rhobtor/packages/install/grid_map_cv/lib:/home/rhobtor/packages/install/grid_map_costmap_2d/lib:/home/rhobtor/packages/install/grid_map_core/lib:/home/rhobtor/PHD/reactive/Reactive-Navegation/workspace_full_conected/install/octomap_server/lib:/home/rhobtor/PHD/reactive/Reactive-Navegation/workspace_full_conected/install/octomap_rviz_plugins/lib:/home/rhobtor/PHD/reactive/Reactive-Navegation/workspace_full_conected/install/hector_gazebo_plugins/lib:/home/rhobtor/PHD/reactive/Reactive-Navegation/workspace_full_conected/install/car_cpp/lib:/home/rhobtor/PHD/reactive/Reactive-Navegation/workspace_full_conected/install/car_interfaces/lib:/usr/lib/x86_64-linux-gnu/gazebo-11/plugins:/opt/ros/humble/opt/rviz_ogre_vendor/lib:/opt/ros/humble/lib/x86_64-linux-gnu:/opt/ros/humble/lib /opt/st/stm32cubeclt_1.18.0/CMake/bin/cmake --build /home/rhobtor/PHD/ARGOJ8_IA/build/j8_xacro_model -- -j16 -l16
[1.441s] DEBUG:colcon.colcon_core.event_handler.log_command:Invoked command in '/home/rhobtor/PHD/ARGOJ8_IA/build/j8_xacro_model' returned '0': CMAKE_PREFIX_PATH=/home/rhobtor/PHD/ARGOJ8_IA/install/argj801_ctl_platform:/home/rhobtor/PHD/ARGOJ8_IA/install/argj801_ctl_platform_interfaces:/home/rhobtor/PHD/ARGOJ8_IA/install/octomap_mapping:/home/rhobtor/PHD/ARGOJ8_IA/install/octomap_server:/home/rhobtor/PHD/ARGOJ8_IA/install/octomap_rviz_plugins:/home/rhobtor/PHD/ARGOJ8_IA/install/j8_xacro_model:/home/rhobtor/PHD/ARGOJ8_IA/install/hector_gazebo_plugins:/home/rhobtor/PHD/ARGOJ8_IA/install/fixposition_sensor_pkg:/home/rhobtor/PHD/ARGOJ8_IA/install/car_cpp:/home/rhobtor/PHD/ARGOJ8_IA/install/car_interfaces:/home/rhobtor/packages/install/grid_map:/home/rhobtor/packages/install/grid_map_demos:/home/rhobtor/packages/install/grid_map_visualization:/home/rhobtor/packages/install/grid_map_sdf:/home/rhobtor/packages/install/grid_map_rviz_plugin:/home/rhobtor/packages/install/grid_map_pcl:/home/rhobtor/packages/install/grid_map_loader:/home/rhobtor/packages/install/grid_map_filters:/home/rhobtor/packages/install/grid_map_ros:/home/rhobtor/packages/install/grid_map_octomap:/home/rhobtor/packages/install/grid_map_msgs:/home/rhobtor/packages/install/grid_map_cv:/home/rhobtor/packages/install/grid_map_costmap_2d:/home/rhobtor/packages/install/grid_map_core:/home/rhobtor/packages/install/grid_map_cmake_helpers:/home/rhobtor/PHD/reactive/Reactive-Navegation/workspace_full_conected/install/octomap_mapping:/home/rhobtor/PHD/reactive/Reactive-Navegation/workspace_full_conected/install/octomap_server:/home/rhobtor/PHD/reactive/Reactive-Navegation/workspace_full_conected/install/octomap_rviz_plugins:/home/rhobtor/PHD/reactive/Reactive-Navegation/workspace_full_conected/install/hector_gazebo_plugins:/home/rhobtor/PHD/reactive/Reactive-Navegation/workspace_full_conected/install/car_cpp:/home/rhobtor/PHD/reactive/Reactive-Navegation/workspace_full_conected/install/car_interfaces:/home/rhobtor/PHD/ARGOJ8_IA/install/car:/home/rhobtor/PHD/reactive/Reactive-Navegation/workspace_full_conected/install/car:/opt/ros/humble LD_LIBRARY_PATH=/home/rhobtor/PHD/ARGOJ8_IA/install/argj801_ctl_platform_interfaces/lib:/home/rhobtor/PHD/ARGOJ8_IA/install/octomap_server/lib:/home/rhobtor/PHD/ARGOJ8_IA/install/octomap_rviz_plugins/lib:/home/rhobtor/PHD/ARGOJ8_IA/install/j8_xacro_model/lib:/home/rhobtor/PHD/ARGOJ8_IA/install/hector_gazebo_plugins/lib:/home/rhobtor/PHD/ARGOJ8_IA/install/fixposition_sensor_pkg/lib:/home/rhobtor/PHD/ARGOJ8_IA/install/car_cpp/lib:/home/rhobtor/PHD/ARGOJ8_IA/install/car_interfaces/lib:/home/rhobtor/packages/install/grid_map_demos/lib:/home/rhobtor/packages/install/grid_map_visualization/lib:/home/rhobtor/packages/install/grid_map_sdf/lib:/home/rhobtor/packages/install/grid_map_rviz_plugin/lib:/home/rhobtor/packages/install/grid_map_pcl/lib:/home/rhobtor/packages/install/grid_map_loader/lib:/home/rhobtor/packages/install/grid_map_filters/lib:/home/rhobtor/packages/install/grid_map_ros/lib:/home/rhobtor/packages/install/grid_map_octomap/lib:/home/rhobtor/packages/install/grid_map_msgs/lib:/home/rhobtor/packages/install/grid_map_cv/lib:/home/rhobtor/packages/install/grid_map_costmap_2d/lib:/home/rhobtor/packages/install/grid_map_core/lib:/home/rhobtor/PHD/reactive/Reactive-Navegation/workspace_full_conected/install/octomap_server/lib:/home/rhobtor/PHD/reactive/Reactive-Navegation/workspace_full_conected/install/octomap_rviz_plugins/lib:/home/rhobtor/PHD/reactive/Reactive-Navegation/workspace_full_conected/install/hector_gazebo_plugins/lib:/home/rhobtor/PHD/reactive/Reactive-Navegation/workspace_full_conected/install/car_cpp/lib:/home/rhobtor/PHD/reactive/Reactive-Navegation/workspace_full_conected/install/car_interfaces/lib:/usr/lib/x86_64-linux-gnu/gazebo-11/plugins:/opt/ros/humble/opt/rviz_ogre_vendor/lib:/opt/ros/humble/lib/x86_64-linux-gnu:/opt/ros/humble/lib /opt/st/stm32cubeclt_1.18.0/CMake/bin/cmake --build /home/rhobtor/PHD/ARGOJ8_IA/build/j8_xacro_model -- -j16 -l16
[1.443s] DEBUG:colcon.colcon_core.event_handler.log_command:Invoking command in '/home/rhobtor/PHD/ARGOJ8_IA/build/j8_xacro_model': CMAKE_PREFIX_PATH=/home/rhobtor/PHD/ARGOJ8_IA/install/argj801_ctl_platform:/home/rhobtor/PHD/ARGOJ8_IA/install/argj801_ctl_platform_interfaces:/home/rhobtor/PHD/ARGOJ8_IA/install/octomap_mapping:/home/rhobtor/PHD/ARGOJ8_IA/install/octomap_server:/home/rhobtor/PHD/ARGOJ8_IA/install/octomap_rviz_plugins:/home/rhobtor/PHD/ARGOJ8_IA/install/j8_xacro_model:/home/rhobtor/PHD/ARGOJ8_IA/install/hector_gazebo_plugins:/home/rhobtor/PHD/ARGOJ8_IA/install/fixposition_sensor_pkg:/home/rhobtor/PHD/ARGOJ8_IA/install/car_cpp:/home/rhobtor/PHD/ARGOJ8_IA/install/car_interfaces:/home/rhobtor/packages/install/grid_map:/home/rhobtor/packages/install/grid_map_demos:/home/rhobtor/packages/install/grid_map_visualization:/home/rhobtor/packages/install/grid_map_sdf:/home/rhobtor/packages/install/grid_map_rviz_plugin:/home/rhobtor/packages/install/grid_map_pcl:/home/rhobtor/packages/install/grid_map_loader:/home/rhobtor/packages/install/grid_map_filters:/home/rhobtor/packages/install/grid_map_ros:/home/rhobtor/packages/install/grid_map_octomap:/home/rhobtor/packages/install/grid_map_msgs:/home/rhobtor/packages/install/grid_map_cv:/home/rhobtor/packages/install/grid_map_costmap_2d:/home/rhobtor/packages/install/grid_map_core:/home/rhobtor/packages/install/grid_map_cmake_helpers:/home/rhobtor/PHD/reactive/Reactive-Navegation/workspace_full_conected/install/octomap_mapping:/home/rhobtor/PHD/reactive/Reactive-Navegation/workspace_full_conected/install/octomap_server:/home/rhobtor/PHD/reactive/Reactive-Navegation/workspace_full_conected/install/octomap_rviz_plugins:/home/rhobtor/PHD/reactive/Reactive-Navegation/workspace_full_conected/install/hector_gazebo_plugins:/home/rhobtor/PHD/reactive/Reactive-Navegation/workspace_full_conected/install/car_cpp:/home/rhobtor/PHD/reactive/Reactive-Navegation/workspace_full_conected/install/car_interfaces:/home/rhobtor/PHD/ARGOJ8_IA/install/car:/home/rhobtor/PHD/reactive/Reactive-Navegation/workspace_full_conected/install/car:/opt/ros/humble LD_LIBRARY_PATH=/home/rhobtor/PHD/ARGOJ8_IA/install/argj801_ctl_platform_interfaces/lib:/home/rhobtor/PHD/ARGOJ8_IA/install/octomap_server/lib:/home/rhobtor/PHD/ARGOJ8_IA/install/octomap_rviz_plugins/lib:/home/rhobtor/PHD/ARGOJ8_IA/install/j8_xacro_model/lib:/home/rhobtor/PHD/ARGOJ8_IA/install/hector_gazebo_plugins/lib:/home/rhobtor/PHD/ARGOJ8_IA/install/fixposition_sensor_pkg/lib:/home/rhobtor/PHD/ARGOJ8_IA/install/car_cpp/lib:/home/rhobtor/PHD/ARGOJ8_IA/install/car_interfaces/lib:/home/rhobtor/packages/install/grid_map_demos/lib:/home/rhobtor/packages/install/grid_map_visualization/lib:/home/rhobtor/packages/install/grid_map_sdf/lib:/home/rhobtor/packages/install/grid_map_rviz_plugin/lib:/home/rhobtor/packages/install/grid_map_pcl/lib:/home/rhobtor/packages/install/grid_map_loader/lib:/home/rhobtor/packages/install/grid_map_filters/lib:/home/rhobtor/packages/install/grid_map_ros/lib:/home/rhobtor/packages/install/grid_map_octomap/lib:/home/rhobtor/packages/install/grid_map_msgs/lib:/home/rhobtor/packages/install/grid_map_cv/lib:/home/rhobtor/packages/install/grid_map_costmap_2d/lib:/home/rhobtor/packages/install/grid_map_core/lib:/home/rhobtor/PHD/reactive/Reactive-Navegation/workspace_full_conected/install/octomap_server/lib:/home/rhobtor/PHD/reactive/Reactive-Navegation/workspace_full_conected/install/octomap_rviz_plugins/lib:/home/rhobtor/PHD/reactive/Reactive-Navegation/workspace_full_conected/install/hector_gazebo_plugins/lib:/home/rhobtor/PHD/reactive/Reactive-Navegation/workspace_full_conected/install/car_cpp/lib:/home/rhobtor/PHD/reactive/Reactive-Navegation/workspace_full_conected/install/car_interfaces/lib:/usr/lib/x86_64-linux-gnu/gazebo-11/plugins:/opt/ros/humble/opt/rviz_ogre_vendor/lib:/opt/ros/humble/lib/x86_64-linux-gnu:/opt/ros/humble/lib /opt/st/stm32cubeclt_1.18.0/CMake/bin/cmake --install /home/rhobtor/PHD/ARGOJ8_IA/build/j8_xacro_model
[1.475s] Level 1:colcon.colcon_core.environment:create_environment_scripts_only(j8_xacro_model)
[1.476s] Level 1:colcon.colcon_core.environment:checking '/home/rhobtor/PHD/ARGOJ8_IA/install/j8_xacro_model' for CMake module files
[1.477s] DEBUG:colcon.colcon_core.event_handler.log_command:Invoked command in '/home/rhobtor/PHD/ARGOJ8_IA/build/j8_xacro_model' returned '0': CMAKE_PREFIX_PATH=/home/rhobtor/PHD/ARGOJ8_IA/install/argj801_ctl_platform:/home/rhobtor/PHD/ARGOJ8_IA/install/argj801_ctl_platform_interfaces:/home/rhobtor/PHD/ARGOJ8_IA/install/octomap_mapping:/home/rhobtor/PHD/ARGOJ8_IA/install/octomap_server:/home/rhobtor/PHD/ARGOJ8_IA/install/octomap_rviz_plugins:/home/rhobtor/PHD/ARGOJ8_IA/install/j8_xacro_model:/home/rhobtor/PHD/ARGOJ8_IA/install/hector_gazebo_plugins:/home/rhobtor/PHD/ARGOJ8_IA/install/fixposition_sensor_pkg:/home/rhobtor/PHD/ARGOJ8_IA/install/car_cpp:/home/rhobtor/PHD/ARGOJ8_IA/install/car_interfaces:/home/rhobtor/packages/install/grid_map:/home/rhobtor/packages/install/grid_map_demos:/home/rhobtor/packages/install/grid_map_visualization:/home/rhobtor/packages/install/grid_map_sdf:/home/rhobtor/packages/install/grid_map_rviz_plugin:/home/rhobtor/packages/install/grid_map_pcl:/home/rhobtor/packages/install/grid_map_loader:/home/rhobtor/packages/install/grid_map_filters:/home/rhobtor/packages/install/grid_map_ros:/home/rhobtor/packages/install/grid_map_octomap:/home/rhobtor/packages/install/grid_map_msgs:/home/rhobtor/packages/install/grid_map_cv:/home/rhobtor/packages/install/grid_map_costmap_2d:/home/rhobtor/packages/install/grid_map_core:/home/rhobtor/packages/install/grid_map_cmake_helpers:/home/rhobtor/PHD/reactive/Reactive-Navegation/workspace_full_conected/install/octomap_mapping:/home/rhobtor/PHD/reactive/Reactive-Navegation/workspace_full_conected/install/octomap_server:/home/rhobtor/PHD/reactive/Reactive-Navegation/workspace_full_conected/install/octomap_rviz_plugins:/home/rhobtor/PHD/reactive/Reactive-Navegation/workspace_full_conected/install/hector_gazebo_plugins:/home/rhobtor/PHD/reactive/Reactive-Navegation/workspace_full_conected/install/car_cpp:/home/rhobtor/PHD/reactive/Reactive-Navegation/workspace_full_conected/install/car_interfaces:/home/rhobtor/PHD/ARGOJ8_IA/install/car:/home/rhobtor/PHD/reactive/Reactive-Navegation/workspace_full_conected/install/car:/opt/ros/humble LD_LIBRARY_PATH=/home/rhobtor/PHD/ARGOJ8_IA/install/argj801_ctl_platform_interfaces/lib:/home/rhobtor/PHD/ARGOJ8_IA/install/octomap_server/lib:/home/rhobtor/PHD/ARGOJ8_IA/install/octomap_rviz_plugins/lib:/home/rhobtor/PHD/ARGOJ8_IA/install/j8_xacro_model/lib:/home/rhobtor/PHD/ARGOJ8_IA/install/hector_gazebo_plugins/lib:/home/rhobtor/PHD/ARGOJ8_IA/install/fixposition_sensor_pkg/lib:/home/rhobtor/PHD/ARGOJ8_IA/install/car_cpp/lib:/home/rhobtor/PHD/ARGOJ8_IA/install/car_interfaces/lib:/home/rhobtor/packages/install/grid_map_demos/lib:/home/rhobtor/packages/install/grid_map_visualization/lib:/home/rhobtor/packages/install/grid_map_sdf/lib:/home/rhobtor/packages/install/grid_map_rviz_plugin/lib:/home/rhobtor/packages/install/grid_map_pcl/lib:/home/rhobtor/packages/install/grid_map_loader/lib:/home/rhobtor/packages/install/grid_map_filters/lib:/home/rhobtor/packages/install/grid_map_ros/lib:/home/rhobtor/packages/install/grid_map_octomap/lib:/home/rhobtor/packages/install/grid_map_msgs/lib:/home/rhobtor/packages/install/grid_map_cv/lib:/home/rhobtor/packages/install/grid_map_costmap_2d/lib:/home/rhobtor/packages/install/grid_map_core/lib:/home/rhobtor/PHD/reactive/Reactive-Navegation/workspace_full_conected/install/octomap_server/lib:/home/rhobtor/PHD/reactive/Reactive-Navegation/workspace_full_conected/install/octomap_rviz_plugins/lib:/home/rhobtor/PHD/reactive/Reactive-Navegation/workspace_full_conected/install/hector_gazebo_plugins/lib:/home/rhobtor/PHD/reactive/Reactive-Navegation/workspace_full_conected/install/car_cpp/lib:/home/rhobtor/PHD/reactive/Reactive-Navegation/workspace_full_conected/install/car_interfaces/lib:/usr/lib/x86_64-linux-gnu/gazebo-11/plugins:/opt/ros/humble/opt/rviz_ogre_vendor/lib:/opt/ros/humble/lib/x86_64-linux-gnu:/opt/ros/humble/lib /opt/st/stm32cubeclt_1.18.0/CMake/bin/cmake --install /home/rhobtor/PHD/ARGOJ8_IA/build/j8_xacro_model
[1.478s] Level 1:colcon.colcon_core.environment:checking '/home/rhobtor/PHD/ARGOJ8_IA/install/j8_xacro_model' for CMake config files
[1.478s] Level 1:colcon.colcon_core.shell:create_environment_hook('j8_xacro_model', 'cmake_prefix_path')
[1.479s] INFO:colcon.colcon_core.shell:Creating environment hook '/home/rhobtor/PHD/ARGOJ8_IA/install/j8_xacro_model/share/j8_xacro_model/hook/cmake_prefix_path.ps1'
[1.480s] INFO:colcon.colcon_core.shell:Creating environment descriptor '/home/rhobtor/PHD/ARGOJ8_IA/install/j8_xacro_model/share/j8_xacro_model/hook/cmake_prefix_path.dsv'
[1.481s] INFO:colcon.colcon_core.shell:Creating environment hook '/home/rhobtor/PHD/ARGOJ8_IA/install/j8_xacro_model/share/j8_xacro_model/hook/cmake_prefix_path.sh'
[1.482s] Level 1:colcon.colcon_core.environment:checking '/home/rhobtor/PHD/ARGOJ8_IA/install/j8_xacro_model/lib'
[1.482s] Level 1:colcon.colcon_core.shell:create_environment_hook('j8_xacro_model', 'ld_library_path_lib')
[1.482s] INFO:colcon.colcon_core.shell:Creating environment hook '/home/rhobtor/PHD/ARGOJ8_IA/install/j8_xacro_model/share/j8_xacro_model/hook/ld_library_path_lib.ps1'
[1.483s] INFO:colcon.colcon_core.shell:Creating environment descriptor '/home/rhobtor/PHD/ARGOJ8_IA/install/j8_xacro_model/share/j8_xacro_model/hook/ld_library_path_lib.dsv'
[1.483s] INFO:colcon.colcon_core.shell:Creating environment hook '/home/rhobtor/PHD/ARGOJ8_IA/install/j8_xacro_model/share/j8_xacro_model/hook/ld_library_path_lib.sh'
[1.484s] Level 1:colcon.colcon_core.environment:checking '/home/rhobtor/PHD/ARGOJ8_IA/install/j8_xacro_model/bin'
[1.484s] Level 1:colcon.colcon_core.environment:checking '/home/rhobtor/PHD/ARGOJ8_IA/install/j8_xacro_model/lib/pkgconfig/j8_xacro_model.pc'
[1.484s] Level 1:colcon.colcon_core.environment:checking '/home/rhobtor/PHD/ARGOJ8_IA/install/j8_xacro_model/lib/python3.10/site-packages'
[1.485s] Level 1:colcon.colcon_core.environment:checking '/home/rhobtor/PHD/ARGOJ8_IA/install/j8_xacro_model/bin'
[1.485s] INFO:colcon.colcon_core.shell:Creating package script '/home/rhobtor/PHD/ARGOJ8_IA/install/j8_xacro_model/share/j8_xacro_model/package.ps1'
[1.486s] INFO:colcon.colcon_core.shell:Creating package descriptor '/home/rhobtor/PHD/ARGOJ8_IA/install/j8_xacro_model/share/j8_xacro_model/package.dsv'
[1.486s] INFO:colcon.colcon_core.shell:Creating package script '/home/rhobtor/PHD/ARGOJ8_IA/install/j8_xacro_model/share/j8_xacro_model/package.sh'
[1.487s] INFO:colcon.colcon_core.shell:Creating package script '/home/rhobtor/PHD/ARGOJ8_IA/install/j8_xacro_model/share/j8_xacro_model/package.bash'
[1.487s] INFO:colcon.colcon_core.shell:Creating package script '/home/rhobtor/PHD/ARGOJ8_IA/install/j8_xacro_model/share/j8_xacro_model/package.zsh'
[1.488s] Level 1:colcon.colcon_core.environment:create_file_with_runtime_dependencies(/home/rhobtor/PHD/ARGOJ8_IA/install/j8_xacro_model/share/colcon-core/packages/j8_xacro_model)
[1.488s] Level 1:colcon.colcon_core.environment:create_environment_scripts_only(j8_xacro_model)
[1.489s] Level 1:colcon.colcon_core.environment:checking '/home/rhobtor/PHD/ARGOJ8_IA/install/j8_xacro_model' for CMake module files
[1.489s] Level 1:colcon.colcon_core.environment:checking '/home/rhobtor/PHD/ARGOJ8_IA/install/j8_xacro_model' for CMake config files
[1.490s] Level 1:colcon.colcon_core.shell:create_environment_hook('j8_xacro_model', 'cmake_prefix_path')
[1.490s] INFO:colcon.colcon_core.shell:Creating environment hook '/home/rhobtor/PHD/ARGOJ8_IA/install/j8_xacro_model/share/j8_xacro_model/hook/cmake_prefix_path.ps1'
[1.490s] INFO:colcon.colcon_core.shell:Creating environment descriptor '/home/rhobtor/PHD/ARGOJ8_IA/install/j8_xacro_model/share/j8_xacro_model/hook/cmake_prefix_path.dsv'
[1.492s] INFO:colcon.colcon_core.shell:Creating environment hook '/home/rhobtor/PHD/ARGOJ8_IA/install/j8_xacro_model/share/j8_xacro_model/hook/cmake_prefix_path.sh'
[1.492s] Level 1:colcon.colcon_core.environment:checking '/home/rhobtor/PHD/ARGOJ8_IA/install/j8_xacro_model/lib'
[1.492s] Level 1:colcon.colcon_core.shell:create_environment_hook('j8_xacro_model', 'ld_library_path_lib')
[1.493s] INFO:colcon.colcon_core.shell:Creating environment hook '/home/rhobtor/PHD/ARGOJ8_IA/install/j8_xacro_model/share/j8_xacro_model/hook/ld_library_path_lib.ps1'
[1.493s] INFO:colcon.colcon_core.shell:Creating environment descriptor '/home/rhobtor/PHD/ARGOJ8_IA/install/j8_xacro_model/share/j8_xacro_model/hook/ld_library_path_lib.dsv'
[1.493s] INFO:colcon.colcon_core.shell:Creating environment hook '/home/rhobtor/PHD/ARGOJ8_IA/install/j8_xacro_model/share/j8_xacro_model/hook/ld_library_path_lib.sh'
[1.494s] Level 1:colcon.colcon_core.environment:checking '/home/rhobtor/PHD/ARGOJ8_IA/install/j8_xacro_model/bin'
[1.494s] Level 1:colcon.colcon_core.environment:checking '/home/rhobtor/PHD/ARGOJ8_IA/install/j8_xacro_model/lib/pkgconfig/j8_xacro_model.pc'
[1.494s] Level 1:colcon.colcon_core.environment:checking '/home/rhobtor/PHD/ARGOJ8_IA/install/j8_xacro_model/lib/python3.10/site-packages'
[1.494s] Level 1:colcon.colcon_core.environment:checking '/home/rhobtor/PHD/ARGOJ8_IA/install/j8_xacro_model/bin'
[1.494s] INFO:colcon.colcon_core.shell:Creating package script '/home/rhobtor/PHD/ARGOJ8_IA/install/j8_xacro_model/share/j8_xacro_model/package.ps1'
[1.495s] INFO:colcon.colcon_core.shell:Creating package descriptor '/home/rhobtor/PHD/ARGOJ8_IA/install/j8_xacro_model/share/j8_xacro_model/package.dsv'
[1.495s] INFO:colcon.colcon_core.shell:Creating package script '/home/rhobtor/PHD/ARGOJ8_IA/install/j8_xacro_model/share/j8_xacro_model/package.sh'
[1.496s] INFO:colcon.colcon_core.shell:Creating package script '/home/rhobtor/PHD/ARGOJ8_IA/install/j8_xacro_model/share/j8_xacro_model/package.bash'
[1.496s] INFO:colcon.colcon_core.shell:Creating package script '/home/rhobtor/PHD/ARGOJ8_IA/install/j8_xacro_model/share/j8_xacro_model/package.zsh'
[1.497s] Level 1:colcon.colcon_core.environment:create_file_with_runtime_dependencies(/home/rhobtor/PHD/ARGOJ8_IA/install/j8_xacro_model/share/colcon-core/packages/j8_xacro_model)
[1.893s] DEBUG:colcon.colcon_core.event_handler.log_command:Invoked command in '/home/rhobtor/PHD/ARGOJ8_IA/build/car_interfaces' returned '0': CMAKE_PREFIX_PATH=${CMAKE_PREFIX_PATH}:/home/rhobtor/PHD/ARGOJ8_IA/install/car:/home/rhobtor/PHD/reactive/Reactive-Navegation/workspace_full_conected/install/car:/opt/ros/humble /opt/st/stm32cubeclt_1.18.0/CMake/bin/cmake --build /home/rhobtor/PHD/ARGOJ8_IA/build/car_interfaces -- -j16 -l16
[1.898s] DEBUG:colcon.colcon_core.event_handler.log_command:Invoking command in '/home/rhobtor/PHD/ARGOJ8_IA/build/car_interfaces': CMAKE_PREFIX_PATH=${CMAKE_PREFIX_PATH}:/home/rhobtor/PHD/ARGOJ8_IA/install/car:/home/rhobtor/PHD/reactive/Reactive-Navegation/workspace_full_conected/install/car:/opt/ros/humble /opt/st/stm32cubeclt_1.18.0/CMake/bin/cmake --install /home/rhobtor/PHD/ARGOJ8_IA/build/car_interfaces
[1.968s] Level 1:colcon.colcon_core.environment:create_environment_scripts_only(car_interfaces)
[1.969s] Level 1:colcon.colcon_core.environment:checking '/home/rhobtor/PHD/ARGOJ8_IA/install/car_interfaces' for CMake module files
[1.970s] DEBUG:colcon.colcon_core.event_handler.log_command:Invoked command in '/home/rhobtor/PHD/ARGOJ8_IA/build/car_interfaces' returned '0': CMAKE_PREFIX_PATH=${CMAKE_PREFIX_PATH}:/home/rhobtor/PHD/ARGOJ8_IA/install/car:/home/rhobtor/PHD/reactive/Reactive-Navegation/workspace_full_conected/install/car:/opt/ros/humble /opt/st/stm32cubeclt_1.18.0/CMake/bin/cmake --install /home/rhobtor/PHD/ARGOJ8_IA/build/car_interfaces
[1.970s] Level 1:colcon.colcon_core.environment:checking '/home/rhobtor/PHD/ARGOJ8_IA/install/car_interfaces' for CMake config files
[1.971s] Level 1:colcon.colcon_core.shell:create_environment_hook('car_interfaces', 'cmake_prefix_path')
[1.971s] INFO:colcon.colcon_core.shell:Creating environment hook '/home/rhobtor/PHD/ARGOJ8_IA/install/car_interfaces/share/car_interfaces/hook/cmake_prefix_path.ps1'
[1.972s] INFO:colcon.colcon_core.shell:Creating environment descriptor '/home/rhobtor/PHD/ARGOJ8_IA/install/car_interfaces/share/car_interfaces/hook/cmake_prefix_path.dsv'
[1.972s] INFO:colcon.colcon_core.shell:Creating environment hook '/home/rhobtor/PHD/ARGOJ8_IA/install/car_interfaces/share/car_interfaces/hook/cmake_prefix_path.sh'
[1.975s] Level 1:colcon.colcon_core.environment:checking '/home/rhobtor/PHD/ARGOJ8_IA/install/car_interfaces/lib'
[1.975s] Level 1:colcon.colcon_core.shell:create_environment_hook('car_interfaces', 'ld_library_path_lib')
[1.977s] INFO:colcon.colcon_core.shell:Creating environment hook '/home/rhobtor/PHD/ARGOJ8_IA/install/car_interfaces/share/car_interfaces/hook/ld_library_path_lib.ps1'
[1.981s] INFO:colcon.colcon_core.shell:Creating environment descriptor '/home/rhobtor/PHD/ARGOJ8_IA/install/car_interfaces/share/car_interfaces/hook/ld_library_path_lib.dsv'
[1.984s] INFO:colcon.colcon_core.shell:Creating environment hook '/home/rhobtor/PHD/ARGOJ8_IA/install/car_interfaces/share/car_interfaces/hook/ld_library_path_lib.sh'
[1.988s] Level 1:colcon.colcon_core.environment:checking '/home/rhobtor/PHD/ARGOJ8_IA/install/car_interfaces/bin'
[1.988s] Level 1:colcon.colcon_core.environment:checking '/home/rhobtor/PHD/ARGOJ8_IA/install/car_interfaces/lib/pkgconfig/car_interfaces.pc'
[1.989s] Level 1:colcon.colcon_core.environment:checking '/home/rhobtor/PHD/ARGOJ8_IA/install/car_interfaces/lib/python3.10/site-packages'
[1.989s] Level 1:colcon.colcon_core.environment:checking '/home/rhobtor/PHD/ARGOJ8_IA/install/car_interfaces/bin'
[1.990s] INFO:colcon.colcon_core.shell:Creating package script '/home/rhobtor/PHD/ARGOJ8_IA/install/car_interfaces/share/car_interfaces/package.ps1'
[1.990s] INFO:colcon.colcon_core.shell:Creating package descriptor '/home/rhobtor/PHD/ARGOJ8_IA/install/car_interfaces/share/car_interfaces/package.dsv'
[1.991s] INFO:colcon.colcon_core.shell:Creating package script '/home/rhobtor/PHD/ARGOJ8_IA/install/car_interfaces/share/car_interfaces/package.sh'
[1.991s] INFO:colcon.colcon_core.shell:Creating package script '/home/rhobtor/PHD/ARGOJ8_IA/install/car_interfaces/share/car_interfaces/package.bash'
[1.991s] INFO:colcon.colcon_core.shell:Creating package script '/home/rhobtor/PHD/ARGOJ8_IA/install/car_interfaces/share/car_interfaces/package.zsh'
[1.992s] Level 1:colcon.colcon_core.environment:create_file_with_runtime_dependencies(/home/rhobtor/PHD/ARGOJ8_IA/install/car_interfaces/share/colcon-core/packages/car_interfaces)
[1.993s] Level 1:colcon.colcon_core.environment:create_environment_scripts_only(car_interfaces)
[1.993s] Level 1:colcon.colcon_core.environment:checking '/home/rhobtor/PHD/ARGOJ8_IA/install/car_interfaces' for CMake module files
[1.993s] Level 1:colcon.colcon_core.environment:checking '/home/rhobtor/PHD/ARGOJ8_IA/install/car_interfaces' for CMake config files
[1.994s] Level 1:colcon.colcon_core.shell:create_environment_hook('car_interfaces', 'cmake_prefix_path')
[1.994s] INFO:colcon.colcon_core.shell:Creating environment hook '/home/rhobtor/PHD/ARGOJ8_IA/install/car_interfaces/share/car_interfaces/hook/cmake_prefix_path.ps1'
[1.994s] INFO:colcon.colcon_core.shell:Creating environment descriptor '/home/rhobtor/PHD/ARGOJ8_IA/install/car_interfaces/share/car_interfaces/hook/cmake_prefix_path.dsv'
[1.995s] INFO:colcon.colcon_core.shell:Creating environment hook '/home/rhobtor/PHD/ARGOJ8_IA/install/car_interfaces/share/car_interfaces/hook/cmake_prefix_path.sh'
[1.995s] Level 1:colcon.colcon_core.environment:checking '/home/rhobtor/PHD/ARGOJ8_IA/install/car_interfaces/lib'
[1.995s] Level 1:colcon.colcon_core.shell:create_environment_hook('car_interfaces', 'ld_library_path_lib')
[1.996s] INFO:colcon.colcon_core.shell:Creating environment hook '/home/rhobtor/PHD/ARGOJ8_IA/install/car_interfaces/share/car_interfaces/hook/ld_library_path_lib.ps1'
[1.996s] INFO:colcon.colcon_core.shell:Creating environment descriptor '/home/rhobtor/PHD/ARGOJ8_IA/install/car_interfaces/share/car_interfaces/hook/ld_library_path_lib.dsv'
[1.996s] INFO:colcon.colcon_core.shell:Creating environment hook '/home/rhobtor/PHD/ARGOJ8_IA/install/car_interfaces/share/car_interfaces/hook/ld_library_path_lib.sh'
[1.997s] Level 1:colcon.colcon_core.environment:checking '/home/rhobtor/PHD/ARGOJ8_IA/install/car_interfaces/bin'
[1.997s] Level 1:colcon.colcon_core.environment:checking '/home/rhobtor/PHD/ARGOJ8_IA/install/car_interfaces/lib/pkgconfig/car_interfaces.pc'
[1.997s] Level 1:colcon.colcon_core.environment:checking '/home/rhobtor/PHD/ARGOJ8_IA/install/car_interfaces/lib/python3.10/site-packages'
[1.997s] Level 1:colcon.colcon_core.environment:checking '/home/rhobtor/PHD/ARGOJ8_IA/install/car_interfaces/bin'
[1.998s] INFO:colcon.colcon_core.shell:Creating package script '/home/rhobtor/PHD/ARGOJ8_IA/install/car_interfaces/share/car_interfaces/package.ps1'
[1.998s] INFO:colcon.colcon_core.shell:Creating package descriptor '/home/rhobtor/PHD/ARGOJ8_IA/install/car_interfaces/share/car_interfaces/package.dsv'
[1.999s] INFO:colcon.colcon_core.shell:Creating package script '/home/rhobtor/PHD/ARGOJ8_IA/install/car_interfaces/share/car_interfaces/package.sh'
[1.999s] INFO:colcon.colcon_core.shell:Creating package script '/home/rhobtor/PHD/ARGOJ8_IA/install/car_interfaces/share/car_interfaces/package.bash'
[1.999s] INFO:colcon.colcon_core.shell:Creating package script '/home/rhobtor/PHD/ARGOJ8_IA/install/car_interfaces/share/car_interfaces/package.zsh'
[2.000s] Level 1:colcon.colcon_core.environment:create_file_with_runtime_dependencies(/home/rhobtor/PHD/ARGOJ8_IA/install/car_interfaces/share/colcon-core/packages/car_interfaces)
[2.000s] INFO:colcon.colcon_ros.task.ament_cmake.build:Building ROS package in '/home/rhobtor/PHD/ARGOJ8_IA/src/octomap/octomap_server' with build type 'ament_cmake'
[2.000s] INFO:colcon.colcon_cmake.task.cmake.build:Building CMake package in '/home/rhobtor/PHD/ARGOJ8_IA/src/octomap/octomap_server'
[2.000s] INFO:colcon.colcon_core.shell:Skip shell extension 'powershell' for command environment: Not usable outside of PowerShell
[2.001s] DEBUG:colcon.colcon_core.shell:Skip shell extension 'dsv' for command environment
[2.035s] INFO:colcon.colcon_ros.task.ament_python.build:Building ROS package in '/home/rhobtor/PHD/ARGOJ8_IA/src/car_python' with build type 'ament_python'
[2.036s] Level 1:colcon.colcon_core.shell:create_environment_hook('car', 'ament_prefix_path')
[2.036s] INFO:colcon.colcon_core.shell:Creating environment hook '/home/rhobtor/PHD/ARGOJ8_IA/install/car/share/car/hook/ament_prefix_path.ps1'
[2.037s] INFO:colcon.colcon_core.shell:Creating environment descriptor '/home/rhobtor/PHD/ARGOJ8_IA/install/car/share/car/hook/ament_prefix_path.dsv'
[2.037s] INFO:colcon.colcon_core.shell:Creating environment hook '/home/rhobtor/PHD/ARGOJ8_IA/install/car/share/car/hook/ament_prefix_path.sh'
[2.038s] INFO:colcon.colcon_core.shell:Skip shell extension 'powershell' for command environment: Not usable outside of PowerShell
[2.038s] DEBUG:colcon.colcon_core.shell:Skip shell extension 'dsv' for command environment
[2.050s] INFO:colcon.colcon_ros.task.ament_cmake.build:Building ROS package in '/home/rhobtor/PHD/ARGOJ8_IA/src/car_cpp' with build type 'ament_cmake'
[2.051s] INFO:colcon.colcon_cmake.task.cmake.build:Building CMake package in '/home/rhobtor/PHD/ARGOJ8_IA/src/car_cpp'
[2.054s] INFO:colcon.colcon_core.shell:Skip shell extension 'powershell' for command environment: Not usable outside of PowerShell
[2.054s] DEBUG:colcon.colcon_core.shell:Skip shell extension 'dsv' for command environment
[2.092s] DEBUG:colcon.colcon_core.event_handler.log_command:Invoking command in '/home/rhobtor/PHD/ARGOJ8_IA/build/octomap_server': CMAKE_PREFIX_PATH=/home/rhobtor/PHD/ARGOJ8_IA/install/car_interfaces:/home/rhobtor/PHD/ARGOJ8_IA/install/octomap_mapping:/home/rhobtor/PHD/ARGOJ8_IA/install/octomap_server:/home/rhobtor/PHD/ARGOJ8_IA/install/octomap_rviz_plugins:/home/rhobtor/PHD/ARGOJ8_IA/install/j8_xacro_model:/home/rhobtor/PHD/ARGOJ8_IA/install/hector_gazebo_plugins:/home/rhobtor/PHD/ARGOJ8_IA/install/fixposition_sensor_pkg:/home/rhobtor/PHD/ARGOJ8_IA/install/car_cpp:/home/rhobtor/PHD/ARGOJ8_IA/install/argj801_ctl_platform:/home/rhobtor/PHD/ARGOJ8_IA/install/argj801_ctl_platform_interfaces:/home/rhobtor/packages/install/grid_map:/home/rhobtor/packages/install/grid_map_demos:/home/rhobtor/packages/install/grid_map_visualization:/home/rhobtor/packages/install/grid_map_sdf:/home/rhobtor/packages/install/grid_map_rviz_plugin:/home/rhobtor/packages/install/grid_map_pcl:/home/rhobtor/packages/install/grid_map_loader:/home/rhobtor/packages/install/grid_map_filters:/home/rhobtor/packages/install/grid_map_ros:/home/rhobtor/packages/install/grid_map_octomap:/home/rhobtor/packages/install/grid_map_msgs:/home/rhobtor/packages/install/grid_map_cv:/home/rhobtor/packages/install/grid_map_costmap_2d:/home/rhobtor/packages/install/grid_map_core:/home/rhobtor/packages/install/grid_map_cmake_helpers:/home/rhobtor/PHD/reactive/Reactive-Navegation/workspace_full_conected/install/octomap_mapping:/home/rhobtor/PHD/reactive/Reactive-Navegation/workspace_full_conected/install/octomap_server:/home/rhobtor/PHD/reactive/Reactive-Navegation/workspace_full_conected/install/octomap_rviz_plugins:/home/rhobtor/PHD/reactive/Reactive-Navegation/workspace_full_conected/install/hector_gazebo_plugins:/home/rhobtor/PHD/reactive/Reactive-Navegation/workspace_full_conected/install/car_cpp:/home/rhobtor/PHD/reactive/Reactive-Navegation/workspace_full_conected/install/car_interfaces:/home/rhobtor/PHD/ARGOJ8_IA/install/car:/home/rhobtor/PHD/reactive/Reactive-Navegation/workspace_full_conected/install/car:/opt/ros/humble LD_LIBRARY_PATH=/home/rhobtor/PHD/ARGOJ8_IA/install/car_interfaces/lib:/home/rhobtor/PHD/ARGOJ8_IA/install/octomap_server/lib:/home/rhobtor/PHD/ARGOJ8_IA/install/octomap_rviz_plugins/lib:/home/rhobtor/PHD/ARGOJ8_IA/install/j8_xacro_model/lib:/home/rhobtor/PHD/ARGOJ8_IA/install/hector_gazebo_plugins/lib:/home/rhobtor/PHD/ARGOJ8_IA/install/fixposition_sensor_pkg/lib:/home/rhobtor/PHD/ARGOJ8_IA/install/car_cpp/lib:/home/rhobtor/PHD/ARGOJ8_IA/install/argj801_ctl_platform_interfaces/lib:/home/rhobtor/packages/install/grid_map_demos/lib:/home/rhobtor/packages/install/grid_map_visualization/lib:/home/rhobtor/packages/install/grid_map_sdf/lib:/home/rhobtor/packages/install/grid_map_rviz_plugin/lib:/home/rhobtor/packages/install/grid_map_pcl/lib:/home/rhobtor/packages/install/grid_map_loader/lib:/home/rhobtor/packages/install/grid_map_filters/lib:/home/rhobtor/packages/install/grid_map_ros/lib:/home/rhobtor/packages/install/grid_map_octomap/lib:/home/rhobtor/packages/install/grid_map_msgs/lib:/home/rhobtor/packages/install/grid_map_cv/lib:/home/rhobtor/packages/install/grid_map_costmap_2d/lib:/home/rhobtor/packages/install/grid_map_core/lib:/home/rhobtor/PHD/reactive/Reactive-Navegation/workspace_full_conected/install/octomap_server/lib:/home/rhobtor/PHD/reactive/Reactive-Navegation/workspace_full_conected/install/octomap_rviz_plugins/lib:/home/rhobtor/PHD/reactive/Reactive-Navegation/workspace_full_conected/install/hector_gazebo_plugins/lib:/home/rhobtor/PHD/reactive/Reactive-Navegation/workspace_full_conected/install/car_cpp/lib:/home/rhobtor/PHD/reactive/Reactive-Navegation/workspace_full_conected/install/car_interfaces/lib:/usr/lib/x86_64-linux-gnu/gazebo-11/plugins:/opt/ros/humble/opt/rviz_ogre_vendor/lib:/opt/ros/humble/lib/x86_64-linux-gnu:/opt/ros/humble/lib /opt/st/stm32cubeclt_1.18.0/CMake/bin/cmake --build /home/rhobtor/PHD/ARGOJ8_IA/build/octomap_server -- -j16 -l16
[2.637s] INFO:colcon.colcon_core.task.python.build:Building Python package in '/home/rhobtor/PHD/ARGOJ8_IA/src/car_python'
[2.638s] INFO:colcon.colcon_core.shell:Skip shell extension 'powershell' for command environment: Not usable outside of PowerShell
[2.638s] DEBUG:colcon.colcon_core.shell:Skip shell extension 'dsv' for command environment
[2.657s] DEBUG:colcon.colcon_core.event_handler.log_command:Invoking command in '/home/rhobtor/PHD/ARGOJ8_IA/build/car_cpp': CMAKE_PREFIX_PATH=/home/rhobtor/PHD/ARGOJ8_IA/install/car_interfaces:/home/rhobtor/PHD/ARGOJ8_IA/install/octomap_mapping:/home/rhobtor/PHD/ARGOJ8_IA/install/octomap_server:/home/rhobtor/PHD/ARGOJ8_IA/install/octomap_rviz_plugins:/home/rhobtor/PHD/ARGOJ8_IA/install/j8_xacro_model:/home/rhobtor/PHD/ARGOJ8_IA/install/hector_gazebo_plugins:/home/rhobtor/PHD/ARGOJ8_IA/install/fixposition_sensor_pkg:/home/rhobtor/PHD/ARGOJ8_IA/install/car_cpp:/home/rhobtor/PHD/ARGOJ8_IA/install/argj801_ctl_platform:/home/rhobtor/PHD/ARGOJ8_IA/install/argj801_ctl_platform_interfaces:/home/rhobtor/packages/install/grid_map:/home/rhobtor/packages/install/grid_map_demos:/home/rhobtor/packages/install/grid_map_visualization:/home/rhobtor/packages/install/grid_map_sdf:/home/rhobtor/packages/install/grid_map_rviz_plugin:/home/rhobtor/packages/install/grid_map_pcl:/home/rhobtor/packages/install/grid_map_loader:/home/rhobtor/packages/install/grid_map_filters:/home/rhobtor/packages/install/grid_map_ros:/home/rhobtor/packages/install/grid_map_octomap:/home/rhobtor/packages/install/grid_map_msgs:/home/rhobtor/packages/install/grid_map_cv:/home/rhobtor/packages/install/grid_map_costmap_2d:/home/rhobtor/packages/install/grid_map_core:/home/rhobtor/packages/install/grid_map_cmake_helpers:/home/rhobtor/PHD/reactive/Reactive-Navegation/workspace_full_conected/install/octomap_mapping:/home/rhobtor/PHD/reactive/Reactive-Navegation/workspace_full_conected/install/octomap_server:/home/rhobtor/PHD/reactive/Reactive-Navegation/workspace_full_conected/install/octomap_rviz_plugins:/home/rhobtor/PHD/reactive/Reactive-Navegation/workspace_full_conected/install/hector_gazebo_plugins:/home/rhobtor/PHD/reactive/Reactive-Navegation/workspace_full_conected/install/car_cpp:/home/rhobtor/PHD/reactive/Reactive-Navegation/workspace_full_conected/install/car_interfaces:/home/rhobtor/PHD/ARGOJ8_IA/install/car:/home/rhobtor/PHD/reactive/Reactive-Navegation/workspace_full_conected/install/car:/opt/ros/humble LD_LIBRARY_PATH=/home/rhobtor/PHD/ARGOJ8_IA/install/car_interfaces/lib:/home/rhobtor/PHD/ARGOJ8_IA/install/octomap_server/lib:/home/rhobtor/PHD/ARGOJ8_IA/install/octomap_rviz_plugins/lib:/home/rhobtor/PHD/ARGOJ8_IA/install/j8_xacro_model/lib:/home/rhobtor/PHD/ARGOJ8_IA/install/hector_gazebo_plugins/lib:/home/rhobtor/PHD/ARGOJ8_IA/install/fixposition_sensor_pkg/lib:/home/rhobtor/PHD/ARGOJ8_IA/install/car_cpp/lib:/home/rhobtor/PHD/ARGOJ8_IA/install/argj801_ctl_platform_interfaces/lib:/home/rhobtor/packages/install/grid_map_demos/lib:/home/rhobtor/packages/install/grid_map_visualization/lib:/home/rhobtor/packages/install/grid_map_sdf/lib:/home/rhobtor/packages/install/grid_map_rviz_plugin/lib:/home/rhobtor/packages/install/grid_map_pcl/lib:/home/rhobtor/packages/install/grid_map_loader/lib:/home/rhobtor/packages/install/grid_map_filters/lib:/home/rhobtor/packages/install/grid_map_ros/lib:/home/rhobtor/packages/install/grid_map_octomap/lib:/home/rhobtor/packages/install/grid_map_msgs/lib:/home/rhobtor/packages/install/grid_map_cv/lib:/home/rhobtor/packages/install/grid_map_costmap_2d/lib:/home/rhobtor/packages/install/grid_map_core/lib:/home/rhobtor/PHD/reactive/Reactive-Navegation/workspace_full_conected/install/octomap_server/lib:/home/rhobtor/PHD/reactive/Reactive-Navegation/workspace_full_conected/install/octomap_rviz_plugins/lib:/home/rhobtor/PHD/reactive/Reactive-Navegation/workspace_full_conected/install/hector_gazebo_plugins/lib:/home/rhobtor/PHD/reactive/Reactive-Navegation/workspace_full_conected/install/car_cpp/lib:/home/rhobtor/PHD/reactive/Reactive-Navegation/workspace_full_conected/install/car_interfaces/lib:/usr/lib/x86_64-linux-gnu/gazebo-11/plugins:/opt/ros/humble/opt/rviz_ogre_vendor/lib:/opt/ros/humble/lib/x86_64-linux-gnu:/opt/ros/humble/lib /opt/st/stm32cubeclt_1.18.0/CMake/bin/cmake --build /home/rhobtor/PHD/ARGOJ8_IA/build/car_cpp -- -j16 -l16
[2.659s] DEBUG:colcon.colcon_core.event_handler.log_command:Invoked command in '/home/rhobtor/PHD/ARGOJ8_IA/build/octomap_server' returned '0': CMAKE_PREFIX_PATH=/home/rhobtor/PHD/ARGOJ8_IA/install/car_interfaces:/home/rhobtor/PHD/ARGOJ8_IA/install/octomap_mapping:/home/rhobtor/PHD/ARGOJ8_IA/install/octomap_server:/home/rhobtor/PHD/ARGOJ8_IA/install/octomap_rviz_plugins:/home/rhobtor/PHD/ARGOJ8_IA/install/j8_xacro_model:/home/rhobtor/PHD/ARGOJ8_IA/install/hector_gazebo_plugins:/home/rhobtor/PHD/ARGOJ8_IA/install/fixposition_sensor_pkg:/home/rhobtor/PHD/ARGOJ8_IA/install/car_cpp:/home/rhobtor/PHD/ARGOJ8_IA/install/argj801_ctl_platform:/home/rhobtor/PHD/ARGOJ8_IA/install/argj801_ctl_platform_interfaces:/home/rhobtor/packages/install/grid_map:/home/rhobtor/packages/install/grid_map_demos:/home/rhobtor/packages/install/grid_map_visualization:/home/rhobtor/packages/install/grid_map_sdf:/home/rhobtor/packages/install/grid_map_rviz_plugin:/home/rhobtor/packages/install/grid_map_pcl:/home/rhobtor/packages/install/grid_map_loader:/home/rhobtor/packages/install/grid_map_filters:/home/rhobtor/packages/install/grid_map_ros:/home/rhobtor/packages/install/grid_map_octomap:/home/rhobtor/packages/install/grid_map_msgs:/home/rhobtor/packages/install/grid_map_cv:/home/rhobtor/packages/install/grid_map_costmap_2d:/home/rhobtor/packages/install/grid_map_core:/home/rhobtor/packages/install/grid_map_cmake_helpers:/home/rhobtor/PHD/reactive/Reactive-Navegation/workspace_full_conected/install/octomap_mapping:/home/rhobtor/PHD/reactive/Reactive-Navegation/workspace_full_conected/install/octomap_server:/home/rhobtor/PHD/reactive/Reactive-Navegation/workspace_full_conected/install/octomap_rviz_plugins:/home/rhobtor/PHD/reactive/Reactive-Navegation/workspace_full_conected/install/hector_gazebo_plugins:/home/rhobtor/PHD/reactive/Reactive-Navegation/workspace_full_conected/install/car_cpp:/home/rhobtor/PHD/reactive/Reactive-Navegation/workspace_full_conected/install/car_interfaces:/home/rhobtor/PHD/ARGOJ8_IA/install/car:/home/rhobtor/PHD/reactive/Reactive-Navegation/workspace_full_conected/install/car:/opt/ros/humble LD_LIBRARY_PATH=/home/rhobtor/PHD/ARGOJ8_IA/install/car_interfaces/lib:/home/rhobtor/PHD/ARGOJ8_IA/install/octomap_server/lib:/home/rhobtor/PHD/ARGOJ8_IA/install/octomap_rviz_plugins/lib:/home/rhobtor/PHD/ARGOJ8_IA/install/j8_xacro_model/lib:/home/rhobtor/PHD/ARGOJ8_IA/install/hector_gazebo_plugins/lib:/home/rhobtor/PHD/ARGOJ8_IA/install/fixposition_sensor_pkg/lib:/home/rhobtor/PHD/ARGOJ8_IA/install/car_cpp/lib:/home/rhobtor/PHD/ARGOJ8_IA/install/argj801_ctl_platform_interfaces/lib:/home/rhobtor/packages/install/grid_map_demos/lib:/home/rhobtor/packages/install/grid_map_visualization/lib:/home/rhobtor/packages/install/grid_map_sdf/lib:/home/rhobtor/packages/install/grid_map_rviz_plugin/lib:/home/rhobtor/packages/install/grid_map_pcl/lib:/home/rhobtor/packages/install/grid_map_loader/lib:/home/rhobtor/packages/install/grid_map_filters/lib:/home/rhobtor/packages/install/grid_map_ros/lib:/home/rhobtor/packages/install/grid_map_octomap/lib:/home/rhobtor/packages/install/grid_map_msgs/lib:/home/rhobtor/packages/install/grid_map_cv/lib:/home/rhobtor/packages/install/grid_map_costmap_2d/lib:/home/rhobtor/packages/install/grid_map_core/lib:/home/rhobtor/PHD/reactive/Reactive-Navegation/workspace_full_conected/install/octomap_server/lib:/home/rhobtor/PHD/reactive/Reactive-Navegation/workspace_full_conected/install/octomap_rviz_plugins/lib:/home/rhobtor/PHD/reactive/Reactive-Navegation/workspace_full_conected/install/hector_gazebo_plugins/lib:/home/rhobtor/PHD/reactive/Reactive-Navegation/workspace_full_conected/install/car_cpp/lib:/home/rhobtor/PHD/reactive/Reactive-Navegation/workspace_full_conected/install/car_interfaces/lib:/usr/lib/x86_64-linux-gnu/gazebo-11/plugins:/opt/ros/humble/opt/rviz_ogre_vendor/lib:/opt/ros/humble/lib/x86_64-linux-gnu:/opt/ros/humble/lib /opt/st/stm32cubeclt_1.18.0/CMake/bin/cmake --build /home/rhobtor/PHD/ARGOJ8_IA/build/octomap_server -- -j16 -l16
[2.662s] DEBUG:colcon.colcon_core.event_handler.log_command:Invoking command in '/home/rhobtor/PHD/ARGOJ8_IA/build/octomap_server': CMAKE_PREFIX_PATH=/home/rhobtor/PHD/ARGOJ8_IA/install/car_interfaces:/home/rhobtor/PHD/ARGOJ8_IA/install/octomap_mapping:/home/rhobtor/PHD/ARGOJ8_IA/install/octomap_server:/home/rhobtor/PHD/ARGOJ8_IA/install/octomap_rviz_plugins:/home/rhobtor/PHD/ARGOJ8_IA/install/j8_xacro_model:/home/rhobtor/PHD/ARGOJ8_IA/install/hector_gazebo_plugins:/home/rhobtor/PHD/ARGOJ8_IA/install/fixposition_sensor_pkg:/home/rhobtor/PHD/ARGOJ8_IA/install/car_cpp:/home/rhobtor/PHD/ARGOJ8_IA/install/argj801_ctl_platform:/home/rhobtor/PHD/ARGOJ8_IA/install/argj801_ctl_platform_interfaces:/home/rhobtor/packages/install/grid_map:/home/rhobtor/packages/install/grid_map_demos:/home/rhobtor/packages/install/grid_map_visualization:/home/rhobtor/packages/install/grid_map_sdf:/home/rhobtor/packages/install/grid_map_rviz_plugin:/home/rhobtor/packages/install/grid_map_pcl:/home/rhobtor/packages/install/grid_map_loader:/home/rhobtor/packages/install/grid_map_filters:/home/rhobtor/packages/install/grid_map_ros:/home/rhobtor/packages/install/grid_map_octomap:/home/rhobtor/packages/install/grid_map_msgs:/home/rhobtor/packages/install/grid_map_cv:/home/rhobtor/packages/install/grid_map_costmap_2d:/home/rhobtor/packages/install/grid_map_core:/home/rhobtor/packages/install/grid_map_cmake_helpers:/home/rhobtor/PHD/reactive/Reactive-Navegation/workspace_full_conected/install/octomap_mapping:/home/rhobtor/PHD/reactive/Reactive-Navegation/workspace_full_conected/install/octomap_server:/home/rhobtor/PHD/reactive/Reactive-Navegation/workspace_full_conected/install/octomap_rviz_plugins:/home/rhobtor/PHD/reactive/Reactive-Navegation/workspace_full_conected/install/hector_gazebo_plugins:/home/rhobtor/PHD/reactive/Reactive-Navegation/workspace_full_conected/install/car_cpp:/home/rhobtor/PHD/reactive/Reactive-Navegation/workspace_full_conected/install/car_interfaces:/home/rhobtor/PHD/ARGOJ8_IA/install/car:/home/rhobtor/PHD/reactive/Reactive-Navegation/workspace_full_conected/install/car:/opt/ros/humble LD_LIBRARY_PATH=/home/rhobtor/PHD/ARGOJ8_IA/install/car_interfaces/lib:/home/rhobtor/PHD/ARGOJ8_IA/install/octomap_server/lib:/home/rhobtor/PHD/ARGOJ8_IA/install/octomap_rviz_plugins/lib:/home/rhobtor/PHD/ARGOJ8_IA/install/j8_xacro_model/lib:/home/rhobtor/PHD/ARGOJ8_IA/install/hector_gazebo_plugins/lib:/home/rhobtor/PHD/ARGOJ8_IA/install/fixposition_sensor_pkg/lib:/home/rhobtor/PHD/ARGOJ8_IA/install/car_cpp/lib:/home/rhobtor/PHD/ARGOJ8_IA/install/argj801_ctl_platform_interfaces/lib:/home/rhobtor/packages/install/grid_map_demos/lib:/home/rhobtor/packages/install/grid_map_visualization/lib:/home/rhobtor/packages/install/grid_map_sdf/lib:/home/rhobtor/packages/install/grid_map_rviz_plugin/lib:/home/rhobtor/packages/install/grid_map_pcl/lib:/home/rhobtor/packages/install/grid_map_loader/lib:/home/rhobtor/packages/install/grid_map_filters/lib:/home/rhobtor/packages/install/grid_map_ros/lib:/home/rhobtor/packages/install/grid_map_octomap/lib:/home/rhobtor/packages/install/grid_map_msgs/lib:/home/rhobtor/packages/install/grid_map_cv/lib:/home/rhobtor/packages/install/grid_map_costmap_2d/lib:/home/rhobtor/packages/install/grid_map_core/lib:/home/rhobtor/PHD/reactive/Reactive-Navegation/workspace_full_conected/install/octomap_server/lib:/home/rhobtor/PHD/reactive/Reactive-Navegation/workspace_full_conected/install/octomap_rviz_plugins/lib:/home/rhobtor/PHD/reactive/Reactive-Navegation/workspace_full_conected/install/hector_gazebo_plugins/lib:/home/rhobtor/PHD/reactive/Reactive-Navegation/workspace_full_conected/install/car_cpp/lib:/home/rhobtor/PHD/reactive/Reactive-Navegation/workspace_full_conected/install/car_interfaces/lib:/usr/lib/x86_64-linux-gnu/gazebo-11/plugins:/opt/ros/humble/opt/rviz_ogre_vendor/lib:/opt/ros/humble/lib/x86_64-linux-gnu:/opt/ros/humble/lib /opt/st/stm32cubeclt_1.18.0/CMake/bin/cmake --install /home/rhobtor/PHD/ARGOJ8_IA/build/octomap_server
[2.688s] Level 1:colcon.colcon_core.environment:create_environment_scripts_only(octomap_server)
[2.689s] Level 1:colcon.colcon_core.environment:checking '/home/rhobtor/PHD/ARGOJ8_IA/install/octomap_server' for CMake module files
[2.689s] DEBUG:colcon.colcon_core.event_handler.log_command:Invoked command in '/home/rhobtor/PHD/ARGOJ8_IA/build/octomap_server' returned '0': CMAKE_PREFIX_PATH=/home/rhobtor/PHD/ARGOJ8_IA/install/car_interfaces:/home/rhobtor/PHD/ARGOJ8_IA/install/octomap_mapping:/home/rhobtor/PHD/ARGOJ8_IA/install/octomap_server:/home/rhobtor/PHD/ARGOJ8_IA/install/octomap_rviz_plugins:/home/rhobtor/PHD/ARGOJ8_IA/install/j8_xacro_model:/home/rhobtor/PHD/ARGOJ8_IA/install/hector_gazebo_plugins:/home/rhobtor/PHD/ARGOJ8_IA/install/fixposition_sensor_pkg:/home/rhobtor/PHD/ARGOJ8_IA/install/car_cpp:/home/rhobtor/PHD/ARGOJ8_IA/install/argj801_ctl_platform:/home/rhobtor/PHD/ARGOJ8_IA/install/argj801_ctl_platform_interfaces:/home/rhobtor/packages/install/grid_map:/home/rhobtor/packages/install/grid_map_demos:/home/rhobtor/packages/install/grid_map_visualization:/home/rhobtor/packages/install/grid_map_sdf:/home/rhobtor/packages/install/grid_map_rviz_plugin:/home/rhobtor/packages/install/grid_map_pcl:/home/rhobtor/packages/install/grid_map_loader:/home/rhobtor/packages/install/grid_map_filters:/home/rhobtor/packages/install/grid_map_ros:/home/rhobtor/packages/install/grid_map_octomap:/home/rhobtor/packages/install/grid_map_msgs:/home/rhobtor/packages/install/grid_map_cv:/home/rhobtor/packages/install/grid_map_costmap_2d:/home/rhobtor/packages/install/grid_map_core:/home/rhobtor/packages/install/grid_map_cmake_helpers:/home/rhobtor/PHD/reactive/Reactive-Navegation/workspace_full_conected/install/octomap_mapping:/home/rhobtor/PHD/reactive/Reactive-Navegation/workspace_full_conected/install/octomap_server:/home/rhobtor/PHD/reactive/Reactive-Navegation/workspace_full_conected/install/octomap_rviz_plugins:/home/rhobtor/PHD/reactive/Reactive-Navegation/workspace_full_conected/install/hector_gazebo_plugins:/home/rhobtor/PHD/reactive/Reactive-Navegation/workspace_full_conected/install/car_cpp:/home/rhobtor/PHD/reactive/Reactive-Navegation/workspace_full_conected/install/car_interfaces:/home/rhobtor/PHD/ARGOJ8_IA/install/car:/home/rhobtor/PHD/reactive/Reactive-Navegation/workspace_full_conected/install/car:/opt/ros/humble LD_LIBRARY_PATH=/home/rhobtor/PHD/ARGOJ8_IA/install/car_interfaces/lib:/home/rhobtor/PHD/ARGOJ8_IA/install/octomap_server/lib:/home/rhobtor/PHD/ARGOJ8_IA/install/octomap_rviz_plugins/lib:/home/rhobtor/PHD/ARGOJ8_IA/install/j8_xacro_model/lib:/home/rhobtor/PHD/ARGOJ8_IA/install/hector_gazebo_plugins/lib:/home/rhobtor/PHD/ARGOJ8_IA/install/fixposition_sensor_pkg/lib:/home/rhobtor/PHD/ARGOJ8_IA/install/car_cpp/lib:/home/rhobtor/PHD/ARGOJ8_IA/install/argj801_ctl_platform_interfaces/lib:/home/rhobtor/packages/install/grid_map_demos/lib:/home/rhobtor/packages/install/grid_map_visualization/lib:/home/rhobtor/packages/install/grid_map_sdf/lib:/home/rhobtor/packages/install/grid_map_rviz_plugin/lib:/home/rhobtor/packages/install/grid_map_pcl/lib:/home/rhobtor/packages/install/grid_map_loader/lib:/home/rhobtor/packages/install/grid_map_filters/lib:/home/rhobtor/packages/install/grid_map_ros/lib:/home/rhobtor/packages/install/grid_map_octomap/lib:/home/rhobtor/packages/install/grid_map_msgs/lib:/home/rhobtor/packages/install/grid_map_cv/lib:/home/rhobtor/packages/install/grid_map_costmap_2d/lib:/home/rhobtor/packages/install/grid_map_core/lib:/home/rhobtor/PHD/reactive/Reactive-Navegation/workspace_full_conected/install/octomap_server/lib:/home/rhobtor/PHD/reactive/Reactive-Navegation/workspace_full_conected/install/octomap_rviz_plugins/lib:/home/rhobtor/PHD/reactive/Reactive-Navegation/workspace_full_conected/install/hector_gazebo_plugins/lib:/home/rhobtor/PHD/reactive/Reactive-Navegation/workspace_full_conected/install/car_cpp/lib:/home/rhobtor/PHD/reactive/Reactive-Navegation/workspace_full_conected/install/car_interfaces/lib:/usr/lib/x86_64-linux-gnu/gazebo-11/plugins:/opt/ros/humble/opt/rviz_ogre_vendor/lib:/opt/ros/humble/lib/x86_64-linux-gnu:/opt/ros/humble/lib /opt/st/stm32cubeclt_1.18.0/CMake/bin/cmake --install /home/rhobtor/PHD/ARGOJ8_IA/build/octomap_server
[2.690s] Level 1:colcon.colcon_core.environment:checking '/home/rhobtor/PHD/ARGOJ8_IA/install/octomap_server' for CMake config files
[2.691s] Level 1:colcon.colcon_core.shell:create_environment_hook('octomap_server', 'cmake_prefix_path')
[2.694s] INFO:colcon.colcon_core.shell:Creating environment hook '/home/rhobtor/PHD/ARGOJ8_IA/install/octomap_server/share/octomap_server/hook/cmake_prefix_path.ps1'
[2.695s] INFO:colcon.colcon_core.shell:Creating environment descriptor '/home/rhobtor/PHD/ARGOJ8_IA/install/octomap_server/share/octomap_server/hook/cmake_prefix_path.dsv'
[2.695s] INFO:colcon.colcon_core.shell:Creating environment hook '/home/rhobtor/PHD/ARGOJ8_IA/install/octomap_server/share/octomap_server/hook/cmake_prefix_path.sh'
[2.696s] Level 1:colcon.colcon_core.environment:checking '/home/rhobtor/PHD/ARGOJ8_IA/install/octomap_server/lib'
[2.696s] Level 1:colcon.colcon_core.shell:create_environment_hook('octomap_server', 'ld_library_path_lib')
[2.696s] INFO:colcon.colcon_core.shell:Creating environment hook '/home/rhobtor/PHD/ARGOJ8_IA/install/octomap_server/share/octomap_server/hook/ld_library_path_lib.ps1'
[2.699s] INFO:colcon.colcon_core.shell:Creating environment descriptor '/home/rhobtor/PHD/ARGOJ8_IA/install/octomap_server/share/octomap_server/hook/ld_library_path_lib.dsv'
[2.699s] INFO:colcon.colcon_core.shell:Creating environment hook '/home/rhobtor/PHD/ARGOJ8_IA/install/octomap_server/share/octomap_server/hook/ld_library_path_lib.sh'
[2.700s] Level 1:colcon.colcon_core.environment:checking '/home/rhobtor/PHD/ARGOJ8_IA/install/octomap_server/bin'
[2.700s] Level 1:colcon.colcon_core.environment:checking '/home/rhobtor/PHD/ARGOJ8_IA/install/octomap_server/lib/pkgconfig/octomap_server.pc'
[2.700s] Level 1:colcon.colcon_core.environment:checking '/home/rhobtor/PHD/ARGOJ8_IA/install/octomap_server/lib/python3.10/site-packages'
[2.701s] Level 1:colcon.colcon_core.environment:checking '/home/rhobtor/PHD/ARGOJ8_IA/install/octomap_server/bin'
[2.701s] INFO:colcon.colcon_core.shell:Creating package script '/home/rhobtor/PHD/ARGOJ8_IA/install/octomap_server/share/octomap_server/package.ps1'
[2.702s] INFO:colcon.colcon_core.shell:Creating package descriptor '/home/rhobtor/PHD/ARGOJ8_IA/install/octomap_server/share/octomap_server/package.dsv'
[2.702s] INFO:colcon.colcon_core.shell:Creating package script '/home/rhobtor/PHD/ARGOJ8_IA/install/octomap_server/share/octomap_server/package.sh'
[2.708s] INFO:colcon.colcon_core.shell:Creating package script '/home/rhobtor/PHD/ARGOJ8_IA/install/octomap_server/share/octomap_server/package.bash'
[2.709s] INFO:colcon.colcon_core.shell:Creating package script '/home/rhobtor/PHD/ARGOJ8_IA/install/octomap_server/share/octomap_server/package.zsh'
[2.709s] Level 1:colcon.colcon_core.environment:create_file_with_runtime_dependencies(/home/rhobtor/PHD/ARGOJ8_IA/install/octomap_server/share/colcon-core/packages/octomap_server)
[2.710s] Level 1:colcon.colcon_core.environment:create_environment_scripts_only(octomap_server)
[2.711s] Level 1:colcon.colcon_core.environment:checking '/home/rhobtor/PHD/ARGOJ8_IA/install/octomap_server' for CMake module files
[2.712s] Level 1:colcon.colcon_core.environment:checking '/home/rhobtor/PHD/ARGOJ8_IA/install/octomap_server' for CMake config files
[2.712s] Level 1:colcon.colcon_core.shell:create_environment_hook('octomap_server', 'cmake_prefix_path')
[2.713s] INFO:colcon.colcon_core.shell:Creating environment hook '/home/rhobtor/PHD/ARGOJ8_IA/install/octomap_server/share/octomap_server/hook/cmake_prefix_path.ps1'
[2.713s] INFO:colcon.colcon_core.shell:Creating environment descriptor '/home/rhobtor/PHD/ARGOJ8_IA/install/octomap_server/share/octomap_server/hook/cmake_prefix_path.dsv'
[2.714s] INFO:colcon.colcon_core.shell:Creating environment hook '/home/rhobtor/PHD/ARGOJ8_IA/install/octomap_server/share/octomap_server/hook/cmake_prefix_path.sh'
[2.715s] Level 1:colcon.colcon_core.environment:checking '/home/rhobtor/PHD/ARGOJ8_IA/install/octomap_server/lib'
[2.715s] Level 1:colcon.colcon_core.shell:create_environment_hook('octomap_server', 'ld_library_path_lib')
[2.715s] INFO:colcon.colcon_core.shell:Creating environment hook '/home/rhobtor/PHD/ARGOJ8_IA/install/octomap_server/share/octomap_server/hook/ld_library_path_lib.ps1'
[2.717s] INFO:colcon.colcon_core.shell:Creating environment descriptor '/home/rhobtor/PHD/ARGOJ8_IA/install/octomap_server/share/octomap_server/hook/ld_library_path_lib.dsv'
[2.719s] INFO:colcon.colcon_core.shell:Creating environment hook '/home/rhobtor/PHD/ARGOJ8_IA/install/octomap_server/share/octomap_server/hook/ld_library_path_lib.sh'
[2.720s] Level 1:colcon.colcon_core.environment:checking '/home/rhobtor/PHD/ARGOJ8_IA/install/octomap_server/bin'
[2.720s] Level 1:colcon.colcon_core.environment:checking '/home/rhobtor/PHD/ARGOJ8_IA/install/octomap_server/lib/pkgconfig/octomap_server.pc'
[2.720s] Level 1:colcon.colcon_core.environment:checking '/home/rhobtor/PHD/ARGOJ8_IA/install/octomap_server/lib/python3.10/site-packages'
[2.720s] Level 1:colcon.colcon_core.environment:checking '/home/rhobtor/PHD/ARGOJ8_IA/install/octomap_server/bin'
[2.721s] INFO:colcon.colcon_core.shell:Creating package script '/home/rhobtor/PHD/ARGOJ8_IA/install/octomap_server/share/octomap_server/package.ps1'
[2.722s] INFO:colcon.colcon_core.shell:Creating package descriptor '/home/rhobtor/PHD/ARGOJ8_IA/install/octomap_server/share/octomap_server/package.dsv'
[2.723s] INFO:colcon.colcon_core.shell:Creating package script '/home/rhobtor/PHD/ARGOJ8_IA/install/octomap_server/share/octomap_server/package.sh'
[2.723s] INFO:colcon.colcon_core.shell:Creating package script '/home/rhobtor/PHD/ARGOJ8_IA/install/octomap_server/share/octomap_server/package.bash'
[2.724s] INFO:colcon.colcon_core.shell:Creating package script '/home/rhobtor/PHD/ARGOJ8_IA/install/octomap_server/share/octomap_server/package.zsh'
[2.725s] Level 1:colcon.colcon_core.environment:create_file_with_runtime_dependencies(/home/rhobtor/PHD/ARGOJ8_IA/install/octomap_server/share/colcon-core/packages/octomap_server)
[2.725s] INFO:colcon.colcon_ros.task.ament_cmake.build:Building ROS package in '/home/rhobtor/PHD/ARGOJ8_IA/src/octomap/octomap_mapping' with build type 'ament_cmake'
[2.725s] INFO:colcon.colcon_cmake.task.cmake.build:Building CMake package in '/home/rhobtor/PHD/ARGOJ8_IA/src/octomap/octomap_mapping'
[2.726s] INFO:colcon.colcon_core.shell:Skip shell extension 'powershell' for command environment: Not usable outside of PowerShell
[2.726s] DEBUG:colcon.colcon_core.shell:Skip shell extension 'dsv' for command environment
[2.770s] DEBUG:colcon.colcon_core.event_handler.log_command:Invoking command in '/home/rhobtor/PHD/ARGOJ8_IA/build/octomap_mapping': CMAKE_PREFIX_PATH=/home/rhobtor/PHD/ARGOJ8_IA/install/octomap_server:/home/rhobtor/PHD/ARGOJ8_IA/install/car_interfaces:/home/rhobtor/PHD/ARGOJ8_IA/install/octomap_mapping:/home/rhobtor/PHD/ARGOJ8_IA/install/octomap_rviz_plugins:/home/rhobtor/PHD/ARGOJ8_IA/install/j8_xacro_model:/home/rhobtor/PHD/ARGOJ8_IA/install/hector_gazebo_plugins:/home/rhobtor/PHD/ARGOJ8_IA/install/fixposition_sensor_pkg:/home/rhobtor/PHD/ARGOJ8_IA/install/car_cpp:/home/rhobtor/PHD/ARGOJ8_IA/install/argj801_ctl_platform:/home/rhobtor/PHD/ARGOJ8_IA/install/argj801_ctl_platform_interfaces:/home/rhobtor/packages/install/grid_map:/home/rhobtor/packages/install/grid_map_demos:/home/rhobtor/packages/install/grid_map_visualization:/home/rhobtor/packages/install/grid_map_sdf:/home/rhobtor/packages/install/grid_map_rviz_plugin:/home/rhobtor/packages/install/grid_map_pcl:/home/rhobtor/packages/install/grid_map_loader:/home/rhobtor/packages/install/grid_map_filters:/home/rhobtor/packages/install/grid_map_ros:/home/rhobtor/packages/install/grid_map_octomap:/home/rhobtor/packages/install/grid_map_msgs:/home/rhobtor/packages/install/grid_map_cv:/home/rhobtor/packages/install/grid_map_costmap_2d:/home/rhobtor/packages/install/grid_map_core:/home/rhobtor/packages/install/grid_map_cmake_helpers:/home/rhobtor/PHD/reactive/Reactive-Navegation/workspace_full_conected/install/octomap_mapping:/home/rhobtor/PHD/reactive/Reactive-Navegation/workspace_full_conected/install/octomap_server:/home/rhobtor/PHD/reactive/Reactive-Navegation/workspace_full_conected/install/octomap_rviz_plugins:/home/rhobtor/PHD/reactive/Reactive-Navegation/workspace_full_conected/install/hector_gazebo_plugins:/home/rhobtor/PHD/reactive/Reactive-Navegation/workspace_full_conected/install/car_cpp:/home/rhobtor/PHD/reactive/Reactive-Navegation/workspace_full_conected/install/car_interfaces:/home/rhobtor/PHD/ARGOJ8_IA/install/car:/home/rhobtor/PHD/reactive/Reactive-Navegation/workspace_full_conected/install/car:/opt/ros/humble LD_LIBRARY_PATH=/home/rhobtor/PHD/ARGOJ8_IA/install/octomap_server/lib:/home/rhobtor/PHD/ARGOJ8_IA/install/car_interfaces/lib:/home/rhobtor/PHD/ARGOJ8_IA/install/octomap_rviz_plugins/lib:/home/rhobtor/PHD/ARGOJ8_IA/install/j8_xacro_model/lib:/home/rhobtor/PHD/ARGOJ8_IA/install/hector_gazebo_plugins/lib:/home/rhobtor/PHD/ARGOJ8_IA/install/fixposition_sensor_pkg/lib:/home/rhobtor/PHD/ARGOJ8_IA/install/car_cpp/lib:/home/rhobtor/PHD/ARGOJ8_IA/install/argj801_ctl_platform_interfaces/lib:/home/rhobtor/packages/install/grid_map_demos/lib:/home/rhobtor/packages/install/grid_map_visualization/lib:/home/rhobtor/packages/install/grid_map_sdf/lib:/home/rhobtor/packages/install/grid_map_rviz_plugin/lib:/home/rhobtor/packages/install/grid_map_pcl/lib:/home/rhobtor/packages/install/grid_map_loader/lib:/home/rhobtor/packages/install/grid_map_filters/lib:/home/rhobtor/packages/install/grid_map_ros/lib:/home/rhobtor/packages/install/grid_map_octomap/lib:/home/rhobtor/packages/install/grid_map_msgs/lib:/home/rhobtor/packages/install/grid_map_cv/lib:/home/rhobtor/packages/install/grid_map_costmap_2d/lib:/home/rhobtor/packages/install/grid_map_core/lib:/home/rhobtor/PHD/reactive/Reactive-Navegation/workspace_full_conected/install/octomap_server/lib:/home/rhobtor/PHD/reactive/Reactive-Navegation/workspace_full_conected/install/octomap_rviz_plugins/lib:/home/rhobtor/PHD/reactive/Reactive-Navegation/workspace_full_conected/install/hector_gazebo_plugins/lib:/home/rhobtor/PHD/reactive/Reactive-Navegation/workspace_full_conected/install/car_cpp/lib:/home/rhobtor/PHD/reactive/Reactive-Navegation/workspace_full_conected/install/car_interfaces/lib:/usr/lib/x86_64-linux-gnu/gazebo-11/plugins:/opt/ros/humble/opt/rviz_ogre_vendor/lib:/opt/ros/humble/lib/x86_64-linux-gnu:/opt/ros/humble/lib /opt/st/stm32cubeclt_1.18.0/CMake/bin/cmake --build /home/rhobtor/PHD/ARGOJ8_IA/build/octomap_mapping -- -j16 -l16
[2.791s] DEBUG:colcon.colcon_core.event_handler.log_command:Invoked command in '/home/rhobtor/PHD/ARGOJ8_IA/build/car_cpp' returned '0': CMAKE_PREFIX_PATH=/home/rhobtor/PHD/ARGOJ8_IA/install/car_interfaces:/home/rhobtor/PHD/ARGOJ8_IA/install/octomap_mapping:/home/rhobtor/PHD/ARGOJ8_IA/install/octomap_server:/home/rhobtor/PHD/ARGOJ8_IA/install/octomap_rviz_plugins:/home/rhobtor/PHD/ARGOJ8_IA/install/j8_xacro_model:/home/rhobtor/PHD/ARGOJ8_IA/install/hector_gazebo_plugins:/home/rhobtor/PHD/ARGOJ8_IA/install/fixposition_sensor_pkg:/home/rhobtor/PHD/ARGOJ8_IA/install/car_cpp:/home/rhobtor/PHD/ARGOJ8_IA/install/argj801_ctl_platform:/home/rhobtor/PHD/ARGOJ8_IA/install/argj801_ctl_platform_interfaces:/home/rhobtor/packages/install/grid_map:/home/rhobtor/packages/install/grid_map_demos:/home/rhobtor/packages/install/grid_map_visualization:/home/rhobtor/packages/install/grid_map_sdf:/home/rhobtor/packages/install/grid_map_rviz_plugin:/home/rhobtor/packages/install/grid_map_pcl:/home/rhobtor/packages/install/grid_map_loader:/home/rhobtor/packages/install/grid_map_filters:/home/rhobtor/packages/install/grid_map_ros:/home/rhobtor/packages/install/grid_map_octomap:/home/rhobtor/packages/install/grid_map_msgs:/home/rhobtor/packages/install/grid_map_cv:/home/rhobtor/packages/install/grid_map_costmap_2d:/home/rhobtor/packages/install/grid_map_core:/home/rhobtor/packages/install/grid_map_cmake_helpers:/home/rhobtor/PHD/reactive/Reactive-Navegation/workspace_full_conected/install/octomap_mapping:/home/rhobtor/PHD/reactive/Reactive-Navegation/workspace_full_conected/install/octomap_server:/home/rhobtor/PHD/reactive/Reactive-Navegation/workspace_full_conected/install/octomap_rviz_plugins:/home/rhobtor/PHD/reactive/Reactive-Navegation/workspace_full_conected/install/hector_gazebo_plugins:/home/rhobtor/PHD/reactive/Reactive-Navegation/workspace_full_conected/install/car_cpp:/home/rhobtor/PHD/reactive/Reactive-Navegation/workspace_full_conected/install/car_interfaces:/home/rhobtor/PHD/ARGOJ8_IA/install/car:/home/rhobtor/PHD/reactive/Reactive-Navegation/workspace_full_conected/install/car:/opt/ros/humble LD_LIBRARY_PATH=/home/rhobtor/PHD/ARGOJ8_IA/install/car_interfaces/lib:/home/rhobtor/PHD/ARGOJ8_IA/install/octomap_server/lib:/home/rhobtor/PHD/ARGOJ8_IA/install/octomap_rviz_plugins/lib:/home/rhobtor/PHD/ARGOJ8_IA/install/j8_xacro_model/lib:/home/rhobtor/PHD/ARGOJ8_IA/install/hector_gazebo_plugins/lib:/home/rhobtor/PHD/ARGOJ8_IA/install/fixposition_sensor_pkg/lib:/home/rhobtor/PHD/ARGOJ8_IA/install/car_cpp/lib:/home/rhobtor/PHD/ARGOJ8_IA/install/argj801_ctl_platform_interfaces/lib:/home/rhobtor/packages/install/grid_map_demos/lib:/home/rhobtor/packages/install/grid_map_visualization/lib:/home/rhobtor/packages/install/grid_map_sdf/lib:/home/rhobtor/packages/install/grid_map_rviz_plugin/lib:/home/rhobtor/packages/install/grid_map_pcl/lib:/home/rhobtor/packages/install/grid_map_loader/lib:/home/rhobtor/packages/install/grid_map_filters/lib:/home/rhobtor/packages/install/grid_map_ros/lib:/home/rhobtor/packages/install/grid_map_octomap/lib:/home/rhobtor/packages/install/grid_map_msgs/lib:/home/rhobtor/packages/install/grid_map_cv/lib:/home/rhobtor/packages/install/grid_map_costmap_2d/lib:/home/rhobtor/packages/install/grid_map_core/lib:/home/rhobtor/PHD/reactive/Reactive-Navegation/workspace_full_conected/install/octomap_server/lib:/home/rhobtor/PHD/reactive/Reactive-Navegation/workspace_full_conected/install/octomap_rviz_plugins/lib:/home/rhobtor/PHD/reactive/Reactive-Navegation/workspace_full_conected/install/hector_gazebo_plugins/lib:/home/rhobtor/PHD/reactive/Reactive-Navegation/workspace_full_conected/install/car_cpp/lib:/home/rhobtor/PHD/reactive/Reactive-Navegation/workspace_full_conected/install/car_interfaces/lib:/usr/lib/x86_64-linux-gnu/gazebo-11/plugins:/opt/ros/humble/opt/rviz_ogre_vendor/lib:/opt/ros/humble/lib/x86_64-linux-gnu:/opt/ros/humble/lib /opt/st/stm32cubeclt_1.18.0/CMake/bin/cmake --build /home/rhobtor/PHD/ARGOJ8_IA/build/car_cpp -- -j16 -l16
[2.798s] DEBUG:colcon.colcon_core.event_handler.log_command:Invoking command in '/home/rhobtor/PHD/ARGOJ8_IA/build/car_cpp': CMAKE_PREFIX_PATH=/home/rhobtor/PHD/ARGOJ8_IA/install/car_interfaces:/home/rhobtor/PHD/ARGOJ8_IA/install/octomap_mapping:/home/rhobtor/PHD/ARGOJ8_IA/install/octomap_server:/home/rhobtor/PHD/ARGOJ8_IA/install/octomap_rviz_plugins:/home/rhobtor/PHD/ARGOJ8_IA/install/j8_xacro_model:/home/rhobtor/PHD/ARGOJ8_IA/install/hector_gazebo_plugins:/home/rhobtor/PHD/ARGOJ8_IA/install/fixposition_sensor_pkg:/home/rhobtor/PHD/ARGOJ8_IA/install/car_cpp:/home/rhobtor/PHD/ARGOJ8_IA/install/argj801_ctl_platform:/home/rhobtor/PHD/ARGOJ8_IA/install/argj801_ctl_platform_interfaces:/home/rhobtor/packages/install/grid_map:/home/rhobtor/packages/install/grid_map_demos:/home/rhobtor/packages/install/grid_map_visualization:/home/rhobtor/packages/install/grid_map_sdf:/home/rhobtor/packages/install/grid_map_rviz_plugin:/home/rhobtor/packages/install/grid_map_pcl:/home/rhobtor/packages/install/grid_map_loader:/home/rhobtor/packages/install/grid_map_filters:/home/rhobtor/packages/install/grid_map_ros:/home/rhobtor/packages/install/grid_map_octomap:/home/rhobtor/packages/install/grid_map_msgs:/home/rhobtor/packages/install/grid_map_cv:/home/rhobtor/packages/install/grid_map_costmap_2d:/home/rhobtor/packages/install/grid_map_core:/home/rhobtor/packages/install/grid_map_cmake_helpers:/home/rhobtor/PHD/reactive/Reactive-Navegation/workspace_full_conected/install/octomap_mapping:/home/rhobtor/PHD/reactive/Reactive-Navegation/workspace_full_conected/install/octomap_server:/home/rhobtor/PHD/reactive/Reactive-Navegation/workspace_full_conected/install/octomap_rviz_plugins:/home/rhobtor/PHD/reactive/Reactive-Navegation/workspace_full_conected/install/hector_gazebo_plugins:/home/rhobtor/PHD/reactive/Reactive-Navegation/workspace_full_conected/install/car_cpp:/home/rhobtor/PHD/reactive/Reactive-Navegation/workspace_full_conected/install/car_interfaces:/home/rhobtor/PHD/ARGOJ8_IA/install/car:/home/rhobtor/PHD/reactive/Reactive-Navegation/workspace_full_conected/install/car:/opt/ros/humble LD_LIBRARY_PATH=/home/rhobtor/PHD/ARGOJ8_IA/install/car_interfaces/lib:/home/rhobtor/PHD/ARGOJ8_IA/install/octomap_server/lib:/home/rhobtor/PHD/ARGOJ8_IA/install/octomap_rviz_plugins/lib:/home/rhobtor/PHD/ARGOJ8_IA/install/j8_xacro_model/lib:/home/rhobtor/PHD/ARGOJ8_IA/install/hector_gazebo_plugins/lib:/home/rhobtor/PHD/ARGOJ8_IA/install/fixposition_sensor_pkg/lib:/home/rhobtor/PHD/ARGOJ8_IA/install/car_cpp/lib:/home/rhobtor/PHD/ARGOJ8_IA/install/argj801_ctl_platform_interfaces/lib:/home/rhobtor/packages/install/grid_map_demos/lib:/home/rhobtor/packages/install/grid_map_visualization/lib:/home/rhobtor/packages/install/grid_map_sdf/lib:/home/rhobtor/packages/install/grid_map_rviz_plugin/lib:/home/rhobtor/packages/install/grid_map_pcl/lib:/home/rhobtor/packages/install/grid_map_loader/lib:/home/rhobtor/packages/install/grid_map_filters/lib:/home/rhobtor/packages/install/grid_map_ros/lib:/home/rhobtor/packages/install/grid_map_octomap/lib:/home/rhobtor/packages/install/grid_map_msgs/lib:/home/rhobtor/packages/install/grid_map_cv/lib:/home/rhobtor/packages/install/grid_map_costmap_2d/lib:/home/rhobtor/packages/install/grid_map_core/lib:/home/rhobtor/PHD/reactive/Reactive-Navegation/workspace_full_conected/install/octomap_server/lib:/home/rhobtor/PHD/reactive/Reactive-Navegation/workspace_full_conected/install/octomap_rviz_plugins/lib:/home/rhobtor/PHD/reactive/Reactive-Navegation/workspace_full_conected/install/hector_gazebo_plugins/lib:/home/rhobtor/PHD/reactive/Reactive-Navegation/workspace_full_conected/install/car_cpp/lib:/home/rhobtor/PHD/reactive/Reactive-Navegation/workspace_full_conected/install/car_interfaces/lib:/usr/lib/x86_64-linux-gnu/gazebo-11/plugins:/opt/ros/humble/opt/rviz_ogre_vendor/lib:/opt/ros/humble/lib/x86_64-linux-gnu:/opt/ros/humble/lib /opt/st/stm32cubeclt_1.18.0/CMake/bin/cmake --install /home/rhobtor/PHD/ARGOJ8_IA/build/car_cpp
[2.800s] DEBUG:colcon.colcon_core.event_handler.log_command:Invoked command in '/home/rhobtor/PHD/ARGOJ8_IA/build/octomap_mapping' returned '0': CMAKE_PREFIX_PATH=/home/rhobtor/PHD/ARGOJ8_IA/install/octomap_server:/home/rhobtor/PHD/ARGOJ8_IA/install/car_interfaces:/home/rhobtor/PHD/ARGOJ8_IA/install/octomap_mapping:/home/rhobtor/PHD/ARGOJ8_IA/install/octomap_rviz_plugins:/home/rhobtor/PHD/ARGOJ8_IA/install/j8_xacro_model:/home/rhobtor/PHD/ARGOJ8_IA/install/hector_gazebo_plugins:/home/rhobtor/PHD/ARGOJ8_IA/install/fixposition_sensor_pkg:/home/rhobtor/PHD/ARGOJ8_IA/install/car_cpp:/home/rhobtor/PHD/ARGOJ8_IA/install/argj801_ctl_platform:/home/rhobtor/PHD/ARGOJ8_IA/install/argj801_ctl_platform_interfaces:/home/rhobtor/packages/install/grid_map:/home/rhobtor/packages/install/grid_map_demos:/home/rhobtor/packages/install/grid_map_visualization:/home/rhobtor/packages/install/grid_map_sdf:/home/rhobtor/packages/install/grid_map_rviz_plugin:/home/rhobtor/packages/install/grid_map_pcl:/home/rhobtor/packages/install/grid_map_loader:/home/rhobtor/packages/install/grid_map_filters:/home/rhobtor/packages/install/grid_map_ros:/home/rhobtor/packages/install/grid_map_octomap:/home/rhobtor/packages/install/grid_map_msgs:/home/rhobtor/packages/install/grid_map_cv:/home/rhobtor/packages/install/grid_map_costmap_2d:/home/rhobtor/packages/install/grid_map_core:/home/rhobtor/packages/install/grid_map_cmake_helpers:/home/rhobtor/PHD/reactive/Reactive-Navegation/workspace_full_conected/install/octomap_mapping:/home/rhobtor/PHD/reactive/Reactive-Navegation/workspace_full_conected/install/octomap_server:/home/rhobtor/PHD/reactive/Reactive-Navegation/workspace_full_conected/install/octomap_rviz_plugins:/home/rhobtor/PHD/reactive/Reactive-Navegation/workspace_full_conected/install/hector_gazebo_plugins:/home/rhobtor/PHD/reactive/Reactive-Navegation/workspace_full_conected/install/car_cpp:/home/rhobtor/PHD/reactive/Reactive-Navegation/workspace_full_conected/install/car_interfaces:/home/rhobtor/PHD/ARGOJ8_IA/install/car:/home/rhobtor/PHD/reactive/Reactive-Navegation/workspace_full_conected/install/car:/opt/ros/humble LD_LIBRARY_PATH=/home/rhobtor/PHD/ARGOJ8_IA/install/octomap_server/lib:/home/rhobtor/PHD/ARGOJ8_IA/install/car_interfaces/lib:/home/rhobtor/PHD/ARGOJ8_IA/install/octomap_rviz_plugins/lib:/home/rhobtor/PHD/ARGOJ8_IA/install/j8_xacro_model/lib:/home/rhobtor/PHD/ARGOJ8_IA/install/hector_gazebo_plugins/lib:/home/rhobtor/PHD/ARGOJ8_IA/install/fixposition_sensor_pkg/lib:/home/rhobtor/PHD/ARGOJ8_IA/install/car_cpp/lib:/home/rhobtor/PHD/ARGOJ8_IA/install/argj801_ctl_platform_interfaces/lib:/home/rhobtor/packages/install/grid_map_demos/lib:/home/rhobtor/packages/install/grid_map_visualization/lib:/home/rhobtor/packages/install/grid_map_sdf/lib:/home/rhobtor/packages/install/grid_map_rviz_plugin/lib:/home/rhobtor/packages/install/grid_map_pcl/lib:/home/rhobtor/packages/install/grid_map_loader/lib:/home/rhobtor/packages/install/grid_map_filters/lib:/home/rhobtor/packages/install/grid_map_ros/lib:/home/rhobtor/packages/install/grid_map_octomap/lib:/home/rhobtor/packages/install/grid_map_msgs/lib:/home/rhobtor/packages/install/grid_map_cv/lib:/home/rhobtor/packages/install/grid_map_costmap_2d/lib:/home/rhobtor/packages/install/grid_map_core/lib:/home/rhobtor/PHD/reactive/Reactive-Navegation/workspace_full_conected/install/octomap_server/lib:/home/rhobtor/PHD/reactive/Reactive-Navegation/workspace_full_conected/install/octomap_rviz_plugins/lib:/home/rhobtor/PHD/reactive/Reactive-Navegation/workspace_full_conected/install/hector_gazebo_plugins/lib:/home/rhobtor/PHD/reactive/Reactive-Navegation/workspace_full_conected/install/car_cpp/lib:/home/rhobtor/PHD/reactive/Reactive-Navegation/workspace_full_conected/install/car_interfaces/lib:/usr/lib/x86_64-linux-gnu/gazebo-11/plugins:/opt/ros/humble/opt/rviz_ogre_vendor/lib:/opt/ros/humble/lib/x86_64-linux-gnu:/opt/ros/humble/lib /opt/st/stm32cubeclt_1.18.0/CMake/bin/cmake --build /home/rhobtor/PHD/ARGOJ8_IA/build/octomap_mapping -- -j16 -l16
[2.803s] DEBUG:colcon.colcon_core.event_handler.log_command:Invoking command in '/home/rhobtor/PHD/ARGOJ8_IA/build/octomap_mapping': CMAKE_PREFIX_PATH=/home/rhobtor/PHD/ARGOJ8_IA/install/octomap_server:/home/rhobtor/PHD/ARGOJ8_IA/install/car_interfaces:/home/rhobtor/PHD/ARGOJ8_IA/install/octomap_mapping:/home/rhobtor/PHD/ARGOJ8_IA/install/octomap_rviz_plugins:/home/rhobtor/PHD/ARGOJ8_IA/install/j8_xacro_model:/home/rhobtor/PHD/ARGOJ8_IA/install/hector_gazebo_plugins:/home/rhobtor/PHD/ARGOJ8_IA/install/fixposition_sensor_pkg:/home/rhobtor/PHD/ARGOJ8_IA/install/car_cpp:/home/rhobtor/PHD/ARGOJ8_IA/install/argj801_ctl_platform:/home/rhobtor/PHD/ARGOJ8_IA/install/argj801_ctl_platform_interfaces:/home/rhobtor/packages/install/grid_map:/home/rhobtor/packages/install/grid_map_demos:/home/rhobtor/packages/install/grid_map_visualization:/home/rhobtor/packages/install/grid_map_sdf:/home/rhobtor/packages/install/grid_map_rviz_plugin:/home/rhobtor/packages/install/grid_map_pcl:/home/rhobtor/packages/install/grid_map_loader:/home/rhobtor/packages/install/grid_map_filters:/home/rhobtor/packages/install/grid_map_ros:/home/rhobtor/packages/install/grid_map_octomap:/home/rhobtor/packages/install/grid_map_msgs:/home/rhobtor/packages/install/grid_map_cv:/home/rhobtor/packages/install/grid_map_costmap_2d:/home/rhobtor/packages/install/grid_map_core:/home/rhobtor/packages/install/grid_map_cmake_helpers:/home/rhobtor/PHD/reactive/Reactive-Navegation/workspace_full_conected/install/octomap_mapping:/home/rhobtor/PHD/reactive/Reactive-Navegation/workspace_full_conected/install/octomap_server:/home/rhobtor/PHD/reactive/Reactive-Navegation/workspace_full_conected/install/octomap_rviz_plugins:/home/rhobtor/PHD/reactive/Reactive-Navegation/workspace_full_conected/install/hector_gazebo_plugins:/home/rhobtor/PHD/reactive/Reactive-Navegation/workspace_full_conected/install/car_cpp:/home/rhobtor/PHD/reactive/Reactive-Navegation/workspace_full_conected/install/car_interfaces:/home/rhobtor/PHD/ARGOJ8_IA/install/car:/home/rhobtor/PHD/reactive/Reactive-Navegation/workspace_full_conected/install/car:/opt/ros/humble LD_LIBRARY_PATH=/home/rhobtor/PHD/ARGOJ8_IA/install/octomap_server/lib:/home/rhobtor/PHD/ARGOJ8_IA/install/car_interfaces/lib:/home/rhobtor/PHD/ARGOJ8_IA/install/octomap_rviz_plugins/lib:/home/rhobtor/PHD/ARGOJ8_IA/install/j8_xacro_model/lib:/home/rhobtor/PHD/ARGOJ8_IA/install/hector_gazebo_plugins/lib:/home/rhobtor/PHD/ARGOJ8_IA/install/fixposition_sensor_pkg/lib:/home/rhobtor/PHD/ARGOJ8_IA/install/car_cpp/lib:/home/rhobtor/PHD/ARGOJ8_IA/install/argj801_ctl_platform_interfaces/lib:/home/rhobtor/packages/install/grid_map_demos/lib:/home/rhobtor/packages/install/grid_map_visualization/lib:/home/rhobtor/packages/install/grid_map_sdf/lib:/home/rhobtor/packages/install/grid_map_rviz_plugin/lib:/home/rhobtor/packages/install/grid_map_pcl/lib:/home/rhobtor/packages/install/grid_map_loader/lib:/home/rhobtor/packages/install/grid_map_filters/lib:/home/rhobtor/packages/install/grid_map_ros/lib:/home/rhobtor/packages/install/grid_map_octomap/lib:/home/rhobtor/packages/install/grid_map_msgs/lib:/home/rhobtor/packages/install/grid_map_cv/lib:/home/rhobtor/packages/install/grid_map_costmap_2d/lib:/home/rhobtor/packages/install/grid_map_core/lib:/home/rhobtor/PHD/reactive/Reactive-Navegation/workspace_full_conected/install/octomap_server/lib:/home/rhobtor/PHD/reactive/Reactive-Navegation/workspace_full_conected/install/octomap_rviz_plugins/lib:/home/rhobtor/PHD/reactive/Reactive-Navegation/workspace_full_conected/install/hector_gazebo_plugins/lib:/home/rhobtor/PHD/reactive/Reactive-Navegation/workspace_full_conected/install/car_cpp/lib:/home/rhobtor/PHD/reactive/Reactive-Navegation/workspace_full_conected/install/car_interfaces/lib:/usr/lib/x86_64-linux-gnu/gazebo-11/plugins:/opt/ros/humble/opt/rviz_ogre_vendor/lib:/opt/ros/humble/lib/x86_64-linux-gnu:/opt/ros/humble/lib /opt/st/stm32cubeclt_1.18.0/CMake/bin/cmake --install /home/rhobtor/PHD/ARGOJ8_IA/build/octomap_mapping
[2.814s] Level 1:colcon.colcon_core.environment:create_environment_scripts_only(car_cpp)
[2.815s] Level 1:colcon.colcon_core.environment:checking '/home/rhobtor/PHD/ARGOJ8_IA/install/car_cpp' for CMake module files
[2.816s] DEBUG:colcon.colcon_core.event_handler.log_command:Invoked command in '/home/rhobtor/PHD/ARGOJ8_IA/build/car_cpp' returned '0': CMAKE_PREFIX_PATH=/home/rhobtor/PHD/ARGOJ8_IA/install/car_interfaces:/home/rhobtor/PHD/ARGOJ8_IA/install/octomap_mapping:/home/rhobtor/PHD/ARGOJ8_IA/install/octomap_server:/home/rhobtor/PHD/ARGOJ8_IA/install/octomap_rviz_plugins:/home/rhobtor/PHD/ARGOJ8_IA/install/j8_xacro_model:/home/rhobtor/PHD/ARGOJ8_IA/install/hector_gazebo_plugins:/home/rhobtor/PHD/ARGOJ8_IA/install/fixposition_sensor_pkg:/home/rhobtor/PHD/ARGOJ8_IA/install/car_cpp:/home/rhobtor/PHD/ARGOJ8_IA/install/argj801_ctl_platform:/home/rhobtor/PHD/ARGOJ8_IA/install/argj801_ctl_platform_interfaces:/home/rhobtor/packages/install/grid_map:/home/rhobtor/packages/install/grid_map_demos:/home/rhobtor/packages/install/grid_map_visualization:/home/rhobtor/packages/install/grid_map_sdf:/home/rhobtor/packages/install/grid_map_rviz_plugin:/home/rhobtor/packages/install/grid_map_pcl:/home/rhobtor/packages/install/grid_map_loader:/home/rhobtor/packages/install/grid_map_filters:/home/rhobtor/packages/install/grid_map_ros:/home/rhobtor/packages/install/grid_map_octomap:/home/rhobtor/packages/install/grid_map_msgs:/home/rhobtor/packages/install/grid_map_cv:/home/rhobtor/packages/install/grid_map_costmap_2d:/home/rhobtor/packages/install/grid_map_core:/home/rhobtor/packages/install/grid_map_cmake_helpers:/home/rhobtor/PHD/reactive/Reactive-Navegation/workspace_full_conected/install/octomap_mapping:/home/rhobtor/PHD/reactive/Reactive-Navegation/workspace_full_conected/install/octomap_server:/home/rhobtor/PHD/reactive/Reactive-Navegation/workspace_full_conected/install/octomap_rviz_plugins:/home/rhobtor/PHD/reactive/Reactive-Navegation/workspace_full_conected/install/hector_gazebo_plugins:/home/rhobtor/PHD/reactive/Reactive-Navegation/workspace_full_conected/install/car_cpp:/home/rhobtor/PHD/reactive/Reactive-Navegation/workspace_full_conected/install/car_interfaces:/home/rhobtor/PHD/ARGOJ8_IA/install/car:/home/rhobtor/PHD/reactive/Reactive-Navegation/workspace_full_conected/install/car:/opt/ros/humble LD_LIBRARY_PATH=/home/rhobtor/PHD/ARGOJ8_IA/install/car_interfaces/lib:/home/rhobtor/PHD/ARGOJ8_IA/install/octomap_server/lib:/home/rhobtor/PHD/ARGOJ8_IA/install/octomap_rviz_plugins/lib:/home/rhobtor/PHD/ARGOJ8_IA/install/j8_xacro_model/lib:/home/rhobtor/PHD/ARGOJ8_IA/install/hector_gazebo_plugins/lib:/home/rhobtor/PHD/ARGOJ8_IA/install/fixposition_sensor_pkg/lib:/home/rhobtor/PHD/ARGOJ8_IA/install/car_cpp/lib:/home/rhobtor/PHD/ARGOJ8_IA/install/argj801_ctl_platform_interfaces/lib:/home/rhobtor/packages/install/grid_map_demos/lib:/home/rhobtor/packages/install/grid_map_visualization/lib:/home/rhobtor/packages/install/grid_map_sdf/lib:/home/rhobtor/packages/install/grid_map_rviz_plugin/lib:/home/rhobtor/packages/install/grid_map_pcl/lib:/home/rhobtor/packages/install/grid_map_loader/lib:/home/rhobtor/packages/install/grid_map_filters/lib:/home/rhobtor/packages/install/grid_map_ros/lib:/home/rhobtor/packages/install/grid_map_octomap/lib:/home/rhobtor/packages/install/grid_map_msgs/lib:/home/rhobtor/packages/install/grid_map_cv/lib:/home/rhobtor/packages/install/grid_map_costmap_2d/lib:/home/rhobtor/packages/install/grid_map_core/lib:/home/rhobtor/PHD/reactive/Reactive-Navegation/workspace_full_conected/install/octomap_server/lib:/home/rhobtor/PHD/reactive/Reactive-Navegation/workspace_full_conected/install/octomap_rviz_plugins/lib:/home/rhobtor/PHD/reactive/Reactive-Navegation/workspace_full_conected/install/hector_gazebo_plugins/lib:/home/rhobtor/PHD/reactive/Reactive-Navegation/workspace_full_conected/install/car_cpp/lib:/home/rhobtor/PHD/reactive/Reactive-Navegation/workspace_full_conected/install/car_interfaces/lib:/usr/lib/x86_64-linux-gnu/gazebo-11/plugins:/opt/ros/humble/opt/rviz_ogre_vendor/lib:/opt/ros/humble/lib/x86_64-linux-gnu:/opt/ros/humble/lib /opt/st/stm32cubeclt_1.18.0/CMake/bin/cmake --install /home/rhobtor/PHD/ARGOJ8_IA/build/car_cpp
[2.817s] Level 1:colcon.colcon_core.environment:checking '/home/rhobtor/PHD/ARGOJ8_IA/install/car_cpp' for CMake config files
[2.817s] Level 1:colcon.colcon_core.shell:create_environment_hook('car_cpp', 'cmake_prefix_path')
[2.818s] INFO:colcon.colcon_core.shell:Creating environment hook '/home/rhobtor/PHD/ARGOJ8_IA/install/car_cpp/share/car_cpp/hook/cmake_prefix_path.ps1'
[2.818s] INFO:colcon.colcon_core.shell:Creating environment descriptor '/home/rhobtor/PHD/ARGOJ8_IA/install/car_cpp/share/car_cpp/hook/cmake_prefix_path.dsv'
[2.819s] INFO:colcon.colcon_core.shell:Creating environment hook '/home/rhobtor/PHD/ARGOJ8_IA/install/car_cpp/share/car_cpp/hook/cmake_prefix_path.sh'
[2.819s] Level 1:colcon.colcon_core.environment:checking '/home/rhobtor/PHD/ARGOJ8_IA/install/car_cpp/lib'
[2.820s] Level 1:colcon.colcon_core.shell:create_environment_hook('car_cpp', 'ld_library_path_lib')
[2.820s] INFO:colcon.colcon_core.shell:Creating environment hook '/home/rhobtor/PHD/ARGOJ8_IA/install/car_cpp/share/car_cpp/hook/ld_library_path_lib.ps1'
[2.820s] INFO:colcon.colcon_core.shell:Creating environment descriptor '/home/rhobtor/PHD/ARGOJ8_IA/install/car_cpp/share/car_cpp/hook/ld_library_path_lib.dsv'
[2.821s] INFO:colcon.colcon_core.shell:Creating environment hook '/home/rhobtor/PHD/ARGOJ8_IA/install/car_cpp/share/car_cpp/hook/ld_library_path_lib.sh'
[2.822s] Level 1:colcon.colcon_core.environment:checking '/home/rhobtor/PHD/ARGOJ8_IA/install/car_cpp/bin'
[2.822s] Level 1:colcon.colcon_core.environment:checking '/home/rhobtor/PHD/ARGOJ8_IA/install/car_cpp/lib/pkgconfig/car_cpp.pc'
[2.822s] Level 1:colcon.colcon_core.environment:checking '/home/rhobtor/PHD/ARGOJ8_IA/install/car_cpp/lib/python3.10/site-packages'
[2.823s] Level 1:colcon.colcon_core.environment:checking '/home/rhobtor/PHD/ARGOJ8_IA/install/car_cpp/bin'
[2.823s] INFO:colcon.colcon_core.shell:Creating package script '/home/rhobtor/PHD/ARGOJ8_IA/install/car_cpp/share/car_cpp/package.ps1'
[2.824s] INFO:colcon.colcon_core.shell:Creating package descriptor '/home/rhobtor/PHD/ARGOJ8_IA/install/car_cpp/share/car_cpp/package.dsv'
[2.825s] INFO:colcon.colcon_core.shell:Creating package script '/home/rhobtor/PHD/ARGOJ8_IA/install/car_cpp/share/car_cpp/package.sh'
[2.826s] INFO:colcon.colcon_core.shell:Creating package script '/home/rhobtor/PHD/ARGOJ8_IA/install/car_cpp/share/car_cpp/package.bash'
[2.826s] INFO:colcon.colcon_core.shell:Creating package script '/home/rhobtor/PHD/ARGOJ8_IA/install/car_cpp/share/car_cpp/package.zsh'
[2.827s] Level 1:colcon.colcon_core.environment:create_file_with_runtime_dependencies(/home/rhobtor/PHD/ARGOJ8_IA/install/car_cpp/share/colcon-core/packages/car_cpp)
[2.827s] Level 1:colcon.colcon_core.environment:create_environment_scripts_only(car_cpp)
[2.828s] Level 1:colcon.colcon_core.environment:checking '/home/rhobtor/PHD/ARGOJ8_IA/install/car_cpp' for CMake module files
[2.829s] Level 1:colcon.colcon_core.environment:checking '/home/rhobtor/PHD/ARGOJ8_IA/install/car_cpp' for CMake config files
[2.829s] Level 1:colcon.colcon_core.shell:create_environment_hook('car_cpp', 'cmake_prefix_path')
[2.829s] INFO:colcon.colcon_core.shell:Creating environment hook '/home/rhobtor/PHD/ARGOJ8_IA/install/car_cpp/share/car_cpp/hook/cmake_prefix_path.ps1'
[2.830s] INFO:colcon.colcon_core.shell:Creating environment descriptor '/home/rhobtor/PHD/ARGOJ8_IA/install/car_cpp/share/car_cpp/hook/cmake_prefix_path.dsv'
[2.830s] INFO:colcon.colcon_core.shell:Creating environment hook '/home/rhobtor/PHD/ARGOJ8_IA/install/car_cpp/share/car_cpp/hook/cmake_prefix_path.sh'
[2.831s] Level 1:colcon.colcon_core.environment:checking '/home/rhobtor/PHD/ARGOJ8_IA/install/car_cpp/lib'
[2.831s] Level 1:colcon.colcon_core.shell:create_environment_hook('car_cpp', 'ld_library_path_lib')
[2.831s] INFO:colcon.colcon_core.shell:Creating environment hook '/home/rhobtor/PHD/ARGOJ8_IA/install/car_cpp/share/car_cpp/hook/ld_library_path_lib.ps1'
[2.832s] INFO:colcon.colcon_core.shell:Creating environment descriptor '/home/rhobtor/PHD/ARGOJ8_IA/install/car_cpp/share/car_cpp/hook/ld_library_path_lib.dsv'
[2.832s] INFO:colcon.colcon_core.shell:Creating environment hook '/home/rhobtor/PHD/ARGOJ8_IA/install/car_cpp/share/car_cpp/hook/ld_library_path_lib.sh'
[2.833s] Level 1:colcon.colcon_core.environment:checking '/home/rhobtor/PHD/ARGOJ8_IA/install/car_cpp/bin'
[2.833s] Level 1:colcon.colcon_core.environment:checking '/home/rhobtor/PHD/ARGOJ8_IA/install/car_cpp/lib/pkgconfig/car_cpp.pc'
[2.833s] Level 1:colcon.colcon_core.environment:checking '/home/rhobtor/PHD/ARGOJ8_IA/install/car_cpp/lib/python3.10/site-packages'
[2.834s] Level 1:colcon.colcon_core.environment:checking '/home/rhobtor/PHD/ARGOJ8_IA/install/car_cpp/bin'
[2.834s] INFO:colcon.colcon_core.shell:Creating package script '/home/rhobtor/PHD/ARGOJ8_IA/install/car_cpp/share/car_cpp/package.ps1'
[2.835s] INFO:colcon.colcon_core.shell:Creating package descriptor '/home/rhobtor/PHD/ARGOJ8_IA/install/car_cpp/share/car_cpp/package.dsv'
[2.835s] INFO:colcon.colcon_core.shell:Creating package script '/home/rhobtor/PHD/ARGOJ8_IA/install/car_cpp/share/car_cpp/package.sh'
[2.837s] INFO:colcon.colcon_core.shell:Creating package script '/home/rhobtor/PHD/ARGOJ8_IA/install/car_cpp/share/car_cpp/package.bash'
[2.837s] INFO:colcon.colcon_core.shell:Creating package script '/home/rhobtor/PHD/ARGOJ8_IA/install/car_cpp/share/car_cpp/package.zsh'
[2.838s] Level 1:colcon.colcon_core.environment:create_file_with_runtime_dependencies(/home/rhobtor/PHD/ARGOJ8_IA/install/car_cpp/share/colcon-core/packages/car_cpp)
[2.839s] Level 1:colcon.colcon_core.environment:create_environment_scripts_only(octomap_mapping)
[2.839s] Level 1:colcon.colcon_core.environment:checking '/home/rhobtor/PHD/ARGOJ8_IA/install/octomap_mapping' for CMake module files
[2.841s] DEBUG:colcon.colcon_core.event_handler.log_command:Invoked command in '/home/rhobtor/PHD/ARGOJ8_IA/build/octomap_mapping' returned '0': CMAKE_PREFIX_PATH=/home/rhobtor/PHD/ARGOJ8_IA/install/octomap_server:/home/rhobtor/PHD/ARGOJ8_IA/install/car_interfaces:/home/rhobtor/PHD/ARGOJ8_IA/install/octomap_mapping:/home/rhobtor/PHD/ARGOJ8_IA/install/octomap_rviz_plugins:/home/rhobtor/PHD/ARGOJ8_IA/install/j8_xacro_model:/home/rhobtor/PHD/ARGOJ8_IA/install/hector_gazebo_plugins:/home/rhobtor/PHD/ARGOJ8_IA/install/fixposition_sensor_pkg:/home/rhobtor/PHD/ARGOJ8_IA/install/car_cpp:/home/rhobtor/PHD/ARGOJ8_IA/install/argj801_ctl_platform:/home/rhobtor/PHD/ARGOJ8_IA/install/argj801_ctl_platform_interfaces:/home/rhobtor/packages/install/grid_map:/home/rhobtor/packages/install/grid_map_demos:/home/rhobtor/packages/install/grid_map_visualization:/home/rhobtor/packages/install/grid_map_sdf:/home/rhobtor/packages/install/grid_map_rviz_plugin:/home/rhobtor/packages/install/grid_map_pcl:/home/rhobtor/packages/install/grid_map_loader:/home/rhobtor/packages/install/grid_map_filters:/home/rhobtor/packages/install/grid_map_ros:/home/rhobtor/packages/install/grid_map_octomap:/home/rhobtor/packages/install/grid_map_msgs:/home/rhobtor/packages/install/grid_map_cv:/home/rhobtor/packages/install/grid_map_costmap_2d:/home/rhobtor/packages/install/grid_map_core:/home/rhobtor/packages/install/grid_map_cmake_helpers:/home/rhobtor/PHD/reactive/Reactive-Navegation/workspace_full_conected/install/octomap_mapping:/home/rhobtor/PHD/reactive/Reactive-Navegation/workspace_full_conected/install/octomap_server:/home/rhobtor/PHD/reactive/Reactive-Navegation/workspace_full_conected/install/octomap_rviz_plugins:/home/rhobtor/PHD/reactive/Reactive-Navegation/workspace_full_conected/install/hector_gazebo_plugins:/home/rhobtor/PHD/reactive/Reactive-Navegation/workspace_full_conected/install/car_cpp:/home/rhobtor/PHD/reactive/Reactive-Navegation/workspace_full_conected/install/car_interfaces:/home/rhobtor/PHD/ARGOJ8_IA/install/car:/home/rhobtor/PHD/reactive/Reactive-Navegation/workspace_full_conected/install/car:/opt/ros/humble LD_LIBRARY_PATH=/home/rhobtor/PHD/ARGOJ8_IA/install/octomap_server/lib:/home/rhobtor/PHD/ARGOJ8_IA/install/car_interfaces/lib:/home/rhobtor/PHD/ARGOJ8_IA/install/octomap_rviz_plugins/lib:/home/rhobtor/PHD/ARGOJ8_IA/install/j8_xacro_model/lib:/home/rhobtor/PHD/ARGOJ8_IA/install/hector_gazebo_plugins/lib:/home/rhobtor/PHD/ARGOJ8_IA/install/fixposition_sensor_pkg/lib:/home/rhobtor/PHD/ARGOJ8_IA/install/car_cpp/lib:/home/rhobtor/PHD/ARGOJ8_IA/install/argj801_ctl_platform_interfaces/lib:/home/rhobtor/packages/install/grid_map_demos/lib:/home/rhobtor/packages/install/grid_map_visualization/lib:/home/rhobtor/packages/install/grid_map_sdf/lib:/home/rhobtor/packages/install/grid_map_rviz_plugin/lib:/home/rhobtor/packages/install/grid_map_pcl/lib:/home/rhobtor/packages/install/grid_map_loader/lib:/home/rhobtor/packages/install/grid_map_filters/lib:/home/rhobtor/packages/install/grid_map_ros/lib:/home/rhobtor/packages/install/grid_map_octomap/lib:/home/rhobtor/packages/install/grid_map_msgs/lib:/home/rhobtor/packages/install/grid_map_cv/lib:/home/rhobtor/packages/install/grid_map_costmap_2d/lib:/home/rhobtor/packages/install/grid_map_core/lib:/home/rhobtor/PHD/reactive/Reactive-Navegation/workspace_full_conected/install/octomap_server/lib:/home/rhobtor/PHD/reactive/Reactive-Navegation/workspace_full_conected/install/octomap_rviz_plugins/lib:/home/rhobtor/PHD/reactive/Reactive-Navegation/workspace_full_conected/install/hector_gazebo_plugins/lib:/home/rhobtor/PHD/reactive/Reactive-Navegation/workspace_full_conected/install/car_cpp/lib:/home/rhobtor/PHD/reactive/Reactive-Navegation/workspace_full_conected/install/car_interfaces/lib:/usr/lib/x86_64-linux-gnu/gazebo-11/plugins:/opt/ros/humble/opt/rviz_ogre_vendor/lib:/opt/ros/humble/lib/x86_64-linux-gnu:/opt/ros/humble/lib /opt/st/stm32cubeclt_1.18.0/CMake/bin/cmake --install /home/rhobtor/PHD/ARGOJ8_IA/build/octomap_mapping
[2.841s] Level 1:colcon.colcon_core.environment:checking '/home/rhobtor/PHD/ARGOJ8_IA/install/octomap_mapping' for CMake config files
[2.841s] Level 1:colcon.colcon_core.shell:create_environment_hook('octomap_mapping', 'cmake_prefix_path')
[2.842s] INFO:colcon.colcon_core.shell:Creating environment hook '/home/rhobtor/PHD/ARGOJ8_IA/install/octomap_mapping/share/octomap_mapping/hook/cmake_prefix_path.ps1'
[2.842s] INFO:colcon.colcon_core.shell:Creating environment descriptor '/home/rhobtor/PHD/ARGOJ8_IA/install/octomap_mapping/share/octomap_mapping/hook/cmake_prefix_path.dsv'
[2.843s] INFO:colcon.colcon_core.shell:Creating environment hook '/home/rhobtor/PHD/ARGOJ8_IA/install/octomap_mapping/share/octomap_mapping/hook/cmake_prefix_path.sh'
[2.843s] Level 1:colcon.colcon_core.environment:checking '/home/rhobtor/PHD/ARGOJ8_IA/install/octomap_mapping/bin'
[2.843s] Level 1:colcon.colcon_core.environment:checking '/home/rhobtor/PHD/ARGOJ8_IA/install/octomap_mapping/lib/pkgconfig/octomap_mapping.pc'
[2.844s] Level 1:colcon.colcon_core.environment:checking '/home/rhobtor/PHD/ARGOJ8_IA/install/octomap_mapping/lib/python3.10/site-packages'
[2.844s] Level 1:colcon.colcon_core.environment:checking '/home/rhobtor/PHD/ARGOJ8_IA/install/octomap_mapping/bin'
[2.845s] INFO:colcon.colcon_core.shell:Creating package script '/home/rhobtor/PHD/ARGOJ8_IA/install/octomap_mapping/share/octomap_mapping/package.ps1'
[2.845s] INFO:colcon.colcon_core.shell:Creating package descriptor '/home/rhobtor/PHD/ARGOJ8_IA/install/octomap_mapping/share/octomap_mapping/package.dsv'
[2.846s] INFO:colcon.colcon_core.shell:Creating package script '/home/rhobtor/PHD/ARGOJ8_IA/install/octomap_mapping/share/octomap_mapping/package.sh'
[2.846s] INFO:colcon.colcon_core.shell:Creating package script '/home/rhobtor/PHD/ARGOJ8_IA/install/octomap_mapping/share/octomap_mapping/package.bash'
[2.846s] INFO:colcon.colcon_core.shell:Creating package script '/home/rhobtor/PHD/ARGOJ8_IA/install/octomap_mapping/share/octomap_mapping/package.zsh'
[2.847s] Level 1:colcon.colcon_core.environment:create_file_with_runtime_dependencies(/home/rhobtor/PHD/ARGOJ8_IA/install/octomap_mapping/share/colcon-core/packages/octomap_mapping)
[2.847s] Level 1:colcon.colcon_core.environment:create_environment_scripts_only(octomap_mapping)
[2.848s] Level 1:colcon.colcon_core.environment:checking '/home/rhobtor/PHD/ARGOJ8_IA/install/octomap_mapping' for CMake module files
[2.848s] Level 1:colcon.colcon_core.environment:checking '/home/rhobtor/PHD/ARGOJ8_IA/install/octomap_mapping' for CMake config files
[2.849s] Level 1:colcon.colcon_core.shell:create_environment_hook('octomap_mapping', 'cmake_prefix_path')
[2.849s] INFO:colcon.colcon_core.shell:Creating environment hook '/home/rhobtor/PHD/ARGOJ8_IA/install/octomap_mapping/share/octomap_mapping/hook/cmake_prefix_path.ps1'
[2.849s] INFO:colcon.colcon_core.shell:Creating environment descriptor '/home/rhobtor/PHD/ARGOJ8_IA/install/octomap_mapping/share/octomap_mapping/hook/cmake_prefix_path.dsv'
[2.850s] INFO:colcon.colcon_core.shell:Creating environment hook '/home/rhobtor/PHD/ARGOJ8_IA/install/octomap_mapping/share/octomap_mapping/hook/cmake_prefix_path.sh'
[2.850s] Level 1:colcon.colcon_core.environment:checking '/home/rhobtor/PHD/ARGOJ8_IA/install/octomap_mapping/bin'
[2.850s] Level 1:colcon.colcon_core.environment:checking '/home/rhobtor/PHD/ARGOJ8_IA/install/octomap_mapping/lib/pkgconfig/octomap_mapping.pc'
[2.851s] Level 1:colcon.colcon_core.environment:checking '/home/rhobtor/PHD/ARGOJ8_IA/install/octomap_mapping/lib/python3.10/site-packages'
[2.851s] Level 1:colcon.colcon_core.environment:checking '/home/rhobtor/PHD/ARGOJ8_IA/install/octomap_mapping/bin'
[2.851s] INFO:colcon.colcon_core.shell:Creating package script '/home/rhobtor/PHD/ARGOJ8_IA/install/octomap_mapping/share/octomap_mapping/package.ps1'
[2.852s] INFO:colcon.colcon_core.shell:Creating package descriptor '/home/rhobtor/PHD/ARGOJ8_IA/install/octomap_mapping/share/octomap_mapping/package.dsv'
[2.852s] INFO:colcon.colcon_core.shell:Creating package script '/home/rhobtor/PHD/ARGOJ8_IA/install/octomap_mapping/share/octomap_mapping/package.sh'
[2.853s] INFO:colcon.colcon_core.shell:Creating package script '/home/rhobtor/PHD/ARGOJ8_IA/install/octomap_mapping/share/octomap_mapping/package.bash'
[2.853s] INFO:colcon.colcon_core.shell:Creating package script '/home/rhobtor/PHD/ARGOJ8_IA/install/octomap_mapping/share/octomap_mapping/package.zsh'
[2.853s] Level 1:colcon.colcon_core.environment:create_file_with_runtime_dependencies(/home/rhobtor/PHD/ARGOJ8_IA/install/octomap_mapping/share/colcon-core/packages/octomap_mapping)
[3.172s] DEBUG:colcon.colcon_core.event_handler.log_command:Invoking command in '/home/rhobtor/PHD/ARGOJ8_IA/src/car_python': CMAKE_PREFIX_PATH=/home/rhobtor/PHD/ARGOJ8_IA/install/car_interfaces:/home/rhobtor/PHD/ARGOJ8_IA/install/octomap_mapping:/home/rhobtor/PHD/ARGOJ8_IA/install/octomap_server:/home/rhobtor/PHD/ARGOJ8_IA/install/octomap_rviz_plugins:/home/rhobtor/PHD/ARGOJ8_IA/install/j8_xacro_model:/home/rhobtor/PHD/ARGOJ8_IA/install/hector_gazebo_plugins:/home/rhobtor/PHD/ARGOJ8_IA/install/fixposition_sensor_pkg:/home/rhobtor/PHD/ARGOJ8_IA/install/car_cpp:/home/rhobtor/PHD/ARGOJ8_IA/install/argj801_ctl_platform:/home/rhobtor/PHD/ARGOJ8_IA/install/argj801_ctl_platform_interfaces:/home/rhobtor/packages/install/grid_map:/home/rhobtor/packages/install/grid_map_demos:/home/rhobtor/packages/install/grid_map_visualization:/home/rhobtor/packages/install/grid_map_sdf:/home/rhobtor/packages/install/grid_map_rviz_plugin:/home/rhobtor/packages/install/grid_map_pcl:/home/rhobtor/packages/install/grid_map_loader:/home/rhobtor/packages/install/grid_map_filters:/home/rhobtor/packages/install/grid_map_ros:/home/rhobtor/packages/install/grid_map_octomap:/home/rhobtor/packages/install/grid_map_msgs:/home/rhobtor/packages/install/grid_map_cv:/home/rhobtor/packages/install/grid_map_costmap_2d:/home/rhobtor/packages/install/grid_map_core:/home/rhobtor/packages/install/grid_map_cmake_helpers:/home/rhobtor/PHD/reactive/Reactive-Navegation/workspace_full_conected/install/octomap_mapping:/home/rhobtor/PHD/reactive/Reactive-Navegation/workspace_full_conected/install/octomap_server:/home/rhobtor/PHD/reactive/Reactive-Navegation/workspace_full_conected/install/octomap_rviz_plugins:/home/rhobtor/PHD/reactive/Reactive-Navegation/workspace_full_conected/install/hector_gazebo_plugins:/home/rhobtor/PHD/reactive/Reactive-Navegation/workspace_full_conected/install/car_cpp:/home/rhobtor/PHD/reactive/Reactive-Navegation/workspace_full_conected/install/car_interfaces LD_LIBRARY_PATH=/home/rhobtor/PHD/ARGOJ8_IA/install/car_interfaces/lib:/home/rhobtor/PHD/ARGOJ8_IA/install/octomap_server/lib:/home/rhobtor/PHD/ARGOJ8_IA/install/octomap_rviz_plugins/lib:/home/rhobtor/PHD/ARGOJ8_IA/install/j8_xacro_model/lib:/home/rhobtor/PHD/ARGOJ8_IA/install/hector_gazebo_plugins/lib:/home/rhobtor/PHD/ARGOJ8_IA/install/fixposition_sensor_pkg/lib:/home/rhobtor/PHD/ARGOJ8_IA/install/car_cpp/lib:/home/rhobtor/PHD/ARGOJ8_IA/install/argj801_ctl_platform_interfaces/lib:/home/rhobtor/packages/install/grid_map_demos/lib:/home/rhobtor/packages/install/grid_map_visualization/lib:/home/rhobtor/packages/install/grid_map_sdf/lib:/home/rhobtor/packages/install/grid_map_rviz_plugin/lib:/home/rhobtor/packages/install/grid_map_pcl/lib:/home/rhobtor/packages/install/grid_map_loader/lib:/home/rhobtor/packages/install/grid_map_filters/lib:/home/rhobtor/packages/install/grid_map_ros/lib:/home/rhobtor/packages/install/grid_map_octomap/lib:/home/rhobtor/packages/install/grid_map_msgs/lib:/home/rhobtor/packages/install/grid_map_cv/lib:/home/rhobtor/packages/install/grid_map_costmap_2d/lib:/home/rhobtor/packages/install/grid_map_core/lib:/home/rhobtor/PHD/reactive/Reactive-Navegation/workspace_full_conected/install/octomap_server/lib:/home/rhobtor/PHD/reactive/Reactive-Navegation/workspace_full_conected/install/octomap_rviz_plugins/lib:/home/rhobtor/PHD/reactive/Reactive-Navegation/workspace_full_conected/install/hector_gazebo_plugins/lib:/home/rhobtor/PHD/reactive/Reactive-Navegation/workspace_full_conected/install/car_cpp/lib:/home/rhobtor/PHD/reactive/Reactive-Navegation/workspace_full_conected/install/car_interfaces/lib:/usr/lib/x86_64-linux-gnu/gazebo-11/plugins:/opt/ros/humble/opt/rviz_ogre_vendor/lib:/opt/ros/humble/lib/x86_64-linux-gnu:/opt/ros/humble/lib PYTHONPATH=/home/rhobtor/PHD/ARGOJ8_IA/build/car/prefix_override:/usr/lib/python3/dist-packages/colcon_core/task/python/colcon_distutils_commands:/home/rhobtor/PHD/ARGOJ8_IA/install/car/lib/python3.10/site-packages:${PYTHONPATH} /usr/bin/python3 -W ignore:setup.py install is deprecated -W ignore:easy_install command is deprecated setup.py egg_info --egg-base ../../build/car build --build-base /home/rhobtor/PHD/ARGOJ8_IA/build/car/build install --record /home/rhobtor/PHD/ARGOJ8_IA/build/car/install.log --single-version-externally-managed install_data
[3.518s] Level 1:colcon.colcon_core.environment:checking '/home/rhobtor/PHD/ARGOJ8_IA/install/car' for CMake module files
[3.519s] DEBUG:colcon.colcon_core.event_handler.log_command:Invoked command in '/home/rhobtor/PHD/ARGOJ8_IA/src/car_python' returned '0': CMAKE_PREFIX_PATH=/home/rhobtor/PHD/ARGOJ8_IA/install/car_interfaces:/home/rhobtor/PHD/ARGOJ8_IA/install/octomap_mapping:/home/rhobtor/PHD/ARGOJ8_IA/install/octomap_server:/home/rhobtor/PHD/ARGOJ8_IA/install/octomap_rviz_plugins:/home/rhobtor/PHD/ARGOJ8_IA/install/j8_xacro_model:/home/rhobtor/PHD/ARGOJ8_IA/install/hector_gazebo_plugins:/home/rhobtor/PHD/ARGOJ8_IA/install/fixposition_sensor_pkg:/home/rhobtor/PHD/ARGOJ8_IA/install/car_cpp:/home/rhobtor/PHD/ARGOJ8_IA/install/argj801_ctl_platform:/home/rhobtor/PHD/ARGOJ8_IA/install/argj801_ctl_platform_interfaces:/home/rhobtor/packages/install/grid_map:/home/rhobtor/packages/install/grid_map_demos:/home/rhobtor/packages/install/grid_map_visualization:/home/rhobtor/packages/install/grid_map_sdf:/home/rhobtor/packages/install/grid_map_rviz_plugin:/home/rhobtor/packages/install/grid_map_pcl:/home/rhobtor/packages/install/grid_map_loader:/home/rhobtor/packages/install/grid_map_filters:/home/rhobtor/packages/install/grid_map_ros:/home/rhobtor/packages/install/grid_map_octomap:/home/rhobtor/packages/install/grid_map_msgs:/home/rhobtor/packages/install/grid_map_cv:/home/rhobtor/packages/install/grid_map_costmap_2d:/home/rhobtor/packages/install/grid_map_core:/home/rhobtor/packages/install/grid_map_cmake_helpers:/home/rhobtor/PHD/reactive/Reactive-Navegation/workspace_full_conected/install/octomap_mapping:/home/rhobtor/PHD/reactive/Reactive-Navegation/workspace_full_conected/install/octomap_server:/home/rhobtor/PHD/reactive/Reactive-Navegation/workspace_full_conected/install/octomap_rviz_plugins:/home/rhobtor/PHD/reactive/Reactive-Navegation/workspace_full_conected/install/hector_gazebo_plugins:/home/rhobtor/PHD/reactive/Reactive-Navegation/workspace_full_conected/install/car_cpp:/home/rhobtor/PHD/reactive/Reactive-Navegation/workspace_full_conected/install/car_interfaces LD_LIBRARY_PATH=/home/rhobtor/PHD/ARGOJ8_IA/install/car_interfaces/lib:/home/rhobtor/PHD/ARGOJ8_IA/install/octomap_server/lib:/home/rhobtor/PHD/ARGOJ8_IA/install/octomap_rviz_plugins/lib:/home/rhobtor/PHD/ARGOJ8_IA/install/j8_xacro_model/lib:/home/rhobtor/PHD/ARGOJ8_IA/install/hector_gazebo_plugins/lib:/home/rhobtor/PHD/ARGOJ8_IA/install/fixposition_sensor_pkg/lib:/home/rhobtor/PHD/ARGOJ8_IA/install/car_cpp/lib:/home/rhobtor/PHD/ARGOJ8_IA/install/argj801_ctl_platform_interfaces/lib:/home/rhobtor/packages/install/grid_map_demos/lib:/home/rhobtor/packages/install/grid_map_visualization/lib:/home/rhobtor/packages/install/grid_map_sdf/lib:/home/rhobtor/packages/install/grid_map_rviz_plugin/lib:/home/rhobtor/packages/install/grid_map_pcl/lib:/home/rhobtor/packages/install/grid_map_loader/lib:/home/rhobtor/packages/install/grid_map_filters/lib:/home/rhobtor/packages/install/grid_map_ros/lib:/home/rhobtor/packages/install/grid_map_octomap/lib:/home/rhobtor/packages/install/grid_map_msgs/lib:/home/rhobtor/packages/install/grid_map_cv/lib:/home/rhobtor/packages/install/grid_map_costmap_2d/lib:/home/rhobtor/packages/install/grid_map_core/lib:/home/rhobtor/PHD/reactive/Reactive-Navegation/workspace_full_conected/install/octomap_server/lib:/home/rhobtor/PHD/reactive/Reactive-Navegation/workspace_full_conected/install/octomap_rviz_plugins/lib:/home/rhobtor/PHD/reactive/Reactive-Navegation/workspace_full_conected/install/hector_gazebo_plugins/lib:/home/rhobtor/PHD/reactive/Reactive-Navegation/workspace_full_conected/install/car_cpp/lib:/home/rhobtor/PHD/reactive/Reactive-Navegation/workspace_full_conected/install/car_interfaces/lib:/usr/lib/x86_64-linux-gnu/gazebo-11/plugins:/opt/ros/humble/opt/rviz_ogre_vendor/lib:/opt/ros/humble/lib/x86_64-linux-gnu:/opt/ros/humble/lib PYTHONPATH=/home/rhobtor/PHD/ARGOJ8_IA/build/car/prefix_override:/usr/lib/python3/dist-packages/colcon_core/task/python/colcon_distutils_commands:/home/rhobtor/PHD/ARGOJ8_IA/install/car/lib/python3.10/site-packages:${PYTHONPATH} /usr/bin/python3 -W ignore:setup.py install is deprecated -W ignore:easy_install command is deprecated setup.py egg_info --egg-base ../../build/car build --build-base /home/rhobtor/PHD/ARGOJ8_IA/build/car/build install --record /home/rhobtor/PHD/ARGOJ8_IA/build/car/install.log --single-version-externally-managed install_data
[3.519s] Level 1:colcon.colcon_core.environment:checking '/home/rhobtor/PHD/ARGOJ8_IA/install/car' for CMake config files
[3.520s] Level 1:colcon.colcon_core.environment:checking '/home/rhobtor/PHD/ARGOJ8_IA/install/car/lib'
[3.520s] Level 1:colcon.colcon_core.environment:checking '/home/rhobtor/PHD/ARGOJ8_IA/install/car/bin'
[3.520s] Level 1:colcon.colcon_core.environment:checking '/home/rhobtor/PHD/ARGOJ8_IA/install/car/lib/pkgconfig/car.pc'
[3.520s] Level 1:colcon.colcon_core.environment:checking '/home/rhobtor/PHD/ARGOJ8_IA/install/car/lib/python3.10/site-packages'
[3.520s] Level 1:colcon.colcon_core.shell:create_environment_hook('car', 'pythonpath')
[3.521s] INFO:colcon.colcon_core.shell:Creating environment hook '/home/rhobtor/PHD/ARGOJ8_IA/install/car/share/car/hook/pythonpath.ps1'
[3.521s] INFO:colcon.colcon_core.shell:Creating environment descriptor '/home/rhobtor/PHD/ARGOJ8_IA/install/car/share/car/hook/pythonpath.dsv'
[3.522s] INFO:colcon.colcon_core.shell:Creating environment hook '/home/rhobtor/PHD/ARGOJ8_IA/install/car/share/car/hook/pythonpath.sh'
[3.522s] Level 1:colcon.colcon_core.environment:checking '/home/rhobtor/PHD/ARGOJ8_IA/install/car/bin'
[3.522s] Level 1:colcon.colcon_core.environment:create_environment_scripts_only(car)
[3.523s] INFO:colcon.colcon_core.shell:Creating package script '/home/rhobtor/PHD/ARGOJ8_IA/install/car/share/car/package.ps1'
[3.523s] INFO:colcon.colcon_core.shell:Creating package descriptor '/home/rhobtor/PHD/ARGOJ8_IA/install/car/share/car/package.dsv'
[3.524s] INFO:colcon.colcon_core.shell:Creating package script '/home/rhobtor/PHD/ARGOJ8_IA/install/car/share/car/package.sh'
[3.524s] INFO:colcon.colcon_core.shell:Creating package script '/home/rhobtor/PHD/ARGOJ8_IA/install/car/share/car/package.bash'
[3.525s] INFO:colcon.colcon_core.shell:Creating package script '/home/rhobtor/PHD/ARGOJ8_IA/install/car/share/car/package.zsh'
[3.525s] Level 1:colcon.colcon_core.environment:create_file_with_runtime_dependencies(/home/rhobtor/PHD/ARGOJ8_IA/install/car/share/colcon-core/packages/car)
[3.525s] DEBUG:colcon.colcon_parallel_executor.executor.parallel:closing loop
[3.526s] DEBUG:colcon.colcon_parallel_executor.executor.parallel:loop closed
[3.526s] DEBUG:colcon.colcon_parallel_executor.executor.parallel:run_until_complete finished with '0'
[3.526s] DEBUG:colcon.colcon_core.event_reactor:joining thread
[3.532s] INFO:colcon.colcon_core.plugin_system:Skipping extension 'colcon_notification.desktop_notification.terminal_notifier': Not used on non-Darwin systems
[3.532s] INFO:colcon.colcon_core.plugin_system:Skipping extension 'colcon_notification.desktop_notification.win32': Not used on non-Windows systems
[3.532s] INFO:colcon.colcon_notification.desktop_notification:Sending desktop notification using 'notify2'
[3.545s] DEBUG:colcon.colcon_core.event_reactor:joined thread
[3.545s] INFO:colcon.colcon_core.shell:Creating prefix script '/home/rhobtor/PHD/ARGOJ8_IA/install/local_setup.ps1'
[3.547s] INFO:colcon.colcon_core.shell:Creating prefix util module '/home/rhobtor/PHD/ARGOJ8_IA/install/_local_setup_util_ps1.py'
[3.551s] INFO:colcon.colcon_core.shell:Creating prefix chain script '/home/rhobtor/PHD/ARGOJ8_IA/install/setup.ps1'
[3.553s] INFO:colcon.colcon_core.shell:Creating prefix script '/home/rhobtor/PHD/ARGOJ8_IA/install/local_setup.sh'
[3.553s] INFO:colcon.colcon_core.shell:Creating prefix util module '/home/rhobtor/PHD/ARGOJ8_IA/install/_local_setup_util_sh.py'
[3.554s] INFO:colcon.colcon_core.shell:Creating prefix chain script '/home/rhobtor/PHD/ARGOJ8_IA/install/setup.sh'
[3.557s] INFO:colcon.colcon_core.shell:Creating prefix script '/home/rhobtor/PHD/ARGOJ8_IA/install/local_setup.bash'
[3.558s] INFO:colcon.colcon_core.shell:Creating prefix chain script '/home/rhobtor/PHD/ARGOJ8_IA/install/setup.bash'
[3.560s] INFO:colcon.colcon_core.shell:Creating prefix script '/home/rhobtor/PHD/ARGOJ8_IA/install/local_setup.zsh'
[3.561s] INFO:colcon.colcon_core.shell:Creating prefix chain script '/home/rhobtor/PHD/ARGOJ8_IA/install/setup.zsh'
