[0.200s] DEBUG:colcon:Command line arguments: ['/usr/bin/colcon', 'build']
[0.200s] DEBUG:colcon:Parsed command line arguments: Namespace(log_base=None, log_level=None, verb_name='build', build_base='build', install_base='install', merge_install=False, symlink_install=False, test_result_base=None, continue_on_error=False, executor='parallel', parallel_workers=16, event_handlers=None, ignore_user_meta=False, metas=['./colcon.meta'], base_paths=['.'], packages_ignore=None, packages_ignore_regex=None, paths=None, packages_up_to=None, packages_up_to_regex=None, packages_above=None, packages_above_and_dependencies=None, packages_above_depth=None, packages_select_by_dep=None, packages_skip_by_dep=None, packages_skip_up_to=None, packages_select_build_failed=False, packages_skip_build_finished=False, packages_select_test_failures=False, packages_skip_test_passed=False, packages_select=None, packages_skip=None, packages_select_regex=None, packages_skip_regex=None, packages_start=None, packages_end=None, allow_overriding=[], ament_gradle_args=None, ament_gradle_task=None, cmake_args=None, cmake_target=None, cmake_target_skip_unavailable=False, cmake_clean_cache=False, cmake_clean_first=False, cmake_force_configure=False, gradle_args=None, gradle_task=None, ament_cmake_args=None, catkin_cmake_args=None, catkin_skip_building_tests=False, mixin_files=None, mixin=None, verb_parser=<colcon_mixin.mixin.mixin_argument.MixinArgumentDecorator object at 0x7d61f0cbc550>, verb_extension=<colcon_core.verb.build.BuildVerb object at 0x7d61f0c87eb0>, main=<bound method BuildVerb.main of <colcon_core.verb.build.BuildVerb object at 0x7d61f0c87eb0>>, mixin_verb=('build',))
[0.205s] Level 1:colcon.colcon_core.package_discovery:discover_packages(colcon_meta) check parameters
[0.205s] Level 1:colcon.colcon_core.package_discovery:discover_packages(recursive) check parameters
[0.205s] Level 1:colcon.colcon_core.package_discovery:discover_packages(ignore) check parameters
[0.205s] Level 1:colcon.colcon_core.package_discovery:discover_packages(path) check parameters
[0.205s] Level 1:colcon.colcon_core.package_discovery:discover_packages(colcon_meta) discover
[0.205s] Level 1:colcon.colcon_core.package_discovery:discover_packages(recursive) discover
[0.205s] INFO:colcon.colcon_core.package_discovery:Crawling recursively for packages in '/home/rhobtor/PHD/ARGOJ8_IA/ARGOSJ8_IA_'
[0.205s] Level 1:colcon.colcon_core.package_identification:_identify(.) by extensions ['ignore', 'ignore_ament_install']
[0.205s] Level 1:colcon.colcon_core.package_identification:_identify(.) by extension 'ignore'
[0.205s] Level 1:colcon.colcon_core.package_identification:_identify(.) by extension 'ignore_ament_install'
[0.205s] Level 1:colcon.colcon_core.package_identification:_identify(.) by extensions ['colcon_pkg']
[0.205s] Level 1:colcon.colcon_core.package_identification:_identify(.) by extension 'colcon_pkg'
[0.205s] Level 1:colcon.colcon_core.package_identification:_identify(.) by extensions ['colcon_meta']
[0.205s] Level 1:colcon.colcon_core.package_identification:_identify(.) by extension 'colcon_meta'
[0.205s] Level 1:colcon.colcon_core.package_identification:_identify(.) by extensions ['ament_gradle']
[0.205s] Level 1:colcon.colcon_core.package_identification:_identify(.) by extension 'ament_gradle'
[0.205s] Level 1:colcon.colcon_core.package_identification:_identify(.) by extensions ['ros']
[0.205s] Level 1:colcon.colcon_core.package_identification:_identify(.) by extension 'ros'
[0.222s] Level 1:colcon.colcon_core.package_identification:_identify(.) by extensions ['cmake', 'gradle', 'python']
[0.222s] Level 1:colcon.colcon_core.package_identification:_identify(.) by extension 'cmake'
[0.222s] Level 1:colcon.colcon_core.package_identification:_identify(.) by extension 'gradle'
[0.222s] Level 1:colcon.colcon_core.package_identification:_identify(.) by extension 'python'
[0.222s] Level 1:colcon.colcon_core.package_identification:_identify(.) by extensions ['python_setup_py']
[0.222s] Level 1:colcon.colcon_core.package_identification:_identify(.) by extension 'python_setup_py'
[0.223s] Level 1:colcon.colcon_core.package_identification:_identify(build) by extensions ['ignore', 'ignore_ament_install']
[0.223s] Level 1:colcon.colcon_core.package_identification:_identify(build) by extension 'ignore'
[0.223s] Level 1:colcon.colcon_core.package_identification:_identify(build) ignored
[0.223s] Level 1:colcon.colcon_core.package_identification:_identify(imgs) by extensions ['ignore', 'ignore_ament_install']
[0.223s] Level 1:colcon.colcon_core.package_identification:_identify(imgs) by extension 'ignore'
[0.223s] Level 1:colcon.colcon_core.package_identification:_identify(imgs) by extension 'ignore_ament_install'
[0.223s] Level 1:colcon.colcon_core.package_identification:_identify(imgs) by extensions ['colcon_pkg']
[0.223s] Level 1:colcon.colcon_core.package_identification:_identify(imgs) by extension 'colcon_pkg'
[0.223s] Level 1:colcon.colcon_core.package_identification:_identify(imgs) by extensions ['colcon_meta']
[0.223s] Level 1:colcon.colcon_core.package_identification:_identify(imgs) by extension 'colcon_meta'
[0.224s] Level 1:colcon.colcon_core.package_identification:_identify(imgs) by extensions ['ament_gradle']
[0.224s] Level 1:colcon.colcon_core.package_identification:_identify(imgs) by extension 'ament_gradle'
[0.224s] Level 1:colcon.colcon_core.package_identification:_identify(imgs) by extensions ['ros']
[0.224s] Level 1:colcon.colcon_core.package_identification:_identify(imgs) by extension 'ros'
[0.224s] Level 1:colcon.colcon_core.package_identification:_identify(imgs) by extensions ['cmake', 'gradle', 'python']
[0.224s] Level 1:colcon.colcon_core.package_identification:_identify(imgs) by extension 'cmake'
[0.224s] Level 1:colcon.colcon_core.package_identification:_identify(imgs) by extension 'gradle'
[0.224s] Level 1:colcon.colcon_core.package_identification:_identify(imgs) by extension 'python'
[0.224s] Level 1:colcon.colcon_core.package_identification:_identify(imgs) by extensions ['python_setup_py']
[0.224s] Level 1:colcon.colcon_core.package_identification:_identify(imgs) by extension 'python_setup_py'
[0.224s] Level 1:colcon.colcon_core.package_identification:_identify(install) by extensions ['ignore', 'ignore_ament_install']
[0.224s] Level 1:colcon.colcon_core.package_identification:_identify(install) by extension 'ignore'
[0.224s] Level 1:colcon.colcon_core.package_identification:_identify(install) ignored
[0.224s] Level 1:colcon.colcon_core.package_identification:_identify(log) by extensions ['ignore', 'ignore_ament_install']
[0.224s] Level 1:colcon.colcon_core.package_identification:_identify(log) by extension 'ignore'
[0.224s] Level 1:colcon.colcon_core.package_identification:_identify(log) ignored
[0.224s] Level 1:colcon.colcon_core.package_identification:_identify(logs) by extensions ['ignore', 'ignore_ament_install']
[0.224s] Level 1:colcon.colcon_core.package_identification:_identify(logs) by extension 'ignore'
[0.225s] Level 1:colcon.colcon_core.package_identification:_identify(logs) by extension 'ignore_ament_install'
[0.225s] Level 1:colcon.colcon_core.package_identification:_identify(logs) by extensions ['colcon_pkg']
[0.225s] Level 1:colcon.colcon_core.package_identification:_identify(logs) by extension 'colcon_pkg'
[0.225s] Level 1:colcon.colcon_core.package_identification:_identify(logs) by extensions ['colcon_meta']
[0.225s] Level 1:colcon.colcon_core.package_identification:_identify(logs) by extension 'colcon_meta'
[0.225s] Level 1:colcon.colcon_core.package_identification:_identify(logs) by extensions ['ament_gradle']
[0.225s] Level 1:colcon.colcon_core.package_identification:_identify(logs) by extension 'ament_gradle'
[0.225s] Level 1:colcon.colcon_core.package_identification:_identify(logs) by extensions ['ros']
[0.225s] Level 1:colcon.colcon_core.package_identification:_identify(logs) by extension 'ros'
[0.225s] Level 1:colcon.colcon_core.package_identification:_identify(logs) by extensions ['cmake', 'gradle', 'python']
[0.225s] Level 1:colcon.colcon_core.package_identification:_identify(logs) by extension 'cmake'
[0.225s] Level 1:colcon.colcon_core.package_identification:_identify(logs) by extension 'gradle'
[0.225s] Level 1:colcon.colcon_core.package_identification:_identify(logs) by extension 'python'
[0.225s] Level 1:colcon.colcon_core.package_identification:_identify(logs) by extensions ['python_setup_py']
[0.225s] Level 1:colcon.colcon_core.package_identification:_identify(logs) by extension 'python_setup_py'
[0.225s] Level 1:colcon.colcon_core.package_identification:_identify(logs/run_20250722_011221) by extensions ['ignore', 'ignore_ament_install']
[0.225s] Level 1:colcon.colcon_core.package_identification:_identify(logs/run_20250722_011221) by extension 'ignore'
[0.225s] Level 1:colcon.colcon_core.package_identification:_identify(logs/run_20250722_011221) by extension 'ignore_ament_install'
[0.225s] Level 1:colcon.colcon_core.package_identification:_identify(logs/run_20250722_011221) by extensions ['colcon_pkg']
[0.225s] Level 1:colcon.colcon_core.package_identification:_identify(logs/run_20250722_011221) by extension 'colcon_pkg'
[0.225s] Level 1:colcon.colcon_core.package_identification:_identify(logs/run_20250722_011221) by extensions ['colcon_meta']
[0.225s] Level 1:colcon.colcon_core.package_identification:_identify(logs/run_20250722_011221) by extension 'colcon_meta'
[0.225s] Level 1:colcon.colcon_core.package_identification:_identify(logs/run_20250722_011221) by extensions ['ament_gradle']
[0.225s] Level 1:colcon.colcon_core.package_identification:_identify(logs/run_20250722_011221) by extension 'ament_gradle'
[0.225s] Level 1:colcon.colcon_core.package_identification:_identify(logs/run_20250722_011221) by extensions ['ros']
[0.225s] Level 1:colcon.colcon_core.package_identification:_identify(logs/run_20250722_011221) by extension 'ros'
[0.225s] Level 1:colcon.colcon_core.package_identification:_identify(logs/run_20250722_011221) by extensions ['cmake', 'gradle', 'python']
[0.225s] Level 1:colcon.colcon_core.package_identification:_identify(logs/run_20250722_011221) by extension 'cmake'
[0.226s] Level 1:colcon.colcon_core.package_identification:_identify(logs/run_20250722_011221) by extension 'gradle'
[0.226s] Level 1:colcon.colcon_core.package_identification:_identify(logs/run_20250722_011221) by extension 'python'
[0.226s] Level 1:colcon.colcon_core.package_identification:_identify(logs/run_20250722_011221) by extensions ['python_setup_py']
[0.226s] Level 1:colcon.colcon_core.package_identification:_identify(logs/run_20250722_011221) by extension 'python_setup_py'
[0.226s] Level 1:colcon.colcon_core.package_identification:_identify(logs/run_20250722_011221/grad_norms) by extensions ['ignore', 'ignore_ament_install']
[0.226s] Level 1:colcon.colcon_core.package_identification:_identify(logs/run_20250722_011221/grad_norms) by extension 'ignore'
[0.226s] Level 1:colcon.colcon_core.package_identification:_identify(logs/run_20250722_011221/grad_norms) by extension 'ignore_ament_install'
[0.226s] Level 1:colcon.colcon_core.package_identification:_identify(logs/run_20250722_011221/grad_norms) by extensions ['colcon_pkg']
[0.226s] Level 1:colcon.colcon_core.package_identification:_identify(logs/run_20250722_011221/grad_norms) by extension 'colcon_pkg'
[0.226s] Level 1:colcon.colcon_core.package_identification:_identify(logs/run_20250722_011221/grad_norms) by extensions ['colcon_meta']
[0.226s] Level 1:colcon.colcon_core.package_identification:_identify(logs/run_20250722_011221/grad_norms) by extension 'colcon_meta'
[0.226s] Level 1:colcon.colcon_core.package_identification:_identify(logs/run_20250722_011221/grad_norms) by extensions ['ament_gradle']
[0.226s] Level 1:colcon.colcon_core.package_identification:_identify(logs/run_20250722_011221/grad_norms) by extension 'ament_gradle'
[0.226s] Level 1:colcon.colcon_core.package_identification:_identify(logs/run_20250722_011221/grad_norms) by extensions ['ros']
[0.226s] Level 1:colcon.colcon_core.package_identification:_identify(logs/run_20250722_011221/grad_norms) by extension 'ros'
[0.226s] Level 1:colcon.colcon_core.package_identification:_identify(logs/run_20250722_011221/grad_norms) by extensions ['cmake', 'gradle', 'python']
[0.226s] Level 1:colcon.colcon_core.package_identification:_identify(logs/run_20250722_011221/grad_norms) by extension 'cmake'
[0.226s] Level 1:colcon.colcon_core.package_identification:_identify(logs/run_20250722_011221/grad_norms) by extension 'gradle'
[0.226s] Level 1:colcon.colcon_core.package_identification:_identify(logs/run_20250722_011221/grad_norms) by extension 'python'
[0.226s] Level 1:colcon.colcon_core.package_identification:_identify(logs/run_20250722_011221/grad_norms) by extensions ['python_setup_py']
[0.226s] Level 1:colcon.colcon_core.package_identification:_identify(logs/run_20250722_011221/grad_norms) by extension 'python_setup_py'
[0.226s] Level 1:colcon.colcon_core.package_identification:_identify(logs/run_20250722_013429) by extensions ['ignore', 'ignore_ament_install']
[0.226s] Level 1:colcon.colcon_core.package_identification:_identify(logs/run_20250722_013429) by extension 'ignore'
[0.226s] Level 1:colcon.colcon_core.package_identification:_identify(logs/run_20250722_013429) by extension 'ignore_ament_install'
[0.227s] Level 1:colcon.colcon_core.package_identification:_identify(logs/run_20250722_013429) by extensions ['colcon_pkg']
[0.227s] Level 1:colcon.colcon_core.package_identification:_identify(logs/run_20250722_013429) by extension 'colcon_pkg'
[0.227s] Level 1:colcon.colcon_core.package_identification:_identify(logs/run_20250722_013429) by extensions ['colcon_meta']
[0.227s] Level 1:colcon.colcon_core.package_identification:_identify(logs/run_20250722_013429) by extension 'colcon_meta'
[0.227s] Level 1:colcon.colcon_core.package_identification:_identify(logs/run_20250722_013429) by extensions ['ament_gradle']
[0.227s] Level 1:colcon.colcon_core.package_identification:_identify(logs/run_20250722_013429) by extension 'ament_gradle'
[0.227s] Level 1:colcon.colcon_core.package_identification:_identify(logs/run_20250722_013429) by extensions ['ros']
[0.227s] Level 1:colcon.colcon_core.package_identification:_identify(logs/run_20250722_013429) by extension 'ros'
[0.227s] Level 1:colcon.colcon_core.package_identification:_identify(logs/run_20250722_013429) by extensions ['cmake', 'gradle', 'python']
[0.227s] Level 1:colcon.colcon_core.package_identification:_identify(logs/run_20250722_013429) by extension 'cmake'
[0.227s] Level 1:colcon.colcon_core.package_identification:_identify(logs/run_20250722_013429) by extension 'gradle'
[0.227s] Level 1:colcon.colcon_core.package_identification:_identify(logs/run_20250722_013429) by extension 'python'
[0.227s] Level 1:colcon.colcon_core.package_identification:_identify(logs/run_20250722_013429) by extensions ['python_setup_py']
[0.227s] Level 1:colcon.colcon_core.package_identification:_identify(logs/run_20250722_013429) by extension 'python_setup_py'
[0.227s] Level 1:colcon.colcon_core.package_identification:_identify(logs/run_20250722_013429/grad_norms) by extensions ['ignore', 'ignore_ament_install']
[0.227s] Level 1:colcon.colcon_core.package_identification:_identify(logs/run_20250722_013429/grad_norms) by extension 'ignore'
[0.227s] Level 1:colcon.colcon_core.package_identification:_identify(logs/run_20250722_013429/grad_norms) by extension 'ignore_ament_install'
[0.227s] Level 1:colcon.colcon_core.package_identification:_identify(logs/run_20250722_013429/grad_norms) by extensions ['colcon_pkg']
[0.227s] Level 1:colcon.colcon_core.package_identification:_identify(logs/run_20250722_013429/grad_norms) by extension 'colcon_pkg'
[0.227s] Level 1:colcon.colcon_core.package_identification:_identify(logs/run_20250722_013429/grad_norms) by extensions ['colcon_meta']
[0.227s] Level 1:colcon.colcon_core.package_identification:_identify(logs/run_20250722_013429/grad_norms) by extension 'colcon_meta'
[0.227s] Level 1:colcon.colcon_core.package_identification:_identify(logs/run_20250722_013429/grad_norms) by extensions ['ament_gradle']
[0.227s] Level 1:colcon.colcon_core.package_identification:_identify(logs/run_20250722_013429/grad_norms) by extension 'ament_gradle'
[0.227s] Level 1:colcon.colcon_core.package_identification:_identify(logs/run_20250722_013429/grad_norms) by extensions ['ros']
[0.227s] Level 1:colcon.colcon_core.package_identification:_identify(logs/run_20250722_013429/grad_norms) by extension 'ros'
[0.227s] Level 1:colcon.colcon_core.package_identification:_identify(logs/run_20250722_013429/grad_norms) by extensions ['cmake', 'gradle', 'python']
[0.228s] Level 1:colcon.colcon_core.package_identification:_identify(logs/run_20250722_013429/grad_norms) by extension 'cmake'
[0.228s] Level 1:colcon.colcon_core.package_identification:_identify(logs/run_20250722_013429/grad_norms) by extension 'gradle'
[0.228s] Level 1:colcon.colcon_core.package_identification:_identify(logs/run_20250722_013429/grad_norms) by extension 'python'
[0.228s] Level 1:colcon.colcon_core.package_identification:_identify(logs/run_20250722_013429/grad_norms) by extensions ['python_setup_py']
[0.228s] Level 1:colcon.colcon_core.package_identification:_identify(logs/run_20250722_013429/grad_norms) by extension 'python_setup_py'
[0.228s] Level 1:colcon.colcon_core.package_identification:_identify(logs/run_20250722_092644) by extensions ['ignore', 'ignore_ament_install']
[0.228s] Level 1:colcon.colcon_core.package_identification:_identify(logs/run_20250722_092644) by extension 'ignore'
[0.228s] Level 1:colcon.colcon_core.package_identification:_identify(logs/run_20250722_092644) by extension 'ignore_ament_install'
[0.228s] Level 1:colcon.colcon_core.package_identification:_identify(logs/run_20250722_092644) by extensions ['colcon_pkg']
[0.228s] Level 1:colcon.colcon_core.package_identification:_identify(logs/run_20250722_092644) by extension 'colcon_pkg'
[0.228s] Level 1:colcon.colcon_core.package_identification:_identify(logs/run_20250722_092644) by extensions ['colcon_meta']
[0.228s] Level 1:colcon.colcon_core.package_identification:_identify(logs/run_20250722_092644) by extension 'colcon_meta'
[0.228s] Level 1:colcon.colcon_core.package_identification:_identify(logs/run_20250722_092644) by extensions ['ament_gradle']
[0.228s] Level 1:colcon.colcon_core.package_identification:_identify(logs/run_20250722_092644) by extension 'ament_gradle'
[0.228s] Level 1:colcon.colcon_core.package_identification:_identify(logs/run_20250722_092644) by extensions ['ros']
[0.228s] Level 1:colcon.colcon_core.package_identification:_identify(logs/run_20250722_092644) by extension 'ros'
[0.228s] Level 1:colcon.colcon_core.package_identification:_identify(logs/run_20250722_092644) by extensions ['cmake', 'gradle', 'python']
[0.228s] Level 1:colcon.colcon_core.package_identification:_identify(logs/run_20250722_092644) by extension 'cmake'
[0.228s] Level 1:colcon.colcon_core.package_identification:_identify(logs/run_20250722_092644) by extension 'gradle'
[0.228s] Level 1:colcon.colcon_core.package_identification:_identify(logs/run_20250722_092644) by extension 'python'
[0.228s] Level 1:colcon.colcon_core.package_identification:_identify(logs/run_20250722_092644) by extensions ['python_setup_py']
[0.228s] Level 1:colcon.colcon_core.package_identification:_identify(logs/run_20250722_092644) by extension 'python_setup_py'
[0.228s] Level 1:colcon.colcon_core.package_identification:_identify(logs/run_20250722_092644/grad_norms) by extensions ['ignore', 'ignore_ament_install']
[0.228s] Level 1:colcon.colcon_core.package_identification:_identify(logs/run_20250722_092644/grad_norms) by extension 'ignore'
[0.229s] Level 1:colcon.colcon_core.package_identification:_identify(logs/run_20250722_092644/grad_norms) by extension 'ignore_ament_install'
[0.229s] Level 1:colcon.colcon_core.package_identification:_identify(logs/run_20250722_092644/grad_norms) by extensions ['colcon_pkg']
[0.229s] Level 1:colcon.colcon_core.package_identification:_identify(logs/run_20250722_092644/grad_norms) by extension 'colcon_pkg'
[0.229s] Level 1:colcon.colcon_core.package_identification:_identify(logs/run_20250722_092644/grad_norms) by extensions ['colcon_meta']
[0.229s] Level 1:colcon.colcon_core.package_identification:_identify(logs/run_20250722_092644/grad_norms) by extension 'colcon_meta'
[0.229s] Level 1:colcon.colcon_core.package_identification:_identify(logs/run_20250722_092644/grad_norms) by extensions ['ament_gradle']
[0.229s] Level 1:colcon.colcon_core.package_identification:_identify(logs/run_20250722_092644/grad_norms) by extension 'ament_gradle'
[0.229s] Level 1:colcon.colcon_core.package_identification:_identify(logs/run_20250722_092644/grad_norms) by extensions ['ros']
[0.229s] Level 1:colcon.colcon_core.package_identification:_identify(logs/run_20250722_092644/grad_norms) by extension 'ros'
[0.229s] Level 1:colcon.colcon_core.package_identification:_identify(logs/run_20250722_092644/grad_norms) by extensions ['cmake', 'gradle', 'python']
[0.229s] Level 1:colcon.colcon_core.package_identification:_identify(logs/run_20250722_092644/grad_norms) by extension 'cmake'
[0.229s] Level 1:colcon.colcon_core.package_identification:_identify(logs/run_20250722_092644/grad_norms) by extension 'gradle'
[0.229s] Level 1:colcon.colcon_core.package_identification:_identify(logs/run_20250722_092644/grad_norms) by extension 'python'
[0.229s] Level 1:colcon.colcon_core.package_identification:_identify(logs/run_20250722_092644/grad_norms) by extensions ['python_setup_py']
[0.229s] Level 1:colcon.colcon_core.package_identification:_identify(logs/run_20250722_092644/grad_norms) by extension 'python_setup_py'
[0.229s] Level 1:colcon.colcon_core.package_identification:_identify(models) by extensions ['ignore', 'ignore_ament_install']
[0.229s] Level 1:colcon.colcon_core.package_identification:_identify(models) by extension 'ignore'
[0.229s] Level 1:colcon.colcon_core.package_identification:_identify(models) by extension 'ignore_ament_install'
[0.229s] Level 1:colcon.colcon_core.package_identification:_identify(models) by extensions ['colcon_pkg']
[0.229s] Level 1:colcon.colcon_core.package_identification:_identify(models) by extension 'colcon_pkg'
[0.229s] Level 1:colcon.colcon_core.package_identification:_identify(models) by extensions ['colcon_meta']
[0.229s] Level 1:colcon.colcon_core.package_identification:_identify(models) by extension 'colcon_meta'
[0.229s] Level 1:colcon.colcon_core.package_identification:_identify(models) by extensions ['ament_gradle']
[0.229s] Level 1:colcon.colcon_core.package_identification:_identify(models) by extension 'ament_gradle'
[0.229s] Level 1:colcon.colcon_core.package_identification:_identify(models) by extensions ['ros']
[0.229s] Level 1:colcon.colcon_core.package_identification:_identify(models) by extension 'ros'
[0.229s] Level 1:colcon.colcon_core.package_identification:_identify(models) by extensions ['cmake', 'gradle', 'python']
[0.229s] Level 1:colcon.colcon_core.package_identification:_identify(models) by extension 'cmake'
[0.230s] Level 1:colcon.colcon_core.package_identification:_identify(models) by extension 'gradle'
[0.230s] Level 1:colcon.colcon_core.package_identification:_identify(models) by extension 'python'
[0.230s] Level 1:colcon.colcon_core.package_identification:_identify(models) by extensions ['python_setup_py']
[0.230s] Level 1:colcon.colcon_core.package_identification:_identify(models) by extension 'python_setup_py'
[0.230s] Level 1:colcon.colcon_core.package_identification:_identify(models/easy_world1) by extensions ['ignore', 'ignore_ament_install']
[0.230s] Level 1:colcon.colcon_core.package_identification:_identify(models/easy_world1) by extension 'ignore'
[0.230s] Level 1:colcon.colcon_core.package_identification:_identify(models/easy_world1) by extension 'ignore_ament_install'
[0.230s] Level 1:colcon.colcon_core.package_identification:_identify(models/easy_world1) by extensions ['colcon_pkg']
[0.230s] Level 1:colcon.colcon_core.package_identification:_identify(models/easy_world1) by extension 'colcon_pkg'
[0.230s] Level 1:colcon.colcon_core.package_identification:_identify(models/easy_world1) by extensions ['colcon_meta']
[0.230s] Level 1:colcon.colcon_core.package_identification:_identify(models/easy_world1) by extension 'colcon_meta'
[0.230s] Level 1:colcon.colcon_core.package_identification:_identify(models/easy_world1) by extensions ['ament_gradle']
[0.230s] Level 1:colcon.colcon_core.package_identification:_identify(models/easy_world1) by extension 'ament_gradle'
[0.230s] Level 1:colcon.colcon_core.package_identification:_identify(models/easy_world1) by extensions ['ros']
[0.230s] Level 1:colcon.colcon_core.package_identification:_identify(models/easy_world1) by extension 'ros'
[0.230s] Level 1:colcon.colcon_core.package_identification:_identify(models/easy_world1) by extensions ['cmake', 'gradle', 'python']
[0.230s] Level 1:colcon.colcon_core.package_identification:_identify(models/easy_world1) by extension 'cmake'
[0.230s] Level 1:colcon.colcon_core.package_identification:_identify(models/easy_world1) by extension 'gradle'
[0.230s] Level 1:colcon.colcon_core.package_identification:_identify(models/easy_world1) by extension 'python'
[0.230s] Level 1:colcon.colcon_core.package_identification:_identify(models/easy_world1) by extensions ['python_setup_py']
[0.230s] Level 1:colcon.colcon_core.package_identification:_identify(models/easy_world1) by extension 'python_setup_py'
[0.230s] Level 1:colcon.colcon_core.package_identification:_identify(models/easy_world1/media) by extensions ['ignore', 'ignore_ament_install']
[0.230s] Level 1:colcon.colcon_core.package_identification:_identify(models/easy_world1/media) by extension 'ignore'
[0.230s] Level 1:colcon.colcon_core.package_identification:_identify(models/easy_world1/media) by extension 'ignore_ament_install'
[0.230s] Level 1:colcon.colcon_core.package_identification:_identify(models/easy_world1/media) by extensions ['colcon_pkg']
[0.230s] Level 1:colcon.colcon_core.package_identification:_identify(models/easy_world1/media) by extension 'colcon_pkg'
[0.230s] Level 1:colcon.colcon_core.package_identification:_identify(models/easy_world1/media) by extensions ['colcon_meta']
[0.231s] Level 1:colcon.colcon_core.package_identification:_identify(models/easy_world1/media) by extension 'colcon_meta'
[0.231s] Level 1:colcon.colcon_core.package_identification:_identify(models/easy_world1/media) by extensions ['ament_gradle']
[0.231s] Level 1:colcon.colcon_core.package_identification:_identify(models/easy_world1/media) by extension 'ament_gradle'
[0.231s] Level 1:colcon.colcon_core.package_identification:_identify(models/easy_world1/media) by extensions ['ros']
[0.231s] Level 1:colcon.colcon_core.package_identification:_identify(models/easy_world1/media) by extension 'ros'
[0.231s] Level 1:colcon.colcon_core.package_identification:_identify(models/easy_world1/media) by extensions ['cmake', 'gradle', 'python']
[0.231s] Level 1:colcon.colcon_core.package_identification:_identify(models/easy_world1/media) by extension 'cmake'
[0.231s] Level 1:colcon.colcon_core.package_identification:_identify(models/easy_world1/media) by extension 'gradle'
[0.231s] Level 1:colcon.colcon_core.package_identification:_identify(models/easy_world1/media) by extension 'python'
[0.231s] Level 1:colcon.colcon_core.package_identification:_identify(models/easy_world1/media) by extensions ['python_setup_py']
[0.231s] Level 1:colcon.colcon_core.package_identification:_identify(models/easy_world1/media) by extension 'python_setup_py'
[0.231s] Level 1:colcon.colcon_core.package_identification:_identify(models/easy_world1/media/Textures) by extensions ['ignore', 'ignore_ament_install']
[0.231s] Level 1:colcon.colcon_core.package_identification:_identify(models/easy_world1/media/Textures) by extension 'ignore'
[0.231s] Level 1:colcon.colcon_core.package_identification:_identify(models/easy_world1/media/Textures) by extension 'ignore_ament_install'
[0.231s] Level 1:colcon.colcon_core.package_identification:_identify(models/easy_world1/media/Textures) by extensions ['colcon_pkg']
[0.231s] Level 1:colcon.colcon_core.package_identification:_identify(models/easy_world1/media/Textures) by extension 'colcon_pkg'
[0.231s] Level 1:colcon.colcon_core.package_identification:_identify(models/easy_world1/media/Textures) by extensions ['colcon_meta']
[0.231s] Level 1:colcon.colcon_core.package_identification:_identify(models/easy_world1/media/Textures) by extension 'colcon_meta'
[0.231s] Level 1:colcon.colcon_core.package_identification:_identify(models/easy_world1/media/Textures) by extensions ['ament_gradle']
[0.231s] Level 1:colcon.colcon_core.package_identification:_identify(models/easy_world1/media/Textures) by extension 'ament_gradle'
[0.231s] Level 1:colcon.colcon_core.package_identification:_identify(models/easy_world1/media/Textures) by extensions ['ros']
[0.231s] Level 1:colcon.colcon_core.package_identification:_identify(models/easy_world1/media/Textures) by extension 'ros'
[0.231s] Level 1:colcon.colcon_core.package_identification:_identify(models/easy_world1/media/Textures) by extensions ['cmake', 'gradle', 'python']
[0.232s] Level 1:colcon.colcon_core.package_identification:_identify(models/easy_world1/media/Textures) by extension 'cmake'
[0.232s] Level 1:colcon.colcon_core.package_identification:_identify(models/easy_world1/media/Textures) by extension 'gradle'
[0.232s] Level 1:colcon.colcon_core.package_identification:_identify(models/easy_world1/media/Textures) by extension 'python'
[0.232s] Level 1:colcon.colcon_core.package_identification:_identify(models/easy_world1/media/Textures) by extensions ['python_setup_py']
[0.232s] Level 1:colcon.colcon_core.package_identification:_identify(models/easy_world1/media/Textures) by extension 'python_setup_py'
[0.232s] Level 1:colcon.colcon_core.package_identification:_identify(models/easy_world1/media/scripts) by extensions ['ignore', 'ignore_ament_install']
[0.232s] Level 1:colcon.colcon_core.package_identification:_identify(models/easy_world1/media/scripts) by extension 'ignore'
[0.232s] Level 1:colcon.colcon_core.package_identification:_identify(models/easy_world1/media/scripts) by extension 'ignore_ament_install'
[0.232s] Level 1:colcon.colcon_core.package_identification:_identify(models/easy_world1/media/scripts) by extensions ['colcon_pkg']
[0.232s] Level 1:colcon.colcon_core.package_identification:_identify(models/easy_world1/media/scripts) by extension 'colcon_pkg'
[0.232s] Level 1:colcon.colcon_core.package_identification:_identify(models/easy_world1/media/scripts) by extensions ['colcon_meta']
[0.232s] Level 1:colcon.colcon_core.package_identification:_identify(models/easy_world1/media/scripts) by extension 'colcon_meta'
[0.232s] Level 1:colcon.colcon_core.package_identification:_identify(models/easy_world1/media/scripts) by extensions ['ament_gradle']
[0.232s] Level 1:colcon.colcon_core.package_identification:_identify(models/easy_world1/media/scripts) by extension 'ament_gradle'
[0.232s] Level 1:colcon.colcon_core.package_identification:_identify(models/easy_world1/media/scripts) by extensions ['ros']
[0.232s] Level 1:colcon.colcon_core.package_identification:_identify(models/easy_world1/media/scripts) by extension 'ros'
[0.232s] Level 1:colcon.colcon_core.package_identification:_identify(models/easy_world1/media/scripts) by extensions ['cmake', 'gradle', 'python']
[0.232s] Level 1:colcon.colcon_core.package_identification:_identify(models/easy_world1/media/scripts) by extension 'cmake'
[0.233s] Level 1:colcon.colcon_core.package_identification:_identify(models/easy_world1/media/scripts) by extension 'gradle'
[0.233s] Level 1:colcon.colcon_core.package_identification:_identify(models/easy_world1/media/scripts) by extension 'python'
[0.233s] Level 1:colcon.colcon_core.package_identification:_identify(models/easy_world1/media/scripts) by extensions ['python_setup_py']
[0.233s] Level 1:colcon.colcon_core.package_identification:_identify(models/easy_world1/media/scripts) by extension 'python_setup_py'
[0.233s] Level 1:colcon.colcon_core.package_identification:_identify(models/easy_world1_1) by extensions ['ignore', 'ignore_ament_install']
[0.233s] Level 1:colcon.colcon_core.package_identification:_identify(models/easy_world1_1) by extension 'ignore'
[0.233s] Level 1:colcon.colcon_core.package_identification:_identify(models/easy_world1_1) by extension 'ignore_ament_install'
[0.233s] Level 1:colcon.colcon_core.package_identification:_identify(models/easy_world1_1) by extensions ['colcon_pkg']
[0.233s] Level 1:colcon.colcon_core.package_identification:_identify(models/easy_world1_1) by extension 'colcon_pkg'
[0.233s] Level 1:colcon.colcon_core.package_identification:_identify(models/easy_world1_1) by extensions ['colcon_meta']
[0.233s] Level 1:colcon.colcon_core.package_identification:_identify(models/easy_world1_1) by extension 'colcon_meta'
[0.233s] Level 1:colcon.colcon_core.package_identification:_identify(models/easy_world1_1) by extensions ['ament_gradle']
[0.233s] Level 1:colcon.colcon_core.package_identification:_identify(models/easy_world1_1) by extension 'ament_gradle'
[0.233s] Level 1:colcon.colcon_core.package_identification:_identify(models/easy_world1_1) by extensions ['ros']
[0.233s] Level 1:colcon.colcon_core.package_identification:_identify(models/easy_world1_1) by extension 'ros'
[0.233s] Level 1:colcon.colcon_core.package_identification:_identify(models/easy_world1_1) by extensions ['cmake', 'gradle', 'python']
[0.233s] Level 1:colcon.colcon_core.package_identification:_identify(models/easy_world1_1) by extension 'cmake'
[0.233s] Level 1:colcon.colcon_core.package_identification:_identify(models/easy_world1_1) by extension 'gradle'
[0.234s] Level 1:colcon.colcon_core.package_identification:_identify(models/easy_world1_1) by extension 'python'
[0.234s] Level 1:colcon.colcon_core.package_identification:_identify(models/easy_world1_1) by extensions ['python_setup_py']
[0.234s] Level 1:colcon.colcon_core.package_identification:_identify(models/easy_world1_1) by extension 'python_setup_py'
[0.234s] Level 1:colcon.colcon_core.package_identification:_identify(models/easy_world1_1/media) by extensions ['ignore', 'ignore_ament_install']
[0.234s] Level 1:colcon.colcon_core.package_identification:_identify(models/easy_world1_1/media) by extension 'ignore'
[0.234s] Level 1:colcon.colcon_core.package_identification:_identify(models/easy_world1_1/media) by extension 'ignore_ament_install'
[0.234s] Level 1:colcon.colcon_core.package_identification:_identify(models/easy_world1_1/media) by extensions ['colcon_pkg']
[0.234s] Level 1:colcon.colcon_core.package_identification:_identify(models/easy_world1_1/media) by extension 'colcon_pkg'
[0.234s] Level 1:colcon.colcon_core.package_identification:_identify(models/easy_world1_1/media) by extensions ['colcon_meta']
[0.234s] Level 1:colcon.colcon_core.package_identification:_identify(models/easy_world1_1/media) by extension 'colcon_meta'
[0.234s] Level 1:colcon.colcon_core.package_identification:_identify(models/easy_world1_1/media) by extensions ['ament_gradle']
[0.234s] Level 1:colcon.colcon_core.package_identification:_identify(models/easy_world1_1/media) by extension 'ament_gradle'
[0.234s] Level 1:colcon.colcon_core.package_identification:_identify(models/easy_world1_1/media) by extensions ['ros']
[0.234s] Level 1:colcon.colcon_core.package_identification:_identify(models/easy_world1_1/media) by extension 'ros'
[0.234s] Level 1:colcon.colcon_core.package_identification:_identify(models/easy_world1_1/media) by extensions ['cmake', 'gradle', 'python']
[0.234s] Level 1:colcon.colcon_core.package_identification:_identify(models/easy_world1_1/media) by extension 'cmake'
[0.234s] Level 1:colcon.colcon_core.package_identification:_identify(models/easy_world1_1/media) by extension 'gradle'
[0.234s] Level 1:colcon.colcon_core.package_identification:_identify(models/easy_world1_1/media) by extension 'python'
[0.235s] Level 1:colcon.colcon_core.package_identification:_identify(models/easy_world1_1/media) by extensions ['python_setup_py']
[0.235s] Level 1:colcon.colcon_core.package_identification:_identify(models/easy_world1_1/media) by extension 'python_setup_py'
[0.235s] Level 1:colcon.colcon_core.package_identification:_identify(models/easy_world1_1/media/Textures) by extensions ['ignore', 'ignore_ament_install']
[0.235s] Level 1:colcon.colcon_core.package_identification:_identify(models/easy_world1_1/media/Textures) by extension 'ignore'
[0.235s] Level 1:colcon.colcon_core.package_identification:_identify(models/easy_world1_1/media/Textures) by extension 'ignore_ament_install'
[0.235s] Level 1:colcon.colcon_core.package_identification:_identify(models/easy_world1_1/media/Textures) by extensions ['colcon_pkg']
[0.235s] Level 1:colcon.colcon_core.package_identification:_identify(models/easy_world1_1/media/Textures) by extension 'colcon_pkg'
[0.235s] Level 1:colcon.colcon_core.package_identification:_identify(models/easy_world1_1/media/Textures) by extensions ['colcon_meta']
[0.235s] Level 1:colcon.colcon_core.package_identification:_identify(models/easy_world1_1/media/Textures) by extension 'colcon_meta'
[0.235s] Level 1:colcon.colcon_core.package_identification:_identify(models/easy_world1_1/media/Textures) by extensions ['ament_gradle']
[0.235s] Level 1:colcon.colcon_core.package_identification:_identify(models/easy_world1_1/media/Textures) by extension 'ament_gradle'
[0.235s] Level 1:colcon.colcon_core.package_identification:_identify(models/easy_world1_1/media/Textures) by extensions ['ros']
[0.235s] Level 1:colcon.colcon_core.package_identification:_identify(models/easy_world1_1/media/Textures) by extension 'ros'
[0.235s] Level 1:colcon.colcon_core.package_identification:_identify(models/easy_world1_1/media/Textures) by extensions ['cmake', 'gradle', 'python']
[0.235s] Level 1:colcon.colcon_core.package_identification:_identify(models/easy_world1_1/media/Textures) by extension 'cmake'
[0.235s] Level 1:colcon.colcon_core.package_identification:_identify(models/easy_world1_1/media/Textures) by extension 'gradle'
[0.236s] Level 1:colcon.colcon_core.package_identification:_identify(models/easy_world1_1/media/Textures) by extension 'python'
[0.236s] Level 1:colcon.colcon_core.package_identification:_identify(models/easy_world1_1/media/Textures) by extensions ['python_setup_py']
[0.236s] Level 1:colcon.colcon_core.package_identification:_identify(models/easy_world1_1/media/Textures) by extension 'python_setup_py'
[0.236s] Level 1:colcon.colcon_core.package_identification:_identify(models/easy_world1_1/media/scripts) by extensions ['ignore', 'ignore_ament_install']
[0.236s] Level 1:colcon.colcon_core.package_identification:_identify(models/easy_world1_1/media/scripts) by extension 'ignore'
[0.236s] Level 1:colcon.colcon_core.package_identification:_identify(models/easy_world1_1/media/scripts) by extension 'ignore_ament_install'
[0.236s] Level 1:colcon.colcon_core.package_identification:_identify(models/easy_world1_1/media/scripts) by extensions ['colcon_pkg']
[0.236s] Level 1:colcon.colcon_core.package_identification:_identify(models/easy_world1_1/media/scripts) by extension 'colcon_pkg'
[0.236s] Level 1:colcon.colcon_core.package_identification:_identify(models/easy_world1_1/media/scripts) by extensions ['colcon_meta']
[0.236s] Level 1:colcon.colcon_core.package_identification:_identify(models/easy_world1_1/media/scripts) by extension 'colcon_meta'
[0.236s] Level 1:colcon.colcon_core.package_identification:_identify(models/easy_world1_1/media/scripts) by extensions ['ament_gradle']
[0.236s] Level 1:colcon.colcon_core.package_identification:_identify(models/easy_world1_1/media/scripts) by extension 'ament_gradle'
[0.236s] Level 1:colcon.colcon_core.package_identification:_identify(models/easy_world1_1/media/scripts) by extensions ['ros']
[0.236s] Level 1:colcon.colcon_core.package_identification:_identify(models/easy_world1_1/media/scripts) by extension 'ros'
[0.236s] Level 1:colcon.colcon_core.package_identification:_identify(models/easy_world1_1/media/scripts) by extensions ['cmake', 'gradle', 'python']
[0.236s] Level 1:colcon.colcon_core.package_identification:_identify(models/easy_world1_1/media/scripts) by extension 'cmake'
[0.236s] Level 1:colcon.colcon_core.package_identification:_identify(models/easy_world1_1/media/scripts) by extension 'gradle'
[0.236s] Level 1:colcon.colcon_core.package_identification:_identify(models/easy_world1_1/media/scripts) by extension 'python'
[0.237s] Level 1:colcon.colcon_core.package_identification:_identify(models/easy_world1_1/media/scripts) by extensions ['python_setup_py']
[0.237s] Level 1:colcon.colcon_core.package_identification:_identify(models/easy_world1_1/media/scripts) by extension 'python_setup_py'
[0.237s] Level 1:colcon.colcon_core.package_identification:_identify(models/river_and_forest) by extensions ['ignore', 'ignore_ament_install']
[0.237s] Level 1:colcon.colcon_core.package_identification:_identify(models/river_and_forest) by extension 'ignore'
[0.237s] Level 1:colcon.colcon_core.package_identification:_identify(models/river_and_forest) by extension 'ignore_ament_install'
[0.237s] Level 1:colcon.colcon_core.package_identification:_identify(models/river_and_forest) by extensions ['colcon_pkg']
[0.237s] Level 1:colcon.colcon_core.package_identification:_identify(models/river_and_forest) by extension 'colcon_pkg'
[0.237s] Level 1:colcon.colcon_core.package_identification:_identify(models/river_and_forest) by extensions ['colcon_meta']
[0.237s] Level 1:colcon.colcon_core.package_identification:_identify(models/river_and_forest) by extension 'colcon_meta'
[0.237s] Level 1:colcon.colcon_core.package_identification:_identify(models/river_and_forest) by extensions ['ament_gradle']
[0.237s] Level 1:colcon.colcon_core.package_identification:_identify(models/river_and_forest) by extension 'ament_gradle'
[0.237s] Level 1:colcon.colcon_core.package_identification:_identify(models/river_and_forest) by extensions ['ros']
[0.237s] Level 1:colcon.colcon_core.package_identification:_identify(models/river_and_forest) by extension 'ros'
[0.237s] Level 1:colcon.colcon_core.package_identification:_identify(models/river_and_forest) by extensions ['cmake', 'gradle', 'python']
[0.237s] Level 1:colcon.colcon_core.package_identification:_identify(models/river_and_forest) by extension 'cmake'
[0.237s] Level 1:colcon.colcon_core.package_identification:_identify(models/river_and_forest) by extension 'gradle'
[0.237s] Level 1:colcon.colcon_core.package_identification:_identify(models/river_and_forest) by extension 'python'
[0.237s] Level 1:colcon.colcon_core.package_identification:_identify(models/river_and_forest) by extensions ['python_setup_py']
[0.237s] Level 1:colcon.colcon_core.package_identification:_identify(models/river_and_forest) by extension 'python_setup_py'
[0.238s] Level 1:colcon.colcon_core.package_identification:_identify(models/river_and_forest/media) by extensions ['ignore', 'ignore_ament_install']
[0.238s] Level 1:colcon.colcon_core.package_identification:_identify(models/river_and_forest/media) by extension 'ignore'
[0.238s] Level 1:colcon.colcon_core.package_identification:_identify(models/river_and_forest/media) by extension 'ignore_ament_install'
[0.238s] Level 1:colcon.colcon_core.package_identification:_identify(models/river_and_forest/media) by extensions ['colcon_pkg']
[0.238s] Level 1:colcon.colcon_core.package_identification:_identify(models/river_and_forest/media) by extension 'colcon_pkg'
[0.238s] Level 1:colcon.colcon_core.package_identification:_identify(models/river_and_forest/media) by extensions ['colcon_meta']
[0.238s] Level 1:colcon.colcon_core.package_identification:_identify(models/river_and_forest/media) by extension 'colcon_meta'
[0.238s] Level 1:colcon.colcon_core.package_identification:_identify(models/river_and_forest/media) by extensions ['ament_gradle']
[0.238s] Level 1:colcon.colcon_core.package_identification:_identify(models/river_and_forest/media) by extension 'ament_gradle'
[0.238s] Level 1:colcon.colcon_core.package_identification:_identify(models/river_and_forest/media) by extensions ['ros']
[0.238s] Level 1:colcon.colcon_core.package_identification:_identify(models/river_and_forest/media) by extension 'ros'
[0.238s] Level 1:colcon.colcon_core.package_identification:_identify(models/river_and_forest/media) by extensions ['cmake', 'gradle', 'python']
[0.238s] Level 1:colcon.colcon_core.package_identification:_identify(models/river_and_forest/media) by extension 'cmake'
[0.238s] Level 1:colcon.colcon_core.package_identification:_identify(models/river_and_forest/media) by extension 'gradle'
[0.238s] Level 1:colcon.colcon_core.package_identification:_identify(models/river_and_forest/media) by extension 'python'
[0.238s] Level 1:colcon.colcon_core.package_identification:_identify(models/river_and_forest/media) by extensions ['python_setup_py']
[0.238s] Level 1:colcon.colcon_core.package_identification:_identify(models/river_and_forest/media) by extension 'python_setup_py'
[0.239s] Level 1:colcon.colcon_core.package_identification:_identify(models/river_and_forest/media/Textures) by extensions ['ignore', 'ignore_ament_install']
[0.239s] Level 1:colcon.colcon_core.package_identification:_identify(models/river_and_forest/media/Textures) by extension 'ignore'
[0.239s] Level 1:colcon.colcon_core.package_identification:_identify(models/river_and_forest/media/Textures) by extension 'ignore_ament_install'
[0.239s] Level 1:colcon.colcon_core.package_identification:_identify(models/river_and_forest/media/Textures) by extensions ['colcon_pkg']
[0.239s] Level 1:colcon.colcon_core.package_identification:_identify(models/river_and_forest/media/Textures) by extension 'colcon_pkg'
[0.239s] Level 1:colcon.colcon_core.package_identification:_identify(models/river_and_forest/media/Textures) by extensions ['colcon_meta']
[0.239s] Level 1:colcon.colcon_core.package_identification:_identify(models/river_and_forest/media/Textures) by extension 'colcon_meta'
[0.239s] Level 1:colcon.colcon_core.package_identification:_identify(models/river_and_forest/media/Textures) by extensions ['ament_gradle']
[0.239s] Level 1:colcon.colcon_core.package_identification:_identify(models/river_and_forest/media/Textures) by extension 'ament_gradle'
[0.239s] Level 1:colcon.colcon_core.package_identification:_identify(models/river_and_forest/media/Textures) by extensions ['ros']
[0.239s] Level 1:colcon.colcon_core.package_identification:_identify(models/river_and_forest/media/Textures) by extension 'ros'
[0.239s] Level 1:colcon.colcon_core.package_identification:_identify(models/river_and_forest/media/Textures) by extensions ['cmake', 'gradle', 'python']
[0.239s] Level 1:colcon.colcon_core.package_identification:_identify(models/river_and_forest/media/Textures) by extension 'cmake'
[0.239s] Level 1:colcon.colcon_core.package_identification:_identify(models/river_and_forest/media/Textures) by extension 'gradle'
[0.239s] Level 1:colcon.colcon_core.package_identification:_identify(models/river_and_forest/media/Textures) by extension 'python'
[0.239s] Level 1:colcon.colcon_core.package_identification:_identify(models/river_and_forest/media/Textures) by extensions ['python_setup_py']
[0.239s] Level 1:colcon.colcon_core.package_identification:_identify(models/river_and_forest/media/Textures) by extension 'python_setup_py'
[0.240s] Level 1:colcon.colcon_core.package_identification:_identify(models/river_and_forest/media/scripts) by extensions ['ignore', 'ignore_ament_install']
[0.240s] Level 1:colcon.colcon_core.package_identification:_identify(models/river_and_forest/media/scripts) by extension 'ignore'
[0.240s] Level 1:colcon.colcon_core.package_identification:_identify(models/river_and_forest/media/scripts) by extension 'ignore_ament_install'
[0.240s] Level 1:colcon.colcon_core.package_identification:_identify(models/river_and_forest/media/scripts) by extensions ['colcon_pkg']
[0.240s] Level 1:colcon.colcon_core.package_identification:_identify(models/river_and_forest/media/scripts) by extension 'colcon_pkg'
[0.240s] Level 1:colcon.colcon_core.package_identification:_identify(models/river_and_forest/media/scripts) by extensions ['colcon_meta']
[0.240s] Level 1:colcon.colcon_core.package_identification:_identify(models/river_and_forest/media/scripts) by extension 'colcon_meta'
[0.240s] Level 1:colcon.colcon_core.package_identification:_identify(models/river_and_forest/media/scripts) by extensions ['ament_gradle']
[0.240s] Level 1:colcon.colcon_core.package_identification:_identify(models/river_and_forest/media/scripts) by extension 'ament_gradle'
[0.240s] Level 1:colcon.colcon_core.package_identification:_identify(models/river_and_forest/media/scripts) by extensions ['ros']
[0.240s] Level 1:colcon.colcon_core.package_identification:_identify(models/river_and_forest/media/scripts) by extension 'ros'
[0.240s] Level 1:colcon.colcon_core.package_identification:_identify(models/river_and_forest/media/scripts) by extensions ['cmake', 'gradle', 'python']
[0.240s] Level 1:colcon.colcon_core.package_identification:_identify(models/river_and_forest/media/scripts) by extension 'cmake'
[0.240s] Level 1:colcon.colcon_core.package_identification:_identify(models/river_and_forest/media/scripts) by extension 'gradle'
[0.240s] Level 1:colcon.colcon_core.package_identification:_identify(models/river_and_forest/media/scripts) by extension 'python'
[0.240s] Level 1:colcon.colcon_core.package_identification:_identify(models/river_and_forest/media/scripts) by extensions ['python_setup_py']
[0.240s] Level 1:colcon.colcon_core.package_identification:_identify(models/river_and_forest/media/scripts) by extension 'python_setup_py'
[0.240s] Level 1:colcon.colcon_core.package_identification:_identify(models/test_1world) by extensions ['ignore', 'ignore_ament_install']
[0.241s] Level 1:colcon.colcon_core.package_identification:_identify(models/test_1world) by extension 'ignore'
[0.241s] Level 1:colcon.colcon_core.package_identification:_identify(models/test_1world) by extension 'ignore_ament_install'
[0.241s] Level 1:colcon.colcon_core.package_identification:_identify(models/test_1world) by extensions ['colcon_pkg']
[0.241s] Level 1:colcon.colcon_core.package_identification:_identify(models/test_1world) by extension 'colcon_pkg'
[0.241s] Level 1:colcon.colcon_core.package_identification:_identify(models/test_1world) by extensions ['colcon_meta']
[0.241s] Level 1:colcon.colcon_core.package_identification:_identify(models/test_1world) by extension 'colcon_meta'
[0.241s] Level 1:colcon.colcon_core.package_identification:_identify(models/test_1world) by extensions ['ament_gradle']
[0.241s] Level 1:colcon.colcon_core.package_identification:_identify(models/test_1world) by extension 'ament_gradle'
[0.241s] Level 1:colcon.colcon_core.package_identification:_identify(models/test_1world) by extensions ['ros']
[0.241s] Level 1:colcon.colcon_core.package_identification:_identify(models/test_1world) by extension 'ros'
[0.241s] Level 1:colcon.colcon_core.package_identification:_identify(models/test_1world) by extensions ['cmake', 'gradle', 'python']
[0.241s] Level 1:colcon.colcon_core.package_identification:_identify(models/test_1world) by extension 'cmake'
[0.241s] Level 1:colcon.colcon_core.package_identification:_identify(models/test_1world) by extension 'gradle'
[0.241s] Level 1:colcon.colcon_core.package_identification:_identify(models/test_1world) by extension 'python'
[0.241s] Level 1:colcon.colcon_core.package_identification:_identify(models/test_1world) by extensions ['python_setup_py']
[0.241s] Level 1:colcon.colcon_core.package_identification:_identify(models/test_1world) by extension 'python_setup_py'
[0.241s] Level 1:colcon.colcon_core.package_identification:_identify(models/test_1world/media) by extensions ['ignore', 'ignore_ament_install']
[0.242s] Level 1:colcon.colcon_core.package_identification:_identify(models/test_1world/media) by extension 'ignore'
[0.242s] Level 1:colcon.colcon_core.package_identification:_identify(models/test_1world/media) by extension 'ignore_ament_install'
[0.242s] Level 1:colcon.colcon_core.package_identification:_identify(models/test_1world/media) by extensions ['colcon_pkg']
[0.242s] Level 1:colcon.colcon_core.package_identification:_identify(models/test_1world/media) by extension 'colcon_pkg'
[0.242s] Level 1:colcon.colcon_core.package_identification:_identify(models/test_1world/media) by extensions ['colcon_meta']
[0.242s] Level 1:colcon.colcon_core.package_identification:_identify(models/test_1world/media) by extension 'colcon_meta'
[0.242s] Level 1:colcon.colcon_core.package_identification:_identify(models/test_1world/media) by extensions ['ament_gradle']
[0.242s] Level 1:colcon.colcon_core.package_identification:_identify(models/test_1world/media) by extension 'ament_gradle'
[0.242s] Level 1:colcon.colcon_core.package_identification:_identify(models/test_1world/media) by extensions ['ros']
[0.242s] Level 1:colcon.colcon_core.package_identification:_identify(models/test_1world/media) by extension 'ros'
[0.242s] Level 1:colcon.colcon_core.package_identification:_identify(models/test_1world/media) by extensions ['cmake', 'gradle', 'python']
[0.242s] Level 1:colcon.colcon_core.package_identification:_identify(models/test_1world/media) by extension 'cmake'
[0.242s] Level 1:colcon.colcon_core.package_identification:_identify(models/test_1world/media) by extension 'gradle'
[0.242s] Level 1:colcon.colcon_core.package_identification:_identify(models/test_1world/media) by extension 'python'
[0.242s] Level 1:colcon.colcon_core.package_identification:_identify(models/test_1world/media) by extensions ['python_setup_py']
[0.242s] Level 1:colcon.colcon_core.package_identification:_identify(models/test_1world/media) by extension 'python_setup_py'
[0.242s] Level 1:colcon.colcon_core.package_identification:_identify(models/test_1world/media/Textures) by extensions ['ignore', 'ignore_ament_install']
[0.243s] Level 1:colcon.colcon_core.package_identification:_identify(models/test_1world/media/Textures) by extension 'ignore'
[0.243s] Level 1:colcon.colcon_core.package_identification:_identify(models/test_1world/media/Textures) by extension 'ignore_ament_install'
[0.243s] Level 1:colcon.colcon_core.package_identification:_identify(models/test_1world/media/Textures) by extensions ['colcon_pkg']
[0.243s] Level 1:colcon.colcon_core.package_identification:_identify(models/test_1world/media/Textures) by extension 'colcon_pkg'
[0.243s] Level 1:colcon.colcon_core.package_identification:_identify(models/test_1world/media/Textures) by extensions ['colcon_meta']
[0.243s] Level 1:colcon.colcon_core.package_identification:_identify(models/test_1world/media/Textures) by extension 'colcon_meta'
[0.243s] Level 1:colcon.colcon_core.package_identification:_identify(models/test_1world/media/Textures) by extensions ['ament_gradle']
[0.243s] Level 1:colcon.colcon_core.package_identification:_identify(models/test_1world/media/Textures) by extension 'ament_gradle'
[0.243s] Level 1:colcon.colcon_core.package_identification:_identify(models/test_1world/media/Textures) by extensions ['ros']
[0.243s] Level 1:colcon.colcon_core.package_identification:_identify(models/test_1world/media/Textures) by extension 'ros'
[0.243s] Level 1:colcon.colcon_core.package_identification:_identify(models/test_1world/media/Textures) by extensions ['cmake', 'gradle', 'python']
[0.243s] Level 1:colcon.colcon_core.package_identification:_identify(models/test_1world/media/Textures) by extension 'cmake'
[0.243s] Level 1:colcon.colcon_core.package_identification:_identify(models/test_1world/media/Textures) by extension 'gradle'
[0.243s] Level 1:colcon.colcon_core.package_identification:_identify(models/test_1world/media/Textures) by extension 'python'
[0.243s] Level 1:colcon.colcon_core.package_identification:_identify(models/test_1world/media/Textures) by extensions ['python_setup_py']
[0.243s] Level 1:colcon.colcon_core.package_identification:_identify(models/test_1world/media/Textures) by extension 'python_setup_py'
[0.243s] Level 1:colcon.colcon_core.package_identification:_identify(models/test_1world/media/scripts) by extensions ['ignore', 'ignore_ament_install']
[0.244s] Level 1:colcon.colcon_core.package_identification:_identify(models/test_1world/media/scripts) by extension 'ignore'
[0.244s] Level 1:colcon.colcon_core.package_identification:_identify(models/test_1world/media/scripts) by extension 'ignore_ament_install'
[0.244s] Level 1:colcon.colcon_core.package_identification:_identify(models/test_1world/media/scripts) by extensions ['colcon_pkg']
[0.244s] Level 1:colcon.colcon_core.package_identification:_identify(models/test_1world/media/scripts) by extension 'colcon_pkg'
[0.244s] Level 1:colcon.colcon_core.package_identification:_identify(models/test_1world/media/scripts) by extensions ['colcon_meta']
[0.244s] Level 1:colcon.colcon_core.package_identification:_identify(models/test_1world/media/scripts) by extension 'colcon_meta'
[0.244s] Level 1:colcon.colcon_core.package_identification:_identify(models/test_1world/media/scripts) by extensions ['ament_gradle']
[0.244s] Level 1:colcon.colcon_core.package_identification:_identify(models/test_1world/media/scripts) by extension 'ament_gradle'
[0.244s] Level 1:colcon.colcon_core.package_identification:_identify(models/test_1world/media/scripts) by extensions ['ros']
[0.244s] Level 1:colcon.colcon_core.package_identification:_identify(models/test_1world/media/scripts) by extension 'ros'
[0.244s] Level 1:colcon.colcon_core.package_identification:_identify(models/test_1world/media/scripts) by extensions ['cmake', 'gradle', 'python']
[0.244s] Level 1:colcon.colcon_core.package_identification:_identify(models/test_1world/media/scripts) by extension 'cmake'
[0.244s] Level 1:colcon.colcon_core.package_identification:_identify(models/test_1world/media/scripts) by extension 'gradle'
[0.244s] Level 1:colcon.colcon_core.package_identification:_identify(models/test_1world/media/scripts) by extension 'python'
[0.244s] Level 1:colcon.colcon_core.package_identification:_identify(models/test_1world/media/scripts) by extensions ['python_setup_py']
[0.244s] Level 1:colcon.colcon_core.package_identification:_identify(models/test_1world/media/scripts) by extension 'python_setup_py'
[0.244s] Level 1:colcon.colcon_core.package_identification:_identify(models/test_blender) by extensions ['ignore', 'ignore_ament_install']
[0.244s] Level 1:colcon.colcon_core.package_identification:_identify(models/test_blender) by extension 'ignore'
[0.244s] Level 1:colcon.colcon_core.package_identification:_identify(models/test_blender) by extension 'ignore_ament_install'
[0.245s] Level 1:colcon.colcon_core.package_identification:_identify(models/test_blender) by extensions ['colcon_pkg']
[0.245s] Level 1:colcon.colcon_core.package_identification:_identify(models/test_blender) by extension 'colcon_pkg'
[0.245s] Level 1:colcon.colcon_core.package_identification:_identify(models/test_blender) by extensions ['colcon_meta']
[0.245s] Level 1:colcon.colcon_core.package_identification:_identify(models/test_blender) by extension 'colcon_meta'
[0.245s] Level 1:colcon.colcon_core.package_identification:_identify(models/test_blender) by extensions ['ament_gradle']
[0.245s] Level 1:colcon.colcon_core.package_identification:_identify(models/test_blender) by extension 'ament_gradle'
[0.245s] Level 1:colcon.colcon_core.package_identification:_identify(models/test_blender) by extensions ['ros']
[0.245s] Level 1:colcon.colcon_core.package_identification:_identify(models/test_blender) by extension 'ros'
[0.245s] Level 1:colcon.colcon_core.package_identification:_identify(models/test_blender) by extensions ['cmake', 'gradle', 'python']
[0.245s] Level 1:colcon.colcon_core.package_identification:_identify(models/test_blender) by extension 'cmake'
[0.245s] Level 1:colcon.colcon_core.package_identification:_identify(models/test_blender) by extension 'gradle'
[0.245s] Level 1:colcon.colcon_core.package_identification:_identify(models/test_blender) by extension 'python'
[0.245s] Level 1:colcon.colcon_core.package_identification:_identify(models/test_blender) by extensions ['python_setup_py']
[0.245s] Level 1:colcon.colcon_core.package_identification:_identify(models/test_blender) by extension 'python_setup_py'
[0.245s] Level 1:colcon.colcon_core.package_identification:_identify(models/test_blender/media) by extensions ['ignore', 'ignore_ament_install']
[0.245s] Level 1:colcon.colcon_core.package_identification:_identify(models/test_blender/media) by extension 'ignore'
[0.245s] Level 1:colcon.colcon_core.package_identification:_identify(models/test_blender/media) by extension 'ignore_ament_install'
[0.245s] Level 1:colcon.colcon_core.package_identification:_identify(models/test_blender/media) by extensions ['colcon_pkg']
[0.245s] Level 1:colcon.colcon_core.package_identification:_identify(models/test_blender/media) by extension 'colcon_pkg'
[0.245s] Level 1:colcon.colcon_core.package_identification:_identify(models/test_blender/media) by extensions ['colcon_meta']
[0.245s] Level 1:colcon.colcon_core.package_identification:_identify(models/test_blender/media) by extension 'colcon_meta'
[0.245s] Level 1:colcon.colcon_core.package_identification:_identify(models/test_blender/media) by extensions ['ament_gradle']
[0.245s] Level 1:colcon.colcon_core.package_identification:_identify(models/test_blender/media) by extension 'ament_gradle'
[0.245s] Level 1:colcon.colcon_core.package_identification:_identify(models/test_blender/media) by extensions ['ros']
[0.245s] Level 1:colcon.colcon_core.package_identification:_identify(models/test_blender/media) by extension 'ros'
[0.245s] Level 1:colcon.colcon_core.package_identification:_identify(models/test_blender/media) by extensions ['cmake', 'gradle', 'python']
[0.246s] Level 1:colcon.colcon_core.package_identification:_identify(models/test_blender/media) by extension 'cmake'
[0.246s] Level 1:colcon.colcon_core.package_identification:_identify(models/test_blender/media) by extension 'gradle'
[0.246s] Level 1:colcon.colcon_core.package_identification:_identify(models/test_blender/media) by extension 'python'
[0.246s] Level 1:colcon.colcon_core.package_identification:_identify(models/test_blender/media) by extensions ['python_setup_py']
[0.246s] Level 1:colcon.colcon_core.package_identification:_identify(models/test_blender/media) by extension 'python_setup_py'
[0.246s] Level 1:colcon.colcon_core.package_identification:_identify(models/test_blender/media/Textures) by extensions ['ignore', 'ignore_ament_install']
[0.246s] Level 1:colcon.colcon_core.package_identification:_identify(models/test_blender/media/Textures) by extension 'ignore'
[0.246s] Level 1:colcon.colcon_core.package_identification:_identify(models/test_blender/media/Textures) by extension 'ignore_ament_install'
[0.246s] Level 1:colcon.colcon_core.package_identification:_identify(models/test_blender/media/Textures) by extensions ['colcon_pkg']
[0.246s] Level 1:colcon.colcon_core.package_identification:_identify(models/test_blender/media/Textures) by extension 'colcon_pkg'
[0.246s] Level 1:colcon.colcon_core.package_identification:_identify(models/test_blender/media/Textures) by extensions ['colcon_meta']
[0.246s] Level 1:colcon.colcon_core.package_identification:_identify(models/test_blender/media/Textures) by extension 'colcon_meta'
[0.246s] Level 1:colcon.colcon_core.package_identification:_identify(models/test_blender/media/Textures) by extensions ['ament_gradle']
[0.246s] Level 1:colcon.colcon_core.package_identification:_identify(models/test_blender/media/Textures) by extension 'ament_gradle'
[0.246s] Level 1:colcon.colcon_core.package_identification:_identify(models/test_blender/media/Textures) by extensions ['ros']
[0.246s] Level 1:colcon.colcon_core.package_identification:_identify(models/test_blender/media/Textures) by extension 'ros'
[0.246s] Level 1:colcon.colcon_core.package_identification:_identify(models/test_blender/media/Textures) by extensions ['cmake', 'gradle', 'python']
[0.246s] Level 1:colcon.colcon_core.package_identification:_identify(models/test_blender/media/Textures) by extension 'cmake'
[0.246s] Level 1:colcon.colcon_core.package_identification:_identify(models/test_blender/media/Textures) by extension 'gradle'
[0.246s] Level 1:colcon.colcon_core.package_identification:_identify(models/test_blender/media/Textures) by extension 'python'
[0.246s] Level 1:colcon.colcon_core.package_identification:_identify(models/test_blender/media/Textures) by extensions ['python_setup_py']
[0.246s] Level 1:colcon.colcon_core.package_identification:_identify(models/test_blender/media/Textures) by extension 'python_setup_py'
[0.246s] Level 1:colcon.colcon_core.package_identification:_identify(models/test_blender/media/scripts) by extensions ['ignore', 'ignore_ament_install']
[0.246s] Level 1:colcon.colcon_core.package_identification:_identify(models/test_blender/media/scripts) by extension 'ignore'
[0.246s] Level 1:colcon.colcon_core.package_identification:_identify(models/test_blender/media/scripts) by extension 'ignore_ament_install'
[0.246s] Level 1:colcon.colcon_core.package_identification:_identify(models/test_blender/media/scripts) by extensions ['colcon_pkg']
[0.247s] Level 1:colcon.colcon_core.package_identification:_identify(models/test_blender/media/scripts) by extension 'colcon_pkg'
[0.247s] Level 1:colcon.colcon_core.package_identification:_identify(models/test_blender/media/scripts) by extensions ['colcon_meta']
[0.247s] Level 1:colcon.colcon_core.package_identification:_identify(models/test_blender/media/scripts) by extension 'colcon_meta'
[0.247s] Level 1:colcon.colcon_core.package_identification:_identify(models/test_blender/media/scripts) by extensions ['ament_gradle']
[0.247s] Level 1:colcon.colcon_core.package_identification:_identify(models/test_blender/media/scripts) by extension 'ament_gradle'
[0.247s] Level 1:colcon.colcon_core.package_identification:_identify(models/test_blender/media/scripts) by extensions ['ros']
[0.247s] Level 1:colcon.colcon_core.package_identification:_identify(models/test_blender/media/scripts) by extension 'ros'
[0.247s] Level 1:colcon.colcon_core.package_identification:_identify(models/test_blender/media/scripts) by extensions ['cmake', 'gradle', 'python']
[0.247s] Level 1:colcon.colcon_core.package_identification:_identify(models/test_blender/media/scripts) by extension 'cmake'
[0.247s] Level 1:colcon.colcon_core.package_identification:_identify(models/test_blender/media/scripts) by extension 'gradle'
[0.247s] Level 1:colcon.colcon_core.package_identification:_identify(models/test_blender/media/scripts) by extension 'python'
[0.247s] Level 1:colcon.colcon_core.package_identification:_identify(models/test_blender/media/scripts) by extensions ['python_setup_py']
[0.247s] Level 1:colcon.colcon_core.package_identification:_identify(models/test_blender/media/scripts) by extension 'python_setup_py'
[0.247s] Level 1:colcon.colcon_core.package_identification:_identify(models/world1_b) by extensions ['ignore', 'ignore_ament_install']
[0.247s] Level 1:colcon.colcon_core.package_identification:_identify(models/world1_b) by extension 'ignore'
[0.247s] Level 1:colcon.colcon_core.package_identification:_identify(models/world1_b) by extension 'ignore_ament_install'
[0.247s] Level 1:colcon.colcon_core.package_identification:_identify(models/world1_b) by extensions ['colcon_pkg']
[0.247s] Level 1:colcon.colcon_core.package_identification:_identify(models/world1_b) by extension 'colcon_pkg'
[0.247s] Level 1:colcon.colcon_core.package_identification:_identify(models/world1_b) by extensions ['colcon_meta']
[0.247s] Level 1:colcon.colcon_core.package_identification:_identify(models/world1_b) by extension 'colcon_meta'
[0.247s] Level 1:colcon.colcon_core.package_identification:_identify(models/world1_b) by extensions ['ament_gradle']
[0.247s] Level 1:colcon.colcon_core.package_identification:_identify(models/world1_b) by extension 'ament_gradle'
[0.247s] Level 1:colcon.colcon_core.package_identification:_identify(models/world1_b) by extensions ['ros']
[0.247s] Level 1:colcon.colcon_core.package_identification:_identify(models/world1_b) by extension 'ros'
[0.247s] Level 1:colcon.colcon_core.package_identification:_identify(models/world1_b) by extensions ['cmake', 'gradle', 'python']
[0.248s] Level 1:colcon.colcon_core.package_identification:_identify(models/world1_b) by extension 'cmake'
[0.248s] Level 1:colcon.colcon_core.package_identification:_identify(models/world1_b) by extension 'gradle'
[0.248s] Level 1:colcon.colcon_core.package_identification:_identify(models/world1_b) by extension 'python'
[0.248s] Level 1:colcon.colcon_core.package_identification:_identify(models/world1_b) by extensions ['python_setup_py']
[0.248s] Level 1:colcon.colcon_core.package_identification:_identify(models/world1_b) by extension 'python_setup_py'
[0.248s] Level 1:colcon.colcon_core.package_identification:_identify(models/world1_b/media) by extensions ['ignore', 'ignore_ament_install']
[0.248s] Level 1:colcon.colcon_core.package_identification:_identify(models/world1_b/media) by extension 'ignore'
[0.248s] Level 1:colcon.colcon_core.package_identification:_identify(models/world1_b/media) by extension 'ignore_ament_install'
[0.248s] Level 1:colcon.colcon_core.package_identification:_identify(models/world1_b/media) by extensions ['colcon_pkg']
[0.248s] Level 1:colcon.colcon_core.package_identification:_identify(models/world1_b/media) by extension 'colcon_pkg'
[0.248s] Level 1:colcon.colcon_core.package_identification:_identify(models/world1_b/media) by extensions ['colcon_meta']
[0.248s] Level 1:colcon.colcon_core.package_identification:_identify(models/world1_b/media) by extension 'colcon_meta'
[0.248s] Level 1:colcon.colcon_core.package_identification:_identify(models/world1_b/media) by extensions ['ament_gradle']
[0.248s] Level 1:colcon.colcon_core.package_identification:_identify(models/world1_b/media) by extension 'ament_gradle'
[0.248s] Level 1:colcon.colcon_core.package_identification:_identify(models/world1_b/media) by extensions ['ros']
[0.248s] Level 1:colcon.colcon_core.package_identification:_identify(models/world1_b/media) by extension 'ros'
[0.248s] Level 1:colcon.colcon_core.package_identification:_identify(models/world1_b/media) by extensions ['cmake', 'gradle', 'python']
[0.248s] Level 1:colcon.colcon_core.package_identification:_identify(models/world1_b/media) by extension 'cmake'
[0.248s] Level 1:colcon.colcon_core.package_identification:_identify(models/world1_b/media) by extension 'gradle'
[0.248s] Level 1:colcon.colcon_core.package_identification:_identify(models/world1_b/media) by extension 'python'
[0.248s] Level 1:colcon.colcon_core.package_identification:_identify(models/world1_b/media) by extensions ['python_setup_py']
[0.248s] Level 1:colcon.colcon_core.package_identification:_identify(models/world1_b/media) by extension 'python_setup_py'
[0.248s] Level 1:colcon.colcon_core.package_identification:_identify(models/world1_b/media/Textures) by extensions ['ignore', 'ignore_ament_install']
[0.248s] Level 1:colcon.colcon_core.package_identification:_identify(models/world1_b/media/Textures) by extension 'ignore'
[0.248s] Level 1:colcon.colcon_core.package_identification:_identify(models/world1_b/media/Textures) by extension 'ignore_ament_install'
[0.249s] Level 1:colcon.colcon_core.package_identification:_identify(models/world1_b/media/Textures) by extensions ['colcon_pkg']
[0.249s] Level 1:colcon.colcon_core.package_identification:_identify(models/world1_b/media/Textures) by extension 'colcon_pkg'
[0.249s] Level 1:colcon.colcon_core.package_identification:_identify(models/world1_b/media/Textures) by extensions ['colcon_meta']
[0.249s] Level 1:colcon.colcon_core.package_identification:_identify(models/world1_b/media/Textures) by extension 'colcon_meta'
[0.249s] Level 1:colcon.colcon_core.package_identification:_identify(models/world1_b/media/Textures) by extensions ['ament_gradle']
[0.249s] Level 1:colcon.colcon_core.package_identification:_identify(models/world1_b/media/Textures) by extension 'ament_gradle'
[0.249s] Level 1:colcon.colcon_core.package_identification:_identify(models/world1_b/media/Textures) by extensions ['ros']
[0.249s] Level 1:colcon.colcon_core.package_identification:_identify(models/world1_b/media/Textures) by extension 'ros'
[0.249s] Level 1:colcon.colcon_core.package_identification:_identify(models/world1_b/media/Textures) by extensions ['cmake', 'gradle', 'python']
[0.249s] Level 1:colcon.colcon_core.package_identification:_identify(models/world1_b/media/Textures) by extension 'cmake'
[0.249s] Level 1:colcon.colcon_core.package_identification:_identify(models/world1_b/media/Textures) by extension 'gradle'
[0.249s] Level 1:colcon.colcon_core.package_identification:_identify(models/world1_b/media/Textures) by extension 'python'
[0.249s] Level 1:colcon.colcon_core.package_identification:_identify(models/world1_b/media/Textures) by extensions ['python_setup_py']
[0.249s] Level 1:colcon.colcon_core.package_identification:_identify(models/world1_b/media/Textures) by extension 'python_setup_py'
[0.249s] Level 1:colcon.colcon_core.package_identification:_identify(models/world1_b/media/scripts) by extensions ['ignore', 'ignore_ament_install']
[0.249s] Level 1:colcon.colcon_core.package_identification:_identify(models/world1_b/media/scripts) by extension 'ignore'
[0.249s] Level 1:colcon.colcon_core.package_identification:_identify(models/world1_b/media/scripts) by extension 'ignore_ament_install'
[0.249s] Level 1:colcon.colcon_core.package_identification:_identify(models/world1_b/media/scripts) by extensions ['colcon_pkg']
[0.249s] Level 1:colcon.colcon_core.package_identification:_identify(models/world1_b/media/scripts) by extension 'colcon_pkg'
[0.249s] Level 1:colcon.colcon_core.package_identification:_identify(models/world1_b/media/scripts) by extensions ['colcon_meta']
[0.249s] Level 1:colcon.colcon_core.package_identification:_identify(models/world1_b/media/scripts) by extension 'colcon_meta'
[0.249s] Level 1:colcon.colcon_core.package_identification:_identify(models/world1_b/media/scripts) by extensions ['ament_gradle']
[0.249s] Level 1:colcon.colcon_core.package_identification:_identify(models/world1_b/media/scripts) by extension 'ament_gradle'
[0.249s] Level 1:colcon.colcon_core.package_identification:_identify(models/world1_b/media/scripts) by extensions ['ros']
[0.249s] Level 1:colcon.colcon_core.package_identification:_identify(models/world1_b/media/scripts) by extension 'ros'
[0.249s] Level 1:colcon.colcon_core.package_identification:_identify(models/world1_b/media/scripts) by extensions ['cmake', 'gradle', 'python']
[0.249s] Level 1:colcon.colcon_core.package_identification:_identify(models/world1_b/media/scripts) by extension 'cmake'
[0.250s] Level 1:colcon.colcon_core.package_identification:_identify(models/world1_b/media/scripts) by extension 'gradle'
[0.250s] Level 1:colcon.colcon_core.package_identification:_identify(models/world1_b/media/scripts) by extension 'python'
[0.250s] Level 1:colcon.colcon_core.package_identification:_identify(models/world1_b/media/scripts) by extensions ['python_setup_py']
[0.250s] Level 1:colcon.colcon_core.package_identification:_identify(models/world1_b/media/scripts) by extension 'python_setup_py'
[0.250s] Level 1:colcon.colcon_core.package_identification:_identify(src) by extensions ['ignore', 'ignore_ament_install']
[0.250s] Level 1:colcon.colcon_core.package_identification:_identify(src) by extension 'ignore'
[0.250s] Level 1:colcon.colcon_core.package_identification:_identify(src) by extension 'ignore_ament_install'
[0.250s] Level 1:colcon.colcon_core.package_identification:_identify(src) by extensions ['colcon_pkg']
[0.250s] Level 1:colcon.colcon_core.package_identification:_identify(src) by extension 'colcon_pkg'
[0.250s] Level 1:colcon.colcon_core.package_identification:_identify(src) by extensions ['colcon_meta']
[0.250s] Level 1:colcon.colcon_core.package_identification:_identify(src) by extension 'colcon_meta'
[0.250s] Level 1:colcon.colcon_core.package_identification:_identify(src) by extensions ['ament_gradle']
[0.250s] Level 1:colcon.colcon_core.package_identification:_identify(src) by extension 'ament_gradle'
[0.250s] Level 1:colcon.colcon_core.package_identification:_identify(src) by extensions ['ros']
[0.250s] Level 1:colcon.colcon_core.package_identification:_identify(src) by extension 'ros'
[0.250s] Level 1:colcon.colcon_core.package_identification:_identify(src) by extensions ['cmake', 'gradle', 'python']
[0.250s] Level 1:colcon.colcon_core.package_identification:_identify(src) by extension 'cmake'
[0.250s] Level 1:colcon.colcon_core.package_identification:_identify(src) by extension 'gradle'
[0.250s] Level 1:colcon.colcon_core.package_identification:_identify(src) by extension 'python'
[0.250s] Level 1:colcon.colcon_core.package_identification:_identify(src) by extensions ['python_setup_py']
[0.250s] Level 1:colcon.colcon_core.package_identification:_identify(src) by extension 'python_setup_py'
[0.250s] Level 1:colcon.colcon_core.package_identification:_identify(src/android_ros2_server) by extensions ['ignore', 'ignore_ament_install']
[0.250s] Level 1:colcon.colcon_core.package_identification:_identify(src/android_ros2_server) by extension 'ignore'
[0.251s] Level 1:colcon.colcon_core.package_identification:_identify(src/android_ros2_server) by extension 'ignore_ament_install'
[0.251s] Level 1:colcon.colcon_core.package_identification:_identify(src/android_ros2_server) by extensions ['colcon_pkg']
[0.251s] Level 1:colcon.colcon_core.package_identification:_identify(src/android_ros2_server) by extension 'colcon_pkg'
[0.251s] Level 1:colcon.colcon_core.package_identification:_identify(src/android_ros2_server) by extensions ['colcon_meta']
[0.251s] Level 1:colcon.colcon_core.package_identification:_identify(src/android_ros2_server) by extension 'colcon_meta'
[0.251s] Level 1:colcon.colcon_core.package_identification:_identify(src/android_ros2_server) by extensions ['ament_gradle']
[0.251s] Level 1:colcon.colcon_core.package_identification:_identify(src/android_ros2_server) by extension 'ament_gradle'
[0.251s] Level 1:colcon.colcon_core.package_identification:_identify(src/android_ros2_server) by extensions ['ros']
[0.251s] Level 1:colcon.colcon_core.package_identification:_identify(src/android_ros2_server) by extension 'ros'
[0.254s] DEBUG:colcon.colcon_core.package_identification:Package 'src/android_ros2_server' with type 'ros.ament_python' and name 'android_ros2_server'
[0.254s] Level 1:colcon.colcon_core.package_identification:_identify(src/argj801_ctl_platform) by extensions ['ignore', 'ignore_ament_install']
[0.255s] Level 1:colcon.colcon_core.package_identification:_identify(src/argj801_ctl_platform) by extension 'ignore'
[0.255s] Level 1:colcon.colcon_core.package_identification:_identify(src/argj801_ctl_platform) by extension 'ignore_ament_install'
[0.255s] Level 1:colcon.colcon_core.package_identification:_identify(src/argj801_ctl_platform) by extensions ['colcon_pkg']
[0.255s] Level 1:colcon.colcon_core.package_identification:_identify(src/argj801_ctl_platform) by extension 'colcon_pkg'
[0.255s] Level 1:colcon.colcon_core.package_identification:_identify(src/argj801_ctl_platform) by extensions ['colcon_meta']
[0.255s] Level 1:colcon.colcon_core.package_identification:_identify(src/argj801_ctl_platform) by extension 'colcon_meta'
[0.255s] Level 1:colcon.colcon_core.package_identification:_identify(src/argj801_ctl_platform) by extensions ['ament_gradle']
[0.255s] Level 1:colcon.colcon_core.package_identification:_identify(src/argj801_ctl_platform) by extension 'ament_gradle'
[0.255s] Level 1:colcon.colcon_core.package_identification:_identify(src/argj801_ctl_platform) by extensions ['ros']
[0.255s] Level 1:colcon.colcon_core.package_identification:_identify(src/argj801_ctl_platform) by extension 'ros'
[0.255s] Level 1:colcon.colcon_core.package_identification:_identify(src/argj801_ctl_platform) by extensions ['cmake', 'gradle', 'python']
[0.255s] Level 1:colcon.colcon_core.package_identification:_identify(src/argj801_ctl_platform) by extension 'cmake'
[0.255s] Level 1:colcon.colcon_core.package_identification:_identify(src/argj801_ctl_platform) by extension 'gradle'
[0.255s] Level 1:colcon.colcon_core.package_identification:_identify(src/argj801_ctl_platform) by extension 'python'
[0.255s] Level 1:colcon.colcon_core.package_identification:_identify(src/argj801_ctl_platform) by extensions ['python_setup_py']
[0.255s] Level 1:colcon.colcon_core.package_identification:_identify(src/argj801_ctl_platform) by extension 'python_setup_py'
[0.255s] Level 1:colcon.colcon_core.package_identification:_identify(src/argj801_ctl_platform/argj801_ctl_platform) by extensions ['ignore', 'ignore_ament_install']
[0.255s] Level 1:colcon.colcon_core.package_identification:_identify(src/argj801_ctl_platform/argj801_ctl_platform) by extension 'ignore'
[0.255s] Level 1:colcon.colcon_core.package_identification:_identify(src/argj801_ctl_platform/argj801_ctl_platform) by extension 'ignore_ament_install'
[0.255s] Level 1:colcon.colcon_core.package_identification:_identify(src/argj801_ctl_platform/argj801_ctl_platform) by extensions ['colcon_pkg']
[0.255s] Level 1:colcon.colcon_core.package_identification:_identify(src/argj801_ctl_platform/argj801_ctl_platform) by extension 'colcon_pkg'
[0.256s] Level 1:colcon.colcon_core.package_identification:_identify(src/argj801_ctl_platform/argj801_ctl_platform) by extensions ['colcon_meta']
[0.256s] Level 1:colcon.colcon_core.package_identification:_identify(src/argj801_ctl_platform/argj801_ctl_platform) by extension 'colcon_meta'
[0.256s] Level 1:colcon.colcon_core.package_identification:_identify(src/argj801_ctl_platform/argj801_ctl_platform) by extensions ['ament_gradle']
[0.256s] Level 1:colcon.colcon_core.package_identification:_identify(src/argj801_ctl_platform/argj801_ctl_platform) by extension 'ament_gradle'
[0.256s] Level 1:colcon.colcon_core.package_identification:_identify(src/argj801_ctl_platform/argj801_ctl_platform) by extensions ['ros']
[0.256s] Level 1:colcon.colcon_core.package_identification:_identify(src/argj801_ctl_platform/argj801_ctl_platform) by extension 'ros'
[0.257s] DEBUG:colcon.colcon_core.package_identification:Package 'src/argj801_ctl_platform/argj801_ctl_platform' with type 'ros.ament_cmake' and name 'argj801_ctl_platform'
[0.257s] Level 1:colcon.colcon_core.package_identification:_identify(src/argj801_ctl_platform/argj801_ctl_platform_interfaces) by extensions ['ignore', 'ignore_ament_install']
[0.257s] Level 1:colcon.colcon_core.package_identification:_identify(src/argj801_ctl_platform/argj801_ctl_platform_interfaces) by extension 'ignore'
[0.257s] Level 1:colcon.colcon_core.package_identification:_identify(src/argj801_ctl_platform/argj801_ctl_platform_interfaces) by extension 'ignore_ament_install'
[0.257s] Level 1:colcon.colcon_core.package_identification:_identify(src/argj801_ctl_platform/argj801_ctl_platform_interfaces) by extensions ['colcon_pkg']
[0.257s] Level 1:colcon.colcon_core.package_identification:_identify(src/argj801_ctl_platform/argj801_ctl_platform_interfaces) by extension 'colcon_pkg'
[0.257s] Level 1:colcon.colcon_core.package_identification:_identify(src/argj801_ctl_platform/argj801_ctl_platform_interfaces) by extensions ['colcon_meta']
[0.257s] Level 1:colcon.colcon_core.package_identification:_identify(src/argj801_ctl_platform/argj801_ctl_platform_interfaces) by extension 'colcon_meta'
[0.257s] Level 1:colcon.colcon_core.package_identification:_identify(src/argj801_ctl_platform/argj801_ctl_platform_interfaces) by extensions ['ament_gradle']
[0.257s] Level 1:colcon.colcon_core.package_identification:_identify(src/argj801_ctl_platform/argj801_ctl_platform_interfaces) by extension 'ament_gradle'
[0.257s] Level 1:colcon.colcon_core.package_identification:_identify(src/argj801_ctl_platform/argj801_ctl_platform_interfaces) by extensions ['ros']
[0.257s] Level 1:colcon.colcon_core.package_identification:_identify(src/argj801_ctl_platform/argj801_ctl_platform_interfaces) by extension 'ros'
[0.258s] DEBUG:colcon.colcon_core.package_identification:Package 'src/argj801_ctl_platform/argj801_ctl_platform_interfaces' with type 'ros.ament_cmake' and name 'argj801_ctl_platform_interfaces'
[0.258s] Level 1:colcon.colcon_core.package_identification:_identify(src/argj801_setup) by extensions ['ignore', 'ignore_ament_install']
[0.258s] Level 1:colcon.colcon_core.package_identification:_identify(src/argj801_setup) by extension 'ignore'
[0.258s] Level 1:colcon.colcon_core.package_identification:_identify(src/argj801_setup) by extension 'ignore_ament_install'
[0.258s] Level 1:colcon.colcon_core.package_identification:_identify(src/argj801_setup) by extensions ['colcon_pkg']
[0.258s] Level 1:colcon.colcon_core.package_identification:_identify(src/argj801_setup) by extension 'colcon_pkg'
[0.258s] Level 1:colcon.colcon_core.package_identification:_identify(src/argj801_setup) by extensions ['colcon_meta']
[0.258s] Level 1:colcon.colcon_core.package_identification:_identify(src/argj801_setup) by extension 'colcon_meta'
[0.258s] Level 1:colcon.colcon_core.package_identification:_identify(src/argj801_setup) by extensions ['ament_gradle']
[0.258s] Level 1:colcon.colcon_core.package_identification:_identify(src/argj801_setup) by extension 'ament_gradle'
[0.258s] Level 1:colcon.colcon_core.package_identification:_identify(src/argj801_setup) by extensions ['ros']
[0.258s] Level 1:colcon.colcon_core.package_identification:_identify(src/argj801_setup) by extension 'ros'
[0.259s] DEBUG:colcon.colcon_core.package_identification:Package 'src/argj801_setup' with type 'ros.ament_cmake' and name 'argj801_setup'
[0.259s] Level 1:colcon.colcon_core.package_identification:_identify(src/argo_drivers_pkgs) by extensions ['ignore', 'ignore_ament_install']
[0.259s] Level 1:colcon.colcon_core.package_identification:_identify(src/argo_drivers_pkgs) by extension 'ignore'
[0.259s] Level 1:colcon.colcon_core.package_identification:_identify(src/argo_drivers_pkgs) by extension 'ignore_ament_install'
[0.259s] Level 1:colcon.colcon_core.package_identification:_identify(src/argo_drivers_pkgs) by extensions ['colcon_pkg']
[0.259s] Level 1:colcon.colcon_core.package_identification:_identify(src/argo_drivers_pkgs) by extension 'colcon_pkg'
[0.259s] Level 1:colcon.colcon_core.package_identification:_identify(src/argo_drivers_pkgs) by extensions ['colcon_meta']
[0.259s] Level 1:colcon.colcon_core.package_identification:_identify(src/argo_drivers_pkgs) by extension 'colcon_meta'
[0.259s] Level 1:colcon.colcon_core.package_identification:_identify(src/argo_drivers_pkgs) by extensions ['ament_gradle']
[0.259s] Level 1:colcon.colcon_core.package_identification:_identify(src/argo_drivers_pkgs) by extension 'ament_gradle'
[0.259s] Level 1:colcon.colcon_core.package_identification:_identify(src/argo_drivers_pkgs) by extensions ['ros']
[0.259s] Level 1:colcon.colcon_core.package_identification:_identify(src/argo_drivers_pkgs) by extension 'ros'
[0.259s] Level 1:colcon.colcon_core.package_identification:_identify(src/argo_drivers_pkgs) by extensions ['cmake', 'gradle', 'python']
[0.260s] Level 1:colcon.colcon_core.package_identification:_identify(src/argo_drivers_pkgs) by extension 'cmake'
[0.260s] Level 1:colcon.colcon_core.package_identification:_identify(src/argo_drivers_pkgs) by extension 'gradle'
[0.260s] Level 1:colcon.colcon_core.package_identification:_identify(src/argo_drivers_pkgs) by extension 'python'
[0.260s] Level 1:colcon.colcon_core.package_identification:_identify(src/argo_drivers_pkgs) by extensions ['python_setup_py']
[0.260s] Level 1:colcon.colcon_core.package_identification:_identify(src/argo_drivers_pkgs) by extension 'python_setup_py'
[0.260s] Level 1:colcon.colcon_core.package_identification:_identify(src/argo_drivers_pkgs/Fixposition_driver_pkg) by extensions ['ignore', 'ignore_ament_install']
[0.260s] Level 1:colcon.colcon_core.package_identification:_identify(src/argo_drivers_pkgs/Fixposition_driver_pkg) by extension 'ignore'
[0.260s] Level 1:colcon.colcon_core.package_identification:_identify(src/argo_drivers_pkgs/Fixposition_driver_pkg) by extension 'ignore_ament_install'
[0.260s] Level 1:colcon.colcon_core.package_identification:_identify(src/argo_drivers_pkgs/Fixposition_driver_pkg) by extensions ['colcon_pkg']
[0.260s] Level 1:colcon.colcon_core.package_identification:_identify(src/argo_drivers_pkgs/Fixposition_driver_pkg) by extension 'colcon_pkg'
[0.260s] Level 1:colcon.colcon_core.package_identification:_identify(src/argo_drivers_pkgs/Fixposition_driver_pkg) by extensions ['colcon_meta']
[0.260s] Level 1:colcon.colcon_core.package_identification:_identify(src/argo_drivers_pkgs/Fixposition_driver_pkg) by extension 'colcon_meta'
[0.260s] Level 1:colcon.colcon_core.package_identification:_identify(src/argo_drivers_pkgs/Fixposition_driver_pkg) by extensions ['ament_gradle']
[0.260s] Level 1:colcon.colcon_core.package_identification:_identify(src/argo_drivers_pkgs/Fixposition_driver_pkg) by extension 'ament_gradle'
[0.260s] Level 1:colcon.colcon_core.package_identification:_identify(src/argo_drivers_pkgs/Fixposition_driver_pkg) by extensions ['ros']
[0.260s] Level 1:colcon.colcon_core.package_identification:_identify(src/argo_drivers_pkgs/Fixposition_driver_pkg) by extension 'ros'
[0.260s] Level 1:colcon.colcon_core.package_identification:_identify(src/argo_drivers_pkgs/Fixposition_driver_pkg) by extensions ['cmake', 'gradle', 'python']
[0.260s] Level 1:colcon.colcon_core.package_identification:_identify(src/argo_drivers_pkgs/Fixposition_driver_pkg) by extension 'cmake'
[0.260s] Level 1:colcon.colcon_core.package_identification:_identify(src/argo_drivers_pkgs/Fixposition_driver_pkg) by extension 'gradle'
[0.260s] Level 1:colcon.colcon_core.package_identification:_identify(src/argo_drivers_pkgs/Fixposition_driver_pkg) by extension 'python'
[0.260s] Level 1:colcon.colcon_core.package_identification:_identify(src/argo_drivers_pkgs/Fixposition_driver_pkg) by extensions ['python_setup_py']
[0.260s] Level 1:colcon.colcon_core.package_identification:_identify(src/argo_drivers_pkgs/Fixposition_driver_pkg) by extension 'python_setup_py'
[0.260s] Level 1:colcon.colcon_core.package_identification:_identify(src/argo_drivers_pkgs/Fixposition_driver_pkg/fixposition_driver-main) by extensions ['ignore', 'ignore_ament_install']
[0.260s] Level 1:colcon.colcon_core.package_identification:_identify(src/argo_drivers_pkgs/Fixposition_driver_pkg/fixposition_driver-main) by extension 'ignore'
[0.261s] Level 1:colcon.colcon_core.package_identification:_identify(src/argo_drivers_pkgs/Fixposition_driver_pkg/fixposition_driver-main) by extension 'ignore_ament_install'
[0.261s] Level 1:colcon.colcon_core.package_identification:_identify(src/argo_drivers_pkgs/Fixposition_driver_pkg/fixposition_driver-main) by extensions ['colcon_pkg']
[0.261s] Level 1:colcon.colcon_core.package_identification:_identify(src/argo_drivers_pkgs/Fixposition_driver_pkg/fixposition_driver-main) by extension 'colcon_pkg'
[0.261s] Level 1:colcon.colcon_core.package_identification:_identify(src/argo_drivers_pkgs/Fixposition_driver_pkg/fixposition_driver-main) by extensions ['colcon_meta']
[0.261s] Level 1:colcon.colcon_core.package_identification:_identify(src/argo_drivers_pkgs/Fixposition_driver_pkg/fixposition_driver-main) by extension 'colcon_meta'
[0.261s] Level 1:colcon.colcon_core.package_identification:_identify(src/argo_drivers_pkgs/Fixposition_driver_pkg/fixposition_driver-main) by extensions ['ament_gradle']
[0.261s] Level 1:colcon.colcon_core.package_identification:_identify(src/argo_drivers_pkgs/Fixposition_driver_pkg/fixposition_driver-main) by extension 'ament_gradle'
[0.261s] Level 1:colcon.colcon_core.package_identification:_identify(src/argo_drivers_pkgs/Fixposition_driver_pkg/fixposition_driver-main) by extensions ['ros']
[0.261s] Level 1:colcon.colcon_core.package_identification:_identify(src/argo_drivers_pkgs/Fixposition_driver_pkg/fixposition_driver-main) by extension 'ros'
[0.261s] Level 1:colcon.colcon_core.package_identification:_identify(src/argo_drivers_pkgs/Fixposition_driver_pkg/fixposition_driver-main) by extensions ['cmake', 'gradle', 'python']
[0.261s] Level 1:colcon.colcon_core.package_identification:_identify(src/argo_drivers_pkgs/Fixposition_driver_pkg/fixposition_driver-main) by extension 'cmake'
[0.261s] Level 1:colcon.colcon_core.package_identification:_identify(src/argo_drivers_pkgs/Fixposition_driver_pkg/fixposition_driver-main) by extension 'gradle'
[0.261s] Level 1:colcon.colcon_core.package_identification:_identify(src/argo_drivers_pkgs/Fixposition_driver_pkg/fixposition_driver-main) by extension 'python'
[0.261s] Level 1:colcon.colcon_core.package_identification:_identify(src/argo_drivers_pkgs/Fixposition_driver_pkg/fixposition_driver-main) by extensions ['python_setup_py']
[0.261s] Level 1:colcon.colcon_core.package_identification:_identify(src/argo_drivers_pkgs/Fixposition_driver_pkg/fixposition_driver-main) by extension 'python_setup_py'
[0.261s] Level 1:colcon.colcon_core.package_identification:_identify(src/argo_drivers_pkgs/Fixposition_driver_pkg/fixposition_driver-main/fixposition_driver_lib) by extensions ['ignore', 'ignore_ament_install']
[0.261s] Level 1:colcon.colcon_core.package_identification:_identify(src/argo_drivers_pkgs/Fixposition_driver_pkg/fixposition_driver-main/fixposition_driver_lib) by extension 'ignore'
[0.261s] Level 1:colcon.colcon_core.package_identification:_identify(src/argo_drivers_pkgs/Fixposition_driver_pkg/fixposition_driver-main/fixposition_driver_lib) by extension 'ignore_ament_install'
[0.261s] Level 1:colcon.colcon_core.package_identification:_identify(src/argo_drivers_pkgs/Fixposition_driver_pkg/fixposition_driver-main/fixposition_driver_lib) by extensions ['colcon_pkg']
[0.261s] Level 1:colcon.colcon_core.package_identification:_identify(src/argo_drivers_pkgs/Fixposition_driver_pkg/fixposition_driver-main/fixposition_driver_lib) by extension 'colcon_pkg'
[0.261s] Level 1:colcon.colcon_core.package_identification:_identify(src/argo_drivers_pkgs/Fixposition_driver_pkg/fixposition_driver-main/fixposition_driver_lib) by extensions ['colcon_meta']
[0.261s] Level 1:colcon.colcon_core.package_identification:_identify(src/argo_drivers_pkgs/Fixposition_driver_pkg/fixposition_driver-main/fixposition_driver_lib) by extension 'colcon_meta'
[0.261s] Level 1:colcon.colcon_core.package_identification:_identify(src/argo_drivers_pkgs/Fixposition_driver_pkg/fixposition_driver-main/fixposition_driver_lib) by extensions ['ament_gradle']
[0.261s] Level 1:colcon.colcon_core.package_identification:_identify(src/argo_drivers_pkgs/Fixposition_driver_pkg/fixposition_driver-main/fixposition_driver_lib) by extension 'ament_gradle'
[0.261s] Level 1:colcon.colcon_core.package_identification:_identify(src/argo_drivers_pkgs/Fixposition_driver_pkg/fixposition_driver-main/fixposition_driver_lib) by extensions ['ros']
[0.261s] Level 1:colcon.colcon_core.package_identification:_identify(src/argo_drivers_pkgs/Fixposition_driver_pkg/fixposition_driver-main/fixposition_driver_lib) by extension 'ros'
[0.265s] DEBUG:colcon.colcon_core.package_identification:Package 'src/argo_drivers_pkgs/Fixposition_driver_pkg/fixposition_driver-main/fixposition_driver_lib' with type 'ros.cmake' and name 'fixposition_driver_lib'
[0.265s] Level 1:colcon.colcon_core.package_identification:_identify(src/argo_drivers_pkgs/Fixposition_driver_pkg/fixposition_driver-main/fixposition_driver_ros1) by extensions ['ignore', 'ignore_ament_install']
[0.265s] Level 1:colcon.colcon_core.package_identification:_identify(src/argo_drivers_pkgs/Fixposition_driver_pkg/fixposition_driver-main/fixposition_driver_ros1) by extension 'ignore'
[0.265s] Level 1:colcon.colcon_core.package_identification:_identify(src/argo_drivers_pkgs/Fixposition_driver_pkg/fixposition_driver-main/fixposition_driver_ros1) ignored
[0.265s] Level 1:colcon.colcon_core.package_identification:_identify(src/argo_drivers_pkgs/Fixposition_driver_pkg/fixposition_driver-main/fixposition_driver_ros2) by extensions ['ignore', 'ignore_ament_install']
[0.265s] Level 1:colcon.colcon_core.package_identification:_identify(src/argo_drivers_pkgs/Fixposition_driver_pkg/fixposition_driver-main/fixposition_driver_ros2) by extension 'ignore'
[0.265s] Level 1:colcon.colcon_core.package_identification:_identify(src/argo_drivers_pkgs/Fixposition_driver_pkg/fixposition_driver-main/fixposition_driver_ros2) by extension 'ignore_ament_install'
[0.265s] Level 1:colcon.colcon_core.package_identification:_identify(src/argo_drivers_pkgs/Fixposition_driver_pkg/fixposition_driver-main/fixposition_driver_ros2) by extensions ['colcon_pkg']
[0.265s] Level 1:colcon.colcon_core.package_identification:_identify(src/argo_drivers_pkgs/Fixposition_driver_pkg/fixposition_driver-main/fixposition_driver_ros2) by extension 'colcon_pkg'
[0.265s] Level 1:colcon.colcon_core.package_identification:_identify(src/argo_drivers_pkgs/Fixposition_driver_pkg/fixposition_driver-main/fixposition_driver_ros2) by extensions ['colcon_meta']
[0.266s] Level 1:colcon.colcon_core.package_identification:_identify(src/argo_drivers_pkgs/Fixposition_driver_pkg/fixposition_driver-main/fixposition_driver_ros2) by extension 'colcon_meta'
[0.266s] Level 1:colcon.colcon_core.package_identification:_identify(src/argo_drivers_pkgs/Fixposition_driver_pkg/fixposition_driver-main/fixposition_driver_ros2) by extensions ['ament_gradle']
[0.266s] Level 1:colcon.colcon_core.package_identification:_identify(src/argo_drivers_pkgs/Fixposition_driver_pkg/fixposition_driver-main/fixposition_driver_ros2) by extension 'ament_gradle'
[0.266s] Level 1:colcon.colcon_core.package_identification:_identify(src/argo_drivers_pkgs/Fixposition_driver_pkg/fixposition_driver-main/fixposition_driver_ros2) by extensions ['ros']
[0.266s] Level 1:colcon.colcon_core.package_identification:_identify(src/argo_drivers_pkgs/Fixposition_driver_pkg/fixposition_driver-main/fixposition_driver_ros2) by extension 'ros'
[0.267s] DEBUG:colcon.colcon_core.package_identification:Package 'src/argo_drivers_pkgs/Fixposition_driver_pkg/fixposition_driver-main/fixposition_driver_ros2' with type 'ros.ament_cmake' and name 'fixposition_driver_ros2'
[0.267s] Level 1:colcon.colcon_core.package_identification:_identify(src/argo_drivers_pkgs/Fixposition_driver_pkg/fixposition_driver-main/fixposition_odometry_converter_ros2) by extensions ['ignore', 'ignore_ament_install']
[0.267s] Level 1:colcon.colcon_core.package_identification:_identify(src/argo_drivers_pkgs/Fixposition_driver_pkg/fixposition_driver-main/fixposition_odometry_converter_ros2) by extension 'ignore'
[0.267s] Level 1:colcon.colcon_core.package_identification:_identify(src/argo_drivers_pkgs/Fixposition_driver_pkg/fixposition_driver-main/fixposition_odometry_converter_ros2) by extension 'ignore_ament_install'
[0.267s] Level 1:colcon.colcon_core.package_identification:_identify(src/argo_drivers_pkgs/Fixposition_driver_pkg/fixposition_driver-main/fixposition_odometry_converter_ros2) by extensions ['colcon_pkg']
[0.267s] Level 1:colcon.colcon_core.package_identification:_identify(src/argo_drivers_pkgs/Fixposition_driver_pkg/fixposition_driver-main/fixposition_odometry_converter_ros2) by extension 'colcon_pkg'
[0.267s] Level 1:colcon.colcon_core.package_identification:_identify(src/argo_drivers_pkgs/Fixposition_driver_pkg/fixposition_driver-main/fixposition_odometry_converter_ros2) by extensions ['colcon_meta']
[0.267s] Level 1:colcon.colcon_core.package_identification:_identify(src/argo_drivers_pkgs/Fixposition_driver_pkg/fixposition_driver-main/fixposition_odometry_converter_ros2) by extension 'colcon_meta'
[0.267s] Level 1:colcon.colcon_core.package_identification:_identify(src/argo_drivers_pkgs/Fixposition_driver_pkg/fixposition_driver-main/fixposition_odometry_converter_ros2) by extensions ['ament_gradle']
[0.267s] Level 1:colcon.colcon_core.package_identification:_identify(src/argo_drivers_pkgs/Fixposition_driver_pkg/fixposition_driver-main/fixposition_odometry_converter_ros2) by extension 'ament_gradle'
[0.267s] Level 1:colcon.colcon_core.package_identification:_identify(src/argo_drivers_pkgs/Fixposition_driver_pkg/fixposition_driver-main/fixposition_odometry_converter_ros2) by extensions ['ros']
[0.267s] Level 1:colcon.colcon_core.package_identification:_identify(src/argo_drivers_pkgs/Fixposition_driver_pkg/fixposition_driver-main/fixposition_odometry_converter_ros2) by extension 'ros'
[0.268s] DEBUG:colcon.colcon_core.package_identification:Package 'src/argo_drivers_pkgs/Fixposition_driver_pkg/fixposition_driver-main/fixposition_odometry_converter_ros2' with type 'ros.ament_cmake' and name 'fixposition_odometry_converter_ros2'
[0.268s] Level 1:colcon.colcon_core.package_identification:_identify(src/argo_drivers_pkgs/Fixposition_driver_pkg/fixposition_driver-main/test) by extensions ['ignore', 'ignore_ament_install']
[0.268s] Level 1:colcon.colcon_core.package_identification:_identify(src/argo_drivers_pkgs/Fixposition_driver_pkg/fixposition_driver-main/test) by extension 'ignore'
[0.268s] Level 1:colcon.colcon_core.package_identification:_identify(src/argo_drivers_pkgs/Fixposition_driver_pkg/fixposition_driver-main/test) by extension 'ignore_ament_install'
[0.268s] Level 1:colcon.colcon_core.package_identification:_identify(src/argo_drivers_pkgs/Fixposition_driver_pkg/fixposition_driver-main/test) by extensions ['colcon_pkg']
[0.268s] Level 1:colcon.colcon_core.package_identification:_identify(src/argo_drivers_pkgs/Fixposition_driver_pkg/fixposition_driver-main/test) by extension 'colcon_pkg'
[0.268s] Level 1:colcon.colcon_core.package_identification:_identify(src/argo_drivers_pkgs/Fixposition_driver_pkg/fixposition_driver-main/test) by extensions ['colcon_meta']
[0.268s] Level 1:colcon.colcon_core.package_identification:_identify(src/argo_drivers_pkgs/Fixposition_driver_pkg/fixposition_driver-main/test) by extension 'colcon_meta'
[0.268s] Level 1:colcon.colcon_core.package_identification:_identify(src/argo_drivers_pkgs/Fixposition_driver_pkg/fixposition_driver-main/test) by extensions ['ament_gradle']
[0.268s] Level 1:colcon.colcon_core.package_identification:_identify(src/argo_drivers_pkgs/Fixposition_driver_pkg/fixposition_driver-main/test) by extension 'ament_gradle'
[0.269s] Level 1:colcon.colcon_core.package_identification:_identify(src/argo_drivers_pkgs/Fixposition_driver_pkg/fixposition_driver-main/test) by extensions ['ros']
[0.269s] Level 1:colcon.colcon_core.package_identification:_identify(src/argo_drivers_pkgs/Fixposition_driver_pkg/fixposition_driver-main/test) by extension 'ros'
[0.269s] Level 1:colcon.colcon_core.package_identification:_identify(src/argo_drivers_pkgs/Fixposition_driver_pkg/fixposition_driver-main/test) by extensions ['cmake', 'gradle', 'python']
[0.269s] Level 1:colcon.colcon_core.package_identification:_identify(src/argo_drivers_pkgs/Fixposition_driver_pkg/fixposition_driver-main/test) by extension 'cmake'
[0.269s] Level 1:colcon.colcon_core.package_identification:_identify(src/argo_drivers_pkgs/Fixposition_driver_pkg/fixposition_driver-main/test) by extension 'gradle'
[0.269s] Level 1:colcon.colcon_core.package_identification:_identify(src/argo_drivers_pkgs/Fixposition_driver_pkg/fixposition_driver-main/test) by extension 'python'
[0.269s] Level 1:colcon.colcon_core.package_identification:_identify(src/argo_drivers_pkgs/Fixposition_driver_pkg/fixposition_driver-main/test) by extensions ['python_setup_py']
[0.269s] Level 1:colcon.colcon_core.package_identification:_identify(src/argo_drivers_pkgs/Fixposition_driver_pkg/fixposition_driver-main/test) by extension 'python_setup_py'
[0.269s] Level 1:colcon.colcon_core.package_identification:_identify(src/argo_drivers_pkgs/Fixposition_driver_pkg/fixposition_driver-main/test/data) by extensions ['ignore', 'ignore_ament_install']
[0.269s] Level 1:colcon.colcon_core.package_identification:_identify(src/argo_drivers_pkgs/Fixposition_driver_pkg/fixposition_driver-main/test/data) by extension 'ignore'
[0.269s] Level 1:colcon.colcon_core.package_identification:_identify(src/argo_drivers_pkgs/Fixposition_driver_pkg/fixposition_driver-main/test/data) by extension 'ignore_ament_install'
[0.269s] Level 1:colcon.colcon_core.package_identification:_identify(src/argo_drivers_pkgs/Fixposition_driver_pkg/fixposition_driver-main/test/data) by extensions ['colcon_pkg']
[0.269s] Level 1:colcon.colcon_core.package_identification:_identify(src/argo_drivers_pkgs/Fixposition_driver_pkg/fixposition_driver-main/test/data) by extension 'colcon_pkg'
[0.269s] Level 1:colcon.colcon_core.package_identification:_identify(src/argo_drivers_pkgs/Fixposition_driver_pkg/fixposition_driver-main/test/data) by extensions ['colcon_meta']
[0.269s] Level 1:colcon.colcon_core.package_identification:_identify(src/argo_drivers_pkgs/Fixposition_driver_pkg/fixposition_driver-main/test/data) by extension 'colcon_meta'
[0.269s] Level 1:colcon.colcon_core.package_identification:_identify(src/argo_drivers_pkgs/Fixposition_driver_pkg/fixposition_driver-main/test/data) by extensions ['ament_gradle']
[0.269s] Level 1:colcon.colcon_core.package_identification:_identify(src/argo_drivers_pkgs/Fixposition_driver_pkg/fixposition_driver-main/test/data) by extension 'ament_gradle'
[0.269s] Level 1:colcon.colcon_core.package_identification:_identify(src/argo_drivers_pkgs/Fixposition_driver_pkg/fixposition_driver-main/test/data) by extensions ['ros']
[0.269s] Level 1:colcon.colcon_core.package_identification:_identify(src/argo_drivers_pkgs/Fixposition_driver_pkg/fixposition_driver-main/test/data) by extension 'ros'
[0.269s] Level 1:colcon.colcon_core.package_identification:_identify(src/argo_drivers_pkgs/Fixposition_driver_pkg/fixposition_driver-main/test/data) by extensions ['cmake', 'gradle', 'python']
[0.269s] Level 1:colcon.colcon_core.package_identification:_identify(src/argo_drivers_pkgs/Fixposition_driver_pkg/fixposition_driver-main/test/data) by extension 'cmake'
[0.269s] Level 1:colcon.colcon_core.package_identification:_identify(src/argo_drivers_pkgs/Fixposition_driver_pkg/fixposition_driver-main/test/data) by extension 'gradle'
[0.269s] Level 1:colcon.colcon_core.package_identification:_identify(src/argo_drivers_pkgs/Fixposition_driver_pkg/fixposition_driver-main/test/data) by extension 'python'
[0.269s] Level 1:colcon.colcon_core.package_identification:_identify(src/argo_drivers_pkgs/Fixposition_driver_pkg/fixposition_driver-main/test/data) by extensions ['python_setup_py']
[0.269s] Level 1:colcon.colcon_core.package_identification:_identify(src/argo_drivers_pkgs/Fixposition_driver_pkg/fixposition_driver-main/test/data) by extension 'python_setup_py'
[0.270s] Level 1:colcon.colcon_core.package_identification:_identify(src/argo_drivers_pkgs/Fixposition_driver_pkg/fixposition_gnss_tf-main) by extensions ['ignore', 'ignore_ament_install']
[0.270s] Level 1:colcon.colcon_core.package_identification:_identify(src/argo_drivers_pkgs/Fixposition_driver_pkg/fixposition_gnss_tf-main) by extension 'ignore'
[0.270s] Level 1:colcon.colcon_core.package_identification:_identify(src/argo_drivers_pkgs/Fixposition_driver_pkg/fixposition_gnss_tf-main) by extension 'ignore_ament_install'
[0.270s] Level 1:colcon.colcon_core.package_identification:_identify(src/argo_drivers_pkgs/Fixposition_driver_pkg/fixposition_gnss_tf-main) by extensions ['colcon_pkg']
[0.270s] Level 1:colcon.colcon_core.package_identification:_identify(src/argo_drivers_pkgs/Fixposition_driver_pkg/fixposition_gnss_tf-main) by extension 'colcon_pkg'
[0.270s] Level 1:colcon.colcon_core.package_identification:_identify(src/argo_drivers_pkgs/Fixposition_driver_pkg/fixposition_gnss_tf-main) by extensions ['colcon_meta']
[0.270s] Level 1:colcon.colcon_core.package_identification:_identify(src/argo_drivers_pkgs/Fixposition_driver_pkg/fixposition_gnss_tf-main) by extension 'colcon_meta'
[0.270s] Level 1:colcon.colcon_core.package_identification:_identify(src/argo_drivers_pkgs/Fixposition_driver_pkg/fixposition_gnss_tf-main) by extensions ['ament_gradle']
[0.270s] Level 1:colcon.colcon_core.package_identification:_identify(src/argo_drivers_pkgs/Fixposition_driver_pkg/fixposition_gnss_tf-main) by extension 'ament_gradle'
[0.270s] Level 1:colcon.colcon_core.package_identification:_identify(src/argo_drivers_pkgs/Fixposition_driver_pkg/fixposition_gnss_tf-main) by extensions ['ros']
[0.270s] Level 1:colcon.colcon_core.package_identification:_identify(src/argo_drivers_pkgs/Fixposition_driver_pkg/fixposition_gnss_tf-main) by extension 'ros'
[0.273s] DEBUG:colcon.colcon_core.package_identification:Package 'src/argo_drivers_pkgs/Fixposition_driver_pkg/fixposition_gnss_tf-main' with type 'ros.cmake' and name 'fixposition_gnss_tf'
[0.273s] Level 1:colcon.colcon_core.package_identification:_identify(src/argo_drivers_pkgs/argj801_sensors) by extensions ['ignore', 'ignore_ament_install']
[0.273s] Level 1:colcon.colcon_core.package_identification:_identify(src/argo_drivers_pkgs/argj801_sensors) by extension 'ignore'
[0.274s] Level 1:colcon.colcon_core.package_identification:_identify(src/argo_drivers_pkgs/argj801_sensors) by extension 'ignore_ament_install'
[0.274s] Level 1:colcon.colcon_core.package_identification:_identify(src/argo_drivers_pkgs/argj801_sensors) by extensions ['colcon_pkg']
[0.274s] Level 1:colcon.colcon_core.package_identification:_identify(src/argo_drivers_pkgs/argj801_sensors) by extension 'colcon_pkg'
[0.274s] Level 1:colcon.colcon_core.package_identification:_identify(src/argo_drivers_pkgs/argj801_sensors) by extensions ['colcon_meta']
[0.274s] Level 1:colcon.colcon_core.package_identification:_identify(src/argo_drivers_pkgs/argj801_sensors) by extension 'colcon_meta'
[0.274s] Level 1:colcon.colcon_core.package_identification:_identify(src/argo_drivers_pkgs/argj801_sensors) by extensions ['ament_gradle']
[0.274s] Level 1:colcon.colcon_core.package_identification:_identify(src/argo_drivers_pkgs/argj801_sensors) by extension 'ament_gradle'
[0.274s] Level 1:colcon.colcon_core.package_identification:_identify(src/argo_drivers_pkgs/argj801_sensors) by extensions ['ros']
[0.275s] Level 1:colcon.colcon_core.package_identification:_identify(src/argo_drivers_pkgs/argj801_sensors) by extension 'ros'
[0.275s] Level 1:colcon.colcon_core.package_identification:_identify(src/argo_drivers_pkgs/argj801_sensors) by extensions ['cmake', 'gradle', 'python']
[0.275s] Level 1:colcon.colcon_core.package_identification:_identify(src/argo_drivers_pkgs/argj801_sensors) by extension 'cmake'
[0.275s] Level 1:colcon.colcon_core.package_identification:_identify(src/argo_drivers_pkgs/argj801_sensors) by extension 'gradle'
[0.275s] Level 1:colcon.colcon_core.package_identification:_identify(src/argo_drivers_pkgs/argj801_sensors) by extension 'python'
[0.275s] Level 1:colcon.colcon_core.package_identification:_identify(src/argo_drivers_pkgs/argj801_sensors) by extensions ['python_setup_py']
[0.275s] Level 1:colcon.colcon_core.package_identification:_identify(src/argo_drivers_pkgs/argj801_sensors) by extension 'python_setup_py'
[0.275s] Level 1:colcon.colcon_core.package_identification:_identify(src/argo_drivers_pkgs/argj801_sensors/argj801_sensors) by extensions ['ignore', 'ignore_ament_install']
[0.275s] Level 1:colcon.colcon_core.package_identification:_identify(src/argo_drivers_pkgs/argj801_sensors/argj801_sensors) by extension 'ignore'
[0.275s] Level 1:colcon.colcon_core.package_identification:_identify(src/argo_drivers_pkgs/argj801_sensors/argj801_sensors) by extension 'ignore_ament_install'
[0.275s] Level 1:colcon.colcon_core.package_identification:_identify(src/argo_drivers_pkgs/argj801_sensors/argj801_sensors) by extensions ['colcon_pkg']
[0.275s] Level 1:colcon.colcon_core.package_identification:_identify(src/argo_drivers_pkgs/argj801_sensors/argj801_sensors) by extension 'colcon_pkg'
[0.275s] Level 1:colcon.colcon_core.package_identification:_identify(src/argo_drivers_pkgs/argj801_sensors/argj801_sensors) by extensions ['colcon_meta']
[0.275s] Level 1:colcon.colcon_core.package_identification:_identify(src/argo_drivers_pkgs/argj801_sensors/argj801_sensors) by extension 'colcon_meta'
[0.275s] Level 1:colcon.colcon_core.package_identification:_identify(src/argo_drivers_pkgs/argj801_sensors/argj801_sensors) by extensions ['ament_gradle']
[0.275s] Level 1:colcon.colcon_core.package_identification:_identify(src/argo_drivers_pkgs/argj801_sensors/argj801_sensors) by extension 'ament_gradle'
[0.276s] Level 1:colcon.colcon_core.package_identification:_identify(src/argo_drivers_pkgs/argj801_sensors/argj801_sensors) by extensions ['ros']
[0.276s] Level 1:colcon.colcon_core.package_identification:_identify(src/argo_drivers_pkgs/argj801_sensors/argj801_sensors) by extension 'ros'
[0.277s] DEBUG:colcon.colcon_core.package_identification:Package 'src/argo_drivers_pkgs/argj801_sensors/argj801_sensors' with type 'ros.ament_cmake' and name 'argj801_sensors'
[0.277s] Level 1:colcon.colcon_core.package_identification:_identify(src/argo_drivers_pkgs/argj801_sensors/argj801_sensors_msgs) by extensions ['ignore', 'ignore_ament_install']
[0.277s] Level 1:colcon.colcon_core.package_identification:_identify(src/argo_drivers_pkgs/argj801_sensors/argj801_sensors_msgs) by extension 'ignore'
[0.277s] Level 1:colcon.colcon_core.package_identification:_identify(src/argo_drivers_pkgs/argj801_sensors/argj801_sensors_msgs) by extension 'ignore_ament_install'
[0.277s] Level 1:colcon.colcon_core.package_identification:_identify(src/argo_drivers_pkgs/argj801_sensors/argj801_sensors_msgs) by extensions ['colcon_pkg']
[0.277s] Level 1:colcon.colcon_core.package_identification:_identify(src/argo_drivers_pkgs/argj801_sensors/argj801_sensors_msgs) by extension 'colcon_pkg'
[0.277s] Level 1:colcon.colcon_core.package_identification:_identify(src/argo_drivers_pkgs/argj801_sensors/argj801_sensors_msgs) by extensions ['colcon_meta']
[0.277s] Level 1:colcon.colcon_core.package_identification:_identify(src/argo_drivers_pkgs/argj801_sensors/argj801_sensors_msgs) by extension 'colcon_meta'
[0.277s] Level 1:colcon.colcon_core.package_identification:_identify(src/argo_drivers_pkgs/argj801_sensors/argj801_sensors_msgs) by extensions ['ament_gradle']
[0.277s] Level 1:colcon.colcon_core.package_identification:_identify(src/argo_drivers_pkgs/argj801_sensors/argj801_sensors_msgs) by extension 'ament_gradle'
[0.277s] Level 1:colcon.colcon_core.package_identification:_identify(src/argo_drivers_pkgs/argj801_sensors/argj801_sensors_msgs) by extensions ['ros']
[0.277s] Level 1:colcon.colcon_core.package_identification:_identify(src/argo_drivers_pkgs/argj801_sensors/argj801_sensors_msgs) by extension 'ros'
[0.278s] DEBUG:colcon.colcon_core.package_identification:Package 'src/argo_drivers_pkgs/argj801_sensors/argj801_sensors_msgs' with type 'ros.ament_cmake' and name 'argj801_sensors_msgs'
[0.278s] Level 1:colcon.colcon_core.package_identification:_identify(src/argo_drivers_pkgs/ntrip_client) by extensions ['ignore', 'ignore_ament_install']
[0.278s] Level 1:colcon.colcon_core.package_identification:_identify(src/argo_drivers_pkgs/ntrip_client) by extension 'ignore'
[0.278s] Level 1:colcon.colcon_core.package_identification:_identify(src/argo_drivers_pkgs/ntrip_client) by extension 'ignore_ament_install'
[0.279s] Level 1:colcon.colcon_core.package_identification:_identify(src/argo_drivers_pkgs/ntrip_client) by extensions ['colcon_pkg']
[0.279s] Level 1:colcon.colcon_core.package_identification:_identify(src/argo_drivers_pkgs/ntrip_client) by extension 'colcon_pkg'
[0.279s] Level 1:colcon.colcon_core.package_identification:_identify(src/argo_drivers_pkgs/ntrip_client) by extensions ['colcon_meta']
[0.279s] Level 1:colcon.colcon_core.package_identification:_identify(src/argo_drivers_pkgs/ntrip_client) by extension 'colcon_meta'
[0.279s] Level 1:colcon.colcon_core.package_identification:_identify(src/argo_drivers_pkgs/ntrip_client) by extensions ['ament_gradle']
[0.279s] Level 1:colcon.colcon_core.package_identification:_identify(src/argo_drivers_pkgs/ntrip_client) by extension 'ament_gradle'
[0.279s] Level 1:colcon.colcon_core.package_identification:_identify(src/argo_drivers_pkgs/ntrip_client) by extensions ['ros']
[0.279s] Level 1:colcon.colcon_core.package_identification:_identify(src/argo_drivers_pkgs/ntrip_client) by extension 'ros'
[0.281s] DEBUG:colcon.colcon_core.package_identification:Package 'src/argo_drivers_pkgs/ntrip_client' with type 'ros.ament_python' and name 'ntrip_client'
[0.281s] Level 1:colcon.colcon_core.package_identification:_identify(src/argo_drivers_pkgs/ublox) by extensions ['ignore', 'ignore_ament_install']
[0.281s] Level 1:colcon.colcon_core.package_identification:_identify(src/argo_drivers_pkgs/ublox) by extension 'ignore'
[0.281s] Level 1:colcon.colcon_core.package_identification:_identify(src/argo_drivers_pkgs/ublox) by extension 'ignore_ament_install'
[0.281s] Level 1:colcon.colcon_core.package_identification:_identify(src/argo_drivers_pkgs/ublox) by extensions ['colcon_pkg']
[0.281s] Level 1:colcon.colcon_core.package_identification:_identify(src/argo_drivers_pkgs/ublox) by extension 'colcon_pkg'
[0.281s] Level 1:colcon.colcon_core.package_identification:_identify(src/argo_drivers_pkgs/ublox) by extensions ['colcon_meta']
[0.281s] Level 1:colcon.colcon_core.package_identification:_identify(src/argo_drivers_pkgs/ublox) by extension 'colcon_meta'
[0.281s] Level 1:colcon.colcon_core.package_identification:_identify(src/argo_drivers_pkgs/ublox) by extensions ['ament_gradle']
[0.281s] Level 1:colcon.colcon_core.package_identification:_identify(src/argo_drivers_pkgs/ublox) by extension 'ament_gradle'
[0.282s] Level 1:colcon.colcon_core.package_identification:_identify(src/argo_drivers_pkgs/ublox) by extensions ['ros']
[0.282s] Level 1:colcon.colcon_core.package_identification:_identify(src/argo_drivers_pkgs/ublox) by extension 'ros'
[0.282s] Level 1:colcon.colcon_core.package_identification:_identify(src/argo_drivers_pkgs/ublox) by extensions ['cmake', 'gradle', 'python']
[0.282s] Level 1:colcon.colcon_core.package_identification:_identify(src/argo_drivers_pkgs/ublox) by extension 'cmake'
[0.282s] Level 1:colcon.colcon_core.package_identification:_identify(src/argo_drivers_pkgs/ublox) by extension 'gradle'
[0.282s] Level 1:colcon.colcon_core.package_identification:_identify(src/argo_drivers_pkgs/ublox) by extension 'python'
[0.282s] Level 1:colcon.colcon_core.package_identification:_identify(src/argo_drivers_pkgs/ublox) by extensions ['python_setup_py']
[0.282s] Level 1:colcon.colcon_core.package_identification:_identify(src/argo_drivers_pkgs/ublox) by extension 'python_setup_py'
[0.282s] Level 1:colcon.colcon_core.package_identification:_identify(src/argo_drivers_pkgs/ublox/ublox) by extensions ['ignore', 'ignore_ament_install']
[0.282s] Level 1:colcon.colcon_core.package_identification:_identify(src/argo_drivers_pkgs/ublox/ublox) by extension 'ignore'
[0.282s] Level 1:colcon.colcon_core.package_identification:_identify(src/argo_drivers_pkgs/ublox/ublox) by extension 'ignore_ament_install'
[0.282s] Level 1:colcon.colcon_core.package_identification:_identify(src/argo_drivers_pkgs/ublox/ublox) by extensions ['colcon_pkg']
[0.282s] Level 1:colcon.colcon_core.package_identification:_identify(src/argo_drivers_pkgs/ublox/ublox) by extension 'colcon_pkg'
[0.282s] Level 1:colcon.colcon_core.package_identification:_identify(src/argo_drivers_pkgs/ublox/ublox) by extensions ['colcon_meta']
[0.282s] Level 1:colcon.colcon_core.package_identification:_identify(src/argo_drivers_pkgs/ublox/ublox) by extension 'colcon_meta'
[0.282s] Level 1:colcon.colcon_core.package_identification:_identify(src/argo_drivers_pkgs/ublox/ublox) by extensions ['ament_gradle']
[0.282s] Level 1:colcon.colcon_core.package_identification:_identify(src/argo_drivers_pkgs/ublox/ublox) by extension 'ament_gradle'
[0.282s] Level 1:colcon.colcon_core.package_identification:_identify(src/argo_drivers_pkgs/ublox/ublox) by extensions ['ros']
[0.282s] Level 1:colcon.colcon_core.package_identification:_identify(src/argo_drivers_pkgs/ublox/ublox) by extension 'ros'
[0.283s] DEBUG:colcon.colcon_core.package_identification:Package 'src/argo_drivers_pkgs/ublox/ublox' with type 'ros.ament_cmake' and name 'ublox'
[0.283s] Level 1:colcon.colcon_core.package_identification:_identify(src/argo_drivers_pkgs/ublox/ublox_gps) by extensions ['ignore', 'ignore_ament_install']
[0.283s] Level 1:colcon.colcon_core.package_identification:_identify(src/argo_drivers_pkgs/ublox/ublox_gps) by extension 'ignore'
[0.283s] Level 1:colcon.colcon_core.package_identification:_identify(src/argo_drivers_pkgs/ublox/ublox_gps) by extension 'ignore_ament_install'
[0.283s] Level 1:colcon.colcon_core.package_identification:_identify(src/argo_drivers_pkgs/ublox/ublox_gps) by extensions ['colcon_pkg']
[0.283s] Level 1:colcon.colcon_core.package_identification:_identify(src/argo_drivers_pkgs/ublox/ublox_gps) by extension 'colcon_pkg'
[0.283s] Level 1:colcon.colcon_core.package_identification:_identify(src/argo_drivers_pkgs/ublox/ublox_gps) by extensions ['colcon_meta']
[0.283s] Level 1:colcon.colcon_core.package_identification:_identify(src/argo_drivers_pkgs/ublox/ublox_gps) by extension 'colcon_meta'
[0.283s] Level 1:colcon.colcon_core.package_identification:_identify(src/argo_drivers_pkgs/ublox/ublox_gps) by extensions ['ament_gradle']
[0.283s] Level 1:colcon.colcon_core.package_identification:_identify(src/argo_drivers_pkgs/ublox/ublox_gps) by extension 'ament_gradle'
[0.284s] Level 1:colcon.colcon_core.package_identification:_identify(src/argo_drivers_pkgs/ublox/ublox_gps) by extensions ['ros']
[0.284s] Level 1:colcon.colcon_core.package_identification:_identify(src/argo_drivers_pkgs/ublox/ublox_gps) by extension 'ros'
[0.286s] DEBUG:colcon.colcon_core.package_identification:Package 'src/argo_drivers_pkgs/ublox/ublox_gps' with type 'ros.ament_cmake' and name 'ublox_gps'
[0.287s] Level 1:colcon.colcon_core.package_identification:_identify(src/argo_drivers_pkgs/ublox/ublox_msgs) by extensions ['ignore', 'ignore_ament_install']
[0.287s] Level 1:colcon.colcon_core.package_identification:_identify(src/argo_drivers_pkgs/ublox/ublox_msgs) by extension 'ignore'
[0.287s] Level 1:colcon.colcon_core.package_identification:_identify(src/argo_drivers_pkgs/ublox/ublox_msgs) by extension 'ignore_ament_install'
[0.287s] Level 1:colcon.colcon_core.package_identification:_identify(src/argo_drivers_pkgs/ublox/ublox_msgs) by extensions ['colcon_pkg']
[0.287s] Level 1:colcon.colcon_core.package_identification:_identify(src/argo_drivers_pkgs/ublox/ublox_msgs) by extension 'colcon_pkg'
[0.287s] Level 1:colcon.colcon_core.package_identification:_identify(src/argo_drivers_pkgs/ublox/ublox_msgs) by extensions ['colcon_meta']
[0.287s] Level 1:colcon.colcon_core.package_identification:_identify(src/argo_drivers_pkgs/ublox/ublox_msgs) by extension 'colcon_meta'
[0.287s] Level 1:colcon.colcon_core.package_identification:_identify(src/argo_drivers_pkgs/ublox/ublox_msgs) by extensions ['ament_gradle']
[0.288s] Level 1:colcon.colcon_core.package_identification:_identify(src/argo_drivers_pkgs/ublox/ublox_msgs) by extension 'ament_gradle'
[0.288s] Level 1:colcon.colcon_core.package_identification:_identify(src/argo_drivers_pkgs/ublox/ublox_msgs) by extensions ['ros']
[0.288s] Level 1:colcon.colcon_core.package_identification:_identify(src/argo_drivers_pkgs/ublox/ublox_msgs) by extension 'ros'
[0.289s] DEBUG:colcon.colcon_core.package_identification:Package 'src/argo_drivers_pkgs/ublox/ublox_msgs' with type 'ros.ament_cmake' and name 'ublox_msgs'
[0.290s] Level 1:colcon.colcon_core.package_identification:_identify(src/argo_drivers_pkgs/ublox/ublox_serialization) by extensions ['ignore', 'ignore_ament_install']
[0.290s] Level 1:colcon.colcon_core.package_identification:_identify(src/argo_drivers_pkgs/ublox/ublox_serialization) by extension 'ignore'
[0.290s] Level 1:colcon.colcon_core.package_identification:_identify(src/argo_drivers_pkgs/ublox/ublox_serialization) by extension 'ignore_ament_install'
[0.290s] Level 1:colcon.colcon_core.package_identification:_identify(src/argo_drivers_pkgs/ublox/ublox_serialization) by extensions ['colcon_pkg']
[0.290s] Level 1:colcon.colcon_core.package_identification:_identify(src/argo_drivers_pkgs/ublox/ublox_serialization) by extension 'colcon_pkg'
[0.290s] Level 1:colcon.colcon_core.package_identification:_identify(src/argo_drivers_pkgs/ublox/ublox_serialization) by extensions ['colcon_meta']
[0.290s] Level 1:colcon.colcon_core.package_identification:_identify(src/argo_drivers_pkgs/ublox/ublox_serialization) by extension 'colcon_meta'
[0.290s] Level 1:colcon.colcon_core.package_identification:_identify(src/argo_drivers_pkgs/ublox/ublox_serialization) by extensions ['ament_gradle']
[0.290s] Level 1:colcon.colcon_core.package_identification:_identify(src/argo_drivers_pkgs/ublox/ublox_serialization) by extension 'ament_gradle'
[0.290s] Level 1:colcon.colcon_core.package_identification:_identify(src/argo_drivers_pkgs/ublox/ublox_serialization) by extensions ['ros']
[0.291s] Level 1:colcon.colcon_core.package_identification:_identify(src/argo_drivers_pkgs/ublox/ublox_serialization) by extension 'ros'
[0.292s] DEBUG:colcon.colcon_core.package_identification:Package 'src/argo_drivers_pkgs/ublox/ublox_serialization' with type 'ros.ament_cmake' and name 'ublox_serialization'
[0.292s] Level 1:colcon.colcon_core.package_identification:_identify(src/car_cpp) by extensions ['ignore', 'ignore_ament_install']
[0.292s] Level 1:colcon.colcon_core.package_identification:_identify(src/car_cpp) by extension 'ignore'
[0.292s] Level 1:colcon.colcon_core.package_identification:_identify(src/car_cpp) by extension 'ignore_ament_install'
[0.292s] Level 1:colcon.colcon_core.package_identification:_identify(src/car_cpp) by extensions ['colcon_pkg']
[0.292s] Level 1:colcon.colcon_core.package_identification:_identify(src/car_cpp) by extension 'colcon_pkg'
[0.293s] Level 1:colcon.colcon_core.package_identification:_identify(src/car_cpp) by extensions ['colcon_meta']
[0.293s] Level 1:colcon.colcon_core.package_identification:_identify(src/car_cpp) by extension 'colcon_meta'
[0.293s] Level 1:colcon.colcon_core.package_identification:_identify(src/car_cpp) by extensions ['ament_gradle']
[0.293s] Level 1:colcon.colcon_core.package_identification:_identify(src/car_cpp) by extension 'ament_gradle'
[0.293s] Level 1:colcon.colcon_core.package_identification:_identify(src/car_cpp) by extensions ['ros']
[0.293s] Level 1:colcon.colcon_core.package_identification:_identify(src/car_cpp) by extension 'ros'
[0.295s] DEBUG:colcon.colcon_core.package_identification:Package 'src/car_cpp' with type 'ros.ament_cmake' and name 'car_cpp'
[0.295s] Level 1:colcon.colcon_core.package_identification:_identify(src/car_interfaces) by extensions ['ignore', 'ignore_ament_install']
[0.296s] Level 1:colcon.colcon_core.package_identification:_identify(src/car_interfaces) by extension 'ignore'
[0.296s] Level 1:colcon.colcon_core.package_identification:_identify(src/car_interfaces) by extension 'ignore_ament_install'
[0.296s] Level 1:colcon.colcon_core.package_identification:_identify(src/car_interfaces) by extensions ['colcon_pkg']
[0.296s] Level 1:colcon.colcon_core.package_identification:_identify(src/car_interfaces) by extension 'colcon_pkg'
[0.296s] Level 1:colcon.colcon_core.package_identification:_identify(src/car_interfaces) by extensions ['colcon_meta']
[0.296s] Level 1:colcon.colcon_core.package_identification:_identify(src/car_interfaces) by extension 'colcon_meta'
[0.296s] Level 1:colcon.colcon_core.package_identification:_identify(src/car_interfaces) by extensions ['ament_gradle']
[0.296s] Level 1:colcon.colcon_core.package_identification:_identify(src/car_interfaces) by extension 'ament_gradle'
[0.296s] Level 1:colcon.colcon_core.package_identification:_identify(src/car_interfaces) by extensions ['ros']
[0.296s] Level 1:colcon.colcon_core.package_identification:_identify(src/car_interfaces) by extension 'ros'
[0.298s] DEBUG:colcon.colcon_core.package_identification:Package 'src/car_interfaces' with type 'ros.ament_cmake' and name 'car_interfaces'
[0.298s] Level 1:colcon.colcon_core.package_identification:_identify(src/car_python) by extensions ['ignore', 'ignore_ament_install']
[0.298s] Level 1:colcon.colcon_core.package_identification:_identify(src/car_python) by extension 'ignore'
[0.299s] Level 1:colcon.colcon_core.package_identification:_identify(src/car_python) by extension 'ignore_ament_install'
[0.299s] Level 1:colcon.colcon_core.package_identification:_identify(src/car_python) by extensions ['colcon_pkg']
[0.299s] Level 1:colcon.colcon_core.package_identification:_identify(src/car_python) by extension 'colcon_pkg'
[0.299s] Level 1:colcon.colcon_core.package_identification:_identify(src/car_python) by extensions ['colcon_meta']
[0.299s] Level 1:colcon.colcon_core.package_identification:_identify(src/car_python) by extension 'colcon_meta'
[0.299s] Level 1:colcon.colcon_core.package_identification:_identify(src/car_python) by extensions ['ament_gradle']
[0.299s] Level 1:colcon.colcon_core.package_identification:_identify(src/car_python) by extension 'ament_gradle'
[0.299s] Level 1:colcon.colcon_core.package_identification:_identify(src/car_python) by extensions ['ros']
[0.299s] Level 1:colcon.colcon_core.package_identification:_identify(src/car_python) by extension 'ros'
[0.304s] DEBUG:colcon.colcon_core.package_identification:Package 'src/car_python' with type 'ros.ament_python' and name 'car'
[0.304s] Level 1:colcon.colcon_core.package_identification:_identify(src/ctl_mission) by extensions ['ignore', 'ignore_ament_install']
[0.305s] Level 1:colcon.colcon_core.package_identification:_identify(src/ctl_mission) by extension 'ignore'
[0.305s] Level 1:colcon.colcon_core.package_identification:_identify(src/ctl_mission) by extension 'ignore_ament_install'
[0.305s] Level 1:colcon.colcon_core.package_identification:_identify(src/ctl_mission) by extensions ['colcon_pkg']
[0.305s] Level 1:colcon.colcon_core.package_identification:_identify(src/ctl_mission) by extension 'colcon_pkg'
[0.305s] Level 1:colcon.colcon_core.package_identification:_identify(src/ctl_mission) by extensions ['colcon_meta']
[0.305s] Level 1:colcon.colcon_core.package_identification:_identify(src/ctl_mission) by extension 'colcon_meta'
[0.305s] Level 1:colcon.colcon_core.package_identification:_identify(src/ctl_mission) by extensions ['ament_gradle']
[0.305s] Level 1:colcon.colcon_core.package_identification:_identify(src/ctl_mission) by extension 'ament_gradle'
[0.305s] Level 1:colcon.colcon_core.package_identification:_identify(src/ctl_mission) by extensions ['ros']
[0.306s] Level 1:colcon.colcon_core.package_identification:_identify(src/ctl_mission) by extension 'ros'
[0.306s] Level 1:colcon.colcon_core.package_identification:_identify(src/ctl_mission) by extensions ['cmake', 'gradle', 'python']
[0.306s] Level 1:colcon.colcon_core.package_identification:_identify(src/ctl_mission) by extension 'cmake'
[0.306s] Level 1:colcon.colcon_core.package_identification:_identify(src/ctl_mission) by extension 'gradle'
[0.306s] Level 1:colcon.colcon_core.package_identification:_identify(src/ctl_mission) by extension 'python'
[0.306s] Level 1:colcon.colcon_core.package_identification:_identify(src/ctl_mission) by extensions ['python_setup_py']
[0.306s] Level 1:colcon.colcon_core.package_identification:_identify(src/ctl_mission) by extension 'python_setup_py'
[0.306s] Level 1:colcon.colcon_core.package_identification:_identify(src/ctl_mission/ctl_mission) by extensions ['ignore', 'ignore_ament_install']
[0.307s] Level 1:colcon.colcon_core.package_identification:_identify(src/ctl_mission/ctl_mission) by extension 'ignore'
[0.307s] Level 1:colcon.colcon_core.package_identification:_identify(src/ctl_mission/ctl_mission) by extension 'ignore_ament_install'
[0.307s] Level 1:colcon.colcon_core.package_identification:_identify(src/ctl_mission/ctl_mission) by extensions ['colcon_pkg']
[0.307s] Level 1:colcon.colcon_core.package_identification:_identify(src/ctl_mission/ctl_mission) by extension 'colcon_pkg'
[0.307s] Level 1:colcon.colcon_core.package_identification:_identify(src/ctl_mission/ctl_mission) by extensions ['colcon_meta']
[0.307s] Level 1:colcon.colcon_core.package_identification:_identify(src/ctl_mission/ctl_mission) by extension 'colcon_meta'
[0.307s] Level 1:colcon.colcon_core.package_identification:_identify(src/ctl_mission/ctl_mission) by extensions ['ament_gradle']
[0.307s] Level 1:colcon.colcon_core.package_identification:_identify(src/ctl_mission/ctl_mission) by extension 'ament_gradle'
[0.307s] Level 1:colcon.colcon_core.package_identification:_identify(src/ctl_mission/ctl_mission) by extensions ['ros']
[0.307s] Level 1:colcon.colcon_core.package_identification:_identify(src/ctl_mission/ctl_mission) by extension 'ros'
[0.309s] DEBUG:colcon.colcon_core.package_identification:Package 'src/ctl_mission/ctl_mission' with type 'ros.ament_cmake' and name 'ctl_mission'
[0.309s] Level 1:colcon.colcon_core.package_identification:_identify(src/ctl_mission/ctl_mission_interfaces) by extensions ['ignore', 'ignore_ament_install']
[0.310s] Level 1:colcon.colcon_core.package_identification:_identify(src/ctl_mission/ctl_mission_interfaces) by extension 'ignore'
[0.310s] Level 1:colcon.colcon_core.package_identification:_identify(src/ctl_mission/ctl_mission_interfaces) by extension 'ignore_ament_install'
[0.310s] Level 1:colcon.colcon_core.package_identification:_identify(src/ctl_mission/ctl_mission_interfaces) by extensions ['colcon_pkg']
[0.310s] Level 1:colcon.colcon_core.package_identification:_identify(src/ctl_mission/ctl_mission_interfaces) by extension 'colcon_pkg'
[0.310s] Level 1:colcon.colcon_core.package_identification:_identify(src/ctl_mission/ctl_mission_interfaces) by extensions ['colcon_meta']
[0.310s] Level 1:colcon.colcon_core.package_identification:_identify(src/ctl_mission/ctl_mission_interfaces) by extension 'colcon_meta'
[0.310s] Level 1:colcon.colcon_core.package_identification:_identify(src/ctl_mission/ctl_mission_interfaces) by extensions ['ament_gradle']
[0.310s] Level 1:colcon.colcon_core.package_identification:_identify(src/ctl_mission/ctl_mission_interfaces) by extension 'ament_gradle'
[0.310s] Level 1:colcon.colcon_core.package_identification:_identify(src/ctl_mission/ctl_mission_interfaces) by extensions ['ros']
[0.310s] Level 1:colcon.colcon_core.package_identification:_identify(src/ctl_mission/ctl_mission_interfaces) by extension 'ros'
[0.311s] DEBUG:colcon.colcon_core.package_identification:Package 'src/ctl_mission/ctl_mission_interfaces' with type 'ros.ament_cmake' and name 'ctl_mission_interfaces'
[0.311s] Level 1:colcon.colcon_core.package_identification:_identify(src/ctl_mission/images) by extensions ['ignore', 'ignore_ament_install']
[0.311s] Level 1:colcon.colcon_core.package_identification:_identify(src/ctl_mission/images) by extension 'ignore'
[0.311s] Level 1:colcon.colcon_core.package_identification:_identify(src/ctl_mission/images) by extension 'ignore_ament_install'
[0.311s] Level 1:colcon.colcon_core.package_identification:_identify(src/ctl_mission/images) by extensions ['colcon_pkg']
[0.311s] Level 1:colcon.colcon_core.package_identification:_identify(src/ctl_mission/images) by extension 'colcon_pkg'
[0.311s] Level 1:colcon.colcon_core.package_identification:_identify(src/ctl_mission/images) by extensions ['colcon_meta']
[0.311s] Level 1:colcon.colcon_core.package_identification:_identify(src/ctl_mission/images) by extension 'colcon_meta'
[0.311s] Level 1:colcon.colcon_core.package_identification:_identify(src/ctl_mission/images) by extensions ['ament_gradle']
[0.311s] Level 1:colcon.colcon_core.package_identification:_identify(src/ctl_mission/images) by extension 'ament_gradle'
[0.311s] Level 1:colcon.colcon_core.package_identification:_identify(src/ctl_mission/images) by extensions ['ros']
[0.311s] Level 1:colcon.colcon_core.package_identification:_identify(src/ctl_mission/images) by extension 'ros'
[0.311s] Level 1:colcon.colcon_core.package_identification:_identify(src/ctl_mission/images) by extensions ['cmake', 'gradle', 'python']
[0.311s] Level 1:colcon.colcon_core.package_identification:_identify(src/ctl_mission/images) by extension 'cmake'
[0.311s] Level 1:colcon.colcon_core.package_identification:_identify(src/ctl_mission/images) by extension 'gradle'
[0.312s] Level 1:colcon.colcon_core.package_identification:_identify(src/ctl_mission/images) by extension 'python'
[0.312s] Level 1:colcon.colcon_core.package_identification:_identify(src/ctl_mission/images) by extensions ['python_setup_py']
[0.312s] Level 1:colcon.colcon_core.package_identification:_identify(src/ctl_mission/images) by extension 'python_setup_py'
[0.312s] Level 1:colcon.colcon_core.package_identification:_identify(src/gazebo_sim_pkgs) by extensions ['ignore', 'ignore_ament_install']
[0.312s] Level 1:colcon.colcon_core.package_identification:_identify(src/gazebo_sim_pkgs) by extension 'ignore'
[0.312s] Level 1:colcon.colcon_core.package_identification:_identify(src/gazebo_sim_pkgs) by extension 'ignore_ament_install'
[0.312s] Level 1:colcon.colcon_core.package_identification:_identify(src/gazebo_sim_pkgs) by extensions ['colcon_pkg']
[0.312s] Level 1:colcon.colcon_core.package_identification:_identify(src/gazebo_sim_pkgs) by extension 'colcon_pkg'
[0.312s] Level 1:colcon.colcon_core.package_identification:_identify(src/gazebo_sim_pkgs) by extensions ['colcon_meta']
[0.312s] Level 1:colcon.colcon_core.package_identification:_identify(src/gazebo_sim_pkgs) by extension 'colcon_meta'
[0.312s] Level 1:colcon.colcon_core.package_identification:_identify(src/gazebo_sim_pkgs) by extensions ['ament_gradle']
[0.312s] Level 1:colcon.colcon_core.package_identification:_identify(src/gazebo_sim_pkgs) by extension 'ament_gradle'
[0.312s] Level 1:colcon.colcon_core.package_identification:_identify(src/gazebo_sim_pkgs) by extensions ['ros']
[0.312s] Level 1:colcon.colcon_core.package_identification:_identify(src/gazebo_sim_pkgs) by extension 'ros'
[0.312s] Level 1:colcon.colcon_core.package_identification:_identify(src/gazebo_sim_pkgs) by extensions ['cmake', 'gradle', 'python']
[0.312s] Level 1:colcon.colcon_core.package_identification:_identify(src/gazebo_sim_pkgs) by extension 'cmake'
[0.312s] Level 1:colcon.colcon_core.package_identification:_identify(src/gazebo_sim_pkgs) by extension 'gradle'
[0.312s] Level 1:colcon.colcon_core.package_identification:_identify(src/gazebo_sim_pkgs) by extension 'python'
[0.312s] Level 1:colcon.colcon_core.package_identification:_identify(src/gazebo_sim_pkgs) by extensions ['python_setup_py']
[0.312s] Level 1:colcon.colcon_core.package_identification:_identify(src/gazebo_sim_pkgs) by extension 'python_setup_py'
[0.312s] Level 1:colcon.colcon_core.package_identification:_identify(src/gazebo_sim_pkgs/fix_position_pkg) by extensions ['ignore', 'ignore_ament_install']
[0.312s] Level 1:colcon.colcon_core.package_identification:_identify(src/gazebo_sim_pkgs/fix_position_pkg) by extension 'ignore'
[0.313s] Level 1:colcon.colcon_core.package_identification:_identify(src/gazebo_sim_pkgs/fix_position_pkg) by extension 'ignore_ament_install'
[0.313s] Level 1:colcon.colcon_core.package_identification:_identify(src/gazebo_sim_pkgs/fix_position_pkg) by extensions ['colcon_pkg']
[0.313s] Level 1:colcon.colcon_core.package_identification:_identify(src/gazebo_sim_pkgs/fix_position_pkg) by extension 'colcon_pkg'
[0.313s] Level 1:colcon.colcon_core.package_identification:_identify(src/gazebo_sim_pkgs/fix_position_pkg) by extensions ['colcon_meta']
[0.313s] Level 1:colcon.colcon_core.package_identification:_identify(src/gazebo_sim_pkgs/fix_position_pkg) by extension 'colcon_meta'
[0.313s] Level 1:colcon.colcon_core.package_identification:_identify(src/gazebo_sim_pkgs/fix_position_pkg) by extensions ['ament_gradle']
[0.313s] Level 1:colcon.colcon_core.package_identification:_identify(src/gazebo_sim_pkgs/fix_position_pkg) by extension 'ament_gradle'
[0.313s] Level 1:colcon.colcon_core.package_identification:_identify(src/gazebo_sim_pkgs/fix_position_pkg) by extensions ['ros']
[0.313s] Level 1:colcon.colcon_core.package_identification:_identify(src/gazebo_sim_pkgs/fix_position_pkg) by extension 'ros'
[0.314s] DEBUG:colcon.colcon_core.package_identification:Package 'src/gazebo_sim_pkgs/fix_position_pkg' with type 'ros.ament_cmake' and name 'fixposition_sensor_pkg'
[0.314s] Level 1:colcon.colcon_core.package_identification:_identify(src/gazebo_sim_pkgs/j8_xacro_model) by extensions ['ignore', 'ignore_ament_install']
[0.314s] Level 1:colcon.colcon_core.package_identification:_identify(src/gazebo_sim_pkgs/j8_xacro_model) by extension 'ignore'
[0.315s] Level 1:colcon.colcon_core.package_identification:_identify(src/gazebo_sim_pkgs/j8_xacro_model) by extension 'ignore_ament_install'
[0.315s] Level 1:colcon.colcon_core.package_identification:_identify(src/gazebo_sim_pkgs/j8_xacro_model) by extensions ['colcon_pkg']
[0.315s] Level 1:colcon.colcon_core.package_identification:_identify(src/gazebo_sim_pkgs/j8_xacro_model) by extension 'colcon_pkg'
[0.315s] Level 1:colcon.colcon_core.package_identification:_identify(src/gazebo_sim_pkgs/j8_xacro_model) by extensions ['colcon_meta']
[0.315s] Level 1:colcon.colcon_core.package_identification:_identify(src/gazebo_sim_pkgs/j8_xacro_model) by extension 'colcon_meta'
[0.315s] Level 1:colcon.colcon_core.package_identification:_identify(src/gazebo_sim_pkgs/j8_xacro_model) by extensions ['ament_gradle']
[0.315s] Level 1:colcon.colcon_core.package_identification:_identify(src/gazebo_sim_pkgs/j8_xacro_model) by extension 'ament_gradle'
[0.315s] Level 1:colcon.colcon_core.package_identification:_identify(src/gazebo_sim_pkgs/j8_xacro_model) by extensions ['ros']
[0.315s] Level 1:colcon.colcon_core.package_identification:_identify(src/gazebo_sim_pkgs/j8_xacro_model) by extension 'ros'
[0.316s] DEBUG:colcon.colcon_core.package_identification:Package 'src/gazebo_sim_pkgs/j8_xacro_model' with type 'ros.ament_cmake' and name 'j8_xacro_model'
[0.316s] Level 1:colcon.colcon_core.package_identification:_identify(src/hector_gazebo) by extensions ['ignore', 'ignore_ament_install']
[0.316s] Level 1:colcon.colcon_core.package_identification:_identify(src/hector_gazebo) by extension 'ignore'
[0.316s] Level 1:colcon.colcon_core.package_identification:_identify(src/hector_gazebo) by extension 'ignore_ament_install'
[0.316s] Level 1:colcon.colcon_core.package_identification:_identify(src/hector_gazebo) by extensions ['colcon_pkg']
[0.316s] Level 1:colcon.colcon_core.package_identification:_identify(src/hector_gazebo) by extension 'colcon_pkg'
[0.316s] Level 1:colcon.colcon_core.package_identification:_identify(src/hector_gazebo) by extensions ['colcon_meta']
[0.316s] Level 1:colcon.colcon_core.package_identification:_identify(src/hector_gazebo) by extension 'colcon_meta'
[0.317s] Level 1:colcon.colcon_core.package_identification:_identify(src/hector_gazebo) by extensions ['ament_gradle']
[0.317s] Level 1:colcon.colcon_core.package_identification:_identify(src/hector_gazebo) by extension 'ament_gradle'
[0.317s] Level 1:colcon.colcon_core.package_identification:_identify(src/hector_gazebo) by extensions ['ros']
[0.317s] Level 1:colcon.colcon_core.package_identification:_identify(src/hector_gazebo) by extension 'ros'
[0.318s] DEBUG:colcon.colcon_core.package_identification:Package 'src/hector_gazebo' with type 'ros.ament_cmake' and name 'hector_gazebo_plugins'
[0.318s] Level 1:colcon.colcon_core.package_identification:_identify(src/j8_joystick) by extensions ['ignore', 'ignore_ament_install']
[0.318s] Level 1:colcon.colcon_core.package_identification:_identify(src/j8_joystick) by extension 'ignore'
[0.318s] Level 1:colcon.colcon_core.package_identification:_identify(src/j8_joystick) by extension 'ignore_ament_install'
[0.318s] Level 1:colcon.colcon_core.package_identification:_identify(src/j8_joystick) by extensions ['colcon_pkg']
[0.318s] Level 1:colcon.colcon_core.package_identification:_identify(src/j8_joystick) by extension 'colcon_pkg'
[0.319s] Level 1:colcon.colcon_core.package_identification:_identify(src/j8_joystick) by extensions ['colcon_meta']
[0.319s] Level 1:colcon.colcon_core.package_identification:_identify(src/j8_joystick) by extension 'colcon_meta'
[0.319s] Level 1:colcon.colcon_core.package_identification:_identify(src/j8_joystick) by extensions ['ament_gradle']
[0.319s] Level 1:colcon.colcon_core.package_identification:_identify(src/j8_joystick) by extension 'ament_gradle'
[0.319s] Level 1:colcon.colcon_core.package_identification:_identify(src/j8_joystick) by extensions ['ros']
[0.319s] Level 1:colcon.colcon_core.package_identification:_identify(src/j8_joystick) by extension 'ros'
[0.319s] Level 1:colcon.colcon_core.package_identification:_identify(src/j8_joystick) by extensions ['cmake', 'gradle', 'python']
[0.319s] Level 1:colcon.colcon_core.package_identification:_identify(src/j8_joystick) by extension 'cmake'
[0.319s] Level 1:colcon.colcon_core.package_identification:_identify(src/j8_joystick) by extension 'gradle'
[0.319s] Level 1:colcon.colcon_core.package_identification:_identify(src/j8_joystick) by extension 'python'
[0.319s] Level 1:colcon.colcon_core.package_identification:_identify(src/j8_joystick) by extensions ['python_setup_py']
[0.319s] Level 1:colcon.colcon_core.package_identification:_identify(src/j8_joystick) by extension 'python_setup_py'
[0.319s] Level 1:colcon.colcon_core.package_identification:_identify(src/j8_joystick/joy) by extensions ['ignore', 'ignore_ament_install']
[0.319s] Level 1:colcon.colcon_core.package_identification:_identify(src/j8_joystick/joy) by extension 'ignore'
[0.319s] Level 1:colcon.colcon_core.package_identification:_identify(src/j8_joystick/joy) by extension 'ignore_ament_install'
[0.320s] Level 1:colcon.colcon_core.package_identification:_identify(src/j8_joystick/joy) by extensions ['colcon_pkg']
[0.320s] Level 1:colcon.colcon_core.package_identification:_identify(src/j8_joystick/joy) by extension 'colcon_pkg'
[0.320s] Level 1:colcon.colcon_core.package_identification:_identify(src/j8_joystick/joy) by extensions ['colcon_meta']
[0.320s] Level 1:colcon.colcon_core.package_identification:_identify(src/j8_joystick/joy) by extension 'colcon_meta'
[0.320s] Level 1:colcon.colcon_core.package_identification:_identify(src/j8_joystick/joy) by extensions ['ament_gradle']
[0.320s] Level 1:colcon.colcon_core.package_identification:_identify(src/j8_joystick/joy) by extension 'ament_gradle'
[0.320s] Level 1:colcon.colcon_core.package_identification:_identify(src/j8_joystick/joy) by extensions ['ros']
[0.320s] Level 1:colcon.colcon_core.package_identification:_identify(src/j8_joystick/joy) by extension 'ros'
[0.321s] DEBUG:colcon.colcon_core.package_identification:Package 'src/j8_joystick/joy' with type 'ros.ament_cmake' and name 'joy'
[0.321s] Level 1:colcon.colcon_core.package_identification:_identify(src/j8_joystick/joy_linux) by extensions ['ignore', 'ignore_ament_install']
[0.321s] Level 1:colcon.colcon_core.package_identification:_identify(src/j8_joystick/joy_linux) by extension 'ignore'
[0.321s] Level 1:colcon.colcon_core.package_identification:_identify(src/j8_joystick/joy_linux) by extension 'ignore_ament_install'
[0.322s] Level 1:colcon.colcon_core.package_identification:_identify(src/j8_joystick/joy_linux) by extensions ['colcon_pkg']
[0.322s] Level 1:colcon.colcon_core.package_identification:_identify(src/j8_joystick/joy_linux) by extension 'colcon_pkg'
[0.322s] Level 1:colcon.colcon_core.package_identification:_identify(src/j8_joystick/joy_linux) by extensions ['colcon_meta']
[0.322s] Level 1:colcon.colcon_core.package_identification:_identify(src/j8_joystick/joy_linux) by extension 'colcon_meta'
[0.322s] Level 1:colcon.colcon_core.package_identification:_identify(src/j8_joystick/joy_linux) by extensions ['ament_gradle']
[0.322s] Level 1:colcon.colcon_core.package_identification:_identify(src/j8_joystick/joy_linux) by extension 'ament_gradle'
[0.322s] Level 1:colcon.colcon_core.package_identification:_identify(src/j8_joystick/joy_linux) by extensions ['ros']
[0.322s] Level 1:colcon.colcon_core.package_identification:_identify(src/j8_joystick/joy_linux) by extension 'ros'
[0.323s] DEBUG:colcon.colcon_core.package_identification:Package 'src/j8_joystick/joy_linux' with type 'ros.ament_cmake' and name 'joy_linux'
[0.323s] Level 1:colcon.colcon_core.package_identification:_identify(src/j8_joystick/joystick_drivers) by extensions ['ignore', 'ignore_ament_install']
[0.323s] Level 1:colcon.colcon_core.package_identification:_identify(src/j8_joystick/joystick_drivers) by extension 'ignore'
[0.323s] Level 1:colcon.colcon_core.package_identification:_identify(src/j8_joystick/joystick_drivers) by extension 'ignore_ament_install'
[0.323s] Level 1:colcon.colcon_core.package_identification:_identify(src/j8_joystick/joystick_drivers) by extensions ['colcon_pkg']
[0.323s] Level 1:colcon.colcon_core.package_identification:_identify(src/j8_joystick/joystick_drivers) by extension 'colcon_pkg'
[0.323s] Level 1:colcon.colcon_core.package_identification:_identify(src/j8_joystick/joystick_drivers) by extensions ['colcon_meta']
[0.323s] Level 1:colcon.colcon_core.package_identification:_identify(src/j8_joystick/joystick_drivers) by extension 'colcon_meta'
[0.323s] Level 1:colcon.colcon_core.package_identification:_identify(src/j8_joystick/joystick_drivers) by extensions ['ament_gradle']
[0.323s] Level 1:colcon.colcon_core.package_identification:_identify(src/j8_joystick/joystick_drivers) by extension 'ament_gradle'
[0.323s] Level 1:colcon.colcon_core.package_identification:_identify(src/j8_joystick/joystick_drivers) by extensions ['ros']
[0.323s] Level 1:colcon.colcon_core.package_identification:_identify(src/j8_joystick/joystick_drivers) by extension 'ros'
[0.323s] Level 1:colcon.colcon_core.package_identification:_identify(src/j8_joystick/joystick_drivers) ignored
[0.323s] Level 1:colcon.colcon_core.package_identification:_identify(src/j8_joystick/ps3joy) by extensions ['ignore', 'ignore_ament_install']
[0.323s] Level 1:colcon.colcon_core.package_identification:_identify(src/j8_joystick/ps3joy) by extension 'ignore'
[0.324s] Level 1:colcon.colcon_core.package_identification:_identify(src/j8_joystick/ps3joy) by extension 'ignore_ament_install'
[0.324s] Level 1:colcon.colcon_core.package_identification:_identify(src/j8_joystick/ps3joy) by extensions ['colcon_pkg']
[0.324s] Level 1:colcon.colcon_core.package_identification:_identify(src/j8_joystick/ps3joy) by extension 'colcon_pkg'
[0.324s] Level 1:colcon.colcon_core.package_identification:_identify(src/j8_joystick/ps3joy) by extensions ['colcon_meta']
[0.324s] Level 1:colcon.colcon_core.package_identification:_identify(src/j8_joystick/ps3joy) by extension 'colcon_meta'
[0.324s] Level 1:colcon.colcon_core.package_identification:_identify(src/j8_joystick/ps3joy) by extensions ['ament_gradle']
[0.324s] Level 1:colcon.colcon_core.package_identification:_identify(src/j8_joystick/ps3joy) by extension 'ament_gradle'
[0.324s] Level 1:colcon.colcon_core.package_identification:_identify(src/j8_joystick/ps3joy) by extensions ['ros']
[0.324s] Level 1:colcon.colcon_core.package_identification:_identify(src/j8_joystick/ps3joy) by extension 'ros'
[0.324s] Level 1:colcon.colcon_core.package_identification:_identify(src/j8_joystick/ps3joy) ignored
[0.324s] Level 1:colcon.colcon_core.package_identification:_identify(src/j8_joystick/sdl2_vendor) by extensions ['ignore', 'ignore_ament_install']
[0.324s] Level 1:colcon.colcon_core.package_identification:_identify(src/j8_joystick/sdl2_vendor) by extension 'ignore'
[0.324s] Level 1:colcon.colcon_core.package_identification:_identify(src/j8_joystick/sdl2_vendor) by extension 'ignore_ament_install'
[0.324s] Level 1:colcon.colcon_core.package_identification:_identify(src/j8_joystick/sdl2_vendor) by extensions ['colcon_pkg']
[0.324s] Level 1:colcon.colcon_core.package_identification:_identify(src/j8_joystick/sdl2_vendor) by extension 'colcon_pkg'
[0.324s] Level 1:colcon.colcon_core.package_identification:_identify(src/j8_joystick/sdl2_vendor) by extensions ['colcon_meta']
[0.324s] Level 1:colcon.colcon_core.package_identification:_identify(src/j8_joystick/sdl2_vendor) by extension 'colcon_meta'
[0.324s] Level 1:colcon.colcon_core.package_identification:_identify(src/j8_joystick/sdl2_vendor) by extensions ['ament_gradle']
[0.324s] Level 1:colcon.colcon_core.package_identification:_identify(src/j8_joystick/sdl2_vendor) by extension 'ament_gradle'
[0.324s] Level 1:colcon.colcon_core.package_identification:_identify(src/j8_joystick/sdl2_vendor) by extensions ['ros']
[0.324s] Level 1:colcon.colcon_core.package_identification:_identify(src/j8_joystick/sdl2_vendor) by extension 'ros'
[0.325s] DEBUG:colcon.colcon_core.package_identification:Package 'src/j8_joystick/sdl2_vendor' with type 'ros.ament_cmake' and name 'sdl2_vendor'
[0.325s] Level 1:colcon.colcon_core.package_identification:_identify(src/j8_joystick/spacenav) by extensions ['ignore', 'ignore_ament_install']
[0.325s] Level 1:colcon.colcon_core.package_identification:_identify(src/j8_joystick/spacenav) by extension 'ignore'
[0.325s] Level 1:colcon.colcon_core.package_identification:_identify(src/j8_joystick/spacenav) by extension 'ignore_ament_install'
[0.325s] Level 1:colcon.colcon_core.package_identification:_identify(src/j8_joystick/spacenav) by extensions ['colcon_pkg']
[0.325s] Level 1:colcon.colcon_core.package_identification:_identify(src/j8_joystick/spacenav) by extension 'colcon_pkg'
[0.326s] Level 1:colcon.colcon_core.package_identification:_identify(src/j8_joystick/spacenav) by extensions ['colcon_meta']
[0.326s] Level 1:colcon.colcon_core.package_identification:_identify(src/j8_joystick/spacenav) by extension 'colcon_meta'
[0.326s] Level 1:colcon.colcon_core.package_identification:_identify(src/j8_joystick/spacenav) by extensions ['ament_gradle']
[0.326s] Level 1:colcon.colcon_core.package_identification:_identify(src/j8_joystick/spacenav) by extension 'ament_gradle'
[0.326s] Level 1:colcon.colcon_core.package_identification:_identify(src/j8_joystick/spacenav) by extensions ['ros']
[0.326s] Level 1:colcon.colcon_core.package_identification:_identify(src/j8_joystick/spacenav) by extension 'ros'
[0.327s] DEBUG:colcon.colcon_core.package_identification:Package 'src/j8_joystick/spacenav' with type 'ros.ament_cmake' and name 'spacenav'
[0.327s] Level 1:colcon.colcon_core.package_identification:_identify(src/j8_joystick/wiimote_msgs) by extensions ['ignore', 'ignore_ament_install']
[0.327s] Level 1:colcon.colcon_core.package_identification:_identify(src/j8_joystick/wiimote_msgs) by extension 'ignore'
[0.327s] Level 1:colcon.colcon_core.package_identification:_identify(src/j8_joystick/wiimote_msgs) by extension 'ignore_ament_install'
[0.327s] Level 1:colcon.colcon_core.package_identification:_identify(src/j8_joystick/wiimote_msgs) by extensions ['colcon_pkg']
[0.327s] Level 1:colcon.colcon_core.package_identification:_identify(src/j8_joystick/wiimote_msgs) by extension 'colcon_pkg'
[0.327s] Level 1:colcon.colcon_core.package_identification:_identify(src/j8_joystick/wiimote_msgs) by extensions ['colcon_meta']
[0.327s] Level 1:colcon.colcon_core.package_identification:_identify(src/j8_joystick/wiimote_msgs) by extension 'colcon_meta'
[0.327s] Level 1:colcon.colcon_core.package_identification:_identify(src/j8_joystick/wiimote_msgs) by extensions ['ament_gradle']
[0.327s] Level 1:colcon.colcon_core.package_identification:_identify(src/j8_joystick/wiimote_msgs) by extension 'ament_gradle'
[0.327s] Level 1:colcon.colcon_core.package_identification:_identify(src/j8_joystick/wiimote_msgs) by extensions ['ros']
[0.327s] Level 1:colcon.colcon_core.package_identification:_identify(src/j8_joystick/wiimote_msgs) by extension 'ros'
[0.328s] DEBUG:colcon.colcon_core.package_identification:Package 'src/j8_joystick/wiimote_msgs' with type 'ros.ament_cmake' and name 'wiimote_msgs'
[0.328s] Level 1:colcon.colcon_core.package_identification:_identify(src/lidar_process_pkgs) by extensions ['ignore', 'ignore_ament_install']
[0.328s] Level 1:colcon.colcon_core.package_identification:_identify(src/lidar_process_pkgs) by extension 'ignore'
[0.328s] Level 1:colcon.colcon_core.package_identification:_identify(src/lidar_process_pkgs) by extension 'ignore_ament_install'
[0.329s] Level 1:colcon.colcon_core.package_identification:_identify(src/lidar_process_pkgs) by extensions ['colcon_pkg']
[0.329s] Level 1:colcon.colcon_core.package_identification:_identify(src/lidar_process_pkgs) by extension 'colcon_pkg'
[0.329s] Level 1:colcon.colcon_core.package_identification:_identify(src/lidar_process_pkgs) by extensions ['colcon_meta']
[0.329s] Level 1:colcon.colcon_core.package_identification:_identify(src/lidar_process_pkgs) by extension 'colcon_meta'
[0.329s] Level 1:colcon.colcon_core.package_identification:_identify(src/lidar_process_pkgs) by extensions ['ament_gradle']
[0.329s] Level 1:colcon.colcon_core.package_identification:_identify(src/lidar_process_pkgs) by extension 'ament_gradle'
[0.329s] Level 1:colcon.colcon_core.package_identification:_identify(src/lidar_process_pkgs) by extensions ['ros']
[0.329s] Level 1:colcon.colcon_core.package_identification:_identify(src/lidar_process_pkgs) by extension 'ros'
[0.329s] Level 1:colcon.colcon_core.package_identification:_identify(src/lidar_process_pkgs) by extensions ['cmake', 'gradle', 'python']
[0.329s] Level 1:colcon.colcon_core.package_identification:_identify(src/lidar_process_pkgs) by extension 'cmake'
[0.329s] Level 1:colcon.colcon_core.package_identification:_identify(src/lidar_process_pkgs) by extension 'gradle'
[0.329s] Level 1:colcon.colcon_core.package_identification:_identify(src/lidar_process_pkgs) by extension 'python'
[0.329s] Level 1:colcon.colcon_core.package_identification:_identify(src/lidar_process_pkgs) by extensions ['python_setup_py']
[0.329s] Level 1:colcon.colcon_core.package_identification:_identify(src/lidar_process_pkgs) by extension 'python_setup_py'
[0.329s] Level 1:colcon.colcon_core.package_identification:_identify(src/lidar_process_pkgs/laser_segmentation) by extensions ['ignore', 'ignore_ament_install']
[0.329s] Level 1:colcon.colcon_core.package_identification:_identify(src/lidar_process_pkgs/laser_segmentation) by extension 'ignore'
[0.329s] Level 1:colcon.colcon_core.package_identification:_identify(src/lidar_process_pkgs/laser_segmentation) by extension 'ignore_ament_install'
[0.329s] Level 1:colcon.colcon_core.package_identification:_identify(src/lidar_process_pkgs/laser_segmentation) by extensions ['colcon_pkg']
[0.329s] Level 1:colcon.colcon_core.package_identification:_identify(src/lidar_process_pkgs/laser_segmentation) by extension 'colcon_pkg'
[0.329s] Level 1:colcon.colcon_core.package_identification:_identify(src/lidar_process_pkgs/laser_segmentation) by extensions ['colcon_meta']
[0.329s] Level 1:colcon.colcon_core.package_identification:_identify(src/lidar_process_pkgs/laser_segmentation) by extension 'colcon_meta'
[0.329s] Level 1:colcon.colcon_core.package_identification:_identify(src/lidar_process_pkgs/laser_segmentation) by extensions ['ament_gradle']
[0.329s] Level 1:colcon.colcon_core.package_identification:_identify(src/lidar_process_pkgs/laser_segmentation) by extension 'ament_gradle'
[0.329s] Level 1:colcon.colcon_core.package_identification:_identify(src/lidar_process_pkgs/laser_segmentation) by extensions ['ros']
[0.329s] Level 1:colcon.colcon_core.package_identification:_identify(src/lidar_process_pkgs/laser_segmentation) by extension 'ros'
[0.331s] DEBUG:colcon.colcon_core.package_identification:Package 'src/lidar_process_pkgs/laser_segmentation' with type 'ros.ament_cmake' and name 'laser_segmentation'
[0.331s] Level 1:colcon.colcon_core.package_identification:_identify(src/lidar_process_pkgs/slg_msgs) by extensions ['ignore', 'ignore_ament_install']
[0.331s] Level 1:colcon.colcon_core.package_identification:_identify(src/lidar_process_pkgs/slg_msgs) by extension 'ignore'
[0.331s] Level 1:colcon.colcon_core.package_identification:_identify(src/lidar_process_pkgs/slg_msgs) by extension 'ignore_ament_install'
[0.331s] Level 1:colcon.colcon_core.package_identification:_identify(src/lidar_process_pkgs/slg_msgs) by extensions ['colcon_pkg']
[0.331s] Level 1:colcon.colcon_core.package_identification:_identify(src/lidar_process_pkgs/slg_msgs) by extension 'colcon_pkg'
[0.331s] Level 1:colcon.colcon_core.package_identification:_identify(src/lidar_process_pkgs/slg_msgs) by extensions ['colcon_meta']
[0.331s] Level 1:colcon.colcon_core.package_identification:_identify(src/lidar_process_pkgs/slg_msgs) by extension 'colcon_meta'
[0.331s] Level 1:colcon.colcon_core.package_identification:_identify(src/lidar_process_pkgs/slg_msgs) by extensions ['ament_gradle']
[0.331s] Level 1:colcon.colcon_core.package_identification:_identify(src/lidar_process_pkgs/slg_msgs) by extension 'ament_gradle'
[0.331s] Level 1:colcon.colcon_core.package_identification:_identify(src/lidar_process_pkgs/slg_msgs) by extensions ['ros']
[0.331s] Level 1:colcon.colcon_core.package_identification:_identify(src/lidar_process_pkgs/slg_msgs) by extension 'ros'
[0.332s] DEBUG:colcon.colcon_core.package_identification:Package 'src/lidar_process_pkgs/slg_msgs' with type 'ros.ament_cmake' and name 'slg_msgs'
[0.332s] Level 1:colcon.colcon_core.package_identification:_identify(src/path_manager) by extensions ['ignore', 'ignore_ament_install']
[0.332s] Level 1:colcon.colcon_core.package_identification:_identify(src/path_manager) by extension 'ignore'
[0.332s] Level 1:colcon.colcon_core.package_identification:_identify(src/path_manager) by extension 'ignore_ament_install'
[0.332s] Level 1:colcon.colcon_core.package_identification:_identify(src/path_manager) by extensions ['colcon_pkg']
[0.332s] Level 1:colcon.colcon_core.package_identification:_identify(src/path_manager) by extension 'colcon_pkg'
[0.332s] Level 1:colcon.colcon_core.package_identification:_identify(src/path_manager) by extensions ['colcon_meta']
[0.332s] Level 1:colcon.colcon_core.package_identification:_identify(src/path_manager) by extension 'colcon_meta'
[0.332s] Level 1:colcon.colcon_core.package_identification:_identify(src/path_manager) by extensions ['ament_gradle']
[0.332s] Level 1:colcon.colcon_core.package_identification:_identify(src/path_manager) by extension 'ament_gradle'
[0.332s] Level 1:colcon.colcon_core.package_identification:_identify(src/path_manager) by extensions ['ros']
[0.332s] Level 1:colcon.colcon_core.package_identification:_identify(src/path_manager) by extension 'ros'
[0.332s] Level 1:colcon.colcon_core.package_identification:_identify(src/path_manager) by extensions ['cmake', 'gradle', 'python']
[0.332s] Level 1:colcon.colcon_core.package_identification:_identify(src/path_manager) by extension 'cmake'
[0.332s] Level 1:colcon.colcon_core.package_identification:_identify(src/path_manager) by extension 'gradle'
[0.332s] Level 1:colcon.colcon_core.package_identification:_identify(src/path_manager) by extension 'python'
[0.332s] Level 1:colcon.colcon_core.package_identification:_identify(src/path_manager) by extensions ['python_setup_py']
[0.333s] Level 1:colcon.colcon_core.package_identification:_identify(src/path_manager) by extension 'python_setup_py'
[0.333s] Level 1:colcon.colcon_core.package_identification:_identify(src/path_manager/path_manager) by extensions ['ignore', 'ignore_ament_install']
[0.333s] Level 1:colcon.colcon_core.package_identification:_identify(src/path_manager/path_manager) by extension 'ignore'
[0.333s] Level 1:colcon.colcon_core.package_identification:_identify(src/path_manager/path_manager) by extension 'ignore_ament_install'
[0.333s] Level 1:colcon.colcon_core.package_identification:_identify(src/path_manager/path_manager) by extensions ['colcon_pkg']
[0.333s] Level 1:colcon.colcon_core.package_identification:_identify(src/path_manager/path_manager) by extension 'colcon_pkg'
[0.333s] Level 1:colcon.colcon_core.package_identification:_identify(src/path_manager/path_manager) by extensions ['colcon_meta']
[0.333s] Level 1:colcon.colcon_core.package_identification:_identify(src/path_manager/path_manager) by extension 'colcon_meta'
[0.333s] Level 1:colcon.colcon_core.package_identification:_identify(src/path_manager/path_manager) by extensions ['ament_gradle']
[0.333s] Level 1:colcon.colcon_core.package_identification:_identify(src/path_manager/path_manager) by extension 'ament_gradle'
[0.333s] Level 1:colcon.colcon_core.package_identification:_identify(src/path_manager/path_manager) by extensions ['ros']
[0.333s] Level 1:colcon.colcon_core.package_identification:_identify(src/path_manager/path_manager) by extension 'ros'
[0.334s] DEBUG:colcon.colcon_core.package_identification:Package 'src/path_manager/path_manager' with type 'ros.ament_cmake' and name 'path_manager'
[0.334s] Level 1:colcon.colcon_core.package_identification:_identify(src/path_manager/path_manager_interfaces) by extensions ['ignore', 'ignore_ament_install']
[0.334s] Level 1:colcon.colcon_core.package_identification:_identify(src/path_manager/path_manager_interfaces) by extension 'ignore'
[0.334s] Level 1:colcon.colcon_core.package_identification:_identify(src/path_manager/path_manager_interfaces) by extension 'ignore_ament_install'
[0.334s] Level 1:colcon.colcon_core.package_identification:_identify(src/path_manager/path_manager_interfaces) by extensions ['colcon_pkg']
[0.334s] Level 1:colcon.colcon_core.package_identification:_identify(src/path_manager/path_manager_interfaces) by extension 'colcon_pkg'
[0.334s] Level 1:colcon.colcon_core.package_identification:_identify(src/path_manager/path_manager_interfaces) by extensions ['colcon_meta']
[0.334s] Level 1:colcon.colcon_core.package_identification:_identify(src/path_manager/path_manager_interfaces) by extension 'colcon_meta'
[0.334s] Level 1:colcon.colcon_core.package_identification:_identify(src/path_manager/path_manager_interfaces) by extensions ['ament_gradle']
[0.334s] Level 1:colcon.colcon_core.package_identification:_identify(src/path_manager/path_manager_interfaces) by extension 'ament_gradle'
[0.334s] Level 1:colcon.colcon_core.package_identification:_identify(src/path_manager/path_manager_interfaces) by extensions ['ros']
[0.334s] Level 1:colcon.colcon_core.package_identification:_identify(src/path_manager/path_manager_interfaces) by extension 'ros'
[0.335s] DEBUG:colcon.colcon_core.package_identification:Package 'src/path_manager/path_manager_interfaces' with type 'ros.ament_cmake' and name 'path_manager_interfaces'
[0.335s] Level 1:colcon.colcon_core.package_identification:_identify(src/plugin_rviz) by extensions ['ignore', 'ignore_ament_install']
[0.335s] Level 1:colcon.colcon_core.package_identification:_identify(src/plugin_rviz) by extension 'ignore'
[0.336s] Level 1:colcon.colcon_core.package_identification:_identify(src/plugin_rviz) by extension 'ignore_ament_install'
[0.336s] Level 1:colcon.colcon_core.package_identification:_identify(src/plugin_rviz) by extensions ['colcon_pkg']
[0.336s] Level 1:colcon.colcon_core.package_identification:_identify(src/plugin_rviz) by extension 'colcon_pkg'
[0.336s] Level 1:colcon.colcon_core.package_identification:_identify(src/plugin_rviz) by extensions ['colcon_meta']
[0.336s] Level 1:colcon.colcon_core.package_identification:_identify(src/plugin_rviz) by extension 'colcon_meta'
[0.336s] Level 1:colcon.colcon_core.package_identification:_identify(src/plugin_rviz) by extensions ['ament_gradle']
[0.336s] Level 1:colcon.colcon_core.package_identification:_identify(src/plugin_rviz) by extension 'ament_gradle'
[0.336s] Level 1:colcon.colcon_core.package_identification:_identify(src/plugin_rviz) by extensions ['ros']
[0.336s] Level 1:colcon.colcon_core.package_identification:_identify(src/plugin_rviz) by extension 'ros'
[0.338s] DEBUG:colcon.colcon_core.package_identification:Package 'src/plugin_rviz' with type 'ros.ament_cmake' and name 'octomap_rviz_plugins'
[0.338s] Level 1:colcon.colcon_core.package_identification:_identify(src/security_check) by extensions ['ignore', 'ignore_ament_install']
[0.338s] Level 1:colcon.colcon_core.package_identification:_identify(src/security_check) by extension 'ignore'
[0.338s] Level 1:colcon.colcon_core.package_identification:_identify(src/security_check) by extension 'ignore_ament_install'
[0.338s] Level 1:colcon.colcon_core.package_identification:_identify(src/security_check) by extensions ['colcon_pkg']
[0.338s] Level 1:colcon.colcon_core.package_identification:_identify(src/security_check) by extension 'colcon_pkg'
[0.338s] Level 1:colcon.colcon_core.package_identification:_identify(src/security_check) by extensions ['colcon_meta']
[0.338s] Level 1:colcon.colcon_core.package_identification:_identify(src/security_check) by extension 'colcon_meta'
[0.338s] Level 1:colcon.colcon_core.package_identification:_identify(src/security_check) by extensions ['ament_gradle']
[0.338s] Level 1:colcon.colcon_core.package_identification:_identify(src/security_check) by extension 'ament_gradle'
[0.338s] Level 1:colcon.colcon_core.package_identification:_identify(src/security_check) by extensions ['ros']
[0.338s] Level 1:colcon.colcon_core.package_identification:_identify(src/security_check) by extension 'ros'
[0.339s] Level 1:colcon.colcon_core.package_identification:_identify(src/security_check) by extensions ['cmake', 'gradle', 'python']
[0.339s] Level 1:colcon.colcon_core.package_identification:_identify(src/security_check) by extension 'cmake'
[0.339s] Level 1:colcon.colcon_core.package_identification:_identify(src/security_check) by extension 'gradle'
[0.339s] Level 1:colcon.colcon_core.package_identification:_identify(src/security_check) by extension 'python'
[0.339s] Level 1:colcon.colcon_core.package_identification:_identify(src/security_check) by extensions ['python_setup_py']
[0.339s] Level 1:colcon.colcon_core.package_identification:_identify(src/security_check) by extension 'python_setup_py'
[0.339s] Level 1:colcon.colcon_core.package_identification:_identify(src/security_check/security_check) by extensions ['ignore', 'ignore_ament_install']
[0.339s] Level 1:colcon.colcon_core.package_identification:_identify(src/security_check/security_check) by extension 'ignore'
[0.339s] Level 1:colcon.colcon_core.package_identification:_identify(src/security_check/security_check) by extension 'ignore_ament_install'
[0.339s] Level 1:colcon.colcon_core.package_identification:_identify(src/security_check/security_check) by extensions ['colcon_pkg']
[0.339s] Level 1:colcon.colcon_core.package_identification:_identify(src/security_check/security_check) by extension 'colcon_pkg'
[0.339s] Level 1:colcon.colcon_core.package_identification:_identify(src/security_check/security_check) by extensions ['colcon_meta']
[0.339s] Level 1:colcon.colcon_core.package_identification:_identify(src/security_check/security_check) by extension 'colcon_meta'
[0.339s] Level 1:colcon.colcon_core.package_identification:_identify(src/security_check/security_check) by extensions ['ament_gradle']
[0.339s] Level 1:colcon.colcon_core.package_identification:_identify(src/security_check/security_check) by extension 'ament_gradle'
[0.339s] Level 1:colcon.colcon_core.package_identification:_identify(src/security_check/security_check) by extensions ['ros']
[0.339s] Level 1:colcon.colcon_core.package_identification:_identify(src/security_check/security_check) by extension 'ros'
[0.340s] DEBUG:colcon.colcon_core.package_identification:Package 'src/security_check/security_check' with type 'ros.ament_cmake' and name 'security_check'
[0.341s] Level 1:colcon.colcon_core.package_identification:_identify(src/security_check/security_check_interfaces) by extensions ['ignore', 'ignore_ament_install']
[0.341s] Level 1:colcon.colcon_core.package_identification:_identify(src/security_check/security_check_interfaces) by extension 'ignore'
[0.341s] Level 1:colcon.colcon_core.package_identification:_identify(src/security_check/security_check_interfaces) by extension 'ignore_ament_install'
[0.341s] Level 1:colcon.colcon_core.package_identification:_identify(src/security_check/security_check_interfaces) by extensions ['colcon_pkg']
[0.341s] Level 1:colcon.colcon_core.package_identification:_identify(src/security_check/security_check_interfaces) by extension 'colcon_pkg'
[0.342s] Level 1:colcon.colcon_core.package_identification:_identify(src/security_check/security_check_interfaces) by extensions ['colcon_meta']
[0.342s] Level 1:colcon.colcon_core.package_identification:_identify(src/security_check/security_check_interfaces) by extension 'colcon_meta'
[0.342s] Level 1:colcon.colcon_core.package_identification:_identify(src/security_check/security_check_interfaces) by extensions ['ament_gradle']
[0.342s] Level 1:colcon.colcon_core.package_identification:_identify(src/security_check/security_check_interfaces) by extension 'ament_gradle'
[0.342s] Level 1:colcon.colcon_core.package_identification:_identify(src/security_check/security_check_interfaces) by extensions ['ros']
[0.342s] Level 1:colcon.colcon_core.package_identification:_identify(src/security_check/security_check_interfaces) by extension 'ros'
[0.343s] DEBUG:colcon.colcon_core.package_identification:Package 'src/security_check/security_check_interfaces' with type 'ros.ament_cmake' and name 'security_check_interfaces'
[0.343s] Level 1:colcon.colcon_core.package_discovery:discover_packages(recursive) using defaults
[0.343s] Level 1:colcon.colcon_core.package_discovery:discover_packages(ignore) discover
[0.343s] Level 1:colcon.colcon_core.package_discovery:discover_packages(ignore) using defaults
[0.343s] Level 1:colcon.colcon_core.package_discovery:discover_packages(path) discover
[0.343s] Level 1:colcon.colcon_core.package_discovery:discover_packages(path) using defaults
[0.382s] Level 1:colcon.colcon_core.package_discovery:discover_packages(prefix_path) check parameters
[0.383s] Level 1:colcon.colcon_core.package_discovery:discover_packages(prefix_path) discover
[0.389s] DEBUG:colcon.colcon_installed_package_information.package_discovery:Found 35 installed packages in /home/rhobtor/PHD/ARGOJ8_IA/ARGOSJ8_IA_/install
[0.389s] DEBUG:colcon.colcon_installed_package_information.package_discovery:Found 4 installed packages in /home/rhobtor/zed/install
[0.390s] DEBUG:colcon.colcon_installed_package_information.package_discovery:Found 1 installed packages in /home/rhobtor/packages/install
[0.390s] DEBUG:colcon.colcon_installed_package_information.package_discovery:Found 7 installed packages in /home/rhobtor/PHD/reactive/Reactive-Navegation/workspace_full_conected/install
[0.392s] DEBUG:colcon.colcon_installed_package_information.package_discovery:Found 459 installed packages in /opt/ros/humble
[0.395s] Level 1:colcon.colcon_core.package_discovery:discover_packages(prefix_path) using defaults
[0.469s] WARNING:colcon.colcon_core.package_selection:Some selected packages are already built in one or more underlay workspaces:
	'car_interfaces' is in: /home/rhobtor/PHD/ARGOJ8_IA/ARGOSJ8_IA_/install/car_interfaces, /home/rhobtor/PHD/reactive/Reactive-Navegation/workspace_full_conected/install/car_interfaces
	'joy' is in: /home/rhobtor/PHD/ARGOJ8_IA/ARGOSJ8_IA_/install/joy, /opt/ros/humble
	'octomap_rviz_plugins' is in: /home/rhobtor/PHD/ARGOJ8_IA/ARGOSJ8_IA_/install/octomap_rviz_plugins, /home/rhobtor/PHD/reactive/Reactive-Navegation/workspace_full_conected/install/octomap_rviz_plugins, /opt/ros/humble
If a package in a merged underlay workspace is overridden and it installs headers, then all packages in the overlay must sort their include directories by workspace order. Failure to do so may result in build failures or undefined behavior at run time.
If the overridden package is used by another package in any underlay, then the overriding package in the overlay must be API and ABI compatible or undefined behavior at run time may occur.

If you understand the risks and want to override a package anyways, add the following to the command line:
	--allow-overriding car_interfaces joy octomap_rviz_plugins

This may be promoted to an error in a future release of colcon-override-check.
[0.473s] Level 5:colcon.colcon_core.verb:set package 'android_ros2_server' build argument 'ament_gradle_args' from command line to 'None'
[0.473s] Level 5:colcon.colcon_core.verb:set package 'android_ros2_server' build argument 'ament_gradle_task' from command line to 'None'
[0.473s] Level 5:colcon.colcon_core.verb:set package 'android_ros2_server' build argument 'cmake_args' from command line to 'None'
[0.473s] Level 5:colcon.colcon_core.verb:set package 'android_ros2_server' build argument 'cmake_target' from command line to 'None'
[0.473s] Level 5:colcon.colcon_core.verb:set package 'android_ros2_server' build argument 'cmake_target_skip_unavailable' from command line to 'False'
[0.473s] Level 5:colcon.colcon_core.verb:set package 'android_ros2_server' build argument 'cmake_clean_cache' from command line to 'False'
[0.473s] Level 5:colcon.colcon_core.verb:set package 'android_ros2_server' build argument 'cmake_clean_first' from command line to 'False'
[0.473s] Level 5:colcon.colcon_core.verb:set package 'android_ros2_server' build argument 'cmake_force_configure' from command line to 'False'
[0.473s] Level 5:colcon.colcon_core.verb:set package 'android_ros2_server' build argument 'gradle_args' from command line to 'None'
[0.473s] Level 5:colcon.colcon_core.verb:set package 'android_ros2_server' build argument 'gradle_task' from command line to 'None'
[0.474s] Level 5:colcon.colcon_core.verb:set package 'android_ros2_server' build argument 'ament_cmake_args' from command line to 'None'
[0.474s] Level 5:colcon.colcon_core.verb:set package 'android_ros2_server' build argument 'catkin_cmake_args' from command line to 'None'
[0.474s] Level 5:colcon.colcon_core.verb:set package 'android_ros2_server' build argument 'catkin_skip_building_tests' from command line to 'False'
[0.474s] DEBUG:colcon.colcon_core.verb:Building package 'android_ros2_server' with the following arguments: {'ament_cmake_args': None, 'ament_gradle_args': None, 'ament_gradle_task': None, 'build_base': '/home/rhobtor/PHD/ARGOJ8_IA/ARGOSJ8_IA_/build/android_ros2_server', 'catkin_cmake_args': None, 'catkin_skip_building_tests': False, 'cmake_args': None, 'cmake_clean_cache': False, 'cmake_clean_first': False, 'cmake_force_configure': False, 'cmake_target': None, 'cmake_target_skip_unavailable': False, 'gradle_args': None, 'gradle_task': None, 'install_base': '/home/rhobtor/PHD/ARGOJ8_IA/ARGOSJ8_IA_/install/android_ros2_server', 'merge_install': False, 'path': '/home/rhobtor/PHD/ARGOJ8_IA/ARGOSJ8_IA_/src/android_ros2_server', 'symlink_install': False, 'test_result_base': None}
[0.475s] Level 5:colcon.colcon_core.verb:set package 'argj801_ctl_platform_interfaces' build argument 'ament_gradle_args' from command line to 'None'
[0.475s] Level 5:colcon.colcon_core.verb:set package 'argj801_ctl_platform_interfaces' build argument 'ament_gradle_task' from command line to 'None'
[0.475s] Level 5:colcon.colcon_core.verb:set package 'argj801_ctl_platform_interfaces' build argument 'cmake_args' from command line to 'None'
[0.475s] Level 5:colcon.colcon_core.verb:set package 'argj801_ctl_platform_interfaces' build argument 'cmake_target' from command line to 'None'
[0.475s] Level 5:colcon.colcon_core.verb:set package 'argj801_ctl_platform_interfaces' build argument 'cmake_target_skip_unavailable' from command line to 'False'
[0.475s] Level 5:colcon.colcon_core.verb:set package 'argj801_ctl_platform_interfaces' build argument 'cmake_clean_cache' from command line to 'False'
[0.475s] Level 5:colcon.colcon_core.verb:set package 'argj801_ctl_platform_interfaces' build argument 'cmake_clean_first' from command line to 'False'
[0.475s] Level 5:colcon.colcon_core.verb:set package 'argj801_ctl_platform_interfaces' build argument 'cmake_force_configure' from command line to 'False'
[0.475s] Level 5:colcon.colcon_core.verb:set package 'argj801_ctl_platform_interfaces' build argument 'gradle_args' from command line to 'None'
[0.475s] Level 5:colcon.colcon_core.verb:set package 'argj801_ctl_platform_interfaces' build argument 'gradle_task' from command line to 'None'
[0.475s] Level 5:colcon.colcon_core.verb:set package 'argj801_ctl_platform_interfaces' build argument 'ament_cmake_args' from command line to 'None'
[0.475s] Level 5:colcon.colcon_core.verb:set package 'argj801_ctl_platform_interfaces' build argument 'catkin_cmake_args' from command line to 'None'
[0.475s] Level 5:colcon.colcon_core.verb:set package 'argj801_ctl_platform_interfaces' build argument 'catkin_skip_building_tests' from command line to 'False'
[0.475s] DEBUG:colcon.colcon_core.verb:Building package 'argj801_ctl_platform_interfaces' with the following arguments: {'ament_cmake_args': None, 'ament_gradle_args': None, 'ament_gradle_task': None, 'build_base': '/home/rhobtor/PHD/ARGOJ8_IA/ARGOSJ8_IA_/build/argj801_ctl_platform_interfaces', 'catkin_cmake_args': None, 'catkin_skip_building_tests': False, 'cmake_args': None, 'cmake_clean_cache': False, 'cmake_clean_first': False, 'cmake_force_configure': False, 'cmake_target': None, 'cmake_target_skip_unavailable': False, 'gradle_args': None, 'gradle_task': None, 'install_base': '/home/rhobtor/PHD/ARGOJ8_IA/ARGOSJ8_IA_/install/argj801_ctl_platform_interfaces', 'merge_install': False, 'path': '/home/rhobtor/PHD/ARGOJ8_IA/ARGOSJ8_IA_/src/argj801_ctl_platform/argj801_ctl_platform_interfaces', 'symlink_install': False, 'test_result_base': None}
[0.476s] Level 5:colcon.colcon_core.verb:set package 'argj801_sensors_msgs' build argument 'ament_gradle_args' from command line to 'None'
[0.476s] Level 5:colcon.colcon_core.verb:set package 'argj801_sensors_msgs' build argument 'ament_gradle_task' from command line to 'None'
[0.476s] Level 5:colcon.colcon_core.verb:set package 'argj801_sensors_msgs' build argument 'cmake_args' from command line to 'None'
[0.476s] Level 5:colcon.colcon_core.verb:set package 'argj801_sensors_msgs' build argument 'cmake_target' from command line to 'None'
[0.476s] Level 5:colcon.colcon_core.verb:set package 'argj801_sensors_msgs' build argument 'cmake_target_skip_unavailable' from command line to 'False'
[0.476s] Level 5:colcon.colcon_core.verb:set package 'argj801_sensors_msgs' build argument 'cmake_clean_cache' from command line to 'False'
[0.476s] Level 5:colcon.colcon_core.verb:set package 'argj801_sensors_msgs' build argument 'cmake_clean_first' from command line to 'False'
[0.476s] Level 5:colcon.colcon_core.verb:set package 'argj801_sensors_msgs' build argument 'cmake_force_configure' from command line to 'False'
[0.476s] Level 5:colcon.colcon_core.verb:set package 'argj801_sensors_msgs' build argument 'gradle_args' from command line to 'None'
[0.476s] Level 5:colcon.colcon_core.verb:set package 'argj801_sensors_msgs' build argument 'gradle_task' from command line to 'None'
[0.476s] Level 5:colcon.colcon_core.verb:set package 'argj801_sensors_msgs' build argument 'ament_cmake_args' from command line to 'None'
[0.476s] Level 5:colcon.colcon_core.verb:set package 'argj801_sensors_msgs' build argument 'catkin_cmake_args' from command line to 'None'
[0.476s] Level 5:colcon.colcon_core.verb:set package 'argj801_sensors_msgs' build argument 'catkin_skip_building_tests' from command line to 'False'
[0.476s] DEBUG:colcon.colcon_core.verb:Building package 'argj801_sensors_msgs' with the following arguments: {'ament_cmake_args': None, 'ament_gradle_args': None, 'ament_gradle_task': None, 'build_base': '/home/rhobtor/PHD/ARGOJ8_IA/ARGOSJ8_IA_/build/argj801_sensors_msgs', 'catkin_cmake_args': None, 'catkin_skip_building_tests': False, 'cmake_args': None, 'cmake_clean_cache': False, 'cmake_clean_first': False, 'cmake_force_configure': False, 'cmake_target': None, 'cmake_target_skip_unavailable': False, 'gradle_args': None, 'gradle_task': None, 'install_base': '/home/rhobtor/PHD/ARGOJ8_IA/ARGOSJ8_IA_/install/argj801_sensors_msgs', 'merge_install': False, 'path': '/home/rhobtor/PHD/ARGOJ8_IA/ARGOSJ8_IA_/src/argo_drivers_pkgs/argj801_sensors/argj801_sensors_msgs', 'symlink_install': False, 'test_result_base': None}
[0.476s] Level 5:colcon.colcon_core.verb:set package 'argj801_setup' build argument 'ament_gradle_args' from command line to 'None'
[0.476s] Level 5:colcon.colcon_core.verb:set package 'argj801_setup' build argument 'ament_gradle_task' from command line to 'None'
[0.476s] Level 5:colcon.colcon_core.verb:set package 'argj801_setup' build argument 'cmake_args' from command line to 'None'
[0.476s] Level 5:colcon.colcon_core.verb:set package 'argj801_setup' build argument 'cmake_target' from command line to 'None'
[0.476s] Level 5:colcon.colcon_core.verb:set package 'argj801_setup' build argument 'cmake_target_skip_unavailable' from command line to 'False'
[0.476s] Level 5:colcon.colcon_core.verb:set package 'argj801_setup' build argument 'cmake_clean_cache' from command line to 'False'
[0.476s] Level 5:colcon.colcon_core.verb:set package 'argj801_setup' build argument 'cmake_clean_first' from command line to 'False'
[0.476s] Level 5:colcon.colcon_core.verb:set package 'argj801_setup' build argument 'cmake_force_configure' from command line to 'False'
[0.476s] Level 5:colcon.colcon_core.verb:set package 'argj801_setup' build argument 'gradle_args' from command line to 'None'
[0.476s] Level 5:colcon.colcon_core.verb:set package 'argj801_setup' build argument 'gradle_task' from command line to 'None'
[0.476s] Level 5:colcon.colcon_core.verb:set package 'argj801_setup' build argument 'ament_cmake_args' from command line to 'None'
[0.476s] Level 5:colcon.colcon_core.verb:set package 'argj801_setup' build argument 'catkin_cmake_args' from command line to 'None'
[0.477s] Level 5:colcon.colcon_core.verb:set package 'argj801_setup' build argument 'catkin_skip_building_tests' from command line to 'False'
[0.477s] DEBUG:colcon.colcon_core.verb:Building package 'argj801_setup' with the following arguments: {'ament_cmake_args': None, 'ament_gradle_args': None, 'ament_gradle_task': None, 'build_base': '/home/rhobtor/PHD/ARGOJ8_IA/ARGOSJ8_IA_/build/argj801_setup', 'catkin_cmake_args': None, 'catkin_skip_building_tests': False, 'cmake_args': None, 'cmake_clean_cache': False, 'cmake_clean_first': False, 'cmake_force_configure': False, 'cmake_target': None, 'cmake_target_skip_unavailable': False, 'gradle_args': None, 'gradle_task': None, 'install_base': '/home/rhobtor/PHD/ARGOJ8_IA/ARGOSJ8_IA_/install/argj801_setup', 'merge_install': False, 'path': '/home/rhobtor/PHD/ARGOJ8_IA/ARGOSJ8_IA_/src/argj801_setup', 'symlink_install': False, 'test_result_base': None}
[0.477s] Level 5:colcon.colcon_core.verb:set package 'car_interfaces' build argument 'ament_gradle_args' from command line to 'None'
[0.477s] Level 5:colcon.colcon_core.verb:set package 'car_interfaces' build argument 'ament_gradle_task' from command line to 'None'
[0.477s] Level 5:colcon.colcon_core.verb:set package 'car_interfaces' build argument 'cmake_args' from command line to 'None'
[0.477s] Level 5:colcon.colcon_core.verb:set package 'car_interfaces' build argument 'cmake_target' from command line to 'None'
[0.477s] Level 5:colcon.colcon_core.verb:set package 'car_interfaces' build argument 'cmake_target_skip_unavailable' from command line to 'False'
[0.477s] Level 5:colcon.colcon_core.verb:set package 'car_interfaces' build argument 'cmake_clean_cache' from command line to 'False'
[0.477s] Level 5:colcon.colcon_core.verb:set package 'car_interfaces' build argument 'cmake_clean_first' from command line to 'False'
[0.477s] Level 5:colcon.colcon_core.verb:set package 'car_interfaces' build argument 'cmake_force_configure' from command line to 'False'
[0.477s] Level 5:colcon.colcon_core.verb:set package 'car_interfaces' build argument 'gradle_args' from command line to 'None'
[0.477s] Level 5:colcon.colcon_core.verb:set package 'car_interfaces' build argument 'gradle_task' from command line to 'None'
[0.477s] Level 5:colcon.colcon_core.verb:set package 'car_interfaces' build argument 'ament_cmake_args' from command line to 'None'
[0.477s] Level 5:colcon.colcon_core.verb:set package 'car_interfaces' build argument 'catkin_cmake_args' from command line to 'None'
[0.477s] Level 5:colcon.colcon_core.verb:set package 'car_interfaces' build argument 'catkin_skip_building_tests' from command line to 'False'
[0.477s] DEBUG:colcon.colcon_core.verb:Building package 'car_interfaces' with the following arguments: {'ament_cmake_args': None, 'ament_gradle_args': None, 'ament_gradle_task': None, 'build_base': '/home/rhobtor/PHD/ARGOJ8_IA/ARGOSJ8_IA_/build/car_interfaces', 'catkin_cmake_args': None, 'catkin_skip_building_tests': False, 'cmake_args': None, 'cmake_clean_cache': False, 'cmake_clean_first': False, 'cmake_force_configure': False, 'cmake_target': None, 'cmake_target_skip_unavailable': False, 'gradle_args': None, 'gradle_task': None, 'install_base': '/home/rhobtor/PHD/ARGOJ8_IA/ARGOSJ8_IA_/install/car_interfaces', 'merge_install': False, 'path': '/home/rhobtor/PHD/ARGOJ8_IA/ARGOSJ8_IA_/src/car_interfaces', 'symlink_install': False, 'test_result_base': None}
[0.478s] Level 5:colcon.colcon_core.verb:set package 'ctl_mission_interfaces' build argument 'ament_gradle_args' from command line to 'None'
[0.478s] Level 5:colcon.colcon_core.verb:set package 'ctl_mission_interfaces' build argument 'ament_gradle_task' from command line to 'None'
[0.478s] Level 5:colcon.colcon_core.verb:set package 'ctl_mission_interfaces' build argument 'cmake_args' from command line to 'None'
[0.478s] Level 5:colcon.colcon_core.verb:set package 'ctl_mission_interfaces' build argument 'cmake_target' from command line to 'None'
[0.478s] Level 5:colcon.colcon_core.verb:set package 'ctl_mission_interfaces' build argument 'cmake_target_skip_unavailable' from command line to 'False'
[0.478s] Level 5:colcon.colcon_core.verb:set package 'ctl_mission_interfaces' build argument 'cmake_clean_cache' from command line to 'False'
[0.478s] Level 5:colcon.colcon_core.verb:set package 'ctl_mission_interfaces' build argument 'cmake_clean_first' from command line to 'False'
[0.478s] Level 5:colcon.colcon_core.verb:set package 'ctl_mission_interfaces' build argument 'cmake_force_configure' from command line to 'False'
[0.478s] Level 5:colcon.colcon_core.verb:set package 'ctl_mission_interfaces' build argument 'gradle_args' from command line to 'None'
[0.478s] Level 5:colcon.colcon_core.verb:set package 'ctl_mission_interfaces' build argument 'gradle_task' from command line to 'None'
[0.478s] Level 5:colcon.colcon_core.verb:set package 'ctl_mission_interfaces' build argument 'ament_cmake_args' from command line to 'None'
[0.478s] Level 5:colcon.colcon_core.verb:set package 'ctl_mission_interfaces' build argument 'catkin_cmake_args' from command line to 'None'
[0.478s] Level 5:colcon.colcon_core.verb:set package 'ctl_mission_interfaces' build argument 'catkin_skip_building_tests' from command line to 'False'
[0.478s] DEBUG:colcon.colcon_core.verb:Building package 'ctl_mission_interfaces' with the following arguments: {'ament_cmake_args': None, 'ament_gradle_args': None, 'ament_gradle_task': None, 'build_base': '/home/rhobtor/PHD/ARGOJ8_IA/ARGOSJ8_IA_/build/ctl_mission_interfaces', 'catkin_cmake_args': None, 'catkin_skip_building_tests': False, 'cmake_args': None, 'cmake_clean_cache': False, 'cmake_clean_first': False, 'cmake_force_configure': False, 'cmake_target': None, 'cmake_target_skip_unavailable': False, 'gradle_args': None, 'gradle_task': None, 'install_base': '/home/rhobtor/PHD/ARGOJ8_IA/ARGOSJ8_IA_/install/ctl_mission_interfaces', 'merge_install': False, 'path': '/home/rhobtor/PHD/ARGOJ8_IA/ARGOSJ8_IA_/src/ctl_mission/ctl_mission_interfaces', 'symlink_install': False, 'test_result_base': None}
[0.478s] Level 5:colcon.colcon_core.verb:set package 'fixposition_gnss_tf' build argument 'ament_gradle_args' from command line to 'None'
[0.478s] Level 5:colcon.colcon_core.verb:set package 'fixposition_gnss_tf' build argument 'ament_gradle_task' from command line to 'None'
[0.478s] Level 5:colcon.colcon_core.verb:set package 'fixposition_gnss_tf' build argument 'cmake_args' from command line to 'None'
[0.478s] Level 5:colcon.colcon_core.verb:set package 'fixposition_gnss_tf' build argument 'cmake_target' from command line to 'None'
[0.478s] Level 5:colcon.colcon_core.verb:set package 'fixposition_gnss_tf' build argument 'cmake_target_skip_unavailable' from command line to 'False'
[0.478s] Level 5:colcon.colcon_core.verb:set package 'fixposition_gnss_tf' build argument 'cmake_clean_cache' from command line to 'False'
[0.478s] Level 5:colcon.colcon_core.verb:set package 'fixposition_gnss_tf' build argument 'cmake_clean_first' from command line to 'False'
[0.478s] Level 5:colcon.colcon_core.verb:set package 'fixposition_gnss_tf' build argument 'cmake_force_configure' from command line to 'False'
[0.478s] Level 5:colcon.colcon_core.verb:set package 'fixposition_gnss_tf' build argument 'gradle_args' from command line to 'None'
[0.478s] Level 5:colcon.colcon_core.verb:set package 'fixposition_gnss_tf' build argument 'gradle_task' from command line to 'None'
[0.478s] Level 5:colcon.colcon_core.verb:set package 'fixposition_gnss_tf' build argument 'ament_cmake_args' from command line to 'None'
[0.478s] Level 5:colcon.colcon_core.verb:set package 'fixposition_gnss_tf' build argument 'catkin_cmake_args' from command line to 'None'
[0.478s] Level 5:colcon.colcon_core.verb:set package 'fixposition_gnss_tf' build argument 'catkin_skip_building_tests' from command line to 'False'
[0.478s] DEBUG:colcon.colcon_core.verb:Building package 'fixposition_gnss_tf' with the following arguments: {'ament_cmake_args': None, 'ament_gradle_args': None, 'ament_gradle_task': None, 'build_base': '/home/rhobtor/PHD/ARGOJ8_IA/ARGOSJ8_IA_/build/fixposition_gnss_tf', 'catkin_cmake_args': None, 'catkin_skip_building_tests': False, 'cmake_args': None, 'cmake_clean_cache': False, 'cmake_clean_first': False, 'cmake_force_configure': False, 'cmake_target': None, 'cmake_target_skip_unavailable': False, 'gradle_args': None, 'gradle_task': None, 'install_base': '/home/rhobtor/PHD/ARGOJ8_IA/ARGOSJ8_IA_/install/fixposition_gnss_tf', 'merge_install': False, 'path': '/home/rhobtor/PHD/ARGOJ8_IA/ARGOSJ8_IA_/src/argo_drivers_pkgs/Fixposition_driver_pkg/fixposition_gnss_tf-main', 'symlink_install': False, 'test_result_base': None}
[0.479s] Level 5:colcon.colcon_core.verb:set package 'fixposition_sensor_pkg' build argument 'ament_gradle_args' from command line to 'None'
[0.479s] Level 5:colcon.colcon_core.verb:set package 'fixposition_sensor_pkg' build argument 'ament_gradle_task' from command line to 'None'
[0.479s] Level 5:colcon.colcon_core.verb:set package 'fixposition_sensor_pkg' build argument 'cmake_args' from command line to 'None'
[0.479s] Level 5:colcon.colcon_core.verb:set package 'fixposition_sensor_pkg' build argument 'cmake_target' from command line to 'None'
[0.479s] Level 5:colcon.colcon_core.verb:set package 'fixposition_sensor_pkg' build argument 'cmake_target_skip_unavailable' from command line to 'False'
[0.479s] Level 5:colcon.colcon_core.verb:set package 'fixposition_sensor_pkg' build argument 'cmake_clean_cache' from command line to 'False'
[0.479s] Level 5:colcon.colcon_core.verb:set package 'fixposition_sensor_pkg' build argument 'cmake_clean_first' from command line to 'False'
[0.479s] Level 5:colcon.colcon_core.verb:set package 'fixposition_sensor_pkg' build argument 'cmake_force_configure' from command line to 'False'
[0.479s] Level 5:colcon.colcon_core.verb:set package 'fixposition_sensor_pkg' build argument 'gradle_args' from command line to 'None'
[0.479s] Level 5:colcon.colcon_core.verb:set package 'fixposition_sensor_pkg' build argument 'gradle_task' from command line to 'None'
[0.479s] Level 5:colcon.colcon_core.verb:set package 'fixposition_sensor_pkg' build argument 'ament_cmake_args' from command line to 'None'
[0.479s] Level 5:colcon.colcon_core.verb:set package 'fixposition_sensor_pkg' build argument 'catkin_cmake_args' from command line to 'None'
[0.479s] Level 5:colcon.colcon_core.verb:set package 'fixposition_sensor_pkg' build argument 'catkin_skip_building_tests' from command line to 'False'
[0.479s] DEBUG:colcon.colcon_core.verb:Building package 'fixposition_sensor_pkg' with the following arguments: {'ament_cmake_args': None, 'ament_gradle_args': None, 'ament_gradle_task': None, 'build_base': '/home/rhobtor/PHD/ARGOJ8_IA/ARGOSJ8_IA_/build/fixposition_sensor_pkg', 'catkin_cmake_args': None, 'catkin_skip_building_tests': False, 'cmake_args': None, 'cmake_clean_cache': False, 'cmake_clean_first': False, 'cmake_force_configure': False, 'cmake_target': None, 'cmake_target_skip_unavailable': False, 'gradle_args': None, 'gradle_task': None, 'install_base': '/home/rhobtor/PHD/ARGOJ8_IA/ARGOSJ8_IA_/install/fixposition_sensor_pkg', 'merge_install': False, 'path': '/home/rhobtor/PHD/ARGOJ8_IA/ARGOSJ8_IA_/src/gazebo_sim_pkgs/fix_position_pkg', 'symlink_install': False, 'test_result_base': None}
[0.480s] Level 5:colcon.colcon_core.verb:set package 'hector_gazebo_plugins' build argument 'ament_gradle_args' from command line to 'None'
[0.480s] Level 5:colcon.colcon_core.verb:set package 'hector_gazebo_plugins' build argument 'ament_gradle_task' from command line to 'None'
[0.480s] Level 5:colcon.colcon_core.verb:set package 'hector_gazebo_plugins' build argument 'cmake_args' from command line to 'None'
[0.480s] Level 5:colcon.colcon_core.verb:set package 'hector_gazebo_plugins' build argument 'cmake_target' from command line to 'None'
[0.480s] Level 5:colcon.colcon_core.verb:set package 'hector_gazebo_plugins' build argument 'cmake_target_skip_unavailable' from command line to 'False'
[0.480s] Level 5:colcon.colcon_core.verb:set package 'hector_gazebo_plugins' build argument 'cmake_clean_cache' from command line to 'False'
[0.480s] Level 5:colcon.colcon_core.verb:set package 'hector_gazebo_plugins' build argument 'cmake_clean_first' from command line to 'False'
[0.480s] Level 5:colcon.colcon_core.verb:set package 'hector_gazebo_plugins' build argument 'cmake_force_configure' from command line to 'False'
[0.480s] Level 5:colcon.colcon_core.verb:set package 'hector_gazebo_plugins' build argument 'gradle_args' from command line to 'None'
[0.480s] Level 5:colcon.colcon_core.verb:set package 'hector_gazebo_plugins' build argument 'gradle_task' from command line to 'None'
[0.480s] Level 5:colcon.colcon_core.verb:set package 'hector_gazebo_plugins' build argument 'ament_cmake_args' from command line to 'None'
[0.480s] Level 5:colcon.colcon_core.verb:set package 'hector_gazebo_plugins' build argument 'catkin_cmake_args' from command line to 'None'
[0.480s] Level 5:colcon.colcon_core.verb:set package 'hector_gazebo_plugins' build argument 'catkin_skip_building_tests' from command line to 'False'
[0.480s] DEBUG:colcon.colcon_core.verb:Building package 'hector_gazebo_plugins' with the following arguments: {'ament_cmake_args': None, 'ament_gradle_args': None, 'ament_gradle_task': None, 'build_base': '/home/rhobtor/PHD/ARGOJ8_IA/ARGOSJ8_IA_/build/hector_gazebo_plugins', 'catkin_cmake_args': None, 'catkin_skip_building_tests': False, 'cmake_args': None, 'cmake_clean_cache': False, 'cmake_clean_first': False, 'cmake_force_configure': False, 'cmake_target': None, 'cmake_target_skip_unavailable': False, 'gradle_args': None, 'gradle_task': None, 'install_base': '/home/rhobtor/PHD/ARGOJ8_IA/ARGOSJ8_IA_/install/hector_gazebo_plugins', 'merge_install': False, 'path': '/home/rhobtor/PHD/ARGOJ8_IA/ARGOSJ8_IA_/src/hector_gazebo', 'symlink_install': False, 'test_result_base': None}
[0.480s] Level 5:colcon.colcon_core.verb:set package 'joy_linux' build argument 'ament_gradle_args' from command line to 'None'
[0.480s] Level 5:colcon.colcon_core.verb:set package 'joy_linux' build argument 'ament_gradle_task' from command line to 'None'
[0.480s] Level 5:colcon.colcon_core.verb:set package 'joy_linux' build argument 'cmake_args' from command line to 'None'
[0.480s] Level 5:colcon.colcon_core.verb:set package 'joy_linux' build argument 'cmake_target' from command line to 'None'
[0.480s] Level 5:colcon.colcon_core.verb:set package 'joy_linux' build argument 'cmake_target_skip_unavailable' from command line to 'False'
[0.480s] Level 5:colcon.colcon_core.verb:set package 'joy_linux' build argument 'cmake_clean_cache' from command line to 'False'
[0.480s] Level 5:colcon.colcon_core.verb:set package 'joy_linux' build argument 'cmake_clean_first' from command line to 'False'
[0.480s] Level 5:colcon.colcon_core.verb:set package 'joy_linux' build argument 'cmake_force_configure' from command line to 'False'
[0.480s] Level 5:colcon.colcon_core.verb:set package 'joy_linux' build argument 'gradle_args' from command line to 'None'
[0.480s] Level 5:colcon.colcon_core.verb:set package 'joy_linux' build argument 'gradle_task' from command line to 'None'
[0.480s] Level 5:colcon.colcon_core.verb:set package 'joy_linux' build argument 'ament_cmake_args' from command line to 'None'
[0.480s] Level 5:colcon.colcon_core.verb:set package 'joy_linux' build argument 'catkin_cmake_args' from command line to 'None'
[0.480s] Level 5:colcon.colcon_core.verb:set package 'joy_linux' build argument 'catkin_skip_building_tests' from command line to 'False'
[0.480s] DEBUG:colcon.colcon_core.verb:Building package 'joy_linux' with the following arguments: {'ament_cmake_args': None, 'ament_gradle_args': None, 'ament_gradle_task': None, 'build_base': '/home/rhobtor/PHD/ARGOJ8_IA/ARGOSJ8_IA_/build/joy_linux', 'catkin_cmake_args': None, 'catkin_skip_building_tests': False, 'cmake_args': None, 'cmake_clean_cache': False, 'cmake_clean_first': False, 'cmake_force_configure': False, 'cmake_target': None, 'cmake_target_skip_unavailable': False, 'gradle_args': None, 'gradle_task': None, 'install_base': '/home/rhobtor/PHD/ARGOJ8_IA/ARGOSJ8_IA_/install/joy_linux', 'merge_install': False, 'path': '/home/rhobtor/PHD/ARGOJ8_IA/ARGOSJ8_IA_/src/j8_joystick/joy_linux', 'symlink_install': False, 'test_result_base': None}
[0.481s] Level 5:colcon.colcon_core.verb:set package 'ntrip_client' build argument 'ament_gradle_args' from command line to 'None'
[0.481s] Level 5:colcon.colcon_core.verb:set package 'ntrip_client' build argument 'ament_gradle_task' from command line to 'None'
[0.481s] Level 5:colcon.colcon_core.verb:set package 'ntrip_client' build argument 'cmake_args' from command line to 'None'
[0.481s] Level 5:colcon.colcon_core.verb:set package 'ntrip_client' build argument 'cmake_target' from command line to 'None'
[0.481s] Level 5:colcon.colcon_core.verb:set package 'ntrip_client' build argument 'cmake_target_skip_unavailable' from command line to 'False'
[0.481s] Level 5:colcon.colcon_core.verb:set package 'ntrip_client' build argument 'cmake_clean_cache' from command line to 'False'
[0.481s] Level 5:colcon.colcon_core.verb:set package 'ntrip_client' build argument 'cmake_clean_first' from command line to 'False'
[0.481s] Level 5:colcon.colcon_core.verb:set package 'ntrip_client' build argument 'cmake_force_configure' from command line to 'False'
[0.481s] Level 5:colcon.colcon_core.verb:set package 'ntrip_client' build argument 'gradle_args' from command line to 'None'
[0.481s] Level 5:colcon.colcon_core.verb:set package 'ntrip_client' build argument 'gradle_task' from command line to 'None'
[0.481s] Level 5:colcon.colcon_core.verb:set package 'ntrip_client' build argument 'ament_cmake_args' from command line to 'None'
[0.481s] Level 5:colcon.colcon_core.verb:set package 'ntrip_client' build argument 'catkin_cmake_args' from command line to 'None'
[0.481s] Level 5:colcon.colcon_core.verb:set package 'ntrip_client' build argument 'catkin_skip_building_tests' from command line to 'False'
[0.481s] DEBUG:colcon.colcon_core.verb:Building package 'ntrip_client' with the following arguments: {'ament_cmake_args': None, 'ament_gradle_args': None, 'ament_gradle_task': None, 'build_base': '/home/rhobtor/PHD/ARGOJ8_IA/ARGOSJ8_IA_/build/ntrip_client', 'catkin_cmake_args': None, 'catkin_skip_building_tests': False, 'cmake_args': None, 'cmake_clean_cache': False, 'cmake_clean_first': False, 'cmake_force_configure': False, 'cmake_target': None, 'cmake_target_skip_unavailable': False, 'gradle_args': None, 'gradle_task': None, 'install_base': '/home/rhobtor/PHD/ARGOJ8_IA/ARGOSJ8_IA_/install/ntrip_client', 'merge_install': False, 'path': '/home/rhobtor/PHD/ARGOJ8_IA/ARGOSJ8_IA_/src/argo_drivers_pkgs/ntrip_client', 'symlink_install': False, 'test_result_base': None}
[0.481s] Level 5:colcon.colcon_core.verb:set package 'octomap_rviz_plugins' build argument 'ament_gradle_args' from command line to 'None'
[0.482s] Level 5:colcon.colcon_core.verb:set package 'octomap_rviz_plugins' build argument 'ament_gradle_task' from command line to 'None'
[0.482s] Level 5:colcon.colcon_core.verb:set package 'octomap_rviz_plugins' build argument 'cmake_args' from command line to 'None'
[0.482s] Level 5:colcon.colcon_core.verb:set package 'octomap_rviz_plugins' build argument 'cmake_target' from command line to 'None'
[0.482s] Level 5:colcon.colcon_core.verb:set package 'octomap_rviz_plugins' build argument 'cmake_target_skip_unavailable' from command line to 'False'
[0.482s] Level 5:colcon.colcon_core.verb:set package 'octomap_rviz_plugins' build argument 'cmake_clean_cache' from command line to 'False'
[0.482s] Level 5:colcon.colcon_core.verb:set package 'octomap_rviz_plugins' build argument 'cmake_clean_first' from command line to 'False'
[0.482s] Level 5:colcon.colcon_core.verb:set package 'octomap_rviz_plugins' build argument 'cmake_force_configure' from command line to 'False'
[0.482s] Level 5:colcon.colcon_core.verb:set package 'octomap_rviz_plugins' build argument 'gradle_args' from command line to 'None'
[0.482s] Level 5:colcon.colcon_core.verb:set package 'octomap_rviz_plugins' build argument 'gradle_task' from command line to 'None'
[0.482s] Level 5:colcon.colcon_core.verb:set package 'octomap_rviz_plugins' build argument 'ament_cmake_args' from command line to 'None'
[0.482s] Level 5:colcon.colcon_core.verb:set package 'octomap_rviz_plugins' build argument 'catkin_cmake_args' from command line to 'None'
[0.482s] Level 5:colcon.colcon_core.verb:set package 'octomap_rviz_plugins' build argument 'catkin_skip_building_tests' from command line to 'False'
[0.482s] DEBUG:colcon.colcon_core.verb:Building package 'octomap_rviz_plugins' with the following arguments: {'ament_cmake_args': None, 'ament_gradle_args': None, 'ament_gradle_task': None, 'build_base': '/home/rhobtor/PHD/ARGOJ8_IA/ARGOSJ8_IA_/build/octomap_rviz_plugins', 'catkin_cmake_args': None, 'catkin_skip_building_tests': False, 'cmake_args': None, 'cmake_clean_cache': False, 'cmake_clean_first': False, 'cmake_force_configure': False, 'cmake_target': None, 'cmake_target_skip_unavailable': False, 'gradle_args': None, 'gradle_task': None, 'install_base': '/home/rhobtor/PHD/ARGOJ8_IA/ARGOSJ8_IA_/install/octomap_rviz_plugins', 'merge_install': False, 'path': '/home/rhobtor/PHD/ARGOJ8_IA/ARGOSJ8_IA_/src/plugin_rviz', 'symlink_install': False, 'test_result_base': None}
[0.482s] Level 5:colcon.colcon_core.verb:set package 'path_manager_interfaces' build argument 'ament_gradle_args' from command line to 'None'
[0.482s] Level 5:colcon.colcon_core.verb:set package 'path_manager_interfaces' build argument 'ament_gradle_task' from command line to 'None'
[0.482s] Level 5:colcon.colcon_core.verb:set package 'path_manager_interfaces' build argument 'cmake_args' from command line to 'None'
[0.482s] Level 5:colcon.colcon_core.verb:set package 'path_manager_interfaces' build argument 'cmake_target' from command line to 'None'
[0.482s] Level 5:colcon.colcon_core.verb:set package 'path_manager_interfaces' build argument 'cmake_target_skip_unavailable' from command line to 'False'
[0.482s] Level 5:colcon.colcon_core.verb:set package 'path_manager_interfaces' build argument 'cmake_clean_cache' from command line to 'False'
[0.482s] Level 5:colcon.colcon_core.verb:set package 'path_manager_interfaces' build argument 'cmake_clean_first' from command line to 'False'
[0.482s] Level 5:colcon.colcon_core.verb:set package 'path_manager_interfaces' build argument 'cmake_force_configure' from command line to 'False'
[0.482s] Level 5:colcon.colcon_core.verb:set package 'path_manager_interfaces' build argument 'gradle_args' from command line to 'None'
[0.482s] Level 5:colcon.colcon_core.verb:set package 'path_manager_interfaces' build argument 'gradle_task' from command line to 'None'
[0.482s] Level 5:colcon.colcon_core.verb:set package 'path_manager_interfaces' build argument 'ament_cmake_args' from command line to 'None'
[0.482s] Level 5:colcon.colcon_core.verb:set package 'path_manager_interfaces' build argument 'catkin_cmake_args' from command line to 'None'
[0.482s] Level 5:colcon.colcon_core.verb:set package 'path_manager_interfaces' build argument 'catkin_skip_building_tests' from command line to 'False'
[0.482s] DEBUG:colcon.colcon_core.verb:Building package 'path_manager_interfaces' with the following arguments: {'ament_cmake_args': None, 'ament_gradle_args': None, 'ament_gradle_task': None, 'build_base': '/home/rhobtor/PHD/ARGOJ8_IA/ARGOSJ8_IA_/build/path_manager_interfaces', 'catkin_cmake_args': None, 'catkin_skip_building_tests': False, 'cmake_args': None, 'cmake_clean_cache': False, 'cmake_clean_first': False, 'cmake_force_configure': False, 'cmake_target': None, 'cmake_target_skip_unavailable': False, 'gradle_args': None, 'gradle_task': None, 'install_base': '/home/rhobtor/PHD/ARGOJ8_IA/ARGOSJ8_IA_/install/path_manager_interfaces', 'merge_install': False, 'path': '/home/rhobtor/PHD/ARGOJ8_IA/ARGOSJ8_IA_/src/path_manager/path_manager_interfaces', 'symlink_install': False, 'test_result_base': None}
[0.483s] Level 5:colcon.colcon_core.verb:set package 'sdl2_vendor' build argument 'ament_gradle_args' from command line to 'None'
[0.483s] Level 5:colcon.colcon_core.verb:set package 'sdl2_vendor' build argument 'ament_gradle_task' from command line to 'None'
[0.483s] Level 5:colcon.colcon_core.verb:set package 'sdl2_vendor' build argument 'cmake_args' from command line to 'None'
[0.483s] Level 5:colcon.colcon_core.verb:set package 'sdl2_vendor' build argument 'cmake_target' from command line to 'None'
[0.483s] Level 5:colcon.colcon_core.verb:set package 'sdl2_vendor' build argument 'cmake_target_skip_unavailable' from command line to 'False'
[0.483s] Level 5:colcon.colcon_core.verb:set package 'sdl2_vendor' build argument 'cmake_clean_cache' from command line to 'False'
[0.483s] Level 5:colcon.colcon_core.verb:set package 'sdl2_vendor' build argument 'cmake_clean_first' from command line to 'False'
[0.483s] Level 5:colcon.colcon_core.verb:set package 'sdl2_vendor' build argument 'cmake_force_configure' from command line to 'False'
[0.483s] Level 5:colcon.colcon_core.verb:set package 'sdl2_vendor' build argument 'gradle_args' from command line to 'None'
[0.483s] Level 5:colcon.colcon_core.verb:set package 'sdl2_vendor' build argument 'gradle_task' from command line to 'None'
[0.483s] Level 5:colcon.colcon_core.verb:set package 'sdl2_vendor' build argument 'ament_cmake_args' from command line to 'None'
[0.483s] Level 5:colcon.colcon_core.verb:set package 'sdl2_vendor' build argument 'catkin_cmake_args' from command line to 'None'
[0.483s] Level 5:colcon.colcon_core.verb:set package 'sdl2_vendor' build argument 'catkin_skip_building_tests' from command line to 'False'
[0.483s] DEBUG:colcon.colcon_core.verb:Building package 'sdl2_vendor' with the following arguments: {'ament_cmake_args': None, 'ament_gradle_args': None, 'ament_gradle_task': None, 'build_base': '/home/rhobtor/PHD/ARGOJ8_IA/ARGOSJ8_IA_/build/sdl2_vendor', 'catkin_cmake_args': None, 'catkin_skip_building_tests': False, 'cmake_args': None, 'cmake_clean_cache': False, 'cmake_clean_first': False, 'cmake_force_configure': False, 'cmake_target': None, 'cmake_target_skip_unavailable': False, 'gradle_args': None, 'gradle_task': None, 'install_base': '/home/rhobtor/PHD/ARGOJ8_IA/ARGOSJ8_IA_/install/sdl2_vendor', 'merge_install': False, 'path': '/home/rhobtor/PHD/ARGOJ8_IA/ARGOSJ8_IA_/src/j8_joystick/sdl2_vendor', 'symlink_install': False, 'test_result_base': None}
[0.484s] Level 5:colcon.colcon_core.verb:set package 'security_check_interfaces' build argument 'ament_gradle_args' from command line to 'None'
[0.484s] Level 5:colcon.colcon_core.verb:set package 'security_check_interfaces' build argument 'ament_gradle_task' from command line to 'None'
[0.484s] Level 5:colcon.colcon_core.verb:set package 'security_check_interfaces' build argument 'cmake_args' from command line to 'None'
[0.484s] Level 5:colcon.colcon_core.verb:set package 'security_check_interfaces' build argument 'cmake_target' from command line to 'None'
[0.484s] Level 5:colcon.colcon_core.verb:set package 'security_check_interfaces' build argument 'cmake_target_skip_unavailable' from command line to 'False'
[0.484s] Level 5:colcon.colcon_core.verb:set package 'security_check_interfaces' build argument 'cmake_clean_cache' from command line to 'False'
[0.484s] Level 5:colcon.colcon_core.verb:set package 'security_check_interfaces' build argument 'cmake_clean_first' from command line to 'False'
[0.484s] Level 5:colcon.colcon_core.verb:set package 'security_check_interfaces' build argument 'cmake_force_configure' from command line to 'False'
[0.484s] Level 5:colcon.colcon_core.verb:set package 'security_check_interfaces' build argument 'gradle_args' from command line to 'None'
[0.484s] Level 5:colcon.colcon_core.verb:set package 'security_check_interfaces' build argument 'gradle_task' from command line to 'None'
[0.484s] Level 5:colcon.colcon_core.verb:set package 'security_check_interfaces' build argument 'ament_cmake_args' from command line to 'None'
[0.484s] Level 5:colcon.colcon_core.verb:set package 'security_check_interfaces' build argument 'catkin_cmake_args' from command line to 'None'
[0.484s] Level 5:colcon.colcon_core.verb:set package 'security_check_interfaces' build argument 'catkin_skip_building_tests' from command line to 'False'
[0.484s] DEBUG:colcon.colcon_core.verb:Building package 'security_check_interfaces' with the following arguments: {'ament_cmake_args': None, 'ament_gradle_args': None, 'ament_gradle_task': None, 'build_base': '/home/rhobtor/PHD/ARGOJ8_IA/ARGOSJ8_IA_/build/security_check_interfaces', 'catkin_cmake_args': None, 'catkin_skip_building_tests': False, 'cmake_args': None, 'cmake_clean_cache': False, 'cmake_clean_first': False, 'cmake_force_configure': False, 'cmake_target': None, 'cmake_target_skip_unavailable': False, 'gradle_args': None, 'gradle_task': None, 'install_base': '/home/rhobtor/PHD/ARGOJ8_IA/ARGOSJ8_IA_/install/security_check_interfaces', 'merge_install': False, 'path': '/home/rhobtor/PHD/ARGOJ8_IA/ARGOSJ8_IA_/src/security_check/security_check_interfaces', 'symlink_install': False, 'test_result_base': None}
[0.484s] Level 5:colcon.colcon_core.verb:set package 'slg_msgs' build argument 'ament_gradle_args' from command line to 'None'
[0.484s] Level 5:colcon.colcon_core.verb:set package 'slg_msgs' build argument 'ament_gradle_task' from command line to 'None'
[0.484s] Level 5:colcon.colcon_core.verb:set package 'slg_msgs' build argument 'cmake_args' from command line to 'None'
[0.484s] Level 5:colcon.colcon_core.verb:set package 'slg_msgs' build argument 'cmake_target' from command line to 'None'
[0.484s] Level 5:colcon.colcon_core.verb:set package 'slg_msgs' build argument 'cmake_target_skip_unavailable' from command line to 'False'
[0.484s] Level 5:colcon.colcon_core.verb:set package 'slg_msgs' build argument 'cmake_clean_cache' from command line to 'False'
[0.484s] Level 5:colcon.colcon_core.verb:set package 'slg_msgs' build argument 'cmake_clean_first' from command line to 'False'
[0.484s] Level 5:colcon.colcon_core.verb:set package 'slg_msgs' build argument 'cmake_force_configure' from command line to 'False'
[0.484s] Level 5:colcon.colcon_core.verb:set package 'slg_msgs' build argument 'gradle_args' from command line to 'None'
[0.484s] Level 5:colcon.colcon_core.verb:set package 'slg_msgs' build argument 'gradle_task' from command line to 'None'
[0.484s] Level 5:colcon.colcon_core.verb:set package 'slg_msgs' build argument 'ament_cmake_args' from command line to 'None'
[0.484s] Level 5:colcon.colcon_core.verb:set package 'slg_msgs' build argument 'catkin_cmake_args' from command line to 'None'
[0.484s] Level 5:colcon.colcon_core.verb:set package 'slg_msgs' build argument 'catkin_skip_building_tests' from command line to 'False'
[0.484s] DEBUG:colcon.colcon_core.verb:Building package 'slg_msgs' with the following arguments: {'ament_cmake_args': None, 'ament_gradle_args': None, 'ament_gradle_task': None, 'build_base': '/home/rhobtor/PHD/ARGOJ8_IA/ARGOSJ8_IA_/build/slg_msgs', 'catkin_cmake_args': None, 'catkin_skip_building_tests': False, 'cmake_args': None, 'cmake_clean_cache': False, 'cmake_clean_first': False, 'cmake_force_configure': False, 'cmake_target': None, 'cmake_target_skip_unavailable': False, 'gradle_args': None, 'gradle_task': None, 'install_base': '/home/rhobtor/PHD/ARGOJ8_IA/ARGOSJ8_IA_/install/slg_msgs', 'merge_install': False, 'path': '/home/rhobtor/PHD/ARGOJ8_IA/ARGOSJ8_IA_/src/lidar_process_pkgs/slg_msgs', 'symlink_install': False, 'test_result_base': None}
[0.485s] Level 5:colcon.colcon_core.verb:set package 'spacenav' build argument 'ament_gradle_args' from command line to 'None'
[0.485s] Level 5:colcon.colcon_core.verb:set package 'spacenav' build argument 'ament_gradle_task' from command line to 'None'
[0.485s] Level 5:colcon.colcon_core.verb:set package 'spacenav' build argument 'cmake_args' from command line to 'None'
[0.485s] Level 5:colcon.colcon_core.verb:set package 'spacenav' build argument 'cmake_target' from command line to 'None'
[0.485s] Level 5:colcon.colcon_core.verb:set package 'spacenav' build argument 'cmake_target_skip_unavailable' from command line to 'False'
[0.485s] Level 5:colcon.colcon_core.verb:set package 'spacenav' build argument 'cmake_clean_cache' from command line to 'False'
[0.485s] Level 5:colcon.colcon_core.verb:set package 'spacenav' build argument 'cmake_clean_first' from command line to 'False'
[0.485s] Level 5:colcon.colcon_core.verb:set package 'spacenav' build argument 'cmake_force_configure' from command line to 'False'
[0.485s] Level 5:colcon.colcon_core.verb:set package 'spacenav' build argument 'gradle_args' from command line to 'None'
[0.485s] Level 5:colcon.colcon_core.verb:set package 'spacenav' build argument 'gradle_task' from command line to 'None'
[0.485s] Level 5:colcon.colcon_core.verb:set package 'spacenav' build argument 'ament_cmake_args' from command line to 'None'
[0.485s] Level 5:colcon.colcon_core.verb:set package 'spacenav' build argument 'catkin_cmake_args' from command line to 'None'
[0.485s] Level 5:colcon.colcon_core.verb:set package 'spacenav' build argument 'catkin_skip_building_tests' from command line to 'False'
[0.486s] DEBUG:colcon.colcon_core.verb:Building package 'spacenav' with the following arguments: {'ament_cmake_args': None, 'ament_gradle_args': None, 'ament_gradle_task': None, 'build_base': '/home/rhobtor/PHD/ARGOJ8_IA/ARGOSJ8_IA_/build/spacenav', 'catkin_cmake_args': None, 'catkin_skip_building_tests': False, 'cmake_args': None, 'cmake_clean_cache': False, 'cmake_clean_first': False, 'cmake_force_configure': False, 'cmake_target': None, 'cmake_target_skip_unavailable': False, 'gradle_args': None, 'gradle_task': None, 'install_base': '/home/rhobtor/PHD/ARGOJ8_IA/ARGOSJ8_IA_/install/spacenav', 'merge_install': False, 'path': '/home/rhobtor/PHD/ARGOJ8_IA/ARGOSJ8_IA_/src/j8_joystick/spacenav', 'symlink_install': False, 'test_result_base': None}
[0.487s] Level 5:colcon.colcon_core.verb:set package 'ublox_serialization' build argument 'ament_gradle_args' from command line to 'None'
[0.487s] Level 5:colcon.colcon_core.verb:set package 'ublox_serialization' build argument 'ament_gradle_task' from command line to 'None'
[0.487s] Level 5:colcon.colcon_core.verb:set package 'ublox_serialization' build argument 'cmake_args' from command line to 'None'
[0.487s] Level 5:colcon.colcon_core.verb:set package 'ublox_serialization' build argument 'cmake_target' from command line to 'None'
[0.487s] Level 5:colcon.colcon_core.verb:set package 'ublox_serialization' build argument 'cmake_target_skip_unavailable' from command line to 'False'
[0.487s] Level 5:colcon.colcon_core.verb:set package 'ublox_serialization' build argument 'cmake_clean_cache' from command line to 'False'
[0.487s] Level 5:colcon.colcon_core.verb:set package 'ublox_serialization' build argument 'cmake_clean_first' from command line to 'False'
[0.487s] Level 5:colcon.colcon_core.verb:set package 'ublox_serialization' build argument 'cmake_force_configure' from command line to 'False'
[0.488s] Level 5:colcon.colcon_core.verb:set package 'ublox_serialization' build argument 'gradle_args' from command line to 'None'
[0.488s] Level 5:colcon.colcon_core.verb:set package 'ublox_serialization' build argument 'gradle_task' from command line to 'None'
[0.488s] Level 5:colcon.colcon_core.verb:set package 'ublox_serialization' build argument 'ament_cmake_args' from command line to 'None'
[0.488s] Level 5:colcon.colcon_core.verb:set package 'ublox_serialization' build argument 'catkin_cmake_args' from command line to 'None'
[0.488s] Level 5:colcon.colcon_core.verb:set package 'ublox_serialization' build argument 'catkin_skip_building_tests' from command line to 'False'
[0.488s] DEBUG:colcon.colcon_core.verb:Building package 'ublox_serialization' with the following arguments: {'ament_cmake_args': None, 'ament_gradle_args': None, 'ament_gradle_task': None, 'build_base': '/home/rhobtor/PHD/ARGOJ8_IA/ARGOSJ8_IA_/build/ublox_serialization', 'catkin_cmake_args': None, 'catkin_skip_building_tests': False, 'cmake_args': None, 'cmake_clean_cache': False, 'cmake_clean_first': False, 'cmake_force_configure': False, 'cmake_target': None, 'cmake_target_skip_unavailable': False, 'gradle_args': None, 'gradle_task': None, 'install_base': '/home/rhobtor/PHD/ARGOJ8_IA/ARGOSJ8_IA_/install/ublox_serialization', 'merge_install': False, 'path': '/home/rhobtor/PHD/ARGOJ8_IA/ARGOSJ8_IA_/src/argo_drivers_pkgs/ublox/ublox_serialization', 'symlink_install': False, 'test_result_base': None}
[0.489s] Level 5:colcon.colcon_core.verb:set package 'wiimote_msgs' build argument 'ament_gradle_args' from command line to 'None'
[0.489s] Level 5:colcon.colcon_core.verb:set package 'wiimote_msgs' build argument 'ament_gradle_task' from command line to 'None'
[0.489s] Level 5:colcon.colcon_core.verb:set package 'wiimote_msgs' build argument 'cmake_args' from command line to 'None'
[0.489s] Level 5:colcon.colcon_core.verb:set package 'wiimote_msgs' build argument 'cmake_target' from command line to 'None'
[0.490s] Level 5:colcon.colcon_core.verb:set package 'wiimote_msgs' build argument 'cmake_target_skip_unavailable' from command line to 'False'
[0.490s] Level 5:colcon.colcon_core.verb:set package 'wiimote_msgs' build argument 'cmake_clean_cache' from command line to 'False'
[0.490s] Level 5:colcon.colcon_core.verb:set package 'wiimote_msgs' build argument 'cmake_clean_first' from command line to 'False'
[0.490s] Level 5:colcon.colcon_core.verb:set package 'wiimote_msgs' build argument 'cmake_force_configure' from command line to 'False'
[0.490s] Level 5:colcon.colcon_core.verb:set package 'wiimote_msgs' build argument 'gradle_args' from command line to 'None'
[0.490s] Level 5:colcon.colcon_core.verb:set package 'wiimote_msgs' build argument 'gradle_task' from command line to 'None'
[0.490s] Level 5:colcon.colcon_core.verb:set package 'wiimote_msgs' build argument 'ament_cmake_args' from command line to 'None'
[0.490s] Level 5:colcon.colcon_core.verb:set package 'wiimote_msgs' build argument 'catkin_cmake_args' from command line to 'None'
[0.490s] Level 5:colcon.colcon_core.verb:set package 'wiimote_msgs' build argument 'catkin_skip_building_tests' from command line to 'False'
[0.490s] DEBUG:colcon.colcon_core.verb:Building package 'wiimote_msgs' with the following arguments: {'ament_cmake_args': None, 'ament_gradle_args': None, 'ament_gradle_task': None, 'build_base': '/home/rhobtor/PHD/ARGOJ8_IA/ARGOSJ8_IA_/build/wiimote_msgs', 'catkin_cmake_args': None, 'catkin_skip_building_tests': False, 'cmake_args': None, 'cmake_clean_cache': False, 'cmake_clean_first': False, 'cmake_force_configure': False, 'cmake_target': None, 'cmake_target_skip_unavailable': False, 'gradle_args': None, 'gradle_task': None, 'install_base': '/home/rhobtor/PHD/ARGOJ8_IA/ARGOSJ8_IA_/install/wiimote_msgs', 'merge_install': False, 'path': '/home/rhobtor/PHD/ARGOJ8_IA/ARGOSJ8_IA_/src/j8_joystick/wiimote_msgs', 'symlink_install': False, 'test_result_base': None}
[0.491s] Level 5:colcon.colcon_core.verb:set package 'argj801_ctl_platform' build argument 'ament_gradle_args' from command line to 'None'
[0.491s] Level 5:colcon.colcon_core.verb:set package 'argj801_ctl_platform' build argument 'ament_gradle_task' from command line to 'None'
[0.491s] Level 5:colcon.colcon_core.verb:set package 'argj801_ctl_platform' build argument 'cmake_args' from command line to 'None'
[0.491s] Level 5:colcon.colcon_core.verb:set package 'argj801_ctl_platform' build argument 'cmake_target' from command line to 'None'
[0.491s] Level 5:colcon.colcon_core.verb:set package 'argj801_ctl_platform' build argument 'cmake_target_skip_unavailable' from command line to 'False'
[0.491s] Level 5:colcon.colcon_core.verb:set package 'argj801_ctl_platform' build argument 'cmake_clean_cache' from command line to 'False'
[0.491s] Level 5:colcon.colcon_core.verb:set package 'argj801_ctl_platform' build argument 'cmake_clean_first' from command line to 'False'
[0.491s] Level 5:colcon.colcon_core.verb:set package 'argj801_ctl_platform' build argument 'cmake_force_configure' from command line to 'False'
[0.491s] Level 5:colcon.colcon_core.verb:set package 'argj801_ctl_platform' build argument 'gradle_args' from command line to 'None'
[0.491s] Level 5:colcon.colcon_core.verb:set package 'argj801_ctl_platform' build argument 'gradle_task' from command line to 'None'
[0.491s] Level 5:colcon.colcon_core.verb:set package 'argj801_ctl_platform' build argument 'ament_cmake_args' from command line to 'None'
[0.491s] Level 5:colcon.colcon_core.verb:set package 'argj801_ctl_platform' build argument 'catkin_cmake_args' from command line to 'None'
[0.491s] Level 5:colcon.colcon_core.verb:set package 'argj801_ctl_platform' build argument 'catkin_skip_building_tests' from command line to 'False'
[0.491s] DEBUG:colcon.colcon_core.verb:Building package 'argj801_ctl_platform' with the following arguments: {'ament_cmake_args': None, 'ament_gradle_args': None, 'ament_gradle_task': None, 'build_base': '/home/rhobtor/PHD/ARGOJ8_IA/ARGOSJ8_IA_/build/argj801_ctl_platform', 'catkin_cmake_args': None, 'catkin_skip_building_tests': False, 'cmake_args': None, 'cmake_clean_cache': False, 'cmake_clean_first': False, 'cmake_force_configure': False, 'cmake_target': None, 'cmake_target_skip_unavailable': False, 'gradle_args': None, 'gradle_task': None, 'install_base': '/home/rhobtor/PHD/ARGOJ8_IA/ARGOSJ8_IA_/install/argj801_ctl_platform', 'merge_install': False, 'path': '/home/rhobtor/PHD/ARGOJ8_IA/ARGOSJ8_IA_/src/argj801_ctl_platform/argj801_ctl_platform', 'symlink_install': False, 'test_result_base': None}
[0.492s] Level 5:colcon.colcon_core.verb:set package 'argj801_sensors' build argument 'ament_gradle_args' from command line to 'None'
[0.492s] Level 5:colcon.colcon_core.verb:set package 'argj801_sensors' build argument 'ament_gradle_task' from command line to 'None'
[0.492s] Level 5:colcon.colcon_core.verb:set package 'argj801_sensors' build argument 'cmake_args' from command line to 'None'
[0.492s] Level 5:colcon.colcon_core.verb:set package 'argj801_sensors' build argument 'cmake_target' from command line to 'None'
[0.492s] Level 5:colcon.colcon_core.verb:set package 'argj801_sensors' build argument 'cmake_target_skip_unavailable' from command line to 'False'
[0.492s] Level 5:colcon.colcon_core.verb:set package 'argj801_sensors' build argument 'cmake_clean_cache' from command line to 'False'
[0.492s] Level 5:colcon.colcon_core.verb:set package 'argj801_sensors' build argument 'cmake_clean_first' from command line to 'False'
[0.492s] Level 5:colcon.colcon_core.verb:set package 'argj801_sensors' build argument 'cmake_force_configure' from command line to 'False'
[0.492s] Level 5:colcon.colcon_core.verb:set package 'argj801_sensors' build argument 'gradle_args' from command line to 'None'
[0.492s] Level 5:colcon.colcon_core.verb:set package 'argj801_sensors' build argument 'gradle_task' from command line to 'None'
[0.492s] Level 5:colcon.colcon_core.verb:set package 'argj801_sensors' build argument 'ament_cmake_args' from command line to 'None'
[0.492s] Level 5:colcon.colcon_core.verb:set package 'argj801_sensors' build argument 'catkin_cmake_args' from command line to 'None'
[0.492s] Level 5:colcon.colcon_core.verb:set package 'argj801_sensors' build argument 'catkin_skip_building_tests' from command line to 'False'
[0.492s] DEBUG:colcon.colcon_core.verb:Building package 'argj801_sensors' with the following arguments: {'ament_cmake_args': None, 'ament_gradle_args': None, 'ament_gradle_task': None, 'build_base': '/home/rhobtor/PHD/ARGOJ8_IA/ARGOSJ8_IA_/build/argj801_sensors', 'catkin_cmake_args': None, 'catkin_skip_building_tests': False, 'cmake_args': None, 'cmake_clean_cache': False, 'cmake_clean_first': False, 'cmake_force_configure': False, 'cmake_target': None, 'cmake_target_skip_unavailable': False, 'gradle_args': None, 'gradle_task': None, 'install_base': '/home/rhobtor/PHD/ARGOJ8_IA/ARGOSJ8_IA_/install/argj801_sensors', 'merge_install': False, 'path': '/home/rhobtor/PHD/ARGOJ8_IA/ARGOSJ8_IA_/src/argo_drivers_pkgs/argj801_sensors/argj801_sensors', 'symlink_install': False, 'test_result_base': None}
[0.492s] Level 5:colcon.colcon_core.verb:set package 'car' build argument 'ament_gradle_args' from command line to 'None'
[0.493s] Level 5:colcon.colcon_core.verb:set package 'car' build argument 'ament_gradle_task' from command line to 'None'
[0.493s] Level 5:colcon.colcon_core.verb:set package 'car' build argument 'cmake_args' from command line to 'None'
[0.493s] Level 5:colcon.colcon_core.verb:set package 'car' build argument 'cmake_target' from command line to 'None'
[0.493s] Level 5:colcon.colcon_core.verb:set package 'car' build argument 'cmake_target_skip_unavailable' from command line to 'False'
[0.493s] Level 5:colcon.colcon_core.verb:set package 'car' build argument 'cmake_clean_cache' from command line to 'False'
[0.493s] Level 5:colcon.colcon_core.verb:set package 'car' build argument 'cmake_clean_first' from command line to 'False'
[0.493s] Level 5:colcon.colcon_core.verb:set package 'car' build argument 'cmake_force_configure' from command line to 'False'
[0.493s] Level 5:colcon.colcon_core.verb:set package 'car' build argument 'gradle_args' from command line to 'None'
[0.493s] Level 5:colcon.colcon_core.verb:set package 'car' build argument 'gradle_task' from command line to 'None'
[0.493s] Level 5:colcon.colcon_core.verb:set package 'car' build argument 'ament_cmake_args' from command line to 'None'
[0.493s] Level 5:colcon.colcon_core.verb:set package 'car' build argument 'catkin_cmake_args' from command line to 'None'
[0.493s] Level 5:colcon.colcon_core.verb:set package 'car' build argument 'catkin_skip_building_tests' from command line to 'False'
[0.493s] DEBUG:colcon.colcon_core.verb:Building package 'car' with the following arguments: {'ament_cmake_args': None, 'ament_gradle_args': None, 'ament_gradle_task': None, 'build_base': '/home/rhobtor/PHD/ARGOJ8_IA/ARGOSJ8_IA_/build/car', 'catkin_cmake_args': None, 'catkin_skip_building_tests': False, 'cmake_args': None, 'cmake_clean_cache': False, 'cmake_clean_first': False, 'cmake_force_configure': False, 'cmake_target': None, 'cmake_target_skip_unavailable': False, 'gradle_args': None, 'gradle_task': None, 'install_base': '/home/rhobtor/PHD/ARGOJ8_IA/ARGOSJ8_IA_/install/car', 'merge_install': False, 'path': '/home/rhobtor/PHD/ARGOJ8_IA/ARGOSJ8_IA_/src/car_python', 'symlink_install': False, 'test_result_base': None}
[0.493s] Level 5:colcon.colcon_core.verb:set package 'car_cpp' build argument 'ament_gradle_args' from command line to 'None'
[0.493s] Level 5:colcon.colcon_core.verb:set package 'car_cpp' build argument 'ament_gradle_task' from command line to 'None'
[0.493s] Level 5:colcon.colcon_core.verb:set package 'car_cpp' build argument 'cmake_args' from command line to 'None'
[0.493s] Level 5:colcon.colcon_core.verb:set package 'car_cpp' build argument 'cmake_target' from command line to 'None'
[0.493s] Level 5:colcon.colcon_core.verb:set package 'car_cpp' build argument 'cmake_target_skip_unavailable' from command line to 'False'
[0.493s] Level 5:colcon.colcon_core.verb:set package 'car_cpp' build argument 'cmake_clean_cache' from command line to 'False'
[0.493s] Level 5:colcon.colcon_core.verb:set package 'car_cpp' build argument 'cmake_clean_first' from command line to 'False'
[0.493s] Level 5:colcon.colcon_core.verb:set package 'car_cpp' build argument 'cmake_force_configure' from command line to 'False'
[0.493s] Level 5:colcon.colcon_core.verb:set package 'car_cpp' build argument 'gradle_args' from command line to 'None'
[0.493s] Level 5:colcon.colcon_core.verb:set package 'car_cpp' build argument 'gradle_task' from command line to 'None'
[0.493s] Level 5:colcon.colcon_core.verb:set package 'car_cpp' build argument 'ament_cmake_args' from command line to 'None'
[0.493s] Level 5:colcon.colcon_core.verb:set package 'car_cpp' build argument 'catkin_cmake_args' from command line to 'None'
[0.493s] Level 5:colcon.colcon_core.verb:set package 'car_cpp' build argument 'catkin_skip_building_tests' from command line to 'False'
[0.494s] DEBUG:colcon.colcon_core.verb:Building package 'car_cpp' with the following arguments: {'ament_cmake_args': None, 'ament_gradle_args': None, 'ament_gradle_task': None, 'build_base': '/home/rhobtor/PHD/ARGOJ8_IA/ARGOSJ8_IA_/build/car_cpp', 'catkin_cmake_args': None, 'catkin_skip_building_tests': False, 'cmake_args': None, 'cmake_clean_cache': False, 'cmake_clean_first': False, 'cmake_force_configure': False, 'cmake_target': None, 'cmake_target_skip_unavailable': False, 'gradle_args': None, 'gradle_task': None, 'install_base': '/home/rhobtor/PHD/ARGOJ8_IA/ARGOSJ8_IA_/install/car_cpp', 'merge_install': False, 'path': '/home/rhobtor/PHD/ARGOJ8_IA/ARGOSJ8_IA_/src/car_cpp', 'symlink_install': False, 'test_result_base': None}
[0.494s] Level 5:colcon.colcon_core.verb:set package 'fixposition_driver_lib' build argument 'ament_gradle_args' from command line to 'None'
[0.494s] Level 5:colcon.colcon_core.verb:set package 'fixposition_driver_lib' build argument 'ament_gradle_task' from command line to 'None'
[0.494s] Level 5:colcon.colcon_core.verb:set package 'fixposition_driver_lib' build argument 'cmake_args' from command line to 'None'
[0.494s] Level 5:colcon.colcon_core.verb:set package 'fixposition_driver_lib' build argument 'cmake_target' from command line to 'None'
[0.494s] Level 5:colcon.colcon_core.verb:set package 'fixposition_driver_lib' build argument 'cmake_target_skip_unavailable' from command line to 'False'
[0.494s] Level 5:colcon.colcon_core.verb:set package 'fixposition_driver_lib' build argument 'cmake_clean_cache' from command line to 'False'
[0.494s] Level 5:colcon.colcon_core.verb:set package 'fixposition_driver_lib' build argument 'cmake_clean_first' from command line to 'False'
[0.494s] Level 5:colcon.colcon_core.verb:set package 'fixposition_driver_lib' build argument 'cmake_force_configure' from command line to 'False'
[0.494s] Level 5:colcon.colcon_core.verb:set package 'fixposition_driver_lib' build argument 'gradle_args' from command line to 'None'
[0.494s] Level 5:colcon.colcon_core.verb:set package 'fixposition_driver_lib' build argument 'gradle_task' from command line to 'None'
[0.494s] Level 5:colcon.colcon_core.verb:set package 'fixposition_driver_lib' build argument 'ament_cmake_args' from command line to 'None'
[0.494s] Level 5:colcon.colcon_core.verb:set package 'fixposition_driver_lib' build argument 'catkin_cmake_args' from command line to 'None'
[0.494s] Level 5:colcon.colcon_core.verb:set package 'fixposition_driver_lib' build argument 'catkin_skip_building_tests' from command line to 'False'
[0.494s] DEBUG:colcon.colcon_core.verb:Building package 'fixposition_driver_lib' with the following arguments: {'ament_cmake_args': None, 'ament_gradle_args': None, 'ament_gradle_task': None, 'build_base': '/home/rhobtor/PHD/ARGOJ8_IA/ARGOSJ8_IA_/build/fixposition_driver_lib', 'catkin_cmake_args': None, 'catkin_skip_building_tests': False, 'cmake_args': None, 'cmake_clean_cache': False, 'cmake_clean_first': False, 'cmake_force_configure': False, 'cmake_target': None, 'cmake_target_skip_unavailable': False, 'gradle_args': None, 'gradle_task': None, 'install_base': '/home/rhobtor/PHD/ARGOJ8_IA/ARGOSJ8_IA_/install/fixposition_driver_lib', 'merge_install': False, 'path': '/home/rhobtor/PHD/ARGOJ8_IA/ARGOSJ8_IA_/src/argo_drivers_pkgs/Fixposition_driver_pkg/fixposition_driver-main/fixposition_driver_lib', 'symlink_install': False, 'test_result_base': None}
[0.495s] Level 5:colcon.colcon_core.verb:set package 'joy' build argument 'ament_gradle_args' from command line to 'None'
[0.495s] Level 5:colcon.colcon_core.verb:set package 'joy' build argument 'ament_gradle_task' from command line to 'None'
[0.495s] Level 5:colcon.colcon_core.verb:set package 'joy' build argument 'cmake_args' from command line to 'None'
[0.495s] Level 5:colcon.colcon_core.verb:set package 'joy' build argument 'cmake_target' from command line to 'None'
[0.495s] Level 5:colcon.colcon_core.verb:set package 'joy' build argument 'cmake_target_skip_unavailable' from command line to 'False'
[0.495s] Level 5:colcon.colcon_core.verb:set package 'joy' build argument 'cmake_clean_cache' from command line to 'False'
[0.495s] Level 5:colcon.colcon_core.verb:set package 'joy' build argument 'cmake_clean_first' from command line to 'False'
[0.495s] Level 5:colcon.colcon_core.verb:set package 'joy' build argument 'cmake_force_configure' from command line to 'False'
[0.495s] Level 5:colcon.colcon_core.verb:set package 'joy' build argument 'gradle_args' from command line to 'None'
[0.495s] Level 5:colcon.colcon_core.verb:set package 'joy' build argument 'gradle_task' from command line to 'None'
[0.495s] Level 5:colcon.colcon_core.verb:set package 'joy' build argument 'ament_cmake_args' from command line to 'None'
[0.495s] Level 5:colcon.colcon_core.verb:set package 'joy' build argument 'catkin_cmake_args' from command line to 'None'
[0.495s] Level 5:colcon.colcon_core.verb:set package 'joy' build argument 'catkin_skip_building_tests' from command line to 'False'
[0.495s] DEBUG:colcon.colcon_core.verb:Building package 'joy' with the following arguments: {'ament_cmake_args': None, 'ament_gradle_args': None, 'ament_gradle_task': None, 'build_base': '/home/rhobtor/PHD/ARGOJ8_IA/ARGOSJ8_IA_/build/joy', 'catkin_cmake_args': None, 'catkin_skip_building_tests': False, 'cmake_args': None, 'cmake_clean_cache': False, 'cmake_clean_first': False, 'cmake_force_configure': False, 'cmake_target': None, 'cmake_target_skip_unavailable': False, 'gradle_args': None, 'gradle_task': None, 'install_base': '/home/rhobtor/PHD/ARGOJ8_IA/ARGOSJ8_IA_/install/joy', 'merge_install': False, 'path': '/home/rhobtor/PHD/ARGOJ8_IA/ARGOSJ8_IA_/src/j8_joystick/joy', 'symlink_install': False, 'test_result_base': None}
[0.495s] Level 5:colcon.colcon_core.verb:set package 'laser_segmentation' build argument 'ament_gradle_args' from command line to 'None'
[0.495s] Level 5:colcon.colcon_core.verb:set package 'laser_segmentation' build argument 'ament_gradle_task' from command line to 'None'
[0.495s] Level 5:colcon.colcon_core.verb:set package 'laser_segmentation' build argument 'cmake_args' from command line to 'None'
[0.495s] Level 5:colcon.colcon_core.verb:set package 'laser_segmentation' build argument 'cmake_target' from command line to 'None'
[0.495s] Level 5:colcon.colcon_core.verb:set package 'laser_segmentation' build argument 'cmake_target_skip_unavailable' from command line to 'False'
[0.495s] Level 5:colcon.colcon_core.verb:set package 'laser_segmentation' build argument 'cmake_clean_cache' from command line to 'False'
[0.496s] Level 5:colcon.colcon_core.verb:set package 'laser_segmentation' build argument 'cmake_clean_first' from command line to 'False'
[0.496s] Level 5:colcon.colcon_core.verb:set package 'laser_segmentation' build argument 'cmake_force_configure' from command line to 'False'
[0.496s] Level 5:colcon.colcon_core.verb:set package 'laser_segmentation' build argument 'gradle_args' from command line to 'None'
[0.496s] Level 5:colcon.colcon_core.verb:set package 'laser_segmentation' build argument 'gradle_task' from command line to 'None'
[0.496s] Level 5:colcon.colcon_core.verb:set package 'laser_segmentation' build argument 'ament_cmake_args' from command line to 'None'
[0.496s] Level 5:colcon.colcon_core.verb:set package 'laser_segmentation' build argument 'catkin_cmake_args' from command line to 'None'
[0.496s] Level 5:colcon.colcon_core.verb:set package 'laser_segmentation' build argument 'catkin_skip_building_tests' from command line to 'False'
[0.496s] DEBUG:colcon.colcon_core.verb:Building package 'laser_segmentation' with the following arguments: {'ament_cmake_args': None, 'ament_gradle_args': None, 'ament_gradle_task': None, 'build_base': '/home/rhobtor/PHD/ARGOJ8_IA/ARGOSJ8_IA_/build/laser_segmentation', 'catkin_cmake_args': None, 'catkin_skip_building_tests': False, 'cmake_args': None, 'cmake_clean_cache': False, 'cmake_clean_first': False, 'cmake_force_configure': False, 'cmake_target': None, 'cmake_target_skip_unavailable': False, 'gradle_args': None, 'gradle_task': None, 'install_base': '/home/rhobtor/PHD/ARGOJ8_IA/ARGOSJ8_IA_/install/laser_segmentation', 'merge_install': False, 'path': '/home/rhobtor/PHD/ARGOJ8_IA/ARGOSJ8_IA_/src/lidar_process_pkgs/laser_segmentation', 'symlink_install': False, 'test_result_base': None}
[0.496s] Level 5:colcon.colcon_core.verb:set package 'path_manager' build argument 'ament_gradle_args' from command line to 'None'
[0.496s] Level 5:colcon.colcon_core.verb:set package 'path_manager' build argument 'ament_gradle_task' from command line to 'None'
[0.496s] Level 5:colcon.colcon_core.verb:set package 'path_manager' build argument 'cmake_args' from command line to 'None'
[0.496s] Level 5:colcon.colcon_core.verb:set package 'path_manager' build argument 'cmake_target' from command line to 'None'
[0.496s] Level 5:colcon.colcon_core.verb:set package 'path_manager' build argument 'cmake_target_skip_unavailable' from command line to 'False'
[0.496s] Level 5:colcon.colcon_core.verb:set package 'path_manager' build argument 'cmake_clean_cache' from command line to 'False'
[0.496s] Level 5:colcon.colcon_core.verb:set package 'path_manager' build argument 'cmake_clean_first' from command line to 'False'
[0.496s] Level 5:colcon.colcon_core.verb:set package 'path_manager' build argument 'cmake_force_configure' from command line to 'False'
[0.496s] Level 5:colcon.colcon_core.verb:set package 'path_manager' build argument 'gradle_args' from command line to 'None'
[0.496s] Level 5:colcon.colcon_core.verb:set package 'path_manager' build argument 'gradle_task' from command line to 'None'
[0.496s] Level 5:colcon.colcon_core.verb:set package 'path_manager' build argument 'ament_cmake_args' from command line to 'None'
[0.496s] Level 5:colcon.colcon_core.verb:set package 'path_manager' build argument 'catkin_cmake_args' from command line to 'None'
[0.496s] Level 5:colcon.colcon_core.verb:set package 'path_manager' build argument 'catkin_skip_building_tests' from command line to 'False'
[0.496s] DEBUG:colcon.colcon_core.verb:Building package 'path_manager' with the following arguments: {'ament_cmake_args': None, 'ament_gradle_args': None, 'ament_gradle_task': None, 'build_base': '/home/rhobtor/PHD/ARGOJ8_IA/ARGOSJ8_IA_/build/path_manager', 'catkin_cmake_args': None, 'catkin_skip_building_tests': False, 'cmake_args': None, 'cmake_clean_cache': False, 'cmake_clean_first': False, 'cmake_force_configure': False, 'cmake_target': None, 'cmake_target_skip_unavailable': False, 'gradle_args': None, 'gradle_task': None, 'install_base': '/home/rhobtor/PHD/ARGOJ8_IA/ARGOSJ8_IA_/install/path_manager', 'merge_install': False, 'path': '/home/rhobtor/PHD/ARGOJ8_IA/ARGOSJ8_IA_/src/path_manager/path_manager', 'symlink_install': False, 'test_result_base': None}
[0.497s] Level 5:colcon.colcon_core.verb:set package 'ublox_msgs' build argument 'ament_gradle_args' from command line to 'None'
[0.497s] Level 5:colcon.colcon_core.verb:set package 'ublox_msgs' build argument 'ament_gradle_task' from command line to 'None'
[0.497s] Level 5:colcon.colcon_core.verb:set package 'ublox_msgs' build argument 'cmake_args' from command line to 'None'
[0.497s] Level 5:colcon.colcon_core.verb:set package 'ublox_msgs' build argument 'cmake_target' from command line to 'None'
[0.497s] Level 5:colcon.colcon_core.verb:set package 'ublox_msgs' build argument 'cmake_target_skip_unavailable' from command line to 'False'
[0.497s] Level 5:colcon.colcon_core.verb:set package 'ublox_msgs' build argument 'cmake_clean_cache' from command line to 'False'
[0.497s] Level 5:colcon.colcon_core.verb:set package 'ublox_msgs' build argument 'cmake_clean_first' from command line to 'False'
[0.497s] Level 5:colcon.colcon_core.verb:set package 'ublox_msgs' build argument 'cmake_force_configure' from command line to 'False'
[0.497s] Level 5:colcon.colcon_core.verb:set package 'ublox_msgs' build argument 'gradle_args' from command line to 'None'
[0.497s] Level 5:colcon.colcon_core.verb:set package 'ublox_msgs' build argument 'gradle_task' from command line to 'None'
[0.497s] Level 5:colcon.colcon_core.verb:set package 'ublox_msgs' build argument 'ament_cmake_args' from command line to 'None'
[0.497s] Level 5:colcon.colcon_core.verb:set package 'ublox_msgs' build argument 'catkin_cmake_args' from command line to 'None'
[0.497s] Level 5:colcon.colcon_core.verb:set package 'ublox_msgs' build argument 'catkin_skip_building_tests' from command line to 'False'
[0.497s] DEBUG:colcon.colcon_core.verb:Building package 'ublox_msgs' with the following arguments: {'ament_cmake_args': None, 'ament_gradle_args': None, 'ament_gradle_task': None, 'build_base': '/home/rhobtor/PHD/ARGOJ8_IA/ARGOSJ8_IA_/build/ublox_msgs', 'catkin_cmake_args': None, 'catkin_skip_building_tests': False, 'cmake_args': None, 'cmake_clean_cache': False, 'cmake_clean_first': False, 'cmake_force_configure': False, 'cmake_target': None, 'cmake_target_skip_unavailable': False, 'gradle_args': None, 'gradle_task': None, 'install_base': '/home/rhobtor/PHD/ARGOJ8_IA/ARGOSJ8_IA_/install/ublox_msgs', 'merge_install': False, 'path': '/home/rhobtor/PHD/ARGOJ8_IA/ARGOSJ8_IA_/src/argo_drivers_pkgs/ublox/ublox_msgs', 'symlink_install': False, 'test_result_base': None}
[0.498s] Level 5:colcon.colcon_core.verb:set package 'ctl_mission' build argument 'ament_gradle_args' from command line to 'None'
[0.498s] Level 5:colcon.colcon_core.verb:set package 'ctl_mission' build argument 'ament_gradle_task' from command line to 'None'
[0.498s] Level 5:colcon.colcon_core.verb:set package 'ctl_mission' build argument 'cmake_args' from command line to 'None'
[0.498s] Level 5:colcon.colcon_core.verb:set package 'ctl_mission' build argument 'cmake_target' from command line to 'None'
[0.498s] Level 5:colcon.colcon_core.verb:set package 'ctl_mission' build argument 'cmake_target_skip_unavailable' from command line to 'False'
[0.498s] Level 5:colcon.colcon_core.verb:set package 'ctl_mission' build argument 'cmake_clean_cache' from command line to 'False'
[0.498s] Level 5:colcon.colcon_core.verb:set package 'ctl_mission' build argument 'cmake_clean_first' from command line to 'False'
[0.498s] Level 5:colcon.colcon_core.verb:set package 'ctl_mission' build argument 'cmake_force_configure' from command line to 'False'
[0.498s] Level 5:colcon.colcon_core.verb:set package 'ctl_mission' build argument 'gradle_args' from command line to 'None'
[0.498s] Level 5:colcon.colcon_core.verb:set package 'ctl_mission' build argument 'gradle_task' from command line to 'None'
[0.498s] Level 5:colcon.colcon_core.verb:set package 'ctl_mission' build argument 'ament_cmake_args' from command line to 'None'
[0.498s] Level 5:colcon.colcon_core.verb:set package 'ctl_mission' build argument 'catkin_cmake_args' from command line to 'None'
[0.498s] Level 5:colcon.colcon_core.verb:set package 'ctl_mission' build argument 'catkin_skip_building_tests' from command line to 'False'
[0.498s] DEBUG:colcon.colcon_core.verb:Building package 'ctl_mission' with the following arguments: {'ament_cmake_args': None, 'ament_gradle_args': None, 'ament_gradle_task': None, 'build_base': '/home/rhobtor/PHD/ARGOJ8_IA/ARGOSJ8_IA_/build/ctl_mission', 'catkin_cmake_args': None, 'catkin_skip_building_tests': False, 'cmake_args': None, 'cmake_clean_cache': False, 'cmake_clean_first': False, 'cmake_force_configure': False, 'cmake_target': None, 'cmake_target_skip_unavailable': False, 'gradle_args': None, 'gradle_task': None, 'install_base': '/home/rhobtor/PHD/ARGOJ8_IA/ARGOSJ8_IA_/install/ctl_mission', 'merge_install': False, 'path': '/home/rhobtor/PHD/ARGOJ8_IA/ARGOSJ8_IA_/src/ctl_mission/ctl_mission', 'symlink_install': False, 'test_result_base': None}
[0.498s] Level 5:colcon.colcon_core.verb:set package 'fixposition_driver_ros2' build argument 'ament_gradle_args' from command line to 'None'
[0.498s] Level 5:colcon.colcon_core.verb:set package 'fixposition_driver_ros2' build argument 'ament_gradle_task' from command line to 'None'
[0.498s] Level 5:colcon.colcon_core.verb:set package 'fixposition_driver_ros2' build argument 'cmake_args' from command line to 'None'
[0.498s] Level 5:colcon.colcon_core.verb:set package 'fixposition_driver_ros2' build argument 'cmake_target' from command line to 'None'
[0.498s] Level 5:colcon.colcon_core.verb:set package 'fixposition_driver_ros2' build argument 'cmake_target_skip_unavailable' from command line to 'False'
[0.499s] Level 5:colcon.colcon_core.verb:set package 'fixposition_driver_ros2' build argument 'cmake_clean_cache' from command line to 'False'
[0.499s] Level 5:colcon.colcon_core.verb:set package 'fixposition_driver_ros2' build argument 'cmake_clean_first' from command line to 'False'
[0.499s] Level 5:colcon.colcon_core.verb:set package 'fixposition_driver_ros2' build argument 'cmake_force_configure' from command line to 'False'
[0.499s] Level 5:colcon.colcon_core.verb:set package 'fixposition_driver_ros2' build argument 'gradle_args' from command line to 'None'
[0.499s] Level 5:colcon.colcon_core.verb:set package 'fixposition_driver_ros2' build argument 'gradle_task' from command line to 'None'
[0.499s] Level 5:colcon.colcon_core.verb:set package 'fixposition_driver_ros2' build argument 'ament_cmake_args' from command line to 'None'
[0.499s] Level 5:colcon.colcon_core.verb:set package 'fixposition_driver_ros2' build argument 'catkin_cmake_args' from command line to 'None'
[0.499s] Level 5:colcon.colcon_core.verb:set package 'fixposition_driver_ros2' build argument 'catkin_skip_building_tests' from command line to 'False'
[0.499s] DEBUG:colcon.colcon_core.verb:Building package 'fixposition_driver_ros2' with the following arguments: {'ament_cmake_args': None, 'ament_gradle_args': None, 'ament_gradle_task': None, 'build_base': '/home/rhobtor/PHD/ARGOJ8_IA/ARGOSJ8_IA_/build/fixposition_driver_ros2', 'catkin_cmake_args': None, 'catkin_skip_building_tests': False, 'cmake_args': None, 'cmake_clean_cache': False, 'cmake_clean_first': False, 'cmake_force_configure': False, 'cmake_target': None, 'cmake_target_skip_unavailable': False, 'gradle_args': None, 'gradle_task': None, 'install_base': '/home/rhobtor/PHD/ARGOJ8_IA/ARGOSJ8_IA_/install/fixposition_driver_ros2', 'merge_install': False, 'path': '/home/rhobtor/PHD/ARGOJ8_IA/ARGOSJ8_IA_/src/argo_drivers_pkgs/Fixposition_driver_pkg/fixposition_driver-main/fixposition_driver_ros2', 'symlink_install': False, 'test_result_base': None}
[0.499s] Level 5:colcon.colcon_core.verb:set package 'j8_xacro_model' build argument 'ament_gradle_args' from command line to 'None'
[0.499s] Level 5:colcon.colcon_core.verb:set package 'j8_xacro_model' build argument 'ament_gradle_task' from command line to 'None'
[0.499s] Level 5:colcon.colcon_core.verb:set package 'j8_xacro_model' build argument 'cmake_args' from command line to 'None'
[0.499s] Level 5:colcon.colcon_core.verb:set package 'j8_xacro_model' build argument 'cmake_target' from command line to 'None'
[0.499s] Level 5:colcon.colcon_core.verb:set package 'j8_xacro_model' build argument 'cmake_target_skip_unavailable' from command line to 'False'
[0.499s] Level 5:colcon.colcon_core.verb:set package 'j8_xacro_model' build argument 'cmake_clean_cache' from command line to 'False'
[0.499s] Level 5:colcon.colcon_core.verb:set package 'j8_xacro_model' build argument 'cmake_clean_first' from command line to 'False'
[0.499s] Level 5:colcon.colcon_core.verb:set package 'j8_xacro_model' build argument 'cmake_force_configure' from command line to 'False'
[0.499s] Level 5:colcon.colcon_core.verb:set package 'j8_xacro_model' build argument 'gradle_args' from command line to 'None'
[0.499s] Level 5:colcon.colcon_core.verb:set package 'j8_xacro_model' build argument 'gradle_task' from command line to 'None'
[0.499s] Level 5:colcon.colcon_core.verb:set package 'j8_xacro_model' build argument 'ament_cmake_args' from command line to 'None'
[0.499s] Level 5:colcon.colcon_core.verb:set package 'j8_xacro_model' build argument 'catkin_cmake_args' from command line to 'None'
[0.499s] Level 5:colcon.colcon_core.verb:set package 'j8_xacro_model' build argument 'catkin_skip_building_tests' from command line to 'False'
[0.499s] DEBUG:colcon.colcon_core.verb:Building package 'j8_xacro_model' with the following arguments: {'ament_cmake_args': None, 'ament_gradle_args': None, 'ament_gradle_task': None, 'build_base': '/home/rhobtor/PHD/ARGOJ8_IA/ARGOSJ8_IA_/build/j8_xacro_model', 'catkin_cmake_args': None, 'catkin_skip_building_tests': False, 'cmake_args': None, 'cmake_clean_cache': False, 'cmake_clean_first': False, 'cmake_force_configure': False, 'cmake_target': None, 'cmake_target_skip_unavailable': False, 'gradle_args': None, 'gradle_task': None, 'install_base': '/home/rhobtor/PHD/ARGOJ8_IA/ARGOSJ8_IA_/install/j8_xacro_model', 'merge_install': False, 'path': '/home/rhobtor/PHD/ARGOJ8_IA/ARGOSJ8_IA_/src/gazebo_sim_pkgs/j8_xacro_model', 'symlink_install': False, 'test_result_base': None}
[0.500s] Level 5:colcon.colcon_core.verb:set package 'ublox_gps' build argument 'ament_gradle_args' from command line to 'None'
[0.500s] Level 5:colcon.colcon_core.verb:set package 'ublox_gps' build argument 'ament_gradle_task' from command line to 'None'
[0.500s] Level 5:colcon.colcon_core.verb:set package 'ublox_gps' build argument 'cmake_args' from command line to 'None'
[0.500s] Level 5:colcon.colcon_core.verb:set package 'ublox_gps' build argument 'cmake_target' from command line to 'None'
[0.500s] Level 5:colcon.colcon_core.verb:set package 'ublox_gps' build argument 'cmake_target_skip_unavailable' from command line to 'False'
[0.500s] Level 5:colcon.colcon_core.verb:set package 'ublox_gps' build argument 'cmake_clean_cache' from command line to 'False'
[0.500s] Level 5:colcon.colcon_core.verb:set package 'ublox_gps' build argument 'cmake_clean_first' from command line to 'False'
[0.500s] Level 5:colcon.colcon_core.verb:set package 'ublox_gps' build argument 'cmake_force_configure' from command line to 'False'
[0.500s] Level 5:colcon.colcon_core.verb:set package 'ublox_gps' build argument 'gradle_args' from command line to 'None'
[0.500s] Level 5:colcon.colcon_core.verb:set package 'ublox_gps' build argument 'gradle_task' from command line to 'None'
[0.500s] Level 5:colcon.colcon_core.verb:set package 'ublox_gps' build argument 'ament_cmake_args' from command line to 'None'
[0.500s] Level 5:colcon.colcon_core.verb:set package 'ublox_gps' build argument 'catkin_cmake_args' from command line to 'None'
[0.500s] Level 5:colcon.colcon_core.verb:set package 'ublox_gps' build argument 'catkin_skip_building_tests' from command line to 'False'
[0.500s] DEBUG:colcon.colcon_core.verb:Building package 'ublox_gps' with the following arguments: {'ament_cmake_args': None, 'ament_gradle_args': None, 'ament_gradle_task': None, 'build_base': '/home/rhobtor/PHD/ARGOJ8_IA/ARGOSJ8_IA_/build/ublox_gps', 'catkin_cmake_args': None, 'catkin_skip_building_tests': False, 'cmake_args': None, 'cmake_clean_cache': False, 'cmake_clean_first': False, 'cmake_force_configure': False, 'cmake_target': None, 'cmake_target_skip_unavailable': False, 'gradle_args': None, 'gradle_task': None, 'install_base': '/home/rhobtor/PHD/ARGOJ8_IA/ARGOSJ8_IA_/install/ublox_gps', 'merge_install': False, 'path': '/home/rhobtor/PHD/ARGOJ8_IA/ARGOSJ8_IA_/src/argo_drivers_pkgs/ublox/ublox_gps', 'symlink_install': False, 'test_result_base': None}
[0.500s] Level 5:colcon.colcon_core.verb:set package 'fixposition_odometry_converter_ros2' build argument 'ament_gradle_args' from command line to 'None'
[0.500s] Level 5:colcon.colcon_core.verb:set package 'fixposition_odometry_converter_ros2' build argument 'ament_gradle_task' from command line to 'None'
[0.500s] Level 5:colcon.colcon_core.verb:set package 'fixposition_odometry_converter_ros2' build argument 'cmake_args' from command line to 'None'
[0.500s] Level 5:colcon.colcon_core.verb:set package 'fixposition_odometry_converter_ros2' build argument 'cmake_target' from command line to 'None'
[0.500s] Level 5:colcon.colcon_core.verb:set package 'fixposition_odometry_converter_ros2' build argument 'cmake_target_skip_unavailable' from command line to 'False'
[0.500s] Level 5:colcon.colcon_core.verb:set package 'fixposition_odometry_converter_ros2' build argument 'cmake_clean_cache' from command line to 'False'
[0.500s] Level 5:colcon.colcon_core.verb:set package 'fixposition_odometry_converter_ros2' build argument 'cmake_clean_first' from command line to 'False'
[0.500s] Level 5:colcon.colcon_core.verb:set package 'fixposition_odometry_converter_ros2' build argument 'cmake_force_configure' from command line to 'False'
[0.500s] Level 5:colcon.colcon_core.verb:set package 'fixposition_odometry_converter_ros2' build argument 'gradle_args' from command line to 'None'
[0.501s] Level 5:colcon.colcon_core.verb:set package 'fixposition_odometry_converter_ros2' build argument 'gradle_task' from command line to 'None'
[0.501s] Level 5:colcon.colcon_core.verb:set package 'fixposition_odometry_converter_ros2' build argument 'ament_cmake_args' from command line to 'None'
[0.501s] Level 5:colcon.colcon_core.verb:set package 'fixposition_odometry_converter_ros2' build argument 'catkin_cmake_args' from command line to 'None'
[0.501s] Level 5:colcon.colcon_core.verb:set package 'fixposition_odometry_converter_ros2' build argument 'catkin_skip_building_tests' from command line to 'False'
[0.501s] DEBUG:colcon.colcon_core.verb:Building package 'fixposition_odometry_converter_ros2' with the following arguments: {'ament_cmake_args': None, 'ament_gradle_args': None, 'ament_gradle_task': None, 'build_base': '/home/rhobtor/PHD/ARGOJ8_IA/ARGOSJ8_IA_/build/fixposition_odometry_converter_ros2', 'catkin_cmake_args': None, 'catkin_skip_building_tests': False, 'cmake_args': None, 'cmake_clean_cache': False, 'cmake_clean_first': False, 'cmake_force_configure': False, 'cmake_target': None, 'cmake_target_skip_unavailable': False, 'gradle_args': None, 'gradle_task': None, 'install_base': '/home/rhobtor/PHD/ARGOJ8_IA/ARGOSJ8_IA_/install/fixposition_odometry_converter_ros2', 'merge_install': False, 'path': '/home/rhobtor/PHD/ARGOJ8_IA/ARGOSJ8_IA_/src/argo_drivers_pkgs/Fixposition_driver_pkg/fixposition_driver-main/fixposition_odometry_converter_ros2', 'symlink_install': False, 'test_result_base': None}
[0.501s] Level 5:colcon.colcon_core.verb:set package 'security_check' build argument 'ament_gradle_args' from command line to 'None'
[0.501s] Level 5:colcon.colcon_core.verb:set package 'security_check' build argument 'ament_gradle_task' from command line to 'None'
[0.501s] Level 5:colcon.colcon_core.verb:set package 'security_check' build argument 'cmake_args' from command line to 'None'
[0.501s] Level 5:colcon.colcon_core.verb:set package 'security_check' build argument 'cmake_target' from command line to 'None'
[0.501s] Level 5:colcon.colcon_core.verb:set package 'security_check' build argument 'cmake_target_skip_unavailable' from command line to 'False'
[0.501s] Level 5:colcon.colcon_core.verb:set package 'security_check' build argument 'cmake_clean_cache' from command line to 'False'
[0.501s] Level 5:colcon.colcon_core.verb:set package 'security_check' build argument 'cmake_clean_first' from command line to 'False'
[0.501s] Level 5:colcon.colcon_core.verb:set package 'security_check' build argument 'cmake_force_configure' from command line to 'False'
[0.501s] Level 5:colcon.colcon_core.verb:set package 'security_check' build argument 'gradle_args' from command line to 'None'
[0.501s] Level 5:colcon.colcon_core.verb:set package 'security_check' build argument 'gradle_task' from command line to 'None'
[0.501s] Level 5:colcon.colcon_core.verb:set package 'security_check' build argument 'ament_cmake_args' from command line to 'None'
[0.501s] Level 5:colcon.colcon_core.verb:set package 'security_check' build argument 'catkin_cmake_args' from command line to 'None'
[0.501s] Level 5:colcon.colcon_core.verb:set package 'security_check' build argument 'catkin_skip_building_tests' from command line to 'False'
[0.501s] DEBUG:colcon.colcon_core.verb:Building package 'security_check' with the following arguments: {'ament_cmake_args': None, 'ament_gradle_args': None, 'ament_gradle_task': None, 'build_base': '/home/rhobtor/PHD/ARGOJ8_IA/ARGOSJ8_IA_/build/security_check', 'catkin_cmake_args': None, 'catkin_skip_building_tests': False, 'cmake_args': None, 'cmake_clean_cache': False, 'cmake_clean_first': False, 'cmake_force_configure': False, 'cmake_target': None, 'cmake_target_skip_unavailable': False, 'gradle_args': None, 'gradle_task': None, 'install_base': '/home/rhobtor/PHD/ARGOJ8_IA/ARGOSJ8_IA_/install/security_check', 'merge_install': False, 'path': '/home/rhobtor/PHD/ARGOJ8_IA/ARGOSJ8_IA_/src/security_check/security_check', 'symlink_install': False, 'test_result_base': None}
[0.502s] Level 5:colcon.colcon_core.verb:set package 'ublox' build argument 'ament_gradle_args' from command line to 'None'
[0.502s] Level 5:colcon.colcon_core.verb:set package 'ublox' build argument 'ament_gradle_task' from command line to 'None'
[0.502s] Level 5:colcon.colcon_core.verb:set package 'ublox' build argument 'cmake_args' from command line to 'None'
[0.502s] Level 5:colcon.colcon_core.verb:set package 'ublox' build argument 'cmake_target' from command line to 'None'
[0.502s] Level 5:colcon.colcon_core.verb:set package 'ublox' build argument 'cmake_target_skip_unavailable' from command line to 'False'
[0.502s] Level 5:colcon.colcon_core.verb:set package 'ublox' build argument 'cmake_clean_cache' from command line to 'False'
[0.502s] Level 5:colcon.colcon_core.verb:set package 'ublox' build argument 'cmake_clean_first' from command line to 'False'
[0.502s] Level 5:colcon.colcon_core.verb:set package 'ublox' build argument 'cmake_force_configure' from command line to 'False'
[0.502s] Level 5:colcon.colcon_core.verb:set package 'ublox' build argument 'gradle_args' from command line to 'None'
[0.502s] Level 5:colcon.colcon_core.verb:set package 'ublox' build argument 'gradle_task' from command line to 'None'
[0.502s] Level 5:colcon.colcon_core.verb:set package 'ublox' build argument 'ament_cmake_args' from command line to 'None'
[0.502s] Level 5:colcon.colcon_core.verb:set package 'ublox' build argument 'catkin_cmake_args' from command line to 'None'
[0.502s] Level 5:colcon.colcon_core.verb:set package 'ublox' build argument 'catkin_skip_building_tests' from command line to 'False'
[0.502s] DEBUG:colcon.colcon_core.verb:Building package 'ublox' with the following arguments: {'ament_cmake_args': None, 'ament_gradle_args': None, 'ament_gradle_task': None, 'build_base': '/home/rhobtor/PHD/ARGOJ8_IA/ARGOSJ8_IA_/build/ublox', 'catkin_cmake_args': None, 'catkin_skip_building_tests': False, 'cmake_args': None, 'cmake_clean_cache': False, 'cmake_clean_first': False, 'cmake_force_configure': False, 'cmake_target': None, 'cmake_target_skip_unavailable': False, 'gradle_args': None, 'gradle_task': None, 'install_base': '/home/rhobtor/PHD/ARGOJ8_IA/ARGOSJ8_IA_/install/ublox', 'merge_install': False, 'path': '/home/rhobtor/PHD/ARGOJ8_IA/ARGOSJ8_IA_/src/argo_drivers_pkgs/ublox/ublox', 'symlink_install': False, 'test_result_base': None}
[0.502s] INFO:colcon.colcon_core.executor:Executing jobs using 'parallel' executor
[0.503s] DEBUG:colcon.colcon_parallel_executor.executor.parallel:run_until_complete
[0.505s] INFO:colcon.colcon_ros.task.ament_cmake.build:Building ROS package in '/home/rhobtor/PHD/ARGOJ8_IA/ARGOSJ8_IA_/src/argo_drivers_pkgs/ublox/ublox_serialization' with build type 'ament_cmake'
[0.506s] INFO:colcon.colcon_cmake.task.cmake.build:Building CMake package in '/home/rhobtor/PHD/ARGOJ8_IA/ARGOSJ8_IA_/src/argo_drivers_pkgs/ublox/ublox_serialization'
[0.510s] INFO:colcon.colcon_core.plugin_system:Skipping extension 'colcon_core.shell.bat': Not used on non-Windows systems
[0.510s] INFO:colcon.colcon_core.shell:Skip shell extension 'powershell' for command environment: Not usable outside of PowerShell
[0.511s] DEBUG:colcon.colcon_core.shell:Skip shell extension 'dsv' for command environment
[0.520s] INFO:colcon.colcon_ros.task.ament_cmake.build:Building ROS package in '/home/rhobtor/PHD/ARGOJ8_IA/ARGOSJ8_IA_/src/argj801_ctl_platform/argj801_ctl_platform_interfaces' with build type 'ament_cmake'
[0.520s] INFO:colcon.colcon_cmake.task.cmake.build:Building CMake package in '/home/rhobtor/PHD/ARGOJ8_IA/ARGOSJ8_IA_/src/argj801_ctl_platform/argj801_ctl_platform_interfaces'
[0.521s] INFO:colcon.colcon_core.shell:Skip shell extension 'powershell' for command environment: Not usable outside of PowerShell
[0.522s] DEBUG:colcon.colcon_core.shell:Skip shell extension 'dsv' for command environment
[0.531s] INFO:colcon.colcon_ros.task.cmake.build:Building ROS package in '/home/rhobtor/PHD/ARGOJ8_IA/ARGOSJ8_IA_/src/argo_drivers_pkgs/Fixposition_driver_pkg/fixposition_gnss_tf-main' with build type 'cmake'
[0.531s] INFO:colcon.colcon_cmake.task.cmake.build:Building CMake package in '/home/rhobtor/PHD/ARGOJ8_IA/ARGOSJ8_IA_/src/argo_drivers_pkgs/Fixposition_driver_pkg/fixposition_gnss_tf-main'
[0.532s] INFO:colcon.colcon_core.shell:Skip shell extension 'powershell' for command environment: Not usable outside of PowerShell
[0.532s] DEBUG:colcon.colcon_core.shell:Skip shell extension 'dsv' for command environment
[0.551s] INFO:colcon.colcon_ros.task.ament_cmake.build:Building ROS package in '/home/rhobtor/PHD/ARGOJ8_IA/ARGOSJ8_IA_/src/path_manager/path_manager_interfaces' with build type 'ament_cmake'
[0.551s] INFO:colcon.colcon_cmake.task.cmake.build:Building CMake package in '/home/rhobtor/PHD/ARGOJ8_IA/ARGOSJ8_IA_/src/path_manager/path_manager_interfaces'
[0.552s] INFO:colcon.colcon_core.shell:Skip shell extension 'powershell' for command environment: Not usable outside of PowerShell
[0.552s] DEBUG:colcon.colcon_core.shell:Skip shell extension 'dsv' for command environment
[0.561s] INFO:colcon.colcon_ros.task.ament_cmake.build:Building ROS package in '/home/rhobtor/PHD/ARGOJ8_IA/ARGOSJ8_IA_/src/car_interfaces' with build type 'ament_cmake'
[0.561s] INFO:colcon.colcon_cmake.task.cmake.build:Building CMake package in '/home/rhobtor/PHD/ARGOJ8_IA/ARGOSJ8_IA_/src/car_interfaces'
[0.561s] INFO:colcon.colcon_core.shell:Skip shell extension 'powershell' for command environment: Not usable outside of PowerShell
[0.561s] DEBUG:colcon.colcon_core.shell:Skip shell extension 'dsv' for command environment
[0.569s] INFO:colcon.colcon_ros.task.ament_cmake.build:Building ROS package in '/home/rhobtor/PHD/ARGOJ8_IA/ARGOSJ8_IA_/src/ctl_mission/ctl_mission_interfaces' with build type 'ament_cmake'
[0.569s] INFO:colcon.colcon_cmake.task.cmake.build:Building CMake package in '/home/rhobtor/PHD/ARGOJ8_IA/ARGOSJ8_IA_/src/ctl_mission/ctl_mission_interfaces'
[0.570s] INFO:colcon.colcon_core.shell:Skip shell extension 'powershell' for command environment: Not usable outside of PowerShell
[0.570s] DEBUG:colcon.colcon_core.shell:Skip shell extension 'dsv' for command environment
[0.577s] INFO:colcon.colcon_ros.task.ament_cmake.build:Building ROS package in '/home/rhobtor/PHD/ARGOJ8_IA/ARGOSJ8_IA_/src/argo_drivers_pkgs/argj801_sensors/argj801_sensors_msgs' with build type 'ament_cmake'
[0.577s] INFO:colcon.colcon_cmake.task.cmake.build:Building CMake package in '/home/rhobtor/PHD/ARGOJ8_IA/ARGOSJ8_IA_/src/argo_drivers_pkgs/argj801_sensors/argj801_sensors_msgs'
[0.578s] INFO:colcon.colcon_core.shell:Skip shell extension 'powershell' for command environment: Not usable outside of PowerShell
[0.578s] DEBUG:colcon.colcon_core.shell:Skip shell extension 'dsv' for command environment
[0.584s] INFO:colcon.colcon_ros.task.ament_cmake.build:Building ROS package in '/home/rhobtor/PHD/ARGOJ8_IA/ARGOSJ8_IA_/src/j8_joystick/sdl2_vendor' with build type 'ament_cmake'
[0.585s] INFO:colcon.colcon_cmake.task.cmake.build:Building CMake package in '/home/rhobtor/PHD/ARGOJ8_IA/ARGOSJ8_IA_/src/j8_joystick/sdl2_vendor'
[0.585s] INFO:colcon.colcon_core.shell:Skip shell extension 'powershell' for command environment: Not usable outside of PowerShell
[0.585s] DEBUG:colcon.colcon_core.shell:Skip shell extension 'dsv' for command environment
[0.592s] INFO:colcon.colcon_ros.task.ament_cmake.build:Building ROS package in '/home/rhobtor/PHD/ARGOJ8_IA/ARGOSJ8_IA_/src/security_check/security_check_interfaces' with build type 'ament_cmake'
[0.592s] INFO:colcon.colcon_cmake.task.cmake.build:Building CMake package in '/home/rhobtor/PHD/ARGOJ8_IA/ARGOSJ8_IA_/src/security_check/security_check_interfaces'
[0.592s] INFO:colcon.colcon_core.shell:Skip shell extension 'powershell' for command environment: Not usable outside of PowerShell
[0.592s] DEBUG:colcon.colcon_core.shell:Skip shell extension 'dsv' for command environment
[0.600s] INFO:colcon.colcon_ros.task.ament_cmake.build:Building ROS package in '/home/rhobtor/PHD/ARGOJ8_IA/ARGOSJ8_IA_/src/lidar_process_pkgs/slg_msgs' with build type 'ament_cmake'
[0.600s] INFO:colcon.colcon_cmake.task.cmake.build:Building CMake package in '/home/rhobtor/PHD/ARGOJ8_IA/ARGOSJ8_IA_/src/lidar_process_pkgs/slg_msgs'
[0.600s] INFO:colcon.colcon_core.shell:Skip shell extension 'powershell' for command environment: Not usable outside of PowerShell
[0.600s] DEBUG:colcon.colcon_core.shell:Skip shell extension 'dsv' for command environment
[0.616s] INFO:colcon.colcon_ros.task.ament_python.build:Building ROS package in '/home/rhobtor/PHD/ARGOJ8_IA/ARGOSJ8_IA_/src/android_ros2_server' with build type 'ament_python'
[0.616s] Level 1:colcon.colcon_core.shell:create_environment_hook('android_ros2_server', 'ament_prefix_path')
[0.616s] INFO:colcon.colcon_core.shell:Creating environment hook '/home/rhobtor/PHD/ARGOJ8_IA/ARGOSJ8_IA_/install/android_ros2_server/share/android_ros2_server/hook/ament_prefix_path.ps1'
[0.617s] INFO:colcon.colcon_core.shell:Creating environment descriptor '/home/rhobtor/PHD/ARGOJ8_IA/ARGOSJ8_IA_/install/android_ros2_server/share/android_ros2_server/hook/ament_prefix_path.dsv'
[0.617s] INFO:colcon.colcon_core.shell:Creating environment hook '/home/rhobtor/PHD/ARGOJ8_IA/ARGOSJ8_IA_/install/android_ros2_server/share/android_ros2_server/hook/ament_prefix_path.sh'
[0.618s] INFO:colcon.colcon_core.shell:Skip shell extension 'powershell' for command environment: Not usable outside of PowerShell
[0.618s] DEBUG:colcon.colcon_core.shell:Skip shell extension 'dsv' for command environment
[0.631s] INFO:colcon.colcon_ros.task.ament_cmake.build:Building ROS package in '/home/rhobtor/PHD/ARGOJ8_IA/ARGOSJ8_IA_/src/argj801_setup' with build type 'ament_cmake'
[0.631s] INFO:colcon.colcon_cmake.task.cmake.build:Building CMake package in '/home/rhobtor/PHD/ARGOJ8_IA/ARGOSJ8_IA_/src/argj801_setup'
[0.632s] INFO:colcon.colcon_core.shell:Skip shell extension 'powershell' for command environment: Not usable outside of PowerShell
[0.632s] DEBUG:colcon.colcon_core.shell:Skip shell extension 'dsv' for command environment
[0.641s] INFO:colcon.colcon_ros.task.ament_cmake.build:Building ROS package in '/home/rhobtor/PHD/ARGOJ8_IA/ARGOSJ8_IA_/src/gazebo_sim_pkgs/fix_position_pkg' with build type 'ament_cmake'
[0.641s] INFO:colcon.colcon_cmake.task.cmake.build:Building CMake package in '/home/rhobtor/PHD/ARGOJ8_IA/ARGOSJ8_IA_/src/gazebo_sim_pkgs/fix_position_pkg'
[0.641s] INFO:colcon.colcon_core.shell:Skip shell extension 'powershell' for command environment: Not usable outside of PowerShell
[0.641s] DEBUG:colcon.colcon_core.shell:Skip shell extension 'dsv' for command environment
[0.649s] INFO:colcon.colcon_ros.task.ament_cmake.build:Building ROS package in '/home/rhobtor/PHD/ARGOJ8_IA/ARGOSJ8_IA_/src/hector_gazebo' with build type 'ament_cmake'
[0.649s] INFO:colcon.colcon_cmake.task.cmake.build:Building CMake package in '/home/rhobtor/PHD/ARGOJ8_IA/ARGOSJ8_IA_/src/hector_gazebo'
[0.649s] INFO:colcon.colcon_core.shell:Skip shell extension 'powershell' for command environment: Not usable outside of PowerShell
[0.649s] DEBUG:colcon.colcon_core.shell:Skip shell extension 'dsv' for command environment
[0.658s] INFO:colcon.colcon_ros.task.ament_cmake.build:Building ROS package in '/home/rhobtor/PHD/ARGOJ8_IA/ARGOSJ8_IA_/src/j8_joystick/joy_linux' with build type 'ament_cmake'
[0.659s] INFO:colcon.colcon_cmake.task.cmake.build:Building CMake package in '/home/rhobtor/PHD/ARGOJ8_IA/ARGOSJ8_IA_/src/j8_joystick/joy_linux'
[0.659s] INFO:colcon.colcon_core.shell:Skip shell extension 'powershell' for command environment: Not usable outside of PowerShell
[0.659s] DEBUG:colcon.colcon_core.shell:Skip shell extension 'dsv' for command environment
[0.666s] INFO:colcon.colcon_ros.task.ament_python.build:Building ROS package in '/home/rhobtor/PHD/ARGOJ8_IA/ARGOSJ8_IA_/src/argo_drivers_pkgs/ntrip_client' with build type 'ament_python'
[0.666s] Level 1:colcon.colcon_core.shell:create_environment_hook('ntrip_client', 'ament_prefix_path')
[0.666s] INFO:colcon.colcon_core.shell:Creating environment hook '/home/rhobtor/PHD/ARGOJ8_IA/ARGOSJ8_IA_/install/ntrip_client/share/ntrip_client/hook/ament_prefix_path.ps1'
[0.667s] INFO:colcon.colcon_core.shell:Creating environment descriptor '/home/rhobtor/PHD/ARGOJ8_IA/ARGOSJ8_IA_/install/ntrip_client/share/ntrip_client/hook/ament_prefix_path.dsv'
[0.667s] INFO:colcon.colcon_core.shell:Creating environment hook '/home/rhobtor/PHD/ARGOJ8_IA/ARGOSJ8_IA_/install/ntrip_client/share/ntrip_client/hook/ament_prefix_path.sh'
[0.667s] INFO:colcon.colcon_core.shell:Skip shell extension 'powershell' for command environment: Not usable outside of PowerShell
[0.668s] DEBUG:colcon.colcon_core.shell:Skip shell extension 'dsv' for command environment
[0.685s] DEBUG:colcon.colcon_core.event_handler.log_command:Invoking command in '/home/rhobtor/PHD/ARGOJ8_IA/ARGOSJ8_IA_/build/ublox_serialization': CMAKE_PREFIX_PATH=${CMAKE_PREFIX_PATH}:/home/rhobtor/PHD/ARGOJ8_IA/ARGOSJ8_IA_/install/ntrip_client:/home/rhobtor/PHD/ARGOJ8_IA/ARGOSJ8_IA_/install/car:/home/rhobtor/PHD/ARGOJ8_IA/ARGOSJ8_IA_/install/android_ros2_server:/home/rhobtor/PHD/reactive/Reactive-Navegation/workspace_full_conected/install/car:/opt/ros/humble /opt/st/stm32cubeclt_1.18.0/CMake/bin/cmake --build /home/rhobtor/PHD/ARGOJ8_IA/ARGOSJ8_IA_/build/ublox_serialization -- -j16 -l16
[0.692s] DEBUG:colcon.colcon_core.event_handler.log_command:Invoking command in '/home/rhobtor/PHD/ARGOJ8_IA/ARGOSJ8_IA_/build/argj801_ctl_platform_interfaces': CMAKE_PREFIX_PATH=${CMAKE_PREFIX_PATH}:/home/rhobtor/PHD/ARGOJ8_IA/ARGOSJ8_IA_/install/ntrip_client:/home/rhobtor/PHD/ARGOJ8_IA/ARGOSJ8_IA_/install/car:/home/rhobtor/PHD/ARGOJ8_IA/ARGOSJ8_IA_/install/android_ros2_server:/home/rhobtor/PHD/reactive/Reactive-Navegation/workspace_full_conected/install/car:/opt/ros/humble /opt/st/stm32cubeclt_1.18.0/CMake/bin/cmake --build /home/rhobtor/PHD/ARGOJ8_IA/ARGOSJ8_IA_/build/argj801_ctl_platform_interfaces -- -j16 -l16
[0.696s] DEBUG:colcon.colcon_core.event_handler.log_command:Invoking command in '/home/rhobtor/PHD/ARGOJ8_IA/ARGOSJ8_IA_/build/fixposition_gnss_tf': CMAKE_PREFIX_PATH=${CMAKE_PREFIX_PATH}:/home/rhobtor/PHD/ARGOJ8_IA/ARGOSJ8_IA_/install/ntrip_client:/home/rhobtor/PHD/ARGOJ8_IA/ARGOSJ8_IA_/install/car:/home/rhobtor/PHD/ARGOJ8_IA/ARGOSJ8_IA_/install/android_ros2_server:/home/rhobtor/PHD/reactive/Reactive-Navegation/workspace_full_conected/install/car:/opt/ros/humble /opt/st/stm32cubeclt_1.18.0/CMake/bin/cmake --build /home/rhobtor/PHD/ARGOJ8_IA/ARGOSJ8_IA_/build/fixposition_gnss_tf -- -j16 -l16
[0.700s] DEBUG:colcon.colcon_core.event_handler.log_command:Invoking command in '/home/rhobtor/PHD/ARGOJ8_IA/ARGOSJ8_IA_/build/path_manager_interfaces': CMAKE_PREFIX_PATH=${CMAKE_PREFIX_PATH}:/home/rhobtor/PHD/ARGOJ8_IA/ARGOSJ8_IA_/install/ntrip_client:/home/rhobtor/PHD/ARGOJ8_IA/ARGOSJ8_IA_/install/car:/home/rhobtor/PHD/ARGOJ8_IA/ARGOSJ8_IA_/install/android_ros2_server:/home/rhobtor/PHD/reactive/Reactive-Navegation/workspace_full_conected/install/car:/opt/ros/humble /opt/st/stm32cubeclt_1.18.0/CMake/bin/cmake --build /home/rhobtor/PHD/ARGOJ8_IA/ARGOSJ8_IA_/build/path_manager_interfaces -- -j16 -l16
[0.703s] DEBUG:colcon.colcon_core.event_handler.log_command:Invoking command in '/home/rhobtor/PHD/ARGOJ8_IA/ARGOSJ8_IA_/build/car_interfaces': CMAKE_PREFIX_PATH=${CMAKE_PREFIX_PATH}:/home/rhobtor/PHD/ARGOJ8_IA/ARGOSJ8_IA_/install/ntrip_client:/home/rhobtor/PHD/ARGOJ8_IA/ARGOSJ8_IA_/install/car:/home/rhobtor/PHD/ARGOJ8_IA/ARGOSJ8_IA_/install/android_ros2_server:/home/rhobtor/PHD/reactive/Reactive-Navegation/workspace_full_conected/install/car:/opt/ros/humble /opt/st/stm32cubeclt_1.18.0/CMake/bin/cmake --build /home/rhobtor/PHD/ARGOJ8_IA/ARGOSJ8_IA_/build/car_interfaces -- -j16 -l16
[0.713s] DEBUG:colcon.colcon_core.event_handler.log_command:Invoking command in '/home/rhobtor/PHD/ARGOJ8_IA/ARGOSJ8_IA_/build/ctl_mission_interfaces': CMAKE_PREFIX_PATH=${CMAKE_PREFIX_PATH}:/home/rhobtor/PHD/ARGOJ8_IA/ARGOSJ8_IA_/install/ntrip_client:/home/rhobtor/PHD/ARGOJ8_IA/ARGOSJ8_IA_/install/car:/home/rhobtor/PHD/ARGOJ8_IA/ARGOSJ8_IA_/install/android_ros2_server:/home/rhobtor/PHD/reactive/Reactive-Navegation/workspace_full_conected/install/car:/opt/ros/humble /opt/st/stm32cubeclt_1.18.0/CMake/bin/cmake --build /home/rhobtor/PHD/ARGOJ8_IA/ARGOSJ8_IA_/build/ctl_mission_interfaces -- -j16 -l16
[0.717s] DEBUG:colcon.colcon_core.event_handler.log_command:Invoking command in '/home/rhobtor/PHD/ARGOJ8_IA/ARGOSJ8_IA_/build/argj801_sensors_msgs': CMAKE_PREFIX_PATH=${CMAKE_PREFIX_PATH}:/home/rhobtor/PHD/ARGOJ8_IA/ARGOSJ8_IA_/install/ntrip_client:/home/rhobtor/PHD/ARGOJ8_IA/ARGOSJ8_IA_/install/car:/home/rhobtor/PHD/ARGOJ8_IA/ARGOSJ8_IA_/install/android_ros2_server:/home/rhobtor/PHD/reactive/Reactive-Navegation/workspace_full_conected/install/car:/opt/ros/humble /opt/st/stm32cubeclt_1.18.0/CMake/bin/cmake --build /home/rhobtor/PHD/ARGOJ8_IA/ARGOSJ8_IA_/build/argj801_sensors_msgs -- -j16 -l16
[0.730s] DEBUG:colcon.colcon_core.event_handler.log_command:Invoking command in '/home/rhobtor/PHD/ARGOJ8_IA/ARGOSJ8_IA_/build/sdl2_vendor': CMAKE_PREFIX_PATH=${CMAKE_PREFIX_PATH}:/home/rhobtor/PHD/ARGOJ8_IA/ARGOSJ8_IA_/install/ntrip_client:/home/rhobtor/PHD/ARGOJ8_IA/ARGOSJ8_IA_/install/car:/home/rhobtor/PHD/ARGOJ8_IA/ARGOSJ8_IA_/install/android_ros2_server:/home/rhobtor/PHD/reactive/Reactive-Navegation/workspace_full_conected/install/car:/opt/ros/humble /opt/st/stm32cubeclt_1.18.0/CMake/bin/cmake --build /home/rhobtor/PHD/ARGOJ8_IA/ARGOSJ8_IA_/build/sdl2_vendor -- -j16 -l16
[0.735s] DEBUG:colcon.colcon_core.event_handler.log_command:Invoking command in '/home/rhobtor/PHD/ARGOJ8_IA/ARGOSJ8_IA_/build/security_check_interfaces': CMAKE_PREFIX_PATH=${CMAKE_PREFIX_PATH}:/home/rhobtor/PHD/ARGOJ8_IA/ARGOSJ8_IA_/install/ntrip_client:/home/rhobtor/PHD/ARGOJ8_IA/ARGOSJ8_IA_/install/car:/home/rhobtor/PHD/ARGOJ8_IA/ARGOSJ8_IA_/install/android_ros2_server:/home/rhobtor/PHD/reactive/Reactive-Navegation/workspace_full_conected/install/car:/opt/ros/humble /opt/st/stm32cubeclt_1.18.0/CMake/bin/cmake --build /home/rhobtor/PHD/ARGOJ8_IA/ARGOSJ8_IA_/build/security_check_interfaces -- -j16 -l16
[0.781s] DEBUG:colcon.colcon_core.event_handler.log_command:Invoking command in '/home/rhobtor/PHD/ARGOJ8_IA/ARGOSJ8_IA_/build/slg_msgs': CMAKE_PREFIX_PATH=${CMAKE_PREFIX_PATH}:/home/rhobtor/PHD/ARGOJ8_IA/ARGOSJ8_IA_/install/ntrip_client:/home/rhobtor/PHD/ARGOJ8_IA/ARGOSJ8_IA_/install/car:/home/rhobtor/PHD/ARGOJ8_IA/ARGOSJ8_IA_/install/android_ros2_server:/home/rhobtor/PHD/reactive/Reactive-Navegation/workspace_full_conected/install/car:/opt/ros/humble /opt/st/stm32cubeclt_1.18.0/CMake/bin/cmake --build /home/rhobtor/PHD/ARGOJ8_IA/ARGOSJ8_IA_/build/slg_msgs -- -j16 -l16
[1.446s] INFO:colcon.colcon_core.task.python.build:Building Python package in '/home/rhobtor/PHD/ARGOJ8_IA/ARGOSJ8_IA_/src/android_ros2_server'
[1.447s] INFO:colcon.colcon_core.shell:Skip shell extension 'powershell' for command environment: Not usable outside of PowerShell
[1.448s] DEBUG:colcon.colcon_core.shell:Skip shell extension 'dsv' for command environment
[1.471s] DEBUG:colcon.colcon_core.event_handler.log_command:Invoking command in '/home/rhobtor/PHD/ARGOJ8_IA/ARGOSJ8_IA_/build/argj801_setup': CMAKE_PREFIX_PATH=${CMAKE_PREFIX_PATH}:/home/rhobtor/PHD/ARGOJ8_IA/ARGOSJ8_IA_/install/ntrip_client:/home/rhobtor/PHD/ARGOJ8_IA/ARGOSJ8_IA_/install/car:/home/rhobtor/PHD/ARGOJ8_IA/ARGOSJ8_IA_/install/android_ros2_server:/home/rhobtor/PHD/reactive/Reactive-Navegation/workspace_full_conected/install/car:/opt/ros/humble /opt/st/stm32cubeclt_1.18.0/CMake/bin/cmake --build /home/rhobtor/PHD/ARGOJ8_IA/ARGOSJ8_IA_/build/argj801_setup -- -j16 -l16
[1.491s] DEBUG:colcon.colcon_core.event_handler.log_command:Invoking command in '/home/rhobtor/PHD/ARGOJ8_IA/ARGOSJ8_IA_/build/fixposition_sensor_pkg': CMAKE_PREFIX_PATH=${CMAKE_PREFIX_PATH}:/home/rhobtor/PHD/ARGOJ8_IA/ARGOSJ8_IA_/install/ntrip_client:/home/rhobtor/PHD/ARGOJ8_IA/ARGOSJ8_IA_/install/car:/home/rhobtor/PHD/ARGOJ8_IA/ARGOSJ8_IA_/install/android_ros2_server:/home/rhobtor/PHD/reactive/Reactive-Navegation/workspace_full_conected/install/car:/opt/ros/humble /opt/st/stm32cubeclt_1.18.0/CMake/bin/cmake --build /home/rhobtor/PHD/ARGOJ8_IA/ARGOSJ8_IA_/build/fixposition_sensor_pkg -- -j16 -l16
[1.513s] DEBUG:colcon.colcon_core.event_handler.log_command:Invoking command in '/home/rhobtor/PHD/ARGOJ8_IA/ARGOSJ8_IA_/build/hector_gazebo_plugins': CMAKE_PREFIX_PATH=${CMAKE_PREFIX_PATH}:/home/rhobtor/PHD/ARGOJ8_IA/ARGOSJ8_IA_/install/ntrip_client:/home/rhobtor/PHD/ARGOJ8_IA/ARGOSJ8_IA_/install/car:/home/rhobtor/PHD/ARGOJ8_IA/ARGOSJ8_IA_/install/android_ros2_server:/home/rhobtor/PHD/reactive/Reactive-Navegation/workspace_full_conected/install/car:/opt/ros/humble /opt/st/stm32cubeclt_1.18.0/CMake/bin/cmake --build /home/rhobtor/PHD/ARGOJ8_IA/ARGOSJ8_IA_/build/hector_gazebo_plugins -- -j16 -l16
[1.518s] DEBUG:colcon.colcon_core.event_handler.log_command:Invoking command in '/home/rhobtor/PHD/ARGOJ8_IA/ARGOSJ8_IA_/build/joy_linux': CMAKE_PREFIX_PATH=${CMAKE_PREFIX_PATH}:/home/rhobtor/PHD/ARGOJ8_IA/ARGOSJ8_IA_/install/ntrip_client:/home/rhobtor/PHD/ARGOJ8_IA/ARGOSJ8_IA_/install/car:/home/rhobtor/PHD/ARGOJ8_IA/ARGOSJ8_IA_/install/android_ros2_server:/home/rhobtor/PHD/reactive/Reactive-Navegation/workspace_full_conected/install/car:/opt/ros/humble /opt/st/stm32cubeclt_1.18.0/CMake/bin/cmake --build /home/rhobtor/PHD/ARGOJ8_IA/ARGOSJ8_IA_/build/joy_linux -- -j16 -l16
[1.549s] DEBUG:colcon.colcon_core.event_handler.log_command:Invoked command in '/home/rhobtor/PHD/ARGOJ8_IA/ARGOSJ8_IA_/build/fixposition_gnss_tf' returned '0': CMAKE_PREFIX_PATH=${CMAKE_PREFIX_PATH}:/home/rhobtor/PHD/ARGOJ8_IA/ARGOSJ8_IA_/install/ntrip_client:/home/rhobtor/PHD/ARGOJ8_IA/ARGOSJ8_IA_/install/car:/home/rhobtor/PHD/ARGOJ8_IA/ARGOSJ8_IA_/install/android_ros2_server:/home/rhobtor/PHD/reactive/Reactive-Navegation/workspace_full_conected/install/car:/opt/ros/humble /opt/st/stm32cubeclt_1.18.0/CMake/bin/cmake --build /home/rhobtor/PHD/ARGOJ8_IA/ARGOSJ8_IA_/build/fixposition_gnss_tf -- -j16 -l16
[1.557s] DEBUG:colcon.colcon_core.event_handler.log_command:Invoking command in '/home/rhobtor/PHD/ARGOJ8_IA/ARGOSJ8_IA_/build/fixposition_gnss_tf': CMAKE_PREFIX_PATH=${CMAKE_PREFIX_PATH}:/home/rhobtor/PHD/ARGOJ8_IA/ARGOSJ8_IA_/install/ntrip_client:/home/rhobtor/PHD/ARGOJ8_IA/ARGOSJ8_IA_/install/car:/home/rhobtor/PHD/ARGOJ8_IA/ARGOSJ8_IA_/install/android_ros2_server:/home/rhobtor/PHD/reactive/Reactive-Navegation/workspace_full_conected/install/car:/opt/ros/humble /opt/st/stm32cubeclt_1.18.0/CMake/bin/cmake --install /home/rhobtor/PHD/ARGOJ8_IA/ARGOSJ8_IA_/build/fixposition_gnss_tf
[1.560s] DEBUG:colcon.colcon_core.event_handler.log_command:Invoked command in '/home/rhobtor/PHD/ARGOJ8_IA/ARGOSJ8_IA_/build/sdl2_vendor' returned '0': CMAKE_PREFIX_PATH=${CMAKE_PREFIX_PATH}:/home/rhobtor/PHD/ARGOJ8_IA/ARGOSJ8_IA_/install/ntrip_client:/home/rhobtor/PHD/ARGOJ8_IA/ARGOSJ8_IA_/install/car:/home/rhobtor/PHD/ARGOJ8_IA/ARGOSJ8_IA_/install/android_ros2_server:/home/rhobtor/PHD/reactive/Reactive-Navegation/workspace_full_conected/install/car:/opt/ros/humble /opt/st/stm32cubeclt_1.18.0/CMake/bin/cmake --build /home/rhobtor/PHD/ARGOJ8_IA/ARGOSJ8_IA_/build/sdl2_vendor -- -j16 -l16
[1.563s] DEBUG:colcon.colcon_core.event_handler.log_command:Invoking command in '/home/rhobtor/PHD/ARGOJ8_IA/ARGOSJ8_IA_/build/sdl2_vendor': CMAKE_PREFIX_PATH=${CMAKE_PREFIX_PATH}:/home/rhobtor/PHD/ARGOJ8_IA/ARGOSJ8_IA_/install/ntrip_client:/home/rhobtor/PHD/ARGOJ8_IA/ARGOSJ8_IA_/install/car:/home/rhobtor/PHD/ARGOJ8_IA/ARGOSJ8_IA_/install/android_ros2_server:/home/rhobtor/PHD/reactive/Reactive-Navegation/workspace_full_conected/install/car:/opt/ros/humble /opt/st/stm32cubeclt_1.18.0/CMake/bin/cmake --install /home/rhobtor/PHD/ARGOJ8_IA/ARGOSJ8_IA_/build/sdl2_vendor
[1.565s] DEBUG:colcon.colcon_core.event_handler.log_command:Invoked command in '/home/rhobtor/PHD/ARGOJ8_IA/ARGOSJ8_IA_/build/ublox_serialization' returned '0': CMAKE_PREFIX_PATH=${CMAKE_PREFIX_PATH}:/home/rhobtor/PHD/ARGOJ8_IA/ARGOSJ8_IA_/install/ntrip_client:/home/rhobtor/PHD/ARGOJ8_IA/ARGOSJ8_IA_/install/car:/home/rhobtor/PHD/ARGOJ8_IA/ARGOSJ8_IA_/install/android_ros2_server:/home/rhobtor/PHD/reactive/Reactive-Navegation/workspace_full_conected/install/car:/opt/ros/humble /opt/st/stm32cubeclt_1.18.0/CMake/bin/cmake --build /home/rhobtor/PHD/ARGOJ8_IA/ARGOSJ8_IA_/build/ublox_serialization -- -j16 -l16
[1.566s] DEBUG:colcon.colcon_core.event_handler.log_command:Invoking command in '/home/rhobtor/PHD/ARGOJ8_IA/ARGOSJ8_IA_/build/ublox_serialization': CMAKE_PREFIX_PATH=${CMAKE_PREFIX_PATH}:/home/rhobtor/PHD/ARGOJ8_IA/ARGOSJ8_IA_/install/ntrip_client:/home/rhobtor/PHD/ARGOJ8_IA/ARGOSJ8_IA_/install/car:/home/rhobtor/PHD/ARGOJ8_IA/ARGOSJ8_IA_/install/android_ros2_server:/home/rhobtor/PHD/reactive/Reactive-Navegation/workspace_full_conected/install/car:/opt/ros/humble /opt/st/stm32cubeclt_1.18.0/CMake/bin/cmake --install /home/rhobtor/PHD/ARGOJ8_IA/ARGOSJ8_IA_/build/ublox_serialization
[1.567s] DEBUG:colcon.colcon_core.event_handler.log_command:Invoked command in '/home/rhobtor/PHD/ARGOJ8_IA/ARGOSJ8_IA_/build/argj801_setup' returned '0': CMAKE_PREFIX_PATH=${CMAKE_PREFIX_PATH}:/home/rhobtor/PHD/ARGOJ8_IA/ARGOSJ8_IA_/install/ntrip_client:/home/rhobtor/PHD/ARGOJ8_IA/ARGOSJ8_IA_/install/car:/home/rhobtor/PHD/ARGOJ8_IA/ARGOSJ8_IA_/install/android_ros2_server:/home/rhobtor/PHD/reactive/Reactive-Navegation/workspace_full_conected/install/car:/opt/ros/humble /opt/st/stm32cubeclt_1.18.0/CMake/bin/cmake --build /home/rhobtor/PHD/ARGOJ8_IA/ARGOSJ8_IA_/build/argj801_setup -- -j16 -l16
[1.568s] DEBUG:colcon.colcon_core.event_handler.log_command:Invoking command in '/home/rhobtor/PHD/ARGOJ8_IA/ARGOSJ8_IA_/build/argj801_setup': CMAKE_PREFIX_PATH=${CMAKE_PREFIX_PATH}:/home/rhobtor/PHD/ARGOJ8_IA/ARGOSJ8_IA_/install/ntrip_client:/home/rhobtor/PHD/ARGOJ8_IA/ARGOSJ8_IA_/install/car:/home/rhobtor/PHD/ARGOJ8_IA/ARGOSJ8_IA_/install/android_ros2_server:/home/rhobtor/PHD/reactive/Reactive-Navegation/workspace_full_conected/install/car:/opt/ros/humble /opt/st/stm32cubeclt_1.18.0/CMake/bin/cmake --install /home/rhobtor/PHD/ARGOJ8_IA/ARGOSJ8_IA_/build/argj801_setup
[1.570s] DEBUG:colcon.colcon_core.event_handler.log_command:Invoked command in '/home/rhobtor/PHD/ARGOJ8_IA/ARGOSJ8_IA_/build/car_interfaces' returned '0': CMAKE_PREFIX_PATH=${CMAKE_PREFIX_PATH}:/home/rhobtor/PHD/ARGOJ8_IA/ARGOSJ8_IA_/install/ntrip_client:/home/rhobtor/PHD/ARGOJ8_IA/ARGOSJ8_IA_/install/car:/home/rhobtor/PHD/ARGOJ8_IA/ARGOSJ8_IA_/install/android_ros2_server:/home/rhobtor/PHD/reactive/Reactive-Navegation/workspace_full_conected/install/car:/opt/ros/humble /opt/st/stm32cubeclt_1.18.0/CMake/bin/cmake --build /home/rhobtor/PHD/ARGOJ8_IA/ARGOSJ8_IA_/build/car_interfaces -- -j16 -l16
[1.571s] DEBUG:colcon.colcon_core.event_handler.log_command:Invoking command in '/home/rhobtor/PHD/ARGOJ8_IA/ARGOSJ8_IA_/build/car_interfaces': CMAKE_PREFIX_PATH=${CMAKE_PREFIX_PATH}:/home/rhobtor/PHD/ARGOJ8_IA/ARGOSJ8_IA_/install/ntrip_client:/home/rhobtor/PHD/ARGOJ8_IA/ARGOSJ8_IA_/install/car:/home/rhobtor/PHD/ARGOJ8_IA/ARGOSJ8_IA_/install/android_ros2_server:/home/rhobtor/PHD/reactive/Reactive-Navegation/workspace_full_conected/install/car:/opt/ros/humble /opt/st/stm32cubeclt_1.18.0/CMake/bin/cmake --install /home/rhobtor/PHD/ARGOJ8_IA/ARGOSJ8_IA_/build/car_interfaces
[1.572s] DEBUG:colcon.colcon_core.event_handler.log_command:Invoked command in '/home/rhobtor/PHD/ARGOJ8_IA/ARGOSJ8_IA_/build/argj801_ctl_platform_interfaces' returned '0': CMAKE_PREFIX_PATH=${CMAKE_PREFIX_PATH}:/home/rhobtor/PHD/ARGOJ8_IA/ARGOSJ8_IA_/install/ntrip_client:/home/rhobtor/PHD/ARGOJ8_IA/ARGOSJ8_IA_/install/car:/home/rhobtor/PHD/ARGOJ8_IA/ARGOSJ8_IA_/install/android_ros2_server:/home/rhobtor/PHD/reactive/Reactive-Navegation/workspace_full_conected/install/car:/opt/ros/humble /opt/st/stm32cubeclt_1.18.0/CMake/bin/cmake --build /home/rhobtor/PHD/ARGOJ8_IA/ARGOSJ8_IA_/build/argj801_ctl_platform_interfaces -- -j16 -l16
[1.586s] DEBUG:colcon.colcon_core.event_handler.log_command:Invoking command in '/home/rhobtor/PHD/ARGOJ8_IA/ARGOSJ8_IA_/build/argj801_ctl_platform_interfaces': CMAKE_PREFIX_PATH=${CMAKE_PREFIX_PATH}:/home/rhobtor/PHD/ARGOJ8_IA/ARGOSJ8_IA_/install/ntrip_client:/home/rhobtor/PHD/ARGOJ8_IA/ARGOSJ8_IA_/install/car:/home/rhobtor/PHD/ARGOJ8_IA/ARGOSJ8_IA_/install/android_ros2_server:/home/rhobtor/PHD/reactive/Reactive-Navegation/workspace_full_conected/install/car:/opt/ros/humble /opt/st/stm32cubeclt_1.18.0/CMake/bin/cmake --install /home/rhobtor/PHD/ARGOJ8_IA/ARGOSJ8_IA_/build/argj801_ctl_platform_interfaces
[1.958s] INFO:colcon.colcon_core.task.python.build:Building Python package in '/home/rhobtor/PHD/ARGOJ8_IA/ARGOSJ8_IA_/src/argo_drivers_pkgs/ntrip_client'
[1.961s] INFO:colcon.colcon_core.shell:Skip shell extension 'powershell' for command environment: Not usable outside of PowerShell
[1.961s] DEBUG:colcon.colcon_core.shell:Skip shell extension 'dsv' for command environment
[1.969s] DEBUG:colcon.colcon_core.event_handler.log_command:Invoked command in '/home/rhobtor/PHD/ARGOJ8_IA/ARGOSJ8_IA_/build/security_check_interfaces' returned '0': CMAKE_PREFIX_PATH=${CMAKE_PREFIX_PATH}:/home/rhobtor/PHD/ARGOJ8_IA/ARGOSJ8_IA_/install/ntrip_client:/home/rhobtor/PHD/ARGOJ8_IA/ARGOSJ8_IA_/install/car:/home/rhobtor/PHD/ARGOJ8_IA/ARGOSJ8_IA_/install/android_ros2_server:/home/rhobtor/PHD/reactive/Reactive-Navegation/workspace_full_conected/install/car:/opt/ros/humble /opt/st/stm32cubeclt_1.18.0/CMake/bin/cmake --build /home/rhobtor/PHD/ARGOJ8_IA/ARGOSJ8_IA_/build/security_check_interfaces -- -j16 -l16
[1.973s] DEBUG:colcon.colcon_core.event_handler.log_command:Invoking command in '/home/rhobtor/PHD/ARGOJ8_IA/ARGOSJ8_IA_/build/security_check_interfaces': CMAKE_PREFIX_PATH=${CMAKE_PREFIX_PATH}:/home/rhobtor/PHD/ARGOJ8_IA/ARGOSJ8_IA_/install/ntrip_client:/home/rhobtor/PHD/ARGOJ8_IA/ARGOSJ8_IA_/install/car:/home/rhobtor/PHD/ARGOJ8_IA/ARGOSJ8_IA_/install/android_ros2_server:/home/rhobtor/PHD/reactive/Reactive-Navegation/workspace_full_conected/install/car:/opt/ros/humble /opt/st/stm32cubeclt_1.18.0/CMake/bin/cmake --install /home/rhobtor/PHD/ARGOJ8_IA/ARGOSJ8_IA_/build/security_check_interfaces
[1.976s] DEBUG:colcon.colcon_core.event_handler.log_command:Invoked command in '/home/rhobtor/PHD/ARGOJ8_IA/ARGOSJ8_IA_/build/argj801_sensors_msgs' returned '0': CMAKE_PREFIX_PATH=${CMAKE_PREFIX_PATH}:/home/rhobtor/PHD/ARGOJ8_IA/ARGOSJ8_IA_/install/ntrip_client:/home/rhobtor/PHD/ARGOJ8_IA/ARGOSJ8_IA_/install/car:/home/rhobtor/PHD/ARGOJ8_IA/ARGOSJ8_IA_/install/android_ros2_server:/home/rhobtor/PHD/reactive/Reactive-Navegation/workspace_full_conected/install/car:/opt/ros/humble /opt/st/stm32cubeclt_1.18.0/CMake/bin/cmake --build /home/rhobtor/PHD/ARGOJ8_IA/ARGOSJ8_IA_/build/argj801_sensors_msgs -- -j16 -l16
[2.016s] DEBUG:colcon.colcon_core.event_handler.log_command:Invoking command in '/home/rhobtor/PHD/ARGOJ8_IA/ARGOSJ8_IA_/build/argj801_sensors_msgs': CMAKE_PREFIX_PATH=${CMAKE_PREFIX_PATH}:/home/rhobtor/PHD/ARGOJ8_IA/ARGOSJ8_IA_/install/ntrip_client:/home/rhobtor/PHD/ARGOJ8_IA/ARGOSJ8_IA_/install/car:/home/rhobtor/PHD/ARGOJ8_IA/ARGOSJ8_IA_/install/android_ros2_server:/home/rhobtor/PHD/reactive/Reactive-Navegation/workspace_full_conected/install/car:/opt/ros/humble /opt/st/stm32cubeclt_1.18.0/CMake/bin/cmake --install /home/rhobtor/PHD/ARGOJ8_IA/ARGOSJ8_IA_/build/argj801_sensors_msgs
[2.018s] DEBUG:colcon.colcon_core.event_handler.log_command:Invoked command in '/home/rhobtor/PHD/ARGOJ8_IA/ARGOSJ8_IA_/build/path_manager_interfaces' returned '0': CMAKE_PREFIX_PATH=${CMAKE_PREFIX_PATH}:/home/rhobtor/PHD/ARGOJ8_IA/ARGOSJ8_IA_/install/ntrip_client:/home/rhobtor/PHD/ARGOJ8_IA/ARGOSJ8_IA_/install/car:/home/rhobtor/PHD/ARGOJ8_IA/ARGOSJ8_IA_/install/android_ros2_server:/home/rhobtor/PHD/reactive/Reactive-Navegation/workspace_full_conected/install/car:/opt/ros/humble /opt/st/stm32cubeclt_1.18.0/CMake/bin/cmake --build /home/rhobtor/PHD/ARGOJ8_IA/ARGOSJ8_IA_/build/path_manager_interfaces -- -j16 -l16
[2.024s] DEBUG:colcon.colcon_core.event_handler.log_command:Invoking command in '/home/rhobtor/PHD/ARGOJ8_IA/ARGOSJ8_IA_/build/path_manager_interfaces': CMAKE_PREFIX_PATH=${CMAKE_PREFIX_PATH}:/home/rhobtor/PHD/ARGOJ8_IA/ARGOSJ8_IA_/install/ntrip_client:/home/rhobtor/PHD/ARGOJ8_IA/ARGOSJ8_IA_/install/car:/home/rhobtor/PHD/ARGOJ8_IA/ARGOSJ8_IA_/install/android_ros2_server:/home/rhobtor/PHD/reactive/Reactive-Navegation/workspace_full_conected/install/car:/opt/ros/humble /opt/st/stm32cubeclt_1.18.0/CMake/bin/cmake --install /home/rhobtor/PHD/ARGOJ8_IA/ARGOSJ8_IA_/build/path_manager_interfaces
[2.041s] Level 1:colcon.colcon_core.shell:create_environment_hook('fixposition_gnss_tf', 'pkg_config_path')
[2.041s] INFO:colcon.colcon_core.shell:Creating environment hook '/home/rhobtor/PHD/ARGOJ8_IA/ARGOSJ8_IA_/install/fixposition_gnss_tf/share/fixposition_gnss_tf/hook/pkg_config_path.ps1'
[2.042s] INFO:colcon.colcon_core.shell:Creating environment descriptor '/home/rhobtor/PHD/ARGOJ8_IA/ARGOSJ8_IA_/install/fixposition_gnss_tf/share/fixposition_gnss_tf/hook/pkg_config_path.dsv'
[2.042s] INFO:colcon.colcon_core.shell:Creating environment hook '/home/rhobtor/PHD/ARGOJ8_IA/ARGOSJ8_IA_/install/fixposition_gnss_tf/share/fixposition_gnss_tf/hook/pkg_config_path.sh'
[2.047s] Level 1:colcon.colcon_core.shell:create_environment_hook('fixposition_gnss_tf', 'pkg_config_path_multiarch')
[2.048s] INFO:colcon.colcon_core.shell:Creating environment hook '/home/rhobtor/PHD/ARGOJ8_IA/ARGOSJ8_IA_/install/fixposition_gnss_tf/share/fixposition_gnss_tf/hook/pkg_config_path_multiarch.ps1'
[2.052s] INFO:colcon.colcon_core.shell:Creating environment descriptor '/home/rhobtor/PHD/ARGOJ8_IA/ARGOSJ8_IA_/install/fixposition_gnss_tf/share/fixposition_gnss_tf/hook/pkg_config_path_multiarch.dsv'
[2.054s] INFO:colcon.colcon_core.shell:Creating environment hook '/home/rhobtor/PHD/ARGOJ8_IA/ARGOSJ8_IA_/install/fixposition_gnss_tf/share/fixposition_gnss_tf/hook/pkg_config_path_multiarch.sh'
[2.057s] Level 1:colcon.colcon_core.environment:create_environment_scripts_only(fixposition_gnss_tf)
[2.064s] Level 1:colcon.colcon_core.environment:checking '/home/rhobtor/PHD/ARGOJ8_IA/ARGOSJ8_IA_/install/fixposition_gnss_tf' for CMake module files
[2.065s] Level 1:colcon.colcon_core.environment:checking '/home/rhobtor/PHD/ARGOJ8_IA/ARGOSJ8_IA_/install/fixposition_gnss_tf' for CMake config files
[2.065s] Level 1:colcon.colcon_core.shell:create_environment_hook('fixposition_gnss_tf', 'cmake_prefix_path')
[2.065s] INFO:colcon.colcon_core.shell:Creating environment hook '/home/rhobtor/PHD/ARGOJ8_IA/ARGOSJ8_IA_/install/fixposition_gnss_tf/share/fixposition_gnss_tf/hook/cmake_prefix_path.ps1'
[2.067s] INFO:colcon.colcon_core.shell:Creating environment descriptor '/home/rhobtor/PHD/ARGOJ8_IA/ARGOSJ8_IA_/install/fixposition_gnss_tf/share/fixposition_gnss_tf/hook/cmake_prefix_path.dsv'
[2.069s] INFO:colcon.colcon_core.shell:Creating environment hook '/home/rhobtor/PHD/ARGOJ8_IA/ARGOSJ8_IA_/install/fixposition_gnss_tf/share/fixposition_gnss_tf/hook/cmake_prefix_path.sh'
[2.072s] Level 1:colcon.colcon_core.environment:checking '/home/rhobtor/PHD/ARGOJ8_IA/ARGOSJ8_IA_/install/fixposition_gnss_tf/lib'
[2.074s] Level 1:colcon.colcon_core.shell:create_environment_hook('fixposition_gnss_tf', 'ld_library_path_lib')
[2.074s] INFO:colcon.colcon_core.shell:Creating environment hook '/home/rhobtor/PHD/ARGOJ8_IA/ARGOSJ8_IA_/install/fixposition_gnss_tf/share/fixposition_gnss_tf/hook/ld_library_path_lib.ps1'
[2.077s] INFO:colcon.colcon_core.shell:Creating environment descriptor '/home/rhobtor/PHD/ARGOJ8_IA/ARGOSJ8_IA_/install/fixposition_gnss_tf/share/fixposition_gnss_tf/hook/ld_library_path_lib.dsv'
[2.081s] INFO:colcon.colcon_core.shell:Creating environment hook '/home/rhobtor/PHD/ARGOJ8_IA/ARGOSJ8_IA_/install/fixposition_gnss_tf/share/fixposition_gnss_tf/hook/ld_library_path_lib.sh'
[2.085s] Level 1:colcon.colcon_core.environment:checking '/home/rhobtor/PHD/ARGOJ8_IA/ARGOSJ8_IA_/install/fixposition_gnss_tf/bin'
[2.085s] Level 1:colcon.colcon_core.environment:checking '/home/rhobtor/PHD/ARGOJ8_IA/ARGOSJ8_IA_/install/fixposition_gnss_tf/lib/pkgconfig/fixposition_gnss_tf.pc'
[2.085s] Level 1:colcon.colcon_core.environment:checking '/home/rhobtor/PHD/ARGOJ8_IA/ARGOSJ8_IA_/install/fixposition_gnss_tf/lib/python3.10/site-packages'
[2.086s] Level 1:colcon.colcon_core.environment:checking '/home/rhobtor/PHD/ARGOJ8_IA/ARGOSJ8_IA_/install/fixposition_gnss_tf/bin'
[2.086s] INFO:colcon.colcon_core.shell:Creating package script '/home/rhobtor/PHD/ARGOJ8_IA/ARGOSJ8_IA_/install/fixposition_gnss_tf/share/fixposition_gnss_tf/package.ps1'
[2.090s] INFO:colcon.colcon_core.shell:Creating package descriptor '/home/rhobtor/PHD/ARGOJ8_IA/ARGOSJ8_IA_/install/fixposition_gnss_tf/share/fixposition_gnss_tf/package.dsv'
[2.092s] INFO:colcon.colcon_core.shell:Creating package script '/home/rhobtor/PHD/ARGOJ8_IA/ARGOSJ8_IA_/install/fixposition_gnss_tf/share/fixposition_gnss_tf/package.sh'
[2.094s] INFO:colcon.colcon_core.shell:Creating package script '/home/rhobtor/PHD/ARGOJ8_IA/ARGOSJ8_IA_/install/fixposition_gnss_tf/share/fixposition_gnss_tf/package.bash'
[2.095s] INFO:colcon.colcon_core.shell:Creating package script '/home/rhobtor/PHD/ARGOJ8_IA/ARGOSJ8_IA_/install/fixposition_gnss_tf/share/fixposition_gnss_tf/package.zsh'
[2.099s] Level 1:colcon.colcon_core.environment:create_file_with_runtime_dependencies(/home/rhobtor/PHD/ARGOJ8_IA/ARGOSJ8_IA_/install/fixposition_gnss_tf/share/colcon-core/packages/fixposition_gnss_tf)
[2.103s] Level 1:colcon.colcon_core.environment:create_environment_scripts_only(sdl2_vendor)
[2.103s] Level 1:colcon.colcon_core.environment:checking '/home/rhobtor/PHD/ARGOJ8_IA/ARGOSJ8_IA_/install/sdl2_vendor' for CMake module files
[2.106s] Level 1:colcon.colcon_core.environment:checking '/home/rhobtor/PHD/ARGOJ8_IA/ARGOSJ8_IA_/install/sdl2_vendor' for CMake config files
[2.109s] DEBUG:colcon.colcon_core.event_handler.log_command:Invoked command in '/home/rhobtor/PHD/ARGOJ8_IA/ARGOSJ8_IA_/build/slg_msgs' returned '0': CMAKE_PREFIX_PATH=${CMAKE_PREFIX_PATH}:/home/rhobtor/PHD/ARGOJ8_IA/ARGOSJ8_IA_/install/ntrip_client:/home/rhobtor/PHD/ARGOJ8_IA/ARGOSJ8_IA_/install/car:/home/rhobtor/PHD/ARGOJ8_IA/ARGOSJ8_IA_/install/android_ros2_server:/home/rhobtor/PHD/reactive/Reactive-Navegation/workspace_full_conected/install/car:/opt/ros/humble /opt/st/stm32cubeclt_1.18.0/CMake/bin/cmake --build /home/rhobtor/PHD/ARGOJ8_IA/ARGOSJ8_IA_/build/slg_msgs -- -j16 -l16
[2.124s] Level 1:colcon.colcon_core.shell:create_environment_hook('sdl2_vendor', 'cmake_prefix_path')
[2.124s] INFO:colcon.colcon_core.shell:Creating environment hook '/home/rhobtor/PHD/ARGOJ8_IA/ARGOSJ8_IA_/install/sdl2_vendor/share/sdl2_vendor/hook/cmake_prefix_path.ps1'
[2.125s] INFO:colcon.colcon_core.shell:Creating environment descriptor '/home/rhobtor/PHD/ARGOJ8_IA/ARGOSJ8_IA_/install/sdl2_vendor/share/sdl2_vendor/hook/cmake_prefix_path.dsv'
[2.127s] DEBUG:colcon.colcon_core.event_handler.log_command:Invoking command in '/home/rhobtor/PHD/ARGOJ8_IA/ARGOSJ8_IA_/build/slg_msgs': CMAKE_PREFIX_PATH=${CMAKE_PREFIX_PATH}:/home/rhobtor/PHD/ARGOJ8_IA/ARGOSJ8_IA_/install/ntrip_client:/home/rhobtor/PHD/ARGOJ8_IA/ARGOSJ8_IA_/install/car:/home/rhobtor/PHD/ARGOJ8_IA/ARGOSJ8_IA_/install/android_ros2_server:/home/rhobtor/PHD/reactive/Reactive-Navegation/workspace_full_conected/install/car:/opt/ros/humble /opt/st/stm32cubeclt_1.18.0/CMake/bin/cmake --install /home/rhobtor/PHD/ARGOJ8_IA/ARGOSJ8_IA_/build/slg_msgs
[2.127s] DEBUG:colcon.colcon_core.event_handler.log_command:Invoked command in '/home/rhobtor/PHD/ARGOJ8_IA/ARGOSJ8_IA_/build/fixposition_gnss_tf' returned '0': CMAKE_PREFIX_PATH=${CMAKE_PREFIX_PATH}:/home/rhobtor/PHD/ARGOJ8_IA/ARGOSJ8_IA_/install/ntrip_client:/home/rhobtor/PHD/ARGOJ8_IA/ARGOSJ8_IA_/install/car:/home/rhobtor/PHD/ARGOJ8_IA/ARGOSJ8_IA_/install/android_ros2_server:/home/rhobtor/PHD/reactive/Reactive-Navegation/workspace_full_conected/install/car:/opt/ros/humble /opt/st/stm32cubeclt_1.18.0/CMake/bin/cmake --install /home/rhobtor/PHD/ARGOJ8_IA/ARGOSJ8_IA_/build/fixposition_gnss_tf
[2.130s] INFO:colcon.colcon_core.shell:Creating environment hook '/home/rhobtor/PHD/ARGOJ8_IA/ARGOSJ8_IA_/install/sdl2_vendor/share/sdl2_vendor/hook/cmake_prefix_path.sh'
[2.130s] Level 1:colcon.colcon_core.environment:checking '/home/rhobtor/PHD/ARGOJ8_IA/ARGOSJ8_IA_/install/sdl2_vendor/bin'
[2.131s] Level 1:colcon.colcon_core.environment:checking '/home/rhobtor/PHD/ARGOJ8_IA/ARGOSJ8_IA_/install/sdl2_vendor/lib/pkgconfig/sdl2_vendor.pc'
[2.131s] Level 1:colcon.colcon_core.environment:checking '/home/rhobtor/PHD/ARGOJ8_IA/ARGOSJ8_IA_/install/sdl2_vendor/lib/python3.10/site-packages'
[2.131s] Level 1:colcon.colcon_core.environment:checking '/home/rhobtor/PHD/ARGOJ8_IA/ARGOSJ8_IA_/install/sdl2_vendor/bin'
[2.132s] INFO:colcon.colcon_core.shell:Creating package script '/home/rhobtor/PHD/ARGOJ8_IA/ARGOSJ8_IA_/install/sdl2_vendor/share/sdl2_vendor/package.ps1'
[2.135s] INFO:colcon.colcon_core.shell:Creating package descriptor '/home/rhobtor/PHD/ARGOJ8_IA/ARGOSJ8_IA_/install/sdl2_vendor/share/sdl2_vendor/package.dsv'
[2.138s] INFO:colcon.colcon_core.shell:Creating package script '/home/rhobtor/PHD/ARGOJ8_IA/ARGOSJ8_IA_/install/sdl2_vendor/share/sdl2_vendor/package.sh'
[2.142s] INFO:colcon.colcon_core.shell:Creating package script '/home/rhobtor/PHD/ARGOJ8_IA/ARGOSJ8_IA_/install/sdl2_vendor/share/sdl2_vendor/package.bash'
[2.142s] DEBUG:colcon.colcon_core.event_handler.log_command:Invoked command in '/home/rhobtor/PHD/ARGOJ8_IA/ARGOSJ8_IA_/build/fixposition_sensor_pkg' returned '0': CMAKE_PREFIX_PATH=${CMAKE_PREFIX_PATH}:/home/rhobtor/PHD/ARGOJ8_IA/ARGOSJ8_IA_/install/ntrip_client:/home/rhobtor/PHD/ARGOJ8_IA/ARGOSJ8_IA_/install/car:/home/rhobtor/PHD/ARGOJ8_IA/ARGOSJ8_IA_/install/android_ros2_server:/home/rhobtor/PHD/reactive/Reactive-Navegation/workspace_full_conected/install/car:/opt/ros/humble /opt/st/stm32cubeclt_1.18.0/CMake/bin/cmake --build /home/rhobtor/PHD/ARGOJ8_IA/ARGOSJ8_IA_/build/fixposition_sensor_pkg -- -j16 -l16
[2.144s] INFO:colcon.colcon_core.shell:Creating package script '/home/rhobtor/PHD/ARGOJ8_IA/ARGOSJ8_IA_/install/sdl2_vendor/share/sdl2_vendor/package.zsh'
[2.145s] DEBUG:colcon.colcon_core.event_handler.log_command:Invoking command in '/home/rhobtor/PHD/ARGOJ8_IA/ARGOSJ8_IA_/build/fixposition_sensor_pkg': CMAKE_PREFIX_PATH=${CMAKE_PREFIX_PATH}:/home/rhobtor/PHD/ARGOJ8_IA/ARGOSJ8_IA_/install/ntrip_client:/home/rhobtor/PHD/ARGOJ8_IA/ARGOSJ8_IA_/install/car:/home/rhobtor/PHD/ARGOJ8_IA/ARGOSJ8_IA_/install/android_ros2_server:/home/rhobtor/PHD/reactive/Reactive-Navegation/workspace_full_conected/install/car:/opt/ros/humble /opt/st/stm32cubeclt_1.18.0/CMake/bin/cmake --install /home/rhobtor/PHD/ARGOJ8_IA/ARGOSJ8_IA_/build/fixposition_sensor_pkg
[2.145s] DEBUG:colcon.colcon_core.event_handler.log_command:Invoked command in '/home/rhobtor/PHD/ARGOJ8_IA/ARGOSJ8_IA_/build/sdl2_vendor' returned '0': CMAKE_PREFIX_PATH=${CMAKE_PREFIX_PATH}:/home/rhobtor/PHD/ARGOJ8_IA/ARGOSJ8_IA_/install/ntrip_client:/home/rhobtor/PHD/ARGOJ8_IA/ARGOSJ8_IA_/install/car:/home/rhobtor/PHD/ARGOJ8_IA/ARGOSJ8_IA_/install/android_ros2_server:/home/rhobtor/PHD/reactive/Reactive-Navegation/workspace_full_conected/install/car:/opt/ros/humble /opt/st/stm32cubeclt_1.18.0/CMake/bin/cmake --install /home/rhobtor/PHD/ARGOJ8_IA/ARGOSJ8_IA_/build/sdl2_vendor
[2.148s] Level 1:colcon.colcon_core.environment:create_file_with_runtime_dependencies(/home/rhobtor/PHD/ARGOJ8_IA/ARGOSJ8_IA_/install/sdl2_vendor/share/colcon-core/packages/sdl2_vendor)
[2.155s] Level 1:colcon.colcon_core.environment:create_environment_scripts_only(sdl2_vendor)
[2.155s] Level 1:colcon.colcon_core.environment:checking '/home/rhobtor/PHD/ARGOJ8_IA/ARGOSJ8_IA_/install/sdl2_vendor' for CMake module files
[2.156s] Level 1:colcon.colcon_core.environment:checking '/home/rhobtor/PHD/ARGOJ8_IA/ARGOSJ8_IA_/install/sdl2_vendor' for CMake config files
[2.156s] Level 1:colcon.colcon_core.shell:create_environment_hook('sdl2_vendor', 'cmake_prefix_path')
[2.156s] INFO:colcon.colcon_core.shell:Creating environment hook '/home/rhobtor/PHD/ARGOJ8_IA/ARGOSJ8_IA_/install/sdl2_vendor/share/sdl2_vendor/hook/cmake_prefix_path.ps1'
[2.157s] INFO:colcon.colcon_core.shell:Creating environment descriptor '/home/rhobtor/PHD/ARGOJ8_IA/ARGOSJ8_IA_/install/sdl2_vendor/share/sdl2_vendor/hook/cmake_prefix_path.dsv'
[2.157s] INFO:colcon.colcon_core.shell:Creating environment hook '/home/rhobtor/PHD/ARGOJ8_IA/ARGOSJ8_IA_/install/sdl2_vendor/share/sdl2_vendor/hook/cmake_prefix_path.sh'
[2.158s] Level 1:colcon.colcon_core.environment:checking '/home/rhobtor/PHD/ARGOJ8_IA/ARGOSJ8_IA_/install/sdl2_vendor/bin'
[2.158s] Level 1:colcon.colcon_core.environment:checking '/home/rhobtor/PHD/ARGOJ8_IA/ARGOSJ8_IA_/install/sdl2_vendor/lib/pkgconfig/sdl2_vendor.pc'
[2.158s] Level 1:colcon.colcon_core.environment:checking '/home/rhobtor/PHD/ARGOJ8_IA/ARGOSJ8_IA_/install/sdl2_vendor/lib/python3.10/site-packages'
[2.159s] Level 1:colcon.colcon_core.environment:checking '/home/rhobtor/PHD/ARGOJ8_IA/ARGOSJ8_IA_/install/sdl2_vendor/bin'
[2.159s] INFO:colcon.colcon_core.shell:Creating package script '/home/rhobtor/PHD/ARGOJ8_IA/ARGOSJ8_IA_/install/sdl2_vendor/share/sdl2_vendor/package.ps1'
[2.160s] INFO:colcon.colcon_core.shell:Creating package descriptor '/home/rhobtor/PHD/ARGOJ8_IA/ARGOSJ8_IA_/install/sdl2_vendor/share/sdl2_vendor/package.dsv'
[2.160s] INFO:colcon.colcon_core.shell:Creating package script '/home/rhobtor/PHD/ARGOJ8_IA/ARGOSJ8_IA_/install/sdl2_vendor/share/sdl2_vendor/package.sh'
[2.161s] INFO:colcon.colcon_core.shell:Creating package script '/home/rhobtor/PHD/ARGOJ8_IA/ARGOSJ8_IA_/install/sdl2_vendor/share/sdl2_vendor/package.bash'
[2.161s] INFO:colcon.colcon_core.shell:Creating package script '/home/rhobtor/PHD/ARGOJ8_IA/ARGOSJ8_IA_/install/sdl2_vendor/share/sdl2_vendor/package.zsh'
[2.162s] Level 1:colcon.colcon_core.environment:create_file_with_runtime_dependencies(/home/rhobtor/PHD/ARGOJ8_IA/ARGOSJ8_IA_/install/sdl2_vendor/share/colcon-core/packages/sdl2_vendor)
[2.167s] DEBUG:colcon.colcon_core.event_handler.log_command:Invoked command in '/home/rhobtor/PHD/ARGOJ8_IA/ARGOSJ8_IA_/build/joy_linux' returned '0': CMAKE_PREFIX_PATH=${CMAKE_PREFIX_PATH}:/home/rhobtor/PHD/ARGOJ8_IA/ARGOSJ8_IA_/install/ntrip_client:/home/rhobtor/PHD/ARGOJ8_IA/ARGOSJ8_IA_/install/car:/home/rhobtor/PHD/ARGOJ8_IA/ARGOSJ8_IA_/install/android_ros2_server:/home/rhobtor/PHD/reactive/Reactive-Navegation/workspace_full_conected/install/car:/opt/ros/humble /opt/st/stm32cubeclt_1.18.0/CMake/bin/cmake --build /home/rhobtor/PHD/ARGOJ8_IA/ARGOSJ8_IA_/build/joy_linux -- -j16 -l16
[2.168s] Level 1:colcon.colcon_core.environment:create_environment_scripts_only(ublox_serialization)
[2.168s] Level 1:colcon.colcon_core.environment:checking '/home/rhobtor/PHD/ARGOJ8_IA/ARGOSJ8_IA_/install/ublox_serialization' for CMake module files
[2.169s] DEBUG:colcon.colcon_core.event_handler.log_command:Invoking command in '/home/rhobtor/PHD/ARGOJ8_IA/ARGOSJ8_IA_/build/joy_linux': CMAKE_PREFIX_PATH=${CMAKE_PREFIX_PATH}:/home/rhobtor/PHD/ARGOJ8_IA/ARGOSJ8_IA_/install/ntrip_client:/home/rhobtor/PHD/ARGOJ8_IA/ARGOSJ8_IA_/install/car:/home/rhobtor/PHD/ARGOJ8_IA/ARGOSJ8_IA_/install/android_ros2_server:/home/rhobtor/PHD/reactive/Reactive-Navegation/workspace_full_conected/install/car:/opt/ros/humble /opt/st/stm32cubeclt_1.18.0/CMake/bin/cmake --install /home/rhobtor/PHD/ARGOJ8_IA/ARGOSJ8_IA_/build/joy_linux
[2.169s] DEBUG:colcon.colcon_core.event_handler.log_command:Invoked command in '/home/rhobtor/PHD/ARGOJ8_IA/ARGOSJ8_IA_/build/ublox_serialization' returned '0': CMAKE_PREFIX_PATH=${CMAKE_PREFIX_PATH}:/home/rhobtor/PHD/ARGOJ8_IA/ARGOSJ8_IA_/install/ntrip_client:/home/rhobtor/PHD/ARGOJ8_IA/ARGOSJ8_IA_/install/car:/home/rhobtor/PHD/ARGOJ8_IA/ARGOSJ8_IA_/install/android_ros2_server:/home/rhobtor/PHD/reactive/Reactive-Navegation/workspace_full_conected/install/car:/opt/ros/humble /opt/st/stm32cubeclt_1.18.0/CMake/bin/cmake --install /home/rhobtor/PHD/ARGOJ8_IA/ARGOSJ8_IA_/build/ublox_serialization
[2.170s] Level 1:colcon.colcon_core.environment:checking '/home/rhobtor/PHD/ARGOJ8_IA/ARGOSJ8_IA_/install/ublox_serialization' for CMake config files
[2.170s] Level 1:colcon.colcon_core.shell:create_environment_hook('ublox_serialization', 'cmake_prefix_path')
[2.171s] INFO:colcon.colcon_core.shell:Creating environment hook '/home/rhobtor/PHD/ARGOJ8_IA/ARGOSJ8_IA_/install/ublox_serialization/share/ublox_serialization/hook/cmake_prefix_path.ps1'
[2.171s] INFO:colcon.colcon_core.shell:Creating environment descriptor '/home/rhobtor/PHD/ARGOJ8_IA/ARGOSJ8_IA_/install/ublox_serialization/share/ublox_serialization/hook/cmake_prefix_path.dsv'
[2.172s] INFO:colcon.colcon_core.shell:Creating environment hook '/home/rhobtor/PHD/ARGOJ8_IA/ARGOSJ8_IA_/install/ublox_serialization/share/ublox_serialization/hook/cmake_prefix_path.sh'
[2.172s] Level 1:colcon.colcon_core.environment:checking '/home/rhobtor/PHD/ARGOJ8_IA/ARGOSJ8_IA_/install/ublox_serialization/bin'
[2.173s] Level 1:colcon.colcon_core.environment:checking '/home/rhobtor/PHD/ARGOJ8_IA/ARGOSJ8_IA_/install/ublox_serialization/lib/pkgconfig/ublox_serialization.pc'
[2.173s] Level 1:colcon.colcon_core.environment:checking '/home/rhobtor/PHD/ARGOJ8_IA/ARGOSJ8_IA_/install/ublox_serialization/lib/python3.10/site-packages'
[2.173s] Level 1:colcon.colcon_core.environment:checking '/home/rhobtor/PHD/ARGOJ8_IA/ARGOSJ8_IA_/install/ublox_serialization/bin'
[2.174s] INFO:colcon.colcon_core.shell:Creating package script '/home/rhobtor/PHD/ARGOJ8_IA/ARGOSJ8_IA_/install/ublox_serialization/share/ublox_serialization/package.ps1'
[2.178s] INFO:colcon.colcon_core.shell:Creating package descriptor '/home/rhobtor/PHD/ARGOJ8_IA/ARGOSJ8_IA_/install/ublox_serialization/share/ublox_serialization/package.dsv'
[2.181s] INFO:colcon.colcon_core.shell:Creating package script '/home/rhobtor/PHD/ARGOJ8_IA/ARGOSJ8_IA_/install/ublox_serialization/share/ublox_serialization/package.sh'
[2.182s] INFO:colcon.colcon_core.shell:Creating package script '/home/rhobtor/PHD/ARGOJ8_IA/ARGOSJ8_IA_/install/ublox_serialization/share/ublox_serialization/package.bash'
[2.182s] INFO:colcon.colcon_core.shell:Creating package script '/home/rhobtor/PHD/ARGOJ8_IA/ARGOSJ8_IA_/install/ublox_serialization/share/ublox_serialization/package.zsh'
[2.183s] Level 1:colcon.colcon_core.environment:create_file_with_runtime_dependencies(/home/rhobtor/PHD/ARGOJ8_IA/ARGOSJ8_IA_/install/ublox_serialization/share/colcon-core/packages/ublox_serialization)
[2.184s] Level 1:colcon.colcon_core.environment:create_environment_scripts_only(ublox_serialization)
[2.184s] Level 1:colcon.colcon_core.environment:checking '/home/rhobtor/PHD/ARGOJ8_IA/ARGOSJ8_IA_/install/ublox_serialization' for CMake module files
[2.184s] Level 1:colcon.colcon_core.environment:checking '/home/rhobtor/PHD/ARGOJ8_IA/ARGOSJ8_IA_/install/ublox_serialization' for CMake config files
[2.185s] Level 1:colcon.colcon_core.shell:create_environment_hook('ublox_serialization', 'cmake_prefix_path')
[2.185s] INFO:colcon.colcon_core.shell:Creating environment hook '/home/rhobtor/PHD/ARGOJ8_IA/ARGOSJ8_IA_/install/ublox_serialization/share/ublox_serialization/hook/cmake_prefix_path.ps1'
[2.185s] INFO:colcon.colcon_core.shell:Creating environment descriptor '/home/rhobtor/PHD/ARGOJ8_IA/ARGOSJ8_IA_/install/ublox_serialization/share/ublox_serialization/hook/cmake_prefix_path.dsv'
[2.186s] INFO:colcon.colcon_core.shell:Creating environment hook '/home/rhobtor/PHD/ARGOJ8_IA/ARGOSJ8_IA_/install/ublox_serialization/share/ublox_serialization/hook/cmake_prefix_path.sh'
[2.186s] Level 1:colcon.colcon_core.environment:checking '/home/rhobtor/PHD/ARGOJ8_IA/ARGOSJ8_IA_/install/ublox_serialization/bin'
[2.186s] Level 1:colcon.colcon_core.environment:checking '/home/rhobtor/PHD/ARGOJ8_IA/ARGOSJ8_IA_/install/ublox_serialization/lib/pkgconfig/ublox_serialization.pc'
[2.186s] Level 1:colcon.colcon_core.environment:checking '/home/rhobtor/PHD/ARGOJ8_IA/ARGOSJ8_IA_/install/ublox_serialization/lib/python3.10/site-packages'
[2.187s] Level 1:colcon.colcon_core.environment:checking '/home/rhobtor/PHD/ARGOJ8_IA/ARGOSJ8_IA_/install/ublox_serialization/bin'
[2.187s] INFO:colcon.colcon_core.shell:Creating package script '/home/rhobtor/PHD/ARGOJ8_IA/ARGOSJ8_IA_/install/ublox_serialization/share/ublox_serialization/package.ps1'
[2.187s] INFO:colcon.colcon_core.shell:Creating package descriptor '/home/rhobtor/PHD/ARGOJ8_IA/ARGOSJ8_IA_/install/ublox_serialization/share/ublox_serialization/package.dsv'
[2.188s] INFO:colcon.colcon_core.shell:Creating package script '/home/rhobtor/PHD/ARGOJ8_IA/ARGOSJ8_IA_/install/ublox_serialization/share/ublox_serialization/package.sh'
[2.188s] INFO:colcon.colcon_core.shell:Creating package script '/home/rhobtor/PHD/ARGOJ8_IA/ARGOSJ8_IA_/install/ublox_serialization/share/ublox_serialization/package.bash'
[2.189s] INFO:colcon.colcon_core.shell:Creating package script '/home/rhobtor/PHD/ARGOJ8_IA/ARGOSJ8_IA_/install/ublox_serialization/share/ublox_serialization/package.zsh'
[2.189s] Level 1:colcon.colcon_core.environment:create_file_with_runtime_dependencies(/home/rhobtor/PHD/ARGOJ8_IA/ARGOSJ8_IA_/install/ublox_serialization/share/colcon-core/packages/ublox_serialization)
[2.190s] Level 1:colcon.colcon_core.environment:create_environment_scripts_only(car_interfaces)
[2.190s] Level 1:colcon.colcon_core.environment:checking '/home/rhobtor/PHD/ARGOJ8_IA/ARGOSJ8_IA_/install/car_interfaces' for CMake module files
[2.191s] DEBUG:colcon.colcon_core.event_handler.log_command:Invoked command in '/home/rhobtor/PHD/ARGOJ8_IA/ARGOSJ8_IA_/build/car_interfaces' returned '0': CMAKE_PREFIX_PATH=${CMAKE_PREFIX_PATH}:/home/rhobtor/PHD/ARGOJ8_IA/ARGOSJ8_IA_/install/ntrip_client:/home/rhobtor/PHD/ARGOJ8_IA/ARGOSJ8_IA_/install/car:/home/rhobtor/PHD/ARGOJ8_IA/ARGOSJ8_IA_/install/android_ros2_server:/home/rhobtor/PHD/reactive/Reactive-Navegation/workspace_full_conected/install/car:/opt/ros/humble /opt/st/stm32cubeclt_1.18.0/CMake/bin/cmake --install /home/rhobtor/PHD/ARGOJ8_IA/ARGOSJ8_IA_/build/car_interfaces
[2.191s] Level 1:colcon.colcon_core.environment:checking '/home/rhobtor/PHD/ARGOJ8_IA/ARGOSJ8_IA_/install/car_interfaces' for CMake config files
[2.192s] Level 1:colcon.colcon_core.shell:create_environment_hook('car_interfaces', 'cmake_prefix_path')
[2.192s] INFO:colcon.colcon_core.shell:Creating environment hook '/home/rhobtor/PHD/ARGOJ8_IA/ARGOSJ8_IA_/install/car_interfaces/share/car_interfaces/hook/cmake_prefix_path.ps1'
[2.193s] INFO:colcon.colcon_core.shell:Creating environment descriptor '/home/rhobtor/PHD/ARGOJ8_IA/ARGOSJ8_IA_/install/car_interfaces/share/car_interfaces/hook/cmake_prefix_path.dsv'
[2.193s] INFO:colcon.colcon_core.shell:Creating environment hook '/home/rhobtor/PHD/ARGOJ8_IA/ARGOSJ8_IA_/install/car_interfaces/share/car_interfaces/hook/cmake_prefix_path.sh'
[2.194s] Level 1:colcon.colcon_core.environment:checking '/home/rhobtor/PHD/ARGOJ8_IA/ARGOSJ8_IA_/install/car_interfaces/lib'
[2.194s] Level 1:colcon.colcon_core.shell:create_environment_hook('car_interfaces', 'ld_library_path_lib')
[2.194s] INFO:colcon.colcon_core.shell:Creating environment hook '/home/rhobtor/PHD/ARGOJ8_IA/ARGOSJ8_IA_/install/car_interfaces/share/car_interfaces/hook/ld_library_path_lib.ps1'
[2.195s] INFO:colcon.colcon_core.shell:Creating environment descriptor '/home/rhobtor/PHD/ARGOJ8_IA/ARGOSJ8_IA_/install/car_interfaces/share/car_interfaces/hook/ld_library_path_lib.dsv'
[2.196s] INFO:colcon.colcon_core.shell:Creating environment hook '/home/rhobtor/PHD/ARGOJ8_IA/ARGOSJ8_IA_/install/car_interfaces/share/car_interfaces/hook/ld_library_path_lib.sh'
[2.198s] Level 1:colcon.colcon_core.environment:checking '/home/rhobtor/PHD/ARGOJ8_IA/ARGOSJ8_IA_/install/car_interfaces/bin'
[2.198s] Level 1:colcon.colcon_core.environment:checking '/home/rhobtor/PHD/ARGOJ8_IA/ARGOSJ8_IA_/install/car_interfaces/lib/pkgconfig/car_interfaces.pc'
[2.198s] Level 1:colcon.colcon_core.environment:checking '/home/rhobtor/PHD/ARGOJ8_IA/ARGOSJ8_IA_/install/car_interfaces/lib/python3.10/site-packages'
[2.199s] Level 1:colcon.colcon_core.environment:checking '/home/rhobtor/PHD/ARGOJ8_IA/ARGOSJ8_IA_/install/car_interfaces/bin'
[2.199s] INFO:colcon.colcon_core.shell:Creating package script '/home/rhobtor/PHD/ARGOJ8_IA/ARGOSJ8_IA_/install/car_interfaces/share/car_interfaces/package.ps1'
[2.200s] INFO:colcon.colcon_core.shell:Creating package descriptor '/home/rhobtor/PHD/ARGOJ8_IA/ARGOSJ8_IA_/install/car_interfaces/share/car_interfaces/package.dsv'
[2.200s] INFO:colcon.colcon_core.shell:Creating package script '/home/rhobtor/PHD/ARGOJ8_IA/ARGOSJ8_IA_/install/car_interfaces/share/car_interfaces/package.sh'
[2.200s] INFO:colcon.colcon_core.shell:Creating package script '/home/rhobtor/PHD/ARGOJ8_IA/ARGOSJ8_IA_/install/car_interfaces/share/car_interfaces/package.bash'
[2.201s] INFO:colcon.colcon_core.shell:Creating package script '/home/rhobtor/PHD/ARGOJ8_IA/ARGOSJ8_IA_/install/car_interfaces/share/car_interfaces/package.zsh'
[2.201s] Level 1:colcon.colcon_core.environment:create_file_with_runtime_dependencies(/home/rhobtor/PHD/ARGOJ8_IA/ARGOSJ8_IA_/install/car_interfaces/share/colcon-core/packages/car_interfaces)
[2.202s] Level 1:colcon.colcon_core.environment:create_environment_scripts_only(car_interfaces)
[2.202s] Level 1:colcon.colcon_core.environment:checking '/home/rhobtor/PHD/ARGOJ8_IA/ARGOSJ8_IA_/install/car_interfaces' for CMake module files
[2.202s] Level 1:colcon.colcon_core.environment:checking '/home/rhobtor/PHD/ARGOJ8_IA/ARGOSJ8_IA_/install/car_interfaces' for CMake config files
[2.203s] Level 1:colcon.colcon_core.shell:create_environment_hook('car_interfaces', 'cmake_prefix_path')
[2.203s] INFO:colcon.colcon_core.shell:Creating environment hook '/home/rhobtor/PHD/ARGOJ8_IA/ARGOSJ8_IA_/install/car_interfaces/share/car_interfaces/hook/cmake_prefix_path.ps1'
[2.203s] INFO:colcon.colcon_core.shell:Creating environment descriptor '/home/rhobtor/PHD/ARGOJ8_IA/ARGOSJ8_IA_/install/car_interfaces/share/car_interfaces/hook/cmake_prefix_path.dsv'
[2.204s] INFO:colcon.colcon_core.shell:Creating environment hook '/home/rhobtor/PHD/ARGOJ8_IA/ARGOSJ8_IA_/install/car_interfaces/share/car_interfaces/hook/cmake_prefix_path.sh'
[2.204s] Level 1:colcon.colcon_core.environment:checking '/home/rhobtor/PHD/ARGOJ8_IA/ARGOSJ8_IA_/install/car_interfaces/lib'
[2.204s] Level 1:colcon.colcon_core.shell:create_environment_hook('car_interfaces', 'ld_library_path_lib')
[2.205s] INFO:colcon.colcon_core.shell:Creating environment hook '/home/rhobtor/PHD/ARGOJ8_IA/ARGOSJ8_IA_/install/car_interfaces/share/car_interfaces/hook/ld_library_path_lib.ps1'
[2.205s] INFO:colcon.colcon_core.shell:Creating environment descriptor '/home/rhobtor/PHD/ARGOJ8_IA/ARGOSJ8_IA_/install/car_interfaces/share/car_interfaces/hook/ld_library_path_lib.dsv'
[2.205s] INFO:colcon.colcon_core.shell:Creating environment hook '/home/rhobtor/PHD/ARGOJ8_IA/ARGOSJ8_IA_/install/car_interfaces/share/car_interfaces/hook/ld_library_path_lib.sh'
[2.206s] Level 1:colcon.colcon_core.environment:checking '/home/rhobtor/PHD/ARGOJ8_IA/ARGOSJ8_IA_/install/car_interfaces/bin'
[2.206s] Level 1:colcon.colcon_core.environment:checking '/home/rhobtor/PHD/ARGOJ8_IA/ARGOSJ8_IA_/install/car_interfaces/lib/pkgconfig/car_interfaces.pc'
[2.206s] Level 1:colcon.colcon_core.environment:checking '/home/rhobtor/PHD/ARGOJ8_IA/ARGOSJ8_IA_/install/car_interfaces/lib/python3.10/site-packages'
[2.206s] Level 1:colcon.colcon_core.environment:checking '/home/rhobtor/PHD/ARGOJ8_IA/ARGOSJ8_IA_/install/car_interfaces/bin'
[2.206s] INFO:colcon.colcon_core.shell:Creating package script '/home/rhobtor/PHD/ARGOJ8_IA/ARGOSJ8_IA_/install/car_interfaces/share/car_interfaces/package.ps1'
[2.207s] INFO:colcon.colcon_core.shell:Creating package descriptor '/home/rhobtor/PHD/ARGOJ8_IA/ARGOSJ8_IA_/install/car_interfaces/share/car_interfaces/package.dsv'
[2.207s] INFO:colcon.colcon_core.shell:Creating package script '/home/rhobtor/PHD/ARGOJ8_IA/ARGOSJ8_IA_/install/car_interfaces/share/car_interfaces/package.sh'
[2.208s] INFO:colcon.colcon_core.shell:Creating package script '/home/rhobtor/PHD/ARGOJ8_IA/ARGOSJ8_IA_/install/car_interfaces/share/car_interfaces/package.bash'
[2.209s] INFO:colcon.colcon_core.shell:Creating package script '/home/rhobtor/PHD/ARGOJ8_IA/ARGOSJ8_IA_/install/car_interfaces/share/car_interfaces/package.zsh'
[2.209s] Level 1:colcon.colcon_core.environment:create_file_with_runtime_dependencies(/home/rhobtor/PHD/ARGOJ8_IA/ARGOSJ8_IA_/install/car_interfaces/share/colcon-core/packages/car_interfaces)
[2.209s] Level 1:colcon.colcon_core.environment:create_environment_scripts_only(argj801_setup)
[2.210s] Level 1:colcon.colcon_core.environment:checking '/home/rhobtor/PHD/ARGOJ8_IA/ARGOSJ8_IA_/install/argj801_setup' for CMake module files
[2.211s] Level 1:colcon.colcon_core.environment:checking '/home/rhobtor/PHD/ARGOJ8_IA/ARGOSJ8_IA_/install/argj801_setup' for CMake config files
[2.211s] DEBUG:colcon.colcon_core.event_handler.log_command:Invoked command in '/home/rhobtor/PHD/ARGOJ8_IA/ARGOSJ8_IA_/build/argj801_setup' returned '0': CMAKE_PREFIX_PATH=${CMAKE_PREFIX_PATH}:/home/rhobtor/PHD/ARGOJ8_IA/ARGOSJ8_IA_/install/ntrip_client:/home/rhobtor/PHD/ARGOJ8_IA/ARGOSJ8_IA_/install/car:/home/rhobtor/PHD/ARGOJ8_IA/ARGOSJ8_IA_/install/android_ros2_server:/home/rhobtor/PHD/reactive/Reactive-Navegation/workspace_full_conected/install/car:/opt/ros/humble /opt/st/stm32cubeclt_1.18.0/CMake/bin/cmake --install /home/rhobtor/PHD/ARGOJ8_IA/ARGOSJ8_IA_/build/argj801_setup
[2.211s] Level 1:colcon.colcon_core.shell:create_environment_hook('argj801_setup', 'cmake_prefix_path')
[2.212s] INFO:colcon.colcon_core.shell:Creating environment hook '/home/rhobtor/PHD/ARGOJ8_IA/ARGOSJ8_IA_/install/argj801_setup/share/argj801_setup/hook/cmake_prefix_path.ps1'
[2.212s] INFO:colcon.colcon_core.shell:Creating environment descriptor '/home/rhobtor/PHD/ARGOJ8_IA/ARGOSJ8_IA_/install/argj801_setup/share/argj801_setup/hook/cmake_prefix_path.dsv'
[2.213s] INFO:colcon.colcon_core.shell:Creating environment hook '/home/rhobtor/PHD/ARGOJ8_IA/ARGOSJ8_IA_/install/argj801_setup/share/argj801_setup/hook/cmake_prefix_path.sh'
[2.213s] Level 1:colcon.colcon_core.environment:checking '/home/rhobtor/PHD/ARGOJ8_IA/ARGOSJ8_IA_/install/argj801_setup/bin'
[2.214s] Level 1:colcon.colcon_core.environment:checking '/home/rhobtor/PHD/ARGOJ8_IA/ARGOSJ8_IA_/install/argj801_setup/lib/pkgconfig/argj801_setup.pc'
[2.214s] Level 1:colcon.colcon_core.environment:checking '/home/rhobtor/PHD/ARGOJ8_IA/ARGOSJ8_IA_/install/argj801_setup/lib/python3.10/site-packages'
[2.214s] Level 1:colcon.colcon_core.environment:checking '/home/rhobtor/PHD/ARGOJ8_IA/ARGOSJ8_IA_/install/argj801_setup/bin'
[2.215s] INFO:colcon.colcon_core.shell:Creating package script '/home/rhobtor/PHD/ARGOJ8_IA/ARGOSJ8_IA_/install/argj801_setup/share/argj801_setup/package.ps1'
[2.215s] INFO:colcon.colcon_core.shell:Creating package descriptor '/home/rhobtor/PHD/ARGOJ8_IA/ARGOSJ8_IA_/install/argj801_setup/share/argj801_setup/package.dsv'
[2.216s] INFO:colcon.colcon_core.shell:Creating package script '/home/rhobtor/PHD/ARGOJ8_IA/ARGOSJ8_IA_/install/argj801_setup/share/argj801_setup/package.sh'
[2.217s] INFO:colcon.colcon_core.shell:Creating package script '/home/rhobtor/PHD/ARGOJ8_IA/ARGOSJ8_IA_/install/argj801_setup/share/argj801_setup/package.bash'
[2.217s] INFO:colcon.colcon_core.shell:Creating package script '/home/rhobtor/PHD/ARGOJ8_IA/ARGOSJ8_IA_/install/argj801_setup/share/argj801_setup/package.zsh'
[2.218s] Level 1:colcon.colcon_core.environment:create_file_with_runtime_dependencies(/home/rhobtor/PHD/ARGOJ8_IA/ARGOSJ8_IA_/install/argj801_setup/share/colcon-core/packages/argj801_setup)
[2.218s] Level 1:colcon.colcon_core.environment:create_environment_scripts_only(argj801_setup)
[2.219s] Level 1:colcon.colcon_core.environment:checking '/home/rhobtor/PHD/ARGOJ8_IA/ARGOSJ8_IA_/install/argj801_setup' for CMake module files
[2.219s] Level 1:colcon.colcon_core.environment:checking '/home/rhobtor/PHD/ARGOJ8_IA/ARGOSJ8_IA_/install/argj801_setup' for CMake config files
[2.219s] Level 1:colcon.colcon_core.shell:create_environment_hook('argj801_setup', 'cmake_prefix_path')
[2.220s] INFO:colcon.colcon_core.shell:Creating environment hook '/home/rhobtor/PHD/ARGOJ8_IA/ARGOSJ8_IA_/install/argj801_setup/share/argj801_setup/hook/cmake_prefix_path.ps1'
[2.220s] INFO:colcon.colcon_core.shell:Creating environment descriptor '/home/rhobtor/PHD/ARGOJ8_IA/ARGOSJ8_IA_/install/argj801_setup/share/argj801_setup/hook/cmake_prefix_path.dsv'
[2.221s] INFO:colcon.colcon_core.shell:Creating environment hook '/home/rhobtor/PHD/ARGOJ8_IA/ARGOSJ8_IA_/install/argj801_setup/share/argj801_setup/hook/cmake_prefix_path.sh'
[2.222s] Level 1:colcon.colcon_core.environment:checking '/home/rhobtor/PHD/ARGOJ8_IA/ARGOSJ8_IA_/install/argj801_setup/bin'
[2.222s] Level 1:colcon.colcon_core.environment:checking '/home/rhobtor/PHD/ARGOJ8_IA/ARGOSJ8_IA_/install/argj801_setup/lib/pkgconfig/argj801_setup.pc'
[2.222s] Level 1:colcon.colcon_core.environment:checking '/home/rhobtor/PHD/ARGOJ8_IA/ARGOSJ8_IA_/install/argj801_setup/lib/python3.10/site-packages'
[2.223s] Level 1:colcon.colcon_core.environment:checking '/home/rhobtor/PHD/ARGOJ8_IA/ARGOSJ8_IA_/install/argj801_setup/bin'
[2.223s] INFO:colcon.colcon_core.shell:Creating package script '/home/rhobtor/PHD/ARGOJ8_IA/ARGOSJ8_IA_/install/argj801_setup/share/argj801_setup/package.ps1'
[2.224s] INFO:colcon.colcon_core.shell:Creating package descriptor '/home/rhobtor/PHD/ARGOJ8_IA/ARGOSJ8_IA_/install/argj801_setup/share/argj801_setup/package.dsv'
[2.227s] INFO:colcon.colcon_core.shell:Creating package script '/home/rhobtor/PHD/ARGOJ8_IA/ARGOSJ8_IA_/install/argj801_setup/share/argj801_setup/package.sh'
[2.231s] INFO:colcon.colcon_core.shell:Creating package script '/home/rhobtor/PHD/ARGOJ8_IA/ARGOSJ8_IA_/install/argj801_setup/share/argj801_setup/package.bash'
[2.240s] INFO:colcon.colcon_core.shell:Creating package script '/home/rhobtor/PHD/ARGOJ8_IA/ARGOSJ8_IA_/install/argj801_setup/share/argj801_setup/package.zsh'
[2.248s] Level 1:colcon.colcon_core.environment:create_file_with_runtime_dependencies(/home/rhobtor/PHD/ARGOJ8_IA/ARGOSJ8_IA_/install/argj801_setup/share/colcon-core/packages/argj801_setup)
[2.250s] INFO:colcon.colcon_ros.task.ament_cmake.build:Building ROS package in '/home/rhobtor/PHD/ARGOJ8_IA/ARGOSJ8_IA_/src/argo_drivers_pkgs/ublox/ublox_msgs' with build type 'ament_cmake'
[2.250s] INFO:colcon.colcon_cmake.task.cmake.build:Building CMake package in '/home/rhobtor/PHD/ARGOJ8_IA/ARGOSJ8_IA_/src/argo_drivers_pkgs/ublox/ublox_msgs'
[2.250s] INFO:colcon.colcon_core.shell:Skip shell extension 'powershell' for command environment: Not usable outside of PowerShell
[2.251s] DEBUG:colcon.colcon_core.shell:Skip shell extension 'dsv' for command environment
[2.326s] INFO:colcon.colcon_ros.task.cmake.build:Building ROS package in '/home/rhobtor/PHD/ARGOJ8_IA/ARGOSJ8_IA_/src/argo_drivers_pkgs/Fixposition_driver_pkg/fixposition_driver-main/fixposition_driver_lib' with build type 'cmake'
[2.327s] INFO:colcon.colcon_cmake.task.cmake.build:Building CMake package in '/home/rhobtor/PHD/ARGOJ8_IA/ARGOSJ8_IA_/src/argo_drivers_pkgs/Fixposition_driver_pkg/fixposition_driver-main/fixposition_driver_lib'
[2.327s] INFO:colcon.colcon_core.shell:Skip shell extension 'powershell' for command environment: Not usable outside of PowerShell
[2.327s] DEBUG:colcon.colcon_core.shell:Skip shell extension 'dsv' for command environment
[2.344s] INFO:colcon.colcon_ros.task.ament_cmake.build:Building ROS package in '/home/rhobtor/PHD/ARGOJ8_IA/ARGOSJ8_IA_/src/plugin_rviz' with build type 'ament_cmake'
[2.345s] INFO:colcon.colcon_cmake.task.cmake.build:Building CMake package in '/home/rhobtor/PHD/ARGOJ8_IA/ARGOSJ8_IA_/src/plugin_rviz'
[2.345s] INFO:colcon.colcon_core.shell:Skip shell extension 'powershell' for command environment: Not usable outside of PowerShell
[2.345s] DEBUG:colcon.colcon_core.shell:Skip shell extension 'dsv' for command environment
[2.374s] INFO:colcon.colcon_ros.task.ament_cmake.build:Building ROS package in '/home/rhobtor/PHD/ARGOJ8_IA/ARGOSJ8_IA_/src/j8_joystick/spacenav' with build type 'ament_cmake'
[2.375s] INFO:colcon.colcon_cmake.task.cmake.build:Building CMake package in '/home/rhobtor/PHD/ARGOJ8_IA/ARGOSJ8_IA_/src/j8_joystick/spacenav'
[2.375s] INFO:colcon.colcon_core.shell:Skip shell extension 'powershell' for command environment: Not usable outside of PowerShell
[2.375s] DEBUG:colcon.colcon_core.shell:Skip shell extension 'dsv' for command environment
[2.423s] INFO:colcon.colcon_ros.task.ament_cmake.build:Building ROS package in '/home/rhobtor/PHD/ARGOJ8_IA/ARGOSJ8_IA_/src/j8_joystick/wiimote_msgs' with build type 'ament_cmake'
[2.423s] INFO:colcon.colcon_cmake.task.cmake.build:Building CMake package in '/home/rhobtor/PHD/ARGOJ8_IA/ARGOSJ8_IA_/src/j8_joystick/wiimote_msgs'
[2.423s] INFO:colcon.colcon_core.shell:Skip shell extension 'powershell' for command environment: Not usable outside of PowerShell
[2.423s] DEBUG:colcon.colcon_core.shell:Skip shell extension 'dsv' for command environment
[2.435s] DEBUG:colcon.colcon_core.event_handler.log_command:Invoked command in '/home/rhobtor/PHD/ARGOJ8_IA/ARGOSJ8_IA_/build/ctl_mission_interfaces' returned '0': CMAKE_PREFIX_PATH=${CMAKE_PREFIX_PATH}:/home/rhobtor/PHD/ARGOJ8_IA/ARGOSJ8_IA_/install/ntrip_client:/home/rhobtor/PHD/ARGOJ8_IA/ARGOSJ8_IA_/install/car:/home/rhobtor/PHD/ARGOJ8_IA/ARGOSJ8_IA_/install/android_ros2_server:/home/rhobtor/PHD/reactive/Reactive-Navegation/workspace_full_conected/install/car:/opt/ros/humble /opt/st/stm32cubeclt_1.18.0/CMake/bin/cmake --build /home/rhobtor/PHD/ARGOJ8_IA/ARGOSJ8_IA_/build/ctl_mission_interfaces -- -j16 -l16
[2.438s] DEBUG:colcon.colcon_core.event_handler.log_command:Invoking command in '/home/rhobtor/PHD/ARGOJ8_IA/ARGOSJ8_IA_/build/ctl_mission_interfaces': CMAKE_PREFIX_PATH=${CMAKE_PREFIX_PATH}:/home/rhobtor/PHD/ARGOJ8_IA/ARGOSJ8_IA_/install/ntrip_client:/home/rhobtor/PHD/ARGOJ8_IA/ARGOSJ8_IA_/install/car:/home/rhobtor/PHD/ARGOJ8_IA/ARGOSJ8_IA_/install/android_ros2_server:/home/rhobtor/PHD/reactive/Reactive-Navegation/workspace_full_conected/install/car:/opt/ros/humble /opt/st/stm32cubeclt_1.18.0/CMake/bin/cmake --install /home/rhobtor/PHD/ARGOJ8_IA/ARGOSJ8_IA_/build/ctl_mission_interfaces
[2.438s] Level 1:colcon.colcon_core.environment:create_environment_scripts_only(security_check_interfaces)
[2.439s] Level 1:colcon.colcon_core.environment:checking '/home/rhobtor/PHD/ARGOJ8_IA/ARGOSJ8_IA_/install/security_check_interfaces' for CMake module files
[2.440s] DEBUG:colcon.colcon_core.event_handler.log_command:Invoked command in '/home/rhobtor/PHD/ARGOJ8_IA/ARGOSJ8_IA_/build/security_check_interfaces' returned '0': CMAKE_PREFIX_PATH=${CMAKE_PREFIX_PATH}:/home/rhobtor/PHD/ARGOJ8_IA/ARGOSJ8_IA_/install/ntrip_client:/home/rhobtor/PHD/ARGOJ8_IA/ARGOSJ8_IA_/install/car:/home/rhobtor/PHD/ARGOJ8_IA/ARGOSJ8_IA_/install/android_ros2_server:/home/rhobtor/PHD/reactive/Reactive-Navegation/workspace_full_conected/install/car:/opt/ros/humble /opt/st/stm32cubeclt_1.18.0/CMake/bin/cmake --install /home/rhobtor/PHD/ARGOJ8_IA/ARGOSJ8_IA_/build/security_check_interfaces
[2.440s] Level 1:colcon.colcon_core.environment:checking '/home/rhobtor/PHD/ARGOJ8_IA/ARGOSJ8_IA_/install/security_check_interfaces' for CMake config files
[2.441s] Level 1:colcon.colcon_core.shell:create_environment_hook('security_check_interfaces', 'cmake_prefix_path')
[2.441s] INFO:colcon.colcon_core.shell:Creating environment hook '/home/rhobtor/PHD/ARGOJ8_IA/ARGOSJ8_IA_/install/security_check_interfaces/share/security_check_interfaces/hook/cmake_prefix_path.ps1'
[2.442s] INFO:colcon.colcon_core.shell:Creating environment descriptor '/home/rhobtor/PHD/ARGOJ8_IA/ARGOSJ8_IA_/install/security_check_interfaces/share/security_check_interfaces/hook/cmake_prefix_path.dsv'
[2.442s] INFO:colcon.colcon_core.shell:Creating environment hook '/home/rhobtor/PHD/ARGOJ8_IA/ARGOSJ8_IA_/install/security_check_interfaces/share/security_check_interfaces/hook/cmake_prefix_path.sh'
[2.443s] Level 1:colcon.colcon_core.environment:checking '/home/rhobtor/PHD/ARGOJ8_IA/ARGOSJ8_IA_/install/security_check_interfaces/lib'
[2.443s] Level 1:colcon.colcon_core.shell:create_environment_hook('security_check_interfaces', 'ld_library_path_lib')
[2.443s] INFO:colcon.colcon_core.shell:Creating environment hook '/home/rhobtor/PHD/ARGOJ8_IA/ARGOSJ8_IA_/install/security_check_interfaces/share/security_check_interfaces/hook/ld_library_path_lib.ps1'
[2.444s] INFO:colcon.colcon_core.shell:Creating environment descriptor '/home/rhobtor/PHD/ARGOJ8_IA/ARGOSJ8_IA_/install/security_check_interfaces/share/security_check_interfaces/hook/ld_library_path_lib.dsv'
[2.444s] INFO:colcon.colcon_core.shell:Creating environment hook '/home/rhobtor/PHD/ARGOJ8_IA/ARGOSJ8_IA_/install/security_check_interfaces/share/security_check_interfaces/hook/ld_library_path_lib.sh'
[2.444s] Level 1:colcon.colcon_core.environment:checking '/home/rhobtor/PHD/ARGOJ8_IA/ARGOSJ8_IA_/install/security_check_interfaces/bin'
[2.445s] Level 1:colcon.colcon_core.environment:checking '/home/rhobtor/PHD/ARGOJ8_IA/ARGOSJ8_IA_/install/security_check_interfaces/lib/pkgconfig/security_check_interfaces.pc'
[2.445s] Level 1:colcon.colcon_core.environment:checking '/home/rhobtor/PHD/ARGOJ8_IA/ARGOSJ8_IA_/install/security_check_interfaces/lib/python3.10/site-packages'
[2.445s] Level 1:colcon.colcon_core.environment:checking '/home/rhobtor/PHD/ARGOJ8_IA/ARGOSJ8_IA_/install/security_check_interfaces/bin'
[2.446s] INFO:colcon.colcon_core.shell:Creating package script '/home/rhobtor/PHD/ARGOJ8_IA/ARGOSJ8_IA_/install/security_check_interfaces/share/security_check_interfaces/package.ps1'
[2.446s] INFO:colcon.colcon_core.shell:Creating package descriptor '/home/rhobtor/PHD/ARGOJ8_IA/ARGOSJ8_IA_/install/security_check_interfaces/share/security_check_interfaces/package.dsv'
[2.447s] INFO:colcon.colcon_core.shell:Creating package script '/home/rhobtor/PHD/ARGOJ8_IA/ARGOSJ8_IA_/install/security_check_interfaces/share/security_check_interfaces/package.sh'
[2.447s] INFO:colcon.colcon_core.shell:Creating package script '/home/rhobtor/PHD/ARGOJ8_IA/ARGOSJ8_IA_/install/security_check_interfaces/share/security_check_interfaces/package.bash'
[2.448s] INFO:colcon.colcon_core.shell:Creating package script '/home/rhobtor/PHD/ARGOJ8_IA/ARGOSJ8_IA_/install/security_check_interfaces/share/security_check_interfaces/package.zsh'
[2.448s] Level 1:colcon.colcon_core.environment:create_file_with_runtime_dependencies(/home/rhobtor/PHD/ARGOJ8_IA/ARGOSJ8_IA_/install/security_check_interfaces/share/colcon-core/packages/security_check_interfaces)
[2.449s] Level 1:colcon.colcon_core.environment:create_environment_scripts_only(security_check_interfaces)
[2.449s] Level 1:colcon.colcon_core.environment:checking '/home/rhobtor/PHD/ARGOJ8_IA/ARGOSJ8_IA_/install/security_check_interfaces' for CMake module files
[2.450s] Level 1:colcon.colcon_core.environment:checking '/home/rhobtor/PHD/ARGOJ8_IA/ARGOSJ8_IA_/install/security_check_interfaces' for CMake config files
[2.450s] Level 1:colcon.colcon_core.shell:create_environment_hook('security_check_interfaces', 'cmake_prefix_path')
[2.451s] INFO:colcon.colcon_core.shell:Creating environment hook '/home/rhobtor/PHD/ARGOJ8_IA/ARGOSJ8_IA_/install/security_check_interfaces/share/security_check_interfaces/hook/cmake_prefix_path.ps1'
[2.451s] INFO:colcon.colcon_core.shell:Creating environment descriptor '/home/rhobtor/PHD/ARGOJ8_IA/ARGOSJ8_IA_/install/security_check_interfaces/share/security_check_interfaces/hook/cmake_prefix_path.dsv'
[2.451s] INFO:colcon.colcon_core.shell:Creating environment hook '/home/rhobtor/PHD/ARGOJ8_IA/ARGOSJ8_IA_/install/security_check_interfaces/share/security_check_interfaces/hook/cmake_prefix_path.sh'
[2.452s] Level 1:colcon.colcon_core.environment:checking '/home/rhobtor/PHD/ARGOJ8_IA/ARGOSJ8_IA_/install/security_check_interfaces/lib'
[2.452s] Level 1:colcon.colcon_core.shell:create_environment_hook('security_check_interfaces', 'ld_library_path_lib')
[2.452s] INFO:colcon.colcon_core.shell:Creating environment hook '/home/rhobtor/PHD/ARGOJ8_IA/ARGOSJ8_IA_/install/security_check_interfaces/share/security_check_interfaces/hook/ld_library_path_lib.ps1'
[2.453s] INFO:colcon.colcon_core.shell:Creating environment descriptor '/home/rhobtor/PHD/ARGOJ8_IA/ARGOSJ8_IA_/install/security_check_interfaces/share/security_check_interfaces/hook/ld_library_path_lib.dsv'
[2.453s] INFO:colcon.colcon_core.shell:Creating environment hook '/home/rhobtor/PHD/ARGOJ8_IA/ARGOSJ8_IA_/install/security_check_interfaces/share/security_check_interfaces/hook/ld_library_path_lib.sh'
[2.454s] Level 1:colcon.colcon_core.environment:checking '/home/rhobtor/PHD/ARGOJ8_IA/ARGOSJ8_IA_/install/security_check_interfaces/bin'
[2.454s] Level 1:colcon.colcon_core.environment:checking '/home/rhobtor/PHD/ARGOJ8_IA/ARGOSJ8_IA_/install/security_check_interfaces/lib/pkgconfig/security_check_interfaces.pc'
[2.454s] Level 1:colcon.colcon_core.environment:checking '/home/rhobtor/PHD/ARGOJ8_IA/ARGOSJ8_IA_/install/security_check_interfaces/lib/python3.10/site-packages'
[2.454s] Level 1:colcon.colcon_core.environment:checking '/home/rhobtor/PHD/ARGOJ8_IA/ARGOSJ8_IA_/install/security_check_interfaces/bin'
[2.455s] INFO:colcon.colcon_core.shell:Creating package script '/home/rhobtor/PHD/ARGOJ8_IA/ARGOSJ8_IA_/install/security_check_interfaces/share/security_check_interfaces/package.ps1'
[2.456s] INFO:colcon.colcon_core.shell:Creating package descriptor '/home/rhobtor/PHD/ARGOJ8_IA/ARGOSJ8_IA_/install/security_check_interfaces/share/security_check_interfaces/package.dsv'
[2.456s] INFO:colcon.colcon_core.shell:Creating package script '/home/rhobtor/PHD/ARGOJ8_IA/ARGOSJ8_IA_/install/security_check_interfaces/share/security_check_interfaces/package.sh'
[2.457s] INFO:colcon.colcon_core.shell:Creating package script '/home/rhobtor/PHD/ARGOJ8_IA/ARGOSJ8_IA_/install/security_check_interfaces/share/security_check_interfaces/package.bash'
[2.457s] INFO:colcon.colcon_core.shell:Creating package script '/home/rhobtor/PHD/ARGOJ8_IA/ARGOSJ8_IA_/install/security_check_interfaces/share/security_check_interfaces/package.zsh'
[2.458s] Level 1:colcon.colcon_core.environment:create_file_with_runtime_dependencies(/home/rhobtor/PHD/ARGOJ8_IA/ARGOSJ8_IA_/install/security_check_interfaces/share/colcon-core/packages/security_check_interfaces)
[2.458s] Level 1:colcon.colcon_core.environment:create_environment_scripts_only(fixposition_sensor_pkg)
[2.458s] Level 1:colcon.colcon_core.environment:checking '/home/rhobtor/PHD/ARGOJ8_IA/ARGOSJ8_IA_/install/fixposition_sensor_pkg' for CMake module files
[2.459s] Level 1:colcon.colcon_core.environment:checking '/home/rhobtor/PHD/ARGOJ8_IA/ARGOSJ8_IA_/install/fixposition_sensor_pkg' for CMake config files
[2.460s] DEBUG:colcon.colcon_core.event_handler.log_command:Invoked command in '/home/rhobtor/PHD/ARGOJ8_IA/ARGOSJ8_IA_/build/fixposition_sensor_pkg' returned '0': CMAKE_PREFIX_PATH=${CMAKE_PREFIX_PATH}:/home/rhobtor/PHD/ARGOJ8_IA/ARGOSJ8_IA_/install/ntrip_client:/home/rhobtor/PHD/ARGOJ8_IA/ARGOSJ8_IA_/install/car:/home/rhobtor/PHD/ARGOJ8_IA/ARGOSJ8_IA_/install/android_ros2_server:/home/rhobtor/PHD/reactive/Reactive-Navegation/workspace_full_conected/install/car:/opt/ros/humble /opt/st/stm32cubeclt_1.18.0/CMake/bin/cmake --install /home/rhobtor/PHD/ARGOJ8_IA/ARGOSJ8_IA_/build/fixposition_sensor_pkg
[2.460s] Level 1:colcon.colcon_core.shell:create_environment_hook('fixposition_sensor_pkg', 'cmake_prefix_path')
[2.461s] INFO:colcon.colcon_core.shell:Creating environment hook '/home/rhobtor/PHD/ARGOJ8_IA/ARGOSJ8_IA_/install/fixposition_sensor_pkg/share/fixposition_sensor_pkg/hook/cmake_prefix_path.ps1'
[2.461s] INFO:colcon.colcon_core.shell:Creating environment descriptor '/home/rhobtor/PHD/ARGOJ8_IA/ARGOSJ8_IA_/install/fixposition_sensor_pkg/share/fixposition_sensor_pkg/hook/cmake_prefix_path.dsv'
[2.462s] INFO:colcon.colcon_core.shell:Creating environment hook '/home/rhobtor/PHD/ARGOJ8_IA/ARGOSJ8_IA_/install/fixposition_sensor_pkg/share/fixposition_sensor_pkg/hook/cmake_prefix_path.sh'
[2.462s] Level 1:colcon.colcon_core.environment:checking '/home/rhobtor/PHD/ARGOJ8_IA/ARGOSJ8_IA_/install/fixposition_sensor_pkg/lib'
[2.462s] Level 1:colcon.colcon_core.shell:create_environment_hook('fixposition_sensor_pkg', 'ld_library_path_lib')
[2.463s] INFO:colcon.colcon_core.shell:Creating environment hook '/home/rhobtor/PHD/ARGOJ8_IA/ARGOSJ8_IA_/install/fixposition_sensor_pkg/share/fixposition_sensor_pkg/hook/ld_library_path_lib.ps1'
[2.463s] INFO:colcon.colcon_core.shell:Creating environment descriptor '/home/rhobtor/PHD/ARGOJ8_IA/ARGOSJ8_IA_/install/fixposition_sensor_pkg/share/fixposition_sensor_pkg/hook/ld_library_path_lib.dsv'
[2.463s] INFO:colcon.colcon_core.shell:Creating environment hook '/home/rhobtor/PHD/ARGOJ8_IA/ARGOSJ8_IA_/install/fixposition_sensor_pkg/share/fixposition_sensor_pkg/hook/ld_library_path_lib.sh'
[2.464s] Level 1:colcon.colcon_core.environment:checking '/home/rhobtor/PHD/ARGOJ8_IA/ARGOSJ8_IA_/install/fixposition_sensor_pkg/bin'
[2.465s] Level 1:colcon.colcon_core.environment:checking '/home/rhobtor/PHD/ARGOJ8_IA/ARGOSJ8_IA_/install/fixposition_sensor_pkg/lib/pkgconfig/fixposition_sensor_pkg.pc'
[2.466s] Level 1:colcon.colcon_core.environment:checking '/home/rhobtor/PHD/ARGOJ8_IA/ARGOSJ8_IA_/install/fixposition_sensor_pkg/lib/python3.10/site-packages'
[2.468s] Level 1:colcon.colcon_core.environment:checking '/home/rhobtor/PHD/ARGOJ8_IA/ARGOSJ8_IA_/install/fixposition_sensor_pkg/bin'
[2.471s] INFO:colcon.colcon_core.shell:Creating package script '/home/rhobtor/PHD/ARGOJ8_IA/ARGOSJ8_IA_/install/fixposition_sensor_pkg/share/fixposition_sensor_pkg/package.ps1'
[2.475s] INFO:colcon.colcon_core.shell:Creating package descriptor '/home/rhobtor/PHD/ARGOJ8_IA/ARGOSJ8_IA_/install/fixposition_sensor_pkg/share/fixposition_sensor_pkg/package.dsv'
[2.479s] INFO:colcon.colcon_core.shell:Creating package script '/home/rhobtor/PHD/ARGOJ8_IA/ARGOSJ8_IA_/install/fixposition_sensor_pkg/share/fixposition_sensor_pkg/package.sh'
[2.483s] INFO:colcon.colcon_core.shell:Creating package script '/home/rhobtor/PHD/ARGOJ8_IA/ARGOSJ8_IA_/install/fixposition_sensor_pkg/share/fixposition_sensor_pkg/package.bash'
[2.483s] INFO:colcon.colcon_core.shell:Creating package script '/home/rhobtor/PHD/ARGOJ8_IA/ARGOSJ8_IA_/install/fixposition_sensor_pkg/share/fixposition_sensor_pkg/package.zsh'
[2.484s] Level 1:colcon.colcon_core.environment:create_file_with_runtime_dependencies(/home/rhobtor/PHD/ARGOJ8_IA/ARGOSJ8_IA_/install/fixposition_sensor_pkg/share/colcon-core/packages/fixposition_sensor_pkg)
[2.484s] Level 1:colcon.colcon_core.environment:create_environment_scripts_only(fixposition_sensor_pkg)
[2.484s] Level 1:colcon.colcon_core.environment:checking '/home/rhobtor/PHD/ARGOJ8_IA/ARGOSJ8_IA_/install/fixposition_sensor_pkg' for CMake module files
[2.485s] Level 1:colcon.colcon_core.environment:checking '/home/rhobtor/PHD/ARGOJ8_IA/ARGOSJ8_IA_/install/fixposition_sensor_pkg' for CMake config files
[2.485s] Level 1:colcon.colcon_core.shell:create_environment_hook('fixposition_sensor_pkg', 'cmake_prefix_path')
[2.485s] INFO:colcon.colcon_core.shell:Creating environment hook '/home/rhobtor/PHD/ARGOJ8_IA/ARGOSJ8_IA_/install/fixposition_sensor_pkg/share/fixposition_sensor_pkg/hook/cmake_prefix_path.ps1'
[2.486s] INFO:colcon.colcon_core.shell:Creating environment descriptor '/home/rhobtor/PHD/ARGOJ8_IA/ARGOSJ8_IA_/install/fixposition_sensor_pkg/share/fixposition_sensor_pkg/hook/cmake_prefix_path.dsv'
[2.486s] INFO:colcon.colcon_core.shell:Creating environment hook '/home/rhobtor/PHD/ARGOJ8_IA/ARGOSJ8_IA_/install/fixposition_sensor_pkg/share/fixposition_sensor_pkg/hook/cmake_prefix_path.sh'
[2.487s] Level 1:colcon.colcon_core.environment:checking '/home/rhobtor/PHD/ARGOJ8_IA/ARGOSJ8_IA_/install/fixposition_sensor_pkg/lib'
[2.487s] Level 1:colcon.colcon_core.shell:create_environment_hook('fixposition_sensor_pkg', 'ld_library_path_lib')
[2.487s] INFO:colcon.colcon_core.shell:Creating environment hook '/home/rhobtor/PHD/ARGOJ8_IA/ARGOSJ8_IA_/install/fixposition_sensor_pkg/share/fixposition_sensor_pkg/hook/ld_library_path_lib.ps1'
[2.488s] INFO:colcon.colcon_core.shell:Creating environment descriptor '/home/rhobtor/PHD/ARGOJ8_IA/ARGOSJ8_IA_/install/fixposition_sensor_pkg/share/fixposition_sensor_pkg/hook/ld_library_path_lib.dsv'
[2.488s] INFO:colcon.colcon_core.shell:Creating environment hook '/home/rhobtor/PHD/ARGOJ8_IA/ARGOSJ8_IA_/install/fixposition_sensor_pkg/share/fixposition_sensor_pkg/hook/ld_library_path_lib.sh'
[2.488s] Level 1:colcon.colcon_core.environment:checking '/home/rhobtor/PHD/ARGOJ8_IA/ARGOSJ8_IA_/install/fixposition_sensor_pkg/bin'
[2.488s] Level 1:colcon.colcon_core.environment:checking '/home/rhobtor/PHD/ARGOJ8_IA/ARGOSJ8_IA_/install/fixposition_sensor_pkg/lib/pkgconfig/fixposition_sensor_pkg.pc'
[2.488s] Level 1:colcon.colcon_core.environment:checking '/home/rhobtor/PHD/ARGOJ8_IA/ARGOSJ8_IA_/install/fixposition_sensor_pkg/lib/python3.10/site-packages'
[2.489s] Level 1:colcon.colcon_core.environment:checking '/home/rhobtor/PHD/ARGOJ8_IA/ARGOSJ8_IA_/install/fixposition_sensor_pkg/bin'
[2.489s] INFO:colcon.colcon_core.shell:Creating package script '/home/rhobtor/PHD/ARGOJ8_IA/ARGOSJ8_IA_/install/fixposition_sensor_pkg/share/fixposition_sensor_pkg/package.ps1'
[2.490s] INFO:colcon.colcon_core.shell:Creating package descriptor '/home/rhobtor/PHD/ARGOJ8_IA/ARGOSJ8_IA_/install/fixposition_sensor_pkg/share/fixposition_sensor_pkg/package.dsv'
[2.490s] INFO:colcon.colcon_core.shell:Creating package script '/home/rhobtor/PHD/ARGOJ8_IA/ARGOSJ8_IA_/install/fixposition_sensor_pkg/share/fixposition_sensor_pkg/package.sh'
[2.491s] INFO:colcon.colcon_core.shell:Creating package script '/home/rhobtor/PHD/ARGOJ8_IA/ARGOSJ8_IA_/install/fixposition_sensor_pkg/share/fixposition_sensor_pkg/package.bash'
[2.491s] INFO:colcon.colcon_core.shell:Creating package script '/home/rhobtor/PHD/ARGOJ8_IA/ARGOSJ8_IA_/install/fixposition_sensor_pkg/share/fixposition_sensor_pkg/package.zsh'
[2.491s] Level 1:colcon.colcon_core.environment:create_file_with_runtime_dependencies(/home/rhobtor/PHD/ARGOJ8_IA/ARGOSJ8_IA_/install/fixposition_sensor_pkg/share/colcon-core/packages/fixposition_sensor_pkg)
[2.492s] Level 1:colcon.colcon_core.environment:create_environment_scripts_only(argj801_sensors_msgs)
[2.492s] Level 1:colcon.colcon_core.environment:checking '/home/rhobtor/PHD/ARGOJ8_IA/ARGOSJ8_IA_/install/argj801_sensors_msgs' for CMake module files
[2.495s] DEBUG:colcon.colcon_core.event_handler.log_command:Invoked command in '/home/rhobtor/PHD/ARGOJ8_IA/ARGOSJ8_IA_/build/argj801_sensors_msgs' returned '0': CMAKE_PREFIX_PATH=${CMAKE_PREFIX_PATH}:/home/rhobtor/PHD/ARGOJ8_IA/ARGOSJ8_IA_/install/ntrip_client:/home/rhobtor/PHD/ARGOJ8_IA/ARGOSJ8_IA_/install/car:/home/rhobtor/PHD/ARGOJ8_IA/ARGOSJ8_IA_/install/android_ros2_server:/home/rhobtor/PHD/reactive/Reactive-Navegation/workspace_full_conected/install/car:/opt/ros/humble /opt/st/stm32cubeclt_1.18.0/CMake/bin/cmake --install /home/rhobtor/PHD/ARGOJ8_IA/ARGOSJ8_IA_/build/argj801_sensors_msgs
[2.496s] Level 1:colcon.colcon_core.environment:checking '/home/rhobtor/PHD/ARGOJ8_IA/ARGOSJ8_IA_/install/argj801_sensors_msgs' for CMake config files
[2.499s] Level 1:colcon.colcon_core.shell:create_environment_hook('argj801_sensors_msgs', 'cmake_prefix_path')
[2.501s] INFO:colcon.colcon_core.shell:Creating environment hook '/home/rhobtor/PHD/ARGOJ8_IA/ARGOSJ8_IA_/install/argj801_sensors_msgs/share/argj801_sensors_msgs/hook/cmake_prefix_path.ps1'
[2.505s] INFO:colcon.colcon_core.shell:Creating environment descriptor '/home/rhobtor/PHD/ARGOJ8_IA/ARGOSJ8_IA_/install/argj801_sensors_msgs/share/argj801_sensors_msgs/hook/cmake_prefix_path.dsv'
[2.508s] INFO:colcon.colcon_core.shell:Creating environment hook '/home/rhobtor/PHD/ARGOJ8_IA/ARGOSJ8_IA_/install/argj801_sensors_msgs/share/argj801_sensors_msgs/hook/cmake_prefix_path.sh'
[2.512s] Level 1:colcon.colcon_core.environment:checking '/home/rhobtor/PHD/ARGOJ8_IA/ARGOSJ8_IA_/install/argj801_sensors_msgs/lib'
[2.513s] Level 1:colcon.colcon_core.shell:create_environment_hook('argj801_sensors_msgs', 'ld_library_path_lib')
[2.515s] INFO:colcon.colcon_core.shell:Creating environment hook '/home/rhobtor/PHD/ARGOJ8_IA/ARGOSJ8_IA_/install/argj801_sensors_msgs/share/argj801_sensors_msgs/hook/ld_library_path_lib.ps1'
[2.519s] INFO:colcon.colcon_core.shell:Creating environment descriptor '/home/rhobtor/PHD/ARGOJ8_IA/ARGOSJ8_IA_/install/argj801_sensors_msgs/share/argj801_sensors_msgs/hook/ld_library_path_lib.dsv'
[2.522s] INFO:colcon.colcon_core.shell:Creating environment hook '/home/rhobtor/PHD/ARGOJ8_IA/ARGOSJ8_IA_/install/argj801_sensors_msgs/share/argj801_sensors_msgs/hook/ld_library_path_lib.sh'
[2.525s] Level 1:colcon.colcon_core.environment:checking '/home/rhobtor/PHD/ARGOJ8_IA/ARGOSJ8_IA_/install/argj801_sensors_msgs/bin'
[2.526s] Level 1:colcon.colcon_core.environment:checking '/home/rhobtor/PHD/ARGOJ8_IA/ARGOSJ8_IA_/install/argj801_sensors_msgs/lib/pkgconfig/argj801_sensors_msgs.pc'
[2.528s] Level 1:colcon.colcon_core.environment:checking '/home/rhobtor/PHD/ARGOJ8_IA/ARGOSJ8_IA_/install/argj801_sensors_msgs/lib/python3.10/site-packages'
[2.530s] Level 1:colcon.colcon_core.environment:checking '/home/rhobtor/PHD/ARGOJ8_IA/ARGOSJ8_IA_/install/argj801_sensors_msgs/bin'
[2.533s] INFO:colcon.colcon_core.shell:Creating package script '/home/rhobtor/PHD/ARGOJ8_IA/ARGOSJ8_IA_/install/argj801_sensors_msgs/share/argj801_sensors_msgs/package.ps1'
[2.537s] INFO:colcon.colcon_core.shell:Creating package descriptor '/home/rhobtor/PHD/ARGOJ8_IA/ARGOSJ8_IA_/install/argj801_sensors_msgs/share/argj801_sensors_msgs/package.dsv'
[2.540s] INFO:colcon.colcon_core.shell:Creating package script '/home/rhobtor/PHD/ARGOJ8_IA/ARGOSJ8_IA_/install/argj801_sensors_msgs/share/argj801_sensors_msgs/package.sh'
[2.544s] INFO:colcon.colcon_core.shell:Creating package script '/home/rhobtor/PHD/ARGOJ8_IA/ARGOSJ8_IA_/install/argj801_sensors_msgs/share/argj801_sensors_msgs/package.bash'
[2.546s] INFO:colcon.colcon_core.shell:Creating package script '/home/rhobtor/PHD/ARGOJ8_IA/ARGOSJ8_IA_/install/argj801_sensors_msgs/share/argj801_sensors_msgs/package.zsh'
[2.547s] Level 1:colcon.colcon_core.environment:create_file_with_runtime_dependencies(/home/rhobtor/PHD/ARGOJ8_IA/ARGOSJ8_IA_/install/argj801_sensors_msgs/share/colcon-core/packages/argj801_sensors_msgs)
[2.547s] Level 1:colcon.colcon_core.environment:create_environment_scripts_only(argj801_sensors_msgs)
[2.548s] Level 1:colcon.colcon_core.environment:checking '/home/rhobtor/PHD/ARGOJ8_IA/ARGOSJ8_IA_/install/argj801_sensors_msgs' for CMake module files
[2.548s] Level 1:colcon.colcon_core.environment:checking '/home/rhobtor/PHD/ARGOJ8_IA/ARGOSJ8_IA_/install/argj801_sensors_msgs' for CMake config files
[2.549s] Level 1:colcon.colcon_core.shell:create_environment_hook('argj801_sensors_msgs', 'cmake_prefix_path')
[2.549s] INFO:colcon.colcon_core.shell:Creating environment hook '/home/rhobtor/PHD/ARGOJ8_IA/ARGOSJ8_IA_/install/argj801_sensors_msgs/share/argj801_sensors_msgs/hook/cmake_prefix_path.ps1'
[2.549s] INFO:colcon.colcon_core.shell:Creating environment descriptor '/home/rhobtor/PHD/ARGOJ8_IA/ARGOSJ8_IA_/install/argj801_sensors_msgs/share/argj801_sensors_msgs/hook/cmake_prefix_path.dsv'
[2.550s] INFO:colcon.colcon_core.shell:Creating environment hook '/home/rhobtor/PHD/ARGOJ8_IA/ARGOSJ8_IA_/install/argj801_sensors_msgs/share/argj801_sensors_msgs/hook/cmake_prefix_path.sh'
[2.551s] Level 1:colcon.colcon_core.environment:checking '/home/rhobtor/PHD/ARGOJ8_IA/ARGOSJ8_IA_/install/argj801_sensors_msgs/lib'
[2.551s] Level 1:colcon.colcon_core.shell:create_environment_hook('argj801_sensors_msgs', 'ld_library_path_lib')
[2.551s] INFO:colcon.colcon_core.shell:Creating environment hook '/home/rhobtor/PHD/ARGOJ8_IA/ARGOSJ8_IA_/install/argj801_sensors_msgs/share/argj801_sensors_msgs/hook/ld_library_path_lib.ps1'
[2.552s] INFO:colcon.colcon_core.shell:Creating environment descriptor '/home/rhobtor/PHD/ARGOJ8_IA/ARGOSJ8_IA_/install/argj801_sensors_msgs/share/argj801_sensors_msgs/hook/ld_library_path_lib.dsv'
[2.552s] INFO:colcon.colcon_core.shell:Creating environment hook '/home/rhobtor/PHD/ARGOJ8_IA/ARGOSJ8_IA_/install/argj801_sensors_msgs/share/argj801_sensors_msgs/hook/ld_library_path_lib.sh'
[2.553s] Level 1:colcon.colcon_core.environment:checking '/home/rhobtor/PHD/ARGOJ8_IA/ARGOSJ8_IA_/install/argj801_sensors_msgs/bin'
[2.553s] Level 1:colcon.colcon_core.environment:checking '/home/rhobtor/PHD/ARGOJ8_IA/ARGOSJ8_IA_/install/argj801_sensors_msgs/lib/pkgconfig/argj801_sensors_msgs.pc'
[2.553s] Level 1:colcon.colcon_core.environment:checking '/home/rhobtor/PHD/ARGOJ8_IA/ARGOSJ8_IA_/install/argj801_sensors_msgs/lib/python3.10/site-packages'
[2.554s] Level 1:colcon.colcon_core.environment:checking '/home/rhobtor/PHD/ARGOJ8_IA/ARGOSJ8_IA_/install/argj801_sensors_msgs/bin'
[2.554s] INFO:colcon.colcon_core.shell:Creating package script '/home/rhobtor/PHD/ARGOJ8_IA/ARGOSJ8_IA_/install/argj801_sensors_msgs/share/argj801_sensors_msgs/package.ps1'
[2.555s] INFO:colcon.colcon_core.shell:Creating package descriptor '/home/rhobtor/PHD/ARGOJ8_IA/ARGOSJ8_IA_/install/argj801_sensors_msgs/share/argj801_sensors_msgs/package.dsv'
[2.555s] INFO:colcon.colcon_core.shell:Creating package script '/home/rhobtor/PHD/ARGOJ8_IA/ARGOSJ8_IA_/install/argj801_sensors_msgs/share/argj801_sensors_msgs/package.sh'
[2.556s] INFO:colcon.colcon_core.shell:Creating package script '/home/rhobtor/PHD/ARGOJ8_IA/ARGOSJ8_IA_/install/argj801_sensors_msgs/share/argj801_sensors_msgs/package.bash'
[2.556s] INFO:colcon.colcon_core.shell:Creating package script '/home/rhobtor/PHD/ARGOJ8_IA/ARGOSJ8_IA_/install/argj801_sensors_msgs/share/argj801_sensors_msgs/package.zsh'
[2.557s] Level 1:colcon.colcon_core.environment:create_file_with_runtime_dependencies(/home/rhobtor/PHD/ARGOJ8_IA/ARGOSJ8_IA_/install/argj801_sensors_msgs/share/colcon-core/packages/argj801_sensors_msgs)
[2.557s] Level 1:colcon.colcon_core.environment:create_environment_scripts_only(path_manager_interfaces)
[2.557s] Level 1:colcon.colcon_core.environment:checking '/home/rhobtor/PHD/ARGOJ8_IA/ARGOSJ8_IA_/install/path_manager_interfaces' for CMake module files
[2.562s] DEBUG:colcon.colcon_core.event_handler.log_command:Invoked command in '/home/rhobtor/PHD/ARGOJ8_IA/ARGOSJ8_IA_/build/path_manager_interfaces' returned '0': CMAKE_PREFIX_PATH=${CMAKE_PREFIX_PATH}:/home/rhobtor/PHD/ARGOJ8_IA/ARGOSJ8_IA_/install/ntrip_client:/home/rhobtor/PHD/ARGOJ8_IA/ARGOSJ8_IA_/install/car:/home/rhobtor/PHD/ARGOJ8_IA/ARGOSJ8_IA_/install/android_ros2_server:/home/rhobtor/PHD/reactive/Reactive-Navegation/workspace_full_conected/install/car:/opt/ros/humble /opt/st/stm32cubeclt_1.18.0/CMake/bin/cmake --install /home/rhobtor/PHD/ARGOJ8_IA/ARGOSJ8_IA_/build/path_manager_interfaces
[2.562s] Level 1:colcon.colcon_core.environment:checking '/home/rhobtor/PHD/ARGOJ8_IA/ARGOSJ8_IA_/install/path_manager_interfaces' for CMake config files
[2.563s] Level 1:colcon.colcon_core.shell:create_environment_hook('path_manager_interfaces', 'cmake_prefix_path')
[2.563s] INFO:colcon.colcon_core.shell:Creating environment hook '/home/rhobtor/PHD/ARGOJ8_IA/ARGOSJ8_IA_/install/path_manager_interfaces/share/path_manager_interfaces/hook/cmake_prefix_path.ps1'
[2.564s] INFO:colcon.colcon_core.shell:Creating environment descriptor '/home/rhobtor/PHD/ARGOJ8_IA/ARGOSJ8_IA_/install/path_manager_interfaces/share/path_manager_interfaces/hook/cmake_prefix_path.dsv'
[2.564s] INFO:colcon.colcon_core.shell:Creating environment hook '/home/rhobtor/PHD/ARGOJ8_IA/ARGOSJ8_IA_/install/path_manager_interfaces/share/path_manager_interfaces/hook/cmake_prefix_path.sh'
[2.565s] Level 1:colcon.colcon_core.environment:checking '/home/rhobtor/PHD/ARGOJ8_IA/ARGOSJ8_IA_/install/path_manager_interfaces/lib'
[2.565s] Level 1:colcon.colcon_core.shell:create_environment_hook('path_manager_interfaces', 'ld_library_path_lib')
[2.566s] INFO:colcon.colcon_core.shell:Creating environment hook '/home/rhobtor/PHD/ARGOJ8_IA/ARGOSJ8_IA_/install/path_manager_interfaces/share/path_manager_interfaces/hook/ld_library_path_lib.ps1'
[2.566s] INFO:colcon.colcon_core.shell:Creating environment descriptor '/home/rhobtor/PHD/ARGOJ8_IA/ARGOSJ8_IA_/install/path_manager_interfaces/share/path_manager_interfaces/hook/ld_library_path_lib.dsv'
[2.566s] INFO:colcon.colcon_core.shell:Creating environment hook '/home/rhobtor/PHD/ARGOJ8_IA/ARGOSJ8_IA_/install/path_manager_interfaces/share/path_manager_interfaces/hook/ld_library_path_lib.sh'
[2.567s] Level 1:colcon.colcon_core.environment:checking '/home/rhobtor/PHD/ARGOJ8_IA/ARGOSJ8_IA_/install/path_manager_interfaces/bin'
[2.567s] Level 1:colcon.colcon_core.environment:checking '/home/rhobtor/PHD/ARGOJ8_IA/ARGOSJ8_IA_/install/path_manager_interfaces/lib/pkgconfig/path_manager_interfaces.pc'
[2.567s] Level 1:colcon.colcon_core.environment:checking '/home/rhobtor/PHD/ARGOJ8_IA/ARGOSJ8_IA_/install/path_manager_interfaces/lib/python3.10/site-packages'
[2.568s] Level 1:colcon.colcon_core.environment:checking '/home/rhobtor/PHD/ARGOJ8_IA/ARGOSJ8_IA_/install/path_manager_interfaces/bin'
[2.568s] INFO:colcon.colcon_core.shell:Creating package script '/home/rhobtor/PHD/ARGOJ8_IA/ARGOSJ8_IA_/install/path_manager_interfaces/share/path_manager_interfaces/package.ps1'
[2.568s] INFO:colcon.colcon_core.shell:Creating package descriptor '/home/rhobtor/PHD/ARGOJ8_IA/ARGOSJ8_IA_/install/path_manager_interfaces/share/path_manager_interfaces/package.dsv'
[2.569s] INFO:colcon.colcon_core.shell:Creating package script '/home/rhobtor/PHD/ARGOJ8_IA/ARGOSJ8_IA_/install/path_manager_interfaces/share/path_manager_interfaces/package.sh'
[2.569s] INFO:colcon.colcon_core.shell:Creating package script '/home/rhobtor/PHD/ARGOJ8_IA/ARGOSJ8_IA_/install/path_manager_interfaces/share/path_manager_interfaces/package.bash'
[2.569s] INFO:colcon.colcon_core.shell:Creating package script '/home/rhobtor/PHD/ARGOJ8_IA/ARGOSJ8_IA_/install/path_manager_interfaces/share/path_manager_interfaces/package.zsh'
[2.570s] Level 1:colcon.colcon_core.environment:create_file_with_runtime_dependencies(/home/rhobtor/PHD/ARGOJ8_IA/ARGOSJ8_IA_/install/path_manager_interfaces/share/colcon-core/packages/path_manager_interfaces)
[2.570s] Level 1:colcon.colcon_core.environment:create_environment_scripts_only(path_manager_interfaces)
[2.571s] Level 1:colcon.colcon_core.environment:checking '/home/rhobtor/PHD/ARGOJ8_IA/ARGOSJ8_IA_/install/path_manager_interfaces' for CMake module files
[2.571s] Level 1:colcon.colcon_core.environment:checking '/home/rhobtor/PHD/ARGOJ8_IA/ARGOSJ8_IA_/install/path_manager_interfaces' for CMake config files
[2.571s] Level 1:colcon.colcon_core.shell:create_environment_hook('path_manager_interfaces', 'cmake_prefix_path')
[2.572s] INFO:colcon.colcon_core.shell:Creating environment hook '/home/rhobtor/PHD/ARGOJ8_IA/ARGOSJ8_IA_/install/path_manager_interfaces/share/path_manager_interfaces/hook/cmake_prefix_path.ps1'
[2.572s] INFO:colcon.colcon_core.shell:Creating environment descriptor '/home/rhobtor/PHD/ARGOJ8_IA/ARGOSJ8_IA_/install/path_manager_interfaces/share/path_manager_interfaces/hook/cmake_prefix_path.dsv'
[2.573s] INFO:colcon.colcon_core.shell:Creating environment hook '/home/rhobtor/PHD/ARGOJ8_IA/ARGOSJ8_IA_/install/path_manager_interfaces/share/path_manager_interfaces/hook/cmake_prefix_path.sh'
[2.573s] Level 1:colcon.colcon_core.environment:checking '/home/rhobtor/PHD/ARGOJ8_IA/ARGOSJ8_IA_/install/path_manager_interfaces/lib'
[2.573s] Level 1:colcon.colcon_core.shell:create_environment_hook('path_manager_interfaces', 'ld_library_path_lib')
[2.574s] INFO:colcon.colcon_core.shell:Creating environment hook '/home/rhobtor/PHD/ARGOJ8_IA/ARGOSJ8_IA_/install/path_manager_interfaces/share/path_manager_interfaces/hook/ld_library_path_lib.ps1'
[2.574s] INFO:colcon.colcon_core.shell:Creating environment descriptor '/home/rhobtor/PHD/ARGOJ8_IA/ARGOSJ8_IA_/install/path_manager_interfaces/share/path_manager_interfaces/hook/ld_library_path_lib.dsv'
[2.574s] INFO:colcon.colcon_core.shell:Creating environment hook '/home/rhobtor/PHD/ARGOJ8_IA/ARGOSJ8_IA_/install/path_manager_interfaces/share/path_manager_interfaces/hook/ld_library_path_lib.sh'
[2.575s] Level 1:colcon.colcon_core.environment:checking '/home/rhobtor/PHD/ARGOJ8_IA/ARGOSJ8_IA_/install/path_manager_interfaces/bin'
[2.575s] Level 1:colcon.colcon_core.environment:checking '/home/rhobtor/PHD/ARGOJ8_IA/ARGOSJ8_IA_/install/path_manager_interfaces/lib/pkgconfig/path_manager_interfaces.pc'
[2.575s] Level 1:colcon.colcon_core.environment:checking '/home/rhobtor/PHD/ARGOJ8_IA/ARGOSJ8_IA_/install/path_manager_interfaces/lib/python3.10/site-packages'
[2.575s] Level 1:colcon.colcon_core.environment:checking '/home/rhobtor/PHD/ARGOJ8_IA/ARGOSJ8_IA_/install/path_manager_interfaces/bin'
[2.576s] INFO:colcon.colcon_core.shell:Creating package script '/home/rhobtor/PHD/ARGOJ8_IA/ARGOSJ8_IA_/install/path_manager_interfaces/share/path_manager_interfaces/package.ps1'
[2.576s] INFO:colcon.colcon_core.shell:Creating package descriptor '/home/rhobtor/PHD/ARGOJ8_IA/ARGOSJ8_IA_/install/path_manager_interfaces/share/path_manager_interfaces/package.dsv'
[2.577s] INFO:colcon.colcon_core.shell:Creating package script '/home/rhobtor/PHD/ARGOJ8_IA/ARGOSJ8_IA_/install/path_manager_interfaces/share/path_manager_interfaces/package.sh'
[2.578s] INFO:colcon.colcon_core.shell:Creating package script '/home/rhobtor/PHD/ARGOJ8_IA/ARGOSJ8_IA_/install/path_manager_interfaces/share/path_manager_interfaces/package.bash'
[2.578s] INFO:colcon.colcon_core.shell:Creating package script '/home/rhobtor/PHD/ARGOJ8_IA/ARGOSJ8_IA_/install/path_manager_interfaces/share/path_manager_interfaces/package.zsh'
[2.578s] Level 1:colcon.colcon_core.environment:create_file_with_runtime_dependencies(/home/rhobtor/PHD/ARGOJ8_IA/ARGOSJ8_IA_/install/path_manager_interfaces/share/colcon-core/packages/path_manager_interfaces)
[2.579s] Level 1:colcon.colcon_core.environment:create_environment_scripts_only(argj801_ctl_platform_interfaces)
[2.579s] Level 1:colcon.colcon_core.environment:checking '/home/rhobtor/PHD/ARGOJ8_IA/ARGOSJ8_IA_/install/argj801_ctl_platform_interfaces' for CMake module files
[2.580s] DEBUG:colcon.colcon_core.event_handler.log_command:Invoked command in '/home/rhobtor/PHD/ARGOJ8_IA/ARGOSJ8_IA_/build/argj801_ctl_platform_interfaces' returned '0': CMAKE_PREFIX_PATH=${CMAKE_PREFIX_PATH}:/home/rhobtor/PHD/ARGOJ8_IA/ARGOSJ8_IA_/install/ntrip_client:/home/rhobtor/PHD/ARGOJ8_IA/ARGOSJ8_IA_/install/car:/home/rhobtor/PHD/ARGOJ8_IA/ARGOSJ8_IA_/install/android_ros2_server:/home/rhobtor/PHD/reactive/Reactive-Navegation/workspace_full_conected/install/car:/opt/ros/humble /opt/st/stm32cubeclt_1.18.0/CMake/bin/cmake --install /home/rhobtor/PHD/ARGOJ8_IA/ARGOSJ8_IA_/build/argj801_ctl_platform_interfaces
[2.580s] Level 1:colcon.colcon_core.environment:checking '/home/rhobtor/PHD/ARGOJ8_IA/ARGOSJ8_IA_/install/argj801_ctl_platform_interfaces' for CMake config files
[2.581s] Level 1:colcon.colcon_core.shell:create_environment_hook('argj801_ctl_platform_interfaces', 'cmake_prefix_path')
[2.581s] INFO:colcon.colcon_core.shell:Creating environment hook '/home/rhobtor/PHD/ARGOJ8_IA/ARGOSJ8_IA_/install/argj801_ctl_platform_interfaces/share/argj801_ctl_platform_interfaces/hook/cmake_prefix_path.ps1'
[2.582s] INFO:colcon.colcon_core.shell:Creating environment descriptor '/home/rhobtor/PHD/ARGOJ8_IA/ARGOSJ8_IA_/install/argj801_ctl_platform_interfaces/share/argj801_ctl_platform_interfaces/hook/cmake_prefix_path.dsv'
[2.582s] INFO:colcon.colcon_core.shell:Creating environment hook '/home/rhobtor/PHD/ARGOJ8_IA/ARGOSJ8_IA_/install/argj801_ctl_platform_interfaces/share/argj801_ctl_platform_interfaces/hook/cmake_prefix_path.sh'
[2.583s] Level 1:colcon.colcon_core.environment:checking '/home/rhobtor/PHD/ARGOJ8_IA/ARGOSJ8_IA_/install/argj801_ctl_platform_interfaces/lib'
[2.583s] Level 1:colcon.colcon_core.shell:create_environment_hook('argj801_ctl_platform_interfaces', 'ld_library_path_lib')
[2.583s] INFO:colcon.colcon_core.shell:Creating environment hook '/home/rhobtor/PHD/ARGOJ8_IA/ARGOSJ8_IA_/install/argj801_ctl_platform_interfaces/share/argj801_ctl_platform_interfaces/hook/ld_library_path_lib.ps1'
[2.584s] INFO:colcon.colcon_core.shell:Creating environment descriptor '/home/rhobtor/PHD/ARGOJ8_IA/ARGOSJ8_IA_/install/argj801_ctl_platform_interfaces/share/argj801_ctl_platform_interfaces/hook/ld_library_path_lib.dsv'
[2.584s] INFO:colcon.colcon_core.shell:Creating environment hook '/home/rhobtor/PHD/ARGOJ8_IA/ARGOSJ8_IA_/install/argj801_ctl_platform_interfaces/share/argj801_ctl_platform_interfaces/hook/ld_library_path_lib.sh'
[2.585s] Level 1:colcon.colcon_core.environment:checking '/home/rhobtor/PHD/ARGOJ8_IA/ARGOSJ8_IA_/install/argj801_ctl_platform_interfaces/bin'
[2.585s] Level 1:colcon.colcon_core.environment:checking '/home/rhobtor/PHD/ARGOJ8_IA/ARGOSJ8_IA_/install/argj801_ctl_platform_interfaces/lib/pkgconfig/argj801_ctl_platform_interfaces.pc'
[2.585s] Level 1:colcon.colcon_core.environment:checking '/home/rhobtor/PHD/ARGOJ8_IA/ARGOSJ8_IA_/install/argj801_ctl_platform_interfaces/lib/python3.10/site-packages'
[2.585s] Level 1:colcon.colcon_core.environment:checking '/home/rhobtor/PHD/ARGOJ8_IA/ARGOSJ8_IA_/install/argj801_ctl_platform_interfaces/bin'
[2.586s] INFO:colcon.colcon_core.shell:Creating package script '/home/rhobtor/PHD/ARGOJ8_IA/ARGOSJ8_IA_/install/argj801_ctl_platform_interfaces/share/argj801_ctl_platform_interfaces/package.ps1'
[2.586s] INFO:colcon.colcon_core.shell:Creating package descriptor '/home/rhobtor/PHD/ARGOJ8_IA/ARGOSJ8_IA_/install/argj801_ctl_platform_interfaces/share/argj801_ctl_platform_interfaces/package.dsv'
[2.587s] INFO:colcon.colcon_core.shell:Creating package script '/home/rhobtor/PHD/ARGOJ8_IA/ARGOSJ8_IA_/install/argj801_ctl_platform_interfaces/share/argj801_ctl_platform_interfaces/package.sh'
[2.587s] INFO:colcon.colcon_core.shell:Creating package script '/home/rhobtor/PHD/ARGOJ8_IA/ARGOSJ8_IA_/install/argj801_ctl_platform_interfaces/share/argj801_ctl_platform_interfaces/package.bash'
[2.588s] INFO:colcon.colcon_core.shell:Creating package script '/home/rhobtor/PHD/ARGOJ8_IA/ARGOSJ8_IA_/install/argj801_ctl_platform_interfaces/share/argj801_ctl_platform_interfaces/package.zsh'
[2.588s] Level 1:colcon.colcon_core.environment:create_file_with_runtime_dependencies(/home/rhobtor/PHD/ARGOJ8_IA/ARGOSJ8_IA_/install/argj801_ctl_platform_interfaces/share/colcon-core/packages/argj801_ctl_platform_interfaces)
[2.589s] Level 1:colcon.colcon_core.environment:create_environment_scripts_only(argj801_ctl_platform_interfaces)
[2.589s] Level 1:colcon.colcon_core.environment:checking '/home/rhobtor/PHD/ARGOJ8_IA/ARGOSJ8_IA_/install/argj801_ctl_platform_interfaces' for CMake module files
[2.589s] Level 1:colcon.colcon_core.environment:checking '/home/rhobtor/PHD/ARGOJ8_IA/ARGOSJ8_IA_/install/argj801_ctl_platform_interfaces' for CMake config files
[2.590s] Level 1:colcon.colcon_core.shell:create_environment_hook('argj801_ctl_platform_interfaces', 'cmake_prefix_path')
[2.590s] INFO:colcon.colcon_core.shell:Creating environment hook '/home/rhobtor/PHD/ARGOJ8_IA/ARGOSJ8_IA_/install/argj801_ctl_platform_interfaces/share/argj801_ctl_platform_interfaces/hook/cmake_prefix_path.ps1'
[2.590s] INFO:colcon.colcon_core.shell:Creating environment descriptor '/home/rhobtor/PHD/ARGOJ8_IA/ARGOSJ8_IA_/install/argj801_ctl_platform_interfaces/share/argj801_ctl_platform_interfaces/hook/cmake_prefix_path.dsv'
[2.591s] INFO:colcon.colcon_core.shell:Creating environment hook '/home/rhobtor/PHD/ARGOJ8_IA/ARGOSJ8_IA_/install/argj801_ctl_platform_interfaces/share/argj801_ctl_platform_interfaces/hook/cmake_prefix_path.sh'
[2.591s] Level 1:colcon.colcon_core.environment:checking '/home/rhobtor/PHD/ARGOJ8_IA/ARGOSJ8_IA_/install/argj801_ctl_platform_interfaces/lib'
[2.591s] Level 1:colcon.colcon_core.shell:create_environment_hook('argj801_ctl_platform_interfaces', 'ld_library_path_lib')
[2.592s] INFO:colcon.colcon_core.shell:Creating environment hook '/home/rhobtor/PHD/ARGOJ8_IA/ARGOSJ8_IA_/install/argj801_ctl_platform_interfaces/share/argj801_ctl_platform_interfaces/hook/ld_library_path_lib.ps1'
[2.592s] INFO:colcon.colcon_core.shell:Creating environment descriptor '/home/rhobtor/PHD/ARGOJ8_IA/ARGOSJ8_IA_/install/argj801_ctl_platform_interfaces/share/argj801_ctl_platform_interfaces/hook/ld_library_path_lib.dsv'
[2.592s] INFO:colcon.colcon_core.shell:Creating environment hook '/home/rhobtor/PHD/ARGOJ8_IA/ARGOSJ8_IA_/install/argj801_ctl_platform_interfaces/share/argj801_ctl_platform_interfaces/hook/ld_library_path_lib.sh'
[2.593s] Level 1:colcon.colcon_core.environment:checking '/home/rhobtor/PHD/ARGOJ8_IA/ARGOSJ8_IA_/install/argj801_ctl_platform_interfaces/bin'
[2.593s] Level 1:colcon.colcon_core.environment:checking '/home/rhobtor/PHD/ARGOJ8_IA/ARGOSJ8_IA_/install/argj801_ctl_platform_interfaces/lib/pkgconfig/argj801_ctl_platform_interfaces.pc'
[2.593s] Level 1:colcon.colcon_core.environment:checking '/home/rhobtor/PHD/ARGOJ8_IA/ARGOSJ8_IA_/install/argj801_ctl_platform_interfaces/lib/python3.10/site-packages'
[2.593s] Level 1:colcon.colcon_core.environment:checking '/home/rhobtor/PHD/ARGOJ8_IA/ARGOSJ8_IA_/install/argj801_ctl_platform_interfaces/bin'
[2.594s] INFO:colcon.colcon_core.shell:Creating package script '/home/rhobtor/PHD/ARGOJ8_IA/ARGOSJ8_IA_/install/argj801_ctl_platform_interfaces/share/argj801_ctl_platform_interfaces/package.ps1'
[2.594s] INFO:colcon.colcon_core.shell:Creating package descriptor '/home/rhobtor/PHD/ARGOJ8_IA/ARGOSJ8_IA_/install/argj801_ctl_platform_interfaces/share/argj801_ctl_platform_interfaces/package.dsv'
[2.595s] INFO:colcon.colcon_core.shell:Creating package script '/home/rhobtor/PHD/ARGOJ8_IA/ARGOSJ8_IA_/install/argj801_ctl_platform_interfaces/share/argj801_ctl_platform_interfaces/package.sh'
[2.595s] INFO:colcon.colcon_core.shell:Creating package script '/home/rhobtor/PHD/ARGOJ8_IA/ARGOSJ8_IA_/install/argj801_ctl_platform_interfaces/share/argj801_ctl_platform_interfaces/package.bash'
[2.596s] INFO:colcon.colcon_core.shell:Creating package script '/home/rhobtor/PHD/ARGOJ8_IA/ARGOSJ8_IA_/install/argj801_ctl_platform_interfaces/share/argj801_ctl_platform_interfaces/package.zsh'
[2.596s] Level 1:colcon.colcon_core.environment:create_file_with_runtime_dependencies(/home/rhobtor/PHD/ARGOJ8_IA/ARGOSJ8_IA_/install/argj801_ctl_platform_interfaces/share/colcon-core/packages/argj801_ctl_platform_interfaces)
[2.598s] Level 1:colcon.colcon_core.environment:create_environment_scripts_only(joy_linux)
[2.599s] Level 1:colcon.colcon_core.environment:checking '/home/rhobtor/PHD/ARGOJ8_IA/ARGOSJ8_IA_/install/joy_linux' for CMake module files
[2.599s] DEBUG:colcon.colcon_core.event_handler.log_command:Invoked command in '/home/rhobtor/PHD/ARGOJ8_IA/ARGOSJ8_IA_/build/joy_linux' returned '0': CMAKE_PREFIX_PATH=${CMAKE_PREFIX_PATH}:/home/rhobtor/PHD/ARGOJ8_IA/ARGOSJ8_IA_/install/ntrip_client:/home/rhobtor/PHD/ARGOJ8_IA/ARGOSJ8_IA_/install/car:/home/rhobtor/PHD/ARGOJ8_IA/ARGOSJ8_IA_/install/android_ros2_server:/home/rhobtor/PHD/reactive/Reactive-Navegation/workspace_full_conected/install/car:/opt/ros/humble /opt/st/stm32cubeclt_1.18.0/CMake/bin/cmake --install /home/rhobtor/PHD/ARGOJ8_IA/ARGOSJ8_IA_/build/joy_linux
[2.601s] Level 1:colcon.colcon_core.environment:checking '/home/rhobtor/PHD/ARGOJ8_IA/ARGOSJ8_IA_/install/joy_linux' for CMake config files
[2.601s] Level 1:colcon.colcon_core.shell:create_environment_hook('joy_linux', 'cmake_prefix_path')
[2.601s] INFO:colcon.colcon_core.shell:Creating environment hook '/home/rhobtor/PHD/ARGOJ8_IA/ARGOSJ8_IA_/install/joy_linux/share/joy_linux/hook/cmake_prefix_path.ps1'
[2.602s] INFO:colcon.colcon_core.shell:Creating environment descriptor '/home/rhobtor/PHD/ARGOJ8_IA/ARGOSJ8_IA_/install/joy_linux/share/joy_linux/hook/cmake_prefix_path.dsv'
[2.603s] INFO:colcon.colcon_core.shell:Creating environment hook '/home/rhobtor/PHD/ARGOJ8_IA/ARGOSJ8_IA_/install/joy_linux/share/joy_linux/hook/cmake_prefix_path.sh'
[2.609s] Level 1:colcon.colcon_core.environment:checking '/home/rhobtor/PHD/ARGOJ8_IA/ARGOSJ8_IA_/install/joy_linux/lib'
[2.612s] Level 1:colcon.colcon_core.environment:checking '/home/rhobtor/PHD/ARGOJ8_IA/ARGOSJ8_IA_/install/joy_linux/bin'
[2.613s] Level 1:colcon.colcon_core.environment:checking '/home/rhobtor/PHD/ARGOJ8_IA/ARGOSJ8_IA_/install/joy_linux/lib/pkgconfig/joy_linux.pc'
[2.613s] Level 1:colcon.colcon_core.environment:checking '/home/rhobtor/PHD/ARGOJ8_IA/ARGOSJ8_IA_/install/joy_linux/lib/python3.10/site-packages'
[2.613s] Level 1:colcon.colcon_core.environment:checking '/home/rhobtor/PHD/ARGOJ8_IA/ARGOSJ8_IA_/install/joy_linux/bin'
[2.614s] INFO:colcon.colcon_core.shell:Creating package script '/home/rhobtor/PHD/ARGOJ8_IA/ARGOSJ8_IA_/install/joy_linux/share/joy_linux/package.ps1'
[2.618s] INFO:colcon.colcon_core.shell:Creating package descriptor '/home/rhobtor/PHD/ARGOJ8_IA/ARGOSJ8_IA_/install/joy_linux/share/joy_linux/package.dsv'
[2.621s] INFO:colcon.colcon_core.shell:Creating package script '/home/rhobtor/PHD/ARGOJ8_IA/ARGOSJ8_IA_/install/joy_linux/share/joy_linux/package.sh'
[2.624s] INFO:colcon.colcon_core.shell:Creating package script '/home/rhobtor/PHD/ARGOJ8_IA/ARGOSJ8_IA_/install/joy_linux/share/joy_linux/package.bash'
[2.625s] INFO:colcon.colcon_core.shell:Creating package script '/home/rhobtor/PHD/ARGOJ8_IA/ARGOSJ8_IA_/install/joy_linux/share/joy_linux/package.zsh'
[2.627s] Level 1:colcon.colcon_core.environment:create_file_with_runtime_dependencies(/home/rhobtor/PHD/ARGOJ8_IA/ARGOSJ8_IA_/install/joy_linux/share/colcon-core/packages/joy_linux)
[2.630s] Level 1:colcon.colcon_core.environment:create_environment_scripts_only(joy_linux)
[2.630s] Level 1:colcon.colcon_core.environment:checking '/home/rhobtor/PHD/ARGOJ8_IA/ARGOSJ8_IA_/install/joy_linux' for CMake module files
[2.631s] Level 1:colcon.colcon_core.environment:checking '/home/rhobtor/PHD/ARGOJ8_IA/ARGOSJ8_IA_/install/joy_linux' for CMake config files
[2.631s] Level 1:colcon.colcon_core.shell:create_environment_hook('joy_linux', 'cmake_prefix_path')
[2.631s] INFO:colcon.colcon_core.shell:Creating environment hook '/home/rhobtor/PHD/ARGOJ8_IA/ARGOSJ8_IA_/install/joy_linux/share/joy_linux/hook/cmake_prefix_path.ps1'
[2.632s] INFO:colcon.colcon_core.shell:Creating environment descriptor '/home/rhobtor/PHD/ARGOJ8_IA/ARGOSJ8_IA_/install/joy_linux/share/joy_linux/hook/cmake_prefix_path.dsv'
[2.632s] INFO:colcon.colcon_core.shell:Creating environment hook '/home/rhobtor/PHD/ARGOJ8_IA/ARGOSJ8_IA_/install/joy_linux/share/joy_linux/hook/cmake_prefix_path.sh'
[2.633s] Level 1:colcon.colcon_core.environment:checking '/home/rhobtor/PHD/ARGOJ8_IA/ARGOSJ8_IA_/install/joy_linux/lib'
[2.633s] Level 1:colcon.colcon_core.environment:checking '/home/rhobtor/PHD/ARGOJ8_IA/ARGOSJ8_IA_/install/joy_linux/bin'
[2.633s] Level 1:colcon.colcon_core.environment:checking '/home/rhobtor/PHD/ARGOJ8_IA/ARGOSJ8_IA_/install/joy_linux/lib/pkgconfig/joy_linux.pc'
[2.633s] Level 1:colcon.colcon_core.environment:checking '/home/rhobtor/PHD/ARGOJ8_IA/ARGOSJ8_IA_/install/joy_linux/lib/python3.10/site-packages'
[2.633s] Level 1:colcon.colcon_core.environment:checking '/home/rhobtor/PHD/ARGOJ8_IA/ARGOSJ8_IA_/install/joy_linux/bin'
[2.634s] INFO:colcon.colcon_core.shell:Creating package script '/home/rhobtor/PHD/ARGOJ8_IA/ARGOSJ8_IA_/install/joy_linux/share/joy_linux/package.ps1'
[2.634s] INFO:colcon.colcon_core.shell:Creating package descriptor '/home/rhobtor/PHD/ARGOJ8_IA/ARGOSJ8_IA_/install/joy_linux/share/joy_linux/package.dsv'
[2.635s] INFO:colcon.colcon_core.shell:Creating package script '/home/rhobtor/PHD/ARGOJ8_IA/ARGOSJ8_IA_/install/joy_linux/share/joy_linux/package.sh'
[2.636s] INFO:colcon.colcon_core.shell:Creating package script '/home/rhobtor/PHD/ARGOJ8_IA/ARGOSJ8_IA_/install/joy_linux/share/joy_linux/package.bash'
[2.636s] INFO:colcon.colcon_core.shell:Creating package script '/home/rhobtor/PHD/ARGOJ8_IA/ARGOSJ8_IA_/install/joy_linux/share/joy_linux/package.zsh'
[2.637s] Level 1:colcon.colcon_core.environment:create_file_with_runtime_dependencies(/home/rhobtor/PHD/ARGOJ8_IA/ARGOSJ8_IA_/install/joy_linux/share/colcon-core/packages/joy_linux)
[2.638s] INFO:colcon.colcon_ros.task.ament_cmake.build:Building ROS package in '/home/rhobtor/PHD/ARGOJ8_IA/ARGOSJ8_IA_/src/argj801_ctl_platform/argj801_ctl_platform' with build type 'ament_cmake'
[2.638s] INFO:colcon.colcon_cmake.task.cmake.build:Building CMake package in '/home/rhobtor/PHD/ARGOJ8_IA/ARGOSJ8_IA_/src/argj801_ctl_platform/argj801_ctl_platform'
[2.638s] INFO:colcon.colcon_core.shell:Skip shell extension 'powershell' for command environment: Not usable outside of PowerShell
[2.639s] DEBUG:colcon.colcon_core.shell:Skip shell extension 'dsv' for command environment
[2.662s] INFO:colcon.colcon_ros.task.ament_cmake.build:Building ROS package in '/home/rhobtor/PHD/ARGOJ8_IA/ARGOSJ8_IA_/src/argo_drivers_pkgs/argj801_sensors/argj801_sensors' with build type 'ament_cmake'
[2.662s] INFO:colcon.colcon_cmake.task.cmake.build:Building CMake package in '/home/rhobtor/PHD/ARGOJ8_IA/ARGOSJ8_IA_/src/argo_drivers_pkgs/argj801_sensors/argj801_sensors'
[2.663s] INFO:colcon.colcon_core.shell:Skip shell extension 'powershell' for command environment: Not usable outside of PowerShell
[2.663s] DEBUG:colcon.colcon_core.shell:Skip shell extension 'dsv' for command environment
[2.672s] INFO:colcon.colcon_ros.task.ament_python.build:Building ROS package in '/home/rhobtor/PHD/ARGOJ8_IA/ARGOSJ8_IA_/src/car_python' with build type 'ament_python'
[2.672s] Level 1:colcon.colcon_core.shell:create_environment_hook('car', 'ament_prefix_path')
[2.673s] INFO:colcon.colcon_core.shell:Creating environment hook '/home/rhobtor/PHD/ARGOJ8_IA/ARGOSJ8_IA_/install/car/share/car/hook/ament_prefix_path.ps1'
[2.673s] INFO:colcon.colcon_core.shell:Creating environment descriptor '/home/rhobtor/PHD/ARGOJ8_IA/ARGOSJ8_IA_/install/car/share/car/hook/ament_prefix_path.dsv'
[2.674s] INFO:colcon.colcon_core.shell:Creating environment hook '/home/rhobtor/PHD/ARGOJ8_IA/ARGOSJ8_IA_/install/car/share/car/hook/ament_prefix_path.sh'
[2.675s] INFO:colcon.colcon_core.shell:Skip shell extension 'powershell' for command environment: Not usable outside of PowerShell
[2.675s] DEBUG:colcon.colcon_core.shell:Skip shell extension 'dsv' for command environment
[2.696s] INFO:colcon.colcon_ros.task.ament_cmake.build:Building ROS package in '/home/rhobtor/PHD/ARGOJ8_IA/ARGOSJ8_IA_/src/car_cpp' with build type 'ament_cmake'
[2.696s] INFO:colcon.colcon_cmake.task.cmake.build:Building CMake package in '/home/rhobtor/PHD/ARGOJ8_IA/ARGOSJ8_IA_/src/car_cpp'
[2.696s] INFO:colcon.colcon_core.shell:Skip shell extension 'powershell' for command environment: Not usable outside of PowerShell
[2.696s] DEBUG:colcon.colcon_core.shell:Skip shell extension 'dsv' for command environment
[2.705s] INFO:colcon.colcon_ros.task.ament_cmake.build:Building ROS package in '/home/rhobtor/PHD/ARGOJ8_IA/ARGOSJ8_IA_/src/j8_joystick/joy' with build type 'ament_cmake'
[2.705s] INFO:colcon.colcon_cmake.task.cmake.build:Building CMake package in '/home/rhobtor/PHD/ARGOJ8_IA/ARGOSJ8_IA_/src/j8_joystick/joy'
[2.705s] INFO:colcon.colcon_core.shell:Skip shell extension 'powershell' for command environment: Not usable outside of PowerShell
[2.705s] DEBUG:colcon.colcon_core.shell:Skip shell extension 'dsv' for command environment
[2.724s] Level 1:colcon.colcon_core.environment:create_environment_scripts_only(slg_msgs)
[2.725s] DEBUG:colcon.colcon_core.event_handler.log_command:Invoked command in '/home/rhobtor/PHD/ARGOJ8_IA/ARGOSJ8_IA_/build/slg_msgs' returned '0': CMAKE_PREFIX_PATH=${CMAKE_PREFIX_PATH}:/home/rhobtor/PHD/ARGOJ8_IA/ARGOSJ8_IA_/install/ntrip_client:/home/rhobtor/PHD/ARGOJ8_IA/ARGOSJ8_IA_/install/car:/home/rhobtor/PHD/ARGOJ8_IA/ARGOSJ8_IA_/install/android_ros2_server:/home/rhobtor/PHD/reactive/Reactive-Navegation/workspace_full_conected/install/car:/opt/ros/humble /opt/st/stm32cubeclt_1.18.0/CMake/bin/cmake --install /home/rhobtor/PHD/ARGOJ8_IA/ARGOSJ8_IA_/build/slg_msgs
[2.725s] Level 1:colcon.colcon_core.environment:checking '/home/rhobtor/PHD/ARGOJ8_IA/ARGOSJ8_IA_/install/slg_msgs' for CMake module files
[2.726s] Level 1:colcon.colcon_core.environment:checking '/home/rhobtor/PHD/ARGOJ8_IA/ARGOSJ8_IA_/install/slg_msgs' for CMake config files
[2.727s] Level 1:colcon.colcon_core.shell:create_environment_hook('slg_msgs', 'cmake_prefix_path')
[2.727s] INFO:colcon.colcon_core.shell:Creating environment hook '/home/rhobtor/PHD/ARGOJ8_IA/ARGOSJ8_IA_/install/slg_msgs/share/slg_msgs/hook/cmake_prefix_path.ps1'
[2.728s] INFO:colcon.colcon_core.shell:Creating environment descriptor '/home/rhobtor/PHD/ARGOJ8_IA/ARGOSJ8_IA_/install/slg_msgs/share/slg_msgs/hook/cmake_prefix_path.dsv'
[2.728s] INFO:colcon.colcon_core.shell:Creating environment hook '/home/rhobtor/PHD/ARGOJ8_IA/ARGOSJ8_IA_/install/slg_msgs/share/slg_msgs/hook/cmake_prefix_path.sh'
[2.729s] Level 1:colcon.colcon_core.environment:checking '/home/rhobtor/PHD/ARGOJ8_IA/ARGOSJ8_IA_/install/slg_msgs/lib'
[2.729s] Level 1:colcon.colcon_core.shell:create_environment_hook('slg_msgs', 'ld_library_path_lib')
[2.730s] INFO:colcon.colcon_core.shell:Creating environment hook '/home/rhobtor/PHD/ARGOJ8_IA/ARGOSJ8_IA_/install/slg_msgs/share/slg_msgs/hook/ld_library_path_lib.ps1'
[2.730s] INFO:colcon.colcon_core.shell:Creating environment descriptor '/home/rhobtor/PHD/ARGOJ8_IA/ARGOSJ8_IA_/install/slg_msgs/share/slg_msgs/hook/ld_library_path_lib.dsv'
[2.731s] INFO:colcon.colcon_core.shell:Creating environment hook '/home/rhobtor/PHD/ARGOJ8_IA/ARGOSJ8_IA_/install/slg_msgs/share/slg_msgs/hook/ld_library_path_lib.sh'
[2.731s] Level 1:colcon.colcon_core.environment:checking '/home/rhobtor/PHD/ARGOJ8_IA/ARGOSJ8_IA_/install/slg_msgs/bin'
[2.731s] Level 1:colcon.colcon_core.environment:checking '/home/rhobtor/PHD/ARGOJ8_IA/ARGOSJ8_IA_/install/slg_msgs/lib/pkgconfig/slg_msgs.pc'
[2.731s] Level 1:colcon.colcon_core.environment:checking '/home/rhobtor/PHD/ARGOJ8_IA/ARGOSJ8_IA_/install/slg_msgs/lib/python3.10/site-packages'
[2.732s] Level 1:colcon.colcon_core.environment:checking '/home/rhobtor/PHD/ARGOJ8_IA/ARGOSJ8_IA_/install/slg_msgs/bin'
[2.732s] INFO:colcon.colcon_core.shell:Creating package script '/home/rhobtor/PHD/ARGOJ8_IA/ARGOSJ8_IA_/install/slg_msgs/share/slg_msgs/package.ps1'
[2.733s] INFO:colcon.colcon_core.shell:Creating package descriptor '/home/rhobtor/PHD/ARGOJ8_IA/ARGOSJ8_IA_/install/slg_msgs/share/slg_msgs/package.dsv'
[2.733s] INFO:colcon.colcon_core.shell:Creating package script '/home/rhobtor/PHD/ARGOJ8_IA/ARGOSJ8_IA_/install/slg_msgs/share/slg_msgs/package.sh'
[2.734s] INFO:colcon.colcon_core.shell:Creating package script '/home/rhobtor/PHD/ARGOJ8_IA/ARGOSJ8_IA_/install/slg_msgs/share/slg_msgs/package.bash'
[2.734s] INFO:colcon.colcon_core.shell:Creating package script '/home/rhobtor/PHD/ARGOJ8_IA/ARGOSJ8_IA_/install/slg_msgs/share/slg_msgs/package.zsh'
[2.734s] Level 1:colcon.colcon_core.environment:create_file_with_runtime_dependencies(/home/rhobtor/PHD/ARGOJ8_IA/ARGOSJ8_IA_/install/slg_msgs/share/colcon-core/packages/slg_msgs)
[2.735s] Level 1:colcon.colcon_core.environment:create_environment_scripts_only(slg_msgs)
[2.735s] Level 1:colcon.colcon_core.environment:checking '/home/rhobtor/PHD/ARGOJ8_IA/ARGOSJ8_IA_/install/slg_msgs' for CMake module files
[2.736s] Level 1:colcon.colcon_core.environment:checking '/home/rhobtor/PHD/ARGOJ8_IA/ARGOSJ8_IA_/install/slg_msgs' for CMake config files
[2.736s] Level 1:colcon.colcon_core.shell:create_environment_hook('slg_msgs', 'cmake_prefix_path')
[2.736s] INFO:colcon.colcon_core.shell:Creating environment hook '/home/rhobtor/PHD/ARGOJ8_IA/ARGOSJ8_IA_/install/slg_msgs/share/slg_msgs/hook/cmake_prefix_path.ps1'
[2.736s] INFO:colcon.colcon_core.shell:Creating environment descriptor '/home/rhobtor/PHD/ARGOJ8_IA/ARGOSJ8_IA_/install/slg_msgs/share/slg_msgs/hook/cmake_prefix_path.dsv'
[2.737s] INFO:colcon.colcon_core.shell:Creating environment hook '/home/rhobtor/PHD/ARGOJ8_IA/ARGOSJ8_IA_/install/slg_msgs/share/slg_msgs/hook/cmake_prefix_path.sh'
[2.737s] Level 1:colcon.colcon_core.environment:checking '/home/rhobtor/PHD/ARGOJ8_IA/ARGOSJ8_IA_/install/slg_msgs/lib'
[2.737s] Level 1:colcon.colcon_core.shell:create_environment_hook('slg_msgs', 'ld_library_path_lib')
[2.738s] INFO:colcon.colcon_core.shell:Creating environment hook '/home/rhobtor/PHD/ARGOJ8_IA/ARGOSJ8_IA_/install/slg_msgs/share/slg_msgs/hook/ld_library_path_lib.ps1'
[2.738s] INFO:colcon.colcon_core.shell:Creating environment descriptor '/home/rhobtor/PHD/ARGOJ8_IA/ARGOSJ8_IA_/install/slg_msgs/share/slg_msgs/hook/ld_library_path_lib.dsv'
[2.738s] INFO:colcon.colcon_core.shell:Creating environment hook '/home/rhobtor/PHD/ARGOJ8_IA/ARGOSJ8_IA_/install/slg_msgs/share/slg_msgs/hook/ld_library_path_lib.sh'
[2.739s] Level 1:colcon.colcon_core.environment:checking '/home/rhobtor/PHD/ARGOJ8_IA/ARGOSJ8_IA_/install/slg_msgs/bin'
[2.739s] Level 1:colcon.colcon_core.environment:checking '/home/rhobtor/PHD/ARGOJ8_IA/ARGOSJ8_IA_/install/slg_msgs/lib/pkgconfig/slg_msgs.pc'
[2.739s] Level 1:colcon.colcon_core.environment:checking '/home/rhobtor/PHD/ARGOJ8_IA/ARGOSJ8_IA_/install/slg_msgs/lib/python3.10/site-packages'
[2.740s] Level 1:colcon.colcon_core.environment:checking '/home/rhobtor/PHD/ARGOJ8_IA/ARGOSJ8_IA_/install/slg_msgs/bin'
[2.740s] INFO:colcon.colcon_core.shell:Creating package script '/home/rhobtor/PHD/ARGOJ8_IA/ARGOSJ8_IA_/install/slg_msgs/share/slg_msgs/package.ps1'
[2.741s] INFO:colcon.colcon_core.shell:Creating package descriptor '/home/rhobtor/PHD/ARGOJ8_IA/ARGOSJ8_IA_/install/slg_msgs/share/slg_msgs/package.dsv'
[2.741s] INFO:colcon.colcon_core.shell:Creating package script '/home/rhobtor/PHD/ARGOJ8_IA/ARGOSJ8_IA_/install/slg_msgs/share/slg_msgs/package.sh'
[2.742s] INFO:colcon.colcon_core.shell:Creating package script '/home/rhobtor/PHD/ARGOJ8_IA/ARGOSJ8_IA_/install/slg_msgs/share/slg_msgs/package.bash'
[2.742s] INFO:colcon.colcon_core.shell:Creating package script '/home/rhobtor/PHD/ARGOJ8_IA/ARGOSJ8_IA_/install/slg_msgs/share/slg_msgs/package.zsh'
[2.742s] Level 1:colcon.colcon_core.environment:create_file_with_runtime_dependencies(/home/rhobtor/PHD/ARGOJ8_IA/ARGOSJ8_IA_/install/slg_msgs/share/colcon-core/packages/slg_msgs)
[2.745s] INFO:colcon.colcon_ros.task.ament_cmake.build:Building ROS package in '/home/rhobtor/PHD/ARGOJ8_IA/ARGOSJ8_IA_/src/lidar_process_pkgs/laser_segmentation' with build type 'ament_cmake'
[2.745s] INFO:colcon.colcon_cmake.task.cmake.build:Building CMake package in '/home/rhobtor/PHD/ARGOJ8_IA/ARGOSJ8_IA_/src/lidar_process_pkgs/laser_segmentation'
[2.745s] INFO:colcon.colcon_core.shell:Skip shell extension 'powershell' for command environment: Not usable outside of PowerShell
[2.745s] DEBUG:colcon.colcon_core.shell:Skip shell extension 'dsv' for command environment
[2.754s] INFO:colcon.colcon_ros.task.ament_cmake.build:Building ROS package in '/home/rhobtor/PHD/ARGOJ8_IA/ARGOSJ8_IA_/src/path_manager/path_manager' with build type 'ament_cmake'
[2.754s] INFO:colcon.colcon_cmake.task.cmake.build:Building CMake package in '/home/rhobtor/PHD/ARGOJ8_IA/ARGOSJ8_IA_/src/path_manager/path_manager'
[2.754s] INFO:colcon.colcon_core.shell:Skip shell extension 'powershell' for command environment: Not usable outside of PowerShell
[2.754s] DEBUG:colcon.colcon_core.shell:Skip shell extension 'dsv' for command environment
[2.768s] DEBUG:colcon.colcon_core.event_handler.log_command:Invoking command in '/home/rhobtor/PHD/ARGOJ8_IA/ARGOSJ8_IA_/build/ublox_msgs': CMAKE_PREFIX_PATH=/home/rhobtor/PHD/ARGOJ8_IA/ARGOSJ8_IA_/install/ublox_serialization:/home/rhobtor/PHD/ARGOJ8_IA/ARGOSJ8_IA_/install/wiimote_msgs:/home/rhobtor/PHD/ARGOJ8_IA/ARGOSJ8_IA_/install/ublox:/home/rhobtor/PHD/ARGOJ8_IA/ARGOSJ8_IA_/install/ublox_gps:/home/rhobtor/PHD/ARGOJ8_IA/ARGOSJ8_IA_/install/security_check:/home/rhobtor/PHD/ARGOJ8_IA/ARGOSJ8_IA_/install/ctl_mission:/home/rhobtor/PHD/ARGOJ8_IA/ARGOSJ8_IA_/install/ublox_msgs:/home/rhobtor/PHD/ARGOJ8_IA/ARGOSJ8_IA_/install/spacenav:/home/rhobtor/PHD/ARGOJ8_IA/ARGOSJ8_IA_/install/laser_segmentation:/home/rhobtor/PHD/ARGOJ8_IA/ARGOSJ8_IA_/install/slg_msgs:/home/rhobtor/PHD/ARGOJ8_IA/ARGOSJ8_IA_/install/security_check_interfaces:/home/rhobtor/PHD/ARGOJ8_IA/ARGOSJ8_IA_/install/joy:/home/rhobtor/PHD/ARGOJ8_IA/ARGOSJ8_IA_/install/sdl2_vendor:/home/rhobtor/PHD/ARGOJ8_IA/ARGOSJ8_IA_/install/path_manager:/home/rhobtor/PHD/ARGOJ8_IA/ARGOSJ8_IA_/install/path_manager_interfaces:/home/rhobtor/PHD/ARGOJ8_IA/ARGOSJ8_IA_/install/octomap_rviz_plugins:/home/rhobtor/PHD/ARGOJ8_IA/ARGOSJ8_IA_/install/joy_linux:/home/rhobtor/PHD/ARGOJ8_IA/ARGOSJ8_IA_/install/j8_xacro_model:/home/rhobtor/PHD/ARGOJ8_IA/ARGOSJ8_IA_/install/hector_gazebo_plugins:/home/rhobtor/PHD/ARGOJ8_IA/ARGOSJ8_IA_/install/fixposition_sensor_pkg:/home/rhobtor/PHD/ARGOJ8_IA/ARGOSJ8_IA_/install/fixposition_odometry_converter_ros2:/home/rhobtor/PHD/ARGOJ8_IA/ARGOSJ8_IA_/install/fixposition_driver_ros2:/home/rhobtor/PHD/ARGOJ8_IA/ARGOSJ8_IA_/install/fixposition_driver_lib:/home/rhobtor/PHD/ARGOJ8_IA/ARGOSJ8_IA_/install/fixposition_gnss_tf:/home/rhobtor/PHD/ARGOJ8_IA/ARGOSJ8_IA_/install/ctl_mission_interfaces:/home/rhobtor/PHD/ARGOJ8_IA/ARGOSJ8_IA_/install/car_cpp:/home/rhobtor/PHD/ARGOJ8_IA/ARGOSJ8_IA_/install/car_interfaces:/home/rhobtor/PHD/ARGOJ8_IA/ARGOSJ8_IA_/install/argj801_setup:/home/rhobtor/PHD/ARGOJ8_IA/ARGOSJ8_IA_/install/argj801_sensors:/home/rhobtor/PHD/ARGOJ8_IA/ARGOSJ8_IA_/install/argj801_sensors_msgs:/home/rhobtor/PHD/ARGOJ8_IA/ARGOSJ8_IA_/install/argj801_ctl_platform:/home/rhobtor/PHD/ARGOJ8_IA/ARGOSJ8_IA_/install/argj801_ctl_platform_interfaces:/home/rhobtor/zed/install/zed_ros2:/home/rhobtor/zed/install/zed_wrapper:/home/rhobtor/zed/install/zed_components:/home/rhobtor/zed/install/zed_interfaces:/home/rhobtor/PHD/reactive/Reactive-Navegation/workspace_full_conected/install/octomap_mapping:/home/rhobtor/PHD/reactive/Reactive-Navegation/workspace_full_conected/install/octomap_server:/home/rhobtor/PHD/reactive/Reactive-Navegation/workspace_full_conected/install/octomap_rviz_plugins:/home/rhobtor/PHD/reactive/Reactive-Navegation/workspace_full_conected/install/hector_gazebo_plugins:/home/rhobtor/PHD/reactive/Reactive-Navegation/workspace_full_conected/install/car_cpp:/home/rhobtor/PHD/reactive/Reactive-Navegation/workspace_full_conected/install/car_interfaces:/home/rhobtor/PHD/ARGOJ8_IA/ARGOSJ8_IA_/install/ntrip_client:/home/rhobtor/PHD/ARGOJ8_IA/ARGOSJ8_IA_/install/car:/home/rhobtor/PHD/ARGOJ8_IA/ARGOSJ8_IA_/install/android_ros2_server:/home/rhobtor/PHD/reactive/Reactive-Navegation/workspace_full_conected/install/car:/opt/ros/humble /opt/st/stm32cubeclt_1.18.0/CMake/bin/cmake --build /home/rhobtor/PHD/ARGOJ8_IA/ARGOSJ8_IA_/build/ublox_msgs -- -j16 -l16
[2.771s] DEBUG:colcon.colcon_core.event_handler.log_command:Invoking command in '/home/rhobtor/PHD/ARGOJ8_IA/ARGOSJ8_IA_/build/fixposition_driver_lib': CMAKE_PREFIX_PATH=/home/rhobtor/PHD/ARGOJ8_IA/ARGOSJ8_IA_/install/fixposition_gnss_tf:/home/rhobtor/PHD/ARGOJ8_IA/ARGOSJ8_IA_/install/wiimote_msgs:/home/rhobtor/PHD/ARGOJ8_IA/ARGOSJ8_IA_/install/ublox:/home/rhobtor/PHD/ARGOJ8_IA/ARGOSJ8_IA_/install/ublox_gps:/home/rhobtor/PHD/ARGOJ8_IA/ARGOSJ8_IA_/install/security_check:/home/rhobtor/PHD/ARGOJ8_IA/ARGOSJ8_IA_/install/ctl_mission:/home/rhobtor/PHD/ARGOJ8_IA/ARGOSJ8_IA_/install/ublox_msgs:/home/rhobtor/PHD/ARGOJ8_IA/ARGOSJ8_IA_/install/ublox_serialization:/home/rhobtor/PHD/ARGOJ8_IA/ARGOSJ8_IA_/install/spacenav:/home/rhobtor/PHD/ARGOJ8_IA/ARGOSJ8_IA_/install/laser_segmentation:/home/rhobtor/PHD/ARGOJ8_IA/ARGOSJ8_IA_/install/slg_msgs:/home/rhobtor/PHD/ARGOJ8_IA/ARGOSJ8_IA_/install/security_check_interfaces:/home/rhobtor/PHD/ARGOJ8_IA/ARGOSJ8_IA_/install/joy:/home/rhobtor/PHD/ARGOJ8_IA/ARGOSJ8_IA_/install/sdl2_vendor:/home/rhobtor/PHD/ARGOJ8_IA/ARGOSJ8_IA_/install/path_manager:/home/rhobtor/PHD/ARGOJ8_IA/ARGOSJ8_IA_/install/path_manager_interfaces:/home/rhobtor/PHD/ARGOJ8_IA/ARGOSJ8_IA_/install/octomap_rviz_plugins:/home/rhobtor/PHD/ARGOJ8_IA/ARGOSJ8_IA_/install/joy_linux:/home/rhobtor/PHD/ARGOJ8_IA/ARGOSJ8_IA_/install/j8_xacro_model:/home/rhobtor/PHD/ARGOJ8_IA/ARGOSJ8_IA_/install/hector_gazebo_plugins:/home/rhobtor/PHD/ARGOJ8_IA/ARGOSJ8_IA_/install/fixposition_sensor_pkg:/home/rhobtor/PHD/ARGOJ8_IA/ARGOSJ8_IA_/install/fixposition_odometry_converter_ros2:/home/rhobtor/PHD/ARGOJ8_IA/ARGOSJ8_IA_/install/fixposition_driver_ros2:/home/rhobtor/PHD/ARGOJ8_IA/ARGOSJ8_IA_/install/fixposition_driver_lib:/home/rhobtor/PHD/ARGOJ8_IA/ARGOSJ8_IA_/install/ctl_mission_interfaces:/home/rhobtor/PHD/ARGOJ8_IA/ARGOSJ8_IA_/install/car_cpp:/home/rhobtor/PHD/ARGOJ8_IA/ARGOSJ8_IA_/install/car_interfaces:/home/rhobtor/PHD/ARGOJ8_IA/ARGOSJ8_IA_/install/argj801_setup:/home/rhobtor/PHD/ARGOJ8_IA/ARGOSJ8_IA_/install/argj801_sensors:/home/rhobtor/PHD/ARGOJ8_IA/ARGOSJ8_IA_/install/argj801_sensors_msgs:/home/rhobtor/PHD/ARGOJ8_IA/ARGOSJ8_IA_/install/argj801_ctl_platform:/home/rhobtor/PHD/ARGOJ8_IA/ARGOSJ8_IA_/install/argj801_ctl_platform_interfaces:/home/rhobtor/zed/install/zed_ros2:/home/rhobtor/zed/install/zed_wrapper:/home/rhobtor/zed/install/zed_components:/home/rhobtor/zed/install/zed_interfaces:/home/rhobtor/PHD/reactive/Reactive-Navegation/workspace_full_conected/install/octomap_mapping:/home/rhobtor/PHD/reactive/Reactive-Navegation/workspace_full_conected/install/octomap_server:/home/rhobtor/PHD/reactive/Reactive-Navegation/workspace_full_conected/install/octomap_rviz_plugins:/home/rhobtor/PHD/reactive/Reactive-Navegation/workspace_full_conected/install/hector_gazebo_plugins:/home/rhobtor/PHD/reactive/Reactive-Navegation/workspace_full_conected/install/car_cpp:/home/rhobtor/PHD/reactive/Reactive-Navegation/workspace_full_conected/install/car_interfaces:/home/rhobtor/PHD/ARGOJ8_IA/ARGOSJ8_IA_/install/ntrip_client:/home/rhobtor/PHD/ARGOJ8_IA/ARGOSJ8_IA_/install/car:/home/rhobtor/PHD/ARGOJ8_IA/ARGOSJ8_IA_/install/android_ros2_server:/home/rhobtor/PHD/reactive/Reactive-Navegation/workspace_full_conected/install/car:/opt/ros/humble LD_LIBRARY_PATH=/home/rhobtor/PHD/ARGOJ8_IA/ARGOSJ8_IA_/install/fixposition_gnss_tf/lib:/home/rhobtor/PHD/ARGOJ8_IA/ARGOSJ8_IA_/install/wiimote_msgs/lib:/home/rhobtor/PHD/ARGOJ8_IA/ARGOSJ8_IA_/install/ublox_gps/lib:/home/rhobtor/PHD/ARGOJ8_IA/ARGOSJ8_IA_/install/ublox_msgs/lib:/home/rhobtor/PHD/ARGOJ8_IA/ARGOSJ8_IA_/install/spacenav/lib:/home/rhobtor/PHD/ARGOJ8_IA/ARGOSJ8_IA_/install/laser_segmentation/lib:/home/rhobtor/PHD/ARGOJ8_IA/ARGOSJ8_IA_/install/slg_msgs/lib:/home/rhobtor/PHD/ARGOJ8_IA/ARGOSJ8_IA_/install/security_check_interfaces/lib:/home/rhobtor/PHD/ARGOJ8_IA/ARGOSJ8_IA_/install/joy/lib:/home/rhobtor/PHD/ARGOJ8_IA/ARGOSJ8_IA_/install/path_manager_interfaces/lib:/home/rhobtor/PHD/ARGOJ8_IA/ARGOSJ8_IA_/install/octomap_rviz_plugins/lib:/home/rhobtor/PHD/ARGOJ8_IA/ARGOSJ8_IA_/install/j8_xacro_model/lib:/home/rhobtor/PHD/ARGOJ8_IA/ARGOSJ8_IA_/install/hector_gazebo_plugins/lib:/home/rhobtor/PHD/ARGOJ8_IA/ARGOSJ8_IA_/install/fixposition_sensor_pkg/lib:/home/rhobtor/PHD/ARGOJ8_IA/ARGOSJ8_IA_/install/fixposition_odometry_converter_ros2/lib:/home/rhobtor/PHD/ARGOJ8_IA/ARGOSJ8_IA_/install/fixposition_driver_ros2/lib:/home/rhobtor/PHD/ARGOJ8_IA/ARGOSJ8_IA_/install/fixposition_driver_lib/lib:/home/rhobtor/PHD/ARGOJ8_IA/ARGOSJ8_IA_/install/ctl_mission_interfaces/lib:/home/rhobtor/PHD/ARGOJ8_IA/ARGOSJ8_IA_/install/car_cpp/lib:/home/rhobtor/PHD/ARGOJ8_IA/ARGOSJ8_IA_/install/car_interfaces/lib:/home/rhobtor/PHD/ARGOJ8_IA/ARGOSJ8_IA_/install/argj801_sensors_msgs/lib:/home/rhobtor/PHD/ARGOJ8_IA/ARGOSJ8_IA_/install/argj801_ctl_platform_interfaces/lib:/usr/local/cuda/lib64:/usr/local/cuda/lib64:/usr/local/cuda-12.1/lib64:/usr/local/cuda-11.8/lib64:/home/rhobtor/zed/install/zed_components/lib:/home/rhobtor/zed/install/zed_interfaces/lib:/home/rhobtor/PHD/reactive/Reactive-Navegation/workspace_full_conected/install/octomap_server/lib:/home/rhobtor/PHD/reactive/Reactive-Navegation/workspace_full_conected/install/octomap_rviz_plugins/lib:/home/rhobtor/PHD/reactive/Reactive-Navegation/workspace_full_conected/install/hector_gazebo_plugins/lib:/home/rhobtor/PHD/reactive/Reactive-Navegation/workspace_full_conected/install/car_cpp/lib:/home/rhobtor/PHD/reactive/Reactive-Navegation/workspace_full_conected/install/car_interfaces/lib:/usr/lib/x86_64-linux-gnu/gazebo-11/plugins:/opt/ros/humble/opt/rviz_ogre_vendor/lib:/opt/ros/humble/lib/x86_64-linux-gnu:/opt/ros/humble/lib PKG_CONFIG_PATH=/home/rhobtor/PHD/ARGOJ8_IA/ARGOSJ8_IA_/install/fixposition_gnss_tf/lib/x86_64-linux-gnu/pkgconfig:/home/rhobtor/PHD/ARGOJ8_IA/ARGOSJ8_IA_/install/fixposition_gnss_tf/lib/pkgconfig:/home/rhobtor/PHD/ARGOJ8_IA/ARGOSJ8_IA_/install/fixposition_driver_lib/lib/x86_64-linux-gnu/pkgconfig:/home/rhobtor/PHD/ARGOJ8_IA/ARGOSJ8_IA_/install/fixposition_driver_lib/lib/pkgconfig /opt/st/stm32cubeclt_1.18.0/CMake/bin/cmake --build /home/rhobtor/PHD/ARGOJ8_IA/ARGOSJ8_IA_/build/fixposition_driver_lib -- -j16 -l16
[2.775s] DEBUG:colcon.colcon_core.event_handler.log_command:Invoking command in '/home/rhobtor/PHD/ARGOJ8_IA/ARGOSJ8_IA_/build/octomap_rviz_plugins': CMAKE_PREFIX_PATH=${CMAKE_PREFIX_PATH}:/home/rhobtor/PHD/ARGOJ8_IA/ARGOSJ8_IA_/install/ntrip_client:/home/rhobtor/PHD/ARGOJ8_IA/ARGOSJ8_IA_/install/car:/home/rhobtor/PHD/ARGOJ8_IA/ARGOSJ8_IA_/install/android_ros2_server:/home/rhobtor/PHD/reactive/Reactive-Navegation/workspace_full_conected/install/car:/opt/ros/humble /opt/st/stm32cubeclt_1.18.0/CMake/bin/cmake --build /home/rhobtor/PHD/ARGOJ8_IA/ARGOSJ8_IA_/build/octomap_rviz_plugins -- -j16 -l16
[2.776s] DEBUG:colcon.colcon_core.event_handler.log_command:Invoked command in '/home/rhobtor/PHD/ARGOJ8_IA/ARGOSJ8_IA_/build/hector_gazebo_plugins' returned '0': CMAKE_PREFIX_PATH=${CMAKE_PREFIX_PATH}:/home/rhobtor/PHD/ARGOJ8_IA/ARGOSJ8_IA_/install/ntrip_client:/home/rhobtor/PHD/ARGOJ8_IA/ARGOSJ8_IA_/install/car:/home/rhobtor/PHD/ARGOJ8_IA/ARGOSJ8_IA_/install/android_ros2_server:/home/rhobtor/PHD/reactive/Reactive-Navegation/workspace_full_conected/install/car:/opt/ros/humble /opt/st/stm32cubeclt_1.18.0/CMake/bin/cmake --build /home/rhobtor/PHD/ARGOJ8_IA/ARGOSJ8_IA_/build/hector_gazebo_plugins -- -j16 -l16
[2.779s] DEBUG:colcon.colcon_core.event_handler.log_command:Invoking command in '/home/rhobtor/PHD/ARGOJ8_IA/ARGOSJ8_IA_/build/hector_gazebo_plugins': CMAKE_PREFIX_PATH=${CMAKE_PREFIX_PATH}:/home/rhobtor/PHD/ARGOJ8_IA/ARGOSJ8_IA_/install/ntrip_client:/home/rhobtor/PHD/ARGOJ8_IA/ARGOSJ8_IA_/install/car:/home/rhobtor/PHD/ARGOJ8_IA/ARGOSJ8_IA_/install/android_ros2_server:/home/rhobtor/PHD/reactive/Reactive-Navegation/workspace_full_conected/install/car:/opt/ros/humble /opt/st/stm32cubeclt_1.18.0/CMake/bin/cmake --install /home/rhobtor/PHD/ARGOJ8_IA/ARGOSJ8_IA_/build/hector_gazebo_plugins
[2.786s] DEBUG:colcon.colcon_core.event_handler.log_command:Invoking command in '/home/rhobtor/PHD/ARGOJ8_IA/ARGOSJ8_IA_/build/spacenav': CMAKE_PREFIX_PATH=${CMAKE_PREFIX_PATH}:/home/rhobtor/PHD/ARGOJ8_IA/ARGOSJ8_IA_/install/ntrip_client:/home/rhobtor/PHD/ARGOJ8_IA/ARGOSJ8_IA_/install/car:/home/rhobtor/PHD/ARGOJ8_IA/ARGOSJ8_IA_/install/android_ros2_server:/home/rhobtor/PHD/reactive/Reactive-Navegation/workspace_full_conected/install/car:/opt/ros/humble /opt/st/stm32cubeclt_1.18.0/CMake/bin/cmake --build /home/rhobtor/PHD/ARGOJ8_IA/ARGOSJ8_IA_/build/spacenav -- -j16 -l16
[2.788s] DEBUG:colcon.colcon_core.event_handler.log_command:Invoking command in '/home/rhobtor/PHD/ARGOJ8_IA/ARGOSJ8_IA_/build/wiimote_msgs': CMAKE_PREFIX_PATH=${CMAKE_PREFIX_PATH}:/home/rhobtor/PHD/ARGOJ8_IA/ARGOSJ8_IA_/install/ntrip_client:/home/rhobtor/PHD/ARGOJ8_IA/ARGOSJ8_IA_/install/car:/home/rhobtor/PHD/ARGOJ8_IA/ARGOSJ8_IA_/install/android_ros2_server:/home/rhobtor/PHD/reactive/Reactive-Navegation/workspace_full_conected/install/car:/opt/ros/humble /opt/st/stm32cubeclt_1.18.0/CMake/bin/cmake --build /home/rhobtor/PHD/ARGOJ8_IA/ARGOSJ8_IA_/build/wiimote_msgs -- -j16 -l16
[2.791s] Level 1:colcon.colcon_core.environment:create_environment_scripts_only(ctl_mission_interfaces)
[2.792s] Level 1:colcon.colcon_core.environment:checking '/home/rhobtor/PHD/ARGOJ8_IA/ARGOSJ8_IA_/install/ctl_mission_interfaces' for CMake module files
[2.793s] DEBUG:colcon.colcon_core.event_handler.log_command:Invoked command in '/home/rhobtor/PHD/ARGOJ8_IA/ARGOSJ8_IA_/build/ctl_mission_interfaces' returned '0': CMAKE_PREFIX_PATH=${CMAKE_PREFIX_PATH}:/home/rhobtor/PHD/ARGOJ8_IA/ARGOSJ8_IA_/install/ntrip_client:/home/rhobtor/PHD/ARGOJ8_IA/ARGOSJ8_IA_/install/car:/home/rhobtor/PHD/ARGOJ8_IA/ARGOSJ8_IA_/install/android_ros2_server:/home/rhobtor/PHD/reactive/Reactive-Navegation/workspace_full_conected/install/car:/opt/ros/humble /opt/st/stm32cubeclt_1.18.0/CMake/bin/cmake --install /home/rhobtor/PHD/ARGOJ8_IA/ARGOSJ8_IA_/build/ctl_mission_interfaces
[2.799s] Level 1:colcon.colcon_core.environment:checking '/home/rhobtor/PHD/ARGOJ8_IA/ARGOSJ8_IA_/install/ctl_mission_interfaces' for CMake config files
[2.805s] Level 1:colcon.colcon_core.shell:create_environment_hook('ctl_mission_interfaces', 'cmake_prefix_path')
[2.806s] INFO:colcon.colcon_core.shell:Creating environment hook '/home/rhobtor/PHD/ARGOJ8_IA/ARGOSJ8_IA_/install/ctl_mission_interfaces/share/ctl_mission_interfaces/hook/cmake_prefix_path.ps1'
[2.807s] INFO:colcon.colcon_core.shell:Creating environment descriptor '/home/rhobtor/PHD/ARGOJ8_IA/ARGOSJ8_IA_/install/ctl_mission_interfaces/share/ctl_mission_interfaces/hook/cmake_prefix_path.dsv'
[2.807s] INFO:colcon.colcon_core.shell:Creating environment hook '/home/rhobtor/PHD/ARGOJ8_IA/ARGOSJ8_IA_/install/ctl_mission_interfaces/share/ctl_mission_interfaces/hook/cmake_prefix_path.sh'
[2.808s] Level 1:colcon.colcon_core.environment:checking '/home/rhobtor/PHD/ARGOJ8_IA/ARGOSJ8_IA_/install/ctl_mission_interfaces/lib'
[2.808s] Level 1:colcon.colcon_core.shell:create_environment_hook('ctl_mission_interfaces', 'ld_library_path_lib')
[2.809s] INFO:colcon.colcon_core.shell:Creating environment hook '/home/rhobtor/PHD/ARGOJ8_IA/ARGOSJ8_IA_/install/ctl_mission_interfaces/share/ctl_mission_interfaces/hook/ld_library_path_lib.ps1'
[2.809s] INFO:colcon.colcon_core.shell:Creating environment descriptor '/home/rhobtor/PHD/ARGOJ8_IA/ARGOSJ8_IA_/install/ctl_mission_interfaces/share/ctl_mission_interfaces/hook/ld_library_path_lib.dsv'
[2.810s] INFO:colcon.colcon_core.shell:Creating environment hook '/home/rhobtor/PHD/ARGOJ8_IA/ARGOSJ8_IA_/install/ctl_mission_interfaces/share/ctl_mission_interfaces/hook/ld_library_path_lib.sh'
[2.810s] Level 1:colcon.colcon_core.environment:checking '/home/rhobtor/PHD/ARGOJ8_IA/ARGOSJ8_IA_/install/ctl_mission_interfaces/bin'
[2.811s] Level 1:colcon.colcon_core.environment:checking '/home/rhobtor/PHD/ARGOJ8_IA/ARGOSJ8_IA_/install/ctl_mission_interfaces/lib/pkgconfig/ctl_mission_interfaces.pc'
[2.811s] Level 1:colcon.colcon_core.environment:checking '/home/rhobtor/PHD/ARGOJ8_IA/ARGOSJ8_IA_/install/ctl_mission_interfaces/lib/python3.10/site-packages'
[2.811s] Level 1:colcon.colcon_core.environment:checking '/home/rhobtor/PHD/ARGOJ8_IA/ARGOSJ8_IA_/install/ctl_mission_interfaces/bin'
[2.812s] INFO:colcon.colcon_core.shell:Creating package script '/home/rhobtor/PHD/ARGOJ8_IA/ARGOSJ8_IA_/install/ctl_mission_interfaces/share/ctl_mission_interfaces/package.ps1'
[2.813s] INFO:colcon.colcon_core.shell:Creating package descriptor '/home/rhobtor/PHD/ARGOJ8_IA/ARGOSJ8_IA_/install/ctl_mission_interfaces/share/ctl_mission_interfaces/package.dsv'
[2.813s] INFO:colcon.colcon_core.shell:Creating package script '/home/rhobtor/PHD/ARGOJ8_IA/ARGOSJ8_IA_/install/ctl_mission_interfaces/share/ctl_mission_interfaces/package.sh'
[2.814s] INFO:colcon.colcon_core.shell:Creating package script '/home/rhobtor/PHD/ARGOJ8_IA/ARGOSJ8_IA_/install/ctl_mission_interfaces/share/ctl_mission_interfaces/package.bash'
[2.814s] INFO:colcon.colcon_core.shell:Creating package script '/home/rhobtor/PHD/ARGOJ8_IA/ARGOSJ8_IA_/install/ctl_mission_interfaces/share/ctl_mission_interfaces/package.zsh'
[2.815s] Level 1:colcon.colcon_core.environment:create_file_with_runtime_dependencies(/home/rhobtor/PHD/ARGOJ8_IA/ARGOSJ8_IA_/install/ctl_mission_interfaces/share/colcon-core/packages/ctl_mission_interfaces)
[2.816s] Level 1:colcon.colcon_core.environment:create_environment_scripts_only(ctl_mission_interfaces)
[2.816s] Level 1:colcon.colcon_core.environment:checking '/home/rhobtor/PHD/ARGOJ8_IA/ARGOSJ8_IA_/install/ctl_mission_interfaces' for CMake module files
[2.817s] Level 1:colcon.colcon_core.environment:checking '/home/rhobtor/PHD/ARGOJ8_IA/ARGOSJ8_IA_/install/ctl_mission_interfaces' for CMake config files
[2.818s] Level 1:colcon.colcon_core.shell:create_environment_hook('ctl_mission_interfaces', 'cmake_prefix_path')
[2.818s] INFO:colcon.colcon_core.shell:Creating environment hook '/home/rhobtor/PHD/ARGOJ8_IA/ARGOSJ8_IA_/install/ctl_mission_interfaces/share/ctl_mission_interfaces/hook/cmake_prefix_path.ps1'
[2.819s] INFO:colcon.colcon_core.shell:Creating environment descriptor '/home/rhobtor/PHD/ARGOJ8_IA/ARGOSJ8_IA_/install/ctl_mission_interfaces/share/ctl_mission_interfaces/hook/cmake_prefix_path.dsv'
[2.819s] INFO:colcon.colcon_core.shell:Creating environment hook '/home/rhobtor/PHD/ARGOJ8_IA/ARGOSJ8_IA_/install/ctl_mission_interfaces/share/ctl_mission_interfaces/hook/cmake_prefix_path.sh'
[2.820s] Level 1:colcon.colcon_core.environment:checking '/home/rhobtor/PHD/ARGOJ8_IA/ARGOSJ8_IA_/install/ctl_mission_interfaces/lib'
[2.820s] Level 1:colcon.colcon_core.shell:create_environment_hook('ctl_mission_interfaces', 'ld_library_path_lib')
[2.820s] INFO:colcon.colcon_core.shell:Creating environment hook '/home/rhobtor/PHD/ARGOJ8_IA/ARGOSJ8_IA_/install/ctl_mission_interfaces/share/ctl_mission_interfaces/hook/ld_library_path_lib.ps1'
[2.821s] INFO:colcon.colcon_core.shell:Creating environment descriptor '/home/rhobtor/PHD/ARGOJ8_IA/ARGOSJ8_IA_/install/ctl_mission_interfaces/share/ctl_mission_interfaces/hook/ld_library_path_lib.dsv'
[2.821s] INFO:colcon.colcon_core.shell:Creating environment hook '/home/rhobtor/PHD/ARGOJ8_IA/ARGOSJ8_IA_/install/ctl_mission_interfaces/share/ctl_mission_interfaces/hook/ld_library_path_lib.sh'
[2.822s] Level 1:colcon.colcon_core.environment:checking '/home/rhobtor/PHD/ARGOJ8_IA/ARGOSJ8_IA_/install/ctl_mission_interfaces/bin'
[2.822s] Level 1:colcon.colcon_core.environment:checking '/home/rhobtor/PHD/ARGOJ8_IA/ARGOSJ8_IA_/install/ctl_mission_interfaces/lib/pkgconfig/ctl_mission_interfaces.pc'
[2.822s] Level 1:colcon.colcon_core.environment:checking '/home/rhobtor/PHD/ARGOJ8_IA/ARGOSJ8_IA_/install/ctl_mission_interfaces/lib/python3.10/site-packages'
[2.823s] Level 1:colcon.colcon_core.environment:checking '/home/rhobtor/PHD/ARGOJ8_IA/ARGOSJ8_IA_/install/ctl_mission_interfaces/bin'
[2.823s] INFO:colcon.colcon_core.shell:Creating package script '/home/rhobtor/PHD/ARGOJ8_IA/ARGOSJ8_IA_/install/ctl_mission_interfaces/share/ctl_mission_interfaces/package.ps1'
[2.824s] INFO:colcon.colcon_core.shell:Creating package descriptor '/home/rhobtor/PHD/ARGOJ8_IA/ARGOSJ8_IA_/install/ctl_mission_interfaces/share/ctl_mission_interfaces/package.dsv'
[2.825s] INFO:colcon.colcon_core.shell:Creating package script '/home/rhobtor/PHD/ARGOJ8_IA/ARGOSJ8_IA_/install/ctl_mission_interfaces/share/ctl_mission_interfaces/package.sh'
[2.826s] INFO:colcon.colcon_core.shell:Creating package script '/home/rhobtor/PHD/ARGOJ8_IA/ARGOSJ8_IA_/install/ctl_mission_interfaces/share/ctl_mission_interfaces/package.bash'
[2.827s] INFO:colcon.colcon_core.shell:Creating package script '/home/rhobtor/PHD/ARGOJ8_IA/ARGOSJ8_IA_/install/ctl_mission_interfaces/share/ctl_mission_interfaces/package.zsh'
[2.829s] Level 1:colcon.colcon_core.environment:create_file_with_runtime_dependencies(/home/rhobtor/PHD/ARGOJ8_IA/ARGOSJ8_IA_/install/ctl_mission_interfaces/share/colcon-core/packages/ctl_mission_interfaces)
[2.833s] DEBUG:colcon.colcon_core.event_handler.log_command:Invoking command in '/home/rhobtor/PHD/ARGOJ8_IA/ARGOSJ8_IA_/build/argj801_ctl_platform': CMAKE_PREFIX_PATH=/home/rhobtor/PHD/ARGOJ8_IA/ARGOSJ8_IA_/install/argj801_ctl_platform_interfaces:/home/rhobtor/PHD/ARGOJ8_IA/ARGOSJ8_IA_/install/wiimote_msgs:/home/rhobtor/PHD/ARGOJ8_IA/ARGOSJ8_IA_/install/ublox:/home/rhobtor/PHD/ARGOJ8_IA/ARGOSJ8_IA_/install/ublox_gps:/home/rhobtor/PHD/ARGOJ8_IA/ARGOSJ8_IA_/install/security_check:/home/rhobtor/PHD/ARGOJ8_IA/ARGOSJ8_IA_/install/ctl_mission:/home/rhobtor/PHD/ARGOJ8_IA/ARGOSJ8_IA_/install/ublox_msgs:/home/rhobtor/PHD/ARGOJ8_IA/ARGOSJ8_IA_/install/ublox_serialization:/home/rhobtor/PHD/ARGOJ8_IA/ARGOSJ8_IA_/install/spacenav:/home/rhobtor/PHD/ARGOJ8_IA/ARGOSJ8_IA_/install/laser_segmentation:/home/rhobtor/PHD/ARGOJ8_IA/ARGOSJ8_IA_/install/slg_msgs:/home/rhobtor/PHD/ARGOJ8_IA/ARGOSJ8_IA_/install/security_check_interfaces:/home/rhobtor/PHD/ARGOJ8_IA/ARGOSJ8_IA_/install/joy:/home/rhobtor/PHD/ARGOJ8_IA/ARGOSJ8_IA_/install/sdl2_vendor:/home/rhobtor/PHD/ARGOJ8_IA/ARGOSJ8_IA_/install/path_manager:/home/rhobtor/PHD/ARGOJ8_IA/ARGOSJ8_IA_/install/path_manager_interfaces:/home/rhobtor/PHD/ARGOJ8_IA/ARGOSJ8_IA_/install/octomap_rviz_plugins:/home/rhobtor/PHD/ARGOJ8_IA/ARGOSJ8_IA_/install/joy_linux:/home/rhobtor/PHD/ARGOJ8_IA/ARGOSJ8_IA_/install/j8_xacro_model:/home/rhobtor/PHD/ARGOJ8_IA/ARGOSJ8_IA_/install/hector_gazebo_plugins:/home/rhobtor/PHD/ARGOJ8_IA/ARGOSJ8_IA_/install/fixposition_sensor_pkg:/home/rhobtor/PHD/ARGOJ8_IA/ARGOSJ8_IA_/install/fixposition_odometry_converter_ros2:/home/rhobtor/PHD/ARGOJ8_IA/ARGOSJ8_IA_/install/fixposition_driver_ros2:/home/rhobtor/PHD/ARGOJ8_IA/ARGOSJ8_IA_/install/fixposition_driver_lib:/home/rhobtor/PHD/ARGOJ8_IA/ARGOSJ8_IA_/install/fixposition_gnss_tf:/home/rhobtor/PHD/ARGOJ8_IA/ARGOSJ8_IA_/install/ctl_mission_interfaces:/home/rhobtor/PHD/ARGOJ8_IA/ARGOSJ8_IA_/install/car_cpp:/home/rhobtor/PHD/ARGOJ8_IA/ARGOSJ8_IA_/install/car_interfaces:/home/rhobtor/PHD/ARGOJ8_IA/ARGOSJ8_IA_/install/argj801_setup:/home/rhobtor/PHD/ARGOJ8_IA/ARGOSJ8_IA_/install/argj801_sensors:/home/rhobtor/PHD/ARGOJ8_IA/ARGOSJ8_IA_/install/argj801_sensors_msgs:/home/rhobtor/PHD/ARGOJ8_IA/ARGOSJ8_IA_/install/argj801_ctl_platform:/home/rhobtor/zed/install/zed_ros2:/home/rhobtor/zed/install/zed_wrapper:/home/rhobtor/zed/install/zed_components:/home/rhobtor/zed/install/zed_interfaces:/home/rhobtor/PHD/reactive/Reactive-Navegation/workspace_full_conected/install/octomap_mapping:/home/rhobtor/PHD/reactive/Reactive-Navegation/workspace_full_conected/install/octomap_server:/home/rhobtor/PHD/reactive/Reactive-Navegation/workspace_full_conected/install/octomap_rviz_plugins:/home/rhobtor/PHD/reactive/Reactive-Navegation/workspace_full_conected/install/hector_gazebo_plugins:/home/rhobtor/PHD/reactive/Reactive-Navegation/workspace_full_conected/install/car_cpp:/home/rhobtor/PHD/reactive/Reactive-Navegation/workspace_full_conected/install/car_interfaces:/home/rhobtor/PHD/ARGOJ8_IA/ARGOSJ8_IA_/install/ntrip_client:/home/rhobtor/PHD/ARGOJ8_IA/ARGOSJ8_IA_/install/car:/home/rhobtor/PHD/ARGOJ8_IA/ARGOSJ8_IA_/install/android_ros2_server:/home/rhobtor/PHD/reactive/Reactive-Navegation/workspace_full_conected/install/car:/opt/ros/humble LD_LIBRARY_PATH=/home/rhobtor/PHD/ARGOJ8_IA/ARGOSJ8_IA_/install/argj801_ctl_platform_interfaces/lib:/home/rhobtor/PHD/ARGOJ8_IA/ARGOSJ8_IA_/install/wiimote_msgs/lib:/home/rhobtor/PHD/ARGOJ8_IA/ARGOSJ8_IA_/install/ublox_gps/lib:/home/rhobtor/PHD/ARGOJ8_IA/ARGOSJ8_IA_/install/ublox_msgs/lib:/home/rhobtor/PHD/ARGOJ8_IA/ARGOSJ8_IA_/install/spacenav/lib:/home/rhobtor/PHD/ARGOJ8_IA/ARGOSJ8_IA_/install/laser_segmentation/lib:/home/rhobtor/PHD/ARGOJ8_IA/ARGOSJ8_IA_/install/slg_msgs/lib:/home/rhobtor/PHD/ARGOJ8_IA/ARGOSJ8_IA_/install/security_check_interfaces/lib:/home/rhobtor/PHD/ARGOJ8_IA/ARGOSJ8_IA_/install/joy/lib:/home/rhobtor/PHD/ARGOJ8_IA/ARGOSJ8_IA_/install/path_manager_interfaces/lib:/home/rhobtor/PHD/ARGOJ8_IA/ARGOSJ8_IA_/install/octomap_rviz_plugins/lib:/home/rhobtor/PHD/ARGOJ8_IA/ARGOSJ8_IA_/install/j8_xacro_model/lib:/home/rhobtor/PHD/ARGOJ8_IA/ARGOSJ8_IA_/install/hector_gazebo_plugins/lib:/home/rhobtor/PHD/ARGOJ8_IA/ARGOSJ8_IA_/install/fixposition_sensor_pkg/lib:/home/rhobtor/PHD/ARGOJ8_IA/ARGOSJ8_IA_/install/fixposition_odometry_converter_ros2/lib:/home/rhobtor/PHD/ARGOJ8_IA/ARGOSJ8_IA_/install/fixposition_driver_ros2/lib:/home/rhobtor/PHD/ARGOJ8_IA/ARGOSJ8_IA_/install/fixposition_driver_lib/lib:/home/rhobtor/PHD/ARGOJ8_IA/ARGOSJ8_IA_/install/fixposition_gnss_tf/lib:/home/rhobtor/PHD/ARGOJ8_IA/ARGOSJ8_IA_/install/ctl_mission_interfaces/lib:/home/rhobtor/PHD/ARGOJ8_IA/ARGOSJ8_IA_/install/car_cpp/lib:/home/rhobtor/PHD/ARGOJ8_IA/ARGOSJ8_IA_/install/car_interfaces/lib:/home/rhobtor/PHD/ARGOJ8_IA/ARGOSJ8_IA_/install/argj801_sensors_msgs/lib:/usr/local/cuda/lib64:/usr/local/cuda/lib64:/usr/local/cuda-12.1/lib64:/usr/local/cuda-11.8/lib64:/home/rhobtor/zed/install/zed_components/lib:/home/rhobtor/zed/install/zed_interfaces/lib:/home/rhobtor/PHD/reactive/Reactive-Navegation/workspace_full_conected/install/octomap_server/lib:/home/rhobtor/PHD/reactive/Reactive-Navegation/workspace_full_conected/install/octomap_rviz_plugins/lib:/home/rhobtor/PHD/reactive/Reactive-Navegation/workspace_full_conected/install/hector_gazebo_plugins/lib:/home/rhobtor/PHD/reactive/Reactive-Navegation/workspace_full_conected/install/car_cpp/lib:/home/rhobtor/PHD/reactive/Reactive-Navegation/workspace_full_conected/install/car_interfaces/lib:/usr/lib/x86_64-linux-gnu/gazebo-11/plugins:/opt/ros/humble/opt/rviz_ogre_vendor/lib:/opt/ros/humble/lib/x86_64-linux-gnu:/opt/ros/humble/lib /opt/st/stm32cubeclt_1.18.0/CMake/bin/cmake --build /home/rhobtor/PHD/ARGOJ8_IA/ARGOSJ8_IA_/build/argj801_ctl_platform -- -j16 -l16
[2.870s] DEBUG:colcon.colcon_core.event_handler.log_command:Invoking command in '/home/rhobtor/PHD/ARGOJ8_IA/ARGOSJ8_IA_/build/argj801_sensors': CMAKE_PREFIX_PATH=/home/rhobtor/PHD/ARGOJ8_IA/ARGOSJ8_IA_/install/argj801_sensors_msgs:/home/rhobtor/PHD/ARGOJ8_IA/ARGOSJ8_IA_/install/argj801_ctl_platform_interfaces:/home/rhobtor/PHD/ARGOJ8_IA/ARGOSJ8_IA_/install/wiimote_msgs:/home/rhobtor/PHD/ARGOJ8_IA/ARGOSJ8_IA_/install/ublox:/home/rhobtor/PHD/ARGOJ8_IA/ARGOSJ8_IA_/install/ublox_gps:/home/rhobtor/PHD/ARGOJ8_IA/ARGOSJ8_IA_/install/security_check:/home/rhobtor/PHD/ARGOJ8_IA/ARGOSJ8_IA_/install/ctl_mission:/home/rhobtor/PHD/ARGOJ8_IA/ARGOSJ8_IA_/install/ublox_msgs:/home/rhobtor/PHD/ARGOJ8_IA/ARGOSJ8_IA_/install/ublox_serialization:/home/rhobtor/PHD/ARGOJ8_IA/ARGOSJ8_IA_/install/spacenav:/home/rhobtor/PHD/ARGOJ8_IA/ARGOSJ8_IA_/install/laser_segmentation:/home/rhobtor/PHD/ARGOJ8_IA/ARGOSJ8_IA_/install/slg_msgs:/home/rhobtor/PHD/ARGOJ8_IA/ARGOSJ8_IA_/install/security_check_interfaces:/home/rhobtor/PHD/ARGOJ8_IA/ARGOSJ8_IA_/install/joy:/home/rhobtor/PHD/ARGOJ8_IA/ARGOSJ8_IA_/install/sdl2_vendor:/home/rhobtor/PHD/ARGOJ8_IA/ARGOSJ8_IA_/install/path_manager:/home/rhobtor/PHD/ARGOJ8_IA/ARGOSJ8_IA_/install/path_manager_interfaces:/home/rhobtor/PHD/ARGOJ8_IA/ARGOSJ8_IA_/install/octomap_rviz_plugins:/home/rhobtor/PHD/ARGOJ8_IA/ARGOSJ8_IA_/install/joy_linux:/home/rhobtor/PHD/ARGOJ8_IA/ARGOSJ8_IA_/install/j8_xacro_model:/home/rhobtor/PHD/ARGOJ8_IA/ARGOSJ8_IA_/install/hector_gazebo_plugins:/home/rhobtor/PHD/ARGOJ8_IA/ARGOSJ8_IA_/install/fixposition_sensor_pkg:/home/rhobtor/PHD/ARGOJ8_IA/ARGOSJ8_IA_/install/fixposition_odometry_converter_ros2:/home/rhobtor/PHD/ARGOJ8_IA/ARGOSJ8_IA_/install/fixposition_driver_ros2:/home/rhobtor/PHD/ARGOJ8_IA/ARGOSJ8_IA_/install/fixposition_driver_lib:/home/rhobtor/PHD/ARGOJ8_IA/ARGOSJ8_IA_/install/fixposition_gnss_tf:/home/rhobtor/PHD/ARGOJ8_IA/ARGOSJ8_IA_/install/ctl_mission_interfaces:/home/rhobtor/PHD/ARGOJ8_IA/ARGOSJ8_IA_/install/car_cpp:/home/rhobtor/PHD/ARGOJ8_IA/ARGOSJ8_IA_/install/car_interfaces:/home/rhobtor/PHD/ARGOJ8_IA/ARGOSJ8_IA_/install/argj801_setup:/home/rhobtor/PHD/ARGOJ8_IA/ARGOSJ8_IA_/install/argj801_sensors:/home/rhobtor/PHD/ARGOJ8_IA/ARGOSJ8_IA_/install/argj801_ctl_platform:/home/rhobtor/zed/install/zed_ros2:/home/rhobtor/zed/install/zed_wrapper:/home/rhobtor/zed/install/zed_components:/home/rhobtor/zed/install/zed_interfaces:/home/rhobtor/PHD/reactive/Reactive-Navegation/workspace_full_conected/install/octomap_mapping:/home/rhobtor/PHD/reactive/Reactive-Navegation/workspace_full_conected/install/octomap_server:/home/rhobtor/PHD/reactive/Reactive-Navegation/workspace_full_conected/install/octomap_rviz_plugins:/home/rhobtor/PHD/reactive/Reactive-Navegation/workspace_full_conected/install/hector_gazebo_plugins:/home/rhobtor/PHD/reactive/Reactive-Navegation/workspace_full_conected/install/car_cpp:/home/rhobtor/PHD/reactive/Reactive-Navegation/workspace_full_conected/install/car_interfaces:/home/rhobtor/PHD/ARGOJ8_IA/ARGOSJ8_IA_/install/ntrip_client:/home/rhobtor/PHD/ARGOJ8_IA/ARGOSJ8_IA_/install/car:/home/rhobtor/PHD/ARGOJ8_IA/ARGOSJ8_IA_/install/android_ros2_server:/home/rhobtor/PHD/reactive/Reactive-Navegation/workspace_full_conected/install/car:/opt/ros/humble LD_LIBRARY_PATH=/home/rhobtor/PHD/ARGOJ8_IA/ARGOSJ8_IA_/install/argj801_sensors_msgs/lib:/home/rhobtor/PHD/ARGOJ8_IA/ARGOSJ8_IA_/install/argj801_ctl_platform_interfaces/lib:/home/rhobtor/PHD/ARGOJ8_IA/ARGOSJ8_IA_/install/wiimote_msgs/lib:/home/rhobtor/PHD/ARGOJ8_IA/ARGOSJ8_IA_/install/ublox_gps/lib:/home/rhobtor/PHD/ARGOJ8_IA/ARGOSJ8_IA_/install/ublox_msgs/lib:/home/rhobtor/PHD/ARGOJ8_IA/ARGOSJ8_IA_/install/spacenav/lib:/home/rhobtor/PHD/ARGOJ8_IA/ARGOSJ8_IA_/install/laser_segmentation/lib:/home/rhobtor/PHD/ARGOJ8_IA/ARGOSJ8_IA_/install/slg_msgs/lib:/home/rhobtor/PHD/ARGOJ8_IA/ARGOSJ8_IA_/install/security_check_interfaces/lib:/home/rhobtor/PHD/ARGOJ8_IA/ARGOSJ8_IA_/install/joy/lib:/home/rhobtor/PHD/ARGOJ8_IA/ARGOSJ8_IA_/install/path_manager_interfaces/lib:/home/rhobtor/PHD/ARGOJ8_IA/ARGOSJ8_IA_/install/octomap_rviz_plugins/lib:/home/rhobtor/PHD/ARGOJ8_IA/ARGOSJ8_IA_/install/j8_xacro_model/lib:/home/rhobtor/PHD/ARGOJ8_IA/ARGOSJ8_IA_/install/hector_gazebo_plugins/lib:/home/rhobtor/PHD/ARGOJ8_IA/ARGOSJ8_IA_/install/fixposition_sensor_pkg/lib:/home/rhobtor/PHD/ARGOJ8_IA/ARGOSJ8_IA_/install/fixposition_odometry_converter_ros2/lib:/home/rhobtor/PHD/ARGOJ8_IA/ARGOSJ8_IA_/install/fixposition_driver_ros2/lib:/home/rhobtor/PHD/ARGOJ8_IA/ARGOSJ8_IA_/install/fixposition_driver_lib/lib:/home/rhobtor/PHD/ARGOJ8_IA/ARGOSJ8_IA_/install/fixposition_gnss_tf/lib:/home/rhobtor/PHD/ARGOJ8_IA/ARGOSJ8_IA_/install/ctl_mission_interfaces/lib:/home/rhobtor/PHD/ARGOJ8_IA/ARGOSJ8_IA_/install/car_cpp/lib:/home/rhobtor/PHD/ARGOJ8_IA/ARGOSJ8_IA_/install/car_interfaces/lib:/usr/local/cuda/lib64:/usr/local/cuda/lib64:/usr/local/cuda-12.1/lib64:/usr/local/cuda-11.8/lib64:/home/rhobtor/zed/install/zed_components/lib:/home/rhobtor/zed/install/zed_interfaces/lib:/home/rhobtor/PHD/reactive/Reactive-Navegation/workspace_full_conected/install/octomap_server/lib:/home/rhobtor/PHD/reactive/Reactive-Navegation/workspace_full_conected/install/octomap_rviz_plugins/lib:/home/rhobtor/PHD/reactive/Reactive-Navegation/workspace_full_conected/install/hector_gazebo_plugins/lib:/home/rhobtor/PHD/reactive/Reactive-Navegation/workspace_full_conected/install/car_cpp/lib:/home/rhobtor/PHD/reactive/Reactive-Navegation/workspace_full_conected/install/car_interfaces/lib:/usr/lib/x86_64-linux-gnu/gazebo-11/plugins:/opt/ros/humble/opt/rviz_ogre_vendor/lib:/opt/ros/humble/lib/x86_64-linux-gnu:/opt/ros/humble/lib /opt/st/stm32cubeclt_1.18.0/CMake/bin/cmake --build /home/rhobtor/PHD/ARGOJ8_IA/ARGOSJ8_IA_/build/argj801_sensors -- -j16 -l16
[3.330s] INFO:colcon.colcon_core.task.python.build:Building Python package in '/home/rhobtor/PHD/ARGOJ8_IA/ARGOSJ8_IA_/src/car_python'
[3.330s] INFO:colcon.colcon_core.shell:Skip shell extension 'powershell' for command environment: Not usable outside of PowerShell
[3.330s] DEBUG:colcon.colcon_core.shell:Skip shell extension 'dsv' for command environment
[3.343s] DEBUG:colcon.colcon_core.event_handler.log_command:Invoking command in '/home/rhobtor/PHD/ARGOJ8_IA/ARGOSJ8_IA_/build/car_cpp': CMAKE_PREFIX_PATH=/home/rhobtor/PHD/ARGOJ8_IA/ARGOSJ8_IA_/install/car_interfaces:/home/rhobtor/PHD/ARGOJ8_IA/ARGOSJ8_IA_/install/wiimote_msgs:/home/rhobtor/PHD/ARGOJ8_IA/ARGOSJ8_IA_/install/ublox:/home/rhobtor/PHD/ARGOJ8_IA/ARGOSJ8_IA_/install/ublox_gps:/home/rhobtor/PHD/ARGOJ8_IA/ARGOSJ8_IA_/install/security_check:/home/rhobtor/PHD/ARGOJ8_IA/ARGOSJ8_IA_/install/ctl_mission:/home/rhobtor/PHD/ARGOJ8_IA/ARGOSJ8_IA_/install/ublox_msgs:/home/rhobtor/PHD/ARGOJ8_IA/ARGOSJ8_IA_/install/ublox_serialization:/home/rhobtor/PHD/ARGOJ8_IA/ARGOSJ8_IA_/install/spacenav:/home/rhobtor/PHD/ARGOJ8_IA/ARGOSJ8_IA_/install/laser_segmentation:/home/rhobtor/PHD/ARGOJ8_IA/ARGOSJ8_IA_/install/slg_msgs:/home/rhobtor/PHD/ARGOJ8_IA/ARGOSJ8_IA_/install/security_check_interfaces:/home/rhobtor/PHD/ARGOJ8_IA/ARGOSJ8_IA_/install/joy:/home/rhobtor/PHD/ARGOJ8_IA/ARGOSJ8_IA_/install/sdl2_vendor:/home/rhobtor/PHD/ARGOJ8_IA/ARGOSJ8_IA_/install/path_manager:/home/rhobtor/PHD/ARGOJ8_IA/ARGOSJ8_IA_/install/path_manager_interfaces:/home/rhobtor/PHD/ARGOJ8_IA/ARGOSJ8_IA_/install/octomap_rviz_plugins:/home/rhobtor/PHD/ARGOJ8_IA/ARGOSJ8_IA_/install/joy_linux:/home/rhobtor/PHD/ARGOJ8_IA/ARGOSJ8_IA_/install/j8_xacro_model:/home/rhobtor/PHD/ARGOJ8_IA/ARGOSJ8_IA_/install/hector_gazebo_plugins:/home/rhobtor/PHD/ARGOJ8_IA/ARGOSJ8_IA_/install/fixposition_sensor_pkg:/home/rhobtor/PHD/ARGOJ8_IA/ARGOSJ8_IA_/install/fixposition_odometry_converter_ros2:/home/rhobtor/PHD/ARGOJ8_IA/ARGOSJ8_IA_/install/fixposition_driver_ros2:/home/rhobtor/PHD/ARGOJ8_IA/ARGOSJ8_IA_/install/fixposition_driver_lib:/home/rhobtor/PHD/ARGOJ8_IA/ARGOSJ8_IA_/install/fixposition_gnss_tf:/home/rhobtor/PHD/ARGOJ8_IA/ARGOSJ8_IA_/install/ctl_mission_interfaces:/home/rhobtor/PHD/ARGOJ8_IA/ARGOSJ8_IA_/install/car_cpp:/home/rhobtor/PHD/ARGOJ8_IA/ARGOSJ8_IA_/install/argj801_setup:/home/rhobtor/PHD/ARGOJ8_IA/ARGOSJ8_IA_/install/argj801_sensors:/home/rhobtor/PHD/ARGOJ8_IA/ARGOSJ8_IA_/install/argj801_sensors_msgs:/home/rhobtor/PHD/ARGOJ8_IA/ARGOSJ8_IA_/install/argj801_ctl_platform:/home/rhobtor/PHD/ARGOJ8_IA/ARGOSJ8_IA_/install/argj801_ctl_platform_interfaces:/home/rhobtor/zed/install/zed_ros2:/home/rhobtor/zed/install/zed_wrapper:/home/rhobtor/zed/install/zed_components:/home/rhobtor/zed/install/zed_interfaces:/home/rhobtor/PHD/reactive/Reactive-Navegation/workspace_full_conected/install/octomap_mapping:/home/rhobtor/PHD/reactive/Reactive-Navegation/workspace_full_conected/install/octomap_server:/home/rhobtor/PHD/reactive/Reactive-Navegation/workspace_full_conected/install/octomap_rviz_plugins:/home/rhobtor/PHD/reactive/Reactive-Navegation/workspace_full_conected/install/hector_gazebo_plugins:/home/rhobtor/PHD/reactive/Reactive-Navegation/workspace_full_conected/install/car_cpp:/home/rhobtor/PHD/reactive/Reactive-Navegation/workspace_full_conected/install/car_interfaces:/home/rhobtor/PHD/ARGOJ8_IA/ARGOSJ8_IA_/install/ntrip_client:/home/rhobtor/PHD/ARGOJ8_IA/ARGOSJ8_IA_/install/car:/home/rhobtor/PHD/ARGOJ8_IA/ARGOSJ8_IA_/install/android_ros2_server:/home/rhobtor/PHD/reactive/Reactive-Navegation/workspace_full_conected/install/car:/opt/ros/humble LD_LIBRARY_PATH=/home/rhobtor/PHD/ARGOJ8_IA/ARGOSJ8_IA_/install/car_interfaces/lib:/home/rhobtor/PHD/ARGOJ8_IA/ARGOSJ8_IA_/install/wiimote_msgs/lib:/home/rhobtor/PHD/ARGOJ8_IA/ARGOSJ8_IA_/install/ublox_gps/lib:/home/rhobtor/PHD/ARGOJ8_IA/ARGOSJ8_IA_/install/ublox_msgs/lib:/home/rhobtor/PHD/ARGOJ8_IA/ARGOSJ8_IA_/install/spacenav/lib:/home/rhobtor/PHD/ARGOJ8_IA/ARGOSJ8_IA_/install/laser_segmentation/lib:/home/rhobtor/PHD/ARGOJ8_IA/ARGOSJ8_IA_/install/slg_msgs/lib:/home/rhobtor/PHD/ARGOJ8_IA/ARGOSJ8_IA_/install/security_check_interfaces/lib:/home/rhobtor/PHD/ARGOJ8_IA/ARGOSJ8_IA_/install/joy/lib:/home/rhobtor/PHD/ARGOJ8_IA/ARGOSJ8_IA_/install/path_manager_interfaces/lib:/home/rhobtor/PHD/ARGOJ8_IA/ARGOSJ8_IA_/install/octomap_rviz_plugins/lib:/home/rhobtor/PHD/ARGOJ8_IA/ARGOSJ8_IA_/install/j8_xacro_model/lib:/home/rhobtor/PHD/ARGOJ8_IA/ARGOSJ8_IA_/install/hector_gazebo_plugins/lib:/home/rhobtor/PHD/ARGOJ8_IA/ARGOSJ8_IA_/install/fixposition_sensor_pkg/lib:/home/rhobtor/PHD/ARGOJ8_IA/ARGOSJ8_IA_/install/fixposition_odometry_converter_ros2/lib:/home/rhobtor/PHD/ARGOJ8_IA/ARGOSJ8_IA_/install/fixposition_driver_ros2/lib:/home/rhobtor/PHD/ARGOJ8_IA/ARGOSJ8_IA_/install/fixposition_driver_lib/lib:/home/rhobtor/PHD/ARGOJ8_IA/ARGOSJ8_IA_/install/fixposition_gnss_tf/lib:/home/rhobtor/PHD/ARGOJ8_IA/ARGOSJ8_IA_/install/ctl_mission_interfaces/lib:/home/rhobtor/PHD/ARGOJ8_IA/ARGOSJ8_IA_/install/car_cpp/lib:/home/rhobtor/PHD/ARGOJ8_IA/ARGOSJ8_IA_/install/argj801_sensors_msgs/lib:/home/rhobtor/PHD/ARGOJ8_IA/ARGOSJ8_IA_/install/argj801_ctl_platform_interfaces/lib:/usr/local/cuda/lib64:/usr/local/cuda/lib64:/usr/local/cuda-12.1/lib64:/usr/local/cuda-11.8/lib64:/home/rhobtor/zed/install/zed_components/lib:/home/rhobtor/zed/install/zed_interfaces/lib:/home/rhobtor/PHD/reactive/Reactive-Navegation/workspace_full_conected/install/octomap_server/lib:/home/rhobtor/PHD/reactive/Reactive-Navegation/workspace_full_conected/install/octomap_rviz_plugins/lib:/home/rhobtor/PHD/reactive/Reactive-Navegation/workspace_full_conected/install/hector_gazebo_plugins/lib:/home/rhobtor/PHD/reactive/Reactive-Navegation/workspace_full_conected/install/car_cpp/lib:/home/rhobtor/PHD/reactive/Reactive-Navegation/workspace_full_conected/install/car_interfaces/lib:/usr/lib/x86_64-linux-gnu/gazebo-11/plugins:/opt/ros/humble/opt/rviz_ogre_vendor/lib:/opt/ros/humble/lib/x86_64-linux-gnu:/opt/ros/humble/lib /opt/st/stm32cubeclt_1.18.0/CMake/bin/cmake --build /home/rhobtor/PHD/ARGOJ8_IA/ARGOSJ8_IA_/build/car_cpp -- -j16 -l16
[3.347s] DEBUG:colcon.colcon_core.event_handler.log_command:Invoking command in '/home/rhobtor/PHD/ARGOJ8_IA/ARGOSJ8_IA_/build/joy': CMAKE_PREFIX_PATH=/home/rhobtor/PHD/ARGOJ8_IA/ARGOSJ8_IA_/install/sdl2_vendor:/home/rhobtor/PHD/ARGOJ8_IA/ARGOSJ8_IA_/install/wiimote_msgs:/home/rhobtor/PHD/ARGOJ8_IA/ARGOSJ8_IA_/install/ublox:/home/rhobtor/PHD/ARGOJ8_IA/ARGOSJ8_IA_/install/ublox_gps:/home/rhobtor/PHD/ARGOJ8_IA/ARGOSJ8_IA_/install/security_check:/home/rhobtor/PHD/ARGOJ8_IA/ARGOSJ8_IA_/install/ctl_mission:/home/rhobtor/PHD/ARGOJ8_IA/ARGOSJ8_IA_/install/ublox_msgs:/home/rhobtor/PHD/ARGOJ8_IA/ARGOSJ8_IA_/install/ublox_serialization:/home/rhobtor/PHD/ARGOJ8_IA/ARGOSJ8_IA_/install/spacenav:/home/rhobtor/PHD/ARGOJ8_IA/ARGOSJ8_IA_/install/laser_segmentation:/home/rhobtor/PHD/ARGOJ8_IA/ARGOSJ8_IA_/install/slg_msgs:/home/rhobtor/PHD/ARGOJ8_IA/ARGOSJ8_IA_/install/security_check_interfaces:/home/rhobtor/PHD/ARGOJ8_IA/ARGOSJ8_IA_/install/joy:/home/rhobtor/PHD/ARGOJ8_IA/ARGOSJ8_IA_/install/path_manager:/home/rhobtor/PHD/ARGOJ8_IA/ARGOSJ8_IA_/install/path_manager_interfaces:/home/rhobtor/PHD/ARGOJ8_IA/ARGOSJ8_IA_/install/octomap_rviz_plugins:/home/rhobtor/PHD/ARGOJ8_IA/ARGOSJ8_IA_/install/joy_linux:/home/rhobtor/PHD/ARGOJ8_IA/ARGOSJ8_IA_/install/j8_xacro_model:/home/rhobtor/PHD/ARGOJ8_IA/ARGOSJ8_IA_/install/hector_gazebo_plugins:/home/rhobtor/PHD/ARGOJ8_IA/ARGOSJ8_IA_/install/fixposition_sensor_pkg:/home/rhobtor/PHD/ARGOJ8_IA/ARGOSJ8_IA_/install/fixposition_odometry_converter_ros2:/home/rhobtor/PHD/ARGOJ8_IA/ARGOSJ8_IA_/install/fixposition_driver_ros2:/home/rhobtor/PHD/ARGOJ8_IA/ARGOSJ8_IA_/install/fixposition_driver_lib:/home/rhobtor/PHD/ARGOJ8_IA/ARGOSJ8_IA_/install/fixposition_gnss_tf:/home/rhobtor/PHD/ARGOJ8_IA/ARGOSJ8_IA_/install/ctl_mission_interfaces:/home/rhobtor/PHD/ARGOJ8_IA/ARGOSJ8_IA_/install/car_cpp:/home/rhobtor/PHD/ARGOJ8_IA/ARGOSJ8_IA_/install/car_interfaces:/home/rhobtor/PHD/ARGOJ8_IA/ARGOSJ8_IA_/install/argj801_setup:/home/rhobtor/PHD/ARGOJ8_IA/ARGOSJ8_IA_/install/argj801_sensors:/home/rhobtor/PHD/ARGOJ8_IA/ARGOSJ8_IA_/install/argj801_sensors_msgs:/home/rhobtor/PHD/ARGOJ8_IA/ARGOSJ8_IA_/install/argj801_ctl_platform:/home/rhobtor/PHD/ARGOJ8_IA/ARGOSJ8_IA_/install/argj801_ctl_platform_interfaces:/home/rhobtor/zed/install/zed_ros2:/home/rhobtor/zed/install/zed_wrapper:/home/rhobtor/zed/install/zed_components:/home/rhobtor/zed/install/zed_interfaces:/home/rhobtor/PHD/reactive/Reactive-Navegation/workspace_full_conected/install/octomap_mapping:/home/rhobtor/PHD/reactive/Reactive-Navegation/workspace_full_conected/install/octomap_server:/home/rhobtor/PHD/reactive/Reactive-Navegation/workspace_full_conected/install/octomap_rviz_plugins:/home/rhobtor/PHD/reactive/Reactive-Navegation/workspace_full_conected/install/hector_gazebo_plugins:/home/rhobtor/PHD/reactive/Reactive-Navegation/workspace_full_conected/install/car_cpp:/home/rhobtor/PHD/reactive/Reactive-Navegation/workspace_full_conected/install/car_interfaces:/home/rhobtor/PHD/ARGOJ8_IA/ARGOSJ8_IA_/install/ntrip_client:/home/rhobtor/PHD/ARGOJ8_IA/ARGOSJ8_IA_/install/car:/home/rhobtor/PHD/ARGOJ8_IA/ARGOSJ8_IA_/install/android_ros2_server:/home/rhobtor/PHD/reactive/Reactive-Navegation/workspace_full_conected/install/car:/opt/ros/humble /opt/st/stm32cubeclt_1.18.0/CMake/bin/cmake --build /home/rhobtor/PHD/ARGOJ8_IA/ARGOSJ8_IA_/build/joy -- -j16 -l16
[3.355s] DEBUG:colcon.colcon_core.event_handler.log_command:Invoking command in '/home/rhobtor/PHD/ARGOJ8_IA/ARGOSJ8_IA_/build/laser_segmentation': CMAKE_PREFIX_PATH=/home/rhobtor/PHD/ARGOJ8_IA/ARGOSJ8_IA_/install/slg_msgs:/home/rhobtor/PHD/ARGOJ8_IA/ARGOSJ8_IA_/install/wiimote_msgs:/home/rhobtor/PHD/ARGOJ8_IA/ARGOSJ8_IA_/install/ublox:/home/rhobtor/PHD/ARGOJ8_IA/ARGOSJ8_IA_/install/ublox_gps:/home/rhobtor/PHD/ARGOJ8_IA/ARGOSJ8_IA_/install/security_check:/home/rhobtor/PHD/ARGOJ8_IA/ARGOSJ8_IA_/install/ctl_mission:/home/rhobtor/PHD/ARGOJ8_IA/ARGOSJ8_IA_/install/ublox_msgs:/home/rhobtor/PHD/ARGOJ8_IA/ARGOSJ8_IA_/install/ublox_serialization:/home/rhobtor/PHD/ARGOJ8_IA/ARGOSJ8_IA_/install/spacenav:/home/rhobtor/PHD/ARGOJ8_IA/ARGOSJ8_IA_/install/laser_segmentation:/home/rhobtor/PHD/ARGOJ8_IA/ARGOSJ8_IA_/install/security_check_interfaces:/home/rhobtor/PHD/ARGOJ8_IA/ARGOSJ8_IA_/install/joy:/home/rhobtor/PHD/ARGOJ8_IA/ARGOSJ8_IA_/install/sdl2_vendor:/home/rhobtor/PHD/ARGOJ8_IA/ARGOSJ8_IA_/install/path_manager:/home/rhobtor/PHD/ARGOJ8_IA/ARGOSJ8_IA_/install/path_manager_interfaces:/home/rhobtor/PHD/ARGOJ8_IA/ARGOSJ8_IA_/install/octomap_rviz_plugins:/home/rhobtor/PHD/ARGOJ8_IA/ARGOSJ8_IA_/install/joy_linux:/home/rhobtor/PHD/ARGOJ8_IA/ARGOSJ8_IA_/install/j8_xacro_model:/home/rhobtor/PHD/ARGOJ8_IA/ARGOSJ8_IA_/install/hector_gazebo_plugins:/home/rhobtor/PHD/ARGOJ8_IA/ARGOSJ8_IA_/install/fixposition_sensor_pkg:/home/rhobtor/PHD/ARGOJ8_IA/ARGOSJ8_IA_/install/fixposition_odometry_converter_ros2:/home/rhobtor/PHD/ARGOJ8_IA/ARGOSJ8_IA_/install/fixposition_driver_ros2:/home/rhobtor/PHD/ARGOJ8_IA/ARGOSJ8_IA_/install/fixposition_driver_lib:/home/rhobtor/PHD/ARGOJ8_IA/ARGOSJ8_IA_/install/fixposition_gnss_tf:/home/rhobtor/PHD/ARGOJ8_IA/ARGOSJ8_IA_/install/ctl_mission_interfaces:/home/rhobtor/PHD/ARGOJ8_IA/ARGOSJ8_IA_/install/car_cpp:/home/rhobtor/PHD/ARGOJ8_IA/ARGOSJ8_IA_/install/car_interfaces:/home/rhobtor/PHD/ARGOJ8_IA/ARGOSJ8_IA_/install/argj801_setup:/home/rhobtor/PHD/ARGOJ8_IA/ARGOSJ8_IA_/install/argj801_sensors:/home/rhobtor/PHD/ARGOJ8_IA/ARGOSJ8_IA_/install/argj801_sensors_msgs:/home/rhobtor/PHD/ARGOJ8_IA/ARGOSJ8_IA_/install/argj801_ctl_platform:/home/rhobtor/PHD/ARGOJ8_IA/ARGOSJ8_IA_/install/argj801_ctl_platform_interfaces:/home/rhobtor/zed/install/zed_ros2:/home/rhobtor/zed/install/zed_wrapper:/home/rhobtor/zed/install/zed_components:/home/rhobtor/zed/install/zed_interfaces:/home/rhobtor/PHD/reactive/Reactive-Navegation/workspace_full_conected/install/octomap_mapping:/home/rhobtor/PHD/reactive/Reactive-Navegation/workspace_full_conected/install/octomap_server:/home/rhobtor/PHD/reactive/Reactive-Navegation/workspace_full_conected/install/octomap_rviz_plugins:/home/rhobtor/PHD/reactive/Reactive-Navegation/workspace_full_conected/install/hector_gazebo_plugins:/home/rhobtor/PHD/reactive/Reactive-Navegation/workspace_full_conected/install/car_cpp:/home/rhobtor/PHD/reactive/Reactive-Navegation/workspace_full_conected/install/car_interfaces:/home/rhobtor/PHD/ARGOJ8_IA/ARGOSJ8_IA_/install/ntrip_client:/home/rhobtor/PHD/ARGOJ8_IA/ARGOSJ8_IA_/install/car:/home/rhobtor/PHD/ARGOJ8_IA/ARGOSJ8_IA_/install/android_ros2_server:/home/rhobtor/PHD/reactive/Reactive-Navegation/workspace_full_conected/install/car:/opt/ros/humble LD_LIBRARY_PATH=/home/rhobtor/PHD/ARGOJ8_IA/ARGOSJ8_IA_/install/slg_msgs/lib:/home/rhobtor/PHD/ARGOJ8_IA/ARGOSJ8_IA_/install/wiimote_msgs/lib:/home/rhobtor/PHD/ARGOJ8_IA/ARGOSJ8_IA_/install/ublox_gps/lib:/home/rhobtor/PHD/ARGOJ8_IA/ARGOSJ8_IA_/install/ublox_msgs/lib:/home/rhobtor/PHD/ARGOJ8_IA/ARGOSJ8_IA_/install/spacenav/lib:/home/rhobtor/PHD/ARGOJ8_IA/ARGOSJ8_IA_/install/laser_segmentation/lib:/home/rhobtor/PHD/ARGOJ8_IA/ARGOSJ8_IA_/install/security_check_interfaces/lib:/home/rhobtor/PHD/ARGOJ8_IA/ARGOSJ8_IA_/install/joy/lib:/home/rhobtor/PHD/ARGOJ8_IA/ARGOSJ8_IA_/install/path_manager_interfaces/lib:/home/rhobtor/PHD/ARGOJ8_IA/ARGOSJ8_IA_/install/octomap_rviz_plugins/lib:/home/rhobtor/PHD/ARGOJ8_IA/ARGOSJ8_IA_/install/j8_xacro_model/lib:/home/rhobtor/PHD/ARGOJ8_IA/ARGOSJ8_IA_/install/hector_gazebo_plugins/lib:/home/rhobtor/PHD/ARGOJ8_IA/ARGOSJ8_IA_/install/fixposition_sensor_pkg/lib:/home/rhobtor/PHD/ARGOJ8_IA/ARGOSJ8_IA_/install/fixposition_odometry_converter_ros2/lib:/home/rhobtor/PHD/ARGOJ8_IA/ARGOSJ8_IA_/install/fixposition_driver_ros2/lib:/home/rhobtor/PHD/ARGOJ8_IA/ARGOSJ8_IA_/install/fixposition_driver_lib/lib:/home/rhobtor/PHD/ARGOJ8_IA/ARGOSJ8_IA_/install/fixposition_gnss_tf/lib:/home/rhobtor/PHD/ARGOJ8_IA/ARGOSJ8_IA_/install/ctl_mission_interfaces/lib:/home/rhobtor/PHD/ARGOJ8_IA/ARGOSJ8_IA_/install/car_cpp/lib:/home/rhobtor/PHD/ARGOJ8_IA/ARGOSJ8_IA_/install/car_interfaces/lib:/home/rhobtor/PHD/ARGOJ8_IA/ARGOSJ8_IA_/install/argj801_sensors_msgs/lib:/home/rhobtor/PHD/ARGOJ8_IA/ARGOSJ8_IA_/install/argj801_ctl_platform_interfaces/lib:/usr/local/cuda/lib64:/usr/local/cuda/lib64:/usr/local/cuda-12.1/lib64:/usr/local/cuda-11.8/lib64:/home/rhobtor/zed/install/zed_components/lib:/home/rhobtor/zed/install/zed_interfaces/lib:/home/rhobtor/PHD/reactive/Reactive-Navegation/workspace_full_conected/install/octomap_server/lib:/home/rhobtor/PHD/reactive/Reactive-Navegation/workspace_full_conected/install/octomap_rviz_plugins/lib:/home/rhobtor/PHD/reactive/Reactive-Navegation/workspace_full_conected/install/hector_gazebo_plugins/lib:/home/rhobtor/PHD/reactive/Reactive-Navegation/workspace_full_conected/install/car_cpp/lib:/home/rhobtor/PHD/reactive/Reactive-Navegation/workspace_full_conected/install/car_interfaces/lib:/usr/lib/x86_64-linux-gnu/gazebo-11/plugins:/opt/ros/humble/opt/rviz_ogre_vendor/lib:/opt/ros/humble/lib/x86_64-linux-gnu:/opt/ros/humble/lib /opt/st/stm32cubeclt_1.18.0/CMake/bin/cmake --build /home/rhobtor/PHD/ARGOJ8_IA/ARGOSJ8_IA_/build/laser_segmentation -- -j16 -l16
[3.362s] DEBUG:colcon.colcon_core.event_handler.log_command:Invoking command in '/home/rhobtor/PHD/ARGOJ8_IA/ARGOSJ8_IA_/build/path_manager': CMAKE_PREFIX_PATH=/home/rhobtor/PHD/ARGOJ8_IA/ARGOSJ8_IA_/install/path_manager_interfaces:/home/rhobtor/PHD/ARGOJ8_IA/ARGOSJ8_IA_/install/wiimote_msgs:/home/rhobtor/PHD/ARGOJ8_IA/ARGOSJ8_IA_/install/ublox:/home/rhobtor/PHD/ARGOJ8_IA/ARGOSJ8_IA_/install/ublox_gps:/home/rhobtor/PHD/ARGOJ8_IA/ARGOSJ8_IA_/install/security_check:/home/rhobtor/PHD/ARGOJ8_IA/ARGOSJ8_IA_/install/ctl_mission:/home/rhobtor/PHD/ARGOJ8_IA/ARGOSJ8_IA_/install/ublox_msgs:/home/rhobtor/PHD/ARGOJ8_IA/ARGOSJ8_IA_/install/ublox_serialization:/home/rhobtor/PHD/ARGOJ8_IA/ARGOSJ8_IA_/install/spacenav:/home/rhobtor/PHD/ARGOJ8_IA/ARGOSJ8_IA_/install/laser_segmentation:/home/rhobtor/PHD/ARGOJ8_IA/ARGOSJ8_IA_/install/slg_msgs:/home/rhobtor/PHD/ARGOJ8_IA/ARGOSJ8_IA_/install/security_check_interfaces:/home/rhobtor/PHD/ARGOJ8_IA/ARGOSJ8_IA_/install/joy:/home/rhobtor/PHD/ARGOJ8_IA/ARGOSJ8_IA_/install/sdl2_vendor:/home/rhobtor/PHD/ARGOJ8_IA/ARGOSJ8_IA_/install/path_manager:/home/rhobtor/PHD/ARGOJ8_IA/ARGOSJ8_IA_/install/octomap_rviz_plugins:/home/rhobtor/PHD/ARGOJ8_IA/ARGOSJ8_IA_/install/joy_linux:/home/rhobtor/PHD/ARGOJ8_IA/ARGOSJ8_IA_/install/j8_xacro_model:/home/rhobtor/PHD/ARGOJ8_IA/ARGOSJ8_IA_/install/hector_gazebo_plugins:/home/rhobtor/PHD/ARGOJ8_IA/ARGOSJ8_IA_/install/fixposition_sensor_pkg:/home/rhobtor/PHD/ARGOJ8_IA/ARGOSJ8_IA_/install/fixposition_odometry_converter_ros2:/home/rhobtor/PHD/ARGOJ8_IA/ARGOSJ8_IA_/install/fixposition_driver_ros2:/home/rhobtor/PHD/ARGOJ8_IA/ARGOSJ8_IA_/install/fixposition_driver_lib:/home/rhobtor/PHD/ARGOJ8_IA/ARGOSJ8_IA_/install/fixposition_gnss_tf:/home/rhobtor/PHD/ARGOJ8_IA/ARGOSJ8_IA_/install/ctl_mission_interfaces:/home/rhobtor/PHD/ARGOJ8_IA/ARGOSJ8_IA_/install/car_cpp:/home/rhobtor/PHD/ARGOJ8_IA/ARGOSJ8_IA_/install/car_interfaces:/home/rhobtor/PHD/ARGOJ8_IA/ARGOSJ8_IA_/install/argj801_setup:/home/rhobtor/PHD/ARGOJ8_IA/ARGOSJ8_IA_/install/argj801_sensors:/home/rhobtor/PHD/ARGOJ8_IA/ARGOSJ8_IA_/install/argj801_sensors_msgs:/home/rhobtor/PHD/ARGOJ8_IA/ARGOSJ8_IA_/install/argj801_ctl_platform:/home/rhobtor/PHD/ARGOJ8_IA/ARGOSJ8_IA_/install/argj801_ctl_platform_interfaces:/home/rhobtor/zed/install/zed_ros2:/home/rhobtor/zed/install/zed_wrapper:/home/rhobtor/zed/install/zed_components:/home/rhobtor/zed/install/zed_interfaces:/home/rhobtor/PHD/reactive/Reactive-Navegation/workspace_full_conected/install/octomap_mapping:/home/rhobtor/PHD/reactive/Reactive-Navegation/workspace_full_conected/install/octomap_server:/home/rhobtor/PHD/reactive/Reactive-Navegation/workspace_full_conected/install/octomap_rviz_plugins:/home/rhobtor/PHD/reactive/Reactive-Navegation/workspace_full_conected/install/hector_gazebo_plugins:/home/rhobtor/PHD/reactive/Reactive-Navegation/workspace_full_conected/install/car_cpp:/home/rhobtor/PHD/reactive/Reactive-Navegation/workspace_full_conected/install/car_interfaces:/home/rhobtor/PHD/ARGOJ8_IA/ARGOSJ8_IA_/install/ntrip_client:/home/rhobtor/PHD/ARGOJ8_IA/ARGOSJ8_IA_/install/car:/home/rhobtor/PHD/ARGOJ8_IA/ARGOSJ8_IA_/install/android_ros2_server:/home/rhobtor/PHD/reactive/Reactive-Navegation/workspace_full_conected/install/car:/opt/ros/humble LD_LIBRARY_PATH=/home/rhobtor/PHD/ARGOJ8_IA/ARGOSJ8_IA_/install/path_manager_interfaces/lib:/home/rhobtor/PHD/ARGOJ8_IA/ARGOSJ8_IA_/install/wiimote_msgs/lib:/home/rhobtor/PHD/ARGOJ8_IA/ARGOSJ8_IA_/install/ublox_gps/lib:/home/rhobtor/PHD/ARGOJ8_IA/ARGOSJ8_IA_/install/ublox_msgs/lib:/home/rhobtor/PHD/ARGOJ8_IA/ARGOSJ8_IA_/install/spacenav/lib:/home/rhobtor/PHD/ARGOJ8_IA/ARGOSJ8_IA_/install/laser_segmentation/lib:/home/rhobtor/PHD/ARGOJ8_IA/ARGOSJ8_IA_/install/slg_msgs/lib:/home/rhobtor/PHD/ARGOJ8_IA/ARGOSJ8_IA_/install/security_check_interfaces/lib:/home/rhobtor/PHD/ARGOJ8_IA/ARGOSJ8_IA_/install/joy/lib:/home/rhobtor/PHD/ARGOJ8_IA/ARGOSJ8_IA_/install/octomap_rviz_plugins/lib:/home/rhobtor/PHD/ARGOJ8_IA/ARGOSJ8_IA_/install/j8_xacro_model/lib:/home/rhobtor/PHD/ARGOJ8_IA/ARGOSJ8_IA_/install/hector_gazebo_plugins/lib:/home/rhobtor/PHD/ARGOJ8_IA/ARGOSJ8_IA_/install/fixposition_sensor_pkg/lib:/home/rhobtor/PHD/ARGOJ8_IA/ARGOSJ8_IA_/install/fixposition_odometry_converter_ros2/lib:/home/rhobtor/PHD/ARGOJ8_IA/ARGOSJ8_IA_/install/fixposition_driver_ros2/lib:/home/rhobtor/PHD/ARGOJ8_IA/ARGOSJ8_IA_/install/fixposition_driver_lib/lib:/home/rhobtor/PHD/ARGOJ8_IA/ARGOSJ8_IA_/install/fixposition_gnss_tf/lib:/home/rhobtor/PHD/ARGOJ8_IA/ARGOSJ8_IA_/install/ctl_mission_interfaces/lib:/home/rhobtor/PHD/ARGOJ8_IA/ARGOSJ8_IA_/install/car_cpp/lib:/home/rhobtor/PHD/ARGOJ8_IA/ARGOSJ8_IA_/install/car_interfaces/lib:/home/rhobtor/PHD/ARGOJ8_IA/ARGOSJ8_IA_/install/argj801_sensors_msgs/lib:/home/rhobtor/PHD/ARGOJ8_IA/ARGOSJ8_IA_/install/argj801_ctl_platform_interfaces/lib:/usr/local/cuda/lib64:/usr/local/cuda/lib64:/usr/local/cuda-12.1/lib64:/usr/local/cuda-11.8/lib64:/home/rhobtor/zed/install/zed_components/lib:/home/rhobtor/zed/install/zed_interfaces/lib:/home/rhobtor/PHD/reactive/Reactive-Navegation/workspace_full_conected/install/octomap_server/lib:/home/rhobtor/PHD/reactive/Reactive-Navegation/workspace_full_conected/install/octomap_rviz_plugins/lib:/home/rhobtor/PHD/reactive/Reactive-Navegation/workspace_full_conected/install/hector_gazebo_plugins/lib:/home/rhobtor/PHD/reactive/Reactive-Navegation/workspace_full_conected/install/car_cpp/lib:/home/rhobtor/PHD/reactive/Reactive-Navegation/workspace_full_conected/install/car_interfaces/lib:/usr/lib/x86_64-linux-gnu/gazebo-11/plugins:/opt/ros/humble/opt/rviz_ogre_vendor/lib:/opt/ros/humble/lib/x86_64-linux-gnu:/opt/ros/humble/lib /opt/st/stm32cubeclt_1.18.0/CMake/bin/cmake --build /home/rhobtor/PHD/ARGOJ8_IA/ARGOSJ8_IA_/build/path_manager -- -j16 -l16
[3.364s] Level 1:colcon.colcon_core.environment:create_environment_scripts_only(hector_gazebo_plugins)
[3.364s] DEBUG:colcon.colcon_core.event_handler.log_command:Invoked command in '/home/rhobtor/PHD/ARGOJ8_IA/ARGOSJ8_IA_/build/fixposition_driver_lib' returned '0': CMAKE_PREFIX_PATH=/home/rhobtor/PHD/ARGOJ8_IA/ARGOSJ8_IA_/install/fixposition_gnss_tf:/home/rhobtor/PHD/ARGOJ8_IA/ARGOSJ8_IA_/install/wiimote_msgs:/home/rhobtor/PHD/ARGOJ8_IA/ARGOSJ8_IA_/install/ublox:/home/rhobtor/PHD/ARGOJ8_IA/ARGOSJ8_IA_/install/ublox_gps:/home/rhobtor/PHD/ARGOJ8_IA/ARGOSJ8_IA_/install/security_check:/home/rhobtor/PHD/ARGOJ8_IA/ARGOSJ8_IA_/install/ctl_mission:/home/rhobtor/PHD/ARGOJ8_IA/ARGOSJ8_IA_/install/ublox_msgs:/home/rhobtor/PHD/ARGOJ8_IA/ARGOSJ8_IA_/install/ublox_serialization:/home/rhobtor/PHD/ARGOJ8_IA/ARGOSJ8_IA_/install/spacenav:/home/rhobtor/PHD/ARGOJ8_IA/ARGOSJ8_IA_/install/laser_segmentation:/home/rhobtor/PHD/ARGOJ8_IA/ARGOSJ8_IA_/install/slg_msgs:/home/rhobtor/PHD/ARGOJ8_IA/ARGOSJ8_IA_/install/security_check_interfaces:/home/rhobtor/PHD/ARGOJ8_IA/ARGOSJ8_IA_/install/joy:/home/rhobtor/PHD/ARGOJ8_IA/ARGOSJ8_IA_/install/sdl2_vendor:/home/rhobtor/PHD/ARGOJ8_IA/ARGOSJ8_IA_/install/path_manager:/home/rhobtor/PHD/ARGOJ8_IA/ARGOSJ8_IA_/install/path_manager_interfaces:/home/rhobtor/PHD/ARGOJ8_IA/ARGOSJ8_IA_/install/octomap_rviz_plugins:/home/rhobtor/PHD/ARGOJ8_IA/ARGOSJ8_IA_/install/joy_linux:/home/rhobtor/PHD/ARGOJ8_IA/ARGOSJ8_IA_/install/j8_xacro_model:/home/rhobtor/PHD/ARGOJ8_IA/ARGOSJ8_IA_/install/hector_gazebo_plugins:/home/rhobtor/PHD/ARGOJ8_IA/ARGOSJ8_IA_/install/fixposition_sensor_pkg:/home/rhobtor/PHD/ARGOJ8_IA/ARGOSJ8_IA_/install/fixposition_odometry_converter_ros2:/home/rhobtor/PHD/ARGOJ8_IA/ARGOSJ8_IA_/install/fixposition_driver_ros2:/home/rhobtor/PHD/ARGOJ8_IA/ARGOSJ8_IA_/install/fixposition_driver_lib:/home/rhobtor/PHD/ARGOJ8_IA/ARGOSJ8_IA_/install/ctl_mission_interfaces:/home/rhobtor/PHD/ARGOJ8_IA/ARGOSJ8_IA_/install/car_cpp:/home/rhobtor/PHD/ARGOJ8_IA/ARGOSJ8_IA_/install/car_interfaces:/home/rhobtor/PHD/ARGOJ8_IA/ARGOSJ8_IA_/install/argj801_setup:/home/rhobtor/PHD/ARGOJ8_IA/ARGOSJ8_IA_/install/argj801_sensors:/home/rhobtor/PHD/ARGOJ8_IA/ARGOSJ8_IA_/install/argj801_sensors_msgs:/home/rhobtor/PHD/ARGOJ8_IA/ARGOSJ8_IA_/install/argj801_ctl_platform:/home/rhobtor/PHD/ARGOJ8_IA/ARGOSJ8_IA_/install/argj801_ctl_platform_interfaces:/home/rhobtor/zed/install/zed_ros2:/home/rhobtor/zed/install/zed_wrapper:/home/rhobtor/zed/install/zed_components:/home/rhobtor/zed/install/zed_interfaces:/home/rhobtor/PHD/reactive/Reactive-Navegation/workspace_full_conected/install/octomap_mapping:/home/rhobtor/PHD/reactive/Reactive-Navegation/workspace_full_conected/install/octomap_server:/home/rhobtor/PHD/reactive/Reactive-Navegation/workspace_full_conected/install/octomap_rviz_plugins:/home/rhobtor/PHD/reactive/Reactive-Navegation/workspace_full_conected/install/hector_gazebo_plugins:/home/rhobtor/PHD/reactive/Reactive-Navegation/workspace_full_conected/install/car_cpp:/home/rhobtor/PHD/reactive/Reactive-Navegation/workspace_full_conected/install/car_interfaces:/home/rhobtor/PHD/ARGOJ8_IA/ARGOSJ8_IA_/install/ntrip_client:/home/rhobtor/PHD/ARGOJ8_IA/ARGOSJ8_IA_/install/car:/home/rhobtor/PHD/ARGOJ8_IA/ARGOSJ8_IA_/install/android_ros2_server:/home/rhobtor/PHD/reactive/Reactive-Navegation/workspace_full_conected/install/car:/opt/ros/humble LD_LIBRARY_PATH=/home/rhobtor/PHD/ARGOJ8_IA/ARGOSJ8_IA_/install/fixposition_gnss_tf/lib:/home/rhobtor/PHD/ARGOJ8_IA/ARGOSJ8_IA_/install/wiimote_msgs/lib:/home/rhobtor/PHD/ARGOJ8_IA/ARGOSJ8_IA_/install/ublox_gps/lib:/home/rhobtor/PHD/ARGOJ8_IA/ARGOSJ8_IA_/install/ublox_msgs/lib:/home/rhobtor/PHD/ARGOJ8_IA/ARGOSJ8_IA_/install/spacenav/lib:/home/rhobtor/PHD/ARGOJ8_IA/ARGOSJ8_IA_/install/laser_segmentation/lib:/home/rhobtor/PHD/ARGOJ8_IA/ARGOSJ8_IA_/install/slg_msgs/lib:/home/rhobtor/PHD/ARGOJ8_IA/ARGOSJ8_IA_/install/security_check_interfaces/lib:/home/rhobtor/PHD/ARGOJ8_IA/ARGOSJ8_IA_/install/joy/lib:/home/rhobtor/PHD/ARGOJ8_IA/ARGOSJ8_IA_/install/path_manager_interfaces/lib:/home/rhobtor/PHD/ARGOJ8_IA/ARGOSJ8_IA_/install/octomap_rviz_plugins/lib:/home/rhobtor/PHD/ARGOJ8_IA/ARGOSJ8_IA_/install/j8_xacro_model/lib:/home/rhobtor/PHD/ARGOJ8_IA/ARGOSJ8_IA_/install/hector_gazebo_plugins/lib:/home/rhobtor/PHD/ARGOJ8_IA/ARGOSJ8_IA_/install/fixposition_sensor_pkg/lib:/home/rhobtor/PHD/ARGOJ8_IA/ARGOSJ8_IA_/install/fixposition_odometry_converter_ros2/lib:/home/rhobtor/PHD/ARGOJ8_IA/ARGOSJ8_IA_/install/fixposition_driver_ros2/lib:/home/rhobtor/PHD/ARGOJ8_IA/ARGOSJ8_IA_/install/fixposition_driver_lib/lib:/home/rhobtor/PHD/ARGOJ8_IA/ARGOSJ8_IA_/install/ctl_mission_interfaces/lib:/home/rhobtor/PHD/ARGOJ8_IA/ARGOSJ8_IA_/install/car_cpp/lib:/home/rhobtor/PHD/ARGOJ8_IA/ARGOSJ8_IA_/install/car_interfaces/lib:/home/rhobtor/PHD/ARGOJ8_IA/ARGOSJ8_IA_/install/argj801_sensors_msgs/lib:/home/rhobtor/PHD/ARGOJ8_IA/ARGOSJ8_IA_/install/argj801_ctl_platform_interfaces/lib:/usr/local/cuda/lib64:/usr/local/cuda/lib64:/usr/local/cuda-12.1/lib64:/usr/local/cuda-11.8/lib64:/home/rhobtor/zed/install/zed_components/lib:/home/rhobtor/zed/install/zed_interfaces/lib:/home/rhobtor/PHD/reactive/Reactive-Navegation/workspace_full_conected/install/octomap_server/lib:/home/rhobtor/PHD/reactive/Reactive-Navegation/workspace_full_conected/install/octomap_rviz_plugins/lib:/home/rhobtor/PHD/reactive/Reactive-Navegation/workspace_full_conected/install/hector_gazebo_plugins/lib:/home/rhobtor/PHD/reactive/Reactive-Navegation/workspace_full_conected/install/car_cpp/lib:/home/rhobtor/PHD/reactive/Reactive-Navegation/workspace_full_conected/install/car_interfaces/lib:/usr/lib/x86_64-linux-gnu/gazebo-11/plugins:/opt/ros/humble/opt/rviz_ogre_vendor/lib:/opt/ros/humble/lib/x86_64-linux-gnu:/opt/ros/humble/lib PKG_CONFIG_PATH=/home/rhobtor/PHD/ARGOJ8_IA/ARGOSJ8_IA_/install/fixposition_gnss_tf/lib/x86_64-linux-gnu/pkgconfig:/home/rhobtor/PHD/ARGOJ8_IA/ARGOSJ8_IA_/install/fixposition_gnss_tf/lib/pkgconfig:/home/rhobtor/PHD/ARGOJ8_IA/ARGOSJ8_IA_/install/fixposition_driver_lib/lib/x86_64-linux-gnu/pkgconfig:/home/rhobtor/PHD/ARGOJ8_IA/ARGOSJ8_IA_/install/fixposition_driver_lib/lib/pkgconfig /opt/st/stm32cubeclt_1.18.0/CMake/bin/cmake --build /home/rhobtor/PHD/ARGOJ8_IA/ARGOSJ8_IA_/build/fixposition_driver_lib -- -j16 -l16
[3.364s] Level 1:colcon.colcon_core.environment:checking '/home/rhobtor/PHD/ARGOJ8_IA/ARGOSJ8_IA_/install/hector_gazebo_plugins' for CMake module files
[3.365s] DEBUG:colcon.colcon_core.event_handler.log_command:Invoking command in '/home/rhobtor/PHD/ARGOJ8_IA/ARGOSJ8_IA_/build/fixposition_driver_lib': CMAKE_PREFIX_PATH=/home/rhobtor/PHD/ARGOJ8_IA/ARGOSJ8_IA_/install/fixposition_gnss_tf:/home/rhobtor/PHD/ARGOJ8_IA/ARGOSJ8_IA_/install/wiimote_msgs:/home/rhobtor/PHD/ARGOJ8_IA/ARGOSJ8_IA_/install/ublox:/home/rhobtor/PHD/ARGOJ8_IA/ARGOSJ8_IA_/install/ublox_gps:/home/rhobtor/PHD/ARGOJ8_IA/ARGOSJ8_IA_/install/security_check:/home/rhobtor/PHD/ARGOJ8_IA/ARGOSJ8_IA_/install/ctl_mission:/home/rhobtor/PHD/ARGOJ8_IA/ARGOSJ8_IA_/install/ublox_msgs:/home/rhobtor/PHD/ARGOJ8_IA/ARGOSJ8_IA_/install/ublox_serialization:/home/rhobtor/PHD/ARGOJ8_IA/ARGOSJ8_IA_/install/spacenav:/home/rhobtor/PHD/ARGOJ8_IA/ARGOSJ8_IA_/install/laser_segmentation:/home/rhobtor/PHD/ARGOJ8_IA/ARGOSJ8_IA_/install/slg_msgs:/home/rhobtor/PHD/ARGOJ8_IA/ARGOSJ8_IA_/install/security_check_interfaces:/home/rhobtor/PHD/ARGOJ8_IA/ARGOSJ8_IA_/install/joy:/home/rhobtor/PHD/ARGOJ8_IA/ARGOSJ8_IA_/install/sdl2_vendor:/home/rhobtor/PHD/ARGOJ8_IA/ARGOSJ8_IA_/install/path_manager:/home/rhobtor/PHD/ARGOJ8_IA/ARGOSJ8_IA_/install/path_manager_interfaces:/home/rhobtor/PHD/ARGOJ8_IA/ARGOSJ8_IA_/install/octomap_rviz_plugins:/home/rhobtor/PHD/ARGOJ8_IA/ARGOSJ8_IA_/install/joy_linux:/home/rhobtor/PHD/ARGOJ8_IA/ARGOSJ8_IA_/install/j8_xacro_model:/home/rhobtor/PHD/ARGOJ8_IA/ARGOSJ8_IA_/install/hector_gazebo_plugins:/home/rhobtor/PHD/ARGOJ8_IA/ARGOSJ8_IA_/install/fixposition_sensor_pkg:/home/rhobtor/PHD/ARGOJ8_IA/ARGOSJ8_IA_/install/fixposition_odometry_converter_ros2:/home/rhobtor/PHD/ARGOJ8_IA/ARGOSJ8_IA_/install/fixposition_driver_ros2:/home/rhobtor/PHD/ARGOJ8_IA/ARGOSJ8_IA_/install/fixposition_driver_lib:/home/rhobtor/PHD/ARGOJ8_IA/ARGOSJ8_IA_/install/ctl_mission_interfaces:/home/rhobtor/PHD/ARGOJ8_IA/ARGOSJ8_IA_/install/car_cpp:/home/rhobtor/PHD/ARGOJ8_IA/ARGOSJ8_IA_/install/car_interfaces:/home/rhobtor/PHD/ARGOJ8_IA/ARGOSJ8_IA_/install/argj801_setup:/home/rhobtor/PHD/ARGOJ8_IA/ARGOSJ8_IA_/install/argj801_sensors:/home/rhobtor/PHD/ARGOJ8_IA/ARGOSJ8_IA_/install/argj801_sensors_msgs:/home/rhobtor/PHD/ARGOJ8_IA/ARGOSJ8_IA_/install/argj801_ctl_platform:/home/rhobtor/PHD/ARGOJ8_IA/ARGOSJ8_IA_/install/argj801_ctl_platform_interfaces:/home/rhobtor/zed/install/zed_ros2:/home/rhobtor/zed/install/zed_wrapper:/home/rhobtor/zed/install/zed_components:/home/rhobtor/zed/install/zed_interfaces:/home/rhobtor/PHD/reactive/Reactive-Navegation/workspace_full_conected/install/octomap_mapping:/home/rhobtor/PHD/reactive/Reactive-Navegation/workspace_full_conected/install/octomap_server:/home/rhobtor/PHD/reactive/Reactive-Navegation/workspace_full_conected/install/octomap_rviz_plugins:/home/rhobtor/PHD/reactive/Reactive-Navegation/workspace_full_conected/install/hector_gazebo_plugins:/home/rhobtor/PHD/reactive/Reactive-Navegation/workspace_full_conected/install/car_cpp:/home/rhobtor/PHD/reactive/Reactive-Navegation/workspace_full_conected/install/car_interfaces:/home/rhobtor/PHD/ARGOJ8_IA/ARGOSJ8_IA_/install/ntrip_client:/home/rhobtor/PHD/ARGOJ8_IA/ARGOSJ8_IA_/install/car:/home/rhobtor/PHD/ARGOJ8_IA/ARGOSJ8_IA_/install/android_ros2_server:/home/rhobtor/PHD/reactive/Reactive-Navegation/workspace_full_conected/install/car:/opt/ros/humble LD_LIBRARY_PATH=/home/rhobtor/PHD/ARGOJ8_IA/ARGOSJ8_IA_/install/fixposition_gnss_tf/lib:/home/rhobtor/PHD/ARGOJ8_IA/ARGOSJ8_IA_/install/wiimote_msgs/lib:/home/rhobtor/PHD/ARGOJ8_IA/ARGOSJ8_IA_/install/ublox_gps/lib:/home/rhobtor/PHD/ARGOJ8_IA/ARGOSJ8_IA_/install/ublox_msgs/lib:/home/rhobtor/PHD/ARGOJ8_IA/ARGOSJ8_IA_/install/spacenav/lib:/home/rhobtor/PHD/ARGOJ8_IA/ARGOSJ8_IA_/install/laser_segmentation/lib:/home/rhobtor/PHD/ARGOJ8_IA/ARGOSJ8_IA_/install/slg_msgs/lib:/home/rhobtor/PHD/ARGOJ8_IA/ARGOSJ8_IA_/install/security_check_interfaces/lib:/home/rhobtor/PHD/ARGOJ8_IA/ARGOSJ8_IA_/install/joy/lib:/home/rhobtor/PHD/ARGOJ8_IA/ARGOSJ8_IA_/install/path_manager_interfaces/lib:/home/rhobtor/PHD/ARGOJ8_IA/ARGOSJ8_IA_/install/octomap_rviz_plugins/lib:/home/rhobtor/PHD/ARGOJ8_IA/ARGOSJ8_IA_/install/j8_xacro_model/lib:/home/rhobtor/PHD/ARGOJ8_IA/ARGOSJ8_IA_/install/hector_gazebo_plugins/lib:/home/rhobtor/PHD/ARGOJ8_IA/ARGOSJ8_IA_/install/fixposition_sensor_pkg/lib:/home/rhobtor/PHD/ARGOJ8_IA/ARGOSJ8_IA_/install/fixposition_odometry_converter_ros2/lib:/home/rhobtor/PHD/ARGOJ8_IA/ARGOSJ8_IA_/install/fixposition_driver_ros2/lib:/home/rhobtor/PHD/ARGOJ8_IA/ARGOSJ8_IA_/install/fixposition_driver_lib/lib:/home/rhobtor/PHD/ARGOJ8_IA/ARGOSJ8_IA_/install/ctl_mission_interfaces/lib:/home/rhobtor/PHD/ARGOJ8_IA/ARGOSJ8_IA_/install/car_cpp/lib:/home/rhobtor/PHD/ARGOJ8_IA/ARGOSJ8_IA_/install/car_interfaces/lib:/home/rhobtor/PHD/ARGOJ8_IA/ARGOSJ8_IA_/install/argj801_sensors_msgs/lib:/home/rhobtor/PHD/ARGOJ8_IA/ARGOSJ8_IA_/install/argj801_ctl_platform_interfaces/lib:/usr/local/cuda/lib64:/usr/local/cuda/lib64:/usr/local/cuda-12.1/lib64:/usr/local/cuda-11.8/lib64:/home/rhobtor/zed/install/zed_components/lib:/home/rhobtor/zed/install/zed_interfaces/lib:/home/rhobtor/PHD/reactive/Reactive-Navegation/workspace_full_conected/install/octomap_server/lib:/home/rhobtor/PHD/reactive/Reactive-Navegation/workspace_full_conected/install/octomap_rviz_plugins/lib:/home/rhobtor/PHD/reactive/Reactive-Navegation/workspace_full_conected/install/hector_gazebo_plugins/lib:/home/rhobtor/PHD/reactive/Reactive-Navegation/workspace_full_conected/install/car_cpp/lib:/home/rhobtor/PHD/reactive/Reactive-Navegation/workspace_full_conected/install/car_interfaces/lib:/usr/lib/x86_64-linux-gnu/gazebo-11/plugins:/opt/ros/humble/opt/rviz_ogre_vendor/lib:/opt/ros/humble/lib/x86_64-linux-gnu:/opt/ros/humble/lib PKG_CONFIG_PATH=/home/rhobtor/PHD/ARGOJ8_IA/ARGOSJ8_IA_/install/fixposition_gnss_tf/lib/x86_64-linux-gnu/pkgconfig:/home/rhobtor/PHD/ARGOJ8_IA/ARGOSJ8_IA_/install/fixposition_gnss_tf/lib/pkgconfig:/home/rhobtor/PHD/ARGOJ8_IA/ARGOSJ8_IA_/install/fixposition_driver_lib/lib/x86_64-linux-gnu/pkgconfig:/home/rhobtor/PHD/ARGOJ8_IA/ARGOSJ8_IA_/install/fixposition_driver_lib/lib/pkgconfig /opt/st/stm32cubeclt_1.18.0/CMake/bin/cmake --install /home/rhobtor/PHD/ARGOJ8_IA/ARGOSJ8_IA_/build/fixposition_driver_lib
[3.366s] DEBUG:colcon.colcon_core.event_handler.log_command:Invoked command in '/home/rhobtor/PHD/ARGOJ8_IA/ARGOSJ8_IA_/build/hector_gazebo_plugins' returned '0': CMAKE_PREFIX_PATH=${CMAKE_PREFIX_PATH}:/home/rhobtor/PHD/ARGOJ8_IA/ARGOSJ8_IA_/install/ntrip_client:/home/rhobtor/PHD/ARGOJ8_IA/ARGOSJ8_IA_/install/car:/home/rhobtor/PHD/ARGOJ8_IA/ARGOSJ8_IA_/install/android_ros2_server:/home/rhobtor/PHD/reactive/Reactive-Navegation/workspace_full_conected/install/car:/opt/ros/humble /opt/st/stm32cubeclt_1.18.0/CMake/bin/cmake --install /home/rhobtor/PHD/ARGOJ8_IA/ARGOSJ8_IA_/build/hector_gazebo_plugins
[3.366s] Level 1:colcon.colcon_core.environment:checking '/home/rhobtor/PHD/ARGOJ8_IA/ARGOSJ8_IA_/install/hector_gazebo_plugins' for CMake config files
[3.367s] Level 1:colcon.colcon_core.shell:create_environment_hook('hector_gazebo_plugins', 'cmake_prefix_path')
[3.367s] INFO:colcon.colcon_core.shell:Creating environment hook '/home/rhobtor/PHD/ARGOJ8_IA/ARGOSJ8_IA_/install/hector_gazebo_plugins/share/hector_gazebo_plugins/hook/cmake_prefix_path.ps1'
[3.368s] INFO:colcon.colcon_core.shell:Creating environment descriptor '/home/rhobtor/PHD/ARGOJ8_IA/ARGOSJ8_IA_/install/hector_gazebo_plugins/share/hector_gazebo_plugins/hook/cmake_prefix_path.dsv'
[3.368s] INFO:colcon.colcon_core.shell:Creating environment hook '/home/rhobtor/PHD/ARGOJ8_IA/ARGOSJ8_IA_/install/hector_gazebo_plugins/share/hector_gazebo_plugins/hook/cmake_prefix_path.sh'
[3.369s] Level 1:colcon.colcon_core.environment:checking '/home/rhobtor/PHD/ARGOJ8_IA/ARGOSJ8_IA_/install/hector_gazebo_plugins/lib'
[3.369s] Level 1:colcon.colcon_core.shell:create_environment_hook('hector_gazebo_plugins', 'ld_library_path_lib')
[3.370s] INFO:colcon.colcon_core.shell:Creating environment hook '/home/rhobtor/PHD/ARGOJ8_IA/ARGOSJ8_IA_/install/hector_gazebo_plugins/share/hector_gazebo_plugins/hook/ld_library_path_lib.ps1'
[3.370s] INFO:colcon.colcon_core.shell:Creating environment descriptor '/home/rhobtor/PHD/ARGOJ8_IA/ARGOSJ8_IA_/install/hector_gazebo_plugins/share/hector_gazebo_plugins/hook/ld_library_path_lib.dsv'
[3.371s] INFO:colcon.colcon_core.shell:Creating environment hook '/home/rhobtor/PHD/ARGOJ8_IA/ARGOSJ8_IA_/install/hector_gazebo_plugins/share/hector_gazebo_plugins/hook/ld_library_path_lib.sh'
[3.371s] Level 1:colcon.colcon_core.environment:checking '/home/rhobtor/PHD/ARGOJ8_IA/ARGOSJ8_IA_/install/hector_gazebo_plugins/bin'
[3.371s] Level 1:colcon.colcon_core.environment:checking '/home/rhobtor/PHD/ARGOJ8_IA/ARGOSJ8_IA_/install/hector_gazebo_plugins/lib/pkgconfig/hector_gazebo_plugins.pc'
[3.371s] Level 1:colcon.colcon_core.environment:checking '/home/rhobtor/PHD/ARGOJ8_IA/ARGOSJ8_IA_/install/hector_gazebo_plugins/lib/python3.10/site-packages'
[3.372s] Level 1:colcon.colcon_core.environment:checking '/home/rhobtor/PHD/ARGOJ8_IA/ARGOSJ8_IA_/install/hector_gazebo_plugins/bin'
[3.372s] INFO:colcon.colcon_core.shell:Creating package script '/home/rhobtor/PHD/ARGOJ8_IA/ARGOSJ8_IA_/install/hector_gazebo_plugins/share/hector_gazebo_plugins/package.ps1'
[3.373s] INFO:colcon.colcon_core.shell:Creating package descriptor '/home/rhobtor/PHD/ARGOJ8_IA/ARGOSJ8_IA_/install/hector_gazebo_plugins/share/hector_gazebo_plugins/package.dsv'
[3.374s] INFO:colcon.colcon_core.shell:Creating package script '/home/rhobtor/PHD/ARGOJ8_IA/ARGOSJ8_IA_/install/hector_gazebo_plugins/share/hector_gazebo_plugins/package.sh'
[3.374s] INFO:colcon.colcon_core.shell:Creating package script '/home/rhobtor/PHD/ARGOJ8_IA/ARGOSJ8_IA_/install/hector_gazebo_plugins/share/hector_gazebo_plugins/package.bash'
[3.375s] INFO:colcon.colcon_core.shell:Creating package script '/home/rhobtor/PHD/ARGOJ8_IA/ARGOSJ8_IA_/install/hector_gazebo_plugins/share/hector_gazebo_plugins/package.zsh'
[3.375s] Level 1:colcon.colcon_core.environment:create_file_with_runtime_dependencies(/home/rhobtor/PHD/ARGOJ8_IA/ARGOSJ8_IA_/install/hector_gazebo_plugins/share/colcon-core/packages/hector_gazebo_plugins)
[3.376s] Level 1:colcon.colcon_core.environment:create_environment_scripts_only(hector_gazebo_plugins)
[3.376s] Level 1:colcon.colcon_core.environment:checking '/home/rhobtor/PHD/ARGOJ8_IA/ARGOSJ8_IA_/install/hector_gazebo_plugins' for CMake module files
[3.377s] Level 1:colcon.colcon_core.environment:checking '/home/rhobtor/PHD/ARGOJ8_IA/ARGOSJ8_IA_/install/hector_gazebo_plugins' for CMake config files
[3.378s] Level 1:colcon.colcon_core.shell:create_environment_hook('hector_gazebo_plugins', 'cmake_prefix_path')
[3.378s] INFO:colcon.colcon_core.shell:Creating environment hook '/home/rhobtor/PHD/ARGOJ8_IA/ARGOSJ8_IA_/install/hector_gazebo_plugins/share/hector_gazebo_plugins/hook/cmake_prefix_path.ps1'
[3.379s] INFO:colcon.colcon_core.shell:Creating environment descriptor '/home/rhobtor/PHD/ARGOJ8_IA/ARGOSJ8_IA_/install/hector_gazebo_plugins/share/hector_gazebo_plugins/hook/cmake_prefix_path.dsv'
[3.379s] INFO:colcon.colcon_core.shell:Creating environment hook '/home/rhobtor/PHD/ARGOJ8_IA/ARGOSJ8_IA_/install/hector_gazebo_plugins/share/hector_gazebo_plugins/hook/cmake_prefix_path.sh'
[3.380s] Level 1:colcon.colcon_core.environment:checking '/home/rhobtor/PHD/ARGOJ8_IA/ARGOSJ8_IA_/install/hector_gazebo_plugins/lib'
[3.380s] Level 1:colcon.colcon_core.shell:create_environment_hook('hector_gazebo_plugins', 'ld_library_path_lib')
[3.380s] INFO:colcon.colcon_core.shell:Creating environment hook '/home/rhobtor/PHD/ARGOJ8_IA/ARGOSJ8_IA_/install/hector_gazebo_plugins/share/hector_gazebo_plugins/hook/ld_library_path_lib.ps1'
[3.381s] INFO:colcon.colcon_core.shell:Creating environment descriptor '/home/rhobtor/PHD/ARGOJ8_IA/ARGOSJ8_IA_/install/hector_gazebo_plugins/share/hector_gazebo_plugins/hook/ld_library_path_lib.dsv'
[3.381s] INFO:colcon.colcon_core.shell:Creating environment hook '/home/rhobtor/PHD/ARGOJ8_IA/ARGOSJ8_IA_/install/hector_gazebo_plugins/share/hector_gazebo_plugins/hook/ld_library_path_lib.sh'
[3.382s] Level 1:colcon.colcon_core.environment:checking '/home/rhobtor/PHD/ARGOJ8_IA/ARGOSJ8_IA_/install/hector_gazebo_plugins/bin'
[3.382s] Level 1:colcon.colcon_core.environment:checking '/home/rhobtor/PHD/ARGOJ8_IA/ARGOSJ8_IA_/install/hector_gazebo_plugins/lib/pkgconfig/hector_gazebo_plugins.pc'
[3.382s] Level 1:colcon.colcon_core.environment:checking '/home/rhobtor/PHD/ARGOJ8_IA/ARGOSJ8_IA_/install/hector_gazebo_plugins/lib/python3.10/site-packages'
[3.383s] Level 1:colcon.colcon_core.environment:checking '/home/rhobtor/PHD/ARGOJ8_IA/ARGOSJ8_IA_/install/hector_gazebo_plugins/bin'
[3.383s] INFO:colcon.colcon_core.shell:Creating package script '/home/rhobtor/PHD/ARGOJ8_IA/ARGOSJ8_IA_/install/hector_gazebo_plugins/share/hector_gazebo_plugins/package.ps1'
[3.385s] INFO:colcon.colcon_core.shell:Creating package descriptor '/home/rhobtor/PHD/ARGOJ8_IA/ARGOSJ8_IA_/install/hector_gazebo_plugins/share/hector_gazebo_plugins/package.dsv'
[3.386s] INFO:colcon.colcon_core.shell:Creating package script '/home/rhobtor/PHD/ARGOJ8_IA/ARGOSJ8_IA_/install/hector_gazebo_plugins/share/hector_gazebo_plugins/package.sh'
[3.387s] INFO:colcon.colcon_core.shell:Creating package script '/home/rhobtor/PHD/ARGOJ8_IA/ARGOSJ8_IA_/install/hector_gazebo_plugins/share/hector_gazebo_plugins/package.bash'
[3.389s] INFO:colcon.colcon_core.shell:Creating package script '/home/rhobtor/PHD/ARGOJ8_IA/ARGOSJ8_IA_/install/hector_gazebo_plugins/share/hector_gazebo_plugins/package.zsh'
[3.390s] Level 1:colcon.colcon_core.environment:create_file_with_runtime_dependencies(/home/rhobtor/PHD/ARGOJ8_IA/ARGOSJ8_IA_/install/hector_gazebo_plugins/share/colcon-core/packages/hector_gazebo_plugins)
[3.392s] DEBUG:colcon.colcon_core.event_handler.log_command:Invoked command in '/home/rhobtor/PHD/ARGOJ8_IA/ARGOSJ8_IA_/build/argj801_ctl_platform' returned '0': CMAKE_PREFIX_PATH=/home/rhobtor/PHD/ARGOJ8_IA/ARGOSJ8_IA_/install/argj801_ctl_platform_interfaces:/home/rhobtor/PHD/ARGOJ8_IA/ARGOSJ8_IA_/install/wiimote_msgs:/home/rhobtor/PHD/ARGOJ8_IA/ARGOSJ8_IA_/install/ublox:/home/rhobtor/PHD/ARGOJ8_IA/ARGOSJ8_IA_/install/ublox_gps:/home/rhobtor/PHD/ARGOJ8_IA/ARGOSJ8_IA_/install/security_check:/home/rhobtor/PHD/ARGOJ8_IA/ARGOSJ8_IA_/install/ctl_mission:/home/rhobtor/PHD/ARGOJ8_IA/ARGOSJ8_IA_/install/ublox_msgs:/home/rhobtor/PHD/ARGOJ8_IA/ARGOSJ8_IA_/install/ublox_serialization:/home/rhobtor/PHD/ARGOJ8_IA/ARGOSJ8_IA_/install/spacenav:/home/rhobtor/PHD/ARGOJ8_IA/ARGOSJ8_IA_/install/laser_segmentation:/home/rhobtor/PHD/ARGOJ8_IA/ARGOSJ8_IA_/install/slg_msgs:/home/rhobtor/PHD/ARGOJ8_IA/ARGOSJ8_IA_/install/security_check_interfaces:/home/rhobtor/PHD/ARGOJ8_IA/ARGOSJ8_IA_/install/joy:/home/rhobtor/PHD/ARGOJ8_IA/ARGOSJ8_IA_/install/sdl2_vendor:/home/rhobtor/PHD/ARGOJ8_IA/ARGOSJ8_IA_/install/path_manager:/home/rhobtor/PHD/ARGOJ8_IA/ARGOSJ8_IA_/install/path_manager_interfaces:/home/rhobtor/PHD/ARGOJ8_IA/ARGOSJ8_IA_/install/octomap_rviz_plugins:/home/rhobtor/PHD/ARGOJ8_IA/ARGOSJ8_IA_/install/joy_linux:/home/rhobtor/PHD/ARGOJ8_IA/ARGOSJ8_IA_/install/j8_xacro_model:/home/rhobtor/PHD/ARGOJ8_IA/ARGOSJ8_IA_/install/hector_gazebo_plugins:/home/rhobtor/PHD/ARGOJ8_IA/ARGOSJ8_IA_/install/fixposition_sensor_pkg:/home/rhobtor/PHD/ARGOJ8_IA/ARGOSJ8_IA_/install/fixposition_odometry_converter_ros2:/home/rhobtor/PHD/ARGOJ8_IA/ARGOSJ8_IA_/install/fixposition_driver_ros2:/home/rhobtor/PHD/ARGOJ8_IA/ARGOSJ8_IA_/install/fixposition_driver_lib:/home/rhobtor/PHD/ARGOJ8_IA/ARGOSJ8_IA_/install/fixposition_gnss_tf:/home/rhobtor/PHD/ARGOJ8_IA/ARGOSJ8_IA_/install/ctl_mission_interfaces:/home/rhobtor/PHD/ARGOJ8_IA/ARGOSJ8_IA_/install/car_cpp:/home/rhobtor/PHD/ARGOJ8_IA/ARGOSJ8_IA_/install/car_interfaces:/home/rhobtor/PHD/ARGOJ8_IA/ARGOSJ8_IA_/install/argj801_setup:/home/rhobtor/PHD/ARGOJ8_IA/ARGOSJ8_IA_/install/argj801_sensors:/home/rhobtor/PHD/ARGOJ8_IA/ARGOSJ8_IA_/install/argj801_sensors_msgs:/home/rhobtor/PHD/ARGOJ8_IA/ARGOSJ8_IA_/install/argj801_ctl_platform:/home/rhobtor/zed/install/zed_ros2:/home/rhobtor/zed/install/zed_wrapper:/home/rhobtor/zed/install/zed_components:/home/rhobtor/zed/install/zed_interfaces:/home/rhobtor/PHD/reactive/Reactive-Navegation/workspace_full_conected/install/octomap_mapping:/home/rhobtor/PHD/reactive/Reactive-Navegation/workspace_full_conected/install/octomap_server:/home/rhobtor/PHD/reactive/Reactive-Navegation/workspace_full_conected/install/octomap_rviz_plugins:/home/rhobtor/PHD/reactive/Reactive-Navegation/workspace_full_conected/install/hector_gazebo_plugins:/home/rhobtor/PHD/reactive/Reactive-Navegation/workspace_full_conected/install/car_cpp:/home/rhobtor/PHD/reactive/Reactive-Navegation/workspace_full_conected/install/car_interfaces:/home/rhobtor/PHD/ARGOJ8_IA/ARGOSJ8_IA_/install/ntrip_client:/home/rhobtor/PHD/ARGOJ8_IA/ARGOSJ8_IA_/install/car:/home/rhobtor/PHD/ARGOJ8_IA/ARGOSJ8_IA_/install/android_ros2_server:/home/rhobtor/PHD/reactive/Reactive-Navegation/workspace_full_conected/install/car:/opt/ros/humble LD_LIBRARY_PATH=/home/rhobtor/PHD/ARGOJ8_IA/ARGOSJ8_IA_/install/argj801_ctl_platform_interfaces/lib:/home/rhobtor/PHD/ARGOJ8_IA/ARGOSJ8_IA_/install/wiimote_msgs/lib:/home/rhobtor/PHD/ARGOJ8_IA/ARGOSJ8_IA_/install/ublox_gps/lib:/home/rhobtor/PHD/ARGOJ8_IA/ARGOSJ8_IA_/install/ublox_msgs/lib:/home/rhobtor/PHD/ARGOJ8_IA/ARGOSJ8_IA_/install/spacenav/lib:/home/rhobtor/PHD/ARGOJ8_IA/ARGOSJ8_IA_/install/laser_segmentation/lib:/home/rhobtor/PHD/ARGOJ8_IA/ARGOSJ8_IA_/install/slg_msgs/lib:/home/rhobtor/PHD/ARGOJ8_IA/ARGOSJ8_IA_/install/security_check_interfaces/lib:/home/rhobtor/PHD/ARGOJ8_IA/ARGOSJ8_IA_/install/joy/lib:/home/rhobtor/PHD/ARGOJ8_IA/ARGOSJ8_IA_/install/path_manager_interfaces/lib:/home/rhobtor/PHD/ARGOJ8_IA/ARGOSJ8_IA_/install/octomap_rviz_plugins/lib:/home/rhobtor/PHD/ARGOJ8_IA/ARGOSJ8_IA_/install/j8_xacro_model/lib:/home/rhobtor/PHD/ARGOJ8_IA/ARGOSJ8_IA_/install/hector_gazebo_plugins/lib:/home/rhobtor/PHD/ARGOJ8_IA/ARGOSJ8_IA_/install/fixposition_sensor_pkg/lib:/home/rhobtor/PHD/ARGOJ8_IA/ARGOSJ8_IA_/install/fixposition_odometry_converter_ros2/lib:/home/rhobtor/PHD/ARGOJ8_IA/ARGOSJ8_IA_/install/fixposition_driver_ros2/lib:/home/rhobtor/PHD/ARGOJ8_IA/ARGOSJ8_IA_/install/fixposition_driver_lib/lib:/home/rhobtor/PHD/ARGOJ8_IA/ARGOSJ8_IA_/install/fixposition_gnss_tf/lib:/home/rhobtor/PHD/ARGOJ8_IA/ARGOSJ8_IA_/install/ctl_mission_interfaces/lib:/home/rhobtor/PHD/ARGOJ8_IA/ARGOSJ8_IA_/install/car_cpp/lib:/home/rhobtor/PHD/ARGOJ8_IA/ARGOSJ8_IA_/install/car_interfaces/lib:/home/rhobtor/PHD/ARGOJ8_IA/ARGOSJ8_IA_/install/argj801_sensors_msgs/lib:/usr/local/cuda/lib64:/usr/local/cuda/lib64:/usr/local/cuda-12.1/lib64:/usr/local/cuda-11.8/lib64:/home/rhobtor/zed/install/zed_components/lib:/home/rhobtor/zed/install/zed_interfaces/lib:/home/rhobtor/PHD/reactive/Reactive-Navegation/workspace_full_conected/install/octomap_server/lib:/home/rhobtor/PHD/reactive/Reactive-Navegation/workspace_full_conected/install/octomap_rviz_plugins/lib:/home/rhobtor/PHD/reactive/Reactive-Navegation/workspace_full_conected/install/hector_gazebo_plugins/lib:/home/rhobtor/PHD/reactive/Reactive-Navegation/workspace_full_conected/install/car_cpp/lib:/home/rhobtor/PHD/reactive/Reactive-Navegation/workspace_full_conected/install/car_interfaces/lib:/usr/lib/x86_64-linux-gnu/gazebo-11/plugins:/opt/ros/humble/opt/rviz_ogre_vendor/lib:/opt/ros/humble/lib/x86_64-linux-gnu:/opt/ros/humble/lib /opt/st/stm32cubeclt_1.18.0/CMake/bin/cmake --build /home/rhobtor/PHD/ARGOJ8_IA/ARGOSJ8_IA_/build/argj801_ctl_platform -- -j16 -l16
[3.397s] DEBUG:colcon.colcon_core.event_handler.log_command:Invoking command in '/home/rhobtor/PHD/ARGOJ8_IA/ARGOSJ8_IA_/build/argj801_ctl_platform': CMAKE_PREFIX_PATH=/home/rhobtor/PHD/ARGOJ8_IA/ARGOSJ8_IA_/install/argj801_ctl_platform_interfaces:/home/rhobtor/PHD/ARGOJ8_IA/ARGOSJ8_IA_/install/wiimote_msgs:/home/rhobtor/PHD/ARGOJ8_IA/ARGOSJ8_IA_/install/ublox:/home/rhobtor/PHD/ARGOJ8_IA/ARGOSJ8_IA_/install/ublox_gps:/home/rhobtor/PHD/ARGOJ8_IA/ARGOSJ8_IA_/install/security_check:/home/rhobtor/PHD/ARGOJ8_IA/ARGOSJ8_IA_/install/ctl_mission:/home/rhobtor/PHD/ARGOJ8_IA/ARGOSJ8_IA_/install/ublox_msgs:/home/rhobtor/PHD/ARGOJ8_IA/ARGOSJ8_IA_/install/ublox_serialization:/home/rhobtor/PHD/ARGOJ8_IA/ARGOSJ8_IA_/install/spacenav:/home/rhobtor/PHD/ARGOJ8_IA/ARGOSJ8_IA_/install/laser_segmentation:/home/rhobtor/PHD/ARGOJ8_IA/ARGOSJ8_IA_/install/slg_msgs:/home/rhobtor/PHD/ARGOJ8_IA/ARGOSJ8_IA_/install/security_check_interfaces:/home/rhobtor/PHD/ARGOJ8_IA/ARGOSJ8_IA_/install/joy:/home/rhobtor/PHD/ARGOJ8_IA/ARGOSJ8_IA_/install/sdl2_vendor:/home/rhobtor/PHD/ARGOJ8_IA/ARGOSJ8_IA_/install/path_manager:/home/rhobtor/PHD/ARGOJ8_IA/ARGOSJ8_IA_/install/path_manager_interfaces:/home/rhobtor/PHD/ARGOJ8_IA/ARGOSJ8_IA_/install/octomap_rviz_plugins:/home/rhobtor/PHD/ARGOJ8_IA/ARGOSJ8_IA_/install/joy_linux:/home/rhobtor/PHD/ARGOJ8_IA/ARGOSJ8_IA_/install/j8_xacro_model:/home/rhobtor/PHD/ARGOJ8_IA/ARGOSJ8_IA_/install/hector_gazebo_plugins:/home/rhobtor/PHD/ARGOJ8_IA/ARGOSJ8_IA_/install/fixposition_sensor_pkg:/home/rhobtor/PHD/ARGOJ8_IA/ARGOSJ8_IA_/install/fixposition_odometry_converter_ros2:/home/rhobtor/PHD/ARGOJ8_IA/ARGOSJ8_IA_/install/fixposition_driver_ros2:/home/rhobtor/PHD/ARGOJ8_IA/ARGOSJ8_IA_/install/fixposition_driver_lib:/home/rhobtor/PHD/ARGOJ8_IA/ARGOSJ8_IA_/install/fixposition_gnss_tf:/home/rhobtor/PHD/ARGOJ8_IA/ARGOSJ8_IA_/install/ctl_mission_interfaces:/home/rhobtor/PHD/ARGOJ8_IA/ARGOSJ8_IA_/install/car_cpp:/home/rhobtor/PHD/ARGOJ8_IA/ARGOSJ8_IA_/install/car_interfaces:/home/rhobtor/PHD/ARGOJ8_IA/ARGOSJ8_IA_/install/argj801_setup:/home/rhobtor/PHD/ARGOJ8_IA/ARGOSJ8_IA_/install/argj801_sensors:/home/rhobtor/PHD/ARGOJ8_IA/ARGOSJ8_IA_/install/argj801_sensors_msgs:/home/rhobtor/PHD/ARGOJ8_IA/ARGOSJ8_IA_/install/argj801_ctl_platform:/home/rhobtor/zed/install/zed_ros2:/home/rhobtor/zed/install/zed_wrapper:/home/rhobtor/zed/install/zed_components:/home/rhobtor/zed/install/zed_interfaces:/home/rhobtor/PHD/reactive/Reactive-Navegation/workspace_full_conected/install/octomap_mapping:/home/rhobtor/PHD/reactive/Reactive-Navegation/workspace_full_conected/install/octomap_server:/home/rhobtor/PHD/reactive/Reactive-Navegation/workspace_full_conected/install/octomap_rviz_plugins:/home/rhobtor/PHD/reactive/Reactive-Navegation/workspace_full_conected/install/hector_gazebo_plugins:/home/rhobtor/PHD/reactive/Reactive-Navegation/workspace_full_conected/install/car_cpp:/home/rhobtor/PHD/reactive/Reactive-Navegation/workspace_full_conected/install/car_interfaces:/home/rhobtor/PHD/ARGOJ8_IA/ARGOSJ8_IA_/install/ntrip_client:/home/rhobtor/PHD/ARGOJ8_IA/ARGOSJ8_IA_/install/car:/home/rhobtor/PHD/ARGOJ8_IA/ARGOSJ8_IA_/install/android_ros2_server:/home/rhobtor/PHD/reactive/Reactive-Navegation/workspace_full_conected/install/car:/opt/ros/humble LD_LIBRARY_PATH=/home/rhobtor/PHD/ARGOJ8_IA/ARGOSJ8_IA_/install/argj801_ctl_platform_interfaces/lib:/home/rhobtor/PHD/ARGOJ8_IA/ARGOSJ8_IA_/install/wiimote_msgs/lib:/home/rhobtor/PHD/ARGOJ8_IA/ARGOSJ8_IA_/install/ublox_gps/lib:/home/rhobtor/PHD/ARGOJ8_IA/ARGOSJ8_IA_/install/ublox_msgs/lib:/home/rhobtor/PHD/ARGOJ8_IA/ARGOSJ8_IA_/install/spacenav/lib:/home/rhobtor/PHD/ARGOJ8_IA/ARGOSJ8_IA_/install/laser_segmentation/lib:/home/rhobtor/PHD/ARGOJ8_IA/ARGOSJ8_IA_/install/slg_msgs/lib:/home/rhobtor/PHD/ARGOJ8_IA/ARGOSJ8_IA_/install/security_check_interfaces/lib:/home/rhobtor/PHD/ARGOJ8_IA/ARGOSJ8_IA_/install/joy/lib:/home/rhobtor/PHD/ARGOJ8_IA/ARGOSJ8_IA_/install/path_manager_interfaces/lib:/home/rhobtor/PHD/ARGOJ8_IA/ARGOSJ8_IA_/install/octomap_rviz_plugins/lib:/home/rhobtor/PHD/ARGOJ8_IA/ARGOSJ8_IA_/install/j8_xacro_model/lib:/home/rhobtor/PHD/ARGOJ8_IA/ARGOSJ8_IA_/install/hector_gazebo_plugins/lib:/home/rhobtor/PHD/ARGOJ8_IA/ARGOSJ8_IA_/install/fixposition_sensor_pkg/lib:/home/rhobtor/PHD/ARGOJ8_IA/ARGOSJ8_IA_/install/fixposition_odometry_converter_ros2/lib:/home/rhobtor/PHD/ARGOJ8_IA/ARGOSJ8_IA_/install/fixposition_driver_ros2/lib:/home/rhobtor/PHD/ARGOJ8_IA/ARGOSJ8_IA_/install/fixposition_driver_lib/lib:/home/rhobtor/PHD/ARGOJ8_IA/ARGOSJ8_IA_/install/fixposition_gnss_tf/lib:/home/rhobtor/PHD/ARGOJ8_IA/ARGOSJ8_IA_/install/ctl_mission_interfaces/lib:/home/rhobtor/PHD/ARGOJ8_IA/ARGOSJ8_IA_/install/car_cpp/lib:/home/rhobtor/PHD/ARGOJ8_IA/ARGOSJ8_IA_/install/car_interfaces/lib:/home/rhobtor/PHD/ARGOJ8_IA/ARGOSJ8_IA_/install/argj801_sensors_msgs/lib:/usr/local/cuda/lib64:/usr/local/cuda/lib64:/usr/local/cuda-12.1/lib64:/usr/local/cuda-11.8/lib64:/home/rhobtor/zed/install/zed_components/lib:/home/rhobtor/zed/install/zed_interfaces/lib:/home/rhobtor/PHD/reactive/Reactive-Navegation/workspace_full_conected/install/octomap_server/lib:/home/rhobtor/PHD/reactive/Reactive-Navegation/workspace_full_conected/install/octomap_rviz_plugins/lib:/home/rhobtor/PHD/reactive/Reactive-Navegation/workspace_full_conected/install/hector_gazebo_plugins/lib:/home/rhobtor/PHD/reactive/Reactive-Navegation/workspace_full_conected/install/car_cpp/lib:/home/rhobtor/PHD/reactive/Reactive-Navegation/workspace_full_conected/install/car_interfaces/lib:/usr/lib/x86_64-linux-gnu/gazebo-11/plugins:/opt/ros/humble/opt/rviz_ogre_vendor/lib:/opt/ros/humble/lib/x86_64-linux-gnu:/opt/ros/humble/lib /opt/st/stm32cubeclt_1.18.0/CMake/bin/cmake --install /home/rhobtor/PHD/ARGOJ8_IA/ARGOSJ8_IA_/build/argj801_ctl_platform
[3.400s] DEBUG:colcon.colcon_core.event_handler.log_command:Invoked command in '/home/rhobtor/PHD/ARGOJ8_IA/ARGOSJ8_IA_/build/spacenav' returned '0': CMAKE_PREFIX_PATH=${CMAKE_PREFIX_PATH}:/home/rhobtor/PHD/ARGOJ8_IA/ARGOSJ8_IA_/install/ntrip_client:/home/rhobtor/PHD/ARGOJ8_IA/ARGOSJ8_IA_/install/car:/home/rhobtor/PHD/ARGOJ8_IA/ARGOSJ8_IA_/install/android_ros2_server:/home/rhobtor/PHD/reactive/Reactive-Navegation/workspace_full_conected/install/car:/opt/ros/humble /opt/st/stm32cubeclt_1.18.0/CMake/bin/cmake --build /home/rhobtor/PHD/ARGOJ8_IA/ARGOSJ8_IA_/build/spacenav -- -j16 -l16
[3.401s] DEBUG:colcon.colcon_core.event_handler.log_command:Invoking command in '/home/rhobtor/PHD/ARGOJ8_IA/ARGOSJ8_IA_/build/spacenav': CMAKE_PREFIX_PATH=${CMAKE_PREFIX_PATH}:/home/rhobtor/PHD/ARGOJ8_IA/ARGOSJ8_IA_/install/ntrip_client:/home/rhobtor/PHD/ARGOJ8_IA/ARGOSJ8_IA_/install/car:/home/rhobtor/PHD/ARGOJ8_IA/ARGOSJ8_IA_/install/android_ros2_server:/home/rhobtor/PHD/reactive/Reactive-Navegation/workspace_full_conected/install/car:/opt/ros/humble /opt/st/stm32cubeclt_1.18.0/CMake/bin/cmake --install /home/rhobtor/PHD/ARGOJ8_IA/ARGOSJ8_IA_/build/spacenav
[3.406s] DEBUG:colcon.colcon_core.event_handler.log_command:Invoking command in '/home/rhobtor/PHD/ARGOJ8_IA/ARGOSJ8_IA_/src/android_ros2_server': PYTHONPATH=/home/rhobtor/PHD/ARGOJ8_IA/ARGOSJ8_IA_/build/android_ros2_server/prefix_override:/usr/lib/python3/dist-packages/colcon_core/task/python/colcon_distutils_commands:/home/rhobtor/PHD/ARGOJ8_IA/ARGOSJ8_IA_/install/android_ros2_server/lib/python3.10/site-packages:${PYTHONPATH} /usr/bin/python3 -W ignore:setup.py install is deprecated -W ignore:easy_install command is deprecated setup.py egg_info --egg-base ../../build/android_ros2_server build --build-base /home/rhobtor/PHD/ARGOJ8_IA/ARGOSJ8_IA_/build/android_ros2_server/build install --record /home/rhobtor/PHD/ARGOJ8_IA/ARGOSJ8_IA_/build/android_ros2_server/install.log --single-version-externally-managed install_data
[3.416s] DEBUG:colcon.colcon_core.event_handler.log_command:Invoked command in '/home/rhobtor/PHD/ARGOJ8_IA/ARGOSJ8_IA_/build/argj801_sensors' returned '0': CMAKE_PREFIX_PATH=/home/rhobtor/PHD/ARGOJ8_IA/ARGOSJ8_IA_/install/argj801_sensors_msgs:/home/rhobtor/PHD/ARGOJ8_IA/ARGOSJ8_IA_/install/argj801_ctl_platform_interfaces:/home/rhobtor/PHD/ARGOJ8_IA/ARGOSJ8_IA_/install/wiimote_msgs:/home/rhobtor/PHD/ARGOJ8_IA/ARGOSJ8_IA_/install/ublox:/home/rhobtor/PHD/ARGOJ8_IA/ARGOSJ8_IA_/install/ublox_gps:/home/rhobtor/PHD/ARGOJ8_IA/ARGOSJ8_IA_/install/security_check:/home/rhobtor/PHD/ARGOJ8_IA/ARGOSJ8_IA_/install/ctl_mission:/home/rhobtor/PHD/ARGOJ8_IA/ARGOSJ8_IA_/install/ublox_msgs:/home/rhobtor/PHD/ARGOJ8_IA/ARGOSJ8_IA_/install/ublox_serialization:/home/rhobtor/PHD/ARGOJ8_IA/ARGOSJ8_IA_/install/spacenav:/home/rhobtor/PHD/ARGOJ8_IA/ARGOSJ8_IA_/install/laser_segmentation:/home/rhobtor/PHD/ARGOJ8_IA/ARGOSJ8_IA_/install/slg_msgs:/home/rhobtor/PHD/ARGOJ8_IA/ARGOSJ8_IA_/install/security_check_interfaces:/home/rhobtor/PHD/ARGOJ8_IA/ARGOSJ8_IA_/install/joy:/home/rhobtor/PHD/ARGOJ8_IA/ARGOSJ8_IA_/install/sdl2_vendor:/home/rhobtor/PHD/ARGOJ8_IA/ARGOSJ8_IA_/install/path_manager:/home/rhobtor/PHD/ARGOJ8_IA/ARGOSJ8_IA_/install/path_manager_interfaces:/home/rhobtor/PHD/ARGOJ8_IA/ARGOSJ8_IA_/install/octomap_rviz_plugins:/home/rhobtor/PHD/ARGOJ8_IA/ARGOSJ8_IA_/install/joy_linux:/home/rhobtor/PHD/ARGOJ8_IA/ARGOSJ8_IA_/install/j8_xacro_model:/home/rhobtor/PHD/ARGOJ8_IA/ARGOSJ8_IA_/install/hector_gazebo_plugins:/home/rhobtor/PHD/ARGOJ8_IA/ARGOSJ8_IA_/install/fixposition_sensor_pkg:/home/rhobtor/PHD/ARGOJ8_IA/ARGOSJ8_IA_/install/fixposition_odometry_converter_ros2:/home/rhobtor/PHD/ARGOJ8_IA/ARGOSJ8_IA_/install/fixposition_driver_ros2:/home/rhobtor/PHD/ARGOJ8_IA/ARGOSJ8_IA_/install/fixposition_driver_lib:/home/rhobtor/PHD/ARGOJ8_IA/ARGOSJ8_IA_/install/fixposition_gnss_tf:/home/rhobtor/PHD/ARGOJ8_IA/ARGOSJ8_IA_/install/ctl_mission_interfaces:/home/rhobtor/PHD/ARGOJ8_IA/ARGOSJ8_IA_/install/car_cpp:/home/rhobtor/PHD/ARGOJ8_IA/ARGOSJ8_IA_/install/car_interfaces:/home/rhobtor/PHD/ARGOJ8_IA/ARGOSJ8_IA_/install/argj801_setup:/home/rhobtor/PHD/ARGOJ8_IA/ARGOSJ8_IA_/install/argj801_sensors:/home/rhobtor/PHD/ARGOJ8_IA/ARGOSJ8_IA_/install/argj801_ctl_platform:/home/rhobtor/zed/install/zed_ros2:/home/rhobtor/zed/install/zed_wrapper:/home/rhobtor/zed/install/zed_components:/home/rhobtor/zed/install/zed_interfaces:/home/rhobtor/PHD/reactive/Reactive-Navegation/workspace_full_conected/install/octomap_mapping:/home/rhobtor/PHD/reactive/Reactive-Navegation/workspace_full_conected/install/octomap_server:/home/rhobtor/PHD/reactive/Reactive-Navegation/workspace_full_conected/install/octomap_rviz_plugins:/home/rhobtor/PHD/reactive/Reactive-Navegation/workspace_full_conected/install/hector_gazebo_plugins:/home/rhobtor/PHD/reactive/Reactive-Navegation/workspace_full_conected/install/car_cpp:/home/rhobtor/PHD/reactive/Reactive-Navegation/workspace_full_conected/install/car_interfaces:/home/rhobtor/PHD/ARGOJ8_IA/ARGOSJ8_IA_/install/ntrip_client:/home/rhobtor/PHD/ARGOJ8_IA/ARGOSJ8_IA_/install/car:/home/rhobtor/PHD/ARGOJ8_IA/ARGOSJ8_IA_/install/android_ros2_server:/home/rhobtor/PHD/reactive/Reactive-Navegation/workspace_full_conected/install/car:/opt/ros/humble LD_LIBRARY_PATH=/home/rhobtor/PHD/ARGOJ8_IA/ARGOSJ8_IA_/install/argj801_sensors_msgs/lib:/home/rhobtor/PHD/ARGOJ8_IA/ARGOSJ8_IA_/install/argj801_ctl_platform_interfaces/lib:/home/rhobtor/PHD/ARGOJ8_IA/ARGOSJ8_IA_/install/wiimote_msgs/lib:/home/rhobtor/PHD/ARGOJ8_IA/ARGOSJ8_IA_/install/ublox_gps/lib:/home/rhobtor/PHD/ARGOJ8_IA/ARGOSJ8_IA_/install/ublox_msgs/lib:/home/rhobtor/PHD/ARGOJ8_IA/ARGOSJ8_IA_/install/spacenav/lib:/home/rhobtor/PHD/ARGOJ8_IA/ARGOSJ8_IA_/install/laser_segmentation/lib:/home/rhobtor/PHD/ARGOJ8_IA/ARGOSJ8_IA_/install/slg_msgs/lib:/home/rhobtor/PHD/ARGOJ8_IA/ARGOSJ8_IA_/install/security_check_interfaces/lib:/home/rhobtor/PHD/ARGOJ8_IA/ARGOSJ8_IA_/install/joy/lib:/home/rhobtor/PHD/ARGOJ8_IA/ARGOSJ8_IA_/install/path_manager_interfaces/lib:/home/rhobtor/PHD/ARGOJ8_IA/ARGOSJ8_IA_/install/octomap_rviz_plugins/lib:/home/rhobtor/PHD/ARGOJ8_IA/ARGOSJ8_IA_/install/j8_xacro_model/lib:/home/rhobtor/PHD/ARGOJ8_IA/ARGOSJ8_IA_/install/hector_gazebo_plugins/lib:/home/rhobtor/PHD/ARGOJ8_IA/ARGOSJ8_IA_/install/fixposition_sensor_pkg/lib:/home/rhobtor/PHD/ARGOJ8_IA/ARGOSJ8_IA_/install/fixposition_odometry_converter_ros2/lib:/home/rhobtor/PHD/ARGOJ8_IA/ARGOSJ8_IA_/install/fixposition_driver_ros2/lib:/home/rhobtor/PHD/ARGOJ8_IA/ARGOSJ8_IA_/install/fixposition_driver_lib/lib:/home/rhobtor/PHD/ARGOJ8_IA/ARGOSJ8_IA_/install/fixposition_gnss_tf/lib:/home/rhobtor/PHD/ARGOJ8_IA/ARGOSJ8_IA_/install/ctl_mission_interfaces/lib:/home/rhobtor/PHD/ARGOJ8_IA/ARGOSJ8_IA_/install/car_cpp/lib:/home/rhobtor/PHD/ARGOJ8_IA/ARGOSJ8_IA_/install/car_interfaces/lib:/usr/local/cuda/lib64:/usr/local/cuda/lib64:/usr/local/cuda-12.1/lib64:/usr/local/cuda-11.8/lib64:/home/rhobtor/zed/install/zed_components/lib:/home/rhobtor/zed/install/zed_interfaces/lib:/home/rhobtor/PHD/reactive/Reactive-Navegation/workspace_full_conected/install/octomap_server/lib:/home/rhobtor/PHD/reactive/Reactive-Navegation/workspace_full_conected/install/octomap_rviz_plugins/lib:/home/rhobtor/PHD/reactive/Reactive-Navegation/workspace_full_conected/install/hector_gazebo_plugins/lib:/home/rhobtor/PHD/reactive/Reactive-Navegation/workspace_full_conected/install/car_cpp/lib:/home/rhobtor/PHD/reactive/Reactive-Navegation/workspace_full_conected/install/car_interfaces/lib:/usr/lib/x86_64-linux-gnu/gazebo-11/plugins:/opt/ros/humble/opt/rviz_ogre_vendor/lib:/opt/ros/humble/lib/x86_64-linux-gnu:/opt/ros/humble/lib /opt/st/stm32cubeclt_1.18.0/CMake/bin/cmake --build /home/rhobtor/PHD/ARGOJ8_IA/ARGOSJ8_IA_/build/argj801_sensors -- -j16 -l16
[3.417s] DEBUG:colcon.colcon_core.event_handler.log_command:Invoking command in '/home/rhobtor/PHD/ARGOJ8_IA/ARGOSJ8_IA_/build/argj801_sensors': CMAKE_PREFIX_PATH=/home/rhobtor/PHD/ARGOJ8_IA/ARGOSJ8_IA_/install/argj801_sensors_msgs:/home/rhobtor/PHD/ARGOJ8_IA/ARGOSJ8_IA_/install/argj801_ctl_platform_interfaces:/home/rhobtor/PHD/ARGOJ8_IA/ARGOSJ8_IA_/install/wiimote_msgs:/home/rhobtor/PHD/ARGOJ8_IA/ARGOSJ8_IA_/install/ublox:/home/rhobtor/PHD/ARGOJ8_IA/ARGOSJ8_IA_/install/ublox_gps:/home/rhobtor/PHD/ARGOJ8_IA/ARGOSJ8_IA_/install/security_check:/home/rhobtor/PHD/ARGOJ8_IA/ARGOSJ8_IA_/install/ctl_mission:/home/rhobtor/PHD/ARGOJ8_IA/ARGOSJ8_IA_/install/ublox_msgs:/home/rhobtor/PHD/ARGOJ8_IA/ARGOSJ8_IA_/install/ublox_serialization:/home/rhobtor/PHD/ARGOJ8_IA/ARGOSJ8_IA_/install/spacenav:/home/rhobtor/PHD/ARGOJ8_IA/ARGOSJ8_IA_/install/laser_segmentation:/home/rhobtor/PHD/ARGOJ8_IA/ARGOSJ8_IA_/install/slg_msgs:/home/rhobtor/PHD/ARGOJ8_IA/ARGOSJ8_IA_/install/security_check_interfaces:/home/rhobtor/PHD/ARGOJ8_IA/ARGOSJ8_IA_/install/joy:/home/rhobtor/PHD/ARGOJ8_IA/ARGOSJ8_IA_/install/sdl2_vendor:/home/rhobtor/PHD/ARGOJ8_IA/ARGOSJ8_IA_/install/path_manager:/home/rhobtor/PHD/ARGOJ8_IA/ARGOSJ8_IA_/install/path_manager_interfaces:/home/rhobtor/PHD/ARGOJ8_IA/ARGOSJ8_IA_/install/octomap_rviz_plugins:/home/rhobtor/PHD/ARGOJ8_IA/ARGOSJ8_IA_/install/joy_linux:/home/rhobtor/PHD/ARGOJ8_IA/ARGOSJ8_IA_/install/j8_xacro_model:/home/rhobtor/PHD/ARGOJ8_IA/ARGOSJ8_IA_/install/hector_gazebo_plugins:/home/rhobtor/PHD/ARGOJ8_IA/ARGOSJ8_IA_/install/fixposition_sensor_pkg:/home/rhobtor/PHD/ARGOJ8_IA/ARGOSJ8_IA_/install/fixposition_odometry_converter_ros2:/home/rhobtor/PHD/ARGOJ8_IA/ARGOSJ8_IA_/install/fixposition_driver_ros2:/home/rhobtor/PHD/ARGOJ8_IA/ARGOSJ8_IA_/install/fixposition_driver_lib:/home/rhobtor/PHD/ARGOJ8_IA/ARGOSJ8_IA_/install/fixposition_gnss_tf:/home/rhobtor/PHD/ARGOJ8_IA/ARGOSJ8_IA_/install/ctl_mission_interfaces:/home/rhobtor/PHD/ARGOJ8_IA/ARGOSJ8_IA_/install/car_cpp:/home/rhobtor/PHD/ARGOJ8_IA/ARGOSJ8_IA_/install/car_interfaces:/home/rhobtor/PHD/ARGOJ8_IA/ARGOSJ8_IA_/install/argj801_setup:/home/rhobtor/PHD/ARGOJ8_IA/ARGOSJ8_IA_/install/argj801_sensors:/home/rhobtor/PHD/ARGOJ8_IA/ARGOSJ8_IA_/install/argj801_ctl_platform:/home/rhobtor/zed/install/zed_ros2:/home/rhobtor/zed/install/zed_wrapper:/home/rhobtor/zed/install/zed_components:/home/rhobtor/zed/install/zed_interfaces:/home/rhobtor/PHD/reactive/Reactive-Navegation/workspace_full_conected/install/octomap_mapping:/home/rhobtor/PHD/reactive/Reactive-Navegation/workspace_full_conected/install/octomap_server:/home/rhobtor/PHD/reactive/Reactive-Navegation/workspace_full_conected/install/octomap_rviz_plugins:/home/rhobtor/PHD/reactive/Reactive-Navegation/workspace_full_conected/install/hector_gazebo_plugins:/home/rhobtor/PHD/reactive/Reactive-Navegation/workspace_full_conected/install/car_cpp:/home/rhobtor/PHD/reactive/Reactive-Navegation/workspace_full_conected/install/car_interfaces:/home/rhobtor/PHD/ARGOJ8_IA/ARGOSJ8_IA_/install/ntrip_client:/home/rhobtor/PHD/ARGOJ8_IA/ARGOSJ8_IA_/install/car:/home/rhobtor/PHD/ARGOJ8_IA/ARGOSJ8_IA_/install/android_ros2_server:/home/rhobtor/PHD/reactive/Reactive-Navegation/workspace_full_conected/install/car:/opt/ros/humble LD_LIBRARY_PATH=/home/rhobtor/PHD/ARGOJ8_IA/ARGOSJ8_IA_/install/argj801_sensors_msgs/lib:/home/rhobtor/PHD/ARGOJ8_IA/ARGOSJ8_IA_/install/argj801_ctl_platform_interfaces/lib:/home/rhobtor/PHD/ARGOJ8_IA/ARGOSJ8_IA_/install/wiimote_msgs/lib:/home/rhobtor/PHD/ARGOJ8_IA/ARGOSJ8_IA_/install/ublox_gps/lib:/home/rhobtor/PHD/ARGOJ8_IA/ARGOSJ8_IA_/install/ublox_msgs/lib:/home/rhobtor/PHD/ARGOJ8_IA/ARGOSJ8_IA_/install/spacenav/lib:/home/rhobtor/PHD/ARGOJ8_IA/ARGOSJ8_IA_/install/laser_segmentation/lib:/home/rhobtor/PHD/ARGOJ8_IA/ARGOSJ8_IA_/install/slg_msgs/lib:/home/rhobtor/PHD/ARGOJ8_IA/ARGOSJ8_IA_/install/security_check_interfaces/lib:/home/rhobtor/PHD/ARGOJ8_IA/ARGOSJ8_IA_/install/joy/lib:/home/rhobtor/PHD/ARGOJ8_IA/ARGOSJ8_IA_/install/path_manager_interfaces/lib:/home/rhobtor/PHD/ARGOJ8_IA/ARGOSJ8_IA_/install/octomap_rviz_plugins/lib:/home/rhobtor/PHD/ARGOJ8_IA/ARGOSJ8_IA_/install/j8_xacro_model/lib:/home/rhobtor/PHD/ARGOJ8_IA/ARGOSJ8_IA_/install/hector_gazebo_plugins/lib:/home/rhobtor/PHD/ARGOJ8_IA/ARGOSJ8_IA_/install/fixposition_sensor_pkg/lib:/home/rhobtor/PHD/ARGOJ8_IA/ARGOSJ8_IA_/install/fixposition_odometry_converter_ros2/lib:/home/rhobtor/PHD/ARGOJ8_IA/ARGOSJ8_IA_/install/fixposition_driver_ros2/lib:/home/rhobtor/PHD/ARGOJ8_IA/ARGOSJ8_IA_/install/fixposition_driver_lib/lib:/home/rhobtor/PHD/ARGOJ8_IA/ARGOSJ8_IA_/install/fixposition_gnss_tf/lib:/home/rhobtor/PHD/ARGOJ8_IA/ARGOSJ8_IA_/install/ctl_mission_interfaces/lib:/home/rhobtor/PHD/ARGOJ8_IA/ARGOSJ8_IA_/install/car_cpp/lib:/home/rhobtor/PHD/ARGOJ8_IA/ARGOSJ8_IA_/install/car_interfaces/lib:/usr/local/cuda/lib64:/usr/local/cuda/lib64:/usr/local/cuda-12.1/lib64:/usr/local/cuda-11.8/lib64:/home/rhobtor/zed/install/zed_components/lib:/home/rhobtor/zed/install/zed_interfaces/lib:/home/rhobtor/PHD/reactive/Reactive-Navegation/workspace_full_conected/install/octomap_server/lib:/home/rhobtor/PHD/reactive/Reactive-Navegation/workspace_full_conected/install/octomap_rviz_plugins/lib:/home/rhobtor/PHD/reactive/Reactive-Navegation/workspace_full_conected/install/hector_gazebo_plugins/lib:/home/rhobtor/PHD/reactive/Reactive-Navegation/workspace_full_conected/install/car_cpp/lib:/home/rhobtor/PHD/reactive/Reactive-Navegation/workspace_full_conected/install/car_interfaces/lib:/usr/lib/x86_64-linux-gnu/gazebo-11/plugins:/opt/ros/humble/opt/rviz_ogre_vendor/lib:/opt/ros/humble/lib/x86_64-linux-gnu:/opt/ros/humble/lib /opt/st/stm32cubeclt_1.18.0/CMake/bin/cmake --install /home/rhobtor/PHD/ARGOJ8_IA/ARGOSJ8_IA_/build/argj801_sensors
[3.431s] DEBUG:colcon.colcon_core.event_handler.log_command:Invoked command in '/home/rhobtor/PHD/ARGOJ8_IA/ARGOSJ8_IA_/build/octomap_rviz_plugins' returned '0': CMAKE_PREFIX_PATH=${CMAKE_PREFIX_PATH}:/home/rhobtor/PHD/ARGOJ8_IA/ARGOSJ8_IA_/install/ntrip_client:/home/rhobtor/PHD/ARGOJ8_IA/ARGOSJ8_IA_/install/car:/home/rhobtor/PHD/ARGOJ8_IA/ARGOSJ8_IA_/install/android_ros2_server:/home/rhobtor/PHD/reactive/Reactive-Navegation/workspace_full_conected/install/car:/opt/ros/humble /opt/st/stm32cubeclt_1.18.0/CMake/bin/cmake --build /home/rhobtor/PHD/ARGOJ8_IA/ARGOSJ8_IA_/build/octomap_rviz_plugins -- -j16 -l16
[3.432s] DEBUG:colcon.colcon_core.event_handler.log_command:Invoking command in '/home/rhobtor/PHD/ARGOJ8_IA/ARGOSJ8_IA_/build/octomap_rviz_plugins': CMAKE_PREFIX_PATH=${CMAKE_PREFIX_PATH}:/home/rhobtor/PHD/ARGOJ8_IA/ARGOSJ8_IA_/install/ntrip_client:/home/rhobtor/PHD/ARGOJ8_IA/ARGOSJ8_IA_/install/car:/home/rhobtor/PHD/ARGOJ8_IA/ARGOSJ8_IA_/install/android_ros2_server:/home/rhobtor/PHD/reactive/Reactive-Navegation/workspace_full_conected/install/car:/opt/ros/humble /opt/st/stm32cubeclt_1.18.0/CMake/bin/cmake --install /home/rhobtor/PHD/ARGOJ8_IA/ARGOSJ8_IA_/build/octomap_rviz_plugins
[3.481s] Level 1:colcon.colcon_core.shell:create_environment_hook('fixposition_driver_lib', 'pkg_config_path')
[3.488s] INFO:colcon.colcon_core.shell:Creating environment hook '/home/rhobtor/PHD/ARGOJ8_IA/ARGOSJ8_IA_/install/fixposition_driver_lib/share/fixposition_driver_lib/hook/pkg_config_path.ps1'
[3.489s] INFO:colcon.colcon_core.shell:Creating environment descriptor '/home/rhobtor/PHD/ARGOJ8_IA/ARGOSJ8_IA_/install/fixposition_driver_lib/share/fixposition_driver_lib/hook/pkg_config_path.dsv'
[3.492s] INFO:colcon.colcon_core.shell:Creating environment hook '/home/rhobtor/PHD/ARGOJ8_IA/ARGOSJ8_IA_/install/fixposition_driver_lib/share/fixposition_driver_lib/hook/pkg_config_path.sh'
[3.493s] Level 1:colcon.colcon_core.shell:create_environment_hook('fixposition_driver_lib', 'pkg_config_path_multiarch')
[3.493s] INFO:colcon.colcon_core.shell:Creating environment hook '/home/rhobtor/PHD/ARGOJ8_IA/ARGOSJ8_IA_/install/fixposition_driver_lib/share/fixposition_driver_lib/hook/pkg_config_path_multiarch.ps1'
[3.498s] INFO:colcon.colcon_core.shell:Creating environment descriptor '/home/rhobtor/PHD/ARGOJ8_IA/ARGOSJ8_IA_/install/fixposition_driver_lib/share/fixposition_driver_lib/hook/pkg_config_path_multiarch.dsv'
[3.502s] INFO:colcon.colcon_core.shell:Creating environment hook '/home/rhobtor/PHD/ARGOJ8_IA/ARGOSJ8_IA_/install/fixposition_driver_lib/share/fixposition_driver_lib/hook/pkg_config_path_multiarch.sh'
[3.505s] Level 1:colcon.colcon_core.environment:create_environment_scripts_only(fixposition_driver_lib)
[3.506s] Level 1:colcon.colcon_core.environment:checking '/home/rhobtor/PHD/ARGOJ8_IA/ARGOSJ8_IA_/install/fixposition_driver_lib' for CMake module files
[3.501s] DEBUG:colcon.colcon_core.event_handler.log_command:Invoked command in '/home/rhobtor/PHD/ARGOJ8_IA/ARGOSJ8_IA_/build/fixposition_driver_lib' returned '0': CMAKE_PREFIX_PATH=/home/rhobtor/PHD/ARGOJ8_IA/ARGOSJ8_IA_/install/fixposition_gnss_tf:/home/rhobtor/PHD/ARGOJ8_IA/ARGOSJ8_IA_/install/wiimote_msgs:/home/rhobtor/PHD/ARGOJ8_IA/ARGOSJ8_IA_/install/ublox:/home/rhobtor/PHD/ARGOJ8_IA/ARGOSJ8_IA_/install/ublox_gps:/home/rhobtor/PHD/ARGOJ8_IA/ARGOSJ8_IA_/install/security_check:/home/rhobtor/PHD/ARGOJ8_IA/ARGOSJ8_IA_/install/ctl_mission:/home/rhobtor/PHD/ARGOJ8_IA/ARGOSJ8_IA_/install/ublox_msgs:/home/rhobtor/PHD/ARGOJ8_IA/ARGOSJ8_IA_/install/ublox_serialization:/home/rhobtor/PHD/ARGOJ8_IA/ARGOSJ8_IA_/install/spacenav:/home/rhobtor/PHD/ARGOJ8_IA/ARGOSJ8_IA_/install/laser_segmentation:/home/rhobtor/PHD/ARGOJ8_IA/ARGOSJ8_IA_/install/slg_msgs:/home/rhobtor/PHD/ARGOJ8_IA/ARGOSJ8_IA_/install/security_check_interfaces:/home/rhobtor/PHD/ARGOJ8_IA/ARGOSJ8_IA_/install/joy:/home/rhobtor/PHD/ARGOJ8_IA/ARGOSJ8_IA_/install/sdl2_vendor:/home/rhobtor/PHD/ARGOJ8_IA/ARGOSJ8_IA_/install/path_manager:/home/rhobtor/PHD/ARGOJ8_IA/ARGOSJ8_IA_/install/path_manager_interfaces:/home/rhobtor/PHD/ARGOJ8_IA/ARGOSJ8_IA_/install/octomap_rviz_plugins:/home/rhobtor/PHD/ARGOJ8_IA/ARGOSJ8_IA_/install/joy_linux:/home/rhobtor/PHD/ARGOJ8_IA/ARGOSJ8_IA_/install/j8_xacro_model:/home/rhobtor/PHD/ARGOJ8_IA/ARGOSJ8_IA_/install/hector_gazebo_plugins:/home/rhobtor/PHD/ARGOJ8_IA/ARGOSJ8_IA_/install/fixposition_sensor_pkg:/home/rhobtor/PHD/ARGOJ8_IA/ARGOSJ8_IA_/install/fixposition_odometry_converter_ros2:/home/rhobtor/PHD/ARGOJ8_IA/ARGOSJ8_IA_/install/fixposition_driver_ros2:/home/rhobtor/PHD/ARGOJ8_IA/ARGOSJ8_IA_/install/fixposition_driver_lib:/home/rhobtor/PHD/ARGOJ8_IA/ARGOSJ8_IA_/install/ctl_mission_interfaces:/home/rhobtor/PHD/ARGOJ8_IA/ARGOSJ8_IA_/install/car_cpp:/home/rhobtor/PHD/ARGOJ8_IA/ARGOSJ8_IA_/install/car_interfaces:/home/rhobtor/PHD/ARGOJ8_IA/ARGOSJ8_IA_/install/argj801_setup:/home/rhobtor/PHD/ARGOJ8_IA/ARGOSJ8_IA_/install/argj801_sensors:/home/rhobtor/PHD/ARGOJ8_IA/ARGOSJ8_IA_/install/argj801_sensors_msgs:/home/rhobtor/PHD/ARGOJ8_IA/ARGOSJ8_IA_/install/argj801_ctl_platform:/home/rhobtor/PHD/ARGOJ8_IA/ARGOSJ8_IA_/install/argj801_ctl_platform_interfaces:/home/rhobtor/zed/install/zed_ros2:/home/rhobtor/zed/install/zed_wrapper:/home/rhobtor/zed/install/zed_components:/home/rhobtor/zed/install/zed_interfaces:/home/rhobtor/PHD/reactive/Reactive-Navegation/workspace_full_conected/install/octomap_mapping:/home/rhobtor/PHD/reactive/Reactive-Navegation/workspace_full_conected/install/octomap_server:/home/rhobtor/PHD/reactive/Reactive-Navegation/workspace_full_conected/install/octomap_rviz_plugins:/home/rhobtor/PHD/reactive/Reactive-Navegation/workspace_full_conected/install/hector_gazebo_plugins:/home/rhobtor/PHD/reactive/Reactive-Navegation/workspace_full_conected/install/car_cpp:/home/rhobtor/PHD/reactive/Reactive-Navegation/workspace_full_conected/install/car_interfaces:/home/rhobtor/PHD/ARGOJ8_IA/ARGOSJ8_IA_/install/ntrip_client:/home/rhobtor/PHD/ARGOJ8_IA/ARGOSJ8_IA_/install/car:/home/rhobtor/PHD/ARGOJ8_IA/ARGOSJ8_IA_/install/android_ros2_server:/home/rhobtor/PHD/reactive/Reactive-Navegation/workspace_full_conected/install/car:/opt/ros/humble LD_LIBRARY_PATH=/home/rhobtor/PHD/ARGOJ8_IA/ARGOSJ8_IA_/install/fixposition_gnss_tf/lib:/home/rhobtor/PHD/ARGOJ8_IA/ARGOSJ8_IA_/install/wiimote_msgs/lib:/home/rhobtor/PHD/ARGOJ8_IA/ARGOSJ8_IA_/install/ublox_gps/lib:/home/rhobtor/PHD/ARGOJ8_IA/ARGOSJ8_IA_/install/ublox_msgs/lib:/home/rhobtor/PHD/ARGOJ8_IA/ARGOSJ8_IA_/install/spacenav/lib:/home/rhobtor/PHD/ARGOJ8_IA/ARGOSJ8_IA_/install/laser_segmentation/lib:/home/rhobtor/PHD/ARGOJ8_IA/ARGOSJ8_IA_/install/slg_msgs/lib:/home/rhobtor/PHD/ARGOJ8_IA/ARGOSJ8_IA_/install/security_check_interfaces/lib:/home/rhobtor/PHD/ARGOJ8_IA/ARGOSJ8_IA_/install/joy/lib:/home/rhobtor/PHD/ARGOJ8_IA/ARGOSJ8_IA_/install/path_manager_interfaces/lib:/home/rhobtor/PHD/ARGOJ8_IA/ARGOSJ8_IA_/install/octomap_rviz_plugins/lib:/home/rhobtor/PHD/ARGOJ8_IA/ARGOSJ8_IA_/install/j8_xacro_model/lib:/home/rhobtor/PHD/ARGOJ8_IA/ARGOSJ8_IA_/install/hector_gazebo_plugins/lib:/home/rhobtor/PHD/ARGOJ8_IA/ARGOSJ8_IA_/install/fixposition_sensor_pkg/lib:/home/rhobtor/PHD/ARGOJ8_IA/ARGOSJ8_IA_/install/fixposition_odometry_converter_ros2/lib:/home/rhobtor/PHD/ARGOJ8_IA/ARGOSJ8_IA_/install/fixposition_driver_ros2/lib:/home/rhobtor/PHD/ARGOJ8_IA/ARGOSJ8_IA_/install/fixposition_driver_lib/lib:/home/rhobtor/PHD/ARGOJ8_IA/ARGOSJ8_IA_/install/ctl_mission_interfaces/lib:/home/rhobtor/PHD/ARGOJ8_IA/ARGOSJ8_IA_/install/car_cpp/lib:/home/rhobtor/PHD/ARGOJ8_IA/ARGOSJ8_IA_/install/car_interfaces/lib:/home/rhobtor/PHD/ARGOJ8_IA/ARGOSJ8_IA_/install/argj801_sensors_msgs/lib:/home/rhobtor/PHD/ARGOJ8_IA/ARGOSJ8_IA_/install/argj801_ctl_platform_interfaces/lib:/usr/local/cuda/lib64:/usr/local/cuda/lib64:/usr/local/cuda-12.1/lib64:/usr/local/cuda-11.8/lib64:/home/rhobtor/zed/install/zed_components/lib:/home/rhobtor/zed/install/zed_interfaces/lib:/home/rhobtor/PHD/reactive/Reactive-Navegation/workspace_full_conected/install/octomap_server/lib:/home/rhobtor/PHD/reactive/Reactive-Navegation/workspace_full_conected/install/octomap_rviz_plugins/lib:/home/rhobtor/PHD/reactive/Reactive-Navegation/workspace_full_conected/install/hector_gazebo_plugins/lib:/home/rhobtor/PHD/reactive/Reactive-Navegation/workspace_full_conected/install/car_cpp/lib:/home/rhobtor/PHD/reactive/Reactive-Navegation/workspace_full_conected/install/car_interfaces/lib:/usr/lib/x86_64-linux-gnu/gazebo-11/plugins:/opt/ros/humble/opt/rviz_ogre_vendor/lib:/opt/ros/humble/lib/x86_64-linux-gnu:/opt/ros/humble/lib PKG_CONFIG_PATH=/home/rhobtor/PHD/ARGOJ8_IA/ARGOSJ8_IA_/install/fixposition_gnss_tf/lib/x86_64-linux-gnu/pkgconfig:/home/rhobtor/PHD/ARGOJ8_IA/ARGOSJ8_IA_/install/fixposition_gnss_tf/lib/pkgconfig:/home/rhobtor/PHD/ARGOJ8_IA/ARGOSJ8_IA_/install/fixposition_driver_lib/lib/x86_64-linux-gnu/pkgconfig:/home/rhobtor/PHD/ARGOJ8_IA/ARGOSJ8_IA_/install/fixposition_driver_lib/lib/pkgconfig /opt/st/stm32cubeclt_1.18.0/CMake/bin/cmake --install /home/rhobtor/PHD/ARGOJ8_IA/ARGOSJ8_IA_/build/fixposition_driver_lib
[3.507s] Level 1:colcon.colcon_core.environment:checking '/home/rhobtor/PHD/ARGOJ8_IA/ARGOSJ8_IA_/install/fixposition_driver_lib' for CMake config files
[3.509s] Level 1:colcon.colcon_core.shell:create_environment_hook('fixposition_driver_lib', 'cmake_prefix_path')
[3.509s] INFO:colcon.colcon_core.shell:Creating environment hook '/home/rhobtor/PHD/ARGOJ8_IA/ARGOSJ8_IA_/install/fixposition_driver_lib/share/fixposition_driver_lib/hook/cmake_prefix_path.ps1'
[3.511s] INFO:colcon.colcon_core.shell:Creating environment descriptor '/home/rhobtor/PHD/ARGOJ8_IA/ARGOSJ8_IA_/install/fixposition_driver_lib/share/fixposition_driver_lib/hook/cmake_prefix_path.dsv'
[3.512s] INFO:colcon.colcon_core.shell:Creating environment hook '/home/rhobtor/PHD/ARGOJ8_IA/ARGOSJ8_IA_/install/fixposition_driver_lib/share/fixposition_driver_lib/hook/cmake_prefix_path.sh'
[3.515s] Level 1:colcon.colcon_core.environment:checking '/home/rhobtor/PHD/ARGOJ8_IA/ARGOSJ8_IA_/install/fixposition_driver_lib/lib'
[3.515s] Level 1:colcon.colcon_core.shell:create_environment_hook('fixposition_driver_lib', 'ld_library_path_lib')
[3.516s] INFO:colcon.colcon_core.shell:Creating environment hook '/home/rhobtor/PHD/ARGOJ8_IA/ARGOSJ8_IA_/install/fixposition_driver_lib/share/fixposition_driver_lib/hook/ld_library_path_lib.ps1'
[3.517s] INFO:colcon.colcon_core.shell:Creating environment descriptor '/home/rhobtor/PHD/ARGOJ8_IA/ARGOSJ8_IA_/install/fixposition_driver_lib/share/fixposition_driver_lib/hook/ld_library_path_lib.dsv'
[3.518s] INFO:colcon.colcon_core.shell:Creating environment hook '/home/rhobtor/PHD/ARGOJ8_IA/ARGOSJ8_IA_/install/fixposition_driver_lib/share/fixposition_driver_lib/hook/ld_library_path_lib.sh'
[3.519s] Level 1:colcon.colcon_core.environment:checking '/home/rhobtor/PHD/ARGOJ8_IA/ARGOSJ8_IA_/install/fixposition_driver_lib/bin'
[3.519s] Level 1:colcon.colcon_core.environment:checking '/home/rhobtor/PHD/ARGOJ8_IA/ARGOSJ8_IA_/install/fixposition_driver_lib/lib/pkgconfig/fixposition_driver_lib.pc'
[3.520s] Level 1:colcon.colcon_core.environment:checking '/home/rhobtor/PHD/ARGOJ8_IA/ARGOSJ8_IA_/install/fixposition_driver_lib/lib/python3.10/site-packages'
[3.520s] Level 1:colcon.colcon_core.environment:checking '/home/rhobtor/PHD/ARGOJ8_IA/ARGOSJ8_IA_/install/fixposition_driver_lib/bin'
[3.521s] INFO:colcon.colcon_core.shell:Creating package script '/home/rhobtor/PHD/ARGOJ8_IA/ARGOSJ8_IA_/install/fixposition_driver_lib/share/fixposition_driver_lib/package.ps1'
[3.522s] INFO:colcon.colcon_core.shell:Creating package descriptor '/home/rhobtor/PHD/ARGOJ8_IA/ARGOSJ8_IA_/install/fixposition_driver_lib/share/fixposition_driver_lib/package.dsv'
[3.523s] INFO:colcon.colcon_core.shell:Creating package script '/home/rhobtor/PHD/ARGOJ8_IA/ARGOSJ8_IA_/install/fixposition_driver_lib/share/fixposition_driver_lib/package.sh'
[3.524s] INFO:colcon.colcon_core.shell:Creating package script '/home/rhobtor/PHD/ARGOJ8_IA/ARGOSJ8_IA_/install/fixposition_driver_lib/share/fixposition_driver_lib/package.bash'
[3.526s] INFO:colcon.colcon_core.shell:Creating package script '/home/rhobtor/PHD/ARGOJ8_IA/ARGOSJ8_IA_/install/fixposition_driver_lib/share/fixposition_driver_lib/package.zsh'
[3.527s] Level 1:colcon.colcon_core.environment:create_file_with_runtime_dependencies(/home/rhobtor/PHD/ARGOJ8_IA/ARGOSJ8_IA_/install/fixposition_driver_lib/share/colcon-core/packages/fixposition_driver_lib)
[3.527s] Level 1:colcon.colcon_core.environment:create_environment_scripts_only(argj801_ctl_platform)
[3.528s] Level 1:colcon.colcon_core.environment:checking '/home/rhobtor/PHD/ARGOJ8_IA/ARGOSJ8_IA_/install/argj801_ctl_platform' for CMake module files
[3.534s] DEBUG:colcon.colcon_core.event_handler.log_command:Invoked command in '/home/rhobtor/PHD/ARGOJ8_IA/ARGOSJ8_IA_/build/argj801_ctl_platform' returned '0': CMAKE_PREFIX_PATH=/home/rhobtor/PHD/ARGOJ8_IA/ARGOSJ8_IA_/install/argj801_ctl_platform_interfaces:/home/rhobtor/PHD/ARGOJ8_IA/ARGOSJ8_IA_/install/wiimote_msgs:/home/rhobtor/PHD/ARGOJ8_IA/ARGOSJ8_IA_/install/ublox:/home/rhobtor/PHD/ARGOJ8_IA/ARGOSJ8_IA_/install/ublox_gps:/home/rhobtor/PHD/ARGOJ8_IA/ARGOSJ8_IA_/install/security_check:/home/rhobtor/PHD/ARGOJ8_IA/ARGOSJ8_IA_/install/ctl_mission:/home/rhobtor/PHD/ARGOJ8_IA/ARGOSJ8_IA_/install/ublox_msgs:/home/rhobtor/PHD/ARGOJ8_IA/ARGOSJ8_IA_/install/ublox_serialization:/home/rhobtor/PHD/ARGOJ8_IA/ARGOSJ8_IA_/install/spacenav:/home/rhobtor/PHD/ARGOJ8_IA/ARGOSJ8_IA_/install/laser_segmentation:/home/rhobtor/PHD/ARGOJ8_IA/ARGOSJ8_IA_/install/slg_msgs:/home/rhobtor/PHD/ARGOJ8_IA/ARGOSJ8_IA_/install/security_check_interfaces:/home/rhobtor/PHD/ARGOJ8_IA/ARGOSJ8_IA_/install/joy:/home/rhobtor/PHD/ARGOJ8_IA/ARGOSJ8_IA_/install/sdl2_vendor:/home/rhobtor/PHD/ARGOJ8_IA/ARGOSJ8_IA_/install/path_manager:/home/rhobtor/PHD/ARGOJ8_IA/ARGOSJ8_IA_/install/path_manager_interfaces:/home/rhobtor/PHD/ARGOJ8_IA/ARGOSJ8_IA_/install/octomap_rviz_plugins:/home/rhobtor/PHD/ARGOJ8_IA/ARGOSJ8_IA_/install/joy_linux:/home/rhobtor/PHD/ARGOJ8_IA/ARGOSJ8_IA_/install/j8_xacro_model:/home/rhobtor/PHD/ARGOJ8_IA/ARGOSJ8_IA_/install/hector_gazebo_plugins:/home/rhobtor/PHD/ARGOJ8_IA/ARGOSJ8_IA_/install/fixposition_sensor_pkg:/home/rhobtor/PHD/ARGOJ8_IA/ARGOSJ8_IA_/install/fixposition_odometry_converter_ros2:/home/rhobtor/PHD/ARGOJ8_IA/ARGOSJ8_IA_/install/fixposition_driver_ros2:/home/rhobtor/PHD/ARGOJ8_IA/ARGOSJ8_IA_/install/fixposition_driver_lib:/home/rhobtor/PHD/ARGOJ8_IA/ARGOSJ8_IA_/install/fixposition_gnss_tf:/home/rhobtor/PHD/ARGOJ8_IA/ARGOSJ8_IA_/install/ctl_mission_interfaces:/home/rhobtor/PHD/ARGOJ8_IA/ARGOSJ8_IA_/install/car_cpp:/home/rhobtor/PHD/ARGOJ8_IA/ARGOSJ8_IA_/install/car_interfaces:/home/rhobtor/PHD/ARGOJ8_IA/ARGOSJ8_IA_/install/argj801_setup:/home/rhobtor/PHD/ARGOJ8_IA/ARGOSJ8_IA_/install/argj801_sensors:/home/rhobtor/PHD/ARGOJ8_IA/ARGOSJ8_IA_/install/argj801_sensors_msgs:/home/rhobtor/PHD/ARGOJ8_IA/ARGOSJ8_IA_/install/argj801_ctl_platform:/home/rhobtor/zed/install/zed_ros2:/home/rhobtor/zed/install/zed_wrapper:/home/rhobtor/zed/install/zed_components:/home/rhobtor/zed/install/zed_interfaces:/home/rhobtor/PHD/reactive/Reactive-Navegation/workspace_full_conected/install/octomap_mapping:/home/rhobtor/PHD/reactive/Reactive-Navegation/workspace_full_conected/install/octomap_server:/home/rhobtor/PHD/reactive/Reactive-Navegation/workspace_full_conected/install/octomap_rviz_plugins:/home/rhobtor/PHD/reactive/Reactive-Navegation/workspace_full_conected/install/hector_gazebo_plugins:/home/rhobtor/PHD/reactive/Reactive-Navegation/workspace_full_conected/install/car_cpp:/home/rhobtor/PHD/reactive/Reactive-Navegation/workspace_full_conected/install/car_interfaces:/home/rhobtor/PHD/ARGOJ8_IA/ARGOSJ8_IA_/install/ntrip_client:/home/rhobtor/PHD/ARGOJ8_IA/ARGOSJ8_IA_/install/car:/home/rhobtor/PHD/ARGOJ8_IA/ARGOSJ8_IA_/install/android_ros2_server:/home/rhobtor/PHD/reactive/Reactive-Navegation/workspace_full_conected/install/car:/opt/ros/humble LD_LIBRARY_PATH=/home/rhobtor/PHD/ARGOJ8_IA/ARGOSJ8_IA_/install/argj801_ctl_platform_interfaces/lib:/home/rhobtor/PHD/ARGOJ8_IA/ARGOSJ8_IA_/install/wiimote_msgs/lib:/home/rhobtor/PHD/ARGOJ8_IA/ARGOSJ8_IA_/install/ublox_gps/lib:/home/rhobtor/PHD/ARGOJ8_IA/ARGOSJ8_IA_/install/ublox_msgs/lib:/home/rhobtor/PHD/ARGOJ8_IA/ARGOSJ8_IA_/install/spacenav/lib:/home/rhobtor/PHD/ARGOJ8_IA/ARGOSJ8_IA_/install/laser_segmentation/lib:/home/rhobtor/PHD/ARGOJ8_IA/ARGOSJ8_IA_/install/slg_msgs/lib:/home/rhobtor/PHD/ARGOJ8_IA/ARGOSJ8_IA_/install/security_check_interfaces/lib:/home/rhobtor/PHD/ARGOJ8_IA/ARGOSJ8_IA_/install/joy/lib:/home/rhobtor/PHD/ARGOJ8_IA/ARGOSJ8_IA_/install/path_manager_interfaces/lib:/home/rhobtor/PHD/ARGOJ8_IA/ARGOSJ8_IA_/install/octomap_rviz_plugins/lib:/home/rhobtor/PHD/ARGOJ8_IA/ARGOSJ8_IA_/install/j8_xacro_model/lib:/home/rhobtor/PHD/ARGOJ8_IA/ARGOSJ8_IA_/install/hector_gazebo_plugins/lib:/home/rhobtor/PHD/ARGOJ8_IA/ARGOSJ8_IA_/install/fixposition_sensor_pkg/lib:/home/rhobtor/PHD/ARGOJ8_IA/ARGOSJ8_IA_/install/fixposition_odometry_converter_ros2/lib:/home/rhobtor/PHD/ARGOJ8_IA/ARGOSJ8_IA_/install/fixposition_driver_ros2/lib:/home/rhobtor/PHD/ARGOJ8_IA/ARGOSJ8_IA_/install/fixposition_driver_lib/lib:/home/rhobtor/PHD/ARGOJ8_IA/ARGOSJ8_IA_/install/fixposition_gnss_tf/lib:/home/rhobtor/PHD/ARGOJ8_IA/ARGOSJ8_IA_/install/ctl_mission_interfaces/lib:/home/rhobtor/PHD/ARGOJ8_IA/ARGOSJ8_IA_/install/car_cpp/lib:/home/rhobtor/PHD/ARGOJ8_IA/ARGOSJ8_IA_/install/car_interfaces/lib:/home/rhobtor/PHD/ARGOJ8_IA/ARGOSJ8_IA_/install/argj801_sensors_msgs/lib:/usr/local/cuda/lib64:/usr/local/cuda/lib64:/usr/local/cuda-12.1/lib64:/usr/local/cuda-11.8/lib64:/home/rhobtor/zed/install/zed_components/lib:/home/rhobtor/zed/install/zed_interfaces/lib:/home/rhobtor/PHD/reactive/Reactive-Navegation/workspace_full_conected/install/octomap_server/lib:/home/rhobtor/PHD/reactive/Reactive-Navegation/workspace_full_conected/install/octomap_rviz_plugins/lib:/home/rhobtor/PHD/reactive/Reactive-Navegation/workspace_full_conected/install/hector_gazebo_plugins/lib:/home/rhobtor/PHD/reactive/Reactive-Navegation/workspace_full_conected/install/car_cpp/lib:/home/rhobtor/PHD/reactive/Reactive-Navegation/workspace_full_conected/install/car_interfaces/lib:/usr/lib/x86_64-linux-gnu/gazebo-11/plugins:/opt/ros/humble/opt/rviz_ogre_vendor/lib:/opt/ros/humble/lib/x86_64-linux-gnu:/opt/ros/humble/lib /opt/st/stm32cubeclt_1.18.0/CMake/bin/cmake --install /home/rhobtor/PHD/ARGOJ8_IA/ARGOSJ8_IA_/build/argj801_ctl_platform
[3.534s] Level 1:colcon.colcon_core.environment:checking '/home/rhobtor/PHD/ARGOJ8_IA/ARGOSJ8_IA_/install/argj801_ctl_platform' for CMake config files
[3.535s] Level 1:colcon.colcon_core.shell:create_environment_hook('argj801_ctl_platform', 'cmake_prefix_path')
[3.536s] INFO:colcon.colcon_core.shell:Creating environment hook '/home/rhobtor/PHD/ARGOJ8_IA/ARGOSJ8_IA_/install/argj801_ctl_platform/share/argj801_ctl_platform/hook/cmake_prefix_path.ps1'
[3.537s] INFO:colcon.colcon_core.shell:Creating environment descriptor '/home/rhobtor/PHD/ARGOJ8_IA/ARGOSJ8_IA_/install/argj801_ctl_platform/share/argj801_ctl_platform/hook/cmake_prefix_path.dsv'
[3.539s] INFO:colcon.colcon_core.shell:Creating environment hook '/home/rhobtor/PHD/ARGOJ8_IA/ARGOSJ8_IA_/install/argj801_ctl_platform/share/argj801_ctl_platform/hook/cmake_prefix_path.sh'
[3.541s] Level 1:colcon.colcon_core.environment:checking '/home/rhobtor/PHD/ARGOJ8_IA/ARGOSJ8_IA_/install/argj801_ctl_platform/lib'
[3.541s] Level 1:colcon.colcon_core.environment:checking '/home/rhobtor/PHD/ARGOJ8_IA/ARGOSJ8_IA_/install/argj801_ctl_platform/bin'
[3.541s] Level 1:colcon.colcon_core.environment:checking '/home/rhobtor/PHD/ARGOJ8_IA/ARGOSJ8_IA_/install/argj801_ctl_platform/lib/pkgconfig/argj801_ctl_platform.pc'
[3.542s] Level 1:colcon.colcon_core.environment:checking '/home/rhobtor/PHD/ARGOJ8_IA/ARGOSJ8_IA_/install/argj801_ctl_platform/lib/python3.10/site-packages'
[3.542s] Level 1:colcon.colcon_core.environment:checking '/home/rhobtor/PHD/ARGOJ8_IA/ARGOSJ8_IA_/install/argj801_ctl_platform/bin'
[3.542s] INFO:colcon.colcon_core.shell:Creating package script '/home/rhobtor/PHD/ARGOJ8_IA/ARGOSJ8_IA_/install/argj801_ctl_platform/share/argj801_ctl_platform/package.ps1'
[3.543s] INFO:colcon.colcon_core.shell:Creating package descriptor '/home/rhobtor/PHD/ARGOJ8_IA/ARGOSJ8_IA_/install/argj801_ctl_platform/share/argj801_ctl_platform/package.dsv'
[3.545s] INFO:colcon.colcon_core.shell:Creating package script '/home/rhobtor/PHD/ARGOJ8_IA/ARGOSJ8_IA_/install/argj801_ctl_platform/share/argj801_ctl_platform/package.sh'
[3.545s] INFO:colcon.colcon_core.shell:Creating package script '/home/rhobtor/PHD/ARGOJ8_IA/ARGOSJ8_IA_/install/argj801_ctl_platform/share/argj801_ctl_platform/package.bash'
[3.546s] INFO:colcon.colcon_core.shell:Creating package script '/home/rhobtor/PHD/ARGOJ8_IA/ARGOSJ8_IA_/install/argj801_ctl_platform/share/argj801_ctl_platform/package.zsh'
[3.547s] Level 1:colcon.colcon_core.environment:create_file_with_runtime_dependencies(/home/rhobtor/PHD/ARGOJ8_IA/ARGOSJ8_IA_/install/argj801_ctl_platform/share/colcon-core/packages/argj801_ctl_platform)
[3.548s] Level 1:colcon.colcon_core.environment:create_environment_scripts_only(argj801_ctl_platform)
[3.549s] Level 1:colcon.colcon_core.environment:checking '/home/rhobtor/PHD/ARGOJ8_IA/ARGOSJ8_IA_/install/argj801_ctl_platform' for CMake module files
[3.550s] Level 1:colcon.colcon_core.environment:checking '/home/rhobtor/PHD/ARGOJ8_IA/ARGOSJ8_IA_/install/argj801_ctl_platform' for CMake config files
[3.550s] Level 1:colcon.colcon_core.shell:create_environment_hook('argj801_ctl_platform', 'cmake_prefix_path')
[3.550s] INFO:colcon.colcon_core.shell:Creating environment hook '/home/rhobtor/PHD/ARGOJ8_IA/ARGOSJ8_IA_/install/argj801_ctl_platform/share/argj801_ctl_platform/hook/cmake_prefix_path.ps1'
[3.553s] INFO:colcon.colcon_core.shell:Creating environment descriptor '/home/rhobtor/PHD/ARGOJ8_IA/ARGOSJ8_IA_/install/argj801_ctl_platform/share/argj801_ctl_platform/hook/cmake_prefix_path.dsv'
[3.554s] INFO:colcon.colcon_core.shell:Creating environment hook '/home/rhobtor/PHD/ARGOJ8_IA/ARGOSJ8_IA_/install/argj801_ctl_platform/share/argj801_ctl_platform/hook/cmake_prefix_path.sh'
[3.555s] Level 1:colcon.colcon_core.environment:checking '/home/rhobtor/PHD/ARGOJ8_IA/ARGOSJ8_IA_/install/argj801_ctl_platform/lib'
[3.555s] Level 1:colcon.colcon_core.environment:checking '/home/rhobtor/PHD/ARGOJ8_IA/ARGOSJ8_IA_/install/argj801_ctl_platform/bin'
[3.555s] Level 1:colcon.colcon_core.environment:checking '/home/rhobtor/PHD/ARGOJ8_IA/ARGOSJ8_IA_/install/argj801_ctl_platform/lib/pkgconfig/argj801_ctl_platform.pc'
[3.556s] Level 1:colcon.colcon_core.environment:checking '/home/rhobtor/PHD/ARGOJ8_IA/ARGOSJ8_IA_/install/argj801_ctl_platform/lib/python3.10/site-packages'
[3.556s] Level 1:colcon.colcon_core.environment:checking '/home/rhobtor/PHD/ARGOJ8_IA/ARGOSJ8_IA_/install/argj801_ctl_platform/bin'
[3.556s] INFO:colcon.colcon_core.shell:Creating package script '/home/rhobtor/PHD/ARGOJ8_IA/ARGOSJ8_IA_/install/argj801_ctl_platform/share/argj801_ctl_platform/package.ps1'
[3.557s] INFO:colcon.colcon_core.shell:Creating package descriptor '/home/rhobtor/PHD/ARGOJ8_IA/ARGOSJ8_IA_/install/argj801_ctl_platform/share/argj801_ctl_platform/package.dsv'
[3.558s] INFO:colcon.colcon_core.shell:Creating package script '/home/rhobtor/PHD/ARGOJ8_IA/ARGOSJ8_IA_/install/argj801_ctl_platform/share/argj801_ctl_platform/package.sh'
[3.558s] INFO:colcon.colcon_core.shell:Creating package script '/home/rhobtor/PHD/ARGOJ8_IA/ARGOSJ8_IA_/install/argj801_ctl_platform/share/argj801_ctl_platform/package.bash'
[3.559s] INFO:colcon.colcon_core.shell:Creating package script '/home/rhobtor/PHD/ARGOJ8_IA/ARGOSJ8_IA_/install/argj801_ctl_platform/share/argj801_ctl_platform/package.zsh'
[3.560s] Level 1:colcon.colcon_core.environment:create_file_with_runtime_dependencies(/home/rhobtor/PHD/ARGOJ8_IA/ARGOSJ8_IA_/install/argj801_ctl_platform/share/colcon-core/packages/argj801_ctl_platform)
[3.560s] Level 1:colcon.colcon_core.environment:create_environment_scripts_only(spacenav)
[3.561s] Level 1:colcon.colcon_core.environment:checking '/home/rhobtor/PHD/ARGOJ8_IA/ARGOSJ8_IA_/install/spacenav' for CMake module files
[3.561s] Level 1:colcon.colcon_core.environment:checking '/home/rhobtor/PHD/ARGOJ8_IA/ARGOSJ8_IA_/install/spacenav' for CMake config files
[3.562s] DEBUG:colcon.colcon_core.event_handler.log_command:Invoked command in '/home/rhobtor/PHD/ARGOJ8_IA/ARGOSJ8_IA_/build/spacenav' returned '0': CMAKE_PREFIX_PATH=${CMAKE_PREFIX_PATH}:/home/rhobtor/PHD/ARGOJ8_IA/ARGOSJ8_IA_/install/ntrip_client:/home/rhobtor/PHD/ARGOJ8_IA/ARGOSJ8_IA_/install/car:/home/rhobtor/PHD/ARGOJ8_IA/ARGOSJ8_IA_/install/android_ros2_server:/home/rhobtor/PHD/reactive/Reactive-Navegation/workspace_full_conected/install/car:/opt/ros/humble /opt/st/stm32cubeclt_1.18.0/CMake/bin/cmake --install /home/rhobtor/PHD/ARGOJ8_IA/ARGOSJ8_IA_/build/spacenav
[3.563s] Level 1:colcon.colcon_core.shell:create_environment_hook('spacenav', 'cmake_prefix_path')
[3.563s] INFO:colcon.colcon_core.shell:Creating environment hook '/home/rhobtor/PHD/ARGOJ8_IA/ARGOSJ8_IA_/install/spacenav/share/spacenav/hook/cmake_prefix_path.ps1'
[3.564s] INFO:colcon.colcon_core.shell:Creating environment descriptor '/home/rhobtor/PHD/ARGOJ8_IA/ARGOSJ8_IA_/install/spacenav/share/spacenav/hook/cmake_prefix_path.dsv'
[3.564s] INFO:colcon.colcon_core.shell:Creating environment hook '/home/rhobtor/PHD/ARGOJ8_IA/ARGOSJ8_IA_/install/spacenav/share/spacenav/hook/cmake_prefix_path.sh'
[3.565s] Level 1:colcon.colcon_core.environment:checking '/home/rhobtor/PHD/ARGOJ8_IA/ARGOSJ8_IA_/install/spacenav/lib'
[3.565s] Level 1:colcon.colcon_core.shell:create_environment_hook('spacenav', 'ld_library_path_lib')
[3.566s] INFO:colcon.colcon_core.shell:Creating environment hook '/home/rhobtor/PHD/ARGOJ8_IA/ARGOSJ8_IA_/install/spacenav/share/spacenav/hook/ld_library_path_lib.ps1'
[3.566s] INFO:colcon.colcon_core.shell:Creating environment descriptor '/home/rhobtor/PHD/ARGOJ8_IA/ARGOSJ8_IA_/install/spacenav/share/spacenav/hook/ld_library_path_lib.dsv'
[3.566s] INFO:colcon.colcon_core.shell:Creating environment hook '/home/rhobtor/PHD/ARGOJ8_IA/ARGOSJ8_IA_/install/spacenav/share/spacenav/hook/ld_library_path_lib.sh'
[3.567s] Level 1:colcon.colcon_core.environment:checking '/home/rhobtor/PHD/ARGOJ8_IA/ARGOSJ8_IA_/install/spacenav/bin'
[3.567s] Level 1:colcon.colcon_core.environment:checking '/home/rhobtor/PHD/ARGOJ8_IA/ARGOSJ8_IA_/install/spacenav/lib/pkgconfig/spacenav.pc'
[3.567s] Level 1:colcon.colcon_core.environment:checking '/home/rhobtor/PHD/ARGOJ8_IA/ARGOSJ8_IA_/install/spacenav/lib/python3.10/site-packages'
[3.567s] Level 1:colcon.colcon_core.environment:checking '/home/rhobtor/PHD/ARGOJ8_IA/ARGOSJ8_IA_/install/spacenav/bin'
[3.568s] INFO:colcon.colcon_core.shell:Creating package script '/home/rhobtor/PHD/ARGOJ8_IA/ARGOSJ8_IA_/install/spacenav/share/spacenav/package.ps1'
[3.568s] INFO:colcon.colcon_core.shell:Creating package descriptor '/home/rhobtor/PHD/ARGOJ8_IA/ARGOSJ8_IA_/install/spacenav/share/spacenav/package.dsv'
[3.569s] INFO:colcon.colcon_core.shell:Creating package script '/home/rhobtor/PHD/ARGOJ8_IA/ARGOSJ8_IA_/install/spacenav/share/spacenav/package.sh'
[3.570s] INFO:colcon.colcon_core.shell:Creating package script '/home/rhobtor/PHD/ARGOJ8_IA/ARGOSJ8_IA_/install/spacenav/share/spacenav/package.bash'
[3.570s] INFO:colcon.colcon_core.shell:Creating package script '/home/rhobtor/PHD/ARGOJ8_IA/ARGOSJ8_IA_/install/spacenav/share/spacenav/package.zsh'
[3.570s] Level 1:colcon.colcon_core.environment:create_file_with_runtime_dependencies(/home/rhobtor/PHD/ARGOJ8_IA/ARGOSJ8_IA_/install/spacenav/share/colcon-core/packages/spacenav)
[3.571s] Level 1:colcon.colcon_core.environment:create_environment_scripts_only(spacenav)
[3.572s] Level 1:colcon.colcon_core.environment:checking '/home/rhobtor/PHD/ARGOJ8_IA/ARGOSJ8_IA_/install/spacenav' for CMake module files
[3.572s] Level 1:colcon.colcon_core.environment:checking '/home/rhobtor/PHD/ARGOJ8_IA/ARGOSJ8_IA_/install/spacenav' for CMake config files
[3.573s] Level 1:colcon.colcon_core.shell:create_environment_hook('spacenav', 'cmake_prefix_path')
[3.573s] INFO:colcon.colcon_core.shell:Creating environment hook '/home/rhobtor/PHD/ARGOJ8_IA/ARGOSJ8_IA_/install/spacenav/share/spacenav/hook/cmake_prefix_path.ps1'
[3.574s] INFO:colcon.colcon_core.shell:Creating environment descriptor '/home/rhobtor/PHD/ARGOJ8_IA/ARGOSJ8_IA_/install/spacenav/share/spacenav/hook/cmake_prefix_path.dsv'
[3.574s] INFO:colcon.colcon_core.shell:Creating environment hook '/home/rhobtor/PHD/ARGOJ8_IA/ARGOSJ8_IA_/install/spacenav/share/spacenav/hook/cmake_prefix_path.sh'
[3.575s] Level 1:colcon.colcon_core.environment:checking '/home/rhobtor/PHD/ARGOJ8_IA/ARGOSJ8_IA_/install/spacenav/lib'
[3.575s] Level 1:colcon.colcon_core.shell:create_environment_hook('spacenav', 'ld_library_path_lib')
[3.575s] INFO:colcon.colcon_core.shell:Creating environment hook '/home/rhobtor/PHD/ARGOJ8_IA/ARGOSJ8_IA_/install/spacenav/share/spacenav/hook/ld_library_path_lib.ps1'
[3.576s] INFO:colcon.colcon_core.shell:Creating environment descriptor '/home/rhobtor/PHD/ARGOJ8_IA/ARGOSJ8_IA_/install/spacenav/share/spacenav/hook/ld_library_path_lib.dsv'
[3.576s] INFO:colcon.colcon_core.shell:Creating environment hook '/home/rhobtor/PHD/ARGOJ8_IA/ARGOSJ8_IA_/install/spacenav/share/spacenav/hook/ld_library_path_lib.sh'
[3.577s] Level 1:colcon.colcon_core.environment:checking '/home/rhobtor/PHD/ARGOJ8_IA/ARGOSJ8_IA_/install/spacenav/bin'
[3.577s] Level 1:colcon.colcon_core.environment:checking '/home/rhobtor/PHD/ARGOJ8_IA/ARGOSJ8_IA_/install/spacenav/lib/pkgconfig/spacenav.pc'
[3.577s] Level 1:colcon.colcon_core.environment:checking '/home/rhobtor/PHD/ARGOJ8_IA/ARGOSJ8_IA_/install/spacenav/lib/python3.10/site-packages'
[3.577s] Level 1:colcon.colcon_core.environment:checking '/home/rhobtor/PHD/ARGOJ8_IA/ARGOSJ8_IA_/install/spacenav/bin'
[3.578s] INFO:colcon.colcon_core.shell:Creating package script '/home/rhobtor/PHD/ARGOJ8_IA/ARGOSJ8_IA_/install/spacenav/share/spacenav/package.ps1'
[3.582s] INFO:colcon.colcon_core.shell:Creating package descriptor '/home/rhobtor/PHD/ARGOJ8_IA/ARGOSJ8_IA_/install/spacenav/share/spacenav/package.dsv'
[3.587s] INFO:colcon.colcon_core.shell:Creating package script '/home/rhobtor/PHD/ARGOJ8_IA/ARGOSJ8_IA_/install/spacenav/share/spacenav/package.sh'
[3.591s] INFO:colcon.colcon_core.shell:Creating package script '/home/rhobtor/PHD/ARGOJ8_IA/ARGOSJ8_IA_/install/spacenav/share/spacenav/package.bash'
[3.595s] INFO:colcon.colcon_core.shell:Creating package script '/home/rhobtor/PHD/ARGOJ8_IA/ARGOSJ8_IA_/install/spacenav/share/spacenav/package.zsh'
[3.599s] Level 1:colcon.colcon_core.environment:create_file_with_runtime_dependencies(/home/rhobtor/PHD/ARGOJ8_IA/ARGOSJ8_IA_/install/spacenav/share/colcon-core/packages/spacenav)
[3.607s] INFO:colcon.colcon_ros.task.ament_cmake.build:Building ROS package in '/home/rhobtor/PHD/ARGOJ8_IA/ARGOSJ8_IA_/src/argo_drivers_pkgs/Fixposition_driver_pkg/fixposition_driver-main/fixposition_driver_ros2' with build type 'ament_cmake'
[3.608s] INFO:colcon.colcon_cmake.task.cmake.build:Building CMake package in '/home/rhobtor/PHD/ARGOJ8_IA/ARGOSJ8_IA_/src/argo_drivers_pkgs/Fixposition_driver_pkg/fixposition_driver-main/fixposition_driver_ros2'
[3.610s] INFO:colcon.colcon_core.shell:Skip shell extension 'powershell' for command environment: Not usable outside of PowerShell
[3.611s] DEBUG:colcon.colcon_core.shell:Skip shell extension 'dsv' for command environment
[3.643s] INFO:colcon.colcon_ros.task.ament_cmake.build:Building ROS package in '/home/rhobtor/PHD/ARGOJ8_IA/ARGOSJ8_IA_/src/gazebo_sim_pkgs/j8_xacro_model' with build type 'ament_cmake'
[3.643s] INFO:colcon.colcon_cmake.task.cmake.build:Building CMake package in '/home/rhobtor/PHD/ARGOJ8_IA/ARGOSJ8_IA_/src/gazebo_sim_pkgs/j8_xacro_model'
[3.643s] INFO:colcon.colcon_core.shell:Skip shell extension 'powershell' for command environment: Not usable outside of PowerShell
[3.643s] DEBUG:colcon.colcon_core.shell:Skip shell extension 'dsv' for command environment
[3.655s] Level 1:colcon.colcon_core.environment:create_environment_scripts_only(argj801_sensors)
[3.655s] Level 1:colcon.colcon_core.environment:checking '/home/rhobtor/PHD/ARGOJ8_IA/ARGOSJ8_IA_/install/argj801_sensors' for CMake module files
[3.656s] DEBUG:colcon.colcon_core.event_handler.log_command:Invoked command in '/home/rhobtor/PHD/ARGOJ8_IA/ARGOSJ8_IA_/build/argj801_sensors' returned '0': CMAKE_PREFIX_PATH=/home/rhobtor/PHD/ARGOJ8_IA/ARGOSJ8_IA_/install/argj801_sensors_msgs:/home/rhobtor/PHD/ARGOJ8_IA/ARGOSJ8_IA_/install/argj801_ctl_platform_interfaces:/home/rhobtor/PHD/ARGOJ8_IA/ARGOSJ8_IA_/install/wiimote_msgs:/home/rhobtor/PHD/ARGOJ8_IA/ARGOSJ8_IA_/install/ublox:/home/rhobtor/PHD/ARGOJ8_IA/ARGOSJ8_IA_/install/ublox_gps:/home/rhobtor/PHD/ARGOJ8_IA/ARGOSJ8_IA_/install/security_check:/home/rhobtor/PHD/ARGOJ8_IA/ARGOSJ8_IA_/install/ctl_mission:/home/rhobtor/PHD/ARGOJ8_IA/ARGOSJ8_IA_/install/ublox_msgs:/home/rhobtor/PHD/ARGOJ8_IA/ARGOSJ8_IA_/install/ublox_serialization:/home/rhobtor/PHD/ARGOJ8_IA/ARGOSJ8_IA_/install/spacenav:/home/rhobtor/PHD/ARGOJ8_IA/ARGOSJ8_IA_/install/laser_segmentation:/home/rhobtor/PHD/ARGOJ8_IA/ARGOSJ8_IA_/install/slg_msgs:/home/rhobtor/PHD/ARGOJ8_IA/ARGOSJ8_IA_/install/security_check_interfaces:/home/rhobtor/PHD/ARGOJ8_IA/ARGOSJ8_IA_/install/joy:/home/rhobtor/PHD/ARGOJ8_IA/ARGOSJ8_IA_/install/sdl2_vendor:/home/rhobtor/PHD/ARGOJ8_IA/ARGOSJ8_IA_/install/path_manager:/home/rhobtor/PHD/ARGOJ8_IA/ARGOSJ8_IA_/install/path_manager_interfaces:/home/rhobtor/PHD/ARGOJ8_IA/ARGOSJ8_IA_/install/octomap_rviz_plugins:/home/rhobtor/PHD/ARGOJ8_IA/ARGOSJ8_IA_/install/joy_linux:/home/rhobtor/PHD/ARGOJ8_IA/ARGOSJ8_IA_/install/j8_xacro_model:/home/rhobtor/PHD/ARGOJ8_IA/ARGOSJ8_IA_/install/hector_gazebo_plugins:/home/rhobtor/PHD/ARGOJ8_IA/ARGOSJ8_IA_/install/fixposition_sensor_pkg:/home/rhobtor/PHD/ARGOJ8_IA/ARGOSJ8_IA_/install/fixposition_odometry_converter_ros2:/home/rhobtor/PHD/ARGOJ8_IA/ARGOSJ8_IA_/install/fixposition_driver_ros2:/home/rhobtor/PHD/ARGOJ8_IA/ARGOSJ8_IA_/install/fixposition_driver_lib:/home/rhobtor/PHD/ARGOJ8_IA/ARGOSJ8_IA_/install/fixposition_gnss_tf:/home/rhobtor/PHD/ARGOJ8_IA/ARGOSJ8_IA_/install/ctl_mission_interfaces:/home/rhobtor/PHD/ARGOJ8_IA/ARGOSJ8_IA_/install/car_cpp:/home/rhobtor/PHD/ARGOJ8_IA/ARGOSJ8_IA_/install/car_interfaces:/home/rhobtor/PHD/ARGOJ8_IA/ARGOSJ8_IA_/install/argj801_setup:/home/rhobtor/PHD/ARGOJ8_IA/ARGOSJ8_IA_/install/argj801_sensors:/home/rhobtor/PHD/ARGOJ8_IA/ARGOSJ8_IA_/install/argj801_ctl_platform:/home/rhobtor/zed/install/zed_ros2:/home/rhobtor/zed/install/zed_wrapper:/home/rhobtor/zed/install/zed_components:/home/rhobtor/zed/install/zed_interfaces:/home/rhobtor/PHD/reactive/Reactive-Navegation/workspace_full_conected/install/octomap_mapping:/home/rhobtor/PHD/reactive/Reactive-Navegation/workspace_full_conected/install/octomap_server:/home/rhobtor/PHD/reactive/Reactive-Navegation/workspace_full_conected/install/octomap_rviz_plugins:/home/rhobtor/PHD/reactive/Reactive-Navegation/workspace_full_conected/install/hector_gazebo_plugins:/home/rhobtor/PHD/reactive/Reactive-Navegation/workspace_full_conected/install/car_cpp:/home/rhobtor/PHD/reactive/Reactive-Navegation/workspace_full_conected/install/car_interfaces:/home/rhobtor/PHD/ARGOJ8_IA/ARGOSJ8_IA_/install/ntrip_client:/home/rhobtor/PHD/ARGOJ8_IA/ARGOSJ8_IA_/install/car:/home/rhobtor/PHD/ARGOJ8_IA/ARGOSJ8_IA_/install/android_ros2_server:/home/rhobtor/PHD/reactive/Reactive-Navegation/workspace_full_conected/install/car:/opt/ros/humble LD_LIBRARY_PATH=/home/rhobtor/PHD/ARGOJ8_IA/ARGOSJ8_IA_/install/argj801_sensors_msgs/lib:/home/rhobtor/PHD/ARGOJ8_IA/ARGOSJ8_IA_/install/argj801_ctl_platform_interfaces/lib:/home/rhobtor/PHD/ARGOJ8_IA/ARGOSJ8_IA_/install/wiimote_msgs/lib:/home/rhobtor/PHD/ARGOJ8_IA/ARGOSJ8_IA_/install/ublox_gps/lib:/home/rhobtor/PHD/ARGOJ8_IA/ARGOSJ8_IA_/install/ublox_msgs/lib:/home/rhobtor/PHD/ARGOJ8_IA/ARGOSJ8_IA_/install/spacenav/lib:/home/rhobtor/PHD/ARGOJ8_IA/ARGOSJ8_IA_/install/laser_segmentation/lib:/home/rhobtor/PHD/ARGOJ8_IA/ARGOSJ8_IA_/install/slg_msgs/lib:/home/rhobtor/PHD/ARGOJ8_IA/ARGOSJ8_IA_/install/security_check_interfaces/lib:/home/rhobtor/PHD/ARGOJ8_IA/ARGOSJ8_IA_/install/joy/lib:/home/rhobtor/PHD/ARGOJ8_IA/ARGOSJ8_IA_/install/path_manager_interfaces/lib:/home/rhobtor/PHD/ARGOJ8_IA/ARGOSJ8_IA_/install/octomap_rviz_plugins/lib:/home/rhobtor/PHD/ARGOJ8_IA/ARGOSJ8_IA_/install/j8_xacro_model/lib:/home/rhobtor/PHD/ARGOJ8_IA/ARGOSJ8_IA_/install/hector_gazebo_plugins/lib:/home/rhobtor/PHD/ARGOJ8_IA/ARGOSJ8_IA_/install/fixposition_sensor_pkg/lib:/home/rhobtor/PHD/ARGOJ8_IA/ARGOSJ8_IA_/install/fixposition_odometry_converter_ros2/lib:/home/rhobtor/PHD/ARGOJ8_IA/ARGOSJ8_IA_/install/fixposition_driver_ros2/lib:/home/rhobtor/PHD/ARGOJ8_IA/ARGOSJ8_IA_/install/fixposition_driver_lib/lib:/home/rhobtor/PHD/ARGOJ8_IA/ARGOSJ8_IA_/install/fixposition_gnss_tf/lib:/home/rhobtor/PHD/ARGOJ8_IA/ARGOSJ8_IA_/install/ctl_mission_interfaces/lib:/home/rhobtor/PHD/ARGOJ8_IA/ARGOSJ8_IA_/install/car_cpp/lib:/home/rhobtor/PHD/ARGOJ8_IA/ARGOSJ8_IA_/install/car_interfaces/lib:/usr/local/cuda/lib64:/usr/local/cuda/lib64:/usr/local/cuda-12.1/lib64:/usr/local/cuda-11.8/lib64:/home/rhobtor/zed/install/zed_components/lib:/home/rhobtor/zed/install/zed_interfaces/lib:/home/rhobtor/PHD/reactive/Reactive-Navegation/workspace_full_conected/install/octomap_server/lib:/home/rhobtor/PHD/reactive/Reactive-Navegation/workspace_full_conected/install/octomap_rviz_plugins/lib:/home/rhobtor/PHD/reactive/Reactive-Navegation/workspace_full_conected/install/hector_gazebo_plugins/lib:/home/rhobtor/PHD/reactive/Reactive-Navegation/workspace_full_conected/install/car_cpp/lib:/home/rhobtor/PHD/reactive/Reactive-Navegation/workspace_full_conected/install/car_interfaces/lib:/usr/lib/x86_64-linux-gnu/gazebo-11/plugins:/opt/ros/humble/opt/rviz_ogre_vendor/lib:/opt/ros/humble/lib/x86_64-linux-gnu:/opt/ros/humble/lib /opt/st/stm32cubeclt_1.18.0/CMake/bin/cmake --install /home/rhobtor/PHD/ARGOJ8_IA/ARGOSJ8_IA_/build/argj801_sensors
[3.657s] Level 1:colcon.colcon_core.environment:checking '/home/rhobtor/PHD/ARGOJ8_IA/ARGOSJ8_IA_/install/argj801_sensors' for CMake config files
[3.657s] Level 1:colcon.colcon_core.shell:create_environment_hook('argj801_sensors', 'cmake_prefix_path')
[3.657s] INFO:colcon.colcon_core.shell:Creating environment hook '/home/rhobtor/PHD/ARGOJ8_IA/ARGOSJ8_IA_/install/argj801_sensors/share/argj801_sensors/hook/cmake_prefix_path.ps1'
[3.658s] INFO:colcon.colcon_core.shell:Creating environment descriptor '/home/rhobtor/PHD/ARGOJ8_IA/ARGOSJ8_IA_/install/argj801_sensors/share/argj801_sensors/hook/cmake_prefix_path.dsv'
[3.658s] INFO:colcon.colcon_core.shell:Creating environment hook '/home/rhobtor/PHD/ARGOJ8_IA/ARGOSJ8_IA_/install/argj801_sensors/share/argj801_sensors/hook/cmake_prefix_path.sh'
[3.661s] Level 1:colcon.colcon_core.environment:checking '/home/rhobtor/PHD/ARGOJ8_IA/ARGOSJ8_IA_/install/argj801_sensors/lib'
[3.662s] Level 1:colcon.colcon_core.environment:checking '/home/rhobtor/PHD/ARGOJ8_IA/ARGOSJ8_IA_/install/argj801_sensors/bin'
[3.663s] Level 1:colcon.colcon_core.environment:checking '/home/rhobtor/PHD/ARGOJ8_IA/ARGOSJ8_IA_/install/argj801_sensors/lib/pkgconfig/argj801_sensors.pc'
[3.665s] Level 1:colcon.colcon_core.environment:checking '/home/rhobtor/PHD/ARGOJ8_IA/ARGOSJ8_IA_/install/argj801_sensors/lib/python3.10/site-packages'
[3.668s] Level 1:colcon.colcon_core.environment:checking '/home/rhobtor/PHD/ARGOJ8_IA/ARGOSJ8_IA_/install/argj801_sensors/bin'
[3.671s] INFO:colcon.colcon_core.shell:Creating package script '/home/rhobtor/PHD/ARGOJ8_IA/ARGOSJ8_IA_/install/argj801_sensors/share/argj801_sensors/package.ps1'
[3.676s] INFO:colcon.colcon_core.shell:Creating package descriptor '/home/rhobtor/PHD/ARGOJ8_IA/ARGOSJ8_IA_/install/argj801_sensors/share/argj801_sensors/package.dsv'
[3.680s] INFO:colcon.colcon_core.shell:Creating package script '/home/rhobtor/PHD/ARGOJ8_IA/ARGOSJ8_IA_/install/argj801_sensors/share/argj801_sensors/package.sh'
[3.683s] INFO:colcon.colcon_core.shell:Creating package script '/home/rhobtor/PHD/ARGOJ8_IA/ARGOSJ8_IA_/install/argj801_sensors/share/argj801_sensors/package.bash'
[3.687s] INFO:colcon.colcon_core.shell:Creating package script '/home/rhobtor/PHD/ARGOJ8_IA/ARGOSJ8_IA_/install/argj801_sensors/share/argj801_sensors/package.zsh'
[3.692s] Level 1:colcon.colcon_core.environment:create_file_with_runtime_dependencies(/home/rhobtor/PHD/ARGOJ8_IA/ARGOSJ8_IA_/install/argj801_sensors/share/colcon-core/packages/argj801_sensors)
[3.698s] Level 1:colcon.colcon_core.environment:create_environment_scripts_only(argj801_sensors)
[3.700s] Level 1:colcon.colcon_core.environment:checking '/home/rhobtor/PHD/ARGOJ8_IA/ARGOSJ8_IA_/install/argj801_sensors' for CMake module files
[3.704s] Level 1:colcon.colcon_core.environment:checking '/home/rhobtor/PHD/ARGOJ8_IA/ARGOSJ8_IA_/install/argj801_sensors' for CMake config files
[3.706s] Level 1:colcon.colcon_core.shell:create_environment_hook('argj801_sensors', 'cmake_prefix_path')
[3.709s] INFO:colcon.colcon_core.shell:Creating environment hook '/home/rhobtor/PHD/ARGOJ8_IA/ARGOSJ8_IA_/install/argj801_sensors/share/argj801_sensors/hook/cmake_prefix_path.ps1'
[3.716s] INFO:colcon.colcon_core.shell:Creating environment descriptor '/home/rhobtor/PHD/ARGOJ8_IA/ARGOSJ8_IA_/install/argj801_sensors/share/argj801_sensors/hook/cmake_prefix_path.dsv'
[3.719s] INFO:colcon.colcon_core.shell:Creating environment hook '/home/rhobtor/PHD/ARGOJ8_IA/ARGOSJ8_IA_/install/argj801_sensors/share/argj801_sensors/hook/cmake_prefix_path.sh'
[3.726s] Level 1:colcon.colcon_core.environment:checking '/home/rhobtor/PHD/ARGOJ8_IA/ARGOSJ8_IA_/install/argj801_sensors/lib'
[3.727s] Level 1:colcon.colcon_core.environment:checking '/home/rhobtor/PHD/ARGOJ8_IA/ARGOSJ8_IA_/install/argj801_sensors/bin'
[3.727s] Level 1:colcon.colcon_core.environment:checking '/home/rhobtor/PHD/ARGOJ8_IA/ARGOSJ8_IA_/install/argj801_sensors/lib/pkgconfig/argj801_sensors.pc'
[3.731s] Level 1:colcon.colcon_core.environment:checking '/home/rhobtor/PHD/ARGOJ8_IA/ARGOSJ8_IA_/install/argj801_sensors/lib/python3.10/site-packages'
[3.735s] Level 1:colcon.colcon_core.environment:checking '/home/rhobtor/PHD/ARGOJ8_IA/ARGOSJ8_IA_/install/argj801_sensors/bin'
[3.737s] INFO:colcon.colcon_core.shell:Creating package script '/home/rhobtor/PHD/ARGOJ8_IA/ARGOSJ8_IA_/install/argj801_sensors/share/argj801_sensors/package.ps1'
[3.744s] INFO:colcon.colcon_core.shell:Creating package descriptor '/home/rhobtor/PHD/ARGOJ8_IA/ARGOSJ8_IA_/install/argj801_sensors/share/argj801_sensors/package.dsv'
[3.753s] INFO:colcon.colcon_core.shell:Creating package script '/home/rhobtor/PHD/ARGOJ8_IA/ARGOSJ8_IA_/install/argj801_sensors/share/argj801_sensors/package.sh'
[3.758s] INFO:colcon.colcon_core.shell:Creating package script '/home/rhobtor/PHD/ARGOJ8_IA/ARGOSJ8_IA_/install/argj801_sensors/share/argj801_sensors/package.bash'
[3.765s] INFO:colcon.colcon_core.shell:Creating package script '/home/rhobtor/PHD/ARGOJ8_IA/ARGOSJ8_IA_/install/argj801_sensors/share/argj801_sensors/package.zsh'
[3.768s] Level 1:colcon.colcon_core.environment:create_file_with_runtime_dependencies(/home/rhobtor/PHD/ARGOJ8_IA/ARGOSJ8_IA_/install/argj801_sensors/share/colcon-core/packages/argj801_sensors)
[3.793s] DEBUG:colcon.colcon_core.event_handler.log_command:Invoked command in '/home/rhobtor/PHD/ARGOJ8_IA/ARGOSJ8_IA_/build/joy' returned '0': CMAKE_PREFIX_PATH=/home/rhobtor/PHD/ARGOJ8_IA/ARGOSJ8_IA_/install/sdl2_vendor:/home/rhobtor/PHD/ARGOJ8_IA/ARGOSJ8_IA_/install/wiimote_msgs:/home/rhobtor/PHD/ARGOJ8_IA/ARGOSJ8_IA_/install/ublox:/home/rhobtor/PHD/ARGOJ8_IA/ARGOSJ8_IA_/install/ublox_gps:/home/rhobtor/PHD/ARGOJ8_IA/ARGOSJ8_IA_/install/security_check:/home/rhobtor/PHD/ARGOJ8_IA/ARGOSJ8_IA_/install/ctl_mission:/home/rhobtor/PHD/ARGOJ8_IA/ARGOSJ8_IA_/install/ublox_msgs:/home/rhobtor/PHD/ARGOJ8_IA/ARGOSJ8_IA_/install/ublox_serialization:/home/rhobtor/PHD/ARGOJ8_IA/ARGOSJ8_IA_/install/spacenav:/home/rhobtor/PHD/ARGOJ8_IA/ARGOSJ8_IA_/install/laser_segmentation:/home/rhobtor/PHD/ARGOJ8_IA/ARGOSJ8_IA_/install/slg_msgs:/home/rhobtor/PHD/ARGOJ8_IA/ARGOSJ8_IA_/install/security_check_interfaces:/home/rhobtor/PHD/ARGOJ8_IA/ARGOSJ8_IA_/install/joy:/home/rhobtor/PHD/ARGOJ8_IA/ARGOSJ8_IA_/install/path_manager:/home/rhobtor/PHD/ARGOJ8_IA/ARGOSJ8_IA_/install/path_manager_interfaces:/home/rhobtor/PHD/ARGOJ8_IA/ARGOSJ8_IA_/install/octomap_rviz_plugins:/home/rhobtor/PHD/ARGOJ8_IA/ARGOSJ8_IA_/install/joy_linux:/home/rhobtor/PHD/ARGOJ8_IA/ARGOSJ8_IA_/install/j8_xacro_model:/home/rhobtor/PHD/ARGOJ8_IA/ARGOSJ8_IA_/install/hector_gazebo_plugins:/home/rhobtor/PHD/ARGOJ8_IA/ARGOSJ8_IA_/install/fixposition_sensor_pkg:/home/rhobtor/PHD/ARGOJ8_IA/ARGOSJ8_IA_/install/fixposition_odometry_converter_ros2:/home/rhobtor/PHD/ARGOJ8_IA/ARGOSJ8_IA_/install/fixposition_driver_ros2:/home/rhobtor/PHD/ARGOJ8_IA/ARGOSJ8_IA_/install/fixposition_driver_lib:/home/rhobtor/PHD/ARGOJ8_IA/ARGOSJ8_IA_/install/fixposition_gnss_tf:/home/rhobtor/PHD/ARGOJ8_IA/ARGOSJ8_IA_/install/ctl_mission_interfaces:/home/rhobtor/PHD/ARGOJ8_IA/ARGOSJ8_IA_/install/car_cpp:/home/rhobtor/PHD/ARGOJ8_IA/ARGOSJ8_IA_/install/car_interfaces:/home/rhobtor/PHD/ARGOJ8_IA/ARGOSJ8_IA_/install/argj801_setup:/home/rhobtor/PHD/ARGOJ8_IA/ARGOSJ8_IA_/install/argj801_sensors:/home/rhobtor/PHD/ARGOJ8_IA/ARGOSJ8_IA_/install/argj801_sensors_msgs:/home/rhobtor/PHD/ARGOJ8_IA/ARGOSJ8_IA_/install/argj801_ctl_platform:/home/rhobtor/PHD/ARGOJ8_IA/ARGOSJ8_IA_/install/argj801_ctl_platform_interfaces:/home/rhobtor/zed/install/zed_ros2:/home/rhobtor/zed/install/zed_wrapper:/home/rhobtor/zed/install/zed_components:/home/rhobtor/zed/install/zed_interfaces:/home/rhobtor/PHD/reactive/Reactive-Navegation/workspace_full_conected/install/octomap_mapping:/home/rhobtor/PHD/reactive/Reactive-Navegation/workspace_full_conected/install/octomap_server:/home/rhobtor/PHD/reactive/Reactive-Navegation/workspace_full_conected/install/octomap_rviz_plugins:/home/rhobtor/PHD/reactive/Reactive-Navegation/workspace_full_conected/install/hector_gazebo_plugins:/home/rhobtor/PHD/reactive/Reactive-Navegation/workspace_full_conected/install/car_cpp:/home/rhobtor/PHD/reactive/Reactive-Navegation/workspace_full_conected/install/car_interfaces:/home/rhobtor/PHD/ARGOJ8_IA/ARGOSJ8_IA_/install/ntrip_client:/home/rhobtor/PHD/ARGOJ8_IA/ARGOSJ8_IA_/install/car:/home/rhobtor/PHD/ARGOJ8_IA/ARGOSJ8_IA_/install/android_ros2_server:/home/rhobtor/PHD/reactive/Reactive-Navegation/workspace_full_conected/install/car:/opt/ros/humble /opt/st/stm32cubeclt_1.18.0/CMake/bin/cmake --build /home/rhobtor/PHD/ARGOJ8_IA/ARGOSJ8_IA_/build/joy -- -j16 -l16
[3.803s] DEBUG:colcon.colcon_core.event_handler.log_command:Invoking command in '/home/rhobtor/PHD/ARGOJ8_IA/ARGOSJ8_IA_/build/joy': CMAKE_PREFIX_PATH=/home/rhobtor/PHD/ARGOJ8_IA/ARGOSJ8_IA_/install/sdl2_vendor:/home/rhobtor/PHD/ARGOJ8_IA/ARGOSJ8_IA_/install/wiimote_msgs:/home/rhobtor/PHD/ARGOJ8_IA/ARGOSJ8_IA_/install/ublox:/home/rhobtor/PHD/ARGOJ8_IA/ARGOSJ8_IA_/install/ublox_gps:/home/rhobtor/PHD/ARGOJ8_IA/ARGOSJ8_IA_/install/security_check:/home/rhobtor/PHD/ARGOJ8_IA/ARGOSJ8_IA_/install/ctl_mission:/home/rhobtor/PHD/ARGOJ8_IA/ARGOSJ8_IA_/install/ublox_msgs:/home/rhobtor/PHD/ARGOJ8_IA/ARGOSJ8_IA_/install/ublox_serialization:/home/rhobtor/PHD/ARGOJ8_IA/ARGOSJ8_IA_/install/spacenav:/home/rhobtor/PHD/ARGOJ8_IA/ARGOSJ8_IA_/install/laser_segmentation:/home/rhobtor/PHD/ARGOJ8_IA/ARGOSJ8_IA_/install/slg_msgs:/home/rhobtor/PHD/ARGOJ8_IA/ARGOSJ8_IA_/install/security_check_interfaces:/home/rhobtor/PHD/ARGOJ8_IA/ARGOSJ8_IA_/install/joy:/home/rhobtor/PHD/ARGOJ8_IA/ARGOSJ8_IA_/install/path_manager:/home/rhobtor/PHD/ARGOJ8_IA/ARGOSJ8_IA_/install/path_manager_interfaces:/home/rhobtor/PHD/ARGOJ8_IA/ARGOSJ8_IA_/install/octomap_rviz_plugins:/home/rhobtor/PHD/ARGOJ8_IA/ARGOSJ8_IA_/install/joy_linux:/home/rhobtor/PHD/ARGOJ8_IA/ARGOSJ8_IA_/install/j8_xacro_model:/home/rhobtor/PHD/ARGOJ8_IA/ARGOSJ8_IA_/install/hector_gazebo_plugins:/home/rhobtor/PHD/ARGOJ8_IA/ARGOSJ8_IA_/install/fixposition_sensor_pkg:/home/rhobtor/PHD/ARGOJ8_IA/ARGOSJ8_IA_/install/fixposition_odometry_converter_ros2:/home/rhobtor/PHD/ARGOJ8_IA/ARGOSJ8_IA_/install/fixposition_driver_ros2:/home/rhobtor/PHD/ARGOJ8_IA/ARGOSJ8_IA_/install/fixposition_driver_lib:/home/rhobtor/PHD/ARGOJ8_IA/ARGOSJ8_IA_/install/fixposition_gnss_tf:/home/rhobtor/PHD/ARGOJ8_IA/ARGOSJ8_IA_/install/ctl_mission_interfaces:/home/rhobtor/PHD/ARGOJ8_IA/ARGOSJ8_IA_/install/car_cpp:/home/rhobtor/PHD/ARGOJ8_IA/ARGOSJ8_IA_/install/car_interfaces:/home/rhobtor/PHD/ARGOJ8_IA/ARGOSJ8_IA_/install/argj801_setup:/home/rhobtor/PHD/ARGOJ8_IA/ARGOSJ8_IA_/install/argj801_sensors:/home/rhobtor/PHD/ARGOJ8_IA/ARGOSJ8_IA_/install/argj801_sensors_msgs:/home/rhobtor/PHD/ARGOJ8_IA/ARGOSJ8_IA_/install/argj801_ctl_platform:/home/rhobtor/PHD/ARGOJ8_IA/ARGOSJ8_IA_/install/argj801_ctl_platform_interfaces:/home/rhobtor/zed/install/zed_ros2:/home/rhobtor/zed/install/zed_wrapper:/home/rhobtor/zed/install/zed_components:/home/rhobtor/zed/install/zed_interfaces:/home/rhobtor/PHD/reactive/Reactive-Navegation/workspace_full_conected/install/octomap_mapping:/home/rhobtor/PHD/reactive/Reactive-Navegation/workspace_full_conected/install/octomap_server:/home/rhobtor/PHD/reactive/Reactive-Navegation/workspace_full_conected/install/octomap_rviz_plugins:/home/rhobtor/PHD/reactive/Reactive-Navegation/workspace_full_conected/install/hector_gazebo_plugins:/home/rhobtor/PHD/reactive/Reactive-Navegation/workspace_full_conected/install/car_cpp:/home/rhobtor/PHD/reactive/Reactive-Navegation/workspace_full_conected/install/car_interfaces:/home/rhobtor/PHD/ARGOJ8_IA/ARGOSJ8_IA_/install/ntrip_client:/home/rhobtor/PHD/ARGOJ8_IA/ARGOSJ8_IA_/install/car:/home/rhobtor/PHD/ARGOJ8_IA/ARGOSJ8_IA_/install/android_ros2_server:/home/rhobtor/PHD/reactive/Reactive-Navegation/workspace_full_conected/install/car:/opt/ros/humble /opt/st/stm32cubeclt_1.18.0/CMake/bin/cmake --install /home/rhobtor/PHD/ARGOJ8_IA/ARGOSJ8_IA_/build/joy
[3.813s] DEBUG:colcon.colcon_core.event_handler.log_command:Invoked command in '/home/rhobtor/PHD/ARGOJ8_IA/ARGOSJ8_IA_/build/path_manager' returned '0': CMAKE_PREFIX_PATH=/home/rhobtor/PHD/ARGOJ8_IA/ARGOSJ8_IA_/install/path_manager_interfaces:/home/rhobtor/PHD/ARGOJ8_IA/ARGOSJ8_IA_/install/wiimote_msgs:/home/rhobtor/PHD/ARGOJ8_IA/ARGOSJ8_IA_/install/ublox:/home/rhobtor/PHD/ARGOJ8_IA/ARGOSJ8_IA_/install/ublox_gps:/home/rhobtor/PHD/ARGOJ8_IA/ARGOSJ8_IA_/install/security_check:/home/rhobtor/PHD/ARGOJ8_IA/ARGOSJ8_IA_/install/ctl_mission:/home/rhobtor/PHD/ARGOJ8_IA/ARGOSJ8_IA_/install/ublox_msgs:/home/rhobtor/PHD/ARGOJ8_IA/ARGOSJ8_IA_/install/ublox_serialization:/home/rhobtor/PHD/ARGOJ8_IA/ARGOSJ8_IA_/install/spacenav:/home/rhobtor/PHD/ARGOJ8_IA/ARGOSJ8_IA_/install/laser_segmentation:/home/rhobtor/PHD/ARGOJ8_IA/ARGOSJ8_IA_/install/slg_msgs:/home/rhobtor/PHD/ARGOJ8_IA/ARGOSJ8_IA_/install/security_check_interfaces:/home/rhobtor/PHD/ARGOJ8_IA/ARGOSJ8_IA_/install/joy:/home/rhobtor/PHD/ARGOJ8_IA/ARGOSJ8_IA_/install/sdl2_vendor:/home/rhobtor/PHD/ARGOJ8_IA/ARGOSJ8_IA_/install/path_manager:/home/rhobtor/PHD/ARGOJ8_IA/ARGOSJ8_IA_/install/octomap_rviz_plugins:/home/rhobtor/PHD/ARGOJ8_IA/ARGOSJ8_IA_/install/joy_linux:/home/rhobtor/PHD/ARGOJ8_IA/ARGOSJ8_IA_/install/j8_xacro_model:/home/rhobtor/PHD/ARGOJ8_IA/ARGOSJ8_IA_/install/hector_gazebo_plugins:/home/rhobtor/PHD/ARGOJ8_IA/ARGOSJ8_IA_/install/fixposition_sensor_pkg:/home/rhobtor/PHD/ARGOJ8_IA/ARGOSJ8_IA_/install/fixposition_odometry_converter_ros2:/home/rhobtor/PHD/ARGOJ8_IA/ARGOSJ8_IA_/install/fixposition_driver_ros2:/home/rhobtor/PHD/ARGOJ8_IA/ARGOSJ8_IA_/install/fixposition_driver_lib:/home/rhobtor/PHD/ARGOJ8_IA/ARGOSJ8_IA_/install/fixposition_gnss_tf:/home/rhobtor/PHD/ARGOJ8_IA/ARGOSJ8_IA_/install/ctl_mission_interfaces:/home/rhobtor/PHD/ARGOJ8_IA/ARGOSJ8_IA_/install/car_cpp:/home/rhobtor/PHD/ARGOJ8_IA/ARGOSJ8_IA_/install/car_interfaces:/home/rhobtor/PHD/ARGOJ8_IA/ARGOSJ8_IA_/install/argj801_setup:/home/rhobtor/PHD/ARGOJ8_IA/ARGOSJ8_IA_/install/argj801_sensors:/home/rhobtor/PHD/ARGOJ8_IA/ARGOSJ8_IA_/install/argj801_sensors_msgs:/home/rhobtor/PHD/ARGOJ8_IA/ARGOSJ8_IA_/install/argj801_ctl_platform:/home/rhobtor/PHD/ARGOJ8_IA/ARGOSJ8_IA_/install/argj801_ctl_platform_interfaces:/home/rhobtor/zed/install/zed_ros2:/home/rhobtor/zed/install/zed_wrapper:/home/rhobtor/zed/install/zed_components:/home/rhobtor/zed/install/zed_interfaces:/home/rhobtor/PHD/reactive/Reactive-Navegation/workspace_full_conected/install/octomap_mapping:/home/rhobtor/PHD/reactive/Reactive-Navegation/workspace_full_conected/install/octomap_server:/home/rhobtor/PHD/reactive/Reactive-Navegation/workspace_full_conected/install/octomap_rviz_plugins:/home/rhobtor/PHD/reactive/Reactive-Navegation/workspace_full_conected/install/hector_gazebo_plugins:/home/rhobtor/PHD/reactive/Reactive-Navegation/workspace_full_conected/install/car_cpp:/home/rhobtor/PHD/reactive/Reactive-Navegation/workspace_full_conected/install/car_interfaces:/home/rhobtor/PHD/ARGOJ8_IA/ARGOSJ8_IA_/install/ntrip_client:/home/rhobtor/PHD/ARGOJ8_IA/ARGOSJ8_IA_/install/car:/home/rhobtor/PHD/ARGOJ8_IA/ARGOSJ8_IA_/install/android_ros2_server:/home/rhobtor/PHD/reactive/Reactive-Navegation/workspace_full_conected/install/car:/opt/ros/humble LD_LIBRARY_PATH=/home/rhobtor/PHD/ARGOJ8_IA/ARGOSJ8_IA_/install/path_manager_interfaces/lib:/home/rhobtor/PHD/ARGOJ8_IA/ARGOSJ8_IA_/install/wiimote_msgs/lib:/home/rhobtor/PHD/ARGOJ8_IA/ARGOSJ8_IA_/install/ublox_gps/lib:/home/rhobtor/PHD/ARGOJ8_IA/ARGOSJ8_IA_/install/ublox_msgs/lib:/home/rhobtor/PHD/ARGOJ8_IA/ARGOSJ8_IA_/install/spacenav/lib:/home/rhobtor/PHD/ARGOJ8_IA/ARGOSJ8_IA_/install/laser_segmentation/lib:/home/rhobtor/PHD/ARGOJ8_IA/ARGOSJ8_IA_/install/slg_msgs/lib:/home/rhobtor/PHD/ARGOJ8_IA/ARGOSJ8_IA_/install/security_check_interfaces/lib:/home/rhobtor/PHD/ARGOJ8_IA/ARGOSJ8_IA_/install/joy/lib:/home/rhobtor/PHD/ARGOJ8_IA/ARGOSJ8_IA_/install/octomap_rviz_plugins/lib:/home/rhobtor/PHD/ARGOJ8_IA/ARGOSJ8_IA_/install/j8_xacro_model/lib:/home/rhobtor/PHD/ARGOJ8_IA/ARGOSJ8_IA_/install/hector_gazebo_plugins/lib:/home/rhobtor/PHD/ARGOJ8_IA/ARGOSJ8_IA_/install/fixposition_sensor_pkg/lib:/home/rhobtor/PHD/ARGOJ8_IA/ARGOSJ8_IA_/install/fixposition_odometry_converter_ros2/lib:/home/rhobtor/PHD/ARGOJ8_IA/ARGOSJ8_IA_/install/fixposition_driver_ros2/lib:/home/rhobtor/PHD/ARGOJ8_IA/ARGOSJ8_IA_/install/fixposition_driver_lib/lib:/home/rhobtor/PHD/ARGOJ8_IA/ARGOSJ8_IA_/install/fixposition_gnss_tf/lib:/home/rhobtor/PHD/ARGOJ8_IA/ARGOSJ8_IA_/install/ctl_mission_interfaces/lib:/home/rhobtor/PHD/ARGOJ8_IA/ARGOSJ8_IA_/install/car_cpp/lib:/home/rhobtor/PHD/ARGOJ8_IA/ARGOSJ8_IA_/install/car_interfaces/lib:/home/rhobtor/PHD/ARGOJ8_IA/ARGOSJ8_IA_/install/argj801_sensors_msgs/lib:/home/rhobtor/PHD/ARGOJ8_IA/ARGOSJ8_IA_/install/argj801_ctl_platform_interfaces/lib:/usr/local/cuda/lib64:/usr/local/cuda/lib64:/usr/local/cuda-12.1/lib64:/usr/local/cuda-11.8/lib64:/home/rhobtor/zed/install/zed_components/lib:/home/rhobtor/zed/install/zed_interfaces/lib:/home/rhobtor/PHD/reactive/Reactive-Navegation/workspace_full_conected/install/octomap_server/lib:/home/rhobtor/PHD/reactive/Reactive-Navegation/workspace_full_conected/install/octomap_rviz_plugins/lib:/home/rhobtor/PHD/reactive/Reactive-Navegation/workspace_full_conected/install/hector_gazebo_plugins/lib:/home/rhobtor/PHD/reactive/Reactive-Navegation/workspace_full_conected/install/car_cpp/lib:/home/rhobtor/PHD/reactive/Reactive-Navegation/workspace_full_conected/install/car_interfaces/lib:/usr/lib/x86_64-linux-gnu/gazebo-11/plugins:/opt/ros/humble/opt/rviz_ogre_vendor/lib:/opt/ros/humble/lib/x86_64-linux-gnu:/opt/ros/humble/lib /opt/st/stm32cubeclt_1.18.0/CMake/bin/cmake --build /home/rhobtor/PHD/ARGOJ8_IA/ARGOSJ8_IA_/build/path_manager -- -j16 -l16
[3.823s] DEBUG:colcon.colcon_core.event_handler.log_command:Invoking command in '/home/rhobtor/PHD/ARGOJ8_IA/ARGOSJ8_IA_/build/path_manager': CMAKE_PREFIX_PATH=/home/rhobtor/PHD/ARGOJ8_IA/ARGOSJ8_IA_/install/path_manager_interfaces:/home/rhobtor/PHD/ARGOJ8_IA/ARGOSJ8_IA_/install/wiimote_msgs:/home/rhobtor/PHD/ARGOJ8_IA/ARGOSJ8_IA_/install/ublox:/home/rhobtor/PHD/ARGOJ8_IA/ARGOSJ8_IA_/install/ublox_gps:/home/rhobtor/PHD/ARGOJ8_IA/ARGOSJ8_IA_/install/security_check:/home/rhobtor/PHD/ARGOJ8_IA/ARGOSJ8_IA_/install/ctl_mission:/home/rhobtor/PHD/ARGOJ8_IA/ARGOSJ8_IA_/install/ublox_msgs:/home/rhobtor/PHD/ARGOJ8_IA/ARGOSJ8_IA_/install/ublox_serialization:/home/rhobtor/PHD/ARGOJ8_IA/ARGOSJ8_IA_/install/spacenav:/home/rhobtor/PHD/ARGOJ8_IA/ARGOSJ8_IA_/install/laser_segmentation:/home/rhobtor/PHD/ARGOJ8_IA/ARGOSJ8_IA_/install/slg_msgs:/home/rhobtor/PHD/ARGOJ8_IA/ARGOSJ8_IA_/install/security_check_interfaces:/home/rhobtor/PHD/ARGOJ8_IA/ARGOSJ8_IA_/install/joy:/home/rhobtor/PHD/ARGOJ8_IA/ARGOSJ8_IA_/install/sdl2_vendor:/home/rhobtor/PHD/ARGOJ8_IA/ARGOSJ8_IA_/install/path_manager:/home/rhobtor/PHD/ARGOJ8_IA/ARGOSJ8_IA_/install/octomap_rviz_plugins:/home/rhobtor/PHD/ARGOJ8_IA/ARGOSJ8_IA_/install/joy_linux:/home/rhobtor/PHD/ARGOJ8_IA/ARGOSJ8_IA_/install/j8_xacro_model:/home/rhobtor/PHD/ARGOJ8_IA/ARGOSJ8_IA_/install/hector_gazebo_plugins:/home/rhobtor/PHD/ARGOJ8_IA/ARGOSJ8_IA_/install/fixposition_sensor_pkg:/home/rhobtor/PHD/ARGOJ8_IA/ARGOSJ8_IA_/install/fixposition_odometry_converter_ros2:/home/rhobtor/PHD/ARGOJ8_IA/ARGOSJ8_IA_/install/fixposition_driver_ros2:/home/rhobtor/PHD/ARGOJ8_IA/ARGOSJ8_IA_/install/fixposition_driver_lib:/home/rhobtor/PHD/ARGOJ8_IA/ARGOSJ8_IA_/install/fixposition_gnss_tf:/home/rhobtor/PHD/ARGOJ8_IA/ARGOSJ8_IA_/install/ctl_mission_interfaces:/home/rhobtor/PHD/ARGOJ8_IA/ARGOSJ8_IA_/install/car_cpp:/home/rhobtor/PHD/ARGOJ8_IA/ARGOSJ8_IA_/install/car_interfaces:/home/rhobtor/PHD/ARGOJ8_IA/ARGOSJ8_IA_/install/argj801_setup:/home/rhobtor/PHD/ARGOJ8_IA/ARGOSJ8_IA_/install/argj801_sensors:/home/rhobtor/PHD/ARGOJ8_IA/ARGOSJ8_IA_/install/argj801_sensors_msgs:/home/rhobtor/PHD/ARGOJ8_IA/ARGOSJ8_IA_/install/argj801_ctl_platform:/home/rhobtor/PHD/ARGOJ8_IA/ARGOSJ8_IA_/install/argj801_ctl_platform_interfaces:/home/rhobtor/zed/install/zed_ros2:/home/rhobtor/zed/install/zed_wrapper:/home/rhobtor/zed/install/zed_components:/home/rhobtor/zed/install/zed_interfaces:/home/rhobtor/PHD/reactive/Reactive-Navegation/workspace_full_conected/install/octomap_mapping:/home/rhobtor/PHD/reactive/Reactive-Navegation/workspace_full_conected/install/octomap_server:/home/rhobtor/PHD/reactive/Reactive-Navegation/workspace_full_conected/install/octomap_rviz_plugins:/home/rhobtor/PHD/reactive/Reactive-Navegation/workspace_full_conected/install/hector_gazebo_plugins:/home/rhobtor/PHD/reactive/Reactive-Navegation/workspace_full_conected/install/car_cpp:/home/rhobtor/PHD/reactive/Reactive-Navegation/workspace_full_conected/install/car_interfaces:/home/rhobtor/PHD/ARGOJ8_IA/ARGOSJ8_IA_/install/ntrip_client:/home/rhobtor/PHD/ARGOJ8_IA/ARGOSJ8_IA_/install/car:/home/rhobtor/PHD/ARGOJ8_IA/ARGOSJ8_IA_/install/android_ros2_server:/home/rhobtor/PHD/reactive/Reactive-Navegation/workspace_full_conected/install/car:/opt/ros/humble LD_LIBRARY_PATH=/home/rhobtor/PHD/ARGOJ8_IA/ARGOSJ8_IA_/install/path_manager_interfaces/lib:/home/rhobtor/PHD/ARGOJ8_IA/ARGOSJ8_IA_/install/wiimote_msgs/lib:/home/rhobtor/PHD/ARGOJ8_IA/ARGOSJ8_IA_/install/ublox_gps/lib:/home/rhobtor/PHD/ARGOJ8_IA/ARGOSJ8_IA_/install/ublox_msgs/lib:/home/rhobtor/PHD/ARGOJ8_IA/ARGOSJ8_IA_/install/spacenav/lib:/home/rhobtor/PHD/ARGOJ8_IA/ARGOSJ8_IA_/install/laser_segmentation/lib:/home/rhobtor/PHD/ARGOJ8_IA/ARGOSJ8_IA_/install/slg_msgs/lib:/home/rhobtor/PHD/ARGOJ8_IA/ARGOSJ8_IA_/install/security_check_interfaces/lib:/home/rhobtor/PHD/ARGOJ8_IA/ARGOSJ8_IA_/install/joy/lib:/home/rhobtor/PHD/ARGOJ8_IA/ARGOSJ8_IA_/install/octomap_rviz_plugins/lib:/home/rhobtor/PHD/ARGOJ8_IA/ARGOSJ8_IA_/install/j8_xacro_model/lib:/home/rhobtor/PHD/ARGOJ8_IA/ARGOSJ8_IA_/install/hector_gazebo_plugins/lib:/home/rhobtor/PHD/ARGOJ8_IA/ARGOSJ8_IA_/install/fixposition_sensor_pkg/lib:/home/rhobtor/PHD/ARGOJ8_IA/ARGOSJ8_IA_/install/fixposition_odometry_converter_ros2/lib:/home/rhobtor/PHD/ARGOJ8_IA/ARGOSJ8_IA_/install/fixposition_driver_ros2/lib:/home/rhobtor/PHD/ARGOJ8_IA/ARGOSJ8_IA_/install/fixposition_driver_lib/lib:/home/rhobtor/PHD/ARGOJ8_IA/ARGOSJ8_IA_/install/fixposition_gnss_tf/lib:/home/rhobtor/PHD/ARGOJ8_IA/ARGOSJ8_IA_/install/ctl_mission_interfaces/lib:/home/rhobtor/PHD/ARGOJ8_IA/ARGOSJ8_IA_/install/car_cpp/lib:/home/rhobtor/PHD/ARGOJ8_IA/ARGOSJ8_IA_/install/car_interfaces/lib:/home/rhobtor/PHD/ARGOJ8_IA/ARGOSJ8_IA_/install/argj801_sensors_msgs/lib:/home/rhobtor/PHD/ARGOJ8_IA/ARGOSJ8_IA_/install/argj801_ctl_platform_interfaces/lib:/usr/local/cuda/lib64:/usr/local/cuda/lib64:/usr/local/cuda-12.1/lib64:/usr/local/cuda-11.8/lib64:/home/rhobtor/zed/install/zed_components/lib:/home/rhobtor/zed/install/zed_interfaces/lib:/home/rhobtor/PHD/reactive/Reactive-Navegation/workspace_full_conected/install/octomap_server/lib:/home/rhobtor/PHD/reactive/Reactive-Navegation/workspace_full_conected/install/octomap_rviz_plugins/lib:/home/rhobtor/PHD/reactive/Reactive-Navegation/workspace_full_conected/install/hector_gazebo_plugins/lib:/home/rhobtor/PHD/reactive/Reactive-Navegation/workspace_full_conected/install/car_cpp/lib:/home/rhobtor/PHD/reactive/Reactive-Navegation/workspace_full_conected/install/car_interfaces/lib:/usr/lib/x86_64-linux-gnu/gazebo-11/plugins:/opt/ros/humble/opt/rviz_ogre_vendor/lib:/opt/ros/humble/lib/x86_64-linux-gnu:/opt/ros/humble/lib /opt/st/stm32cubeclt_1.18.0/CMake/bin/cmake --install /home/rhobtor/PHD/ARGOJ8_IA/ARGOSJ8_IA_/build/path_manager
[3.828s] Level 1:colcon.colcon_core.environment:create_environment_scripts_only(octomap_rviz_plugins)
[3.829s] Level 1:colcon.colcon_core.environment:checking '/home/rhobtor/PHD/ARGOJ8_IA/ARGOSJ8_IA_/install/octomap_rviz_plugins' for CMake module files
[3.837s] DEBUG:colcon.colcon_core.event_handler.log_command:Invoked command in '/home/rhobtor/PHD/ARGOJ8_IA/ARGOSJ8_IA_/build/octomap_rviz_plugins' returned '0': CMAKE_PREFIX_PATH=${CMAKE_PREFIX_PATH}:/home/rhobtor/PHD/ARGOJ8_IA/ARGOSJ8_IA_/install/ntrip_client:/home/rhobtor/PHD/ARGOJ8_IA/ARGOSJ8_IA_/install/car:/home/rhobtor/PHD/ARGOJ8_IA/ARGOSJ8_IA_/install/android_ros2_server:/home/rhobtor/PHD/reactive/Reactive-Navegation/workspace_full_conected/install/car:/opt/ros/humble /opt/st/stm32cubeclt_1.18.0/CMake/bin/cmake --install /home/rhobtor/PHD/ARGOJ8_IA/ARGOSJ8_IA_/build/octomap_rviz_plugins
[3.837s] Level 1:colcon.colcon_core.environment:checking '/home/rhobtor/PHD/ARGOJ8_IA/ARGOSJ8_IA_/install/octomap_rviz_plugins' for CMake config files
[3.838s] Level 1:colcon.colcon_core.shell:create_environment_hook('octomap_rviz_plugins', 'cmake_prefix_path')
[3.838s] INFO:colcon.colcon_core.shell:Creating environment hook '/home/rhobtor/PHD/ARGOJ8_IA/ARGOSJ8_IA_/install/octomap_rviz_plugins/share/octomap_rviz_plugins/hook/cmake_prefix_path.ps1'
[3.839s] INFO:colcon.colcon_core.shell:Creating environment descriptor '/home/rhobtor/PHD/ARGOJ8_IA/ARGOSJ8_IA_/install/octomap_rviz_plugins/share/octomap_rviz_plugins/hook/cmake_prefix_path.dsv'
[3.839s] INFO:colcon.colcon_core.shell:Creating environment hook '/home/rhobtor/PHD/ARGOJ8_IA/ARGOSJ8_IA_/install/octomap_rviz_plugins/share/octomap_rviz_plugins/hook/cmake_prefix_path.sh'
[3.841s] Level 1:colcon.colcon_core.environment:checking '/home/rhobtor/PHD/ARGOJ8_IA/ARGOSJ8_IA_/install/octomap_rviz_plugins/lib'
[3.841s] Level 1:colcon.colcon_core.shell:create_environment_hook('octomap_rviz_plugins', 'ld_library_path_lib')
[3.842s] INFO:colcon.colcon_core.shell:Creating environment hook '/home/rhobtor/PHD/ARGOJ8_IA/ARGOSJ8_IA_/install/octomap_rviz_plugins/share/octomap_rviz_plugins/hook/ld_library_path_lib.ps1'
[3.842s] INFO:colcon.colcon_core.shell:Creating environment descriptor '/home/rhobtor/PHD/ARGOJ8_IA/ARGOSJ8_IA_/install/octomap_rviz_plugins/share/octomap_rviz_plugins/hook/ld_library_path_lib.dsv'
[3.846s] INFO:colcon.colcon_core.shell:Creating environment hook '/home/rhobtor/PHD/ARGOJ8_IA/ARGOSJ8_IA_/install/octomap_rviz_plugins/share/octomap_rviz_plugins/hook/ld_library_path_lib.sh'
[3.848s] Level 1:colcon.colcon_core.environment:checking '/home/rhobtor/PHD/ARGOJ8_IA/ARGOSJ8_IA_/install/octomap_rviz_plugins/bin'
[3.848s] Level 1:colcon.colcon_core.environment:checking '/home/rhobtor/PHD/ARGOJ8_IA/ARGOSJ8_IA_/install/octomap_rviz_plugins/lib/pkgconfig/octomap_rviz_plugins.pc'
[3.849s] Level 1:colcon.colcon_core.environment:checking '/home/rhobtor/PHD/ARGOJ8_IA/ARGOSJ8_IA_/install/octomap_rviz_plugins/lib/python3.10/site-packages'
[3.849s] Level 1:colcon.colcon_core.environment:checking '/home/rhobtor/PHD/ARGOJ8_IA/ARGOSJ8_IA_/install/octomap_rviz_plugins/bin'
[3.849s] INFO:colcon.colcon_core.shell:Creating package script '/home/rhobtor/PHD/ARGOJ8_IA/ARGOSJ8_IA_/install/octomap_rviz_plugins/share/octomap_rviz_plugins/package.ps1'
[3.852s] INFO:colcon.colcon_core.shell:Creating package descriptor '/home/rhobtor/PHD/ARGOJ8_IA/ARGOSJ8_IA_/install/octomap_rviz_plugins/share/octomap_rviz_plugins/package.dsv'
[3.853s] INFO:colcon.colcon_core.shell:Creating package script '/home/rhobtor/PHD/ARGOJ8_IA/ARGOSJ8_IA_/install/octomap_rviz_plugins/share/octomap_rviz_plugins/package.sh'
[3.853s] INFO:colcon.colcon_core.shell:Creating package script '/home/rhobtor/PHD/ARGOJ8_IA/ARGOSJ8_IA_/install/octomap_rviz_plugins/share/octomap_rviz_plugins/package.bash'
[3.854s] INFO:colcon.colcon_core.shell:Creating package script '/home/rhobtor/PHD/ARGOJ8_IA/ARGOSJ8_IA_/install/octomap_rviz_plugins/share/octomap_rviz_plugins/package.zsh'
[3.854s] Level 1:colcon.colcon_core.environment:create_file_with_runtime_dependencies(/home/rhobtor/PHD/ARGOJ8_IA/ARGOSJ8_IA_/install/octomap_rviz_plugins/share/colcon-core/packages/octomap_rviz_plugins)
[3.855s] Level 1:colcon.colcon_core.environment:create_environment_scripts_only(octomap_rviz_plugins)
[3.855s] Level 1:colcon.colcon_core.environment:checking '/home/rhobtor/PHD/ARGOJ8_IA/ARGOSJ8_IA_/install/octomap_rviz_plugins' for CMake module files
[3.856s] Level 1:colcon.colcon_core.environment:checking '/home/rhobtor/PHD/ARGOJ8_IA/ARGOSJ8_IA_/install/octomap_rviz_plugins' for CMake config files
[3.856s] Level 1:colcon.colcon_core.shell:create_environment_hook('octomap_rviz_plugins', 'cmake_prefix_path')
[3.857s] INFO:colcon.colcon_core.shell:Creating environment hook '/home/rhobtor/PHD/ARGOJ8_IA/ARGOSJ8_IA_/install/octomap_rviz_plugins/share/octomap_rviz_plugins/hook/cmake_prefix_path.ps1'
[3.857s] INFO:colcon.colcon_core.shell:Creating environment descriptor '/home/rhobtor/PHD/ARGOJ8_IA/ARGOSJ8_IA_/install/octomap_rviz_plugins/share/octomap_rviz_plugins/hook/cmake_prefix_path.dsv'
[3.858s] INFO:colcon.colcon_core.shell:Creating environment hook '/home/rhobtor/PHD/ARGOJ8_IA/ARGOSJ8_IA_/install/octomap_rviz_plugins/share/octomap_rviz_plugins/hook/cmake_prefix_path.sh'
[3.858s] Level 1:colcon.colcon_core.environment:checking '/home/rhobtor/PHD/ARGOJ8_IA/ARGOSJ8_IA_/install/octomap_rviz_plugins/lib'
[3.858s] Level 1:colcon.colcon_core.shell:create_environment_hook('octomap_rviz_plugins', 'ld_library_path_lib')
[3.859s] INFO:colcon.colcon_core.shell:Creating environment hook '/home/rhobtor/PHD/ARGOJ8_IA/ARGOSJ8_IA_/install/octomap_rviz_plugins/share/octomap_rviz_plugins/hook/ld_library_path_lib.ps1'
[3.859s] INFO:colcon.colcon_core.shell:Creating environment descriptor '/home/rhobtor/PHD/ARGOJ8_IA/ARGOSJ8_IA_/install/octomap_rviz_plugins/share/octomap_rviz_plugins/hook/ld_library_path_lib.dsv'
[3.860s] INFO:colcon.colcon_core.shell:Creating environment hook '/home/rhobtor/PHD/ARGOJ8_IA/ARGOSJ8_IA_/install/octomap_rviz_plugins/share/octomap_rviz_plugins/hook/ld_library_path_lib.sh'
[3.860s] Level 1:colcon.colcon_core.environment:checking '/home/rhobtor/PHD/ARGOJ8_IA/ARGOSJ8_IA_/install/octomap_rviz_plugins/bin'
[3.860s] Level 1:colcon.colcon_core.environment:checking '/home/rhobtor/PHD/ARGOJ8_IA/ARGOSJ8_IA_/install/octomap_rviz_plugins/lib/pkgconfig/octomap_rviz_plugins.pc'
[3.861s] Level 1:colcon.colcon_core.environment:checking '/home/rhobtor/PHD/ARGOJ8_IA/ARGOSJ8_IA_/install/octomap_rviz_plugins/lib/python3.10/site-packages'
[3.861s] Level 1:colcon.colcon_core.environment:checking '/home/rhobtor/PHD/ARGOJ8_IA/ARGOSJ8_IA_/install/octomap_rviz_plugins/bin'
[3.862s] INFO:colcon.colcon_core.shell:Creating package script '/home/rhobtor/PHD/ARGOJ8_IA/ARGOSJ8_IA_/install/octomap_rviz_plugins/share/octomap_rviz_plugins/package.ps1'
[3.862s] INFO:colcon.colcon_core.shell:Creating package descriptor '/home/rhobtor/PHD/ARGOJ8_IA/ARGOSJ8_IA_/install/octomap_rviz_plugins/share/octomap_rviz_plugins/package.dsv'
[3.863s] INFO:colcon.colcon_core.shell:Creating package script '/home/rhobtor/PHD/ARGOJ8_IA/ARGOSJ8_IA_/install/octomap_rviz_plugins/share/octomap_rviz_plugins/package.sh'
[3.864s] INFO:colcon.colcon_core.shell:Creating package script '/home/rhobtor/PHD/ARGOJ8_IA/ARGOSJ8_IA_/install/octomap_rviz_plugins/share/octomap_rviz_plugins/package.bash'
[3.864s] INFO:colcon.colcon_core.shell:Creating package script '/home/rhobtor/PHD/ARGOJ8_IA/ARGOSJ8_IA_/install/octomap_rviz_plugins/share/octomap_rviz_plugins/package.zsh'
[3.865s] Level 1:colcon.colcon_core.environment:create_file_with_runtime_dependencies(/home/rhobtor/PHD/ARGOJ8_IA/ARGOSJ8_IA_/install/octomap_rviz_plugins/share/colcon-core/packages/octomap_rviz_plugins)
[3.873s] DEBUG:colcon.colcon_core.event_handler.log_command:Invoked command in '/home/rhobtor/PHD/ARGOJ8_IA/ARGOSJ8_IA_/build/car_cpp' returned '0': CMAKE_PREFIX_PATH=/home/rhobtor/PHD/ARGOJ8_IA/ARGOSJ8_IA_/install/car_interfaces:/home/rhobtor/PHD/ARGOJ8_IA/ARGOSJ8_IA_/install/wiimote_msgs:/home/rhobtor/PHD/ARGOJ8_IA/ARGOSJ8_IA_/install/ublox:/home/rhobtor/PHD/ARGOJ8_IA/ARGOSJ8_IA_/install/ublox_gps:/home/rhobtor/PHD/ARGOJ8_IA/ARGOSJ8_IA_/install/security_check:/home/rhobtor/PHD/ARGOJ8_IA/ARGOSJ8_IA_/install/ctl_mission:/home/rhobtor/PHD/ARGOJ8_IA/ARGOSJ8_IA_/install/ublox_msgs:/home/rhobtor/PHD/ARGOJ8_IA/ARGOSJ8_IA_/install/ublox_serialization:/home/rhobtor/PHD/ARGOJ8_IA/ARGOSJ8_IA_/install/spacenav:/home/rhobtor/PHD/ARGOJ8_IA/ARGOSJ8_IA_/install/laser_segmentation:/home/rhobtor/PHD/ARGOJ8_IA/ARGOSJ8_IA_/install/slg_msgs:/home/rhobtor/PHD/ARGOJ8_IA/ARGOSJ8_IA_/install/security_check_interfaces:/home/rhobtor/PHD/ARGOJ8_IA/ARGOSJ8_IA_/install/joy:/home/rhobtor/PHD/ARGOJ8_IA/ARGOSJ8_IA_/install/sdl2_vendor:/home/rhobtor/PHD/ARGOJ8_IA/ARGOSJ8_IA_/install/path_manager:/home/rhobtor/PHD/ARGOJ8_IA/ARGOSJ8_IA_/install/path_manager_interfaces:/home/rhobtor/PHD/ARGOJ8_IA/ARGOSJ8_IA_/install/octomap_rviz_plugins:/home/rhobtor/PHD/ARGOJ8_IA/ARGOSJ8_IA_/install/joy_linux:/home/rhobtor/PHD/ARGOJ8_IA/ARGOSJ8_IA_/install/j8_xacro_model:/home/rhobtor/PHD/ARGOJ8_IA/ARGOSJ8_IA_/install/hector_gazebo_plugins:/home/rhobtor/PHD/ARGOJ8_IA/ARGOSJ8_IA_/install/fixposition_sensor_pkg:/home/rhobtor/PHD/ARGOJ8_IA/ARGOSJ8_IA_/install/fixposition_odometry_converter_ros2:/home/rhobtor/PHD/ARGOJ8_IA/ARGOSJ8_IA_/install/fixposition_driver_ros2:/home/rhobtor/PHD/ARGOJ8_IA/ARGOSJ8_IA_/install/fixposition_driver_lib:/home/rhobtor/PHD/ARGOJ8_IA/ARGOSJ8_IA_/install/fixposition_gnss_tf:/home/rhobtor/PHD/ARGOJ8_IA/ARGOSJ8_IA_/install/ctl_mission_interfaces:/home/rhobtor/PHD/ARGOJ8_IA/ARGOSJ8_IA_/install/car_cpp:/home/rhobtor/PHD/ARGOJ8_IA/ARGOSJ8_IA_/install/argj801_setup:/home/rhobtor/PHD/ARGOJ8_IA/ARGOSJ8_IA_/install/argj801_sensors:/home/rhobtor/PHD/ARGOJ8_IA/ARGOSJ8_IA_/install/argj801_sensors_msgs:/home/rhobtor/PHD/ARGOJ8_IA/ARGOSJ8_IA_/install/argj801_ctl_platform:/home/rhobtor/PHD/ARGOJ8_IA/ARGOSJ8_IA_/install/argj801_ctl_platform_interfaces:/home/rhobtor/zed/install/zed_ros2:/home/rhobtor/zed/install/zed_wrapper:/home/rhobtor/zed/install/zed_components:/home/rhobtor/zed/install/zed_interfaces:/home/rhobtor/PHD/reactive/Reactive-Navegation/workspace_full_conected/install/octomap_mapping:/home/rhobtor/PHD/reactive/Reactive-Navegation/workspace_full_conected/install/octomap_server:/home/rhobtor/PHD/reactive/Reactive-Navegation/workspace_full_conected/install/octomap_rviz_plugins:/home/rhobtor/PHD/reactive/Reactive-Navegation/workspace_full_conected/install/hector_gazebo_plugins:/home/rhobtor/PHD/reactive/Reactive-Navegation/workspace_full_conected/install/car_cpp:/home/rhobtor/PHD/reactive/Reactive-Navegation/workspace_full_conected/install/car_interfaces:/home/rhobtor/PHD/ARGOJ8_IA/ARGOSJ8_IA_/install/ntrip_client:/home/rhobtor/PHD/ARGOJ8_IA/ARGOSJ8_IA_/install/car:/home/rhobtor/PHD/ARGOJ8_IA/ARGOSJ8_IA_/install/android_ros2_server:/home/rhobtor/PHD/reactive/Reactive-Navegation/workspace_full_conected/install/car:/opt/ros/humble LD_LIBRARY_PATH=/home/rhobtor/PHD/ARGOJ8_IA/ARGOSJ8_IA_/install/car_interfaces/lib:/home/rhobtor/PHD/ARGOJ8_IA/ARGOSJ8_IA_/install/wiimote_msgs/lib:/home/rhobtor/PHD/ARGOJ8_IA/ARGOSJ8_IA_/install/ublox_gps/lib:/home/rhobtor/PHD/ARGOJ8_IA/ARGOSJ8_IA_/install/ublox_msgs/lib:/home/rhobtor/PHD/ARGOJ8_IA/ARGOSJ8_IA_/install/spacenav/lib:/home/rhobtor/PHD/ARGOJ8_IA/ARGOSJ8_IA_/install/laser_segmentation/lib:/home/rhobtor/PHD/ARGOJ8_IA/ARGOSJ8_IA_/install/slg_msgs/lib:/home/rhobtor/PHD/ARGOJ8_IA/ARGOSJ8_IA_/install/security_check_interfaces/lib:/home/rhobtor/PHD/ARGOJ8_IA/ARGOSJ8_IA_/install/joy/lib:/home/rhobtor/PHD/ARGOJ8_IA/ARGOSJ8_IA_/install/path_manager_interfaces/lib:/home/rhobtor/PHD/ARGOJ8_IA/ARGOSJ8_IA_/install/octomap_rviz_plugins/lib:/home/rhobtor/PHD/ARGOJ8_IA/ARGOSJ8_IA_/install/j8_xacro_model/lib:/home/rhobtor/PHD/ARGOJ8_IA/ARGOSJ8_IA_/install/hector_gazebo_plugins/lib:/home/rhobtor/PHD/ARGOJ8_IA/ARGOSJ8_IA_/install/fixposition_sensor_pkg/lib:/home/rhobtor/PHD/ARGOJ8_IA/ARGOSJ8_IA_/install/fixposition_odometry_converter_ros2/lib:/home/rhobtor/PHD/ARGOJ8_IA/ARGOSJ8_IA_/install/fixposition_driver_ros2/lib:/home/rhobtor/PHD/ARGOJ8_IA/ARGOSJ8_IA_/install/fixposition_driver_lib/lib:/home/rhobtor/PHD/ARGOJ8_IA/ARGOSJ8_IA_/install/fixposition_gnss_tf/lib:/home/rhobtor/PHD/ARGOJ8_IA/ARGOSJ8_IA_/install/ctl_mission_interfaces/lib:/home/rhobtor/PHD/ARGOJ8_IA/ARGOSJ8_IA_/install/car_cpp/lib:/home/rhobtor/PHD/ARGOJ8_IA/ARGOSJ8_IA_/install/argj801_sensors_msgs/lib:/home/rhobtor/PHD/ARGOJ8_IA/ARGOSJ8_IA_/install/argj801_ctl_platform_interfaces/lib:/usr/local/cuda/lib64:/usr/local/cuda/lib64:/usr/local/cuda-12.1/lib64:/usr/local/cuda-11.8/lib64:/home/rhobtor/zed/install/zed_components/lib:/home/rhobtor/zed/install/zed_interfaces/lib:/home/rhobtor/PHD/reactive/Reactive-Navegation/workspace_full_conected/install/octomap_server/lib:/home/rhobtor/PHD/reactive/Reactive-Navegation/workspace_full_conected/install/octomap_rviz_plugins/lib:/home/rhobtor/PHD/reactive/Reactive-Navegation/workspace_full_conected/install/hector_gazebo_plugins/lib:/home/rhobtor/PHD/reactive/Reactive-Navegation/workspace_full_conected/install/car_cpp/lib:/home/rhobtor/PHD/reactive/Reactive-Navegation/workspace_full_conected/install/car_interfaces/lib:/usr/lib/x86_64-linux-gnu/gazebo-11/plugins:/opt/ros/humble/opt/rviz_ogre_vendor/lib:/opt/ros/humble/lib/x86_64-linux-gnu:/opt/ros/humble/lib /opt/st/stm32cubeclt_1.18.0/CMake/bin/cmake --build /home/rhobtor/PHD/ARGOJ8_IA/ARGOSJ8_IA_/build/car_cpp -- -j16 -l16
[3.875s] DEBUG:colcon.colcon_core.event_handler.log_command:Invoking command in '/home/rhobtor/PHD/ARGOJ8_IA/ARGOSJ8_IA_/build/car_cpp': CMAKE_PREFIX_PATH=/home/rhobtor/PHD/ARGOJ8_IA/ARGOSJ8_IA_/install/car_interfaces:/home/rhobtor/PHD/ARGOJ8_IA/ARGOSJ8_IA_/install/wiimote_msgs:/home/rhobtor/PHD/ARGOJ8_IA/ARGOSJ8_IA_/install/ublox:/home/rhobtor/PHD/ARGOJ8_IA/ARGOSJ8_IA_/install/ublox_gps:/home/rhobtor/PHD/ARGOJ8_IA/ARGOSJ8_IA_/install/security_check:/home/rhobtor/PHD/ARGOJ8_IA/ARGOSJ8_IA_/install/ctl_mission:/home/rhobtor/PHD/ARGOJ8_IA/ARGOSJ8_IA_/install/ublox_msgs:/home/rhobtor/PHD/ARGOJ8_IA/ARGOSJ8_IA_/install/ublox_serialization:/home/rhobtor/PHD/ARGOJ8_IA/ARGOSJ8_IA_/install/spacenav:/home/rhobtor/PHD/ARGOJ8_IA/ARGOSJ8_IA_/install/laser_segmentation:/home/rhobtor/PHD/ARGOJ8_IA/ARGOSJ8_IA_/install/slg_msgs:/home/rhobtor/PHD/ARGOJ8_IA/ARGOSJ8_IA_/install/security_check_interfaces:/home/rhobtor/PHD/ARGOJ8_IA/ARGOSJ8_IA_/install/joy:/home/rhobtor/PHD/ARGOJ8_IA/ARGOSJ8_IA_/install/sdl2_vendor:/home/rhobtor/PHD/ARGOJ8_IA/ARGOSJ8_IA_/install/path_manager:/home/rhobtor/PHD/ARGOJ8_IA/ARGOSJ8_IA_/install/path_manager_interfaces:/home/rhobtor/PHD/ARGOJ8_IA/ARGOSJ8_IA_/install/octomap_rviz_plugins:/home/rhobtor/PHD/ARGOJ8_IA/ARGOSJ8_IA_/install/joy_linux:/home/rhobtor/PHD/ARGOJ8_IA/ARGOSJ8_IA_/install/j8_xacro_model:/home/rhobtor/PHD/ARGOJ8_IA/ARGOSJ8_IA_/install/hector_gazebo_plugins:/home/rhobtor/PHD/ARGOJ8_IA/ARGOSJ8_IA_/install/fixposition_sensor_pkg:/home/rhobtor/PHD/ARGOJ8_IA/ARGOSJ8_IA_/install/fixposition_odometry_converter_ros2:/home/rhobtor/PHD/ARGOJ8_IA/ARGOSJ8_IA_/install/fixposition_driver_ros2:/home/rhobtor/PHD/ARGOJ8_IA/ARGOSJ8_IA_/install/fixposition_driver_lib:/home/rhobtor/PHD/ARGOJ8_IA/ARGOSJ8_IA_/install/fixposition_gnss_tf:/home/rhobtor/PHD/ARGOJ8_IA/ARGOSJ8_IA_/install/ctl_mission_interfaces:/home/rhobtor/PHD/ARGOJ8_IA/ARGOSJ8_IA_/install/car_cpp:/home/rhobtor/PHD/ARGOJ8_IA/ARGOSJ8_IA_/install/argj801_setup:/home/rhobtor/PHD/ARGOJ8_IA/ARGOSJ8_IA_/install/argj801_sensors:/home/rhobtor/PHD/ARGOJ8_IA/ARGOSJ8_IA_/install/argj801_sensors_msgs:/home/rhobtor/PHD/ARGOJ8_IA/ARGOSJ8_IA_/install/argj801_ctl_platform:/home/rhobtor/PHD/ARGOJ8_IA/ARGOSJ8_IA_/install/argj801_ctl_platform_interfaces:/home/rhobtor/zed/install/zed_ros2:/home/rhobtor/zed/install/zed_wrapper:/home/rhobtor/zed/install/zed_components:/home/rhobtor/zed/install/zed_interfaces:/home/rhobtor/PHD/reactive/Reactive-Navegation/workspace_full_conected/install/octomap_mapping:/home/rhobtor/PHD/reactive/Reactive-Navegation/workspace_full_conected/install/octomap_server:/home/rhobtor/PHD/reactive/Reactive-Navegation/workspace_full_conected/install/octomap_rviz_plugins:/home/rhobtor/PHD/reactive/Reactive-Navegation/workspace_full_conected/install/hector_gazebo_plugins:/home/rhobtor/PHD/reactive/Reactive-Navegation/workspace_full_conected/install/car_cpp:/home/rhobtor/PHD/reactive/Reactive-Navegation/workspace_full_conected/install/car_interfaces:/home/rhobtor/PHD/ARGOJ8_IA/ARGOSJ8_IA_/install/ntrip_client:/home/rhobtor/PHD/ARGOJ8_IA/ARGOSJ8_IA_/install/car:/home/rhobtor/PHD/ARGOJ8_IA/ARGOSJ8_IA_/install/android_ros2_server:/home/rhobtor/PHD/reactive/Reactive-Navegation/workspace_full_conected/install/car:/opt/ros/humble LD_LIBRARY_PATH=/home/rhobtor/PHD/ARGOJ8_IA/ARGOSJ8_IA_/install/car_interfaces/lib:/home/rhobtor/PHD/ARGOJ8_IA/ARGOSJ8_IA_/install/wiimote_msgs/lib:/home/rhobtor/PHD/ARGOJ8_IA/ARGOSJ8_IA_/install/ublox_gps/lib:/home/rhobtor/PHD/ARGOJ8_IA/ARGOSJ8_IA_/install/ublox_msgs/lib:/home/rhobtor/PHD/ARGOJ8_IA/ARGOSJ8_IA_/install/spacenav/lib:/home/rhobtor/PHD/ARGOJ8_IA/ARGOSJ8_IA_/install/laser_segmentation/lib:/home/rhobtor/PHD/ARGOJ8_IA/ARGOSJ8_IA_/install/slg_msgs/lib:/home/rhobtor/PHD/ARGOJ8_IA/ARGOSJ8_IA_/install/security_check_interfaces/lib:/home/rhobtor/PHD/ARGOJ8_IA/ARGOSJ8_IA_/install/joy/lib:/home/rhobtor/PHD/ARGOJ8_IA/ARGOSJ8_IA_/install/path_manager_interfaces/lib:/home/rhobtor/PHD/ARGOJ8_IA/ARGOSJ8_IA_/install/octomap_rviz_plugins/lib:/home/rhobtor/PHD/ARGOJ8_IA/ARGOSJ8_IA_/install/j8_xacro_model/lib:/home/rhobtor/PHD/ARGOJ8_IA/ARGOSJ8_IA_/install/hector_gazebo_plugins/lib:/home/rhobtor/PHD/ARGOJ8_IA/ARGOSJ8_IA_/install/fixposition_sensor_pkg/lib:/home/rhobtor/PHD/ARGOJ8_IA/ARGOSJ8_IA_/install/fixposition_odometry_converter_ros2/lib:/home/rhobtor/PHD/ARGOJ8_IA/ARGOSJ8_IA_/install/fixposition_driver_ros2/lib:/home/rhobtor/PHD/ARGOJ8_IA/ARGOSJ8_IA_/install/fixposition_driver_lib/lib:/home/rhobtor/PHD/ARGOJ8_IA/ARGOSJ8_IA_/install/fixposition_gnss_tf/lib:/home/rhobtor/PHD/ARGOJ8_IA/ARGOSJ8_IA_/install/ctl_mission_interfaces/lib:/home/rhobtor/PHD/ARGOJ8_IA/ARGOSJ8_IA_/install/car_cpp/lib:/home/rhobtor/PHD/ARGOJ8_IA/ARGOSJ8_IA_/install/argj801_sensors_msgs/lib:/home/rhobtor/PHD/ARGOJ8_IA/ARGOSJ8_IA_/install/argj801_ctl_platform_interfaces/lib:/usr/local/cuda/lib64:/usr/local/cuda/lib64:/usr/local/cuda-12.1/lib64:/usr/local/cuda-11.8/lib64:/home/rhobtor/zed/install/zed_components/lib:/home/rhobtor/zed/install/zed_interfaces/lib:/home/rhobtor/PHD/reactive/Reactive-Navegation/workspace_full_conected/install/octomap_server/lib:/home/rhobtor/PHD/reactive/Reactive-Navegation/workspace_full_conected/install/octomap_rviz_plugins/lib:/home/rhobtor/PHD/reactive/Reactive-Navegation/workspace_full_conected/install/hector_gazebo_plugins/lib:/home/rhobtor/PHD/reactive/Reactive-Navegation/workspace_full_conected/install/car_cpp/lib:/home/rhobtor/PHD/reactive/Reactive-Navegation/workspace_full_conected/install/car_interfaces/lib:/usr/lib/x86_64-linux-gnu/gazebo-11/plugins:/opt/ros/humble/opt/rviz_ogre_vendor/lib:/opt/ros/humble/lib/x86_64-linux-gnu:/opt/ros/humble/lib /opt/st/stm32cubeclt_1.18.0/CMake/bin/cmake --install /home/rhobtor/PHD/ARGOJ8_IA/ARGOSJ8_IA_/build/car_cpp
[3.879s] DEBUG:colcon.colcon_core.event_handler.log_command:Invoking command in '/home/rhobtor/PHD/ARGOJ8_IA/ARGOSJ8_IA_/src/argo_drivers_pkgs/ntrip_client': PYTHONPATH=/home/rhobtor/PHD/ARGOJ8_IA/ARGOSJ8_IA_/build/ntrip_client/prefix_override:/usr/lib/python3/dist-packages/colcon_core/task/python/colcon_distutils_commands:/home/rhobtor/PHD/ARGOJ8_IA/ARGOSJ8_IA_/install/ntrip_client/lib/python3.10/site-packages:${PYTHONPATH} /usr/bin/python3 -W ignore:setup.py install is deprecated -W ignore:easy_install command is deprecated setup.py egg_info --egg-base ../../../build/ntrip_client build --build-base /home/rhobtor/PHD/ARGOJ8_IA/ARGOSJ8_IA_/build/ntrip_client/build install --record /home/rhobtor/PHD/ARGOJ8_IA/ARGOSJ8_IA_/build/ntrip_client/install.log --single-version-externally-managed install_data
[3.880s] DEBUG:colcon.colcon_core.event_handler.log_command:Invoked command in '/home/rhobtor/PHD/ARGOJ8_IA/ARGOSJ8_IA_/build/wiimote_msgs' returned '0': CMAKE_PREFIX_PATH=${CMAKE_PREFIX_PATH}:/home/rhobtor/PHD/ARGOJ8_IA/ARGOSJ8_IA_/install/ntrip_client:/home/rhobtor/PHD/ARGOJ8_IA/ARGOSJ8_IA_/install/car:/home/rhobtor/PHD/ARGOJ8_IA/ARGOSJ8_IA_/install/android_ros2_server:/home/rhobtor/PHD/reactive/Reactive-Navegation/workspace_full_conected/install/car:/opt/ros/humble /opt/st/stm32cubeclt_1.18.0/CMake/bin/cmake --build /home/rhobtor/PHD/ARGOJ8_IA/ARGOSJ8_IA_/build/wiimote_msgs -- -j16 -l16
[3.882s] DEBUG:colcon.colcon_core.event_handler.log_command:Invoking command in '/home/rhobtor/PHD/ARGOJ8_IA/ARGOSJ8_IA_/build/wiimote_msgs': CMAKE_PREFIX_PATH=${CMAKE_PREFIX_PATH}:/home/rhobtor/PHD/ARGOJ8_IA/ARGOSJ8_IA_/install/ntrip_client:/home/rhobtor/PHD/ARGOJ8_IA/ARGOSJ8_IA_/install/car:/home/rhobtor/PHD/ARGOJ8_IA/ARGOSJ8_IA_/install/android_ros2_server:/home/rhobtor/PHD/reactive/Reactive-Navegation/workspace_full_conected/install/car:/opt/ros/humble /opt/st/stm32cubeclt_1.18.0/CMake/bin/cmake --install /home/rhobtor/PHD/ARGOJ8_IA/ARGOSJ8_IA_/build/wiimote_msgs
[3.884s] DEBUG:colcon.colcon_core.event_handler.log_command:Invoked command in '/home/rhobtor/PHD/ARGOJ8_IA/ARGOSJ8_IA_/build/laser_segmentation' returned '0': CMAKE_PREFIX_PATH=/home/rhobtor/PHD/ARGOJ8_IA/ARGOSJ8_IA_/install/slg_msgs:/home/rhobtor/PHD/ARGOJ8_IA/ARGOSJ8_IA_/install/wiimote_msgs:/home/rhobtor/PHD/ARGOJ8_IA/ARGOSJ8_IA_/install/ublox:/home/rhobtor/PHD/ARGOJ8_IA/ARGOSJ8_IA_/install/ublox_gps:/home/rhobtor/PHD/ARGOJ8_IA/ARGOSJ8_IA_/install/security_check:/home/rhobtor/PHD/ARGOJ8_IA/ARGOSJ8_IA_/install/ctl_mission:/home/rhobtor/PHD/ARGOJ8_IA/ARGOSJ8_IA_/install/ublox_msgs:/home/rhobtor/PHD/ARGOJ8_IA/ARGOSJ8_IA_/install/ublox_serialization:/home/rhobtor/PHD/ARGOJ8_IA/ARGOSJ8_IA_/install/spacenav:/home/rhobtor/PHD/ARGOJ8_IA/ARGOSJ8_IA_/install/laser_segmentation:/home/rhobtor/PHD/ARGOJ8_IA/ARGOSJ8_IA_/install/security_check_interfaces:/home/rhobtor/PHD/ARGOJ8_IA/ARGOSJ8_IA_/install/joy:/home/rhobtor/PHD/ARGOJ8_IA/ARGOSJ8_IA_/install/sdl2_vendor:/home/rhobtor/PHD/ARGOJ8_IA/ARGOSJ8_IA_/install/path_manager:/home/rhobtor/PHD/ARGOJ8_IA/ARGOSJ8_IA_/install/path_manager_interfaces:/home/rhobtor/PHD/ARGOJ8_IA/ARGOSJ8_IA_/install/octomap_rviz_plugins:/home/rhobtor/PHD/ARGOJ8_IA/ARGOSJ8_IA_/install/joy_linux:/home/rhobtor/PHD/ARGOJ8_IA/ARGOSJ8_IA_/install/j8_xacro_model:/home/rhobtor/PHD/ARGOJ8_IA/ARGOSJ8_IA_/install/hector_gazebo_plugins:/home/rhobtor/PHD/ARGOJ8_IA/ARGOSJ8_IA_/install/fixposition_sensor_pkg:/home/rhobtor/PHD/ARGOJ8_IA/ARGOSJ8_IA_/install/fixposition_odometry_converter_ros2:/home/rhobtor/PHD/ARGOJ8_IA/ARGOSJ8_IA_/install/fixposition_driver_ros2:/home/rhobtor/PHD/ARGOJ8_IA/ARGOSJ8_IA_/install/fixposition_driver_lib:/home/rhobtor/PHD/ARGOJ8_IA/ARGOSJ8_IA_/install/fixposition_gnss_tf:/home/rhobtor/PHD/ARGOJ8_IA/ARGOSJ8_IA_/install/ctl_mission_interfaces:/home/rhobtor/PHD/ARGOJ8_IA/ARGOSJ8_IA_/install/car_cpp:/home/rhobtor/PHD/ARGOJ8_IA/ARGOSJ8_IA_/install/car_interfaces:/home/rhobtor/PHD/ARGOJ8_IA/ARGOSJ8_IA_/install/argj801_setup:/home/rhobtor/PHD/ARGOJ8_IA/ARGOSJ8_IA_/install/argj801_sensors:/home/rhobtor/PHD/ARGOJ8_IA/ARGOSJ8_IA_/install/argj801_sensors_msgs:/home/rhobtor/PHD/ARGOJ8_IA/ARGOSJ8_IA_/install/argj801_ctl_platform:/home/rhobtor/PHD/ARGOJ8_IA/ARGOSJ8_IA_/install/argj801_ctl_platform_interfaces:/home/rhobtor/zed/install/zed_ros2:/home/rhobtor/zed/install/zed_wrapper:/home/rhobtor/zed/install/zed_components:/home/rhobtor/zed/install/zed_interfaces:/home/rhobtor/PHD/reactive/Reactive-Navegation/workspace_full_conected/install/octomap_mapping:/home/rhobtor/PHD/reactive/Reactive-Navegation/workspace_full_conected/install/octomap_server:/home/rhobtor/PHD/reactive/Reactive-Navegation/workspace_full_conected/install/octomap_rviz_plugins:/home/rhobtor/PHD/reactive/Reactive-Navegation/workspace_full_conected/install/hector_gazebo_plugins:/home/rhobtor/PHD/reactive/Reactive-Navegation/workspace_full_conected/install/car_cpp:/home/rhobtor/PHD/reactive/Reactive-Navegation/workspace_full_conected/install/car_interfaces:/home/rhobtor/PHD/ARGOJ8_IA/ARGOSJ8_IA_/install/ntrip_client:/home/rhobtor/PHD/ARGOJ8_IA/ARGOSJ8_IA_/install/car:/home/rhobtor/PHD/ARGOJ8_IA/ARGOSJ8_IA_/install/android_ros2_server:/home/rhobtor/PHD/reactive/Reactive-Navegation/workspace_full_conected/install/car:/opt/ros/humble LD_LIBRARY_PATH=/home/rhobtor/PHD/ARGOJ8_IA/ARGOSJ8_IA_/install/slg_msgs/lib:/home/rhobtor/PHD/ARGOJ8_IA/ARGOSJ8_IA_/install/wiimote_msgs/lib:/home/rhobtor/PHD/ARGOJ8_IA/ARGOSJ8_IA_/install/ublox_gps/lib:/home/rhobtor/PHD/ARGOJ8_IA/ARGOSJ8_IA_/install/ublox_msgs/lib:/home/rhobtor/PHD/ARGOJ8_IA/ARGOSJ8_IA_/install/spacenav/lib:/home/rhobtor/PHD/ARGOJ8_IA/ARGOSJ8_IA_/install/laser_segmentation/lib:/home/rhobtor/PHD/ARGOJ8_IA/ARGOSJ8_IA_/install/security_check_interfaces/lib:/home/rhobtor/PHD/ARGOJ8_IA/ARGOSJ8_IA_/install/joy/lib:/home/rhobtor/PHD/ARGOJ8_IA/ARGOSJ8_IA_/install/path_manager_interfaces/lib:/home/rhobtor/PHD/ARGOJ8_IA/ARGOSJ8_IA_/install/octomap_rviz_plugins/lib:/home/rhobtor/PHD/ARGOJ8_IA/ARGOSJ8_IA_/install/j8_xacro_model/lib:/home/rhobtor/PHD/ARGOJ8_IA/ARGOSJ8_IA_/install/hector_gazebo_plugins/lib:/home/rhobtor/PHD/ARGOJ8_IA/ARGOSJ8_IA_/install/fixposition_sensor_pkg/lib:/home/rhobtor/PHD/ARGOJ8_IA/ARGOSJ8_IA_/install/fixposition_odometry_converter_ros2/lib:/home/rhobtor/PHD/ARGOJ8_IA/ARGOSJ8_IA_/install/fixposition_driver_ros2/lib:/home/rhobtor/PHD/ARGOJ8_IA/ARGOSJ8_IA_/install/fixposition_driver_lib/lib:/home/rhobtor/PHD/ARGOJ8_IA/ARGOSJ8_IA_/install/fixposition_gnss_tf/lib:/home/rhobtor/PHD/ARGOJ8_IA/ARGOSJ8_IA_/install/ctl_mission_interfaces/lib:/home/rhobtor/PHD/ARGOJ8_IA/ARGOSJ8_IA_/install/car_cpp/lib:/home/rhobtor/PHD/ARGOJ8_IA/ARGOSJ8_IA_/install/car_interfaces/lib:/home/rhobtor/PHD/ARGOJ8_IA/ARGOSJ8_IA_/install/argj801_sensors_msgs/lib:/home/rhobtor/PHD/ARGOJ8_IA/ARGOSJ8_IA_/install/argj801_ctl_platform_interfaces/lib:/usr/local/cuda/lib64:/usr/local/cuda/lib64:/usr/local/cuda-12.1/lib64:/usr/local/cuda-11.8/lib64:/home/rhobtor/zed/install/zed_components/lib:/home/rhobtor/zed/install/zed_interfaces/lib:/home/rhobtor/PHD/reactive/Reactive-Navegation/workspace_full_conected/install/octomap_server/lib:/home/rhobtor/PHD/reactive/Reactive-Navegation/workspace_full_conected/install/octomap_rviz_plugins/lib:/home/rhobtor/PHD/reactive/Reactive-Navegation/workspace_full_conected/install/hector_gazebo_plugins/lib:/home/rhobtor/PHD/reactive/Reactive-Navegation/workspace_full_conected/install/car_cpp/lib:/home/rhobtor/PHD/reactive/Reactive-Navegation/workspace_full_conected/install/car_interfaces/lib:/usr/lib/x86_64-linux-gnu/gazebo-11/plugins:/opt/ros/humble/opt/rviz_ogre_vendor/lib:/opt/ros/humble/lib/x86_64-linux-gnu:/opt/ros/humble/lib /opt/st/stm32cubeclt_1.18.0/CMake/bin/cmake --build /home/rhobtor/PHD/ARGOJ8_IA/ARGOSJ8_IA_/build/laser_segmentation -- -j16 -l16
[3.888s] DEBUG:colcon.colcon_core.event_handler.log_command:Invoking command in '/home/rhobtor/PHD/ARGOJ8_IA/ARGOSJ8_IA_/build/laser_segmentation': CMAKE_PREFIX_PATH=/home/rhobtor/PHD/ARGOJ8_IA/ARGOSJ8_IA_/install/slg_msgs:/home/rhobtor/PHD/ARGOJ8_IA/ARGOSJ8_IA_/install/wiimote_msgs:/home/rhobtor/PHD/ARGOJ8_IA/ARGOSJ8_IA_/install/ublox:/home/rhobtor/PHD/ARGOJ8_IA/ARGOSJ8_IA_/install/ublox_gps:/home/rhobtor/PHD/ARGOJ8_IA/ARGOSJ8_IA_/install/security_check:/home/rhobtor/PHD/ARGOJ8_IA/ARGOSJ8_IA_/install/ctl_mission:/home/rhobtor/PHD/ARGOJ8_IA/ARGOSJ8_IA_/install/ublox_msgs:/home/rhobtor/PHD/ARGOJ8_IA/ARGOSJ8_IA_/install/ublox_serialization:/home/rhobtor/PHD/ARGOJ8_IA/ARGOSJ8_IA_/install/spacenav:/home/rhobtor/PHD/ARGOJ8_IA/ARGOSJ8_IA_/install/laser_segmentation:/home/rhobtor/PHD/ARGOJ8_IA/ARGOSJ8_IA_/install/security_check_interfaces:/home/rhobtor/PHD/ARGOJ8_IA/ARGOSJ8_IA_/install/joy:/home/rhobtor/PHD/ARGOJ8_IA/ARGOSJ8_IA_/install/sdl2_vendor:/home/rhobtor/PHD/ARGOJ8_IA/ARGOSJ8_IA_/install/path_manager:/home/rhobtor/PHD/ARGOJ8_IA/ARGOSJ8_IA_/install/path_manager_interfaces:/home/rhobtor/PHD/ARGOJ8_IA/ARGOSJ8_IA_/install/octomap_rviz_plugins:/home/rhobtor/PHD/ARGOJ8_IA/ARGOSJ8_IA_/install/joy_linux:/home/rhobtor/PHD/ARGOJ8_IA/ARGOSJ8_IA_/install/j8_xacro_model:/home/rhobtor/PHD/ARGOJ8_IA/ARGOSJ8_IA_/install/hector_gazebo_plugins:/home/rhobtor/PHD/ARGOJ8_IA/ARGOSJ8_IA_/install/fixposition_sensor_pkg:/home/rhobtor/PHD/ARGOJ8_IA/ARGOSJ8_IA_/install/fixposition_odometry_converter_ros2:/home/rhobtor/PHD/ARGOJ8_IA/ARGOSJ8_IA_/install/fixposition_driver_ros2:/home/rhobtor/PHD/ARGOJ8_IA/ARGOSJ8_IA_/install/fixposition_driver_lib:/home/rhobtor/PHD/ARGOJ8_IA/ARGOSJ8_IA_/install/fixposition_gnss_tf:/home/rhobtor/PHD/ARGOJ8_IA/ARGOSJ8_IA_/install/ctl_mission_interfaces:/home/rhobtor/PHD/ARGOJ8_IA/ARGOSJ8_IA_/install/car_cpp:/home/rhobtor/PHD/ARGOJ8_IA/ARGOSJ8_IA_/install/car_interfaces:/home/rhobtor/PHD/ARGOJ8_IA/ARGOSJ8_IA_/install/argj801_setup:/home/rhobtor/PHD/ARGOJ8_IA/ARGOSJ8_IA_/install/argj801_sensors:/home/rhobtor/PHD/ARGOJ8_IA/ARGOSJ8_IA_/install/argj801_sensors_msgs:/home/rhobtor/PHD/ARGOJ8_IA/ARGOSJ8_IA_/install/argj801_ctl_platform:/home/rhobtor/PHD/ARGOJ8_IA/ARGOSJ8_IA_/install/argj801_ctl_platform_interfaces:/home/rhobtor/zed/install/zed_ros2:/home/rhobtor/zed/install/zed_wrapper:/home/rhobtor/zed/install/zed_components:/home/rhobtor/zed/install/zed_interfaces:/home/rhobtor/PHD/reactive/Reactive-Navegation/workspace_full_conected/install/octomap_mapping:/home/rhobtor/PHD/reactive/Reactive-Navegation/workspace_full_conected/install/octomap_server:/home/rhobtor/PHD/reactive/Reactive-Navegation/workspace_full_conected/install/octomap_rviz_plugins:/home/rhobtor/PHD/reactive/Reactive-Navegation/workspace_full_conected/install/hector_gazebo_plugins:/home/rhobtor/PHD/reactive/Reactive-Navegation/workspace_full_conected/install/car_cpp:/home/rhobtor/PHD/reactive/Reactive-Navegation/workspace_full_conected/install/car_interfaces:/home/rhobtor/PHD/ARGOJ8_IA/ARGOSJ8_IA_/install/ntrip_client:/home/rhobtor/PHD/ARGOJ8_IA/ARGOSJ8_IA_/install/car:/home/rhobtor/PHD/ARGOJ8_IA/ARGOSJ8_IA_/install/android_ros2_server:/home/rhobtor/PHD/reactive/Reactive-Navegation/workspace_full_conected/install/car:/opt/ros/humble LD_LIBRARY_PATH=/home/rhobtor/PHD/ARGOJ8_IA/ARGOSJ8_IA_/install/slg_msgs/lib:/home/rhobtor/PHD/ARGOJ8_IA/ARGOSJ8_IA_/install/wiimote_msgs/lib:/home/rhobtor/PHD/ARGOJ8_IA/ARGOSJ8_IA_/install/ublox_gps/lib:/home/rhobtor/PHD/ARGOJ8_IA/ARGOSJ8_IA_/install/ublox_msgs/lib:/home/rhobtor/PHD/ARGOJ8_IA/ARGOSJ8_IA_/install/spacenav/lib:/home/rhobtor/PHD/ARGOJ8_IA/ARGOSJ8_IA_/install/laser_segmentation/lib:/home/rhobtor/PHD/ARGOJ8_IA/ARGOSJ8_IA_/install/security_check_interfaces/lib:/home/rhobtor/PHD/ARGOJ8_IA/ARGOSJ8_IA_/install/joy/lib:/home/rhobtor/PHD/ARGOJ8_IA/ARGOSJ8_IA_/install/path_manager_interfaces/lib:/home/rhobtor/PHD/ARGOJ8_IA/ARGOSJ8_IA_/install/octomap_rviz_plugins/lib:/home/rhobtor/PHD/ARGOJ8_IA/ARGOSJ8_IA_/install/j8_xacro_model/lib:/home/rhobtor/PHD/ARGOJ8_IA/ARGOSJ8_IA_/install/hector_gazebo_plugins/lib:/home/rhobtor/PHD/ARGOJ8_IA/ARGOSJ8_IA_/install/fixposition_sensor_pkg/lib:/home/rhobtor/PHD/ARGOJ8_IA/ARGOSJ8_IA_/install/fixposition_odometry_converter_ros2/lib:/home/rhobtor/PHD/ARGOJ8_IA/ARGOSJ8_IA_/install/fixposition_driver_ros2/lib:/home/rhobtor/PHD/ARGOJ8_IA/ARGOSJ8_IA_/install/fixposition_driver_lib/lib:/home/rhobtor/PHD/ARGOJ8_IA/ARGOSJ8_IA_/install/fixposition_gnss_tf/lib:/home/rhobtor/PHD/ARGOJ8_IA/ARGOSJ8_IA_/install/ctl_mission_interfaces/lib:/home/rhobtor/PHD/ARGOJ8_IA/ARGOSJ8_IA_/install/car_cpp/lib:/home/rhobtor/PHD/ARGOJ8_IA/ARGOSJ8_IA_/install/car_interfaces/lib:/home/rhobtor/PHD/ARGOJ8_IA/ARGOSJ8_IA_/install/argj801_sensors_msgs/lib:/home/rhobtor/PHD/ARGOJ8_IA/ARGOSJ8_IA_/install/argj801_ctl_platform_interfaces/lib:/usr/local/cuda/lib64:/usr/local/cuda/lib64:/usr/local/cuda-12.1/lib64:/usr/local/cuda-11.8/lib64:/home/rhobtor/zed/install/zed_components/lib:/home/rhobtor/zed/install/zed_interfaces/lib:/home/rhobtor/PHD/reactive/Reactive-Navegation/workspace_full_conected/install/octomap_server/lib:/home/rhobtor/PHD/reactive/Reactive-Navegation/workspace_full_conected/install/octomap_rviz_plugins/lib:/home/rhobtor/PHD/reactive/Reactive-Navegation/workspace_full_conected/install/hector_gazebo_plugins/lib:/home/rhobtor/PHD/reactive/Reactive-Navegation/workspace_full_conected/install/car_cpp/lib:/home/rhobtor/PHD/reactive/Reactive-Navegation/workspace_full_conected/install/car_interfaces/lib:/usr/lib/x86_64-linux-gnu/gazebo-11/plugins:/opt/ros/humble/opt/rviz_ogre_vendor/lib:/opt/ros/humble/lib/x86_64-linux-gnu:/opt/ros/humble/lib /opt/st/stm32cubeclt_1.18.0/CMake/bin/cmake --install /home/rhobtor/PHD/ARGOJ8_IA/ARGOSJ8_IA_/build/laser_segmentation
[3.889s] Level 1:colcon.colcon_core.environment:create_environment_scripts_only(joy)
[3.889s] Level 1:colcon.colcon_core.environment:checking '/home/rhobtor/PHD/ARGOJ8_IA/ARGOSJ8_IA_/install/joy' for CMake module files
[3.890s] DEBUG:colcon.colcon_core.event_handler.log_command:Invoked command in '/home/rhobtor/PHD/ARGOJ8_IA/ARGOSJ8_IA_/build/joy' returned '0': CMAKE_PREFIX_PATH=/home/rhobtor/PHD/ARGOJ8_IA/ARGOSJ8_IA_/install/sdl2_vendor:/home/rhobtor/PHD/ARGOJ8_IA/ARGOSJ8_IA_/install/wiimote_msgs:/home/rhobtor/PHD/ARGOJ8_IA/ARGOSJ8_IA_/install/ublox:/home/rhobtor/PHD/ARGOJ8_IA/ARGOSJ8_IA_/install/ublox_gps:/home/rhobtor/PHD/ARGOJ8_IA/ARGOSJ8_IA_/install/security_check:/home/rhobtor/PHD/ARGOJ8_IA/ARGOSJ8_IA_/install/ctl_mission:/home/rhobtor/PHD/ARGOJ8_IA/ARGOSJ8_IA_/install/ublox_msgs:/home/rhobtor/PHD/ARGOJ8_IA/ARGOSJ8_IA_/install/ublox_serialization:/home/rhobtor/PHD/ARGOJ8_IA/ARGOSJ8_IA_/install/spacenav:/home/rhobtor/PHD/ARGOJ8_IA/ARGOSJ8_IA_/install/laser_segmentation:/home/rhobtor/PHD/ARGOJ8_IA/ARGOSJ8_IA_/install/slg_msgs:/home/rhobtor/PHD/ARGOJ8_IA/ARGOSJ8_IA_/install/security_check_interfaces:/home/rhobtor/PHD/ARGOJ8_IA/ARGOSJ8_IA_/install/joy:/home/rhobtor/PHD/ARGOJ8_IA/ARGOSJ8_IA_/install/path_manager:/home/rhobtor/PHD/ARGOJ8_IA/ARGOSJ8_IA_/install/path_manager_interfaces:/home/rhobtor/PHD/ARGOJ8_IA/ARGOSJ8_IA_/install/octomap_rviz_plugins:/home/rhobtor/PHD/ARGOJ8_IA/ARGOSJ8_IA_/install/joy_linux:/home/rhobtor/PHD/ARGOJ8_IA/ARGOSJ8_IA_/install/j8_xacro_model:/home/rhobtor/PHD/ARGOJ8_IA/ARGOSJ8_IA_/install/hector_gazebo_plugins:/home/rhobtor/PHD/ARGOJ8_IA/ARGOSJ8_IA_/install/fixposition_sensor_pkg:/home/rhobtor/PHD/ARGOJ8_IA/ARGOSJ8_IA_/install/fixposition_odometry_converter_ros2:/home/rhobtor/PHD/ARGOJ8_IA/ARGOSJ8_IA_/install/fixposition_driver_ros2:/home/rhobtor/PHD/ARGOJ8_IA/ARGOSJ8_IA_/install/fixposition_driver_lib:/home/rhobtor/PHD/ARGOJ8_IA/ARGOSJ8_IA_/install/fixposition_gnss_tf:/home/rhobtor/PHD/ARGOJ8_IA/ARGOSJ8_IA_/install/ctl_mission_interfaces:/home/rhobtor/PHD/ARGOJ8_IA/ARGOSJ8_IA_/install/car_cpp:/home/rhobtor/PHD/ARGOJ8_IA/ARGOSJ8_IA_/install/car_interfaces:/home/rhobtor/PHD/ARGOJ8_IA/ARGOSJ8_IA_/install/argj801_setup:/home/rhobtor/PHD/ARGOJ8_IA/ARGOSJ8_IA_/install/argj801_sensors:/home/rhobtor/PHD/ARGOJ8_IA/ARGOSJ8_IA_/install/argj801_sensors_msgs:/home/rhobtor/PHD/ARGOJ8_IA/ARGOSJ8_IA_/install/argj801_ctl_platform:/home/rhobtor/PHD/ARGOJ8_IA/ARGOSJ8_IA_/install/argj801_ctl_platform_interfaces:/home/rhobtor/zed/install/zed_ros2:/home/rhobtor/zed/install/zed_wrapper:/home/rhobtor/zed/install/zed_components:/home/rhobtor/zed/install/zed_interfaces:/home/rhobtor/PHD/reactive/Reactive-Navegation/workspace_full_conected/install/octomap_mapping:/home/rhobtor/PHD/reactive/Reactive-Navegation/workspace_full_conected/install/octomap_server:/home/rhobtor/PHD/reactive/Reactive-Navegation/workspace_full_conected/install/octomap_rviz_plugins:/home/rhobtor/PHD/reactive/Reactive-Navegation/workspace_full_conected/install/hector_gazebo_plugins:/home/rhobtor/PHD/reactive/Reactive-Navegation/workspace_full_conected/install/car_cpp:/home/rhobtor/PHD/reactive/Reactive-Navegation/workspace_full_conected/install/car_interfaces:/home/rhobtor/PHD/ARGOJ8_IA/ARGOSJ8_IA_/install/ntrip_client:/home/rhobtor/PHD/ARGOJ8_IA/ARGOSJ8_IA_/install/car:/home/rhobtor/PHD/ARGOJ8_IA/ARGOSJ8_IA_/install/android_ros2_server:/home/rhobtor/PHD/reactive/Reactive-Navegation/workspace_full_conected/install/car:/opt/ros/humble /opt/st/stm32cubeclt_1.18.0/CMake/bin/cmake --install /home/rhobtor/PHD/ARGOJ8_IA/ARGOSJ8_IA_/build/joy
[3.891s] Level 1:colcon.colcon_core.environment:checking '/home/rhobtor/PHD/ARGOJ8_IA/ARGOSJ8_IA_/install/joy' for CMake config files
[3.891s] Level 1:colcon.colcon_core.shell:create_environment_hook('joy', 'cmake_prefix_path')
[3.891s] INFO:colcon.colcon_core.shell:Creating environment hook '/home/rhobtor/PHD/ARGOJ8_IA/ARGOSJ8_IA_/install/joy/share/joy/hook/cmake_prefix_path.ps1'
[3.892s] INFO:colcon.colcon_core.shell:Creating environment descriptor '/home/rhobtor/PHD/ARGOJ8_IA/ARGOSJ8_IA_/install/joy/share/joy/hook/cmake_prefix_path.dsv'
[3.893s] INFO:colcon.colcon_core.shell:Creating environment hook '/home/rhobtor/PHD/ARGOJ8_IA/ARGOSJ8_IA_/install/joy/share/joy/hook/cmake_prefix_path.sh'
[3.894s] Level 1:colcon.colcon_core.environment:checking '/home/rhobtor/PHD/ARGOJ8_IA/ARGOSJ8_IA_/install/joy/lib'
[3.894s] Level 1:colcon.colcon_core.shell:create_environment_hook('joy', 'ld_library_path_lib')
[3.894s] INFO:colcon.colcon_core.shell:Creating environment hook '/home/rhobtor/PHD/ARGOJ8_IA/ARGOSJ8_IA_/install/joy/share/joy/hook/ld_library_path_lib.ps1'
[3.895s] INFO:colcon.colcon_core.shell:Creating environment descriptor '/home/rhobtor/PHD/ARGOJ8_IA/ARGOSJ8_IA_/install/joy/share/joy/hook/ld_library_path_lib.dsv'
[3.895s] INFO:colcon.colcon_core.shell:Creating environment hook '/home/rhobtor/PHD/ARGOJ8_IA/ARGOSJ8_IA_/install/joy/share/joy/hook/ld_library_path_lib.sh'
[3.896s] Level 1:colcon.colcon_core.environment:checking '/home/rhobtor/PHD/ARGOJ8_IA/ARGOSJ8_IA_/install/joy/bin'
[3.896s] Level 1:colcon.colcon_core.environment:checking '/home/rhobtor/PHD/ARGOJ8_IA/ARGOSJ8_IA_/install/joy/lib/pkgconfig/joy.pc'
[3.896s] Level 1:colcon.colcon_core.environment:checking '/home/rhobtor/PHD/ARGOJ8_IA/ARGOSJ8_IA_/install/joy/lib/python3.10/site-packages'
[3.896s] Level 1:colcon.colcon_core.environment:checking '/home/rhobtor/PHD/ARGOJ8_IA/ARGOSJ8_IA_/install/joy/bin'
[3.897s] INFO:colcon.colcon_core.shell:Creating package script '/home/rhobtor/PHD/ARGOJ8_IA/ARGOSJ8_IA_/install/joy/share/joy/package.ps1'
[3.898s] INFO:colcon.colcon_core.shell:Creating package descriptor '/home/rhobtor/PHD/ARGOJ8_IA/ARGOSJ8_IA_/install/joy/share/joy/package.dsv'
[3.898s] INFO:colcon.colcon_core.shell:Creating package script '/home/rhobtor/PHD/ARGOJ8_IA/ARGOSJ8_IA_/install/joy/share/joy/package.sh'
[3.899s] INFO:colcon.colcon_core.shell:Creating package script '/home/rhobtor/PHD/ARGOJ8_IA/ARGOSJ8_IA_/install/joy/share/joy/package.bash'
[3.899s] INFO:colcon.colcon_core.shell:Creating package script '/home/rhobtor/PHD/ARGOJ8_IA/ARGOSJ8_IA_/install/joy/share/joy/package.zsh'
[3.900s] Level 1:colcon.colcon_core.environment:create_file_with_runtime_dependencies(/home/rhobtor/PHD/ARGOJ8_IA/ARGOSJ8_IA_/install/joy/share/colcon-core/packages/joy)
[3.901s] Level 1:colcon.colcon_core.environment:create_environment_scripts_only(joy)
[3.901s] Level 1:colcon.colcon_core.environment:checking '/home/rhobtor/PHD/ARGOJ8_IA/ARGOSJ8_IA_/install/joy' for CMake module files
[3.902s] Level 1:colcon.colcon_core.environment:checking '/home/rhobtor/PHD/ARGOJ8_IA/ARGOSJ8_IA_/install/joy' for CMake config files
[3.902s] Level 1:colcon.colcon_core.shell:create_environment_hook('joy', 'cmake_prefix_path')
[3.902s] INFO:colcon.colcon_core.shell:Creating environment hook '/home/rhobtor/PHD/ARGOJ8_IA/ARGOSJ8_IA_/install/joy/share/joy/hook/cmake_prefix_path.ps1'
[3.903s] INFO:colcon.colcon_core.shell:Creating environment descriptor '/home/rhobtor/PHD/ARGOJ8_IA/ARGOSJ8_IA_/install/joy/share/joy/hook/cmake_prefix_path.dsv'
[3.903s] INFO:colcon.colcon_core.shell:Creating environment hook '/home/rhobtor/PHD/ARGOJ8_IA/ARGOSJ8_IA_/install/joy/share/joy/hook/cmake_prefix_path.sh'
[3.904s] Level 1:colcon.colcon_core.environment:checking '/home/rhobtor/PHD/ARGOJ8_IA/ARGOSJ8_IA_/install/joy/lib'
[3.904s] Level 1:colcon.colcon_core.shell:create_environment_hook('joy', 'ld_library_path_lib')
[3.904s] INFO:colcon.colcon_core.shell:Creating environment hook '/home/rhobtor/PHD/ARGOJ8_IA/ARGOSJ8_IA_/install/joy/share/joy/hook/ld_library_path_lib.ps1'
[3.905s] INFO:colcon.colcon_core.shell:Creating environment descriptor '/home/rhobtor/PHD/ARGOJ8_IA/ARGOSJ8_IA_/install/joy/share/joy/hook/ld_library_path_lib.dsv'
[3.905s] INFO:colcon.colcon_core.shell:Creating environment hook '/home/rhobtor/PHD/ARGOJ8_IA/ARGOSJ8_IA_/install/joy/share/joy/hook/ld_library_path_lib.sh'
[3.905s] Level 1:colcon.colcon_core.environment:checking '/home/rhobtor/PHD/ARGOJ8_IA/ARGOSJ8_IA_/install/joy/bin'
[3.905s] Level 1:colcon.colcon_core.environment:checking '/home/rhobtor/PHD/ARGOJ8_IA/ARGOSJ8_IA_/install/joy/lib/pkgconfig/joy.pc'
[3.906s] Level 1:colcon.colcon_core.environment:checking '/home/rhobtor/PHD/ARGOJ8_IA/ARGOSJ8_IA_/install/joy/lib/python3.10/site-packages'
[3.906s] Level 1:colcon.colcon_core.environment:checking '/home/rhobtor/PHD/ARGOJ8_IA/ARGOSJ8_IA_/install/joy/bin'
[3.906s] INFO:colcon.colcon_core.shell:Creating package script '/home/rhobtor/PHD/ARGOJ8_IA/ARGOSJ8_IA_/install/joy/share/joy/package.ps1'
[3.907s] INFO:colcon.colcon_core.shell:Creating package descriptor '/home/rhobtor/PHD/ARGOJ8_IA/ARGOSJ8_IA_/install/joy/share/joy/package.dsv'
[3.907s] INFO:colcon.colcon_core.shell:Creating package script '/home/rhobtor/PHD/ARGOJ8_IA/ARGOSJ8_IA_/install/joy/share/joy/package.sh'
[3.908s] INFO:colcon.colcon_core.shell:Creating package script '/home/rhobtor/PHD/ARGOJ8_IA/ARGOSJ8_IA_/install/joy/share/joy/package.bash'
[3.909s] INFO:colcon.colcon_core.shell:Creating package script '/home/rhobtor/PHD/ARGOJ8_IA/ARGOSJ8_IA_/install/joy/share/joy/package.zsh'
[3.909s] Level 1:colcon.colcon_core.environment:create_file_with_runtime_dependencies(/home/rhobtor/PHD/ARGOJ8_IA/ARGOSJ8_IA_/install/joy/share/colcon-core/packages/joy)
[3.918s] DEBUG:colcon.colcon_core.event_handler.log_command:Invoking command in '/home/rhobtor/PHD/ARGOJ8_IA/ARGOSJ8_IA_/build/fixposition_driver_ros2': CMAKE_PREFIX_PATH=/home/rhobtor/PHD/ARGOJ8_IA/ARGOSJ8_IA_/install/fixposition_driver_lib:/home/rhobtor/PHD/ARGOJ8_IA/ARGOSJ8_IA_/install/fixposition_gnss_tf:/home/rhobtor/PHD/ARGOJ8_IA/ARGOSJ8_IA_/install/wiimote_msgs:/home/rhobtor/PHD/ARGOJ8_IA/ARGOSJ8_IA_/install/ublox:/home/rhobtor/PHD/ARGOJ8_IA/ARGOSJ8_IA_/install/ublox_gps:/home/rhobtor/PHD/ARGOJ8_IA/ARGOSJ8_IA_/install/security_check:/home/rhobtor/PHD/ARGOJ8_IA/ARGOSJ8_IA_/install/ctl_mission:/home/rhobtor/PHD/ARGOJ8_IA/ARGOSJ8_IA_/install/ublox_msgs:/home/rhobtor/PHD/ARGOJ8_IA/ARGOSJ8_IA_/install/ublox_serialization:/home/rhobtor/PHD/ARGOJ8_IA/ARGOSJ8_IA_/install/spacenav:/home/rhobtor/PHD/ARGOJ8_IA/ARGOSJ8_IA_/install/laser_segmentation:/home/rhobtor/PHD/ARGOJ8_IA/ARGOSJ8_IA_/install/slg_msgs:/home/rhobtor/PHD/ARGOJ8_IA/ARGOSJ8_IA_/install/security_check_interfaces:/home/rhobtor/PHD/ARGOJ8_IA/ARGOSJ8_IA_/install/joy:/home/rhobtor/PHD/ARGOJ8_IA/ARGOSJ8_IA_/install/sdl2_vendor:/home/rhobtor/PHD/ARGOJ8_IA/ARGOSJ8_IA_/install/path_manager:/home/rhobtor/PHD/ARGOJ8_IA/ARGOSJ8_IA_/install/path_manager_interfaces:/home/rhobtor/PHD/ARGOJ8_IA/ARGOSJ8_IA_/install/octomap_rviz_plugins:/home/rhobtor/PHD/ARGOJ8_IA/ARGOSJ8_IA_/install/joy_linux:/home/rhobtor/PHD/ARGOJ8_IA/ARGOSJ8_IA_/install/j8_xacro_model:/home/rhobtor/PHD/ARGOJ8_IA/ARGOSJ8_IA_/install/hector_gazebo_plugins:/home/rhobtor/PHD/ARGOJ8_IA/ARGOSJ8_IA_/install/fixposition_sensor_pkg:/home/rhobtor/PHD/ARGOJ8_IA/ARGOSJ8_IA_/install/fixposition_odometry_converter_ros2:/home/rhobtor/PHD/ARGOJ8_IA/ARGOSJ8_IA_/install/fixposition_driver_ros2:/home/rhobtor/PHD/ARGOJ8_IA/ARGOSJ8_IA_/install/ctl_mission_interfaces:/home/rhobtor/PHD/ARGOJ8_IA/ARGOSJ8_IA_/install/car_cpp:/home/rhobtor/PHD/ARGOJ8_IA/ARGOSJ8_IA_/install/car_interfaces:/home/rhobtor/PHD/ARGOJ8_IA/ARGOSJ8_IA_/install/argj801_setup:/home/rhobtor/PHD/ARGOJ8_IA/ARGOSJ8_IA_/install/argj801_sensors:/home/rhobtor/PHD/ARGOJ8_IA/ARGOSJ8_IA_/install/argj801_sensors_msgs:/home/rhobtor/PHD/ARGOJ8_IA/ARGOSJ8_IA_/install/argj801_ctl_platform:/home/rhobtor/PHD/ARGOJ8_IA/ARGOSJ8_IA_/install/argj801_ctl_platform_interfaces:/home/rhobtor/zed/install/zed_ros2:/home/rhobtor/zed/install/zed_wrapper:/home/rhobtor/zed/install/zed_components:/home/rhobtor/zed/install/zed_interfaces:/home/rhobtor/PHD/reactive/Reactive-Navegation/workspace_full_conected/install/octomap_mapping:/home/rhobtor/PHD/reactive/Reactive-Navegation/workspace_full_conected/install/octomap_server:/home/rhobtor/PHD/reactive/Reactive-Navegation/workspace_full_conected/install/octomap_rviz_plugins:/home/rhobtor/PHD/reactive/Reactive-Navegation/workspace_full_conected/install/hector_gazebo_plugins:/home/rhobtor/PHD/reactive/Reactive-Navegation/workspace_full_conected/install/car_cpp:/home/rhobtor/PHD/reactive/Reactive-Navegation/workspace_full_conected/install/car_interfaces:/home/rhobtor/PHD/ARGOJ8_IA/ARGOSJ8_IA_/install/ntrip_client:/home/rhobtor/PHD/ARGOJ8_IA/ARGOSJ8_IA_/install/car:/home/rhobtor/PHD/ARGOJ8_IA/ARGOSJ8_IA_/install/android_ros2_server:/home/rhobtor/PHD/reactive/Reactive-Navegation/workspace_full_conected/install/car:/opt/ros/humble LD_LIBRARY_PATH=/home/rhobtor/PHD/ARGOJ8_IA/ARGOSJ8_IA_/install/fixposition_driver_lib/lib:/home/rhobtor/PHD/ARGOJ8_IA/ARGOSJ8_IA_/install/fixposition_gnss_tf/lib:/home/rhobtor/PHD/ARGOJ8_IA/ARGOSJ8_IA_/install/wiimote_msgs/lib:/home/rhobtor/PHD/ARGOJ8_IA/ARGOSJ8_IA_/install/ublox_gps/lib:/home/rhobtor/PHD/ARGOJ8_IA/ARGOSJ8_IA_/install/ublox_msgs/lib:/home/rhobtor/PHD/ARGOJ8_IA/ARGOSJ8_IA_/install/spacenav/lib:/home/rhobtor/PHD/ARGOJ8_IA/ARGOSJ8_IA_/install/laser_segmentation/lib:/home/rhobtor/PHD/ARGOJ8_IA/ARGOSJ8_IA_/install/slg_msgs/lib:/home/rhobtor/PHD/ARGOJ8_IA/ARGOSJ8_IA_/install/security_check_interfaces/lib:/home/rhobtor/PHD/ARGOJ8_IA/ARGOSJ8_IA_/install/joy/lib:/home/rhobtor/PHD/ARGOJ8_IA/ARGOSJ8_IA_/install/path_manager_interfaces/lib:/home/rhobtor/PHD/ARGOJ8_IA/ARGOSJ8_IA_/install/octomap_rviz_plugins/lib:/home/rhobtor/PHD/ARGOJ8_IA/ARGOSJ8_IA_/install/j8_xacro_model/lib:/home/rhobtor/PHD/ARGOJ8_IA/ARGOSJ8_IA_/install/hector_gazebo_plugins/lib:/home/rhobtor/PHD/ARGOJ8_IA/ARGOSJ8_IA_/install/fixposition_sensor_pkg/lib:/home/rhobtor/PHD/ARGOJ8_IA/ARGOSJ8_IA_/install/fixposition_odometry_converter_ros2/lib:/home/rhobtor/PHD/ARGOJ8_IA/ARGOSJ8_IA_/install/fixposition_driver_ros2/lib:/home/rhobtor/PHD/ARGOJ8_IA/ARGOSJ8_IA_/install/ctl_mission_interfaces/lib:/home/rhobtor/PHD/ARGOJ8_IA/ARGOSJ8_IA_/install/car_cpp/lib:/home/rhobtor/PHD/ARGOJ8_IA/ARGOSJ8_IA_/install/car_interfaces/lib:/home/rhobtor/PHD/ARGOJ8_IA/ARGOSJ8_IA_/install/argj801_sensors_msgs/lib:/home/rhobtor/PHD/ARGOJ8_IA/ARGOSJ8_IA_/install/argj801_ctl_platform_interfaces/lib:/usr/local/cuda/lib64:/usr/local/cuda/lib64:/usr/local/cuda-12.1/lib64:/usr/local/cuda-11.8/lib64:/home/rhobtor/zed/install/zed_components/lib:/home/rhobtor/zed/install/zed_interfaces/lib:/home/rhobtor/PHD/reactive/Reactive-Navegation/workspace_full_conected/install/octomap_server/lib:/home/rhobtor/PHD/reactive/Reactive-Navegation/workspace_full_conected/install/octomap_rviz_plugins/lib:/home/rhobtor/PHD/reactive/Reactive-Navegation/workspace_full_conected/install/hector_gazebo_plugins/lib:/home/rhobtor/PHD/reactive/Reactive-Navegation/workspace_full_conected/install/car_cpp/lib:/home/rhobtor/PHD/reactive/Reactive-Navegation/workspace_full_conected/install/car_interfaces/lib:/usr/lib/x86_64-linux-gnu/gazebo-11/plugins:/opt/ros/humble/opt/rviz_ogre_vendor/lib:/opt/ros/humble/lib/x86_64-linux-gnu:/opt/ros/humble/lib /opt/st/stm32cubeclt_1.18.0/CMake/bin/cmake --build /home/rhobtor/PHD/ARGOJ8_IA/ARGOSJ8_IA_/build/fixposition_driver_ros2 -- -j16 -l16
[3.936s] DEBUG:colcon.colcon_core.event_handler.log_command:Invoking command in '/home/rhobtor/PHD/ARGOJ8_IA/ARGOSJ8_IA_/build/j8_xacro_model': CMAKE_PREFIX_PATH=/home/rhobtor/PHD/ARGOJ8_IA/ARGOSJ8_IA_/install/argj801_ctl_platform:/home/rhobtor/PHD/ARGOJ8_IA/ARGOSJ8_IA_/install/argj801_ctl_platform_interfaces:/home/rhobtor/PHD/ARGOJ8_IA/ARGOSJ8_IA_/install/wiimote_msgs:/home/rhobtor/PHD/ARGOJ8_IA/ARGOSJ8_IA_/install/ublox:/home/rhobtor/PHD/ARGOJ8_IA/ARGOSJ8_IA_/install/ublox_gps:/home/rhobtor/PHD/ARGOJ8_IA/ARGOSJ8_IA_/install/security_check:/home/rhobtor/PHD/ARGOJ8_IA/ARGOSJ8_IA_/install/ctl_mission:/home/rhobtor/PHD/ARGOJ8_IA/ARGOSJ8_IA_/install/ublox_msgs:/home/rhobtor/PHD/ARGOJ8_IA/ARGOSJ8_IA_/install/ublox_serialization:/home/rhobtor/PHD/ARGOJ8_IA/ARGOSJ8_IA_/install/spacenav:/home/rhobtor/PHD/ARGOJ8_IA/ARGOSJ8_IA_/install/laser_segmentation:/home/rhobtor/PHD/ARGOJ8_IA/ARGOSJ8_IA_/install/slg_msgs:/home/rhobtor/PHD/ARGOJ8_IA/ARGOSJ8_IA_/install/security_check_interfaces:/home/rhobtor/PHD/ARGOJ8_IA/ARGOSJ8_IA_/install/joy:/home/rhobtor/PHD/ARGOJ8_IA/ARGOSJ8_IA_/install/sdl2_vendor:/home/rhobtor/PHD/ARGOJ8_IA/ARGOSJ8_IA_/install/path_manager:/home/rhobtor/PHD/ARGOJ8_IA/ARGOSJ8_IA_/install/path_manager_interfaces:/home/rhobtor/PHD/ARGOJ8_IA/ARGOSJ8_IA_/install/octomap_rviz_plugins:/home/rhobtor/PHD/ARGOJ8_IA/ARGOSJ8_IA_/install/joy_linux:/home/rhobtor/PHD/ARGOJ8_IA/ARGOSJ8_IA_/install/j8_xacro_model:/home/rhobtor/PHD/ARGOJ8_IA/ARGOSJ8_IA_/install/hector_gazebo_plugins:/home/rhobtor/PHD/ARGOJ8_IA/ARGOSJ8_IA_/install/fixposition_sensor_pkg:/home/rhobtor/PHD/ARGOJ8_IA/ARGOSJ8_IA_/install/fixposition_odometry_converter_ros2:/home/rhobtor/PHD/ARGOJ8_IA/ARGOSJ8_IA_/install/fixposition_driver_ros2:/home/rhobtor/PHD/ARGOJ8_IA/ARGOSJ8_IA_/install/fixposition_driver_lib:/home/rhobtor/PHD/ARGOJ8_IA/ARGOSJ8_IA_/install/fixposition_gnss_tf:/home/rhobtor/PHD/ARGOJ8_IA/ARGOSJ8_IA_/install/ctl_mission_interfaces:/home/rhobtor/PHD/ARGOJ8_IA/ARGOSJ8_IA_/install/car_cpp:/home/rhobtor/PHD/ARGOJ8_IA/ARGOSJ8_IA_/install/car_interfaces:/home/rhobtor/PHD/ARGOJ8_IA/ARGOSJ8_IA_/install/argj801_setup:/home/rhobtor/PHD/ARGOJ8_IA/ARGOSJ8_IA_/install/argj801_sensors:/home/rhobtor/PHD/ARGOJ8_IA/ARGOSJ8_IA_/install/argj801_sensors_msgs:/home/rhobtor/zed/install/zed_ros2:/home/rhobtor/zed/install/zed_wrapper:/home/rhobtor/zed/install/zed_components:/home/rhobtor/zed/install/zed_interfaces:/home/rhobtor/PHD/reactive/Reactive-Navegation/workspace_full_conected/install/octomap_mapping:/home/rhobtor/PHD/reactive/Reactive-Navegation/workspace_full_conected/install/octomap_server:/home/rhobtor/PHD/reactive/Reactive-Navegation/workspace_full_conected/install/octomap_rviz_plugins:/home/rhobtor/PHD/reactive/Reactive-Navegation/workspace_full_conected/install/hector_gazebo_plugins:/home/rhobtor/PHD/reactive/Reactive-Navegation/workspace_full_conected/install/car_cpp:/home/rhobtor/PHD/reactive/Reactive-Navegation/workspace_full_conected/install/car_interfaces:/home/rhobtor/PHD/ARGOJ8_IA/ARGOSJ8_IA_/install/ntrip_client:/home/rhobtor/PHD/ARGOJ8_IA/ARGOSJ8_IA_/install/car:/home/rhobtor/PHD/ARGOJ8_IA/ARGOSJ8_IA_/install/android_ros2_server:/home/rhobtor/PHD/reactive/Reactive-Navegation/workspace_full_conected/install/car:/opt/ros/humble LD_LIBRARY_PATH=/home/rhobtor/PHD/ARGOJ8_IA/ARGOSJ8_IA_/install/argj801_ctl_platform_interfaces/lib:/home/rhobtor/PHD/ARGOJ8_IA/ARGOSJ8_IA_/install/wiimote_msgs/lib:/home/rhobtor/PHD/ARGOJ8_IA/ARGOSJ8_IA_/install/ublox_gps/lib:/home/rhobtor/PHD/ARGOJ8_IA/ARGOSJ8_IA_/install/ublox_msgs/lib:/home/rhobtor/PHD/ARGOJ8_IA/ARGOSJ8_IA_/install/spacenav/lib:/home/rhobtor/PHD/ARGOJ8_IA/ARGOSJ8_IA_/install/laser_segmentation/lib:/home/rhobtor/PHD/ARGOJ8_IA/ARGOSJ8_IA_/install/slg_msgs/lib:/home/rhobtor/PHD/ARGOJ8_IA/ARGOSJ8_IA_/install/security_check_interfaces/lib:/home/rhobtor/PHD/ARGOJ8_IA/ARGOSJ8_IA_/install/joy/lib:/home/rhobtor/PHD/ARGOJ8_IA/ARGOSJ8_IA_/install/path_manager_interfaces/lib:/home/rhobtor/PHD/ARGOJ8_IA/ARGOSJ8_IA_/install/octomap_rviz_plugins/lib:/home/rhobtor/PHD/ARGOJ8_IA/ARGOSJ8_IA_/install/j8_xacro_model/lib:/home/rhobtor/PHD/ARGOJ8_IA/ARGOSJ8_IA_/install/hector_gazebo_plugins/lib:/home/rhobtor/PHD/ARGOJ8_IA/ARGOSJ8_IA_/install/fixposition_sensor_pkg/lib:/home/rhobtor/PHD/ARGOJ8_IA/ARGOSJ8_IA_/install/fixposition_odometry_converter_ros2/lib:/home/rhobtor/PHD/ARGOJ8_IA/ARGOSJ8_IA_/install/fixposition_driver_ros2/lib:/home/rhobtor/PHD/ARGOJ8_IA/ARGOSJ8_IA_/install/fixposition_driver_lib/lib:/home/rhobtor/PHD/ARGOJ8_IA/ARGOSJ8_IA_/install/fixposition_gnss_tf/lib:/home/rhobtor/PHD/ARGOJ8_IA/ARGOSJ8_IA_/install/ctl_mission_interfaces/lib:/home/rhobtor/PHD/ARGOJ8_IA/ARGOSJ8_IA_/install/car_cpp/lib:/home/rhobtor/PHD/ARGOJ8_IA/ARGOSJ8_IA_/install/car_interfaces/lib:/home/rhobtor/PHD/ARGOJ8_IA/ARGOSJ8_IA_/install/argj801_sensors_msgs/lib:/usr/local/cuda/lib64:/usr/local/cuda/lib64:/usr/local/cuda-12.1/lib64:/usr/local/cuda-11.8/lib64:/home/rhobtor/zed/install/zed_components/lib:/home/rhobtor/zed/install/zed_interfaces/lib:/home/rhobtor/PHD/reactive/Reactive-Navegation/workspace_full_conected/install/octomap_server/lib:/home/rhobtor/PHD/reactive/Reactive-Navegation/workspace_full_conected/install/octomap_rviz_plugins/lib:/home/rhobtor/PHD/reactive/Reactive-Navegation/workspace_full_conected/install/hector_gazebo_plugins/lib:/home/rhobtor/PHD/reactive/Reactive-Navegation/workspace_full_conected/install/car_cpp/lib:/home/rhobtor/PHD/reactive/Reactive-Navegation/workspace_full_conected/install/car_interfaces/lib:/usr/lib/x86_64-linux-gnu/gazebo-11/plugins:/opt/ros/humble/opt/rviz_ogre_vendor/lib:/opt/ros/humble/lib/x86_64-linux-gnu:/opt/ros/humble/lib /opt/st/stm32cubeclt_1.18.0/CMake/bin/cmake --build /home/rhobtor/PHD/ARGOJ8_IA/ARGOSJ8_IA_/build/j8_xacro_model -- -j16 -l16
[3.940s] Level 1:colcon.colcon_core.environment:create_environment_scripts_only(path_manager)
[3.940s] DEBUG:colcon.colcon_core.event_handler.log_command:Invoked command in '/home/rhobtor/PHD/ARGOJ8_IA/ARGOSJ8_IA_/build/ublox_msgs' returned '0': CMAKE_PREFIX_PATH=/home/rhobtor/PHD/ARGOJ8_IA/ARGOSJ8_IA_/install/ublox_serialization:/home/rhobtor/PHD/ARGOJ8_IA/ARGOSJ8_IA_/install/wiimote_msgs:/home/rhobtor/PHD/ARGOJ8_IA/ARGOSJ8_IA_/install/ublox:/home/rhobtor/PHD/ARGOJ8_IA/ARGOSJ8_IA_/install/ublox_gps:/home/rhobtor/PHD/ARGOJ8_IA/ARGOSJ8_IA_/install/security_check:/home/rhobtor/PHD/ARGOJ8_IA/ARGOSJ8_IA_/install/ctl_mission:/home/rhobtor/PHD/ARGOJ8_IA/ARGOSJ8_IA_/install/ublox_msgs:/home/rhobtor/PHD/ARGOJ8_IA/ARGOSJ8_IA_/install/spacenav:/home/rhobtor/PHD/ARGOJ8_IA/ARGOSJ8_IA_/install/laser_segmentation:/home/rhobtor/PHD/ARGOJ8_IA/ARGOSJ8_IA_/install/slg_msgs:/home/rhobtor/PHD/ARGOJ8_IA/ARGOSJ8_IA_/install/security_check_interfaces:/home/rhobtor/PHD/ARGOJ8_IA/ARGOSJ8_IA_/install/joy:/home/rhobtor/PHD/ARGOJ8_IA/ARGOSJ8_IA_/install/sdl2_vendor:/home/rhobtor/PHD/ARGOJ8_IA/ARGOSJ8_IA_/install/path_manager:/home/rhobtor/PHD/ARGOJ8_IA/ARGOSJ8_IA_/install/path_manager_interfaces:/home/rhobtor/PHD/ARGOJ8_IA/ARGOSJ8_IA_/install/octomap_rviz_plugins:/home/rhobtor/PHD/ARGOJ8_IA/ARGOSJ8_IA_/install/joy_linux:/home/rhobtor/PHD/ARGOJ8_IA/ARGOSJ8_IA_/install/j8_xacro_model:/home/rhobtor/PHD/ARGOJ8_IA/ARGOSJ8_IA_/install/hector_gazebo_plugins:/home/rhobtor/PHD/ARGOJ8_IA/ARGOSJ8_IA_/install/fixposition_sensor_pkg:/home/rhobtor/PHD/ARGOJ8_IA/ARGOSJ8_IA_/install/fixposition_odometry_converter_ros2:/home/rhobtor/PHD/ARGOJ8_IA/ARGOSJ8_IA_/install/fixposition_driver_ros2:/home/rhobtor/PHD/ARGOJ8_IA/ARGOSJ8_IA_/install/fixposition_driver_lib:/home/rhobtor/PHD/ARGOJ8_IA/ARGOSJ8_IA_/install/fixposition_gnss_tf:/home/rhobtor/PHD/ARGOJ8_IA/ARGOSJ8_IA_/install/ctl_mission_interfaces:/home/rhobtor/PHD/ARGOJ8_IA/ARGOSJ8_IA_/install/car_cpp:/home/rhobtor/PHD/ARGOJ8_IA/ARGOSJ8_IA_/install/car_interfaces:/home/rhobtor/PHD/ARGOJ8_IA/ARGOSJ8_IA_/install/argj801_setup:/home/rhobtor/PHD/ARGOJ8_IA/ARGOSJ8_IA_/install/argj801_sensors:/home/rhobtor/PHD/ARGOJ8_IA/ARGOSJ8_IA_/install/argj801_sensors_msgs:/home/rhobtor/PHD/ARGOJ8_IA/ARGOSJ8_IA_/install/argj801_ctl_platform:/home/rhobtor/PHD/ARGOJ8_IA/ARGOSJ8_IA_/install/argj801_ctl_platform_interfaces:/home/rhobtor/zed/install/zed_ros2:/home/rhobtor/zed/install/zed_wrapper:/home/rhobtor/zed/install/zed_components:/home/rhobtor/zed/install/zed_interfaces:/home/rhobtor/PHD/reactive/Reactive-Navegation/workspace_full_conected/install/octomap_mapping:/home/rhobtor/PHD/reactive/Reactive-Navegation/workspace_full_conected/install/octomap_server:/home/rhobtor/PHD/reactive/Reactive-Navegation/workspace_full_conected/install/octomap_rviz_plugins:/home/rhobtor/PHD/reactive/Reactive-Navegation/workspace_full_conected/install/hector_gazebo_plugins:/home/rhobtor/PHD/reactive/Reactive-Navegation/workspace_full_conected/install/car_cpp:/home/rhobtor/PHD/reactive/Reactive-Navegation/workspace_full_conected/install/car_interfaces:/home/rhobtor/PHD/ARGOJ8_IA/ARGOSJ8_IA_/install/ntrip_client:/home/rhobtor/PHD/ARGOJ8_IA/ARGOSJ8_IA_/install/car:/home/rhobtor/PHD/ARGOJ8_IA/ARGOSJ8_IA_/install/android_ros2_server:/home/rhobtor/PHD/reactive/Reactive-Navegation/workspace_full_conected/install/car:/opt/ros/humble /opt/st/stm32cubeclt_1.18.0/CMake/bin/cmake --build /home/rhobtor/PHD/ARGOJ8_IA/ARGOSJ8_IA_/build/ublox_msgs -- -j16 -l16
[3.941s] Level 1:colcon.colcon_core.environment:checking '/home/rhobtor/PHD/ARGOJ8_IA/ARGOSJ8_IA_/install/path_manager' for CMake module files
[3.942s] DEBUG:colcon.colcon_core.event_handler.log_command:Invoking command in '/home/rhobtor/PHD/ARGOJ8_IA/ARGOSJ8_IA_/build/ublox_msgs': CMAKE_PREFIX_PATH=/home/rhobtor/PHD/ARGOJ8_IA/ARGOSJ8_IA_/install/ublox_serialization:/home/rhobtor/PHD/ARGOJ8_IA/ARGOSJ8_IA_/install/wiimote_msgs:/home/rhobtor/PHD/ARGOJ8_IA/ARGOSJ8_IA_/install/ublox:/home/rhobtor/PHD/ARGOJ8_IA/ARGOSJ8_IA_/install/ublox_gps:/home/rhobtor/PHD/ARGOJ8_IA/ARGOSJ8_IA_/install/security_check:/home/rhobtor/PHD/ARGOJ8_IA/ARGOSJ8_IA_/install/ctl_mission:/home/rhobtor/PHD/ARGOJ8_IA/ARGOSJ8_IA_/install/ublox_msgs:/home/rhobtor/PHD/ARGOJ8_IA/ARGOSJ8_IA_/install/spacenav:/home/rhobtor/PHD/ARGOJ8_IA/ARGOSJ8_IA_/install/laser_segmentation:/home/rhobtor/PHD/ARGOJ8_IA/ARGOSJ8_IA_/install/slg_msgs:/home/rhobtor/PHD/ARGOJ8_IA/ARGOSJ8_IA_/install/security_check_interfaces:/home/rhobtor/PHD/ARGOJ8_IA/ARGOSJ8_IA_/install/joy:/home/rhobtor/PHD/ARGOJ8_IA/ARGOSJ8_IA_/install/sdl2_vendor:/home/rhobtor/PHD/ARGOJ8_IA/ARGOSJ8_IA_/install/path_manager:/home/rhobtor/PHD/ARGOJ8_IA/ARGOSJ8_IA_/install/path_manager_interfaces:/home/rhobtor/PHD/ARGOJ8_IA/ARGOSJ8_IA_/install/octomap_rviz_plugins:/home/rhobtor/PHD/ARGOJ8_IA/ARGOSJ8_IA_/install/joy_linux:/home/rhobtor/PHD/ARGOJ8_IA/ARGOSJ8_IA_/install/j8_xacro_model:/home/rhobtor/PHD/ARGOJ8_IA/ARGOSJ8_IA_/install/hector_gazebo_plugins:/home/rhobtor/PHD/ARGOJ8_IA/ARGOSJ8_IA_/install/fixposition_sensor_pkg:/home/rhobtor/PHD/ARGOJ8_IA/ARGOSJ8_IA_/install/fixposition_odometry_converter_ros2:/home/rhobtor/PHD/ARGOJ8_IA/ARGOSJ8_IA_/install/fixposition_driver_ros2:/home/rhobtor/PHD/ARGOJ8_IA/ARGOSJ8_IA_/install/fixposition_driver_lib:/home/rhobtor/PHD/ARGOJ8_IA/ARGOSJ8_IA_/install/fixposition_gnss_tf:/home/rhobtor/PHD/ARGOJ8_IA/ARGOSJ8_IA_/install/ctl_mission_interfaces:/home/rhobtor/PHD/ARGOJ8_IA/ARGOSJ8_IA_/install/car_cpp:/home/rhobtor/PHD/ARGOJ8_IA/ARGOSJ8_IA_/install/car_interfaces:/home/rhobtor/PHD/ARGOJ8_IA/ARGOSJ8_IA_/install/argj801_setup:/home/rhobtor/PHD/ARGOJ8_IA/ARGOSJ8_IA_/install/argj801_sensors:/home/rhobtor/PHD/ARGOJ8_IA/ARGOSJ8_IA_/install/argj801_sensors_msgs:/home/rhobtor/PHD/ARGOJ8_IA/ARGOSJ8_IA_/install/argj801_ctl_platform:/home/rhobtor/PHD/ARGOJ8_IA/ARGOSJ8_IA_/install/argj801_ctl_platform_interfaces:/home/rhobtor/zed/install/zed_ros2:/home/rhobtor/zed/install/zed_wrapper:/home/rhobtor/zed/install/zed_components:/home/rhobtor/zed/install/zed_interfaces:/home/rhobtor/PHD/reactive/Reactive-Navegation/workspace_full_conected/install/octomap_mapping:/home/rhobtor/PHD/reactive/Reactive-Navegation/workspace_full_conected/install/octomap_server:/home/rhobtor/PHD/reactive/Reactive-Navegation/workspace_full_conected/install/octomap_rviz_plugins:/home/rhobtor/PHD/reactive/Reactive-Navegation/workspace_full_conected/install/hector_gazebo_plugins:/home/rhobtor/PHD/reactive/Reactive-Navegation/workspace_full_conected/install/car_cpp:/home/rhobtor/PHD/reactive/Reactive-Navegation/workspace_full_conected/install/car_interfaces:/home/rhobtor/PHD/ARGOJ8_IA/ARGOSJ8_IA_/install/ntrip_client:/home/rhobtor/PHD/ARGOJ8_IA/ARGOSJ8_IA_/install/car:/home/rhobtor/PHD/ARGOJ8_IA/ARGOSJ8_IA_/install/android_ros2_server:/home/rhobtor/PHD/reactive/Reactive-Navegation/workspace_full_conected/install/car:/opt/ros/humble /opt/st/stm32cubeclt_1.18.0/CMake/bin/cmake --install /home/rhobtor/PHD/ARGOJ8_IA/ARGOSJ8_IA_/build/ublox_msgs
[3.943s] DEBUG:colcon.colcon_core.event_handler.log_command:Invoked command in '/home/rhobtor/PHD/ARGOJ8_IA/ARGOSJ8_IA_/build/path_manager' returned '0': CMAKE_PREFIX_PATH=/home/rhobtor/PHD/ARGOJ8_IA/ARGOSJ8_IA_/install/path_manager_interfaces:/home/rhobtor/PHD/ARGOJ8_IA/ARGOSJ8_IA_/install/wiimote_msgs:/home/rhobtor/PHD/ARGOJ8_IA/ARGOSJ8_IA_/install/ublox:/home/rhobtor/PHD/ARGOJ8_IA/ARGOSJ8_IA_/install/ublox_gps:/home/rhobtor/PHD/ARGOJ8_IA/ARGOSJ8_IA_/install/security_check:/home/rhobtor/PHD/ARGOJ8_IA/ARGOSJ8_IA_/install/ctl_mission:/home/rhobtor/PHD/ARGOJ8_IA/ARGOSJ8_IA_/install/ublox_msgs:/home/rhobtor/PHD/ARGOJ8_IA/ARGOSJ8_IA_/install/ublox_serialization:/home/rhobtor/PHD/ARGOJ8_IA/ARGOSJ8_IA_/install/spacenav:/home/rhobtor/PHD/ARGOJ8_IA/ARGOSJ8_IA_/install/laser_segmentation:/home/rhobtor/PHD/ARGOJ8_IA/ARGOSJ8_IA_/install/slg_msgs:/home/rhobtor/PHD/ARGOJ8_IA/ARGOSJ8_IA_/install/security_check_interfaces:/home/rhobtor/PHD/ARGOJ8_IA/ARGOSJ8_IA_/install/joy:/home/rhobtor/PHD/ARGOJ8_IA/ARGOSJ8_IA_/install/sdl2_vendor:/home/rhobtor/PHD/ARGOJ8_IA/ARGOSJ8_IA_/install/path_manager:/home/rhobtor/PHD/ARGOJ8_IA/ARGOSJ8_IA_/install/octomap_rviz_plugins:/home/rhobtor/PHD/ARGOJ8_IA/ARGOSJ8_IA_/install/joy_linux:/home/rhobtor/PHD/ARGOJ8_IA/ARGOSJ8_IA_/install/j8_xacro_model:/home/rhobtor/PHD/ARGOJ8_IA/ARGOSJ8_IA_/install/hector_gazebo_plugins:/home/rhobtor/PHD/ARGOJ8_IA/ARGOSJ8_IA_/install/fixposition_sensor_pkg:/home/rhobtor/PHD/ARGOJ8_IA/ARGOSJ8_IA_/install/fixposition_odometry_converter_ros2:/home/rhobtor/PHD/ARGOJ8_IA/ARGOSJ8_IA_/install/fixposition_driver_ros2:/home/rhobtor/PHD/ARGOJ8_IA/ARGOSJ8_IA_/install/fixposition_driver_lib:/home/rhobtor/PHD/ARGOJ8_IA/ARGOSJ8_IA_/install/fixposition_gnss_tf:/home/rhobtor/PHD/ARGOJ8_IA/ARGOSJ8_IA_/install/ctl_mission_interfaces:/home/rhobtor/PHD/ARGOJ8_IA/ARGOSJ8_IA_/install/car_cpp:/home/rhobtor/PHD/ARGOJ8_IA/ARGOSJ8_IA_/install/car_interfaces:/home/rhobtor/PHD/ARGOJ8_IA/ARGOSJ8_IA_/install/argj801_setup:/home/rhobtor/PHD/ARGOJ8_IA/ARGOSJ8_IA_/install/argj801_sensors:/home/rhobtor/PHD/ARGOJ8_IA/ARGOSJ8_IA_/install/argj801_sensors_msgs:/home/rhobtor/PHD/ARGOJ8_IA/ARGOSJ8_IA_/install/argj801_ctl_platform:/home/rhobtor/PHD/ARGOJ8_IA/ARGOSJ8_IA_/install/argj801_ctl_platform_interfaces:/home/rhobtor/zed/install/zed_ros2:/home/rhobtor/zed/install/zed_wrapper:/home/rhobtor/zed/install/zed_components:/home/rhobtor/zed/install/zed_interfaces:/home/rhobtor/PHD/reactive/Reactive-Navegation/workspace_full_conected/install/octomap_mapping:/home/rhobtor/PHD/reactive/Reactive-Navegation/workspace_full_conected/install/octomap_server:/home/rhobtor/PHD/reactive/Reactive-Navegation/workspace_full_conected/install/octomap_rviz_plugins:/home/rhobtor/PHD/reactive/Reactive-Navegation/workspace_full_conected/install/hector_gazebo_plugins:/home/rhobtor/PHD/reactive/Reactive-Navegation/workspace_full_conected/install/car_cpp:/home/rhobtor/PHD/reactive/Reactive-Navegation/workspace_full_conected/install/car_interfaces:/home/rhobtor/PHD/ARGOJ8_IA/ARGOSJ8_IA_/install/ntrip_client:/home/rhobtor/PHD/ARGOJ8_IA/ARGOSJ8_IA_/install/car:/home/rhobtor/PHD/ARGOJ8_IA/ARGOSJ8_IA_/install/android_ros2_server:/home/rhobtor/PHD/reactive/Reactive-Navegation/workspace_full_conected/install/car:/opt/ros/humble LD_LIBRARY_PATH=/home/rhobtor/PHD/ARGOJ8_IA/ARGOSJ8_IA_/install/path_manager_interfaces/lib:/home/rhobtor/PHD/ARGOJ8_IA/ARGOSJ8_IA_/install/wiimote_msgs/lib:/home/rhobtor/PHD/ARGOJ8_IA/ARGOSJ8_IA_/install/ublox_gps/lib:/home/rhobtor/PHD/ARGOJ8_IA/ARGOSJ8_IA_/install/ublox_msgs/lib:/home/rhobtor/PHD/ARGOJ8_IA/ARGOSJ8_IA_/install/spacenav/lib:/home/rhobtor/PHD/ARGOJ8_IA/ARGOSJ8_IA_/install/laser_segmentation/lib:/home/rhobtor/PHD/ARGOJ8_IA/ARGOSJ8_IA_/install/slg_msgs/lib:/home/rhobtor/PHD/ARGOJ8_IA/ARGOSJ8_IA_/install/security_check_interfaces/lib:/home/rhobtor/PHD/ARGOJ8_IA/ARGOSJ8_IA_/install/joy/lib:/home/rhobtor/PHD/ARGOJ8_IA/ARGOSJ8_IA_/install/octomap_rviz_plugins/lib:/home/rhobtor/PHD/ARGOJ8_IA/ARGOSJ8_IA_/install/j8_xacro_model/lib:/home/rhobtor/PHD/ARGOJ8_IA/ARGOSJ8_IA_/install/hector_gazebo_plugins/lib:/home/rhobtor/PHD/ARGOJ8_IA/ARGOSJ8_IA_/install/fixposition_sensor_pkg/lib:/home/rhobtor/PHD/ARGOJ8_IA/ARGOSJ8_IA_/install/fixposition_odometry_converter_ros2/lib:/home/rhobtor/PHD/ARGOJ8_IA/ARGOSJ8_IA_/install/fixposition_driver_ros2/lib:/home/rhobtor/PHD/ARGOJ8_IA/ARGOSJ8_IA_/install/fixposition_driver_lib/lib:/home/rhobtor/PHD/ARGOJ8_IA/ARGOSJ8_IA_/install/fixposition_gnss_tf/lib:/home/rhobtor/PHD/ARGOJ8_IA/ARGOSJ8_IA_/install/ctl_mission_interfaces/lib:/home/rhobtor/PHD/ARGOJ8_IA/ARGOSJ8_IA_/install/car_cpp/lib:/home/rhobtor/PHD/ARGOJ8_IA/ARGOSJ8_IA_/install/car_interfaces/lib:/home/rhobtor/PHD/ARGOJ8_IA/ARGOSJ8_IA_/install/argj801_sensors_msgs/lib:/home/rhobtor/PHD/ARGOJ8_IA/ARGOSJ8_IA_/install/argj801_ctl_platform_interfaces/lib:/usr/local/cuda/lib64:/usr/local/cuda/lib64:/usr/local/cuda-12.1/lib64:/usr/local/cuda-11.8/lib64:/home/rhobtor/zed/install/zed_components/lib:/home/rhobtor/zed/install/zed_interfaces/lib:/home/rhobtor/PHD/reactive/Reactive-Navegation/workspace_full_conected/install/octomap_server/lib:/home/rhobtor/PHD/reactive/Reactive-Navegation/workspace_full_conected/install/octomap_rviz_plugins/lib:/home/rhobtor/PHD/reactive/Reactive-Navegation/workspace_full_conected/install/hector_gazebo_plugins/lib:/home/rhobtor/PHD/reactive/Reactive-Navegation/workspace_full_conected/install/car_cpp/lib:/home/rhobtor/PHD/reactive/Reactive-Navegation/workspace_full_conected/install/car_interfaces/lib:/usr/lib/x86_64-linux-gnu/gazebo-11/plugins:/opt/ros/humble/opt/rviz_ogre_vendor/lib:/opt/ros/humble/lib/x86_64-linux-gnu:/opt/ros/humble/lib /opt/st/stm32cubeclt_1.18.0/CMake/bin/cmake --install /home/rhobtor/PHD/ARGOJ8_IA/ARGOSJ8_IA_/build/path_manager
[3.943s] Level 1:colcon.colcon_core.environment:checking '/home/rhobtor/PHD/ARGOJ8_IA/ARGOSJ8_IA_/install/path_manager' for CMake config files
[3.944s] Level 1:colcon.colcon_core.shell:create_environment_hook('path_manager', 'cmake_prefix_path')
[3.945s] INFO:colcon.colcon_core.shell:Creating environment hook '/home/rhobtor/PHD/ARGOJ8_IA/ARGOSJ8_IA_/install/path_manager/share/path_manager/hook/cmake_prefix_path.ps1'
[3.946s] INFO:colcon.colcon_core.shell:Creating environment descriptor '/home/rhobtor/PHD/ARGOJ8_IA/ARGOSJ8_IA_/install/path_manager/share/path_manager/hook/cmake_prefix_path.dsv'
[3.947s] INFO:colcon.colcon_core.shell:Creating environment hook '/home/rhobtor/PHD/ARGOJ8_IA/ARGOSJ8_IA_/install/path_manager/share/path_manager/hook/cmake_prefix_path.sh'
[3.948s] Level 1:colcon.colcon_core.environment:checking '/home/rhobtor/PHD/ARGOJ8_IA/ARGOSJ8_IA_/install/path_manager/lib'
[3.948s] Level 1:colcon.colcon_core.environment:checking '/home/rhobtor/PHD/ARGOJ8_IA/ARGOSJ8_IA_/install/path_manager/bin'
[3.948s] Level 1:colcon.colcon_core.environment:checking '/home/rhobtor/PHD/ARGOJ8_IA/ARGOSJ8_IA_/install/path_manager/lib/pkgconfig/path_manager.pc'
[3.948s] Level 1:colcon.colcon_core.environment:checking '/home/rhobtor/PHD/ARGOJ8_IA/ARGOSJ8_IA_/install/path_manager/lib/python3.10/site-packages'
[3.948s] Level 1:colcon.colcon_core.environment:checking '/home/rhobtor/PHD/ARGOJ8_IA/ARGOSJ8_IA_/install/path_manager/bin'
[3.949s] INFO:colcon.colcon_core.shell:Creating package script '/home/rhobtor/PHD/ARGOJ8_IA/ARGOSJ8_IA_/install/path_manager/share/path_manager/package.ps1'
[3.950s] INFO:colcon.colcon_core.shell:Creating package descriptor '/home/rhobtor/PHD/ARGOJ8_IA/ARGOSJ8_IA_/install/path_manager/share/path_manager/package.dsv'
[3.950s] INFO:colcon.colcon_core.shell:Creating package script '/home/rhobtor/PHD/ARGOJ8_IA/ARGOSJ8_IA_/install/path_manager/share/path_manager/package.sh'
[3.951s] INFO:colcon.colcon_core.shell:Creating package script '/home/rhobtor/PHD/ARGOJ8_IA/ARGOSJ8_IA_/install/path_manager/share/path_manager/package.bash'
[3.951s] INFO:colcon.colcon_core.shell:Creating package script '/home/rhobtor/PHD/ARGOJ8_IA/ARGOSJ8_IA_/install/path_manager/share/path_manager/package.zsh'
[3.952s] Level 1:colcon.colcon_core.environment:create_file_with_runtime_dependencies(/home/rhobtor/PHD/ARGOJ8_IA/ARGOSJ8_IA_/install/path_manager/share/colcon-core/packages/path_manager)
[3.953s] Level 1:colcon.colcon_core.environment:create_environment_scripts_only(path_manager)
[3.953s] Level 1:colcon.colcon_core.environment:checking '/home/rhobtor/PHD/ARGOJ8_IA/ARGOSJ8_IA_/install/path_manager' for CMake module files
[3.954s] Level 1:colcon.colcon_core.environment:checking '/home/rhobtor/PHD/ARGOJ8_IA/ARGOSJ8_IA_/install/path_manager' for CMake config files
[3.954s] Level 1:colcon.colcon_core.shell:create_environment_hook('path_manager', 'cmake_prefix_path')
[3.954s] INFO:colcon.colcon_core.shell:Creating environment hook '/home/rhobtor/PHD/ARGOJ8_IA/ARGOSJ8_IA_/install/path_manager/share/path_manager/hook/cmake_prefix_path.ps1'
[3.955s] INFO:colcon.colcon_core.shell:Creating environment descriptor '/home/rhobtor/PHD/ARGOJ8_IA/ARGOSJ8_IA_/install/path_manager/share/path_manager/hook/cmake_prefix_path.dsv'
[3.955s] INFO:colcon.colcon_core.shell:Creating environment hook '/home/rhobtor/PHD/ARGOJ8_IA/ARGOSJ8_IA_/install/path_manager/share/path_manager/hook/cmake_prefix_path.sh'
[3.957s] Level 1:colcon.colcon_core.environment:checking '/home/rhobtor/PHD/ARGOJ8_IA/ARGOSJ8_IA_/install/path_manager/lib'
[3.957s] Level 1:colcon.colcon_core.environment:checking '/home/rhobtor/PHD/ARGOJ8_IA/ARGOSJ8_IA_/install/path_manager/bin'
[3.957s] Level 1:colcon.colcon_core.environment:checking '/home/rhobtor/PHD/ARGOJ8_IA/ARGOSJ8_IA_/install/path_manager/lib/pkgconfig/path_manager.pc'
[3.957s] Level 1:colcon.colcon_core.environment:checking '/home/rhobtor/PHD/ARGOJ8_IA/ARGOSJ8_IA_/install/path_manager/lib/python3.10/site-packages'
[3.957s] Level 1:colcon.colcon_core.environment:checking '/home/rhobtor/PHD/ARGOJ8_IA/ARGOSJ8_IA_/install/path_manager/bin'
[3.958s] INFO:colcon.colcon_core.shell:Creating package script '/home/rhobtor/PHD/ARGOJ8_IA/ARGOSJ8_IA_/install/path_manager/share/path_manager/package.ps1'
[3.959s] INFO:colcon.colcon_core.shell:Creating package descriptor '/home/rhobtor/PHD/ARGOJ8_IA/ARGOSJ8_IA_/install/path_manager/share/path_manager/package.dsv'
[3.959s] INFO:colcon.colcon_core.shell:Creating package script '/home/rhobtor/PHD/ARGOJ8_IA/ARGOSJ8_IA_/install/path_manager/share/path_manager/package.sh'
[3.960s] INFO:colcon.colcon_core.shell:Creating package script '/home/rhobtor/PHD/ARGOJ8_IA/ARGOSJ8_IA_/install/path_manager/share/path_manager/package.bash'
[3.961s] INFO:colcon.colcon_core.shell:Creating package script '/home/rhobtor/PHD/ARGOJ8_IA/ARGOSJ8_IA_/install/path_manager/share/path_manager/package.zsh'
[3.968s] Level 1:colcon.colcon_core.environment:create_file_with_runtime_dependencies(/home/rhobtor/PHD/ARGOJ8_IA/ARGOSJ8_IA_/install/path_manager/share/colcon-core/packages/path_manager)
[3.993s] Level 1:colcon.colcon_core.environment:create_environment_scripts_only(car_cpp)
[3.995s] Level 1:colcon.colcon_core.environment:checking '/home/rhobtor/PHD/ARGOJ8_IA/ARGOSJ8_IA_/install/car_cpp' for CMake module files
[4.005s] Level 1:colcon.colcon_core.environment:checking '/home/rhobtor/PHD/ARGOJ8_IA/ARGOSJ8_IA_/install/car_cpp' for CMake config files
[4.023s] Level 1:colcon.colcon_core.shell:create_environment_hook('car_cpp', 'cmake_prefix_path')
[4.025s] INFO:colcon.colcon_core.shell:Creating environment hook '/home/rhobtor/PHD/ARGOJ8_IA/ARGOSJ8_IA_/install/car_cpp/share/car_cpp/hook/cmake_prefix_path.ps1'
[4.046s] INFO:colcon.colcon_core.shell:Creating environment descriptor '/home/rhobtor/PHD/ARGOJ8_IA/ARGOSJ8_IA_/install/car_cpp/share/car_cpp/hook/cmake_prefix_path.dsv'
[4.048s] INFO:colcon.colcon_core.shell:Creating environment hook '/home/rhobtor/PHD/ARGOJ8_IA/ARGOSJ8_IA_/install/car_cpp/share/car_cpp/hook/cmake_prefix_path.sh'
[4.054s] Level 1:colcon.colcon_core.environment:checking '/home/rhobtor/PHD/ARGOJ8_IA/ARGOSJ8_IA_/install/car_cpp/lib'
[4.055s] Level 1:colcon.colcon_core.shell:create_environment_hook('car_cpp', 'ld_library_path_lib')
[4.055s] INFO:colcon.colcon_core.shell:Creating environment hook '/home/rhobtor/PHD/ARGOJ8_IA/ARGOSJ8_IA_/install/car_cpp/share/car_cpp/hook/ld_library_path_lib.ps1'
[4.057s] INFO:colcon.colcon_core.shell:Creating environment descriptor '/home/rhobtor/PHD/ARGOJ8_IA/ARGOSJ8_IA_/install/car_cpp/share/car_cpp/hook/ld_library_path_lib.dsv'
[4.061s] INFO:colcon.colcon_core.shell:Creating environment hook '/home/rhobtor/PHD/ARGOJ8_IA/ARGOSJ8_IA_/install/car_cpp/share/car_cpp/hook/ld_library_path_lib.sh'
[4.061s] Level 1:colcon.colcon_core.environment:checking '/home/rhobtor/PHD/ARGOJ8_IA/ARGOSJ8_IA_/install/car_cpp/bin'
[4.062s] Level 1:colcon.colcon_core.environment:checking '/home/rhobtor/PHD/ARGOJ8_IA/ARGOSJ8_IA_/install/car_cpp/lib/pkgconfig/car_cpp.pc'
[4.062s] Level 1:colcon.colcon_core.environment:checking '/home/rhobtor/PHD/ARGOJ8_IA/ARGOSJ8_IA_/install/car_cpp/lib/python3.10/site-packages'
[4.062s] Level 1:colcon.colcon_core.environment:checking '/home/rhobtor/PHD/ARGOJ8_IA/ARGOSJ8_IA_/install/car_cpp/bin'
[4.063s] INFO:colcon.colcon_core.shell:Creating package script '/home/rhobtor/PHD/ARGOJ8_IA/ARGOSJ8_IA_/install/car_cpp/share/car_cpp/package.ps1'
[4.065s] DEBUG:colcon.colcon_core.event_handler.log_command:Invoked command in '/home/rhobtor/PHD/ARGOJ8_IA/ARGOSJ8_IA_/build/car_cpp' returned '0': CMAKE_PREFIX_PATH=/home/rhobtor/PHD/ARGOJ8_IA/ARGOSJ8_IA_/install/car_interfaces:/home/rhobtor/PHD/ARGOJ8_IA/ARGOSJ8_IA_/install/wiimote_msgs:/home/rhobtor/PHD/ARGOJ8_IA/ARGOSJ8_IA_/install/ublox:/home/rhobtor/PHD/ARGOJ8_IA/ARGOSJ8_IA_/install/ublox_gps:/home/rhobtor/PHD/ARGOJ8_IA/ARGOSJ8_IA_/install/security_check:/home/rhobtor/PHD/ARGOJ8_IA/ARGOSJ8_IA_/install/ctl_mission:/home/rhobtor/PHD/ARGOJ8_IA/ARGOSJ8_IA_/install/ublox_msgs:/home/rhobtor/PHD/ARGOJ8_IA/ARGOSJ8_IA_/install/ublox_serialization:/home/rhobtor/PHD/ARGOJ8_IA/ARGOSJ8_IA_/install/spacenav:/home/rhobtor/PHD/ARGOJ8_IA/ARGOSJ8_IA_/install/laser_segmentation:/home/rhobtor/PHD/ARGOJ8_IA/ARGOSJ8_IA_/install/slg_msgs:/home/rhobtor/PHD/ARGOJ8_IA/ARGOSJ8_IA_/install/security_check_interfaces:/home/rhobtor/PHD/ARGOJ8_IA/ARGOSJ8_IA_/install/joy:/home/rhobtor/PHD/ARGOJ8_IA/ARGOSJ8_IA_/install/sdl2_vendor:/home/rhobtor/PHD/ARGOJ8_IA/ARGOSJ8_IA_/install/path_manager:/home/rhobtor/PHD/ARGOJ8_IA/ARGOSJ8_IA_/install/path_manager_interfaces:/home/rhobtor/PHD/ARGOJ8_IA/ARGOSJ8_IA_/install/octomap_rviz_plugins:/home/rhobtor/PHD/ARGOJ8_IA/ARGOSJ8_IA_/install/joy_linux:/home/rhobtor/PHD/ARGOJ8_IA/ARGOSJ8_IA_/install/j8_xacro_model:/home/rhobtor/PHD/ARGOJ8_IA/ARGOSJ8_IA_/install/hector_gazebo_plugins:/home/rhobtor/PHD/ARGOJ8_IA/ARGOSJ8_IA_/install/fixposition_sensor_pkg:/home/rhobtor/PHD/ARGOJ8_IA/ARGOSJ8_IA_/install/fixposition_odometry_converter_ros2:/home/rhobtor/PHD/ARGOJ8_IA/ARGOSJ8_IA_/install/fixposition_driver_ros2:/home/rhobtor/PHD/ARGOJ8_IA/ARGOSJ8_IA_/install/fixposition_driver_lib:/home/rhobtor/PHD/ARGOJ8_IA/ARGOSJ8_IA_/install/fixposition_gnss_tf:/home/rhobtor/PHD/ARGOJ8_IA/ARGOSJ8_IA_/install/ctl_mission_interfaces:/home/rhobtor/PHD/ARGOJ8_IA/ARGOSJ8_IA_/install/car_cpp:/home/rhobtor/PHD/ARGOJ8_IA/ARGOSJ8_IA_/install/argj801_setup:/home/rhobtor/PHD/ARGOJ8_IA/ARGOSJ8_IA_/install/argj801_sensors:/home/rhobtor/PHD/ARGOJ8_IA/ARGOSJ8_IA_/install/argj801_sensors_msgs:/home/rhobtor/PHD/ARGOJ8_IA/ARGOSJ8_IA_/install/argj801_ctl_platform:/home/rhobtor/PHD/ARGOJ8_IA/ARGOSJ8_IA_/install/argj801_ctl_platform_interfaces:/home/rhobtor/zed/install/zed_ros2:/home/rhobtor/zed/install/zed_wrapper:/home/rhobtor/zed/install/zed_components:/home/rhobtor/zed/install/zed_interfaces:/home/rhobtor/PHD/reactive/Reactive-Navegation/workspace_full_conected/install/octomap_mapping:/home/rhobtor/PHD/reactive/Reactive-Navegation/workspace_full_conected/install/octomap_server:/home/rhobtor/PHD/reactive/Reactive-Navegation/workspace_full_conected/install/octomap_rviz_plugins:/home/rhobtor/PHD/reactive/Reactive-Navegation/workspace_full_conected/install/hector_gazebo_plugins:/home/rhobtor/PHD/reactive/Reactive-Navegation/workspace_full_conected/install/car_cpp:/home/rhobtor/PHD/reactive/Reactive-Navegation/workspace_full_conected/install/car_interfaces:/home/rhobtor/PHD/ARGOJ8_IA/ARGOSJ8_IA_/install/ntrip_client:/home/rhobtor/PHD/ARGOJ8_IA/ARGOSJ8_IA_/install/car:/home/rhobtor/PHD/ARGOJ8_IA/ARGOSJ8_IA_/install/android_ros2_server:/home/rhobtor/PHD/reactive/Reactive-Navegation/workspace_full_conected/install/car:/opt/ros/humble LD_LIBRARY_PATH=/home/rhobtor/PHD/ARGOJ8_IA/ARGOSJ8_IA_/install/car_interfaces/lib:/home/rhobtor/PHD/ARGOJ8_IA/ARGOSJ8_IA_/install/wiimote_msgs/lib:/home/rhobtor/PHD/ARGOJ8_IA/ARGOSJ8_IA_/install/ublox_gps/lib:/home/rhobtor/PHD/ARGOJ8_IA/ARGOSJ8_IA_/install/ublox_msgs/lib:/home/rhobtor/PHD/ARGOJ8_IA/ARGOSJ8_IA_/install/spacenav/lib:/home/rhobtor/PHD/ARGOJ8_IA/ARGOSJ8_IA_/install/laser_segmentation/lib:/home/rhobtor/PHD/ARGOJ8_IA/ARGOSJ8_IA_/install/slg_msgs/lib:/home/rhobtor/PHD/ARGOJ8_IA/ARGOSJ8_IA_/install/security_check_interfaces/lib:/home/rhobtor/PHD/ARGOJ8_IA/ARGOSJ8_IA_/install/joy/lib:/home/rhobtor/PHD/ARGOJ8_IA/ARGOSJ8_IA_/install/path_manager_interfaces/lib:/home/rhobtor/PHD/ARGOJ8_IA/ARGOSJ8_IA_/install/octomap_rviz_plugins/lib:/home/rhobtor/PHD/ARGOJ8_IA/ARGOSJ8_IA_/install/j8_xacro_model/lib:/home/rhobtor/PHD/ARGOJ8_IA/ARGOSJ8_IA_/install/hector_gazebo_plugins/lib:/home/rhobtor/PHD/ARGOJ8_IA/ARGOSJ8_IA_/install/fixposition_sensor_pkg/lib:/home/rhobtor/PHD/ARGOJ8_IA/ARGOSJ8_IA_/install/fixposition_odometry_converter_ros2/lib:/home/rhobtor/PHD/ARGOJ8_IA/ARGOSJ8_IA_/install/fixposition_driver_ros2/lib:/home/rhobtor/PHD/ARGOJ8_IA/ARGOSJ8_IA_/install/fixposition_driver_lib/lib:/home/rhobtor/PHD/ARGOJ8_IA/ARGOSJ8_IA_/install/fixposition_gnss_tf/lib:/home/rhobtor/PHD/ARGOJ8_IA/ARGOSJ8_IA_/install/ctl_mission_interfaces/lib:/home/rhobtor/PHD/ARGOJ8_IA/ARGOSJ8_IA_/install/car_cpp/lib:/home/rhobtor/PHD/ARGOJ8_IA/ARGOSJ8_IA_/install/argj801_sensors_msgs/lib:/home/rhobtor/PHD/ARGOJ8_IA/ARGOSJ8_IA_/install/argj801_ctl_platform_interfaces/lib:/usr/local/cuda/lib64:/usr/local/cuda/lib64:/usr/local/cuda-12.1/lib64:/usr/local/cuda-11.8/lib64:/home/rhobtor/zed/install/zed_components/lib:/home/rhobtor/zed/install/zed_interfaces/lib:/home/rhobtor/PHD/reactive/Reactive-Navegation/workspace_full_conected/install/octomap_server/lib:/home/rhobtor/PHD/reactive/Reactive-Navegation/workspace_full_conected/install/octomap_rviz_plugins/lib:/home/rhobtor/PHD/reactive/Reactive-Navegation/workspace_full_conected/install/hector_gazebo_plugins/lib:/home/rhobtor/PHD/reactive/Reactive-Navegation/workspace_full_conected/install/car_cpp/lib:/home/rhobtor/PHD/reactive/Reactive-Navegation/workspace_full_conected/install/car_interfaces/lib:/usr/lib/x86_64-linux-gnu/gazebo-11/plugins:/opt/ros/humble/opt/rviz_ogre_vendor/lib:/opt/ros/humble/lib/x86_64-linux-gnu:/opt/ros/humble/lib /opt/st/stm32cubeclt_1.18.0/CMake/bin/cmake --install /home/rhobtor/PHD/ARGOJ8_IA/ARGOSJ8_IA_/build/car_cpp
[4.069s] INFO:colcon.colcon_core.shell:Creating package descriptor '/home/rhobtor/PHD/ARGOJ8_IA/ARGOSJ8_IA_/install/car_cpp/share/car_cpp/package.dsv'
[4.072s] INFO:colcon.colcon_core.shell:Creating package script '/home/rhobtor/PHD/ARGOJ8_IA/ARGOSJ8_IA_/install/car_cpp/share/car_cpp/package.sh'
[4.073s] INFO:colcon.colcon_core.shell:Creating package script '/home/rhobtor/PHD/ARGOJ8_IA/ARGOSJ8_IA_/install/car_cpp/share/car_cpp/package.bash'
[4.078s] INFO:colcon.colcon_core.shell:Creating package script '/home/rhobtor/PHD/ARGOJ8_IA/ARGOSJ8_IA_/install/car_cpp/share/car_cpp/package.zsh'
[4.079s] Level 1:colcon.colcon_core.environment:create_file_with_runtime_dependencies(/home/rhobtor/PHD/ARGOJ8_IA/ARGOSJ8_IA_/install/car_cpp/share/colcon-core/packages/car_cpp)
[4.083s] Level 1:colcon.colcon_core.environment:create_environment_scripts_only(car_cpp)
[4.083s] Level 1:colcon.colcon_core.environment:checking '/home/rhobtor/PHD/ARGOJ8_IA/ARGOSJ8_IA_/install/car_cpp' for CMake module files
[4.085s] Level 1:colcon.colcon_core.environment:checking '/home/rhobtor/PHD/ARGOJ8_IA/ARGOSJ8_IA_/install/car_cpp' for CMake config files
[4.088s] Level 1:colcon.colcon_core.shell:create_environment_hook('car_cpp', 'cmake_prefix_path')
[4.089s] INFO:colcon.colcon_core.shell:Creating environment hook '/home/rhobtor/PHD/ARGOJ8_IA/ARGOSJ8_IA_/install/car_cpp/share/car_cpp/hook/cmake_prefix_path.ps1'
[4.092s] INFO:colcon.colcon_core.shell:Creating environment descriptor '/home/rhobtor/PHD/ARGOJ8_IA/ARGOSJ8_IA_/install/car_cpp/share/car_cpp/hook/cmake_prefix_path.dsv'
[4.093s] INFO:colcon.colcon_core.shell:Creating environment hook '/home/rhobtor/PHD/ARGOJ8_IA/ARGOSJ8_IA_/install/car_cpp/share/car_cpp/hook/cmake_prefix_path.sh'
[4.094s] Level 1:colcon.colcon_core.environment:checking '/home/rhobtor/PHD/ARGOJ8_IA/ARGOSJ8_IA_/install/car_cpp/lib'
[4.094s] Level 1:colcon.colcon_core.shell:create_environment_hook('car_cpp', 'ld_library_path_lib')
[4.094s] INFO:colcon.colcon_core.shell:Creating environment hook '/home/rhobtor/PHD/ARGOJ8_IA/ARGOSJ8_IA_/install/car_cpp/share/car_cpp/hook/ld_library_path_lib.ps1'
[4.095s] INFO:colcon.colcon_core.shell:Creating environment descriptor '/home/rhobtor/PHD/ARGOJ8_IA/ARGOSJ8_IA_/install/car_cpp/share/car_cpp/hook/ld_library_path_lib.dsv'
[4.095s] INFO:colcon.colcon_core.shell:Creating environment hook '/home/rhobtor/PHD/ARGOJ8_IA/ARGOSJ8_IA_/install/car_cpp/share/car_cpp/hook/ld_library_path_lib.sh'
[4.098s] Level 1:colcon.colcon_core.environment:checking '/home/rhobtor/PHD/ARGOJ8_IA/ARGOSJ8_IA_/install/car_cpp/bin'
[4.098s] Level 1:colcon.colcon_core.environment:checking '/home/rhobtor/PHD/ARGOJ8_IA/ARGOSJ8_IA_/install/car_cpp/lib/pkgconfig/car_cpp.pc'
[4.098s] Level 1:colcon.colcon_core.environment:checking '/home/rhobtor/PHD/ARGOJ8_IA/ARGOSJ8_IA_/install/car_cpp/lib/python3.10/site-packages'
[4.099s] Level 1:colcon.colcon_core.environment:checking '/home/rhobtor/PHD/ARGOJ8_IA/ARGOSJ8_IA_/install/car_cpp/bin'
[4.099s] INFO:colcon.colcon_core.shell:Creating package script '/home/rhobtor/PHD/ARGOJ8_IA/ARGOSJ8_IA_/install/car_cpp/share/car_cpp/package.ps1'
[4.101s] INFO:colcon.colcon_core.shell:Creating package descriptor '/home/rhobtor/PHD/ARGOJ8_IA/ARGOSJ8_IA_/install/car_cpp/share/car_cpp/package.dsv'
[4.104s] INFO:colcon.colcon_core.shell:Creating package script '/home/rhobtor/PHD/ARGOJ8_IA/ARGOSJ8_IA_/install/car_cpp/share/car_cpp/package.sh'
[4.105s] INFO:colcon.colcon_core.shell:Creating package script '/home/rhobtor/PHD/ARGOJ8_IA/ARGOSJ8_IA_/install/car_cpp/share/car_cpp/package.bash'
[4.109s] INFO:colcon.colcon_core.shell:Creating package script '/home/rhobtor/PHD/ARGOJ8_IA/ARGOSJ8_IA_/install/car_cpp/share/car_cpp/package.zsh'
[4.111s] Level 1:colcon.colcon_core.environment:create_file_with_runtime_dependencies(/home/rhobtor/PHD/ARGOJ8_IA/ARGOSJ8_IA_/install/car_cpp/share/colcon-core/packages/car_cpp)
[4.114s] Level 1:colcon.colcon_core.environment:create_environment_scripts_only(laser_segmentation)
[4.115s] Level 1:colcon.colcon_core.environment:checking '/home/rhobtor/PHD/ARGOJ8_IA/ARGOSJ8_IA_/install/laser_segmentation' for CMake module files
[4.126s] Level 1:colcon.colcon_core.environment:checking '/home/rhobtor/PHD/ARGOJ8_IA/ARGOSJ8_IA_/install/laser_segmentation' for CMake config files
[4.126s] Level 1:colcon.colcon_core.shell:create_environment_hook('laser_segmentation', 'cmake_prefix_path')
[4.127s] INFO:colcon.colcon_core.shell:Creating environment hook '/home/rhobtor/PHD/ARGOJ8_IA/ARGOSJ8_IA_/install/laser_segmentation/share/laser_segmentation/hook/cmake_prefix_path.ps1'
[4.128s] INFO:colcon.colcon_core.shell:Creating environment descriptor '/home/rhobtor/PHD/ARGOJ8_IA/ARGOSJ8_IA_/install/laser_segmentation/share/laser_segmentation/hook/cmake_prefix_path.dsv'
[4.129s] INFO:colcon.colcon_core.shell:Creating environment hook '/home/rhobtor/PHD/ARGOJ8_IA/ARGOSJ8_IA_/install/laser_segmentation/share/laser_segmentation/hook/cmake_prefix_path.sh'
[4.132s] Level 1:colcon.colcon_core.environment:checking '/home/rhobtor/PHD/ARGOJ8_IA/ARGOSJ8_IA_/install/laser_segmentation/lib'
[4.132s] Level 1:colcon.colcon_core.shell:create_environment_hook('laser_segmentation', 'ld_library_path_lib')
[4.132s] INFO:colcon.colcon_core.shell:Creating environment hook '/home/rhobtor/PHD/ARGOJ8_IA/ARGOSJ8_IA_/install/laser_segmentation/share/laser_segmentation/hook/ld_library_path_lib.ps1'
[4.133s] INFO:colcon.colcon_core.shell:Creating environment descriptor '/home/rhobtor/PHD/ARGOJ8_IA/ARGOSJ8_IA_/install/laser_segmentation/share/laser_segmentation/hook/ld_library_path_lib.dsv'
[4.137s] INFO:colcon.colcon_core.shell:Creating environment hook '/home/rhobtor/PHD/ARGOJ8_IA/ARGOSJ8_IA_/install/laser_segmentation/share/laser_segmentation/hook/ld_library_path_lib.sh'
[4.141s] Level 1:colcon.colcon_core.environment:checking '/home/rhobtor/PHD/ARGOJ8_IA/ARGOSJ8_IA_/install/laser_segmentation/bin'
[4.141s] Level 1:colcon.colcon_core.environment:checking '/home/rhobtor/PHD/ARGOJ8_IA/ARGOSJ8_IA_/install/laser_segmentation/lib/pkgconfig/laser_segmentation.pc'
[4.142s] Level 1:colcon.colcon_core.environment:checking '/home/rhobtor/PHD/ARGOJ8_IA/ARGOSJ8_IA_/install/laser_segmentation/lib/python3.10/site-packages'
[4.144s] Level 1:colcon.colcon_core.environment:checking '/home/rhobtor/PHD/ARGOJ8_IA/ARGOSJ8_IA_/install/laser_segmentation/bin'
[4.147s] INFO:colcon.colcon_core.shell:Creating package script '/home/rhobtor/PHD/ARGOJ8_IA/ARGOSJ8_IA_/install/laser_segmentation/share/laser_segmentation/package.ps1'
[4.174s] INFO:colcon.colcon_core.shell:Creating package descriptor '/home/rhobtor/PHD/ARGOJ8_IA/ARGOSJ8_IA_/install/laser_segmentation/share/laser_segmentation/package.dsv'
[4.180s] INFO:colcon.colcon_core.shell:Creating package script '/home/rhobtor/PHD/ARGOJ8_IA/ARGOSJ8_IA_/install/laser_segmentation/share/laser_segmentation/package.sh'
[4.181s] INFO:colcon.colcon_core.shell:Creating package script '/home/rhobtor/PHD/ARGOJ8_IA/ARGOSJ8_IA_/install/laser_segmentation/share/laser_segmentation/package.bash'
[4.184s] INFO:colcon.colcon_core.shell:Creating package script '/home/rhobtor/PHD/ARGOJ8_IA/ARGOSJ8_IA_/install/laser_segmentation/share/laser_segmentation/package.zsh'
[4.192s] Level 1:colcon.colcon_core.environment:create_file_with_runtime_dependencies(/home/rhobtor/PHD/ARGOJ8_IA/ARGOSJ8_IA_/install/laser_segmentation/share/colcon-core/packages/laser_segmentation)
[4.198s] Level 1:colcon.colcon_core.environment:create_environment_scripts_only(laser_segmentation)
[4.201s] Level 1:colcon.colcon_core.environment:checking '/home/rhobtor/PHD/ARGOJ8_IA/ARGOSJ8_IA_/install/laser_segmentation' for CMake module files
[4.212s] Level 1:colcon.colcon_core.environment:checking '/home/rhobtor/PHD/ARGOJ8_IA/ARGOSJ8_IA_/install/laser_segmentation' for CMake config files
[4.214s] Level 1:colcon.colcon_core.shell:create_environment_hook('laser_segmentation', 'cmake_prefix_path')
[4.215s] INFO:colcon.colcon_core.shell:Creating environment hook '/home/rhobtor/PHD/ARGOJ8_IA/ARGOSJ8_IA_/install/laser_segmentation/share/laser_segmentation/hook/cmake_prefix_path.ps1'
[4.220s] INFO:colcon.colcon_core.shell:Creating environment descriptor '/home/rhobtor/PHD/ARGOJ8_IA/ARGOSJ8_IA_/install/laser_segmentation/share/laser_segmentation/hook/cmake_prefix_path.dsv'
[4.222s] INFO:colcon.colcon_core.shell:Creating environment hook '/home/rhobtor/PHD/ARGOJ8_IA/ARGOSJ8_IA_/install/laser_segmentation/share/laser_segmentation/hook/cmake_prefix_path.sh'
[4.224s] Level 1:colcon.colcon_core.environment:checking '/home/rhobtor/PHD/ARGOJ8_IA/ARGOSJ8_IA_/install/laser_segmentation/lib'
[4.225s] Level 1:colcon.colcon_core.shell:create_environment_hook('laser_segmentation', 'ld_library_path_lib')
[4.225s] INFO:colcon.colcon_core.shell:Creating environment hook '/home/rhobtor/PHD/ARGOJ8_IA/ARGOSJ8_IA_/install/laser_segmentation/share/laser_segmentation/hook/ld_library_path_lib.ps1'
[4.227s] INFO:colcon.colcon_core.shell:Creating environment descriptor '/home/rhobtor/PHD/ARGOJ8_IA/ARGOSJ8_IA_/install/laser_segmentation/share/laser_segmentation/hook/ld_library_path_lib.dsv'
[4.228s] INFO:colcon.colcon_core.shell:Creating environment hook '/home/rhobtor/PHD/ARGOJ8_IA/ARGOSJ8_IA_/install/laser_segmentation/share/laser_segmentation/hook/ld_library_path_lib.sh'
[4.230s] Level 1:colcon.colcon_core.environment:checking '/home/rhobtor/PHD/ARGOJ8_IA/ARGOSJ8_IA_/install/laser_segmentation/bin'
[4.230s] Level 1:colcon.colcon_core.environment:checking '/home/rhobtor/PHD/ARGOJ8_IA/ARGOSJ8_IA_/install/laser_segmentation/lib/pkgconfig/laser_segmentation.pc'
[4.230s] Level 1:colcon.colcon_core.environment:checking '/home/rhobtor/PHD/ARGOJ8_IA/ARGOSJ8_IA_/install/laser_segmentation/lib/python3.10/site-packages'
[4.230s] Level 1:colcon.colcon_core.environment:checking '/home/rhobtor/PHD/ARGOJ8_IA/ARGOSJ8_IA_/install/laser_segmentation/bin'
[4.231s] INFO:colcon.colcon_core.shell:Creating package script '/home/rhobtor/PHD/ARGOJ8_IA/ARGOSJ8_IA_/install/laser_segmentation/share/laser_segmentation/package.ps1'
[4.232s] INFO:colcon.colcon_core.shell:Creating package descriptor '/home/rhobtor/PHD/ARGOJ8_IA/ARGOSJ8_IA_/install/laser_segmentation/share/laser_segmentation/package.dsv'
[4.233s] INFO:colcon.colcon_core.shell:Creating package script '/home/rhobtor/PHD/ARGOJ8_IA/ARGOSJ8_IA_/install/laser_segmentation/share/laser_segmentation/package.sh'
[4.235s] INFO:colcon.colcon_core.shell:Creating package script '/home/rhobtor/PHD/ARGOJ8_IA/ARGOSJ8_IA_/install/laser_segmentation/share/laser_segmentation/package.bash'
[4.238s] INFO:colcon.colcon_core.shell:Creating package script '/home/rhobtor/PHD/ARGOJ8_IA/ARGOSJ8_IA_/install/laser_segmentation/share/laser_segmentation/package.zsh'
[4.246s] Level 1:colcon.colcon_core.environment:create_file_with_runtime_dependencies(/home/rhobtor/PHD/ARGOJ8_IA/ARGOSJ8_IA_/install/laser_segmentation/share/colcon-core/packages/laser_segmentation)
[4.250s] Level 1:colcon.colcon_core.environment:create_environment_scripts_only(wiimote_msgs)
[4.251s] Level 1:colcon.colcon_core.environment:checking '/home/rhobtor/PHD/ARGOJ8_IA/ARGOSJ8_IA_/install/wiimote_msgs' for CMake module files
[4.261s] Level 1:colcon.colcon_core.environment:checking '/home/rhobtor/PHD/ARGOJ8_IA/ARGOSJ8_IA_/install/wiimote_msgs' for CMake config files
[4.274s] Level 1:colcon.colcon_core.shell:create_environment_hook('wiimote_msgs', 'cmake_prefix_path')
[4.275s] INFO:colcon.colcon_core.shell:Creating environment hook '/home/rhobtor/PHD/ARGOJ8_IA/ARGOSJ8_IA_/install/wiimote_msgs/share/wiimote_msgs/hook/cmake_prefix_path.ps1'
[4.279s] INFO:colcon.colcon_core.shell:Creating environment descriptor '/home/rhobtor/PHD/ARGOJ8_IA/ARGOSJ8_IA_/install/wiimote_msgs/share/wiimote_msgs/hook/cmake_prefix_path.dsv'
[4.281s] INFO:colcon.colcon_core.shell:Creating environment hook '/home/rhobtor/PHD/ARGOJ8_IA/ARGOSJ8_IA_/install/wiimote_msgs/share/wiimote_msgs/hook/cmake_prefix_path.sh'
[4.287s] Level 1:colcon.colcon_core.environment:checking '/home/rhobtor/PHD/ARGOJ8_IA/ARGOSJ8_IA_/install/wiimote_msgs/lib'
[4.289s] Level 1:colcon.colcon_core.shell:create_environment_hook('wiimote_msgs', 'ld_library_path_lib')
[4.290s] INFO:colcon.colcon_core.shell:Creating environment hook '/home/rhobtor/PHD/ARGOJ8_IA/ARGOSJ8_IA_/install/wiimote_msgs/share/wiimote_msgs/hook/ld_library_path_lib.ps1'
[4.292s] INFO:colcon.colcon_core.shell:Creating environment descriptor '/home/rhobtor/PHD/ARGOJ8_IA/ARGOSJ8_IA_/install/wiimote_msgs/share/wiimote_msgs/hook/ld_library_path_lib.dsv'
[4.294s] INFO:colcon.colcon_core.shell:Creating environment hook '/home/rhobtor/PHD/ARGOJ8_IA/ARGOSJ8_IA_/install/wiimote_msgs/share/wiimote_msgs/hook/ld_library_path_lib.sh'
[4.296s] Level 1:colcon.colcon_core.environment:checking '/home/rhobtor/PHD/ARGOJ8_IA/ARGOSJ8_IA_/install/wiimote_msgs/bin'
[4.296s] DEBUG:colcon.colcon_core.event_handler.log_command:Invoked command in '/home/rhobtor/PHD/ARGOJ8_IA/ARGOSJ8_IA_/build/laser_segmentation' returned '0': CMAKE_PREFIX_PATH=/home/rhobtor/PHD/ARGOJ8_IA/ARGOSJ8_IA_/install/slg_msgs:/home/rhobtor/PHD/ARGOJ8_IA/ARGOSJ8_IA_/install/wiimote_msgs:/home/rhobtor/PHD/ARGOJ8_IA/ARGOSJ8_IA_/install/ublox:/home/rhobtor/PHD/ARGOJ8_IA/ARGOSJ8_IA_/install/ublox_gps:/home/rhobtor/PHD/ARGOJ8_IA/ARGOSJ8_IA_/install/security_check:/home/rhobtor/PHD/ARGOJ8_IA/ARGOSJ8_IA_/install/ctl_mission:/home/rhobtor/PHD/ARGOJ8_IA/ARGOSJ8_IA_/install/ublox_msgs:/home/rhobtor/PHD/ARGOJ8_IA/ARGOSJ8_IA_/install/ublox_serialization:/home/rhobtor/PHD/ARGOJ8_IA/ARGOSJ8_IA_/install/spacenav:/home/rhobtor/PHD/ARGOJ8_IA/ARGOSJ8_IA_/install/laser_segmentation:/home/rhobtor/PHD/ARGOJ8_IA/ARGOSJ8_IA_/install/security_check_interfaces:/home/rhobtor/PHD/ARGOJ8_IA/ARGOSJ8_IA_/install/joy:/home/rhobtor/PHD/ARGOJ8_IA/ARGOSJ8_IA_/install/sdl2_vendor:/home/rhobtor/PHD/ARGOJ8_IA/ARGOSJ8_IA_/install/path_manager:/home/rhobtor/PHD/ARGOJ8_IA/ARGOSJ8_IA_/install/path_manager_interfaces:/home/rhobtor/PHD/ARGOJ8_IA/ARGOSJ8_IA_/install/octomap_rviz_plugins:/home/rhobtor/PHD/ARGOJ8_IA/ARGOSJ8_IA_/install/joy_linux:/home/rhobtor/PHD/ARGOJ8_IA/ARGOSJ8_IA_/install/j8_xacro_model:/home/rhobtor/PHD/ARGOJ8_IA/ARGOSJ8_IA_/install/hector_gazebo_plugins:/home/rhobtor/PHD/ARGOJ8_IA/ARGOSJ8_IA_/install/fixposition_sensor_pkg:/home/rhobtor/PHD/ARGOJ8_IA/ARGOSJ8_IA_/install/fixposition_odometry_converter_ros2:/home/rhobtor/PHD/ARGOJ8_IA/ARGOSJ8_IA_/install/fixposition_driver_ros2:/home/rhobtor/PHD/ARGOJ8_IA/ARGOSJ8_IA_/install/fixposition_driver_lib:/home/rhobtor/PHD/ARGOJ8_IA/ARGOSJ8_IA_/install/fixposition_gnss_tf:/home/rhobtor/PHD/ARGOJ8_IA/ARGOSJ8_IA_/install/ctl_mission_interfaces:/home/rhobtor/PHD/ARGOJ8_IA/ARGOSJ8_IA_/install/car_cpp:/home/rhobtor/PHD/ARGOJ8_IA/ARGOSJ8_IA_/install/car_interfaces:/home/rhobtor/PHD/ARGOJ8_IA/ARGOSJ8_IA_/install/argj801_setup:/home/rhobtor/PHD/ARGOJ8_IA/ARGOSJ8_IA_/install/argj801_sensors:/home/rhobtor/PHD/ARGOJ8_IA/ARGOSJ8_IA_/install/argj801_sensors_msgs:/home/rhobtor/PHD/ARGOJ8_IA/ARGOSJ8_IA_/install/argj801_ctl_platform:/home/rhobtor/PHD/ARGOJ8_IA/ARGOSJ8_IA_/install/argj801_ctl_platform_interfaces:/home/rhobtor/zed/install/zed_ros2:/home/rhobtor/zed/install/zed_wrapper:/home/rhobtor/zed/install/zed_components:/home/rhobtor/zed/install/zed_interfaces:/home/rhobtor/PHD/reactive/Reactive-Navegation/workspace_full_conected/install/octomap_mapping:/home/rhobtor/PHD/reactive/Reactive-Navegation/workspace_full_conected/install/octomap_server:/home/rhobtor/PHD/reactive/Reactive-Navegation/workspace_full_conected/install/octomap_rviz_plugins:/home/rhobtor/PHD/reactive/Reactive-Navegation/workspace_full_conected/install/hector_gazebo_plugins:/home/rhobtor/PHD/reactive/Reactive-Navegation/workspace_full_conected/install/car_cpp:/home/rhobtor/PHD/reactive/Reactive-Navegation/workspace_full_conected/install/car_interfaces:/home/rhobtor/PHD/ARGOJ8_IA/ARGOSJ8_IA_/install/ntrip_client:/home/rhobtor/PHD/ARGOJ8_IA/ARGOSJ8_IA_/install/car:/home/rhobtor/PHD/ARGOJ8_IA/ARGOSJ8_IA_/install/android_ros2_server:/home/rhobtor/PHD/reactive/Reactive-Navegation/workspace_full_conected/install/car:/opt/ros/humble LD_LIBRARY_PATH=/home/rhobtor/PHD/ARGOJ8_IA/ARGOSJ8_IA_/install/slg_msgs/lib:/home/rhobtor/PHD/ARGOJ8_IA/ARGOSJ8_IA_/install/wiimote_msgs/lib:/home/rhobtor/PHD/ARGOJ8_IA/ARGOSJ8_IA_/install/ublox_gps/lib:/home/rhobtor/PHD/ARGOJ8_IA/ARGOSJ8_IA_/install/ublox_msgs/lib:/home/rhobtor/PHD/ARGOJ8_IA/ARGOSJ8_IA_/install/spacenav/lib:/home/rhobtor/PHD/ARGOJ8_IA/ARGOSJ8_IA_/install/laser_segmentation/lib:/home/rhobtor/PHD/ARGOJ8_IA/ARGOSJ8_IA_/install/security_check_interfaces/lib:/home/rhobtor/PHD/ARGOJ8_IA/ARGOSJ8_IA_/install/joy/lib:/home/rhobtor/PHD/ARGOJ8_IA/ARGOSJ8_IA_/install/path_manager_interfaces/lib:/home/rhobtor/PHD/ARGOJ8_IA/ARGOSJ8_IA_/install/octomap_rviz_plugins/lib:/home/rhobtor/PHD/ARGOJ8_IA/ARGOSJ8_IA_/install/j8_xacro_model/lib:/home/rhobtor/PHD/ARGOJ8_IA/ARGOSJ8_IA_/install/hector_gazebo_plugins/lib:/home/rhobtor/PHD/ARGOJ8_IA/ARGOSJ8_IA_/install/fixposition_sensor_pkg/lib:/home/rhobtor/PHD/ARGOJ8_IA/ARGOSJ8_IA_/install/fixposition_odometry_converter_ros2/lib:/home/rhobtor/PHD/ARGOJ8_IA/ARGOSJ8_IA_/install/fixposition_driver_ros2/lib:/home/rhobtor/PHD/ARGOJ8_IA/ARGOSJ8_IA_/install/fixposition_driver_lib/lib:/home/rhobtor/PHD/ARGOJ8_IA/ARGOSJ8_IA_/install/fixposition_gnss_tf/lib:/home/rhobtor/PHD/ARGOJ8_IA/ARGOSJ8_IA_/install/ctl_mission_interfaces/lib:/home/rhobtor/PHD/ARGOJ8_IA/ARGOSJ8_IA_/install/car_cpp/lib:/home/rhobtor/PHD/ARGOJ8_IA/ARGOSJ8_IA_/install/car_interfaces/lib:/home/rhobtor/PHD/ARGOJ8_IA/ARGOSJ8_IA_/install/argj801_sensors_msgs/lib:/home/rhobtor/PHD/ARGOJ8_IA/ARGOSJ8_IA_/install/argj801_ctl_platform_interfaces/lib:/usr/local/cuda/lib64:/usr/local/cuda/lib64:/usr/local/cuda-12.1/lib64:/usr/local/cuda-11.8/lib64:/home/rhobtor/zed/install/zed_components/lib:/home/rhobtor/zed/install/zed_interfaces/lib:/home/rhobtor/PHD/reactive/Reactive-Navegation/workspace_full_conected/install/octomap_server/lib:/home/rhobtor/PHD/reactive/Reactive-Navegation/workspace_full_conected/install/octomap_rviz_plugins/lib:/home/rhobtor/PHD/reactive/Reactive-Navegation/workspace_full_conected/install/hector_gazebo_plugins/lib:/home/rhobtor/PHD/reactive/Reactive-Navegation/workspace_full_conected/install/car_cpp/lib:/home/rhobtor/PHD/reactive/Reactive-Navegation/workspace_full_conected/install/car_interfaces/lib:/usr/lib/x86_64-linux-gnu/gazebo-11/plugins:/opt/ros/humble/opt/rviz_ogre_vendor/lib:/opt/ros/humble/lib/x86_64-linux-gnu:/opt/ros/humble/lib /opt/st/stm32cubeclt_1.18.0/CMake/bin/cmake --install /home/rhobtor/PHD/ARGOJ8_IA/ARGOSJ8_IA_/build/laser_segmentation
[4.296s] Level 1:colcon.colcon_core.environment:checking '/home/rhobtor/PHD/ARGOJ8_IA/ARGOSJ8_IA_/install/wiimote_msgs/lib/pkgconfig/wiimote_msgs.pc'
[4.297s] Level 1:colcon.colcon_core.environment:checking '/home/rhobtor/PHD/ARGOJ8_IA/ARGOSJ8_IA_/install/wiimote_msgs/lib/python3.10/site-packages'
[4.299s] Level 1:colcon.colcon_core.environment:checking '/home/rhobtor/PHD/ARGOJ8_IA/ARGOSJ8_IA_/install/wiimote_msgs/bin'
[4.300s] INFO:colcon.colcon_core.shell:Creating package script '/home/rhobtor/PHD/ARGOJ8_IA/ARGOSJ8_IA_/install/wiimote_msgs/share/wiimote_msgs/package.ps1'
[4.301s] DEBUG:colcon.colcon_core.event_handler.log_command:Invoked command in '/home/rhobtor/PHD/ARGOJ8_IA/ARGOSJ8_IA_/build/wiimote_msgs' returned '0': CMAKE_PREFIX_PATH=${CMAKE_PREFIX_PATH}:/home/rhobtor/PHD/ARGOJ8_IA/ARGOSJ8_IA_/install/ntrip_client:/home/rhobtor/PHD/ARGOJ8_IA/ARGOSJ8_IA_/install/car:/home/rhobtor/PHD/ARGOJ8_IA/ARGOSJ8_IA_/install/android_ros2_server:/home/rhobtor/PHD/reactive/Reactive-Navegation/workspace_full_conected/install/car:/opt/ros/humble /opt/st/stm32cubeclt_1.18.0/CMake/bin/cmake --install /home/rhobtor/PHD/ARGOJ8_IA/ARGOSJ8_IA_/build/wiimote_msgs
[4.301s] INFO:colcon.colcon_core.shell:Creating package descriptor '/home/rhobtor/PHD/ARGOJ8_IA/ARGOSJ8_IA_/install/wiimote_msgs/share/wiimote_msgs/package.dsv'
[4.302s] INFO:colcon.colcon_core.shell:Creating package script '/home/rhobtor/PHD/ARGOJ8_IA/ARGOSJ8_IA_/install/wiimote_msgs/share/wiimote_msgs/package.sh'
[4.303s] INFO:colcon.colcon_core.shell:Creating package script '/home/rhobtor/PHD/ARGOJ8_IA/ARGOSJ8_IA_/install/wiimote_msgs/share/wiimote_msgs/package.bash'
[4.303s] INFO:colcon.colcon_core.shell:Creating package script '/home/rhobtor/PHD/ARGOJ8_IA/ARGOSJ8_IA_/install/wiimote_msgs/share/wiimote_msgs/package.zsh'
[4.304s] Level 1:colcon.colcon_core.environment:create_file_with_runtime_dependencies(/home/rhobtor/PHD/ARGOJ8_IA/ARGOSJ8_IA_/install/wiimote_msgs/share/colcon-core/packages/wiimote_msgs)
[4.304s] Level 1:colcon.colcon_core.environment:create_environment_scripts_only(wiimote_msgs)
[4.305s] Level 1:colcon.colcon_core.environment:checking '/home/rhobtor/PHD/ARGOJ8_IA/ARGOSJ8_IA_/install/wiimote_msgs' for CMake module files
[4.306s] Level 1:colcon.colcon_core.environment:checking '/home/rhobtor/PHD/ARGOJ8_IA/ARGOSJ8_IA_/install/wiimote_msgs' for CMake config files
[4.306s] Level 1:colcon.colcon_core.shell:create_environment_hook('wiimote_msgs', 'cmake_prefix_path')
[4.306s] INFO:colcon.colcon_core.shell:Creating environment hook '/home/rhobtor/PHD/ARGOJ8_IA/ARGOSJ8_IA_/install/wiimote_msgs/share/wiimote_msgs/hook/cmake_prefix_path.ps1'
[4.307s] INFO:colcon.colcon_core.shell:Creating environment descriptor '/home/rhobtor/PHD/ARGOJ8_IA/ARGOSJ8_IA_/install/wiimote_msgs/share/wiimote_msgs/hook/cmake_prefix_path.dsv'
[4.307s] INFO:colcon.colcon_core.shell:Creating environment hook '/home/rhobtor/PHD/ARGOJ8_IA/ARGOSJ8_IA_/install/wiimote_msgs/share/wiimote_msgs/hook/cmake_prefix_path.sh'
[4.308s] Level 1:colcon.colcon_core.environment:checking '/home/rhobtor/PHD/ARGOJ8_IA/ARGOSJ8_IA_/install/wiimote_msgs/lib'
[4.308s] Level 1:colcon.colcon_core.shell:create_environment_hook('wiimote_msgs', 'ld_library_path_lib')
[4.308s] INFO:colcon.colcon_core.shell:Creating environment hook '/home/rhobtor/PHD/ARGOJ8_IA/ARGOSJ8_IA_/install/wiimote_msgs/share/wiimote_msgs/hook/ld_library_path_lib.ps1'
[4.309s] INFO:colcon.colcon_core.shell:Creating environment descriptor '/home/rhobtor/PHD/ARGOJ8_IA/ARGOSJ8_IA_/install/wiimote_msgs/share/wiimote_msgs/hook/ld_library_path_lib.dsv'
[4.309s] INFO:colcon.colcon_core.shell:Creating environment hook '/home/rhobtor/PHD/ARGOJ8_IA/ARGOSJ8_IA_/install/wiimote_msgs/share/wiimote_msgs/hook/ld_library_path_lib.sh'
[4.310s] Level 1:colcon.colcon_core.environment:checking '/home/rhobtor/PHD/ARGOJ8_IA/ARGOSJ8_IA_/install/wiimote_msgs/bin'
[4.310s] Level 1:colcon.colcon_core.environment:checking '/home/rhobtor/PHD/ARGOJ8_IA/ARGOSJ8_IA_/install/wiimote_msgs/lib/pkgconfig/wiimote_msgs.pc'
[4.310s] Level 1:colcon.colcon_core.environment:checking '/home/rhobtor/PHD/ARGOJ8_IA/ARGOSJ8_IA_/install/wiimote_msgs/lib/python3.10/site-packages'
[4.310s] Level 1:colcon.colcon_core.environment:checking '/home/rhobtor/PHD/ARGOJ8_IA/ARGOSJ8_IA_/install/wiimote_msgs/bin'
[4.311s] INFO:colcon.colcon_core.shell:Creating package script '/home/rhobtor/PHD/ARGOJ8_IA/ARGOSJ8_IA_/install/wiimote_msgs/share/wiimote_msgs/package.ps1'
[4.312s] INFO:colcon.colcon_core.shell:Creating package descriptor '/home/rhobtor/PHD/ARGOJ8_IA/ARGOSJ8_IA_/install/wiimote_msgs/share/wiimote_msgs/package.dsv'
[4.312s] INFO:colcon.colcon_core.shell:Creating package script '/home/rhobtor/PHD/ARGOJ8_IA/ARGOSJ8_IA_/install/wiimote_msgs/share/wiimote_msgs/package.sh'
[4.313s] INFO:colcon.colcon_core.shell:Creating package script '/home/rhobtor/PHD/ARGOJ8_IA/ARGOSJ8_IA_/install/wiimote_msgs/share/wiimote_msgs/package.bash'
[4.313s] INFO:colcon.colcon_core.shell:Creating package script '/home/rhobtor/PHD/ARGOJ8_IA/ARGOSJ8_IA_/install/wiimote_msgs/share/wiimote_msgs/package.zsh'
[4.314s] Level 1:colcon.colcon_core.environment:create_file_with_runtime_dependencies(/home/rhobtor/PHD/ARGOJ8_IA/ARGOSJ8_IA_/install/wiimote_msgs/share/colcon-core/packages/wiimote_msgs)
[4.316s] DEBUG:colcon.colcon_core.event_handler.log_command:Invoked command in '/home/rhobtor/PHD/ARGOJ8_IA/ARGOSJ8_IA_/build/j8_xacro_model' returned '0': CMAKE_PREFIX_PATH=/home/rhobtor/PHD/ARGOJ8_IA/ARGOSJ8_IA_/install/argj801_ctl_platform:/home/rhobtor/PHD/ARGOJ8_IA/ARGOSJ8_IA_/install/argj801_ctl_platform_interfaces:/home/rhobtor/PHD/ARGOJ8_IA/ARGOSJ8_IA_/install/wiimote_msgs:/home/rhobtor/PHD/ARGOJ8_IA/ARGOSJ8_IA_/install/ublox:/home/rhobtor/PHD/ARGOJ8_IA/ARGOSJ8_IA_/install/ublox_gps:/home/rhobtor/PHD/ARGOJ8_IA/ARGOSJ8_IA_/install/security_check:/home/rhobtor/PHD/ARGOJ8_IA/ARGOSJ8_IA_/install/ctl_mission:/home/rhobtor/PHD/ARGOJ8_IA/ARGOSJ8_IA_/install/ublox_msgs:/home/rhobtor/PHD/ARGOJ8_IA/ARGOSJ8_IA_/install/ublox_serialization:/home/rhobtor/PHD/ARGOJ8_IA/ARGOSJ8_IA_/install/spacenav:/home/rhobtor/PHD/ARGOJ8_IA/ARGOSJ8_IA_/install/laser_segmentation:/home/rhobtor/PHD/ARGOJ8_IA/ARGOSJ8_IA_/install/slg_msgs:/home/rhobtor/PHD/ARGOJ8_IA/ARGOSJ8_IA_/install/security_check_interfaces:/home/rhobtor/PHD/ARGOJ8_IA/ARGOSJ8_IA_/install/joy:/home/rhobtor/PHD/ARGOJ8_IA/ARGOSJ8_IA_/install/sdl2_vendor:/home/rhobtor/PHD/ARGOJ8_IA/ARGOSJ8_IA_/install/path_manager:/home/rhobtor/PHD/ARGOJ8_IA/ARGOSJ8_IA_/install/path_manager_interfaces:/home/rhobtor/PHD/ARGOJ8_IA/ARGOSJ8_IA_/install/octomap_rviz_plugins:/home/rhobtor/PHD/ARGOJ8_IA/ARGOSJ8_IA_/install/joy_linux:/home/rhobtor/PHD/ARGOJ8_IA/ARGOSJ8_IA_/install/j8_xacro_model:/home/rhobtor/PHD/ARGOJ8_IA/ARGOSJ8_IA_/install/hector_gazebo_plugins:/home/rhobtor/PHD/ARGOJ8_IA/ARGOSJ8_IA_/install/fixposition_sensor_pkg:/home/rhobtor/PHD/ARGOJ8_IA/ARGOSJ8_IA_/install/fixposition_odometry_converter_ros2:/home/rhobtor/PHD/ARGOJ8_IA/ARGOSJ8_IA_/install/fixposition_driver_ros2:/home/rhobtor/PHD/ARGOJ8_IA/ARGOSJ8_IA_/install/fixposition_driver_lib:/home/rhobtor/PHD/ARGOJ8_IA/ARGOSJ8_IA_/install/fixposition_gnss_tf:/home/rhobtor/PHD/ARGOJ8_IA/ARGOSJ8_IA_/install/ctl_mission_interfaces:/home/rhobtor/PHD/ARGOJ8_IA/ARGOSJ8_IA_/install/car_cpp:/home/rhobtor/PHD/ARGOJ8_IA/ARGOSJ8_IA_/install/car_interfaces:/home/rhobtor/PHD/ARGOJ8_IA/ARGOSJ8_IA_/install/argj801_setup:/home/rhobtor/PHD/ARGOJ8_IA/ARGOSJ8_IA_/install/argj801_sensors:/home/rhobtor/PHD/ARGOJ8_IA/ARGOSJ8_IA_/install/argj801_sensors_msgs:/home/rhobtor/zed/install/zed_ros2:/home/rhobtor/zed/install/zed_wrapper:/home/rhobtor/zed/install/zed_components:/home/rhobtor/zed/install/zed_interfaces:/home/rhobtor/PHD/reactive/Reactive-Navegation/workspace_full_conected/install/octomap_mapping:/home/rhobtor/PHD/reactive/Reactive-Navegation/workspace_full_conected/install/octomap_server:/home/rhobtor/PHD/reactive/Reactive-Navegation/workspace_full_conected/install/octomap_rviz_plugins:/home/rhobtor/PHD/reactive/Reactive-Navegation/workspace_full_conected/install/hector_gazebo_plugins:/home/rhobtor/PHD/reactive/Reactive-Navegation/workspace_full_conected/install/car_cpp:/home/rhobtor/PHD/reactive/Reactive-Navegation/workspace_full_conected/install/car_interfaces:/home/rhobtor/PHD/ARGOJ8_IA/ARGOSJ8_IA_/install/ntrip_client:/home/rhobtor/PHD/ARGOJ8_IA/ARGOSJ8_IA_/install/car:/home/rhobtor/PHD/ARGOJ8_IA/ARGOSJ8_IA_/install/android_ros2_server:/home/rhobtor/PHD/reactive/Reactive-Navegation/workspace_full_conected/install/car:/opt/ros/humble LD_LIBRARY_PATH=/home/rhobtor/PHD/ARGOJ8_IA/ARGOSJ8_IA_/install/argj801_ctl_platform_interfaces/lib:/home/rhobtor/PHD/ARGOJ8_IA/ARGOSJ8_IA_/install/wiimote_msgs/lib:/home/rhobtor/PHD/ARGOJ8_IA/ARGOSJ8_IA_/install/ublox_gps/lib:/home/rhobtor/PHD/ARGOJ8_IA/ARGOSJ8_IA_/install/ublox_msgs/lib:/home/rhobtor/PHD/ARGOJ8_IA/ARGOSJ8_IA_/install/spacenav/lib:/home/rhobtor/PHD/ARGOJ8_IA/ARGOSJ8_IA_/install/laser_segmentation/lib:/home/rhobtor/PHD/ARGOJ8_IA/ARGOSJ8_IA_/install/slg_msgs/lib:/home/rhobtor/PHD/ARGOJ8_IA/ARGOSJ8_IA_/install/security_check_interfaces/lib:/home/rhobtor/PHD/ARGOJ8_IA/ARGOSJ8_IA_/install/joy/lib:/home/rhobtor/PHD/ARGOJ8_IA/ARGOSJ8_IA_/install/path_manager_interfaces/lib:/home/rhobtor/PHD/ARGOJ8_IA/ARGOSJ8_IA_/install/octomap_rviz_plugins/lib:/home/rhobtor/PHD/ARGOJ8_IA/ARGOSJ8_IA_/install/j8_xacro_model/lib:/home/rhobtor/PHD/ARGOJ8_IA/ARGOSJ8_IA_/install/hector_gazebo_plugins/lib:/home/rhobtor/PHD/ARGOJ8_IA/ARGOSJ8_IA_/install/fixposition_sensor_pkg/lib:/home/rhobtor/PHD/ARGOJ8_IA/ARGOSJ8_IA_/install/fixposition_odometry_converter_ros2/lib:/home/rhobtor/PHD/ARGOJ8_IA/ARGOSJ8_IA_/install/fixposition_driver_ros2/lib:/home/rhobtor/PHD/ARGOJ8_IA/ARGOSJ8_IA_/install/fixposition_driver_lib/lib:/home/rhobtor/PHD/ARGOJ8_IA/ARGOSJ8_IA_/install/fixposition_gnss_tf/lib:/home/rhobtor/PHD/ARGOJ8_IA/ARGOSJ8_IA_/install/ctl_mission_interfaces/lib:/home/rhobtor/PHD/ARGOJ8_IA/ARGOSJ8_IA_/install/car_cpp/lib:/home/rhobtor/PHD/ARGOJ8_IA/ARGOSJ8_IA_/install/car_interfaces/lib:/home/rhobtor/PHD/ARGOJ8_IA/ARGOSJ8_IA_/install/argj801_sensors_msgs/lib:/usr/local/cuda/lib64:/usr/local/cuda/lib64:/usr/local/cuda-12.1/lib64:/usr/local/cuda-11.8/lib64:/home/rhobtor/zed/install/zed_components/lib:/home/rhobtor/zed/install/zed_interfaces/lib:/home/rhobtor/PHD/reactive/Reactive-Navegation/workspace_full_conected/install/octomap_server/lib:/home/rhobtor/PHD/reactive/Reactive-Navegation/workspace_full_conected/install/octomap_rviz_plugins/lib:/home/rhobtor/PHD/reactive/Reactive-Navegation/workspace_full_conected/install/hector_gazebo_plugins/lib:/home/rhobtor/PHD/reactive/Reactive-Navegation/workspace_full_conected/install/car_cpp/lib:/home/rhobtor/PHD/reactive/Reactive-Navegation/workspace_full_conected/install/car_interfaces/lib:/usr/lib/x86_64-linux-gnu/gazebo-11/plugins:/opt/ros/humble/opt/rviz_ogre_vendor/lib:/opt/ros/humble/lib/x86_64-linux-gnu:/opt/ros/humble/lib /opt/st/stm32cubeclt_1.18.0/CMake/bin/cmake --build /home/rhobtor/PHD/ARGOJ8_IA/ARGOSJ8_IA_/build/j8_xacro_model -- -j16 -l16
[4.318s] DEBUG:colcon.colcon_core.event_handler.log_command:Invoking command in '/home/rhobtor/PHD/ARGOJ8_IA/ARGOSJ8_IA_/build/j8_xacro_model': CMAKE_PREFIX_PATH=/home/rhobtor/PHD/ARGOJ8_IA/ARGOSJ8_IA_/install/argj801_ctl_platform:/home/rhobtor/PHD/ARGOJ8_IA/ARGOSJ8_IA_/install/argj801_ctl_platform_interfaces:/home/rhobtor/PHD/ARGOJ8_IA/ARGOSJ8_IA_/install/wiimote_msgs:/home/rhobtor/PHD/ARGOJ8_IA/ARGOSJ8_IA_/install/ublox:/home/rhobtor/PHD/ARGOJ8_IA/ARGOSJ8_IA_/install/ublox_gps:/home/rhobtor/PHD/ARGOJ8_IA/ARGOSJ8_IA_/install/security_check:/home/rhobtor/PHD/ARGOJ8_IA/ARGOSJ8_IA_/install/ctl_mission:/home/rhobtor/PHD/ARGOJ8_IA/ARGOSJ8_IA_/install/ublox_msgs:/home/rhobtor/PHD/ARGOJ8_IA/ARGOSJ8_IA_/install/ublox_serialization:/home/rhobtor/PHD/ARGOJ8_IA/ARGOSJ8_IA_/install/spacenav:/home/rhobtor/PHD/ARGOJ8_IA/ARGOSJ8_IA_/install/laser_segmentation:/home/rhobtor/PHD/ARGOJ8_IA/ARGOSJ8_IA_/install/slg_msgs:/home/rhobtor/PHD/ARGOJ8_IA/ARGOSJ8_IA_/install/security_check_interfaces:/home/rhobtor/PHD/ARGOJ8_IA/ARGOSJ8_IA_/install/joy:/home/rhobtor/PHD/ARGOJ8_IA/ARGOSJ8_IA_/install/sdl2_vendor:/home/rhobtor/PHD/ARGOJ8_IA/ARGOSJ8_IA_/install/path_manager:/home/rhobtor/PHD/ARGOJ8_IA/ARGOSJ8_IA_/install/path_manager_interfaces:/home/rhobtor/PHD/ARGOJ8_IA/ARGOSJ8_IA_/install/octomap_rviz_plugins:/home/rhobtor/PHD/ARGOJ8_IA/ARGOSJ8_IA_/install/joy_linux:/home/rhobtor/PHD/ARGOJ8_IA/ARGOSJ8_IA_/install/j8_xacro_model:/home/rhobtor/PHD/ARGOJ8_IA/ARGOSJ8_IA_/install/hector_gazebo_plugins:/home/rhobtor/PHD/ARGOJ8_IA/ARGOSJ8_IA_/install/fixposition_sensor_pkg:/home/rhobtor/PHD/ARGOJ8_IA/ARGOSJ8_IA_/install/fixposition_odometry_converter_ros2:/home/rhobtor/PHD/ARGOJ8_IA/ARGOSJ8_IA_/install/fixposition_driver_ros2:/home/rhobtor/PHD/ARGOJ8_IA/ARGOSJ8_IA_/install/fixposition_driver_lib:/home/rhobtor/PHD/ARGOJ8_IA/ARGOSJ8_IA_/install/fixposition_gnss_tf:/home/rhobtor/PHD/ARGOJ8_IA/ARGOSJ8_IA_/install/ctl_mission_interfaces:/home/rhobtor/PHD/ARGOJ8_IA/ARGOSJ8_IA_/install/car_cpp:/home/rhobtor/PHD/ARGOJ8_IA/ARGOSJ8_IA_/install/car_interfaces:/home/rhobtor/PHD/ARGOJ8_IA/ARGOSJ8_IA_/install/argj801_setup:/home/rhobtor/PHD/ARGOJ8_IA/ARGOSJ8_IA_/install/argj801_sensors:/home/rhobtor/PHD/ARGOJ8_IA/ARGOSJ8_IA_/install/argj801_sensors_msgs:/home/rhobtor/zed/install/zed_ros2:/home/rhobtor/zed/install/zed_wrapper:/home/rhobtor/zed/install/zed_components:/home/rhobtor/zed/install/zed_interfaces:/home/rhobtor/PHD/reactive/Reactive-Navegation/workspace_full_conected/install/octomap_mapping:/home/rhobtor/PHD/reactive/Reactive-Navegation/workspace_full_conected/install/octomap_server:/home/rhobtor/PHD/reactive/Reactive-Navegation/workspace_full_conected/install/octomap_rviz_plugins:/home/rhobtor/PHD/reactive/Reactive-Navegation/workspace_full_conected/install/hector_gazebo_plugins:/home/rhobtor/PHD/reactive/Reactive-Navegation/workspace_full_conected/install/car_cpp:/home/rhobtor/PHD/reactive/Reactive-Navegation/workspace_full_conected/install/car_interfaces:/home/rhobtor/PHD/ARGOJ8_IA/ARGOSJ8_IA_/install/ntrip_client:/home/rhobtor/PHD/ARGOJ8_IA/ARGOSJ8_IA_/install/car:/home/rhobtor/PHD/ARGOJ8_IA/ARGOSJ8_IA_/install/android_ros2_server:/home/rhobtor/PHD/reactive/Reactive-Navegation/workspace_full_conected/install/car:/opt/ros/humble LD_LIBRARY_PATH=/home/rhobtor/PHD/ARGOJ8_IA/ARGOSJ8_IA_/install/argj801_ctl_platform_interfaces/lib:/home/rhobtor/PHD/ARGOJ8_IA/ARGOSJ8_IA_/install/wiimote_msgs/lib:/home/rhobtor/PHD/ARGOJ8_IA/ARGOSJ8_IA_/install/ublox_gps/lib:/home/rhobtor/PHD/ARGOJ8_IA/ARGOSJ8_IA_/install/ublox_msgs/lib:/home/rhobtor/PHD/ARGOJ8_IA/ARGOSJ8_IA_/install/spacenav/lib:/home/rhobtor/PHD/ARGOJ8_IA/ARGOSJ8_IA_/install/laser_segmentation/lib:/home/rhobtor/PHD/ARGOJ8_IA/ARGOSJ8_IA_/install/slg_msgs/lib:/home/rhobtor/PHD/ARGOJ8_IA/ARGOSJ8_IA_/install/security_check_interfaces/lib:/home/rhobtor/PHD/ARGOJ8_IA/ARGOSJ8_IA_/install/joy/lib:/home/rhobtor/PHD/ARGOJ8_IA/ARGOSJ8_IA_/install/path_manager_interfaces/lib:/home/rhobtor/PHD/ARGOJ8_IA/ARGOSJ8_IA_/install/octomap_rviz_plugins/lib:/home/rhobtor/PHD/ARGOJ8_IA/ARGOSJ8_IA_/install/j8_xacro_model/lib:/home/rhobtor/PHD/ARGOJ8_IA/ARGOSJ8_IA_/install/hector_gazebo_plugins/lib:/home/rhobtor/PHD/ARGOJ8_IA/ARGOSJ8_IA_/install/fixposition_sensor_pkg/lib:/home/rhobtor/PHD/ARGOJ8_IA/ARGOSJ8_IA_/install/fixposition_odometry_converter_ros2/lib:/home/rhobtor/PHD/ARGOJ8_IA/ARGOSJ8_IA_/install/fixposition_driver_ros2/lib:/home/rhobtor/PHD/ARGOJ8_IA/ARGOSJ8_IA_/install/fixposition_driver_lib/lib:/home/rhobtor/PHD/ARGOJ8_IA/ARGOSJ8_IA_/install/fixposition_gnss_tf/lib:/home/rhobtor/PHD/ARGOJ8_IA/ARGOSJ8_IA_/install/ctl_mission_interfaces/lib:/home/rhobtor/PHD/ARGOJ8_IA/ARGOSJ8_IA_/install/car_cpp/lib:/home/rhobtor/PHD/ARGOJ8_IA/ARGOSJ8_IA_/install/car_interfaces/lib:/home/rhobtor/PHD/ARGOJ8_IA/ARGOSJ8_IA_/install/argj801_sensors_msgs/lib:/usr/local/cuda/lib64:/usr/local/cuda/lib64:/usr/local/cuda-12.1/lib64:/usr/local/cuda-11.8/lib64:/home/rhobtor/zed/install/zed_components/lib:/home/rhobtor/zed/install/zed_interfaces/lib:/home/rhobtor/PHD/reactive/Reactive-Navegation/workspace_full_conected/install/octomap_server/lib:/home/rhobtor/PHD/reactive/Reactive-Navegation/workspace_full_conected/install/octomap_rviz_plugins/lib:/home/rhobtor/PHD/reactive/Reactive-Navegation/workspace_full_conected/install/hector_gazebo_plugins/lib:/home/rhobtor/PHD/reactive/Reactive-Navegation/workspace_full_conected/install/car_cpp/lib:/home/rhobtor/PHD/reactive/Reactive-Navegation/workspace_full_conected/install/car_interfaces/lib:/usr/lib/x86_64-linux-gnu/gazebo-11/plugins:/opt/ros/humble/opt/rviz_ogre_vendor/lib:/opt/ros/humble/lib/x86_64-linux-gnu:/opt/ros/humble/lib /opt/st/stm32cubeclt_1.18.0/CMake/bin/cmake --install /home/rhobtor/PHD/ARGOJ8_IA/ARGOSJ8_IA_/build/j8_xacro_model
[4.318s] Level 1:colcon.colcon_core.environment:checking '/home/rhobtor/PHD/ARGOJ8_IA/ARGOSJ8_IA_/install/android_ros2_server' for CMake module files
[4.319s] DEBUG:colcon.colcon_core.event_handler.log_command:Invoked command in '/home/rhobtor/PHD/ARGOJ8_IA/ARGOSJ8_IA_/src/android_ros2_server' returned '0': PYTHONPATH=/home/rhobtor/PHD/ARGOJ8_IA/ARGOSJ8_IA_/build/android_ros2_server/prefix_override:/usr/lib/python3/dist-packages/colcon_core/task/python/colcon_distutils_commands:/home/rhobtor/PHD/ARGOJ8_IA/ARGOSJ8_IA_/install/android_ros2_server/lib/python3.10/site-packages:${PYTHONPATH} /usr/bin/python3 -W ignore:setup.py install is deprecated -W ignore:easy_install command is deprecated setup.py egg_info --egg-base ../../build/android_ros2_server build --build-base /home/rhobtor/PHD/ARGOJ8_IA/ARGOSJ8_IA_/build/android_ros2_server/build install --record /home/rhobtor/PHD/ARGOJ8_IA/ARGOSJ8_IA_/build/android_ros2_server/install.log --single-version-externally-managed install_data
[4.320s] Level 1:colcon.colcon_core.environment:checking '/home/rhobtor/PHD/ARGOJ8_IA/ARGOSJ8_IA_/install/android_ros2_server' for CMake config files
[4.320s] Level 1:colcon.colcon_core.environment:checking '/home/rhobtor/PHD/ARGOJ8_IA/ARGOSJ8_IA_/install/android_ros2_server/lib'
[4.320s] Level 1:colcon.colcon_core.environment:checking '/home/rhobtor/PHD/ARGOJ8_IA/ARGOSJ8_IA_/install/android_ros2_server/bin'
[4.321s] Level 1:colcon.colcon_core.environment:checking '/home/rhobtor/PHD/ARGOJ8_IA/ARGOSJ8_IA_/install/android_ros2_server/lib/pkgconfig/android_ros2_server.pc'
[4.321s] Level 1:colcon.colcon_core.environment:checking '/home/rhobtor/PHD/ARGOJ8_IA/ARGOSJ8_IA_/install/android_ros2_server/lib/python3.10/site-packages'
[4.321s] Level 1:colcon.colcon_core.shell:create_environment_hook('android_ros2_server', 'pythonpath')
[4.321s] INFO:colcon.colcon_core.shell:Creating environment hook '/home/rhobtor/PHD/ARGOJ8_IA/ARGOSJ8_IA_/install/android_ros2_server/share/android_ros2_server/hook/pythonpath.ps1'
[4.322s] INFO:colcon.colcon_core.shell:Creating environment descriptor '/home/rhobtor/PHD/ARGOJ8_IA/ARGOSJ8_IA_/install/android_ros2_server/share/android_ros2_server/hook/pythonpath.dsv'
[4.322s] INFO:colcon.colcon_core.shell:Creating environment hook '/home/rhobtor/PHD/ARGOJ8_IA/ARGOSJ8_IA_/install/android_ros2_server/share/android_ros2_server/hook/pythonpath.sh'
[4.323s] Level 1:colcon.colcon_core.environment:checking '/home/rhobtor/PHD/ARGOJ8_IA/ARGOSJ8_IA_/install/android_ros2_server/bin'
[4.323s] Level 1:colcon.colcon_core.environment:create_environment_scripts_only(android_ros2_server)
[4.324s] INFO:colcon.colcon_core.shell:Creating package script '/home/rhobtor/PHD/ARGOJ8_IA/ARGOSJ8_IA_/install/android_ros2_server/share/android_ros2_server/package.ps1'
[4.325s] INFO:colcon.colcon_core.shell:Creating package descriptor '/home/rhobtor/PHD/ARGOJ8_IA/ARGOSJ8_IA_/install/android_ros2_server/share/android_ros2_server/package.dsv'
[4.325s] INFO:colcon.colcon_core.shell:Creating package script '/home/rhobtor/PHD/ARGOJ8_IA/ARGOSJ8_IA_/install/android_ros2_server/share/android_ros2_server/package.sh'
[4.326s] INFO:colcon.colcon_core.shell:Creating package script '/home/rhobtor/PHD/ARGOJ8_IA/ARGOSJ8_IA_/install/android_ros2_server/share/android_ros2_server/package.bash'
[4.326s] INFO:colcon.colcon_core.shell:Creating package script '/home/rhobtor/PHD/ARGOJ8_IA/ARGOSJ8_IA_/install/android_ros2_server/share/android_ros2_server/package.zsh'
[4.327s] Level 1:colcon.colcon_core.environment:create_file_with_runtime_dependencies(/home/rhobtor/PHD/ARGOJ8_IA/ARGOSJ8_IA_/install/android_ros2_server/share/colcon-core/packages/android_ros2_server)
[4.329s] Level 1:colcon.colcon_core.environment:create_environment_scripts_only(j8_xacro_model)
[4.330s] Level 1:colcon.colcon_core.environment:checking '/home/rhobtor/PHD/ARGOJ8_IA/ARGOSJ8_IA_/install/j8_xacro_model' for CMake module files
[4.339s] Level 1:colcon.colcon_core.environment:checking '/home/rhobtor/PHD/ARGOJ8_IA/ARGOSJ8_IA_/install/j8_xacro_model' for CMake config files
[4.339s] DEBUG:colcon.colcon_core.event_handler.log_command:Invoked command in '/home/rhobtor/PHD/ARGOJ8_IA/ARGOSJ8_IA_/build/j8_xacro_model' returned '0': CMAKE_PREFIX_PATH=/home/rhobtor/PHD/ARGOJ8_IA/ARGOSJ8_IA_/install/argj801_ctl_platform:/home/rhobtor/PHD/ARGOJ8_IA/ARGOSJ8_IA_/install/argj801_ctl_platform_interfaces:/home/rhobtor/PHD/ARGOJ8_IA/ARGOSJ8_IA_/install/wiimote_msgs:/home/rhobtor/PHD/ARGOJ8_IA/ARGOSJ8_IA_/install/ublox:/home/rhobtor/PHD/ARGOJ8_IA/ARGOSJ8_IA_/install/ublox_gps:/home/rhobtor/PHD/ARGOJ8_IA/ARGOSJ8_IA_/install/security_check:/home/rhobtor/PHD/ARGOJ8_IA/ARGOSJ8_IA_/install/ctl_mission:/home/rhobtor/PHD/ARGOJ8_IA/ARGOSJ8_IA_/install/ublox_msgs:/home/rhobtor/PHD/ARGOJ8_IA/ARGOSJ8_IA_/install/ublox_serialization:/home/rhobtor/PHD/ARGOJ8_IA/ARGOSJ8_IA_/install/spacenav:/home/rhobtor/PHD/ARGOJ8_IA/ARGOSJ8_IA_/install/laser_segmentation:/home/rhobtor/PHD/ARGOJ8_IA/ARGOSJ8_IA_/install/slg_msgs:/home/rhobtor/PHD/ARGOJ8_IA/ARGOSJ8_IA_/install/security_check_interfaces:/home/rhobtor/PHD/ARGOJ8_IA/ARGOSJ8_IA_/install/joy:/home/rhobtor/PHD/ARGOJ8_IA/ARGOSJ8_IA_/install/sdl2_vendor:/home/rhobtor/PHD/ARGOJ8_IA/ARGOSJ8_IA_/install/path_manager:/home/rhobtor/PHD/ARGOJ8_IA/ARGOSJ8_IA_/install/path_manager_interfaces:/home/rhobtor/PHD/ARGOJ8_IA/ARGOSJ8_IA_/install/octomap_rviz_plugins:/home/rhobtor/PHD/ARGOJ8_IA/ARGOSJ8_IA_/install/joy_linux:/home/rhobtor/PHD/ARGOJ8_IA/ARGOSJ8_IA_/install/j8_xacro_model:/home/rhobtor/PHD/ARGOJ8_IA/ARGOSJ8_IA_/install/hector_gazebo_plugins:/home/rhobtor/PHD/ARGOJ8_IA/ARGOSJ8_IA_/install/fixposition_sensor_pkg:/home/rhobtor/PHD/ARGOJ8_IA/ARGOSJ8_IA_/install/fixposition_odometry_converter_ros2:/home/rhobtor/PHD/ARGOJ8_IA/ARGOSJ8_IA_/install/fixposition_driver_ros2:/home/rhobtor/PHD/ARGOJ8_IA/ARGOSJ8_IA_/install/fixposition_driver_lib:/home/rhobtor/PHD/ARGOJ8_IA/ARGOSJ8_IA_/install/fixposition_gnss_tf:/home/rhobtor/PHD/ARGOJ8_IA/ARGOSJ8_IA_/install/ctl_mission_interfaces:/home/rhobtor/PHD/ARGOJ8_IA/ARGOSJ8_IA_/install/car_cpp:/home/rhobtor/PHD/ARGOJ8_IA/ARGOSJ8_IA_/install/car_interfaces:/home/rhobtor/PHD/ARGOJ8_IA/ARGOSJ8_IA_/install/argj801_setup:/home/rhobtor/PHD/ARGOJ8_IA/ARGOSJ8_IA_/install/argj801_sensors:/home/rhobtor/PHD/ARGOJ8_IA/ARGOSJ8_IA_/install/argj801_sensors_msgs:/home/rhobtor/zed/install/zed_ros2:/home/rhobtor/zed/install/zed_wrapper:/home/rhobtor/zed/install/zed_components:/home/rhobtor/zed/install/zed_interfaces:/home/rhobtor/PHD/reactive/Reactive-Navegation/workspace_full_conected/install/octomap_mapping:/home/rhobtor/PHD/reactive/Reactive-Navegation/workspace_full_conected/install/octomap_server:/home/rhobtor/PHD/reactive/Reactive-Navegation/workspace_full_conected/install/octomap_rviz_plugins:/home/rhobtor/PHD/reactive/Reactive-Navegation/workspace_full_conected/install/hector_gazebo_plugins:/home/rhobtor/PHD/reactive/Reactive-Navegation/workspace_full_conected/install/car_cpp:/home/rhobtor/PHD/reactive/Reactive-Navegation/workspace_full_conected/install/car_interfaces:/home/rhobtor/PHD/ARGOJ8_IA/ARGOSJ8_IA_/install/ntrip_client:/home/rhobtor/PHD/ARGOJ8_IA/ARGOSJ8_IA_/install/car:/home/rhobtor/PHD/ARGOJ8_IA/ARGOSJ8_IA_/install/android_ros2_server:/home/rhobtor/PHD/reactive/Reactive-Navegation/workspace_full_conected/install/car:/opt/ros/humble LD_LIBRARY_PATH=/home/rhobtor/PHD/ARGOJ8_IA/ARGOSJ8_IA_/install/argj801_ctl_platform_interfaces/lib:/home/rhobtor/PHD/ARGOJ8_IA/ARGOSJ8_IA_/install/wiimote_msgs/lib:/home/rhobtor/PHD/ARGOJ8_IA/ARGOSJ8_IA_/install/ublox_gps/lib:/home/rhobtor/PHD/ARGOJ8_IA/ARGOSJ8_IA_/install/ublox_msgs/lib:/home/rhobtor/PHD/ARGOJ8_IA/ARGOSJ8_IA_/install/spacenav/lib:/home/rhobtor/PHD/ARGOJ8_IA/ARGOSJ8_IA_/install/laser_segmentation/lib:/home/rhobtor/PHD/ARGOJ8_IA/ARGOSJ8_IA_/install/slg_msgs/lib:/home/rhobtor/PHD/ARGOJ8_IA/ARGOSJ8_IA_/install/security_check_interfaces/lib:/home/rhobtor/PHD/ARGOJ8_IA/ARGOSJ8_IA_/install/joy/lib:/home/rhobtor/PHD/ARGOJ8_IA/ARGOSJ8_IA_/install/path_manager_interfaces/lib:/home/rhobtor/PHD/ARGOJ8_IA/ARGOSJ8_IA_/install/octomap_rviz_plugins/lib:/home/rhobtor/PHD/ARGOJ8_IA/ARGOSJ8_IA_/install/j8_xacro_model/lib:/home/rhobtor/PHD/ARGOJ8_IA/ARGOSJ8_IA_/install/hector_gazebo_plugins/lib:/home/rhobtor/PHD/ARGOJ8_IA/ARGOSJ8_IA_/install/fixposition_sensor_pkg/lib:/home/rhobtor/PHD/ARGOJ8_IA/ARGOSJ8_IA_/install/fixposition_odometry_converter_ros2/lib:/home/rhobtor/PHD/ARGOJ8_IA/ARGOSJ8_IA_/install/fixposition_driver_ros2/lib:/home/rhobtor/PHD/ARGOJ8_IA/ARGOSJ8_IA_/install/fixposition_driver_lib/lib:/home/rhobtor/PHD/ARGOJ8_IA/ARGOSJ8_IA_/install/fixposition_gnss_tf/lib:/home/rhobtor/PHD/ARGOJ8_IA/ARGOSJ8_IA_/install/ctl_mission_interfaces/lib:/home/rhobtor/PHD/ARGOJ8_IA/ARGOSJ8_IA_/install/car_cpp/lib:/home/rhobtor/PHD/ARGOJ8_IA/ARGOSJ8_IA_/install/car_interfaces/lib:/home/rhobtor/PHD/ARGOJ8_IA/ARGOSJ8_IA_/install/argj801_sensors_msgs/lib:/usr/local/cuda/lib64:/usr/local/cuda/lib64:/usr/local/cuda-12.1/lib64:/usr/local/cuda-11.8/lib64:/home/rhobtor/zed/install/zed_components/lib:/home/rhobtor/zed/install/zed_interfaces/lib:/home/rhobtor/PHD/reactive/Reactive-Navegation/workspace_full_conected/install/octomap_server/lib:/home/rhobtor/PHD/reactive/Reactive-Navegation/workspace_full_conected/install/octomap_rviz_plugins/lib:/home/rhobtor/PHD/reactive/Reactive-Navegation/workspace_full_conected/install/hector_gazebo_plugins/lib:/home/rhobtor/PHD/reactive/Reactive-Navegation/workspace_full_conected/install/car_cpp/lib:/home/rhobtor/PHD/reactive/Reactive-Navegation/workspace_full_conected/install/car_interfaces/lib:/usr/lib/x86_64-linux-gnu/gazebo-11/plugins:/opt/ros/humble/opt/rviz_ogre_vendor/lib:/opt/ros/humble/lib/x86_64-linux-gnu:/opt/ros/humble/lib /opt/st/stm32cubeclt_1.18.0/CMake/bin/cmake --install /home/rhobtor/PHD/ARGOJ8_IA/ARGOSJ8_IA_/build/j8_xacro_model
[4.340s] Level 1:colcon.colcon_core.shell:create_environment_hook('j8_xacro_model', 'cmake_prefix_path')
[4.340s] INFO:colcon.colcon_core.shell:Creating environment hook '/home/rhobtor/PHD/ARGOJ8_IA/ARGOSJ8_IA_/install/j8_xacro_model/share/j8_xacro_model/hook/cmake_prefix_path.ps1'
[4.341s] INFO:colcon.colcon_core.shell:Creating environment descriptor '/home/rhobtor/PHD/ARGOJ8_IA/ARGOSJ8_IA_/install/j8_xacro_model/share/j8_xacro_model/hook/cmake_prefix_path.dsv'
[4.341s] INFO:colcon.colcon_core.shell:Creating environment hook '/home/rhobtor/PHD/ARGOJ8_IA/ARGOSJ8_IA_/install/j8_xacro_model/share/j8_xacro_model/hook/cmake_prefix_path.sh'
[4.342s] Level 1:colcon.colcon_core.environment:checking '/home/rhobtor/PHD/ARGOJ8_IA/ARGOSJ8_IA_/install/j8_xacro_model/lib'
[4.342s] Level 1:colcon.colcon_core.shell:create_environment_hook('j8_xacro_model', 'ld_library_path_lib')
[4.343s] INFO:colcon.colcon_core.shell:Creating environment hook '/home/rhobtor/PHD/ARGOJ8_IA/ARGOSJ8_IA_/install/j8_xacro_model/share/j8_xacro_model/hook/ld_library_path_lib.ps1'
[4.343s] INFO:colcon.colcon_core.shell:Creating environment descriptor '/home/rhobtor/PHD/ARGOJ8_IA/ARGOSJ8_IA_/install/j8_xacro_model/share/j8_xacro_model/hook/ld_library_path_lib.dsv'
[4.344s] INFO:colcon.colcon_core.shell:Creating environment hook '/home/rhobtor/PHD/ARGOJ8_IA/ARGOSJ8_IA_/install/j8_xacro_model/share/j8_xacro_model/hook/ld_library_path_lib.sh'
[4.344s] Level 1:colcon.colcon_core.environment:checking '/home/rhobtor/PHD/ARGOJ8_IA/ARGOSJ8_IA_/install/j8_xacro_model/bin'
[4.344s] Level 1:colcon.colcon_core.environment:checking '/home/rhobtor/PHD/ARGOJ8_IA/ARGOSJ8_IA_/install/j8_xacro_model/lib/pkgconfig/j8_xacro_model.pc'
[4.345s] Level 1:colcon.colcon_core.environment:checking '/home/rhobtor/PHD/ARGOJ8_IA/ARGOSJ8_IA_/install/j8_xacro_model/lib/python3.10/site-packages'
[4.345s] Level 1:colcon.colcon_core.environment:checking '/home/rhobtor/PHD/ARGOJ8_IA/ARGOSJ8_IA_/install/j8_xacro_model/bin'
[4.346s] INFO:colcon.colcon_core.shell:Creating package script '/home/rhobtor/PHD/ARGOJ8_IA/ARGOSJ8_IA_/install/j8_xacro_model/share/j8_xacro_model/package.ps1'
[4.346s] INFO:colcon.colcon_core.shell:Creating package descriptor '/home/rhobtor/PHD/ARGOJ8_IA/ARGOSJ8_IA_/install/j8_xacro_model/share/j8_xacro_model/package.dsv'
[4.347s] INFO:colcon.colcon_core.shell:Creating package script '/home/rhobtor/PHD/ARGOJ8_IA/ARGOSJ8_IA_/install/j8_xacro_model/share/j8_xacro_model/package.sh'
[4.348s] INFO:colcon.colcon_core.shell:Creating package script '/home/rhobtor/PHD/ARGOJ8_IA/ARGOSJ8_IA_/install/j8_xacro_model/share/j8_xacro_model/package.bash'
[4.348s] INFO:colcon.colcon_core.shell:Creating package script '/home/rhobtor/PHD/ARGOJ8_IA/ARGOSJ8_IA_/install/j8_xacro_model/share/j8_xacro_model/package.zsh'
[4.349s] Level 1:colcon.colcon_core.environment:create_file_with_runtime_dependencies(/home/rhobtor/PHD/ARGOJ8_IA/ARGOSJ8_IA_/install/j8_xacro_model/share/colcon-core/packages/j8_xacro_model)
[4.350s] Level 1:colcon.colcon_core.environment:create_environment_scripts_only(j8_xacro_model)
[4.350s] Level 1:colcon.colcon_core.environment:checking '/home/rhobtor/PHD/ARGOJ8_IA/ARGOSJ8_IA_/install/j8_xacro_model' for CMake module files
[4.351s] Level 1:colcon.colcon_core.environment:checking '/home/rhobtor/PHD/ARGOJ8_IA/ARGOSJ8_IA_/install/j8_xacro_model' for CMake config files
[4.351s] Level 1:colcon.colcon_core.shell:create_environment_hook('j8_xacro_model', 'cmake_prefix_path')
[4.351s] INFO:colcon.colcon_core.shell:Creating environment hook '/home/rhobtor/PHD/ARGOJ8_IA/ARGOSJ8_IA_/install/j8_xacro_model/share/j8_xacro_model/hook/cmake_prefix_path.ps1'
[4.352s] INFO:colcon.colcon_core.shell:Creating environment descriptor '/home/rhobtor/PHD/ARGOJ8_IA/ARGOSJ8_IA_/install/j8_xacro_model/share/j8_xacro_model/hook/cmake_prefix_path.dsv'
[4.353s] INFO:colcon.colcon_core.shell:Creating environment hook '/home/rhobtor/PHD/ARGOJ8_IA/ARGOSJ8_IA_/install/j8_xacro_model/share/j8_xacro_model/hook/cmake_prefix_path.sh'
[4.353s] Level 1:colcon.colcon_core.environment:checking '/home/rhobtor/PHD/ARGOJ8_IA/ARGOSJ8_IA_/install/j8_xacro_model/lib'
[4.354s] Level 1:colcon.colcon_core.shell:create_environment_hook('j8_xacro_model', 'ld_library_path_lib')
[4.354s] INFO:colcon.colcon_core.shell:Creating environment hook '/home/rhobtor/PHD/ARGOJ8_IA/ARGOSJ8_IA_/install/j8_xacro_model/share/j8_xacro_model/hook/ld_library_path_lib.ps1'
[4.354s] INFO:colcon.colcon_core.shell:Creating environment descriptor '/home/rhobtor/PHD/ARGOJ8_IA/ARGOSJ8_IA_/install/j8_xacro_model/share/j8_xacro_model/hook/ld_library_path_lib.dsv'
[4.355s] INFO:colcon.colcon_core.shell:Creating environment hook '/home/rhobtor/PHD/ARGOJ8_IA/ARGOSJ8_IA_/install/j8_xacro_model/share/j8_xacro_model/hook/ld_library_path_lib.sh'
[4.355s] Level 1:colcon.colcon_core.environment:checking '/home/rhobtor/PHD/ARGOJ8_IA/ARGOSJ8_IA_/install/j8_xacro_model/bin'
[4.356s] Level 1:colcon.colcon_core.environment:checking '/home/rhobtor/PHD/ARGOJ8_IA/ARGOSJ8_IA_/install/j8_xacro_model/lib/pkgconfig/j8_xacro_model.pc'
[4.356s] Level 1:colcon.colcon_core.environment:checking '/home/rhobtor/PHD/ARGOJ8_IA/ARGOSJ8_IA_/install/j8_xacro_model/lib/python3.10/site-packages'
[4.356s] Level 1:colcon.colcon_core.environment:checking '/home/rhobtor/PHD/ARGOJ8_IA/ARGOSJ8_IA_/install/j8_xacro_model/bin'
[4.357s] INFO:colcon.colcon_core.shell:Creating package script '/home/rhobtor/PHD/ARGOJ8_IA/ARGOSJ8_IA_/install/j8_xacro_model/share/j8_xacro_model/package.ps1'
[4.358s] INFO:colcon.colcon_core.shell:Creating package descriptor '/home/rhobtor/PHD/ARGOJ8_IA/ARGOSJ8_IA_/install/j8_xacro_model/share/j8_xacro_model/package.dsv'
[4.359s] INFO:colcon.colcon_core.shell:Creating package script '/home/rhobtor/PHD/ARGOJ8_IA/ARGOSJ8_IA_/install/j8_xacro_model/share/j8_xacro_model/package.sh'
[4.360s] INFO:colcon.colcon_core.shell:Creating package script '/home/rhobtor/PHD/ARGOJ8_IA/ARGOSJ8_IA_/install/j8_xacro_model/share/j8_xacro_model/package.bash'
[4.360s] INFO:colcon.colcon_core.shell:Creating package script '/home/rhobtor/PHD/ARGOJ8_IA/ARGOSJ8_IA_/install/j8_xacro_model/share/j8_xacro_model/package.zsh'
[4.361s] Level 1:colcon.colcon_core.environment:create_file_with_runtime_dependencies(/home/rhobtor/PHD/ARGOJ8_IA/ARGOSJ8_IA_/install/j8_xacro_model/share/colcon-core/packages/j8_xacro_model)
[4.390s] DEBUG:colcon.colcon_core.event_handler.log_command:Invoking command in '/home/rhobtor/PHD/ARGOJ8_IA/ARGOSJ8_IA_/src/car_python': CMAKE_PREFIX_PATH=/home/rhobtor/PHD/ARGOJ8_IA/ARGOSJ8_IA_/install/car_interfaces:/home/rhobtor/PHD/ARGOJ8_IA/ARGOSJ8_IA_/install/wiimote_msgs:/home/rhobtor/PHD/ARGOJ8_IA/ARGOSJ8_IA_/install/ublox:/home/rhobtor/PHD/ARGOJ8_IA/ARGOSJ8_IA_/install/ublox_gps:/home/rhobtor/PHD/ARGOJ8_IA/ARGOSJ8_IA_/install/security_check:/home/rhobtor/PHD/ARGOJ8_IA/ARGOSJ8_IA_/install/ctl_mission:/home/rhobtor/PHD/ARGOJ8_IA/ARGOSJ8_IA_/install/ublox_msgs:/home/rhobtor/PHD/ARGOJ8_IA/ARGOSJ8_IA_/install/ublox_serialization:/home/rhobtor/PHD/ARGOJ8_IA/ARGOSJ8_IA_/install/spacenav:/home/rhobtor/PHD/ARGOJ8_IA/ARGOSJ8_IA_/install/laser_segmentation:/home/rhobtor/PHD/ARGOJ8_IA/ARGOSJ8_IA_/install/slg_msgs:/home/rhobtor/PHD/ARGOJ8_IA/ARGOSJ8_IA_/install/security_check_interfaces:/home/rhobtor/PHD/ARGOJ8_IA/ARGOSJ8_IA_/install/joy:/home/rhobtor/PHD/ARGOJ8_IA/ARGOSJ8_IA_/install/sdl2_vendor:/home/rhobtor/PHD/ARGOJ8_IA/ARGOSJ8_IA_/install/path_manager:/home/rhobtor/PHD/ARGOJ8_IA/ARGOSJ8_IA_/install/path_manager_interfaces:/home/rhobtor/PHD/ARGOJ8_IA/ARGOSJ8_IA_/install/octomap_rviz_plugins:/home/rhobtor/PHD/ARGOJ8_IA/ARGOSJ8_IA_/install/joy_linux:/home/rhobtor/PHD/ARGOJ8_IA/ARGOSJ8_IA_/install/j8_xacro_model:/home/rhobtor/PHD/ARGOJ8_IA/ARGOSJ8_IA_/install/hector_gazebo_plugins:/home/rhobtor/PHD/ARGOJ8_IA/ARGOSJ8_IA_/install/fixposition_sensor_pkg:/home/rhobtor/PHD/ARGOJ8_IA/ARGOSJ8_IA_/install/fixposition_odometry_converter_ros2:/home/rhobtor/PHD/ARGOJ8_IA/ARGOSJ8_IA_/install/fixposition_driver_ros2:/home/rhobtor/PHD/ARGOJ8_IA/ARGOSJ8_IA_/install/fixposition_driver_lib:/home/rhobtor/PHD/ARGOJ8_IA/ARGOSJ8_IA_/install/fixposition_gnss_tf:/home/rhobtor/PHD/ARGOJ8_IA/ARGOSJ8_IA_/install/ctl_mission_interfaces:/home/rhobtor/PHD/ARGOJ8_IA/ARGOSJ8_IA_/install/car_cpp:/home/rhobtor/PHD/ARGOJ8_IA/ARGOSJ8_IA_/install/argj801_setup:/home/rhobtor/PHD/ARGOJ8_IA/ARGOSJ8_IA_/install/argj801_sensors:/home/rhobtor/PHD/ARGOJ8_IA/ARGOSJ8_IA_/install/argj801_sensors_msgs:/home/rhobtor/PHD/ARGOJ8_IA/ARGOSJ8_IA_/install/argj801_ctl_platform:/home/rhobtor/PHD/ARGOJ8_IA/ARGOSJ8_IA_/install/argj801_ctl_platform_interfaces:/home/rhobtor/zed/install/zed_ros2:/home/rhobtor/zed/install/zed_wrapper:/home/rhobtor/zed/install/zed_components:/home/rhobtor/zed/install/zed_interfaces:/home/rhobtor/PHD/reactive/Reactive-Navegation/workspace_full_conected/install/octomap_mapping:/home/rhobtor/PHD/reactive/Reactive-Navegation/workspace_full_conected/install/octomap_server:/home/rhobtor/PHD/reactive/Reactive-Navegation/workspace_full_conected/install/octomap_rviz_plugins:/home/rhobtor/PHD/reactive/Reactive-Navegation/workspace_full_conected/install/hector_gazebo_plugins:/home/rhobtor/PHD/reactive/Reactive-Navegation/workspace_full_conected/install/car_cpp:/home/rhobtor/PHD/reactive/Reactive-Navegation/workspace_full_conected/install/car_interfaces LD_LIBRARY_PATH=/home/rhobtor/PHD/ARGOJ8_IA/ARGOSJ8_IA_/install/car_interfaces/lib:/home/rhobtor/PHD/ARGOJ8_IA/ARGOSJ8_IA_/install/wiimote_msgs/lib:/home/rhobtor/PHD/ARGOJ8_IA/ARGOSJ8_IA_/install/ublox_gps/lib:/home/rhobtor/PHD/ARGOJ8_IA/ARGOSJ8_IA_/install/ublox_msgs/lib:/home/rhobtor/PHD/ARGOJ8_IA/ARGOSJ8_IA_/install/spacenav/lib:/home/rhobtor/PHD/ARGOJ8_IA/ARGOSJ8_IA_/install/laser_segmentation/lib:/home/rhobtor/PHD/ARGOJ8_IA/ARGOSJ8_IA_/install/slg_msgs/lib:/home/rhobtor/PHD/ARGOJ8_IA/ARGOSJ8_IA_/install/security_check_interfaces/lib:/home/rhobtor/PHD/ARGOJ8_IA/ARGOSJ8_IA_/install/joy/lib:/home/rhobtor/PHD/ARGOJ8_IA/ARGOSJ8_IA_/install/path_manager_interfaces/lib:/home/rhobtor/PHD/ARGOJ8_IA/ARGOSJ8_IA_/install/octomap_rviz_plugins/lib:/home/rhobtor/PHD/ARGOJ8_IA/ARGOSJ8_IA_/install/j8_xacro_model/lib:/home/rhobtor/PHD/ARGOJ8_IA/ARGOSJ8_IA_/install/hector_gazebo_plugins/lib:/home/rhobtor/PHD/ARGOJ8_IA/ARGOSJ8_IA_/install/fixposition_sensor_pkg/lib:/home/rhobtor/PHD/ARGOJ8_IA/ARGOSJ8_IA_/install/fixposition_odometry_converter_ros2/lib:/home/rhobtor/PHD/ARGOJ8_IA/ARGOSJ8_IA_/install/fixposition_driver_ros2/lib:/home/rhobtor/PHD/ARGOJ8_IA/ARGOSJ8_IA_/install/fixposition_driver_lib/lib:/home/rhobtor/PHD/ARGOJ8_IA/ARGOSJ8_IA_/install/fixposition_gnss_tf/lib:/home/rhobtor/PHD/ARGOJ8_IA/ARGOSJ8_IA_/install/ctl_mission_interfaces/lib:/home/rhobtor/PHD/ARGOJ8_IA/ARGOSJ8_IA_/install/car_cpp/lib:/home/rhobtor/PHD/ARGOJ8_IA/ARGOSJ8_IA_/install/argj801_sensors_msgs/lib:/home/rhobtor/PHD/ARGOJ8_IA/ARGOSJ8_IA_/install/argj801_ctl_platform_interfaces/lib:/usr/local/cuda/lib64:/usr/local/cuda/lib64:/usr/local/cuda-12.1/lib64:/usr/local/cuda-11.8/lib64:/home/rhobtor/zed/install/zed_components/lib:/home/rhobtor/zed/install/zed_interfaces/lib:/home/rhobtor/PHD/reactive/Reactive-Navegation/workspace_full_conected/install/octomap_server/lib:/home/rhobtor/PHD/reactive/Reactive-Navegation/workspace_full_conected/install/octomap_rviz_plugins/lib:/home/rhobtor/PHD/reactive/Reactive-Navegation/workspace_full_conected/install/hector_gazebo_plugins/lib:/home/rhobtor/PHD/reactive/Reactive-Navegation/workspace_full_conected/install/car_cpp/lib:/home/rhobtor/PHD/reactive/Reactive-Navegation/workspace_full_conected/install/car_interfaces/lib:/usr/lib/x86_64-linux-gnu/gazebo-11/plugins:/opt/ros/humble/opt/rviz_ogre_vendor/lib:/opt/ros/humble/lib/x86_64-linux-gnu:/opt/ros/humble/lib PYTHONPATH=/home/rhobtor/PHD/ARGOJ8_IA/ARGOSJ8_IA_/build/car/prefix_override:/usr/lib/python3/dist-packages/colcon_core/task/python/colcon_distutils_commands:/home/rhobtor/PHD/ARGOJ8_IA/ARGOSJ8_IA_/install/car/lib/python3.10/site-packages:${PYTHONPATH} /usr/bin/python3 -W ignore:setup.py install is deprecated -W ignore:easy_install command is deprecated setup.py egg_info --egg-base ../../build/car build --build-base /home/rhobtor/PHD/ARGOJ8_IA/ARGOSJ8_IA_/build/car/build install --record /home/rhobtor/PHD/ARGOJ8_IA/ARGOSJ8_IA_/build/car/install.log --single-version-externally-managed install_data
[4.453s] DEBUG:colcon.colcon_core.event_handler.log_command:Invoked command in '/home/rhobtor/PHD/ARGOJ8_IA/ARGOSJ8_IA_/build/fixposition_driver_ros2' returned '0': CMAKE_PREFIX_PATH=/home/rhobtor/PHD/ARGOJ8_IA/ARGOSJ8_IA_/install/fixposition_driver_lib:/home/rhobtor/PHD/ARGOJ8_IA/ARGOSJ8_IA_/install/fixposition_gnss_tf:/home/rhobtor/PHD/ARGOJ8_IA/ARGOSJ8_IA_/install/wiimote_msgs:/home/rhobtor/PHD/ARGOJ8_IA/ARGOSJ8_IA_/install/ublox:/home/rhobtor/PHD/ARGOJ8_IA/ARGOSJ8_IA_/install/ublox_gps:/home/rhobtor/PHD/ARGOJ8_IA/ARGOSJ8_IA_/install/security_check:/home/rhobtor/PHD/ARGOJ8_IA/ARGOSJ8_IA_/install/ctl_mission:/home/rhobtor/PHD/ARGOJ8_IA/ARGOSJ8_IA_/install/ublox_msgs:/home/rhobtor/PHD/ARGOJ8_IA/ARGOSJ8_IA_/install/ublox_serialization:/home/rhobtor/PHD/ARGOJ8_IA/ARGOSJ8_IA_/install/spacenav:/home/rhobtor/PHD/ARGOJ8_IA/ARGOSJ8_IA_/install/laser_segmentation:/home/rhobtor/PHD/ARGOJ8_IA/ARGOSJ8_IA_/install/slg_msgs:/home/rhobtor/PHD/ARGOJ8_IA/ARGOSJ8_IA_/install/security_check_interfaces:/home/rhobtor/PHD/ARGOJ8_IA/ARGOSJ8_IA_/install/joy:/home/rhobtor/PHD/ARGOJ8_IA/ARGOSJ8_IA_/install/sdl2_vendor:/home/rhobtor/PHD/ARGOJ8_IA/ARGOSJ8_IA_/install/path_manager:/home/rhobtor/PHD/ARGOJ8_IA/ARGOSJ8_IA_/install/path_manager_interfaces:/home/rhobtor/PHD/ARGOJ8_IA/ARGOSJ8_IA_/install/octomap_rviz_plugins:/home/rhobtor/PHD/ARGOJ8_IA/ARGOSJ8_IA_/install/joy_linux:/home/rhobtor/PHD/ARGOJ8_IA/ARGOSJ8_IA_/install/j8_xacro_model:/home/rhobtor/PHD/ARGOJ8_IA/ARGOSJ8_IA_/install/hector_gazebo_plugins:/home/rhobtor/PHD/ARGOJ8_IA/ARGOSJ8_IA_/install/fixposition_sensor_pkg:/home/rhobtor/PHD/ARGOJ8_IA/ARGOSJ8_IA_/install/fixposition_odometry_converter_ros2:/home/rhobtor/PHD/ARGOJ8_IA/ARGOSJ8_IA_/install/fixposition_driver_ros2:/home/rhobtor/PHD/ARGOJ8_IA/ARGOSJ8_IA_/install/ctl_mission_interfaces:/home/rhobtor/PHD/ARGOJ8_IA/ARGOSJ8_IA_/install/car_cpp:/home/rhobtor/PHD/ARGOJ8_IA/ARGOSJ8_IA_/install/car_interfaces:/home/rhobtor/PHD/ARGOJ8_IA/ARGOSJ8_IA_/install/argj801_setup:/home/rhobtor/PHD/ARGOJ8_IA/ARGOSJ8_IA_/install/argj801_sensors:/home/rhobtor/PHD/ARGOJ8_IA/ARGOSJ8_IA_/install/argj801_sensors_msgs:/home/rhobtor/PHD/ARGOJ8_IA/ARGOSJ8_IA_/install/argj801_ctl_platform:/home/rhobtor/PHD/ARGOJ8_IA/ARGOSJ8_IA_/install/argj801_ctl_platform_interfaces:/home/rhobtor/zed/install/zed_ros2:/home/rhobtor/zed/install/zed_wrapper:/home/rhobtor/zed/install/zed_components:/home/rhobtor/zed/install/zed_interfaces:/home/rhobtor/PHD/reactive/Reactive-Navegation/workspace_full_conected/install/octomap_mapping:/home/rhobtor/PHD/reactive/Reactive-Navegation/workspace_full_conected/install/octomap_server:/home/rhobtor/PHD/reactive/Reactive-Navegation/workspace_full_conected/install/octomap_rviz_plugins:/home/rhobtor/PHD/reactive/Reactive-Navegation/workspace_full_conected/install/hector_gazebo_plugins:/home/rhobtor/PHD/reactive/Reactive-Navegation/workspace_full_conected/install/car_cpp:/home/rhobtor/PHD/reactive/Reactive-Navegation/workspace_full_conected/install/car_interfaces:/home/rhobtor/PHD/ARGOJ8_IA/ARGOSJ8_IA_/install/ntrip_client:/home/rhobtor/PHD/ARGOJ8_IA/ARGOSJ8_IA_/install/car:/home/rhobtor/PHD/ARGOJ8_IA/ARGOSJ8_IA_/install/android_ros2_server:/home/rhobtor/PHD/reactive/Reactive-Navegation/workspace_full_conected/install/car:/opt/ros/humble LD_LIBRARY_PATH=/home/rhobtor/PHD/ARGOJ8_IA/ARGOSJ8_IA_/install/fixposition_driver_lib/lib:/home/rhobtor/PHD/ARGOJ8_IA/ARGOSJ8_IA_/install/fixposition_gnss_tf/lib:/home/rhobtor/PHD/ARGOJ8_IA/ARGOSJ8_IA_/install/wiimote_msgs/lib:/home/rhobtor/PHD/ARGOJ8_IA/ARGOSJ8_IA_/install/ublox_gps/lib:/home/rhobtor/PHD/ARGOJ8_IA/ARGOSJ8_IA_/install/ublox_msgs/lib:/home/rhobtor/PHD/ARGOJ8_IA/ARGOSJ8_IA_/install/spacenav/lib:/home/rhobtor/PHD/ARGOJ8_IA/ARGOSJ8_IA_/install/laser_segmentation/lib:/home/rhobtor/PHD/ARGOJ8_IA/ARGOSJ8_IA_/install/slg_msgs/lib:/home/rhobtor/PHD/ARGOJ8_IA/ARGOSJ8_IA_/install/security_check_interfaces/lib:/home/rhobtor/PHD/ARGOJ8_IA/ARGOSJ8_IA_/install/joy/lib:/home/rhobtor/PHD/ARGOJ8_IA/ARGOSJ8_IA_/install/path_manager_interfaces/lib:/home/rhobtor/PHD/ARGOJ8_IA/ARGOSJ8_IA_/install/octomap_rviz_plugins/lib:/home/rhobtor/PHD/ARGOJ8_IA/ARGOSJ8_IA_/install/j8_xacro_model/lib:/home/rhobtor/PHD/ARGOJ8_IA/ARGOSJ8_IA_/install/hector_gazebo_plugins/lib:/home/rhobtor/PHD/ARGOJ8_IA/ARGOSJ8_IA_/install/fixposition_sensor_pkg/lib:/home/rhobtor/PHD/ARGOJ8_IA/ARGOSJ8_IA_/install/fixposition_odometry_converter_ros2/lib:/home/rhobtor/PHD/ARGOJ8_IA/ARGOSJ8_IA_/install/fixposition_driver_ros2/lib:/home/rhobtor/PHD/ARGOJ8_IA/ARGOSJ8_IA_/install/ctl_mission_interfaces/lib:/home/rhobtor/PHD/ARGOJ8_IA/ARGOSJ8_IA_/install/car_cpp/lib:/home/rhobtor/PHD/ARGOJ8_IA/ARGOSJ8_IA_/install/car_interfaces/lib:/home/rhobtor/PHD/ARGOJ8_IA/ARGOSJ8_IA_/install/argj801_sensors_msgs/lib:/home/rhobtor/PHD/ARGOJ8_IA/ARGOSJ8_IA_/install/argj801_ctl_platform_interfaces/lib:/usr/local/cuda/lib64:/usr/local/cuda/lib64:/usr/local/cuda-12.1/lib64:/usr/local/cuda-11.8/lib64:/home/rhobtor/zed/install/zed_components/lib:/home/rhobtor/zed/install/zed_interfaces/lib:/home/rhobtor/PHD/reactive/Reactive-Navegation/workspace_full_conected/install/octomap_server/lib:/home/rhobtor/PHD/reactive/Reactive-Navegation/workspace_full_conected/install/octomap_rviz_plugins/lib:/home/rhobtor/PHD/reactive/Reactive-Navegation/workspace_full_conected/install/hector_gazebo_plugins/lib:/home/rhobtor/PHD/reactive/Reactive-Navegation/workspace_full_conected/install/car_cpp/lib:/home/rhobtor/PHD/reactive/Reactive-Navegation/workspace_full_conected/install/car_interfaces/lib:/usr/lib/x86_64-linux-gnu/gazebo-11/plugins:/opt/ros/humble/opt/rviz_ogre_vendor/lib:/opt/ros/humble/lib/x86_64-linux-gnu:/opt/ros/humble/lib /opt/st/stm32cubeclt_1.18.0/CMake/bin/cmake --build /home/rhobtor/PHD/ARGOJ8_IA/ARGOSJ8_IA_/build/fixposition_driver_ros2 -- -j16 -l16
[4.456s] DEBUG:colcon.colcon_core.event_handler.log_command:Invoking command in '/home/rhobtor/PHD/ARGOJ8_IA/ARGOSJ8_IA_/build/fixposition_driver_ros2': CMAKE_PREFIX_PATH=/home/rhobtor/PHD/ARGOJ8_IA/ARGOSJ8_IA_/install/fixposition_driver_lib:/home/rhobtor/PHD/ARGOJ8_IA/ARGOSJ8_IA_/install/fixposition_gnss_tf:/home/rhobtor/PHD/ARGOJ8_IA/ARGOSJ8_IA_/install/wiimote_msgs:/home/rhobtor/PHD/ARGOJ8_IA/ARGOSJ8_IA_/install/ublox:/home/rhobtor/PHD/ARGOJ8_IA/ARGOSJ8_IA_/install/ublox_gps:/home/rhobtor/PHD/ARGOJ8_IA/ARGOSJ8_IA_/install/security_check:/home/rhobtor/PHD/ARGOJ8_IA/ARGOSJ8_IA_/install/ctl_mission:/home/rhobtor/PHD/ARGOJ8_IA/ARGOSJ8_IA_/install/ublox_msgs:/home/rhobtor/PHD/ARGOJ8_IA/ARGOSJ8_IA_/install/ublox_serialization:/home/rhobtor/PHD/ARGOJ8_IA/ARGOSJ8_IA_/install/spacenav:/home/rhobtor/PHD/ARGOJ8_IA/ARGOSJ8_IA_/install/laser_segmentation:/home/rhobtor/PHD/ARGOJ8_IA/ARGOSJ8_IA_/install/slg_msgs:/home/rhobtor/PHD/ARGOJ8_IA/ARGOSJ8_IA_/install/security_check_interfaces:/home/rhobtor/PHD/ARGOJ8_IA/ARGOSJ8_IA_/install/joy:/home/rhobtor/PHD/ARGOJ8_IA/ARGOSJ8_IA_/install/sdl2_vendor:/home/rhobtor/PHD/ARGOJ8_IA/ARGOSJ8_IA_/install/path_manager:/home/rhobtor/PHD/ARGOJ8_IA/ARGOSJ8_IA_/install/path_manager_interfaces:/home/rhobtor/PHD/ARGOJ8_IA/ARGOSJ8_IA_/install/octomap_rviz_plugins:/home/rhobtor/PHD/ARGOJ8_IA/ARGOSJ8_IA_/install/joy_linux:/home/rhobtor/PHD/ARGOJ8_IA/ARGOSJ8_IA_/install/j8_xacro_model:/home/rhobtor/PHD/ARGOJ8_IA/ARGOSJ8_IA_/install/hector_gazebo_plugins:/home/rhobtor/PHD/ARGOJ8_IA/ARGOSJ8_IA_/install/fixposition_sensor_pkg:/home/rhobtor/PHD/ARGOJ8_IA/ARGOSJ8_IA_/install/fixposition_odometry_converter_ros2:/home/rhobtor/PHD/ARGOJ8_IA/ARGOSJ8_IA_/install/fixposition_driver_ros2:/home/rhobtor/PHD/ARGOJ8_IA/ARGOSJ8_IA_/install/ctl_mission_interfaces:/home/rhobtor/PHD/ARGOJ8_IA/ARGOSJ8_IA_/install/car_cpp:/home/rhobtor/PHD/ARGOJ8_IA/ARGOSJ8_IA_/install/car_interfaces:/home/rhobtor/PHD/ARGOJ8_IA/ARGOSJ8_IA_/install/argj801_setup:/home/rhobtor/PHD/ARGOJ8_IA/ARGOSJ8_IA_/install/argj801_sensors:/home/rhobtor/PHD/ARGOJ8_IA/ARGOSJ8_IA_/install/argj801_sensors_msgs:/home/rhobtor/PHD/ARGOJ8_IA/ARGOSJ8_IA_/install/argj801_ctl_platform:/home/rhobtor/PHD/ARGOJ8_IA/ARGOSJ8_IA_/install/argj801_ctl_platform_interfaces:/home/rhobtor/zed/install/zed_ros2:/home/rhobtor/zed/install/zed_wrapper:/home/rhobtor/zed/install/zed_components:/home/rhobtor/zed/install/zed_interfaces:/home/rhobtor/PHD/reactive/Reactive-Navegation/workspace_full_conected/install/octomap_mapping:/home/rhobtor/PHD/reactive/Reactive-Navegation/workspace_full_conected/install/octomap_server:/home/rhobtor/PHD/reactive/Reactive-Navegation/workspace_full_conected/install/octomap_rviz_plugins:/home/rhobtor/PHD/reactive/Reactive-Navegation/workspace_full_conected/install/hector_gazebo_plugins:/home/rhobtor/PHD/reactive/Reactive-Navegation/workspace_full_conected/install/car_cpp:/home/rhobtor/PHD/reactive/Reactive-Navegation/workspace_full_conected/install/car_interfaces:/home/rhobtor/PHD/ARGOJ8_IA/ARGOSJ8_IA_/install/ntrip_client:/home/rhobtor/PHD/ARGOJ8_IA/ARGOSJ8_IA_/install/car:/home/rhobtor/PHD/ARGOJ8_IA/ARGOSJ8_IA_/install/android_ros2_server:/home/rhobtor/PHD/reactive/Reactive-Navegation/workspace_full_conected/install/car:/opt/ros/humble LD_LIBRARY_PATH=/home/rhobtor/PHD/ARGOJ8_IA/ARGOSJ8_IA_/install/fixposition_driver_lib/lib:/home/rhobtor/PHD/ARGOJ8_IA/ARGOSJ8_IA_/install/fixposition_gnss_tf/lib:/home/rhobtor/PHD/ARGOJ8_IA/ARGOSJ8_IA_/install/wiimote_msgs/lib:/home/rhobtor/PHD/ARGOJ8_IA/ARGOSJ8_IA_/install/ublox_gps/lib:/home/rhobtor/PHD/ARGOJ8_IA/ARGOSJ8_IA_/install/ublox_msgs/lib:/home/rhobtor/PHD/ARGOJ8_IA/ARGOSJ8_IA_/install/spacenav/lib:/home/rhobtor/PHD/ARGOJ8_IA/ARGOSJ8_IA_/install/laser_segmentation/lib:/home/rhobtor/PHD/ARGOJ8_IA/ARGOSJ8_IA_/install/slg_msgs/lib:/home/rhobtor/PHD/ARGOJ8_IA/ARGOSJ8_IA_/install/security_check_interfaces/lib:/home/rhobtor/PHD/ARGOJ8_IA/ARGOSJ8_IA_/install/joy/lib:/home/rhobtor/PHD/ARGOJ8_IA/ARGOSJ8_IA_/install/path_manager_interfaces/lib:/home/rhobtor/PHD/ARGOJ8_IA/ARGOSJ8_IA_/install/octomap_rviz_plugins/lib:/home/rhobtor/PHD/ARGOJ8_IA/ARGOSJ8_IA_/install/j8_xacro_model/lib:/home/rhobtor/PHD/ARGOJ8_IA/ARGOSJ8_IA_/install/hector_gazebo_plugins/lib:/home/rhobtor/PHD/ARGOJ8_IA/ARGOSJ8_IA_/install/fixposition_sensor_pkg/lib:/home/rhobtor/PHD/ARGOJ8_IA/ARGOSJ8_IA_/install/fixposition_odometry_converter_ros2/lib:/home/rhobtor/PHD/ARGOJ8_IA/ARGOSJ8_IA_/install/fixposition_driver_ros2/lib:/home/rhobtor/PHD/ARGOJ8_IA/ARGOSJ8_IA_/install/ctl_mission_interfaces/lib:/home/rhobtor/PHD/ARGOJ8_IA/ARGOSJ8_IA_/install/car_cpp/lib:/home/rhobtor/PHD/ARGOJ8_IA/ARGOSJ8_IA_/install/car_interfaces/lib:/home/rhobtor/PHD/ARGOJ8_IA/ARGOSJ8_IA_/install/argj801_sensors_msgs/lib:/home/rhobtor/PHD/ARGOJ8_IA/ARGOSJ8_IA_/install/argj801_ctl_platform_interfaces/lib:/usr/local/cuda/lib64:/usr/local/cuda/lib64:/usr/local/cuda-12.1/lib64:/usr/local/cuda-11.8/lib64:/home/rhobtor/zed/install/zed_components/lib:/home/rhobtor/zed/install/zed_interfaces/lib:/home/rhobtor/PHD/reactive/Reactive-Navegation/workspace_full_conected/install/octomap_server/lib:/home/rhobtor/PHD/reactive/Reactive-Navegation/workspace_full_conected/install/octomap_rviz_plugins/lib:/home/rhobtor/PHD/reactive/Reactive-Navegation/workspace_full_conected/install/hector_gazebo_plugins/lib:/home/rhobtor/PHD/reactive/Reactive-Navegation/workspace_full_conected/install/car_cpp/lib:/home/rhobtor/PHD/reactive/Reactive-Navegation/workspace_full_conected/install/car_interfaces/lib:/usr/lib/x86_64-linux-gnu/gazebo-11/plugins:/opt/ros/humble/opt/rviz_ogre_vendor/lib:/opt/ros/humble/lib/x86_64-linux-gnu:/opt/ros/humble/lib /opt/st/stm32cubeclt_1.18.0/CMake/bin/cmake --install /home/rhobtor/PHD/ARGOJ8_IA/ARGOSJ8_IA_/build/fixposition_driver_ros2
[4.457s] Level 1:colcon.colcon_core.environment:checking '/home/rhobtor/PHD/ARGOJ8_IA/ARGOSJ8_IA_/install/ntrip_client' for CMake module files
[4.458s] DEBUG:colcon.colcon_core.event_handler.log_command:Invoked command in '/home/rhobtor/PHD/ARGOJ8_IA/ARGOSJ8_IA_/src/argo_drivers_pkgs/ntrip_client' returned '0': PYTHONPATH=/home/rhobtor/PHD/ARGOJ8_IA/ARGOSJ8_IA_/build/ntrip_client/prefix_override:/usr/lib/python3/dist-packages/colcon_core/task/python/colcon_distutils_commands:/home/rhobtor/PHD/ARGOJ8_IA/ARGOSJ8_IA_/install/ntrip_client/lib/python3.10/site-packages:${PYTHONPATH} /usr/bin/python3 -W ignore:setup.py install is deprecated -W ignore:easy_install command is deprecated setup.py egg_info --egg-base ../../../build/ntrip_client build --build-base /home/rhobtor/PHD/ARGOJ8_IA/ARGOSJ8_IA_/build/ntrip_client/build install --record /home/rhobtor/PHD/ARGOJ8_IA/ARGOSJ8_IA_/build/ntrip_client/install.log --single-version-externally-managed install_data
[4.459s] Level 1:colcon.colcon_core.environment:checking '/home/rhobtor/PHD/ARGOJ8_IA/ARGOSJ8_IA_/install/ntrip_client' for CMake config files
[4.460s] Level 1:colcon.colcon_core.environment:checking '/home/rhobtor/PHD/ARGOJ8_IA/ARGOSJ8_IA_/install/ntrip_client/lib'
[4.460s] Level 1:colcon.colcon_core.environment:checking '/home/rhobtor/PHD/ARGOJ8_IA/ARGOSJ8_IA_/install/ntrip_client/bin'
[4.460s] Level 1:colcon.colcon_core.environment:checking '/home/rhobtor/PHD/ARGOJ8_IA/ARGOSJ8_IA_/install/ntrip_client/lib/pkgconfig/ntrip_client.pc'
[4.461s] Level 1:colcon.colcon_core.environment:checking '/home/rhobtor/PHD/ARGOJ8_IA/ARGOSJ8_IA_/install/ntrip_client/lib/python3.10/site-packages'
[4.461s] Level 1:colcon.colcon_core.shell:create_environment_hook('ntrip_client', 'pythonpath')
[4.461s] INFO:colcon.colcon_core.shell:Creating environment hook '/home/rhobtor/PHD/ARGOJ8_IA/ARGOSJ8_IA_/install/ntrip_client/share/ntrip_client/hook/pythonpath.ps1'
[4.463s] INFO:colcon.colcon_core.shell:Creating environment descriptor '/home/rhobtor/PHD/ARGOJ8_IA/ARGOSJ8_IA_/install/ntrip_client/share/ntrip_client/hook/pythonpath.dsv'
[4.465s] INFO:colcon.colcon_core.shell:Creating environment hook '/home/rhobtor/PHD/ARGOJ8_IA/ARGOSJ8_IA_/install/ntrip_client/share/ntrip_client/hook/pythonpath.sh'
[4.468s] Level 1:colcon.colcon_core.environment:checking '/home/rhobtor/PHD/ARGOJ8_IA/ARGOSJ8_IA_/install/ntrip_client/bin'
[4.468s] Level 1:colcon.colcon_core.environment:create_environment_scripts_only(ntrip_client)
[4.470s] INFO:colcon.colcon_core.shell:Creating package script '/home/rhobtor/PHD/ARGOJ8_IA/ARGOSJ8_IA_/install/ntrip_client/share/ntrip_client/package.ps1'
[4.473s] INFO:colcon.colcon_core.shell:Creating package descriptor '/home/rhobtor/PHD/ARGOJ8_IA/ARGOSJ8_IA_/install/ntrip_client/share/ntrip_client/package.dsv'
[4.474s] INFO:colcon.colcon_core.shell:Creating package script '/home/rhobtor/PHD/ARGOJ8_IA/ARGOSJ8_IA_/install/ntrip_client/share/ntrip_client/package.sh'
[4.476s] INFO:colcon.colcon_core.shell:Creating package script '/home/rhobtor/PHD/ARGOJ8_IA/ARGOSJ8_IA_/install/ntrip_client/share/ntrip_client/package.bash'
[4.497s] INFO:colcon.colcon_core.shell:Creating package script '/home/rhobtor/PHD/ARGOJ8_IA/ARGOSJ8_IA_/install/ntrip_client/share/ntrip_client/package.zsh'
[4.500s] Level 1:colcon.colcon_core.environment:create_file_with_runtime_dependencies(/home/rhobtor/PHD/ARGOJ8_IA/ARGOSJ8_IA_/install/ntrip_client/share/colcon-core/packages/ntrip_client)
[4.583s] Level 1:colcon.colcon_core.environment:create_environment_scripts_only(fixposition_driver_ros2)
[4.584s] Level 1:colcon.colcon_core.environment:checking '/home/rhobtor/PHD/ARGOJ8_IA/ARGOSJ8_IA_/install/fixposition_driver_ros2' for CMake module files
[4.587s] Level 1:colcon.colcon_core.environment:checking '/home/rhobtor/PHD/ARGOJ8_IA/ARGOSJ8_IA_/install/fixposition_driver_ros2' for CMake config files
[4.590s] Level 1:colcon.colcon_core.shell:create_environment_hook('fixposition_driver_ros2', 'cmake_prefix_path')
[4.590s] INFO:colcon.colcon_core.shell:Creating environment hook '/home/rhobtor/PHD/ARGOJ8_IA/ARGOSJ8_IA_/install/fixposition_driver_ros2/share/fixposition_driver_ros2/hook/cmake_prefix_path.ps1'
[4.592s] DEBUG:colcon.colcon_core.event_handler.log_command:Invoked command in '/home/rhobtor/PHD/ARGOJ8_IA/ARGOSJ8_IA_/build/fixposition_driver_ros2' returned '0': CMAKE_PREFIX_PATH=/home/rhobtor/PHD/ARGOJ8_IA/ARGOSJ8_IA_/install/fixposition_driver_lib:/home/rhobtor/PHD/ARGOJ8_IA/ARGOSJ8_IA_/install/fixposition_gnss_tf:/home/rhobtor/PHD/ARGOJ8_IA/ARGOSJ8_IA_/install/wiimote_msgs:/home/rhobtor/PHD/ARGOJ8_IA/ARGOSJ8_IA_/install/ublox:/home/rhobtor/PHD/ARGOJ8_IA/ARGOSJ8_IA_/install/ublox_gps:/home/rhobtor/PHD/ARGOJ8_IA/ARGOSJ8_IA_/install/security_check:/home/rhobtor/PHD/ARGOJ8_IA/ARGOSJ8_IA_/install/ctl_mission:/home/rhobtor/PHD/ARGOJ8_IA/ARGOSJ8_IA_/install/ublox_msgs:/home/rhobtor/PHD/ARGOJ8_IA/ARGOSJ8_IA_/install/ublox_serialization:/home/rhobtor/PHD/ARGOJ8_IA/ARGOSJ8_IA_/install/spacenav:/home/rhobtor/PHD/ARGOJ8_IA/ARGOSJ8_IA_/install/laser_segmentation:/home/rhobtor/PHD/ARGOJ8_IA/ARGOSJ8_IA_/install/slg_msgs:/home/rhobtor/PHD/ARGOJ8_IA/ARGOSJ8_IA_/install/security_check_interfaces:/home/rhobtor/PHD/ARGOJ8_IA/ARGOSJ8_IA_/install/joy:/home/rhobtor/PHD/ARGOJ8_IA/ARGOSJ8_IA_/install/sdl2_vendor:/home/rhobtor/PHD/ARGOJ8_IA/ARGOSJ8_IA_/install/path_manager:/home/rhobtor/PHD/ARGOJ8_IA/ARGOSJ8_IA_/install/path_manager_interfaces:/home/rhobtor/PHD/ARGOJ8_IA/ARGOSJ8_IA_/install/octomap_rviz_plugins:/home/rhobtor/PHD/ARGOJ8_IA/ARGOSJ8_IA_/install/joy_linux:/home/rhobtor/PHD/ARGOJ8_IA/ARGOSJ8_IA_/install/j8_xacro_model:/home/rhobtor/PHD/ARGOJ8_IA/ARGOSJ8_IA_/install/hector_gazebo_plugins:/home/rhobtor/PHD/ARGOJ8_IA/ARGOSJ8_IA_/install/fixposition_sensor_pkg:/home/rhobtor/PHD/ARGOJ8_IA/ARGOSJ8_IA_/install/fixposition_odometry_converter_ros2:/home/rhobtor/PHD/ARGOJ8_IA/ARGOSJ8_IA_/install/fixposition_driver_ros2:/home/rhobtor/PHD/ARGOJ8_IA/ARGOSJ8_IA_/install/ctl_mission_interfaces:/home/rhobtor/PHD/ARGOJ8_IA/ARGOSJ8_IA_/install/car_cpp:/home/rhobtor/PHD/ARGOJ8_IA/ARGOSJ8_IA_/install/car_interfaces:/home/rhobtor/PHD/ARGOJ8_IA/ARGOSJ8_IA_/install/argj801_setup:/home/rhobtor/PHD/ARGOJ8_IA/ARGOSJ8_IA_/install/argj801_sensors:/home/rhobtor/PHD/ARGOJ8_IA/ARGOSJ8_IA_/install/argj801_sensors_msgs:/home/rhobtor/PHD/ARGOJ8_IA/ARGOSJ8_IA_/install/argj801_ctl_platform:/home/rhobtor/PHD/ARGOJ8_IA/ARGOSJ8_IA_/install/argj801_ctl_platform_interfaces:/home/rhobtor/zed/install/zed_ros2:/home/rhobtor/zed/install/zed_wrapper:/home/rhobtor/zed/install/zed_components:/home/rhobtor/zed/install/zed_interfaces:/home/rhobtor/PHD/reactive/Reactive-Navegation/workspace_full_conected/install/octomap_mapping:/home/rhobtor/PHD/reactive/Reactive-Navegation/workspace_full_conected/install/octomap_server:/home/rhobtor/PHD/reactive/Reactive-Navegation/workspace_full_conected/install/octomap_rviz_plugins:/home/rhobtor/PHD/reactive/Reactive-Navegation/workspace_full_conected/install/hector_gazebo_plugins:/home/rhobtor/PHD/reactive/Reactive-Navegation/workspace_full_conected/install/car_cpp:/home/rhobtor/PHD/reactive/Reactive-Navegation/workspace_full_conected/install/car_interfaces:/home/rhobtor/PHD/ARGOJ8_IA/ARGOSJ8_IA_/install/ntrip_client:/home/rhobtor/PHD/ARGOJ8_IA/ARGOSJ8_IA_/install/car:/home/rhobtor/PHD/ARGOJ8_IA/ARGOSJ8_IA_/install/android_ros2_server:/home/rhobtor/PHD/reactive/Reactive-Navegation/workspace_full_conected/install/car:/opt/ros/humble LD_LIBRARY_PATH=/home/rhobtor/PHD/ARGOJ8_IA/ARGOSJ8_IA_/install/fixposition_driver_lib/lib:/home/rhobtor/PHD/ARGOJ8_IA/ARGOSJ8_IA_/install/fixposition_gnss_tf/lib:/home/rhobtor/PHD/ARGOJ8_IA/ARGOSJ8_IA_/install/wiimote_msgs/lib:/home/rhobtor/PHD/ARGOJ8_IA/ARGOSJ8_IA_/install/ublox_gps/lib:/home/rhobtor/PHD/ARGOJ8_IA/ARGOSJ8_IA_/install/ublox_msgs/lib:/home/rhobtor/PHD/ARGOJ8_IA/ARGOSJ8_IA_/install/spacenav/lib:/home/rhobtor/PHD/ARGOJ8_IA/ARGOSJ8_IA_/install/laser_segmentation/lib:/home/rhobtor/PHD/ARGOJ8_IA/ARGOSJ8_IA_/install/slg_msgs/lib:/home/rhobtor/PHD/ARGOJ8_IA/ARGOSJ8_IA_/install/security_check_interfaces/lib:/home/rhobtor/PHD/ARGOJ8_IA/ARGOSJ8_IA_/install/joy/lib:/home/rhobtor/PHD/ARGOJ8_IA/ARGOSJ8_IA_/install/path_manager_interfaces/lib:/home/rhobtor/PHD/ARGOJ8_IA/ARGOSJ8_IA_/install/octomap_rviz_plugins/lib:/home/rhobtor/PHD/ARGOJ8_IA/ARGOSJ8_IA_/install/j8_xacro_model/lib:/home/rhobtor/PHD/ARGOJ8_IA/ARGOSJ8_IA_/install/hector_gazebo_plugins/lib:/home/rhobtor/PHD/ARGOJ8_IA/ARGOSJ8_IA_/install/fixposition_sensor_pkg/lib:/home/rhobtor/PHD/ARGOJ8_IA/ARGOSJ8_IA_/install/fixposition_odometry_converter_ros2/lib:/home/rhobtor/PHD/ARGOJ8_IA/ARGOSJ8_IA_/install/fixposition_driver_ros2/lib:/home/rhobtor/PHD/ARGOJ8_IA/ARGOSJ8_IA_/install/ctl_mission_interfaces/lib:/home/rhobtor/PHD/ARGOJ8_IA/ARGOSJ8_IA_/install/car_cpp/lib:/home/rhobtor/PHD/ARGOJ8_IA/ARGOSJ8_IA_/install/car_interfaces/lib:/home/rhobtor/PHD/ARGOJ8_IA/ARGOSJ8_IA_/install/argj801_sensors_msgs/lib:/home/rhobtor/PHD/ARGOJ8_IA/ARGOSJ8_IA_/install/argj801_ctl_platform_interfaces/lib:/usr/local/cuda/lib64:/usr/local/cuda/lib64:/usr/local/cuda-12.1/lib64:/usr/local/cuda-11.8/lib64:/home/rhobtor/zed/install/zed_components/lib:/home/rhobtor/zed/install/zed_interfaces/lib:/home/rhobtor/PHD/reactive/Reactive-Navegation/workspace_full_conected/install/octomap_server/lib:/home/rhobtor/PHD/reactive/Reactive-Navegation/workspace_full_conected/install/octomap_rviz_plugins/lib:/home/rhobtor/PHD/reactive/Reactive-Navegation/workspace_full_conected/install/hector_gazebo_plugins/lib:/home/rhobtor/PHD/reactive/Reactive-Navegation/workspace_full_conected/install/car_cpp/lib:/home/rhobtor/PHD/reactive/Reactive-Navegation/workspace_full_conected/install/car_interfaces/lib:/usr/lib/x86_64-linux-gnu/gazebo-11/plugins:/opt/ros/humble/opt/rviz_ogre_vendor/lib:/opt/ros/humble/lib/x86_64-linux-gnu:/opt/ros/humble/lib /opt/st/stm32cubeclt_1.18.0/CMake/bin/cmake --install /home/rhobtor/PHD/ARGOJ8_IA/ARGOSJ8_IA_/build/fixposition_driver_ros2
[4.593s] INFO:colcon.colcon_core.shell:Creating environment descriptor '/home/rhobtor/PHD/ARGOJ8_IA/ARGOSJ8_IA_/install/fixposition_driver_ros2/share/fixposition_driver_ros2/hook/cmake_prefix_path.dsv'
[4.603s] INFO:colcon.colcon_core.shell:Creating environment hook '/home/rhobtor/PHD/ARGOJ8_IA/ARGOSJ8_IA_/install/fixposition_driver_ros2/share/fixposition_driver_ros2/hook/cmake_prefix_path.sh'
[4.607s] Level 1:colcon.colcon_core.environment:checking '/home/rhobtor/PHD/ARGOJ8_IA/ARGOSJ8_IA_/install/fixposition_driver_ros2/lib'
[4.608s] Level 1:colcon.colcon_core.shell:create_environment_hook('fixposition_driver_ros2', 'ld_library_path_lib')
[4.609s] INFO:colcon.colcon_core.shell:Creating environment hook '/home/rhobtor/PHD/ARGOJ8_IA/ARGOSJ8_IA_/install/fixposition_driver_ros2/share/fixposition_driver_ros2/hook/ld_library_path_lib.ps1'
[4.610s] INFO:colcon.colcon_core.shell:Creating environment descriptor '/home/rhobtor/PHD/ARGOJ8_IA/ARGOSJ8_IA_/install/fixposition_driver_ros2/share/fixposition_driver_ros2/hook/ld_library_path_lib.dsv'
[4.611s] INFO:colcon.colcon_core.shell:Creating environment hook '/home/rhobtor/PHD/ARGOJ8_IA/ARGOSJ8_IA_/install/fixposition_driver_ros2/share/fixposition_driver_ros2/hook/ld_library_path_lib.sh'
[4.611s] Level 1:colcon.colcon_core.environment:checking '/home/rhobtor/PHD/ARGOJ8_IA/ARGOSJ8_IA_/install/fixposition_driver_ros2/bin'
[4.611s] Level 1:colcon.colcon_core.environment:checking '/home/rhobtor/PHD/ARGOJ8_IA/ARGOSJ8_IA_/install/fixposition_driver_ros2/lib/pkgconfig/fixposition_driver_ros2.pc'
[4.611s] Level 1:colcon.colcon_core.environment:checking '/home/rhobtor/PHD/ARGOJ8_IA/ARGOSJ8_IA_/install/fixposition_driver_ros2/lib/python3.10/site-packages'
[4.612s] Level 1:colcon.colcon_core.environment:checking '/home/rhobtor/PHD/ARGOJ8_IA/ARGOSJ8_IA_/install/fixposition_driver_ros2/bin'
[4.612s] INFO:colcon.colcon_core.shell:Creating package script '/home/rhobtor/PHD/ARGOJ8_IA/ARGOSJ8_IA_/install/fixposition_driver_ros2/share/fixposition_driver_ros2/package.ps1'
[4.614s] INFO:colcon.colcon_core.shell:Creating package descriptor '/home/rhobtor/PHD/ARGOJ8_IA/ARGOSJ8_IA_/install/fixposition_driver_ros2/share/fixposition_driver_ros2/package.dsv'
[4.615s] INFO:colcon.colcon_core.shell:Creating package script '/home/rhobtor/PHD/ARGOJ8_IA/ARGOSJ8_IA_/install/fixposition_driver_ros2/share/fixposition_driver_ros2/package.sh'
[4.615s] INFO:colcon.colcon_core.shell:Creating package script '/home/rhobtor/PHD/ARGOJ8_IA/ARGOSJ8_IA_/install/fixposition_driver_ros2/share/fixposition_driver_ros2/package.bash'
[4.615s] INFO:colcon.colcon_core.shell:Creating package script '/home/rhobtor/PHD/ARGOJ8_IA/ARGOSJ8_IA_/install/fixposition_driver_ros2/share/fixposition_driver_ros2/package.zsh'
[4.616s] Level 1:colcon.colcon_core.environment:create_file_with_runtime_dependencies(/home/rhobtor/PHD/ARGOJ8_IA/ARGOSJ8_IA_/install/fixposition_driver_ros2/share/colcon-core/packages/fixposition_driver_ros2)
[4.617s] Level 1:colcon.colcon_core.environment:create_environment_scripts_only(fixposition_driver_ros2)
[4.618s] Level 1:colcon.colcon_core.environment:checking '/home/rhobtor/PHD/ARGOJ8_IA/ARGOSJ8_IA_/install/fixposition_driver_ros2' for CMake module files
[4.620s] Level 1:colcon.colcon_core.environment:checking '/home/rhobtor/PHD/ARGOJ8_IA/ARGOSJ8_IA_/install/fixposition_driver_ros2' for CMake config files
[4.621s] Level 1:colcon.colcon_core.shell:create_environment_hook('fixposition_driver_ros2', 'cmake_prefix_path')
[4.621s] INFO:colcon.colcon_core.shell:Creating environment hook '/home/rhobtor/PHD/ARGOJ8_IA/ARGOSJ8_IA_/install/fixposition_driver_ros2/share/fixposition_driver_ros2/hook/cmake_prefix_path.ps1'
[4.622s] INFO:colcon.colcon_core.shell:Creating environment descriptor '/home/rhobtor/PHD/ARGOJ8_IA/ARGOSJ8_IA_/install/fixposition_driver_ros2/share/fixposition_driver_ros2/hook/cmake_prefix_path.dsv'
[4.625s] INFO:colcon.colcon_core.shell:Creating environment hook '/home/rhobtor/PHD/ARGOJ8_IA/ARGOSJ8_IA_/install/fixposition_driver_ros2/share/fixposition_driver_ros2/hook/cmake_prefix_path.sh'
[4.627s] Level 1:colcon.colcon_core.environment:checking '/home/rhobtor/PHD/ARGOJ8_IA/ARGOSJ8_IA_/install/fixposition_driver_ros2/lib'
[4.627s] Level 1:colcon.colcon_core.shell:create_environment_hook('fixposition_driver_ros2', 'ld_library_path_lib')
[4.627s] INFO:colcon.colcon_core.shell:Creating environment hook '/home/rhobtor/PHD/ARGOJ8_IA/ARGOSJ8_IA_/install/fixposition_driver_ros2/share/fixposition_driver_ros2/hook/ld_library_path_lib.ps1'
[4.628s] INFO:colcon.colcon_core.shell:Creating environment descriptor '/home/rhobtor/PHD/ARGOJ8_IA/ARGOSJ8_IA_/install/fixposition_driver_ros2/share/fixposition_driver_ros2/hook/ld_library_path_lib.dsv'
[4.628s] INFO:colcon.colcon_core.shell:Creating environment hook '/home/rhobtor/PHD/ARGOJ8_IA/ARGOSJ8_IA_/install/fixposition_driver_ros2/share/fixposition_driver_ros2/hook/ld_library_path_lib.sh'
[4.629s] Level 1:colcon.colcon_core.environment:checking '/home/rhobtor/PHD/ARGOJ8_IA/ARGOSJ8_IA_/install/fixposition_driver_ros2/bin'
[4.629s] Level 1:colcon.colcon_core.environment:checking '/home/rhobtor/PHD/ARGOJ8_IA/ARGOSJ8_IA_/install/fixposition_driver_ros2/lib/pkgconfig/fixposition_driver_ros2.pc'
[4.629s] Level 1:colcon.colcon_core.environment:checking '/home/rhobtor/PHD/ARGOJ8_IA/ARGOSJ8_IA_/install/fixposition_driver_ros2/lib/python3.10/site-packages'
[4.629s] Level 1:colcon.colcon_core.environment:checking '/home/rhobtor/PHD/ARGOJ8_IA/ARGOSJ8_IA_/install/fixposition_driver_ros2/bin'
[4.630s] INFO:colcon.colcon_core.shell:Creating package script '/home/rhobtor/PHD/ARGOJ8_IA/ARGOSJ8_IA_/install/fixposition_driver_ros2/share/fixposition_driver_ros2/package.ps1'
[4.631s] INFO:colcon.colcon_core.shell:Creating package descriptor '/home/rhobtor/PHD/ARGOJ8_IA/ARGOSJ8_IA_/install/fixposition_driver_ros2/share/fixposition_driver_ros2/package.dsv'
[4.633s] INFO:colcon.colcon_core.shell:Creating package script '/home/rhobtor/PHD/ARGOJ8_IA/ARGOSJ8_IA_/install/fixposition_driver_ros2/share/fixposition_driver_ros2/package.sh'
[4.635s] INFO:colcon.colcon_core.shell:Creating package script '/home/rhobtor/PHD/ARGOJ8_IA/ARGOSJ8_IA_/install/fixposition_driver_ros2/share/fixposition_driver_ros2/package.bash'
[4.635s] INFO:colcon.colcon_core.shell:Creating package script '/home/rhobtor/PHD/ARGOJ8_IA/ARGOSJ8_IA_/install/fixposition_driver_ros2/share/fixposition_driver_ros2/package.zsh'
[4.636s] Level 1:colcon.colcon_core.environment:create_file_with_runtime_dependencies(/home/rhobtor/PHD/ARGOJ8_IA/ARGOSJ8_IA_/install/fixposition_driver_ros2/share/colcon-core/packages/fixposition_driver_ros2)
[4.637s] INFO:colcon.colcon_ros.task.ament_cmake.build:Building ROS package in '/home/rhobtor/PHD/ARGOJ8_IA/ARGOSJ8_IA_/src/argo_drivers_pkgs/Fixposition_driver_pkg/fixposition_driver-main/fixposition_odometry_converter_ros2' with build type 'ament_cmake'
[4.637s] INFO:colcon.colcon_cmake.task.cmake.build:Building CMake package in '/home/rhobtor/PHD/ARGOJ8_IA/ARGOSJ8_IA_/src/argo_drivers_pkgs/Fixposition_driver_pkg/fixposition_driver-main/fixposition_odometry_converter_ros2'
[4.637s] INFO:colcon.colcon_core.shell:Skip shell extension 'powershell' for command environment: Not usable outside of PowerShell
[4.637s] DEBUG:colcon.colcon_core.shell:Skip shell extension 'dsv' for command environment
[4.668s] DEBUG:colcon.colcon_core.event_handler.log_command:Invoking command in '/home/rhobtor/PHD/ARGOJ8_IA/ARGOSJ8_IA_/build/fixposition_odometry_converter_ros2': CMAKE_PREFIX_PATH=/home/rhobtor/PHD/ARGOJ8_IA/ARGOSJ8_IA_/install/fixposition_driver_ros2:/home/rhobtor/PHD/ARGOJ8_IA/ARGOSJ8_IA_/install/fixposition_driver_lib:/home/rhobtor/PHD/ARGOJ8_IA/ARGOSJ8_IA_/install/fixposition_gnss_tf:/home/rhobtor/PHD/ARGOJ8_IA/ARGOSJ8_IA_/install/wiimote_msgs:/home/rhobtor/PHD/ARGOJ8_IA/ARGOSJ8_IA_/install/ublox:/home/rhobtor/PHD/ARGOJ8_IA/ARGOSJ8_IA_/install/ublox_gps:/home/rhobtor/PHD/ARGOJ8_IA/ARGOSJ8_IA_/install/security_check:/home/rhobtor/PHD/ARGOJ8_IA/ARGOSJ8_IA_/install/ctl_mission:/home/rhobtor/PHD/ARGOJ8_IA/ARGOSJ8_IA_/install/ublox_msgs:/home/rhobtor/PHD/ARGOJ8_IA/ARGOSJ8_IA_/install/ublox_serialization:/home/rhobtor/PHD/ARGOJ8_IA/ARGOSJ8_IA_/install/spacenav:/home/rhobtor/PHD/ARGOJ8_IA/ARGOSJ8_IA_/install/laser_segmentation:/home/rhobtor/PHD/ARGOJ8_IA/ARGOSJ8_IA_/install/slg_msgs:/home/rhobtor/PHD/ARGOJ8_IA/ARGOSJ8_IA_/install/security_check_interfaces:/home/rhobtor/PHD/ARGOJ8_IA/ARGOSJ8_IA_/install/joy:/home/rhobtor/PHD/ARGOJ8_IA/ARGOSJ8_IA_/install/sdl2_vendor:/home/rhobtor/PHD/ARGOJ8_IA/ARGOSJ8_IA_/install/path_manager:/home/rhobtor/PHD/ARGOJ8_IA/ARGOSJ8_IA_/install/path_manager_interfaces:/home/rhobtor/PHD/ARGOJ8_IA/ARGOSJ8_IA_/install/octomap_rviz_plugins:/home/rhobtor/PHD/ARGOJ8_IA/ARGOSJ8_IA_/install/joy_linux:/home/rhobtor/PHD/ARGOJ8_IA/ARGOSJ8_IA_/install/j8_xacro_model:/home/rhobtor/PHD/ARGOJ8_IA/ARGOSJ8_IA_/install/hector_gazebo_plugins:/home/rhobtor/PHD/ARGOJ8_IA/ARGOSJ8_IA_/install/fixposition_sensor_pkg:/home/rhobtor/PHD/ARGOJ8_IA/ARGOSJ8_IA_/install/fixposition_odometry_converter_ros2:/home/rhobtor/PHD/ARGOJ8_IA/ARGOSJ8_IA_/install/ctl_mission_interfaces:/home/rhobtor/PHD/ARGOJ8_IA/ARGOSJ8_IA_/install/car_cpp:/home/rhobtor/PHD/ARGOJ8_IA/ARGOSJ8_IA_/install/car_interfaces:/home/rhobtor/PHD/ARGOJ8_IA/ARGOSJ8_IA_/install/argj801_setup:/home/rhobtor/PHD/ARGOJ8_IA/ARGOSJ8_IA_/install/argj801_sensors:/home/rhobtor/PHD/ARGOJ8_IA/ARGOSJ8_IA_/install/argj801_sensors_msgs:/home/rhobtor/PHD/ARGOJ8_IA/ARGOSJ8_IA_/install/argj801_ctl_platform:/home/rhobtor/PHD/ARGOJ8_IA/ARGOSJ8_IA_/install/argj801_ctl_platform_interfaces:/home/rhobtor/zed/install/zed_ros2:/home/rhobtor/zed/install/zed_wrapper:/home/rhobtor/zed/install/zed_components:/home/rhobtor/zed/install/zed_interfaces:/home/rhobtor/PHD/reactive/Reactive-Navegation/workspace_full_conected/install/octomap_mapping:/home/rhobtor/PHD/reactive/Reactive-Navegation/workspace_full_conected/install/octomap_server:/home/rhobtor/PHD/reactive/Reactive-Navegation/workspace_full_conected/install/octomap_rviz_plugins:/home/rhobtor/PHD/reactive/Reactive-Navegation/workspace_full_conected/install/hector_gazebo_plugins:/home/rhobtor/PHD/reactive/Reactive-Navegation/workspace_full_conected/install/car_cpp:/home/rhobtor/PHD/reactive/Reactive-Navegation/workspace_full_conected/install/car_interfaces:/home/rhobtor/PHD/ARGOJ8_IA/ARGOSJ8_IA_/install/ntrip_client:/home/rhobtor/PHD/ARGOJ8_IA/ARGOSJ8_IA_/install/car:/home/rhobtor/PHD/ARGOJ8_IA/ARGOSJ8_IA_/install/android_ros2_server:/home/rhobtor/PHD/reactive/Reactive-Navegation/workspace_full_conected/install/car:/opt/ros/humble LD_LIBRARY_PATH=/home/rhobtor/PHD/ARGOJ8_IA/ARGOSJ8_IA_/install/fixposition_driver_ros2/lib:/home/rhobtor/PHD/ARGOJ8_IA/ARGOSJ8_IA_/install/fixposition_driver_lib/lib:/home/rhobtor/PHD/ARGOJ8_IA/ARGOSJ8_IA_/install/fixposition_gnss_tf/lib:/home/rhobtor/PHD/ARGOJ8_IA/ARGOSJ8_IA_/install/wiimote_msgs/lib:/home/rhobtor/PHD/ARGOJ8_IA/ARGOSJ8_IA_/install/ublox_gps/lib:/home/rhobtor/PHD/ARGOJ8_IA/ARGOSJ8_IA_/install/ublox_msgs/lib:/home/rhobtor/PHD/ARGOJ8_IA/ARGOSJ8_IA_/install/spacenav/lib:/home/rhobtor/PHD/ARGOJ8_IA/ARGOSJ8_IA_/install/laser_segmentation/lib:/home/rhobtor/PHD/ARGOJ8_IA/ARGOSJ8_IA_/install/slg_msgs/lib:/home/rhobtor/PHD/ARGOJ8_IA/ARGOSJ8_IA_/install/security_check_interfaces/lib:/home/rhobtor/PHD/ARGOJ8_IA/ARGOSJ8_IA_/install/joy/lib:/home/rhobtor/PHD/ARGOJ8_IA/ARGOSJ8_IA_/install/path_manager_interfaces/lib:/home/rhobtor/PHD/ARGOJ8_IA/ARGOSJ8_IA_/install/octomap_rviz_plugins/lib:/home/rhobtor/PHD/ARGOJ8_IA/ARGOSJ8_IA_/install/j8_xacro_model/lib:/home/rhobtor/PHD/ARGOJ8_IA/ARGOSJ8_IA_/install/hector_gazebo_plugins/lib:/home/rhobtor/PHD/ARGOJ8_IA/ARGOSJ8_IA_/install/fixposition_sensor_pkg/lib:/home/rhobtor/PHD/ARGOJ8_IA/ARGOSJ8_IA_/install/fixposition_odometry_converter_ros2/lib:/home/rhobtor/PHD/ARGOJ8_IA/ARGOSJ8_IA_/install/ctl_mission_interfaces/lib:/home/rhobtor/PHD/ARGOJ8_IA/ARGOSJ8_IA_/install/car_cpp/lib:/home/rhobtor/PHD/ARGOJ8_IA/ARGOSJ8_IA_/install/car_interfaces/lib:/home/rhobtor/PHD/ARGOJ8_IA/ARGOSJ8_IA_/install/argj801_sensors_msgs/lib:/home/rhobtor/PHD/ARGOJ8_IA/ARGOSJ8_IA_/install/argj801_ctl_platform_interfaces/lib:/usr/local/cuda/lib64:/usr/local/cuda/lib64:/usr/local/cuda-12.1/lib64:/usr/local/cuda-11.8/lib64:/home/rhobtor/zed/install/zed_components/lib:/home/rhobtor/zed/install/zed_interfaces/lib:/home/rhobtor/PHD/reactive/Reactive-Navegation/workspace_full_conected/install/octomap_server/lib:/home/rhobtor/PHD/reactive/Reactive-Navegation/workspace_full_conected/install/octomap_rviz_plugins/lib:/home/rhobtor/PHD/reactive/Reactive-Navegation/workspace_full_conected/install/hector_gazebo_plugins/lib:/home/rhobtor/PHD/reactive/Reactive-Navegation/workspace_full_conected/install/car_cpp/lib:/home/rhobtor/PHD/reactive/Reactive-Navegation/workspace_full_conected/install/car_interfaces/lib:/usr/lib/x86_64-linux-gnu/gazebo-11/plugins:/opt/ros/humble/opt/rviz_ogre_vendor/lib:/opt/ros/humble/lib/x86_64-linux-gnu:/opt/ros/humble/lib /opt/st/stm32cubeclt_1.18.0/CMake/bin/cmake --build /home/rhobtor/PHD/ARGOJ8_IA/ARGOSJ8_IA_/build/fixposition_odometry_converter_ros2 -- -j16 -l16
[4.689s] Level 1:colcon.colcon_core.environment:create_environment_scripts_only(ublox_msgs)
[4.691s] Level 1:colcon.colcon_core.environment:checking '/home/rhobtor/PHD/ARGOJ8_IA/ARGOSJ8_IA_/install/ublox_msgs' for CMake module files
[4.694s] DEBUG:colcon.colcon_core.event_handler.log_command:Invoked command in '/home/rhobtor/PHD/ARGOJ8_IA/ARGOSJ8_IA_/build/ublox_msgs' returned '0': CMAKE_PREFIX_PATH=/home/rhobtor/PHD/ARGOJ8_IA/ARGOSJ8_IA_/install/ublox_serialization:/home/rhobtor/PHD/ARGOJ8_IA/ARGOSJ8_IA_/install/wiimote_msgs:/home/rhobtor/PHD/ARGOJ8_IA/ARGOSJ8_IA_/install/ublox:/home/rhobtor/PHD/ARGOJ8_IA/ARGOSJ8_IA_/install/ublox_gps:/home/rhobtor/PHD/ARGOJ8_IA/ARGOSJ8_IA_/install/security_check:/home/rhobtor/PHD/ARGOJ8_IA/ARGOSJ8_IA_/install/ctl_mission:/home/rhobtor/PHD/ARGOJ8_IA/ARGOSJ8_IA_/install/ublox_msgs:/home/rhobtor/PHD/ARGOJ8_IA/ARGOSJ8_IA_/install/spacenav:/home/rhobtor/PHD/ARGOJ8_IA/ARGOSJ8_IA_/install/laser_segmentation:/home/rhobtor/PHD/ARGOJ8_IA/ARGOSJ8_IA_/install/slg_msgs:/home/rhobtor/PHD/ARGOJ8_IA/ARGOSJ8_IA_/install/security_check_interfaces:/home/rhobtor/PHD/ARGOJ8_IA/ARGOSJ8_IA_/install/joy:/home/rhobtor/PHD/ARGOJ8_IA/ARGOSJ8_IA_/install/sdl2_vendor:/home/rhobtor/PHD/ARGOJ8_IA/ARGOSJ8_IA_/install/path_manager:/home/rhobtor/PHD/ARGOJ8_IA/ARGOSJ8_IA_/install/path_manager_interfaces:/home/rhobtor/PHD/ARGOJ8_IA/ARGOSJ8_IA_/install/octomap_rviz_plugins:/home/rhobtor/PHD/ARGOJ8_IA/ARGOSJ8_IA_/install/joy_linux:/home/rhobtor/PHD/ARGOJ8_IA/ARGOSJ8_IA_/install/j8_xacro_model:/home/rhobtor/PHD/ARGOJ8_IA/ARGOSJ8_IA_/install/hector_gazebo_plugins:/home/rhobtor/PHD/ARGOJ8_IA/ARGOSJ8_IA_/install/fixposition_sensor_pkg:/home/rhobtor/PHD/ARGOJ8_IA/ARGOSJ8_IA_/install/fixposition_odometry_converter_ros2:/home/rhobtor/PHD/ARGOJ8_IA/ARGOSJ8_IA_/install/fixposition_driver_ros2:/home/rhobtor/PHD/ARGOJ8_IA/ARGOSJ8_IA_/install/fixposition_driver_lib:/home/rhobtor/PHD/ARGOJ8_IA/ARGOSJ8_IA_/install/fixposition_gnss_tf:/home/rhobtor/PHD/ARGOJ8_IA/ARGOSJ8_IA_/install/ctl_mission_interfaces:/home/rhobtor/PHD/ARGOJ8_IA/ARGOSJ8_IA_/install/car_cpp:/home/rhobtor/PHD/ARGOJ8_IA/ARGOSJ8_IA_/install/car_interfaces:/home/rhobtor/PHD/ARGOJ8_IA/ARGOSJ8_IA_/install/argj801_setup:/home/rhobtor/PHD/ARGOJ8_IA/ARGOSJ8_IA_/install/argj801_sensors:/home/rhobtor/PHD/ARGOJ8_IA/ARGOSJ8_IA_/install/argj801_sensors_msgs:/home/rhobtor/PHD/ARGOJ8_IA/ARGOSJ8_IA_/install/argj801_ctl_platform:/home/rhobtor/PHD/ARGOJ8_IA/ARGOSJ8_IA_/install/argj801_ctl_platform_interfaces:/home/rhobtor/zed/install/zed_ros2:/home/rhobtor/zed/install/zed_wrapper:/home/rhobtor/zed/install/zed_components:/home/rhobtor/zed/install/zed_interfaces:/home/rhobtor/PHD/reactive/Reactive-Navegation/workspace_full_conected/install/octomap_mapping:/home/rhobtor/PHD/reactive/Reactive-Navegation/workspace_full_conected/install/octomap_server:/home/rhobtor/PHD/reactive/Reactive-Navegation/workspace_full_conected/install/octomap_rviz_plugins:/home/rhobtor/PHD/reactive/Reactive-Navegation/workspace_full_conected/install/hector_gazebo_plugins:/home/rhobtor/PHD/reactive/Reactive-Navegation/workspace_full_conected/install/car_cpp:/home/rhobtor/PHD/reactive/Reactive-Navegation/workspace_full_conected/install/car_interfaces:/home/rhobtor/PHD/ARGOJ8_IA/ARGOSJ8_IA_/install/ntrip_client:/home/rhobtor/PHD/ARGOJ8_IA/ARGOSJ8_IA_/install/car:/home/rhobtor/PHD/ARGOJ8_IA/ARGOSJ8_IA_/install/android_ros2_server:/home/rhobtor/PHD/reactive/Reactive-Navegation/workspace_full_conected/install/car:/opt/ros/humble /opt/st/stm32cubeclt_1.18.0/CMake/bin/cmake --install /home/rhobtor/PHD/ARGOJ8_IA/ARGOSJ8_IA_/build/ublox_msgs
[4.701s] Level 1:colcon.colcon_core.environment:checking '/home/rhobtor/PHD/ARGOJ8_IA/ARGOSJ8_IA_/install/ublox_msgs' for CMake config files
[4.703s] Level 1:colcon.colcon_core.shell:create_environment_hook('ublox_msgs', 'cmake_prefix_path')
[4.705s] INFO:colcon.colcon_core.shell:Creating environment hook '/home/rhobtor/PHD/ARGOJ8_IA/ARGOSJ8_IA_/install/ublox_msgs/share/ublox_msgs/hook/cmake_prefix_path.ps1'
[4.709s] INFO:colcon.colcon_core.shell:Creating environment descriptor '/home/rhobtor/PHD/ARGOJ8_IA/ARGOSJ8_IA_/install/ublox_msgs/share/ublox_msgs/hook/cmake_prefix_path.dsv'
[4.712s] INFO:colcon.colcon_core.shell:Creating environment hook '/home/rhobtor/PHD/ARGOJ8_IA/ARGOSJ8_IA_/install/ublox_msgs/share/ublox_msgs/hook/cmake_prefix_path.sh'
[4.716s] Level 1:colcon.colcon_core.environment:checking '/home/rhobtor/PHD/ARGOJ8_IA/ARGOSJ8_IA_/install/ublox_msgs/lib'
[4.717s] Level 1:colcon.colcon_core.shell:create_environment_hook('ublox_msgs', 'ld_library_path_lib')
[4.719s] INFO:colcon.colcon_core.shell:Creating environment hook '/home/rhobtor/PHD/ARGOJ8_IA/ARGOSJ8_IA_/install/ublox_msgs/share/ublox_msgs/hook/ld_library_path_lib.ps1'
[4.722s] INFO:colcon.colcon_core.shell:Creating environment descriptor '/home/rhobtor/PHD/ARGOJ8_IA/ARGOSJ8_IA_/install/ublox_msgs/share/ublox_msgs/hook/ld_library_path_lib.dsv'
[4.725s] INFO:colcon.colcon_core.shell:Creating environment hook '/home/rhobtor/PHD/ARGOJ8_IA/ARGOSJ8_IA_/install/ublox_msgs/share/ublox_msgs/hook/ld_library_path_lib.sh'
[4.728s] Level 1:colcon.colcon_core.environment:checking '/home/rhobtor/PHD/ARGOJ8_IA/ARGOSJ8_IA_/install/ublox_msgs/bin'
[4.729s] Level 1:colcon.colcon_core.environment:checking '/home/rhobtor/PHD/ARGOJ8_IA/ARGOSJ8_IA_/install/ublox_msgs/lib/pkgconfig/ublox_msgs.pc'
[4.731s] Level 1:colcon.colcon_core.environment:checking '/home/rhobtor/PHD/ARGOJ8_IA/ARGOSJ8_IA_/install/ublox_msgs/lib/python3.10/site-packages'
[4.733s] Level 1:colcon.colcon_core.environment:checking '/home/rhobtor/PHD/ARGOJ8_IA/ARGOSJ8_IA_/install/ublox_msgs/bin'
[4.736s] INFO:colcon.colcon_core.shell:Creating package script '/home/rhobtor/PHD/ARGOJ8_IA/ARGOSJ8_IA_/install/ublox_msgs/share/ublox_msgs/package.ps1'
[4.740s] INFO:colcon.colcon_core.shell:Creating package descriptor '/home/rhobtor/PHD/ARGOJ8_IA/ARGOSJ8_IA_/install/ublox_msgs/share/ublox_msgs/package.dsv'
[4.744s] INFO:colcon.colcon_core.shell:Creating package script '/home/rhobtor/PHD/ARGOJ8_IA/ARGOSJ8_IA_/install/ublox_msgs/share/ublox_msgs/package.sh'
[4.748s] INFO:colcon.colcon_core.shell:Creating package script '/home/rhobtor/PHD/ARGOJ8_IA/ARGOSJ8_IA_/install/ublox_msgs/share/ublox_msgs/package.bash'
[4.751s] INFO:colcon.colcon_core.shell:Creating package script '/home/rhobtor/PHD/ARGOJ8_IA/ARGOSJ8_IA_/install/ublox_msgs/share/ublox_msgs/package.zsh'
[4.754s] Level 1:colcon.colcon_core.environment:create_file_with_runtime_dependencies(/home/rhobtor/PHD/ARGOJ8_IA/ARGOSJ8_IA_/install/ublox_msgs/share/colcon-core/packages/ublox_msgs)
[4.759s] Level 1:colcon.colcon_core.environment:create_environment_scripts_only(ublox_msgs)
[4.761s] Level 1:colcon.colcon_core.environment:checking '/home/rhobtor/PHD/ARGOJ8_IA/ARGOSJ8_IA_/install/ublox_msgs' for CMake module files
[4.767s] Level 1:colcon.colcon_core.environment:checking '/home/rhobtor/PHD/ARGOJ8_IA/ARGOSJ8_IA_/install/ublox_msgs' for CMake config files
[4.769s] Level 1:colcon.colcon_core.shell:create_environment_hook('ublox_msgs', 'cmake_prefix_path')
[4.771s] INFO:colcon.colcon_core.shell:Creating environment hook '/home/rhobtor/PHD/ARGOJ8_IA/ARGOSJ8_IA_/install/ublox_msgs/share/ublox_msgs/hook/cmake_prefix_path.ps1'
[4.773s] INFO:colcon.colcon_core.shell:Creating environment descriptor '/home/rhobtor/PHD/ARGOJ8_IA/ARGOSJ8_IA_/install/ublox_msgs/share/ublox_msgs/hook/cmake_prefix_path.dsv'
[4.773s] INFO:colcon.colcon_core.shell:Creating environment hook '/home/rhobtor/PHD/ARGOJ8_IA/ARGOSJ8_IA_/install/ublox_msgs/share/ublox_msgs/hook/cmake_prefix_path.sh'
[4.774s] Level 1:colcon.colcon_core.environment:checking '/home/rhobtor/PHD/ARGOJ8_IA/ARGOSJ8_IA_/install/ublox_msgs/lib'
[4.774s] Level 1:colcon.colcon_core.shell:create_environment_hook('ublox_msgs', 'ld_library_path_lib')
[4.775s] INFO:colcon.colcon_core.shell:Creating environment hook '/home/rhobtor/PHD/ARGOJ8_IA/ARGOSJ8_IA_/install/ublox_msgs/share/ublox_msgs/hook/ld_library_path_lib.ps1'
[4.775s] INFO:colcon.colcon_core.shell:Creating environment descriptor '/home/rhobtor/PHD/ARGOJ8_IA/ARGOSJ8_IA_/install/ublox_msgs/share/ublox_msgs/hook/ld_library_path_lib.dsv'
[4.775s] INFO:colcon.colcon_core.shell:Creating environment hook '/home/rhobtor/PHD/ARGOJ8_IA/ARGOSJ8_IA_/install/ublox_msgs/share/ublox_msgs/hook/ld_library_path_lib.sh'
[4.776s] Level 1:colcon.colcon_core.environment:checking '/home/rhobtor/PHD/ARGOJ8_IA/ARGOSJ8_IA_/install/ublox_msgs/bin'
[4.776s] Level 1:colcon.colcon_core.environment:checking '/home/rhobtor/PHD/ARGOJ8_IA/ARGOSJ8_IA_/install/ublox_msgs/lib/pkgconfig/ublox_msgs.pc'
[4.776s] Level 1:colcon.colcon_core.environment:checking '/home/rhobtor/PHD/ARGOJ8_IA/ARGOSJ8_IA_/install/ublox_msgs/lib/python3.10/site-packages'
[4.776s] Level 1:colcon.colcon_core.environment:checking '/home/rhobtor/PHD/ARGOJ8_IA/ARGOSJ8_IA_/install/ublox_msgs/bin'
[4.777s] INFO:colcon.colcon_core.shell:Creating package script '/home/rhobtor/PHD/ARGOJ8_IA/ARGOSJ8_IA_/install/ublox_msgs/share/ublox_msgs/package.ps1'
[4.777s] INFO:colcon.colcon_core.shell:Creating package descriptor '/home/rhobtor/PHD/ARGOJ8_IA/ARGOSJ8_IA_/install/ublox_msgs/share/ublox_msgs/package.dsv'
[4.778s] INFO:colcon.colcon_core.shell:Creating package script '/home/rhobtor/PHD/ARGOJ8_IA/ARGOSJ8_IA_/install/ublox_msgs/share/ublox_msgs/package.sh'
[4.778s] INFO:colcon.colcon_core.shell:Creating package script '/home/rhobtor/PHD/ARGOJ8_IA/ARGOSJ8_IA_/install/ublox_msgs/share/ublox_msgs/package.bash'
[4.778s] INFO:colcon.colcon_core.shell:Creating package script '/home/rhobtor/PHD/ARGOJ8_IA/ARGOSJ8_IA_/install/ublox_msgs/share/ublox_msgs/package.zsh'
[4.779s] Level 1:colcon.colcon_core.environment:create_file_with_runtime_dependencies(/home/rhobtor/PHD/ARGOJ8_IA/ARGOSJ8_IA_/install/ublox_msgs/share/colcon-core/packages/ublox_msgs)
[4.779s] INFO:colcon.colcon_ros.task.ament_cmake.build:Building ROS package in '/home/rhobtor/PHD/ARGOJ8_IA/ARGOSJ8_IA_/src/ctl_mission/ctl_mission' with build type 'ament_cmake'
[4.779s] INFO:colcon.colcon_cmake.task.cmake.build:Building CMake package in '/home/rhobtor/PHD/ARGOJ8_IA/ARGOSJ8_IA_/src/ctl_mission/ctl_mission'
[4.780s] INFO:colcon.colcon_core.shell:Skip shell extension 'powershell' for command environment: Not usable outside of PowerShell
[4.780s] DEBUG:colcon.colcon_core.shell:Skip shell extension 'dsv' for command environment
[4.790s] INFO:colcon.colcon_ros.task.ament_cmake.build:Building ROS package in '/home/rhobtor/PHD/ARGOJ8_IA/ARGOSJ8_IA_/src/argo_drivers_pkgs/ublox/ublox_gps' with build type 'ament_cmake'
[4.790s] INFO:colcon.colcon_cmake.task.cmake.build:Building CMake package in '/home/rhobtor/PHD/ARGOJ8_IA/ARGOSJ8_IA_/src/argo_drivers_pkgs/ublox/ublox_gps'
[4.791s] INFO:colcon.colcon_core.shell:Skip shell extension 'powershell' for command environment: Not usable outside of PowerShell
[4.791s] DEBUG:colcon.colcon_core.shell:Skip shell extension 'dsv' for command environment
[4.806s] DEBUG:colcon.colcon_core.event_handler.log_command:Invoked command in '/home/rhobtor/PHD/ARGOJ8_IA/ARGOSJ8_IA_/build/fixposition_odometry_converter_ros2' returned '0': CMAKE_PREFIX_PATH=/home/rhobtor/PHD/ARGOJ8_IA/ARGOSJ8_IA_/install/fixposition_driver_ros2:/home/rhobtor/PHD/ARGOJ8_IA/ARGOSJ8_IA_/install/fixposition_driver_lib:/home/rhobtor/PHD/ARGOJ8_IA/ARGOSJ8_IA_/install/fixposition_gnss_tf:/home/rhobtor/PHD/ARGOJ8_IA/ARGOSJ8_IA_/install/wiimote_msgs:/home/rhobtor/PHD/ARGOJ8_IA/ARGOSJ8_IA_/install/ublox:/home/rhobtor/PHD/ARGOJ8_IA/ARGOSJ8_IA_/install/ublox_gps:/home/rhobtor/PHD/ARGOJ8_IA/ARGOSJ8_IA_/install/security_check:/home/rhobtor/PHD/ARGOJ8_IA/ARGOSJ8_IA_/install/ctl_mission:/home/rhobtor/PHD/ARGOJ8_IA/ARGOSJ8_IA_/install/ublox_msgs:/home/rhobtor/PHD/ARGOJ8_IA/ARGOSJ8_IA_/install/ublox_serialization:/home/rhobtor/PHD/ARGOJ8_IA/ARGOSJ8_IA_/install/spacenav:/home/rhobtor/PHD/ARGOJ8_IA/ARGOSJ8_IA_/install/laser_segmentation:/home/rhobtor/PHD/ARGOJ8_IA/ARGOSJ8_IA_/install/slg_msgs:/home/rhobtor/PHD/ARGOJ8_IA/ARGOSJ8_IA_/install/security_check_interfaces:/home/rhobtor/PHD/ARGOJ8_IA/ARGOSJ8_IA_/install/joy:/home/rhobtor/PHD/ARGOJ8_IA/ARGOSJ8_IA_/install/sdl2_vendor:/home/rhobtor/PHD/ARGOJ8_IA/ARGOSJ8_IA_/install/path_manager:/home/rhobtor/PHD/ARGOJ8_IA/ARGOSJ8_IA_/install/path_manager_interfaces:/home/rhobtor/PHD/ARGOJ8_IA/ARGOSJ8_IA_/install/octomap_rviz_plugins:/home/rhobtor/PHD/ARGOJ8_IA/ARGOSJ8_IA_/install/joy_linux:/home/rhobtor/PHD/ARGOJ8_IA/ARGOSJ8_IA_/install/j8_xacro_model:/home/rhobtor/PHD/ARGOJ8_IA/ARGOSJ8_IA_/install/hector_gazebo_plugins:/home/rhobtor/PHD/ARGOJ8_IA/ARGOSJ8_IA_/install/fixposition_sensor_pkg:/home/rhobtor/PHD/ARGOJ8_IA/ARGOSJ8_IA_/install/fixposition_odometry_converter_ros2:/home/rhobtor/PHD/ARGOJ8_IA/ARGOSJ8_IA_/install/ctl_mission_interfaces:/home/rhobtor/PHD/ARGOJ8_IA/ARGOSJ8_IA_/install/car_cpp:/home/rhobtor/PHD/ARGOJ8_IA/ARGOSJ8_IA_/install/car_interfaces:/home/rhobtor/PHD/ARGOJ8_IA/ARGOSJ8_IA_/install/argj801_setup:/home/rhobtor/PHD/ARGOJ8_IA/ARGOSJ8_IA_/install/argj801_sensors:/home/rhobtor/PHD/ARGOJ8_IA/ARGOSJ8_IA_/install/argj801_sensors_msgs:/home/rhobtor/PHD/ARGOJ8_IA/ARGOSJ8_IA_/install/argj801_ctl_platform:/home/rhobtor/PHD/ARGOJ8_IA/ARGOSJ8_IA_/install/argj801_ctl_platform_interfaces:/home/rhobtor/zed/install/zed_ros2:/home/rhobtor/zed/install/zed_wrapper:/home/rhobtor/zed/install/zed_components:/home/rhobtor/zed/install/zed_interfaces:/home/rhobtor/PHD/reactive/Reactive-Navegation/workspace_full_conected/install/octomap_mapping:/home/rhobtor/PHD/reactive/Reactive-Navegation/workspace_full_conected/install/octomap_server:/home/rhobtor/PHD/reactive/Reactive-Navegation/workspace_full_conected/install/octomap_rviz_plugins:/home/rhobtor/PHD/reactive/Reactive-Navegation/workspace_full_conected/install/hector_gazebo_plugins:/home/rhobtor/PHD/reactive/Reactive-Navegation/workspace_full_conected/install/car_cpp:/home/rhobtor/PHD/reactive/Reactive-Navegation/workspace_full_conected/install/car_interfaces:/home/rhobtor/PHD/ARGOJ8_IA/ARGOSJ8_IA_/install/ntrip_client:/home/rhobtor/PHD/ARGOJ8_IA/ARGOSJ8_IA_/install/car:/home/rhobtor/PHD/ARGOJ8_IA/ARGOSJ8_IA_/install/android_ros2_server:/home/rhobtor/PHD/reactive/Reactive-Navegation/workspace_full_conected/install/car:/opt/ros/humble LD_LIBRARY_PATH=/home/rhobtor/PHD/ARGOJ8_IA/ARGOSJ8_IA_/install/fixposition_driver_ros2/lib:/home/rhobtor/PHD/ARGOJ8_IA/ARGOSJ8_IA_/install/fixposition_driver_lib/lib:/home/rhobtor/PHD/ARGOJ8_IA/ARGOSJ8_IA_/install/fixposition_gnss_tf/lib:/home/rhobtor/PHD/ARGOJ8_IA/ARGOSJ8_IA_/install/wiimote_msgs/lib:/home/rhobtor/PHD/ARGOJ8_IA/ARGOSJ8_IA_/install/ublox_gps/lib:/home/rhobtor/PHD/ARGOJ8_IA/ARGOSJ8_IA_/install/ublox_msgs/lib:/home/rhobtor/PHD/ARGOJ8_IA/ARGOSJ8_IA_/install/spacenav/lib:/home/rhobtor/PHD/ARGOJ8_IA/ARGOSJ8_IA_/install/laser_segmentation/lib:/home/rhobtor/PHD/ARGOJ8_IA/ARGOSJ8_IA_/install/slg_msgs/lib:/home/rhobtor/PHD/ARGOJ8_IA/ARGOSJ8_IA_/install/security_check_interfaces/lib:/home/rhobtor/PHD/ARGOJ8_IA/ARGOSJ8_IA_/install/joy/lib:/home/rhobtor/PHD/ARGOJ8_IA/ARGOSJ8_IA_/install/path_manager_interfaces/lib:/home/rhobtor/PHD/ARGOJ8_IA/ARGOSJ8_IA_/install/octomap_rviz_plugins/lib:/home/rhobtor/PHD/ARGOJ8_IA/ARGOSJ8_IA_/install/j8_xacro_model/lib:/home/rhobtor/PHD/ARGOJ8_IA/ARGOSJ8_IA_/install/hector_gazebo_plugins/lib:/home/rhobtor/PHD/ARGOJ8_IA/ARGOSJ8_IA_/install/fixposition_sensor_pkg/lib:/home/rhobtor/PHD/ARGOJ8_IA/ARGOSJ8_IA_/install/fixposition_odometry_converter_ros2/lib:/home/rhobtor/PHD/ARGOJ8_IA/ARGOSJ8_IA_/install/ctl_mission_interfaces/lib:/home/rhobtor/PHD/ARGOJ8_IA/ARGOSJ8_IA_/install/car_cpp/lib:/home/rhobtor/PHD/ARGOJ8_IA/ARGOSJ8_IA_/install/car_interfaces/lib:/home/rhobtor/PHD/ARGOJ8_IA/ARGOSJ8_IA_/install/argj801_sensors_msgs/lib:/home/rhobtor/PHD/ARGOJ8_IA/ARGOSJ8_IA_/install/argj801_ctl_platform_interfaces/lib:/usr/local/cuda/lib64:/usr/local/cuda/lib64:/usr/local/cuda-12.1/lib64:/usr/local/cuda-11.8/lib64:/home/rhobtor/zed/install/zed_components/lib:/home/rhobtor/zed/install/zed_interfaces/lib:/home/rhobtor/PHD/reactive/Reactive-Navegation/workspace_full_conected/install/octomap_server/lib:/home/rhobtor/PHD/reactive/Reactive-Navegation/workspace_full_conected/install/octomap_rviz_plugins/lib:/home/rhobtor/PHD/reactive/Reactive-Navegation/workspace_full_conected/install/hector_gazebo_plugins/lib:/home/rhobtor/PHD/reactive/Reactive-Navegation/workspace_full_conected/install/car_cpp/lib:/home/rhobtor/PHD/reactive/Reactive-Navegation/workspace_full_conected/install/car_interfaces/lib:/usr/lib/x86_64-linux-gnu/gazebo-11/plugins:/opt/ros/humble/opt/rviz_ogre_vendor/lib:/opt/ros/humble/lib/x86_64-linux-gnu:/opt/ros/humble/lib /opt/st/stm32cubeclt_1.18.0/CMake/bin/cmake --build /home/rhobtor/PHD/ARGOJ8_IA/ARGOSJ8_IA_/build/fixposition_odometry_converter_ros2 -- -j16 -l16
[4.810s] DEBUG:colcon.colcon_core.event_handler.log_command:Invoking command in '/home/rhobtor/PHD/ARGOJ8_IA/ARGOSJ8_IA_/build/fixposition_odometry_converter_ros2': CMAKE_PREFIX_PATH=/home/rhobtor/PHD/ARGOJ8_IA/ARGOSJ8_IA_/install/fixposition_driver_ros2:/home/rhobtor/PHD/ARGOJ8_IA/ARGOSJ8_IA_/install/fixposition_driver_lib:/home/rhobtor/PHD/ARGOJ8_IA/ARGOSJ8_IA_/install/fixposition_gnss_tf:/home/rhobtor/PHD/ARGOJ8_IA/ARGOSJ8_IA_/install/wiimote_msgs:/home/rhobtor/PHD/ARGOJ8_IA/ARGOSJ8_IA_/install/ublox:/home/rhobtor/PHD/ARGOJ8_IA/ARGOSJ8_IA_/install/ublox_gps:/home/rhobtor/PHD/ARGOJ8_IA/ARGOSJ8_IA_/install/security_check:/home/rhobtor/PHD/ARGOJ8_IA/ARGOSJ8_IA_/install/ctl_mission:/home/rhobtor/PHD/ARGOJ8_IA/ARGOSJ8_IA_/install/ublox_msgs:/home/rhobtor/PHD/ARGOJ8_IA/ARGOSJ8_IA_/install/ublox_serialization:/home/rhobtor/PHD/ARGOJ8_IA/ARGOSJ8_IA_/install/spacenav:/home/rhobtor/PHD/ARGOJ8_IA/ARGOSJ8_IA_/install/laser_segmentation:/home/rhobtor/PHD/ARGOJ8_IA/ARGOSJ8_IA_/install/slg_msgs:/home/rhobtor/PHD/ARGOJ8_IA/ARGOSJ8_IA_/install/security_check_interfaces:/home/rhobtor/PHD/ARGOJ8_IA/ARGOSJ8_IA_/install/joy:/home/rhobtor/PHD/ARGOJ8_IA/ARGOSJ8_IA_/install/sdl2_vendor:/home/rhobtor/PHD/ARGOJ8_IA/ARGOSJ8_IA_/install/path_manager:/home/rhobtor/PHD/ARGOJ8_IA/ARGOSJ8_IA_/install/path_manager_interfaces:/home/rhobtor/PHD/ARGOJ8_IA/ARGOSJ8_IA_/install/octomap_rviz_plugins:/home/rhobtor/PHD/ARGOJ8_IA/ARGOSJ8_IA_/install/joy_linux:/home/rhobtor/PHD/ARGOJ8_IA/ARGOSJ8_IA_/install/j8_xacro_model:/home/rhobtor/PHD/ARGOJ8_IA/ARGOSJ8_IA_/install/hector_gazebo_plugins:/home/rhobtor/PHD/ARGOJ8_IA/ARGOSJ8_IA_/install/fixposition_sensor_pkg:/home/rhobtor/PHD/ARGOJ8_IA/ARGOSJ8_IA_/install/fixposition_odometry_converter_ros2:/home/rhobtor/PHD/ARGOJ8_IA/ARGOSJ8_IA_/install/ctl_mission_interfaces:/home/rhobtor/PHD/ARGOJ8_IA/ARGOSJ8_IA_/install/car_cpp:/home/rhobtor/PHD/ARGOJ8_IA/ARGOSJ8_IA_/install/car_interfaces:/home/rhobtor/PHD/ARGOJ8_IA/ARGOSJ8_IA_/install/argj801_setup:/home/rhobtor/PHD/ARGOJ8_IA/ARGOSJ8_IA_/install/argj801_sensors:/home/rhobtor/PHD/ARGOJ8_IA/ARGOSJ8_IA_/install/argj801_sensors_msgs:/home/rhobtor/PHD/ARGOJ8_IA/ARGOSJ8_IA_/install/argj801_ctl_platform:/home/rhobtor/PHD/ARGOJ8_IA/ARGOSJ8_IA_/install/argj801_ctl_platform_interfaces:/home/rhobtor/zed/install/zed_ros2:/home/rhobtor/zed/install/zed_wrapper:/home/rhobtor/zed/install/zed_components:/home/rhobtor/zed/install/zed_interfaces:/home/rhobtor/PHD/reactive/Reactive-Navegation/workspace_full_conected/install/octomap_mapping:/home/rhobtor/PHD/reactive/Reactive-Navegation/workspace_full_conected/install/octomap_server:/home/rhobtor/PHD/reactive/Reactive-Navegation/workspace_full_conected/install/octomap_rviz_plugins:/home/rhobtor/PHD/reactive/Reactive-Navegation/workspace_full_conected/install/hector_gazebo_plugins:/home/rhobtor/PHD/reactive/Reactive-Navegation/workspace_full_conected/install/car_cpp:/home/rhobtor/PHD/reactive/Reactive-Navegation/workspace_full_conected/install/car_interfaces:/home/rhobtor/PHD/ARGOJ8_IA/ARGOSJ8_IA_/install/ntrip_client:/home/rhobtor/PHD/ARGOJ8_IA/ARGOSJ8_IA_/install/car:/home/rhobtor/PHD/ARGOJ8_IA/ARGOSJ8_IA_/install/android_ros2_server:/home/rhobtor/PHD/reactive/Reactive-Navegation/workspace_full_conected/install/car:/opt/ros/humble LD_LIBRARY_PATH=/home/rhobtor/PHD/ARGOJ8_IA/ARGOSJ8_IA_/install/fixposition_driver_ros2/lib:/home/rhobtor/PHD/ARGOJ8_IA/ARGOSJ8_IA_/install/fixposition_driver_lib/lib:/home/rhobtor/PHD/ARGOJ8_IA/ARGOSJ8_IA_/install/fixposition_gnss_tf/lib:/home/rhobtor/PHD/ARGOJ8_IA/ARGOSJ8_IA_/install/wiimote_msgs/lib:/home/rhobtor/PHD/ARGOJ8_IA/ARGOSJ8_IA_/install/ublox_gps/lib:/home/rhobtor/PHD/ARGOJ8_IA/ARGOSJ8_IA_/install/ublox_msgs/lib:/home/rhobtor/PHD/ARGOJ8_IA/ARGOSJ8_IA_/install/spacenav/lib:/home/rhobtor/PHD/ARGOJ8_IA/ARGOSJ8_IA_/install/laser_segmentation/lib:/home/rhobtor/PHD/ARGOJ8_IA/ARGOSJ8_IA_/install/slg_msgs/lib:/home/rhobtor/PHD/ARGOJ8_IA/ARGOSJ8_IA_/install/security_check_interfaces/lib:/home/rhobtor/PHD/ARGOJ8_IA/ARGOSJ8_IA_/install/joy/lib:/home/rhobtor/PHD/ARGOJ8_IA/ARGOSJ8_IA_/install/path_manager_interfaces/lib:/home/rhobtor/PHD/ARGOJ8_IA/ARGOSJ8_IA_/install/octomap_rviz_plugins/lib:/home/rhobtor/PHD/ARGOJ8_IA/ARGOSJ8_IA_/install/j8_xacro_model/lib:/home/rhobtor/PHD/ARGOJ8_IA/ARGOSJ8_IA_/install/hector_gazebo_plugins/lib:/home/rhobtor/PHD/ARGOJ8_IA/ARGOSJ8_IA_/install/fixposition_sensor_pkg/lib:/home/rhobtor/PHD/ARGOJ8_IA/ARGOSJ8_IA_/install/fixposition_odometry_converter_ros2/lib:/home/rhobtor/PHD/ARGOJ8_IA/ARGOSJ8_IA_/install/ctl_mission_interfaces/lib:/home/rhobtor/PHD/ARGOJ8_IA/ARGOSJ8_IA_/install/car_cpp/lib:/home/rhobtor/PHD/ARGOJ8_IA/ARGOSJ8_IA_/install/car_interfaces/lib:/home/rhobtor/PHD/ARGOJ8_IA/ARGOSJ8_IA_/install/argj801_sensors_msgs/lib:/home/rhobtor/PHD/ARGOJ8_IA/ARGOSJ8_IA_/install/argj801_ctl_platform_interfaces/lib:/usr/local/cuda/lib64:/usr/local/cuda/lib64:/usr/local/cuda-12.1/lib64:/usr/local/cuda-11.8/lib64:/home/rhobtor/zed/install/zed_components/lib:/home/rhobtor/zed/install/zed_interfaces/lib:/home/rhobtor/PHD/reactive/Reactive-Navegation/workspace_full_conected/install/octomap_server/lib:/home/rhobtor/PHD/reactive/Reactive-Navegation/workspace_full_conected/install/octomap_rviz_plugins/lib:/home/rhobtor/PHD/reactive/Reactive-Navegation/workspace_full_conected/install/hector_gazebo_plugins/lib:/home/rhobtor/PHD/reactive/Reactive-Navegation/workspace_full_conected/install/car_cpp/lib:/home/rhobtor/PHD/reactive/Reactive-Navegation/workspace_full_conected/install/car_interfaces/lib:/usr/lib/x86_64-linux-gnu/gazebo-11/plugins:/opt/ros/humble/opt/rviz_ogre_vendor/lib:/opt/ros/humble/lib/x86_64-linux-gnu:/opt/ros/humble/lib /opt/st/stm32cubeclt_1.18.0/CMake/bin/cmake --install /home/rhobtor/PHD/ARGOJ8_IA/ARGOSJ8_IA_/build/fixposition_odometry_converter_ros2
[4.819s] DEBUG:colcon.colcon_core.event_handler.log_command:Invoking command in '/home/rhobtor/PHD/ARGOJ8_IA/ARGOSJ8_IA_/build/ublox_gps': CMAKE_PREFIX_PATH=/home/rhobtor/PHD/ARGOJ8_IA/ARGOSJ8_IA_/install/ublox_msgs:/home/rhobtor/PHD/ARGOJ8_IA/ARGOSJ8_IA_/install/ublox_serialization:/home/rhobtor/PHD/ARGOJ8_IA/ARGOSJ8_IA_/install/wiimote_msgs:/home/rhobtor/PHD/ARGOJ8_IA/ARGOSJ8_IA_/install/ublox:/home/rhobtor/PHD/ARGOJ8_IA/ARGOSJ8_IA_/install/ublox_gps:/home/rhobtor/PHD/ARGOJ8_IA/ARGOSJ8_IA_/install/security_check:/home/rhobtor/PHD/ARGOJ8_IA/ARGOSJ8_IA_/install/ctl_mission:/home/rhobtor/PHD/ARGOJ8_IA/ARGOSJ8_IA_/install/spacenav:/home/rhobtor/PHD/ARGOJ8_IA/ARGOSJ8_IA_/install/laser_segmentation:/home/rhobtor/PHD/ARGOJ8_IA/ARGOSJ8_IA_/install/slg_msgs:/home/rhobtor/PHD/ARGOJ8_IA/ARGOSJ8_IA_/install/security_check_interfaces:/home/rhobtor/PHD/ARGOJ8_IA/ARGOSJ8_IA_/install/joy:/home/rhobtor/PHD/ARGOJ8_IA/ARGOSJ8_IA_/install/sdl2_vendor:/home/rhobtor/PHD/ARGOJ8_IA/ARGOSJ8_IA_/install/path_manager:/home/rhobtor/PHD/ARGOJ8_IA/ARGOSJ8_IA_/install/path_manager_interfaces:/home/rhobtor/PHD/ARGOJ8_IA/ARGOSJ8_IA_/install/octomap_rviz_plugins:/home/rhobtor/PHD/ARGOJ8_IA/ARGOSJ8_IA_/install/joy_linux:/home/rhobtor/PHD/ARGOJ8_IA/ARGOSJ8_IA_/install/j8_xacro_model:/home/rhobtor/PHD/ARGOJ8_IA/ARGOSJ8_IA_/install/hector_gazebo_plugins:/home/rhobtor/PHD/ARGOJ8_IA/ARGOSJ8_IA_/install/fixposition_sensor_pkg:/home/rhobtor/PHD/ARGOJ8_IA/ARGOSJ8_IA_/install/fixposition_odometry_converter_ros2:/home/rhobtor/PHD/ARGOJ8_IA/ARGOSJ8_IA_/install/fixposition_driver_ros2:/home/rhobtor/PHD/ARGOJ8_IA/ARGOSJ8_IA_/install/fixposition_driver_lib:/home/rhobtor/PHD/ARGOJ8_IA/ARGOSJ8_IA_/install/fixposition_gnss_tf:/home/rhobtor/PHD/ARGOJ8_IA/ARGOSJ8_IA_/install/ctl_mission_interfaces:/home/rhobtor/PHD/ARGOJ8_IA/ARGOSJ8_IA_/install/car_cpp:/home/rhobtor/PHD/ARGOJ8_IA/ARGOSJ8_IA_/install/car_interfaces:/home/rhobtor/PHD/ARGOJ8_IA/ARGOSJ8_IA_/install/argj801_setup:/home/rhobtor/PHD/ARGOJ8_IA/ARGOSJ8_IA_/install/argj801_sensors:/home/rhobtor/PHD/ARGOJ8_IA/ARGOSJ8_IA_/install/argj801_sensors_msgs:/home/rhobtor/PHD/ARGOJ8_IA/ARGOSJ8_IA_/install/argj801_ctl_platform:/home/rhobtor/PHD/ARGOJ8_IA/ARGOSJ8_IA_/install/argj801_ctl_platform_interfaces:/home/rhobtor/zed/install/zed_ros2:/home/rhobtor/zed/install/zed_wrapper:/home/rhobtor/zed/install/zed_components:/home/rhobtor/zed/install/zed_interfaces:/home/rhobtor/PHD/reactive/Reactive-Navegation/workspace_full_conected/install/octomap_mapping:/home/rhobtor/PHD/reactive/Reactive-Navegation/workspace_full_conected/install/octomap_server:/home/rhobtor/PHD/reactive/Reactive-Navegation/workspace_full_conected/install/octomap_rviz_plugins:/home/rhobtor/PHD/reactive/Reactive-Navegation/workspace_full_conected/install/hector_gazebo_plugins:/home/rhobtor/PHD/reactive/Reactive-Navegation/workspace_full_conected/install/car_cpp:/home/rhobtor/PHD/reactive/Reactive-Navegation/workspace_full_conected/install/car_interfaces:/home/rhobtor/PHD/ARGOJ8_IA/ARGOSJ8_IA_/install/ntrip_client:/home/rhobtor/PHD/ARGOJ8_IA/ARGOSJ8_IA_/install/car:/home/rhobtor/PHD/ARGOJ8_IA/ARGOSJ8_IA_/install/android_ros2_server:/home/rhobtor/PHD/reactive/Reactive-Navegation/workspace_full_conected/install/car:/opt/ros/humble LD_LIBRARY_PATH=/home/rhobtor/PHD/ARGOJ8_IA/ARGOSJ8_IA_/install/ublox_msgs/lib:/home/rhobtor/PHD/ARGOJ8_IA/ARGOSJ8_IA_/install/wiimote_msgs/lib:/home/rhobtor/PHD/ARGOJ8_IA/ARGOSJ8_IA_/install/ublox_gps/lib:/home/rhobtor/PHD/ARGOJ8_IA/ARGOSJ8_IA_/install/spacenav/lib:/home/rhobtor/PHD/ARGOJ8_IA/ARGOSJ8_IA_/install/laser_segmentation/lib:/home/rhobtor/PHD/ARGOJ8_IA/ARGOSJ8_IA_/install/slg_msgs/lib:/home/rhobtor/PHD/ARGOJ8_IA/ARGOSJ8_IA_/install/security_check_interfaces/lib:/home/rhobtor/PHD/ARGOJ8_IA/ARGOSJ8_IA_/install/joy/lib:/home/rhobtor/PHD/ARGOJ8_IA/ARGOSJ8_IA_/install/path_manager_interfaces/lib:/home/rhobtor/PHD/ARGOJ8_IA/ARGOSJ8_IA_/install/octomap_rviz_plugins/lib:/home/rhobtor/PHD/ARGOJ8_IA/ARGOSJ8_IA_/install/j8_xacro_model/lib:/home/rhobtor/PHD/ARGOJ8_IA/ARGOSJ8_IA_/install/hector_gazebo_plugins/lib:/home/rhobtor/PHD/ARGOJ8_IA/ARGOSJ8_IA_/install/fixposition_sensor_pkg/lib:/home/rhobtor/PHD/ARGOJ8_IA/ARGOSJ8_IA_/install/fixposition_odometry_converter_ros2/lib:/home/rhobtor/PHD/ARGOJ8_IA/ARGOSJ8_IA_/install/fixposition_driver_ros2/lib:/home/rhobtor/PHD/ARGOJ8_IA/ARGOSJ8_IA_/install/fixposition_driver_lib/lib:/home/rhobtor/PHD/ARGOJ8_IA/ARGOSJ8_IA_/install/fixposition_gnss_tf/lib:/home/rhobtor/PHD/ARGOJ8_IA/ARGOSJ8_IA_/install/ctl_mission_interfaces/lib:/home/rhobtor/PHD/ARGOJ8_IA/ARGOSJ8_IA_/install/car_cpp/lib:/home/rhobtor/PHD/ARGOJ8_IA/ARGOSJ8_IA_/install/car_interfaces/lib:/home/rhobtor/PHD/ARGOJ8_IA/ARGOSJ8_IA_/install/argj801_sensors_msgs/lib:/home/rhobtor/PHD/ARGOJ8_IA/ARGOSJ8_IA_/install/argj801_ctl_platform_interfaces/lib:/usr/local/cuda/lib64:/usr/local/cuda/lib64:/usr/local/cuda-12.1/lib64:/usr/local/cuda-11.8/lib64:/home/rhobtor/zed/install/zed_components/lib:/home/rhobtor/zed/install/zed_interfaces/lib:/home/rhobtor/PHD/reactive/Reactive-Navegation/workspace_full_conected/install/octomap_server/lib:/home/rhobtor/PHD/reactive/Reactive-Navegation/workspace_full_conected/install/octomap_rviz_plugins/lib:/home/rhobtor/PHD/reactive/Reactive-Navegation/workspace_full_conected/install/hector_gazebo_plugins/lib:/home/rhobtor/PHD/reactive/Reactive-Navegation/workspace_full_conected/install/car_cpp/lib:/home/rhobtor/PHD/reactive/Reactive-Navegation/workspace_full_conected/install/car_interfaces/lib:/usr/lib/x86_64-linux-gnu/gazebo-11/plugins:/opt/ros/humble/opt/rviz_ogre_vendor/lib:/opt/ros/humble/lib/x86_64-linux-gnu:/opt/ros/humble/lib /opt/st/stm32cubeclt_1.18.0/CMake/bin/cmake --build /home/rhobtor/PHD/ARGOJ8_IA/ARGOSJ8_IA_/build/ublox_gps -- -j16 -l16
[4.825s] Level 1:colcon.colcon_core.environment:create_environment_scripts_only(fixposition_odometry_converter_ros2)
[4.825s] Level 1:colcon.colcon_core.environment:checking '/home/rhobtor/PHD/ARGOJ8_IA/ARGOSJ8_IA_/install/fixposition_odometry_converter_ros2' for CMake module files
[4.827s] Level 1:colcon.colcon_core.environment:checking '/home/rhobtor/PHD/ARGOJ8_IA/ARGOSJ8_IA_/install/fixposition_odometry_converter_ros2' for CMake config files
[4.827s] Level 1:colcon.colcon_core.shell:create_environment_hook('fixposition_odometry_converter_ros2', 'cmake_prefix_path')
[4.827s] INFO:colcon.colcon_core.shell:Creating environment hook '/home/rhobtor/PHD/ARGOJ8_IA/ARGOSJ8_IA_/install/fixposition_odometry_converter_ros2/share/fixposition_odometry_converter_ros2/hook/cmake_prefix_path.ps1'
[4.828s] DEBUG:colcon.colcon_core.event_handler.log_command:Invoking command in '/home/rhobtor/PHD/ARGOJ8_IA/ARGOSJ8_IA_/build/ctl_mission': CMAKE_PREFIX_PATH=/home/rhobtor/PHD/ARGOJ8_IA/ARGOSJ8_IA_/install/ublox_msgs:/home/rhobtor/PHD/ARGOJ8_IA/ARGOSJ8_IA_/install/ublox_serialization:/home/rhobtor/PHD/ARGOJ8_IA/ARGOSJ8_IA_/install/path_manager_interfaces:/home/rhobtor/PHD/ARGOJ8_IA/ARGOSJ8_IA_/install/ctl_mission_interfaces:/home/rhobtor/PHD/ARGOJ8_IA/ARGOSJ8_IA_/install/wiimote_msgs:/home/rhobtor/PHD/ARGOJ8_IA/ARGOSJ8_IA_/install/ublox:/home/rhobtor/PHD/ARGOJ8_IA/ARGOSJ8_IA_/install/ublox_gps:/home/rhobtor/PHD/ARGOJ8_IA/ARGOSJ8_IA_/install/security_check:/home/rhobtor/PHD/ARGOJ8_IA/ARGOSJ8_IA_/install/ctl_mission:/home/rhobtor/PHD/ARGOJ8_IA/ARGOSJ8_IA_/install/spacenav:/home/rhobtor/PHD/ARGOJ8_IA/ARGOSJ8_IA_/install/laser_segmentation:/home/rhobtor/PHD/ARGOJ8_IA/ARGOSJ8_IA_/install/slg_msgs:/home/rhobtor/PHD/ARGOJ8_IA/ARGOSJ8_IA_/install/security_check_interfaces:/home/rhobtor/PHD/ARGOJ8_IA/ARGOSJ8_IA_/install/joy:/home/rhobtor/PHD/ARGOJ8_IA/ARGOSJ8_IA_/install/sdl2_vendor:/home/rhobtor/PHD/ARGOJ8_IA/ARGOSJ8_IA_/install/path_manager:/home/rhobtor/PHD/ARGOJ8_IA/ARGOSJ8_IA_/install/octomap_rviz_plugins:/home/rhobtor/PHD/ARGOJ8_IA/ARGOSJ8_IA_/install/joy_linux:/home/rhobtor/PHD/ARGOJ8_IA/ARGOSJ8_IA_/install/j8_xacro_model:/home/rhobtor/PHD/ARGOJ8_IA/ARGOSJ8_IA_/install/hector_gazebo_plugins:/home/rhobtor/PHD/ARGOJ8_IA/ARGOSJ8_IA_/install/fixposition_sensor_pkg:/home/rhobtor/PHD/ARGOJ8_IA/ARGOSJ8_IA_/install/fixposition_odometry_converter_ros2:/home/rhobtor/PHD/ARGOJ8_IA/ARGOSJ8_IA_/install/fixposition_driver_ros2:/home/rhobtor/PHD/ARGOJ8_IA/ARGOSJ8_IA_/install/fixposition_driver_lib:/home/rhobtor/PHD/ARGOJ8_IA/ARGOSJ8_IA_/install/fixposition_gnss_tf:/home/rhobtor/PHD/ARGOJ8_IA/ARGOSJ8_IA_/install/car_cpp:/home/rhobtor/PHD/ARGOJ8_IA/ARGOSJ8_IA_/install/car_interfaces:/home/rhobtor/PHD/ARGOJ8_IA/ARGOSJ8_IA_/install/argj801_setup:/home/rhobtor/PHD/ARGOJ8_IA/ARGOSJ8_IA_/install/argj801_sensors:/home/rhobtor/PHD/ARGOJ8_IA/ARGOSJ8_IA_/install/argj801_sensors_msgs:/home/rhobtor/PHD/ARGOJ8_IA/ARGOSJ8_IA_/install/argj801_ctl_platform:/home/rhobtor/PHD/ARGOJ8_IA/ARGOSJ8_IA_/install/argj801_ctl_platform_interfaces:/home/rhobtor/zed/install/zed_ros2:/home/rhobtor/zed/install/zed_wrapper:/home/rhobtor/zed/install/zed_components:/home/rhobtor/zed/install/zed_interfaces:/home/rhobtor/PHD/reactive/Reactive-Navegation/workspace_full_conected/install/octomap_mapping:/home/rhobtor/PHD/reactive/Reactive-Navegation/workspace_full_conected/install/octomap_server:/home/rhobtor/PHD/reactive/Reactive-Navegation/workspace_full_conected/install/octomap_rviz_plugins:/home/rhobtor/PHD/reactive/Reactive-Navegation/workspace_full_conected/install/hector_gazebo_plugins:/home/rhobtor/PHD/reactive/Reactive-Navegation/workspace_full_conected/install/car_cpp:/home/rhobtor/PHD/reactive/Reactive-Navegation/workspace_full_conected/install/car_interfaces:/home/rhobtor/PHD/ARGOJ8_IA/ARGOSJ8_IA_/install/ntrip_client:/home/rhobtor/PHD/ARGOJ8_IA/ARGOSJ8_IA_/install/car:/home/rhobtor/PHD/ARGOJ8_IA/ARGOSJ8_IA_/install/android_ros2_server:/home/rhobtor/PHD/reactive/Reactive-Navegation/workspace_full_conected/install/car:/opt/ros/humble LD_LIBRARY_PATH=/home/rhobtor/PHD/ARGOJ8_IA/ARGOSJ8_IA_/install/ublox_msgs/lib:/home/rhobtor/PHD/ARGOJ8_IA/ARGOSJ8_IA_/install/path_manager_interfaces/lib:/home/rhobtor/PHD/ARGOJ8_IA/ARGOSJ8_IA_/install/ctl_mission_interfaces/lib:/home/rhobtor/PHD/ARGOJ8_IA/ARGOSJ8_IA_/install/wiimote_msgs/lib:/home/rhobtor/PHD/ARGOJ8_IA/ARGOSJ8_IA_/install/ublox_gps/lib:/home/rhobtor/PHD/ARGOJ8_IA/ARGOSJ8_IA_/install/spacenav/lib:/home/rhobtor/PHD/ARGOJ8_IA/ARGOSJ8_IA_/install/laser_segmentation/lib:/home/rhobtor/PHD/ARGOJ8_IA/ARGOSJ8_IA_/install/slg_msgs/lib:/home/rhobtor/PHD/ARGOJ8_IA/ARGOSJ8_IA_/install/security_check_interfaces/lib:/home/rhobtor/PHD/ARGOJ8_IA/ARGOSJ8_IA_/install/joy/lib:/home/rhobtor/PHD/ARGOJ8_IA/ARGOSJ8_IA_/install/octomap_rviz_plugins/lib:/home/rhobtor/PHD/ARGOJ8_IA/ARGOSJ8_IA_/install/j8_xacro_model/lib:/home/rhobtor/PHD/ARGOJ8_IA/ARGOSJ8_IA_/install/hector_gazebo_plugins/lib:/home/rhobtor/PHD/ARGOJ8_IA/ARGOSJ8_IA_/install/fixposition_sensor_pkg/lib:/home/rhobtor/PHD/ARGOJ8_IA/ARGOSJ8_IA_/install/fixposition_odometry_converter_ros2/lib:/home/rhobtor/PHD/ARGOJ8_IA/ARGOSJ8_IA_/install/fixposition_driver_ros2/lib:/home/rhobtor/PHD/ARGOJ8_IA/ARGOSJ8_IA_/install/fixposition_driver_lib/lib:/home/rhobtor/PHD/ARGOJ8_IA/ARGOSJ8_IA_/install/fixposition_gnss_tf/lib:/home/rhobtor/PHD/ARGOJ8_IA/ARGOSJ8_IA_/install/car_cpp/lib:/home/rhobtor/PHD/ARGOJ8_IA/ARGOSJ8_IA_/install/car_interfaces/lib:/home/rhobtor/PHD/ARGOJ8_IA/ARGOSJ8_IA_/install/argj801_sensors_msgs/lib:/home/rhobtor/PHD/ARGOJ8_IA/ARGOSJ8_IA_/install/argj801_ctl_platform_interfaces/lib:/usr/local/cuda/lib64:/usr/local/cuda/lib64:/usr/local/cuda-12.1/lib64:/usr/local/cuda-11.8/lib64:/home/rhobtor/zed/install/zed_components/lib:/home/rhobtor/zed/install/zed_interfaces/lib:/home/rhobtor/PHD/reactive/Reactive-Navegation/workspace_full_conected/install/octomap_server/lib:/home/rhobtor/PHD/reactive/Reactive-Navegation/workspace_full_conected/install/octomap_rviz_plugins/lib:/home/rhobtor/PHD/reactive/Reactive-Navegation/workspace_full_conected/install/hector_gazebo_plugins/lib:/home/rhobtor/PHD/reactive/Reactive-Navegation/workspace_full_conected/install/car_cpp/lib:/home/rhobtor/PHD/reactive/Reactive-Navegation/workspace_full_conected/install/car_interfaces/lib:/usr/lib/x86_64-linux-gnu/gazebo-11/plugins:/opt/ros/humble/opt/rviz_ogre_vendor/lib:/opt/ros/humble/lib/x86_64-linux-gnu:/opt/ros/humble/lib /opt/st/stm32cubeclt_1.18.0/CMake/bin/cmake --build /home/rhobtor/PHD/ARGOJ8_IA/ARGOSJ8_IA_/build/ctl_mission -- -j16 -l16
[4.828s] DEBUG:colcon.colcon_core.event_handler.log_command:Invoked command in '/home/rhobtor/PHD/ARGOJ8_IA/ARGOSJ8_IA_/build/fixposition_odometry_converter_ros2' returned '0': CMAKE_PREFIX_PATH=/home/rhobtor/PHD/ARGOJ8_IA/ARGOSJ8_IA_/install/fixposition_driver_ros2:/home/rhobtor/PHD/ARGOJ8_IA/ARGOSJ8_IA_/install/fixposition_driver_lib:/home/rhobtor/PHD/ARGOJ8_IA/ARGOSJ8_IA_/install/fixposition_gnss_tf:/home/rhobtor/PHD/ARGOJ8_IA/ARGOSJ8_IA_/install/wiimote_msgs:/home/rhobtor/PHD/ARGOJ8_IA/ARGOSJ8_IA_/install/ublox:/home/rhobtor/PHD/ARGOJ8_IA/ARGOSJ8_IA_/install/ublox_gps:/home/rhobtor/PHD/ARGOJ8_IA/ARGOSJ8_IA_/install/security_check:/home/rhobtor/PHD/ARGOJ8_IA/ARGOSJ8_IA_/install/ctl_mission:/home/rhobtor/PHD/ARGOJ8_IA/ARGOSJ8_IA_/install/ublox_msgs:/home/rhobtor/PHD/ARGOJ8_IA/ARGOSJ8_IA_/install/ublox_serialization:/home/rhobtor/PHD/ARGOJ8_IA/ARGOSJ8_IA_/install/spacenav:/home/rhobtor/PHD/ARGOJ8_IA/ARGOSJ8_IA_/install/laser_segmentation:/home/rhobtor/PHD/ARGOJ8_IA/ARGOSJ8_IA_/install/slg_msgs:/home/rhobtor/PHD/ARGOJ8_IA/ARGOSJ8_IA_/install/security_check_interfaces:/home/rhobtor/PHD/ARGOJ8_IA/ARGOSJ8_IA_/install/joy:/home/rhobtor/PHD/ARGOJ8_IA/ARGOSJ8_IA_/install/sdl2_vendor:/home/rhobtor/PHD/ARGOJ8_IA/ARGOSJ8_IA_/install/path_manager:/home/rhobtor/PHD/ARGOJ8_IA/ARGOSJ8_IA_/install/path_manager_interfaces:/home/rhobtor/PHD/ARGOJ8_IA/ARGOSJ8_IA_/install/octomap_rviz_plugins:/home/rhobtor/PHD/ARGOJ8_IA/ARGOSJ8_IA_/install/joy_linux:/home/rhobtor/PHD/ARGOJ8_IA/ARGOSJ8_IA_/install/j8_xacro_model:/home/rhobtor/PHD/ARGOJ8_IA/ARGOSJ8_IA_/install/hector_gazebo_plugins:/home/rhobtor/PHD/ARGOJ8_IA/ARGOSJ8_IA_/install/fixposition_sensor_pkg:/home/rhobtor/PHD/ARGOJ8_IA/ARGOSJ8_IA_/install/fixposition_odometry_converter_ros2:/home/rhobtor/PHD/ARGOJ8_IA/ARGOSJ8_IA_/install/ctl_mission_interfaces:/home/rhobtor/PHD/ARGOJ8_IA/ARGOSJ8_IA_/install/car_cpp:/home/rhobtor/PHD/ARGOJ8_IA/ARGOSJ8_IA_/install/car_interfaces:/home/rhobtor/PHD/ARGOJ8_IA/ARGOSJ8_IA_/install/argj801_setup:/home/rhobtor/PHD/ARGOJ8_IA/ARGOSJ8_IA_/install/argj801_sensors:/home/rhobtor/PHD/ARGOJ8_IA/ARGOSJ8_IA_/install/argj801_sensors_msgs:/home/rhobtor/PHD/ARGOJ8_IA/ARGOSJ8_IA_/install/argj801_ctl_platform:/home/rhobtor/PHD/ARGOJ8_IA/ARGOSJ8_IA_/install/argj801_ctl_platform_interfaces:/home/rhobtor/zed/install/zed_ros2:/home/rhobtor/zed/install/zed_wrapper:/home/rhobtor/zed/install/zed_components:/home/rhobtor/zed/install/zed_interfaces:/home/rhobtor/PHD/reactive/Reactive-Navegation/workspace_full_conected/install/octomap_mapping:/home/rhobtor/PHD/reactive/Reactive-Navegation/workspace_full_conected/install/octomap_server:/home/rhobtor/PHD/reactive/Reactive-Navegation/workspace_full_conected/install/octomap_rviz_plugins:/home/rhobtor/PHD/reactive/Reactive-Navegation/workspace_full_conected/install/hector_gazebo_plugins:/home/rhobtor/PHD/reactive/Reactive-Navegation/workspace_full_conected/install/car_cpp:/home/rhobtor/PHD/reactive/Reactive-Navegation/workspace_full_conected/install/car_interfaces:/home/rhobtor/PHD/ARGOJ8_IA/ARGOSJ8_IA_/install/ntrip_client:/home/rhobtor/PHD/ARGOJ8_IA/ARGOSJ8_IA_/install/car:/home/rhobtor/PHD/ARGOJ8_IA/ARGOSJ8_IA_/install/android_ros2_server:/home/rhobtor/PHD/reactive/Reactive-Navegation/workspace_full_conected/install/car:/opt/ros/humble LD_LIBRARY_PATH=/home/rhobtor/PHD/ARGOJ8_IA/ARGOSJ8_IA_/install/fixposition_driver_ros2/lib:/home/rhobtor/PHD/ARGOJ8_IA/ARGOSJ8_IA_/install/fixposition_driver_lib/lib:/home/rhobtor/PHD/ARGOJ8_IA/ARGOSJ8_IA_/install/fixposition_gnss_tf/lib:/home/rhobtor/PHD/ARGOJ8_IA/ARGOSJ8_IA_/install/wiimote_msgs/lib:/home/rhobtor/PHD/ARGOJ8_IA/ARGOSJ8_IA_/install/ublox_gps/lib:/home/rhobtor/PHD/ARGOJ8_IA/ARGOSJ8_IA_/install/ublox_msgs/lib:/home/rhobtor/PHD/ARGOJ8_IA/ARGOSJ8_IA_/install/spacenav/lib:/home/rhobtor/PHD/ARGOJ8_IA/ARGOSJ8_IA_/install/laser_segmentation/lib:/home/rhobtor/PHD/ARGOJ8_IA/ARGOSJ8_IA_/install/slg_msgs/lib:/home/rhobtor/PHD/ARGOJ8_IA/ARGOSJ8_IA_/install/security_check_interfaces/lib:/home/rhobtor/PHD/ARGOJ8_IA/ARGOSJ8_IA_/install/joy/lib:/home/rhobtor/PHD/ARGOJ8_IA/ARGOSJ8_IA_/install/path_manager_interfaces/lib:/home/rhobtor/PHD/ARGOJ8_IA/ARGOSJ8_IA_/install/octomap_rviz_plugins/lib:/home/rhobtor/PHD/ARGOJ8_IA/ARGOSJ8_IA_/install/j8_xacro_model/lib:/home/rhobtor/PHD/ARGOJ8_IA/ARGOSJ8_IA_/install/hector_gazebo_plugins/lib:/home/rhobtor/PHD/ARGOJ8_IA/ARGOSJ8_IA_/install/fixposition_sensor_pkg/lib:/home/rhobtor/PHD/ARGOJ8_IA/ARGOSJ8_IA_/install/fixposition_odometry_converter_ros2/lib:/home/rhobtor/PHD/ARGOJ8_IA/ARGOSJ8_IA_/install/ctl_mission_interfaces/lib:/home/rhobtor/PHD/ARGOJ8_IA/ARGOSJ8_IA_/install/car_cpp/lib:/home/rhobtor/PHD/ARGOJ8_IA/ARGOSJ8_IA_/install/car_interfaces/lib:/home/rhobtor/PHD/ARGOJ8_IA/ARGOSJ8_IA_/install/argj801_sensors_msgs/lib:/home/rhobtor/PHD/ARGOJ8_IA/ARGOSJ8_IA_/install/argj801_ctl_platform_interfaces/lib:/usr/local/cuda/lib64:/usr/local/cuda/lib64:/usr/local/cuda-12.1/lib64:/usr/local/cuda-11.8/lib64:/home/rhobtor/zed/install/zed_components/lib:/home/rhobtor/zed/install/zed_interfaces/lib:/home/rhobtor/PHD/reactive/Reactive-Navegation/workspace_full_conected/install/octomap_server/lib:/home/rhobtor/PHD/reactive/Reactive-Navegation/workspace_full_conected/install/octomap_rviz_plugins/lib:/home/rhobtor/PHD/reactive/Reactive-Navegation/workspace_full_conected/install/hector_gazebo_plugins/lib:/home/rhobtor/PHD/reactive/Reactive-Navegation/workspace_full_conected/install/car_cpp/lib:/home/rhobtor/PHD/reactive/Reactive-Navegation/workspace_full_conected/install/car_interfaces/lib:/usr/lib/x86_64-linux-gnu/gazebo-11/plugins:/opt/ros/humble/opt/rviz_ogre_vendor/lib:/opt/ros/humble/lib/x86_64-linux-gnu:/opt/ros/humble/lib /opt/st/stm32cubeclt_1.18.0/CMake/bin/cmake --install /home/rhobtor/PHD/ARGOJ8_IA/ARGOSJ8_IA_/build/fixposition_odometry_converter_ros2
[4.829s] INFO:colcon.colcon_core.shell:Creating environment descriptor '/home/rhobtor/PHD/ARGOJ8_IA/ARGOSJ8_IA_/install/fixposition_odometry_converter_ros2/share/fixposition_odometry_converter_ros2/hook/cmake_prefix_path.dsv'
[4.829s] INFO:colcon.colcon_core.shell:Creating environment hook '/home/rhobtor/PHD/ARGOJ8_IA/ARGOSJ8_IA_/install/fixposition_odometry_converter_ros2/share/fixposition_odometry_converter_ros2/hook/cmake_prefix_path.sh'
[4.833s] Level 1:colcon.colcon_core.environment:checking '/home/rhobtor/PHD/ARGOJ8_IA/ARGOSJ8_IA_/install/fixposition_odometry_converter_ros2/lib'
[4.834s] Level 1:colcon.colcon_core.shell:create_environment_hook('fixposition_odometry_converter_ros2', 'ld_library_path_lib')
[4.836s] INFO:colcon.colcon_core.shell:Creating environment hook '/home/rhobtor/PHD/ARGOJ8_IA/ARGOSJ8_IA_/install/fixposition_odometry_converter_ros2/share/fixposition_odometry_converter_ros2/hook/ld_library_path_lib.ps1'
[4.839s] INFO:colcon.colcon_core.shell:Creating environment descriptor '/home/rhobtor/PHD/ARGOJ8_IA/ARGOSJ8_IA_/install/fixposition_odometry_converter_ros2/share/fixposition_odometry_converter_ros2/hook/ld_library_path_lib.dsv'
[4.842s] INFO:colcon.colcon_core.shell:Creating environment hook '/home/rhobtor/PHD/ARGOJ8_IA/ARGOSJ8_IA_/install/fixposition_odometry_converter_ros2/share/fixposition_odometry_converter_ros2/hook/ld_library_path_lib.sh'
[4.845s] Level 1:colcon.colcon_core.environment:checking '/home/rhobtor/PHD/ARGOJ8_IA/ARGOSJ8_IA_/install/fixposition_odometry_converter_ros2/bin'
[4.846s] Level 1:colcon.colcon_core.environment:checking '/home/rhobtor/PHD/ARGOJ8_IA/ARGOSJ8_IA_/install/fixposition_odometry_converter_ros2/lib/pkgconfig/fixposition_odometry_converter_ros2.pc'
[4.848s] Level 1:colcon.colcon_core.environment:checking '/home/rhobtor/PHD/ARGOJ8_IA/ARGOSJ8_IA_/install/fixposition_odometry_converter_ros2/lib/python3.10/site-packages'
[4.850s] Level 1:colcon.colcon_core.environment:checking '/home/rhobtor/PHD/ARGOJ8_IA/ARGOSJ8_IA_/install/fixposition_odometry_converter_ros2/bin'
[4.852s] INFO:colcon.colcon_core.shell:Creating package script '/home/rhobtor/PHD/ARGOJ8_IA/ARGOSJ8_IA_/install/fixposition_odometry_converter_ros2/share/fixposition_odometry_converter_ros2/package.ps1'
[4.858s] INFO:colcon.colcon_core.shell:Creating package descriptor '/home/rhobtor/PHD/ARGOJ8_IA/ARGOSJ8_IA_/install/fixposition_odometry_converter_ros2/share/fixposition_odometry_converter_ros2/package.dsv'
[4.861s] INFO:colcon.colcon_core.shell:Creating package script '/home/rhobtor/PHD/ARGOJ8_IA/ARGOSJ8_IA_/install/fixposition_odometry_converter_ros2/share/fixposition_odometry_converter_ros2/package.sh'
[4.865s] INFO:colcon.colcon_core.shell:Creating package script '/home/rhobtor/PHD/ARGOJ8_IA/ARGOSJ8_IA_/install/fixposition_odometry_converter_ros2/share/fixposition_odometry_converter_ros2/package.bash'
[4.868s] INFO:colcon.colcon_core.shell:Creating package script '/home/rhobtor/PHD/ARGOJ8_IA/ARGOSJ8_IA_/install/fixposition_odometry_converter_ros2/share/fixposition_odometry_converter_ros2/package.zsh'
[4.871s] Level 1:colcon.colcon_core.environment:create_file_with_runtime_dependencies(/home/rhobtor/PHD/ARGOJ8_IA/ARGOSJ8_IA_/install/fixposition_odometry_converter_ros2/share/colcon-core/packages/fixposition_odometry_converter_ros2)
[4.876s] Level 1:colcon.colcon_core.environment:create_environment_scripts_only(fixposition_odometry_converter_ros2)
[4.878s] Level 1:colcon.colcon_core.environment:checking '/home/rhobtor/PHD/ARGOJ8_IA/ARGOSJ8_IA_/install/fixposition_odometry_converter_ros2' for CMake module files
[4.883s] Level 1:colcon.colcon_core.environment:checking '/home/rhobtor/PHD/ARGOJ8_IA/ARGOSJ8_IA_/install/fixposition_odometry_converter_ros2' for CMake config files
[4.886s] Level 1:colcon.colcon_core.shell:create_environment_hook('fixposition_odometry_converter_ros2', 'cmake_prefix_path')
[4.890s] INFO:colcon.colcon_core.shell:Creating environment hook '/home/rhobtor/PHD/ARGOJ8_IA/ARGOSJ8_IA_/install/fixposition_odometry_converter_ros2/share/fixposition_odometry_converter_ros2/hook/cmake_prefix_path.ps1'
[4.893s] INFO:colcon.colcon_core.shell:Creating environment descriptor '/home/rhobtor/PHD/ARGOJ8_IA/ARGOSJ8_IA_/install/fixposition_odometry_converter_ros2/share/fixposition_odometry_converter_ros2/hook/cmake_prefix_path.dsv'
[4.899s] INFO:colcon.colcon_core.shell:Creating environment hook '/home/rhobtor/PHD/ARGOJ8_IA/ARGOSJ8_IA_/install/fixposition_odometry_converter_ros2/share/fixposition_odometry_converter_ros2/hook/cmake_prefix_path.sh'
[4.901s] Level 1:colcon.colcon_core.environment:checking '/home/rhobtor/PHD/ARGOJ8_IA/ARGOSJ8_IA_/install/fixposition_odometry_converter_ros2/lib'
[4.901s] Level 1:colcon.colcon_core.shell:create_environment_hook('fixposition_odometry_converter_ros2', 'ld_library_path_lib')
[4.901s] INFO:colcon.colcon_core.shell:Creating environment hook '/home/rhobtor/PHD/ARGOJ8_IA/ARGOSJ8_IA_/install/fixposition_odometry_converter_ros2/share/fixposition_odometry_converter_ros2/hook/ld_library_path_lib.ps1'
[4.902s] INFO:colcon.colcon_core.shell:Creating environment descriptor '/home/rhobtor/PHD/ARGOJ8_IA/ARGOSJ8_IA_/install/fixposition_odometry_converter_ros2/share/fixposition_odometry_converter_ros2/hook/ld_library_path_lib.dsv'
[4.902s] INFO:colcon.colcon_core.shell:Creating environment hook '/home/rhobtor/PHD/ARGOJ8_IA/ARGOSJ8_IA_/install/fixposition_odometry_converter_ros2/share/fixposition_odometry_converter_ros2/hook/ld_library_path_lib.sh'
[4.902s] Level 1:colcon.colcon_core.environment:checking '/home/rhobtor/PHD/ARGOJ8_IA/ARGOSJ8_IA_/install/fixposition_odometry_converter_ros2/bin'
[4.902s] Level 1:colcon.colcon_core.environment:checking '/home/rhobtor/PHD/ARGOJ8_IA/ARGOSJ8_IA_/install/fixposition_odometry_converter_ros2/lib/pkgconfig/fixposition_odometry_converter_ros2.pc'
[4.903s] Level 1:colcon.colcon_core.environment:checking '/home/rhobtor/PHD/ARGOJ8_IA/ARGOSJ8_IA_/install/fixposition_odometry_converter_ros2/lib/python3.10/site-packages'
[4.903s] Level 1:colcon.colcon_core.environment:checking '/home/rhobtor/PHD/ARGOJ8_IA/ARGOSJ8_IA_/install/fixposition_odometry_converter_ros2/bin'
[4.903s] INFO:colcon.colcon_core.shell:Creating package script '/home/rhobtor/PHD/ARGOJ8_IA/ARGOSJ8_IA_/install/fixposition_odometry_converter_ros2/share/fixposition_odometry_converter_ros2/package.ps1'
[4.904s] INFO:colcon.colcon_core.shell:Creating package descriptor '/home/rhobtor/PHD/ARGOJ8_IA/ARGOSJ8_IA_/install/fixposition_odometry_converter_ros2/share/fixposition_odometry_converter_ros2/package.dsv'
[4.904s] INFO:colcon.colcon_core.shell:Creating package script '/home/rhobtor/PHD/ARGOJ8_IA/ARGOSJ8_IA_/install/fixposition_odometry_converter_ros2/share/fixposition_odometry_converter_ros2/package.sh'
[4.905s] INFO:colcon.colcon_core.shell:Creating package script '/home/rhobtor/PHD/ARGOJ8_IA/ARGOSJ8_IA_/install/fixposition_odometry_converter_ros2/share/fixposition_odometry_converter_ros2/package.bash'
[4.905s] INFO:colcon.colcon_core.shell:Creating package script '/home/rhobtor/PHD/ARGOJ8_IA/ARGOSJ8_IA_/install/fixposition_odometry_converter_ros2/share/fixposition_odometry_converter_ros2/package.zsh'
[4.906s] Level 1:colcon.colcon_core.environment:create_file_with_runtime_dependencies(/home/rhobtor/PHD/ARGOJ8_IA/ARGOSJ8_IA_/install/fixposition_odometry_converter_ros2/share/colcon-core/packages/fixposition_odometry_converter_ros2)
[4.985s] DEBUG:colcon.colcon_core.event_handler.log_command:Invoked command in '/home/rhobtor/PHD/ARGOJ8_IA/ARGOSJ8_IA_/build/ublox_gps' returned '0': CMAKE_PREFIX_PATH=/home/rhobtor/PHD/ARGOJ8_IA/ARGOSJ8_IA_/install/ublox_msgs:/home/rhobtor/PHD/ARGOJ8_IA/ARGOSJ8_IA_/install/ublox_serialization:/home/rhobtor/PHD/ARGOJ8_IA/ARGOSJ8_IA_/install/wiimote_msgs:/home/rhobtor/PHD/ARGOJ8_IA/ARGOSJ8_IA_/install/ublox:/home/rhobtor/PHD/ARGOJ8_IA/ARGOSJ8_IA_/install/ublox_gps:/home/rhobtor/PHD/ARGOJ8_IA/ARGOSJ8_IA_/install/security_check:/home/rhobtor/PHD/ARGOJ8_IA/ARGOSJ8_IA_/install/ctl_mission:/home/rhobtor/PHD/ARGOJ8_IA/ARGOSJ8_IA_/install/spacenav:/home/rhobtor/PHD/ARGOJ8_IA/ARGOSJ8_IA_/install/laser_segmentation:/home/rhobtor/PHD/ARGOJ8_IA/ARGOSJ8_IA_/install/slg_msgs:/home/rhobtor/PHD/ARGOJ8_IA/ARGOSJ8_IA_/install/security_check_interfaces:/home/rhobtor/PHD/ARGOJ8_IA/ARGOSJ8_IA_/install/joy:/home/rhobtor/PHD/ARGOJ8_IA/ARGOSJ8_IA_/install/sdl2_vendor:/home/rhobtor/PHD/ARGOJ8_IA/ARGOSJ8_IA_/install/path_manager:/home/rhobtor/PHD/ARGOJ8_IA/ARGOSJ8_IA_/install/path_manager_interfaces:/home/rhobtor/PHD/ARGOJ8_IA/ARGOSJ8_IA_/install/octomap_rviz_plugins:/home/rhobtor/PHD/ARGOJ8_IA/ARGOSJ8_IA_/install/joy_linux:/home/rhobtor/PHD/ARGOJ8_IA/ARGOSJ8_IA_/install/j8_xacro_model:/home/rhobtor/PHD/ARGOJ8_IA/ARGOSJ8_IA_/install/hector_gazebo_plugins:/home/rhobtor/PHD/ARGOJ8_IA/ARGOSJ8_IA_/install/fixposition_sensor_pkg:/home/rhobtor/PHD/ARGOJ8_IA/ARGOSJ8_IA_/install/fixposition_odometry_converter_ros2:/home/rhobtor/PHD/ARGOJ8_IA/ARGOSJ8_IA_/install/fixposition_driver_ros2:/home/rhobtor/PHD/ARGOJ8_IA/ARGOSJ8_IA_/install/fixposition_driver_lib:/home/rhobtor/PHD/ARGOJ8_IA/ARGOSJ8_IA_/install/fixposition_gnss_tf:/home/rhobtor/PHD/ARGOJ8_IA/ARGOSJ8_IA_/install/ctl_mission_interfaces:/home/rhobtor/PHD/ARGOJ8_IA/ARGOSJ8_IA_/install/car_cpp:/home/rhobtor/PHD/ARGOJ8_IA/ARGOSJ8_IA_/install/car_interfaces:/home/rhobtor/PHD/ARGOJ8_IA/ARGOSJ8_IA_/install/argj801_setup:/home/rhobtor/PHD/ARGOJ8_IA/ARGOSJ8_IA_/install/argj801_sensors:/home/rhobtor/PHD/ARGOJ8_IA/ARGOSJ8_IA_/install/argj801_sensors_msgs:/home/rhobtor/PHD/ARGOJ8_IA/ARGOSJ8_IA_/install/argj801_ctl_platform:/home/rhobtor/PHD/ARGOJ8_IA/ARGOSJ8_IA_/install/argj801_ctl_platform_interfaces:/home/rhobtor/zed/install/zed_ros2:/home/rhobtor/zed/install/zed_wrapper:/home/rhobtor/zed/install/zed_components:/home/rhobtor/zed/install/zed_interfaces:/home/rhobtor/PHD/reactive/Reactive-Navegation/workspace_full_conected/install/octomap_mapping:/home/rhobtor/PHD/reactive/Reactive-Navegation/workspace_full_conected/install/octomap_server:/home/rhobtor/PHD/reactive/Reactive-Navegation/workspace_full_conected/install/octomap_rviz_plugins:/home/rhobtor/PHD/reactive/Reactive-Navegation/workspace_full_conected/install/hector_gazebo_plugins:/home/rhobtor/PHD/reactive/Reactive-Navegation/workspace_full_conected/install/car_cpp:/home/rhobtor/PHD/reactive/Reactive-Navegation/workspace_full_conected/install/car_interfaces:/home/rhobtor/PHD/ARGOJ8_IA/ARGOSJ8_IA_/install/ntrip_client:/home/rhobtor/PHD/ARGOJ8_IA/ARGOSJ8_IA_/install/car:/home/rhobtor/PHD/ARGOJ8_IA/ARGOSJ8_IA_/install/android_ros2_server:/home/rhobtor/PHD/reactive/Reactive-Navegation/workspace_full_conected/install/car:/opt/ros/humble LD_LIBRARY_PATH=/home/rhobtor/PHD/ARGOJ8_IA/ARGOSJ8_IA_/install/ublox_msgs/lib:/home/rhobtor/PHD/ARGOJ8_IA/ARGOSJ8_IA_/install/wiimote_msgs/lib:/home/rhobtor/PHD/ARGOJ8_IA/ARGOSJ8_IA_/install/ublox_gps/lib:/home/rhobtor/PHD/ARGOJ8_IA/ARGOSJ8_IA_/install/spacenav/lib:/home/rhobtor/PHD/ARGOJ8_IA/ARGOSJ8_IA_/install/laser_segmentation/lib:/home/rhobtor/PHD/ARGOJ8_IA/ARGOSJ8_IA_/install/slg_msgs/lib:/home/rhobtor/PHD/ARGOJ8_IA/ARGOSJ8_IA_/install/security_check_interfaces/lib:/home/rhobtor/PHD/ARGOJ8_IA/ARGOSJ8_IA_/install/joy/lib:/home/rhobtor/PHD/ARGOJ8_IA/ARGOSJ8_IA_/install/path_manager_interfaces/lib:/home/rhobtor/PHD/ARGOJ8_IA/ARGOSJ8_IA_/install/octomap_rviz_plugins/lib:/home/rhobtor/PHD/ARGOJ8_IA/ARGOSJ8_IA_/install/j8_xacro_model/lib:/home/rhobtor/PHD/ARGOJ8_IA/ARGOSJ8_IA_/install/hector_gazebo_plugins/lib:/home/rhobtor/PHD/ARGOJ8_IA/ARGOSJ8_IA_/install/fixposition_sensor_pkg/lib:/home/rhobtor/PHD/ARGOJ8_IA/ARGOSJ8_IA_/install/fixposition_odometry_converter_ros2/lib:/home/rhobtor/PHD/ARGOJ8_IA/ARGOSJ8_IA_/install/fixposition_driver_ros2/lib:/home/rhobtor/PHD/ARGOJ8_IA/ARGOSJ8_IA_/install/fixposition_driver_lib/lib:/home/rhobtor/PHD/ARGOJ8_IA/ARGOSJ8_IA_/install/fixposition_gnss_tf/lib:/home/rhobtor/PHD/ARGOJ8_IA/ARGOSJ8_IA_/install/ctl_mission_interfaces/lib:/home/rhobtor/PHD/ARGOJ8_IA/ARGOSJ8_IA_/install/car_cpp/lib:/home/rhobtor/PHD/ARGOJ8_IA/ARGOSJ8_IA_/install/car_interfaces/lib:/home/rhobtor/PHD/ARGOJ8_IA/ARGOSJ8_IA_/install/argj801_sensors_msgs/lib:/home/rhobtor/PHD/ARGOJ8_IA/ARGOSJ8_IA_/install/argj801_ctl_platform_interfaces/lib:/usr/local/cuda/lib64:/usr/local/cuda/lib64:/usr/local/cuda-12.1/lib64:/usr/local/cuda-11.8/lib64:/home/rhobtor/zed/install/zed_components/lib:/home/rhobtor/zed/install/zed_interfaces/lib:/home/rhobtor/PHD/reactive/Reactive-Navegation/workspace_full_conected/install/octomap_server/lib:/home/rhobtor/PHD/reactive/Reactive-Navegation/workspace_full_conected/install/octomap_rviz_plugins/lib:/home/rhobtor/PHD/reactive/Reactive-Navegation/workspace_full_conected/install/hector_gazebo_plugins/lib:/home/rhobtor/PHD/reactive/Reactive-Navegation/workspace_full_conected/install/car_cpp/lib:/home/rhobtor/PHD/reactive/Reactive-Navegation/workspace_full_conected/install/car_interfaces/lib:/usr/lib/x86_64-linux-gnu/gazebo-11/plugins:/opt/ros/humble/opt/rviz_ogre_vendor/lib:/opt/ros/humble/lib/x86_64-linux-gnu:/opt/ros/humble/lib /opt/st/stm32cubeclt_1.18.0/CMake/bin/cmake --build /home/rhobtor/PHD/ARGOJ8_IA/ARGOSJ8_IA_/build/ublox_gps -- -j16 -l16
[4.991s] DEBUG:colcon.colcon_core.event_handler.log_command:Invoking command in '/home/rhobtor/PHD/ARGOJ8_IA/ARGOSJ8_IA_/build/ublox_gps': CMAKE_PREFIX_PATH=/home/rhobtor/PHD/ARGOJ8_IA/ARGOSJ8_IA_/install/ublox_msgs:/home/rhobtor/PHD/ARGOJ8_IA/ARGOSJ8_IA_/install/ublox_serialization:/home/rhobtor/PHD/ARGOJ8_IA/ARGOSJ8_IA_/install/wiimote_msgs:/home/rhobtor/PHD/ARGOJ8_IA/ARGOSJ8_IA_/install/ublox:/home/rhobtor/PHD/ARGOJ8_IA/ARGOSJ8_IA_/install/ublox_gps:/home/rhobtor/PHD/ARGOJ8_IA/ARGOSJ8_IA_/install/security_check:/home/rhobtor/PHD/ARGOJ8_IA/ARGOSJ8_IA_/install/ctl_mission:/home/rhobtor/PHD/ARGOJ8_IA/ARGOSJ8_IA_/install/spacenav:/home/rhobtor/PHD/ARGOJ8_IA/ARGOSJ8_IA_/install/laser_segmentation:/home/rhobtor/PHD/ARGOJ8_IA/ARGOSJ8_IA_/install/slg_msgs:/home/rhobtor/PHD/ARGOJ8_IA/ARGOSJ8_IA_/install/security_check_interfaces:/home/rhobtor/PHD/ARGOJ8_IA/ARGOSJ8_IA_/install/joy:/home/rhobtor/PHD/ARGOJ8_IA/ARGOSJ8_IA_/install/sdl2_vendor:/home/rhobtor/PHD/ARGOJ8_IA/ARGOSJ8_IA_/install/path_manager:/home/rhobtor/PHD/ARGOJ8_IA/ARGOSJ8_IA_/install/path_manager_interfaces:/home/rhobtor/PHD/ARGOJ8_IA/ARGOSJ8_IA_/install/octomap_rviz_plugins:/home/rhobtor/PHD/ARGOJ8_IA/ARGOSJ8_IA_/install/joy_linux:/home/rhobtor/PHD/ARGOJ8_IA/ARGOSJ8_IA_/install/j8_xacro_model:/home/rhobtor/PHD/ARGOJ8_IA/ARGOSJ8_IA_/install/hector_gazebo_plugins:/home/rhobtor/PHD/ARGOJ8_IA/ARGOSJ8_IA_/install/fixposition_sensor_pkg:/home/rhobtor/PHD/ARGOJ8_IA/ARGOSJ8_IA_/install/fixposition_odometry_converter_ros2:/home/rhobtor/PHD/ARGOJ8_IA/ARGOSJ8_IA_/install/fixposition_driver_ros2:/home/rhobtor/PHD/ARGOJ8_IA/ARGOSJ8_IA_/install/fixposition_driver_lib:/home/rhobtor/PHD/ARGOJ8_IA/ARGOSJ8_IA_/install/fixposition_gnss_tf:/home/rhobtor/PHD/ARGOJ8_IA/ARGOSJ8_IA_/install/ctl_mission_interfaces:/home/rhobtor/PHD/ARGOJ8_IA/ARGOSJ8_IA_/install/car_cpp:/home/rhobtor/PHD/ARGOJ8_IA/ARGOSJ8_IA_/install/car_interfaces:/home/rhobtor/PHD/ARGOJ8_IA/ARGOSJ8_IA_/install/argj801_setup:/home/rhobtor/PHD/ARGOJ8_IA/ARGOSJ8_IA_/install/argj801_sensors:/home/rhobtor/PHD/ARGOJ8_IA/ARGOSJ8_IA_/install/argj801_sensors_msgs:/home/rhobtor/PHD/ARGOJ8_IA/ARGOSJ8_IA_/install/argj801_ctl_platform:/home/rhobtor/PHD/ARGOJ8_IA/ARGOSJ8_IA_/install/argj801_ctl_platform_interfaces:/home/rhobtor/zed/install/zed_ros2:/home/rhobtor/zed/install/zed_wrapper:/home/rhobtor/zed/install/zed_components:/home/rhobtor/zed/install/zed_interfaces:/home/rhobtor/PHD/reactive/Reactive-Navegation/workspace_full_conected/install/octomap_mapping:/home/rhobtor/PHD/reactive/Reactive-Navegation/workspace_full_conected/install/octomap_server:/home/rhobtor/PHD/reactive/Reactive-Navegation/workspace_full_conected/install/octomap_rviz_plugins:/home/rhobtor/PHD/reactive/Reactive-Navegation/workspace_full_conected/install/hector_gazebo_plugins:/home/rhobtor/PHD/reactive/Reactive-Navegation/workspace_full_conected/install/car_cpp:/home/rhobtor/PHD/reactive/Reactive-Navegation/workspace_full_conected/install/car_interfaces:/home/rhobtor/PHD/ARGOJ8_IA/ARGOSJ8_IA_/install/ntrip_client:/home/rhobtor/PHD/ARGOJ8_IA/ARGOSJ8_IA_/install/car:/home/rhobtor/PHD/ARGOJ8_IA/ARGOSJ8_IA_/install/android_ros2_server:/home/rhobtor/PHD/reactive/Reactive-Navegation/workspace_full_conected/install/car:/opt/ros/humble LD_LIBRARY_PATH=/home/rhobtor/PHD/ARGOJ8_IA/ARGOSJ8_IA_/install/ublox_msgs/lib:/home/rhobtor/PHD/ARGOJ8_IA/ARGOSJ8_IA_/install/wiimote_msgs/lib:/home/rhobtor/PHD/ARGOJ8_IA/ARGOSJ8_IA_/install/ublox_gps/lib:/home/rhobtor/PHD/ARGOJ8_IA/ARGOSJ8_IA_/install/spacenav/lib:/home/rhobtor/PHD/ARGOJ8_IA/ARGOSJ8_IA_/install/laser_segmentation/lib:/home/rhobtor/PHD/ARGOJ8_IA/ARGOSJ8_IA_/install/slg_msgs/lib:/home/rhobtor/PHD/ARGOJ8_IA/ARGOSJ8_IA_/install/security_check_interfaces/lib:/home/rhobtor/PHD/ARGOJ8_IA/ARGOSJ8_IA_/install/joy/lib:/home/rhobtor/PHD/ARGOJ8_IA/ARGOSJ8_IA_/install/path_manager_interfaces/lib:/home/rhobtor/PHD/ARGOJ8_IA/ARGOSJ8_IA_/install/octomap_rviz_plugins/lib:/home/rhobtor/PHD/ARGOJ8_IA/ARGOSJ8_IA_/install/j8_xacro_model/lib:/home/rhobtor/PHD/ARGOJ8_IA/ARGOSJ8_IA_/install/hector_gazebo_plugins/lib:/home/rhobtor/PHD/ARGOJ8_IA/ARGOSJ8_IA_/install/fixposition_sensor_pkg/lib:/home/rhobtor/PHD/ARGOJ8_IA/ARGOSJ8_IA_/install/fixposition_odometry_converter_ros2/lib:/home/rhobtor/PHD/ARGOJ8_IA/ARGOSJ8_IA_/install/fixposition_driver_ros2/lib:/home/rhobtor/PHD/ARGOJ8_IA/ARGOSJ8_IA_/install/fixposition_driver_lib/lib:/home/rhobtor/PHD/ARGOJ8_IA/ARGOSJ8_IA_/install/fixposition_gnss_tf/lib:/home/rhobtor/PHD/ARGOJ8_IA/ARGOSJ8_IA_/install/ctl_mission_interfaces/lib:/home/rhobtor/PHD/ARGOJ8_IA/ARGOSJ8_IA_/install/car_cpp/lib:/home/rhobtor/PHD/ARGOJ8_IA/ARGOSJ8_IA_/install/car_interfaces/lib:/home/rhobtor/PHD/ARGOJ8_IA/ARGOSJ8_IA_/install/argj801_sensors_msgs/lib:/home/rhobtor/PHD/ARGOJ8_IA/ARGOSJ8_IA_/install/argj801_ctl_platform_interfaces/lib:/usr/local/cuda/lib64:/usr/local/cuda/lib64:/usr/local/cuda-12.1/lib64:/usr/local/cuda-11.8/lib64:/home/rhobtor/zed/install/zed_components/lib:/home/rhobtor/zed/install/zed_interfaces/lib:/home/rhobtor/PHD/reactive/Reactive-Navegation/workspace_full_conected/install/octomap_server/lib:/home/rhobtor/PHD/reactive/Reactive-Navegation/workspace_full_conected/install/octomap_rviz_plugins/lib:/home/rhobtor/PHD/reactive/Reactive-Navegation/workspace_full_conected/install/hector_gazebo_plugins/lib:/home/rhobtor/PHD/reactive/Reactive-Navegation/workspace_full_conected/install/car_cpp/lib:/home/rhobtor/PHD/reactive/Reactive-Navegation/workspace_full_conected/install/car_interfaces/lib:/usr/lib/x86_64-linux-gnu/gazebo-11/plugins:/opt/ros/humble/opt/rviz_ogre_vendor/lib:/opt/ros/humble/lib/x86_64-linux-gnu:/opt/ros/humble/lib /opt/st/stm32cubeclt_1.18.0/CMake/bin/cmake --install /home/rhobtor/PHD/ARGOJ8_IA/ARGOSJ8_IA_/build/ublox_gps
[5.000s] Level 1:colcon.colcon_core.environment:create_environment_scripts_only(ublox_gps)
[5.001s] Level 1:colcon.colcon_core.environment:checking '/home/rhobtor/PHD/ARGOJ8_IA/ARGOSJ8_IA_/install/ublox_gps' for CMake module files
[5.006s] Level 1:colcon.colcon_core.environment:checking '/home/rhobtor/PHD/ARGOJ8_IA/ARGOSJ8_IA_/install/ublox_gps' for CMake config files
[5.009s] DEBUG:colcon.colcon_core.event_handler.log_command:Invoked command in '/home/rhobtor/PHD/ARGOJ8_IA/ARGOSJ8_IA_/build/ublox_gps' returned '0': CMAKE_PREFIX_PATH=/home/rhobtor/PHD/ARGOJ8_IA/ARGOSJ8_IA_/install/ublox_msgs:/home/rhobtor/PHD/ARGOJ8_IA/ARGOSJ8_IA_/install/ublox_serialization:/home/rhobtor/PHD/ARGOJ8_IA/ARGOSJ8_IA_/install/wiimote_msgs:/home/rhobtor/PHD/ARGOJ8_IA/ARGOSJ8_IA_/install/ublox:/home/rhobtor/PHD/ARGOJ8_IA/ARGOSJ8_IA_/install/ublox_gps:/home/rhobtor/PHD/ARGOJ8_IA/ARGOSJ8_IA_/install/security_check:/home/rhobtor/PHD/ARGOJ8_IA/ARGOSJ8_IA_/install/ctl_mission:/home/rhobtor/PHD/ARGOJ8_IA/ARGOSJ8_IA_/install/spacenav:/home/rhobtor/PHD/ARGOJ8_IA/ARGOSJ8_IA_/install/laser_segmentation:/home/rhobtor/PHD/ARGOJ8_IA/ARGOSJ8_IA_/install/slg_msgs:/home/rhobtor/PHD/ARGOJ8_IA/ARGOSJ8_IA_/install/security_check_interfaces:/home/rhobtor/PHD/ARGOJ8_IA/ARGOSJ8_IA_/install/joy:/home/rhobtor/PHD/ARGOJ8_IA/ARGOSJ8_IA_/install/sdl2_vendor:/home/rhobtor/PHD/ARGOJ8_IA/ARGOSJ8_IA_/install/path_manager:/home/rhobtor/PHD/ARGOJ8_IA/ARGOSJ8_IA_/install/path_manager_interfaces:/home/rhobtor/PHD/ARGOJ8_IA/ARGOSJ8_IA_/install/octomap_rviz_plugins:/home/rhobtor/PHD/ARGOJ8_IA/ARGOSJ8_IA_/install/joy_linux:/home/rhobtor/PHD/ARGOJ8_IA/ARGOSJ8_IA_/install/j8_xacro_model:/home/rhobtor/PHD/ARGOJ8_IA/ARGOSJ8_IA_/install/hector_gazebo_plugins:/home/rhobtor/PHD/ARGOJ8_IA/ARGOSJ8_IA_/install/fixposition_sensor_pkg:/home/rhobtor/PHD/ARGOJ8_IA/ARGOSJ8_IA_/install/fixposition_odometry_converter_ros2:/home/rhobtor/PHD/ARGOJ8_IA/ARGOSJ8_IA_/install/fixposition_driver_ros2:/home/rhobtor/PHD/ARGOJ8_IA/ARGOSJ8_IA_/install/fixposition_driver_lib:/home/rhobtor/PHD/ARGOJ8_IA/ARGOSJ8_IA_/install/fixposition_gnss_tf:/home/rhobtor/PHD/ARGOJ8_IA/ARGOSJ8_IA_/install/ctl_mission_interfaces:/home/rhobtor/PHD/ARGOJ8_IA/ARGOSJ8_IA_/install/car_cpp:/home/rhobtor/PHD/ARGOJ8_IA/ARGOSJ8_IA_/install/car_interfaces:/home/rhobtor/PHD/ARGOJ8_IA/ARGOSJ8_IA_/install/argj801_setup:/home/rhobtor/PHD/ARGOJ8_IA/ARGOSJ8_IA_/install/argj801_sensors:/home/rhobtor/PHD/ARGOJ8_IA/ARGOSJ8_IA_/install/argj801_sensors_msgs:/home/rhobtor/PHD/ARGOJ8_IA/ARGOSJ8_IA_/install/argj801_ctl_platform:/home/rhobtor/PHD/ARGOJ8_IA/ARGOSJ8_IA_/install/argj801_ctl_platform_interfaces:/home/rhobtor/zed/install/zed_ros2:/home/rhobtor/zed/install/zed_wrapper:/home/rhobtor/zed/install/zed_components:/home/rhobtor/zed/install/zed_interfaces:/home/rhobtor/PHD/reactive/Reactive-Navegation/workspace_full_conected/install/octomap_mapping:/home/rhobtor/PHD/reactive/Reactive-Navegation/workspace_full_conected/install/octomap_server:/home/rhobtor/PHD/reactive/Reactive-Navegation/workspace_full_conected/install/octomap_rviz_plugins:/home/rhobtor/PHD/reactive/Reactive-Navegation/workspace_full_conected/install/hector_gazebo_plugins:/home/rhobtor/PHD/reactive/Reactive-Navegation/workspace_full_conected/install/car_cpp:/home/rhobtor/PHD/reactive/Reactive-Navegation/workspace_full_conected/install/car_interfaces:/home/rhobtor/PHD/ARGOJ8_IA/ARGOSJ8_IA_/install/ntrip_client:/home/rhobtor/PHD/ARGOJ8_IA/ARGOSJ8_IA_/install/car:/home/rhobtor/PHD/ARGOJ8_IA/ARGOSJ8_IA_/install/android_ros2_server:/home/rhobtor/PHD/reactive/Reactive-Navegation/workspace_full_conected/install/car:/opt/ros/humble LD_LIBRARY_PATH=/home/rhobtor/PHD/ARGOJ8_IA/ARGOSJ8_IA_/install/ublox_msgs/lib:/home/rhobtor/PHD/ARGOJ8_IA/ARGOSJ8_IA_/install/wiimote_msgs/lib:/home/rhobtor/PHD/ARGOJ8_IA/ARGOSJ8_IA_/install/ublox_gps/lib:/home/rhobtor/PHD/ARGOJ8_IA/ARGOSJ8_IA_/install/spacenav/lib:/home/rhobtor/PHD/ARGOJ8_IA/ARGOSJ8_IA_/install/laser_segmentation/lib:/home/rhobtor/PHD/ARGOJ8_IA/ARGOSJ8_IA_/install/slg_msgs/lib:/home/rhobtor/PHD/ARGOJ8_IA/ARGOSJ8_IA_/install/security_check_interfaces/lib:/home/rhobtor/PHD/ARGOJ8_IA/ARGOSJ8_IA_/install/joy/lib:/home/rhobtor/PHD/ARGOJ8_IA/ARGOSJ8_IA_/install/path_manager_interfaces/lib:/home/rhobtor/PHD/ARGOJ8_IA/ARGOSJ8_IA_/install/octomap_rviz_plugins/lib:/home/rhobtor/PHD/ARGOJ8_IA/ARGOSJ8_IA_/install/j8_xacro_model/lib:/home/rhobtor/PHD/ARGOJ8_IA/ARGOSJ8_IA_/install/hector_gazebo_plugins/lib:/home/rhobtor/PHD/ARGOJ8_IA/ARGOSJ8_IA_/install/fixposition_sensor_pkg/lib:/home/rhobtor/PHD/ARGOJ8_IA/ARGOSJ8_IA_/install/fixposition_odometry_converter_ros2/lib:/home/rhobtor/PHD/ARGOJ8_IA/ARGOSJ8_IA_/install/fixposition_driver_ros2/lib:/home/rhobtor/PHD/ARGOJ8_IA/ARGOSJ8_IA_/install/fixposition_driver_lib/lib:/home/rhobtor/PHD/ARGOJ8_IA/ARGOSJ8_IA_/install/fixposition_gnss_tf/lib:/home/rhobtor/PHD/ARGOJ8_IA/ARGOSJ8_IA_/install/ctl_mission_interfaces/lib:/home/rhobtor/PHD/ARGOJ8_IA/ARGOSJ8_IA_/install/car_cpp/lib:/home/rhobtor/PHD/ARGOJ8_IA/ARGOSJ8_IA_/install/car_interfaces/lib:/home/rhobtor/PHD/ARGOJ8_IA/ARGOSJ8_IA_/install/argj801_sensors_msgs/lib:/home/rhobtor/PHD/ARGOJ8_IA/ARGOSJ8_IA_/install/argj801_ctl_platform_interfaces/lib:/usr/local/cuda/lib64:/usr/local/cuda/lib64:/usr/local/cuda-12.1/lib64:/usr/local/cuda-11.8/lib64:/home/rhobtor/zed/install/zed_components/lib:/home/rhobtor/zed/install/zed_interfaces/lib:/home/rhobtor/PHD/reactive/Reactive-Navegation/workspace_full_conected/install/octomap_server/lib:/home/rhobtor/PHD/reactive/Reactive-Navegation/workspace_full_conected/install/octomap_rviz_plugins/lib:/home/rhobtor/PHD/reactive/Reactive-Navegation/workspace_full_conected/install/hector_gazebo_plugins/lib:/home/rhobtor/PHD/reactive/Reactive-Navegation/workspace_full_conected/install/car_cpp/lib:/home/rhobtor/PHD/reactive/Reactive-Navegation/workspace_full_conected/install/car_interfaces/lib:/usr/lib/x86_64-linux-gnu/gazebo-11/plugins:/opt/ros/humble/opt/rviz_ogre_vendor/lib:/opt/ros/humble/lib/x86_64-linux-gnu:/opt/ros/humble/lib /opt/st/stm32cubeclt_1.18.0/CMake/bin/cmake --install /home/rhobtor/PHD/ARGOJ8_IA/ARGOSJ8_IA_/build/ublox_gps
[5.009s] Level 1:colcon.colcon_core.shell:create_environment_hook('ublox_gps', 'cmake_prefix_path')
[5.010s] INFO:colcon.colcon_core.shell:Creating environment hook '/home/rhobtor/PHD/ARGOJ8_IA/ARGOSJ8_IA_/install/ublox_gps/share/ublox_gps/hook/cmake_prefix_path.ps1'
[5.011s] INFO:colcon.colcon_core.shell:Creating environment descriptor '/home/rhobtor/PHD/ARGOJ8_IA/ARGOSJ8_IA_/install/ublox_gps/share/ublox_gps/hook/cmake_prefix_path.dsv'
[5.011s] INFO:colcon.colcon_core.shell:Creating environment hook '/home/rhobtor/PHD/ARGOJ8_IA/ARGOSJ8_IA_/install/ublox_gps/share/ublox_gps/hook/cmake_prefix_path.sh'
[5.012s] Level 1:colcon.colcon_core.environment:checking '/home/rhobtor/PHD/ARGOJ8_IA/ARGOSJ8_IA_/install/ublox_gps/lib'
[5.012s] Level 1:colcon.colcon_core.shell:create_environment_hook('ublox_gps', 'ld_library_path_lib')
[5.012s] INFO:colcon.colcon_core.shell:Creating environment hook '/home/rhobtor/PHD/ARGOJ8_IA/ARGOSJ8_IA_/install/ublox_gps/share/ublox_gps/hook/ld_library_path_lib.ps1'
[5.013s] INFO:colcon.colcon_core.shell:Creating environment descriptor '/home/rhobtor/PHD/ARGOJ8_IA/ARGOSJ8_IA_/install/ublox_gps/share/ublox_gps/hook/ld_library_path_lib.dsv'
[5.013s] INFO:colcon.colcon_core.shell:Creating environment hook '/home/rhobtor/PHD/ARGOJ8_IA/ARGOSJ8_IA_/install/ublox_gps/share/ublox_gps/hook/ld_library_path_lib.sh'
[5.014s] Level 1:colcon.colcon_core.environment:checking '/home/rhobtor/PHD/ARGOJ8_IA/ARGOSJ8_IA_/install/ublox_gps/bin'
[5.014s] Level 1:colcon.colcon_core.environment:checking '/home/rhobtor/PHD/ARGOJ8_IA/ARGOSJ8_IA_/install/ublox_gps/lib/pkgconfig/ublox_gps.pc'
[5.014s] Level 1:colcon.colcon_core.environment:checking '/home/rhobtor/PHD/ARGOJ8_IA/ARGOSJ8_IA_/install/ublox_gps/lib/python3.10/site-packages'
[5.015s] Level 1:colcon.colcon_core.environment:checking '/home/rhobtor/PHD/ARGOJ8_IA/ARGOSJ8_IA_/install/ublox_gps/bin'
[5.015s] INFO:colcon.colcon_core.shell:Creating package script '/home/rhobtor/PHD/ARGOJ8_IA/ARGOSJ8_IA_/install/ublox_gps/share/ublox_gps/package.ps1'
[5.016s] INFO:colcon.colcon_core.shell:Creating package descriptor '/home/rhobtor/PHD/ARGOJ8_IA/ARGOSJ8_IA_/install/ublox_gps/share/ublox_gps/package.dsv'
[5.017s] INFO:colcon.colcon_core.shell:Creating package script '/home/rhobtor/PHD/ARGOJ8_IA/ARGOSJ8_IA_/install/ublox_gps/share/ublox_gps/package.sh'
[5.017s] INFO:colcon.colcon_core.shell:Creating package script '/home/rhobtor/PHD/ARGOJ8_IA/ARGOSJ8_IA_/install/ublox_gps/share/ublox_gps/package.bash'
[5.018s] INFO:colcon.colcon_core.shell:Creating package script '/home/rhobtor/PHD/ARGOJ8_IA/ARGOSJ8_IA_/install/ublox_gps/share/ublox_gps/package.zsh'
[5.018s] Level 1:colcon.colcon_core.environment:create_file_with_runtime_dependencies(/home/rhobtor/PHD/ARGOJ8_IA/ARGOSJ8_IA_/install/ublox_gps/share/colcon-core/packages/ublox_gps)
[5.019s] Level 1:colcon.colcon_core.environment:create_environment_scripts_only(ublox_gps)
[5.019s] Level 1:colcon.colcon_core.environment:checking '/home/rhobtor/PHD/ARGOJ8_IA/ARGOSJ8_IA_/install/ublox_gps' for CMake module files
[5.020s] Level 1:colcon.colcon_core.environment:checking '/home/rhobtor/PHD/ARGOJ8_IA/ARGOSJ8_IA_/install/ublox_gps' for CMake config files
[5.020s] Level 1:colcon.colcon_core.shell:create_environment_hook('ublox_gps', 'cmake_prefix_path')
[5.021s] INFO:colcon.colcon_core.shell:Creating environment hook '/home/rhobtor/PHD/ARGOJ8_IA/ARGOSJ8_IA_/install/ublox_gps/share/ublox_gps/hook/cmake_prefix_path.ps1'
[5.022s] INFO:colcon.colcon_core.shell:Creating environment descriptor '/home/rhobtor/PHD/ARGOJ8_IA/ARGOSJ8_IA_/install/ublox_gps/share/ublox_gps/hook/cmake_prefix_path.dsv'
[5.022s] INFO:colcon.colcon_core.shell:Creating environment hook '/home/rhobtor/PHD/ARGOJ8_IA/ARGOSJ8_IA_/install/ublox_gps/share/ublox_gps/hook/cmake_prefix_path.sh'
[5.023s] Level 1:colcon.colcon_core.environment:checking '/home/rhobtor/PHD/ARGOJ8_IA/ARGOSJ8_IA_/install/ublox_gps/lib'
[5.023s] Level 1:colcon.colcon_core.shell:create_environment_hook('ublox_gps', 'ld_library_path_lib')
[5.023s] INFO:colcon.colcon_core.shell:Creating environment hook '/home/rhobtor/PHD/ARGOJ8_IA/ARGOSJ8_IA_/install/ublox_gps/share/ublox_gps/hook/ld_library_path_lib.ps1'
[5.024s] INFO:colcon.colcon_core.shell:Creating environment descriptor '/home/rhobtor/PHD/ARGOJ8_IA/ARGOSJ8_IA_/install/ublox_gps/share/ublox_gps/hook/ld_library_path_lib.dsv'
[5.024s] INFO:colcon.colcon_core.shell:Creating environment hook '/home/rhobtor/PHD/ARGOJ8_IA/ARGOSJ8_IA_/install/ublox_gps/share/ublox_gps/hook/ld_library_path_lib.sh'
[5.025s] Level 1:colcon.colcon_core.environment:checking '/home/rhobtor/PHD/ARGOJ8_IA/ARGOSJ8_IA_/install/ublox_gps/bin'
[5.025s] Level 1:colcon.colcon_core.environment:checking '/home/rhobtor/PHD/ARGOJ8_IA/ARGOSJ8_IA_/install/ublox_gps/lib/pkgconfig/ublox_gps.pc'
[5.025s] Level 1:colcon.colcon_core.environment:checking '/home/rhobtor/PHD/ARGOJ8_IA/ARGOSJ8_IA_/install/ublox_gps/lib/python3.10/site-packages'
[5.026s] Level 1:colcon.colcon_core.environment:checking '/home/rhobtor/PHD/ARGOJ8_IA/ARGOSJ8_IA_/install/ublox_gps/bin'
[5.026s] INFO:colcon.colcon_core.shell:Creating package script '/home/rhobtor/PHD/ARGOJ8_IA/ARGOSJ8_IA_/install/ublox_gps/share/ublox_gps/package.ps1'
[5.027s] INFO:colcon.colcon_core.shell:Creating package descriptor '/home/rhobtor/PHD/ARGOJ8_IA/ARGOSJ8_IA_/install/ublox_gps/share/ublox_gps/package.dsv'
[5.028s] INFO:colcon.colcon_core.shell:Creating package script '/home/rhobtor/PHD/ARGOJ8_IA/ARGOSJ8_IA_/install/ublox_gps/share/ublox_gps/package.sh'
[5.028s] INFO:colcon.colcon_core.shell:Creating package script '/home/rhobtor/PHD/ARGOJ8_IA/ARGOSJ8_IA_/install/ublox_gps/share/ublox_gps/package.bash'
[5.029s] INFO:colcon.colcon_core.shell:Creating package script '/home/rhobtor/PHD/ARGOJ8_IA/ARGOSJ8_IA_/install/ublox_gps/share/ublox_gps/package.zsh'
[5.029s] Level 1:colcon.colcon_core.environment:create_file_with_runtime_dependencies(/home/rhobtor/PHD/ARGOJ8_IA/ARGOSJ8_IA_/install/ublox_gps/share/colcon-core/packages/ublox_gps)
[5.030s] INFO:colcon.colcon_ros.task.ament_cmake.build:Building ROS package in '/home/rhobtor/PHD/ARGOJ8_IA/ARGOSJ8_IA_/src/argo_drivers_pkgs/ublox/ublox' with build type 'ament_cmake'
[5.030s] INFO:colcon.colcon_cmake.task.cmake.build:Building CMake package in '/home/rhobtor/PHD/ARGOJ8_IA/ARGOSJ8_IA_/src/argo_drivers_pkgs/ublox/ublox'
[5.030s] INFO:colcon.colcon_core.shell:Skip shell extension 'powershell' for command environment: Not usable outside of PowerShell
[5.030s] DEBUG:colcon.colcon_core.shell:Skip shell extension 'dsv' for command environment
[5.099s] DEBUG:colcon.colcon_core.event_handler.log_command:Invoking command in '/home/rhobtor/PHD/ARGOJ8_IA/ARGOSJ8_IA_/build/ublox': CMAKE_PREFIX_PATH=/home/rhobtor/PHD/ARGOJ8_IA/ARGOSJ8_IA_/install/ublox_gps:/home/rhobtor/PHD/ARGOJ8_IA/ARGOSJ8_IA_/install/ublox_msgs:/home/rhobtor/PHD/ARGOJ8_IA/ARGOSJ8_IA_/install/ublox_serialization:/home/rhobtor/PHD/ARGOJ8_IA/ARGOSJ8_IA_/install/wiimote_msgs:/home/rhobtor/PHD/ARGOJ8_IA/ARGOSJ8_IA_/install/ublox:/home/rhobtor/PHD/ARGOJ8_IA/ARGOSJ8_IA_/install/security_check:/home/rhobtor/PHD/ARGOJ8_IA/ARGOSJ8_IA_/install/ctl_mission:/home/rhobtor/PHD/ARGOJ8_IA/ARGOSJ8_IA_/install/spacenav:/home/rhobtor/PHD/ARGOJ8_IA/ARGOSJ8_IA_/install/laser_segmentation:/home/rhobtor/PHD/ARGOJ8_IA/ARGOSJ8_IA_/install/slg_msgs:/home/rhobtor/PHD/ARGOJ8_IA/ARGOSJ8_IA_/install/security_check_interfaces:/home/rhobtor/PHD/ARGOJ8_IA/ARGOSJ8_IA_/install/joy:/home/rhobtor/PHD/ARGOJ8_IA/ARGOSJ8_IA_/install/sdl2_vendor:/home/rhobtor/PHD/ARGOJ8_IA/ARGOSJ8_IA_/install/path_manager:/home/rhobtor/PHD/ARGOJ8_IA/ARGOSJ8_IA_/install/path_manager_interfaces:/home/rhobtor/PHD/ARGOJ8_IA/ARGOSJ8_IA_/install/octomap_rviz_plugins:/home/rhobtor/PHD/ARGOJ8_IA/ARGOSJ8_IA_/install/joy_linux:/home/rhobtor/PHD/ARGOJ8_IA/ARGOSJ8_IA_/install/j8_xacro_model:/home/rhobtor/PHD/ARGOJ8_IA/ARGOSJ8_IA_/install/hector_gazebo_plugins:/home/rhobtor/PHD/ARGOJ8_IA/ARGOSJ8_IA_/install/fixposition_sensor_pkg:/home/rhobtor/PHD/ARGOJ8_IA/ARGOSJ8_IA_/install/fixposition_odometry_converter_ros2:/home/rhobtor/PHD/ARGOJ8_IA/ARGOSJ8_IA_/install/fixposition_driver_ros2:/home/rhobtor/PHD/ARGOJ8_IA/ARGOSJ8_IA_/install/fixposition_driver_lib:/home/rhobtor/PHD/ARGOJ8_IA/ARGOSJ8_IA_/install/fixposition_gnss_tf:/home/rhobtor/PHD/ARGOJ8_IA/ARGOSJ8_IA_/install/ctl_mission_interfaces:/home/rhobtor/PHD/ARGOJ8_IA/ARGOSJ8_IA_/install/car_cpp:/home/rhobtor/PHD/ARGOJ8_IA/ARGOSJ8_IA_/install/car_interfaces:/home/rhobtor/PHD/ARGOJ8_IA/ARGOSJ8_IA_/install/argj801_setup:/home/rhobtor/PHD/ARGOJ8_IA/ARGOSJ8_IA_/install/argj801_sensors:/home/rhobtor/PHD/ARGOJ8_IA/ARGOSJ8_IA_/install/argj801_sensors_msgs:/home/rhobtor/PHD/ARGOJ8_IA/ARGOSJ8_IA_/install/argj801_ctl_platform:/home/rhobtor/PHD/ARGOJ8_IA/ARGOSJ8_IA_/install/argj801_ctl_platform_interfaces:/home/rhobtor/zed/install/zed_ros2:/home/rhobtor/zed/install/zed_wrapper:/home/rhobtor/zed/install/zed_components:/home/rhobtor/zed/install/zed_interfaces:/home/rhobtor/PHD/reactive/Reactive-Navegation/workspace_full_conected/install/octomap_mapping:/home/rhobtor/PHD/reactive/Reactive-Navegation/workspace_full_conected/install/octomap_server:/home/rhobtor/PHD/reactive/Reactive-Navegation/workspace_full_conected/install/octomap_rviz_plugins:/home/rhobtor/PHD/reactive/Reactive-Navegation/workspace_full_conected/install/hector_gazebo_plugins:/home/rhobtor/PHD/reactive/Reactive-Navegation/workspace_full_conected/install/car_cpp:/home/rhobtor/PHD/reactive/Reactive-Navegation/workspace_full_conected/install/car_interfaces:/home/rhobtor/PHD/ARGOJ8_IA/ARGOSJ8_IA_/install/ntrip_client:/home/rhobtor/PHD/ARGOJ8_IA/ARGOSJ8_IA_/install/car:/home/rhobtor/PHD/ARGOJ8_IA/ARGOSJ8_IA_/install/android_ros2_server:/home/rhobtor/PHD/reactive/Reactive-Navegation/workspace_full_conected/install/car:/opt/ros/humble LD_LIBRARY_PATH=/home/rhobtor/PHD/ARGOJ8_IA/ARGOSJ8_IA_/install/ublox_gps/lib:/home/rhobtor/PHD/ARGOJ8_IA/ARGOSJ8_IA_/install/ublox_msgs/lib:/home/rhobtor/PHD/ARGOJ8_IA/ARGOSJ8_IA_/install/wiimote_msgs/lib:/home/rhobtor/PHD/ARGOJ8_IA/ARGOSJ8_IA_/install/spacenav/lib:/home/rhobtor/PHD/ARGOJ8_IA/ARGOSJ8_IA_/install/laser_segmentation/lib:/home/rhobtor/PHD/ARGOJ8_IA/ARGOSJ8_IA_/install/slg_msgs/lib:/home/rhobtor/PHD/ARGOJ8_IA/ARGOSJ8_IA_/install/security_check_interfaces/lib:/home/rhobtor/PHD/ARGOJ8_IA/ARGOSJ8_IA_/install/joy/lib:/home/rhobtor/PHD/ARGOJ8_IA/ARGOSJ8_IA_/install/path_manager_interfaces/lib:/home/rhobtor/PHD/ARGOJ8_IA/ARGOSJ8_IA_/install/octomap_rviz_plugins/lib:/home/rhobtor/PHD/ARGOJ8_IA/ARGOSJ8_IA_/install/j8_xacro_model/lib:/home/rhobtor/PHD/ARGOJ8_IA/ARGOSJ8_IA_/install/hector_gazebo_plugins/lib:/home/rhobtor/PHD/ARGOJ8_IA/ARGOSJ8_IA_/install/fixposition_sensor_pkg/lib:/home/rhobtor/PHD/ARGOJ8_IA/ARGOSJ8_IA_/install/fixposition_odometry_converter_ros2/lib:/home/rhobtor/PHD/ARGOJ8_IA/ARGOSJ8_IA_/install/fixposition_driver_ros2/lib:/home/rhobtor/PHD/ARGOJ8_IA/ARGOSJ8_IA_/install/fixposition_driver_lib/lib:/home/rhobtor/PHD/ARGOJ8_IA/ARGOSJ8_IA_/install/fixposition_gnss_tf/lib:/home/rhobtor/PHD/ARGOJ8_IA/ARGOSJ8_IA_/install/ctl_mission_interfaces/lib:/home/rhobtor/PHD/ARGOJ8_IA/ARGOSJ8_IA_/install/car_cpp/lib:/home/rhobtor/PHD/ARGOJ8_IA/ARGOSJ8_IA_/install/car_interfaces/lib:/home/rhobtor/PHD/ARGOJ8_IA/ARGOSJ8_IA_/install/argj801_sensors_msgs/lib:/home/rhobtor/PHD/ARGOJ8_IA/ARGOSJ8_IA_/install/argj801_ctl_platform_interfaces/lib:/usr/local/cuda/lib64:/usr/local/cuda/lib64:/usr/local/cuda-12.1/lib64:/usr/local/cuda-11.8/lib64:/home/rhobtor/zed/install/zed_components/lib:/home/rhobtor/zed/install/zed_interfaces/lib:/home/rhobtor/PHD/reactive/Reactive-Navegation/workspace_full_conected/install/octomap_server/lib:/home/rhobtor/PHD/reactive/Reactive-Navegation/workspace_full_conected/install/octomap_rviz_plugins/lib:/home/rhobtor/PHD/reactive/Reactive-Navegation/workspace_full_conected/install/hector_gazebo_plugins/lib:/home/rhobtor/PHD/reactive/Reactive-Navegation/workspace_full_conected/install/car_cpp/lib:/home/rhobtor/PHD/reactive/Reactive-Navegation/workspace_full_conected/install/car_interfaces/lib:/usr/lib/x86_64-linux-gnu/gazebo-11/plugins:/opt/ros/humble/opt/rviz_ogre_vendor/lib:/opt/ros/humble/lib/x86_64-linux-gnu:/opt/ros/humble/lib /opt/st/stm32cubeclt_1.18.0/CMake/bin/cmake --build /home/rhobtor/PHD/ARGOJ8_IA/ARGOSJ8_IA_/build/ublox -- -j16 -l16
[5.120s] DEBUG:colcon.colcon_core.event_handler.log_command:Invoked command in '/home/rhobtor/PHD/ARGOJ8_IA/ARGOSJ8_IA_/build/ublox' returned '0': CMAKE_PREFIX_PATH=/home/rhobtor/PHD/ARGOJ8_IA/ARGOSJ8_IA_/install/ublox_gps:/home/rhobtor/PHD/ARGOJ8_IA/ARGOSJ8_IA_/install/ublox_msgs:/home/rhobtor/PHD/ARGOJ8_IA/ARGOSJ8_IA_/install/ublox_serialization:/home/rhobtor/PHD/ARGOJ8_IA/ARGOSJ8_IA_/install/wiimote_msgs:/home/rhobtor/PHD/ARGOJ8_IA/ARGOSJ8_IA_/install/ublox:/home/rhobtor/PHD/ARGOJ8_IA/ARGOSJ8_IA_/install/security_check:/home/rhobtor/PHD/ARGOJ8_IA/ARGOSJ8_IA_/install/ctl_mission:/home/rhobtor/PHD/ARGOJ8_IA/ARGOSJ8_IA_/install/spacenav:/home/rhobtor/PHD/ARGOJ8_IA/ARGOSJ8_IA_/install/laser_segmentation:/home/rhobtor/PHD/ARGOJ8_IA/ARGOSJ8_IA_/install/slg_msgs:/home/rhobtor/PHD/ARGOJ8_IA/ARGOSJ8_IA_/install/security_check_interfaces:/home/rhobtor/PHD/ARGOJ8_IA/ARGOSJ8_IA_/install/joy:/home/rhobtor/PHD/ARGOJ8_IA/ARGOSJ8_IA_/install/sdl2_vendor:/home/rhobtor/PHD/ARGOJ8_IA/ARGOSJ8_IA_/install/path_manager:/home/rhobtor/PHD/ARGOJ8_IA/ARGOSJ8_IA_/install/path_manager_interfaces:/home/rhobtor/PHD/ARGOJ8_IA/ARGOSJ8_IA_/install/octomap_rviz_plugins:/home/rhobtor/PHD/ARGOJ8_IA/ARGOSJ8_IA_/install/joy_linux:/home/rhobtor/PHD/ARGOJ8_IA/ARGOSJ8_IA_/install/j8_xacro_model:/home/rhobtor/PHD/ARGOJ8_IA/ARGOSJ8_IA_/install/hector_gazebo_plugins:/home/rhobtor/PHD/ARGOJ8_IA/ARGOSJ8_IA_/install/fixposition_sensor_pkg:/home/rhobtor/PHD/ARGOJ8_IA/ARGOSJ8_IA_/install/fixposition_odometry_converter_ros2:/home/rhobtor/PHD/ARGOJ8_IA/ARGOSJ8_IA_/install/fixposition_driver_ros2:/home/rhobtor/PHD/ARGOJ8_IA/ARGOSJ8_IA_/install/fixposition_driver_lib:/home/rhobtor/PHD/ARGOJ8_IA/ARGOSJ8_IA_/install/fixposition_gnss_tf:/home/rhobtor/PHD/ARGOJ8_IA/ARGOSJ8_IA_/install/ctl_mission_interfaces:/home/rhobtor/PHD/ARGOJ8_IA/ARGOSJ8_IA_/install/car_cpp:/home/rhobtor/PHD/ARGOJ8_IA/ARGOSJ8_IA_/install/car_interfaces:/home/rhobtor/PHD/ARGOJ8_IA/ARGOSJ8_IA_/install/argj801_setup:/home/rhobtor/PHD/ARGOJ8_IA/ARGOSJ8_IA_/install/argj801_sensors:/home/rhobtor/PHD/ARGOJ8_IA/ARGOSJ8_IA_/install/argj801_sensors_msgs:/home/rhobtor/PHD/ARGOJ8_IA/ARGOSJ8_IA_/install/argj801_ctl_platform:/home/rhobtor/PHD/ARGOJ8_IA/ARGOSJ8_IA_/install/argj801_ctl_platform_interfaces:/home/rhobtor/zed/install/zed_ros2:/home/rhobtor/zed/install/zed_wrapper:/home/rhobtor/zed/install/zed_components:/home/rhobtor/zed/install/zed_interfaces:/home/rhobtor/PHD/reactive/Reactive-Navegation/workspace_full_conected/install/octomap_mapping:/home/rhobtor/PHD/reactive/Reactive-Navegation/workspace_full_conected/install/octomap_server:/home/rhobtor/PHD/reactive/Reactive-Navegation/workspace_full_conected/install/octomap_rviz_plugins:/home/rhobtor/PHD/reactive/Reactive-Navegation/workspace_full_conected/install/hector_gazebo_plugins:/home/rhobtor/PHD/reactive/Reactive-Navegation/workspace_full_conected/install/car_cpp:/home/rhobtor/PHD/reactive/Reactive-Navegation/workspace_full_conected/install/car_interfaces:/home/rhobtor/PHD/ARGOJ8_IA/ARGOSJ8_IA_/install/ntrip_client:/home/rhobtor/PHD/ARGOJ8_IA/ARGOSJ8_IA_/install/car:/home/rhobtor/PHD/ARGOJ8_IA/ARGOSJ8_IA_/install/android_ros2_server:/home/rhobtor/PHD/reactive/Reactive-Navegation/workspace_full_conected/install/car:/opt/ros/humble LD_LIBRARY_PATH=/home/rhobtor/PHD/ARGOJ8_IA/ARGOSJ8_IA_/install/ublox_gps/lib:/home/rhobtor/PHD/ARGOJ8_IA/ARGOSJ8_IA_/install/ublox_msgs/lib:/home/rhobtor/PHD/ARGOJ8_IA/ARGOSJ8_IA_/install/wiimote_msgs/lib:/home/rhobtor/PHD/ARGOJ8_IA/ARGOSJ8_IA_/install/spacenav/lib:/home/rhobtor/PHD/ARGOJ8_IA/ARGOSJ8_IA_/install/laser_segmentation/lib:/home/rhobtor/PHD/ARGOJ8_IA/ARGOSJ8_IA_/install/slg_msgs/lib:/home/rhobtor/PHD/ARGOJ8_IA/ARGOSJ8_IA_/install/security_check_interfaces/lib:/home/rhobtor/PHD/ARGOJ8_IA/ARGOSJ8_IA_/install/joy/lib:/home/rhobtor/PHD/ARGOJ8_IA/ARGOSJ8_IA_/install/path_manager_interfaces/lib:/home/rhobtor/PHD/ARGOJ8_IA/ARGOSJ8_IA_/install/octomap_rviz_plugins/lib:/home/rhobtor/PHD/ARGOJ8_IA/ARGOSJ8_IA_/install/j8_xacro_model/lib:/home/rhobtor/PHD/ARGOJ8_IA/ARGOSJ8_IA_/install/hector_gazebo_plugins/lib:/home/rhobtor/PHD/ARGOJ8_IA/ARGOSJ8_IA_/install/fixposition_sensor_pkg/lib:/home/rhobtor/PHD/ARGOJ8_IA/ARGOSJ8_IA_/install/fixposition_odometry_converter_ros2/lib:/home/rhobtor/PHD/ARGOJ8_IA/ARGOSJ8_IA_/install/fixposition_driver_ros2/lib:/home/rhobtor/PHD/ARGOJ8_IA/ARGOSJ8_IA_/install/fixposition_driver_lib/lib:/home/rhobtor/PHD/ARGOJ8_IA/ARGOSJ8_IA_/install/fixposition_gnss_tf/lib:/home/rhobtor/PHD/ARGOJ8_IA/ARGOSJ8_IA_/install/ctl_mission_interfaces/lib:/home/rhobtor/PHD/ARGOJ8_IA/ARGOSJ8_IA_/install/car_cpp/lib:/home/rhobtor/PHD/ARGOJ8_IA/ARGOSJ8_IA_/install/car_interfaces/lib:/home/rhobtor/PHD/ARGOJ8_IA/ARGOSJ8_IA_/install/argj801_sensors_msgs/lib:/home/rhobtor/PHD/ARGOJ8_IA/ARGOSJ8_IA_/install/argj801_ctl_platform_interfaces/lib:/usr/local/cuda/lib64:/usr/local/cuda/lib64:/usr/local/cuda-12.1/lib64:/usr/local/cuda-11.8/lib64:/home/rhobtor/zed/install/zed_components/lib:/home/rhobtor/zed/install/zed_interfaces/lib:/home/rhobtor/PHD/reactive/Reactive-Navegation/workspace_full_conected/install/octomap_server/lib:/home/rhobtor/PHD/reactive/Reactive-Navegation/workspace_full_conected/install/octomap_rviz_plugins/lib:/home/rhobtor/PHD/reactive/Reactive-Navegation/workspace_full_conected/install/hector_gazebo_plugins/lib:/home/rhobtor/PHD/reactive/Reactive-Navegation/workspace_full_conected/install/car_cpp/lib:/home/rhobtor/PHD/reactive/Reactive-Navegation/workspace_full_conected/install/car_interfaces/lib:/usr/lib/x86_64-linux-gnu/gazebo-11/plugins:/opt/ros/humble/opt/rviz_ogre_vendor/lib:/opt/ros/humble/lib/x86_64-linux-gnu:/opt/ros/humble/lib /opt/st/stm32cubeclt_1.18.0/CMake/bin/cmake --build /home/rhobtor/PHD/ARGOJ8_IA/ARGOSJ8_IA_/build/ublox -- -j16 -l16
[5.122s] DEBUG:colcon.colcon_core.event_handler.log_command:Invoking command in '/home/rhobtor/PHD/ARGOJ8_IA/ARGOSJ8_IA_/build/ublox': CMAKE_PREFIX_PATH=/home/rhobtor/PHD/ARGOJ8_IA/ARGOSJ8_IA_/install/ublox_gps:/home/rhobtor/PHD/ARGOJ8_IA/ARGOSJ8_IA_/install/ublox_msgs:/home/rhobtor/PHD/ARGOJ8_IA/ARGOSJ8_IA_/install/ublox_serialization:/home/rhobtor/PHD/ARGOJ8_IA/ARGOSJ8_IA_/install/wiimote_msgs:/home/rhobtor/PHD/ARGOJ8_IA/ARGOSJ8_IA_/install/ublox:/home/rhobtor/PHD/ARGOJ8_IA/ARGOSJ8_IA_/install/security_check:/home/rhobtor/PHD/ARGOJ8_IA/ARGOSJ8_IA_/install/ctl_mission:/home/rhobtor/PHD/ARGOJ8_IA/ARGOSJ8_IA_/install/spacenav:/home/rhobtor/PHD/ARGOJ8_IA/ARGOSJ8_IA_/install/laser_segmentation:/home/rhobtor/PHD/ARGOJ8_IA/ARGOSJ8_IA_/install/slg_msgs:/home/rhobtor/PHD/ARGOJ8_IA/ARGOSJ8_IA_/install/security_check_interfaces:/home/rhobtor/PHD/ARGOJ8_IA/ARGOSJ8_IA_/install/joy:/home/rhobtor/PHD/ARGOJ8_IA/ARGOSJ8_IA_/install/sdl2_vendor:/home/rhobtor/PHD/ARGOJ8_IA/ARGOSJ8_IA_/install/path_manager:/home/rhobtor/PHD/ARGOJ8_IA/ARGOSJ8_IA_/install/path_manager_interfaces:/home/rhobtor/PHD/ARGOJ8_IA/ARGOSJ8_IA_/install/octomap_rviz_plugins:/home/rhobtor/PHD/ARGOJ8_IA/ARGOSJ8_IA_/install/joy_linux:/home/rhobtor/PHD/ARGOJ8_IA/ARGOSJ8_IA_/install/j8_xacro_model:/home/rhobtor/PHD/ARGOJ8_IA/ARGOSJ8_IA_/install/hector_gazebo_plugins:/home/rhobtor/PHD/ARGOJ8_IA/ARGOSJ8_IA_/install/fixposition_sensor_pkg:/home/rhobtor/PHD/ARGOJ8_IA/ARGOSJ8_IA_/install/fixposition_odometry_converter_ros2:/home/rhobtor/PHD/ARGOJ8_IA/ARGOSJ8_IA_/install/fixposition_driver_ros2:/home/rhobtor/PHD/ARGOJ8_IA/ARGOSJ8_IA_/install/fixposition_driver_lib:/home/rhobtor/PHD/ARGOJ8_IA/ARGOSJ8_IA_/install/fixposition_gnss_tf:/home/rhobtor/PHD/ARGOJ8_IA/ARGOSJ8_IA_/install/ctl_mission_interfaces:/home/rhobtor/PHD/ARGOJ8_IA/ARGOSJ8_IA_/install/car_cpp:/home/rhobtor/PHD/ARGOJ8_IA/ARGOSJ8_IA_/install/car_interfaces:/home/rhobtor/PHD/ARGOJ8_IA/ARGOSJ8_IA_/install/argj801_setup:/home/rhobtor/PHD/ARGOJ8_IA/ARGOSJ8_IA_/install/argj801_sensors:/home/rhobtor/PHD/ARGOJ8_IA/ARGOSJ8_IA_/install/argj801_sensors_msgs:/home/rhobtor/PHD/ARGOJ8_IA/ARGOSJ8_IA_/install/argj801_ctl_platform:/home/rhobtor/PHD/ARGOJ8_IA/ARGOSJ8_IA_/install/argj801_ctl_platform_interfaces:/home/rhobtor/zed/install/zed_ros2:/home/rhobtor/zed/install/zed_wrapper:/home/rhobtor/zed/install/zed_components:/home/rhobtor/zed/install/zed_interfaces:/home/rhobtor/PHD/reactive/Reactive-Navegation/workspace_full_conected/install/octomap_mapping:/home/rhobtor/PHD/reactive/Reactive-Navegation/workspace_full_conected/install/octomap_server:/home/rhobtor/PHD/reactive/Reactive-Navegation/workspace_full_conected/install/octomap_rviz_plugins:/home/rhobtor/PHD/reactive/Reactive-Navegation/workspace_full_conected/install/hector_gazebo_plugins:/home/rhobtor/PHD/reactive/Reactive-Navegation/workspace_full_conected/install/car_cpp:/home/rhobtor/PHD/reactive/Reactive-Navegation/workspace_full_conected/install/car_interfaces:/home/rhobtor/PHD/ARGOJ8_IA/ARGOSJ8_IA_/install/ntrip_client:/home/rhobtor/PHD/ARGOJ8_IA/ARGOSJ8_IA_/install/car:/home/rhobtor/PHD/ARGOJ8_IA/ARGOSJ8_IA_/install/android_ros2_server:/home/rhobtor/PHD/reactive/Reactive-Navegation/workspace_full_conected/install/car:/opt/ros/humble LD_LIBRARY_PATH=/home/rhobtor/PHD/ARGOJ8_IA/ARGOSJ8_IA_/install/ublox_gps/lib:/home/rhobtor/PHD/ARGOJ8_IA/ARGOSJ8_IA_/install/ublox_msgs/lib:/home/rhobtor/PHD/ARGOJ8_IA/ARGOSJ8_IA_/install/wiimote_msgs/lib:/home/rhobtor/PHD/ARGOJ8_IA/ARGOSJ8_IA_/install/spacenav/lib:/home/rhobtor/PHD/ARGOJ8_IA/ARGOSJ8_IA_/install/laser_segmentation/lib:/home/rhobtor/PHD/ARGOJ8_IA/ARGOSJ8_IA_/install/slg_msgs/lib:/home/rhobtor/PHD/ARGOJ8_IA/ARGOSJ8_IA_/install/security_check_interfaces/lib:/home/rhobtor/PHD/ARGOJ8_IA/ARGOSJ8_IA_/install/joy/lib:/home/rhobtor/PHD/ARGOJ8_IA/ARGOSJ8_IA_/install/path_manager_interfaces/lib:/home/rhobtor/PHD/ARGOJ8_IA/ARGOSJ8_IA_/install/octomap_rviz_plugins/lib:/home/rhobtor/PHD/ARGOJ8_IA/ARGOSJ8_IA_/install/j8_xacro_model/lib:/home/rhobtor/PHD/ARGOJ8_IA/ARGOSJ8_IA_/install/hector_gazebo_plugins/lib:/home/rhobtor/PHD/ARGOJ8_IA/ARGOSJ8_IA_/install/fixposition_sensor_pkg/lib:/home/rhobtor/PHD/ARGOJ8_IA/ARGOSJ8_IA_/install/fixposition_odometry_converter_ros2/lib:/home/rhobtor/PHD/ARGOJ8_IA/ARGOSJ8_IA_/install/fixposition_driver_ros2/lib:/home/rhobtor/PHD/ARGOJ8_IA/ARGOSJ8_IA_/install/fixposition_driver_lib/lib:/home/rhobtor/PHD/ARGOJ8_IA/ARGOSJ8_IA_/install/fixposition_gnss_tf/lib:/home/rhobtor/PHD/ARGOJ8_IA/ARGOSJ8_IA_/install/ctl_mission_interfaces/lib:/home/rhobtor/PHD/ARGOJ8_IA/ARGOSJ8_IA_/install/car_cpp/lib:/home/rhobtor/PHD/ARGOJ8_IA/ARGOSJ8_IA_/install/car_interfaces/lib:/home/rhobtor/PHD/ARGOJ8_IA/ARGOSJ8_IA_/install/argj801_sensors_msgs/lib:/home/rhobtor/PHD/ARGOJ8_IA/ARGOSJ8_IA_/install/argj801_ctl_platform_interfaces/lib:/usr/local/cuda/lib64:/usr/local/cuda/lib64:/usr/local/cuda-12.1/lib64:/usr/local/cuda-11.8/lib64:/home/rhobtor/zed/install/zed_components/lib:/home/rhobtor/zed/install/zed_interfaces/lib:/home/rhobtor/PHD/reactive/Reactive-Navegation/workspace_full_conected/install/octomap_server/lib:/home/rhobtor/PHD/reactive/Reactive-Navegation/workspace_full_conected/install/octomap_rviz_plugins/lib:/home/rhobtor/PHD/reactive/Reactive-Navegation/workspace_full_conected/install/hector_gazebo_plugins/lib:/home/rhobtor/PHD/reactive/Reactive-Navegation/workspace_full_conected/install/car_cpp/lib:/home/rhobtor/PHD/reactive/Reactive-Navegation/workspace_full_conected/install/car_interfaces/lib:/usr/lib/x86_64-linux-gnu/gazebo-11/plugins:/opt/ros/humble/opt/rviz_ogre_vendor/lib:/opt/ros/humble/lib/x86_64-linux-gnu:/opt/ros/humble/lib /opt/st/stm32cubeclt_1.18.0/CMake/bin/cmake --install /home/rhobtor/PHD/ARGOJ8_IA/ARGOSJ8_IA_/build/ublox
[5.126s] Level 1:colcon.colcon_core.environment:create_environment_scripts_only(ublox)
[5.127s] Level 1:colcon.colcon_core.environment:checking '/home/rhobtor/PHD/ARGOJ8_IA/ARGOSJ8_IA_/install/ublox' for CMake module files
[5.127s] DEBUG:colcon.colcon_core.event_handler.log_command:Invoked command in '/home/rhobtor/PHD/ARGOJ8_IA/ARGOSJ8_IA_/build/ublox' returned '0': CMAKE_PREFIX_PATH=/home/rhobtor/PHD/ARGOJ8_IA/ARGOSJ8_IA_/install/ublox_gps:/home/rhobtor/PHD/ARGOJ8_IA/ARGOSJ8_IA_/install/ublox_msgs:/home/rhobtor/PHD/ARGOJ8_IA/ARGOSJ8_IA_/install/ublox_serialization:/home/rhobtor/PHD/ARGOJ8_IA/ARGOSJ8_IA_/install/wiimote_msgs:/home/rhobtor/PHD/ARGOJ8_IA/ARGOSJ8_IA_/install/ublox:/home/rhobtor/PHD/ARGOJ8_IA/ARGOSJ8_IA_/install/security_check:/home/rhobtor/PHD/ARGOJ8_IA/ARGOSJ8_IA_/install/ctl_mission:/home/rhobtor/PHD/ARGOJ8_IA/ARGOSJ8_IA_/install/spacenav:/home/rhobtor/PHD/ARGOJ8_IA/ARGOSJ8_IA_/install/laser_segmentation:/home/rhobtor/PHD/ARGOJ8_IA/ARGOSJ8_IA_/install/slg_msgs:/home/rhobtor/PHD/ARGOJ8_IA/ARGOSJ8_IA_/install/security_check_interfaces:/home/rhobtor/PHD/ARGOJ8_IA/ARGOSJ8_IA_/install/joy:/home/rhobtor/PHD/ARGOJ8_IA/ARGOSJ8_IA_/install/sdl2_vendor:/home/rhobtor/PHD/ARGOJ8_IA/ARGOSJ8_IA_/install/path_manager:/home/rhobtor/PHD/ARGOJ8_IA/ARGOSJ8_IA_/install/path_manager_interfaces:/home/rhobtor/PHD/ARGOJ8_IA/ARGOSJ8_IA_/install/octomap_rviz_plugins:/home/rhobtor/PHD/ARGOJ8_IA/ARGOSJ8_IA_/install/joy_linux:/home/rhobtor/PHD/ARGOJ8_IA/ARGOSJ8_IA_/install/j8_xacro_model:/home/rhobtor/PHD/ARGOJ8_IA/ARGOSJ8_IA_/install/hector_gazebo_plugins:/home/rhobtor/PHD/ARGOJ8_IA/ARGOSJ8_IA_/install/fixposition_sensor_pkg:/home/rhobtor/PHD/ARGOJ8_IA/ARGOSJ8_IA_/install/fixposition_odometry_converter_ros2:/home/rhobtor/PHD/ARGOJ8_IA/ARGOSJ8_IA_/install/fixposition_driver_ros2:/home/rhobtor/PHD/ARGOJ8_IA/ARGOSJ8_IA_/install/fixposition_driver_lib:/home/rhobtor/PHD/ARGOJ8_IA/ARGOSJ8_IA_/install/fixposition_gnss_tf:/home/rhobtor/PHD/ARGOJ8_IA/ARGOSJ8_IA_/install/ctl_mission_interfaces:/home/rhobtor/PHD/ARGOJ8_IA/ARGOSJ8_IA_/install/car_cpp:/home/rhobtor/PHD/ARGOJ8_IA/ARGOSJ8_IA_/install/car_interfaces:/home/rhobtor/PHD/ARGOJ8_IA/ARGOSJ8_IA_/install/argj801_setup:/home/rhobtor/PHD/ARGOJ8_IA/ARGOSJ8_IA_/install/argj801_sensors:/home/rhobtor/PHD/ARGOJ8_IA/ARGOSJ8_IA_/install/argj801_sensors_msgs:/home/rhobtor/PHD/ARGOJ8_IA/ARGOSJ8_IA_/install/argj801_ctl_platform:/home/rhobtor/PHD/ARGOJ8_IA/ARGOSJ8_IA_/install/argj801_ctl_platform_interfaces:/home/rhobtor/zed/install/zed_ros2:/home/rhobtor/zed/install/zed_wrapper:/home/rhobtor/zed/install/zed_components:/home/rhobtor/zed/install/zed_interfaces:/home/rhobtor/PHD/reactive/Reactive-Navegation/workspace_full_conected/install/octomap_mapping:/home/rhobtor/PHD/reactive/Reactive-Navegation/workspace_full_conected/install/octomap_server:/home/rhobtor/PHD/reactive/Reactive-Navegation/workspace_full_conected/install/octomap_rviz_plugins:/home/rhobtor/PHD/reactive/Reactive-Navegation/workspace_full_conected/install/hector_gazebo_plugins:/home/rhobtor/PHD/reactive/Reactive-Navegation/workspace_full_conected/install/car_cpp:/home/rhobtor/PHD/reactive/Reactive-Navegation/workspace_full_conected/install/car_interfaces:/home/rhobtor/PHD/ARGOJ8_IA/ARGOSJ8_IA_/install/ntrip_client:/home/rhobtor/PHD/ARGOJ8_IA/ARGOSJ8_IA_/install/car:/home/rhobtor/PHD/ARGOJ8_IA/ARGOSJ8_IA_/install/android_ros2_server:/home/rhobtor/PHD/reactive/Reactive-Navegation/workspace_full_conected/install/car:/opt/ros/humble LD_LIBRARY_PATH=/home/rhobtor/PHD/ARGOJ8_IA/ARGOSJ8_IA_/install/ublox_gps/lib:/home/rhobtor/PHD/ARGOJ8_IA/ARGOSJ8_IA_/install/ublox_msgs/lib:/home/rhobtor/PHD/ARGOJ8_IA/ARGOSJ8_IA_/install/wiimote_msgs/lib:/home/rhobtor/PHD/ARGOJ8_IA/ARGOSJ8_IA_/install/spacenav/lib:/home/rhobtor/PHD/ARGOJ8_IA/ARGOSJ8_IA_/install/laser_segmentation/lib:/home/rhobtor/PHD/ARGOJ8_IA/ARGOSJ8_IA_/install/slg_msgs/lib:/home/rhobtor/PHD/ARGOJ8_IA/ARGOSJ8_IA_/install/security_check_interfaces/lib:/home/rhobtor/PHD/ARGOJ8_IA/ARGOSJ8_IA_/install/joy/lib:/home/rhobtor/PHD/ARGOJ8_IA/ARGOSJ8_IA_/install/path_manager_interfaces/lib:/home/rhobtor/PHD/ARGOJ8_IA/ARGOSJ8_IA_/install/octomap_rviz_plugins/lib:/home/rhobtor/PHD/ARGOJ8_IA/ARGOSJ8_IA_/install/j8_xacro_model/lib:/home/rhobtor/PHD/ARGOJ8_IA/ARGOSJ8_IA_/install/hector_gazebo_plugins/lib:/home/rhobtor/PHD/ARGOJ8_IA/ARGOSJ8_IA_/install/fixposition_sensor_pkg/lib:/home/rhobtor/PHD/ARGOJ8_IA/ARGOSJ8_IA_/install/fixposition_odometry_converter_ros2/lib:/home/rhobtor/PHD/ARGOJ8_IA/ARGOSJ8_IA_/install/fixposition_driver_ros2/lib:/home/rhobtor/PHD/ARGOJ8_IA/ARGOSJ8_IA_/install/fixposition_driver_lib/lib:/home/rhobtor/PHD/ARGOJ8_IA/ARGOSJ8_IA_/install/fixposition_gnss_tf/lib:/home/rhobtor/PHD/ARGOJ8_IA/ARGOSJ8_IA_/install/ctl_mission_interfaces/lib:/home/rhobtor/PHD/ARGOJ8_IA/ARGOSJ8_IA_/install/car_cpp/lib:/home/rhobtor/PHD/ARGOJ8_IA/ARGOSJ8_IA_/install/car_interfaces/lib:/home/rhobtor/PHD/ARGOJ8_IA/ARGOSJ8_IA_/install/argj801_sensors_msgs/lib:/home/rhobtor/PHD/ARGOJ8_IA/ARGOSJ8_IA_/install/argj801_ctl_platform_interfaces/lib:/usr/local/cuda/lib64:/usr/local/cuda/lib64:/usr/local/cuda-12.1/lib64:/usr/local/cuda-11.8/lib64:/home/rhobtor/zed/install/zed_components/lib:/home/rhobtor/zed/install/zed_interfaces/lib:/home/rhobtor/PHD/reactive/Reactive-Navegation/workspace_full_conected/install/octomap_server/lib:/home/rhobtor/PHD/reactive/Reactive-Navegation/workspace_full_conected/install/octomap_rviz_plugins/lib:/home/rhobtor/PHD/reactive/Reactive-Navegation/workspace_full_conected/install/hector_gazebo_plugins/lib:/home/rhobtor/PHD/reactive/Reactive-Navegation/workspace_full_conected/install/car_cpp/lib:/home/rhobtor/PHD/reactive/Reactive-Navegation/workspace_full_conected/install/car_interfaces/lib:/usr/lib/x86_64-linux-gnu/gazebo-11/plugins:/opt/ros/humble/opt/rviz_ogre_vendor/lib:/opt/ros/humble/lib/x86_64-linux-gnu:/opt/ros/humble/lib /opt/st/stm32cubeclt_1.18.0/CMake/bin/cmake --install /home/rhobtor/PHD/ARGOJ8_IA/ARGOSJ8_IA_/build/ublox
[5.128s] Level 1:colcon.colcon_core.environment:checking '/home/rhobtor/PHD/ARGOJ8_IA/ARGOSJ8_IA_/install/ublox' for CMake config files
[5.128s] Level 1:colcon.colcon_core.shell:create_environment_hook('ublox', 'cmake_prefix_path')
[5.129s] INFO:colcon.colcon_core.shell:Creating environment hook '/home/rhobtor/PHD/ARGOJ8_IA/ARGOSJ8_IA_/install/ublox/share/ublox/hook/cmake_prefix_path.ps1'
[5.129s] INFO:colcon.colcon_core.shell:Creating environment descriptor '/home/rhobtor/PHD/ARGOJ8_IA/ARGOSJ8_IA_/install/ublox/share/ublox/hook/cmake_prefix_path.dsv'
[5.130s] INFO:colcon.colcon_core.shell:Creating environment hook '/home/rhobtor/PHD/ARGOJ8_IA/ARGOSJ8_IA_/install/ublox/share/ublox/hook/cmake_prefix_path.sh'
[5.131s] Level 1:colcon.colcon_core.environment:checking '/home/rhobtor/PHD/ARGOJ8_IA/ARGOSJ8_IA_/install/ublox/bin'
[5.131s] Level 1:colcon.colcon_core.environment:checking '/home/rhobtor/PHD/ARGOJ8_IA/ARGOSJ8_IA_/install/ublox/lib/pkgconfig/ublox.pc'
[5.131s] Level 1:colcon.colcon_core.environment:checking '/home/rhobtor/PHD/ARGOJ8_IA/ARGOSJ8_IA_/install/ublox/lib/python3.10/site-packages'
[5.132s] Level 1:colcon.colcon_core.environment:checking '/home/rhobtor/PHD/ARGOJ8_IA/ARGOSJ8_IA_/install/ublox/bin'
[5.132s] INFO:colcon.colcon_core.shell:Creating package script '/home/rhobtor/PHD/ARGOJ8_IA/ARGOSJ8_IA_/install/ublox/share/ublox/package.ps1'
[5.133s] INFO:colcon.colcon_core.shell:Creating package descriptor '/home/rhobtor/PHD/ARGOJ8_IA/ARGOSJ8_IA_/install/ublox/share/ublox/package.dsv'
[5.133s] INFO:colcon.colcon_core.shell:Creating package script '/home/rhobtor/PHD/ARGOJ8_IA/ARGOSJ8_IA_/install/ublox/share/ublox/package.sh'
[5.134s] INFO:colcon.colcon_core.shell:Creating package script '/home/rhobtor/PHD/ARGOJ8_IA/ARGOSJ8_IA_/install/ublox/share/ublox/package.bash'
[5.134s] INFO:colcon.colcon_core.shell:Creating package script '/home/rhobtor/PHD/ARGOJ8_IA/ARGOSJ8_IA_/install/ublox/share/ublox/package.zsh'
[5.135s] Level 1:colcon.colcon_core.environment:create_file_with_runtime_dependencies(/home/rhobtor/PHD/ARGOJ8_IA/ARGOSJ8_IA_/install/ublox/share/colcon-core/packages/ublox)
[5.138s] Level 1:colcon.colcon_core.environment:create_environment_scripts_only(ublox)
[5.138s] Level 1:colcon.colcon_core.environment:checking '/home/rhobtor/PHD/ARGOJ8_IA/ARGOSJ8_IA_/install/ublox' for CMake module files
[5.139s] Level 1:colcon.colcon_core.environment:checking '/home/rhobtor/PHD/ARGOJ8_IA/ARGOSJ8_IA_/install/ublox' for CMake config files
[5.139s] Level 1:colcon.colcon_core.shell:create_environment_hook('ublox', 'cmake_prefix_path')
[5.139s] INFO:colcon.colcon_core.shell:Creating environment hook '/home/rhobtor/PHD/ARGOJ8_IA/ARGOSJ8_IA_/install/ublox/share/ublox/hook/cmake_prefix_path.ps1'
[5.140s] INFO:colcon.colcon_core.shell:Creating environment descriptor '/home/rhobtor/PHD/ARGOJ8_IA/ARGOSJ8_IA_/install/ublox/share/ublox/hook/cmake_prefix_path.dsv'
[5.140s] INFO:colcon.colcon_core.shell:Creating environment hook '/home/rhobtor/PHD/ARGOJ8_IA/ARGOSJ8_IA_/install/ublox/share/ublox/hook/cmake_prefix_path.sh'
[5.141s] Level 1:colcon.colcon_core.environment:checking '/home/rhobtor/PHD/ARGOJ8_IA/ARGOSJ8_IA_/install/ublox/bin'
[5.141s] Level 1:colcon.colcon_core.environment:checking '/home/rhobtor/PHD/ARGOJ8_IA/ARGOSJ8_IA_/install/ublox/lib/pkgconfig/ublox.pc'
[5.142s] Level 1:colcon.colcon_core.environment:checking '/home/rhobtor/PHD/ARGOJ8_IA/ARGOSJ8_IA_/install/ublox/lib/python3.10/site-packages'
[5.142s] Level 1:colcon.colcon_core.environment:checking '/home/rhobtor/PHD/ARGOJ8_IA/ARGOSJ8_IA_/install/ublox/bin'
[5.142s] INFO:colcon.colcon_core.shell:Creating package script '/home/rhobtor/PHD/ARGOJ8_IA/ARGOSJ8_IA_/install/ublox/share/ublox/package.ps1'
[5.143s] INFO:colcon.colcon_core.shell:Creating package descriptor '/home/rhobtor/PHD/ARGOJ8_IA/ARGOSJ8_IA_/install/ublox/share/ublox/package.dsv'
[5.143s] INFO:colcon.colcon_core.shell:Creating package script '/home/rhobtor/PHD/ARGOJ8_IA/ARGOSJ8_IA_/install/ublox/share/ublox/package.sh'
[5.144s] INFO:colcon.colcon_core.shell:Creating package script '/home/rhobtor/PHD/ARGOJ8_IA/ARGOSJ8_IA_/install/ublox/share/ublox/package.bash'
[5.144s] INFO:colcon.colcon_core.shell:Creating package script '/home/rhobtor/PHD/ARGOJ8_IA/ARGOSJ8_IA_/install/ublox/share/ublox/package.zsh'
[5.145s] Level 1:colcon.colcon_core.environment:create_file_with_runtime_dependencies(/home/rhobtor/PHD/ARGOJ8_IA/ARGOSJ8_IA_/install/ublox/share/colcon-core/packages/ublox)
[5.304s] DEBUG:colcon.colcon_core.event_handler.log_command:Invoked command in '/home/rhobtor/PHD/ARGOJ8_IA/ARGOSJ8_IA_/build/ctl_mission' returned '0': CMAKE_PREFIX_PATH=/home/rhobtor/PHD/ARGOJ8_IA/ARGOSJ8_IA_/install/ublox_msgs:/home/rhobtor/PHD/ARGOJ8_IA/ARGOSJ8_IA_/install/ublox_serialization:/home/rhobtor/PHD/ARGOJ8_IA/ARGOSJ8_IA_/install/path_manager_interfaces:/home/rhobtor/PHD/ARGOJ8_IA/ARGOSJ8_IA_/install/ctl_mission_interfaces:/home/rhobtor/PHD/ARGOJ8_IA/ARGOSJ8_IA_/install/wiimote_msgs:/home/rhobtor/PHD/ARGOJ8_IA/ARGOSJ8_IA_/install/ublox:/home/rhobtor/PHD/ARGOJ8_IA/ARGOSJ8_IA_/install/ublox_gps:/home/rhobtor/PHD/ARGOJ8_IA/ARGOSJ8_IA_/install/security_check:/home/rhobtor/PHD/ARGOJ8_IA/ARGOSJ8_IA_/install/ctl_mission:/home/rhobtor/PHD/ARGOJ8_IA/ARGOSJ8_IA_/install/spacenav:/home/rhobtor/PHD/ARGOJ8_IA/ARGOSJ8_IA_/install/laser_segmentation:/home/rhobtor/PHD/ARGOJ8_IA/ARGOSJ8_IA_/install/slg_msgs:/home/rhobtor/PHD/ARGOJ8_IA/ARGOSJ8_IA_/install/security_check_interfaces:/home/rhobtor/PHD/ARGOJ8_IA/ARGOSJ8_IA_/install/joy:/home/rhobtor/PHD/ARGOJ8_IA/ARGOSJ8_IA_/install/sdl2_vendor:/home/rhobtor/PHD/ARGOJ8_IA/ARGOSJ8_IA_/install/path_manager:/home/rhobtor/PHD/ARGOJ8_IA/ARGOSJ8_IA_/install/octomap_rviz_plugins:/home/rhobtor/PHD/ARGOJ8_IA/ARGOSJ8_IA_/install/joy_linux:/home/rhobtor/PHD/ARGOJ8_IA/ARGOSJ8_IA_/install/j8_xacro_model:/home/rhobtor/PHD/ARGOJ8_IA/ARGOSJ8_IA_/install/hector_gazebo_plugins:/home/rhobtor/PHD/ARGOJ8_IA/ARGOSJ8_IA_/install/fixposition_sensor_pkg:/home/rhobtor/PHD/ARGOJ8_IA/ARGOSJ8_IA_/install/fixposition_odometry_converter_ros2:/home/rhobtor/PHD/ARGOJ8_IA/ARGOSJ8_IA_/install/fixposition_driver_ros2:/home/rhobtor/PHD/ARGOJ8_IA/ARGOSJ8_IA_/install/fixposition_driver_lib:/home/rhobtor/PHD/ARGOJ8_IA/ARGOSJ8_IA_/install/fixposition_gnss_tf:/home/rhobtor/PHD/ARGOJ8_IA/ARGOSJ8_IA_/install/car_cpp:/home/rhobtor/PHD/ARGOJ8_IA/ARGOSJ8_IA_/install/car_interfaces:/home/rhobtor/PHD/ARGOJ8_IA/ARGOSJ8_IA_/install/argj801_setup:/home/rhobtor/PHD/ARGOJ8_IA/ARGOSJ8_IA_/install/argj801_sensors:/home/rhobtor/PHD/ARGOJ8_IA/ARGOSJ8_IA_/install/argj801_sensors_msgs:/home/rhobtor/PHD/ARGOJ8_IA/ARGOSJ8_IA_/install/argj801_ctl_platform:/home/rhobtor/PHD/ARGOJ8_IA/ARGOSJ8_IA_/install/argj801_ctl_platform_interfaces:/home/rhobtor/zed/install/zed_ros2:/home/rhobtor/zed/install/zed_wrapper:/home/rhobtor/zed/install/zed_components:/home/rhobtor/zed/install/zed_interfaces:/home/rhobtor/PHD/reactive/Reactive-Navegation/workspace_full_conected/install/octomap_mapping:/home/rhobtor/PHD/reactive/Reactive-Navegation/workspace_full_conected/install/octomap_server:/home/rhobtor/PHD/reactive/Reactive-Navegation/workspace_full_conected/install/octomap_rviz_plugins:/home/rhobtor/PHD/reactive/Reactive-Navegation/workspace_full_conected/install/hector_gazebo_plugins:/home/rhobtor/PHD/reactive/Reactive-Navegation/workspace_full_conected/install/car_cpp:/home/rhobtor/PHD/reactive/Reactive-Navegation/workspace_full_conected/install/car_interfaces:/home/rhobtor/PHD/ARGOJ8_IA/ARGOSJ8_IA_/install/ntrip_client:/home/rhobtor/PHD/ARGOJ8_IA/ARGOSJ8_IA_/install/car:/home/rhobtor/PHD/ARGOJ8_IA/ARGOSJ8_IA_/install/android_ros2_server:/home/rhobtor/PHD/reactive/Reactive-Navegation/workspace_full_conected/install/car:/opt/ros/humble LD_LIBRARY_PATH=/home/rhobtor/PHD/ARGOJ8_IA/ARGOSJ8_IA_/install/ublox_msgs/lib:/home/rhobtor/PHD/ARGOJ8_IA/ARGOSJ8_IA_/install/path_manager_interfaces/lib:/home/rhobtor/PHD/ARGOJ8_IA/ARGOSJ8_IA_/install/ctl_mission_interfaces/lib:/home/rhobtor/PHD/ARGOJ8_IA/ARGOSJ8_IA_/install/wiimote_msgs/lib:/home/rhobtor/PHD/ARGOJ8_IA/ARGOSJ8_IA_/install/ublox_gps/lib:/home/rhobtor/PHD/ARGOJ8_IA/ARGOSJ8_IA_/install/spacenav/lib:/home/rhobtor/PHD/ARGOJ8_IA/ARGOSJ8_IA_/install/laser_segmentation/lib:/home/rhobtor/PHD/ARGOJ8_IA/ARGOSJ8_IA_/install/slg_msgs/lib:/home/rhobtor/PHD/ARGOJ8_IA/ARGOSJ8_IA_/install/security_check_interfaces/lib:/home/rhobtor/PHD/ARGOJ8_IA/ARGOSJ8_IA_/install/joy/lib:/home/rhobtor/PHD/ARGOJ8_IA/ARGOSJ8_IA_/install/octomap_rviz_plugins/lib:/home/rhobtor/PHD/ARGOJ8_IA/ARGOSJ8_IA_/install/j8_xacro_model/lib:/home/rhobtor/PHD/ARGOJ8_IA/ARGOSJ8_IA_/install/hector_gazebo_plugins/lib:/home/rhobtor/PHD/ARGOJ8_IA/ARGOSJ8_IA_/install/fixposition_sensor_pkg/lib:/home/rhobtor/PHD/ARGOJ8_IA/ARGOSJ8_IA_/install/fixposition_odometry_converter_ros2/lib:/home/rhobtor/PHD/ARGOJ8_IA/ARGOSJ8_IA_/install/fixposition_driver_ros2/lib:/home/rhobtor/PHD/ARGOJ8_IA/ARGOSJ8_IA_/install/fixposition_driver_lib/lib:/home/rhobtor/PHD/ARGOJ8_IA/ARGOSJ8_IA_/install/fixposition_gnss_tf/lib:/home/rhobtor/PHD/ARGOJ8_IA/ARGOSJ8_IA_/install/car_cpp/lib:/home/rhobtor/PHD/ARGOJ8_IA/ARGOSJ8_IA_/install/car_interfaces/lib:/home/rhobtor/PHD/ARGOJ8_IA/ARGOSJ8_IA_/install/argj801_sensors_msgs/lib:/home/rhobtor/PHD/ARGOJ8_IA/ARGOSJ8_IA_/install/argj801_ctl_platform_interfaces/lib:/usr/local/cuda/lib64:/usr/local/cuda/lib64:/usr/local/cuda-12.1/lib64:/usr/local/cuda-11.8/lib64:/home/rhobtor/zed/install/zed_components/lib:/home/rhobtor/zed/install/zed_interfaces/lib:/home/rhobtor/PHD/reactive/Reactive-Navegation/workspace_full_conected/install/octomap_server/lib:/home/rhobtor/PHD/reactive/Reactive-Navegation/workspace_full_conected/install/octomap_rviz_plugins/lib:/home/rhobtor/PHD/reactive/Reactive-Navegation/workspace_full_conected/install/hector_gazebo_plugins/lib:/home/rhobtor/PHD/reactive/Reactive-Navegation/workspace_full_conected/install/car_cpp/lib:/home/rhobtor/PHD/reactive/Reactive-Navegation/workspace_full_conected/install/car_interfaces/lib:/usr/lib/x86_64-linux-gnu/gazebo-11/plugins:/opt/ros/humble/opt/rviz_ogre_vendor/lib:/opt/ros/humble/lib/x86_64-linux-gnu:/opt/ros/humble/lib /opt/st/stm32cubeclt_1.18.0/CMake/bin/cmake --build /home/rhobtor/PHD/ARGOJ8_IA/ARGOSJ8_IA_/build/ctl_mission -- -j16 -l16
[5.312s] DEBUG:colcon.colcon_core.event_handler.log_command:Invoking command in '/home/rhobtor/PHD/ARGOJ8_IA/ARGOSJ8_IA_/build/ctl_mission': CMAKE_PREFIX_PATH=/home/rhobtor/PHD/ARGOJ8_IA/ARGOSJ8_IA_/install/ublox_msgs:/home/rhobtor/PHD/ARGOJ8_IA/ARGOSJ8_IA_/install/ublox_serialization:/home/rhobtor/PHD/ARGOJ8_IA/ARGOSJ8_IA_/install/path_manager_interfaces:/home/rhobtor/PHD/ARGOJ8_IA/ARGOSJ8_IA_/install/ctl_mission_interfaces:/home/rhobtor/PHD/ARGOJ8_IA/ARGOSJ8_IA_/install/wiimote_msgs:/home/rhobtor/PHD/ARGOJ8_IA/ARGOSJ8_IA_/install/ublox:/home/rhobtor/PHD/ARGOJ8_IA/ARGOSJ8_IA_/install/ublox_gps:/home/rhobtor/PHD/ARGOJ8_IA/ARGOSJ8_IA_/install/security_check:/home/rhobtor/PHD/ARGOJ8_IA/ARGOSJ8_IA_/install/ctl_mission:/home/rhobtor/PHD/ARGOJ8_IA/ARGOSJ8_IA_/install/spacenav:/home/rhobtor/PHD/ARGOJ8_IA/ARGOSJ8_IA_/install/laser_segmentation:/home/rhobtor/PHD/ARGOJ8_IA/ARGOSJ8_IA_/install/slg_msgs:/home/rhobtor/PHD/ARGOJ8_IA/ARGOSJ8_IA_/install/security_check_interfaces:/home/rhobtor/PHD/ARGOJ8_IA/ARGOSJ8_IA_/install/joy:/home/rhobtor/PHD/ARGOJ8_IA/ARGOSJ8_IA_/install/sdl2_vendor:/home/rhobtor/PHD/ARGOJ8_IA/ARGOSJ8_IA_/install/path_manager:/home/rhobtor/PHD/ARGOJ8_IA/ARGOSJ8_IA_/install/octomap_rviz_plugins:/home/rhobtor/PHD/ARGOJ8_IA/ARGOSJ8_IA_/install/joy_linux:/home/rhobtor/PHD/ARGOJ8_IA/ARGOSJ8_IA_/install/j8_xacro_model:/home/rhobtor/PHD/ARGOJ8_IA/ARGOSJ8_IA_/install/hector_gazebo_plugins:/home/rhobtor/PHD/ARGOJ8_IA/ARGOSJ8_IA_/install/fixposition_sensor_pkg:/home/rhobtor/PHD/ARGOJ8_IA/ARGOSJ8_IA_/install/fixposition_odometry_converter_ros2:/home/rhobtor/PHD/ARGOJ8_IA/ARGOSJ8_IA_/install/fixposition_driver_ros2:/home/rhobtor/PHD/ARGOJ8_IA/ARGOSJ8_IA_/install/fixposition_driver_lib:/home/rhobtor/PHD/ARGOJ8_IA/ARGOSJ8_IA_/install/fixposition_gnss_tf:/home/rhobtor/PHD/ARGOJ8_IA/ARGOSJ8_IA_/install/car_cpp:/home/rhobtor/PHD/ARGOJ8_IA/ARGOSJ8_IA_/install/car_interfaces:/home/rhobtor/PHD/ARGOJ8_IA/ARGOSJ8_IA_/install/argj801_setup:/home/rhobtor/PHD/ARGOJ8_IA/ARGOSJ8_IA_/install/argj801_sensors:/home/rhobtor/PHD/ARGOJ8_IA/ARGOSJ8_IA_/install/argj801_sensors_msgs:/home/rhobtor/PHD/ARGOJ8_IA/ARGOSJ8_IA_/install/argj801_ctl_platform:/home/rhobtor/PHD/ARGOJ8_IA/ARGOSJ8_IA_/install/argj801_ctl_platform_interfaces:/home/rhobtor/zed/install/zed_ros2:/home/rhobtor/zed/install/zed_wrapper:/home/rhobtor/zed/install/zed_components:/home/rhobtor/zed/install/zed_interfaces:/home/rhobtor/PHD/reactive/Reactive-Navegation/workspace_full_conected/install/octomap_mapping:/home/rhobtor/PHD/reactive/Reactive-Navegation/workspace_full_conected/install/octomap_server:/home/rhobtor/PHD/reactive/Reactive-Navegation/workspace_full_conected/install/octomap_rviz_plugins:/home/rhobtor/PHD/reactive/Reactive-Navegation/workspace_full_conected/install/hector_gazebo_plugins:/home/rhobtor/PHD/reactive/Reactive-Navegation/workspace_full_conected/install/car_cpp:/home/rhobtor/PHD/reactive/Reactive-Navegation/workspace_full_conected/install/car_interfaces:/home/rhobtor/PHD/ARGOJ8_IA/ARGOSJ8_IA_/install/ntrip_client:/home/rhobtor/PHD/ARGOJ8_IA/ARGOSJ8_IA_/install/car:/home/rhobtor/PHD/ARGOJ8_IA/ARGOSJ8_IA_/install/android_ros2_server:/home/rhobtor/PHD/reactive/Reactive-Navegation/workspace_full_conected/install/car:/opt/ros/humble LD_LIBRARY_PATH=/home/rhobtor/PHD/ARGOJ8_IA/ARGOSJ8_IA_/install/ublox_msgs/lib:/home/rhobtor/PHD/ARGOJ8_IA/ARGOSJ8_IA_/install/path_manager_interfaces/lib:/home/rhobtor/PHD/ARGOJ8_IA/ARGOSJ8_IA_/install/ctl_mission_interfaces/lib:/home/rhobtor/PHD/ARGOJ8_IA/ARGOSJ8_IA_/install/wiimote_msgs/lib:/home/rhobtor/PHD/ARGOJ8_IA/ARGOSJ8_IA_/install/ublox_gps/lib:/home/rhobtor/PHD/ARGOJ8_IA/ARGOSJ8_IA_/install/spacenav/lib:/home/rhobtor/PHD/ARGOJ8_IA/ARGOSJ8_IA_/install/laser_segmentation/lib:/home/rhobtor/PHD/ARGOJ8_IA/ARGOSJ8_IA_/install/slg_msgs/lib:/home/rhobtor/PHD/ARGOJ8_IA/ARGOSJ8_IA_/install/security_check_interfaces/lib:/home/rhobtor/PHD/ARGOJ8_IA/ARGOSJ8_IA_/install/joy/lib:/home/rhobtor/PHD/ARGOJ8_IA/ARGOSJ8_IA_/install/octomap_rviz_plugins/lib:/home/rhobtor/PHD/ARGOJ8_IA/ARGOSJ8_IA_/install/j8_xacro_model/lib:/home/rhobtor/PHD/ARGOJ8_IA/ARGOSJ8_IA_/install/hector_gazebo_plugins/lib:/home/rhobtor/PHD/ARGOJ8_IA/ARGOSJ8_IA_/install/fixposition_sensor_pkg/lib:/home/rhobtor/PHD/ARGOJ8_IA/ARGOSJ8_IA_/install/fixposition_odometry_converter_ros2/lib:/home/rhobtor/PHD/ARGOJ8_IA/ARGOSJ8_IA_/install/fixposition_driver_ros2/lib:/home/rhobtor/PHD/ARGOJ8_IA/ARGOSJ8_IA_/install/fixposition_driver_lib/lib:/home/rhobtor/PHD/ARGOJ8_IA/ARGOSJ8_IA_/install/fixposition_gnss_tf/lib:/home/rhobtor/PHD/ARGOJ8_IA/ARGOSJ8_IA_/install/car_cpp/lib:/home/rhobtor/PHD/ARGOJ8_IA/ARGOSJ8_IA_/install/car_interfaces/lib:/home/rhobtor/PHD/ARGOJ8_IA/ARGOSJ8_IA_/install/argj801_sensors_msgs/lib:/home/rhobtor/PHD/ARGOJ8_IA/ARGOSJ8_IA_/install/argj801_ctl_platform_interfaces/lib:/usr/local/cuda/lib64:/usr/local/cuda/lib64:/usr/local/cuda-12.1/lib64:/usr/local/cuda-11.8/lib64:/home/rhobtor/zed/install/zed_components/lib:/home/rhobtor/zed/install/zed_interfaces/lib:/home/rhobtor/PHD/reactive/Reactive-Navegation/workspace_full_conected/install/octomap_server/lib:/home/rhobtor/PHD/reactive/Reactive-Navegation/workspace_full_conected/install/octomap_rviz_plugins/lib:/home/rhobtor/PHD/reactive/Reactive-Navegation/workspace_full_conected/install/hector_gazebo_plugins/lib:/home/rhobtor/PHD/reactive/Reactive-Navegation/workspace_full_conected/install/car_cpp/lib:/home/rhobtor/PHD/reactive/Reactive-Navegation/workspace_full_conected/install/car_interfaces/lib:/usr/lib/x86_64-linux-gnu/gazebo-11/plugins:/opt/ros/humble/opt/rviz_ogre_vendor/lib:/opt/ros/humble/lib/x86_64-linux-gnu:/opt/ros/humble/lib /opt/st/stm32cubeclt_1.18.0/CMake/bin/cmake --install /home/rhobtor/PHD/ARGOJ8_IA/ARGOSJ8_IA_/build/ctl_mission
[5.438s] Level 1:colcon.colcon_core.environment:create_environment_scripts_only(ctl_mission)
[5.441s] Level 1:colcon.colcon_core.environment:checking '/home/rhobtor/PHD/ARGOJ8_IA/ARGOSJ8_IA_/install/ctl_mission' for CMake module files
[5.444s] Level 1:colcon.colcon_core.environment:checking '/home/rhobtor/PHD/ARGOJ8_IA/ARGOSJ8_IA_/install/ctl_mission' for CMake config files
[5.447s] Level 1:colcon.colcon_core.shell:create_environment_hook('ctl_mission', 'cmake_prefix_path')
[5.447s] INFO:colcon.colcon_core.shell:Creating environment hook '/home/rhobtor/PHD/ARGOJ8_IA/ARGOSJ8_IA_/install/ctl_mission/share/ctl_mission/hook/cmake_prefix_path.ps1'
[5.448s] INFO:colcon.colcon_core.shell:Creating environment descriptor '/home/rhobtor/PHD/ARGOJ8_IA/ARGOSJ8_IA_/install/ctl_mission/share/ctl_mission/hook/cmake_prefix_path.dsv'
[5.451s] INFO:colcon.colcon_core.shell:Creating environment hook '/home/rhobtor/PHD/ARGOJ8_IA/ARGOSJ8_IA_/install/ctl_mission/share/ctl_mission/hook/cmake_prefix_path.sh'
[5.455s] Level 1:colcon.colcon_core.environment:checking '/home/rhobtor/PHD/ARGOJ8_IA/ARGOSJ8_IA_/install/ctl_mission/lib'
[5.456s] Level 1:colcon.colcon_core.environment:checking '/home/rhobtor/PHD/ARGOJ8_IA/ARGOSJ8_IA_/install/ctl_mission/bin'
[5.457s] Level 1:colcon.colcon_core.environment:checking '/home/rhobtor/PHD/ARGOJ8_IA/ARGOSJ8_IA_/install/ctl_mission/lib/pkgconfig/ctl_mission.pc'
[5.460s] Level 1:colcon.colcon_core.environment:checking '/home/rhobtor/PHD/ARGOJ8_IA/ARGOSJ8_IA_/install/ctl_mission/lib/python3.10/site-packages'
[5.460s] Level 1:colcon.colcon_core.environment:checking '/home/rhobtor/PHD/ARGOJ8_IA/ARGOSJ8_IA_/install/ctl_mission/bin'
[5.461s] INFO:colcon.colcon_core.shell:Creating package script '/home/rhobtor/PHD/ARGOJ8_IA/ARGOSJ8_IA_/install/ctl_mission/share/ctl_mission/package.ps1'
[5.462s] INFO:colcon.colcon_core.shell:Creating package descriptor '/home/rhobtor/PHD/ARGOJ8_IA/ARGOSJ8_IA_/install/ctl_mission/share/ctl_mission/package.dsv'
[5.463s] INFO:colcon.colcon_core.shell:Creating package script '/home/rhobtor/PHD/ARGOJ8_IA/ARGOSJ8_IA_/install/ctl_mission/share/ctl_mission/package.sh'
[5.466s] INFO:colcon.colcon_core.shell:Creating package script '/home/rhobtor/PHD/ARGOJ8_IA/ARGOSJ8_IA_/install/ctl_mission/share/ctl_mission/package.bash'
[5.468s] INFO:colcon.colcon_core.shell:Creating package script '/home/rhobtor/PHD/ARGOJ8_IA/ARGOSJ8_IA_/install/ctl_mission/share/ctl_mission/package.zsh'
[5.471s] Level 1:colcon.colcon_core.environment:create_file_with_runtime_dependencies(/home/rhobtor/PHD/ARGOJ8_IA/ARGOSJ8_IA_/install/ctl_mission/share/colcon-core/packages/ctl_mission)
[5.477s] Level 1:colcon.colcon_core.environment:create_environment_scripts_only(ctl_mission)
[5.477s] Level 1:colcon.colcon_core.environment:checking '/home/rhobtor/PHD/ARGOJ8_IA/ARGOSJ8_IA_/install/ctl_mission' for CMake module files
[5.488s] Level 1:colcon.colcon_core.environment:checking '/home/rhobtor/PHD/ARGOJ8_IA/ARGOSJ8_IA_/install/ctl_mission' for CMake config files
[5.492s] Level 1:colcon.colcon_core.shell:create_environment_hook('ctl_mission', 'cmake_prefix_path')
[5.492s] INFO:colcon.colcon_core.shell:Creating environment hook '/home/rhobtor/PHD/ARGOJ8_IA/ARGOSJ8_IA_/install/ctl_mission/share/ctl_mission/hook/cmake_prefix_path.ps1'
[5.494s] INFO:colcon.colcon_core.shell:Creating environment descriptor '/home/rhobtor/PHD/ARGOJ8_IA/ARGOSJ8_IA_/install/ctl_mission/share/ctl_mission/hook/cmake_prefix_path.dsv'
[5.495s] INFO:colcon.colcon_core.shell:Creating environment hook '/home/rhobtor/PHD/ARGOJ8_IA/ARGOSJ8_IA_/install/ctl_mission/share/ctl_mission/hook/cmake_prefix_path.sh'
[5.499s] Level 1:colcon.colcon_core.environment:checking '/home/rhobtor/PHD/ARGOJ8_IA/ARGOSJ8_IA_/install/ctl_mission/lib'
[5.499s] Level 1:colcon.colcon_core.environment:checking '/home/rhobtor/PHD/ARGOJ8_IA/ARGOSJ8_IA_/install/ctl_mission/bin'
[5.499s] Level 1:colcon.colcon_core.environment:checking '/home/rhobtor/PHD/ARGOJ8_IA/ARGOSJ8_IA_/install/ctl_mission/lib/pkgconfig/ctl_mission.pc'
[5.500s] Level 1:colcon.colcon_core.environment:checking '/home/rhobtor/PHD/ARGOJ8_IA/ARGOSJ8_IA_/install/ctl_mission/lib/python3.10/site-packages'
[5.500s] Level 1:colcon.colcon_core.environment:checking '/home/rhobtor/PHD/ARGOJ8_IA/ARGOSJ8_IA_/install/ctl_mission/bin'
[5.500s] INFO:colcon.colcon_core.shell:Creating package script '/home/rhobtor/PHD/ARGOJ8_IA/ARGOSJ8_IA_/install/ctl_mission/share/ctl_mission/package.ps1'
[5.505s] INFO:colcon.colcon_core.shell:Creating package descriptor '/home/rhobtor/PHD/ARGOJ8_IA/ARGOSJ8_IA_/install/ctl_mission/share/ctl_mission/package.dsv'
[5.509s] INFO:colcon.colcon_core.shell:Creating package script '/home/rhobtor/PHD/ARGOJ8_IA/ARGOSJ8_IA_/install/ctl_mission/share/ctl_mission/package.sh'
[5.513s] INFO:colcon.colcon_core.shell:Creating package script '/home/rhobtor/PHD/ARGOJ8_IA/ARGOSJ8_IA_/install/ctl_mission/share/ctl_mission/package.bash'
[5.513s] DEBUG:colcon.colcon_core.event_handler.log_command:Invoked command in '/home/rhobtor/PHD/ARGOJ8_IA/ARGOSJ8_IA_/build/ctl_mission' returned '0': CMAKE_PREFIX_PATH=/home/rhobtor/PHD/ARGOJ8_IA/ARGOSJ8_IA_/install/ublox_msgs:/home/rhobtor/PHD/ARGOJ8_IA/ARGOSJ8_IA_/install/ublox_serialization:/home/rhobtor/PHD/ARGOJ8_IA/ARGOSJ8_IA_/install/path_manager_interfaces:/home/rhobtor/PHD/ARGOJ8_IA/ARGOSJ8_IA_/install/ctl_mission_interfaces:/home/rhobtor/PHD/ARGOJ8_IA/ARGOSJ8_IA_/install/wiimote_msgs:/home/rhobtor/PHD/ARGOJ8_IA/ARGOSJ8_IA_/install/ublox:/home/rhobtor/PHD/ARGOJ8_IA/ARGOSJ8_IA_/install/ublox_gps:/home/rhobtor/PHD/ARGOJ8_IA/ARGOSJ8_IA_/install/security_check:/home/rhobtor/PHD/ARGOJ8_IA/ARGOSJ8_IA_/install/ctl_mission:/home/rhobtor/PHD/ARGOJ8_IA/ARGOSJ8_IA_/install/spacenav:/home/rhobtor/PHD/ARGOJ8_IA/ARGOSJ8_IA_/install/laser_segmentation:/home/rhobtor/PHD/ARGOJ8_IA/ARGOSJ8_IA_/install/slg_msgs:/home/rhobtor/PHD/ARGOJ8_IA/ARGOSJ8_IA_/install/security_check_interfaces:/home/rhobtor/PHD/ARGOJ8_IA/ARGOSJ8_IA_/install/joy:/home/rhobtor/PHD/ARGOJ8_IA/ARGOSJ8_IA_/install/sdl2_vendor:/home/rhobtor/PHD/ARGOJ8_IA/ARGOSJ8_IA_/install/path_manager:/home/rhobtor/PHD/ARGOJ8_IA/ARGOSJ8_IA_/install/octomap_rviz_plugins:/home/rhobtor/PHD/ARGOJ8_IA/ARGOSJ8_IA_/install/joy_linux:/home/rhobtor/PHD/ARGOJ8_IA/ARGOSJ8_IA_/install/j8_xacro_model:/home/rhobtor/PHD/ARGOJ8_IA/ARGOSJ8_IA_/install/hector_gazebo_plugins:/home/rhobtor/PHD/ARGOJ8_IA/ARGOSJ8_IA_/install/fixposition_sensor_pkg:/home/rhobtor/PHD/ARGOJ8_IA/ARGOSJ8_IA_/install/fixposition_odometry_converter_ros2:/home/rhobtor/PHD/ARGOJ8_IA/ARGOSJ8_IA_/install/fixposition_driver_ros2:/home/rhobtor/PHD/ARGOJ8_IA/ARGOSJ8_IA_/install/fixposition_driver_lib:/home/rhobtor/PHD/ARGOJ8_IA/ARGOSJ8_IA_/install/fixposition_gnss_tf:/home/rhobtor/PHD/ARGOJ8_IA/ARGOSJ8_IA_/install/car_cpp:/home/rhobtor/PHD/ARGOJ8_IA/ARGOSJ8_IA_/install/car_interfaces:/home/rhobtor/PHD/ARGOJ8_IA/ARGOSJ8_IA_/install/argj801_setup:/home/rhobtor/PHD/ARGOJ8_IA/ARGOSJ8_IA_/install/argj801_sensors:/home/rhobtor/PHD/ARGOJ8_IA/ARGOSJ8_IA_/install/argj801_sensors_msgs:/home/rhobtor/PHD/ARGOJ8_IA/ARGOSJ8_IA_/install/argj801_ctl_platform:/home/rhobtor/PHD/ARGOJ8_IA/ARGOSJ8_IA_/install/argj801_ctl_platform_interfaces:/home/rhobtor/zed/install/zed_ros2:/home/rhobtor/zed/install/zed_wrapper:/home/rhobtor/zed/install/zed_components:/home/rhobtor/zed/install/zed_interfaces:/home/rhobtor/PHD/reactive/Reactive-Navegation/workspace_full_conected/install/octomap_mapping:/home/rhobtor/PHD/reactive/Reactive-Navegation/workspace_full_conected/install/octomap_server:/home/rhobtor/PHD/reactive/Reactive-Navegation/workspace_full_conected/install/octomap_rviz_plugins:/home/rhobtor/PHD/reactive/Reactive-Navegation/workspace_full_conected/install/hector_gazebo_plugins:/home/rhobtor/PHD/reactive/Reactive-Navegation/workspace_full_conected/install/car_cpp:/home/rhobtor/PHD/reactive/Reactive-Navegation/workspace_full_conected/install/car_interfaces:/home/rhobtor/PHD/ARGOJ8_IA/ARGOSJ8_IA_/install/ntrip_client:/home/rhobtor/PHD/ARGOJ8_IA/ARGOSJ8_IA_/install/car:/home/rhobtor/PHD/ARGOJ8_IA/ARGOSJ8_IA_/install/android_ros2_server:/home/rhobtor/PHD/reactive/Reactive-Navegation/workspace_full_conected/install/car:/opt/ros/humble LD_LIBRARY_PATH=/home/rhobtor/PHD/ARGOJ8_IA/ARGOSJ8_IA_/install/ublox_msgs/lib:/home/rhobtor/PHD/ARGOJ8_IA/ARGOSJ8_IA_/install/path_manager_interfaces/lib:/home/rhobtor/PHD/ARGOJ8_IA/ARGOSJ8_IA_/install/ctl_mission_interfaces/lib:/home/rhobtor/PHD/ARGOJ8_IA/ARGOSJ8_IA_/install/wiimote_msgs/lib:/home/rhobtor/PHD/ARGOJ8_IA/ARGOSJ8_IA_/install/ublox_gps/lib:/home/rhobtor/PHD/ARGOJ8_IA/ARGOSJ8_IA_/install/spacenav/lib:/home/rhobtor/PHD/ARGOJ8_IA/ARGOSJ8_IA_/install/laser_segmentation/lib:/home/rhobtor/PHD/ARGOJ8_IA/ARGOSJ8_IA_/install/slg_msgs/lib:/home/rhobtor/PHD/ARGOJ8_IA/ARGOSJ8_IA_/install/security_check_interfaces/lib:/home/rhobtor/PHD/ARGOJ8_IA/ARGOSJ8_IA_/install/joy/lib:/home/rhobtor/PHD/ARGOJ8_IA/ARGOSJ8_IA_/install/octomap_rviz_plugins/lib:/home/rhobtor/PHD/ARGOJ8_IA/ARGOSJ8_IA_/install/j8_xacro_model/lib:/home/rhobtor/PHD/ARGOJ8_IA/ARGOSJ8_IA_/install/hector_gazebo_plugins/lib:/home/rhobtor/PHD/ARGOJ8_IA/ARGOSJ8_IA_/install/fixposition_sensor_pkg/lib:/home/rhobtor/PHD/ARGOJ8_IA/ARGOSJ8_IA_/install/fixposition_odometry_converter_ros2/lib:/home/rhobtor/PHD/ARGOJ8_IA/ARGOSJ8_IA_/install/fixposition_driver_ros2/lib:/home/rhobtor/PHD/ARGOJ8_IA/ARGOSJ8_IA_/install/fixposition_driver_lib/lib:/home/rhobtor/PHD/ARGOJ8_IA/ARGOSJ8_IA_/install/fixposition_gnss_tf/lib:/home/rhobtor/PHD/ARGOJ8_IA/ARGOSJ8_IA_/install/car_cpp/lib:/home/rhobtor/PHD/ARGOJ8_IA/ARGOSJ8_IA_/install/car_interfaces/lib:/home/rhobtor/PHD/ARGOJ8_IA/ARGOSJ8_IA_/install/argj801_sensors_msgs/lib:/home/rhobtor/PHD/ARGOJ8_IA/ARGOSJ8_IA_/install/argj801_ctl_platform_interfaces/lib:/usr/local/cuda/lib64:/usr/local/cuda/lib64:/usr/local/cuda-12.1/lib64:/usr/local/cuda-11.8/lib64:/home/rhobtor/zed/install/zed_components/lib:/home/rhobtor/zed/install/zed_interfaces/lib:/home/rhobtor/PHD/reactive/Reactive-Navegation/workspace_full_conected/install/octomap_server/lib:/home/rhobtor/PHD/reactive/Reactive-Navegation/workspace_full_conected/install/octomap_rviz_plugins/lib:/home/rhobtor/PHD/reactive/Reactive-Navegation/workspace_full_conected/install/hector_gazebo_plugins/lib:/home/rhobtor/PHD/reactive/Reactive-Navegation/workspace_full_conected/install/car_cpp/lib:/home/rhobtor/PHD/reactive/Reactive-Navegation/workspace_full_conected/install/car_interfaces/lib:/usr/lib/x86_64-linux-gnu/gazebo-11/plugins:/opt/ros/humble/opt/rviz_ogre_vendor/lib:/opt/ros/humble/lib/x86_64-linux-gnu:/opt/ros/humble/lib /opt/st/stm32cubeclt_1.18.0/CMake/bin/cmake --install /home/rhobtor/PHD/ARGOJ8_IA/ARGOSJ8_IA_/build/ctl_mission
[5.514s] INFO:colcon.colcon_core.shell:Creating package script '/home/rhobtor/PHD/ARGOJ8_IA/ARGOSJ8_IA_/install/ctl_mission/share/ctl_mission/package.zsh'
[5.515s] Level 1:colcon.colcon_core.environment:create_file_with_runtime_dependencies(/home/rhobtor/PHD/ARGOJ8_IA/ARGOSJ8_IA_/install/ctl_mission/share/colcon-core/packages/ctl_mission)
[5.515s] INFO:colcon.colcon_ros.task.ament_cmake.build:Building ROS package in '/home/rhobtor/PHD/ARGOJ8_IA/ARGOSJ8_IA_/src/security_check/security_check' with build type 'ament_cmake'
[5.516s] INFO:colcon.colcon_cmake.task.cmake.build:Building CMake package in '/home/rhobtor/PHD/ARGOJ8_IA/ARGOSJ8_IA_/src/security_check/security_check'
[5.516s] INFO:colcon.colcon_core.shell:Skip shell extension 'powershell' for command environment: Not usable outside of PowerShell
[5.516s] DEBUG:colcon.colcon_core.shell:Skip shell extension 'dsv' for command environment
[5.567s] DEBUG:colcon.colcon_core.event_handler.log_command:Invoking command in '/home/rhobtor/PHD/ARGOJ8_IA/ARGOSJ8_IA_/build/security_check': CMAKE_PREFIX_PATH=/home/rhobtor/PHD/ARGOJ8_IA/ARGOSJ8_IA_/install/ctl_mission:/home/rhobtor/PHD/ARGOJ8_IA/ARGOSJ8_IA_/install/ublox_msgs:/home/rhobtor/PHD/ARGOJ8_IA/ARGOSJ8_IA_/install/ublox_serialization:/home/rhobtor/PHD/ARGOJ8_IA/ARGOSJ8_IA_/install/security_check_interfaces:/home/rhobtor/PHD/ARGOJ8_IA/ARGOSJ8_IA_/install/path_manager_interfaces:/home/rhobtor/PHD/ARGOJ8_IA/ARGOSJ8_IA_/install/ctl_mission_interfaces:/home/rhobtor/PHD/ARGOJ8_IA/ARGOSJ8_IA_/install/wiimote_msgs:/home/rhobtor/PHD/ARGOJ8_IA/ARGOSJ8_IA_/install/ublox:/home/rhobtor/PHD/ARGOJ8_IA/ARGOSJ8_IA_/install/ublox_gps:/home/rhobtor/PHD/ARGOJ8_IA/ARGOSJ8_IA_/install/security_check:/home/rhobtor/PHD/ARGOJ8_IA/ARGOSJ8_IA_/install/spacenav:/home/rhobtor/PHD/ARGOJ8_IA/ARGOSJ8_IA_/install/laser_segmentation:/home/rhobtor/PHD/ARGOJ8_IA/ARGOSJ8_IA_/install/slg_msgs:/home/rhobtor/PHD/ARGOJ8_IA/ARGOSJ8_IA_/install/joy:/home/rhobtor/PHD/ARGOJ8_IA/ARGOSJ8_IA_/install/sdl2_vendor:/home/rhobtor/PHD/ARGOJ8_IA/ARGOSJ8_IA_/install/path_manager:/home/rhobtor/PHD/ARGOJ8_IA/ARGOSJ8_IA_/install/octomap_rviz_plugins:/home/rhobtor/PHD/ARGOJ8_IA/ARGOSJ8_IA_/install/joy_linux:/home/rhobtor/PHD/ARGOJ8_IA/ARGOSJ8_IA_/install/j8_xacro_model:/home/rhobtor/PHD/ARGOJ8_IA/ARGOSJ8_IA_/install/hector_gazebo_plugins:/home/rhobtor/PHD/ARGOJ8_IA/ARGOSJ8_IA_/install/fixposition_sensor_pkg:/home/rhobtor/PHD/ARGOJ8_IA/ARGOSJ8_IA_/install/fixposition_odometry_converter_ros2:/home/rhobtor/PHD/ARGOJ8_IA/ARGOSJ8_IA_/install/fixposition_driver_ros2:/home/rhobtor/PHD/ARGOJ8_IA/ARGOSJ8_IA_/install/fixposition_driver_lib:/home/rhobtor/PHD/ARGOJ8_IA/ARGOSJ8_IA_/install/fixposition_gnss_tf:/home/rhobtor/PHD/ARGOJ8_IA/ARGOSJ8_IA_/install/car_cpp:/home/rhobtor/PHD/ARGOJ8_IA/ARGOSJ8_IA_/install/car_interfaces:/home/rhobtor/PHD/ARGOJ8_IA/ARGOSJ8_IA_/install/argj801_setup:/home/rhobtor/PHD/ARGOJ8_IA/ARGOSJ8_IA_/install/argj801_sensors:/home/rhobtor/PHD/ARGOJ8_IA/ARGOSJ8_IA_/install/argj801_sensors_msgs:/home/rhobtor/PHD/ARGOJ8_IA/ARGOSJ8_IA_/install/argj801_ctl_platform:/home/rhobtor/PHD/ARGOJ8_IA/ARGOSJ8_IA_/install/argj801_ctl_platform_interfaces:/home/rhobtor/zed/install/zed_ros2:/home/rhobtor/zed/install/zed_wrapper:/home/rhobtor/zed/install/zed_components:/home/rhobtor/zed/install/zed_interfaces:/home/rhobtor/PHD/reactive/Reactive-Navegation/workspace_full_conected/install/octomap_mapping:/home/rhobtor/PHD/reactive/Reactive-Navegation/workspace_full_conected/install/octomap_server:/home/rhobtor/PHD/reactive/Reactive-Navegation/workspace_full_conected/install/octomap_rviz_plugins:/home/rhobtor/PHD/reactive/Reactive-Navegation/workspace_full_conected/install/hector_gazebo_plugins:/home/rhobtor/PHD/reactive/Reactive-Navegation/workspace_full_conected/install/car_cpp:/home/rhobtor/PHD/reactive/Reactive-Navegation/workspace_full_conected/install/car_interfaces:/home/rhobtor/PHD/ARGOJ8_IA/ARGOSJ8_IA_/install/ntrip_client:/home/rhobtor/PHD/ARGOJ8_IA/ARGOSJ8_IA_/install/car:/home/rhobtor/PHD/ARGOJ8_IA/ARGOSJ8_IA_/install/android_ros2_server:/home/rhobtor/PHD/reactive/Reactive-Navegation/workspace_full_conected/install/car:/opt/ros/humble LD_LIBRARY_PATH=/home/rhobtor/PHD/ARGOJ8_IA/ARGOSJ8_IA_/install/ublox_msgs/lib:/home/rhobtor/PHD/ARGOJ8_IA/ARGOSJ8_IA_/install/security_check_interfaces/lib:/home/rhobtor/PHD/ARGOJ8_IA/ARGOSJ8_IA_/install/path_manager_interfaces/lib:/home/rhobtor/PHD/ARGOJ8_IA/ARGOSJ8_IA_/install/ctl_mission_interfaces/lib:/home/rhobtor/PHD/ARGOJ8_IA/ARGOSJ8_IA_/install/wiimote_msgs/lib:/home/rhobtor/PHD/ARGOJ8_IA/ARGOSJ8_IA_/install/ublox_gps/lib:/home/rhobtor/PHD/ARGOJ8_IA/ARGOSJ8_IA_/install/spacenav/lib:/home/rhobtor/PHD/ARGOJ8_IA/ARGOSJ8_IA_/install/laser_segmentation/lib:/home/rhobtor/PHD/ARGOJ8_IA/ARGOSJ8_IA_/install/slg_msgs/lib:/home/rhobtor/PHD/ARGOJ8_IA/ARGOSJ8_IA_/install/joy/lib:/home/rhobtor/PHD/ARGOJ8_IA/ARGOSJ8_IA_/install/octomap_rviz_plugins/lib:/home/rhobtor/PHD/ARGOJ8_IA/ARGOSJ8_IA_/install/j8_xacro_model/lib:/home/rhobtor/PHD/ARGOJ8_IA/ARGOSJ8_IA_/install/hector_gazebo_plugins/lib:/home/rhobtor/PHD/ARGOJ8_IA/ARGOSJ8_IA_/install/fixposition_sensor_pkg/lib:/home/rhobtor/PHD/ARGOJ8_IA/ARGOSJ8_IA_/install/fixposition_odometry_converter_ros2/lib:/home/rhobtor/PHD/ARGOJ8_IA/ARGOSJ8_IA_/install/fixposition_driver_ros2/lib:/home/rhobtor/PHD/ARGOJ8_IA/ARGOSJ8_IA_/install/fixposition_driver_lib/lib:/home/rhobtor/PHD/ARGOJ8_IA/ARGOSJ8_IA_/install/fixposition_gnss_tf/lib:/home/rhobtor/PHD/ARGOJ8_IA/ARGOSJ8_IA_/install/car_cpp/lib:/home/rhobtor/PHD/ARGOJ8_IA/ARGOSJ8_IA_/install/car_interfaces/lib:/home/rhobtor/PHD/ARGOJ8_IA/ARGOSJ8_IA_/install/argj801_sensors_msgs/lib:/home/rhobtor/PHD/ARGOJ8_IA/ARGOSJ8_IA_/install/argj801_ctl_platform_interfaces/lib:/usr/local/cuda/lib64:/usr/local/cuda/lib64:/usr/local/cuda-12.1/lib64:/usr/local/cuda-11.8/lib64:/home/rhobtor/zed/install/zed_components/lib:/home/rhobtor/zed/install/zed_interfaces/lib:/home/rhobtor/PHD/reactive/Reactive-Navegation/workspace_full_conected/install/octomap_server/lib:/home/rhobtor/PHD/reactive/Reactive-Navegation/workspace_full_conected/install/octomap_rviz_plugins/lib:/home/rhobtor/PHD/reactive/Reactive-Navegation/workspace_full_conected/install/hector_gazebo_plugins/lib:/home/rhobtor/PHD/reactive/Reactive-Navegation/workspace_full_conected/install/car_cpp/lib:/home/rhobtor/PHD/reactive/Reactive-Navegation/workspace_full_conected/install/car_interfaces/lib:/usr/lib/x86_64-linux-gnu/gazebo-11/plugins:/opt/ros/humble/opt/rviz_ogre_vendor/lib:/opt/ros/humble/lib/x86_64-linux-gnu:/opt/ros/humble/lib /opt/st/stm32cubeclt_1.18.0/CMake/bin/cmake --build /home/rhobtor/PHD/ARGOJ8_IA/ARGOSJ8_IA_/build/security_check -- -j16 -l16
[5.638s] DEBUG:colcon.colcon_core.event_handler.log_command:Invoked command in '/home/rhobtor/PHD/ARGOJ8_IA/ARGOSJ8_IA_/build/security_check' returned '0': CMAKE_PREFIX_PATH=/home/rhobtor/PHD/ARGOJ8_IA/ARGOSJ8_IA_/install/ctl_mission:/home/rhobtor/PHD/ARGOJ8_IA/ARGOSJ8_IA_/install/ublox_msgs:/home/rhobtor/PHD/ARGOJ8_IA/ARGOSJ8_IA_/install/ublox_serialization:/home/rhobtor/PHD/ARGOJ8_IA/ARGOSJ8_IA_/install/security_check_interfaces:/home/rhobtor/PHD/ARGOJ8_IA/ARGOSJ8_IA_/install/path_manager_interfaces:/home/rhobtor/PHD/ARGOJ8_IA/ARGOSJ8_IA_/install/ctl_mission_interfaces:/home/rhobtor/PHD/ARGOJ8_IA/ARGOSJ8_IA_/install/wiimote_msgs:/home/rhobtor/PHD/ARGOJ8_IA/ARGOSJ8_IA_/install/ublox:/home/rhobtor/PHD/ARGOJ8_IA/ARGOSJ8_IA_/install/ublox_gps:/home/rhobtor/PHD/ARGOJ8_IA/ARGOSJ8_IA_/install/security_check:/home/rhobtor/PHD/ARGOJ8_IA/ARGOSJ8_IA_/install/spacenav:/home/rhobtor/PHD/ARGOJ8_IA/ARGOSJ8_IA_/install/laser_segmentation:/home/rhobtor/PHD/ARGOJ8_IA/ARGOSJ8_IA_/install/slg_msgs:/home/rhobtor/PHD/ARGOJ8_IA/ARGOSJ8_IA_/install/joy:/home/rhobtor/PHD/ARGOJ8_IA/ARGOSJ8_IA_/install/sdl2_vendor:/home/rhobtor/PHD/ARGOJ8_IA/ARGOSJ8_IA_/install/path_manager:/home/rhobtor/PHD/ARGOJ8_IA/ARGOSJ8_IA_/install/octomap_rviz_plugins:/home/rhobtor/PHD/ARGOJ8_IA/ARGOSJ8_IA_/install/joy_linux:/home/rhobtor/PHD/ARGOJ8_IA/ARGOSJ8_IA_/install/j8_xacro_model:/home/rhobtor/PHD/ARGOJ8_IA/ARGOSJ8_IA_/install/hector_gazebo_plugins:/home/rhobtor/PHD/ARGOJ8_IA/ARGOSJ8_IA_/install/fixposition_sensor_pkg:/home/rhobtor/PHD/ARGOJ8_IA/ARGOSJ8_IA_/install/fixposition_odometry_converter_ros2:/home/rhobtor/PHD/ARGOJ8_IA/ARGOSJ8_IA_/install/fixposition_driver_ros2:/home/rhobtor/PHD/ARGOJ8_IA/ARGOSJ8_IA_/install/fixposition_driver_lib:/home/rhobtor/PHD/ARGOJ8_IA/ARGOSJ8_IA_/install/fixposition_gnss_tf:/home/rhobtor/PHD/ARGOJ8_IA/ARGOSJ8_IA_/install/car_cpp:/home/rhobtor/PHD/ARGOJ8_IA/ARGOSJ8_IA_/install/car_interfaces:/home/rhobtor/PHD/ARGOJ8_IA/ARGOSJ8_IA_/install/argj801_setup:/home/rhobtor/PHD/ARGOJ8_IA/ARGOSJ8_IA_/install/argj801_sensors:/home/rhobtor/PHD/ARGOJ8_IA/ARGOSJ8_IA_/install/argj801_sensors_msgs:/home/rhobtor/PHD/ARGOJ8_IA/ARGOSJ8_IA_/install/argj801_ctl_platform:/home/rhobtor/PHD/ARGOJ8_IA/ARGOSJ8_IA_/install/argj801_ctl_platform_interfaces:/home/rhobtor/zed/install/zed_ros2:/home/rhobtor/zed/install/zed_wrapper:/home/rhobtor/zed/install/zed_components:/home/rhobtor/zed/install/zed_interfaces:/home/rhobtor/PHD/reactive/Reactive-Navegation/workspace_full_conected/install/octomap_mapping:/home/rhobtor/PHD/reactive/Reactive-Navegation/workspace_full_conected/install/octomap_server:/home/rhobtor/PHD/reactive/Reactive-Navegation/workspace_full_conected/install/octomap_rviz_plugins:/home/rhobtor/PHD/reactive/Reactive-Navegation/workspace_full_conected/install/hector_gazebo_plugins:/home/rhobtor/PHD/reactive/Reactive-Navegation/workspace_full_conected/install/car_cpp:/home/rhobtor/PHD/reactive/Reactive-Navegation/workspace_full_conected/install/car_interfaces:/home/rhobtor/PHD/ARGOJ8_IA/ARGOSJ8_IA_/install/ntrip_client:/home/rhobtor/PHD/ARGOJ8_IA/ARGOSJ8_IA_/install/car:/home/rhobtor/PHD/ARGOJ8_IA/ARGOSJ8_IA_/install/android_ros2_server:/home/rhobtor/PHD/reactive/Reactive-Navegation/workspace_full_conected/install/car:/opt/ros/humble LD_LIBRARY_PATH=/home/rhobtor/PHD/ARGOJ8_IA/ARGOSJ8_IA_/install/ublox_msgs/lib:/home/rhobtor/PHD/ARGOJ8_IA/ARGOSJ8_IA_/install/security_check_interfaces/lib:/home/rhobtor/PHD/ARGOJ8_IA/ARGOSJ8_IA_/install/path_manager_interfaces/lib:/home/rhobtor/PHD/ARGOJ8_IA/ARGOSJ8_IA_/install/ctl_mission_interfaces/lib:/home/rhobtor/PHD/ARGOJ8_IA/ARGOSJ8_IA_/install/wiimote_msgs/lib:/home/rhobtor/PHD/ARGOJ8_IA/ARGOSJ8_IA_/install/ublox_gps/lib:/home/rhobtor/PHD/ARGOJ8_IA/ARGOSJ8_IA_/install/spacenav/lib:/home/rhobtor/PHD/ARGOJ8_IA/ARGOSJ8_IA_/install/laser_segmentation/lib:/home/rhobtor/PHD/ARGOJ8_IA/ARGOSJ8_IA_/install/slg_msgs/lib:/home/rhobtor/PHD/ARGOJ8_IA/ARGOSJ8_IA_/install/joy/lib:/home/rhobtor/PHD/ARGOJ8_IA/ARGOSJ8_IA_/install/octomap_rviz_plugins/lib:/home/rhobtor/PHD/ARGOJ8_IA/ARGOSJ8_IA_/install/j8_xacro_model/lib:/home/rhobtor/PHD/ARGOJ8_IA/ARGOSJ8_IA_/install/hector_gazebo_plugins/lib:/home/rhobtor/PHD/ARGOJ8_IA/ARGOSJ8_IA_/install/fixposition_sensor_pkg/lib:/home/rhobtor/PHD/ARGOJ8_IA/ARGOSJ8_IA_/install/fixposition_odometry_converter_ros2/lib:/home/rhobtor/PHD/ARGOJ8_IA/ARGOSJ8_IA_/install/fixposition_driver_ros2/lib:/home/rhobtor/PHD/ARGOJ8_IA/ARGOSJ8_IA_/install/fixposition_driver_lib/lib:/home/rhobtor/PHD/ARGOJ8_IA/ARGOSJ8_IA_/install/fixposition_gnss_tf/lib:/home/rhobtor/PHD/ARGOJ8_IA/ARGOSJ8_IA_/install/car_cpp/lib:/home/rhobtor/PHD/ARGOJ8_IA/ARGOSJ8_IA_/install/car_interfaces/lib:/home/rhobtor/PHD/ARGOJ8_IA/ARGOSJ8_IA_/install/argj801_sensors_msgs/lib:/home/rhobtor/PHD/ARGOJ8_IA/ARGOSJ8_IA_/install/argj801_ctl_platform_interfaces/lib:/usr/local/cuda/lib64:/usr/local/cuda/lib64:/usr/local/cuda-12.1/lib64:/usr/local/cuda-11.8/lib64:/home/rhobtor/zed/install/zed_components/lib:/home/rhobtor/zed/install/zed_interfaces/lib:/home/rhobtor/PHD/reactive/Reactive-Navegation/workspace_full_conected/install/octomap_server/lib:/home/rhobtor/PHD/reactive/Reactive-Navegation/workspace_full_conected/install/octomap_rviz_plugins/lib:/home/rhobtor/PHD/reactive/Reactive-Navegation/workspace_full_conected/install/hector_gazebo_plugins/lib:/home/rhobtor/PHD/reactive/Reactive-Navegation/workspace_full_conected/install/car_cpp/lib:/home/rhobtor/PHD/reactive/Reactive-Navegation/workspace_full_conected/install/car_interfaces/lib:/usr/lib/x86_64-linux-gnu/gazebo-11/plugins:/opt/ros/humble/opt/rviz_ogre_vendor/lib:/opt/ros/humble/lib/x86_64-linux-gnu:/opt/ros/humble/lib /opt/st/stm32cubeclt_1.18.0/CMake/bin/cmake --build /home/rhobtor/PHD/ARGOJ8_IA/ARGOSJ8_IA_/build/security_check -- -j16 -l16
[5.642s] DEBUG:colcon.colcon_core.event_handler.log_command:Invoking command in '/home/rhobtor/PHD/ARGOJ8_IA/ARGOSJ8_IA_/build/security_check': CMAKE_PREFIX_PATH=/home/rhobtor/PHD/ARGOJ8_IA/ARGOSJ8_IA_/install/ctl_mission:/home/rhobtor/PHD/ARGOJ8_IA/ARGOSJ8_IA_/install/ublox_msgs:/home/rhobtor/PHD/ARGOJ8_IA/ARGOSJ8_IA_/install/ublox_serialization:/home/rhobtor/PHD/ARGOJ8_IA/ARGOSJ8_IA_/install/security_check_interfaces:/home/rhobtor/PHD/ARGOJ8_IA/ARGOSJ8_IA_/install/path_manager_interfaces:/home/rhobtor/PHD/ARGOJ8_IA/ARGOSJ8_IA_/install/ctl_mission_interfaces:/home/rhobtor/PHD/ARGOJ8_IA/ARGOSJ8_IA_/install/wiimote_msgs:/home/rhobtor/PHD/ARGOJ8_IA/ARGOSJ8_IA_/install/ublox:/home/rhobtor/PHD/ARGOJ8_IA/ARGOSJ8_IA_/install/ublox_gps:/home/rhobtor/PHD/ARGOJ8_IA/ARGOSJ8_IA_/install/security_check:/home/rhobtor/PHD/ARGOJ8_IA/ARGOSJ8_IA_/install/spacenav:/home/rhobtor/PHD/ARGOJ8_IA/ARGOSJ8_IA_/install/laser_segmentation:/home/rhobtor/PHD/ARGOJ8_IA/ARGOSJ8_IA_/install/slg_msgs:/home/rhobtor/PHD/ARGOJ8_IA/ARGOSJ8_IA_/install/joy:/home/rhobtor/PHD/ARGOJ8_IA/ARGOSJ8_IA_/install/sdl2_vendor:/home/rhobtor/PHD/ARGOJ8_IA/ARGOSJ8_IA_/install/path_manager:/home/rhobtor/PHD/ARGOJ8_IA/ARGOSJ8_IA_/install/octomap_rviz_plugins:/home/rhobtor/PHD/ARGOJ8_IA/ARGOSJ8_IA_/install/joy_linux:/home/rhobtor/PHD/ARGOJ8_IA/ARGOSJ8_IA_/install/j8_xacro_model:/home/rhobtor/PHD/ARGOJ8_IA/ARGOSJ8_IA_/install/hector_gazebo_plugins:/home/rhobtor/PHD/ARGOJ8_IA/ARGOSJ8_IA_/install/fixposition_sensor_pkg:/home/rhobtor/PHD/ARGOJ8_IA/ARGOSJ8_IA_/install/fixposition_odometry_converter_ros2:/home/rhobtor/PHD/ARGOJ8_IA/ARGOSJ8_IA_/install/fixposition_driver_ros2:/home/rhobtor/PHD/ARGOJ8_IA/ARGOSJ8_IA_/install/fixposition_driver_lib:/home/rhobtor/PHD/ARGOJ8_IA/ARGOSJ8_IA_/install/fixposition_gnss_tf:/home/rhobtor/PHD/ARGOJ8_IA/ARGOSJ8_IA_/install/car_cpp:/home/rhobtor/PHD/ARGOJ8_IA/ARGOSJ8_IA_/install/car_interfaces:/home/rhobtor/PHD/ARGOJ8_IA/ARGOSJ8_IA_/install/argj801_setup:/home/rhobtor/PHD/ARGOJ8_IA/ARGOSJ8_IA_/install/argj801_sensors:/home/rhobtor/PHD/ARGOJ8_IA/ARGOSJ8_IA_/install/argj801_sensors_msgs:/home/rhobtor/PHD/ARGOJ8_IA/ARGOSJ8_IA_/install/argj801_ctl_platform:/home/rhobtor/PHD/ARGOJ8_IA/ARGOSJ8_IA_/install/argj801_ctl_platform_interfaces:/home/rhobtor/zed/install/zed_ros2:/home/rhobtor/zed/install/zed_wrapper:/home/rhobtor/zed/install/zed_components:/home/rhobtor/zed/install/zed_interfaces:/home/rhobtor/PHD/reactive/Reactive-Navegation/workspace_full_conected/install/octomap_mapping:/home/rhobtor/PHD/reactive/Reactive-Navegation/workspace_full_conected/install/octomap_server:/home/rhobtor/PHD/reactive/Reactive-Navegation/workspace_full_conected/install/octomap_rviz_plugins:/home/rhobtor/PHD/reactive/Reactive-Navegation/workspace_full_conected/install/hector_gazebo_plugins:/home/rhobtor/PHD/reactive/Reactive-Navegation/workspace_full_conected/install/car_cpp:/home/rhobtor/PHD/reactive/Reactive-Navegation/workspace_full_conected/install/car_interfaces:/home/rhobtor/PHD/ARGOJ8_IA/ARGOSJ8_IA_/install/ntrip_client:/home/rhobtor/PHD/ARGOJ8_IA/ARGOSJ8_IA_/install/car:/home/rhobtor/PHD/ARGOJ8_IA/ARGOSJ8_IA_/install/android_ros2_server:/home/rhobtor/PHD/reactive/Reactive-Navegation/workspace_full_conected/install/car:/opt/ros/humble LD_LIBRARY_PATH=/home/rhobtor/PHD/ARGOJ8_IA/ARGOSJ8_IA_/install/ublox_msgs/lib:/home/rhobtor/PHD/ARGOJ8_IA/ARGOSJ8_IA_/install/security_check_interfaces/lib:/home/rhobtor/PHD/ARGOJ8_IA/ARGOSJ8_IA_/install/path_manager_interfaces/lib:/home/rhobtor/PHD/ARGOJ8_IA/ARGOSJ8_IA_/install/ctl_mission_interfaces/lib:/home/rhobtor/PHD/ARGOJ8_IA/ARGOSJ8_IA_/install/wiimote_msgs/lib:/home/rhobtor/PHD/ARGOJ8_IA/ARGOSJ8_IA_/install/ublox_gps/lib:/home/rhobtor/PHD/ARGOJ8_IA/ARGOSJ8_IA_/install/spacenav/lib:/home/rhobtor/PHD/ARGOJ8_IA/ARGOSJ8_IA_/install/laser_segmentation/lib:/home/rhobtor/PHD/ARGOJ8_IA/ARGOSJ8_IA_/install/slg_msgs/lib:/home/rhobtor/PHD/ARGOJ8_IA/ARGOSJ8_IA_/install/joy/lib:/home/rhobtor/PHD/ARGOJ8_IA/ARGOSJ8_IA_/install/octomap_rviz_plugins/lib:/home/rhobtor/PHD/ARGOJ8_IA/ARGOSJ8_IA_/install/j8_xacro_model/lib:/home/rhobtor/PHD/ARGOJ8_IA/ARGOSJ8_IA_/install/hector_gazebo_plugins/lib:/home/rhobtor/PHD/ARGOJ8_IA/ARGOSJ8_IA_/install/fixposition_sensor_pkg/lib:/home/rhobtor/PHD/ARGOJ8_IA/ARGOSJ8_IA_/install/fixposition_odometry_converter_ros2/lib:/home/rhobtor/PHD/ARGOJ8_IA/ARGOSJ8_IA_/install/fixposition_driver_ros2/lib:/home/rhobtor/PHD/ARGOJ8_IA/ARGOSJ8_IA_/install/fixposition_driver_lib/lib:/home/rhobtor/PHD/ARGOJ8_IA/ARGOSJ8_IA_/install/fixposition_gnss_tf/lib:/home/rhobtor/PHD/ARGOJ8_IA/ARGOSJ8_IA_/install/car_cpp/lib:/home/rhobtor/PHD/ARGOJ8_IA/ARGOSJ8_IA_/install/car_interfaces/lib:/home/rhobtor/PHD/ARGOJ8_IA/ARGOSJ8_IA_/install/argj801_sensors_msgs/lib:/home/rhobtor/PHD/ARGOJ8_IA/ARGOSJ8_IA_/install/argj801_ctl_platform_interfaces/lib:/usr/local/cuda/lib64:/usr/local/cuda/lib64:/usr/local/cuda-12.1/lib64:/usr/local/cuda-11.8/lib64:/home/rhobtor/zed/install/zed_components/lib:/home/rhobtor/zed/install/zed_interfaces/lib:/home/rhobtor/PHD/reactive/Reactive-Navegation/workspace_full_conected/install/octomap_server/lib:/home/rhobtor/PHD/reactive/Reactive-Navegation/workspace_full_conected/install/octomap_rviz_plugins/lib:/home/rhobtor/PHD/reactive/Reactive-Navegation/workspace_full_conected/install/hector_gazebo_plugins/lib:/home/rhobtor/PHD/reactive/Reactive-Navegation/workspace_full_conected/install/car_cpp/lib:/home/rhobtor/PHD/reactive/Reactive-Navegation/workspace_full_conected/install/car_interfaces/lib:/usr/lib/x86_64-linux-gnu/gazebo-11/plugins:/opt/ros/humble/opt/rviz_ogre_vendor/lib:/opt/ros/humble/lib/x86_64-linux-gnu:/opt/ros/humble/lib /opt/st/stm32cubeclt_1.18.0/CMake/bin/cmake --install /home/rhobtor/PHD/ARGOJ8_IA/ARGOSJ8_IA_/build/security_check
[5.655s] Level 1:colcon.colcon_core.environment:create_environment_scripts_only(security_check)
[5.656s] Level 1:colcon.colcon_core.environment:checking '/home/rhobtor/PHD/ARGOJ8_IA/ARGOSJ8_IA_/install/security_check' for CMake module files
[5.656s] DEBUG:colcon.colcon_core.event_handler.log_command:Invoked command in '/home/rhobtor/PHD/ARGOJ8_IA/ARGOSJ8_IA_/build/security_check' returned '0': CMAKE_PREFIX_PATH=/home/rhobtor/PHD/ARGOJ8_IA/ARGOSJ8_IA_/install/ctl_mission:/home/rhobtor/PHD/ARGOJ8_IA/ARGOSJ8_IA_/install/ublox_msgs:/home/rhobtor/PHD/ARGOJ8_IA/ARGOSJ8_IA_/install/ublox_serialization:/home/rhobtor/PHD/ARGOJ8_IA/ARGOSJ8_IA_/install/security_check_interfaces:/home/rhobtor/PHD/ARGOJ8_IA/ARGOSJ8_IA_/install/path_manager_interfaces:/home/rhobtor/PHD/ARGOJ8_IA/ARGOSJ8_IA_/install/ctl_mission_interfaces:/home/rhobtor/PHD/ARGOJ8_IA/ARGOSJ8_IA_/install/wiimote_msgs:/home/rhobtor/PHD/ARGOJ8_IA/ARGOSJ8_IA_/install/ublox:/home/rhobtor/PHD/ARGOJ8_IA/ARGOSJ8_IA_/install/ublox_gps:/home/rhobtor/PHD/ARGOJ8_IA/ARGOSJ8_IA_/install/security_check:/home/rhobtor/PHD/ARGOJ8_IA/ARGOSJ8_IA_/install/spacenav:/home/rhobtor/PHD/ARGOJ8_IA/ARGOSJ8_IA_/install/laser_segmentation:/home/rhobtor/PHD/ARGOJ8_IA/ARGOSJ8_IA_/install/slg_msgs:/home/rhobtor/PHD/ARGOJ8_IA/ARGOSJ8_IA_/install/joy:/home/rhobtor/PHD/ARGOJ8_IA/ARGOSJ8_IA_/install/sdl2_vendor:/home/rhobtor/PHD/ARGOJ8_IA/ARGOSJ8_IA_/install/path_manager:/home/rhobtor/PHD/ARGOJ8_IA/ARGOSJ8_IA_/install/octomap_rviz_plugins:/home/rhobtor/PHD/ARGOJ8_IA/ARGOSJ8_IA_/install/joy_linux:/home/rhobtor/PHD/ARGOJ8_IA/ARGOSJ8_IA_/install/j8_xacro_model:/home/rhobtor/PHD/ARGOJ8_IA/ARGOSJ8_IA_/install/hector_gazebo_plugins:/home/rhobtor/PHD/ARGOJ8_IA/ARGOSJ8_IA_/install/fixposition_sensor_pkg:/home/rhobtor/PHD/ARGOJ8_IA/ARGOSJ8_IA_/install/fixposition_odometry_converter_ros2:/home/rhobtor/PHD/ARGOJ8_IA/ARGOSJ8_IA_/install/fixposition_driver_ros2:/home/rhobtor/PHD/ARGOJ8_IA/ARGOSJ8_IA_/install/fixposition_driver_lib:/home/rhobtor/PHD/ARGOJ8_IA/ARGOSJ8_IA_/install/fixposition_gnss_tf:/home/rhobtor/PHD/ARGOJ8_IA/ARGOSJ8_IA_/install/car_cpp:/home/rhobtor/PHD/ARGOJ8_IA/ARGOSJ8_IA_/install/car_interfaces:/home/rhobtor/PHD/ARGOJ8_IA/ARGOSJ8_IA_/install/argj801_setup:/home/rhobtor/PHD/ARGOJ8_IA/ARGOSJ8_IA_/install/argj801_sensors:/home/rhobtor/PHD/ARGOJ8_IA/ARGOSJ8_IA_/install/argj801_sensors_msgs:/home/rhobtor/PHD/ARGOJ8_IA/ARGOSJ8_IA_/install/argj801_ctl_platform:/home/rhobtor/PHD/ARGOJ8_IA/ARGOSJ8_IA_/install/argj801_ctl_platform_interfaces:/home/rhobtor/zed/install/zed_ros2:/home/rhobtor/zed/install/zed_wrapper:/home/rhobtor/zed/install/zed_components:/home/rhobtor/zed/install/zed_interfaces:/home/rhobtor/PHD/reactive/Reactive-Navegation/workspace_full_conected/install/octomap_mapping:/home/rhobtor/PHD/reactive/Reactive-Navegation/workspace_full_conected/install/octomap_server:/home/rhobtor/PHD/reactive/Reactive-Navegation/workspace_full_conected/install/octomap_rviz_plugins:/home/rhobtor/PHD/reactive/Reactive-Navegation/workspace_full_conected/install/hector_gazebo_plugins:/home/rhobtor/PHD/reactive/Reactive-Navegation/workspace_full_conected/install/car_cpp:/home/rhobtor/PHD/reactive/Reactive-Navegation/workspace_full_conected/install/car_interfaces:/home/rhobtor/PHD/ARGOJ8_IA/ARGOSJ8_IA_/install/ntrip_client:/home/rhobtor/PHD/ARGOJ8_IA/ARGOSJ8_IA_/install/car:/home/rhobtor/PHD/ARGOJ8_IA/ARGOSJ8_IA_/install/android_ros2_server:/home/rhobtor/PHD/reactive/Reactive-Navegation/workspace_full_conected/install/car:/opt/ros/humble LD_LIBRARY_PATH=/home/rhobtor/PHD/ARGOJ8_IA/ARGOSJ8_IA_/install/ublox_msgs/lib:/home/rhobtor/PHD/ARGOJ8_IA/ARGOSJ8_IA_/install/security_check_interfaces/lib:/home/rhobtor/PHD/ARGOJ8_IA/ARGOSJ8_IA_/install/path_manager_interfaces/lib:/home/rhobtor/PHD/ARGOJ8_IA/ARGOSJ8_IA_/install/ctl_mission_interfaces/lib:/home/rhobtor/PHD/ARGOJ8_IA/ARGOSJ8_IA_/install/wiimote_msgs/lib:/home/rhobtor/PHD/ARGOJ8_IA/ARGOSJ8_IA_/install/ublox_gps/lib:/home/rhobtor/PHD/ARGOJ8_IA/ARGOSJ8_IA_/install/spacenav/lib:/home/rhobtor/PHD/ARGOJ8_IA/ARGOSJ8_IA_/install/laser_segmentation/lib:/home/rhobtor/PHD/ARGOJ8_IA/ARGOSJ8_IA_/install/slg_msgs/lib:/home/rhobtor/PHD/ARGOJ8_IA/ARGOSJ8_IA_/install/joy/lib:/home/rhobtor/PHD/ARGOJ8_IA/ARGOSJ8_IA_/install/octomap_rviz_plugins/lib:/home/rhobtor/PHD/ARGOJ8_IA/ARGOSJ8_IA_/install/j8_xacro_model/lib:/home/rhobtor/PHD/ARGOJ8_IA/ARGOSJ8_IA_/install/hector_gazebo_plugins/lib:/home/rhobtor/PHD/ARGOJ8_IA/ARGOSJ8_IA_/install/fixposition_sensor_pkg/lib:/home/rhobtor/PHD/ARGOJ8_IA/ARGOSJ8_IA_/install/fixposition_odometry_converter_ros2/lib:/home/rhobtor/PHD/ARGOJ8_IA/ARGOSJ8_IA_/install/fixposition_driver_ros2/lib:/home/rhobtor/PHD/ARGOJ8_IA/ARGOSJ8_IA_/install/fixposition_driver_lib/lib:/home/rhobtor/PHD/ARGOJ8_IA/ARGOSJ8_IA_/install/fixposition_gnss_tf/lib:/home/rhobtor/PHD/ARGOJ8_IA/ARGOSJ8_IA_/install/car_cpp/lib:/home/rhobtor/PHD/ARGOJ8_IA/ARGOSJ8_IA_/install/car_interfaces/lib:/home/rhobtor/PHD/ARGOJ8_IA/ARGOSJ8_IA_/install/argj801_sensors_msgs/lib:/home/rhobtor/PHD/ARGOJ8_IA/ARGOSJ8_IA_/install/argj801_ctl_platform_interfaces/lib:/usr/local/cuda/lib64:/usr/local/cuda/lib64:/usr/local/cuda-12.1/lib64:/usr/local/cuda-11.8/lib64:/home/rhobtor/zed/install/zed_components/lib:/home/rhobtor/zed/install/zed_interfaces/lib:/home/rhobtor/PHD/reactive/Reactive-Navegation/workspace_full_conected/install/octomap_server/lib:/home/rhobtor/PHD/reactive/Reactive-Navegation/workspace_full_conected/install/octomap_rviz_plugins/lib:/home/rhobtor/PHD/reactive/Reactive-Navegation/workspace_full_conected/install/hector_gazebo_plugins/lib:/home/rhobtor/PHD/reactive/Reactive-Navegation/workspace_full_conected/install/car_cpp/lib:/home/rhobtor/PHD/reactive/Reactive-Navegation/workspace_full_conected/install/car_interfaces/lib:/usr/lib/x86_64-linux-gnu/gazebo-11/plugins:/opt/ros/humble/opt/rviz_ogre_vendor/lib:/opt/ros/humble/lib/x86_64-linux-gnu:/opt/ros/humble/lib /opt/st/stm32cubeclt_1.18.0/CMake/bin/cmake --install /home/rhobtor/PHD/ARGOJ8_IA/ARGOSJ8_IA_/build/security_check
[5.657s] Level 1:colcon.colcon_core.environment:checking '/home/rhobtor/PHD/ARGOJ8_IA/ARGOSJ8_IA_/install/security_check' for CMake config files
[5.658s] Level 1:colcon.colcon_core.shell:create_environment_hook('security_check', 'cmake_prefix_path')
[5.658s] INFO:colcon.colcon_core.shell:Creating environment hook '/home/rhobtor/PHD/ARGOJ8_IA/ARGOSJ8_IA_/install/security_check/share/security_check/hook/cmake_prefix_path.ps1'
[5.659s] INFO:colcon.colcon_core.shell:Creating environment descriptor '/home/rhobtor/PHD/ARGOJ8_IA/ARGOSJ8_IA_/install/security_check/share/security_check/hook/cmake_prefix_path.dsv'
[5.660s] INFO:colcon.colcon_core.shell:Creating environment hook '/home/rhobtor/PHD/ARGOJ8_IA/ARGOSJ8_IA_/install/security_check/share/security_check/hook/cmake_prefix_path.sh'
[5.660s] Level 1:colcon.colcon_core.environment:checking '/home/rhobtor/PHD/ARGOJ8_IA/ARGOSJ8_IA_/install/security_check/lib'
[5.661s] Level 1:colcon.colcon_core.environment:checking '/home/rhobtor/PHD/ARGOJ8_IA/ARGOSJ8_IA_/install/security_check/bin'
[5.661s] Level 1:colcon.colcon_core.environment:checking '/home/rhobtor/PHD/ARGOJ8_IA/ARGOSJ8_IA_/install/security_check/lib/pkgconfig/security_check.pc'
[5.661s] Level 1:colcon.colcon_core.environment:checking '/home/rhobtor/PHD/ARGOJ8_IA/ARGOSJ8_IA_/install/security_check/lib/python3.10/site-packages'
[5.661s] Level 1:colcon.colcon_core.environment:checking '/home/rhobtor/PHD/ARGOJ8_IA/ARGOSJ8_IA_/install/security_check/bin'
[5.662s] INFO:colcon.colcon_core.shell:Creating package script '/home/rhobtor/PHD/ARGOJ8_IA/ARGOSJ8_IA_/install/security_check/share/security_check/package.ps1'
[5.662s] INFO:colcon.colcon_core.shell:Creating package descriptor '/home/rhobtor/PHD/ARGOJ8_IA/ARGOSJ8_IA_/install/security_check/share/security_check/package.dsv'
[5.663s] INFO:colcon.colcon_core.shell:Creating package script '/home/rhobtor/PHD/ARGOJ8_IA/ARGOSJ8_IA_/install/security_check/share/security_check/package.sh'
[5.664s] INFO:colcon.colcon_core.shell:Creating package script '/home/rhobtor/PHD/ARGOJ8_IA/ARGOSJ8_IA_/install/security_check/share/security_check/package.bash'
[5.664s] INFO:colcon.colcon_core.shell:Creating package script '/home/rhobtor/PHD/ARGOJ8_IA/ARGOSJ8_IA_/install/security_check/share/security_check/package.zsh'
[5.664s] Level 1:colcon.colcon_core.environment:create_file_with_runtime_dependencies(/home/rhobtor/PHD/ARGOJ8_IA/ARGOSJ8_IA_/install/security_check/share/colcon-core/packages/security_check)
[5.665s] Level 1:colcon.colcon_core.environment:create_environment_scripts_only(security_check)
[5.666s] Level 1:colcon.colcon_core.environment:checking '/home/rhobtor/PHD/ARGOJ8_IA/ARGOSJ8_IA_/install/security_check' for CMake module files
[5.666s] Level 1:colcon.colcon_core.environment:checking '/home/rhobtor/PHD/ARGOJ8_IA/ARGOSJ8_IA_/install/security_check' for CMake config files
[5.667s] Level 1:colcon.colcon_core.shell:create_environment_hook('security_check', 'cmake_prefix_path')
[5.667s] INFO:colcon.colcon_core.shell:Creating environment hook '/home/rhobtor/PHD/ARGOJ8_IA/ARGOSJ8_IA_/install/security_check/share/security_check/hook/cmake_prefix_path.ps1'
[5.667s] INFO:colcon.colcon_core.shell:Creating environment descriptor '/home/rhobtor/PHD/ARGOJ8_IA/ARGOSJ8_IA_/install/security_check/share/security_check/hook/cmake_prefix_path.dsv'
[5.668s] INFO:colcon.colcon_core.shell:Creating environment hook '/home/rhobtor/PHD/ARGOJ8_IA/ARGOSJ8_IA_/install/security_check/share/security_check/hook/cmake_prefix_path.sh'
[5.669s] Level 1:colcon.colcon_core.environment:checking '/home/rhobtor/PHD/ARGOJ8_IA/ARGOSJ8_IA_/install/security_check/lib'
[5.669s] Level 1:colcon.colcon_core.environment:checking '/home/rhobtor/PHD/ARGOJ8_IA/ARGOSJ8_IA_/install/security_check/bin'
[5.669s] Level 1:colcon.colcon_core.environment:checking '/home/rhobtor/PHD/ARGOJ8_IA/ARGOSJ8_IA_/install/security_check/lib/pkgconfig/security_check.pc'
[5.669s] Level 1:colcon.colcon_core.environment:checking '/home/rhobtor/PHD/ARGOJ8_IA/ARGOSJ8_IA_/install/security_check/lib/python3.10/site-packages'
[5.669s] Level 1:colcon.colcon_core.environment:checking '/home/rhobtor/PHD/ARGOJ8_IA/ARGOSJ8_IA_/install/security_check/bin'
[5.670s] INFO:colcon.colcon_core.shell:Creating package script '/home/rhobtor/PHD/ARGOJ8_IA/ARGOSJ8_IA_/install/security_check/share/security_check/package.ps1'
[5.670s] INFO:colcon.colcon_core.shell:Creating package descriptor '/home/rhobtor/PHD/ARGOJ8_IA/ARGOSJ8_IA_/install/security_check/share/security_check/package.dsv'
[5.671s] INFO:colcon.colcon_core.shell:Creating package script '/home/rhobtor/PHD/ARGOJ8_IA/ARGOSJ8_IA_/install/security_check/share/security_check/package.sh'
[5.671s] INFO:colcon.colcon_core.shell:Creating package script '/home/rhobtor/PHD/ARGOJ8_IA/ARGOSJ8_IA_/install/security_check/share/security_check/package.bash'
[5.672s] INFO:colcon.colcon_core.shell:Creating package script '/home/rhobtor/PHD/ARGOJ8_IA/ARGOSJ8_IA_/install/security_check/share/security_check/package.zsh'
[5.672s] Level 1:colcon.colcon_core.environment:create_file_with_runtime_dependencies(/home/rhobtor/PHD/ARGOJ8_IA/ARGOSJ8_IA_/install/security_check/share/colcon-core/packages/security_check)
[5.751s] Level 1:colcon.colcon_core.environment:checking '/home/rhobtor/PHD/ARGOJ8_IA/ARGOSJ8_IA_/install/car' for CMake module files
[5.754s] DEBUG:colcon.colcon_core.event_handler.log_command:Invoked command in '/home/rhobtor/PHD/ARGOJ8_IA/ARGOSJ8_IA_/src/car_python' returned '0': CMAKE_PREFIX_PATH=/home/rhobtor/PHD/ARGOJ8_IA/ARGOSJ8_IA_/install/car_interfaces:/home/rhobtor/PHD/ARGOJ8_IA/ARGOSJ8_IA_/install/wiimote_msgs:/home/rhobtor/PHD/ARGOJ8_IA/ARGOSJ8_IA_/install/ublox:/home/rhobtor/PHD/ARGOJ8_IA/ARGOSJ8_IA_/install/ublox_gps:/home/rhobtor/PHD/ARGOJ8_IA/ARGOSJ8_IA_/install/security_check:/home/rhobtor/PHD/ARGOJ8_IA/ARGOSJ8_IA_/install/ctl_mission:/home/rhobtor/PHD/ARGOJ8_IA/ARGOSJ8_IA_/install/ublox_msgs:/home/rhobtor/PHD/ARGOJ8_IA/ARGOSJ8_IA_/install/ublox_serialization:/home/rhobtor/PHD/ARGOJ8_IA/ARGOSJ8_IA_/install/spacenav:/home/rhobtor/PHD/ARGOJ8_IA/ARGOSJ8_IA_/install/laser_segmentation:/home/rhobtor/PHD/ARGOJ8_IA/ARGOSJ8_IA_/install/slg_msgs:/home/rhobtor/PHD/ARGOJ8_IA/ARGOSJ8_IA_/install/security_check_interfaces:/home/rhobtor/PHD/ARGOJ8_IA/ARGOSJ8_IA_/install/joy:/home/rhobtor/PHD/ARGOJ8_IA/ARGOSJ8_IA_/install/sdl2_vendor:/home/rhobtor/PHD/ARGOJ8_IA/ARGOSJ8_IA_/install/path_manager:/home/rhobtor/PHD/ARGOJ8_IA/ARGOSJ8_IA_/install/path_manager_interfaces:/home/rhobtor/PHD/ARGOJ8_IA/ARGOSJ8_IA_/install/octomap_rviz_plugins:/home/rhobtor/PHD/ARGOJ8_IA/ARGOSJ8_IA_/install/joy_linux:/home/rhobtor/PHD/ARGOJ8_IA/ARGOSJ8_IA_/install/j8_xacro_model:/home/rhobtor/PHD/ARGOJ8_IA/ARGOSJ8_IA_/install/hector_gazebo_plugins:/home/rhobtor/PHD/ARGOJ8_IA/ARGOSJ8_IA_/install/fixposition_sensor_pkg:/home/rhobtor/PHD/ARGOJ8_IA/ARGOSJ8_IA_/install/fixposition_odometry_converter_ros2:/home/rhobtor/PHD/ARGOJ8_IA/ARGOSJ8_IA_/install/fixposition_driver_ros2:/home/rhobtor/PHD/ARGOJ8_IA/ARGOSJ8_IA_/install/fixposition_driver_lib:/home/rhobtor/PHD/ARGOJ8_IA/ARGOSJ8_IA_/install/fixposition_gnss_tf:/home/rhobtor/PHD/ARGOJ8_IA/ARGOSJ8_IA_/install/ctl_mission_interfaces:/home/rhobtor/PHD/ARGOJ8_IA/ARGOSJ8_IA_/install/car_cpp:/home/rhobtor/PHD/ARGOJ8_IA/ARGOSJ8_IA_/install/argj801_setup:/home/rhobtor/PHD/ARGOJ8_IA/ARGOSJ8_IA_/install/argj801_sensors:/home/rhobtor/PHD/ARGOJ8_IA/ARGOSJ8_IA_/install/argj801_sensors_msgs:/home/rhobtor/PHD/ARGOJ8_IA/ARGOSJ8_IA_/install/argj801_ctl_platform:/home/rhobtor/PHD/ARGOJ8_IA/ARGOSJ8_IA_/install/argj801_ctl_platform_interfaces:/home/rhobtor/zed/install/zed_ros2:/home/rhobtor/zed/install/zed_wrapper:/home/rhobtor/zed/install/zed_components:/home/rhobtor/zed/install/zed_interfaces:/home/rhobtor/PHD/reactive/Reactive-Navegation/workspace_full_conected/install/octomap_mapping:/home/rhobtor/PHD/reactive/Reactive-Navegation/workspace_full_conected/install/octomap_server:/home/rhobtor/PHD/reactive/Reactive-Navegation/workspace_full_conected/install/octomap_rviz_plugins:/home/rhobtor/PHD/reactive/Reactive-Navegation/workspace_full_conected/install/hector_gazebo_plugins:/home/rhobtor/PHD/reactive/Reactive-Navegation/workspace_full_conected/install/car_cpp:/home/rhobtor/PHD/reactive/Reactive-Navegation/workspace_full_conected/install/car_interfaces LD_LIBRARY_PATH=/home/rhobtor/PHD/ARGOJ8_IA/ARGOSJ8_IA_/install/car_interfaces/lib:/home/rhobtor/PHD/ARGOJ8_IA/ARGOSJ8_IA_/install/wiimote_msgs/lib:/home/rhobtor/PHD/ARGOJ8_IA/ARGOSJ8_IA_/install/ublox_gps/lib:/home/rhobtor/PHD/ARGOJ8_IA/ARGOSJ8_IA_/install/ublox_msgs/lib:/home/rhobtor/PHD/ARGOJ8_IA/ARGOSJ8_IA_/install/spacenav/lib:/home/rhobtor/PHD/ARGOJ8_IA/ARGOSJ8_IA_/install/laser_segmentation/lib:/home/rhobtor/PHD/ARGOJ8_IA/ARGOSJ8_IA_/install/slg_msgs/lib:/home/rhobtor/PHD/ARGOJ8_IA/ARGOSJ8_IA_/install/security_check_interfaces/lib:/home/rhobtor/PHD/ARGOJ8_IA/ARGOSJ8_IA_/install/joy/lib:/home/rhobtor/PHD/ARGOJ8_IA/ARGOSJ8_IA_/install/path_manager_interfaces/lib:/home/rhobtor/PHD/ARGOJ8_IA/ARGOSJ8_IA_/install/octomap_rviz_plugins/lib:/home/rhobtor/PHD/ARGOJ8_IA/ARGOSJ8_IA_/install/j8_xacro_model/lib:/home/rhobtor/PHD/ARGOJ8_IA/ARGOSJ8_IA_/install/hector_gazebo_plugins/lib:/home/rhobtor/PHD/ARGOJ8_IA/ARGOSJ8_IA_/install/fixposition_sensor_pkg/lib:/home/rhobtor/PHD/ARGOJ8_IA/ARGOSJ8_IA_/install/fixposition_odometry_converter_ros2/lib:/home/rhobtor/PHD/ARGOJ8_IA/ARGOSJ8_IA_/install/fixposition_driver_ros2/lib:/home/rhobtor/PHD/ARGOJ8_IA/ARGOSJ8_IA_/install/fixposition_driver_lib/lib:/home/rhobtor/PHD/ARGOJ8_IA/ARGOSJ8_IA_/install/fixposition_gnss_tf/lib:/home/rhobtor/PHD/ARGOJ8_IA/ARGOSJ8_IA_/install/ctl_mission_interfaces/lib:/home/rhobtor/PHD/ARGOJ8_IA/ARGOSJ8_IA_/install/car_cpp/lib:/home/rhobtor/PHD/ARGOJ8_IA/ARGOSJ8_IA_/install/argj801_sensors_msgs/lib:/home/rhobtor/PHD/ARGOJ8_IA/ARGOSJ8_IA_/install/argj801_ctl_platform_interfaces/lib:/usr/local/cuda/lib64:/usr/local/cuda/lib64:/usr/local/cuda-12.1/lib64:/usr/local/cuda-11.8/lib64:/home/rhobtor/zed/install/zed_components/lib:/home/rhobtor/zed/install/zed_interfaces/lib:/home/rhobtor/PHD/reactive/Reactive-Navegation/workspace_full_conected/install/octomap_server/lib:/home/rhobtor/PHD/reactive/Reactive-Navegation/workspace_full_conected/install/octomap_rviz_plugins/lib:/home/rhobtor/PHD/reactive/Reactive-Navegation/workspace_full_conected/install/hector_gazebo_plugins/lib:/home/rhobtor/PHD/reactive/Reactive-Navegation/workspace_full_conected/install/car_cpp/lib:/home/rhobtor/PHD/reactive/Reactive-Navegation/workspace_full_conected/install/car_interfaces/lib:/usr/lib/x86_64-linux-gnu/gazebo-11/plugins:/opt/ros/humble/opt/rviz_ogre_vendor/lib:/opt/ros/humble/lib/x86_64-linux-gnu:/opt/ros/humble/lib PYTHONPATH=/home/rhobtor/PHD/ARGOJ8_IA/ARGOSJ8_IA_/build/car/prefix_override:/usr/lib/python3/dist-packages/colcon_core/task/python/colcon_distutils_commands:/home/rhobtor/PHD/ARGOJ8_IA/ARGOSJ8_IA_/install/car/lib/python3.10/site-packages:${PYTHONPATH} /usr/bin/python3 -W ignore:setup.py install is deprecated -W ignore:easy_install command is deprecated setup.py egg_info --egg-base ../../build/car build --build-base /home/rhobtor/PHD/ARGOJ8_IA/ARGOSJ8_IA_/build/car/build install --record /home/rhobtor/PHD/ARGOJ8_IA/ARGOSJ8_IA_/build/car/install.log --single-version-externally-managed install_data
[5.754s] Level 1:colcon.colcon_core.environment:checking '/home/rhobtor/PHD/ARGOJ8_IA/ARGOSJ8_IA_/install/car' for CMake config files
[5.757s] Level 1:colcon.colcon_core.environment:checking '/home/rhobtor/PHD/ARGOJ8_IA/ARGOSJ8_IA_/install/car/lib'
[5.758s] Level 1:colcon.colcon_core.environment:checking '/home/rhobtor/PHD/ARGOJ8_IA/ARGOSJ8_IA_/install/car/bin'
[5.758s] Level 1:colcon.colcon_core.environment:checking '/home/rhobtor/PHD/ARGOJ8_IA/ARGOSJ8_IA_/install/car/lib/pkgconfig/car.pc'
[5.758s] Level 1:colcon.colcon_core.environment:checking '/home/rhobtor/PHD/ARGOJ8_IA/ARGOSJ8_IA_/install/car/lib/python3.10/site-packages'
[5.758s] Level 1:colcon.colcon_core.shell:create_environment_hook('car', 'pythonpath')
[5.759s] INFO:colcon.colcon_core.shell:Creating environment hook '/home/rhobtor/PHD/ARGOJ8_IA/ARGOSJ8_IA_/install/car/share/car/hook/pythonpath.ps1'
[5.760s] INFO:colcon.colcon_core.shell:Creating environment descriptor '/home/rhobtor/PHD/ARGOJ8_IA/ARGOSJ8_IA_/install/car/share/car/hook/pythonpath.dsv'
[5.760s] INFO:colcon.colcon_core.shell:Creating environment hook '/home/rhobtor/PHD/ARGOJ8_IA/ARGOSJ8_IA_/install/car/share/car/hook/pythonpath.sh'
[5.761s] Level 1:colcon.colcon_core.environment:checking '/home/rhobtor/PHD/ARGOJ8_IA/ARGOSJ8_IA_/install/car/bin'
[5.761s] Level 1:colcon.colcon_core.environment:create_environment_scripts_only(car)
[5.761s] INFO:colcon.colcon_core.shell:Creating package script '/home/rhobtor/PHD/ARGOJ8_IA/ARGOSJ8_IA_/install/car/share/car/package.ps1'
[5.762s] INFO:colcon.colcon_core.shell:Creating package descriptor '/home/rhobtor/PHD/ARGOJ8_IA/ARGOSJ8_IA_/install/car/share/car/package.dsv'
[5.762s] INFO:colcon.colcon_core.shell:Creating package script '/home/rhobtor/PHD/ARGOJ8_IA/ARGOSJ8_IA_/install/car/share/car/package.sh'
[5.762s] INFO:colcon.colcon_core.shell:Creating package script '/home/rhobtor/PHD/ARGOJ8_IA/ARGOSJ8_IA_/install/car/share/car/package.bash'
[5.763s] INFO:colcon.colcon_core.shell:Creating package script '/home/rhobtor/PHD/ARGOJ8_IA/ARGOSJ8_IA_/install/car/share/car/package.zsh'
[5.763s] Level 1:colcon.colcon_core.environment:create_file_with_runtime_dependencies(/home/rhobtor/PHD/ARGOJ8_IA/ARGOSJ8_IA_/install/car/share/colcon-core/packages/car)
[5.763s] DEBUG:colcon.colcon_parallel_executor.executor.parallel:closing loop
[5.764s] DEBUG:colcon.colcon_parallel_executor.executor.parallel:loop closed
[5.764s] DEBUG:colcon.colcon_parallel_executor.executor.parallel:run_until_complete finished with '0'
[5.764s] DEBUG:colcon.colcon_core.event_reactor:joining thread
[5.775s] INFO:colcon.colcon_core.plugin_system:Skipping extension 'colcon_notification.desktop_notification.terminal_notifier': Not used on non-Darwin systems
[5.776s] INFO:colcon.colcon_core.plugin_system:Skipping extension 'colcon_notification.desktop_notification.win32': Not used on non-Windows systems
[5.776s] INFO:colcon.colcon_notification.desktop_notification:Sending desktop notification using 'notify2'
[5.830s] DEBUG:colcon.colcon_core.event_reactor:joined thread
[5.830s] INFO:colcon.colcon_core.shell:Creating prefix script '/home/rhobtor/PHD/ARGOJ8_IA/ARGOSJ8_IA_/install/local_setup.ps1'
[5.832s] INFO:colcon.colcon_core.shell:Creating prefix util module '/home/rhobtor/PHD/ARGOJ8_IA/ARGOSJ8_IA_/install/_local_setup_util_ps1.py'
[5.834s] INFO:colcon.colcon_core.shell:Creating prefix chain script '/home/rhobtor/PHD/ARGOJ8_IA/ARGOSJ8_IA_/install/setup.ps1'
[5.845s] INFO:colcon.colcon_core.shell:Creating prefix script '/home/rhobtor/PHD/ARGOJ8_IA/ARGOSJ8_IA_/install/local_setup.sh'
[5.846s] INFO:colcon.colcon_core.shell:Creating prefix util module '/home/rhobtor/PHD/ARGOJ8_IA/ARGOSJ8_IA_/install/_local_setup_util_sh.py'
[5.846s] INFO:colcon.colcon_core.shell:Creating prefix chain script '/home/rhobtor/PHD/ARGOJ8_IA/ARGOSJ8_IA_/install/setup.sh'
[5.849s] INFO:colcon.colcon_core.shell:Creating prefix script '/home/rhobtor/PHD/ARGOJ8_IA/ARGOSJ8_IA_/install/local_setup.bash'
[5.850s] INFO:colcon.colcon_core.shell:Creating prefix chain script '/home/rhobtor/PHD/ARGOJ8_IA/ARGOSJ8_IA_/install/setup.bash'
[5.852s] INFO:colcon.colcon_core.shell:Creating prefix script '/home/rhobtor/PHD/ARGOJ8_IA/ARGOSJ8_IA_/install/local_setup.zsh'
[5.853s] INFO:colcon.colcon_core.shell:Creating prefix chain script '/home/rhobtor/PHD/ARGOJ8_IA/ARGOSJ8_IA_/install/setup.zsh'
