t_s,x,y,yaw,goal_x,goal_y,wp_idx,wp_change,d_wp,abs_dtheta,omega,cum_Sw,cum_Zw
1.01018624,-4.839787483215332,-0.21122324466705322,0.03413131395124065,8.248567581176758,6.345767498016357,1,0,14.638960546815952,0.4302991706504615,0.0,0.0,0
1.154552064,-4.83978796005249,-0.21122363209724426,0.03413175878319883,8.248567581176758,6.345767498016357,1,0,14.63896114668028,0.43029873489089976,0.0,0.0,0
1.2587136,-4.839787483215332,-0.2112232744693756,0.03413152063270026,8.248567581176758,6.345767498016357,1,0,14.63896056016482,0.43029896578918336,0.0,0.0,0
1.356657152,-4.839787483215332,-0.21122342348098755,0.03413160999988129,8.248567581176758,6.345767498016357,1,0,14.638960626909162,0.43029888552290974,0.0,0.0,0
1.459285504,-4.839787483215332,-0.21122333407402039,0.03413187833091144,8.248567581176758,6.345767498016357,1,0,14.638960586862558,0.43029861173133543,0.0,0.0,0
1.559065856,-4.839787483215332,-0.21122336387634277,0.0341318744559174,8.248567581176758,6.345767498016357,1,0,14.638960600211425,0.4302986174265109,0.0,0.0,0
1.663476224,-4.839788436889648,-0.21122384071350098,0.03413220795348446,8.248567581176758,6.345767498016357,1,0,14.638961666451397,0.43029828387192204,0.0,0.0,0
1.797058048,-4.83978796005249,-0.21122342348098755,0.03413181868599959,8.248567581176758,6.345767498016357,1,0,14.638961053238203,0.430298662246829,0.0,0.0,0
1.865934848,-4.839788436889648,-0.21122366189956665,0.0341319974300797,8.248567581176758,6.345767498016357,1,0,14.63896158635819,0.4302984834742385,0.0,0.0,0
1.971431936,-4.839788436889648,-0.21122387051582336,0.0341324185602283,8.248567581176758,6.345767498016357,1,0,14.638961679800266,0.43029807508535933,0.0,0.0,0
2.083549184,-4.83978796005249,-0.21122366189956665,0.03413226576109772,8.248567581176758,6.345767498016357,1,0,14.638961160029147,0.4302982297331823,0.0,0.0,0
2.209979392,-4.839787483215332,-0.21122369170188904,0.03413235718279176,8.248567581176758,6.345767498016357,1,0,14.638960747048978,0.43029815472163246,0.0,0.0,0
2.31062912,-4.839787483215332,-0.2112238109111786,0.03413247639183193,8.248567581176758,6.345767498016357,1,0,14.638960800444453,0.4302980427933183,0.0,0.0,0
2.41135488,-4.83978796005249,-0.21122387051582336,0.034132381092576054,8.248567581176758,6.345767498016357,1,0,14.638961253471228,0.430298127142974,0.0,0.0,0
2.549576192,-4.83978796005249,-0.21122407913208008,0.03413259533339647,8.248567581176758,6.345767498016357,1,0,14.638961346913309,0.4302979256434232,0.0,0.0,0
2.659708416,-4.83978796005249,-0.2112237811088562,0.034132172509223645,8.248567581176758,6.345767498016357,1,0,14.638961213424622,0.4302983302657819,0.0,0.0,0
2.775938304,-4.839788436889648,-0.2112242579460144,0.03413342807045476,8.248567581176758,6.345767498016357,1,0,14.638961853335557,0.4302970892374902,0.0,0.0,0
2.861785088,-4.839788436889648,-0.21122398972511292,0.034133312557470805,8.248567581176758,6.345767498016357,1,0,14.638961733195739,0.43029718836884223,0.0,0.0,0
2.97163136,-4.839788436889648,-0.21122395992279053,0.0341332493167204,8.248567581176758,6.345767498016357,1,0,14.63896171984687,0.4302972497894113,0.0,0.0,0
3.110451712,-4.83978796005249,-0.21122419834136963,0.03413327903900937,8.248567581176758,6.345767498016357,1,0,14.638961400308785,0.4302972492185355,0.0,0.0,0
3.209993728,-4.839788436889648,-0.2112242579460144,0.03413339837206053,8.248567581176758,6.345767498016357,1,0,14.638961853335557,0.4302971189358846,0.0,0.0,0
3.311242752,-4.839788436889648,-0.2112242579460144,0.03413363884928641,8.248567581176758,6.345767498016357,1,0,14.638961853335557,0.4302968784586585,0.0,0.0,0
3.410417152,-4.839788436889648,-0.2112244963645935,0.03413414364843769,8.248567581176758,6.345767498016357,1,0,14.63896196012651,0.4302963882209574,0.0,0.0,0
3.522855424,-4.839788436889648,-0.21122431755065918,0.03413363880397461,8.248567581176758,6.345767498016357,1,0,14.638961880033296,0.4302968821443329,0.0,0.0,0
3.624869632,-4.83978796005249,-0.21122336387634277,0.034132563088826604,8.248567581176758,6.345767498016357,1,0,14.638961026540468,0.4302979142036394,0.0,0.0,0
3.722914816,-4.83978796005249,-0.21122336387634277,0.034132473511562476,8.248567581176758,6.345767498016357,1,0,14.638961026540468,0.4302980037809032,0.0,0.0,0
3.865050624,-4.83978796005249,-0.21122339367866516,0.034132503460526875,8.248567581176758,6.345767498016357,1,0,14.638961039889335,0.43029797565212036,0.0,0.0,0
3.952993792,-4.83978796005249,-0.2112235426902771,0.03413277179150505,8.248567581176758,6.345767498016357,1,0,14.638961106633674,0.43029771642204917,0.0,0.0,0
4.076079104,-4.83978796005249,-0.2112235128879547,0.03413277165789085,8.248567581176758,6.345767498016357,1,0,14.638961093284808,0.4302977147354823,0.0,0.0,0
4.176361216,-4.83978796005249,-0.2112235724925995,0.03413315925743206,8.248567581176758,6.345767498016357,1,0,14.638961119982543,0.4302973307763036,0.0,0.0,0
4.310386688,-4.839788436889648,-0.21122372150421143,0.03413357870788791,8.248567581176758,6.345767498016357,1,0,14.638961613055924,0.4302969058367929,0.0,0.0,0
4.412695552,-4.839788913726807,-0.2112237513065338,0.03413363832423464,8.248567581176758,6.345767498016357,1,0,14.638962052733838,0.4302968334506665,0.0,0.0,0
4.512839424,-4.839788436889648,-0.21122384071350098,0.034133520630203196,8.248567581176758,6.345767498016357,1,0,14.638961666451397,0.43029697119520316,0.0,0.0,0
4.610647552,-4.839788436889648,-0.21122363209724426,0.0341333698596597,8.248567581176758,6.345767498016357,1,0,14.638961573009322,0.43029710922447695,0.0,0.0,0
4.710816,-4.839788436889648,-0.21122407913208008,0.03413280479236669,8.248567581176758,6.345767498016357,1,0,14.638961773242345,0.43029770159449043,0.0,0.0,0
4.828125952,-4.839788436889648,-0.2112244963645935,0.03413214500133348,8.248567581176758,6.345767498016357,1,0,14.63896196012651,0.43029838686806166,0.0,0.0,0
4.929889536,-4.839788436889648,-0.21122443675994873,0.03413178748898509,8.248567581176758,6.345767498016357,1,0,14.63896193342877,0.4302987407400476,0.0,0.0,0
5.08279936,-4.839788436889648,-0.21122485399246216,0.034132085239481746,8.248567581176758,6.345767498016357,1,0,14.638962120312945,0.43029846847208875,0.0,0.0,0
5.180397568,-4.83978796005249,-0.21122485399246216,0.034131906516697834,8.248567581176758,6.345767498016357,1,0,14.638961693983918,0.43029866178483633,0.0,0.0,0
5.285188608,-4.839788436889648,-0.2112247347831726,0.03413175764263808,8.248567581176758,6.345767498016357,1,0,14.638962066917465,0.43029878878820726,0.0,0.0,0
5.404510976,-4.83978796005249,-0.21122509241104126,0.034131996027113524,8.248567581176758,6.345767498016357,1,0,14.638961800774881,0.43029858683587063,0.0,0.0,0
5.512032,-4.839788436889648,-0.21122518181800842,0.03413208548983647,8.248567581176758,6.345767498016357,1,0,14.638962267150516,0.4302984882437273,0.0,0.0,0
5.634807552,-4.839788436889648,-0.21122533082962036,0.034133039535653546,8.248567581176758,6.345767498016357,1,0,14.638962333894868,0.4302975432988161,0.0,0.0,0
5.735984896,-4.839788436889648,-0.2112254500389099,0.034133072975489,8.248567581176758,6.345767498016357,1,0,14.63896238729035,0.43029751713970565,0.0,0.0,0
5.833387776,-4.839788436889648,-0.21122542023658752,0.03413280091751941,8.248567581176758,6.345767498016357,1,0,14.63896237394148,0.4302977873774938,0.0,0.0,0
5.934118656,-4.839788436889648,-0.21122515201568604,0.03413283077103526,8.248567581176758,6.345767498016357,1,0,14.638962253801646,0.4302977411423474,0.0,0.0,0
6.036215296,-4.839788436889648,-0.2112255096435547,0.03413327794876732,8.248567581176758,6.345767498016357,1,0,14.638962413988093,0.43029731580678954,0.0,0.0,0
6.167987712,-4.839788913726807,-0.21122556924819946,0.034133397014669414,8.248567581176758,6.345767498016357,1,0,14.638962867014854,0.4302971857912863,0.0,0.0,0
6.25387904,-4.839788913726807,-0.21122562885284424,0.034134231791922834,8.248567581176758,6.345767498016357,1,0,14.638962893712597,0.430296354654395,0.0,0.0,0
6.361078528,-4.839788913726807,-0.21122586727142334,0.03413417219222771,8.248567581176758,6.345767498016357,1,0,14.638963000503564,0.43029642881553887,0.0,0.0,0
6.486432,-4.839788913726807,-0.2112257480621338,0.03413390589449241,8.248567581176758,6.345767498016357,1,0,14.63896294710808,0.4302966878325498,0.0,0.0,0
6.602995712,-4.839789390563965,-0.21122592687606812,0.034134947017086095,8.248567581176758,6.345767498016357,1,0,14.638963453530325,0.4302956430410796,0.0,0.0,0
6.695945728,-4.839789390563965,-0.21122604608535767,0.03413473855267365,8.248567581176758,6.345767498016357,1,0,14.638963506925808,0.430295858786216,0.0,0.0,0
6.85495424,-4.839789390563965,-0.2112259864807129,0.03413467890535521,8.248567581176758,6.345767498016357,1,0,14.638963480228066,0.4302959147931724,0.0,0.0,0
6.982089472,-4.839789867401123,-0.21122631430625916,0.03413533482149337,8.248567581176758,6.345767498016357,1,0,14.638964053394666,0.4302952643090623,0.0,0.0,0
7.088060416,-4.839789867401123,-0.2112264335155487,0.03413631861344909,8.248567581176758,6.345767498016357,1,0,14.63896410679015,0.4302942877978304,0.0,0.0,0
7.187450624,-4.839789867401123,-0.21122649312019348,0.03413637617975944,8.248567581176758,6.345767498016357,1,0,14.638964133487892,0.43029423387188226,0.0,0.0,0
7.290632704,-4.839790344238281,-0.21122652292251587,0.03413696862126977,8.248567581176758,6.345767498016357,1,0,14.638964573165781,0.4302936286605905,0.0,0.0,0
7.390445056,-4.8397908210754395,-0.21122673153877258,0.03413718286997285,8.248567581176758,6.345767498016357,1,0,14.638965092936898,0.4302934125631914,0.0,0.0,0
7.511493888,-4.8397908210754395,-0.2112269401550293,0.03413789653112512,8.248567581176758,6.345767498016357,1,0,14.638965186378995,0.4302927116433053,0.0,0.0,0
7.61023488,-4.8397908210754395,-0.21122682094573975,0.03413793017583587,8.248567581176758,6.345767498016357,1,0,14.63896513298351,0.43029267071787114,0.0,0.0,0
7.687225344,-4.8397908210754395,-0.21122688055038452,0.03413798809127909,8.248567581176758,6.345767498016357,1,0,14.638965159681252,0.4302926164427894,0.0,0.0,0
7.795567872,-4.839791297912598,-0.21122705936431885,0.03413858213115633,8.248567581176758,6.345767498016357,1,0,14.638965666103497,0.4302920187340358,0.0,0.0,0
7.896410624,-4.839791297912598,-0.2112272083759308,0.03413891020963394,8.248567581176758,6.345767498016357,1,0,14.638965732847852,0.4302916997564621,0.0,0.0,0
8.012129536,-4.839791297912598,-0.21122705936431885,0.0341391524501993,8.248567581176758,6.345767498016357,1,0,14.638965666103497,0.43029144841499267,0.0,0.0,0
8.151046912,-4.839791297912598,-0.21122729778289795,0.03413942079764562,8.248567581176758,6.345767498016357,1,0,14.638965772894466,0.43029119462899246,0.0,0.0,0
8.249586432,-4.839791774749756,-0.21122711896896362,0.034139389148239496,8.248567581176758,6.345767498016357,1,0,14.638966119130258,0.4302912007673534,0.0,0.0,0
8.34801664,-4.839791774749756,-0.21122726798057556,0.03414031150025783,8.248567581176758,6.345767498016357,1,0,14.638966185874612,0.43029028751623866,0.0,0.0,0
8.448884224,-4.839791297912598,-0.21122682094573975,0.034139510470189344,8.248567581176758,6.345767498016357,1,0,14.63896555931253,0.43029107583355675,0.0,0.0,0
8.541285376,-4.8397908210754395,-0.21122652292251587,0.03413927023213038,8.248567581176758,6.345767498016357,1,0,14.638964999494801,0.43029131245976826,0.0,0.0,0
8.694020352,-4.8397650718688965,-0.2098550796508789,0.03398581391959941,8.248567581176758,6.345767498016357,1,0,14.638327739793283,0.4303617919353173,0.0,0.0,0
8.774074624,-4.840084075927734,-0.20974278450012207,0.03480091595059821,8.248567581176758,6.345767498016357,1,0,14.638562677571985,0.429530071653768,0.0,0.0,0
8.901143552,-4.839828968048096,-0.20973849296569824,0.034329732646943,8.248567581176758,6.345767498016357,1,0,14.638332658727315,0.4300087972414799,0.0,0.0,0
9.010141952,-4.839900016784668,-0.20972555875778198,0.03450721451560407,8.248567581176758,6.345767498016357,1,0,14.638390392399709,0.4298283517568242,0.0,0.0,0
9.112980736,-4.83987283706665,-0.2097243070602417,0.034465123028238204,8.248567581176758,6.345767498016357,1,0,14.638365529946782,0.42987119829392606,0.0,0.0,0
9.23290496,-4.839880466461182,-0.20972368121147156,0.0344775449695468,8.248567581176758,6.345767498016357,1,0,14.638372071260221,0.42985850472055853,0.0,0.0,0
9.359986432,-4.839877128601074,-0.20972353219985962,0.03447293081736944,8.248567581176758,6.345767498016357,1,0,14.638369020084054,0.4298632118856429,0.0,0.0,0
9.44467456,-4.839878559112549,-0.2097231149673462,0.03447438913859569,8.248567581176758,6.345767498016357,1,0,14.638370112282702,0.4298616843162333,0.0,0.0,0
9.540663552,-4.839853286743164,-0.20972716808319092,0.034429491816428764,8.248567581176758,6.345767498016357,1,0,14.638349330886365,0.4299076023597026,0.0,0.0,0
9.652148224,-4.83969259262085,-0.20986530184745789,0.03426930631110822,8.248567581176758,6.345767498016357,1,0,14.63826751305177,0.43008114133396,0.0,0.0,0
9.77192704,-4.8392333984375,-0.21082881093025208,0.033754209266796426,8.248567581176758,6.345767498016357,1,0,14.638288480573275,0.4306691384417376,0.0,0.0,0
9.884919808,-4.839332103729248,-0.2095063030719757,0.03416573624661007,8.248567581176758,6.345767498016357,1,0,14.637784421468908,0.43017381198692295,0.0,0.0,0
9.988628224,-4.839051246643066,-0.21059119701385498,0.03438040544042314,8.248567581176758,6.345767498016357,1,0,14.638019193873268,0.4300340026206104,0.0,0.0,0
10.09960064,-4.839105129241943,-0.2100745439529419,0.03502163330703806,8.248567581176758,6.345767498016357,1,0,14.637835968963806,0.4293595686695766,0.0,0.0,0
10.200614912,-4.838994979858398,-0.20909100770950317,0.03513919621242037,8.248567581176758,6.345767498016357,1,0,14.637297012054368,0.42918529815701234,0.0,0.0,0
10.300851712,-4.838409900665283,-0.209814190864563,0.03475816095610334,8.248567581176758,6.345767498016357,1,0,14.637097761845805,0.42962841027854637,0.0,0.0,0
10.4498816,-4.83872652053833,-0.20993992686271667,0.03580793995096169,8.248567581176758,6.345767498016357,1,0,14.637437164524435,0.42857662370342586,0.0,0.0,0
10.565969408,-4.838288307189941,-0.20920446515083313,0.03546012560031375,8.248567581176758,6.345767498016357,1,0,14.63671597322248,0.4288929206958416,0.0,0.0,0
10.670483712,-4.837528228759766,-0.20886361598968506,0.0345477669157798,8.248567581176758,6.345767498016357,1,0,14.635883731006281,0.429807714474427,0.0,0.0,0
10.768947456,-4.837578773498535,-0.20903000235557556,0.03546079699617187,8.248567581176758,6.345767498016357,1,0,14.636003439698408,0.4289033022854931,0.0,0.0,0
10.8646144,-4.837846755981445,-0.20920437574386597,0.036285517935049895,8.248567581176758,6.345767498016357,1,0,14.636321138509068,0.42808103355239613,0.0,0.0,0
10.956711936,-4.837846279144287,-0.208246111869812,0.036366168523980884,8.248567581176758,6.345767498016357,1,0,14.63589157250681,0.4279418572915974,0.0,0.0,0
11.060586752,-4.836800575256348,-0.20875412225723267,0.034891572116706814,8.248567581176758,6.345767498016357,1,0,14.635184093820872,0.4294794866436731,0.0,0.0,0
11.197666816,-4.836146354675293,-0.2085874080657959,0.033752888968184507,8.248567581176758,6.345767498016357,1,0,14.6345244889598,0.4306280054285758,0.0,0.0,0
11.27184,-4.838099479675293,-0.20843786001205444,0.03742090923141921,8.248567581176758,6.345767498016357,1,0,14.636203832852233,0.4268910837209816,0.0,0.0,0
11.4103744,-4.836855888366699,-0.20837947726249695,0.03529619283909403,8.248567581176758,6.345767498016357,1,0,14.635065765169479,0.4290502849636635,0.0,0.0,0
11.509972224,-4.837942600250244,-0.20827960968017578,0.03723720795414858,8.248567581176758,6.345767498016357,1,0,14.635992696721937,0.4270699172363095,0.0,0.0,0
11.610371072,-4.836923122406006,-0.20791172981262207,0.0353909926784279,8.248567581176758,6.345767498016357,1,0,14.634916411610556,0.4289248508707568,0.0,0.0,0
11.71115392,-4.838135719299316,-0.20798102021217346,0.03765780285754718,8.248567581176758,6.345767498016357,1,0,14.636031665546302,0.4266251724959771,0.0,0.0,0
11.845424384,-4.838141918182373,-0.2077663242816925,0.03754383733493262,8.248567581176758,6.345767498016357,1,0,14.635941072600046,0.42672583210402015,0.0,0.0,0
11.945610752,-4.838204860687256,-0.20762169361114502,0.037378498705299884,8.248567581176758,6.345767498016357,1,0,14.635932592153859,0.4268804091985121,0.0,0.0,0
12.048063488,-4.836341381072998,-0.20723778009414673,0.033494195944410804,8.248567581176758,6.345767498016357,1,0,14.634094462087775,0.430798271567399,0.0,0.0,0
12.196759808,-4.8380608558654785,-0.20699197053909302,0.03650708557565207,8.248567581176758,6.345767498016357,1,0,14.635521873235188,0.42771775524502464,0.0,0.0,0
12.284450816,-4.83829402923584,-0.20694449543952942,0.036313125262910674,8.248567581176758,6.345767498016357,1,0,14.635709114329638,0.4279016819184198,0.0,0.0,0
12.399503616,-4.839140892028809,-0.2068907618522644,0.03745516513439,8.248567581176758,6.345767498016357,1,0,14.636442305090444,0.4267304542664103,0.0,0.0,0
12.510319872,-4.839598178863525,-0.2068110704421997,0.03774546003536916,8.248567581176758,6.345767498016357,1,0,14.636815529961195,0.42642130390534616,0.0,0.0,0
12.609868288,-4.840017795562744,-0.2064754068851471,0.038007827084973016,8.248567581176758,6.345767498016357,1,0,14.637040488057387,0.42612559666273153,0.0,0.0,0
12.752119808,-4.8407793045043945,-0.2061084508895874,0.0387400076446323,8.248567581176758,6.345767498016357,1,0,14.637557184979434,0.4253477101389964,0.0,0.0,0
12.868972288,-4.839816093444824,-0.20630192756652832,0.036173232898987585,8.248567581176758,6.345767498016357,1,0,14.636782466503997,0.42795576123125656,0.0,0.0,0
13.010736128,-4.840944290161133,-0.20595741271972656,0.037207215460982594,8.248567581176758,6.345767498016357,1,0,14.637637115868644,0.42686623009612656,0.0,0.0,0
13.110140672,-4.8408589363098145,-0.2060462236404419,0.03628946076364611,8.248567581176758,6.345767498016357,1,0,14.637600541071304,0.4277920203926384,0.0,0.0,0
13.227565312,-4.841667652130127,-0.20584827661514282,0.036486456595454984,8.248567581176758,6.345767498016357,1,0,14.638235130018552,0.4275582036405634,0.0,0.0,0
13.348649216,-4.842435836791992,-0.20590046048164368,0.03672223967241403,8.248567581176758,6.345767498016357,1,0,14.638945437690479,0.42730212196986006,0.0,0.0,0
13.448055552,-4.843034744262695,-0.20568037033081055,0.036730975821979324,8.248567581176758,6.345767498016357,1,0,14.639382521784256,0.42726163182514476,0.0,0.0,0
13.572168192,-4.843981742858887,-0.20563459396362305,0.0368675657413781,8.248567581176758,6.345767498016357,1,0,14.64020891835584,0.42709329786383154,0.0,0.0,0
13.650919936,-4.845133304595947,-0.20556935667991638,0.03740765381583711,8.248567581176758,6.345767498016357,1,0,14.64120956307185,0.4265140287678766,0.0,0.0,0
13.764759552,-4.8462114334106445,-0.20573177933692932,0.03815366023589304,8.248567581176758,6.345767498016357,1,0,14.642246419932949,0.4257449956345831,0.0,0.0,0
13.906029312,-4.847431659698486,-0.20560476183891296,0.038236612575842224,8.248567581176758,6.345767498016357,1,0,14.643280868856067,0.4256170008340123,0.0,0.0,0
13.988699392,-4.848354339599609,-0.2057701051235199,0.03798939213872086,8.248567581176758,6.345767498016357,1,0,14.64418003045129,0.42584612994049476,0.0,0.0,0
14.092541952,-4.849785804748535,-0.20549893379211426,0.03797855795410565,8.248567581176758,6.345767498016357,1,0,14.645338961018318,0.4257966765837975,0.09955132662468917,0.00516883230405196,0
14.197860352,-4.852593421936035,-0.20537826418876648,0.03849282638866437,8.248567581176758,6.345767498016357,1,0,14.647796094537279,0.4251892986916297,0.3339844652827025,0.027998480277261636,0
14.300382208,-4.853777885437012,-0.20559728145599365,0.038192422998648605,8.248567581176758,6.345767498016357,1,0,14.648953450680537,0.4254669118440684,0.4421524666654458,0.06778397966399693,0
14.420297984,-4.856563568115234,-0.20504769682884216,0.03910791167001804,8.248567581176758,6.345767498016357,1,0,14.651199341936413,0.4244328400520869,0.6346602520657242,0.13234739605065549,0
14.533188096,-4.853858470916748,-0.2050921618938446,0.03878563862868478,8.248567581176758,6.345767498016357,1,0,14.64879963459182,0.4248403945236685,0.7105326447422444,0.20827688444178388,0
14.67944192,-4.849217414855957,-0.20466768741607666,0.03856192500027717,8.248567581176758,6.345767498016357,1,0,14.644458778693426,0.42517990541185213,0.7152141332626343,0.3125373436112305,0
14.757363968,-4.842373371124268,-0.2044960856437683,0.0396361352310475,8.248567581176758,6.345767498016357,1,0,14.638261100009661,0.42430434228180225,0.7152141332626343,0.3682682936335996,0
14.859837184,-4.8432722091674805,-0.2042916715145111,0.04010499926447369,8.248567581176758,6.345767498016357,1,0,14.638973468805663,0.42379551541888105,0.6529563665390015,0.43836870920910004,0
14.964507136,-4.837202072143555,-0.20379674434661865,0.04011774613505937,8.248567581176758,6.345767498016357,1,0,14.633323586410523,0.4239381263169908,0.4922017920434762,0.49830053395471824,0
15.060768,-4.845659255981445,-0.203911691904068,0.039386606639029,8.248567581176758,6.345767498016357,1,0,14.64093828802754,0.42441774748410577,0.17370509295292041,0.530350920001369,0
15.173469952,-4.87053108215332,-0.2042560875415802,0.04058571547476192,8.248567581176758,6.345767498016357,1,0,14.663340639484383,0.4224808467494845,0.01947708778590339,0.5412369244318102,0
15.268873984,-4.88733434677124,-0.2048441767692566,0.04045720998412286,8.248567581176758,6.345767498016357,1,0,14.6786386553558,0.4221338477265917,0.0026364516471655748,0.542291784843663,0
15.41005056,-4.9037766456604,-0.20531469583511353,0.04048722044491402,8.248567581176758,6.345767498016357,1,0,14.693564461076642,0.42163311346450705,0.0,0.5424778874518312,0
15.50108672,-4.923378944396973,-0.2056623101234436,0.0401935447704097,8.248567581176758,6.345767498016357,1,0,14.711268055594548,0.4213538626907316,0.0,0.5424778874518312,0
15.610003456,-4.942932605743408,-0.20604223012924194,0.04009157644526114,8.248567581176758,6.345767498016357,1,0,14.728947277227185,0.4208877153012809,0.0,0.5424778874518312,0
15.752301568,-4.959293365478516,-0.20645755529403687,0.03995937738486882,8.248567581176758,6.345767498016357,1,0,14.743786621333406,0.42055153338438256,0.0,0.5424778874518312,0
15.851853312,-4.978984355926514,-0.20680367946624756,0.039916385839796724,8.248567581176758,6.345767498016357,1,0,14.761582546757657,0.4200227214025509,0.0,0.5424778874518312,0
15.952443392,-4.998456954956055,-0.2071724236011505,0.03947130970238835,8.248567581176758,6.345767498016357,1,0,14.779197565403651,0.4199052949205728,0.0,0.5424778874518312,0
16.053208576,-5.015049457550049,-0.20751026272773743,0.03993442224076678,8.248567581176758,6.345767498016357,1,0,14.794221384022453,0.4189653661139974,0.0,0.5424778874518312,0
16.205969664,-5.034808158874512,-0.20777249336242676,0.03978537192313298,8.248567581176758,6.345767498016357,1,0,14.812054464860156,0.4185393946604514,0.0,0.5424778874518312,0
16.293753856,-5.051421642303467,-0.20821064710617065,0.039920101288164686,8.248567581176758,6.345767498016357,1,0,14.827148844988164,0.41793541513885746,0.0,0.5424778874518312,0
16.411175936,-5.071163654327393,-0.20853769779205322,0.039391597642327664,8.248567581176758,6.345767498016357,1,0,14.845004438728404,0.4178958416042571,0.0,0.5424778874518312,0
16.529694208,-5.090892791748047,-0.2090773582458496,0.03917303211718136,8.248567581176758,6.345767498016357,1,0,14.862947020375813,0.4175609155722446,0.0,0.5424778874518312,0
16.656475136,-5.110705852508545,-0.20953476428985596,0.03926987656280182,8.248567581176758,6.345767498016357,1,0,14.8809332511831,0.41690446781128454,0.0,0.5424778874518312,0
16.75291264,-5.127284049987793,-0.20962655544281006,0.03983606247832644,8.248567581176758,6.345767498016357,1,0,14.895858419542499,0.4158535450719971,0.0,0.5424778874518312,0
16.85807616,-5.1468939781188965,-0.21014896035194397,0.03922609577637838,8.248567581176758,6.345767498016357,1,0,14.91369944030226,0.4159163053238255,0.0,0.5424778874518312,0
16.96573568,-5.166480541229248,-0.21095973253250122,0.03888700698848989,8.248567581176758,6.345767498016357,1,0,14.93165054849228,0.41572753366700876,0.0,0.5424778874518312,0
17.110125056,-5.18316125869751,-0.2109088897705078,0.03839959001381019,8.248567581176758,6.345767498016357,1,0,14.94661650280999,0.4157218323801235,0.0,0.5424778874518312,0
17.211763968,-5.199992656707764,-0.21107861399650574,0.038514819585774296,8.248567581176758,6.345767498016357,1,0,14.961818185254986,0.41512330879146386,0.0,0.5424778874518312,0
17.310860544,-5.2199320793151855,-0.211679607629776,0.03808982185230897,8.248567581176758,6.345767498016357,1,0,14.980006530306268,0.4150010426433841,0.0,0.5424778874518312,0
17.410198528,-5.236501693725586,-0.21181011199951172,0.03746623083242843,8.248567581176758,6.345767498016357,1,0,14.994963069654311,0.41514874342346975,0.0,0.5424778874518312,0
17.545591552,-5.256620407104492,-0.21248722076416016,0.0377636927207535,8.248567581176758,6.345767498016357,1,0,15.013354307256693,0.41430580973443343,0.0,0.5424778874518312,0
17.643948032,-5.276473045349121,-0.21329671144485474,0.03703927077096785,8.248567581176758,6.345767498016357,1,0,15.031568356396168,0.4145017427933073,0.0,0.5424778874518312,0
17.777967872,-5.292089462280273,-0.21327510476112366,0.0348182417750301,8.248567581176758,6.345767498016357,1,0,15.045611753384192,0.4162685725228208,0.0,0.5424778874518312,0
17.856995072,-5.311434268951416,-0.21435663104057312,0.033300249417270625,8.248567581176758,6.345767498016357,1,0,15.063494905370215,0.4172913341673281,0.0,0.5424778874518312,0
17.965421312,-5.330811023712158,-0.21582847833633423,0.03199019666093197,8.248567581176758,6.345767498016357,1,0,15.081580323421106,0.41812971225492435,0.0,0.5424778874518312,0
18.093929984,-5.351140975952148,-0.2165898084640503,0.033201791255049934,8.248567581176758,6.345767498016357,1,0,15.100218748639437,0.4163777595197975,0.0,0.5424778874518312,0
18.210496,-5.367082595825195,-0.21718046069145203,0.031969151986862065,8.248567581176758,6.345767498016357,1,0,15.114834291225304,0.41718723435067684,0.0,0.5424778874518312,0
18.311579648,-5.386687278747559,-0.21794307231903076,0.03150510328332912,8.248567581176758,6.345767498016357,1,0,15.132827612386992,0.4171341625543823,0.0,0.5424778874518312,0
18.443976192,-5.402729034423828,-0.2185049057006836,0.03118693393192792,8.248567581176758,6.345767498016357,1,0,15.14752690960835,0.4170264065496676,0.0,0.5424778874518312,0
18.543713024,-5.418631553649902,-0.21866658329963684,0.03051047465792421,8.248567581176758,6.345767498016357,1,0,15.161930187115015,0.41725795244579844,0.0,0.5424778874518312,0
18.645228032,-5.437830448150635,-0.21949127316474915,0.03034074342545354,8.248567581176758,6.345767498016357,1,0,15.17959530915588,0.41692906233538984,0.0,0.5424778874518312,0
18.789059072,-5.457171440124512,-0.220248281955719,0.030508255077231306,8.248567581176758,6.345767498016357,1,0,15.197363104922596,0.4162560325047737,0.0,0.5424778874518312,0
18.902125824,-5.47296142578125,-0.22066646814346313,0.029908878261502955,8.248567581176758,6.345767498016357,1,0,15.211785342974288,0.4164317301090077,0.0,0.5424778874518312,0
19.008020224,-5.492530822753906,-0.22162079811096191,0.030376858017777345,8.248567581176758,6.345767498016357,1,0,15.229851423392677,0.4154656078133798,0.0,0.5424778874518312,0
19.091647744,-5.508265018463135,-0.22207123041152954,0.02988701837989397,8.248567581176758,6.345767498016357,1,0,15.244243134283582,0.4155370292111962,0.0,0.5424778874518312,0
19.210752768,-5.527897357940674,-0.22309711575508118,0.030516936665688537,8.248567581176758,6.345767498016357,1,0,15.262403759984547,0.4144135699690157,0.0,0.5424778874518312,0
19.310103552,-5.547151565551758,-0.22393637895584106,0.030856356002495658,8.248567581176758,6.345767498016357,1,0,15.280146458935375,0.41358139587025455,0.0,0.5424778874518312,0
19.445313024,-5.563035011291504,-0.22463178634643555,0.03080939520863453,8.248567581176758,6.345767498016357,1,0,15.294787116146178,0.41322290856041777,0.0,0.5424778874518312,0
19.557252608,-5.582104682922363,-0.22547122836112976,0.03103331663067787,8.248567581176758,6.345767498016357,1,0,15.312369956213962,0.4125134978373919,0.0,0.5424778874518312,0
19.646614528,-5.597929954528809,-0.22603511810302734,0.030741889058026814,8.248567581176758,6.345767498016357,1,0,15.326907177625039,0.4123950564579899,0.0,0.5424778874518312,0
19.78029952,-5.617053031921387,-0.22680449485778809,0.030762403034318934,8.248567581176758,6.345767498016357,1,0,15.3445149023319,0.4118854788421622,0.0,0.5424778874518312,0
19.86232704,-5.63285493850708,-0.2273373007774353,0.030383326460278724,8.248567581176758,6.345767498016357,1,0,15.3590233369805,0.411855217280376,0.0,0.5424778874518312,0
19.990760448,-5.651938438415527,-0.2280559539794922,0.03045279773924644,8.248567581176758,6.345767498016357,1,0,15.376580321343624,0.41129685120350334,0.0,0.5424778874518312,0
20.09385344,-5.667892932891846,-0.22853675484657288,0.030391969626380282,8.248567581176758,6.345767498016357,1,0,15.391210142443063,0.41094275105033606,0.0,0.5424778874518312,0
20.19721728,-5.687245845794678,-0.2295377254486084,0.030325085239749448,8.248567581176758,6.345767498016357,1,0,15.409138024337475,0.4105319012030093,0.0,0.5424778874518312,0
20.309956864,-5.703641891479492,-0.23026853799819946,0.030307597328312594,8.248567581176758,6.345767498016357,1,0,15.42427953312053,0.41013864081981355,0.0,0.5424778874518312,0
20.422551296,-5.723404884338379,-0.23108482360839844,0.02962637316906103,8.248567581176758,6.345767498016357,1,0,15.442506306865283,0.4103220548178963,0.0,0.5424778874518312,0
20.565993728,-5.743300437927246,-0.23167502880096436,0.029159744540734518,8.248567581176758,6.345767498016357,1,0,15.460760681726189,0.41027516593331237,0.0,0.5424778874518312,0
20.63832832,-5.760325908660889,-0.2325412631034851,0.029826096196305055,8.248567581176758,6.345767498016357,1,0,15.476538468476782,0.40919146132101236,0.0,0.5424778874518312,0
20.788410368,-5.780057430267334,-0.23332440853118896,0.029248577298420644,8.248567581176758,6.345767498016357,1,0,15.494733622315492,0.40927345625468003,0.0,0.5424778874518312,0
20.889294592,-5.79703950881958,-0.23412171006202698,0.029695789104676296,8.248567581176758,6.345767498016357,1,0,15.510448752925937,0.40840789675736344,0.0,0.5424778874518312,0
20.98912,-5.816830635070801,-0.23500916361808777,0.02895975665295421,8.248567581176758,6.345767498016357,1,0,15.528749094886317,0.40865501597482456,0.0,0.5424778874518312,0
21.097636096,-5.836517333984375,-0.23605448007583618,0.028725416065234023,8.248567581176758,6.345767498016357,1,0,15.547025362383543,0.40841363709016454,0.0,0.5424778874518312,0
21.189844992,-5.85303258895874,-0.2367340624332428,0.028969571747699426,8.248567581176758,6.345767498016357,1,0,15.562276637808715,0.40775976997987184,0.0,0.5424778874518312,0
21.307881728,-5.869541168212891,-0.237359881401062,0.029142143346403977,8.248567581176758,6.345767498016357,1,0,15.577501749421433,0.40717534238932496,0.0,0.5424778874518312,0
21.45307648,-5.88901948928833,-0.2384624481201172,0.028779156043618852,8.248567581176758,6.345767498016357,1,0,15.595622852537245,0.4070745866881764,0.0,0.5424778874518312,0
21.581028096,-5.908445835113525,-0.24028098583221436,0.027687872736834044,8.248567581176758,6.345767498016357,1,0,15.614002161541643,0.4077461839107843,0.0,0.5424778874518312,0
21.679725056,-5.9274702072143555,-0.24224910140037537,0.02417831849675426,-4.710466384887695,-2.3935983180999756,2,1,2.471720404040814,1.0801627297097953,0.0,0.5424778874518312,0
21.778356992,-5.947988510131836,-0.24314719438552856,0.023522471670325253,-4.710466384887695,-2.3935983180999756,2,0,2.481108833959829,1.0721306682861647,0.0,0.5424778874518312,0
21.911236096,-5.965664863586426,-0.24399280548095703,0.025218390195689968,-4.710466384887695,-2.3935983180999756,2,0,2.489242270412762,1.0675023729555937,0.0,0.5424778874518312,0
22.012827648,-5.985428333282471,-0.2445269227027893,0.024193220183252935,-4.710466384887695,-2.3935983180999756,2,0,2.498806881767579,1.0595393426292352,0.0,0.5424778874518312,0
22.11042432,-6.002638339996338,-0.24571800231933594,0.024618789605794417,-4.710466384887695,-2.3935983180999756,2,0,2.506610901693207,1.0538175292737013,0.0,0.5424778874518312,0
22.2560064,-6.023036479949951,-0.2462208867073059,0.024948359646679266,-4.710466384887695,-2.3935983180999756,2,0,2.5167578523382654,1.0470990349178058,0.0,0.5424778874518312,0
22.345545984,-6.039892673492432,-0.24707752466201782,0.025195754092996507,-4.710466384887695,-2.3935983180999756,2,0,2.5248615355093995,1.0414732014909571,0.0,0.5424778874518312,0
22.457036544,-6.056669235229492,-0.2481338381767273,0.024998062089940935,-4.710466384887695,-2.3935983180999756,2,0,2.532840292809776,1.0354247937026422,0.0,0.5424778874518312,0
22.533490432,-6.076767921447754,-0.24864596128463745,0.025100109522933647,-4.710466384887695,-2.3935983180999756,2,0,2.5431477546171104,1.028725390448594,0.022546334024227666,0.5433397648999807,0
22.653785856,-6.095102310180664,-0.25008171796798706,0.024589530955353416,-4.710466384887695,-2.3935983180999756,2,0,2.551838564771156,1.0218526796694185,0.35725239297895833,0.5661837893497347,0
22.759146752,-6.107269763946533,-0.2521348297595978,0.0230968748034463,-4.710466384887695,-2.3935983180999756,2,0,2.5567411976273875,1.0159268055887893,0.6058398886929264,0.616919922213552,0
22.853069568,-6.116473197937012,-0.25245264172554016,0.020223675056584064,-4.710466384887695,-2.3935983180999756,2,0,2.561515169933224,1.009976438906011,0.634085041284561,0.6751485427395957,0
22.995116288,-6.12501335144043,-0.25453218817710876,0.019087925362926368,-4.710466384887695,-2.3935983180999756,2,0,2.564477925186086,1.005611922216283,0.6359623670578003,0.7653515770393621,0
23.103395584,-6.134521961212158,-0.25482648611068726,0.020980008652740478,-4.710466384887695,-2.3935983180999756,2,0,2.569490072713186,1.0043541169152883,0.6368706426167454,0.8342623081459243,0
23.204081664,-6.139274597167969,-0.2559531033039093,0.020141657952851565,-4.710466384887695,-2.3935983180999756,2,0,2.5711903803141594,1.00173435219864,1.0,0.9166673523820041,0
23.30140032,-6.141670227050781,-0.25655120611190796,0.019016258402104365,-4.710466384887695,-2.3935983180999756,2,0,2.5720254269114293,0.9997053641342117,1.0,1.013986008382003,0
23.40828416,-6.143145561218262,-0.2569561004638672,0.01945336548875057,-4.710466384887695,-2.3935983180999756,2,0,2.572510367029874,0.9995783799103464,1.0,1.1208698483820048,0
23.534321152,-6.140671730041504,-0.25634974241256714,0.01853584142561957,-4.710466384887695,-2.3935983180999756,2,0,2.5716373779334405,0.9995911483732809,1.0,1.2469068403820043,0
23.652737536,-6.139203071594238,-0.25598180294036865,0.01993025346174592,-4.710466384887695,-2.3935983180999756,2,0,2.571126773580854,1.0015398729010254,1.0,1.365323224382004,0
23.749787136,-6.136633396148682,-0.255145788192749,0.020236528597181863,-4.710466384887695,-2.3935983180999756,2,0,2.5703952160466903,1.0028580434867553,1.0,1.4623728243820022,0
23.853301504,-6.132751941680908,-0.2545061707496643,0.0200982054067779,-4.710466384887695,-2.3935983180999756,2,0,2.568776249485024,1.0041149695868015,1.0,1.5658871923820048,0
23.980545792,-6.125560283660889,-0.25532951951026917,0.016795628772387237,-4.710466384887695,-2.3935983180999756,2,0,2.5641147005092,1.0029701850544224,1.0,1.6931314803820048,0
24.085665536,-6.120382785797119,-0.25337210297584534,0.01855111130498438,-4.710466384887695,-2.3935983180999756,2,0,2.5628953372032077,1.0068318380547208,1.0,1.7982512243820044,0
24.21024,-6.116189479827881,-0.2525072395801544,0.02052749378991839,-4.710466384887695,-2.3935983180999756,2,0,2.5613138086078764,1.01036114918828,1.0,1.9228256883820027,0
24.286766848,-6.106143951416016,-0.2518530488014221,0.019804071709903424,-4.710466384887695,-2.3935983180999756,2,0,2.556362389856561,1.0130630871867483,1.0,1.999352536382003,0
24.40991488,-6.097054958343506,-0.2505880296230316,0.019778115672948633,-4.710466384887695,-2.3935983180999756,2,0,2.5524735000693455,1.0162910392727458,1.0,2.1225005683820024,0
24.558078464,-6.0861077308654785,-0.24879762530326843,0.021525477845460498,-4.710466384887695,-2.3935983180999756,2,0,2.548050063202213,1.0220272269576016,1.0,2.270664152382005,0
24.66365184,-6.072499752044678,-0.24855154752731323,0.021963578508796922,-4.710466384887695,-2.3935983180999756,2,0,2.5409369416011085,1.02702557444099,1.0,2.3762375283820036,0
24.768034304,-6.059223651885986,-0.24909573793411255,0.021155684590118684,-4.710466384887695,-2.3935983180999756,2,0,2.5333845901518277,1.030526520274015,1.0,2.480619992382004,0
24.872100864,-6.045750141143799,-0.2474488914012909,0.020910722417968684,-4.710466384887695,-2.3935983180999756,2,0,2.5276352726294395,1.0351406870264244,1.0,2.5846865523820037,0
24.96586496,-6.02957010269165,-0.2466225028038025,0.022268755039238395,-4.710466384887695,-2.3935983180999756,2,0,2.5198293136224295,1.042123975455751,1.0,2.6784506483820048,0
25.080613632,-6.0127644538879395,-0.24564439058303833,0.020387834147075196,-4.710466384887695,-2.3935983180999756,2,0,2.511908902658932,1.0461473578804394,1.0,2.7931993203820022,0
25.171063296,-5.994073867797852,-0.24549540877342224,0.02052496703391676,-4.710466384887695,-2.3935983180999756,2,0,2.5023977060491704,1.052702264964608,1.0,2.8836489843820035,0
25.310249984,-5.975397109985352,-0.24430888891220093,0.021390226132514054,-4.710466384887695,-2.3935983180999756,2,0,2.4938914951766433,1.0602403134676588,1.0,3.0228356723820022,0
25.40987776,-5.959823131561279,-0.24339699745178223,0.02242622954188976,-4.710466384887695,-2.3935983180999756,2,0,2.486816840818004,1.0668595926705735,1.0,3.122463448382004,0
25.511328768,-5.940950393676758,-0.24236375093460083,0.02479476183421896,-4.710466384887695,-2.3935983180999756,2,0,2.4782859114421805,1.0760220740863171,1.0,3.223914456382002,0
25.611912192,-5.922628879547119,-0.24035081267356873,0.02658528665232816,-4.710466384887695,-2.3935983180999756,2,0,2.470994280261288,1.084653266825955,1.0,3.324497880382002,0
25.712242688,-5.899143695831299,-0.23858770728111267,0.026701673483186562,-4.710466384887695,-2.3935983180999756,2,0,2.461102290091577,1.093436655681543,1.0,3.4248283763820035,0
25.87300992,-5.866094589233398,-0.23697704076766968,0.026953945010291688,-4.710466384887695,-2.3935983180999756,2,0,2.4467308557587,1.1058346807245822,1.0,3.585595608382005,0
25.988287744,-5.823869705200195,-0.23540085554122925,0.026969763372422483,-4.710466384887695,-2.3935983180999756,2,0,2.428473438413093,1.1214834763418802,1.0,3.7008734323820045,0
26.078428672,-5.786013603210449,-0.23356804251670837,0.027751130455252782,-4.710466384887695,-2.3935983180999756,2,0,2.4129924596397188,1.1365559787817814,1.0,3.791014360382005,0
26.196416768,-5.7360148429870605,-0.23129063844680786,0.026934777205146688,-4.710466384887695,-2.3935983180999756,2,0,2.393182847464241,1.1548669241160827,1.0,3.9090024563820025,0
26.285937408,-5.698983192443848,-0.23032847046852112,0.02545404259123527,-4.710466384887695,-2.3935983180999756,2,0,2.3784242498958053,1.1676278012058148,0.9249886870384216,3.995165566010222,0
26.390220544,-5.6852946281433105,-0.23056966066360474,0.027145060608542198,-4.710466384887695,-2.3935983180999756,2,0,2.3725478028355544,1.1745242347323017,0.7278391122817993,4.08134659910077,0
26.494293504,-5.686297416687012,-0.2301608920097351,0.026997986547299974,-4.710466384887695,-2.3935983180999756,2,0,2.3733326145381484,1.1740627174333855,0.6739338040351868,4.15428992742524,0
26.604605952,-5.686280727386475,-0.22987276315689087,0.028293937480153457,-4.710466384887695,-2.3935983180999756,2,0,2.3735884032704755,1.175414988906849,0.6468299924170421,4.227138271233448,0
26.733733632,-5.684770584106445,-0.23006671667099,0.027132661334172886,-4.710466384887695,-2.3935983180999756,2,0,2.3727911123816106,1.174800278285195,0.640652596950531,4.310263091136162,0
26.820205056,-5.681906700134277,-0.22984755039215088,0.02585165936580851,-4.710466384887695,-2.3935983180999756,2,0,2.371816533976138,1.1746581957518547,0.7342476861052987,4.369707883803081,0
26.924717056,-5.677187919616699,-0.22982805967330933,0.027194662095749562,-4.710466384887695,-2.3935983180999756,2,0,2.3699055375606437,1.177821023959357,0.8279077410697937,4.451339877805543,0
27.03660288,-5.65167236328125,-0.22887834906578064,0.026432055784854268,-4.710466384887695,-2.3935983180999756,2,0,2.36048326367699,1.1870919574591081,0.8369026184082031,4.54447421724251,0
27.18000256,-5.626718044281006,-0.22807428240776062,0.027103667883142262,-4.710466384887695,-2.3935983180999756,2,0,2.3513850072886178,1.197632542111002,0.8369026184082031,4.664485784913407,0
27.24591232,-5.599833011627197,-0.2266550064086914,0.02710437691291572,-4.710466384887695,-2.3935983180999756,2,0,2.3423527302354765,1.2084401155446822,0.8530292510986328,4.720177286881181,0
27.349453312,-5.567911148071289,-0.22548076510429382,0.025930628624985335,-4.710466384887695,-2.3935983180999756,2,0,2.3315113650846637,1.2201241368895561,1.0,4.816109530313068,0
27.473874944,-5.53794527053833,-0.22466236352920532,0.026516318353057153,-4.710466384887695,-2.3935983180999756,2,0,2.321422943202603,1.2328435565283324,1.0,4.940531162313065,0
27.579950592,-5.515197277069092,-0.22421467304229736,0.024538177737028186,-4.710466384887695,-2.3935983180999756,2,0,2.3138317156342216,1.2401200369124066,1.0,5.046606810313066,0
27.674890752,-5.489372253417969,-0.22328826785087585,0.024842892304779686,-4.710466384887695,-2.3935983180999756,2,0,2.305849098758015,1.2510652898503558,0.9513680205494349,5.13923840635799,0
27.782438912,-5.47599458694458,-0.2225656509399414,0.025639144540088844,-4.710466384887695,-2.3935983180999756,2,0,2.302046105103123,1.2574372268653582,0.7550197680380898,5.2309978398125185,0
27.893814272,-5.47995138168335,-0.22324007749557495,0.024493603328102735,-4.710466384887695,-2.3935983180999756,2,0,2.3027292617355255,1.2545737745642365,0.7435160279273987,5.31444782168679,0
27.989268224,-5.479668140411377,-0.22309550642967224,0.02288423727431102,-4.710466384887695,-2.3935983180999756,2,0,2.3027708952845063,1.2531013172659424,0.7435160279273987,5.385419364927802,0
28.109790976,-5.482973575592041,-0.22276043891906738,0.024506292908348444,-4.710466384887695,-2.3935983180999756,2,0,2.304192799523639,1.253419813317576,0.7435160279273987,5.475029962769721,0
28.212354304,-5.485201358795166,-0.22311341762542725,0.024343912321516135,-4.710466384887695,-2.3935983180999756,2,0,2.304608205961139,1.2522953642126382,0.7417170405387878,5.551195185948495,0
28.331378176,-5.4874982833862305,-0.2227548062801361,0.022965777412408784,-4.710466384887695,-2.3935983180999756,2,0,2.305719003715442,1.2500313038513868,0.7417170405387878,5.639477220041802,0
28.433077504,-5.4955034255981445,-0.2230997085571289,0.020610378376473348,-4.710466384887695,-2.3935983180999756,2,0,2.3081047136806534,1.2443601455198223,0.7417170405387878,5.714909344630745,0
28.534298624,-5.5181660652160645,-0.22428250312805176,0.020383627049543773,-4.710466384887695,-2.3935983180999756,2,0,2.3148023411708074,1.2347528367618512,0.7417170405387878,5.789986774197168,0
28.675972864,-5.541266441345215,-0.22475004196166992,0.02019591085328809,-4.710466384887695,-2.3935983180999756,2,0,2.3225269812680147,1.22517364146112,0.7417170405387878,5.895068972210547,0
28.76783744,-5.575190544128418,-0.2263074517250061,0.0162336297459506,-4.710466384887695,-2.3935983180999756,2,0,2.3334304298707815,1.2073958553064181,0.7417170405387878,5.96320649365162,0
28.901128704,-5.609048843383789,-0.22754669189453125,0.018760646048652983,-4.710466384887695,-2.3935983180999756,2,0,2.3450437271198448,1.1963163785370619,0.7417170405387878,6.062070895515374,0
28.990574848,-5.658448696136475,-0.229198157787323,0.019237041834809215,-4.710466384887695,-2.3935983180999756,2,0,2.3629004457238594,1.1772130074233935,0.7403677701950073,6.128354281215928,0
29.092427264,-5.698412895202637,-0.2297547459602356,0.0054627851737784824,-4.710466384887695,-2.3935983180999756,2,0,2.3787091692625943,1.1479548500804848,0.7371553182601929,6.2035989293434,0
29.192069632,-5.739059925079346,-0.23046821355819702,0.007605603249303415,-4.710466384887695,-2.3935983180999756,2,0,2.395232038884525,1.1345362253525826,0.7370628300833572,6.277046222968162,0
29.312285184,-5.782855033874512,-0.23179969191551208,-0.0343327966882834,-4.710466384887695,-2.3935983180999756,2,0,2.4131702622585096,1.075970353319934,0.7338143587112427,6.365457379555738,0
29.410588928,-5.808850288391113,-0.23285728693008423,-2.9094133143964185,-4.710466384887695,-2.3935983180999756,2,0,2.4238912936137487,1.8089116696969594,0.7322951562110837,6.437519406771182,0
29.517379584,-5.840487480163574,-0.2339351773262024,-3.054264394272908,-4.710466384887695,-2.3935983180999756,2,0,2.4374356519476232,1.9655339735573065,0.7305054664611816,6.515626125817373,0
29.660728832,-5.880189418792725,-0.23553669452667236,-3.074970466493937,-4.710466384887695,-2.3935983180999756,2,0,2.4546857125073727,2.0008737847526064,0.7253901699210721,6.619976898138312,0
29.742664192,-5.9186296463012695,-0.23674646019935608,-3.0860529475744904,-4.710466384887695,-2.3935983180999756,2,0,2.4721788776621403,2.02586007586041,0.7062945204812128,6.678629698395611,0
29.838303232,-5.959654331207275,-0.23877298831939697,-3.0884633868948947,-4.710466384887695,-2.3935983180999756,2,0,2.4907313638957755,2.043038741882036,0.6801588632716028,6.744929233709048,0
29.974685696,-5.993033409118652,-0.23939251899719238,-3.09268900846756,-4.710466384887695,-2.3935983180999756,2,0,2.5071060600885464,2.0589068188585067,0.6767286658287048,6.837457066003834,0
30.068222464,-6.009771823883057,-0.2394046187400818,-3.0990926754914816,-4.710466384887695,-2.3935983180999756,2,0,2.5156997273452157,2.0710300014559806,0.6767286658287048,6.900756078218403,0
30.210394624,-6.020970821380615,-0.2396993637084961,-3.10409025042626,-4.710466384887695,-2.3935983180999756,2,0,2.521250202537688,2.079891514766153,0.6767286658287048,6.996968054373187,0
30.351009536,-6.027712345123291,-0.24000796675682068,-3.104878271155161,-4.710466384887695,-2.3935983180999756,2,0,2.5244976373835906,2.0830244306716947,0.6767286658287048,7.092126196166568,0
30.426742272,-6.036192417144775,-0.24019747972488403,-3.104374422378955,-4.710466384887695,-2.3935983180999756,2,0,2.528771378222762,2.0854204280780877,0.6767286658287048,7.143376709559405,0
30.56613504,-6.042919635772705,-0.2406524121761322,-3.1031184166836248,-4.710466384887695,-2.3935983180999756,2,0,2.531917798750242,2.086521188501508,0.6767286658287048,7.237707791474215,0
30.662009088,-6.04436731338501,-0.24102848768234253,-3.103660380780367,-4.710466384887695,-2.3935983180999756,2,0,2.532360274895773,2.087627411528369,0.6767286658287048,7.302588508064854,0
30.753668608,-6.047694683074951,-0.24131682515144348,-3.103740996707558,-4.710466384887695,-2.3935983180999756,2,0,2.533869599320681,2.088884184266793,0.6767286658287048,7.364617132744954,0
30.877846528,-6.045863628387451,-0.24074587225914001,-3.1047928786644783,-4.710466384887695,-2.3935983180999756,2,0,2.533388926223057,2.0892032049111853,0.6767286658287048,7.448651890871935,0
30.977774592,-6.042037487030029,-0.24065658450126648,-3.1055058309876986,-4.710466384887695,-2.3935983180999756,2,0,2.531450119660975,2.088613153598729,0.6767286658287048,7.516276076301501,0
31.079074816,-6.035216808319092,-0.2404952347278595,-3.105195210183381,-4.710466384887695,-2.3935983180999756,2,0,2.5280064422402444,2.085974329920246,0.6767286658287048,7.584828841737169,0
31.187664384,-6.027345657348633,-0.240247905254364,-3.106972776726047,-4.710466384887695,-2.3935983180999756,2,0,2.5241016260720595,2.0850446062594843,0.6767286658287048,7.6583145152127265,0
31.279574272,-6.018274307250977,-0.24032679200172424,-3.1043624776541616,-4.710466384887695,-2.3935983180999756,2,0,2.5193133641731937,2.0793788059535796,0.6767286658287048,7.7205125710954325,0
31.379833856,-6.008661270141602,-0.24038219451904297,-3.105390553526573,-4.710466384887695,-2.3935983180999756,2,0,2.5142890913632625,2.0771504654972297,0.6864600851675552,7.788848939639615,0
31.509980672,-5.999431610107422,-0.24004387855529785,-3.104444474704958,-4.710466384887695,-2.3935983180999756,2,0,2.509826303931874,2.0729854790128748,0.7020462650291763,7.8792037798765575,0
31.587961856,-5.990931987762451,-0.2396761178970337,-3.1062385768308647,-4.710466384887695,-2.3935983180999756,2,0,2.5057879009749597,2.0717937038633503,0.7243426640659303,7.934819528644221,0
31.710140672,-5.979005336761475,-0.23869282007217407,-3.1059990761127687,-4.710466384887695,-2.3935983180999756,2,0,2.5005616924706087,2.0672534102196796,1.0,8.040158601181153,0
31.809993728,-5.956284999847412,-0.2382950782775879,-3.1050947414127257,-4.710466384887695,-2.3935983180999756,2,0,2.48945698435804,2.058402902591572,1.0,8.14001165718115,0
31.909739008,-5.92489767074585,-0.2368755042552948,-3.106575022532221,-4.710466384887695,-2.3935983180999756,2,0,2.4751356819029553,2.048617020350247,1.0,8.23975693718115,0
32.043533312,-5.896805763244629,-0.2369326949119568,-3.1059455983744284,-4.710466384887695,-2.3935983180999756,2,0,2.461423923439699,2.03805416859129,1.0,8.373551241181152,0
32.151972096,-5.870937347412109,-0.23562675714492798,-3.107519023803805,-4.710466384887695,-2.3935983180999756,2,0,2.4502110343301258,2.0301201166894964,1.0,8.481990025181153,0
32.24456064,-5.844066143035889,-0.23528319597244263,-3.106734060218031,-4.710466384887695,-2.3935983180999756,2,0,2.43790331598241,2.0195606300120774,1.0,8.574578569181154,0
32.346838272,-5.816412448883057,-0.2346319556236267,-3.1080261315168154,-4.710466384887695,-2.3935983180999756,2,0,2.4257478126901795,2.0106350222275235,1.0,8.67685620118115,0
32.421856512,-5.7881293296813965,-0.23474830389022827,-3.104788651301808,-4.710466384887695,-2.3935983180999756,2,0,2.4128801889929923,1.9969867570414328,1.0,8.75187444118115,0
32.52667904,-5.760511875152588,-0.23369985818862915,-3.1072805629698745,-4.710466384887695,-2.3935983180999756,2,0,2.401615474790468,1.9889946456065033,1.0,8.856696969181149,0
32.6364416,-5.733884811401367,-0.2339235246181488,-3.104611476947161,-4.710466384887695,-2.3935983180999756,2,0,2.389891313287801,1.976346145486839,1.0,8.966459529181149,0
32.769037312,-5.718299865722656,-0.23382532596588135,-3.104867366846582,-4.710466384887695,-2.3935983180999756,2,0,2.3833480028404943,1.9706751656575587,1.0,9.099055241181153,0
32.872128256,-5.708202362060547,-0.23349922895431519,-3.1053848409016185,-4.710466384887695,-2.3935983180999756,2,0,2.379391761579622,1.9672890352078003,1.0,9.202146185181155,0
32.977052672,-5.702585697174072,-0.23370224237442017,-3.102338561886939,-4.710466384887695,-2.3935983180999756,2,0,2.376857544689258,1.9621332946163452,1.0,9.30707060118115,0
33.090980096,-5.700381278991699,-0.23278430104255676,-3.1040290426176314,-4.710466384887695,-2.3935983180999756,2,0,2.3767727518382484,1.9628197443324762,1.0,9.420998025181154,0
33.182315776,-5.699680328369141,-0.23310726881027222,-3.106205309567055,-4.710466384887695,-2.3935983180999756,2,0,2.3761872401052564,1.9647844344602685,1.0,9.512333705181154,0
33.292284928,-5.701884746551514,-0.23284095525741577,-3.1059207961528497,-4.710466384887695,-2.3935983180999756,2,0,2.3773478392785736,1.9652963746397365,1.0,9.622302857181152,0
33.38754304,-5.706807613372803,-0.23215532302856445,-3.1038407735683444,-4.710466384887695,-2.3935983180999756,2,0,2.380027660453232,1.964976180113073,1.0,9.717560969181148,0
33.495915264,-5.710485458374023,-0.23148667812347412,-3.1062293608506564,-4.710466384887695,-2.3935983180999756,2,0,2.3821765029187763,1.9686493724433234,1.0,9.825933193181148,0
33.598523392,-5.715483665466309,-0.2318929135799408,-3.108551929531126,-4.710466384887695,-2.3935983180999756,2,0,2.3839106506311762,1.9729464327060073,1.0,9.928541321181148,0
33.700022784,-5.715971946716309,-0.23056432604789734,-3.108449226209808,-4.710466384887695,-2.3935983180999756,2,0,2.385321254179618,1.9727945359462176,1.0,10.03004071318115,0
33.810925056,-5.710095405578613,-0.22937637567520142,-3.10983637120412,-4.710466384887695,-2.3935983180999756,2,0,2.3839284374914333,1.971736271402543,1.0,10.140942985181153,0
33.909926912,-5.707856178283691,-0.22962471842765808,-3.1124323621364134,-4.710466384887695,-2.3935983180999756,2,0,2.3827648100576932,1.9735228153500604,1.0,10.239944841181154,0
34.048382464,-5.731597900390625,-0.2310815453529358,-3.1115223735719426,-4.710466384887695,-2.3935983180999756,2,0,2.391482461647081,1.9818839897269616,1.0,10.37840039318115,0
34.148866304,-5.7514848709106445,-0.23161080479621887,-3.112238163787709,-4.710466384887695,-2.3935983180999756,2,0,2.399564438793606,1.9901882865691611,0.9996648683168325,10.478867395521938,0
34.244927232,-5.768622875213623,-0.23068955540657043,-3.113149896220081,-4.710466384887695,-2.3935983180999756,2,0,2.407876548694887,1.9973468612614198,0.8470474579989514,10.567565845429405,0
34.359199488,-5.775639533996582,-0.2313547432422638,-3.112860851727307,-4.710466384887695,-2.3935983180999756,2,0,2.4103715718942587,1.9997939679499854,0.6294731497764587,10.651928515869898,0
34.46224256,-5.772251605987549,-0.23083627223968506,-3.1129753391688286,-4.710466384887695,-2.3935983180999756,2,0,2.409341719798139,1.9985519486148675,0.5103545784950256,10.710654191205835,0
34.566780672,-5.7644805908203125,-0.23073679208755493,-3.1115860961737063,-4.710466384887695,-2.3935983180999756,2,0,2.4060166098787725,1.9942452048942565,0.49766531586647034,10.76334243951333,0
34.673732352,-5.745499134063721,-0.23000943660736084,-3.1124928387590316,-4.710466384887695,-2.3935983180999756,2,0,2.398418153697421,1.9879046896837416,0.4731047613409755,10.815255184838865,0
34.78817664,-5.728499412536621,-0.23032906651496887,-3.113181609822873,-4.710466384887695,-2.3935983180999756,2,0,2.3908419228876663,1.982236936609283,0.11698987671827218,10.84902166519152,0
34.909908736,-5.697626113891602,-0.2290414571762085,-3.111455244008961,-4.710466384887695,-2.3935983180999756,2,0,2.379031469892573,1.9685378119484227,0.0797672759095176,10.860997495487705,0
34.988269312,-5.668330669403076,-0.22781366109848022,-3.111952529222261,-4.710466384887695,-2.3935983180999756,2,0,2.368148468329899,1.9575643386311832,0.07863013446331024,10.867203551644566,0
35.100342784,-5.638200283050537,-0.226953387260437,-3.112278058620907,-4.710466384887695,-2.3935983180999756,2,0,2.3569133293638718,1.9460505322148727,0.3955395893822345,10.893774475278892,0
35.21246336,-5.6075897216796875,-0.22576120495796204,-3.1124861021499863,-4.710466384887695,-2.3935983180999756,2,0,2.346134699997572,1.9340642984175895,0.7621162533760071,10.958672995228804,0
35.310932992,-5.580662250518799,-0.22526639699935913,-3.1142214517085898,-4.710466384887695,-2.3935983180999756,2,0,2.336429790219547,1.925069271964671,0.819777070109022,11.036557221942216,0
35.42200064,-5.553884983062744,-0.22387245297431946,-3.1144827319488444,-4.710466384887695,-2.3935983180999756,2,0,2.3278885844350112,1.9144320882080326,0.8207832868776497,11.127663812068493,0
35.524813568,-5.5153937339782715,-0.22279170155525208,-3.1147271845491824,-4.710466384887695,-2.3935983180999756,2,0,2.315234200626004,1.899011125197017,0.8091610967870745,11.211453489349354,0
35.631909632,-5.47681999206543,-0.22164979577064514,-3.113975000089609,-4.710466384887695,-2.3935983180999756,2,0,2.303184368408853,1.882382662954151,0.3545354199838835,11.273767147667696,0
35.732579328,-5.431030750274658,-0.21943438053131104,-3.114580439658126,-4.710466384887695,-2.3935983180999756,2,0,2.2904588693293744,1.8638129038525477,0.0506623897942133,11.294162717832808,0
35.8444992,-5.3947834968566895,-0.21851074695587158,-3.114577876553485,-4.710466384887695,-2.3935983180999756,2,0,2.2801964502821117,1.8485928987947702,0.0004969773314109627,11.297025592742958,0
35.94228224,-5.359246730804443,-0.21703362464904785,-3.1137458012672155,-4.710466384887695,-2.3935983180999756,2,0,2.2712000796990535,1.8326396276355146,0.0,11.297049890720096,0
36.083026176,-5.314666271209717,-0.21560195088386536,-3.113971397136034,-4.710466384887695,-2.3935983180999756,2,0,2.2602490301376346,1.8137812716754969,0.0,11.297049890720096,0
36.187012608,-5.2776031494140625,-0.21479424834251404,-3.113798786018915,-4.710466384887695,-2.3935983180999756,2,0,2.251406512398219,1.7976489503154003,0.0,11.297049890720096,0
36.271030784,-5.240456581115723,-0.2137940526008606,-3.1140556268155652,-4.710466384887695,-2.3935983180999756,2,0,2.243309217202559,1.7817679334604142,0.0,11.297049890720096,0
36.358467328,-5.203490257263184,-0.2123660445213318,-3.113943110554793,-4.710466384887695,-2.3935983180999756,2,0,2.236257313019497,1.765441352935043,0.0,11.297049890720096,0
36.460357888,-5.166186809539795,-0.2106417417526245,-3.1146013710299347,-4.710466384887695,-2.3935983180999756,2,0,2.2300180536630725,1.7496121306958337,0.0,11.297049890720096,0
36.610694656,-5.121917724609375,-0.20916646718978882,-3.1139420216126164,-4.710466384887695,-2.3935983180999756,2,0,2.2228438353221462,1.7293206631349207,0.0,11.297049890720096,0
36.675980544,-5.084473133087158,-0.20828840136528015,-3.1139313252188083,-4.710466384887695,-2.3935983180999756,2,0,2.217083778272201,1.7126386204963904,0.0,11.297049890720096,0
36.791106048,-5.047154426574707,-0.20735955238342285,-3.114089972077954,-4.710466384887695,-2.3935983180999756,2,0,2.2120123820035165,1.6960965083164101,0.0,11.297049890720096,0
36.891892736,-5.002447128295898,-0.20574000477790833,-3.114178030153911,-4.710466384887695,-2.3935983180999756,2,0,2.2072554799328707,1.6760528256218672,0.0,11.297049890720096,0
37.010187008,-4.965493202209473,-0.204212486743927,-3.1140060502538547,-4.710466384887695,-2.3935983180999756,2,0,2.2041889656052387,1.6591704109419076,0.0,11.297049890720096,0
37.111043072,-4.92053747177124,-0.2027684450149536,-3.1146360232878814,-4.710466384887695,-2.3935983180999756,2,0,2.2008783233850453,1.6394339752252538,0.0,11.297049890720096,0
37.21265792,-4.883631706237793,-0.2015063464641571,-3.1141627988915412,-4.710466384887695,-2.3935983180999756,2,0,2.1989209718924627,1.6221982300868127,0.0,11.297049890720096,0
37.343131392,-4.846379280090332,-0.2006807029247284,-3.1143316848832723,-4.710466384887695,-2.3935983180999756,2,0,2.1971253906020602,1.605434294678651,0.0,11.297049890720096,0
37.443659264,-4.801743984222412,-0.19921159744262695,-3.114449470217954,-4.710466384887695,-2.3935983180999756,2,0,2.196284289416473,1.5852251277615634,0.0,11.297049890720096,0
37.544605696,-4.764715194702148,-0.1979128122329712,-3.1143210928122427,-4.710466384887695,-2.3935983180999756,2,0,2.196355566396463,1.568226744162537,0.0,11.297049890720096,0
37.671979264,-4.727558135986328,-0.19648411870002747,-3.114543963587835,-4.710466384887695,-2.3935983180999756,2,0,2.1971806783149384,1.5515266618171664,0.0,11.297049890720096,0
37.776269312,-4.6901116371154785,-0.19529932737350464,-3.115091885244541,-4.710466384887695,-2.3935983180999756,2,0,2.1983932242403523,1.5350365057986926,0.0,11.297049890720096,0
37.866252544,-4.645746231079102,-0.19389775395393372,-3.114481768695157,-4.710466384887695,-2.3935983180999756,2,0,2.200652464659839,1.5142716711610191,0.0,11.297049890720096,0
37.995837696,-4.608532905578613,-0.19285207986831665,-3.1147517938878226,-4.710466384887695,-2.3935983180999756,2,0,2.2031056350740092,1.4976708579762326,0.0,11.297049890720096,0
38.096509696,-4.57145357131958,-0.1915874183177948,-3.1147439337363485,-4.710466384887695,-2.3935983180999756,2,0,2.20639447177871,1.480901333856309,0.0,11.297049890720096,0
38.196680192,-4.5344719886779785,-0.1902329921722412,-3.1140835226944232,-4.710466384887695,-2.3935983180999756,2,0,2.2103829503047328,1.463581150072275,0.0,11.297049890720096,0
38.296653056,-4.489677906036377,-0.1887689232826233,-3.1145315174599193,-4.710466384887695,-2.3935983180999756,2,0,2.2158565415306404,1.4439293347804707,0.0,11.297049890720096,0
38.389766144,-4.452307224273682,-0.18761134147644043,-3.115067147378684,-4.710466384887695,-2.3935983180999756,2,0,2.221041353338919,1.427774106123275,0.0,11.297049890720096,0
38.49755648,-4.415266513824463,-0.18665152788162231,-3.1148871894949197,-4.710466384887695,-2.3935983180999756,2,0,2.2266021419936792,1.411120732645247,0.0,11.297049890720096,0
38.595666432,-4.378252029418945,-0.1854478120803833,-3.1146352902144656,-4.710466384887695,-2.3935983180999756,2,0,2.2330013513686233,1.3945097832508981,0.0,11.297049890720096,0
38.710127872,-4.333766460418701,-0.1839667558670044,-3.114573084886545,-4.710466384887695,-2.3935983180999756,2,0,2.241511649291849,1.3749192690290712,0.0,11.297049890720096,0
38.8101952,-4.296674728393555,-0.182512104511261,-3.114338292074097,-4.710466384887695,-2.3935983180999756,2,0,2.249472333438721,1.3585378865203728,0.0,11.297049890720096,0
38.909960704,-4.252010345458984,-0.18108287453651428,-3.114679280914919,-4.710466384887695,-2.3935983180999756,2,0,2.2595146664926697,1.3395641021167677,0.0,11.297049890720096,0
39.050785792,-4.21469259262085,-0.1800035834312439,-3.1149040090579128,-4.710466384887695,-2.3935983180999756,2,0,2.2684341080251333,1.3237759844064385,0.0,11.297049890720096,0
39.153847552,-4.177681922912598,-0.1789361834526062,-3.114685743254581,-4.710466384887695,-2.3935983180999756,2,0,2.277847153248641,1.3078041868124375,0.0,11.297049890720096,0
39.253014784,-4.140720367431641,-0.17764976620674133,-3.114545286059318,-4.710466384887695,-2.3935983180999756,2,0,2.2880206531071257,1.2920883317557514,0.0,11.297049890720096,0
39.397015296,-4.088658332824707,-0.17585307359695435,-3.1146469870945395,-4.710466384887695,-2.3935983180999756,2,0,2.3032670759436766,1.2704910225633492,0.0,11.297049890720096,0
39.504786944,-4.0440802574157715,-0.17440536618232727,-3.1146970379421965,-4.710466384887695,-2.3935983180999756,2,0,2.3170860641607582,1.2521842169465174,0.0,11.297049890720096,0
39.604570112,-4.007153511047363,-0.17320996522903442,-3.114041789742563,-4.710466384887695,-2.3935983180999756,2,0,2.3291143029217087,1.236491416431896,0.0,11.297049890720096,0
39.70403712,-3.969712018966675,-0.17196661233901978,-3.114448137874575,-4.710466384887695,-2.3935983180999756,2,0,2.3418720004887943,1.2218159985295136,0.0,11.297049890720096,0
39.803888384,-3.9250729084014893,-0.1705499291419983,-3.1145076949091512,-4.710466384887695,-2.3935983180999756,2,0,2.357708008332615,1.204103519606063,0.0,11.297049890720096,0
39.910483712,-3.8803634643554688,-0.16917642951011658,-3.114587932626604,-4.710466384887695,-2.3935983180999756,2,0,2.3742627481207315,1.1866202049799206,0.0,11.297049890720096,0
40.052105728,-3.843160390853882,-0.16799890995025635,-3.1145150700740394,-4.710466384887695,-2.3935983180999756,2,0,2.388621446115596,1.1721270278994034,0.0,11.297049890720096,0
40.154301696,-3.8062198162078857,-0.16671383380889893,-3.1140990435400817,-4.710466384887695,-2.3935983180999756,2,0,2.4034717313389695,1.157583969704393,0.0,11.297049890720096,0
40.256529664,-3.761540651321411,-0.16521012783050537,-3.1145434730479193,-4.710466384887695,-2.3935983180999756,2,0,2.4220185743211706,1.1411694404919235,0.0,11.297049890720096,0
40.35727744,-3.724508285522461,-0.1639500856399536,-3.113790502761503,-4.710466384887695,-2.3935983180999756,2,0,2.437918090136747,1.1266427632841332,0.0,11.297049890720096,0
40.45992704,-3.687032461166382,-0.16271403431892395,-3.1143131764626224,-4.710466384887695,-2.3935983180999756,2,0,2.45443714196247,1.1134044563994703,0.0,11.297049890720096,0
40.554129408,-3.6497533321380615,-0.16165035963058472,-3.11445252552833,-4.710466384887695,-2.3935983180999756,2,0,2.4711745931012503,1.1000112927207883,0.0,11.297049890720096,0
40.653831168,-3.6051230430603027,-0.16021788120269775,-3.1142382010096537,-4.710466384887695,-2.3935983180999756,2,0,2.491941427730119,1.0838669865576254,0.0,11.297049890720096,0
40.78066944,-3.567033529281616,-0.158827543258667,-3.114361922571803,-4.710466384887695,-2.3935983180999756,2,0,2.5103065771662822,1.0706370891864578,0.0,11.297049890720096,0
40.8816512,-3.5282816886901855,-0.1575945019721985,-3.113587602362547,-4.710466384887695,-2.3935983180999756,2,0,2.5292832426720384,1.056444840309224,0.0,11.297049890720096,0
40.974604544,-3.4892470836639404,-0.1562158763408661,-3.1134976905333103,-4.710466384887695,-2.3935983180999756,2,0,2.548971708821695,1.0430691666543606,0.0,11.297049890720096,0
41.093583872,-3.4423515796661377,-0.1546846330165863,-3.1137827710892196,-4.710466384887695,-2.3935983180999756,2,0,2.5731011733851026,1.0276413073979809,0.0,11.297049890720096,0
41.184998656,-3.403029680252075,-0.1535538136959076,-3.1144743921693965,-4.710466384887695,-2.3935983180999756,2,0,2.593682732783506,1.0153558156001932,0.0,11.297049890720096,0
41.278192896,-3.3639769554138184,-0.1524643898010254,-3.1143990958802226,-4.710466384887695,-2.3935983180999756,2,0,2.6145200454878084,1.0025899411943104,0.0,11.297049890720096,0
41.386625024,-3.325169086456299,-0.15146523714065552,-3.1143764027730247,-4.710466384887695,-2.3935983180999756,2,0,2.6355662309593852,0.990140356632228,0.0,11.297049890720096,0
41.511209216,-3.278636932373047,-0.14997267723083496,-3.114255920944229,-4.710466384887695,-2.3935983180999756,2,0,2.661576900533565,0.9754410106118225,0.0,11.297049890720096,0
41.610327808,-3.2401599884033203,-0.14838913083076477,-3.114075347861207,-4.710466384887695,-2.3935983180999756,2,0,2.683796787042741,0.9634921494019126,0.0,11.297049890720096,0
41.710341632,-3.2015531063079834,-0.14676812291145325,-3.1135798887945083,-4.710466384887695,-2.3935983180999756,2,0,2.7064857672422864,0.9513910995069725,0.0,11.297049890720096,0
41.810264576,-3.1552236080169678,-0.1452242136001587,-3.1136240262141786,-4.710466384887695,-2.3935983180999756,2,0,2.733855557412265,0.9376811948162622,0.0,11.297049890720096,0
41.936946432,-3.116528272628784,-0.14392685890197754,-3.114211962329138,-4.710466384887695,-2.3935983180999756,2,0,2.757110875543737,0.926994145116705,0.0,11.297049890720096,0
42.03876736,-3.0703718662261963,-0.14253681898117065,-3.1132509640973285,-4.710466384887695,-2.3935983180999756,2,0,2.7851728676975323,0.9127991741644541,0.0,11.297049890720096,0
42.139383296,-3.031867027282715,-0.14158254861831665,-3.113392582584212,-4.710466384887695,-2.3935983180999756,2,0,2.808784582225188,0.9020608382307902,0.0,11.297049890720096,0
42.239928576,-2.993473768234253,-0.14057421684265137,-3.113836974621782,-4.710466384887695,-2.3935983180999756,2,0,2.8326985802391347,0.8918508116444057,0.0,11.297049890720096,0
42.349227264,-2.9470601081848145,-0.13901013135910034,-3.1132163036153804,-4.710466384887695,-2.3935983180999756,2,0,2.8623014496217243,0.8786638129473472,0.0,11.297049890720096,0
42.485381376,-2.9075710773468018,-0.13788849115371704,-3.1128051111548016,-4.710466384887695,-2.3935983180999756,2,0,2.887673512247341,0.8677201250216164,0.0,11.297049890720096,0
42.591689984,-2.8659462928771973,-0.13689535856246948,-3.11227338531131,-4.710466384887695,-2.3935983180999756,2,0,2.914611915404134,0.8562449746184964,0.0,11.297049890720096,0
42.678812928,-2.815133810043335,-0.13583582639694214,-3.111258661709273,-4.710466384887695,-2.3935983180999756,2,0,2.9478427770502353,0.8421110730361052,0.0,11.297049890720096,0
42.789587968,-2.773167848587036,-0.1345486044883728,-3.113153252141705,-4.710466384887695,-2.3935983180999756,2,0,2.9759756765338894,0.8334831247780876,0.0,11.297049890720096,0
42.888350976,-2.730997323989868,-0.13313254714012146,-3.1133206930199284,-4.710466384887695,-2.3935983180999756,2,0,3.0046635859498236,0.8233032555804152,0.0,11.297049890720096,0
42.989236224,-2.6807379722595215,-0.13174960017204285,-3.1136951842988365,-4.710466384887695,-2.3935983180999756,2,0,3.039038836840082,0.8115354563266108,0.0,11.297049890720096,0
43.112341504,-2.6388375759124756,-0.1300104558467865,-3.1132365629583165,-4.710466384887695,-2.3935983180999756,2,0,3.068464751682191,0.8012921672038362,0.0,11.297049890720096,0
43.224672,-2.5970942974090576,-0.1284427046775818,-3.112912842767936,-4.710466384887695,-2.3935983180999756,2,0,3.0979463412320096,0.7913699023898029,0.0,11.297049890720096,0
43.3174464,-2.546931505203247,-0.1270051896572113,-3.112179267552979,-4.710466384887695,-2.3935983180999756,2,0,3.133421067382288,0.7792436231451929,0.0,11.297049890720096,0
43.441575936,-2.5052974224090576,-0.12612509727478027,-3.110688988545014,-4.710466384887695,-2.3935983180999756,2,0,3.162942452881256,0.7684236762917038,0.0,11.297049890720096,0
43.540667648,-2.4637701511383057,-0.1252650022506714,-3.109513210998854,-4.710466384887695,-2.3935983180999756,2,0,3.1926446715122543,0.758110919003427,0.0,11.297049890720096,0
43.664096,-2.413623809814453,-0.12411579489707947,-3.108341842300793,-4.710466384887695,-2.3935983180999756,2,0,3.228937400723722,0.7461557234189384,0.0,11.297049890720096,0
43.76402688,-2.371368885040283,-0.12323799729347229,-3.1088584490745994,-4.710466384887695,-2.3935983180999756,2,0,3.2597412627515427,0.7377528592957594,0.0,11.297049890720096,0
43.840568064,-2.329497814178467,-0.12193340063095093,-3.1105575683318762,-4.710466384887695,-2.3935983180999756,2,0,3.2908164385095526,0.7308745417174425,0.0,11.297049890720096,0
43.943762176,-2.287801742553711,-0.12047284841537476,-3.1070533652579693,-4.710466384887695,-2.3935983180999756,2,0,3.322108271887611,0.7190242638031439,0.0,11.297049890720096,0
44.044019968,-2.2373719215393066,-0.11888724565505981,-3.112439596568699,-4.710466384887695,-2.3935983180999756,2,0,3.360134921063134,0.7144851698659536,0.0,11.297049890720096,0
44.145210368,-2.196047067642212,-0.11697182059288025,-3.107488795100734,-4.710466384887695,-2.3935983180999756,2,0,3.3919511659351267,0.701702241596438,0.0,11.297049890720096,0
44.285377536,-2.1542611122131348,-0.11520522832870483,-3.10782651927633,-4.710466384887695,-2.3935983180999756,2,0,3.4242167670237675,0.6942318099604634,0.0,11.297049890720096,0
44.395282688,-2.112637996673584,-0.11341318488121033,-3.1083782049632016,-4.710466384887695,-2.3935983180999756,2,0,3.4565816316648745,0.6871581816833738,0.0,11.297049890720096,0
44.488638464,-2.0630064010620117,-0.11170068383216858,-3.112697403425989,-4.710466384887695,-2.3935983180999756,2,0,3.4951539564424485,0.6824781792830539,0.0,11.297049890720096,0
44.605120256,-2.022264003753662,-0.11075031757354736,-3.108045922606698,-4.710466384887695,-2.3935983180999756,2,0,3.5267303604673548,0.6704884444697172,0.0,11.297049890720096,0
44.69296,-1.9806780815124512,-0.10962244868278503,-3.1107436011426746,-4.710466384887695,-2.3935983180999756,2,0,3.5592541287921975,0.6658646329460485,0.0,11.297049890720096,0
44.794272768,-1.939737319946289,-0.10938316583633423,-3.1089548115296526,-4.710466384887695,-2.3935983180999756,2,0,3.59090217259422,0.656810698132781,0.0,11.297049890720096,0
44.894717952,-1.8902244567871094,-0.10743197798728943,-3.1096580122616175,-4.710466384887695,-2.3935983180999756,2,0,3.6304711908622473,0.6492531183182844,0.0,11.297049890720096,0
45.004375296,-1.84916353225708,-0.10678708553314209,-3.109471135187736,-4.710466384887695,-2.3935983180999756,2,0,3.662862217974618,0.6421437965774741,0.0,11.297049890720096,0
45.110280192,-1.7996783256530762,-0.10533058643341064,-3.108966767177353,-4.710466384887695,-2.3935983180999756,2,0,3.7025472768851024,0.6336024389357933,0.0,11.297049890720096,0
45.211836416,-1.7583322525024414,-0.10442492365837097,-3.1094290236134694,-4.710466384887695,-2.3935983180999756,2,0,3.7356941477339034,0.6274150326024701,0.0,11.297049890720096,0
45.34571136,-1.7171409130096436,-0.10352742671966553,-3.1087953604842107,-4.710466384887695,-2.3935983180999756,2,0,3.7688754381302347,0.6202721818580437,0.0,11.297049890720096,0
45.445833472,-1.6759514808654785,-0.1016988754272461,-3.108495198439637,-4.710466384887695,-2.3935983180999756,2,0,3.802773166789801,0.6137724151740773,0.0,11.297049890720096,0
45.54926592,-1.626129388809204,-0.10046625137329102,-3.1099642186897887,-4.710466384887695,-2.3935983180999756,2,0,3.843382544169743,0.6076845424393813,0.0,11.297049890720096,0
45.6508992,-1.5848898887634277,-0.09884917736053467,-3.1093980325994983,-4.710466384887695,-2.3935983180999756,2,0,3.8775123535649576,0.6011073531241768,0.0,11.297049890720096,0
45.778038272,-1.5435523986816406,-0.09749829769134521,-3.108789727593845,-4.710466384887695,-2.3935983180999756,2,0,3.9117028900145314,0.5945233515214245,0.0,11.297049890720096,0
45.882079744,-1.5020506381988525,-0.09606778621673584,-3.1097248602773915,-4.710466384887695,-2.3935983180999756,2,0,3.946210606206492,0.5895787202006102,0.0,11.297049890720096,0
45.951441152,-1.4524118900299072,-0.09491628408432007,-3.1088941184597014,-4.710466384887695,-2.3935983180999756,2,0,3.987337229902857,0.5817347059987199,0.0,11.297049890720096,0
46.094207232,-1.4112772941589355,-0.09348616003990173,-3.1086066137148403,-4.710466384887695,-2.3935983180999756,2,0,4.021835973288745,0.5758414347578689,0.0,11.297049890720096,0
46.17900032,-1.3701367378234863,-0.0922117829322815,-3.1084116416473737,-4.710466384887695,-2.3935983180999756,2,0,4.056375492395553,0.5701037680934511,0.0,11.297049890720096,0
46.299958784,-1.3292157649993896,-0.09099951386451721,-3.1080586431337434,-4.710466384887695,-2.3935983180999756,2,0,4.09082106767842,0.5643194962615721,0.0,11.297049890720096,0
46.402081024,-1.288259744644165,-0.08998477458953857,-3.107945426986366,-4.710466384887695,-2.3935983180999756,2,0,4.125304067141188,0.5588213976293295,0.0,11.297049890720096,0
46.462795008,-1.2472038269042969,-0.08868962526321411,-3.1076639333204934,-4.710466384887695,-2.3935983180999756,2,0,4.160143222035051,0.5532872602321302,0.0,11.297049890720096,0
46.603739904,-1.1979827880859375,-0.08670946955680847,-3.107810706056283,-4.710466384887695,-2.3935983180999756,2,0,4.202294275432675,0.547336791742838,0.0,11.297049890720096,0
46.679586048,-1.1569461822509766,-0.08508780598640442,-3.107820960929388,-4.710466384887695,-2.3935983180999756,2,0,4.237537801021505,0.5423507367912919,0.0,11.297049890720096,0
46.796839168,-1.1157417297363281,-0.08307260274887085,-3.108747377670909,-4.710466384887695,-2.3935983180999756,2,0,4.273239336574989,0.5384196249241029,0.0,11.297049890720096,0
46.90575616,-1.0748982429504395,-0.08111146092414856,-3.108844291407587,-4.710466384887695,-2.3935983180999756,2,0,4.308706439208877,0.5337739873781739,0.0,11.297049890720096,0
47.00591104,-1.0257134437561035,-0.07950592041015625,-3.108727392090311,-4.710466384887695,-2.3935983180999756,2,0,4.35114098395165,0.527901596334325,0.0,11.297049890720096,0
47.107935232,-0.9847292900085449,-0.07760417461395264,-3.108441939804268,-4.710466384887695,-2.3935983180999756,2,0,4.386906173241011,0.5230146275053178,0.0,11.297049890720096,0
47.210882048,-0.9434325695037842,-0.07609862089157104,-3.1088147026700863,-4.710466384887695,-2.3935983180999756,2,0,4.422821340819332,0.5187470616410916,0.0,11.297049890720096,0
47.310651648,-0.8941891193389893,-0.07434004545211792,-3.1088059814083215,-4.710466384887695,-2.3935983180999756,2,0,4.465750900217055,0.5132957597588863,0.0,11.297049890720096,0
47.4122752,-0.8528976440429688,-0.07261031866073608,-3.108977054787928,-4.710466384887695,-2.3935983180999756,2,0,4.501979773819884,0.5090318163895411,0.0,11.297049890720096,0
47.512114176,-0.8118433952331543,-0.07127267122268677,-3.108856456753614,-4.710466384887695,-2.3935983180999756,2,0,4.537891319281118,0.5044996240158102,0.0,11.297049890720096,0
47.656071424,-0.7707624435424805,-0.06990611553192139,-3.1084853964206247,3.72902774810791,-12.193548202514648,3,1,12.931775176754812,1.8930874134484679,0.0,11.297049890720096,0
47.758292224,-0.729616641998291,-0.06861776113510132,-3.1080239849240225,3.72902774810791,-12.193548202514648,3,0,12.918724705082848,1.8896053573293816,0.0,11.297049890720096,0
47.864329984,-0.6800713539123535,-0.06654965877532959,-3.108315460313918,3.72902774810791,-12.193548202514648,3,0,12.903652528307303,1.8862378039517615,0.0,11.297049890720096,0
47.956901632,-0.638786792755127,-0.06513601541519165,-3.1081526997028557,3.72902774810791,-12.193548202514648,3,0,12.890934257979799,1.8830277241422646,0.0,11.297049890720096,0
48.078994432,-0.5973777770996094,-0.06359356641769409,-3.108465367452284,3.72902774810791,-12.193548202514648,3,0,12.878415439886854,1.8802746199377118,0.0,11.297049890720096,0
48.153499904,-0.5559992790222168,-0.06172192096710205,-3.108665710811044,3.72902774810791,-12.193548202514648,3,0,12.866338467057496,1.877396969312425,0.0,11.297049890720096,0
48.263394304,-0.5063514709472656,-0.0598905086517334,-3.1085521098707862,3.72902774810791,-12.193548202514648,3,0,12.851618036692622,1.873593283331628,0.0,11.297049890720096,0
48.390052096,-0.4483499526977539,-0.05746865272521973,-3.108853625787834,3.72902774810791,-12.193548202514648,3,0,12.834909866999674,1.8695660144623476,0.0783865985147452,11.30201402746523,0
48.49445632,-0.4076061248779297,-0.05573207139968872,-3.1095024467516663,3.72902774810791,-12.193548202514648,3,0,12.82335058523662,1.8671664364413108,0.4338218706276746,11.328752391338751,0
48.597092352,-0.3741469383239746,-0.054469168186187744,-3.1109864209098332,3.72902774810791,-12.193548202514648,3,0,12.813792659047055,1.8661470228344914,0.5391653050280625,11.378684162786847,0
48.698368512,-0.3482208251953125,-0.053512394428253174,-3.111596036102982,3.72902774810791,-12.193548202514648,3,0,12.806421254594238,1.864814849942288,0.546144541167489,11.433642169603287,0
48.810440704,-0.3225588798522949,-0.05228692293167114,-3.1115478476391965,3.72902774810791,-12.193548202514648,3,0,12.799436693189541,1.8628355769147138,0.5476514101028442,11.494934224533083,0
48.9098752,-0.2884249687194824,-0.050908446311950684,-3.112122415010445,3.72902774810791,-12.193548202514648,3,0,12.789981492592478,1.8608444600078098,0.5476514101028442,11.549389666480348,0
49.010600192,-0.2547025680541992,-0.04959291219711304,-3.112739670444421,3.72902774810791,-12.193548202514648,3,0,12.780679063537285,1.8589243808714127,0.5476514101028442,11.604551850381744,0
49.11231616,-0.2190542221069336,-0.04772365093231201,-3.1124671505570816,3.72902774810791,-12.193548202514648,3,0,12.77139010763338,1.855954029232267,0.5476514101028442,11.66025674368692,0
49.213442048,-0.17407464981079102,-0.046023786067962646,-3.11465676065249,3.72902774810791,-12.193548202514648,3,0,12.75917543483148,1.854749849255077,0.5476514101028442,11.715638478848023,0
49.330836992,-0.12283515930175781,-0.04399043321609497,-3.116225939266014,3.72902774810791,-12.193548202514648,3,0,12.745532623119416,1.8524427439815883,0.5476514101028442,11.77992998546857,0
49.432859136,-0.08216142654418945,-0.042677998542785645,-3.1171394589695853,3.72902774810791,-12.193548202514648,3,0,12.734551803607246,1.8502804942459452,0.5476514101028442,11.835802556491883,0
49.569090304,-0.03943014144897461,-0.041031599044799805,-3.1175870217592347,3.72902774810791,-12.193548202514648,3,0,12.723401065083733,1.84748477920943,0.5476514101028442,11.91040974774704,0
49.663095808,0.007099628448486328,-0.03887826204299927,-3.1181314237074824,3.72902774810791,-12.193548202514648,3,0,12.711756380993014,1.8444828648395184,0.5476514101028442,11.96189199457007,0
49.788998656,0.06063652038574219,-0.03696221113204956,-3.1224314605498527,3.72902774810791,-12.193548202514648,3,0,12.698018631483755,1.8447073197024793,0.5476514101028442,12.030842866813233,0
49.901413888,0.10344123840332031,-0.035884976387023926,-3.1318862548676916,3.72902774810791,-12.193548202514648,3,0,12.686751067916791,1.8509074713097515,0.5476514101028442,12.092407227135073,0
49.999045888,0.14593887329101562,-0.034249961376190186,-3.1391493694266233,3.72902774810791,-12.193548202514648,3,0,12.676239963088005,1.8549209915194975,0.5476514101028442,12.145875529606233,0
50.11102336,0.19004344940185547,-0.03253966569900513,3.138616545790422,3.72902774810791,-12.193548202514648,3,0,12.665486113805144,1.8569619508206703,0.5476514101028442,12.207200150046784,0
50.20343808,0.2290329933166504,-0.030823826789855957,3.1222846674789464,3.72902774810791,-12.193548202514648,3,0,12.65629596380459,1.8702980038571617,0.5476514101028442,12.257811201769044,0
50.310760448,0.2751622200012207,-0.029695212841033936,3.021645958576472,3.72902774810791,-12.193548202514648,3,0,12.644702710646678,1.9674061848509297,0.5476514101028442,12.316586447939823,0
50.458090752,0.3173384666442871,-0.027873873710632324,0.46089710644478493,3.72902774810791,-12.193548202514648,3,0,12.635001212021105,1.7582807601515813,0.5476514101028442,12.3972720966763,0
50.554323456,0.366823673248291,-0.026113569736480713,0.11735963731592214,3.72902774810791,-12.193548202514648,3,0,12.623425913116145,1.418555450398828,0.5476514101028442,12.449974072719911,0
50.678055936,0.4066624641418457,-0.024706542491912842,0.08385221912993349,3.72902774810791,-12.193548202514648,3,0,12.61423079013571,1.388121903901163,0.5476514101028442,12.517736339867433,0
50.779672832,0.45702219009399414,-0.02274554967880249,0.06359730948498973,3.72902774810791,-12.193548202514648,3,0,12.602954319759714,1.3717627646515944,0.5476514101028442,12.57338697625211,0
50.884545792,0.5107264518737793,-0.02070671319961548,0.055604878166216704,3.72902774810791,-12.193548202514648,3,0,12.591089434887344,1.3679313899772079,0.5476514101028442,12.630820800677766,0
51.009922304,0.5613522529602051,-0.01908421516418457,0.05256242366641183,3.72902774810791,-12.193548202514648,3,0,12.579814840523394,1.3688125992941844,0.5476514101028442,12.699483424268344,0
51.110384384,0.6002640724182129,-0.0175667405128479,0.050797250605192544,3.72902774810791,-12.193548202514648,3,0,12.571542733544154,1.3700733204013391,0.5444031666766186,12.754338461396737,0
51.2100352,0.6454439163208008,-0.016157448291778564,0.04792606143198221,3.72902774810791,-12.193548202514648,3,0,12.561740915521682,1.3707135154659127,0.5334882663831657,12.808044841828645,0
51.323786496,0.681523323059082,-0.015190541744232178,0.0478214511618345,3.72902774810791,-12.193548202514648,3,0,12.55387105773903,1.373413847662411,0.5274872327275116,12.868388510852686,0
51.436818688,0.7196660041809082,-0.014029085636138916,0.04504170612011093,3.72902774810791,-12.193548202514648,3,0,12.545793877799062,1.37360591569959,0.40707710420281445,12.921206438636819,0
51.53543424,0.7545404434204102,-0.012349069118499756,0.044046872096983845,3.72902774810791,-12.193548202514648,3,0,12.539106309988691,1.3753432785936,0.20716685986185102,12.95149344242627,0
51.636998656,0.7985329627990723,-0.011188924312591553,0.04365019480672257,3.72902774810791,-12.193548202514648,3,0,12.529871398778123,1.3783793675100673,0.10048119276653877,12.96711648982564,0
51.741526528,0.8432822227478027,-0.00967097282409668,0.04232436189385202,3.72902774810791,-12.193548202514648,3,0,12.520958093744575,1.3805567219673196,0.05580171817476494,12.97528444988097,0
51.852731392,0.8976821899414062,-0.007911384105682373,0.04235862439622339,3.72902774810791,-12.193548202514648,3,0,12.510246294134795,1.3848547812077623,0.030991139279063207,12.980110343835632,0
51.966809088,0.9432277679443359,-0.0061920881271362305,0.041860914232981786,3.72902774810791,-12.193548202514648,3,0,12.501693108870416,1.3879368257660374,0.016028749756585987,12.982792304139313,0
52.084078592,0.9885463714599609,-0.004156947135925293,0.0422332560611319,3.72902774810791,-12.193548202514648,3,0,12.49365828540454,1.3918815980956933,0.010126665499901433,12.984325920426334,0
52.159445504,1.0345406532287598,-0.0026162266731262207,0.03997239586130512,3.72902774810791,-12.193548202514648,3,0,12.48515451021995,1.3932420151094767,0.008984985247806266,12.985046113476374,0
52.27211648,1.0883393287658691,-0.0006472468376159668,0.041729312881213954,3.72902774810791,-12.193548202514648,3,0,12.475578906126843,1.3992437020580668,0.005855868336650499,12.98588218020539,0
52.374638848,1.133791446685791,0.0010442137718200684,0.041634198101148163,3.72902774810791,-12.193548202514648,3,0,12.467691673263765,1.4027402999627432,0.0018378665137015488,12.986276570163202,0
52.511904,1.1887807846069336,0.0027819275856018066,0.03936360889401156,3.72902774810791,-12.193548202514648,3,0,12.458062581234978,1.4048160293054808,0.0,12.986402707676381,0
52.610028288,1.2331609725952148,0.004390537738800049,0.042345925398819886,3.72902774810791,-12.193548202514648,3,0,12.45066506143684,1.4113142939777064,0.0,12.986402707676381,0
52.709728512,1.2789254188537598,0.005610048770904541,0.04128268762178931,3.72902774810791,-12.193548202514648,3,0,12.442767516261204,1.4138740501929608,-0.0009721718612161789,12.986451170552547,0
52.820571136,1.333289623260498,0.007689774036407471,0.04151454943478776,3.72902774810791,-12.193548202514648,3,0,12.434217680388224,1.4184254058254238,-0.03264402804618073,12.98831422445587,1
52.934935808,1.3879456520080566,0.00981372594833374,0.039824600219020234,3.72902774810791,-12.193548202514648,3,0,12.425888609581973,1.4210845490588206,-0.20196318551740328,13.001729612969887,1
53.038212864,1.429816722869873,0.010768651962280273,0.040361328739240226,3.72902774810791,-12.193548202514648,3,0,12.419006450720838,1.4249469235138703,-0.2920680736109683,13.027240659977263,1
53.16575488,1.4783720970153809,0.01233530044555664,0.03834758232141067,3.72902774810791,-12.193548202514648,3,0,12.411649485367802,1.4268010072495616,-0.2985561490058899,13.064905362002756,1
53.278571264,1.526853084564209,0.014161646366119385,0.03994455325543481,3.72902774810791,-12.193548202514648,3,0,12.404747196263788,1.4322681534942456,-0.2985561490058899,13.098587387154565,1
53.381527808,1.5751643180847168,0.015851855278015137,0.03861659417306663,3.72902774810791,-12.193548202514648,3,0,12.397926336545913,1.4347992294897185,-0.2985561490058899,13.12932569644616,1
53.47308288,1.6087241172790527,0.01716911792755127,0.03740429113695655,3.72902774810791,-12.193548202514648,3,0,12.393437980102743,1.4362720865141378,-0.2985561490058899,13.156660026164438,1
53.582247168,1.6418490409851074,0.017815470695495605,0.03860749590804453,3.72902774810791,-12.193548202514648,3,0,12.388450981251173,1.4401186540207895,-0.2983726789004901,13.189241681406976,1
53.684523264,1.697561264038086,0.019377589225769043,0.03867804250521953,3.72902774810791,-12.193548202514648,3,0,12.38072746127857,1.444646063682925,-0.1242263880157847,13.210852572775694,1
53.789366784,1.7515487670898438,0.020836830139160156,0.039290373752408576,3.72902774810791,-12.193548202514648,3,0,12.373424135876279,1.449581805195671,-0.0055662165530578865,13.217656529542177,1
53.910699008,1.7970433235168457,0.02264547348022461,0.04099143008635592,3.72902774810791,-12.193548202514648,3,0,12.36802133513197,1.454937363147922,0.0,13.217994210259,1
54.009906176,1.84356689453125,0.02477264404296875,0.03907018126439924,3.72902774810791,-12.193548202514648,3,0,12.362941678249335,1.4567599518610828,0.0,13.217994210259,1
54.151006464,1.898611068725586,0.026433050632476807,0.04035280588419069,3.72902774810791,-12.193548202514648,3,0,12.35630879540602,1.4624657159044603,0.0,13.217994210259,1
54.267993344,1.9541263580322266,0.02799057960510254,0.03932491452771773,3.72902774810791,-12.193548202514648,3,0,12.349748383969194,1.4659021824632228,0.0,13.217994210259,1
54.384118016,2.0093436241149902,0.029679834842681885,0.03964211268428374,3.72902774810791,-12.193548202514648,3,0,12.343606326335575,1.4706659729308211,0.0,13.217994210259,1
54.46695424,2.0550594329833984,0.03170442581176758,0.04048076180024447,3.72902774810791,-12.193548202514648,3,0,12.339326227409774,1.4751962450537512,0.0,13.217994210259,1
54.5866816,2.1106839179992676,0.03330552577972412,0.03978862645423208,3.72902774810791,-12.193548202514648,3,0,12.333490537781943,1.4789900778049816,0.0,13.217994210259,1
54.686443264,2.156965732574463,0.03544133901596069,0.0382652708043362,3.72902774810791,-12.193548202514648,3,0,12.3296214129854,1.481210715132703,0.0,13.217994210259,1
54.789001216,2.2025465965270996,0.03734314441680908,0.039717587003132895,3.72902774810791,-12.193548202514648,3,0,12.325779806834708,1.4863505408868578,0.0,13.217994210259,1
54.889740032,2.2582430839538574,0.03899061679840088,0.03836094858290423,3.72902774810791,-12.193548202514648,3,0,12.3206417647098,1.4894962598977253,0.0,13.217994210259,1
55.010242304,2.3041176795959473,0.04092860221862793,0.0394733204741405,3.72902774810791,-12.193548202514648,3,0,12.317174651230019,1.4943252314705313,0.0,13.217994210259,1
55.109857024,2.3504819869995117,0.04234278202056885,0.038285973494887306,3.72902774810791,-12.193548202514648,3,0,12.313302424650347,1.4968912824206622,0.0,13.217994210259,1
55.210087936,2.3967361450195312,0.043896615505218506,0.03853715677258258,3.72902774810791,-12.193548202514648,3,0,12.30975453003597,1.500890504323842,0.0,13.217994210259,1
55.3113408,2.452192783355713,0.045889317989349365,0.03855731551138169,3.72902774810791,-12.193548202514648,3,0,12.30585788742641,1.5054082555484543,0.0,13.217994210259,1
55.410002432,2.4985814094543457,0.04719740152359009,0.03802739517560364,3.72902774810791,-12.193548202514648,3,0,12.30243273239433,1.5086397115217027,0.0,13.217994210259,1
55.546637824,2.544924259185791,0.04864317178726196,0.03857895669804539,3.72902774810791,-12.193548202514648,3,0,12.299323181277481,1.5129520642389693,0.0,13.217994210259,1
55.646495232,2.5911269187927246,0.05008572340011597,0.03907658776251192,3.72902774810791,-12.193548202514648,3,0,12.296397440273601,1.5172009591384126,0.0,13.217994210259,1
55.745538816,2.646552562713623,0.05212885141372681,0.03870585362188283,3.72902774810791,-12.193548202514648,3,0,12.29342747308912,1.5213348329381395,0.0,13.217994210259,1
55.88101248,2.701943874359131,0.05414634943008423,0.03851958360434247,3.72902774810791,-12.193548202514648,3,0,12.29068440411076,1.525652298579894,0.0,13.217994210259,1
55.993029632,2.7481436729431152,0.05567336082458496,0.038845927488927075,3.72902774810791,-12.193548202514648,3,0,12.28843205932664,1.529735502371264,0.0,13.217994210259,1
56.083246336,2.8035149574279785,0.05766952037811279,0.03844942330094019,3.72902774810791,-12.193548202514648,3,0,12.286126713469702,1.5338444154504904,0.0,13.217994210259,1
56.169573888,2.849862575531006,0.05900770425796509,0.038850612052895424,3.72902774810791,-12.193548202514648,3,0,12.284057051693493,1.5380160884857286,0.0,13.217994210259,1
56.296876544,2.8962197303771973,0.060324788093566895,0.03909132209861365,3.72902774810791,-12.193548202514648,3,0,12.28214038611976,1.5420291581131191,0.0,13.217994210259,1
56.396992,2.951662540435791,0.062358319759368896,0.03865823398107059,3.72902774810791,-12.193548202514648,3,0,12.280535059549234,1.5461116129177062,0.0,13.217994210259,1
56.510345472,3.0073208808898926,0.06430387496948242,0.03817878970597358,3.72902774810791,-12.193548202514648,3,0,12.279079703123996,1.5501659012074935,0.0,13.217994210259,1
56.61298304,3.0535640716552734,0.06585276126861572,0.03884674205802335,3.72902774810791,-12.193548202514648,3,0,12.277995079369308,1.5546011130040391,0.0,13.217994210259,1
56.709995264,3.099905490875244,0.0677613615989685,0.038469444149036185,3.72902774810791,-12.193548202514648,3,0,12.277438944729864,1.5580011785273518,0.0,13.217994210259,1
56.851052032,3.1464805603027344,0.06955474615097046,0.037250988012622215,3.72902774810791,-12.193548202514648,3,0,12.276931829882868,1.560578938846233,0.0,13.217994210259,1
56.946696704,3.2020974159240723,0.07120203971862793,0.0384333583312767,3.72902774810791,-12.193548202514648,3,0,12.27606427481286,1.5662931006497245,0.0,13.217994210259,1
57.044537344,3.248622417449951,0.0728030800819397,0.03732007468870032,3.72902774810791,-12.193548202514648,3,0,12.275755091634222,1.5689719223260372,0.0,13.217994210259,1
57.168978688,3.295070171356201,0.07433611154556274,0.03667628952096573,3.72902774810791,-12.193548202514648,3,0,12.275557206155034,1.5721138942811512,0.0,13.217994210259,1
57.29814528,3.360023021697998,0.07648980617523193,0.038603059884274475,3.72902774810791,-12.193548202514648,3,0,12.275585412631333,1.579334806527905,0.0,13.217994210259,1
57.409579776,3.4158568382263184,0.0782269835472107,0.03800610222160036,3.72902774810791,-12.193548202514648,3,0,12.275770535328512,1.5832883572988161,0.0,13.217994210259,1
57.509844736,3.4714245796203613,0.07979077100753784,0.038570529141420486,3.72902774810791,-12.193548202514648,3,0,12.27604207191363,1.588381095532893,0.0,13.217994210259,1
57.64806656,3.5272603034973145,0.08144313097000122,0.037855819378543,3.72902774810791,-12.193548202514648,3,0,12.276649475277363,1.592216348328664,0.0,13.217994210259,1
57.766982144,3.5736212730407715,0.08309417963027954,0.03735022293684817,3.72902774810791,-12.193548202514648,3,0,12.277625965616068,1.59548851424486,0.0,13.217994210259,1
57.849669376,3.6200499534606934,0.08469504117965698,0.03652862709223911,3.72902774810791,-12.193548202514648,3,0,12.278726860348797,1.5984495039596114,0.0,13.217994210259,1
57.986067456,3.6757874488830566,0.08637553453445435,0.03680832241477074,3.72902774810791,-12.193548202514648,3,0,12.280039149660865,1.6032691201964717,0.0,13.217994210259,1
58.102160896,3.722102642059326,0.08800303936004639,0.03638318963648131,3.72902774810791,-12.193548202514648,3,0,12.281553194278304,1.6066156540024163,0.0,13.217994210259,1
58.211951616,3.7776694297790527,0.08972704410552979,0.036546073344890836,3.72902774810791,-12.193548202514648,3,0,12.283371556597471,1.611302372251301,0.0,13.217994210259,1
58.310763776,3.824153423309326,0.09131366014480591,0.03600215990609201,3.72902774810791,-12.193548202514648,3,0,12.285230151637666,1.6145416567192858,0.0,13.217994210259,1
58.407992832,3.879634380340576,0.09302490949630737,0.036385109558545244,3.72902774810791,-12.193548202514648,3,0,12.287496132022303,1.619438644970202,0.0,13.217994210259,1
58.503024896,3.9260497093200684,0.09451860189437866,0.03597568396866625,3.72902774810791,-12.193548202514648,3,0,12.289646188675203,1.6228042381042687,0.0,13.217994210259,1
58.603814912,3.972461223602295,0.09592455625534058,0.03597472939718523,3.72902774810791,-12.193548202514648,3,0,12.291883523103403,1.6265767589448112,0.0,13.217994210259,1
58.751622912,4.0280442237854,0.0977059006690979,0.03597072255232444,3.72902774810791,-12.193548202514648,3,0,12.294890738910935,1.631089832442791,0.0,13.217994210259,1
58.8536704,4.083577632904053,0.09945809841156006,0.035950391731627444,3.72902774810791,-12.193548202514648,3,0,12.298118129836793,1.6355803183686966,0.0,13.217994210259,1
58.953066496,4.12994909286499,0.10086643695831299,0.03604046226098003,3.72902774810791,-12.193548202514648,3,0,12.30094993291042,1.639435276410089,0.0,13.217994210259,1
59.055118848,4.176244258880615,0.10236769914627075,0.03625994595748293,3.72902774810791,-12.193548202514648,3,0,12.304046101515777,1.6434113901026302,0.0,13.217994210259,1
59.174973696,4.222474575042725,0.10368633270263672,0.03688295384710807,3.72902774810791,-12.193548202514648,3,0,12.30713073730643,1.6477844148714662,0.0,13.217994210259,1
59.256095232,4.278056621551514,0.10552608966827393,0.03663490284890468,3.72902774810791,-12.193548202514648,3,0,12.311322477642667,1.6520414669282373,0.0,13.217994210259,1
59.354671616,4.324370861053467,0.10678905248641968,0.03675739277723323,3.72902774810791,-12.193548202514648,3,0,12.314736294736438,1.6559165300132415,0.0,13.217994210259,1
59.456796672,4.37068510055542,0.10800117254257202,0.037365712917280844,3.72902774810791,-12.193548202514648,3,0,12.318272654269373,1.660275505572672,0.0,13.217994210259,1
59.556411136,4.416951656341553,0.10965627431869507,0.03748100359412646,3.72902774810791,-12.193548202514648,3,0,12.322421827802012,1.6641333753131398,0.0,13.217994210259,1
59.705222656,4.4725661277771,0.11123400926589966,0.03747409682063824,3.72902774810791,-12.193548202514648,3,0,12.327226557559168,1.6686238179369017,0.0,13.217994210259,1
59.805934592,4.518905162811279,0.11299914121627808,0.03708107552337918,3.72902774810791,-12.193548202514648,3,0,12.3318698441781,1.6719729952021083,0.0,13.217994210259,1
59.897801216,4.5652079582214355,0.11453932523727417,0.0365269887871125,3.72902774810791,-12.193548202514648,3,0,12.336458808531237,1.6751565428224435,0.0,13.217994210259,1
59.981479168,4.6116461753845215,0.11605179309844971,0.0360459688786812,3.72902774810791,-12.193548202514648,3,0,12.341202021690036,1.6784214311384913,0.0,13.217994210259,1
60.098239488,4.66720724105835,0.11778908967971802,0.03623843811604286,3.72902774810791,-12.193548202514648,3,0,12.347032302669676,1.6830922824119792,0.0,13.217994210259,1
60.207930112,4.713501453399658,0.11926126480102539,0.03600117711398106,3.72902774810791,-12.193548202514648,3,0,12.352103685398262,1.686583019694352,0.0,13.217994210259,1
60.30099712,4.7598185539245605,0.12069952487945557,0.03600451669121719,3.72902774810791,-12.193548202514648,3,0,12.357314707370165,1.6903133205705505,0.0,13.217994210259,1
60.411154688,4.815419673919678,0.12248450517654419,0.03599119518578117,3.72902774810791,-12.193548202514648,3,0,12.363854943883329,1.6947693681718925,0.0,13.217994210259,1
60.513462784,4.861649990081787,0.12394696474075317,0.03640589768912911,3.72902774810791,-12.193548202514648,3,0,12.369459177279099,1.6988966908068592,0.0,13.217994210259,1
60.610816768,4.907902240753174,0.12526941299438477,0.03668265716423163,3.72902774810791,-12.193548202514648,3,0,12.375096464819388,1.7028854988780207,0.0,13.217994210259,1
60.754025216,4.9542717933654785,0.12651169300079346,0.03678854910217531,3.72902774810791,-12.193548202514648,3,0,12.380835949140392,1.706710076685177,0.0,13.217994210259,1
60.860933888,5.000560283660889,0.12782353162765503,0.03724869358599471,3.72902774810791,-12.193548202514648,3,0,12.386807352982071,1.7108783233557514,0.0,13.217994210259,1
60.966975488,5.0561747550964355,0.1296667456626892,0.03707848719904377,3.72902774810791,-12.193548202514648,3,0,12.394472390430339,1.7151562005809362,0.0,13.217994210259,1
61.05995008,5.102477550506592,0.13120722770690918,0.037696515788532434,3.72902774810791,-12.193548202514648,3,0,12.401046761240954,1.719473251669044,0.0,13.217994210259,1
61.16276736,5.1489386558532715,0.13286423683166504,0.037140697380157614,3.72902774810791,-12.193548202514648,3,0,12.407924508587477,1.7226240856731285,0.0,13.217994210259,1
61.263489536,5.195481777191162,0.13439565896987915,0.03614323241844861,3.72902774810791,-12.193548202514648,3,0,12.414857521185192,1.7253368702320415,0.0,13.217994210259,1
61.35641344,5.2511420249938965,0.13607412576675415,0.036592286263591796,3.72902774810791,-12.193548202514648,3,0,12.42322094426222,1.7302189532734238,0.0,13.217994210259,1
61.464366336,5.2977118492126465,0.13755720853805542,0.03572516922305816,3.72902774810791,-12.193548202514648,3,0,12.43048391928295,1.733055421315547,0.0,13.217994210259,1
61.563197952,5.343973636627197,0.13905811309814453,0.03597162936231486,3.72902774810791,-12.193548202514648,3,0,12.437894868454947,1.7369763481337133,0.0,13.217994210259,1
61.66459392,5.390326976776123,0.14062124490737915,0.03602024461510794,3.72902774810791,-12.193548202514648,3,0,12.445547440144713,1.7407016274775602,0.0,13.217994210259,1
61.762641152,5.436723232269287,0.14201641082763672,0.036280896915643485,3.72902774810791,-12.193548202514648,3,0,12.453207546514575,1.744639638701831,0.0,13.217994210259,1
61.872365312,5.4923930168151855,0.14378303289413452,0.03595183029962176,3.72902774810791,-12.193548202514648,3,0,12.46271234856507,1.748715857575128,0.0,13.217994210259,1
62.010604032,5.548147678375244,0.14547449350357056,0.035659074161287566,3.72902774810791,-12.193548202514648,3,0,12.472396658764046,1.7528291986910722,0.0,13.217994210259,1
62.113209344,5.594527721405029,0.14679986238479614,0.03557708827950653,3.72902774810791,-12.193548202514648,3,0,12.48055609791643,1.7564081771948221,0.0,13.217994210259,1
62.21009792,5.640902996063232,0.14805811643600464,0.03609153876814696,3.72902774810791,-12.193548202514648,3,0,12.488815536139002,1.7605792047722912,0.0,13.217994210259,1
62.309895936,5.687371730804443,0.14939004182815552,0.03643786232026407,3.72902774810791,-12.193548202514648,3,0,12.497329140989443,1.76458368564384,0.0,13.217994210259,1
62.409963264,5.733706951141357,0.15066367387771606,0.03707687321257125,3.72902774810791,-12.193548202514648,3,0,12.505930815270853,1.7688660335406494,0.0,13.217994210259,1
62.514752256,5.789499759674072,0.15243792533874512,0.03671730562137578,3.72902774810791,-12.193548202514648,3,0,12.516745518687992,1.7728835698819592,0.0,13.217994210259,1
62.61169152,5.835904598236084,0.15397292375564575,0.03657355395802632,3.72902774810791,-12.193548202514648,3,0,12.525981319852638,1.776373798944986,0.0,13.217994210259,1
62.761094912,5.882300853729248,0.15552204847335815,0.036222861338475104,3.72902774810791,-12.193548202514648,3,0,12.535394733762043,1.7796508161609157,0.0,13.217994210259,1
62.87505024,5.938046932220459,0.15715503692626953,0.0366166665651295,3.72902774810791,-12.193548202514648,3,0,12.54669822162443,1.7843993241463048,0.0,13.217994210259,1
62.96805632,5.984559535980225,0.1586630940437317,0.035761340454889705,3.72902774810791,-12.193548202514648,3,0,12.556454418382879,1.7871692733860163,0.0,13.217994210259,1
63.068129792,6.040303707122803,0.16032648086547852,0.0363338733811997,3.72902774810791,-12.193548202514648,3,0,12.56822247779616,1.7920812275928177,0.0,13.217994210259,1
63.168863232,6.086916446685791,0.1617037057876587,0.035219564104414916,3.72902774810791,-12.193548202514648,3,0,12.578230751281719,1.7945894151842885,0.0,13.217994210259,1
63.287531008,6.1426167488098145,0.16334789991378784,0.035281759862450614,3.72902774810791,-12.193548202514648,3,0,12.59040480487106,1.7989727456248807,0.0,13.217994210259,1
63.409970432,6.189195156097412,0.1647668480873108,0.03490287817623078,3.72902774810791,-12.193548202514648,3,0,12.600808488556149,1.8022001899356985,0.0,13.217994210259,1
63.510140672,6.235673427581787,0.16618627309799194,0.03472714002076223,3.72902774810791,-12.193548202514648,3,0,12.611356345376683,1.805616991717922,0.0,13.217994210259,1
63.610803712,6.291414737701416,0.16778570413589478,0.03472621317402944,3.72902774810791,-12.193548202514648,3,0,12.624119891546755,1.8099182596080061,0.0,13.217994210259,1
63.710923264,6.34708833694458,0.16942757368087769,0.03469580891302511,3.72902774810791,-12.193548202514648,3,0,12.63714411129418,1.8141753425887879,0.0,13.217994210259,1
63.812891648,6.39345121383667,0.17084884643554688,0.034705352101267704,3.72902774810791,-12.193548202514648,3,0,12.648219905931995,1.817747652876066,0.0,13.217994210259,1
63.91206144,6.4399189949035645,0.17217504978179932,0.03493272482839101,3.72902774810791,-12.193548202514648,3,0,12.659385565829739,1.8215412159658275,0.0,13.217994210259,1
64.06010624,6.4863104820251465,0.1733909249305725,0.03510266071933478,3.72902774810791,-12.193548202514648,3,0,12.67058765238194,1.8252670296219904,0.0,13.217994210259,1
64.164064,6.532656192779541,0.1745469570159912,0.03565334903906496,3.72902774810791,-12.193548202514648,3,0,12.681881182654926,1.8293647918928995,0.0,13.217994210259,1
64.26757888,6.588439464569092,0.17626947164535522,0.03528505834842543,3.72902774810791,-12.193548202514648,3,0,12.696008217396392,1.8332515704906498,0.0,13.217994210259,1
64.370560512,6.634847164154053,0.17745977640151978,0.03585061578370743,3.72902774810791,-12.193548202514648,3,0,12.707699433535492,1.8373541479612174,0.0,13.217994210259,1
64.474519296,6.6905131340026855,0.17913609743118286,0.03547450083965953,3.72902774810791,-12.193548202514648,3,0,12.72217404679697,1.8412074939802716,0.0,13.217994210259,1
64.595023616,6.736861705780029,0.18047618865966797,0.03599878473916862,3.72902774810791,-12.193548202514648,3,0,12.734345085252812,1.8452469549651545,0.0,13.217994210259,1
64.6742016,6.792575359344482,0.18209975957870483,0.03577374960670302,3.72902774810791,-12.193548202514648,3,0,12.749195521599733,1.849238177972031,0.0,13.217994210259,1
64.81163392,6.838965892791748,0.18347889184951782,0.03601258073431399,3.72902774810791,-12.193548202514648,3,0,12.761759869171032,1.8529796608001314,0.0,13.217994210259,1
64.91029248,6.894627094268799,0.18509703874588013,0.03602657259251205,3.72902774810791,-12.193548202514648,3,0,12.777005800632486,1.857187827284884,0.0,13.217994210259,1
65.005537536,6.941125392913818,0.18656069040298462,0.03591984368292718,3.72902774810791,-12.193548202514648,3,0,12.790022184510311,1.860574918606348,0.0,13.217994210259,1
65.11154048,6.987608432769775,0.1880541443824768,0.03502939623115145,3.72902774810791,-12.193548202514648,3,0,12.80321931215504,1.863169399861081,0.0,13.217994210259,1
65.212164096,7.043202877044678,0.18959718942642212,0.03543027847784378,3.72902774810791,-12.193548202514648,3,0,12.818972134426941,1.8677337297112249,0.0,13.217994210259,1
65.327860224,7.089684963226318,0.1910543441772461,0.03472274275808498,3.72902774810791,-12.193548202514648,3,0,12.832474319360813,1.8704959163421564,0.0,13.217994210259,1
65.427533824,7.136092662811279,0.19247376918792725,0.03450862319182267,3.72902774810791,-12.193548202514648,3,0,12.846074560600277,1.8737393793782116,0.0,13.217994210259,1
65.52719488,7.182437419891357,0.1938987374305725,0.034560169436756424,3.72902774810791,-12.193548202514648,3,0,12.859816485903897,1.8772363232073508,0.0,13.217994210259,1
65.62806144,7.238053798675537,0.19549590349197388,0.034543257007329825,3.72902774810791,-12.193548202514648,3,0,12.876400028118871,1.8813467064113278,0.0,13.217994210259,1
65.728065792,7.284396648406982,0.1968725323677063,0.03452545051097808,3.72902774810791,-12.193548202514648,3,0,12.890429550818562,1.8847588680799372,0.0,13.217994210259,1
65.871163136,7.330747127532959,0.1981344223022461,0.034736434400730765,3.72902774810791,-12.193548202514648,3,0,12.904502344620457,1.8883953712947281,0.0,13.217994210259,1
65.976187136,7.377108097076416,0.1992553472518921,0.03514531286799631,3.72902774810791,-12.193548202514648,3,0,12.918593965894134,1.8922261262617677,0.0,13.217994210259,1
66.076496128,7.42356538772583,0.20042484998703003,0.03546329680044145,3.72902774810791,-12.193548202514648,3,0,12.932910592619564,1.8959645541857675,-0.000279272261887285,13.218008217018543,1
66.147791872,7.469992160797119,0.201626718044281,0.035724035775445855,3.72902774810791,-12.193548202514648,3,0,12.947400358692095,1.8996351541088938,-0.015509480224107258,13.218571052446203,1
66.252293376,7.525756359100342,0.20325368642807007,0.03549409127819346,3.72902774810791,-12.193548202514648,3,0,12.965178179231563,1.9034865906285852,-0.04970687465184487,13.22197865603117,1
66.356477184,7.572062015533447,0.2046235203742981,0.035404739968313594,3.72902774810791,-12.193548202514648,3,0,12.98012228181422,1.906777378381273,-0.19589174199680298,13.234772355592165,1
66.46804096,7.625823497772217,0.2064775824546814,0.03522312739211105,3.72902774810791,-12.193548202514648,3,0,12.997909700505925,1.9105042663222276,-0.27558020339329636,13.261071950845057,1
66.575429376,7.674489498138428,0.2078607678413391,0.03496891458329383,3.72902774810791,-12.193548202514648,3,0,13.01390075538383,1.9137857231285418,-0.3000268433185803,13.291978715337471,1
66.684690944,7.727367877960205,0.20931196212768555,0.03390327509261284,3.72902774810791,-12.193548202514648,3,0,13.03141067028658,1.9165531182946283,-0.34428704870109794,13.327178088400595,1
66.789224192,7.790294170379639,0.21185153722763062,0.03439918371131989,3.72902774810791,-12.193548202514648,3,0,13.053268849428852,1.9215775583685177,-0.3522687256336212,13.36358470715278,1
66.91006336,7.844667911529541,0.21332556009292603,0.035394307027297546,3.72902774810791,-12.193548202514648,3,0,13.07168736300136,1.9264908095876145,-0.3522687256336212,13.406152566870764,1
67.010462976,7.9011149406433105,0.21428757905960083,0.03310301137903735,3.7300100326538086,-28.46210479736328,4,1,28.978157220223967,1.748340687392525,-0.3522687256336212,13.44152021165319,1
67.111797248,7.968099117279053,0.2163228988647461,0.034188818052106947,3.7300100326538086,-28.46210479736328,4,0,28.989888137366076,1.7517029336497507,-0.32252704169521523,13.475710180568665,1
67.261008128,8.024835586547852,0.2182013988494873,0.03503315169394962,3.7300100326538086,-28.46210479736328,4,0,29.000094655826587,1.7544732030426033,-0.3044941707520217,13.522489374012624,1
67.365015552,8.091720581054688,0.22016209363937378,0.03638190787314096,3.7300100326538086,-28.46210479736328,4,0,29.012013941033786,1.7580919542405247,-0.302323942216186,13.554046168395807,1
67.447106816,8.148567199707031,0.22171038389205933,0.03580799689313952,3.7300100326538086,-28.46210479736328,4,0,29.0221450067174,1.759446493731565,-0.30106186866760254,13.578812520343364,1
67.578508288,8.206676483154297,0.2229735255241394,0.034933200061103405,3.7300100326538086,-28.46210479736328,4,0,29.032296858829866,1.7605432802357457,-0.30106186866760254,13.618372493049355,1
67.684007424,8.273832321166992,0.22518569231033325,0.03391444862563113,3.7300100326538086,-28.46210479736328,4,0,29.044912749542,1.7617972717768586,-0.30106186866760254,13.650134260076335,1
67.76082688,8.329706192016602,0.2265891432762146,0.03560985648812465,3.7300100326538086,-28.46210479736328,4,0,29.055091890719297,1.7653844783700574,-0.30106186866760254,13.673261669049722,1
67.896206592,8.398355484008789,0.22891628742218018,0.03658343012599864,3.7300100326538086,-28.46210479736328,4,0,29.068335696093623,1.7686772506479986,-0.30106186866760254,13.714019338124125,1
67.9975936,8.454792022705078,0.23032361268997192,0.036510065642148294,3.7300100326538086,-28.46210479736328,4,0,29.07884132697766,1.7705117337173497,-0.30106186866760254,13.744543100211223,1
68.095567616,8.520591735839844,0.23211562633514404,0.03740416490929351,3.7300100326538086,-28.46210479736328,4,0,29.091372583271017,1.7736275989025234,-0.30106186866760254,13.77403934054905,1
68.197494272,8.57546615600586,0.23363089561462402,0.03480260727347404,3.7300100326538086,-28.46210479736328,4,0,29.10195340530556,1.7728773185975344,-0.30106186866760254,13.80472557007145,1
68.308675328,8.634580612182617,0.2351941466331482,0.03606729086555211,3.7300100326538086,-28.46210479736328,4,0,29.11339518590503,1.776135210769167,-0.30106186866760254,13.83819794655125,1
68.41098496,8.707679748535156,0.23699456453323364,0.035475805823617104,3.7300100326538086,-28.46210479736328,4,0,29.12757284746553,1.7780070669414991,-0.30106186866760254,13.86899947554386,1
68.554164736,8.769189834594727,0.23907524347305298,0.03616895218468695,3.7300100326538086,-28.46210479736328,4,0,29.140196787475396,1.7807677947292961,-0.30106186866760254,13.912105446461833,1
68.626727424,8.829292297363281,0.24061566591262817,0.0348959684475123,3.7300100326538086,-28.46210479736328,4,0,29.152167013931198,1.7815162948580445,-0.30106186866760254,13.933951304906655,1
68.729184512,8.887956619262695,0.2420746088027954,0.03685916033753351,3.7300100326538086,-28.46210479736328,4,0,29.16392169053536,1.7854512626667307,-0.30106186866760254,13.96479722727818,1
68.828563456,8.96316146850586,0.24417263269424438,0.035268636717001124,3.7300100326538086,-28.46210479736328,4,0,29.179380353975827,1.786384724612627,-0.30106186866760254,13.99471643786503,1
68.9305792,9.01727294921875,0.24615854024887085,0.037025596449426795,3.7300100326538086,-28.46210479736328,4,0,29.191086533573376,1.7899531279348175,-0.30106186866760254,14.025429488387186,1
69.085765376,9.08314323425293,0.24767988920211792,0.037654615515268164,3.7300100326538086,-28.46210479736328,4,0,29.20458477402149,1.792790885176157,-0.30106186866760254,14.072150128525125,1
69.180545792,9.150163650512695,0.24975401163101196,0.036663949772213475,3.7300100326538086,-28.46210479736328,4,0,29.21898186981901,1.794042076898033,-0.30106186866760254,14.10068489767918,1
69.311198208,9.205692291259766,0.25111716985702515,0.03688501693404633,3.7300100326538086,-28.46210479736328,4,0,29.23067245097305,1.796121194115082,-0.30106186866760254,14.140019358186073,1
69.412401664,9.272279739379883,0.25319844484329224,0.03697039034823491,3.7300100326538086,-28.46210479736328,4,0,29.24526275816261,1.7984297950067252,-0.30106186866760254,14.170487859765055,1
69.511774976,9.337944030761719,0.25510817766189575,0.039140670165061245,3.7300100326538086,-28.46210479736328,4,0,29.259652164372852,1.8027912325488191,-0.30106186866760254,14.200405374771464,1
69.611515648,9.395519256591797,0.2564723491668701,0.03710788113351655,3.7300100326538086,-28.46210479736328,4,0,29.27208000958815,1.8026799477517867,-0.30106186866760254,14.230433487865945,1
69.710994688,9.452442169189453,0.25778019428253174,0.036482405693629184,3.7300100326538086,-28.46210479736328,4,0,29.28443312564917,1.8039528688818876,-0.30106186866760254,14.260382833541605,1
69.855045888,9.50722885131836,0.25970667600631714,0.039036469325873735,3.7300100326538086,-28.46210479736328,4,0,29.29707684378285,1.8083280724768893,-0.30106186866760254,14.303751156997418,1
69.962980096,9.563077926635742,0.26070350408554077,0.03798930349288091,3.7300100326538086,-28.46210479736328,4,0,29.30911799726461,1.8091423037840406,-0.30106186866760254,14.336246031351052,1
70.0789696,9.631793975830078,0.2630346417427063,0.03766437060463928,3.7300100326538086,-28.46210479736328,4,0,29.325154552159063,1.8110979231469255,-0.30106186866760254,14.371166048171121,1
70.185902848,9.693693161010742,0.2650109529495239,0.039071715616100476,3.7300100326538086,-28.46210479736328,4,0,29.339609673397483,1.8145582942315912,-0.30106186866760254,14.403359571636699,1
70.287232256,9.755887985229492,0.2663955092430115,0.04141372239376951,3.7300100326538086,-28.46210479736328,4,0,29.353669872198527,1.8189652917795915,-0.30106186866760254,14.43386599256016,1
70.3876928,9.809621810913086,0.2679697871208191,0.038412906293291964,3.7300100326538086,-28.46210479736328,4,0,29.36628789963703,1.8177442805777302,-0.30106186866760254,14.464110831664163,1
70.510804992,9.871938705444336,0.26983755826950073,0.03923863121671168,3.7300100326538086,-28.46210479736328,4,0,29.38107893439333,1.8206318827624446,-0.30106186866760254,14.50117521824345,1
70.610318848,9.93248176574707,0.27142661809921265,0.039619122411164616,3.7300100326538086,-28.46210479736328,4,0,29.395347985747524,1.823015183956446,-0.30106186866760254,14.53113504568913,1
70.737565184,9.985250473022461,0.27316945791244507,0.03783466848398943,3.7300100326538086,-28.46210479736328,4,0,29.40823047197392,1.8229721792045064,-0.30106186866760254,14.569444065386396,1
70.837548544,10.04177474975586,0.27445119619369507,0.03987726964707558,3.7300100326538086,-28.46210479736328,4,0,29.42155713443613,1.8268827378703345,-0.30106186866760254,14.59954524258366,1
70.959012352,10.095367431640625,0.2762613296508789,0.04021384420562858,3.7300100326538086,-28.46210479736328,4,0,29.43486814081475,1.8289844510752888,-0.30106186866760254,14.636113363595625,1
71.038198272,10.160999298095703,0.27785372734069824,0.03869117476700559,3.7300100326538086,-28.46210479736328,4,0,29.45068486358057,1.829625892388573,-0.30106186866760254,14.659953224642988,1
71.172547072,10.226696014404297,0.27973443269729614,0.040040843711089305,3.7300100326538086,-28.46210479736328,4,0,29.466934877454126,1.83313732818826,-0.29929500818252563,14.70028183763127,1
71.2740992,10.293010711669922,0.28176289796829224,0.04186689443835305,3.7300100326538086,-28.46210479736328,4,0,29.483604053770154,1.8371420716080291,-0.29929500818252563,14.730675882611981,1
71.410896896,10.34721565246582,0.28295695781707764,0.04185474590649222,3.7300100326538086,-28.46210479736328,4,0,29.496880945686517,1.838912456775884,-0.29929500818252563,14.771618750155653,1
71.51030144,10.412790298461914,0.28496140241622925,0.041356255677475175,3.7300100326538086,-28.46210479736328,4,0,29.513613251778914,1.8405639457159315,-0.29929500818252563,14.801370033965517,1
71.610088192,10.466415405273438,0.2865237593650818,0.041493296996236134,3.7300100326538086,-28.46210479736328,4,0,29.527322960894985,1.8424579557150094,-0.29929500818252563,14.831235710721865,1
71.710727168,10.533308029174805,0.28852230310440063,0.0412051480341749,3.7300100326538086,-28.46210479736328,4,0,29.544600560840443,1.8443587899104221,-0.29929500818252563,14.861356453867266,1
71.825391872,10.588802337646484,0.2899520993232727,0.03980786361097371,3.7300100326538086,-28.46210479736328,4,0,29.558819456692238,1.8447773343319724,-0.29929500818252563,14.89567502738919,1
71.973014528,10.658674240112305,0.2918097972869873,0.040374913518393174,3.7300100326538086,-28.46210479736328,4,0,29.576916543415376,1.8476277141080222,-0.29929500818252563,14.939857751424634,1
72.066690816,10.716211318969727,0.2935539484024048,0.04373350465781178,3.7300100326538086,-28.46210479736328,4,0,29.59214284765219,1.8528627327820464,-0.29929500818252563,14.967894596808106,1
72.176738304,10.784038543701172,0.2952999472618103,0.041979597803270374,3.7300100326538086,-28.46210479736328,4,0,29.609924786815228,1.8533208477061587,-0.29929500818252563,15.00083126062953,1
72.2772736,10.843948364257812,0.2971194386482239,0.04155982830531643,3.7300100326538086,-28.46210479736328,4,0,29.626020610994253,1.8548504284597038,-0.29929500818252563,15.030920972868484,1
72.379144704,10.909416198730469,0.29904705286026,0.044772051648947646,3.7300100326538086,-28.46210479736328,4,0,29.643679404708124,1.8601909152841754,-0.29929500818252563,15.061410485773727,1
72.510574336,10.96432113647461,0.3006741404533386,0.04552153898644841,3.7300100326538086,-28.46210479736328,4,0,29.658602620025313,1.8627232349645169,-0.29929500818252563,15.100746718558597,1
72.610496,11.022211074829102,0.3019956350326538,0.042937627172648984,3.7300100326538086,-28.46210479736328,4,0,29.674057183412963,1.8620203970863847,-0.29929500818252563,15.130652773803087,1
72.70988416,11.089359283447266,0.3039453625679016,0.043421317872608126,3.7300100326538086,-28.46210479736328,4,0,29.692518640203478,1.864680057566027,-0.29929500818252563,15.160399153963533,1
72.810429696,11.160493850708008,0.30594706535339355,0.04265046639524266,3.7300100326538086,-28.46210479736328,4,0,29.712167503336435,1.8662119312247394,-0.29929500818252563,15.19049193098337,1
72.910812672,11.217838287353516,0.3077649474143982,0.04495644137318564,3.7300100326538086,-28.46210479736328,4,0,29.72831944633523,1.8703702714738335,-0.29929500818252563,15.220536054606677,1
73.031592192,11.273719787597656,0.30946892499923706,0.04769330547597861,3.7300100326538086,-28.46210479736328,4,0,29.744092040742753,1.8749108787728486,-0.29929500818252563,15.256684762033359,1
73.172988928,11.34162712097168,0.3110775351524353,0.047426210886736805,3.7300100326538086,-28.46210479736328,4,0,29.762942331687693,1.8768370854329588,-0.29929500818252563,15.299004099291459,1
73.287236352,11.409292221069336,0.3129824995994568,0.045507367887870964,3.7300100326538086,-28.46210479736328,4,0,29.782159489821122,1.8770983323450317,-0.29929500818252563,15.33319778299237,1
73.38356864,11.466630935668945,0.3144073486328125,0.04627043116331656,3.7300100326538086,-28.46210479736328,4,0,29.798371671714403,1.8797082235280649,-0.29929500818252563,15.362029555917571,1
73.48014848,11.527383804321289,0.31636589765548706,0.045543148442056515,3.7300100326538086,-28.46210479736328,4,0,29.816093192756526,1.8809316000385354,-0.29929500818252563,15.39093541992064,1
73.597717248,11.59354019165039,0.31846243143081665,0.04704358664387505,3.7300100326538086,-28.46210479736328,4,0,29.835484855664497,1.8845538695673356,-0.29929500818252563,15.426123165301208,1
73.710037504,11.649045944213867,0.31995296478271484,0.04645521055769128,3.7300100326538086,-28.46210479736328,4,0,29.851599266908405,1.8857459799619363,-0.29929500818252563,15.459740057239792,1
73.8030656,11.717184066772461,0.3218432664871216,0.04704860590174541,3.7300100326538086,-28.46210479736328,4,0,29.871568676481264,1.888521899460891,-0.29929500818252563,15.487582901993315,1
73.910184704,11.775922775268555,0.3231821656227112,0.04727953113617467,3.7300100326538086,-28.46210479736328,4,0,29.8886175224486,1.8906345467791867,-0.29929500818252563,15.519643115101502,1
74.010235648,11.830202102661133,0.3250691294670105,0.050471180061174875,3.7300100326538086,-28.46210479736328,4,0,29.90509144384259,1.895557261529593,-0.29929500818252563,15.549587863204652,1
74.150042624,11.901046752929688,0.3274022936820984,0.052572037522288874,3.7300100326538086,-28.46210479736328,4,0,29.92660287485783,1.8999157895951062,-0.29929500818252563,15.591431393230542,1
74.253004032,11.961528778076172,0.32890743017196655,0.04895192913984332,3.7300100326538086,-28.46210479736328,4,0,29.944620317217648,1.8982250100806077,-0.29929500818252563,15.62224722868039,1
74.334085632,12.030208587646484,0.33063948154449463,0.048308591353088105,3.7300100326538086,-28.46210479736328,4,0,29.965236844765286,1.8997694696336134,-0.29929500818252563,15.646514546815839,1
74.460653312,12.08504867553711,0.3321409821510315,0.047737583866890164,3.7300100326538086,-28.46210479736328,4,0,29.98191556147057,1.900942126620157,-0.29929500818252563,15.684395621637083,1
74.568598016,12.151588439941406,0.3342741131782532,0.05193537350916895,3.7300100326538086,-28.46210479736328,4,0,30.002573576771276,1.9072500533139614,-0.29929500818252563,15.71670293270402,1
74.6911488,12.20808219909668,0.3361045718193054,0.05390815919653132,3.7300100326538086,-28.46210479736328,4,0,30.020236017238254,1.9110119244022816,-0.29929500818252563,15.753381770604074,1
74.791374336,12.268627166748047,0.33762127161026,0.05299287655224359,3.7300100326538086,-28.46210479736328,4,0,30.038844921377418,1.9120158926290785,-0.29929500818252563,15.783378773221296,1
74.909915904,12.340314865112305,0.33947527408599854,0.050517203913050514,3.7300100326538086,-28.46210479736328,4,0,30.061077224876065,1.9118090540231263,-0.29929500818252563,15.818857672785825,1
75.010242304,12.410078048706055,0.3417378067970276,0.05370229654082313,3.7300100326538086,-28.46210479736328,4,0,30.08329984440759,1.917194445597137,-0.29929500818252563,15.848884863494748,1
75.111890176,12.478921890258789,0.34370362758636475,0.05430965588677404,3.7300100326538086,-28.46210479736328,4,0,30.10511680274702,1.9199724898982236,-0.29929500818252563,15.879307564176724,1
75.222167808,12.534893035888672,0.34532099962234497,0.05895197296711476,3.7300100326538086,-28.46210479736328,4,0,30.122977039952197,1.9263770990452578,-0.22663787396447407,15.908306880593775,1
75.324385024,12.59225845336914,0.3468436598777771,0.056140305901176336,3.7300100326538086,-28.46210479736328,4,0,30.141250111474196,1.925370767680938,-0.06523045547440812,15.923223864630682,1
75.459786496,12.668222427368164,0.3489157557487488,0.05926408242716624,3.7300100326538086,-28.46210479736328,4,0,30.165651760319538,1.9308812667729995,-0.036515645720993806,15.930112150566742,1
75.596168448,12.733325958251953,0.35083848237991333,0.05786767454549455,3.7300100326538086,-28.46210479736328,4,0,30.186841472698458,1.931525824174637,-0.030539389699697495,15.934684698877794,1
75.69737984,12.798391342163086,0.3527114987373352,0.05748803128183308,3.7300100326538086,-28.46210479736328,4,0,30.208097883724538,1.9331835638510575,-0.030539389699697495,15.93777563302013,1
75.810146048,12.852666854858398,0.3542338013648987,0.06008992171466269,3.7300100326538086,-28.46210479736328,4,0,30.22588688082233,1.9374831781271982,-0.030539389699697495,15.9412194441912,1
75.910163456,12.917692184448242,0.35616737604141235,0.059044547694644706,3.7300100326538086,-28.46210479736328,4,0,30.247418309383583,1.9384680404876473,-0.0308383595832131,15.944288865887275,1
76.027966208,12.971967697143555,0.3578113317489624,0.06082082645230335,3.7300100326538086,-28.46210479736328,4,0,30.2655141565658,1.9419364017063179,-0.21148081580716843,15.958561798748953,1
76.133774336,13.035362243652344,0.35982340574264526,0.055436349520988165,3.7300100326538086,-28.46210479736328,4,0,30.286847394797103,1.9385248011024911,-0.4829378471155653,15.995299368135013,1
76.27103232,13.098657608032227,0.3618101477622986,0.057329422359369074,3.7300100326538086,-28.46210479736328,4,0,30.30824360063575,1.9423851114710113,-0.5133743286132812,16.06367526847261,1
76.378053376,13.188095092773438,0.36446040868759155,0.05594165608192211,3.7300100326538086,-28.46210479736328,4,0,30.33852723161032,1.9437739538082248,-0.5133743286132812,16.118617131244093,1
76.47837952,13.268550872802734,0.36688321828842163,0.057777561939576144,3.7300100326538086,-28.46210479736328,4,0,30.366005851375622,1.9481024798691817,-0.5133743286132812,16.170121998062456,1
76.579167488,13.349571228027344,0.3690837025642395,0.060027586766317684,3.7300100326538086,-28.46210479736328,4,0,30.39364058335048,1.9528605379920803,-0.5133743286132812,16.221863953466748,1
76.679248384,13.446271896362305,0.37190765142440796,0.06397843519813136,3.7300100326538086,-28.46210479736328,4,0,30.427060628673935,1.9597967525093023,-0.5133743286132812,16.273242916257768,1
76.780317184,13.526969909667969,0.37413281202316284,0.07570642052588088,3.7300100326538086,-28.46210479736328,4,0,30.455032790933235,1.97401242134185,-0.5133743286132812,16.325129043601514,1
76.910144768,13.6214599609375,0.3769933581352234,0.1123766980472604,3.7300100326538086,-28.46210479736328,4,0,30.488266006879115,2.0135870126012603,-0.5115653869525157,16.39166176711029,1
77.020041984,13.712636947631836,0.37980490922927856,0.12225799594221103,3.7300100326538086,-28.46210479736328,4,0,30.520625741404483,2.0262642229621197,-0.34784586790372785,16.438885219264176,1
77.132452608,13.78243637084961,0.38198310136795044,0.2287912873589838,3.7300100326538086,-28.46210479736328,4,0,30.545583674151427,2.134933596627244,-0.035430196633949994,16.460427370053647,1
77.280011776,13.837165832519531,0.3836750388145447,0.2264280838358246,3.7300100326538086,-28.46210479736328,4,0,30.565235361763577,2.134243014070944,0.0,16.463041395222337,1
77.384995328,13.903078079223633,0.38562315702438354,0.2337116623383631,3.7300100326538086,-28.46210479736328,4,0,30.5889313577722,2.1435390912326615,0.0,16.463041395222337,1
77.477876736,13.957963943481445,0.38721853494644165,0.23658699200202987,3.7300100326538086,-28.46210479736328,4,0,30.60873238038721,2.1480881608478084,0.0,16.463041395222337,1
77.574505984,14.012887954711914,0.38884496688842773,0.23522579671613378,3.7300100326538086,-28.46210479736328,4,0,30.628661098052028,2.14839936951747,0.0,16.463041395222337,1
77.676041472,14.067800521850586,0.39050495624542236,0.21850960517872078,3.7300100326538086,-28.46210479736328,4,0,30.648703101315125,2.133352681542315,0.0,16.463041395222337,1
77.773272064,14.133495330810547,0.39270418882369995,0.2514144055560921,3.7300100326538086,-28.46210479736328,4,0,30.67299313693237,2.168249565421137,0.0,16.463041395222337,1
77.891282432,14.188369750976562,0.3944743275642395,0.26280976802623923,3.7300100326538086,-28.46210479736328,4,0,30.69331273732177,2.181307221616372,0.0,16.463041395222337,1
78.011261696,14.254390716552734,0.3962738513946533,0.21732939041094174,3.7300100326538086,-28.46210479736328,4,0,30.71756186637723,2.1378275577529116,0.0,16.463041395222337,1
78.110944512,14.309221267700195,0.39810341596603394,0.22278881015999222,3.7300100326538086,-28.46210479736328,4,0,30.738108732849074,2.144942417969305,0.0,16.463041395222337,1
78.212010496,14.37496566772461,0.40022796392440796,0.2707116857882823,3.7300100326538086,-28.46210479736328,4,0,30.762791370353995,2.1948481003201668,0.0,16.463041395222337,1
78.325078272,14.429977416992188,0.4016687870025635,0.24084189717148724,3.7300100326538086,-28.46210479736328,4,0,30.783221526595305,2.166638784210987,0.0,16.463041395222337,1
78.471014144,14.49594497680664,0.40374499559402466,0.22116681472306235,3.7300100326538086,-28.46210479736328,4,0,30.808158651423884,2.1489480010387982,0.0,16.463041395222337,1
78.572247296,14.561847686767578,0.4057931900024414,0.2321616294784265,3.7300100326538086,-28.46210479736328,4,0,30.833167874450247,2.161922247567622,0.0,16.463041395222337,1
78.675814912,14.616783142089844,0.40737563371658325,0.21898461549478707,3.7300100326538086,-28.46210479736328,4,0,30.853990489024962,2.1503942273202723,0.0,16.463041395222337,1
78.795014656,14.67184829711914,0.4088500142097473,0.2151231021434002,3.7300100326538086,-28.46210479736328,4,0,30.874841802632925,2.1481846475587707,0.0,16.463041395222337,1
78.877886464,14.737771987915039,0.41087406873703003,0.22357272229074224,3.7300100326538086,-28.46210479736328,4,0,30.900157473158156,2.1586060290798175,0.0,16.463041395222337,1
79.010309632,14.792829513549805,0.41236448287963867,0.21281642936008047,3.7300100326538086,-28.46210479736328,4,0,30.921205524406453,2.149496328049863,0.0,16.463041395222337,1
79.110062592,14.858856201171875,0.4145321249961853,0.21413386559048225,3.7300100326538086,-28.46210479736328,4,0,30.946912236737177,2.1527810287753297,0.0,16.463041395222337,1
79.21047808,14.913917541503906,0.4161112904548645,0.22164357260341505,3.7300100326538086,-28.46210479736328,4,0,30.968228098831105,2.1619314497584923,0.0,16.463041395222337,1
79.314019328,14.979995727539062,0.41819649934768677,0.20337790657674915,3.7300100326538086,-28.46210479736328,4,0,30.994095907509998,2.1456295650060007,0.0,16.463041395222337,1
79.43136768,15.045982360839844,0.42026394605636597,0.23135638626083577,3.7300100326538086,-28.46210479736328,4,0,31.02003310706061,2.17556600406012,0.0,16.463041395222337,1
79.531593472,15.101165771484375,0.4219842553138733,0.21231618334229532,3.7300100326538086,-28.46210479736328,4,0,31.04180702278338,2.1581607913877843,0.0,16.463041395222337,1
79.685971712,15.167251586914062,0.42413491010665894,0.2228444231760215,3.7300100326538086,-28.46210479736328,4,0,31.0680758787523,2.1706429469609763,0.0,16.463041395222337,1
79.783594496,15.222282409667969,0.4257485270500183,0.21505168312620973,3.7300100326538086,-28.46210479736328,4,0,31.089876070520116,2.16447685007023,0.0,16.463041395222337,1
79.881057536,15.288389205932617,0.4277346730232239,0.21177788326830757,3.7300100326538086,-28.46210479736328,4,0,31.116216893092698,2.1631534953361107,0.0,16.463041395222337,1
79.980365312,15.34347915649414,0.42958182096481323,0.2095519012078713,3.7300100326538086,-28.46210479736328,4,0,31.138436388843793,2.16254808683516,0.0,16.463041395222337,1
80.083205888,15.40963363647461,0.4315338730812073,0.21036911509102582,3.7300100326538086,-28.46210479736328,4,0,31.164979755249853,2.165311497818704,0.0,16.463041395222337,1
80.188268544,15.46476936340332,0.4334196448326111,0.2080796357884321,3.7300100326538086,-28.46210479736328,4,0,31.187431913194665,2.16463839607026,0.0,16.463041395222337,1
80.311628288,15.530967712402344,0.43533915281295776,0.20035119764473075,3.7300100326538086,-28.46210479736328,4,0,31.2141773720339,2.1588517469270316,0.0,16.463041395222337,1
80.44311168,15.586114883422852,0.4372406601905823,0.20741510310641925,3.7300100326538086,-28.46210479736328,4,0,31.23682746546884,2.167527059563067,0.0,16.463041395222337,1
80.542044672,15.652416229248047,0.43918246030807495,0.1949626921997925,3.7300100326538086,-28.46210479736328,4,0,31.26384772651993,2.157013084701358,0.0,16.463041395222337,1
80.684953088,15.718421936035156,0.44110649824142456,0.19458594609293903,3.7300100326538086,-28.46210479736328,4,0,31.290855583756528,2.158562909985878,0.0,16.463041395222337,1
80.772831232,15.773553848266602,0.4429625868797302,0.1980220348657406,3.7300100326538086,-28.46210479736328,4,0,31.313732899898955,2.163602575729985,0.0,16.463041395222337,1
80.873222656,15.83968734741211,0.4449307322502136,0.18844911917735524,3.7300100326538086,-28.46210479736328,4,0,31.341043182668773,2.155953321386965,0.0,16.463041395222337,1
81.010596608,15.894903182983398,0.44668394327163696,0.19517774144206723,3.7300100326538086,-28.46210479736328,4,0,31.364035005234832,2.1642841059037243,0.0,16.463041395222337,1
81.105051136,15.961069107055664,0.4486338496208191,0.18678947701047569,3.7300100326538086,-28.46210479736328,4,0,31.39155324598845,2.157814512144706,0.0,16.463041395222337,1
81.210645248,16.016141891479492,0.4503328204154968,0.19902204250264796,3.7300100326538086,-28.46210479736328,4,0,31.414615787152336,2.171640556943856,0.0,16.463041395222337,1
81.310061056,16.071298599243164,0.4520578980445862,0.21398754155676888,3.7300100326538086,-28.46210479736328,4,0,31.437814934571154,2.188199322552724,0.0,16.463041395222337,1
81.410838016,16.137636184692383,0.4539331793785095,0.17880614080275584,3.7300100326538086,-28.46210479736328,4,0,31.46563902101982,2.1549335430678997,0.0,16.463041395222337,1
81.556078336,16.192638397216797,0.4557468295097351,0.2043636879186895,3.7300100326538086,-28.46210479736328,4,0,31.48903378109675,2.182073556787968,0.0,16.463041395222337,1
81.625622528,16.24759864807129,0.45771950483322144,0.2562206733962847,3.7300100326538086,-28.46210479736328,4,0,31.5126365513066,2.2355074286939,0.0,16.463041395222337,1
81.772951552,16.31368064880371,0.45973891019821167,0.24233159291268563,3.7300100326538086,-28.46210479736328,4,0,31.54079595730534,2.223515660889445,0.0,16.463041395222337,1
81.874444032,16.379858016967773,0.46147865056991577,0.19301164148187122,3.7300100326538086,-28.46210479736328,4,0,31.568850683796004,2.1760959481129154,0.0,16.463041395222337,1
81.981041408,16.434701919555664,0.4634825587272644,0.24840044429244085,3.7300100326538086,-28.46210479736328,4,0,31.5927016862429,2.2330498394887073,0.0,16.463041395222337,1
82.080948736,16.489871978759766,0.4648391604423523,0.2075813522542144,3.7300100326538086,-28.46210479736328,4,0,31.616169338199573,2.1938111722343865,0.0,16.463041395222337,1
82.176925696,16.555957794189453,0.46713489294052124,0.24893866010537236,3.7300100326538086,-28.46210479736328,4,0,31.644997156591593,2.2370499199880007,0.0,16.463041395222337,1
82.309920512,16.622133255004883,0.46907728910446167,0.20897952687517185,3.7300100326538086,-28.46210479736328,4,0,31.673650533221394,2.198975921046883,0.0,16.463041395222337,1
82.410030336,16.677350997924805,0.4704849123954773,0.19897985646583466,3.7300100326538086,-28.46210479736328,4,0,31.69745077106711,2.19054936707991,0.0,16.463041395222337,1
82.51093504,16.74329376220703,0.47290605306625366,0.2529633199561821,3.7300100326538086,-28.46210479736328,4,0,31.72665135718438,2.246398828970691,0.0,16.463041395222337,1
82.610408192,16.798389434814453,0.47435611486434937,0.23022216080329086,3.7300100326538086,-28.46210479736328,4,0,31.750611180317367,2.225221514763688,0.0,16.463041395222337,1
82.754973952,16.853591918945312,0.4755627512931824,0.1726915421357389,3.7300100326538086,-28.46210479736328,4,0,31.77447095834585,2.169258604357478,0.0,16.463041395222337,1
82.870085632,16.91947364807129,0.47796159982681274,0.21090280716572354,3.7300100326538086,-28.46210479736328,4,0,31.803921040277295,2.209325272914805,0.0,16.463041395222337,1
82.94837632,16.974538803100586,0.4794824719429016,0.18110259860151554,3.7300100326538086,-28.46210479736328,4,0,31.828179590074864,2.1810795355077923,0.0,16.463041395222337,1
83.079868416,17.04061508178711,0.4814996123313904,0.1768108437914825,3.7300100326538086,-28.46210479736328,4,0,31.857564925758368,2.1786474417967865,0.0,16.463041395222337,1
83.173394176,17.09564208984375,0.48329323530197144,0.19108607900908267,3.7300100326538086,-28.46210479736328,4,0,31.88222369217061,2.19446724903191,0.0,16.463041395222337,1
83.297587712,17.161542892456055,0.4853596091270447,0.18163392696400377,3.7300100326538086,-28.46210479736328,4,0,31.911781061685854,2.1868628199854996,0.0,16.463041395222337,1
83.379249664,17.216548919677734,0.48711293935775757,0.18691173872106548,3.7300100326538086,-28.46210479736328,4,0,31.936561159888402,2.1936798868086465,0.0,16.463041395222337,1
83.512439552,17.28250503540039,0.4891452193260193,0.18824755705999988,3.7300100326538086,-28.46210479736328,4,0,31.966310364637383,2.196859158581792,0.0,16.463041395222337,1
83.611494912,17.34844398498535,0.4911535382270813,0.18448883569629138,3.7300100326538086,-28.46210479736328,4,0,31.996139010221988,2.19494028966853,0.0,16.463041395222337,1
83.733635584,17.403419494628906,0.49286919832229614,0.17975708274190025,3.7300100326538086,-28.46210479736328,4,0,32.02112810951011,2.1917393086299906,0.0,16.463041395222337,1
83.8330048,17.469423294067383,0.4949111342430115,0.19164071298364035,3.7300100326538086,-28.46210479736328,4,0,32.05121290109327,2.205457869962679,0.0,16.463041395222337,1
83.93339648,17.524412155151367,0.49655789136886597,0.17061797412529905,3.7300100326538086,-28.46210479736328,4,0,32.07631017802597,2.185961939684578,0.0,16.463041395222337,1
84.080048128,17.57933807373047,0.49817579984664917,0.17183941671004668,3.7300100326538086,-28.46210479736328,4,0,32.10142893172337,2.188706418778956,0.0,16.463041395222337,1
84.184233984,17.64524269104004,0.500249445438385,0.17036657598636157,3.7300100326538086,-28.46210479736328,4,0,32.13178587042044,2.1890561102462005,0.0,16.463041395222337,1
84.313271296,17.72208023071289,0.5027044415473938,0.19068555179965735,3.7300100326538086,-28.46210479736328,4,0,32.167346839207895,2.2114951014670217,0.0,16.463041395222337,1
84.410632448,17.77710723876953,0.5043805241584778,0.17287570287509085,3.7300100326538086,-28.46210479736328,4,0,32.1928285771847,2.195201725502703,0.0,16.463041395222337,1
84.511521536,17.843006134033203,0.5064420104026794,0.1881948447685036,3.7300100326538086,-28.46210479736328,4,0,32.22349085855344,2.212333056874757,0.0,16.463041395222337,1
84.635078656,17.897899627685547,0.5081642270088196,0.18059663856092203,3.7300100326538086,-28.46210479736328,4,0,32.249117552601376,2.2062416935485913,0.0,16.463041395222337,1
84.735940608,17.963838577270508,0.5102785229682922,0.1809071507454965,3.7300100326538086,-28.46210479736328,4,0,32.280038263573545,2.208358459388083,0.0,16.463041395222337,1
84.851021568,18.01883316040039,0.5119556784629822,0.17330103659352772,3.7300100326538086,-28.46210479736328,4,0,32.30582992019959,2.2022573338111084,0.0,16.463041395222337,1
84.961609216,18.0847225189209,0.5140561461448669,0.18022203508113135,3.7300100326538086,-28.46210479736328,4,0,32.336908844035776,2.2109770523178067,0.0,16.463041395222337,1
85.073701376,18.139741897583008,0.5157576203346252,0.16601177299937672,3.7300100326538086,-28.46210479736328,4,0,32.362893608547814,2.198266840762019,0.0,16.463041395222337,1
85.184924416,18.20557975769043,0.51784747838974,0.17383823171669419,3.7300100326538086,-28.46210479736328,4,0,32.39413145570227,2.2078843952268152,0.0,16.463041395222337,1
85.296827392,18.26045799255371,0.5195366740226746,0.15448558222047676,3.7300100326538086,-28.46210479736328,4,0,32.4202014227444,2.1900227769207996,0.0,16.463041395222337,1
85.413312512,18.326400756835938,0.5216407179832458,0.16459906134222477,3.7300100326538086,-28.46210479736328,4,0,32.45168911276207,2.2019237051394205,0.0,16.463041395222337,1
85.503144192,18.381357192993164,0.5232110619544983,0.1476910770988887,3.7300100326538086,-28.46210479736328,4,0,32.47784643533501,2.1865052661665128,0.0,16.463041395222337,1
85.6355456,18.447254180908203,0.5253940224647522,0.1556078371026293,3.7300100326538086,-28.46210479736328,4,0,32.5095734076727,2.1962007625580857,0.0,16.463041395222337,1
85.738250496,18.50220489501953,0.5270957350730896,0.1670284925384327,3.7300100326538086,-28.46210479736328,4,0,32.5360029592068,2.2091036842411462,0.0,16.463041395222337,1
85.836667392,18.55718231201172,0.5287792086601257,0.16354879148791177,3.7300100326538086,-28.46210479736328,4,0,32.562499800421705,2.207104825159046,0.0,16.463041395222337,1
85.938508032,18.623233795166016,0.5308286547660828,0.16892647325383026,3.7300100326538086,-28.46210479736328,4,0,32.59445204632009,2.2142580684687623,0.0,16.463041395222337,1
86.085175296,18.689382553100586,0.532948911190033,0.15845937851001402,3.7300100326538086,-28.46210479736328,4,0,32.62661437794902,2.205564706454852,0.0,16.463041395222337,1
86.1872384,18.744516372680664,0.5346681475639343,0.14234758383658522,3.7300100326538086,-28.46210479736328,4,0,32.65345681324367,2.190929288401541,0.0,16.463041395222337,1
86.287504128,18.810714721679688,0.5367715954780579,0.14908302412589253,3.7300100326538086,-28.46210479736328,4,0,32.685814751431515,2.1994336302982767,0.0,16.463041395222337,1
86.38753792,18.866037368774414,0.5383705496788025,0.11892204728488986,3.7300100326538086,-28.46210479736328,4,0,32.71279403955257,2.1707505026125284,0.0,16.463041395222337,1
86.510492416,18.93233299255371,0.54051274061203,0.13204982679528907,3.7300100326538086,-28.46210479736328,4,0,32.74541872432192,2.185642837450035,0.0,16.463041395222337,1
86.642152192,18.998647689819336,0.5426734089851379,0.12637547914976774,3.7300100326538086,-28.46210479736328,4,0,32.77817039899082,2.181729779384295,0.0,16.463041395222337,1
86.763039232,19.053794860839844,0.5441810488700867,0.1447470440665288,3.7300100326538086,-28.46210479736328,4,0,32.805228242674104,2.2015674646606707,0.0,16.463041395222337,1
86.840429312,19.119998931884766,0.5463590025901794,0.12299076732090677,3.7300100326538086,-28.46210479736328,4,0,32.83812921516179,2.181562813900371,0.0,16.463041395222337,1
86.940677376,19.175296783447266,0.5480709671974182,0.1388268306279582,3.7300100326538086,-28.46210479736328,4,0,32.865592657138265,2.198860787883208,0.0,16.463041395222337,1
87.09319808,19.241920471191406,0.5499680638313293,0.04628258487528874,3.7300100326538086,-28.46210479736328,4,0,32.89862819566306,2.1080769997062405,0.0,16.463041395222337,1
87.205010944,19.308013916015625,0.5521561503410339,0.08345225906374261,3.7300100326538086,-28.46210479736328,4,0,32.93177103241664,2.1469852282974995,0.0,16.463041395222337,1
87.305139968,19.36374855041504,0.5539924502372742,-0.10190463254958752,3.7300100326538086,-28.46210479736328,4,0,32.95978882705324,1.9630918141694718,0.0,16.463041395222337,1
87.410026752,19.429800033569336,0.5559908747673035,0.07292332170930829,3.7300100326538086,-28.46210479736328,4,0,32.99292776504945,2.139653486587074,0.0,16.463041395222337,1
87.51012608,19.485218048095703,0.5575805306434631,-0.053179047343848776,3.7300100326538086,-28.46210479736328,4,0,33.02073161131313,2.015004298176214,0.0,16.463041395222337,1
87.610074368,19.54059600830078,0.5589069724082947,-0.17486115106650965,3.7300100326538086,-28.46210479736328,4,0,33.04835477046543,1.8947756728751288,0.0,16.463041395222337,1
87.745500928,19.606689453125,0.5612258315086365,-0.16392345131294564,3.7300100326538086,-28.46210479736328,4,0,33.08205964285217,1.907434239631292,0.0,16.463041395222337,1
87.835598592,19.6619873046875,0.5624279379844666,-0.31638525992078576,3.7300100326538086,-28.46210479736328,4,0,33.109687408700665,1.756420244276685,0.0,16.463041395222337,1
87.97403264,19.728168487548828,0.564501941204071,-0.5058474633728687,3.7300100326538086,-28.46210479736328,4,0,33.14340013793655,1.5686783721302597,0.0,16.463041395222337,1
88.050014464,19.794219970703125,0.5667778849601746,-0.4461098452522032,3.7300100326538086,-28.46210479736328,4,0,33.17732464677978,1.630126452644383,0.0,16.463041395222337,1
88.19982464,19.8496036529541,0.5679498314857483,-0.7149261785669478,3.7300100326538086,-28.46210479736328,4,0,33.20520095162179,1.3627523982151801,0.0,16.463041395222337,1
88.292931584,19.91568946838379,0.5699329972267151,-0.8686915377285689,3.7300100326538086,-28.46210479736328,4,0,33.23906492822436,1.2106962817122078,0.0,16.463041395222337,1
88.394743296,19.970857620239258,0.5713757872581482,-1.0480730369092193,3.7300100326538086,-28.46210479736328,4,0,33.267222986308454,1.0327421045714842,0.0,16.463041395222337,1
88.512116736,20.025699615478516,0.5730141997337341,-1.1502567346686114,3.7300100326538086,-28.46210479736328,4,0,33.295459662773325,0.9319718938148203,0.0,16.463041395222337,1
88.605503488,20.08079719543457,0.5746724009513855,-1.3500789487464617,3.7300100326538086,-28.46210479736328,4,0,33.32390539698375,0.7335671601608538,0.0,16.463041395222337,1
88.711080192,20.147228240966797,0.5766158699989319,-1.5142140347987765,3.7300100326538086,-28.46210479736328,4,0,33.35824263501381,0.5711387322536607,0.0,16.463041395222337,1
88.796573952,20.2020320892334,0.5781757235527039,-1.6551506730641419,3.7300100326538086,-28.46210479736328,4,0,33.38660514886078,0.43160803789216917,0.0,16.463041395222337,1
88.909719296,20.268524169921875,0.5801214575767517,-1.7703437769232522,3.7300100326538086,-28.46210479736328,4,0,33.42115132235489,0.31811673314924427,0.0,16.463041395222337,1
89.053200384,20.323326110839844,0.5815420746803284,-1.9434627229215409,3.7300100326538086,-28.46210479736328,4,0,33.4495375468564,0.14640045737921792,0.0,16.463041395222337,1
89.153458944,20.389707565307617,0.5836319327354431,-1.9869100951082115,3.7300100326538086,-28.46210479736328,4,0,33.48432982864847,0.10464346286897053,0.0,16.463041395222337,1
89.2550208,20.444442749023438,0.5851573348045349,-2.2502770361632147,3.7300100326538086,-28.46210479736328,4,0,33.512918380900786,0.15732936786837337,0.0,16.463041395222337,1
89.352940288,20.510494232177734,0.5870055556297302,-2.2434328846637093,3.7300100326538086,-28.46210479736328,4,0,33.547510522702545,0.1488061576866624,0.0,16.463041395222337,1
89.50441216,20.57663917541504,0.589038074016571,-2.2467477974592387,3.7300100326538086,-28.46210479736328,4,0,33.58240336258047,0.15044582115372584,0.0,16.463041395222337,1
89.571158784,20.631834030151367,0.5905663371086121,-2.2703841023567097,3.7300100326538086,-28.46210479736328,4,0,33.61144677770002,0.1726843642603786,0.0,16.463041395222337,1
89.70558336,20.686296463012695,0.5924176573753357,-2.5541019972711916,3.7300100326538086,-28.46210479736328,4,0,33.64046558211231,0.4550305580376759,0.0,16.463041395222337,1
89.804259072,20.752607345581055,0.5941888689994812,-2.5042463197000195,3.7300100326538086,-28.46210479736328,4,0,33.675466157189135,0.40350070935427773,0.0,16.463041395222337,1
89.911115008,20.8187198638916,0.5958728194236755,-2.420843014471131,3.7300100326538086,-28.46210479736328,4,0,33.71038514870358,0.3184304741985051,0.0,16.463041395222337,1
90.05600128,20.87337875366211,0.597644031047821,-2.5917935275837256,3.7300100326538086,-28.46210479736328,4,0,33.73965164424177,0.48801116003451517,0.0,16.463041395222337,1
90.158336,20.939390182495117,0.5994841456413269,-2.532944516217209,3.7300100326538086,-28.46210479736328,4,0,33.774823715808196,0.4275064693748445,0.0,16.463041395222337,1
90.258586368,21.005382537841797,0.601302444934845,-2.452454046619179,3.7300100326538086,-28.46210479736328,4,0,33.810059682358926,0.34536392501555513,0.0,16.463041395222337,1
90.358857984,21.060203552246094,0.6028093695640564,-2.521388972170191,3.7300100326538086,-28.46210479736328,4,0,33.83939779247515,0.41292900811047906,0.0,16.463041395222337,1
90.463774208,21.115066528320312,0.6042377352714539,-2.563344020392716,3.7300100326538086,-28.46210479736328,4,0,33.86875341051051,0.45351433574473354,0.0,16.463041395222337,1
90.585542912,21.18094825744629,0.6062833666801453,-2.5495286044074006,3.7300100326538086,-28.46210479736328,4,0,33.90437192134701,0.43806225663047194,0.0,16.463041395222337,1
90.710076416,21.246854782104492,0.608313262462616,-2.5500885292036783,3.7300100326538086,-28.46210479736328,4,0,33.940080379242026,0.436988092840755,0.0,16.463041395222337,1
90.790984192,21.30181121826172,0.6096693873405457,-2.5556911887523506,3.7300100326538086,-28.46210479736328,4,0,33.9696371948972,0.4412256660374081,0.0,16.463041395222337,1
90.903499264,21.367704391479492,0.611802875995636,-2.566117632914744,3.7300100326538086,-28.46210479736328,4,0,34.00559321191662,0.4500262342699495,0.0,16.463041395222337,1
91.043389952,21.422727584838867,0.6131204962730408,-2.596268242427866,3.7300100326538086,-28.46210479736328,4,0,34.035290218493905,0.4788147276177135,0.0,16.463041395222337,1
91.154037504,21.477828979492188,0.6143396496772766,-2.6029958639993973,3.7300100326538086,-28.46210479736328,4,0,34.06500695804407,0.48417914501892767,0.0,16.463041395222337,1
91.262512384,21.543842315673828,0.6163652539253235,-2.6454422682161076,3.7300100326538086,-28.46210479736328,4,0,34.10117360342976,0.5250041719010388,0.0,16.463041395222337,1
91.363567872,21.59882354736328,0.617746889591217,-2.6203443745572303,3.7300100326538086,-28.46210479736328,4,0,34.131104150887566,0.49855380477300226,0.0,16.463041395222337,1
91.46567424,21.66492462158203,0.6197077631950378,-2.637716158507324,3.7300100326538086,-28.46210479736328,4,0,34.16742576079734,0.514307326728622,0.0,16.463041395222337,1
91.589459456,21.731088638305664,0.621626079082489,-2.6473006721784045,3.7300100326538086,-28.46210479736328,4,0,34.2038335959638,0.522274799973542,0.0,16.463041395222337,1
91.669453056,21.786209106445312,0.6231294274330139,-2.6172302796091444,3.7300100326538086,-28.46210479736328,4,0,34.23415217153261,0.49085843881279523,0.0,16.463041395222337,1
91.780800768,21.841320037841797,0.6247579455375671,-2.605100035835715,3.7300100326538086,-28.46210479736328,4,0,34.26463387121444,0.4773867779730123,0.0,16.463041395222337,1
91.909849344,21.907255172729492,0.6265987753868103,-2.620603969469598,3.7300100326538086,-28.46210479736328,4,0,34.30109205879208,0.49128730468129245,0.0,16.463041395222337,1
92.00405632,21.973194122314453,0.6285569071769714,-2.6102382551867844,3.7300100326538086,-28.46210479736328,4,0,34.33773964804981,0.47932331326644473,0.0,16.463041395222337,1
92.112488704,22.028301239013672,0.6301509737968445,-2.5855047278212795,3.7300100326538086,-28.46210479736328,4,0,34.36839837594045,0.45325601932448567,0.0,16.463041395222337,1
92.261090304,22.0834903717041,0.6318969130516052,-2.563319317878889,3.7300100326538086,-28.46210479736328,4,0,34.39929034270227,0.42973956171768934,0.0,16.463041395222337,1
92.365075712,22.14935874938965,0.633668839931488,-2.5796452947044974,3.7300100326538086,-28.46210479736328,4,0,34.43597611076845,0.44447521507772203,0.0,16.463041395222337,1
92.4608576,22.21543312072754,0.6355701088905334,-2.6302265529389497,3.7300100326538086,-28.46210479736328,4,0,34.47296842012771,0.49346650683310234,0.0,16.463041395222337,1
92.566604032,22.281408309936523,0.6375178694725037,-2.666677632749667,3.7300100326538086,-28.46210479736328,4,0,34.51003357568044,0.5283341804649999,0.0,16.463041395222337,1
92.709989888,22.33650016784668,0.6390191912651062,-2.6216834978319046,3.7300100326538086,-28.46210479736328,4,0,34.540945160093,0.48201849438190747,0.0,16.463041395222337,1
92.806728192,22.402538299560547,0.6408981680870056,-2.6566154882397646,3.7300100326538086,-28.46210479736328,4,0,34.57814473747022,0.5153707093160862,0.0,16.463041395222337,1
92.961069568,22.468524932861328,0.642730176448822,-2.656618250546038,3.7300100326538086,-28.46210479736328,4,0,34.615363056280884,0.5137976118772878,0.0,16.463041395222337,1
93.070891008,22.545631408691406,0.644815981388092,-2.6008161574990596,3.7300100326538086,-28.46210479736328,4,0,34.65891580801268,0.456157533737064,0.0,16.463041395222337,1
93.180647168,22.60081672668457,0.6464832425117493,-2.6336323522041645,3.7300100326538086,-28.46210479736328,4,0,34.690304740065805,0.48766384951138475,0.0,16.463041395222337,1
93.268636416,22.666973114013672,0.6482219099998474,-2.637162674155166,3.7300100326538086,-28.46210479736328,4,0,34.72779422529173,0.4896229239873735,0.0,16.463041395222337,1
93.412002304,22.722158432006836,0.6497687697410583,-2.6427278594046983,3.7300100326538086,-28.46210479736328,4,0,34.759212928518906,0.493881542957344,0.0,16.463041395222337,1
93.510275584,22.79948616027832,0.6515099406242371,-2.5743986531967358,3.7300100326538086,-28.46210479736328,4,0,34.802980948390115,0.42371878851644373,0.0,16.463041395222337,1
93.622535168,22.85451316833496,0.6532580256462097,-2.6377321820785404,3.7300100326538086,-28.46210479736328,4,0,34.83462318587875,0.4857583823696183,0.0,16.463041395222337,1
93.769036288,22.920692443847656,0.6548547148704529,-2.6234732026808896,3.7300100326538086,-28.46210479736328,4,0,34.87233319759898,0.4699383610046586,0.0,16.463041395222337,1
93.872723968,22.975927352905273,0.6565023064613342,-2.650228862125858,3.7300100326538086,-28.46210479736328,4,0,34.9041346141809,0.49539869560943606,0.0,16.463041395222337,1
93.9735616,23.041927337646484,0.6582159399986267,-2.6375364490579987,3.7300100326538086,-28.46210479736328,4,0,34.94199808027162,0.4811575644054016,0.0,16.463041395222337,1
94.072630016,23.097164154052734,0.6597006916999817,-2.652268839960557,3.7300100326538086,-28.46210479736328,4,0,34.97379324158097,0.4945971805462839,0.0,16.463041395222337,1
94.17637248,23.16315269470215,0.661439836025238,-2.667109214763076,3.7300100326538086,-28.46210479736328,4,0,35.011824941532204,0.5078956773730807,0.0,16.463041395222337,1
94.31009408,23.229442596435547,0.6631318926811218,-2.5564742984186015,3.7300100326538086,-28.46210479736328,4,0,35.050068224763564,0.39571434076357415,0.0,16.463041395222337,1
94.410613504,23.28441047668457,0.6644687056541443,-2.6051943547606475,3.7300100326538086,-28.46210479736328,4,0,35.08178816354986,0.443153605436875,0.0,16.463041395222337,1
94.510955008,23.33953285217285,0.6657187342643738,-2.522429246611092,3.7300100326538086,-28.46210479736328,4,0,35.11357983599621,0.359104991642623,0.0,16.463041395222337,1
94.611848192,23.40550994873047,0.6674656271934509,-2.552715846779652,3.7300100326538086,-28.46210479736328,4,0,35.15191559597774,0.38786238533599393,0.0,16.463041395222337,1
94.726613504,23.46062469482422,0.6687628626823425,-2.5014524913661287,3.7300100326538086,-28.46210479736328,4,0,35.183868541906335,0.3353215633813553,0.0,16.463041395222337,1
94.870069248,23.526634216308594,0.670498788356781,-2.539167172215162,3.7300100326538086,-28.46210479736328,4,0,35.22236392906608,0.3715122170081835,0.0,16.463041395222337,1
94.959869952,23.592771530151367,0.672398030757904,-2.539862037974949,3.7300100326538086,-28.46210479736328,4,0,35.26114787337861,0.3706860012757627,0.0,16.463041395222337,1
95.085208832,23.648000717163086,0.6734470725059509,-2.568862891042369,3.7300100326538086,-28.46210479736328,4,0,35.293154232372586,0.39841062480741085,0.0,16.463041395222337,1
95.1770368,23.70333480834961,0.6747364401817322,-2.5645108694793843,3.7300100326538086,-28.46210479736328,4,0,35.325475508439055,0.39278608562923667,0.0,16.463041395222337,1
95.30199424,23.758182525634766,0.6763259768486023,-2.6305654614802867,3.7300100326538086,-28.46210479736328,4,0,35.357825744693876,0.45758663345834494,0.0,16.463041395222337,1
95.380531968,23.82452392578125,0.6778039336204529,-2.604636410138777,3.7300100326538086,-28.46210479736328,4,0,35.39666325306884,0.4301366794766919,0.0,16.463041395222337,1
95.510523392,23.89087677001953,0.6794964671134949,-2.5958282734194573,3.7300100326538086,-28.46210479736328,4,0,35.43576543352174,0.4198141570313636,0.0,16.463041395222337,1
95.63200768,23.956993103027344,0.6811218857765198,-2.6130643284514137,3.7300100326538086,-28.46210479736328,4,0,35.47475871142817,0.4355435666071714,0.0,16.463041395222337,1
95.774098176,24.023298263549805,0.6829344630241394,-2.610184194176128,3.7300100326538086,-28.46210479736328,4,0,35.51409383205133,0.43115874670521803,0.0,16.463041395222337,1
95.890047232,24.089332580566406,0.6845545172691345,-2.63097364225265,3.7300100326538086,-28.46210479736328,4,0,35.55319625312457,0.45044998633002287,0.0,16.463041395222337,1
95.981808384,24.1557674407959,0.6863192915916443,-2.6330673771026136,3.7300100326538086,-28.46210479736328,4,0,35.592726680683505,0.451041925317861,0.0,16.463041395222337,1
96.083036928,24.210918426513672,0.6874226927757263,-2.6335037370466705,-10.581206321716309,-8.337650299072266,5,1,35.943620950101575,0.2542830605475479,0.0,16.463041395222337,1
96.184360192,24.266021728515625,0.6886102557182312,-2.6513060386583476,-10.581206321716309,-8.337650299072266,5,0,35.997259373288934,0.2368331844835878,0.0,16.463041395222337,1
96.285852928,24.321027755737305,0.689830482006073,-2.669260608925856,-10.581206321716309,-8.337650299072266,5,0,36.05081625775071,0.2192284381665286,0.0,16.463041395222337,1
96.3802496,24.376314163208008,0.6909781098365784,-2.696308087213178,-10.581206321716309,-8.337650299072266,5,0,36.10463085810544,0.19253363483070185,-0.024540445843399393,16.464199663430843,1
96.502478848,24.44387435913086,0.6932174563407898,-2.7079465519659727,-10.581206321716309,-8.337650299072266,5,0,36.17060753036383,0.18130230933496083,-0.5981249468529423,16.502253624783293,1
96.604595712,24.486940383911133,0.6937553286552429,-2.7557054981587266,-10.581206321716309,-8.337650299072266,5,0,36.212445388014835,0.13382590793511762,-0.7349171325024487,16.570316663145206,1
96.708322048,24.527633666992188,0.6950518488883972,-2.8846446512193435,-10.581206321716309,-8.337650299072266,5,0,36.2521772235339,0.00513207472267263,-0.7521254420280457,16.64743940201123,1
96.811483136,24.545923233032227,0.6955156922340393,-2.9772370131929615,-10.581206321716309,-8.337650299072266,5,0,36.270005770368726,0.08734702922747672,-0.7603493928909302,16.725453676782667,1
96.924046336,24.582712173461914,0.6969079375267029,-3.0332602019947656,-10.581206321716309,-8.337650299072266,5,0,36.30598306706534,0.14315499088276606,-0.7620198726654053,16.811135054839,1
97.063441408,24.60932159423828,0.6973583102226257,-3.0458811799605017,-10.581206321716309,-8.337650299072266,5,0,36.33186804409611,0.15560572126211314,-0.7620198726654053,16.917356869854622,1
97.193011968,24.622568130493164,0.6970124840736389,-3.0705760602472347,-10.581206321716309,-8.337650299072266,5,0,36.34461263085903,0.18020074876407222,-0.7620198726654053,17.016092211487,1
97.272039424,24.654375076293945,0.6980370879173279,-3.078813349545778,-10.581206321716309,-8.337650299072266,5,0,36.375676529945245,0.1882479595997828,-0.7620198726654053,17.076312703445193,1
97.410351104,24.67934799194336,0.6990299820899963,-3.089248805796705,-10.581206321716309,-8.337650299072266,5,0,36.400113749966366,0.19853941969169364,-0.7620198726654053,17.181708952226934,1
97.512973824,24.706727981567383,0.6989619135856628,-3.092931251707288,-10.581206321716309,-8.337650299072266,5,0,36.42662031639532,0.20203345161467468,-0.7620198726654053,17.259909504253912,1
97.610480896,24.727054595947266,0.6992513537406921,-3.095995414908517,-10.581206321716309,-8.337650299072266,5,0,36.446383641075045,0.20496695229743978,-0.7620198726654053,17.334211830843326,1
97.7097152,24.754484176635742,0.6999004483222961,-3.0993430095712893,-10.581206321716309,-8.337650299072266,5,0,36.473118135238444,0.20814531670372727,-0.7620198726654053,17.40983034254145,1
97.831058688,24.777856826782227,0.7000955939292908,-3.103100391273932,-10.581206321716309,-8.337650299072266,5,0,36.49581068514541,0.2117491911946794,-0.7620198726654053,17.502296491815983,1
97.961059584,24.796857833862305,0.7006840109825134,-3.1030928838875402,-10.581206321716309,-8.337650299072266,5,0,36.51436580986379,0.21162843303778933,-0.7620198726654053,17.60135975803229,1
98.031874304,24.817846298217773,0.7012121081352234,-3.1061433039349384,-10.581206321716309,-8.337650299072266,5,0,36.534832146942875,0.21455065834972098,-0.7620198726654053,17.65532198194953,1
98.141904128,24.837535858154297,0.7012807726860046,-3.1066970973715216,-10.581206321716309,-8.337650299072266,5,0,36.553926909760904,0.21497300912826534,-0.7620198726654053,17.739166894423402,1
98.260059904,24.857114791870117,0.701704204082489,-3.1083196283069716,-10.581206321716309,-8.337650299072266,5,0,36.573002791449454,0.2164743815507748,-0.7620198726654053,17.82920394380561,1
98.364636672,24.873096466064453,0.7021391987800598,-3.1090645962439574,-10.581206321716309,-8.337650299072266,5,0,36.58859631542484,0.21712291181580445,-0.7620198726654053,17.90889351924073,1
98.505078784,24.89027214050293,0.7022759318351746,-3.1105329023621735,-10.581206321716309,-8.337650299072266,5,0,36.60527353477818,0.2184789109743317,-0.7620198726654053,18.015913199543835,1
98.610310912,24.90448760986328,0.7026944756507874,-3.111673604169745,-10.581206321716309,-8.337650299072266,5,0,36.61915219460449,0.21953482030149107,-0.7620198726654053,18.096102172322702,1
98.695209472,24.921972274780273,0.7023953795433044,-3.11212008386459,-10.581206321716309,-8.337650299072266,5,0,36.63602211384567,0.2198555668878064,-0.7620198726654053,18.160796562203377,1
98.798356224,24.93584632873535,0.703106701374054,-3.1125587004762427,-10.581206321716309,-8.337650299072266,5,0,36.64964278292593,0.22021958149588938,-0.7620198726654053,18.23939643702827,1
98.911186176,24.949281692504883,0.7029404044151306,-3.113237385905948,-10.581206321716309,-8.337650299072266,5,0,36.66262209385328,0.2208034727817978,-0.7620198726654053,18.325375102684152,1
99.015094784,24.960874557495117,0.7031922936439514,-3.1142635826000764,-10.581206321716309,-8.337650299072266,5,0,36.67391917985693,0.22175837741390847,-0.7620198726654053,18.40455552692115,1
99.160427776,24.972543716430664,0.7025311589241028,-3.1139873354955374,-10.581206321716309,-8.337650299072266,5,0,36.685065388636524,0.2213862491146199,-0.7620198726654053,18.51530215497908,1
99.239799296,24.98195457458496,0.7027832865715027,-3.115363537674619,-10.581206321716309,-8.337650299072266,5,0,36.69424821893273,0.22270591014874785,-0.7620198726654053,18.575784830542734,1
99.3403584,24.9877986907959,0.7027701735496521,-3.1142333807667493,-10.581206321716309,-8.337650299072266,5,0,36.69990899037653,0.22153617452854757,-0.7620198726654053,18.65241286616816,1
99.439795456,24.98758316040039,0.7028006911277771,-3.1154309881252784,-10.581206321716309,-8.337650299072266,5,0,36.69970761912613,0.22273603448156054,-0.7620198726654053,18.7281858789195,1
99.590677248,24.984621047973633,0.7021989226341248,-3.115086220143278,-10.581206321716309,-8.337650299072266,5,0,36.696688548720196,0.22239525731037446,-0.7620198726654053,18.843160802846874,1
99.685402368,24.982458114624023,0.7016980051994324,-3.115538669991536,-10.581206321716309,-8.337650299072266,5,0,36.6944688734768,0.22284899714293216,-0.7620198726654053,18.915343226727483,1
99.79229824,24.974720001220703,0.7011895775794983,-3.1156311238596732,-10.581206321716309,-8.337650299072266,5,0,36.686844004327696,0.22297997856200436,-0.7620198726654053,18.996800005497377,1
99.910209792,24.968294143676758,0.7012924551963806,-3.1155256111096805,-10.581206321716309,-8.337650299072266,5,0,36.68064161726083,0.2229203455363873,-0.7620198726654053,19.086650951338203,1
100.031766272,24.966079711914062,0.700982391834259,-3.116446539708233,-10.581206321716309,-8.337650299072266,5,0,36.67841906731882,0.2238479588420046,-0.7620198726654053,19.179279404749455,1
100.142470912,24.954389572143555,0.7004664540290833,-3.116260041348184,-10.581206321716309,-8.337650299072266,5,0,36.66696237724638,0.22372638990872584,-0.7620198726654053,19.26363854042572,1
100.24381824,24.94452667236328,0.7001933455467224,-3.116659944459163,-10.581206321716309,-8.337650299072266,5,0,36.65733654415191,0.22418539292907802,-0.7620198726654053,19.34086721840326,1
100.378112768,24.933448791503906,0.6994639039039612,-3.116678593066713,-10.581206321716309,-8.337650299072266,5,0,36.64642084745267,0.22425928078452984,-0.7620198726654053,19.44320231752948,1
100.492977152,24.918142318725586,0.6990579962730408,-3.1165906562998313,-10.581206321716309,-8.337650299072266,5,0,36.63148714850117,0.2242636484596896,-0.7620198726654053,19.53073126079895,1
100.608128,24.905515670776367,0.6987842917442322,-3.1174341038196087,-10.581206321716309,-8.337650299072266,5,0,36.61918333178074,0.22518491454471512,-0.7620198726654053,19.618478495329224,1
100.711707136,24.895240783691406,0.6987205147743225,-3.1176088481371673,-10.581206321716309,-8.337650299072266,5,0,36.60921054472672,0.2254272294654247,-0.7620198726654053,19.697407855354744,1
100.810086912,24.887062072753906,0.6985111832618713,-3.11791359762569,-10.581206321716309,-8.337650299072266,5,0,36.60123327480911,0.22578159267890685,-0.7620198726654053,19.772375199735116,1
100.910262016,24.88050079345703,0.6983570456504822,-3.1173702446738836,-10.581206321716309,-8.337650299072266,5,0,36.59483707104349,0.22527842274592258,-0.7620198726654053,19.84871061972944,1
101.019544832,24.87592887878418,0.6982247233390808,-3.1182422172608364,-10.581206321716309,-8.337650299072266,5,0,36.59037406268496,0.22617774332839247,-0.7620198726654053,19.93198629726227,1
101.166927872,24.87148094177246,0.6981191039085388,-3.1182067945719996,-10.581206321716309,-8.337650299072266,5,0,36.58603781371499,0.22616954565441683,-0.7620198726654053,20.044295102636116,1
101.263752192,24.872703552246094,0.6977441906929016,-3.1182807780602655,-10.581206321716309,-8.337650299072266,5,0,36.58712996309942,0.22622534648533454,-0.7620198726654053,20.11807715863343,1
101.371955968,24.877042770385742,0.6980296969413757,-3.11928044865438,-10.581206321716309,-8.337650299072266,5,0,36.5914052978007,0.22720329255837113,-0.7620198726654053,20.200530586242863,1
101.474015488,24.86383628845215,0.6978110671043396,-3.117779679482307,-10.581206321716309,-8.337650299072266,5,0,36.57855393172791,0.22578588579969594,-0.7620198726654053,20.278301968677564,1
101.575341056,24.86414337158203,0.6976204514503479,-3.120572353418912,-10.581206321716309,-8.337650299072266,5,0,36.578804414789914,0.22857143640343658,-0.7620198726654053,20.355514065102668,1
101.710122496,24.819814682006836,0.6965340971946716,-3.120839944572411,-10.581206321716309,-8.337650299072266,5,0,36.53558232479401,0.229109910486605,-0.7620198726654053,20.458220200849127,1
101.887500544,24.75839614868164,0.6939764618873596,-3.118911350413421,-10.581206321716309,-8.337650299072266,5,0,36.475440843326886,0.2275297371063454,-0.7620198726654053,20.59338579839973,1
101.9787584,24.728897094726562,0.6938585638999939,-3.11867472848263,-10.581206321716309,-8.337650299072266,5,0,36.44683190102861,0.22749038850601755,-0.7620198726654053,20.662926098208565,1
102.089030656,24.721519470214844,0.6930157542228699,-3.11874142197688,-10.581206321716309,-8.337650299072266,5,0,36.43947554104502,0.2275848444344355,-0.7620198726654053,20.746955748684215,1
102.189181184,24.72271728515625,0.6936244368553162,-3.1192312865199696,-10.581206321716309,-8.337650299072266,5,0,36.44078683831755,0.22808274514339733,-0.7620198726654053,20.82327244127815,1
102.29850112,24.726511001586914,0.6934215426445007,-3.118370978058623,-10.581206321716309,-8.337650299072266,5,0,36.44441193369069,0.22719124459581375,-0.7620198726654053,20.90657640498865,1
102.387580672,24.737077713012695,0.6941397786140442,-3.1206043424045804,-10.581206321716309,-8.337650299072266,5,0,36.45482710376208,0.22937186862120829,-0.7620198726654053,20.974456793860785,1
102.4997632,24.72406768798828,0.6937217116355896,-3.1194358003014986,-10.581206321716309,-8.337650299072266,5,0,36.442119220705585,0.22828066117429913,-0.7620198726654053,21.059942109562634,1
102.576605184,24.719934463500977,0.6937939524650574,-3.1177756316560004,-10.581206321716309,-8.337650299072266,5,0,36.43813285565491,0.2266505246752999,-0.7620198726654053,21.11849722842567,1
102.710710016,24.732221603393555,0.6940004229545593,-3.1215107533219295,-10.581206321716309,-8.337650299072266,5,0,36.45008788174065,0.23030758274263796,-0.7620198726654053,21.220687775430118,1
102.800623104,24.70170783996582,0.693633496761322,-3.1211234432572157,-10.581206321716309,-8.337650299072266,5,0,36.420435455133095,0.23011810821817624,-0.7620198726654053,21.289203335298833,1
102.899591936,24.664630889892578,0.6928064227104187,-3.117228409817635,-10.581206321716309,-8.337650299072266,5,0,36.384312407289265,0.22645374671366003,-0.7620198726654053,21.364619552057313,1
103.001046272,24.663915634155273,0.6923391222953796,-3.1188603944048445,-10.581206321716309,-8.337650299072266,5,0,36.383503550843926,0.22807816868311548,-0.7620198726654053,21.44192977225739,1
103.109794048,24.683618545532227,0.6927418112754822,-3.1189862517275593,-10.581206321716309,-8.337650299072266,5,0,36.40269021081191,0.22808040990579492,-0.7620198726654053,21.524797738677556,1
103.252440576,24.71522331237793,0.693912923336029,-3.1187197738530257,-10.581206321716309,-8.337650299072266,5,0,36.433598218607564,0.22762988025126862,-0.7620198726654053,21.63349722778028,1
103.345327104,24.751373291015625,0.6948449015617371,-3.119602842780962,-10.581206321716309,-8.337650299072266,5,0,36.4688518003997,0.2282919834265016,-0.7620198726654053,21.704278608019177,1
103.455001344,24.78667449951172,0.6958844065666199,-3.119737633808876,-10.581206321716309,-8.337650299072266,5,0,36.503311398591926,0.22821484354211208,-0.7620198726654053,21.787852558418646,1
103.555495936,24.828203201293945,0.6971603035926819,-3.119667754362343,-10.581206321716309,-8.337650299072266,5,0,36.54386522241833,0.22789756371873704,-0.7620198726654053,21.86443143461805,1
103.676000512,24.865556716918945,0.698477566242218,-3.1212725862263153,-10.581206321716309,-8.337650299072266,5,0,36.58038568297868,0.22928483056877358,-0.7467301434607087,21.95533707510969,1
103.742198528,24.894664764404297,0.6991607546806335,-3.119563736269135,-10.581206321716309,-8.337650299072266,5,0,36.60876101891839,0.22739765482649377,-0.39592626690864563,21.993157868777757,1
103.844795648,24.90371322631836,0.6998791098594666,-3.1243792362169565,-10.581206321716309,-8.337650299072266,5,0,36.61770682535703,0.23217116764083645,-0.026941418647766113,22.014850372117333,1
103.957983488,24.86815643310547,0.6991154551506042,-3.1241992122013524,-10.581206321716309,-8.337650299072266,5,0,36.5830624062508,0.23221079875269357,-0.009626179933547974,22.016919875866037,1
104.078988032,24.806400299072266,0.6963993906974792,-3.123577612393989,-10.581206321716309,-8.337650299072266,5,0,36.52255133674136,0.2319348247448456,-0.014573463851351439,22.018384009296614,1
104.172200192,24.750728607177734,0.6956031918525696,-3.1205510016626747,-10.581206321716309,-8.337650299072266,5,0,36.46841502520926,0.22926466592227346,-0.08246364049573197,22.022906528344784,1
104.276054528,24.698381423950195,0.6938501000404358,-3.122946238977434,-10.581206321716309,-8.337650299072266,5,0,36.4172666596953,0.23196931626788775,-0.28583475947380066,22.042031221234133,1
104.38072448,24.635122299194336,0.6921843886375427,-3.1208623060460914,-10.581206321716309,-8.337650299072266,5,0,36.355573383228844,0.23027252124401487,-0.37690839171409607,22.076715868145715,1
104.49414272,24.568078994750977,0.6896678805351257,-3.118075967198065,-10.581206321716309,-8.337650299072266,5,0,36.290008704522144,0.22787786778186847,-0.4274714165154573,22.122331539216184,1
104.598957056,24.526159286499023,0.6888975501060486,-3.1196146820384065,-10.581206321716309,-8.337650299072266,5,0,36.24921635045931,0.22968366750037106,-0.4717170347020163,22.169455459442798,1
104.702298112,24.485105514526367,0.6876513361930847,-3.1182226391101495,-10.581206321716309,-8.337650299072266,5,0,36.209146571054895,0.22854062214113968,-0.5664731892773089,22.223099296480243,1
104.811602432,24.44660758972168,0.686567485332489,-3.118675635368829,-10.581206321716309,-8.337650299072266,5,0,36.1715945741226,0.22922988523689414,-0.7823926334934985,22.29681772724485,1
104.924580352,24.406103134155273,0.6857011914253235,-3.1200524040118496,-10.581206321716309,-8.337650299072266,5,0,36.13215597057538,0.23086310950275335,-0.7553281309611869,22.383681973999305,1
105.020399616,24.346616744995117,0.6841968894004822,-3.120051084065123,-10.581206321716309,-8.337650299072266,5,0,36.07418122247063,0.23123321892232207,-0.4096728129395522,22.43949674050124,1
105.13234176,24.25984764099121,0.6813010573387146,-3.1181663244922895,-10.581206321716309,-8.337650299072266,5,0,35.98945018754252,0.22987351349429286,-0.11835943374281822,22.46905127139862,1
105.237055744,24.205785751342773,0.6799991726875305,-3.1198524563354737,-10.581206321716309,-8.337650299072266,5,0,35.936789220610756,0.2319015668128519,-0.08637957673386489,22.479770790132235,1
105.37391872,24.151182174682617,0.6787447333335876,-3.120790835628599,-10.581206321716309,-8.337650299072266,5,0,35.883620079991616,0.23318794385995067,-0.08323834614046252,22.491377996985996,1
105.443769856,24.084543228149414,0.6765398383140564,-3.1189757634152055,-10.581206321716309,-8.337650299072266,5,0,35.81856802954256,0.2317807622998762,-0.07825854638787413,22.497018367687783,1
105.548011264,24.03049659729004,0.6752855181694031,-3.119930468260132,-10.581206321716309,-8.337650299072266,5,0,35.765947366164795,0.23308181782504223,-0.050196332707657075,22.503713526418476,1
105.69181184,23.975345611572266,0.6737868189811707,-3.119550613640912,-10.581206321716309,-8.337650299072266,5,0,35.712200722592016,0.23305051601452353,-0.03985948570348441,22.510188565698314,1
105.77213184,23.920406341552734,0.6721717715263367,-3.119346639431459,-10.581206321716309,-8.337650299072266,5,0,35.65863387890922,0.23319148813528834,-0.0349465925521285,22.51319277780106,1
105.89553792,23.854263305664062,0.6706685423851013,-3.118918655096273,-10.581206321716309,-8.337650299072266,5,0,35.59426044754395,0.23319216348119776,-0.03246687352657318,22.51735239359505,1
106.01084416,23.79909896850586,0.669048011302948,-3.11892211309787,-10.581206321716309,-8.337650299072266,5,0,35.5404840471116,0.23354433390166784,-0.03246687352657318,22.521096026705955,1
106.11071616,23.743640899658203,0.6674796938896179,-3.1179277031943355,-10.581206321716309,-8.337650299072266,5,0,35.48644111433046,0.23290321689565197,-0.0304108913987875,22.524235890775266,1
106.211896576,23.677640914916992,0.6659402251243591,-3.118980595700847,-10.581206321716309,-8.337650299072266,5,0,35.42221416442485,0.2343868913002196,-0.0304108913987875,22.527312877417927,1
106.313472512,23.611194610595703,0.6639638543128967,-3.118468079890388,-10.581206321716309,-8.337650299072266,5,0,35.357450966980004,0.23429798658873846,-0.0304108913987875,22.530401892176354,1
106.411963904,23.555578231811523,0.6627213358879089,-3.1184928025116685,-10.581206321716309,-8.337650299072266,5,0,35.303353229139184,0.23468974900969775,-0.0304108913987875,22.53339710320218,1
106.512672768,23.5001163482666,0.6612806916236877,-3.1188048512021114,-10.581206321716309,-8.337650299072266,5,0,35.24935905673746,0.23536341066272382,-0.0304108913987875,22.53645974952818,1
106.620560128,23.444358825683594,0.6599032282829285,-3.118135868680342,-10.581206321716309,-8.337650299072266,5,0,35.19509984468828,0.23506103349988905,-0.07011250440842827,22.541882351424118,1
106.734333184,23.378110885620117,0.6584307551383972,-3.117994458200665,-10.581206321716309,-8.337650299072266,5,0,35.13068031681743,0.23536119160434765,-0.44001977102450474,22.570902005394238,1
106.837967616,23.319015502929688,0.6573900580406189,-3.1161767654147154,-10.581206321716309,-8.337650299072266,5,0,35.073291701610984,0.23394627937896084,-0.68368451853322,22.62912923328638,1
106.960392192,23.250585556030273,0.6555368304252625,-3.1158327214449173,-10.581206321716309,-8.337650299072266,5,0,35.00667873999645,0.23405239469468864,-0.7036873610471409,22.714053440342354,1
107.055188224,23.149005889892578,0.6533369421958923,-3.1157142199652794,-10.581206321716309,-8.337650299072266,5,0,34.90795134941058,0.2346205470588658,-0.7054482102394104,22.780843670696367,1
107.162993664,23.052513122558594,0.6515042185783386,-3.1141352788740106,-10.581206321716309,-8.337650299072266,5,0,34.814249706095836,0.23370461183527214,-0.7054482102394104,22.856894825398435,1
107.310158848,22.93868064880371,0.6486780047416687,-3.114833381866514,-10.581206321716309,-8.337650299072266,5,0,34.703557726843584,0.23517098031061545,-0.7054482102394104,22.96071224106079,1
107.411337984,22.835908889770508,0.6461467146873474,-3.1135209167114892,-10.581206321716309,-8.337650299072266,5,0,34.6036442855694,0.2345569192968351,-0.7053481678412943,23.032083820363855,1
107.485147392,22.73147201538086,0.6434528231620789,-3.1135187612227315,-10.581206321716309,-8.337650299072266,5,0,34.50209778090472,0.23526522436812725,-0.3477557702060502,23.070948309478727,1
107.579590912,22.65224838256836,0.641368567943573,-3.1174106570239792,-10.581206321716309,-8.337650299072266,5,0,34.42506777620005,0.23969771416799324,-0.07107261803795908,23.090726123109572,1
107.684027904,22.574386596679688,0.6388418078422546,-3.1181833647669763,-10.581206321716309,-8.337650299072266,5,0,34.34924675034213,0.2409906438422631,-0.02510510322632598,23.0957483790627,1
107.789583872,22.51078987121582,0.6374704241752625,-3.1174849852512603,-10.581206321716309,-8.337650299072266,5,0,34.287505071525715,0.24073837470260617,-0.01868753959563552,23.098059666464877,1
107.9126144,22.447355270385742,0.636124312877655,-3.11790998036031,-10.581206321716309,-8.337650299072266,5,0,34.225933320062374,0.24161056020912497,-0.01823561266064644,23.100331003923635,1
108.012789248,22.370935440063477,0.6338669657707214,-3.1175366075081987,-10.581206321716309,-8.337650299072266,5,0,34.151599797400515,0.24176010028636163,-0.01813923753798008,23.10215292646847,1
108.11227776,22.307348251342773,0.6326169371604919,-3.1170483159524065,-10.581206321716309,-8.337650299072266,5,0,34.08992103532239,0.24172643073660227,-0.01813923753798008,23.103957572219937,1
108.211107584,22.243839263916016,0.6312856078147888,-3.1173008514751674,-10.581206321716309,-8.337650299072266,5,0,34.02830335177891,0.24243232579074014,-0.015665631741285324,23.105628036860544,1
108.323597312,22.18035125732422,0.62898188829422,-3.117488264752334,-10.581206321716309,-8.337650299072266,5,0,33.9664562147467,0.243046968052115,-0.015665631741285324,23.10739025951407,1
108.426236928,22.116615295410156,0.6276728510856628,-3.1162981726113173,-10.581206321716309,-8.337650299072266,5,0,33.90463917655194,0.24231589072966475,-0.015665631741285324,23.108998173940392,1
108.572007424,22.04038429260254,0.6258251070976257,-3.116330806306185,-10.581206321716309,-8.337650299072266,5,0,33.830637971596516,0.2428916891521289,-0.015665631741285324,23.111281760849472,1
108.678988288,21.976774215698242,0.6240226626396179,-3.1160410516931294,-10.581206321716309,-8.337650299072266,5,0,33.768827029485976,0.2430495530516934,-0.015665631741285324,23.11295768366826,1
108.773492992,21.900306701660156,0.6223215460777283,-3.115295603739298,-10.581206321716309,-8.337650299072266,5,0,33.694655121452946,0.24285769616997843,-0.015665631741285324,23.114438159558944,1
108.87650688,21.837047576904297,0.6202024817466736,-3.1159523938946228,-10.581206321716309,-8.337650299072266,5,0,33.63311333014319,0.24395390117005977,-0.015665631741285324,23.11605193719259,1
108.976591872,21.76060676574707,0.6185624003410339,-3.115168761978173,-10.581206321716309,-8.337650299072266,5,0,33.55900206653275,0.2437298338009075,-0.015665631741285324,23.117619831820093,1
109.108082944,21.69709587097168,0.6165568232536316,-3.1158160879699923,-10.581206321716309,-8.337650299072266,5,0,33.49726283790958,0.2448254629135067,-0.015665631741285324,23.119679722531313,1
109.210206208,21.63353729248047,0.6150669455528259,-3.115461341614947,-10.581206321716309,-8.337650299072266,5,0,33.43562250341153,0.24493591755724253,-0.015665631741285324,23.121279547977355,1
109.275502848,21.569822311401367,0.6134524941444397,-3.114791223289278,-10.581206321716309,-8.337650299072266,5,0,33.373805347641806,0.24473037956073762,-0.015665631741285324,23.12230246109354,1
109.410182144,21.493701934814453,0.6111547350883484,-3.115453809132158,-10.581206321716309,-8.337650299072266,5,0,33.29986263041161,0.24593958868333,-0.015665631741285324,23.124412297347853,1
109.510988544,21.430017471313477,0.6097130179405212,-3.1150328638900677,-10.581206321716309,-8.337650299072266,5,0,33.2381371176855,0.24599175954592134,-0.015665631741285324,23.12599149328742,1
109.611437568,21.366281509399414,0.6080047488212585,-3.1146948238446384,-10.581206321716309,-8.337650299072266,5,0,33.176297607707674,0.24612127774069004,-0.015665631741285324,23.127565090706174,1
109.710212352,21.302927017211914,0.6059293150901794,-3.1156773595377274,-10.581206321716309,-8.337650299072266,5,0,33.11473350473194,0.24755933091801596,-0.015665631741285324,23.129112460097645,1
109.810069504,21.226472854614258,0.6041821837425232,-3.114798189494361,-10.581206321716309,-8.337650299072266,5,0,33.04065409060624,0.24725419389302994,-0.015665631741285324,23.13067678546761,1
109.951317248,21.162912368774414,0.6022536158561707,-3.1149642816383114,-10.581206321716309,-8.337650299072266,5,0,32.9789471245538,0.2478855784107843,-0.015665631741285324,23.132889520609403,1
110.037810432,21.099382400512695,0.6006514430046082,-3.1151875090798797,-10.581206321716309,-8.337650299072266,5,0,32.91736532317613,0.24858513393718074,-0.015665631741285324,23.13424449097808,1
110.135556608,21.035633087158203,0.5991867184638977,-3.114839880059832,-10.581206321716309,-8.337650299072266,5,0,32.85561732922645,0.2487214600078933,-0.015665631741285324,23.135775746575415,1
110.238938112,20.959463119506836,0.5968253016471863,-3.1155469968376366,-10.581206321716309,-8.337650299072266,5,0,32.78168212676645,0.2499912722064539,-0.015665631741285324,23.13739528314594,1
110.376043264,20.89583396911621,0.5953869223594666,-3.1147615532109154,-10.581206321716309,-8.337650299072266,5,0,32.72007364707755,0.24969353730079646,-0.015665631741285324,23.139543121967005,1
110.466016,20.81954574584961,0.5930872559547424,-3.1151709378500643,-10.581206321716309,-8.337650299072266,5,0,32.64606107458471,0.25067314232479054,-0.015665631741285324,23.140952601715938,1
110.584997888,20.755895614624023,0.5915314555168152,-3.114877651959371,-10.581206321716309,-8.337650299072266,5,0,32.584417204778596,0.25086830572226315,-0.015665631741285324,23.14281652815723,1
110.687557888,20.67946434020996,0.5895251631736755,-3.114693410346395,-10.581206321716309,-8.337650299072266,5,0,32.51036745358538,0.25126895888567935,-0.015665631741285324,23.144423195348615,1
110.788121344,20.616043090820312,0.5876813530921936,-3.1153532426052832,-10.581206321716309,-8.337650299072266,5,0,32.44888158333266,0.25241084804016545,-0.015665631741285324,23.145998585416944,1
110.887582976,20.55239486694336,0.5862564444541931,-3.114754561718726,-10.581206321716309,-8.337650299072266,5,0,32.387300513344236,0.25231041866610093,-0.015665631741285324,23.14755671471624,1
111.01019776,20.488723754882812,0.5845112204551697,-3.114487567894798,-10.581206321716309,-8.337650299072266,5,0,32.325617103858896,0.25253424593642926,-0.015665631741285324,23.149477552768424,1
111.089570816,20.425161361694336,0.5825793147087097,-3.1149588351258486,-10.581206321716309,-8.337650299072266,5,0,32.263994378895916,0.25349171870611986,-0.015665631741285324,23.1507209818339,1
111.207761408,20.36148452758789,0.5810660719871521,-3.1147858092644234,-10.581206321716309,-8.337650299072266,5,0,32.20238529523888,0.25382023575947255,-0.015665631741285324,23.152572512123456,1
111.312888064,20.284996032714844,0.579042375087738,-3.1145563729767685,-10.581206321716309,-8.337650299072266,5,0,32.1283341620774,0.25418963497737224,-0.015665631741285324,23.154219387602545,1
111.409979904,20.221511840820312,0.5771917700767517,-3.1152667293767804,-10.581206321716309,-8.337650299072266,5,0,32.066834195450795,0.25539399374792193,-0.015665631741285324,23.15574039261307,1
111.510038528,20.157737731933594,0.5757798552513123,-3.1145340800705643,-10.581206321716309,-8.337650299072266,5,0,32.00518580870018,0.25517293244340467,-0.015665631741285324,23.15730787416919,1
111.611436288,20.0814151763916,0.5734719634056091,-3.114951806367724,-10.581206321716309,-8.337650299072266,5,0,31.931245780787478,0.2561869153392866,-0.015665631741285324,23.15889633413674,1
111.754984704,20.01768684387207,0.5719395279884338,-3.1148165289128937,-10.581206321716309,-8.337650299072266,5,0,31.86962588179464,0.2565635125229151,-0.015665631741285324,23.16114511075884,1
111.839536128,19.941083908081055,0.569917619228363,-3.114485392437679,-10.581206321716309,-8.337650299072266,5,0,31.795518034640075,0.2568448557741809,-0.015665631741285324,23.16246966223043,1
111.941197312,19.877445220947266,0.5680467486381531,-3.115105497572603,-10.581206321716309,-8.337650299072266,5,0,31.733907633681046,0.25797017864833993,-0.015665631741285324,23.164062248901356,1
112.043594752,19.813650131225586,0.5666560530662537,-3.114558473819902,-10.581206321716309,-8.337650299072266,5,0,31.67229026148374,0.2579462756020021,-0.015665631741285324,23.165666369487646,1
112.184024576,19.737247467041016,0.5643607974052429,-3.1151331915511893,-10.581206321716309,-8.337650299072266,5,0,31.598329729636376,0.2591310592833489,-0.015665631741285324,23.167866291395924,1
112.29294976,19.673383712768555,0.5628015398979187,-3.114575498268812,-10.581206321716309,-8.337650299072266,5,0,31.536617781439062,0.25909643601610366,-0.015665631741285324,23.16957267321582,1
112.370175232,19.609474182128906,0.5613593459129333,-3.1143499621830837,-10.581206321716309,-8.337650299072266,5,0,31.47490368447216,0.259399999651551,-0.015665631741285324,23.170782459021222,1
112.493818368,19.545665740966797,0.559459388256073,-3.114510236633132,-10.581206321716309,-8.337650299072266,5,0,31.41316572823611,0.26007656552369607,-0.015665631741285324,23.172719406857137,1
112.594467072,19.469133377075195,0.5575374960899353,-3.1143056073472346,-10.581206321716309,-8.337650299072266,5,0,31.33922912140577,0.2605047841899446,-0.015665631741285324,23.174296132389237,1
112.709904128,19.405315399169922,0.5559300780296326,-3.114490607732292,-10.581206321716309,-8.337650299072266,5,0,31.27758393548251,0.26121963697273376,-0.015665631741285324,23.176104526797833,1
112.795045376,19.32880210876465,0.5538052916526794,-3.1146910666695216,-10.581206321716309,-8.337650299072266,5,0,31.203630987967983,0.2620520410928959,-0.015665631741285324,23.177438318234994,1
112.911356416,19.26483726501465,0.5522653460502625,-3.1142964874885477,-10.581206321716309,-8.337650299072266,5,0,31.14188366105105,0.26219534333045047,-0.015665631741285324,23.17926040415508,1
113.012703744,19.201021194458008,0.5503689646720886,-3.114397578271409,-10.581206321716309,-8.337650299072266,5,0,31.080186007452745,0.2628240943897149,-0.015665631741285324,23.18084807407349,1
113.109943808,19.12438201904297,0.5484187006950378,-3.113859116763667,-10.581206321716309,-8.337650299072266,5,0,31.00619617010895,0.2629322047480236,-0.015665631741285324,23.182371401106614,1
113.250013184,19.060569763183594,0.5467984080314636,-3.1141983190473304,-10.581206321716309,-8.337650299072266,5,0,30.944600793943053,0.2638122327246415,-0.015665631741285324,23.184565676369264,1
113.35150848,18.996864318847656,0.5448104739189148,-3.1149658515586114,-10.581206321716309,-8.337650299072266,5,0,30.883011061130667,0.26511035203386957,-0.015665631741285324,23.18615566429987,1
113.453596672,18.91997718811035,0.5431448817253113,-3.113725478674612,-10.581206321716309,-8.337650299072266,5,0,30.808900524422256,0.26453598111521126,-0.015665631741285324,23.187754940320875,1
113.54838528,18.856122970581055,0.5412539839744568,-3.114008176859014,-10.581206321716309,-8.337650299072266,5,0,30.74721608748756,0.26535842283354594,-0.015665631741285324,23.189239863747073,1
113.662872064,18.79250144958496,0.539678156375885,-3.114880991582179,-10.581206321716309,-8.337650299072266,5,0,30.685854538202356,0.26678078576799,-0.015665631741285324,23.19103337154446,1
113.754129152,18.7282657623291,0.5380381941795349,-3.113579378071723,-10.581206321716309,-8.337650299072266,5,0,30.62389589968395,0.2660347306369828,-0.015665631741285324,23.19246297147885,1
113.872381696,18.65180206298828,0.5356823801994324,-3.1146711209858493,-10.581206321716309,-8.337650299072266,5,0,30.550037840520588,0.2677780828412515,-0.015665631741285324,23.194315472285624,1
114.003224064,18.574777603149414,0.53399258852005,-3.1133803926265586,-10.581206321716309,-8.337650299072266,5,0,30.475850212126907,0.267168385497222,-0.015665631741285324,23.19636520063887,1
114.104065024,18.51079750061035,0.532074511051178,-3.1135852474571935,-10.581206321716309,-8.337650299072266,5,0,30.414087272275463,0.2679252824890601,-0.015665631741285324,23.197944937982665,1
114.207526912,18.447101593017578,0.5302906632423401,-3.114389663562745,-10.581206321716309,-8.337650299072266,5,0,30.352644650898203,0.26928548109131833,-0.015665631741285324,23.19956573381933,1
114.306306816,18.38283348083496,0.5287577509880066,-3.1129537435988808,-10.581206321716309,-8.337650299072266,5,0,30.290737749251797,0.26842104874853856,-0.015665631741285324,23.201113183418833,1
114.40660096,18.3062801361084,0.5264490246772766,-3.113735848592875,-10.581206321716309,-8.337650299072266,5,0,30.216868313448746,0.2698716657682594,-0.015665631741285324,23.202684354544544,1
114.507974912,18.242300033569336,0.5249332785606384,-3.11380266275899,-10.581206321716309,-8.337650299072266,5,0,30.155263326386663,0.27051282287053446,-0.015665631741285324,23.204272441544735,1
114.609223168,18.17800521850586,0.5233622193336487,-3.112797655752782,-10.581206321716309,-8.337650299072266,5,0,30.093351280085013,0.27008583284651566,-0.015665631741285324,23.20585855943768,1
114.709818368,18.10150718688965,0.5209060311317444,-3.1138008992944735,-10.581206321716309,-8.337650299072266,5,0,30.019528218680655,0.271761225991316,-0.015665631741285324,23.20743444679582,1
114.859203328,18.02448844909668,0.5191618800163269,-3.1128938313540937,-10.581206321716309,-8.337650299072266,5,0,29.94543196042711,0.27155747801562846,-0.015665631741285324,23.209774656566864,1
114.967142912,17.960628509521484,0.5170144438743591,-3.1137155668674708,-10.581206321716309,-8.337650299072266,5,0,29.883798674928208,0.2729426016680052,-0.015665631741285324,23.211465598340116,1
115.058081024,17.89642333984375,0.5155615210533142,-3.1132709181674847,-10.581206321716309,-8.337650299072266,5,0,29.822051416241916,0.2730893448649736,-0.015665631741285324,23.212890201313954,1
115.163613952,17.832218170166016,0.5140106081962585,-3.1126264320192294,-10.581206321716309,-8.337650299072266,5,0,29.760285485410993,0.27303556084172564,-0.015665631741285324,23.21454344130058,1
115.263411456,17.755590438842773,0.5115191340446472,-3.1134004277931893,-10.581206321716309,-8.337650299072266,5,0,29.686391668662637,0.27449717210143953,-0.015665631741285324,23.216106832246943,1
115.364017152,17.691404342651367,0.5101081728935242,-3.112538330254739,-10.581206321716309,-8.337650299072266,5,0,29.62470833201838,0.2742354624596919,-0.015665631741285324,23.217682884031554,1
115.500056576,17.62729835510254,0.5084227919578552,-3.112664796683682,-10.581206321716309,-8.337650299072266,5,0,29.56303004148861,0.2749551539335391,-0.015665631741285324,23.219814027550235,1
115.609906944,17.550621032714844,0.5061973929405212,-3.113210161929875,-10.581206321716309,-8.337650299072266,5,0,29.489207386754916,0.2762065582971207,-0.015665631741285324,23.221534902961967,1
115.709961728,17.486398696899414,0.5046338438987732,-3.112549438445984,-10.581206321716309,-8.337650299072266,5,0,29.427477641586265,0.27614965058718033,-0.015665631741285324,23.223102324362063,1
115.797195776,17.409738540649414,0.502183735370636,-3.1133296737272613,-10.581206321716309,-8.337650299072266,5,0,29.353631121966718,0.27763500269246055,-0.015665631741285324,23.224468900833333,1
115.910293248,17.345516204833984,0.5007273554801941,-3.112483584979694,-10.581206321716309,-8.337650299072266,5,0,29.291957098142554,0.2774017702676166,-0.015665631741285324,23.226240644180557,1
116.010013952,17.28140640258789,0.49906259775161743,-3.1126201156689732,-10.581206321716309,-8.337650299072266,5,0,29.23033839430279,0.27814578408480006,-0.015665631741285324,23.227802832006404,1
116.1099648,17.217512130737305,0.4969176650047302,-3.113279825198965,-10.581206321716309,-8.337650299072266,5,0,29.168790491048487,0.2793976163833207,-0.015665631741285324,23.2293686251834,1
116.24379136,17.14051055908203,0.4952266812324524,-3.1124439172910807,-10.581206321716309,-8.337650299072266,5,0,29.09490165936872,0.2793079038760897,-0.015665631741285324,23.231465102789564,1
116.35702528,17.076650619506836,0.4933575987815857,-3.113160325674943,-10.581206321716309,-8.337650299072266,5,0,29.03349360778207,0.28063072482234874,-0.015665631741285324,23.233238983680906,1
116.465055232,16.999685287475586,0.49133652448654175,-3.112489294267152,-10.581206321716309,-8.337650299072266,5,0,28.95956819927685,0.28070158783548793,-0.015665631741285324,23.234931341125968,1
116.56800256,16.935579299926758,0.489684522151947,-3.112662145443522,-10.581206321716309,-8.337650299072266,5,0,28.898016039054653,0.2814963094659051,-0.015665631741285324,23.236544076055164,1
116.6789952,16.871658325195312,0.48757511377334595,-3.113413333658991,-10.581206321716309,-8.337650299072266,5,0,28.836511247187758,0.2828549581713542,-0.015665631741285324,23.238282845879397,1
116.76877824,16.807458877563477,0.485984742641449,-3.112601626361113,-10.581206321716309,-8.337650299072266,5,0,28.774911237875223,0.28267344431963926,-0.015665631741285324,23.23968935392065,1
116.889167104,16.73073959350586,0.48395270109176636,-3.113051709993472,-10.581206321716309,-8.337650299072266,5,0,28.70127295379987,0.28387580514438726,-0.015665631741285324,23.241575321529826,1
116.965320704,16.66673469543457,0.48204857110977173,-3.113234653597393,-10.581206321716309,-8.337650299072266,5,0,28.639786623416445,0.2846823757293846,-0.015665631741285324,23.2427683157832,1
117.069396224,16.589689254760742,0.4803007245063782,-3.1126534758264155,-10.581206321716309,-8.337650299072266,5,0,28.56595572849002,0.2848735665666995,-0.015665631741285324,23.244398724552802,1
117.17901824,16.52581214904785,0.4782187342643738,-3.113606406808997,-10.581206321716309,-8.337650299072266,5,0,28.50456098920475,0.2864487750355562,-0.015665631741285324,23.246116022686195,1
117.310565376,16.46161651611328,0.4766104817390442,-3.112748437665127,-10.581206321716309,-8.337650299072266,5,0,28.443021290826085,0.2862350755658283,-0.015665631741285324,23.24817679167539,1
117.375059456,16.39750862121582,0.4750719666481018,-3.112516851875993,-10.581206321716309,-8.337650299072266,5,0,28.38159850510032,0.2866519289165548,-0.015665631741285324,23.249187132182165,1
117.500916992,16.32077980041504,0.4726225733757019,-3.1133400490636407,-10.581206321716309,-8.337650299072266,5,0,28.307909944083477,0.2882345116401459,-0.015665631741285324,23.251158769993005,1
117.58923648,16.256553649902344,0.4711682200431824,-3.1126270383780397,-10.581206321716309,-8.337650299072266,5,0,28.246427101439355,0.2881802387302388,-0.015665631741285324,23.25254235056759,1
117.709821952,16.192466735839844,0.469521701335907,-3.112850155480819,-10.581206321716309,-8.337650299072266,5,0,28.185028785468393,0.28905694700164064,-0.015665631741285324,23.25443139816529,1
117.810376448,16.128564834594727,0.4674338698387146,-3.1136622911318157,-10.581206321716309,-8.337650299072266,5,0,28.12368010136852,0.29050856470836717,-0.015665631741285324,23.256006647869558,1
117.924290816,16.0515193939209,0.4656831622123718,-3.112669966245708,-10.581206321716309,-8.337650299072266,5,0,28.049968967450518,0.2903169192437538,-0.015665631741285324,23.25779118840869,1
118.026048256,15.987634658813477,0.46377915143966675,-3.1132721420488365,-10.581206321716309,-8.337650299072266,5,0,27.98872043200649,0.29157086031952595,-0.015665631741285324,23.259385282990664,1
118.125990912,15.910627365112305,0.46173495054244995,-3.1126957393771626,-10.581206321716309,-8.337650299072266,5,0,27.914985811598118,0.291792433461072,-0.015665631741285324,23.260950947834807,1
118.268975104,15.846542358398438,0.4601425528526306,-3.112908720423832,-10.581206321716309,-8.337650299072266,5,0,27.853672277900586,0.2926764109989688,-0.015665631741285324,23.263190885531504,1
118.378058752,15.782636642456055,0.4581124186515808,-3.1140098195271992,-10.581206321716309,-8.337650299072266,5,0,27.792402876074632,0.294434484595564,-0.015665631741285324,23.264899749790068,1
118.479756544,15.705476760864258,0.456307590007782,-3.112768135231294,-10.581206321716309,-8.337650299072266,5,0,27.718647204344958,0.29401201659223064,-0.015665631741285324,23.266492909948443,1
118.590064896,15.641592025756836,0.4544445872306824,-3.113346873577809,-10.581206321716309,-8.337650299072266,5,0,27.657477933860758,0.29525969428042576,-0.015665631741285324,23.268220959968865,1
118.680918016,15.564617156982422,0.45234960317611694,-3.1126674799614147,-10.581206321716309,-8.337650299072266,5,0,27.583839175517255,0.2953953937884486,-0.015665631741285324,23.26964423148933,1
118.810244864,15.50054931640625,0.4507492184638977,-3.1129281342772823,-10.581206321716309,-8.337650299072266,5,0,27.522607856934048,0.2963427278564308,-0.015665631741285324,23.271670218264358,1
118.88242432,15.436635971069336,0.44870978593826294,-3.1141325313728836,-10.581206321716309,-8.337650299072266,5,0,27.461395469198784,0.2982199191682553,-0.015665631741285324,23.27280095504134,1
118.985927936,15.372314453125,0.44698065519332886,-3.113280660526005,-10.581206321716309,-8.337650299072266,5,0,27.399908423437488,0.29805935128390937,-0.015665631741285324,23.27442240457349,1
119.111769856,15.295454025268555,0.44503265619277954,-3.113439644032222,-10.581206321716309,-8.337650299072266,5,0,27.32649027236981,0.29905257678971386,-0.015665631741285324,23.276393797749826,1
119.210119424,15.23159408569336,0.4431607127189636,-3.114418147903319,-10.581206321716309,-8.337650299072266,5,0,27.265423284767888,0.30071883234901,-0.015665631741285324,23.277934505864028,1
119.31007744,15.154447555541992,0.4412845969200134,-3.113000560640062,-10.581206321716309,-8.337650299072266,5,0,27.191792482256687,0.30014961977581667,-0.015665631741285324,23.279500411332275,1
119.413946112,15.09056282043457,0.43933171033859253,-3.114363014835228,-10.581206321716309,-8.337650299072266,5,0,27.13070482094802,0.3022041692239199,-0.015665631741285324,23.281127579697284,1
119.533744896,15.026199340820312,0.43753427267074585,-3.1136277440641473,-10.581206321716309,-8.337650299072266,5,0,27.069227714027402,0.3021752827611146,-0.015665631741285324,23.283004303330483,1
119.634930944,14.961996078491211,0.43597596883773804,-3.1131428675959487,-10.581206321716309,-8.337650299072266,5,0,27.00799338616121,0.30240645303008185,-0.015665631741285324,23.284589446695808,1
119.735545344,14.885442733764648,0.4337262511253357,-3.1144672242166513,-10.581206321716309,-8.337650299072266,5,0,26.934870719949362,0.3045751010308675,-0.015665631741285324,23.286165634834077,1
119.872360704,14.795713424682617,0.431293785572052,-3.1142085912472917,-10.581206321716309,-8.337650299072266,5,0,26.84925392212585,0.3053191254165122,-0.015665631741285324,23.288308933880387,1
119.983110912,14.731452941894531,0.4294225573539734,-3.114006146042992,-10.581206321716309,-8.337650299072266,5,0,26.787913047969028,0.305834123429491,-0.015665631741285324,23.290043905854187,1
120.110169856,14.667091369628906,0.42787331342697144,-3.113071268310791,-10.581206321716309,-8.337650299072266,5,0,26.72659612655659,0.3056326032674521,-0.015665631741285324,23.292034364480326,1
120.201494016,14.603069305419922,0.42607635259628296,-3.113542319834829,-10.581206321716309,-8.337650299072266,5,0,26.665532878394416,0.3068274263785389,-0.015665631741285324,23.29346501513997,1
120.288717056,14.526266098022461,0.4238775372505188,-3.1137104733070093,-10.581206321716309,-8.337650299072266,5,0,26.592283492295316,0.30786669687003165,-0.015665631741285324,23.294831419163962,1
120.403937792,14.462156295776367,0.42232316732406616,-3.1133708977125285,-10.581206321716309,-8.337650299072266,5,0,26.531248487834066,0.3082679489817304,-0.015665631741285324,23.2966364247831,1
120.510064896,14.39832878112793,0.42032498121261597,-3.1142640485891913,-10.581206321716309,-8.337650299072266,5,0,26.470347654768506,0.30988599283138196,-0.015665631741285324,23.298298972912132,1
120.610468352,14.321102142333984,0.4183495044708252,-3.1129466083319786,-10.581206321716309,-8.337650299072266,5,0,26.396827449493955,0.30946589448872475,-0.015665631741285324,23.29987185647938,1
120.712448256,14.257085800170898,0.41653305292129517,-3.113543296592994,-10.581206321716309,-8.337650299072266,5,0,26.335840250360825,0.31080381716346706,-0.015665631741285324,23.301469436100458,1
120.840958464,14.193204879760742,0.4144805669784546,-3.1144862448103137,-10.581206321716309,-8.337650299072266,5,0,26.274916652129445,0.3124812533148331,-0.015665631741285324,23.30348262969398,1
120.942918656,14.129016876220703,0.4128841757774353,-3.113670912186636,-10.581206321716309,-8.337650299072266,5,0,26.213870070773556,0.312424133576652,-0.015665631741285324,23.305079900514123,1
121.045742336,14.052223205566406,0.4107499122619629,-3.114097217858337,-10.581206321716309,-8.337650299072266,5,0,26.140779570113754,0.31375411924252594,-0.015665631741285324,23.30669069841929,1
121.145325568,13.988130569458008,0.4089173674583435,-3.1141762338446575,-10.581206321716309,-8.337650299072266,5,0,26.079776862872464,0.3145893794097723,-0.015665631741285324,23.308250732659406,1
121.247875072,13.923830032348633,0.4073244333267212,-3.1132530132041945,-10.581206321716309,-8.337650299072266,5,0,26.018673866750802,0.31443730764820144,-0.015665631741285324,23.30985723542432,1
121.347595008,13.84713363647461,0.4049363136291504,-3.114592867577492,-10.581206321716309,-8.337650299072266,5,0,25.945647299567092,0.3166840101364006,-0.015665631741285324,23.31141941121896,1
121.49511808,13.782785415649414,0.4032614827156067,-3.1135837965214046,-10.581206321716309,-8.337650299072266,5,0,25.88450563861368,0.31645168740936525,-0.015665631741285324,23.313730453338255,1
121.571419904,13.718782424926758,0.4018436074256897,-3.1141668347211935,-10.581206321716309,-8.337650299072266,5,0,25.823791488251576,0.31781999059756005,-0.015665631741285324,23.314925769614227,1
121.698537472,13.65479850769043,0.400016725063324,-3.1149895332731377,-10.581206321716309,-8.337650299072266,5,0,25.76297255977449,0.3194164689751786,-0.015665631741285324,23.316917146622362,1
121.798024192,13.577491760253906,0.39815574884414673,-3.113796414919939,-10.581206321716309,-8.337650299072266,5,0,25.68962826361262,0.3191758118708412,-0.015665631741285324,23.31847566894103,1
121.899526144,13.513507843017578,0.3966125249862671,-3.114828541244274,-10.581206321716309,-8.337650299072266,5,0,25.628940628905415,0.32100026882213273,-0.015665631741285324,23.320065761142082,1
122.00083968,13.449501037597656,0.3946825861930847,-3.115775252357518,-10.581206321716309,-8.337650299072266,5,0,25.568115570140733,0.3227291617251642,-0.015665631741285324,23.321652901687465,1
122.101466624,13.385053634643555,0.39299964904785156,-3.1135246404136834,-10.581206321716309,-8.337650299072266,5,0,25.506976786997477,0.32127947254997924,-0.015665631741285324,23.32322928633542,1
122.203782912,13.321216583251953,0.3917616009712219,-3.1142771961624827,-10.581206321716309,-8.337650299072266,5,0,25.44658037632114,0.32284499364613817,-0.015665631741285324,23.324832135624362,1
122.303447808,13.257474899291992,0.3898846507072449,-3.1158915460930423,-10.581206321716309,-8.337650299072266,5,0,25.386070760487467,0.3252512518823063,-0.015665631741285324,23.326393449182632,1
122.407011584,13.193094253540039,0.3880743384361267,-3.1144268622001365,-10.581206321716309,-8.337650299072266,5,0,25.325000262433466,0.32459342305345285,-0.015665631741285324,23.328015841159186,1
122.510207744,13.116464614868164,0.3865742087364197,-3.1149831155801495,-10.581206321716309,-8.337650299072266,5,0,25.25255830765054,0.3261394557367119,-0.015665631741285324,23.32963247419886,1
122.610508544,13.039459228515625,0.3841537833213806,-3.1138198409672224,-10.581206321716309,-8.337650299072266,5,0,25.1794699604176,0.3259425375957328,-0.015665631741285324,23.331203749595016,1
122.751065856,12.975650787353516,0.3829801678657532,-3.1140805871518324,-10.581206321716309,-8.337650299072266,5,0,25.11921401234563,0.3270393514883465,-0.015665631741285324,23.33340566868335,1
122.85538816,12.911956787109375,0.38119930028915405,-3.115684709646826,-10.581206321716309,-8.337650299072266,5,0,25.05887170632734,0.3294592540761325,-0.015665631741285324,23.33503994348022,1
122.923131648,12.847822189331055,0.3792816996574402,-3.1146983683627885,-10.581206321716309,-8.337650299072266,5,0,24.998085535535477,0.3292936502072368,-0.015665631741285324,23.336101188016098,1
123.019816704,12.784221649169922,0.3778483271598816,-3.1133405788881263,-10.581206321716309,-8.337650299072266,5,0,24.93798589634951,0.32877130752117756,-0.015665631741285324,23.33761582049828,1
123.132300288,12.71261215209961,0.3759518265724182,-3.115557431840235,-10.581206321716309,-8.337650299072266,5,0,24.87024006910925,0.331922999567587,-0.015665631741285324,23.33937794690216,1
123.228220416,12.654727935791016,0.3742831349372864,-3.1157349785283546,-10.581206321716309,-8.337650299072266,5,0,24.81544730561623,0.3328548162169036,-0.015665631741285324,23.340880596303986,1
123.340736256,12.598634719848633,0.37289124727249146,-3.1150511005655277,-10.581206321716309,-8.337650299072266,5,0,24.762442624725384,0.332913566751714,-0.015665631741285324,23.34264322801849,1
123.451904,12.537055969238281,0.37123602628707886,-3.1135128947251305,-10.581206321716309,-8.337650299072266,5,0,24.704225395292276,0.33218946336155497,-0.015665631741285324,23.3443847409575,1
123.593107456,12.490560531616211,0.37014639377593994,-3.114180968815287,-10.581206321716309,-8.337650299072266,5,0,24.660335540671607,0.33348085338242717,-0.015665631741285324,23.346596782299795,1
123.697104384,12.4456787109375,0.36887258291244507,-3.114763536402322,-10.581206321716309,-8.337650299072266,5,0,24.617899483944186,0.3346587780115442,-0.015665631741285324,23.348225959876068,1
123.807048704,12.391916275024414,0.367642879486084,-3.1144736067102077,-10.581206321716309,-8.337650299072266,5,0,24.567183216020794,0.3350959864971115,-0.015665631741285324,23.349948307105233,1
123.911764224,12.347455978393555,0.36653071641921997,-3.1151103201630237,-10.581206321716309,-8.337650299072266,5,0,24.52521808308586,0.336332668024685,-0.015665631741285324,23.35158874187915,1
124.010489856,12.302940368652344,0.36539512872695923,-3.115683977474784,-10.581206321716309,-8.337650299072266,5,0,24.483201781316257,0.3375082587383096,-0.015665631741285324,23.35313534127349,1
124.092002816,12.258350372314453,0.3641224503517151,-3.1155345352514185,-10.581206321716309,-8.337650299072266,5,0,24.441076059831392,0.33795866134757047,-0.015665631741285324,23.35441229328699,1
124.199335424,12.20439338684082,0.3629298806190491,-3.1155709638043443,-10.581206321716309,-8.337650299072266,5,0,24.39023676682611,0.3387370227457951,-0.015665631741285324,23.356093726397752,1
124.30327808,12.159049987792969,0.3617333769798279,-3.115620942048317,-10.581206321716309,-8.337650299072266,5,0,24.34745435082153,0.33940543481108465,-0.015665631741285324,23.35772205376886,1
124.41027072,12.104307174682617,0.36055153608322144,-3.1156575111564013,-10.581206321716309,-8.337650299072266,5,0,24.295909897766744,0.3402016325342281,-0.015665631741285324,23.359398161066128,1
124.512073728,12.058683395385742,0.35922473669052124,-3.115803720699277,-10.581206321716309,-8.337650299072266,5,0,24.252839870625817,0.34097024168304557,-0.015665631741285324,23.360992969499613,1
124.652966144,12.013072967529297,0.3582250475883484,-3.115764874282234,-10.581206321716309,-8.337650299072266,5,0,24.20990922422248,0.34156842089745076,-0.015665631741285324,23.36320013820381,1
124.73583872,11.967247009277344,0.3571552634239197,-3.1152437606959396,-10.581206321716309,-8.337650299072266,5,0,24.166762120516132,0.34168709839601874,-0.015665631741285324,23.364498389460877,1
124.865049088,11.912681579589844,0.35586798191070557,-3.1156817655303928,-10.581206321716309,-8.337650299072266,5,0,24.11539452338096,0.3428893731584486,-0.015665631741285324,23.36652255150312,1
124.967981312,11.86697769165039,0.3548319935798645,-3.1154809810047226,-10.581206321716309,-8.337650299072266,5,0,24.07239526731902,0.3433328855186919,-0.015665631741285324,23.368135049818616,1
125.062528256,11.821296691894531,0.3538486361503601,-3.1149947051376254,-10.581206321716309,-8.337650299072266,5,0,24.029446415092853,0.34349490958605733,-0.015665631741285324,23.369616187425585,1
125.156513024,11.775653839111328,0.3529353141784668,-3.1147536578298074,-10.581206321716309,-8.337650299072266,5,0,23.98656862813109,0.3439066287626624,-0.015665631741285324,23.371088518190362,1
125.257991168,11.720924377441406,0.3514443039894104,-3.1151518127539166,-10.581206321716309,-8.337650299072266,5,0,23.93502451937889,0.3450751757592694,-0.015665631741285324,23.372678237424054,1
125.367139584,11.67534065246582,0.35053080320358276,-3.1147738977485364,-10.581206321716309,-8.337650299072266,5,0,23.89222413422239,0.3453542531544542,-0.015665631741285324,23.374388116314254,1
125.458432512,11.629619598388672,0.34954017400741577,-3.114755349989643,-10.581206321716309,-8.337650299072266,5,0,23.849278110013593,0.34599414123692185,-0.015665631741285324,23.375818277704887,1
125.602017024,11.583904266357422,0.34849852323532104,-3.1142655057075923,-10.581206321716309,-8.337650299072266,5,0,23.806329174083384,0.34616302497322105,-0.015665631741285324,23.378067619793633,1
125.703625728,11.529146194458008,0.3471476435661316,-3.1146414834375657,-10.581206321716309,-8.337650299072266,5,0,23.75486063301471,0.3473271225541392,-0.015665631741285324,23.379659384332207,1
125.80968576,11.483402252197266,0.3462035655975342,-3.1146140526691704,-10.581206321716309,-8.337650299072266,5,0,23.711943603655964,0.34796793332242126,-0.015665631741285324,23.381320881735988,1
125.909058304,11.428567886352539,0.3447822332382202,-3.1144227803862883,-10.546756744384766,4.47826623916626,6,1,22.36069280352361,0.21309410596199996,-0.015665631741285324,23.382877615415488,1
126.0118848,11.382757186889648,0.3437514901161194,-3.1143130504571084,-10.546756744384766,4.47826623916626,6,0,22.31586416592626,0.213628704601609,-0.015665631741285324,23.384488457435072,1
126.11044608,11.336982727050781,0.3427603840827942,-3.113756804505466,-10.546756744384766,4.47826623916626,6,0,22.27106782197692,0.21460947863273638,-0.015665631741285324,23.386032482151503,1
126.211904256,11.28223991394043,0.34139132499694824,-3.1141493957245987,-10.546756744384766,4.47826623916626,6,0,22.217534272836307,0.21473496565366368,-0.015665631741285324,23.38762188857386,1
126.31199744,11.23649787902832,0.3404054045677185,-3.1137102193037247,-10.546756744384766,4.47826623916626,6,0,22.172777775347683,0.21560195424843798,-0.015665631741285324,23.389189911534217,1
126.426970112,11.191070556640625,0.33930355310440063,-3.1141917693637917,-10.546756744384766,4.47826623916626,6,0,22.128356194842336,0.21555243332936946,-0.015665631741285324,23.39099103107408,1
126.531493376,11.136024475097656,0.33803415298461914,-3.1136642766121296,-10.546756744384766,4.47826623916626,6,0,22.07452203648785,0.21660283676210135,-0.03895842492943306,23.393845773422154,1
126.635070208,11.090707778930664,0.33698570728302,-3.1134928696145594,-10.546756744384766,4.47826623916626,6,0,22.03020824780122,0.2172068000668741,-0.2849294890361226,23.410619415447975,1
126.747368448,11.045856475830078,0.33580929040908813,-3.112682290718365,-10.546756744384766,4.47826623916626,6,0,21.986379766803434,0.21845340700100024,-0.5456678858182065,23.457256727120356,1
126.8837184,10.973146438598633,0.33444225788116455,-3.112004800721465,-10.546756744384766,4.47826623916626,6,0,21.915234659771553,0.21981726241767063,-0.5781456407096662,23.53387268731987,1
126.956436992,10.89341926574707,0.33279281854629517,-3.1125108428216652,-10.546756744384766,4.47826623916626,6,0,21.83726395926237,0.22007573152000148,-0.5860293146454748,23.57620126911741,1
127.06142848,10.814762115478516,0.33099615573883057,-3.1113104097078903,-10.546756744384766,4.47826623916626,6,0,21.760384581739054,0.22204342410715938,-0.6300044247800819,23.640037864997662,1
127.177165568,10.722999572753906,0.3287472128868103,-3.109539307057207,-10.546756744384766,4.47826623916626,6,0,21.670741610289102,0.22472342828733716,-0.6363478302955627,23.71331982619001,1
127.298219776,10.653118133544922,0.327073872089386,-3.1082329846119383,-10.546756744384766,4.47826623916626,6,0,21.602478860268597,0.22672519382756207,-0.6363478302955627,23.79035240879895,1
127.381664768,10.594108581542969,0.3259631395339966,-3.108746876824686,-10.546756744384766,4.47826623916626,6,0,21.544786092236546,0.22678821484250378,-0.6363478302955627,23.843452448407177,1
127.49736576,10.531667709350586,0.32447606325149536,-3.107551353183552,-10.546756744384766,4.47826623916626,6,0,21.483806698938494,0.22861180960876126,-0.6363478302955627,23.91707852362942,1
127.598063616,10.472030639648438,0.32305681705474854,-3.105058860408118,-10.546756744384766,4.47826623916626,6,0,21.425573234730443,0.23170746039304468,-0.6363478302955627,23.98115738581044,1
127.69810048,10.413923263549805,0.3220740556716919,-3.104920791595059,-10.546756744384766,4.47826623916626,6,0,21.36876318042692,0.23241801288651764,-0.6363478302955627,24.044815627166408,1
127.78975872,10.352962493896484,0.32064539194107056,-3.1030335224713763,-10.546756744384766,4.47826623916626,6,0,21.309248587133823,0.23492746062714787,-0.6361810835065936,24.103134507460517,1
127.883692032,10.276300430297852,0.31926947832107544,-3.1009028130253635,-10.546756744384766,4.47826623916626,6,0,21.234334558841773,0.23782612028661454,-0.6307561183010146,24.16263831119142,1
127.98900608,10.204547882080078,0.31764477491378784,-3.10179872236161,-10.546756744384766,4.47826623916626,6,0,21.16429575178772,0.23766951388641644,-0.15493369798681952,24.20401039870424,1
128.09167744,10.148233413696289,0.3158491253852844,-3.0969724415535547,-10.546756744384766,4.47826623916626,6,0,21.109437080892718,0.24310364096830916,-0.02392495657091577,24.213192229359848,1
128.210188288,10.092426300048828,0.31445783376693726,-3.1020568347866186,-10.546756744384766,4.47826623916626,6,0,21.055003613832728,0.2386066699841205,-0.014155769720673561,24.215448718942483,1
128.299545856,10.03665542602539,0.3133704662322998,-3.106071876335435,-10.546756744384766,4.47826623916626,6,0,21.000552692164845,0.23516756872730582,-0.012673097161701277,24.216647400090885,1
128.44745216,9.968755722045898,0.31153881549835205,-3.1010779598834475,-10.546756744384766,4.47826623916626,6,0,20.93437052274126,0.24089049456764045,-0.010975419543683529,24.218396282441372,1
128.548157952,9.90123176574707,0.3097378611564636,-3.0985636843727677,-10.546756744384766,4.47826623916626,6,0,20.868561592710616,0.24413336509212513,-0.010975419543683529,24.21950157075905,1
128.647834368,9.845577239990234,0.30843156576156616,-3.1017766969047607,-10.546756744384766,4.47826623916626,6,0,20.814293322950544,0.24151595528679692,-0.010975419543683529,24.22059556124326,1
128.777360128,9.77804946899414,0.30689018964767456,-3.096722594498284,-10.546756744384766,4.47826623916626,6,0,20.748448755458877,0.24729485000881724,-0.010975419543683529,24.222017160800977,1
128.896668672,9.711034774780273,0.3054012656211853,-3.095732529485644,-10.546756744384766,4.47826623916626,6,0,20.683107100273748,0.24900683301056858,-0.010975419543683529,24.223326622126525,1
128.996484096,9.655139923095703,0.3038737177848816,-3.0960123716480137,-10.546756744384766,4.47826623916626,6,0,20.62867377913867,0.2493461801149266,-0.010975419543683529,24.224422138281856,1
129.100260608,9.588184356689453,0.30243319272994995,-3.0938442562543402,-10.546756744384766,4.47826623916626,6,0,20.563400369964047,0.252241790382282,-0.010975419543683529,24.225561129039836,1
129.209524992,9.521223068237305,0.3010628819465637,-3.093354313125396,-10.546756744384766,4.47826623916626,6,0,20.4981180025722,0.2534605645735919,-0.010975419543683529,24.226760351495418,1
129.355619072,9.46536636352539,0.29961931705474854,-3.093264944700033,-10.546756744384766,4.47826623916626,6,0,20.443731591512925,0.2541758469501243,-0.02223171479901382,24.229186034366034,1
129.427547136,9.398469924926758,0.29820144176483154,-3.0920511410326093,-10.546756744384766,4.47826623916626,6,0,20.378542847826246,0.2561287321632637,-0.22714067994049622,24.23815447115036,1
129.531766528,9.346794128417969,0.29697853326797485,-3.0943724988193697,-10.546756744384766,4.47826623916626,6,0,20.32822011904354,0.25438768545153323,-0.6265469061960277,24.28263987174291,1
129.651430912,9.278324127197266,0.2952801585197449,-3.088235469415864,-10.546756744384766,4.47826623916626,6,0,20.26156963602895,0.2613018301087209,-0.6873940825462341,24.361255841258007,1
129.808133632,9.217132568359375,0.29462045431137085,-3.0860770137032283,-10.546756744384766,4.47826623916626,6,0,20.201836867461733,0.26411757483700526,-0.689193069934845,24.469113316813427,1
129.91087616,9.166816711425781,0.29269474744796753,-3.0834257314377935,-10.546756744384766,4.47826623916626,6,0,20.15301434301884,0.26737938561335106,-0.689193069934845,24.53992275509861,1
130.009408512,9.105342864990234,0.29161685705184937,-3.069772229547391,-10.546756744384766,4.47826623916626,6,0,20.093109567848277,0.281720778364674,-0.689193069934845,24.607830569261395,1
130.109883392,9.047327041625977,0.2904910445213318,-3.032630818156466,-10.546756744384766,4.47826623916626,6,0,20.03660601234881,0.31952045605225976,-0.689193069934845,24.677077160259934,1
130.209847808,8.996755599975586,0.28998392820358276,-2.767209858544877,-10.546756744384766,4.47826623916626,6,0,19.987260529409436,0.5854950514403541,-0.689193069934845,24.745971943007223,1
130.323547392,8.909431457519531,0.2876114249229431,-0.1240005713101495,-10.546756744384766,4.47826623916626,6,0,19.902382950794124,3.0534449921831666,-0.6317252549439271,24.821065875025564,1
130.436845568,8.842073440551758,0.2854214906692505,-0.024000575845973173,-10.546756744384766,4.47826623916626,6,0,19.837002874055965,2.952622101525363,-0.13459238934247672,24.864477070692697,1
130.556256,8.774240493774414,0.28359711170196533,-0.013351064684805628,-10.546756744384766,4.47826623916626,6,0,19.771094642580028,2.9411572251769282,0.0,24.872512938370345,1
130.66104704,8.717828750610352,0.282099187374115,-0.012060433279504628,-10.546756744384766,4.47826623916626,6,0,19.71628951452383,2.9391853177120186,0.024918171354362594,24.873818538915906,2
130.765300992,8.660650253295898,0.2807392477989197,-0.010677808655256804,-10.546756744384766,4.47826623916626,6,0,19.660715053573444,2.9371161495797065,0.2632751833118859,24.88884118699795,2
130.876093696,8.593988418579102,0.27919071912765503,-0.005992542185398998,-10.546756744384766,4.47826623916626,6,0,19.59592714358043,2.931627399442168,0.5563093957845947,24.934243182835353,2
131.01048832,8.524686813354492,0.2776055932044983,-0.007722634765185639,-10.546756744384766,4.47826623916626,6,0,19.52858185426085,2.9325177756980754,0.5934613347053528,25.011504685340558,2
131.091953152,8.4656982421875,0.2758644223213196,-0.0027587321155976984,-10.546756744384766,4.47826623916626,6,0,19.471353975691017,2.926814887730897,0.5772793990259554,25.059191783935045,2
131.210294272,8.397918701171875,0.274669349193573,-0.04808135085245275,-10.546756744384766,4.47826623916626,6,0,19.40543621130081,2.971323537753559,0.5733801669092338,25.127276954820786,2
131.358977792,8.342323303222656,0.2728562355041504,-0.24239699514811713,-10.546756744384766,4.47826623916626,6,0,19.35155855076852,3.118259923691138,0.5729014873504639,25.21249355045416,2
131.437684224,8.283220291137695,0.271284282207489,-3.025881783859871,-10.546756744384766,4.47826623916626,6,0,19.294214996845035,0.33552035511554834,0.5704197881431194,25.257486919566063,2
131.540121856,8.236133575439453,0.27040719985961914,-3.061745850638008,-10.546756744384766,4.47826623916626,6,0,19.248455690294247,0.30023414981451246,0.5523962125482331,25.314996225707333,2
131.684042752,8.176290512084961,0.26920193433761597,-3.0679644012250455,-10.546756744384766,4.47826623916626,6,0,19.19032883746866,0.29475859141463445,0.5420795853660919,25.393755194450403,2
131.7845696,8.103927612304688,0.2665560841560364,-3.0992300644523594,-10.546756744384766,4.47826623916626,6,0,19.120317188861616,0.2644580255864284,0.5387329913886304,25.448080535260353,2
131.883437824,8.05462646484375,0.2651131749153137,-3.0988110933856134,-10.546756744384766,4.47826623916626,6,0,19.072548755721552,0.2655201846255597,0.1602807730159846,25.482635659979472,2
131.995647488,7.993062496185303,0.26418280601501465,-3.1003478956788086,-10.546756744384766,4.47826623916626,6,0,19.012716708944357,0.2647463955724092,0.015611167166075818,25.49250404773354,2
132.099489792,7.939321041107178,0.26326924562454224,-3.098980372066494,-10.546756744384766,4.47826623916626,6,0,18.960518757323715,0.2667891323178324,0.004952234243246834,25.493571723223752,2
132.211521536,7.872262477874756,0.2616468071937561,-3.096264499443315,-10.546756744384766,4.47826623916626,6,0,18.895506040962594,0.2703776580509789,0.0008239997550845146,25.493895284008044,2
132.36567936,7.8062825202941895,0.2594299912452698,-3.0981304696290475,-10.546756744384766,4.47826623916626,6,0,18.831692158104634,0.269408296039634,0.0008239997550845146,25.494022310017264,2
132.465257984,7.751091480255127,0.25784701108932495,-3.096657965921526,-10.546756744384766,4.47826623916626,6,0,18.778263714003987,0.27162139609628966,0.0008239997550845146,25.49410436277905,2
132.557075456,7.684371471405029,0.2554248571395874,-3.0956289166143307,-10.546756744384766,4.47826623916626,6,0,18.713803070416333,0.2735778638868922,0.0008239997550845146,25.494180020353493,2
132.67199104,7.627694606781006,0.25385504961013794,-3.0940359538416122,-10.546756744384766,4.47826623916626,6,0,18.65894776814433,0.2759382156699921,0.0008239997550845146,25.494274710766565,2
132.7565568,7.567857265472412,0.25210922956466675,-3.092895930102341,-10.546756744384766,4.47826623916626,6,0,18.601065662910784,0.27789796370955777,0.0008239997550845146,25.494344392932092,2
132.89702784,7.506804943084717,0.25029057264328003,-3.0919652436649243,-10.546756744384766,4.47826623916626,6,0,18.542029765912265,0.27967225619604896,0.0008239997550845146,25.494460141034647,2
132.996621056,7.433312892913818,0.24772495031356812,-3.0902951671895935,-10.546756744384766,4.47826623916626,6,0,18.47106883097981,0.2823848160441056,0.0008239997550845146,25.494542205820238,2
133.098862592,7.3597331047058105,0.24605584144592285,-3.089650965865298,-10.546756744384766,4.47826623916626,6,0,18.399836509223555,0.28403322032521494,0.0008239997550845146,25.49462645282086,2
133.2001024,7.298354625701904,0.24433350563049316,-3.089924848082869,-10.546756744384766,4.47826623916626,6,0,18.34050670518408,0.28462049397700184,0.0008239997550845146,25.494709874397856,2
133.310456832,7.237010478973389,0.24252814054489136,-3.0899164104880525,-10.546756744384766,4.47826623916626,6,0,18.281243226178585,0.28549965945243017,0.0008239997550845146,25.494800806422795,2
133.409652992,7.163501262664795,0.24047768115997314,-3.0902024486045443,-10.546756744384766,4.47826623916626,6,0,18.2102193984211,0.28625845476771694,0.0008239997550845146,25.49488254403434,2
133.509728768,7.1021647453308105,0.23865896463394165,-3.090343912964644,-10.546756744384766,4.47826623916626,6,0,18.15099720655622,0.28700083741040316,0.00012756462526132605,25.49493015830623,2
133.610875392,7.0406622886657715,0.2368255853652954,-3.0902746223045647,-10.546756744384766,4.47826623916626,6,0,18.091631409682872,0.2879626989970365,0.0,25.49493660967182,2
133.711697408,6.97909688949585,0.23501545190811157,-3.0906205221961884,-10.546756744384766,4.47826623916626,6,0,18.0322134758818,0.2885148148073693,0.0,25.49493660967182,2
133.826218496,6.917550563812256,0.23322540521621704,-3.090143287594746,-10.546756744384766,4.47826623916626,6,0,17.972823969455863,0.2898946653881822,0.0,25.49493660967182,2
133.974019072,6.843460559844971,0.23040789365768433,-3.0909510371723066,-10.546756744384766,4.47826623916626,6,0,17.90150715475762,0.2902173948851008,0.0,25.49493660967182,2
134.091116544,6.769537448883057,0.22858935594558716,-3.090554570625558,-10.546756744384766,4.47826623916626,6,0,17.830137357843913,0.29169673905935056,0.0,25.49493660967182,2
134.177325312,6.708058834075928,0.2268732190132141,-3.0907237635556073,-10.546756744384766,4.47826623916626,6,0,17.770847004532335,0.2924458838931816,0.0,25.49493660967182,2
134.273912832,6.634305477142334,0.22481310367584229,-3.090571324631304,-10.546756744384766,4.47826623916626,6,0,17.699739055584942,0.29370820456508895,0.0,25.49493660967182,2
134.410558976,6.560470104217529,0.22282201051712036,-3.0897863451128105,-10.546756744384766,4.47826623916626,6,0,17.628556833521074,0.295609341736748,0.0,25.49493660967182,2
134.511314944,6.4988884925842285,0.22101229429244995,-3.0898548657649303,-10.546756744384766,4.47826623916626,6,0,17.569241096181344,0.29648688862312333,0.0,25.49493660967182,2
134.611241216,6.437280178070068,0.21911472082138062,-3.0901982706772793,-10.546756744384766,4.47826623916626,6,0,17.509936660066153,0.2971011979025935,0.0,25.49493660967182,2
134.702301184,6.375796794891357,0.21728044748306274,-3.0905514987001887,-10.546756744384766,4.47826623916626,6,0,17.45075408704715,0.29770692695101175,0.0,25.49493660967182,2
134.7923648,6.31428861618042,0.2153751254081726,-3.0908237282581976,-10.546756744384766,4.47826623916626,6,0,17.391581046552222,0.2984044902029659,0.0,25.49493660967182,2
134.908705536,6.2527174949646,0.2135215401649475,-3.0908629484548067,-10.546756744384766,4.47826623916626,6,0,17.332350736879942,0.29933968400937516,0.0,25.49493660967182,2
135.010440448,6.190968036651611,0.21163183450698853,-3.0914766522678208,-10.546756744384766,4.47826623916626,6,0,17.272973107972508,0.29971165249822107,0.0,25.49493660967182,2
135.132448256,6.11707067489624,0.2095049023628235,-3.0924319290129425,-10.546756744384766,4.47826623916626,6,0,17.201903022926544,0.29993732504993886,0.0,25.49493660967182,2
135.234689024,6.055551052093506,0.20772165060043335,-3.0929903260409732,-10.546756744384766,4.47826623916626,6,0,17.142758682660503,0.30037024799081635,0.0,25.49493660967182,2
135.355155968,5.994073390960693,0.2059568166732788,-3.0932127144312935,-10.546756744384766,4.47826623916626,6,0,17.083667327827325,0.30114438447636616,0.0,25.49493660967182,2
135.43658112,5.920321941375732,0.20393747091293335,-3.0926077217332115,-10.546756744384766,4.47826623916626,6,0,17.012776577094808,0.30294842071231187,0.0,25.49493660967182,2
135.5890176,5.84640645980835,0.20173746347427368,-3.0913678205423025,-10.546756744384766,4.47826623916626,6,0,16.94179737243462,0.30541016037081725,0.0,25.49493660967182,2
135.68800384,5.772529125213623,0.19905918836593628,-3.092869714371568,-10.546756744384766,4.47826623916626,6,0,16.87100187532717,0.3051672324240826,0.0,25.49493660967182,2
135.786504448,5.711057186126709,0.1971105933189392,-3.092993142000049,-10.546756744384766,4.47826623916626,6,0,16.812043524304336,0.3060833444497941,0.0,25.49493660967182,2
135.902046464,5.6375555992126465,0.1953369379043579,-3.094709771947957,-10.546756744384766,4.47826623916626,6,0,16.741429133581377,0.3055871737673499,0.0,25.49493660967182,2
136.006494208,5.5761494636535645,0.19355982542037964,-3.0951932034201595,-10.546756744384766,4.47826623916626,6,0,16.682530193145045,0.3061483918127319,0.0,25.49493660967182,2
136.11178496,5.514745235443115,0.1917872428894043,-3.095500171084229,-10.546756744384766,4.47826623916626,6,0,16.623650262007367,0.30689318220192696,0.0,25.49493660967182,2
136.210494208,5.453418254852295,0.18998414278030396,-3.0957985328275757,-10.546756744384766,4.47826623916626,6,0,16.564871365162936,0.307654626605375,0.0,25.49493660967182,2
136.311172608,5.379638195037842,0.18778890371322632,-3.0948507701160786,-10.546756744384766,4.47826623916626,6,0,16.494188416909218,0.30988893030534825,0.0,25.49493660967182,2
136.441817344,5.305709362030029,0.18508702516555786,-3.0940186258259867,-10.546756744384766,4.47826623916626,6,0,16.42352183359457,0.31205083107045084,0.0,25.49493660967182,2
136.541558784,5.244335651397705,0.18321287631988525,-3.0942151576128354,-10.546756744384766,4.47826623916626,6,0,16.36478177189775,0.31294519919083363,0.0,25.49493660967182,2
136.696043264,5.1708903312683105,0.1813144087791443,-3.0968837527366975,-10.546756744384766,4.47826623916626,6,0,16.294423114288303,0.31157202683729324,0.0,25.49493660967182,2
136.804042496,5.097325801849365,0.17922472953796387,-3.0967065612758784,-10.546756744384766,4.47826623916626,6,0,16.2240277556128,0.31306918589281096,0.0,25.49493660967182,2
136.893445888,5.035922527313232,0.17723137140274048,-3.09585248623377,-10.546756744384766,4.47826623916626,6,0,16.16535784380674,0.31504867628018474,0.0,25.49493660967182,2
136.978570496,4.974477291107178,0.17528432607650757,-3.095076579391664,-10.546756744384766,4.47826623916626,6,0,16.1066557462712,0.31695612098964077,0.0,25.49493660967182,2
137.10341248,4.900696277618408,0.17298561334609985,-3.094381939020263,-10.546756744384766,4.47826623916626,6,0,16.036185523186536,0.31901805496528723,0.0,25.49493660967182,2
137.19758464,4.8392252922058105,0.1711621880531311,-3.0946121479662785,-10.546756744384766,4.47826623916626,6,0,15.977471281069574,0.31993069130315277,0.0,25.49493660967182,2
137.299181568,4.7776923179626465,0.16923701763153076,-3.0949914766127113,-10.546756744384766,4.47826623916626,6,0,15.918745927255722,0.32070984387567947,-0.12801162071725444,25.50143940337841,3
137.412210176,4.700503826141357,0.1670602560043335,-3.095578895514832,-10.546756744384766,4.47826623916626,6,0,15.84504502785561,0.3215733251768338,-0.33660468172320707,25.527696870337888,3
137.523403776,4.620700359344482,0.16475975513458252,-3.092448657928786,-10.546756744384766,4.47826623916626,6,0,15.768896384378019,0.3262209219836496,-0.4003334154451225,25.568668270338538,3
137.683900672,4.492038249969482,0.16060316562652588,-3.0954274550253285,-10.546756744384766,4.47826623916626,6,0,15.646327661749352,0.32574705783517466,-0.41038063693193766,25.63372681481358,3
137.797856512,4.355454921722412,0.15677255392074585,-3.091954278355913,-10.546756744384766,4.47826623916626,6,0,15.516159969949966,0.33188665491523217,-0.42145275653668496,25.68112295135997,3
137.910911744,4.238828182220459,0.15307259559631348,-3.0916357903185987,-10.546756744384766,4.47826623916626,6,0,15.405220598103536,0.33454434765919316,-0.4358981681903051,25.72958695521018,3
138.010948608,4.140639781951904,0.14938205480575562,-3.090406260567092,-10.546756744384766,4.47826623916626,6,0,15.312049340419883,0.3378055876386714,-0.43694955110549927,25.773245429504133,3
138.143570688,4.0441813468933105,0.1460222601890564,-3.0846057689992072,-10.546756744384766,4.47826623916626,6,0,15.220506308165104,0.34560946916884383,-0.43694955110549927,25.83119458782681,3
138.242876416,3.952826976776123,0.14259964227676392,-3.079829788867041,-10.546756744384766,4.47826623916626,6,0,15.133933161155998,0.3523204022063542,-0.43694955110549927,25.87458618109861,3
138.343826432,3.869626522064209,0.13978129625320435,-3.0804462371747356,-10.546756744384766,4.47826623916626,6,0,15.055050916055825,0.35346655362867985,-0.43694955110549927,25.918696245273896,3
138.44430336,3.779146671295166,0.13718849420547485,-3.086200055306214,-10.546756744384766,4.47826623916626,6,0,14.969183834237047,0.3496204435103749,-0.43694955110549927,25.96259959385996,3
138.545128448,3.6985201835632324,0.1339714527130127,-3.0774839431529255,-10.546756744384766,4.47826623916626,6,0,14.892978612270026,0.36011326986428926,-0.43694955110549927,26.00665507080174,3
138.684025344,3.5985970497131348,0.13085013628005981,-3.0759878291921408,-10.546756744384766,4.47826623916626,6,0,14.79834655398481,0.36378079257764284,-0.43694955110549927,26.06734600715888,3
138.75303936,3.5176243782043457,0.12826865911483765,-3.0792891938940117,-10.546756744384766,4.47826623916626,6,0,14.721728679332946,0.36226288021674335,-0.4304690805720388,26.097278028821528,3
138.859415808,3.435333728790283,0.12514477968215942,-3.0736505860190326,-10.546756744384766,4.47826623916626,6,0,14.644060927252161,0.3697657092904709,-0.036150590804431476,26.122096700425505,3
138.956628224,3.370948314666748,0.12266862392425537,-3.0778332395067265,-10.546756744384766,4.47826623916626,6,0,14.583337913408231,0.36705758532301225,0.0,26.12385384356147,3
139.101455872,3.294839382171631,0.11982274055480957,-3.08090771875119,-10.546756744384766,4.47826623916626,6,0,14.511575140600328,0.3657367002930343,0.0,26.12385384356147,3
139.20516352,3.2314305305480957,0.11771184206008911,-3.080610010989796,-10.546756744384766,4.47826623916626,6,0,14.451743120926409,0.3674915212079224,0.0,26.12385384356147,3
139.286142976,3.1680850982666016,0.11564534902572632,-3.080548961421924,-10.546756744384766,4.47826623916626,6,0,14.3919890147273,0.36901752016941103,-0.10669294949769559,26.128173812066148,3
139.387063552,3.104179859161377,0.11347401142120361,-3.077212320270327,-10.546756744384766,4.47826623916626,6,0,14.331764767306904,0.37385018627371913,-0.449327288739594,26.15623075342143,3
139.49205888,3.0379624366760254,0.11154705286026001,-3.0728507228995947,-10.546756744384766,4.47826623916626,6,0,14.26929681800522,0.37975370892910654,-0.5166169509526178,26.206940569559528,3
139.597268992,2.9512810707092285,0.10875272750854492,-3.073081192040455,-10.546756744384766,4.47826623916626,6,0,14.187659186288158,0.3815804286329225,-0.5201526284217834,26.26147989134162,3
139.708625152,2.8700146675109863,0.10621559619903564,-3.0669338069434877,-10.546756744384766,4.47826623916626,6,0,14.111150978702383,0.38967253409543545,-0.5149379448799773,26.319111747089153,3
139.809536,2.774777889251709,0.10274618864059448,-3.0662386681904095,-10.546756744384766,4.47826623916626,6,0,14.021713900509031,0.3927073210235612,-0.2328930413050408,26.35684387657746,3
139.910353664,2.7043089866638184,0.10007292032241821,-3.070941774069289,-10.546756744384766,4.47826623916626,6,0,13.955619647501827,0.38976191808397154,-0.037207252851937066,26.37045931692877,3
140.02799232,2.6401896476745605,0.09788781404495239,-3.0720237974932534,-10.546756744384766,4.47826623916626,6,0,13.895440629728684,0.3902768563128802,-0.021925528182573498,26.37393746737199,3
140.16209536,2.5762715339660645,0.0957266092300415,-3.0720723153811864,-10.546756744384766,4.47826623916626,6,0,13.835480649488005,0.3918329427958227,-0.018813857808709145,26.376669105126574,3
140.268982784,2.4997315406799316,0.09289628267288208,-3.0730954412567075,-10.546756744384766,4.47826623916626,6,0,13.763804932780946,0.3927663599214455,-0.02485855780104325,26.379003121128765,3
140.33109376,2.435901165008545,0.09068113565444946,-3.0737004824924123,-10.546756744384766,4.47826623916626,6,0,13.704025300359433,0.39379858200463147,-0.08072152248811978,26.382281962045223,3
140.43665408,2.3720288276672363,0.08840179443359375,-3.0700683474360453,-10.546756744384766,4.47826623916626,6,0,13.644263648133856,0.3990877667672077,-0.2845580959400367,26.401561478750605,3
140.541005312,2.3084378242492676,0.086581289768219,-3.070022355554607,-10.546756744384766,4.47826623916626,6,0,13.584657672985625,0.4007667254685323,-0.33109034530957654,26.433683315412242,3
140.675588096,2.2409558296203613,0.08414191007614136,-3.0669238510987187,-10.546756744384766,4.47826623916626,6,0,13.521609426945837,0.4056493493350004,-0.32501779289612565,26.47783374533463,3
140.747678208,2.168517589569092,0.08169764280319214,-3.0579453892807726,-10.546756744384766,4.47826623916626,6,0,13.453921986180521,0.416549325966983,-0.10774597653317697,26.49343273963848,3
140.844199424,2.090789318084717,0.07864892482757568,-3.067093436801963,-10.546756744384766,4.47826623916626,6,0,13.381487323674698,0.4095147921789213,-0.018887090244780642,26.49954412843409,3
140.956384,2.026803970336914,0.07646256685256958,-3.068401935070101,-10.546756744384766,4.47826623916626,6,0,13.321798099970838,0.4099404569778837,-0.011486744285996428,26.501247866308255,3
141.087007232,1.9626808166503906,0.07428699731826782,-3.0689472556631934,-10.546756744384766,4.47826623916626,6,0,13.262015731255381,0.41114758739505497,-0.008373315446078777,26.50254495890321,3
141.186072064,1.8986353874206543,0.07218682765960693,-3.069070266605397,-10.546756744384766,4.47826623916626,6,0,13.202322564416727,0.4127855444191191,-0.008373315446078777,26.50337445999116,3
141.276551936,1.8344955444335938,0.07003593444824219,-3.069179274149881,-10.546756744384766,4.47826623916626,6,0,13.142598778734904,0.4144595411507197,-0.008373315446078777,26.504132076500937,3
141.406027008,1.757430076599121,0.06762129068374634,-3.0697647339396275,-10.546756744384766,4.47826623916626,6,0,13.07083785329953,0.41602572095752777,-0.008373315446078777,26.505216212121198,3
141.494551296,1.6930656433105469,0.06534528732299805,-3.072880390773256,-10.546756744384766,4.47826623916626,6,0,13.011038521561014,0.41474402694593593,-0.008373315446078777,26.50595745390926,3
141.595679232,1.6288995742797852,0.06309181451797485,-3.0727320086607772,-10.546756744384766,4.47826623916626,6,0,12.951462156463428,0.41673644463546644,-0.008373315446078777,26.5068042300178,3
141.696444672,1.5520410537719727,0.05998307466506958,-3.0681942943531353,-10.546756744384766,4.47826623916626,6,0,12.88030024038248,0.42353526633534244,-0.008373315446078777,26.50764797083298,3
141.81004672,1.4879631996154785,0.057608723640441895,-3.067166967779548,-10.546756744384766,4.47826623916626,6,0,12.820947585888186,0.4264509634558795,-0.008373315446078777,26.508599196616206,3
141.910563072,1.4239401817321777,0.05525487661361694,-3.0668265274697606,-10.546756744384766,4.47826623916626,6,0,12.761685406333108,0.42869433624639974,-0.008373315446078777,26.50944085173899,3
142.010463744,1.3471903800964355,0.052668750286102295,-3.069681107632938,-10.546756744384766,4.47826623916626,6,0,12.69062218071033,0.4281269729753827,-0.008373315446078777,26.51027735157892,3
142.11007488,1.283149242401123,0.05044281482696533,-3.070342195989264,-10.546756744384766,4.47826623916626,6,0,12.631401186460684,0.42939910353623034,-0.008373315446078777,26.511111427042593,3
142.210382592,1.2191157341003418,0.048185110092163086,-3.0702567602325797,-10.546756744384766,4.47826623916626,6,0,12.572246179189767,0.43143811464282145,-0.008373315446078777,26.511951335156844,3
142.346767616,1.1549839973449707,0.04595130681991577,-3.0706049541865976,-10.546756744384766,4.47826623916626,6,0,12.51303928093243,0.433062953624221,-0.008373315446078777,26.51309332998492,3
142.449728512,1.0909366607666016,0.04368668794631958,-3.071767880571797,-10.546756744384766,4.47826623916626,6,0,12.4539713982489,0.43389171142242944,-0.008373315446078777,26.51395545404574,3
142.54912128,1.0268454551696777,0.04141658544540405,-3.0724935929802286,-10.546756744384766,4.47826623916626,6,0,12.394914389508882,0.4351783378635439,-0.008373315446078777,26.51478770104526,3
142.645363456,0.9628434181213379,0.03910261392593384,-3.073250592524191,-10.546756744384766,4.47826623916626,6,0,12.336007036007128,0.43645365350754695,-0.008373315446078777,26.515593567144126,3
142.774029312,0.8858928680419922,0.03624087572097778,-3.0729990857652654,-10.546756744384766,4.47826623916626,6,0,12.265278899805454,0.4391805245978748,-0.008373315446078777,26.516670926943554,3
142.877045504,0.8218846321105957,0.03380858898162842,-3.0713943719876546,-10.546756744384766,4.47826623916626,6,0,12.206523278626351,0.44287007270071754,-0.008373315446078777,26.517533514015224,3
142.948504832,0.745030403137207,0.03072303533554077,-3.0675288866514583,-10.546756744384766,4.47826623916626,6,0,12.136107182077918,0.44927812014941715,-0.008373315446078777,26.51813186551013,3
143.100250624,0.6808633804321289,0.028361022472381592,-3.0668204095864127,-10.546756744384766,4.47826623916626,6,0,12.07729730133165,0.45211564314179853,-0.008373315446078777,26.51940248089416,3
143.210793728,0.6041278839111328,0.02568817138671875,-3.073006087683046,-10.546756744384766,4.47826623916626,6,0,12.00698461076873,0.44849165681460335,-0.008373315446078777,26.520328093174342,3
143.30144384,0.5401196479797363,0.023442864418029785,-3.0722276893235017,-10.546756744384766,4.47826623916626,6,0,11.948400706361188,0.4514311443569188,-0.008373315446078777,26.52108713515734,3
143.4039296,0.4760866165161133,0.02123391628265381,-3.0725380940684714,-10.546756744384766,4.47826623916626,6,0,11.889836537403944,0.4533010616309028,-0.008373315446078777,26.52194528075455,3
143.510768384,0.41194820404052734,0.018947184085845947,-3.07242777043976,-10.546756744384766,4.47826623916626,6,0,11.831261157697613,0.4556227283126688,-0.008373315446078777,26.52283987559486,3
143.607168768,0.33495378494262695,0.016254127025604248,-3.07249342383332,-10.546756744384766,4.47826623916626,6,0,11.761002343889086,0.45823664566512967,-0.008373315446078777,26.523647066419212,3
143.704456448,0.27082347869873047,0.013878464698791504,-3.0730578363491725,-10.546756744384766,4.47826623916626,6,0,11.702598005727692,0.4599391228685583,-0.008373315446078777,26.52446168685287,3
143.803946752,0.20673894882202148,0.011474668979644775,-3.0731985645173134,-10.546756744384766,4.47826623916626,6,0,11.64430747426858,0.4620887360146,-0.008373315446078777,26.52529475055209,3
143.91104768,0.12965106964111328,0.008296668529510498,-3.0706686997357364,-10.546756744384766,4.47826623916626,6,0,11.574381701577469,0.46742705005491203,-0.008373315446078777,26.5261915404068,3
144.058979584,0.06549835205078125,0.005880951881408691,-3.0705570833054843,-10.546756744384766,4.47826623916626,6,0,11.516170734655866,0.4698835248014479,-0.008373315446078777,26.52743022090353,3
144.160139264,0.0014777183532714844,0.003515183925628662,-3.0712095210699655,-10.546756744384766,4.47826623916626,6,0,11.458125819141259,0.47159124278836195,-0.008373315446078777,26.528277262814594,3
144.260027392,-0.07532358169555664,0.0009717345237731934,-3.075148646691602,-28.0,-16.0,7,1,32.18413661287245,0.45388948338799784,-0.008373315446078777,26.529113657619657,3
144.362081024,-0.1395702362060547,-0.001329958438873291,-3.0768972949407254,-28.0,-16.0,7,0,32.12726240628107,0.45657018773706026,-0.008373315446078777,26.52996818487281,3
144.482122752,-0.2037973403930664,-0.0034969449043273926,-3.078721962550479,-28.0,-16.0,7,0,32.07050034354975,0.4593335529367195,-0.008373315446078777,26.530973332128045,3
144.557788928,-0.2805595397949219,-0.006209909915924072,-3.0740654410803363,-28.0,-16.0,7,0,32.002635842575934,0.4557999695412498,-0.008373315446078777,26.531606908888293,3
144.688213248,-0.3445253372192383,-0.00858449935913086,-3.075258331836972,-28.0,-16.0,7,0,31.946058419433307,0.45792915982960114,0.0,26.53215295087489,3
144.771257344,-0.421628475189209,-0.011770009994506836,-3.0753296188336545,-28.0,-16.0,7,0,31.87773634017644,0.4591246884730995,0.06905885249771675,26.535020415863126,4
144.887236864,-0.4871969223022461,-0.014181673526763916,-3.075594819692283,-28.0,-16.0,7,0,31.819816479030525,0.4603578194263176,0.2873930743987579,26.55569097755539,4
144.997837312,-0.5726876258850098,-0.016695916652679443,-3.0873409156084786,-28.0,-16.0,7,0,31.744660550839544,0.4733883955186986,0.4389670520144138,26.59585885525071,4
145.10820864,-0.6418299674987793,-0.02000182867050171,-3.0998415654721807,-28.0,-16.0,7,0,31.683273332831977,0.48689767177146726,0.4604327380657196,26.645492829867738,4
145.211803392,-0.7118639945983887,-0.022932827472686768,-3.0980484408716586,-28.0,-16.0,7,0,31.621338398061926,0.4861415675750478,0.4745915883215645,26.693924636470776,4
145.332476416,-0.7748913764953613,-0.024755358695983887,-3.0950038406085953,-28.0,-16.0,7,0,31.566041578112692,0.4840559908335287,0.47492101788520813,26.751214915229315,4
145.437065728,-0.821864128112793,-0.026263833045959473,-3.105639413440568,-28.0,-16.0,7,0,31.52477306186704,0.4954043805833379,0.4795790910720825,26.8011301700792,4
145.540131072,-0.866227388381958,-0.02861320972442627,-3.0975055733943493,-28.0,-16.0,7,0,31.485342814452288,0.4879201637320776,0.5518597960472107,26.854282971937174,4
145.660458496,-0.9128818511962891,-0.030461370944976807,-3.101733268860093,-28.0,-16.0,7,0,31.444206678371327,0.492849845804169,0.6063754558563232,26.923966704060934,4
145.765129728,-0.9424428939819336,-0.031375885009765625,-3.104461723026146,-28.0,-16.0,7,0,31.418280549248337,0.4960310728295627,0.6563294529914856,26.99005114329172,4
145.861082624,-0.9575695991516113,-0.03237193822860718,-3.108515269316874,-28.0,-16.0,7,0,31.404747856077407,0.5003021174099378,0.6672840118408203,27.053553415859348,4
146.011018752,-0.9818115234375,-0.03278779983520508,-3.093232236079325,-28.0,-16.0,7,0,31.38366412642326,0.4854004169990991,0.6672840118408203,27.15360339687107,4
146.110296064,-1.0200810432434082,-0.0340542197227478,-3.1035411776341904,-28.0,-16.0,7,0,31.350078972339237,0.4962956505823346,0.6672840118408203,27.2198495599072,4
146.21003136,-1.049070119857788,-0.03523373603820801,-3.1029740099865855,-28.0,-16.0,7,0,31.32453324899311,0.4961673863092191,0.6672840118408203,27.286401328344198,4
146.296519168,-1.0790362358093262,-0.036113739013671875,-3.100737260726024,-28.0,-16.0,7,0,31.298305937327907,0.49439440991394523,0.6672840118408203,27.344113259841766,4
146.396687616,-1.113497257232666,-0.03738582134246826,-3.102339354735631,-28.0,-16.0,7,0,31.2680201028705,0.4965236520530185,0.6672840118408203,27.41095406368308,4
146.496984064,-1.1470441818237305,-0.03843265771865845,-3.105346476963635,-28.0,-16.0,7,0,31.238643827719365,0.500050190915132,0.6672840118408203,27.477880279877898,4
146.609997056,-1.1743950843811035,-0.04045218229293823,-3.103110926099929,-28.0,-16.0,7,0,31.214103312998677,0.4982067418541112,0.6672840118408203,27.553292042569787,4
146.752299776,-1.2058634757995605,-0.0416141152381897,-3.1043830662684337,-28.0,-16.0,7,0,31.186468734444063,0.49996277750428986,0.6672840118408203,27.64824837246725,4
146.894052864,-1.2530665397644043,-0.043390095233917236,-3.1026059996366016,-28.0,-16.0,7,0,31.145013231320828,0.4989122595754316,0.6672840118408203,27.742837941718715,4
146.99943168,-1.2824420928955078,-0.043673813343048096,-3.105182979147399,-28.0,-16.0,7,0,31.11964405153883,0.5019650287407686,0.6672840118408203,27.81315554082222,4
147.109982976,-1.3041496276855469,-0.04499173164367676,-3.1035596275691066,-28.0,-16.0,7,0,31.10033305198387,0.5006631804600503,0.6672840118408203,27.88692465313131,4
147.195477504,-1.3221228122711182,-0.04543691873550415,-3.1035276576691095,-28.0,-16.0,7,0,31.084678128582787,0.5009155440642021,0.6672840118408203,27.943973784765586,4
147.29313408,-1.3423266410827637,-0.04595541954040527,-3.104480504475848,-28.0,-16.0,7,0,31.067074007476435,0.502187856100683,0.6524558410561917,28.00841442238791,4
147.395735808,-1.35490083694458,-0.046968162059783936,-3.1031075819920195,-28.0,-16.0,7,0,31.055764911387882,0.5009948774489716,0.6301754398285266,28.07421451529074,4
147.51108864,-1.3673005104064941,-0.04728609323501587,-3.104888947371215,-28.0,-16.0,7,0,31.044963570506685,0.5029726292524428,0.6267289397800228,28.146708255161258,4
147.625490944,-1.3769593238830566,-0.04800248146057129,-3.1041253322990947,-28.0,-16.0,7,0,31.03630969805633,0.5023491304015772,0.6266461610794067,28.218402754818538,4
147.76599936,-1.386641263961792,-0.0480806827545166,-3.105502196671192,-28.0,-16.0,7,0,31.02796469504519,0.5038842142477447,0.6266461610794067,28.30645181430428,4
147.879084032,-1.3900117874145508,-0.048075318336486816,-3.104842517518014,-28.0,-16.0,7,0,31.025076530500325,0.503280536096542,0.6266461610794067,28.37731588989001,4
147.948816128,-1.3979549407958984,-0.0484735369682312,-3.103651162928759,-28.0,-16.0,7,0,31.018059220923675,0.5022098376930999,0.6265497803688049,28.421009879737944,4
148.05481344,-1.4038043022155762,-0.04853463172912598,-3.1037935415762625,-28.0,-16.0,7,0,31.013011349915566,0.5024475224571083,0.619813858596677,28.487065477490383,4
148.16322688,-1.4012115001678467,-0.04844808578491211,-3.104738257889732,-28.0,-16.0,7,0,31.015279430156713,0.5033516335886632,0.5341372500374716,28.5496173821298,4
148.268635392,-1.39457368850708,-0.048283159732818604,-3.1034622280876434,-28.0,-16.0,7,0,31.021057031770262,0.5019701119019588,0.4874811395567414,28.60346101926928,4
148.38297344,-1.3873229026794434,-0.04775112867355347,-3.1034746094307963,-28.0,-16.0,7,0,31.02754947363691,0.5018770316441321,0.4844299256801605,28.659024226283677,4
148.513234432,-1.3743157386779785,-0.04727053642272949,-3.1033212138905935,-28.0,-16.0,7,0,31.038953586126215,0.5015214647617414,0.4844299256801605,28.722126548957256,4
148.604950784,-1.3586606979370117,-0.04666334390640259,-3.1037097040686596,-28.0,-16.0,7,0,31.05269570053952,0.501667619132022,0.48420506715774536,28.766546382938586,4
148.684910848,-1.343998670578003,-0.046214520931243896,-3.1032751723364016,-28.0,-16.0,7,0,31.0655062406247,0.5010030071218283,0.48420506715774536,28.80526345109763,4
148.80977536,-1.327258825302124,-0.045461416244506836,-3.103322266141453,-28.0,-16.0,7,0,31.080257772305654,0.500794292517623,0.491561621427536,28.866182766795667,4
148.911354368,-1.3092734813690186,-0.04463917016983032,-3.103136020195035,-28.0,-16.0,7,0,31.09611585556032,0.5003338374824997,0.49731730257138507,28.91640743686162,4
149.010229504,-1.2948083877563477,-0.04396313428878784,-3.1034739818573196,-28.0,-16.0,7,0,31.1088793032887,0.5004518699229727,0.49766531586647034,28.96559695771946,4
149.150976512,-1.2846910953521729,-0.043821632862091064,-3.1032450952405317,-28.0,-16.0,7,0,31.11763740958936,0.5000601244252127,0.4977295696735382,29.03564638367859,4
149.263044864,-1.2724089622497559,-0.04351961612701416,-3.102510230761926,-28.0,-16.0,7,0,31.128337394119697,0.4991312690150136,0.4977295696735382,29.09142611629357,4
149.36603264,-1.2593765258789062,-0.04321718215942383,-3.1029596886956448,-28.0,-16.0,7,0,31.139683069685347,0.4993745338107596,0.4977295696735382,29.14268617772368,4
149.454722816,-1.24322509765625,-0.04265028238296509,-3.102574772187496,-28.0,-16.0,7,0,31.153844276188853,0.4987395808410562,0.4977295696735382,29.18682990085843,4
149.5558528,-1.2247540950775146,-0.041468918323516846,-3.102082089197084,-28.0,-16.0,7,0,31.170314524462256,0.49797592112383393,0.4977295696735382,29.237165284275846,4
149.677075456,-1.2008051872253418,-0.040689051151275635,-3.102341955583795,-28.0,-16.0,7,0,31.19128802366281,0.49786416381252163,0.4977295696735382,29.297501384681418,4
149.806220288,-1.1791164875030518,-0.0395505428314209,-3.1012663365300543,-28.0,-16.0,7,0,31.21050687293885,0.49646432603405977,0.4977295696735382,29.36178058633833,4
149.90548864,-1.1465020179748535,-0.03869110345840454,-3.1024872326829387,-28.0,-16.0,7,0,31.238977825169734,0.49717496712502385,0.4977295696735382,29.41118938046149,4
150.007066368,-1.1139397621154785,-0.037151217460632324,-3.1008511381427932,-28.0,-16.0,7,0,31.26775937558324,0.49504911191866174,0.4977295696735382,29.461747619307356,4
150.110285824,-1.0778462886810303,-0.03599733114242554,-3.099878715226401,-28.0,-16.0,7,0,31.299388838556855,0.49351967200973323,0.46149339850030874,29.51125285578615,4
150.236782336,-1.0400285720825195,-0.03476428985595703,-3.0993440515077113,-28.0,-16.0,7,0,31.33255193364539,0.49240324831277693,0.42669503949370496,29.56742922548864,4
150.326430976,-0.9990601539611816,-0.033599257469177246,-3.0982454721447463,-28.0,-16.0,7,0,31.368402975613783,0.49067114408470625,0.3488853049548933,29.60219408703392,4
150.444942336,-0.9460883140563965,-0.03204178810119629,-3.0972949035275077,-28.0,-16.0,7,0,31.414802672749392,0.48890497741330563,0.2893690952879067,29.640014285533294,4
150.555278848,-0.8911192417144775,-0.02973008155822754,-3.097701011934575,-28.0,-16.0,7,0,31.46332686215539,0.4884863270968496,0.08707785113382946,29.66078220704391,4
150.672299776,-0.8470404148101807,-0.0280420184135437,-3.0965498891626524,-28.0,-16.0,7,0,31.50216906818505,0.48667114676712897,0.030126603476451415,29.66763989406602,4
150.804424704,-0.7948946952819824,-0.02640742063522339,-3.096942669061633,-28.0,-16.0,7,0,31.54795420518316,0.48627054554446447,0.020242952133504705,29.6709674310202,4
150.908105216,-0.7427854537963867,-0.02457749843597412,-3.096205216830798,-28.0,-16.0,7,0,31.593826436841297,0.48474792979282144,0.01614750362932682,29.6728539215629,4
151.010406144,-0.699458122253418,-0.0230368971824646,-3.096138850020014,-28.0,-16.0,7,0,31.631992299053625,0.4840309768303106,0.01302490451377588,29.674346103775417,4
151.109796096,-0.6560268402099609,-0.0216977596282959,-3.096052030306301,-28.0,-16.0,7,0,31.67015962460539,0.4832879909580061,0.003877635077615356,29.67518607507475,4
151.210607872,-0.6041207313537598,-0.01954948902130127,-3.0958219999818213,-28.0,-16.0,7,0,31.716068473820652,0.48229074767819125,0.0,29.675381530714176,4
151.310377472,-0.5604496002197266,-0.017868995666503906,-3.096551084710664,-28.0,-16.0,7,0,31.754644346642582,0.48237260295229323,0.0,29.675381530714176,4
151.458140672,-0.5172710418701172,-0.01628434658050537,-3.0958235243620384,-28.0,-16.0,7,0,31.792759507085858,0.48100456716410234,0.0,29.675381530714176,4
151.54226688,-0.4651312828063965,-0.01451200246810913,-3.096947098114844,-28.0,-16.0,7,0,31.838731472725527,0.4813529518009232,0.0,29.675381530714176,4
151.665992704,-0.4222722053527832,-0.01306772232055664,-3.09531274015393,-28.0,-16.0,7,0,31.876528574591784,0.4790827183725428,0.0,29.675381530714176,4
151.772118528,-0.37893199920654297,-0.011529266834259033,-3.0968988855781623,-28.0,-16.0,7,0,31.914802112652268,0.48002949614296053,0.0,29.675381530714176,4
151.847043584,-0.33586788177490234,-0.01001882553100586,-3.0963362392742964,-28.0,-16.0,7,0,31.952835614613083,0.47883257895327214,0.0,29.675381530714176,4
151.949239296,-0.2926459312438965,-0.008524954319000244,-3.0963752500915462,-28.0,-16.0,7,0,31.99101035647442,0.4782359124600486,0.0,29.675381530714176,4
152.086819584,-0.24100065231323242,-0.006817996501922607,-3.0953569341169858,-28.0,-16.0,7,0,32.036602744078365,0.47645791098082135,0.0,29.675381530714176,4
152.19502464,-0.19785070419311523,-0.004887998104095459,-3.095920331139343,-28.0,-16.0,7,0,32.07496084829301,0.47640185777702904,0.0,29.675381530714176,4
152.310559488,-0.1463170051574707,-0.0026443004608154297,-3.096090066458477,-28.0,-16.0,7,0,32.120757241303615,0.4758320721563867,0.0,29.675381530714176,4
152.410428672,-0.09498023986816406,-0.0013484358787536621,-3.0937473764395853,-28.0,-16.0,7,0,32.16592886399377,0.4727294493709393,0.0,29.675381530714176,4
152.501800448,-0.051900386810302734,0.0002244710922241211,-3.0955423918035088,-28.0,-16.0,7,0,32.2040906580843,0.47390148617245265,0.0,29.675381530714176,4
152.606372352,-0.008982181549072266,0.001628577709197998,-3.0943383901853294,-28.0,-16.0,7,0,32.24204081090087,0.4720739240399743,0.0,29.675381530714176,4
152.754062592,0.042633056640625,0.003469705581665039,-3.0951544724880455,-28.0,-16.0,7,0,32.28777340367191,0.4721461300092189,0.0,29.675381530714176,4
152.855547392,0.0941319465637207,0.005959749221801758,-3.095542052250288,-28.0,-16.0,7,0,32.33374394227555,0.4718111573392143,0.0,29.675381530714176,4
152.955603968,0.13683319091796875,0.007660627365112305,-3.095430161598306,-28.0,-16.0,7,0,32.37169412889042,0.4710919380207006,0.0,29.675381530714176,4
153.052557824,0.1794724464416504,0.009166061878204346,-3.0953889404202326,-28.0,-16.0,7,0,32.40950578698412,0.47044051216202654,0.0,29.675381530714176,4
153.192035072,0.23017597198486328,0.010537207126617432,-3.093463209295773,-28.0,-16.0,7,0,32.45427763901112,0.46777979039036843,0.0,29.675381530714176,4
153.279518464,0.2728867530822754,0.012047052383422852,-3.094486796310078,-28.0,-16.0,7,0,32.4921802309472,0.4681953231925555,0.0,29.675381530714176,4
153.380723712,0.3244137763977051,0.01375192403793335,-3.0943776242822514,-28.0,-16.0,7,0,32.53786511836965,0.467351349506548,0.0,29.675381530714176,4
153.482619136,0.36705970764160156,0.015337109565734863,-3.0942000552164823,-28.0,-16.0,7,0,32.57577472892912,0.466571842368118,0.0,29.675381530714176,4
153.596665088,0.4184145927429199,0.01762920618057251,-3.094165519791729,-28.0,-16.0,7,0,32.621629838984326,0.4658245340673628,0.0,29.675381530714176,4
153.70316032,0.4611930847167969,0.019260704517364502,-3.0938923710413784,-28.0,-16.0,7,0,32.659703386969476,0.46495176281216155,0.0,29.675381530714176,4
153.804313088,0.5043864250183105,0.020718872547149658,-3.0937138630364442,-28.0,-16.0,7,0,32.69806536570561,0.46416419153816557,0.0,29.675381530714176,4
153.909855232,0.5562119483947754,0.02234935760498047,-3.093205178191958,-28.0,-16.0,7,0,32.74405167017041,0.46292343394794644,0.0,29.675381530714176,4
154.05301504,0.5996456146240234,0.024080336093902588,-3.0938147844600947,-28.0,-16.0,7,0,32.78278328482306,0.46293079087543054,0.0,29.675381530714176,4
154.156018944,0.6431279182434082,0.02581155300140381,-3.0936853188900275,-28.0,-16.0,7,0,32.821569323741485,0.4621997803554847,0.0,29.675381530714176,4
154.219830528,0.6865530014038086,0.02751028537750244,-3.0938635796910754,-28.0,-16.0,7,0,32.860301414476275,0.46177790278908226,0.0,29.675381530714176,4
154.33214208,0.7386364936828613,0.02955228090286255,-3.0942181069976122,-28.0,-16.0,7,0,32.906773981085394,0.4614146164161559,0.0,29.675381530714176,4
154.459821824,0.7818078994750977,0.031031012535095215,-3.094239363010892,-28.0,-16.0,7,0,32.945203312275204,0.4608367492705474,0.0,29.675381530714176,4
154.563274752,0.8248891830444336,0.03246492147445679,-3.093893103611488,-28.0,-16.0,7,0,32.98354389499559,0.45989290352488643,0.0,29.675381530714176,4
154.662252544,0.8762049674987793,0.03471577167510986,-3.0924541952764426,-28.0,-16.0,7,0,33.029491718817106,0.4577583669407672,0.0,29.675381530714176,4
154.762062336,0.919227123260498,0.03636890649795532,-3.092618909206491,-28.0,-16.0,7,0,33.067912318621204,0.45733518285527275,0.0,29.675381530714176,4
154.900038912,0.9620342254638672,0.03794819116592407,-3.0923792163129353,-28.0,-16.0,7,0,33.10612041087664,0.456510152067795,0.0,29.675381530714176,4
155.0060672,1.0135765075683594,0.03963702917098999,-3.092601309700619,-28.0,-16.0,7,0,33.15203730976538,0.45602363926908884,0.0,29.675381530714176,4
155.100054272,1.065380573272705,0.041610896587371826,-3.0932818558316146,-28.0,-16.0,7,0,33.1983377298727,0.45600124630216765,0.0,29.675381530714176,4
155.20241664,1.1082348823547363,0.04339832067489624,-3.0925992436997523,-28.0,-16.0,7,0,33.23672618718888,0.4547426891944042,0.0,29.675381530714176,4
155.305710848,1.1515698432922363,0.04500091075897217,-3.0920632419990683,-28.0,-16.0,7,0,33.275457600979756,0.45362024020551095,0.0,29.675381530714176,4
155.40596224,1.1946024894714355,0.04637038707733154,-3.091946555296633,-28.0,-16.0,7,0,33.31382321375804,0.45291670884530033,0.0,29.675381530714176,4
155.550995456,1.2462286949157715,0.04702186584472656,-3.0892882023827264,-28.0,-16.0,7,0,33.35938853813441,0.4495300443440935,0.0,29.675381530714176,4
155.65829632,1.2981133460998535,0.048271358013153076,-3.0906992390105774,-28.0,-16.0,7,0,33.405485466032964,0.4502267406449767,0.0,29.675381530714176,4
155.759205888,1.341738224029541,0.04938024282455444,-3.0906151328316778,-28.0,-16.0,7,0,33.44428513492617,0.4495450671619676,0.0,29.675381530714176,4
155.865563392,1.384753704071045,0.050695955753326416,-3.090293088262179,-28.0,-16.0,7,0,33.48266104886159,0.4486409861610823,0.0,29.675381530714176,4
155.962675712,1.4363665580749512,0.05230402946472168,-3.0895394173294632,-28.0,-16.0,7,0,33.52873604530482,0.44719147730094155,0.0,29.675381530714176,4
156.06494592,1.479403018951416,0.053413987159729004,-3.089450025675573,-28.0,-16.0,7,0,33.56705681165534,0.44651729303540266,0.0,29.675381530714176,4
156.210244864,1.5394129753112793,0.055084407329559326,-3.088676448890882,-28.0,-16.0,7,0,33.620568916252225,0.444933714912342,0.0,29.675381530714176,4
156.31168384,1.5827536582946777,0.056204795837402344,-3.089101828787124,-28.0,-16.0,7,0,33.659189331491916,0.4447734473397884,0.0,29.675381530714176,4
156.41122176,1.6346487998962402,0.057415902614593506,-3.089151351948939,-28.0,-16.0,7,0,33.70538554834719,0.4441200934123515,0.0,29.675381530714176,4
156.5178944,1.6778159141540527,0.058531761169433594,-3.088755249761079,-28.0,-16.0,7,0,33.74387647794638,0.4431436210175441,0.0,29.675381530714176,4
156.658035712,1.7210392951965332,0.059576213359832764,-3.0888149021941786,-28.0,-16.0,7,0,33.7823943044203,0.4426215745768842,0.0,29.675381530714176,4
156.76102528,1.7642087936401367,0.06064516305923462,-3.0886993431775074,-28.0,-16.0,7,0,33.82088774951218,0.44192703585361937,0.0,29.675381530714176,4
156.868701952,1.8159327507019043,0.0621565580368042,-3.088553516200138,-28.0,-16.0,7,0,33.86713331667242,0.44109522722945993,0.0,29.675381530714176,4
156.962220544,1.8591766357421875,0.0632670521736145,-3.088766931605405,-28.0,-16.0,7,0,33.90573664962757,0.4407325864030591,0.0,29.675381530714176,4
157.070190592,1.9113693237304688,0.06457716226577759,-3.0894438306994565,-28.0,-16.0,7,0,33.952329142829,0.44071518293603074,0.0,29.675381530714176,4
157.170366208,1.9544610977172852,0.06568235158920288,-3.0894012068258045,-28.0,-16.0,7,0,33.990820659066515,0.4401013676715224,0.0,29.675381530714176,4
157.280602112,2.0060324668884277,0.06672865152359009,-3.0889183631440775,-28.0,-16.0,7,0,34.03677061599193,0.43892947400673465,0.0,29.675381530714176,4
157.410907648,2.0489354133605957,0.067840576171875,-3.088618724838326,-28.0,-16.0,7,0,34.07512318770971,0.4380642713429288,0.0,29.675381530714176,4
157.510223616,2.1004981994628906,0.06953418254852295,-3.0887194739476427,-28.0,-16.0,7,0,34.12139974707902,0.43749621706151975,0.0,29.675381530714176,4
157.610641408,2.1435928344726562,0.07064324617385864,-3.0891051082944236,-28.0,-16.0,7,0,34.15994384240502,0.4373163608419688,0.0,29.675381530714176,4
157.710122752,2.1956353187561035,0.07156151533126831,-3.0899446159076076,-28.0,-16.0,7,0,34.20630763242926,0.4374637962827057,0.0,29.675381530714176,4
157.826107648,2.238630771636963,0.07264798879623413,-3.0901033073139486,-28.0,-16.0,7,0,34.24477776705735,0.4370605921605364,0.0,29.675381530714176,4
157.96308736,2.289702892303467,0.07422184944152832,-3.089078038445265,-28.0,-16.0,7,0,34.290621303340075,0.43537681223094626,0.0,29.675381530714176,4
158.070123776,2.332578182220459,0.07534044981002808,-3.08883848917645,-28.0,-16.0,7,0,34.32902372275994,0.43458058170760694,0.0,29.675381530714176,4
158.159432192,2.384293556213379,0.07679373025894165,-3.0892835726075356,-28.0,-16.0,7,0,34.37540678385411,0.43435853709790484,0.0,29.675381530714176,4
158.279909376,2.4274368286132812,0.07779979705810547,-3.0895619697442376,-28.0,-16.0,7,0,34.41401688663405,0.43407646150899515,0.0,29.675381530714176,4
158.37120512,2.479445457458496,0.07857149839401245,-3.09067872111938,-28.0,-16.0,7,0,34.46036936573889,0.4345079190405037,0.0,29.675381530714176,4
158.480692992,2.5225157737731934,0.07946550846099854,-3.0907323220511294,-28.0,-16.0,7,0,34.498886651572114,0.4340019343132755,0.0,29.675381530714176,4
158.610156288,2.5742297172546387,0.08106517791748047,-3.091027392597786,-28.0,-16.0,7,0,34.54539303669719,0.43364024919392996,0.0,29.675381530714176,4
158.712307456,2.6175923347473145,0.08212488889694214,-3.0916880152200954,-28.0,-16.0,7,0,34.584269564628016,0.43374432863722756,0.0,29.675381530714176,4
158.81038208,2.6602582931518555,0.08339160680770874,-3.0910778671398838,-28.0,-16.0,7,0,34.622636008552554,0.4325935289619034,0.0,29.675381530714176,4
158.9300736,2.712721347808838,0.0844927430152893,-3.092612497455707,-28.0,-16.0,7,0,34.66961435303635,0.4334533390389299,0.0,29.675381530714176,4
159.030959104,2.7643628120422363,0.08517062664031982,-3.092360797261967,-28.0,-16.0,7,0,34.715684255378,0.43252880647790226,0.0,29.675381530714176,4
159.135223808,2.807553768157959,0.08617401123046875,-3.092658339195964,-28.0,-16.0,7,0,34.75442940831471,0.4322761185318269,0.0,29.675381530714176,4
159.281097472,2.8506531715393066,0.08707726001739502,-3.092822716902172,-28.0,-16.0,7,0,34.79305758165524,0.4318901566984743,0.0,29.675381530714176,4
159.399044864,2.9020519256591797,0.0888717770576477,-3.092545413696181,-28.0,-16.0,7,0,34.83946911585678,0.43097639762863027,0.0,29.675381530714176,4
159.502977536,2.953864574432373,0.08992022275924683,-3.092798994768003,-28.0,-16.0,7,0,34.885917859030975,0.4305707689947491,0.0,29.675381530714176,4
159.585312512,2.997197151184082,0.09039103984832764,-3.093128053421778,-28.0,-16.0,7,0,34.92458897459791,0.43033953760789956,0.0,29.675381530714176,4
159.702572288,3.0487565994262695,0.09135133028030396,-3.0927774013790175,-28.0,-16.0,7,0,34.97080030546813,0.4293339943080814,0.0,29.675381530714176,4
159.804300288,3.0917906761169434,0.0922134518623352,-3.0927588946376168,-28.0,-16.0,7,0,35.00940989545199,0.4287717443453185,0.0,29.675381530714176,4
159.90887936,3.134852886199951,0.09317809343338013,-3.0928019625871124,-28.0,-16.0,7,0,35.04810188002023,0.4282744971736827,0.0,29.675381530714176,4
160.009654272,3.1864991188049316,0.09479159116744995,-3.0929381762209256,-28.0,-16.0,7,0,35.0947295708392,0.4277758215920726,0.0,29.675381530714176,4
160.147573248,3.22959566116333,0.09588390588760376,-3.0930522001512526,-28.0,-16.0,7,0,35.13353275535444,0.42735491977418283,0.0,29.675381530714176,4
160.25058176,3.2816739082336426,0.0967678427696228,-3.0938364563706466,-28.0,-16.0,7,0,35.18023674572256,0.4274833211793321,0.0,29.675381530714176,4
160.350933248,3.3334603309631348,0.09759867191314697,-3.0934852998322326,-28.0,-16.0,7,0,35.22667198748727,0.42648049381489406,0.0,29.675381530714176,4
160.493092608,3.3766989707946777,0.09855633974075317,-3.093681698268185,-28.0,-16.0,7,0,35.265574637706884,0.42614075987973443,0.0,29.675381530714176,4
160.603051776,3.4282069206237793,0.10008472204208374,-3.0930010894870024,-28.0,-16.0,7,0,35.31210724811643,0.42483279464477075,0.0,29.675381530714176,4
160.689773056,3.471414089202881,0.10096460580825806,-3.093039363962187,-28.0,-16.0,7,0,35.35096838859677,0.4243359599790617,0.0,29.675381530714176,4
160.803378944,3.514888286590576,0.10178929567337036,-3.0932552414565,-28.0,-16.0,7,0,35.39005230624201,0.4240130818657395,0.0,29.675381530714176,4
160.89998464,3.5671448707580566,0.10285300016403198,-3.0933827283818855,-28.0,-16.0,7,0,35.43707818142346,0.42349637046657795,0.0,29.675381530714176,4
161.005925376,3.6106410026550293,0.10374891757965088,-3.0935005132788658,-28.0,-16.0,7,0,35.47623646610761,0.4230795195797743,0.0,29.675381530714176,4
161.154980608,3.6624550819396973,0.10481542348861694,-3.0927014578987966,-28.0,-16.0,7,0,35.52289601989801,0.4216451077591157,0.0,29.675381530714176,4
161.258035712,3.70603609085083,0.10579121112823486,-3.092743996408078,-28.0,-16.0,7,0,35.56218827815283,0.4211565109720392,0.0,29.675381530714176,4
161.339664384,3.758378505706787,0.10704153776168823,-3.0933897378249733,-28.0,-16.0,7,0,35.609428420165905,0.42116785142040536,0.004999847840141917,29.675585596183872,4
161.437021184,3.8016905784606934,0.1082196831703186,-3.0935984350287957,-28.0,-16.0,7,0,35.6485941519358,0.42085646051765924,0.013929328093399088,29.676507038181636,4
161.555245056,3.8450522422790527,0.1092645525932312,-3.0937527398236235,-28.0,-16.0,7,0,35.68775359614162,0.4204878592577197,0.0208386223935441,29.67856223904567,4
161.644450816,3.896846294403076,0.10999840497970581,-3.093520144932182,-28.0,-16.0,7,0,35.73430917391889,0.41961932846009775,0.03230372010119417,29.680932540570883,4
161.75662336,3.939833164215088,0.11063563823699951,-3.093186848718129,-28.0,-16.0,7,0,35.772971965241105,0.4187601925340565,0.08261353747181914,29.687377821136618,4
161.86152576,3.9824023246765137,0.1113959550857544,-3.092898385889415,-28.0,-16.0,7,0,35.81132695222319,0.41795534266348877,0.13799458002730094,29.69894898162919,4
161.973709056,4.03303861618042,0.11264544725418091,-3.093383756730619,-28.0,-16.0,7,0,35.857117930679074,0.41783650426723673,0.17263869816445723,29.716372914126605,4
162.07707904,4.074277400970459,0.11365902423858643,-3.0932739798604825,-28.0,-16.0,7,0,35.894418478975666,0.4172356913244393,0.2166503103270466,29.73649331341618,4
162.180075776,4.114677906036377,0.11467379331588745,-3.0933848886823094,-28.0,-16.0,7,0,35.9309789523392,0.41686707649998844,0.24004448306403628,29.760012349949918,4
162.292416768,4.1627726554870605,0.11570185422897339,-3.0928544420434503,-28.0,-16.0,7,0,35.97443246450103,0.41576257960586993,0.2522319593650356,29.78766376189028,4
162.41007744,4.201816082000732,0.11655992269515991,-3.093179898862431,-28.0,-16.0,7,0,36.00972733471922,0.4156236233635471,0.26305830478668213,29.817978461267852,4
162.526640896,4.249715328216553,0.11741173267364502,-3.092933239919868,-28.0,-16.0,7,0,36.0529485578022,0.4148034713667741,0.26501792669296265,29.848755656554214,4
162.656049664,4.287304401397705,0.1187012791633606,-3.0929516154986896,-28.0,-16.0,7,0,36.08715223504645,0.4143881573552344,0.26501792669296265,29.883051299945464,4
162.761060096,4.321431636810303,0.11983984708786011,-3.093680193022622,-28.0,-16.0,7,0,36.11819734910318,0.41472290006212953,0.26501792669296265,29.910880946915235,4
162.872078592,4.358800411224365,0.12118029594421387,-3.094532242273253,-28.0,-16.0,7,0,36.15223946296818,0.41514680314593067,0.26501792669296265,29.94030283854973,4
162.947371776,4.3946852684021,0.12260597944259644,-3.0944284207719908,-28.0,-16.0,7,0,36.1849976814589,0.41463602124352805,0.26624169448061563,29.960302952754127,4
163.05195008,4.422318935394287,0.12313652038574219,-3.093879089154734,-28.0,-16.0,7,0,36.20997509531625,0.4137597768582424,0.3130538997170395,29.99059382813206,4
163.17445504,4.446295261383057,0.12348145246505737,-3.0938900765674635,-28.0,-16.0,7,0,36.23159850650856,0.4134846318458991,0.3269544243812561,30.029795925203718,4
163.303763456,4.473081111907959,0.12497389316558838,-3.0946784764297948,-28.0,-16.0,7,0,36.25625159825302,0.4139811235244677,0.3288819193840027,30.072198504587483,4
163.412316672,4.498510837554932,0.12508493661880493,-3.092680929626259,-28.0,-16.0,7,0,36.27907896945354,0.41167457168013577,0.33015150010560934,30.107968603156017,4
163.499415552,4.520349025726318,0.1261005401611328,-3.094062989401707,-28.0,-16.0,7,0,36.299093919634466,0.4128142914159776,0.389212894501177,30.139296519697076,4
163.603255808,4.5399861335754395,0.12638944387435913,-3.092336694271698,-28.0,-16.0,7,0,36.31681613342205,0.4108549064736984,0.47406121820135333,30.184117822127682,4
163.753497856,4.558792591094971,0.12734609842300415,-3.093631860723257,-28.0,-16.0,7,0,36.33409235371458,0.4119438260263575,0.48314493894577026,30.256024128831676,4
163.871084288,4.5736002922058105,0.12694060802459717,-3.091955668486654,-28.0,-16.0,7,0,36.347182137975196,0.41007680900578114,0.48314493894577026,30.312835418341166,4
163.958868224,4.587548732757568,0.12824440002441406,-3.0929117549594634,-28.0,-16.0,7,0,36.360261272944236,0.41089482235920194,0.4937465252447833,30.3557131072269,4
164.05219072,4.601099491119385,0.12827348709106445,-3.0935287117473003,-28.0,-16.0,7,0,36.37241940955082,0.4113472420495996,0.7198222542868123,30.41233974101367,4
164.165276416,4.6070475578308105,0.12792831659317017,-3.0927262884447075,-28.0,-16.0,7,0,36.377597807219324,0.4104638107783245,0.8157081293796495,30.499163002096715,4
164.267711232,4.6101908683776855,0.1280781626701355,-3.0938892996252245,-28.0,-16.0,7,0,36.38048176829467,0.4115922081960459,0.05276971310377121,30.54364418609415,4
164.371052544,4.6505446434021,0.12989670038223267,-3.0933298197849495,-28.0,-16.0,7,0,36.4174632982007,0.41058625484432554,0.0,30.54637083178715,4
164.47784576,4.694427013397217,0.13123369216918945,-3.0922119292115915,-28.0,-16.0,7,0,36.45740333822106,0.40896812209125244,0.0,30.54637083178715,4
164.606131968,4.741515636444092,0.13292664289474487,-3.090776615110938,-28.0,-16.0,7,0,36.500385864214316,0.40700358078287335,0.0,30.54637083178715,4
164.710163712,4.799159526824951,0.13497406244277954,-3.0914381452811153,-28.0,-16.0,7,0,36.55300608242519,0.40701833396689224,0.0,30.54637083178715,4
164.81157632,4.847583293914795,0.13593131303787231,-3.092986451368169,-28.0,-16.0,7,0,36.59688521704745,0.40800604755880165,0.0006948561410668997,30.546406065373876,4
164.902477568,4.8946661949157715,0.137187659740448,-3.090962055500783,-28.0,-16.0,7,0,36.63970373298089,0.4054458480843621,0.502178096769494,30.56926195487638,4
165.009960192,4.9411444664001465,0.1382957100868225,-3.089670051191974,-28.0,-16.0,7,0,36.681924529425274,0.4036229123815809,0.7992866634901704,30.6392043786145,4
165.153979904,4.9735026359558105,0.13878768682479858,-3.089617047892445,-28.0,-16.0,7,0,36.71120188830369,0.40319415879282294,0.8279719948768616,30.756383040278276,4
165.249558528,5.01135778427124,0.13973861932754517,-3.0903557683693648,-28.0,-16.0,7,0,36.745624303600806,0.4035032343909051,0.8279719948768616,30.83551946425913,4
165.403945216,5.036283016204834,0.14169281721115112,-3.0908923601852534,-28.0,-16.0,7,0,36.7688760031088,0.4037898245929057,0.8279719948768616,30.963347318304933,4
165.497351424,5.0510573387146,0.14055663347244263,-3.088852178477819,-28.0,-16.0,7,0,36.7816524866044,0.4015455510641228,0.8279719948768616,31.040685042676557,4
165.613218304,5.0662617683410645,0.1422058343887329,-3.088191593999443,-28.0,-16.0,7,0,36.79603887013149,0.4007439163212787,0.8279719948768616,31.136619574450314,4
165.701123584,5.088937282562256,0.14195650815963745,-3.0895830719435184,-28.0,-16.0,7,0,36.81630794092009,0.4018591126646882,0.8279719948768616,31.209402684492126,4
165.800315648,5.1000800132751465,0.14256292581558228,-3.089155256441274,-28.0,-16.0,7,0,36.826588692127494,0.4013134350026464,0.8276762071416175,31.291516265700196,4
165.90770816,5.102525234222412,0.14286184310913086,-3.0893228450851673,-28.0,-16.0,7,0,36.828917515561606,0.40145921555928066,0.44148748929683995,31.359665604450054,4
166.0217152,5.111548900604248,0.1438436508178711,-3.0903408141385174,-28.0,-16.0,7,0,36.837458631387136,0.4023937698245872,0.10933558717691369,31.391064458706285,4
166.139357696,5.155345439910889,0.14545387029647827,-3.0900987238136604,-28.0,-16.0,7,0,36.87753532867525,0.4016704576883465,0.05674953593099791,31.400833792921727,4
166.23609472,5.200083255767822,0.14657247066497803,-3.0881690182715924,-28.0,-16.0,7,0,36.91825200006565,0.399237448532785,0.044770654290914536,31.405744173460718,4
166.3570048,5.256709575653076,0.1473565697669983,-3.0889960014306945,-28.0,-16.0,7,0,36.96952604498105,0.3994135992168668,0.04139755293726921,31.410953475875427,4
166.45886464,5.303514003753662,0.1490432620048523,-3.0882720327742854,-28.0,-16.0,7,0,37.012371489494164,0.39817829625352896,0.07968245689258147,31.41712007108966,4
166.572278016,5.355510234832764,0.15157252550125122,-3.086117172426432,-28.0,-16.0,7,0,37.06026656774827,0.3954726868532128,0.4430023860867417,31.44675979740282,4
166.676033536,5.396569728851318,0.15289682149887085,-3.085847268289957,-28.0,-16.0,7,0,37.09780243329808,0.3947525511675387,0.6554311062901069,31.503744066496303,4
166.810528,5.436400890350342,0.15385788679122925,-3.0864124340758115,-28.0,-16.0,7,0,37.134081773040634,0.39487397743541175,0.697896249048584,31.59475158513271,4
166.909975296,5.460007190704346,0.15290284156799316,-3.0856344776674844,-28.0,-16.0,7,0,37.15492364964732,0.393796490754617,0.698252260684967,31.66417318218642,4
167.013649408,5.477309703826904,0.15481656789779663,-3.0856106850108422,-28.0,-16.0,7,0,37.1713379278762,0.39361669723289117,0.6821882913459443,31.735731156386713,4
167.10092928,5.492782115936279,0.15468591451644897,-3.0843780320167555,-28.0,-16.0,7,0,37.185216563336795,0.39220004522092466,0.23360650696195256,31.775696382774008,4
167.211594496,5.533614635467529,0.15652167797088623,-3.0868053447707307,-28.0,-16.0,7,0,37.22279547872225,0.39419521042440175,0.01640162467890107,31.789529984718904,4
167.317348096,5.579837322235107,0.15784484148025513,-3.08573497717445,-28.0,-16.0,7,0,37.2650160943092,0.39261844579284055,0.0004862137228809103,31.790422959572506,4
167.437926912,5.628280162811279,0.15861427783966064,-3.0795156010302938,-28.0,-16.0,7,0,37.30900751947886,0.3858546669396081,0.0,31.79045227311002,4
167.53899008,5.687633991241455,0.1605176329612732,-3.0786549312724714,-28.0,-16.0,7,0,37.36333783393955,0.3843519052512008,0.0,31.79045227311002,4
167.646276352,5.736390590667725,0.16192102432250977,-3.078477647468104,-28.0,-16.0,7,0,37.40791014321078,0.3836447056853145,0.009702688902152142,31.790972755770365,4
167.78001024,5.784834384918213,0.16348797082901,-3.0776743603828427,-28.0,-16.0,7,0,37.452281343056875,0.3823203082085227,0.016106915169013383,31.792698565120453,4
167.854720768,5.843329906463623,0.16523438692092896,-3.0800856284864855,-28.0,-16.0,7,0,37.50580997581343,0.3841004784759683,0.1419277851827147,31.79860199307325,4
167.955860992,5.89153528213501,0.16611963510513306,-3.0801820367646346,-28.0,-16.0,7,0,37.54969491003534,0.38366484485392816,0.7064197787145309,31.841503024394466,4
168.070731008,5.951592922210693,0.16792011260986328,-3.0767566858704525,-28.0,-16.0,7,0,37.604684584812595,0.37959512464029244,0.9184814059039091,31.934829236932234,4
168.17272832,6.007976055145264,0.16909027099609375,-3.0780330696630602,-28.0,-16.0,7,0,37.656100641980366,0.3802558014333912,1.0,32.032669210194335,4
168.310350592,6.070434093475342,0.17111390829086304,-3.0771845164566343,-28.0,-16.0,7,0,37.713384949547624,0.37874458780612796,1.0,32.17029148219432,4
168.410467584,6.151296138763428,0.17319613695144653,-3.07346344193999,-28.0,-16.0,7,0,37.78734313552382,0.37415571668332426,1.0,32.27040847419433,4
168.50984448,6.226927280426025,0.17540991306304932,-3.0733135829713376,-28.0,-16.0,7,0,37.856656441307514,0.3732036262510867,1.0,32.36978537019433,4
168.610957568,6.303395748138428,0.1783164143562317,-3.069050115571901,-28.0,-16.0,7,0,37.927046838060434,0.368147962649644,1.0,32.470898458194334,4
168.71144448,6.403772830963135,0.18212151527404785,-3.0652835256793436,-28.0,-16.0,7,0,38.01947713658898,0.36334570056827165,0.9862344125675331,32.57069373950787,4
168.827788288,6.485459804534912,0.18384480476379395,-3.0597841595439657,-28.0,-16.0,7,0,38.09414352095179,0.35697457850937253,0.0443306038022203,32.63064366870588,4
168.95172352,6.545926570892334,0.18568497896194458,-3.0521616407259753,-28.0,-16.0,7,0,38.149671569748534,0.34872236262057,0.0,32.63339073053935,4
169.082185216,6.617194652557373,0.18677765130996704,-3.062055087777669,-28.0,-16.0,7,0,38.21468220914567,0.3578504673225882,0.0,32.63339073053935,4
169.200086272,6.674421787261963,0.188185453414917,-3.060267412716207,-28.0,-16.0,7,0,38.267125245504154,0.3554626765718467,0.0,32.63339073053935,4
169.295220224,6.743871212005615,0.1897757649421692,-3.0556251480198777,-28.0,-16.0,7,0,38.330737354185366,0.35009153818133143,0.0,32.63339073053935,4
169.393705728,6.813119411468506,0.19150084257125854,-3.056129879802343,-28.0,-16.0,7,0,38.394244134924065,0.3498752047434408,0.0,32.63339073053935,4
169.496598528,6.870328426361084,0.19316893815994263,-3.054916567555552,-28.0,-16.0,7,0,38.446827239995685,0.3480737165158998,0.0,32.63339073053935,4
169.609952768,6.92754602432251,0.19447380304336548,-3.053968439094085,-28.0,-16.0,7,0,38.499278604132634,0.3465303657681904,0.0,32.63339073053935,4
169.750247168,6.996921062469482,0.19560593366622925,-3.051185290560406,-28.0,-16.0,7,0,38.562703943205605,0.3430171058919207,0.0,32.63339073053935,4
169.842078976,7.06571626663208,0.19727087020874023,-3.0506284826175327,-28.0,-16.0,7,0,38.62584679893579,0.3417514021221959,0.0,32.63339073053935,4
169.945068544,7.123227596282959,0.19839870929718018,-3.0500737096626906,-28.0,-16.0,7,0,38.678537168895794,0.3405995854086763,0.0,32.63339073053935,4
170.04728064,7.193017482757568,0.19955408573150635,-3.0498070828953407,-28.0,-16.0,7,0,38.74240612195144,0.339605628479132,0.0,32.63339073053935,4
170.197152256,7.251060962677002,0.20065051317214966,-3.048868003595712,-28.0,-16.0,7,0,38.79559737965528,0.3380666349508896,0.0,32.63339073053935,4
170.297263616,7.320592403411865,0.2016788125038147,-3.0476439243896585,-28.0,-16.0,7,0,38.8592156903802,0.33611939956337356,0.0,32.63339073053935,4
170.39454976,7.378566265106201,0.20241230726242065,-3.0473514958000525,-28.0,-16.0,7,0,38.91222321519344,0.33522293195912,0.0,32.63339073053935,4
170.497808384,7.447824001312256,0.20400816202163696,-3.0468900885830816,-28.0,-16.0,7,0,38.97586569844053,0.3340588628527059,0.0,32.63339073053935,4
170.610767872,7.516883373260498,0.2043665051460266,-3.0460395229125403,-28.0,-16.0,7,0,39.03883320980388,0.33248119652089736,0.0,32.63339073053935,4
170.760003328,7.574345111846924,0.20541495084762573,-3.0450093927056594,-28.0,-16.0,7,0,39.09155284541589,0.33086532470453056,0.0,32.63339073053935,4
170.857150464,7.643301486968994,0.20720821619033813,-3.0442099525151303,-28.0,-16.0,7,0,39.155057643348115,0.32937749402436234,0.0,32.63339073053935,4
170.94579456,7.700839519500732,0.20743459463119507,-3.0431669781930526,-28.0,-16.0,7,0,39.20753599164826,0.3277323322910699,0.0,32.63339073053935,4
171.048627456,7.770083904266357,0.2081325650215149,-3.0431333266170735,-28.0,-16.0,7,0,39.270885701287234,0.32698597996189305,0.0,32.63339073053935,4
171.1994112,7.827810764312744,0.20895332098007202,-3.0430994702485363,-28.0,-16.0,7,0,39.3238120217905,0.32636525748193534,0.0,32.63339073053935,4
171.284499968,7.897324085235596,0.2089584469795227,-3.043216630816776,-28.0,-16.0,7,0,39.38715793778912,0.3257550704721175,0.0,32.63339073053935,4
171.400610816,7.955186367034912,0.2093491554260254,-3.0436677903167304,-28.0,-16.0,7,0,39.44006119075785,0.3256115067810197,0.0,32.63339073053935,4
171.499581184,8.024168014526367,0.2105291485786438,-3.042921311161,-28.0,-16.0,7,0,39.50344208313678,0.3241745858577296,0.0,32.63339073053935,4
171.613542144,8.093473434448242,0.21123415231704712,-3.043972426160579,-28.0,-16.0,7,0,39.566942481122695,0.3245231678595806,0.0,32.63339073053935,4
171.757299712,8.150985717773438,0.21187657117843628,-3.0438251493354134,-28.0,-16.0,7,0,39.619675797837914,0.32379593381040594,0.0,32.63339073053935,4
171.851346176,8.208415985107422,0.21235501766204834,-3.04348200483358,-28.0,-16.0,7,0,39.672280541573286,0.3228714466040361,0.0,32.63339073053935,4
171.950494976,8.276805877685547,0.21378445625305176,-3.043152171599579,-28.0,-16.0,7,0,39.73529226117651,0.32187109159761995,0.0,32.63339073053935,4
172.05115776,8.334125518798828,0.21448582410812378,-3.0432493681381594,-28.0,-16.0,7,0,39.787915599538906,0.3213965399655647,0.0,32.63339073053935,4
172.151588608,8.40338134765625,0.2142506241798401,-3.0444227208192105,-28.0,-16.0,7,0,39.851073973565676,0.32185628275904454,0.0,32.63339073053935,4
172.304132608,8.471818923950195,0.21581023931503296,-3.0436470014872348,-28.0,-16.0,7,0,39.914234019192776,0.32041862942925015,0.0,32.63339073053935,4
172.385388544,8.529497146606445,0.21632170677185059,-3.043898545525831,-28.0,-16.0,7,0,39.96715215625762,0.32009556743943657,0.0,32.63339073053935,4
172.5119232,8.598865509033203,0.21609288454055786,-3.0443213825391067,-28.0,-16.0,7,0,40.03047120617427,0.3198100753378159,0.0,32.63339073053935,4
172.610592,8.655994415283203,0.21717756986618042,-3.0437277061882684,-28.0,-16.0,7,0,40.08314826589653,0.3186637761780342,0.0,32.63339073053935,4
172.712594176,8.724571228027344,0.2182101011276245,-3.0434585733165793,-28.0,-16.0,7,0,40.14628838095462,0.31772705637352106,0.0,32.63339073053935,4
172.82183424,8.781530380249023,0.21845024824142456,-3.04293457044651,-28.0,-16.0,7,0,40.198496309785824,0.31663610303437784,0.0,32.63339073053935,4
172.972074752,8.850030899047852,0.21941787004470825,-3.0442361616289975,-28.0,-16.0,7,0,40.26157340820037,0.31727324453050887,0.0,32.63339073053935,4
173.075087104,8.906949996948242,0.22014391422271729,-3.0444389578039552,-28.0,-16.0,7,0,40.313968133580374,0.3169237408859602,0.0,32.63339073053935,4
173.172786944,8.97604751586914,0.21987122297286987,-3.0457074647819615,-28.0,-16.0,7,0,40.37712610359529,0.3174975296725622,0.0,32.63339073053935,4
173.272934912,9.033380508422852,0.22042399644851685,-3.04648808391921,-28.0,-16.0,7,0,40.429858106431645,0.3177210112729152,0.0,32.63339073053935,4
173.375989248,9.101768493652344,0.22174257040023804,-3.0464235016318586,-28.0,-16.0,7,0,40.493038381639245,0.31700867812426425,0.0,32.63339073053935,4
173.49420672,9.159194946289062,0.22214347124099731,-3.046842651515535,-28.0,-16.0,7,0,40.54582232311785,0.3168694957470315,0.0,32.63339073053935,4
173.612011776,9.227521896362305,0.22214490175247192,-3.0469101204892013,-28.0,-16.0,7,0,40.608451974405384,0.31626380684536937,0.0,32.63339073053935,4
173.710442752,9.284610748291016,0.22306615114212036,-3.047609613099663,-28.0,-16.0,7,0,40.66116173937866,0.3164231983469894,0.0,32.63339073053935,4
173.825400576,9.352853775024414,0.22368252277374268,-3.046196758371458,-28.0,-16.0,7,0,40.723992433676116,0.31435563019308255,0.0,32.63339073053935,4
173.966092288,9.421491622924805,0.22390586137771606,-3.0475511603983994,-28.0,-16.0,7,0,40.78704643245791,0.3150446446010844,0.0,32.63339073053935,4
174.078082816,9.478260040283203,0.22489356994628906,-3.0475100533271235,-28.0,-16.0,7,0,40.839529221125616,0.31447281089543644,0.0,32.63339073053935,4
174.161120512,9.546714782714844,0.22521966695785522,-3.0466623255379215,-28.0,-16.0,7,0,40.90248823990508,0.3129675015607227,0.0,32.63339073053935,4
174.310401536,9.61591911315918,0.22555196285247803,-3.048379957364429,-28.0,-16.0,7,0,40.96615563153272,0.31402246497178776,0.0,32.63339073053935,4
174.379412992,9.673507690429688,0.22556930780410767,-3.049625836509101,-28.0,-16.0,7,0,41.01904778347761,0.31471266801925557,0.0,32.63339073053935,4
174.47906432,9.731706619262695,0.22537904977798462,-3.0513443139741923,-28.0,-16.0,7,0,41.07243126126193,0.31586638670700884,0.0,32.63339073053935,4
174.587660032,9.790107727050781,0.22566694021224976,-3.054529473126458,-28.0,-16.0,7,0,41.12620222773798,0.3184969972197158,0.0,32.63339073053935,4
174.710400768,9.859790802001953,0.2261524796485901,-3.058794368713483,-28.0,-16.0,7,0,41.19043315946262,0.3221052801367046,0.0,32.63339073053935,4
174.804542976,9.916015625,0.22641205787658691,-3.056791521582858,-28.0,-16.0,7,0,41.242219740785615,0.3195711797447056,0.0,32.63339073053935,4
174.91011968,9.971609115600586,0.2266501784324646,-3.053264017492364,-28.0,-16.0,7,0,41.2934289547524,0.3155192850422499,0.0,32.63339073053935,4
175.012378368,10.040445327758789,0.227705717086792,-3.0548483451166386,-28.0,-16.0,7,0,41.35715069458457,0.31647302698803204,0.0,32.63339073053935,4
175.1296128,10.098442077636719,0.22832423448562622,-3.056454607614171,-28.0,-16.0,7,0,41.41074493658178,0.31754349054952513,0.0,32.63339073053935,4
175.230464512,10.167016983032227,0.22821223735809326,-3.0553003811150203,-28.0,-16.0,7,0,41.4737996547677,0.31573881386047287,0.0,32.63339073053935,4
175.382217472,10.23564338684082,0.2296472191810608,-3.055338880434692,-28.0,-16.0,7,0,41.53752368720042,0.3151626366271043,0.0,32.63339073053935,4
175.4862976,10.293746948242188,0.22994112968444824,-3.056557074040009,-28.0,-16.0,7,0,41.591129395690025,0.31584148864602746,0.0,32.63339073053935,4
175.5761536,10.364131927490234,0.2287941575050354,-3.0593186957147314,-28.0,-16.0,7,0,41.655496376307234,0.31791839654662635,0.0,32.63339073053935,4
175.683670016,10.422447204589844,0.2290627360343933,-3.061483931567068,-28.0,-16.0,7,0,41.709314624908835,0.319544855532194,0.0,32.63339073053935,4
175.810264576,10.492593765258789,0.2292831540107727,-3.0637509241270093,-28.0,-16.0,7,0,41.77402789377986,0.3211633368333686,0.0,32.63339073053935,4
175.910271232,10.551033020019531,0.2284163236618042,-3.066078253604934,-28.0,-16.0,7,0,41.8275464650358,0.32292877599400516,0.0,32.63339073053935,4
176.010491904,10.62099838256836,0.22917205095291138,-3.0691340026013516,-28.0,-16.0,7,0,41.89233272957927,0.325353170542364,0.0,32.63339073053935,4
176.133408,10.690937042236328,0.22955358028411865,-3.071424314109606,-28.0,-16.0,7,0,41.95696627047299,0.3270060994565731,0.0,32.63339073053935,4
176.253756416,10.749608993530273,0.22922462224960327,-3.0743827929448377,-28.0,-16.0,7,0,42.010950108167215,0.32941713766775926,0.0,32.63339073053935,4
176.383215104,10.82022476196289,0.2300770878791809,-3.079174716558629,-28.0,-16.0,7,0,42.07642157845434,0.3335794153354108,0.0,32.63339073053935,4
176.483665664,10.879585266113281,0.2309301495552063,-3.0824354902106497,-28.0,-16.0,7,0,42.13152316241027,0.3363154038540115,0.0,32.63339073053935,4
176.584106752,10.94943618774414,0.23151880502700806,-3.081423813634499,-28.0,-16.0,7,0,42.196217627426016,0.334678873810085,0.0,32.63339073053935,4
176.713324544,11.019775390625,0.23430299758911133,-3.0847259872051023,-28.0,-16.0,7,0,42.2622226740662,0.3374016350682614,0.0,32.63339073053935,4
176.80995456,11.078201293945312,0.23541277647018433,-3.085036008851751,-28.0,-16.0,7,0,42.31659774122301,0.33720550382112124,0.0,32.63339073053935,4
176.911226624,11.146728515625,0.23546171188354492,-3.0807468647591323,-28.0,-16.0,7,0,42.379907627012166,0.33229704897623824,0.0,32.63339073053935,4
177.034752256,11.205297470092773,0.23685187101364136,-3.0840161355927846,-28.0,-16.0,7,0,42.43454616700527,0.3350678279518764,0.0,32.63339073053935,4
177.133849088,11.275035858154297,0.23872852325439453,-3.085122482812868,-28.0,-16.0,7,0,42.499702889682204,0.3355871037599485,0.0,32.63339073053935,4
177.27201152,11.333738327026367,0.23930245637893677,-3.0860897903982782,-28.0,-16.0,7,0,42.55417623510927,0.3360397905287993,0.0,32.63339073053935,4
177.390029056,11.403093338012695,0.240231454372406,-3.0856112219085787,-28.0,-16.0,7,0,42.61864477310051,0.3349603534306018,0.0,32.63339073053935,4
177.484828672,11.460905075073242,0.2416260838508606,-3.084710083211701,-28.0,-16.0,7,0,42.672631125717636,0.3335731819884975,0.0,32.63339073053935,4
177.569050368,11.519035339355469,0.24286407232284546,-3.0846579786762915,-28.0,-16.0,7,0,42.726862597494595,0.3330300481143036,0.0,32.63339073053935,4
177.687571456,11.590433120727539,0.2428797483444214,-3.087900775103572,-28.0,-16.0,7,0,42.792914567787705,0.33563891290251613,0.0,32.63339073053935,4
177.786941184,11.648336410522461,0.24420905113220215,-3.0871811835638927,-28.0,-16.0,7,0,42.846994151501995,0.3344350751631886,0.0,32.63339073053935,4
177.887681024,11.718683242797852,0.24607723951339722,-3.0887152161603297,-28.0,-16.0,7,0,42.91280489800155,0.33538789981895345,0.0,32.63339073053935,4
178.005158656,11.77712631225586,0.24680596590042114,-3.088392646222872,-28.0,-16.0,7,0,42.96717912261375,0.3345660861724302,0.0,32.63339073053935,4
178.110539776,11.835306167602539,0.2473996877670288,-3.087912836700621,-28.0,-16.0,7,0,43.021269322053776,0.33358769995523785,0.0,32.63339073053935,4
178.213182208,11.905206680297852,0.2489439845085144,-3.08876779827064,-28.0,-16.0,7,0,43.08658376814044,0.3338631615304739,0.0,32.63339073053935,4
178.339650304,11.963897705078125,0.2502557039260864,-3.0886154713478984,-28.0,-16.0,7,0,43.14144098456762,0.3332259441509686,0.0,32.63339073053935,4
178.469093632,12.034460067749023,0.2510055899620056,-3.088192651584499,-35.0,-1.7,8,1,47.07490686848717,0.011943423958594934,0.0,32.63339073053935,4
178.553581568,12.09317398071289,0.25191426277160645,-3.0890956451455267,-35.0,-1.7,8,0,47.133608018768356,0.011072795598151774,0.0,32.63339073053935,4
178.674050816,12.152244567871094,0.2531091570854187,-3.0899910084041906,-35.0,-1.7,8,0,47.19267743165056,0.01020397000650819,0.0,32.63339073053935,4
178.748665344,12.222978591918945,0.25414007902145386,-3.08953537600131,-35.0,-1.7,8,0,47.263393557184116,0.010699746567828239,0.0,32.63339073053935,4
178.851297024,12.28232192993164,0.2550763487815857,-3.090808556439527,-35.0,-1.7,8,0,47.3227248857804,0.009458646386938163,-0.07699244298152537,32.637341662424596,5
178.955493888,12.337261199951172,0.25516992807388306,-3.0916988395275693,-35.0,-1.7,8,0,47.37762116611646,0.008614297317486752,-0.7453785630799131,32.680185902362666,5
179.062000128,12.386735916137695,0.25592124462127686,-3.093978293551488,-35.0,-1.7,8,0,47.427084758615884,0.006362064783224319,-1.0,32.77313275642778,5
179.16312192,12.445148468017578,0.25692176818847656,-3.094539664134725,-35.0,-1.7,8,0,47.485488898810345,0.005830372658039096,-1.0,32.87425454842779,5
179.275345408,12.491044998168945,0.25804758071899414,-3.0943803130567837,-35.0,-1.7,8,0,47.53139284037937,0.006005851669905304,-1.0,32.986478036427776,5
179.405852672,12.54237174987793,0.2591347098350525,-3.097039343139751,-35.0,-1.7,8,0,47.582720817696746,0.003368430070719519,-1.0,33.11698530042779,5
179.509777664,12.593744277954102,0.2607162594795227,-3.098347925997112,-35.0,-1.7,8,0,47.63411490355915,0.0020710779210686425,-1.0,33.220910292427796,5
179.6275008,12.632516860961914,0.26146429777145386,-3.0973636395666055,-35.0,-1.7,8,0,47.67288542453932,0.0030731638492329516,-1.0,33.33863342842779,5
179.73968,12.673200607299805,0.262781023979187,-3.0978159952720037,-35.0,-1.7,8,0,47.71358889762898,0.0026283173317431796,-1.0,33.45081262842778,5
179.85196032,12.70919418334961,0.26366370916366577,-3.0993627232876917,-35.0,-1.7,8,0,47.749588320604886,0.001094128063007016,-1.0,33.56309294842777,5
179.955775488,12.734809875488281,0.26406723260879517,-3.099599375752923,-35.0,-1.7,8,0,47.775198941953356,0.0008710860657084041,-1.0,33.666908116427784,5
180.068735488,12.764047622680664,0.26458656787872314,-3.106334728092725,-35.0,-1.7,8,0,47.80443332667375,0.005849977114230853,-1.0,33.77986811642777,5
180.197681664,12.783796310424805,0.2647358179092407,-3.1038017532805156,-35.0,-1.7,8,0,47.82417146872848,0.003303150006344069,-1.0,33.90881429242777,5
180.309993984,12.799205780029297,0.2648312449455261,-3.1057702390825797,-35.0,-1.7,8,0,47.83957185241837,0.0052603958910384385,-1.0,34.02112661242777,5
180.410047744,12.803640365600586,0.2652314305305481,-3.104277482229244,-35.0,-1.7,8,0,47.84401913279467,0.0037721895317135434,-1.0,34.12118037242778,5
180.509849344,12.800481796264648,0.26524096727371216,-3.103633285794184,-35.0,-1.7,8,0,47.84086362111871,0.0031309041950509098,-0.7986466148982404,34.2109342774285,5
180.619659008,12.788808822631836,0.26482683420181274,-3.1055974154219643,-35.0,-1.7,8,0,47.829183488477554,0.005096408029689581,-0.466732761188326,34.2804097194888,5
180.739030784,12.747512817382812,0.26439982652664185,-3.105870005060152,-35.0,-1.7,8,0,47.78790481831772,0.005395569163620273,-0.35990019225977044,34.329748041365406,5
180.835298048,12.699651718139648,0.2632104754447937,-3.104671906863061,-35.0,-1.7,8,0,47.740035289081206,0.004213789823380054,-1.0,34.39520497677637,5
180.969432576,12.654760360717773,0.26205700635910034,-3.1030961947569935,-35.0,-1.7,8,0,47.69513447652329,0.002652619475552065,-1.0,34.529339504776374,5
181.091977984,12.601974487304688,0.260795533657074,-3.1042090448016815,-35.0,-1.7,8,0,47.64234140147623,0.003784592683010679,-1.0,34.65188491277638,5
181.174416128,12.56356430053711,0.26009202003479004,-3.1015731518489273,-35.0,-1.7,8,0,47.603934813188836,0.0011671417801233375,-1.0,34.73432305677636,5
181.261912832,12.520376205444336,0.25890547037124634,-3.101003917138994,-35.0,-1.7,8,0,47.56073449126717,0.0006103695860724123,-1.0,34.82181976077638,5
181.370835712,12.469301223754883,0.25791865587234497,-3.095435768068459,-35.0,-1.7,8,0,47.509662218696,0.0049342543491177615,-1.0,34.93074264077637,5
181.483619328,12.422073364257812,0.25693756341934204,-3.094560372494354,-35.0,-1.7,8,0,47.46243405886567,0.005789296008975153,-1.0,35.043526256776374,5
181.595682048,12.375511169433594,0.25596165657043457,-3.0925709805543855,-35.0,-1.7,8,0,47.4158712307082,0.007758763342585073,-1.0,35.15558897677636,5
181.700025088,12.341302871704102,0.25430017709732056,-3.0936027109911444,-35.0,-1.7,8,0,47.38162351347431,0.0067322866694916605,-1.0,35.25993201677636,5
181.808010752,12.313352584838867,0.25490057468414307,-3.09104630427835,-35.0,-1.7,8,0,47.35372180804988,0.009251679969374038,-1.0,35.36791768077637,5
181.91087488,12.280376434326172,0.2541493773460388,-3.0920308745597263,-35.0,-1.7,8,0,47.32074276213939,0.008254202128399335,-1.0,35.470781808776366,5
182.053023488,12.254470825195312,0.25386905670166016,-3.092038654991865,-35.0,-1.7,8,0,47.29484768196184,0.008229724060797139,-1.0,35.61293041677638,5
182.156075008,12.231304168701172,0.2532147765159607,-3.091110687586133,-35.0,-1.7,8,0,47.27167377446634,0.009151274278667465,-1.0,35.71598193677636,5
182.227584768,12.20741081237793,0.25307077169418335,-3.091552102038414,-35.0,-1.7,8,0,47.24779488026783,0.00869200997807118,-1.0,35.787491696776385,5
182.339840768,12.183475494384766,0.2521793246269226,-3.092597551888834,-35.0,-1.7,8,0,47.22384317105829,0.007644469586634006,-1.0,35.89974769677636,5
182.475299328,12.164154052734375,0.2527769207954407,-3.098438783872059,-35.0,-1.7,8,0,47.20456297025164,0.0017736681845583746,-1.0,36.03520625677638,5
182.598277888,12.144779205322266,0.252360463142395,-3.098561953312561,-35.0,-1.7,8,0,47.185187481842526,0.0016423308172814899,-1.0,36.158184816776384,5
182.680537344,12.121065139770508,0.2512807250022888,-3.0991609443347765,-35.0,-1.7,8,0,47.16144904871203,0.0010454094337939424,-1.0,36.24044427277636,5
182.799121152,12.100288391113281,0.2505650520324707,-3.0978379829637466,-35.0,-1.7,8,0,47.14066048061112,0.0023653040858948593,-1.0,36.35902808077637,5
182.90865408,12.071592330932617,0.25093400478363037,-3.0999272958368866,-35.0,-1.7,8,0,47.112004288297214,0.00024296333648443635,-1.0,36.46856100877636,5
183.004978688,12.043743133544922,0.24963712692260742,-3.0988368408396023,-35.0,-1.7,8,0,47.08412527531578,0.0013364451467317018,-1.0,36.564885616776365,5
183.112973056,12.009160995483398,0.2491704821586609,-3.1009703058821554,-35.0,-1.7,8,0,47.049553484255256,0.0008175454089678347,-1.0,36.67287998477636,5
183.252493312,11.983957290649414,0.24854528903961182,-3.100042759340241,-35.0,-1.7,8,0,47.02434551839086,0.00010108057188329411,-1.0,36.812400240776384,5
183.3566464,11.950281143188477,0.2475067377090454,-3.101156305385315,-35.0,-1.7,8,0,46.99065526163539,0.001020079271675467,-1.0,36.91655332877636,5
183.455328768,11.921735763549805,0.24783384799957275,-3.100950657865423,-35.0,-1.7,8,0,46.96214798924557,0.0008465827462500464,-1.0,37.01523569677636,5
183.6072256,11.889215469360352,0.24642199277877808,-3.100930101411801,-35.0,-1.7,8,0,46.92959712064525,0.0008247092870936612,-1.0,37.167132528776364,5
183.707512576,11.866182327270508,0.24605023860931396,-3.1005374389307256,-35.0,-1.7,8,0,46.90656838294775,0.0004444943932848666,-1.0,37.26741950477637,5
183.803271424,11.843940734863281,0.24584025144577026,-3.098194646095518,-35.0,-1.7,8,0,46.884337233830344,0.0018830919066394891,-1.0,37.36317835277637,5
183.916894464,11.824417114257812,0.24519824981689453,-3.0970560397219553,-35.0,-1.7,8,0,46.864803790489624,0.003018095572414836,-1.0,37.476801392776366,5
184.0288448,11.806333541870117,0.24530142545700073,-3.097830503232051,-35.0,-1.7,8,0,46.84674009222713,0.0022254093605846847,-1.0,37.58875172877637,5
184.164072192,11.799591064453125,0.24533993005752563,-3.1013612389235767,-35.0,-1.7,8,0,46.84000503035324,0.0013121250365082382,-1.0,37.72397912077636,5
184.235595776,11.79749870300293,0.24508202075958252,-3.101011365634625,-35.0,-1.7,8,0,46.837903763138705,0.0009586053915517923,-1.0,37.79550270477637,5
184.357238272,11.794443130493164,0.24503004550933838,-3.095573527908979,-35.0,-1.7,8,0,46.834848668175425,0.004477631789963521,-1.0,37.91714520077636,5
184.468417024,11.788177490234375,0.24472147226333618,-3.0964143258018297,-35.0,-1.7,8,0,46.828575618551085,0.0036378610014127233,-1.0,38.02832395277636,5
184.611027712,11.778614044189453,0.2445017695426941,-3.096360847480437,-35.0,-1.7,8,0,46.81901129911858,0.0036875450824971345,-1.0,38.17093464077638,5
184.692355072,11.773263931274414,0.24438607692718506,-3.096335874008908,-35.0,-1.7,8,0,46.81366099762765,0.0037102412323348766,-1.0,38.25226200077637,5
184.810750208,11.772340774536133,0.24424350261688232,-3.0964860576026583,-35.0,-1.7,8,0,46.812732715862715,0.003562281570798298,-1.0,38.37065713677637,5
184.910719488,11.775087356567383,0.2438780665397644,-3.094753551111917,-35.0,-1.7,8,0,46.81546175305851,0.005305023842486101,-1.0,38.47062641677638,5
185.011027712,11.779489517211914,0.24367254972457886,-3.0962227848602972,-35.0,-1.7,8,0,46.819851585321075,0.0038440798832262146,-1.0,38.57093464077636,5
185.110010368,11.787107467651367,0.24423342943191528,-3.0964712044067295,-35.0,-1.7,8,0,46.827486253456726,0.003590446610515219,-1.0,38.66991729677636,5
185.228429056,11.795204162597656,0.24474328756332397,-3.101412553150587,-35.0,-1.7,8,0,46.83559713587219,0.0013546012702470023,-1.0,38.78833598477638,5
185.355353856,11.802267074584961,0.24484938383102417,-3.101483456148258,-35.0,-1.7,8,0,46.84265836229373,0.0014215064837546088,-1.0,38.915260784776365,5
185.470952448,11.810138702392578,0.24429643154144287,-3.1011635573867222,-35.0,-1.7,8,0,46.85050025294219,0.0010828396031463683,-1.0,39.03085937677636,5
185.5492288,11.817220687866211,0.24466615915298462,-3.1028817728659344,-35.0,-1.7,8,0,46.85759148107084,0.002802666488140204,-1.0,39.10913572877638,5
185.685802752,11.825679779052734,0.24461036920547485,-3.0983271977679747,-35.0,-1.7,8,0,46.86604097060482,0.0017605888374894185,-1.0,39.24570968077637,5
185.763910912,11.833608627319336,0.2452663779258728,-3.09908158240131,-35.0,-1.7,8,0,46.87399021139558,0.0009992397352722726,-1.0,39.32381784077637,5
185.905061376,11.847230911254883,0.24530303478240967,-3.0979877006747967,-35.0,-1.7,8,0,46.88760228407472,0.0021043973269492255,-1.0,39.46496830477636,5
185.986074112,11.859506607055664,0.2452031970024109,-3.098618562846871,-35.0,-1.7,8,0,46.89986327202161,0.0014865214142480987,-1.0,39.54598104077638,5
186.091799296,11.874794006347656,0.24571871757507324,-3.099615207384636,-35.0,-1.7,8,0,46.915158898435465,0.0004924129040375647,-1.0,39.651706224776376,5
186.187702016,11.896692276000977,0.24602991342544556,-3.098342068230855,-35.0,-1.7,8,0,46.93705123731013,0.0017782767981660008,-0.937838613986969,39.74462822177757,5
186.31570688,11.896764755249023,0.24654561281204224,-3.1041653810090892,-35.0,-1.7,8,0,46.937145038145694,0.004055949531380776,0.0,39.80465217389624,5
186.4396032,11.823781967163086,0.2457790970802307,-3.1021397470552117,-35.0,-1.7,8,0,46.864193303662674,0.00207855788142286,0.0,39.80465217389624,5
186.571796224,11.746654510498047,0.24560171365737915,-3.0972068519691915,-35.0,-1.7,8,0,46.78712508748592,0.0027896812766528,-0.003438982214062403,39.804879478625416,5
186.653688576,11.654369354248047,0.24420326948165894,-3.093927744396438,-35.0,-1.7,8,0,46.69486166802149,0.006016526930926247,-0.3925944363982129,39.821095532685796,5
186.806023936,11.56309700012207,0.2425408959388733,-3.0981541466392133,-35.0,-1.7,8,0,46.60359929635448,0.0017442201855617512,-1.0,39.92716622008715,5
186.886446848,11.490345001220703,0.24117130041122437,-3.0954555565377735,-35.0,-1.7,8,0,46.53085346681347,0.0044070478078732656,-1.0,40.00758913208714,5
187.010486272,11.419281005859375,0.2402348518371582,-3.0937775767456386,-35.0,-1.7,8,0,46.45981231538953,0.006041355230583356,-1.0,40.13162855608716,5
187.110422528,11.33597183227539,0.23891901969909668,-3.093377423503907,-35.0,-1.7,8,0,46.37652091960294,0.006394837486776606,-1.0,40.231564812087136,5
187.212734976,11.255315780639648,0.2376064658164978,-3.0925130852442977,-35.0,-1.7,8,0,46.29588055953862,0.007214664694198625,-1.0,40.33387726008716,5
187.316551936,11.1910400390625,0.23670095205307007,-3.092472508376037,-35.0,-1.7,8,0,46.23162327312289,0.007216623160537949,-1.0,40.437694220087145,5
187.460041984,11.131389617919922,0.2351425290107727,-3.091803108534912,-35.0,-1.7,8,0,46.171959939858695,0.00786562585406081,-1.0,40.581184268087135,5
187.568374784,11.068391799926758,0.23375767469406128,-3.0924768900175184,-35.0,-1.7,8,0,46.10895945232333,0.007164589270439503,-1.0,40.68951706808716,5
187.659597312,11.015338897705078,0.23256051540374756,-3.0911564712478703,-35.0,-1.7,8,0,46.05590303116797,0.008462668389379147,-1.0,40.78073959608714,5
187.763529472,10.976642608642578,0.23134583234786987,-3.090956195167742,-35.0,-1.7,8,0,46.0171898564762,0.00865403194919745,-1.0,40.88467175608714,5
187.869665792,10.934690475463867,0.23067110776901245,-3.0922237159635513,-35.0,-1.7,8,0,45.975246383277224,0.0073628765881434965,-1.0,40.990808076087156,5
188.012692736,10.9051513671875,0.22929632663726807,-3.0898271936251502,-35.0,-1.7,8,0,45.945675600216966,0.009762296080428445,-1.0,41.13383502008714,5
188.1113344,10.887331008911133,0.228451669216156,-3.0908613789860446,-35.0,-1.7,8,0,45.92783549180039,0.008730192704815565,-1.0,41.23247668408715,5
188.21102976,10.895206451416016,0.2289382815361023,-3.09079484653798,-35.0,-1.7,8,0,45.93572442132674,0.008793339916006726,-1.0,41.33217204408715,5
188.323338496,10.914525985717773,0.22918003797531128,-3.0906579488318884,-35.0,-1.7,8,0,45.95503707007617,0.008942635064713489,-1.0,41.44448078008714,5
188.430112512,10.948728561401367,0.22923129796981812,-3.0913065972238645,-35.0,-1.7,8,0,45.98921166763362,0.008324093735413651,-1.0,41.55125479608714,5
188.548194304,10.988374710083008,0.2299700379371643,-3.0934369942729196,-35.0,-1.7,8,0,46.0288539160203,0.006213793914036536,-1.0,41.66933658808714,5
188.652355328,11.040443420410156,0.23151260614395142,-3.092038147506221,-35.0,-1.7,8,0,46.0809415191973,0.0076265728395141785,-1.0,41.77349761208715,5
188.76589952,11.082405090332031,0.23266708850860596,-3.090537506080151,-35.0,-1.7,8,0,46.122914706081446,0.009140339691701804,-1.0,41.887041804087154,5
188.91003008,11.138956069946289,0.2328614592552185,-3.0917514509499933,-35.0,-1.7,8,0,46.17942421300972,0.00797350301904931,-1.0,42.03117236408716,5
189.00430976,11.199216842651367,0.23439300060272217,-3.091070461732765,-35.0,-1.7,8,0,46.23969629176972,0.008675946609110863,-1.0,42.12545204408716,5
189.103611392,11.251422882080078,0.23476064205169678,-3.093214703470104,-35.0,-1.7,8,0,46.29187204422644,0.0065709486852782995,-1.0,42.224753676087154,5
189.206815744,11.307027816772461,0.23651301860809326,-3.0929195412592887,-35.0,-1.7,8,0,46.34750163595204,0.0068784773253565135,-1.0,42.32795802808716,5
189.3541056,11.37679672241211,0.23692667484283447,-3.0941033395687785,-35.0,-1.7,8,0,46.417226965596,0.005748577584400838,-1.0,42.475247884087146,5
189.44451584,11.452014923095703,0.23763394355773926,-3.0947957777485446,-35.0,-1.7,8,0,46.49240922682684,0.005108451144115289,-1.0,42.56565812408716,5
189.542567936,11.515998840332031,0.23818159103393555,-3.0965358435311305,-35.0,-1.7,8,0,46.55636042468949,0.0034139096354173226,-1.0,42.66371022008716,5
189.655492352,11.588502883911133,0.23873192071914673,-3.103366966940334,-35.0,-1.7,8,0,46.6288245876369,0.0033642732687244603,-0.974572375314581,42.775198936253226,5
189.771753472,11.6087646484375,0.237498939037323,-3.106717164116512,-35.0,-1.7,8,0,46.64901761229498,0.006670003087546839,-0.2843149795576198,42.84837876316886,5
189.875908096,11.573047637939453,0.23791927099227905,-3.1068715528740753,-35.0,-1.7,8,0,46.61334891838025,0.0068652261395838465,-0.06914176530979499,42.86678584034982,5
189.987785728,11.513887405395508,0.2385098934173584,-3.1054737026875556,-35.0,-1.7,8,0,46.55426448961134,0.005532883581803816,-0.07825834545813903,42.87503122802445,5
190.09925376,11.436380386352539,0.237254798412323,-3.098445544794624,-35.0,-1.7,8,0,46.476772473354885,0.001452815043693878,-1.0,42.93512689590235,5
190.20972032,11.358619689941406,0.2366316318511963,-3.0973314417988553,-35.0,-1.7,8,0,46.39905345623022,0.00251048126213238,-1.0,43.04559345590234,5
190.368022784,11.281322479248047,0.2357373833656311,-3.099072764283529,-35.0,-1.7,8,0,46.32178633910301,0.0007187978457467992,-1.0,43.203895919902344,5
190.462988032,11.219709396362305,0.23498696088790894,-3.0984240871698563,-35.0,-1.7,8,0,46.260195754265766,0.0013280246900460035,-1.0,43.29886116790234,5
190.567982848,11.149127960205078,0.23383796215057373,-3.097631410191638,-35.0,-1.7,8,0,46.18962806465578,0.0020816385521884584,-1.0,43.40385598390235,5
190.6719296,11.092506408691406,0.23217731714248657,-3.097017007540144,-35.0,-1.7,8,0,46.13298663884811,0.0026806204336207173,-1.0,43.50780273590234,5
190.780765696,11.023738861083984,0.2311549186706543,-3.0950025774900176,-35.0,-1.7,8,0,46.06423664919628,0.00465470087116282,-1.0,43.61663883190234,5
190.910061312,10.953641891479492,0.22967815399169922,-3.093148770680627,-35.0,-1.7,8,0,45.99413941871651,0.0064766946086884936,-1.0,43.74593444790235,5
190.999327232,10.902729034423828,0.22849023342132568,-3.0928740120147187,-35.0,-1.7,8,0,45.94322156083678,0.006730793693749959,-1.0,43.83520036790235,5
191.1100288,10.859121322631836,0.22699743509292603,-3.093173469119266,-35.0,-1.7,8,0,45.89958962342387,0.006423951482206647,-1.0,43.94590193590235,5
191.227958016,10.817911148071289,0.2257809042930603,-3.0934870967919834,-35.0,-1.7,8,0,45.85836471205548,0.006099100905677446,-1.0,44.06383115190234,5
191.339507968,10.796150207519531,0.22507178783416748,-3.094911549959936,-35.0,-1.7,8,0,45.83659318948133,0.004670167905062694,-1.0,44.17538110390233,5
191.476088064,10.786420822143555,0.2252734899520874,-3.0945517794771926,-35.0,-1.7,8,0,45.82688086389399,0.0050166242695275365,-1.0,44.31196119990235,5
191.59108224,10.794313430786133,0.22406959533691406,-3.09636293635646,-35.0,-1.7,8,0,45.83471595204642,0.0032389445269189743,-1.0,44.42695537590233,5
191.695055616,10.809206008911133,0.2244706153869629,-3.0973052623850434,-35.0,-1.7,8,0,45.84961223736082,0.00230151495303188,-1.0,44.53092875190233,5
191.808015104,10.831220626831055,0.22469455003738403,-3.0985724411001536,-35.0,-1.7,8,0,45.87161685897073,0.0010496026320758745,-1.0,44.64388823990233,5
191.89072768,10.862085342407227,0.22492706775665283,-3.097213930866598,-35.0,-1.7,8,0,45.90246416229118,0.0024312645137007927,-1.0,44.72660081590234,5
191.995042048,10.902263641357422,0.22538882493972778,-3.0998332958013313,-35.0,-1.7,8,0,45.942626497925495,0.00016146867618349603,-1.0,44.83091518390233,5
192.101958912,10.946260452270508,0.22555989027023315,-3.1006456103325895,-35.0,-1.7,8,0,45.9865918550059,0.0009374046151524595,-1.0,44.937832047902326,5
192.196624896,10.983243942260742,0.22587329149246216,-3.1013964280015593,-35.0,-1.7,8,0,46.023556048922856,0.0016613783387633418,-1.0,45.03249803190234,5
192.297908736,10.99864387512207,0.22639912366867065,-3.1018561980909887,-35.0,-1.7,8,0,46.03896449676053,0.002118562695037074,-1.0,45.13378187190235,5
192.41075584,11.024543762207031,0.225874662399292,-3.1018497486441072,-35.0,-1.7,8,0,46.064819784023705,0.0020772118696394948,-1.0,45.24662897590235,5
192.510789632,11.060110092163086,0.2259654402732849,-3.1024810150665734,-35.0,-1.7,8,0,46.10035883352006,0.002678190977890793,-1.0,45.34666276790235,5
192.669458944,11.120292663574219,0.22703999280929565,-3.1037758505804223,-35.0,-1.7,8,0,46.160533776242495,0.0039418164312894355,-1.0,45.50533207990235,5
192.77863424,11.137002944946289,0.2271321415901184,-3.106096968066366,-35.0,-1.7,8,0,46.17723334104299,0.006249820809230311,-1.0,45.61450737590234,5
192.884920832,11.137334823608398,0.2266252040863037,-3.105888340098964,-35.0,-1.7,8,0,46.177543777281706,0.006029924458371916,-1.0,45.720793967902345,5
192.979940352,11.12738037109375,0.22572392225265503,-3.1068231157120163,-35.0,-1.7,8,0,46.16756039173286,0.0069541910443122745,-1.0,45.81581348790234,5
193.08326656,11.108253479003906,0.2243860363960266,-3.1061425410682495,-35.0,-1.7,8,0,46.14839434369468,0.006261938686535906,-1.0,45.91913969590234,5
193.210236416,11.091148376464844,0.2225823998451233,-3.1058617977262535,-35.0,-1.7,8,0,46.131228920824256,0.0059575934223072835,-1.0,46.046109551902326,5
193.310020864,11.08218002319336,0.22101372480392456,-3.1057477865370764,-35.0,-1.7,8,0,46.122202998348705,0.005817704378538124,-1.0,46.145893999902334,5
193.40989568,11.078561782836914,0.21853119134902954,-3.1067427003537746,-35.0,-1.7,8,0,46.118484557787646,0.006762103143728826,-1.0,46.245768815902345,5
193.500914176,11.080961227416992,0.21700996160507202,-3.1051319191304625,-35.0,-1.7,8,0,46.1208186704833,0.0051162026415525474,-1.0,46.33678731190235,5
193.611895552,11.087005615234375,0.21359294652938843,-3.104127683682397,-35.0,-1.7,8,0,46.12671595229441,0.004032505719437918,-1.0,46.44776868790233,5
193.709996544,11.090877532958984,0.210191011428833,-3.1048691441910403,-35.0,-1.7,8,0,46.13044354283152,0.004696801674336282,-1.0,46.545869679902346,5
193.811313664,11.08397102355957,0.20815026760101318,-3.105860662307572,-35.0,-1.7,8,0,46.12345848637138,0.005650312981164696,-1.0,46.64718679990235,5
193.948572672,11.070123672485352,0.20654082298278809,-3.1056489750732927,-35.0,-1.7,8,0,46.10955641846704,0.00541617497840452,-1.0,46.78444580790235,5
194.05042816,11.048883438110352,0.20493561029434204,-3.105294560513791,-35.0,-1.7,8,0,46.08826798195004,0.005046016772896511,-1.0,46.886301295902335,5
194.151229696,11.03177261352539,0.2040368914604187,-3.1052317800281504,-35.0,-1.7,8,0,46.07113463360055,0.004979096590021825,-1.0,46.98710283190234,5
194.252030208,11.013895034790039,0.20317131280899048,-3.1057424009355,-35.0,-1.7,8,0,46.053236556387375,0.0054869817278455635,-1.0,47.08790334390235,5
194.352326656,10.993278503417969,0.20241934061050415,-3.106535191655339,-35.0,-1.7,8,0,46.03260656144184,0.00628195911252627,-1.0,47.18819979190234,5
194.468496896,10.958602905273438,0.20180994272232056,-3.1067564043510436,-35.0,-1.7,8,0,45.99793541087301,0.006521089648330314,-1.0,47.304370031902344,5
194.587698944,10.919137954711914,0.20109409093856812,-3.1056565175050586,-35.0,-1.7,8,0,45.95847461836028,0.005441143856395492,-1.0,47.42357207990235,5
194.701210624,10.883333206176758,0.20052772760391235,-3.104999727883067,-35.0,-1.7,8,0,45.92267709696849,0.004804283425847267,-1.0,47.53708375990234,5
194.80710912,10.864265441894531,0.19897979497909546,-3.101098571153213,-35.0,-1.7,8,0,45.90356161330295,0.0008866251516654877,-1.0,47.642982255902346,5
194.874929408,10.853750228881836,0.19911950826644897,-3.1029978622455556,-35.0,-1.7,8,0,45.89306118531819,0.0027984365782951492,-1.0,47.71080254390235,5
194.980014848,10.846216201782227,0.19770914316177368,-3.1024292262943938,-35.0,-1.7,8,0,45.88547526192356,0.002205884815881465,-1.0,47.815887983902336,5
195.083772416,10.84481430053711,0.19798535108566284,-3.102373945735553,-35.0,-1.7,8,0,45.88408598461636,0.002157882395977584,-1.0,47.91964555190233,5
195.210409472,10.856233596801758,0.1992442011833191,-3.103852707203353,-35.0,-1.7,8,0,45.89554758601513,0.003653756981898404,-1.0,48.04628260790235,5
195.307906048,10.871950149536133,0.19997841119766235,-3.104511976233496,-35.0,-1.7,8,0,45.91128105906592,0.004314838214549699,-0.9955667853355408,48.14356307227712,5
195.403733504,10.897390365600586,0.2009657621383667,-3.1027131184722543,-35.0,-1.7,8,0,45.93674034148644,0.002514537054969068,-0.0064945048190200635,48.19157556437291,5
195.509525504,10.92270278930664,0.20119315385818481,-3.104723269010073,-35.0,-1.7,8,0,45.96204049956082,0.004506840513918142,0.399006886025243,48.21302496594301,6
195.643684352,10.948307037353516,0.20207369327545166,-3.1053737128216525,-35.0,-1.7,8,0,45.98765925695242,0.005153385038385139,1.0,48.30686954202962,6
195.766035712,10.981315612792969,0.20321869850158691,-3.103951945355158,-35.0,-1.7,8,0,46.020686945085956,0.003726810460849883,1.0,48.4292209020296,6
195.854548992,11.010700225830078,0.2061346173286438,-3.1055774555815945,-35.0,-1.7,8,0,46.050167040419936,0.005389197911922938,1.0,48.5177341820296,6
195.967220992,11.04722785949707,0.20913130044937134,-3.106068469424136,-35.0,-1.7,8,0,46.086787432699175,0.005912371564453789,1.0,48.6304061820296,6
196.092247552,11.089067459106445,0.2142091989517212,-3.108496360619985,-35.0,-1.7,8,0,46.12880158975969,0.008412676238327421,0.9868609309196472,48.754611375725254,6
196.173297152,11.127668380737305,0.21680814027786255,-3.114812376724998,-35.0,-1.7,8,0,46.167477120695125,0.014750241675101528,-0.07686327397823334,48.7977185863839,7
196.284827648,11.146955490112305,0.21777397394180298,-3.116145689750595,-35.0,-1.7,8,0,46.18678769974737,0.016087110424120254,-1.0,48.85777013391939,7
196.387704064,11.14828109741211,0.21790558099746704,-3.1152761299417877,-35.0,-1.7,8,0,46.188117628491696,0.015219205835661498,-1.0,48.960646549919375,7
196.500816384,11.121238708496094,0.2160213589668274,-3.1139826688236023,-35.0,-1.7,8,0,46.1610203294305,0.01390928722796314,-1.0,49.073758869919374,7
196.597787648,11.084030151367188,0.21428102254867554,-3.1126693001481898,-35.0,-1.7,8,0,46.12377160234633,0.01259170362823081,-1.0,49.17073013391939,7
196.707843328,11.037590026855469,0.2100907564163208,-3.10917093575629,-35.0,-1.7,8,0,46.077197638078744,0.009044307499452398,-1.0,49.28078581391938,7
196.835327232,10.97823715209961,0.20707088708877563,-3.1047223434249673,-35.0,-1.7,8,0,46.01777059987907,0.004583614388700585,-1.0,49.40826971791938,7
196.931847168,10.918621063232422,0.2053726315498352,-3.1052547466866502,-35.0,-1.7,8,0,45.95813535396961,0.005132855072618625,-1.0,49.504789653919374,7
197.044023296,10.865694046020508,0.20118498802185059,-3.1030407621457115,-35.0,-1.7,8,0,45.90508027094431,0.0028755256908050697,-1.0,49.61696578191939,7
197.189373184,10.805194854736328,0.1998482346534729,-3.1019944764457823,-35.0,-1.7,8,0,45.844577640055526,0.0018547610449752838,-1.0,49.76231566991939,7
197.289708288,10.75629997253418,0.1998051404953003,-3.1024276522086827,-35.0,-1.7,8,0,45.79572301807652,0.002331242139543388,-1.0,49.8626507739194,7
197.392130048,10.704641342163086,0.19868969917297363,-3.0990010819016325,-35.0,-1.7,8,0,45.74406259602998,0.0010728434383735497,-1.0,49.9650725339194,7
197.469782784,10.648189544677734,0.19724756479263306,-3.0969295283987326,-35.0,-1.7,8,0,45.68759959801935,0.0031246488707319386,-1.0,50.04272526991937,7
197.611366912,10.609321594238281,0.19448882341384888,-3.102625889430215,-35.0,-1.7,8,0,45.64865062834487,0.002546688189810631,-1.0,50.18430939791938,7
197.682866688,10.555227279663086,0.19471627473831177,-3.1014103759342206,-35.0,-1.7,8,0,45.59461242585047,0.0013853971562216572,-1.0,50.255809173919374,7
197.797522944,10.511404037475586,0.19644033908843994,-3.1020398515170586,-35.0,-1.7,8,0,45.55089882123152,0.002092668807067266,-1.0,50.37046542991939,7
197.896023296,10.465791702270508,0.1989474892616272,-3.100348424527293,-35.0,-1.7,8,0,45.50543062845602,0.000498020914832864,-1.0,50.468965781919394,7
198.00357248,10.412027359008789,0.20328795909881592,-3.096641078516209,-35.0,-1.7,8,0,45.45189472299932,0.0030645504509441146,-1.0,50.57651496591939,7
198.109188352,10.373695373535156,0.20627135038375854,-3.0956194151667438,-35.0,-1.7,8,0,45.41372152017119,0.003985232915022507,-1.0,50.682130837919374,7
198.219297024,10.346353530883789,0.20609307289123535,-3.095535102032547,-35.0,-1.7,8,0,45.386396302751564,0.004048183441564657,1.0,50.7922395099194,8
198.315238144,10.336648941040039,0.2071964144706726,-3.0953723992611097,-35.0,-1.7,8,0,45.376746637088,0.004177610757210015,1.0,50.88818062991939,8
198.428680704,10.331087112426758,0.20662373304367065,-3.095504428199714,-35.0,-1.7,8,0,45.37116565456335,0.004053040526536655,1.0,51.00162318991937,8
198.563537664,10.326803207397461,0.20754307508468628,-3.0947634445271825,-35.0,-1.7,8,0,45.36692418034796,0.004769809384518542,1.0,51.13648014991938,8
198.664670464,10.32516098022461,0.2080489993095398,-3.095051093201656,-35.0,-1.7,8,0,45.365304681739346,0.0044694962402904714,1.0,51.237612949919395,8
198.795091968,10.32553482055664,0.2079485058784485,-3.0956192805604776,-35.0,-1.7,8,0,45.36567396469027,0.0039038687045529485,1.0,51.36803445391939,8
198.90998656,10.327003479003906,0.2072892189025879,-3.0946526275323953,-35.0,-1.7,8,0,45.36711360170685,0.004886402644969756,1.0,51.48292904591938,8
199.01086976,10.329082489013672,0.20678669214248657,-3.095006971884964,-35.0,-1.7,8,0,45.36916965060235,0.00454505140215522,1.0,51.583812245919376,8
199.110584832,10.332395553588867,0.20639973878860474,-3.0960149182693493,-35.0,-1.7,8,0,45.3724635279053,0.0035486947289715687,1.0,51.683527317919385,8
199.262065408,10.333444595336914,0.2067701816558838,-3.096147332850078,-35.0,-1.7,8,0,45.373527209201335,0.003409094493655118,1.0,51.835007893919396,8
199.360772864,10.332450866699219,0.20654648542404175,-3.0959934052973637,-35.0,-1.7,8,0,45.3725249582033,0.003567027517080046,1.0,51.933715349919396,8
199.443961856,10.330501556396484,0.20640075206756592,-3.09532345062451,-35.0,-1.7,8,0,45.37057124592931,0.004238386071832245,0.6949966197275348,52.004217880038645,8
199.55548672,10.334371566772461,0.20764034986495972,-3.09514125641804,-35.0,-1.7,8,0,45.37448993717307,0.004396868910519824,0.0,52.04297258178644,8
199.694123264,10.355951309204102,0.20668786764144897,-3.09583190951869,-35.0,-1.7,8,0,45.39601059330549,0.0037471643085926765,0.0,52.04297258178644,8
199.81066752,10.390399932861328,0.20438331365585327,-3.0979516881204527,-35.0,-1.7,8,0,45.43033217873746,0.0017099165717597842,0.0,52.04297258178644,8
199.89360128,10.419881820678711,0.20142221450805664,-3.099165694331689,-35.0,-1.7,8,0,45.45966422051801,0.0005881754650922666,0.0,52.04297258178644,8
200.008014592,10.44913101196289,0.1994009017944336,-3.099467873089069,-35.0,-1.7,8,0,45.48880338641922,0.0003572876010968784,0.0,52.04297258178644,8
200.111039744,10.479846954345703,0.1980893611907959,-3.1025197745617215,-35.0,-1.7,8,0,45.51943785037084,0.0026376502575762295,0.0,52.04297258178644,8
200.212455424,10.514730453491211,0.19621962308883667,-3.1028750933435214,-35.0,-1.7,8,0,45.55421316533683,0.002920029589712936,0.0,52.04297258178644,8
200.312677632,10.543628692626953,0.19523143768310547,-3.1030325628073743,-35.0,-1.7,8,0,45.58304527666241,0.003029449734032408,0.0,52.04297258178644,8
200.410961408,10.578283309936523,0.19454193115234375,-3.102968464311222,-35.0,-1.7,8,0,45.617641309144126,0.002918663938950239,-0.004412238544644945,52.043189407518824,9
200.51087232,10.606836318969727,0.19430673122406006,-3.101799987879231,-35.0,-1.7,8,0,45.64615993725274,0.0017190604786940789,-0.009818928316235542,52.04390033194877,9
200.625586176,10.640901565551758,0.19491976499557495,-3.0996919783356134,-35.0,-1.7,8,0,45.68022128484226,0.00040648828460732034,-0.009818928316235542,52.04502669907771,9
200.775105792,10.669485092163086,0.19604605436325073,-3.0986371268119646,-35.0,-1.7,8,0,45.708826928981374,0.0014626609966965631,-0.009818928316235542,52.04649482146908,9
200.878079744,10.699695587158203,0.19645780324935913,-3.100745531355628,-35.0,-1.7,8,0,45.73902850912372,0.0006273398796370344,-0.009818928316235542,52.04750591532221,9
200.996130304,10.733642578125,0.19720059633255005,-3.098433972535243,-35.0,-1.7,8,0,45.772977110587995,0.0016987553616920614,-0.01186765198032004,52.048785971796455,9
201.075793408,10.768880844116211,0.198161780834198,-3.0981991893490375,-35.0,-1.7,8,0,45.80822493689455,0.001944457959357937,-0.14053452014923096,52.05485638684055,9
201.209752064,10.810728073120117,0.19934040307998657,-3.1018072996769046,-35.0,-1.7,8,0,45.85008506596392,0.0016515167421760069,-1.0,52.131248622560946,9
201.352123648,10.83686637878418,0.19968700408935547,-3.101202832778906,-35.0,-1.7,8,0,45.87621529878006,0.0010309962928203298,-1.0,52.273620206560935,9
201.429929216,10.869827270507812,0.2009437084197998,-3.099928514154567,-35.0,-1.7,8,0,45.90919995827419,0.0002457020348458627,-1.0,52.35142577456094,9
201.555757824,10.907854080200195,0.20205914974212646,-3.1007232474295567,-35.0,-1.7,8,0,45.94724034431308,0.0005390181020987761,-1.0,52.47725438256094,9
201.686121216,10.947492599487305,0.20278584957122803,-3.101250029815654,-35.0,-1.7,8,0,45.986874977207016,0.0010459073621054138,-1.0,52.607617774560936,9
201.803371776,10.990776062011719,0.2049216628074646,-3.1041989997428443,-35.0,-1.7,8,0,46.0302097467255,0.0040023301478155915,-1.0,52.72486833456094,9
201.910481408,11.032781600952148,0.20408010482788086,-3.1107896887745943,-35.0,-1.7,8,0,46.072144544904354,0.010537037390903947,-1.0,52.83197796656094,9
202.05709568,11.054039001464844,0.20459675788879395,-3.109429446540222,-35.0,-1.7,8,0,46.09340513737953,0.00916893461652446,-1.0,52.978592238560935,9
202.15546496,11.056770324707031,0.20520299673080444,-3.110821813629021,-35.0,-1.7,8,0,46.096159180582134,0.010571993741117502,-1.0,53.07696151856092,9
202.26021504,11.038286209106445,0.2053765058517456,-3.1081165226809535,-35.0,-1.7,8,0,46.07769804038232,0.007887045148238236,-1.0,53.18171159856092,9
202.385978112,11.021505355834961,0.20439547300338745,-3.1037950986111222,-35.0,-1.7,8,0,46.06089097417398,0.003559405778335911,-1.0,53.307474670560936,9
202.477730048,11.022830963134766,0.2036767601966858,-3.1034239344213286,-35.0,-1.7,8,0,46.0621857391569,0.003171461974166956,-1.0,53.399226606560944,9
202.59624192,11.043649673461914,0.20488399267196655,-3.104015572569477,-35.0,-1.7,8,0,46.08303655661189,0.00377060390087669,-1.0,53.51773847856094,9
202.710593536,11.069498062133789,0.20620518922805786,-3.106075143734113,-35.0,-1.7,8,0,46.108917466368574,0.005835631728321911,-1.0,53.63209009456094,9
202.79603968,11.095840454101562,0.20690900087356567,-3.1114437821550367,-35.0,-1.7,8,0,46.13526643585792,0.011195907343507283,-1.0,53.71753623856094,9
202.911858944,11.101898193359375,0.2073901891708374,-3.112725292430241,-35.0,-1.7,8,0,46.14133888786299,0.01248241081030299,-1.0,53.83335550256092,9
203.027307008,11.070777893066406,0.20640188455581665,-3.1106331450031726,-35.0,-1.7,8,0,46.11020433502431,0.010396747648997007,-1.0,53.94880356656094,9
203.140282624,11.032100677490234,0.20569437742233276,-3.109899475666405,-35.0,-1.7,8,0,46.07153094745969,0.009682443562673448,-1.0,54.06177918256094,9
203.243153152,10.998067855834961,0.20540207624435425,-3.108965442956236,-35.0,-1.7,8,0,46.03751517558429,0.008772644923180195,-1.0,54.16464971056092,9
203.390066688,10.955373764038086,0.20385140180587769,-3.1048253638109533,-35.0,-1.7,8,0,45.99479348744375,0.004637298457638828,-1.0,54.31156324656092,9
203.495002368,10.925270080566406,0.20244282484054565,-3.1004242991260846,-35.0,-1.7,8,0,45.9646572996553,0.00023272465853674262,-1.0,54.416498926560934,9
203.60114816,10.909795761108398,0.20118552446365356,-3.1011041724169957,-35.0,-1.7,8,0,45.949144205579245,0.0008991972108112201,-1.0,54.52264471856094,9
203.676833792,10.906496047973633,0.20114940404891968,-3.1004611735218197,-35.0,-1.7,8,0,45.945845823742694,0.00025838434564029455,-1.0,54.59833035056093,9
203.806646272,10.918819427490234,0.2015668749809265,-3.1006132528344352,-35.0,-1.7,8,0,45.95817592327267,0.0004084443441580987,-1.0,54.72814283056093,9
203.909987584,10.939964294433594,0.20223850011825562,-3.1009525342051734,-35.0,-1.7,8,0,45.979330472345566,0.000743292404034257,-1.0,54.831484142560925,9
204.006946816,10.96942138671875,0.20424944162368774,-3.1009368146085334,-35.0,-1.7,8,0,46.00884554697759,0.0007447549976125067,-1.0,54.92844337456094,9
204.110217472,11.007431030273438,0.20527595281600952,-3.1018731980152756,-35.0,-1.7,8,0,46.046865110034865,0.0016692474595436657,-1.0,55.03171403056092,9
204.19748352,11.061046600341797,0.20779526233673096,-3.102905987873824,-35.0,-1.7,8,0,46.100539006413506,0.0027085167781968345,-1.0,55.118980078560924,9
204.311068672,11.10934066772461,0.20833104848861694,-3.107216827879109,-35.0,-1.7,8,0,46.14881389811561,0.006987649713460886,-1.0,55.23256523056094,9
204.405046528,11.151979446411133,0.21044069528579712,-3.112872086986135,-35.0,-1.7,8,0,46.191503444596385,0.012650370303693315,-1.0,55.326543086560946,9
204.510893568,11.181114196777344,0.2103014588356018,-3.1133451188129406,-35.0,-1.7,8,0,46.22060752650726,0.013094321910642304,-1.0,55.43239012656093,9
204.651766528,11.166412353515625,0.21044331789016724,-3.114577884117425,-35.0,-1.7,8,0,46.20592411440021,0.014343305183532884,-1.0,55.57326308656093,9
204.731616768,11.113832473754883,0.20954066514968872,-3.112234544154775,-35.0,-1.7,8,0,46.153351893111626,0.01202752772269422,-1.0,55.65311332656094,9
204.832150528,11.065916061401367,0.20788449048995972,-3.1110740959199377,-35.0,-1.7,8,0,46.105407988707015,0.010874187735992358,-1.0,55.75364708656093,9
204.968108544,11.020662307739258,0.20579415559768677,-3.11003674174218,-35.0,-1.7,8,0,46.06010649799328,0.009832146157979782,-1.0,55.88960510256092,9
205.06952192,10.96638298034668,0.2041340470314026,-3.101721639397313,-35.0,-1.7,8,0,46.00580496812298,0.0015298071530081003,-1.0,55.99101847856093,9
205.187103744,10.935182571411133,0.20230185985565186,-3.100855105697951,-35.0,-1.7,8,0,45.974555465331946,0.0006515438435443777,-1.0,56.108600302560944,9
205.275169536,10.924785614013672,0.2021065354347229,-3.1003418678092194,-35.0,-1.7,8,0,45.96415933056168,0.0001434195179221831,-1.0,56.196666094560925,9
205.410106624,10.945585250854492,0.2024056315422058,-3.1017178245571726,-35.0,-1.7,8,0,45.984953530806806,0.0015071570802711598,-1.0,56.33160318256094,9
205.509852416,10.982000350952148,0.20500963926315308,-3.100805210144431,-35.0,-1.7,8,0,46.021445196784605,0.0006183419916290234,-1.0,56.43134897456093,9
205.613490432,11.027130126953125,0.2064264416694641,-3.102344567476649,-35.0,-1.7,8,0,46.06659494146461,0.0021478763305045057,-1.0,56.534986990560924,9
205.709970432,11.079345703125,0.20841675996780396,-3.1051088604226518,-35.0,-1.7,8,0,46.11884815298221,0.004908433633906029,-1.0,56.63146699056094,9
205.81167616,11.142351150512695,0.21047502756118774,-3.1086268245620494,-35.0,-1.7,8,0,46.18188480917767,0.00841447347619928,-1.0,56.73317271856092,9
205.926189824,11.189380645751953,0.21228092908859253,-3.1122633527570667,-35.0,-1.7,8,0,46.22894875280987,0.012047947658534675,-1.0,56.84768638256094,9
206.024427008,11.217588424682617,0.21352577209472656,-3.1188713595835824,-35.0,-1.7,8,0,46.25718388179103,0.018657618016123756,-1.0,56.945923566560936,9
206.168015872,11.187822341918945,0.21242541074752808,-3.115162354551419,-35.0,-1.7,8,0,46.2273977597738,0.014951466642534772,-1.0,57.089512430560944,9
206.274895616,11.133569717407227,0.2110828161239624,-3.114278285615167,-35.0,-1.7,8,0,46.173136046850416,0.014086954174425959,-1.0,57.19639217456094,9
206.37520768,11.064483642578125,0.2085568904876709,-3.1112753355903413,-35.0,-1.7,8,0,46.10400462716418,0.011091285006451734,-1.0,57.29670423856092,9
206.493006592,11.013357162475586,0.2069389820098877,-3.10582658974895,-35.0,-1.7,8,0,46.052854999909094,0.005653395160193142,-1.0,57.41450315056093,9
206.57864064,10.971965789794922,0.2038276195526123,-3.1024108572300513,-35.0,-1.7,8,0,46.011370314119596,0.0022073489201521745,-1.0,57.500137198560935,9
206.679254784,10.949264526367188,0.2026587724685669,-3.1007994831339483,-35.0,-1.7,8,0,45.98864012904184,0.0005910055877054177,-1.0,57.600751342560926,9
206.790101504,10.966129302978516,0.20355606079101562,-3.1024896216008835,-35.0,-1.7,8,0,46.00552758935294,0.0022854649349892675,-1.0,57.71159806256094,9
206.910766592,11.006998062133789,0.20517081022262573,-3.1029290291634917,-35.0,-1.7,8,0,46.04642816229405,0.002723186220449314,-1.0,57.83226315056092,9
207.010051328,11.055688858032227,0.2080506682395935,-3.104068539057091,-35.0,-1.7,8,0,46.09519642587982,0.003881414126142513,-1.0,57.931547886560935,9
207.11081344,11.125297546386719,0.20955902338027954,-3.107541690152894,-35.0,-1.7,8,0,46.164807910425466,0.007324795820124574,-1.0,58.03230999856092,9
207.2289856,11.182689666748047,0.21307319402694702,-3.1109756654403546,-35.0,-1.7,8,0,46.22229628546013,0.010783373908656468,-1.0,58.15048215856092,9
207.329142784,11.226512908935547,0.2143048644065857,-3.119755212894865,-35.0,-1.7,8,0,46.26613295742227,0.01955031678993402,-1.0,58.25063934256093,9
207.453402112,11.208253860473633,0.213983416557312,-3.1191964692344722,-35.0,-1.7,8,0,46.24787624694601,0.019000964107038776,-1.0,58.374898670560924,9
207.577102336,11.150768280029297,0.2112826704978943,-3.11633434674587,-35.0,-1.7,8,0,46.19032814652331,0.016131927340654162,-1.0,58.49859889456093,9
207.663956736,11.073314666748047,0.20842760801315308,-3.1065155673904354,-35.0,-1.7,8,0,46.11282273203634,0.006320787740273559,-1.0,58.58545329456092,9
207.791099136,11.030696868896484,0.20633095502853394,-3.1054778329796138,-35.0,-1.7,8,0,46.070154676822355,0.005275867021822034,-1.0,58.712595694560946,9
207.890180096,11.010282516479492,0.20485204458236694,-3.105457219011743,-35.0,-1.7,8,0,46.049696617437206,0.005241508751467894,-1.0,58.81167665456093,9
208.006638592,11.032649993896484,0.20559364557266235,-3.1065807638451464,-35.0,-1.7,8,0,46.072075627245454,0.006361054035666225,-1.0,58.928135150560934,9
208.094206464,11.066953659057617,0.20758730173110962,-3.11592508109948,-35.0,-1.7,8,0,46.10643240090788,0.01571780147224411,-1.0,59.01570302256093,9
208.195463168,11.050195693969727,0.2078426480293274,-3.118475393746406,-35.0,-1.7,8,0,46.089699359212005,0.01828869278130929,-1.0,59.116959726560935,9
208.295815424,10.993812561035156,0.20581644773483276,-3.1165149116608584,-35.0,-1.7,8,0,46.033280680743275,0.0163349333681575,-1.0,59.21731198256094,9
208.41031936,10.911397933959961,0.20289480686187744,-3.113338048604677,-35.0,-1.7,8,0,45.95081575876978,0.01316879697262241,-1.0,59.33181591856092,9
208.544429568,10.842731475830078,0.20007503032684326,-3.112754897503494,-35.0,-1.7,8,0,45.88209143321535,0.012586217494468421,-1.0,59.46592612656093,9
208.657327872,10.758085250854492,0.19750970602035522,-3.1099375444962774,-35.0,-1.7,8,0,45.797411596168935,0.009789438939036277,-1.0,59.57882443056093,9
208.761140736,10.69143295288086,0.19401782751083374,-3.0999673375215284,-35.0,-1.7,8,0,45.73067186056351,0.00019667194356864925,-1.0,59.68263729456092,9
208.84333952,10.639564514160156,0.19118237495422363,-3.0998981884008856,-35.0,-1.7,8,0,45.678730496999634,0.00028081261832646476,-1.0,59.76483607856093,9
208.99532288,10.628122329711914,0.19078797101974487,-3.0988418210816873,-35.0,-1.7,8,0,45.667281794371206,0.001335435549783881,-1.0,59.916819438560935,9
209.100033792,10.651931762695312,0.1921325922012329,-3.0992412102625826,-35.0,-1.7,8,0,45.69112648438709,0.0009282183078855866,-1.0,60.02153035056094,9
209.192956928,10.703245162963867,0.1942397952079773,-3.0993761007391107,-35.0,-1.7,8,0,45.74248312922823,0.0007937555147305986,-1.0,60.11445348656093,9
209.291371008,10.764249801635742,0.19712072610855103,-3.0999459716932853,-35.0,-1.7,8,0,45.8035547414821,0.00021619521323668067,-1.0,60.21286756656093,9
209.39508224,10.850690841674805,0.2006840705871582,-3.1020875161564536,-35.0,-1.7,8,0,45.89006919361776,0.0019249137917869419,-1.0,60.316578798560926,9
209.4969216,10.924938201904297,0.20356976985931396,-3.1040973456339755,-35.0,-1.7,8,0,45.96437236292312,0.0039305667959208535,-1.0,60.41841815856094,9
209.597254912,10.99997329711914,0.2062135934829712,-3.1052553262497136,-35.0,-1.7,8,0,46.03945257710666,0.005078426742510356,-1.0,60.51875147056094,9
209.71010688,11.091711044311523,0.20941239595413208,-3.1085334894378267,-35.0,-1.7,8,0,46.131244105162956,0.008343534951151366,-1.0,60.631603438560944,9
209.856018176,11.16048812866211,0.21178066730499268,-3.1159344321570974,-35.0,-1.7,8,0,46.200060276976224,0.015734077215503905,-1.0,60.777514734560924,9
209.996210688,11.193254470825195,0.2146027684211731,-3.1239997196210156,-35.0,-1.7,8,0,46.232915356564504,0.023831026038030778,-1.0,60.91770724656092,9
210.101001984,11.150556564331055,0.21235108375549316,-3.120891021692266,-35.0,-1.7,8,0,46.19016083393801,0.020711902891606293,-1.0,61.022498542560925,9
210.189358336,11.063482284545898,0.2088739275932312,-3.1169499080485634,-35.0,-1.7,8,0,46.10301725321369,0.016773627418720682,-1.0,61.11085489456093,9
210.277891584,10.991765975952148,0.20516932010650635,-3.1058985025396466,-35.0,-1.7,8,0,46.03120906216808,0.0057063185616237355,-1.0,61.199388142560935,9
210.394725376,10.938875198364258,0.20196372270584106,-3.1052061616493405,-35.0,-1.7,8,0,45.97823094132021,0.00499192869252818,-1.0,61.31622193456093,9
210.510025472,10.909639358520508,0.20148319005966187,-3.1068075263764627,-35.0,-1.7,8,0,45.949000254102316,0.0066091646326218445,-1.0,61.43152203056093,9
210.611808512,10.861820220947266,0.19967514276504517,-3.1130664289639114,-35.0,-1.7,8,0,45.901147258282414,0.012871822586153048,-1.0,61.53330507056094,9
210.753106944,10.785697937011719,0.19814574718475342,-3.113643705033177,-35.0,-1.7,8,0,45.825026926962465,0.01348450133254575,-1.0,61.67460350256093,9
210.872037632,10.661470413208008,0.19391340017318726,-3.1106205905579603,-35.0,-1.7,8,0,45.70073071914306,0.010481451911966477,-1.0,61.79353419056093,9
210.950068224,10.550329208374023,0.1903436779975891,-3.1087885323179165,-35.0,-1.7,8,0,45.589537069509674,0.008672188785884938,-1.0,61.87156478256094,9
211.07572352,10.431976318359375,0.1865951418876648,-3.106507087644206,-35.0,-1.7,8,0,45.47113054918869,0.006416301461148688,-1.0,61.99722007856093,9
211.161185024,10.288307189941406,0.1803656816482544,-3.1007347226723745,-35.0,-1.7,8,0,45.327326671967086,0.0006381282807335076,-1.0,62.08268158256092,9
211.267143424,10.174095153808594,0.17636746168136597,-3.0952542251982407,-35.0,-1.7,8,0,45.213047097233,0.004825931211501988,-1.0,62.18863998256094,9
211.365875712,10.073572158813477,0.17112350463867188,-3.0954265685290476,-35.0,-1.7,8,0,45.11239309020723,0.004677254928294072,-1.0,62.28737227056092,9
211.505150208,9.969442367553711,0.17012792825698853,-3.1020174268908485,-35.0,-1.7,8,0,45.008311735909196,0.00198746233058289,-1.0,62.426646766560935,9
211.581443328,9.881887435913086,0.1687963604927063,-3.105588979870219,-35.0,-1.7,8,0,44.920777148742246,0.005610384700911908,-1.0,62.50293988656094,9
211.691364096,9.776117324829102,0.16658943891525269,-3.0994701693633435,-35.0,-1.7,8,0,44.815006848379824,0.0004594412689775673,-1.0,62.61286065456093,9
211.811687168,9.697481155395508,0.16505855321884155,-3.0906920441732835,-35.0,-1.7,8,0,44.736375188920604,0.009198544139091158,-1.0,62.733183726560924,9
211.912387584,9.61381721496582,0.16313153505325317,-3.082789435752803,-35.0,-1.7,8,0,44.652703676342945,0.017066157923059322,-1.0,62.83388414256092,9
212.048918528,9.555868148803711,0.1621130108833313,-3.0830164614387434,-35.0,-1.7,8,0,44.594762600095564,0.016807732040033052,-1.0,62.970415086560934,9
212.169028608,9.494403839111328,0.16115623712539673,-3.089194212841548,-35.0,-1.7,8,0,44.533311975833506,0.01059381481438848,-1.0,63.09052516656092,9
212.249606912,9.447866439819336,0.16054707765579224,-3.096589200192111,-35.0,-1.7,8,0,44.48678979742404,0.003168789677148176,-1.0,63.17110347056092,9
212.351556096,9.402229309082031,0.16001546382904053,-3.1036386795602215,-35.0,-1.7,8,0,44.44117038447555,0.003911685914975482,-1.0,63.27305265456093,9
212.487000064,9.333427429199219,0.15849608182907104,-3.0997853589807898,-35.0,-1.7,8,0,44.37236522100493,8.9049840997113e-05,-1.0,63.40849662256093,9
212.597104896,9.275487899780273,0.15763956308364868,-3.099943367870916,-35.0,-1.7,8,0,44.314440688221744,0.00028250941574547994,-1.0,63.51860145456092,9
212.691960064,9.214160919189453,0.15638583898544312,-3.0981375610889073,-35.0,-1.7,8,0,44.25311507872825,0.0014935102020241509,-1.0,63.61345662256093,9
212.803689472,9.13729476928711,0.1553547978401184,-3.0970281243910565,-35.0,-1.7,8,0,44.17627339394765,0.0025532744153795583,-1.0,63.725186030560934,9
212.904377856,9.070444107055664,0.15447372198104858,-3.095080671657369,-35.0,-1.7,8,0,44.10944475482134,0.004457032296321994,-1.0,63.82587441456093,9
213.002827264,9.004402160644531,0.15499907732009888,-3.0939274478653696,-35.0,-1.7,8,0,44.04348341233463,0.005535296918659061,-1.0,63.92432382256092,9
213.107462912,8.927194595336914,0.15541315078735352,-3.0955452099892726,-35.0,-1.7,8,0,43.96636194838858,0.0038341644310060374,-1.0,64.02895947056092,9
213.195566848,8.857378005981445,0.15516871213912964,-3.0949542122891573,-35.0,-1.7,8,0,43.89659732268601,0.004363606310494816,-1.0,64.11706340656093,9
213.310293504,8.769266128540039,0.15531831979751587,-3.0935086318459555,-35.0,-1.7,8,0,43.8085706625854,0.005720773011530955,-0.9884672164916992,64.23112850371778,9
213.412646144,8.69279670715332,0.15589338541030884,-3.091246279749881,-35.0,-1.7,8,0,43.73219436925888,0.007895933646497877,-0.39172838558214357,64.30176183551212,9
213.516454912,8.618488311767578,0.15673381090164185,-3.093236523710123,-35.0,-1.7,8,0,43.657988765498004,0.0058142254373687585,-0.1322784572839737,64.32896008790287,9
213.652588544,8.541706085205078,0.15638136863708496,-3.0904599734223384,-35.0,-1.7,8,0,43.58126111755152,0.00852392695815185,-0.03391248732805252,64.34027217635064,9
213.731925248,8.452112197875977,0.15656918287277222,-3.0874273756712234,-35.0,-1.7,8,0,43.49175673144964,0.011464461916049551,-1.0,64.38128578083517,9
213.835905792,8.374006271362305,0.15592122077941895,-3.0807281016549246,-35.0,-1.7,8,0,43.41369442475399,0.018101847582681074,-1.0,64.48526632483517,9
213.963576064,8.296419143676758,0.1566547155380249,-3.06857719329116,-35.0,-1.7,8,0,43.336209771940936,0.030159308722095712,-1.0,64.61293659683516,9
214.079835648,8.232725143432617,0.1556956171989441,-3.06401507343268,-35.0,-1.7,8,0,43.27253320007141,0.03468051055734822,-1.0,64.72919618083516,9
214.159640576,8.184541702270508,0.15613597631454468,-3.0692634756594788,-35.0,-1.7,8,0,43.22441304167946,0.029374126083661967,-1.0,64.80900110883515,9
214.259757824,8.129608154296875,0.15697020292282104,-3.076584730852639,-35.0,-1.7,8,0,43.16956610712847,0.02197892053145356,-1.0,64.90911835683515,9
214.370403584,8.058784484863281,0.15703493356704712,-3.0735032287796615,-35.0,-1.7,8,0,43.09881088914625,0.024988234945732657,-1.0,65.01976411683516,9
214.467421184,7.992598056793213,0.1574629545211792,-3.071962962828321,-35.0,-1.7,8,0,43.032704496701086,0.026452292484929973,-1.0,65.11678171683515,9
214.570752,7.915145397186279,0.15776115655899048,-3.0675609351404383,-35.0,-1.7,8,0,42.95533704880522,0.030769555631235068,-1.0,65.22011253283516,9
214.683870208,7.801991939544678,0.1598513126373291,-3.0648441807687017,-35.0,-1.7,8,0,42.84238042987302,0.03332334200717435,-1.0,65.33323074083516,9
214.80425856,7.685121059417725,0.16165679693222046,-3.0639415318037746,-35.0,-1.7,8,0,42.72569865884829,0.034065026475039506,-1.0,65.45361909283515,9
214.899431168,7.546975612640381,0.16410696506500244,-3.0591057552301213,-35.0,-1.7,8,0,42.58779201320279,0.03870198655385915,-1.0,65.54879170083517,9
215.004780288,7.407987117767334,0.1659277081489563,-3.0512252531342465,-35.0,-1.7,8,0,42.44901715697029,0.046396320550802006,-1.0,65.65414082083517,9
215.117743104,7.251195430755615,0.17127317190170288,-3.054171036404697,-35.0,-1.7,8,0,42.29261375951814,0.043161305321512966,-1.0,65.76710363683516,9
215.243730944,7.139523983001709,0.17087119817733765,-3.0433379204747664,-35.0,-1.7,8,0,42.18103413329438,0.05388680370339527,-1.0,65.89309147683515,9
215.336467456,7.0304083824157715,0.1707351803779602,-3.0373118508328156,-35.0,-1.7,8,0,42.07202014293763,0.05980107074753516,-1.0,65.98582798883517,9
215.443453184,6.966647624969482,0.17119234800338745,-3.0326926931738476,-35.0,-1.7,8,0,42.008342905684614,0.0643418667867568,-1.0,66.09281371683515,9
215.571614208,6.922807216644287,0.17249977588653564,-3.023614199754652,-35.0,-1.7,8,0,41.96460437481351,0.07334270121378683,-1.0,66.22097474083516,9
215.6509632,6.915572643280029,0.17190855741500854,-3.024578981657805,-35.0,-1.7,8,0,41.957350627290666,0.07238430236864257,-1.0,66.30032373283517,9
215.757962496,6.927596569061279,0.17190712690353394,-3.0309494995467676,-35.0,-1.7,8,0,41.969362520173114,0.06602660028534224,-1.0,66.40732302883517,9
215.885773568,6.947118282318115,0.1710071563720703,-3.0364824894997104,-35.0,-1.7,8,0,41.9888247033658,0.060535759107989584,-1.0,66.53513410083515,9
216.006075648,6.951587200164795,0.1709015965461731,-3.0389690909581426,-35.0,-1.7,8,0,41.99328447974735,0.05805641091341052,-1.0,66.65543618083517,9
216.086180352,6.947041988372803,0.1708759069442749,-3.034657953278373,-35.0,-1.7,8,0,41.98874263696754,0.06236333708342379,-1.0,66.73554088483517,9
216.195958272,6.9467597007751465,0.1710781455039978,-3.029618870722249,-35.0,-1.7,8,0,41.98846964133316,0.06739730834379998,-1.0,66.84531880483517,9
216.2864512,6.953123569488525,0.17115002870559692,-3.029779343549099,-35.0,-1.7,8,0,41.99483039216492,0.06724187835426543,-0.01643668500983723,66.89130897071173,9
216.39602048,6.9130377769470215,0.17565637826919556,-3.0511281991833,-35.0,-1.7,8,0,41.95498566965707,0.04574314866597362,0.0,66.89220944858279,9
216.51228928,6.837094783782959,0.1748526692390442,-3.041250114322175,-35.0,-1.7,8,0,41.87908275593667,0.05555933550507408,0.0,66.89220944858279,9
216.603643904,6.756011486053467,0.17525392770767212,-3.0291931626963313,-35.0,-1.7,8,0,41.79809891031902,0.06751985182634801,0.0,66.89220944858279,9
216.709991936,6.659493923187256,0.17644423246383667,-3.0160105502042347,-35.0,-1.7,8,0,41.70173230087238,0.08057011188785035,0.0,66.89220944858279,9
216.842689792,6.577881336212158,0.17719662189483643,-3.005437037984351,-35.0,-1.7,8,0,41.620236466956705,0.09103733129304681,0.0,66.89220944858279,9
216.943933952,6.479512691497803,0.1772128939628601,-2.998266015581422,-35.0,-1.7,8,0,41.52196890049155,0.09810110988065812,0.0,66.89220944858279,9
217.04663552,6.398766994476318,0.1773087978363037,-2.996064523938431,-35.0,-1.7,8,0,41.44131027109755,0.10021220071692793,0.0,66.89220944858279,9
217.145740288,6.318169116973877,0.17775636911392212,-2.9955189404827247,-35.0,-1.7,8,0,41.36081561285514,0.10065869933774207,0.0,66.89220944858279,9
217.258785536,6.221670627593994,0.17834556102752686,-2.9937922657289753,-35.0,-1.7,8,0,41.26444366978037,0.1022649421200037,0.0,66.89220944858279,9
217.39708416,6.14169454574585,0.17931252717971802,-2.9917204564578443,-35.0,-1.7,8,0,41.184594761515726,0.10422490248199967,0.0,66.89220944858279,9
217.508083968,6.046034336090088,0.17970746755599976,-2.9899929933789346,-35.0,-1.7,8,0,41.0890524943454,0.10583652831959744,0.0,66.89220944858279,9
217.603190528,5.966707706451416,0.17947012186050415,-2.9878568674046706,-35.0,-1.7,8,0,41.009798198050085,0.10788994550274911,0.0,66.89220944858279,9
217.708032,5.8877997398376465,0.18011826276779175,-2.986670647230241,-35.0,-1.7,8,0,40.93100306915359,0.1089719953784245,0.0,66.89220944858279,9
217.79633664,5.792837619781494,0.1805533766746521,-2.9839877940056545,-35.0,-1.7,8,0,40.836161451296846,0.11153738825469928,0.0,66.89220944858279,9
217.899310848,5.713700771331787,0.180572509765625,-2.981051841698304,-35.0,-1.7,8,0,40.75710960632548,0.11438345543529893,-0.6805816539993572,66.92725062698275,9
218.011131904,5.622867107391357,0.18019580841064453,-2.978360763968253,-35.0,-1.7,8,0,40.66635548340598,0.11698072458475695,-1.0,67.02121283460497,9
218.12360448,5.553943157196045,0.1791035532951355,-2.9738366097686506,-35.0,-1.7,8,0,40.59745479412588,0.12145326004326185,-1.0,67.13368541060498,9
218.260517888,5.496346950531006,0.1787874698638916,-2.9759780887604177,-35.0,-1.7,8,0,40.539905755868496,0.11925380935254148,-1.0,67.27059881860498,9
218.357270016,5.4573893547058105,0.1786300539970398,-2.976878255645208,-35.0,-1.7,8,0,40.50098275694114,0.1183129469136972,-1.0,67.36735094660497,9
218.483841536,5.43904447555542,0.17831218242645264,-2.973737453464361,-35.0,-1.7,8,0,40.482642882482374,0.1214405732217374,-1.0,67.49392246660497,9
218.593993728,5.447692394256592,0.17803293466567993,-2.973999123785812,-35.0,-1.7,8,0,40.49126853685979,0.12119570140674218,-1.0,67.60407465860496,9
218.671633664,5.476074695587158,0.1789187788963318,-2.9728851933163742,-35.0,-1.7,8,0,40.51966138235166,0.1223202813682791,-1.0,67.68171459460498,9
218.796075776,5.520376682281494,0.17938721179962158,-2.9744413384467756,-35.0,-1.7,8,0,40.56393746625021,0.12080324433118905,-1.0,67.80615670660498,9
218.939802112,5.584245204925537,0.1800282597541809,-2.9722802846542837,-35.0,-1.7,8,0,40.627767168661826,0.12302137149305992,-1.0,67.94988304260497,9
219.067363584,5.646266460418701,0.18003177642822266,-2.972305593820084,-35.0,-1.7,8,0,40.689722248397544,0.12306650978819977,-1.0,68.07744451460496,9
219.147439872,5.720521450042725,0.1816123127937317,-2.970726195417031,-35.0,-1.7,8,0,40.76397100454084,0.12469134135528881,-1.0,68.15752080260498,9
219.252457216,5.8234429359436035,0.18215465545654297,-2.9741932419976864,-35.0,-1.7,8,0,40.86680803893669,0.12132728687584571,-1.0,68.26253814660498,9
219.355609344,5.908545970916748,0.18116170167922974,-2.977223219997618,-35.0,-1.7,8,0,40.951775331510035,0.11841723996020859,-1.0,68.36569027460496,9
219.460648448,5.993682384490967,0.1817144751548767,-2.9743234712214957,-35.0,-1.7,8,0,41.036847403358514,0.12139883318897127,-1.0,68.47072937860497,9
219.571444736,6.0989766120910645,0.18163031339645386,-2.985652534751362,-35.0,-1.7,8,0,41.14202731025175,0.11018916734023732,-1.0,68.58152566660496,9
219.702135296,6.164720058441162,0.18240338563919067,-3.0246197651620417,-35.0,-1.7,8,0,41.207737380206815,0.07127616249173663,-1.0,68.71221622660497,9
219.809856256,6.156520366668701,0.18287181854248047,-3.0238334877172766,-35.0,-1.7,8,0,41.19956765522033,0.0720419903875893,-1.0,68.81993718660496,9
219.911197696,6.091928005218506,0.1811157464981079,-3.0151669362920814,-35.0,-1.7,8,0,41.134962545719965,0.08067942510791903,-1.0,68.92127862660496,9
220.047607296,6.029618740081787,0.18027335405349731,-2.998164479708014,-35.0,-1.7,8,0,41.0726799934267,0.09763299487442945,-1.0,69.05768822660497,9
220.16208896,5.962680339813232,0.17904478311538696,-2.9699288126065038,-35.0,-1.7,8,0,41.00575557063514,0.1258238609047928,-1.0,69.17216989060498,9
220.22793728,5.937047481536865,0.17743396759033203,-2.9697959406472156,-35.0,-1.7,8,0,40.98007582726349,0.12596733619164935,-0.9889433657381165,69.23765418020946,9
220.34768768,5.937108516693115,0.17731839418411255,-2.973240575207871,-35.0,-1.7,8,0,40.98013150370128,0.12252558713369899,-0.21197858108724632,69.30955962196003,9
220.453645824,5.9006266593933105,0.180067241191864,-3.0190525151067447,-35.0,-1.7,8,0,40.94381411107761,0.07660576252378926,-0.03449285823316041,69.32261745008974,9
220.599789568,5.82252836227417,0.18077045679092407,-3.01503674720512,-35.0,-1.7,8,0,40.86583070732585,0.08051658678646056,-0.018373446738682672,69.32648048995975,9
220.671437568,5.719354152679443,0.18008708953857422,-3.0029187360038825,-35.0,-1.7,8,0,40.76273457553581,0.09253485616617851,-0.015376510098576546,69.32768954841349,9
220.785314048,5.634049892425537,0.1786080002784729,-2.994219037246578,-35.0,-1.7,8,0,40.67745295220484,0.10117415421407872,-0.015376510098576546,69.3294405712582,9
220.891798272,5.532100200653076,0.1772260069847107,-2.9855027734152295,-35.0,-1.7,8,0,40.575548353128646,0.10980840247106372,-0.015376510098576546,69.33107792700388,9
221.011144192,5.4481377601623535,0.1758183240890503,-2.979179269009912,-35.0,-1.7,8,0,40.49161076877604,0.11607070053970014,-0.015376510098576546,69.33291305074798,9
221.11062912,5.364102840423584,0.17529672384262085,-2.971558306295936,-35.0,-1.7,8,0,40.40764204843863,0.12360821444275816,-0.015376510098576546,69.33444278174802,9
221.21056256,5.2636494636535645,0.17407643795013428,-2.96666484939089,-44.0,10.4,9,1,50.31378211956065,0.37959671364714254,-0.015376510098576546,69.33597940929737,9
221.310584064,5.180593967437744,0.17268621921539307,-2.9676434374283387,-44.0,10.4,9,0,50.23274599462586,0.37898126821817435,-0.015376510098576546,69.3375173909637,9
221.409631744,5.097133159637451,0.17206650972366333,-2.9702714176000136,-44.0,10.4,9,0,50.15116257851544,0.3767042116836201,-0.015376510098576546,69.33904039861545,9
221.553055488,5.012332439422607,0.17147737741470337,-2.9673386592840836,-44.0,10.4,9,0,50.06826745747466,0.37999390641587105,-0.015376510098576546,69.34124575526344,9
221.646895104,4.9269118309021,0.17011284828186035,-2.9642692540881863,-44.0,10.4,9,0,49.984930653605545,0.3834391540460018,-0.015376510098576546,69.34268868106652,9
221.735126272,4.842208385467529,0.16912108659744263,-2.964069619340224,-44.0,10.4,9,0,49.902226436404014,0.38400562870148747,-0.015376510098576546,69.34404536851228,9
221.846542592,4.740748882293701,0.16818135976791382,-2.964032624106333,-44.0,10.4,9,0,49.803119523714734,0.38447875805463205,-0.015376510098576546,69.34575856268191,9
221.947516416,4.655023097991943,0.16752511262893677,-2.9602558771717553,-44.0,10.4,9,0,49.719360564942995,0.3886226499253773,-0.015376510098576546,69.34731118770634,9
222.047523328,4.551538944244385,0.16699975728988647,-2.9539119479052443,-44.0,10.4,9,0,49.61820460095049,0.3954061684222445,-0.019420877376014962,69.34905117733985,9
222.163683584,4.4526686668396,0.16608858108520508,-2.951293238669857,-44.0,10.4,9,0,49.52165227321009,0.39845463069035425,-1.0,69.40825927238372,9
222.27699968,4.380788326263428,0.16538292169570923,-2.9497292602361296,-44.0,10.4,9,0,49.45147182653136,0.40033295527423185,-1.0,69.5215753683837,9
222.38284032,4.31688928604126,0.16518789529800415,-2.948025256703719,-44.0,10.4,9,0,49.38899846218916,0.4023085887505182,-1.0,69.62741600838372,9
222.510776832,4.2535014152526855,0.16478747129440308,-2.9476263206919318,-44.0,10.4,9,0,49.32707141458496,0.40298176586692236,-1.0,69.75535252038371,9
222.612068352,4.193869113922119,0.16363877058029175,-2.94535943124471,-44.0,10.4,9,0,49.26897717011206,0.40552260489398684,-1.0,69.8566440403837,9
222.709887488,4.149386882781982,0.1622380018234253,-2.94255737651659,-44.0,10.4,9,0,49.22575776886656,0.4085402387532078,-1.0,69.9544631763837,9
222.836258048,4.104325771331787,0.15956205129623413,-2.9392687140686458,-44.0,10.4,9,0,49.182239958095316,0.41207266917539087,-1.0,70.0808337363837,9
222.966051584,4.023325443267822,0.15491324663162231,-2.9291775466823173,-44.0,10.4,9,0,49.10398750828754,0.42259989753562976,-1.0,70.21062727238372,9
223.056087296,3.946564197540283,0.1513788104057312,-2.9194209826487287,-44.0,10.4,9,0,49.02965688883262,0.4327536123527995,-1.0,70.30066298438369,9
223.15051392,3.8205132484436035,0.14474165439605713,-2.8986076514401566,-44.0,10.4,9,0,48.907788859031946,0.4542383876656064,-0.3835382205786114,70.36598440605582,9
223.294028288,3.716315746307373,0.1403903365135193,-2.8908929428235632,-44.0,10.4,9,0,48.80682717457063,0.4624879251198202,0.0,70.3935060287209,9
223.410458624,3.599245548248291,0.13684207201004028,-2.8898208578820324,-44.0,10.4,9,0,48.69312669584176,0.4641366445412167,0.0,70.3935060287209,9
223.483570176,3.5019288063049316,0.13423258066177368,-2.8894207040846833,-44.0,10.4,9,0,48.59855163507662,0.46501135024437446,0.0,70.3935060287209,9
223.612786432,3.404822826385498,0.13165676593780518,-2.887356831645965,-44.0,10.4,9,0,48.50418641698374,0.46755002662303546,0.0,70.3935060287209,9
223.702219008,3.288491725921631,0.1287021040916443,-2.887115901248642,-44.0,10.4,9,0,48.39112532457837,0.46835955313028954,0.0,70.3935060287209,9
223.812133888,3.1917338371276855,0.12585967779159546,-2.891312078654428,-44.0,10.4,9,0,48.29718109698257,0.46464611787183685,0.0,70.3935060287209,9
223.910136832,3.0948233604431152,0.12348300218582153,-2.88947317550386,-44.0,10.4,9,0,48.20299979210528,0.4669608794766109,0.0,70.3935060287209,9
224.012035072,2.978844165802002,0.12072712182998657,-2.8896956756088548,-44.0,10.4,9,0,48.09028228299965,0.4673085240123811,0.0012506375824918312,70.39356974760517,10
224.124919552,2.8825039863586426,0.12021321058273315,-2.893578990316373,-44.0,10.4,9,0,47.99628315262351,0.4638647162132994,0.18972477988138398,70.40434882795176,10
224.236790784,2.7700424194335938,0.1194121241569519,-2.897028672089336,-44.0,10.4,9,0,47.886609349467925,0.46093437341157006,0.6548055878609347,70.45158815430214,10
224.338981888,2.677945137023926,0.11814653873443604,-2.8993402110971704,-44.0,10.4,9,0,47.79693580988173,0.45906236216145935,0.7951714276282003,70.52567553029589,10
224.451213568,2.5697526931762695,0.11780649423599243,-2.9021847430989225,-44.0,10.4,9,0,47.691355287867154,0.456712803249129,0.8072836399078369,70.6155986424729,10
224.55449984,2.480562686920166,0.11776983737945557,-2.902448208907779,-44.0,10.4,9,0,47.60427464849999,0.4568540288998477,0.8072836399078369,70.6989799600856,10
224.673424128,2.3908371925354004,0.11664509773254395,-2.9027632001312336,-44.0,10.4,9,0,47.5169144986321,0.45697000725721537,0.8072836399078369,70.79498559217568,10
224.78282112,2.2815041542053223,0.1142730712890625,-2.9044848769394913,-44.0,10.4,9,0,47.41069294186422,0.455796246552012,0.8236471009470682,70.8841950507806,10
224.897789184,2.1908421516418457,0.11262673139572144,-2.9041393489226293,-44.0,10.4,9,0,47.322552207647114,0.45659137430741836,1.0,70.98902563908817,10
225.00288128,2.099247455596924,0.10997897386550903,-2.906304498548303,-44.0,10.4,9,0,47.23372893061323,0.45490249580078057,1.0,71.09411773508816,10
225.097948672,1.9837312698364258,0.10791772603988647,-2.904580925276824,-44.0,10.4,9,0,47.12144415264134,0.4572028195837632,1.0,71.18918512708817,10
225.202761472,1.864729881286621,0.10806864500045776,-2.9082655625922165,-44.0,10.4,9,0,47.00529010759755,0.454068004338124,1.0,71.29399792708816,10
225.308550656,1.7341079711914062,0.10589402914047241,-2.922346884088052,-44.0,10.4,9,0,46.87832387852492,0.4406420360799892,1.0,71.39978711108816,10
225.41135104,1.593893051147461,0.10285687446594238,-2.940780270203695,-44.0,10.4,9,0,46.742210475192614,0.4229307618134399,1.0,71.50258749508816,10
225.55201024,1.4268341064453125,0.09910130500793457,-2.9585974413300224,-44.0,10.4,9,0,46.58010058875992,0.40598232655560196,1.0,71.64324669508815,10
225.659240448,1.2677655220031738,0.09488892555236816,-2.9682255811583014,-44.0,10.4,9,0,46.425918511234244,0.3972003760384091,1.0,71.75047690308816,10
225.755282944,1.1402134895324707,0.09039974212646484,-2.972614798123944,-44.0,10.4,9,0,46.302556423568184,0.39351716296222605,1.0,71.84651939908815,10
225.853041152,1.0167484283447266,0.08597677946090698,-2.9697726252831145,-44.0,10.4,9,0,46.18318648658511,0.39704794845679636,1.0,71.94427760708817,10
225.991138304,0.8662309646606445,0.08088433742523193,-2.961046010018552,-44.0,10.4,9,0,46.03762405936985,0.4066125451082403,1.0,72.08237475908817,10
226.104132352,0.6793837547302246,0.07550305128097534,-2.9795187048464715,-44.0,10.4,9,0,45.85676144197887,0.3891675131244252,1.0,72.19536880708816,10
226.173847552,0.5082230567932129,0.06909310817718506,-2.9967381288611823,-44.0,10.4,9,0,45.69146043716234,0.37292817672974365,1.0,72.26508400708818,10
226.275681024,0.3413715362548828,0.06156343221664429,-3.0086999764453077,-44.0,10.4,9,0,45.53065451300118,0.3619559935686336,1.0,72.36691747908816,10
226.386959104,0.1849679946899414,0.05711120367050171,-3.0067650483952404,-44.0,10.4,9,0,45.37936475255039,0.3647690690589478,1.0,72.47819555908816,10
226.510704896,0.0936121940612793,0.053379833698272705,-3.011962488681846,-44.0,10.4,9,0,45.29127051856672,0.3601115788025542,1.0,72.60194135108816,10
226.610983168,0.030027389526367188,0.05123406648635864,-3.0239293840509593,-44.0,10.4,9,0,45.229860360928534,0.34851202339504184,1.0,72.70221962308815,10
226.709937152,0.0034770965576171875,0.05026906728744507,-3.033261121000701,-44.0,10.4,9,0,45.20423571930863,0.3393354535274753,1.0,72.80117360708817,10
226.819119616,-0.004881858825683594,0.04902011156082153,-3.042211575313136,-44.0,10.4,9,0,45.196384865459734,0.33045424376856936,0.9887562990188599,72.90974226359936,10
226.939944704,-0.015309333801269531,0.050936341285705566,-3.0487805398133117,-44.0,10.4,9,0,45.185795684189415,0.32389684984431355,0.06050630924299061,72.97313088708853,10
227.04683392,-0.06047487258911133,0.051905274391174316,-3.0564190639875766,-44.0,10.4,9,0,45.14160977272018,0.31646658689132323,0.008092487268910221,72.97679712287739,10
227.17109376,-0.1387939453125,0.05364978313446045,-3.057930670910344,-44.0,10.4,9,0,45.06497930080285,0.31531569286922867,0.0,72.977299908464,10
227.263185664,-0.22246837615966797,0.05447208881378174,-3.0572630217537227,-44.0,10.4,9,0,44.98335495310986,0.31639261014318976,0.0,72.977299908464,10
227.369424896,-0.29240846633911133,0.05564397573471069,-3.0573211405581517,-44.0,10.4,9,0,44.91502264532546,0.3166672251533331,0.0,72.977299908464,10
227.476920576,-0.3626236915588379,0.05595499277114868,-3.0568134124072657,-44.0,10.4,9,0,44.84662616291306,0.31752879434872483,0.0,72.977299908464,10
227.587827968,-0.4323263168334961,0.05712997913360596,-3.0538586160577026,-44.0,10.4,9,0,44.77853448284586,0.32081709585569484,0.0,72.977299908464,10
227.699269632,-0.4586453437805176,0.05708968639373779,-3.0543482252389955,-44.0,10.4,9,0,44.75293687629885,0.3204642001031637,0.0,72.977299908464,10
227.809975552,-0.4836292266845703,0.05758708715438843,-3.053869381548435,-44.0,10.4,9,0,44.72851473210861,0.3210613156257711,0.0,72.977299908464,10
227.915487232,-0.503695011138916,0.05947476625442505,-3.054256766477236,-44.0,10.4,9,0,44.70855633761563,0.3207366304607877,-0.011874912306666374,72.97792637943768,11
228.0289472,-0.5312509536743164,0.059700727462768555,-3.0579207372776396,-44.0,10.4,9,0,44.68169572317141,0.31721037841806066,-0.0819389820098877,72.98324844016123,11
228.13964928,-0.5637192726135254,0.061364173889160156,-3.0588176236681948,-44.0,10.4,9,0,44.64972423401144,0.31644553255251395,-0.18223243951797485,72.99787060308108,11
228.252407552,-0.6151089668273926,0.06299096345901489,-3.055925686776988,-44.0,10.4,9,0,44.59935566554511,0.3195687888484109,-0.2996247727047198,73.02503729638157,11
228.36339328,-0.6595444679260254,0.06409454345703125,-3.0567965544367093,-44.0,10.4,9,0,44.5558753402318,0.31890497587558997,-0.39826380329752886,73.06376513221682,11
228.475130624,-0.7232608795166016,0.06584346294403076,-3.0561648360095544,-44.0,10.4,9,0,44.493493234795075,0.3198306582690815,-0.44285622452667806,73.11075739116396,11
228.572000768,-0.7810120582580566,0.06750136613845825,-3.054825927050318,-44.0,10.4,9,0,44.43693786397962,0.3214351312287178,-0.464439684903904,73.15470233386253,11
228.676793088,-0.8418238162994385,0.06876730918884277,-3.0549580997827435,-44.0,10.4,9,0,44.37750038493632,0.3215938431674221,-1.0,73.2314333499031,11
228.790777088,-0.9264488220214844,0.07063120603561401,-3.0492619613072747,-44.0,10.4,9,0,44.294770241684965,0.32769382852653983,-0.9997789959135429,73.34540475443819,11
228.891641856,-0.9927101135253906,0.07214081287384033,-3.042455381921732,-44.0,10.4,9,0,44.22998596843964,0.3348165710264581,-0.9260642373410137,73.44252961990149,11
229.003341824,-1.0411527156829834,0.0720786452293396,-3.0370060738577402,-44.0,10.4,9,0,44.182898495997286,0.34052326304795777,-0.2507535197147417,73.50825487280396,11
229.107595008,-1.0691936016082764,0.07269978523254395,-3.0412968843764827,-44.0,10.4,9,0,44.155489667108526,0.3363672201984702,-0.03236876746272756,73.52301307275377,11
229.25298816,-1.0969953536987305,0.07327008247375488,-3.0514377006313946,-44.0,10.4,9,0,44.128326032947136,0.3263611910430626,-0.015913010788286962,73.52652299271581,11
229.352562432,-1.1389660835266113,0.07421773672103882,-3.0494080598543216,-44.0,10.4,9,0,44.08729984630187,0.3285927148494512,-0.013930896297097206,73.52800883537664,11
229.451474688,-1.1768684387207031,0.07488113641738892,-3.0416568851814225,-44.0,10.4,9,0,44.05029711888155,0.33653077238031237,-0.012035536579787731,73.5292930346047,11
229.565209088,-1.2144570350646973,0.0758780837059021,-3.0375329875037362,-44.0,10.4,9,0,44.013522696403534,0.34083282807473836,-0.012035536579787731,73.53066188913628,11
229.6694976,-1.2573637962341309,0.0765954852104187,-3.0393417006795818,-44.0,10.4,9,0,43.971645755230206,0.3392371414091322,-0.012035536579787731,73.53191705733731,11
229.778055424,-1.2884178161621094,0.07682311534881592,-3.0521307415944485,-44.0,10.4,9,0,43.94140682361609,0.32660898319994125,-0.012035536579787731,73.53322360899908,11
229.909988096,-1.3324081897735596,0.07699364423751831,-3.0509119368584514,-44.0,10.4,9,0,43.89860876047457,0.32805943365091217,-0.012035536579787731,73.534811489499,11
230.009854464,-1.3704636096954346,0.0778462290763855,-3.0467455598814,-44.0,10.4,9,0,43.861420762703226,0.33241094532969484,-0.012035536579787731,73.53601343482416,11
230.110885632,-1.4155526161193848,0.08002442121505737,-3.040215794470147,-44.0,10.4,9,0,43.81708633555196,0.3391345628049791,-0.012035536579787731,73.53722939914232,11
230.204989696,-1.4517340660095215,0.08179885149002075,-3.036201568211926,-44.0,10.4,9,0,43.78150532965589,0.34330403925265784,-0.012035536579787731,73.5383619920469,11
230.32172544,-1.4946284294128418,0.08402687311172485,-3.033671647551195,-44.0,10.4,9,0,43.73929484923551,0.346015578330892,-0.012035536579787731,73.53976696936398,11
230.463976704,-1.5369422435760498,0.08630573749542236,-3.0327294140538297,-44.0,10.4,9,0,43.69763796094494,0.3471355147039539,-0.012035536579787731,73.54147903965537,11
230.571008512,-1.5715017318725586,0.08788037300109863,-3.0328417132830743,-44.0,10.4,9,0,43.6636837256092,0.3471749828660098,-0.012035536579787731,73.54276722489575,11
230.648682496,-1.6120116710662842,0.09003585577011108,-3.034332553584593,-44.0,10.4,9,0,43.62381133313694,0.3458554432277481,-0.012035536579787731,73.54370207297148,11
230.795187968,-1.6449470520019531,0.09137237071990967,-3.0367790586679986,-44.0,10.4,9,0,43.591493594815894,0.34355771096032584,-0.012035536579787731,73.54546534493888,11
230.878889728,-1.683239221572876,0.09377938508987427,-3.041703754888332,-44.0,10.4,9,0,43.55371885547578,0.3387872309352531,-0.012035536579787731,73.54647274053315,11
230.997607424,-1.7143676280975342,0.0965842604637146,-3.0473393967611226,-44.0,10.4,9,0,43.522811041951435,0.33325821761719965,-0.012035536579787731,73.54790157170602,11
231.086343168,-1.7557969093322754,0.09884911775588989,-3.0455177778476545,-44.0,10.4,9,0,43.48202392097612,0.33525478987330715,-0.012035536579787731,73.54896955399887,11
231.209863168,-1.7913212776184082,0.1009531021118164,-3.0427787692609334,-44.0,10.4,9,0,43.44701286042722,0.33814045630898804,-0.012035536579787731,73.55045618347721,11
231.34815232,-1.8328218460083008,0.10308313369750977,-3.0419522141741746,-44.0,10.4,9,0,43.40619092274764,0.33914597951233993,-0.012035536579787731,73.5521205676247,11
231.449569536,-1.872964859008789,0.10546785593032837,-3.0441103909581786,-44.0,10.4,9,0,43.36662866577932,0.3371539712143239,-0.012035536579787731,73.55334117823769,11
231.574020352,-1.9065637588500977,0.10701179504394531,-3.045771474762889,-44.0,10.4,9,0,43.333624136173015,0.33564233314107916,-0.012035536579787731,73.55483901058604,11
231.6720256,-1.9490680694580078,0.10916107892990112,-3.0441854896585734,-44.0,10.4,9,0,43.29182650254534,0.33741330073679343,-0.012035536579787731,73.55601855633336,11
231.791774464,-1.983792781829834,0.11045390367507935,-3.0449119256292874,-44.0,10.4,9,0,43.25779037200826,0.3368486528373147,-0.012035536579787731,73.55745979816642,11
231.900683008,-2.026087999343872,0.11218887567520142,-3.0448417344574934,-44.0,10.4,9,0,43.2162972311211,0.33711264608548497,-0.012035536579787731,73.55877057093159,11
232.00312448,-2.0694682598114014,0.11380976438522339,-3.043904208435043,-44.0,10.4,9,0,43.17377909771416,0.338252900527408,-0.012035536579787731,73.56000350901513,11
232.102961664,-2.1060781478881836,0.11579853296279907,-3.0423793699790322,-44.0,10.4,9,0,43.137750149555345,0.33993516115371847,-0.012035536579787731,73.56120510309519,11
232.204122624,-2.145477294921875,0.12330001592636108,-3.0394555214282324,-44.0,10.4,9,0,43.09769870228061,0.34290791529222275,-0.012035536579787731,73.56242262952972,11
232.309853184,-2.174858570098877,0.12988799810409546,-3.0406075217837234,-44.0,10.4,9,0,43.06759403731206,0.3417700335187792,-0.012035536579787731,73.5636951535522,11
232.453556736,-2.205465793609619,0.13552993535995483,-3.0403174518527933,-44.0,10.4,9,0,43.03652443259129,0.34210238327379905,-0.012035536579787731,73.56542470290894,11
232.547131136,-2.2432680130004883,0.14240413904190063,-3.0393942160379215,-44.0,10.4,9,0,42.99817367145787,0.3430800454850367,-0.012035536579787731,73.56655092102308,11
232.681130752,-2.2747151851654053,0.14874309301376343,-3.0398006532527924,-44.0,10.4,9,0,42.966122248256234,0.3427049368136874,-0.012035536579787731,73.56816367830312,11
232.759791104,-2.3131322860717773,0.15631979703903198,-3.038688998740918,-44.0,10.4,9,0,42.927006929194185,0.3438587097064101,-0.012035536579787731,73.569110397847,11
232.886113792,-2.350806474685669,0.16376179456710815,-3.0374239524752653,-44.0,10.4,9,0,42.888645279461194,0.3451648670185037,-0.012035536579787731,73.57063075917928,11
232.998345216,-2.3832030296325684,0.16983193159103394,-3.0354897047137026,-44.0,10.4,9,0,42.85573624126271,0.34714198827993314,-0.012035536579787731,73.57198152458824,11
233.103778048,-2.4148142337799072,0.17538106441497803,-3.0344194610257635,-44.0,10.4,9,0,42.82371431332128,0.34826260723555436,-0.012035536579787731,73.57325046529449,11
233.210605312,-2.4529552459716797,0.18261712789535522,-3.033724275042945,-44.0,10.4,9,0,42.78494876178315,0.34900640350372214,-0.012035536579787731,73.57453618873808,11
233.303991552,-2.4845831394195557,0.18900012969970703,-3.034478927393157,-44.0,10.4,9,0,42.752711673752806,0.34828343730267974,-0.012035536579787731,73.57566014224565,11
233.405334016,-2.5171167850494385,0.19557899236679077,-3.0320169743583567,-44.0,10.4,9,0,42.719548311355695,0.3507777368028435,-0.012035536579787731,73.57687985317821,11
233.506774272,-2.5560202598571777,0.20213687419891357,-3.030768677989983,-44.0,10.4,9,0,42.680204650797336,0.3520945622252416,-0.012035536579787731,73.57810074108997,11
233.612584192,-2.5897462368011475,0.20549124479293823,-3.029937997316165,-44.0,10.4,9,0,42.646654329413906,0.3530378228573561,-0.012035536579787731,73.57937422025263,11
233.710176768,-2.6238315105438232,0.20972615480422974,-3.029659606306658,-44.0,10.4,9,0,42.61254510009872,0.35341092337153235,-0.012035536579787731,73.580548799271,11
233.856477696,-2.658921480178833,0.21166175603866577,-3.030331781638249,-44.0,10.4,9,0,42.57801086658915,0.35289168848971464,-0.012035536579787731,73.5823096094416,11
233.96903424,-2.7051022052764893,0.2123468518257141,-3.0256331844671442,-44.0,10.4,9,0,42.53300906994667,0.3578344542710674,-0.012035536579787731,73.5836642878442,11
234.054578688,-2.7498979568481445,0.21258586645126343,-3.0245102288802572,-44.0,10.4,9,0,42.489461343948214,0.3592044729123991,-0.012035536579787731,73.5846938611773,11
234.15739904,-2.7868881225585938,0.21322429180145264,-3.0223917796635167,-44.0,10.4,9,0,42.45339786108582,0.361517231227765,-0.012035536579787731,73.58593135928494,11
234.25832576,-2.8231420516967773,0.21412742137908936,-3.0214120284097903,-44.0,10.4,9,0,42.417987112575766,0.3626813961518529,-0.012035536579787731,73.58714606651537,11
234.357255424,-2.858827829360962,0.21467441320419312,-3.0233301979627543,-44.0,10.4,9,0,42.38321489555979,0.36095288360142774,-0.012035536579787731,73.58833673810527,11
234.481956864,-2.907806158065796,0.21619826555252075,-2.9985743336797905,-44.0,10.4,9,0,42.33530692589379,0.3859518318717896,-0.012035536579787731,73.58983758684793,11
234.611001344,-2.9589433670043945,0.21280068159103394,-2.956068600945381,-44.0,10.4,9,0,42.28649145419545,0.42882645138629627,-0.012035536579787731,73.5913907064074,11
234.710116864,-3.01501727104187,0.21095263957977295,-2.9152590770979265,-44.0,10.4,9,0,42.23251703848449,0.4699983103814578,-0.012035536579787731,73.59258361487397,11
234.811784448,-3.0559909343719482,0.2160733938217163,-2.9067794591847385,-44.0,10.4,9,0,42.19151857288687,0.4785944409659191,-0.012035536579787731,73.59380723880018,11
234.910168832,-3.099533796310425,0.2224048376083374,-2.898634113475863,-44.0,10.4,9,0,42.147735158234674,0.486843371562772,-0.012035536579787731,73.5949913476527,11
235.010039552,-3.134934186935425,0.22653716802597046,-2.8948546119530305,-44.0,10.4,9,0,42.11238475673939,0.4907306380959504,-0.012035536579787731,73.59619334535651,11
235.110922496,-3.170602321624756,0.23008990287780762,-2.8915547723835187,-44.0,10.4,9,0,42.07691512174415,0.49415332795161326,-0.012035536579787731,73.5974075257193,11
235.210204416,-3.2130117416381836,0.2319573163986206,-2.892149659533962,-44.0,10.4,9,0,42.03531257411183,0.49375918222367865,-0.012035536579787731,73.59860243689917,11
235.325783552,-3.248720407485962,0.232915461063385,-2.8933749854475947,-44.0,10.4,9,0,42.000433288826144,0.49271737778211566,-0.012035536579787731,73.59999349381836,11
235.422870528,-3.285153865814209,0.23404794931411743,-2.894725967192818,-44.0,10.4,9,0,41.96480998202266,0.4915503757878028,-0.012035536579787731,73.60116198766943,11
235.531648256,-3.3298370838165283,0.23605841398239136,-2.8970810562845375,-44.0,10.4,9,0,41.92097160363633,0.4894069684308544,-0.012035536579787731,73.60247118599383,11
235.627340032,-3.371919631958008,0.2378906011581421,-2.9007067660950683,-44.0,10.4,9,0,41.879701310134834,0.48598244431973825,-0.012035536579787731,73.60362288786426,11
235.749489152,-3.4167115688323975,0.2401295304298401,-2.904996936802413,-44.0,10.4,9,0,41.835705657318435,0.48190015219047133,-0.010846920311450958,73.60502042385062,11
235.845761792,-3.4618947505950928,0.2428363561630249,-2.909249702220847,-44.0,10.4,9,0,41.791218581174604,0.4778471181571202,-0.041797685217009356,73.60755454142861,11
235.95556352,-3.5177500247955322,0.25098687410354614,-2.9021508070752327,-44.0,10.4,9,0,41.73505757135793,0.4850818521905875,-0.7931647807446897,73.65339470221748,11
236.06770176,-3.5508759021759033,0.2564283013343811,-2.89651498460403,-44.0,10.4,9,0,41.70160293186755,0.49078427572763594,-1.0,73.75393587348884,11
236.178579712,-3.574164628982544,0.25966256856918335,-2.8901642725849417,-44.0,10.4,9,0,41.67822703364291,0.4971956348292039,-1.0,73.86481382548882,11
236.310980352,-3.5834767818450928,0.26074010133743286,-2.8868093958610737,-44.0,10.4,9,0,41.66893255575767,0.5005798019221324,-1.0,73.99721446548884,11
236.380786944,-3.5849618911743164,0.2611023783683777,-2.882075448792608,-44.0,10.4,9,0,41.66740393064775,0.5053139885498386,-0.9717709767923596,74.06603577153602,11
236.483243776,-3.5819051265716553,0.26142603158950806,-2.876453233973941,-44.0,10.4,9,0,41.67029007950851,0.510910820161012,-0.047822505235672,74.11826793058424,11
236.59468928,-3.624022960662842,0.2662075161933899,-2.8697999972232124,-44.0,10.4,9,0,41.62827491004085,0.5176988129849462,0.0,74.1209327321835,11
236.702152192,-3.6878044605255127,0.2693954110145569,-2.8718239504262115,-44.0,10.4,9,0,41.56563795433915,0.5159740173773635,0.0,74.1209327321835,11
236.811982336,-3.7756922245025635,0.27347296476364136,-2.8776528044958893,-44.0,10.4,9,0,41.47941038410884,0.5105662371537729,0.0,74.1209327321835,11
236.918068736,-3.84806227684021,0.275973379611969,-2.8866790833281755,-44.0,10.4,9,0,41.40862250709178,0.5019080754139988,0.0,74.1209327321835,11
237.027912704,-3.915405750274658,0.27938103675842285,-2.894552200522026,-44.0,10.4,9,0,41.34249175321003,0.4943532897499381,-0.013288401067256927,74.12166255753431,11
237.142157824,-3.9922211170196533,0.2858823537826538,-2.897360097124439,-44.0,10.4,9,0,41.2664239656282,0.49184832351451213,-0.19874456524848938,74.13377442337466,11
237.244665088,-4.049039363861084,0.2948146462440491,-2.88673842541433,-44.0,10.4,9,0,41.20914979448236,0.5025977801819721,-0.35670194029808044,74.16224307416563,11
237.365508864,-4.09810733795166,0.30094581842422485,-2.879912454111515,-44.0,10.4,9,0,41.160076935982886,0.5095716697317236,-0.3682347238063812,74.20604511609123,11
237.483817984,-4.136106014251709,0.30412429571151733,-2.878339754676015,-44.0,10.4,9,0,41.122460407220544,0.5112961610144318,-0.281198242360746,74.24446203745435,11
237.604434688,-4.176848888397217,0.3075602650642395,-2.874985580464517,-44.0,10.4,9,0,41.082121467383594,0.5148127385734238,-0.04718585395081207,74.26426634112592,11
237.710615808,-4.234617710113525,0.3103663921356201,-2.880252828872966,-44.0,10.4,9,0,41.02543522013829,0.5098251129277216,-0.024994635696709462,74.26809844374237,11
237.852205824,-4.286807537078857,0.31319165229797363,-2.8836480233904624,-44.0,10.4,9,0,40.9741547593149,0.5066763389875213,-0.021126840263605118,74.27136361400196,11
237.945736192,-4.350325584411621,0.3162369132041931,-2.888362528722402,-44.0,10.4,9,0,40.911843752791064,0.5022718906841082,-0.021126840263605118,74.27333961514648,11
238.045919744,-4.402777671813965,0.31805354356765747,-2.8951960171179656,-44.0,10.4,9,0,40.8605636336329,0.4957117113872158,-0.021126840263605118,74.27545617704662,11
238.162572032,-4.455259799957275,0.32038843631744385,-2.900015029508401,-44.0,10.4,9,0,40.80912945363572,0.49115457061620127,-0.021126840263605118,74.27792067130159,11
238.247174912,-4.517892837524414,0.32346075773239136,-2.9069264005715696,-44.0,10.4,9,0,40.74768004549664,0.48454979014167776,-0.021126840263605118,74.2797080628332,11
238.363032832,-4.570735931396484,0.32592207193374634,-2.909838726897669,-44.0,10.4,9,0,40.69587093419208,0.48189996609623265,-0.02103046514093876,74.28215019169168,11
238.46333312,-4.623233795166016,0.328322172164917,-2.9124665394361826,-44.0,10.4,9,0,40.64441426589711,0.4795346793624695,-0.02103046514093876,74.2842595534021,11
238.564084736,-4.686713695526123,0.3317473530769348,-2.916139785780883,-44.0,10.4,9,0,40.58206736256553,0.47616728123932006,-0.02103046514093876,74.28637840675027,11
238.666629888,-4.739263534545898,0.3347371220588684,-2.9185978428491923,-44.0,10.4,9,0,40.53041999056878,0.47395943413929054,-0.02103046514093876,74.28853497899478,11
238.785564672,-4.791149616241455,0.33988291025161743,-2.921940391135732,-44.0,10.4,9,0,40.478882201407316,0.47081206720490165,-0.02103046514093876,74.29103623282373,11
238.910369792,-4.84372615814209,0.34526705741882324,-2.9240148865870896,-44.0,10.4,9,0,40.42661791103966,0.4689317878551691,-0.020966215059161186,74.29365693317972,11
239.010129408,-4.9094109535217285,0.34828275442123413,-2.9225589252061845,-44.0,10.4,9,0,40.36224933753956,0.4707201366600273,-0.020966215059161186,74.295748514743,11
239.11286272,-4.975156307220459,0.3537184000015259,-2.9208465640424914,-44.0,10.4,9,0,40.297223219873885,0.4727081663300723,-0.020966215059161186,74.29790244345612,11
239.209908736,-5.0282368659973145,0.3587384819984436,-2.9196233412032147,-44.0,10.4,9,0,40.244568014152044,0.4741394085961357,-0.020966215059161186,74.29993713109822,11
239.356170496,-5.081496715545654,0.36365973949432373,-2.9181535734612556,-44.0,10.4,9,0,40.19176562091707,0.4758212356560918,-0.020966215059161186,74.30300368661331,11
239.466125312,-5.145687103271484,0.36861544847488403,-2.9158974635829558,-44.0,10.4,9,0,40.128372838896176,0.4783572062504611,-0.020966215059161186,74.30530902293235,11
239.563506176,-5.1987786293029785,0.37303149700164795,-2.915548394067927,-44.0,10.4,9,0,40.07586402334897,0.4789307526041746,-0.018267737701535225,74.30721934104133,11
239.66021632,-5.262965202331543,0.3794916272163391,-2.9139614142085857,-44.0,10.4,9,0,40.01210383077606,0.48076277829863834,-0.018267737701535225,74.308986016585,11
239.77802496,-5.316802978515625,0.384160578250885,-2.9116103094787347,-44.0,10.4,9,0,39.95881343490121,0.4833381840376276,-0.017978614196181297,74.31112108329602,11
239.867191808,-5.3710551261901855,0.388693630695343,-2.9095599370844765,-44.0,10.4,9,0,39.905158028554624,0.48561935816009516,-0.017978614196181297,74.31272417965529,11
239.978882304,-5.434794902801514,0.39025193452835083,-2.9170839196131024,-44.0,10.4,9,0,39.84306841250053,0.4784588619132215,-0.0326389304442729,74.31555092898888,11
240.091308544,-5.50365686416626,0.3894774317741394,-2.9185449918571926,-44.0,10.4,9,0,39.776613693485935,0.47745156909182995,-0.6028953867978636,74.35127629582813,11
240.1948928,-5.558991432189941,0.3924155831336975,-2.9226004181333805,-44.0,10.4,9,0,39.72232225803461,0.4736751392925065,-0.9125006226362571,74.42976187991944,11
240.312578048,-5.611625671386719,0.39646029472351074,-2.9245710500059205,-44.0,10.4,9,0,39.670367911437104,0.4719401077534844,-1.0,74.542298434957,11
240.426522368,-5.642081260681152,0.39580363035202026,-2.9127222151929666,-44.0,10.4,9,0,39.64106299047322,0.4839987079899153,-1.0,74.656242754957,11
240.544283136,-5.63299560546875,0.39539551734924316,-2.9132751829702777,-44.0,10.4,9,0,39.64995759221258,0.4833978703062751,-1.0,74.77400352295699,11
240.647336192,-5.604405879974365,0.39412611722946167,-2.9112337779992497,-44.0,10.4,9,0,39.67794299088168,0.48528842257027094,-1.0,74.87705657895701,11
240.755247616,-5.5624680519104,0.3920418620109558,-2.911211674683948,-44.0,10.4,9,0,39.71905195686511,0.48509504060122133,-0.9912258515113862,74.98449458752809,11
240.858686976,-5.532233238220215,0.39141935110092163,-2.910661616264886,-44.0,10.4,9,0,39.74846872829451,0.4854685940801282,-0.17006092318561244,75.04455596790366,11
240.963780608,-5.53996467590332,0.3969981074333191,-2.9080834195748033,-44.0,10.4,9,0,39.739581829624946,0.48795991899022084,-0.026495478329089512,75.05488438096768,11
241.084529408,-5.585860729217529,0.40330827236175537,-2.906449342748317,-44.0,10.4,9,0,39.69357556850356,0.48973118886012124,-0.017257979797089706,75.05752596974997,11
241.179185664,-5.639240741729736,0.40209895372390747,-2.9047954652528025,-44.0,10.4,9,0,39.64222340134438,0.491753711506675,-0.014059395529329777,75.05900816249805,11
241.299140096,-5.708670616149902,0.40315818786621094,-2.9120852832230923,-44.0,10.4,9,0,39.574774190124295,0.4848804582103732,-0.014059395529329777,75.06069464930303,11
241.39799808,-5.765907287597656,0.40600699186325073,-2.904798238090557,-44.0,10.4,9,0,39.51867586075303,0.4924636148773889,-0.014059395529329777,75.06208453280132,11
241.510455552,-5.819506645202637,0.40983742475509644,-2.904405442598529,-44.0,10.4,9,0,39.46585132865563,0.4931059672771063,-0.014059395529329777,75.0636656168804,11
241.610165248,-5.8856916427612305,0.4141662120819092,-2.896438871013964,-44.0,10.4,9,0,39.40072814036065,0.5013914642578357,-0.014059395529329777,75.06506747493458,11
241.711177984,-5.939119338989258,0.41403013467788696,-2.8972348463644395,-44.0,10.4,9,0,39.34908170266268,0.5009429558139775,-0.014059395529329777,75.06648765294351,11
241.830952704,-5.991903305053711,0.41142410039901733,-2.909229608864982,-44.0,10.4,9,0,39.298690345537935,0.48935319867020155,-0.014059395529329777,75.0681716131064,11
241.958996736,-6.046377658843994,0.4122018814086914,-2.919177952266472,-44.0,10.4,9,0,39.245809458754096,0.4797384844442334,-0.014059395529329777,75.06997183479746,11
242.036291328,-6.110063076019287,0.4158449172973633,-2.9309609648639237,-44.0,10.4,9,0,39.18329583915439,0.46827919216935854,-0.014059395529329777,75.07105855003866,11
242.182040064,-6.17451810836792,0.4205647110939026,-2.9352045158062707,-44.0,10.4,9,0,39.119767497004005,0.4643388013254608,-0.014059395529329777,75.07310768916598,11
242.274253824,-6.227799892425537,0.4248039126396179,-2.933274058412488,-44.0,10.4,9,0,39.06716828678447,0.4665122559273662,-0.014059395529329777,75.07440415889107,11
242.39068928,-6.291183948516846,0.429560124874115,-2.9330742550406916,-44.0,10.4,9,0,39.004672531737704,0.467009089860408,-0.014059395529329777,75.0760411710206,11
242.486594304,-6.343350887298584,0.43302851915359497,-2.9356319821444896,-44.0,10.4,9,0,38.95335342299969,0.4647076137918731,-0.014059395529329777,75.07738953768627,11
242.610770944,-6.406662940979004,0.4368540644645691,-2.9386454576456322,-44.0,10.4,9,0,38.89117211098089,0.4620155844991434,-0.014059395529329777,75.07913538618354,11
242.710170112,-6.458423614501953,0.43702417612075806,-2.9507391936431366,-44.0,10.4,9,0,38.84109736832092,0.4502590074101356,-0.014059395529329777,75.08053287840174,11
242.811117824,-6.508932113647461,0.43364495038986206,-2.9757266865673264,-44.0,10.4,9,0,38.79314893423817,0.4256896785540256,-0.014059395529329777,75.08195214221253,11
242.909806848,-6.571514129638672,0.43008726835250854,-3.004543377728217,-44.0,10.4,9,0,38.73358638732675,0.39737684539773,-0.014059395529329777,75.08333965023535,11
243.029802496,-6.625946998596191,0.4269399046897888,-3.0178876560395977,-58.0,26.0,10,1,57.38706060105706,0.5855763401875045,-0.014059395529329777,75.08502671651237,11
243.146697216,-6.692630767822266,0.4223269820213318,-3.025739711129774,-58.0,26.0,10,0,57.32942956755851,0.5783146534564398,-0.014059395529329777,75.08667018561614,11
243.253089792,-6.749002933502197,0.4186522364616394,-3.0260299107643482,-58.0,26.0,10,0,57.28062546541592,0.5785209450374822,-0.014059395529329777,75.08816600092351,11
243.346575616,-6.805665493011475,0.41476142406463623,-3.020899082596551,-58.0,26.0,10,0,57.23167233797181,0.5841547564074698,-0.014059395529329777,75.08948035509951,11
243.458671616,-6.872104167938232,0.4097716212272644,-3.0149164746884947,-58.0,26.0,10,0,57.17448312570831,0.5907349146818408,-0.014059395529329777,75.09105635710077,11
243.592058112,-6.923212051391602,0.406454861164093,-3.0298364455513513,-58.0,26.0,10,0,57.13027060955286,0.5762672596026306,-0.014059395529329777,75.0929316906063,11
243.6949824,-6.97509765625,0.4029152989387512,-3.0552615390044093,-58.0,26.0,10,0,57.08547454810662,0.5513047798651076,-0.014059395529329777,75.09437874388087,11
243.793318144,-7.040709495544434,0.39807456731796265,-3.082481318657954,-58.0,26.0,10,0,57.029009061863476,0.5246767536081425,-0.014059395529329777,75.09576128500044,11
243.882603264,-7.095170497894287,0.3939654231071472,-3.103250920310994,-58.0,26.0,10,0,56.98219610888549,0.5044006547919828,-0.014059395529329777,75.09701657981739,11
243.996033536,-7.161985874176025,0.3924883008003235,-3.120904546719358,-58.0,26.0,10,0,56.92317924784354,0.4872976712835193,-0.014059395529329777,75.09861134087645,11
244.109882112,-7.217437744140625,0.3866458535194397,-3.138445894021099,-58.0,26.0,10,0,56.87629154492464,0.47028665937349956,-0.014059395529329777,75.10021198303689,11
244.212758016,-7.283371448516846,0.38014376163482666,3.1210056326178166,-58.0,26.0,10,0,56.82036118596585,0.447177614019616,-0.014059395529329777,75.10165835606166,11
244.355139584,-7.339629650115967,0.37664586305618286,3.1110259007979693,-58.0,26.0,10,0,56.77173065192434,0.43769969062723124,-0.014059395529329777,75.10366015484226,11
244.467107584,-7.407439231872559,0.37291866540908813,3.1133075266070915,-58.0,26.0,10,0,56.71291301640576,0.4405796132047839,-0.014059395529329777,75.10523435724089,11
244.550773248,-7.474852085113525,0.36942166090011597,3.1186092858991215,-58.0,26.0,10,0,56.65436539065541,0.44647411976948925,-0.014059395529329777,75.1064106459033,11
244.689067008,-7.530255317687988,0.36635977029800415,3.122667346274126,-58.0,26.0,10,0,56.60634805146467,0.45102320634943327,-0.014059395529329777,75.10835497257438,11
244.767796992,-7.58510160446167,0.3635162115097046,3.124551892283258,-58.0,26.0,10,0,56.55874186427752,0.4533917077422678,-0.014059395529329777,75.10946186855945,11
244.893157632,-7.651002883911133,0.35959506034851074,3.124467968638917,-58.0,26.0,10,0,56.50178648560795,0.4538983211855747,-0.014059395529329777,75.11122436338103,11
245.001213952,-7.71624231338501,0.35741132497787476,3.120689198542976,-58.0,26.0,10,0,56.444651128717105,0.45067853176246553,-0.014059395529329777,75.11274356992335,11
245.103954176,-7.769430160522461,0.35717523097991943,3.117777478102635,-58.0,26.0,10,0,56.39738122052566,0.44819898316843343,-0.014059395529329777,75.11418803536934,11
245.202638848,-7.821196556091309,0.35895103216171265,3.1114690257293205,-58.0,26.0,10,0,56.35047211189542,0.44228015625490347,-0.014059395529329777,75.11557548220567,11
245.310556672,-7.88273811340332,0.36115461587905884,3.101238960555262,-58.0,26.0,10,0,56.294674096583734,0.4325126730077766,-0.014059395529329777,75.11709274157795,11
245.4558464,-7.948696613311768,0.3636093735694885,3.1045468914345027,-58.0,26.0,10,0,56.23484235825013,0.43631593293039694,-0.014059395529329777,75.11913542733025,11
245.553169152,-8.00318717956543,0.36511921882629395,3.1049586428480844,-58.0,26.0,10,0,56.18566013554134,0.43714589399445103,-0.014059395529329777,75.12050372639462,11
245.653314816,-8.056551933288574,0.366335928440094,3.102883753927541,-58.0,26.0,10,0,56.13762319982814,0.4354854356063971,-0.014059395529329777,75.12191171389534,11
245.772652544,-8.121862411499023,0.3683924674987793,3.1044252534390115,-58.0,26.0,10,0,56.078586947226185,0.437526101915636,-0.014059395529329777,75.12358953021487,11
245.90306048,-8.187911033630371,0.3702004551887512,3.1076343566048474,-58.0,26.0,10,0,56.019022054126665,0.4412453976334616,-0.014059395529329777,75.12542298696727,11
246.006016256,-8.241194725036621,0.37106937170028687,3.1084085232142074,-58.0,26.0,10,0,55.97124965142303,0.4424413109947709,-0.014059395529329777,75.12687048294408,11
246.105038336,-8.294082641601562,0.3725225329399109,3.1077836208858116,-58.0,26.0,10,0,55.923571253672705,0.4422263470789991,-0.014059395529329777,75.12826267353294,11
246.195037696,-8.35891056060791,0.3741074204444885,3.1112425937683486,-58.0,26.0,10,0,55.86523186409095,0.44619188365346796,-0.014059395529329777,75.12952801013257,11
246.3066752,-8.42230224609375,0.37554818391799927,3.1097523240946288,-58.0,26.0,10,0,55.80824890150549,0.4451997142502999,-0.014059395529329777,75.13109756595722,11
246.40979072,-8.475861549377441,0.3767188787460327,3.109591316262502,-58.0,26.0,10,0,55.76013651969695,0.4454610843180036,-0.014059395529329777,75.13254730783811,11
246.558634496,-8.530435562133789,0.3776695132255554,3.112412916933299,-58.0,26.0,10,0,55.71123428219562,0.4487176763735703,-0.014059395529329777,75.13463996135697,11
246.654692352,-8.595927238464355,0.37980735301971436,3.1190260868880393,-58.0,26.0,10,0,55.65210397366384,0.45583796392611386,-0.014059395529329777,75.13599047674818,11
246.777062912,-8.647555351257324,0.3810374140739441,3.114791526930336,-58.0,26.0,10,0,55.60571046921609,0.4520111989949953,-0.014059395529329777,75.13771093285236,11
246.91206144,-8.722049713134766,0.38245922327041626,3.1115912601668563,-58.0,26.0,10,0,55.538948314873274,0.4494061816983912,-0.014059395529329777,75.1396089305534,11
247.00566784,-8.776801109313965,0.3840565085411072,3.110048232350486,-58.0,26.0,10,0,55.48963750097535,0.4482927306582858,-0.014059395529329777,75.14092497995507,11
247.102653952,-8.84646987915039,0.3845897316932678,3.116824805118988,-58.0,26.0,10,0,55.42759932159198,0.4556410135337887,-0.014059395529329777,75.14228854606453,11
247.211894784,-8.902859687805176,0.3854309916496277,3.1190413548530733,-58.0,26.0,10,0,55.37720950281704,0.4583146836990326,-0.014059395529329777,75.14382440612958,11
247.354160384,-8.970500946044922,0.38730376958847046,3.123425464126024,-58.0,26.0,10,0,55.31638080779616,0.46323438252931837,-0.014059395529329777,75.1458245744702,11
247.46086144,-9.026994705200195,0.3881230354309082,3.1269266737081622,-58.0,26.0,10,0,55.26593425658083,0.4671957615766691,-0.014059395529329777,75.1473247268199,11
247.563558144,-9.094274520874023,0.3889567255973816,3.129436420095544,-58.0,26.0,10,0,55.20593738215986,0.4702569107449346,-0.014059395529329777,75.148768580401,11
247.6600256,-9.151291847229004,0.39023685455322266,3.133917042401349,-58.0,26.0,10,0,55.154838922441606,0.47519655610340017,-0.014059395529329777,75.15012485452061,11
247.761879296,-9.21957015991211,0.3910803198814392,3.137776419502997,-58.0,26.0,10,0,55.09398426839813,0.47961781473684084,-0.014059395529329777,75.1515568559188,11
247.862372864,-9.275484085083008,0.39153820276260376,3.1395180390648347,-58.0,26.0,10,0,55.044270971315136,0.4818242353719526,-0.014059395529329777,75.15296973473946,11
247.962684416,-9.330950736999512,0.39292752742767334,3.1409708698875654,-58.0,26.0,10,0,54.99453169888748,0.48372393162992466,-0.014059395529329777,75.15438005452519,11
248.110427904,-9.397866249084473,0.394537091255188,-3.1410210418321034,-58.0,26.0,10,0,54.9345714092045,0.48545857827296146,-0.014059395529329777,75.15645723865987,11
248.210024704,-9.465578079223633,0.3952157497406006,-3.139727790162717,-58.0,26.0,10,0,54.87435728722724,0.48731603926078293,-0.014059395529329777,75.15785750946452,11
248.310661888,-9.522395133972168,0.39665108919143677,-3.137815809544068,-58.0,26.0,10,0,54.823440689137044,0.4896884389106084,-0.014059395529329777,75.15927240743933,11
248.409870848,-9.578596115112305,0.3979467749595642,-3.1389973394035096,-58.0,26.0,10,0,54.77314564201348,0.4889651805532509,-0.014059395529329777,75.16066722544802,11
248.51064832,-9.647093772888184,0.39888638257980347,-3.137380187724266,-58.0,26.0,10,0,54.71216097962067,0.49115234293419974,-0.014059395529329777,75.16208409578732,11
248.66415872,-9.715333938598633,0.4016779661178589,-3.1377081642291382,-58.0,26.0,10,0,54.650554138191325,0.49136350229065684,-0.014059395529329777,75.16424235921879,11
248.779170816,-9.772192001342773,0.40297919511795044,-3.1374067507015115,-58.0,26.0,10,0,54.599715552747256,0.49213163368569823,-0.014059395529329777,75.16585935976711,11
248.861020672,-9.840574264526367,0.4046953320503235,-3.1350467382487572,-58.0,26.0,10,0,54.538517656934594,0.4950516648602967,-0.014059395529329777,75.16701011926664,11
248.971893504,-9.897305488586426,0.4070664048194885,-3.1352349618431505,-58.0,26.0,10,0,54.48731475550706,0.49531364912506604,-0.014059395529329777,75.16856892426517,11
249.067347968,-9.965621948242188,0.4085243344306946,-3.1358522568517775,-58.0,26.0,10,0,54.42632728340779,0.49526228337643374,-0.014059395529329777,75.16991095632959,11
249.209879808,-10.022997856140137,0.4100727438926697,-3.1345978404033774,-58.0,26.0,10,0,54.374967693643725,0.496987722088182,-0.014059395529329777,75.17191486784367,11
249.309988608,-10.092552185058594,0.4139893651008606,-3.129180218601111,-58.0,26.0,10,0,54.31176204424329,0.5029444141820392,-0.014059395529329777,75.17332233705883,11
249.413604608,-10.152121543884277,0.41540080308914185,-3.114016300735563,-58.0,26.0,10,0,54.25855866882012,0.5186025920583184,-0.014059395529329777,75.174779115386,11
249.526705152,-10.228316307067871,0.415718138217926,-3.0819235503646847,-58.0,26.0,10,0,54.19122845295785,0.5513531677668837,-0.014059395529329777,75.17636924066868,11
249.627320064,-10.286518096923828,0.41589176654815674,-3.0795578429742534,-58.0,26.0,10,0,54.13984622638077,0.5542235802023505,-0.014059395529329777,75.17778382551263,11
249.767082496,-10.352652549743652,0.41566699743270874,-3.0861755423936557,-58.0,26.0,10,0,54.08167725054118,0.548187414564417,-0.014059395529329777,75.17974880082426,11
249.874947328,-10.406362533569336,0.41532766819000244,-3.095557544826372,-58.0,26.0,10,0,54.034524015781955,0.5392811719501971,-0.014059395529329777,75.18126531516106,11
249.971974912,-10.47397232055664,0.4152687191963196,-3.0972179906453152,-58.0,26.0,10,0,53.9750107151277,0.5382147846332401,-0.014059395529329777,75.18262946434177,11
250.077999104,-10.534749031066895,0.41521668434143066,-3.08716135216395,-58.0,26.0,10,0,53.921528046347184,0.5488065457214795,-0.014059395529329777,75.18412010039278,11
250.177966336,-10.603400230407715,0.41667085886001587,-3.0852639522336682,-58.0,26.0,10,0,53.860415888320226,0.5512849602246135,-0.014059395529329777,75.18552557924744,11
250.28050176,-10.659607887268066,0.4165249466896057,-3.0855611830754084,-58.0,26.0,10,0,53.81102973546007,0.5514862638834561,-0.014059395529329777,75.18696716532922,11
250.411604224,-10.727521896362305,0.4180467128753662,-3.083864992978356,-58.0,26.0,10,0,53.75056762531473,0.5537582563460255,-0.014059395529329777,75.18881038672546,11
250.510070528,-10.78428840637207,0.41951513290405273,-3.081600769019401,-58.0,26.0,10,0,53.69994997510124,0.5565015480255777,-0.014059395529329777,75.1901947634397,11
250.612032,-10.85157299041748,0.4184609651565552,-3.0850508763099573,-58.0,26.0,10,0,53.64130226671561,0.5536662381678568,-0.014059395529329777,75.1916282801033,11
250.730617344,-10.907943725585938,0.41801542043685913,-3.087782919016009,-58.0,26.0,10,0,53.59197420492725,0.5514431302819709,-0.014059395529329777,75.19329551835858,11
250.876020224,-10.97594928741455,0.4184958338737488,-3.0909034478630595,-58.0,26.0,10,0,53.531996981444124,0.5489211243592287,-0.014059395529329777,75.19533979495961,11
250.980009216,-11.033902168273926,0.41933077573776245,-3.088582733358364,-58.0,26.0,10,0,53.48069729818771,0.5517459588803497,-0.014059395529329777,75.19680181732883,11
251.08595072,-11.102792739868164,0.41954439878463745,-3.0872514638304507,-58.0,26.0,10,0,53.420106304326204,0.5536905528785692,-0.014059395529329777,75.19829129083654,11
251.182940928,-11.159393310546875,0.42086881399154663,-3.0877610567624427,-58.0,26.0,10,0,53.369789087713954,0.5536670165717172,-0.014059395529329777,75.19965491453328,11
251.28306688,-11.227888107299805,0.42141956090927124,-3.0854850610827365,-58.0,26.0,10,0,53.30941969466843,0.5565497510663775,-0.014059395529329777,75.2010626248952,11
251.397967104,-11.297002792358398,0.42237919569015503,-3.081464678641599,-58.0,26.0,10,0,53.248329872269636,0.5611771047929164,-0.014059395529329777,75.20267805259083,11
251.511155712,-11.353119850158691,0.4224216341972351,-3.0847602405337806,-58.0,26.0,10,0,53.19909719884766,0.5583875361101995,-0.014059395529329777,75.20426941600012,11
251.610358528,-11.409571647644043,0.42279285192489624,-3.085816732543319,-58.0,26.0,10,0,53.14942652137987,0.5578355828893855,-0.014059395529329777,75.20566414762789,11
251.736353536,-11.477909088134766,0.422282874584198,-3.0891588463287105,-58.0,26.0,10,0,53.089778264366885,0.5551213340550891,-0.014059395529329777,75.20743556128008,11
251.865099264,-11.545577049255371,0.42268115282058716,-3.0956396598175027,-58.0,26.0,10,0,53.03029936835119,0.5492487053740778,-0.014059395529329777,75.20924564839274,11
251.937671936,-11.602584838867188,0.4220110774040222,-3.1039610036203085,-58.0,26.0,10,0,52.98069130314326,0.5414574171063435,-0.014059395529329777,75.210265976293,11
252.081245696,-11.661490440368652,0.4204331040382385,-3.1111597950893186,-58.0,26.0,10,0,52.929875408818305,0.534822018478458,-0.014059395529329777,75.21228453657247,11
252.200585984,-11.74429988861084,0.41904252767562866,-3.114516185847588,-58.0,26.0,10,0,52.85806634748981,0.5322457728367294,-0.014059395529329777,75.21396238888404,11
252.308030464,-11.803519248962402,0.42032891511917114,-3.1120062890314646,-58.0,26.0,10,0,52.80562855029448,0.5352770882079234,-0.014059395529329777,75.2154729933258,11
252.389954816,-11.86198616027832,0.41927003860473633,-3.1098629651364,-58.0,26.0,10,0,52.755000392684806,0.5379748318229325,-0.014059395529329777,75.21662480019405,11
252.489336064,-11.919716835021973,0.41768014430999756,-3.112459897170109,-58.0,26.0,10,0,52.70528992201246,0.5359354130116962,-0.014059395529329777,75.21802204046789,11
252.591666944,-11.989693641662598,0.41483861207962036,-3.1149589175688854,-58.0,26.0,10,0,52.64550098948623,0.534128759467281,-0.014059395529329777,75.21946075078468,11
252.709934336,-12.047953605651855,0.41305333375930786,-3.1149699004481186,-58.0,26.0,10,0,52.59545995168566,0.5346857724433285,-0.014059395529329777,75.22112351882703,11
252.810924032,-12.117387771606445,0.41229569911956787,-3.116218085609475,-58.0,26.0,10,0,52.53517598990628,0.534093160946826,-0.014059395529329777,75.22254337290748,11
252.938576128,-12.17549991607666,0.4112468361854553,-3.11567420902247,-58.0,26.0,10,0,52.484941615858915,0.5351937697998324,-0.014059395529329777,75.22433808421529,11
253.039712768,-12.24511432647705,0.40979474782943726,-3.1158881779546888,-58.0,26.0,10,0,52.424881190569934,0.535651389464542,-0.014059395529329777,75.22576000423956,11
253.139724032,-12.302910804748535,0.40900808572769165,-3.116438373773863,-58.0,26.0,10,0,52.37483010068022,0.5356529629719375,-0.014059395529329777,75.22716610215753,11
253.276761344,-12.372486114501953,0.40742796659469604,-3.115625221913121,-58.0,26.0,10,0,52.31490960191326,0.5371422895241906,-0.014059395529329777,75.22909276392922,11
253.391677696,-12.430169105529785,0.4063810706138611,-3.116037589208221,-58.0,26.0,10,0,52.26512046913548,0.5372873058627583,-0.014059395529329777,75.23070841837477,11
253.49997056,-12.487863540649414,0.40567052364349365,-3.1162400090965905,-58.0,26.0,10,0,52.21517276078707,0.537637825187284,-0.014059395529329777,75.23223095058276,11
253.593781504,-12.557238578796387,0.4042128920555115,-3.115909834714301,-58.0,26.0,10,0,52.155430045774224,0.5386443644254424,-0.014059395529329777,75.23354987574943,11
253.694150912,-12.615044593811035,0.40297120809555054,-3.115748184714156,-58.0,26.0,10,0,52.105681649848385,0.5393712261353549,-0.014059395529329777,75.23496100895555,11
253.794392064,-12.68404769897461,0.4021832346916199,-3.116575530219395,-58.0,26.0,10,0,52.04597732869574,0.5392083751309613,-0.014059395529329777,75.23637033895983,11
253.910107904,-12.741907119750977,0.40107566118240356,-3.1163518358936577,-58.0,26.0,10,0,51.9961527275024,0.5399979075351808,-0.014059395529329777,75.2379972337234,11
254.009955584,-12.811210632324219,0.3998177647590637,-3.116426655911671,-58.0,26.0,10,0,51.93646132529356,0.5406011205116421,-0.014059395529329777,75.23940103174921,11
254.161108224,-12.868265151977539,0.4003090262413025,-3.1185541691736263,-58.0,26.0,10,0,51.886584666406286,0.5390073773510569,-0.014059395529329777,75.24152614650028,11
254.247882752,-12.936899185180664,0.4002578854560852,-3.118512376035565,-58.0,26.0,10,0,51.82692207123364,0.5397034056823138,-0.014059395529329777,75.2427461439113,11
254.3536512,-12.993894577026367,0.4014607071876526,-3.1203471512020386,-58.0,26.0,10,0,51.77677799235362,0.5383921634482096,-0.014059395529329777,75.24423318435626,11
254.473732352,-13.061376571655273,0.40201979875564575,-3.122248632474662,-58.0,26.0,10,0,51.71785442202597,0.5371263862340321,-0.014059395529329777,75.24592145276785,11
254.565900544,-13.117298126220703,0.40175551176071167,-3.1246440993779463,-58.0,26.0,10,0,51.669401470988845,0.5352710507174265,-0.014059395529329777,75.2472172818344,11
254.67929728,-13.184412002563477,0.4032447934150696,-3.1258122722500095,-58.0,26.0,10,0,51.61037497114131,0.5347220583542782,-0.014059395529329777,75.24881157139755,11
254.769156864,-13.240062713623047,0.40396881103515625,-3.1232122762056664,-58.0,26.0,10,0,51.56169894899565,0.5378451541234295,-0.014059395529329777,75.2500749428311,11
254.897828608,-13.294727325439453,0.4041828513145447,-3.122561213945183,-58.0,26.0,10,0,51.514146216507854,0.5390193845534981,-0.014059395529329777,75.25188398977345,11
255.010200576,-13.36026382446289,0.4042373299598694,-3.1213344056277563,-58.0,26.0,10,0,51.457255197713145,0.5408780925543883,-0.014059395529329777,75.25346387171797,11
255.09964672,-13.414033889770508,0.40521663427352905,-3.12387240146039,-58.0,26.0,10,0,51.41012847213087,0.5388438231375883,-0.014059395529329777,75.25472143043504,11
255.200296192,-13.467859268188477,0.4061219096183777,-3.125021980994113,-58.0,26.0,10,0,51.36300374650205,0.538200680477475,-0.014059395529329777,75.25613650117171,11
255.311411456,-13.522371292114258,0.40653127431869507,-3.12426565957301,-58.0,26.0,10,0,51.315544398251966,0.5394794185476233,-0.014059395529329777,75.25769871461763,11
255.410561024,-13.587696075439453,0.4062543511390686,-3.1225216324816896,-58.0,26.0,10,0,51.259072916178695,0.5418637334186176,-0.014059395529329777,75.25909269761071,11
255.551983616,-13.641725540161133,0.4067726731300354,-3.1227280577697867,-58.0,26.0,10,0,51.21200833846723,0.5421753100689735,-0.014059395529329777,75.26108101376842,11
255.652549888,-13.717386245727539,0.4080256223678589,-3.123088497850774,-58.0,26.0,10,0,51.145860374574404,0.5425329381337693,-0.014059395529329777,75.26249491476338,11
255.804860672,-13.793045043945312,0.4089263081550598,-3.1247344199612943,-58.0,26.0,10,0,51.079916984937306,0.5416128932975344,-0.014059395529329777,75.26463631231901,11
255.903311872,-13.846687316894531,0.409540593624115,-3.1265888560791137,-58.0,26.0,10,0,51.0331914886915,0.5402746542811823,-0.014059395529329777,75.26602047668015,11
256.00381568,-13.901012420654297,0.40979260206222534,-3.1252000842988883,-58.0,26.0,10,0,50.98607084481756,0.5421934364396002,-0.014059395529329777,75.26743349946904,11
256.111532032,-13.965452194213867,0.4096972346305847,-3.1250589325481255,-58.0,26.0,10,0,50.930393637624064,0.5429712451024571,-0.014059395529329777,75.26894792626678,11
256.209671168,-14.019527435302734,0.4102615714073181,-3.1253565767097413,-58.0,26.0,10,0,50.88336348805847,0.5431979869858843,-0.014059395529329777,75.27032770319671,11
256.355019776,-14.073867797851562,0.41101497411727905,-3.1236221634139856,-58.0,26.0,10,0,50.8360231026727,0.5454571679793592,-0.014059395529329777,75.27237121676622,11
256.455854848,-14.128374099731445,0.41150373220443726,-3.122666131061934,-58.0,26.0,10,0,50.78868673612365,0.546945093314509,-0.014059395529329777,75.27378889692669,11
256.555147776,-14.194038391113281,0.4112365245819092,-3.1220936525647867,-58.0,26.0,10,0,50.73211102132601,0.5481742364367292,-0.014059395529329777,75.27518489547471,11
256.655358208,-14.248605728149414,0.4111587405204773,-3.122602090169404,-58.0,26.0,10,0,50.68504017689797,0.5482101483800221,-0.014059395529329777,75.27659379357436,11
256.749087232,-14.302980422973633,0.4120637774467468,-3.1255647152008135,-58.0,26.0,10,0,50.63765397453241,0.54577421385995,-0.014059395529329777,75.27791156699536,11
256.852608768,-14.358015060424805,0.4124792218208313,-3.1286118676215113,-58.0,26.0,10,0,50.58996016048895,0.543269684816952,-0.014059395529329777,75.27936701721579,11
256.957825536,-14.424169540405273,0.4133111834526062,-3.1274581113944744,-58.0,26.0,10,0,50.53248108729844,0.5450713824190618,-0.014059395529329777,75.28084630137342,11
257.057391104,-14.478719711303711,0.4139450192451477,-3.12755172785093,-58.0,26.0,10,0,50.48512699246655,0.5455140513393442,-0.014059395529329777,75.28224613307503,11
257.209354752,-14.544059753417969,0.4153023362159729,-3.128215241878215,-58.0,26.0,10,0,50.42812208740024,0.5454840031811052,-0.014059395529329777,75.28438265010834,11
257.308709376,-14.598642349243164,0.41719216108322144,-3.1292855510171984,-58.0,26.0,10,0,50.38013400986396,0.5449310394738376,-0.014059395529329777,75.28577951606482,11
257.39645056,-14.663328170776367,0.42061084508895874,-3.1322089568494085,-58.0,26.0,10,0,50.32268151412647,0.5426018399401862,-0.014059395529329777,75.28701310407489,11
257.512377344,-14.718772888183594,0.4222955107688904,-3.1316805216673904,-58.0,26.0,10,0,50.2740846484853,0.5436620036644335,-0.014059395529329777,75.28864296458359,11
257.608933632,-14.77499008178711,0.42460042238235474,-3.127676213543019,-58.0,26.0,10,0,50.2245213614267,0.5481962728779859,-0.014059395529329777,75.29000048762742,11
257.746175488,-14.838590621948242,0.4282516837120056,-3.1328236717808697,-58.0,26.0,10,0,50.16793369724681,0.5436317437802565,-0.014059395529329777,75.2919300251641,11
257.854191104,-14.906734466552734,0.4302564263343811,-3.1255712149263615,-58.0,26.0,10,0,50.10829592751293,0.551542968357781,-0.014059395529329777,75.2934486594328,11
257.958589184,-14.960037231445312,0.43245166540145874,-3.1274877993901957,-58.0,26.0,10,0,50.06134160168509,0.5501320023387688,-0.014059395529329777,75.29491643333202,11
258.059849984,-15.024673461914062,0.4363662600517273,-3.129395630578847,-58.0,26.0,10,0,50.003780467534,0.5488170413267159,-0.014059395529329777,75.29634009897083,11
258.160891136,-15.079429626464844,0.4385111927986145,-3.12989737408365,-58.0,26.0,10,0,49.95563102624433,0.5488387577502039,-0.014059395529329777,75.29776067649154,11
258.305067264,-15.146265029907227,0.4408634305000305,-3.1280104244821345,-58.0,26.0,10,0,49.89701457066648,0.5513705879508102,-0.014059395529329777,75.29978770570098,11
258.381504256,-15.20002555847168,0.44373053312301636,-3.13272410245797,-58.0,26.0,10,0,49.8493803498008,0.5471599409534527,-0.014059395529329777,75.30086236360458,11
258.495929344,-15.256599426269531,0.446777880191803,-3.1286773049261383,-58.0,26.0,10,0,49.79925153363891,0.5517366119676392,-0.014059395529329777,75.30247111117525,11
258.611098624,-15.312538146972656,0.4492177367210388,-3.1232822982344692,-58.0,26.0,10,0,49.74999370571975,0.5576664804935039,-0.014059395529329777,75.3040903216356,11
258.710607104,-15.376129150390625,0.45200425386428833,-3.1238773761108636,-58.0,26.0,10,0,49.694008218785775,0.5576804973411669,-0.014059395529329777,75.30548935071444,11
258.80809088,-15.427000045776367,0.4548659920692444,-3.1265276869359018,-58.0,26.0,10,0,49.648909319193166,0.555507507227496,-0.014059395529329777,75.30685991367892,11
258.912190208,-15.488006591796875,0.4582868218421936,-3.132979205354817,-58.0,26.0,10,0,49.59484545408309,0.5496297484159474,-0.014059395529329777,75.30832348730561,11
259.011878144,-15.542591094970703,0.4604753851890564,-3.1344628588427565,-58.0,26.0,10,0,49.54693621687819,0.5486756013290304,-0.014059395529329777,75.30972503942733,11
259.157043712,-15.599740982055664,0.4631182551383972,-3.1284727832195816,-58.0,26.0,10,0,49.49660891454904,0.5552150851564495,-0.014059395529329777,75.31176597956508,11
259.252987392,-15.664182662963867,0.46617645025253296,-3.1274634578214617,-58.0,26.0,10,0,49.43983793121219,0.5568439065861099,-0.014059395529329777,75.31311488971075,11
259.36700672,-15.71684455871582,0.4699212908744812,-3.130295415164993,-58.0,26.0,10,0,49.39281479087767,0.5544976707593499,-0.014059395529329777,75.31471793254109,11
259.461245952,-15.770130157470703,0.4753684401512146,-3.1290558257150693,-58.0,26.0,10,0,49.34438897365124,0.5562009217453365,-0.014059395529329777,75.31604287917816,11
259.59009664,-15.83415412902832,0.48155897855758667,-3.127273446439543,-58.0,26.0,10,0,49.28640167611523,0.5585477576670979,-0.014059395529329777,75.31785444196497,11
259.670039552,-15.887510299682617,0.4862139821052551,-3.126112163082653,-58.0,26.0,10,0,49.238349543077284,0.5601892179090733,-0.014059395529329777,75.31897839098454,11
259.78760192,-15.940315246582031,0.4907769560813904,-3.1252381546768198,-58.0,26.0,10,0,49.19082782248422,0.5615401297476268,-0.014059395529329777,75.32063124681562,11
259.875553024,-16.003793716430664,0.49736469984054565,-3.123575711503502,-58.0,26.0,10,0,49.133143085549165,0.5637579157564581,-0.014059395529329777,75.321867786174,11
259.996712192,-16.067537307739258,0.5035555958747864,-3.1224452876515585,-58.0,26.0,10,0,49.0754531786563,0.5654547039836828,-0.014059395529329777,75.3235712108389,11
260.111255808,-16.121084213256836,0.5079743266105652,-3.121412982827788,-58.0,26.0,10,0,49.02741029675004,0.5669774272205572,-0.014059395529329777,75.3251816248416,11
260.212644864,-16.17658233642578,0.5103903412818909,-3.119473198958654,-58.0,26.0,10,0,48.978755247715185,0.5694642392555167,-0.014059395529329777,75.32660709368226,11
260.31045504,-16.24344253540039,0.5136122107505798,-3.118380239974687,-58.0,26.0,10,0,48.91999646196238,0.5712122334408765,-0.014059395529329777,75.32798224563344,11
260.412621056,-16.299213409423828,0.5166419148445129,-3.1168514095603337,-58.0,26.0,10,0,48.87082096270777,0.5732826857505469,-0.014059395529329777,75.32941863806204,11
260.526329856,-16.3547420501709,0.5194236636161804,-3.115903217628981,-58.0,26.0,10,0,48.82199586397597,0.5747753332424033,-0.014059395529329777,75.3310173150564,11
260.627714048,-16.42215347290039,0.5223495364189148,-3.113910878239279,-58.0,26.0,10,0,48.7629777082518,0.5774379920098163,-0.014059395529329777,75.33244271551214,11
260.774091776,-16.477750778198242,0.5250028967857361,-3.113012173300678,-58.0,26.0,10,0,48.71419359741257,0.5788865583395761,-0.014059395529329777,75.33450069788678,11
260.876295936,-16.535888671875,0.5286681056022644,-3.1066833695738665,-58.0,26.0,10,0,48.66272985258541,0.5857759350387433,-0.014059395529329777,75.33593762659696,11
260.952446464,-16.61015510559082,0.5339701771736145,-3.0793407651840585,-58.0,26.0,10,0,48.59668646441167,0.6138254854316472,-0.014059395529329777,75.33700825698988,11
261.078345472,-16.667936325073242,0.5419299006462097,-3.0615660858440887,-58.0,26.0,10,0,48.54330871306376,0.632084261976134,-0.014059395529329777,75.3387783209401,11
261.17767936,-16.721643447875977,0.5504575371742249,-3.0502604606954686,-58.0,26.0,10,0,48.493112203811506,0.6438209865151272,-0.014059395529329777,75.34017489536095,11
261.277672704,-16.781734466552734,0.5608025193214417,-3.0483826247270907,-58.0,26.0,10,0,48.43653767608425,0.6461681034199422,-0.014059395529329777,75.34158074133454,11
261.4106432,-16.82706069946289,0.5691439509391785,-3.0536086163200173,-58.0,26.0,10,0,48.39358810869232,0.6412873496678895,-0.014059395529329777,75.34345022613154,11
261.494137088,-16.86945152282715,0.5776774287223816,-3.0672103667309085,-58.0,26.0,10,0,48.35304026585254,0.6279961521129156,-0.014059395529329777,75.34462409972721,11
261.609965824,-16.917531967163086,0.5859619975090027,-3.096837787989096,-58.0,26.0,10,0,48.30778930215213,0.5987461420110609,-0.014059395529329777,75.3462525817403,11
261.710020096,-16.963756561279297,0.5903927683830261,-3.109113128153874,-58.0,26.0,10,0,48.26615185849178,0.5868965667201103,-0.014059395529329777,75.34765928432475,11
261.81089152,-17.017444610595703,0.5948576331138611,-3.1089662377166474,-58.0,26.0,10,0,48.2181615672699,0.5875508985823963,-0.014059395529329777,75.34907747557237,11
261.910607872,-17.082725524902344,0.5998777747154236,-3.1098461651274447,-58.0,26.0,10,0,48.16004110805839,0.5872965589288821,-0.014059395529329777,75.35047942720588,11
262.010489344,-17.137876510620117,0.6056358218193054,-3.1089845450995774,-58.0,26.0,10,0,48.11015348214343,0.5886610899565881,-0.014059395529329777,75.35188370032678,11
262.137048576,-17.19227409362793,0.6125636696815491,-3.109807043203925,-58.0,26.0,10,0,48.06029980218146,0.5883135987763346,-0.014059395529329777,75.35366304662736,11
262.238832128,-17.257976531982422,0.6199924349784851,-3.1067015623758683,-58.0,26.0,10,0,48.000596457430035,0.5920107185531798,-0.014059395529329777,75.3550940618433,11
262.338884096,-17.31308937072754,0.6262297034263611,-3.100620233129303,-58.0,26.0,10,0,47.9505257074173,0.5985893621034304,-0.014059395529329777,75.3565007320349,11
262.473971456,-17.379680633544922,0.6345369219779968,-3.09350460426157,-58.0,26.0,10,0,47.889634187319736,0.6062936148101983,-0.014059395529329777,75.35839997866016,11
262.588994816,-17.435649871826172,0.6413751244544983,-3.089661735614203,-58.0,26.0,10,0,47.838544677902895,0.6106349253944803,-0.014059395529329777,75.36001713757351,11
262.697114624,-17.492155075073242,0.6479811072349548,-3.0842406195148344,-58.0,26.0,10,0,47.78713595101751,0.6165656183720198,-0.014059395529329777,75.36153723671873,11
262.777608448,-17.547565460205078,0.6542360186576843,-3.0811366436735703,-58.0,26.0,10,0,47.736853813320195,0.6201743234788317,-0.014059395529329777,75.36266893122801,11
262.887856128,-17.615938186645508,0.6607435345649719,-3.073269402718065,-58.0,26.0,10,0,47.67546923487935,0.6286873437489238,-0.014059395529329777,75.36421894696733,11
262.98690048,-17.67578887939453,0.6610082983970642,-3.0688749054458686,-58.0,26.0,10,0,47.62464176193942,0.6337450702316527,-0.014059395529329777,75.36561145068704,11
263.094810368,-17.742658615112305,0.660514771938324,-3.0411682126130404,-58.0,26.0,10,0,47.56829876086118,0.66220849271944,-0.014059395529329777,75.36712859848396,11
263.188801024,-17.818023681640625,0.6544769406318665,-2.988992135788652,-58.0,26.0,10,0,47.50775473543404,0.7153371844963132,-0.014059395529329777,75.36845005029272,11
263.288260352,-17.909282684326172,0.6550812125205994,-2.94624512043197,-58.0,26.0,10,0,47.43027011549898,0.7590999194568759,-0.014059395529329777,75.36984838832416,11
263.410959616,-17.972469329833984,0.6613819003105164,-2.9363311692714262,-58.0,26.0,10,0,47.3735029183297,0.769614181512928,-0.014059395529329777,75.3715734658079,11
263.5128128,-18.041553497314453,0.6690708994865417,-2.9293386579507525,-58.0,26.0,10,0,47.31102848177391,0.7772503963863038,-0.014059395529329777,75.37300546000768,11
263.639764736,-18.096742630004883,0.6750900149345398,-2.9239055939788092,-58.0,26.0,10,0,47.26119988413051,0.783201121357262,-0.014059395529329777,75.37479032748911,11
263.739679488,-18.16005516052246,0.682279646396637,-2.9202200063145627,-58.0,26.0,10,0,47.203899931211986,0.7874768237089018,-0.014059395529329777,75.37619506850669,11
263.840403712,-18.210390090942383,0.6852845549583435,-2.926289153274541,-58.0,26.0,10,0,47.15981207318798,0.781926357995296,-0.014059395529329777,75.3776111902113,11
263.956134144,-18.270524978637695,0.6827355027198792,-2.9446818849978085,-58.0,26.0,10,0,47.1104560272801,0.7642644669379237,-0.014059395529329777,75.37923829012956,11
264.091022592,-18.326457977294922,0.6798378825187683,-2.94736013170557,-58.0,26.0,10,0,47.06485468247913,0.7622768026204767,-0.014059395529329777,75.38113474017233,11
264.191069952,-18.389814376831055,0.6757153868675232,-2.944725221658907,-58.0,26.0,10,0,47.013680947877695,0.7657106256882411,-0.014059395529329777,75.38254134557823,11
264.292985344,-18.468923568725586,0.6700801253318787,-2.9382839602364426,-58.0,26.0,10,0,46.95008886756623,0.7731606314391861,-0.014059395529329777,75.38397421438489,11
264.392631808,-18.544071197509766,0.674717128276825,-2.9245245049500412,-58.0,26.0,10,0,46.884328620552665,0.7877015511952337,-0.014059395529329777,75.38537518343537,11
264.496212736,-18.602508544921875,0.6791360974311829,-2.9160493664428238,-58.0,26.0,10,0,46.832771450399626,0.7967712947005321,-0.014059395529329777,75.38683146867142,11
264.609933568,-18.66102409362793,0.6838073134422302,-2.9108838103263186,-58.0,26.0,10,0,46.78102860674446,0.8025291365815068,-0.014059395529329777,75.38843031482843,11
264.752052992,-18.731019973754883,0.6889416575431824,-2.9056419199381036,-58.0,26.0,10,0,46.719401395104484,0.8084893938550088,-0.014059395529329777,75.39042842802284,11
264.844916736,-18.800085067749023,0.6869539618492126,-2.9144287064332106,-58.0,26.0,10,0,46.66244346822458,0.8005402820927827,-0.014059395529329777,75.39173403613007,11
264.944654848,-18.857702255249023,0.683628261089325,-2.921798903273401,-58.0,26.0,10,0,46.61585728871081,0.7939005131147461,-0.014059395529329777,75.39313629369603,11
265.088074496,-18.92673110961914,0.6804655194282532,-2.930777646948928,-58.0,26.0,10,0,46.55963024007887,0.7857839803773707,-0.014059395529329777,75.39515268725394,11
265.164805376,-18.985023498535156,0.6772719025611877,-2.936307307343278,-58.0,26.0,10,0,46.512460155389235,0.7809934773387681,-0.014059395529329777,75.39623147704518,11
265.287742464,-19.05457305908203,0.6775442957878113,-2.9433793763533456,-58.0,26.0,10,0,46.45398844558094,0.7747315930220893,-0.014059395529329777,75.39795989819059,11
265.399408128,-19.12495994567871,0.6829919219017029,-2.9381727434565597,-58.0,26.0,10,0,46.39202126714872,0.7806668291845149,-0.014059395529329777,75.39952984992782,11
265.547893504,-19.204927444458008,0.6884011626243591,-2.9285543011465722,-58.0,26.0,10,0,46.322075625925955,0.7911295129662612,-0.014059395529329777,75.40161746455932,11
265.649766656,-19.26209831237793,0.6919969916343689,-2.920054685806347,-58.0,26.0,10,0,46.27223836633924,0.8002391729879861,-0.014059395529329777,75.4030497394971,11
265.762605824,-19.318843841552734,0.6918551325798035,-2.92275000599035,-58.0,26.0,10,0,46.22482058791046,0.7982178412965606,-0.014059395529329777,75.40463618999122,11
265.89007488,-19.38677215576172,0.6879836916923523,-2.9331201181416042,-58.0,26.0,10,0,46.17011516276617,0.7887234141948198,-0.014059395529329777,75.40642832786727,11
265.99807744,-19.44343376159668,0.6850253939628601,-2.9394961869838605,-58.0,26.0,10,0,46.12436166930322,0.7830744645209933,-0.014059395529329777,75.40794677857649,11
266.070637824,-19.500062942504883,0.6824552416801453,-2.9475405333568934,-58.0,26.0,10,0,46.078446436708504,0.7757512561441615,-0.014059395529329777,75.40896693371491,11
266.202165504,-19.568115234375,0.6793603301048279,-2.95655190939426,-58.0,26.0,10,0,46.02330453075864,0.7676085019718926,-0.014059395529329777,75.41081613339108,11
266.311017728,-19.63555335998535,0.6756252646446228,-2.9647145424608725,-58.0,26.0,10,0,45.96906265882781,0.7603208358996127,-0.014059395529329777,75.41234652986255,11
266.40385152,-19.692455291748047,0.6732510924339294,-2.9715065915706167,-58.0,26.0,10,0,45.92289398330229,0.7542545405903542,-0.014059395529329777,75.41365171686276,11
266.507896832,-19.74942970275879,0.6705723404884338,-2.9790525790822118,-58.0,26.0,10,0,45.876857277091474,0.74744217495968,-0.014059395529329777,75.41511453105714,11
266.652084736,-19.818220138549805,0.6665319800376892,-2.9868621319606503,-58.0,26.0,10,0,45.82175155214712,0.7405350132219226,-0.014059395529329777,75.41714172583002,11
266.763070208,-19.88623046875,0.6632458567619324,-2.9971247379438144,-58.0,26.0,10,0,45.76691532533225,0.7311538101165809,-0.014059395529329777,75.41870211447888,11
266.862076672,-19.943300247192383,0.6608570218086243,-3.003319744829036,-58.0,26.0,10,0,45.72072356103491,0.7256933376023138,-0.014059395529329777,75.42009408551621,11
266.955455744,-20.000003814697266,0.6584245562553406,-3.0079320166870214,-58.0,26.0,10,0,45.67488539727302,0.7218134316631506,-0.014059395529329777,75.42140693882362,11
267.058921472,-20.068193435668945,0.6551917195320129,-3.017193353694872,-58.0,26.0,10,0,45.619965541498466,0.71344036660747,-0.014059395529329777,75.4228616044173,11
267.167997952,-20.125286102294922,0.6528342366218567,-3.0230625963261444,-58.0,26.0,10,0,45.573816661205626,0.7083101188256258,-0.014059395529329777,75.42439515379257,11
267.310625536,-20.193906784057617,0.6498667597770691,-3.029224482967014,-58.0,26.0,10,0,45.518457130592424,0.7030408700109465,-0.014059395529329777,75.42640041140942,11
267.406313216,-20.263309478759766,0.6483513712882996,-3.0334323992121526,-58.0,26.0,10,0,45.46167506471272,0.6997108443252742,-0.014059395529329777,75.42774572234983,11
267.510481408,-20.322383880615234,0.6491445899009705,-3.0326534173682145,-58.0,26.0,10,0,45.41220790121826,0.7012007438079699,-0.014059395529329777,75.42921026416273,11
267.610876672,-20.39317512512207,0.6499989628791809,-3.0313366386040146,-58.0,26.0,10,0,45.35301345833333,0.7033732444544807,-0.014059395529329777,75.43062176088858,11
267.764091392,-20.463687896728516,0.6502744555473328,-3.031956081609019,-58.0,26.0,10,0,45.29440706636175,0.7036189099604861,-0.014059395529329777,75.43277586723798,11
267.85484416,-20.52271270751953,0.6508169770240784,-3.0311310834337757,-58.0,26.0,10,0,45.245200217652354,0.7051640854472296,-0.014059395529329777,75.43405179629868,11
267.960050944,-20.581689834594727,0.6500439047813416,-3.033599030779493,-58.0,26.0,10,0,45.19679424100768,0.7034413904155468,-0.014059395529329777,75.4355309400873,11
268.070217472,-20.65321159362793,0.6511279940605164,-3.033016428747604,-58.0,26.0,10,0,45.136990553689216,0.704892849217293,-0.014059395529329777,75.43707981487854,11
268.16865536,-20.711971282958984,0.6516038775444031,-3.032507856442504,-58.0,26.0,10,0,45.08811674470112,0.7061245746611267,-0.014059395529329777,75.43846379208101,11
268.27206912,-20.782312393188477,0.6515046954154968,-3.033723121679258,-58.0,26.0,10,0,45.030017599427545,0.7057893352404214,-0.014059395529329777,75.43991772703602,11
268.37136512,-20.841468811035156,0.6523451209068298,-3.033385542394409,-58.0,26.0,10,0,44.980663045256335,0.706851803233139,-0.014059395529329777,75.44131376877449,11
268.512898816,-20.900493621826172,0.6530985236167908,-3.0327777043988045,-58.0,26.0,10,0,44.93148993698782,0.7081860688902601,-0.014059395529329777,75.44330364698729,11
268.585392896,-20.971092224121094,0.6533200144767761,-3.0331105204735285,-58.0,26.0,10,0,44.873089902112476,0.7087367097061552,-0.014059395529329777,75.44432286993154,11
268.71012608,-21.030235290527344,0.6535212397575378,-3.033426947299075,-58.0,26.0,10,0,44.82418418908694,0.7091618706422516,-0.014059395529329777,75.44607654310103,11
268.811403008,-21.08911895751953,0.654141366481781,-3.033846503548307,-58.0,26.0,10,0,44.775279889716316,0.7094745299067498,-0.014059395529329777,75.44750043548977,11
268.914184704,-21.15934181213379,0.6536173224449158,-3.038260913285058,-58.0,26.0,10,0,44.71770578364076,0.7059587111045893,-0.014059395529329777,75.44894548400701,11
269.021872384,-21.21821403503418,0.6540371775627136,-3.0375057580121205,-58.0,26.0,10,0,44.668978163474144,0.7074531577703205,-0.014059395529329777,75.45045950769376,11
269.169953024,-21.288516998291016,0.6544165015220642,-3.0375574762228887,-58.0,26.0,10,0,44.610890901920854,0.7082886398331159,-0.014059395529329777,75.45254143198176,11
269.27318016,-21.34708023071289,0.6547473073005676,-3.0374988861024512,-58.0,26.0,10,0,44.56252194019752,0.7090877704263363,-0.014059395529329777,75.45399274311615,11
269.377056,-21.40585708618164,0.6549393534660339,-3.038313663034065,-58.0,26.0,10,0,44.51408085958248,0.7090204378955924,-0.014059395529329777,75.45545317463665,11
269.473614592,-21.476932525634766,0.6553117632865906,-3.0386693980639996,-58.0,26.0,10,0,44.4554572527742,0.7095681285732081,-0.014059395529329777,75.45681073007333,11
269.572983552,-21.5349063873291,0.6558899283409119,-3.0393402834373138,-58.0,26.0,10,0,44.40751026014883,0.7096308291431654,-0.014059395529329777,75.4582077975853,11
269.674480384,-21.593053817749023,0.6562129855155945,-3.039370268955657,-58.0,26.0,10,0,44.35959051380961,0.7103429703646356,-0.014059395529329777,75.45963478169136,11
269.772244224,-21.662731170654297,0.6565530896186829,-3.0397243083237586,-58.0,26.0,10,0,44.30222801705864,0.7108811966541104,-0.014059395529329777,75.4610092821864,11
269.872677376,-21.72105598449707,0.6536733508110046,-3.046850112385166,-58.0,26.0,10,0,44.25605103810533,0.7045626761811299,-0.014059395529329777,75.46242131159462,11
270.010737408,-21.778644561767578,0.6508414149284363,-3.0557825008428305,-58.0,26.0,10,0,44.21047874377608,0.6964288227892173,-0.014059395529329777,75.4643623521913,11
270.110615808,-21.847763061523438,0.6510037779808044,-3.0611579497995103,-58.0,26.0,10,0,44.15377498153122,0.6919479239256319,-0.014059395529329777,75.46576658212173,11
270.202413568,-21.905231475830078,0.6502782702445984,-3.0625898420360125,-58.0,26.0,10,0,44.10715028869402,0.6912775195600656,-0.014059395529329777,75.46705720313828,11
270.310482688,-21.961742401123047,0.6512205004692078,-3.062855727351142,-58.0,26.0,10,0,44.06037486085253,0.6917312714308146,-0.014059395529329777,75.46857658964086,11
270.411569152,-22.018512725830078,0.6518124938011169,-3.0611483439580796,-58.0,26.0,10,0,44.01361194347346,0.6941697207506401,-0.014059395529329777,75.4699978042209,11
270.55406848,-22.08695411682129,0.6521443724632263,-3.0615322038991573,-58.0,26.0,10,0,43.95748684264999,0.694676386071297,-0.014059395529329777,75.47200125863591,11
270.62736,-22.14470672607422,0.6513474583625793,-3.0639676160824605,-58.0,26.0,10,0,43.910775914755696,0.6930142196013893,-0.014059395529329777,75.47303169310455,11
270.728758528,-22.201013565063477,0.6521000266075134,-3.067767005269467,-58.0,26.0,10,0,43.864375782973134,0.6899418463612648,-0.014059395529329777,75.47445729511578,11
270.875209472,-22.267927169799805,0.6550635695457458,-3.067400204145933,-58.0,26.0,10,0,43.80806810858587,0.6911360915345703,-0.014059395529329777,75.47651630686312,11
270.95273344,-22.3234920501709,0.6567263007164001,-3.06693131677176,-58.0,26.0,10,0,43.76179545323774,0.6923085738014798,-0.014059395529329777,75.47760624699224,11
271.079318528,-22.38959503173828,0.6574519276618958,-3.0742387652960383,-58.0,26.0,10,0,43.70750147059846,0.6858634466888027,-0.014059395529329777,75.47938595681255,11
271.182430208,-22.445613861083984,0.658549964427948,-3.077464601075489,-54.0,-0.0,11,1,31.56125746321688,0.043260767325053795,-0.014059395529329777,75.48083564470537,11
271.279787264,-22.502046585083008,0.6593384146690369,-3.0764433773149733,-54.0,-0.0,11,0,31.504853538357217,0.04421959464027081,-0.014059395529329777,75.48220442606323,11
271.383232256,-22.558303833007812,0.66012042760849,-3.0720425057103538,-54.0,-0.0,11,0,31.4486250388852,0.048558167750427206,-0.014059395529329777,75.48365880012129,11
271.509957632,-22.625051498413086,0.6603607535362244,-3.0772188036025154,-54.0,-0.0,11,0,31.381897167029944,0.043329567866089214,-0.014059395529329777,75.48544048230607,11
271.610281472,-22.693239212036133,0.6609103083610535,-3.0755420994879294,-54.0,-0.0,11,0,31.31373617872019,0.04494290398456702,-0.014059395529329777,75.48685097485365,11
271.711510784,-22.760913848876953,0.6620883345603943,-3.078079517501987,-54.0,-0.0,11,0,31.246101589159064,0.04232208003687221,0.0,75.48756258632194,11
271.81942528,-22.81808090209961,0.6621344685554504,-3.0791829572876073,-54.0,-0.0,11,0,31.188948374102875,0.041178322662286604,0.031229421123017718,75.48924763994238,12
271.922921984,-22.888322830200195,0.6630292534828186,-3.080718470298555,-54.0,-0.0,11,0,31.118741364470647,0.039566141902497076,0.3107054342397098,75.50694220519875,12
272.036370176,-22.951574325561523,0.6642407774925232,-3.0841208183365434,-54.0,-0.0,11,0,31.055530146362244,0.03608139589962578,0.6544064314254863,75.56168730331747,12
272.138848,-23.01769256591797,0.6641747355461121,-3.0865476028596173,-54.0,-0.0,11,0,30.989425648425826,0.033611107391087636,0.8765662974838575,75.64013268024846,12
272.273142784,-23.09440040588379,0.6660011410713196,-3.0879547995950247,-54.0,-0.0,11,0,30.912774766942945,0.03209165895249244,1.0,75.76613921303961,12
272.340832768,-23.182859420776367,0.6666921973228455,-3.0904218175216593,-54.0,-0.0,11,0,30.824351282153582,0.029540399072102375,1.0,75.83382919703958,12
272.481144576,-23.30415153503418,0.6685799956321716,-3.095890262626617,-54.0,-0.0,11,0,30.703128703679436,0.02392503885590358,1.0,75.97414100503961,12
272.554228224,-23.416902542114258,0.6712835431098938,-3.0973963094626025,-54.0,-0.0,11,0,30.590463738129035,0.022250373106735388,1.0,76.04722465303958,12
272.662541312,-23.541183471679688,0.6716483235359192,-3.1089289376604112,-54.0,-0.0,11,0,30.466220897518408,0.010616257450107192,1.0,76.15553774103957,12
272.770688512,-23.687490463256836,0.6730166077613831,-3.1217074491815135,-54.0,-0.0,11,0,30.31997997640282,0.002313751126845176,1.0,76.26368494103959,12
272.875260672,-23.797861099243164,0.674159824848175,-3.1368074021752563,-54.0,-0.0,11,0,30.209662124063033,0.017532634515085466,1.0,76.36825710103962,12
273.01083392,-23.908613204956055,0.6739522814750671,3.1175616021386423,-54.0,-0.0,11,0,30.09893305296137,0.04642415785405163,1.0,76.50383034903957,12
273.105768704,-23.97942352294922,0.6743864417076111,3.11867065065408,-54.0,-0.0,11,0,30.028150277484855,0.04538236562417808,1.0,76.5987651330396,12
273.197462528,-24.037471771240234,0.6750184893608093,3.119947269027266,-54.0,-0.0,11,0,29.970130927645357,0.0441703303298997,1.0,76.69045895703961,12
273.310285312,-24.084068298339844,0.6753386855125427,3.120223629443764,-54.0,-0.0,11,0,29.923553464094883,0.043939740226770496,1.0,76.80328174103961,12
273.40063872,-24.120075225830078,0.674926221370697,3.1216990699641016,-54.0,-0.0,11,0,29.887546401709645,0.04247769237661814,1.0,76.89363514903961,12
273.510063104,-24.151721954345703,0.674489438533783,3.122846479286192,-54.0,-0.0,11,0,29.855897881212382,0.0413395938095622,1.0,77.00305953303958,12
273.654022656,-24.16826820373535,0.6753293871879578,3.122117214388617,-54.0,-0.0,11,0,29.839374855138416,0.042109527750572084,1.0,77.14701908503959,12
273.72272,-24.17494773864746,0.6757933497428894,3.1219445148469758,-54.0,-0.0,11,0,29.832707537935054,0.04230284278582985,1.0,77.21571642903957,12
273.82957568,-24.169897079467773,0.6754841208457947,3.121572609531081,-54.0,-0.0,11,0,29.837749899197494,0.042660552629547155,1.0,77.3225721090396,12
273.973029888,-24.156042098999023,0.6746286749839783,3.1227540556830022,-54.0,-0.0,11,0,29.851581985647417,0.0414399499722693,1.0,77.46602631703958,12
274.051482112,-24.138093948364258,0.6753162741661072,3.1216026025409915,-54.0,-0.0,11,0,29.869541093007655,0.04260083766274825,1.0,77.54447854103957,12
274.1464192,-24.10837173461914,0.6740698218345642,3.1226611911796036,-54.0,-0.0,11,0,29.899227590030215,0.041478096226593486,1.0,77.63941562903962,12
274.253791232,-24.08132553100586,0.6748513579368591,3.1227511254707023,-54.0,-0.0,11,0,29.926284539463815,0.04139389563352225,1.0,77.74678766103962,12
274.363338496,-24.055219650268555,0.6742376685142517,3.1245386712604875,-54.0,-0.0,11,0,29.95236996678737,0.039566211688475406,1.0,77.85633492503958,12
274.50047616,-24.031354904174805,0.6740795969963074,3.130250450095249,-54.0,-0.0,11,0,29.976225115624786,0.03383123998266946,1.0,77.9934725890396,12
274.570271488,-24.015274047851562,0.6728944182395935,3.1377409197098314,-54.0,-0.0,11,0,29.992275294207708,0.026289207372940382,1.0,78.0632679170396,12
274.710686464,-24.019929885864258,0.6735684275627136,-3.131616072683461,-54.0,-0.0,11,0,29.987635760011234,0.012486846488172887,1.0,78.20368289303958,12
274.80824704,-24.059085845947266,0.6745290160179138,-3.1383225562922874,-54.0,-0.0,11,0,29.948511311479333,0.019254763841844547,1.0,78.30124346903962,12
274.980062464,-24.118743896484375,0.6752073168754578,3.136665173104302,-54.0,-0.0,11,0,29.888883740358253,0.027519985652084245,1.0,78.4730588930396,12
275.068003584,-24.17782974243164,0.6757768988609314,3.1278610731814376,-54.0,-0.0,11,0,29.829825901074734,0.036387921695165915,1.0,78.56100001303959,12
275.199045888,-24.221864700317383,0.6757051348686218,3.1215480913585365,-54.0,-0.0,11,0,29.785800633111943,0.04273198678895973,1.0,78.6920423170396,12
275.303831552,-24.261991500854492,0.675454318523407,3.1220168370564063,-54.0,-0.0,11,0,29.74567847657307,0.04228541385365503,1.0,78.79682798103961,12
275.398697984,-24.28942108154297,0.676930844783783,3.1209803593669228,-54.0,-0.0,11,0,29.718289571213266,0.04339252167558172,1.0,78.89169441303962,12
275.504889856,-24.304927825927734,0.6759037375450134,3.121605691000061,-54.0,-0.0,11,0,29.70276346210548,0.042744511205315305,1.0,78.99788628503957,12
275.61017984,-24.317787170410156,0.6760358214378357,3.1217760455410657,-54.0,-0.0,11,0,29.68991045612861,0.042588460230119196,1.0,79.1031762690396,12
275.710914048,-24.315324783325195,0.6754849553108215,3.1212400223546566,-54.0,-0.0,11,0,29.69235966783911,0.04310404746664531,1.0,79.2039104770396,12
275.85097344,-24.310285568237305,0.6756288409233093,3.124115927171426,-54.0,-0.0,11,0,29.697400852099925,0.04022912620346819,1.0,79.34396986903961,12
275.959044864,-24.31509017944336,0.6757218241691589,3.1261100919629645,-54.0,-0.0,11,0,29.692599600544217,0.03824177341848234,1.0,79.45204129303961,12
276.049953024,-24.32559585571289,0.6768211722373962,3.1293120002453856,-54.0,-0.0,11,0,29.682121693330362,0.03508494761513159,1.0,79.54294945303958,12
276.162033408,-24.35700798034668,0.6776575446128845,3.1343861161641664,-54.0,-0.0,11,0,29.65073684792675,0.030063188714352762,1.0,79.6550298370396,12
276.25251968,-24.405330657958984,0.6781243681907654,3.129939374876937,-54.0,-0.0,11,0,29.602437503075258,0.034563003336092635,1.0,79.74551610903957,12
276.34680832,-24.472944259643555,0.680046021938324,3.129427927485278,-54.0,-0.0,11,0,29.534885868851273,0.03519193968625611,0.7083256450941657,79.8260539599161,12
276.443781376,-24.559053421020508,0.6809642910957336,3.1272004937923916,-54.0,-0.0,11,0,29.448820822438236,0.037517873232583376,0.10925533583194891,79.86569562304004,12
276.549580544,-24.657955169677734,0.6816899180412292,3.1251740136730195,-54.0,-0.0,11,0,29.349962452599502,0.03964699070872957,0.0,79.87147518485533,12
276.662526976,-24.731094360351562,0.6847134232521057,3.1221682436091154,-54.0,-0.0,11,0,29.27691359782697,0.04281402912432508,0.0,79.87147518485533,12
276.7638528,-24.803539276123047,0.6879670023918152,3.119974601579412,-54.0,-0.0,11,0,29.204565009554063,0.04517706226536422,0.06186101585626602,79.87460924405788,12
276.877361152,-24.873289108276367,0.6902496218681335,3.117619241366172,-54.0,-0.0,11,0,29.134888568699576,0.047667143126632894,1.0,79.93487429103932,12
276.97947264,-24.946455001831055,0.6936421990394592,3.1166011021814732,-54.0,-0.0,11,0,29.061824038778365,0.04886163172926139,1.0,80.03698577903931,12
277.083966464,-25.000600814819336,0.6956831812858582,3.116081014934969,-54.0,-0.0,11,0,29.007742555913946,0.049496610473798164,1.0,80.14147960303934,12
277.186696448,-25.046316146850586,0.6975621581077576,3.1178808221746994,-54.0,-0.0,11,0,28.96208558844734,0.04779951725302922,1.0,80.24420958703935,12
277.291308032,-25.098970413208008,0.6996449828147888,3.1242001741628993,-54.0,-0.0,11,0,28.909496956512474,0.04159605857434201,1.0,80.34882117103935,12
277.411603968,-25.132347106933594,0.7010795474052429,3.1304544536463212,-54.0,-0.0,11,0,28.876164843800762,0.035419417551878496,1.0,80.46911710703934,12
277.501283072,-25.148591995239258,0.7016416192054749,3.127450666945925,-54.0,-0.0,11,0,28.859938406361398,0.03845634060247605,1.0,80.55879621103931,12
277.635827712,-25.156082153320312,0.7017596364021301,3.1271919369714447,-54.0,-0.0,11,0,28.85245333300602,0.03872547117342329,0.9881363600864504,80.69254275645868,12
277.715200768,-25.158462524414062,0.7017034888267517,3.128070337292227,-54.0,-0.0,11,0,28.850072300461566,0.037847132040273124,0.2941565489147236,80.74343250989595,12
277.827030016,-25.124011993408203,0.7016187310218811,3.129889439514041,-54.0,-0.0,11,0,28.884510593059286,0.0359960869919167,0.08713575742494527,80.76475232583903,12
277.931860224,-25.05682373046875,0.6992384791374207,3.127561709778153,-54.0,-0.0,11,0,28.951621492066092,0.038185255059088874,0.09338694939309099,80.77421444229125,12
278.0371008,-24.983022689819336,0.6953594088554382,3.12004630480855,-54.0,-0.0,11,0,29.025307869633757,0.045505644741117734,0.8671687771698413,80.82475916126306,12
278.192097024,-24.887147903442383,0.6910156607627869,3.126524617896665,-54.0,-0.0,11,0,29.12105183264263,0.038799339405228395,1.0,80.96946121627907,12
278.269352192,-24.800413131713867,0.6868550181388855,3.124477795026797,-54.0,-0.0,11,0,29.207664115682558,0.04063328639660746,1.0,81.04671638427904,12
278.411977472,-24.734289169311523,0.6844655871391296,3.1270193858770026,-54.0,-0.0,11,0,29.273713866973807,0.03795697541749732,1.0,81.18934166427904,12
278.487742464,-24.679990768432617,0.6819142699241638,3.1275813921892475,-54.0,-0.0,11,0,29.32793801839336,0.03726471098909556,1.0,81.26510665627906,12
278.59599232,-24.62071990966797,0.6803366541862488,3.126407190966305,-54.0,-0.0,11,0,29.387156320222775,0.03833834729434393,1.0,81.37335651227905,12
278.707491584,-24.57913589477539,0.6798874735832214,3.1286735128989105,-54.0,-0.0,11,0,29.4287188248967,0.03602405303547407,1.0,81.48485577627908,12
278.810971392,-24.555158615112305,0.6794807314872742,3.1295551378375763,-54.0,-0.0,11,0,29.452680323625177,0.03510981384305367,1.0,81.58833558427905,12
278.910238208,-24.542638778686523,0.6800116896629333,3.1300368975026993,-54.0,-0.0,11,0,29.465209078182717,0.03463626661206298,1.0,81.68760240027906,12
279.010417152,-24.546321868896484,0.6793627142906189,3.1281017183264903,-54.0,-0.0,11,0,29.461511996980295,0.036552308872723316,1.0,81.78778134427905,12
279.144439296,-24.552003860473633,0.680231511592865,3.1295200547984314,-54.0,-0.0,11,0,29.45585156709824,0.03516790756649257,1.0,81.92180348827902,12
279.259796224,-24.5609130859375,0.6793989539146423,3.126611944299595,-54.0,-0.0,11,0,29.446925497788495,0.03805473935403292,1.0,82.03716041627906,12
279.363849984,-24.566898345947266,0.6797667145729065,3.1269726201344827,-54.0,-0.0,11,0,29.44095032032837,0.03771124212826926,1.0,82.14121417627906,12
279.452795648,-24.570775985717773,0.6796103119850159,3.1240503050122888,-54.0,-0.0,11,0,29.43707010317029,0.04063128700209617,1.0,82.23015984027906,12
279.563208448,-24.582456588745117,0.6798009276390076,3.121943578090026,-54.0,-0.0,11,0,29.42539701778524,0.04275365461766967,1.0,82.34057264027906,12
279.660492544,-24.60544204711914,0.6805724501609802,3.1235816110277095,-54.0,-0.0,11,0,29.40243554716496,0.04115991524523288,1.0,82.43785673627907,12
279.763000832,-24.633535385131836,0.6818611025810242,3.1213383011848475,-54.0,-0.0,11,0,29.374379628164352,0.043469220632871064,1.0,82.54036502427904,12
279.87505024,-24.66790771484375,0.6834482550621033,3.120111933853851,-54.0,-0.0,11,0,29.34005349930825,0.044776862602804,1.0,82.65241443227906,12
279.973024,-24.70514488220215,0.6856104731559753,3.1170018790972804,-54.0,-0.0,11,0,29.3028769593306,0.04799028725403076,1.0,82.75038819227906,12
280.079180288,-24.7448787689209,0.6873757243156433,3.120031444261642,-54.0,-0.0,11,0,29.263195376300136,0.04505279804468465,1.0,82.85654448027903,12
280.18804352,-24.773998260498047,0.68954998254776,3.115728739476612,-54.0,-0.0,11,0,29.234135130969804,0.049453253576174916,1.0,82.96540771227906,12
280.302875392,-24.795738220214844,0.6894120573997498,3.1190042514937817,-54.0,-0.0,11,0,29.21239796879243,0.046190575046858307,1.0,83.08023958427903,12
280.402473984,-24.817501068115234,0.6911394000053406,3.1181604540557797,-54.0,-0.0,11,0,29.19068203347937,0.04711112520755201,1.0,83.17983817627903,12
280.507922688,-24.837635040283203,0.6923241019248962,3.116426864531227,-54.0,-0.0,11,0,29.170581802662493,0.04890165826861281,1.0,83.28528688027906,12
280.659049472,-24.844661712646484,0.6928190588951111,3.1147105067700824,-54.0,-0.0,11,0,29.16356886422494,0.050640701389990994,1.0,83.43641366427904,12
280.77795968,-24.84380531311035,0.6926588416099548,3.1146137108000733,-54.0,-0.0,11,0,29.164421216452634,0.050731307730242925,1.0,83.55532387227903,12
280.889533696,-24.837203979492188,0.6925031542778015,3.114395454321332,-54.0,-0.0,11,0,29.171016992083615,0.05093885405928411,1.0,83.66689788827905,12
280.989385728,-24.832094192504883,0.6917487978935242,3.115420598286119,-54.0,-0.0,11,0,29.176107444179294,0.049883704474464885,1.0,83.76674992027905,12
281.076809216,-24.827800750732422,0.6915052533149719,3.1141009265700896,-54.0,-0.0,11,0,29.180393906771204,0.05119154389094227,0.7222493549343897,83.84203244318613,12
281.171972352,-24.83651351928711,0.6931309103965759,3.1142569414537333,-54.0,-0.0,11,0,29.171722166674883,0.05109831831512501,0.098389383493922,83.88107972112209,12
281.30990208,-24.87600326538086,0.6954777836799622,3.1140016399039623,-54.0,-0.0,11,0,29.132299516957097,0.05146636419876138,0.06070452556014061,83.89205161092323,12
281.37885696,-24.927345275878906,0.6976494193077087,3.114741486711268,-54.0,-0.0,11,0,29.081024181074177,0.05084331894335481,0.06070452556014061,83.89623748419869,12
281.493668352,-24.989992141723633,0.7008019089698792,3.1156339925658676,-54.0,-0.0,11,0,29.018471345900913,0.05011120993688323,0.1212810510853772,83.90668449288799,12
281.611431936,-25.040203094482422,0.7036613821983337,3.1163972045766752,-54.0,-0.0,11,0,28.968344380541026,0.04948853905566786,1.0,83.97270753051153,12
281.69416576,-25.08364486694336,0.7046266198158264,3.1158154586049376,-54.0,-0.0,11,0,28.92493894296761,0.05014012731502149,1.0,84.05544135451153,12
281.802629632,-25.119346618652344,0.7061418890953064,3.116993940186874,-54.0,-0.0,11,0,28.889284797327242,0.04904418612629691,1.0,84.16390522651155,12
281.913259264,-25.155101776123047,0.7078468203544617,3.1202985058217796,-54.0,-0.0,11,0,28.85358211153176,0.04582898154670367,1.0,84.27453485851153,12
282.034714368,-25.176851272583008,0.7102126479148865,3.119906367018634,-54.0,-0.0,11,0,28.831897345961433,0.04632165769040686,1.0,84.39598996251154,12
282.16003456,-25.193708419799805,0.7095056176185608,3.119163744732759,-54.0,-0.0,11,0,28.815027899083233,0.04705416110059524,1.0,84.52131015451154,12
282.267423488,-25.19403839111328,0.7101358771324158,3.11841560241852,-54.0,-0.0,11,0,28.814713553610876,0.04782445158689086,1.0,84.62869908251157,12
282.377484544,-25.185209274291992,0.7099282145500183,3.1201134358894715,-54.0,-0.0,11,0,28.82353487406016,0.04611186655075006,1.0,84.73876013851158,12
282.451747328,-25.174545288085938,0.7097193598747253,3.1203681844515456,-54.0,-0.0,11,0,28.834190484880786,0.045840767712446606,1.0,84.81302292251156,12
282.606984192,-25.15761375427246,0.7084745764732361,3.1200229760277396,-54.0,-0.0,11,0,28.851086297975716,0.04612839924441303,1.0,84.96825978651158,12
282.71110656,-25.141578674316406,0.70817631483078,3.1198322455408696,-54.0,-0.0,11,0,28.86710922665373,0.046295160127066026,1.0,85.07238215451157,12
282.811288064,-25.110963821411133,0.7066089510917664,3.1183966635983285,-54.0,-0.0,11,0,28.897676507594507,0.04765052992885366,1.0,85.17256365851155,12
282.926590208,-25.076980590820312,0.704832136631012,3.1199307438996953,-54.0,-0.0,11,0,28.931606247918776,0.04602633210616869,1.0,85.28786580251155,12
283.054648064,-25.04796028137207,0.7030089497566223,3.1196371234975744,-54.0,-0.0,11,0,28.960573638180012,0.04623260482946545,1.0,85.41592365851155,12
283.157621248,-25.00791358947754,0.7016593813896179,3.1186267286184606,-54.0,-0.0,11,0,29.000575861915106,0.047162956755884444,1.0,85.51889684251155,12
283.301032448,-24.973058700561523,0.7000240683555603,3.118871881346104,-54.0,-0.0,11,0,29.03538108751673,0.046832455161091247,1.0,85.66230804251155,12
283.406509312,-24.927143096923828,0.6973046660423279,3.1172437610934245,-54.0,-0.0,11,0,29.08121803336353,0.04832902634763414,1.0,85.76778490651158,12
283.505766656,-24.881263732910156,0.6945814490318298,3.11887494844177,-54.0,-0.0,11,0,29.127019160595076,0.04656660270976065,1.0,85.86704225051155,12
283.60526464,-24.84092903137207,0.6934152245521545,3.116557881790034,-54.0,-0.0,11,0,29.167314659171502,0.04881071990261443,1.0,85.96654023451153,12
283.705055488,-24.800195693969727,0.6906172633171082,3.11838768188706,-54.0,-0.0,11,0,29.207970208743635,0.04685199770346671,1.0,86.06633108251158,12
283.809833472,-24.75640296936035,0.6881670355796814,3.117534247419674,-54.0,-0.0,11,0,29.25169296227647,0.047586293291982606,1.0,86.17110906651153,12
283.96504576,-24.714582443237305,0.6861682534217834,3.1183749847848024,-54.0,-0.0,11,0,29.293455042823965,0.04664375548026989,1.0,86.32632135451156,12
284.04394496,-24.68222427368164,0.6841291785240173,3.1173475006125697,-54.0,-0.0,11,0,29.325756704160423,0.04757588077029773,1.0,86.40522055451153,12
284.146287104,-24.651826858520508,0.6826336979866028,3.1180532101581284,-54.0,-0.0,11,0,29.356111041959988,0.04679508624414552,1.0,86.50756269851156,12
284.2432256,-24.622690200805664,0.6807836890220642,3.1212997382914773,-54.0,-0.0,11,0,29.385196910503733,0.043462561091200946,1.0,86.60450119451157,12
284.394586368,-24.608856201171875,0.6804494261741638,3.121260385009069,-54.0,-0.0,11,0,29.39901946026387,0.04347964583077335,1.0,86.75586196251153,12
284.485098752,-24.602657318115234,0.6794458031654358,3.1204319291744915,-54.0,-0.0,11,0,29.405193475908348,0.04426910075817059,1.0,86.84637434651155,12
284.58633984,-24.601774215698242,0.6794801354408264,3.120596124767095,-54.0,-0.0,11,0,29.406077135844615,0.044105378464410094,1.0,86.94761543451155,12
284.709903872,-24.604021072387695,0.6793672442436218,3.1192892020828253,-54.0,-0.0,11,0,29.403828270570106,0.04541022851369192,1.0,87.07117946651154,12
284.802519808,-24.606718063354492,0.6791641116142273,3.120017332363208,-54.0,-0.0,11,0,29.4011273065785,0.044677310485605304,1.0,87.16379540251155,12
284.9170624,-24.609132766723633,0.6794931292533875,3.1197918521133756,-54.0,-0.0,11,0,29.398720850349612,0.044915876656276055,0.4610872982152761,87.2474737656495,12
285.018936832,-24.59126091003418,0.680102527141571,3.1210172735444317,-54.0,-0.0,11,0,29.41660201840294,0.04369712365580547,0.1553816154297455,87.27887497586111,12
285.114730752,-24.55019187927246,0.6776129603385925,3.1209091458964724,-54.0,-0.0,11,0,29.457602714268663,0.043688527469001315,0.0,87.28631728288009,12
285.26915328,-24.486675262451172,0.674416720867157,3.1194896766565607,-54.0,-0.0,11,0,29.521029368526374,0.04495026284944892,0.0,87.28631728288009,12
285.350016512,-24.433584213256836,0.6725464463233948,3.119737457676793,-54.0,-0.0,11,0,29.574063995282042,0.04459824633136211,0.0,87.28631728288009,12
285.459470848,-24.38066291809082,0.6708294749259949,3.1191769552221924,-54.0,-0.0,11,0,29.62693270246162,0.04506018929855493,0.0,87.28631728288009,12
285.548636928,-24.317615509033203,0.6692430377006531,3.1182864504465404,-54.0,-0.0,11,0,29.68992817965542,0.04584919214526906,0.0,87.28631728288009,12
285.649045248,-24.265840530395508,0.6687034964561462,3.118175807670827,-54.0,-0.0,11,0,29.741677890294678,0.045902458599300644,0.0,87.28631728288009,12
285.795332096,-24.2139949798584,0.6669835448265076,3.1184738163054644,-54.0,-0.0,11,0,29.79347180355069,0.045507610039475566,0.0,87.28631728288009,12
285.898022656,-24.16211700439453,0.665529191493988,3.1171093749874403,-54.0,-0.0,11,0,29.84530433358274,0.046784420285229444,0.0,87.28631728288009,12
285.963284736,-24.100553512573242,0.6641139388084412,3.1150405198330295,-54.0,-0.0,11,0,29.906821087808982,0.04876006181730386,4.8376283073007674e-05,87.28631886144852,12
286.075067136,-24.049612045288086,0.6632112860679626,3.1140777967736963,-54.0,-0.0,11,0,29.957730018272756,0.04965490117481153,0.4647916420995301,87.31229932788395,12
286.207025664,-23.9887638092041,0.6617388129234314,3.1178466868058705,-54.0,-0.0,11,0,30.01853087604833,0.04579209632470338,1.0,87.40894520234306,12
286.310159616,-23.943180084228516,0.6597544550895691,3.1263692561941276,-54.0,-0.0,11,0,30.064059928594606,0.03717011458373065,1.0,87.51207915434307,12
286.40875392,-23.913089752197266,0.6585115790367126,3.1307591815605487,-54.0,-0.0,11,0,30.09411579958884,0.032716957329947505,1.0,87.61067345834303,12
286.510680832,-23.90142250061035,0.6583868861198425,3.1309991691858254,-54.0,-0.0,11,0,30.105777531540014,0.032464348777952345,1.0,87.71260037034304,12
286.63999104,-23.90612030029297,0.6585709452629089,3.129404815251346,-54.0,-0.0,11,0,30.10108488195041,0.03406822900936923,1.0,87.84191057834303,12
286.739577088,-23.926057815551758,0.65829998254776,3.1286236648826247,-54.0,-0.0,11,0,30.081146211216055,0.034854874779037814,1.0,87.94149662634302,12
286.88304896,-23.96100616455078,0.660251796245575,3.1293611929844287,-54.0,-0.0,11,0,30.046249068404556,0.03420774600751031,1.0,88.08496849834304,12
286.971537408,-24.003477096557617,0.6614591479301453,3.128253806246349,-54.0,-0.0,11,0,30.003814999115093,0.035386468285595996,1.0,88.17345694634307,12
287.08378496,-24.065340042114258,0.6630770564079285,3.122712255746614,-54.0,-0.0,11,0,29.94200290523302,0.04102758912982196,1.0,88.28570449834305,12
287.193059072,-24.125051498413086,0.6643115878105164,3.117186518015691,-54.0,-0.0,11,0,29.882333541043437,0.04663888114267856,1.0,88.39497861034303,12
287.294939648,-24.168943405151367,0.6646900773048401,3.1148974144630937,-54.0,-0.0,11,0,29.838460926527855,0.048973367503871046,1.0,88.49685918634307,12
287.39609344,-24.206361770629883,0.6653560996055603,3.115442220259743,-54.0,-0.0,11,0,29.80106672053648,0.04847887531645334,1.0,88.59801297834306,12
287.552033792,-24.250825881958008,0.6667432188987732,3.121420958637731,-54.0,-0.0,11,0,29.756644757524782,0.04258010245154864,1.0,88.75395333034302,12
287.663166464,-24.30959129333496,0.6681749224662781,3.1171744668453822,-54.0,-0.0,11,0,29.697926306323545,0.046919128422374,1.0,88.86508600234308,12
287.761956096,-24.361345291137695,0.6696586012840271,3.1182021774814705,-54.0,-0.0,11,0,29.646218908883462,0.04598072828764099,1.0,88.96387563434305,12
287.848802816,-24.406312942504883,0.6704367995262146,3.1175607863689074,-54.0,-0.0,11,0,29.601280363509836,0.04668271623424758,1.0,89.05072235434304,12
287.946692096,-24.45216178894043,0.6729292273521423,3.1172949990639705,-54.0,-0.0,11,0,29.555499939807767,0.04706794712775064,1.0,89.14861163434304,12
288.050556928,-24.5177001953125,0.6763822436332703,3.116090509195209,-54.0,-0.0,11,0,29.490057556962803,0.04844009760202894,1.0,89.25247646634304,12
288.150605312,-24.56657600402832,0.6784613728523254,3.1168386110480135,-54.0,-0.0,11,0,29.441242466327644,0.04780067305760394,1.0,89.35252485034303,12
288.25284736,-24.60738182067871,0.6808649897575378,3.115981169096155,-54.0,-0.0,11,0,29.40050306660833,0.04877183183688061,1.0,89.45476689834302,12
288.397014272,-24.64439582824707,0.6834720969200134,3.1162429497320567,-54.0,-0.0,11,0,29.36355956616817,0.04862800653948263,1.0,89.59893381034303,12
288.497178112,-24.676876068115234,0.6848302483558655,3.1156266824887267,-54.0,-0.0,11,0,29.33111981486108,0.04931634058635481,1.0,89.69909765034302,12
288.607877632,-24.708471298217773,0.6859511733055115,3.116786102048241,-54.0,-0.0,11,0,29.299559428419588,0.04822034561992705,1.0,89.80979717034305,12
288.708886784,-24.731775283813477,0.6874685883522034,3.115964069390312,-54.0,-0.0,11,0,29.276297428075885,0.04911283062971439,1.0,89.91080632234306,12
288.808006656,-24.748327255249023,0.6889826655387878,3.1149465362644007,-54.0,-0.0,11,0,29.259785636252023,0.05019537908294236,1.0,90.00992619434302,12
288.889420032,-24.76101303100586,0.6887707114219666,3.1174211480675953,-54.0,-0.0,11,0,29.24709838712076,0.04772373570052757,1.0,90.09133957034302,12
289.010497536,-24.776958465576172,0.6906630396842957,3.117453364526083,-54.0,-0.0,11,0,29.231202027235316,0.047769084279170926,1.0,90.21241707434305,12
289.110251008,-24.789636611938477,0.690542995929718,3.115732379653433,-54.0,-0.0,11,0,29.21852458444527,0.049496214016567563,1.0,90.31217054634303,12
289.212167424,-24.796253204345703,0.6916026473045349,3.1149946151372494,-54.0,-0.0,11,0,29.211934908979366,0.0502755961189294,1.0,90.41408696234302,12
289.353033984,-24.792863845825195,0.6908072829246521,3.115567334996905,-54.0,-0.0,11,0,29.215304500050085,0.049672913002424934,1.0,90.55495352234303,12
289.460815616,-24.784809112548828,0.6900803446769714,3.116642476138931,-54.0,-0.0,11,0,29.22333980694745,0.048566386251437166,1.0,90.66273515434304,12
289.56009344,-24.777673721313477,0.6906949877738953,3.1174351787760037,-54.0,-0.0,11,0,29.23048772607376,0.04778894085133345,1.0,90.76201297834305,12
289.653143552,-24.771066665649414,0.689931333065033,3.116989646265169,-54.0,-0.0,11,0,29.237074906841414,0.04820302146858246,1.0,90.85506309034307,12
289.76801664,-24.765321731567383,0.6887754797935486,3.1165823746070473,-54.0,-0.0,11,0,29.242790994026738,0.04856614209662169,1.0,90.96993617834303,12
289.861553664,-24.759675979614258,0.6886188387870789,3.1169493010432325,-54.0,-0.0,11,0,29.24843149165917,0.048189315101776486,1.0,91.06347320234303,12
290.00704896,-24.75739860534668,0.6887199282646179,3.117062263526201,-54.0,-0.0,11,0,29.250710614721296,0.04807797457741003,1.0,91.20896849834307,12
290.112594432,-24.759946823120117,0.6886422038078308,3.1171645795280347,-54.0,-0.0,11,0,29.24816127334552,0.04797505326980378,1.0,91.31451397034303,12
290.208470272,-24.763221740722656,0.6887468695640564,3.116858987574876,-54.0,-0.0,11,0,29.244889728506188,0.04828685977988201,1.0,91.41038981034305,12
290.31022208,-24.766111373901367,0.6888406872749329,3.1165183920676327,-54.0,-0.0,11,0,29.24200310675697,0.048632989979336294,1.0,91.51214161834307,12
290.410454016,-24.767436981201172,0.6890174746513367,3.116198869308718,-54.0,-0.0,11,0,29.240682032545337,0.048959624920258626,1.0,91.61237355434307,12
290.510436864,-24.765623092651367,0.6887808442115784,3.116222298319415,-54.0,-0.0,11,0,29.242489842902774,0.048926644513965556,1.0,91.71235640234303,12
290.611273984,-24.762271881103516,0.6885177493095398,3.1169271483073673,-54.0,-0.0,11,0,29.24583392973475,0.04821010203269438,1.0,91.81319352234303,12
290.75998592,-24.759660720825195,0.6884822249412537,3.1169754984526983,-54.0,-0.0,11,0,29.248443530131873,0.04815843589695579,1.0,91.96190545834307,12
290.87016832,-24.758625030517578,0.6883737444877625,3.11689018756223,-54.0,-0.0,11,0,29.24947638023582,0.048239205522547124,1.0,92.07208785834305,12
290.957923328,-24.760698318481445,0.6883310675621033,3.1163410625828933,-54.0,-0.0,11,0,29.247402662141216,0.04878854005307609,1.0,92.15984286634304,12
291.080931584,-24.763517379760742,0.688630998134613,3.116633902800318,-54.0,-0.0,11,0,29.24459144278039,0.048508221585993105,1.0,92.28285112234303,12
291.16333184,-24.7664794921875,0.6887902617454529,3.1161642948131605,-54.0,-0.0,11,0,29.241633902799776,0.048985659819037686,1.0,92.36525137834306,12
291.276296704,-24.7663516998291,0.6887626051902771,3.1164379043009514,-54.0,-0.0,11,0,29.241761008263392,0.04871100186340005,1.0,92.47821624234305,12
291.373907712,-24.76436996459961,0.6887207627296448,3.1172634131401775,-54.0,-0.0,11,0,29.243741208262332,0.047882466435003046,0.21911165118217468,92.53771560091127,12
291.476711936,-24.747602462768555,0.6895928978919983,3.119675246305141,-54.0,-0.0,11,0,29.260524602970595,0.0454869351314553,0.0,92.54897840254584,12
291.588809728,-24.696735382080078,0.6872081160545349,3.1171962232380057,-54.0,-0.0,11,0,29.311321571410062,0.047843721419122076,0.0,92.54897840254584,12
291.751789312,-24.641775131225586,0.6840826869010925,3.117601064766661,-54.0,-0.0,11,0,29.366193770525356,0.04728860093282705,0.0,92.54897840254584,12
291.853573376,-24.586620330810547,0.6808963418006897,3.118618988070881,-54.0,-0.0,11,0,29.421259717968656,0.04611873626625851,0.0,92.54897840254584,12
291.967988224,-24.53987693786621,0.6775068640708923,3.118103402713056,-54.0,-0.0,11,0,29.467912487771006,0.046482619243608525,0.0,92.54897840254584,12
292.084971264,-24.482587814331055,0.6740779280662537,3.1157449741660703,-54.0,-0.0,11,0,29.525108013211124,0.04868033090231627,0.0,92.54897840254584,12
292.155580416,-24.436063766479492,0.6715070605278015,3.1162632762329436,-54.0,-0.0,11,0,29.571561462865052,0.048039195534271606,0.0,92.54897840254584,12
292.267066368,-24.390201568603516,0.6691908240318298,3.1167072476113655,-54.0,-0.0,11,0,29.61735942833017,0.04748187603965093,0.0,92.54897840254584,12
292.374027264,-24.343894958496094,0.6669095158576965,3.1165723819100153,-54.0,-0.0,11,0,29.66360285830187,0.04750458400046398,0.0,92.54897840254584,12
292.480865024,-24.2885799407959,0.6649351716041565,3.115912421821987,-54.0,-0.0,11,0,29.718859680628935,0.04805628083074254,0.0,92.54897840254584,12
292.580931072,-24.242961883544922,0.6635600924491882,3.1156899862075216,-54.0,-0.0,11,0,29.764435648277484,0.04819823779386034,0.0,92.54897840254584,12
292.713107456,-24.188432693481445,0.661827027797699,3.115092245073716,-54.0,-0.0,11,0,29.81891279516759,0.04869710568494767,0.0,92.54897840254584,12
292.797514752,-24.144094467163086,0.661090075969696,3.1177523930116298,-54.0,-0.0,11,0,29.863223792387643,0.04597933330326143,0.0,92.54897840254584,12
292.906419712,-24.09926986694336,0.65926593542099,3.1183320197169717,-54.0,-0.0,11,0,29.907997159012304,0.045305551595342664,0.054841561598489935,92.55196466158195,12
293.012476672,-24.049461364746094,0.6571568846702576,3.1197847509652457,-54.0,-0.0,11,0,29.957747240286718,0.04374578714212429,1.0,92.60790130623434,12
293.142205952,-24.02142906188965,0.6554896235466003,3.1214690211602507,-54.0,-0.0,11,0,29.985736311417998,0.041985421432491066,1.0,92.73763058623433,12
293.254251776,-23.99909019470215,0.6542178988456726,3.1206027057462515,-54.0,-0.0,11,0,30.00804209215901,0.04279309424973654,1.0,92.84967641023434,12
293.355082496,-23.989334106445312,0.6535138487815857,3.119288497423253,-54.0,-0.0,11,0,30.017780526300008,0.04407676802694471,1.0,92.95050713023437,12
293.436563968,-23.983509063720703,0.6523959040641785,3.1192943162524958,-54.0,-0.0,11,0,30.023579875547433,0.044029498573602055,1.0,93.03198860223432,12
293.550383872,-23.97601318359375,0.6529366374015808,3.1148898642362357,-54.0,-0.0,11,0,30.03108573801816,0.048446528367032116,1.0,93.14580850623435,12
293.652242688,-23.97040367126465,0.6524367928504944,3.1149728030983748,-54.0,-0.0,11,0,30.03668306313899,0.04834289186145391,1.0,93.24766732223435,12
293.75572608,-23.96344566345215,0.6512441039085388,3.11929889629483,-54.0,-0.0,11,0,30.043613552555012,0.04397207885304866,1.0,93.35115071423434,12
293.8683712,-23.951698303222656,0.6508859992027283,3.1174003750637156,-54.0,-0.0,11,0,30.055350396302327,0.04585021557152302,1.0,93.46379583423436,12
293.986725888,-23.923398971557617,0.648796021938324,3.116652792761466,-54.0,-0.0,11,0,30.083597951411736,0.04650797004294205,1.0,93.58215052223437,12
294.099841024,-23.894012451171875,0.6499788165092468,3.1162549571162512,-54.0,-0.0,11,0,30.1130031506674,0.04692402894301484,1.0,93.69526565823435,12
294.210483968,-23.869497299194336,0.6522517800331116,3.1132356917280295,-54.0,-0.0,11,0,30.137561702762447,0.05000113852156396,1.0,93.80590860223435,12
294.309740288,-23.861486434936523,0.6529459357261658,3.11148993028084,-54.0,-0.0,11,0,30.145585718418154,0.05176417009529821,1.0,93.90516492223435,12
294.452126976,-23.86386489868164,0.6543273329734802,3.1113861535201286,-54.0,-0.0,11,0,30.143237767426193,0.05191547294195953,1.0,94.04755161023434,12
294.553263872,-23.86446189880371,0.6543607115745544,3.110530999572559,-54.0,-0.0,11,0,30.142641632569394,0.052772163913990866,1.0,94.14868850623435,12
294.652550656,-23.864625930786133,0.6544169783592224,3.1104297457107686,-54.0,-0.0,11,0,30.142478860787353,0.052875402166751684,1.0,94.24797529023436,12
294.754002432,-23.864578247070312,0.6544012427330017,3.1110543512872244,-54.0,-0.0,11,0,30.142526191635604,0.052250240327420094,1.0,94.34942706623434,12
294.84372224,-23.864530563354492,0.6542708277702332,3.110689837879995,-54.0,-0.0,11,0,30.142571033059983,0.052610393806326705,1.0,94.43914687423432,12
294.983038464,-23.86832618713379,0.6539646983146667,3.1181319966878145,-54.0,-0.0,11,0,30.13876965955328,0.04516081366030811,1.0,94.57846309823435,12
295.054723072,-23.86897850036621,0.6538572907447815,3.119426980802544,-54.0,-0.0,11,0,30.138115169466946,0.04386273618380265,1.0,94.65014770623435,12
295.165990144,-23.867103576660156,0.6536385416984558,3.115446707123586,-54.0,-0.0,11,0,30.139984907144875,0.04783440419469187,1.0,94.76141477823433,12
295.29381376,-23.86699676513672,0.6536280512809753,3.1162100784244453,-54.0,-0.0,11,0,30.140091466047384,0.04707060806612695,1.0,94.88923839423433,12
295.370915328,-23.865936279296875,0.6528839468955994,3.1145360244554063,-54.0,-0.0,11,0,30.141135575348024,0.0487192174915565,1.0,94.96633996223437,12
295.482924288,-23.868083953857422,0.6524766087532043,3.1198502882548325,-54.0,-0.0,11,0,30.13897958353525,0.043392985071277757,0.019700690571969152,95.02344776916549,12
295.610272,-23.865901947021484,0.6508744359016418,3.1209763629243192,-54.0,-0.0,11,0,30.141126438768573,0.042212199922696314,0.0,95.02470218810006,12
295.69945472,-23.860240936279297,0.6480163931846619,3.113698505515911,-54.0,-0.0,11,0,30.146724559476944,0.049391220011589354,0.0018619079100209023,95.02478521310597,12
295.794907392,-23.858728408813477,0.6469222903251648,3.113728130129032,-54.0,-0.0,11,0,30.148213240313055,0.049324234561780145,0.0571284469356029,95.02760060660209,12
295.908246016,-23.85642433166504,0.6454499363899231,3.1131056131695227,-54.0,-0.0,11,0,30.15048523146885,0.04989628944916724,0.4783278459470615,95.05794454632583,12
296.009918208,-23.855344772338867,0.6441499590873718,3.113402663231204,-54.0,-0.0,11,0,30.15153674299786,0.049555367985893994,1.0,95.13309696262183,12
296.109550336,-23.85457420349121,0.6417216658592224,3.1145862689542083,-54.0,-0.0,11,0,30.152255357588935,0.04829070029150628,1.0,95.23272909062183,12
296.25404032,-23.85546112060547,0.6401509642601013,3.1124693954294704,-54.0,-0.0,11,0,30.151335252495397,0.05035611772581028,1.0,95.37721907462185,12
296.324328192,-23.854177474975586,0.6395562291145325,3.1120327093620297,-54.0,-0.0,11,0,30.152605988213832,0.05077218021906127,1.0,95.44750694662184,12
296.469029632,-23.853391647338867,0.6380993723869324,3.1109783502064516,-54.0,-0.0,11,0,30.153360774178697,0.051777682568928896,1.0,95.59220838662185,12
296.562508032,-23.852685928344727,0.6371111273765564,3.110965279186919,-54.0,-0.0,11,0,30.154045438774066,0.051757492446343534,1.0,95.68568678662183,12
296.66434048,-23.850435256958008,0.6343271136283875,3.1128302119123665,-54.0,-0.0,11,0,30.15623691845461,0.04979868376115704,1.0,95.78751923462187,12
296.754500608,-23.850143432617188,0.633666455745697,3.1148961984417625,-54.0,-0.0,11,0,30.156514788862687,0.04771059089257612,1.0,95.87767936262185,12
296.851161088,-23.85419273376465,0.6324724555015564,3.1198615617558976,-54.0,-0.0,11,0,30.15244131310061,0.042708459400714105,1.0,95.97433984262187,12
296.971278592,-23.860139846801758,0.6316840052604675,3.1260039661327146,-54.0,-0.0,11,0,30.146478977433652,0.03654404478705864,1.0,96.09445734662182,12
297.107163392,-23.858417510986328,0.632539689540863,3.1286414926994923,-54.0,-0.0,11,0,30.148218876093825,0.03393369750051356,1.0,96.23034214662187,12
297.189647872,-23.83960723876953,0.6314336657524109,3.1279454819360057,-54.0,-0.0,11,0,30.167001839525398,0.03457997052082007,1.0,96.31282662662187,12
297.310153728,-23.806884765625,0.6308335661888123,3.1247715118973294,-54.0,-0.0,11,0,30.199704610218927,0.03771139408313218,1.0,96.43333248262184,12
297.401367296,-23.761741638183594,0.6307684779167175,3.1176609590400064,-54.0,-0.0,11,0,30.24483654491611,0.044788617059346336,1.0,96.52454605062184,12
297.51143424,-23.726266860961914,0.6305398344993591,3.1132207927428515,-54.0,-0.0,11,0,30.280298853488603,0.04919680101941282,1.0,96.63461299462188,12
297.612805632,-23.70917320251465,0.630607545375824,3.113084039324367,-54.0,-0.0,11,0,30.297390216841148,0.04932404033491089,1.0,96.73598438662185,12
297.71048448,-23.705827713012695,0.6314443945884705,3.112397681621272,-54.0,-0.0,11,0,30.300752409422557,0.050035712101247576,1.0,96.83366323462184,12
297.818796288,-23.714143753051758,0.6318027377128601,3.111421506711318,-54.0,-0.0,11,0,30.292445647557006,0.051029434791804995,1.0,96.94197504262183,12
297.919954432,-23.72223663330078,0.630943238735199,3.112011097247333,-54.0,-0.0,11,0,30.284336609216634,0.05041704300916727,1.0,97.04313318662184,12
298.021058816,-23.726594924926758,0.6314095854759216,3.111068154936916,-54.0,-0.0,11,0,30.27998898454392,0.051378381828153685,1.0,97.14423757062184,12
298.166352896,-23.714248657226562,0.6308395266532898,3.111411122027801,-54.0,-0.0,11,0,30.292320691962363,0.051008101417698626,1.0,97.28953165062183,12
298.286081536,-23.689422607421875,0.6313077807426453,3.1101482447798365,-54.0,-0.0,11,0,30.3171511093225,0.05226936731562759,1.0,97.40926029062183,12
298.368562944,-23.66963768005371,0.6327049136161804,3.107529516617013,-54.0,-0.0,11,0,30.33696085580973,0.05492055882982072,1.0,97.49174169862187,12
298.470927872,-23.651046752929688,0.6329087615013123,3.1070408954729563,-54.0,-0.0,11,0,30.355551991246095,0.05540312087967081,1.0,97.59410662662185,12
298.611067136,-23.639734268188477,0.6339804530143738,3.105411655590569,-54.0,-0.0,11,0,30.366884372964794,0.05705987741163909,1.0,97.73424589062182,12
298.709885952,-23.618989944458008,0.635182797908783,3.1031301963084736,-54.0,-0.0,11,0,30.387649286868225,0.059366642898330824,0.9854057946414183,97.83234361557483,12
298.794628608,-23.593984603881836,0.6366297602653503,3.101586425047796,-54.0,-0.0,11,0,30.412679423566587,0.060940795171912754,0.06266502443322948,97.87675176801707,12
298.901958656,-23.541749954223633,0.6399064660072327,3.1016260986715216,-54.0,-0.0,11,0,30.464971297151653,0.060972763101630356,0.00350019592105677,97.88030252615535,12
299.011231744,-23.467891693115234,0.6452768445014954,3.1007198592932035,-54.0,-0.0,11,0,30.5389263051174,0.062004017542065526,0.0,97.8804937647638,12
299.124380416,-23.404497146606445,0.6492190957069397,3.1002641588632733,-54.0,-0.0,11,0,30.60239010741226,0.06254473964665763,0.0,97.8804937647638,12
299.228430848,-23.327987670898438,0.6530007719993591,3.100027481485004,-54.0,-0.0,11,0,30.678962667026244,0.06285174871209875,0.6682663302124702,97.91526046493863,12
299.359171328,-23.271968841552734,0.6546465754508972,3.10051835592181,-54.0,-0.0,11,0,30.735003839486595,0.06237561549820647,1.0,98.02431543532852,12
299.476705024,-23.224454879760742,0.6559798121452332,3.0995695159650447,-54.0,-0.0,11,0,30.782535421271337,0.06333488022222422,1.0,98.14184913132853,12
299.577476096,-23.18210792541504,0.6571275591850281,3.100408095763929,-54.0,-0.0,11,0,30.824897218803617,0.0625042507280753,1.0,98.24262020332851,12
299.676769792,-23.156877517700195,0.6580402255058289,3.1016026810021162,-54.0,-0.0,11,0,30.85014135132174,0.061321807901531855,1.0,98.34191389932853,12
299.790701568,-23.134536743164062,0.6583313345909119,3.1032387036424915,-54.0,-0.0,11,0,30.872483252974543,0.05967977697457094,1.0,98.45584567532849,12
299.87794176,-23.12238883972168,0.6591134667396545,3.103256492401352,-54.0,-0.0,11,0,30.88464507692102,0.05967891927804203,1.0,98.54308586732851,12
300.010734848,-23.11243438720703,0.6590927243232727,3.102301055898611,-54.0,-0.0,11,0,30.894596820542045,0.06062680827865563,1.0,98.67587895532854,12
300.094631936,-23.104930877685547,0.6588355898857117,3.1020996053538377,-54.0,-0.0,11,0,30.902093139576937,0.060814759649565175,1.0,98.7597760433285,12
300.183866368,-23.102048873901367,0.6589733958244324,3.1028709320707275,-54.0,-0.0,11,0,30.90497742641441,0.06004590276196531,1.0,98.84901047532851,12
300.292533248,-23.104206085205078,0.6589705348014832,3.1023710376732927,-54.0,-0.0,11,0,30.902820644582196,0.060547193048359205,0.9843896441491428,98.95682919099549,12
300.402523904,-23.097362518310547,0.6597420573234558,3.101765022459626,-54.0,-0.0,11,0,30.909679113619397,0.06117344189621754,0.034568406276296905,99.0128671231969,12
300.507390208,-23.052371978759766,0.6618730425834656,3.1029635781185623,-54.0,-0.0,11,0,30.954704910006047,0.06001269028620726,0.0,99.01467965369758,12
300.613442816,-22.979095458984375,0.6640138030052185,3.1050100174840907,-54.0,-0.0,11,0,31.02801045625364,0.05798473336698784,0.0,99.01467965369758,12
300.725275648,-22.914588928222656,0.6658181548118591,3.1064494989441487,-54.0,-0.0,11,0,31.09254083082717,0.0565588715377876,0.0,99.01467965369758,12
300.865010944,-22.838829040527344,0.6674579977989197,3.112262648366408,-54.0,-0.0,11,0,31.168318461930344,0.05074627199014792,0.0,99.01467965369758,12
300.933638656,-22.776206970214844,0.6693246960639954,3.1186221257637445,-54.0,-0.0,11,0,31.230966150851327,0.04440361257232528,0.3090113201461114,99.02528302363945,12
301.072352,-22.714012145996094,0.6705264449119568,3.117163932415472,-54.0,-0.0,11,0,31.29317244566626,0.045857605258299294,1.0,99.1160716924151,12
301.178933504,-22.657398223876953,0.6720014214515686,3.113912913444157,-54.0,-0.0,11,0,31.349804975582614,0.04911696742572502,1.0,99.22265319641507,12
301.296077824,-22.602825164794922,0.6733822226524353,3.1144962612741525,-54.0,-0.0,11,0,31.404395094480318,0.04854032816208509,1.0,99.33979751641509,12
301.378767104,-22.563156127929688,0.6742402911186218,3.117389239798832,-54.0,-0.0,11,0,31.444073409898603,0.045647581035460405,1.0,99.4224867964151,12
301.510175488,-22.533090591430664,0.6746775507926941,3.1187873689545453,-54.0,-0.0,11,0,31.47414141044443,0.044242858472243185,1.0,99.5538951804151,12
301.630164992,-22.5142822265625,0.6747185587882996,3.1183533477360004,-54.0,-0.0,11,0,31.49294633472917,0.04466537945670268,1.0,99.67388468441509,12
301.73107072,-22.510953903198242,0.6749898791313171,3.1243040201251397,-54.0,-0.0,11,0,31.496279707664456,0.0387210554561257,1.0,99.77479041241507,12
301.85179392,-22.509660720825195,0.6750653386116028,3.122864392796606,-54.0,-0.0,11,0,31.497574210229814,0.04016219808361576,0.20824445893472873,99.8477219811475,12
301.986648832,-22.467973709106445,0.6776513457298279,3.1179403207424037,-54.0,-0.0,11,0,31.539307115977863,0.04513991636191328,0.003393659817995632,99.86199220108763,12
302.103125504,-22.395793914794922,0.6795026659965515,3.1299333662320388,-54.0,-0.0,11,0,31.611510026400353,0.03315636244293785,0.0017920723430603217,99.86229420949964,12
302.219164672,-22.319292068481445,0.6812760233879089,3.1367033598985605,-54.0,-0.0,11,0,31.688032316037326,0.02639042419956361,0.9408382635923287,99.91698522945639,12
302.323849216,-22.263195037841797,0.6813816428184509,-3.13910984787774,-54.0,-0.0,11,0,31.744118670223617,0.018983658165915518,1.0,100.01857311375736,12
302.455852288,-22.219518661499023,0.680034339427948,-3.1279253582828335,-54.0,-0.0,11,0,31.787756146189526,0.00772730133009869,1.0,100.15057618575739,12
302.530680832,-22.16414451599121,0.6808416247367859,-3.124797192307525,-54.0,-0.0,11,0,31.843134891474907,0.00458727984576246,1.0,100.22540472975734,12
302.66433152,-22.106067657470703,0.6847442984580994,-3.1286094712577404,-54.0,-0.0,11,0,31.90128202790771,0.008482942083273048,1.0,100.35905541775739,12
302.788506112,-22.03376579284668,0.6870922446250916,-3.124007035309143,-54.0,-0.0,11,0,31.973617642350124,0.003905385508898629,1.0,100.48323000975736,12
302.887732992,-21.951875686645508,0.6923560500144958,-3.123465626035891,-54.0,-0.0,11,0,32.055602145400655,0.0034732496392337886,1.0,100.58245688975737,12
302.989404416,-21.870807647705078,0.698521077632904,-3.1223918144216274,-54.0,-0.0,11,0,32.136784731933965,0.002536745897026016,1.0,100.68412831375738,12
303.110055168,-21.800933837890625,0.7014384865760803,-3.1234849955821673,-54.0,-0.0,11,0,32.206705476691454,0.0036733326592837123,1.0,100.80477906575734,12
303.204950272,-21.727327346801758,0.7036179900169373,-3.1182621692985175,-54.0,-0.0,11,0,32.28034198171335,0.0015316533258666887,1.0,100.89967416975739,12
303.311650048,-21.68177032470703,0.7044348120689392,-3.1088919794381376,-54.0,-0.0,11,0,32.32590598497499,0.01090729958978054,1.0,101.00637394575736,12
303.427081472,-21.6431827545166,0.7056755423545837,-3.103002334696957,-54.0,-0.0,11,0,32.364511431947946,0.016784599054207927,1.0,101.12180536975737,12
303.525641728,-21.605865478515625,0.7043158411979675,-3.1135331282844505,-54.0,-0.0,11,0,32.40179026227082,0.0063208710045188354,1.0,101.22036562575735,12
303.662304512,-21.595962524414062,0.7040373682975769,-3.1147426008459473,-54.0,-0.0,11,0,32.411684827159746,0.005126629587204334,1.0,101.35702840975736,12
303.756683776,-21.606412887573242,0.7041124701499939,-3.114771265088426,-54.0,-0.0,11,0,32.40123856245316,0.00508864212276805,1.0,101.45140767375736,12
303.843694592,-21.638912200927734,0.7042002081871033,-3.1149683108152684,-54.0,-0.0,11,0,32.36874884008454,0.004867067766197053,1.0,101.53841848975739,12
303.95469568,-21.683725357055664,0.7047377228736877,-3.106478447830034,-54.0,-0.0,11,0,32.323958019652366,0.013310144318105621,1.0,101.64941957775736,12
304.058584064,-21.73760414123535,0.7044864296913147,-3.101639240765237,-54.0,-0.0,11,0,32.27008657684782,0.018120735104300234,1.0,101.75330796175737,12
304.155483136,-21.804319381713867,0.7017377018928528,-3.0998987315835236,-54.0,-0.0,11,0,32.20332725475651,0.019901352442277975,1.0,101.85020703375736,12
304.259971072,-21.868438720703125,0.6995708346366882,-3.101459104736769,-54.0,-0.0,11,0,32.13917593215303,0.018364910773220444,1.0,101.95469496975736,12
304.387069952,-21.925479888916016,0.6958722472190857,-3.1160140335309583,-54.0,-0.0,11,0,32.082067865721825,0.003886538784952265,1.0,102.08179384975736,12
304.466363904,-21.991352081298828,0.6908981204032898,-3.1250498897689094,-54.0,-0.0,11,0,32.01610347615946,0.005038618045109633,0.5849111800335923,102.14463078527429,12
304.579642624,-22.089221954345703,0.6855039000511169,-3.122768899041222,-54.0,-0.0,11,0,31.9181401569076,0.0026548343273828934,0.38609606929218243,102.19962801443145,12
304.684773376,-22.158323287963867,0.6820085644721985,-3.127619726948318,-54.0,-0.0,11,0,31.8489797562785,0.007442537941180216,0.4980950376660299,102.24610585242459,12
304.789049344,-22.239070892333984,0.6826979517936707,-3.1291182279023126,-54.0,-0.0,11,0,31.7682655219886,0.009017163433043152,0.7569699060845245,102.3115424083808,12
304.910332416,-22.303293228149414,0.6826304793357849,-3.132772996075975,-54.0,-0.0,11,0,31.704056594574723,0.012713335675099469,1.0,102.41808776219158,12
304.994410752,-22.365331649780273,0.6812754273414612,3.1395597054990896,-54.0,-0.0,11,0,31.6420033789944,0.023565341817600505,1.0,102.50216609819158,12
305.110707712,-22.445045471191406,0.6799768805503845,3.131670030221422,-54.0,-0.0,11,0,31.562280080394398,0.031468262367274846,1.0,102.61846305819158,12
305.211329792,-22.51276969909668,0.6775693297386169,3.1239192484144134,-54.0,-0.0,11,0,31.49451971722583,0.039188945504500694,1.0,102.71908513819157,12
305.353154816,-22.57929229736328,0.6770336031913757,3.1131013029975607,-54.0,-0.0,11,0,31.428001002837973,0.05003538642344907,1.0,102.86091016219159,12
305.4285696,-22.65133285522461,0.6753457188606262,3.1171026070649175,-54.0,-0.0,11,0,31.35594080224517,0.04602975882663607,1.0,102.93632494619156,12
305.5700352,-22.72910499572754,0.6726841330528259,3.11474670907057,-54.0,-0.0,11,0,31.27812939277369,0.04835413612523176,1.0,103.07779054619157,12
305.644913664,-22.788360595703125,0.6721011996269226,3.113437223751119,-54.0,-0.0,11,0,31.21887496894142,0.04968577419490572,1.0,103.15266901019156,12
305.774050304,-22.843225479125977,0.6708336472511292,3.112616069326965,-54.0,-0.0,11,0,31.16399551288103,0.050504166135521444,1.0,103.28180565019157,12
305.847188224,-22.904253005981445,0.6681930422782898,3.1123703072791837,-54.0,-0.0,11,0,31.102925313509708,0.0507072852647088,1.0,103.35494357019154,12
305.985125888,-22.950559616088867,0.6671527028083801,3.1112316623829654,-54.0,-0.0,11,0,31.056607040739593,0.05184447213895815,1.0,103.49288123419159,12
306.048032256,-22.9937744140625,0.6658634543418884,3.1124879546129227,-54.0,-0.0,11,0,31.013374521742605,0.050576552084240944,1.0,103.55578760219156,12
306.163260672,-23.032745361328125,0.6654977202415466,3.1106539870237135,-54.0,-0.0,11,0,30.97440470892042,0.05242572785480171,1.0,103.67101601819154,12
306.261414656,-23.070077896118164,0.6650741696357727,3.11168496974052,-54.0,-0.0,11,0,30.93707169405849,0.05140698456091819,1.0,103.76917000219156,12
306.364947968,-23.09551239013672,0.6648358702659607,3.10445540338741,-54.0,-0.0,11,0,30.91163795664321,0.05864653218427662,1.0,103.87270331419158,12
306.487448064,-23.110349655151367,0.664888322353363,3.103540000037118,-54.0,-0.0,11,0,30.896805254074557,0.05957396118773062,1.0,103.99520341019154,12
306.57971712,-23.119197845458984,0.663510262966156,3.1100327444055944,-54.0,-0.0,11,0,30.887929480251124,0.053042776873360786,1.0,104.08747246619156,12
306.679773952,-23.12555503845215,0.66264408826828,3.1108425742935086,-54.0,-0.0,11,0,30.8815551562962,0.052209327235893,1.0,104.18752929819156,12
306.802441984,-23.130258560180664,0.6621200442314148,3.1099774082598044,-54.0,-0.0,11,0,30.876841475679992,0.0530607937761296,1.0,104.31019733019154,12
306.91014272,-23.130447387695312,0.6619371771812439,3.1139474753149265,-54.0,-0.0,11,0,30.876648770719626,0.04908493672085079,1.0,104.41789806619157,12
307.01085056,-23.126670837402344,0.6623124480247498,3.112418726179439,-54.0,-0.0,11,0,30.880432499576678,0.05062321365276912,1.0,104.51860590619155,12
307.137474304,-23.124765396118164,0.6629039645195007,3.107249422172953,-54.0,-0.0,11,0,30.882350194098215,0.055810343802821905,1.0,104.64522965019158,12
307.230641664,-23.126928329467773,0.6625614762306213,3.108665944952019,-54.0,-0.0,11,0,30.88018040885779,0.054384236202512426,0.5146378842276635,104.71578705670632,12
307.333200128,-23.11811637878418,0.6645039916038513,3.103469901671112,-54.0,-0.0,11,0,30.889032059117284,0.05963703102004558,0.018300324686652023,104.7431157187629,12
307.46678656,-23.07189178466797,0.6669456362724304,3.0986128984301424,-54.0,-0.0,11,0,30.935298515789878,0.06454079855886619,0.0,104.74433805630255,12
307.55424,-23.004980087280273,0.6679746508598328,3.1011471719400485,-54.0,-0.0,11,0,31.002216848543004,0.06199317765436163,0.0,104.74433805630255,12
307.679963136,-22.935808181762695,0.6693379282951355,3.109066087025279,-54.0,-0.0,11,0,31.071402069789126,0.05407016172766532,0.0,104.74433805630255,12
307.774051072,-22.85091781616211,0.6710724234580994,3.1110289452422415,-54.0,-0.0,11,0,31.156310100732615,0.05210426690149994,0.0,104.74433805630255,12
307.898498048,-22.77838134765625,0.6726565957069397,3.10669412270813,-54.0,-0.0,11,0,31.228863862909378,0.05643977628477259,0.0,104.74433805630255,12
307.981000704,-22.692474365234375,0.6743077635765076,3.109999557196706,-54.0,-0.0,11,0,31.314786480695126,0.05312796731605829,0.0,104.74433805630255,12
308.0988736,-22.620746612548828,0.676346480846405,3.112427285144322,-54.0,-0.0,11,0,31.386541506129966,0.050715969551711204,0.0,104.74433805630255,12
308.210423296,-22.548568725585938,0.6771450638771057,3.1151530409142234,-54.0,-0.0,11,0,31.458719850730166,0.04796615180915964,0.015613498074860371,104.74520889678443,12
308.28533888,-22.47498893737793,0.6790520548820496,3.1160942730280565,-54.0,-0.0,11,0,31.532323640855957,0.04703515532907154,0.9519548733046141,104.78145187158535,12
308.410033152,-22.403644561767578,0.6806420683860779,3.128748173835836,-54.0,-0.0,11,0,31.603685712340205,0.03438293900200229,1.0,104.90315066753713,12
308.511483136,-22.352092742919922,0.6815959811210632,3.1351017481205665,-54.0,-0.0,11,0,31.655246118680267,0.0280244186359635,1.0,105.00460065153713,12
308.612269568,-22.306535720825195,0.6823423504829407,3.137176510020451,-54.0,-0.0,11,0,31.700808650546943,0.02594225217426427,1.0,105.10538708353714,12
308.709887488,-22.270919799804688,0.6826782822608948,3.1404625235448163,-54.0,-0.0,11,0,31.73642355382057,0.022642665632595538,1.0,105.20300500353714,12
308.80984064,-22.23965072631836,0.6807712912559509,-3.137005323789818,-54.0,-0.0,11,0,31.767644475743683,0.01684401705071581,1.0,105.30295815553715,12
308.90970496,-22.219982147216797,0.6815430521965027,-3.134466989224545,-54.0,-0.0,11,0,31.787325078641274,0.014316696052545375,1.0,105.40282247553715,12
309.051151872,-22.202064514160156,0.6810824275016785,-3.1338701468006156,-54.0,-0.0,11,0,31.8052287279102,0.013693295551632012,0.9996867831122132,105.54424723575636,12
309.122942208,-22.175376892089844,0.6819168925285339,-3.1336982739610324,-54.0,-0.0,11,0,31.83192810071116,0.013529677962028863,0.39247259956920383,105.59421903068048,12
309.234925824,-22.133317947387695,0.6843132376670837,-3.131255973353919,-54.0,-0.0,11,0,31.8740287640193,0.011134274184219084,0.0017883625421073965,105.61629441477291,12
309.32334592,-22.05547523498535,0.6864845156669617,-3.125328688576657,-54.0,-0.0,11,0,31.951900154026593,0.005222623801740767,0.6799221234289273,105.64643286807978,12
309.435212544,-21.983566284179688,0.6917251944541931,-3.126987562683123,-54.0,-0.0,11,0,32.023905315001144,0.006996865159342391,0.9998393654823303,105.74038749152466,12
309.547014656,-21.911956787109375,0.695697009563446,-3.12948802947829,-54.0,-0.0,11,0,32.0955839884781,0.00957285958885068,0.9998393654823303,105.85217164424628,12
309.69674368,-21.833126068115234,0.7011262774467468,-3.12752911854752,-54.0,-0.0,11,0,32.17451408501291,0.007729545571067309,0.9998393654823303,106.00187661659675,12
309.805001984,-21.749313354492188,0.7050899863243103,-3.127998982519576,-54.0,-0.0,11,0,32.2583933418196,0.008265636493402617,0.9998393654823303,106.1101175305763,12
309.898230528,-21.680023193359375,0.7065600752830505,-3.1225915793939714,-54.0,-0.0,11,0,32.327699081774625,0.0028568482838684517,0.9998393654823303,106.20333109885411,12
309.998167296,-21.621837615966797,0.7054030299186707,-3.108074360083118,-54.0,-0.0,11,0,32.385845562551566,0.011735356981668943,0.9998393654823303,106.3032518135596,12
310.101449216,-21.5706787109375,0.7059614062309265,-3.1033901959744954,-54.0,-0.0,11,0,32.437004497584695,0.016436663832627207,0.9998393654823303,106.40651714291816,12
310.201473024,-21.518827438354492,0.7073599696159363,-3.1162447991406528,-54.0,-0.0,11,0,32.4888739279466,0.003573758220632328,0.9998393654823303,106.50652488364202,12
310.29156992,-21.47921371459961,0.7087129950523376,-3.1139546596310015,-54.0,-0.0,11,0,32.528507723688186,0.005848827262433964,0.9998393654823303,106.59660730697055,12
310.401184,-21.441495895385742,0.7111546397209167,-3.108747667244405,-54.0,-0.0,11,0,32.56626982710455,0.01100609672183106,0.9998393654823303,106.70620377916572,12
310.510148352,-21.409149169921875,0.713549792766571,-3.1066926159592176,-54.0,-0.0,11,0,32.59866118623833,0.01300935994507757,0.9998393654823303,106.81515062772958,12
310.589434368,-21.377670288085938,0.714880645275116,-3.105216134784398,-54.0,-0.0,11,0,32.630161663249844,0.014466181559737556,0.9998393654823303,106.89442390765866,12
310.707902464,-21.360225677490234,0.7164766192436218,-3.099043201244839,-54.0,-0.0,11,0,32.64763707483729,0.020601948422370064,0.9998393654823303,107.01287297359316,12
310.803217152,-21.344863891601562,0.7166935801506042,-3.089557034932342,-54.0,-0.0,11,0,32.662999922631975,0.03009179526435979,0.9998393654823303,107.10817235076426,12
310.932611072,-21.336318969726562,0.7172197699546814,-3.0835302298741665,-54.0,-0.0,11,0,32.67155433470925,0.03610823748797687,0.9998393654823303,107.23754548563431,12
311.042902016,-21.330795288085938,0.7173509001731873,-3.0777861983652253,-54.0,-0.0,11,0,32.67707956386138,0.04185196785543388,0.9998393654823303,107.34781871310176,12
311.157028608,-21.3261775970459,0.7177831530570984,-3.0718830703285294,-54.0,-0.0,11,0,32.68170563288577,0.047744974700069776,0.9998393654823303,107.4619269724317,12
311.234692096,-21.323007583618164,0.7180103659629822,-3.0692768118557634,-54.0,-0.0,11,0,32.68487987228814,0.05034641334194312,0.9998393654823303,107.53957798499475,12
311.3639936,-21.320537567138672,0.718362033367157,-3.06971924091758,-54.0,-0.0,11,0,32.687357019370324,0.04989488834571976,0.9998393654823303,107.66885871871003,12
311.451011584,-21.319625854492188,0.7184259295463562,-3.072981821697552,-54.0,-0.0,11,0,32.68826991608182,0.04663096628149299,0.9998393654823303,107.75586272461814,12
311.576756224,-21.321317672729492,0.718390166759491,-3.0807728287984055,-54.0,-0.0,11,0,32.6865777205011,0.0388399154686625,0.9998393654823303,107.88158716568854,12
311.695177216,-21.32466697692871,0.7180740237236023,-3.096226927033691,-54.0,-0.0,11,0,32.68322227798477,0.023393235571595117,0.9998393654823303,107.9999891351896,12
311.787012608,-21.32874298095703,0.7176349759101868,-3.1101544011376157,-54.0,-0.0,11,0,32.67913761351444,0.009476452970068827,0.9998393654823303,108.0918097752557,12
311.896092928,-21.342905044555664,0.7166597247123718,-3.1108190321740765,-54.0,-0.0,11,0,32.66495755530585,0.008832150036436115,0.9998393654823303,108.20087257319108,12
311.998163712,-21.35792350769043,0.7163318991661072,-3.1127543036210916,-54.0,-0.0,11,0,32.64993551478398,0.006896824864909057,0.9998393654823303,108.30292696109996,12
312.100409856,-21.377946853637695,0.7144772410392761,-3.1096738936869808,-54.0,-0.0,11,0,32.629876328482304,0.010020597029081202,0.9998393654823303,108.40515668083992,12
312.186379776,-21.393070220947266,0.713375985622406,-3.1108663089400013,-54.0,-0.0,11,0,32.614732482621086,0.008851785952253888,0.9163406454620957,108.48752360196319,12
312.29294336,-21.397794723510742,0.7139655947685242,-3.1138218388965564,-54.0,-0.0,11,0,32.61002201411181,0.005875010801334124,0.00751251952556181,108.53674815413858,12
312.41052672,-21.362689971923828,0.7167304158210754,-3.1130729265176993,-54.0,-0.0,11,0,32.6451789451019,0.006562794001511829,0.0,108.53718982778251,12
312.510088448,-21.279390335083008,0.7219321131706238,-3.113631719973534,-54.0,-0.0,11,0,32.728572880892415,0.005900983957108252,0.0,108.53718982778251,12
312.66996736,-21.185819625854492,0.7198956608772278,-3.105841034352146,-54.0,-0.0,11,0,32.82207615903519,0.013816584118164776,0.0,108.53718982778251,12
312.738393088,-21.108308792114258,0.7152025103569031,-3.0862977658645723,-54.0,-0.0,11,0,32.89946603131621,0.03355414415070124,0.027400835394739153,108.53812728883736,12
312.834780672,-21.02766990661621,0.7140607237815857,-3.0831469801724816,-54.0,-0.0,11,0,32.980061165866715,0.036792695840692335,0.795681545680995,108.5777947499098,12
312.981900544,-20.929683685302734,0.7172934412956238,-3.0793220620433686,-54.0,-0.0,11,0,33.078094428716085,0.04058404395716497,1.0,108.70988496948644,12
313.092954368,-20.84210968017578,0.7204498648643494,-3.0744416202915743,-54.0,-0.0,11,0,33.16571631171677,0.04542659560654405,1.0,108.82093879348645,12
313.193100544,-20.726871490478516,0.7215196490287781,-3.0744306978115534,-54.0,-0.0,11,0,33.28095057859775,0.045480598473395695,1.0,108.92108496948646,12
313.294054144,-20.619937896728516,0.7189218401908875,-3.081678952397619,-54.0,-0.0,11,0,33.387803081822625,0.03837956777296947,1.0,109.02203856948643,12
313.396615424,-20.487491607666016,0.7205845713615417,-3.0785568580734846,-54.0,-0.0,11,0,33.520254486962656,0.04153714959525967,1.0,109.12459984948646,12
313.498955008,-20.356769561767578,0.7254838347434998,-3.072328600761104,-54.0,-0.0,11,0,33.6510517088914,0.047703358305176025,1.0,109.22693943348645,12
313.61158656,-20.207895278930664,0.7314050793647766,-3.065685078879278,-54.0,-0.0,11,0,33.800019154873816,0.05426669431112163,1.0,109.33957098548643,12
313.758012928,-20.0042724609375,0.7281047701835632,-3.080571497719818,-54.0,-0.0,11,0,34.00352375073114,0.03960689226553038,1.0,109.48599735348648,12
313.834225664,-19.811677932739258,0.7373203635215759,-3.083572731094479,-54.0,-0.0,11,0,34.19627183032109,0.036456826127138964,1.0,109.56221008948643,12
313.941855232,-19.665578842163086,0.7446193099021912,-3.0926888515756796,-54.0,-0.0,11,0,34.34249458266534,0.027219947239145892,1.0,109.66983965748648,12
314.044214528,-19.53093147277832,0.7438949942588806,-3.1202038135935886,-54.0,-0.0,11,0,34.47709478620244,0.00018933329354942074,1.0,109.77219895348645,12
314.155436544,-19.409072875976562,0.7422495484352112,3.132167450791875,-54.0,-0.0,11,0,34.598889775419856,0.030879836151260776,1.0,109.88342096948645,12
314.243364864,-19.345264434814453,0.7406491637229919,3.1347894404784205,-54.0,-0.0,11,0,34.662649325703015,0.028172195248027165,1.0,109.97134928948645,12
314.38421248,-19.31504249572754,0.7406682372093201,3.1389688790385386,-54.0,-0.0,11,0,34.692864778089415,0.023974692633526473,1.0,110.11219690548643,12
314.468056832,-19.30756187438965,0.7404558062553406,-3.137567869993922,-54.0,-0.0,11,0,34.70033916117132,0.017315411578670226,1.0,110.19604125748646,12
314.571037952,-19.303157806396484,0.7400643229484558,-3.1361707781269224,-54.0,-0.0,11,0,34.70473387608564,0.01590433399122748,1.0,110.29902237748644,12
314.712412928,-19.2984561920166,0.739827573299408,-3.1388568889158166,-54.0,-0.0,11,0,34.70942937438766,0.018580736875605464,1.0,110.44039735348645,12
314.803404288,-19.298871994018555,0.739623486995697,-3.141038903046143,-54.0,-0.0,11,0,34.70900931732315,0.02075712776375971,0.14216291617229132,110.49236083202851,12
314.907975168,-19.326860427856445,0.7400264143943787,3.1345320226983118,-54.0,-0.0,11,0,34.681035839250086,0.028400321742806156,-1.0,110.55207932265225,13
315.012205056,-19.356929779052734,0.740326464176178,-3.140136373885366,-54.0,-0.0,11,0,34.65097974959789,0.019910585080546994,-1.0,110.65630921065227,13
315.11024384,-19.382598876953125,0.7405135035514832,-3.130835041854664,-54.0,-0.0,11,0,34.62532051494786,0.010630492509351441,-1.0,110.75434799465225,13
315.264009216,-19.411663055419922,0.7409030795097351,-3.118988804613396,-54.0,-0.0,11,0,34.59627133037649,0.001186519988820578,-1.0,110.90811337065222,13
315.382006272,-19.435020446777344,0.7411476969718933,-3.10699707254514,-54.0,-0.0,11,0,34.57292454252933,0.013156709880291384,-1.0,111.02611042665225,13
315.459426304,-19.454877853393555,0.7399541735649109,-3.095984384186947,-54.0,-0.0,11,0,34.55304612191138,0.024191612238293025,-1.0,111.10353045865222,13
315.610257152,-19.475217819213867,0.741131603717804,-3.078447705589255,-54.0,-0.0,11,0,34.53273607296064,0.041681589036646205,-1.0,111.25436130665221,13
315.700681216,-19.50078773498535,0.7409300208091736,-3.078136290971406,-54.0,-0.0,11,0,34.50716772211642,0.04198294088525589,-1.0,111.34478537065226,13
315.810192384,-19.525638580322266,0.7416965365409851,-3.077078447601192,-54.0,-0.0,11,0,34.48233908897251,0.043003085806844865,-1.0,111.45429653865224,13
315.890699008,-19.549673080444336,0.7414187788963318,-3.0755782783574577,-54.0,-0.0,11,0,34.45830417577107,0.04449631112890717,-1.0,111.53480316265225,13
316.01270272,-19.574670791625977,0.7419211268424988,-3.0780200171864536,-54.0,-0.0,11,0,34.433323076104415,0.04202436631339612,-1.0,111.65680687465223,13
316.111693824,-19.601613998413086,0.7415584921836853,-3.0797747771898734,-54.0,-0.0,11,0,34.40637831146284,0.04026327073769487,-1.0,111.75579797865223,13
316.213244928,-19.623666763305664,0.7419881224632263,-3.076417938261556,-54.0,-0.0,11,0,34.38433994094015,0.04359379442115152,-1.0,111.85734908265223,13
316.31609984,-19.642745971679688,0.7423575520515442,-3.07041693824465,-54.0,-0.0,11,0,34.36527315622008,0.04957206630531363,-1.0,111.96020399465223,13
316.436324864,-19.668947219848633,0.7406081557273865,-3.0659939910989227,-54.0,-0.0,11,0,34.33904025207852,0.054029463731362526,-1.0,112.08042901865227,13
316.547386624,-19.704744338989258,0.739711582660675,-3.0682483633107687,-54.0,-0.0,11,0,34.30323212292993,0.05177871535319101,-1.0,112.19149077865225,13
316.648821504,-19.74570655822754,0.7375854849815369,-3.0709135200486566,-54.0,-0.0,11,0,34.26223360411156,0.04914981713770983,-1.0,112.29292565865225,13
316.790362112,-19.783241271972656,0.7343752980232239,-3.074193948618705,-54.0,-0.0,11,0,34.224638565372494,0.04593955464706179,-1.0,112.43446626665227,13
316.859500288,-19.823095321655273,0.7324053645133972,-3.0758801250196455,-54.0,-0.0,11,0,34.18475143994219,0.04428597498887754,-0.581422336991379,112.48913459458485,13
316.96347904,-19.856306076049805,0.7314667105674744,-3.072384847911113,-54.0,-0.0,11,0,34.15152819891171,0.04778789604390399,1.0,112.57135175507749,14
317.098708736,-19.863391876220703,0.7307665944099426,-3.07477426365185,-54.0,-0.0,11,0,34.144429033328116,0.04541453533688067,1.0,112.7065814510775,14
317.20734592,-19.858091354370117,0.7313300967216492,-3.074322990330306,-54.0,-0.0,11,0,34.14974040423891,0.045852633439597223,1.0,112.81521863507753,14
317.302157056,-19.84630012512207,0.7317485213279724,-3.0743981148046395,-54.0,-0.0,11,0,34.16153789046539,0.0457726551192823,1.0,112.9100297710775,14
317.408368896,-19.825267791748047,0.7315441966056824,-3.0749079986422796,-54.0,-0.0,11,0,34.18256102777147,0.04528192711907675,1.0,113.01624161107752,14
317.51024384,-19.799968719482422,0.734596312046051,-3.071482892807498,-54.0,-0.0,11,0,34.20791971649332,0.04863365846576784,1.0,113.11811655507749,14
317.610700032,-19.771608352661133,0.7353675961494446,-3.0711444149885145,-54.0,-0.0,11,0,34.236290106626384,0.048967402041595776,1.0,113.21857274707752,14
317.709802752,-19.743494033813477,0.7374119162559509,-3.0684147572001814,-54.0,-0.0,11,0,34.264441879966604,0.05165503446049913,1.0,113.31767546707748,14
317.80998016,-19.705121994018555,0.7399019598960876,-3.068537865141792,-54.0,-0.0,11,0,34.3028586615665,0.05148342751214763,1.0,113.41785287507751,14
317.957024256,-19.673728942871094,0.7403568625450134,-3.065951787538377,-54.0,-0.0,11,0,34.334254221861336,0.05407598090803489,1.0,113.56489697107752,14
318.062194432,-19.631803512573242,0.741601288318634,-3.065935292793662,-54.0,-0.0,11,0,34.376196739447614,0.05408258248696329,1.0,113.67006714707752,14
318.1558016,-19.5847225189209,0.741110622882843,-3.0703279094261053,-54.0,-0.0,11,0,34.42325622388184,0.04973372215801364,1.0,113.76367431507752,14
318.271752448,-19.53276252746582,0.7412287592887878,-3.075185103302714,-54.0,-0.0,11,0,34.4752067297886,0.044905550768960634,1.0,113.87962516307748,14
318.410073344,-19.479721069335938,0.7406464219093323,-3.0788783823607693,-54.0,-0.0,11,0,34.52822344942086,0.041262161688509824,1.0,114.01794605907752,14
318.51058048,-19.422826766967773,0.7407199740409851,-3.083427181947163,-54.0,-0.0,11,0,34.58510625785417,0.03674652302349912,1.0,114.11845319507749,14
318.6628736,-19.364669799804688,0.7404794096946716,-3.088140727233494,-54.0,-0.0,11,0,34.643244764784136,0.03207587426793612,1.0,114.27074631507752,14
318.761620736,-19.31310272216797,0.7404324412345886,-3.0931864474181126,-54.0,-0.0,11,0,34.69479907656051,0.02706327646342377,1.0,114.3694934510775,14
318.880577792,-19.261940002441406,0.7400917410850525,-3.0977213589312678,-54.0,-0.0,11,0,34.74594290243399,0.022569592842391906,1.0,114.4884505070775,14
318.964609536,-19.201696395874023,0.7398129105567932,-3.102101588293857,-54.0,-0.0,11,0,34.80616693730514,0.018234239480271697,1.0,114.57248225107752,14
319.077677824,-19.148771286010742,0.7389232516288757,-3.1071924761643612,-54.0,-0.0,11,0,34.85906123874519,0.01320113839424586,1.0,114.68555053907748,14
319.1624704,-19.0938777923584,0.7378739714622498,-3.109628949884489,-54.0,-0.0,11,0,34.91392022635917,0.010828039011516744,1.0,114.77034311507752,14
319.254457856,-19.031381607055664,0.7368921637535095,-3.11465800002724,-54.0,-0.0,11,0,34.97638177931454,0.005864815817741231,1.0,114.86233057107749,14
319.369202432,-18.942014694213867,0.7366899847984314,-3.1215987741839006,-54.0,-0.0,11,0,35.06572465862382,0.001016500245906382,1.0,114.97707514707751,14
319.507078656,-18.855960845947266,0.7359094023704529,-3.1291446512209204,-54.0,-0.0,11,0,35.15174321011817,0.008488745055445168,1.0,115.11495137107748,14
319.596309248,-18.78522491455078,0.7393268942832947,-3.130950528337692,-54.0,-0.0,11,0,35.222535237761996,0.010349583314827715,1.0,115.20418196307752,14
319.710910464,-18.71588134765625,0.741405189037323,-3.133753773497093,-54.0,-0.0,11,0,35.29190715627314,0.013170461520280785,1.0,115.3187831790775,14
319.818532096,-18.666547775268555,0.7435703873634338,-3.13318732591643,-54.0,-0.0,11,0,35.34127534538536,0.01263594065569773,1.0,115.42640481107752,14
319.96714624,-18.629728317260742,0.7463435530662537,-3.135474441040194,-54.0,-0.0,11,0,35.37814505609346,0.014979527957532213,1.0,115.57501895507748,14
320.066170368,-18.608469009399414,0.7460539937019348,-3.133541760308849,-54.0,-0.0,11,0,35.39939353181295,0.013025999834836988,1.0,115.67404308307748,14
320.17962368,-18.5961971282959,0.7476047873497009,-3.1348886558395397,-54.0,-0.0,11,0,35.41169539426984,0.014409375268887192,1.0,115.78749639507753,14
320.270727936,-18.601974487304688,0.7466568350791931,-3.1360805173638093,-54.0,-0.0,11,0,35.40589931955971,0.015577913829064371,1.0,115.87860065107752,14
320.37912064,-18.619626998901367,0.7456676363945007,-3.13314253752917,-54.0,-0.0,11,0,35.38822987832021,0.012622506902227215,1.0,115.9869933550775,14
320.500561408,-18.64038848876953,0.7457289099693298,-3.1315673865425753,-54.0,-0.0,11,0,35.36747429252344,0.011061457195149504,1.0,116.10843412307752,14
320.610701824,-18.662446975708008,0.7437052130699158,-3.135600647013915,-54.0,-0.0,11,0,35.34537807392355,0.015050634385394446,1.0,116.2185745390775,14
320.710394368,-18.681896209716797,0.7438916563987732,-3.1360147400962526,-54.0,-0.0,11,0,35.32593707373771,0.015481588594360662,1.0,116.31826708307749,14
320.810820096,-18.694820404052734,0.743097722530365,-3.136505580800093,-54.0,-0.0,11,0,35.31299903048905,0.015957658509713646,1.0,116.41869281107749,14
320.950065152,-18.71064567565918,0.7409831881523132,-3.1350266473712924,-54.0,-0.0,11,0,35.29713281151879,0.014428266247448196,1.0,116.55793786707748,14
321.082006016,-18.72235679626465,0.7408227324485779,-3.135269901272776,-54.0,-0.0,11,0,35.28542090341233,0.014673941206975183,1.0,116.68987873107748,14
321.196021504,-18.72586441040039,0.7408701777458191,-3.1346571608827913,-54.0,-0.0,11,0,35.281915058762486,0.014064632539069866,1.0,116.80389421907749,14
321.300190464,-18.72866439819336,0.7407605051994324,-3.133797607208397,-54.0,-0.0,11,0,35.27911338542022,0.013203637428461867,1.0,116.90806317907753,14
321.397481984,-18.726919174194336,0.7405543923377991,-3.1345300299594876,-54.0,-0.0,11,0,35.28085389771384,0.013929180750399173,0.9951280076462149,117.00511769730676,14
321.475429632,-18.723289489746094,0.7404890656471252,-3.134925228552326,-54.0,-0.0,11,0,35.28448141152993,0.014320369072364336,0.3915290718642081,117.05916102627192,14
321.579459072,-18.69510269165039,0.7436975836753845,-3.1386968590941957,-54.0,-0.0,11,0,35.31272943357786,0.018166088367978617,0.0,117.0795263013168,14
321.710385408,-18.624372482299805,0.7469784617424011,-3.1386526510653248,-54.0,-0.0,11,0,35.383513097110274,0.018172484391328236,0.0,117.0795263013168,14
321.783256064,-18.5441837310791,0.7512804865837097,-3.1390550156928025,-54.0,-0.0,11,0,35.46377489305104,0.018648394711792804,0.0,117.0795263013168,14
321.893452288,-18.4465389251709,0.7559570670127869,-3.138245024270587,-54.0,-0.0,11,0,35.561496952273465,0.01791171234199318,0.0,117.0795263013168,14
322.011007488,-18.348072052001953,0.7619091868400574,-3.140437030233558,-54.0,-0.0,11,0,35.660068312024244,0.02021189509179777,0.0,117.0795263013168,14
322.1488192,-18.265592575073242,0.7655401825904846,3.1381663581890384,-54.0,-0.0,11,0,35.74260658908107,0.024846074145907338,0.0,117.0795263013168,14
322.270036992,-18.16400146484375,0.7673158049583435,3.1391350362467905,-54.0,-0.0,11,0,35.84421242761877,0.023866217779795917,0.0,117.0795263013168,14
322.363571712,-18.08065414428711,0.7699313759803772,-3.123135042056375,-54.0,-0.0,11,0,35.92759664973484,0.0029741120327821946,0.0,117.0795263013168,14
322.501969408,-17.963356018066406,0.7761839032173157,-3.11078011396217,-54.0,-0.0,11,0,36.045002024306285,0.009277129487315072,0.0,117.0795263013168,14
322.61005952,-17.865205764770508,0.7812952399253845,-3.097116051826885,-54.0,-0.0,11,0,36.14323970916698,0.02285828237191989,0.0,117.0795263013168,14
322.70718208,-17.764162063598633,0.7821579575538635,-3.079105021117925,-54.0,-0.0,11,0,36.24427847293569,0.04090577976962395,0.0,117.0795263013168,14
322.810252544,-17.700292587280273,0.7822462916374207,-3.062798135766823,-54.0,-0.0,11,0,36.30813500456668,0.057248194379230455,0.0,117.0795263013168,14
322.910805248,-17.684717178344727,0.7916795611381531,-3.073369080385428,-54.0,-0.0,11,0,36.32391117355529,0.04642684960040455,0.035989719790503936,117.08133573313738,14
323.011936,-17.719968795776367,0.7898308634757996,-3.0688551327476152,-54.0,-0.0,11,0,36.28862765347209,0.05097055723942834,0.7935663461685181,117.12328254752569,14
323.114821376,-17.763139724731445,0.7802919745445251,-3.071281016294355,-54.0,-0.0,11,0,36.24526035462947,0.04878186342218438,1.0,117.21554842147896,14
323.238355456,-17.789987564086914,0.7837685942649841,-3.100090797698549,-54.0,-0.0,11,0,36.21849380935569,0.019860155849103833,1.0,117.33908250147897,14
323.32274944,-17.82072639465332,0.7841804623603821,-3.106521368252277,-54.0,-0.0,11,0,36.18777110583191,0.01339982495818326,1.0,117.42347648547894,14
323.434816256,-17.856517791748047,0.7793070673942566,-3.089531260689194,-54.0,-0.0,11,0,36.15188273995583,0.03050325053343661,1.0,117.53554330147892,14
323.555631104,-17.872665405273438,0.7795242667198181,-3.086767614839195,-54.0,-0.0,11,0,36.135743565087076,0.03325125440717658,1.0,117.65635814947893,14
323.650953984,-17.8717041015625,0.779613196849823,-3.0896682946549197,-54.0,-0.0,11,0,36.1367065635727,0.030348688086240028,1.0,117.75168102947896,14
323.773340672,-17.862489700317383,0.779336154460907,-3.086377571783422,-54.0,-0.0,11,0,36.14591284642452,0.0336525734243982,1.0,117.87406771747897,14
323.874429184,-17.84848403930664,0.778751790523529,-3.074823664571813,-54.0,-0.0,11,0,36.159902663136556,0.045230988497243274,0.13609134600900533,117.93149060931103,14
323.988064256,-17.854520797729492,0.7800881266593933,-3.0604539792176846,-54.0,-0.0,11,0,36.15389611434879,0.05956012397967658,0.0,117.93922298426217,14
324.111876608,-17.908491134643555,0.784851610660553,-3.060275512431015,-54.0,-0.0,11,0,36.10004160979402,0.059574411279450956,0.0,117.93922298426217,14
324.210925568,-17.988304138183594,0.7767567038536072,-3.0793943772095993,-54.0,-0.0,11,0,36.02007204075176,0.04063205302311079,0.0,117.93922298426217,14
324.291037184,-18.09549331665039,0.7705976366996765,-3.1354797569934516,-54.0,-0.0,11,0,35.91277517670257,0.015346229820289992,0.0,117.93922298426217,14
324.392244992,-18.188058853149414,0.768291175365448,3.1333029852230254,-54.0,-0.0,11,0,35.82018146290767,0.029739869446203215,0.0,117.93922298426217,14
324.510386432,-18.276718139648438,0.7661260962486267,3.1413583849648403,-54.0,-0.0,11,0,35.73149613533523,0.02167711016486873,0.0,117.93922298426217,14
324.6448512,-18.380857467651367,0.7606951594352722,3.1396633125674636,-54.0,-0.0,11,0,35.627264445440595,0.023282453070894604,0.0,117.93922298426217,14
324.74155776,-18.485313415527344,0.7542328238487244,-3.136388370395069,-54.0,-0.0,11,0,35.52269458171625,0.01602973393806062,0.0,117.93922298426217,14
324.867771648,-18.58690643310547,0.7494142651557922,-3.1310185086223368,-54.0,-0.0,11,0,35.42102225682435,0.01058476403764752,0.0,117.93922298426217,14
324.981468928,-18.67064094543457,0.7454017996788025,-3.1335775714737273,-54.0,-0.0,11,0,35.3372216656795,0.013080438527199423,0.0,117.93922298426217,14
325.06798848,-18.754865646362305,0.7411749958992004,-3.133057340289185,-54.0,-0.0,11,0,35.252926630005035,0.01249073137554646,0.0,117.93922298426217,14
325.16439936,-18.83983039855957,0.7372502684593201,-3.132210841754391,-54.0,-0.0,11,0,35.167898207888385,0.01158345244201131,0.0023711716361677843,117.93933728763422,14
325.28254336,-18.942535400390625,0.7343084216117859,-3.12806417094934,-54.0,-0.0,11,0,35.06515411360564,0.0074143057463365025,0.013834522105753422,117.94029459037493,14
325.373643264,-19.029394149780273,0.7341843247413635,-3.1212980274056257,-54.0,-0.0,11,0,34.978311853977715,0.0006966168504045633,0.03142613242937892,117.9423562110165,14
325.476649984,-19.113567352294922,0.7358061671257019,-3.1127801000655575,-54.0,-0.0,11,0,34.894191401986134,0.007724209644406788,1.0,117.99547812242842,14
325.571858688,-19.174957275390625,0.7360078692436218,-3.109976962009513,-54.0,-0.0,11,0,34.83281941437495,0.010484394728231816,1.0,118.09068682642844,14
325.671058688,-19.20506477355957,0.7357439398765564,-3.109978700639926,-54.0,-0.0,11,0,34.80271306316865,0.010471958865945208,1.0,118.18988682642843,14
325.781028864,-19.210718154907227,0.7360103726387024,-3.113936695106884,-54.0,-0.0,11,0,34.79706657989914,0.00650287472655986,1.0,118.29985700242842,14
325.910236928,-19.20649528503418,0.7356273531913757,-3.112406817938388,-54.0,-0.0,11,0,34.80128040680561,0.008046321907770881,1.0,118.42906506642844,14
326.011617024,-19.183712005615234,0.7354758381843567,-3.116067120136148,-54.0,-0.0,11,0,34.824055398768444,0.004404198888865896,1.0,118.53044516242839,14
326.162124032,-19.14904022216797,0.7353186011314392,-3.1176610983901463,-54.0,-0.0,11,0,34.85871613931351,0.0028357368319835707,1.0,118.68095217042843,14
326.260237824,-19.10679817199707,0.7347211241722107,-3.121799417268212,-54.0,-0.0,11,0,34.900936218675454,0.0012599353809950031,1.0,118.77906596242842,14
326.38399616,-19.041149139404297,0.734757125377655,-3.12498243673041,-54.0,-0.0,11,0,34.96657148658796,0.004404460218970563,1.0,118.9028242984284,14
326.460270592,-18.965370178222656,0.7343323826789856,-3.1310096652948958,-54.0,-0.0,11,0,35.04232484863442,0.010374129756875128,1.0,118.97909873042839,14
326.567230464,-18.880781173706055,0.7349883913993835,-3.1331784934652656,-54.0,-0.0,11,0,35.12690904284934,0.01251116613695702,1.0,119.0860586024284,14
326.667334144,-18.798002243041992,0.738473117351532,-3.1367827505025976,-54.0,-0.0,11,0,35.209742808289974,0.016165179667531948,1.0,119.18616228242841,14
326.766828544,-18.714950561523438,0.7421537041664124,-3.1387002419478547,-54.0,-0.0,11,0,35.29285346917054,0.01813757993566245,1.0,119.28565668242844,14
326.889215744,-18.656524658203125,0.7449299693107605,-3.13984430061927,-54.0,-0.0,11,0,35.351324867611126,0.019325400632053125,1.0,119.40804388242843,14
327.012188416,-18.60144805908203,0.7474632859230042,-3.1394382129955996,-54.0,-0.0,11,0,35.4064426464686,0.018958067800801448,1.0,119.53101655442843,14
327.11268608,-18.561933517456055,0.748903214931488,-3.141317552681236,-54.0,-0.0,11,0,35.445978785280275,0.020854487533559674,1.0,119.63151421842842,14
327.260986112,-18.54531478881836,0.7499412894248962,-3.1386337156417565,-54.0,-0.0,11,0,35.462615743365106,0.018190015168407125,1.0,119.77981425042843,14
327.359214592,-18.52933692932129,0.7506546378135681,-3.14000826197104,-54.0,-0.0,11,0,35.478605117153094,0.019575139677107778,1.0,119.87804273042842,14
327.471204096,-18.520137786865234,0.751257598400116,-3.137711397544687,-54.0,-0.0,11,0,35.487814960098376,0.017289777525365757,1.0,119.99003223442843,14
327.574761472,-18.508743286132812,0.751203715801239,-3.1378442055106217,-54.0,-0.0,11,0,35.49920576790777,0.017414273027548166,1.0,120.0935896104284,14
327.674406912,-18.49742889404297,0.7518015503883362,-3.1399591878325266,-54.0,-0.0,11,0,35.510530279125675,0.019539344617738763,1.0,120.19323505042841,14
327.790964224,-18.494556427001953,0.7518650889396667,-3.1402913241888575,-54.0,-0.0,11,0,35.513403447533925,0.019871557301702314,1.0,120.30979236242841,14
327.874377728,-18.502452850341797,0.7511259913444519,-3.1404274274213066,-54.0,-0.0,11,0,35.50549315101933,0.0199915572695617,1.0,120.39320586642843,14
328.011242496,-18.510263442993164,0.7509428858757019,-3.139553332539885,-54.0,-0.0,11,0,35.49768043272116,0.019116960107417924,1.0,120.53007063442844,14
328.11245312,-18.514270782470703,0.7507099509239197,-3.140101073068816,-54.0,-0.0,11,0,35.49366906266847,0.019660527814778117,1.0,120.63128125842842,14
328.226919424,-18.519620895385742,0.7507523894309998,-3.1411071296367608,-54.0,-0.0,11,0,35.48832104449835,0.020670968550208002,1.0,120.74574756242843,14
328.369027584,-18.527299880981445,0.7505902647972107,-3.139489630259192,-54.0,-0.0,11,0,35.48064034765195,0.019053479317047817,1.0,120.8878557224284,14
328.470066176,-18.531240463256836,0.7501503825187683,-3.1383750476842525,-54.0,-0.0,11,0,35.47669134335532,0.01792885011421541,1.0,120.9888943144284,14
328.541035776,-18.535560607910156,0.7498237490653992,-3.1399580738083643,-54.0,-0.0,11,0,35.4723652587458,0.019505245400964544,1.0,121.05986391442842,14
328.642857472,-18.53680419921875,0.7498511672019958,-3.141203502956575,-54.0,-0.0,11,0,35.47112252491459,0.020752188438540653,0.05795630263160014,121.11372536694233,14
328.748466688,-18.494247436523438,0.753112256526947,3.1414845758425245,-54.0,-0.0,11,0,35.513738794581364,0.021315890266263793,0.0,121.11678572678393,14
328.859430656,-18.400651931762695,0.7590968012809753,3.1386092365972367,-54.0,-0.0,11,0,35.60744038592533,0.024303520420597025,0.0,121.11678572678393,14
328.9665664,-18.31651496887207,0.7642931342124939,3.1357825171382103,-54.0,-0.0,11,0,35.691669167492506,0.027225541646489937,0.0,121.11678572678393,14
329.0826432,-18.21373748779297,0.7684939503669739,3.132769931557705,-54.0,-0.0,11,0,35.794513092712194,0.030293973767815174,0.353406665891138,121.1372968842216,14
329.206374144,-18.134525299072266,0.7698192000389099,3.134077644478952,-54.0,-0.0,11,0,35.87373547769504,0.02897578772584275,1.0,121.22102602641489,14
329.298612224,-18.076248168945312,0.7704647183418274,-3.1327301829075425,-54.0,-0.0,11,0,35.932013045492106,0.012581464820462074,1.0,121.3132641064149,14
329.390721792,-18.00918197631836,0.773750364780426,-3.121993371927743,-54.0,-0.0,11,0,35.99913431793555,0.0018959561337141828,1.0,121.40537367441492,14
329.51000192,-17.944656372070312,0.7777205109596252,-3.1203580767295267,-54.0,-0.0,11,0,36.06373044100204,0.0003322659134301631,1.0,121.52465380241487,14
329.654034176,-17.86248779296875,0.7829540371894836,-3.113482321709371,-54.0,-0.0,11,0,36.145992938881676,0.006447757065169313,1.0,121.66868605841488,14
329.758892032,-17.781957626342773,0.7842419743537903,-3.0916676057721197,-54.0,-0.0,11,0,36.22653211189789,0.02827508031850856,1.0,121.7735439144149,14
329.860009472,-17.70344352722168,0.7826196551322937,-3.071954831360412,-54.0,-0.0,11,0,36.30499284266814,0.048079347213198176,1.0,121.8746613544149,14
329.960014592,-17.610830307006836,0.7834314703941345,-3.0611441928679524,-54.0,-0.0,11,0,36.39760206132069,0.058922537809514175,1.0,121.97466647441489,14
330.054695936,-17.487842559814453,0.7816573977470398,-3.054368819435673,-54.0,-0.0,11,0,36.52052339745899,0.06581896323000169,1.0,122.06934781841487,14
330.155208448,-17.370582580566406,0.7796877026557922,-3.0573005939543636,-54.0,-0.0,11,0,36.637714631248194,0.06300943943030868,1.0,122.16986033041489,14
330.303037184,-17.23509979248047,0.7756717801094055,-3.0534884284156636,-54.0,-0.0,11,0,36.77308192114618,0.06700919392832816,0.0,122.2437746984149,14
330.387281408,-17.175161361694336,0.7740646004676819,-3.0518983942872135,-54.0,-0.0,11,0,36.83297322702781,0.06867717808644747,0.0,122.2437746984149,14
330.498845184,-17.163999557495117,0.7725047469139099,-3.0517546755990512,-54.0,-0.0,11,0,36.844099828659466,0.06886959060465259,0.0,122.2437746984149,14
330.610040064,-17.16558837890625,0.7726337313652039,-3.0507688526120993,-54.0,-0.0,11,0,36.84251406127179,0.06985100920491805,0.0,122.2437746984149,14
330.701038336,-17.166746139526367,0.7724501490592957,-3.0511464692621635,-54.0,-0.0,11,0,36.84135270566049,0.06947771547538295,0.0,122.2437746984149,14
330.810226688,-17.166948318481445,0.7722669243812561,-3.0521414928051716,-54.0,-0.0,11,0,36.84114672992563,0.06848754914620026,0.0,122.2437746984149,14
330.91047808,-17.167566299438477,0.7722098231315613,-3.052069787096994,-54.0,-0.0,11,0,36.840527687822295,0.06856045284316314,0.0,122.2437746984149,14
331.01086464,-17.167827606201172,0.7722074389457703,-3.052157594913601,-54.0,-0.0,11,0,36.840266388495074,0.06847256105438104,0.0,122.2437746984149,14
331.164045056,-17.1680908203125,0.7721948027610779,-3.052178622948911,-54.0,-0.0,11,0,36.840002967347324,0.06845172618375006,0.0,122.2437746984149,14
331.269772544,-17.16829490661621,0.7721852660179138,-3.0521885306065895,-54.0,-0.0,11,0,36.839798725984494,0.06844196122071677,0.0,122.2437746984149,14
331.361485824,-17.168424606323242,0.7721793055534363,-3.052193501943329,-54.0,-0.0,11,0,36.83966892983731,0.0684370778480643,0.0,122.2437746984149,14
331.472672,-17.168519973754883,0.7721745371818542,-3.052196464253313,-54.0,-0.0,11,0,36.83957348341,0.06843419068474965,0.0,122.2437746984149,14
331.603049728,-17.16861343383789,0.772169291973114,-3.0521992066318853,-54.0,-0.0,11,0,36.83947993391781,0.06843153747925346,0.0,122.2437746984149,14
331.680913664,-17.168663024902344,0.772162139415741,-3.0522067885350115,-54.0,-0.0,11,0,36.839430203828385,0.0684241214727952,0.0,122.2437746984149,14
331.810323968,-17.168682098388672,0.7721604704856873,-3.0522059923675164,-54.0,-0.0,11,0,36.8394110995512,0.06842495208110044,0.0,122.2437746984149,14
331.873983488,-17.16868782043457,0.7721602320671082,-3.052210016166935,-54.0,-0.0,11,0,36.83940537376507,0.06842093149647654,0.0,122.2437746984149,14
331.974478592,-17.1686954498291,0.7721598744392395,-3.052208380718151,-54.0,-0.0,11,0,36.83939773855069,0.0684225723100571,0.0,122.2437746984149,14
332.090062848,-17.168764114379883,0.7720982432365417,-3.0519820127192383,-54.0,-0.0,11,0,36.83932779733365,0.06865057384699291,0.0,122.2437746984149,14
332.210866688,-17.16870880126953,0.7721268534660339,-3.0520717099700647,-54.0,-0.0,11,0,36.839383697932895,0.06856013161455232,0.0,122.2437746984149,14
332.338820352,-17.16867446899414,0.772131621837616,-3.052076975378987,-54.0,-0.0,11,0,36.839418122608365,0.06855475633026709,0.0,122.2437746984149,14
332.442604544,-17.16865348815918,0.7721311450004578,-3.052073111045758,-54.0,-0.0,11,0,36.839439088840216,0.06855864554112401,0.0,122.2437746984149,14
332.55568384,-17.224245071411133,0.7775585055351257,-3.0509194665870827,-54.0,-0.0,11,0,36.78397406204444,0.06953309966958754,0.0,122.2437746984149,14
332.66178944,-17.307621002197266,0.7769410014152527,-3.047710147474455,-54.0,-0.0,11,0,36.70060372579823,0.07271121828633564,0.0,122.2437746984149,14
332.770021632,-17.399179458618164,0.779962956905365,-3.054526914217127,-54.0,-0.0,11,0,36.60913009778549,0.06575897867413127,0.0,122.2437746984149,14
332.876578048,-17.507549285888672,0.7809585928916931,-3.053430554599785,-54.0,-0.0,11,0,36.50080623007738,0.06676481302323545,0.0,122.2437746984149,14
332.986011392,-17.595842361450195,0.7826704382896423,-3.0524323295098363,-54.0,-0.0,11,0,36.41257017002997,0.06766415628334421,0.0,122.2437746984149,14
333.082925056,-17.701499938964844,0.7821831107139587,-3.0490615365479994,-54.0,-0.0,11,0,36.30692657193191,0.07098581693670347,0.0,122.2437746984149,14
333.210129664,-17.79003143310547,0.7809271216392517,-3.052149188156118,-54.0,-0.0,11,0,36.21838857244758,0.06788017467532503,0.0,122.2437746984149,14
333.28977664,-17.880130767822266,0.7800726294517517,-3.063552221610087,-54.0,-0.0,11,0,36.128291776069894,0.056447015411262846,0.0,122.2437746984149,14
333.41149568,-17.987865447998047,0.7749177813529968,-3.094656100100491,-54.0,-0.0,11,0,36.020471020786914,0.02542163304357814,0.0,122.2437746984149,14
333.52515968,-18.098405838012695,0.7712211012840271,-3.1296758123731845,-54.0,-0.0,11,0,35.909876710441466,0.009561383466829554,0.0,122.2437746984149,14
333.676788736,-18.19062042236328,0.7699229121208191,3.1283122185453385,-54.0,-0.0,11,0,35.81765552106774,0.034777716350582466,0.0,122.2437746984149,14
333.795042816,-18.300065994262695,0.7667301297187805,3.1340417986609177,-54.0,-0.0,11,0,35.70816661641728,0.029024627784968615,0.0,122.2437746984149,14
333.877541888,-18.406879425048828,0.7602784037590027,3.136882920700759,-54.0,-0.0,11,0,35.601239522160384,0.026066747803923818,0.0,122.2437746984149,14
333.977567488,-18.495586395263672,0.7540368437767029,3.1404321438684697,-54.0,-0.0,11,0,35.512419756726786,0.022395151546660053,0.0,122.2437746984149,14
334.10693888,-18.6010684967041,0.7486887574195862,-3.1387649756975775,-54.0,-0.0,11,0,35.40684801603387,0.018319207622940592,0.0,122.2437746984149,14
334.210225152,-18.689067840576172,0.7446401715278625,-3.140471988173576,-54.0,-0.0,11,0,35.31878280677981,0.019964300996646145,0.0,122.2437746984149,14
334.309965312,-18.77707862854004,0.741091787815094,-3.1370506179771325,-54.0,-0.0,11,0,35.23071681044849,0.01649490373399365,0.0,122.2437746984149,14
334.411572224,-18.882164001464844,0.7362522482872009,-3.1351789621242356,-54.0,-0.0,11,0,35.125552986296455,0.014548431774099146,0.0,122.2437746984149,14
334.52848896,-18.98785400390625,0.7310275435447693,-3.1330387388585224,-54.0,-0.0,11,0,35.019776819979946,0.012322307553055634,0.0,122.2437746984149,14
334.628840448,-19.0770206451416,0.7321459650993347,-3.1278887087277516,-54.0,-0.0,11,0,34.93065308198627,0.007257575148124307,0.0,122.2437746984149,14
334.782473472,-19.183683395385742,0.7324973940849304,-3.1210765613675346,-54.0,-0.0,11,0,34.824021225945174,0.0005197156311815831,0.0,122.2437746984149,14
334.891156736,-19.27208137512207,0.7329123616218567,-3.114547498088539,-54.0,-0.0,11,0,34.73565160675644,0.00594387423931142,0.0,122.2437746984149,14
334.992086272,-19.35977554321289,0.7338959574699402,-3.1105065212419563,-54.0,-0.0,11,0,34.6479978309423,0.009903065729107041,0.0,122.2437746984149,14
335.084122368,-19.447647094726562,0.734480082988739,-3.1071141321437397,-54.0,-0.0,11,0,34.56015845280321,0.013224701558094853,0.0,122.2437746984149,14
335.183734784,-19.55081558227539,0.7344998717308044,-3.106150908518829,-54.0,-0.0,11,0,34.45701375783997,0.014123719281087244,0.0,122.2437746984149,14
335.302741504,-19.65195083618164,0.7342976927757263,-3.108600825393529,-54.0,-0.0,11,0,34.35589722975808,0.011616935673302464,0.0,122.2437746984149,14
335.413079808,-19.734792709350586,0.7344126105308533,-3.1159362863751143,-54.0,-0.0,11,0,34.273076788547606,0.004226460873798743,0.0,122.2437746984149,14
335.51095936,-19.818347930908203,0.7305572628974915,-3.130288158331126,-54.0,-0.0,11,0,34.189458201130066,0.010065041044594825,0.0,122.2437746984149,14
335.610314752,-19.902587890625,0.7256345152854919,3.1325856658908053,-54.0,-0.0,11,0,34.10513242909821,0.030284995497225964,0.0,122.2437746984149,14
335.711142912,-19.992307662963867,0.722632110118866,3.138698311259303,-54.0,-0.0,11,0,34.01536910364315,0.024140223134869743,0.0,122.2437746984149,14
335.84354816,-20.110763549804688,0.7161534428596497,-3.0971049077012553,-54.0,-0.0,11,0,33.89680254730476,0.023358710760115642,0.0,122.2437746984149,14
335.92416512,-20.20258903503418,0.7160950303077698,-3.0902101110389055,-54.0,-0.0,11,0,33.804996376678154,0.030197845827021563,0.0,122.2437746984149,14
336.042344448,-20.31201171875,0.716690719127655,-3.081122062749069,-54.0,-0.0,11,0,33.69561099052102,0.039199429795349516,0.0,122.2437746984149,14
336.165028352,-20.402576446533203,0.7153350710868835,-3.0805192343857484,-54.0,-0.0,11,0,33.60503792134406,0.039785268733453893,0.0,122.2437746984149,14
336.257797888,-20.493207931518555,0.7114291787147522,-3.087374646629165,-54.0,-0.0,11,0,33.51434388730858,0.03298880964756412,0.0,122.2437746984149,14
336.35303296,-20.58422088623047,0.7078801989555359,-3.0921556582437963,-54.0,-0.0,11,0,33.42327614337513,0.028256153353026114,0.0,122.2437746984149,14
336.462570496,-20.69361686706543,0.7045850157737732,-3.0956506379497974,-54.0,-0.0,11,0,33.31383492548226,0.024790516360641668,0.0,122.2437746984149,14
336.571058176,-20.784915924072266,0.705682098865509,-3.0892268402297205,-54.0,-0.0,11,0,33.222579631864946,0.031123177098626442,0.0,122.2437746984149,14
336.69200512,-20.875917434692383,0.7071740031242371,-3.082425415204638,-54.0,-0.0,11,0,33.13163051924868,0.03782124064647885,0.0,122.2437746984149,14
336.793094912,-20.966779708862305,0.7066523432731628,-3.0795381446847006,-54.0,-0.0,11,0,33.040777840981356,0.040665598811001846,0.0,122.2437746984149,14
336.89607296,-21.057064056396484,0.7037307620048523,-3.083623694644763,-54.0,-0.0,11,0,32.95045167474577,0.036610093247841924,0.0,122.2437746984149,14
336.98898816,-21.14792823791504,0.7004292607307434,-3.090272417782281,-54.0,-0.0,11,0,32.85953773580005,0.03000276265665658,0.0,122.2437746984149,14
337.09540992,-21.25546646118164,0.6986059546470642,-3.09952757000752,-54.0,-0.0,11,0,32.751985084184874,0.020733279155017215,0.0,122.2437746984149,14
337.187089408,-21.34839630126953,0.697348415851593,-3.090492669189991,-54.0,-0.0,11,0,32.659049571474675,0.029745982200240828,0.0,122.2437746984149,14
337.298936064,-21.440526962280273,0.6977679133415222,-3.087636889913273,-54.0,-0.0,11,0,32.566948959871674,0.03252847826339167,0.0,122.2437746984149,14
337.410201856,-21.530611038208008,0.6987671256065369,-3.0853431371331053,-54.0,-0.0,11,0,32.47690710409426,0.034732041039063244,0.0,122.2437746984149,14
337.501378816,-21.619577407836914,0.6951403021812439,-3.0838143512708998,-54.0,-0.0,11,0,32.38788334063809,0.03631367999685153,0.0,122.2437746984149,14
337.611137536,-21.708574295043945,0.6929610371589661,-3.087970180925304,-54.0,-0.0,11,0,32.29886018202062,0.0321661672033553,0.0,122.2437746984149,14
337.691277824,-21.816179275512695,0.6906396746635437,-3.0919065971307287,-54.0,-0.0,11,0,32.19123016577897,0.028230129982744323,0.0,122.2437746984149,14
337.81056768,-21.906213760375977,0.6903740763664246,-3.0922782728708538,-54.0,-0.0,11,0,32.10121074912906,0.027806553150078628,0.0,122.2437746984149,14
337.909873408,-22.014217376708984,0.686720073223114,-3.0971042408301335,-54.0,-0.0,11,0,31.99315355640005,0.02302216952410152,0.00022343414801683168,122.24378579256026,14
338.01083648,-22.104124069213867,0.6861839890480042,-3.093444900019233,-54.0,-0.0,11,0,31.90325610120271,0.026637820435690518,0.4064953029155731,122.26431757912721,14
338.122810112,-22.180219650268555,0.6836826205253601,-3.0917710637230877,-54.0,-0.0,11,0,31.82712433492482,0.02833880669451405,1.0,122.34306277285641,14
338.230742784,-22.2357234954834,0.6835190653800964,-3.097084658759189,-54.0,-0.0,11,0,31.771629800312787,0.022992831577203887,1.0,122.45099544485636,14
338.331235584,-22.248666763305664,0.6854602694511414,-3.10315079804719,-54.0,-0.0,11,0,31.758731367745256,0.016856815133003522,1.0,122.5514882448564,14
338.45029632,-22.24188804626465,0.684666097164154,-3.101857217483764,-54.0,-0.0,11,0,31.7654913787052,0.018179996837952128,1.0,122.6705489808564,14
338.561012224,-22.211875915527344,0.685382068157196,-3.092767832824375,-54.0,-0.0,11,0,31.795511969288714,0.027267213578133553,1.0,122.78126488485641,14
338.639387648,-22.157577514648438,0.6855649352073669,-3.0964087748499938,-54.0,-0.0,11,0,31.849801710780064,0.023657280485752885,1.0,122.85964030885641,14
338.740212224,-22.085512161254883,0.6871690154075623,-3.0956479827658585,-54.0,-0.0,11,0,31.921884895243046,0.024416427728024548,1.0,122.96046488485639,14
338.8405504,-21.998300552368164,0.6872418522834778,-3.0993076602668936,-54.0,-0.0,11,0,32.00907791393076,0.020813126349450428,1.0,123.06080306085637,14
338.98361728,-21.8837890625,0.6914283633232117,-3.0946915608207397,-54.0,-0.0,11,0,32.12365293928451,0.025375466048692896,1.0,123.20386994085636,14
339.09497472,-21.77484703063965,0.6931325793266296,-3.090454619593128,-54.0,-0.0,11,0,32.232606420691425,0.029632295311994294,1.0,123.31522738085637,14
339.188326912,-21.647409439086914,0.6948055624961853,-3.089789469672644,-54.0,-0.0,11,0,32.360050537225035,0.030330443697064613,1.0,123.40857957285637,14
339.276986368,-21.50026512145996,0.7020661234855652,-3.0875896856008285,-54.0,-0.0,11,0,32.50731708426793,0.03240411652137665,1.0,123.49723902885638,14
339.39429888,-21.385032653808594,0.703673779964447,-3.0936260999903826,-54.0,-0.0,11,0,32.62255740713381,0.026394720673992733,1.0,123.6145515408564,14
339.494241024,-21.264211654663086,0.7019841074943542,-3.0824100187889822,-54.0,-0.0,11,0,32.743314130946956,0.037741986141382355,1.0,123.71449368485641,14
339.604697344,-21.15354347229004,0.7020484805107117,-3.087692768427344,-54.0,-0.0,11,0,32.85395833831485,0.03252949463086052,1.0,123.82495000485638,14
339.695601408,-21.045522689819336,0.704823911190033,-3.0826833914582017,-54.0,-0.0,11,0,32.96201376634925,0.037524718146154434,1.0,123.9158540688564,14
339.811055104,-20.902414321899414,0.7114879488945007,-3.071535046371625,-54.0,-0.0,11,0,33.105232106430414,0.04856424538538695,1.0,124.03130776485638,14
339.924883968,-20.764707565307617,0.7142118811607361,-3.069240964200246,-54.0,-0.0,11,0,33.2429655992168,0.05086543432811608,1.0,124.1451366288564,14
340.04969216,-20.607418060302734,0.7132410407066345,-3.0787015837947096,-54.0,-0.0,11,0,33.4001982236864,0.04153505104967392,1.0,124.2699448208564,14
340.161988608,-20.404008865356445,0.7147520184516907,-3.079773053202413,-54.0,-0.0,11,0,33.603593420450274,0.04054788950625676,1.0,124.38224126885639,14
340.241660672,-20.224525451660156,0.7232245802879333,-3.0637558076763085,-54.0,-0.0,11,0,33.78321676156794,0.05642740351512243,1.0,124.46191333285641,14
340.340889856,-20.027769088745117,0.7269130349159241,-3.0654051050588107,-54.0,-0.0,11,0,33.98000699893913,0.05479354205903686,1.0,124.56114251685638,14
340.46539776,-19.82367706298828,0.725796639919281,-3.0807348418913625,-54.0,-0.0,11,0,34.18402887691022,0.0396241769780481,1.0,124.68565042085636,14
340.568087552,-19.637584686279297,0.7365776896476746,-3.098808294934063,-54.0,-0.0,11,0,34.370308885512124,0.02135207867889255,1.0,124.7883402128564,14
340.642280448,-19.464263916015625,0.7431275248527527,-3.1229277115672143,-54.0,-0.0,11,0,34.54373033389437,0.0028493776191163,1.0,124.8625331088564,14
340.763112192,-19.30022430419922,0.7416054606437683,3.1206015923553734,-54.0,-0.0,11,0,34.70769960683282,0.04235986156965588,1.0,124.98336485285638,14
340.883254016,-19.136260986328125,0.742297351360321,3.110640061937039,-54.0,-0.0,11,0,34.871640388304975,0.052240761998170626,1.0,125.10350667685641,14
340.994003968,-19.026649475097656,0.7419199347496033,3.1151475714970713,-54.0,-0.0,11,0,34.98121913437646,0.04765576561965901,1.0,125.2142566288564,14
341.094331136,-18.94268798828125,0.7417659163475037,3.1228704244561785,-54.0,-0.0,11,0,35.06515852183838,0.03987773735737221,1.0,125.31458379685638,14
341.187437056,-18.879077911376953,0.7430760264396667,3.1255709279927033,-54.0,-0.0,11,0,35.128782078748465,0.037176215106388355,1.0,125.40768971685641,14
341.292025088,-18.817535400390625,0.7446526885032654,3.1375535912431882,-54.0,-0.0,11,0,35.190344171793235,0.025201352461236226,1.0,125.51227774885639,14
341.392986624,-18.77147674560547,0.7449061274528503,-3.1380896065916817,-54.0,-0.0,11,0,35.2363978837811,0.017638774177978878,1.0,125.61323928485639,14
341.484529152,-18.730321884155273,0.7451767325401306,-3.1285771082463856,-54.0,-0.0,11,0,35.27754927369553,0.00810928260882049,1.0,125.70478181285638,14
341.594852608,-18.677865982055664,0.7459949851036072,-3.1166597731988515,-54.0,-0.0,11,0,35.33001075713706,0.0038162598943638493,1.0,125.81510526885639,14
341.710018048,-18.635026931762695,0.747294008731842,-3.126790338006543,-54.0,-0.0,11,0,35.372867687715626,0.0063254486316832725,1.0,125.93027070885638,14
341.81033088,-18.611961364746094,0.7469615340232849,-3.1325649069369987,-54.0,-0.0,11,0,35.39592109245829,0.012076859862398148,1.0,126.03058354085637,14
341.947074816,-18.59917640686035,0.7467312216758728,-3.1197274257643715,-54.0,-0.0,11,0,35.4086983464518,0.0007747439003722434,1.0,126.16732747685639,14
342.067661312,-18.587482452392578,0.7474176287651062,-3.1178256126730552,-54.0,-0.0,11,0,35.42040417854365,0.002664144892785547,0.7166096745350238,126.27082744968232,14
342.162596864,-18.594026565551758,0.7469430565834045,-3.12308897311978,-54.0,-0.0,11,0,35.41385150997605,0.002589717094709787,0.03177388155135949,126.30635155268472,14
342.269370624,-18.648723602294922,0.7474629282951355,3.133417930182043,-54.0,-0.0,11,0,35.35917764564266,0.02931544721028878,0.0,126.30804786108624,14
342.3786624,-18.732114791870117,0.746051013469696,3.1208756485134033,-54.0,-0.0,11,0,35.275775245464494,0.04186768527149809,0.0,126.30804786108624,14
342.51006464,-18.844030380249023,0.7435862421989441,3.121077420855398,-54.0,-0.0,11,0,35.16383256137535,0.04166314572128904,0.0,126.30804786108624,14
342.609918208,-18.93991470336914,0.7415170073509216,3.1317613694380713,-54.0,-0.0,11,0,35.06792592211895,0.030978023132195887,0.0,126.30804786108624,14
342.71047424,-19.034454345703125,0.7412294745445251,3.1372604982677124,-54.0,-0.0,11,0,34.97340137928612,0.025527833998303606,0.0,126.30804786108624,14
342.812158208,-19.14581871032715,0.7404751181602478,3.1347528784660033,-54.0,-0.0,11,0,34.86204607842167,0.028081523374009265,0.0,126.30804786108624,14
342.922783744,-19.236713409423828,0.7389220595359802,3.1259316807003885,-54.0,-0.0,11,0,34.77113889979162,0.036913589603395636,0.0,126.30804786108624,14
343.035213568,-19.3443660736084,0.738071620464325,3.10949472331911,-54.0,-0.0,11,0,34.66349250374231,0.05339201659611348,0.0,126.30804786108624,14
343.14916224,-19.43677520751953,0.7384633421897888,3.105062706387542,-54.0,-0.0,11,0,34.571112741178794,0.05789227698589805,0.0,126.30804786108624,14
343.272198144,-19.532062530517578,0.7370061278343201,3.11094043055369,-54.0,-0.0,11,0,34.47581603722551,0.052031333351679976,0.0,126.30804786108624,14
343.369707264,-19.649311065673828,0.7312483191490173,3.1116473569424237,-54.0,-0.0,11,0,34.35847136249075,0.05122981560478479,0.0,126.30804786108624,14
343.471329536,-19.754411697387695,0.7264871001243591,-3.1220099353403996,-54.0,-0.0,11,0,34.25329329712201,0.0016281350002995687,0.0,126.30804786108624,14
343.572700928,-19.861919403076172,0.7218263745307922,-3.0829951157078823,-54.0,-0.0,11,0,34.14571100675801,0.03745637180370087,0.0,126.30804786108624,14
343.691867136,-19.980850219726562,0.7214271426200867,-3.0736669195992468,-54.0,-0.0,11,0,34.026798393248626,0.04672241084027817,0.0,126.30804786108624,14
343.78051712,-20.0784854888916,0.7206534743309021,-3.0669052490705346,-54.0,-0.0,11,0,33.92916869240098,0.05344586815261998,0.0,126.30804786108624,14
343.882289664,-20.176898956298828,0.7208790183067322,-3.0566846272964963,-54.0,-0.0,11,0,33.83078229617894,0.06359803779559048,0.013691599765892088,126.30874457555603,14
343.987827968,-20.292804718017578,0.7156621813774109,-3.06303812866602,-54.0,-0.0,11,0,33.71479180026998,0.057325981061914444,0.7407879513569016,126.34855782167013,14
344.106797824,-20.370969772338867,0.7115017771720886,-3.070204359463143,-54.0,-0.0,11,0,33.636556138104645,0.050234081927347685,1.0,126.4521084676199,14
344.20179328,-20.425565719604492,0.7090389132499695,-3.0751227120427593,-54.0,-0.0,11,0,33.58192033563745,0.04535466293898116,1.0,126.54710392361989,14
344.298580736,-20.46863555908203,0.7089049220085144,-3.0727476784442844,-54.0,-0.0,11,0,33.53885727716593,0.047706577004670514,1.0,126.6438913796199,14
344.412190208,-20.49536895751953,0.7118605971336365,-3.0771696199880427,-54.0,-0.0,11,0,33.51219250962994,0.04317959685602801,1.0,126.75750085161991,14
344.52089344,-20.486988067626953,0.7116944193840027,-3.069348010872496,-54.0,-0.0,11,0,33.52056798036036,0.05101147327277955,1.0,126.86620408361989,14
344.669024512,-20.448087692260742,0.7124523520469666,-3.058677381905543,-54.0,-0.0,11,0,33.55947567916046,0.06168413309341014,1.0,127.0143351556199,14
344.773331968,-20.373313903808594,0.712735116481781,-3.0488774811915618,-54.0,-0.0,11,0,33.63423864394821,0.07152282501383045,1.0,127.11864261161986,14
344.865468416,-20.284454345703125,0.7133356928825378,-3.0354241043743952,-54.0,-0.0,11,0,33.72309099975441,0.08501423393568919,1.0,127.21077905961988,14
344.9868544,-20.145591735839844,0.7169716954231262,-2.9980523921484505,-54.0,-0.0,11,0,33.86199945851505,0.12236533708133379,1.0,127.33216504361991,14
345.075410432,-19.99763298034668,0.7231668829917908,-2.9006038913737617,-54.0,-0.0,11,0,34.01005635514096,0.21972383455319688,1.0,127.4207210756199,14
345.211243776,-19.79676628112793,0.7260984778404236,-2.676824049968188,-54.0,-0.0,11,0,34.210940002100344,0.443542849447478,1.0,127.55655441961989,14
345.310994944,-19.589298248291016,0.7288743853569031,-1.2599046236833822,-54.0,-0.0,11,0,34.41842025594285,1.860509577513499,1.0,127.6563055876199,14
345.42553856,-19.41489028930664,0.7321628928184509,-0.37907561991759275,-54.0,-0.0,11,0,34.59285874573416,2.7413503075303165,1.0,127.77084920361989,14
345.53047936,-19.24578285217285,0.7340855002403259,-0.19661262759545575,-54.0,-0.0,11,0,34.76196903341331,2.9238609670828937,0.911609384777198,127.8711521126829,14
345.627049472,-19.14164924621582,0.7361196875572205,-0.15080201635202828,-54.0,-0.0,11,0,34.86612237499684,2.969676319507062,0.3226698344436592,127.93074935390261,14
345.739324672,-19.04109001159668,0.7412599921226501,-0.16040831446222953,-54.0,-0.0,11,0,34.96676785110696,2.959983765871574,0.01534569864011116,127.94972473469265,14
345.848482304,-18.920148849487305,0.7429819703102112,-0.1377264027374011,-54.0,-0.0,11,0,35.08771834916504,2.982689681399444,0.006675904314968315,127.95092664770836,14
345.969833472,-18.81830406188965,0.7440990805625916,-0.11038024669839458,-54.0,-0.0,11,0,35.18956397177073,3.010065383193755,0.0062845914578485,127.9517130333583,14
346.10997504,-18.694995880126953,0.7485892176628113,-0.11518026999400151,-54.0,-0.0,11,0,35.31293957915503,3.00521207273261,0.006220957264304161,127.95258930696161,14
346.19673216,-18.57201385498047,0.7532795071601868,-0.1209078533205027,-54.0,-0.0,11,0,35.43599345732533,2.9994257306853638,0.006220957264304161,127.9531290192975,14
346.297997056,-18.470022201538086,0.7565311789512634,-0.12753391594601068,-54.0,-0.0,11,0,35.538031202979184,2.9927691978100905,0.01391307251390027,127.95414845451329,14
346.406822656,-18.368684768676758,0.7614087462425232,-0.13752413236884117,-54.0,-0.0,11,0,35.639449608443485,2.9827026839792845,0.020522030499478375,127.95602216488653,14
346.51168,-18.265701293945312,0.7643901705741882,-0.13073214731578228,-54.0,-0.0,11,0,35.742473282446646,2.989472829942271,0.024114441126585007,127.95836239581665,14
346.610353152,-18.14166259765625,0.7690156102180481,-0.13125201394824812,-54.0,-0.0,11,0,35.866582584197836,2.988897990563873,0.024114441126585007,127.96074184373133,14
346.741312256,-18.038904190063477,0.7729628682136536,-0.1312312094967885,-54.0,-0.0,11,0,35.96940204461385,2.9888703341887664,0.024114441126585007,127.96389984933472,14
346.843035648,-17.919082641601562,0.779852569103241,-0.13625979958509407,-54.0,-0.0,11,0,36.08934423695053,2.983722229320098,0.024114441126585007,127.96635285208231,14
346.983992832,-17.801300048828125,0.7854401469230652,-0.13869831654281367,-54.0,-0.0,11,0,36.20722019679734,2.981199720390196,0.024114441126585007,127.96975195579725,14
347.095193856,-17.701690673828125,0.7901152968406677,-0.17941809177586174,-54.0,-0.0,11,0,36.30690763643687,2.940410723286284,0.024114441126585007,127.97243350634372,14
347.187516928,-17.599267959594727,0.7953845858573914,-0.19834437141774305,-54.0,-0.0,11,0,36.40942089235706,2.921400973333315,0.024114441126585007,127.9746598256281,14
347.274635776,-17.49608039855957,0.7956995368003845,-0.16488345729578927,-54.0,-0.0,11,0,36.51259076019245,2.95491500106238,0.024114441126585007,127.97676064795921,14
347.395094528,-17.37088394165039,0.7971348166465759,-0.13076689382646645,-54.0,-0.0,11,0,36.637788786060156,2.9890668669087734,0.02417238649297576,127.97966893345576,14
347.482493952,-17.27071762084961,0.8033561110496521,-0.15950439308504735,-54.0,-0.0,11,0,36.738066975938295,2.960219386755634,0.027399239453693686,127.981922598657,14
347.603145984,-17.126724243164062,0.8117780089378357,-0.15777861702625107,-54.0,-0.0,11,0,36.88221046216536,2.9618022439915404,0.2444745119639958,127.99832365893499,14
347.722964736,-17.0159969329834,0.8196308016777039,-0.16601111748551167,-54.0,-0.0,11,0,36.993084184914245,2.953423397782167,1.0,128.07287935039466,14
347.86720896,-16.864105224609375,0.8290215134620667,-0.1711441307834268,-54.0,-0.0,11,0,37.14514715866216,2.948128235591425,1.0,128.2171235743947,14
347.985012224,-16.693519592285156,0.8276943564414978,-0.0987921733034074,-54.0,-0.0,11,0,37.31566103339048,3.020617776876332,1.0,128.33492683839467,14
348.093877504,-16.522029876708984,0.8355674147605896,-0.09568928299197468,-54.0,-0.0,11,0,37.48728341006992,3.0236121683194614,1.0,128.44379211839464,14
348.205095936,-16.333450317382812,0.8457503914833069,-0.11422915711831036,-54.0,-0.0,11,0,37.67604356507943,3.0049136488217205,1.0,128.55501055039468,14
348.305321216,-16.170242309570312,0.8533548712730408,-0.11067997340294376,-54.0,-0.0,11,0,37.83938135663623,3.0083587379066183,1.0,128.65523583039464,14
348.413391104,-15.961633682250977,0.8541350960731506,-0.07160331291982727,-54.0,-0.0,11,0,38.047954726707815,3.047538545109009,0.9170952407633599,128.758825964372,14
348.523974656,-15.792560577392578,0.850620687007904,-0.02692612819628465,-54.0,-0.0,11,0,38.2169070279815,3.0924069810578256,0.12878657494937734,128.81665462744886,14
348.627012608,-15.66464614868164,0.8484479784965515,0.01326121398586965,-54.0,-0.0,11,0,38.3447417370101,3.13272522129311,0.015813498950695143,128.8241042751857,14
348.76243328,-15.53885269165039,0.8498885035514832,0.0005192701977935175,-54.0,-0.0,11,0,38.47053629393587,3.120018193560191,0.0034629731971220533,128.82540949159173,14
348.871982848,-15.444969177246094,0.8572399020195007,-0.023288918780286525,-54.0,-0.0,11,0,38.564559662896684,3.0960732070643853,0.0031691063195466995,128.82577276231473,14
348.979552,-15.331342697143555,0.8610990643501282,-0.045081630119993145,-54.0,-0.0,11,0,38.67824387435885,3.0742460463785912,0.0031691063195466995,128.82611366039413,14
349.080859904,-15.234506607055664,0.8589816689491272,-0.02515114366680128,-54.0,-0.0,11,0,38.775009058748154,3.094286726121303,0.0031691063195466995,128.8264347159129,14
349.179580672,-15.11735725402832,0.8563602566719055,-0.004647685353954145,-54.0,-0.0,11,0,38.892071940179164,3.114924298534869,0.0031691063195466995,128.82674757252266,14
349.284163328,-15.001276016235352,0.8534694314002991,0.014294344876974913,-54.0,-0.0,11,0,39.008061762053686,3.134005943609268,0.0030916318944086765,128.82707495483814,14
349.410889984,-14.884550094604492,0.8500663638114929,0.03777178311415489,-54.0,-0.0,11,0,39.12468573834669,3.1255496906157934,0.0003742532862816006,128.82729456485765,14
349.534198784,-14.769279479980469,0.8494724631309509,0.04079615030105611,-54.0,-0.0,11,0,39.23991636058236,3.122446366638558,1.4911185914592393e-05,128.82731855855968,14
349.655983616,-14.673702239990234,0.8492185473442078,0.042149149463316035,-54.0,-0.0,11,0,39.335465773905646,3.1210343131654117,0.0,128.82731946653783,14
349.75906432,-14.577844619750977,0.8506850600242615,0.04163512085483124,-54.0,-0.0,11,0,39.431332717723926,3.1215330414565887,0.0,128.82731946653783,14
349.862212096,-14.482023239135742,0.8514780402183533,0.03808555101021406,-54.0,-0.0,11,0,39.52714892482358,3.1250503691830316,0.0,128.82731946653783,14
349.9467136,-14.366661071777344,0.8531826138496399,0.03989207387052718,-54.0,-0.0,11,0,39.64252104965002,3.123224147585603,-0.0017260938978898297,128.82739239530304,15
350.05262208,-14.27061653137207,0.8540379405021667,0.04414139601980355,-54.0,-0.0,11,0,39.738561770666834,3.1189443277790687,-0.08551968889562149,128.83201242942408,15
350.154656,-14.170055389404297,0.8560561537742615,0.046384477381464735,-54.0,-0.0,11,0,39.83914306083323,3.116697645583196,-0.7242938219381443,128.87332665291376,15
350.270069504,-14.018239974975586,0.8593694567680359,0.04390753977695315,-54.0,-0.0,11,0,39.99099461831209,3.1191758423806544,-1.0,128.9728300488715,15
350.3980736,-13.86775016784668,0.8621990084648132,0.0426267035031882,-54.0,-0.0,11,0,40.141510481303115,3.1204465896382345,-1.0,129.10083414487147,15
350.49873664,-13.661355972290039,0.8674187064170837,0.04032926477938468,-54.0,-0.0,11,0,40.34796918317628,3.1227634929200603,-0.9447443057999383,129.19871608179375,15
350.596237568,-13.478286743164062,0.8709673285484314,0.037905597799740065,-54.0,-0.0,11,0,40.5310723933704,3.125177589408465,-0.3610393366234633,129.2623736402455,15
350.699771392,-13.321800231933594,0.8709331154823303,0.005902217763539734,-54.0,-0.0,11,0,40.68752217648995,3.126087825860104,-0.03540866846420636,129.28289652923746,15
350.803995904,-13.213275909423828,0.8718015551567078,0.0023039515654262005,-54.0,-0.0,11,0,40.79604024893054,3.122525219176275,-0.016081353325547547,129.2855797904344,15
350.898182656,-13.118528366088867,0.8729025721549988,0.012290398408746711,-54.0,-0.0,11,0,40.89078969468253,3.1325342619787127,-0.050526931208554046,129.28871659942268,15
351.002995712,-13.003162384033203,0.8743669390678406,0.03232743359648132,-54.0,-0.0,11,0,41.00616065976044,3.130589655042841,-0.831777739782255,129.33495512386747,15
351.110724352,-12.870420455932617,0.8761677145957947,0.02421346511117333,-54.0,-0.0,11,0,41.13891081854096,3.138678584800358,-1.0,129.43362258621198,15
351.280373504,-12.655040740966797,0.8772301077842712,0.00881568837353708,-54.0,-0.0,11,0,41.35426445716474,3.12919418373961,-1.0,129.60327173821202,15
351.410414592,-12.43570327758789,0.8793756365776062,0.003541827520196119,-54.0,-0.0,11,0,41.57359815482567,3.123980641567795,-1.0,129.733312826212,15
351.498856192,-12.277876853942871,0.8807632327079773,-8.960466200692997e-05,-54.0,-0.0,11,0,41.73141866372202,3.120395963132149,-0.9714791691901925,129.82049321225693,15
351.594762752,-12.131171226501465,0.8830164074897766,-0.005604675005846476,-54.0,-0.0,11,0,41.87813917595235,3.1149010375576203,-0.937569661112888,129.91203836535013,15
351.709999872,-11.985313415527344,0.886592447757721,-0.0021288627629521186,-54.0,-0.0,11,0,42.02403996476169,3.118364957128738,-0.930931806564331,130.0196987292756,15
351.810662144,-11.826582908630371,0.8887163996696472,-0.0026176824524908214,-54.0,-0.0,11,0,42.18277997005022,3.117905184858999,-0.9269770770500945,130.11320939397237,15
351.906969856,-11.619804382324219,0.8940593600273132,0.005769128411699494,-54.0,-0.0,11,0,42.38962517800456,3.126268751416987,-0.4879339387139144,130.18134281527827,15
352.018432256,-11.470385551452637,0.8928684592247009,-0.0006192135466713284,-54.0,-0.0,11,0,42.5389858744607,3.1199824828407943,-0.03530053707633531,130.21050330049542,15
352.116772352,-11.363253593444824,0.893687903881073,0.0012039090010543456,-54.0,-0.0,11,0,42.64611145469701,3.1218391224672173,-0.004230681409136123,130.21244705240585,15
352.252077056,-11.261736869812012,0.8959960341453552,-0.0035642133793346293,-54.0,-0.0,11,0,42.74765425468853,3.1170667835167296,0.0,130.21273326795375,15
352.362957568,-11.14413070678711,0.8993400931358337,0.003509181377472397,-54.0,-0.0,11,0,42.86530468199275,3.1241196888622653,0.0,130.21273326795375,15
352.458840576,-11.048386573791504,0.9013869166374207,0.013363160183889517,-54.0,-0.0,11,0,42.961070683677555,3.1339727923884806,0.0,130.21273326795375,15
352.557918976,-10.92910385131836,0.9019379019737244,0.009798685466375584,-54.0,-0.0,11,0,43.080338752492835,3.1304536252118593,0.0,130.21273326795375,15
352.690093056,-10.807271957397461,0.9017505049705505,0.0015965193977228508,-54.0,-0.0,11,0,43.2021401059651,3.1223148368110807,0.0,130.21273326795375,15
352.807459328,-10.704463958740234,0.9004165530204773,-0.003596821859722357,-54.0,-0.0,11,0,43.30489800321641,3.117201845684328,0.0,130.21273326795375,15
352.901124864,-10.580360412597656,0.8992956280708313,-0.007310088991564544,-54.0,-0.0,11,0,43.4289515706583,3.113573800597459,0.0,130.21273326795375,15
353.01129984,-10.457208633422852,0.8995563387870789,-0.010775722077277672,-54.0,-0.0,11,0,43.552082402566214,3.1101607363881225,0.0,130.21273326795375,15
353.163039232,-10.334531784057617,0.900615394115448,-0.00787917968089121,-54.0,-0.0,11,0,43.67475498048721,3.1130910517808545,0.0,130.21273326795375,15
353.258504192,-10.232779502868652,0.9009935259819031,-0.010737399220810257,-54.0,-0.0,11,0,43.7764934568585,3.1102721268067133,0.0,130.21273326795375,15
353.363088384,-10.131470680236816,0.9016682505607605,-0.0193124822688099,-54.0,-0.0,11,0,43.87779472937298,3.1017291903954067,0.0,130.21273326795375,15
353.481099008,-10.03056812286377,0.9016277194023132,-0.0205375452592517,-54.0,-0.0,11,0,43.978675197674136,3.1005521966831115,0.0,130.21273326795375,15
353.559081216,-9.909355163574219,0.9003881812095642,-0.01466896525116612,-54.0,-0.0,11,0,44.099837425649326,3.106505228752065,0.0,130.21273326795375,15
353.704027648,-9.787951469421387,0.8996157050132751,-0.009197749731249618,-54.0,-0.0,11,0,44.221200161087275,3.1120499614842063,0.0,130.21273326795375,15
353.778554112,-9.68639850616455,0.8998960852622986,-0.006997514384300394,-54.0,-0.0,11,0,44.322737847731446,3.1142904837024115,0.0,130.21273326795375,15
353.905676288,-9.584847450256348,0.9001705050468445,-0.010485658930453303,-54.0,-0.0,11,0,44.4242735782495,3.1108425751390696,0.0,130.21273326795375,15
354.010009088,-9.463836669921875,0.9015094637870789,-0.017757248463441185,-54.0,-0.0,11,0,44.54528665837378,3.1035959795312285,0.0,130.21273326795375,15
354.11032192,-9.363031387329102,0.9025387167930603,-0.02005183674818105,-54.0,-0.0,11,0,44.64609213653394,3.1013240373387796,0.0,130.21273326795375,15
354.256039168,-9.242533683776855,0.9013828635215759,-0.014868384042434924,-54.0,-0.0,11,0,44.76654199415563,3.106587717966457,0.0,130.21273326795375,15
354.370970368,-9.122214317321777,0.9001070857048035,-0.009131755376886696,-54.0,-0.0,11,0,44.88681143215827,3.112406735477591,0.0,130.21273326795375,15
354.45399424,-9.001421928405762,0.8988856673240662,-0.004058204381414808,-54.0,-0.0,11,0,45.00755518697147,3.1175612373407215,0.0,130.21273326795375,15
354.563314688,-8.899800300598145,0.9003018736839294,-0.0022050358195690634,-54.0,-0.0,11,0,45.10918483401896,3.1194280095947975,0.0,130.21273326795375,15
354.684683264,-8.799373626708984,0.9015293717384338,-0.005086215160202263,-54.0,-0.0,11,0,45.20961600971588,3.1165640188632757,0.0,130.21273326795375,15
354.800205568,-8.699681282043457,0.9018198847770691,-0.012605554517410555,-54.0,-0.0,11,0,45.309294356158574,3.1090821446562455,0.0,130.21273326795375,15
354.907006208,-8.580299377441406,0.9004624485969543,-0.00885939648528495,-54.0,-0.0,11,0,45.42862574703513,3.112910482188055,0.0,130.21273326795375,15
354.9937664,-8.480273246765137,0.8994304537773132,-0.0011803858856503748,-54.0,-0.0,11,0,45.52861187023329,3.120655702970035,0.0,130.21273326795375,15
355.109955584,-8.360108375549316,0.8980137705802917,0.003226989991880997,-54.0,-0.0,11,0,45.64872546110959,3.12514611068056,0.0,130.21273326795375,15
355.210011392,-8.239401817321777,0.8965277075767517,0.005909108109230915,-54.0,-0.0,11,0,45.7693795890548,3.1279125722328045,0.0,130.21273326795375,15
355.310244352,-8.139503479003906,0.8965354561805725,0.007123378724201251,-54.0,-0.0,11,0,45.86925895386238,3.129169334382402,0.0,130.21273326795375,15
355.418997248,-8.038899421691895,0.8964802622795105,0.006966268780739003,-54.0,-0.0,11,0,45.96984275837813,3.129056199687384,-0.010814796201884747,130.21332133815704,15
355.52250496,-7.9379353523254395,0.8965292572975159,0.009016150155245014,-54.0,-0.0,11,0,46.070788622680865,3.131147755271963,-0.031053386628627777,130.21548817806223,15
355.627513856,-7.817636013031006,0.8964971899986267,0.009931021426186161,-54.0,-0.0,11,0,46.19106461899926,3.1321140015165057,-0.14449400403694265,130.22470519690697,15
355.730713856,-7.718212604522705,0.895756185054779,0.006312961041005903,-54.0,-0.0,11,0,46.29045499520635,3.1285536316443925,-0.33746467561312316,130.24957426477692,15
355.842714624,-7.603964328765869,0.8952913880348206,0.006884399594337391,-54.0,-0.0,11,0,46.40467296163091,3.129182726086947,-0.5956274936886166,130.3018277845652,15
355.9484992,-7.512429714202881,0.8944506049156189,0.0038312997124641916,-54.0,-0.0,11,0,46.4961743906051,3.126185687071977,-0.727052935520717,130.3717873787589,15
356.066983424,-7.425049304962158,0.8940221667289734,0.004290392943879007,-54.0,-0.0,11,0,46.58353043597929,3.1266900603147563,-0.7564748552761639,130.4596746982964,15
356.176538624,-7.336530685424805,0.8932819962501526,0.006898908902126383,-54.0,-0.0,11,0,46.6720186106957,3.129350831705028,-0.7568156719207764,130.54256912147898,15
356.251670016,-7.236929893493652,0.8944942355155945,0.007486859482077938,-54.0,-0.0,11,0,46.77162436481545,3.1299536267197694,-0.7540785131847938,130.59932691312483,15
356.364717312,-7.110278606414795,0.8947650790214539,0.008315235775081479,-54.0,-0.0,11,0,46.8982577172615,3.1308278762835626,-0.6331597479080836,130.67773868028698,15
356.467203584,-6.947823524475098,0.8960166573524475,0.006958033430358442,-54.0,-0.0,11,0,47.06070714443411,3.1295099446301218,-0.08875365262529579,130.71473178685073,15
356.570775552,-6.841580867767334,0.8967096209526062,0.01289665280534739,-54.0,-0.0,11,0,47.16694375508802,3.1354767612706245,-0.015796931826712143,130.72014604174436,15
356.699070464,-6.740268230438232,0.8974534869194031,0.015642516297509682,-54.0,-0.0,11,0,47.26825223860207,3.138247638666679,-0.006188832223415375,130.7215563725764,15
356.79719296,-6.618911266326904,0.8981944918632507,0.019069456447237263,-54.0,-0.0,11,0,47.389601421972486,3.1414777409720536,-0.006188832223415375,130.72216363624148,15
356.910887936,-6.517672061920166,0.8985645174980164,0.020296812812844258,-54.0,-0.0,11,0,47.490829479084304,3.1402177705442043,-0.006188832223415375,130.72286727537258,15
357.000889856,-6.416654109954834,0.8996953368186951,0.02464527242457775,-54.0,-0.0,11,0,47.591850749795086,3.135852906366738,-0.006188832223415375,130.72342428215524,15
357.1071104,-6.295419216156006,0.9004445672035217,0.027514347222303066,-54.0,-0.0,11,0,47.713078167111625,3.132951497115375,-0.06558873219630883,130.72723640812507,15
357.218821632,-6.193562030792236,0.9006230235099792,0.02413919442130482,-54.0,-0.0,11,0,47.814920612024295,3.136290179471164,-0.4754413890662386,130.75745597882275,15
357.314276096,-6.090322017669678,0.9015106558799744,0.029030696699384503,-54.0,-0.0,11,0,47.91815904052713,3.131376616384161,-0.7233389120352545,130.81467044437045,15
357.453431808,-5.981074810028076,0.9023484587669373,0.022213630130932076,-54.0,-0.0,11,0,48.027402689934824,3.138168329236315,-0.7502359933882836,130.9171986269452,15
357.522601984,-5.849216938018799,0.902958333492279,0.025915414857208267,-54.0,-0.0,11,0,48.15924878186949,3.1344277647309466,-0.6584899382805474,130.96591953725985,15
357.634195456,-5.7375407218933105,0.9041423201560974,0.03628845363810774,-54.0,-0.0,11,0,48.270927574535,3.124035872229914,-0.15041789050808543,131.0110539538311,15
357.7407488,-5.625701427459717,0.905185878276825,0.041326364499660664,-54.0,-0.0,11,0,48.382766806575916,3.118976229674912,-0.038410241248365076,131.02111408827105,15
357.843114496,-5.52158784866333,0.9053530097007751,0.028904372966207015,-54.0,-0.0,11,0,48.486865322343135,3.1313614949106103,-0.028407161744074816,131.02453399325216,15
357.956376064,-5.419816970825195,0.9066528677940369,0.026311109683861002,-54.0,-0.0,11,0,48.588642732338215,3.1339423963021806,-0.03293761694935971,131.02800799616386,15
358.052562176,-5.298440456390381,0.9083307385444641,0.02174506564408928,-54.0,-0.0,11,0,48.71002942629308,3.138496383704836,-0.21036735216971836,131.0397092756688,15
358.17102848,-5.180488109588623,0.9105080962181091,0.027292973499363,-54.0,-0.0,11,0,48.828001865848414,3.1329480137650947,-0.6105120959002924,131.08833255279,15
358.282997504,-5.079587459564209,0.9120880961418152,0.030409801490078173,-54.0,-0.0,11,0,48.92891443534744,3.12982501775012,-0.6696319486595309,131.16000079241437,15
358.394780672,-4.959198951721191,0.9149948954582214,0.028836376185116145,-54.0,-0.0,11,0,49.04933621483148,3.1314119421514555,-0.4295330478449406,131.2214348651464,15
358.498652672,-4.863744258880615,0.9184195399284363,0.04017501893304903,-54.0,-0.0,11,0,49.14483821021298,3.120106738949696,-0.11470726473052267,131.2497005300203,15
358.594425088,-4.764834403991699,0.9213511347770691,0.0412562462619162,-54.0,-0.0,11,0,49.24378558945194,3.1190474972153126,-0.05852778252957665,131.25799609952628,15
358.699876352,-4.666835308074951,0.9234132170677185,0.03623530174522896,-54.0,-0.0,11,0,49.341806112971334,3.12407306577089,-0.3556864124312354,131.27983580473895,15
358.818003712,-4.555945873260498,0.926569402217865,0.04404860710783978,-54.0,-0.0,11,0,49.45273520590213,3.116281607099042,-0.6600736653267658,131.33983033292844,15
358.955147264,-4.4672160148620605,0.9285504221916199,0.051008149892905655,-54.0,-0.0,11,0,49.54148660673082,3.1093284869796474,-0.6869121789932251,131.4321955445203,15
359.04819328,-4.361121654510498,0.9312209486961365,0.04689091231077213,-61.0,-22.0,12,1,61.1048560626165,2.8037884291263975,-0.6869121789932251,131.49610998611752,15
359.155884288,-4.261362075805664,0.9334670901298523,0.034738362042657296,-61.0,-22.0,12,0,61.19817763844682,2.7922135996119337,-0.6869121789932251,131.57008425108074,15
359.26801792,-4.1931233406066895,0.9334315657615662,0.030969107168175854,-61.0,-22.0,12,0,61.26143582366473,2.7888623040760745,-0.6881298730061617,131.64717848080244,15
359.370495232,-4.126996040344238,0.9342860579490662,0.02268611605120367,-61.0,-22.0,12,0,61.32307931262794,2.7809700732896254,-0.7538681456489763,131.72106452123302,15
359.48257408,-4.0886688232421875,0.9351111054420471,0.023429282053413828,-61.0,-22.0,12,0,61.35893527213113,2.7819343784389536,-0.905336898772993,131.81404541622032,15
359.594481408,-4.0657429695129395,0.9360632300376892,0.021164936008571503,-61.0,-22.0,12,0,61.38055571682169,2.779795255330284,-0.9432576753491088,131.91748105589295,15
359.71065344,-4.0667724609375,0.9356245398521423,0.021353920696396553,-61.0,-22.0,12,0,61.3794368746385,2.779984602066667,-0.9505155002601913,132.02748279487176,15
359.810898944,-4.076301097869873,0.9356035590171814,0.023331505243707737,-61.0,-22.0,12,0,61.370590736253895,2.78190448633608,-1.0,132.12524799956344,15
359.91085312,-4.081901550292969,0.9353324770927429,0.023804892702897328,-61.0,-22.0,12,0,61.36529480875429,2.782347863694723,-1.0,132.22520217556348,15
360.031617792,-4.0933146476745605,0.9349474310874939,0.020446454071831998,-61.0,-22.0,12,0,61.354565041692844,2.7789257213487244,-1.0,132.3459668475635,15
360.170627072,-4.1065592765808105,0.9342107176780701,0.02545575629053297,-61.0,-22.0,12,0,61.342005335594244,2.7838654518512578,-1.0,132.48497612756347,15
360.272129024,-4.112830638885498,0.9336900115013123,0.030477644430967094,-61.0,-22.0,12,0,61.335994126318354,2.788856986555994,-1.0,132.58647807956345,15
360.36242304,-4.115614891052246,0.9338473677635193,0.029203046547485123,-61.0,-22.0,12,0,61.333470669047834,2.7875630357464694,-0.6699516263449873,132.66187139899768,15
360.474739456,-4.0868144035339355,0.9352671504020691,0.03263303573413846,-61.0,-22.0,12,0,61.36071360404884,2.7911470697942886,-0.08104464103262334,132.7040460035883,15
360.58864384,-3.980475902557373,0.9392039179801941,0.03208957481653123,-61.0,-22.0,12,0,61.46082658644869,2.7911909023068184,-0.011783133530513324,132.70933274882816,15
360.698306816,-3.880298137664795,0.9426235556602478,0.03879070790307072,-61.0,-22.0,12,0,61.55505110434721,2.7984479136584137,-0.004709636099348887,132.71023707192822,15
360.819162624,-3.7587921619415283,0.9457888007164001,0.04348633100899915,-61.0,-22.0,12,0,61.66899624971116,2.8038302706862948,-0.0018841163255274296,132.71063551856676,15
360.958185216,-3.657119035720825,0.9478705525398254,0.04312484613499584,-61.0,-22.0,12,0,61.76415433064405,2.8040500005470474,-0.0018841163255274296,132.71089745330195,15
361.034492928,-3.5338995456695557,0.9507375359535217,0.04320307046880062,-61.0,-22.0,12,0,61.87963360324157,2.804825049471659,-0.010502679804433174,132.7113700573378,15
361.147624192,-3.409132719039917,0.9525784850120544,0.025760590418254178,-61.0,-22.0,12,0,61.99620031327562,2.7881014123719536,-0.47159129968923197,132.73864000797127,15
361.27201024,-3.292544364929199,0.9568611979484558,0.03265254187548827,-61.0,-22.0,12,0,62.10610205072877,2.7956243098958877,-1.0,132.830162720991,15
361.384808192,-3.2097113132476807,0.9600507616996765,0.020747306758237685,-61.0,-22.0,12,0,62.18425361357969,2.7841637966097146,-1.0,132.942960672991,15
361.507153664,-3.138568878173828,0.9623927474021912,0.013588355237623235,-61.0,-22.0,12,0,62.25123847885906,2.7773918437499376,-1.0,133.065306144991,15
361.610181888,-3.0713489055633545,0.9639484286308289,0.00815032739700737,-61.0,-22.0,12,0,62.31429647403389,2.772328516669033,-1.0,133.16833436899103,15
361.71404032,-2.985649585723877,0.9655634760856628,0.04381171032005258,-61.0,-22.0,12,0,62.39456674875257,2.80847199883697,-1.0,133.272192800991,15
361.865009408,-2.899217128753662,0.9682020545005798,0.08649214764248728,-61.0,-22.0,12,0,62.47590956415181,2.8516223747960914,-1.0,133.42316188899102,15
361.9617024,-2.7912566661834717,0.9671844840049744,0.0629916886414272,-61.0,-22.0,12,0,62.57594876327845,2.8287713048415215,-1.0,133.519854880991,15
362.09169664,-2.693336248397827,0.9657453894615173,-0.16705764351945757,-61.0,-22.0,12,0,62.66651816668907,2.5993168404092333,-0.9904787917378067,133.64923026987506,15
362.164847872,-2.601879596710205,0.9670689702033997,-3.0343693339961155,-61.0,-22.0,12,0,62.75210533296242,0.26748036326448554,-0.35437679593219545,133.69841919142513,15
362.273728512,-2.496727228164673,0.9687080979347229,-3.113116187322897,-61.0,-22.0,12,0,62.85057260442343,0.34563915460518224,-0.00920855812728405,133.71821289444745,15
362.386788096,-2.3763914108276367,0.9683167338371277,-3.113602411494553,-61.0,-22.0,12,0,62.96245752511846,0.3454211343856217,0.0,133.718733452323,15
362.503066368,-2.270576238632202,0.9666332602500916,-3.138418109069049,-61.0,-22.0,12,0,63.06037946803951,0.3695998521517345,0.0,133.718733452323,15
362.59422976,-2.1641924381256104,0.9653307795524597,3.139738529417636,-61.0,-22.0,12,0,63.15899515723928,0.37399586222939263,0.1131832782463639,133.7238925381043,16
362.711271424,-2.057424783706665,0.9646419882774353,3.0911458694128027,-61.0,-22.0,12,0,63.258216500136584,0.4219646731081026,1.0,133.78903694971578,16
362.80992256,-1.9392261505126953,0.9630433917045593,3.0592146311675212,-61.0,-22.0,12,0,63.36778652840566,0.4531952523313194,1.0,133.88768808571578,16
362.910246912,-1.7900350093841553,0.9615593552589417,3.051499306266551,-61.0,-22.0,12,0,63.50632379704429,0.4600374886018166,1.0,133.98801243771575,16
363.009539072,-1.6490635871887207,0.9602314829826355,3.0480386862759157,-61.0,-22.0,12,0,63.637299462105666,0.46267770695993615,0.998984895471847,134.08725420175514,16
363.12266368,-1.4931068420410156,0.9587604403495789,2.9992967835932047,-61.0,-22.0,12,0,63.78224685811959,0.5105158957875453,0.4545829494781492,134.16947134808584,16
363.219476992,-1.3551726341247559,0.9549404978752136,3.0109080223441564,-61.0,-22.0,12,0,63.90958241739693,0.49807201114871,0.01801344763058016,134.19234815930753,16
363.362242048,-1.2272698879241943,0.9543187022209167,3.0285995092693,-61.0,-22.0,12,0,64.02874364013543,0.4796539722778874,0.0,134.1936340047374,16
363.466518272,-1.1241159439086914,0.9570335745811462,3.044725636236805,-61.0,-22.0,12,0,64.12602343856148,0.46299067962249474,0.0,134.1936340047374,16
363.564220416,-1.023275375366211,0.9589688181877136,3.033218023133707,-61.0,-22.0,12,0,64.2208824752017,0.4739642948431815,0.0,134.1936340047374,16
363.652133376,-0.9036827087402344,0.9618843197822571,3.0337615423737656,-61.0,-22.0,12,0,64.33362638221811,0.4727985261796954,0.0,134.1936340047374,16
363.765157888,-0.784080982208252,0.9651996493339539,3.0303773440912836,-61.0,-22.0,12,0,64.4465460524536,0.4755683991083064,0.0,134.1936340047374,16
363.910057984,-0.6843705177307129,0.9685449004173279,3.033083710108109,-61.0,-22.0,12,0,64.54091117024053,0.47235993808739885,0.0,134.1936340047374,16
364.011924992,-0.564903736114502,0.9715508818626404,3.034003039067143,-61.0,-22.0,12,0,64.65363880202808,0.47082647288575963,0.0,134.1936340047374,16
364.1051584,-0.46497440338134766,0.973357617855072,3.0350298899837314,-61.0,-22.0,12,0,64.74769867895796,0.4692773452032739,0.0,134.1936340047374,16
364.210947072,-0.3636150360107422,0.9749752879142761,3.0351776975280136,-61.0,-22.0,12,0,64.84304643507564,0.4685982354499263,0.0,134.1936340047374,16
364.31161216,-0.23965692520141602,0.9728838801383972,3.0354616419354468,-61.0,-22.0,12,0,64.9582380021006,0.4676080501605462,0.0,134.1936340047374,16
364.424893184,-0.1360483169555664,0.9704001545906067,3.034260713361968,-61.0,-22.0,12,0,65.05428423814978,0.4682100167152585,0.0,134.1936340047374,16
364.553101824,-0.012056827545166016,0.9707316756248474,3.0583086827742316,-61.0,-22.0,12,0,65.17042063789472,0.44349501583631756,0.0,134.1936340047374,16
364.64879744,0.09192276000976562,0.9706292748451233,-3.085168686402373,-61.0,-22.0,12,0,65.26770132153706,0.3032240781185789,0.0,134.1936340047374,16
364.752955136,0.2191309928894043,0.9709646105766296,-2.9220549645631775,-61.0,-22.0,12,0,65.38690399969184,0.1394304586562365,0.0,134.1936340047374,16
364.887547392,0.32491064071655273,0.9715622067451477,-2.835645204798709,-61.0,-22.0,12,0,65.4861614030799,0.052461775171452896,0.0,134.1936340047374,16
365.001777152,0.45072174072265625,0.9717819094657898,-2.792995158518941,-61.0,-22.0,12,0,65.60406974076977,0.009142152957374972,0.0,134.1936340047374,16
365.105786624,0.5740804672241211,0.9721428751945496,-2.7909488105966886,-61.0,-22.0,12,0,65.71975908098372,0.006443688831165861,0.0,134.1936340047374,16
365.201595392,0.6761775016784668,0.972082793712616,-2.8272923251322264,-61.0,-22.0,12,0,65.81540442099961,0.04224410858632277,0.0,134.1936340047374,16
365.310709248,0.7957878112792969,0.9728650450706482,-2.91670712919946,-61.0,-22.0,12,0,65.92777805747501,0.13103678488032733,0.0,134.1936340047374,16
365.411117568,0.8959455490112305,0.9735967516899109,-2.929210278088781,-61.0,-22.0,12,0,66.02192229188287,0.14302170256243274,0.0,134.1936340047374,16
365.553856256,0.9999470710754395,0.9735292792320251,-2.8687329043482785,-61.0,-22.0,12,0,66.11941079864435,0.08199603921013887,0.0,134.1936340047374,16
365.655263232,1.1444954872131348,0.9743255972862244,-2.852658875677767,-61.0,-22.0,12,0,66.25524851670527,0.06517524116739715,0.0,134.1936340047374,16
365.798519296,1.2461214065551758,0.9745979905128479,-2.884138313525208,-61.0,-22.0,12,0,66.35067281486513,0.09612742310482059,0.0,134.1936340047374,16
365.903483136,1.3695917129516602,0.9720302224159241,-2.8919623333666307,-61.0,-22.0,12,0,66.46563129151696,0.10327196726652321,0.0,134.1936340047374,16
366.005842176,1.4959235191345215,0.9682075381278992,-2.787346434826848,-61.0,-22.0,12,0,66.58287327852432,0.002053576954172076,0.0,134.1936340047374,16
366.104979968,1.60111665725708,0.9683379530906677,-2.740917068507156,-61.0,-22.0,12,0,66.6816643093354,0.049025291292822626,0.0,134.1936340047374,16
366.206362368,1.704972267150879,0.9700371623039246,-2.7353904597471197,-61.0,-22.0,12,0,66.77975856696237,0.055063695674162805,0.0,134.1936340047374,16
366.35470208,1.8278908729553223,0.9722948670387268,-2.7716914995851893,-61.0,-22.0,12,0,66.89596552111462,0.019362991147537034,0.0,134.1936340047374,16
366.45452032,1.9518680572509766,0.9745693802833557,-2.805624399241502,-61.0,-22.0,12,0,67.01319668622733,0.01396647542108953,0.0,134.1936340047374,16
366.57321728,2.0569992065429688,0.975626528263092,-2.7912377587402584,-61.0,-22.0,12,0,67.11232795321726,0.0009424195993386064,0.0,134.1936340047374,16
366.655465984,2.183098316192627,0.9755180478096008,-2.76489823176361,-61.0,-22.0,12,0,67.2307841869994,0.027925571888324452,0.0,134.1936340047374,16
366.796941312,2.288003444671631,0.9748774170875549,-2.73083355173052,-61.0,-22.0,12,0,67.32916435203224,0.06253165846873054,0.0,134.1936340047374,16
366.888166912,2.395315647125244,0.9717811942100525,-2.6553658936628093,-61.0,-22.0,12,0,67.42899062890757,0.13858554455374072,0.0,134.1936340047374,16
367.006623232,2.527733325958252,0.9677442908287048,-2.551422432278561,-61.0,-22.0,12,0,67.5521293472157,0.2432530040375105,0.0,134.1936340047374,16
367.107113728,2.657360076904297,0.9671153426170349,-2.541493506968038,-61.0,-22.0,12,0,67.67383452355662,0.25384192765734737,0.0,134.1936340047374,16
367.207254784,2.761157989501953,0.9666935801506042,-2.540652646720714,-61.0,-22.0,12,0,67.77133820551842,0.2552084322531778,0.0,134.1936340047374,16
367.353035264,2.8837647438049316,0.9667879939079285,-2.543972070949994,-61.0,-22.0,12,0,67.8867347027306,0.2524997425389137,0.0,134.1936340047374,16
367.43165568,2.9871644973754883,0.9654074311256409,-2.5401158286047876,-61.0,-22.0,12,0,67.98358006821788,0.25688964860726404,0.0,134.1936340047374,16
367.558173696,3.1148476600646973,0.9605106711387634,-2.5426582449599797,-61.0,-22.0,12,0,68.10211994316168,0.2550482577245563,0.0,134.1936340047374,16
367.657620736,3.243225574493408,0.9556202292442322,-2.547124340149368,-61.0,-22.0,12,0,68.22134953461806,0.2512840910055125,0.0,134.1936340047374,16
367.764498432,3.371674060821533,0.9506198763847351,-2.5530154115399117,-61.0,-22.0,12,0,68.34064218386413,0.24609436018973385,0.0,134.1936340047374,16
367.899080192,3.4800610542297363,0.9469197392463684,-2.545016114363815,-61.0,-22.0,12,0,68.44150348346103,0.2546764106011139,0.0,134.1936340047374,16
368.012347648,3.5860581398010254,0.9453909993171692,-2.5221834345540164,-61.0,-22.0,12,0,68.54086280569645,0.27804860406748855,0.0,134.1936340047374,16
368.111187712,3.712728977203369,0.9416543841362,-2.5191160105968375,-61.0,-22.0,12,0,68.65898919703183,0.281784936068318,0.0,134.1936340047374,16
368.212413184,3.8188376426696777,0.9384711384773254,-2.5190408740064107,-61.0,-22.0,12,0,68.7579462427255,0.282419358459578,0.0,134.1936340047374,16
368.30777984,3.945700168609619,0.9338995814323425,-2.52288339685019,-61.0,-22.0,12,0,68.87603153784458,0.2792538855189015,0.0,134.1936340047374,16
368.463012864,4.073001384735107,0.9292585253715515,-2.52531922887039,-61.0,-22.0,12,0,68.99453895592796,0.2774958486829875,0.0,134.1936340047374,16
368.530985728,4.179255962371826,0.9262339472770691,-2.5295589982700455,-61.0,-22.0,12,0,69.09375956491051,0.27380844058475207,0.0,134.1936340047374,16
368.634484992,4.283273220062256,0.9248620867729187,-2.5066168803440383,-61.0,-22.0,12,0,69.19143779415813,0.2972680858014227,0.0,134.1936340047374,16
368.747212544,4.4004740715026855,0.9215068221092224,-2.5066132700055315,-61.0,-22.0,12,0,69.30091979024012,0.2978777102885837,0.0,134.1936340047374,16
368.866762752,4.482698917388916,0.9183184504508972,-2.543830397633546,-61.0,-22.0,12,0,69.37746880725533,0.26109595542148645,0.0,134.1936340047374,16
368.978274816,4.558162212371826,0.9158872961997986,-2.6104770335449796,-61.0,-22.0,12,0,69.44789790364996,0.19484131694114648,0.0,134.1936340047374,16
369.10989568,4.612838268280029,0.9134814143180847,-2.5829505680151224,-61.0,-22.0,12,0,69.49872067990728,0.22266005717145765,0.0,134.1936340047374,16
369.266984192,4.670215129852295,0.910737931728363,-2.5218665157648656,-61.0,-22.0,12,0,69.5519882374143,0.28405333184123016,0.0,134.1936340047374,16
369.379299072,4.719888210296631,0.9088827967643738,-2.4979341887277844,-61.0,-22.0,12,0,69.59828027595059,0.3082459258592376,0.0,134.1936340047374,16
369.458865664,4.7625813484191895,0.907852828502655,-2.5029304031891577,-61.0,-22.0,12,0,69.63825691974051,0.3034654748810439,0.0,134.1936340047374,16
369.563058944,4.811721324920654,0.9059335589408875,-2.498453488107464,-61.0,-22.0,12,0,69.68403300581583,0.30820037294925395,0.0,134.1936340047374,16
369.674175232,4.878754138946533,0.9035528302192688,-2.505392542003206,-61.0,-22.0,12,0,69.7465624898203,0.3016094778734928,0.0,134.1936340047374,16
369.79773696,4.9513773918151855,0.9007238745689392,-2.523918064866553,-61.0,-22.0,12,0,69.81423446444775,0.28346382430101524,0.0,134.1936340047374,16
369.894975232,5.038978099822998,0.8965720534324646,-2.5245358653533616,-61.0,-22.0,12,0,69.89563391419328,0.28331325197931,0.0,134.1936340047374,16
369.994053376,5.124514102935791,0.8941343426704407,-2.5266477227590367,-61.0,-22.0,12,0,69.97565828664705,0.2816347350537325,0.0,134.1936340047374,16
370.110299648,5.210554599761963,0.891556441783905,-2.5182740221847864,-61.0,-22.0,12,0,70.05612676087252,0.29044503040313785,0.0,134.1936340047374,16
370.211089664,5.283738613128662,0.8876408934593201,-2.538382549896593,-61.0,-22.0,12,0,70.12401949547326,0.2707302941410785,0.0,134.1936340047374,16
370.338185216,5.372653484344482,0.8824998736381531,-2.5621096372033234,-61.0,-22.0,12,0,70.2063952287818,0.24748578719762548,0.0,134.1936340047374,16
370.482165248,5.460412502288818,0.878818929195404,-2.575897863808698,-61.0,-22.0,12,0,70.2881695989396,0.23415401578183737,0.0,134.1936340047374,16
370.579075584,5.5334086418151855,0.8750202059745789,-2.581194597265303,-61.0,-22.0,12,0,70.35595934192435,0.22924604991483166,0.0,134.1936340047374,16
370.683654912,5.606853008270264,0.8711311221122742,-2.5918637649750926,-61.0,-22.0,12,0,70.42415428296015,0.2189681818519622,0.0,134.1936340047374,16
370.790155264,5.680164813995361,0.8676742911338806,-2.6049523841764928,-61.0,-22.0,12,0,70.49237481534418,0.2062636948131531,0.0,134.1936340047374,16
370.891386624,5.767503261566162,0.8639916777610779,-2.6298762722099713,-61.0,-22.0,12,0,70.57380255607583,0.18179062544510627,0.0,134.1936340047374,16
370.989850624,5.8552069664001465,0.8597010970115662,-2.6494247574319894,-61.0,-22.0,12,0,70.65539351503826,0.16270173414380595,0.0,134.1936340047374,16
371.090640384,5.926681041717529,0.8566171526908875,-2.6474742056846594,-61.0,-22.0,12,0,70.72203039311354,0.16502052547856483,0.0,134.1936340047374,16
371.192726784,5.998326778411865,0.8533031344413757,-2.6439276828257805,-61.0,-22.0,12,0,70.78876503557275,0.16893845358738435,0.0,134.1936340047374,16
371.311337216,6.069407939910889,0.8501108288764954,-2.6406578774256495,-61.0,-22.0,12,0,70.85501426365053,0.1725747689912196,0.0,134.1936340047374,16
371.410091264,6.155349254608154,0.8455355763435364,-2.6377396053635733,-61.0,-22.0,12,0,70.93489570922324,0.17594480907670018,0.0,134.1936340047374,16
371.510576896,6.2273783683776855,0.8411661982536316,-2.6273493166899846,-61.0,-22.0,12,0,71.00168501930965,0.18672008175677712,0.0,134.1936340047374,16
371.644800512,6.2997517585754395,0.8364173769950867,-2.615832727337471,-61.0,-22.0,12,0,71.06868892404165,0.19862754403653904,0.0,134.1936340047374,16
371.744374528,6.3721489906311035,0.8329079747200012,-2.6250996159272977,-61.0,-22.0,12,0,71.13612405942446,0.18973439815589632,0.0,134.1936340047374,16
371.84141056,6.4593634605407715,0.8293473124504089,-2.6557854259901714,-61.0,-22.0,12,0,71.21758783624892,0.15948901179100217,0.0,134.1936340047374,16
371.945492224,6.532105922698975,0.8261715769767761,-2.6770701378579207,-61.0,-22.0,12,0,71.28547845961488,0.13857360805444863,0.0,134.1936340047374,16
372.04631424,6.6042704582214355,0.8231406807899475,-2.691251957785038,-61.0,-22.0,12,0,71.35287755040774,0.1247558794628465,0.0,134.1936340047374,16
372.171013376,6.675422191619873,0.8208990693092346,-2.6910323534369005,-61.0,-22.0,12,0,71.41957857020437,0.12532388475253153,0.0,134.1936340047374,16
372.264562176,6.74553918838501,0.8187620043754578,-2.694544276445665,-61.0,-22.0,12,0,71.48534101014933,0.12215370609752485,0.0,134.1936340047374,16
372.352082944,6.830047130584717,0.8157331347465515,-2.710601525802133,-61.0,-22.0,12,0,71.56446724606643,0.10651350877084687,0.0,134.1936340047374,16
372.507015168,6.916958332061768,0.8118187785148621,-2.67514518544601,-61.0,-22.0,12,0,71.64560213343745,0.14240837678790053,0.0,134.1936340047374,16
372.607859968,7.008004665374756,0.8047683835029602,-2.605707597299821,-61.0,-22.0,12,0,71.72967419130559,0.21234328277934544,0.0,134.1936340047374,16
372.706770944,7.0824294090271,0.8002772927284241,-2.6115659315174717,-61.0,-22.0,12,0,71.79881502406892,0.20687380839600777,0.0,134.1936340047374,16
372.809915136,7.155410289764404,0.7959083914756775,-2.613670793397121,-61.0,-22.0,12,0,71.86663614751058,0.20514907303654661,0.0,134.1936340047374,16
372.910893824,7.242503643035889,0.7924584746360779,-2.6225489797953987,-61.0,-22.0,12,0,71.94814429009115,0.19670032850810948,0.0,134.1936340047374,16
373.038537216,7.328919887542725,0.7874998450279236,-2.6327778663993633,-61.0,-22.0,12,0,72.02854602298576,0.18691680767485463,0.0,134.1936340047374,16
373.13786112,7.400411128997803,0.7834042906761169,-2.634607172634839,-61.0,-22.0,12,0,72.09507440656625,0.18545510918407837,0.0,134.1936340047374,16
373.238034688,7.472243785858154,0.7803754210472107,-2.631187034480663,-61.0,-22.0,12,0,72.16227320001666,0.18922964477679427,0.0,134.1936340047374,16
373.337913344,7.544209957122803,0.7771705985069275,-2.627645260469231,-61.0,-22.0,12,0,72.22955225612036,0.19312805139379474,0.0,134.1936340047374,16
373.451355904,7.630401134490967,0.7730022072792053,-2.627181944108628,-61.0,-22.0,12,0,72.31003795749164,0.19402195248227816,0.0,134.1936340047374,16
373.56544512,7.701259136199951,0.768974244594574,-2.625764970847768,-61.0,-22.0,12,0,72.3760263833979,0.19580007705537605,0.0,134.1936340047374,16
373.661854976,7.771514415740967,0.7648293375968933,-2.624607559627885,-61.0,-22.0,12,0,72.44141529404557,0.19731689952666231,0.0,134.1936340047374,16
373.781353472,7.8418097496032715,0.7607588171958923,-2.625360336582468,-61.0,-22.0,12,0,72.50687492600362,0.19692208486484475,0.0,134.1936340047374,16
373.908169216,7.926280498504639,0.7563747763633728,-2.628412339556978,-61.0,-22.0,12,0,72.58570614329551,0.19429273806970082,0.0,134.1936340047374,16
374.0099776,8.011215209960938,0.7511917948722839,-2.6393189792126837,-61.0,-22.0,12,0,72.66474078150013,0.1838202786978762,0.0,134.1936340047374,16
374.110113024,8.08165168762207,0.7470158934593201,-2.6484389216328186,-61.0,-22.0,12,0,72.73033295638916,0.17505808890663044,0.0,134.1936340047374,16
374.219566848,8.166227340698242,0.7440099120140076,-2.6415461050491063,-61.0,-22.0,12,0,72.80973143353123,0.182353419247669,0.0,134.1936340047374,16
374.339692288,8.250585556030273,0.7398086190223694,-2.6283751560395,-61.0,-22.0,12,0,72.8885621746158,0.19594065488547185,0.0,134.1936340047374,16
374.469079296,8.320472717285156,0.7363998293876648,-2.623835647189934,-61.0,-22.0,12,0,72.95390198577219,0.20082342272187814,0.0,134.1936340047374,16
374.568883968,8.390230178833008,0.7331323027610779,-2.6200466698296156,-61.0,-22.0,12,0,73.01917110297998,0.2049526532603685,0.0,134.1936340047374,16
374.659425536,8.460124969482422,0.729573667049408,-2.6188180897029016,-61.0,-22.0,12,0,73.08448864062703,0.20652524883704748,0.0,134.1936340047374,16
374.770771712,8.544111251831055,0.7255498766899109,-2.618953761414494,-61.0,-22.0,12,0,73.16306463650204,0.20679885907363937,-4.25496670126646e-05,134.19363637360874,16
374.850407424,8.614917755126953,0.7212986350059509,-2.6264976901032955,-61.0,-22.0,12,0,73.22905288008451,0.19961045218001505,-0.009999942044011393,134.19403624409756,17
374.963089408,8.685190200805664,0.717280924320221,-2.641715689644041,-61.0,-22.0,12,0,73.29461498580196,0.1847420465741152,-0.19399848436952724,134.20552971780813,17
375.074679296,8.774986267089844,0.7124244570732117,-2.6473860680524735,-61.0,-22.0,12,0,73.37849094449159,0.1795138839723882,-0.5644327457397451,134.24784634581994,17
375.186739968,8.856229782104492,0.7089394927024841,-2.6441751122446577,-61.0,-22.0,12,0,73.45467154819634,0.1831122986525502,-0.8808937615544112,134.32882847565332,17
375.311251712,8.953557968139648,0.7046658396720886,-2.662223541117182,-61.0,-22.0,12,0,73.54591846794115,0.16552825815407557,-0.9160057308237987,134.4406960204477,17
375.399438336,9.049345016479492,0.7003936171531677,-2.6624715218991275,-61.0,-22.0,12,0,73.63571557071656,0.16573704435694214,-0.9186279773712158,134.52159109694884,17
375.50626816,9.156045913696289,0.6941775679588318,-2.6671371090181224,-61.0,-22.0,12,0,73.73531361383573,0.16159775892306483,-0.5818903099997841,134.60174114922313,17
375.610674944,9.231836318969727,0.6908393502235413,-2.691445809321818,-61.0,-22.0,12,0,73.80640231817432,0.1376481448892024,-0.1592832464232019,134.6404329229291,17
375.708398336,9.302238464355469,0.6876875758171082,-2.7067674592647673,-61.0,-22.0,12,0,73.87242990884344,0.12266008859034017,-0.026336179638719485,134.64950260289703,17
375.810469888,9.372516632080078,0.6846663355827332,-2.71991847199238,-61.0,-22.0,12,0,73.93838775554352,0.10983987892557279,-0.01174832980282252,134.65144627538996,17
375.96296576,9.456558227539062,0.6817988753318787,-2.716190384207575,-61.0,-22.0,12,0,74.01750196738342,0.11395319385725111,-0.007281073834747076,134.65289722814063,17
376.074041856,9.525371551513672,0.6795408129692078,-2.708184758985823,-61.0,-22.0,12,0,74.08231640524066,0.12227247649386941,-0.007281073834747076,134.65370598139688,17
376.173810688,9.606727600097656,0.6779558062553406,-2.703975883837889,-61.0,-22.0,12,0,74.15928574322209,0.12683754742619158,-0.007722050465347981,134.65445440349077,17
376.258135552,9.674638748168945,0.6761898398399353,-2.6980715517685976,-61.0,-22.0,12,0,74.22340700774011,0.13304432641167363,-0.18361558678276235,134.66252166361028,17
376.372339968,9.751689910888672,0.674189031124115,-2.702457554658557,-61.0,-22.0,12,0,74.29616728651415,0.12900080756220245,-0.7356471988307545,134.71501359840104,17
376.47545344,9.811058044433594,0.6725355982780457,-2.710821862092759,-61.0,-22.0,12,0,74.35220112294813,0.1209013598913029,-0.8274638133948438,134.79560250019708,17
376.609938432,9.86782455444336,0.6709452271461487,-2.715107598456953,-61.0,-22.0,12,0,74.4057814593169,0.1168686237961909,-0.8325336575508118,134.9072248734971,17
376.709952,9.933113098144531,0.6690022349357605,-2.7142495071023762,-61.0,-22.0,12,0,74.46737672378211,0.11801870325206609,-0.8325336575508118,134.99048953506886,17
376.803008256,9.986307144165039,0.6663520932197571,-2.710012922754614,-61.0,-22.0,12,0,74.51724175772708,0.12250647029289485,-0.8325336575508118,135.06796200023453,17
376.9104896,10.038022994995117,0.663688600063324,-2.694746537662065,-61.0,-22.0,12,0,74.56569916522002,0.13801784743679502,-0.8325336575508118,135.15744383667334,17
377.010032128,10.087806701660156,0.6616198420524597,-2.6693734649722147,-61.0,-22.0,12,0,74.61250079925149,0.1636201347011581,-0.8325336575508118,135.240316341591,17
377.11050752,10.140762329101562,0.6593286395072937,-2.6571258447213433,-61.0,-22.0,12,0,74.66226114416112,0.1761124149719584,-0.8325336575508118,135.32396548718665,17
377.219192832,10.17837142944336,0.6578270792961121,-2.6650881897637793,-61.0,-22.0,12,0,74.69764177872742,0.16832202668035467,-0.7506707113146496,135.41000101758158,17
377.322675968,10.213510513305664,0.6557595133781433,-2.66148771320212,-61.0,-22.0,12,0,74.73049925403095,0.17209149442944494,-0.3315406904011286,135.46599633241385,17
377.4190464,10.255720138549805,0.6554362177848816,-2.6392250715140166,-61.0,-22.0,12,0,74.77062553357068,0.19452940028192778,-0.04590417623687482,135.48418359484089,17
377.55516288,10.328540802001953,0.6529743075370789,-2.623773857714461,-61.0,-22.0,12,0,74.83928098212056,0.21030679008624809,-0.008382724521201678,135.48787826576154,17
377.675083008,10.394512176513672,0.6508607268333435,-2.6086710786842824,-61.0,-22.0,12,0,74.90152108327814,0.2257030637560704,-0.0052893394604325294,135.48869804359288,17
377.792037376,10.475212097167969,0.6490172743797302,-2.6095223440217215,-61.0,-22.0,12,0,74.97788959306801,0.22520072109566058,-0.004100723657757044,135.4892471480416,17
377.873604864,10.557016372680664,0.6473597884178162,-2.607350394560508,-61.0,-22.0,12,0,75.05537620681234,0.22772296071294829,-0.004100723657757044,135.48958163376935,17
377.99343488,10.624948501586914,0.6452696919441223,-2.5937817851167884,-61.0,-22.0,12,0,75.11951469009807,0.24159096843636885,-0.004100723657757044,135.49007302355088,17
378.066635776,10.69390869140625,0.6433464884757996,-2.60490961343997,-61.0,-22.0,12,0,75.18469048715214,0.23076402899022463,-0.018406392115980996,135.49089679407138,17
378.178404096,10.7611083984375,0.6410874724388123,-2.6037043224879364,-61.0,-22.0,12,0,75.24809313535408,0.23226690413987638,-1.0,135.54780957983343,17
378.311853312,10.818443298339844,0.6396153569221497,-2.6133544915797287,-61.0,-22.0,12,0,75.30233051709781,0.2228644718556878,-1.0,135.6812587958334,17
378.410297088,10.876813888549805,0.638279139995575,-2.629251365159844,-61.0,-22.0,12,0,75.35760119052082,0.20721738715893023,-1.0,135.7797025718334,17
378.510558464,10.928075790405273,0.6369184851646423,-2.6436556113234713,-61.0,-22.0,12,0,75.40608838425631,0.1930345748842326,-1.0,135.8799639478334,17
378.658055936,10.966512680053711,0.634333074092865,-2.649980875288545,-61.0,-22.0,12,0,75.44197757904618,0.18689494923970384,-1.0,136.0274614198334,17
378.728975872,10.99770736694336,0.6349858641624451,-2.6556514123930874,-61.0,-22.0,12,0,75.47193154522311,0.1813401691854808,-1.0,136.0983813558334,17
378.827628544,11.034082412719727,0.6329829096794128,-2.6555937753430348,-61.0,-22.0,12,0,75.50603250358436,0.18156759515555443,-1.0,136.1970340278334,17
378.9774336,11.057907104492188,0.6332873702049255,-2.654902544367855,-61.0,-22.0,12,0,75.52885325133636,0.1823495332717937,-1.0,136.3468390838334,17
379.080020224,11.083362579345703,0.6313220858573914,-2.650556855658134,-61.0,-22.0,12,0,75.55255058632522,0.18682100280130376,-1.0,136.44942570783343,17
379.172415744,11.094858169555664,0.6313609480857849,-2.67982422342349,-61.0,-22.0,12,0,75.56353004492901,0.15759871443672413,-1.0,136.5418212278334,17
379.268209408,11.095573425292969,0.631396472454071,-2.702894963072768,-61.0,-22.0,12,0,75.56422310733576,0.13453036118437067,-1.0,136.63761489183344,17
379.370246144,11.091176986694336,0.6311329007148743,-2.717222932761665,-61.0,-22.0,12,0,75.55994954800265,0.12018829334812775,-1.0,136.73965162783344,17
379.510211584,11.085649490356445,0.6314904093742371,-2.721680091389534,-61.0,-22.0,12,0,75.55478291012506,0.1157047082085958,-1.0,136.8796170678334,17
379.595263488,11.084320068359375,0.6314799189567566,-2.7076709594840374,-61.0,-22.0,12,0,75.55351138788866,0.12970870199433238,-0.9410189390182495,136.9621607460652,17
379.715776,11.09528923034668,0.6318390965461731,-2.6511773580003046,-61.0,-22.0,12,0,75.56408452498646,0.18624125113246714,-0.11062155452721636,137.02552866486423,17
379.81922688,11.156438827514648,0.631164014339447,-2.640882077829359,-61.0,-22.0,12,0,75.62222721470715,0.19678723427603284,-0.013527758592553368,137.03195034271104,17
379.938513664,11.26101303100586,0.6291239857673645,-2.650168932685984,-61.0,-22.0,12,0,75.72140553786909,0.18793938397085697,-0.0016525807560785438,137.0328557496415,17
380.047648512,11.351190567016602,0.627799928188324,-2.665067393726283,-61.0,-22.0,12,0,75.80707160981007,0.1734130893587209,0.0,137.0329459267163,17
380.130234624,11.442203521728516,0.6260260939598083,-2.671251272510744,-61.0,-22.0,12,0,75.89341149196079,0.16760947550849936,-0.0067022327016207275,137.0332226823866,17
380.234479616,11.532102584838867,0.6237010359764099,-2.6852023643014205,-61.0,-22.0,12,0,75.97853482361205,0.15404034482015216,-0.2669673298320925,137.0474870230651,17
380.365460736,11.615827560424805,0.6225953698158264,-2.703792360993726,-61.0,-22.0,12,0,76.05813719485748,0.1357920055635642,-1.0,137.13046142299748,17
380.452671232,11.707572937011719,0.6199237704277039,-2.7343156771055117,-61.0,-22.0,12,0,76.14494148511008,0.1056605640196282,-1.0,137.2176719189975,17
380.594340352,11.779058456420898,0.6184120774269104,-2.7576029840316933,-61.0,-22.0,12,0,76.21275427845015,0.08267083496046856,-1.0,137.3593410389975,17
380.675480832,11.859582901000977,0.6175867915153503,-2.776755146801868,-61.0,-22.0,12,0,76.28940983373488,0.06384225758574669,-1.0,137.4404815189975,17
380.802968832,11.934154510498047,0.6163174510002136,-2.7886225175998396,-61.0,-22.0,12,0,76.36025608394473,0.05228028889074521,-1.0,137.56796951899747,17
380.8958912,11.992424011230469,0.6152445673942566,-2.7961303569754254,-61.0,-22.0,12,0,76.41559559329698,0.04501170641588503,-1.0,137.6608918869975,17
381.00208128,12.04808235168457,0.6137844920158386,-2.7972644560692035,-61.0,-22.0,12,0,76.468330597116,0.044111256864743265,-1.0,137.76708196699752,17
381.110581504,12.111198425292969,0.6121194958686829,-2.789418190278433,-61.0,-22.0,12,0,76.52813393307069,0.05222220545326994,-1.0,137.87558219099748,17
381.210884864,12.15938949584961,0.6099341511726379,-2.784254199817125,-61.0,-22.0,12,0,76.57352932786756,0.05759941591050799,-1.0,137.97588555099748,17
381.362617344,12.20724105834961,0.6089678406715393,-2.792350947054542,-61.0,-22.0,12,0,76.61896351554117,0.049699126560571294,-1.0,138.1276180309975,17
381.441819136,12.247268676757812,0.6086633801460266,-2.819617764665684,-61.0,-22.0,12,0,76.65711988094715,0.022590185746794056,-1.0,138.2068198229975,17
381.556621824,12.278755187988281,0.606742799282074,-2.8360888602842134,-61.0,-22.0,12,0,76.68664017867788,0.0062641159131446855,-1.0,138.32162251099749,17
381.669892352,12.313474655151367,0.6068214774131775,-2.8560375315181243,-61.0,-22.0,12,0,76.71984061064747,0.013552126728864966,-0.6924615410834439,138.41747551718657,17
381.778493184,12.351696014404297,0.6056438088417053,-2.8318346310014766,-61.0,-22.0,12,0,76.75601891840013,0.010812167794113758,-0.015146541703846755,138.4558989304469,17
381.893508864,12.44766616821289,0.603726327419281,-2.830700790681344,-61.0,-22.0,12,0,76.84717372449107,0.012337654176404644,0.0,138.45676997534375,17
381.99470464,12.541604995727539,0.6004704833030701,-2.904023996140293,-61.0,-22.0,12,0,76.93600542928046,0.06058596128553928,-0.03682859691982299,138.4586334245659,17
382.10770048,12.657018661499023,0.598395049571991,-2.9060464252729203,-61.0,-22.0,12,0,77.04572575371677,0.062142596765180524,-0.8420948272321965,138.50829076986977,17
382.212901376,12.772647857666016,0.598452627658844,-2.8875099881832,-61.0,-22.0,12,0,77.15629354171787,0.04316730597518026,-1.0,138.60518578304067,17
382.358789376,12.936517715454102,0.5968028903007507,-2.8926347535374495,-61.0,-22.0,12,0,77.31250967825817,0.04765086145285524,-1.0,138.75107378304068,17
382.458025728,13.094841003417969,0.5953606963157654,-2.894139357915491,-61.0,-22.0,12,0,77.46351262574142,0.048540289079821,-1.0,138.85031013504067,17
382.56038528,13.285009384155273,0.5935923457145691,-2.9297135579337015,-61.0,-22.0,12,0,77.64491634542708,0.08337829485298442,-1.0,138.95266968704067,17
382.687131648,13.439922332763672,0.5910914540290833,-2.9647720071907675,-61.0,-22.0,12,0,77.79241254770412,0.1178265279033397,-1.0,139.07941605504067,17
382.754163712,13.593095779418945,0.5873891711235046,-2.976013215121389,-61.0,-22.0,12,0,77.93792457799576,0.12845154482983512,-1.0,139.14644811904066,17
382.892052224,13.765958786010742,0.5840670466423035,-3.0117666344502814,-61.0,-22.0,12,0,78.10242427453,0.16352281600814766,-1.0,139.28433663104067,17
382.979785984,13.909215927124023,0.5815557837486267,-3.030309831312081,-61.0,-22.0,12,0,78.23884771921838,0.18150582867062326,-1.0,139.37207039104067,17
383.110199808,14.047628402709961,0.577014148235321,-3.0531637228217203,-61.0,-22.0,12,0,78.37007143496079,0.20379448621615381,-1.0,139.50248421504068,17
383.199969792,14.176370620727539,0.5736742615699768,-3.070434941163576,-61.0,-22.0,12,0,78.49240389599782,0.22055244949307795,-1.0,139.59225419904067,17
383.306006272,14.336198806762695,0.5692419409751892,-3.0917528305434447,-61.0,-22.0,12,0,78.64422122726086,0.24123189207764772,-0.9862477980390522,139.69756156149657,17
383.404530688,14.467691421508789,0.56416255235672,-3.1018554604795523,-61.0,-22.0,12,0,78.7687366928101,0.25079368106754973,-0.14849432851834163,139.75346146416143,17
383.50976896,14.576702117919922,0.5597893595695496,-3.1169195129107763,-61.0,-22.0,12,0,78.87193416525899,0.26540868627292724,-0.0003156339058508932,139.76129171581238,17
383.625882368,14.658638000488281,0.5566079020500183,-3.1190859468198506,-61.0,-22.0,12,0,78.94954125348515,0.2672396564127064,0.0,139.76131004047662,17
383.781066496,14.773374557495117,0.5529544949531555,-3.119106033146348,-61.0,-22.0,12,0,79.0584596882704,0.26680081136458744,0.0,139.76131004047662,17
383.889788416,14.855274200439453,0.5512812733650208,-3.1189487904291497,-61.0,-22.0,12,0,79.13648280720011,0.26632807380405144,0.0,139.76131004047662,17
383.989208064,14.937398910522461,0.5480970740318298,-3.119188962218276,-61.0,-22.0,12,0,79.21429943486075,0.2662342780909488,0.0,139.76131004047662,17
384.082773504,15.019376754760742,0.5460692048072815,-3.119056117648107,-61.0,-22.0,12,0,79.29231286051767,0.2657826294393888,0.0,139.76131004047662,17
384.19055616,15.118019104003906,0.5425695776939392,-3.1200767101863724,-61.0,-22.0,12,0,79.38589468843112,0.26640764470609835,0.0,139.76131004047662,17
384.285040128,15.199884414672852,0.5406998991966248,-3.118981329881737,-61.0,-22.0,12,0,79.46386308728732,0.2649971608697297,0.0,139.76131004047662,17
384.392010752,15.298601150512695,0.5374729037284851,-3.120256575221932,-61.0,-22.0,12,0,79.55761574111753,0.2658815396389511,0.0,139.76131004047662,17
384.510091264,15.380584716796875,0.5347551703453064,-3.118786339177473,-61.0,-22.0,12,0,79.63547521216401,0.26408693669534067,0.0,139.76131004047662,17
384.611976192,15.479194641113281,0.5318940281867981,-3.1199485284535853,-61.0,-22.0,12,0,79.72925097761004,0.26486472214819434,0.0,139.76131004047662,17
384.752999168,15.561347961425781,0.5289990305900574,-3.1194026865992037,-61.0,-22.0,12,0,79.80724151974458,0.2639931713071073,0.0,139.76131004047662,17
384.863059456,15.659830093383789,0.5263158679008484,-3.1194066602503776,-61.0,-22.0,12,0,79.90096655564882,0.26361698912683984,0.0,139.76131004047662,17
384.944987648,15.741960525512695,0.5231229662895203,-3.121483915218761,-61.0,-22.0,12,0,79.97886954348597,0.2653664294042195,0.0,139.76131004047662,17
385.0461696,15.84040641784668,0.5203799605369568,-3.1204835438820067,-61.0,-22.0,12,0,80.07256441520283,0.26398695598628974,0.0,139.76131004047662,17
385.164882944,15.922592163085938,0.5177221894264221,-3.121809938883041,-61.0,-22.0,12,0,80.15068931511841,0.2649931391315694,0.0,139.76131004047662,17
385.295923456,16.004934310913086,0.5153340697288513,-3.1203949066462644,-61.0,-22.0,12,0,80.2290482088597,0.2632611975707664,0.0,139.76131004047662,17
385.395652352,16.103923797607422,0.5120720267295837,-3.1221478942143435,-61.0,-22.0,12,0,80.32315016185504,0.2646293498400851,0.0,139.76131004047662,17
385.489776896,16.203317642211914,0.5085200667381287,-3.1245680133223526,-61.0,-22.0,12,0,80.41757103120575,0.2666606659062296,0.0,139.76131004047662,17
385.600280064,16.28645133972168,0.5057441592216492,-3.126455576885339,-61.0,-22.0,12,0,80.4966091263943,0.26822605803526267,0.0,139.76131004047662,17
385.710002432,16.369495391845703,0.5032904744148254,-3.125882888567681,-61.0,-22.0,12,0,80.57565947210561,0.2673359809670739,0.0,139.76131004047662,17
385.80077696,16.4523868560791,0.5002190470695496,-3.127248204052643,-61.0,-22.0,12,0,80.65439905466934,0.2683777026287002,0.0,139.76131004047662,17
385.912581376,16.551006317138672,0.4973589777946472,-3.1248414640234947,-61.0,-22.0,12,0,80.7483110769299,0.2655962368655649,0.0,139.76131004047662,17
386.053387264,16.632984161376953,0.4955143332481384,-3.1241827016240413,-61.0,-22.0,12,0,80.82653274091359,0.26463297637646255,0.0,139.76131004047662,17
386.155767808,16.7208194732666,0.5055143237113953,-3.1043957330784924,-61.0,-22.0,12,0,80.91368212219041,0.24466258634931304,0.0,139.76131004047662,17
386.255100672,16.795732498168945,0.5081920027732849,-3.109447043807156,-61.0,-22.0,12,0,80.98638590627667,0.24948837200529317,0.0,139.76131004047662,17
386.355433984,16.87040138244629,0.512204110622406,-3.1178717896505193,-61.0,-22.0,12,0,81.0592298592925,0.25770464861762354,0.0,139.76131004047662,17
386.510148352,16.976295471191406,0.5163188576698303,-3.120490415505902,-61.0,-22.0,12,0,81.16210489083439,0.26000962317265763,0.0,139.76131004047662,17
386.602787328,17.05220603942871,0.5201446413993835,-3.1203620097541256,-61.0,-22.0,12,0,81.23609900955967,0.25966722629799754,0.0,139.76131004047662,17
386.707107584,17.14346694946289,0.52334064245224,-3.120775297974729,-61.0,-22.0,12,0,81.32467215167695,0.25980718458221563,0.0,139.76131004047662,17
386.804907776,17.218887329101562,0.5270925164222717,-3.119964350695047,-61.0,-22.0,12,0,81.3981832244807,0.2587839106714709,0.0,139.76131004047662,17
386.905001984,17.31169319152832,0.5280265212059021,-3.1230952597339883,-61.0,-22.0,12,0,81.48762648073767,0.26161064267578693,0.0,139.76131004047662,17
387.055801856,17.390989303588867,0.5274881720542908,-3.1279682425803395,-61.0,-22.0,12,0,81.56368632754058,0.26620850885944325,0.0,139.76131004047662,17
387.156630016,17.485485076904297,0.5262736678123474,-3.126559617725102,-61.0,-22.0,12,0,81.65417547874783,0.26446595705954357,0.0,139.76131004047662,17
387.257248256,17.564701080322266,0.5258479714393616,-3.1234881741505562,-61.0,-22.0,12,0,81.7302030015391,0.26112211942183405,0.0,139.76131004047662,17
387.356482048,17.65965461730957,0.5243334174156189,-3.117700868797128,-61.0,-22.0,12,0,81.821066116333,0.2549971717379549,0.0,139.76131004047662,17
387.480016128,17.737607955932617,0.5239080786705017,-3.1157531781470866,-61.0,-22.0,12,0,81.8958933143692,0.25278245304254154,0.0,139.76131004047662,17
387.589543936,17.815019607543945,0.5210162997245789,-3.067066808656611,-61.0,-22.0,12,0,81.9695278192451,0.20380242733369602,0.0,139.76131004047662,17
387.711291136,17.912429809570312,0.5178443789482117,-2.998522703254916,-61.0,-22.0,12,0,82.06232323012121,0.13489502276040977,0.0,139.76131004047662,17
387.80394368,18.011699676513672,0.5145525336265564,-2.968627004590992,-61.0,-22.0,12,0,82.15688505269063,0.10462923857446205,0.0,139.76131004047662,17
387.907853824,18.091800689697266,0.5134503245353699,-2.9758452185851,-61.0,-22.0,12,0,82.23362075121172,0.11156762580094881,0.0,139.76131004047662,17
388.054111744,18.18637466430664,0.5112397074699402,-2.985461301101708,-61.0,-22.0,12,0,82.32398098757807,0.1208433690848052,0.0,139.76131004047662,17
388.16401664,18.281402587890625,0.509082019329071,-2.991699741050219,-61.0,-22.0,12,0,82.41480188446778,0.12674132957991313,0.0,139.76131004047662,17
388.259792128,18.362323760986328,0.5049936175346375,-2.971716193801616,-61.0,-22.0,12,0,82.49153393208839,0.10644218503877445,0.0,139.76131004047662,17
388.353546752,18.46040916442871,0.5035127997398376,-2.9691400335767546,-61.0,-22.0,12,0,82.58549941065006,0.10352475554521501,0.0,139.76131004047662,17
388.460022272,18.54141616821289,0.5028838515281677,-2.9691415809790356,-61.0,-22.0,12,0,82.66327278592475,0.10325195449198343,0.0,139.76131004047662,17
388.563136,18.621957778930664,0.502440869808197,-2.967482718996637,-61.0,-22.0,12,0,82.74065509559996,0.10132295239574374,0.0,139.76131004047662,17
388.70610432,18.719486236572266,0.5022324919700623,-2.9685285289710532,-61.0,-22.0,12,0,82.83445510743526,0.10204613445052413,0.0,139.76131004047662,17
388.80991104,18.816450119018555,0.502607524394989,-2.9690532505477996,-51.0,-18.0,13,1,72.22661000229212,0.08652303313304577,0.0,139.76131004047662,17
388.910612736,18.897367477416992,0.5023192763328552,-2.9689898128092613,-51.0,-18.0,13,0,72.30475640562264,0.08616905317574686,0.0,139.76131004047662,17
389.010814976,18.979562759399414,0.5017687678337097,-2.970803201177555,-51.0,-18.0,13,0,72.38407733428056,0.08768451109876185,0.0,139.76131004047662,17
389.111277824,19.07683753967285,0.5015818476676941,-2.9705990221484804,-51.0,-18.0,13,0,72.47807730912602,0.08713478370760974,0.0,139.76131004047662,17
389.234325504,19.156269073486328,0.5020647644996643,-2.9689734515194526,-51.0,-18.0,13,0,72.5550032104,0.08523618320576576,0.0,139.76131004047662,17
389.363725568,19.251930236816406,0.5017125010490417,-2.96984670660875,-51.0,-18.0,13,0,72.64741611007231,0.08576895922045802,0.0,139.76131004047662,17
389.45777408,19.346843719482422,0.5021890997886658,-2.9666552083454834,-51.0,-18.0,13,0,72.73932514656444,0.08225148170026886,0.0,139.76131004047662,17
389.570840064,19.44147300720215,0.5019403100013733,-2.966001245213229,-51.0,-18.0,13,0,72.83078274094851,0.0812637202642712,0.00010476832012859492,139.7613159633432,17
389.673787392,19.521310806274414,0.5015940070152283,-2.962185961485663,-51.0,-18.0,13,0,72.90791629607568,0.07716565591538727,0.015016834843232168,139.7620943276636,18
389.786976256,19.60427474975586,0.49970000982284546,-2.964777406834661,-51.0,-18.0,13,0,72.98768740953814,0.07944354870330761,0.019809724763035774,139.764065317023,18
389.890435328,19.701223373413086,0.5012723803520203,-2.9652942264220368,-51.0,-18.0,13,0,73.08187235005155,0.07964494268902778,0.021126840263605118,139.76618294653727,18
389.994830336,19.782758712768555,0.504161536693573,-2.9659142408925434,-51.0,-18.0,13,0,73.161485258065,0.08002102697065272,0.021126840263605118,139.7683884831956,18
390.11048704,19.88266372680664,0.5082085728645325,-2.965663100462262,-51.0,-18.0,13,0,73.25916872026467,0.07947841804384925,0.046409014612436295,139.772293970384,18
390.22700544,19.9830265045166,0.5114192366600037,-2.9626591253566055,-51.0,-18.0,13,0,73.35709027692069,0.07617114358064336,0.27209411453137183,139.79084970788543,18
390.338682112,20.062620162963867,0.5119749903678894,-2.963429886700558,-51.0,-18.0,13,0,73.43425088110918,0.07667571539033036,0.46341795513609474,139.83191947796357,18
390.458916608,20.146766662597656,0.5076386332511902,-2.9589335896315214,-51.0,-18.0,13,0,73.51459103008824,0.07183378996865075,0.5384779389897107,139.8921507019009,18
390.601048064,20.228322982788086,0.5036734938621521,-2.9553012704150254,-51.0,-18.0,13,0,73.59252630334029,0.06787032831900541,0.5417726039886475,139.96891949316006,18
390.710249472,20.298282623291016,0.5005164742469788,-2.952201869192133,-51.0,-18.0,13,0,73.6594475600012,0.06449063934712562,0.5417726039886475,140.02808182433145,18
390.809978112,20.380046844482422,0.49639302492141724,-2.937297100628591,-51.0,-18.0,13,0,73.73755923851064,0.0492532396697718,0.5417726039886475,140.0821120693165,18
390.91039488,20.485092163085938,0.49881595373153687,-2.9167351966964437,-51.0,-18.0,13,0,73.83985775483944,0.028366251212528226,0.5417726039886475,140.13651512319998,18
391.011659264,20.596736907958984,0.5025073885917664,-2.9007085406522624,-51.0,-18.0,13,0,73.94887095508889,0.012009688641433591,0.5417726039886475,140.19137739221097,18
391.141283584,20.752307891845703,0.5010074973106384,-2.8954884846383493,-51.0,-18.0,13,0,74.09912932161731,0.006244726128109335,0.5418969258080547,140.26161235516327,18
391.2433728,20.922901153564453,0.49349814653396606,-2.9116472334771437,-51.0,-18.0,13,0,74.26246147308382,0.021732003777469533,0.5732227928643291,140.31853320407595,18
391.356468992,21.067546844482422,0.48694974184036255,-2.919259035821119,-51.0,-18.0,13,0,74.40093157305895,0.028774417257899643,0.7092951642689911,140.39105715263764,18
391.484782592,21.219440460205078,0.4902617335319519,-2.889868059652459,-51.0,-18.0,13,0,74.54889240867112,0.0010797986751001076,0.7474641122121964,140.484518166187,18
391.598067968,21.383481979370117,0.4901767373085022,-2.870635594989021,-51.0,-18.0,13,0,74.7077981152885,0.020857980669449105,0.7477564811706543,140.56921147974919,18
391.682125824,21.551124572753906,0.4830535054206848,-2.881594729947178,-51.0,-18.0,13,0,74.86847763682323,0.0105452212298216,0.7477564811706543,140.6320662863665,18
391.795738112,21.748525619506836,0.47499948740005493,-2.886843899058961,-51.0,-18.0,13,0,75.0578016322852,0.00604930955844285,0.7477564811706543,140.7170206110591,18
391.882650624,21.88638687133789,0.4741138815879822,-2.869238076292097,-51.0,-18.0,13,0,75.19121142040616,0.024117846354757777,0.7477564811706543,140.78201000520195,18
392.006509568,21.99955940246582,0.4749097228050232,-2.832222246420609,-51.0,-18.0,13,0,75.30111527872566,0.061492694720609364,0.7477564811706543,140.8746263333289,18
392.107435008,22.110742568969727,0.4741418957710266,-2.8169985738625707,-51.0,-18.0,13,0,75.40871698796661,0.07708797983318227,0.7477564811706543,140.9500939852039,18
392.1920896,22.224964141845703,0.4761032462120056,-2.8086503619938306,-51.0,-18.0,13,0,75.51994282796613,0.08578154683050743,0.7477564811706543,141.01339500503275,18
392.310902016,22.36190414428711,0.4772711396217346,-2.804597759059506,-51.0,-18.0,13,0,75.65301400765648,0.09026202750857504,0.7477564811706543,141.1022377591403,18
392.3876416,22.477834701538086,0.478262722492218,-2.8101523913597592,-51.0,-18.0,13,0,75.76568079063237,0.0850684160243409,0.7680441783326457,141.16039871515892,18
392.51095808,22.590656280517578,0.4798813462257385,-2.817045007113387,-51.0,-18.0,13,0,75.87549476852104,0.07851775477144507,1.0,141.26941320743717,18
392.60163712,22.69481086730957,0.48198026418685913,-2.815194626356478,-51.0,-18.0,13,0,75.97702773374543,0.08067522429996021,1.0,141.36009224743717,18
392.711122944,22.806869506835938,0.48390811681747437,-2.7999116177383674,-51.0,-18.0,13,0,76.08619352859006,0.09629192235874706,1.0,141.46957807143716,18
392.810472192,22.890533447265625,0.4840971827507019,-2.775720070571467,-51.0,-18.0,13,0,76.167399731006,0.12074790545508618,1.0,141.56892731943717,18
392.952090624,22.967918395996094,0.48564833402633667,-2.7528396046574453,-51.0,-18.0,13,0,76.2428498035457,0.14385494718602176,1.0,141.71054575143714,18
393.04277376,23.060606002807617,0.4853358864784241,-2.774364834913322,-51.0,-18.0,13,0,76.33269944354798,0.12262809400493824,0.9902791556705731,141.80078812911296,18
393.130811392,23.13365364074707,0.4805404543876648,-2.8319665824654243,-51.0,-18.0,13,0,76.40241473679029,0.06531877820954746,0.6308835507935077,141.87214979199487,18
393.242807296,23.188793182373047,0.4782678484916687,-2.809120577889212,-51.0,-18.0,13,0,76.45536878818598,0.08836807142205849,0.4170520541652595,141.93083203970045,18
393.34690176,23.264747619628906,0.4763883948326111,-2.7833310385937726,-51.0,-18.0,13,0,76.52861992172525,0.11442131513740428,0.3632028285923805,141.97144214660244,18
393.466910208,23.347257614135742,0.47684401273727417,-2.7768616804272472,-51.0,-18.0,13,0,76.60880157928129,0.12114493049383723,0.36912675610762596,142.01538501504461,18
393.569935104,23.457576751708984,0.47864335775375366,-2.7649803593764024,-51.0,-18.0,13,0,76.71630202297091,0.13335031595003244,0.6613368345151737,142.06846671717247,18
393.690324992,23.556447982788086,0.4802470803260803,-2.753416161860528,-51.0,-18.0,13,0,76.81265174409803,0.14520429115898192,1.0,142.16847079489122,18
393.786166272,23.686410903930664,0.48265165090560913,-2.741041144237692,-51.0,-18.0,13,0,76.93938124107508,0.15795536657888043,1.0,142.26431207489122,18
393.898372096,23.817655563354492,0.47600215673446655,-2.766788755500952,-51.0,-18.0,13,0,77.06519473596629,0.13270062166402763,1.0,142.37651789889122,18
394.00199552,23.984506607055664,0.4773175120353699,-2.7566250556433136,-51.0,-18.0,13,0,77.22750477352058,0.1433657584947987,1.0,142.4801413228912,18
394.109534976,24.12572479248047,0.4802212119102478,-2.7340574793884977,-51.0,-18.0,13,0,77.36532234558744,0.16633362070252877,1.0,142.58768077889124,18
394.218448128,24.259994506835938,0.483482301235199,-2.7088237123187047,-51.0,-18.0,13,0,77.49648954081114,0.19194038871011898,1.0,142.6965939308912,18
394.36214656,24.417007446289062,0.4860498309135437,-2.674926970625005,-51.0,-18.0,13,0,77.64959143810506,0.22628729772576062,1.0,142.8402923628912,18
394.453683712,24.554208755493164,0.47886472940444946,-2.6747087916808603,-51.0,-18.0,13,0,77.78114747389799,0.2270151381287029,1.0,142.9318295148912,18
394.54032384,24.69216537475586,0.4719567894935608,-2.674332131593187,-51.0,-18.0,13,0,77.91352313143275,0.22789858085276826,1.0,143.0184696428912,18
394.650848256,24.841997146606445,0.47700709104537964,-2.7229206878020284,-51.0,-18.0,13,0,78.06028646007137,0.1797022371838839,1.0,143.12899405889124,18
394.756474624,24.953826904296875,0.4796749949455261,-2.7746983799653693,-51.0,-18.0,13,0,78.16957342423397,0.12823001185740335,1.0,143.23462042689124,18
394.875865856,25.071992874145508,0.4837716221809387,-2.8449660801841157,-51.0,-18.0,13,0,78.28536206229737,0.05826830134768901,1.0,143.35401165889124,18
394.976396544,25.16239356994629,0.4823421835899353,-2.917515115797381,-51.0,-18.0,13,0,78.37287264669264,0.013990668099797432,1.0,143.45454234689123,18
395.08315648,25.248279571533203,0.47934097051620483,-2.9885951968795594,-51.0,-18.0,13,0,78.45563192227367,0.08477541414723655,1.0,143.56130228289123,18
395.186895104,25.346200942993164,0.4768173098564148,-3.1006358567636005,-51.0,-18.0,13,0,78.55020799673098,0.19649122531006213,1.0,143.6650409068912,18
395.310528,25.413772583007812,0.4744688868522644,3.117495281144251,-51.0,-18.0,13,0,78.61533337090741,0.2613141809705297,1.0,143.7886738028912,18
395.412009216,25.46021270751953,0.47292786836624146,3.1207161433620505,-51.0,-18.0,13,0,78.660111818564,0.25793553594426744,1.0,143.89015501889122,18
395.55407232,25.509851455688477,0.47134488821029663,3.1107343198815633,-51.0,-18.0,13,0,78.7079916638122,0.26774970025234257,1.0,144.0322181228912,18
395.663825152,25.549842834472656,0.4689728617668152,3.1067111272458723,-51.0,-18.0,13,0,78.74631036785878,0.27162442833528555,1.0,144.14197095489124,18
395.808004352,25.58619499206543,0.46591728925704956,3.108956342433274,-51.0,-18.0,13,0,78.78093274832655,0.2692332858020823,1.0,144.28615015489123,18
395.881803008,25.597885131835938,0.46611160039901733,3.1048619170610445,-51.0,-18.0,13,0,78.79234280251048,0.2732953321216085,1.0,144.35994881089124,18
396.0026304,25.58547592163086,0.46583956480026245,3.104540143819405,-51.0,-18.0,13,0,78.78021549206147,0.27365066476200006,1.0,144.4807762028912,18
396.11035776,25.572969436645508,0.4672796130180359,3.1028998018437135,-51.0,-18.0,13,0,78.7683950874387,0.2753459959423843,1.0,144.58850356289122,18
396.20994688,25.564199447631836,0.4678589701652527,3.0939183941673627,-51.0,-18.0,13,0,78.76000540882828,0.2843606608098632,1.0,144.68809268289124,18
396.305675776,25.556293487548828,0.46834224462509155,3.096693787509761,-51.0,-18.0,13,0,78.7524332183858,0.28161477273740765,1.0,144.7838215788912,18
396.412330752,25.54689598083496,0.4685456156730652,3.094240925243638,-51.0,-18.0,13,0,78.74334550588364,0.2840981330986061,1.0,144.89047655489122,18
396.512709888,25.538345336914062,0.4686693549156189,3.1072839866506605,-51.0,-18.0,13,0,78.73506242236628,0.271082070648367,1.0,144.99085569089124,18
396.650983936,25.53809928894043,0.4686669707298279,3.1156863441697498,-51.0,-18.0,13,0,78.73482267992625,0.2626804167205865,1.0,145.1291297388912,18
396.75306368,25.54383659362793,0.4686223864555359,3.1093250565491504,-51.0,-18.0,13,0,78.74038946643267,0.2690240624645881,1.0,145.23120948289124,18
396.819325696,25.548023223876953,0.46838778257369995,3.096877296757545,-51.0,-18.0,13,0,78.74440428862691,0.28145645561674826,0.8450264144734468,145.29233706778936,18
396.92170496,25.56267547607422,0.468525230884552,3.125650363092141,-51.0,-18.0,13,0,78.75868015817987,0.252641452771039,0.14551835297408797,145.3430426899145,18
397.036192512,25.637510299682617,0.46696072816848755,-3.0844355228315083,-51.0,-18.0,13,0,78.83106382302395,0.1793001309307236,0.018221215564213994,145.35241576109826,18
397.170436352,25.746906280517578,0.46451514959335327,-3.0450640353392675,-51.0,-18.0,13,0,78.93684781735404,0.1395738709110299,0.01245315745472908,145.3544746839101,18
397.253915392,25.846731185913086,0.46150630712509155,-3.0774773916773634,-51.0,-18.0,13,0,79.03320383919664,0.1716547604723635,0.16297791082259488,145.36179709249308,18
397.353824,25.948307037353516,0.45817846059799194,3.100665948842741,-51.0,-18.0,13,0,79.1311968063046,0.27635598838637065,0.9998072385787964,145.41988321533293,18
397.46701568,26.05233383178711,0.4568268656730652,3.017109196129876,-51.0,-18.0,13,0,79.23204280387195,0.35958989637005345,0.9998072385787964,145.53305307634383,18
397.584530944,26.12279510498047,0.4565386176109314,3.0489055437069377,-51.0,-18.0,13,0,79.30050026669544,0.32758303277985057,0.9998072385787964,145.65054568793454,18
397.709719552,26.18866539001465,0.45625823736190796,3.0901045155106357,-51.0,-18.0,13,0,79.36449793714968,0.2861874560999773,0.9998072385787964,145.77571016440058,18
397.786706176,26.251909255981445,0.4560636878013611,3.0682932581592803,-51.0,-18.0,13,0,79.42596408317982,0.30781116001845543,0.9998072385787964,145.8526819483495,18
397.891411712,26.311599731445312,0.4555057883262634,3.0442669785348673,-51.0,-18.0,13,0,79.48389237410407,0.33165610990275773,0.9998072385787964,145.95736730116155,18
398.002360832,26.3780517578125,0.4553212523460388,3.050722303293543,-51.0,-18.0,13,0,79.54848695205966,0.32500456385757737,0.9998072385787964,146.06829503445155,18
398.11002752,26.430774688720703,0.45436757802963257,3.058045274405426,-51.0,-18.0,13,0,79.5995512022553,0.31751627244435454,0.9998072385787964,146.17594096846776,18
398.209999616,26.48160743713379,0.4534373879432678,3.0605195910968486,-51.0,-18.0,13,0,79.64878431258602,0.3148826323499456,0.9998072385787964,146.27589379370443,18
398.305989376,26.540674209594727,0.4532521367073059,3.049118849950121,-51.0,-18.0,13,0,79.7062022135003,0.3261094208795745,0.8775862332740632,146.3659990680988,18
398.420502528,26.590965270996094,0.4520096182823181,3.037652682157915,-51.0,-18.0,13,0,79.7548402959852,0.3374144455949306,0.4123345733045959,146.43985551679464,18
398.522494464,26.655433654785156,0.4480805993080139,3.0634546663186173,-51.0,-18.0,13,0,79.81665273557458,0.31137770131207176,0.8586416288850305,146.50467017853026,18
398.657887232,26.741628646850586,0.44142264127731323,3.0997225602241394,-51.0,-18.0,13,0,79.89897930323663,0.2747793902970823,1.0,146.63049349595767,18
398.769006848,26.82981300354004,0.44037002325057983,3.1138555347847627,-51.0,-18.0,13,0,79.98454249891293,0.260379139582966,1.0,146.74161311195766,18
398.879008256,26.919898986816406,0.44072669744491577,3.0065321871542006,-51.0,-18.0,13,0,80.07228646195593,0.36744744037624244,1.0,146.85161451995768,18
398.97916672,27.00020408630371,0.4416237473487854,2.90971077855181,-51.0,-18.0,13,0,80.15064144436904,0.4640489953768805,1.0,146.95177298395768,18
399.081040128,27.0596866607666,0.4424521327018738,2.8714015847186674,-51.0,-18.0,13,0,80.20871973946514,0.5021976080450807,1.0,147.05364639195764,18
399.154265344,27.09471893310547,0.444166362285614,2.8018397836131133,-51.0,-18.0,13,0,80.24320780004005,0.5716798174059914,1.0,147.12687160795767,18
399.25815936,27.098644256591797,0.4446637034416199,2.710188652285924,-51.0,-18.0,13,0,80.24714234071351,0.6633257370388144,1.0,147.23076562395764,18
399.362248448,27.08797836303711,0.4443071484565735,2.4765045710170104,-51.0,-18.0,13,0,80.23668008468918,0.8970360473093262,1.0,147.33485471195766,18
399.4801408,27.071014404296875,0.44422608613967896,2.022146303095779,-51.0,-18.0,13,0,80.2201518699171,1.3514419426327358,1.0,147.45274706395767,18
399.583877376,27.051149368286133,0.44458192586898804,1.332364374437795,-51.0,-18.0,13,0,80.20090099325945,2.041285138406181,1.0,147.55648363995763,18
399.683925248,27.0311336517334,0.44467347860336304,0.8060922640642629,-51.0,-18.0,13,0,80.18144298219492,2.5676157699001934,1.0,147.65653151195764,18
399.786257664,27.013042449951172,0.4445425868034363,0.5627940712160358,-51.0,-18.0,13,0,80.16380694262399,2.8109642879354837,1.0,147.75886392795766,18
399.896875776,26.993621826171875,0.4448471665382385,0.4139195536459358,-51.0,-18.0,13,0,80.14497758787427,2.9598982579528936,1.0,147.86948203995766,18
400.010758912,26.982933044433594,0.4446670413017273,0.3314728277875456,-51.0,-18.0,13,0,80.13453430623463,3.042373494163055,1.0,147.98336517595763,18
400.163033344,26.977128982543945,0.44493573904037476,0.27668215876534336,-51.0,-18.0,13,0,80.12894794503185,3.097184098695994,1.0,148.13563960795764,18
400.25009536,26.97319793701172,0.44501107931137085,0.2541022333225745,-51.0,-18.0,13,0,80.12513981417024,3.1197762326295457,1.0,148.22270162395765,18
400.350217472,26.9715633392334,0.44439464807510376,0.22570709800204158,-51.0,-18.0,13,0,80.12340721348555,3.13501672976252,1.0,148.32282373595766,18
400.46453248,26.963014602661133,0.44487887620925903,0.21883801875786985,-51.0,-18.0,13,0,80.11519957344414,3.128117205095823,1.0,148.43713874395766,18
400.611064064,26.95222282409668,0.44528907537460327,0.1963310883248684,-51.0,-18.0,13,0,80.10479219305017,3.105574274756133,1.0,148.58367032795766,18
400.69998336,26.94386863708496,0.4450504183769226,0.16263704631915918,-51.0,-18.0,13,0,80.09660756269034,3.071859115391874,1.0,148.67258962395763,18
400.799498496,26.937498092651367,0.4447196125984192,0.15498434600179012,-51.0,-18.0,13,0,80.09033206654476,3.064192117140393,1.0,148.77210475995767,18
400.899296512,26.93088150024414,0.4443240761756897,0.15107855968426112,-51.0,-18.0,13,0,80.08380224509878,3.0602721095958936,1.0,148.87190277595764,18
401.001224192,26.927257537841797,0.4442136883735657,0.1437939368535815,-51.0,-18.0,13,0,80.08025028651889,3.052978405566199,1.0,148.97383045595765,18
401.111991552,26.925474166870117,0.44482988119125366,0.12737048221075478,-51.0,-18.0,13,0,80.07865679116769,3.036542333639936,1.0,149.08459781595766,18
401.251945472,26.921314239501953,0.4452299475669861,0.12192378019181904,-51.0,-18.0,13,0,80.07470087755453,3.031078803814449,1.0,149.22455173595765,18
401.353693952,26.914794921875,0.4452361464500427,0.11450460728512475,-51.0,-18.0,13,0,80.06835832097562,3.0236408000128994,1.0,149.32630021595767,18
401.454565376,26.90859031677246,0.44534391164779663,0.10879839388966851,-51.0,-18.0,13,0,80.06234543882445,3.0179154238898356,1.0,149.42717163995766,18
401.555114496,26.89678955078125,0.44416946172714233,0.10890983974536084,-51.0,-18.0,13,0,80.05059156215906,3.018007183569978,1.0,149.52772075995765,18
401.660044032,26.88775634765625,0.44433826208114624,0.10210214592024923,-51.0,-18.0,13,0,80.04184032615653,3.0111714348351715,1.0,149.63265029595763,18
401.79360384,26.878007888793945,0.44436949491500854,0.09243517116316362,-51.0,-18.0,13,0,80.03236144705467,3.0014760120127897,1.0,149.76621010395766,18
401.905841664,26.870744705200195,0.44468921422958374,0.09452103541599058,-51.0,-18.0,13,0,80.0253674852667,3.003537071676636,1.0,149.87844792795764,18
401.998612224,26.863605499267578,0.44383901357650757,0.09120810682458415,-51.0,-18.0,13,0,80.01822454231473,3.0002139182392624,1.0,149.97121848795766,18
402.090903296,26.862171173095703,0.44421547651290894,0.08460479914619629,-51.0,-18.0,13,0,80.01691561371567,2.9936019007554413,1.0,150.06350955995768,18
402.202284288,26.86602210998535,0.44474858045578003,0.0857873438751313,-51.0,-18.0,13,0,80.02078573363893,2.9947890556364056,1.0,150.17489055195765,18
402.3146368,26.865385055541992,0.44513922929763794,0.09102486630627739,-51.0,-18.0,13,0,80.02025587959587,3.0000199926057727,1.0,150.28724306395767,18
402.463031296,26.834867477416992,0.4445742964744568,0.08617275546480155,-51.0,-18.0,13,0,79.99043015389549,2.9950868125490993,1.0,150.43563755995766,18
402.553140224,26.7840518951416,0.4433831572532654,0.07819815479294802,-51.0,-18.0,13,0,79.94070997627765,2.986980135763761,1.0,150.52574648795766,18
402.665955584,26.726770401000977,0.4411270022392273,0.07014869051319064,-51.0,-18.0,13,0,79.88445407012955,2.978792718318827,1.0,150.63856184795767,18
402.770957056,26.682918548583984,0.4397048354148865,0.06549134724070109,-51.0,-18.0,13,0,79.84145883338529,2.974025916415464,1.0,150.74356331995764,18
402.849664256,26.654224395751953,0.4400114417076111,0.06192148077931627,-51.0,-18.0,13,0,79.81361154888373,2.970369280961474,0.11258599162101746,150.7873475840375,18
402.946957056,26.657804489135742,0.4406331181526184,0.061488315471555866,-51.0,-18.0,13,0,79.817238412959,2.969938900545803,0.017166990579712254,150.79365959951082,18
403.051895808,26.71092987060547,0.44092434644699097,0.05943663540716643,-51.0,-18.0,13,0,79.8689946857073,2.968037347719664,0.0044706920710605395,150.79479491521758,18
403.179558144,26.79108238220215,0.44151586294174194,0.05773945834257185,-51.0,-18.0,13,0,79.94712005768372,2.966564454555721,0.0,150.79508028471423,18
403.287577344,26.889467239379883,0.44113725423812866,0.051023811633693045,-51.0,-18.0,13,0,80.04276763121126,2.960136940980852,0.0,150.79508028471423,18
403.386255872,26.97075653076172,0.44140905141830444,0.04883285867881237,-51.0,-18.0,13,0,80.12193483548094,2.958176434782456,0.012095085132113959,150.79567704731267,18
403.48286208,27.053903579711914,0.44152969121932983,0.05053251519723651,-51.0,-18.0,13,0,80.20287950805188,2.9601132435004534,0.7197279230945826,150.83102637018865,18
403.586283776,27.120925903320312,0.44193214178085327,0.05356357470939146,-51.0,-18.0,13,0,80.26819996184113,2.963331415445924,1.0,150.91995495942115,18
403.706667776,27.16230583190918,0.44255000352859497,0.05570453879479308,-51.0,-18.0,13,0,80.30861537589573,2.965583275066665,1.0,151.04033895942115,18
403.79449088,27.179336547851562,0.44247597455978394,0.055963963189636985,-51.0,-18.0,13,0,80.3251740311495,2.96589228647886,1.0,151.12816206342114,18
403.909947392,27.17214584350586,0.4424317479133606,0.05394032272546492,-51.0,-18.0,13,0,80.31816528379363,2.963848626582182,1.0,151.24361857542112,18
404.010252544,27.157194137573242,0.44278424978256226,0.0553971278171598,-51.0,-18.0,13,0,80.3036941014692,2.9652584070358974,1.0,151.34392372742116,18
404.098308864,27.1370849609375,0.44191068410873413,0.05577357612345235,-51.0,-18.0,13,0,80.28392190142064,2.9655879204450692,1.0,151.43198004742112,18
404.211129088,27.11750030517578,0.44137197732925415,0.05270362772349812,-51.0,-18.0,13,0,80.2647373030982,2.9624684551170413,1.0,151.54480027142114,18
404.35445888,27.09282875061035,0.4408954977989197,0.05444596779155794,-51.0,-18.0,13,0,80.24061645471635,2.964145931208034,0.9991526689635978,151.6880693395305,18
404.435545856,27.071775436401367,0.4404546618461609,0.0510082006995123,-51.0,-18.0,13,0,80.22002547947419,2.9606531973455468,0.2974537552813628,151.7406382865326,18
404.538988288,27.08635902404785,0.44362980127334595,0.05503073634576954,-51.0,-18.0,13,0,80.23494840703094,2.9646790017526508,0.1125048118064036,151.761841842132,18
404.658751744,27.149011611938477,0.44759589433670044,0.05594824677982844,-51.0,-18.0,13,0,80.29683561762346,2.9657278010664245,0.16573693170425471,151.77850343853515,18
404.772891904,27.234230041503906,0.44516247510910034,0.05834591599218458,-51.0,-18.0,13,0,80.37921851399231,2.9683985088162026,0.08265549885725629,151.79267921441868,18
404.882881536,27.323699951171875,0.4444834589958191,0.05558120889530942,-51.0,-18.0,13,0,80.4661478145336,2.965897169130529,0.3191399913273833,151.81477588347101,18
405.01135744,27.38302993774414,0.4431535601615906,0.05502692766310275,-51.0,-18.0,13,0,80.52359465066742,2.965527853978352,1.0,151.89951473491516,18
405.110338048,27.421218872070312,0.4428190588951111,0.052032626091272155,-51.0,-18.0,13,0,80.56069230226551,2.96264616832919,1.0,151.9984953429152,18
405.193092352,27.44430160522461,0.4421079754829407,0.051475923947709015,-51.0,-18.0,13,0,80.58299945342576,2.962163632526401,1.0,152.08124964691518,18
405.309861888,27.463329315185547,0.4419781565666199,0.0494697252690256,-51.0,-18.0,13,0,80.60149257644387,2.9602130286928006,0.9930091181671268,152.19761102190125,18
405.410726144,27.482593536376953,0.44176608324050903,0.05096522863500323,-51.0,-18.0,13,0,80.62019737302259,2.9617657656892598,0.09728792718972049,152.25259702205074,18
405.513950208,27.544597625732422,0.44389480352401733,0.04955893336432792,-51.0,-18.0,13,0,80.68104530626553,2.960509580981282,0.0,152.25761824966207,18
405.626819072,27.618743896484375,0.44574111700057983,0.054071686269570915,-51.0,-18.0,13,0,80.75365166490246,2.965209973770269,0.0,152.25761824966207,18
405.77608832,27.710453033447266,0.4483681321144104,0.056740913777877613,-51.0,-18.0,13,0,80.84353841506767,2.9681066854851266,0.0,152.25761824966207,18
405.853527808,27.787967681884766,0.4492095112800598,0.055293614713114975,-51.0,-18.0,13,0,80.91920157189408,2.9668678603227066,0.0,152.25761824966207,18
405.980553728,27.881881713867188,0.4484943747520447,0.05242472299421688,-51.0,-18.0,13,0,81.01048208359084,2.9642718749337744,0.0,152.25761824966207,18
406.083855872,27.977474212646484,0.4473225474357605,0.046815793529824665,-51.0,-18.0,13,0,81.10329920649573,2.958945428306811,0.0007023925193628986,152.25765452898867,18
406.17075584,28.06053924560547,0.4445804953575134,0.03140761106056943,-51.0,-18.0,13,0,81.18356616616225,2.9438028624954797,0.6851105787829923,152.28745309161874,18
406.308417792,28.146469116210938,0.4381714463233948,-0.0032138483580466883,-51.0,-18.0,13,0,81.26579686342433,2.9094984413585965,1.0,152.40344089742428,18
406.382958848,28.236270904541016,0.43433433771133423,-0.009579641923208905,-51.0,-18.0,13,0,81.35238969650699,2.9034290363830624,1.0,152.47798195342426,18
406.483696896,28.326061248779297,0.4320666193962097,-0.00831259613630689,-51.0,-18.0,13,0,81.43933369758709,2.9049730379469847,1.0,152.5787200014243,18
406.584088832,28.415721893310547,0.4290148615837097,-0.008756019019357051,-51.0,-18.0,13,0,81.52598035352975,2.9048149885592873,1.0,152.6791119374243,18
406.680834304,28.504451751708984,0.426846444606781,-0.005861156420603976,-51.0,-18.0,13,0,81.61192632350335,2.907981499522366,1.0,152.77585740942425,18
406.810799104,28.60723114013672,0.4230279326438904,-0.0071199829761794875,-51.0,-18.0,13,0,81.71119389659002,2.9070522003238004,1.0,152.9058222094243,18
406.952073984,28.68825912475586,0.42030006647109985,-0.008993041176970688,-51.0,-18.0,13,0,81.78952314858591,2.905435001485375,1.0,153.04709708942426,18
407.03425408,28.74862289428711,0.42016714811325073,-0.011454068307065132,-51.0,-18.0,13,0,81.84830732091926,2.903141655080698,1.0,153.12927718542426,18
407.138009344,28.789302825927734,0.4212542176246643,-0.008955298075875182,-51.0,-18.0,13,0,81.88818872339255,2.905739291075229,1.0,153.2330324494243,18
407.2426112,28.809215545654297,0.4217206835746765,-0.00948409085190007,-51.0,-18.0,13,0,81.90769609112657,2.9052596387301297,1.0,153.33763430542427,18
407.37916544,28.808135986328125,0.42210763692855835,-0.012534381523127042,-51.0,-18.0,13,0,81.9067312215475,2.9022017804093694,1.0,153.47418854542428,18
407.476052224,28.79186248779297,0.4216333031654358,-0.011603219282103954,-51.0,-18.0,13,0,81.8907680561561,2.9030938908198833,1.0,153.57107532942427,18
407.565131264,28.762863159179688,0.4212237000465393,-0.011877146554796103,-51.0,-18.0,13,0,81.86242008368176,2.9027451501929864,1.0,153.66015436942428,18
407.66972672,28.72213363647461,0.42172497510910034,-0.023435019894336426,-51.0,-18.0,13,0,81.8228485363989,2.891069294582064,1.0,153.7647498254243,18
407.787206656,28.716320037841797,0.42274385690689087,-0.024573553171655976,-51.0,-18.0,13,0,81.81741362077402,2.889902630302582,1.0,153.8822297614243,18
407.874893312,28.72457504272461,0.4236606955528259,-0.02366289424444663,-51.0,-18.0,13,0,81.82566308419312,2.8908250884263182,1.0,153.96991641742426,18
408.000370176,28.752521514892578,0.42382556200027466,-0.0142614078881755,-51.0,-18.0,13,0,81.85292930813422,2.900301486266387,1.0,154.09539328142426,18
408.092531968,28.769222259521484,0.4218868613243103,-0.003601119170570309,-51.0,-18.0,13,0,81.86876532243767,2.9110307638208486,1.0,154.18755507342428,18
408.193682944,28.763992309570312,0.4229770302772522,-0.004707612920912791,-51.0,-18.0,13,0,81.86391483321155,2.9098969193087165,1.0,154.28870604942426,18
408.309979904,28.748180389404297,0.4237951636314392,-0.005201252722984317,-51.0,-18.0,13,0,81.84869274247707,2.9093500651717887,1.0,154.40500300942426,18
408.410687744,28.738609313964844,0.4233546853065491,-0.006361251188762578,-51.0,-18.0,13,0,81.83926816135227,2.9081689859395436,1.0,154.50571084942425,18
408.528896256,28.72856903076172,0.4229133725166321,-0.004916243285682778,-51.0,-18.0,13,0,81.82938626694073,2.909591627226682,1.0,154.62391936142427,18
408.630001152,28.720394134521484,0.42371588945388794,-0.0060973576707962045,-51.0,-18.0,13,0,81.82160196512143,2.9083784626930123,1.0,154.72502425742425,18
408.730991104,28.71399688720703,0.4240531325340271,-0.004451650215764688,-51.0,-18.0,13,0,81.81544495731896,2.910002547745364,1.0,154.82601420942427,18
408.830589696,28.706771850585938,0.4238967299461365,-0.0054234964151129465,-51.0,-18.0,13,0,81.80837029031369,2.909012676207524,1.0,154.92561280142428,18
408.939737856,28.700641632080078,0.42358094453811646,-0.006936401629366752,-51.0,-18.0,13,0,81.80232644237695,2.9074866552179053,1.0,155.0347609614243,18
409.042329344,28.691287994384766,0.4240400195121765,-0.005782570826573126,-51.0,-18.0,13,0,81.79331655364366,2.9086092620323147,1.0,155.13735244942427,18
409.162404864,28.66854476928711,0.42419499158859253,-0.007190575464763633,-51.0,-18.0,13,0,81.77119289055274,2.907136761240619,1.0,155.25742796942427,18
409.285460224,28.6409912109375,0.42507821321487427,-0.006291118739112227,-51.0,-18.0,13,0,81.74454714672844,2.9079497447580813,1.0,155.3804833294243,18
409.371061248,28.59743881225586,0.42489713430404663,-0.006555257693993893,-51.0,-18.0,13,0,81.70207524830995,2.907567613506617,1.0,155.46608435342426,18
409.497703168,28.547870635986328,0.42607277631759644,-0.008428274641674515,-51.0,-18.0,13,0,81.65404999556219,2.9055436715757295,1.0,155.59272627342426,18
409.610087936,28.504981994628906,0.4251694083213806,-0.009177313570331953,-51.0,-18.0,13,0,81.61206424108882,2.9046868275724633,1.0,155.7051110414243,18
409.710930944,28.459796905517578,0.42570680379867554,-0.008968913486911274,-51.0,-18.0,13,0,81.56816778306138,2.904763745671552,1.0,155.80595404942426,18
409.811004416,28.40838623046875,0.42531436681747437,-0.010754480535952382,-51.0,-18.0,13,0,81.51799809393843,2.9028404049196794,1.0,155.90602752142428,18
409.963076096,28.361557006835938,0.4254993796348572,-0.009898470027123445,-51.0,-18.0,13,0,81.47242329732309,2.9035642858109476,1.0,156.05809920142428,18
410.074250752,28.323711395263672,0.4262920022010803,-0.009084592204253495,-51.0,-18.0,13,0,81.43573801758944,2.90426358115271,1.0,156.1692738574243,18
410.182118912,28.27587127685547,0.4271792769432068,-0.007635186412892854,-51.0,-18.0,13,0,81.38934022836875,2.9055693692949873,1.0,156.2771420174243,18
410.276729344,28.24195098876953,0.4281901717185974,-0.005077516133109592,-51.0,-18.0,13,0,81.35653009753783,2.9080205396863286,1.0,156.37175244942426,18
410.386395648,28.211471557617188,0.42960864305496216,-0.003555254639501279,-51.0,-18.0,13,0,81.32716459498242,2.90944092199802,1.0,156.4814187534243,18
410.487970816,28.179214477539062,0.42994993925094604,-0.004354027301910456,-51.0,-18.0,13,0,81.2958243702801,2.9085481442836962,1.0,156.58299392142425,18
410.588132352,28.145305633544922,0.43027132749557495,-0.004394608862014406,-51.0,-18.0,13,0,81.26287162679118,2.908409113909126,1.0,156.68315545742428,18
410.682720768,28.10936737060547,0.4305693507194519,-0.004011475842869494,-51.0,-18.0,13,0,81.22793788081226,2.9086883296049373,1.0,156.7777438734243,18
410.801207296,28.061973571777344,0.4304584860801697,-0.004993098433194901,-51.0,-18.0,13,0,81.18175574026189,2.9075755734764526,1.0,156.89623040142425,18
410.893972992,28.020816802978516,0.4313792586326599,-0.005400781643988202,-51.0,-18.0,13,0,81.14188332535451,2.9070416862490354,1.0,156.98899609742426,18
410.993667584,27.978527069091797,0.43144410848617554,-0.004574400085068631,-51.0,-18.0,13,0,81.10071436138843,2.9077488423725684,1.0,157.08869068942425,18
411.079929856,27.933788299560547,0.43156057596206665,-0.0037719908308485608,-51.0,-18.0,13,0,81.0571734060916,2.9084244149055,1.0,157.17495296142425,18
411.187599104,27.88717269897461,0.4323238730430603,-0.0035252647720774902,-51.0,-18.0,13,0,81.0119533143017,2.908531122049383,1.0,157.2826222094243,18
411.31004544,27.84121322631836,0.43250972032546997,-0.004751916541699052,-51.0,-18.0,13,0,80.9672422501081,2.9071730844678965,1.0,157.40506854542429,18
411.388552192,27.782997131347656,0.43408578634262085,-0.007593932238120096,-51.0,-18.0,13,0,80.91091493597247,2.9041483022818997,1.0,157.4835752974243,18
411.497770496,27.729217529296875,0.43680626153945923,-0.008194904838625111,-51.0,-18.0,13,0,80.85917089545802,2.903363038453463,1.0,157.59279360142426,18
411.613272576,27.67702865600586,0.43848520517349243,-0.005857130273748148,-51.0,-18.0,13,0,80.80874070791704,2.905533326537007,1.0,157.70829568142426,18
411.709867264,27.66421890258789,0.43700212240219116,-0.005302061484755872,-51.0,-18.0,13,0,80.79593048424982,2.906070091208254,1.0,157.8048903694243,18
411.851999488,27.668869018554688,0.435871422290802,-0.007894352645789977,-51.0,-18.0,13,0,80.80019992399619,2.9035045572592972,1.0,157.94702259342426,18
411.925380352,27.66522216796875,0.43485814332962036,-0.0068894494743015405,-51.0,-18.0,13,0,80.79641807345527,2.9045113721863425,1.0,158.02040345742427,18
412.073983232,27.664581298828125,0.4341709017753601,-0.007645169456606545,-51.0,-18.0,13,0,80.79563730645239,2.9037621239703078,1.0,158.16900633742426,18
412.15572096,27.658809661865234,0.4336649775505066,-0.008027098339324168,-51.0,-18.0,13,0,80.78990247503778,2.903369992511719,1.0,158.25074406542427,18
412.2907968,27.652084350585938,0.43508380651474,-0.008288293898092255,-51.0,-18.0,13,0,80.7836783493108,2.9030727017512157,0.0,158.31828198542428,18
412.397907712,27.6519775390625,0.4346986413002014,-0.006882383397231316,-51.0,-18.0,13,0,80.78348646103824,2.904482952586611,0.0,158.31828198542428,18
412.509928192,27.663066864013672,0.4337034821510315,-0.006525759757224392,-51.0,-18.0,13,0,80.79405617073667,2.9048828897175167,0.0,158.31828198542428,18
412.610109696,27.68225860595703,0.431976854801178,-0.006307959033890144,-51.0,-18.0,13,0,80.81234800518189,2.905175676638093,0.0,158.31828198542428,18
412.710316288,27.702503204345703,0.4329614043235779,-0.0021309726214034474,-51.0,-18.0,13,0,80.832283629521,2.9093979279349966,0.0,158.31828198542428,18
412.858843904,27.724285125732422,0.43398672342300415,-0.0017734086767163177,-51.0,-18.0,13,0,80.85372554852962,2.9098045785075195,0.0,158.31828198542428,18
412.944102656,27.741058349609375,0.4338662028312683,0.0013779253801059633,-51.0,-18.0,13,0,80.87002963521451,2.913004651312577,0.0,158.31828198542428,18
413.057510144,27.762489318847656,0.4339908957481384,0.002223616864829181,-51.0,-18.0,13,0,80.89092497954339,2.913909232691924,0.0,158.31828198542428,18
413.162601472,27.784156799316406,0.4326903223991394,0.0022113550575277624,-51.0,-18.0,13,0,80.91172619034117,2.9139736481441827,0.0,158.31828198542428,18
413.261527808,27.80255126953125,0.43096035718917847,0.0011636597548879105,-51.0,-18.0,13,0,80.92924308477981,2.912998546666724,0.0,158.31828198542428,18
413.385544704,27.82003402709961,0.42951351404190063,0.0018443841819654125,-51.0,-18.0,13,0,80.94593709629528,2.913745863376002,0.0,158.31828198542428,18
413.509914112,27.8385009765625,0.4288354516029358,0.0006022175354754547,-51.0,-18.0,13,0,80.96376481077016,2.9125637822585526,0.0,158.31828198542428,18
413.595658496,27.859237670898438,0.42720693349838257,0.0015407458184927456,-51.0,-18.0,13,0,80.98358674080333,2.9135801759686566,0.0,158.31828198542428,18
413.765043712,27.88426971435547,0.42523735761642456,0.0014682029715431943,-51.0,-18.0,13,0,81.0075143431255,2.9136016214859497,0.0,158.31828198542428,18
413.893046016,27.90536117553711,0.423576295375824,0.0021266984792119165,-51.0,-18.0,13,0,81.02767543101241,2.9143392849841945,0.0,158.31828198542428,18
413.97088512,27.929656982421875,0.4231324791908264,-0.0034175328049288432,-51.0,-18.0,13,0,81.05123417757804,2.908868543305676,0.0,158.31828198542428,18
414.106862592,27.94550323486328,0.4242522120475769,0.001445363355042057,-51.0,-18.0,13,0,81.06692019917217,2.9137624196326515,0.0,158.31828198542428,18
414.2071872,27.968788146972656,0.42495959997177124,-0.0016267577750506458,-51.0,-18.0,13,0,81.08975667531652,2.910747064430079,0.0,158.31828198542428,18
414.309860096,27.989826202392578,0.42575401067733765,-1.820729613246223e-05,-51.0,-18.0,13,0,81.11042506574711,2.912405011377683,0.0,158.31828198542428,18
414.421286144,28.007369995117188,0.42614322900772095,0.0012181340487770647,-51.0,-18.0,13,0,81.12759868159078,2.9136858056483095,0.0,158.31828198542428,18
414.523638272,28.025676727294922,0.4270017743110657,0.0007387889015056867,-51.0,-18.0,13,0,81.14562204208792,2.9132473969957116,0.0,158.31828198542428,18
414.667169792,28.046478271484375,0.42796188592910767,0.0016307313262934975,-51.0,-18.0,13,0,81.16609825779176,2.9141860178069896,0.0,158.31828198542428,18
414.789044736,28.067340850830078,0.4289824366569519,0.0017767154182965438,-51.0,-18.0,13,0,81.18664781152104,2.91437810237822,0.0,158.31828198542428,18
414.870732288,28.087764739990234,0.42999953031539917,0.00223819627813991,-51.0,-18.0,13,0,81.20676951003203,2.914884475828805,0.0,158.31828198542428,18
414.97337856,28.104782104492188,0.4315086007118225,0.002323778127728414,-51.0,-18.0,13,0,81.22368534545389,2.914999512435079,0.0,158.31828198542428,18
415.110114816,28.12497329711914,0.4326995015144348,0.0025421585901311628,-51.0,-18.0,13,0,81.2436201198774,2.915260013240182,0.0,158.31828198542428,18
415.21231616,28.141834259033203,0.43377941846847534,0.002625621418744441,-51.0,-18.0,13,0,81.26028644752019,2.9153776094746613,0.0,158.31828198542428,18
415.3119616,28.162120819091797,0.4352249503135681,0.0027004796986734745,-51.0,-18.0,13,0,81.28037211741314,2.9154917654358816,0.0,158.31828198542428,18
415.426528768,28.178874969482422,0.4362751841545105,0.0029801668843526573,-51.0,-18.0,13,0,81.29692788844362,2.915805613200159,0.0,158.31828198542428,18
415.57300992,28.199230194091797,0.4377061724662781,0.002912905161312024,-51.0,-18.0,13,0,81.31707737147802,2.9157779789572142,0.0,158.31828198542428,18
415.676128,28.216163635253906,0.43894773721694946,0.002949609164597083,-51.0,-18.0,13,0,81.33385134581506,2.9158470216818104,0.0,158.31828198542428,18
415.757860352,28.23648452758789,0.4403311610221863,0.002868463541861426,-51.0,-18.0,13,0,81.35395684057931,2.915805941516391,0.0,158.31828198542428,18
415.858835456,28.25279998779297,0.4414742588996887,0.0031857623107075187,-51.0,-18.0,13,0,81.37010678834567,2.916155006813283,0.0,158.31828198542428,18
415.961929216,28.266529083251953,0.44196921586990356,0.0030421447100312405,-51.0,-18.0,13,0,81.38359086121183,2.916043698461811,0.0,158.31828198542428,18
416.065800192,28.28011703491211,0.4425486922264099,0.0030157489712574026,-51.0,-18.0,13,0,81.39695669577888,2.916048197027286,0.0,158.31828198542428,18
416.186084352,28.290000915527344,0.4431067109107971,0.002991429742775251,-51.0,-18.0,13,0,81.40670998347967,2.9160447106962857,0.0,158.31828198542428,18
416.282065408,28.297622680664062,0.44337695837020874,0.0035941454144054912,-51.0,-18.0,13,0,81.41419480921928,2.916665402708746,0.0,158.31828198542428,18
416.410813696,28.304805755615234,0.4444602131843567,0.0028906488306157945,-51.0,-18.0,13,0,81.42143654156197,2.915968933068146,0.0,158.31828198542428,18
416.510171904,28.312824249267578,0.4448062777519226,0.0029819823292902645,-51.0,-18.0,13,0,81.42932499424887,2.916078434066249,0.0,158.31828198542428,18
416.610120192,28.320812225341797,0.44518011808395386,0.0029666954442920867,-51.0,-18.0,13,0,81.43719004040165,2.9160808940785894,0.0,158.31828198542428,18
416.721942016,28.32903289794922,0.4457082152366638,0.003396335139396716,-51.0,-18.0,13,0,81.44531669829493,2.916527079533379,0.0,158.31828198542428,18
416.85112192,28.338153839111328,0.4464452862739563,0.003502791111811632,-51.0,-18.0,13,0,81.45436758270237,2.916650082056379,0.0,158.31828198542428,18
416.98300032,28.350414276123047,0.44731825590133667,0.0033978088081367355,-51.0,-18.0,13,0,81.4665072077284,2.9165687444700215,0.0,158.31828198542428,18
417.07906816,28.36060333251953,0.4479498267173767,0.003636281241707318,-51.0,-18.0,13,0,81.47657463412777,2.9168279842158618,0.0,158.31828198542428,18
417.169509376,28.37070083618164,0.44876617193222046,0.004014566054852044,-51.0,-18.0,13,0,81.48659475332907,2.9172245681768665,0.0,158.31828198542428,18
417.275727872,28.380962371826172,0.44963890314102173,0.003943600307153281,-51.0,-18.0,13,0,81.49678743811671,2.917171678813675,0.0,158.31828198542428,18
417.40804352,28.392871856689453,0.4509212374687195,0.004254075646326893,-51.0,-18.0,13,0,81.50867804205872,2.9174999079041473,0.0,158.31828198542428,18
417.49794048,28.405136108398438,0.4513515830039978,0.0037794401442055835,-51.0,-18.0,13,0,81.52072138807965,2.917054185961554,0.007875694934992405,158.31863598594055,18
417.603195392,28.416606903076172,0.45155078172683716,0.0041108722316407584,-51.0,-18.0,13,0,81.53193962030076,2.9174150821294282,0.03238967572690772,158.32075504996337,18
417.716817152,28.426292419433594,0.4522332549095154,0.005616603813766889,-51.0,-18.0,13,0,81.54152831282329,2.9189395424445532,0.7202439008128925,158.36351282576413,18
417.833952768,28.43643569946289,0.45317143201828003,0.006245212962825546,-51.0,-18.0,13,0,81.55162078422696,2.9195850918771984,1.0,158.46426374026015,18
417.97515008,28.437965393066406,0.4542260766029358,0.0069594937598697676,-51.0,-18.0,13,0,81.55334944609196,2.9202910203793224,1.0,158.60546105226013,18
418.075489536,28.43029022216797,0.454192578792572,0.008667037419493363,-51.0,-18.0,13,0,81.54586579657484,2.9219776661040107,1.0,158.70580050826015,18
418.173503488,28.420543670654297,0.4540361762046814,0.007166423784040279,-51.0,-18.0,13,0,81.53633673482625,2.9204518693033745,1.0,158.80381446026013,18
418.276410624,28.396934509277344,0.45379573106765747,0.00921231194422084,-51.0,-18.0,13,0,81.51328594992626,2.922435077722176,1.0,158.90672159626013,18
418.410702848,28.371055603027344,0.4538974165916443,0.008873706083802278,-51.0,-18.0,13,0,81.48810218308527,2.92202335969206,1.0,159.04101382026016,18
418.513212672,28.34885025024414,0.4549633860588074,0.009264468154074341,-51.0,-18.0,13,0,81.46671534814965,2.9223396505175065,1.0,159.14352364426014,18
418.626176512,28.305522918701172,0.45479708909988403,0.010110099752679265,-51.0,-18.0,13,0,81.42447728422017,2.9230667289369148,0.12720883803774286,159.20719056367346,18
418.755577088,28.282806396484375,0.4535803198814392,0.00940912773748346,-51.0,-18.0,13,0,81.40207624332895,2.9223170655558954,0.08589033037424088,159.22097814124228,18
418.843284736,28.264774322509766,0.4535978436470032,0.00851050124265289,-51.0,-18.0,13,0,81.3845177031446,2.921368000980969,0.0827421024441719,159.2283733182718,18
418.945998336,28.236610412597656,0.45358556509017944,0.009467789324532837,-51.0,-18.0,13,0,81.35708481678707,2.9222469419877406,0.09594537317752838,159.2375501352198,18
419.04281728,28.201950073242188,0.4537239670753479,0.008622852809274982,-51.0,-18.0,13,0,81.32335964320066,2.921303675472032,0.12452983103642742,159.2482232234449,18
419.162605824,28.172611236572266,0.4539775252342224,0.009139223344283392,-51.0,-18.0,13,0,81.29484397253776,2.921735115032814,0.17543909103108676,159.26618964365477,18
419.310188288,28.13808822631836,0.45418089628219604,0.007821170427670375,-51.0,-18.0,13,0,81.26126876113402,2.920318185913642,0.1842241734266281,159.29272963904424,18
419.410237952,28.102699279785156,0.45697301626205444,0.008380589453149958,-51.0,-18.0,13,0,81.22743924482138,2.920745188017563,0.1842241734266281,159.31116120569624,18
419.510467072,28.07494354248047,0.4574647545814514,0.007235777555588753,-51.0,-18.0,13,0,81.20052155875041,2.9195168089699206,0.1842241734266281,159.32962583248153,18
419.619398656,28.040969848632812,0.4593793749809265,0.005032262671116124,-51.0,-18.0,13,0,81.16787296413497,2.917195181251909,0.18432055413722992,159.34969891295572,18
419.7406592,28.00548553466797,0.46043020486831665,0.0014617590207304696,-51.0,-18.0,13,0,81.13355796412138,2.913512600471377,0.18432055413722992,159.3720497236208,18
419.866036992,27.968341827392578,0.46321362257003784,0.0027349793142980162,-51.0,-18.0,13,0,81.098022591433,2.914648187696943,0.18432055413722992,159.39515942771874,18
419.962263808,27.937915802001953,0.46446114778518677,0.0073817600277280085,-51.0,-18.0,13,0,81.06867999814736,2.919194538531771,0.1843847930431366,159.4128990985194,18
420.0581632,27.911151885986328,0.4646987318992615,0.006114094824349423,-51.0,-18.0,13,0,81.04267388995137,2.917848801194656,0.18444904685020447,159.43058456901682,18
420.162402816,27.88001251220703,0.465462863445282,0.00850676363304582,-51.0,-18.0,13,0,81.01252799837327,2.920144709607772,0.18444904685020447,159.44981146683205,18
420.279365888,27.84343719482422,0.4662368893623352,0.007759532169694607,-51.0,-18.0,13,0,80.97709239993887,2.9192852193799124,0.18444904685020447,159.4713851939791,18
420.378418944,27.812152862548828,0.4666244387626648,0.007917121107979864,-51.0,-18.0,13,0,80.946721100932,2.9193500126838616,0.18444904685020447,159.4896554357459,18
420.511182336,27.775211334228516,0.46734970808029175,0.007375988547134024,-51.0,-18.0,13,0,80.9109196956313,2.918695993896271,0.18444904685020447,159.5141435168569,18
420.612781568,27.737651824951172,0.46816784143447876,0.007494044824758225,-51.0,-18.0,13,0,80.87453887551156,2.918698201197471,0.18444904685020447,159.53288339836,18
420.722925824,27.701858520507812,0.4687374234199524,0.0034868664337315263,-51.0,-18.0,13,0,80.83982184911878,2.914583054482524,0.3448142071057763,159.56203105202758,18
420.83574016,27.671222686767578,0.46859210729599,0.002800208032086251,-51.0,-18.0,13,0,80.8099633303756,2.913811535049872,0.8419523666074565,159.6289731935278,18
420.938065408,27.645694732666016,0.46869295835494995,0.00014743744821988083,-51.0,-18.0,13,0,80.78513427341494,2.911085329792393,0.9323990056792616,159.719753665632,18
421.074086656,27.622074127197266,0.4691707491874695,-0.0002161943814397586,-51.0,-18.0,13,0,80.76224865755746,2.9106490753930396,0.9478979756885906,159.84763383664017,18
421.170669824,27.594783782958984,0.46846073865890503,-0.002134412452106583,-51.0,-18.0,13,0,80.73551932046674,2.908662117864851,0.9545663137358692,159.93950685067992,18
421.2665536,27.57884979248047,0.46834343671798706,-0.0030528463417159894,-51.0,-18.0,13,0,80.71998107040024,2.907699943252966,0.9733364687891221,160.03193414995462,18
421.391527424,27.565303802490234,0.4684082865715027,-0.00528084014877424,-51.0,-18.0,13,0,80.70680929275478,2.9054327657999273,0.9778046054655379,160.15385493056115,18
421.505945856,27.551132202148438,0.4677547812461853,-0.0070921543262329025,-51.0,-18.0,13,0,80.69286422540497,2.903589146788294,0.9935822945028976,160.266636429541,18
421.610899456,27.53635025024414,0.46838313341140747,-0.0040088606038340465,-51.0,-18.0,13,0,80.67861851935429,2.9066229262421373,1.0,160.3712532488932,18
421.71031424,27.527446746826172,0.4673672318458557,-0.007028774693236133,-51.0,-18.0,13,0,80.66971888541248,2.903590006017206,1.0,160.47066803289317,18
421.810113536,27.512645721435547,0.46847647428512573,-0.006739949126274414,-51.0,-18.0,13,0,80.65556497515144,2.903823434048343,1.0,160.5704673288932,18
421.93875712,27.500568389892578,0.4679502844810486,-0.0076958132728217115,-51.0,-18.0,13,0,80.64368806823175,2.902839629059389,1.0,160.69911091289316,18
422.028716288,27.483001708984375,0.468779981136322,-0.007182512883681991,-51.0,-18.0,13,0,80.62677837569889,2.9032930171436075,1.0,160.78907008089317,18
422.138242304,27.46500015258789,0.46958988904953003,-0.00754740066311103,-51.0,-18.0,13,0,80.60944113201194,2.90286719479658,1.0,160.8985960968932,18
422.258882816,27.436126708984375,0.47017210721969604,-0.008489371206442,-51.0,-18.0,13,0,80.58146952481177,2.9018360928435087,1.0,161.01923660889315,18
422.367865088,27.399158477783203,0.47088736295700073,-0.00846772679902701,-51.0,-18.0,13,0,80.54564997564803,2.9017438919412624,1.0,161.12821888089314,18
422.509965312,27.353981018066406,0.4721826910972595,-0.009952828798637927,-51.0,-18.0,13,0,80.50197435313487,2.900114433324583,1.0,161.2703191048932,18
422.622428416,27.290557861328125,0.4721753001213074,-0.009490619334251474,-51.0,-18.0,13,0,80.44024310353853,2.9003958123912095,1.0,161.38278220889316,18
422.778503936,27.239181518554688,0.4715084433555603,-0.008536533907269146,-51.0,-18.0,13,0,80.39008737939216,2.901211212190785,1.0,161.53885772889316,18
422.851686912,27.186565399169922,0.47483259439468384,-0.00952294720683427,-51.0,-18.0,13,0,80.33964431281473,2.900034046262252,1.0,161.61204070489316,18
422.978813184,27.122793197631836,0.4763246178627014,-0.011342556294867119,-51.0,-18.0,13,0,80.27792590983272,2.898013671697208,1.0,161.73916697689316,18
423.083984896,27.034502029418945,0.4783784747123718,-0.010057098646221624,-51.0,-18.0,13,0,80.1924808073307,2.8990208073940327,1.0,161.84433868889317,18
423.179912704,26.956491470336914,0.47841519117355347,-0.010276098403058112,-51.0,-18.0,13,0,80.11657999654071,2.8985769935347276,1.0,161.94026649689317,18
423.280993536,26.861717224121094,0.47917622327804565,-0.005373673709517903,-51.0,-18.0,13,0,80.02453975487744,2.9031970094464956,1.0,162.04134732889315,18
423.380656384,26.787267684936523,0.4797455668449402,-0.006392798341103997,-51.0,-18.0,13,0,79.95223580428065,2.9019559303031106,1.0,162.1410101768932,18
423.473898752,26.703218460083008,0.48176974058151245,-0.00844475702334181,-51.0,-18.0,13,0,79.87093320976824,2.8996360886201065,1.0,162.2342525448932,18
423.58055296,26.615909576416016,0.4820631146430969,-0.0012203544738230872,-51.0,-18.0,13,0,79.78606442448479,2.906603700842169,1.0,162.34090675289315,18
423.683679488,26.545970916748047,0.48270660638809204,-0.0018615656652821845,-51.0,-18.0,13,0,79.71817891120541,2.9057514092186314,1.0,162.44403328089317,18
423.786371072,26.466297149658203,0.483531653881073,-0.00399119295161178,-51.0,-18.0,13,0,79.64086976219664,2.9033797582570564,1.0,162.54672486489318,18
423.912526592,26.392057418823242,0.4846195578575134,-0.006326856178482754,-51.0,-18.0,13,0,79.56891171630514,2.900814253981841,1.0,162.67288038489318,18
424.010394624,26.29669189453125,0.4865803122520447,-0.0037745418610277423,-51.0,-18.0,13,0,79.4766143559188,2.903063819670001,1.0,162.77074841689318,18
424.110212864,26.220081329345703,0.48697036504745483,0.0002485434412558592,-51.0,-18.0,13,0,79.40219791535313,2.906857701239632,1.0,162.87056665689317,18
424.235939328,26.151290893554688,0.4869900345802307,0.004908531794734003,-51.0,-18.0,13,0,79.33530416580354,2.9113155677814926,1.0,162.99629312089314,18
424.329847808,26.099647521972656,0.48726993799209595,0.004355341569030661,-51.0,-18.0,13,0,79.28514865832447,2.910607161638366,1.0,163.09020160089318,18
424.44353152,26.069612503051758,0.4869620203971863,0.0017165155183232368,-51.0,-18.0,13,0,79.25587004199853,2.907883749186391,1.0,163.2038853128932,18
424.565082624,26.031951904296875,0.48820585012435913,-0.004056386862281378,-51.0,-18.0,13,0,79.21953906545076,2.9019846897271693,1.0,163.32543641689318,18
424.655171584,25.954465866088867,0.4896852374076843,-0.0016405288658671725,-51.0,-18.0,13,0,79.14454041128452,2.904153882852625,1.0,163.41552537689319,18
424.7902336,25.881879806518555,0.4898967146873474,0.0009344448260630311,-51.0,-18.0,13,0,79.07401420886492,2.9065118051689867,1.0,163.5505873928932,18
424.899179008,25.809959411621094,0.49122101068496704,0.0003762689183050105,-51.0,-18.0,13,0,79.0043993666231,2.905724468005334,1.0,163.65953280089315,18
425.000154624,25.731048583984375,0.4922395348548889,0.0019497037629541472,-51.0,-18.0,13,0,78.92792116743111,2.907051354434213,1.0,163.76050841689317,18
425.103485184,25.63725471496582,0.4922131896018982,0.007370258105326847,-51.0,-18.0,13,0,78.83673483152532,2.912193490198297,1.0,163.8638389768932,18
425.203551488,25.572532653808594,0.4912194609642029,0.008549394411870637,-51.0,-18.0,13,0,78.77358665296461,2.9131921672482926,1.0,163.9639052808932,18
425.278232064,25.523826599121094,0.4914718270301819,0.007655855157177002,-51.0,-18.0,13,0,78.72630162596363,2.9121502847258247,1.0,164.03858585689318,18
425.402917632,25.48757553100586,0.49185818433761597,0.008491528019552623,-51.0,-18.0,13,0,78.69115598160305,2.9128729803563482,1.0,164.1632714248932,18
425.490813184,25.472557067871094,0.4924277663230896,0.007070114648916885,-51.0,-18.0,13,0,78.67669203259297,2.9113996727940314,1.0,164.25116697689316,18
425.610092544,25.452167510986328,0.4929162859916687,0.009442412254926261,-51.0,-18.0,13,0,78.6569886906981,2.9137050054403293,1.0,164.37044633689317,18
425.710437888,25.42472267150879,0.4928719401359558,0.010855310176273942,-51.0,-18.0,13,0,78.63030298816925,2.9150363901486553,1.0,164.47079168089317,18
425.811799808,25.402448654174805,0.4931578040122986,0.01299885292320449,-51.0,-18.0,13,0,78.60872118230851,2.917109757247042,1.0,164.57215360089316,18
425.911302656,25.37504768371582,0.49277263879776,0.015162222626235866,-51.0,-18.0,13,0,78.58199888371466,2.9191958588425857,1.0,164.67165644889315,18
426.021141248,25.338502883911133,0.49302762746810913,0.020025806485439952,-51.0,-18.0,13,0,78.54654093839656,2.923946796772532,1.0,164.78149504089316,18
426.121592832,25.303752899169922,0.49304884672164917,0.021328716867830732,-51.0,-18.0,13,0,78.51277324196882,2.9251452378803884,1.0,164.88194662489315,18
426.23456896,25.253725051879883,0.4929351210594177,0.03140552176673082,-51.0,-18.0,13,0,78.46412704975062,2.9350732725136375,1.0,164.99492275289316,18
426.338137088,25.200727462768555,0.4931105971336365,0.033996418594916714,-51.0,-18.0,13,0,78.4126648279023,2.9375026986292965,1.0,165.09849088089317,18
426.452367872,25.142864227294922,0.49293166399002075,0.04831207713834258,-51.0,-18.0,13,0,78.3563928104483,2.9516464148848196,1.0,165.2127216648932,18
426.531571712,25.082738876342773,0.4928387999534607,0.0738144012175818,-51.0,-18.0,13,0,78.29794532302124,2.976968657945939,0.6176456717798763,165.27678353937537,18
426.636737536,25.033641815185547,0.4922770857810974,0.1348280536481611,-51.0,-18.0,13,0,78.25010542802633,3.0378410940623435,0.5416440963745117,165.33774237123671,18
426.738520832,24.99298667907715,0.4919211268424988,0.6166644905805441,-51.0,-18.0,13,0,78.21051829113371,2.7636261983095993,0.5431539416313171,165.39294953113802,18
426.854193152,24.945281982421875,0.49162739515304565,2.949878100313469,-51.0,-18.0,13,0,78.16409750717236,0.43055323868889506,0.5459809303283691,165.45594090985423,18
426.970578176,24.899311065673828,0.4911927580833435,3.053734029976994,-51.0,-18.0,13,0,78.1193294253126,0.32683112026887606,0.37247517704963684,165.5093881779043,18
427.075593216,24.861854553222656,0.49103254079818726,3.081840749936902,-51.0,-18.0,13,0,78.08289992488218,0.2988359542977612,1.0,165.58145344571275,18
427.194421248,24.82261848449707,0.4914514422416687,3.092392208305664,-51.0,-18.0,13,0,78.04487971857205,0.2884087653296863,1.0,165.70028147771276,18
427.274850048,24.776430130004883,0.4918674826622009,3.1037725845614195,-51.0,-18.0,13,0,78.00010593738864,0.27717387304908225,1.0,165.78071027771276,18
427.401884672,24.71194839477539,0.4913201928138733,3.1150290947308807,-51.0,-18.0,13,0,77.93733413587033,0.26610668567279383,0.08965219091015197,165.84992205589427,18
427.499677696,24.66689682006836,0.4897846579551697,3.1205390587412563,-51.0,-18.0,13,0,77.89320516628152,0.26071479606549186,0.018364110961556435,165.85520367629493,18
427.612348928,24.603513717651367,0.4897812008857727,3.1226311549343566,-51.0,-18.0,13,0,77.83163428395763,0.2588159646341568,0.003490353701636195,165.8564348610241,18
427.721665792,24.51995277404785,0.4898490309715271,3.122619821726228,-51.0,-18.0,13,0,77.75048414114562,0.25908345999831983,0.0,165.85662563828456,18
427.8621824,24.404481887817383,0.48931795358657837,3.122522044147447,-51.0,-18.0,13,0,77.6382043014842,0.25952828707516584,0.0,165.85662563828456,18
427.966029056,24.307575225830078,0.4886910319328308,3.1231101206460923,-51.0,-18.0,13,0,77.54393968885208,0.25922997096674827,0.0,165.85662563828456,18
428.072056832,24.210725784301758,0.48836058378219604,3.1219361373362027,-51.0,-18.0,13,0,77.44980794086828,0.26069796090130026,0.0,165.85662563828456,18
428.16264448,24.11384391784668,0.4878254532814026,3.1226223356532485,-51.0,-18.0,13,0,77.35560249979075,0.2603040155893259,0.0,165.85662563828456,18
428.259783936,23.999582290649414,0.48712414503097534,3.122593841906241,-51.0,-18.0,13,0,77.24448914275814,0.2606772239399753,0.0,165.85662563828456,18
428.369737728,23.904356002807617,0.48617273569107056,3.122898084684893,-51.0,-18.0,13,0,77.15180575079982,0.2606564093410384,0.0,165.85662563828456,18
428.493211648,23.833885192871094,0.4858095049858093,3.1225715766428457,-51.0,-18.0,13,0,77.08330251172711,0.2611973957986553,0.0,165.85662563828456,18
428.609979392,23.753005981445312,0.4853280186653137,3.1221272206525748,-51.0,-18.0,13,0,77.00467034680203,0.26188756406959257,0.0,165.85662563828456,18
428.70983168,23.685962677001953,0.4847983717918396,3.122311076379886,-51.0,-18.0,13,0,76.93946186344382,0.2619062038630915,0.0,165.85662563828456,18
428.810348544,23.619035720825195,0.4845035672187805,3.123173506463184,-51.0,-18.0,13,0,76.87442594278224,0.26124921416873725,0.0,165.85662563828456,18
428.910499328,23.552173614501953,0.48422354459762573,3.1229100129584166,-51.0,-18.0,13,0,76.80945977347776,0.26171847956799876,0.0,165.85662563828456,18
429.009772544,23.471853256225586,0.48384255170822144,3.122225625106944,-51.0,-18.0,13,0,76.73141053631907,0.26264995432096594,0.0,165.85662563828456,18
429.160074496,23.40448760986328,0.48349064588546753,3.1220940768801033,-51.0,-18.0,13,0,76.66594552304716,0.26298871552868874,0.0,165.85662563828456,18
429.251766272,23.323545455932617,0.4829046130180359,3.1242811493710247,-51.0,-18.0,13,0,76.5872520206464,0.2610490171183173,0.0,165.85662563828456,18
429.368084224,23.256423950195312,0.48319071531295776,3.1254383286513083,-51.0,-18.0,13,0,76.52218525950347,0.2601071501595351,0.0,165.85662563828456,18
429.475026176,23.189695358276367,0.48394638299942017,3.1251846723950667,-51.0,-18.0,13,0,76.45761682947914,0.26058120220043257,0.0,165.85662563828456,18
429.57062016,23.109619140625,0.483881413936615,3.1237782254630804,-51.0,-18.0,13,0,76.37990260070356,0.26224027732108013,0.0,165.85662563828456,18
429.663512064,23.043060302734375,0.48396390676498413,3.1249273263176196,-51.0,-18.0,13,0,76.31534380909876,0.26130328625978105,0.0,165.85662563828456,18
429.776521984,22.97689437866211,0.48464328050613403,3.1244181924095824,-51.0,-18.0,13,0,76.25131434355274,0.26203123434316034,0.0,165.85662563828456,18
429.864702976,22.909927368164062,0.4855172038078308,3.126997151680938,-51.0,-18.0,13,0,76.18655859047291,0.25967648552521005,0.0,165.85662563828456,18
429.980561664,22.830713272094727,0.4857655167579651,3.1226947296935226,-51.0,-18.0,13,0,76.10977433291221,0.2642346039273118,0.0,165.85662563828456,18
430.075438592,22.763273239135742,0.4857766032218933,3.1305477603700003,-51.0,-18.0,13,0,76.04435821003176,0.25659711570880006,0.0,165.85662563828456,18
430.172448512,22.69614601135254,0.48605817556381226,3.1343733329805064,-51.0,-18.0,13,0,75.97931484158647,0.25298990805207744,0.0,165.85662563828456,18
430.289686272,22.6312198638916,0.4865524172782898,3.129438923068395,-51.0,-18.0,13,0,75.91646171234223,0.25813871375934827,0.0,165.85662563828456,18
430.41139328,22.552873611450195,0.4874569773674011,3.129835056876121,-51.0,-18.0,13,0,75.8406967398901,0.25800570472669015,0.0,165.85662563828456,18
430.509888512,22.487701416015625,0.4875636696815491,3.1295042290661588,-51.0,-18.0,13,0,75.77751823496197,0.25854754898359467,0.0,165.85662563828456,18
430.611298048,22.422412872314453,0.4875548481941223,3.12877981313441,-53.902,-11.6,14,1,77.2756428799633,0.16987912213206968,0.0,165.85662563828456,18
430.710589696,22.356918334960938,0.48772531747817993,3.1300199475156307,-53.902,-11.6,14,0,77.21098191947208,0.1687738534126222,0.0,165.85662563828456,18
430.812206592,22.279035568237305,0.4882904887199402,3.125396027437621,-53.902,-11.6,14,0,77.13414903393122,0.1735630841702207,0.0,165.85662563828456,18
430.943102976,22.213781356811523,0.4888175129890442,3.1247927648123377,-53.902,-11.6,14,0,77.0697844840654,0.17430579191695017,0.0,165.85662563828456,18
431.028668672,22.14813995361328,0.48914414644241333,3.126719336823454,-53.902,-11.6,14,0,77.00500758494626,0.17251711747858423,0.0,165.85662563828456,18
431.128970496,22.069171905517578,0.4886607527732849,3.128161087676035,-53.902,-11.6,14,0,76.92694378105335,0.17123031786998055,0.0,165.85662563828456,18
431.278434816,21.97446060180664,0.4888830780982971,-3.1345951496217124,-53.902,-11.6,14,0,76.8334456310105,0.15099781527108247,0.0,165.85662563828456,18
431.412351744,21.90813446044922,0.4888666272163391,-3.131015079230834,-53.902,-11.6,14,0,76.76794372159524,0.14755347119837037,0.0,165.85662563828456,18
431.49551232,21.83111572265625,0.48840028047561646,-3.139895350810991,-53.902,-11.6,14,0,76.69181337275998,0.15658588198524237,0.0,165.85662563828456,18
431.610163968,21.76775550842285,0.488294780254364,3.1310985076354325,-53.902,-11.6,14,0,76.62922921052264,0.1689063004498612,0.0,165.85662563828456,18
431.712053504,21.700300216674805,0.4884726405143738,-3.139079125911886,-53.902,-11.6,14,0,76.56264734733702,0.15603990635500375,0.0,165.85662563828456,18
431.810365952,21.63348388671875,0.4887828230857849,-3.1363512683367967,-53.902,-11.6,14,0,76.49671885868362,0.15345396230413044,0.0,165.85662563828456,18
431.910296832,21.567975997924805,0.4890597462654114,-3.141251793562233,-53.902,-11.6,14,0,76.43207862328566,0.1584935084847472,0.0,165.85662563828456,18
432.011267328,21.50122833251953,0.48924845457077026,3.1405850732366445,-53.902,-11.6,14,0,76.36620175943294,0.15998263459306816,0.0,165.85662563828456,18
432.109970176,21.422666549682617,0.4906265139579773,3.1392549099579257,-53.902,-11.6,14,0,76.28885003931373,0.16149365660681791,0.0,165.85662563828456,18
432.228211712,21.356473922729492,0.4921573996543884,-3.1403964433766065,-53.902,-11.6,14,0,76.22373756092108,0.1581171611345038,0.0,165.85662563828456,18
432.330681344,21.290796279907227,0.4937710165977478,-3.13722261510833,-53.902,-11.6,14,0,76.15914856268766,0.1551010592161779,0.0,165.85662563828456,18
432.430767616,21.22561264038086,0.49522966146469116,-3.1347118995247736,-53.902,-11.6,14,0,76.09502455224448,0.15274529516206448,0.0,165.85662563828456,18
432.534224896,21.147512435913086,0.4966917634010315,-3.1324070445857415,-53.902,-11.6,14,0,76.01815091467964,0.15062273175322272,0.0,165.85662563828456,18
432.675991552,21.08212661743164,0.4980289340019226,-3.128957660083315,-53.902,-11.6,14,0,75.95381194296286,0.14732771621883334,0.0,165.85662563828456,18
432.77802368,21.01634407043457,0.49868983030319214,-3.1251189276288236,-53.902,-11.6,14,0,75.88897531174011,0.14363565058214922,0.0,165.85662563828456,18
432.879779328,20.93736457824707,0.4994170069694519,-3.120038641730531,-53.902,-11.6,14,0,75.81112307824179,0.13873092302731438,0.0,165.85662563828456,18
432.954190848,20.871992111206055,0.4998859763145447,-3.118739253506563,-53.902,-11.6,14,0,75.74666419642861,0.13757538761780674,0.0,165.85662563828456,18
433.057701888,20.806180953979492,0.5004628300666809,-3.1156548112160496,-53.902,-11.6,14,0,75.6817910871193,0.13463737710889934,0.0,165.85662563828456,18
433.162697728,20.74025535583496,0.5007335543632507,-3.112469450001053,-53.902,-11.6,14,0,75.61675764775534,0.1315949448633904,0.0,165.85662563828456,18
433.266191104,20.67422103881836,0.5017008185386658,-3.1098552270764848,-53.902,-11.6,14,0,75.55173000753929,0.12913322780052905,0.0,165.85662563828456,18
433.371170304,20.594200134277344,0.5027489066123962,-3.1061980599209935,-53.902,-11.6,14,0,75.47291146857137,0.12565959826141437,0.0,165.85662563828456,18
433.498508032,20.513330459594727,0.5039755702018738,-3.106610904834451,-53.902,-11.6,14,0,75.39328638555777,0.12626050974491987,0.0,165.85662563828456,18
433.598758144,20.444360733032227,0.5048910975456238,-3.1039255709664753,-53.902,-11.6,14,0,75.32535922735181,0.12373417094028083,0.0,165.85662563828456,18
433.710536448,20.374265670776367,0.505940854549408,-3.0925785301076902,-53.902,-11.6,14,0,75.25634488845176,0.11255057794068346,0.0,165.85662563828456,18
433.812701184,20.305248260498047,0.5068063139915466,-3.090084076320676,-53.902,-11.6,14,0,75.18836647726626,0.11021514499442597,0.0,165.85662563828456,18
433.910451968,20.23625946044922,0.507541835308075,-3.086950984846362,-53.902,-11.6,14,0,75.12039726411611,0.10723959365924296,0.0,165.85662563828456,18
434.0099968,20.15322494506836,0.5087513327598572,-3.083384492119602,-53.902,-11.6,14,0,75.03864471392916,0.10386735797796787,0.0,165.85662563828456,18
434.114476288,20.08355712890625,0.5099683403968811,-3.079210997220749,-53.902,-11.6,14,0,74.97008734742187,0.09985983775194907,-0.009940801972999198,165.85714494323477,19
434.233557504,19.997119903564453,0.510927140712738,-3.0735313522702605,-53.902,-11.6,14,0,74.88494160196059,0.09437927784637923,-0.16379614792795147,165.86748934686395,19
434.337874944,19.92018699645996,0.5119643807411194,-3.067473996902087,-53.902,-11.6,14,0,74.80919043874651,0.08850192341161334,-0.24109034214454345,165.88860770793144,19
434.458277632,19.84122085571289,0.5140635371208191,-3.0603099715165305,-53.902,-11.6,14,0,74.73160748676459,0.08153669550900489,-0.25121622196871196,165.91824522475108,19
434.548386816,19.748136520385742,0.515001118183136,-3.062602467569269,-53.902,-11.6,14,0,74.63990796862652,0.08404374486501576,-0.25551447898998425,165.94107576973664,19
434.65125504,19.664566040039062,0.5176592469215393,-3.061502866627777,-53.902,-11.6,14,0,74.55787888981239,0.08316125614079617,-0.292957619158285,165.96928594506167,19
434.755718144,19.577064514160156,0.5184599757194519,-3.057977060609956,-53.902,-11.6,14,0,74.47167242689817,0.07983702250330404,-0.36534634346971934,166.00367018271749,19
434.858466048,19.486597061157227,0.5221956372261047,-3.052069087463918,-53.902,-11.6,14,0,74.38302095016093,0.07417651518632029,-0.40697053571397546,166.04334715299746,19
434.999113216,19.39213752746582,0.5260480046272278,-3.0517446800947465,-53.902,-11.6,14,0,74.2904545423273,0.07411048460412095,-0.41063937544822693,166.1008444122643,19
435.101012736,19.27434539794922,0.5308499932289124,-3.0396403453201257,-53.902,-11.6,14,0,74.17502981029523,0.062329226090012124,-0.41063937544822693,166.14268836751558,19
435.206950912,19.18045997619629,0.5344859957695007,-3.02699113732247,-53.902,-11.6,14,0,74.08300551782344,0.049935696246225625,-0.41063937544822693,166.18619075394437,19
435.291729152,19.0765380859375,0.5383855700492859,-3.0150408068302825,-53.902,-11.6,14,0,73.98112884653634,0.03826744955826422,-0.41063937544822693,166.22100403746958,19
435.398259712,18.997703552246094,0.541770875453949,-3.011009577668803,-53.902,-11.6,14,0,73.90391990955138,0.03445642700375773,-0.41063937544822693,166.26474968009413,19
435.500562944,18.92426300048828,0.5449923872947693,-3.0108241034532877,-53.902,-11.6,14,0,73.83200811777867,0.03447741312332253,-0.41063937544822693,166.30675941538894,19
435.609774592,18.849077224731445,0.5477396845817566,-3.0052725857302423,-53.902,-11.6,14,0,73.7582999858538,0.029130313802438135,-0.41063937544822693,166.35160601831532,19
435.709623808,18.762348175048828,0.5515105128288269,-2.996376498230341,-53.902,-11.6,14,0,73.6733785260871,0.020478592900019077,-0.41063937544822693,166.39260803801255,19
435.85762432,18.695119857788086,0.5525750517845154,-2.9972889595486327,-53.902,-11.6,14,0,73.60724755100755,0.021555962390322758,-0.41063937544822693,166.45338287582626,19
435.959962112,18.615686416625977,0.5463729500770569,-2.9903048574321214,-53.902,-11.6,14,0,73.5278805560344,0.014667028148531713,-0.4128296019188674,166.4955188742884,19
436.026373632,18.527576446533203,0.5413219332695007,-2.951597773272064,-53.902,-11.6,14,0,73.44014734810578,0.02390969642758556,-0.42716583459967955,166.52341156115452,19
436.129995008,18.431289672851562,0.5348238348960876,-2.8676153517375154,-53.902,-11.6,14,0,73.34411185910302,0.10776245921094763,-0.48285841417854664,166.5705605435804,19
436.267098112,18.388080596923828,0.535101592540741,-2.857430011745924,-53.902,-11.6,14,0,73.30154461790711,0.11784653400884348,-0.4877709150314331,166.63709869051448,19
436.361725184,18.367502212524414,0.5361964106559753,-2.8526789437131193,-53.902,-11.6,14,0,73.28143157283495,0.12253637955743013,-0.4877709150314331,166.6832550240107,19
436.47242112,18.351627349853516,0.5370457768440247,-2.8509698315208185,-53.902,-11.6,14,0,73.26591666935389,0.12419817525801902,-0.4877709150314331,166.73724928200366,19
436.568784896,18.3313045501709,0.5369846224784851,-2.8477882620164374,-53.902,-11.6,14,0,73.24586460657024,0.12733460482160552,-0.48777776406209616,166.7842530591983,19
436.659718656,18.315879821777344,0.5380520224571228,-2.8438292926357445,-53.902,-11.6,14,0,73.23083007076016,0.13124429779637836,-0.4091138838971752,166.82503192412906,19
436.763616256,18.292198181152344,0.5392176508903503,-2.840050409707646,-53.902,-11.6,14,0,73.20766938098213,0.13495386079307226,-0.08033324246918122,166.85045811500723,19
436.882208,18.22020149230957,0.5421295762062073,-2.830007386587151,-53.902,-11.6,14,0,73.13715375062584,0.14479438727894722,-0.00865470037723844,166.85573473267578,19
436.985520384,18.13312339782715,0.5458181500434875,-2.8163573837056735,-53.902,-11.6,14,0,73.05189868493571,0.1581967036257601,-0.004036228261517547,166.8563902977222,19
437.099820544,18.059356689453125,0.5487934947013855,-2.8136881424242746,-53.902,-11.6,14,0,72.97965497290049,0.1606576869098002,-0.0009203740046359599,166.85667356793826,19
437.227004672,17.98474884033203,0.5461611151695251,-2.830449596042549,-53.902,-11.6,14,0,72.90565059492052,0.14376148123094445,0.0,166.85673209642087,19
437.306780928,17.910987854003906,0.5417460799217224,-2.8527229539651104,-53.902,-11.6,14,0,72.83218534678612,0.12137916971082285,0.0,166.85673209642087,19
437.44749568,17.822938919067383,0.5382201075553894,-2.871219439921325,-53.902,-11.6,14,0,72.74478160200503,0.10272869501418391,0.0,166.85673209642087,19
437.546927616,17.750173568725586,0.5415804982185364,-2.8617028191094573,-53.902,-11.6,14,0,72.6735987420294,0.1120326535608882,0.0,166.85673209642087,19
437.647298048,17.678192138671875,0.5446028113365173,-2.8512441869748586,-53.902,-11.6,14,0,72.60313549740331,0.12228460351216208,0.0,166.85673209642087,19
437.746518016,17.592010498046875,0.5485575795173645,-2.8415784756014,-53.902,-11.6,14,0,72.51883195665582,0.13169776009205947,0.0,166.85673209642087,19
437.846907392,17.520063400268555,0.5525478720664978,-2.831460256360718,-53.902,-11.6,14,0,72.44857182950433,0.14159531684983806,0.0,166.85673209642087,19
437.973090304,17.448320388793945,0.5561320185661316,-2.8208490871990755,-53.902,-11.6,14,0,72.37844820964563,0.15199140043097525,0.0,166.85673209642087,19
438.067148288,17.36290168762207,0.556126058101654,-2.8338391884509115,-53.902,-11.6,14,0,72.29424329285769,0.1388029376350941,0.0,166.85673209642087,19
438.182520576,17.290796279907227,0.5533835291862488,-2.8533400015293555,-53.902,-11.6,14,0,72.22270400199558,0.11917168228463115,0.0,166.85673209642087,19
438.277283072,17.218334197998047,0.5507652163505554,-2.8734896828895975,-53.902,-11.6,14,0,72.15083528122045,0.09888877045055589,0.0,166.85673209642087,19
438.3821312,17.133007049560547,0.5566478371620178,-2.874354715213034,-53.902,-11.6,14,0,72.06772032725812,0.0977438852144612,0.0,166.85673209642087,19
438.48385152,17.06369400024414,0.5609083771705627,-2.8555202832328943,-53.902,-11.6,14,0,72.0001209547194,0.11635760274005191,0.0,166.85673209642087,19
438.58603264,16.993696212768555,0.5651233792304993,-2.8450049360383995,-53.902,-11.6,14,0,71.93184252002075,0.1266508347150217,0.0,166.85673209642087,19
438.67970944,16.92301368713379,0.5697298645973206,-2.8363346631445134,-53.902,-11.6,14,0,71.86295908714001,0.13509158783860853,0.0,166.85673209642087,19
438.784716544,16.83810806274414,0.5759825110435486,-2.8240950086480914,-53.902,-11.6,14,0,71.78034159042403,0.14704508049128728,0.0,166.85673209642087,19
438.910235904,16.767446517944336,0.580134928226471,-2.814725178232175,-53.902,-11.6,14,0,71.71141023590596,0.15619070051051942,-0.004394174651335977,166.85700787341585,19
439.010048,16.682369232177734,0.5780814290046692,-2.83349232326293,-53.902,-11.6,14,0,71.62722141194553,0.1372500647625028,-0.04254320747873123,166.85935033266142,19
439.122423296,16.611473083496094,0.5758572220802307,-2.85240840825845,-53.902,-11.6,14,0,71.5569799906998,0.11819616008062539,-0.12465491562808212,166.86874480194882,19
439.234533376,16.542613983154297,0.5736460089683533,-2.870458219704554,-53.902,-11.6,14,0,71.48874943924595,0.10001293142734857,-0.14721113882874753,166.88398426450604,19
439.33243904,16.474674224853516,0.571060836315155,-2.88871956078589,-53.902,-11.6,14,0,71.42136232831496,0.08162527124546726,-0.1497543305158615,166.89852156523668,19
439.433079296,16.393835067749023,0.5679282546043396,-2.911097946486044,-53.902,-11.6,14,0,71.34117258555099,0.05909705333597648,-0.1497543305158615,166.9135928793969,19
439.53444352,16.325237274169922,0.5681111216545105,-2.939802058783445,-53.902,-11.6,14,0,71.27361211157671,0.030226256544156005,-0.14980117245193544,166.92877498494855,19
439.653262592,16.255006790161133,0.5694734454154968,-2.9608358256619436,-53.902,-11.6,14,0,71.20464651757909,0.009005249811571137,-0.15235643088817596,166.94672602796186,19
439.769101568,16.167709350585938,0.564492404460907,-2.9794912271137877,-53.902,-11.6,14,0,71.11778289523498,0.009790933767717114,-0.15341654419898987,166.96443624212316,19
439.870012672,16.0825138092041,0.5534455180168152,-3.013356754708218,-53.902,-11.6,14,0,71.03195345103556,0.04370838680638345,-0.15341654419898987,166.97991767497012,19
439.997858304,15.99856948852539,0.544032633304596,-3.0711486823975878,-53.902,-11.6,14,0,70.94763663025664,0.10157203848377927,-0.15341654419898987,166.9995313100225,19
440.123832064,15.916030883789062,0.5332574248313904,-3.123960472028617,-44.0,11.0,15,1,60.8233791974929,0.19057722425462842,-0.22348771364514516,167.02327133328282,19
440.25846528,15.820003509521484,0.525547206401825,3.097123063885196,-44.0,11.0,15,0,60.73011593274361,0.1288726199208785,-0.35922005288171566,167.06249724358065,19
440.377821952,15.741281509399414,0.5233003497123718,3.0539747801778474,-44.0,11.0,15,0,60.652963257763794,0.08598468286368499,-0.4579541761386026,167.11126484179067,19
440.474075904,15.675823211669922,0.5236894488334656,3.0575590897208156,-44.0,11.0,15,0,60.58842264620334,0.08974928235489221,-0.5204539755064475,167.15835266742312,19
440.580193024,15.622758865356445,0.5247220396995544,3.057459427510048,-44.0,11.0,15,0,60.53597957464632,0.08978438774958475,-0.5949058050428172,167.21753205126095,19
440.683163648,15.575925827026367,0.5261437296867371,3.0571198644694566,-44.0,11.0,15,0,60.489607399275855,0.08955565115433384,-0.6022529511288989,167.279168143336,19
440.80199168,15.515270233154297,0.5284621119499207,3.054206221295336,-44.0,11.0,15,0,60.429467122143734,0.08677802164759729,-0.6130654121478075,167.35137508801682,19
440.898517248,15.457239151000977,0.5300931334495544,3.0517204247940533,-44.0,11.0,15,0,60.37203191257988,0.08443218376519868,-0.6938642111062108,167.41445115012715,19
441.004175872,15.391826629638672,0.5318636298179626,3.0497063682569268,-44.0,11.0,15,0,60.307304279579476,0.08257731815411429,-0.7361856920915631,167.48999970263876,19
441.109234176,15.309577941894531,0.5353973507881165,3.0505102874697725,-44.0,11.0,15,0,60.22569172912466,0.08356050706264684,-0.7463429570198059,167.56787567539226,19
441.254023424,15.235013961791992,0.539633572101593,3.0466269597529507,-44.0,11.0,15,0,60.15152653806548,0.07982321371344625,-0.7463429570198059,167.6759381108893,19
441.356616192,15.122142791748047,0.5460352301597595,3.0447886735571505,-44.0,11.0,15,0,60.039263384029844,0.07820685243911596,-0.7463429570198059,167.75250750072723,19
441.448230656,15.005304336547852,0.5521557927131653,3.043688390196992,-44.0,11.0,15,0,59.923145682018145,0.07734548683417852,-0.7463429570198059,167.8208833106948,19
441.558791936,14.878555297851562,0.5596405863761902,3.03155874243507,-44.0,11.0,15,0,59.7970348650149,0.06546215665991673,-0.7463429570198059,167.90339994334187,19
441.660893952,14.733928680419922,0.5661230683326721,3.033103206937862,-44.0,11.0,15,0,59.65350087012357,0.06732292121921013,-0.7463429570198059,167.979603063881,19
441.794036736,14.558082580566406,0.574269711971283,3.0372275863060674,-44.0,11.0,15,0,59.478944909532096,0.07182955074356112,-0.7463429570198059,168.07897324299742,19
441.909670656,14.408287048339844,0.5816251635551453,3.0457535931578006,-44.0,11.0,15,0,59.33018228653888,0.08067605626942376,-0.7463429570198059,168.165275804782,19
442.008494848,14.278585433959961,0.5866145491600037,3.056281876134334,-44.0,11.0,15,0,59.201622585290146,0.0915060832363892,-0.7463429570198059,168.23903254446438,19
442.110598144,14.188678741455078,0.5891613364219666,3.059896633626442,-44.0,11.0,15,0,59.11267119116947,0.09534595718009786,-0.7463429570198059,168.31523662032248,19
442.212830208,14.107398986816406,0.5931167006492615,3.0568511392368727,-44.0,11.0,15,0,59.03196623033471,0.09247699995291958,-0.7077137049550748,168.38956222718582,19
442.310878464,14.063800811767578,0.5952233672142029,3.0565639548761663,-44.0,11.0,15,0,58.98867977406162,0.09228495846644824,-0.5427359908502329,168.45086443313053,19
442.417796864,14.029033660888672,0.5967811942100525,3.052050858318075,-44.0,11.0,15,0,58.95418313519145,0.08784987225660723,-0.4770504627157795,168.50538140110902,19
442.540941312,13.98982048034668,0.597399890422821,3.0499259878415947,-44.0,11.0,15,0,58.91547647590241,0.08583211590143414,-0.4705805863246799,168.56372915232987,19
442.64961408,13.959962844848633,0.599970281124115,3.045364256731899,-44.0,11.0,15,0,58.88563416598089,0.08131694798951727,-0.4677571952342987,168.61471503435038,19
442.796010752,13.935680389404297,0.6004461646080017,3.0453641094737662,-44.0,11.0,15,0,58.86164950252772,0.08138170241009934,-0.4677571952342987,168.68319313103672,19
442.86049664,13.91429328918457,0.6012038588523865,3.04991954539333,-44.0,11.0,15,0,58.84046505909718,0.08598868200200416,-0.47347848776905355,168.7135413404546,19
442.96146816,13.894405364990234,0.6030464768409729,3.0446651391756365,-44.0,11.0,15,0,58.82056455975698,0.08076319681905542,-0.4896019995212555,168.76216319079663,19
443.067378944,13.868518829345703,0.6032876372337341,3.04261754787455,-44.0,11.0,15,0,58.79504315379346,0.07878939177660627,-0.3863047909327312,168.8085471782406,19
443.171725312,13.836385726928711,0.6056734919548035,3.043290474145921,-44.0,11.0,15,0,58.762994626805174,0.07951905156093808,-0.06060145499700235,168.83186370004023,19
443.27382144,13.773244857788086,0.6091572642326355,3.0410420683098542,-44.0,11.0,15,0,58.7002336806029,0.07740249990646308,-0.0025636224667344746,168.83508815495716,19
443.399556352,13.697189331054688,0.6120890974998474,3.0483952706994293,-44.0,11.0,15,0,58.624861190640374,0.08493612851674692,0.0,168.8352493233798,19
443.476472576,13.619882583618164,0.6143559813499451,3.034652339161324,-44.0,11.0,15,0,58.54837718188323,0.07138905545833163,0.0,168.8352493233798,19
443.596232448,13.526193618774414,0.6184188723564148,3.036881280392259,-44.0,11.0,15,0,58.45545465544313,0.07383389821854758,-0.006715810560791466,168.83565146568637,19
443.697718784,13.449823379516602,0.6221689581871033,3.0347096627496364,-44.0,11.0,15,0,58.37963329338467,0.07183139336960442,-0.22907698012779823,168.84761633887746,19
443.802476544,13.384838104248047,0.6247541308403015,3.036048200755897,-44.0,11.0,15,0,58.31522417942226,0.07332440358551473,-0.3809514761978815,168.87956894618793,19
443.910630912,13.329771041870117,0.627443253993988,3.039981106119499,-44.0,11.0,15,0,58.26055767980911,0.07738005278418658,-0.4161945671166557,168.9226763594471,19
444.029064704,13.289066314697266,0.6297850012779236,3.037875521526953,-44.0,11.0,15,0,58.220086553778856,0.07535936376944585,-0.4184457063674927,168.97210116571944,19
444.137930752,13.257789611816406,0.6309613585472107,3.037321493321426,-44.0,11.0,15,0,58.18910064246544,0.07488118291615287,-0.4306725506844906,169.01832124018438,19
444.243896064,13.229545593261719,0.632780134677887,3.037789274398277,-44.0,11.0,15,0,58.16098465936724,0.07540472803441922,-0.5387316706549595,169.06968285056857,19
444.346366208,13.208070755004883,0.6332462430000305,3.040439340736948,-44.0,11.0,15,0,58.139770750906116,0.07811274532814272,-0.5490328073501587,169.1254145419182,19
444.494962688,13.185333251953125,0.6346898674964905,3.0371608474023533,-44.0,11.0,15,0,58.1171402710071,0.07487957039387938,-0.5490328073501587,169.20699888449494,19
444.596162048,13.164995193481445,0.6359323859214783,3.038976405929794,-44.0,11.0,15,0,58.09690674192515,0.07673652075106574,-0.5490328073501587,169.26256065321778,19
444.696923904,13.145679473876953,0.6364185214042664,3.039582648871351,-44.0,11.0,15,0,58.07781421157802,0.07739385802251064,-0.5490328073501587,169.31788221789128,19
444.79552128,13.125247955322266,0.6377963423728943,3.042180877974327,-44.0,11.0,15,0,58.05746479652028,0.08003153347276237,-0.549063744281041,169.37201693718401,19
444.910209536,13.10080337524414,0.6391662955284119,3.040152741187213,-44.0,11.0,15,0,58.033168284611236,0.0780553490060174,-0.5503820180892944,169.43506369571045,19
445.029367552,13.077827453613281,0.6397979855537415,3.0386198719419117,-44.0,11.0,15,0,58.010448822643895,0.07658247616267566,-0.6988304853439331,169.5094905374462,19
445.13130112,13.059223175048828,0.6413559317588806,3.0398302756944706,-44.0,11.0,15,0,57.99186543190809,0.0778237407237583,-0.7530521862150028,169.58348832796088,19
445.237293056,13.045217514038086,0.6419753432273865,3.041276567741649,-44.0,11.0,15,0,57.97797440420135,0.07930267058523244,-0.7561731338500977,169.66347118472785,19
445.38200832,13.031253814697266,0.6422569155693054,3.043256043507071,-44.0,11.0,15,0,57.96418509286138,0.08132040506195404,-0.7561731338500977,169.7729009794227,19
445.465055744,13.020408630371094,0.642294704914093,3.039603061778656,-44.0,11.0,15,0,57.9535077398629,0.0777002214836493,-0.7561731338500977,169.83569921028695,19
445.587982592,13.005134582519531,0.6431450247764587,3.0329313050653033,-44.0,11.0,15,0,57.93832767476963,0.07106114116848428,-0.75581462395995,169.92863115492804,19
445.68314368,12.99018669128418,0.6439949870109558,3.033859875119853,-44.0,11.0,15,0,57.923468636956464,0.07202140409602631,-0.5444320345446807,169.99049759827386,19
445.794205952,12.953004837036133,0.6448516249656677,3.0270705991484848,-44.0,11.0,15,0,57.88673300365497,0.06533240712141275,-0.13761348718111627,170.02837236089903,19
445.900270336,12.88840103149414,0.6485664248466492,3.0268990483694513,-44.0,11.0,15,0,57.82250728722264,0.0652975135439613,-0.02294871091364696,170.03688732621632,19
446.010444288,12.810781478881836,0.653630793094635,3.034116424711523,-44.0,11.0,15,0,57.74523571695645,0.07266923963085414,-0.00952980574220419,170.03867646948385,19
446.111215872,12.71360969543457,0.658169686794281,3.0355356234009916,-44.0,11.0,15,0,57.64882460998863,0.07431298906052719,-0.004734037015055066,170.03939516449813,19
446.214724864,12.632608413696289,0.662348210811615,3.036654007682342,-44.0,11.0,15,0,57.56838872379158,0.07561238195776365,-0.004644769113948399,170.03988055988242,19
446.332819968,12.533777236938477,0.6674103140830994,3.0423725695970347,-44.0,11.0,15,0,57.47025646622172,0.08155310159813478,-0.03291675139838769,170.04209847571806,19
446.459766272,12.437746047973633,0.672304093837738,3.0395264586453843,-44.0,11.0,15,0,57.37491160521055,0.07892400941360167,-0.08199205749471208,170.04939210001106,19
446.561810944,12.36029052734375,0.6763259768486023,3.0449293664602464,-44.0,11.0,15,0,57.2979981645335,0.08450120063668054,-0.09101998078674353,170.0582195783603,19
446.658711296,12.283565521240234,0.6790767312049866,3.039782534126203,-44.0,11.0,15,0,57.22203426044985,0.07954866759340185,-0.1155706026719304,170.06822892848882,19
446.770949376,12.192686080932617,0.6818515658378601,3.011112490893624,-44.0,11.0,15,0,57.1321464335066,0.05111775868488877,-0.2574521682588747,170.0891626082916,19
446.8740864,12.116289138793945,0.6825713515281677,2.9606601226827274,-44.0,11.0,15,0,57.05687724214348,0.0008948010097107328,-0.40177490518096304,170.12315796753902,19
446.9865856,12.044166564941406,0.6835026144981384,2.894469053545646,-44.0,11.0,15,0,56.98577650838815,0.06508348163157374,-0.5003901033028361,170.17390438840022,19
447.089914624,11.966169357299805,0.6841117739677429,2.7936816575181926,-44.0,11.0,15,0,56.908959421359604,0.1656332834974874,-0.6398201147524627,170.23281279289347,19
447.194562304,11.906333923339844,0.6838962435722351,2.6924960894560637,-44.0,11.0,15,0,56.850155404021216,0.2666243344101429,-0.6712417982559484,170.3014125866598,19
447.310031104,11.83010482788086,0.6855420470237732,2.700437907329279,-44.0,11.0,15,0,56.77489452175037,0.2584673835654079,-0.6766539372676856,170.37923253821285,19
447.39300608,11.756790161132812,0.6860565543174744,2.701099401468093,-44.0,11.0,15,0,56.70270785838481,0.2575799153766285,-0.6772105097770691,170.43540097321323,19
447.512947456,11.683708190917969,0.6869321465492249,2.698213206868886,-44.0,11.0,15,0,56.63068714434944,0.26024657767248893,-0.6803266406059265,170.51681341010726,19
447.61730176,11.594097137451172,0.6883028149604797,2.6980879865088068,-44.0,11.0,15,0,56.54232693623697,0.26010701576448225,-0.6902853263186779,170.5883280390385,19
447.714059776,11.518259048461914,0.6888857483863831,2.7002213445805716,-44.0,11.0,15,0,56.4676559180736,0.2577388766900621,-0.7823353162517646,170.6595719648864,19
447.817707264,11.441286087036133,0.6893042922019958,2.704410430612372,-44.0,11.0,15,0,56.391902335028476,0.2533078424442303,-0.9068592527570729,170.7471123517969,19
447.9226112,11.36351203918457,0.690068781375885,2.7048335926825584,-44.0,11.0,15,0,56.31530118045801,0.2526455161467096,-0.9508090409632953,170.84455070969375,19
448.06033152,11.286161422729492,0.6912955641746521,2.70426628863562,-44.0,11.0,15,0,56.23903477128059,0.25298246550025727,-0.9584073278712819,170.97601965432628,19
448.121860352,11.206060409545898,0.6924635767936707,2.707619336422765,-44.0,11.0,15,0,56.16007846378205,0.24938842053443455,-0.9615145325660706,171.0350849291283,19
448.264143872,11.10911750793457,0.6935154795646667,2.7078704004508887,-44.0,11.0,15,0,56.06459181759298,0.24883843840811481,-0.9615145325660706,171.1718926013529,19
448.378081024,11.029531478881836,0.6948797106742859,2.709074017383787,-44.0,11.0,15,0,55.98611291170981,0.24739745004153502,-0.9642130136489868,171.28159855742476,19
448.478001152,10.934694290161133,0.6956998705863953,2.7105946480343848,-44.0,11.0,15,0,55.89274763250144,0.24557892524258795,-0.9642130136489868,171.37794284516784,19
448.584150784,10.841323852539062,0.6972035765647888,2.7121836578578864,-44.0,11.0,15,0,55.800702648280506,0.24370791721420426,-0.9642130136489868,171.48029370173626,19
448.680953344,10.764745712280273,0.6981380581855774,2.713884635289495,-44.0,11.0,15,0,55.72527014200043,0.24176969308772556,-0.9642130136489868,171.5736319898428,19
448.779529728,10.694101333618164,0.6995367407798767,2.708776036121309,-44.0,11.0,15,0,55.655586099210524,0.24666833371935004,-0.9654016494750977,171.66873920784488,19
448.889813504,10.614946365356445,0.7015470862388611,2.705342232492651,-44.0,11.0,15,0,55.577427962327626,0.24987409515743453,-1.0,171.77711516547527,19
449.008951552,10.5543212890625,0.7033337950706482,2.7021898859987465,-44.0,11.0,15,0,55.5175225153824,0.25285572057354777,-1.0,171.89625321347523,19
449.122123264,10.484716415405273,0.7049650549888611,2.701918671463752,-44.0,11.0,15,0,55.44882385935822,0.2529230273368075,-1.0,172.00942492547523,19
449.268608,10.421096801757812,0.7062354683876038,2.695009106301226,-44.0,11.0,15,0,55.38607555458841,0.2596418629826429,-1.0,172.15590966147522,19
449.333003264,10.365560531616211,0.7088186144828796,2.696705911718082,-44.0,11.0,15,0,55.331027337529534,0.25780438534682437,-1.0,172.22030492547526,19
449.45019776,10.309709548950195,0.7110361456871033,2.6955245529702054,-44.0,11.0,15,0,55.275739058710826,0.2588372331582516,-1.0,172.33749942147523,19
449.54768768,10.246782302856445,0.7131008505821228,2.6958826703398135,-44.0,11.0,15,0,55.21352809161712,0.25830371337947833,-1.0,172.43498934147527,19
449.675986944,10.194374084472656,0.7146562933921814,2.6925116796677915,-44.0,11.0,15,0,55.16174831865664,0.26152539713921774,-1.0,172.56328860547524,19
449.788200448,10.138383865356445,0.716953456401825,2.694158993563937,-44.0,11.0,15,0,55.106312286075664,0.2597295895266498,-1.0,172.67550210947525,19
449.870053888,10.096410751342773,0.7180883288383484,2.6975439667178747,-44.0,11.0,15,0,55.06486505741719,0.2562226256380651,-1.0,172.75735554947522,19
449.993057792,10.052366256713867,0.7185749411582947,2.6938361512608995,-44.0,11.0,15,0,55.02150487936983,0.2597896580668424,-1.0,172.88035945347525,19
450.110190592,10.013694763183594,0.7198026776313782,2.695764680114478,-44.0,11.0,15,0,54.98328545073677,0.25775163923176647,-1.0,172.99749225347523,19
450.20333952,9.988666534423828,0.719979465007782,2.695514260777557,-44.0,11.0,15,0,54.95866570764866,0.25792007248922966,-1.0,173.09064118147523,19
450.353083136,9.967985153198242,0.7206036448478699,2.6949679592365863,-44.0,11.0,15,0,54.93823268837596,0.25840712039773095,-1.0,173.24038479747526,19
450.4258816,9.950149536132812,0.7210728526115417,2.691471580315833,-44.0,11.0,15,0,54.92062434343232,0.2618511279218807,-1.0,173.31318326147527,19
450.521287424,9.935022354125977,0.7211379408836365,2.693292652520117,-44.0,11.0,15,0,54.90575235410595,0.259979655523066,-1.0,173.40858908547523,19
450.630762496,9.924144744873047,0.7210702300071716,2.6883711202486036,-44.0,11.0,15,0,54.89507977662902,0.26486288013012427,-1.0,173.51806415747524,19
450.746226432,9.916040420532227,0.72125643491745,2.689920956404462,-44.0,11.0,15,0,54.887083944268625,0.26328872864401864,-1.0,173.63352809347526,19
450.850203648,9.909780502319336,0.7212831377983093,2.6810256511909722,-44.0,11.0,15,0,54.88092978568748,0.2721631510314686,-1.0,173.73750530947524,19
450.962145024,9.907594680786133,0.7212650179862976,2.6822994358913923,-44.0,11.0,15,0,54.8787860388547,0.27088158218699654,-1.0,173.84944668547524,19
451.075184128,9.911260604858398,0.721005380153656,2.6770132820995207,-44.0,11.0,15,0,54.882435718541025,0.2761755997050388,-1.0,173.96248578947524,19
451.154546176,9.909381866455078,0.7210680842399597,2.674059271279257,-44.0,11.0,15,0,54.88057848230197,0.2791243212848191,-0.382775405797926,174.01735573353932,19
451.249634048,9.877370834350586,0.7226871848106384,2.677184631346606,-44.0,11.0,15,0,54.84883086013217,0.27591864772210917,-0.04967603188640046,174.0379161770157,19
451.363927296,9.79609489440918,0.7248122096061707,2.6782891930164925,-44.0,11.0,15,0,54.76859784599324,0.2745741362977454,0.0,174.0407549945317,19
451.478769152,9.69644546508789,0.7274729609489441,2.6721835715468254,-44.0,11.0,15,0,54.67022102894036,0.2803855973099183,0.0,174.0407549945317,19
451.590329856,9.572776794433594,0.7303428053855896,2.650773727931819,-44.0,11.0,15,0,54.548219699281645,0.30142111891142953,-0.00029701193404246503,174.04077156196195,19
451.673606144,9.471160888671875,0.734071671962738,2.6542459633416096,-44.0,11.0,15,0,54.44772108379405,0.2976647800221839,-0.38276399083431095,174.056721511156,19
451.794465792,9.36679458618164,0.7380704283714294,2.65927935615439,-44.0,11.0,15,0,54.344474999182495,0.2923415533743916,-1.0,174.14028169575565,19
451.890419456,9.23347282409668,0.7414514422416687,2.6638588766033915,-44.0,11.0,15,0,54.21291771732753,0.28735889812198856,-1.0,174.23623535975568,19
451.993949184,9.115964889526367,0.7444875836372375,2.663844155038456,-44.0,11.0,15,0,54.096961662070896,0.28701769604739225,-1.0,174.33976508775564,19
452.109921024,9.009382247924805,0.7464661002159119,2.6561986252197043,-44.0,11.0,15,0,53.991939803461655,0.2943249730447728,-1.0,174.45573692775568,19
452.198570752,8.910144805908203,0.7509458661079407,2.62824234236602,-44.0,11.0,15,0,53.89365949739936,0.32201317608610136,-1.0,174.5443866557557,19
452.310157568,8.782598495483398,0.7563778758049011,2.602570595500027,-44.0,11.0,15,0,53.7674111163882,0.34733298427436976,-1.0,174.6559734717557,19
452.410468096,8.674226760864258,0.7600154280662537,2.599682367264879,-44.0,11.0,15,0,53.66033403631018,0.3499029930114621,-1.0,174.75628399975565,19
452.548267776,8.541349411010742,0.764255702495575,2.594989532464988,-44.0,11.0,15,0,53.529093577734095,0.3541998825376762,-1.0,174.89408367975565,19
452.649246464,8.414360046386719,0.7681192755699158,2.598088408902407,-44.0,11.0,15,0,53.40371262591417,0.35071731713706633,-1.0,174.99506236775565,19
452.770180864,8.323612213134766,0.7713696360588074,2.594608132922432,-44.0,11.0,15,0,53.314025116779966,0.3539313089535914,-1.0,175.11599676775566,19
452.91000064,8.269100189208984,0.7744683623313904,2.5636078565663425,-44.0,11.0,15,0,53.25993176734766,0.38479231902831046,-1.0,175.25581654375569,19
452.993493504,8.184698104858398,0.7785183787345886,2.543768508849895,-44.0,11.0,15,0,53.17632370547139,0.4044016784033895,-1.0,175.33930940775568,19
453.107651584,8.079574584960938,0.7839295268058777,2.5317564232251284,-44.0,11.0,15,0,53.07212248312459,0.4161330806890091,-1.0,175.45346748775566,19
453.21057408,7.981004238128662,0.7883467078208923,2.5271194848431726,-44.0,11.0,15,0,52.97454732759896,0.42049366675290845,-1.0,175.55638998375568,19
453.311363584,7.8749098777771,0.7914597392082214,2.537552414266758,-44.0,11.0,15,0,52.86984555570125,0.4097316903511352,-1.0,175.65717948775566,19
453.418029056,7.770448207855225,0.7951064705848694,2.5357076409689068,-44.0,11.0,15,0,52.76664817466539,0.4112620187187299,-1.0,175.7638449597557,19
453.522905088,7.6244215965271,0.8007451891899109,2.540285513144105,-44.0,11.0,15,0,52.62229284126459,0.4062526032726437,-1.0,175.86872099175568,19
453.626169088,7.484313488006592,0.8064301609992981,2.543643782225331,-44.0,11.0,15,0,52.48374416325423,0.4024831860989493,-1.0,175.97198499175565,19
453.732081408,7.334147930145264,0.8109351992607117,2.5511403967042146,-44.0,11.0,15,0,52.33556902554611,0.394513730447295,-1.0,176.07789731175566,19
453.843023616,7.174437046051025,0.817068874835968,2.5426408703232464,-44.0,11.0,15,0,52.17772602634264,0.40253264266855426,-1.0,176.18883951975565,19
453.954342912,6.955319881439209,0.824341356754303,2.5799683721186506,-44.0,11.0,15,0,51.961415040813264,0.36451944064969144,-1.0,176.30015881575568,19
454.069249792,6.73856782913208,0.8309832215309143,2.652889694991096,-44.0,11.0,15,0,51.74757161058113,0.29090371759886624,-1.0,176.41506569575566,19
454.169194752,6.5745530128479,0.8336367011070251,2.6782856482694335,-44.0,11.0,15,0,51.586241917534956,0.2649334031495969,-1.0,176.51501065575567,19
454.273847808,6.435939311981201,0.8373621106147766,2.6481912111153343,-44.0,11.0,15,0,51.44961791065721,0.294567876533403,-1.0,176.6196637117557,19
454.387168256,6.2968525886535645,0.8402835726737976,2.611067446988078,-44.0,11.0,15,0,51.31270035973968,0.3312120450772298,-1.0,176.73298415975566,19
454.498454784,6.192962169647217,0.8447548747062683,2.5801242859172038,-44.0,11.0,15,0,51.20998393788499,0.3618391131162517,-1.0,176.84427068775565,19
454.610196224,6.105133533477783,0.8478807806968689,2.5577799224883933,-44.0,11.0,15,0,51.12328169289002,0.3839027215567925,-1.0,176.95601212775566,19
454.710254336,6.037326335906982,0.8505168557167053,2.5374539654116766,-44.0,11.0,15,0,51.05630259764352,0.40401554815734775,-1.0,177.05607023975566,19
454.810154752,5.985498905181885,0.8523879647254944,2.513706649743753,-44.0,11.0,15,0,51.005138278592945,0.4275968215317536,-1.0,177.15597065575568,19
454.911042048,5.946200847625732,0.8540632128715515,2.5088812215204004,-44.0,11.0,15,0,50.9662929042301,0.43230105793393525,-1.0,177.25685795175568,19
455.018698752,5.909928798675537,0.8550767302513123,2.4871919541718346,-44.0,11.0,15,0,50.930545459851004,0.4538680509253816,-1.0,177.36451465575564,19
455.129362432,5.87667989730835,0.85654217004776,2.476625780531927,-44.0,11.0,15,0,50.897671207301634,0.4643323177471439,-1.0,177.47517833575566,19
455.241981696,5.845409870147705,0.8578061461448669,2.4596605173451667,-44.0,11.0,15,0,50.86677679283596,0.4811994182363821,-1.0,177.58779759975565,19
455.337796608,5.8069376945495605,0.8585136532783508,2.4416020261603513,-44.0,11.0,15,0,50.828936520740655,0.49912063395853723,-1.0,177.68361251175568,19
455.436559104,5.757012844085693,0.8601753115653992,2.441077629794493,-44.0,11.0,15,0,50.779684637448234,0.4994809321513274,-1.0,177.7823750077557,19
455.562531584,5.701850414276123,0.862923800945282,2.432063517954396,-44.0,11.0,15,0,50.72508500208276,0.5083309861757792,-1.0,177.90834748775566,19
455.662001408,5.637080669403076,0.865327775478363,2.430067731363639,-44.0,11.0,15,0,50.66114249086097,0.5101177698122972,-1.0,178.00781731175564,19
455.76225664,5.566917896270752,0.8669752478599548,2.4005001032275377,-44.0,11.0,15,0,50.59206993554552,0.5394398699687928,-1.0,178.10807254375564,19
455.857697792,5.472774982452393,0.8711509108543396,2.3784764501924505,-44.0,11.0,15,0,50.49900046867318,0.5611711465258562,-1.0,178.20351369575567,19
455.999560704,5.387635707855225,0.8740281462669373,2.3697894895294818,-44.0,11.0,15,0,50.41501628279426,0.5695752933271465,-1.0,178.34537660775564,19
456.091083776,5.280850887298584,0.8769925236701965,2.3511847839712394,-44.0,11.0,15,0,50.30981558843151,0.5878114026420125,-1.0,178.43689967975567,19
456.200524544,5.187488079071045,0.8796359896659851,2.3085471742315375,-44.0,11.0,15,0,50.21783300014468,0.6301264886061109,-1.0,178.54634044775568,19
456.301267456,5.086734294891357,0.8831412196159363,2.2938962980811684,-44.0,11.0,15,0,50.11844286606974,0.6444407316500493,-1.0,178.64708335975567,19
456.41254784,4.946465969085693,0.88686603307724,2.2786534941163596,-44.0,11.0,15,0,49.98031622044613,0.6591900155603967,-1.0,178.75836374375567,19
456.481636608,4.810954570770264,0.8906474709510803,2.2652970087592688,-44.0,11.0,15,0,49.846848392515106,0.6720707140551907,-1.0,178.82745251175564,19
456.588653824,4.662558078765869,0.8943690657615662,2.2629341302084995,-44.0,11.0,15,0,49.700788075726706,0.673901372050608,-1.0,178.93446972775567,19
456.709978368,4.517469882965088,0.8975666165351868,2.262643588943804,-44.0,11.0,15,0,49.55808757520581,0.6736598116598826,-1.0,179.05579427175567,19
456.81047552,4.376641750335693,0.9015595316886902,2.272221668542488,-44.0,11.0,15,0,49.419408808001236,0.663579929363113,-1.0,179.15629142375568,19
456.905843712,4.239852428436279,0.9043082594871521,2.2624929219200403,-44.0,11.0,15,0,49.28495058369003,0.6727961256150494,-1.0,179.25165961575564,19
457.011531264,4.065824031829834,0.9091736674308777,2.1970615184828413,-44.0,11.0,15,0,49.11362556290159,0.7375986543518818,-1.0,179.35734716775565,19
457.114135296,3.9048943519592285,0.9130825400352478,2.1220052330741033,-44.0,11.0,15,0,48.955334813649436,0.812057682277429,-1.0,179.45995119975564,19
457.264233216,3.693146228790283,0.9192962050437927,2.022178554325283,-44.0,11.0,15,0,48.746864373028316,0.9111140767612085,-1.0,179.61004911975564,19
457.36301824,3.508645534515381,0.9234022498130798,1.9315068363988772,-44.0,11.0,15,0,48.56551474805245,1.0010828905937394,-1.0,179.70883414375564,19
457.465158144,3.3268275260925293,0.9283167719841003,1.7908931864822093,-44.0,11.0,15,0,48.38664492119707,1.1410162521646168,-1.0,179.81097404775565,19
457.574025984,3.140409469604492,0.9334716200828552,1.6243402999196586,-44.0,11.0,15,0,48.20324883849277,1.306868750413754,-1.0,179.91984188775567,19
457.673005312,2.9130940437316895,0.9406705498695374,1.4122949895517378,-44.0,11.0,15,0,47.979459164753784,1.518071382759234,-1.0,180.01882121575565,19
457.769622272,2.722778797149658,0.9424082636833191,1.2394862111679912,-44.0,11.0,15,0,47.793024700910095,1.6900808346261949,-1.0,180.11543817575566,19
457.86810624,2.5158820152282715,0.9456838965415955,1.094191481979179,-44.0,11.0,15,0,47.590088799695465,1.834527967104691,-1.0,180.21392214375564,19
457.971735552,2.3519740104675293,0.9503563046455383,1.0346453926266534,-44.0,11.0,15,0,47.428902929233296,1.893440228609002,-1.0,180.31755145575565,19
458.074171648,2.196465015411377,0.9529836773872375,1.014582832224944,-44.0,11.0,15,0,47.27637800114317,1.9128601240903347,-1.0,180.41998755175567,19
458.195000576,2.0014476776123047,0.9539641737937927,0.9212600598743337,-44.0,11.0,15,0,47.08562439065156,2.005323051579529,-1.0,180.54081647975565,19
458.310633728,1.834047794342041,0.9529317021369934,0.8012871922255133,-44.0,11.0,15,0,46.922313653484245,2.1245132511458973,-1.0,180.6564496317557,19
458.409936896,1.627108097076416,0.9508240818977356,0.5776176279771323,-44.0,11.0,15,0,46.72064779019296,2.3471903430769574,-1.0,180.75575279975564,19
458.51188864,1.468822956085205,0.9563724398612976,0.3254056382732625,-44.0,11.0,15,0,46.56488285799287,2.5987875526040227,-1.0,180.85770454375566,19
458.66004864,1.3252911567687988,0.9600347876548767,0.1079100409789048,-44.0,11.0,15,0,46.423947698477384,2.815693316797029,-1.0,181.00586454375568,19
458.75339648,1.1425070762634277,0.9598276019096375,-0.03665660391930282,-44.0,11.0,15,0,46.24555121213142,2.9594007992340012,-1.0,181.09921238375566,19
458.858922496,1.0226259231567383,0.959189236164093,-0.09529578781065505,-44.0,11.0,15,0,46.12867574309573,3.0174622509171716,-1.0,181.20473839975566,19
458.977938688,0.8901314735412598,0.9586922526359558,-0.13535058794151783,-44.0,11.0,15,0,45.99947570341528,3.0568795419557873,-1.0,181.32375459175566,19
459.109980928,0.7682676315307617,0.9581806063652039,-0.13285224830552583,-44.0,11.0,15,0,45.88067047747608,3.053790513816315,-1.0,181.4557968317557,19
459.210761472,0.6573929786682129,0.9580133557319641,-0.0746850879602736,-44.0,11.0,15,0,45.77252716875989,2.9950896243321035,-1.0,181.55657737575567,19
459.342912512,0.5729179382324219,0.9575493931770325,-0.0012564009499677754,-44.0,11.0,15,0,45.69021588610499,2.921245409625068,-1.0,181.68872841575566,19
459.425719296,0.4920482635498047,0.9571434855461121,0.12724352762577307,-44.0,11.0,15,0,45.61141661531633,2.7923471009980174,-1.0,181.77153519975568,19
459.526133248,0.3976097106933594,0.9582117199897766,0.1611642685331557,-44.0,11.0,15,0,45.51906479579303,2.7579924376908345,-1.0,181.87194915175567,19
459.642446336,0.27141809463500977,0.9569408297538757,0.06412616748028753,-44.0,11.0,15,0,45.39627184700348,2.854389996382487,-1.0,181.98826223975564,19
459.734789376,0.1515665054321289,0.9562186598777771,-0.021339764391875387,-44.0,11.0,15,0,45.27955795380277,2.9392547926372803,-1.0,182.08060527975564,19
459.842479872,0.034680843353271484,0.9555379748344421,-0.14379420211539296,-44.0,11.0,15,0,45.16574292924867,3.061120488334856,-1.0,182.18829577575568,19
459.94576,-0.0330810546875,0.9532737135887146,-0.2445547721692436,-44.0,11.0,15,0,45.10018481799988,3.121687333832126,-1.0,182.29157590375567,19
460.058345472,-0.0515751838684082,0.9543036818504333,-0.14184214977556248,-44.0,11.0,15,0,45.08192607171587,3.058716237879901,-1.0,182.40416137575565,19
460.159241472,-0.056710243225097656,0.9545664191246033,-0.04075463221233842,-44.0,11.0,15,0,45.07686158635777,2.9576090178718655,-1.0,182.50505737575568,19
460.30003712,-0.06902885437011719,0.954150378704071,-0.1055322064731804,-44.0,11.0,15,0,45.06494558314541,3.0223166753601465,-1.0,182.64585302375568,19
460.405068032,-0.07999897003173828,0.9537040591239929,-0.17043938713168497,-44.0,11.0,15,0,45.054351095139246,3.0871599212359637,-1.0,182.75088393575564,19
460.510963712,-0.07596635818481445,0.9536790251731873,-0.15252647427064636,-44.0,11.0,15,0,45.0582877670308,3.069266423116127,-1.0,182.85677961575564,19
460.609689856,-0.07561016082763672,0.9535612463951111,-0.08780534861839254,-44.0,11.0,15,0,45.058661258114654,3.0045445119284153,-1.0,182.95550575975565,19
460.711158272,-0.08866691589355469,0.9538833498954773,-0.09576049549715637,-44.0,11.0,15,0,45.04586144110076,3.0124420023395793,-1.0,183.05697417575564,19
460.810124032,-0.1224203109741211,0.9541837573051453,-0.06261446170202069,-44.0,11.0,15,0,45.01289174612989,2.9791352405379516,-1.0,183.15593993575564,19
460.91009024,-0.1786808967590332,0.9536510109901428,-0.09464087319277864,-44.0,11.0,15,0,44.95817095875955,3.010870818444662,-1.0,183.25590614375565,19
461.010239488,-0.2757225036621094,0.9539411664009094,-0.12669699851028643,-44.0,11.0,15,0,44.8635234981036,3.042449894927575,-1.0,183.3560553917557,19
461.11868032,-0.3771500587463379,0.9536826014518738,-0.1536289355101023,-44.0,11.0,15,0,44.76473534233734,3.0688688354280025,-1.0,183.46449622375567,19
461.254545664,-0.5106024742126465,0.952308714389801,-0.1761791951503291,-44.0,11.0,15,0,44.63500641118904,3.090718100944546,-1.0,183.60036156775564,19
461.364238592,-0.6426777839660645,0.9522977471351624,-0.18023336753658128,-44.0,11.0,15,0,44.50633337298429,3.0941040115896605,-1.0,183.71005449575566,19
461.458887424,-0.7453384399414062,0.952070415019989,-0.175043751834135,-44.0,11.0,15,0,44.40638057329067,3.0883874890807013,-1.0,183.80470332775567,19
461.584852736,-0.8512263298034668,0.9530343413352966,-0.13331010405909455,-44.0,11.0,15,0,44.303026851313824,3.0461342253151846,-1.0,183.93066863975568,19
461.700066816,-0.9188833236694336,0.9530492424964905,-0.10719390270537463,-44.0,11.0,15,0,44.23713184196403,3.0196715135612724,-1.0,184.04588271975567,19
461.781524736,-0.9689173698425293,0.9530830979347229,-0.08475886483305958,-44.0,11.0,15,0,44.18839906084452,2.9969800610840034,-1.0,184.12734063975566,19
461.910132224,-1.0096955299377441,0.9537209868431091,-0.06579657481760946,-44.0,11.0,15,0,44.14854471484707,2.977821833374769,-1.0,184.25594812775566,19
462.010281728,-1.0418028831481934,0.9540230631828308,-0.05493871908541426,-44.0,11.0,15,0,44.1172115182426,2.9668050356197515,-1.0,184.35609763175566,19
462.105943552,-1.0680642127990723,0.9541372656822205,-0.04847302155935111,-44.0,11.0,15,0,44.09161449202216,2.960206233579303,-1.0,184.45175945575565,19
462.220607232,-1.093855381011963,0.9543032050132751,-0.04632293229398656,-44.0,11.0,15,0,44.06646423486144,2.9579264606157576,-0.8047012043295293,184.55522629645012,19
462.330074624,-1.1501617431640625,0.9592427611351013,-0.03699720557486035,-44.0,11.0,15,0,44.010515159071005,2.9484183570992357,0.0,184.59927056753872,19
462.446501376,-1.2140722274780273,0.961897075176239,-0.020322152855369747,-44.0,11.0,15,0,43.9476862381266,2.9314703317961817,0.0,184.59927056753872,19
462.554144256,-1.3059229850769043,0.9660237431526184,-0.020307562800772016,-44.0,11.0,15,0,43.85732426492936,2.9310689858743295,0.0,184.59927056753872,19
462.695002368,-1.38248872756958,0.9683770537376404,-0.021941844191737284,-44.0,11.0,15,0,43.78225355085907,2.9323554930754847,0.0,184.59927056753872,19
462.76978688,-1.4585933685302734,0.9714273810386658,-0.024266109743772152,-44.0,11.0,15,0,43.70747701432602,2.93434873239611,0.0,184.59927056753872,19
462.867035136,-1.5518720149993896,0.9746879935264587,-0.01689547723474211,-44.0,11.0,15,0,43.615942615724066,2.9265601579211875,0.0,184.59927056753872,19
462.985601024,-1.6185417175292969,0.9763786196708679,-0.002169322726182892,-44.0,11.0,15,0,43.55067154160767,2.911519910474359,0.0,184.59927056753872,19
463.082115328,-1.6882619857788086,0.9782071709632874,0.02173181539948966,-44.0,11.0,15,0,43.48240454818733,2.887290654443782,0.0,184.59927056753872,19
463.193976832,-1.7421815395355225,0.9801928400993347,0.02306449031371629,-44.0,11.0,15,0,43.42948027042425,2.885716320408708,0.0,184.59927056753872,19
463.310304,-1.7968904972076416,0.9816296696662903,0.016091086784386723,-44.0,11.0,15,0,43.37591723272712,2.8924309610123498,0.0,184.59927056753872,19
463.411916288,-1.8632783889770508,0.9832939505577087,0.004151713552730788,-44.0,11.0,15,0,43.310942130202875,2.9040536919298656,0.0,184.59927056753872,19
463.5469952,-1.9286408424377441,0.9839261174201965,-0.009790020391707321,-44.0,11.0,15,0,43.247207972144224,2.9176601065319803,0.0,184.59927056753872,19
463.65185152,-1.9825668334960938,0.9847578406333923,-0.022466081212273337,-44.0,11.0,15,0,43.19455712717028,2.930065758843954,0.0,184.59927056753872,19
463.749590016,-2.039166212081909,0.9861909747123718,-0.025184914950501246,-44.0,11.0,15,0,43.13916947939796,2.9325126992474857,0.0,184.59927056753872,19
463.882956032,-2.1110737323760986,0.9874075055122375,-0.01769679095526248,-44.0,11.0,15,0,43.068946496461976,2.9246644910448376,0.0,184.59927056753872,19
463.97759104,-2.172184944152832,0.98794025182724,-0.0147374001401605,-44.0,11.0,15,0,43.00938796062014,2.9213868237470235,0.0,184.59927056753872,19
464.094126848,-2.233189105987549,0.9882311224937439,-0.012775609895784829,-44.0,11.0,15,0,42.94999427605084,2.9191009788929154,0.0,184.59927056753872,19
464.199016192,-2.2984256744384766,0.9880480170249939,0.002971719692798343,-44.0,11.0,15,0,42.88660028190308,2.9029949149721457,0.0,184.59927056753872,19
464.31000576,-2.3788466453552246,0.988254725933075,0.021120948368954298,-44.0,11.0,15,0,42.80835724486119,2.884411812605263,0.0,184.59927056753872,19
464.38597888,-2.4456446170806885,0.9869336485862732,0.03544181008388267,-44.0,11.0,15,0,42.743724089599034,2.8696954139112636,0.0,184.59927056753872,19
464.473486848,-2.51259183883667,0.986376941204071,0.050930396253303416,-44.0,11.0,15,0,42.678773209812526,2.8538266820830014,0.0,184.59927056753872,19
464.585920512,-2.589855670928955,0.9858660101890564,0.054144165221486316,-44.0,11.0,15,0,42.603790123889,2.8501757476540863,0.0,184.59927056753872,19
464.711680512,-2.6519548892974854,0.9840895533561707,0.051487884499411114,-44.0,11.0,15,0,42.5438514541394,2.8524483472752555,0.0,184.59927056753872,19
464.810408448,-2.7174978256225586,0.9832375645637512,0.058640668555006076,-44.0,11.0,15,0,42.480354464922314,2.8449128327760747,0.0,184.59927056753872,19
464.91042176,-2.782259225845337,0.9847235083580017,0.06384717989155266,-44.0,11.0,15,0,42.41707106495507,2.8393803551642574,0.0,184.59927056753872,19
465.010882048,-2.857980251312256,0.984367311000824,0.06461575230763757,-44.0,11.0,15,0,42.34357905470865,2.8381813764648482,0.0,184.59927056753872,19
465.109943808,-2.920128583908081,0.9834908843040466,0.06541902612454102,-44.0,11.0,15,0,42.28340443279687,2.837010306866288,-3.9950734345804247e-05,184.59927254633376,19
465.226625792,-2.9814679622650146,0.9829537272453308,0.06683062436876491,-44.0,11.0,15,0,42.22394091698689,2.83524221551623,-0.038570575416088104,184.60152512273103,19
465.330019072,-3.055976390838623,0.980930507183075,0.06740113269668548,-44.0,11.0,15,0,42.152044111875036,2.8342057379340693,-0.0982583537697792,184.60859871862473,19
465.434793728,-3.124865770339966,0.9786350131034851,0.06473602688953539,-44.0,11.0,15,0,42.0856787339033,2.8364287944598328,-0.27552228190689687,184.62818008738597,19
465.569837568,-3.2212297916412354,0.9765006899833679,0.06326254647974919,-44.0,11.0,15,0,41.99260218328976,2.8373064804472845,-0.3102816939353943,184.6677346965785,19
465.663100928,-3.3013792037963867,0.9763684868812561,0.060256045878383,-44.0,11.0,15,0,41.914805539617674,2.8398534825630026,-0.31201838547948385,184.69675359474573,19
465.763677952,-3.380122184753418,0.9774535298347473,0.06143859736270947,-44.0,11.0,15,0,41.83809163277149,2.838246024701771,-0.4414190888020576,184.7346428442124,19
465.8742976,-3.470231056213379,0.9777429699897766,0.060087672560734835,-44.0,11.0,15,0,41.750542590633714,2.83908665511753,-0.5626315526702802,184.7901767084793,19
465.97997952,-3.5359864234924316,0.9781767725944519,0.05939962022818394,-44.0,11.0,15,0,41.68660858742474,2.839406159364583,-0.4270872473716736,184.84247440000357,19
466.08133888,-3.5970282554626465,0.9779275059700012,0.05976326491028685,-44.0,11.0,15,0,41.62741960373567,2.8386841705001453,-0.01605113036930561,184.8649325111832,19
466.20271744,-3.677048683166504,0.9778735041618347,0.06080053658333059,-44.0,11.0,15,0,41.54977042533816,2.837181965971461,0.0,184.8659066427285,19
466.311647232,-3.759211778640747,0.9766374230384827,0.06367646119638495,-44.0,11.0,15,0,41.470336796625105,2.8337992222289854,0.0,184.8659066427285,19
466.43259008,-3.8293638229370117,0.9768545031547546,0.06897829670822715,-44.0,11.0,15,0,41.40221559917888,2.828092937939992,0.0,184.8659066427285,19
466.560096512,-3.8993163108825684,0.9775151610374451,0.0734687423663217,-44.0,11.0,15,0,41.33418723867548,2.8232082923648116,0.0,184.8659066427285,19
466.639676928,-3.982753038406372,0.9773494601249695,0.07658443334936835,-44.0,11.0,15,0,41.25328566586705,2.8195982884512407,0.0,184.8659066427285,19
466.777042688,-4.052037239074707,0.9776331782341003,0.07905887010167173,-44.0,11.0,15,0,41.18601176926831,2.8167218303389916,0.0,184.8659066427285,19
466.875999232,-4.12171745300293,0.9774041771888733,0.0831446130906593,-44.0,11.0,15,0,41.11848545272019,2.8122183098918025,0.0,184.8659066427285,19
466.982711808,-4.204617977142334,0.977679431438446,0.08407901306544965,-44.0,11.0,15,0,41.03802309961087,2.810798019531875,0.0,184.8659066427285,19
467.075779072,-4.274118900299072,0.9769824147224426,0.08667588991504276,-44.0,11.0,15,0,40.97080070809403,2.8077703614612846,0.0,184.8659066427285,19
467.154687744,-4.343588829040527,0.9767188429832458,0.08530637391842419,-44.0,11.0,15,0,40.90350977743605,2.8087181397434025,0.0,184.8659066427285,19
467.27158016,-4.412766933441162,0.9760188460350037,0.08308109444966165,-44.0,11.0,15,0,40.83661616785963,2.8105116855867385,0.0,184.8659066427285,19
467.364122112,-4.482082366943359,0.9760413765907288,0.08052451972530497,-44.0,11.0,15,0,40.76941942849898,2.812651459966583,0.0,184.8659066427285,19
467.465437952,-4.550347328186035,0.9775180220603943,0.07756903998093595,-44.0,11.0,15,0,40.70288983505819,2.815229743923627,0.0,184.8659066427285,19
467.600052736,-4.618293762207031,0.9786439538002014,0.07372764735638815,-44.0,11.0,15,0,40.636761229267854,2.8186862747750547,0.0,184.8659066427285,19
467.708002816,-4.701080799102783,0.98098224401474,0.07544020726215926,-44.0,11.0,15,0,40.55595846670864,2.81652618790687,0.0,184.8659066427285,19
467.794320384,-4.784972667694092,0.9812862277030945,0.07606869607523521,-44.0,11.0,15,0,40.47459690132455,2.8153929321387334,0.0,184.8659066427285,19
467.903689984,-4.8552069664001465,0.9824876189231873,0.07927323376032105,-44.0,11.0,15,0,40.406254168734755,2.8117869428302207,0.0,184.8659066427285,19
468.00351232,-4.92374849319458,0.983969509601593,0.07842862105175788,-44.0,11.0,15,0,40.33948808063513,2.8122458992216215,0.0,184.8659066427285,19
468.110904576,-4.992860794067383,0.9861171841621399,0.08025951850365401,-44.0,11.0,15,0,40.27200961065065,2.810040555299869,0.0,184.8659066427285,19
468.204024576,-5.076548099517822,0.9869796633720398,0.0822245052635244,-44.0,11.0,15,0,40.19074127346838,2.807578589062656,0.0,184.8659066427285,19
468.353443328,-5.145968437194824,0.9890233874320984,0.08398992932859745,-44.0,11.0,15,0,40.1230036440549,2.805431440651441,0.0,184.8659066427285,19
468.454924544,-5.228165149688721,0.989827573299408,0.08256156368600345,-44.0,11.0,15,0,40.0432107812559,2.8063670906324596,0.0,184.8659066427285,19
468.556703488,-5.296849250793457,0.9903396964073181,0.08085490048947583,-44.0,11.0,15,0,39.97658286183458,2.8076566576104067,0.0,184.8659066427285,19
468.654386688,-5.367343425750732,0.9899563193321228,0.08180810668359259,-44.0,11.0,15,0,39.908434302447446,2.8062518659884423,0.0,184.8659066427285,19
468.771630848,-5.452085971832275,0.9892434477806091,0.08073237747083109,-44.0,11.0,15,0,39.82658562657378,2.806776564897268,0.0,184.8659066427285,19
468.857464832,-5.523468017578125,0.9882091879844666,0.08332591051111889,-44.0,11.0,15,0,39.75775985462325,2.803706557607155,0.0,184.8659066427285,19
469.002029056,-5.610407829284668,0.9859053492546082,0.08403922154937296,-44.0,11.0,15,0,39.6742092385965,2.8023852253180195,0.0,184.8659066427285,19
469.107948288,-5.685427665710449,0.982928454875946,0.0905225182585027,-44.0,11.0,15,0,39.60237588200537,2.795351049387362,0.0,184.8659066427285,19
469.208091136,-5.7574872970581055,0.9827646613121033,0.09519478362980995,-44.0,11.0,15,0,39.5327052156228,2.7902137180470605,0.0,184.8659066427285,19
469.304256256,-5.84229040145874,0.9806017279624939,0.0984895043783953,-44.0,11.0,15,0,39.45122486742732,2.786321279575259,0.0,184.8659066427285,19
469.409972992,-5.912506580352783,0.9792703986167908,0.09925184596567803,-44.0,11.0,15,0,39.38365367428101,2.7850734464739677,0.0,184.8659066427285,19
469.510655488,-5.983111381530762,0.9772220253944397,0.09983921131005535,-44.0,11.0,15,0,39.3158988013416,2.783978765734364,0.0,184.8659066427285,19
469.610359552,-6.0534586906433105,0.9746047854423523,0.09815667285407569,-44.0,11.0,15,0,39.24854833685941,2.7851398998669037,0.0,184.8659066427285,19
469.707305472,-6.123963832855225,0.9724604487419128,0.09689431829114827,-44.0,11.0,15,0,39.180934970810796,2.7858896944311002,0.0,184.8659066427285,19
469.80996992,-6.194131374359131,0.9693196415901184,0.09330605824345092,-44.0,11.0,15,0,39.11391377747574,2.7889412115215073,0.0,184.8659066427285,19
469.908004608,-6.264078617095947,0.9667088389396667,0.08839171450479592,-44.0,11.0,15,0,39.04698060208147,2.793331537391384,0.0,184.8659066427285,19
470.01007872,-6.335737228393555,0.9665800929069519,0.09002364313179817,-44.0,11.0,15,0,38.977765522932046,2.7912240192872435,0.0,184.8659066427285,19
470.112302848,-6.421602249145508,0.9643656611442566,0.09676282242704289,-44.0,11.0,15,0,38.89537162831391,2.783861561145306,0.0,184.8659066427285,19
470.253058048,-6.492045879364014,0.9627842307090759,0.09151377267388845,-44.0,11.0,15,0,38.827726210982746,2.788603151880838,0.0,184.8659066427285,19
470.361501184,-6.577337741851807,0.9592365622520447,0.08036558282287695,-44.0,11.0,15,0,38.746258927801605,2.7990938440390565,0.0,184.8659066427285,19
470.461483264,-6.648661136627197,0.9539846777915955,0.06941288099296523,-44.0,11.0,15,0,38.67874013900336,2.8094375464743546,0.0,184.8659066427285,19
470.560669184,-6.71702766418457,0.9466049075126648,0.03273183607916324,-44.0,11.0,15,0,38.6146446193517,2.8454741902192815,0.0,184.8659066427285,19
470.661623552,-6.803246021270752,0.9406413435935974,0.01647019055554367,-44.0,11.0,15,0,38.532962553278054,2.8610038646000877,0.0,184.8659066427285,19
470.79907712,-6.87250280380249,0.9375250935554504,0.00998569495517528,-44.0,11.0,15,0,38.46692669419381,2.8669401421692022,0.0,184.8659066427285,19
470.879614976,-6.956569671630859,0.9323095679283142,0.008820443945897977,-44.0,11.0,15,0,38.38716088914061,2.8674013874696946,0.0,184.8659066427285,19
471.013011456,-7.026461124420166,0.928045928478241,0.005947070778270465,-44.0,11.0,15,0,38.32084075020872,2.869689057831444,0.0,184.8659066427285,19
471.110311936,-7.111205101013184,0.9222838282585144,0.007563999326853245,-44.0,11.0,15,0,38.24060083651531,2.867344291112408,0.0,184.8659066427285,19
471.210553088,-7.181241035461426,0.9172839522361755,0.002759561249087926,-44.0,11.0,15,0,38.1743654117344,2.8715388955015744,0.0,184.8659066427285,19
471.312703744,-7.2540106773376465,0.9105259776115417,0.007725916328409052,-44.0,11.0,15,0,38.10597351268784,2.8658971054213893,0.0,184.8659066427285,19
471.410437632,-7.341830730438232,0.9004611372947693,0.0139249069968159,-44.0,11.0,15,0,38.023966908190104,2.85883134278356,0.0,184.8659066427285,19
471.512831232,-7.4151506423950195,0.8928064703941345,0.009568923368477065,-44.0,11.0,15,0,37.95532325726599,2.8624798049307696,0.0,184.8659066427285,19
471.616232192,-7.489730358123779,0.8840456604957581,0.003746811526967038,-44.0,11.0,15,0,37.885779938143585,2.8675548171431915,0.0,184.8659066427285,19
471.766447616,-7.578891754150391,0.873811662197113,-0.0005562140971117471,-44.0,11.0,15,0,37.80260329803424,2.870967174116135,0.0,184.8659066427285,19
471.867898112,-7.652601718902588,0.865340530872345,-0.0070786411991265175,-44.0,11.0,15,0,37.733866543993365,2.8767500466173077,0.0,184.8659066427285,19
471.970084096,-7.74188232421875,0.8528136610984802,-0.01135138843368549,-44.0,11.0,15,0,37.651248159751496,2.880065433501252,0.0,184.8659066427285,19
472.085989632,-7.814981937408447,0.8399102091789246,-0.0220739728514604,-44.0,11.0,15,0,37.58434456988206,2.8899332284538737,0.0,184.8659066427285,19
472.1877888,-7.8866682052612305,0.8241342902183533,-0.026760454785457684,-44.0,11.0,15,0,37.51960789054704,2.8936983962487624,0.0,184.8659066427285,19
472.291675904,-7.969941139221191,0.8061801791191101,-0.04053685564330418,-44.0,11.0,15,0,37.44434675691071,2.9064101233080804,0.0,184.8659066427285,19
472.379377664,-8.039512634277344,0.7905028462409973,-0.0559645618893784,-44.0,11.0,15,0,37.38168647496942,2.920927616790972,0.0,184.8659066427285,19
472.489080832,-8.11011791229248,0.7752274870872498,-0.08496032593519678,-44.0,11.0,15,0,37.31795290755329,2.9490128814660386,0.0,184.8659066427285,19
472.610040064,-8.19894790649414,0.7638859152793884,-0.08404886041098232,-44.0,11.0,15,0,37.23564639639463,2.9471548456936603,0.0,184.8659066427285,19
472.71246848,-8.286139488220215,0.7534704804420471,-0.07215817961627885,-44.0,11.0,15,0,37.1546928375143,2.934349523856114,0.0,184.8659066427285,19
472.85183616,-8.358125686645508,0.7427591681480408,-0.060165321299981304,-44.0,11.0,15,0,37.08846443372346,2.9215437899190846,0.0,184.8659066427285,19
472.944727808,-8.440934181213379,0.73153156042099,-0.05372165350947935,-44.0,11.0,15,0,37.01200624121083,2.91418984092485,0.0,184.8659066427285,19
473.049352192,-8.510014533996582,0.7194926142692566,-0.04574988683288139,-44.0,11.0,15,0,36.94899052051623,2.9053863401113,0.0,184.8659066427285,19
473.147043072,-8.578843116760254,0.7078604102134705,-0.03715999762598683,-44.0,11.0,15,0,36.88612872453185,2.8959743690636373,0.0,184.8659066427285,19
473.245648128,-8.646903038024902,0.7033305764198303,-0.032727946915599535,-44.0,11.0,15,0,36.82204320812879,2.890908450086765,0.0,184.8659066427285,19
473.347083008,-8.730376243591309,0.6955592036247253,-0.020975812215225383,-44.0,11.0,15,0,36.744086055372655,2.8783179970812407,0.0,184.8659066427285,19
473.494048768,-8.801180839538574,0.6902064681053162,-0.005735438672576601,-44.0,11.0,15,0,36.67763232490837,2.8623961660236326,0.0,184.8659066427285,19
473.578013952,-8.888615608215332,0.6811891198158264,0.019502368000635324,-44.0,11.0,15,0,36.59627265021217,2.8362503159124177,0.0,184.8659066427285,19
473.674038784,-8.960983276367188,0.6759964823722839,0.03494969434755606,-44.0,11.0,15,0,36.528314245130574,2.8201079948445056,-0.035743743698304374,184.86762278622035,19
473.779705088,-9.03264045715332,0.6669235825538635,0.039761970073239145,-44.0,11.0,15,0,36.46215437474166,2.8145015951111914,-0.8063309571117346,184.9121122468836,19
473.909920256,-9.122823715209961,0.655851423740387,0.03531120935342686,-44.0,11.0,15,0,36.378823996496294,2.817957946258284,-1.0,185.02971809140556,19
474.009970944,-9.201478004455566,0.6456610560417175,0.034693976110700284,-44.0,11.0,15,0,36.30632820929102,2.8176900800078357,-1.0,185.1297687794055,19
474.112219136,-9.301050186157227,0.6333461403846741,0.04206146167865452,-44.0,11.0,15,0,36.2144257227511,2.809212516067684,-1.0,185.23201697140556,19
474.240302592,-9.391532897949219,0.6220521330833435,0.041380670891418884,-44.0,11.0,15,0,36.13098112537454,2.808876928365752,-1.0,185.3601004274055,19
474.340898304,-9.487997055053711,0.6097669005393982,0.040698694770298124,-44.0,11.0,15,0,36.042132166855886,2.8084636563169614,-1.0,185.46069613940554,19
474.458554624,-9.609353065490723,0.595086395740509,0.037915653854674894,-44.0,11.0,15,0,35.93019376076584,2.809881778059834,-1.0,185.57835245940552,19
474.55966592,-9.73452377319336,0.5795032382011414,0.03954930892332102,-44.0,11.0,15,0,35.81493562485505,2.806819577596439,-1.0,185.67946375540552,19
474.666114048,-9.842267990112305,0.5664719939231873,0.03946240032717099,-44.0,11.0,15,0,35.71567110825297,2.805679683257261,-1.0,185.78591188340553,19
474.76974464,-9.974892616271973,0.5511770844459534,0.036591946685710745,-44.0,11.0,15,0,35.59333972521869,2.8070506695583415,,nan,20
