[0.295s] Invoking command in '/home/rhobtor/PHD/ARGOJ8_IA/ARGOSJ8_IA_/build/ublox_msgs': CMAKE_PREFIX_PATH=/home/rhobtor/PHD/ARGOJ8_IA/ARGOSJ8_IA_/install/ublox_serialization:/home/rhobtor/PHD/ARGOJ8_IA/ARGOSJ8_IA_/install/wiimote_msgs:/home/rhobtor/PHD/ARGOJ8_IA/ARGOSJ8_IA_/install/ublox:/home/rhobtor/PHD/ARGOJ8_IA/ARGOSJ8_IA_/install/ublox_gps:/home/rhobtor/PHD/ARGOJ8_IA/ARGOSJ8_IA_/install/security_check:/home/rhobtor/PHD/ARGOJ8_IA/ARGOSJ8_IA_/install/ctl_mission:/home/rhobtor/PHD/ARGOJ8_IA/ARGOSJ8_IA_/install/ublox_msgs:/home/rhobtor/PHD/ARGOJ8_IA/ARGOSJ8_IA_/install/spacenav:/home/rhobtor/PHD/ARGOJ8_IA/ARGOSJ8_IA_/install/laser_segmentation:/home/rhobtor/PHD/ARGOJ8_IA/ARGOSJ8_IA_/install/slg_msgs:/home/rhobtor/PHD/ARGOJ8_IA/ARGOSJ8_IA_/install/security_check_interfaces:/home/rhobtor/PHD/ARGOJ8_IA/ARGOSJ8_IA_/install/joy:/home/rhobtor/PHD/ARGOJ8_IA/ARGOSJ8_IA_/install/sdl2_vendor:/home/rhobtor/PHD/ARGOJ8_IA/ARGOSJ8_IA_/install/path_manager:/home/rhobtor/PHD/ARGOJ8_IA/ARGOSJ8_IA_/install/path_manager_interfaces:/home/rhobtor/PHD/ARGOJ8_IA/ARGOSJ8_IA_/install/joy_linux:/home/rhobtor/PHD/ARGOJ8_IA/ARGOSJ8_IA_/install/j8_xacro_model:/home/rhobtor/PHD/ARGOJ8_IA/ARGOSJ8_IA_/install/hector_gazebo_plugins:/home/rhobtor/PHD/ARGOJ8_IA/ARGOSJ8_IA_/install/fixposition_sensor_pkg:/home/rhobtor/PHD/ARGOJ8_IA/ARGOSJ8_IA_/install/fixposition_odometry_converter_ros2:/home/rhobtor/PHD/ARGOJ8_IA/ARGOSJ8_IA_/install/fixposition_driver_ros2:/home/rhobtor/PHD/ARGOJ8_IA/ARGOSJ8_IA_/install/fixposition_driver_lib:/home/rhobtor/PHD/ARGOJ8_IA/ARGOSJ8_IA_/install/fixposition_gnss_tf:/home/rhobtor/PHD/ARGOJ8_IA/ARGOSJ8_IA_/install/ctl_mission_interfaces:/home/rhobtor/PHD/ARGOJ8_IA/ARGOSJ8_IA_/install/car_cpp:/home/rhobtor/PHD/ARGOJ8_IA/ARGOSJ8_IA_/install/car_interfaces:/home/rhobtor/PHD/ARGOJ8_IA/ARGOSJ8_IA_/install/argj801_setup:/home/rhobtor/PHD/ARGOJ8_IA/ARGOSJ8_IA_/install/argj801_sensors:/home/rhobtor/PHD/ARGOJ8_IA/ARGOSJ8_IA_/install/argj801_sensors_msgs:/home/rhobtor/PHD/ARGOJ8_IA/ARGOSJ8_IA_/install/argj801_ctl_platform:/home/rhobtor/PHD/ARGOJ8_IA/ARGOSJ8_IA_/install/argj801_ctl_platform_interfaces:/home/rhobtor/zed/install/zed_ros2:/home/rhobtor/zed/install/zed_wrapper:/home/rhobtor/zed/install/zed_components:/home/rhobtor/zed/install/zed_interfaces:/home/rhobtor/PHD/ARGOJ8_IA/ARGOSJ8_IA_/install/ntrip_client:/home/rhobtor/PHD/ARGOJ8_IA/ARGOSJ8_IA_/install/j8_gui:/home/rhobtor/PHD/ARGOJ8_IA/ARGOSJ8_IA_/install/car:/home/rhobtor/PHD/ARGOJ8_IA/ARGOSJ8_IA_/install/android_ros2_server:/home/rhobtor/PHD/ARGOJ8_IA/ARGOSJ8_IA_/install/GUI_pkg:/opt/ros/humble /opt/st/stm32cubeclt_1.18.0/CMake/bin/cmake --build /home/rhobtor/PHD/ARGOJ8_IA/ARGOSJ8_IA_/build/ublox_msgs -- -j16 -l16
[2.024s] [  0%] Built target ublox_msgs__cpp
[2.308s] [  0%] Built target ament_cmake_python_copy_ublox_msgs
[2.732s] [  0%] [32mBuilding CXX object CMakeFiles/ublox_msgs__rosidl_typesupport_introspection_cpp.dir/rosidl_typesupport_introspection_cpp/ublox_msgs/msg/detail/ack__type_support.cpp.o[0m
[5.626s] [  0%] [32mBuilding CXX object CMakeFiles/ublox_msgs__rosidl_typesupport_introspection_cpp.dir/rosidl_typesupport_introspection_cpp/ublox_msgs/msg/detail/cfg_inf_block__type_support.cpp.o[0m
[9.466s] [  0%] [32mBuilding CXX object CMakeFiles/ublox_msgs__rosidl_typesupport_introspection_cpp.dir/rosidl_typesupport_introspection_cpp/ublox_msgs/msg/detail/cfg_inf__type_support.cpp.o[0m
[12.901s] [  0%] [32mBuilding CXX object CMakeFiles/ublox_msgs__rosidl_typesupport_introspection_cpp.dir/rosidl_typesupport_introspection_cpp/ublox_msgs/msg/detail/cfg_msg__type_support.cpp.o[0m
[15.687s] [  0%] [32mBuilding CXX object CMakeFiles/ublox_msgs__rosidl_typesupport_introspection_cpp.dir/rosidl_typesupport_introspection_cpp/ublox_msgs/msg/detail/cfg_nav5__type_support.cpp.o[0m
[18.935s] [  0%] [32mBuilding CXX object CMakeFiles/ublox_msgs__rosidl_typesupport_introspection_cpp.dir/rosidl_typesupport_introspection_cpp/ublox_msgs/msg/detail/cfg_navx5__type_support.cpp.o[0m
[22.124s] [  1%] [32mBuilding CXX object CMakeFiles/ublox_msgs__rosidl_typesupport_introspection_cpp.dir/rosidl_typesupport_introspection_cpp/ublox_msgs/msg/detail/cfg_nmea6__type_support.cpp.o[0m
[24.922s] [  1%] [32mBuilding CXX object CMakeFiles/ublox_msgs__rosidl_typesupport_introspection_cpp.dir/rosidl_typesupport_introspection_cpp/ublox_msgs/msg/detail/cfg_nmea7__type_support.cpp.o[0m
[29.039s] [  1%] [32mBuilding CXX object CMakeFiles/ublox_msgs__rosidl_typesupport_introspection_cpp.dir/rosidl_typesupport_introspection_cpp/ublox_msgs/msg/detail/cfg_nmea__type_support.cpp.o[0m
[31.975s] [  1%] [32mBuilding CXX object CMakeFiles/ublox_msgs__rosidl_typesupport_introspection_cpp.dir/rosidl_typesupport_introspection_cpp/ublox_msgs/msg/detail/cfg_prt__type_support.cpp.o[0m
[34.755s] [  1%] [32mBuilding CXX object CMakeFiles/ublox_msgs__rosidl_typesupport_introspection_cpp.dir/rosidl_typesupport_introspection_cpp/ublox_msgs/msg/detail/cfg_rate__type_support.cpp.o[0m
[37.887s] [  1%] [32mBuilding CXX object CMakeFiles/ublox_msgs__rosidl_typesupport_introspection_cpp.dir/rosidl_typesupport_introspection_cpp/ublox_msgs/msg/detail/cfg_rst__type_support.cpp.o[0m
[40.422s] [  2%] [32mBuilding CXX object CMakeFiles/ublox_msgs__rosidl_typesupport_introspection_cpp.dir/rosidl_typesupport_introspection_cpp/ublox_msgs/msg/detail/cfg_sbas__type_support.cpp.o[0m
[43.107s] [  2%] [32mBuilding CXX object CMakeFiles/ublox_msgs__rosidl_typesupport_introspection_cpp.dir/rosidl_typesupport_introspection_cpp/ublox_msgs/msg/detail/cfg_tmode3__type_support.cpp.o[0m
[45.358s] [  2%] [32mBuilding CXX object CMakeFiles/ublox_msgs__rosidl_typesupport_introspection_cpp.dir/rosidl_typesupport_introspection_cpp/ublox_msgs/msg/detail/cfg_usb__type_support.cpp.o[0m
[48.106s] [  2%] [32mBuilding CXX object CMakeFiles/ublox_msgs__rosidl_typesupport_introspection_cpp.dir/rosidl_typesupport_introspection_cpp/ublox_msgs/msg/detail/esf_ins__type_support.cpp.o[0m
[50.728s] [  2%] [32mBuilding CXX object CMakeFiles/ublox_msgs__rosidl_typesupport_introspection_cpp.dir/rosidl_typesupport_introspection_cpp/ublox_msgs/msg/detail/esf_meas__type_support.cpp.o[0m
[53.023s] [  2%] [32mBuilding CXX object CMakeFiles/ublox_msgs__rosidl_typesupport_introspection_cpp.dir/rosidl_typesupport_introspection_cpp/ublox_msgs/msg/detail/esf_raw_block__type_support.cpp.o[0m
[54.819s] [  2%] [32mBuilding CXX object CMakeFiles/ublox_msgs__rosidl_typesupport_introspection_cpp.dir/rosidl_typesupport_introspection_cpp/ublox_msgs/msg/detail/esf_raw__type_support.cpp.o[0m
[57.049s] [  3%] [32mBuilding CXX object CMakeFiles/ublox_msgs__rosidl_typesupport_introspection_cpp.dir/rosidl_typesupport_introspection_cpp/ublox_msgs/msg/detail/esf_status__type_support.cpp.o[0m
[59.199s] [  3%] [32mBuilding CXX object CMakeFiles/ublox_msgs__rosidl_typesupport_introspection_cpp.dir/rosidl_typesupport_introspection_cpp/ublox_msgs/msg/detail/esf_status_sens__type_support.cpp.o[0m
[61.013s] [  3%] [32mBuilding CXX object CMakeFiles/ublox_msgs__rosidl_typesupport_introspection_cpp.dir/rosidl_typesupport_introspection_cpp/ublox_msgs/msg/detail/hnr_pvt__type_support.cpp.o[0m
[62.979s] [  3%] [32mBuilding CXX object CMakeFiles/ublox_msgs__rosidl_typesupport_introspection_cpp.dir/rosidl_typesupport_introspection_cpp/ublox_msgs/msg/detail/inf__type_support.cpp.o[0m
[65.543s] [  3%] [32mBuilding CXX object CMakeFiles/ublox_msgs__rosidl_typesupport_introspection_cpp.dir/rosidl_typesupport_introspection_cpp/ublox_msgs/msg/detail/mga_gal__type_support.cpp.o[0m
[67.648s] [  3%] [32mBuilding CXX object CMakeFiles/ublox_msgs__rosidl_typesupport_introspection_cpp.dir/rosidl_typesupport_introspection_cpp/ublox_msgs/msg/detail/mon_gnss__type_support.cpp.o[0m
[69.649s] [  4%] [32mBuilding CXX object CMakeFiles/ublox_msgs__rosidl_typesupport_introspection_cpp.dir/rosidl_typesupport_introspection_cpp/ublox_msgs/msg/detail/mon_hw6__type_support.cpp.o[0m
[71.664s] [  4%] [32mBuilding CXX object CMakeFiles/ublox_msgs__rosidl_typesupport_introspection_cpp.dir/rosidl_typesupport_introspection_cpp/ublox_msgs/msg/detail/mon_hw__type_support.cpp.o[0m
[73.713s] [  4%] [32mBuilding CXX object CMakeFiles/ublox_msgs__rosidl_typesupport_introspection_cpp.dir/rosidl_typesupport_introspection_cpp/ublox_msgs/msg/detail/mon_ver_extension__type_support.cpp.o[0m
[75.547s] [  4%] [32mBuilding CXX object CMakeFiles/ublox_msgs__rosidl_typesupport_introspection_cpp.dir/rosidl_typesupport_introspection_cpp/ublox_msgs/msg/detail/mon_ver__type_support.cpp.o[0m
[77.815s] [  4%] [32mBuilding CXX object CMakeFiles/ublox_msgs__rosidl_typesupport_introspection_cpp.dir/rosidl_typesupport_introspection_cpp/ublox_msgs/msg/detail/nav_att__type_support.cpp.o[0m
[79.898s] [  4%] [32mBuilding CXX object CMakeFiles/ublox_msgs__rosidl_typesupport_introspection_cpp.dir/rosidl_typesupport_introspection_cpp/ublox_msgs/msg/detail/nav_clock__type_support.cpp.o[0m
[81.686s] [  4%] [32mBuilding CXX object CMakeFiles/ublox_msgs__rosidl_typesupport_introspection_cpp.dir/rosidl_typesupport_introspection_cpp/ublox_msgs/msg/detail/nav_cov__type_support.cpp.o[0m
[83.934s] [  5%] [32mBuilding CXX object CMakeFiles/ublox_msgs__rosidl_typesupport_introspection_cpp.dir/rosidl_typesupport_introspection_cpp/ublox_msgs/msg/detail/nav_dgps__type_support.cpp.o[0m
[85.951s] [  5%] [32mBuilding CXX object CMakeFiles/ublox_msgs__rosidl_typesupport_introspection_cpp.dir/rosidl_typesupport_introspection_cpp/ublox_msgs/msg/detail/nav_dgpssv__type_support.cpp.o[0m
[87.498s] [  5%] [32mBuilding CXX object CMakeFiles/ublox_msgs__rosidl_typesupport_introspection_cpp.dir/rosidl_typesupport_introspection_cpp/ublox_msgs/msg/detail/nav_dop__type_support.cpp.o[0m
[89.095s] [  5%] [32mBuilding CXX object CMakeFiles/ublox_msgs__rosidl_typesupport_introspection_cpp.dir/rosidl_typesupport_introspection_cpp/ublox_msgs/msg/detail/nav_posecef__type_support.cpp.o[0m
[90.535s] [  5%] [32mBuilding CXX object CMakeFiles/ublox_msgs__rosidl_typesupport_introspection_cpp.dir/rosidl_typesupport_introspection_cpp/ublox_msgs/msg/detail/nav_posllh__type_support.cpp.o[0m
[92.359s] [  5%] [32mBuilding CXX object CMakeFiles/ublox_msgs__rosidl_typesupport_introspection_cpp.dir/rosidl_typesupport_introspection_cpp/ublox_msgs/msg/detail/nav_pvt7__type_support.cpp.o[0m
[94.062s] [  6%] [32mBuilding CXX object CMakeFiles/ublox_msgs__rosidl_typesupport_introspection_cpp.dir/rosidl_typesupport_introspection_cpp/ublox_msgs/msg/detail/nav_pvt__type_support.cpp.o[0m
[95.448s] [  6%] [32mBuilding CXX object CMakeFiles/ublox_msgs__rosidl_typesupport_introspection_cpp.dir/rosidl_typesupport_introspection_cpp/ublox_msgs/msg/detail/nav_relposned9__type_support.cpp.o[0m
[96.982s] [  6%] [32mBuilding CXX object CMakeFiles/ublox_msgs__rosidl_typesupport_introspection_cpp.dir/rosidl_typesupport_introspection_cpp/ublox_msgs/msg/detail/nav_relposned__type_support.cpp.o[0m
[98.581s] [  6%] [32mBuilding CXX object CMakeFiles/ublox_msgs__rosidl_typesupport_introspection_cpp.dir/rosidl_typesupport_introspection_cpp/ublox_msgs/msg/detail/nav_sat__type_support.cpp.o[0m
[100.327s] [  6%] [32mBuilding CXX object CMakeFiles/ublox_msgs__rosidl_typesupport_introspection_cpp.dir/rosidl_typesupport_introspection_cpp/ublox_msgs/msg/detail/nav_satsv__type_support.cpp.o[0m
[101.883s] [  6%] [32mBuilding CXX object CMakeFiles/ublox_msgs__rosidl_typesupport_introspection_cpp.dir/rosidl_typesupport_introspection_cpp/ublox_msgs/msg/detail/nav_sbas__type_support.cpp.o[0m
[103.668s] [  6%] [32mBuilding CXX object CMakeFiles/ublox_msgs__rosidl_typesupport_introspection_cpp.dir/rosidl_typesupport_introspection_cpp/ublox_msgs/msg/detail/nav_sbassv__type_support.cpp.o[0m
[105.554s] [  7%] [32mBuilding CXX object CMakeFiles/ublox_msgs__rosidl_typesupport_introspection_cpp.dir/rosidl_typesupport_introspection_cpp/ublox_msgs/msg/detail/nav_sol__type_support.cpp.o[0m
[107.221s] [  7%] [32mBuilding CXX object CMakeFiles/ublox_msgs__rosidl_typesupport_introspection_cpp.dir/rosidl_typesupport_introspection_cpp/ublox_msgs/msg/detail/nav_status__type_support.cpp.o[0m
[108.691s] [  7%] [32mBuilding CXX object CMakeFiles/ublox_msgs__rosidl_typesupport_introspection_cpp.dir/rosidl_typesupport_introspection_cpp/ublox_msgs/msg/detail/nav_svinfo__type_support.cpp.o[0m
[110.212s] [  7%] [32mBuilding CXX object CMakeFiles/ublox_msgs__rosidl_typesupport_introspection_cpp.dir/rosidl_typesupport_introspection_cpp/ublox_msgs/msg/detail/nav_svinfosv__type_support.cpp.o[0m
[111.630s] [  7%] [32mBuilding CXX object CMakeFiles/ublox_msgs__rosidl_typesupport_introspection_cpp.dir/rosidl_typesupport_introspection_cpp/ublox_msgs/msg/detail/nav_svin__type_support.cpp.o[0m
[113.142s] [  7%] [32mBuilding CXX object CMakeFiles/ublox_msgs__rosidl_typesupport_introspection_cpp.dir/rosidl_typesupport_introspection_cpp/ublox_msgs/msg/detail/nav_timegps__type_support.cpp.o[0m
[114.544s] [  8%] [32mBuilding CXX object CMakeFiles/ublox_msgs__rosidl_typesupport_introspection_cpp.dir/rosidl_typesupport_introspection_cpp/ublox_msgs/msg/detail/nav_timeutc__type_support.cpp.o[0m
[115.854s] [  8%] [32mBuilding CXX object CMakeFiles/ublox_msgs__rosidl_typesupport_introspection_cpp.dir/rosidl_typesupport_introspection_cpp/ublox_msgs/msg/detail/nav_velecef__type_support.cpp.o[0m
[117.356s] [  8%] [32mBuilding CXX object CMakeFiles/ublox_msgs__rosidl_typesupport_introspection_cpp.dir/rosidl_typesupport_introspection_cpp/ublox_msgs/msg/detail/nav_velned__type_support.cpp.o[0m
[118.916s] [  8%] [32mBuilding CXX object CMakeFiles/ublox_msgs__rosidl_typesupport_introspection_cpp.dir/rosidl_typesupport_introspection_cpp/ublox_msgs/msg/detail/rxm_alm__type_support.cpp.o[0m
[120.345s] [  8%] [32mBuilding CXX object CMakeFiles/ublox_msgs__rosidl_typesupport_introspection_cpp.dir/rosidl_typesupport_introspection_cpp/ublox_msgs/msg/detail/rxm_eph__type_support.cpp.o[0m
[121.994s] [  8%] [32mBuilding CXX object CMakeFiles/ublox_msgs__rosidl_typesupport_introspection_cpp.dir/rosidl_typesupport_introspection_cpp/ublox_msgs/msg/detail/rxm_raw__type_support.cpp.o[0m
[123.455s] [  8%] [32mBuilding CXX object CMakeFiles/ublox_msgs__rosidl_typesupport_introspection_cpp.dir/rosidl_typesupport_introspection_cpp/ublox_msgs/msg/detail/rxm_rawsv__type_support.cpp.o[0m
[124.882s] [  9%] [32mBuilding CXX object CMakeFiles/ublox_msgs__rosidl_typesupport_introspection_cpp.dir/rosidl_typesupport_introspection_cpp/ublox_msgs/msg/detail/rxm_rawx_meas__type_support.cpp.o[0m
[126.382s] [  9%] [32mBuilding CXX object CMakeFiles/ublox_msgs__rosidl_typesupport_introspection_cpp.dir/rosidl_typesupport_introspection_cpp/ublox_msgs/msg/detail/rxm_rawx__type_support.cpp.o[0m
[127.876s] [  9%] [32mBuilding CXX object CMakeFiles/ublox_msgs__rosidl_typesupport_introspection_cpp.dir/rosidl_typesupport_introspection_cpp/ublox_msgs/msg/detail/rxm_rtcm__type_support.cpp.o[0m
[129.351s] [  9%] [32mBuilding CXX object CMakeFiles/ublox_msgs__rosidl_typesupport_introspection_cpp.dir/rosidl_typesupport_introspection_cpp/ublox_msgs/msg/detail/rxm_sfrb__type_support.cpp.o[0m
[130.789s] [  9%] [32mBuilding CXX object CMakeFiles/ublox_msgs__rosidl_typesupport_introspection_cpp.dir/rosidl_typesupport_introspection_cpp/ublox_msgs/msg/detail/rxm_sfrbx__type_support.cpp.o[0m
[132.379s] [  9%] [32mBuilding CXX object CMakeFiles/ublox_msgs__rosidl_typesupport_introspection_cpp.dir/rosidl_typesupport_introspection_cpp/ublox_msgs/msg/detail/rxm_svsi__type_support.cpp.o[0m
[133.885s] [ 10%] [32mBuilding CXX object CMakeFiles/ublox_msgs__rosidl_typesupport_introspection_cpp.dir/rosidl_typesupport_introspection_cpp/ublox_msgs/msg/detail/rxm_svsisv__type_support.cpp.o[0m
[135.178s] [ 10%] [32mBuilding CXX object CMakeFiles/ublox_msgs__rosidl_typesupport_introspection_cpp.dir/rosidl_typesupport_introspection_cpp/ublox_msgs/msg/detail/tim_tm2__type_support.cpp.o[0m
[136.572s] [ 10%] [32mBuilding CXX object CMakeFiles/ublox_msgs__rosidl_typesupport_introspection_cpp.dir/rosidl_typesupport_introspection_cpp/ublox_msgs/msg/detail/upd_sos_ack__type_support.cpp.o[0m
[138.052s] [ 10%] [32mBuilding CXX object CMakeFiles/ublox_msgs__rosidl_typesupport_introspection_cpp.dir/rosidl_typesupport_introspection_cpp/ublox_msgs/msg/detail/upd_sos__type_support.cpp.o[0m
[139.578s] [ 10%] [32mBuilding CXX object CMakeFiles/ublox_msgs__rosidl_typesupport_introspection_cpp.dir/rosidl_typesupport_introspection_cpp/ublox_msgs/msg/detail/cfg_hnr__type_support.cpp.o[0m
[140.954s] [ 11%] [32mBuilding CXX object CMakeFiles/ublox_msgs__rosidl_typesupport_introspection_cpp.dir/rosidl_typesupport_introspection_cpp/ublox_msgs/msg/detail/cfg_gnss__type_support.cpp.o[0m
[142.387s] [ 11%] [32mBuilding CXX object CMakeFiles/ublox_msgs__rosidl_typesupport_introspection_cpp.dir/rosidl_typesupport_introspection_cpp/ublox_msgs/msg/detail/cfg_gnss_block__type_support.cpp.o[0m
[143.665s] [ 11%] [32mBuilding CXX object CMakeFiles/ublox_msgs__rosidl_typesupport_introspection_cpp.dir/rosidl_typesupport_introspection_cpp/ublox_msgs/msg/detail/cfg_dgnss__type_support.cpp.o[0m
[145.046s] [ 11%] [32mBuilding CXX object CMakeFiles/ublox_msgs__rosidl_typesupport_introspection_cpp.dir/rosidl_typesupport_introspection_cpp/ublox_msgs/msg/detail/cfg_dat__type_support.cpp.o[0m
[146.539s] [ 11%] [32mBuilding CXX object CMakeFiles/ublox_msgs__rosidl_typesupport_introspection_cpp.dir/rosidl_typesupport_introspection_cpp/ublox_msgs/msg/detail/cfg_cfg__type_support.cpp.o[0m
[147.932s] [ 11%] [32mBuilding CXX object CMakeFiles/ublox_msgs__rosidl_typesupport_introspection_cpp.dir/rosidl_typesupport_introspection_cpp/ublox_msgs/msg/detail/cfg_ant__type_support.cpp.o[0m
[149.306s] [ 12%] [32mBuilding CXX object CMakeFiles/ublox_msgs__rosidl_typesupport_introspection_cpp.dir/rosidl_typesupport_introspection_cpp/ublox_msgs/msg/detail/aid_hui__type_support.cpp.o[0m
[150.691s] [ 12%] [32mBuilding CXX object CMakeFiles/ublox_msgs__rosidl_typesupport_introspection_cpp.dir/rosidl_typesupport_introspection_cpp/ublox_msgs/msg/detail/aid_eph__type_support.cpp.o[0m
[152.214s] [ 12%] [32mBuilding CXX object CMakeFiles/ublox_msgs__rosidl_typesupport_introspection_cpp.dir/rosidl_typesupport_introspection_cpp/ublox_msgs/msg/detail/aid_alm__type_support.cpp.o[0m
[153.858s] [ 12%] [32m[1mLinking CXX shared library libublox_msgs__rosidl_typesupport_introspection_cpp.so[0m
[154.313s] [ 12%] Built target ublox_msgs__rosidl_typesupport_introspection_cpp
[155.362s] running egg_info
[155.424s] writing ublox_msgs.egg-info/PKG-INFO
[155.425s] writing dependency_links to ublox_msgs.egg-info/dependency_links.txt
[155.429s] writing top-level names to ublox_msgs.egg-info/top_level.txt
[155.652s] reading manifest file 'ublox_msgs.egg-info/SOURCES.txt'
[155.662s] writing manifest file 'ublox_msgs.egg-info/SOURCES.txt'
[155.750s] [ 12%] Built target ament_cmake_python_build_ublox_msgs_egg
[155.951s] [ 12%] [32mBuilding CXX object CMakeFiles/ublox_msgs__rosidl_typesupport_fastrtps_cpp.dir/rosidl_typesupport_fastrtps_cpp/ublox_msgs/msg/detail/dds_fastrtps/ack__type_support.cpp.o[0m
[157.442s] [ 12%] [32mBuilding CXX object CMakeFiles/ublox_msgs__rosidl_typesupport_fastrtps_cpp.dir/rosidl_typesupport_fastrtps_cpp/ublox_msgs/msg/detail/dds_fastrtps/cfg_msg__type_support.cpp.o[0m
[158.945s] [ 12%] [32mBuilding CXX object CMakeFiles/ublox_msgs__rosidl_typesupport_fastrtps_cpp.dir/rosidl_typesupport_fastrtps_cpp/ublox_msgs/msg/detail/dds_fastrtps/cfg_nav5__type_support.cpp.o[0m
[160.456s] [ 13%] [32mBuilding CXX object CMakeFiles/ublox_msgs__rosidl_typesupport_fastrtps_cpp.dir/rosidl_typesupport_fastrtps_cpp/ublox_msgs/msg/detail/dds_fastrtps/cfg_navx5__type_support.cpp.o[0m
[161.789s] [ 13%] [32mBuilding CXX object CMakeFiles/ublox_msgs__rosidl_typesupport_fastrtps_cpp.dir/rosidl_typesupport_fastrtps_cpp/ublox_msgs/msg/detail/dds_fastrtps/cfg_nmea6__type_support.cpp.o[0m
[163.154s] [ 13%] [32mBuilding CXX object CMakeFiles/ublox_msgs__rosidl_typesupport_fastrtps_cpp.dir/rosidl_typesupport_fastrtps_cpp/ublox_msgs/msg/detail/dds_fastrtps/cfg_nmea7__type_support.cpp.o[0m
[164.583s] [ 13%] [32mBuilding CXX object CMakeFiles/ublox_msgs__rosidl_typesupport_fastrtps_cpp.dir/rosidl_typesupport_fastrtps_cpp/ublox_msgs/msg/detail/dds_fastrtps/cfg_nmea__type_support.cpp.o[0m
[165.994s] [ 13%] [32mBuilding CXX object CMakeFiles/ublox_msgs__rosidl_typesupport_fastrtps_cpp.dir/rosidl_typesupport_fastrtps_cpp/ublox_msgs/msg/detail/dds_fastrtps/cfg_prt__type_support.cpp.o[0m
[167.405s] [ 13%] [32mBuilding CXX object CMakeFiles/ublox_msgs__rosidl_typesupport_fastrtps_cpp.dir/rosidl_typesupport_fastrtps_cpp/ublox_msgs/msg/detail/dds_fastrtps/cfg_rate__type_support.cpp.o[0m
[168.747s] [ 13%] [32mBuilding CXX object CMakeFiles/ublox_msgs__rosidl_typesupport_fastrtps_cpp.dir/rosidl_typesupport_fastrtps_cpp/ublox_msgs/msg/detail/dds_fastrtps/cfg_rst__type_support.cpp.o[0m
[170.064s] [ 14%] [32mBuilding CXX object CMakeFiles/ublox_msgs__rosidl_typesupport_fastrtps_cpp.dir/rosidl_typesupport_fastrtps_cpp/ublox_msgs/msg/detail/dds_fastrtps/cfg_sbas__type_support.cpp.o[0m
[171.696s] [ 14%] [32mBuilding CXX object CMakeFiles/ublox_msgs__rosidl_typesupport_fastrtps_cpp.dir/rosidl_typesupport_fastrtps_cpp/ublox_msgs/msg/detail/dds_fastrtps/cfg_tmode3__type_support.cpp.o[0m
[173.143s] [ 14%] [32mBuilding CXX object CMakeFiles/ublox_msgs__rosidl_typesupport_fastrtps_cpp.dir/rosidl_typesupport_fastrtps_cpp/ublox_msgs/msg/detail/dds_fastrtps/cfg_usb__type_support.cpp.o[0m
[174.528s] [ 14%] [32mBuilding CXX object CMakeFiles/ublox_msgs__rosidl_typesupport_fastrtps_cpp.dir/rosidl_typesupport_fastrtps_cpp/ublox_msgs/msg/detail/dds_fastrtps/esf_ins__type_support.cpp.o[0m
[175.932s] [ 14%] [32mBuilding CXX object CMakeFiles/ublox_msgs__rosidl_typesupport_fastrtps_cpp.dir/rosidl_typesupport_fastrtps_cpp/ublox_msgs/msg/detail/dds_fastrtps/esf_meas__type_support.cpp.o[0m
[177.417s] [ 14%] [32mBuilding CXX object CMakeFiles/ublox_msgs__rosidl_typesupport_fastrtps_cpp.dir/rosidl_typesupport_fastrtps_cpp/ublox_msgs/msg/detail/dds_fastrtps/esf_raw_block__type_support.cpp.o[0m
[178.805s] [ 15%] [32mBuilding CXX object CMakeFiles/ublox_msgs__rosidl_typesupport_fastrtps_cpp.dir/rosidl_typesupport_fastrtps_cpp/ublox_msgs/msg/detail/dds_fastrtps/esf_raw__type_support.cpp.o[0m
[180.226s] [ 15%] [32mBuilding CXX object CMakeFiles/ublox_msgs__rosidl_typesupport_fastrtps_cpp.dir/rosidl_typesupport_fastrtps_cpp/ublox_msgs/msg/detail/dds_fastrtps/esf_status__type_support.cpp.o[0m
[181.972s] [ 15%] [32mBuilding CXX object CMakeFiles/ublox_msgs__rosidl_typesupport_fastrtps_cpp.dir/rosidl_typesupport_fastrtps_cpp/ublox_msgs/msg/detail/dds_fastrtps/esf_status_sens__type_support.cpp.o[0m
[183.175s] [ 15%] [32mBuilding CXX object CMakeFiles/ublox_msgs__rosidl_typesupport_fastrtps_cpp.dir/rosidl_typesupport_fastrtps_cpp/ublox_msgs/msg/detail/dds_fastrtps/hnr_pvt__type_support.cpp.o[0m
[184.509s] [ 15%] [32mBuilding CXX object CMakeFiles/ublox_msgs__rosidl_typesupport_fastrtps_cpp.dir/rosidl_typesupport_fastrtps_cpp/ublox_msgs/msg/detail/dds_fastrtps/inf__type_support.cpp.o[0m
[185.965s] [ 15%] [32mBuilding CXX object CMakeFiles/ublox_msgs__rosidl_typesupport_fastrtps_cpp.dir/rosidl_typesupport_fastrtps_cpp/ublox_msgs/msg/detail/dds_fastrtps/mga_gal__type_support.cpp.o[0m
[187.389s] [ 15%] [32mBuilding CXX object CMakeFiles/ublox_msgs__rosidl_typesupport_fastrtps_cpp.dir/rosidl_typesupport_fastrtps_cpp/ublox_msgs/msg/detail/dds_fastrtps/mon_gnss__type_support.cpp.o[0m
[188.777s] [ 16%] [32mBuilding CXX object CMakeFiles/ublox_msgs__rosidl_typesupport_fastrtps_cpp.dir/rosidl_typesupport_fastrtps_cpp/ublox_msgs/msg/detail/dds_fastrtps/mon_hw6__type_support.cpp.o[0m
[190.486s] [ 16%] [32mBuilding CXX object CMakeFiles/ublox_msgs__rosidl_typesupport_fastrtps_cpp.dir/rosidl_typesupport_fastrtps_cpp/ublox_msgs/msg/detail/dds_fastrtps/mon_hw__type_support.cpp.o[0m
[191.872s] [ 16%] [32mBuilding CXX object CMakeFiles/ublox_msgs__rosidl_typesupport_fastrtps_cpp.dir/rosidl_typesupport_fastrtps_cpp/ublox_msgs/msg/detail/dds_fastrtps/mon_ver_extension__type_support.cpp.o[0m
[193.137s] [ 16%] [32mBuilding CXX object CMakeFiles/ublox_msgs__rosidl_typesupport_fastrtps_cpp.dir/rosidl_typesupport_fastrtps_cpp/ublox_msgs/msg/detail/dds_fastrtps/mon_ver__type_support.cpp.o[0m
[194.618s] [ 16%] [32mBuilding CXX object CMakeFiles/ublox_msgs__rosidl_typesupport_fastrtps_cpp.dir/rosidl_typesupport_fastrtps_cpp/ublox_msgs/msg/detail/dds_fastrtps/nav_att__type_support.cpp.o[0m
[196.050s] [ 16%] [32mBuilding CXX object CMakeFiles/ublox_msgs__rosidl_typesupport_fastrtps_cpp.dir/rosidl_typesupport_fastrtps_cpp/ublox_msgs/msg/detail/dds_fastrtps/nav_clock__type_support.cpp.o[0m
[197.408s] [ 17%] [32mBuilding CXX object CMakeFiles/ublox_msgs__rosidl_typesupport_fastrtps_cpp.dir/rosidl_typesupport_fastrtps_cpp/ublox_msgs/msg/detail/dds_fastrtps/nav_cov__type_support.cpp.o[0m
[198.942s] [ 17%] [32mBuilding CXX object CMakeFiles/ublox_msgs__rosidl_typesupport_fastrtps_cpp.dir/rosidl_typesupport_fastrtps_cpp/ublox_msgs/msg/detail/dds_fastrtps/nav_dgps__type_support.cpp.o[0m
[200.370s] [ 17%] [32mBuilding CXX object CMakeFiles/ublox_msgs__rosidl_typesupport_fastrtps_cpp.dir/rosidl_typesupport_fastrtps_cpp/ublox_msgs/msg/detail/dds_fastrtps/nav_dgpssv__type_support.cpp.o[0m
[201.643s] [ 17%] [32mBuilding CXX object CMakeFiles/ublox_msgs__rosidl_typesupport_fastrtps_cpp.dir/rosidl_typesupport_fastrtps_cpp/ublox_msgs/msg/detail/dds_fastrtps/nav_dop__type_support.cpp.o[0m
[203.042s] [ 17%] [32mBuilding CXX object CMakeFiles/ublox_msgs__rosidl_typesupport_fastrtps_cpp.dir/rosidl_typesupport_fastrtps_cpp/ublox_msgs/msg/detail/dds_fastrtps/nav_posecef__type_support.cpp.o[0m
[204.448s] [ 17%] [32mBuilding CXX object CMakeFiles/ublox_msgs__rosidl_typesupport_fastrtps_cpp.dir/rosidl_typesupport_fastrtps_cpp/ublox_msgs/msg/detail/dds_fastrtps/nav_posllh__type_support.cpp.o[0m
[205.967s] [ 17%] [32mBuilding CXX object CMakeFiles/ublox_msgs__rosidl_typesupport_fastrtps_cpp.dir/rosidl_typesupport_fastrtps_cpp/ublox_msgs/msg/detail/dds_fastrtps/nav_pvt7__type_support.cpp.o[0m
[207.570s] [ 18%] [32mBuilding CXX object CMakeFiles/ublox_msgs__rosidl_typesupport_fastrtps_cpp.dir/rosidl_typesupport_fastrtps_cpp/ublox_msgs/msg/detail/dds_fastrtps/nav_pvt__type_support.cpp.o[0m
[208.912s] [ 18%] [32mBuilding CXX object CMakeFiles/ublox_msgs__rosidl_typesupport_fastrtps_cpp.dir/rosidl_typesupport_fastrtps_cpp/ublox_msgs/msg/detail/dds_fastrtps/nav_relposned9__type_support.cpp.o[0m
[210.362s] [ 18%] [32mBuilding CXX object CMakeFiles/ublox_msgs__rosidl_typesupport_fastrtps_cpp.dir/rosidl_typesupport_fastrtps_cpp/ublox_msgs/msg/detail/dds_fastrtps/nav_relposned__type_support.cpp.o[0m
[211.817s] [ 18%] [32mBuilding CXX object CMakeFiles/ublox_msgs__rosidl_typesupport_fastrtps_cpp.dir/rosidl_typesupport_fastrtps_cpp/ublox_msgs/msg/detail/dds_fastrtps/nav_sat__type_support.cpp.o[0m
[213.385s] [ 18%] [32mBuilding CXX object CMakeFiles/ublox_msgs__rosidl_typesupport_fastrtps_cpp.dir/rosidl_typesupport_fastrtps_cpp/ublox_msgs/msg/detail/dds_fastrtps/nav_satsv__type_support.cpp.o[0m
[214.642s] [ 18%] [32mBuilding CXX object CMakeFiles/ublox_msgs__rosidl_typesupport_fastrtps_cpp.dir/rosidl_typesupport_fastrtps_cpp/ublox_msgs/msg/detail/dds_fastrtps/nav_sbas__type_support.cpp.o[0m
[216.111s] [ 19%] [32mBuilding CXX object CMakeFiles/ublox_msgs__rosidl_typesupport_fastrtps_cpp.dir/rosidl_typesupport_fastrtps_cpp/ublox_msgs/msg/detail/dds_fastrtps/nav_sbassv__type_support.cpp.o[0m
[217.408s] [ 19%] [32mBuilding CXX object CMakeFiles/ublox_msgs__rosidl_typesupport_fastrtps_cpp.dir/rosidl_typesupport_fastrtps_cpp/ublox_msgs/msg/detail/dds_fastrtps/nav_sol__type_support.cpp.o[0m
[218.781s] [ 19%] [32mBuilding CXX object CMakeFiles/ublox_msgs__rosidl_typesupport_fastrtps_cpp.dir/rosidl_typesupport_fastrtps_cpp/ublox_msgs/msg/detail/dds_fastrtps/nav_status__type_support.cpp.o[0m
[220.140s] [ 19%] [32mBuilding CXX object CMakeFiles/ublox_msgs__rosidl_typesupport_fastrtps_cpp.dir/rosidl_typesupport_fastrtps_cpp/ublox_msgs/msg/detail/dds_fastrtps/nav_svinfo__type_support.cpp.o[0m
[221.496s] [ 19%] [32mBuilding CXX object CMakeFiles/ublox_msgs__rosidl_typesupport_fastrtps_cpp.dir/rosidl_typesupport_fastrtps_cpp/ublox_msgs/msg/detail/dds_fastrtps/nav_svinfosv__type_support.cpp.o[0m
[222.927s] [ 19%] [32mBuilding CXX object CMakeFiles/ublox_msgs__rosidl_typesupport_fastrtps_cpp.dir/rosidl_typesupport_fastrtps_cpp/ublox_msgs/msg/detail/dds_fastrtps/nav_svin__type_support.cpp.o[0m
[224.403s] [ 19%] [32mBuilding CXX object CMakeFiles/ublox_msgs__rosidl_typesupport_fastrtps_cpp.dir/rosidl_typesupport_fastrtps_cpp/ublox_msgs/msg/detail/dds_fastrtps/nav_timegps__type_support.cpp.o[0m
[225.683s] [ 20%] [32mBuilding CXX object CMakeFiles/ublox_msgs__rosidl_typesupport_fastrtps_cpp.dir/rosidl_typesupport_fastrtps_cpp/ublox_msgs/msg/detail/dds_fastrtps/nav_timeutc__type_support.cpp.o[0m
[226.962s] [ 20%] [32mBuilding CXX object CMakeFiles/ublox_msgs__rosidl_typesupport_fastrtps_cpp.dir/rosidl_typesupport_fastrtps_cpp/ublox_msgs/msg/detail/dds_fastrtps/nav_velecef__type_support.cpp.o[0m
[228.148s] [ 20%] [32mBuilding CXX object CMakeFiles/ublox_msgs__rosidl_typesupport_fastrtps_cpp.dir/rosidl_typesupport_fastrtps_cpp/ublox_msgs/msg/detail/dds_fastrtps/nav_velned__type_support.cpp.o[0m
[229.423s] [ 20%] [32mBuilding CXX object CMakeFiles/ublox_msgs__rosidl_typesupport_fastrtps_cpp.dir/rosidl_typesupport_fastrtps_cpp/ublox_msgs/msg/detail/dds_fastrtps/rxm_alm__type_support.cpp.o[0m
[230.821s] [ 20%] [32mBuilding CXX object CMakeFiles/ublox_msgs__rosidl_typesupport_fastrtps_cpp.dir/rosidl_typesupport_fastrtps_cpp/ublox_msgs/msg/detail/dds_fastrtps/rxm_eph__type_support.cpp.o[0m
[232.358s] [ 20%] [32mBuilding CXX object CMakeFiles/ublox_msgs__rosidl_typesupport_fastrtps_cpp.dir/rosidl_typesupport_fastrtps_cpp/ublox_msgs/msg/detail/dds_fastrtps/rxm_raw__type_support.cpp.o[0m
[233.802s] [ 21%] [32mBuilding CXX object CMakeFiles/ublox_msgs__rosidl_typesupport_fastrtps_cpp.dir/rosidl_typesupport_fastrtps_cpp/ublox_msgs/msg/detail/dds_fastrtps/rxm_rawsv__type_support.cpp.o[0m
[235.126s] [ 21%] [32mBuilding CXX object CMakeFiles/ublox_msgs__rosidl_typesupport_fastrtps_cpp.dir/rosidl_typesupport_fastrtps_cpp/ublox_msgs/msg/detail/dds_fastrtps/rxm_rawx_meas__type_support.cpp.o[0m
[236.488s] [ 21%] [32mBuilding CXX object CMakeFiles/ublox_msgs__rosidl_typesupport_fastrtps_cpp.dir/rosidl_typesupport_fastrtps_cpp/ublox_msgs/msg/detail/dds_fastrtps/rxm_rawx__type_support.cpp.o[0m
[237.938s] [ 21%] [32mBuilding CXX object CMakeFiles/ublox_msgs__rosidl_typesupport_fastrtps_cpp.dir/rosidl_typesupport_fastrtps_cpp/ublox_msgs/msg/detail/dds_fastrtps/rxm_rtcm__type_support.cpp.o[0m
[238.492s] [ 21%] [32mBuilding CXX object CMakeFiles/ublox_msgs__rosidl_typesupport_fastrtps_cpp.dir/rosidl_typesupport_fastrtps_cpp/ublox_msgs/msg/detail/dds_fastrtps/rxm_sfrb__type_support.cpp.o[0m
[239.232s] [ 21%] [32mBuilding CXX object CMakeFiles/ublox_msgs__rosidl_typesupport_fastrtps_cpp.dir/rosidl_typesupport_fastrtps_cpp/ublox_msgs/msg/detail/dds_fastrtps/rxm_sfrbx__type_support.cpp.o[0m
[239.893s] [ 21%] [32mBuilding CXX object CMakeFiles/ublox_msgs__rosidl_typesupport_fastrtps_cpp.dir/rosidl_typesupport_fastrtps_cpp/ublox_msgs/msg/detail/dds_fastrtps/rxm_svsi__type_support.cpp.o[0m
[240.514s] [ 22%] [32mBuilding CXX object CMakeFiles/ublox_msgs__rosidl_typesupport_fastrtps_cpp.dir/rosidl_typesupport_fastrtps_cpp/ublox_msgs/msg/detail/dds_fastrtps/rxm_svsisv__type_support.cpp.o[0m
[241.016s] [ 22%] [32mBuilding CXX object CMakeFiles/ublox_msgs__rosidl_typesupport_fastrtps_cpp.dir/rosidl_typesupport_fastrtps_cpp/ublox_msgs/msg/detail/dds_fastrtps/tim_tm2__type_support.cpp.o[0m
[241.537s] [ 22%] [32mBuilding CXX object CMakeFiles/ublox_msgs__rosidl_typesupport_fastrtps_cpp.dir/rosidl_typesupport_fastrtps_cpp/ublox_msgs/msg/detail/dds_fastrtps/upd_sos_ack__type_support.cpp.o[0m
[242.016s] [ 22%] [32mBuilding CXX object CMakeFiles/ublox_msgs__rosidl_typesupport_fastrtps_cpp.dir/rosidl_typesupport_fastrtps_cpp/ublox_msgs/msg/detail/dds_fastrtps/upd_sos__type_support.cpp.o[0m
[242.504s] [ 22%] [32mBuilding CXX object CMakeFiles/ublox_msgs__rosidl_typesupport_fastrtps_cpp.dir/rosidl_typesupport_fastrtps_cpp/ublox_msgs/msg/detail/dds_fastrtps/cfg_inf__type_support.cpp.o[0m
[243.116s] [ 22%] [32mBuilding CXX object CMakeFiles/ublox_msgs__rosidl_typesupport_fastrtps_cpp.dir/rosidl_typesupport_fastrtps_cpp/ublox_msgs/msg/detail/dds_fastrtps/cfg_inf_block__type_support.cpp.o[0m
[243.678s] [ 22%] [32mBuilding CXX object CMakeFiles/ublox_msgs__rosidl_typesupport_fastrtps_cpp.dir/rosidl_typesupport_fastrtps_cpp/ublox_msgs/msg/detail/dds_fastrtps/cfg_hnr__type_support.cpp.o[0m
[244.220s] [ 23%] [32mBuilding CXX object CMakeFiles/ublox_msgs__rosidl_typesupport_fastrtps_cpp.dir/rosidl_typesupport_fastrtps_cpp/ublox_msgs/msg/detail/dds_fastrtps/cfg_gnss__type_support.cpp.o[0m
[244.823s] [ 23%] [32mBuilding CXX object CMakeFiles/ublox_msgs__rosidl_typesupport_fastrtps_cpp.dir/rosidl_typesupport_fastrtps_cpp/ublox_msgs/msg/detail/dds_fastrtps/cfg_gnss_block__type_support.cpp.o[0m
[245.350s] [ 23%] [32mBuilding CXX object CMakeFiles/ublox_msgs__rosidl_typesupport_fastrtps_cpp.dir/rosidl_typesupport_fastrtps_cpp/ublox_msgs/msg/detail/dds_fastrtps/cfg_dgnss__type_support.cpp.o[0m
[245.830s] [ 23%] [32mBuilding CXX object CMakeFiles/ublox_msgs__rosidl_typesupport_fastrtps_cpp.dir/rosidl_typesupport_fastrtps_cpp/ublox_msgs/msg/detail/dds_fastrtps/cfg_dat__type_support.cpp.o[0m
[246.352s] [ 23%] [32mBuilding CXX object CMakeFiles/ublox_msgs__rosidl_typesupport_fastrtps_cpp.dir/rosidl_typesupport_fastrtps_cpp/ublox_msgs/msg/detail/dds_fastrtps/cfg_cfg__type_support.cpp.o[0m
[246.903s] [ 23%] [32mBuilding CXX object CMakeFiles/ublox_msgs__rosidl_typesupport_fastrtps_cpp.dir/rosidl_typesupport_fastrtps_cpp/ublox_msgs/msg/detail/dds_fastrtps/cfg_ant__type_support.cpp.o[0m
[247.393s] [ 23%] [32mBuilding CXX object CMakeFiles/ublox_msgs__rosidl_typesupport_fastrtps_cpp.dir/rosidl_typesupport_fastrtps_cpp/ublox_msgs/msg/detail/dds_fastrtps/aid_hui__type_support.cpp.o[0m
[247.978s] [ 24%] [32mBuilding CXX object CMakeFiles/ublox_msgs__rosidl_typesupport_fastrtps_cpp.dir/rosidl_typesupport_fastrtps_cpp/ublox_msgs/msg/detail/dds_fastrtps/aid_eph__type_support.cpp.o[0m
[248.563s] [ 24%] [32mBuilding CXX object CMakeFiles/ublox_msgs__rosidl_typesupport_fastrtps_cpp.dir/rosidl_typesupport_fastrtps_cpp/ublox_msgs/msg/detail/dds_fastrtps/aid_alm__type_support.cpp.o[0m
[249.137s] [ 24%] [32m[1mLinking CXX shared library libublox_msgs__rosidl_typesupport_fastrtps_cpp.so[0m
[249.305s] [ 24%] Built target ublox_msgs__rosidl_typesupport_fastrtps_cpp
[249.364s] [ 24%] [32mBuilding CXX object CMakeFiles/ublox_msgs__rosidl_typesupport_cpp.dir/rosidl_typesupport_cpp/ublox_msgs/msg/ack__type_support.cpp.o[0m
[249.718s] [ 24%] [32mBuilding CXX object CMakeFiles/ublox_msgs__rosidl_typesupport_cpp.dir/rosidl_typesupport_cpp/ublox_msgs/msg/cfg_nav5__type_support.cpp.o[0m
[250.096s] [ 25%] [32mBuilding CXX object CMakeFiles/ublox_msgs__rosidl_typesupport_cpp.dir/rosidl_typesupport_cpp/ublox_msgs/msg/cfg_navx5__type_support.cpp.o[0m
[250.450s] [ 25%] [32mBuilding CXX object CMakeFiles/ublox_msgs__rosidl_typesupport_cpp.dir/rosidl_typesupport_cpp/ublox_msgs/msg/cfg_nmea6__type_support.cpp.o[0m
[250.860s] [ 25%] [32mBuilding CXX object CMakeFiles/ublox_msgs__rosidl_typesupport_cpp.dir/rosidl_typesupport_cpp/ublox_msgs/msg/cfg_nmea7__type_support.cpp.o[0m
[251.212s] [ 25%] [32mBuilding CXX object CMakeFiles/ublox_msgs__rosidl_typesupport_cpp.dir/rosidl_typesupport_cpp/ublox_msgs/msg/cfg_nmea__type_support.cpp.o[0m
[251.568s] [ 25%] [32mBuilding CXX object CMakeFiles/ublox_msgs__rosidl_typesupport_cpp.dir/rosidl_typesupport_cpp/ublox_msgs/msg/cfg_prt__type_support.cpp.o[0m
[251.945s] [ 25%] [32mBuilding CXX object CMakeFiles/ublox_msgs__rosidl_typesupport_cpp.dir/rosidl_typesupport_cpp/ublox_msgs/msg/cfg_rate__type_support.cpp.o[0m
[252.292s] [ 25%] [32mBuilding CXX object CMakeFiles/ublox_msgs__rosidl_typesupport_cpp.dir/rosidl_typesupport_cpp/ublox_msgs/msg/cfg_rst__type_support.cpp.o[0m
[252.639s] [ 26%] [32mBuilding CXX object CMakeFiles/ublox_msgs__rosidl_typesupport_cpp.dir/rosidl_typesupport_cpp/ublox_msgs/msg/cfg_sbas__type_support.cpp.o[0m
[252.972s] [ 26%] [32mBuilding CXX object CMakeFiles/ublox_msgs__rosidl_typesupport_cpp.dir/rosidl_typesupport_cpp/ublox_msgs/msg/cfg_tmode3__type_support.cpp.o[0m
[253.324s] [ 26%] [32mBuilding CXX object CMakeFiles/ublox_msgs__rosidl_typesupport_cpp.dir/rosidl_typesupport_cpp/ublox_msgs/msg/cfg_usb__type_support.cpp.o[0m
[253.692s] [ 26%] [32mBuilding CXX object CMakeFiles/ublox_msgs__rosidl_typesupport_cpp.dir/rosidl_typesupport_cpp/ublox_msgs/msg/esf_ins__type_support.cpp.o[0m
[254.033s] [ 26%] [32mBuilding CXX object CMakeFiles/ublox_msgs__rosidl_typesupport_cpp.dir/rosidl_typesupport_cpp/ublox_msgs/msg/esf_meas__type_support.cpp.o[0m
[254.395s] [ 26%] [32mBuilding CXX object CMakeFiles/ublox_msgs__rosidl_typesupport_cpp.dir/rosidl_typesupport_cpp/ublox_msgs/msg/esf_raw_block__type_support.cpp.o[0m
[254.719s] [ 27%] [32mBuilding CXX object CMakeFiles/ublox_msgs__rosidl_typesupport_cpp.dir/rosidl_typesupport_cpp/ublox_msgs/msg/esf_raw__type_support.cpp.o[0m
[255.079s] [ 27%] [32mBuilding CXX object CMakeFiles/ublox_msgs__rosidl_typesupport_cpp.dir/rosidl_typesupport_cpp/ublox_msgs/msg/esf_status__type_support.cpp.o[0m
[255.417s] [ 27%] [32mBuilding CXX object CMakeFiles/ublox_msgs__rosidl_typesupport_cpp.dir/rosidl_typesupport_cpp/ublox_msgs/msg/esf_status_sens__type_support.cpp.o[0m
[255.740s] [ 27%] [32mBuilding CXX object CMakeFiles/ublox_msgs__rosidl_typesupport_cpp.dir/rosidl_typesupport_cpp/ublox_msgs/msg/hnr_pvt__type_support.cpp.o[0m
[256.069s] [ 27%] [32mBuilding CXX object CMakeFiles/ublox_msgs__rosidl_typesupport_cpp.dir/rosidl_typesupport_cpp/ublox_msgs/msg/inf__type_support.cpp.o[0m
[256.405s] [ 27%] [32mBuilding CXX object CMakeFiles/ublox_msgs__rosidl_typesupport_cpp.dir/rosidl_typesupport_cpp/ublox_msgs/msg/mga_gal__type_support.cpp.o[0m
[256.763s] [ 27%] [32mBuilding CXX object CMakeFiles/ublox_msgs__rosidl_typesupport_cpp.dir/rosidl_typesupport_cpp/ublox_msgs/msg/mon_gnss__type_support.cpp.o[0m
[257.156s] [ 28%] [32mBuilding CXX object CMakeFiles/ublox_msgs__rosidl_typesupport_cpp.dir/rosidl_typesupport_cpp/ublox_msgs/msg/mon_hw6__type_support.cpp.o[0m
[257.633s] [ 28%] [32mBuilding CXX object CMakeFiles/ublox_msgs__rosidl_typesupport_cpp.dir/rosidl_typesupport_cpp/ublox_msgs/msg/mon_hw__type_support.cpp.o[0m
[258.017s] [ 28%] [32mBuilding CXX object CMakeFiles/ublox_msgs__rosidl_typesupport_cpp.dir/rosidl_typesupport_cpp/ublox_msgs/msg/mon_ver_extension__type_support.cpp.o[0m
[258.397s] [ 28%] [32mBuilding CXX object CMakeFiles/ublox_msgs__rosidl_typesupport_cpp.dir/rosidl_typesupport_cpp/ublox_msgs/msg/mon_ver__type_support.cpp.o[0m
[258.746s] [ 28%] [32mBuilding CXX object CMakeFiles/ublox_msgs__rosidl_typesupport_cpp.dir/rosidl_typesupport_cpp/ublox_msgs/msg/nav_att__type_support.cpp.o[0m
[259.077s] [ 28%] [32mBuilding CXX object CMakeFiles/ublox_msgs__rosidl_typesupport_cpp.dir/rosidl_typesupport_cpp/ublox_msgs/msg/nav_clock__type_support.cpp.o[0m
[259.438s] [ 29%] [32mBuilding CXX object CMakeFiles/ublox_msgs__rosidl_typesupport_cpp.dir/rosidl_typesupport_cpp/ublox_msgs/msg/nav_cov__type_support.cpp.o[0m
[259.811s] [ 29%] [32mBuilding CXX object CMakeFiles/ublox_msgs__rosidl_typesupport_cpp.dir/rosidl_typesupport_cpp/ublox_msgs/msg/nav_dgps__type_support.cpp.o[0m
[260.137s] [ 29%] [32mBuilding CXX object CMakeFiles/ublox_msgs__rosidl_typesupport_cpp.dir/rosidl_typesupport_cpp/ublox_msgs/msg/nav_dgpssv__type_support.cpp.o[0m
[260.488s] [ 29%] [32mBuilding CXX object CMakeFiles/ublox_msgs__rosidl_typesupport_cpp.dir/rosidl_typesupport_cpp/ublox_msgs/msg/nav_dop__type_support.cpp.o[0m
[260.816s] [ 29%] [32mBuilding CXX object CMakeFiles/ublox_msgs__rosidl_typesupport_cpp.dir/rosidl_typesupport_cpp/ublox_msgs/msg/nav_posecef__type_support.cpp.o[0m
[261.145s] [ 29%] [32mBuilding CXX object CMakeFiles/ublox_msgs__rosidl_typesupport_cpp.dir/rosidl_typesupport_cpp/ublox_msgs/msg/nav_posllh__type_support.cpp.o[0m
[261.459s] [ 29%] [32mBuilding CXX object CMakeFiles/ublox_msgs__rosidl_typesupport_cpp.dir/rosidl_typesupport_cpp/ublox_msgs/msg/nav_pvt7__type_support.cpp.o[0m
[261.805s] [ 30%] [32mBuilding CXX object CMakeFiles/ublox_msgs__rosidl_typesupport_cpp.dir/rosidl_typesupport_cpp/ublox_msgs/msg/nav_pvt__type_support.cpp.o[0m
[262.157s] [ 30%] [32mBuilding CXX object CMakeFiles/ublox_msgs__rosidl_typesupport_cpp.dir/rosidl_typesupport_cpp/ublox_msgs/msg/nav_relposned9__type_support.cpp.o[0m
[262.534s] [ 30%] [32mBuilding CXX object CMakeFiles/ublox_msgs__rosidl_typesupport_cpp.dir/rosidl_typesupport_cpp/ublox_msgs/msg/nav_relposned__type_support.cpp.o[0m
[262.929s] [ 30%] [32mBuilding CXX object CMakeFiles/ublox_msgs__rosidl_typesupport_cpp.dir/rosidl_typesupport_cpp/ublox_msgs/msg/nav_sat__type_support.cpp.o[0m
[263.299s] [ 30%] [32mBuilding CXX object CMakeFiles/ublox_msgs__rosidl_typesupport_cpp.dir/rosidl_typesupport_cpp/ublox_msgs/msg/nav_satsv__type_support.cpp.o[0m
[263.706s] [ 30%] [32mBuilding CXX object CMakeFiles/ublox_msgs__rosidl_typesupport_cpp.dir/rosidl_typesupport_cpp/ublox_msgs/msg/nav_sbas__type_support.cpp.o[0m
[264.071s] [ 31%] [32mBuilding CXX object CMakeFiles/ublox_msgs__rosidl_typesupport_cpp.dir/rosidl_typesupport_cpp/ublox_msgs/msg/nav_sbassv__type_support.cpp.o[0m
[264.414s] [ 31%] [32mBuilding CXX object CMakeFiles/ublox_msgs__rosidl_typesupport_cpp.dir/rosidl_typesupport_cpp/ublox_msgs/msg/nav_sol__type_support.cpp.o[0m
[264.743s] [ 31%] [32mBuilding CXX object CMakeFiles/ublox_msgs__rosidl_typesupport_cpp.dir/rosidl_typesupport_cpp/ublox_msgs/msg/nav_status__type_support.cpp.o[0m
[265.065s] [ 31%] [32mBuilding CXX object CMakeFiles/ublox_msgs__rosidl_typesupport_cpp.dir/rosidl_typesupport_cpp/ublox_msgs/msg/nav_svinfo__type_support.cpp.o[0m
[265.384s] [ 31%] [32mBuilding CXX object CMakeFiles/ublox_msgs__rosidl_typesupport_cpp.dir/rosidl_typesupport_cpp/ublox_msgs/msg/nav_svinfosv__type_support.cpp.o[0m
[265.782s] [ 31%] [32mBuilding CXX object CMakeFiles/ublox_msgs__rosidl_typesupport_cpp.dir/rosidl_typesupport_cpp/ublox_msgs/msg/nav_svin__type_support.cpp.o[0m
[266.128s] [ 31%] [32mBuilding CXX object CMakeFiles/ublox_msgs__rosidl_typesupport_cpp.dir/rosidl_typesupport_cpp/ublox_msgs/msg/nav_timegps__type_support.cpp.o[0m
[266.502s] [ 32%] [32mBuilding CXX object CMakeFiles/ublox_msgs__rosidl_typesupport_cpp.dir/rosidl_typesupport_cpp/ublox_msgs/msg/nav_timeutc__type_support.cpp.o[0m
[266.867s] [ 32%] [32mBuilding CXX object CMakeFiles/ublox_msgs__rosidl_typesupport_cpp.dir/rosidl_typesupport_cpp/ublox_msgs/msg/nav_velecef__type_support.cpp.o[0m
[267.172s] [ 32%] [32mBuilding CXX object CMakeFiles/ublox_msgs__rosidl_typesupport_cpp.dir/rosidl_typesupport_cpp/ublox_msgs/msg/nav_velned__type_support.cpp.o[0m
[267.502s] [ 32%] [32mBuilding CXX object CMakeFiles/ublox_msgs__rosidl_typesupport_cpp.dir/rosidl_typesupport_cpp/ublox_msgs/msg/rxm_alm__type_support.cpp.o[0m
[267.825s] [ 32%] [32mBuilding CXX object CMakeFiles/ublox_msgs__rosidl_typesupport_cpp.dir/rosidl_typesupport_cpp/ublox_msgs/msg/rxm_eph__type_support.cpp.o[0m
[268.175s] [ 32%] [32mBuilding CXX object CMakeFiles/ublox_msgs__rosidl_typesupport_cpp.dir/rosidl_typesupport_cpp/ublox_msgs/msg/rxm_raw__type_support.cpp.o[0m
[268.498s] [ 33%] [32mBuilding CXX object CMakeFiles/ublox_msgs__rosidl_typesupport_cpp.dir/rosidl_typesupport_cpp/ublox_msgs/msg/rxm_rawsv__type_support.cpp.o[0m
[268.841s] [ 33%] [32mBuilding CXX object CMakeFiles/ublox_msgs__rosidl_typesupport_cpp.dir/rosidl_typesupport_cpp/ublox_msgs/msg/rxm_rawx_meas__type_support.cpp.o[0m
[269.177s] [ 33%] [32mBuilding CXX object CMakeFiles/ublox_msgs__rosidl_typesupport_cpp.dir/rosidl_typesupport_cpp/ublox_msgs/msg/rxm_rawx__type_support.cpp.o[0m
[269.544s] [ 33%] [32mBuilding CXX object CMakeFiles/ublox_msgs__rosidl_typesupport_cpp.dir/rosidl_typesupport_cpp/ublox_msgs/msg/rxm_rtcm__type_support.cpp.o[0m
[269.887s] [ 33%] [32mBuilding CXX object CMakeFiles/ublox_msgs__rosidl_typesupport_cpp.dir/rosidl_typesupport_cpp/ublox_msgs/msg/rxm_sfrb__type_support.cpp.o[0m
[270.230s] [ 33%] [32mBuilding CXX object CMakeFiles/ublox_msgs__rosidl_typesupport_cpp.dir/rosidl_typesupport_cpp/ublox_msgs/msg/rxm_sfrbx__type_support.cpp.o[0m
[270.542s] [ 33%] [32mBuilding CXX object CMakeFiles/ublox_msgs__rosidl_typesupport_cpp.dir/rosidl_typesupport_cpp/ublox_msgs/msg/rxm_svsi__type_support.cpp.o[0m
[270.873s] [ 34%] [32mBuilding CXX object CMakeFiles/ublox_msgs__rosidl_typesupport_cpp.dir/rosidl_typesupport_cpp/ublox_msgs/msg/rxm_svsisv__type_support.cpp.o[0m
[271.199s] [ 34%] [32mBuilding CXX object CMakeFiles/ublox_msgs__rosidl_typesupport_cpp.dir/rosidl_typesupport_cpp/ublox_msgs/msg/tim_tm2__type_support.cpp.o[0m
[271.565s] [ 34%] [32mBuilding CXX object CMakeFiles/ublox_msgs__rosidl_typesupport_cpp.dir/rosidl_typesupport_cpp/ublox_msgs/msg/upd_sos_ack__type_support.cpp.o[0m
[271.897s] [ 34%] [32mBuilding CXX object CMakeFiles/ublox_msgs__rosidl_typesupport_cpp.dir/rosidl_typesupport_cpp/ublox_msgs/msg/upd_sos__type_support.cpp.o[0m
[272.251s] [ 34%] [32mBuilding CXX object CMakeFiles/ublox_msgs__rosidl_typesupport_cpp.dir/rosidl_typesupport_cpp/ublox_msgs/msg/cfg_msg__type_support.cpp.o[0m
[272.597s] [ 34%] [32mBuilding CXX object CMakeFiles/ublox_msgs__rosidl_typesupport_cpp.dir/rosidl_typesupport_cpp/ublox_msgs/msg/cfg_inf__type_support.cpp.o[0m
[272.940s] [ 34%] [32mBuilding CXX object CMakeFiles/ublox_msgs__rosidl_typesupport_cpp.dir/rosidl_typesupport_cpp/ublox_msgs/msg/cfg_inf_block__type_support.cpp.o[0m
[273.248s] [ 34%] [32mBuilding CXX object CMakeFiles/ublox_msgs__rosidl_typesupport_cpp.dir/rosidl_typesupport_cpp/ublox_msgs/msg/cfg_hnr__type_support.cpp.o[0m
[273.557s] [ 35%] [32mBuilding CXX object CMakeFiles/ublox_msgs__rosidl_typesupport_cpp.dir/rosidl_typesupport_cpp/ublox_msgs/msg/cfg_gnss__type_support.cpp.o[0m
[273.880s] [ 35%] [32mBuilding CXX object CMakeFiles/ublox_msgs__rosidl_typesupport_cpp.dir/rosidl_typesupport_cpp/ublox_msgs/msg/cfg_gnss_block__type_support.cpp.o[0m
[274.215s] [ 35%] [32mBuilding CXX object CMakeFiles/ublox_msgs__rosidl_typesupport_cpp.dir/rosidl_typesupport_cpp/ublox_msgs/msg/cfg_dgnss__type_support.cpp.o[0m
[274.562s] [ 35%] [32mBuilding CXX object CMakeFiles/ublox_msgs__rosidl_typesupport_cpp.dir/rosidl_typesupport_cpp/ublox_msgs/msg/cfg_dat__type_support.cpp.o[0m
[274.886s] [ 35%] [32mBuilding CXX object CMakeFiles/ublox_msgs__rosidl_typesupport_cpp.dir/rosidl_typesupport_cpp/ublox_msgs/msg/cfg_cfg__type_support.cpp.o[0m
[275.197s] [ 35%] [32mBuilding CXX object CMakeFiles/ublox_msgs__rosidl_typesupport_cpp.dir/rosidl_typesupport_cpp/ublox_msgs/msg/cfg_ant__type_support.cpp.o[0m
[275.522s] [ 35%] [32mBuilding CXX object CMakeFiles/ublox_msgs__rosidl_typesupport_cpp.dir/rosidl_typesupport_cpp/ublox_msgs/msg/aid_hui__type_support.cpp.o[0m
[275.931s] [ 36%] [32mBuilding CXX object CMakeFiles/ublox_msgs__rosidl_typesupport_cpp.dir/rosidl_typesupport_cpp/ublox_msgs/msg/aid_eph__type_support.cpp.o[0m
[276.304s] [ 36%] [32mBuilding CXX object CMakeFiles/ublox_msgs__rosidl_typesupport_cpp.dir/rosidl_typesupport_cpp/ublox_msgs/msg/aid_alm__type_support.cpp.o[0m
[276.588s] [ 36%] [32m[1mLinking CXX shared library libublox_msgs__rosidl_typesupport_cpp.so[0m
[276.643s] [ 36%] Built target ublox_msgs__rosidl_typesupport_cpp
[276.688s] [ 48%] Built target ublox_msgs__rosidl_generator_c
[276.712s] [ 48%] [32mBuilding CXX object CMakeFiles/ublox_msgs_lib.dir/src/ublox_msgs.cpp.o[0m
[279.494s] [ 49%] [32m[1mLinking CXX shared library libublox_msgs_lib.so[0m
[279.617s] [ 49%] Built target ublox_msgs_lib
[279.651s] [ 62%] Built target ublox_msgs__rosidl_typesupport_c
[279.655s] [ 75%] Built target ublox_msgs__rosidl_typesupport_introspection_c
[279.724s] [ 75%] [32mBuilding CXX object CMakeFiles/ublox_msgs__rosidl_typesupport_fastrtps_c.dir/rosidl_typesupport_fastrtps_c/ublox_msgs/msg/detail/aid_alm__type_support_c.cpp.o[0m
[279.724s] [ 76%] [32mBuilding CXX object CMakeFiles/ublox_msgs__rosidl_typesupport_fastrtps_c.dir/rosidl_typesupport_fastrtps_c/ublox_msgs/msg/detail/ack__type_support_c.cpp.o[0m
[280.114s] [ 76%] [32mBuilding CXX object CMakeFiles/ublox_msgs__rosidl_typesupport_fastrtps_c.dir/rosidl_typesupport_fastrtps_c/ublox_msgs/msg/detail/cfg_nmea6__type_support_c.cpp.o[0m
[280.114s] [ 76%] [32mBuilding CXX object CMakeFiles/ublox_msgs__rosidl_typesupport_fastrtps_c.dir/rosidl_typesupport_fastrtps_c/ublox_msgs/msg/detail/cfg_navx5__type_support_c.cpp.o[0m
[280.508s] [ 76%] [32mBuilding CXX object CMakeFiles/ublox_msgs__rosidl_typesupport_fastrtps_c.dir/rosidl_typesupport_fastrtps_c/ublox_msgs/msg/detail/cfg_nmea7__type_support_c.cpp.o[0m
[280.548s] [ 76%] [32mBuilding CXX object CMakeFiles/ublox_msgs__rosidl_typesupport_fastrtps_c.dir/rosidl_typesupport_fastrtps_c/ublox_msgs/msg/detail/cfg_nmea__type_support_c.cpp.o[0m
[280.903s] [ 77%] [32mBuilding CXX object CMakeFiles/ublox_msgs__rosidl_typesupport_fastrtps_c.dir/rosidl_typesupport_fastrtps_c/ublox_msgs/msg/detail/cfg_prt__type_support_c.cpp.o[0m
[280.974s] [ 77%] [32mBuilding CXX object CMakeFiles/ublox_msgs__rosidl_typesupport_fastrtps_c.dir/rosidl_typesupport_fastrtps_c/ublox_msgs/msg/detail/cfg_rate__type_support_c.cpp.o[0m
[281.285s] [ 77%] [32mBuilding CXX object CMakeFiles/ublox_msgs__rosidl_typesupport_fastrtps_c.dir/rosidl_typesupport_fastrtps_c/ublox_msgs/msg/detail/cfg_rst__type_support_c.cpp.o[0m
[281.344s] [ 77%] [32mBuilding CXX object CMakeFiles/ublox_msgs__rosidl_typesupport_fastrtps_c.dir/rosidl_typesupport_fastrtps_c/ublox_msgs/msg/detail/cfg_sbas__type_support_c.cpp.o[0m
[281.679s] [ 77%] [32mBuilding CXX object CMakeFiles/ublox_msgs__rosidl_typesupport_fastrtps_c.dir/rosidl_typesupport_fastrtps_c/ublox_msgs/msg/detail/cfg_tmode3__type_support_c.cpp.o[0m
[281.721s] [ 77%] [32mBuilding CXX object CMakeFiles/ublox_msgs__rosidl_typesupport_fastrtps_c.dir/rosidl_typesupport_fastrtps_c/ublox_msgs/msg/detail/cfg_usb__type_support_c.cpp.o[0m
[282.070s] [ 77%] [32mBuilding CXX object CMakeFiles/ublox_msgs__rosidl_typesupport_fastrtps_c.dir/rosidl_typesupport_fastrtps_c/ublox_msgs/msg/detail/esf_ins__type_support_c.cpp.o[0m
[282.097s] [ 78%] [32mBuilding CXX object CMakeFiles/ublox_msgs__rosidl_typesupport_fastrtps_c.dir/rosidl_typesupport_fastrtps_c/ublox_msgs/msg/detail/esf_meas__type_support_c.cpp.o[0m
[282.481s] [ 78%] [32mBuilding CXX object CMakeFiles/ublox_msgs__rosidl_typesupport_fastrtps_c.dir/rosidl_typesupport_fastrtps_c/ublox_msgs/msg/detail/esf_raw_block__type_support_c.cpp.o[0m
[282.537s] [ 78%] [32mBuilding CXX object CMakeFiles/ublox_msgs__rosidl_typesupport_fastrtps_c.dir/rosidl_typesupport_fastrtps_c/ublox_msgs/msg/detail/esf_raw__type_support_c.cpp.o[0m
[282.897s] [ 79%] [32mBuilding CXX object CMakeFiles/ublox_msgs__rosidl_typesupport_fastrtps_c.dir/rosidl_typesupport_fastrtps_c/ublox_msgs/msg/detail/cfg_msg__type_support_c.cpp.o[0m
[282.897s] [ 79%] [32mBuilding CXX object CMakeFiles/ublox_msgs__rosidl_typesupport_fastrtps_c.dir/rosidl_typesupport_fastrtps_c/ublox_msgs/msg/detail/cfg_inf_block__type_support_c.cpp.o[0m
[282.898s] [ 79%] [32mBuilding CXX object CMakeFiles/ublox_msgs__rosidl_typesupport_fastrtps_c.dir/rosidl_typesupport_fastrtps_c/ublox_msgs/msg/detail/esf_status__type_support_c.cpp.o[0m
[282.898s] [ 79%] [32mBuilding CXX object CMakeFiles/ublox_msgs__rosidl_typesupport_fastrtps_c.dir/rosidl_typesupport_fastrtps_c/ublox_msgs/msg/detail/cfg_nav5__type_support_c.cpp.o[0m
[282.898s] [ 79%] [32mBuilding CXX object CMakeFiles/ublox_msgs__rosidl_typesupport_fastrtps_c.dir/rosidl_typesupport_fastrtps_c/ublox_msgs/msg/detail/cfg_inf__type_support_c.cpp.o[0m
[282.936s] [ 79%] [32mBuilding CXX object CMakeFiles/ublox_msgs__rosidl_typesupport_fastrtps_c.dir/rosidl_typesupport_fastrtps_c/ublox_msgs/msg/detail/esf_status_sens__type_support_c.cpp.o[0m
[283.331s] [ 79%] [32mBuilding CXX object CMakeFiles/ublox_msgs__rosidl_typesupport_fastrtps_c.dir/rosidl_typesupport_fastrtps_c/ublox_msgs/msg/detail/hnr_pvt__type_support_c.cpp.o[0m
[283.331s] [ 79%] [32mBuilding CXX object CMakeFiles/ublox_msgs__rosidl_typesupport_fastrtps_c.dir/rosidl_typesupport_fastrtps_c/ublox_msgs/msg/detail/cfg_gnss__type_support_c.cpp.o[0m
[283.332s] [ 79%] [32mBuilding CXX object CMakeFiles/ublox_msgs__rosidl_typesupport_fastrtps_c.dir/rosidl_typesupport_fastrtps_c/ublox_msgs/msg/detail/cfg_hnr__type_support_c.cpp.o[0m
[283.338s] [ 79%] [32mBuilding CXX object CMakeFiles/ublox_msgs__rosidl_typesupport_fastrtps_c.dir/rosidl_typesupport_fastrtps_c/ublox_msgs/msg/detail/cfg_gnss_block__type_support_c.cpp.o[0m
[283.373s] [ 80%] [32mBuilding CXX object CMakeFiles/ublox_msgs__rosidl_typesupport_fastrtps_c.dir/rosidl_typesupport_fastrtps_c/ublox_msgs/msg/detail/inf__type_support_c.cpp.o[0m
[283.390s] [ 80%] [32mBuilding CXX object CMakeFiles/ublox_msgs__rosidl_typesupport_fastrtps_c.dir/rosidl_typesupport_fastrtps_c/ublox_msgs/msg/detail/mga_gal__type_support_c.cpp.o[0m
[283.506s] [ 80%] [32mBuilding CXX object CMakeFiles/ublox_msgs__rosidl_typesupport_fastrtps_c.dir/rosidl_typesupport_fastrtps_c/ublox_msgs/msg/detail/mon_gnss__type_support_c.cpp.o[0m
[283.611s] [ 80%] [32mBuilding CXX object CMakeFiles/ublox_msgs__rosidl_typesupport_fastrtps_c.dir/rosidl_typesupport_fastrtps_c/ublox_msgs/msg/detail/mon_hw6__type_support_c.cpp.o[0m
[283.624s] [ 80%] [32mBuilding CXX object CMakeFiles/ublox_msgs__rosidl_typesupport_fastrtps_c.dir/rosidl_typesupport_fastrtps_c/ublox_msgs/msg/detail/mon_hw__type_support_c.cpp.o[0m
[284.011s] [ 80%] [32mBuilding CXX object CMakeFiles/ublox_msgs__rosidl_typesupport_fastrtps_c.dir/rosidl_typesupport_fastrtps_c/ublox_msgs/msg/detail/mon_ver_extension__type_support_c.cpp.o[0m
[284.029s] [ 80%] [32mBuilding CXX object CMakeFiles/ublox_msgs__rosidl_typesupport_fastrtps_c.dir/rosidl_typesupport_fastrtps_c/ublox_msgs/msg/detail/mon_ver__type_support_c.cpp.o[0m
[284.060s] [ 81%] [32mBuilding CXX object CMakeFiles/ublox_msgs__rosidl_typesupport_fastrtps_c.dir/rosidl_typesupport_fastrtps_c/ublox_msgs/msg/detail/nav_att__type_support_c.cpp.o[0m
[284.106s] [ 81%] [32mBuilding CXX object CMakeFiles/ublox_msgs__rosidl_typesupport_fastrtps_c.dir/rosidl_typesupport_fastrtps_c/ublox_msgs/msg/detail/nav_clock__type_support_c.cpp.o[0m
[284.111s] [ 81%] [32mBuilding CXX object CMakeFiles/ublox_msgs__rosidl_typesupport_fastrtps_c.dir/rosidl_typesupport_fastrtps_c/ublox_msgs/msg/detail/nav_cov__type_support_c.cpp.o[0m
[284.117s] [ 81%] [32mBuilding CXX object CMakeFiles/ublox_msgs__rosidl_typesupport_fastrtps_c.dir/rosidl_typesupport_fastrtps_c/ublox_msgs/msg/detail/nav_dgps__type_support_c.cpp.o[0m
[284.294s] [ 81%] [32mBuilding CXX object CMakeFiles/ublox_msgs__rosidl_typesupport_fastrtps_c.dir/rosidl_typesupport_fastrtps_c/ublox_msgs/msg/detail/nav_dgpssv__type_support_c.cpp.o[0m
[284.299s] [ 81%] [32mBuilding CXX object CMakeFiles/ublox_msgs__rosidl_typesupport_fastrtps_c.dir/rosidl_typesupport_fastrtps_c/ublox_msgs/msg/detail/cfg_dgnss__type_support_c.cpp.o[0m
[284.300s] [ 81%] [32mBuilding CXX object CMakeFiles/ublox_msgs__rosidl_typesupport_fastrtps_c.dir/rosidl_typesupport_fastrtps_c/ublox_msgs/msg/detail/cfg_cfg__type_support_c.cpp.o[0m
[284.300s] [ 82%] [32mBuilding CXX object CMakeFiles/ublox_msgs__rosidl_typesupport_fastrtps_c.dir/rosidl_typesupport_fastrtps_c/ublox_msgs/msg/detail/cfg_dat__type_support_c.cpp.o[0m
[284.386s] [ 82%] [32mBuilding CXX object CMakeFiles/ublox_msgs__rosidl_typesupport_fastrtps_c.dir/rosidl_typesupport_fastrtps_c/ublox_msgs/msg/detail/nav_dop__type_support_c.cpp.o[0m
[284.447s] [ 83%] [32mBuilding CXX object CMakeFiles/ublox_msgs__rosidl_typesupport_fastrtps_c.dir/rosidl_typesupport_fastrtps_c/ublox_msgs/msg/detail/nav_posecef__type_support_c.cpp.o[0m
[284.897s] [ 83%] [32mBuilding CXX object CMakeFiles/ublox_msgs__rosidl_typesupport_fastrtps_c.dir/rosidl_typesupport_fastrtps_c/ublox_msgs/msg/detail/nav_posllh__type_support_c.cpp.o[0m
[284.927s] [ 83%] [32mBuilding CXX object CMakeFiles/ublox_msgs__rosidl_typesupport_fastrtps_c.dir/rosidl_typesupport_fastrtps_c/ublox_msgs/msg/detail/nav_pvt7__type_support_c.cpp.o[0m
[284.963s] [ 83%] [32mBuilding CXX object CMakeFiles/ublox_msgs__rosidl_typesupport_fastrtps_c.dir/rosidl_typesupport_fastrtps_c/ublox_msgs/msg/detail/nav_pvt__type_support_c.cpp.o[0m
[284.963s] [ 83%] [32mBuilding CXX object CMakeFiles/ublox_msgs__rosidl_typesupport_fastrtps_c.dir/rosidl_typesupport_fastrtps_c/ublox_msgs/msg/detail/nav_relposned9__type_support_c.cpp.o[0m
[285.046s] [ 83%] [32mBuilding CXX object CMakeFiles/ublox_msgs__rosidl_typesupport_fastrtps_c.dir/rosidl_typesupport_fastrtps_c/ublox_msgs/msg/detail/nav_relposned__type_support_c.cpp.o[0m
[285.055s] [ 83%] [32mBuilding CXX object CMakeFiles/ublox_msgs__rosidl_typesupport_fastrtps_c.dir/rosidl_typesupport_fastrtps_c/ublox_msgs/msg/detail/nav_sat__type_support_c.cpp.o[0m
[285.057s] [ 83%] [32mBuilding CXX object CMakeFiles/ublox_msgs__rosidl_typesupport_fastrtps_c.dir/rosidl_typesupport_fastrtps_c/ublox_msgs/msg/detail/cfg_ant__type_support_c.cpp.o[0m
[285.185s] [ 83%] [32mBuilding CXX object CMakeFiles/ublox_msgs__rosidl_typesupport_fastrtps_c.dir/rosidl_typesupport_fastrtps_c/ublox_msgs/msg/detail/nav_sbas__type_support_c.cpp.o[0m
[285.222s] [ 83%] [32mBuilding CXX object CMakeFiles/ublox_msgs__rosidl_typesupport_fastrtps_c.dir/rosidl_typesupport_fastrtps_c/ublox_msgs/msg/detail/nav_sbassv__type_support_c.cpp.o[0m
[285.349s] [ 83%] [32mBuilding CXX object CMakeFiles/ublox_msgs__rosidl_typesupport_fastrtps_c.dir/rosidl_typesupport_fastrtps_c/ublox_msgs/msg/detail/nav_sol__type_support_c.cpp.o[0m
[285.358s] [ 83%] [32mBuilding CXX object CMakeFiles/ublox_msgs__rosidl_typesupport_fastrtps_c.dir/rosidl_typesupport_fastrtps_c/ublox_msgs/msg/detail/aid_hui__type_support_c.cpp.o[0m
[285.358s] [ 83%] [32mBuilding CXX object CMakeFiles/ublox_msgs__rosidl_typesupport_fastrtps_c.dir/rosidl_typesupport_fastrtps_c/ublox_msgs/msg/detail/aid_eph__type_support_c.cpp.o[0m
[285.368s] [ 84%] [32mBuilding CXX object CMakeFiles/ublox_msgs__rosidl_typesupport_fastrtps_c.dir/rosidl_typesupport_fastrtps_c/ublox_msgs/msg/detail/nav_satsv__type_support_c.cpp.o[0m
[285.447s] [ 84%] [32mBuilding CXX object CMakeFiles/ublox_msgs__rosidl_typesupport_fastrtps_c.dir/rosidl_typesupport_fastrtps_c/ublox_msgs/msg/detail/nav_status__type_support_c.cpp.o[0m
[285.450s] [ 84%] [32mBuilding CXX object CMakeFiles/ublox_msgs__rosidl_typesupport_fastrtps_c.dir/rosidl_typesupport_fastrtps_c/ublox_msgs/msg/detail/nav_svinfo__type_support_c.cpp.o[0m
[285.765s] [ 85%] [32mBuilding CXX object CMakeFiles/ublox_msgs__rosidl_typesupport_fastrtps_c.dir/rosidl_typesupport_fastrtps_c/ublox_msgs/msg/detail/nav_svinfosv__type_support_c.cpp.o[0m
[285.992s] [ 85%] [32mBuilding CXX object CMakeFiles/ublox_msgs__rosidl_typesupport_fastrtps_c.dir/rosidl_typesupport_fastrtps_c/ublox_msgs/msg/detail/nav_svin__type_support_c.cpp.o[0m
[286.042s] [ 85%] [32mBuilding CXX object CMakeFiles/ublox_msgs__rosidl_typesupport_fastrtps_c.dir/rosidl_typesupport_fastrtps_c/ublox_msgs/msg/detail/nav_timegps__type_support_c.cpp.o[0m
[286.171s] [ 85%] [32mBuilding CXX object CMakeFiles/ublox_msgs__rosidl_typesupport_fastrtps_c.dir/rosidl_typesupport_fastrtps_c/ublox_msgs/msg/detail/nav_timeutc__type_support_c.cpp.o[0m
[286.258s] [ 85%] [32mBuilding CXX object CMakeFiles/ublox_msgs__rosidl_typesupport_fastrtps_c.dir/rosidl_typesupport_fastrtps_c/ublox_msgs/msg/detail/nav_velecef__type_support_c.cpp.o[0m
[286.265s] [ 85%] [32mBuilding CXX object CMakeFiles/ublox_msgs__rosidl_typesupport_fastrtps_c.dir/rosidl_typesupport_fastrtps_c/ublox_msgs/msg/detail/nav_velned__type_support_c.cpp.o[0m
[286.279s] [ 85%] [32mBuilding CXX object CMakeFiles/ublox_msgs__rosidl_typesupport_fastrtps_c.dir/rosidl_typesupport_fastrtps_c/ublox_msgs/msg/detail/rxm_alm__type_support_c.cpp.o[0m
[286.315s] [ 86%] [32mBuilding CXX object CMakeFiles/ublox_msgs__rosidl_typesupport_fastrtps_c.dir/rosidl_typesupport_fastrtps_c/ublox_msgs/msg/detail/rxm_eph__type_support_c.cpp.o[0m
[286.338s] [ 86%] [32mBuilding CXX object CMakeFiles/ublox_msgs__rosidl_typesupport_fastrtps_c.dir/rosidl_typesupport_fastrtps_c/ublox_msgs/msg/detail/rxm_raw__type_support_c.cpp.o[0m
[286.374s] [ 86%] [32mBuilding CXX object CMakeFiles/ublox_msgs__rosidl_typesupport_fastrtps_c.dir/rosidl_typesupport_fastrtps_c/ublox_msgs/msg/detail/rxm_rawsv__type_support_c.cpp.o[0m
[286.379s] [ 86%] [32mBuilding CXX object CMakeFiles/ublox_msgs__rosidl_typesupport_fastrtps_c.dir/rosidl_typesupport_fastrtps_c/ublox_msgs/msg/detail/rxm_rawx_meas__type_support_c.cpp.o[0m
[286.494s] [ 86%] [32mBuilding CXX object CMakeFiles/ublox_msgs__rosidl_typesupport_fastrtps_c.dir/rosidl_typesupport_fastrtps_c/ublox_msgs/msg/detail/rxm_rawx__type_support_c.cpp.o[0m
[286.687s] [ 86%] [32mBuilding CXX object CMakeFiles/ublox_msgs__rosidl_typesupport_fastrtps_c.dir/rosidl_typesupport_fastrtps_c/ublox_msgs/msg/detail/rxm_rtcm__type_support_c.cpp.o[0m
[286.729s] [ 87%] [32mBuilding CXX object CMakeFiles/ublox_msgs__rosidl_typesupport_fastrtps_c.dir/rosidl_typesupport_fastrtps_c/ublox_msgs/msg/detail/rxm_sfrb__type_support_c.cpp.o[0m
[286.956s] [ 87%] [32mBuilding CXX object CMakeFiles/ublox_msgs__rosidl_typesupport_fastrtps_c.dir/rosidl_typesupport_fastrtps_c/ublox_msgs/msg/detail/rxm_sfrbx__type_support_c.cpp.o[0m
[287.004s] [ 87%] [32mBuilding CXX object CMakeFiles/ublox_msgs__rosidl_typesupport_fastrtps_c.dir/rosidl_typesupport_fastrtps_c/ublox_msgs/msg/detail/rxm_svsi__type_support_c.cpp.o[0m
[287.026s] [ 87%] [32mBuilding CXX object CMakeFiles/ublox_msgs__rosidl_typesupport_fastrtps_c.dir/rosidl_typesupport_fastrtps_c/ublox_msgs/msg/detail/rxm_svsisv__type_support_c.cpp.o[0m
[287.109s] [ 87%] [32mBuilding CXX object CMakeFiles/ublox_msgs__rosidl_typesupport_fastrtps_c.dir/rosidl_typesupport_fastrtps_c/ublox_msgs/msg/detail/tim_tm2__type_support_c.cpp.o[0m
[287.405s] [ 87%] [32mBuilding CXX object CMakeFiles/ublox_msgs__rosidl_typesupport_fastrtps_c.dir/rosidl_typesupport_fastrtps_c/ublox_msgs/msg/detail/upd_sos_ack__type_support_c.cpp.o[0m
[287.427s] [ 87%] [32mBuilding CXX object CMakeFiles/ublox_msgs__rosidl_typesupport_fastrtps_c.dir/rosidl_typesupport_fastrtps_c/ublox_msgs/msg/detail/upd_sos__type_support_c.cpp.o[0m
[288.343s] [ 88%] [32m[1mLinking CXX shared library libublox_msgs__rosidl_typesupport_fastrtps_c.so[0m
[288.506s] [ 88%] Built target ublox_msgs__rosidl_typesupport_fastrtps_c
[288.531s] [ 88%] Built target ublox_msgs
[288.552s] [ 88%] Built target ublox_msgs__py
[288.625s] [ 88%] [32mBuilding C object CMakeFiles/ublox_msgs__rosidl_generator_py.dir/rosidl_generator_py/ublox_msgs/msg/_ack_s.c.o[0m
[288.627s] [ 89%] [32mBuilding C object CMakeFiles/ublox_msgs__rosidl_generator_py.dir/rosidl_generator_py/ublox_msgs/msg/_aid_eph_s.c.o[0m
[288.627s] [ 89%] [32mBuilding C object CMakeFiles/ublox_msgs__rosidl_generator_py.dir/rosidl_generator_py/ublox_msgs/msg/_aid_alm_s.c.o[0m
[288.628s] [ 89%] [32mBuilding C object CMakeFiles/ublox_msgs__rosidl_generator_py.dir/rosidl_generator_py/ublox_msgs/msg/_aid_hui_s.c.o[0m
[288.787s] [ 90%] [32mBuilding C object CMakeFiles/ublox_msgs__rosidl_generator_py.dir/rosidl_generator_py/ublox_msgs/msg/_cfg_navx5_s.c.o[0m
[288.795s] [ 90%] [32mBuilding C object CMakeFiles/ublox_msgs__rosidl_generator_py.dir/rosidl_generator_py/ublox_msgs/msg/_cfg_nmea6_s.c.o[0m
[288.817s] [ 90%] [32mBuilding C object CMakeFiles/ublox_msgs__rosidl_generator_py.dir/rosidl_generator_py/ublox_msgs/msg/_cfg_nmea7_s.c.o[0m
[288.842s] [ 90%] [32mBuilding C object CMakeFiles/ublox_msgs__rosidl_generator_py.dir/rosidl_generator_py/ublox_msgs/msg/_cfg_nmea_s.c.o[0m
[288.966s] [ 90%] [32mBuilding C object CMakeFiles/ublox_msgs__rosidl_generator_py.dir/rosidl_generator_py/ublox_msgs/msg/_cfg_prt_s.c.o[0m
[288.979s] [ 90%] [32mBuilding C object CMakeFiles/ublox_msgs__rosidl_generator_py.dir/rosidl_generator_py/ublox_msgs/msg/_cfg_rate_s.c.o[0m
[289.015s] [ 91%] [32mBuilding C object CMakeFiles/ublox_msgs__rosidl_generator_py.dir/rosidl_generator_py/ublox_msgs/msg/_cfg_rst_s.c.o[0m
[289.056s] [ 91%] [32mBuilding C object CMakeFiles/ublox_msgs__rosidl_generator_py.dir/rosidl_generator_py/ublox_msgs/msg/_cfg_sbas_s.c.o[0m
[289.124s] [ 91%] [32mBuilding C object CMakeFiles/ublox_msgs__rosidl_generator_py.dir/rosidl_generator_py/ublox_msgs/msg/_cfg_tmode3_s.c.o[0m
[289.127s] [ 91%] [32mBuilding C object CMakeFiles/ublox_msgs__rosidl_generator_py.dir/rosidl_generator_py/ublox_msgs/msg/_cfg_nav5_s.c.o[0m
[289.177s] [ 91%] [32mBuilding C object CMakeFiles/ublox_msgs__rosidl_generator_py.dir/rosidl_generator_py/ublox_msgs/msg/_esf_ins_s.c.o[0m
[289.228s] [ 91%] [32mBuilding C object CMakeFiles/ublox_msgs__rosidl_generator_py.dir/rosidl_generator_py/ublox_msgs/msg/_esf_meas_s.c.o[0m
[289.346s] [ 91%] [32mBuilding C object CMakeFiles/ublox_msgs__rosidl_generator_py.dir/rosidl_generator_py/ublox_msgs/msg/_esf_raw_block_s.c.o[0m
[289.350s] [ 91%] [32mBuilding C object CMakeFiles/ublox_msgs__rosidl_generator_py.dir/rosidl_generator_py/ublox_msgs/msg/_cfg_usb_s.c.o[0m
[289.350s] [ 91%] [32mBuilding C object CMakeFiles/ublox_msgs__rosidl_generator_py.dir/rosidl_generator_py/ublox_msgs/msg/_cfg_msg_s.c.o[0m
[289.371s] [ 92%] [32mBuilding C object CMakeFiles/ublox_msgs__rosidl_generator_py.dir/rosidl_generator_py/ublox_msgs/msg/_esf_raw_s.c.o[0m
[289.372s] [ 92%] [32mBuilding C object CMakeFiles/ublox_msgs__rosidl_generator_py.dir/rosidl_generator_py/ublox_msgs/msg/_esf_status_s.c.o[0m
[289.451s] [ 92%] [32mBuilding C object CMakeFiles/ublox_msgs__rosidl_generator_py.dir/rosidl_generator_py/ublox_msgs/msg/_esf_status_sens_s.c.o[0m
[289.539s] [ 92%] [32mBuilding C object CMakeFiles/ublox_msgs__rosidl_generator_py.dir/rosidl_generator_py/ublox_msgs/msg/_hnr_pvt_s.c.o[0m
[289.569s] [ 92%] [32mBuilding C object CMakeFiles/ublox_msgs__rosidl_generator_py.dir/rosidl_generator_py/ublox_msgs/msg/_inf_s.c.o[0m
[289.585s] [ 92%] [32mBuilding C object CMakeFiles/ublox_msgs__rosidl_generator_py.dir/rosidl_generator_py/ublox_msgs/msg/_mga_gal_s.c.o[0m
[289.605s] [ 93%] [32mBuilding C object CMakeFiles/ublox_msgs__rosidl_generator_py.dir/rosidl_generator_py/ublox_msgs/msg/_mon_gnss_s.c.o[0m
[289.645s] [ 93%] [32mBuilding C object CMakeFiles/ublox_msgs__rosidl_generator_py.dir/rosidl_generator_py/ublox_msgs/msg/_mon_hw6_s.c.o[0m
[289.647s] [ 93%] [32mBuilding C object CMakeFiles/ublox_msgs__rosidl_generator_py.dir/rosidl_generator_py/ublox_msgs/msg/_mon_hw_s.c.o[0m
[289.755s] [ 93%] [32mBuilding C object CMakeFiles/ublox_msgs__rosidl_generator_py.dir/rosidl_generator_py/ublox_msgs/msg/_mon_ver_extension_s.c.o[0m
[289.766s] [ 93%] [32mBuilding C object CMakeFiles/ublox_msgs__rosidl_generator_py.dir/rosidl_generator_py/ublox_msgs/msg/_mon_ver_s.c.o[0m
[289.791s] [ 93%] [32mBuilding C object CMakeFiles/ublox_msgs__rosidl_generator_py.dir/rosidl_generator_py/ublox_msgs/msg/_nav_att_s.c.o[0m
[289.839s] [ 93%] [32mBuilding C object CMakeFiles/ublox_msgs__rosidl_generator_py.dir/rosidl_generator_py/ublox_msgs/msg/_nav_clock_s.c.o[0m
[289.861s] [ 94%] [32mBuilding C object CMakeFiles/ublox_msgs__rosidl_generator_py.dir/rosidl_generator_py/ublox_msgs/msg/_nav_cov_s.c.o[0m
[289.888s] [ 94%] [32mBuilding C object CMakeFiles/ublox_msgs__rosidl_generator_py.dir/rosidl_generator_py/ublox_msgs/msg/_nav_dgps_s.c.o[0m
[289.965s] [ 94%] [32mBuilding C object CMakeFiles/ublox_msgs__rosidl_generator_py.dir/rosidl_generator_py/ublox_msgs/msg/_nav_dgpssv_s.c.o[0m
[289.986s] [ 94%] [32mBuilding C object CMakeFiles/ublox_msgs__rosidl_generator_py.dir/rosidl_generator_py/ublox_msgs/msg/_nav_dop_s.c.o[0m
[289.993s] [ 94%] [32mBuilding C object CMakeFiles/ublox_msgs__rosidl_generator_py.dir/rosidl_generator_py/ublox_msgs/msg/_nav_posecef_s.c.o[0m
[290.053s] [ 94%] [32mBuilding C object CMakeFiles/ublox_msgs__rosidl_generator_py.dir/rosidl_generator_py/ublox_msgs/msg/_nav_posllh_s.c.o[0m
[290.109s] [ 95%] [32mBuilding C object CMakeFiles/ublox_msgs__rosidl_generator_py.dir/rosidl_generator_py/ublox_msgs/msg/_nav_pvt7_s.c.o[0m
[290.118s] [ 95%] [32mBuilding C object CMakeFiles/ublox_msgs__rosidl_generator_py.dir/rosidl_generator_py/ublox_msgs/msg/_nav_pvt_s.c.o[0m
[290.197s] [ 95%] [32mBuilding C object CMakeFiles/ublox_msgs__rosidl_generator_py.dir/rosidl_generator_py/ublox_msgs/msg/_nav_relposned9_s.c.o[0m
[290.221s] [ 95%] [32mBuilding C object CMakeFiles/ublox_msgs__rosidl_generator_py.dir/rosidl_generator_py/ublox_msgs/msg/_nav_relposned_s.c.o[0m
[290.249s] [ 95%] [32mBuilding C object CMakeFiles/ublox_msgs__rosidl_generator_py.dir/rosidl_generator_py/ublox_msgs/msg/_cfg_inf_s.c.o[0m
[290.251s] [ 95%] [32mBuilding C object CMakeFiles/ublox_msgs__rosidl_generator_py.dir/rosidl_generator_py/ublox_msgs/msg/_nav_sat_s.c.o[0m
[290.251s] [ 95%] [32mBuilding C object CMakeFiles/ublox_msgs__rosidl_generator_py.dir/rosidl_generator_py/ublox_msgs/msg/_cfg_inf_block_s.c.o[0m
[290.294s] [ 95%] [32mBuilding C object CMakeFiles/ublox_msgs__rosidl_generator_py.dir/rosidl_generator_py/ublox_msgs/msg/_nav_satsv_s.c.o[0m
[290.378s] [ 95%] [32mBuilding C object CMakeFiles/ublox_msgs__rosidl_generator_py.dir/rosidl_generator_py/ublox_msgs/msg/_nav_sbas_s.c.o[0m
[290.439s] [ 96%] [32mBuilding C object CMakeFiles/ublox_msgs__rosidl_generator_py.dir/rosidl_generator_py/ublox_msgs/msg/_nav_sbassv_s.c.o[0m
[290.450s] [ 96%] [32mBuilding C object CMakeFiles/ublox_msgs__rosidl_generator_py.dir/rosidl_generator_py/ublox_msgs/msg/_nav_sol_s.c.o[0m
[290.470s] [ 96%] [32mBuilding C object CMakeFiles/ublox_msgs__rosidl_generator_py.dir/rosidl_generator_py/ublox_msgs/msg/_nav_status_s.c.o[0m
[290.490s] [ 96%] [32mBuilding C object CMakeFiles/ublox_msgs__rosidl_generator_py.dir/rosidl_generator_py/ublox_msgs/msg/_nav_svinfo_s.c.o[0m
[290.514s] [ 96%] [32mBuilding C object CMakeFiles/ublox_msgs__rosidl_generator_py.dir/rosidl_generator_py/ublox_msgs/msg/_nav_svinfosv_s.c.o[0m
[290.534s] [ 96%] [32mBuilding C object CMakeFiles/ublox_msgs__rosidl_generator_py.dir/rosidl_generator_py/ublox_msgs/msg/_nav_svin_s.c.o[0m
[290.564s] [ 97%] [32mBuilding C object CMakeFiles/ublox_msgs__rosidl_generator_py.dir/rosidl_generator_py/ublox_msgs/msg/_nav_timegps_s.c.o[0m
[290.619s] [ 97%] [32mBuilding C object CMakeFiles/ublox_msgs__rosidl_generator_py.dir/rosidl_generator_py/ublox_msgs/msg/_nav_timeutc_s.c.o[0m
[290.660s] [ 97%] [32mBuilding C object CMakeFiles/ublox_msgs__rosidl_generator_py.dir/rosidl_generator_py/ublox_msgs/msg/_nav_velecef_s.c.o[0m
[290.665s] [ 97%] [32mBuilding C object CMakeFiles/ublox_msgs__rosidl_generator_py.dir/rosidl_generator_py/ublox_msgs/msg/_nav_velned_s.c.o[0m
[290.721s] [ 97%] [32mBuilding C object CMakeFiles/ublox_msgs__rosidl_generator_py.dir/rosidl_generator_py/ublox_msgs/msg/_rxm_alm_s.c.o[0m
[290.745s] [ 97%] [32mBuilding C object CMakeFiles/ublox_msgs__rosidl_generator_py.dir/rosidl_generator_py/ublox_msgs/msg/_rxm_eph_s.c.o[0m
[290.761s] [ 97%] [32mBuilding C object CMakeFiles/ublox_msgs__rosidl_generator_py.dir/rosidl_generator_py/ublox_msgs/msg/_rxm_raw_s.c.o[0m
[290.790s] [ 98%] [32mBuilding C object CMakeFiles/ublox_msgs__rosidl_generator_py.dir/rosidl_generator_py/ublox_msgs/msg/_rxm_rawsv_s.c.o[0m
[290.836s] [ 98%] [32mBuilding C object CMakeFiles/ublox_msgs__rosidl_generator_py.dir/rosidl_generator_py/ublox_msgs/msg/_rxm_rawx_meas_s.c.o[0m
[290.844s] [ 98%] [32mBuilding C object CMakeFiles/ublox_msgs__rosidl_generator_py.dir/rosidl_generator_py/ublox_msgs/msg/_rxm_rawx_s.c.o[0m
[290.901s] [ 98%] [32mBuilding C object CMakeFiles/ublox_msgs__rosidl_generator_py.dir/rosidl_generator_py/ublox_msgs/msg/_rxm_rtcm_s.c.o[0m
[290.932s] [ 98%] [32mBuilding C object CMakeFiles/ublox_msgs__rosidl_generator_py.dir/rosidl_generator_py/ublox_msgs/msg/_rxm_sfrb_s.c.o[0m
[290.932s] [ 98%] [32mBuilding C object CMakeFiles/ublox_msgs__rosidl_generator_py.dir/rosidl_generator_py/ublox_msgs/msg/_rxm_sfrbx_s.c.o[0m
[290.960s] [ 99%] [32mBuilding C object CMakeFiles/ublox_msgs__rosidl_generator_py.dir/rosidl_generator_py/ublox_msgs/msg/_rxm_svsi_s.c.o[0m
[290.983s] [ 99%] [32mBuilding C object CMakeFiles/ublox_msgs__rosidl_generator_py.dir/rosidl_generator_py/ublox_msgs/msg/_rxm_svsisv_s.c.o[0m
[291.043s] [ 99%] [32mBuilding C object CMakeFiles/ublox_msgs__rosidl_generator_py.dir/rosidl_generator_py/ublox_msgs/msg/_tim_tm2_s.c.o[0m
[291.087s] [ 99%] [32mBuilding C object CMakeFiles/ublox_msgs__rosidl_generator_py.dir/rosidl_generator_py/ublox_msgs/msg/_upd_sos_ack_s.c.o[0m
[291.103s] [ 99%] [32mBuilding C object CMakeFiles/ublox_msgs__rosidl_generator_py.dir/rosidl_generator_py/ublox_msgs/msg/_upd_sos_s.c.o[0m
[291.125s] [ 99%] [32mBuilding C object CMakeFiles/ublox_msgs__rosidl_generator_py.dir/rosidl_generator_py/ublox_msgs/msg/_cfg_hnr_s.c.o[0m
[291.183s] [ 99%] [32mBuilding C object CMakeFiles/ublox_msgs__rosidl_generator_py.dir/rosidl_generator_py/ublox_msgs/msg/_cfg_gnss_s.c.o[0m
[291.190s] [100%] [32mBuilding C object CMakeFiles/ublox_msgs__rosidl_generator_py.dir/rosidl_generator_py/ublox_msgs/msg/_cfg_gnss_block_s.c.o[0m
[291.223s] [100%] [32mBuilding C object CMakeFiles/ublox_msgs__rosidl_generator_py.dir/rosidl_generator_py/ublox_msgs/msg/_cfg_dgnss_s.c.o[0m
[291.231s] [100%] [32mBuilding C object CMakeFiles/ublox_msgs__rosidl_generator_py.dir/rosidl_generator_py/ublox_msgs/msg/_cfg_dat_s.c.o[0m
[291.282s] [100%] [32mBuilding C object CMakeFiles/ublox_msgs__rosidl_generator_py.dir/rosidl_generator_py/ublox_msgs/msg/_cfg_cfg_s.c.o[0m
[291.283s] [100%] [32mBuilding C object CMakeFiles/ublox_msgs__rosidl_generator_py.dir/rosidl_generator_py/ublox_msgs/msg/_cfg_ant_s.c.o[0m
[291.476s] [100%] [32m[1mLinking C shared library rosidl_generator_py/ublox_msgs/libublox_msgs__rosidl_generator_py.so[0m
[291.557s] [100%] Built target ublox_msgs__rosidl_generator_py
[291.584s] [100%] [32mBuilding C object CMakeFiles/ublox_msgs__rosidl_typesupport_fastrtps_c__pyext.dir/rosidl_generator_py/ublox_msgs/_ublox_msgs_s.ep.rosidl_typesupport_fastrtps_c.c.o[0m
[291.584s] [100%] [32mBuilding C object CMakeFiles/ublox_msgs__rosidl_typesupport_introspection_c__pyext.dir/rosidl_generator_py/ublox_msgs/_ublox_msgs_s.ep.rosidl_typesupport_introspection_c.c.o[0m
[291.590s] [100%] [32mBuilding C object CMakeFiles/ublox_msgs__rosidl_typesupport_c__pyext.dir/rosidl_generator_py/ublox_msgs/_ublox_msgs_s.ep.rosidl_typesupport_c.c.o[0m
[292.145s] [100%] [32m[1mLinking C shared library rosidl_generator_py/ublox_msgs/ublox_msgs_s__rosidl_typesupport_c.cpython-310-x86_64-linux-gnu.so[0m
[292.163s] [100%] [32m[1mLinking C shared library rosidl_generator_py/ublox_msgs/ublox_msgs_s__rosidl_typesupport_fastrtps_c.cpython-310-x86_64-linux-gnu.so[0m
[292.221s] [100%] [32m[1mLinking C shared library rosidl_generator_py/ublox_msgs/ublox_msgs_s__rosidl_typesupport_introspection_c.cpython-310-x86_64-linux-gnu.so[0m
[292.242s] [100%] Built target ublox_msgs__rosidl_typesupport_fastrtps_c__pyext
[292.247s] [100%] Built target ublox_msgs__rosidl_typesupport_c__pyext
[292.287s] [100%] Built target ublox_msgs__rosidl_typesupport_introspection_c__pyext
[292.297s] Invoked command in '/home/rhobtor/PHD/ARGOJ8_IA/ARGOSJ8_IA_/build/ublox_msgs' returned '0': CMAKE_PREFIX_PATH=/home/rhobtor/PHD/ARGOJ8_IA/ARGOSJ8_IA_/install/ublox_serialization:/home/rhobtor/PHD/ARGOJ8_IA/ARGOSJ8_IA_/install/wiimote_msgs:/home/rhobtor/PHD/ARGOJ8_IA/ARGOSJ8_IA_/install/ublox:/home/rhobtor/PHD/ARGOJ8_IA/ARGOSJ8_IA_/install/ublox_gps:/home/rhobtor/PHD/ARGOJ8_IA/ARGOSJ8_IA_/install/security_check:/home/rhobtor/PHD/ARGOJ8_IA/ARGOSJ8_IA_/install/ctl_mission:/home/rhobtor/PHD/ARGOJ8_IA/ARGOSJ8_IA_/install/ublox_msgs:/home/rhobtor/PHD/ARGOJ8_IA/ARGOSJ8_IA_/install/spacenav:/home/rhobtor/PHD/ARGOJ8_IA/ARGOSJ8_IA_/install/laser_segmentation:/home/rhobtor/PHD/ARGOJ8_IA/ARGOSJ8_IA_/install/slg_msgs:/home/rhobtor/PHD/ARGOJ8_IA/ARGOSJ8_IA_/install/security_check_interfaces:/home/rhobtor/PHD/ARGOJ8_IA/ARGOSJ8_IA_/install/joy:/home/rhobtor/PHD/ARGOJ8_IA/ARGOSJ8_IA_/install/sdl2_vendor:/home/rhobtor/PHD/ARGOJ8_IA/ARGOSJ8_IA_/install/path_manager:/home/rhobtor/PHD/ARGOJ8_IA/ARGOSJ8_IA_/install/path_manager_interfaces:/home/rhobtor/PHD/ARGOJ8_IA/ARGOSJ8_IA_/install/joy_linux:/home/rhobtor/PHD/ARGOJ8_IA/ARGOSJ8_IA_/install/j8_xacro_model:/home/rhobtor/PHD/ARGOJ8_IA/ARGOSJ8_IA_/install/hector_gazebo_plugins:/home/rhobtor/PHD/ARGOJ8_IA/ARGOSJ8_IA_/install/fixposition_sensor_pkg:/home/rhobtor/PHD/ARGOJ8_IA/ARGOSJ8_IA_/install/fixposition_odometry_converter_ros2:/home/rhobtor/PHD/ARGOJ8_IA/ARGOSJ8_IA_/install/fixposition_driver_ros2:/home/rhobtor/PHD/ARGOJ8_IA/ARGOSJ8_IA_/install/fixposition_driver_lib:/home/rhobtor/PHD/ARGOJ8_IA/ARGOSJ8_IA_/install/fixposition_gnss_tf:/home/rhobtor/PHD/ARGOJ8_IA/ARGOSJ8_IA_/install/ctl_mission_interfaces:/home/rhobtor/PHD/ARGOJ8_IA/ARGOSJ8_IA_/install/car_cpp:/home/rhobtor/PHD/ARGOJ8_IA/ARGOSJ8_IA_/install/car_interfaces:/home/rhobtor/PHD/ARGOJ8_IA/ARGOSJ8_IA_/install/argj801_setup:/home/rhobtor/PHD/ARGOJ8_IA/ARGOSJ8_IA_/install/argj801_sensors:/home/rhobtor/PHD/ARGOJ8_IA/ARGOSJ8_IA_/install/argj801_sensors_msgs:/home/rhobtor/PHD/ARGOJ8_IA/ARGOSJ8_IA_/install/argj801_ctl_platform:/home/rhobtor/PHD/ARGOJ8_IA/ARGOSJ8_IA_/install/argj801_ctl_platform_interfaces:/home/rhobtor/zed/install/zed_ros2:/home/rhobtor/zed/install/zed_wrapper:/home/rhobtor/zed/install/zed_components:/home/rhobtor/zed/install/zed_interfaces:/home/rhobtor/PHD/ARGOJ8_IA/ARGOSJ8_IA_/install/ntrip_client:/home/rhobtor/PHD/ARGOJ8_IA/ARGOSJ8_IA_/install/j8_gui:/home/rhobtor/PHD/ARGOJ8_IA/ARGOSJ8_IA_/install/car:/home/rhobtor/PHD/ARGOJ8_IA/ARGOSJ8_IA_/install/android_ros2_server:/home/rhobtor/PHD/ARGOJ8_IA/ARGOSJ8_IA_/install/GUI_pkg:/opt/ros/humble /opt/st/stm32cubeclt_1.18.0/CMake/bin/cmake --build /home/rhobtor/PHD/ARGOJ8_IA/ARGOSJ8_IA_/build/ublox_msgs -- -j16 -l16
[292.300s] Invoking command in '/home/rhobtor/PHD/ARGOJ8_IA/ARGOSJ8_IA_/build/ublox_msgs': CMAKE_PREFIX_PATH=/home/rhobtor/PHD/ARGOJ8_IA/ARGOSJ8_IA_/install/ublox_serialization:/home/rhobtor/PHD/ARGOJ8_IA/ARGOSJ8_IA_/install/wiimote_msgs:/home/rhobtor/PHD/ARGOJ8_IA/ARGOSJ8_IA_/install/ublox:/home/rhobtor/PHD/ARGOJ8_IA/ARGOSJ8_IA_/install/ublox_gps:/home/rhobtor/PHD/ARGOJ8_IA/ARGOSJ8_IA_/install/security_check:/home/rhobtor/PHD/ARGOJ8_IA/ARGOSJ8_IA_/install/ctl_mission:/home/rhobtor/PHD/ARGOJ8_IA/ARGOSJ8_IA_/install/ublox_msgs:/home/rhobtor/PHD/ARGOJ8_IA/ARGOSJ8_IA_/install/spacenav:/home/rhobtor/PHD/ARGOJ8_IA/ARGOSJ8_IA_/install/laser_segmentation:/home/rhobtor/PHD/ARGOJ8_IA/ARGOSJ8_IA_/install/slg_msgs:/home/rhobtor/PHD/ARGOJ8_IA/ARGOSJ8_IA_/install/security_check_interfaces:/home/rhobtor/PHD/ARGOJ8_IA/ARGOSJ8_IA_/install/joy:/home/rhobtor/PHD/ARGOJ8_IA/ARGOSJ8_IA_/install/sdl2_vendor:/home/rhobtor/PHD/ARGOJ8_IA/ARGOSJ8_IA_/install/path_manager:/home/rhobtor/PHD/ARGOJ8_IA/ARGOSJ8_IA_/install/path_manager_interfaces:/home/rhobtor/PHD/ARGOJ8_IA/ARGOSJ8_IA_/install/joy_linux:/home/rhobtor/PHD/ARGOJ8_IA/ARGOSJ8_IA_/install/j8_xacro_model:/home/rhobtor/PHD/ARGOJ8_IA/ARGOSJ8_IA_/install/hector_gazebo_plugins:/home/rhobtor/PHD/ARGOJ8_IA/ARGOSJ8_IA_/install/fixposition_sensor_pkg:/home/rhobtor/PHD/ARGOJ8_IA/ARGOSJ8_IA_/install/fixposition_odometry_converter_ros2:/home/rhobtor/PHD/ARGOJ8_IA/ARGOSJ8_IA_/install/fixposition_driver_ros2:/home/rhobtor/PHD/ARGOJ8_IA/ARGOSJ8_IA_/install/fixposition_driver_lib:/home/rhobtor/PHD/ARGOJ8_IA/ARGOSJ8_IA_/install/fixposition_gnss_tf:/home/rhobtor/PHD/ARGOJ8_IA/ARGOSJ8_IA_/install/ctl_mission_interfaces:/home/rhobtor/PHD/ARGOJ8_IA/ARGOSJ8_IA_/install/car_cpp:/home/rhobtor/PHD/ARGOJ8_IA/ARGOSJ8_IA_/install/car_interfaces:/home/rhobtor/PHD/ARGOJ8_IA/ARGOSJ8_IA_/install/argj801_setup:/home/rhobtor/PHD/ARGOJ8_IA/ARGOSJ8_IA_/install/argj801_sensors:/home/rhobtor/PHD/ARGOJ8_IA/ARGOSJ8_IA_/install/argj801_sensors_msgs:/home/rhobtor/PHD/ARGOJ8_IA/ARGOSJ8_IA_/install/argj801_ctl_platform:/home/rhobtor/PHD/ARGOJ8_IA/ARGOSJ8_IA_/install/argj801_ctl_platform_interfaces:/home/rhobtor/zed/install/zed_ros2:/home/rhobtor/zed/install/zed_wrapper:/home/rhobtor/zed/install/zed_components:/home/rhobtor/zed/install/zed_interfaces:/home/rhobtor/PHD/ARGOJ8_IA/ARGOSJ8_IA_/install/ntrip_client:/home/rhobtor/PHD/ARGOJ8_IA/ARGOSJ8_IA_/install/j8_gui:/home/rhobtor/PHD/ARGOJ8_IA/ARGOSJ8_IA_/install/car:/home/rhobtor/PHD/ARGOJ8_IA/ARGOSJ8_IA_/install/android_ros2_server:/home/rhobtor/PHD/ARGOJ8_IA/ARGOSJ8_IA_/install/GUI_pkg:/opt/ros/humble /opt/st/stm32cubeclt_1.18.0/CMake/bin/cmake --install /home/rhobtor/PHD/ARGOJ8_IA/ARGOSJ8_IA_/build/ublox_msgs
[292.307s] -- Install configuration: ""
[292.308s] -- Up-to-date: /home/rhobtor/PHD/ARGOJ8_IA/ARGOSJ8_IA_/install/ublox_msgs/share/ament_index/resource_index/rosidl_interfaces/ublox_msgs
[292.308s] -- Up-to-date: /home/rhobtor/PHD/ARGOJ8_IA/ARGOSJ8_IA_/install/ublox_msgs/include/ublox_msgs/ublox_msgs
[292.308s] -- Up-to-date: /home/rhobtor/PHD/ARGOJ8_IA/ARGOSJ8_IA_/install/ublox_msgs/include/ublox_msgs/ublox_msgs/msg
[292.308s] -- Up-to-date: /home/rhobtor/PHD/ARGOJ8_IA/ARGOSJ8_IA_/install/ublox_msgs/include/ublox_msgs/ublox_msgs/msg/cfg_rst.h
[292.308s] -- Up-to-date: /home/rhobtor/PHD/ARGOJ8_IA/ARGOSJ8_IA_/install/ublox_msgs/include/ublox_msgs/ublox_msgs/msg/nav_relposned.h
[292.308s] -- Up-to-date: /home/rhobtor/PHD/ARGOJ8_IA/ARGOSJ8_IA_/install/ublox_msgs/include/ublox_msgs/ublox_msgs/msg/cfg_hnr.h
[292.308s] -- Up-to-date: /home/rhobtor/PHD/ARGOJ8_IA/ARGOSJ8_IA_/install/ublox_msgs/include/ublox_msgs/ublox_msgs/msg/nav_svinfo.h
[292.308s] -- Up-to-date: /home/rhobtor/PHD/ARGOJ8_IA/ARGOSJ8_IA_/install/ublox_msgs/include/ublox_msgs/ublox_msgs/msg/nav_timeutc.h
[292.309s] -- Up-to-date: /home/rhobtor/PHD/ARGOJ8_IA/ARGOSJ8_IA_/install/ublox_msgs/include/ublox_msgs/ublox_msgs/msg/esf_ins.h
[292.309s] -- Up-to-date: /home/rhobtor/PHD/ARGOJ8_IA/ARGOSJ8_IA_/install/ublox_msgs/include/ublox_msgs/ublox_msgs/msg/cfg_nav5.h
[292.309s] -- Up-to-date: /home/rhobtor/PHD/ARGOJ8_IA/ARGOSJ8_IA_/install/ublox_msgs/include/ublox_msgs/ublox_msgs/msg/nav_clock.h
[292.309s] -- Up-to-date: /home/rhobtor/PHD/ARGOJ8_IA/ARGOSJ8_IA_/install/ublox_msgs/include/ublox_msgs/ublox_msgs/msg/cfg_dat.h
[292.309s] -- Up-to-date: /home/rhobtor/PHD/ARGOJ8_IA/ARGOSJ8_IA_/install/ublox_msgs/include/ublox_msgs/ublox_msgs/msg/esf_meas.h
[292.309s] -- Up-to-date: /home/rhobtor/PHD/ARGOJ8_IA/ARGOSJ8_IA_/install/ublox_msgs/include/ublox_msgs/ublox_msgs/msg/nav_velecef.h
[292.309s] -- Up-to-date: /home/rhobtor/PHD/ARGOJ8_IA/ARGOSJ8_IA_/install/ublox_msgs/include/ublox_msgs/ublox_msgs/msg/upd_sos_ack.h
[292.309s] -- Up-to-date: /home/rhobtor/PHD/ARGOJ8_IA/ARGOSJ8_IA_/install/ublox_msgs/include/ublox_msgs/ublox_msgs/msg/aid_alm.h
[292.309s] -- Up-to-date: /home/rhobtor/PHD/ARGOJ8_IA/ARGOSJ8_IA_/install/ublox_msgs/include/ublox_msgs/ublox_msgs/msg/rxm_svsi.h
[292.309s] -- Up-to-date: /home/rhobtor/PHD/ARGOJ8_IA/ARGOSJ8_IA_/install/ublox_msgs/include/ublox_msgs/ublox_msgs/msg/rxm_sfrbx.h
[292.309s] -- Up-to-date: /home/rhobtor/PHD/ARGOJ8_IA/ARGOSJ8_IA_/install/ublox_msgs/include/ublox_msgs/ublox_msgs/msg/mon_hw.h
[292.309s] -- Up-to-date: /home/rhobtor/PHD/ARGOJ8_IA/ARGOSJ8_IA_/install/ublox_msgs/include/ublox_msgs/ublox_msgs/msg/mon_gnss.h
[292.310s] -- Up-to-date: /home/rhobtor/PHD/ARGOJ8_IA/ARGOSJ8_IA_/install/ublox_msgs/include/ublox_msgs/ublox_msgs/msg/esf_status.h
[292.310s] -- Up-to-date: /home/rhobtor/PHD/ARGOJ8_IA/ARGOSJ8_IA_/install/ublox_msgs/include/ublox_msgs/ublox_msgs/msg/cfg_inf_block.h
[292.310s] -- Up-to-date: /home/rhobtor/PHD/ARGOJ8_IA/ARGOSJ8_IA_/install/ublox_msgs/include/ublox_msgs/ublox_msgs/msg/nav_sbassv.h
[292.310s] -- Up-to-date: /home/rhobtor/PHD/ARGOJ8_IA/ARGOSJ8_IA_/install/ublox_msgs/include/ublox_msgs/ublox_msgs/msg/cfg_usb.h
[292.310s] -- Up-to-date: /home/rhobtor/PHD/ARGOJ8_IA/ARGOSJ8_IA_/install/ublox_msgs/include/ublox_msgs/ublox_msgs/msg/cfg_navx5.h
[292.310s] -- Up-to-date: /home/rhobtor/PHD/ARGOJ8_IA/ARGOSJ8_IA_/install/ublox_msgs/include/ublox_msgs/ublox_msgs/msg/ack.h
[292.310s] -- Up-to-date: /home/rhobtor/PHD/ARGOJ8_IA/ARGOSJ8_IA_/install/ublox_msgs/include/ublox_msgs/ublox_msgs/msg/esf_status_sens.h
[292.310s] -- Up-to-date: /home/rhobtor/PHD/ARGOJ8_IA/ARGOSJ8_IA_/install/ublox_msgs/include/ublox_msgs/ublox_msgs/msg/rxm_rawsv.h
[292.310s] -- Up-to-date: /home/rhobtor/PHD/ARGOJ8_IA/ARGOSJ8_IA_/install/ublox_msgs/include/ublox_msgs/ublox_msgs/msg/esf_raw_block.h
[292.310s] -- Up-to-date: /home/rhobtor/PHD/ARGOJ8_IA/ARGOSJ8_IA_/install/ublox_msgs/include/ublox_msgs/ublox_msgs/msg/nav_velned.h
[292.310s] -- Up-to-date: /home/rhobtor/PHD/ARGOJ8_IA/ARGOSJ8_IA_/install/ublox_msgs/include/ublox_msgs/ublox_msgs/msg/cfg_cfg.h
[292.310s] -- Up-to-date: /home/rhobtor/PHD/ARGOJ8_IA/ARGOSJ8_IA_/install/ublox_msgs/include/ublox_msgs/ublox_msgs/msg/nav_sbas.h
[292.311s] -- Up-to-date: /home/rhobtor/PHD/ARGOJ8_IA/ARGOSJ8_IA_/install/ublox_msgs/include/ublox_msgs/ublox_msgs/msg/rxm_rtcm.h
[292.311s] -- Up-to-date: /home/rhobtor/PHD/ARGOJ8_IA/ARGOSJ8_IA_/install/ublox_msgs/include/ublox_msgs/ublox_msgs/msg/esf_raw.h
[292.311s] -- Up-to-date: /home/rhobtor/PHD/ARGOJ8_IA/ARGOSJ8_IA_/install/ublox_msgs/include/ublox_msgs/ublox_msgs/msg/nav_dgpssv.h
[292.311s] -- Up-to-date: /home/rhobtor/PHD/ARGOJ8_IA/ARGOSJ8_IA_/install/ublox_msgs/include/ublox_msgs/ublox_msgs/msg/rxm_rawx.h
[292.311s] -- Up-to-date: /home/rhobtor/PHD/ARGOJ8_IA/ARGOSJ8_IA_/install/ublox_msgs/include/ublox_msgs/ublox_msgs/msg/nav_pvt.h
[292.311s] -- Up-to-date: /home/rhobtor/PHD/ARGOJ8_IA/ARGOSJ8_IA_/install/ublox_msgs/include/ublox_msgs/ublox_msgs/msg/nav_att.h
[292.311s] -- Up-to-date: /home/rhobtor/PHD/ARGOJ8_IA/ARGOSJ8_IA_/install/ublox_msgs/include/ublox_msgs/ublox_msgs/msg/cfg_gnss_block.h
[292.311s] -- Up-to-date: /home/rhobtor/PHD/ARGOJ8_IA/ARGOSJ8_IA_/install/ublox_msgs/include/ublox_msgs/ublox_msgs/msg/nav_dgps.h
[292.311s] -- Up-to-date: /home/rhobtor/PHD/ARGOJ8_IA/ARGOSJ8_IA_/install/ublox_msgs/include/ublox_msgs/ublox_msgs/msg/cfg_rate.h
[292.311s] -- Up-to-date: /home/rhobtor/PHD/ARGOJ8_IA/ARGOSJ8_IA_/install/ublox_msgs/include/ublox_msgs/ublox_msgs/msg/aid_hui.h
[292.312s] -- Up-to-date: /home/rhobtor/PHD/ARGOJ8_IA/ARGOSJ8_IA_/install/ublox_msgs/include/ublox_msgs/ublox_msgs/msg/nav_satsv.h
[292.312s] -- Up-to-date: /home/rhobtor/PHD/ARGOJ8_IA/ARGOSJ8_IA_/install/ublox_msgs/include/ublox_msgs/ublox_msgs/msg/rosidl_generator_c__visibility_control.h
[292.312s] -- Up-to-date: /home/rhobtor/PHD/ARGOJ8_IA/ARGOSJ8_IA_/install/ublox_msgs/include/ublox_msgs/ublox_msgs/msg/cfg_nmea6.h
[292.312s] -- Up-to-date: /home/rhobtor/PHD/ARGOJ8_IA/ARGOSJ8_IA_/install/ublox_msgs/include/ublox_msgs/ublox_msgs/msg/nav_cov.h
[292.312s] -- Up-to-date: /home/rhobtor/PHD/ARGOJ8_IA/ARGOSJ8_IA_/install/ublox_msgs/include/ublox_msgs/ublox_msgs/msg/rxm_sfrb.h
[292.312s] -- Up-to-date: /home/rhobtor/PHD/ARGOJ8_IA/ARGOSJ8_IA_/install/ublox_msgs/include/ublox_msgs/ublox_msgs/msg/rxm_svsisv.h
[292.312s] -- Up-to-date: /home/rhobtor/PHD/ARGOJ8_IA/ARGOSJ8_IA_/install/ublox_msgs/include/ublox_msgs/ublox_msgs/msg/detail
[292.312s] -- Up-to-date: /home/rhobtor/PHD/ARGOJ8_IA/ARGOSJ8_IA_/install/ublox_msgs/include/ublox_msgs/ublox_msgs/msg/detail/cfg_nmea__struct.h
[292.312s] -- Up-to-date: /home/rhobtor/PHD/ARGOJ8_IA/ARGOSJ8_IA_/install/ublox_msgs/include/ublox_msgs/ublox_msgs/msg/detail/cfg_gnss_block__functions.h
[292.313s] -- Up-to-date: /home/rhobtor/PHD/ARGOJ8_IA/ARGOSJ8_IA_/install/ublox_msgs/include/ublox_msgs/ublox_msgs/msg/detail/rxm_sfrb__struct.h
[292.313s] -- Up-to-date: /home/rhobtor/PHD/ARGOJ8_IA/ARGOSJ8_IA_/install/ublox_msgs/include/ublox_msgs/ublox_msgs/msg/detail/nav_posecef__functions.h
[292.313s] -- Up-to-date: /home/rhobtor/PHD/ARGOJ8_IA/ARGOSJ8_IA_/install/ublox_msgs/include/ublox_msgs/ublox_msgs/msg/detail/inf__functions.h
[292.313s] -- Up-to-date: /home/rhobtor/PHD/ARGOJ8_IA/ARGOSJ8_IA_/install/ublox_msgs/include/ublox_msgs/ublox_msgs/msg/detail/cfg_gnss_block__type_support.h
[292.313s] -- Up-to-date: /home/rhobtor/PHD/ARGOJ8_IA/ARGOSJ8_IA_/install/ublox_msgs/include/ublox_msgs/ublox_msgs/msg/detail/upd_sos_ack__type_support.h
[292.313s] -- Up-to-date: /home/rhobtor/PHD/ARGOJ8_IA/ARGOSJ8_IA_/install/ublox_msgs/include/ublox_msgs/ublox_msgs/msg/detail/mon_hw6__type_support.h
[292.313s] -- Up-to-date: /home/rhobtor/PHD/ARGOJ8_IA/ARGOSJ8_IA_/install/ublox_msgs/include/ublox_msgs/ublox_msgs/msg/detail/cfg_nmea7__functions.c
[292.313s] -- Up-to-date: /home/rhobtor/PHD/ARGOJ8_IA/ARGOSJ8_IA_/install/ublox_msgs/include/ublox_msgs/ublox_msgs/msg/detail/nav_relposned9__struct.h
[292.313s] -- Up-to-date: /home/rhobtor/PHD/ARGOJ8_IA/ARGOSJ8_IA_/install/ublox_msgs/include/ublox_msgs/ublox_msgs/msg/detail/upd_sos_ack__functions.h
[292.313s] -- Up-to-date: /home/rhobtor/PHD/ARGOJ8_IA/ARGOSJ8_IA_/install/ublox_msgs/include/ublox_msgs/ublox_msgs/msg/detail/rxm_raw__type_support.h
[292.313s] -- Up-to-date: /home/rhobtor/PHD/ARGOJ8_IA/ARGOSJ8_IA_/install/ublox_msgs/include/ublox_msgs/ublox_msgs/msg/detail/cfg_sbas__functions.c
[292.313s] -- Up-to-date: /home/rhobtor/PHD/ARGOJ8_IA/ARGOSJ8_IA_/install/ublox_msgs/include/ublox_msgs/ublox_msgs/msg/detail/cfg_inf_block__struct.h
[292.313s] -- Up-to-date: /home/rhobtor/PHD/ARGOJ8_IA/ARGOSJ8_IA_/install/ublox_msgs/include/ublox_msgs/ublox_msgs/msg/detail/nav_posecef__struct.h
[292.314s] -- Up-to-date: /home/rhobtor/PHD/ARGOJ8_IA/ARGOSJ8_IA_/install/ublox_msgs/include/ublox_msgs/ublox_msgs/msg/detail/cfg_nmea6__functions.h
[292.314s] -- Up-to-date: /home/rhobtor/PHD/ARGOJ8_IA/ARGOSJ8_IA_/install/ublox_msgs/include/ublox_msgs/ublox_msgs/msg/detail/nav_posllh__functions.h
[292.314s] -- Up-to-date: /home/rhobtor/PHD/ARGOJ8_IA/ARGOSJ8_IA_/install/ublox_msgs/include/ublox_msgs/ublox_msgs/msg/detail/rxm_rawsv__struct.h
[292.314s] -- Up-to-date: /home/rhobtor/PHD/ARGOJ8_IA/ARGOSJ8_IA_/install/ublox_msgs/include/ublox_msgs/ublox_msgs/msg/detail/cfg_nmea7__functions.h
[292.314s] -- Up-to-date: /home/rhobtor/PHD/ARGOJ8_IA/ARGOSJ8_IA_/install/ublox_msgs/include/ublox_msgs/ublox_msgs/msg/detail/cfg_usb__struct.h
[292.314s] -- Up-to-date: /home/rhobtor/PHD/ARGOJ8_IA/ARGOSJ8_IA_/install/ublox_msgs/include/ublox_msgs/ublox_msgs/msg/detail/rxm_sfrb__type_support.h
[292.314s] -- Up-to-date: /home/rhobtor/PHD/ARGOJ8_IA/ARGOSJ8_IA_/install/ublox_msgs/include/ublox_msgs/ublox_msgs/msg/detail/esf_meas__functions.c
[292.314s] -- Up-to-date: /home/rhobtor/PHD/ARGOJ8_IA/ARGOSJ8_IA_/install/ublox_msgs/include/ublox_msgs/ublox_msgs/msg/detail/tim_tm2__type_support.h
[292.315s] -- Up-to-date: /home/rhobtor/PHD/ARGOJ8_IA/ARGOSJ8_IA_/install/ublox_msgs/include/ublox_msgs/ublox_msgs/msg/detail/cfg_gnss__type_support.h
[292.315s] -- Up-to-date: /home/rhobtor/PHD/ARGOJ8_IA/ARGOSJ8_IA_/install/ublox_msgs/include/ublox_msgs/ublox_msgs/msg/detail/nav_pvt__functions.c
[292.315s] -- Up-to-date: /home/rhobtor/PHD/ARGOJ8_IA/ARGOSJ8_IA_/install/ublox_msgs/include/ublox_msgs/ublox_msgs/msg/detail/cfg_rst__functions.h
[292.315s] -- Up-to-date: /home/rhobtor/PHD/ARGOJ8_IA/ARGOSJ8_IA_/install/ublox_msgs/include/ublox_msgs/ublox_msgs/msg/detail/cfg_navx5__functions.c
[292.315s] -- Up-to-date: /home/rhobtor/PHD/ARGOJ8_IA/ARGOSJ8_IA_/install/ublox_msgs/include/ublox_msgs/ublox_msgs/msg/detail/rxm_sfrb__functions.c
[292.315s] -- Up-to-date: /home/rhobtor/PHD/ARGOJ8_IA/ARGOSJ8_IA_/install/ublox_msgs/include/ublox_msgs/ublox_msgs/msg/detail/esf_raw__type_support.h
[292.315s] -- Up-to-date: /home/rhobtor/PHD/ARGOJ8_IA/ARGOSJ8_IA_/install/ublox_msgs/include/ublox_msgs/ublox_msgs/msg/detail/cfg_usb__type_support.h
[292.315s] -- Up-to-date: /home/rhobtor/PHD/ARGOJ8_IA/ARGOSJ8_IA_/install/ublox_msgs/include/ublox_msgs/ublox_msgs/msg/detail/nav_sol__struct.h
[292.316s] -- Up-to-date: /home/rhobtor/PHD/ARGOJ8_IA/ARGOSJ8_IA_/install/ublox_msgs/include/ublox_msgs/ublox_msgs/msg/detail/cfg_hnr__functions.c
[292.316s] -- Up-to-date: /home/rhobtor/PHD/ARGOJ8_IA/ARGOSJ8_IA_/install/ublox_msgs/include/ublox_msgs/ublox_msgs/msg/detail/esf_meas__functions.h
[292.316s] -- Up-to-date: /home/rhobtor/PHD/ARGOJ8_IA/ARGOSJ8_IA_/install/ublox_msgs/include/ublox_msgs/ublox_msgs/msg/detail/nav_velecef__functions.c
[292.316s] -- Up-to-date: /home/rhobtor/PHD/ARGOJ8_IA/ARGOSJ8_IA_/install/ublox_msgs/include/ublox_msgs/ublox_msgs/msg/detail/cfg_rate__struct.h
[292.316s] -- Up-to-date: /home/rhobtor/PHD/ARGOJ8_IA/ARGOSJ8_IA_/install/ublox_msgs/include/ublox_msgs/ublox_msgs/msg/detail/esf_ins__struct.h
[292.317s] -- Up-to-date: /home/rhobtor/PHD/ARGOJ8_IA/ARGOSJ8_IA_/install/ublox_msgs/include/ublox_msgs/ublox_msgs/msg/detail/cfg_ant__functions.c
[292.317s] -- Up-to-date: /home/rhobtor/PHD/ARGOJ8_IA/ARGOSJ8_IA_/install/ublox_msgs/include/ublox_msgs/ublox_msgs/msg/detail/esf_status_sens__functions.c
[292.317s] -- Up-to-date: /home/rhobtor/PHD/ARGOJ8_IA/ARGOSJ8_IA_/install/ublox_msgs/include/ublox_msgs/ublox_msgs/msg/detail/rxm_raw__functions.c
[292.317s] -- Up-to-date: /home/rhobtor/PHD/ARGOJ8_IA/ARGOSJ8_IA_/install/ublox_msgs/include/ublox_msgs/ublox_msgs/msg/detail/nav_relposned9__type_support.h
[292.317s] -- Up-to-date: /home/rhobtor/PHD/ARGOJ8_IA/ARGOSJ8_IA_/install/ublox_msgs/include/ublox_msgs/ublox_msgs/msg/detail/rxm_rawx_meas__struct.h
[292.317s] -- Up-to-date: /home/rhobtor/PHD/ARGOJ8_IA/ARGOSJ8_IA_/install/ublox_msgs/include/ublox_msgs/ublox_msgs/msg/detail/nav_pvt7__functions.c
[292.317s] -- Up-to-date: /home/rhobtor/PHD/ARGOJ8_IA/ARGOSJ8_IA_/install/ublox_msgs/include/ublox_msgs/ublox_msgs/msg/detail/tim_tm2__struct.h
[292.317s] -- Up-to-date: /home/rhobtor/PHD/ARGOJ8_IA/ARGOSJ8_IA_/install/ublox_msgs/include/ublox_msgs/ublox_msgs/msg/detail/nav_status__type_support.h
[292.317s] -- Up-to-date: /home/rhobtor/PHD/ARGOJ8_IA/ARGOSJ8_IA_/install/ublox_msgs/include/ublox_msgs/ublox_msgs/msg/detail/cfg_cfg__type_support.h
[292.317s] -- Up-to-date: /home/rhobtor/PHD/ARGOJ8_IA/ARGOSJ8_IA_/install/ublox_msgs/include/ublox_msgs/ublox_msgs/msg/detail/upd_sos_ack__struct.h
[292.317s] -- Up-to-date: /home/rhobtor/PHD/ARGOJ8_IA/ARGOSJ8_IA_/install/ublox_msgs/include/ublox_msgs/ublox_msgs/msg/detail/nav_dgpssv__struct.h
[292.317s] -- Up-to-date: /home/rhobtor/PHD/ARGOJ8_IA/ARGOSJ8_IA_/install/ublox_msgs/include/ublox_msgs/ublox_msgs/msg/detail/cfg_rate__type_support.h
[292.317s] -- Up-to-date: /home/rhobtor/PHD/ARGOJ8_IA/ARGOSJ8_IA_/install/ublox_msgs/include/ublox_msgs/ublox_msgs/msg/detail/cfg_nmea__type_support.h
[292.317s] -- Up-to-date: /home/rhobtor/PHD/ARGOJ8_IA/ARGOSJ8_IA_/install/ublox_msgs/include/ublox_msgs/ublox_msgs/msg/detail/esf_meas__struct.h
[292.317s] -- Up-to-date: /home/rhobtor/PHD/ARGOJ8_IA/ARGOSJ8_IA_/install/ublox_msgs/include/ublox_msgs/ublox_msgs/msg/detail/rxm_svsisv__functions.c
[292.317s] -- Up-to-date: /home/rhobtor/PHD/ARGOJ8_IA/ARGOSJ8_IA_/install/ublox_msgs/include/ublox_msgs/ublox_msgs/msg/detail/aid_alm__functions.c
[292.318s] -- Up-to-date: /home/rhobtor/PHD/ARGOJ8_IA/ARGOSJ8_IA_/install/ublox_msgs/include/ublox_msgs/ublox_msgs/msg/detail/esf_raw_block__struct.h
[292.318s] -- Up-to-date: /home/rhobtor/PHD/ARGOJ8_IA/ARGOSJ8_IA_/install/ublox_msgs/include/ublox_msgs/ublox_msgs/msg/detail/cfg_ant__struct.h
[292.318s] -- Up-to-date: /home/rhobtor/PHD/ARGOJ8_IA/ARGOSJ8_IA_/install/ublox_msgs/include/ublox_msgs/ublox_msgs/msg/detail/mga_gal__functions.c
[292.318s] -- Up-to-date: /home/rhobtor/PHD/ARGOJ8_IA/ARGOSJ8_IA_/install/ublox_msgs/include/ublox_msgs/ublox_msgs/msg/detail/nav_dgpssv__functions.h
[292.318s] -- Up-to-date: /home/rhobtor/PHD/ARGOJ8_IA/ARGOSJ8_IA_/install/ublox_msgs/include/ublox_msgs/ublox_msgs/msg/detail/nav_sbassv__struct.h
[292.318s] -- Up-to-date: /home/rhobtor/PHD/ARGOJ8_IA/ARGOSJ8_IA_/install/ublox_msgs/include/ublox_msgs/ublox_msgs/msg/detail/upd_sos_ack__functions.c
[292.318s] -- Up-to-date: /home/rhobtor/PHD/ARGOJ8_IA/ARGOSJ8_IA_/install/ublox_msgs/include/ublox_msgs/ublox_msgs/msg/detail/aid_alm__functions.h
[292.319s] -- Up-to-date: /home/rhobtor/PHD/ARGOJ8_IA/ARGOSJ8_IA_/install/ublox_msgs/include/ublox_msgs/ublox_msgs/msg/detail/rxm_rawsv__type_support.h
[292.319s] -- Up-to-date: /home/rhobtor/PHD/ARGOJ8_IA/ARGOSJ8_IA_/install/ublox_msgs/include/ublox_msgs/ublox_msgs/msg/detail/esf_status__type_support.h
[292.319s] -- Up-to-date: /home/rhobtor/PHD/ARGOJ8_IA/ARGOSJ8_IA_/install/ublox_msgs/include/ublox_msgs/ublox_msgs/msg/detail/cfg_rst__struct.h
[292.319s] -- Up-to-date: /home/rhobtor/PHD/ARGOJ8_IA/ARGOSJ8_IA_/install/ublox_msgs/include/ublox_msgs/ublox_msgs/msg/detail/esf_status_sens__functions.h
[292.319s] -- Up-to-date: /home/rhobtor/PHD/ARGOJ8_IA/ARGOSJ8_IA_/install/ublox_msgs/include/ublox_msgs/ublox_msgs/msg/detail/nav_att__type_support.h
[292.319s] -- Up-to-date: /home/rhobtor/PHD/ARGOJ8_IA/ARGOSJ8_IA_/install/ublox_msgs/include/ublox_msgs/ublox_msgs/msg/detail/upd_sos__type_support.h
[292.320s] -- Up-to-date: /home/rhobtor/PHD/ARGOJ8_IA/ARGOSJ8_IA_/install/ublox_msgs/include/ublox_msgs/ublox_msgs/msg/detail/nav_dop__struct.h
[292.320s] -- Up-to-date: /home/rhobtor/PHD/ARGOJ8_IA/ARGOSJ8_IA_/install/ublox_msgs/include/ublox_msgs/ublox_msgs/msg/detail/aid_hui__functions.c
[292.320s] -- Up-to-date: /home/rhobtor/PHD/ARGOJ8_IA/ARGOSJ8_IA_/install/ublox_msgs/include/ublox_msgs/ublox_msgs/msg/detail/rxm_rawx__struct.h
[292.320s] -- Up-to-date: /home/rhobtor/PHD/ARGOJ8_IA/ARGOSJ8_IA_/install/ublox_msgs/include/ublox_msgs/ublox_msgs/msg/detail/rxm_svsisv__type_support.h
[292.320s] -- Up-to-date: /home/rhobtor/PHD/ARGOJ8_IA/ARGOSJ8_IA_/install/ublox_msgs/include/ublox_msgs/ublox_msgs/msg/detail/nav_sol__functions.h
[292.320s] -- Up-to-date: /home/rhobtor/PHD/ARGOJ8_IA/ARGOSJ8_IA_/install/ublox_msgs/include/ublox_msgs/ublox_msgs/msg/detail/esf_status_sens__struct.h
[292.321s] -- Up-to-date: /home/rhobtor/PHD/ARGOJ8_IA/ARGOSJ8_IA_/install/ublox_msgs/include/ublox_msgs/ublox_msgs/msg/detail/rxm_svsisv__struct.h
[292.321s] -- Up-to-date: /home/rhobtor/PHD/ARGOJ8_IA/ARGOSJ8_IA_/install/ublox_msgs/include/ublox_msgs/ublox_msgs/msg/detail/nav_svin__functions.h
[292.321s] -- Up-to-date: /home/rhobtor/PHD/ARGOJ8_IA/ARGOSJ8_IA_/install/ublox_msgs/include/ublox_msgs/ublox_msgs/msg/detail/rxm_raw__struct.h
[292.321s] -- Up-to-date: /home/rhobtor/PHD/ARGOJ8_IA/ARGOSJ8_IA_/install/ublox_msgs/include/ublox_msgs/ublox_msgs/msg/detail/esf_ins__functions.c
[292.321s] -- Up-to-date: /home/rhobtor/PHD/ARGOJ8_IA/ARGOSJ8_IA_/install/ublox_msgs/include/ublox_msgs/ublox_msgs/msg/detail/esf_meas__type_support.h
[292.322s] -- Up-to-date: /home/rhobtor/PHD/ARGOJ8_IA/ARGOSJ8_IA_/install/ublox_msgs/include/ublox_msgs/ublox_msgs/msg/detail/nav_dgps__struct.h
[292.322s] -- Up-to-date: /home/rhobtor/PHD/ARGOJ8_IA/ARGOSJ8_IA_/install/ublox_msgs/include/ublox_msgs/ublox_msgs/msg/detail/cfg_msg__struct.h
[292.322s] -- Up-to-date: /home/rhobtor/PHD/ARGOJ8_IA/ARGOSJ8_IA_/install/ublox_msgs/include/ublox_msgs/ublox_msgs/msg/detail/tim_tm2__functions.c
[292.322s] -- Up-to-date: /home/rhobtor/PHD/ARGOJ8_IA/ARGOSJ8_IA_/install/ublox_msgs/include/ublox_msgs/ublox_msgs/msg/detail/nav_velned__functions.c
[292.322s] -- Up-to-date: /home/rhobtor/PHD/ARGOJ8_IA/ARGOSJ8_IA_/install/ublox_msgs/include/ublox_msgs/ublox_msgs/msg/detail/cfg_gnss_block__struct.h
[292.322s] -- Up-to-date: /home/rhobtor/PHD/ARGOJ8_IA/ARGOSJ8_IA_/install/ublox_msgs/include/ublox_msgs/ublox_msgs/msg/detail/nav_sat__functions.h
[292.322s] -- Up-to-date: /home/rhobtor/PHD/ARGOJ8_IA/ARGOSJ8_IA_/install/ublox_msgs/include/ublox_msgs/ublox_msgs/msg/detail/nav_dgps__functions.c
[292.322s] -- Up-to-date: /home/rhobtor/PHD/ARGOJ8_IA/ARGOSJ8_IA_/install/ublox_msgs/include/ublox_msgs/ublox_msgs/msg/detail/nav_pvt7__type_support.h
[292.322s] -- Up-to-date: /home/rhobtor/PHD/ARGOJ8_IA/ARGOSJ8_IA_/install/ublox_msgs/include/ublox_msgs/ublox_msgs/msg/detail/rxm_sfrbx__functions.h
[292.323s] -- Up-to-date: /home/rhobtor/PHD/ARGOJ8_IA/ARGOSJ8_IA_/install/ublox_msgs/include/ublox_msgs/ublox_msgs/msg/detail/nav_velned__struct.h
[292.323s] -- Up-to-date: /home/rhobtor/PHD/ARGOJ8_IA/ARGOSJ8_IA_/install/ublox_msgs/include/ublox_msgs/ublox_msgs/msg/detail/nav_sbassv__functions.c
[292.323s] -- Up-to-date: /home/rhobtor/PHD/ARGOJ8_IA/ARGOSJ8_IA_/install/ublox_msgs/include/ublox_msgs/ublox_msgs/msg/detail/cfg_dat__struct.h
[292.323s] -- Up-to-date: /home/rhobtor/PHD/ARGOJ8_IA/ARGOSJ8_IA_/install/ublox_msgs/include/ublox_msgs/ublox_msgs/msg/detail/nav_svinfo__type_support.h
[292.323s] -- Up-to-date: /home/rhobtor/PHD/ARGOJ8_IA/ARGOSJ8_IA_/install/ublox_msgs/include/ublox_msgs/ublox_msgs/msg/detail/nav_cov__functions.c
[292.323s] -- Up-to-date: /home/rhobtor/PHD/ARGOJ8_IA/ARGOSJ8_IA_/install/ublox_msgs/include/ublox_msgs/ublox_msgs/msg/detail/cfg_gnss__struct.h
[292.323s] -- Up-to-date: /home/rhobtor/PHD/ARGOJ8_IA/ARGOSJ8_IA_/install/ublox_msgs/include/ublox_msgs/ublox_msgs/msg/detail/nav_posllh__struct.h
[292.323s] -- Up-to-date: /home/rhobtor/PHD/ARGOJ8_IA/ARGOSJ8_IA_/install/ublox_msgs/include/ublox_msgs/ublox_msgs/msg/detail/cfg_nmea__functions.c
[292.323s] -- Up-to-date: /home/rhobtor/PHD/ARGOJ8_IA/ARGOSJ8_IA_/install/ublox_msgs/include/ublox_msgs/ublox_msgs/msg/detail/hnr_pvt__type_support.h
[292.323s] -- Up-to-date: /home/rhobtor/PHD/ARGOJ8_IA/ARGOSJ8_IA_/install/ublox_msgs/include/ublox_msgs/ublox_msgs/msg/detail/nav_status__functions.h
[292.323s] -- Up-to-date: /home/rhobtor/PHD/ARGOJ8_IA/ARGOSJ8_IA_/install/ublox_msgs/include/ublox_msgs/ublox_msgs/msg/detail/nav_sbassv__type_support.h
[292.323s] -- Up-to-date: /home/rhobtor/PHD/ARGOJ8_IA/ARGOSJ8_IA_/install/ublox_msgs/include/ublox_msgs/ublox_msgs/msg/detail/nav_satsv__functions.h
[292.323s] -- Up-to-date: /home/rhobtor/PHD/ARGOJ8_IA/ARGOSJ8_IA_/install/ublox_msgs/include/ublox_msgs/ublox_msgs/msg/detail/rxm_eph__functions.h
[292.324s] -- Up-to-date: /home/rhobtor/PHD/ARGOJ8_IA/ARGOSJ8_IA_/install/ublox_msgs/include/ublox_msgs/ublox_msgs/msg/detail/cfg_rate__functions.h
[292.324s] -- Up-to-date: /home/rhobtor/PHD/ARGOJ8_IA/ARGOSJ8_IA_/install/ublox_msgs/include/ublox_msgs/ublox_msgs/msg/detail/nav_sbas__functions.c
[292.324s] -- Up-to-date: /home/rhobtor/PHD/ARGOJ8_IA/ARGOSJ8_IA_/install/ublox_msgs/include/ublox_msgs/ublox_msgs/msg/detail/cfg_inf_block__type_support.h
[292.324s] -- Up-to-date: /home/rhobtor/PHD/ARGOJ8_IA/ARGOSJ8_IA_/install/ublox_msgs/include/ublox_msgs/ublox_msgs/msg/detail/nav_velned__functions.h
[292.324s] -- Up-to-date: /home/rhobtor/PHD/ARGOJ8_IA/ARGOSJ8_IA_/install/ublox_msgs/include/ublox_msgs/ublox_msgs/msg/detail/rxm_rtcm__type_support.h
[292.324s] -- Up-to-date: /home/rhobtor/PHD/ARGOJ8_IA/ARGOSJ8_IA_/install/ublox_msgs/include/ublox_msgs/ublox_msgs/msg/detail/cfg_dat__type_support.h
[292.324s] -- Up-to-date: /home/rhobtor/PHD/ARGOJ8_IA/ARGOSJ8_IA_/install/ublox_msgs/include/ublox_msgs/ublox_msgs/msg/detail/nav_cov__struct.h
[292.324s] -- Up-to-date: /home/rhobtor/PHD/ARGOJ8_IA/ARGOSJ8_IA_/install/ublox_msgs/include/ublox_msgs/ublox_msgs/msg/detail/nav_svin__functions.c
[292.324s] -- Up-to-date: /home/rhobtor/PHD/ARGOJ8_IA/ARGOSJ8_IA_/install/ublox_msgs/include/ublox_msgs/ublox_msgs/msg/detail/rxm_rtcm__functions.c
[292.324s] -- Up-to-date: /home/rhobtor/PHD/ARGOJ8_IA/ARGOSJ8_IA_/install/ublox_msgs/include/ublox_msgs/ublox_msgs/msg/detail/nav_satsv__struct.h
[292.324s] -- Up-to-date: /home/rhobtor/PHD/ARGOJ8_IA/ARGOSJ8_IA_/install/ublox_msgs/include/ublox_msgs/ublox_msgs/msg/detail/hnr_pvt__struct.h
[292.324s] -- Up-to-date: /home/rhobtor/PHD/ARGOJ8_IA/ARGOSJ8_IA_/install/ublox_msgs/include/ublox_msgs/ublox_msgs/msg/detail/rxm_alm__type_support.h
[292.324s] -- Up-to-date: /home/rhobtor/PHD/ARGOJ8_IA/ARGOSJ8_IA_/install/ublox_msgs/include/ublox_msgs/ublox_msgs/msg/detail/cfg_prt__type_support.h
[292.325s] -- Up-to-date: /home/rhobtor/PHD/ARGOJ8_IA/ARGOSJ8_IA_/install/ublox_msgs/include/ublox_msgs/ublox_msgs/msg/detail/esf_raw_block__functions.h
[292.325s] -- Up-to-date: /home/rhobtor/PHD/ARGOJ8_IA/ARGOSJ8_IA_/install/ublox_msgs/include/ublox_msgs/ublox_msgs/msg/detail/nav_svinfosv__functions.c
[292.325s] -- Up-to-date: /home/rhobtor/PHD/ARGOJ8_IA/ARGOSJ8_IA_/install/ublox_msgs/include/ublox_msgs/ublox_msgs/msg/detail/cfg_prt__functions.c
[292.325s] -- Up-to-date: /home/rhobtor/PHD/ARGOJ8_IA/ARGOSJ8_IA_/install/ublox_msgs/include/ublox_msgs/ublox_msgs/msg/detail/aid_eph__functions.c
[292.326s] -- Up-to-date: /home/rhobtor/PHD/ARGOJ8_IA/ARGOSJ8_IA_/install/ublox_msgs/include/ublox_msgs/ublox_msgs/msg/detail/nav_sat__functions.c
[292.326s] -- Up-to-date: /home/rhobtor/PHD/ARGOJ8_IA/ARGOSJ8_IA_/install/ublox_msgs/include/ublox_msgs/ublox_msgs/msg/detail/nav_relposned__functions.c
[292.326s] -- Up-to-date: /home/rhobtor/PHD/ARGOJ8_IA/ARGOSJ8_IA_/install/ublox_msgs/include/ublox_msgs/ublox_msgs/msg/detail/cfg_gnss__functions.h
[292.326s] -- Up-to-date: /home/rhobtor/PHD/ARGOJ8_IA/ARGOSJ8_IA_/install/ublox_msgs/include/ublox_msgs/ublox_msgs/msg/detail/mga_gal__struct.h
[292.326s] -- Up-to-date: /home/rhobtor/PHD/ARGOJ8_IA/ARGOSJ8_IA_/install/ublox_msgs/include/ublox_msgs/ublox_msgs/msg/detail/mon_hw__functions.h
[292.326s] -- Up-to-date: /home/rhobtor/PHD/ARGOJ8_IA/ARGOSJ8_IA_/install/ublox_msgs/include/ublox_msgs/ublox_msgs/msg/detail/rxm_alm__struct.h
[292.326s] -- Up-to-date: /home/rhobtor/PHD/ARGOJ8_IA/ARGOSJ8_IA_/install/ublox_msgs/include/ublox_msgs/ublox_msgs/msg/detail/cfg_dat__functions.c
[292.327s] -- Up-to-date: /home/rhobtor/PHD/ARGOJ8_IA/ARGOSJ8_IA_/install/ublox_msgs/include/ublox_msgs/ublox_msgs/msg/detail/rxm_alm__functions.h
[292.327s] -- Up-to-date: /home/rhobtor/PHD/ARGOJ8_IA/ARGOSJ8_IA_/install/ublox_msgs/include/ublox_msgs/ublox_msgs/msg/detail/nav_sbas__functions.h
[292.327s] -- Up-to-date: /home/rhobtor/PHD/ARGOJ8_IA/ARGOSJ8_IA_/install/ublox_msgs/include/ublox_msgs/ublox_msgs/msg/detail/nav_dgpssv__functions.c
[292.327s] -- Up-to-date: /home/rhobtor/PHD/ARGOJ8_IA/ARGOSJ8_IA_/install/ublox_msgs/include/ublox_msgs/ublox_msgs/msg/detail/cfg_inf__functions.h
[292.327s] -- Up-to-date: /home/rhobtor/PHD/ARGOJ8_IA/ARGOSJ8_IA_/install/ublox_msgs/include/ublox_msgs/ublox_msgs/msg/detail/nav_velned__type_support.h
[292.327s] -- Up-to-date: /home/rhobtor/PHD/ARGOJ8_IA/ARGOSJ8_IA_/install/ublox_msgs/include/ublox_msgs/ublox_msgs/msg/detail/rxm_svsi__struct.h
[292.327s] -- Up-to-date: /home/rhobtor/PHD/ARGOJ8_IA/ARGOSJ8_IA_/install/ublox_msgs/include/ublox_msgs/ublox_msgs/msg/detail/cfg_nmea__functions.h
[292.328s] -- Up-to-date: /home/rhobtor/PHD/ARGOJ8_IA/ARGOSJ8_IA_/install/ublox_msgs/include/ublox_msgs/ublox_msgs/msg/detail/nav_svin__type_support.h
[292.328s] -- Up-to-date: /home/rhobtor/PHD/ARGOJ8_IA/ARGOSJ8_IA_/install/ublox_msgs/include/ublox_msgs/ublox_msgs/msg/detail/cfg_nmea6__struct.h
[292.328s] -- Up-to-date: /home/rhobtor/PHD/ARGOJ8_IA/ARGOSJ8_IA_/install/ublox_msgs/include/ublox_msgs/ublox_msgs/msg/detail/nav_relposned__type_support.h
[292.328s] -- Up-to-date: /home/rhobtor/PHD/ARGOJ8_IA/ARGOSJ8_IA_/install/ublox_msgs/include/ublox_msgs/ublox_msgs/msg/detail/ack__struct.h
[292.328s] -- Up-to-date: /home/rhobtor/PHD/ARGOJ8_IA/ARGOSJ8_IA_/install/ublox_msgs/include/ublox_msgs/ublox_msgs/msg/detail/nav_posecef__functions.c
[292.329s] -- Up-to-date: /home/rhobtor/PHD/ARGOJ8_IA/ARGOSJ8_IA_/install/ublox_msgs/include/ublox_msgs/ublox_msgs/msg/detail/aid_hui__functions.h
[292.329s] -- Up-to-date: /home/rhobtor/PHD/ARGOJ8_IA/ARGOSJ8_IA_/install/ublox_msgs/include/ublox_msgs/ublox_msgs/msg/detail/nav_svinfo__struct.h
[292.329s] -- Up-to-date: /home/rhobtor/PHD/ARGOJ8_IA/ARGOSJ8_IA_/install/ublox_msgs/include/ublox_msgs/ublox_msgs/msg/detail/cfg_ant__type_support.h
[292.329s] -- Up-to-date: /home/rhobtor/PHD/ARGOJ8_IA/ARGOSJ8_IA_/install/ublox_msgs/include/ublox_msgs/ublox_msgs/msg/detail/nav_svinfosv__type_support.h
[292.329s] -- Up-to-date: /home/rhobtor/PHD/ARGOJ8_IA/ARGOSJ8_IA_/install/ublox_msgs/include/ublox_msgs/ublox_msgs/msg/detail/mon_gnss__functions.c
[292.329s] -- Up-to-date: /home/rhobtor/PHD/ARGOJ8_IA/ARGOSJ8_IA_/install/ublox_msgs/include/ublox_msgs/ublox_msgs/msg/detail/inf__struct.h
[292.329s] -- Up-to-date: /home/rhobtor/PHD/ARGOJ8_IA/ARGOSJ8_IA_/install/ublox_msgs/include/ublox_msgs/ublox_msgs/msg/detail/nav_pvt__functions.h
[292.330s] -- Up-to-date: /home/rhobtor/PHD/ARGOJ8_IA/ARGOSJ8_IA_/install/ublox_msgs/include/ublox_msgs/ublox_msgs/msg/detail/cfg_cfg__struct.h
[292.330s] -- Up-to-date: /home/rhobtor/PHD/ARGOJ8_IA/ARGOSJ8_IA_/install/ublox_msgs/include/ublox_msgs/ublox_msgs/msg/detail/rxm_sfrbx__struct.h
[292.330s] -- Up-to-date: /home/rhobtor/PHD/ARGOJ8_IA/ARGOSJ8_IA_/install/ublox_msgs/include/ublox_msgs/ublox_msgs/msg/detail/aid_eph__functions.h
[292.330s] -- Up-to-date: /home/rhobtor/PHD/ARGOJ8_IA/ARGOSJ8_IA_/install/ublox_msgs/include/ublox_msgs/ublox_msgs/msg/detail/esf_status__struct.h
[292.330s] -- Up-to-date: /home/rhobtor/PHD/ARGOJ8_IA/ARGOSJ8_IA_/install/ublox_msgs/include/ublox_msgs/ublox_msgs/msg/detail/cfg_nav5__struct.h
[292.330s] -- Up-to-date: /home/rhobtor/PHD/ARGOJ8_IA/ARGOSJ8_IA_/install/ublox_msgs/include/ublox_msgs/ublox_msgs/msg/detail/nav_posllh__functions.c
[292.330s] -- Up-to-date: /home/rhobtor/PHD/ARGOJ8_IA/ARGOSJ8_IA_/install/ublox_msgs/include/ublox_msgs/ublox_msgs/msg/detail/nav_svinfosv__struct.h
[292.330s] -- Up-to-date: /home/rhobtor/PHD/ARGOJ8_IA/ARGOSJ8_IA_/install/ublox_msgs/include/ublox_msgs/ublox_msgs/msg/detail/mon_hw6__functions.h
[292.331s] -- Up-to-date: /home/rhobtor/PHD/ARGOJ8_IA/ARGOSJ8_IA_/install/ublox_msgs/include/ublox_msgs/ublox_msgs/msg/detail/esf_raw__functions.c
[292.331s] -- Up-to-date: /home/rhobtor/PHD/ARGOJ8_IA/ARGOSJ8_IA_/install/ublox_msgs/include/ublox_msgs/ublox_msgs/msg/detail/rxm_sfrbx__functions.c
[292.331s] -- Up-to-date: /home/rhobtor/PHD/ARGOJ8_IA/ARGOSJ8_IA_/install/ublox_msgs/include/ublox_msgs/ublox_msgs/msg/detail/nav_cov__functions.h
[292.331s] -- Up-to-date: /home/rhobtor/PHD/ARGOJ8_IA/ARGOSJ8_IA_/install/ublox_msgs/include/ublox_msgs/ublox_msgs/msg/detail/aid_hui__type_support.h
[292.331s] -- Up-to-date: /home/rhobtor/PHD/ARGOJ8_IA/ARGOSJ8_IA_/install/ublox_msgs/include/ublox_msgs/ublox_msgs/msg/detail/rxm_svsi__functions.c
[292.332s] -- Up-to-date: /home/rhobtor/PHD/ARGOJ8_IA/ARGOSJ8_IA_/install/ublox_msgs/include/ublox_msgs/ublox_msgs/msg/detail/mon_ver_extension__functions.h
[292.333s] -- Up-to-date: /home/rhobtor/PHD/ARGOJ8_IA/ARGOSJ8_IA_/install/ublox_msgs/include/ublox_msgs/ublox_msgs/msg/detail/nav_relposned__functions.h
[292.333s] -- Up-to-date: /home/rhobtor/PHD/ARGOJ8_IA/ARGOSJ8_IA_/install/ublox_msgs/include/ublox_msgs/ublox_msgs/msg/detail/nav_dop__functions.h
[292.334s] -- Up-to-date: /home/rhobtor/PHD/ARGOJ8_IA/ARGOSJ8_IA_/install/ublox_msgs/include/ublox_msgs/ublox_msgs/msg/detail/nav_dgpssv__type_support.h
[292.334s] -- Up-to-date: /home/rhobtor/PHD/ARGOJ8_IA/ARGOSJ8_IA_/install/ublox_msgs/include/ublox_msgs/ublox_msgs/msg/detail/nav_sbas__type_support.h
[292.335s] -- Up-to-date: /home/rhobtor/PHD/ARGOJ8_IA/ARGOSJ8_IA_/install/ublox_msgs/include/ublox_msgs/ublox_msgs/msg/detail/mon_ver__functions.h
[292.335s] -- Up-to-date: /home/rhobtor/PHD/ARGOJ8_IA/ARGOSJ8_IA_/install/ublox_msgs/include/ublox_msgs/ublox_msgs/msg/detail/rxm_eph__struct.h
[292.335s] -- Up-to-date: /home/rhobtor/PHD/ARGOJ8_IA/ARGOSJ8_IA_/install/ublox_msgs/include/ublox_msgs/ublox_msgs/msg/detail/nav_att__functions.h
[292.335s] -- Up-to-date: /home/rhobtor/PHD/ARGOJ8_IA/ARGOSJ8_IA_/install/ublox_msgs/include/ublox_msgs/ublox_msgs/msg/detail/cfg_tmode3__functions.h
[292.335s] -- Up-to-date: /home/rhobtor/PHD/ARGOJ8_IA/ARGOSJ8_IA_/install/ublox_msgs/include/ublox_msgs/ublox_msgs/msg/detail/rxm_svsisv__functions.h
[292.335s] -- Up-to-date: /home/rhobtor/PHD/ARGOJ8_IA/ARGOSJ8_IA_/install/ublox_msgs/include/ublox_msgs/ublox_msgs/msg/detail/nav_timeutc__functions.c
[292.335s] -- Up-to-date: /home/rhobtor/PHD/ARGOJ8_IA/ARGOSJ8_IA_/install/ublox_msgs/include/ublox_msgs/ublox_msgs/msg/detail/mon_gnss__struct.h
[292.335s] -- Up-to-date: /home/rhobtor/PHD/ARGOJ8_IA/ARGOSJ8_IA_/install/ublox_msgs/include/ublox_msgs/ublox_msgs/msg/detail/esf_ins__type_support.h
[292.335s] -- Up-to-date: /home/rhobtor/PHD/ARGOJ8_IA/ARGOSJ8_IA_/install/ublox_msgs/include/ublox_msgs/ublox_msgs/msg/detail/nav_timegps__functions.h
[292.335s] -- Up-to-date: /home/rhobtor/PHD/ARGOJ8_IA/ARGOSJ8_IA_/install/ublox_msgs/include/ublox_msgs/ublox_msgs/msg/detail/nav_velecef__struct.h
[292.335s] -- Up-to-date: /home/rhobtor/PHD/ARGOJ8_IA/ARGOSJ8_IA_/install/ublox_msgs/include/ublox_msgs/ublox_msgs/msg/detail/mon_gnss__type_support.h
[292.336s] -- Up-to-date: /home/rhobtor/PHD/ARGOJ8_IA/ARGOSJ8_IA_/install/ublox_msgs/include/ublox_msgs/ublox_msgs/msg/detail/upd_sos__struct.h
[292.336s] -- Up-to-date: /home/rhobtor/PHD/ARGOJ8_IA/ARGOSJ8_IA_/install/ublox_msgs/include/ublox_msgs/ublox_msgs/msg/detail/aid_hui__struct.h
[292.336s] -- Up-to-date: /home/rhobtor/PHD/ARGOJ8_IA/ARGOSJ8_IA_/install/ublox_msgs/include/ublox_msgs/ublox_msgs/msg/detail/nav_timegps__type_support.h
[292.336s] -- Up-to-date: /home/rhobtor/PHD/ARGOJ8_IA/ARGOSJ8_IA_/install/ublox_msgs/include/ublox_msgs/ublox_msgs/msg/detail/nav_dgps__functions.h
[292.336s] -- Up-to-date: /home/rhobtor/PHD/ARGOJ8_IA/ARGOSJ8_IA_/install/ublox_msgs/include/ublox_msgs/ublox_msgs/msg/detail/aid_eph__struct.h
[292.336s] -- Up-to-date: /home/rhobtor/PHD/ARGOJ8_IA/ARGOSJ8_IA_/install/ublox_msgs/include/ublox_msgs/ublox_msgs/msg/detail/cfg_dgnss__struct.h
[292.336s] -- Up-to-date: /home/rhobtor/PHD/ARGOJ8_IA/ARGOSJ8_IA_/install/ublox_msgs/include/ublox_msgs/ublox_msgs/msg/detail/rxm_sfrbx__type_support.h
[292.336s] -- Up-to-date: /home/rhobtor/PHD/ARGOJ8_IA/ARGOSJ8_IA_/install/ublox_msgs/include/ublox_msgs/ublox_msgs/msg/detail/rxm_rtcm__functions.h
[292.336s] -- Up-to-date: /home/rhobtor/PHD/ARGOJ8_IA/ARGOSJ8_IA_/install/ublox_msgs/include/ublox_msgs/ublox_msgs/msg/detail/mon_ver__struct.h
[292.336s] -- Up-to-date: /home/rhobtor/PHD/ARGOJ8_IA/ARGOSJ8_IA_/install/ublox_msgs/include/ublox_msgs/ublox_msgs/msg/detail/aid_alm__struct.h
[292.336s] -- Up-to-date: /home/rhobtor/PHD/ARGOJ8_IA/ARGOSJ8_IA_/install/ublox_msgs/include/ublox_msgs/ublox_msgs/msg/detail/cfg_inf_block__functions.h
[292.337s] -- Up-to-date: /home/rhobtor/PHD/ARGOJ8_IA/ARGOSJ8_IA_/install/ublox_msgs/include/ublox_msgs/ublox_msgs/msg/detail/cfg_tmode3__functions.c
[292.337s] -- Up-to-date: /home/rhobtor/PHD/ARGOJ8_IA/ARGOSJ8_IA_/install/ublox_msgs/include/ublox_msgs/ublox_msgs/msg/detail/cfg_hnr__type_support.h
[292.337s] -- Up-to-date: /home/rhobtor/PHD/ARGOJ8_IA/ARGOSJ8_IA_/install/ublox_msgs/include/ublox_msgs/ublox_msgs/msg/detail/inf__functions.c
[292.337s] -- Up-to-date: /home/rhobtor/PHD/ARGOJ8_IA/ARGOSJ8_IA_/install/ublox_msgs/include/ublox_msgs/ublox_msgs/msg/detail/cfg_rst__functions.c
[292.337s] -- Up-to-date: /home/rhobtor/PHD/ARGOJ8_IA/ARGOSJ8_IA_/install/ublox_msgs/include/ublox_msgs/ublox_msgs/msg/detail/nav_posecef__type_support.h
[292.337s] -- Up-to-date: /home/rhobtor/PHD/ARGOJ8_IA/ARGOSJ8_IA_/install/ublox_msgs/include/ublox_msgs/ublox_msgs/msg/detail/rxm_svsi__functions.h
[292.337s] -- Up-to-date: /home/rhobtor/PHD/ARGOJ8_IA/ARGOSJ8_IA_/install/ublox_msgs/include/ublox_msgs/ublox_msgs/msg/detail/cfg_inf__type_support.h
[292.337s] -- Up-to-date: /home/rhobtor/PHD/ARGOJ8_IA/ARGOSJ8_IA_/install/ublox_msgs/include/ublox_msgs/ublox_msgs/msg/detail/nav_svin__struct.h
[292.337s] -- Up-to-date: /home/rhobtor/PHD/ARGOJ8_IA/ARGOSJ8_IA_/install/ublox_msgs/include/ublox_msgs/ublox_msgs/msg/detail/nav_sat__struct.h
[292.337s] -- Up-to-date: /home/rhobtor/PHD/ARGOJ8_IA/ARGOSJ8_IA_/install/ublox_msgs/include/ublox_msgs/ublox_msgs/msg/detail/esf_raw__functions.h
[292.337s] -- Up-to-date: /home/rhobtor/PHD/ARGOJ8_IA/ARGOSJ8_IA_/install/ublox_msgs/include/ublox_msgs/ublox_msgs/msg/detail/cfg_rate__functions.c
[292.337s] -- Up-to-date: /home/rhobtor/PHD/ARGOJ8_IA/ARGOSJ8_IA_/install/ublox_msgs/include/ublox_msgs/ublox_msgs/msg/detail/rxm_rtcm__struct.h
[292.337s] -- Up-to-date: /home/rhobtor/PHD/ARGOJ8_IA/ARGOSJ8_IA_/install/ublox_msgs/include/ublox_msgs/ublox_msgs/msg/detail/nav_dop__type_support.h
[292.338s] -- Up-to-date: /home/rhobtor/PHD/ARGOJ8_IA/ARGOSJ8_IA_/install/ublox_msgs/include/ublox_msgs/ublox_msgs/msg/detail/nav_timegps__functions.c
[292.338s] -- Up-to-date: /home/rhobtor/PHD/ARGOJ8_IA/ARGOSJ8_IA_/install/ublox_msgs/include/ublox_msgs/ublox_msgs/msg/detail/nav_status__struct.h
[292.339s] -- Up-to-date: /home/rhobtor/PHD/ARGOJ8_IA/ARGOSJ8_IA_/install/ublox_msgs/include/ublox_msgs/ublox_msgs/msg/detail/nav_pvt7__functions.h
[292.339s] -- Up-to-date: /home/rhobtor/PHD/ARGOJ8_IA/ARGOSJ8_IA_/install/ublox_msgs/include/ublox_msgs/ublox_msgs/msg/detail/nav_timegps__struct.h
[292.339s] -- Up-to-date: /home/rhobtor/PHD/ARGOJ8_IA/ARGOSJ8_IA_/install/ublox_msgs/include/ublox_msgs/ublox_msgs/msg/detail/rxm_rawsv__functions.h
[292.339s] -- Up-to-date: /home/rhobtor/PHD/ARGOJ8_IA/ARGOSJ8_IA_/install/ublox_msgs/include/ublox_msgs/ublox_msgs/msg/detail/cfg_dgnss__functions.c
[292.339s] -- Up-to-date: /home/rhobtor/PHD/ARGOJ8_IA/ARGOSJ8_IA_/install/ublox_msgs/include/ublox_msgs/ublox_msgs/msg/detail/rxm_rawx_meas__functions.c
[292.339s] -- Up-to-date: /home/rhobtor/PHD/ARGOJ8_IA/ARGOSJ8_IA_/install/ublox_msgs/include/ublox_msgs/ublox_msgs/msg/detail/esf_status_sens__type_support.h
[292.339s] -- Up-to-date: /home/rhobtor/PHD/ARGOJ8_IA/ARGOSJ8_IA_/install/ublox_msgs/include/ublox_msgs/ublox_msgs/msg/detail/nav_relposned__struct.h
[292.339s] -- Up-to-date: /home/rhobtor/PHD/ARGOJ8_IA/ARGOSJ8_IA_/install/ublox_msgs/include/ublox_msgs/ublox_msgs/msg/detail/nav_clock__type_support.h
[292.339s] -- Up-to-date: /home/rhobtor/PHD/ARGOJ8_IA/ARGOSJ8_IA_/install/ublox_msgs/include/ublox_msgs/ublox_msgs/msg/detail/rxm_sfrb__functions.h
[292.339s] -- Up-to-date: /home/rhobtor/PHD/ARGOJ8_IA/ARGOSJ8_IA_/install/ublox_msgs/include/ublox_msgs/ublox_msgs/msg/detail/cfg_navx5__functions.h
[292.339s] -- Up-to-date: /home/rhobtor/PHD/ARGOJ8_IA/ARGOSJ8_IA_/install/ublox_msgs/include/ublox_msgs/ublox_msgs/msg/detail/cfg_sbas__struct.h
[292.339s] -- Up-to-date: /home/rhobtor/PHD/ARGOJ8_IA/ARGOSJ8_IA_/install/ublox_msgs/include/ublox_msgs/ublox_msgs/msg/detail/mon_ver__type_support.h
[292.339s] -- Up-to-date: /home/rhobtor/PHD/ARGOJ8_IA/ARGOSJ8_IA_/install/ublox_msgs/include/ublox_msgs/ublox_msgs/msg/detail/cfg_tmode3__type_support.h
[292.339s] -- Up-to-date: /home/rhobtor/PHD/ARGOJ8_IA/ARGOSJ8_IA_/install/ublox_msgs/include/ublox_msgs/ublox_msgs/msg/detail/nav_sol__functions.c
[292.339s] -- Up-to-date: /home/rhobtor/PHD/ARGOJ8_IA/ARGOSJ8_IA_/install/ublox_msgs/include/ublox_msgs/ublox_msgs/msg/detail/cfg_usb__functions.h
[292.339s] -- Up-to-date: /home/rhobtor/PHD/ARGOJ8_IA/ARGOSJ8_IA_/install/ublox_msgs/include/ublox_msgs/ublox_msgs/msg/detail/nav_clock__functions.c
[292.340s] -- Up-to-date: /home/rhobtor/PHD/ARGOJ8_IA/ARGOSJ8_IA_/install/ublox_msgs/include/ublox_msgs/ublox_msgs/msg/detail/nav_clock__struct.h
[292.340s] -- Up-to-date: /home/rhobtor/PHD/ARGOJ8_IA/ARGOSJ8_IA_/install/ublox_msgs/include/ublox_msgs/ublox_msgs/msg/detail/aid_alm__type_support.h
[292.340s] -- Up-to-date: /home/rhobtor/PHD/ARGOJ8_IA/ARGOSJ8_IA_/install/ublox_msgs/include/ublox_msgs/ublox_msgs/msg/detail/mon_hw6__struct.h
[292.340s] -- Up-to-date: /home/rhobtor/PHD/ARGOJ8_IA/ARGOSJ8_IA_/install/ublox_msgs/include/ublox_msgs/ublox_msgs/msg/detail/rxm_eph__functions.c
[292.340s] -- Up-to-date: /home/rhobtor/PHD/ARGOJ8_IA/ARGOSJ8_IA_/install/ublox_msgs/include/ublox_msgs/ublox_msgs/msg/detail/esf_raw__struct.h
[292.340s] -- Up-to-date: /home/rhobtor/PHD/ARGOJ8_IA/ARGOSJ8_IA_/install/ublox_msgs/include/ublox_msgs/ublox_msgs/msg/detail/cfg_dat__functions.h
[292.340s] -- Up-to-date: /home/rhobtor/PHD/ARGOJ8_IA/ARGOSJ8_IA_/install/ublox_msgs/include/ublox_msgs/ublox_msgs/msg/detail/tim_tm2__functions.h
[292.340s] -- Up-to-date: /home/rhobtor/PHD/ARGOJ8_IA/ARGOSJ8_IA_/install/ublox_msgs/include/ublox_msgs/ublox_msgs/msg/detail/nav_pvt__type_support.h
[292.340s] -- Up-to-date: /home/rhobtor/PHD/ARGOJ8_IA/ARGOSJ8_IA_/install/ublox_msgs/include/ublox_msgs/ublox_msgs/msg/detail/esf_status__functions.c
[292.340s] -- Up-to-date: /home/rhobtor/PHD/ARGOJ8_IA/ARGOSJ8_IA_/install/ublox_msgs/include/ublox_msgs/ublox_msgs/msg/detail/nav_svinfo__functions.h
[292.341s] -- Up-to-date: /home/rhobtor/PHD/ARGOJ8_IA/ARGOSJ8_IA_/install/ublox_msgs/include/ublox_msgs/ublox_msgs/msg/detail/mga_gal__type_support.h
[292.341s] -- Up-to-date: /home/rhobtor/PHD/ARGOJ8_IA/ARGOSJ8_IA_/install/ublox_msgs/include/ublox_msgs/ublox_msgs/msg/detail/nav_dgps__type_support.h
[292.341s] -- Up-to-date: /home/rhobtor/PHD/ARGOJ8_IA/ARGOSJ8_IA_/install/ublox_msgs/include/ublox_msgs/ublox_msgs/msg/detail/cfg_ant__functions.h
[292.341s] -- Up-to-date: /home/rhobtor/PHD/ARGOJ8_IA/ARGOSJ8_IA_/install/ublox_msgs/include/ublox_msgs/ublox_msgs/msg/detail/rxm_svsi__type_support.h
[292.341s] -- Up-to-date: /home/rhobtor/PHD/ARGOJ8_IA/ARGOSJ8_IA_/install/ublox_msgs/include/ublox_msgs/ublox_msgs/msg/detail/rxm_eph__type_support.h
[292.341s] -- Up-to-date: /home/rhobtor/PHD/ARGOJ8_IA/ARGOSJ8_IA_/install/ublox_msgs/include/ublox_msgs/ublox_msgs/msg/detail/hnr_pvt__functions.h
[292.341s] -- Up-to-date: /home/rhobtor/PHD/ARGOJ8_IA/ARGOSJ8_IA_/install/ublox_msgs/include/ublox_msgs/ublox_msgs/msg/detail/rxm_rawx__functions.c
[292.341s] -- Up-to-date: /home/rhobtor/PHD/ARGOJ8_IA/ARGOSJ8_IA_/install/ublox_msgs/include/ublox_msgs/ublox_msgs/msg/detail/rxm_rawx_meas__functions.h
[292.342s] -- Up-to-date: /home/rhobtor/PHD/ARGOJ8_IA/ARGOSJ8_IA_/install/ublox_msgs/include/ublox_msgs/ublox_msgs/msg/detail/cfg_usb__functions.c
[292.342s] -- Up-to-date: /home/rhobtor/PHD/ARGOJ8_IA/ARGOSJ8_IA_/install/ublox_msgs/include/ublox_msgs/ublox_msgs/msg/detail/cfg_inf__functions.c
[292.342s] -- Up-to-date: /home/rhobtor/PHD/ARGOJ8_IA/ARGOSJ8_IA_/install/ublox_msgs/include/ublox_msgs/ublox_msgs/msg/detail/nav_sat__type_support.h
[292.342s] -- Up-to-date: /home/rhobtor/PHD/ARGOJ8_IA/ARGOSJ8_IA_/install/ublox_msgs/include/ublox_msgs/ublox_msgs/msg/detail/nav_posllh__type_support.h
[292.342s] -- Up-to-date: /home/rhobtor/PHD/ARGOJ8_IA/ARGOSJ8_IA_/install/ublox_msgs/include/ublox_msgs/ublox_msgs/msg/detail/nav_timeutc__functions.h
[292.342s] -- Up-to-date: /home/rhobtor/PHD/ARGOJ8_IA/ARGOSJ8_IA_/install/ublox_msgs/include/ublox_msgs/ublox_msgs/msg/detail/rxm_raw__functions.h
[292.343s] -- Up-to-date: /home/rhobtor/PHD/ARGOJ8_IA/ARGOSJ8_IA_/install/ublox_msgs/include/ublox_msgs/ublox_msgs/msg/detail/cfg_nmea7__type_support.h
[292.343s] -- Up-to-date: /home/rhobtor/PHD/ARGOJ8_IA/ARGOSJ8_IA_/install/ublox_msgs/include/ublox_msgs/ublox_msgs/msg/detail/cfg_cfg__functions.h
[292.343s] -- Up-to-date: /home/rhobtor/PHD/ARGOJ8_IA/ARGOSJ8_IA_/install/ublox_msgs/include/ublox_msgs/ublox_msgs/msg/detail/cfg_hnr__struct.h
[292.343s] -- Up-to-date: /home/rhobtor/PHD/ARGOJ8_IA/ARGOSJ8_IA_/install/ublox_msgs/include/ublox_msgs/ublox_msgs/msg/detail/hnr_pvt__functions.c
[292.343s] -- Up-to-date: /home/rhobtor/PHD/ARGOJ8_IA/ARGOSJ8_IA_/install/ublox_msgs/include/ublox_msgs/ublox_msgs/msg/detail/cfg_dgnss__functions.h
[292.343s] -- Up-to-date: /home/rhobtor/PHD/ARGOJ8_IA/ARGOSJ8_IA_/install/ublox_msgs/include/ublox_msgs/ublox_msgs/msg/detail/mon_gnss__functions.h
[292.343s] -- Up-to-date: /home/rhobtor/PHD/ARGOJ8_IA/ARGOSJ8_IA_/install/ublox_msgs/include/ublox_msgs/ublox_msgs/msg/detail/rxm_rawsv__functions.c
[292.343s] -- Up-to-date: /home/rhobtor/PHD/ARGOJ8_IA/ARGOSJ8_IA_/install/ublox_msgs/include/ublox_msgs/ublox_msgs/msg/detail/cfg_msg__functions.c
[292.343s] -- Up-to-date: /home/rhobtor/PHD/ARGOJ8_IA/ARGOSJ8_IA_/install/ublox_msgs/include/ublox_msgs/ublox_msgs/msg/detail/cfg_msg__type_support.h
[292.343s] -- Up-to-date: /home/rhobtor/PHD/ARGOJ8_IA/ARGOSJ8_IA_/install/ublox_msgs/include/ublox_msgs/ublox_msgs/msg/detail/upd_sos__functions.h
[292.343s] -- Up-to-date: /home/rhobtor/PHD/ARGOJ8_IA/ARGOSJ8_IA_/install/ublox_msgs/include/ublox_msgs/ublox_msgs/msg/detail/esf_raw_block__functions.c
[292.344s] -- Up-to-date: /home/rhobtor/PHD/ARGOJ8_IA/ARGOSJ8_IA_/install/ublox_msgs/include/ublox_msgs/ublox_msgs/msg/detail/nav_cov__type_support.h
[292.344s] -- Up-to-date: /home/rhobtor/PHD/ARGOJ8_IA/ARGOSJ8_IA_/install/ublox_msgs/include/ublox_msgs/ublox_msgs/msg/detail/cfg_sbas__type_support.h
[292.344s] -- Up-to-date: /home/rhobtor/PHD/ARGOJ8_IA/ARGOSJ8_IA_/install/ublox_msgs/include/ublox_msgs/ublox_msgs/msg/detail/mon_hw__type_support.h
[292.344s] -- Up-to-date: /home/rhobtor/PHD/ARGOJ8_IA/ARGOSJ8_IA_/install/ublox_msgs/include/ublox_msgs/ublox_msgs/msg/detail/rxm_rawx__type_support.h
[292.344s] -- Up-to-date: /home/rhobtor/PHD/ARGOJ8_IA/ARGOSJ8_IA_/install/ublox_msgs/include/ublox_msgs/ublox_msgs/msg/detail/rxm_rawx__functions.h
[292.344s] -- Up-to-date: /home/rhobtor/PHD/ARGOJ8_IA/ARGOSJ8_IA_/install/ublox_msgs/include/ublox_msgs/ublox_msgs/msg/detail/nav_relposned9__functions.h
[292.345s] -- Up-to-date: /home/rhobtor/PHD/ARGOJ8_IA/ARGOSJ8_IA_/install/ublox_msgs/include/ublox_msgs/ublox_msgs/msg/detail/nav_dop__functions.c
[292.345s] -- Up-to-date: /home/rhobtor/PHD/ARGOJ8_IA/ARGOSJ8_IA_/install/ublox_msgs/include/ublox_msgs/ublox_msgs/msg/detail/mon_hw__functions.c
[292.345s] -- Up-to-date: /home/rhobtor/PHD/ARGOJ8_IA/ARGOSJ8_IA_/install/ublox_msgs/include/ublox_msgs/ublox_msgs/msg/detail/cfg_cfg__functions.c
[292.345s] -- Up-to-date: /home/rhobtor/PHD/ARGOJ8_IA/ARGOSJ8_IA_/install/ublox_msgs/include/ublox_msgs/ublox_msgs/msg/detail/nav_sbassv__functions.h
[292.345s] -- Up-to-date: /home/rhobtor/PHD/ARGOJ8_IA/ARGOSJ8_IA_/install/ublox_msgs/include/ublox_msgs/ublox_msgs/msg/detail/mon_hw__struct.h
[292.346s] -- Up-to-date: /home/rhobtor/PHD/ARGOJ8_IA/ARGOSJ8_IA_/install/ublox_msgs/include/ublox_msgs/ublox_msgs/msg/detail/upd_sos__functions.c
[292.346s] -- Up-to-date: /home/rhobtor/PHD/ARGOJ8_IA/ARGOSJ8_IA_/install/ublox_msgs/include/ublox_msgs/ublox_msgs/msg/detail/nav_satsv__type_support.h
[292.346s] -- Up-to-date: /home/rhobtor/PHD/ARGOJ8_IA/ARGOSJ8_IA_/install/ublox_msgs/include/ublox_msgs/ublox_msgs/msg/detail/cfg_hnr__functions.h
[292.346s] -- Up-to-date: /home/rhobtor/PHD/ARGOJ8_IA/ARGOSJ8_IA_/install/ublox_msgs/include/ublox_msgs/ublox_msgs/msg/detail/nav_timeutc__struct.h
[292.346s] -- Up-to-date: /home/rhobtor/PHD/ARGOJ8_IA/ARGOSJ8_IA_/install/ublox_msgs/include/ublox_msgs/ublox_msgs/msg/detail/nav_relposned9__functions.c
[292.346s] -- Up-to-date: /home/rhobtor/PHD/ARGOJ8_IA/ARGOSJ8_IA_/install/ublox_msgs/include/ublox_msgs/ublox_msgs/msg/detail/cfg_nav5__type_support.h
[292.346s] -- Up-to-date: /home/rhobtor/PHD/ARGOJ8_IA/ARGOSJ8_IA_/install/ublox_msgs/include/ublox_msgs/ublox_msgs/msg/detail/cfg_nmea6__type_support.h
[292.346s] -- Up-to-date: /home/rhobtor/PHD/ARGOJ8_IA/ARGOSJ8_IA_/install/ublox_msgs/include/ublox_msgs/ublox_msgs/msg/detail/rxm_rawx_meas__type_support.h
[292.346s] -- Up-to-date: /home/rhobtor/PHD/ARGOJ8_IA/ARGOSJ8_IA_/install/ublox_msgs/include/ublox_msgs/ublox_msgs/msg/detail/cfg_navx5__type_support.h
[292.346s] -- Up-to-date: /home/rhobtor/PHD/ARGOJ8_IA/ARGOSJ8_IA_/install/ublox_msgs/include/ublox_msgs/ublox_msgs/msg/detail/mon_ver_extension__functions.c
[292.347s] -- Up-to-date: /home/rhobtor/PHD/ARGOJ8_IA/ARGOSJ8_IA_/install/ublox_msgs/include/ublox_msgs/ublox_msgs/msg/detail/nav_velecef__functions.h
[292.347s] -- Up-to-date: /home/rhobtor/PHD/ARGOJ8_IA/ARGOSJ8_IA_/install/ublox_msgs/include/ublox_msgs/ublox_msgs/msg/detail/mon_ver_extension__struct.h
[292.347s] -- Up-to-date: /home/rhobtor/PHD/ARGOJ8_IA/ARGOSJ8_IA_/install/ublox_msgs/include/ublox_msgs/ublox_msgs/msg/detail/cfg_msg__functions.h
[292.347s] -- Up-to-date: /home/rhobtor/PHD/ARGOJ8_IA/ARGOSJ8_IA_/install/ublox_msgs/include/ublox_msgs/ublox_msgs/msg/detail/esf_raw_block__type_support.h
[292.347s] -- Up-to-date: /home/rhobtor/PHD/ARGOJ8_IA/ARGOSJ8_IA_/install/ublox_msgs/include/ublox_msgs/ublox_msgs/msg/detail/esf_ins__functions.h
[292.347s] -- Up-to-date: /home/rhobtor/PHD/ARGOJ8_IA/ARGOSJ8_IA_/install/ublox_msgs/include/ublox_msgs/ublox_msgs/msg/detail/cfg_nav5__functions.h
[292.347s] -- Up-to-date: /home/rhobtor/PHD/ARGOJ8_IA/ARGOSJ8_IA_/install/ublox_msgs/include/ublox_msgs/ublox_msgs/msg/detail/nav_timeutc__type_support.h
[292.347s] -- Up-to-date: /home/rhobtor/PHD/ARGOJ8_IA/ARGOSJ8_IA_/install/ublox_msgs/include/ublox_msgs/ublox_msgs/msg/detail/ack__type_support.h
[292.347s] -- Up-to-date: /home/rhobtor/PHD/ARGOJ8_IA/ARGOSJ8_IA_/install/ublox_msgs/include/ublox_msgs/ublox_msgs/msg/detail/cfg_rst__type_support.h
[292.347s] -- Up-to-date: /home/rhobtor/PHD/ARGOJ8_IA/ARGOSJ8_IA_/install/ublox_msgs/include/ublox_msgs/ublox_msgs/msg/detail/nav_satsv__functions.c
[292.347s] -- Up-to-date: /home/rhobtor/PHD/ARGOJ8_IA/ARGOSJ8_IA_/install/ublox_msgs/include/ublox_msgs/ublox_msgs/msg/detail/mon_ver__functions.c
[292.347s] -- Up-to-date: /home/rhobtor/PHD/ARGOJ8_IA/ARGOSJ8_IA_/install/ublox_msgs/include/ublox_msgs/ublox_msgs/msg/detail/nav_svinfosv__functions.h
[292.347s] -- Up-to-date: /home/rhobtor/PHD/ARGOJ8_IA/ARGOSJ8_IA_/install/ublox_msgs/include/ublox_msgs/ublox_msgs/msg/detail/ack__functions.h
[292.347s] -- Up-to-date: /home/rhobtor/PHD/ARGOJ8_IA/ARGOSJ8_IA_/install/ublox_msgs/include/ublox_msgs/ublox_msgs/msg/detail/cfg_prt__functions.h
[292.347s] -- Up-to-date: /home/rhobtor/PHD/ARGOJ8_IA/ARGOSJ8_IA_/install/ublox_msgs/include/ublox_msgs/ublox_msgs/msg/detail/cfg_nav5__functions.c
[292.347s] -- Up-to-date: /home/rhobtor/PHD/ARGOJ8_IA/ARGOSJ8_IA_/install/ublox_msgs/include/ublox_msgs/ublox_msgs/msg/detail/cfg_nmea7__struct.h
[292.348s] -- Up-to-date: /home/rhobtor/PHD/ARGOJ8_IA/ARGOSJ8_IA_/install/ublox_msgs/include/ublox_msgs/ublox_msgs/msg/detail/nav_sol__type_support.h
[292.348s] -- Up-to-date: /home/rhobtor/PHD/ARGOJ8_IA/ARGOSJ8_IA_/install/ublox_msgs/include/ublox_msgs/ublox_msgs/msg/detail/cfg_tmode3__struct.h
[292.348s] -- Up-to-date: /home/rhobtor/PHD/ARGOJ8_IA/ARGOSJ8_IA_/install/ublox_msgs/include/ublox_msgs/ublox_msgs/msg/detail/esf_status__functions.h
[292.348s] -- Up-to-date: /home/rhobtor/PHD/ARGOJ8_IA/ARGOSJ8_IA_/install/ublox_msgs/include/ublox_msgs/ublox_msgs/msg/detail/cfg_gnss_block__functions.c
[292.348s] -- Up-to-date: /home/rhobtor/PHD/ARGOJ8_IA/ARGOSJ8_IA_/install/ublox_msgs/include/ublox_msgs/ublox_msgs/msg/detail/nav_pvt7__struct.h
[292.348s] -- Up-to-date: /home/rhobtor/PHD/ARGOJ8_IA/ARGOSJ8_IA_/install/ublox_msgs/include/ublox_msgs/ublox_msgs/msg/detail/nav_clock__functions.h
[292.348s] -- Up-to-date: /home/rhobtor/PHD/ARGOJ8_IA/ARGOSJ8_IA_/install/ublox_msgs/include/ublox_msgs/ublox_msgs/msg/detail/aid_eph__type_support.h
[292.348s] -- Up-to-date: /home/rhobtor/PHD/ARGOJ8_IA/ARGOSJ8_IA_/install/ublox_msgs/include/ublox_msgs/ublox_msgs/msg/detail/nav_sbas__struct.h
[292.348s] -- Up-to-date: /home/rhobtor/PHD/ARGOJ8_IA/ARGOSJ8_IA_/install/ublox_msgs/include/ublox_msgs/ublox_msgs/msg/detail/cfg_inf_block__functions.c
[292.348s] -- Up-to-date: /home/rhobtor/PHD/ARGOJ8_IA/ARGOSJ8_IA_/install/ublox_msgs/include/ublox_msgs/ublox_msgs/msg/detail/nav_pvt__struct.h
[292.348s] -- Up-to-date: /home/rhobtor/PHD/ARGOJ8_IA/ARGOSJ8_IA_/install/ublox_msgs/include/ublox_msgs/ublox_msgs/msg/detail/inf__type_support.h
[292.348s] -- Up-to-date: /home/rhobtor/PHD/ARGOJ8_IA/ARGOSJ8_IA_/install/ublox_msgs/include/ublox_msgs/ublox_msgs/msg/detail/mon_ver_extension__type_support.h
[292.348s] -- Up-to-date: /home/rhobtor/PHD/ARGOJ8_IA/ARGOSJ8_IA_/install/ublox_msgs/include/ublox_msgs/ublox_msgs/msg/detail/cfg_inf__struct.h
[292.348s] -- Up-to-date: /home/rhobtor/PHD/ARGOJ8_IA/ARGOSJ8_IA_/install/ublox_msgs/include/ublox_msgs/ublox_msgs/msg/detail/cfg_nmea6__functions.c
[292.349s] -- Up-to-date: /home/rhobtor/PHD/ARGOJ8_IA/ARGOSJ8_IA_/install/ublox_msgs/include/ublox_msgs/ublox_msgs/msg/detail/nav_att__struct.h
[292.349s] -- Up-to-date: /home/rhobtor/PHD/ARGOJ8_IA/ARGOSJ8_IA_/install/ublox_msgs/include/ublox_msgs/ublox_msgs/msg/detail/nav_svinfo__functions.c
[292.349s] -- Up-to-date: /home/rhobtor/PHD/ARGOJ8_IA/ARGOSJ8_IA_/install/ublox_msgs/include/ublox_msgs/ublox_msgs/msg/detail/cfg_sbas__functions.h
[292.349s] -- Up-to-date: /home/rhobtor/PHD/ARGOJ8_IA/ARGOSJ8_IA_/install/ublox_msgs/include/ublox_msgs/ublox_msgs/msg/detail/cfg_gnss__functions.c
[292.350s] -- Up-to-date: /home/rhobtor/PHD/ARGOJ8_IA/ARGOSJ8_IA_/install/ublox_msgs/include/ublox_msgs/ublox_msgs/msg/detail/cfg_dgnss__type_support.h
[292.350s] -- Up-to-date: /home/rhobtor/PHD/ARGOJ8_IA/ARGOSJ8_IA_/install/ublox_msgs/include/ublox_msgs/ublox_msgs/msg/detail/rxm_alm__functions.c
[292.350s] -- Up-to-date: /home/rhobtor/PHD/ARGOJ8_IA/ARGOSJ8_IA_/install/ublox_msgs/include/ublox_msgs/ublox_msgs/msg/detail/cfg_prt__struct.h
[292.351s] -- Up-to-date: /home/rhobtor/PHD/ARGOJ8_IA/ARGOSJ8_IA_/install/ublox_msgs/include/ublox_msgs/ublox_msgs/msg/detail/nav_velecef__type_support.h
[292.351s] -- Up-to-date: /home/rhobtor/PHD/ARGOJ8_IA/ARGOSJ8_IA_/install/ublox_msgs/include/ublox_msgs/ublox_msgs/msg/detail/mon_hw6__functions.c
[292.351s] -- Up-to-date: /home/rhobtor/PHD/ARGOJ8_IA/ARGOSJ8_IA_/install/ublox_msgs/include/ublox_msgs/ublox_msgs/msg/detail/mga_gal__functions.h
[292.351s] -- Up-to-date: /home/rhobtor/PHD/ARGOJ8_IA/ARGOSJ8_IA_/install/ublox_msgs/include/ublox_msgs/ublox_msgs/msg/detail/nav_att__functions.c
[292.351s] -- Up-to-date: /home/rhobtor/PHD/ARGOJ8_IA/ARGOSJ8_IA_/install/ublox_msgs/include/ublox_msgs/ublox_msgs/msg/detail/nav_status__functions.c
[292.352s] -- Up-to-date: /home/rhobtor/PHD/ARGOJ8_IA/ARGOSJ8_IA_/install/ublox_msgs/include/ublox_msgs/ublox_msgs/msg/detail/cfg_navx5__struct.h
[292.352s] -- Up-to-date: /home/rhobtor/PHD/ARGOJ8_IA/ARGOSJ8_IA_/install/ublox_msgs/include/ublox_msgs/ublox_msgs/msg/detail/ack__functions.c
[292.354s] -- Up-to-date: /home/rhobtor/PHD/ARGOJ8_IA/ARGOSJ8_IA_/install/ublox_msgs/include/ublox_msgs/ublox_msgs/msg/rxm_alm.h
[292.355s] -- Up-to-date: /home/rhobtor/PHD/ARGOJ8_IA/ARGOSJ8_IA_/install/ublox_msgs/include/ublox_msgs/ublox_msgs/msg/rxm_rawx_meas.h
[292.355s] -- Up-to-date: /home/rhobtor/PHD/ARGOJ8_IA/ARGOSJ8_IA_/install/ublox_msgs/include/ublox_msgs/ublox_msgs/msg/nav_sat.h
[292.355s] -- Up-to-date: /home/rhobtor/PHD/ARGOJ8_IA/ARGOSJ8_IA_/install/ublox_msgs/include/ublox_msgs/ublox_msgs/msg/upd_sos.h
[292.355s] -- Up-to-date: /home/rhobtor/PHD/ARGOJ8_IA/ARGOSJ8_IA_/install/ublox_msgs/include/ublox_msgs/ublox_msgs/msg/nav_posllh.h
[292.355s] -- Up-to-date: /home/rhobtor/PHD/ARGOJ8_IA/ARGOSJ8_IA_/install/ublox_msgs/include/ublox_msgs/ublox_msgs/msg/cfg_tmode3.h
[292.355s] -- Up-to-date: /home/rhobtor/PHD/ARGOJ8_IA/ARGOSJ8_IA_/install/ublox_msgs/include/ublox_msgs/ublox_msgs/msg/mon_hw6.h
[292.355s] -- Up-to-date: /home/rhobtor/PHD/ARGOJ8_IA/ARGOSJ8_IA_/install/ublox_msgs/include/ublox_msgs/ublox_msgs/msg/cfg_nmea7.h
[292.356s] -- Up-to-date: /home/rhobtor/PHD/ARGOJ8_IA/ARGOSJ8_IA_/install/ublox_msgs/include/ublox_msgs/ublox_msgs/msg/cfg_nmea.h
[292.356s] -- Up-to-date: /home/rhobtor/PHD/ARGOJ8_IA/ARGOSJ8_IA_/install/ublox_msgs/include/ublox_msgs/ublox_msgs/msg/cfg_dgnss.h
[292.356s] -- Up-to-date: /home/rhobtor/PHD/ARGOJ8_IA/ARGOSJ8_IA_/install/ublox_msgs/include/ublox_msgs/ublox_msgs/msg/cfg_msg.h
[292.356s] -- Up-to-date: /home/rhobtor/PHD/ARGOJ8_IA/ARGOSJ8_IA_/install/ublox_msgs/include/ublox_msgs/ublox_msgs/msg/rxm_eph.h
[292.356s] -- Up-to-date: /home/rhobtor/PHD/ARGOJ8_IA/ARGOSJ8_IA_/install/ublox_msgs/include/ublox_msgs/ublox_msgs/msg/tim_tm2.h
[292.356s] -- Up-to-date: /home/rhobtor/PHD/ARGOJ8_IA/ARGOSJ8_IA_/install/ublox_msgs/include/ublox_msgs/ublox_msgs/msg/inf.h
[292.356s] -- Up-to-date: /home/rhobtor/PHD/ARGOJ8_IA/ARGOSJ8_IA_/install/ublox_msgs/include/ublox_msgs/ublox_msgs/msg/hnr_pvt.h
[292.357s] -- Up-to-date: /home/rhobtor/PHD/ARGOJ8_IA/ARGOSJ8_IA_/install/ublox_msgs/include/ublox_msgs/ublox_msgs/msg/nav_timegps.h
[292.357s] -- Up-to-date: /home/rhobtor/PHD/ARGOJ8_IA/ARGOSJ8_IA_/install/ublox_msgs/include/ublox_msgs/ublox_msgs/msg/nav_posecef.h
[292.357s] -- Up-to-date: /home/rhobtor/PHD/ARGOJ8_IA/ARGOSJ8_IA_/install/ublox_msgs/include/ublox_msgs/ublox_msgs/msg/cfg_inf.h
[292.357s] -- Up-to-date: /home/rhobtor/PHD/ARGOJ8_IA/ARGOSJ8_IA_/install/ublox_msgs/include/ublox_msgs/ublox_msgs/msg/cfg_sbas.h
[292.357s] -- Up-to-date: /home/rhobtor/PHD/ARGOJ8_IA/ARGOSJ8_IA_/install/ublox_msgs/include/ublox_msgs/ublox_msgs/msg/nav_sol.h
[292.357s] -- Up-to-date: /home/rhobtor/PHD/ARGOJ8_IA/ARGOSJ8_IA_/install/ublox_msgs/include/ublox_msgs/ublox_msgs/msg/nav_svin.h
[292.357s] -- Up-to-date: /home/rhobtor/PHD/ARGOJ8_IA/ARGOSJ8_IA_/install/ublox_msgs/include/ublox_msgs/ublox_msgs/msg/mga_gal.h
[292.359s] -- Up-to-date: /home/rhobtor/PHD/ARGOJ8_IA/ARGOSJ8_IA_/install/ublox_msgs/include/ublox_msgs/ublox_msgs/msg/cfg_gnss.h
[292.359s] -- Up-to-date: /home/rhobtor/PHD/ARGOJ8_IA/ARGOSJ8_IA_/install/ublox_msgs/include/ublox_msgs/ublox_msgs/msg/nav_dop.h
[292.360s] -- Up-to-date: /home/rhobtor/PHD/ARGOJ8_IA/ARGOSJ8_IA_/install/ublox_msgs/include/ublox_msgs/ublox_msgs/msg/nav_pvt7.h
[292.360s] -- Up-to-date: /home/rhobtor/PHD/ARGOJ8_IA/ARGOSJ8_IA_/install/ublox_msgs/include/ublox_msgs/ublox_msgs/msg/nav_status.h
[292.360s] -- Up-to-date: /home/rhobtor/PHD/ARGOJ8_IA/ARGOSJ8_IA_/install/ublox_msgs/include/ublox_msgs/ublox_msgs/msg/aid_eph.h
[292.360s] -- Up-to-date: /home/rhobtor/PHD/ARGOJ8_IA/ARGOSJ8_IA_/install/ublox_msgs/include/ublox_msgs/ublox_msgs/msg/mon_ver.h
[292.360s] -- Up-to-date: /home/rhobtor/PHD/ARGOJ8_IA/ARGOSJ8_IA_/install/ublox_msgs/include/ublox_msgs/ublox_msgs/msg/nav_relposned9.h
[292.360s] -- Up-to-date: /home/rhobtor/PHD/ARGOJ8_IA/ARGOSJ8_IA_/install/ublox_msgs/include/ublox_msgs/ublox_msgs/msg/cfg_prt.h
[292.360s] -- Up-to-date: /home/rhobtor/PHD/ARGOJ8_IA/ARGOSJ8_IA_/install/ublox_msgs/include/ublox_msgs/ublox_msgs/msg/rxm_raw.h
[292.360s] -- Up-to-date: /home/rhobtor/PHD/ARGOJ8_IA/ARGOSJ8_IA_/install/ublox_msgs/include/ublox_msgs/ublox_msgs/msg/cfg_ant.h
[292.361s] -- Up-to-date: /home/rhobtor/PHD/ARGOJ8_IA/ARGOSJ8_IA_/install/ublox_msgs/include/ublox_msgs/ublox_msgs/msg/mon_ver_extension.h
[292.361s] -- Up-to-date: /home/rhobtor/PHD/ARGOJ8_IA/ARGOSJ8_IA_/install/ublox_msgs/include/ublox_msgs/ublox_msgs/msg/nav_svinfosv.h
[292.361s] -- Up-to-date: /home/rhobtor/PHD/ARGOJ8_IA/ARGOSJ8_IA_/install/ublox_msgs/share/ublox_msgs/environment/library_path.sh
[292.361s] -- Up-to-date: /home/rhobtor/PHD/ARGOJ8_IA/ARGOSJ8_IA_/install/ublox_msgs/share/ublox_msgs/environment/library_path.dsv
[292.361s] -- Up-to-date: /home/rhobtor/PHD/ARGOJ8_IA/ARGOSJ8_IA_/install/ublox_msgs/lib/libublox_msgs__rosidl_generator_c.so
[292.361s] -- Up-to-date: /home/rhobtor/PHD/ARGOJ8_IA/ARGOSJ8_IA_/install/ublox_msgs/include/ublox_msgs/ublox_msgs
[292.361s] -- Up-to-date: /home/rhobtor/PHD/ARGOJ8_IA/ARGOSJ8_IA_/install/ublox_msgs/include/ublox_msgs/ublox_msgs/msg
[292.361s] -- Up-to-date: /home/rhobtor/PHD/ARGOJ8_IA/ARGOSJ8_IA_/install/ublox_msgs/include/ublox_msgs/ublox_msgs/msg/detail
[292.361s] -- Up-to-date: /home/rhobtor/PHD/ARGOJ8_IA/ARGOSJ8_IA_/install/ublox_msgs/include/ublox_msgs/ublox_msgs/msg/detail/cfg_usb__rosidl_typesupport_fastrtps_c.h
[292.361s] -- Up-to-date: /home/rhobtor/PHD/ARGOJ8_IA/ARGOSJ8_IA_/install/ublox_msgs/include/ublox_msgs/ublox_msgs/msg/detail/ack__rosidl_typesupport_fastrtps_c.h
[292.362s] -- Up-to-date: /home/rhobtor/PHD/ARGOJ8_IA/ARGOSJ8_IA_/install/ublox_msgs/include/ublox_msgs/ublox_msgs/msg/detail/nav_status__rosidl_typesupport_fastrtps_c.h
[292.362s] -- Up-to-date: /home/rhobtor/PHD/ARGOJ8_IA/ARGOSJ8_IA_/install/ublox_msgs/include/ublox_msgs/ublox_msgs/msg/detail/nav_clock__rosidl_typesupport_fastrtps_c.h
[292.362s] -- Up-to-date: /home/rhobtor/PHD/ARGOJ8_IA/ARGOSJ8_IA_/install/ublox_msgs/include/ublox_msgs/ublox_msgs/msg/detail/nav_relposned__rosidl_typesupport_fastrtps_c.h
[292.362s] -- Up-to-date: /home/rhobtor/PHD/ARGOJ8_IA/ARGOSJ8_IA_/install/ublox_msgs/include/ublox_msgs/ublox_msgs/msg/detail/cfg_gnss__rosidl_typesupport_fastrtps_c.h
[292.362s] -- Up-to-date: /home/rhobtor/PHD/ARGOJ8_IA/ARGOSJ8_IA_/install/ublox_msgs/include/ublox_msgs/ublox_msgs/msg/detail/rxm_rawx_meas__rosidl_typesupport_fastrtps_c.h
[292.362s] -- Up-to-date: /home/rhobtor/PHD/ARGOJ8_IA/ARGOSJ8_IA_/install/ublox_msgs/include/ublox_msgs/ublox_msgs/msg/detail/nav_sbas__rosidl_typesupport_fastrtps_c.h
[292.362s] -- Up-to-date: /home/rhobtor/PHD/ARGOJ8_IA/ARGOSJ8_IA_/install/ublox_msgs/include/ublox_msgs/ublox_msgs/msg/detail/cfg_nmea7__rosidl_typesupport_fastrtps_c.h
[292.362s] -- Up-to-date: /home/rhobtor/PHD/ARGOJ8_IA/ARGOSJ8_IA_/install/ublox_msgs/include/ublox_msgs/ublox_msgs/msg/detail/nav_velecef__rosidl_typesupport_fastrtps_c.h
[292.362s] -- Up-to-date: /home/rhobtor/PHD/ARGOJ8_IA/ARGOSJ8_IA_/install/ublox_msgs/include/ublox_msgs/ublox_msgs/msg/detail/mga_gal__rosidl_typesupport_fastrtps_c.h
[292.362s] -- Up-to-date: /home/rhobtor/PHD/ARGOJ8_IA/ARGOSJ8_IA_/install/ublox_msgs/include/ublox_msgs/ublox_msgs/msg/detail/mon_ver_extension__rosidl_typesupport_fastrtps_c.h
[292.363s] -- Up-to-date: /home/rhobtor/PHD/ARGOJ8_IA/ARGOSJ8_IA_/install/ublox_msgs/include/ublox_msgs/ublox_msgs/msg/detail/nav_velned__rosidl_typesupport_fastrtps_c.h
[292.363s] -- Up-to-date: /home/rhobtor/PHD/ARGOJ8_IA/ARGOSJ8_IA_/install/ublox_msgs/include/ublox_msgs/ublox_msgs/msg/detail/cfg_nav5__rosidl_typesupport_fastrtps_c.h
[292.363s] -- Up-to-date: /home/rhobtor/PHD/ARGOJ8_IA/ARGOSJ8_IA_/install/ublox_msgs/include/ublox_msgs/ublox_msgs/msg/detail/mon_gnss__rosidl_typesupport_fastrtps_c.h
[292.363s] -- Up-to-date: /home/rhobtor/PHD/ARGOJ8_IA/ARGOSJ8_IA_/install/ublox_msgs/include/ublox_msgs/ublox_msgs/msg/detail/nav_posecef__rosidl_typesupport_fastrtps_c.h
[292.363s] -- Up-to-date: /home/rhobtor/PHD/ARGOJ8_IA/ARGOSJ8_IA_/install/ublox_msgs/include/ublox_msgs/ublox_msgs/msg/detail/cfg_hnr__rosidl_typesupport_fastrtps_c.h
[292.363s] -- Up-to-date: /home/rhobtor/PHD/ARGOJ8_IA/ARGOSJ8_IA_/install/ublox_msgs/include/ublox_msgs/ublox_msgs/msg/detail/cfg_nmea__rosidl_typesupport_fastrtps_c.h
[292.363s] -- Up-to-date: /home/rhobtor/PHD/ARGOJ8_IA/ARGOSJ8_IA_/install/ublox_msgs/include/ublox_msgs/ublox_msgs/msg/detail/rxm_raw__rosidl_typesupport_fastrtps_c.h
[292.363s] -- Up-to-date: /home/rhobtor/PHD/ARGOJ8_IA/ARGOSJ8_IA_/install/ublox_msgs/include/ublox_msgs/ublox_msgs/msg/detail/rxm_svsi__rosidl_typesupport_fastrtps_c.h
[292.363s] -- Up-to-date: /home/rhobtor/PHD/ARGOJ8_IA/ARGOSJ8_IA_/install/ublox_msgs/include/ublox_msgs/ublox_msgs/msg/detail/nav_svin__rosidl_typesupport_fastrtps_c.h
[292.363s] -- Up-to-date: /home/rhobtor/PHD/ARGOJ8_IA/ARGOSJ8_IA_/install/ublox_msgs/include/ublox_msgs/ublox_msgs/msg/detail/inf__rosidl_typesupport_fastrtps_c.h
[292.363s] -- Up-to-date: /home/rhobtor/PHD/ARGOJ8_IA/ARGOSJ8_IA_/install/ublox_msgs/include/ublox_msgs/ublox_msgs/msg/detail/cfg_gnss_block__rosidl_typesupport_fastrtps_c.h
[292.363s] -- Up-to-date: /home/rhobtor/PHD/ARGOJ8_IA/ARGOSJ8_IA_/install/ublox_msgs/include/ublox_msgs/ublox_msgs/msg/detail/cfg_rate__rosidl_typesupport_fastrtps_c.h
[292.363s] -- Up-to-date: /home/rhobtor/PHD/ARGOJ8_IA/ARGOSJ8_IA_/install/ublox_msgs/include/ublox_msgs/ublox_msgs/msg/detail/esf_ins__rosidl_typesupport_fastrtps_c.h
[292.363s] -- Up-to-date: /home/rhobtor/PHD/ARGOJ8_IA/ARGOSJ8_IA_/install/ublox_msgs/include/ublox_msgs/ublox_msgs/msg/detail/mon_ver__rosidl_typesupport_fastrtps_c.h
[292.364s] -- Up-to-date: /home/rhobtor/PHD/ARGOJ8_IA/ARGOSJ8_IA_/install/ublox_msgs/include/ublox_msgs/ublox_msgs/msg/detail/esf_raw_block__rosidl_typesupport_fastrtps_c.h
[292.364s] -- Up-to-date: /home/rhobtor/PHD/ARGOJ8_IA/ARGOSJ8_IA_/install/ublox_msgs/include/ublox_msgs/ublox_msgs/msg/detail/esf_status__rosidl_typesupport_fastrtps_c.h
[292.364s] -- Up-to-date: /home/rhobtor/PHD/ARGOJ8_IA/ARGOSJ8_IA_/install/ublox_msgs/include/ublox_msgs/ublox_msgs/msg/detail/cfg_inf__rosidl_typesupport_fastrtps_c.h
[292.364s] -- Up-to-date: /home/rhobtor/PHD/ARGOJ8_IA/ARGOSJ8_IA_/install/ublox_msgs/include/ublox_msgs/ublox_msgs/msg/detail/nav_svinfo__rosidl_typesupport_fastrtps_c.h
[292.364s] -- Up-to-date: /home/rhobtor/PHD/ARGOJ8_IA/ARGOSJ8_IA_/install/ublox_msgs/include/ublox_msgs/ublox_msgs/msg/detail/nav_sol__rosidl_typesupport_fastrtps_c.h
[292.364s] -- Up-to-date: /home/rhobtor/PHD/ARGOJ8_IA/ARGOSJ8_IA_/install/ublox_msgs/include/ublox_msgs/ublox_msgs/msg/detail/rxm_eph__rosidl_typesupport_fastrtps_c.h
[292.364s] -- Up-to-date: /home/rhobtor/PHD/ARGOJ8_IA/ARGOSJ8_IA_/install/ublox_msgs/include/ublox_msgs/ublox_msgs/msg/detail/esf_status_sens__rosidl_typesupport_fastrtps_c.h
[292.364s] -- Up-to-date: /home/rhobtor/PHD/ARGOJ8_IA/ARGOSJ8_IA_/install/ublox_msgs/include/ublox_msgs/ublox_msgs/msg/detail/nav_cov__rosidl_typesupport_fastrtps_c.h
[292.364s] -- Up-to-date: /home/rhobtor/PHD/ARGOJ8_IA/ARGOSJ8_IA_/install/ublox_msgs/include/ublox_msgs/ublox_msgs/msg/detail/rxm_sfrb__rosidl_typesupport_fastrtps_c.h
[292.364s] -- Up-to-date: /home/rhobtor/PHD/ARGOJ8_IA/ARGOSJ8_IA_/install/ublox_msgs/include/ublox_msgs/ublox_msgs/msg/detail/nav_timeutc__rosidl_typesupport_fastrtps_c.h
[292.364s] -- Up-to-date: /home/rhobtor/PHD/ARGOJ8_IA/ARGOSJ8_IA_/install/ublox_msgs/include/ublox_msgs/ublox_msgs/msg/detail/cfg_dgnss__rosidl_typesupport_fastrtps_c.h
[292.364s] -- Up-to-date: /home/rhobtor/PHD/ARGOJ8_IA/ARGOSJ8_IA_/install/ublox_msgs/include/ublox_msgs/ublox_msgs/msg/detail/nav_dgps__rosidl_typesupport_fastrtps_c.h
[292.365s] -- Up-to-date: /home/rhobtor/PHD/ARGOJ8_IA/ARGOSJ8_IA_/install/ublox_msgs/include/ublox_msgs/ublox_msgs/msg/detail/rxm_rawsv__rosidl_typesupport_fastrtps_c.h
[292.365s] -- Up-to-date: /home/rhobtor/PHD/ARGOJ8_IA/ARGOSJ8_IA_/install/ublox_msgs/include/ublox_msgs/ublox_msgs/msg/detail/nav_svinfosv__rosidl_typesupport_fastrtps_c.h
[292.365s] -- Up-to-date: /home/rhobtor/PHD/ARGOJ8_IA/ARGOSJ8_IA_/install/ublox_msgs/include/ublox_msgs/ublox_msgs/msg/detail/rxm_sfrbx__rosidl_typesupport_fastrtps_c.h
[292.365s] -- Up-to-date: /home/rhobtor/PHD/ARGOJ8_IA/ARGOSJ8_IA_/install/ublox_msgs/include/ublox_msgs/ublox_msgs/msg/detail/hnr_pvt__rosidl_typesupport_fastrtps_c.h
[292.365s] -- Up-to-date: /home/rhobtor/PHD/ARGOJ8_IA/ARGOSJ8_IA_/install/ublox_msgs/include/ublox_msgs/ublox_msgs/msg/detail/aid_alm__rosidl_typesupport_fastrtps_c.h
[292.365s] -- Up-to-date: /home/rhobtor/PHD/ARGOJ8_IA/ARGOSJ8_IA_/install/ublox_msgs/include/ublox_msgs/ublox_msgs/msg/detail/upd_sos_ack__rosidl_typesupport_fastrtps_c.h
[292.365s] -- Up-to-date: /home/rhobtor/PHD/ARGOJ8_IA/ARGOSJ8_IA_/install/ublox_msgs/include/ublox_msgs/ublox_msgs/msg/detail/cfg_msg__rosidl_typesupport_fastrtps_c.h
[292.365s] -- Up-to-date: /home/rhobtor/PHD/ARGOJ8_IA/ARGOSJ8_IA_/install/ublox_msgs/include/ublox_msgs/ublox_msgs/msg/detail/nav_pvt__rosidl_typesupport_fastrtps_c.h
[292.365s] -- Up-to-date: /home/rhobtor/PHD/ARGOJ8_IA/ARGOSJ8_IA_/install/ublox_msgs/include/ublox_msgs/ublox_msgs/msg/detail/cfg_inf_block__rosidl_typesupport_fastrtps_c.h
[292.365s] -- Up-to-date: /home/rhobtor/PHD/ARGOJ8_IA/ARGOSJ8_IA_/install/ublox_msgs/include/ublox_msgs/ublox_msgs/msg/detail/esf_raw__rosidl_typesupport_fastrtps_c.h
[292.365s] -- Up-to-date: /home/rhobtor/PHD/ARGOJ8_IA/ARGOSJ8_IA_/install/ublox_msgs/include/ublox_msgs/ublox_msgs/msg/detail/aid_eph__rosidl_typesupport_fastrtps_c.h
[292.365s] -- Up-to-date: /home/rhobtor/PHD/ARGOJ8_IA/ARGOSJ8_IA_/install/ublox_msgs/include/ublox_msgs/ublox_msgs/msg/detail/rxm_svsisv__rosidl_typesupport_fastrtps_c.h
[292.365s] -- Up-to-date: /home/rhobtor/PHD/ARGOJ8_IA/ARGOSJ8_IA_/install/ublox_msgs/include/ublox_msgs/ublox_msgs/msg/detail/mon_hw6__rosidl_typesupport_fastrtps_c.h
[292.365s] -- Up-to-date: /home/rhobtor/PHD/ARGOJ8_IA/ARGOSJ8_IA_/install/ublox_msgs/include/ublox_msgs/ublox_msgs/msg/detail/tim_tm2__rosidl_typesupport_fastrtps_c.h
[292.366s] -- Up-to-date: /home/rhobtor/PHD/ARGOJ8_IA/ARGOSJ8_IA_/install/ublox_msgs/include/ublox_msgs/ublox_msgs/msg/detail/nav_relposned9__rosidl_typesupport_fastrtps_c.h
[292.367s] -- Up-to-date: /home/rhobtor/PHD/ARGOJ8_IA/ARGOSJ8_IA_/install/ublox_msgs/include/ublox_msgs/ublox_msgs/msg/detail/esf_meas__rosidl_typesupport_fastrtps_c.h
[292.367s] -- Up-to-date: /home/rhobtor/PHD/ARGOJ8_IA/ARGOSJ8_IA_/install/ublox_msgs/include/ublox_msgs/ublox_msgs/msg/detail/cfg_ant__rosidl_typesupport_fastrtps_c.h
[292.367s] -- Up-to-date: /home/rhobtor/PHD/ARGOJ8_IA/ARGOSJ8_IA_/install/ublox_msgs/include/ublox_msgs/ublox_msgs/msg/detail/rxm_rawx__rosidl_typesupport_fastrtps_c.h
[292.367s] -- Up-to-date: /home/rhobtor/PHD/ARGOJ8_IA/ARGOSJ8_IA_/install/ublox_msgs/include/ublox_msgs/ublox_msgs/msg/detail/cfg_navx5__rosidl_typesupport_fastrtps_c.h
[292.367s] -- Up-to-date: /home/rhobtor/PHD/ARGOJ8_IA/ARGOSJ8_IA_/install/ublox_msgs/include/ublox_msgs/ublox_msgs/msg/detail/nav_dgpssv__rosidl_typesupport_fastrtps_c.h
[292.368s] -- Up-to-date: /home/rhobtor/PHD/ARGOJ8_IA/ARGOSJ8_IA_/install/ublox_msgs/include/ublox_msgs/ublox_msgs/msg/detail/cfg_prt__rosidl_typesupport_fastrtps_c.h
[292.368s] -- Up-to-date: /home/rhobtor/PHD/ARGOJ8_IA/ARGOSJ8_IA_/install/ublox_msgs/include/ublox_msgs/ublox_msgs/msg/detail/nav_posllh__rosidl_typesupport_fastrtps_c.h
[292.368s] -- Up-to-date: /home/rhobtor/PHD/ARGOJ8_IA/ARGOSJ8_IA_/install/ublox_msgs/include/ublox_msgs/ublox_msgs/msg/detail/nav_dop__rosidl_typesupport_fastrtps_c.h
[292.368s] -- Up-to-date: /home/rhobtor/PHD/ARGOJ8_IA/ARGOSJ8_IA_/install/ublox_msgs/include/ublox_msgs/ublox_msgs/msg/detail/cfg_tmode3__rosidl_typesupport_fastrtps_c.h
[292.368s] -- Up-to-date: /home/rhobtor/PHD/ARGOJ8_IA/ARGOSJ8_IA_/install/ublox_msgs/include/ublox_msgs/ublox_msgs/msg/detail/upd_sos__rosidl_typesupport_fastrtps_c.h
[292.368s] -- Up-to-date: /home/rhobtor/PHD/ARGOJ8_IA/ARGOSJ8_IA_/install/ublox_msgs/include/ublox_msgs/ublox_msgs/msg/detail/cfg_cfg__rosidl_typesupport_fastrtps_c.h
[292.368s] -- Up-to-date: /home/rhobtor/PHD/ARGOJ8_IA/ARGOSJ8_IA_/install/ublox_msgs/include/ublox_msgs/ublox_msgs/msg/detail/cfg_rst__rosidl_typesupport_fastrtps_c.h
[292.368s] -- Up-to-date: /home/rhobtor/PHD/ARGOJ8_IA/ARGOSJ8_IA_/install/ublox_msgs/include/ublox_msgs/ublox_msgs/msg/detail/rxm_rtcm__rosidl_typesupport_fastrtps_c.h
[292.368s] -- Up-to-date: /home/rhobtor/PHD/ARGOJ8_IA/ARGOSJ8_IA_/install/ublox_msgs/include/ublox_msgs/ublox_msgs/msg/detail/nav_satsv__rosidl_typesupport_fastrtps_c.h
[292.368s] -- Up-to-date: /home/rhobtor/PHD/ARGOJ8_IA/ARGOSJ8_IA_/install/ublox_msgs/include/ublox_msgs/ublox_msgs/msg/detail/nav_pvt7__rosidl_typesupport_fastrtps_c.h
[292.368s] -- Up-to-date: /home/rhobtor/PHD/ARGOJ8_IA/ARGOSJ8_IA_/install/ublox_msgs/include/ublox_msgs/ublox_msgs/msg/detail/mon_hw__rosidl_typesupport_fastrtps_c.h
[292.368s] -- Up-to-date: /home/rhobtor/PHD/ARGOJ8_IA/ARGOSJ8_IA_/install/ublox_msgs/include/ublox_msgs/ublox_msgs/msg/detail/nav_sbassv__rosidl_typesupport_fastrtps_c.h
[292.368s] -- Up-to-date: /home/rhobtor/PHD/ARGOJ8_IA/ARGOSJ8_IA_/install/ublox_msgs/include/ublox_msgs/ublox_msgs/msg/detail/cfg_nmea6__rosidl_typesupport_fastrtps_c.h
[292.368s] -- Up-to-date: /home/rhobtor/PHD/ARGOJ8_IA/ARGOSJ8_IA_/install/ublox_msgs/include/ublox_msgs/ublox_msgs/msg/detail/nav_timegps__rosidl_typesupport_fastrtps_c.h
[292.369s] -- Up-to-date: /home/rhobtor/PHD/ARGOJ8_IA/ARGOSJ8_IA_/install/ublox_msgs/include/ublox_msgs/ublox_msgs/msg/detail/rxm_alm__rosidl_typesupport_fastrtps_c.h
[292.369s] -- Up-to-date: /home/rhobtor/PHD/ARGOJ8_IA/ARGOSJ8_IA_/install/ublox_msgs/include/ublox_msgs/ublox_msgs/msg/detail/nav_att__rosidl_typesupport_fastrtps_c.h
[292.369s] -- Up-to-date: /home/rhobtor/PHD/ARGOJ8_IA/ARGOSJ8_IA_/install/ublox_msgs/include/ublox_msgs/ublox_msgs/msg/detail/cfg_dat__rosidl_typesupport_fastrtps_c.h
[292.369s] -- Up-to-date: /home/rhobtor/PHD/ARGOJ8_IA/ARGOSJ8_IA_/install/ublox_msgs/include/ublox_msgs/ublox_msgs/msg/detail/nav_sat__rosidl_typesupport_fastrtps_c.h
[292.369s] -- Up-to-date: /home/rhobtor/PHD/ARGOJ8_IA/ARGOSJ8_IA_/install/ublox_msgs/include/ublox_msgs/ublox_msgs/msg/detail/cfg_sbas__rosidl_typesupport_fastrtps_c.h
[292.369s] -- Up-to-date: /home/rhobtor/PHD/ARGOJ8_IA/ARGOSJ8_IA_/install/ublox_msgs/include/ublox_msgs/ublox_msgs/msg/detail/aid_hui__rosidl_typesupport_fastrtps_c.h
[292.369s] -- Up-to-date: /home/rhobtor/PHD/ARGOJ8_IA/ARGOSJ8_IA_/install/ublox_msgs/include/ublox_msgs/ublox_msgs/msg/rosidl_typesupport_fastrtps_c__visibility_control.h
[292.369s] -- Installing: /home/rhobtor/PHD/ARGOJ8_IA/ARGOSJ8_IA_/install/ublox_msgs/lib/libublox_msgs__rosidl_typesupport_fastrtps_c.so
[292.369s] -- Set non-toolchain portion of runtime path of "/home/rhobtor/PHD/ARGOJ8_IA/ARGOSJ8_IA_/install/ublox_msgs/lib/libublox_msgs__rosidl_typesupport_fastrtps_c.so" to ""
[292.369s] -- Up-to-date: /home/rhobtor/PHD/ARGOJ8_IA/ARGOSJ8_IA_/install/ublox_msgs/include/ublox_msgs/ublox_msgs
[292.369s] -- Up-to-date: /home/rhobtor/PHD/ARGOJ8_IA/ARGOSJ8_IA_/install/ublox_msgs/include/ublox_msgs/ublox_msgs/msg
[292.370s] -- Up-to-date: /home/rhobtor/PHD/ARGOJ8_IA/ARGOSJ8_IA_/install/ublox_msgs/include/ublox_msgs/ublox_msgs/msg/rosidl_typesupport_introspection_c__visibility_control.h
[292.370s] -- Up-to-date: /home/rhobtor/PHD/ARGOJ8_IA/ARGOSJ8_IA_/install/ublox_msgs/include/ublox_msgs/ublox_msgs/msg/detail
[292.370s] -- Up-to-date: /home/rhobtor/PHD/ARGOJ8_IA/ARGOSJ8_IA_/install/ublox_msgs/include/ublox_msgs/ublox_msgs/msg/detail/cfg_rate__rosidl_typesupport_introspection_c.h
[292.370s] -- Up-to-date: /home/rhobtor/PHD/ARGOJ8_IA/ARGOSJ8_IA_/install/ublox_msgs/include/ublox_msgs/ublox_msgs/msg/detail/aid_hui__type_support.c
[292.370s] -- Up-to-date: /home/rhobtor/PHD/ARGOJ8_IA/ARGOSJ8_IA_/install/ublox_msgs/include/ublox_msgs/ublox_msgs/msg/detail/hnr_pvt__type_support.c
[292.370s] -- Up-to-date: /home/rhobtor/PHD/ARGOJ8_IA/ARGOSJ8_IA_/install/ublox_msgs/include/ublox_msgs/ublox_msgs/msg/detail/esf_raw_block__rosidl_typesupport_introspection_c.h
[292.370s] -- Up-to-date: /home/rhobtor/PHD/ARGOJ8_IA/ARGOSJ8_IA_/install/ublox_msgs/include/ublox_msgs/ublox_msgs/msg/detail/cfg_gnss_block__type_support.c
[292.370s] -- Up-to-date: /home/rhobtor/PHD/ARGOJ8_IA/ARGOSJ8_IA_/install/ublox_msgs/include/ublox_msgs/ublox_msgs/msg/detail/rxm_svsisv__rosidl_typesupport_introspection_c.h
[292.370s] -- Up-to-date: /home/rhobtor/PHD/ARGOJ8_IA/ARGOSJ8_IA_/install/ublox_msgs/include/ublox_msgs/ublox_msgs/msg/detail/cfg_nmea__rosidl_typesupport_introspection_c.h
[292.370s] -- Up-to-date: /home/rhobtor/PHD/ARGOJ8_IA/ARGOSJ8_IA_/install/ublox_msgs/include/ublox_msgs/ublox_msgs/msg/detail/rxm_rawx_meas__type_support.c
[292.370s] -- Up-to-date: /home/rhobtor/PHD/ARGOJ8_IA/ARGOSJ8_IA_/install/ublox_msgs/include/ublox_msgs/ublox_msgs/msg/detail/nav_sat__type_support.c
[292.370s] -- Up-to-date: /home/rhobtor/PHD/ARGOJ8_IA/ARGOSJ8_IA_/install/ublox_msgs/include/ublox_msgs/ublox_msgs/msg/detail/nav_svinfo__rosidl_typesupport_introspection_c.h
[292.371s] -- Up-to-date: /home/rhobtor/PHD/ARGOJ8_IA/ARGOSJ8_IA_/install/ublox_msgs/include/ublox_msgs/ublox_msgs/msg/detail/cfg_rst__type_support.c
[292.371s] -- Up-to-date: /home/rhobtor/PHD/ARGOJ8_IA/ARGOSJ8_IA_/install/ublox_msgs/include/ublox_msgs/ublox_msgs/msg/detail/ack__type_support.c
[292.371s] -- Up-to-date: /home/rhobtor/PHD/ARGOJ8_IA/ARGOSJ8_IA_/install/ublox_msgs/include/ublox_msgs/ublox_msgs/msg/detail/nav_posecef__rosidl_typesupport_introspection_c.h
[292.371s] -- Up-to-date: /home/rhobtor/PHD/ARGOJ8_IA/ARGOSJ8_IA_/install/ublox_msgs/include/ublox_msgs/ublox_msgs/msg/detail/cfg_nav5__type_support.c
[292.371s] -- Up-to-date: /home/rhobtor/PHD/ARGOJ8_IA/ARGOSJ8_IA_/install/ublox_msgs/include/ublox_msgs/ublox_msgs/msg/detail/cfg_nmea7__type_support.c
[292.371s] -- Up-to-date: /home/rhobtor/PHD/ARGOJ8_IA/ARGOSJ8_IA_/install/ublox_msgs/include/ublox_msgs/ublox_msgs/msg/detail/nav_posllh__type_support.c
[292.371s] -- Up-to-date: /home/rhobtor/PHD/ARGOJ8_IA/ARGOSJ8_IA_/install/ublox_msgs/include/ublox_msgs/ublox_msgs/msg/detail/mon_ver__type_support.c
[292.371s] -- Up-to-date: /home/rhobtor/PHD/ARGOJ8_IA/ARGOSJ8_IA_/install/ublox_msgs/include/ublox_msgs/ublox_msgs/msg/detail/cfg_inf__rosidl_typesupport_introspection_c.h
[292.371s] -- Up-to-date: /home/rhobtor/PHD/ARGOJ8_IA/ARGOSJ8_IA_/install/ublox_msgs/include/ublox_msgs/ublox_msgs/msg/detail/esf_ins__type_support.c
[292.371s] -- Up-to-date: /home/rhobtor/PHD/ARGOJ8_IA/ARGOSJ8_IA_/install/ublox_msgs/include/ublox_msgs/ublox_msgs/msg/detail/rxm_sfrbx__type_support.c
[292.371s] -- Up-to-date: /home/rhobtor/PHD/ARGOJ8_IA/ARGOSJ8_IA_/install/ublox_msgs/include/ublox_msgs/ublox_msgs/msg/detail/nav_att__rosidl_typesupport_introspection_c.h
[292.371s] -- Up-to-date: /home/rhobtor/PHD/ARGOJ8_IA/ARGOSJ8_IA_/install/ublox_msgs/include/ublox_msgs/ublox_msgs/msg/detail/nav_timeutc__type_support.c
[292.371s] -- Up-to-date: /home/rhobtor/PHD/ARGOJ8_IA/ARGOSJ8_IA_/install/ublox_msgs/include/ublox_msgs/ublox_msgs/msg/detail/cfg_usb__type_support.c
[292.371s] -- Up-to-date: /home/rhobtor/PHD/ARGOJ8_IA/ARGOSJ8_IA_/install/ublox_msgs/include/ublox_msgs/ublox_msgs/msg/detail/nav_timegps__type_support.c
[292.372s] -- Up-to-date: /home/rhobtor/PHD/ARGOJ8_IA/ARGOSJ8_IA_/install/ublox_msgs/include/ublox_msgs/ublox_msgs/msg/detail/esf_status_sens__rosidl_typesupport_introspection_c.h
[292.372s] -- Up-to-date: /home/rhobtor/PHD/ARGOJ8_IA/ARGOSJ8_IA_/install/ublox_msgs/include/ublox_msgs/ublox_msgs/msg/detail/nav_svinfosv__rosidl_typesupport_introspection_c.h
[292.372s] -- Up-to-date: /home/rhobtor/PHD/ARGOJ8_IA/ARGOSJ8_IA_/install/ublox_msgs/include/ublox_msgs/ublox_msgs/msg/detail/rxm_eph__type_support.c
[292.372s] -- Up-to-date: /home/rhobtor/PHD/ARGOJ8_IA/ARGOSJ8_IA_/install/ublox_msgs/include/ublox_msgs/ublox_msgs/msg/detail/cfg_dat__rosidl_typesupport_introspection_c.h
[292.372s] -- Up-to-date: /home/rhobtor/PHD/ARGOJ8_IA/ARGOSJ8_IA_/install/ublox_msgs/include/ublox_msgs/ublox_msgs/msg/detail/nav_svinfosv__type_support.c
[292.372s] -- Up-to-date: /home/rhobtor/PHD/ARGOJ8_IA/ARGOSJ8_IA_/install/ublox_msgs/include/ublox_msgs/ublox_msgs/msg/detail/cfg_sbas__type_support.c
[292.372s] -- Up-to-date: /home/rhobtor/PHD/ARGOJ8_IA/ARGOSJ8_IA_/install/ublox_msgs/include/ublox_msgs/ublox_msgs/msg/detail/aid_hui__rosidl_typesupport_introspection_c.h
[292.372s] -- Up-to-date: /home/rhobtor/PHD/ARGOJ8_IA/ARGOSJ8_IA_/install/ublox_msgs/include/ublox_msgs/ublox_msgs/msg/detail/nav_status__type_support.c
[292.372s] -- Up-to-date: /home/rhobtor/PHD/ARGOJ8_IA/ARGOSJ8_IA_/install/ublox_msgs/include/ublox_msgs/ublox_msgs/msg/detail/esf_meas__rosidl_typesupport_introspection_c.h
[292.372s] -- Up-to-date: /home/rhobtor/PHD/ARGOJ8_IA/ARGOSJ8_IA_/install/ublox_msgs/include/ublox_msgs/ublox_msgs/msg/detail/tim_tm2__type_support.c
[292.372s] -- Up-to-date: /home/rhobtor/PHD/ARGOJ8_IA/ARGOSJ8_IA_/install/ublox_msgs/include/ublox_msgs/ublox_msgs/msg/detail/nav_clock__rosidl_typesupport_introspection_c.h
[292.372s] -- Up-to-date: /home/rhobtor/PHD/ARGOJ8_IA/ARGOSJ8_IA_/install/ublox_msgs/include/ublox_msgs/ublox_msgs/msg/detail/rxm_rawsv__rosidl_typesupport_introspection_c.h
[292.372s] -- Up-to-date: /home/rhobtor/PHD/ARGOJ8_IA/ARGOSJ8_IA_/install/ublox_msgs/include/ublox_msgs/ublox_msgs/msg/detail/rxm_raw__rosidl_typesupport_introspection_c.h
[292.372s] -- Up-to-date: /home/rhobtor/PHD/ARGOJ8_IA/ARGOSJ8_IA_/install/ublox_msgs/include/ublox_msgs/ublox_msgs/msg/detail/cfg_rst__rosidl_typesupport_introspection_c.h
[292.372s] -- Up-to-date: /home/rhobtor/PHD/ARGOJ8_IA/ARGOSJ8_IA_/install/ublox_msgs/include/ublox_msgs/ublox_msgs/msg/detail/nav_sbassv__type_support.c
[292.372s] -- Up-to-date: /home/rhobtor/PHD/ARGOJ8_IA/ARGOSJ8_IA_/install/ublox_msgs/include/ublox_msgs/ublox_msgs/msg/detail/mon_ver_extension__rosidl_typesupport_introspection_c.h
[292.372s] -- Up-to-date: /home/rhobtor/PHD/ARGOJ8_IA/ARGOSJ8_IA_/install/ublox_msgs/include/ublox_msgs/ublox_msgs/msg/detail/upd_sos_ack__rosidl_typesupport_introspection_c.h
[292.373s] -- Up-to-date: /home/rhobtor/PHD/ARGOJ8_IA/ARGOSJ8_IA_/install/ublox_msgs/include/ublox_msgs/ublox_msgs/msg/detail/cfg_navx5__type_support.c
[292.373s] -- Up-to-date: /home/rhobtor/PHD/ARGOJ8_IA/ARGOSJ8_IA_/install/ublox_msgs/include/ublox_msgs/ublox_msgs/msg/detail/esf_raw_block__type_support.c
[292.373s] -- Up-to-date: /home/rhobtor/PHD/ARGOJ8_IA/ARGOSJ8_IA_/install/ublox_msgs/include/ublox_msgs/ublox_msgs/msg/detail/nav_dop__type_support.c
[292.373s] -- Up-to-date: /home/rhobtor/PHD/ARGOJ8_IA/ARGOSJ8_IA_/install/ublox_msgs/include/ublox_msgs/ublox_msgs/msg/detail/cfg_ant__rosidl_typesupport_introspection_c.h
[292.373s] -- Up-to-date: /home/rhobtor/PHD/ARGOJ8_IA/ARGOSJ8_IA_/install/ublox_msgs/include/ublox_msgs/ublox_msgs/msg/detail/cfg_rate__type_support.c
[292.373s] -- Up-to-date: /home/rhobtor/PHD/ARGOJ8_IA/ARGOSJ8_IA_/install/ublox_msgs/include/ublox_msgs/ublox_msgs/msg/detail/nav_relposned__rosidl_typesupport_introspection_c.h
[292.373s] -- Up-to-date: /home/rhobtor/PHD/ARGOJ8_IA/ARGOSJ8_IA_/install/ublox_msgs/include/ublox_msgs/ublox_msgs/msg/detail/rxm_sfrb__type_support.c
[292.373s] -- Up-to-date: /home/rhobtor/PHD/ARGOJ8_IA/ARGOSJ8_IA_/install/ublox_msgs/include/ublox_msgs/ublox_msgs/msg/detail/cfg_msg__rosidl_typesupport_introspection_c.h
[292.373s] -- Up-to-date: /home/rhobtor/PHD/ARGOJ8_IA/ARGOSJ8_IA_/install/ublox_msgs/include/ublox_msgs/ublox_msgs/msg/detail/nav_sbas__rosidl_typesupport_introspection_c.h
[292.373s] -- Up-to-date: /home/rhobtor/PHD/ARGOJ8_IA/ARGOSJ8_IA_/install/ublox_msgs/include/ublox_msgs/ublox_msgs/msg/detail/nav_relposned9__rosidl_typesupport_introspection_c.h
[292.373s] -- Up-to-date: /home/rhobtor/PHD/ARGOJ8_IA/ARGOSJ8_IA_/install/ublox_msgs/include/ublox_msgs/ublox_msgs/msg/detail/mga_gal__rosidl_typesupport_introspection_c.h
[292.373s] -- Up-to-date: /home/rhobtor/PHD/ARGOJ8_IA/ARGOSJ8_IA_/install/ublox_msgs/include/ublox_msgs/ublox_msgs/msg/detail/cfg_inf__type_support.c
[292.373s] -- Up-to-date: /home/rhobtor/PHD/ARGOJ8_IA/ARGOSJ8_IA_/install/ublox_msgs/include/ublox_msgs/ublox_msgs/msg/detail/nav_pvt7__type_support.c
[292.373s] -- Up-to-date: /home/rhobtor/PHD/ARGOJ8_IA/ARGOSJ8_IA_/install/ublox_msgs/include/ublox_msgs/ublox_msgs/msg/detail/nav_satsv__rosidl_typesupport_introspection_c.h
[292.373s] -- Up-to-date: /home/rhobtor/PHD/ARGOJ8_IA/ARGOSJ8_IA_/install/ublox_msgs/include/ublox_msgs/ublox_msgs/msg/detail/esf_ins__rosidl_typesupport_introspection_c.h
[292.374s] -- Up-to-date: /home/rhobtor/PHD/ARGOJ8_IA/ARGOSJ8_IA_/install/ublox_msgs/include/ublox_msgs/ublox_msgs/msg/detail/cfg_prt__type_support.c
[292.374s] -- Up-to-date: /home/rhobtor/PHD/ARGOJ8_IA/ARGOSJ8_IA_/install/ublox_msgs/include/ublox_msgs/ublox_msgs/msg/detail/rxm_svsisv__type_support.c
[292.374s] -- Up-to-date: /home/rhobtor/PHD/ARGOJ8_IA/ARGOSJ8_IA_/install/ublox_msgs/include/ublox_msgs/ublox_msgs/msg/detail/nav_satsv__type_support.c
[292.374s] -- Up-to-date: /home/rhobtor/PHD/ARGOJ8_IA/ARGOSJ8_IA_/install/ublox_msgs/include/ublox_msgs/ublox_msgs/msg/detail/esf_status__type_support.c
[292.374s] -- Up-to-date: /home/rhobtor/PHD/ARGOJ8_IA/ARGOSJ8_IA_/install/ublox_msgs/include/ublox_msgs/ublox_msgs/msg/detail/nav_velned__rosidl_typesupport_introspection_c.h
[292.374s] -- Up-to-date: /home/rhobtor/PHD/ARGOJ8_IA/ARGOSJ8_IA_/install/ublox_msgs/include/ublox_msgs/ublox_msgs/msg/detail/cfg_usb__rosidl_typesupport_introspection_c.h
[292.374s] -- Up-to-date: /home/rhobtor/PHD/ARGOJ8_IA/ARGOSJ8_IA_/install/ublox_msgs/include/ublox_msgs/ublox_msgs/msg/detail/nav_velecef__rosidl_typesupport_introspection_c.h
[292.374s] -- Up-to-date: /home/rhobtor/PHD/ARGOJ8_IA/ARGOSJ8_IA_/install/ublox_msgs/include/ublox_msgs/ublox_msgs/msg/detail/rxm_eph__rosidl_typesupport_introspection_c.h
[292.374s] -- Up-to-date: /home/rhobtor/PHD/ARGOJ8_IA/ARGOSJ8_IA_/install/ublox_msgs/include/ublox_msgs/ublox_msgs/msg/detail/upd_sos__rosidl_typesupport_introspection_c.h
[292.374s] -- Up-to-date: /home/rhobtor/PHD/ARGOJ8_IA/ARGOSJ8_IA_/install/ublox_msgs/include/ublox_msgs/ublox_msgs/msg/detail/rxm_rtcm__rosidl_typesupport_introspection_c.h
[292.374s] -- Up-to-date: /home/rhobtor/PHD/ARGOJ8_IA/ARGOSJ8_IA_/install/ublox_msgs/include/ublox_msgs/ublox_msgs/msg/detail/mon_gnss__type_support.c
[292.374s] -- Up-to-date: /home/rhobtor/PHD/ARGOJ8_IA/ARGOSJ8_IA_/install/ublox_msgs/include/ublox_msgs/ublox_msgs/msg/detail/mon_ver__rosidl_typesupport_introspection_c.h
[292.374s] -- Up-to-date: /home/rhobtor/PHD/ARGOJ8_IA/ARGOSJ8_IA_/install/ublox_msgs/include/ublox_msgs/ublox_msgs/msg/detail/nav_sbassv__rosidl_typesupport_introspection_c.h
[292.374s] -- Up-to-date: /home/rhobtor/PHD/ARGOJ8_IA/ARGOSJ8_IA_/install/ublox_msgs/include/ublox_msgs/ublox_msgs/msg/detail/nav_velecef__type_support.c
[292.374s] -- Up-to-date: /home/rhobtor/PHD/ARGOJ8_IA/ARGOSJ8_IA_/install/ublox_msgs/include/ublox_msgs/ublox_msgs/msg/detail/cfg_dgnss__type_support.c
[292.374s] -- Up-to-date: /home/rhobtor/PHD/ARGOJ8_IA/ARGOSJ8_IA_/install/ublox_msgs/include/ublox_msgs/ublox_msgs/msg/detail/tim_tm2__rosidl_typesupport_introspection_c.h
[292.374s] -- Up-to-date: /home/rhobtor/PHD/ARGOJ8_IA/ARGOSJ8_IA_/install/ublox_msgs/include/ublox_msgs/ublox_msgs/msg/detail/nav_relposned9__type_support.c
[292.374s] -- Up-to-date: /home/rhobtor/PHD/ARGOJ8_IA/ARGOSJ8_IA_/install/ublox_msgs/include/ublox_msgs/ublox_msgs/msg/detail/upd_sos__type_support.c
[292.375s] -- Up-to-date: /home/rhobtor/PHD/ARGOJ8_IA/ARGOSJ8_IA_/install/ublox_msgs/include/ublox_msgs/ublox_msgs/msg/detail/nav_dgpssv__rosidl_typesupport_introspection_c.h
[292.375s] -- Up-to-date: /home/rhobtor/PHD/ARGOJ8_IA/ARGOSJ8_IA_/install/ublox_msgs/include/ublox_msgs/ublox_msgs/msg/detail/cfg_nav5__rosidl_typesupport_introspection_c.h
[292.375s] -- Up-to-date: /home/rhobtor/PHD/ARGOJ8_IA/ARGOSJ8_IA_/install/ublox_msgs/include/ublox_msgs/ublox_msgs/msg/detail/mon_ver_extension__type_support.c
[292.375s] -- Up-to-date: /home/rhobtor/PHD/ARGOJ8_IA/ARGOSJ8_IA_/install/ublox_msgs/include/ublox_msgs/ublox_msgs/msg/detail/nav_timeutc__rosidl_typesupport_introspection_c.h
[292.375s] -- Up-to-date: /home/rhobtor/PHD/ARGOJ8_IA/ARGOSJ8_IA_/install/ublox_msgs/include/ublox_msgs/ublox_msgs/msg/detail/esf_raw__type_support.c
[292.375s] -- Up-to-date: /home/rhobtor/PHD/ARGOJ8_IA/ARGOSJ8_IA_/install/ublox_msgs/include/ublox_msgs/ublox_msgs/msg/detail/cfg_dat__type_support.c
[292.375s] -- Up-to-date: /home/rhobtor/PHD/ARGOJ8_IA/ARGOSJ8_IA_/install/ublox_msgs/include/ublox_msgs/ublox_msgs/msg/detail/hnr_pvt__rosidl_typesupport_introspection_c.h
[292.375s] -- Up-to-date: /home/rhobtor/PHD/ARGOJ8_IA/ARGOSJ8_IA_/install/ublox_msgs/include/ublox_msgs/ublox_msgs/msg/detail/cfg_prt__rosidl_typesupport_introspection_c.h
[292.375s] -- Up-to-date: /home/rhobtor/PHD/ARGOJ8_IA/ARGOSJ8_IA_/install/ublox_msgs/include/ublox_msgs/ublox_msgs/msg/detail/rxm_alm__type_support.c
[292.375s] -- Up-to-date: /home/rhobtor/PHD/ARGOJ8_IA/ARGOSJ8_IA_/install/ublox_msgs/include/ublox_msgs/ublox_msgs/msg/detail/cfg_inf_block__type_support.c
[292.375s] -- Up-to-date: /home/rhobtor/PHD/ARGOJ8_IA/ARGOSJ8_IA_/install/ublox_msgs/include/ublox_msgs/ublox_msgs/msg/detail/upd_sos_ack__type_support.c
[292.375s] -- Up-to-date: /home/rhobtor/PHD/ARGOJ8_IA/ARGOSJ8_IA_/install/ublox_msgs/include/ublox_msgs/ublox_msgs/msg/detail/nav_dgps__rosidl_typesupport_introspection_c.h
[292.375s] -- Up-to-date: /home/rhobtor/PHD/ARGOJ8_IA/ARGOSJ8_IA_/install/ublox_msgs/include/ublox_msgs/ublox_msgs/msg/detail/cfg_hnr__type_support.c
[292.376s] -- Up-to-date: /home/rhobtor/PHD/ARGOJ8_IA/ARGOSJ8_IA_/install/ublox_msgs/include/ublox_msgs/ublox_msgs/msg/detail/cfg_nmea7__rosidl_typesupport_introspection_c.h
[292.376s] -- Up-to-date: /home/rhobtor/PHD/ARGOJ8_IA/ARGOSJ8_IA_/install/ublox_msgs/include/ublox_msgs/ublox_msgs/msg/detail/aid_eph__rosidl_typesupport_introspection_c.h
[292.376s] -- Up-to-date: /home/rhobtor/PHD/ARGOJ8_IA/ARGOSJ8_IA_/install/ublox_msgs/include/ublox_msgs/ublox_msgs/msg/detail/rxm_rtcm__type_support.c
[292.376s] -- Up-to-date: /home/rhobtor/PHD/ARGOJ8_IA/ARGOSJ8_IA_/install/ublox_msgs/include/ublox_msgs/ublox_msgs/msg/detail/aid_alm__type_support.c
[292.376s] -- Up-to-date: /home/rhobtor/PHD/ARGOJ8_IA/ARGOSJ8_IA_/install/ublox_msgs/include/ublox_msgs/ublox_msgs/msg/detail/nav_relposned__type_support.c
[292.376s] -- Up-to-date: /home/rhobtor/PHD/ARGOJ8_IA/ARGOSJ8_IA_/install/ublox_msgs/include/ublox_msgs/ublox_msgs/msg/detail/inf__type_support.c
[292.376s] -- Up-to-date: /home/rhobtor/PHD/ARGOJ8_IA/ARGOSJ8_IA_/install/ublox_msgs/include/ublox_msgs/ublox_msgs/msg/detail/cfg_hnr__rosidl_typesupport_introspection_c.h
[292.376s] -- Up-to-date: /home/rhobtor/PHD/ARGOJ8_IA/ARGOSJ8_IA_/install/ublox_msgs/include/ublox_msgs/ublox_msgs/msg/detail/ack__rosidl_typesupport_introspection_c.h
[292.376s] -- Up-to-date: /home/rhobtor/PHD/ARGOJ8_IA/ARGOSJ8_IA_/install/ublox_msgs/include/ublox_msgs/ublox_msgs/msg/detail/nav_dgpssv__type_support.c
[292.376s] -- Up-to-date: /home/rhobtor/PHD/ARGOJ8_IA/ARGOSJ8_IA_/install/ublox_msgs/include/ublox_msgs/ublox_msgs/msg/detail/rxm_rawx_meas__rosidl_typesupport_introspection_c.h
[292.376s] -- Up-to-date: /home/rhobtor/PHD/ARGOJ8_IA/ARGOSJ8_IA_/install/ublox_msgs/include/ublox_msgs/ublox_msgs/msg/detail/rxm_rawx__type_support.c
[292.376s] -- Up-to-date: /home/rhobtor/PHD/ARGOJ8_IA/ARGOSJ8_IA_/install/ublox_msgs/include/ublox_msgs/ublox_msgs/msg/detail/cfg_gnss__rosidl_typesupport_introspection_c.h
[292.376s] -- Up-to-date: /home/rhobtor/PHD/ARGOJ8_IA/ARGOSJ8_IA_/install/ublox_msgs/include/ublox_msgs/ublox_msgs/msg/detail/cfg_nmea6__rosidl_typesupport_introspection_c.h
[292.377s] -- Up-to-date: /home/rhobtor/PHD/ARGOJ8_IA/ARGOSJ8_IA_/install/ublox_msgs/include/ublox_msgs/ublox_msgs/msg/detail/nav_sat__rosidl_typesupport_introspection_c.h
[292.377s] -- Up-to-date: /home/rhobtor/PHD/ARGOJ8_IA/ARGOSJ8_IA_/install/ublox_msgs/include/ublox_msgs/ublox_msgs/msg/detail/nav_status__rosidl_typesupport_introspection_c.h
[292.377s] -- Up-to-date: /home/rhobtor/PHD/ARGOJ8_IA/ARGOSJ8_IA_/install/ublox_msgs/include/ublox_msgs/ublox_msgs/msg/detail/nav_sol__type_support.c
[292.377s] -- Up-to-date: /home/rhobtor/PHD/ARGOJ8_IA/ARGOSJ8_IA_/install/ublox_msgs/include/ublox_msgs/ublox_msgs/msg/detail/nav_svin__type_support.c
[292.377s] -- Up-to-date: /home/rhobtor/PHD/ARGOJ8_IA/ARGOSJ8_IA_/install/ublox_msgs/include/ublox_msgs/ublox_msgs/msg/detail/cfg_gnss_block__rosidl_typesupport_introspection_c.h
[292.377s] -- Up-to-date: /home/rhobtor/PHD/ARGOJ8_IA/ARGOSJ8_IA_/install/ublox_msgs/include/ublox_msgs/ublox_msgs/msg/detail/nav_velned__type_support.c
[292.377s] -- Up-to-date: /home/rhobtor/PHD/ARGOJ8_IA/ARGOSJ8_IA_/install/ublox_msgs/include/ublox_msgs/ublox_msgs/msg/detail/aid_eph__type_support.c
[292.377s] -- Up-to-date: /home/rhobtor/PHD/ARGOJ8_IA/ARGOSJ8_IA_/install/ublox_msgs/include/ublox_msgs/ublox_msgs/msg/detail/cfg_msg__type_support.c
[292.377s] -- Up-to-date: /home/rhobtor/PHD/ARGOJ8_IA/ARGOSJ8_IA_/install/ublox_msgs/include/ublox_msgs/ublox_msgs/msg/detail/nav_sbas__type_support.c
[292.377s] -- Up-to-date: /home/rhobtor/PHD/ARGOJ8_IA/ARGOSJ8_IA_/install/ublox_msgs/include/ublox_msgs/ublox_msgs/msg/detail/cfg_cfg__type_support.c
[292.377s] -- Up-to-date: /home/rhobtor/PHD/ARGOJ8_IA/ARGOSJ8_IA_/install/ublox_msgs/include/ublox_msgs/ublox_msgs/msg/detail/nav_svinfo__type_support.c
[292.377s] -- Up-to-date: /home/rhobtor/PHD/ARGOJ8_IA/ARGOSJ8_IA_/install/ublox_msgs/include/ublox_msgs/ublox_msgs/msg/detail/mon_hw6__type_support.c
[292.377s] -- Up-to-date: /home/rhobtor/PHD/ARGOJ8_IA/ARGOSJ8_IA_/install/ublox_msgs/include/ublox_msgs/ublox_msgs/msg/detail/nav_pvt__rosidl_typesupport_introspection_c.h
[292.377s] -- Up-to-date: /home/rhobtor/PHD/ARGOJ8_IA/ARGOSJ8_IA_/install/ublox_msgs/include/ublox_msgs/ublox_msgs/msg/detail/inf__rosidl_typesupport_introspection_c.h
[292.377s] -- Up-to-date: /home/rhobtor/PHD/ARGOJ8_IA/ARGOSJ8_IA_/install/ublox_msgs/include/ublox_msgs/ublox_msgs/msg/detail/cfg_gnss__type_support.c
[292.377s] -- Up-to-date: /home/rhobtor/PHD/ARGOJ8_IA/ARGOSJ8_IA_/install/ublox_msgs/include/ublox_msgs/ublox_msgs/msg/detail/cfg_cfg__rosidl_typesupport_introspection_c.h
[292.377s] -- Up-to-date: /home/rhobtor/PHD/ARGOJ8_IA/ARGOSJ8_IA_/install/ublox_msgs/include/ublox_msgs/ublox_msgs/msg/detail/nav_svin__rosidl_typesupport_introspection_c.h
[292.378s] -- Up-to-date: /home/rhobtor/PHD/ARGOJ8_IA/ARGOSJ8_IA_/install/ublox_msgs/include/ublox_msgs/ublox_msgs/msg/detail/nav_dop__rosidl_typesupport_introspection_c.h
[292.378s] -- Up-to-date: /home/rhobtor/PHD/ARGOJ8_IA/ARGOSJ8_IA_/install/ublox_msgs/include/ublox_msgs/ublox_msgs/msg/detail/nav_dgps__type_support.c
[292.378s] -- Up-to-date: /home/rhobtor/PHD/ARGOJ8_IA/ARGOSJ8_IA_/install/ublox_msgs/include/ublox_msgs/ublox_msgs/msg/detail/cfg_nmea__type_support.c
[292.378s] -- Up-to-date: /home/rhobtor/PHD/ARGOJ8_IA/ARGOSJ8_IA_/install/ublox_msgs/include/ublox_msgs/ublox_msgs/msg/detail/cfg_navx5__rosidl_typesupport_introspection_c.h
[292.378s] -- Up-to-date: /home/rhobtor/PHD/ARGOJ8_IA/ARGOSJ8_IA_/install/ublox_msgs/include/ublox_msgs/ublox_msgs/msg/detail/rxm_raw__type_support.c
[292.378s] -- Up-to-date: /home/rhobtor/PHD/ARGOJ8_IA/ARGOSJ8_IA_/install/ublox_msgs/include/ublox_msgs/ublox_msgs/msg/detail/cfg_dgnss__rosidl_typesupport_introspection_c.h
[292.378s] -- Up-to-date: /home/rhobtor/PHD/ARGOJ8_IA/ARGOSJ8_IA_/install/ublox_msgs/include/ublox_msgs/ublox_msgs/msg/detail/nav_att__type_support.c
[292.378s] -- Up-to-date: /home/rhobtor/PHD/ARGOJ8_IA/ARGOSJ8_IA_/install/ublox_msgs/include/ublox_msgs/ublox_msgs/msg/detail/aid_alm__rosidl_typesupport_introspection_c.h
[292.378s] -- Up-to-date: /home/rhobtor/PHD/ARGOJ8_IA/ARGOSJ8_IA_/install/ublox_msgs/include/ublox_msgs/ublox_msgs/msg/detail/rxm_alm__rosidl_typesupport_introspection_c.h
[292.378s] -- Up-to-date: /home/rhobtor/PHD/ARGOJ8_IA/ARGOSJ8_IA_/install/ublox_msgs/include/ublox_msgs/ublox_msgs/msg/detail/nav_cov__rosidl_typesupport_introspection_c.h
[292.378s] -- Up-to-date: /home/rhobtor/PHD/ARGOJ8_IA/ARGOSJ8_IA_/install/ublox_msgs/include/ublox_msgs/ublox_msgs/msg/detail/mon_hw6__rosidl_typesupport_introspection_c.h
[292.378s] -- Up-to-date: /home/rhobtor/PHD/ARGOJ8_IA/ARGOSJ8_IA_/install/ublox_msgs/include/ublox_msgs/ublox_msgs/msg/detail/rxm_sfrbx__rosidl_typesupport_introspection_c.h
[292.378s] -- Up-to-date: /home/rhobtor/PHD/ARGOJ8_IA/ARGOSJ8_IA_/install/ublox_msgs/include/ublox_msgs/ublox_msgs/msg/detail/rxm_sfrb__rosidl_typesupport_introspection_c.h
[292.378s] -- Up-to-date: /home/rhobtor/PHD/ARGOJ8_IA/ARGOSJ8_IA_/install/ublox_msgs/include/ublox_msgs/ublox_msgs/msg/detail/rxm_svsi__rosidl_typesupport_introspection_c.h
[292.378s] -- Up-to-date: /home/rhobtor/PHD/ARGOJ8_IA/ARGOSJ8_IA_/install/ublox_msgs/include/ublox_msgs/ublox_msgs/msg/detail/cfg_tmode3__type_support.c
[292.378s] -- Up-to-date: /home/rhobtor/PHD/ARGOJ8_IA/ARGOSJ8_IA_/install/ublox_msgs/include/ublox_msgs/ublox_msgs/msg/detail/cfg_inf_block__rosidl_typesupport_introspection_c.h
[292.378s] -- Up-to-date: /home/rhobtor/PHD/ARGOJ8_IA/ARGOSJ8_IA_/install/ublox_msgs/include/ublox_msgs/ublox_msgs/msg/detail/nav_posecef__type_support.c
[292.378s] -- Up-to-date: /home/rhobtor/PHD/ARGOJ8_IA/ARGOSJ8_IA_/install/ublox_msgs/include/ublox_msgs/ublox_msgs/msg/detail/esf_status__rosidl_typesupport_introspection_c.h
[292.379s] -- Up-to-date: /home/rhobtor/PHD/ARGOJ8_IA/ARGOSJ8_IA_/install/ublox_msgs/include/ublox_msgs/ublox_msgs/msg/detail/cfg_ant__type_support.c
[292.379s] -- Up-to-date: /home/rhobtor/PHD/ARGOJ8_IA/ARGOSJ8_IA_/install/ublox_msgs/include/ublox_msgs/ublox_msgs/msg/detail/mon_gnss__rosidl_typesupport_introspection_c.h
[292.379s] -- Up-to-date: /home/rhobtor/PHD/ARGOJ8_IA/ARGOSJ8_IA_/install/ublox_msgs/include/ublox_msgs/ublox_msgs/msg/detail/mon_hw__rosidl_typesupport_introspection_c.h
[292.379s] -- Up-to-date: /home/rhobtor/PHD/ARGOJ8_IA/ARGOSJ8_IA_/install/ublox_msgs/include/ublox_msgs/ublox_msgs/msg/detail/rxm_rawx__rosidl_typesupport_introspection_c.h
[292.379s] -- Up-to-date: /home/rhobtor/PHD/ARGOJ8_IA/ARGOSJ8_IA_/install/ublox_msgs/include/ublox_msgs/ublox_msgs/msg/detail/nav_clock__type_support.c
[292.379s] -- Up-to-date: /home/rhobtor/PHD/ARGOJ8_IA/ARGOSJ8_IA_/install/ublox_msgs/include/ublox_msgs/ublox_msgs/msg/detail/esf_raw__rosidl_typesupport_introspection_c.h
[292.379s] -- Up-to-date: /home/rhobtor/PHD/ARGOJ8_IA/ARGOSJ8_IA_/install/ublox_msgs/include/ublox_msgs/ublox_msgs/msg/detail/cfg_tmode3__rosidl_typesupport_introspection_c.h
[292.380s] -- Up-to-date: /home/rhobtor/PHD/ARGOJ8_IA/ARGOSJ8_IA_/install/ublox_msgs/include/ublox_msgs/ublox_msgs/msg/detail/nav_timegps__rosidl_typesupport_introspection_c.h
[292.380s] -- Up-to-date: /home/rhobtor/PHD/ARGOJ8_IA/ARGOSJ8_IA_/install/ublox_msgs/include/ublox_msgs/ublox_msgs/msg/detail/mga_gal__type_support.c
[292.380s] -- Up-to-date: /home/rhobtor/PHD/ARGOJ8_IA/ARGOSJ8_IA_/install/ublox_msgs/include/ublox_msgs/ublox_msgs/msg/detail/nav_posllh__rosidl_typesupport_introspection_c.h
[292.380s] -- Up-to-date: /home/rhobtor/PHD/ARGOJ8_IA/ARGOSJ8_IA_/install/ublox_msgs/include/ublox_msgs/ublox_msgs/msg/detail/nav_pvt7__rosidl_typesupport_introspection_c.h
[292.380s] -- Up-to-date: /home/rhobtor/PHD/ARGOJ8_IA/ARGOSJ8_IA_/install/ublox_msgs/include/ublox_msgs/ublox_msgs/msg/detail/cfg_nmea6__type_support.c
[292.380s] -- Up-to-date: /home/rhobtor/PHD/ARGOJ8_IA/ARGOSJ8_IA_/install/ublox_msgs/include/ublox_msgs/ublox_msgs/msg/detail/rxm_rawsv__type_support.c
[292.380s] -- Up-to-date: /home/rhobtor/PHD/ARGOJ8_IA/ARGOSJ8_IA_/install/ublox_msgs/include/ublox_msgs/ublox_msgs/msg/detail/rxm_svsi__type_support.c
[292.380s] -- Up-to-date: /home/rhobtor/PHD/ARGOJ8_IA/ARGOSJ8_IA_/install/ublox_msgs/include/ublox_msgs/ublox_msgs/msg/detail/nav_pvt__type_support.c
[292.380s] -- Up-to-date: /home/rhobtor/PHD/ARGOJ8_IA/ARGOSJ8_IA_/install/ublox_msgs/include/ublox_msgs/ublox_msgs/msg/detail/esf_meas__type_support.c
[292.380s] -- Up-to-date: /home/rhobtor/PHD/ARGOJ8_IA/ARGOSJ8_IA_/install/ublox_msgs/include/ublox_msgs/ublox_msgs/msg/detail/cfg_sbas__rosidl_typesupport_introspection_c.h
[292.380s] -- Up-to-date: /home/rhobtor/PHD/ARGOJ8_IA/ARGOSJ8_IA_/install/ublox_msgs/include/ublox_msgs/ublox_msgs/msg/detail/nav_cov__type_support.c
[292.380s] -- Up-to-date: /home/rhobtor/PHD/ARGOJ8_IA/ARGOSJ8_IA_/install/ublox_msgs/include/ublox_msgs/ublox_msgs/msg/detail/nav_sol__rosidl_typesupport_introspection_c.h
[292.381s] -- Up-to-date: /home/rhobtor/PHD/ARGOJ8_IA/ARGOSJ8_IA_/install/ublox_msgs/include/ublox_msgs/ublox_msgs/msg/detail/mon_hw__type_support.c
[292.381s] -- Up-to-date: /home/rhobtor/PHD/ARGOJ8_IA/ARGOSJ8_IA_/install/ublox_msgs/include/ublox_msgs/ublox_msgs/msg/detail/esf_status_sens__type_support.c
[292.381s] -- Up-to-date: /home/rhobtor/PHD/ARGOJ8_IA/ARGOSJ8_IA_/install/ublox_msgs/lib/libublox_msgs__rosidl_typesupport_introspection_c.so
[292.381s] -- Up-to-date: /home/rhobtor/PHD/ARGOJ8_IA/ARGOSJ8_IA_/install/ublox_msgs/lib/libublox_msgs__rosidl_typesupport_c.so
[292.381s] -- Up-to-date: /home/rhobtor/PHD/ARGOJ8_IA/ARGOSJ8_IA_/install/ublox_msgs/include/ublox_msgs/ublox_msgs
[292.381s] -- Up-to-date: /home/rhobtor/PHD/ARGOJ8_IA/ARGOSJ8_IA_/install/ublox_msgs/include/ublox_msgs/ublox_msgs/msg
[292.381s] -- Up-to-date: /home/rhobtor/PHD/ARGOJ8_IA/ARGOSJ8_IA_/install/ublox_msgs/include/ublox_msgs/ublox_msgs/msg/upd_sos.hpp
[292.381s] -- Up-to-date: /home/rhobtor/PHD/ARGOJ8_IA/ARGOSJ8_IA_/install/ublox_msgs/include/ublox_msgs/ublox_msgs/msg/rxm_sfrbx.hpp
[292.381s] -- Up-to-date: /home/rhobtor/PHD/ARGOJ8_IA/ARGOSJ8_IA_/install/ublox_msgs/include/ublox_msgs/ublox_msgs/msg/nav_posllh.hpp
[292.381s] -- Up-to-date: /home/rhobtor/PHD/ARGOJ8_IA/ARGOSJ8_IA_/install/ublox_msgs/include/ublox_msgs/ublox_msgs/msg/rxm_rawsv.hpp
[292.381s] -- Up-to-date: /home/rhobtor/PHD/ARGOJ8_IA/ARGOSJ8_IA_/install/ublox_msgs/include/ublox_msgs/ublox_msgs/msg/cfg_rst.hpp
[292.381s] -- Up-to-date: /home/rhobtor/PHD/ARGOJ8_IA/ARGOSJ8_IA_/install/ublox_msgs/include/ublox_msgs/ublox_msgs/msg/inf.hpp
[292.381s] -- Up-to-date: /home/rhobtor/PHD/ARGOJ8_IA/ARGOSJ8_IA_/install/ublox_msgs/include/ublox_msgs/ublox_msgs/msg/cfg_tmode3.hpp
[292.382s] -- Up-to-date: /home/rhobtor/PHD/ARGOJ8_IA/ARGOSJ8_IA_/install/ublox_msgs/include/ublox_msgs/ublox_msgs/msg/nav_att.hpp
[292.382s] -- Up-to-date: /home/rhobtor/PHD/ARGOJ8_IA/ARGOSJ8_IA_/install/ublox_msgs/include/ublox_msgs/ublox_msgs/msg/cfg_usb.hpp
[292.382s] -- Up-to-date: /home/rhobtor/PHD/ARGOJ8_IA/ARGOSJ8_IA_/install/ublox_msgs/include/ublox_msgs/ublox_msgs/msg/rxm_sfrb.hpp
[292.382s] -- Up-to-date: /home/rhobtor/PHD/ARGOJ8_IA/ARGOSJ8_IA_/install/ublox_msgs/include/ublox_msgs/ublox_msgs/msg/nav_cov.hpp
[292.382s] -- Up-to-date: /home/rhobtor/PHD/ARGOJ8_IA/ARGOSJ8_IA_/install/ublox_msgs/include/ublox_msgs/ublox_msgs/msg/nav_sbas.hpp
[292.382s] -- Up-to-date: /home/rhobtor/PHD/ARGOJ8_IA/ARGOSJ8_IA_/install/ublox_msgs/include/ublox_msgs/ublox_msgs/msg/upd_sos_ack.hpp
[292.382s] -- Up-to-date: /home/rhobtor/PHD/ARGOJ8_IA/ARGOSJ8_IA_/install/ublox_msgs/include/ublox_msgs/ublox_msgs/msg/nav_sol.hpp
[292.382s] -- Up-to-date: /home/rhobtor/PHD/ARGOJ8_IA/ARGOSJ8_IA_/install/ublox_msgs/include/ublox_msgs/ublox_msgs/msg/nav_pvt7.hpp
[292.382s] -- Up-to-date: /home/rhobtor/PHD/ARGOJ8_IA/ARGOSJ8_IA_/install/ublox_msgs/include/ublox_msgs/ublox_msgs/msg/cfg_inf.hpp
[292.382s] -- Up-to-date: /home/rhobtor/PHD/ARGOJ8_IA/ARGOSJ8_IA_/install/ublox_msgs/include/ublox_msgs/ublox_msgs/msg/cfg_hnr.hpp
[292.382s] -- Up-to-date: /home/rhobtor/PHD/ARGOJ8_IA/ARGOSJ8_IA_/install/ublox_msgs/include/ublox_msgs/ublox_msgs/msg/nav_svin.hpp
[292.382s] -- Up-to-date: /home/rhobtor/PHD/ARGOJ8_IA/ARGOSJ8_IA_/install/ublox_msgs/include/ublox_msgs/ublox_msgs/msg/mon_hw6.hpp
[292.382s] -- Up-to-date: /home/rhobtor/PHD/ARGOJ8_IA/ARGOSJ8_IA_/install/ublox_msgs/include/ublox_msgs/ublox_msgs/msg/rxm_svsi.hpp
[292.382s] -- Up-to-date: /home/rhobtor/PHD/ARGOJ8_IA/ARGOSJ8_IA_/install/ublox_msgs/include/ublox_msgs/ublox_msgs/msg/mon_gnss.hpp
[292.382s] -- Up-to-date: /home/rhobtor/PHD/ARGOJ8_IA/ARGOSJ8_IA_/install/ublox_msgs/include/ublox_msgs/ublox_msgs/msg/mon_ver_extension.hpp
[292.383s] -- Up-to-date: /home/rhobtor/PHD/ARGOJ8_IA/ARGOSJ8_IA_/install/ublox_msgs/include/ublox_msgs/ublox_msgs/msg/nav_dgpssv.hpp
[292.383s] -- Up-to-date: /home/rhobtor/PHD/ARGOJ8_IA/ARGOSJ8_IA_/install/ublox_msgs/include/ublox_msgs/ublox_msgs/msg/nav_dop.hpp
[292.383s] -- Up-to-date: /home/rhobtor/PHD/ARGOJ8_IA/ARGOSJ8_IA_/install/ublox_msgs/include/ublox_msgs/ublox_msgs/msg/rxm_alm.hpp
[292.383s] -- Up-to-date: /home/rhobtor/PHD/ARGOJ8_IA/ARGOSJ8_IA_/install/ublox_msgs/include/ublox_msgs/ublox_msgs/msg/aid_hui.hpp
[292.383s] -- Up-to-date: /home/rhobtor/PHD/ARGOJ8_IA/ARGOSJ8_IA_/install/ublox_msgs/include/ublox_msgs/ublox_msgs/msg/rosidl_generator_cpp__visibility_control.hpp
[292.383s] -- Up-to-date: /home/rhobtor/PHD/ARGOJ8_IA/ARGOSJ8_IA_/install/ublox_msgs/include/ublox_msgs/ublox_msgs/msg/cfg_nav5.hpp
[292.383s] -- Up-to-date: /home/rhobtor/PHD/ARGOJ8_IA/ARGOSJ8_IA_/install/ublox_msgs/include/ublox_msgs/ublox_msgs/msg/rxm_eph.hpp
[292.383s] -- Up-to-date: /home/rhobtor/PHD/ARGOJ8_IA/ARGOSJ8_IA_/install/ublox_msgs/include/ublox_msgs/ublox_msgs/msg/nav_dgps.hpp
[292.383s] -- Up-to-date: /home/rhobtor/PHD/ARGOJ8_IA/ARGOSJ8_IA_/install/ublox_msgs/include/ublox_msgs/ublox_msgs/msg/nav_sbassv.hpp
[292.383s] -- Up-to-date: /home/rhobtor/PHD/ARGOJ8_IA/ARGOSJ8_IA_/install/ublox_msgs/include/ublox_msgs/ublox_msgs/msg/nav_relposned.hpp
[292.383s] -- Up-to-date: /home/rhobtor/PHD/ARGOJ8_IA/ARGOSJ8_IA_/install/ublox_msgs/include/ublox_msgs/ublox_msgs/msg/esf_raw_block.hpp
[292.383s] -- Up-to-date: /home/rhobtor/PHD/ARGOJ8_IA/ARGOSJ8_IA_/install/ublox_msgs/include/ublox_msgs/ublox_msgs/msg/aid_alm.hpp
[292.383s] -- Up-to-date: /home/rhobtor/PHD/ARGOJ8_IA/ARGOSJ8_IA_/install/ublox_msgs/include/ublox_msgs/ublox_msgs/msg/cfg_cfg.hpp
[292.383s] -- Up-to-date: /home/rhobtor/PHD/ARGOJ8_IA/ARGOSJ8_IA_/install/ublox_msgs/include/ublox_msgs/ublox_msgs/msg/nav_posecef.hpp
[292.383s] -- Up-to-date: /home/rhobtor/PHD/ARGOJ8_IA/ARGOSJ8_IA_/install/ublox_msgs/include/ublox_msgs/ublox_msgs/msg/cfg_nmea6.hpp
[292.384s] -- Up-to-date: /home/rhobtor/PHD/ARGOJ8_IA/ARGOSJ8_IA_/install/ublox_msgs/include/ublox_msgs/ublox_msgs/msg/cfg_ant.hpp
[292.384s] -- Up-to-date: /home/rhobtor/PHD/ARGOJ8_IA/ARGOSJ8_IA_/install/ublox_msgs/include/ublox_msgs/ublox_msgs/msg/cfg_nmea.hpp
[292.384s] -- Up-to-date: /home/rhobtor/PHD/ARGOJ8_IA/ARGOSJ8_IA_/install/ublox_msgs/include/ublox_msgs/ublox_msgs/msg/nav_timegps.hpp
[292.384s] -- Up-to-date: /home/rhobtor/PHD/ARGOJ8_IA/ARGOSJ8_IA_/install/ublox_msgs/include/ublox_msgs/ublox_msgs/msg/rxm_raw.hpp
[292.384s] -- Up-to-date: /home/rhobtor/PHD/ARGOJ8_IA/ARGOSJ8_IA_/install/ublox_msgs/include/ublox_msgs/ublox_msgs/msg/nav_svinfo.hpp
[292.384s] -- Up-to-date: /home/rhobtor/PHD/ARGOJ8_IA/ARGOSJ8_IA_/install/ublox_msgs/include/ublox_msgs/ublox_msgs/msg/cfg_nmea7.hpp
[292.384s] -- Up-to-date: /home/rhobtor/PHD/ARGOJ8_IA/ARGOSJ8_IA_/install/ublox_msgs/include/ublox_msgs/ublox_msgs/msg/nav_clock.hpp
[292.384s] -- Up-to-date: /home/rhobtor/PHD/ARGOJ8_IA/ARGOSJ8_IA_/install/ublox_msgs/include/ublox_msgs/ublox_msgs/msg/nav_velned.hpp
[292.384s] -- Up-to-date: /home/rhobtor/PHD/ARGOJ8_IA/ARGOSJ8_IA_/install/ublox_msgs/include/ublox_msgs/ublox_msgs/msg/rxm_rawx_meas.hpp
[292.384s] -- Up-to-date: /home/rhobtor/PHD/ARGOJ8_IA/ARGOSJ8_IA_/install/ublox_msgs/include/ublox_msgs/ublox_msgs/msg/detail
[292.384s] -- Up-to-date: /home/rhobtor/PHD/ARGOJ8_IA/ARGOSJ8_IA_/install/ublox_msgs/include/ublox_msgs/ublox_msgs/msg/detail/cfg_navx5__traits.hpp
[292.385s] -- Up-to-date: /home/rhobtor/PHD/ARGOJ8_IA/ARGOSJ8_IA_/install/ublox_msgs/include/ublox_msgs/ublox_msgs/msg/detail/cfg_ant__builder.hpp
[292.385s] -- Up-to-date: /home/rhobtor/PHD/ARGOJ8_IA/ARGOSJ8_IA_/install/ublox_msgs/include/ublox_msgs/ublox_msgs/msg/detail/rxm_sfrbx__builder.hpp
[292.385s] -- Up-to-date: /home/rhobtor/PHD/ARGOJ8_IA/ARGOSJ8_IA_/install/ublox_msgs/include/ublox_msgs/ublox_msgs/msg/detail/rxm_alm__traits.hpp
[292.385s] -- Up-to-date: /home/rhobtor/PHD/ARGOJ8_IA/ARGOSJ8_IA_/install/ublox_msgs/include/ublox_msgs/ublox_msgs/msg/detail/nav_velned__struct.hpp
[292.385s] -- Up-to-date: /home/rhobtor/PHD/ARGOJ8_IA/ARGOSJ8_IA_/install/ublox_msgs/include/ublox_msgs/ublox_msgs/msg/detail/nav_dgps__traits.hpp
[292.385s] -- Up-to-date: /home/rhobtor/PHD/ARGOJ8_IA/ARGOSJ8_IA_/install/ublox_msgs/include/ublox_msgs/ublox_msgs/msg/detail/nav_satsv__struct.hpp
[292.385s] -- Up-to-date: /home/rhobtor/PHD/ARGOJ8_IA/ARGOSJ8_IA_/install/ublox_msgs/include/ublox_msgs/ublox_msgs/msg/detail/mon_ver__traits.hpp
[292.385s] -- Up-to-date: /home/rhobtor/PHD/ARGOJ8_IA/ARGOSJ8_IA_/install/ublox_msgs/include/ublox_msgs/ublox_msgs/msg/detail/nav_timeutc__type_support.hpp
[292.385s] -- Up-to-date: /home/rhobtor/PHD/ARGOJ8_IA/ARGOSJ8_IA_/install/ublox_msgs/include/ublox_msgs/ublox_msgs/msg/detail/nav_svin__type_support.hpp
[292.385s] -- Up-to-date: /home/rhobtor/PHD/ARGOJ8_IA/ARGOSJ8_IA_/install/ublox_msgs/include/ublox_msgs/ublox_msgs/msg/detail/mga_gal__struct.hpp
[292.385s] -- Up-to-date: /home/rhobtor/PHD/ARGOJ8_IA/ARGOSJ8_IA_/install/ublox_msgs/include/ublox_msgs/ublox_msgs/msg/detail/upd_sos__type_support.hpp
[292.386s] -- Up-to-date: /home/rhobtor/PHD/ARGOJ8_IA/ARGOSJ8_IA_/install/ublox_msgs/include/ublox_msgs/ublox_msgs/msg/detail/aid_eph__traits.hpp
[292.386s] -- Up-to-date: /home/rhobtor/PHD/ARGOJ8_IA/ARGOSJ8_IA_/install/ublox_msgs/include/ublox_msgs/ublox_msgs/msg/detail/cfg_nav5__type_support.hpp
[292.386s] -- Up-to-date: /home/rhobtor/PHD/ARGOJ8_IA/ARGOSJ8_IA_/install/ublox_msgs/include/ublox_msgs/ublox_msgs/msg/detail/rxm_rtcm__struct.hpp
[292.386s] -- Up-to-date: /home/rhobtor/PHD/ARGOJ8_IA/ARGOSJ8_IA_/install/ublox_msgs/include/ublox_msgs/ublox_msgs/msg/detail/cfg_inf__type_support.hpp
[292.386s] -- Up-to-date: /home/rhobtor/PHD/ARGOJ8_IA/ARGOSJ8_IA_/install/ublox_msgs/include/ublox_msgs/ublox_msgs/msg/detail/rxm_sfrb__traits.hpp
[292.386s] -- Up-to-date: /home/rhobtor/PHD/ARGOJ8_IA/ARGOSJ8_IA_/install/ublox_msgs/include/ublox_msgs/ublox_msgs/msg/detail/nav_sbassv__builder.hpp
[292.386s] -- Up-to-date: /home/rhobtor/PHD/ARGOJ8_IA/ARGOSJ8_IA_/install/ublox_msgs/include/ublox_msgs/ublox_msgs/msg/detail/nav_status__type_support.hpp
[292.386s] -- Up-to-date: /home/rhobtor/PHD/ARGOJ8_IA/ARGOSJ8_IA_/install/ublox_msgs/include/ublox_msgs/ublox_msgs/msg/detail/cfg_msg__struct.hpp
[292.386s] -- Up-to-date: /home/rhobtor/PHD/ARGOJ8_IA/ARGOSJ8_IA_/install/ublox_msgs/include/ublox_msgs/ublox_msgs/msg/detail/cfg_nmea__builder.hpp
[292.387s] -- Up-to-date: /home/rhobtor/PHD/ARGOJ8_IA/ARGOSJ8_IA_/install/ublox_msgs/include/ublox_msgs/ublox_msgs/msg/detail/cfg_ant__struct.hpp
[292.387s] -- Up-to-date: /home/rhobtor/PHD/ARGOJ8_IA/ARGOSJ8_IA_/install/ublox_msgs/include/ublox_msgs/ublox_msgs/msg/detail/ack__struct.hpp
[292.387s] -- Up-to-date: /home/rhobtor/PHD/ARGOJ8_IA/ARGOSJ8_IA_/install/ublox_msgs/include/ublox_msgs/ublox_msgs/msg/detail/cfg_rate__traits.hpp
[292.387s] -- Up-to-date: /home/rhobtor/PHD/ARGOJ8_IA/ARGOSJ8_IA_/install/ublox_msgs/include/ublox_msgs/ublox_msgs/msg/detail/cfg_usb__struct.hpp
[292.387s] -- Up-to-date: /home/rhobtor/PHD/ARGOJ8_IA/ARGOSJ8_IA_/install/ublox_msgs/include/ublox_msgs/ublox_msgs/msg/detail/cfg_inf_block__type_support.hpp
[292.387s] -- Up-to-date: /home/rhobtor/PHD/ARGOJ8_IA/ARGOSJ8_IA_/install/ublox_msgs/include/ublox_msgs/ublox_msgs/msg/detail/nav_relposned9__type_support.hpp
[292.387s] -- Up-to-date: /home/rhobtor/PHD/ARGOJ8_IA/ARGOSJ8_IA_/install/ublox_msgs/include/ublox_msgs/ublox_msgs/msg/detail/nav_sbas__builder.hpp
[292.387s] -- Up-to-date: /home/rhobtor/PHD/ARGOJ8_IA/ARGOSJ8_IA_/install/ublox_msgs/include/ublox_msgs/ublox_msgs/msg/detail/cfg_hnr__traits.hpp
[292.387s] -- Up-to-date: /home/rhobtor/PHD/ARGOJ8_IA/ARGOSJ8_IA_/install/ublox_msgs/include/ublox_msgs/ublox_msgs/msg/detail/cfg_rst__struct.hpp
[292.387s] -- Up-to-date: /home/rhobtor/PHD/ARGOJ8_IA/ARGOSJ8_IA_/install/ublox_msgs/include/ublox_msgs/ublox_msgs/msg/detail/cfg_navx5__builder.hpp
[292.388s] -- Up-to-date: /home/rhobtor/PHD/ARGOJ8_IA/ARGOSJ8_IA_/install/ublox_msgs/include/ublox_msgs/ublox_msgs/msg/detail/nav_timeutc__traits.hpp
[292.388s] -- Up-to-date: /home/rhobtor/PHD/ARGOJ8_IA/ARGOSJ8_IA_/install/ublox_msgs/include/ublox_msgs/ublox_msgs/msg/detail/upd_sos_ack__type_support.hpp
[292.388s] -- Up-to-date: /home/rhobtor/PHD/ARGOJ8_IA/ARGOSJ8_IA_/install/ublox_msgs/include/ublox_msgs/ublox_msgs/msg/detail/nav_sat__traits.hpp
[292.388s] -- Up-to-date: /home/rhobtor/PHD/ARGOJ8_IA/ARGOSJ8_IA_/install/ublox_msgs/include/ublox_msgs/ublox_msgs/msg/detail/cfg_inf__struct.hpp
[292.388s] -- Up-to-date: /home/rhobtor/PHD/ARGOJ8_IA/ARGOSJ8_IA_/install/ublox_msgs/include/ublox_msgs/ublox_msgs/msg/detail/nav_posecef__traits.hpp
[292.388s] -- Up-to-date: /home/rhobtor/PHD/ARGOJ8_IA/ARGOSJ8_IA_/install/ublox_msgs/include/ublox_msgs/ublox_msgs/msg/detail/rxm_rawsv__traits.hpp
[292.388s] -- Up-to-date: /home/rhobtor/PHD/ARGOJ8_IA/ARGOSJ8_IA_/install/ublox_msgs/include/ublox_msgs/ublox_msgs/msg/detail/mon_hw6__traits.hpp
[292.388s] -- Up-to-date: /home/rhobtor/PHD/ARGOJ8_IA/ARGOSJ8_IA_/install/ublox_msgs/include/ublox_msgs/ublox_msgs/msg/detail/nav_dgpssv__builder.hpp
[292.388s] -- Up-to-date: /home/rhobtor/PHD/ARGOJ8_IA/ARGOSJ8_IA_/install/ublox_msgs/include/ublox_msgs/ublox_msgs/msg/detail/nav_clock__traits.hpp
[292.388s] -- Up-to-date: /home/rhobtor/PHD/ARGOJ8_IA/ARGOSJ8_IA_/install/ublox_msgs/include/ublox_msgs/ublox_msgs/msg/detail/nav_sat__type_support.hpp
[292.388s] -- Up-to-date: /home/rhobtor/PHD/ARGOJ8_IA/ARGOSJ8_IA_/install/ublox_msgs/include/ublox_msgs/ublox_msgs/msg/detail/mon_hw__builder.hpp
[292.389s] -- Up-to-date: /home/rhobtor/PHD/ARGOJ8_IA/ARGOSJ8_IA_/install/ublox_msgs/include/ublox_msgs/ublox_msgs/msg/detail/mon_hw6__builder.hpp
[292.389s] -- Up-to-date: /home/rhobtor/PHD/ARGOJ8_IA/ARGOSJ8_IA_/install/ublox_msgs/include/ublox_msgs/ublox_msgs/msg/detail/nav_svinfosv__struct.hpp
[292.389s] -- Up-to-date: /home/rhobtor/PHD/ARGOJ8_IA/ARGOSJ8_IA_/install/ublox_msgs/include/ublox_msgs/ublox_msgs/msg/detail/nav_velned__traits.hpp
[292.389s] -- Up-to-date: /home/rhobtor/PHD/ARGOJ8_IA/ARGOSJ8_IA_/install/ublox_msgs/include/ublox_msgs/ublox_msgs/msg/detail/cfg_rate__type_support.hpp
[292.389s] -- Up-to-date: /home/rhobtor/PHD/ARGOJ8_IA/ARGOSJ8_IA_/install/ublox_msgs/include/ublox_msgs/ublox_msgs/msg/detail/hnr_pvt__type_support.hpp
[292.389s] -- Up-to-date: /home/rhobtor/PHD/ARGOJ8_IA/ARGOSJ8_IA_/install/ublox_msgs/include/ublox_msgs/ublox_msgs/msg/detail/rxm_sfrbx__struct.hpp
[292.389s] -- Up-to-date: /home/rhobtor/PHD/ARGOJ8_IA/ARGOSJ8_IA_/install/ublox_msgs/include/ublox_msgs/ublox_msgs/msg/detail/cfg_inf_block__traits.hpp
[292.389s] -- Up-to-date: /home/rhobtor/PHD/ARGOJ8_IA/ARGOSJ8_IA_/install/ublox_msgs/include/ublox_msgs/ublox_msgs/msg/detail/rxm_alm__struct.hpp
[292.389s] -- Up-to-date: /home/rhobtor/PHD/ARGOJ8_IA/ARGOSJ8_IA_/install/ublox_msgs/include/ublox_msgs/ublox_msgs/msg/detail/nav_dgpssv__traits.hpp
[292.389s] -- Up-to-date: /home/rhobtor/PHD/ARGOJ8_IA/ARGOSJ8_IA_/install/ublox_msgs/include/ublox_msgs/ublox_msgs/msg/detail/esf_meas__struct.hpp
[292.389s] -- Up-to-date: /home/rhobtor/PHD/ARGOJ8_IA/ARGOSJ8_IA_/install/ublox_msgs/include/ublox_msgs/ublox_msgs/msg/detail/mga_gal__type_support.hpp
[292.389s] -- Up-to-date: /home/rhobtor/PHD/ARGOJ8_IA/ARGOSJ8_IA_/install/ublox_msgs/include/ublox_msgs/ublox_msgs/msg/detail/tim_tm2__type_support.hpp
[292.390s] -- Up-to-date: /home/rhobtor/PHD/ARGOJ8_IA/ARGOSJ8_IA_/install/ublox_msgs/include/ublox_msgs/ublox_msgs/msg/detail/mon_ver__type_support.hpp
[292.390s] -- Up-to-date: /home/rhobtor/PHD/ARGOJ8_IA/ARGOSJ8_IA_/install/ublox_msgs/include/ublox_msgs/ublox_msgs/msg/detail/cfg_gnss_block__type_support.hpp
[292.390s] -- Up-to-date: /home/rhobtor/PHD/ARGOJ8_IA/ARGOSJ8_IA_/install/ublox_msgs/include/ublox_msgs/ublox_msgs/msg/detail/nav_timeutc__builder.hpp
[292.390s] -- Up-to-date: /home/rhobtor/PHD/ARGOJ8_IA/ARGOSJ8_IA_/install/ublox_msgs/include/ublox_msgs/ublox_msgs/msg/detail/ack__traits.hpp
[292.390s] -- Up-to-date: /home/rhobtor/PHD/ARGOJ8_IA/ARGOSJ8_IA_/install/ublox_msgs/include/ublox_msgs/ublox_msgs/msg/detail/cfg_hnr__type_support.hpp
[292.390s] -- Up-to-date: /home/rhobtor/PHD/ARGOJ8_IA/ARGOSJ8_IA_/install/ublox_msgs/include/ublox_msgs/ublox_msgs/msg/detail/nav_posllh__builder.hpp
[292.390s] -- Up-to-date: /home/rhobtor/PHD/ARGOJ8_IA/ARGOSJ8_IA_/install/ublox_msgs/include/ublox_msgs/ublox_msgs/msg/detail/mon_hw__traits.hpp
[292.390s] -- Up-to-date: /home/rhobtor/PHD/ARGOJ8_IA/ARGOSJ8_IA_/install/ublox_msgs/include/ublox_msgs/ublox_msgs/msg/detail/rxm_rawx__traits.hpp
[292.390s] -- Up-to-date: /home/rhobtor/PHD/ARGOJ8_IA/ARGOSJ8_IA_/install/ublox_msgs/include/ublox_msgs/ublox_msgs/msg/detail/nav_pvt7__builder.hpp
[292.391s] -- Up-to-date: /home/rhobtor/PHD/ARGOJ8_IA/ARGOSJ8_IA_/install/ublox_msgs/include/ublox_msgs/ublox_msgs/msg/detail/tim_tm2__traits.hpp
[292.391s] -- Up-to-date: /home/rhobtor/PHD/ARGOJ8_IA/ARGOSJ8_IA_/install/ublox_msgs/include/ublox_msgs/ublox_msgs/msg/detail/cfg_dat__struct.hpp
[292.391s] -- Up-to-date: /home/rhobtor/PHD/ARGOJ8_IA/ARGOSJ8_IA_/install/ublox_msgs/include/ublox_msgs/ublox_msgs/msg/detail/mon_ver_extension__builder.hpp
[292.391s] -- Up-to-date: /home/rhobtor/PHD/ARGOJ8_IA/ARGOSJ8_IA_/install/ublox_msgs/include/ublox_msgs/ublox_msgs/msg/detail/cfg_nav5__builder.hpp
[292.391s] -- Up-to-date: /home/rhobtor/PHD/ARGOJ8_IA/ARGOSJ8_IA_/install/ublox_msgs/include/ublox_msgs/ublox_msgs/msg/detail/nav_pvt7__type_support.hpp
[292.391s] -- Up-to-date: /home/rhobtor/PHD/ARGOJ8_IA/ARGOSJ8_IA_/install/ublox_msgs/include/ublox_msgs/ublox_msgs/msg/detail/rxm_eph__struct.hpp
[292.391s] -- Up-to-date: /home/rhobtor/PHD/ARGOJ8_IA/ARGOSJ8_IA_/install/ublox_msgs/include/ublox_msgs/ublox_msgs/msg/detail/cfg_dgnss__struct.hpp
[292.391s] -- Up-to-date: /home/rhobtor/PHD/ARGOJ8_IA/ARGOSJ8_IA_/install/ublox_msgs/include/ublox_msgs/ublox_msgs/msg/detail/nav_svinfo__struct.hpp
[292.391s] -- Up-to-date: /home/rhobtor/PHD/ARGOJ8_IA/ARGOSJ8_IA_/install/ublox_msgs/include/ublox_msgs/ublox_msgs/msg/detail/mon_ver__builder.hpp
[292.391s] -- Up-to-date: /home/rhobtor/PHD/ARGOJ8_IA/ARGOSJ8_IA_/install/ublox_msgs/include/ublox_msgs/ublox_msgs/msg/detail/cfg_dat__builder.hpp
[292.392s] -- Up-to-date: /home/rhobtor/PHD/ARGOJ8_IA/ARGOSJ8_IA_/install/ublox_msgs/include/ublox_msgs/ublox_msgs/msg/detail/rxm_rawx__struct.hpp
[292.392s] -- Up-to-date: /home/rhobtor/PHD/ARGOJ8_IA/ARGOSJ8_IA_/install/ublox_msgs/include/ublox_msgs/ublox_msgs/msg/detail/nav_relposned__type_support.hpp
[292.392s] -- Up-to-date: /home/rhobtor/PHD/ARGOJ8_IA/ARGOSJ8_IA_/install/ublox_msgs/include/ublox_msgs/ublox_msgs/msg/detail/nav_timegps__type_support.hpp
[292.392s] -- Up-to-date: /home/rhobtor/PHD/ARGOJ8_IA/ARGOSJ8_IA_/install/ublox_msgs/include/ublox_msgs/ublox_msgs/msg/detail/cfg_dgnss__type_support.hpp
[292.392s] -- Up-to-date: /home/rhobtor/PHD/ARGOJ8_IA/ARGOSJ8_IA_/install/ublox_msgs/include/ublox_msgs/ublox_msgs/msg/detail/cfg_nmea__struct.hpp
[292.392s] -- Up-to-date: /home/rhobtor/PHD/ARGOJ8_IA/ARGOSJ8_IA_/install/ublox_msgs/include/ublox_msgs/ublox_msgs/msg/detail/esf_ins__type_support.hpp
[292.392s] -- Up-to-date: /home/rhobtor/PHD/ARGOJ8_IA/ARGOSJ8_IA_/install/ublox_msgs/include/ublox_msgs/ublox_msgs/msg/detail/nav_timegps__struct.hpp
[292.392s] -- Up-to-date: /home/rhobtor/PHD/ARGOJ8_IA/ARGOSJ8_IA_/install/ublox_msgs/include/ublox_msgs/ublox_msgs/msg/detail/cfg_msg__traits.hpp
[292.392s] -- Up-to-date: /home/rhobtor/PHD/ARGOJ8_IA/ARGOSJ8_IA_/install/ublox_msgs/include/ublox_msgs/ublox_msgs/msg/detail/tim_tm2__struct.hpp
[292.392s] -- Up-to-date: /home/rhobtor/PHD/ARGOJ8_IA/ARGOSJ8_IA_/install/ublox_msgs/include/ublox_msgs/ublox_msgs/msg/detail/cfg_nmea6__type_support.hpp
[292.392s] -- Up-to-date: /home/rhobtor/PHD/ARGOJ8_IA/ARGOSJ8_IA_/install/ublox_msgs/include/ublox_msgs/ublox_msgs/msg/detail/nav_timeutc__struct.hpp
[292.392s] -- Up-to-date: /home/rhobtor/PHD/ARGOJ8_IA/ARGOSJ8_IA_/install/ublox_msgs/include/ublox_msgs/ublox_msgs/msg/detail/cfg_inf__traits.hpp
[292.392s] -- Up-to-date: /home/rhobtor/PHD/ARGOJ8_IA/ARGOSJ8_IA_/install/ublox_msgs/include/ublox_msgs/ublox_msgs/msg/detail/nav_att__traits.hpp
[292.392s] -- Up-to-date: /home/rhobtor/PHD/ARGOJ8_IA/ARGOSJ8_IA_/install/ublox_msgs/include/ublox_msgs/ublox_msgs/msg/detail/mon_hw__type_support.hpp
[292.392s] -- Up-to-date: /home/rhobtor/PHD/ARGOJ8_IA/ARGOSJ8_IA_/install/ublox_msgs/include/ublox_msgs/ublox_msgs/msg/detail/mon_ver_extension__struct.hpp
[292.392s] -- Up-to-date: /home/rhobtor/PHD/ARGOJ8_IA/ARGOSJ8_IA_/install/ublox_msgs/include/ublox_msgs/ublox_msgs/msg/detail/nav_svin__struct.hpp
[292.393s] -- Up-to-date: /home/rhobtor/PHD/ARGOJ8_IA/ARGOSJ8_IA_/install/ublox_msgs/include/ublox_msgs/ublox_msgs/msg/detail/rxm_sfrbx__type_support.hpp
[292.393s] -- Up-to-date: /home/rhobtor/PHD/ARGOJ8_IA/ARGOSJ8_IA_/install/ublox_msgs/include/ublox_msgs/ublox_msgs/msg/detail/nav_posllh__type_support.hpp
[292.393s] -- Up-to-date: /home/rhobtor/PHD/ARGOJ8_IA/ARGOSJ8_IA_/install/ublox_msgs/include/ublox_msgs/ublox_msgs/msg/detail/rxm_svsisv__type_support.hpp
[292.393s] -- Up-to-date: /home/rhobtor/PHD/ARGOJ8_IA/ARGOSJ8_IA_/install/ublox_msgs/include/ublox_msgs/ublox_msgs/msg/detail/nav_svinfosv__builder.hpp
[292.393s] -- Up-to-date: /home/rhobtor/PHD/ARGOJ8_IA/ARGOSJ8_IA_/install/ublox_msgs/include/ublox_msgs/ublox_msgs/msg/detail/cfg_tmode3__type_support.hpp
[292.393s] -- Up-to-date: /home/rhobtor/PHD/ARGOJ8_IA/ARGOSJ8_IA_/install/ublox_msgs/include/ublox_msgs/ublox_msgs/msg/detail/mon_hw6__struct.hpp
[292.393s] -- Up-to-date: /home/rhobtor/PHD/ARGOJ8_IA/ARGOSJ8_IA_/install/ublox_msgs/include/ublox_msgs/ublox_msgs/msg/detail/esf_raw__traits.hpp
[292.393s] -- Up-to-date: /home/rhobtor/PHD/ARGOJ8_IA/ARGOSJ8_IA_/install/ublox_msgs/include/ublox_msgs/ublox_msgs/msg/detail/nav_svin__traits.hpp
[292.393s] -- Up-to-date: /home/rhobtor/PHD/ARGOJ8_IA/ARGOSJ8_IA_/install/ublox_msgs/include/ublox_msgs/ublox_msgs/msg/detail/rxm_rawx_meas__builder.hpp
[292.393s] -- Up-to-date: /home/rhobtor/PHD/ARGOJ8_IA/ARGOSJ8_IA_/install/ublox_msgs/include/ublox_msgs/ublox_msgs/msg/detail/nav_satsv__traits.hpp
[292.393s] -- Up-to-date: /home/rhobtor/PHD/ARGOJ8_IA/ARGOSJ8_IA_/install/ublox_msgs/include/ublox_msgs/ublox_msgs/msg/detail/cfg_ant__type_support.hpp
[292.393s] -- Up-to-date: /home/rhobtor/PHD/ARGOJ8_IA/ARGOSJ8_IA_/install/ublox_msgs/include/ublox_msgs/ublox_msgs/msg/detail/esf_status_sens__struct.hpp
[292.393s] -- Up-to-date: /home/rhobtor/PHD/ARGOJ8_IA/ARGOSJ8_IA_/install/ublox_msgs/include/ublox_msgs/ublox_msgs/msg/detail/rxm_svsi__struct.hpp
[292.393s] -- Up-to-date: /home/rhobtor/PHD/ARGOJ8_IA/ARGOSJ8_IA_/install/ublox_msgs/include/ublox_msgs/ublox_msgs/msg/detail/cfg_nmea7__builder.hpp
[292.393s] -- Up-to-date: /home/rhobtor/PHD/ARGOJ8_IA/ARGOSJ8_IA_/install/ublox_msgs/include/ublox_msgs/ublox_msgs/msg/detail/nav_att__struct.hpp
[292.393s] -- Up-to-date: /home/rhobtor/PHD/ARGOJ8_IA/ARGOSJ8_IA_/install/ublox_msgs/include/ublox_msgs/ublox_msgs/msg/detail/cfg_tmode3__traits.hpp
[292.394s] -- Up-to-date: /home/rhobtor/PHD/ARGOJ8_IA/ARGOSJ8_IA_/install/ublox_msgs/include/ublox_msgs/ublox_msgs/msg/detail/cfg_nav5__traits.hpp
[292.394s] -- Up-to-date: /home/rhobtor/PHD/ARGOJ8_IA/ARGOSJ8_IA_/install/ublox_msgs/include/ublox_msgs/ublox_msgs/msg/detail/nav_velecef__builder.hpp
[292.394s] -- Up-to-date: /home/rhobtor/PHD/ARGOJ8_IA/ARGOSJ8_IA_/install/ublox_msgs/include/ublox_msgs/ublox_msgs/msg/detail/mon_ver__struct.hpp
[292.394s] -- Up-to-date: /home/rhobtor/PHD/ARGOJ8_IA/ARGOSJ8_IA_/install/ublox_msgs/include/ublox_msgs/ublox_msgs/msg/detail/nav_posecef__struct.hpp
[292.394s] -- Up-to-date: /home/rhobtor/PHD/ARGOJ8_IA/ARGOSJ8_IA_/install/ublox_msgs/include/ublox_msgs/ublox_msgs/msg/detail/rxm_eph__traits.hpp
[292.394s] -- Up-to-date: /home/rhobtor/PHD/ARGOJ8_IA/ARGOSJ8_IA_/install/ublox_msgs/include/ublox_msgs/ublox_msgs/msg/detail/cfg_nmea7__traits.hpp
[292.394s] -- Up-to-date: /home/rhobtor/PHD/ARGOJ8_IA/ARGOSJ8_IA_/install/ublox_msgs/include/ublox_msgs/ublox_msgs/msg/detail/nav_att__builder.hpp
[292.394s] -- Up-to-date: /home/rhobtor/PHD/ARGOJ8_IA/ARGOSJ8_IA_/install/ublox_msgs/include/ublox_msgs/ublox_msgs/msg/detail/cfg_gnss_block__struct.hpp
[292.394s] -- Up-to-date: /home/rhobtor/PHD/ARGOJ8_IA/ARGOSJ8_IA_/install/ublox_msgs/include/ublox_msgs/ublox_msgs/msg/detail/nav_sol__struct.hpp
[292.394s] -- Up-to-date: /home/rhobtor/PHD/ARGOJ8_IA/ARGOSJ8_IA_/install/ublox_msgs/include/ublox_msgs/ublox_msgs/msg/detail/nav_relposned__traits.hpp
[292.394s] -- Up-to-date: /home/rhobtor/PHD/ARGOJ8_IA/ARGOSJ8_IA_/install/ublox_msgs/include/ublox_msgs/ublox_msgs/msg/detail/nav_sol__type_support.hpp
[292.394s] -- Up-to-date: /home/rhobtor/PHD/ARGOJ8_IA/ARGOSJ8_IA_/install/ublox_msgs/include/ublox_msgs/ublox_msgs/msg/detail/nav_cov__builder.hpp
[292.394s] -- Up-to-date: /home/rhobtor/PHD/ARGOJ8_IA/ARGOSJ8_IA_/install/ublox_msgs/include/ublox_msgs/ublox_msgs/msg/detail/nav_dop__traits.hpp
[292.394s] -- Up-to-date: /home/rhobtor/PHD/ARGOJ8_IA/ARGOSJ8_IA_/install/ublox_msgs/include/ublox_msgs/ublox_msgs/msg/detail/cfg_rst__traits.hpp
[292.394s] -- Up-to-date: /home/rhobtor/PHD/ARGOJ8_IA/ARGOSJ8_IA_/install/ublox_msgs/include/ublox_msgs/ublox_msgs/msg/detail/aid_alm__type_support.hpp
[292.394s] -- Up-to-date: /home/rhobtor/PHD/ARGOJ8_IA/ARGOSJ8_IA_/install/ublox_msgs/include/ublox_msgs/ublox_msgs/msg/detail/aid_alm__traits.hpp
[292.394s] -- Up-to-date: /home/rhobtor/PHD/ARGOJ8_IA/ARGOSJ8_IA_/install/ublox_msgs/include/ublox_msgs/ublox_msgs/msg/detail/nav_relposned9__struct.hpp
[292.394s] -- Up-to-date: /home/rhobtor/PHD/ARGOJ8_IA/ARGOSJ8_IA_/install/ublox_msgs/include/ublox_msgs/ublox_msgs/msg/detail/esf_meas__builder.hpp
[292.395s] -- Up-to-date: /home/rhobtor/PHD/ARGOJ8_IA/ARGOSJ8_IA_/install/ublox_msgs/include/ublox_msgs/ublox_msgs/msg/detail/nav_posllh__traits.hpp
[292.395s] -- Up-to-date: /home/rhobtor/PHD/ARGOJ8_IA/ARGOSJ8_IA_/install/ublox_msgs/include/ublox_msgs/ublox_msgs/msg/detail/rxm_sfrb__type_support.hpp
[292.395s] -- Up-to-date: /home/rhobtor/PHD/ARGOJ8_IA/ARGOSJ8_IA_/install/ublox_msgs/include/ublox_msgs/ublox_msgs/msg/detail/cfg_cfg__traits.hpp
[292.395s] -- Up-to-date: /home/rhobtor/PHD/ARGOJ8_IA/ARGOSJ8_IA_/install/ublox_msgs/include/ublox_msgs/ublox_msgs/msg/detail/cfg_gnss_block__builder.hpp
[292.395s] -- Up-to-date: /home/rhobtor/PHD/ARGOJ8_IA/ARGOSJ8_IA_/install/ublox_msgs/include/ublox_msgs/ublox_msgs/msg/detail/cfg_navx5__struct.hpp
[292.395s] -- Up-to-date: /home/rhobtor/PHD/ARGOJ8_IA/ARGOSJ8_IA_/install/ublox_msgs/include/ublox_msgs/ublox_msgs/msg/detail/esf_meas__traits.hpp
[292.395s] -- Up-to-date: /home/rhobtor/PHD/ARGOJ8_IA/ARGOSJ8_IA_/install/ublox_msgs/include/ublox_msgs/ublox_msgs/msg/detail/esf_ins__builder.hpp
[292.395s] -- Up-to-date: /home/rhobtor/PHD/ARGOJ8_IA/ARGOSJ8_IA_/install/ublox_msgs/include/ublox_msgs/ublox_msgs/msg/detail/cfg_tmode3__struct.hpp
[292.395s] -- Up-to-date: /home/rhobtor/PHD/ARGOJ8_IA/ARGOSJ8_IA_/install/ublox_msgs/include/ublox_msgs/ublox_msgs/msg/detail/nav_sbas__struct.hpp
[292.395s] -- Up-to-date: /home/rhobtor/PHD/ARGOJ8_IA/ARGOSJ8_IA_/install/ublox_msgs/include/ublox_msgs/ublox_msgs/msg/detail/rxm_rawsv__builder.hpp
[292.395s] -- Up-to-date: /home/rhobtor/PHD/ARGOJ8_IA/ARGOSJ8_IA_/install/ublox_msgs/include/ublox_msgs/ublox_msgs/msg/detail/esf_status__builder.hpp
[292.395s] -- Up-to-date: /home/rhobtor/PHD/ARGOJ8_IA/ARGOSJ8_IA_/install/ublox_msgs/include/ublox_msgs/ublox_msgs/msg/detail/esf_raw_block__struct.hpp
[292.396s] -- Up-to-date: /home/rhobtor/PHD/ARGOJ8_IA/ARGOSJ8_IA_/install/ublox_msgs/include/ublox_msgs/ublox_msgs/msg/detail/rxm_rtcm__type_support.hpp
[292.396s] -- Up-to-date: /home/rhobtor/PHD/ARGOJ8_IA/ARGOSJ8_IA_/install/ublox_msgs/include/ublox_msgs/ublox_msgs/msg/detail/nav_sbassv__type_support.hpp
[292.396s] -- Up-to-date: /home/rhobtor/PHD/ARGOJ8_IA/ARGOSJ8_IA_/install/ublox_msgs/include/ublox_msgs/ublox_msgs/msg/detail/cfg_prt__struct.hpp
[292.396s] -- Up-to-date: /home/rhobtor/PHD/ARGOJ8_IA/ARGOSJ8_IA_/install/ublox_msgs/include/ublox_msgs/ublox_msgs/msg/detail/cfg_dat__traits.hpp
[292.396s] -- Up-to-date: /home/rhobtor/PHD/ARGOJ8_IA/ARGOSJ8_IA_/install/ublox_msgs/include/ublox_msgs/ublox_msgs/msg/detail/nav_posllh__struct.hpp
[292.396s] -- Up-to-date: /home/rhobtor/PHD/ARGOJ8_IA/ARGOSJ8_IA_/install/ublox_msgs/include/ublox_msgs/ublox_msgs/msg/detail/cfg_navx5__type_support.hpp
[292.396s] -- Up-to-date: /home/rhobtor/PHD/ARGOJ8_IA/ARGOSJ8_IA_/install/ublox_msgs/include/ublox_msgs/ublox_msgs/msg/detail/cfg_cfg__struct.hpp
[292.396s] -- Up-to-date: /home/rhobtor/PHD/ARGOJ8_IA/ARGOSJ8_IA_/install/ublox_msgs/include/ublox_msgs/ublox_msgs/msg/detail/cfg_rst__type_support.hpp
[292.396s] -- Up-to-date: /home/rhobtor/PHD/ARGOJ8_IA/ARGOSJ8_IA_/install/ublox_msgs/include/ublox_msgs/ublox_msgs/msg/detail/inf__struct.hpp
[292.396s] -- Up-to-date: /home/rhobtor/PHD/ARGOJ8_IA/ARGOSJ8_IA_/install/ublox_msgs/include/ublox_msgs/ublox_msgs/msg/detail/esf_status_sens__builder.hpp
[292.397s] -- Up-to-date: /home/rhobtor/PHD/ARGOJ8_IA/ARGOSJ8_IA_/install/ublox_msgs/include/ublox_msgs/ublox_msgs/msg/detail/nav_status__struct.hpp
[292.397s] -- Up-to-date: /home/rhobtor/PHD/ARGOJ8_IA/ARGOSJ8_IA_/install/ublox_msgs/include/ublox_msgs/ublox_msgs/msg/detail/nav_timegps__traits.hpp
[292.397s] -- Up-to-date: /home/rhobtor/PHD/ARGOJ8_IA/ARGOSJ8_IA_/install/ublox_msgs/include/ublox_msgs/ublox_msgs/msg/detail/cfg_inf_block__struct.hpp
[292.397s] -- Up-to-date: /home/rhobtor/PHD/ARGOJ8_IA/ARGOSJ8_IA_/install/ublox_msgs/include/ublox_msgs/ublox_msgs/msg/detail/nav_dop__builder.hpp
[292.397s] -- Up-to-date: /home/rhobtor/PHD/ARGOJ8_IA/ARGOSJ8_IA_/install/ublox_msgs/include/ublox_msgs/ublox_msgs/msg/detail/cfg_gnss__type_support.hpp
[292.397s] -- Up-to-date: /home/rhobtor/PHD/ARGOJ8_IA/ARGOSJ8_IA_/install/ublox_msgs/include/ublox_msgs/ublox_msgs/msg/detail/cfg_gnss__struct.hpp
[292.397s] -- Up-to-date: /home/rhobtor/PHD/ARGOJ8_IA/ARGOSJ8_IA_/install/ublox_msgs/include/ublox_msgs/ublox_msgs/msg/detail/nav_dgpssv__type_support.hpp
[292.397s] -- Up-to-date: /home/rhobtor/PHD/ARGOJ8_IA/ARGOSJ8_IA_/install/ublox_msgs/include/ublox_msgs/ublox_msgs/msg/detail/nav_velecef__struct.hpp
[292.397s] -- Up-to-date: /home/rhobtor/PHD/ARGOJ8_IA/ARGOSJ8_IA_/install/ublox_msgs/include/ublox_msgs/ublox_msgs/msg/detail/esf_status_sens__type_support.hpp
[292.397s] -- Up-to-date: /home/rhobtor/PHD/ARGOJ8_IA/ARGOSJ8_IA_/install/ublox_msgs/include/ublox_msgs/ublox_msgs/msg/detail/rxm_svsisv__struct.hpp
[292.397s] -- Up-to-date: /home/rhobtor/PHD/ARGOJ8_IA/ARGOSJ8_IA_/install/ublox_msgs/include/ublox_msgs/ublox_msgs/msg/detail/nav_clock__type_support.hpp
[292.397s] -- Up-to-date: /home/rhobtor/PHD/ARGOJ8_IA/ARGOSJ8_IA_/install/ublox_msgs/include/ublox_msgs/ublox_msgs/msg/detail/mon_gnss__type_support.hpp
[292.398s] -- Up-to-date: /home/rhobtor/PHD/ARGOJ8_IA/ARGOSJ8_IA_/install/ublox_msgs/include/ublox_msgs/ublox_msgs/msg/detail/nav_svinfo__type_support.hpp
[292.398s] -- Up-to-date: /home/rhobtor/PHD/ARGOJ8_IA/ARGOSJ8_IA_/install/ublox_msgs/include/ublox_msgs/ublox_msgs/msg/detail/nav_velned__type_support.hpp
[292.398s] -- Up-to-date: /home/rhobtor/PHD/ARGOJ8_IA/ARGOSJ8_IA_/install/ublox_msgs/include/ublox_msgs/ublox_msgs/msg/detail/esf_status__traits.hpp
[292.398s] -- Up-to-date: /home/rhobtor/PHD/ARGOJ8_IA/ARGOSJ8_IA_/install/ublox_msgs/include/ublox_msgs/ublox_msgs/msg/detail/cfg_rate__struct.hpp
[292.398s] -- Up-to-date: /home/rhobtor/PHD/ARGOJ8_IA/ARGOSJ8_IA_/install/ublox_msgs/include/ublox_msgs/ublox_msgs/msg/detail/cfg_hnr__builder.hpp
[292.398s] -- Up-to-date: /home/rhobtor/PHD/ARGOJ8_IA/ARGOSJ8_IA_/install/ublox_msgs/include/ublox_msgs/ublox_msgs/msg/detail/cfg_nmea7__type_support.hpp
[292.398s] -- Up-to-date: /home/rhobtor/PHD/ARGOJ8_IA/ARGOSJ8_IA_/install/ublox_msgs/include/ublox_msgs/ublox_msgs/msg/detail/cfg_prt__builder.hpp
[292.398s] -- Up-to-date: /home/rhobtor/PHD/ARGOJ8_IA/ARGOSJ8_IA_/install/ublox_msgs/include/ublox_msgs/ublox_msgs/msg/detail/upd_sos__builder.hpp
[292.398s] -- Up-to-date: /home/rhobtor/PHD/ARGOJ8_IA/ARGOSJ8_IA_/install/ublox_msgs/include/ublox_msgs/ublox_msgs/msg/detail/rxm_rawsv__type_support.hpp
[292.398s] -- Up-to-date: /home/rhobtor/PHD/ARGOJ8_IA/ARGOSJ8_IA_/install/ublox_msgs/include/ublox_msgs/ublox_msgs/msg/detail/cfg_cfg__type_support.hpp
[292.398s] -- Up-to-date: /home/rhobtor/PHD/ARGOJ8_IA/ARGOSJ8_IA_/install/ublox_msgs/include/ublox_msgs/ublox_msgs/msg/detail/rxm_svsi__builder.hpp
[292.398s] -- Up-to-date: /home/rhobtor/PHD/ARGOJ8_IA/ARGOSJ8_IA_/install/ublox_msgs/include/ublox_msgs/ublox_msgs/msg/detail/nav_sol__traits.hpp
[292.398s] -- Up-to-date: /home/rhobtor/PHD/ARGOJ8_IA/ARGOSJ8_IA_/install/ublox_msgs/include/ublox_msgs/ublox_msgs/msg/detail/cfg_sbas__traits.hpp
[292.399s] -- Up-to-date: /home/rhobtor/PHD/ARGOJ8_IA/ARGOSJ8_IA_/install/ublox_msgs/include/ublox_msgs/ublox_msgs/msg/detail/rxm_sfrb__struct.hpp
[292.399s] -- Up-to-date: /home/rhobtor/PHD/ARGOJ8_IA/ARGOSJ8_IA_/install/ublox_msgs/include/ublox_msgs/ublox_msgs/msg/detail/cfg_gnss__traits.hpp
[292.399s] -- Up-to-date: /home/rhobtor/PHD/ARGOJ8_IA/ARGOSJ8_IA_/install/ublox_msgs/include/ublox_msgs/ublox_msgs/msg/detail/mon_ver_extension__type_support.hpp
[292.399s] -- Up-to-date: /home/rhobtor/PHD/ARGOJ8_IA/ARGOSJ8_IA_/install/ublox_msgs/include/ublox_msgs/ublox_msgs/msg/detail/aid_alm__struct.hpp
[292.399s] -- Up-to-date: /home/rhobtor/PHD/ARGOJ8_IA/ARGOSJ8_IA_/install/ublox_msgs/include/ublox_msgs/ublox_msgs/msg/detail/nav_pvt__traits.hpp
[292.399s] -- Up-to-date: /home/rhobtor/PHD/ARGOJ8_IA/ARGOSJ8_IA_/install/ublox_msgs/include/ublox_msgs/ublox_msgs/msg/detail/nav_att__type_support.hpp
[292.399s] -- Up-to-date: /home/rhobtor/PHD/ARGOJ8_IA/ARGOSJ8_IA_/install/ublox_msgs/include/ublox_msgs/ublox_msgs/msg/detail/aid_eph__builder.hpp
[292.399s] -- Up-to-date: /home/rhobtor/PHD/ARGOJ8_IA/ARGOSJ8_IA_/install/ublox_msgs/include/ublox_msgs/ublox_msgs/msg/detail/cfg_dgnss__builder.hpp
[292.399s] -- Up-to-date: /home/rhobtor/PHD/ARGOJ8_IA/ARGOSJ8_IA_/install/ublox_msgs/include/ublox_msgs/ublox_msgs/msg/detail/cfg_msg__type_support.hpp
[292.400s] -- Up-to-date: /home/rhobtor/PHD/ARGOJ8_IA/ARGOSJ8_IA_/install/ublox_msgs/include/ublox_msgs/ublox_msgs/msg/detail/cfg_sbas__struct.hpp
[292.400s] -- Up-to-date: /home/rhobtor/PHD/ARGOJ8_IA/ARGOSJ8_IA_/install/ublox_msgs/include/ublox_msgs/ublox_msgs/msg/detail/esf_meas__type_support.hpp
[292.400s] -- Up-to-date: /home/rhobtor/PHD/ARGOJ8_IA/ARGOSJ8_IA_/install/ublox_msgs/include/ublox_msgs/ublox_msgs/msg/detail/nav_relposned__struct.hpp
[292.400s] -- Up-to-date: /home/rhobtor/PHD/ARGOJ8_IA/ARGOSJ8_IA_/install/ublox_msgs/include/ublox_msgs/ublox_msgs/msg/detail/nav_velecef__type_support.hpp
[292.400s] -- Up-to-date: /home/rhobtor/PHD/ARGOJ8_IA/ARGOSJ8_IA_/install/ublox_msgs/include/ublox_msgs/ublox_msgs/msg/detail/upd_sos_ack__struct.hpp
[292.400s] -- Up-to-date: /home/rhobtor/PHD/ARGOJ8_IA/ARGOSJ8_IA_/install/ublox_msgs/include/ublox_msgs/ublox_msgs/msg/detail/ack__builder.hpp
[292.400s] -- Up-to-date: /home/rhobtor/PHD/ARGOJ8_IA/ARGOSJ8_IA_/install/ublox_msgs/include/ublox_msgs/ublox_msgs/msg/detail/mon_ver_extension__traits.hpp
[292.401s] -- Up-to-date: /home/rhobtor/PHD/ARGOJ8_IA/ARGOSJ8_IA_/install/ublox_msgs/include/ublox_msgs/ublox_msgs/msg/detail/cfg_dgnss__traits.hpp
[292.401s] -- Up-to-date: /home/rhobtor/PHD/ARGOJ8_IA/ARGOSJ8_IA_/install/ublox_msgs/include/ublox_msgs/ublox_msgs/msg/detail/cfg_inf__builder.hpp
[292.401s] -- Up-to-date: /home/rhobtor/PHD/ARGOJ8_IA/ARGOSJ8_IA_/install/ublox_msgs/include/ublox_msgs/ublox_msgs/msg/detail/rxm_raw__type_support.hpp
[292.401s] -- Up-to-date: /home/rhobtor/PHD/ARGOJ8_IA/ARGOSJ8_IA_/install/ublox_msgs/include/ublox_msgs/ublox_msgs/msg/detail/nav_relposned9__traits.hpp
[292.401s] -- Up-to-date: /home/rhobtor/PHD/ARGOJ8_IA/ARGOSJ8_IA_/install/ublox_msgs/include/ublox_msgs/ublox_msgs/msg/detail/nav_dgps__type_support.hpp
[292.401s] -- Up-to-date: /home/rhobtor/PHD/ARGOJ8_IA/ARGOSJ8_IA_/install/ublox_msgs/include/ublox_msgs/ublox_msgs/msg/detail/esf_raw_block__type_support.hpp
[292.401s] -- Up-to-date: /home/rhobtor/PHD/ARGOJ8_IA/ARGOSJ8_IA_/install/ublox_msgs/include/ublox_msgs/ublox_msgs/msg/detail/rxm_rawx_meas__traits.hpp
[292.401s] -- Up-to-date: /home/rhobtor/PHD/ARGOJ8_IA/ARGOSJ8_IA_/install/ublox_msgs/include/ublox_msgs/ublox_msgs/msg/detail/aid_eph__type_support.hpp
[292.401s] -- Up-to-date: /home/rhobtor/PHD/ARGOJ8_IA/ARGOSJ8_IA_/install/ublox_msgs/include/ublox_msgs/ublox_msgs/msg/detail/cfg_nmea__traits.hpp
[292.401s] -- Up-to-date: /home/rhobtor/PHD/ARGOJ8_IA/ARGOSJ8_IA_/install/ublox_msgs/include/ublox_msgs/ublox_msgs/msg/detail/rxm_rawx_meas__struct.hpp
[292.401s] -- Up-to-date: /home/rhobtor/PHD/ARGOJ8_IA/ARGOSJ8_IA_/install/ublox_msgs/include/ublox_msgs/ublox_msgs/msg/detail/rxm_raw__struct.hpp
[292.401s] -- Up-to-date: /home/rhobtor/PHD/ARGOJ8_IA/ARGOSJ8_IA_/install/ublox_msgs/include/ublox_msgs/ublox_msgs/msg/detail/nav_satsv__type_support.hpp
[292.401s] -- Up-to-date: /home/rhobtor/PHD/ARGOJ8_IA/ARGOSJ8_IA_/install/ublox_msgs/include/ublox_msgs/ublox_msgs/msg/detail/rxm_alm__type_support.hpp
[292.402s] -- Up-to-date: /home/rhobtor/PHD/ARGOJ8_IA/ARGOSJ8_IA_/install/ublox_msgs/include/ublox_msgs/ublox_msgs/msg/detail/esf_raw_block__builder.hpp
[292.402s] -- Up-to-date: /home/rhobtor/PHD/ARGOJ8_IA/ARGOSJ8_IA_/install/ublox_msgs/include/ublox_msgs/ublox_msgs/msg/detail/nav_clock__struct.hpp
[292.402s] -- Up-to-date: /home/rhobtor/PHD/ARGOJ8_IA/ARGOSJ8_IA_/install/ublox_msgs/include/ublox_msgs/ublox_msgs/msg/detail/rxm_svsi__type_support.hpp
[292.402s] -- Up-to-date: /home/rhobtor/PHD/ARGOJ8_IA/ARGOSJ8_IA_/install/ublox_msgs/include/ublox_msgs/ublox_msgs/msg/detail/rxm_alm__builder.hpp
[292.402s] -- Up-to-date: /home/rhobtor/PHD/ARGOJ8_IA/ARGOSJ8_IA_/install/ublox_msgs/include/ublox_msgs/ublox_msgs/msg/detail/cfg_sbas__type_support.hpp
[292.402s] -- Up-to-date: /home/rhobtor/PHD/ARGOJ8_IA/ARGOSJ8_IA_/install/ublox_msgs/include/ublox_msgs/ublox_msgs/msg/detail/aid_eph__struct.hpp
[292.402s] -- Up-to-date: /home/rhobtor/PHD/ARGOJ8_IA/ARGOSJ8_IA_/install/ublox_msgs/include/ublox_msgs/ublox_msgs/msg/detail/nav_dgps__builder.hpp
[292.402s] -- Up-to-date: /home/rhobtor/PHD/ARGOJ8_IA/ARGOSJ8_IA_/install/ublox_msgs/include/ublox_msgs/ublox_msgs/msg/detail/nav_clock__builder.hpp
[292.402s] -- Up-to-date: /home/rhobtor/PHD/ARGOJ8_IA/ARGOSJ8_IA_/install/ublox_msgs/include/ublox_msgs/ublox_msgs/msg/detail/nav_svinfo__traits.hpp
[292.402s] -- Up-to-date: /home/rhobtor/PHD/ARGOJ8_IA/ARGOSJ8_IA_/install/ublox_msgs/include/ublox_msgs/ublox_msgs/msg/detail/rxm_eph__type_support.hpp
[292.402s] -- Up-to-date: /home/rhobtor/PHD/ARGOJ8_IA/ARGOSJ8_IA_/install/ublox_msgs/include/ublox_msgs/ublox_msgs/msg/detail/nav_timegps__builder.hpp
[292.402s] -- Up-to-date: /home/rhobtor/PHD/ARGOJ8_IA/ARGOSJ8_IA_/install/ublox_msgs/include/ublox_msgs/ublox_msgs/msg/detail/rxm_rtcm__builder.hpp
[292.402s] -- Up-to-date: /home/rhobtor/PHD/ARGOJ8_IA/ARGOSJ8_IA_/install/ublox_msgs/include/ublox_msgs/ublox_msgs/msg/detail/hnr_pvt__traits.hpp
[292.402s] -- Up-to-date: /home/rhobtor/PHD/ARGOJ8_IA/ARGOSJ8_IA_/install/ublox_msgs/include/ublox_msgs/ublox_msgs/msg/detail/cfg_prt__traits.hpp
[292.403s] -- Up-to-date: /home/rhobtor/PHD/ARGOJ8_IA/ARGOSJ8_IA_/install/ublox_msgs/include/ublox_msgs/ublox_msgs/msg/detail/inf__builder.hpp
[292.403s] -- Up-to-date: /home/rhobtor/PHD/ARGOJ8_IA/ARGOSJ8_IA_/install/ublox_msgs/include/ublox_msgs/ublox_msgs/msg/detail/upd_sos__traits.hpp
[292.403s] -- Up-to-date: /home/rhobtor/PHD/ARGOJ8_IA/ARGOSJ8_IA_/install/ublox_msgs/include/ublox_msgs/ublox_msgs/msg/detail/esf_status_sens__traits.hpp
[292.403s] -- Up-to-date: /home/rhobtor/PHD/ARGOJ8_IA/ARGOSJ8_IA_/install/ublox_msgs/include/ublox_msgs/ublox_msgs/msg/detail/cfg_prt__type_support.hpp
[292.403s] -- Up-to-date: /home/rhobtor/PHD/ARGOJ8_IA/ARGOSJ8_IA_/install/ublox_msgs/include/ublox_msgs/ublox_msgs/msg/detail/nav_pvt7__traits.hpp
[292.403s] -- Up-to-date: /home/rhobtor/PHD/ARGOJ8_IA/ARGOSJ8_IA_/install/ublox_msgs/include/ublox_msgs/ublox_msgs/msg/detail/cfg_nmea6__struct.hpp
[292.403s] -- Up-to-date: /home/rhobtor/PHD/ARGOJ8_IA/ARGOSJ8_IA_/install/ublox_msgs/include/ublox_msgs/ublox_msgs/msg/detail/nav_svinfosv__type_support.hpp
[292.403s] -- Up-to-date: /home/rhobtor/PHD/ARGOJ8_IA/ARGOSJ8_IA_/install/ublox_msgs/include/ublox_msgs/ublox_msgs/msg/detail/nav_sbassv__traits.hpp
[292.403s] -- Up-to-date: /home/rhobtor/PHD/ARGOJ8_IA/ARGOSJ8_IA_/install/ublox_msgs/include/ublox_msgs/ublox_msgs/msg/detail/cfg_gnss_block__traits.hpp
[292.403s] -- Up-to-date: /home/rhobtor/PHD/ARGOJ8_IA/ARGOSJ8_IA_/install/ublox_msgs/include/ublox_msgs/ublox_msgs/msg/detail/nav_sbassv__struct.hpp
[292.403s] -- Up-to-date: /home/rhobtor/PHD/ARGOJ8_IA/ARGOSJ8_IA_/install/ublox_msgs/include/ublox_msgs/ublox_msgs/msg/detail/esf_raw_block__traits.hpp
[292.403s] -- Up-to-date: /home/rhobtor/PHD/ARGOJ8_IA/ARGOSJ8_IA_/install/ublox_msgs/include/ublox_msgs/ublox_msgs/msg/detail/nav_sbas__type_support.hpp
[292.403s] -- Up-to-date: /home/rhobtor/PHD/ARGOJ8_IA/ARGOSJ8_IA_/install/ublox_msgs/include/ublox_msgs/ublox_msgs/msg/detail/cfg_inf_block__builder.hpp
[292.403s] -- Up-to-date: /home/rhobtor/PHD/ARGOJ8_IA/ARGOSJ8_IA_/install/ublox_msgs/include/ublox_msgs/ublox_msgs/msg/detail/cfg_usb__traits.hpp
[292.404s] -- Up-to-date: /home/rhobtor/PHD/ARGOJ8_IA/ARGOSJ8_IA_/install/ublox_msgs/include/ublox_msgs/ublox_msgs/msg/detail/nav_dgps__struct.hpp
[292.404s] -- Up-to-date: /home/rhobtor/PHD/ARGOJ8_IA/ARGOSJ8_IA_/install/ublox_msgs/include/ublox_msgs/ublox_msgs/msg/detail/nav_svinfosv__traits.hpp
[292.404s] -- Up-to-date: /home/rhobtor/PHD/ARGOJ8_IA/ARGOSJ8_IA_/install/ublox_msgs/include/ublox_msgs/ublox_msgs/msg/detail/upd_sos_ack__traits.hpp
[292.404s] -- Up-to-date: /home/rhobtor/PHD/ARGOJ8_IA/ARGOSJ8_IA_/install/ublox_msgs/include/ublox_msgs/ublox_msgs/msg/detail/rxm_eph__builder.hpp
[292.404s] -- Up-to-date: /home/rhobtor/PHD/ARGOJ8_IA/ARGOSJ8_IA_/install/ublox_msgs/include/ublox_msgs/ublox_msgs/msg/detail/cfg_dat__type_support.hpp
[292.404s] -- Up-to-date: /home/rhobtor/PHD/ARGOJ8_IA/ARGOSJ8_IA_/install/ublox_msgs/include/ublox_msgs/ublox_msgs/msg/detail/aid_hui__struct.hpp
[292.404s] -- Up-to-date: /home/rhobtor/PHD/ARGOJ8_IA/ARGOSJ8_IA_/install/ublox_msgs/include/ublox_msgs/ublox_msgs/msg/detail/nav_relposned__builder.hpp
[292.404s] -- Up-to-date: /home/rhobtor/PHD/ARGOJ8_IA/ARGOSJ8_IA_/install/ublox_msgs/include/ublox_msgs/ublox_msgs/msg/detail/nav_status__builder.hpp
[292.404s] -- Up-to-date: /home/rhobtor/PHD/ARGOJ8_IA/ARGOSJ8_IA_/install/ublox_msgs/include/ublox_msgs/ublox_msgs/msg/detail/cfg_cfg__builder.hpp
[292.404s] -- Up-to-date: /home/rhobtor/PHD/ARGOJ8_IA/ARGOSJ8_IA_/install/ublox_msgs/include/ublox_msgs/ublox_msgs/msg/detail/nav_posecef__type_support.hpp
[292.404s] -- Up-to-date: /home/rhobtor/PHD/ARGOJ8_IA/ARGOSJ8_IA_/install/ublox_msgs/include/ublox_msgs/ublox_msgs/msg/detail/nav_pvt7__struct.hpp
[292.404s] -- Up-to-date: /home/rhobtor/PHD/ARGOJ8_IA/ARGOSJ8_IA_/install/ublox_msgs/include/ublox_msgs/ublox_msgs/msg/detail/aid_hui__builder.hpp
[292.404s] -- Up-to-date: /home/rhobtor/PHD/ARGOJ8_IA/ARGOSJ8_IA_/install/ublox_msgs/include/ublox_msgs/ublox_msgs/msg/detail/nav_satsv__builder.hpp
[292.404s] -- Up-to-date: /home/rhobtor/PHD/ARGOJ8_IA/ARGOSJ8_IA_/install/ublox_msgs/include/ublox_msgs/ublox_msgs/msg/detail/cfg_gnss__builder.hpp
[292.404s] -- Up-to-date: /home/rhobtor/PHD/ARGOJ8_IA/ARGOSJ8_IA_/install/ublox_msgs/include/ublox_msgs/ublox_msgs/msg/detail/esf_status__struct.hpp
[292.404s] -- Up-to-date: /home/rhobtor/PHD/ARGOJ8_IA/ARGOSJ8_IA_/install/ublox_msgs/include/ublox_msgs/ublox_msgs/msg/detail/esf_raw__type_support.hpp
[292.404s] -- Up-to-date: /home/rhobtor/PHD/ARGOJ8_IA/ARGOSJ8_IA_/install/ublox_msgs/include/ublox_msgs/ublox_msgs/msg/detail/rxm_sfrb__builder.hpp
[292.404s] -- Up-to-date: /home/rhobtor/PHD/ARGOJ8_IA/ARGOSJ8_IA_/install/ublox_msgs/include/ublox_msgs/ublox_msgs/msg/detail/nav_svinfo__builder.hpp
[292.405s] -- Up-to-date: /home/rhobtor/PHD/ARGOJ8_IA/ARGOSJ8_IA_/install/ublox_msgs/include/ublox_msgs/ublox_msgs/msg/detail/upd_sos__struct.hpp
[292.405s] -- Up-to-date: /home/rhobtor/PHD/ARGOJ8_IA/ARGOSJ8_IA_/install/ublox_msgs/include/ublox_msgs/ublox_msgs/msg/detail/cfg_sbas__builder.hpp
[292.405s] -- Up-to-date: /home/rhobtor/PHD/ARGOJ8_IA/ARGOSJ8_IA_/install/ublox_msgs/include/ublox_msgs/ublox_msgs/msg/detail/aid_hui__type_support.hpp
[292.405s] -- Up-to-date: /home/rhobtor/PHD/ARGOJ8_IA/ARGOSJ8_IA_/install/ublox_msgs/include/ublox_msgs/ublox_msgs/msg/detail/ack__type_support.hpp
[292.405s] -- Up-to-date: /home/rhobtor/PHD/ARGOJ8_IA/ARGOSJ8_IA_/install/ublox_msgs/include/ublox_msgs/ublox_msgs/msg/detail/mon_gnss__builder.hpp
[292.405s] -- Up-to-date: /home/rhobtor/PHD/ARGOJ8_IA/ARGOSJ8_IA_/install/ublox_msgs/include/ublox_msgs/ublox_msgs/msg/detail/esf_ins__traits.hpp
[292.405s] -- Up-to-date: /home/rhobtor/PHD/ARGOJ8_IA/ARGOSJ8_IA_/install/ublox_msgs/include/ublox_msgs/ublox_msgs/msg/detail/tim_tm2__builder.hpp
[292.405s] -- Up-to-date: /home/rhobtor/PHD/ARGOJ8_IA/ARGOSJ8_IA_/install/ublox_msgs/include/ublox_msgs/ublox_msgs/msg/detail/cfg_nav5__struct.hpp
[292.405s] -- Up-to-date: /home/rhobtor/PHD/ARGOJ8_IA/ARGOSJ8_IA_/install/ublox_msgs/include/ublox_msgs/ublox_msgs/msg/detail/hnr_pvt__struct.hpp
[292.405s] -- Up-to-date: /home/rhobtor/PHD/ARGOJ8_IA/ARGOSJ8_IA_/install/ublox_msgs/include/ublox_msgs/ublox_msgs/msg/detail/rxm_rtcm__traits.hpp
[292.405s] -- Up-to-date: /home/rhobtor/PHD/ARGOJ8_IA/ARGOSJ8_IA_/install/ublox_msgs/include/ublox_msgs/ublox_msgs/msg/detail/cfg_nmea6__builder.hpp
[292.405s] -- Up-to-date: /home/rhobtor/PHD/ARGOJ8_IA/ARGOSJ8_IA_/install/ublox_msgs/include/ublox_msgs/ublox_msgs/msg/detail/esf_ins__struct.hpp
[292.405s] -- Up-to-date: /home/rhobtor/PHD/ARGOJ8_IA/ARGOSJ8_IA_/install/ublox_msgs/include/ublox_msgs/ublox_msgs/msg/detail/mga_gal__builder.hpp
[292.405s] -- Up-to-date: /home/rhobtor/PHD/ARGOJ8_IA/ARGOSJ8_IA_/install/ublox_msgs/include/ublox_msgs/ublox_msgs/msg/detail/nav_cov__traits.hpp
[292.405s] -- Up-to-date: /home/rhobtor/PHD/ARGOJ8_IA/ARGOSJ8_IA_/install/ublox_msgs/include/ublox_msgs/ublox_msgs/msg/detail/mon_gnss__traits.hpp
[292.405s] -- Up-to-date: /home/rhobtor/PHD/ARGOJ8_IA/ARGOSJ8_IA_/install/ublox_msgs/include/ublox_msgs/ublox_msgs/msg/detail/inf__traits.hpp
[292.406s] -- Up-to-date: /home/rhobtor/PHD/ARGOJ8_IA/ARGOSJ8_IA_/install/ublox_msgs/include/ublox_msgs/ublox_msgs/msg/detail/cfg_usb__type_support.hpp
[292.406s] -- Up-to-date: /home/rhobtor/PHD/ARGOJ8_IA/ARGOSJ8_IA_/install/ublox_msgs/include/ublox_msgs/ublox_msgs/msg/detail/mon_hw__struct.hpp
[292.406s] -- Up-to-date: /home/rhobtor/PHD/ARGOJ8_IA/ARGOSJ8_IA_/install/ublox_msgs/include/ublox_msgs/ublox_msgs/msg/detail/nav_sat__builder.hpp
[292.406s] -- Up-to-date: /home/rhobtor/PHD/ARGOJ8_IA/ARGOSJ8_IA_/install/ublox_msgs/include/ublox_msgs/ublox_msgs/msg/detail/aid_alm__builder.hpp
[292.406s] -- Up-to-date: /home/rhobtor/PHD/ARGOJ8_IA/ARGOSJ8_IA_/install/ublox_msgs/include/ublox_msgs/ublox_msgs/msg/detail/cfg_rate__builder.hpp
[292.406s] -- Up-to-date: /home/rhobtor/PHD/ARGOJ8_IA/ARGOSJ8_IA_/install/ublox_msgs/include/ublox_msgs/ublox_msgs/msg/detail/nav_sol__builder.hpp
[292.406s] -- Up-to-date: /home/rhobtor/PHD/ARGOJ8_IA/ARGOSJ8_IA_/install/ublox_msgs/include/ublox_msgs/ublox_msgs/msg/detail/cfg_msg__builder.hpp
[292.406s] -- Up-to-date: /home/rhobtor/PHD/ARGOJ8_IA/ARGOSJ8_IA_/install/ublox_msgs/include/ublox_msgs/ublox_msgs/msg/detail/cfg_nmea__type_support.hpp
[292.406s] -- Up-to-date: /home/rhobtor/PHD/ARGOJ8_IA/ARGOSJ8_IA_/install/ublox_msgs/include/ublox_msgs/ublox_msgs/msg/detail/nav_cov__type_support.hpp
[292.406s] -- Up-to-date: /home/rhobtor/PHD/ARGOJ8_IA/ARGOSJ8_IA_/install/ublox_msgs/include/ublox_msgs/ublox_msgs/msg/detail/rxm_raw__traits.hpp
[292.406s] -- Up-to-date: /home/rhobtor/PHD/ARGOJ8_IA/ARGOSJ8_IA_/install/ublox_msgs/include/ublox_msgs/ublox_msgs/msg/detail/esf_status__type_support.hpp
[292.406s] -- Up-to-date: /home/rhobtor/PHD/ARGOJ8_IA/ARGOSJ8_IA_/install/ublox_msgs/include/ublox_msgs/ublox_msgs/msg/detail/rxm_svsi__traits.hpp
[292.407s] -- Up-to-date: /home/rhobtor/PHD/ARGOJ8_IA/ARGOSJ8_IA_/install/ublox_msgs/include/ublox_msgs/ublox_msgs/msg/detail/rxm_svsisv__traits.hpp
[292.407s] -- Up-to-date: /home/rhobtor/PHD/ARGOJ8_IA/ARGOSJ8_IA_/install/ublox_msgs/include/ublox_msgs/ublox_msgs/msg/detail/rxm_rawx__builder.hpp
[292.407s] -- Up-to-date: /home/rhobtor/PHD/ARGOJ8_IA/ARGOSJ8_IA_/install/ublox_msgs/include/ublox_msgs/ublox_msgs/msg/detail/rxm_rawx_meas__type_support.hpp
[292.407s] -- Up-to-date: /home/rhobtor/PHD/ARGOJ8_IA/ARGOSJ8_IA_/install/ublox_msgs/include/ublox_msgs/ublox_msgs/msg/detail/cfg_ant__traits.hpp
[292.407s] -- Up-to-date: /home/rhobtor/PHD/ARGOJ8_IA/ARGOSJ8_IA_/install/ublox_msgs/include/ublox_msgs/ublox_msgs/msg/detail/rxm_raw__builder.hpp
[292.407s] -- Up-to-date: /home/rhobtor/PHD/ARGOJ8_IA/ARGOSJ8_IA_/install/ublox_msgs/include/ublox_msgs/ublox_msgs/msg/detail/nav_relposned9__builder.hpp
[292.407s] -- Up-to-date: /home/rhobtor/PHD/ARGOJ8_IA/ARGOSJ8_IA_/install/ublox_msgs/include/ublox_msgs/ublox_msgs/msg/detail/cfg_tmode3__builder.hpp
[292.407s] -- Up-to-date: /home/rhobtor/PHD/ARGOJ8_IA/ARGOSJ8_IA_/install/ublox_msgs/include/ublox_msgs/ublox_msgs/msg/detail/nav_sat__struct.hpp
[292.407s] -- Up-to-date: /home/rhobtor/PHD/ARGOJ8_IA/ARGOSJ8_IA_/install/ublox_msgs/include/ublox_msgs/ublox_msgs/msg/detail/rxm_svsisv__builder.hpp
[292.407s] -- Up-to-date: /home/rhobtor/PHD/ARGOJ8_IA/ARGOSJ8_IA_/install/ublox_msgs/include/ublox_msgs/ublox_msgs/msg/detail/mon_gnss__struct.hpp
[292.407s] -- Up-to-date: /home/rhobtor/PHD/ARGOJ8_IA/ARGOSJ8_IA_/install/ublox_msgs/include/ublox_msgs/ublox_msgs/msg/detail/nav_dgpssv__struct.hpp
[292.407s] -- Up-to-date: /home/rhobtor/PHD/ARGOJ8_IA/ARGOSJ8_IA_/install/ublox_msgs/include/ublox_msgs/ublox_msgs/msg/detail/nav_cov__struct.hpp
[292.407s] -- Up-to-date: /home/rhobtor/PHD/ARGOJ8_IA/ARGOSJ8_IA_/install/ublox_msgs/include/ublox_msgs/ublox_msgs/msg/detail/nav_velecef__traits.hpp
[292.408s] -- Up-to-date: /home/rhobtor/PHD/ARGOJ8_IA/ARGOSJ8_IA_/install/ublox_msgs/include/ublox_msgs/ublox_msgs/msg/detail/inf__type_support.hpp
[292.408s] -- Up-to-date: /home/rhobtor/PHD/ARGOJ8_IA/ARGOSJ8_IA_/install/ublox_msgs/include/ublox_msgs/ublox_msgs/msg/detail/rxm_rawx__type_support.hpp
[292.408s] -- Up-to-date: /home/rhobtor/PHD/ARGOJ8_IA/ARGOSJ8_IA_/install/ublox_msgs/include/ublox_msgs/ublox_msgs/msg/detail/nav_pvt__type_support.hpp
[292.408s] -- Up-to-date: /home/rhobtor/PHD/ARGOJ8_IA/ARGOSJ8_IA_/install/ublox_msgs/include/ublox_msgs/ublox_msgs/msg/detail/rxm_sfrbx__traits.hpp
[292.408s] -- Up-to-date: /home/rhobtor/PHD/ARGOJ8_IA/ARGOSJ8_IA_/install/ublox_msgs/include/ublox_msgs/ublox_msgs/msg/detail/nav_dop__struct.hpp
[292.408s] -- Up-to-date: /home/rhobtor/PHD/ARGOJ8_IA/ARGOSJ8_IA_/install/ublox_msgs/include/ublox_msgs/ublox_msgs/msg/detail/nav_pvt__struct.hpp
[292.408s] -- Up-to-date: /home/rhobtor/PHD/ARGOJ8_IA/ARGOSJ8_IA_/install/ublox_msgs/include/ublox_msgs/ublox_msgs/msg/detail/upd_sos_ack__builder.hpp
[292.408s] -- Up-to-date: /home/rhobtor/PHD/ARGOJ8_IA/ARGOSJ8_IA_/install/ublox_msgs/include/ublox_msgs/ublox_msgs/msg/detail/cfg_nmea7__struct.hpp
[292.408s] -- Up-to-date: /home/rhobtor/PHD/ARGOJ8_IA/ARGOSJ8_IA_/install/ublox_msgs/include/ublox_msgs/ublox_msgs/msg/detail/esf_raw__struct.hpp
[292.408s] -- Up-to-date: /home/rhobtor/PHD/ARGOJ8_IA/ARGOSJ8_IA_/install/ublox_msgs/include/ublox_msgs/ublox_msgs/msg/detail/nav_pvt__builder.hpp
[292.408s] -- Up-to-date: /home/rhobtor/PHD/ARGOJ8_IA/ARGOSJ8_IA_/install/ublox_msgs/include/ublox_msgs/ublox_msgs/msg/detail/cfg_rst__builder.hpp
[292.408s] -- Up-to-date: /home/rhobtor/PHD/ARGOJ8_IA/ARGOSJ8_IA_/install/ublox_msgs/include/ublox_msgs/ublox_msgs/msg/detail/nav_posecef__builder.hpp
[292.409s] -- Up-to-date: /home/rhobtor/PHD/ARGOJ8_IA/ARGOSJ8_IA_/install/ublox_msgs/include/ublox_msgs/ublox_msgs/msg/detail/nav_velned__builder.hpp
[292.409s] -- Up-to-date: /home/rhobtor/PHD/ARGOJ8_IA/ARGOSJ8_IA_/install/ublox_msgs/include/ublox_msgs/ublox_msgs/msg/detail/hnr_pvt__builder.hpp
[292.409s] -- Up-to-date: /home/rhobtor/PHD/ARGOJ8_IA/ARGOSJ8_IA_/install/ublox_msgs/include/ublox_msgs/ublox_msgs/msg/detail/rxm_rawsv__struct.hpp
[292.409s] -- Up-to-date: /home/rhobtor/PHD/ARGOJ8_IA/ARGOSJ8_IA_/install/ublox_msgs/include/ublox_msgs/ublox_msgs/msg/detail/nav_status__traits.hpp
[292.409s] -- Up-to-date: /home/rhobtor/PHD/ARGOJ8_IA/ARGOSJ8_IA_/install/ublox_msgs/include/ublox_msgs/ublox_msgs/msg/detail/mga_gal__traits.hpp
[292.409s] -- Up-to-date: /home/rhobtor/PHD/ARGOJ8_IA/ARGOSJ8_IA_/install/ublox_msgs/include/ublox_msgs/ublox_msgs/msg/detail/nav_svin__builder.hpp
[292.409s] -- Up-to-date: /home/rhobtor/PHD/ARGOJ8_IA/ARGOSJ8_IA_/install/ublox_msgs/include/ublox_msgs/ublox_msgs/msg/detail/cfg_hnr__struct.hpp
[292.409s] -- Up-to-date: /home/rhobtor/PHD/ARGOJ8_IA/ARGOSJ8_IA_/install/ublox_msgs/include/ublox_msgs/ublox_msgs/msg/detail/cfg_usb__builder.hpp
[292.409s] -- Up-to-date: /home/rhobtor/PHD/ARGOJ8_IA/ARGOSJ8_IA_/install/ublox_msgs/include/ublox_msgs/ublox_msgs/msg/detail/aid_hui__traits.hpp
[292.409s] -- Up-to-date: /home/rhobtor/PHD/ARGOJ8_IA/ARGOSJ8_IA_/install/ublox_msgs/include/ublox_msgs/ublox_msgs/msg/detail/mon_hw6__type_support.hpp
[292.410s] -- Up-to-date: /home/rhobtor/PHD/ARGOJ8_IA/ARGOSJ8_IA_/install/ublox_msgs/include/ublox_msgs/ublox_msgs/msg/detail/nav_dop__type_support.hpp
[292.410s] -- Up-to-date: /home/rhobtor/PHD/ARGOJ8_IA/ARGOSJ8_IA_/install/ublox_msgs/include/ublox_msgs/ublox_msgs/msg/detail/cfg_nmea6__traits.hpp
[292.410s] -- Up-to-date: /home/rhobtor/PHD/ARGOJ8_IA/ARGOSJ8_IA_/install/ublox_msgs/include/ublox_msgs/ublox_msgs/msg/detail/nav_sbas__traits.hpp
[292.410s] -- Up-to-date: /home/rhobtor/PHD/ARGOJ8_IA/ARGOSJ8_IA_/install/ublox_msgs/include/ublox_msgs/ublox_msgs/msg/detail/esf_raw__builder.hpp
[292.410s] -- Up-to-date: /home/rhobtor/PHD/ARGOJ8_IA/ARGOSJ8_IA_/install/ublox_msgs/include/ublox_msgs/ublox_msgs/msg/nav_timeutc.hpp
[292.410s] -- Up-to-date: /home/rhobtor/PHD/ARGOJ8_IA/ARGOSJ8_IA_/install/ublox_msgs/include/ublox_msgs/ublox_msgs/msg/tim_tm2.hpp
[292.410s] -- Up-to-date: /home/rhobtor/PHD/ARGOJ8_IA/ARGOSJ8_IA_/install/ublox_msgs/include/ublox_msgs/ublox_msgs/msg/cfg_gnss_block.hpp
[292.410s] -- Up-to-date: /home/rhobtor/PHD/ARGOJ8_IA/ARGOSJ8_IA_/install/ublox_msgs/include/ublox_msgs/ublox_msgs/msg/cfg_prt.hpp
[292.410s] -- Up-to-date: /home/rhobtor/PHD/ARGOJ8_IA/ARGOSJ8_IA_/install/ublox_msgs/include/ublox_msgs/ublox_msgs/msg/rxm_rtcm.hpp
[292.410s] -- Up-to-date: /home/rhobtor/PHD/ARGOJ8_IA/ARGOSJ8_IA_/install/ublox_msgs/include/ublox_msgs/ublox_msgs/msg/esf_meas.hpp
[292.410s] -- Up-to-date: /home/rhobtor/PHD/ARGOJ8_IA/ARGOSJ8_IA_/install/ublox_msgs/include/ublox_msgs/ublox_msgs/msg/mon_hw.hpp
[292.410s] -- Up-to-date: /home/rhobtor/PHD/ARGOJ8_IA/ARGOSJ8_IA_/install/ublox_msgs/include/ublox_msgs/ublox_msgs/msg/nav_relposned9.hpp
[292.411s] -- Up-to-date: /home/rhobtor/PHD/ARGOJ8_IA/ARGOSJ8_IA_/install/ublox_msgs/include/ublox_msgs/ublox_msgs/msg/hnr_pvt.hpp
[292.411s] -- Up-to-date: /home/rhobtor/PHD/ARGOJ8_IA/ARGOSJ8_IA_/install/ublox_msgs/include/ublox_msgs/ublox_msgs/msg/rxm_rawx.hpp
[292.411s] -- Up-to-date: /home/rhobtor/PHD/ARGOJ8_IA/ARGOSJ8_IA_/install/ublox_msgs/include/ublox_msgs/ublox_msgs/msg/cfg_gnss.hpp
[292.411s] -- Up-to-date: /home/rhobtor/PHD/ARGOJ8_IA/ARGOSJ8_IA_/install/ublox_msgs/include/ublox_msgs/ublox_msgs/msg/nav_velecef.hpp
[292.411s] -- Up-to-date: /home/rhobtor/PHD/ARGOJ8_IA/ARGOSJ8_IA_/install/ublox_msgs/include/ublox_msgs/ublox_msgs/msg/nav_sat.hpp
[292.411s] -- Up-to-date: /home/rhobtor/PHD/ARGOJ8_IA/ARGOSJ8_IA_/install/ublox_msgs/include/ublox_msgs/ublox_msgs/msg/esf_status.hpp
[292.411s] -- Up-to-date: /home/rhobtor/PHD/ARGOJ8_IA/ARGOSJ8_IA_/install/ublox_msgs/include/ublox_msgs/ublox_msgs/msg/esf_raw.hpp
[292.411s] -- Up-to-date: /home/rhobtor/PHD/ARGOJ8_IA/ARGOSJ8_IA_/install/ublox_msgs/include/ublox_msgs/ublox_msgs/msg/nav_svinfosv.hpp
[292.411s] -- Up-to-date: /home/rhobtor/PHD/ARGOJ8_IA/ARGOSJ8_IA_/install/ublox_msgs/include/ublox_msgs/ublox_msgs/msg/mga_gal.hpp
[292.411s] -- Up-to-date: /home/rhobtor/PHD/ARGOJ8_IA/ARGOSJ8_IA_/install/ublox_msgs/include/ublox_msgs/ublox_msgs/msg/rxm_svsisv.hpp
[292.411s] -- Up-to-date: /home/rhobtor/PHD/ARGOJ8_IA/ARGOSJ8_IA_/install/ublox_msgs/include/ublox_msgs/ublox_msgs/msg/nav_pvt.hpp
[292.411s] -- Up-to-date: /home/rhobtor/PHD/ARGOJ8_IA/ARGOSJ8_IA_/install/ublox_msgs/include/ublox_msgs/ublox_msgs/msg/cfg_sbas.hpp
[292.411s] -- Up-to-date: /home/rhobtor/PHD/ARGOJ8_IA/ARGOSJ8_IA_/install/ublox_msgs/include/ublox_msgs/ublox_msgs/msg/ack.hpp
[292.411s] -- Up-to-date: /home/rhobtor/PHD/ARGOJ8_IA/ARGOSJ8_IA_/install/ublox_msgs/include/ublox_msgs/ublox_msgs/msg/cfg_inf_block.hpp
[292.412s] -- Up-to-date: /home/rhobtor/PHD/ARGOJ8_IA/ARGOSJ8_IA_/install/ublox_msgs/include/ublox_msgs/ublox_msgs/msg/cfg_msg.hpp
[292.412s] -- Up-to-date: /home/rhobtor/PHD/ARGOJ8_IA/ARGOSJ8_IA_/install/ublox_msgs/include/ublox_msgs/ublox_msgs/msg/cfg_navx5.hpp
[292.412s] -- Up-to-date: /home/rhobtor/PHD/ARGOJ8_IA/ARGOSJ8_IA_/install/ublox_msgs/include/ublox_msgs/ublox_msgs/msg/mon_ver.hpp
[292.412s] -- Up-to-date: /home/rhobtor/PHD/ARGOJ8_IA/ARGOSJ8_IA_/install/ublox_msgs/include/ublox_msgs/ublox_msgs/msg/esf_status_sens.hpp
[292.412s] -- Up-to-date: /home/rhobtor/PHD/ARGOJ8_IA/ARGOSJ8_IA_/install/ublox_msgs/include/ublox_msgs/ublox_msgs/msg/aid_eph.hpp
[292.412s] -- Up-to-date: /home/rhobtor/PHD/ARGOJ8_IA/ARGOSJ8_IA_/install/ublox_msgs/include/ublox_msgs/ublox_msgs/msg/cfg_dat.hpp
[292.412s] -- Up-to-date: /home/rhobtor/PHD/ARGOJ8_IA/ARGOSJ8_IA_/install/ublox_msgs/include/ublox_msgs/ublox_msgs/msg/nav_status.hpp
[292.412s] -- Up-to-date: /home/rhobtor/PHD/ARGOJ8_IA/ARGOSJ8_IA_/install/ublox_msgs/include/ublox_msgs/ublox_msgs/msg/nav_satsv.hpp
[292.412s] -- Up-to-date: /home/rhobtor/PHD/ARGOJ8_IA/ARGOSJ8_IA_/install/ublox_msgs/include/ublox_msgs/ublox_msgs/msg/cfg_dgnss.hpp
[292.412s] -- Up-to-date: /home/rhobtor/PHD/ARGOJ8_IA/ARGOSJ8_IA_/install/ublox_msgs/include/ublox_msgs/ublox_msgs/msg/cfg_rate.hpp
[292.412s] -- Up-to-date: /home/rhobtor/PHD/ARGOJ8_IA/ARGOSJ8_IA_/install/ublox_msgs/include/ublox_msgs/ublox_msgs/msg/esf_ins.hpp
[292.412s] -- Up-to-date: /home/rhobtor/PHD/ARGOJ8_IA/ARGOSJ8_IA_/install/ublox_msgs/include/ublox_msgs/ublox_msgs
[292.412s] -- Up-to-date: /home/rhobtor/PHD/ARGOJ8_IA/ARGOSJ8_IA_/install/ublox_msgs/include/ublox_msgs/ublox_msgs/msg
[292.412s] -- Up-to-date: /home/rhobtor/PHD/ARGOJ8_IA/ARGOSJ8_IA_/install/ublox_msgs/include/ublox_msgs/ublox_msgs/msg/rosidl_typesupport_fastrtps_cpp__visibility_control.h
[292.412s] -- Up-to-date: /home/rhobtor/PHD/ARGOJ8_IA/ARGOSJ8_IA_/install/ublox_msgs/include/ublox_msgs/ublox_msgs/msg/detail
[292.412s] -- Up-to-date: /home/rhobtor/PHD/ARGOJ8_IA/ARGOSJ8_IA_/install/ublox_msgs/include/ublox_msgs/ublox_msgs/msg/detail/cfg_hnr__rosidl_typesupport_fastrtps_cpp.hpp
[292.413s] -- Up-to-date: /home/rhobtor/PHD/ARGOJ8_IA/ARGOSJ8_IA_/install/ublox_msgs/include/ublox_msgs/ublox_msgs/msg/detail/hnr_pvt__rosidl_typesupport_fastrtps_cpp.hpp
[292.413s] -- Up-to-date: /home/rhobtor/PHD/ARGOJ8_IA/ARGOSJ8_IA_/install/ublox_msgs/include/ublox_msgs/ublox_msgs/msg/detail/cfg_cfg__rosidl_typesupport_fastrtps_cpp.hpp
[292.413s] -- Up-to-date: /home/rhobtor/PHD/ARGOJ8_IA/ARGOSJ8_IA_/install/ublox_msgs/include/ublox_msgs/ublox_msgs/msg/detail/mon_hw__rosidl_typesupport_fastrtps_cpp.hpp
[292.413s] -- Up-to-date: /home/rhobtor/PHD/ARGOJ8_IA/ARGOSJ8_IA_/install/ublox_msgs/include/ublox_msgs/ublox_msgs/msg/detail/cfg_dgnss__rosidl_typesupport_fastrtps_cpp.hpp
[292.413s] -- Up-to-date: /home/rhobtor/PHD/ARGOJ8_IA/ARGOSJ8_IA_/install/ublox_msgs/include/ublox_msgs/ublox_msgs/msg/detail/cfg_navx5__rosidl_typesupport_fastrtps_cpp.hpp
[292.413s] -- Up-to-date: /home/rhobtor/PHD/ARGOJ8_IA/ARGOSJ8_IA_/install/ublox_msgs/include/ublox_msgs/ublox_msgs/msg/detail/cfg_nmea__rosidl_typesupport_fastrtps_cpp.hpp
[292.413s] -- Up-to-date: /home/rhobtor/PHD/ARGOJ8_IA/ARGOSJ8_IA_/install/ublox_msgs/include/ublox_msgs/ublox_msgs/msg/detail/rxm_rtcm__rosidl_typesupport_fastrtps_cpp.hpp
[292.413s] -- Up-to-date: /home/rhobtor/PHD/ARGOJ8_IA/ARGOSJ8_IA_/install/ublox_msgs/include/ublox_msgs/ublox_msgs/msg/detail/nav_timeutc__rosidl_typesupport_fastrtps_cpp.hpp
[292.413s] -- Up-to-date: /home/rhobtor/PHD/ARGOJ8_IA/ARGOSJ8_IA_/install/ublox_msgs/include/ublox_msgs/ublox_msgs/msg/detail/cfg_tmode3__rosidl_typesupport_fastrtps_cpp.hpp
[292.413s] -- Up-to-date: /home/rhobtor/PHD/ARGOJ8_IA/ARGOSJ8_IA_/install/ublox_msgs/include/ublox_msgs/ublox_msgs/msg/detail/nav_relposned__rosidl_typesupport_fastrtps_cpp.hpp
[292.413s] -- Up-to-date: /home/rhobtor/PHD/ARGOJ8_IA/ARGOSJ8_IA_/install/ublox_msgs/include/ublox_msgs/ublox_msgs/msg/detail/nav_velecef__rosidl_typesupport_fastrtps_cpp.hpp
[292.414s] -- Up-to-date: /home/rhobtor/PHD/ARGOJ8_IA/ARGOSJ8_IA_/install/ublox_msgs/include/ublox_msgs/ublox_msgs/msg/detail/cfg_inf_block__rosidl_typesupport_fastrtps_cpp.hpp
[292.414s] -- Up-to-date: /home/rhobtor/PHD/ARGOJ8_IA/ARGOSJ8_IA_/install/ublox_msgs/include/ublox_msgs/ublox_msgs/msg/detail/cfg_rst__rosidl_typesupport_fastrtps_cpp.hpp
[292.414s] -- Up-to-date: /home/rhobtor/PHD/ARGOJ8_IA/ARGOSJ8_IA_/install/ublox_msgs/include/ublox_msgs/ublox_msgs/msg/detail/nav_timegps__rosidl_typesupport_fastrtps_cpp.hpp
[292.414s] -- Up-to-date: /home/rhobtor/PHD/ARGOJ8_IA/ARGOSJ8_IA_/install/ublox_msgs/include/ublox_msgs/ublox_msgs/msg/detail/cfg_rate__rosidl_typesupport_fastrtps_cpp.hpp
[292.414s] -- Up-to-date: /home/rhobtor/PHD/ARGOJ8_IA/ARGOSJ8_IA_/install/ublox_msgs/include/ublox_msgs/ublox_msgs/msg/detail/mon_hw6__rosidl_typesupport_fastrtps_cpp.hpp
[292.414s] -- Up-to-date: /home/rhobtor/PHD/ARGOJ8_IA/ARGOSJ8_IA_/install/ublox_msgs/include/ublox_msgs/ublox_msgs/msg/detail/mon_gnss__rosidl_typesupport_fastrtps_cpp.hpp
[292.414s] -- Up-to-date: /home/rhobtor/PHD/ARGOJ8_IA/ARGOSJ8_IA_/install/ublox_msgs/include/ublox_msgs/ublox_msgs/msg/detail/rxm_svsi__rosidl_typesupport_fastrtps_cpp.hpp
[292.414s] -- Up-to-date: /home/rhobtor/PHD/ARGOJ8_IA/ARGOSJ8_IA_/install/ublox_msgs/include/ublox_msgs/ublox_msgs/msg/detail/nav_cov__rosidl_typesupport_fastrtps_cpp.hpp
[292.414s] -- Up-to-date: /home/rhobtor/PHD/ARGOJ8_IA/ARGOSJ8_IA_/install/ublox_msgs/include/ublox_msgs/ublox_msgs/msg/detail/nav_relposned9__rosidl_typesupport_fastrtps_cpp.hpp
[292.414s] -- Up-to-date: /home/rhobtor/PHD/ARGOJ8_IA/ARGOSJ8_IA_/install/ublox_msgs/include/ublox_msgs/ublox_msgs/msg/detail/esf_ins__rosidl_typesupport_fastrtps_cpp.hpp
[292.414s] -- Up-to-date: /home/rhobtor/PHD/ARGOJ8_IA/ARGOSJ8_IA_/install/ublox_msgs/include/ublox_msgs/ublox_msgs/msg/detail/nav_posllh__rosidl_typesupport_fastrtps_cpp.hpp
[292.414s] -- Up-to-date: /home/rhobtor/PHD/ARGOJ8_IA/ARGOSJ8_IA_/install/ublox_msgs/include/ublox_msgs/ublox_msgs/msg/detail/aid_hui__rosidl_typesupport_fastrtps_cpp.hpp
[292.414s] -- Up-to-date: /home/rhobtor/PHD/ARGOJ8_IA/ARGOSJ8_IA_/install/ublox_msgs/include/ublox_msgs/ublox_msgs/msg/detail/nav_pvt7__rosidl_typesupport_fastrtps_cpp.hpp
[292.415s] -- Up-to-date: /home/rhobtor/PHD/ARGOJ8_IA/ARGOSJ8_IA_/install/ublox_msgs/include/ublox_msgs/ublox_msgs/msg/detail/nav_dop__rosidl_typesupport_fastrtps_cpp.hpp
[292.415s] -- Up-to-date: /home/rhobtor/PHD/ARGOJ8_IA/ARGOSJ8_IA_/install/ublox_msgs/include/ublox_msgs/ublox_msgs/msg/detail/rxm_sfrb__rosidl_typesupport_fastrtps_cpp.hpp
[292.415s] -- Up-to-date: /home/rhobtor/PHD/ARGOJ8_IA/ARGOSJ8_IA_/install/ublox_msgs/include/ublox_msgs/ublox_msgs/msg/detail/nav_status__rosidl_typesupport_fastrtps_cpp.hpp
[292.415s] -- Up-to-date: /home/rhobtor/PHD/ARGOJ8_IA/ARGOSJ8_IA_/install/ublox_msgs/include/ublox_msgs/ublox_msgs/msg/detail/aid_alm__rosidl_typesupport_fastrtps_cpp.hpp
[292.415s] -- Up-to-date: /home/rhobtor/PHD/ARGOJ8_IA/ARGOSJ8_IA_/install/ublox_msgs/include/ublox_msgs/ublox_msgs/msg/detail/cfg_prt__rosidl_typesupport_fastrtps_cpp.hpp
[292.415s] -- Up-to-date: /home/rhobtor/PHD/ARGOJ8_IA/ARGOSJ8_IA_/install/ublox_msgs/include/ublox_msgs/ublox_msgs/msg/detail/nav_att__rosidl_typesupport_fastrtps_cpp.hpp
[292.415s] -- Up-to-date: /home/rhobtor/PHD/ARGOJ8_IA/ARGOSJ8_IA_/install/ublox_msgs/include/ublox_msgs/ublox_msgs/msg/detail/rxm_rawx__rosidl_typesupport_fastrtps_cpp.hpp
[292.415s] -- Up-to-date: /home/rhobtor/PHD/ARGOJ8_IA/ARGOSJ8_IA_/install/ublox_msgs/include/ublox_msgs/ublox_msgs/msg/detail/nav_svinfosv__rosidl_typesupport_fastrtps_cpp.hpp
[292.415s] -- Up-to-date: /home/rhobtor/PHD/ARGOJ8_IA/ARGOSJ8_IA_/install/ublox_msgs/include/ublox_msgs/ublox_msgs/msg/detail/aid_eph__rosidl_typesupport_fastrtps_cpp.hpp
[292.416s] -- Up-to-date: /home/rhobtor/PHD/ARGOJ8_IA/ARGOSJ8_IA_/install/ublox_msgs/include/ublox_msgs/ublox_msgs/msg/detail/rxm_rawx_meas__rosidl_typesupport_fastrtps_cpp.hpp
[292.416s] -- Up-to-date: /home/rhobtor/PHD/ARGOJ8_IA/ARGOSJ8_IA_/install/ublox_msgs/include/ublox_msgs/ublox_msgs/msg/detail/nav_clock__rosidl_typesupport_fastrtps_cpp.hpp
[292.416s] -- Up-to-date: /home/rhobtor/PHD/ARGOJ8_IA/ARGOSJ8_IA_/install/ublox_msgs/include/ublox_msgs/ublox_msgs/msg/detail/cfg_gnss__rosidl_typesupport_fastrtps_cpp.hpp
[292.416s] -- Up-to-date: /home/rhobtor/PHD/ARGOJ8_IA/ARGOSJ8_IA_/install/ublox_msgs/include/ublox_msgs/ublox_msgs/msg/detail/rxm_sfrbx__rosidl_typesupport_fastrtps_cpp.hpp
[292.416s] -- Up-to-date: /home/rhobtor/PHD/ARGOJ8_IA/ARGOSJ8_IA_/install/ublox_msgs/include/ublox_msgs/ublox_msgs/msg/detail/nav_sat__rosidl_typesupport_fastrtps_cpp.hpp
[292.416s] -- Up-to-date: /home/rhobtor/PHD/ARGOJ8_IA/ARGOSJ8_IA_/install/ublox_msgs/include/ublox_msgs/ublox_msgs/msg/detail/tim_tm2__rosidl_typesupport_fastrtps_cpp.hpp
[292.416s] -- Up-to-date: /home/rhobtor/PHD/ARGOJ8_IA/ARGOSJ8_IA_/install/ublox_msgs/include/ublox_msgs/ublox_msgs/msg/detail/cfg_dat__rosidl_typesupport_fastrtps_cpp.hpp
[292.416s] -- Up-to-date: /home/rhobtor/PHD/ARGOJ8_IA/ARGOSJ8_IA_/install/ublox_msgs/include/ublox_msgs/ublox_msgs/msg/detail/mon_ver__rosidl_typesupport_fastrtps_cpp.hpp
[292.416s] -- Up-to-date: /home/rhobtor/PHD/ARGOJ8_IA/ARGOSJ8_IA_/install/ublox_msgs/include/ublox_msgs/ublox_msgs/msg/detail/ack__rosidl_typesupport_fastrtps_cpp.hpp
[292.416s] -- Up-to-date: /home/rhobtor/PHD/ARGOJ8_IA/ARGOSJ8_IA_/install/ublox_msgs/include/ublox_msgs/ublox_msgs/msg/detail/mga_gal__rosidl_typesupport_fastrtps_cpp.hpp
[292.416s] -- Up-to-date: /home/rhobtor/PHD/ARGOJ8_IA/ARGOSJ8_IA_/install/ublox_msgs/include/ublox_msgs/ublox_msgs/msg/detail/nav_svinfo__rosidl_typesupport_fastrtps_cpp.hpp
[292.416s] -- Up-to-date: /home/rhobtor/PHD/ARGOJ8_IA/ARGOSJ8_IA_/install/ublox_msgs/include/ublox_msgs/ublox_msgs/msg/detail/dds_fastrtps
[292.417s] -- Up-to-date: /home/rhobtor/PHD/ARGOJ8_IA/ARGOSJ8_IA_/install/ublox_msgs/include/ublox_msgs/ublox_msgs/msg/detail/nav_pvt__rosidl_typesupport_fastrtps_cpp.hpp
[292.417s] -- Up-to-date: /home/rhobtor/PHD/ARGOJ8_IA/ARGOSJ8_IA_/install/ublox_msgs/include/ublox_msgs/ublox_msgs/msg/detail/cfg_sbas__rosidl_typesupport_fastrtps_cpp.hpp
[292.417s] -- Up-to-date: /home/rhobtor/PHD/ARGOJ8_IA/ARGOSJ8_IA_/install/ublox_msgs/include/ublox_msgs/ublox_msgs/msg/detail/esf_status_sens__rosidl_typesupport_fastrtps_cpp.hpp
[292.417s] -- Up-to-date: /home/rhobtor/PHD/ARGOJ8_IA/ARGOSJ8_IA_/install/ublox_msgs/include/ublox_msgs/ublox_msgs/msg/detail/esf_raw_block__rosidl_typesupport_fastrtps_cpp.hpp
[292.417s] -- Up-to-date: /home/rhobtor/PHD/ARGOJ8_IA/ARGOSJ8_IA_/install/ublox_msgs/include/ublox_msgs/ublox_msgs/msg/detail/cfg_ant__rosidl_typesupport_fastrtps_cpp.hpp
[292.417s] -- Up-to-date: /home/rhobtor/PHD/ARGOJ8_IA/ARGOSJ8_IA_/install/ublox_msgs/include/ublox_msgs/ublox_msgs/msg/detail/nav_sbas__rosidl_typesupport_fastrtps_cpp.hpp
[292.417s] -- Up-to-date: /home/rhobtor/PHD/ARGOJ8_IA/ARGOSJ8_IA_/install/ublox_msgs/include/ublox_msgs/ublox_msgs/msg/detail/cfg_nmea6__rosidl_typesupport_fastrtps_cpp.hpp
[292.417s] -- Up-to-date: /home/rhobtor/PHD/ARGOJ8_IA/ARGOSJ8_IA_/install/ublox_msgs/include/ublox_msgs/ublox_msgs/msg/detail/cfg_nav5__rosidl_typesupport_fastrtps_cpp.hpp
[292.417s] -- Up-to-date: /home/rhobtor/PHD/ARGOJ8_IA/ARGOSJ8_IA_/install/ublox_msgs/include/ublox_msgs/ublox_msgs/msg/detail/upd_sos__rosidl_typesupport_fastrtps_cpp.hpp
[292.417s] -- Up-to-date: /home/rhobtor/PHD/ARGOJ8_IA/ARGOSJ8_IA_/install/ublox_msgs/include/ublox_msgs/ublox_msgs/msg/detail/nav_sol__rosidl_typesupport_fastrtps_cpp.hpp
[292.417s] -- Up-to-date: /home/rhobtor/PHD/ARGOJ8_IA/ARGOSJ8_IA_/install/ublox_msgs/include/ublox_msgs/ublox_msgs/msg/detail/rxm_rawsv__rosidl_typesupport_fastrtps_cpp.hpp
[292.417s] -- Up-to-date: /home/rhobtor/PHD/ARGOJ8_IA/ARGOSJ8_IA_/install/ublox_msgs/include/ublox_msgs/ublox_msgs/msg/detail/rxm_alm__rosidl_typesupport_fastrtps_cpp.hpp
[292.417s] -- Up-to-date: /home/rhobtor/PHD/ARGOJ8_IA/ARGOSJ8_IA_/install/ublox_msgs/include/ublox_msgs/ublox_msgs/msg/detail/mon_ver_extension__rosidl_typesupport_fastrtps_cpp.hpp
[292.417s] -- Up-to-date: /home/rhobtor/PHD/ARGOJ8_IA/ARGOSJ8_IA_/install/ublox_msgs/include/ublox_msgs/ublox_msgs/msg/detail/cfg_usb__rosidl_typesupport_fastrtps_cpp.hpp
[292.417s] -- Up-to-date: /home/rhobtor/PHD/ARGOJ8_IA/ARGOSJ8_IA_/install/ublox_msgs/include/ublox_msgs/ublox_msgs/msg/detail/cfg_inf__rosidl_typesupport_fastrtps_cpp.hpp
[292.417s] -- Up-to-date: /home/rhobtor/PHD/ARGOJ8_IA/ARGOSJ8_IA_/install/ublox_msgs/include/ublox_msgs/ublox_msgs/msg/detail/cfg_gnss_block__rosidl_typesupport_fastrtps_cpp.hpp
[292.417s] -- Up-to-date: /home/rhobtor/PHD/ARGOJ8_IA/ARGOSJ8_IA_/install/ublox_msgs/include/ublox_msgs/ublox_msgs/msg/detail/nav_velned__rosidl_typesupport_fastrtps_cpp.hpp
[292.418s] -- Up-to-date: /home/rhobtor/PHD/ARGOJ8_IA/ARGOSJ8_IA_/install/ublox_msgs/include/ublox_msgs/ublox_msgs/msg/detail/nav_svin__rosidl_typesupport_fastrtps_cpp.hpp
[292.418s] -- Up-to-date: /home/rhobtor/PHD/ARGOJ8_IA/ARGOSJ8_IA_/install/ublox_msgs/include/ublox_msgs/ublox_msgs/msg/detail/nav_posecef__rosidl_typesupport_fastrtps_cpp.hpp
[292.418s] -- Up-to-date: /home/rhobtor/PHD/ARGOJ8_IA/ARGOSJ8_IA_/install/ublox_msgs/include/ublox_msgs/ublox_msgs/msg/detail/cfg_msg__rosidl_typesupport_fastrtps_cpp.hpp
[292.418s] -- Up-to-date: /home/rhobtor/PHD/ARGOJ8_IA/ARGOSJ8_IA_/install/ublox_msgs/include/ublox_msgs/ublox_msgs/msg/detail/nav_sbassv__rosidl_typesupport_fastrtps_cpp.hpp
[292.418s] -- Up-to-date: /home/rhobtor/PHD/ARGOJ8_IA/ARGOSJ8_IA_/install/ublox_msgs/include/ublox_msgs/ublox_msgs/msg/detail/nav_satsv__rosidl_typesupport_fastrtps_cpp.hpp
[292.418s] -- Up-to-date: /home/rhobtor/PHD/ARGOJ8_IA/ARGOSJ8_IA_/install/ublox_msgs/include/ublox_msgs/ublox_msgs/msg/detail/esf_meas__rosidl_typesupport_fastrtps_cpp.hpp
[292.418s] -- Up-to-date: /home/rhobtor/PHD/ARGOJ8_IA/ARGOSJ8_IA_/install/ublox_msgs/include/ublox_msgs/ublox_msgs/msg/detail/esf_status__rosidl_typesupport_fastrtps_cpp.hpp
[292.418s] -- Up-to-date: /home/rhobtor/PHD/ARGOJ8_IA/ARGOSJ8_IA_/install/ublox_msgs/include/ublox_msgs/ublox_msgs/msg/detail/rxm_eph__rosidl_typesupport_fastrtps_cpp.hpp
[292.418s] -- Up-to-date: /home/rhobtor/PHD/ARGOJ8_IA/ARGOSJ8_IA_/install/ublox_msgs/include/ublox_msgs/ublox_msgs/msg/detail/cfg_nmea7__rosidl_typesupport_fastrtps_cpp.hpp
[292.418s] -- Up-to-date: /home/rhobtor/PHD/ARGOJ8_IA/ARGOSJ8_IA_/install/ublox_msgs/include/ublox_msgs/ublox_msgs/msg/detail/esf_raw__rosidl_typesupport_fastrtps_cpp.hpp
[292.418s] -- Up-to-date: /home/rhobtor/PHD/ARGOJ8_IA/ARGOSJ8_IA_/install/ublox_msgs/include/ublox_msgs/ublox_msgs/msg/detail/inf__rosidl_typesupport_fastrtps_cpp.hpp
[292.418s] -- Up-to-date: /home/rhobtor/PHD/ARGOJ8_IA/ARGOSJ8_IA_/install/ublox_msgs/include/ublox_msgs/ublox_msgs/msg/detail/rxm_svsisv__rosidl_typesupport_fastrtps_cpp.hpp
[292.418s] -- Up-to-date: /home/rhobtor/PHD/ARGOJ8_IA/ARGOSJ8_IA_/install/ublox_msgs/include/ublox_msgs/ublox_msgs/msg/detail/upd_sos_ack__rosidl_typesupport_fastrtps_cpp.hpp
[292.418s] -- Up-to-date: /home/rhobtor/PHD/ARGOJ8_IA/ARGOSJ8_IA_/install/ublox_msgs/include/ublox_msgs/ublox_msgs/msg/detail/rxm_raw__rosidl_typesupport_fastrtps_cpp.hpp
[292.418s] -- Up-to-date: /home/rhobtor/PHD/ARGOJ8_IA/ARGOSJ8_IA_/install/ublox_msgs/include/ublox_msgs/ublox_msgs/msg/detail/nav_dgpssv__rosidl_typesupport_fastrtps_cpp.hpp
[292.418s] -- Up-to-date: /home/rhobtor/PHD/ARGOJ8_IA/ARGOSJ8_IA_/install/ublox_msgs/include/ublox_msgs/ublox_msgs/msg/detail/nav_dgps__rosidl_typesupport_fastrtps_cpp.hpp
[292.419s] -- Installing: /home/rhobtor/PHD/ARGOJ8_IA/ARGOSJ8_IA_/install/ublox_msgs/lib/libublox_msgs__rosidl_typesupport_fastrtps_cpp.so
[292.419s] -- Set non-toolchain portion of runtime path of "/home/rhobtor/PHD/ARGOJ8_IA/ARGOSJ8_IA_/install/ublox_msgs/lib/libublox_msgs__rosidl_typesupport_fastrtps_cpp.so" to ""
[292.419s] -- Up-to-date: /home/rhobtor/PHD/ARGOJ8_IA/ARGOSJ8_IA_/install/ublox_msgs/include/ublox_msgs/ublox_msgs
[292.419s] -- Up-to-date: /home/rhobtor/PHD/ARGOJ8_IA/ARGOSJ8_IA_/install/ublox_msgs/include/ublox_msgs/ublox_msgs/msg
[292.419s] -- Up-to-date: /home/rhobtor/PHD/ARGOJ8_IA/ARGOSJ8_IA_/install/ublox_msgs/include/ublox_msgs/ublox_msgs/msg/detail
[292.419s] -- Up-to-date: /home/rhobtor/PHD/ARGOJ8_IA/ARGOSJ8_IA_/install/ublox_msgs/include/ublox_msgs/ublox_msgs/msg/detail/esf_raw_block__type_support.cpp
[292.419s] -- Up-to-date: /home/rhobtor/PHD/ARGOJ8_IA/ARGOSJ8_IA_/install/ublox_msgs/include/ublox_msgs/ublox_msgs/msg/detail/cfg_inf__rosidl_typesupport_introspection_cpp.hpp
[292.419s] -- Up-to-date: /home/rhobtor/PHD/ARGOJ8_IA/ARGOSJ8_IA_/install/ublox_msgs/include/ublox_msgs/ublox_msgs/msg/detail/cfg_nmea6__type_support.cpp
[292.419s] -- Up-to-date: /home/rhobtor/PHD/ARGOJ8_IA/ARGOSJ8_IA_/install/ublox_msgs/include/ublox_msgs/ublox_msgs/msg/detail/nav_status__type_support.cpp
[292.419s] -- Up-to-date: /home/rhobtor/PHD/ARGOJ8_IA/ARGOSJ8_IA_/install/ublox_msgs/include/ublox_msgs/ublox_msgs/msg/detail/cfg_gnss_block__rosidl_typesupport_introspection_cpp.hpp
[292.419s] -- Up-to-date: /home/rhobtor/PHD/ARGOJ8_IA/ARGOSJ8_IA_/install/ublox_msgs/include/ublox_msgs/ublox_msgs/msg/detail/nav_relposned__rosidl_typesupport_introspection_cpp.hpp
[292.419s] -- Up-to-date: /home/rhobtor/PHD/ARGOJ8_IA/ARGOSJ8_IA_/install/ublox_msgs/include/ublox_msgs/ublox_msgs/msg/detail/mon_hw__rosidl_typesupport_introspection_cpp.hpp
[292.419s] -- Up-to-date: /home/rhobtor/PHD/ARGOJ8_IA/ARGOSJ8_IA_/install/ublox_msgs/include/ublox_msgs/ublox_msgs/msg/detail/rxm_svsisv__rosidl_typesupport_introspection_cpp.hpp
[292.420s] -- Up-to-date: /home/rhobtor/PHD/ARGOJ8_IA/ARGOSJ8_IA_/install/ublox_msgs/include/ublox_msgs/ublox_msgs/msg/detail/mon_ver__type_support.cpp
[292.420s] -- Up-to-date: /home/rhobtor/PHD/ARGOJ8_IA/ARGOSJ8_IA_/install/ublox_msgs/include/ublox_msgs/ublox_msgs/msg/detail/nav_svinfosv__rosidl_typesupport_introspection_cpp.hpp
[292.420s] -- Up-to-date: /home/rhobtor/PHD/ARGOJ8_IA/ARGOSJ8_IA_/install/ublox_msgs/include/ublox_msgs/ublox_msgs/msg/detail/cfg_nmea__rosidl_typesupport_introspection_cpp.hpp
[292.420s] -- Up-to-date: /home/rhobtor/PHD/ARGOJ8_IA/ARGOSJ8_IA_/install/ublox_msgs/include/ublox_msgs/ublox_msgs/msg/detail/nav_velecef__type_support.cpp
[292.420s] -- Up-to-date: /home/rhobtor/PHD/ARGOJ8_IA/ARGOSJ8_IA_/install/ublox_msgs/include/ublox_msgs/ublox_msgs/msg/detail/cfg_tmode3__type_support.cpp
[292.420s] -- Up-to-date: /home/rhobtor/PHD/ARGOJ8_IA/ARGOSJ8_IA_/install/ublox_msgs/include/ublox_msgs/ublox_msgs/msg/detail/rxm_alm__type_support.cpp
[292.420s] -- Up-to-date: /home/rhobtor/PHD/ARGOJ8_IA/ARGOSJ8_IA_/install/ublox_msgs/include/ublox_msgs/ublox_msgs/msg/detail/esf_meas__type_support.cpp
[292.420s] -- Up-to-date: /home/rhobtor/PHD/ARGOJ8_IA/ARGOSJ8_IA_/install/ublox_msgs/include/ublox_msgs/ublox_msgs/msg/detail/upd_sos__rosidl_typesupport_introspection_cpp.hpp
[292.420s] -- Up-to-date: /home/rhobtor/PHD/ARGOJ8_IA/ARGOSJ8_IA_/install/ublox_msgs/include/ublox_msgs/ublox_msgs/msg/detail/cfg_gnss__type_support.cpp
[292.420s] -- Up-to-date: /home/rhobtor/PHD/ARGOJ8_IA/ARGOSJ8_IA_/install/ublox_msgs/include/ublox_msgs/ublox_msgs/msg/detail/rxm_svsi__type_support.cpp
[292.420s] -- Up-to-date: /home/rhobtor/PHD/ARGOJ8_IA/ARGOSJ8_IA_/install/ublox_msgs/include/ublox_msgs/ublox_msgs/msg/detail/nav_timegps__rosidl_typesupport_introspection_cpp.hpp
[292.420s] -- Up-to-date: /home/rhobtor/PHD/ARGOJ8_IA/ARGOSJ8_IA_/install/ublox_msgs/include/ublox_msgs/ublox_msgs/msg/detail/nav_velned__type_support.cpp
[292.421s] -- Up-to-date: /home/rhobtor/PHD/ARGOJ8_IA/ARGOSJ8_IA_/install/ublox_msgs/include/ublox_msgs/ublox_msgs/msg/detail/cfg_nmea7__rosidl_typesupport_introspection_cpp.hpp
[292.421s] -- Up-to-date: /home/rhobtor/PHD/ARGOJ8_IA/ARGOSJ8_IA_/install/ublox_msgs/include/ublox_msgs/ublox_msgs/msg/detail/nav_clock__type_support.cpp
[292.421s] -- Up-to-date: /home/rhobtor/PHD/ARGOJ8_IA/ARGOSJ8_IA_/install/ublox_msgs/include/ublox_msgs/ublox_msgs/msg/detail/rxm_rawx_meas__type_support.cpp
[292.421s] -- Up-to-date: /home/rhobtor/PHD/ARGOJ8_IA/ARGOSJ8_IA_/install/ublox_msgs/include/ublox_msgs/ublox_msgs/msg/detail/aid_alm__rosidl_typesupport_introspection_cpp.hpp
[292.421s] -- Up-to-date: /home/rhobtor/PHD/ARGOJ8_IA/ARGOSJ8_IA_/install/ublox_msgs/include/ublox_msgs/ublox_msgs/msg/detail/aid_alm__type_support.cpp
[292.421s] -- Up-to-date: /home/rhobtor/PHD/ARGOJ8_IA/ARGOSJ8_IA_/install/ublox_msgs/include/ublox_msgs/ublox_msgs/msg/detail/rxm_rawx__type_support.cpp
[292.421s] -- Up-to-date: /home/rhobtor/PHD/ARGOJ8_IA/ARGOSJ8_IA_/install/ublox_msgs/include/ublox_msgs/ublox_msgs/msg/detail/nav_svinfosv__type_support.cpp
[292.421s] -- Up-to-date: /home/rhobtor/PHD/ARGOJ8_IA/ARGOSJ8_IA_/install/ublox_msgs/include/ublox_msgs/ublox_msgs/msg/detail/cfg_nmea6__rosidl_typesupport_introspection_cpp.hpp
[292.421s] -- Up-to-date: /home/rhobtor/PHD/ARGOJ8_IA/ARGOSJ8_IA_/install/ublox_msgs/include/ublox_msgs/ublox_msgs/msg/detail/aid_hui__type_support.cpp
[292.421s] -- Up-to-date: /home/rhobtor/PHD/ARGOJ8_IA/ARGOSJ8_IA_/install/ublox_msgs/include/ublox_msgs/ublox_msgs/msg/detail/cfg_dgnss__rosidl_typesupport_introspection_cpp.hpp
[292.421s] -- Up-to-date: /home/rhobtor/PHD/ARGOJ8_IA/ARGOSJ8_IA_/install/ublox_msgs/include/ublox_msgs/ublox_msgs/msg/detail/nav_posecef__rosidl_typesupport_introspection_cpp.hpp
[292.421s] -- Up-to-date: /home/rhobtor/PHD/ARGOJ8_IA/ARGOSJ8_IA_/install/ublox_msgs/include/ublox_msgs/ublox_msgs/msg/detail/nav_cov__rosidl_typesupport_introspection_cpp.hpp
[292.421s] -- Up-to-date: /home/rhobtor/PHD/ARGOJ8_IA/ARGOSJ8_IA_/install/ublox_msgs/include/ublox_msgs/ublox_msgs/msg/detail/cfg_hnr__type_support.cpp
[292.422s] -- Up-to-date: /home/rhobtor/PHD/ARGOJ8_IA/ARGOSJ8_IA_/install/ublox_msgs/include/ublox_msgs/ublox_msgs/msg/detail/nav_svinfo__rosidl_typesupport_introspection_cpp.hpp
[292.422s] -- Up-to-date: /home/rhobtor/PHD/ARGOJ8_IA/ARGOSJ8_IA_/install/ublox_msgs/include/ublox_msgs/ublox_msgs/msg/detail/cfg_ant__rosidl_typesupport_introspection_cpp.hpp
[292.422s] -- Up-to-date: /home/rhobtor/PHD/ARGOJ8_IA/ARGOSJ8_IA_/install/ublox_msgs/include/ublox_msgs/ublox_msgs/msg/detail/nav_cov__type_support.cpp
[292.422s] -- Up-to-date: /home/rhobtor/PHD/ARGOJ8_IA/ARGOSJ8_IA_/install/ublox_msgs/include/ublox_msgs/ublox_msgs/msg/detail/rxm_rawx_meas__rosidl_typesupport_introspection_cpp.hpp
[292.422s] -- Up-to-date: /home/rhobtor/PHD/ARGOJ8_IA/ARGOSJ8_IA_/install/ublox_msgs/include/ublox_msgs/ublox_msgs/msg/detail/mga_gal__type_support.cpp
[292.422s] -- Up-to-date: /home/rhobtor/PHD/ARGOJ8_IA/ARGOSJ8_IA_/install/ublox_msgs/include/ublox_msgs/ublox_msgs/msg/detail/nav_att__type_support.cpp
[292.422s] -- Up-to-date: /home/rhobtor/PHD/ARGOJ8_IA/ARGOSJ8_IA_/install/ublox_msgs/include/ublox_msgs/ublox_msgs/msg/detail/mon_ver_extension__type_support.cpp
[292.422s] -- Up-to-date: /home/rhobtor/PHD/ARGOJ8_IA/ARGOSJ8_IA_/install/ublox_msgs/include/ublox_msgs/ublox_msgs/msg/detail/upd_sos__type_support.cpp
[292.422s] -- Up-to-date: /home/rhobtor/PHD/ARGOJ8_IA/ARGOSJ8_IA_/install/ublox_msgs/include/ublox_msgs/ublox_msgs/msg/detail/nav_sol__type_support.cpp
[292.422s] -- Up-to-date: /home/rhobtor/PHD/ARGOJ8_IA/ARGOSJ8_IA_/install/ublox_msgs/include/ublox_msgs/ublox_msgs/msg/detail/nav_sat__rosidl_typesupport_introspection_cpp.hpp
[292.422s] -- Up-to-date: /home/rhobtor/PHD/ARGOJ8_IA/ARGOSJ8_IA_/install/ublox_msgs/include/ublox_msgs/ublox_msgs/msg/detail/nav_sbas__rosidl_typesupport_introspection_cpp.hpp
[292.422s] -- Up-to-date: /home/rhobtor/PHD/ARGOJ8_IA/ARGOSJ8_IA_/install/ublox_msgs/include/ublox_msgs/ublox_msgs/msg/detail/rxm_sfrbx__rosidl_typesupport_introspection_cpp.hpp
[292.422s] -- Up-to-date: /home/rhobtor/PHD/ARGOJ8_IA/ARGOSJ8_IA_/install/ublox_msgs/include/ublox_msgs/ublox_msgs/msg/detail/mon_hw6__rosidl_typesupport_introspection_cpp.hpp
[292.422s] -- Up-to-date: /home/rhobtor/PHD/ARGOJ8_IA/ARGOSJ8_IA_/install/ublox_msgs/include/ublox_msgs/ublox_msgs/msg/detail/cfg_prt__rosidl_typesupport_introspection_cpp.hpp
[292.423s] -- Up-to-date: /home/rhobtor/PHD/ARGOJ8_IA/ARGOSJ8_IA_/install/ublox_msgs/include/ublox_msgs/ublox_msgs/msg/detail/hnr_pvt__rosidl_typesupport_introspection_cpp.hpp
[292.423s] -- Up-to-date: /home/rhobtor/PHD/ARGOJ8_IA/ARGOSJ8_IA_/install/ublox_msgs/include/ublox_msgs/ublox_msgs/msg/detail/cfg_navx5__rosidl_typesupport_introspection_cpp.hpp
[292.423s] -- Up-to-date: /home/rhobtor/PHD/ARGOJ8_IA/ARGOSJ8_IA_/install/ublox_msgs/include/ublox_msgs/ublox_msgs/msg/detail/esf_ins__type_support.cpp
[292.423s] -- Up-to-date: /home/rhobtor/PHD/ARGOJ8_IA/ARGOSJ8_IA_/install/ublox_msgs/include/ublox_msgs/ublox_msgs/msg/detail/upd_sos_ack__rosidl_typesupport_introspection_cpp.hpp
[292.423s] -- Up-to-date: /home/rhobtor/PHD/ARGOJ8_IA/ARGOSJ8_IA_/install/ublox_msgs/include/ublox_msgs/ublox_msgs/msg/detail/mon_ver_extension__rosidl_typesupport_introspection_cpp.hpp
[292.423s] -- Up-to-date: /home/rhobtor/PHD/ARGOJ8_IA/ARGOSJ8_IA_/install/ublox_msgs/include/ublox_msgs/ublox_msgs/msg/detail/cfg_hnr__rosidl_typesupport_introspection_cpp.hpp
[292.423s] -- Up-to-date: /home/rhobtor/PHD/ARGOJ8_IA/ARGOSJ8_IA_/install/ublox_msgs/include/ublox_msgs/ublox_msgs/msg/detail/cfg_cfg__type_support.cpp
[292.423s] -- Up-to-date: /home/rhobtor/PHD/ARGOJ8_IA/ARGOSJ8_IA_/install/ublox_msgs/include/ublox_msgs/ublox_msgs/msg/detail/nav_sat__type_support.cpp
[292.423s] -- Up-to-date: /home/rhobtor/PHD/ARGOJ8_IA/ARGOSJ8_IA_/install/ublox_msgs/include/ublox_msgs/ublox_msgs/msg/detail/cfg_inf__type_support.cpp
[292.423s] -- Up-to-date: /home/rhobtor/PHD/ARGOJ8_IA/ARGOSJ8_IA_/install/ublox_msgs/include/ublox_msgs/ublox_msgs/msg/detail/mon_gnss__type_support.cpp
[292.424s] -- Up-to-date: /home/rhobtor/PHD/ARGOJ8_IA/ARGOSJ8_IA_/install/ublox_msgs/include/ublox_msgs/ublox_msgs/msg/detail/hnr_pvt__type_support.cpp
[292.424s] -- Up-to-date: /home/rhobtor/PHD/ARGOJ8_IA/ARGOSJ8_IA_/install/ublox_msgs/include/ublox_msgs/ublox_msgs/msg/detail/esf_status__rosidl_typesupport_introspection_cpp.hpp
[292.424s] -- Up-to-date: /home/rhobtor/PHD/ARGOJ8_IA/ARGOSJ8_IA_/install/ublox_msgs/include/ublox_msgs/ublox_msgs/msg/detail/nav_att__rosidl_typesupport_introspection_cpp.hpp
[292.424s] -- Up-to-date: /home/rhobtor/PHD/ARGOJ8_IA/ARGOSJ8_IA_/install/ublox_msgs/include/ublox_msgs/ublox_msgs/msg/detail/tim_tm2__rosidl_typesupport_introspection_cpp.hpp
[292.424s] -- Up-to-date: /home/rhobtor/PHD/ARGOJ8_IA/ARGOSJ8_IA_/install/ublox_msgs/include/ublox_msgs/ublox_msgs/msg/detail/nav_posllh__rosidl_typesupport_introspection_cpp.hpp
[292.424s] -- Up-to-date: /home/rhobtor/PHD/ARGOJ8_IA/ARGOSJ8_IA_/install/ublox_msgs/include/ublox_msgs/ublox_msgs/msg/detail/mon_ver__rosidl_typesupport_introspection_cpp.hpp
[292.424s] -- Up-to-date: /home/rhobtor/PHD/ARGOJ8_IA/ARGOSJ8_IA_/install/ublox_msgs/include/ublox_msgs/ublox_msgs/msg/detail/cfg_usb__type_support.cpp
[292.424s] -- Up-to-date: /home/rhobtor/PHD/ARGOJ8_IA/ARGOSJ8_IA_/install/ublox_msgs/include/ublox_msgs/ublox_msgs/msg/detail/ack__type_support.cpp
[292.424s] -- Up-to-date: /home/rhobtor/PHD/ARGOJ8_IA/ARGOSJ8_IA_/install/ublox_msgs/include/ublox_msgs/ublox_msgs/msg/detail/nav_satsv__rosidl_typesupport_introspection_cpp.hpp
[292.424s] -- Up-to-date: /home/rhobtor/PHD/ARGOJ8_IA/ARGOSJ8_IA_/install/ublox_msgs/include/ublox_msgs/ublox_msgs/msg/detail/esf_raw_block__rosidl_typesupport_introspection_cpp.hpp
[292.424s] -- Up-to-date: /home/rhobtor/PHD/ARGOJ8_IA/ARGOSJ8_IA_/install/ublox_msgs/include/ublox_msgs/ublox_msgs/msg/detail/cfg_rst__type_support.cpp
[292.424s] -- Up-to-date: /home/rhobtor/PHD/ARGOJ8_IA/ARGOSJ8_IA_/install/ublox_msgs/include/ublox_msgs/ublox_msgs/msg/detail/nav_status__rosidl_typesupport_introspection_cpp.hpp
[292.424s] -- Up-to-date: /home/rhobtor/PHD/ARGOJ8_IA/ARGOSJ8_IA_/install/ublox_msgs/include/ublox_msgs/ublox_msgs/msg/detail/ack__rosidl_typesupport_introspection_cpp.hpp
[292.424s] -- Up-to-date: /home/rhobtor/PHD/ARGOJ8_IA/ARGOSJ8_IA_/install/ublox_msgs/include/ublox_msgs/ublox_msgs/msg/detail/nav_relposned9__rosidl_typesupport_introspection_cpp.hpp
[292.424s] -- Up-to-date: /home/rhobtor/PHD/ARGOJ8_IA/ARGOSJ8_IA_/install/ublox_msgs/include/ublox_msgs/ublox_msgs/msg/detail/rxm_alm__rosidl_typesupport_introspection_cpp.hpp
[292.425s] -- Up-to-date: /home/rhobtor/PHD/ARGOJ8_IA/ARGOSJ8_IA_/install/ublox_msgs/include/ublox_msgs/ublox_msgs/msg/detail/rxm_svsisv__type_support.cpp
[292.425s] -- Up-to-date: /home/rhobtor/PHD/ARGOJ8_IA/ARGOSJ8_IA_/install/ublox_msgs/include/ublox_msgs/ublox_msgs/msg/detail/esf_status_sens__rosidl_typesupport_introspection_cpp.hpp
[292.425s] -- Up-to-date: /home/rhobtor/PHD/ARGOJ8_IA/ARGOSJ8_IA_/install/ublox_msgs/include/ublox_msgs/ublox_msgs/msg/detail/inf__type_support.cpp
[292.425s] -- Up-to-date: /home/rhobtor/PHD/ARGOJ8_IA/ARGOSJ8_IA_/install/ublox_msgs/include/ublox_msgs/ublox_msgs/msg/detail/rxm_raw__rosidl_typesupport_introspection_cpp.hpp
[292.425s] -- Up-to-date: /home/rhobtor/PHD/ARGOJ8_IA/ARGOSJ8_IA_/install/ublox_msgs/include/ublox_msgs/ublox_msgs/msg/detail/cfg_dat__type_support.cpp
[292.425s] -- Up-to-date: /home/rhobtor/PHD/ARGOJ8_IA/ARGOSJ8_IA_/install/ublox_msgs/include/ublox_msgs/ublox_msgs/msg/detail/esf_raw__rosidl_typesupport_introspection_cpp.hpp
[292.425s] -- Up-to-date: /home/rhobtor/PHD/ARGOJ8_IA/ARGOSJ8_IA_/install/ublox_msgs/include/ublox_msgs/ublox_msgs/msg/detail/esf_status__type_support.cpp
[292.425s] -- Up-to-date: /home/rhobtor/PHD/ARGOJ8_IA/ARGOSJ8_IA_/install/ublox_msgs/include/ublox_msgs/ublox_msgs/msg/detail/rxm_sfrb__type_support.cpp
[292.425s] -- Up-to-date: /home/rhobtor/PHD/ARGOJ8_IA/ARGOSJ8_IA_/install/ublox_msgs/include/ublox_msgs/ublox_msgs/msg/detail/esf_raw__type_support.cpp
[292.425s] -- Up-to-date: /home/rhobtor/PHD/ARGOJ8_IA/ARGOSJ8_IA_/install/ublox_msgs/include/ublox_msgs/ublox_msgs/msg/detail/tim_tm2__type_support.cpp
[292.425s] -- Up-to-date: /home/rhobtor/PHD/ARGOJ8_IA/ARGOSJ8_IA_/install/ublox_msgs/include/ublox_msgs/ublox_msgs/msg/detail/nav_relposned9__type_support.cpp
[292.425s] -- Up-to-date: /home/rhobtor/PHD/ARGOJ8_IA/ARGOSJ8_IA_/install/ublox_msgs/include/ublox_msgs/ublox_msgs/msg/detail/nav_timeutc__type_support.cpp
[292.425s] -- Up-to-date: /home/rhobtor/PHD/ARGOJ8_IA/ARGOSJ8_IA_/install/ublox_msgs/include/ublox_msgs/ublox_msgs/msg/detail/mga_gal__rosidl_typesupport_introspection_cpp.hpp
[292.425s] -- Up-to-date: /home/rhobtor/PHD/ARGOJ8_IA/ARGOSJ8_IA_/install/ublox_msgs/include/ublox_msgs/ublox_msgs/msg/detail/cfg_nmea7__type_support.cpp
[292.425s] -- Up-to-date: /home/rhobtor/PHD/ARGOJ8_IA/ARGOSJ8_IA_/install/ublox_msgs/include/ublox_msgs/ublox_msgs/msg/detail/cfg_msg__type_support.cpp
[292.425s] -- Up-to-date: /home/rhobtor/PHD/ARGOJ8_IA/ARGOSJ8_IA_/install/ublox_msgs/include/ublox_msgs/ublox_msgs/msg/detail/nav_pvt__type_support.cpp
[292.426s] -- Up-to-date: /home/rhobtor/PHD/ARGOJ8_IA/ARGOSJ8_IA_/install/ublox_msgs/include/ublox_msgs/ublox_msgs/msg/detail/nav_dgps__rosidl_typesupport_introspection_cpp.hpp
[292.426s] -- Up-to-date: /home/rhobtor/PHD/ARGOJ8_IA/ARGOSJ8_IA_/install/ublox_msgs/include/ublox_msgs/ublox_msgs/msg/detail/nav_velecef__rosidl_typesupport_introspection_cpp.hpp
[292.426s] -- Up-to-date: /home/rhobtor/PHD/ARGOJ8_IA/ARGOSJ8_IA_/install/ublox_msgs/include/ublox_msgs/ublox_msgs/msg/detail/cfg_sbas__type_support.cpp
[292.426s] -- Up-to-date: /home/rhobtor/PHD/ARGOJ8_IA/ARGOSJ8_IA_/install/ublox_msgs/include/ublox_msgs/ublox_msgs/msg/detail/cfg_tmode3__rosidl_typesupport_introspection_cpp.hpp
[292.426s] -- Up-to-date: /home/rhobtor/PHD/ARGOJ8_IA/ARGOSJ8_IA_/install/ublox_msgs/include/ublox_msgs/ublox_msgs/msg/detail/nav_sol__rosidl_typesupport_introspection_cpp.hpp
[292.426s] -- Up-to-date: /home/rhobtor/PHD/ARGOJ8_IA/ARGOSJ8_IA_/install/ublox_msgs/include/ublox_msgs/ublox_msgs/msg/detail/mon_hw6__type_support.cpp
[292.426s] -- Up-to-date: /home/rhobtor/PHD/ARGOJ8_IA/ARGOSJ8_IA_/install/ublox_msgs/include/ublox_msgs/ublox_msgs/msg/detail/rxm_raw__type_support.cpp
[292.426s] -- Up-to-date: /home/rhobtor/PHD/ARGOJ8_IA/ARGOSJ8_IA_/install/ublox_msgs/include/ublox_msgs/ublox_msgs/msg/detail/cfg_rst__rosidl_typesupport_introspection_cpp.hpp
[292.426s] -- Up-to-date: /home/rhobtor/PHD/ARGOJ8_IA/ARGOSJ8_IA_/install/ublox_msgs/include/ublox_msgs/ublox_msgs/msg/detail/nav_timeutc__rosidl_typesupport_introspection_cpp.hpp
[292.426s] -- Up-to-date: /home/rhobtor/PHD/ARGOJ8_IA/ARGOSJ8_IA_/install/ublox_msgs/include/ublox_msgs/ublox_msgs/msg/detail/cfg_dgnss__type_support.cpp
[292.426s] -- Up-to-date: /home/rhobtor/PHD/ARGOJ8_IA/ARGOSJ8_IA_/install/ublox_msgs/include/ublox_msgs/ublox_msgs/msg/detail/rxm_sfrb__rosidl_typesupport_introspection_cpp.hpp
[292.426s] -- Up-to-date: /home/rhobtor/PHD/ARGOJ8_IA/ARGOSJ8_IA_/install/ublox_msgs/include/ublox_msgs/ublox_msgs/msg/detail/nav_svin__type_support.cpp
[292.426s] -- Up-to-date: /home/rhobtor/PHD/ARGOJ8_IA/ARGOSJ8_IA_/install/ublox_msgs/include/ublox_msgs/ublox_msgs/msg/detail/cfg_gnss_block__type_support.cpp
[292.426s] -- Up-to-date: /home/rhobtor/PHD/ARGOJ8_IA/ARGOSJ8_IA_/install/ublox_msgs/include/ublox_msgs/ublox_msgs/msg/detail/rxm_rawx__rosidl_typesupport_introspection_cpp.hpp
[292.427s] -- Up-to-date: /home/rhobtor/PHD/ARGOJ8_IA/ARGOSJ8_IA_/install/ublox_msgs/include/ublox_msgs/ublox_msgs/msg/detail/rxm_svsi__rosidl_typesupport_introspection_cpp.hpp
[292.427s] -- Up-to-date: /home/rhobtor/PHD/ARGOJ8_IA/ARGOSJ8_IA_/install/ublox_msgs/include/ublox_msgs/ublox_msgs/msg/detail/cfg_gnss__rosidl_typesupport_introspection_cpp.hpp
[292.427s] -- Up-to-date: /home/rhobtor/PHD/ARGOJ8_IA/ARGOSJ8_IA_/install/ublox_msgs/include/ublox_msgs/ublox_msgs/msg/detail/inf__rosidl_typesupport_introspection_cpp.hpp
[292.427s] -- Up-to-date: /home/rhobtor/PHD/ARGOJ8_IA/ARGOSJ8_IA_/install/ublox_msgs/include/ublox_msgs/ublox_msgs/msg/detail/mon_hw__type_support.cpp
[292.427s] -- Up-to-date: /home/rhobtor/PHD/ARGOJ8_IA/ARGOSJ8_IA_/install/ublox_msgs/include/ublox_msgs/ublox_msgs/msg/detail/aid_eph__rosidl_typesupport_introspection_cpp.hpp
[292.427s] -- Up-to-date: /home/rhobtor/PHD/ARGOJ8_IA/ARGOSJ8_IA_/install/ublox_msgs/include/ublox_msgs/ublox_msgs/msg/detail/aid_hui__rosidl_typesupport_introspection_cpp.hpp
[292.427s] -- Up-to-date: /home/rhobtor/PHD/ARGOJ8_IA/ARGOSJ8_IA_/install/ublox_msgs/include/ublox_msgs/ublox_msgs/msg/detail/rxm_eph__type_support.cpp
[292.427s] -- Up-to-date: /home/rhobtor/PHD/ARGOJ8_IA/ARGOSJ8_IA_/install/ublox_msgs/include/ublox_msgs/ublox_msgs/msg/detail/cfg_inf_block__rosidl_typesupport_introspection_cpp.hpp
[292.427s] -- Up-to-date: /home/rhobtor/PHD/ARGOJ8_IA/ARGOSJ8_IA_/install/ublox_msgs/include/ublox_msgs/ublox_msgs/msg/detail/rxm_rtcm__rosidl_typesupport_introspection_cpp.hpp
[292.427s] -- Up-to-date: /home/rhobtor/PHD/ARGOJ8_IA/ARGOSJ8_IA_/install/ublox_msgs/include/ublox_msgs/ublox_msgs/msg/detail/esf_ins__rosidl_typesupport_introspection_cpp.hpp
[292.427s] -- Up-to-date: /home/rhobtor/PHD/ARGOJ8_IA/ARGOSJ8_IA_/install/ublox_msgs/include/ublox_msgs/ublox_msgs/msg/detail/nav_pvt7__type_support.cpp
[292.427s] -- Up-to-date: /home/rhobtor/PHD/ARGOJ8_IA/ARGOSJ8_IA_/install/ublox_msgs/include/ublox_msgs/ublox_msgs/msg/detail/cfg_inf_block__type_support.cpp
[292.427s] -- Up-to-date: /home/rhobtor/PHD/ARGOJ8_IA/ARGOSJ8_IA_/install/ublox_msgs/include/ublox_msgs/ublox_msgs/msg/detail/esf_status_sens__type_support.cpp
[292.427s] -- Up-to-date: /home/rhobtor/PHD/ARGOJ8_IA/ARGOSJ8_IA_/install/ublox_msgs/include/ublox_msgs/ublox_msgs/msg/detail/mon_gnss__rosidl_typesupport_introspection_cpp.hpp
[292.427s] -- Up-to-date: /home/rhobtor/PHD/ARGOJ8_IA/ARGOSJ8_IA_/install/ublox_msgs/include/ublox_msgs/ublox_msgs/msg/detail/nav_svin__rosidl_typesupport_introspection_cpp.hpp
[292.427s] -- Up-to-date: /home/rhobtor/PHD/ARGOJ8_IA/ARGOSJ8_IA_/install/ublox_msgs/include/ublox_msgs/ublox_msgs/msg/detail/cfg_dat__rosidl_typesupport_introspection_cpp.hpp
[292.427s] -- Up-to-date: /home/rhobtor/PHD/ARGOJ8_IA/ARGOSJ8_IA_/install/ublox_msgs/include/ublox_msgs/ublox_msgs/msg/detail/nav_dgpssv__type_support.cpp
[292.428s] -- Up-to-date: /home/rhobtor/PHD/ARGOJ8_IA/ARGOSJ8_IA_/install/ublox_msgs/include/ublox_msgs/ublox_msgs/msg/detail/cfg_nmea__type_support.cpp
[292.428s] -- Up-to-date: /home/rhobtor/PHD/ARGOJ8_IA/ARGOSJ8_IA_/install/ublox_msgs/include/ublox_msgs/ublox_msgs/msg/detail/cfg_cfg__rosidl_typesupport_introspection_cpp.hpp
[292.428s] -- Up-to-date: /home/rhobtor/PHD/ARGOJ8_IA/ARGOSJ8_IA_/install/ublox_msgs/include/ublox_msgs/ublox_msgs/msg/detail/nav_sbassv__rosidl_typesupport_introspection_cpp.hpp
[292.428s] -- Up-to-date: /home/rhobtor/PHD/ARGOJ8_IA/ARGOSJ8_IA_/install/ublox_msgs/include/ublox_msgs/ublox_msgs/msg/detail/cfg_usb__rosidl_typesupport_introspection_cpp.hpp
[292.428s] -- Up-to-date: /home/rhobtor/PHD/ARGOJ8_IA/ARGOSJ8_IA_/install/ublox_msgs/include/ublox_msgs/ublox_msgs/msg/detail/rxm_sfrbx__type_support.cpp
[292.428s] -- Up-to-date: /home/rhobtor/PHD/ARGOJ8_IA/ARGOSJ8_IA_/install/ublox_msgs/include/ublox_msgs/ublox_msgs/msg/detail/cfg_sbas__rosidl_typesupport_introspection_cpp.hpp
[292.428s] -- Up-to-date: /home/rhobtor/PHD/ARGOJ8_IA/ARGOSJ8_IA_/install/ublox_msgs/include/ublox_msgs/ublox_msgs/msg/detail/aid_eph__type_support.cpp
[292.428s] -- Up-to-date: /home/rhobtor/PHD/ARGOJ8_IA/ARGOSJ8_IA_/install/ublox_msgs/include/ublox_msgs/ublox_msgs/msg/detail/nav_dgps__type_support.cpp
[292.428s] -- Up-to-date: /home/rhobtor/PHD/ARGOJ8_IA/ARGOSJ8_IA_/install/ublox_msgs/include/ublox_msgs/ublox_msgs/msg/detail/nav_svinfo__type_support.cpp
[292.428s] -- Up-to-date: /home/rhobtor/PHD/ARGOJ8_IA/ARGOSJ8_IA_/install/ublox_msgs/include/ublox_msgs/ublox_msgs/msg/detail/cfg_nav5__rosidl_typesupport_introspection_cpp.hpp
[292.428s] -- Up-to-date: /home/rhobtor/PHD/ARGOJ8_IA/ARGOSJ8_IA_/install/ublox_msgs/include/ublox_msgs/ublox_msgs/msg/detail/nav_posecef__type_support.cpp
[292.428s] -- Up-to-date: /home/rhobtor/PHD/ARGOJ8_IA/ARGOSJ8_IA_/install/ublox_msgs/include/ublox_msgs/ublox_msgs/msg/detail/rxm_rawsv__type_support.cpp
[292.428s] -- Up-to-date: /home/rhobtor/PHD/ARGOJ8_IA/ARGOSJ8_IA_/install/ublox_msgs/include/ublox_msgs/ublox_msgs/msg/detail/cfg_navx5__type_support.cpp
[292.428s] -- Up-to-date: /home/rhobtor/PHD/ARGOJ8_IA/ARGOSJ8_IA_/install/ublox_msgs/include/ublox_msgs/ublox_msgs/msg/detail/nav_sbas__type_support.cpp
[292.429s] -- Up-to-date: /home/rhobtor/PHD/ARGOJ8_IA/ARGOSJ8_IA_/install/ublox_msgs/include/ublox_msgs/ublox_msgs/msg/detail/nav_pvt7__rosidl_typesupport_introspection_cpp.hpp
[292.429s] -- Up-to-date: /home/rhobtor/PHD/ARGOJ8_IA/ARGOSJ8_IA_/install/ublox_msgs/include/ublox_msgs/ublox_msgs/msg/detail/rxm_rawsv__rosidl_typesupport_introspection_cpp.hpp
[292.429s] -- Up-to-date: /home/rhobtor/PHD/ARGOJ8_IA/ARGOSJ8_IA_/install/ublox_msgs/include/ublox_msgs/ublox_msgs/msg/detail/nav_relposned__type_support.cpp
[292.429s] -- Up-to-date: /home/rhobtor/PHD/ARGOJ8_IA/ARGOSJ8_IA_/install/ublox_msgs/include/ublox_msgs/ublox_msgs/msg/detail/nav_dgpssv__rosidl_typesupport_introspection_cpp.hpp
[292.429s] -- Up-to-date: /home/rhobtor/PHD/ARGOJ8_IA/ARGOSJ8_IA_/install/ublox_msgs/include/ublox_msgs/ublox_msgs/msg/detail/nav_pvt__rosidl_typesupport_introspection_cpp.hpp
[292.429s] -- Up-to-date: /home/rhobtor/PHD/ARGOJ8_IA/ARGOSJ8_IA_/install/ublox_msgs/include/ublox_msgs/ublox_msgs/msg/detail/nav_velned__rosidl_typesupport_introspection_cpp.hpp
[292.429s] -- Up-to-date: /home/rhobtor/PHD/ARGOJ8_IA/ARGOSJ8_IA_/install/ublox_msgs/include/ublox_msgs/ublox_msgs/msg/detail/rxm_rtcm__type_support.cpp
[292.429s] -- Up-to-date: /home/rhobtor/PHD/ARGOJ8_IA/ARGOSJ8_IA_/install/ublox_msgs/include/ublox_msgs/ublox_msgs/msg/detail/cfg_rate__type_support.cpp
[292.429s] -- Up-to-date: /home/rhobtor/PHD/ARGOJ8_IA/ARGOSJ8_IA_/install/ublox_msgs/include/ublox_msgs/ublox_msgs/msg/detail/rxm_eph__rosidl_typesupport_introspection_cpp.hpp
[292.429s] -- Up-to-date: /home/rhobtor/PHD/ARGOJ8_IA/ARGOSJ8_IA_/install/ublox_msgs/include/ublox_msgs/ublox_msgs/msg/detail/nav_dop__type_support.cpp
[292.429s] -- Up-to-date: /home/rhobtor/PHD/ARGOJ8_IA/ARGOSJ8_IA_/install/ublox_msgs/include/ublox_msgs/ublox_msgs/msg/detail/nav_posllh__type_support.cpp
[292.429s] -- Up-to-date: /home/rhobtor/PHD/ARGOJ8_IA/ARGOSJ8_IA_/install/ublox_msgs/include/ublox_msgs/ublox_msgs/msg/detail/cfg_nav5__type_support.cpp
[292.429s] -- Up-to-date: /home/rhobtor/PHD/ARGOJ8_IA/ARGOSJ8_IA_/install/ublox_msgs/include/ublox_msgs/ublox_msgs/msg/detail/upd_sos_ack__type_support.cpp
[292.430s] -- Up-to-date: /home/rhobtor/PHD/ARGOJ8_IA/ARGOSJ8_IA_/install/ublox_msgs/include/ublox_msgs/ublox_msgs/msg/detail/cfg_msg__rosidl_typesupport_introspection_cpp.hpp
[292.430s] -- Up-to-date: /home/rhobtor/PHD/ARGOJ8_IA/ARGOSJ8_IA_/install/ublox_msgs/include/ublox_msgs/ublox_msgs/msg/detail/cfg_prt__type_support.cpp
[292.430s] -- Up-to-date: /home/rhobtor/PHD/ARGOJ8_IA/ARGOSJ8_IA_/install/ublox_msgs/include/ublox_msgs/ublox_msgs/msg/detail/nav_sbassv__type_support.cpp
[292.430s] -- Up-to-date: /home/rhobtor/PHD/ARGOJ8_IA/ARGOSJ8_IA_/install/ublox_msgs/include/ublox_msgs/ublox_msgs/msg/detail/esf_meas__rosidl_typesupport_introspection_cpp.hpp
[292.430s] -- Up-to-date: /home/rhobtor/PHD/ARGOJ8_IA/ARGOSJ8_IA_/install/ublox_msgs/include/ublox_msgs/ublox_msgs/msg/detail/nav_timegps__type_support.cpp
[292.430s] -- Up-to-date: /home/rhobtor/PHD/ARGOJ8_IA/ARGOSJ8_IA_/install/ublox_msgs/include/ublox_msgs/ublox_msgs/msg/detail/nav_clock__rosidl_typesupport_introspection_cpp.hpp
[292.430s] -- Up-to-date: /home/rhobtor/PHD/ARGOJ8_IA/ARGOSJ8_IA_/install/ublox_msgs/include/ublox_msgs/ublox_msgs/msg/detail/cfg_rate__rosidl_typesupport_introspection_cpp.hpp
[292.430s] -- Up-to-date: /home/rhobtor/PHD/ARGOJ8_IA/ARGOSJ8_IA_/install/ublox_msgs/include/ublox_msgs/ublox_msgs/msg/detail/nav_satsv__type_support.cpp
[292.430s] -- Up-to-date: /home/rhobtor/PHD/ARGOJ8_IA/ARGOSJ8_IA_/install/ublox_msgs/include/ublox_msgs/ublox_msgs/msg/detail/cfg_ant__type_support.cpp
[292.430s] -- Up-to-date: /home/rhobtor/PHD/ARGOJ8_IA/ARGOSJ8_IA_/install/ublox_msgs/include/ublox_msgs/ublox_msgs/msg/detail/nav_dop__rosidl_typesupport_introspection_cpp.hpp
[292.430s] -- Installing: /home/rhobtor/PHD/ARGOJ8_IA/ARGOSJ8_IA_/install/ublox_msgs/lib/libublox_msgs__rosidl_typesupport_introspection_cpp.so
[292.430s] -- Set non-toolchain portion of runtime path of "/home/rhobtor/PHD/ARGOJ8_IA/ARGOSJ8_IA_/install/ublox_msgs/lib/libublox_msgs__rosidl_typesupport_introspection_cpp.so" to ""
[292.431s] -- Installing: /home/rhobtor/PHD/ARGOJ8_IA/ARGOSJ8_IA_/install/ublox_msgs/lib/libublox_msgs__rosidl_typesupport_cpp.so
[292.431s] -- Set non-toolchain portion of runtime path of "/home/rhobtor/PHD/ARGOJ8_IA/ARGOSJ8_IA_/install/ublox_msgs/lib/libublox_msgs__rosidl_typesupport_cpp.so" to ""
[292.431s] -- Up-to-date: /home/rhobtor/PHD/ARGOJ8_IA/ARGOSJ8_IA_/install/ublox_msgs/share/ublox_msgs/environment/pythonpath.sh
[292.431s] -- Up-to-date: /home/rhobtor/PHD/ARGOJ8_IA/ARGOSJ8_IA_/install/ublox_msgs/share/ublox_msgs/environment/pythonpath.dsv
[292.431s] -- Up-to-date: /home/rhobtor/PHD/ARGOJ8_IA/ARGOSJ8_IA_/install/ublox_msgs/local/lib/python3.10/dist-packages/ublox_msgs-2.3.0-py3.10.egg-info
[292.431s] -- Installing: /home/rhobtor/PHD/ARGOJ8_IA/ARGOSJ8_IA_/install/ublox_msgs/local/lib/python3.10/dist-packages/ublox_msgs-2.3.0-py3.10.egg-info/top_level.txt
[292.431s] -- Installing: /home/rhobtor/PHD/ARGOJ8_IA/ARGOSJ8_IA_/install/ublox_msgs/local/lib/python3.10/dist-packages/ublox_msgs-2.3.0-py3.10.egg-info/SOURCES.txt
[292.431s] -- Installing: /home/rhobtor/PHD/ARGOJ8_IA/ARGOSJ8_IA_/install/ublox_msgs/local/lib/python3.10/dist-packages/ublox_msgs-2.3.0-py3.10.egg-info/PKG-INFO
[292.431s] -- Installing: /home/rhobtor/PHD/ARGOJ8_IA/ARGOSJ8_IA_/install/ublox_msgs/local/lib/python3.10/dist-packages/ublox_msgs-2.3.0-py3.10.egg-info/dependency_links.txt
[292.431s] -- Up-to-date: /home/rhobtor/PHD/ARGOJ8_IA/ARGOSJ8_IA_/install/ublox_msgs/local/lib/python3.10/dist-packages/ublox_msgs
[292.432s] -- Up-to-date: /home/rhobtor/PHD/ARGOJ8_IA/ARGOSJ8_IA_/install/ublox_msgs/local/lib/python3.10/dist-packages/ublox_msgs/_ublox_msgs_s.ep.rosidl_typesupport_introspection_c.c
[292.432s] -- Up-to-date: /home/rhobtor/PHD/ARGOJ8_IA/ARGOSJ8_IA_/install/ublox_msgs/local/lib/python3.10/dist-packages/ublox_msgs/_ublox_msgs_s.ep.rosidl_typesupport_fastrtps_c.c
[292.432s] -- Up-to-date: /home/rhobtor/PHD/ARGOJ8_IA/ARGOSJ8_IA_/install/ublox_msgs/local/lib/python3.10/dist-packages/ublox_msgs/_ublox_msgs_s.ep.rosidl_typesupport_c.c
[292.432s] -- Installing: /home/rhobtor/PHD/ARGOJ8_IA/ARGOSJ8_IA_/install/ublox_msgs/local/lib/python3.10/dist-packages/ublox_msgs/libublox_msgs__rosidl_generator_py.so
[292.432s] -- Installing: /home/rhobtor/PHD/ARGOJ8_IA/ARGOSJ8_IA_/install/ublox_msgs/local/lib/python3.10/dist-packages/ublox_msgs/ublox_msgs_s__rosidl_typesupport_introspection_c.cpython-310-x86_64-linux-gnu.so
[292.432s] -- Installing: /home/rhobtor/PHD/ARGOJ8_IA/ARGOSJ8_IA_/install/ublox_msgs/local/lib/python3.10/dist-packages/ublox_msgs/ublox_msgs_s__rosidl_typesupport_c.cpython-310-x86_64-linux-gnu.so
[292.432s] -- Up-to-date: /home/rhobtor/PHD/ARGOJ8_IA/ARGOSJ8_IA_/install/ublox_msgs/local/lib/python3.10/dist-packages/ublox_msgs/__init__.py
[292.432s] -- Installing: /home/rhobtor/PHD/ARGOJ8_IA/ARGOSJ8_IA_/install/ublox_msgs/local/lib/python3.10/dist-packages/ublox_msgs/ublox_msgs_s__rosidl_typesupport_fastrtps_c.cpython-310-x86_64-linux-gnu.so
[292.432s] -- Up-to-date: /home/rhobtor/PHD/ARGOJ8_IA/ARGOSJ8_IA_/install/ublox_msgs/local/lib/python3.10/dist-packages/ublox_msgs/msg
[292.432s] -- Up-to-date: /home/rhobtor/PHD/ARGOJ8_IA/ARGOSJ8_IA_/install/ublox_msgs/local/lib/python3.10/dist-packages/ublox_msgs/msg/_esf_ins_s.c
[292.433s] -- Up-to-date: /home/rhobtor/PHD/ARGOJ8_IA/ARGOSJ8_IA_/install/ublox_msgs/local/lib/python3.10/dist-packages/ublox_msgs/msg/_nav_svinfosv_s.c
[292.433s] -- Up-to-date: /home/rhobtor/PHD/ARGOJ8_IA/ARGOSJ8_IA_/install/ublox_msgs/local/lib/python3.10/dist-packages/ublox_msgs/msg/_cfg_sbas.py
[292.433s] -- Up-to-date: /home/rhobtor/PHD/ARGOJ8_IA/ARGOSJ8_IA_/install/ublox_msgs/local/lib/python3.10/dist-packages/ublox_msgs/msg/_esf_raw.py
[292.433s] -- Up-to-date: /home/rhobtor/PHD/ARGOJ8_IA/ARGOSJ8_IA_/install/ublox_msgs/local/lib/python3.10/dist-packages/ublox_msgs/msg/_cfg_nav5_s.c
[292.433s] -- Up-to-date: /home/rhobtor/PHD/ARGOJ8_IA/ARGOSJ8_IA_/install/ublox_msgs/local/lib/python3.10/dist-packages/ublox_msgs/msg/_inf.py
[292.433s] -- Up-to-date: /home/rhobtor/PHD/ARGOJ8_IA/ARGOSJ8_IA_/install/ublox_msgs/local/lib/python3.10/dist-packages/ublox_msgs/msg/_esf_raw_block_s.c
[292.433s] -- Up-to-date: /home/rhobtor/PHD/ARGOJ8_IA/ARGOSJ8_IA_/install/ublox_msgs/local/lib/python3.10/dist-packages/ublox_msgs/msg/_cfg_navx5_s.c
[292.433s] -- Up-to-date: /home/rhobtor/PHD/ARGOJ8_IA/ARGOSJ8_IA_/install/ublox_msgs/local/lib/python3.10/dist-packages/ublox_msgs/msg/_cfg_tmode3_s.c
[292.433s] -- Up-to-date: /home/rhobtor/PHD/ARGOJ8_IA/ARGOSJ8_IA_/install/ublox_msgs/local/lib/python3.10/dist-packages/ublox_msgs/msg/_nav_timeutc_s.c
[292.433s] -- Up-to-date: /home/rhobtor/PHD/ARGOJ8_IA/ARGOSJ8_IA_/install/ublox_msgs/local/lib/python3.10/dist-packages/ublox_msgs/msg/_mon_hw6.py
[292.433s] -- Up-to-date: /home/rhobtor/PHD/ARGOJ8_IA/ARGOSJ8_IA_/install/ublox_msgs/local/lib/python3.10/dist-packages/ublox_msgs/msg/_upd_sos_ack_s.c
[292.434s] -- Up-to-date: /home/rhobtor/PHD/ARGOJ8_IA/ARGOSJ8_IA_/install/ublox_msgs/local/lib/python3.10/dist-packages/ublox_msgs/msg/_nav_clock.py
[292.434s] -- Up-to-date: /home/rhobtor/PHD/ARGOJ8_IA/ARGOSJ8_IA_/install/ublox_msgs/local/lib/python3.10/dist-packages/ublox_msgs/msg/_esf_raw_block.py
[292.434s] -- Up-to-date: /home/rhobtor/PHD/ARGOJ8_IA/ARGOSJ8_IA_/install/ublox_msgs/local/lib/python3.10/dist-packages/ublox_msgs/msg/_rxm_rawx.py
[292.434s] -- Up-to-date: /home/rhobtor/PHD/ARGOJ8_IA/ARGOSJ8_IA_/install/ublox_msgs/local/lib/python3.10/dist-packages/ublox_msgs/msg/_nav_pvt_s.c
[292.434s] -- Up-to-date: /home/rhobtor/PHD/ARGOJ8_IA/ARGOSJ8_IA_/install/ublox_msgs/local/lib/python3.10/dist-packages/ublox_msgs/msg/_cfg_cfg_s.c
[292.434s] -- Up-to-date: /home/rhobtor/PHD/ARGOJ8_IA/ARGOSJ8_IA_/install/ublox_msgs/local/lib/python3.10/dist-packages/ublox_msgs/msg/_cfg_nmea7_s.c
[292.434s] -- Up-to-date: /home/rhobtor/PHD/ARGOJ8_IA/ARGOSJ8_IA_/install/ublox_msgs/local/lib/python3.10/dist-packages/ublox_msgs/msg/_rxm_raw_s.c
[292.434s] -- Up-to-date: /home/rhobtor/PHD/ARGOJ8_IA/ARGOSJ8_IA_/install/ublox_msgs/local/lib/python3.10/dist-packages/ublox_msgs/msg/_mon_hw.py
[292.434s] -- Up-to-date: /home/rhobtor/PHD/ARGOJ8_IA/ARGOSJ8_IA_/install/ublox_msgs/local/lib/python3.10/dist-packages/ublox_msgs/msg/_nav_velecef.py
[292.434s] -- Up-to-date: /home/rhobtor/PHD/ARGOJ8_IA/ARGOSJ8_IA_/install/ublox_msgs/local/lib/python3.10/dist-packages/ublox_msgs/msg/_cfg_nmea_s.c
[292.434s] -- Up-to-date: /home/rhobtor/PHD/ARGOJ8_IA/ARGOSJ8_IA_/install/ublox_msgs/local/lib/python3.10/dist-packages/ublox_msgs/msg/_cfg_nmea7.py
[292.435s] -- Up-to-date: /home/rhobtor/PHD/ARGOJ8_IA/ARGOSJ8_IA_/install/ublox_msgs/local/lib/python3.10/dist-packages/ublox_msgs/msg/_nav_att_s.c
[292.435s] -- Up-to-date: /home/rhobtor/PHD/ARGOJ8_IA/ARGOSJ8_IA_/install/ublox_msgs/local/lib/python3.10/dist-packages/ublox_msgs/msg/_cfg_gnss_s.c
[292.435s] -- Up-to-date: /home/rhobtor/PHD/ARGOJ8_IA/ARGOSJ8_IA_/install/ublox_msgs/local/lib/python3.10/dist-packages/ublox_msgs/msg/_nav_cov.py
[292.435s] -- Up-to-date: /home/rhobtor/PHD/ARGOJ8_IA/ARGOSJ8_IA_/install/ublox_msgs/local/lib/python3.10/dist-packages/ublox_msgs/msg/_inf_s.c
[292.435s] -- Up-to-date: /home/rhobtor/PHD/ARGOJ8_IA/ARGOSJ8_IA_/install/ublox_msgs/local/lib/python3.10/dist-packages/ublox_msgs/msg/_rxm_rtcm_s.c
[292.435s] -- Up-to-date: /home/rhobtor/PHD/ARGOJ8_IA/ARGOSJ8_IA_/install/ublox_msgs/local/lib/python3.10/dist-packages/ublox_msgs/msg/_rxm_eph_s.c
[292.435s] -- Up-to-date: /home/rhobtor/PHD/ARGOJ8_IA/ARGOSJ8_IA_/install/ublox_msgs/local/lib/python3.10/dist-packages/ublox_msgs/msg/_rxm_sfrbx.py
[292.435s] -- Up-to-date: /home/rhobtor/PHD/ARGOJ8_IA/ARGOSJ8_IA_/install/ublox_msgs/local/lib/python3.10/dist-packages/ublox_msgs/msg/_cfg_usb.py
[292.435s] -- Up-to-date: /home/rhobtor/PHD/ARGOJ8_IA/ARGOSJ8_IA_/install/ublox_msgs/local/lib/python3.10/dist-packages/ublox_msgs/msg/_cfg_dgnss_s.c
[292.435s] -- Up-to-date: /home/rhobtor/PHD/ARGOJ8_IA/ARGOSJ8_IA_/install/ublox_msgs/local/lib/python3.10/dist-packages/ublox_msgs/msg/_rxm_sfrbx_s.c
[292.436s] -- Up-to-date: /home/rhobtor/PHD/ARGOJ8_IA/ARGOSJ8_IA_/install/ublox_msgs/local/lib/python3.10/dist-packages/ublox_msgs/msg/_rxm_rtcm.py
[292.436s] -- Up-to-date: /home/rhobtor/PHD/ARGOJ8_IA/ARGOSJ8_IA_/install/ublox_msgs/local/lib/python3.10/dist-packages/ublox_msgs/msg/_rxm_sfrb_s.c
[292.436s] -- Up-to-date: /home/rhobtor/PHD/ARGOJ8_IA/ARGOSJ8_IA_/install/ublox_msgs/local/lib/python3.10/dist-packages/ublox_msgs/msg/_nav_posllh_s.c
[292.436s] -- Up-to-date: /home/rhobtor/PHD/ARGOJ8_IA/ARGOSJ8_IA_/install/ublox_msgs/local/lib/python3.10/dist-packages/ublox_msgs/msg/_nav_status.py
[292.436s] -- Up-to-date: /home/rhobtor/PHD/ARGOJ8_IA/ARGOSJ8_IA_/install/ublox_msgs/local/lib/python3.10/dist-packages/ublox_msgs/msg/_nav_satsv.py
[292.436s] -- Up-to-date: /home/rhobtor/PHD/ARGOJ8_IA/ARGOSJ8_IA_/install/ublox_msgs/local/lib/python3.10/dist-packages/ublox_msgs/msg/_rxm_svsi.py
[292.436s] -- Up-to-date: /home/rhobtor/PHD/ARGOJ8_IA/ARGOSJ8_IA_/install/ublox_msgs/local/lib/python3.10/dist-packages/ublox_msgs/msg/_nav_sbassv_s.c
[292.436s] -- Up-to-date: /home/rhobtor/PHD/ARGOJ8_IA/ARGOSJ8_IA_/install/ublox_msgs/local/lib/python3.10/dist-packages/ublox_msgs/msg/_nav_sbas_s.c
[292.436s] -- Up-to-date: /home/rhobtor/PHD/ARGOJ8_IA/ARGOSJ8_IA_/install/ublox_msgs/local/lib/python3.10/dist-packages/ublox_msgs/msg/_nav_clock_s.c
[292.437s] -- Up-to-date: /home/rhobtor/PHD/ARGOJ8_IA/ARGOSJ8_IA_/install/ublox_msgs/local/lib/python3.10/dist-packages/ublox_msgs/msg/_esf_status_sens_s.c
[292.437s] -- Up-to-date: /home/rhobtor/PHD/ARGOJ8_IA/ARGOSJ8_IA_/install/ublox_msgs/local/lib/python3.10/dist-packages/ublox_msgs/msg/_nav_velned_s.c
[292.437s] -- Up-to-date: /home/rhobtor/PHD/ARGOJ8_IA/ARGOSJ8_IA_/install/ublox_msgs/local/lib/python3.10/dist-packages/ublox_msgs/msg/_cfg_inf_s.c
[292.437s] -- Up-to-date: /home/rhobtor/PHD/ARGOJ8_IA/ARGOSJ8_IA_/install/ublox_msgs/local/lib/python3.10/dist-packages/ublox_msgs/msg/_ack_s.c
[292.437s] -- Up-to-date: /home/rhobtor/PHD/ARGOJ8_IA/ARGOSJ8_IA_/install/ublox_msgs/local/lib/python3.10/dist-packages/ublox_msgs/msg/_mon_ver_s.c
[292.437s] -- Up-to-date: /home/rhobtor/PHD/ARGOJ8_IA/ARGOSJ8_IA_/install/ublox_msgs/local/lib/python3.10/dist-packages/ublox_msgs/msg/_aid_hui_s.c
[292.437s] -- Up-to-date: /home/rhobtor/PHD/ARGOJ8_IA/ARGOSJ8_IA_/install/ublox_msgs/local/lib/python3.10/dist-packages/ublox_msgs/msg/_cfg_inf.py
[292.437s] -- Up-to-date: /home/rhobtor/PHD/ARGOJ8_IA/ARGOSJ8_IA_/install/ublox_msgs/local/lib/python3.10/dist-packages/ublox_msgs/msg/_cfg_dat_s.c
[292.437s] -- Up-to-date: /home/rhobtor/PHD/ARGOJ8_IA/ARGOSJ8_IA_/install/ublox_msgs/local/lib/python3.10/dist-packages/ublox_msgs/msg/_cfg_rate_s.c
[292.437s] -- Up-to-date: /home/rhobtor/PHD/ARGOJ8_IA/ARGOSJ8_IA_/install/ublox_msgs/local/lib/python3.10/dist-packages/ublox_msgs/msg/_rxm_rawx_meas_s.c
[292.437s] -- Up-to-date: /home/rhobtor/PHD/ARGOJ8_IA/ARGOSJ8_IA_/install/ublox_msgs/local/lib/python3.10/dist-packages/ublox_msgs/msg/_rxm_rawsv_s.c
[292.437s] -- Up-to-date: /home/rhobtor/PHD/ARGOJ8_IA/ARGOSJ8_IA_/install/ublox_msgs/local/lib/python3.10/dist-packages/ublox_msgs/msg/_nav_dop_s.c
[292.438s] -- Up-to-date: /home/rhobtor/PHD/ARGOJ8_IA/ARGOSJ8_IA_/install/ublox_msgs/local/lib/python3.10/dist-packages/ublox_msgs/msg/_cfg_rst.py
[292.438s] -- Up-to-date: /home/rhobtor/PHD/ARGOJ8_IA/ARGOSJ8_IA_/install/ublox_msgs/local/lib/python3.10/dist-packages/ublox_msgs/msg/_rxm_rawx_meas.py
[292.438s] -- Up-to-date: /home/rhobtor/PHD/ARGOJ8_IA/ARGOSJ8_IA_/install/ublox_msgs/local/lib/python3.10/dist-packages/ublox_msgs/msg/_nav_svinfosv.py
[292.438s] -- Up-to-date: /home/rhobtor/PHD/ARGOJ8_IA/ARGOSJ8_IA_/install/ublox_msgs/local/lib/python3.10/dist-packages/ublox_msgs/msg/_rxm_rawsv.py
[292.438s] -- Up-to-date: /home/rhobtor/PHD/ARGOJ8_IA/ARGOSJ8_IA_/install/ublox_msgs/local/lib/python3.10/dist-packages/ublox_msgs/msg/_nav_dgpssv.py
[292.438s] -- Up-to-date: /home/rhobtor/PHD/ARGOJ8_IA/ARGOSJ8_IA_/install/ublox_msgs/local/lib/python3.10/dist-packages/ublox_msgs/msg/_nav_sat.py
[292.438s] -- Up-to-date: /home/rhobtor/PHD/ARGOJ8_IA/ARGOSJ8_IA_/install/ublox_msgs/local/lib/python3.10/dist-packages/ublox_msgs/msg/_nav_svin_s.c
[292.438s] -- Up-to-date: /home/rhobtor/PHD/ARGOJ8_IA/ARGOSJ8_IA_/install/ublox_msgs/local/lib/python3.10/dist-packages/ublox_msgs/msg/_nav_dgps_s.c
[292.438s] -- Up-to-date: /home/rhobtor/PHD/ARGOJ8_IA/ARGOSJ8_IA_/install/ublox_msgs/local/lib/python3.10/dist-packages/ublox_msgs/msg/_cfg_sbas_s.c
[292.438s] -- Up-to-date: /home/rhobtor/PHD/ARGOJ8_IA/ARGOSJ8_IA_/install/ublox_msgs/local/lib/python3.10/dist-packages/ublox_msgs/msg/_nav_dgps.py
[292.438s] -- Up-to-date: /home/rhobtor/PHD/ARGOJ8_IA/ARGOSJ8_IA_/install/ublox_msgs/local/lib/python3.10/dist-packages/ublox_msgs/msg/_aid_alm.py
[292.439s] -- Up-to-date: /home/rhobtor/PHD/ARGOJ8_IA/ARGOSJ8_IA_/install/ublox_msgs/local/lib/python3.10/dist-packages/ublox_msgs/msg/_aid_eph_s.c
[292.439s] -- Up-to-date: /home/rhobtor/PHD/ARGOJ8_IA/ARGOSJ8_IA_/install/ublox_msgs/local/lib/python3.10/dist-packages/ublox_msgs/msg/_rxm_svsi_s.c
[292.439s] -- Up-to-date: /home/rhobtor/PHD/ARGOJ8_IA/ARGOSJ8_IA_/install/ublox_msgs/local/lib/python3.10/dist-packages/ublox_msgs/msg/_aid_hui.py
[292.439s] -- Up-to-date: /home/rhobtor/PHD/ARGOJ8_IA/ARGOSJ8_IA_/install/ublox_msgs/local/lib/python3.10/dist-packages/ublox_msgs/msg/_mga_gal.py
[292.439s] -- Up-to-date: /home/rhobtor/PHD/ARGOJ8_IA/ARGOSJ8_IA_/install/ublox_msgs/local/lib/python3.10/dist-packages/ublox_msgs/msg/_nav_relposned_s.c
[292.439s] -- Up-to-date: /home/rhobtor/PHD/ARGOJ8_IA/ARGOSJ8_IA_/install/ublox_msgs/local/lib/python3.10/dist-packages/ublox_msgs/msg/_nav_dop.py
[292.439s] -- Up-to-date: /home/rhobtor/PHD/ARGOJ8_IA/ARGOSJ8_IA_/install/ublox_msgs/local/lib/python3.10/dist-packages/ublox_msgs/msg/_cfg_dgnss.py
[292.439s] -- Up-to-date: /home/rhobtor/PHD/ARGOJ8_IA/ARGOSJ8_IA_/install/ublox_msgs/local/lib/python3.10/dist-packages/ublox_msgs/msg/_cfg_hnr_s.c
[292.439s] -- Up-to-date: /home/rhobtor/PHD/ARGOJ8_IA/ARGOSJ8_IA_/install/ublox_msgs/local/lib/python3.10/dist-packages/ublox_msgs/msg/_nav_sbassv.py
[292.439s] -- Up-to-date: /home/rhobtor/PHD/ARGOJ8_IA/ARGOSJ8_IA_/install/ublox_msgs/local/lib/python3.10/dist-packages/ublox_msgs/msg/_nav_sol.py
[292.440s] -- Up-to-date: /home/rhobtor/PHD/ARGOJ8_IA/ARGOSJ8_IA_/install/ublox_msgs/local/lib/python3.10/dist-packages/ublox_msgs/msg/_ack.py
[292.440s] -- Up-to-date: /home/rhobtor/PHD/ARGOJ8_IA/ARGOSJ8_IA_/install/ublox_msgs/local/lib/python3.10/dist-packages/ublox_msgs/msg/_mon_ver.py
[292.440s] -- Up-to-date: /home/rhobtor/PHD/ARGOJ8_IA/ARGOSJ8_IA_/install/ublox_msgs/local/lib/python3.10/dist-packages/ublox_msgs/msg/_upd_sos.py
[292.440s] -- Up-to-date: /home/rhobtor/PHD/ARGOJ8_IA/ARGOSJ8_IA_/install/ublox_msgs/local/lib/python3.10/dist-packages/ublox_msgs/msg/_nav_posllh.py
[292.440s] -- Up-to-date: /home/rhobtor/PHD/ARGOJ8_IA/ARGOSJ8_IA_/install/ublox_msgs/local/lib/python3.10/dist-packages/ublox_msgs/msg/_nav_velecef_s.c
[292.440s] -- Up-to-date: /home/rhobtor/PHD/ARGOJ8_IA/ARGOSJ8_IA_/install/ublox_msgs/local/lib/python3.10/dist-packages/ublox_msgs/msg/_esf_meas_s.c
[292.440s] -- Up-to-date: /home/rhobtor/PHD/ARGOJ8_IA/ARGOSJ8_IA_/install/ublox_msgs/local/lib/python3.10/dist-packages/ublox_msgs/msg/_nav_pvt.py
[292.440s] -- Up-to-date: /home/rhobtor/PHD/ARGOJ8_IA/ARGOSJ8_IA_/install/ublox_msgs/local/lib/python3.10/dist-packages/ublox_msgs/msg/_cfg_msg.py
[292.440s] -- Up-to-date: /home/rhobtor/PHD/ARGOJ8_IA/ARGOSJ8_IA_/install/ublox_msgs/local/lib/python3.10/dist-packages/ublox_msgs/msg/_nav_att.py
[292.440s] -- Up-to-date: /home/rhobtor/PHD/ARGOJ8_IA/ARGOSJ8_IA_/install/ublox_msgs/local/lib/python3.10/dist-packages/ublox_msgs/msg/_esf_raw_s.c
[292.441s] -- Up-to-date: /home/rhobtor/PHD/ARGOJ8_IA/ARGOSJ8_IA_/install/ublox_msgs/local/lib/python3.10/dist-packages/ublox_msgs/msg/_cfg_msg_s.c
[292.441s] -- Up-to-date: /home/rhobtor/PHD/ARGOJ8_IA/ARGOSJ8_IA_/install/ublox_msgs/local/lib/python3.10/dist-packages/ublox_msgs/msg/_nav_pvt7.py
[292.441s] -- Up-to-date: /home/rhobtor/PHD/ARGOJ8_IA/ARGOSJ8_IA_/install/ublox_msgs/local/lib/python3.10/dist-packages/ublox_msgs/msg/_cfg_rst_s.c
[292.441s] -- Up-to-date: /home/rhobtor/PHD/ARGOJ8_IA/ARGOSJ8_IA_/install/ublox_msgs/local/lib/python3.10/dist-packages/ublox_msgs/msg/_cfg_prt_s.c
[292.441s] -- Up-to-date: /home/rhobtor/PHD/ARGOJ8_IA/ARGOSJ8_IA_/install/ublox_msgs/local/lib/python3.10/dist-packages/ublox_msgs/msg/_nav_svin.py
[292.441s] -- Up-to-date: /home/rhobtor/PHD/ARGOJ8_IA/ARGOSJ8_IA_/install/ublox_msgs/local/lib/python3.10/dist-packages/ublox_msgs/msg/_rxm_eph.py
[292.441s] -- Up-to-date: /home/rhobtor/PHD/ARGOJ8_IA/ARGOSJ8_IA_/install/ublox_msgs/local/lib/python3.10/dist-packages/ublox_msgs/msg/_nav_svinfo.py
[292.441s] -- Up-to-date: /home/rhobtor/PHD/ARGOJ8_IA/ARGOSJ8_IA_/install/ublox_msgs/local/lib/python3.10/dist-packages/ublox_msgs/msg/_rxm_svsisv.py
[292.441s] -- Up-to-date: /home/rhobtor/PHD/ARGOJ8_IA/ARGOSJ8_IA_/install/ublox_msgs/local/lib/python3.10/dist-packages/ublox_msgs/msg/_esf_status_s.c
[292.442s] -- Up-to-date: /home/rhobtor/PHD/ARGOJ8_IA/ARGOSJ8_IA_/install/ublox_msgs/local/lib/python3.10/dist-packages/ublox_msgs/msg/_cfg_nmea6_s.c
[292.442s] -- Up-to-date: /home/rhobtor/PHD/ARGOJ8_IA/ARGOSJ8_IA_/install/ublox_msgs/local/lib/python3.10/dist-packages/ublox_msgs/msg/_hnr_pvt_s.c
[292.442s] -- Up-to-date: /home/rhobtor/PHD/ARGOJ8_IA/ARGOSJ8_IA_/install/ublox_msgs/local/lib/python3.10/dist-packages/ublox_msgs/msg/_cfg_nmea6.py
[292.442s] -- Up-to-date: /home/rhobtor/PHD/ARGOJ8_IA/ARGOSJ8_IA_/install/ublox_msgs/local/lib/python3.10/dist-packages/ublox_msgs/msg/_mga_gal_s.c
[292.442s] -- Up-to-date: /home/rhobtor/PHD/ARGOJ8_IA/ARGOSJ8_IA_/install/ublox_msgs/local/lib/python3.10/dist-packages/ublox_msgs/msg/_aid_eph.py
[292.442s] -- Up-to-date: /home/rhobtor/PHD/ARGOJ8_IA/ARGOSJ8_IA_/install/ublox_msgs/local/lib/python3.10/dist-packages/ublox_msgs/msg/_cfg_rate.py
[292.442s] -- Up-to-date: /home/rhobtor/PHD/ARGOJ8_IA/ARGOSJ8_IA_/install/ublox_msgs/local/lib/python3.10/dist-packages/ublox_msgs/msg/_mon_ver_extension.py
[292.442s] -- Up-to-date: /home/rhobtor/PHD/ARGOJ8_IA/ARGOSJ8_IA_/install/ublox_msgs/local/lib/python3.10/dist-packages/ublox_msgs/msg/_nav_sat_s.c
[292.443s] -- Up-to-date: /home/rhobtor/PHD/ARGOJ8_IA/ARGOSJ8_IA_/install/ublox_msgs/local/lib/python3.10/dist-packages/ublox_msgs/msg/_nav_velned.py
[292.443s] -- Up-to-date: /home/rhobtor/PHD/ARGOJ8_IA/ARGOSJ8_IA_/install/ublox_msgs/local/lib/python3.10/dist-packages/ublox_msgs/msg/_upd_sos_ack.py
[292.443s] -- Up-to-date: /home/rhobtor/PHD/ARGOJ8_IA/ARGOSJ8_IA_/install/ublox_msgs/local/lib/python3.10/dist-packages/ublox_msgs/msg/_rxm_rawx_s.c
[292.443s] -- Up-to-date: /home/rhobtor/PHD/ARGOJ8_IA/ARGOSJ8_IA_/install/ublox_msgs/local/lib/python3.10/dist-packages/ublox_msgs/msg/_cfg_prt.py
[292.443s] -- Up-to-date: /home/rhobtor/PHD/ARGOJ8_IA/ARGOSJ8_IA_/install/ublox_msgs/local/lib/python3.10/dist-packages/ublox_msgs/msg/__init__.py
[292.443s] -- Up-to-date: /home/rhobtor/PHD/ARGOJ8_IA/ARGOSJ8_IA_/install/ublox_msgs/local/lib/python3.10/dist-packages/ublox_msgs/msg/_rxm_raw.py
[292.443s] -- Up-to-date: /home/rhobtor/PHD/ARGOJ8_IA/ARGOSJ8_IA_/install/ublox_msgs/local/lib/python3.10/dist-packages/ublox_msgs/msg/_nav_posecef.py
[292.443s] -- Up-to-date: /home/rhobtor/PHD/ARGOJ8_IA/ARGOSJ8_IA_/install/ublox_msgs/local/lib/python3.10/dist-packages/ublox_msgs/msg/_esf_status_sens.py
[292.443s] -- Up-to-date: /home/rhobtor/PHD/ARGOJ8_IA/ARGOSJ8_IA_/install/ublox_msgs/local/lib/python3.10/dist-packages/ublox_msgs/msg/_cfg_ant_s.c
[292.444s] -- Up-to-date: /home/rhobtor/PHD/ARGOJ8_IA/ARGOSJ8_IA_/install/ublox_msgs/local/lib/python3.10/dist-packages/ublox_msgs/msg/_cfg_ant.py
[292.444s] -- Up-to-date: /home/rhobtor/PHD/ARGOJ8_IA/ARGOSJ8_IA_/install/ublox_msgs/local/lib/python3.10/dist-packages/ublox_msgs/msg/_rxm_svsisv_s.c
[292.444s] -- Up-to-date: /home/rhobtor/PHD/ARGOJ8_IA/ARGOSJ8_IA_/install/ublox_msgs/local/lib/python3.10/dist-packages/ublox_msgs/msg/_aid_alm_s.c
[292.444s] -- Up-to-date: /home/rhobtor/PHD/ARGOJ8_IA/ARGOSJ8_IA_/install/ublox_msgs/local/lib/python3.10/dist-packages/ublox_msgs/msg/_upd_sos_s.c
[292.444s] -- Up-to-date: /home/rhobtor/PHD/ARGOJ8_IA/ARGOSJ8_IA_/install/ublox_msgs/local/lib/python3.10/dist-packages/ublox_msgs/msg/_cfg_inf_block.py
[292.444s] -- Up-to-date: /home/rhobtor/PHD/ARGOJ8_IA/ARGOSJ8_IA_/install/ublox_msgs/local/lib/python3.10/dist-packages/ublox_msgs/msg/_cfg_navx5.py
[292.444s] -- Up-to-date: /home/rhobtor/PHD/ARGOJ8_IA/ARGOSJ8_IA_/install/ublox_msgs/local/lib/python3.10/dist-packages/ublox_msgs/msg/_tim_tm2.py
[292.444s] -- Up-to-date: /home/rhobtor/PHD/ARGOJ8_IA/ARGOSJ8_IA_/install/ublox_msgs/local/lib/python3.10/dist-packages/ublox_msgs/msg/_mon_gnss_s.c
[292.444s] -- Up-to-date: /home/rhobtor/PHD/ARGOJ8_IA/ARGOSJ8_IA_/install/ublox_msgs/local/lib/python3.10/dist-packages/ublox_msgs/msg/_nav_timeutc.py
[292.444s] -- Up-to-date: /home/rhobtor/PHD/ARGOJ8_IA/ARGOSJ8_IA_/install/ublox_msgs/local/lib/python3.10/dist-packages/ublox_msgs/msg/_mon_hw6_s.c
[292.445s] -- Up-to-date: /home/rhobtor/PHD/ARGOJ8_IA/ARGOSJ8_IA_/install/ublox_msgs/local/lib/python3.10/dist-packages/ublox_msgs/msg/_nav_pvt7_s.c
[292.445s] -- Up-to-date: /home/rhobtor/PHD/ARGOJ8_IA/ARGOSJ8_IA_/install/ublox_msgs/local/lib/python3.10/dist-packages/ublox_msgs/msg/_nav_relposned.py
[292.445s] -- Up-to-date: /home/rhobtor/PHD/ARGOJ8_IA/ARGOSJ8_IA_/install/ublox_msgs/local/lib/python3.10/dist-packages/ublox_msgs/msg/_tim_tm2_s.c
[292.445s] -- Up-to-date: /home/rhobtor/PHD/ARGOJ8_IA/ARGOSJ8_IA_/install/ublox_msgs/local/lib/python3.10/dist-packages/ublox_msgs/msg/_cfg_dat.py
[292.445s] -- Up-to-date: /home/rhobtor/PHD/ARGOJ8_IA/ARGOSJ8_IA_/install/ublox_msgs/local/lib/python3.10/dist-packages/ublox_msgs/msg/_cfg_tmode3.py
[292.445s] -- Up-to-date: /home/rhobtor/PHD/ARGOJ8_IA/ARGOSJ8_IA_/install/ublox_msgs/local/lib/python3.10/dist-packages/ublox_msgs/msg/_esf_status.py
[292.445s] -- Up-to-date: /home/rhobtor/PHD/ARGOJ8_IA/ARGOSJ8_IA_/install/ublox_msgs/local/lib/python3.10/dist-packages/ublox_msgs/msg/_cfg_cfg.py
[292.445s] -- Up-to-date: /home/rhobtor/PHD/ARGOJ8_IA/ARGOSJ8_IA_/install/ublox_msgs/local/lib/python3.10/dist-packages/ublox_msgs/msg/_cfg_inf_block_s.c
[292.445s] -- Up-to-date: /home/rhobtor/PHD/ARGOJ8_IA/ARGOSJ8_IA_/install/ublox_msgs/local/lib/python3.10/dist-packages/ublox_msgs/msg/_rxm_alm_s.c
[292.445s] -- Up-to-date: /home/rhobtor/PHD/ARGOJ8_IA/ARGOSJ8_IA_/install/ublox_msgs/local/lib/python3.10/dist-packages/ublox_msgs/msg/_cfg_usb_s.c
[292.445s] -- Up-to-date: /home/rhobtor/PHD/ARGOJ8_IA/ARGOSJ8_IA_/install/ublox_msgs/local/lib/python3.10/dist-packages/ublox_msgs/msg/_nav_posecef_s.c
[292.446s] -- Up-to-date: /home/rhobtor/PHD/ARGOJ8_IA/ARGOSJ8_IA_/install/ublox_msgs/local/lib/python3.10/dist-packages/ublox_msgs/msg/_nav_timegps.py
[292.446s] -- Up-to-date: /home/rhobtor/PHD/ARGOJ8_IA/ARGOSJ8_IA_/install/ublox_msgs/local/lib/python3.10/dist-packages/ublox_msgs/msg/_nav_relposned9_s.c
[292.446s] -- Up-to-date: /home/rhobtor/PHD/ARGOJ8_IA/ARGOSJ8_IA_/install/ublox_msgs/local/lib/python3.10/dist-packages/ublox_msgs/msg/_nav_svinfo_s.c
[292.446s] -- Up-to-date: /home/rhobtor/PHD/ARGOJ8_IA/ARGOSJ8_IA_/install/ublox_msgs/local/lib/python3.10/dist-packages/ublox_msgs/msg/_cfg_hnr.py
[292.446s] -- Up-to-date: /home/rhobtor/PHD/ARGOJ8_IA/ARGOSJ8_IA_/install/ublox_msgs/local/lib/python3.10/dist-packages/ublox_msgs/msg/_mon_ver_extension_s.c
[292.446s] -- Up-to-date: /home/rhobtor/PHD/ARGOJ8_IA/ARGOSJ8_IA_/install/ublox_msgs/local/lib/python3.10/dist-packages/ublox_msgs/msg/_nav_sbas.py
[292.446s] -- Up-to-date: /home/rhobtor/PHD/ARGOJ8_IA/ARGOSJ8_IA_/install/ublox_msgs/local/lib/python3.10/dist-packages/ublox_msgs/msg/_cfg_gnss_block_s.c
[292.446s] -- Up-to-date: /home/rhobtor/PHD/ARGOJ8_IA/ARGOSJ8_IA_/install/ublox_msgs/local/lib/python3.10/dist-packages/ublox_msgs/msg/_nav_satsv_s.c
[292.446s] -- Up-to-date: /home/rhobtor/PHD/ARGOJ8_IA/ARGOSJ8_IA_/install/ublox_msgs/local/lib/python3.10/dist-packages/ublox_msgs/msg/_nav_cov_s.c
[292.446s] -- Up-to-date: /home/rhobtor/PHD/ARGOJ8_IA/ARGOSJ8_IA_/install/ublox_msgs/local/lib/python3.10/dist-packages/ublox_msgs/msg/_esf_meas.py
[292.446s] -- Up-to-date: /home/rhobtor/PHD/ARGOJ8_IA/ARGOSJ8_IA_/install/ublox_msgs/local/lib/python3.10/dist-packages/ublox_msgs/msg/_cfg_gnss.py
[292.446s] -- Up-to-date: /home/rhobtor/PHD/ARGOJ8_IA/ARGOSJ8_IA_/install/ublox_msgs/local/lib/python3.10/dist-packages/ublox_msgs/msg/_nav_relposned9.py
[292.446s] -- Up-to-date: /home/rhobtor/PHD/ARGOJ8_IA/ARGOSJ8_IA_/install/ublox_msgs/local/lib/python3.10/dist-packages/ublox_msgs/msg/_hnr_pvt.py
[292.446s] -- Up-to-date: /home/rhobtor/PHD/ARGOJ8_IA/ARGOSJ8_IA_/install/ublox_msgs/local/lib/python3.10/dist-packages/ublox_msgs/msg/_mon_gnss.py
[292.446s] -- Up-to-date: /home/rhobtor/PHD/ARGOJ8_IA/ARGOSJ8_IA_/install/ublox_msgs/local/lib/python3.10/dist-packages/ublox_msgs/msg/_nav_dgpssv_s.c
[292.447s] -- Up-to-date: /home/rhobtor/PHD/ARGOJ8_IA/ARGOSJ8_IA_/install/ublox_msgs/local/lib/python3.10/dist-packages/ublox_msgs/msg/_cfg_gnss_block.py
[292.447s] -- Up-to-date: /home/rhobtor/PHD/ARGOJ8_IA/ARGOSJ8_IA_/install/ublox_msgs/local/lib/python3.10/dist-packages/ublox_msgs/msg/_cfg_nav5.py
[292.447s] -- Up-to-date: /home/rhobtor/PHD/ARGOJ8_IA/ARGOSJ8_IA_/install/ublox_msgs/local/lib/python3.10/dist-packages/ublox_msgs/msg/_nav_timegps_s.c
[292.447s] -- Up-to-date: /home/rhobtor/PHD/ARGOJ8_IA/ARGOSJ8_IA_/install/ublox_msgs/local/lib/python3.10/dist-packages/ublox_msgs/msg/_nav_sol_s.c
[292.447s] -- Up-to-date: /home/rhobtor/PHD/ARGOJ8_IA/ARGOSJ8_IA_/install/ublox_msgs/local/lib/python3.10/dist-packages/ublox_msgs/msg/_mon_hw_s.c
[292.447s] -- Up-to-date: /home/rhobtor/PHD/ARGOJ8_IA/ARGOSJ8_IA_/install/ublox_msgs/local/lib/python3.10/dist-packages/ublox_msgs/msg/_esf_ins.py
[292.447s] -- Up-to-date: /home/rhobtor/PHD/ARGOJ8_IA/ARGOSJ8_IA_/install/ublox_msgs/local/lib/python3.10/dist-packages/ublox_msgs/msg/_rxm_sfrb.py
[292.447s] -- Up-to-date: /home/rhobtor/PHD/ARGOJ8_IA/ARGOSJ8_IA_/install/ublox_msgs/local/lib/python3.10/dist-packages/ublox_msgs/msg/_nav_status_s.c
[292.447s] -- Up-to-date: /home/rhobtor/PHD/ARGOJ8_IA/ARGOSJ8_IA_/install/ublox_msgs/local/lib/python3.10/dist-packages/ublox_msgs/msg/_rxm_alm.py
[292.447s] -- Up-to-date: /home/rhobtor/PHD/ARGOJ8_IA/ARGOSJ8_IA_/install/ublox_msgs/local/lib/python3.10/dist-packages/ublox_msgs/msg/_cfg_nmea.py
[292.467s] Listing '/home/rhobtor/PHD/ARGOJ8_IA/ARGOSJ8_IA_/install/ublox_msgs/local/lib/python3.10/dist-packages/ublox_msgs'...
[292.467s] Listing '/home/rhobtor/PHD/ARGOJ8_IA/ARGOSJ8_IA_/install/ublox_msgs/local/lib/python3.10/dist-packages/ublox_msgs/msg'...
[292.480s] -- Installing: /home/rhobtor/PHD/ARGOJ8_IA/ARGOSJ8_IA_/install/ublox_msgs/local/lib/python3.10/dist-packages/ublox_msgs/ublox_msgs_s__rosidl_typesupport_fastrtps_c.cpython-310-x86_64-linux-gnu.so
[292.481s] -- Set non-toolchain portion of runtime path of "/home/rhobtor/PHD/ARGOJ8_IA/ARGOSJ8_IA_/install/ublox_msgs/local/lib/python3.10/dist-packages/ublox_msgs/ublox_msgs_s__rosidl_typesupport_fastrtps_c.cpython-310-x86_64-linux-gnu.so" to ""
[292.481s] -- Installing: /home/rhobtor/PHD/ARGOJ8_IA/ARGOSJ8_IA_/install/ublox_msgs/local/lib/python3.10/dist-packages/ublox_msgs/ublox_msgs_s__rosidl_typesupport_introspection_c.cpython-310-x86_64-linux-gnu.so
[292.486s] -- Set non-toolchain portion of runtime path of "/home/rhobtor/PHD/ARGOJ8_IA/ARGOSJ8_IA_/install/ublox_msgs/local/lib/python3.10/dist-packages/ublox_msgs/ublox_msgs_s__rosidl_typesupport_introspection_c.cpython-310-x86_64-linux-gnu.so" to ""
[292.486s] -- Installing: /home/rhobtor/PHD/ARGOJ8_IA/ARGOSJ8_IA_/install/ublox_msgs/local/lib/python3.10/dist-packages/ublox_msgs/ublox_msgs_s__rosidl_typesupport_c.cpython-310-x86_64-linux-gnu.so
[292.486s] -- Set non-toolchain portion of runtime path of "/home/rhobtor/PHD/ARGOJ8_IA/ARGOSJ8_IA_/install/ublox_msgs/local/lib/python3.10/dist-packages/ublox_msgs/ublox_msgs_s__rosidl_typesupport_c.cpython-310-x86_64-linux-gnu.so" to ""
[292.487s] -- Installing: /home/rhobtor/PHD/ARGOJ8_IA/ARGOSJ8_IA_/install/ublox_msgs/lib/libublox_msgs__rosidl_generator_py.so
[292.490s] -- Set non-toolchain portion of runtime path of "/home/rhobtor/PHD/ARGOJ8_IA/ARGOSJ8_IA_/install/ublox_msgs/lib/libublox_msgs__rosidl_generator_py.so" to ""
[292.490s] -- Up-to-date: /home/rhobtor/PHD/ARGOJ8_IA/ARGOSJ8_IA_/install/ublox_msgs/share/ublox_msgs/msg/Ack.idl
[292.490s] -- Up-to-date: /home/rhobtor/PHD/ARGOJ8_IA/ARGOSJ8_IA_/install/ublox_msgs/share/ublox_msgs/msg/AidALM.idl
[292.490s] -- Up-to-date: /home/rhobtor/PHD/ARGOJ8_IA/ARGOSJ8_IA_/install/ublox_msgs/share/ublox_msgs/msg/AidEPH.idl
[292.490s] -- Up-to-date: /home/rhobtor/PHD/ARGOJ8_IA/ARGOSJ8_IA_/install/ublox_msgs/share/ublox_msgs/msg/AidHUI.idl
[292.491s] -- Up-to-date: /home/rhobtor/PHD/ARGOJ8_IA/ARGOSJ8_IA_/install/ublox_msgs/share/ublox_msgs/msg/CfgANT.idl
[292.491s] -- Up-to-date: /home/rhobtor/PHD/ARGOJ8_IA/ARGOSJ8_IA_/install/ublox_msgs/share/ublox_msgs/msg/CfgCFG.idl
[292.492s] -- Up-to-date: /home/rhobtor/PHD/ARGOJ8_IA/ARGOSJ8_IA_/install/ublox_msgs/share/ublox_msgs/msg/CfgDAT.idl
[292.492s] -- Up-to-date: /home/rhobtor/PHD/ARGOJ8_IA/ARGOSJ8_IA_/install/ublox_msgs/share/ublox_msgs/msg/CfgDGNSS.idl
[292.493s] -- Up-to-date: /home/rhobtor/PHD/ARGOJ8_IA/ARGOSJ8_IA_/install/ublox_msgs/share/ublox_msgs/msg/CfgGNSSBlock.idl
[292.493s] -- Up-to-date: /home/rhobtor/PHD/ARGOJ8_IA/ARGOSJ8_IA_/install/ublox_msgs/share/ublox_msgs/msg/CfgGNSS.idl
[292.493s] -- Up-to-date: /home/rhobtor/PHD/ARGOJ8_IA/ARGOSJ8_IA_/install/ublox_msgs/share/ublox_msgs/msg/CfgHNR.idl
[292.494s] -- Up-to-date: /home/rhobtor/PHD/ARGOJ8_IA/ARGOSJ8_IA_/install/ublox_msgs/share/ublox_msgs/msg/CfgINFBlock.idl
[292.494s] -- Up-to-date: /home/rhobtor/PHD/ARGOJ8_IA/ARGOSJ8_IA_/install/ublox_msgs/share/ublox_msgs/msg/CfgINF.idl
[292.494s] -- Up-to-date: /home/rhobtor/PHD/ARGOJ8_IA/ARGOSJ8_IA_/install/ublox_msgs/share/ublox_msgs/msg/CfgMSG.idl
[292.495s] -- Up-to-date: /home/rhobtor/PHD/ARGOJ8_IA/ARGOSJ8_IA_/install/ublox_msgs/share/ublox_msgs/msg/CfgNAV5.idl
[292.495s] -- Up-to-date: /home/rhobtor/PHD/ARGOJ8_IA/ARGOSJ8_IA_/install/ublox_msgs/share/ublox_msgs/msg/CfgNAVX5.idl
[292.495s] -- Up-to-date: /home/rhobtor/PHD/ARGOJ8_IA/ARGOSJ8_IA_/install/ublox_msgs/share/ublox_msgs/msg/CfgNMEA6.idl
[292.499s] -- Up-to-date: /home/rhobtor/PHD/ARGOJ8_IA/ARGOSJ8_IA_/install/ublox_msgs/share/ublox_msgs/msg/CfgNMEA7.idl
[292.499s] -- Up-to-date: /home/rhobtor/PHD/ARGOJ8_IA/ARGOSJ8_IA_/install/ublox_msgs/share/ublox_msgs/msg/CfgNMEA.idl
[292.500s] -- Up-to-date: /home/rhobtor/PHD/ARGOJ8_IA/ARGOSJ8_IA_/install/ublox_msgs/share/ublox_msgs/msg/CfgPRT.idl
[292.500s] -- Up-to-date: /home/rhobtor/PHD/ARGOJ8_IA/ARGOSJ8_IA_/install/ublox_msgs/share/ublox_msgs/msg/CfgRATE.idl
[292.500s] -- Up-to-date: /home/rhobtor/PHD/ARGOJ8_IA/ARGOSJ8_IA_/install/ublox_msgs/share/ublox_msgs/msg/CfgRST.idl
[292.500s] -- Up-to-date: /home/rhobtor/PHD/ARGOJ8_IA/ARGOSJ8_IA_/install/ublox_msgs/share/ublox_msgs/msg/CfgSBAS.idl
[292.500s] -- Up-to-date: /home/rhobtor/PHD/ARGOJ8_IA/ARGOSJ8_IA_/install/ublox_msgs/share/ublox_msgs/msg/CfgTMODE3.idl
[292.500s] -- Up-to-date: /home/rhobtor/PHD/ARGOJ8_IA/ARGOSJ8_IA_/install/ublox_msgs/share/ublox_msgs/msg/CfgUSB.idl
[292.500s] -- Up-to-date: /home/rhobtor/PHD/ARGOJ8_IA/ARGOSJ8_IA_/install/ublox_msgs/share/ublox_msgs/msg/EsfINS.idl
[292.500s] -- Up-to-date: /home/rhobtor/PHD/ARGOJ8_IA/ARGOSJ8_IA_/install/ublox_msgs/share/ublox_msgs/msg/EsfMEAS.idl
[292.500s] -- Up-to-date: /home/rhobtor/PHD/ARGOJ8_IA/ARGOSJ8_IA_/install/ublox_msgs/share/ublox_msgs/msg/EsfRAWBlock.idl
[292.501s] -- Up-to-date: /home/rhobtor/PHD/ARGOJ8_IA/ARGOSJ8_IA_/install/ublox_msgs/share/ublox_msgs/msg/EsfRAW.idl
[292.501s] -- Up-to-date: /home/rhobtor/PHD/ARGOJ8_IA/ARGOSJ8_IA_/install/ublox_msgs/share/ublox_msgs/msg/EsfSTATUS.idl
[292.501s] -- Up-to-date: /home/rhobtor/PHD/ARGOJ8_IA/ARGOSJ8_IA_/install/ublox_msgs/share/ublox_msgs/msg/EsfSTATUSSens.idl
[292.501s] -- Up-to-date: /home/rhobtor/PHD/ARGOJ8_IA/ARGOSJ8_IA_/install/ublox_msgs/share/ublox_msgs/msg/HnrPVT.idl
[292.502s] -- Up-to-date: /home/rhobtor/PHD/ARGOJ8_IA/ARGOSJ8_IA_/install/ublox_msgs/share/ublox_msgs/msg/Inf.idl
[292.502s] -- Up-to-date: /home/rhobtor/PHD/ARGOJ8_IA/ARGOSJ8_IA_/install/ublox_msgs/share/ublox_msgs/msg/MgaGAL.idl
[292.502s] -- Up-to-date: /home/rhobtor/PHD/ARGOJ8_IA/ARGOSJ8_IA_/install/ublox_msgs/share/ublox_msgs/msg/MonGNSS.idl
[292.502s] -- Up-to-date: /home/rhobtor/PHD/ARGOJ8_IA/ARGOSJ8_IA_/install/ublox_msgs/share/ublox_msgs/msg/MonHW6.idl
[292.503s] -- Up-to-date: /home/rhobtor/PHD/ARGOJ8_IA/ARGOSJ8_IA_/install/ublox_msgs/share/ublox_msgs/msg/MonHW.idl
[292.503s] -- Up-to-date: /home/rhobtor/PHD/ARGOJ8_IA/ARGOSJ8_IA_/install/ublox_msgs/share/ublox_msgs/msg/MonVERExtension.idl
[292.505s] -- Up-to-date: /home/rhobtor/PHD/ARGOJ8_IA/ARGOSJ8_IA_/install/ublox_msgs/share/ublox_msgs/msg/MonVER.idl
[292.505s] -- Up-to-date: /home/rhobtor/PHD/ARGOJ8_IA/ARGOSJ8_IA_/install/ublox_msgs/share/ublox_msgs/msg/NavATT.idl
[292.505s] -- Up-to-date: /home/rhobtor/PHD/ARGOJ8_IA/ARGOSJ8_IA_/install/ublox_msgs/share/ublox_msgs/msg/NavCLOCK.idl
[292.506s] -- Up-to-date: /home/rhobtor/PHD/ARGOJ8_IA/ARGOSJ8_IA_/install/ublox_msgs/share/ublox_msgs/msg/NavCOV.idl
[292.506s] -- Up-to-date: /home/rhobtor/PHD/ARGOJ8_IA/ARGOSJ8_IA_/install/ublox_msgs/share/ublox_msgs/msg/NavDGPS.idl
[292.506s] -- Up-to-date: /home/rhobtor/PHD/ARGOJ8_IA/ARGOSJ8_IA_/install/ublox_msgs/share/ublox_msgs/msg/NavDGPSSV.idl
[292.507s] -- Up-to-date: /home/rhobtor/PHD/ARGOJ8_IA/ARGOSJ8_IA_/install/ublox_msgs/share/ublox_msgs/msg/NavDOP.idl
[292.507s] -- Up-to-date: /home/rhobtor/PHD/ARGOJ8_IA/ARGOSJ8_IA_/install/ublox_msgs/share/ublox_msgs/msg/NavPOSECEF.idl
[292.508s] -- Up-to-date: /home/rhobtor/PHD/ARGOJ8_IA/ARGOSJ8_IA_/install/ublox_msgs/share/ublox_msgs/msg/NavPOSLLH.idl
[292.508s] -- Up-to-date: /home/rhobtor/PHD/ARGOJ8_IA/ARGOSJ8_IA_/install/ublox_msgs/share/ublox_msgs/msg/NavPVT7.idl
[292.508s] -- Up-to-date: /home/rhobtor/PHD/ARGOJ8_IA/ARGOSJ8_IA_/install/ublox_msgs/share/ublox_msgs/msg/NavPVT.idl
[292.509s] -- Up-to-date: /home/rhobtor/PHD/ARGOJ8_IA/ARGOSJ8_IA_/install/ublox_msgs/share/ublox_msgs/msg/NavRELPOSNED9.idl
[292.510s] -- Up-to-date: /home/rhobtor/PHD/ARGOJ8_IA/ARGOSJ8_IA_/install/ublox_msgs/share/ublox_msgs/msg/NavRELPOSNED.idl
[292.510s] -- Up-to-date: /home/rhobtor/PHD/ARGOJ8_IA/ARGOSJ8_IA_/install/ublox_msgs/share/ublox_msgs/msg/NavSAT.idl
[292.510s] -- Up-to-date: /home/rhobtor/PHD/ARGOJ8_IA/ARGOSJ8_IA_/install/ublox_msgs/share/ublox_msgs/msg/NavSATSV.idl
[292.510s] -- Up-to-date: /home/rhobtor/PHD/ARGOJ8_IA/ARGOSJ8_IA_/install/ublox_msgs/share/ublox_msgs/msg/NavSBAS.idl
[292.511s] -- Up-to-date: /home/rhobtor/PHD/ARGOJ8_IA/ARGOSJ8_IA_/install/ublox_msgs/share/ublox_msgs/msg/NavSBASSV.idl
[292.511s] -- Up-to-date: /home/rhobtor/PHD/ARGOJ8_IA/ARGOSJ8_IA_/install/ublox_msgs/share/ublox_msgs/msg/NavSOL.idl
[292.512s] -- Up-to-date: /home/rhobtor/PHD/ARGOJ8_IA/ARGOSJ8_IA_/install/ublox_msgs/share/ublox_msgs/msg/NavSTATUS.idl
[292.512s] -- Up-to-date: /home/rhobtor/PHD/ARGOJ8_IA/ARGOSJ8_IA_/install/ublox_msgs/share/ublox_msgs/msg/NavSVINFO.idl
[292.513s] -- Up-to-date: /home/rhobtor/PHD/ARGOJ8_IA/ARGOSJ8_IA_/install/ublox_msgs/share/ublox_msgs/msg/NavSVINFOSV.idl
[292.513s] -- Up-to-date: /home/rhobtor/PHD/ARGOJ8_IA/ARGOSJ8_IA_/install/ublox_msgs/share/ublox_msgs/msg/NavSVIN.idl
[292.513s] -- Up-to-date: /home/rhobtor/PHD/ARGOJ8_IA/ARGOSJ8_IA_/install/ublox_msgs/share/ublox_msgs/msg/NavTIMEGPS.idl
[292.513s] -- Up-to-date: /home/rhobtor/PHD/ARGOJ8_IA/ARGOSJ8_IA_/install/ublox_msgs/share/ublox_msgs/msg/NavTIMEUTC.idl
[292.514s] -- Up-to-date: /home/rhobtor/PHD/ARGOJ8_IA/ARGOSJ8_IA_/install/ublox_msgs/share/ublox_msgs/msg/NavVELECEF.idl
[292.514s] -- Up-to-date: /home/rhobtor/PHD/ARGOJ8_IA/ARGOSJ8_IA_/install/ublox_msgs/share/ublox_msgs/msg/NavVELNED.idl
[292.515s] -- Up-to-date: /home/rhobtor/PHD/ARGOJ8_IA/ARGOSJ8_IA_/install/ublox_msgs/share/ublox_msgs/msg/RxmALM.idl
[292.515s] -- Up-to-date: /home/rhobtor/PHD/ARGOJ8_IA/ARGOSJ8_IA_/install/ublox_msgs/share/ublox_msgs/msg/RxmEPH.idl
[292.517s] -- Up-to-date: /home/rhobtor/PHD/ARGOJ8_IA/ARGOSJ8_IA_/install/ublox_msgs/share/ublox_msgs/msg/RxmRAW.idl
[292.517s] -- Up-to-date: /home/rhobtor/PHD/ARGOJ8_IA/ARGOSJ8_IA_/install/ublox_msgs/share/ublox_msgs/msg/RxmRAWSV.idl
[292.518s] -- Up-to-date: /home/rhobtor/PHD/ARGOJ8_IA/ARGOSJ8_IA_/install/ublox_msgs/share/ublox_msgs/msg/RxmRAWXMeas.idl
[292.518s] -- Up-to-date: /home/rhobtor/PHD/ARGOJ8_IA/ARGOSJ8_IA_/install/ublox_msgs/share/ublox_msgs/msg/RxmRAWX.idl
[292.518s] -- Up-to-date: /home/rhobtor/PHD/ARGOJ8_IA/ARGOSJ8_IA_/install/ublox_msgs/share/ublox_msgs/msg/RxmRTCM.idl
[292.518s] -- Up-to-date: /home/rhobtor/PHD/ARGOJ8_IA/ARGOSJ8_IA_/install/ublox_msgs/share/ublox_msgs/msg/RxmSFRB.idl
[292.519s] -- Up-to-date: /home/rhobtor/PHD/ARGOJ8_IA/ARGOSJ8_IA_/install/ublox_msgs/share/ublox_msgs/msg/RxmSFRBX.idl
[292.519s] -- Up-to-date: /home/rhobtor/PHD/ARGOJ8_IA/ARGOSJ8_IA_/install/ublox_msgs/share/ublox_msgs/msg/RxmSVSI.idl
[292.519s] -- Up-to-date: /home/rhobtor/PHD/ARGOJ8_IA/ARGOSJ8_IA_/install/ublox_msgs/share/ublox_msgs/msg/RxmSVSISV.idl
[292.519s] -- Up-to-date: /home/rhobtor/PHD/ARGOJ8_IA/ARGOSJ8_IA_/install/ublox_msgs/share/ublox_msgs/msg/TimTM2.idl
[292.519s] -- Up-to-date: /home/rhobtor/PHD/ARGOJ8_IA/ARGOSJ8_IA_/install/ublox_msgs/share/ublox_msgs/msg/UpdSOSAck.idl
[292.520s] -- Up-to-date: /home/rhobtor/PHD/ARGOJ8_IA/ARGOSJ8_IA_/install/ublox_msgs/share/ublox_msgs/msg/UpdSOS.idl
[292.520s] -- Up-to-date: /home/rhobtor/PHD/ARGOJ8_IA/ARGOSJ8_IA_/install/ublox_msgs/share/ublox_msgs/msg/Ack.msg
[292.520s] -- Up-to-date: /home/rhobtor/PHD/ARGOJ8_IA/ARGOSJ8_IA_/install/ublox_msgs/share/ublox_msgs/msg/AidALM.msg
[292.520s] -- Up-to-date: /home/rhobtor/PHD/ARGOJ8_IA/ARGOSJ8_IA_/install/ublox_msgs/share/ublox_msgs/msg/AidEPH.msg
[292.521s] -- Up-to-date: /home/rhobtor/PHD/ARGOJ8_IA/ARGOSJ8_IA_/install/ublox_msgs/share/ublox_msgs/msg/AidHUI.msg
[292.521s] -- Up-to-date: /home/rhobtor/PHD/ARGOJ8_IA/ARGOSJ8_IA_/install/ublox_msgs/share/ublox_msgs/msg/CfgANT.msg
[292.521s] -- Up-to-date: /home/rhobtor/PHD/ARGOJ8_IA/ARGOSJ8_IA_/install/ublox_msgs/share/ublox_msgs/msg/CfgCFG.msg
[292.522s] -- Up-to-date: /home/rhobtor/PHD/ARGOJ8_IA/ARGOSJ8_IA_/install/ublox_msgs/share/ublox_msgs/msg/CfgDAT.msg
[292.522s] -- Up-to-date: /home/rhobtor/PHD/ARGOJ8_IA/ARGOSJ8_IA_/install/ublox_msgs/share/ublox_msgs/msg/CfgDGNSS.msg
[292.522s] -- Up-to-date: /home/rhobtor/PHD/ARGOJ8_IA/ARGOSJ8_IA_/install/ublox_msgs/share/ublox_msgs/msg/CfgGNSSBlock.msg
[292.522s] -- Up-to-date: /home/rhobtor/PHD/ARGOJ8_IA/ARGOSJ8_IA_/install/ublox_msgs/share/ublox_msgs/msg/CfgGNSS.msg
[292.523s] -- Up-to-date: /home/rhobtor/PHD/ARGOJ8_IA/ARGOSJ8_IA_/install/ublox_msgs/share/ublox_msgs/msg/CfgHNR.msg
[292.523s] -- Up-to-date: /home/rhobtor/PHD/ARGOJ8_IA/ARGOSJ8_IA_/install/ublox_msgs/share/ublox_msgs/msg/CfgINFBlock.msg
[292.523s] -- Up-to-date: /home/rhobtor/PHD/ARGOJ8_IA/ARGOSJ8_IA_/install/ublox_msgs/share/ublox_msgs/msg/CfgINF.msg
[292.524s] -- Up-to-date: /home/rhobtor/PHD/ARGOJ8_IA/ARGOSJ8_IA_/install/ublox_msgs/share/ublox_msgs/msg/CfgMSG.msg
[292.524s] -- Up-to-date: /home/rhobtor/PHD/ARGOJ8_IA/ARGOSJ8_IA_/install/ublox_msgs/share/ublox_msgs/msg/CfgNAV5.msg
[292.525s] -- Up-to-date: /home/rhobtor/PHD/ARGOJ8_IA/ARGOSJ8_IA_/install/ublox_msgs/share/ublox_msgs/msg/CfgNAVX5.msg
[292.528s] -- Up-to-date: /home/rhobtor/PHD/ARGOJ8_IA/ARGOSJ8_IA_/install/ublox_msgs/share/ublox_msgs/msg/CfgNMEA6.msg
[292.528s] -- Up-to-date: /home/rhobtor/PHD/ARGOJ8_IA/ARGOSJ8_IA_/install/ublox_msgs/share/ublox_msgs/msg/CfgNMEA7.msg
[292.528s] -- Up-to-date: /home/rhobtor/PHD/ARGOJ8_IA/ARGOSJ8_IA_/install/ublox_msgs/share/ublox_msgs/msg/CfgNMEA.msg
[292.529s] -- Up-to-date: /home/rhobtor/PHD/ARGOJ8_IA/ARGOSJ8_IA_/install/ublox_msgs/share/ublox_msgs/msg/CfgPRT.msg
[292.529s] -- Up-to-date: /home/rhobtor/PHD/ARGOJ8_IA/ARGOSJ8_IA_/install/ublox_msgs/share/ublox_msgs/msg/CfgRATE.msg
[292.529s] -- Up-to-date: /home/rhobtor/PHD/ARGOJ8_IA/ARGOSJ8_IA_/install/ublox_msgs/share/ublox_msgs/msg/CfgRST.msg
[292.529s] -- Up-to-date: /home/rhobtor/PHD/ARGOJ8_IA/ARGOSJ8_IA_/install/ublox_msgs/share/ublox_msgs/msg/CfgSBAS.msg
[292.529s] -- Up-to-date: /home/rhobtor/PHD/ARGOJ8_IA/ARGOSJ8_IA_/install/ublox_msgs/share/ublox_msgs/msg/CfgTMODE3.msg
[292.529s] -- Up-to-date: /home/rhobtor/PHD/ARGOJ8_IA/ARGOSJ8_IA_/install/ublox_msgs/share/ublox_msgs/msg/CfgUSB.msg
[292.529s] -- Up-to-date: /home/rhobtor/PHD/ARGOJ8_IA/ARGOSJ8_IA_/install/ublox_msgs/share/ublox_msgs/msg/EsfINS.msg
[292.529s] -- Up-to-date: /home/rhobtor/PHD/ARGOJ8_IA/ARGOSJ8_IA_/install/ublox_msgs/share/ublox_msgs/msg/EsfMEAS.msg
[292.530s] -- Up-to-date: /home/rhobtor/PHD/ARGOJ8_IA/ARGOSJ8_IA_/install/ublox_msgs/share/ublox_msgs/msg/EsfRAWBlock.msg
[292.530s] -- Up-to-date: /home/rhobtor/PHD/ARGOJ8_IA/ARGOSJ8_IA_/install/ublox_msgs/share/ublox_msgs/msg/EsfRAW.msg
[292.531s] -- Up-to-date: /home/rhobtor/PHD/ARGOJ8_IA/ARGOSJ8_IA_/install/ublox_msgs/share/ublox_msgs/msg/EsfSTATUS.msg
[292.531s] -- Up-to-date: /home/rhobtor/PHD/ARGOJ8_IA/ARGOSJ8_IA_/install/ublox_msgs/share/ublox_msgs/msg/EsfSTATUSSens.msg
[292.532s] -- Up-to-date: /home/rhobtor/PHD/ARGOJ8_IA/ARGOSJ8_IA_/install/ublox_msgs/share/ublox_msgs/msg/HnrPVT.msg
[292.532s] -- Up-to-date: /home/rhobtor/PHD/ARGOJ8_IA/ARGOSJ8_IA_/install/ublox_msgs/share/ublox_msgs/msg/Inf.msg
[292.533s] -- Up-to-date: /home/rhobtor/PHD/ARGOJ8_IA/ARGOSJ8_IA_/install/ublox_msgs/share/ublox_msgs/msg/MgaGAL.msg
[292.533s] -- Up-to-date: /home/rhobtor/PHD/ARGOJ8_IA/ARGOSJ8_IA_/install/ublox_msgs/share/ublox_msgs/msg/MonGNSS.msg
[292.534s] -- Up-to-date: /home/rhobtor/PHD/ARGOJ8_IA/ARGOSJ8_IA_/install/ublox_msgs/share/ublox_msgs/msg/MonHW6.msg
[292.534s] -- Up-to-date: /home/rhobtor/PHD/ARGOJ8_IA/ARGOSJ8_IA_/install/ublox_msgs/share/ublox_msgs/msg/MonHW.msg
[292.534s] -- Up-to-date: /home/rhobtor/PHD/ARGOJ8_IA/ARGOSJ8_IA_/install/ublox_msgs/share/ublox_msgs/msg/MonVERExtension.msg
[292.535s] -- Up-to-date: /home/rhobtor/PHD/ARGOJ8_IA/ARGOSJ8_IA_/install/ublox_msgs/share/ublox_msgs/msg/MonVER.msg
[292.535s] -- Up-to-date: /home/rhobtor/PHD/ARGOJ8_IA/ARGOSJ8_IA_/install/ublox_msgs/share/ublox_msgs/msg/NavATT.msg
[292.536s] -- Up-to-date: /home/rhobtor/PHD/ARGOJ8_IA/ARGOSJ8_IA_/install/ublox_msgs/share/ublox_msgs/msg/NavCLOCK.msg
[292.536s] -- Up-to-date: /home/rhobtor/PHD/ARGOJ8_IA/ARGOSJ8_IA_/install/ublox_msgs/share/ublox_msgs/msg/NavCOV.msg
[292.536s] -- Up-to-date: /home/rhobtor/PHD/ARGOJ8_IA/ARGOSJ8_IA_/install/ublox_msgs/share/ublox_msgs/msg/NavDGPS.msg
[292.537s] -- Up-to-date: /home/rhobtor/PHD/ARGOJ8_IA/ARGOSJ8_IA_/install/ublox_msgs/share/ublox_msgs/msg/NavDGPSSV.msg
[292.537s] -- Up-to-date: /home/rhobtor/PHD/ARGOJ8_IA/ARGOSJ8_IA_/install/ublox_msgs/share/ublox_msgs/msg/NavDOP.msg
[292.537s] -- Up-to-date: /home/rhobtor/PHD/ARGOJ8_IA/ARGOSJ8_IA_/install/ublox_msgs/share/ublox_msgs/msg/NavPOSECEF.msg
[292.538s] -- Up-to-date: /home/rhobtor/PHD/ARGOJ8_IA/ARGOSJ8_IA_/install/ublox_msgs/share/ublox_msgs/msg/NavPOSLLH.msg
[292.538s] -- Up-to-date: /home/rhobtor/PHD/ARGOJ8_IA/ARGOSJ8_IA_/install/ublox_msgs/share/ublox_msgs/msg/NavPVT7.msg
[292.538s] -- Up-to-date: /home/rhobtor/PHD/ARGOJ8_IA/ARGOSJ8_IA_/install/ublox_msgs/share/ublox_msgs/msg/NavPVT.msg
[292.539s] -- Up-to-date: /home/rhobtor/PHD/ARGOJ8_IA/ARGOSJ8_IA_/install/ublox_msgs/share/ublox_msgs/msg/NavRELPOSNED9.msg
[292.540s] -- Up-to-date: /home/rhobtor/PHD/ARGOJ8_IA/ARGOSJ8_IA_/install/ublox_msgs/share/ublox_msgs/msg/NavRELPOSNED.msg
[292.540s] -- Up-to-date: /home/rhobtor/PHD/ARGOJ8_IA/ARGOSJ8_IA_/install/ublox_msgs/share/ublox_msgs/msg/NavSAT.msg
[292.540s] -- Up-to-date: /home/rhobtor/PHD/ARGOJ8_IA/ARGOSJ8_IA_/install/ublox_msgs/share/ublox_msgs/msg/NavSATSV.msg
[292.541s] -- Up-to-date: /home/rhobtor/PHD/ARGOJ8_IA/ARGOSJ8_IA_/install/ublox_msgs/share/ublox_msgs/msg/NavSBAS.msg
[292.541s] -- Up-to-date: /home/rhobtor/PHD/ARGOJ8_IA/ARGOSJ8_IA_/install/ublox_msgs/share/ublox_msgs/msg/NavSBASSV.msg
[292.542s] -- Up-to-date: /home/rhobtor/PHD/ARGOJ8_IA/ARGOSJ8_IA_/install/ublox_msgs/share/ublox_msgs/msg/NavSOL.msg
[292.542s] -- Up-to-date: /home/rhobtor/PHD/ARGOJ8_IA/ARGOSJ8_IA_/install/ublox_msgs/share/ublox_msgs/msg/NavSTATUS.msg
[292.542s] -- Up-to-date: /home/rhobtor/PHD/ARGOJ8_IA/ARGOSJ8_IA_/install/ublox_msgs/share/ublox_msgs/msg/NavSVINFO.msg
[292.542s] -- Up-to-date: /home/rhobtor/PHD/ARGOJ8_IA/ARGOSJ8_IA_/install/ublox_msgs/share/ublox_msgs/msg/NavSVINFOSV.msg
[292.543s] -- Up-to-date: /home/rhobtor/PHD/ARGOJ8_IA/ARGOSJ8_IA_/install/ublox_msgs/share/ublox_msgs/msg/NavSVIN.msg
[292.543s] -- Up-to-date: /home/rhobtor/PHD/ARGOJ8_IA/ARGOSJ8_IA_/install/ublox_msgs/share/ublox_msgs/msg/NavTIMEGPS.msg
[292.544s] -- Up-to-date: /home/rhobtor/PHD/ARGOJ8_IA/ARGOSJ8_IA_/install/ublox_msgs/share/ublox_msgs/msg/NavTIMEUTC.msg
[292.544s] -- Up-to-date: /home/rhobtor/PHD/ARGOJ8_IA/ARGOSJ8_IA_/install/ublox_msgs/share/ublox_msgs/msg/NavVELECEF.msg
[292.544s] -- Up-to-date: /home/rhobtor/PHD/ARGOJ8_IA/ARGOSJ8_IA_/install/ublox_msgs/share/ublox_msgs/msg/NavVELNED.msg
[292.547s] -- Up-to-date: /home/rhobtor/PHD/ARGOJ8_IA/ARGOSJ8_IA_/install/ublox_msgs/share/ublox_msgs/msg/RxmALM.msg
[292.548s] -- Up-to-date: /home/rhobtor/PHD/ARGOJ8_IA/ARGOSJ8_IA_/install/ublox_msgs/share/ublox_msgs/msg/RxmEPH.msg
[292.548s] -- Up-to-date: /home/rhobtor/PHD/ARGOJ8_IA/ARGOSJ8_IA_/install/ublox_msgs/share/ublox_msgs/msg/RxmRAW.msg
[292.548s] -- Up-to-date: /home/rhobtor/PHD/ARGOJ8_IA/ARGOSJ8_IA_/install/ublox_msgs/share/ublox_msgs/msg/RxmRAWSV.msg
[292.548s] -- Up-to-date: /home/rhobtor/PHD/ARGOJ8_IA/ARGOSJ8_IA_/install/ublox_msgs/share/ublox_msgs/msg/RxmRAWXMeas.msg
[292.549s] -- Up-to-date: /home/rhobtor/PHD/ARGOJ8_IA/ARGOSJ8_IA_/install/ublox_msgs/share/ublox_msgs/msg/RxmRAWX.msg
[292.549s] -- Up-to-date: /home/rhobtor/PHD/ARGOJ8_IA/ARGOSJ8_IA_/install/ublox_msgs/share/ublox_msgs/msg/RxmRTCM.msg
[292.549s] -- Up-to-date: /home/rhobtor/PHD/ARGOJ8_IA/ARGOSJ8_IA_/install/ublox_msgs/share/ublox_msgs/msg/RxmSFRB.msg
[292.549s] -- Up-to-date: /home/rhobtor/PHD/ARGOJ8_IA/ARGOSJ8_IA_/install/ublox_msgs/share/ublox_msgs/msg/RxmSFRBX.msg
[292.549s] -- Up-to-date: /home/rhobtor/PHD/ARGOJ8_IA/ARGOSJ8_IA_/install/ublox_msgs/share/ublox_msgs/msg/RxmSVSI.msg
[292.549s] -- Up-to-date: /home/rhobtor/PHD/ARGOJ8_IA/ARGOSJ8_IA_/install/ublox_msgs/share/ublox_msgs/msg/RxmSVSISV.msg
[292.550s] -- Up-to-date: /home/rhobtor/PHD/ARGOJ8_IA/ARGOSJ8_IA_/install/ublox_msgs/share/ublox_msgs/msg/TimTM2.msg
[292.550s] -- Up-to-date: /home/rhobtor/PHD/ARGOJ8_IA/ARGOSJ8_IA_/install/ublox_msgs/share/ublox_msgs/msg/UpdSOSAck.msg
[292.550s] -- Up-to-date: /home/rhobtor/PHD/ARGOJ8_IA/ARGOSJ8_IA_/install/ublox_msgs/share/ublox_msgs/msg/UpdSOS.msg
[292.553s] -- Installing: /home/rhobtor/PHD/ARGOJ8_IA/ARGOSJ8_IA_/install/ublox_msgs/lib/libublox_msgs_lib.so
[292.556s] -- Set non-toolchain portion of runtime path of "/home/rhobtor/PHD/ARGOJ8_IA/ARGOSJ8_IA_/install/ublox_msgs/lib/libublox_msgs_lib.so" to ""
[292.556s] -- Up-to-date: /home/rhobtor/PHD/ARGOJ8_IA/ARGOSJ8_IA_/install/ublox_msgs/include/ublox_msgs
[292.556s] -- Up-to-date: /home/rhobtor/PHD/ARGOJ8_IA/ARGOSJ8_IA_/install/ublox_msgs/include/ublox_msgs/ublox_msgs
[292.557s] -- Up-to-date: /home/rhobtor/PHD/ARGOJ8_IA/ARGOSJ8_IA_/install/ublox_msgs/include/ublox_msgs/ublox_msgs/ublox_msgs.hpp
[292.557s] -- Up-to-date: /home/rhobtor/PHD/ARGOJ8_IA/ARGOSJ8_IA_/install/ublox_msgs/include/ublox_msgs/ublox_msgs/serialization.hpp
[292.557s] -- Up-to-date: /home/rhobtor/PHD/ARGOJ8_IA/ARGOSJ8_IA_/install/ublox_msgs/share/ament_index/resource_index/package_run_dependencies/ublox_msgs
[292.561s] -- Up-to-date: /home/rhobtor/PHD/ARGOJ8_IA/ARGOSJ8_IA_/install/ublox_msgs/share/ament_index/resource_index/parent_prefix_path/ublox_msgs
[292.561s] -- Up-to-date: /home/rhobtor/PHD/ARGOJ8_IA/ARGOSJ8_IA_/install/ublox_msgs/share/ublox_msgs/environment/ament_prefix_path.sh
[292.562s] -- Up-to-date: /home/rhobtor/PHD/ARGOJ8_IA/ARGOSJ8_IA_/install/ublox_msgs/share/ublox_msgs/environment/ament_prefix_path.dsv
[292.562s] -- Up-to-date: /home/rhobtor/PHD/ARGOJ8_IA/ARGOSJ8_IA_/install/ublox_msgs/share/ublox_msgs/environment/path.sh
[292.562s] -- Up-to-date: /home/rhobtor/PHD/ARGOJ8_IA/ARGOSJ8_IA_/install/ublox_msgs/share/ublox_msgs/environment/path.dsv
[292.562s] -- Up-to-date: /home/rhobtor/PHD/ARGOJ8_IA/ARGOSJ8_IA_/install/ublox_msgs/share/ublox_msgs/local_setup.bash
[292.562s] -- Up-to-date: /home/rhobtor/PHD/ARGOJ8_IA/ARGOSJ8_IA_/install/ublox_msgs/share/ublox_msgs/local_setup.sh
[292.562s] -- Up-to-date: /home/rhobtor/PHD/ARGOJ8_IA/ARGOSJ8_IA_/install/ublox_msgs/share/ublox_msgs/local_setup.zsh
[292.562s] -- Up-to-date: /home/rhobtor/PHD/ARGOJ8_IA/ARGOSJ8_IA_/install/ublox_msgs/share/ublox_msgs/local_setup.dsv
[292.562s] -- Installing: /home/rhobtor/PHD/ARGOJ8_IA/ARGOSJ8_IA_/install/ublox_msgs/share/ublox_msgs/package.dsv
[292.563s] -- Up-to-date: /home/rhobtor/PHD/ARGOJ8_IA/ARGOSJ8_IA_/install/ublox_msgs/share/ament_index/resource_index/packages/ublox_msgs
[292.563s] -- Up-to-date: /home/rhobtor/PHD/ARGOJ8_IA/ARGOSJ8_IA_/install/ublox_msgs/share/ublox_msgs/cmake/export_ublox_msgs__rosidl_generator_cExport.cmake
[292.563s] -- Up-to-date: /home/rhobtor/PHD/ARGOJ8_IA/ARGOSJ8_IA_/install/ublox_msgs/share/ublox_msgs/cmake/export_ublox_msgs__rosidl_generator_cExport-noconfig.cmake
[292.564s] -- Up-to-date: /home/rhobtor/PHD/ARGOJ8_IA/ARGOSJ8_IA_/install/ublox_msgs/share/ublox_msgs/cmake/export_ublox_msgs__rosidl_typesupport_fastrtps_cExport.cmake
[292.565s] -- Up-to-date: /home/rhobtor/PHD/ARGOJ8_IA/ARGOSJ8_IA_/install/ublox_msgs/share/ublox_msgs/cmake/export_ublox_msgs__rosidl_typesupport_fastrtps_cExport-noconfig.cmake
[292.566s] -- Up-to-date: /home/rhobtor/PHD/ARGOJ8_IA/ARGOSJ8_IA_/install/ublox_msgs/share/ublox_msgs/cmake/ublox_msgs__rosidl_typesupport_introspection_cExport.cmake
[292.566s] -- Up-to-date: /home/rhobtor/PHD/ARGOJ8_IA/ARGOSJ8_IA_/install/ublox_msgs/share/ublox_msgs/cmake/ublox_msgs__rosidl_typesupport_introspection_cExport-noconfig.cmake
[292.567s] -- Up-to-date: /home/rhobtor/PHD/ARGOJ8_IA/ARGOSJ8_IA_/install/ublox_msgs/share/ublox_msgs/cmake/ublox_msgs__rosidl_typesupport_cExport.cmake
[292.567s] -- Up-to-date: /home/rhobtor/PHD/ARGOJ8_IA/ARGOSJ8_IA_/install/ublox_msgs/share/ublox_msgs/cmake/ublox_msgs__rosidl_typesupport_cExport-noconfig.cmake
[292.568s] -- Up-to-date: /home/rhobtor/PHD/ARGOJ8_IA/ARGOSJ8_IA_/install/ublox_msgs/share/ublox_msgs/cmake/export_ublox_msgs__rosidl_generator_cppExport.cmake
[292.568s] -- Up-to-date: /home/rhobtor/PHD/ARGOJ8_IA/ARGOSJ8_IA_/install/ublox_msgs/share/ublox_msgs/cmake/export_ublox_msgs__rosidl_typesupport_fastrtps_cppExport.cmake
[292.569s] -- Up-to-date: /home/rhobtor/PHD/ARGOJ8_IA/ARGOSJ8_IA_/install/ublox_msgs/share/ublox_msgs/cmake/export_ublox_msgs__rosidl_typesupport_fastrtps_cppExport-noconfig.cmake
[292.569s] -- Up-to-date: /home/rhobtor/PHD/ARGOJ8_IA/ARGOSJ8_IA_/install/ublox_msgs/share/ublox_msgs/cmake/ublox_msgs__rosidl_typesupport_introspection_cppExport.cmake
[292.570s] -- Up-to-date: /home/rhobtor/PHD/ARGOJ8_IA/ARGOSJ8_IA_/install/ublox_msgs/share/ublox_msgs/cmake/ublox_msgs__rosidl_typesupport_introspection_cppExport-noconfig.cmake
[292.570s] -- Up-to-date: /home/rhobtor/PHD/ARGOJ8_IA/ARGOSJ8_IA_/install/ublox_msgs/share/ublox_msgs/cmake/ublox_msgs__rosidl_typesupport_cppExport.cmake
[292.570s] -- Up-to-date: /home/rhobtor/PHD/ARGOJ8_IA/ARGOSJ8_IA_/install/ublox_msgs/share/ublox_msgs/cmake/ublox_msgs__rosidl_typesupport_cppExport-noconfig.cmake
[292.571s] -- Up-to-date: /home/rhobtor/PHD/ARGOJ8_IA/ARGOSJ8_IA_/install/ublox_msgs/share/ublox_msgs/cmake/export_ublox_msgs__rosidl_generator_pyExport.cmake
[292.571s] -- Up-to-date: /home/rhobtor/PHD/ARGOJ8_IA/ARGOSJ8_IA_/install/ublox_msgs/share/ublox_msgs/cmake/export_ublox_msgs__rosidl_generator_pyExport-noconfig.cmake
[292.571s] -- Up-to-date: /home/rhobtor/PHD/ARGOJ8_IA/ARGOSJ8_IA_/install/ublox_msgs/share/ublox_msgs/cmake/ublox_msgs_libExport.cmake
[292.572s] -- Up-to-date: /home/rhobtor/PHD/ARGOJ8_IA/ARGOSJ8_IA_/install/ublox_msgs/share/ublox_msgs/cmake/ublox_msgs_libExport-noconfig.cmake
[292.572s] -- Up-to-date: /home/rhobtor/PHD/ARGOJ8_IA/ARGOSJ8_IA_/install/ublox_msgs/share/ublox_msgs/cmake/rosidl_cmake-extras.cmake
[292.572s] -- Up-to-date: /home/rhobtor/PHD/ARGOJ8_IA/ARGOSJ8_IA_/install/ublox_msgs/share/ublox_msgs/cmake/ament_cmake_export_dependencies-extras.cmake
[292.572s] -- Up-to-date: /home/rhobtor/PHD/ARGOJ8_IA/ARGOSJ8_IA_/install/ublox_msgs/share/ublox_msgs/cmake/ament_cmake_export_include_directories-extras.cmake
[292.573s] -- Up-to-date: /home/rhobtor/PHD/ARGOJ8_IA/ARGOSJ8_IA_/install/ublox_msgs/share/ublox_msgs/cmake/ament_cmake_export_libraries-extras.cmake
[292.573s] -- Up-to-date: /home/rhobtor/PHD/ARGOJ8_IA/ARGOSJ8_IA_/install/ublox_msgs/share/ublox_msgs/cmake/ament_cmake_export_targets-extras.cmake
[292.573s] -- Up-to-date: /home/rhobtor/PHD/ARGOJ8_IA/ARGOSJ8_IA_/install/ublox_msgs/share/ublox_msgs/cmake/rosidl_cmake_export_typesupport_targets-extras.cmake
[292.573s] -- Up-to-date: /home/rhobtor/PHD/ARGOJ8_IA/ARGOSJ8_IA_/install/ublox_msgs/share/ublox_msgs/cmake/rosidl_cmake_export_typesupport_libraries-extras.cmake
[292.574s] -- Up-to-date: /home/rhobtor/PHD/ARGOJ8_IA/ARGOSJ8_IA_/install/ublox_msgs/share/ublox_msgs/cmake/ublox_msgsConfig.cmake
[292.574s] -- Up-to-date: /home/rhobtor/PHD/ARGOJ8_IA/ARGOSJ8_IA_/install/ublox_msgs/share/ublox_msgs/cmake/ublox_msgsConfig-version.cmake
[292.574s] -- Up-to-date: /home/rhobtor/PHD/ARGOJ8_IA/ARGOSJ8_IA_/install/ublox_msgs/share/ublox_msgs/package.xml
[292.579s] Invoked command in '/home/rhobtor/PHD/ARGOJ8_IA/ARGOSJ8_IA_/build/ublox_msgs' returned '0': CMAKE_PREFIX_PATH=/home/rhobtor/PHD/ARGOJ8_IA/ARGOSJ8_IA_/install/ublox_serialization:/home/rhobtor/PHD/ARGOJ8_IA/ARGOSJ8_IA_/install/wiimote_msgs:/home/rhobtor/PHD/ARGOJ8_IA/ARGOSJ8_IA_/install/ublox:/home/rhobtor/PHD/ARGOJ8_IA/ARGOSJ8_IA_/install/ublox_gps:/home/rhobtor/PHD/ARGOJ8_IA/ARGOSJ8_IA_/install/security_check:/home/rhobtor/PHD/ARGOJ8_IA/ARGOSJ8_IA_/install/ctl_mission:/home/rhobtor/PHD/ARGOJ8_IA/ARGOSJ8_IA_/install/ublox_msgs:/home/rhobtor/PHD/ARGOJ8_IA/ARGOSJ8_IA_/install/spacenav:/home/rhobtor/PHD/ARGOJ8_IA/ARGOSJ8_IA_/install/laser_segmentation:/home/rhobtor/PHD/ARGOJ8_IA/ARGOSJ8_IA_/install/slg_msgs:/home/rhobtor/PHD/ARGOJ8_IA/ARGOSJ8_IA_/install/security_check_interfaces:/home/rhobtor/PHD/ARGOJ8_IA/ARGOSJ8_IA_/install/joy:/home/rhobtor/PHD/ARGOJ8_IA/ARGOSJ8_IA_/install/sdl2_vendor:/home/rhobtor/PHD/ARGOJ8_IA/ARGOSJ8_IA_/install/path_manager:/home/rhobtor/PHD/ARGOJ8_IA/ARGOSJ8_IA_/install/path_manager_interfaces:/home/rhobtor/PHD/ARGOJ8_IA/ARGOSJ8_IA_/install/joy_linux:/home/rhobtor/PHD/ARGOJ8_IA/ARGOSJ8_IA_/install/j8_xacro_model:/home/rhobtor/PHD/ARGOJ8_IA/ARGOSJ8_IA_/install/hector_gazebo_plugins:/home/rhobtor/PHD/ARGOJ8_IA/ARGOSJ8_IA_/install/fixposition_sensor_pkg:/home/rhobtor/PHD/ARGOJ8_IA/ARGOSJ8_IA_/install/fixposition_odometry_converter_ros2:/home/rhobtor/PHD/ARGOJ8_IA/ARGOSJ8_IA_/install/fixposition_driver_ros2:/home/rhobtor/PHD/ARGOJ8_IA/ARGOSJ8_IA_/install/fixposition_driver_lib:/home/rhobtor/PHD/ARGOJ8_IA/ARGOSJ8_IA_/install/fixposition_gnss_tf:/home/rhobtor/PHD/ARGOJ8_IA/ARGOSJ8_IA_/install/ctl_mission_interfaces:/home/rhobtor/PHD/ARGOJ8_IA/ARGOSJ8_IA_/install/car_cpp:/home/rhobtor/PHD/ARGOJ8_IA/ARGOSJ8_IA_/install/car_interfaces:/home/rhobtor/PHD/ARGOJ8_IA/ARGOSJ8_IA_/install/argj801_setup:/home/rhobtor/PHD/ARGOJ8_IA/ARGOSJ8_IA_/install/argj801_sensors:/home/rhobtor/PHD/ARGOJ8_IA/ARGOSJ8_IA_/install/argj801_sensors_msgs:/home/rhobtor/PHD/ARGOJ8_IA/ARGOSJ8_IA_/install/argj801_ctl_platform:/home/rhobtor/PHD/ARGOJ8_IA/ARGOSJ8_IA_/install/argj801_ctl_platform_interfaces:/home/rhobtor/zed/install/zed_ros2:/home/rhobtor/zed/install/zed_wrapper:/home/rhobtor/zed/install/zed_components:/home/rhobtor/zed/install/zed_interfaces:/home/rhobtor/PHD/ARGOJ8_IA/ARGOSJ8_IA_/install/ntrip_client:/home/rhobtor/PHD/ARGOJ8_IA/ARGOSJ8_IA_/install/j8_gui:/home/rhobtor/PHD/ARGOJ8_IA/ARGOSJ8_IA_/install/car:/home/rhobtor/PHD/ARGOJ8_IA/ARGOSJ8_IA_/install/android_ros2_server:/home/rhobtor/PHD/ARGOJ8_IA/ARGOSJ8_IA_/install/GUI_pkg:/opt/ros/humble /opt/st/stm32cubeclt_1.18.0/CMake/bin/cmake --install /home/rhobtor/PHD/ARGOJ8_IA/ARGOSJ8_IA_/build/ublox_msgs
