t_s,x,y,yaw,goal_x,goal_y,d_wp,abs_dtheta,omega,cum_Sw,cum_Zw
1.67881344,-12.409480094909668,-0.5132594704627991,0.04652430354821529,5.0,6.42,18.739265835667577,0.3324692721396305,0.0,0.0,0
1.779024384,-12.40950870513916,-0.5132747888565063,0.04658856144282847,5.0,6.42,18.73929808322898,0.3324052088087255,0.0,0.0,0
1.911441664,-12.409515380859375,-0.5133060812950134,0.04669560216747828,5.0,6.42,18.739315863000485,0.332299587662245,0.0,0.0,0
2.010886912,-12.409490585327148,-0.5132606029510498,0.046536539891453184,5.0,6.42,18.739276000663093,0.33245688482044633,0.0,0.0,0
2.1619456,-12.409482955932617,-0.5132585167884827,0.04653317536786462,5.0,6.42,18.739268140819384,0.3324602965519685,0.0,0.0,0
2.24946048,-12.409478187561035,-0.5132595300674438,0.04652238565572436,5.0,6.42,18.73926408572211,0.33247123064559325,0.0,0.0,0
2.375512064,-12.409506797790527,-0.5132747888565063,0.04658787344013076,5.0,6.42,18.739296311230788,0.332405934469826,0.0,0.0,0
2.462469632,-12.40952205657959,-0.5132902264595032,0.04663791726114882,5.0,6.42,18.739316198913183,0.33235635473052216,0.0,0.0,0
2.56225408,-12.409482955932617,-0.5132586359977722,0.04653196108603433,5.0,6.42,18.7392681849251,0.3324615167438427,0.0,0.0,0
2.66296576,-12.409485816955566,-0.5132653117179871,0.04652641283163076,5.0,6.42,18.73927331284351,0.3324673394729918,0.0,0.0,0
2.81397632,-12.409485816955566,-0.5132654905319214,0.04652616391194448,5.0,6.42,18.739273379002128,0.3324675972577409,0.0,0.0,0
2.914194688,-12.409514427185059,-0.5133063197135925,0.04669617553869174,5.0,6.42,18.7393150652137,0.3322990449403318,0.0,0.0,0
3.01143168,-12.409489631652832,-0.5132609009742737,0.04653395548718473,5.0,6.42,18.73927522492815,0.33245950282902603,0.0,0.0,0
3.114331392,-12.409477233886719,-0.5132598876953125,0.046519992423784615,5.0,6.42,18.739263332040156,0.3324736604368961,0.0,0.0,0
3.213668608,-12.409485816955566,-0.5132654309272766,0.046525194466480325,5.0,6.42,18.739273356949255,0.3324685637481841,0.0,0.0,0
3.358412032,-12.409505844116211,-0.5132749676704407,0.046587470189477106,5.0,6.42,18.739295491390333,0.33240636541473556,0.0,0.0,0
3.45848192,-12.40952205657959,-0.5132904052734375,0.0466384716626158,5.0,6.42,18.739316265071892,0.3323558091940959,0.0,0.0,0
3.558493184,-12.409481048583984,-0.513258695602417,0.046529546783411216,5.0,6.42,18.739266434979555,0.33246397165992336,0.0,0.0,0
3.659519488,-12.409483909606934,-0.5132655501365662,0.04652429262225052,5.0,6.42,18.7392716290568,0.3324695091609078,0.0,0.0,0
3.735492608,-12.409513473510742,-0.5133060216903687,0.04669674204845633,5.0,6.42,18.739314068950335,0.33229848248475546,0.0,0.0,0
3.841868544,-12.4094877243042,-0.5132611393928528,0.0465326162366178,5.0,6.42,18.739273541141173,0.3324608915580969,0.0,0.0,0
3.969303808,-12.409478187561035,-0.5132601261138916,0.04651844598731138,5.0,6.42,18.739264306250774,0.332475199864231,0.0,0.0,0
4.06410112,-12.4094877243042,-0.51326584815979,0.04652292829506481,5.0,6.42,18.73927528331759,0.3324708129462999,0.0,0.0,0
4.179998976,-12.409521102905273,-0.5133073329925537,0.0466958397333204,5.0,6.42,18.739321642104134,0.3322992991761877,0.0,0.0,0
4.262936576,-12.409497261047363,-0.5132617950439453,0.04652966569312676,5.0,6.42,18.739282643714823,0.3324636863147772,0.0,0.0,0
4.372714496,-12.4094877243042,-0.5132603049278259,0.04651777424644175,5.0,6.42,18.739273232401157,0.3324756921779759,0.0,0.0,0
4.474020096,-12.409501075744629,-0.5132662057876587,0.046520312566823895,5.0,6.42,18.73928781962299,0.3324731827957317,0.0,0.0,0
4.575597312,-12.409536361694336,-0.5132775902748108,0.046573671513851826,5.0,6.42,18.739324813689638,0.33241969157729034,0.0,0.0,0
4.69982976,-12.409547805786133,-0.513308584690094,0.046694026360796226,5.0,6.42,18.7393469131795,0.3323006473858441,0.0,0.0,0
4.826441472,-12.40952205657959,-0.5132629871368408,0.04652829595986313,5.0,6.42,18.739306120754122,0.33246462558989753,0.0,0.0,0
4.928005888,-12.409512519836426,-0.5132613182067871,0.046518478221501194,5.0,6.42,18.739296643281033,0.3324745488793597,0.0,0.0,0
5.028917504,-12.40953254699707,-0.5132689476013184,0.04651407434273664,5.0,6.42,18.739318072030343,0.3324789355879729,0.0,0.0,0
5.128558592,-12.409567832946777,-0.5133100152015686,0.0466934308576505,5.0,6.42,18.739366048425158,0.3323009183964585,0.0,0.0,0
5.221481472,-12.409571647644043,-0.5133087635040283,0.04669502082960647,5.0,6.42,18.739369129309907,0.33229919105277306,0.0,0.0,0
5.34743424,-12.409547805786133,-0.513263463973999,0.04652861596585956,5.0,6.42,18.739330219162838,0.33246382083756876,0.0,0.0,0
5.430026752,-12.409536361694336,-0.5132607817649841,0.04653655972675793,5.0,6.42,18.739318594792014,0.3324559700503733,0.0,0.0,0
5.579857408,-12.409530639648438,-0.5132616758346558,0.046520543102921814,5.0,6.42,18.739313609587075,0.332472143974202,0.0,0.0,0
5.663665408,-12.409550666809082,-0.5132694840431213,0.04651252703020808,5.0,6.42,18.739335104494934,0.3324801517422058,0.0,0.0,0
5.779660032,-12.409587860107422,-0.5133112668991089,0.0466942435460264,5.0,6.42,18.739385117514125,0.3322997723512051,0.0,0.0,0
5.86824192,-12.409588813781738,-0.5133101344108582,0.04669398971068581,5.0,6.42,18.73938558450833,0.33229995121236744,0.0,0.0,0
5.979005184,-12.409563064575195,-0.5132644772529602,0.04652714224767603,5.0,6.42,18.739344770054224,0.3324650435255072,0.0,0.0,0
6.078240768,-12.409552574157715,-0.5132614970207214,0.046535879397712185,5.0,6.42,18.739333921418645,0.33245636574478743,0.0,0.0,0
6.22344192,-12.409560203552246,-0.5132685303688049,0.04651634484035908,5.0,6.42,18.739343611645328,0.33247609836085434,0.0,0.0,0
6.3306112,-12.409590721130371,-0.5132796764373779,0.04656940867173675,5.0,6.42,18.739376087505377,0.33242298458577,0.0,0.0,0
6.427327488,-12.409603118896484,-0.513312041759491,0.0466935831364323,5.0,6.42,18.73939958018659,0.3323001699100594,0.0,0.0,0
6.534258944,-12.409603118896484,-0.5132933855056763,0.04664002170411747,5.0,6.42,18.739392677645316,0.3323528064267225,0.0,0.0,0
6.631257344,-12.409576416015625,-0.5132649540901184,0.0465269664819756,5.0,6.42,18.73935735047234,0.3324649793243708,0.0,0.0,0
6.734916608,-12.409563064575195,-0.5132632255554199,0.04652108002915003,5.0,6.42,18.739344306945746,0.3324710436887903,0.0,0.0,0
6.86143488,-12.409570693969727,-0.5132644772529602,0.046510149631440505,5.0,6.42,18.73935185805174,0.3324818855091767,0.0,0.0,0
6.973885952,-12.4096097946167,-0.5132796764373779,0.04657489350776514,5.0,6.42,18.739393807498505,0.3324171231689741,0.0,0.0,0
7.079847936,-12.409610748291016,-0.51328045129776,0.04657044977148596,5.0,6.42,18.739394980184333,0.33242158649128273,0.0,0.0,0
7.178976,-12.409624099731445,-0.5132983922958374,0.04663858046981021,5.0,6.42,18.73941402207022,0.33235408164216373,0.0,0.0,0
7.308978176,-12.409619331359863,-0.5132944583892822,0.04663926701427312,5.0,6.42,18.7394081365872,0.3323532942128229,0.0,0.0,0
7.40914944,-12.409584999084473,-0.5132632851600647,0.046523513921455886,5.0,6.42,18.739364706993022,0.33246817968323095,0.0,0.0,0
7.508160256,-12.409578323364258,-0.513264000415802,0.046519606060550195,5.0,6.42,18.739358769627536,0.3324722548075383,0.0,0.0,0
7.65142016,-12.409595489501953,-0.5132713317871094,0.04651008292645896,5.0,6.42,18.739377430114047,0.3324818024849212,0.0,0.0,0
7.757509632,-12.409622192382812,-0.5132802724838257,0.046574743104567516,5.0,6.42,18.739405546023107,0.3324170583450785,0.0,0.0,0
7.83752192,-12.409627914428711,-0.5133118033409119,0.046694730503537486,5.0,6.42,18.739422527954318,0.3322985211670457,0.0,0.0,0
7.9794368,-12.409635543823242,-0.5132991075515747,0.04663761277721621,5.0,6.42,18.739424918698255,0.33235485884649885,0.0,0.0,0
8.078607872,-12.409631729125977,-0.5132952928543091,0.04663822946185223,5.0,6.42,18.73941996332079,0.33235412835797185,0.0,0.0,0
8.164932352,-12.409598350524902,-0.5132639408111572,0.04652183897457644,5.0,6.42,18.739377353571587,0.33246962352888065,0.0,0.0,0
8.279518208,-12.409605979919434,-0.513270914554596,0.046512542316533394,5.0,6.42,18.73938702174261,0.3324791152905777,0.0,0.0,0
8.428093184,-12.409608840942383,-0.513271689414978,0.0465106532217835,5.0,6.42,18.739389966428,0.33248098631337,0.0,0.0,0
8.517374208,-12.409636497497559,-0.5132806301116943,0.04657464195668286,5.0,6.42,18.739418968337333,0.3324168947881878,0.0,0.0,0
8.611328,-12.408374786376953,-0.5132235884666443,0.04647144242244037,5.0,6.42,18.73822569056727,0.33254217852392864,0.0,0.0,0
8.709099776,-12.395001411437988,-0.5112939476966858,0.042909179166884824,5.0,6.42,18.725087713901537,0.3362729596353491,0.0,0.0,0
8.821635584,-12.337923049926758,-0.5074020624160767,0.0335450554083245,5.0,6.42,18.670631350319894,0.34657506669273896,0.0,0.0,0
8.924736512,-12.272833824157715,-0.506760835647583,0.04427631631986881,5.0,6.42,18.609965179742492,0.3371095113815419,0.0,0.0,0
9.035253504,-12.20175552368164,-0.504187822341919,0.05012852067000567,5.0,6.42,18.54305180102725,0.33255524397676384,-0.15706309527558845,0.008679070422033652,0
9.13908608,-12.110196113586426,-0.5000209808349609,0.0462452131890681,5.0,6.42,18.45658422949881,0.33808153743392033,-1.111088306193024,0.07451678380828194,0
9.253212672,-12.031773567199707,-0.4977550506591797,0.044004098492809354,5.0,6.42,18.38305322260922,0.3418078646697227,-1.6809757138135877,0.23384115943286893,0
9.360969216,-11.929295539855957,-0.49382370710372925,0.039346637584246856,5.0,6.42,18.286661962444004,0.34837498642648423,-1.739659458398819,0.41813907165409714,0
9.467482624,-11.852460861206055,-0.49148786067962646,0.04544462675293609,5.0,6.42,18.214667208785446,0.34375312702919114,-1.4833787696430203,0.5897874645456053,0
9.57415552,-11.766423225402832,-0.48797929286956787,0.04190141642074549,5.0,6.42,18.133756524339965,0.34891765058131163,-0.33612925559282303,0.6868335597191788,0
9.686341632,-11.658761978149414,-0.4806871712207794,0.04376387539876941,5.0,6.42,18.031467884775427,0.3489558050113417,0.0,0.7056880768763854,0
9.814176768,-11.5271577835083,-0.47727710008621216,0.043365301629800145,5.0,6.42,17.908639696982924,0.3519908066097286,0.0,0.7056880768763854,0
9.900275456,-11.363306999206543,-0.4717060923576355,0.04837214216431957,5.0,6.42,17.75537746187676,0.3502485444229446,0.0,0.7056880768763854,0
9.99571072,-11.153521537780762,-0.46461713314056396,0.0606270763321991,5.0,6.42,17.559447916762064,0.3422588225223864,-0.9765371267019072,0.7522861161226847,0
10.11016064,-10.955047607421875,-0.45851704478263855,0.05255398224547588,5.0,6.42,17.374623474782517,0.35448769938110214,-3.323775822469,0.9983713526264724,0
10.22791936,-10.706148147583008,-0.44958367943763733,0.05681493431469743,5.0,6.42,17.14276143340451,0.35549631020623007,-3.9095374489796533,1.4242642087288733,0
10.372077312,-10.4689359664917,-0.43778401613235474,0.05501399231829411,5.0,6.42,16.920909595743986,0.36227612652984487,-4.116087555885315,2.0027430408395372,0
10.44343552,-10.186534881591797,-0.4168139398097992,0.0418287427145254,5.0,6.42,16.654514900091865,0.3811825084556846,-4.053037610168033,2.29421010722817,0
10.556453632,-9.963134765625,-0.3974323570728302,0.04852205349173398,5.0,6.42,16.44301632783715,0.3789916918819358,-1.1328229308128357,2.58725819094665,0
10.658789376,-9.75064754486084,-0.3823331594467163,0.05594951385539835,5.0,6.42,16.243563014462605,0.37614199809780446,-0.0966996906105829,2.6501702470607476,0
10.765210112,-9.49509334564209,-0.3726331889629364,0.0352425003532149,-9.0,-3.0,2.6736068859572732,1.4197857706218016,-0.014644333624744814,2.6560949035649104,0
10.878488064,-9.295675277709961,-0.36239317059516907,0.03791607198390339,-9.0,-3.0,2.6541276639174436,1.4970786223503758,-0.009741829126141965,2.65747611085169,0
10.980763904,-9.05783748626709,-0.3470485806465149,0.027543485190862218,-9.0,-3.0,2.65358180734406,1.5765420793805296,-0.009741829126141965,2.658472464608703,0
11.084209152,-8.862714767456055,-0.3391590416431427,0.03958403265952822,-9.0,-3.0,2.6643801982344946,1.6619293286085461,-5.0,2.917589457573666,0
11.203377664,-8.657721519470215,-0.3267633616924286,0.031420011305620346,-9.0,-3.0,2.6950600517657755,1.7295624270360832,-5.0,3.5134320175736655,0
11.310521088,-8.39072322845459,-0.3145638704299927,0.035344331281123686,-9.0,-3.0,2.7536857827909014,1.8292455681259416,-5.0,4.049149137573666,0
11.440508672,-8.148042678833008,-0.30502942204475403,0.028918525008334355,-9.0,-3.0,2.8264284341080477,1.9059020827661621,-5.0,4.699087057573667,0
11.549509888,-7.920292377471924,-0.3007065951824188,0.03126168879726041,-9.0,-3.0,2.9072243524428796,1.9825612822445717,-5.0,5.244093137573664,0
11.662490368,-7.552392959594727,-0.2742743194103241,0.05752450972674545,-9.0,-3.0,3.0862836274809493,2.116530393758488,-5.0,5.808995537573669,0
11.780687872,-7.080165386199951,-0.2740086019039154,0.03037811056381244,-9.0,-3.0,3.3341856647221415,2.2147605882633643,-5.0,6.399983057573666,0
11.867853056,-6.671588897705078,-0.2666369080543518,0.004764780597868093,-9.0,-3.0,3.590650644897235,2.281127311427551,-5.0,6.835808977573665,0
11.964225792,-6.250741481781006,-0.2635633945465088,0.013774557285882422,-9.0,-3.0,3.8789828171397622,2.372306379234225,-5.0,7.31767265757367,0
12.069178624,-5.871368885040283,-0.24155935645103455,-0.005955271399573311,-9.0,-3.0,4.171010361708169,2.413038469907427,-5.0,7.842436817573663,0
12.180759808,-5.494528770446777,-0.23159873485565186,-0.06593147658322011,-9.0,-3.0,4.46680804446287,2.407209401764438,-5.0,8.400342737573665,0
12.291524608,-5.235246181488037,-0.22329246997833252,-0.07495130464747746,-9.0,-3.0,4.677977770498641,2.4311536746135674,-5.0,8.954166737573665,0
12.405265664,-4.9121246337890625,-0.20534083247184753,-0.7277286735736376,-9.0,-3.0,4.951852670700467,1.8141984639667479,-5.0,9.522872017573667,0
12.518182144,-4.563215255737305,-0.16989165544509888,-3.0995566661768423,-9.0,-3.0,5.262563264117731,0.5257673120516633,-5.0,10.087454417573671,0
12.619929856,-4.223155975341797,-0.1552949845790863,-3.0190544331210973,-9.0,-3.0,5.559728901724767,0.41458047463453074,-5.0,10.59619297757367,0
12.741534976,-3.8711767196655273,-0.16577446460723877,-2.9575682829319323,-9.0,-3.0,5.85983469275143,0.3208184542950665,-5.0,11.20421857757367,0
12.83999488,-3.5414085388183594,-0.1497953236103058,-2.9780937943171613,-9.0,-3.0,6.1579125876711505,0.31771148822594597,-5.0,11.696518097573671,0
12.9473152,-3.2054977416992188,-0.1331143081188202,-3.0492595698887075,-9.0,-3.0,6.464927686507088,0.36711343381528216,-4.986476012570864,12.232393998244383,0
13.043772416,-2.7845077514648438,-0.11552995443344116,-3.068276815913777,-9.0,-3.0,6.8521902582584024,0.36118306545908974,-1.1662848126519647,12.529133088201808,0
13.14871936,-2.4302663803100586,-0.10431286692619324,-3.087913264737439,-9.0,-3.0,7.1795824256243135,0.36146548221245567,0.0,12.590332101662526,0
13.252950272,-2.119443893432617,-0.09682607650756836,-3.097057537884608,-9.0,-3.0,7.467962986361686,0.35473985473451863,-1.9970097987094835,12.69440717795874,0
13.364107776,-1.8475332260131836,-0.08657300472259521,-3.0989230004264092,-9.0,-3.0,7.723071785876168,0.34414119797309706,-5.0,13.083292250302788,0
13.481311232,-1.507023811340332,-0.07370203733444214,-3.0920846892508123,-9.0,-3.0,8.044122819184286,0.32281569581140257,-5.0,13.669309530302781,0
13.578347008,-1.2207584381103516,-0.0623360276222229,-3.085310877766531,-9.0,-3.0,8.31543558046346,0.304791412193377,-5.0,14.154488410302783,0
13.667706624,-0.9251670837402344,-0.05149364471435547,-3.092915483116432,-9.0,-3.0,8.596314114355758,0.30142798055386644,-5.0,14.60128649030278,0
13.780722176,-0.555145263671875,-0.04400527477264404,-3.091233391952294,-9.0,-3.0,8.947260828502515,0.286346737556316,-5.0,15.166364250302781,0
13.90732288,-0.24894142150878906,-0.028549790382385254,-3.088413359300915,-9.0,-3.0,9.241782435895209,0.27415868324115866,-5.0,15.799367770302787,0
14.024525056,0.11699867248535156,-0.01994037628173828,-3.098437968381695,-9.0,-3.0,9.59168494869465,0.27276627326573744,-5.0,16.385378650302783,0
14.142668544,0.4106578826904297,-0.0055522918701171875,-3.108656425374257,-9.0,-3.0,9.875586000930165,0.2751307829070635,-4.9938673197634245,16.975733822185813,0
14.212844032,0.6444149017333984,0.01416158676147461,-3.12730361365829,-9.0,-3.0,10.104449953752342,0.28862245992886626,-0.131598004741771,17.155574837372928,0
14.354864384,0.845123291015625,0.01848006248474121,-3.0995952497871113,-9.0,-3.0,10.29745961404638,0.255500158505098,0.0,17.16491963485089,0
14.433630464,0.9909629821777344,0.0098801851272583,-3.1151313584591036,-9.0,-3.0,10.43449663568241,0.2661513070576089,0.0,17.16491963485089,0
14.57353984,1.067753791809082,0.004454612731933594,-3.103200790045531,-9.0,-3.0,10.506493893419076,0.25161800019637726,0.0,17.16491963485089,0
14.647687424,1.102677345275879,0.0021044015884399414,-3.106439873245252,-9.0,-3.0,10.5392941120735,0.2536958225620469,0.0,17.16491963485089,0
14.764150016,1.131521224975586,0.0042816996574401855,-3.107330084222411,-9.0,-3.0,10.567565039451019,0.2540060470981973,0.0,17.16491963485089,0
14.862490624,1.166555404663086,0.0049367547035217285,-3.1080759713114756,-9.0,-3.0,10.601343957058102,0.2538716743580256,0.0,17.16491963485089,0
14.963293696,1.1953163146972656,0.0058860182762146,-3.1088478449856862,-9.0,-3.0,10.629196842264268,0.25396222560462967,0.0,17.16491963485089,0
15.078209536,1.2254104614257812,0.009761393070220947,-3.1040425779236975,-9.0,-3.0,10.659159570428233,0.24870727039747154,0.23086227905634604,17.178184501211927,1
15.179847936,1.2569303512573242,0.009612619876861572,-3.1108812786323927,-9.0,-3.0,10.689358650184106,0.25470000847959406,3.3550225731869094,17.36041630069505,1
15.290850048,1.2906990051269531,0.01832979917526245,-3.116817797192019,-9.0,-3.0,10.724215625895921,0.2605299359691209,2.4556420111214976,17.682914321185965,1
15.428403456,1.3293771743774414,0.017369866371154785,-3.1104790525468746,-9.0,-3.0,10.761066569863527,0.25309398604778455,0.0,17.851805284914835,1
15.515857664,1.372976303100586,0.02065986394882202,-3.1056695071162097,-9.0,-3.0,10.803842992118943,0.24744519797496167,0.0,17.851805284914835,1
15.650023168,1.413477897644043,0.023100197315216064,-3.1069600085241618,-9.0,-3.0,10.843415362685702,0.24790746574582112,0.0,17.851805284914835,1
15.744933376,1.4609451293945312,0.026337504386901855,-3.106768431360818,-9.0,-3.0,10.889907790732753,0.2467861539876277,0.0,17.851805284914835,1
15.846389504,1.500807762145996,0.028866350650787354,-3.1068916164998273,-9.0,-3.0,10.928906396691767,0.24611797803655255,0.0,17.851805284914835,1
15.9789696,1.548048973083496,0.03294825553894043,-3.106688979386679,-9.0,-3.0,10.975432212871823,0.2450797888680296,0.0,17.851805284914835,1
16.071464192,1.5974607467651367,0.03755563497543335,-3.1080867633002813,-9.0,-3.0,11.02419695555186,0.2456406437555061,0.0,17.851805284914835,1
16.170872576,1.6374883651733398,0.040747761726379395,-3.107684506814764,-9.0,-3.0,11.063557550338054,0.2445188663796749,0.0,17.851805284914835,1
16.276498944,1.6768665313720703,0.043451130390167236,-3.106878381557455,-9.0,-3.0,11.10216527132461,0.24297202274839114,0.1570645750042478,17.860100365214418,1
16.371481856,1.7192211151123047,0.04506635665893555,-3.111377979497676,7.0,-6.0,8.026795929104306,2.2586002535002176,5.0,18.10501687056739,1
16.508337152,1.7703542709350586,0.05316817760467529,-3.1115605228963483,7.0,-6.0,7.999377440644559,2.253302459607257,5.0,18.78929335056739,1
16.598045952,1.8077363967895508,0.06317692995071411,-3.112228020106393,7.0,-6.0,7.982588290091787,2.249606630636218,5.0,19.237837350567393,1
16.70731008,1.8657770156860352,0.060944557189941406,-3.1125903141930333,7.0,-6.0,7.943254659016553,2.244601738437394,5.0,19.78415799056739,1
16.82749696,1.8807878494262695,0.06538468599319458,-3.1082028587299066,7.0,-6.0,7.9369530949642435,2.238409602639913,5.0,20.3850923905674,1
16.930973696,1.9159517288208008,0.0690658688545227,-3.1110116848788616,7.0,-6.0,7.917140098809361,2.2375243606801813,5.0,20.90247607056739,1
17.027293184,1.9135208129882812,0.07135546207427979,-3.1027259430404746,7.0,-6.0,7.920456278950259,2.229288261910172,5.0,21.3840735105674,1
17.15568768,1.9796857833862305,0.08153146505355835,-3.099412274035373,7.0,-6.0,7.885973611036928,2.2187144044858105,5.0,22.026045990567393,1
17.26482432,2.1574325561523438,0.08246725797653198,-3.1203501559109266,7.0,-6.0,7.774758349464617,2.221943918173684,5.0,22.57172919056739,1
17.378639616,2.290646553039551,0.09142214059829712,-3.109070689048101,7.0,-6.0,7.699573597503267,2.196404007145258,5.0,23.1408056705674,1
17.478658048,2.478804588317871,0.09385961294174194,-3.12166225474174,7.0,-6.0,7.587907019254915,2.189179886340902,5.0,23.640897830567393,1
17.57986176,2.6504173278808594,0.1087421178817749,-3.1074317402481473,7.0,-6.0,7.499039917508227,2.1553869433331903,5.0,24.146916390567394,1
17.681729536,2.9167041778564453,0.11856329441070557,-3.071248829589681,7.0,-6.0,7.35595823525698,2.0889362443097372,5.0,24.65625527056739,1
17.819923456,3.119792938232422,0.12255430221557617,2.929440749722694,7.0,-6.0,7.248563859535863,2.3478194111933224,5.0,25.347224870567402,1
17.900070912,3.293149948120117,0.13055604696273804,0.0327627446494622,7.0,-6.0,7.16410878979886,1.0597263512202586,5.0,25.747962150567396,1
17.996097536,3.527200698852539,0.15156883001327515,-0.02946856179748336,7.0,-6.0,7.064144255070191,1.0273908900383093,3.775404691696167,26.16929839395607,1
18.10735872,3.764486312866211,0.15135377645492554,0.04622743752582509,7.0,-6.0,6.950374241919377,1.132805685749561,5.0,26.657479351994706,1
18.210999296,3.9687366485595703,0.14468622207641602,0.05527971172003543,7.0,-6.0,6.85169513869098,1.167791048449643,5.0,27.175682231994706,1
18.323687936,4.196855545043945,0.15779942274093628,0.05526111596658145,7.0,-6.0,6.765804650302836,1.1988722610636993,0.27591875914503516,27.472950286853973,1
18.429526528,4.359437942504883,0.1659570336341858,0.04963907698675534,7.0,-6.0,6.70757736594262,1.2158164400195801,0.0,27.487551713341123,1
18.54356224,4.508684158325195,0.16548365354537964,0.02681927084459632,7.0,-6.0,6.649800245504757,1.2136015072936643,0.0,27.487551713341123,1
18.680840448,4.578420639038086,0.16323107481002808,0.03535235230143899,7.0,-6.0,6.621892771930144,1.2317714890814022,0.0,27.487551713341123,1
18.778762496,4.593912124633789,0.1627446413040161,0.03332784242238835,7.0,-6.0,6.615790230796746,1.2318994963956005,0.0,27.487551713341123,1
18.879007488,4.5626373291015625,0.16028404235839844,0.03578519796853978,7.0,-6.0,6.6249404730929236,1.229824266325971,0.0,27.487551713341123,1
19.026435072,4.503751754760742,0.1558806300163269,0.03599854963846278,7.0,-6.0,6.642749553676571,1.2215507386822155,0.0,27.487551713341123,1
19.123898112,4.43946647644043,0.15174347162246704,0.0339407045062818,7.0,-6.0,6.663353484989523,1.2103189632628413,0.0,27.487551713341123,1
19.21118976,4.389440536499023,0.14918702840805054,0.03138264393877115,7.0,-6.0,6.680383358970976,1.2007002713422688,-1.591691809223569,27.557022413908737,2
19.307720192,4.335897445678711,0.14403069019317627,0.0275607396096678,7.0,-6.0,6.696757091456794,1.1892177842833214,-5.0,27.87517184288635,2
19.422069248,4.272531509399414,0.14638680219650269,0.02337726968945295,7.0,-6.0,6.7243702373853855,1.1765280426843323,-5.0,28.44691712288634,2
19.532711936,4.215322494506836,0.14513558149337769,0.0334351113422572,7.0,-6.0,6.746637690326611,1.178759801794219,-4.7712611609068665,28.9874764228827,2
19.643233792,4.184011459350586,0.13624852895736694,0.018613777954504182,7.0,-6.0,6.751543339874244,1.159171005821959,-1.7292768713605642,29.3467021870451,2
19.741478656,4.143268585205078,0.12870174646377563,0.029817385388391023,7.0,-6.0,6.761797059464616,1.1644327424018637,-0.4450467585661532,29.45351025170217,2
19.843689216,4.12071418762207,0.1245807409286499,0.0341188183670876,7.0,-6.0,6.767627061349862,1.1654562531538408,-0.03306102299036634,29.477944083748795,2
19.978436096,4.109865188598633,0.1218113899230957,0.03095307834505895,7.0,-6.0,6.769745484275325,1.1606661723452114,0.0,29.480171518597576,2
20.052168192,4.102045059204102,0.11982697248458862,0.029232699477813994,7.0,-6.0,6.77129419033269,1.1577763197534552,0.0,29.480171518597576,2
20.16475776,4.090456008911133,0.11911612749099731,0.0305341003505747,7.0,-6.0,6.775620150052816,1.157486973901676,0.0,29.480171518597576,2
20.320478464,4.078779220581055,0.11701637506484985,0.03267236508261408,7.0,-6.0,6.778747684854522,1.1579365686532954,0.0,29.480171518597576,2
20.43339776,4.067958831787109,0.11495465040206909,0.03383836504344774,7.0,-6.0,6.781558507346899,1.157531749961906,0.0,29.480171518597576,2
20.561966592,4.056119918823242,0.11229127645492554,0.034032403071138424,7.0,-6.0,6.784285856343042,1.1559825363004654,0.0,29.480171518597576,2
20.66122496,4.04591178894043,0.11000609397888184,0.034086272317172726,7.0,-6.0,6.786664248891365,1.154535137441156,0.0,29.480171518597576,2
20.77934592,4.037359237670898,0.10816711187362671,0.034035355088473516,7.0,-6.0,6.7887366831531,1.1532321023692402,0.0,29.480171518597576,2
20.880571904,4.027921676635742,0.10845082998275757,0.03157669368439101,7.0,-6.0,6.793115713906891,1.149541659599954,0.0,29.480171518597576,2
21.009457152,4.0185089111328125,0.10514599084854126,0.033176825682228184,7.0,-6.0,6.794269400205475,1.1496832115564743,0.0,29.480171518597576,2
21.104184576,4.011175155639648,0.1058771014213562,0.03099421515673992,7.0,-6.0,6.798147477653551,1.1465784254961602,0.0,29.480171518597576,2
21.213993216,4.00139045715332,0.1042892336845398,0.030468341126943056,7.0,-6.0,6.801029792533492,1.144657701723268,0.0,29.480171518597576,2
21.328396288,3.9900074005126953,0.10427200794219971,0.03220294607680647,7.0,-6.0,6.80604086058224,1.1448900378488385,0.0,29.480171518597576,2
21.428333824,3.9812259674072266,0.10303342342376709,0.03118561823631028,7.0,-6.0,6.808818812928132,1.1426355274139102,0.0,29.480171518597576,2
21.529658112,3.9717350006103516,0.10208415985107422,0.032621613520074574,7.0,-6.0,6.812181735716816,1.1427609254175857,0.0,29.480171518597576,2
21.673481984,3.9619693756103516,0.10073155164718628,0.032742506949876425,7.0,-6.0,6.815317713796829,1.1415100633850708,0.0,29.480171518597576,2
21.780194816,3.953592300415039,0.1000480055809021,0.033470774622052814,7.0,-6.0,6.818444510479063,1.1410938704116278,0.0,29.480171518597576,2
21.87839616,3.943866729736328,0.09857863187789917,0.03362011323236598,7.0,-6.0,6.821481649525287,1.139871457115908,0.0,29.480171518597576,2
21.987328512,3.9340343475341797,0.09705835580825806,0.03369400307507104,7.0,-6.0,6.824534121552288,1.1385574849454199,0.0,29.480171518597576,2
22.116604928,3.924039840698242,0.09558987617492676,0.033842098113207,-4.0,-23.0,24.41713904464335,1.9351508655994403,0.0,29.480171518597576,2
22.219763968,3.915525436401367,0.09478694200515747,0.0322741700716205,-4.0,-23.0,24.413617651444635,1.9332637305521922,0.0,29.480171518597576,2
22.324433408,3.911680221557617,0.08923447132110596,0.029964401548808247,-4.0,-23.0,24.407118478014336,1.9308786872356056,-2.681936061807565,29.62052989145018,2
22.435772928,3.9033432006835938,0.09309381246566772,0.030947772997457185,-4.0,-23.0,24.408068657293057,1.9314876792262377,-5.0,30.048181428346343,2
22.543558656,3.8975601196289062,0.10133451223373413,0.03515399813511258,-4.0,-23.0,24.41399418549276,1.9353604946751723,-5.0,30.58711006834634,2
22.652992256,3.892332077026367,0.10214143991470337,0.030271850312929796,-4.0,-23.0,24.413067089652696,1.9302650194145194,-5.0,31.134278068346354,2
22.745402368,3.846841812133789,0.09896993637084961,0.022860114648624752,-4.0,-23.0,24.395395847290846,1.9211307345588533,-5.0,31.596328628346352,2
22.843791872,3.833160400390625,0.09751921892166138,0.031031441662955645,-4.0,-23.0,24.38962475985851,1.9287900518729,-5.0,32.08827614834635,2
22.973791232,3.822671890258789,0.10055619478225708,0.02796850816842698,-4.0,-23.0,24.38913471222253,1.9252798605147605,-5.0,32.73827294834635,2
23.077980672,3.8387622833251953,0.10102945566177368,0.0369417865643957,-4.0,-23.0,24.394748534179126,1.9348716522176823,-5.0,33.259220148346344,2
23.195556608,3.8683032989501953,0.09740811586380005,0.024894033520812965,-4.0,-23.0,24.400829053026897,1.9240180400704792,-5.0,33.84709982834635,2
23.300694784,3.9446449279785156,0.10483568906784058,0.02944431618635396,-4.0,-23.0,24.43257692611399,1.9314279751983203,-5.0,34.37279070834636,2
23.411262464,4.0586700439453125,0.10564422607421875,0.0257650355414415,-4.0,-23.0,24.47065503780188,1.9321444117319455,-5.0,34.92562910834636,2
23.515695104,4.208494186401367,0.10651302337646484,0.012477656260565236,-4.0,-23.0,24.521221847772008,1.9246145509750596,-5.0,35.44779230834635,2
23.619392256,4.402675628662109,0.11435192823410034,0.03547106967105332,-4.0,-23.0,24.594272153954297,1.9549412175154695,-5.0,35.96627806834636,2
23.73902848,4.634590148925781,0.1340593695640564,0.07177918956827282,-4.0,-23.0,24.69293117380844,1.9998035643422971,-5.0,36.56445918834636,2
23.834922752,4.881860733032227,0.12727737426757812,-3.091772693948134,-4.0,-23.0,24.77414799397325,1.154301563580919,-3.4700077712283997,36.9705718028745,2
23.944759808,5.136085510253906,0.13999730348587036,-3.0306246828198486,-4.0,-23.0,24.878254232481922,1.083797259926028,0.0,37.161139521818924,2
24.078639872,5.433895111083984,0.13885265588760376,-3.126799759235103,-4.0,-23.0,24.98809474925632,1.1688699478683855,0.0,37.161139521818924,2
24.179572736,5.6894989013671875,0.14695394039154053,-3.1169449901847877,-4.0,-23.0,25.093183649712593,1.1497045745396015,0.0,37.161139521818924,2
24.27836288,5.877124786376953,0.15392643213272095,-3.111793084129131,-4.0,-23.0,25.172641960475193,1.137784108311016,0.0,37.161139521818924,2
24.37915648,6.062292098999023,0.15962350368499756,-3.113669687459876,-4.0,-23.0,25.251096671590656,1.1330042204044002,0.0,37.161139521818924,2
24.481014272,6.290643692016602,0.16619127988815308,-3.1100898165720863,-4.0,-23.0,25.348959860562463,1.1212653158695458,0.0,37.161139521818924,2
24.589984512,6.497896194458008,0.174288809299469,-3.114984764590872,-4.0,-23.0,25.4411769839062,1.1188445398048676,1.566177399119674,37.246472885351245,3
24.699738112,6.747854232788086,0.18585354089736938,-3.1234635492463942,-4.0,-23.0,25.555824679106014,1.1186005841310767,5.0,37.60680368924725,3
24.84243968,6.968591690063477,0.1949419379234314,-3.128954918861072,-4.0,-23.0,25.657656462876123,1.1164355026861843,5.0,38.32031152924725,3
24.920534272,7.200010299682617,0.20286065340042114,-3.1156764804819876,-4.0,-23.0,25.764568174415697,1.095168451026213,5.0,38.71078448924726,3
25.055476992,7.49261474609375,0.21178537607192993,-3.1271504755507085,-4.0,-23.0,25.901103722562834,1.09661830856977,5.0,39.38549808924725,3
25.135226112,7.775800704956055,0.22104650735855103,-3.1200149051092083,-4.0,-23.0,26.03625324695841,1.0798931385073836,5.0,39.78424368924726,3
25.243193856,8.107881546020508,0.23522716760635376,-3.1305869418830277,-4.0,-23.0,26.20069802624992,1.0794056859463268,4.880926229994904,40.31765434608875,3
25.339309568,8.428340911865234,0.23791509866714478,-3.1411523240129102,-4.0,-23.0,26.352691626367232,1.0792339434022278,0.04936018539906547,40.55459334067851,3
25.45297024,8.777959823608398,0.24615460634231567,-3.111123803754927,-4.0,-23.0,26.526589702329254,1.037729532655593,0.0,40.55739849659976,3
25.555587584,9.118318557739258,0.25749409198760986,-3.1135204106555063,-4.0,-23.0,26.702084435885613,1.0291602708085854,-1.6730384183287634,40.64323987604919,4
25.66806528,9.411199569702148,0.2667454481124878,-3.111671751979767,-4.0,-23.0,26.855199080357647,1.0179816602991352,-2.478080872367095,40.8766940428685,4
25.778971136,9.726907730102539,0.2783176302909851,-3.110352319944834,-4.0,-23.0,27.024212616234813,1.0067545255671178,0.0,41.014110883062045,4
25.875498752,10.032960891723633,0.28775298595428467,-3.1203171728026504,-4.0,-23.0,27.189031437759375,1.0071993045395686,0.0,41.014110883062045,4
25.978566656,10.34115219116211,0.29689788818359375,-3.119678908782986,-4.0,-23.0,27.357158064801375,0.9970844074813767,0.0,41.014110883062045,4
26.080217344,10.710721969604492,0.30817121267318726,-3.1184614045934667,-4.0,-23.0,27.56222389696251,0.9846625750561966,0.0,41.014110883062045,4
26.227440128,11.019060134887695,0.3172682523727417,-3.117050277164218,-4.0,-23.0,27.735665957183766,0.9740251887831359,0.0,41.014110883062045,4
26.317582336,11.388795852661133,0.32795339822769165,-3.115498302775076,-4.0,-23.0,27.946528363014313,0.9615575337439886,0.0,41.014110883062045,4
26.426900224,11.696598052978516,0.336709201335907,-3.1137858619955736,-4.0,-23.0,28.12445887096292,0.9508808195359322,0.0,41.014110883062045,4
26.527053312,12.065397262573242,0.34702593088150024,-3.1109350401822473,-4.0,-23.0,28.340441228420367,0.937435080329128,0.0,41.014110883062045,4
26.632431616,12.37224006652832,0.3590225577354431,-3.126439197464273,-4.0,-23.0,28.52532523300705,0.9443159723452297,0.0,41.014110883062045,4
26.736431872,12.740488052368164,0.36993855237960815,-3.125014174629168,-4.0,-23.0,28.747138434520398,0.9326188503896145,0.0,41.014110883062045,4
26.87861888,13.047159194946289,0.3789595365524292,-3.125620328742758,-4.0,-23.0,28.934086915428963,0.924790058903735,0.0,41.014110883062045,4
26.962847488,13.414434432983398,0.3904181718826294,-3.1238316403994584,-4.0,-23.0,29.161176054408624,0.9130561330378093,-0.041532837141121236,41.01586000959139,4
27.079947776,13.786188125610352,0.4016333222389221,-3.110763490548469,-4.0,-23.0,29.393620569574715,0.8900710690854376,-1.3803056933604587,41.09910886029701,4
27.1957184,14.103551864624023,0.41145914793014526,-3.1029088636733717,-4.0,-23.0,29.594509787295582,0.8738795816753466,-1.6355533980552548,41.273682804751644,4
27.299002112,14.43903923034668,0.42132681608200073,-3.104878535441827,-4.0,-23.0,29.808668496999086,0.8671483451647184,-0.11540368099430583,41.3641054780901,4
27.436484352,14.822957992553711,0.432400643825531,-3.11733182038913,-4.0,-23.0,30.056299631228672,0.8697931006188222,0.0,41.37203845637377,4
27.517708032,15.12789535522461,0.44110924005508423,-3.116840073231664,-4.0,-23.0,30.254949729335515,0.8616238393955795,0.0,41.37203845637377,4
27.643421184,15.431522369384766,0.45071715116500854,-3.112209276002179,-4.0,-23.0,30.455216244443992,0.8494680996586115,0.0,41.37203845637377,4
27.719174912,15.797548294067383,0.4625694155693054,-3.1177496159376314,-4.0,-23.0,30.699105557594645,0.8460738518580762,0.0,41.37203845637377,4
27.821426944,16.102455139160156,0.47142332792282104,-3.1178126093843326,-4.0,-23.0,30.90333987873327,0.8387808431918429,0.0,41.37203845637377,4
27.963403008,16.406654357910156,0.4801170229911804,-3.1185770861434983,-4.0,-23.0,31.10863927426871,0.8323000852991136,0.0,41.37203845637377,4
28.066420736,16.709217071533203,0.4887036681175232,-3.11889091080492,-4.0,-23.0,31.314387615352146,0.8255009848882287,0.0,41.37203845637377,4
28.167539968,17.012231826782227,0.4972767233848572,-3.118389391059778,-4.0,-23.0,31.52199073278469,0.8179687721010156,0.0,41.37203845637377,4
28.260729856,17.316190719604492,0.5059927105903625,-3.1178844446659886,-4.0,-23.0,31.731871676673595,0.8105064573126124,0.0,41.37203845637377,4
28.34584448,17.682580947875977,0.5165690779685974,-3.119554255440864,-4.0,-23.0,31.986924481107323,0.8039132410559606,0.0,41.37203845637377,4
28.469228288,17.98833656311035,0.5253083109855652,-3.1216960045309152,-4.0,-23.0,32.20135208247539,0.7992581582862828,0.0,41.37203845637377,4
28.552204288,18.29395294189453,0.5332862734794617,-3.120694362366208,-4.0,-23.0,32.41659915236243,0.7915368779806786,0.0,41.37203845637377,4
28.659845632,18.65964126586914,0.5442331433296204,-3.114836054707927,-4.0,-23.0,32.67706009734261,0.7777846305717278,0.0,41.37203845637377,4
28.762484736,18.9642333984375,0.5524489283561707,-3.1134997735618763,-4.0,-23.0,32.894891185421756,0.7699498691634594,0.0,41.37203845637377,4
28.878939136,19.268484115600586,0.5605847239494324,-3.112608747880591,-4.0,-23.0,33.113796302634285,0.7626517684346545,0.0,41.37203845637377,4
28.979399936,19.633947372436523,0.5702583193778992,-3.1119540187902035,-4.0,-23.0,33.378444326320874,0.7544103052928879,0.0,41.37203845637377,4
29.119449088,19.93886375427246,0.5782975554466248,-3.1107726049150672,-4.0,-23.0,33.60067430065653,0.7469901345340664,0.0,41.37203845637377,4
29.188016128,20.243589401245117,0.5860865712165833,-3.109481069117412,-28.0,-16.0,51.01511723071722,0.29902810539452673,0.0,41.37203845637377,4
29.329334272,20.547452926635742,0.5938686728477478,-3.1080624803952994,-28.0,-16.0,51.30508418466567,0.2958273707500787,0.0,41.37203845637377,4
29.427851264,20.972055435180664,0.6085132956504822,-3.1178580112707164,-28.0,-16.0,51.711748446926514,0.3032351652449017,-5.0,41.61833093637377,4
29.547033856,21.33619499206543,0.6225635409355164,-3.1058936489286624,-28.0,-16.0,52.0612116163996,0.2892799411366571,-5.0,42.21424389637376,4
29.660549632,21.71571159362793,0.6327120661735535,-3.1241217596010737,-28.0,-16.0,52.4242223589156,0.30538006274711194,-5.0,42.78182277637376,4
29.763490816,22.04537010192871,0.643727719783783,-3.1116775096455234,-28.0,-16.0,52.740427956637966,0.29115075380509836,-5.0,43.29652869637377,4
29.867570688,22.372831344604492,0.6571328043937683,-3.137121435663058,-28.0,-16.0,53.05546353520229,0.31488666375018104,-5.0,43.81692805637377,4
29.978731008,22.71095085144043,0.6676333546638489,-3.1305026172822217,-28.0,-16.0,53.37987015629309,0.3064659410945971,-5.0,44.372729656373764,4
30.08103168,23.059194564819336,0.6742185950279236,-3.127285687987889,-28.0,-16.0,53.71285614601826,0.3013410576556841,-5.0,44.884233016373756,4
30.187496448,23.305795669555664,0.6806613802909851,-3.132106870846977,-28.0,-16.0,53.94932004548461,0.30485678298147656,-5.0,45.41655685637377,4
30.29101056,23.513288497924805,0.6889707446098328,-3.1338302497721675,-28.0,-16.0,54.14924409800081,0.30554131477424296,-5.0,45.93412741637376,4
30.405558016,23.71979331970215,0.7030892968177795,-3.1305147071110544,-28.0,-16.0,54.35007095754499,0.3013018692367533,-5.0,46.50686469637377,4
30.515571456,23.897497177124023,0.6995899081230164,-3.1037409033696846,-28.0,-16.0,54.51813016189275,0.2734652496419967,-5.0,47.05693189637377,4
30.627526912,24.019453048706055,0.7113741040229797,-3.129846850466346,-28.0,-16.0,54.63783963455312,0.2990927942348063,-5.0,47.616709176373774,4
30.724011776,24.09711265563965,0.7228667140007019,-3.124797052698377,-28.0,-16.0,54.71529418899839,0.29380885915218924,-4.929435153840252,48.095729276581324,4
30.83638144,24.144704818725586,0.708342969417572,-3.1065064961049167,-28.0,-16.0,54.75617741785587,0.27500010414664366,-4.453798574287495,48.62292468721291,4
30.940607488,24.156274795532227,0.7295499444007874,-3.1334964679698545,-28.0,-16.0,54.77366923887125,0.30229432958342173,-0.7492534816265106,48.89407146387601,4
31.067931648,24.116621017456055,0.7106046080589294,-3.1138881802443126,-28.0,-16.0,54.730124178956714,0.28257771855803204,0.0,48.94177049896359,4
31.179209728,24.04036521911621,0.7105507254600525,-3.112045140192656,-28.0,-16.0,54.657498275050735,0.28115971942203055,0.0,48.94177049896359,4
31.288096256,23.90989112854004,0.7036194205284119,-3.1170626644617685,-28.0,-16.0,54.531162638648496,0.28678773315190487,0.00014567446355680925,48.94177842995687,4
31.3877248,23.765535354614258,0.7029454112052917,-3.1064022298389182,-28.0,-16.0,54.39355693425024,0.2769284317487468,3.0498465229398044,49.0937115708762,5
31.53555584,23.575162887573242,0.7006029486656189,-3.1244272167932396,-28.0,-16.0,54.21169214965247,0.2959906396469867,5.0,49.68872016253949,5
31.605206272,23.40546226501465,0.700247585773468,-3.121535017156681,-28.0,-16.0,54.05016022275954,0.29405940604644165,4.46347385738611,50.01828768373331,5
31.709311744,23.235525131225586,0.6901015639305115,-3.1282293787462625,-28.0,-16.0,53.885420344345135,0.3015491046659462,0.7980893974964652,50.292166446787014,5
31.81330688,23.06586265563965,0.685682475566864,-3.1166819319410495,-28.0,-16.0,53.72275428940787,0.2909016178281121,0.21201800609490107,50.34468957519256,5
31.924996352,22.863847732543945,0.6785865426063538,-3.1153711955279215,-28.0,-16.0,53.52855551216216,0.29063702530043534,0.07624005433171988,50.360787270476955,5
32.02926592,22.697263717651367,0.6740097403526306,-3.1135452336709464,-28.0,-16.0,53.368859358978845,0.2897021408524547,0.0264996246071666,50.366143581446664,5
32.140450048,22.501707077026367,0.6688811182975769,-3.1159240270094806,-28.0,-16.0,53.18151949154624,0.29313817738405223,0.6557826998654874,50.40407306409482,5
32.251420672,22.342134475708008,0.6603068709373474,-3.1249302963897456,-28.0,-16.0,53.027316815053645,0.30293410100399454,5.0,50.717885931801064,5
32.347861504,22.17487907409668,0.6575967669487,-3.123154524570043,-28.0,-16.0,52.86770299673029,0.3021036326122597,5.0,51.20009009180106,5
32.451372544,21.996145248413086,0.6544439196586609,-3.1211385441517105,-28.0,-16.0,52.697106580660325,0.3010995359212276,4.254698125941959,51.679071805752216,5
32.56356992,21.78047752380371,0.6348041892051697,-3.11943369411798,-28.0,-16.0,52.486309194980784,0.30033829832765724,0.313499700004149,51.93534171031224,5
32.679298816,21.632368087768555,0.6274555325508118,-3.1151099861853377,-28.0,-16.0,52.34352146623974,0.2967782267272656,0.0,51.953482197401144,5
32.781498112,21.477598190307617,0.6177460551261902,-3.113599467242343,-28.0,-16.0,52.19369891695926,0.29603327290277814,0.0,51.953482197401144,5
32.919466496,21.35162925720215,0.6096860766410828,-3.112775714658096,-28.0,-16.0,52.07172920025698,0.29583301042117993,0.0,51.953482197401144,5
33.02040576,21.22768211364746,0.6052479147911072,-3.113896332195469,-28.0,-16.0,51.952853093877344,0.29763366708132066,0.015251040950779459,51.954251911825544,5
33.108309504,21.081716537475586,0.599101722240448,-3.119625949383865,-28.0,-16.0,51.81259572971026,0.3041513154726432,4.5967735607671365,52.15695902678109,5
33.214856704,20.954214096069336,0.5906636118888855,-3.1282639736839024,-28.0,-16.0,51.68912068169324,0.31342495418913296,5.0,52.66821370274798,5
33.324347648,20.79551124572754,0.587683379650116,-3.1248901569583722,-28.0,-16.0,51.53788080272067,0.31098474851035807,1.0213792108161805,52.9978569497351,5
33.469019648,20.645063400268555,0.5796700119972229,-3.1246865912641195,-28.0,-16.0,51.39287548797856,0.3115757541354993,0.0,53.0717394363287,5
33.578486272,20.527013778686523,0.5688056349754333,-3.1210091983979917,-28.0,-16.0,51.2776402191679,0.3084405092660183,0.0,53.0717394363287,5
33.657986048,20.3934383392334,0.5612289309501648,-3.122018483575725,-28.0,-16.0,51.148794492114135,0.3101534387272533,0.0,53.0717394363287,5
33.758126592,20.28119468688965,0.5578400492668152,-3.118932422589816,-28.0,-16.0,51.04151082687938,0.30771658511024746,0.0,53.0717394363287,5
33.858933504,20.169721603393555,0.5545937418937683,-3.116742276514945,-28.0,-16.0,50.93502383731246,0.3061761111778907,0.0,53.0717394363287,5
33.979277056,20.058462142944336,0.5502130389213562,-3.1165229673975916,-28.0,-16.0,50.8283910347209,0.3065867257701176,0.0,53.0717394363287,5
34.113952768,19.92399024963379,0.5450345873832703,-3.115227426867073,-28.0,-16.0,50.69957604304698,0.30605823499845153,0.0,53.0717394363287,5
34.24292736,19.792272567749023,0.5437349677085876,-3.1181829337610956,-28.0,-16.0,50.574662469183124,0.3098393646718316,0.0,53.0717394363287,5
34.36342784,19.659269332885742,0.539897620677948,-3.1201045494377935,-28.0,-16.0,50.44773698241628,0.3125515239368224,0.0,53.0717394363287,5
34.445338368,19.547513961791992,0.5364066958427429,-3.120657854820154,-28.0,-16.0,50.34102532087638,0.31376715948249156,0.0,53.0717394363287,5
34.55561344,19.413755416870117,0.5321510434150696,-3.1213152595027323,-28.0,-16.0,50.21330720887711,0.3152195434621783,0.0,53.0717394363287,5
34.666098688,19.28047752380371,0.5282875895500183,-3.121428292846948,-28.0,-16.0,50.086204143673946,0.3161358350468575,0.0,53.0717394363287,5
34.78078592,19.14741325378418,0.5249482989311218,-3.121810539756753,-28.0,-16.0,49.95950853246507,0.31733391381625875,0.0,53.0717394363287,5
34.91314816,19.036584854125977,0.522014319896698,-3.1221889509872387,-28.0,-16.0,49.85395944081337,0.3183921011120887,0.0,53.0717394363287,5
35.016486656,18.926429748535156,0.5191981196403503,-3.1226050658890196,-28.0,-16.0,49.74910768506441,0.31948861546797414,0.0,53.0717394363287,5
35.119947776,18.814163208007812,0.5183951258659363,-3.118592893628661,-28.0,-16.0,49.642957752336066,0.3162121102997246,0.0,53.0717394363287,5
35.219981568,18.681730270385742,0.5151645541191101,-3.117943452995591,-28.0,-16.0,49.517013250868445,0.3163910674119035,0.0,53.0717394363287,5
35.320173568,18.548656463623047,0.5115815997123718,-3.117163487437008,-28.0,-16.0,49.390381102926874,0.3164413374905437,0.0,53.0717394363287,5
35.469777664,18.438467025756836,0.5099851489067078,-3.117482697048159,-28.0,-16.0,49.286010482888805,0.31747743564387676,0.0,53.0717394363287,5
35.570440192,18.32701873779297,0.5071086287498474,-3.1158781879668545,-28.0,-16.0,49.180049821174116,0.3165769311271922,0.0,53.0717394363287,5
35.662959104,18.195798873901367,0.504581868648529,-3.120078410937105,-28.0,-16.0,49.05561187322882,0.3216264617660447,0.0,53.0717394363287,5
35.755191296,18.084280014038086,0.50490802526474,-3.1163062552255694,-28.0,-16.0,48.950718619185956,0.3186270681595609,0.0,53.0717394363287,5
35.873285376,17.940567016601562,0.5526239275932312,-3.07873343133891,-28.0,-16.0,48.831598956978574,0.28296649191851,0.0,53.0717394363287,5
35.97900416,17.82463836669922,0.5972146391868591,-3.0570825412963214,-28.0,-16.0,48.73771655728242,0.262982638316998,0.0,53.0717394363287,5
36.07560064,17.710575103759766,0.6409727931022644,-3.0405267679688945,-28.0,-16.0,48.64543813984238,0.2480711305033858,0.0,53.0717394363287,5
36.176534272,17.599302291870117,0.6798807978630066,-3.0250564286219594,-28.0,-16.0,48.55424587959605,0.23413774493044093,0.0,53.0717394363287,5
36.32839808,17.47179412841797,0.7318393588066101,-3.0174568400037587,-28.0,-16.0,48.452435538227974,0.22844929818030169,0.0,53.0717394363287,5
36.430268928,17.351285934448242,0.7676853537559509,-3.0296408015529175,-28.0,-16.0,48.35177771324075,0.242189673852097,0.0,53.0717394363287,5
36.528432896,17.24066925048828,0.7993916869163513,-3.013759294352426,-28.0,-16.0,48.259068736171336,0.22771928057325352,0.0,53.0717394363287,5
36.630173696,17.09409523010254,0.8438612818717957,-2.9743091051629977,-28.0,-16.0,48.13723182220283,0.1901950835126094,0.0,53.0717394363287,5
36.764428544,16.957141876220703,0.8712014555931091,-2.9115995698432298,-28.0,-16.0,48.01855937274508,0.12901690657485476,0.0,53.0717394363287,5
36.87456256,16.808074951171875,0.9338303208351135,-2.8911141114708703,-28.0,-16.0,47.90112932034767,0.11084893766269888,0.0,53.0717394363287,5
36.974343168,16.694908142089844,0.9995734095573425,-2.8964696064692546,-28.0,-16.0,47.81861886270638,0.11832712756184094,0.0,53.0717394363287,5
37.0771904,16.5607852935791,1.0768275260925293,-2.9025275536114843,-28.0,-16.0,47.72087199891015,0.12689736132469953,0.0,53.0717394363287,5
37.181881344,16.455631256103516,1.117985486984253,-2.9113533798305675,-28.0,-16.0,47.63747030973886,0.1373198652242067,0.0,53.0717394363287,5
37.327950848,16.350461959838867,1.150022268295288,-2.971599293045057,-28.0,-16.0,47.55088579463204,0.19898927188144322,0.0,53.0717394363287,5
37.396034304,16.259891510009766,1.0741517543792725,-3.0475954674070036,-28.0,-16.0,47.439062539318876,0.2741823467472817,0.0,53.0717394363287,5
37.528232704,16.205543518066406,0.948178231716156,-3.1374255270022275,-28.0,-16.0,47.343118012037195,0.36194303338838596,0.0,53.0717394363287,5
37.619894272,16.089305877685547,0.7787536978721619,-3.101961932903699,-28.0,-16.0,47.17407623292666,0.3240080627292281,0.0,53.0717394363287,5
37.72333952,15.961496353149414,0.7403184771537781,-3.009691448320405,-44.0,10.4,60.73459057268409,0.29162694776853115,0.0,53.0717394363287,5
37.863638272,15.894777297973633,0.7040073275566101,-3.020150859242398,-44.0,10.4,60.67451377207677,0.281933269273523,0.0,53.0717394363287,5
37.972833024,15.865957260131836,0.6216909289360046,-3.069670889909332,-44.0,10.4,60.659279314554865,0.23382875340607967,-0.10832399902388408,53.077653642433226,6
38.046006528,15.856893539428711,0.5955197215080261,-3.1186413435898097,-44.0,10.4,60.654559084390684,0.18530822483965892,-4.469781835670512,53.24515166523693,6
38.150710016,15.818389892578125,0.5829169154167175,-3.1089862603345737,-44.0,10.4,60.61860184489662,0.19527115044667376,-5.0,53.7409112596338,6
38.275052288,15.761507034301758,0.5676917433738708,-3.088013546887477,-44.0,10.4,60.56494042483833,0.21664403392840192,-5.0,54.3626226196338,6
38.377284352,15.720914840698242,0.5526143908500671,-3.0869583739897837,-44.0,10.4,60.527338226170365,0.21805387647881957,-5.0,54.87378293963379,6
38.479068928,15.688425064086914,0.5346443057060242,-3.1047733556443387,-44.0,10.4,60.49820930908664,0.20061934460294673,-5.0,55.38270581963379,6
38.619360512,15.618368148803711,0.5085853934288025,-3.1059619248531023,-44.0,10.4,60.43335092186584,0.2000452405665225,-5.0,56.08416373963381,6
38.726429184,15.565649032592773,0.48868316411972046,-3.104589462790568,-44.0,10.4,60.38460686379621,0.20188574616584454,-5.0,56.61950709963379,6
38.821371904,15.512527465820312,0.4671716094017029,-3.107809958644117,-44.0,10.4,60.33574400972522,0.19916145693025022,-5.0,57.09422069963382,6
38.955139072,15.425500869750977,0.44195741415023804,-3.085306389123114,-44.0,10.4,60.25406845817444,0.22231555534125746,-5.0,57.763056539633816,6
39.05965568,15.349296569824219,0.4127845764160156,-3.0853082187103165,-44.0,10.4,60.18374760057754,0.22300105046492824,-5.0,58.2856395796338,6
39.159062528,15.29151725769043,0.38429075479507446,-3.1011818364216364,-44.0,10.4,60.13150963017215,0.20775417514427197,-5.0,58.78267381963381,6
39.259434752,15.22134780883789,0.3557215929031372,-3.1067041004420206,-44.0,10.4,60.06709219709758,0.2028954647617276,-5.0,59.284534939633794,6
39.36067456,15.135007858276367,0.3398135304450989,-3.121409405098845,-44.0,10.4,59.98463558446132,0.18869231606871573,-5.0,59.790733979633806,6
39.4725312,15.042741775512695,0.33694642782211304,-3.11406619876944,-44.0,10.4,59.894160012194796,0.19634107286965374,-5.0,60.3500171796338,6
39.578454016,14.947298049926758,0.3313480019569397,-3.113821324590809,-44.0,10.4,59.801017553588466,0.19694638771424167,-5.0,60.87963125963382,6
39.678393856,14.88652229309082,0.3269680142402649,-3.1127634645783346,-44.0,10.4,59.741848658715114,0.19824779940082315,-5.0,61.379330459633806,6
39.780227328,14.770650863647461,0.32384854555130005,-3.119159849147958,-44.0,10.4,59.62816642384482,0.19223062839760985,-5.0,61.88849781963382,6
39.916816384,14.614847183227539,0.32134705781936646,-3.1248860065007076,-44.0,10.4,59.47503304279909,0.1869886019444973,-5.0,62.57144309963381,6
40.003075328,14.342353820800781,0.3148534893989563,-3.10837810425832,-44.0,10.4,59.207604490401366,0.20438450578888556,-5.0,63.002737819633815,6
40.117887232,14.035394668579102,0.3236011862754822,-3.1332926351610104,-44.0,10.4,58.90365733459144,0.18021128931905395,-4.966265619101628,63.57486078538321,6
40.21930368,13.569894790649414,0.29649490118026733,-3.08631568774207,-44.0,10.4,58.449752792362766,0.2290075408617671,-1.5130479236465983,63.903415267875125,6
40.324597248,13.217561721801758,0.2871335744857788,-3.080312426750179,-44.0,10.4,58.10438397168054,0.2362176643412468,-0.186420812416829,63.99288683133741,6
40.427998976,12.917608261108398,0.2825471758842468,-3.0958511753696976,-44.0,10.4,57.809834646132686,0.22166010286581717,-0.0405910925187762,64.00462354296086,6
40.565138688,12.572988510131836,0.28016752004623413,-3.0860613772344405,-44.0,10.4,57.47098431721729,0.2325401165327019,0.0,64.00740686832975,6
40.678586368,12.292665481567383,0.2768058180809021,-3.0970086295869343,-44.0,10.4,57.195657592727166,0.2225137405060451,0.0,64.00740686832975,6
40.778793216,11.955194473266602,0.26964253187179565,-3.0830983406033012,-44.0,10.4,56.86482155931861,0.23759839346683975,0.0,64.00740686832975,6
40.878811648,11.674356460571289,0.26298439502716064,-3.0715064049883924,-44.0,10.4,56.589690339091085,0.25019020002310377,0.0,64.00740686832975,6
40.981202432,11.331518173217773,0.26216739416122437,-3.047239247566884,-44.0,10.4,56.25257819244498,0.27556338769907995,0.0,64.00740686832975,6
41.11045504,11.04890251159668,0.25928986072540283,-3.036736748764017,-44.0,10.4,55.975134388941505,0.287026373435161,0.0,64.00740686832975,6
41.211313664,10.709924697875977,0.25500911474227905,-3.0357634514616967,-44.0,10.4,55.642579923195704,0.2891789958270472,0.0,64.00740686832975,6
41.30781184,10.428298950195312,0.2542077302932739,-3.0250086220051298,-44.0,10.4,55.36584531452467,0.30087547367287826,0.9165280257188039,64.05162850969712,7
41.421843712,10.101625442504883,0.2486364245414734,-3.01846471173099,-44.0,10.4,55.0457633062004,0.30860639456228434,3.4331580216783104,64.29962993099561,7
41.531043328,9.833501815795898,0.2472531795501709,-3.0133007693929508,-44.0,10.4,54.78251715421129,0.3146977500819954,3.4535878702193776,64.67564493443803,7
41.642642688,9.514493942260742,0.2445322871208191,-2.9908948475299604,-44.0,10.4,54.469574868577716,0.33823815729387974,0.1592709550310342,64.87724130077217,7
41.7566976,9.234682083129883,0.24309974908828735,-2.988746183323909,-44.0,10.4,54.19496285817419,0.3413754073638007,0.08700417777538258,64.89128574507218,7
41.8791936,8.950994491577148,0.24304485321044922,-2.984036464135893,-44.0,10.4,53.91633848381146,0.34707222968780904,0.07158196531236172,64.90099882916402,7
41.955262976,8.663679122924805,0.2427048683166504,-2.9743553986448408,-44.0,10.4,53.63425904358616,0.3577686800815414,0.13829568377909923,64.90898146006539,7
42.07894272,8.32328987121582,0.2453586459159851,-2.980962569228042,-44.0,10.4,53.29956288730095,0.3523220710749335,0.1759873889386654,64.92841668505402,7
42.181394176,8.043916702270508,0.24450325965881348,-2.9768020055271767,-44.0,10.4,53.02549744939647,0.3575022565003394,0.1926671141822309,64.94730128035687,7
42.26877824,7.767507553100586,0.24540960788726807,-2.986846380631227,-44.0,10.4,52.7540571358442,0.34844450877365674,3.142039103918518,65.09300137114873,7
42.373148928,7.489458084106445,0.2439025640487671,-2.975583851982508,-44.0,10.4,52.48152635855297,0.3607550330936995,4.426907219846346,65.48798943877192,7
42.480260864,7.156183242797852,0.2441415786743164,-2.986594010178394,-44.0,10.4,52.154544809102916,0.35097698338126904,4.491452726839041,65.96562083868909,7
42.587132928,6.887239456176758,0.24365198612213135,-2.9631681073797504,-44.0,10.4,51.89087149440905,0.3754213821235446,3.4332507244758723,66.38908554590407,7
42.699709696,6.559299468994141,0.242023766040802,-2.956366824592902,-44.0,10.4,51.569634902383314,0.38349827692006855,0.5084036443323615,66.61095490061082,7
42.82851072,6.294496536254883,0.23675626516342163,-2.9435395052239883,-44.0,10.4,51.31108949388084,0.3974427839237702,0.0,66.64369635560848,7
42.940544,5.968595504760742,0.23021084070205688,-2.9410119972817386,-44.0,10.4,50.9929911680318,0.40136199962919683,0.0,66.64369635560848,7
43.03451904,5.685827255249023,0.22644758224487305,-2.9293720005203863,-44.0,10.4,50.7166895492525,0.4141866472396849,0.0,66.64369635560848,7
43.139127808,5.397420883178711,0.2189948558807373,-2.907032432288776,-44.0,10.4,50.435682365310406,0.4378180459930139,0.0,66.64369635560848,7
43.279461888,5.055459976196289,0.21687418222427368,-2.9193209046098767,-44.0,10.4,50.101239554494526,0.4269488133207524,0.0,66.64369635560848,7
43.355334144,4.769439697265625,0.2139175534248352,-2.9192778240724686,-44.0,10.4,49.82182778656013,0.42821683547157186,0.16160528613235722,66.64982703442868,7
43.459113984,4.432670593261719,0.2040531039237976,-2.923804054979817,-44.0,10.4,49.494251321774776,0.4252768215994429,3.1498987190530485,66.82166071233743,7
43.578667264,4.131298065185547,0.2007625699043274,-2.9218374231381405,-44.0,10.4,49.20006399990958,0.4285707589332244,4.59501732123393,67.28462577030791,7
43.679326208,3.7551727294921875,0.20075839757919312,-2.922025702320998,-44.0,10.4,48.832172301549164,0.42997928332789925,4.683286491711744,67.75159790226904,7
43.789719296,3.420116424560547,0.1941395401954651,-2.9396456547532828,-44.0,10.4,48.505948392376354,0.41393550513848076,1.3534867808983775,68.0848069238287,7
43.899619072,3.0202598571777344,0.18579357862472534,-2.9230660228721295,-44.0,10.4,48.11688736665105,0.43243318987626367,0.14637576393720056,68.1672242026828,7
44.019771136,2.7267589569091797,0.18182235956192017,-2.93628701877963,-44.0,10.4,47.83096441541443,0.42059591727880985,0.059695811942219734,68.17960416526962,7
44.10721024,2.4549789428710938,0.1768743395805359,-2.92397023398148,-44.0,10.4,47.566557231434395,0.43423494306421695,0.11357698971869856,68.18717957453202,7
44.219389696,2.132455825805664,0.17538398504257202,-2.95578386756134,-44.0,10.4,47.25194443801477,0.4039190900279319,3.7454463032127707,68.40363114137821,7
44.334925568,1.862044334411621,0.17636317014694214,-2.962890517653281,-44.0,10.4,46.98776288099131,0.3980373767722938,4.815165430935433,68.89816001215735,7
44.445895936,1.5299310684204102,0.16609013080596924,-2.976339006728467,-44.0,10.4,46.66591405197053,0.386352239986957,0.02355546923354268,69.16663733162787,7
44.564258304,1.2636280059814453,0.15925264358520508,-2.9725095096908594,-44.0,10.4,46.40763866737656,0.39158391466952125,0.0,69.16803137218679,7
44.653361664,0.9461746215820312,0.15175336599349976,-2.9750320456652912,-44.0,10.4,46.09973071705702,0.39073962505532833,0.0,69.16803137218679,7
44.781232896,0.6799392700195312,0.14514988660812378,-2.9929043018552464,-44.0,10.4,45.84167235191978,0.37429890429319634,0.0,69.16803137218679,7
44.878530304,0.411529541015625,0.13865333795547485,-3.0015009485068456,-44.0,10.4,45.58156635627122,0.36715845133030633,0.0,69.16803137218679,7
44.979859712,0.14364147186279297,0.13290774822235107,-3.004975767076711,-44.0,10.4,45.32189609562774,0.36513779157615467,0.0,69.16803137218679,7
45.078132736,-0.17496490478515625,0.13001805543899536,-3.0089874534291225,-44.0,10.4,45.01228976888892,0.3627921119346187,0.0,69.16803137218679,7
45.225444608,-0.43843650817871094,0.12878954410552979,-3.017793726810255,-44.0,10.4,44.756089843520215,0.35535570082153,0.0,69.16803137218679,7
45.337595136,-0.761723518371582,0.12570565938949585,-3.007122235424829,-44.0,10.4,44.44220603547086,0.3677641386024213,0.0,69.16803137218679,7
45.424883712,-1.0291309356689453,0.13054203987121582,-2.998029710667193,-44.0,10.4,44.18096145330855,0.378149409604541,0.0008644176465842078,69.1680690990795,7
45.524297216,-1.3431739807128906,0.14155340194702148,-2.994828434375362,-44.0,10.4,43.87300460015059,0.38277038967022037,0.30408625622284347,69.18322720659776,7
45.662605568,-1.5958404541015625,0.14620566368103027,-2.9878254586752715,-44.0,10.4,43.62628846332835,0.3910238852121459,0.4490288845511193,69.23530826359111,7
45.739673088,-1.8795948028564453,0.17325502634048462,-2.9463218801013893,-44.0,10.4,43.34414431878692,0.4334595661465652,0.3218392417297413,69.26501271096086,7
45.852208128,-2.1103906631469727,0.19307613372802734,-2.912276666842272,-44.0,10.4,43.11520225171206,0.46832103817995474,0.2444528417703368,69.29687656209504,7
45.973623552,-2.346385955810547,0.2195800542831421,-2.8939888233770152,-44.0,10.4,42.8796515052705,0.4873112680064917,0.21156857474007076,69.32456057891439,7
46.060575232,-2.633291244506836,0.22172462940216064,-2.90700726542849,-44.0,10.4,42.600491579106375,0.4758428873184357,0.17686648230713442,69.34144811930496,7
46.180809472,-2.883188247680664,0.23924356698989868,-2.876650580966204,-44.0,10.4,42.35366784549623,0.5072076264642433,0.11578484876590403,69.35904147449324,7
46.271055104,-3.145336151123047,0.24172204732894897,-2.845520412304143,-44.0,10.4,42.09862431444116,0.5397745140903467,0.09888799861073494,69.36872811788561,7
46.381707008,-3.4701271057128906,0.24604588747024536,-2.8252588219783514,-44.0,10.4,41.782453026915846,0.5618113734155035,0.09214180521667004,69.37929702364274,7
46.523494656,-3.73734188079834,0.2587732672691345,-2.816810069824587,-44.0,10.4,41.52018928748243,0.5715268010432002,0.09214180521667004,69.39236159348688,7
46.613972992,-4.048698425292969,0.2684254050254822,-2.840996934691835,-44.0,10.4,41.21595930324468,0.548957961541042,0.08129273849816945,69.400207627947,7
46.720118528,-4.319126129150391,0.27955323457717896,-2.8626932666862577,-44.0,10.4,40.95113177784019,0.5286215260068889,0.07565930805890385,69.40853750750105,7
46.815561984,-4.579873085021973,0.28460943698883057,-2.8526817154646746,-44.0,10.4,40.69726688900903,0.5400960817195823,0.060520661049573966,69.41503625094589,7
46.915232256,-4.891554832458496,0.29343050718307495,-2.8629132382704143,-44.0,10.4,40.39323248188659,0.5315709073666461,0.014865268120567418,69.41879311897857,7
47.046082048,-5.150371074676514,0.3019263744354248,-2.863561589945829,-44.0,10.4,40.14056250954456,0.5323308910633688,0.0,69.41976567759937,7
47.140604672,-5.415830612182617,0.3128765821456909,-2.856911332642394,-44.0,10.4,39.88092509201371,0.5403899183229601,0.0,69.41976567759937,7
47.243190016,-5.680723667144775,0.32557278871536255,-2.8528546307318363,-44.0,10.4,39.62147173325583,0.5458275964381194,0.0,69.41976567759937,7
47.368459776,-5.945699214935303,0.33669131994247437,-2.8544335995432633,-44.0,10.4,39.36241849569583,0.5456870913077054,0.0,69.41976567759937,7
47.445595136,-6.20981502532959,0.3472495675086975,-2.856107948411522,-44.0,10.4,39.10442266135327,0.5454784568121962,0.0,69.41976567759937,7
47.547811072,-6.52340841293335,0.3589164614677429,-2.86247493982506,-44.0,10.4,38.79843135503778,0.5408987056019186,0.0,69.41976567759937,7
47.646785792,-6.785707950592041,0.37183356285095215,-2.8639519667933833,-44.0,10.4,38.541765071540134,0.5408592477401335,0.0,69.41976567759937,7
47.778554624,-7.096084117889404,0.3738682270050049,-2.8884140849705524,-44.0,10.4,38.2416307937221,0.5184575051171674,0.0,69.41976567759937,7
47.87948288,-7.354425430297852,0.3701351284980774,-2.932463381935858,-58.0,26.0,56.76146753587956,0.6776157198708397,0.0,69.41976567759937,7
47.978432768,-7.608254432678223,0.357438325881958,-3.0022433269359463,-58.0,26.0,56.54086124682433,0.6100632237456765,0.0,69.41976567759937,7
48.098455296,-7.908268451690674,0.3498750925064087,-3.105543555408802,-58.0,26.0,56.277086609719866,0.5093005111462929,0.0,69.41976567759937,7
48.198293504,-8.179052352905273,0.35100603103637695,-3.0906407789742016,-58.0,26.0,56.0356825252846,0.5263878257689001,0.0,69.41976567759937,7
48.328038144,-8.49564266204834,0.3546069860458374,-3.096025752282965,-58.0,26.0,55.75273606096635,0.5235446149404677,0.0,69.41976567759937,7
48.441611776,-8.763264656066895,0.3566948175430298,-3.084659666554954,-58.0,26.0,55.51427931630867,0.5370947912912065,0.0,69.41976567759937,7
48.545058304,-9.027156829833984,0.3658977150917053,-3.0839945576005263,-58.0,26.0,55.27609400204411,0.5398174918529914,0.0,69.41976567759937,7
48.639135232,-9.289420127868652,0.3684241771697998,-3.084296423733555,-58.0,26.0,55.042694979813454,0.5416845865590183,0.0,69.41976567759937,7
48.72996352,-9.601527214050293,0.37360674142837524,-3.080396206040644,-58.0,26.0,54.764260238364216,0.5481549442512534,0.0,69.41976567759937,7
48.840457216,-9.914907455444336,0.3763657212257385,-3.0890284491021704,-58.0,26.0,54.48620704977415,0.5421693356368316,0.0,69.41976567759937,7
48.952484352,-10.180862426757812,0.3815605640411377,-3.087135471436841,-58.0,26.0,54.24918761956307,0.5462833268028984,0.0,69.41976567759937,7
49.06251136,-10.445374488830566,0.3838041424751282,-3.0900243829026453,-58.0,26.0,54.015108050606,0.5456703465553119,0.0,69.41976567759937,7
49.164018688,-10.764533996582031,0.3841317296028137,-3.093583228018984,-58.0,26.0,53.734178655734524,0.5449229414074459,0.0,69.41976567759937,7
49.27823104,-11.027729988098145,0.3829449415206909,-3.0926716520235713,-58.0,26.0,53.5035294157327,0.5481990856965986,0.0,69.41976567759937,7
49.380084736,-11.344122886657715,0.38356947898864746,-3.091232714762221,-58.0,26.0,53.225674085474,0.552473839585609,0.0,69.41976567759937,7
49.519442432,-11.606677055358887,0.38364410400390625,-3.0927434132298712,-58.0,26.0,52.995642304213064,0.5533462930619635,0.0,69.41976567759937,7
49.632432128,-11.922324180603027,0.3837752938270569,-3.090384918420066,-58.0,26.0,52.719476259866106,0.5585966761926251,0.0,69.41976567759937,7
49.731488256,-12.189087867736816,0.38332849740982056,-3.082431849229482,-58.0,26.0,52.48669859365851,0.5690267588958111,0.0,69.41976567759937,7
49.831895296,-12.453304290771484,0.38627856969833374,-3.0834350655738283,-58.0,26.0,52.25480088506845,0.5704420534531849,0.0,69.41976567759937,7
49.941469952,-12.768498420715332,0.38643544912338257,-3.087746721394412,-58.0,26.0,51.980221470466574,0.5691000292053339,0.0,69.41976567759937,7
50.032830208,-13.032027244567871,0.3875189423561096,-3.089668910960744,-58.0,26.0,51.75053390701832,0.5696688808838228,0.0,69.41976567759937,7
50.179095808,-13.350419998168945,0.38771384954452515,-3.087432461336616,-58.0,26.0,51.47401476660554,0.5749633877182188,0.0,69.41976567759937,7
50.28063616,-13.616286277770996,0.38681715726852417,-3.086594158531881,-58.0,26.0,51.24401603223515,0.5783984211438291,0.0,69.41976567759937,7
50.375917056,-13.878345489501953,0.39003485441207886,-3.1015974408670703,-58.0,26.0,51.015592827114936,0.5659080505455734,0.0,69.41976567759937,7
50.460295168,-14.189425468444824,0.39097023010253906,-3.124276467222412,-58.0,26.0,50.746318551599835,0.546290413874619,0.04246455498636936,69.42155721708771,7
50.566162432,-14.447216033935547,0.3928980231285095,-3.124081671673695,-58.0,26.0,50.52295184219324,0.5490272091050912,0.8975599258556437,69.47131612702759,7
50.675834112,-14.695503234863281,0.39356809854507446,-3.1308306699406314,-58.0,26.0,50.30873477643406,0.5447681288315991,2.6813107383677885,69.66756650615164,7
50.786852608,-14.992676734924316,0.39542025327682495,-3.130623749016941,-58.0,26.0,50.052216318890686,0.5479651876362404,3.484084224414715,70.0098029441587,7
50.89925248,-15.31109619140625,0.39809101819992065,-3.1357411770751566,-58.0,26.0,49.77750748974626,0.5460740208245216,3.6468069932788016,70.41055857421604,7
51.011527168,-15.601622581481934,0.4106931686401367,3.137892267144184,-58.0,26.0,49.522066110296564,0.5393212772338871,1.452598078975122,70.6968256309525,7
51.140505088,-15.947943687438965,0.418989360332489,-3.130692979740949,-58.0,26.0,49.2215760156213,0.5574127017285626,0.0,70.79050217036361,7
51.249534208,-16.20458221435547,0.424468457698822,-3.1233951925646246,-58.0,26.0,48.99964042263794,0.5673369790971563,0.0,70.79050217036361,7
51.347316992,-16.44980239868164,0.43382543325424194,-3.132690010290205,-58.0,26.0,48.785737697465635,0.5605021505450853,0.0002491877805982564,70.79051435350107,7
51.443805952,-16.745058059692383,0.4459688067436218,-3.1282231691267133,-58.0,26.0,48.52812323513111,0.5679443104989979,2.1766183111083466,70.89553619401386,7
51.556489472,-16.992107391357422,0.45819276571273804,-3.1407348982041485,-58.0,26.0,48.31181194071955,0.5579102351781557,4.748669891112156,71.28571911983421,7
51.67981184,-17.28673553466797,0.4724075198173523,-3.1372124500510465,-58.0,26.0,48.05442624002856,0.5644230517127227,0.0,71.57852772774532,7
51.77830272,-17.53154182434082,0.47805434465408325,-3.13291865677044,-58.0,26.0,47.84418268869797,0.5713349810507022,0.0,71.57852772774532,7
51.879999488,-17.778364181518555,0.4899837374687195,-3.116812588121518,-58.0,26.0,47.62920236188257,0.5899935682872268,0.0,71.57852772774532,7
51.978607104,-18.019582748413086,0.4978953003883362,-3.1221562955288604,-58.0,26.0,47.42142034693756,0.5872333928365023,0.0,71.57852772774532,7
52.078870528,-18.263643264770508,0.5134887099266052,-3.1155092570612024,-58.0,26.0,47.20741789516195,0.5963822291099987,0.0,71.57852772774532,7
52.179010048,-18.51108169555664,0.5230129361152649,-3.1146841152039366,-58.0,26.0,46.994164943196424,0.5998794300255366,0.0,71.57852772774532,7
52.312730368,-18.810956954956055,0.537566602230072,-3.1047648212858197,-58.0,26.0,46.73453337011269,0.6130156712715351,0.0,71.57852772774532,7
52.4129344,-19.0595760345459,0.5445911288261414,-3.111682635532971,-58.0,26.0,46.52240814282886,0.6088828637639452,0.0,71.57852772774532,7
52.51276544,-19.309167861938477,0.5571711659431458,-3.1023932257152307,-58.0,26.0,46.306781691397745,0.6208940807205217,0.0,71.57852772774532,7
52.614678784,-19.607860565185547,0.565002977848053,-3.114854772571603,-58.0,26.0,46.053180605677106,0.6118540236943311,0.0,71.57852772774532,7
52.716522752,-19.856218338012695,0.5754179358482361,-3.1129401276651083,-58.0,26.0,45.84056557912594,0.6165715314027569,0.0,71.57852772774532,7
52.817683712,-20.10063934326172,0.5742362141609192,-3.130462916900542,-58.0,26.0,45.638043366064764,0.6020406953282667,0.0,71.57852772774532,7
52.919571712,-20.397220611572266,0.5828222632408142,-3.130851843269921,-58.0,26.0,45.38724426352378,0.6051351455479903,0.0,71.57852772774532,7
53.019865856,-20.643539428710938,0.5884397625923157,-3.1297541126504513,-58.0,26.0,45.18022288694107,0.6091829820852688,0.0,71.57852772774532,7
53.16550656,-20.891422271728516,0.5933617949485779,-3.1319546365765354,-58.0,26.0,44.97270067382595,0.6099921041190992,0.0,71.57852772774532,7
53.27645312,-21.186098098754883,0.5960668921470642,-3.1328715277492263,-58.0,26.0,44.72832648940451,0.6127471788694159,0.0,71.57852772774532,7
53.375512832,-21.433921813964844,0.6002623438835144,-3.134677956877909,-58.0,26.0,44.522182638621594,0.6140246341827407,0.0,71.57852772774532,7
53.475933184,-21.681400299072266,0.6018890738487244,-3.1351982941524024,-58.0,26.0,44.318221115623686,0.616659878052646,0.0,71.57852772774532,7
53.577474816,-21.928264617919922,0.6037179827690125,-3.135822733858266,-58.0,26.0,44.115090771453005,0.6192084048978135,0.0,71.57852772774532,7
53.655619328,-22.22604751586914,0.606536328792572,-3.135386874576933,-58.0,26.0,43.87030514548291,0.6234993618319482,0.0,71.57852772774532,7
53.778918656,-22.472957611083984,0.6105641722679138,-3.13706565678181,-58.0,26.0,43.66685462171922,0.6250183092736172,0.0,71.57852772774532,7
53.870023168,-22.718603134155273,0.6156365275382996,-3.1385808106403537,-58.0,26.0,43.46427123175179,0.626694289050576,0.0,71.57852772774532,7
53.980908032,-22.963756561279297,0.6170026659965515,-3.139948643347326,-58.0,26.0,43.26470741788653,0.6286101454640942,0.0,71.57852772774532,7
54.079272192,-23.208999633789062,0.619408905506134,3.140716756695498,-58.0,26.0,43.064929011756085,0.6293860399680327,0.0,71.57852772774532,7
54.180915968,-23.49373435974121,0.6264851689338684,3.1400358413505614,-58.0,26.0,42.831035748840314,0.6324896208641326,0.0,71.57852772774532,7
54.291904768,-23.686582565307617,0.635699450969696,3.1337369910549704,-58.0,26.0,42.67034518713189,0.6286941921966553,0.0,71.57852772774532,7
54.43560448,-23.834205627441406,0.6405965685844421,3.117608387859389,-54.0,-0.0,30.17259541523019,0.04521693382713021,0.0,71.57852772774532,7
54.523183872,-23.88922882080078,0.6423107981681824,3.1187093519499647,-54.0,-0.0,30.117621157182015,0.04421166270644239,0.0,71.57852772774532,7
54.610921728,-23.90222930908203,0.6418247818946838,3.120101706408157,-54.0,-0.0,30.104613261321507,0.04281237749496469,0.0,71.57852772774532,7
54.721428224,-23.9088191986084,0.640072762966156,3.1392984601401714,-54.0,-0.0,30.097987560033474,0.023562094420515045,2.883943021297455,71.73787494671895,7
54.866424832,-23.922409057617188,0.6419751048088074,3.1385674633476324,-54.0,-0.0,30.08444130996125,0.024365916817101763,5.0,72.30944744459565,7
54.974271488,-23.924457550048828,0.6431311964988708,3.131015427460734,-54.0,-0.0,30.08241797786084,0.03195782787103241,5.0,72.84868072459565,7
55.056230912,-23.891633987426758,0.6419703364372253,3.125429423060177,-54.0,-0.0,30.115209278036588,0.03748199213038106,5.0,73.25847784459563,7
55.172345088,-23.833330154418945,0.6397504210472107,3.132409028917214,-54.0,-0.0,30.173452738682712,0.030387640296195784,5.0,73.83904872459564,7
55.251000064,-23.765966415405273,0.6378472447395325,3.133910441374955,-54.0,-0.0,30.240761166049108,0.028776077726512028,5.0,74.23232360459565,7
55.372576256,-23.68640899658203,0.6317122578620911,3.1354224575606575,-54.0,-0.0,30.320172491251366,0.0270064221366475,5.0,74.84020456459564,7
55.466519296,-23.613603591918945,0.6295979619026184,3.1379215025903853,-54.0,-0.0,30.39291825841463,0.02438791779392524,5.0,75.30991976459563,7
55.580948736,-23.526119232177734,0.6259065270423889,3.1363969303123467,-54.0,-0.0,30.480307872986486,0.025731950353398148,5.0,75.88206696459565,7
55.70167168,-23.448074340820312,0.6222440600395203,3.1329462510682036,-54.0,-0.0,30.558261553208432,0.029010357699618794,5.0,76.48568168459562,7
55.825444608,-23.373149871826172,0.6207260489463806,3.13000885615014,-54.0,-0.0,30.633139728102666,0.03184840434776781,5.0,77.10454632459562,7
55.903101184,-23.301616668701172,0.6209214329719543,3.129461800138192,-54.0,-0.0,30.70466222874451,0.03235461479976731,5.0,77.49282920459564,7
56.012045056,-23.251325607299805,0.6192869544029236,3.132167316771882,-54.0,-0.0,30.754910067177736,0.02956289568910364,5.0,78.03754856459562,7
56.09916928,-23.202829360961914,0.6223360896110535,3.127228319317637,-54.0,-0.0,30.80345794839375,0.034569157895816716,5.0,78.47316968459563,7
56.219387648,-23.156993865966797,0.6193634867668152,3.128716307104778,-54.0,-0.0,30.849224277325835,0.03295481259762312,4.34963038792135,79.03516833791521,7
56.331892736,-23.09682846069336,0.6151561141014099,3.1322077553226473,-54.0,-0.0,30.90929355764263,0.029288191417440324,1.4353185814011038,79.36058643434977,7
56.434963712,-22.90018653869629,0.609674870967865,3.1192179366566273,-54.0,-0.0,31.10578886278529,0.04197601738683332,1.0474443234748136,79.48853683224084,7
56.547893248,-22.676231384277344,0.6087849736213684,3.1222723609259924,-54.0,-0.0,31.329683998333575,0.03875308654727583,0.6807821837210718,79.5861207410211,7
56.659640064,-22.383838653564453,0.6094904541969299,3.1228767606039036,-54.0,-0.0,31.622035622293552,0.03799131867324057,0.4120483139542692,79.64718090529256,7
56.79170432,-22.072681427001953,0.6196591258049011,3.118476105549115,-54.0,-0.0,31.933331312186947,0.04252254156598312,0.3581328484580156,79.69803760639215,7
56.906721024,-21.796113967895508,0.6280741095542908,3.117070017087944,-54.0,-0.0,32.21001013125993,0.04402321769788742,0.3409479558467865,79.73824059136255,7
57.0104512,-21.516761779785156,0.6443917155265808,3.1195837770681654,-54.0,-0.0,32.489629206167706,0.041843943496472136,0.3409479558467865,79.77360718282938,7
57.091343872,-21.23127555847168,0.6523942351341248,3.1278215419985917,-54.0,-0.0,32.77521807345989,0.03367753364968884,0.41116625386997596,79.80402744686596,7
57.204201728,-20.894670486450195,0.6739971041679382,3.093094086480317,-54.0,-0.0,33.11218981428348,0.06885492707364183,3.1067358695875424,80.00253889250159,7
57.327463424,-20.654050827026367,0.7005032896995544,3.1129246178401115,-54.0,-0.0,33.353306149547166,0.04967209442096099,5.0,80.50216389865629,7
57.419762688,-20.365161895751953,0.7396954894065857,3.107753424528884,-54.0,-0.0,33.642970792069256,0.05582762905101735,5.0,80.96366021865629,7
57.517891584,-20.168861389160156,0.7798601984977722,3.0982385343389747,-54.0,-0.0,33.84012591044926,0.06640158800492024,4.904806885968054,81.4496341010629,7
57.627738112,-19.999086380004883,0.8110610842704773,3.0646123081818346,-54.0,-0.0,34.010585809079906,0.10082991926743468,0.7645122502712748,81.76101161268284,7
57.73867264,-19.79644775390625,0.8598195910453796,3.0464028922171145,-54.0,-0.0,34.21435774613357,0.12032278079918335,0.20469586135247222,81.81477093488121,7
57.851278336,-19.591230392456055,0.8851147294044495,3.0522069020483067,-54.0,-0.0,34.4201518588929,0.11510360167947731,1.7149541866169888,81.92285269974523,7
57.971782144,-19.361221313476562,0.9141237139701843,3.1412835239661403,-54.0,-0.0,34.65083853326486,0.02669318893362327,5.0,82.32744147476168,7
58.07890816,-19.19981575012207,0.939685046672821,-3.0341560330927075,-54.0,-0.0,34.81286876734511,0.08044087939984346,5.0,82.86307155476166,7
58.20862336,-18.988183975219727,0.9583763480186462,-2.9549809611276214,-54.0,-0.0,35.024930357925086,0.15924558578834436,5.0,83.51164755476165,7
58.309286912,-18.805925369262695,0.9765675663948059,-2.9150286524661744,-54.0,-0.0,35.20762095520857,0.19882305170006376,5.0,84.01496531476165,7
58.408261888,-18.622440338134766,0.9957310557365417,-2.907414029689165,-54.0,-0.0,35.39156973015173,0.20604021484421553,5.0,84.50984019476167,7
58.547452672,-18.44118309020996,1.0137009620666504,-2.8659799184107504,-54.0,-0.0,35.57326312927259,0.24711272939629625,5.0,85.20579411476166,7
58.622651648,-18.30931854248047,1.0186357498168945,-2.859015617346145,-54.0,-0.0,35.705214768895225,0.25404411784247305,5.0,85.58178899476167,7
58.740582912,-18.173973083496094,1.0171852111816406,-2.8300059389972865,-54.0,-0.0,35.84046414844413,0.28320198693936227,5.0,86.17144531476166,7
58.835817472,-18.037532806396484,1.0250484943389893,-2.8206165339619997,-54.0,-0.0,35.977072852953945,0.2924805487267146,5.0,86.64761811476166,7
58.924393728,-17.915327072143555,1.0309364795684814,-2.7323132344038132,-54.0,-0.0,36.09939681400897,0.3807172614668617,5.0,87.09049939476164,7
59.027312896,-17.831714630126953,1.0334599018096924,-2.5703057076395615,-54.0,-0.0,36.18304721779553,0.5427210691980315,1.340450499233463,87.41677633982478,7
59.173481984,-17.639259338378906,1.0446734428405762,-2.4199204893598756,-54.0,-0.0,36.37574472177638,0.6929492581234924,0.09165992960333824,87.52144147747396,7
59.257479936,-17.41098976135254,1.0648436546325684,-2.2565850505136016,-54.0,-0.0,36.60450193968851,0.855912987820381,0.09165992960333824,87.5291407238411,7
59.378744064,-17.085895538330078,1.097249984741211,-2.1695277361775673,-54.0,-0.0,36.930408415506236,0.9423492567728733,0.09165992960333824,87.54025578527698,7
59.478354688,-16.786922454833984,1.102250576019287,-2.137854573529009,-54.0,-0.0,37.22939828569452,0.9741267587827687,0.10834867862071376,87.55021727641227,7
59.579740928,-16.398462295532227,1.1070683002471924,-2.038716409106933,-54.0,-0.0,37.61783138302797,1.07344264545043,0.11527162045240402,87.56155328706762,7
59.6913088,-16.066251754760742,1.0629541873931885,-1.9870756158832497,-54.0,-0.0,37.94863801953489,1.1265030354330778,3.0967464277335024,87.74073229629848,7
59.795791104,-15.724569320678711,1.0154294967651367,-2.0219576028329334,-54.0,-0.0,38.28889774791683,1.093111733997556,5.0,88.16371565713516,7
59.891735552,-15.402178764343262,1.0112383365631104,-2.09907259122732,-54.0,-0.0,38.61106586346781,1.0163266911857178,5.0,88.64343789713514,7
60.024418048,-15.057238578796387,0.9797515273094177,-1.931589533094746,-54.0,-0.0,38.95508413755577,1.1848496682358345,5.0,89.30685037713515,7
60.117284096,-14.79834270477295,0.9621134400367737,-1.6754039494696016,-54.0,-0.0,39.21346193546201,1.441650957449194,4.898276049287316,89.76645726649032,7
60.212509952,-14.549423217773438,0.9405123591423035,-1.5241621726632928,-54.0,-0.0,39.461786223485284,1.59359472708278,0.20522880237601757,90.00945007554022,7
60.342546688,-14.230722427368164,0.9223632216453552,-1.505800431180633,-54.0,-0.0,39.77997225441065,1.6126035212585534,0.0,90.0227937173373,7
60.459271936,-13.873294830322266,0.9130424857139587,-1.4961227163975082,-54.0,-0.0,40.13709150343309,1.622719876933576,0.0,90.0227937173373,7
60.578379264,-13.558558464050293,0.9091832041740417,-1.481312083404353,-54.0,-0.0,40.45166013409574,1.6378028828437075,0.0,90.0227937173373,7
60.664499968,-13.173725128173828,0.9109315276145935,-1.4370514966399308,-54.0,-0.0,40.83643613438748,1.6822324743966055,0.0,90.0227937173373,7
60.77933952,-12.851153373718262,0.9118632674217224,-1.3692804952520028,-54.0,-0.0,41.15894888468036,1.7501556673788818,0.0,90.0227937173373,7
60.884393216,-12.471715927124023,0.9090507626533508,-1.2255275422958019,-54.0,-0.0,41.538232404937084,1.894178687896093,0.0,90.0227937173373,7
61.025519104,-12.154078483581543,0.9103370308876038,-1.165017737265447,-54.0,-0.0,41.855822307870845,1.9548238488244838,0.0,90.0227937173373,7
61.126512896,-11.831974983215332,0.914768397808075,-1.0511990768870993,-54.0,-0.0,42.177946074196235,2.0687035653729295,0.0,90.0227937173373,7
61.206184192,-11.508752822875977,0.9154958128929138,-0.9883978435974731,-54.0,-0.0,42.50110844732023,2.1316526277168513,0.0,90.0227937173373,7
61.330889216,-11.120244979858398,0.9140648245811462,-0.5166748392081227,-54.0,-0.0,42.88949644249622,2.603604110327055,0.0,90.0227937173373,7
61.436750336,-10.797948837280273,0.9138297438621521,-0.46193943954803085,-54.0,-0.0,43.21171495632891,2.6585039059590434,0.0,90.0227937173373,7
61.54607488,-10.411884307861328,0.9136578440666199,-0.43977291102424726,-54.0,-0.0,43.597690308630916,2.6808616430156342,0.0,90.0227937173373,7
61.64055296,-10.089167594909668,0.9158839583396912,-0.5136590331053652,-54.0,-0.0,43.92038303490846,2.607078830791459,0.0,90.0227937173373,7
61.735884288,-9.768080711364746,0.9201236367225647,-0.43386864598794506,-54.0,-0.0,44.24148857648439,2.68692475305658,0.0,90.0227937173373,7
61.878501376,-9.384349822998047,0.9173645377159119,0.31191421278399417,-54.0,-0.0,44.6250803742881,2.850237040472514,0.0,90.0227937173373,7
61.979666944,-9.003622055053711,0.9288763403892517,0.5796601780234165,-54.0,-0.0,45.00596448716752,2.582572901978388,0.0,90.0227937173373,7
62.07846528,-8.686090469360352,0.9273774027824402,0.8780792379226157,-54.0,-0.0,45.32339821547129,2.2839761824009974,0.0,90.0227937173373,7
62.179523584,-8.30705451965332,0.9347662329673767,0.9214802513985961,-54.0,-0.0,45.70250599890809,2.2405671102934397,0.0,90.0227937173373,7
62.330430464,-7.9944000244140625,0.9410359263420105,0.9302172070377244,-54.0,-0.0,46.01522332585488,2.2318274071141726,0.0,90.0227937173373,7
62.444497408,-7.627439975738525,0.972647488117218,1.053268517693575,-54.0,-0.0,46.38275936530592,2.1092956951817836,0.0,90.0227937173373,7
62.536288512,-7.322952747344971,0.9947575926780701,1.086200765569102,-54.0,-0.0,46.687645934388044,2.0767001560594336,7.22053920180019e-05,90.02279703124361,7
62.619232768,-6.95762825012207,0.9895007014274597,0.9023477074458687,-54.0,-0.0,47.0527772983895,2.260276088324635,0.15980703246305356,90.02942756346049,7
62.731166464,-6.661796569824219,1.0084247589111328,1.1710028637842884,-54.0,-0.0,47.348943224649595,1.9918891249446213,3.3077342311353988,90.22349491829402,7
62.835588608,-6.377472400665283,0.9946202635765076,1.25899134712809,-54.0,-0.0,47.63291303729086,1.903483769707738,4.5291828925220585,90.63266876249536,7
62.94908928,-6.0822930335998535,0.9855744242668152,1.1532969523976913,-54.0,-0.0,47.92784157317708,2.008860864699896,4.7539566302050895,91.159490049545,7
63.068089856,-5.8168253898620605,0.9937164187431335,1.0904254256748163,-54.0,-0.0,48.19342058654813,2.0717880270694433,4.758689256563483,91.72549521944974,7
63.166112,-5.643879413604736,0.9891788363456726,0.8976784696366716,-54.0,-0.0,48.36623691105474,2.264367456134993,1.5344276774522725,92.0339276266072,7
63.278057216,-5.440736293792725,0.9970023036003113,0.9008443165211774,-54.0,-0.0,48.56949768406467,2.2612771129974085,0.06172591506830741,92.12326850594914,7
63.423544576,-5.218577861785889,1.0081968307495117,0.967971568943326,-54.0,-0.0,48.791839550033146,2.194285781829909,0.0,92.12775867616257,7
63.525694976,-4.8790178298950195,1.0009901523590088,0.8809597901834363,-54.0,-0.0,49.13118022845463,2.281008099891203,0.0,92.12775867616257,7
63.64127488,-4.5596513748168945,0.9883759617805481,0.7229600771658136,-54.0,-0.0,49.45022708968555,2.438621196088376,0.0,92.12775867616257,7
63.748499712,-4.174307823181152,0.9818376898765564,0.5449138043189828,-54.0,-0.0,49.835365014699846,2.6163817493712074,0.0,92.12775867616257,7
63.842496,-3.8519363403320312,0.9785279631614685,0.4548481374040362,-54.0,-0.0,50.15760964987068,2.7062548168658207,0.0,92.12775867616257,7
63.971524352,-3.5235633850097656,0.966459333896637,0.16984491105187707,-61.0,-22.0,61.89506458751391,2.931292936980822,0.0,92.12775867616257,7
64.04948736,-3.1329689025878906,0.9665889143943787,0.07476968990307646,-61.0,-22.0,62.25799140987157,2.838543710385605,0.0,92.12775867616257,7
64.17850624,-2.741647720336914,0.9742161631584167,-0.011609454664509645,-61.0,-22.0,62.62467739360303,2.7543564616449507,0.0,92.12775867616257,7
64.262304,-2.4193496704101562,0.976406991481781,-0.0015447363739446978,-61.0,-22.0,62.925415145836645,2.7662677922194727,0.002152425526967874,92.12784886038143,7
64.378455552,-2.0975542068481445,0.980246365070343,0.10222717891473414,-61.0,-22.0,63.22649637149382,2.8718415669924893,0.42308548413449215,92.15254488196965,7
64.47727488,-1.7268495559692383,0.9771180748939514,0.09745194265281802,-61.0,-22.0,63.5708606091527,2.8692316378723053,0.366352439574827,92.19155074452898,7
64.58752128,-1.4211750030517578,0.9747859835624695,0.1318047928014731,-61.0,-22.0,63.85512648963655,2.905348760110887,0.0,92.21174526332615,7
64.704933632,-1.0970115661621094,0.9710368514060974,0.1448888658127935,-61.0,-22.0,64.1563446381819,2.920305300576585,0.0,92.21174526332615,7
64.84565632,-0.7083158493041992,0.9657718539237976,0.13278261471208858,-61.0,-22.0,64.5175468734959,2.910432359809314,0.0,92.21174526332615,7
64.932002304,-0.32007503509521484,0.9619110226631165,0.11244364827448712,-61.0,-22.0,64.87913880099806,2.892279102088498,0.0,92.21174526332615,7
65.047113472,0.0001659393310546875,0.9630640149116516,0.1092377902470695,-61.0,-22.0,65.17915735554469,2.890795586259219,0.0,92.21174526332615,7
65.138505728,0.3834190368652344,0.9628557562828064,0.1305895920360909,-61.0,-22.0,65.53790412531697,2.9142105864015204,0.0,92.21174526332615,7
65.278459648,0.699005126953125,0.9630655646324158,0.08545850600746045,-61.0,-22.0,65.83365107436617,2.8707561061574927,0.0,92.21174526332615,7
65.380258304,1.0722293853759766,0.9681490063667297,0.09675136875029204,-61.0,-22.0,66.18532714771,2.883943922901968,0.0,92.21174526332615,7
65.47830016,1.4470481872558594,0.9658023715019226,0.07744801892478673,-61.0,-22.0,66.53616990681338,2.8666285660345214,0.0,92.21174526332615,7
65.603277824,1.7661352157592773,0.9629923701286316,-0.10998884224419564,-61.0,-22.0,66.83477200165765,2.6808790644410316,0.0,92.21174526332615,7
65.72616064,2.083359718322754,0.966640293598175,-0.22678788309239867,-61.0,-22.0,67.13402147739127,2.565652485892852,0.0,92.21174526332615,7
65.835614976,2.4609460830688477,0.9611316323280334,-0.29334905156713664,-61.0,-22.0,67.48707464096563,2.501082056907128,0.0,92.21174526332615,7
65.915745792,2.781942367553711,0.9605575203895569,-0.45129941786811656,-61.0,-22.0,67.78881451851079,2.34475072608278,0.0,92.21174526332615,7
66.035859712,3.1105728149414062,0.9518126845359802,-0.6917613653803516,-61.0,-22.0,68.0951632068382,2.106044226230133,-6.835700201588375e-05,92.21174936863989,7
66.1479232,3.5675811767578125,0.9421301484107971,-0.7046293150910975,-61.0,-22.0,68.52236039982736,2.0955572956748236,-0.06155105347721616,92.21520201167328,8
66.25988608,3.948963165283203,0.9329430460929871,-0.7124536891359171,-61.0,-22.0,68.87878986306785,2.0897124619673346,-0.8735196173503825,92.26754861432798,8
66.363944192,4.249624252319336,0.9254634976387024,-0.729446382883336,-61.0,-22.0,69.15988968795732,2.07426917596744,-2.6699201631252674,92.45191044109897,8
66.466856192,4.558725357055664,0.9186115860939026,-0.7901094629658184,-61.0,-22.0,69.44932848830211,2.015174533237898,-3.7103481153929416,92.78021352563837,8
66.579335424,4.867961883544922,0.9110931754112244,-0.8507966241553796,-61.0,-22.0,69.7388456542299,1.9560524510880088,-3.8275251252475675,93.20414062214871,8
66.667108096,5.187335968017578,0.9000492691993713,-1.067587062595015,-61.0,-22.0,70.03695952191951,1.7409090568627397,-3.946487545617759,93.54531355429057,8
66.773891328,5.497709274291992,0.8923253417015076,-1.41965512265269,-61.0,-22.0,70.32783160512322,1.3903877879455462,-3.785887293357065,93.95815754246117,8
66.875263744,5.833671569824219,0.8773506283760071,-1.9140090539720274,-61.0,-22.0,70.64073065361644,0.8977823933166271,-2.789781533471921,94.2914532603569,8
66.995876096,6.111902236938477,0.8682547211647034,-2.2490466005976035,-61.0,-22.0,70.90108952514383,0.5641370976676985,-2.9239074620263077,94.63602399452871,8
67.10167552,6.461887359619141,0.8494262099266052,-2.4376403270579896,-61.0,-22.0,71.22641732001422,0.37737844352495875,-3.4773289432183274,94.97464755681005,8
67.204025344,6.736455917358398,0.8341721892356873,-2.689643963559502,-61.0,-22.0,71.48165414854292,0.12680915261844206,-1.8865530587837902,95.2491437462409,8
67.309682944,7.05317497253418,0.8230580687522888,-2.7842892800012944,-61.0,-22.0,71.77831569110542,0.03372008488034828,-0.3642383962869644,95.36805035786254,8
67.427884288,7.4345245361328125,0.8022863268852234,-2.867136231279502,-61.0,-22.0,72.13340703321742,0.04717284824318568,-3.68788897736772,95.60753380867513,8
67.56454528,7.758632659912109,0.7814692854881287,-2.857947747349664,-61.0,-22.0,72.43441797975856,0.03629726121462262,-5.0,96.2011815716916,8
67.6535936,8.093355178833008,0.7634293437004089,-2.917419965075144,-61.0,-22.0,72.74658373665399,0.09408694393288464,-5.0,96.64642317169155,8
67.738622208,8.526483535766602,0.7370373606681824,-2.9388887534765393,-61.0,-22.0,73.1498788843129,0.11336025774621028,-4.96213942781263,97.06995659581597,8
67.859429888,8.877771377563477,0.7116989493370056,-3.0065301672387252,-61.0,-22.0,73.47601106388632,0.17918783453880804,-4.737167978247325,97.65583200848242,8
67.971447296,9.334144592285156,0.682694137096405,-3.0501916998194147,-61.0,-22.0,73.90126188939904,0.22056725255871035,-4.32759341283521,98.1635375460662,8
68.078820864,9.699182510375977,0.6715559363365173,-3.0865002172203866,-61.0,-22.0,74.24536252325723,0.2552239145113364,-0.6887152153716496,98.43284702386607,8
68.223478016,10.11087417602539,0.6489642262458801,-3.1123453508992207,-61.0,-22.0,74.6306371847399,0.27909630768400184,0.0,98.48266081466345,8
68.293318912,10.397848129272461,0.6358849406242371,-3.1154332705575127,-61.0,-22.0,74.9001735948311,0.28085507763246076,0.02594827510988195,98.48356694005511,9
68.403679232,10.703332901000977,0.6189891695976257,-3.1185865965221238,-61.0,-22.0,75.18634596897327,0.2825662859748026,5.0,98.76089957002739,9
68.524670976,10.952465057373047,0.6083171963691711,-3.123258096122594,-61.0,-22.0,75.42077455372711,0.28610910062059514,5.0,99.36585829002736,9
68.656515072,11.245031356811523,0.5912764668464661,-3.1230982938231957,-61.0,-22.0,75.69485007679302,0.28457592193392856,5.0,100.0250787700274,9
68.748250368,11.595643997192383,0.585666835308075,-3.1203029783994745,-61.0,-22.0,76.02788878932934,0.2803338342669264,5.0,100.48375525002739,9
68.86117632,11.915548324584961,0.5763571858406067,-3.109073599267833,-61.0,-22.0,76.33065630045074,0.26774296231275185,4.998742643090528,101.04831401591437,9
68.950979584,12.268177032470703,0.5773246884346008,-3.1368195514522648,-61.0,-22.0,76.66786390495346,0.29414059222180855,1.868606370046851,101.35666919411781,9
69.079233536,12.691396713256836,0.5907780528068542,-3.1357444393164746,-61.0,-22.0,77.07635955714164,0.29161530884793674,0.0,101.47649726996326,9
69.179618304,13.009031295776367,0.5883950591087341,3.1396823504752733,-61.0,-22.0,77.37940491297134,0.298141252636297,0.0,101.47649726996326,9
69.28102784,13.373897552490234,0.5903100371360779,3.116006293707707,-61.0,-22.0,77.72900838633055,0.3204705885825234,0.0,101.47649726996326,9
69.426495232,13.677942276000977,0.5807532668113708,3.0741823911041637,-61.0,-22.0,78.01721272049103,0.3610446577253681,0.0,101.47649726996326,9
69.514285568,14.041404724121094,0.5702456831932068,3.0683875824250015,-61.0,-22.0,78.36216187146093,0.36536865582232814,0.0,101.47649726996326,9
69.627448832,14.340879440307617,0.5660800337791443,3.0564168539163186,-61.0,-22.0,78.64779769917206,0.37619192327104933,0.0,101.47649726996326,9
69.758487552,14.697896957397461,0.5499982237815857,3.065042338338663,-61.0,-22.0,78.98527725890007,0.3660744749086495,0.0,101.47649726996326,9
69.8671616,14.994134902954102,0.5424560904502869,3.0727138034211285,-61.0,-22.0,79.26708564239173,0.35724486123978494,0.0,101.47649726996326,9
69.965038336,15.353803634643555,0.5255770087242126,3.0892256705267958,-61.0,-22.0,79.60719156617493,0.3392448500943033,0.0,101.47649726996326,9
70.068655616,15.713495254516602,0.5149676203727722,3.1045682412048974,-61.0,-22.0,79.94925966581039,0.32250196817455645,0.0,101.47649726996326,9
70.166293248,16.009891510009766,0.4954833388328552,3.1237061362247145,-61.0,-22.0,80.22823792799628,0.30209063661784974,0.0,101.47649726996326,9
70.281806592,16.363231658935547,0.4822309613227844,3.120065862431761,-61.0,-22.0,80.56376556313879,0.3043432505056751,0.0,101.47649726996326,9
70.427417344,16.651479721069336,0.4728941321372986,3.129803628182968,-61.0,-22.0,80.83800636795723,0.2934995097894957,0.0,101.47649726996326,9
70.543452672,16.997821807861328,0.4558400511741638,-3.1179147041176205,-61.0,-22.0,81.16603328471095,0.25664445843803785,0.0,101.47649726996326,9
70.623499776,17.29022979736328,0.4498005509376526,-3.1229541747587333,-61.0,-22.0,81.44540273398388,0.26061937579384686,0.0,101.47649726996326,9
70.716459776,17.637996673583984,0.4475882649421692,-3.1144734762332544,-61.0,-22.0,81.77914611774187,0.2509405004387619,0.0,101.47649726996326,9
70.865555456,17.928855895996094,0.4365946650505066,-3.0955468209753163,-61.0,-22.0,82.05586556252204,0.2309120420620685,0.0,101.47649726996326,9
70.955946496,18.283716201782227,0.43002909421920776,-3.0463349878798702,-54.0,-34.0,80.06473962593381,0.34926542288343176,0.0,101.47649726996326,9
71.054320384,18.579500198364258,0.4201623797416687,-3.043705373876174,-54.0,-34.0,80.32765045295511,0.34494145950478217,0.0,101.47649726996326,9
71.178830592,18.855844497680664,0.40973740816116333,-3.0411918655203922,-54.0,-34.0,80.57297379375315,0.34084141188611605,0.0,101.47649726996326,9
71.268732672,18.985395431518555,0.4032054543495178,-3.0437919777603746,-54.0,-34.0,80.68735025906672,0.3426826349817853,0.15173320658504963,101.48331783540179,9
71.371926528,19.051259994506836,0.40267735719680786,-3.0580018528432147,-54.0,-34.0,80.7467076488473,0.35653880148761896,5.0,101.74913144273718,9
71.47824512,19.118892669677734,0.4069649577140808,-3.032767290731151,-54.0,-34.0,80.80972529863728,0.33099565796376806,5.0,102.28072440273715,9
71.620028416,19.176076889038086,0.4101454019546509,-3.0350993650180484,-54.0,-34.0,80.86282418673042,0.333062220857574,5.0,102.98964088273715,9
71.708288,19.26201057434082,0.4086405038833618,-3.01433451115332,-54.0,-34.0,80.93995759030462,0.3118287501053745,5.0,103.43093880273715,9
71.819436288,19.330472946166992,0.40634071826934814,-2.9455601482977394,-54.0,-34.0,81.0009539704945,0.2426693808717877,5.0,103.9866802427372,9
71.963940352,19.4897518157959,0.4069652557373047,-2.8042064000177804,-54.0,-34.0,81.1454427559354,0.10048883763859484,5.0,104.70920056273714,9
72.04357504,19.612104415893555,0.4087790846824646,-1.5306545992053961,-54.0,-34.0,81.25703658536223,1.1736812082080004,5.0,105.10737400273713,9
72.147459072,19.733510971069336,0.4086339473724365,-0.3076883739638485,-54.0,-34.0,81.3669756734578,2.3972808823231517,5.0,105.62679416273718,9
72.251058944,19.931303024291992,0.4087070822715759,-0.1729861090733723,-54.0,-34.0,81.5462855680334,2.5330080430799335,1.8601952402122066,105.98215183712765,9
72.347239168,20.156187057495117,0.410400927066803,-0.12096156093929994,-54.0,-34.0,81.75093743112483,2.5861745336315494,0.0,106.07160883457132,9
72.465990912,20.393335342407227,0.4166719317436218,-0.07550768871568564,-54.0,-34.0,81.96874800937931,2.632776788216874,0.0,106.07160883457132,9
72.580013824,20.67840003967285,0.4409032464027405,-0.09141090052123843,-54.0,-34.0,82.2376996815541,2.618061593804879,0.0,106.07160883457132,9
72.680605696,20.921430587768555,0.4622576832771301,-0.09603564932769662,-54.0,-34.0,82.46737516100785,2.614435893986807,0.0,106.07160883457132,9
72.780548608,21.1699275970459,0.4875350594520569,-0.0959949547646838,-54.0,-34.0,82.70373685282944,2.6154545357188397,0.0,106.07160883457132,9
72.8796352,21.41297721862793,0.5263661742210388,-0.10463537033340732,-54.0,-34.0,82.94086504355793,2.607610568189337,0.0,106.07160883457132,9
72.979027968,21.653181076049805,0.559592068195343,-0.10495822257065295,-54.0,-34.0,83.17312793712672,2.6081267018752885,0.0,106.07160883457132,9
73.08145408,21.86399269104004,0.6720747351646423,-0.19654345467591436,-54.0,-34.0,83.41161881576822,2.516365024423501,0.0,106.07160883457132,9
73.187737088,22.03119468688965,0.7274340987205505,-0.22336130449706826,-54.0,-34.0,83.58670495118643,2.489776295988215,-0.11954096696643184,106.07796142134553,10
73.299709184,22.229001998901367,0.816088855266571,-0.25541341255119776,-54.0,-34.0,83.80346525607592,2.4577425770838435,-1.416647065836228,106.16396651828704,10
73.41325952,22.375974655151367,0.868195116519928,-0.2638713468208495,-54.0,-34.0,83.95880260704072,2.4494473771078273,-4.693466056109432,106.51086921728452,10
73.518778624,22.52071189880371,0.8770391345024109,-0.22035759788148618,-54.0,-34.0,84.0941568022971,2.4935802451561093,-3.1605890019678777,106.92524564353205,10
73.61896192,22.642301559448242,0.8904275298118591,-0.19447964567541345,-54.0,-34.0,84.21035756688399,2.5199123600331794,-0.3913018359099745,107.10316570911745,10
73.732253952,22.783079147338867,0.9545308947563171,-0.22128549440446688,-54.0,-34.0,84.36504295867441,2.4931063368774176,-0.025740341603799722,107.12678948697757,10
73.853913088,22.93605613708496,1.0069591999053955,-0.23158969665438695,-54.0,-34.0,84.52599556558047,2.482987469776026,-0.0026743850321508944,107.12851794252367,10
73.98061056,23.15766716003418,1.0596904754638672,-0.2929440116612134,-54.0,-34.0,84.74955750807167,2.422149797581784,-0.0026743850321508944,107.1288567803464,10
74.056337664,23.360822677612305,1.1096341609954834,-0.4079521428070782,-54.0,-34.0,84.95518404591867,2.3075957039835626,-0.0026743850321508944,107.12905930377987,10
74.178939136,23.61414909362793,1.1369781494140625,-0.5080029180856138,-54.0,-34.0,85.19720284727842,2.2084814992693005,-0.0026743850321508944,107.1293871873215,10
74.27824768,23.824438095092773,1.1142380237579346,-0.5648714144885427,-54.0,-34.0,85.37946402271481,2.152871425028008,-0.0026743850321508944,107.12965277660514,10
74.380304896,24.09477424621582,1.069411277770996,-0.6969820131058881,-54.0,-34.0,85.60757777169533,2.022536861682509,-0.0026743850321508944,107.12992571689604,10
74.524560896,24.3346004486084,1.0039398670196533,-0.8141414402640718,-54.0,-34.0,85.7996820137292,1.9072185995155149,-0.0026743850321508944,107.13031151298324,10
74.607755264,24.63062858581543,0.8714732527732849,-0.9646549387863748,-54.0,-34.0,86.0162507821594,1.7595151861587501,-0.0026743850321508944,107.13053400675578,10
74.708723968,24.87681007385254,0.856650173664093,-0.9631774539316372,-54.0,-34.0,86.2353595038358,1.7623071401674975,-0.0026743850321508944,107.13080403594647,10
74.808714752,25.108808517456055,0.8321525454521179,-0.9707092636402282,-54.0,-34.0,86.43773733735269,1.7561194410952696,-0.0026743850321508944,107.13107144980255,10
74.939468544,25.38170051574707,0.808140218257904,-0.9420946761273284,-54.0,-34.0,86.6779153084894,1.7862562705989586,-0.0026743850321508944,107.13142113578677,10
75.027962624,25.60828971862793,0.7851566672325134,-0.8701641854601945,-54.0,-34.0,86.87627360959327,1.8594764421232222,-0.0026743850321508944,107.13165780302975,10
75.152592896,25.82670021057129,0.7458929419517517,-0.7463352888791184,-54.0,-34.0,87.06077844151173,1.9847230873780315,-0.0026743850321508944,107.13199111236375,10
75.259989248,26.032976150512695,0.6845189929008484,-0.5804974918679271,-54.0,-34.0,87.22553026079827,2.152149855903289,-0.0026743850321508944,107.13227833156004,10
75.36039168,26.27300453186035,0.5540438294410706,-0.25156961866662736,-54.0,-34.0,87.39414855434549,2.483539699617403,-0.0026743850321508944,107.13254684632138,10
75.461952256,26.55617332458496,0.4945452809333801,0.021306811006445825,-54.0,-34.0,87.63087763362259,2.758317402870654,-0.0026743850321508944,107.13281845840568,10
75.61101696,26.884801864624023,0.47296231985092163,0.0027060058928805573,-54.0,-34.0,87.92460579260704,2.7414135077084847,-0.0026743850321508944,107.13321711481888,10
75.754449408,27.20444679260254,0.4621211886405945,-0.006813472440093332,-54.0,-34.0,88.2145111402493,2.733427764312068,-0.0026743850321508944,107.13360070841094,10
75.858555648,27.5247745513916,0.4646403193473816,-0.011890170877957277,-54.0,-34.0,88.51045304367848,2.7297387122450694,-0.0026743850321508944,107.13387912858094,10
75.96316288,27.792333602905273,0.4649098515510559,-0.006891546690664323,-54.0,-34.0,88.75706083058681,2.7359083445446153,-0.0026743850321508944,107.13415888859646,10
76.064839936,28.11311149597168,0.46477288007736206,-0.002691462423417329,-54.0,-34.0,89.0527015268217,2.7415085691871433,-0.0026743850321508944,107.13443081219314,10
76.166452992,28.38032341003418,0.46446293592453003,0.0010797946260941381,-54.0,-34.0,89.29903073720084,2.7464411037712235,-0.0026743850321508944,107.13470256462918,10
76.267276032,28.64771842956543,0.4669494032859802,-0.0015830888578857983,-54.0,-34.0,89.54672502543801,2.7449050712921994,-0.0026743850321508944,107.13497220425825,10
76.377464832,28.964582443237305,0.47012072801589966,0.003124901473824498,-54.0,-34.0,89.84047619522455,2.7509380264139325,0.0,107.13511954789696,10
76.485245696,29.282934188842773,0.472442090511322,0.0024591162977760173,-54.0,-34.0,90.13543360292206,2.7516035931776104,0.04532363115532147,107.13756205795973,11
76.619481344,29.603361129760742,0.475220263004303,0.00401336551424526,-54.0,-34.0,90.43264236090778,2.754484585365677,0.06836948916316032,107.14519289279927,11
76.726530816,29.871641159057617,0.47707074880599976,0.0038309589415001072,-51.0,-18.0,82.95555730158024,2.9208049971977985,0.06836948916316032,107.1525118105151,11
76.81142528,30.13930320739746,0.47882968187332153,0.0034153740995440662,-51.0,-18.0,83.21690736499201,2.9210852186744427,0.0,107.15541390608333,11
76.93168896,30.406492233276367,0.4802066683769226,0.0032173306679679553,-51.0,-18.0,83.47775162420469,2.9215818318798767,0.0,107.15541390608333,11
77.027374848,30.725210189819336,0.483753502368927,0.002689655426360282,-51.0,-18.0,83.78937357509295,2.9218549572872066,1.5283004011263368,107.22853229658958,11
77.130350848,30.992719650268555,0.48334091901779175,0.012990278228584267,-51.0,-18.0,84.05022288593989,2.932862472077798,5.0,107.5646614276428,11
77.244813568,31.31606101989746,0.4870383143424988,0.013773845322071232,-51.0,-18.0,84.36648912611838,2.934446102928369,5.0,108.13697502764276,11
77.354669312,31.60280418395996,0.49019092321395874,0.0040726392472597555,-51.0,-18.0,84.64697525269605,2.925450857091453,5.0,108.68625374764277,11
77.467133952,31.945627212524414,0.4881911873817444,-0.008509943104579584,-51.0,-18.0,84.98111723824447,2.913772444238375,5.0,109.24857694764276,11
77.57897088,32.23125457763672,0.4852134585380554,0.007154951170531413,-51.0,-18.0,85.25928017040192,2.9302002641519866,5.0,109.80776158764277,11
77.68912128,32.522254943847656,0.4840015769004822,-0.006824792277897313,-51.0,-18.0,85.54312003428413,2.916971900345224,5.0,110.35851358764275,11
77.836422912,32.80741882324219,0.48547428846359253,-0.013230778417068137,-51.0,-18.0,85.82188654116021,2.9112671313282257,5.0,111.09502174764279,11
77.938556928,33.019195556640625,0.4771304726600647,-0.01506657119161643,-51.0,-18.0,86.02691190835995,2.9100562975683033,5.0,111.60569182764276,11
78.050449408,33.19579315185547,0.47359806299209595,-0.009866223794575591,-51.0,-18.0,86.19863925760671,2.915736700774215,5.0,112.1651542276428,11
78.150456832,33.37007141113281,0.46155089139938354,-0.012718669421561414,-51.0,-18.0,86.3663002057827,2.91345296739184,5.0,112.66519134764279,11
78.271459328,33.49286651611328,0.4475345015525818,-0.03995857202742474,-51.0,-18.0,86.48327018155425,2.8866748991867954,5.0,113.2702038276428,11
78.349553152,33.570068359375,0.4460039734840393,-0.03476172773071283,-51.0,-18.0,86.55837062294525,2.8920792686388763,5.0,113.66067294764277,11
78.479113216,33.64808654785156,0.4173293709754944,-0.04562602750509667,-51.0,-18.0,86.62849748998055,2.881730295594586,5.0,114.30847326764278,11
78.579096064,33.718162536621094,0.40383267402648926,-0.051327352907174405,-51.0,-18.0,86.69410660866697,2.8763529414044413,5.0,114.80838750764276,11
78.667375616,33.71928405761719,0.40762752294540405,-0.0554276024302762,-51.0,-18.0,86.69600822563129,2.872212663804872,5.0,115.24978526764278,11
78.778186752,33.607269287109375,0.42356663942337036,-0.04816728337466313,-51.0,-18.0,86.5899406625199,2.8790184369935616,5.0,115.80384094764275,11
78.920143872,33.50883483886719,0.4051617383956909,-0.03731478523629766,-51.0,-18.0,86.48984416935573,2.889836708926929,4.952280557911627,116.51023949035933,11
78.989764096,33.36430358886719,0.4161081910133362,-0.04414917629313357,-51.0,-18.0,86.35096270996438,2.882522274742399,1.4305633507537243,116.7324270016985,11
79.09933056,33.13941192626953,0.427900493144989,-0.049002556140760996,-51.0,-18.0,86.13378057349927,2.876978297684498,0.3494145922479185,116.82993994630483,11
79.197377024,32.899749755859375,0.4276959300041199,-0.03488304448134037,-51.0,-18.0,85.89963903523993,2.890503223330304,0.15080390757934636,116.85446227387256,11
79.32378752,32.684471130371094,0.4375072121620178,-0.030843165106503145,-51.0,-18.0,85.69149538062946,2.893892329838783,0.19421809031040982,116.87626947481463,11
79.405296384,32.51140594482422,0.44746464490890503,-0.030973071415691642,-51.0,-18.0,85.5246389919676,2.8932133282576924,3.7653497264899305,117.03763941215381,11
79.507576064,32.31444549560547,0.4538758397102356,-0.0036974888862902583,-51.0,-18.0,85.33371175419276,2.9199176923725716,5.0,117.48589799471058,11
79.61967616,32.11841583251953,0.4646909832954407,0.034736903426686595,-51.0,-18.0,85.14467607323564,2.9577301820399744,1.2626025024767413,117.8369171655793,11
79.719568384,31.933698654174805,0.46530550718307495,0.04991784755892572,-51.0,-18.0,84.96449776191866,2.9724325952656576,0.05120659848374522,117.90253682208248,11
79.831925504,31.747468948364258,0.47156065702438354,0.7135662102401342,-51.0,-18.0,84.78409149402167,2.6476537315669813,0.0,117.9054135350478,11
79.967192064,31.530141830444336,0.47708529233932495,3.0197455430146616,-51.0,-18.0,84.57320492599084,0.34209800166564364,0.0,117.9054135350478,11
80.079068672,31.309507369995117,0.48253530263900757,3.055247023839308,-51.0,-18.0,84.35910807200712,0.3072309674590734,0.0,117.9054135350478,11
80.175886592,31.119237899780273,0.4871693253517151,3.0610407069354797,-51.0,-18.0,84.17448938309596,0.30198624221910997,0.0,117.9054135350478,11
80.276821248,30.926347732543945,0.49141472578048706,3.0644530850776337,-51.0,-18.0,83.98725421964049,0.299127591467224,0.0,117.9054135350478,11
80.378683136,30.692968368530273,0.49627500772476196,3.0635339035031715,-51.0,-18.0,83.76069048200995,0.3007168247470329,0.0,117.9054135350478,11
80.501000704,30.460142135620117,0.500114381313324,3.062909308648071,-51.0,-18.0,83.5344778452413,0.3020017212404973,0.0,117.9054135350478,11
80.620811776,30.266355514526367,0.5034241080284119,3.060956026704699,-51.0,-18.0,83.34624911977117,0.3045086555321408,0.0,117.9054135350478,11
80.732525568,30.033781051635742,0.5068972706794739,3.0543098819045498,-51.0,-18.0,83.12026779379337,0.31181672768595625,0.0,117.9054135350478,11
80.838435072,29.839826583862305,0.5096392035484314,3.062937986753541,-51.0,-18.0,82.9318051507048,0.3037415767389202,0.0,117.9054135350478,11
80.938016256,29.64630699157715,0.5122095942497253,3.0658567523950957,-51.0,-18.0,82.7437534526996,0.3013750872412988,0.0,117.9054135350478,11
81.073455872,29.413820266723633,0.5149040818214417,3.063778819940523,-51.0,-18.0,82.51778089022984,0.30411518368840706,0.0,117.9054135350478,11
81.148585728,29.21918296813965,0.5175173878669739,3.0575414570940036,-51.0,-18.0,82.32870560312377,0.31091393476671847,3.0356117878143967,118.01944607329301,11
81.258573312,28.958189010620117,0.525555431842804,3.0188383544837256,-51.0,-18.0,82.07623403833982,0.3504276899636878,5.0,118.4613548365448,11
81.377897728,28.739187240600586,0.5348662734031677,3.0721661528989253,-51.0,-18.0,81.86500625764648,0.2978145046418197,4.958628766033552,119.05550861737866,11
81.48083328,28.471242904663086,0.5312506556510925,3.0423614897996787,-51.0,-18.0,81.60322113540943,0.32831942111485635,0.8661696583122966,119.35529803792807,11
81.59517696,28.27385139465332,0.5262722373008728,3.0938223208236764,-51.0,-18.0,81.40986597429186,0.27734965131100076,0.11470932827655514,119.41137669440869,11
81.719440384,28.05232048034668,0.5273895859718323,3.1034687669638066,-51.0,-18.0,81.19441814680253,0.268337501979623,0.05642848182143985,119.422009779538,11
81.84471424,27.83085060119629,0.528749406337738,3.1031619920518096,-51.0,-18.0,80.97911805565056,0.26928469095027197,0.055198343470692635,119.42900174095669,11
81.946624256,27.646352767944336,0.5298745036125183,3.105070716233861,-51.0,-18.0,80.79978374240599,0.26791198321609855,0.054660225838714285,119.43459958523472,11
82.019754496,27.461584091186523,0.5306535363197327,3.1062551331514183,-51.0,-18.0,80.62012961153965,0.2672625618473585,0.04020961386942881,119.43806851230804,11
82.123020544,27.27669334411621,0.5311984419822693,3.1068047184363077,-51.0,-18.0,80.44032593534746,0.2672478789725776,0.024197965394705534,119.44139407039397,11
82.235853568,26.999929428100586,0.5400132536888123,3.1179941305750694,-51.0,-18.0,80.17306955727483,0.2569607197035184,0.008617463172413409,119.44324540241351,11
82.373478144,26.709157943725586,0.5380119681358337,3.0943565426719646,-51.0,-18.0,79.88974349723271,0.2814156070214553,0.0,119.44383838977116,11
82.47931776,26.339696884155273,0.5415621399879456,3.0973710284574842,-51.0,-18.0,79.53124065877542,0.2795225027607646,0.0,119.44383838977116,11
82.579294976,26.031103134155273,0.5419575572013855,3.093951241350051,-51.0,-18.0,79.23127564363661,0.2838551707273993,0.0,119.44383838977116,11
82.721410048,25.660741806030273,0.5426995158195496,3.0927708603566466,-51.0,-18.0,78.87142093042836,0.28614361493760043,0.0,119.44383838977116,11
82.835475968,25.29124641418457,0.5435932278633118,3.09406339643905,-51.0,-18.0,78.51254122259887,0.28596857141246534,0.0,119.44383838977116,11
82.930573312,24.9824275970459,0.5433339476585388,3.0938894154022045,-51.0,-18.0,78.21243211558318,0.2870719042634482,0.0,119.44383838977116,11
83.053178624,24.611555099487305,0.5420717597007751,3.0854299329969215,-51.0,-18.0,77.85188301964634,0.29664508784258103,0.0,119.44383838977116,11
83.138924288,24.241422653198242,0.5414618849754333,3.085090852920373,-51.0,-18.0,77.49230601620532,0.2981141195940289,0.0,119.44383838977116,11
83.278474496,23.933488845825195,0.540431797504425,3.077541709913794,-51.0,-18.0,77.1931043671993,0.30660478038171846,0.0,119.44383838977116,11
83.36523392,23.563920974731445,0.5390474200248718,3.071566402249149,-51.0,-18.0,76.83407180650995,0.3137178631715525,0.022256375983602354,119.4448038649515,11
83.47992832,23.25704002380371,0.5379611849784851,3.071678631376505,-51.0,-18.0,76.53603071751601,0.3145593311779038,0.050576755148097154,119.44898064108914,11
83.578807552,22.891294479370117,0.5370809435844421,3.071146249511856,-51.0,-18.0,76.18101318403421,0.3162433651646115,0.05086150486022234,119.45399570971166,11
83.694715136,22.587812423706055,0.535949170589447,3.054839622771429,-51.0,-18.0,75.88641214974669,0.3335086399995486,0.05086150486022234,119.45989094385861,11
83.797305344,22.22149085998535,0.5341572165489197,3.0610911436815753,-51.0,-18.0,75.53079972757253,0.3284187608505267,0.05086150486022234,119.46510883622142,11
83.918541568,21.913740158081055,0.5300112366676331,3.053277538494146,-51.0,-18.0,75.23147493085052,0.33718274389324776,0.05086150486022234,119.47127509301762,11
84.047806208,21.547277450561523,0.5269110798835754,3.0572246097173568,-51.0,-18.0,74.87558947781757,0.3344010400309996,0.05086150486022234,119.47784968713324,11
84.147753984,21.243146896362305,0.5202481150627136,3.0499600890664373,-51.0,-18.0,74.57929916359409,0.34258802927459975,0.05086150486022234,119.48293318142804,11
84.278786816,20.8187313079834,0.5207144618034363,3.0558343723806645,-51.0,-18.0,74.16836947691361,0.33814086013328915,0.05086150486022234,119.48959770844965,11
84.37902208,20.516149520874023,0.5194900631904602,3.0486765024786893,-44.0,11.0,65.3618744952693,0.06812494703370531,0.05086150486022234,119.49469582481676,11
84.480061952,20.152151107788086,0.516859233379364,3.0534385408599003,-44.0,11.0,65.00303632976893,0.07382482558684922,0.05086150486022234,119.49983486475756,11
84.632241152,19.846113204956055,0.5187453627586365,3.0635057182331877,-44.0,11.0,64.70071769424786,0.08462605622019614,0.03383538918569684,119.50627941754675,11
84.730490112,19.478933334350586,0.5177404284477234,3.058192303778309,-44.0,11.0,64.33857896310988,0.08025256497647959,0.03383538918569684,119.50960370934544,11
84.832992,19.112916946411133,0.5175198912620544,3.0459665861184204,-44.0,11.0,63.977516947085995,0.06896233581083244,0.03383538918569684,119.51307190061819,11
84.978532864,18.750957489013672,0.5236849188804626,2.9983550711782128,-44.0,11.0,63.619461200696236,0.02218742046107325,0.03383538918569684,119.51799633239405,11
85.059322112,18.450578689575195,0.5233963131904602,2.9881343609301205,-44.0,11.0,63.32325010194356,0.012752338119601081,0.0008635499469314347,119.51939798299351,11
85.168483072,18.09369468688965,0.5247787833213806,3.0120969602734347,-44.0,11.0,62.971082088582705,0.037630941462844625,0.0,119.51944511596412,11
85.279170304,17.796518325805664,0.5296146273612976,3.019974806430008,-44.0,11.0,62.677257813685515,0.04622143430084513,0.0,119.51944511596412,11
85.37844352,17.439537048339844,0.5337113738059998,2.9958015950526926,-44.0,11.0,62.32463325460586,0.02294025227126184,0.0,119.51944511596412,11
85.531485696,17.139541625976562,0.5372924208641052,2.9947719164912616,-44.0,11.0,62.02831450330589,0.02266585117666775,0.0,119.51944511596412,11
85.61481728,16.77733039855957,0.5443258881568909,2.9928175766142657,-44.0,11.0,61.67013062665539,0.021589793437824856,0.0,119.51944511596412,11
85.714404096,16.474571228027344,0.5541684031486511,2.9942706295996215,-44.0,11.0,61.37009991000121,0.02372119562473518,0.0,119.51944511596412,11
85.816772352,16.172618865966797,0.5657636523246765,2.992401256731403,-44.0,11.0,61.07059316355174,0.022506301391758576,0.0,119.51944511596412,11
85.965438976,15.813394546508789,0.5791832804679871,3.001505338067522,-44.0,11.0,60.71437711348446,0.032403491203252255,0.0,119.51944511596412,11
86.052294144,15.454687118530273,0.5956279635429382,3.005401926295159,-44.0,11.0,60.35818733059617,0.037051704431938504,-0.005793347562255774,119.51969670705202,12
86.14806528,15.158086776733398,0.608849823474884,3.020690745825491,-44.0,11.0,60.06375973142721,0.05297490284141437,-0.720150426630689,119.55445893701531,12
86.26079104,14.804471969604492,0.6245974898338318,3.0238903290737875,-44.0,11.0,59.71276999831747,0.056939244721528226,-1.7796892994963223,119.69535710351825,12
86.363010048,14.492040634155273,0.6393610835075378,3.025824564819757,-44.0,11.0,59.402539140222025,0.05954260236848574,-3.2405730106863073,119.9519402201416,12
86.480781312,14.096174240112305,0.65877765417099,3.0298418130367466,-44.0,11.0,59.00937502586654,0.06440591471827117,-3.653379628299323,120.35789497826633,12
86.586824448,13.743715286254883,0.6812393069267273,3.028084296491726,-44.0,11.0,58.658447620960615,0.0633244025708275,-0.30018951542550515,120.56751941346303,12
86.70048128,13.338184356689453,0.6938868165016174,3.044849933031186,-44.0,11.0,58.25704553333259,0.08110086505654257,-0.25884247187567044,120.5992883157947,12
86.80613888,13.037773132324219,0.7068566679954529,3.0532900984238878,-44.0,11.0,57.95909215599979,0.09023772430051658,-3.2993292767919633,120.78726225947071,12
86.916128256,12.716171264648438,0.7240400910377502,3.051099034726006,-44.0,11.0,57.63956484023394,0.08874416843638278,-3.9710976039740977,121.1870971174052,12
87.061421568,12.295530319213867,0.7457451224327087,3.056439278483964,-44.0,11.0,57.221818190403916,0.09502171906410517,-4.003490209579468,121.76642425503825,12
87.163486208,11.85201644897461,0.7664924263954163,3.0433497107617895,-44.0,11.0,56.781796543219315,0.0829723976992045,-3.9686337676184116,122.17326023692226,12
87.24288384,11.41996955871582,0.7944636940956116,3.019583896142221,-44.0,11.0,56.351805624843294,0.060100120936789736,-2.8806538553159395,122.44516884599624,12
87.3395776,10.960653305053711,0.8057612776756287,3.025940180041244,-44.0,11.0,55.898085073158356,0.06774577379179902,-0.7734559362238032,122.62183365359462,12
87.458483712,10.53938102722168,0.8310953974723816,3.1033252574038124,-44.0,11.0,55.47928175136891,0.14606667737694634,-0.07744077548438932,122.67242206344602,12
87.57884032,10.104005813598633,0.8289136290550232,3.067308079780307,-44.0,11.0,55.051743324286626,0.11153801935964891,-0.025407360965811414,122.67861128986715,12
87.678445824,9.784055709838867,0.8395423293113708,3.071977549963952,-44.0,11.0,54.73535921757439,0.11709661632451152,-0.021146114449948072,122.68092978105801,12
87.780300288,9.403491973876953,0.85321444272995,3.0816327063957583,-44.0,11.0,54.35890186665993,0.1278042057028208,-0.007974968175403774,122.68241283718896,12
87.891185408,9.08521842956543,0.8667618632316589,3.070940062399877,-44.0,11.0,54.043713148257396,0.11796458468680493,-1.8222436394259092,122.78388484215401,12
88.003568896,8.697561264038086,0.8799754977226257,3.090550726956173,-44.0,11.0,53.66048694434054,0.13868792546878206,-4.412900296416044,123.13424845400002,12
88.107634688,8.371301651000977,0.8909913897514343,3.0770037648251813,-44.0,11.0,53.33802856970078,0.12609173467776902,-4.89906625872086,123.61877704131894,12
88.25451904,7.948394775390625,0.9082425236701965,3.070785681128282,-44.0,11.0,52.91955488003362,0.12106817948992132,-4.9214547872543335,124.34001747638915,12
88.34789888,7.593282699584961,0.9231414198875427,2.992853895608028,-44.0,11.0,52.56814528364948,0.04414640475497755,-4.8977546576868,124.79847557983668,12
88.4353472,7.202173233032227,0.9783479571342468,2.716752818296738,-44.0,11.0,52.17371036694359,0.2315562045441184,-4.860630522135361,125.22515277478081,12
88.539370496,6.898931503295898,1.0040991306304932,2.569187854412446,-44.0,11.0,51.8711794965901,0.37848544452209865,-2.683776839122087,125.61754983482317,12
88.651171328,6.616872787475586,1.0250186920166016,2.4179561548508555,-44.0,11.0,51.59038731079759,0.529061459404438,-0.21695803017046225,125.77970212072232,12
88.772979968,6.283485412597656,1.0474073886871338,2.2645791647269804,-44.0,11.0,51.25897974916864,0.6816094415380873,-0.06525368788466887,125.7968900335065,12
88.868984576,5.986423492431641,1.0697340965270996,2.187559372093645,-44.0,11.0,50.96324866488005,0.7579272264410482,-0.9955196110344566,125.8478095958763,12
88.979201792,5.617954254150391,1.0952696800231934,2.1450913753413667,-44.0,11.0,50.596887918906916,0.7994712403359712,-5.0,126.1782143358771,12
89.1098944,5.301582336425781,1.1071994304656982,2.181290646980395,-44.0,11.0,50.28432682242001,0.7622729832714707,-5.0,126.83167737587712,12
89.209233664,4.994035720825195,1.1179187297821045,2.146529890964071,-44.0,11.0,49.980706942226085,0.7960334316646511,-5.0,127.32837369587709,12
89.310374144,4.595884323120117,1.1440622806549072,2.115769561406248,-44.0,11.0,49.585274845196544,0.8257229952460925,-5.0,127.83407609587708,12
89.410301952,4.252357482910156,1.157893419265747,2.0214525776562087,-44.0,11.0,49.24588373260336,0.9189286821076612,-5.0,128.3337151358771,12
89.5120832,3.8945465087890625,1.1738898754119873,1.8796681801356834,-44.0,11.0,48.89212641584624,1.059571032638277,-5.0,128.84262137587714,12
89.628807168,3.4234275817871094,1.1714677810668945,1.6029372419840013,-44.0,11.0,48.431204085626575,1.3342979733147775,-5.0,129.4262412158771,12
89.762048,3.0063629150390625,1.1464242935180664,1.1784344113883232,-44.0,11.0,48.02802420154019,1.756527948802053,-5.0,130.0924453758771,12
89.856057088,2.5566749572753906,1.1012566089630127,0.42442971191619855,-44.0,11.0,47.59736446274091,2.507665548208279,-5.0,130.56249081587714,12
89.9656448,1.9633169174194336,1.0697021484375,-0.022605777438405434,-44.0,11.0,47.02379522616058,2.9514204753691207,-5.0,131.11042937587717,12
90.06534912,1.4648799896240234,1.0635104179382324,-0.12750908002429506,-44.0,11.0,46.53803968459927,3.053931968422897,-5.0,131.60895097587712,12
90.160982784,0.9128923416137695,1.0607960224151611,-0.19553828470647297,-44.0,11.0,45.9995181952749,3.1193413927504157,-5.0,132.08711929587713,12
90.275203328,0.49688053131103516,1.0732707977294922,-0.11327391175545709,-44.0,11.0,45.59070442176757,3.035372540394504,-0.2548374336861549,132.38722449103074,12
90.37050624,0.1406574249267578,1.0948760509490967,0.09617325127038645,-44.0,11.0,45.23835892636694,2.8246769755673924,0.0,132.39936786578917,12
90.509077504,-0.21803569793701172,1.167140245437622,0.3222207452690424,-44.0,11.0,44.87254761098383,2.5984506057700134,0.0,132.39936786578917,12
90.594493696,-0.5162067413330078,1.17268705368042,0.3967293502312341,-44.0,11.0,44.58044813488749,2.522597783029722,-0.09002654908186598,132.4032127282899,12
90.690809856,-0.8240499496459961,1.1733949184417725,0.45276895460291205,-44.0,11.0,44.28007260811086,2.4650412316480566,-4.667807766472728,132.63234089388513,12
90.841059072,-1.2112369537353516,1.1862680912017822,0.46965424213526086,-44.0,11.0,43.899744612094814,2.4464845871659975,-5.0,133.3586311625607,12
90.931131904,-1.5622329711914062,1.1888396739959717,0.42921455326531244,-44.0,11.0,43.557122693469886,2.485180399428665,-5.0,133.80899532256072,12
91.051467776,-1.9093618392944336,1.2074265480041504,0.49595000138947365,-44.0,11.0,43.21476964636255,2.41705466438595,-5.0,134.4106746825607,12
91.170479104,-2.360844612121582,1.1893415451049805,0.4883200648368599,-44.0,11.0,42.77929733801722,2.421881333031479,-5.0,135.0057313225607,12
91.256975616,-2.7568349838256836,1.1606109142303467,0.38601977752250066,-44.0,11.0,42.40061601123913,2.5213802860868784,-5.0,135.43821388256077,12
91.345029632,-3.1447277069091797,1.1797502040863037,0.3310288807036743,-44.0,11.0,42.0189312119756,2.5746720273982078,-5.0,135.87848396256078,12
91.443753984,-3.630011558532715,1.1199557781219482,0.17732081653482842,-44.0,11.0,41.56141528618182,2.7242523510833694,-4.767894797373868,136.3606485046982,12
91.555138304,-4.118185043334961,1.0808608531951904,0.09989496746846127,-44.0,11.0,41.09681843709251,2.7979303692980384,-4.07850297006129,136.85332350458583,12
91.658665472,-4.527027130126953,1.0757508277893066,0.03781797497547162,-44.0,11.0,40.70142883017571,2.857461080212307,-1.9649814454927745,137.16615591778304,12
91.781901568,-5.009965419769287,1.0075466632843018,-0.027289584548350666,-44.0,11.0,40.25011702161905,2.9179996757525366,-0.047046516502628206,137.2901331533226,12
91.878315264,-5.370142459869385,0.9588190913200378,-0.0973133447779354,-44.0,11.0,39.91354666791245,2.9846005493295635,-0.0008534158924098914,137.2924422580828,12
91.978734592,-5.6913838386535645,0.9278604388237,-0.1512973375808888,-44.0,11.0,39.61058024741857,3.035787843578465,0.0,137.292485107808,12
92.091540224,-6.01514196395874,0.8823959231376648,-0.13042767830175106,-44.0,11.0,39.309227317187876,3.011705318948988,-0.0546021549125653,137.29556482310474,12
92.187788288,-6.330183982849121,0.8135372996330261,-0.0625004849251534,-44.0,11.0,39.02280181012077,2.9399950518806373,-3.6614996604291283,137.4743986257815,12
92.31112064,-6.680045127868652,0.7124645113945007,-0.056608899843091004,-44.0,11.0,38.71191571192568,2.929223923086351,-5.0,138.0085201882655,12
92.454513152,-7.017954349517822,0.6882194876670837,-0.12525064981393255,-44.0,11.0,38.392766477930145,2.994917945272344,-5.0,138.7254827482655,12
92.557531136,-7.292336940765381,0.6294111609458923,-0.11543132223018225,-44.0,11.0,38.14448374456012,2.9816815266538406,-5.0,139.24057266826546,12
92.643997696,-7.565700531005859,0.5781828761100769,-0.09014317292522236,-44.0,11.0,37.89554657159799,2.9531312530937033,-4.971009320605293,139.67165210610582,12
92.746407424,-7.8855719566345215,0.5297121405601501,-0.02193385872529679,-44.0,11.0,37.60158029603219,2.881343067679616,-1.3532034045893508,139.99548255860648,12
92.866809344,-8.197415351867676,0.5197121500968933,-0.012803622609717272,-44.0,11.0,37.30497957248478,2.869627695470225,-0.12823535985494017,140.08466659440725,12
