[0.149s] DEBUG:colcon:Command line arguments: ['/usr/bin/colcon', 'build', '--executor', 'parallel', '--parallel-workers', '16']
[0.149s] DEBUG:colcon:Parsed command line arguments: Namespace(log_base=None, log_level=None, verb_name='build', build_base='build', install_base='install', merge_install=False, symlink_install=False, test_result_base=None, continue_on_error=False, executor='parallel', parallel_workers=16, event_handlers=None, ignore_user_meta=False, metas=['./colcon.meta'], base_paths=['.'], packages_ignore=None, packages_ignore_regex=None, paths=None, packages_up_to=None, packages_up_to_regex=None, packages_above=None, packages_above_and_dependencies=None, packages_above_depth=None, packages_select_by_dep=None, packages_skip_by_dep=None, packages_skip_up_to=None, packages_select_build_failed=False, packages_skip_build_finished=False, packages_select_test_failures=False, packages_skip_test_passed=False, packages_select=None, packages_skip=None, packages_select_regex=None, packages_skip_regex=None, packages_start=None, packages_end=None, allow_overriding=[], cmake_args=None, cmake_target=None, cmake_target_skip_unavailable=False, cmake_clean_cache=False, cmake_clean_first=False, cmake_force_configure=False, ament_cmake_args=None, catkin_cmake_args=None, catkin_skip_building_tests=False, verb_parser=<colcon_defaults.argument_parser.defaults.DefaultArgumentsDecorator object at 0x71db44c56ce0>, verb_extension=<colcon_core.verb.build.BuildVerb object at 0x71db44c56740>, main=<bound method BuildVerb.main of <colcon_core.verb.build.BuildVerb object at 0x71db44c56740>>)
[0.387s] Level 1:colcon.colcon_core.package_discovery:discover_packages(colcon_meta) check parameters
[0.387s] Level 1:colcon.colcon_core.package_discovery:discover_packages(recursive) check parameters
[0.387s] Level 1:colcon.colcon_core.package_discovery:discover_packages(ignore) check parameters
[0.387s] Level 1:colcon.colcon_core.package_discovery:discover_packages(path) check parameters
[0.387s] Level 1:colcon.colcon_core.package_discovery:discover_packages(colcon_meta) discover
[0.388s] Level 1:colcon.colcon_core.package_discovery:discover_packages(recursive) discover
[0.388s] INFO:colcon.colcon_core.package_discovery:Crawling recursively for packages in '/home/rhobtor/PHD/ARGOJ8_IA'
[0.388s] Level 1:colcon.colcon_core.package_identification:_identify(.) by extensions ['ignore', 'ignore_ament_install']
[0.388s] Level 1:colcon.colcon_core.package_identification:_identify(.) by extension 'ignore'
[0.388s] Level 1:colcon.colcon_core.package_identification:_identify(.) by extension 'ignore_ament_install'
[0.388s] Level 1:colcon.colcon_core.package_identification:_identify(.) by extensions ['colcon_pkg']
[0.388s] Level 1:colcon.colcon_core.package_identification:_identify(.) by extension 'colcon_pkg'
[0.389s] Level 1:colcon.colcon_core.package_identification:_identify(.) by extensions ['colcon_meta']
[0.389s] Level 1:colcon.colcon_core.package_identification:_identify(.) by extension 'colcon_meta'
[0.389s] Level 1:colcon.colcon_core.package_identification:_identify(.) by extensions ['ros']
[0.389s] Level 1:colcon.colcon_core.package_identification:_identify(.) by extension 'ros'
[0.404s] Level 1:colcon.colcon_core.package_identification:_identify(.) by extensions ['cmake', 'python']
[0.404s] Level 1:colcon.colcon_core.package_identification:_identify(.) by extension 'cmake'
[0.404s] Level 1:colcon.colcon_core.package_identification:_identify(.) by extension 'python'
[0.404s] Level 1:colcon.colcon_core.package_identification:_identify(.) by extensions ['python_setup_py']
[0.404s] Level 1:colcon.colcon_core.package_identification:_identify(.) by extension 'python_setup_py'
[0.404s] Level 1:colcon.colcon_core.package_identification:_identify(build) by extensions ['ignore', 'ignore_ament_install']
[0.405s] Level 1:colcon.colcon_core.package_identification:_identify(build) by extension 'ignore'
[0.405s] Level 1:colcon.colcon_core.package_identification:_identify(build) ignored
[0.405s] Level 1:colcon.colcon_core.package_identification:_identify(imgs) by extensions ['ignore', 'ignore_ament_install']
[0.405s] Level 1:colcon.colcon_core.package_identification:_identify(imgs) by extension 'ignore'
[0.405s] Level 1:colcon.colcon_core.package_identification:_identify(imgs) by extension 'ignore_ament_install'
[0.405s] Level 1:colcon.colcon_core.package_identification:_identify(imgs) by extensions ['colcon_pkg']
[0.405s] Level 1:colcon.colcon_core.package_identification:_identify(imgs) by extension 'colcon_pkg'
[0.405s] Level 1:colcon.colcon_core.package_identification:_identify(imgs) by extensions ['colcon_meta']
[0.405s] Level 1:colcon.colcon_core.package_identification:_identify(imgs) by extension 'colcon_meta'
[0.405s] Level 1:colcon.colcon_core.package_identification:_identify(imgs) by extensions ['ros']
[0.406s] Level 1:colcon.colcon_core.package_identification:_identify(imgs) by extension 'ros'
[0.406s] Level 1:colcon.colcon_core.package_identification:_identify(imgs) by extensions ['cmake', 'python']
[0.406s] Level 1:colcon.colcon_core.package_identification:_identify(imgs) by extension 'cmake'
[0.406s] Level 1:colcon.colcon_core.package_identification:_identify(imgs) by extension 'python'
[0.406s] Level 1:colcon.colcon_core.package_identification:_identify(imgs) by extensions ['python_setup_py']
[0.406s] Level 1:colcon.colcon_core.package_identification:_identify(imgs) by extension 'python_setup_py'
[0.406s] Level 1:colcon.colcon_core.package_identification:_identify(install) by extensions ['ignore', 'ignore_ament_install']
[0.406s] Level 1:colcon.colcon_core.package_identification:_identify(install) by extension 'ignore'
[0.406s] Level 1:colcon.colcon_core.package_identification:_identify(install) ignored
[0.407s] Level 1:colcon.colcon_core.package_identification:_identify(log) by extensions ['ignore', 'ignore_ament_install']
[0.407s] Level 1:colcon.colcon_core.package_identification:_identify(log) by extension 'ignore'
[0.407s] Level 1:colcon.colcon_core.package_identification:_identify(log) ignored
[0.407s] Level 1:colcon.colcon_core.package_identification:_identify(src) by extensions ['ignore', 'ignore_ament_install']
[0.407s] Level 1:colcon.colcon_core.package_identification:_identify(src) by extension 'ignore'
[0.407s] Level 1:colcon.colcon_core.package_identification:_identify(src) by extension 'ignore_ament_install'
[0.407s] Level 1:colcon.colcon_core.package_identification:_identify(src) by extensions ['colcon_pkg']
[0.407s] Level 1:colcon.colcon_core.package_identification:_identify(src) by extension 'colcon_pkg'
[0.407s] Level 1:colcon.colcon_core.package_identification:_identify(src) by extensions ['colcon_meta']
[0.407s] Level 1:colcon.colcon_core.package_identification:_identify(src) by extension 'colcon_meta'
[0.408s] Level 1:colcon.colcon_core.package_identification:_identify(src) by extensions ['ros']
[0.408s] Level 1:colcon.colcon_core.package_identification:_identify(src) by extension 'ros'
[0.408s] Level 1:colcon.colcon_core.package_identification:_identify(src) by extensions ['cmake', 'python']
[0.408s] Level 1:colcon.colcon_core.package_identification:_identify(src) by extension 'cmake'
[0.408s] Level 1:colcon.colcon_core.package_identification:_identify(src) by extension 'python'
[0.408s] Level 1:colcon.colcon_core.package_identification:_identify(src) by extensions ['python_setup_py']
[0.408s] Level 1:colcon.colcon_core.package_identification:_identify(src) by extension 'python_setup_py'
[0.408s] Level 1:colcon.colcon_core.package_identification:_identify(src/argj801_ctl_platform) by extensions ['ignore', 'ignore_ament_install']
[0.408s] Level 1:colcon.colcon_core.package_identification:_identify(src/argj801_ctl_platform) by extension 'ignore'
[0.408s] Level 1:colcon.colcon_core.package_identification:_identify(src/argj801_ctl_platform) by extension 'ignore_ament_install'
[0.408s] Level 1:colcon.colcon_core.package_identification:_identify(src/argj801_ctl_platform) by extensions ['colcon_pkg']
[0.408s] Level 1:colcon.colcon_core.package_identification:_identify(src/argj801_ctl_platform) by extension 'colcon_pkg'
[0.409s] Level 1:colcon.colcon_core.package_identification:_identify(src/argj801_ctl_platform) by extensions ['colcon_meta']
[0.409s] Level 1:colcon.colcon_core.package_identification:_identify(src/argj801_ctl_platform) by extension 'colcon_meta'
[0.409s] Level 1:colcon.colcon_core.package_identification:_identify(src/argj801_ctl_platform) by extensions ['ros']
[0.409s] Level 1:colcon.colcon_core.package_identification:_identify(src/argj801_ctl_platform) by extension 'ros'
[0.409s] Level 1:colcon.colcon_core.package_identification:_identify(src/argj801_ctl_platform) by extensions ['cmake', 'python']
[0.409s] Level 1:colcon.colcon_core.package_identification:_identify(src/argj801_ctl_platform) by extension 'cmake'
[0.409s] Level 1:colcon.colcon_core.package_identification:_identify(src/argj801_ctl_platform) by extension 'python'
[0.409s] Level 1:colcon.colcon_core.package_identification:_identify(src/argj801_ctl_platform) by extensions ['python_setup_py']
[0.409s] Level 1:colcon.colcon_core.package_identification:_identify(src/argj801_ctl_platform) by extension 'python_setup_py'
[0.409s] Level 1:colcon.colcon_core.package_identification:_identify(src/argj801_ctl_platform/argj801_ctl_platform) by extensions ['ignore', 'ignore_ament_install']
[0.409s] Level 1:colcon.colcon_core.package_identification:_identify(src/argj801_ctl_platform/argj801_ctl_platform) by extension 'ignore'
[0.409s] Level 1:colcon.colcon_core.package_identification:_identify(src/argj801_ctl_platform/argj801_ctl_platform) by extension 'ignore_ament_install'
[0.409s] Level 1:colcon.colcon_core.package_identification:_identify(src/argj801_ctl_platform/argj801_ctl_platform) by extensions ['colcon_pkg']
[0.409s] Level 1:colcon.colcon_core.package_identification:_identify(src/argj801_ctl_platform/argj801_ctl_platform) by extension 'colcon_pkg'
[0.409s] Level 1:colcon.colcon_core.package_identification:_identify(src/argj801_ctl_platform/argj801_ctl_platform) by extensions ['colcon_meta']
[0.409s] Level 1:colcon.colcon_core.package_identification:_identify(src/argj801_ctl_platform/argj801_ctl_platform) by extension 'colcon_meta'
[0.409s] Level 1:colcon.colcon_core.package_identification:_identify(src/argj801_ctl_platform/argj801_ctl_platform) by extensions ['ros']
[0.410s] Level 1:colcon.colcon_core.package_identification:_identify(src/argj801_ctl_platform/argj801_ctl_platform) by extension 'ros'
[0.415s] DEBUG:colcon.colcon_core.package_identification:Package 'src/argj801_ctl_platform/argj801_ctl_platform' with type 'ros.ament_cmake' and name 'argj801_ctl_platform'
[0.415s] Level 1:colcon.colcon_core.package_identification:_identify(src/argj801_ctl_platform/argj801_ctl_platform_interfaces) by extensions ['ignore', 'ignore_ament_install']
[0.416s] Level 1:colcon.colcon_core.package_identification:_identify(src/argj801_ctl_platform/argj801_ctl_platform_interfaces) by extension 'ignore'
[0.416s] Level 1:colcon.colcon_core.package_identification:_identify(src/argj801_ctl_platform/argj801_ctl_platform_interfaces) by extension 'ignore_ament_install'
[0.416s] Level 1:colcon.colcon_core.package_identification:_identify(src/argj801_ctl_platform/argj801_ctl_platform_interfaces) by extensions ['colcon_pkg']
[0.416s] Level 1:colcon.colcon_core.package_identification:_identify(src/argj801_ctl_platform/argj801_ctl_platform_interfaces) by extension 'colcon_pkg'
[0.416s] Level 1:colcon.colcon_core.package_identification:_identify(src/argj801_ctl_platform/argj801_ctl_platform_interfaces) by extensions ['colcon_meta']
[0.416s] Level 1:colcon.colcon_core.package_identification:_identify(src/argj801_ctl_platform/argj801_ctl_platform_interfaces) by extension 'colcon_meta'
[0.416s] Level 1:colcon.colcon_core.package_identification:_identify(src/argj801_ctl_platform/argj801_ctl_platform_interfaces) by extensions ['ros']
[0.416s] Level 1:colcon.colcon_core.package_identification:_identify(src/argj801_ctl_platform/argj801_ctl_platform_interfaces) by extension 'ros'
[0.417s] DEBUG:colcon.colcon_core.package_identification:Package 'src/argj801_ctl_platform/argj801_ctl_platform_interfaces' with type 'ros.ament_cmake' and name 'argj801_ctl_platform_interfaces'
[0.417s] Level 1:colcon.colcon_core.package_identification:_identify(src/car_cpp) by extensions ['ignore', 'ignore_ament_install']
[0.417s] Level 1:colcon.colcon_core.package_identification:_identify(src/car_cpp) by extension 'ignore'
[0.417s] Level 1:colcon.colcon_core.package_identification:_identify(src/car_cpp) by extension 'ignore_ament_install'
[0.417s] Level 1:colcon.colcon_core.package_identification:_identify(src/car_cpp) by extensions ['colcon_pkg']
[0.417s] Level 1:colcon.colcon_core.package_identification:_identify(src/car_cpp) by extension 'colcon_pkg'
[0.417s] Level 1:colcon.colcon_core.package_identification:_identify(src/car_cpp) by extensions ['colcon_meta']
[0.417s] Level 1:colcon.colcon_core.package_identification:_identify(src/car_cpp) by extension 'colcon_meta'
[0.417s] Level 1:colcon.colcon_core.package_identification:_identify(src/car_cpp) by extensions ['ros']
[0.418s] Level 1:colcon.colcon_core.package_identification:_identify(src/car_cpp) by extension 'ros'
[0.419s] DEBUG:colcon.colcon_core.package_identification:Package 'src/car_cpp' with type 'ros.ament_cmake' and name 'car_cpp'
[0.419s] Level 1:colcon.colcon_core.package_identification:_identify(src/car_interfaces) by extensions ['ignore', 'ignore_ament_install']
[0.420s] Level 1:colcon.colcon_core.package_identification:_identify(src/car_interfaces) by extension 'ignore'
[0.420s] Level 1:colcon.colcon_core.package_identification:_identify(src/car_interfaces) by extension 'ignore_ament_install'
[0.420s] Level 1:colcon.colcon_core.package_identification:_identify(src/car_interfaces) by extensions ['colcon_pkg']
[0.420s] Level 1:colcon.colcon_core.package_identification:_identify(src/car_interfaces) by extension 'colcon_pkg'
[0.420s] Level 1:colcon.colcon_core.package_identification:_identify(src/car_interfaces) by extensions ['colcon_meta']
[0.420s] Level 1:colcon.colcon_core.package_identification:_identify(src/car_interfaces) by extension 'colcon_meta'
[0.420s] Level 1:colcon.colcon_core.package_identification:_identify(src/car_interfaces) by extensions ['ros']
[0.420s] Level 1:colcon.colcon_core.package_identification:_identify(src/car_interfaces) by extension 'ros'
[0.421s] DEBUG:colcon.colcon_core.package_identification:Package 'src/car_interfaces' with type 'ros.ament_cmake' and name 'car_interfaces'
[0.421s] Level 1:colcon.colcon_core.package_identification:_identify(src/car_python) by extensions ['ignore', 'ignore_ament_install']
[0.421s] Level 1:colcon.colcon_core.package_identification:_identify(src/car_python) by extension 'ignore'
[0.421s] Level 1:colcon.colcon_core.package_identification:_identify(src/car_python) by extension 'ignore_ament_install'
[0.421s] Level 1:colcon.colcon_core.package_identification:_identify(src/car_python) by extensions ['colcon_pkg']
[0.421s] Level 1:colcon.colcon_core.package_identification:_identify(src/car_python) by extension 'colcon_pkg'
[0.421s] Level 1:colcon.colcon_core.package_identification:_identify(src/car_python) by extensions ['colcon_meta']
[0.421s] Level 1:colcon.colcon_core.package_identification:_identify(src/car_python) by extension 'colcon_meta'
[0.421s] Level 1:colcon.colcon_core.package_identification:_identify(src/car_python) by extensions ['ros']
[0.421s] Level 1:colcon.colcon_core.package_identification:_identify(src/car_python) by extension 'ros'
[0.425s] DEBUG:colcon.colcon_core.package_identification:Package 'src/car_python' with type 'ros.ament_python' and name 'car'
[0.425s] Level 1:colcon.colcon_core.package_identification:_identify(src/gazebo_sim_pkgs) by extensions ['ignore', 'ignore_ament_install']
[0.425s] Level 1:colcon.colcon_core.package_identification:_identify(src/gazebo_sim_pkgs) by extension 'ignore'
[0.425s] Level 1:colcon.colcon_core.package_identification:_identify(src/gazebo_sim_pkgs) by extension 'ignore_ament_install'
[0.425s] Level 1:colcon.colcon_core.package_identification:_identify(src/gazebo_sim_pkgs) by extensions ['colcon_pkg']
[0.425s] Level 1:colcon.colcon_core.package_identification:_identify(src/gazebo_sim_pkgs) by extension 'colcon_pkg'
[0.425s] Level 1:colcon.colcon_core.package_identification:_identify(src/gazebo_sim_pkgs) by extensions ['colcon_meta']
[0.425s] Level 1:colcon.colcon_core.package_identification:_identify(src/gazebo_sim_pkgs) by extension 'colcon_meta'
[0.425s] Level 1:colcon.colcon_core.package_identification:_identify(src/gazebo_sim_pkgs) by extensions ['ros']
[0.425s] Level 1:colcon.colcon_core.package_identification:_identify(src/gazebo_sim_pkgs) by extension 'ros'
[0.425s] Level 1:colcon.colcon_core.package_identification:_identify(src/gazebo_sim_pkgs) by extensions ['cmake', 'python']
[0.426s] Level 1:colcon.colcon_core.package_identification:_identify(src/gazebo_sim_pkgs) by extension 'cmake'
[0.426s] Level 1:colcon.colcon_core.package_identification:_identify(src/gazebo_sim_pkgs) by extension 'python'
[0.426s] Level 1:colcon.colcon_core.package_identification:_identify(src/gazebo_sim_pkgs) by extensions ['python_setup_py']
[0.426s] Level 1:colcon.colcon_core.package_identification:_identify(src/gazebo_sim_pkgs) by extension 'python_setup_py'
[0.426s] Level 1:colcon.colcon_core.package_identification:_identify(src/gazebo_sim_pkgs/fix_position_pkg) by extensions ['ignore', 'ignore_ament_install']
[0.426s] Level 1:colcon.colcon_core.package_identification:_identify(src/gazebo_sim_pkgs/fix_position_pkg) by extension 'ignore'
[0.426s] Level 1:colcon.colcon_core.package_identification:_identify(src/gazebo_sim_pkgs/fix_position_pkg) by extension 'ignore_ament_install'
[0.426s] Level 1:colcon.colcon_core.package_identification:_identify(src/gazebo_sim_pkgs/fix_position_pkg) by extensions ['colcon_pkg']
[0.426s] Level 1:colcon.colcon_core.package_identification:_identify(src/gazebo_sim_pkgs/fix_position_pkg) by extension 'colcon_pkg'
[0.426s] Level 1:colcon.colcon_core.package_identification:_identify(src/gazebo_sim_pkgs/fix_position_pkg) by extensions ['colcon_meta']
[0.426s] Level 1:colcon.colcon_core.package_identification:_identify(src/gazebo_sim_pkgs/fix_position_pkg) by extension 'colcon_meta'
[0.426s] Level 1:colcon.colcon_core.package_identification:_identify(src/gazebo_sim_pkgs/fix_position_pkg) by extensions ['ros']
[0.426s] Level 1:colcon.colcon_core.package_identification:_identify(src/gazebo_sim_pkgs/fix_position_pkg) by extension 'ros'
[0.429s] DEBUG:colcon.colcon_core.package_identification:Package 'src/gazebo_sim_pkgs/fix_position_pkg' with type 'ros.ament_cmake' and name 'fixposition_sensor_pkg'
[0.429s] Level 1:colcon.colcon_core.package_identification:_identify(src/gazebo_sim_pkgs/j8_xacro_model) by extensions ['ignore', 'ignore_ament_install']
[0.429s] Level 1:colcon.colcon_core.package_identification:_identify(src/gazebo_sim_pkgs/j8_xacro_model) by extension 'ignore'
[0.430s] Level 1:colcon.colcon_core.package_identification:_identify(src/gazebo_sim_pkgs/j8_xacro_model) by extension 'ignore_ament_install'
[0.430s] Level 1:colcon.colcon_core.package_identification:_identify(src/gazebo_sim_pkgs/j8_xacro_model) by extensions ['colcon_pkg']
[0.430s] Level 1:colcon.colcon_core.package_identification:_identify(src/gazebo_sim_pkgs/j8_xacro_model) by extension 'colcon_pkg'
[0.430s] Level 1:colcon.colcon_core.package_identification:_identify(src/gazebo_sim_pkgs/j8_xacro_model) by extensions ['colcon_meta']
[0.430s] Level 1:colcon.colcon_core.package_identification:_identify(src/gazebo_sim_pkgs/j8_xacro_model) by extension 'colcon_meta'
[0.430s] Level 1:colcon.colcon_core.package_identification:_identify(src/gazebo_sim_pkgs/j8_xacro_model) by extensions ['ros']
[0.430s] Level 1:colcon.colcon_core.package_identification:_identify(src/gazebo_sim_pkgs/j8_xacro_model) by extension 'ros'
[0.431s] DEBUG:colcon.colcon_core.package_identification:Package 'src/gazebo_sim_pkgs/j8_xacro_model' with type 'ros.ament_cmake' and name 'j8_xacro_model'
[0.432s] Level 1:colcon.colcon_core.package_identification:_identify(src/gazebo_sim_pkgs/zed_camera_pkg) by extensions ['ignore', 'ignore_ament_install']
[0.432s] Level 1:colcon.colcon_core.package_identification:_identify(src/gazebo_sim_pkgs/zed_camera_pkg) by extension 'ignore'
[0.432s] Level 1:colcon.colcon_core.package_identification:_identify(src/gazebo_sim_pkgs/zed_camera_pkg) by extension 'ignore_ament_install'
[0.432s] Level 1:colcon.colcon_core.package_identification:_identify(src/gazebo_sim_pkgs/zed_camera_pkg) by extensions ['colcon_pkg']
[0.432s] Level 1:colcon.colcon_core.package_identification:_identify(src/gazebo_sim_pkgs/zed_camera_pkg) by extension 'colcon_pkg'
[0.432s] Level 1:colcon.colcon_core.package_identification:_identify(src/gazebo_sim_pkgs/zed_camera_pkg) by extensions ['colcon_meta']
[0.432s] Level 1:colcon.colcon_core.package_identification:_identify(src/gazebo_sim_pkgs/zed_camera_pkg) by extension 'colcon_meta'
[0.432s] Level 1:colcon.colcon_core.package_identification:_identify(src/gazebo_sim_pkgs/zed_camera_pkg) by extensions ['ros']
[0.432s] Level 1:colcon.colcon_core.package_identification:_identify(src/gazebo_sim_pkgs/zed_camera_pkg) by extension 'ros'
[0.432s] Level 1:colcon.colcon_core.package_identification:_identify(src/gazebo_sim_pkgs/zed_camera_pkg) by extensions ['cmake', 'python']
[0.432s] Level 1:colcon.colcon_core.package_identification:_identify(src/gazebo_sim_pkgs/zed_camera_pkg) by extension 'cmake'
[0.432s] Level 1:colcon.colcon_core.package_identification:_identify(src/gazebo_sim_pkgs/zed_camera_pkg) by extension 'python'
[0.432s] Level 1:colcon.colcon_core.package_identification:_identify(src/gazebo_sim_pkgs/zed_camera_pkg) by extensions ['python_setup_py']
[0.433s] Level 1:colcon.colcon_core.package_identification:_identify(src/gazebo_sim_pkgs/zed_camera_pkg) by extension 'python_setup_py'
[0.433s] Level 1:colcon.colcon_core.package_identification:_identify(src/hector_gazebo) by extensions ['ignore', 'ignore_ament_install']
[0.433s] Level 1:colcon.colcon_core.package_identification:_identify(src/hector_gazebo) by extension 'ignore'
[0.433s] Level 1:colcon.colcon_core.package_identification:_identify(src/hector_gazebo) by extension 'ignore_ament_install'
[0.433s] Level 1:colcon.colcon_core.package_identification:_identify(src/hector_gazebo) by extensions ['colcon_pkg']
[0.433s] Level 1:colcon.colcon_core.package_identification:_identify(src/hector_gazebo) by extension 'colcon_pkg'
[0.433s] Level 1:colcon.colcon_core.package_identification:_identify(src/hector_gazebo) by extensions ['colcon_meta']
[0.433s] Level 1:colcon.colcon_core.package_identification:_identify(src/hector_gazebo) by extension 'colcon_meta'
[0.433s] Level 1:colcon.colcon_core.package_identification:_identify(src/hector_gazebo) by extensions ['ros']
[0.433s] Level 1:colcon.colcon_core.package_identification:_identify(src/hector_gazebo) by extension 'ros'
[0.436s] DEBUG:colcon.colcon_core.package_identification:Package 'src/hector_gazebo' with type 'ros.ament_cmake' and name 'hector_gazebo_plugins'
[0.436s] Level 1:colcon.colcon_core.package_identification:_identify(src/octomap) by extensions ['ignore', 'ignore_ament_install']
[0.436s] Level 1:colcon.colcon_core.package_identification:_identify(src/octomap) by extension 'ignore'
[0.436s] Level 1:colcon.colcon_core.package_identification:_identify(src/octomap) by extension 'ignore_ament_install'
[0.436s] Level 1:colcon.colcon_core.package_identification:_identify(src/octomap) by extensions ['colcon_pkg']
[0.436s] Level 1:colcon.colcon_core.package_identification:_identify(src/octomap) by extension 'colcon_pkg'
[0.436s] Level 1:colcon.colcon_core.package_identification:_identify(src/octomap) by extensions ['colcon_meta']
[0.436s] Level 1:colcon.colcon_core.package_identification:_identify(src/octomap) by extension 'colcon_meta'
[0.436s] Level 1:colcon.colcon_core.package_identification:_identify(src/octomap) by extensions ['ros']
[0.436s] Level 1:colcon.colcon_core.package_identification:_identify(src/octomap) by extension 'ros'
[0.436s] Level 1:colcon.colcon_core.package_identification:_identify(src/octomap) by extensions ['cmake', 'python']
[0.436s] Level 1:colcon.colcon_core.package_identification:_identify(src/octomap) by extension 'cmake'
[0.437s] Level 1:colcon.colcon_core.package_identification:_identify(src/octomap) by extension 'python'
[0.437s] Level 1:colcon.colcon_core.package_identification:_identify(src/octomap) by extensions ['python_setup_py']
[0.437s] Level 1:colcon.colcon_core.package_identification:_identify(src/octomap) by extension 'python_setup_py'
[0.437s] Level 1:colcon.colcon_core.package_identification:_identify(src/octomap/octomap_mapping) by extensions ['ignore', 'ignore_ament_install']
[0.437s] Level 1:colcon.colcon_core.package_identification:_identify(src/octomap/octomap_mapping) by extension 'ignore'
[0.437s] Level 1:colcon.colcon_core.package_identification:_identify(src/octomap/octomap_mapping) by extension 'ignore_ament_install'
[0.437s] Level 1:colcon.colcon_core.package_identification:_identify(src/octomap/octomap_mapping) by extensions ['colcon_pkg']
[0.437s] Level 1:colcon.colcon_core.package_identification:_identify(src/octomap/octomap_mapping) by extension 'colcon_pkg'
[0.437s] Level 1:colcon.colcon_core.package_identification:_identify(src/octomap/octomap_mapping) by extensions ['colcon_meta']
[0.437s] Level 1:colcon.colcon_core.package_identification:_identify(src/octomap/octomap_mapping) by extension 'colcon_meta'
[0.437s] Level 1:colcon.colcon_core.package_identification:_identify(src/octomap/octomap_mapping) by extensions ['ros']
[0.437s] Level 1:colcon.colcon_core.package_identification:_identify(src/octomap/octomap_mapping) by extension 'ros'
[0.438s] DEBUG:colcon.colcon_core.package_identification:Package 'src/octomap/octomap_mapping' with type 'ros.ament_cmake' and name 'octomap_mapping'
[0.438s] Level 1:colcon.colcon_core.package_identification:_identify(src/octomap/octomap_server) by extensions ['ignore', 'ignore_ament_install']
[0.438s] Level 1:colcon.colcon_core.package_identification:_identify(src/octomap/octomap_server) by extension 'ignore'
[0.438s] Level 1:colcon.colcon_core.package_identification:_identify(src/octomap/octomap_server) by extension 'ignore_ament_install'
[0.438s] Level 1:colcon.colcon_core.package_identification:_identify(src/octomap/octomap_server) by extensions ['colcon_pkg']
[0.438s] Level 1:colcon.colcon_core.package_identification:_identify(src/octomap/octomap_server) by extension 'colcon_pkg'
[0.439s] Level 1:colcon.colcon_core.package_identification:_identify(src/octomap/octomap_server) by extensions ['colcon_meta']
[0.439s] Level 1:colcon.colcon_core.package_identification:_identify(src/octomap/octomap_server) by extension 'colcon_meta'
[0.439s] Level 1:colcon.colcon_core.package_identification:_identify(src/octomap/octomap_server) by extensions ['ros']
[0.439s] Level 1:colcon.colcon_core.package_identification:_identify(src/octomap/octomap_server) by extension 'ros'
[0.441s] DEBUG:colcon.colcon_core.package_identification:Package 'src/octomap/octomap_server' with type 'ros.ament_cmake' and name 'octomap_server'
[0.441s] Level 1:colcon.colcon_core.package_identification:_identify(src/plugin_rviz) by extensions ['ignore', 'ignore_ament_install']
[0.442s] Level 1:colcon.colcon_core.package_identification:_identify(src/plugin_rviz) by extension 'ignore'
[0.442s] Level 1:colcon.colcon_core.package_identification:_identify(src/plugin_rviz) by extension 'ignore_ament_install'
[0.442s] Level 1:colcon.colcon_core.package_identification:_identify(src/plugin_rviz) by extensions ['colcon_pkg']
[0.442s] Level 1:colcon.colcon_core.package_identification:_identify(src/plugin_rviz) by extension 'colcon_pkg'
[0.442s] Level 1:colcon.colcon_core.package_identification:_identify(src/plugin_rviz) by extensions ['colcon_meta']
[0.442s] Level 1:colcon.colcon_core.package_identification:_identify(src/plugin_rviz) by extension 'colcon_meta'
[0.442s] Level 1:colcon.colcon_core.package_identification:_identify(src/plugin_rviz) by extensions ['ros']
[0.442s] Level 1:colcon.colcon_core.package_identification:_identify(src/plugin_rviz) by extension 'ros'
[0.455s] DEBUG:colcon.colcon_core.package_identification:Package 'src/plugin_rviz' with type 'ros.ament_cmake' and name 'octomap_rviz_plugins'
[0.455s] Level 1:colcon.colcon_core.package_identification:_identify(weights) by extensions ['ignore', 'ignore_ament_install']
[0.456s] Level 1:colcon.colcon_core.package_identification:_identify(weights) by extension 'ignore'
[0.456s] Level 1:colcon.colcon_core.package_identification:_identify(weights) by extension 'ignore_ament_install'
[0.456s] Level 1:colcon.colcon_core.package_identification:_identify(weights) by extensions ['colcon_pkg']
[0.456s] Level 1:colcon.colcon_core.package_identification:_identify(weights) by extension 'colcon_pkg'
[0.456s] Level 1:colcon.colcon_core.package_identification:_identify(weights) by extensions ['colcon_meta']
[0.456s] Level 1:colcon.colcon_core.package_identification:_identify(weights) by extension 'colcon_meta'
[0.456s] Level 1:colcon.colcon_core.package_identification:_identify(weights) by extensions ['ros']
[0.456s] Level 1:colcon.colcon_core.package_identification:_identify(weights) by extension 'ros'
[0.456s] Level 1:colcon.colcon_core.package_identification:_identify(weights) by extensions ['cmake', 'python']
[0.456s] Level 1:colcon.colcon_core.package_identification:_identify(weights) by extension 'cmake'
[0.456s] Level 1:colcon.colcon_core.package_identification:_identify(weights) by extension 'python'
[0.456s] Level 1:colcon.colcon_core.package_identification:_identify(weights) by extensions ['python_setup_py']
[0.456s] Level 1:colcon.colcon_core.package_identification:_identify(weights) by extension 'python_setup_py'
[0.456s] Level 1:colcon.colcon_core.package_identification:_identify(weights/run_20250615_211459) by extensions ['ignore', 'ignore_ament_install']
[0.457s] Level 1:colcon.colcon_core.package_identification:_identify(weights/run_20250615_211459) by extension 'ignore'
[0.457s] Level 1:colcon.colcon_core.package_identification:_identify(weights/run_20250615_211459) by extension 'ignore_ament_install'
[0.457s] Level 1:colcon.colcon_core.package_identification:_identify(weights/run_20250615_211459) by extensions ['colcon_pkg']
[0.457s] Level 1:colcon.colcon_core.package_identification:_identify(weights/run_20250615_211459) by extension 'colcon_pkg'
[0.457s] Level 1:colcon.colcon_core.package_identification:_identify(weights/run_20250615_211459) by extensions ['colcon_meta']
[0.457s] Level 1:colcon.colcon_core.package_identification:_identify(weights/run_20250615_211459) by extension 'colcon_meta'
[0.457s] Level 1:colcon.colcon_core.package_identification:_identify(weights/run_20250615_211459) by extensions ['ros']
[0.457s] Level 1:colcon.colcon_core.package_identification:_identify(weights/run_20250615_211459) by extension 'ros'
[0.457s] Level 1:colcon.colcon_core.package_identification:_identify(weights/run_20250615_211459) by extensions ['cmake', 'python']
[0.457s] Level 1:colcon.colcon_core.package_identification:_identify(weights/run_20250615_211459) by extension 'cmake'
[0.457s] Level 1:colcon.colcon_core.package_identification:_identify(weights/run_20250615_211459) by extension 'python'
[0.457s] Level 1:colcon.colcon_core.package_identification:_identify(weights/run_20250615_211459) by extensions ['python_setup_py']
[0.457s] Level 1:colcon.colcon_core.package_identification:_identify(weights/run_20250615_211459) by extension 'python_setup_py'
[0.457s] Level 1:colcon.colcon_core.package_identification:_identify(weights/run_20250615_212610) by extensions ['ignore', 'ignore_ament_install']
[0.457s] Level 1:colcon.colcon_core.package_identification:_identify(weights/run_20250615_212610) by extension 'ignore'
[0.458s] Level 1:colcon.colcon_core.package_identification:_identify(weights/run_20250615_212610) by extension 'ignore_ament_install'
[0.458s] Level 1:colcon.colcon_core.package_identification:_identify(weights/run_20250615_212610) by extensions ['colcon_pkg']
[0.458s] Level 1:colcon.colcon_core.package_identification:_identify(weights/run_20250615_212610) by extension 'colcon_pkg'
[0.458s] Level 1:colcon.colcon_core.package_identification:_identify(weights/run_20250615_212610) by extensions ['colcon_meta']
[0.458s] Level 1:colcon.colcon_core.package_identification:_identify(weights/run_20250615_212610) by extension 'colcon_meta'
[0.458s] Level 1:colcon.colcon_core.package_identification:_identify(weights/run_20250615_212610) by extensions ['ros']
[0.458s] Level 1:colcon.colcon_core.package_identification:_identify(weights/run_20250615_212610) by extension 'ros'
[0.458s] Level 1:colcon.colcon_core.package_identification:_identify(weights/run_20250615_212610) by extensions ['cmake', 'python']
[0.458s] Level 1:colcon.colcon_core.package_identification:_identify(weights/run_20250615_212610) by extension 'cmake'
[0.458s] Level 1:colcon.colcon_core.package_identification:_identify(weights/run_20250615_212610) by extension 'python'
[0.458s] Level 1:colcon.colcon_core.package_identification:_identify(weights/run_20250615_212610) by extensions ['python_setup_py']
[0.458s] Level 1:colcon.colcon_core.package_identification:_identify(weights/run_20250615_212610) by extension 'python_setup_py'
[0.458s] Level 1:colcon.colcon_core.package_identification:_identify(weights/run_20250615_215647) by extensions ['ignore', 'ignore_ament_install']
[0.458s] Level 1:colcon.colcon_core.package_identification:_identify(weights/run_20250615_215647) by extension 'ignore'
[0.458s] Level 1:colcon.colcon_core.package_identification:_identify(weights/run_20250615_215647) by extension 'ignore_ament_install'
[0.458s] Level 1:colcon.colcon_core.package_identification:_identify(weights/run_20250615_215647) by extensions ['colcon_pkg']
[0.458s] Level 1:colcon.colcon_core.package_identification:_identify(weights/run_20250615_215647) by extension 'colcon_pkg'
[0.458s] Level 1:colcon.colcon_core.package_identification:_identify(weights/run_20250615_215647) by extensions ['colcon_meta']
[0.458s] Level 1:colcon.colcon_core.package_identification:_identify(weights/run_20250615_215647) by extension 'colcon_meta'
[0.459s] Level 1:colcon.colcon_core.package_identification:_identify(weights/run_20250615_215647) by extensions ['ros']
[0.459s] Level 1:colcon.colcon_core.package_identification:_identify(weights/run_20250615_215647) by extension 'ros'
[0.459s] Level 1:colcon.colcon_core.package_identification:_identify(weights/run_20250615_215647) by extensions ['cmake', 'python']
[0.459s] Level 1:colcon.colcon_core.package_identification:_identify(weights/run_20250615_215647) by extension 'cmake'
[0.459s] Level 1:colcon.colcon_core.package_identification:_identify(weights/run_20250615_215647) by extension 'python'
[0.459s] Level 1:colcon.colcon_core.package_identification:_identify(weights/run_20250615_215647) by extensions ['python_setup_py']
[0.459s] Level 1:colcon.colcon_core.package_identification:_identify(weights/run_20250615_215647) by extension 'python_setup_py'
[0.459s] Level 1:colcon.colcon_core.package_identification:_identify(weights/run_20250615_215741) by extensions ['ignore', 'ignore_ament_install']
[0.459s] Level 1:colcon.colcon_core.package_identification:_identify(weights/run_20250615_215741) by extension 'ignore'
[0.459s] Level 1:colcon.colcon_core.package_identification:_identify(weights/run_20250615_215741) by extension 'ignore_ament_install'
[0.459s] Level 1:colcon.colcon_core.package_identification:_identify(weights/run_20250615_215741) by extensions ['colcon_pkg']
[0.459s] Level 1:colcon.colcon_core.package_identification:_identify(weights/run_20250615_215741) by extension 'colcon_pkg'
[0.459s] Level 1:colcon.colcon_core.package_identification:_identify(weights/run_20250615_215741) by extensions ['colcon_meta']
[0.459s] Level 1:colcon.colcon_core.package_identification:_identify(weights/run_20250615_215741) by extension 'colcon_meta'
[0.459s] Level 1:colcon.colcon_core.package_identification:_identify(weights/run_20250615_215741) by extensions ['ros']
[0.459s] Level 1:colcon.colcon_core.package_identification:_identify(weights/run_20250615_215741) by extension 'ros'
[0.459s] Level 1:colcon.colcon_core.package_identification:_identify(weights/run_20250615_215741) by extensions ['cmake', 'python']
[0.459s] Level 1:colcon.colcon_core.package_identification:_identify(weights/run_20250615_215741) by extension 'cmake'
[0.459s] Level 1:colcon.colcon_core.package_identification:_identify(weights/run_20250615_215741) by extension 'python'
[0.459s] Level 1:colcon.colcon_core.package_identification:_identify(weights/run_20250615_215741) by extensions ['python_setup_py']
[0.460s] Level 1:colcon.colcon_core.package_identification:_identify(weights/run_20250615_215741) by extension 'python_setup_py'
[0.460s] Level 1:colcon.colcon_core.package_identification:_identify(weights/run_20250615_220054) by extensions ['ignore', 'ignore_ament_install']
[0.460s] Level 1:colcon.colcon_core.package_identification:_identify(weights/run_20250615_220054) by extension 'ignore'
[0.460s] Level 1:colcon.colcon_core.package_identification:_identify(weights/run_20250615_220054) by extension 'ignore_ament_install'
[0.460s] Level 1:colcon.colcon_core.package_identification:_identify(weights/run_20250615_220054) by extensions ['colcon_pkg']
[0.460s] Level 1:colcon.colcon_core.package_identification:_identify(weights/run_20250615_220054) by extension 'colcon_pkg'
[0.460s] Level 1:colcon.colcon_core.package_identification:_identify(weights/run_20250615_220054) by extensions ['colcon_meta']
[0.460s] Level 1:colcon.colcon_core.package_identification:_identify(weights/run_20250615_220054) by extension 'colcon_meta'
[0.460s] Level 1:colcon.colcon_core.package_identification:_identify(weights/run_20250615_220054) by extensions ['ros']
[0.460s] Level 1:colcon.colcon_core.package_identification:_identify(weights/run_20250615_220054) by extension 'ros'
[0.460s] Level 1:colcon.colcon_core.package_identification:_identify(weights/run_20250615_220054) by extensions ['cmake', 'python']
[0.460s] Level 1:colcon.colcon_core.package_identification:_identify(weights/run_20250615_220054) by extension 'cmake'
[0.460s] Level 1:colcon.colcon_core.package_identification:_identify(weights/run_20250615_220054) by extension 'python'
[0.460s] Level 1:colcon.colcon_core.package_identification:_identify(weights/run_20250615_220054) by extensions ['python_setup_py']
[0.460s] Level 1:colcon.colcon_core.package_identification:_identify(weights/run_20250615_220054) by extension 'python_setup_py'
[0.460s] Level 1:colcon.colcon_core.package_identification:_identify(weights_terrain) by extensions ['ignore', 'ignore_ament_install']
[0.461s] Level 1:colcon.colcon_core.package_identification:_identify(weights_terrain) by extension 'ignore'
[0.461s] Level 1:colcon.colcon_core.package_identification:_identify(weights_terrain) by extension 'ignore_ament_install'
[0.461s] Level 1:colcon.colcon_core.package_identification:_identify(weights_terrain) by extensions ['colcon_pkg']
[0.461s] Level 1:colcon.colcon_core.package_identification:_identify(weights_terrain) by extension 'colcon_pkg'
[0.461s] Level 1:colcon.colcon_core.package_identification:_identify(weights_terrain) by extensions ['colcon_meta']
[0.461s] Level 1:colcon.colcon_core.package_identification:_identify(weights_terrain) by extension 'colcon_meta'
[0.461s] Level 1:colcon.colcon_core.package_identification:_identify(weights_terrain) by extensions ['ros']
[0.461s] Level 1:colcon.colcon_core.package_identification:_identify(weights_terrain) by extension 'ros'
[0.461s] Level 1:colcon.colcon_core.package_identification:_identify(weights_terrain) by extensions ['cmake', 'python']
[0.461s] Level 1:colcon.colcon_core.package_identification:_identify(weights_terrain) by extension 'cmake'
[0.461s] Level 1:colcon.colcon_core.package_identification:_identify(weights_terrain) by extension 'python'
[0.461s] Level 1:colcon.colcon_core.package_identification:_identify(weights_terrain) by extensions ['python_setup_py']
[0.461s] Level 1:colcon.colcon_core.package_identification:_identify(weights_terrain) by extension 'python_setup_py'
[0.461s] Level 1:colcon.colcon_core.package_identification:_identify(weights_works_old) by extensions ['ignore', 'ignore_ament_install']
[0.462s] Level 1:colcon.colcon_core.package_identification:_identify(weights_works_old) by extension 'ignore'
[0.462s] Level 1:colcon.colcon_core.package_identification:_identify(weights_works_old) by extension 'ignore_ament_install'
[0.462s] Level 1:colcon.colcon_core.package_identification:_identify(weights_works_old) by extensions ['colcon_pkg']
[0.462s] Level 1:colcon.colcon_core.package_identification:_identify(weights_works_old) by extension 'colcon_pkg'
[0.462s] Level 1:colcon.colcon_core.package_identification:_identify(weights_works_old) by extensions ['colcon_meta']
[0.462s] Level 1:colcon.colcon_core.package_identification:_identify(weights_works_old) by extension 'colcon_meta'
[0.462s] Level 1:colcon.colcon_core.package_identification:_identify(weights_works_old) by extensions ['ros']
[0.462s] Level 1:colcon.colcon_core.package_identification:_identify(weights_works_old) by extension 'ros'
[0.462s] Level 1:colcon.colcon_core.package_identification:_identify(weights_works_old) by extensions ['cmake', 'python']
[0.462s] Level 1:colcon.colcon_core.package_identification:_identify(weights_works_old) by extension 'cmake'
[0.462s] Level 1:colcon.colcon_core.package_identification:_identify(weights_works_old) by extension 'python'
[0.462s] Level 1:colcon.colcon_core.package_identification:_identify(weights_works_old) by extensions ['python_setup_py']
[0.462s] Level 1:colcon.colcon_core.package_identification:_identify(weights_works_old) by extension 'python_setup_py'
[0.462s] Level 1:colcon.colcon_core.package_identification:_identify(weights_works_old/run_20250612_092653) by extensions ['ignore', 'ignore_ament_install']
[0.462s] Level 1:colcon.colcon_core.package_identification:_identify(weights_works_old/run_20250612_092653) by extension 'ignore'
[0.463s] Level 1:colcon.colcon_core.package_identification:_identify(weights_works_old/run_20250612_092653) by extension 'ignore_ament_install'
[0.463s] Level 1:colcon.colcon_core.package_identification:_identify(weights_works_old/run_20250612_092653) by extensions ['colcon_pkg']
[0.463s] Level 1:colcon.colcon_core.package_identification:_identify(weights_works_old/run_20250612_092653) by extension 'colcon_pkg'
[0.463s] Level 1:colcon.colcon_core.package_identification:_identify(weights_works_old/run_20250612_092653) by extensions ['colcon_meta']
[0.463s] Level 1:colcon.colcon_core.package_identification:_identify(weights_works_old/run_20250612_092653) by extension 'colcon_meta'
[0.463s] Level 1:colcon.colcon_core.package_identification:_identify(weights_works_old/run_20250612_092653) by extensions ['ros']
[0.463s] Level 1:colcon.colcon_core.package_identification:_identify(weights_works_old/run_20250612_092653) by extension 'ros'
[0.463s] Level 1:colcon.colcon_core.package_identification:_identify(weights_works_old/run_20250612_092653) by extensions ['cmake', 'python']
[0.463s] Level 1:colcon.colcon_core.package_identification:_identify(weights_works_old/run_20250612_092653) by extension 'cmake'
[0.463s] Level 1:colcon.colcon_core.package_identification:_identify(weights_works_old/run_20250612_092653) by extension 'python'
[0.463s] Level 1:colcon.colcon_core.package_identification:_identify(weights_works_old/run_20250612_092653) by extensions ['python_setup_py']
[0.463s] Level 1:colcon.colcon_core.package_identification:_identify(weights_works_old/run_20250612_092653) by extension 'python_setup_py'
[0.463s] Level 1:colcon.colcon_core.package_identification:_identify(weights_works_old/run_20250612_104607) by extensions ['ignore', 'ignore_ament_install']
[0.463s] Level 1:colcon.colcon_core.package_identification:_identify(weights_works_old/run_20250612_104607) by extension 'ignore'
[0.463s] Level 1:colcon.colcon_core.package_identification:_identify(weights_works_old/run_20250612_104607) by extension 'ignore_ament_install'
[0.463s] Level 1:colcon.colcon_core.package_identification:_identify(weights_works_old/run_20250612_104607) by extensions ['colcon_pkg']
[0.463s] Level 1:colcon.colcon_core.package_identification:_identify(weights_works_old/run_20250612_104607) by extension 'colcon_pkg'
[0.464s] Level 1:colcon.colcon_core.package_identification:_identify(weights_works_old/run_20250612_104607) by extensions ['colcon_meta']
[0.464s] Level 1:colcon.colcon_core.package_identification:_identify(weights_works_old/run_20250612_104607) by extension 'colcon_meta'
[0.464s] Level 1:colcon.colcon_core.package_identification:_identify(weights_works_old/run_20250612_104607) by extensions ['ros']
[0.464s] Level 1:colcon.colcon_core.package_identification:_identify(weights_works_old/run_20250612_104607) by extension 'ros'
[0.464s] Level 1:colcon.colcon_core.package_identification:_identify(weights_works_old/run_20250612_104607) by extensions ['cmake', 'python']
[0.464s] Level 1:colcon.colcon_core.package_identification:_identify(weights_works_old/run_20250612_104607) by extension 'cmake'
[0.464s] Level 1:colcon.colcon_core.package_identification:_identify(weights_works_old/run_20250612_104607) by extension 'python'
[0.464s] Level 1:colcon.colcon_core.package_identification:_identify(weights_works_old/run_20250612_104607) by extensions ['python_setup_py']
[0.464s] Level 1:colcon.colcon_core.package_identification:_identify(weights_works_old/run_20250612_104607) by extension 'python_setup_py'
[0.464s] Level 1:colcon.colcon_core.package_discovery:discover_packages(recursive) using defaults
[0.464s] Level 1:colcon.colcon_core.package_discovery:discover_packages(ignore) discover
[0.464s] Level 1:colcon.colcon_core.package_discovery:discover_packages(ignore) using defaults
[0.464s] Level 1:colcon.colcon_core.package_discovery:discover_packages(path) discover
[0.464s] Level 1:colcon.colcon_core.package_discovery:discover_packages(path) using defaults
[0.498s] Level 1:colcon.colcon_core.package_discovery:discover_packages(prefix_path) check parameters
[0.498s] Level 1:colcon.colcon_core.package_discovery:discover_packages(prefix_path) discover
[0.502s] DEBUG:colcon.colcon_installed_package_information.package_discovery:Found 11 installed packages in /home/rhobtor/PHD/ARGOJ8_IA/install
[0.503s] DEBUG:colcon.colcon_installed_package_information.package_discovery:Found 15 installed packages in /home/rhobtor/packages/install
[0.504s] DEBUG:colcon.colcon_installed_package_information.package_discovery:Found 7 installed packages in /home/rhobtor/PHD/reactive/Reactive-Navegation/workspace_full_conected/install
[0.506s] DEBUG:colcon.colcon_installed_package_information.package_discovery:Found 323 installed packages in /opt/ros/humble
[0.510s] Level 1:colcon.colcon_core.package_discovery:discover_packages(prefix_path) using defaults
[0.563s] WARNING:colcon.colcon_core.package_selection:Some selected packages are already built in one or more underlay workspaces:
	'octomap_server' is in: /home/rhobtor/PHD/ARGOJ8_IA/install/octomap_server, /home/rhobtor/PHD/reactive/Reactive-Navegation/workspace_full_conected/install/octomap_server
	'octomap_rviz_plugins' is in: /home/rhobtor/PHD/ARGOJ8_IA/install/octomap_rviz_plugins, /home/rhobtor/PHD/reactive/Reactive-Navegation/workspace_full_conected/install/octomap_rviz_plugins
If a package in a merged underlay workspace is overridden and it installs headers, then all packages in the overlay must sort their include directories by workspace order. Failure to do so may result in build failures or undefined behavior at run time.
If the overridden package is used by another package in any underlay, then the overriding package in the overlay must be API and ABI compatible or undefined behavior at run time may occur.

If you understand the risks and want to override a package anyways, add the following to the command line:
	--allow-overriding octomap_rviz_plugins octomap_server

This may be promoted to an error in a future release of colcon-override-check.
[0.564s] Level 5:colcon.colcon_core.verb:set package 'argj801_ctl_platform_interfaces' build argument 'cmake_args' from command line to 'None'
[0.564s] Level 5:colcon.colcon_core.verb:set package 'argj801_ctl_platform_interfaces' build argument 'cmake_target' from command line to 'None'
[0.565s] Level 5:colcon.colcon_core.verb:set package 'argj801_ctl_platform_interfaces' build argument 'cmake_target_skip_unavailable' from command line to 'False'
[0.565s] Level 5:colcon.colcon_core.verb:set package 'argj801_ctl_platform_interfaces' build argument 'cmake_clean_cache' from command line to 'False'
[0.565s] Level 5:colcon.colcon_core.verb:set package 'argj801_ctl_platform_interfaces' build argument 'cmake_clean_first' from command line to 'False'
[0.565s] Level 5:colcon.colcon_core.verb:set package 'argj801_ctl_platform_interfaces' build argument 'cmake_force_configure' from command line to 'False'
[0.565s] Level 5:colcon.colcon_core.verb:set package 'argj801_ctl_platform_interfaces' build argument 'ament_cmake_args' from command line to 'None'
[0.565s] Level 5:colcon.colcon_core.verb:set package 'argj801_ctl_platform_interfaces' build argument 'catkin_cmake_args' from command line to 'None'
[0.565s] Level 5:colcon.colcon_core.verb:set package 'argj801_ctl_platform_interfaces' build argument 'catkin_skip_building_tests' from command line to 'False'
[0.565s] DEBUG:colcon.colcon_core.verb:Building package 'argj801_ctl_platform_interfaces' with the following arguments: {'ament_cmake_args': None, 'build_base': '/home/rhobtor/PHD/ARGOJ8_IA/build/argj801_ctl_platform_interfaces', 'catkin_cmake_args': None, 'catkin_skip_building_tests': False, 'cmake_args': None, 'cmake_clean_cache': False, 'cmake_clean_first': False, 'cmake_force_configure': False, 'cmake_target': None, 'cmake_target_skip_unavailable': False, 'install_base': '/home/rhobtor/PHD/ARGOJ8_IA/install/argj801_ctl_platform_interfaces', 'merge_install': False, 'path': '/home/rhobtor/PHD/ARGOJ8_IA/src/argj801_ctl_platform/argj801_ctl_platform_interfaces', 'symlink_install': False, 'test_result_base': None}
[0.565s] Level 5:colcon.colcon_core.verb:set package 'car_interfaces' build argument 'cmake_args' from command line to 'None'
[0.566s] Level 5:colcon.colcon_core.verb:set package 'car_interfaces' build argument 'cmake_target' from command line to 'None'
[0.566s] Level 5:colcon.colcon_core.verb:set package 'car_interfaces' build argument 'cmake_target_skip_unavailable' from command line to 'False'
[0.566s] Level 5:colcon.colcon_core.verb:set package 'car_interfaces' build argument 'cmake_clean_cache' from command line to 'False'
[0.566s] Level 5:colcon.colcon_core.verb:set package 'car_interfaces' build argument 'cmake_clean_first' from command line to 'False'
[0.566s] Level 5:colcon.colcon_core.verb:set package 'car_interfaces' build argument 'cmake_force_configure' from command line to 'False'
[0.566s] Level 5:colcon.colcon_core.verb:set package 'car_interfaces' build argument 'ament_cmake_args' from command line to 'None'
[0.566s] Level 5:colcon.colcon_core.verb:set package 'car_interfaces' build argument 'catkin_cmake_args' from command line to 'None'
[0.566s] Level 5:colcon.colcon_core.verb:set package 'car_interfaces' build argument 'catkin_skip_building_tests' from command line to 'False'
[0.566s] DEBUG:colcon.colcon_core.verb:Building package 'car_interfaces' with the following arguments: {'ament_cmake_args': None, 'build_base': '/home/rhobtor/PHD/ARGOJ8_IA/build/car_interfaces', 'catkin_cmake_args': None, 'catkin_skip_building_tests': False, 'cmake_args': None, 'cmake_clean_cache': False, 'cmake_clean_first': False, 'cmake_force_configure': False, 'cmake_target': None, 'cmake_target_skip_unavailable': False, 'install_base': '/home/rhobtor/PHD/ARGOJ8_IA/install/car_interfaces', 'merge_install': False, 'path': '/home/rhobtor/PHD/ARGOJ8_IA/src/car_interfaces', 'symlink_install': False, 'test_result_base': None}
[0.567s] Level 5:colcon.colcon_core.verb:set package 'fixposition_sensor_pkg' build argument 'cmake_args' from command line to 'None'
[0.567s] Level 5:colcon.colcon_core.verb:set package 'fixposition_sensor_pkg' build argument 'cmake_target' from command line to 'None'
[0.567s] Level 5:colcon.colcon_core.verb:set package 'fixposition_sensor_pkg' build argument 'cmake_target_skip_unavailable' from command line to 'False'
[0.567s] Level 5:colcon.colcon_core.verb:set package 'fixposition_sensor_pkg' build argument 'cmake_clean_cache' from command line to 'False'
[0.567s] Level 5:colcon.colcon_core.verb:set package 'fixposition_sensor_pkg' build argument 'cmake_clean_first' from command line to 'False'
[0.567s] Level 5:colcon.colcon_core.verb:set package 'fixposition_sensor_pkg' build argument 'cmake_force_configure' from command line to 'False'
[0.567s] Level 5:colcon.colcon_core.verb:set package 'fixposition_sensor_pkg' build argument 'ament_cmake_args' from command line to 'None'
[0.567s] Level 5:colcon.colcon_core.verb:set package 'fixposition_sensor_pkg' build argument 'catkin_cmake_args' from command line to 'None'
[0.567s] Level 5:colcon.colcon_core.verb:set package 'fixposition_sensor_pkg' build argument 'catkin_skip_building_tests' from command line to 'False'
[0.567s] DEBUG:colcon.colcon_core.verb:Building package 'fixposition_sensor_pkg' with the following arguments: {'ament_cmake_args': None, 'build_base': '/home/rhobtor/PHD/ARGOJ8_IA/build/fixposition_sensor_pkg', 'catkin_cmake_args': None, 'catkin_skip_building_tests': False, 'cmake_args': None, 'cmake_clean_cache': False, 'cmake_clean_first': False, 'cmake_force_configure': False, 'cmake_target': None, 'cmake_target_skip_unavailable': False, 'install_base': '/home/rhobtor/PHD/ARGOJ8_IA/install/fixposition_sensor_pkg', 'merge_install': False, 'path': '/home/rhobtor/PHD/ARGOJ8_IA/src/gazebo_sim_pkgs/fix_position_pkg', 'symlink_install': False, 'test_result_base': None}
[0.568s] Level 5:colcon.colcon_core.verb:set package 'hector_gazebo_plugins' build argument 'cmake_args' from command line to 'None'
[0.568s] Level 5:colcon.colcon_core.verb:set package 'hector_gazebo_plugins' build argument 'cmake_target' from command line to 'None'
[0.568s] Level 5:colcon.colcon_core.verb:set package 'hector_gazebo_plugins' build argument 'cmake_target_skip_unavailable' from command line to 'False'
[0.568s] Level 5:colcon.colcon_core.verb:set package 'hector_gazebo_plugins' build argument 'cmake_clean_cache' from command line to 'False'
[0.568s] Level 5:colcon.colcon_core.verb:set package 'hector_gazebo_plugins' build argument 'cmake_clean_first' from command line to 'False'
[0.568s] Level 5:colcon.colcon_core.verb:set package 'hector_gazebo_plugins' build argument 'cmake_force_configure' from command line to 'False'
[0.568s] Level 5:colcon.colcon_core.verb:set package 'hector_gazebo_plugins' build argument 'ament_cmake_args' from command line to 'None'
[0.568s] Level 5:colcon.colcon_core.verb:set package 'hector_gazebo_plugins' build argument 'catkin_cmake_args' from command line to 'None'
[0.568s] Level 5:colcon.colcon_core.verb:set package 'hector_gazebo_plugins' build argument 'catkin_skip_building_tests' from command line to 'False'
[0.568s] DEBUG:colcon.colcon_core.verb:Building package 'hector_gazebo_plugins' with the following arguments: {'ament_cmake_args': None, 'build_base': '/home/rhobtor/PHD/ARGOJ8_IA/build/hector_gazebo_plugins', 'catkin_cmake_args': None, 'catkin_skip_building_tests': False, 'cmake_args': None, 'cmake_clean_cache': False, 'cmake_clean_first': False, 'cmake_force_configure': False, 'cmake_target': None, 'cmake_target_skip_unavailable': False, 'install_base': '/home/rhobtor/PHD/ARGOJ8_IA/install/hector_gazebo_plugins', 'merge_install': False, 'path': '/home/rhobtor/PHD/ARGOJ8_IA/src/hector_gazebo', 'symlink_install': False, 'test_result_base': None}
[0.569s] Level 5:colcon.colcon_core.verb:set package 'octomap_rviz_plugins' build argument 'cmake_args' from command line to 'None'
[0.569s] Level 5:colcon.colcon_core.verb:set package 'octomap_rviz_plugins' build argument 'cmake_target' from command line to 'None'
[0.569s] Level 5:colcon.colcon_core.verb:set package 'octomap_rviz_plugins' build argument 'cmake_target_skip_unavailable' from command line to 'False'
[0.569s] Level 5:colcon.colcon_core.verb:set package 'octomap_rviz_plugins' build argument 'cmake_clean_cache' from command line to 'False'
[0.569s] Level 5:colcon.colcon_core.verb:set package 'octomap_rviz_plugins' build argument 'cmake_clean_first' from command line to 'False'
[0.569s] Level 5:colcon.colcon_core.verb:set package 'octomap_rviz_plugins' build argument 'cmake_force_configure' from command line to 'False'
[0.569s] Level 5:colcon.colcon_core.verb:set package 'octomap_rviz_plugins' build argument 'ament_cmake_args' from command line to 'None'
[0.569s] Level 5:colcon.colcon_core.verb:set package 'octomap_rviz_plugins' build argument 'catkin_cmake_args' from command line to 'None'
[0.569s] Level 5:colcon.colcon_core.verb:set package 'octomap_rviz_plugins' build argument 'catkin_skip_building_tests' from command line to 'False'
[0.569s] DEBUG:colcon.colcon_core.verb:Building package 'octomap_rviz_plugins' with the following arguments: {'ament_cmake_args': None, 'build_base': '/home/rhobtor/PHD/ARGOJ8_IA/build/octomap_rviz_plugins', 'catkin_cmake_args': None, 'catkin_skip_building_tests': False, 'cmake_args': None, 'cmake_clean_cache': False, 'cmake_clean_first': False, 'cmake_force_configure': False, 'cmake_target': None, 'cmake_target_skip_unavailable': False, 'install_base': '/home/rhobtor/PHD/ARGOJ8_IA/install/octomap_rviz_plugins', 'merge_install': False, 'path': '/home/rhobtor/PHD/ARGOJ8_IA/src/plugin_rviz', 'symlink_install': False, 'test_result_base': None}
[0.569s] Level 5:colcon.colcon_core.verb:set package 'argj801_ctl_platform' build argument 'cmake_args' from command line to 'None'
[0.570s] Level 5:colcon.colcon_core.verb:set package 'argj801_ctl_platform' build argument 'cmake_target' from command line to 'None'
[0.570s] Level 5:colcon.colcon_core.verb:set package 'argj801_ctl_platform' build argument 'cmake_target_skip_unavailable' from command line to 'False'
[0.570s] Level 5:colcon.colcon_core.verb:set package 'argj801_ctl_platform' build argument 'cmake_clean_cache' from command line to 'False'
[0.570s] Level 5:colcon.colcon_core.verb:set package 'argj801_ctl_platform' build argument 'cmake_clean_first' from command line to 'False'
[0.570s] Level 5:colcon.colcon_core.verb:set package 'argj801_ctl_platform' build argument 'cmake_force_configure' from command line to 'False'
[0.570s] Level 5:colcon.colcon_core.verb:set package 'argj801_ctl_platform' build argument 'ament_cmake_args' from command line to 'None'
[0.570s] Level 5:colcon.colcon_core.verb:set package 'argj801_ctl_platform' build argument 'catkin_cmake_args' from command line to 'None'
[0.570s] Level 5:colcon.colcon_core.verb:set package 'argj801_ctl_platform' build argument 'catkin_skip_building_tests' from command line to 'False'
[0.570s] DEBUG:colcon.colcon_core.verb:Building package 'argj801_ctl_platform' with the following arguments: {'ament_cmake_args': None, 'build_base': '/home/rhobtor/PHD/ARGOJ8_IA/build/argj801_ctl_platform', 'catkin_cmake_args': None, 'catkin_skip_building_tests': False, 'cmake_args': None, 'cmake_clean_cache': False, 'cmake_clean_first': False, 'cmake_force_configure': False, 'cmake_target': None, 'cmake_target_skip_unavailable': False, 'install_base': '/home/rhobtor/PHD/ARGOJ8_IA/install/argj801_ctl_platform', 'merge_install': False, 'path': '/home/rhobtor/PHD/ARGOJ8_IA/src/argj801_ctl_platform/argj801_ctl_platform', 'symlink_install': False, 'test_result_base': None}
[0.570s] Level 5:colcon.colcon_core.verb:set package 'car' build argument 'cmake_args' from command line to 'None'
[0.570s] Level 5:colcon.colcon_core.verb:set package 'car' build argument 'cmake_target' from command line to 'None'
[0.570s] Level 5:colcon.colcon_core.verb:set package 'car' build argument 'cmake_target_skip_unavailable' from command line to 'False'
[0.570s] Level 5:colcon.colcon_core.verb:set package 'car' build argument 'cmake_clean_cache' from command line to 'False'
[0.570s] Level 5:colcon.colcon_core.verb:set package 'car' build argument 'cmake_clean_first' from command line to 'False'
[0.570s] Level 5:colcon.colcon_core.verb:set package 'car' build argument 'cmake_force_configure' from command line to 'False'
[0.570s] Level 5:colcon.colcon_core.verb:set package 'car' build argument 'ament_cmake_args' from command line to 'None'
[0.571s] Level 5:colcon.colcon_core.verb:set package 'car' build argument 'catkin_cmake_args' from command line to 'None'
[0.571s] Level 5:colcon.colcon_core.verb:set package 'car' build argument 'catkin_skip_building_tests' from command line to 'False'
[0.571s] DEBUG:colcon.colcon_core.verb:Building package 'car' with the following arguments: {'ament_cmake_args': None, 'build_base': '/home/rhobtor/PHD/ARGOJ8_IA/build/car', 'catkin_cmake_args': None, 'catkin_skip_building_tests': False, 'cmake_args': None, 'cmake_clean_cache': False, 'cmake_clean_first': False, 'cmake_force_configure': False, 'cmake_target': None, 'cmake_target_skip_unavailable': False, 'install_base': '/home/rhobtor/PHD/ARGOJ8_IA/install/car', 'merge_install': False, 'path': '/home/rhobtor/PHD/ARGOJ8_IA/src/car_python', 'symlink_install': False, 'test_result_base': None}
[0.571s] Level 5:colcon.colcon_core.verb:set package 'car_cpp' build argument 'cmake_args' from command line to 'None'
[0.571s] Level 5:colcon.colcon_core.verb:set package 'car_cpp' build argument 'cmake_target' from command line to 'None'
[0.571s] Level 5:colcon.colcon_core.verb:set package 'car_cpp' build argument 'cmake_target_skip_unavailable' from command line to 'False'
[0.571s] Level 5:colcon.colcon_core.verb:set package 'car_cpp' build argument 'cmake_clean_cache' from command line to 'False'
[0.571s] Level 5:colcon.colcon_core.verb:set package 'car_cpp' build argument 'cmake_clean_first' from command line to 'False'
[0.571s] Level 5:colcon.colcon_core.verb:set package 'car_cpp' build argument 'cmake_force_configure' from command line to 'False'
[0.571s] Level 5:colcon.colcon_core.verb:set package 'car_cpp' build argument 'ament_cmake_args' from command line to 'None'
[0.571s] Level 5:colcon.colcon_core.verb:set package 'car_cpp' build argument 'catkin_cmake_args' from command line to 'None'
[0.571s] Level 5:colcon.colcon_core.verb:set package 'car_cpp' build argument 'catkin_skip_building_tests' from command line to 'False'
[0.571s] DEBUG:colcon.colcon_core.verb:Building package 'car_cpp' with the following arguments: {'ament_cmake_args': None, 'build_base': '/home/rhobtor/PHD/ARGOJ8_IA/build/car_cpp', 'catkin_cmake_args': None, 'catkin_skip_building_tests': False, 'cmake_args': None, 'cmake_clean_cache': False, 'cmake_clean_first': False, 'cmake_force_configure': False, 'cmake_target': None, 'cmake_target_skip_unavailable': False, 'install_base': '/home/rhobtor/PHD/ARGOJ8_IA/install/car_cpp', 'merge_install': False, 'path': '/home/rhobtor/PHD/ARGOJ8_IA/src/car_cpp', 'symlink_install': False, 'test_result_base': None}
[0.572s] Level 5:colcon.colcon_core.verb:set package 'octomap_server' build argument 'cmake_args' from command line to 'None'
[0.572s] Level 5:colcon.colcon_core.verb:set package 'octomap_server' build argument 'cmake_target' from command line to 'None'
[0.572s] Level 5:colcon.colcon_core.verb:set package 'octomap_server' build argument 'cmake_target_skip_unavailable' from command line to 'False'
[0.572s] Level 5:colcon.colcon_core.verb:set package 'octomap_server' build argument 'cmake_clean_cache' from command line to 'False'
[0.572s] Level 5:colcon.colcon_core.verb:set package 'octomap_server' build argument 'cmake_clean_first' from command line to 'False'
[0.572s] Level 5:colcon.colcon_core.verb:set package 'octomap_server' build argument 'cmake_force_configure' from command line to 'False'
[0.572s] Level 5:colcon.colcon_core.verb:set package 'octomap_server' build argument 'ament_cmake_args' from command line to 'None'
[0.572s] Level 5:colcon.colcon_core.verb:set package 'octomap_server' build argument 'catkin_cmake_args' from command line to 'None'
[0.572s] Level 5:colcon.colcon_core.verb:set package 'octomap_server' build argument 'catkin_skip_building_tests' from command line to 'False'
[0.572s] DEBUG:colcon.colcon_core.verb:Building package 'octomap_server' with the following arguments: {'ament_cmake_args': None, 'build_base': '/home/rhobtor/PHD/ARGOJ8_IA/build/octomap_server', 'catkin_cmake_args': None, 'catkin_skip_building_tests': False, 'cmake_args': None, 'cmake_clean_cache': False, 'cmake_clean_first': False, 'cmake_force_configure': False, 'cmake_target': None, 'cmake_target_skip_unavailable': False, 'install_base': '/home/rhobtor/PHD/ARGOJ8_IA/install/octomap_server', 'merge_install': False, 'path': '/home/rhobtor/PHD/ARGOJ8_IA/src/octomap/octomap_server', 'symlink_install': False, 'test_result_base': None}
[0.573s] Level 5:colcon.colcon_core.verb:set package 'j8_xacro_model' build argument 'cmake_args' from command line to 'None'
[0.573s] Level 5:colcon.colcon_core.verb:set package 'j8_xacro_model' build argument 'cmake_target' from command line to 'None'
[0.573s] Level 5:colcon.colcon_core.verb:set package 'j8_xacro_model' build argument 'cmake_target_skip_unavailable' from command line to 'False'
[0.573s] Level 5:colcon.colcon_core.verb:set package 'j8_xacro_model' build argument 'cmake_clean_cache' from command line to 'False'
[0.573s] Level 5:colcon.colcon_core.verb:set package 'j8_xacro_model' build argument 'cmake_clean_first' from command line to 'False'
[0.573s] Level 5:colcon.colcon_core.verb:set package 'j8_xacro_model' build argument 'cmake_force_configure' from command line to 'False'
[0.573s] Level 5:colcon.colcon_core.verb:set package 'j8_xacro_model' build argument 'ament_cmake_args' from command line to 'None'
[0.573s] Level 5:colcon.colcon_core.verb:set package 'j8_xacro_model' build argument 'catkin_cmake_args' from command line to 'None'
[0.573s] Level 5:colcon.colcon_core.verb:set package 'j8_xacro_model' build argument 'catkin_skip_building_tests' from command line to 'False'
[0.573s] DEBUG:colcon.colcon_core.verb:Building package 'j8_xacro_model' with the following arguments: {'ament_cmake_args': None, 'build_base': '/home/rhobtor/PHD/ARGOJ8_IA/build/j8_xacro_model', 'catkin_cmake_args': None, 'catkin_skip_building_tests': False, 'cmake_args': None, 'cmake_clean_cache': False, 'cmake_clean_first': False, 'cmake_force_configure': False, 'cmake_target': None, 'cmake_target_skip_unavailable': False, 'install_base': '/home/rhobtor/PHD/ARGOJ8_IA/install/j8_xacro_model', 'merge_install': False, 'path': '/home/rhobtor/PHD/ARGOJ8_IA/src/gazebo_sim_pkgs/j8_xacro_model', 'symlink_install': False, 'test_result_base': None}
[0.573s] Level 5:colcon.colcon_core.verb:set package 'octomap_mapping' build argument 'cmake_args' from command line to 'None'
[0.573s] Level 5:colcon.colcon_core.verb:set package 'octomap_mapping' build argument 'cmake_target' from command line to 'None'
[0.573s] Level 5:colcon.colcon_core.verb:set package 'octomap_mapping' build argument 'cmake_target_skip_unavailable' from command line to 'False'
[0.573s] Level 5:colcon.colcon_core.verb:set package 'octomap_mapping' build argument 'cmake_clean_cache' from command line to 'False'
[0.573s] Level 5:colcon.colcon_core.verb:set package 'octomap_mapping' build argument 'cmake_clean_first' from command line to 'False'
[0.573s] Level 5:colcon.colcon_core.verb:set package 'octomap_mapping' build argument 'cmake_force_configure' from command line to 'False'
[0.573s] Level 5:colcon.colcon_core.verb:set package 'octomap_mapping' build argument 'ament_cmake_args' from command line to 'None'
[0.573s] Level 5:colcon.colcon_core.verb:set package 'octomap_mapping' build argument 'catkin_cmake_args' from command line to 'None'
[0.573s] Level 5:colcon.colcon_core.verb:set package 'octomap_mapping' build argument 'catkin_skip_building_tests' from command line to 'False'
[0.574s] DEBUG:colcon.colcon_core.verb:Building package 'octomap_mapping' with the following arguments: {'ament_cmake_args': None, 'build_base': '/home/rhobtor/PHD/ARGOJ8_IA/build/octomap_mapping', 'catkin_cmake_args': None, 'catkin_skip_building_tests': False, 'cmake_args': None, 'cmake_clean_cache': False, 'cmake_clean_first': False, 'cmake_force_configure': False, 'cmake_target': None, 'cmake_target_skip_unavailable': False, 'install_base': '/home/rhobtor/PHD/ARGOJ8_IA/install/octomap_mapping', 'merge_install': False, 'path': '/home/rhobtor/PHD/ARGOJ8_IA/src/octomap/octomap_mapping', 'symlink_install': False, 'test_result_base': None}
[0.574s] INFO:colcon.colcon_core.executor:Executing jobs using 'parallel' executor
[0.575s] DEBUG:colcon.colcon_parallel_executor.executor.parallel:run_until_complete
[0.576s] INFO:colcon.colcon_ros.task.ament_cmake.build:Building ROS package in '/home/rhobtor/PHD/ARGOJ8_IA/src/car_interfaces' with build type 'ament_cmake'
[0.576s] INFO:colcon.colcon_cmake.task.cmake.build:Building CMake package in '/home/rhobtor/PHD/ARGOJ8_IA/src/car_interfaces'
[0.582s] INFO:colcon.colcon_core.plugin_system:Skipping extension 'colcon_core.shell.bat': Not used on non-Windows systems
[0.582s] INFO:colcon.colcon_core.shell:Skip shell extension 'powershell' for command environment: Not usable outside of PowerShell
[0.582s] DEBUG:colcon.colcon_core.shell:Skip shell extension 'dsv' for command environment
[0.596s] INFO:colcon.colcon_ros.task.ament_cmake.build:Building ROS package in '/home/rhobtor/PHD/ARGOJ8_IA/src/argj801_ctl_platform/argj801_ctl_platform_interfaces' with build type 'ament_cmake'
[0.596s] INFO:colcon.colcon_cmake.task.cmake.build:Building CMake package in '/home/rhobtor/PHD/ARGOJ8_IA/src/argj801_ctl_platform/argj801_ctl_platform_interfaces'
[0.597s] INFO:colcon.colcon_core.shell:Skip shell extension 'powershell' for command environment: Not usable outside of PowerShell
[0.597s] DEBUG:colcon.colcon_core.shell:Skip shell extension 'dsv' for command environment
[0.603s] INFO:colcon.colcon_ros.task.ament_cmake.build:Building ROS package in '/home/rhobtor/PHD/ARGOJ8_IA/src/gazebo_sim_pkgs/fix_position_pkg' with build type 'ament_cmake'
[0.603s] INFO:colcon.colcon_cmake.task.cmake.build:Building CMake package in '/home/rhobtor/PHD/ARGOJ8_IA/src/gazebo_sim_pkgs/fix_position_pkg'
[0.603s] INFO:colcon.colcon_core.shell:Skip shell extension 'powershell' for command environment: Not usable outside of PowerShell
[0.603s] DEBUG:colcon.colcon_core.shell:Skip shell extension 'dsv' for command environment
[0.613s] INFO:colcon.colcon_ros.task.ament_cmake.build:Building ROS package in '/home/rhobtor/PHD/ARGOJ8_IA/src/hector_gazebo' with build type 'ament_cmake'
[0.614s] INFO:colcon.colcon_cmake.task.cmake.build:Building CMake package in '/home/rhobtor/PHD/ARGOJ8_IA/src/hector_gazebo'
[0.614s] INFO:colcon.colcon_core.shell:Skip shell extension 'powershell' for command environment: Not usable outside of PowerShell
[0.615s] DEBUG:colcon.colcon_core.shell:Skip shell extension 'dsv' for command environment
[0.625s] INFO:colcon.colcon_ros.task.ament_cmake.build:Building ROS package in '/home/rhobtor/PHD/ARGOJ8_IA/src/plugin_rviz' with build type 'ament_cmake'
[0.626s] INFO:colcon.colcon_cmake.task.cmake.build:Building CMake package in '/home/rhobtor/PHD/ARGOJ8_IA/src/plugin_rviz'
[0.626s] INFO:colcon.colcon_core.shell:Skip shell extension 'powershell' for command environment: Not usable outside of PowerShell
[0.626s] DEBUG:colcon.colcon_core.shell:Skip shell extension 'dsv' for command environment
[0.643s] DEBUG:colcon.colcon_core.event_handler.log_command:Invoking command in '/home/rhobtor/PHD/ARGOJ8_IA/build/car_interfaces': CMAKE_PREFIX_PATH=${CMAKE_PREFIX_PATH}:/home/rhobtor/PHD/ARGOJ8_IA/install/car:/home/rhobtor/PHD/reactive/Reactive-Navegation/workspace_full_conected/install/car:/opt/ros/humble /opt/st/stm32cubeclt_1.18.0/CMake/bin/cmake --build /home/rhobtor/PHD/ARGOJ8_IA/build/car_interfaces -- -j16 -l16
[0.648s] DEBUG:colcon.colcon_core.event_handler.log_command:Invoking command in '/home/rhobtor/PHD/ARGOJ8_IA/build/argj801_ctl_platform_interfaces': CMAKE_PREFIX_PATH=${CMAKE_PREFIX_PATH}:/home/rhobtor/PHD/ARGOJ8_IA/install/car:/home/rhobtor/PHD/reactive/Reactive-Navegation/workspace_full_conected/install/car:/opt/ros/humble /opt/st/stm32cubeclt_1.18.0/CMake/bin/cmake --build /home/rhobtor/PHD/ARGOJ8_IA/build/argj801_ctl_platform_interfaces -- -j16 -l16
[0.658s] DEBUG:colcon.colcon_core.event_handler.log_command:Invoking command in '/home/rhobtor/PHD/ARGOJ8_IA/build/fixposition_sensor_pkg': CMAKE_PREFIX_PATH=${CMAKE_PREFIX_PATH}:/home/rhobtor/PHD/ARGOJ8_IA/install/car:/home/rhobtor/PHD/reactive/Reactive-Navegation/workspace_full_conected/install/car:/opt/ros/humble /opt/st/stm32cubeclt_1.18.0/CMake/bin/cmake --build /home/rhobtor/PHD/ARGOJ8_IA/build/fixposition_sensor_pkg -- -j16 -l16
[0.668s] DEBUG:colcon.colcon_core.event_handler.log_command:Invoking command in '/home/rhobtor/PHD/ARGOJ8_IA/build/hector_gazebo_plugins': CMAKE_PREFIX_PATH=${CMAKE_PREFIX_PATH}:/home/rhobtor/PHD/ARGOJ8_IA/install/car:/home/rhobtor/PHD/reactive/Reactive-Navegation/workspace_full_conected/install/car:/opt/ros/humble /opt/st/stm32cubeclt_1.18.0/CMake/bin/cmake --build /home/rhobtor/PHD/ARGOJ8_IA/build/hector_gazebo_plugins -- -j16 -l16
[0.681s] DEBUG:colcon.colcon_core.event_handler.log_command:Invoking command in '/home/rhobtor/PHD/ARGOJ8_IA/build/octomap_rviz_plugins': CMAKE_PREFIX_PATH=${CMAKE_PREFIX_PATH}:/home/rhobtor/PHD/ARGOJ8_IA/install/car:/home/rhobtor/PHD/reactive/Reactive-Navegation/workspace_full_conected/install/car:/opt/ros/humble /opt/st/stm32cubeclt_1.18.0/CMake/bin/cmake --build /home/rhobtor/PHD/ARGOJ8_IA/build/octomap_rviz_plugins -- -j16 -l16
[0.804s] DEBUG:colcon.colcon_core.event_handler.log_command:Invoked command in '/home/rhobtor/PHD/ARGOJ8_IA/build/fixposition_sensor_pkg' returned '0': CMAKE_PREFIX_PATH=${CMAKE_PREFIX_PATH}:/home/rhobtor/PHD/ARGOJ8_IA/install/car:/home/rhobtor/PHD/reactive/Reactive-Navegation/workspace_full_conected/install/car:/opt/ros/humble /opt/st/stm32cubeclt_1.18.0/CMake/bin/cmake --build /home/rhobtor/PHD/ARGOJ8_IA/build/fixposition_sensor_pkg -- -j16 -l16
[0.824s] DEBUG:colcon.colcon_core.event_handler.log_command:Invoking command in '/home/rhobtor/PHD/ARGOJ8_IA/build/fixposition_sensor_pkg': CMAKE_PREFIX_PATH=${CMAKE_PREFIX_PATH}:/home/rhobtor/PHD/ARGOJ8_IA/install/car:/home/rhobtor/PHD/reactive/Reactive-Navegation/workspace_full_conected/install/car:/opt/ros/humble /opt/st/stm32cubeclt_1.18.0/CMake/bin/cmake --install /home/rhobtor/PHD/ARGOJ8_IA/build/fixposition_sensor_pkg
[0.857s] Level 1:colcon.colcon_core.environment:create_environment_scripts_only(fixposition_sensor_pkg)
[0.861s] DEBUG:colcon.colcon_core.event_handler.log_command:Invoked command in '/home/rhobtor/PHD/ARGOJ8_IA/build/fixposition_sensor_pkg' returned '0': CMAKE_PREFIX_PATH=${CMAKE_PREFIX_PATH}:/home/rhobtor/PHD/ARGOJ8_IA/install/car:/home/rhobtor/PHD/reactive/Reactive-Navegation/workspace_full_conected/install/car:/opt/ros/humble /opt/st/stm32cubeclt_1.18.0/CMake/bin/cmake --install /home/rhobtor/PHD/ARGOJ8_IA/build/fixposition_sensor_pkg
[0.862s] Level 1:colcon.colcon_core.environment:checking '/home/rhobtor/PHD/ARGOJ8_IA/install/fixposition_sensor_pkg' for CMake module files
[0.863s] Level 1:colcon.colcon_core.environment:checking '/home/rhobtor/PHD/ARGOJ8_IA/install/fixposition_sensor_pkg' for CMake config files
[0.864s] Level 1:colcon.colcon_core.shell:create_environment_hook('fixposition_sensor_pkg', 'cmake_prefix_path')
[0.864s] INFO:colcon.colcon_core.shell:Creating environment hook '/home/rhobtor/PHD/ARGOJ8_IA/install/fixposition_sensor_pkg/share/fixposition_sensor_pkg/hook/cmake_prefix_path.ps1'
[0.865s] INFO:colcon.colcon_core.shell:Creating environment descriptor '/home/rhobtor/PHD/ARGOJ8_IA/install/fixposition_sensor_pkg/share/fixposition_sensor_pkg/hook/cmake_prefix_path.dsv'
[0.866s] INFO:colcon.colcon_core.shell:Creating environment hook '/home/rhobtor/PHD/ARGOJ8_IA/install/fixposition_sensor_pkg/share/fixposition_sensor_pkg/hook/cmake_prefix_path.sh'
[0.869s] Level 1:colcon.colcon_core.environment:checking '/home/rhobtor/PHD/ARGOJ8_IA/install/fixposition_sensor_pkg/lib'
[0.870s] Level 1:colcon.colcon_core.shell:create_environment_hook('fixposition_sensor_pkg', 'ld_library_path_lib')
[0.870s] INFO:colcon.colcon_core.shell:Creating environment hook '/home/rhobtor/PHD/ARGOJ8_IA/install/fixposition_sensor_pkg/share/fixposition_sensor_pkg/hook/ld_library_path_lib.ps1'
[0.873s] INFO:colcon.colcon_core.shell:Creating environment descriptor '/home/rhobtor/PHD/ARGOJ8_IA/install/fixposition_sensor_pkg/share/fixposition_sensor_pkg/hook/ld_library_path_lib.dsv'
[0.873s] INFO:colcon.colcon_core.shell:Creating environment hook '/home/rhobtor/PHD/ARGOJ8_IA/install/fixposition_sensor_pkg/share/fixposition_sensor_pkg/hook/ld_library_path_lib.sh'
[0.875s] Level 1:colcon.colcon_core.environment:checking '/home/rhobtor/PHD/ARGOJ8_IA/install/fixposition_sensor_pkg/bin'
[0.875s] Level 1:colcon.colcon_core.environment:checking '/home/rhobtor/PHD/ARGOJ8_IA/install/fixposition_sensor_pkg/lib/pkgconfig/fixposition_sensor_pkg.pc'
[0.876s] Level 1:colcon.colcon_core.environment:checking '/home/rhobtor/PHD/ARGOJ8_IA/install/fixposition_sensor_pkg/lib/python3.10/site-packages'
[0.876s] Level 1:colcon.colcon_core.environment:checking '/home/rhobtor/PHD/ARGOJ8_IA/install/fixposition_sensor_pkg/bin'
[0.877s] INFO:colcon.colcon_core.shell:Creating package script '/home/rhobtor/PHD/ARGOJ8_IA/install/fixposition_sensor_pkg/share/fixposition_sensor_pkg/package.ps1'
[0.879s] INFO:colcon.colcon_core.shell:Creating package descriptor '/home/rhobtor/PHD/ARGOJ8_IA/install/fixposition_sensor_pkg/share/fixposition_sensor_pkg/package.dsv'
[0.881s] INFO:colcon.colcon_core.shell:Creating package script '/home/rhobtor/PHD/ARGOJ8_IA/install/fixposition_sensor_pkg/share/fixposition_sensor_pkg/package.sh'
[0.883s] INFO:colcon.colcon_core.shell:Creating package script '/home/rhobtor/PHD/ARGOJ8_IA/install/fixposition_sensor_pkg/share/fixposition_sensor_pkg/package.bash'
[0.884s] INFO:colcon.colcon_core.shell:Creating package script '/home/rhobtor/PHD/ARGOJ8_IA/install/fixposition_sensor_pkg/share/fixposition_sensor_pkg/package.zsh'
[0.887s] Level 1:colcon.colcon_core.environment:create_file_with_runtime_dependencies(/home/rhobtor/PHD/ARGOJ8_IA/install/fixposition_sensor_pkg/share/colcon-core/packages/fixposition_sensor_pkg)
[0.888s] Level 1:colcon.colcon_core.environment:create_environment_scripts_only(fixposition_sensor_pkg)
[0.888s] Level 1:colcon.colcon_core.environment:checking '/home/rhobtor/PHD/ARGOJ8_IA/install/fixposition_sensor_pkg' for CMake module files
[0.889s] Level 1:colcon.colcon_core.environment:checking '/home/rhobtor/PHD/ARGOJ8_IA/install/fixposition_sensor_pkg' for CMake config files
[0.889s] Level 1:colcon.colcon_core.shell:create_environment_hook('fixposition_sensor_pkg', 'cmake_prefix_path')
[0.890s] INFO:colcon.colcon_core.shell:Creating environment hook '/home/rhobtor/PHD/ARGOJ8_IA/install/fixposition_sensor_pkg/share/fixposition_sensor_pkg/hook/cmake_prefix_path.ps1'
[0.890s] INFO:colcon.colcon_core.shell:Creating environment descriptor '/home/rhobtor/PHD/ARGOJ8_IA/install/fixposition_sensor_pkg/share/fixposition_sensor_pkg/hook/cmake_prefix_path.dsv'
[0.891s] INFO:colcon.colcon_core.shell:Creating environment hook '/home/rhobtor/PHD/ARGOJ8_IA/install/fixposition_sensor_pkg/share/fixposition_sensor_pkg/hook/cmake_prefix_path.sh'
[0.891s] Level 1:colcon.colcon_core.environment:checking '/home/rhobtor/PHD/ARGOJ8_IA/install/fixposition_sensor_pkg/lib'
[0.892s] Level 1:colcon.colcon_core.shell:create_environment_hook('fixposition_sensor_pkg', 'ld_library_path_lib')
[0.892s] INFO:colcon.colcon_core.shell:Creating environment hook '/home/rhobtor/PHD/ARGOJ8_IA/install/fixposition_sensor_pkg/share/fixposition_sensor_pkg/hook/ld_library_path_lib.ps1'
[0.893s] INFO:colcon.colcon_core.shell:Creating environment descriptor '/home/rhobtor/PHD/ARGOJ8_IA/install/fixposition_sensor_pkg/share/fixposition_sensor_pkg/hook/ld_library_path_lib.dsv'
[0.894s] INFO:colcon.colcon_core.shell:Creating environment hook '/home/rhobtor/PHD/ARGOJ8_IA/install/fixposition_sensor_pkg/share/fixposition_sensor_pkg/hook/ld_library_path_lib.sh'
[0.894s] Level 1:colcon.colcon_core.environment:checking '/home/rhobtor/PHD/ARGOJ8_IA/install/fixposition_sensor_pkg/bin'
[0.894s] Level 1:colcon.colcon_core.environment:checking '/home/rhobtor/PHD/ARGOJ8_IA/install/fixposition_sensor_pkg/lib/pkgconfig/fixposition_sensor_pkg.pc'
[0.896s] Level 1:colcon.colcon_core.environment:checking '/home/rhobtor/PHD/ARGOJ8_IA/install/fixposition_sensor_pkg/lib/python3.10/site-packages'
[0.896s] Level 1:colcon.colcon_core.environment:checking '/home/rhobtor/PHD/ARGOJ8_IA/install/fixposition_sensor_pkg/bin'
[0.896s] INFO:colcon.colcon_core.shell:Creating package script '/home/rhobtor/PHD/ARGOJ8_IA/install/fixposition_sensor_pkg/share/fixposition_sensor_pkg/package.ps1'
[0.897s] INFO:colcon.colcon_core.shell:Creating package descriptor '/home/rhobtor/PHD/ARGOJ8_IA/install/fixposition_sensor_pkg/share/fixposition_sensor_pkg/package.dsv'
[0.898s] INFO:colcon.colcon_core.shell:Creating package script '/home/rhobtor/PHD/ARGOJ8_IA/install/fixposition_sensor_pkg/share/fixposition_sensor_pkg/package.sh'
[0.900s] INFO:colcon.colcon_core.shell:Creating package script '/home/rhobtor/PHD/ARGOJ8_IA/install/fixposition_sensor_pkg/share/fixposition_sensor_pkg/package.bash'
[0.900s] INFO:colcon.colcon_core.shell:Creating package script '/home/rhobtor/PHD/ARGOJ8_IA/install/fixposition_sensor_pkg/share/fixposition_sensor_pkg/package.zsh'
[0.901s] Level 1:colcon.colcon_core.environment:create_file_with_runtime_dependencies(/home/rhobtor/PHD/ARGOJ8_IA/install/fixposition_sensor_pkg/share/colcon-core/packages/fixposition_sensor_pkg)
[1.046s] DEBUG:colcon.colcon_core.event_handler.log_command:Invoked command in '/home/rhobtor/PHD/ARGOJ8_IA/build/octomap_rviz_plugins' returned '0': CMAKE_PREFIX_PATH=${CMAKE_PREFIX_PATH}:/home/rhobtor/PHD/ARGOJ8_IA/install/car:/home/rhobtor/PHD/reactive/Reactive-Navegation/workspace_full_conected/install/car:/opt/ros/humble /opt/st/stm32cubeclt_1.18.0/CMake/bin/cmake --build /home/rhobtor/PHD/ARGOJ8_IA/build/octomap_rviz_plugins -- -j16 -l16
[1.055s] DEBUG:colcon.colcon_core.event_handler.log_command:Invoking command in '/home/rhobtor/PHD/ARGOJ8_IA/build/octomap_rviz_plugins': CMAKE_PREFIX_PATH=${CMAKE_PREFIX_PATH}:/home/rhobtor/PHD/ARGOJ8_IA/install/car:/home/rhobtor/PHD/reactive/Reactive-Navegation/workspace_full_conected/install/car:/opt/ros/humble /opt/st/stm32cubeclt_1.18.0/CMake/bin/cmake --install /home/rhobtor/PHD/ARGOJ8_IA/build/octomap_rviz_plugins
[1.141s] Level 1:colcon.colcon_core.environment:create_environment_scripts_only(octomap_rviz_plugins)
[1.142s] Level 1:colcon.colcon_core.environment:checking '/home/rhobtor/PHD/ARGOJ8_IA/install/octomap_rviz_plugins' for CMake module files
[1.143s] DEBUG:colcon.colcon_core.event_handler.log_command:Invoked command in '/home/rhobtor/PHD/ARGOJ8_IA/build/octomap_rviz_plugins' returned '0': CMAKE_PREFIX_PATH=${CMAKE_PREFIX_PATH}:/home/rhobtor/PHD/ARGOJ8_IA/install/car:/home/rhobtor/PHD/reactive/Reactive-Navegation/workspace_full_conected/install/car:/opt/ros/humble /opt/st/stm32cubeclt_1.18.0/CMake/bin/cmake --install /home/rhobtor/PHD/ARGOJ8_IA/build/octomap_rviz_plugins
[1.144s] Level 1:colcon.colcon_core.environment:checking '/home/rhobtor/PHD/ARGOJ8_IA/install/octomap_rviz_plugins' for CMake config files
[1.145s] Level 1:colcon.colcon_core.shell:create_environment_hook('octomap_rviz_plugins', 'cmake_prefix_path')
[1.145s] INFO:colcon.colcon_core.shell:Creating environment hook '/home/rhobtor/PHD/ARGOJ8_IA/install/octomap_rviz_plugins/share/octomap_rviz_plugins/hook/cmake_prefix_path.ps1'
[1.146s] INFO:colcon.colcon_core.shell:Creating environment descriptor '/home/rhobtor/PHD/ARGOJ8_IA/install/octomap_rviz_plugins/share/octomap_rviz_plugins/hook/cmake_prefix_path.dsv'
[1.147s] INFO:colcon.colcon_core.shell:Creating environment hook '/home/rhobtor/PHD/ARGOJ8_IA/install/octomap_rviz_plugins/share/octomap_rviz_plugins/hook/cmake_prefix_path.sh'
[1.149s] Level 1:colcon.colcon_core.environment:checking '/home/rhobtor/PHD/ARGOJ8_IA/install/octomap_rviz_plugins/lib'
[1.149s] Level 1:colcon.colcon_core.shell:create_environment_hook('octomap_rviz_plugins', 'ld_library_path_lib')
[1.149s] INFO:colcon.colcon_core.shell:Creating environment hook '/home/rhobtor/PHD/ARGOJ8_IA/install/octomap_rviz_plugins/share/octomap_rviz_plugins/hook/ld_library_path_lib.ps1'
[1.150s] INFO:colcon.colcon_core.shell:Creating environment descriptor '/home/rhobtor/PHD/ARGOJ8_IA/install/octomap_rviz_plugins/share/octomap_rviz_plugins/hook/ld_library_path_lib.dsv'
[1.152s] INFO:colcon.colcon_core.shell:Creating environment hook '/home/rhobtor/PHD/ARGOJ8_IA/install/octomap_rviz_plugins/share/octomap_rviz_plugins/hook/ld_library_path_lib.sh'
[1.153s] Level 1:colcon.colcon_core.environment:checking '/home/rhobtor/PHD/ARGOJ8_IA/install/octomap_rviz_plugins/bin'
[1.153s] Level 1:colcon.colcon_core.environment:checking '/home/rhobtor/PHD/ARGOJ8_IA/install/octomap_rviz_plugins/lib/pkgconfig/octomap_rviz_plugins.pc'
[1.154s] Level 1:colcon.colcon_core.environment:checking '/home/rhobtor/PHD/ARGOJ8_IA/install/octomap_rviz_plugins/lib/python3.10/site-packages'
[1.154s] Level 1:colcon.colcon_core.environment:checking '/home/rhobtor/PHD/ARGOJ8_IA/install/octomap_rviz_plugins/bin'
[1.155s] INFO:colcon.colcon_core.shell:Creating package script '/home/rhobtor/PHD/ARGOJ8_IA/install/octomap_rviz_plugins/share/octomap_rviz_plugins/package.ps1'
[1.158s] INFO:colcon.colcon_core.shell:Creating package descriptor '/home/rhobtor/PHD/ARGOJ8_IA/install/octomap_rviz_plugins/share/octomap_rviz_plugins/package.dsv'
[1.160s] INFO:colcon.colcon_core.shell:Creating package script '/home/rhobtor/PHD/ARGOJ8_IA/install/octomap_rviz_plugins/share/octomap_rviz_plugins/package.sh'
[1.160s] INFO:colcon.colcon_core.shell:Creating package script '/home/rhobtor/PHD/ARGOJ8_IA/install/octomap_rviz_plugins/share/octomap_rviz_plugins/package.bash'
[1.161s] INFO:colcon.colcon_core.shell:Creating package script '/home/rhobtor/PHD/ARGOJ8_IA/install/octomap_rviz_plugins/share/octomap_rviz_plugins/package.zsh'
[1.162s] Level 1:colcon.colcon_core.environment:create_file_with_runtime_dependencies(/home/rhobtor/PHD/ARGOJ8_IA/install/octomap_rviz_plugins/share/colcon-core/packages/octomap_rviz_plugins)
[1.163s] Level 1:colcon.colcon_core.environment:create_environment_scripts_only(octomap_rviz_plugins)
[1.163s] Level 1:colcon.colcon_core.environment:checking '/home/rhobtor/PHD/ARGOJ8_IA/install/octomap_rviz_plugins' for CMake module files
[1.164s] Level 1:colcon.colcon_core.environment:checking '/home/rhobtor/PHD/ARGOJ8_IA/install/octomap_rviz_plugins' for CMake config files
[1.165s] Level 1:colcon.colcon_core.shell:create_environment_hook('octomap_rviz_plugins', 'cmake_prefix_path')
[1.165s] INFO:colcon.colcon_core.shell:Creating environment hook '/home/rhobtor/PHD/ARGOJ8_IA/install/octomap_rviz_plugins/share/octomap_rviz_plugins/hook/cmake_prefix_path.ps1'
[1.166s] INFO:colcon.colcon_core.shell:Creating environment descriptor '/home/rhobtor/PHD/ARGOJ8_IA/install/octomap_rviz_plugins/share/octomap_rviz_plugins/hook/cmake_prefix_path.dsv'
[1.167s] INFO:colcon.colcon_core.shell:Creating environment hook '/home/rhobtor/PHD/ARGOJ8_IA/install/octomap_rviz_plugins/share/octomap_rviz_plugins/hook/cmake_prefix_path.sh'
[1.172s] Level 1:colcon.colcon_core.environment:checking '/home/rhobtor/PHD/ARGOJ8_IA/install/octomap_rviz_plugins/lib'
[1.172s] Level 1:colcon.colcon_core.shell:create_environment_hook('octomap_rviz_plugins', 'ld_library_path_lib')
[1.173s] INFO:colcon.colcon_core.shell:Creating environment hook '/home/rhobtor/PHD/ARGOJ8_IA/install/octomap_rviz_plugins/share/octomap_rviz_plugins/hook/ld_library_path_lib.ps1'
[1.173s] INFO:colcon.colcon_core.shell:Creating environment descriptor '/home/rhobtor/PHD/ARGOJ8_IA/install/octomap_rviz_plugins/share/octomap_rviz_plugins/hook/ld_library_path_lib.dsv'
[1.174s] INFO:colcon.colcon_core.shell:Creating environment hook '/home/rhobtor/PHD/ARGOJ8_IA/install/octomap_rviz_plugins/share/octomap_rviz_plugins/hook/ld_library_path_lib.sh'
[1.175s] Level 1:colcon.colcon_core.environment:checking '/home/rhobtor/PHD/ARGOJ8_IA/install/octomap_rviz_plugins/bin'
[1.175s] Level 1:colcon.colcon_core.environment:checking '/home/rhobtor/PHD/ARGOJ8_IA/install/octomap_rviz_plugins/lib/pkgconfig/octomap_rviz_plugins.pc'
[1.176s] Level 1:colcon.colcon_core.environment:checking '/home/rhobtor/PHD/ARGOJ8_IA/install/octomap_rviz_plugins/lib/python3.10/site-packages'
[1.176s] Level 1:colcon.colcon_core.environment:checking '/home/rhobtor/PHD/ARGOJ8_IA/install/octomap_rviz_plugins/bin'
[1.177s] INFO:colcon.colcon_core.shell:Creating package script '/home/rhobtor/PHD/ARGOJ8_IA/install/octomap_rviz_plugins/share/octomap_rviz_plugins/package.ps1'
[1.178s] INFO:colcon.colcon_core.shell:Creating package descriptor '/home/rhobtor/PHD/ARGOJ8_IA/install/octomap_rviz_plugins/share/octomap_rviz_plugins/package.dsv'
[1.179s] INFO:colcon.colcon_core.shell:Creating package script '/home/rhobtor/PHD/ARGOJ8_IA/install/octomap_rviz_plugins/share/octomap_rviz_plugins/package.sh'
[1.180s] INFO:colcon.colcon_core.shell:Creating package script '/home/rhobtor/PHD/ARGOJ8_IA/install/octomap_rviz_plugins/share/octomap_rviz_plugins/package.bash'
[1.181s] INFO:colcon.colcon_core.shell:Creating package script '/home/rhobtor/PHD/ARGOJ8_IA/install/octomap_rviz_plugins/share/octomap_rviz_plugins/package.zsh'
[1.181s] Level 1:colcon.colcon_core.environment:create_file_with_runtime_dependencies(/home/rhobtor/PHD/ARGOJ8_IA/install/octomap_rviz_plugins/share/colcon-core/packages/octomap_rviz_plugins)
[1.455s] DEBUG:colcon.colcon_core.event_handler.log_command:Invoked command in '/home/rhobtor/PHD/ARGOJ8_IA/build/car_interfaces' returned '0': CMAKE_PREFIX_PATH=${CMAKE_PREFIX_PATH}:/home/rhobtor/PHD/ARGOJ8_IA/install/car:/home/rhobtor/PHD/reactive/Reactive-Navegation/workspace_full_conected/install/car:/opt/ros/humble /opt/st/stm32cubeclt_1.18.0/CMake/bin/cmake --build /home/rhobtor/PHD/ARGOJ8_IA/build/car_interfaces -- -j16 -l16
[1.456s] DEBUG:colcon.colcon_core.event_handler.log_command:Invoking command in '/home/rhobtor/PHD/ARGOJ8_IA/build/car_interfaces': CMAKE_PREFIX_PATH=${CMAKE_PREFIX_PATH}:/home/rhobtor/PHD/ARGOJ8_IA/install/car:/home/rhobtor/PHD/reactive/Reactive-Navegation/workspace_full_conected/install/car:/opt/ros/humble /opt/st/stm32cubeclt_1.18.0/CMake/bin/cmake --install /home/rhobtor/PHD/ARGOJ8_IA/build/car_interfaces
[1.519s] DEBUG:colcon.colcon_core.event_handler.log_command:Invoked command in '/home/rhobtor/PHD/ARGOJ8_IA/build/argj801_ctl_platform_interfaces' returned '0': CMAKE_PREFIX_PATH=${CMAKE_PREFIX_PATH}:/home/rhobtor/PHD/ARGOJ8_IA/install/car:/home/rhobtor/PHD/reactive/Reactive-Navegation/workspace_full_conected/install/car:/opt/ros/humble /opt/st/stm32cubeclt_1.18.0/CMake/bin/cmake --build /home/rhobtor/PHD/ARGOJ8_IA/build/argj801_ctl_platform_interfaces -- -j16 -l16
[1.522s] DEBUG:colcon.colcon_core.event_handler.log_command:Invoking command in '/home/rhobtor/PHD/ARGOJ8_IA/build/argj801_ctl_platform_interfaces': CMAKE_PREFIX_PATH=${CMAKE_PREFIX_PATH}:/home/rhobtor/PHD/ARGOJ8_IA/install/car:/home/rhobtor/PHD/reactive/Reactive-Navegation/workspace_full_conected/install/car:/opt/ros/humble /opt/st/stm32cubeclt_1.18.0/CMake/bin/cmake --install /home/rhobtor/PHD/ARGOJ8_IA/build/argj801_ctl_platform_interfaces
[1.587s] Level 1:colcon.colcon_core.environment:create_environment_scripts_only(car_interfaces)
[1.588s] Level 1:colcon.colcon_core.environment:checking '/home/rhobtor/PHD/ARGOJ8_IA/install/car_interfaces' for CMake module files
[1.589s] DEBUG:colcon.colcon_core.event_handler.log_command:Invoked command in '/home/rhobtor/PHD/ARGOJ8_IA/build/car_interfaces' returned '0': CMAKE_PREFIX_PATH=${CMAKE_PREFIX_PATH}:/home/rhobtor/PHD/ARGOJ8_IA/install/car:/home/rhobtor/PHD/reactive/Reactive-Navegation/workspace_full_conected/install/car:/opt/ros/humble /opt/st/stm32cubeclt_1.18.0/CMake/bin/cmake --install /home/rhobtor/PHD/ARGOJ8_IA/build/car_interfaces
[1.590s] Level 1:colcon.colcon_core.environment:checking '/home/rhobtor/PHD/ARGOJ8_IA/install/car_interfaces' for CMake config files
[1.591s] Level 1:colcon.colcon_core.shell:create_environment_hook('car_interfaces', 'cmake_prefix_path')
[1.591s] INFO:colcon.colcon_core.shell:Creating environment hook '/home/rhobtor/PHD/ARGOJ8_IA/install/car_interfaces/share/car_interfaces/hook/cmake_prefix_path.ps1'
[1.592s] INFO:colcon.colcon_core.shell:Creating environment descriptor '/home/rhobtor/PHD/ARGOJ8_IA/install/car_interfaces/share/car_interfaces/hook/cmake_prefix_path.dsv'
[1.593s] INFO:colcon.colcon_core.shell:Creating environment hook '/home/rhobtor/PHD/ARGOJ8_IA/install/car_interfaces/share/car_interfaces/hook/cmake_prefix_path.sh'
[1.595s] Level 1:colcon.colcon_core.environment:checking '/home/rhobtor/PHD/ARGOJ8_IA/install/car_interfaces/lib'
[1.595s] Level 1:colcon.colcon_core.shell:create_environment_hook('car_interfaces', 'ld_library_path_lib')
[1.596s] INFO:colcon.colcon_core.shell:Creating environment hook '/home/rhobtor/PHD/ARGOJ8_IA/install/car_interfaces/share/car_interfaces/hook/ld_library_path_lib.ps1'
[1.597s] INFO:colcon.colcon_core.shell:Creating environment descriptor '/home/rhobtor/PHD/ARGOJ8_IA/install/car_interfaces/share/car_interfaces/hook/ld_library_path_lib.dsv'
[1.597s] INFO:colcon.colcon_core.shell:Creating environment hook '/home/rhobtor/PHD/ARGOJ8_IA/install/car_interfaces/share/car_interfaces/hook/ld_library_path_lib.sh'
[1.598s] Level 1:colcon.colcon_core.environment:checking '/home/rhobtor/PHD/ARGOJ8_IA/install/car_interfaces/bin'
[1.598s] Level 1:colcon.colcon_core.environment:checking '/home/rhobtor/PHD/ARGOJ8_IA/install/car_interfaces/lib/pkgconfig/car_interfaces.pc'
[1.598s] Level 1:colcon.colcon_core.environment:checking '/home/rhobtor/PHD/ARGOJ8_IA/install/car_interfaces/lib/python3.10/site-packages'
[1.599s] Level 1:colcon.colcon_core.environment:checking '/home/rhobtor/PHD/ARGOJ8_IA/install/car_interfaces/bin'
[1.600s] INFO:colcon.colcon_core.shell:Creating package script '/home/rhobtor/PHD/ARGOJ8_IA/install/car_interfaces/share/car_interfaces/package.ps1'
[1.601s] INFO:colcon.colcon_core.shell:Creating package descriptor '/home/rhobtor/PHD/ARGOJ8_IA/install/car_interfaces/share/car_interfaces/package.dsv'
[1.602s] INFO:colcon.colcon_core.shell:Creating package script '/home/rhobtor/PHD/ARGOJ8_IA/install/car_interfaces/share/car_interfaces/package.sh'
[1.603s] INFO:colcon.colcon_core.shell:Creating package script '/home/rhobtor/PHD/ARGOJ8_IA/install/car_interfaces/share/car_interfaces/package.bash'
[1.603s] INFO:colcon.colcon_core.shell:Creating package script '/home/rhobtor/PHD/ARGOJ8_IA/install/car_interfaces/share/car_interfaces/package.zsh'
[1.604s] Level 1:colcon.colcon_core.environment:create_file_with_runtime_dependencies(/home/rhobtor/PHD/ARGOJ8_IA/install/car_interfaces/share/colcon-core/packages/car_interfaces)
[1.605s] Level 1:colcon.colcon_core.environment:create_environment_scripts_only(car_interfaces)
[1.606s] Level 1:colcon.colcon_core.environment:checking '/home/rhobtor/PHD/ARGOJ8_IA/install/car_interfaces' for CMake module files
[1.607s] Level 1:colcon.colcon_core.environment:checking '/home/rhobtor/PHD/ARGOJ8_IA/install/car_interfaces' for CMake config files
[1.608s] Level 1:colcon.colcon_core.shell:create_environment_hook('car_interfaces', 'cmake_prefix_path')
[1.608s] INFO:colcon.colcon_core.shell:Creating environment hook '/home/rhobtor/PHD/ARGOJ8_IA/install/car_interfaces/share/car_interfaces/hook/cmake_prefix_path.ps1'
[1.610s] INFO:colcon.colcon_core.shell:Creating environment descriptor '/home/rhobtor/PHD/ARGOJ8_IA/install/car_interfaces/share/car_interfaces/hook/cmake_prefix_path.dsv'
[1.611s] INFO:colcon.colcon_core.shell:Creating environment hook '/home/rhobtor/PHD/ARGOJ8_IA/install/car_interfaces/share/car_interfaces/hook/cmake_prefix_path.sh'
[1.612s] Level 1:colcon.colcon_core.environment:checking '/home/rhobtor/PHD/ARGOJ8_IA/install/car_interfaces/lib'
[1.612s] Level 1:colcon.colcon_core.shell:create_environment_hook('car_interfaces', 'ld_library_path_lib')
[1.613s] INFO:colcon.colcon_core.shell:Creating environment hook '/home/rhobtor/PHD/ARGOJ8_IA/install/car_interfaces/share/car_interfaces/hook/ld_library_path_lib.ps1'
[1.614s] INFO:colcon.colcon_core.shell:Creating environment descriptor '/home/rhobtor/PHD/ARGOJ8_IA/install/car_interfaces/share/car_interfaces/hook/ld_library_path_lib.dsv'
[1.614s] INFO:colcon.colcon_core.shell:Creating environment hook '/home/rhobtor/PHD/ARGOJ8_IA/install/car_interfaces/share/car_interfaces/hook/ld_library_path_lib.sh'
[1.615s] Level 1:colcon.colcon_core.environment:checking '/home/rhobtor/PHD/ARGOJ8_IA/install/car_interfaces/bin'
[1.615s] Level 1:colcon.colcon_core.environment:checking '/home/rhobtor/PHD/ARGOJ8_IA/install/car_interfaces/lib/pkgconfig/car_interfaces.pc'
[1.616s] Level 1:colcon.colcon_core.environment:checking '/home/rhobtor/PHD/ARGOJ8_IA/install/car_interfaces/lib/python3.10/site-packages'
[1.616s] Level 1:colcon.colcon_core.environment:checking '/home/rhobtor/PHD/ARGOJ8_IA/install/car_interfaces/bin'
[1.617s] INFO:colcon.colcon_core.shell:Creating package script '/home/rhobtor/PHD/ARGOJ8_IA/install/car_interfaces/share/car_interfaces/package.ps1'
[1.618s] INFO:colcon.colcon_core.shell:Creating package descriptor '/home/rhobtor/PHD/ARGOJ8_IA/install/car_interfaces/share/car_interfaces/package.dsv'
[1.619s] INFO:colcon.colcon_core.shell:Creating package script '/home/rhobtor/PHD/ARGOJ8_IA/install/car_interfaces/share/car_interfaces/package.sh'
[1.620s] INFO:colcon.colcon_core.shell:Creating package script '/home/rhobtor/PHD/ARGOJ8_IA/install/car_interfaces/share/car_interfaces/package.bash'
[1.621s] INFO:colcon.colcon_core.shell:Creating package script '/home/rhobtor/PHD/ARGOJ8_IA/install/car_interfaces/share/car_interfaces/package.zsh'
[1.622s] Level 1:colcon.colcon_core.environment:create_file_with_runtime_dependencies(/home/rhobtor/PHD/ARGOJ8_IA/install/car_interfaces/share/colcon-core/packages/car_interfaces)
[1.623s] INFO:colcon.colcon_ros.task.ament_cmake.build:Building ROS package in '/home/rhobtor/PHD/ARGOJ8_IA/src/octomap/octomap_server' with build type 'ament_cmake'
[1.623s] INFO:colcon.colcon_cmake.task.cmake.build:Building CMake package in '/home/rhobtor/PHD/ARGOJ8_IA/src/octomap/octomap_server'
[1.624s] INFO:colcon.colcon_core.shell:Skip shell extension 'powershell' for command environment: Not usable outside of PowerShell
[1.624s] DEBUG:colcon.colcon_core.shell:Skip shell extension 'dsv' for command environment
[1.638s] INFO:colcon.colcon_ros.task.ament_python.build:Building ROS package in '/home/rhobtor/PHD/ARGOJ8_IA/src/car_python' with build type 'ament_python'
[1.638s] Level 1:colcon.colcon_core.shell:create_environment_hook('car', 'ament_prefix_path')
[1.639s] INFO:colcon.colcon_core.shell:Creating environment hook '/home/rhobtor/PHD/ARGOJ8_IA/install/car/share/car/hook/ament_prefix_path.ps1'
[1.640s] INFO:colcon.colcon_core.shell:Creating environment descriptor '/home/rhobtor/PHD/ARGOJ8_IA/install/car/share/car/hook/ament_prefix_path.dsv'
[1.641s] INFO:colcon.colcon_core.shell:Creating environment hook '/home/rhobtor/PHD/ARGOJ8_IA/install/car/share/car/hook/ament_prefix_path.sh'
[1.642s] INFO:colcon.colcon_core.shell:Skip shell extension 'powershell' for command environment: Not usable outside of PowerShell
[1.642s] DEBUG:colcon.colcon_core.shell:Skip shell extension 'dsv' for command environment
[1.654s] INFO:colcon.colcon_ros.task.ament_cmake.build:Building ROS package in '/home/rhobtor/PHD/ARGOJ8_IA/src/car_cpp' with build type 'ament_cmake'
[1.655s] INFO:colcon.colcon_cmake.task.cmake.build:Building CMake package in '/home/rhobtor/PHD/ARGOJ8_IA/src/car_cpp'
[1.655s] INFO:colcon.colcon_core.shell:Skip shell extension 'powershell' for command environment: Not usable outside of PowerShell
[1.655s] DEBUG:colcon.colcon_core.shell:Skip shell extension 'dsv' for command environment
[1.682s] DEBUG:colcon.colcon_core.event_handler.log_command:Invoking command in '/home/rhobtor/PHD/ARGOJ8_IA/build/octomap_server': CMAKE_PREFIX_PATH=/home/rhobtor/PHD/ARGOJ8_IA/install/car_interfaces:/home/rhobtor/PHD/ARGOJ8_IA/install/octomap_mapping:/home/rhobtor/PHD/ARGOJ8_IA/install/octomap_server:/home/rhobtor/PHD/ARGOJ8_IA/install/octomap_rviz_plugins:/home/rhobtor/PHD/ARGOJ8_IA/install/j8_xacro_model:/home/rhobtor/PHD/ARGOJ8_IA/install/hector_gazebo_plugins:/home/rhobtor/PHD/ARGOJ8_IA/install/fixposition_sensor_pkg:/home/rhobtor/PHD/ARGOJ8_IA/install/car_cpp:/home/rhobtor/PHD/ARGOJ8_IA/install/argj801_ctl_platform:/home/rhobtor/PHD/ARGOJ8_IA/install/argj801_ctl_platform_interfaces:/home/rhobtor/packages/install/grid_map:/home/rhobtor/packages/install/grid_map_demos:/home/rhobtor/packages/install/grid_map_visualization:/home/rhobtor/packages/install/grid_map_sdf:/home/rhobtor/packages/install/grid_map_rviz_plugin:/home/rhobtor/packages/install/grid_map_pcl:/home/rhobtor/packages/install/grid_map_loader:/home/rhobtor/packages/install/grid_map_filters:/home/rhobtor/packages/install/grid_map_ros:/home/rhobtor/packages/install/grid_map_octomap:/home/rhobtor/packages/install/grid_map_msgs:/home/rhobtor/packages/install/grid_map_cv:/home/rhobtor/packages/install/grid_map_costmap_2d:/home/rhobtor/packages/install/grid_map_core:/home/rhobtor/packages/install/grid_map_cmake_helpers:/home/rhobtor/PHD/reactive/Reactive-Navegation/workspace_full_conected/install/octomap_mapping:/home/rhobtor/PHD/reactive/Reactive-Navegation/workspace_full_conected/install/octomap_server:/home/rhobtor/PHD/reactive/Reactive-Navegation/workspace_full_conected/install/octomap_rviz_plugins:/home/rhobtor/PHD/reactive/Reactive-Navegation/workspace_full_conected/install/hector_gazebo_plugins:/home/rhobtor/PHD/reactive/Reactive-Navegation/workspace_full_conected/install/car_cpp:/home/rhobtor/PHD/reactive/Reactive-Navegation/workspace_full_conected/install/car_interfaces:/home/rhobtor/PHD/ARGOJ8_IA/install/car:/home/rhobtor/PHD/reactive/Reactive-Navegation/workspace_full_conected/install/car:/opt/ros/humble LD_LIBRARY_PATH=/home/rhobtor/PHD/ARGOJ8_IA/install/car_interfaces/lib:/home/rhobtor/PHD/ARGOJ8_IA/install/octomap_server/lib:/home/rhobtor/PHD/ARGOJ8_IA/install/octomap_rviz_plugins/lib:/home/rhobtor/PHD/ARGOJ8_IA/install/j8_xacro_model/lib:/home/rhobtor/PHD/ARGOJ8_IA/install/hector_gazebo_plugins/lib:/home/rhobtor/PHD/ARGOJ8_IA/install/fixposition_sensor_pkg/lib:/home/rhobtor/PHD/ARGOJ8_IA/install/car_cpp/lib:/home/rhobtor/PHD/ARGOJ8_IA/install/argj801_ctl_platform_interfaces/lib:/home/rhobtor/packages/install/grid_map_demos/lib:/home/rhobtor/packages/install/grid_map_visualization/lib:/home/rhobtor/packages/install/grid_map_sdf/lib:/home/rhobtor/packages/install/grid_map_rviz_plugin/lib:/home/rhobtor/packages/install/grid_map_pcl/lib:/home/rhobtor/packages/install/grid_map_loader/lib:/home/rhobtor/packages/install/grid_map_filters/lib:/home/rhobtor/packages/install/grid_map_ros/lib:/home/rhobtor/packages/install/grid_map_octomap/lib:/home/rhobtor/packages/install/grid_map_msgs/lib:/home/rhobtor/packages/install/grid_map_cv/lib:/home/rhobtor/packages/install/grid_map_costmap_2d/lib:/home/rhobtor/packages/install/grid_map_core/lib:/home/rhobtor/PHD/reactive/Reactive-Navegation/workspace_full_conected/install/octomap_server/lib:/home/rhobtor/PHD/reactive/Reactive-Navegation/workspace_full_conected/install/octomap_rviz_plugins/lib:/home/rhobtor/PHD/reactive/Reactive-Navegation/workspace_full_conected/install/hector_gazebo_plugins/lib:/home/rhobtor/PHD/reactive/Reactive-Navegation/workspace_full_conected/install/car_cpp/lib:/home/rhobtor/PHD/reactive/Reactive-Navegation/workspace_full_conected/install/car_interfaces/lib:/usr/lib/x86_64-linux-gnu/gazebo-11/plugins:/opt/ros/humble/opt/rviz_ogre_vendor/lib:/opt/ros/humble/lib/x86_64-linux-gnu:/opt/ros/humble/lib /opt/st/stm32cubeclt_1.18.0/CMake/bin/cmake --build /home/rhobtor/PHD/ARGOJ8_IA/build/octomap_server -- -j16 -l16
[2.201s] INFO:colcon.colcon_core.task.python.build:Building Python package in '/home/rhobtor/PHD/ARGOJ8_IA/src/car_python'
[2.201s] INFO:colcon.colcon_core.shell:Skip shell extension 'powershell' for command environment: Not usable outside of PowerShell
[2.201s] DEBUG:colcon.colcon_core.shell:Skip shell extension 'dsv' for command environment
[2.226s] DEBUG:colcon.colcon_core.event_handler.log_command:Invoking command in '/home/rhobtor/PHD/ARGOJ8_IA/build/car_cpp': CMAKE_PREFIX_PATH=/home/rhobtor/PHD/ARGOJ8_IA/install/car_interfaces:/home/rhobtor/PHD/ARGOJ8_IA/install/octomap_mapping:/home/rhobtor/PHD/ARGOJ8_IA/install/octomap_server:/home/rhobtor/PHD/ARGOJ8_IA/install/octomap_rviz_plugins:/home/rhobtor/PHD/ARGOJ8_IA/install/j8_xacro_model:/home/rhobtor/PHD/ARGOJ8_IA/install/hector_gazebo_plugins:/home/rhobtor/PHD/ARGOJ8_IA/install/fixposition_sensor_pkg:/home/rhobtor/PHD/ARGOJ8_IA/install/car_cpp:/home/rhobtor/PHD/ARGOJ8_IA/install/argj801_ctl_platform:/home/rhobtor/PHD/ARGOJ8_IA/install/argj801_ctl_platform_interfaces:/home/rhobtor/packages/install/grid_map:/home/rhobtor/packages/install/grid_map_demos:/home/rhobtor/packages/install/grid_map_visualization:/home/rhobtor/packages/install/grid_map_sdf:/home/rhobtor/packages/install/grid_map_rviz_plugin:/home/rhobtor/packages/install/grid_map_pcl:/home/rhobtor/packages/install/grid_map_loader:/home/rhobtor/packages/install/grid_map_filters:/home/rhobtor/packages/install/grid_map_ros:/home/rhobtor/packages/install/grid_map_octomap:/home/rhobtor/packages/install/grid_map_msgs:/home/rhobtor/packages/install/grid_map_cv:/home/rhobtor/packages/install/grid_map_costmap_2d:/home/rhobtor/packages/install/grid_map_core:/home/rhobtor/packages/install/grid_map_cmake_helpers:/home/rhobtor/PHD/reactive/Reactive-Navegation/workspace_full_conected/install/octomap_mapping:/home/rhobtor/PHD/reactive/Reactive-Navegation/workspace_full_conected/install/octomap_server:/home/rhobtor/PHD/reactive/Reactive-Navegation/workspace_full_conected/install/octomap_rviz_plugins:/home/rhobtor/PHD/reactive/Reactive-Navegation/workspace_full_conected/install/hector_gazebo_plugins:/home/rhobtor/PHD/reactive/Reactive-Navegation/workspace_full_conected/install/car_cpp:/home/rhobtor/PHD/reactive/Reactive-Navegation/workspace_full_conected/install/car_interfaces:/home/rhobtor/PHD/ARGOJ8_IA/install/car:/home/rhobtor/PHD/reactive/Reactive-Navegation/workspace_full_conected/install/car:/opt/ros/humble LD_LIBRARY_PATH=/home/rhobtor/PHD/ARGOJ8_IA/install/car_interfaces/lib:/home/rhobtor/PHD/ARGOJ8_IA/install/octomap_server/lib:/home/rhobtor/PHD/ARGOJ8_IA/install/octomap_rviz_plugins/lib:/home/rhobtor/PHD/ARGOJ8_IA/install/j8_xacro_model/lib:/home/rhobtor/PHD/ARGOJ8_IA/install/hector_gazebo_plugins/lib:/home/rhobtor/PHD/ARGOJ8_IA/install/fixposition_sensor_pkg/lib:/home/rhobtor/PHD/ARGOJ8_IA/install/car_cpp/lib:/home/rhobtor/PHD/ARGOJ8_IA/install/argj801_ctl_platform_interfaces/lib:/home/rhobtor/packages/install/grid_map_demos/lib:/home/rhobtor/packages/install/grid_map_visualization/lib:/home/rhobtor/packages/install/grid_map_sdf/lib:/home/rhobtor/packages/install/grid_map_rviz_plugin/lib:/home/rhobtor/packages/install/grid_map_pcl/lib:/home/rhobtor/packages/install/grid_map_loader/lib:/home/rhobtor/packages/install/grid_map_filters/lib:/home/rhobtor/packages/install/grid_map_ros/lib:/home/rhobtor/packages/install/grid_map_octomap/lib:/home/rhobtor/packages/install/grid_map_msgs/lib:/home/rhobtor/packages/install/grid_map_cv/lib:/home/rhobtor/packages/install/grid_map_costmap_2d/lib:/home/rhobtor/packages/install/grid_map_core/lib:/home/rhobtor/PHD/reactive/Reactive-Navegation/workspace_full_conected/install/octomap_server/lib:/home/rhobtor/PHD/reactive/Reactive-Navegation/workspace_full_conected/install/octomap_rviz_plugins/lib:/home/rhobtor/PHD/reactive/Reactive-Navegation/workspace_full_conected/install/hector_gazebo_plugins/lib:/home/rhobtor/PHD/reactive/Reactive-Navegation/workspace_full_conected/install/car_cpp/lib:/home/rhobtor/PHD/reactive/Reactive-Navegation/workspace_full_conected/install/car_interfaces/lib:/usr/lib/x86_64-linux-gnu/gazebo-11/plugins:/opt/ros/humble/opt/rviz_ogre_vendor/lib:/opt/ros/humble/lib/x86_64-linux-gnu:/opt/ros/humble/lib /opt/st/stm32cubeclt_1.18.0/CMake/bin/cmake --build /home/rhobtor/PHD/ARGOJ8_IA/build/car_cpp -- -j16 -l16
[2.227s] Level 1:colcon.colcon_core.environment:create_environment_scripts_only(argj801_ctl_platform_interfaces)
[2.228s] Level 1:colcon.colcon_core.environment:checking '/home/rhobtor/PHD/ARGOJ8_IA/install/argj801_ctl_platform_interfaces' for CMake module files
[2.229s] DEBUG:colcon.colcon_core.event_handler.log_command:Invoked command in '/home/rhobtor/PHD/ARGOJ8_IA/build/argj801_ctl_platform_interfaces' returned '0': CMAKE_PREFIX_PATH=${CMAKE_PREFIX_PATH}:/home/rhobtor/PHD/ARGOJ8_IA/install/car:/home/rhobtor/PHD/reactive/Reactive-Navegation/workspace_full_conected/install/car:/opt/ros/humble /opt/st/stm32cubeclt_1.18.0/CMake/bin/cmake --install /home/rhobtor/PHD/ARGOJ8_IA/build/argj801_ctl_platform_interfaces
[2.230s] Level 1:colcon.colcon_core.environment:checking '/home/rhobtor/PHD/ARGOJ8_IA/install/argj801_ctl_platform_interfaces' for CMake config files
[2.230s] Level 1:colcon.colcon_core.shell:create_environment_hook('argj801_ctl_platform_interfaces', 'cmake_prefix_path')
[2.230s] INFO:colcon.colcon_core.shell:Creating environment hook '/home/rhobtor/PHD/ARGOJ8_IA/install/argj801_ctl_platform_interfaces/share/argj801_ctl_platform_interfaces/hook/cmake_prefix_path.ps1'
[2.231s] INFO:colcon.colcon_core.shell:Creating environment descriptor '/home/rhobtor/PHD/ARGOJ8_IA/install/argj801_ctl_platform_interfaces/share/argj801_ctl_platform_interfaces/hook/cmake_prefix_path.dsv'
[2.232s] INFO:colcon.colcon_core.shell:Creating environment hook '/home/rhobtor/PHD/ARGOJ8_IA/install/argj801_ctl_platform_interfaces/share/argj801_ctl_platform_interfaces/hook/cmake_prefix_path.sh'
[2.233s] Level 1:colcon.colcon_core.environment:checking '/home/rhobtor/PHD/ARGOJ8_IA/install/argj801_ctl_platform_interfaces/lib'
[2.233s] Level 1:colcon.colcon_core.shell:create_environment_hook('argj801_ctl_platform_interfaces', 'ld_library_path_lib')
[2.233s] INFO:colcon.colcon_core.shell:Creating environment hook '/home/rhobtor/PHD/ARGOJ8_IA/install/argj801_ctl_platform_interfaces/share/argj801_ctl_platform_interfaces/hook/ld_library_path_lib.ps1'
[2.234s] INFO:colcon.colcon_core.shell:Creating environment descriptor '/home/rhobtor/PHD/ARGOJ8_IA/install/argj801_ctl_platform_interfaces/share/argj801_ctl_platform_interfaces/hook/ld_library_path_lib.dsv'
[2.235s] INFO:colcon.colcon_core.shell:Creating environment hook '/home/rhobtor/PHD/ARGOJ8_IA/install/argj801_ctl_platform_interfaces/share/argj801_ctl_platform_interfaces/hook/ld_library_path_lib.sh'
[2.236s] Level 1:colcon.colcon_core.environment:checking '/home/rhobtor/PHD/ARGOJ8_IA/install/argj801_ctl_platform_interfaces/bin'
[2.236s] Level 1:colcon.colcon_core.environment:checking '/home/rhobtor/PHD/ARGOJ8_IA/install/argj801_ctl_platform_interfaces/lib/pkgconfig/argj801_ctl_platform_interfaces.pc'
[2.237s] Level 1:colcon.colcon_core.environment:checking '/home/rhobtor/PHD/ARGOJ8_IA/install/argj801_ctl_platform_interfaces/lib/python3.10/site-packages'
[2.237s] Level 1:colcon.colcon_core.environment:checking '/home/rhobtor/PHD/ARGOJ8_IA/install/argj801_ctl_platform_interfaces/bin'
[2.238s] INFO:colcon.colcon_core.shell:Creating package script '/home/rhobtor/PHD/ARGOJ8_IA/install/argj801_ctl_platform_interfaces/share/argj801_ctl_platform_interfaces/package.ps1'
[2.240s] INFO:colcon.colcon_core.shell:Creating package descriptor '/home/rhobtor/PHD/ARGOJ8_IA/install/argj801_ctl_platform_interfaces/share/argj801_ctl_platform_interfaces/package.dsv'
[2.240s] INFO:colcon.colcon_core.shell:Creating package script '/home/rhobtor/PHD/ARGOJ8_IA/install/argj801_ctl_platform_interfaces/share/argj801_ctl_platform_interfaces/package.sh'
[2.241s] INFO:colcon.colcon_core.shell:Creating package script '/home/rhobtor/PHD/ARGOJ8_IA/install/argj801_ctl_platform_interfaces/share/argj801_ctl_platform_interfaces/package.bash'
[2.242s] INFO:colcon.colcon_core.shell:Creating package script '/home/rhobtor/PHD/ARGOJ8_IA/install/argj801_ctl_platform_interfaces/share/argj801_ctl_platform_interfaces/package.zsh'
[2.242s] Level 1:colcon.colcon_core.environment:create_file_with_runtime_dependencies(/home/rhobtor/PHD/ARGOJ8_IA/install/argj801_ctl_platform_interfaces/share/colcon-core/packages/argj801_ctl_platform_interfaces)
[2.243s] Level 1:colcon.colcon_core.environment:create_environment_scripts_only(argj801_ctl_platform_interfaces)
[2.244s] Level 1:colcon.colcon_core.environment:checking '/home/rhobtor/PHD/ARGOJ8_IA/install/argj801_ctl_platform_interfaces' for CMake module files
[2.245s] Level 1:colcon.colcon_core.environment:checking '/home/rhobtor/PHD/ARGOJ8_IA/install/argj801_ctl_platform_interfaces' for CMake config files
[2.245s] Level 1:colcon.colcon_core.shell:create_environment_hook('argj801_ctl_platform_interfaces', 'cmake_prefix_path')
[2.246s] INFO:colcon.colcon_core.shell:Creating environment hook '/home/rhobtor/PHD/ARGOJ8_IA/install/argj801_ctl_platform_interfaces/share/argj801_ctl_platform_interfaces/hook/cmake_prefix_path.ps1'
[2.247s] INFO:colcon.colcon_core.shell:Creating environment descriptor '/home/rhobtor/PHD/ARGOJ8_IA/install/argj801_ctl_platform_interfaces/share/argj801_ctl_platform_interfaces/hook/cmake_prefix_path.dsv'
[2.247s] INFO:colcon.colcon_core.shell:Creating environment hook '/home/rhobtor/PHD/ARGOJ8_IA/install/argj801_ctl_platform_interfaces/share/argj801_ctl_platform_interfaces/hook/cmake_prefix_path.sh'
[2.248s] Level 1:colcon.colcon_core.environment:checking '/home/rhobtor/PHD/ARGOJ8_IA/install/argj801_ctl_platform_interfaces/lib'
[2.249s] Level 1:colcon.colcon_core.shell:create_environment_hook('argj801_ctl_platform_interfaces', 'ld_library_path_lib')
[2.249s] INFO:colcon.colcon_core.shell:Creating environment hook '/home/rhobtor/PHD/ARGOJ8_IA/install/argj801_ctl_platform_interfaces/share/argj801_ctl_platform_interfaces/hook/ld_library_path_lib.ps1'
[2.250s] INFO:colcon.colcon_core.shell:Creating environment descriptor '/home/rhobtor/PHD/ARGOJ8_IA/install/argj801_ctl_platform_interfaces/share/argj801_ctl_platform_interfaces/hook/ld_library_path_lib.dsv'
[2.250s] INFO:colcon.colcon_core.shell:Creating environment hook '/home/rhobtor/PHD/ARGOJ8_IA/install/argj801_ctl_platform_interfaces/share/argj801_ctl_platform_interfaces/hook/ld_library_path_lib.sh'
[2.251s] Level 1:colcon.colcon_core.environment:checking '/home/rhobtor/PHD/ARGOJ8_IA/install/argj801_ctl_platform_interfaces/bin'
[2.251s] Level 1:colcon.colcon_core.environment:checking '/home/rhobtor/PHD/ARGOJ8_IA/install/argj801_ctl_platform_interfaces/lib/pkgconfig/argj801_ctl_platform_interfaces.pc'
[2.251s] Level 1:colcon.colcon_core.environment:checking '/home/rhobtor/PHD/ARGOJ8_IA/install/argj801_ctl_platform_interfaces/lib/python3.10/site-packages'
[2.252s] Level 1:colcon.colcon_core.environment:checking '/home/rhobtor/PHD/ARGOJ8_IA/install/argj801_ctl_platform_interfaces/bin'
[2.252s] INFO:colcon.colcon_core.shell:Creating package script '/home/rhobtor/PHD/ARGOJ8_IA/install/argj801_ctl_platform_interfaces/share/argj801_ctl_platform_interfaces/package.ps1'
[2.253s] INFO:colcon.colcon_core.shell:Creating package descriptor '/home/rhobtor/PHD/ARGOJ8_IA/install/argj801_ctl_platform_interfaces/share/argj801_ctl_platform_interfaces/package.dsv'
[2.254s] INFO:colcon.colcon_core.shell:Creating package script '/home/rhobtor/PHD/ARGOJ8_IA/install/argj801_ctl_platform_interfaces/share/argj801_ctl_platform_interfaces/package.sh'
[2.255s] INFO:colcon.colcon_core.shell:Creating package script '/home/rhobtor/PHD/ARGOJ8_IA/install/argj801_ctl_platform_interfaces/share/argj801_ctl_platform_interfaces/package.bash'
[2.256s] INFO:colcon.colcon_core.shell:Creating package script '/home/rhobtor/PHD/ARGOJ8_IA/install/argj801_ctl_platform_interfaces/share/argj801_ctl_platform_interfaces/package.zsh'
[2.256s] Level 1:colcon.colcon_core.environment:create_file_with_runtime_dependencies(/home/rhobtor/PHD/ARGOJ8_IA/install/argj801_ctl_platform_interfaces/share/colcon-core/packages/argj801_ctl_platform_interfaces)
[2.257s] INFO:colcon.colcon_ros.task.ament_cmake.build:Building ROS package in '/home/rhobtor/PHD/ARGOJ8_IA/src/argj801_ctl_platform/argj801_ctl_platform' with build type 'ament_cmake'
[2.258s] INFO:colcon.colcon_cmake.task.cmake.build:Building CMake package in '/home/rhobtor/PHD/ARGOJ8_IA/src/argj801_ctl_platform/argj801_ctl_platform'
[2.258s] INFO:colcon.colcon_core.shell:Skip shell extension 'powershell' for command environment: Not usable outside of PowerShell
[2.258s] DEBUG:colcon.colcon_core.shell:Skip shell extension 'dsv' for command environment
[2.277s] DEBUG:colcon.colcon_core.event_handler.log_command:Invoked command in '/home/rhobtor/PHD/ARGOJ8_IA/build/octomap_server' returned '0': CMAKE_PREFIX_PATH=/home/rhobtor/PHD/ARGOJ8_IA/install/car_interfaces:/home/rhobtor/PHD/ARGOJ8_IA/install/octomap_mapping:/home/rhobtor/PHD/ARGOJ8_IA/install/octomap_server:/home/rhobtor/PHD/ARGOJ8_IA/install/octomap_rviz_plugins:/home/rhobtor/PHD/ARGOJ8_IA/install/j8_xacro_model:/home/rhobtor/PHD/ARGOJ8_IA/install/hector_gazebo_plugins:/home/rhobtor/PHD/ARGOJ8_IA/install/fixposition_sensor_pkg:/home/rhobtor/PHD/ARGOJ8_IA/install/car_cpp:/home/rhobtor/PHD/ARGOJ8_IA/install/argj801_ctl_platform:/home/rhobtor/PHD/ARGOJ8_IA/install/argj801_ctl_platform_interfaces:/home/rhobtor/packages/install/grid_map:/home/rhobtor/packages/install/grid_map_demos:/home/rhobtor/packages/install/grid_map_visualization:/home/rhobtor/packages/install/grid_map_sdf:/home/rhobtor/packages/install/grid_map_rviz_plugin:/home/rhobtor/packages/install/grid_map_pcl:/home/rhobtor/packages/install/grid_map_loader:/home/rhobtor/packages/install/grid_map_filters:/home/rhobtor/packages/install/grid_map_ros:/home/rhobtor/packages/install/grid_map_octomap:/home/rhobtor/packages/install/grid_map_msgs:/home/rhobtor/packages/install/grid_map_cv:/home/rhobtor/packages/install/grid_map_costmap_2d:/home/rhobtor/packages/install/grid_map_core:/home/rhobtor/packages/install/grid_map_cmake_helpers:/home/rhobtor/PHD/reactive/Reactive-Navegation/workspace_full_conected/install/octomap_mapping:/home/rhobtor/PHD/reactive/Reactive-Navegation/workspace_full_conected/install/octomap_server:/home/rhobtor/PHD/reactive/Reactive-Navegation/workspace_full_conected/install/octomap_rviz_plugins:/home/rhobtor/PHD/reactive/Reactive-Navegation/workspace_full_conected/install/hector_gazebo_plugins:/home/rhobtor/PHD/reactive/Reactive-Navegation/workspace_full_conected/install/car_cpp:/home/rhobtor/PHD/reactive/Reactive-Navegation/workspace_full_conected/install/car_interfaces:/home/rhobtor/PHD/ARGOJ8_IA/install/car:/home/rhobtor/PHD/reactive/Reactive-Navegation/workspace_full_conected/install/car:/opt/ros/humble LD_LIBRARY_PATH=/home/rhobtor/PHD/ARGOJ8_IA/install/car_interfaces/lib:/home/rhobtor/PHD/ARGOJ8_IA/install/octomap_server/lib:/home/rhobtor/PHD/ARGOJ8_IA/install/octomap_rviz_plugins/lib:/home/rhobtor/PHD/ARGOJ8_IA/install/j8_xacro_model/lib:/home/rhobtor/PHD/ARGOJ8_IA/install/hector_gazebo_plugins/lib:/home/rhobtor/PHD/ARGOJ8_IA/install/fixposition_sensor_pkg/lib:/home/rhobtor/PHD/ARGOJ8_IA/install/car_cpp/lib:/home/rhobtor/PHD/ARGOJ8_IA/install/argj801_ctl_platform_interfaces/lib:/home/rhobtor/packages/install/grid_map_demos/lib:/home/rhobtor/packages/install/grid_map_visualization/lib:/home/rhobtor/packages/install/grid_map_sdf/lib:/home/rhobtor/packages/install/grid_map_rviz_plugin/lib:/home/rhobtor/packages/install/grid_map_pcl/lib:/home/rhobtor/packages/install/grid_map_loader/lib:/home/rhobtor/packages/install/grid_map_filters/lib:/home/rhobtor/packages/install/grid_map_ros/lib:/home/rhobtor/packages/install/grid_map_octomap/lib:/home/rhobtor/packages/install/grid_map_msgs/lib:/home/rhobtor/packages/install/grid_map_cv/lib:/home/rhobtor/packages/install/grid_map_costmap_2d/lib:/home/rhobtor/packages/install/grid_map_core/lib:/home/rhobtor/PHD/reactive/Reactive-Navegation/workspace_full_conected/install/octomap_server/lib:/home/rhobtor/PHD/reactive/Reactive-Navegation/workspace_full_conected/install/octomap_rviz_plugins/lib:/home/rhobtor/PHD/reactive/Reactive-Navegation/workspace_full_conected/install/hector_gazebo_plugins/lib:/home/rhobtor/PHD/reactive/Reactive-Navegation/workspace_full_conected/install/car_cpp/lib:/home/rhobtor/PHD/reactive/Reactive-Navegation/workspace_full_conected/install/car_interfaces/lib:/usr/lib/x86_64-linux-gnu/gazebo-11/plugins:/opt/ros/humble/opt/rviz_ogre_vendor/lib:/opt/ros/humble/lib/x86_64-linux-gnu:/opt/ros/humble/lib /opt/st/stm32cubeclt_1.18.0/CMake/bin/cmake --build /home/rhobtor/PHD/ARGOJ8_IA/build/octomap_server -- -j16 -l16
[2.277s] DEBUG:colcon.colcon_core.event_handler.log_command:Invoking command in '/home/rhobtor/PHD/ARGOJ8_IA/build/octomap_server': CMAKE_PREFIX_PATH=/home/rhobtor/PHD/ARGOJ8_IA/install/car_interfaces:/home/rhobtor/PHD/ARGOJ8_IA/install/octomap_mapping:/home/rhobtor/PHD/ARGOJ8_IA/install/octomap_server:/home/rhobtor/PHD/ARGOJ8_IA/install/octomap_rviz_plugins:/home/rhobtor/PHD/ARGOJ8_IA/install/j8_xacro_model:/home/rhobtor/PHD/ARGOJ8_IA/install/hector_gazebo_plugins:/home/rhobtor/PHD/ARGOJ8_IA/install/fixposition_sensor_pkg:/home/rhobtor/PHD/ARGOJ8_IA/install/car_cpp:/home/rhobtor/PHD/ARGOJ8_IA/install/argj801_ctl_platform:/home/rhobtor/PHD/ARGOJ8_IA/install/argj801_ctl_platform_interfaces:/home/rhobtor/packages/install/grid_map:/home/rhobtor/packages/install/grid_map_demos:/home/rhobtor/packages/install/grid_map_visualization:/home/rhobtor/packages/install/grid_map_sdf:/home/rhobtor/packages/install/grid_map_rviz_plugin:/home/rhobtor/packages/install/grid_map_pcl:/home/rhobtor/packages/install/grid_map_loader:/home/rhobtor/packages/install/grid_map_filters:/home/rhobtor/packages/install/grid_map_ros:/home/rhobtor/packages/install/grid_map_octomap:/home/rhobtor/packages/install/grid_map_msgs:/home/rhobtor/packages/install/grid_map_cv:/home/rhobtor/packages/install/grid_map_costmap_2d:/home/rhobtor/packages/install/grid_map_core:/home/rhobtor/packages/install/grid_map_cmake_helpers:/home/rhobtor/PHD/reactive/Reactive-Navegation/workspace_full_conected/install/octomap_mapping:/home/rhobtor/PHD/reactive/Reactive-Navegation/workspace_full_conected/install/octomap_server:/home/rhobtor/PHD/reactive/Reactive-Navegation/workspace_full_conected/install/octomap_rviz_plugins:/home/rhobtor/PHD/reactive/Reactive-Navegation/workspace_full_conected/install/hector_gazebo_plugins:/home/rhobtor/PHD/reactive/Reactive-Navegation/workspace_full_conected/install/car_cpp:/home/rhobtor/PHD/reactive/Reactive-Navegation/workspace_full_conected/install/car_interfaces:/home/rhobtor/PHD/ARGOJ8_IA/install/car:/home/rhobtor/PHD/reactive/Reactive-Navegation/workspace_full_conected/install/car:/opt/ros/humble LD_LIBRARY_PATH=/home/rhobtor/PHD/ARGOJ8_IA/install/car_interfaces/lib:/home/rhobtor/PHD/ARGOJ8_IA/install/octomap_server/lib:/home/rhobtor/PHD/ARGOJ8_IA/install/octomap_rviz_plugins/lib:/home/rhobtor/PHD/ARGOJ8_IA/install/j8_xacro_model/lib:/home/rhobtor/PHD/ARGOJ8_IA/install/hector_gazebo_plugins/lib:/home/rhobtor/PHD/ARGOJ8_IA/install/fixposition_sensor_pkg/lib:/home/rhobtor/PHD/ARGOJ8_IA/install/car_cpp/lib:/home/rhobtor/PHD/ARGOJ8_IA/install/argj801_ctl_platform_interfaces/lib:/home/rhobtor/packages/install/grid_map_demos/lib:/home/rhobtor/packages/install/grid_map_visualization/lib:/home/rhobtor/packages/install/grid_map_sdf/lib:/home/rhobtor/packages/install/grid_map_rviz_plugin/lib:/home/rhobtor/packages/install/grid_map_pcl/lib:/home/rhobtor/packages/install/grid_map_loader/lib:/home/rhobtor/packages/install/grid_map_filters/lib:/home/rhobtor/packages/install/grid_map_ros/lib:/home/rhobtor/packages/install/grid_map_octomap/lib:/home/rhobtor/packages/install/grid_map_msgs/lib:/home/rhobtor/packages/install/grid_map_cv/lib:/home/rhobtor/packages/install/grid_map_costmap_2d/lib:/home/rhobtor/packages/install/grid_map_core/lib:/home/rhobtor/PHD/reactive/Reactive-Navegation/workspace_full_conected/install/octomap_server/lib:/home/rhobtor/PHD/reactive/Reactive-Navegation/workspace_full_conected/install/octomap_rviz_plugins/lib:/home/rhobtor/PHD/reactive/Reactive-Navegation/workspace_full_conected/install/hector_gazebo_plugins/lib:/home/rhobtor/PHD/reactive/Reactive-Navegation/workspace_full_conected/install/car_cpp/lib:/home/rhobtor/PHD/reactive/Reactive-Navegation/workspace_full_conected/install/car_interfaces/lib:/usr/lib/x86_64-linux-gnu/gazebo-11/plugins:/opt/ros/humble/opt/rviz_ogre_vendor/lib:/opt/ros/humble/lib/x86_64-linux-gnu:/opt/ros/humble/lib /opt/st/stm32cubeclt_1.18.0/CMake/bin/cmake --install /home/rhobtor/PHD/ARGOJ8_IA/build/octomap_server
[2.303s] DEBUG:colcon.colcon_core.event_handler.log_command:Invoking command in '/home/rhobtor/PHD/ARGOJ8_IA/build/argj801_ctl_platform': CMAKE_PREFIX_PATH=/home/rhobtor/PHD/ARGOJ8_IA/install/argj801_ctl_platform_interfaces:/home/rhobtor/PHD/ARGOJ8_IA/install/octomap_mapping:/home/rhobtor/PHD/ARGOJ8_IA/install/octomap_server:/home/rhobtor/PHD/ARGOJ8_IA/install/octomap_rviz_plugins:/home/rhobtor/PHD/ARGOJ8_IA/install/j8_xacro_model:/home/rhobtor/PHD/ARGOJ8_IA/install/hector_gazebo_plugins:/home/rhobtor/PHD/ARGOJ8_IA/install/fixposition_sensor_pkg:/home/rhobtor/PHD/ARGOJ8_IA/install/car_cpp:/home/rhobtor/PHD/ARGOJ8_IA/install/car_interfaces:/home/rhobtor/PHD/ARGOJ8_IA/install/argj801_ctl_platform:/home/rhobtor/packages/install/grid_map:/home/rhobtor/packages/install/grid_map_demos:/home/rhobtor/packages/install/grid_map_visualization:/home/rhobtor/packages/install/grid_map_sdf:/home/rhobtor/packages/install/grid_map_rviz_plugin:/home/rhobtor/packages/install/grid_map_pcl:/home/rhobtor/packages/install/grid_map_loader:/home/rhobtor/packages/install/grid_map_filters:/home/rhobtor/packages/install/grid_map_ros:/home/rhobtor/packages/install/grid_map_octomap:/home/rhobtor/packages/install/grid_map_msgs:/home/rhobtor/packages/install/grid_map_cv:/home/rhobtor/packages/install/grid_map_costmap_2d:/home/rhobtor/packages/install/grid_map_core:/home/rhobtor/packages/install/grid_map_cmake_helpers:/home/rhobtor/PHD/reactive/Reactive-Navegation/workspace_full_conected/install/octomap_mapping:/home/rhobtor/PHD/reactive/Reactive-Navegation/workspace_full_conected/install/octomap_server:/home/rhobtor/PHD/reactive/Reactive-Navegation/workspace_full_conected/install/octomap_rviz_plugins:/home/rhobtor/PHD/reactive/Reactive-Navegation/workspace_full_conected/install/hector_gazebo_plugins:/home/rhobtor/PHD/reactive/Reactive-Navegation/workspace_full_conected/install/car_cpp:/home/rhobtor/PHD/reactive/Reactive-Navegation/workspace_full_conected/install/car_interfaces:/home/rhobtor/PHD/ARGOJ8_IA/install/car:/home/rhobtor/PHD/reactive/Reactive-Navegation/workspace_full_conected/install/car:/opt/ros/humble LD_LIBRARY_PATH=/home/rhobtor/PHD/ARGOJ8_IA/install/argj801_ctl_platform_interfaces/lib:/home/rhobtor/PHD/ARGOJ8_IA/install/octomap_server/lib:/home/rhobtor/PHD/ARGOJ8_IA/install/octomap_rviz_plugins/lib:/home/rhobtor/PHD/ARGOJ8_IA/install/j8_xacro_model/lib:/home/rhobtor/PHD/ARGOJ8_IA/install/hector_gazebo_plugins/lib:/home/rhobtor/PHD/ARGOJ8_IA/install/fixposition_sensor_pkg/lib:/home/rhobtor/PHD/ARGOJ8_IA/install/car_cpp/lib:/home/rhobtor/PHD/ARGOJ8_IA/install/car_interfaces/lib:/home/rhobtor/packages/install/grid_map_demos/lib:/home/rhobtor/packages/install/grid_map_visualization/lib:/home/rhobtor/packages/install/grid_map_sdf/lib:/home/rhobtor/packages/install/grid_map_rviz_plugin/lib:/home/rhobtor/packages/install/grid_map_pcl/lib:/home/rhobtor/packages/install/grid_map_loader/lib:/home/rhobtor/packages/install/grid_map_filters/lib:/home/rhobtor/packages/install/grid_map_ros/lib:/home/rhobtor/packages/install/grid_map_octomap/lib:/home/rhobtor/packages/install/grid_map_msgs/lib:/home/rhobtor/packages/install/grid_map_cv/lib:/home/rhobtor/packages/install/grid_map_costmap_2d/lib:/home/rhobtor/packages/install/grid_map_core/lib:/home/rhobtor/PHD/reactive/Reactive-Navegation/workspace_full_conected/install/octomap_server/lib:/home/rhobtor/PHD/reactive/Reactive-Navegation/workspace_full_conected/install/octomap_rviz_plugins/lib:/home/rhobtor/PHD/reactive/Reactive-Navegation/workspace_full_conected/install/hector_gazebo_plugins/lib:/home/rhobtor/PHD/reactive/Reactive-Navegation/workspace_full_conected/install/car_cpp/lib:/home/rhobtor/PHD/reactive/Reactive-Navegation/workspace_full_conected/install/car_interfaces/lib:/usr/lib/x86_64-linux-gnu/gazebo-11/plugins:/opt/ros/humble/opt/rviz_ogre_vendor/lib:/opt/ros/humble/lib/x86_64-linux-gnu:/opt/ros/humble/lib /opt/st/stm32cubeclt_1.18.0/CMake/bin/cmake --build /home/rhobtor/PHD/ARGOJ8_IA/build/argj801_ctl_platform -- -j16 -l16
[2.314s] Level 1:colcon.colcon_core.environment:create_environment_scripts_only(octomap_server)
[2.314s] Level 1:colcon.colcon_core.environment:checking '/home/rhobtor/PHD/ARGOJ8_IA/install/octomap_server' for CMake module files
[2.315s] Level 1:colcon.colcon_core.environment:checking '/home/rhobtor/PHD/ARGOJ8_IA/install/octomap_server' for CMake config files
[2.315s] Level 1:colcon.colcon_core.shell:create_environment_hook('octomap_server', 'cmake_prefix_path')
[2.316s] DEBUG:colcon.colcon_core.event_handler.log_command:Invoked command in '/home/rhobtor/PHD/ARGOJ8_IA/build/octomap_server' returned '0': CMAKE_PREFIX_PATH=/home/rhobtor/PHD/ARGOJ8_IA/install/car_interfaces:/home/rhobtor/PHD/ARGOJ8_IA/install/octomap_mapping:/home/rhobtor/PHD/ARGOJ8_IA/install/octomap_server:/home/rhobtor/PHD/ARGOJ8_IA/install/octomap_rviz_plugins:/home/rhobtor/PHD/ARGOJ8_IA/install/j8_xacro_model:/home/rhobtor/PHD/ARGOJ8_IA/install/hector_gazebo_plugins:/home/rhobtor/PHD/ARGOJ8_IA/install/fixposition_sensor_pkg:/home/rhobtor/PHD/ARGOJ8_IA/install/car_cpp:/home/rhobtor/PHD/ARGOJ8_IA/install/argj801_ctl_platform:/home/rhobtor/PHD/ARGOJ8_IA/install/argj801_ctl_platform_interfaces:/home/rhobtor/packages/install/grid_map:/home/rhobtor/packages/install/grid_map_demos:/home/rhobtor/packages/install/grid_map_visualization:/home/rhobtor/packages/install/grid_map_sdf:/home/rhobtor/packages/install/grid_map_rviz_plugin:/home/rhobtor/packages/install/grid_map_pcl:/home/rhobtor/packages/install/grid_map_loader:/home/rhobtor/packages/install/grid_map_filters:/home/rhobtor/packages/install/grid_map_ros:/home/rhobtor/packages/install/grid_map_octomap:/home/rhobtor/packages/install/grid_map_msgs:/home/rhobtor/packages/install/grid_map_cv:/home/rhobtor/packages/install/grid_map_costmap_2d:/home/rhobtor/packages/install/grid_map_core:/home/rhobtor/packages/install/grid_map_cmake_helpers:/home/rhobtor/PHD/reactive/Reactive-Navegation/workspace_full_conected/install/octomap_mapping:/home/rhobtor/PHD/reactive/Reactive-Navegation/workspace_full_conected/install/octomap_server:/home/rhobtor/PHD/reactive/Reactive-Navegation/workspace_full_conected/install/octomap_rviz_plugins:/home/rhobtor/PHD/reactive/Reactive-Navegation/workspace_full_conected/install/hector_gazebo_plugins:/home/rhobtor/PHD/reactive/Reactive-Navegation/workspace_full_conected/install/car_cpp:/home/rhobtor/PHD/reactive/Reactive-Navegation/workspace_full_conected/install/car_interfaces:/home/rhobtor/PHD/ARGOJ8_IA/install/car:/home/rhobtor/PHD/reactive/Reactive-Navegation/workspace_full_conected/install/car:/opt/ros/humble LD_LIBRARY_PATH=/home/rhobtor/PHD/ARGOJ8_IA/install/car_interfaces/lib:/home/rhobtor/PHD/ARGOJ8_IA/install/octomap_server/lib:/home/rhobtor/PHD/ARGOJ8_IA/install/octomap_rviz_plugins/lib:/home/rhobtor/PHD/ARGOJ8_IA/install/j8_xacro_model/lib:/home/rhobtor/PHD/ARGOJ8_IA/install/hector_gazebo_plugins/lib:/home/rhobtor/PHD/ARGOJ8_IA/install/fixposition_sensor_pkg/lib:/home/rhobtor/PHD/ARGOJ8_IA/install/car_cpp/lib:/home/rhobtor/PHD/ARGOJ8_IA/install/argj801_ctl_platform_interfaces/lib:/home/rhobtor/packages/install/grid_map_demos/lib:/home/rhobtor/packages/install/grid_map_visualization/lib:/home/rhobtor/packages/install/grid_map_sdf/lib:/home/rhobtor/packages/install/grid_map_rviz_plugin/lib:/home/rhobtor/packages/install/grid_map_pcl/lib:/home/rhobtor/packages/install/grid_map_loader/lib:/home/rhobtor/packages/install/grid_map_filters/lib:/home/rhobtor/packages/install/grid_map_ros/lib:/home/rhobtor/packages/install/grid_map_octomap/lib:/home/rhobtor/packages/install/grid_map_msgs/lib:/home/rhobtor/packages/install/grid_map_cv/lib:/home/rhobtor/packages/install/grid_map_costmap_2d/lib:/home/rhobtor/packages/install/grid_map_core/lib:/home/rhobtor/PHD/reactive/Reactive-Navegation/workspace_full_conected/install/octomap_server/lib:/home/rhobtor/PHD/reactive/Reactive-Navegation/workspace_full_conected/install/octomap_rviz_plugins/lib:/home/rhobtor/PHD/reactive/Reactive-Navegation/workspace_full_conected/install/hector_gazebo_plugins/lib:/home/rhobtor/PHD/reactive/Reactive-Navegation/workspace_full_conected/install/car_cpp/lib:/home/rhobtor/PHD/reactive/Reactive-Navegation/workspace_full_conected/install/car_interfaces/lib:/usr/lib/x86_64-linux-gnu/gazebo-11/plugins:/opt/ros/humble/opt/rviz_ogre_vendor/lib:/opt/ros/humble/lib/x86_64-linux-gnu:/opt/ros/humble/lib /opt/st/stm32cubeclt_1.18.0/CMake/bin/cmake --install /home/rhobtor/PHD/ARGOJ8_IA/build/octomap_server
[2.316s] INFO:colcon.colcon_core.shell:Creating environment hook '/home/rhobtor/PHD/ARGOJ8_IA/install/octomap_server/share/octomap_server/hook/cmake_prefix_path.ps1'
[2.317s] INFO:colcon.colcon_core.shell:Creating environment descriptor '/home/rhobtor/PHD/ARGOJ8_IA/install/octomap_server/share/octomap_server/hook/cmake_prefix_path.dsv'
[2.318s] INFO:colcon.colcon_core.shell:Creating environment hook '/home/rhobtor/PHD/ARGOJ8_IA/install/octomap_server/share/octomap_server/hook/cmake_prefix_path.sh'
[2.321s] Level 1:colcon.colcon_core.environment:checking '/home/rhobtor/PHD/ARGOJ8_IA/install/octomap_server/lib'
[2.321s] Level 1:colcon.colcon_core.shell:create_environment_hook('octomap_server', 'ld_library_path_lib')
[2.321s] INFO:colcon.colcon_core.shell:Creating environment hook '/home/rhobtor/PHD/ARGOJ8_IA/install/octomap_server/share/octomap_server/hook/ld_library_path_lib.ps1'
[2.322s] INFO:colcon.colcon_core.shell:Creating environment descriptor '/home/rhobtor/PHD/ARGOJ8_IA/install/octomap_server/share/octomap_server/hook/ld_library_path_lib.dsv'
[2.323s] INFO:colcon.colcon_core.shell:Creating environment hook '/home/rhobtor/PHD/ARGOJ8_IA/install/octomap_server/share/octomap_server/hook/ld_library_path_lib.sh'
[2.324s] Level 1:colcon.colcon_core.environment:checking '/home/rhobtor/PHD/ARGOJ8_IA/install/octomap_server/bin'
[2.324s] Level 1:colcon.colcon_core.environment:checking '/home/rhobtor/PHD/ARGOJ8_IA/install/octomap_server/lib/pkgconfig/octomap_server.pc'
[2.324s] Level 1:colcon.colcon_core.environment:checking '/home/rhobtor/PHD/ARGOJ8_IA/install/octomap_server/lib/python3.10/site-packages'
[2.325s] Level 1:colcon.colcon_core.environment:checking '/home/rhobtor/PHD/ARGOJ8_IA/install/octomap_server/bin'
[2.325s] INFO:colcon.colcon_core.shell:Creating package script '/home/rhobtor/PHD/ARGOJ8_IA/install/octomap_server/share/octomap_server/package.ps1'
[2.326s] INFO:colcon.colcon_core.shell:Creating package descriptor '/home/rhobtor/PHD/ARGOJ8_IA/install/octomap_server/share/octomap_server/package.dsv'
[2.328s] INFO:colcon.colcon_core.shell:Creating package script '/home/rhobtor/PHD/ARGOJ8_IA/install/octomap_server/share/octomap_server/package.sh'
[2.331s] INFO:colcon.colcon_core.shell:Creating package script '/home/rhobtor/PHD/ARGOJ8_IA/install/octomap_server/share/octomap_server/package.bash'
[2.332s] INFO:colcon.colcon_core.shell:Creating package script '/home/rhobtor/PHD/ARGOJ8_IA/install/octomap_server/share/octomap_server/package.zsh'
[2.332s] Level 1:colcon.colcon_core.environment:create_file_with_runtime_dependencies(/home/rhobtor/PHD/ARGOJ8_IA/install/octomap_server/share/colcon-core/packages/octomap_server)
[2.334s] Level 1:colcon.colcon_core.environment:create_environment_scripts_only(octomap_server)
[2.334s] Level 1:colcon.colcon_core.environment:checking '/home/rhobtor/PHD/ARGOJ8_IA/install/octomap_server' for CMake module files
[2.335s] Level 1:colcon.colcon_core.environment:checking '/home/rhobtor/PHD/ARGOJ8_IA/install/octomap_server' for CMake config files
[2.335s] Level 1:colcon.colcon_core.shell:create_environment_hook('octomap_server', 'cmake_prefix_path')
[2.336s] INFO:colcon.colcon_core.shell:Creating environment hook '/home/rhobtor/PHD/ARGOJ8_IA/install/octomap_server/share/octomap_server/hook/cmake_prefix_path.ps1'
[2.340s] INFO:colcon.colcon_core.shell:Creating environment descriptor '/home/rhobtor/PHD/ARGOJ8_IA/install/octomap_server/share/octomap_server/hook/cmake_prefix_path.dsv'
[2.341s] INFO:colcon.colcon_core.shell:Creating environment hook '/home/rhobtor/PHD/ARGOJ8_IA/install/octomap_server/share/octomap_server/hook/cmake_prefix_path.sh'
[2.342s] Level 1:colcon.colcon_core.environment:checking '/home/rhobtor/PHD/ARGOJ8_IA/install/octomap_server/lib'
[2.342s] Level 1:colcon.colcon_core.shell:create_environment_hook('octomap_server', 'ld_library_path_lib')
[2.342s] INFO:colcon.colcon_core.shell:Creating environment hook '/home/rhobtor/PHD/ARGOJ8_IA/install/octomap_server/share/octomap_server/hook/ld_library_path_lib.ps1'
[2.343s] INFO:colcon.colcon_core.shell:Creating environment descriptor '/home/rhobtor/PHD/ARGOJ8_IA/install/octomap_server/share/octomap_server/hook/ld_library_path_lib.dsv'
[2.344s] INFO:colcon.colcon_core.shell:Creating environment hook '/home/rhobtor/PHD/ARGOJ8_IA/install/octomap_server/share/octomap_server/hook/ld_library_path_lib.sh'
[2.345s] Level 1:colcon.colcon_core.environment:checking '/home/rhobtor/PHD/ARGOJ8_IA/install/octomap_server/bin'
[2.345s] Level 1:colcon.colcon_core.environment:checking '/home/rhobtor/PHD/ARGOJ8_IA/install/octomap_server/lib/pkgconfig/octomap_server.pc'
[2.346s] Level 1:colcon.colcon_core.environment:checking '/home/rhobtor/PHD/ARGOJ8_IA/install/octomap_server/lib/python3.10/site-packages'
[2.346s] Level 1:colcon.colcon_core.environment:checking '/home/rhobtor/PHD/ARGOJ8_IA/install/octomap_server/bin'
[2.347s] INFO:colcon.colcon_core.shell:Creating package script '/home/rhobtor/PHD/ARGOJ8_IA/install/octomap_server/share/octomap_server/package.ps1'
[2.348s] INFO:colcon.colcon_core.shell:Creating package descriptor '/home/rhobtor/PHD/ARGOJ8_IA/install/octomap_server/share/octomap_server/package.dsv'
[2.349s] INFO:colcon.colcon_core.shell:Creating package script '/home/rhobtor/PHD/ARGOJ8_IA/install/octomap_server/share/octomap_server/package.sh'
[2.350s] INFO:colcon.colcon_core.shell:Creating package script '/home/rhobtor/PHD/ARGOJ8_IA/install/octomap_server/share/octomap_server/package.bash'
[2.350s] INFO:colcon.colcon_core.shell:Creating package script '/home/rhobtor/PHD/ARGOJ8_IA/install/octomap_server/share/octomap_server/package.zsh'
[2.352s] Level 1:colcon.colcon_core.environment:create_file_with_runtime_dependencies(/home/rhobtor/PHD/ARGOJ8_IA/install/octomap_server/share/colcon-core/packages/octomap_server)
[2.354s] INFO:colcon.colcon_ros.task.ament_cmake.build:Building ROS package in '/home/rhobtor/PHD/ARGOJ8_IA/src/octomap/octomap_mapping' with build type 'ament_cmake'
[2.354s] INFO:colcon.colcon_cmake.task.cmake.build:Building CMake package in '/home/rhobtor/PHD/ARGOJ8_IA/src/octomap/octomap_mapping'
[2.354s] INFO:colcon.colcon_core.shell:Skip shell extension 'powershell' for command environment: Not usable outside of PowerShell
[2.355s] DEBUG:colcon.colcon_core.shell:Skip shell extension 'dsv' for command environment
[2.386s] DEBUG:colcon.colcon_core.event_handler.log_command:Invoking command in '/home/rhobtor/PHD/ARGOJ8_IA/build/octomap_mapping': CMAKE_PREFIX_PATH=/home/rhobtor/PHD/ARGOJ8_IA/install/octomap_server:/home/rhobtor/PHD/ARGOJ8_IA/install/car_interfaces:/home/rhobtor/PHD/ARGOJ8_IA/install/octomap_mapping:/home/rhobtor/PHD/ARGOJ8_IA/install/octomap_rviz_plugins:/home/rhobtor/PHD/ARGOJ8_IA/install/j8_xacro_model:/home/rhobtor/PHD/ARGOJ8_IA/install/hector_gazebo_plugins:/home/rhobtor/PHD/ARGOJ8_IA/install/fixposition_sensor_pkg:/home/rhobtor/PHD/ARGOJ8_IA/install/car_cpp:/home/rhobtor/PHD/ARGOJ8_IA/install/argj801_ctl_platform:/home/rhobtor/PHD/ARGOJ8_IA/install/argj801_ctl_platform_interfaces:/home/rhobtor/packages/install/grid_map:/home/rhobtor/packages/install/grid_map_demos:/home/rhobtor/packages/install/grid_map_visualization:/home/rhobtor/packages/install/grid_map_sdf:/home/rhobtor/packages/install/grid_map_rviz_plugin:/home/rhobtor/packages/install/grid_map_pcl:/home/rhobtor/packages/install/grid_map_loader:/home/rhobtor/packages/install/grid_map_filters:/home/rhobtor/packages/install/grid_map_ros:/home/rhobtor/packages/install/grid_map_octomap:/home/rhobtor/packages/install/grid_map_msgs:/home/rhobtor/packages/install/grid_map_cv:/home/rhobtor/packages/install/grid_map_costmap_2d:/home/rhobtor/packages/install/grid_map_core:/home/rhobtor/packages/install/grid_map_cmake_helpers:/home/rhobtor/PHD/reactive/Reactive-Navegation/workspace_full_conected/install/octomap_mapping:/home/rhobtor/PHD/reactive/Reactive-Navegation/workspace_full_conected/install/octomap_server:/home/rhobtor/PHD/reactive/Reactive-Navegation/workspace_full_conected/install/octomap_rviz_plugins:/home/rhobtor/PHD/reactive/Reactive-Navegation/workspace_full_conected/install/hector_gazebo_plugins:/home/rhobtor/PHD/reactive/Reactive-Navegation/workspace_full_conected/install/car_cpp:/home/rhobtor/PHD/reactive/Reactive-Navegation/workspace_full_conected/install/car_interfaces:/home/rhobtor/PHD/ARGOJ8_IA/install/car:/home/rhobtor/PHD/reactive/Reactive-Navegation/workspace_full_conected/install/car:/opt/ros/humble LD_LIBRARY_PATH=/home/rhobtor/PHD/ARGOJ8_IA/install/octomap_server/lib:/home/rhobtor/PHD/ARGOJ8_IA/install/car_interfaces/lib:/home/rhobtor/PHD/ARGOJ8_IA/install/octomap_rviz_plugins/lib:/home/rhobtor/PHD/ARGOJ8_IA/install/j8_xacro_model/lib:/home/rhobtor/PHD/ARGOJ8_IA/install/hector_gazebo_plugins/lib:/home/rhobtor/PHD/ARGOJ8_IA/install/fixposition_sensor_pkg/lib:/home/rhobtor/PHD/ARGOJ8_IA/install/car_cpp/lib:/home/rhobtor/PHD/ARGOJ8_IA/install/argj801_ctl_platform_interfaces/lib:/home/rhobtor/packages/install/grid_map_demos/lib:/home/rhobtor/packages/install/grid_map_visualization/lib:/home/rhobtor/packages/install/grid_map_sdf/lib:/home/rhobtor/packages/install/grid_map_rviz_plugin/lib:/home/rhobtor/packages/install/grid_map_pcl/lib:/home/rhobtor/packages/install/grid_map_loader/lib:/home/rhobtor/packages/install/grid_map_filters/lib:/home/rhobtor/packages/install/grid_map_ros/lib:/home/rhobtor/packages/install/grid_map_octomap/lib:/home/rhobtor/packages/install/grid_map_msgs/lib:/home/rhobtor/packages/install/grid_map_cv/lib:/home/rhobtor/packages/install/grid_map_costmap_2d/lib:/home/rhobtor/packages/install/grid_map_core/lib:/home/rhobtor/PHD/reactive/Reactive-Navegation/workspace_full_conected/install/octomap_server/lib:/home/rhobtor/PHD/reactive/Reactive-Navegation/workspace_full_conected/install/octomap_rviz_plugins/lib:/home/rhobtor/PHD/reactive/Reactive-Navegation/workspace_full_conected/install/hector_gazebo_plugins/lib:/home/rhobtor/PHD/reactive/Reactive-Navegation/workspace_full_conected/install/car_cpp/lib:/home/rhobtor/PHD/reactive/Reactive-Navegation/workspace_full_conected/install/car_interfaces/lib:/usr/lib/x86_64-linux-gnu/gazebo-11/plugins:/opt/ros/humble/opt/rviz_ogre_vendor/lib:/opt/ros/humble/lib/x86_64-linux-gnu:/opt/ros/humble/lib /opt/st/stm32cubeclt_1.18.0/CMake/bin/cmake --build /home/rhobtor/PHD/ARGOJ8_IA/build/octomap_mapping -- -j16 -l16
[2.398s] DEBUG:colcon.colcon_core.event_handler.log_command:Invoked command in '/home/rhobtor/PHD/ARGOJ8_IA/build/argj801_ctl_platform' returned '0': CMAKE_PREFIX_PATH=/home/rhobtor/PHD/ARGOJ8_IA/install/argj801_ctl_platform_interfaces:/home/rhobtor/PHD/ARGOJ8_IA/install/octomap_mapping:/home/rhobtor/PHD/ARGOJ8_IA/install/octomap_server:/home/rhobtor/PHD/ARGOJ8_IA/install/octomap_rviz_plugins:/home/rhobtor/PHD/ARGOJ8_IA/install/j8_xacro_model:/home/rhobtor/PHD/ARGOJ8_IA/install/hector_gazebo_plugins:/home/rhobtor/PHD/ARGOJ8_IA/install/fixposition_sensor_pkg:/home/rhobtor/PHD/ARGOJ8_IA/install/car_cpp:/home/rhobtor/PHD/ARGOJ8_IA/install/car_interfaces:/home/rhobtor/PHD/ARGOJ8_IA/install/argj801_ctl_platform:/home/rhobtor/packages/install/grid_map:/home/rhobtor/packages/install/grid_map_demos:/home/rhobtor/packages/install/grid_map_visualization:/home/rhobtor/packages/install/grid_map_sdf:/home/rhobtor/packages/install/grid_map_rviz_plugin:/home/rhobtor/packages/install/grid_map_pcl:/home/rhobtor/packages/install/grid_map_loader:/home/rhobtor/packages/install/grid_map_filters:/home/rhobtor/packages/install/grid_map_ros:/home/rhobtor/packages/install/grid_map_octomap:/home/rhobtor/packages/install/grid_map_msgs:/home/rhobtor/packages/install/grid_map_cv:/home/rhobtor/packages/install/grid_map_costmap_2d:/home/rhobtor/packages/install/grid_map_core:/home/rhobtor/packages/install/grid_map_cmake_helpers:/home/rhobtor/PHD/reactive/Reactive-Navegation/workspace_full_conected/install/octomap_mapping:/home/rhobtor/PHD/reactive/Reactive-Navegation/workspace_full_conected/install/octomap_server:/home/rhobtor/PHD/reactive/Reactive-Navegation/workspace_full_conected/install/octomap_rviz_plugins:/home/rhobtor/PHD/reactive/Reactive-Navegation/workspace_full_conected/install/hector_gazebo_plugins:/home/rhobtor/PHD/reactive/Reactive-Navegation/workspace_full_conected/install/car_cpp:/home/rhobtor/PHD/reactive/Reactive-Navegation/workspace_full_conected/install/car_interfaces:/home/rhobtor/PHD/ARGOJ8_IA/install/car:/home/rhobtor/PHD/reactive/Reactive-Navegation/workspace_full_conected/install/car:/opt/ros/humble LD_LIBRARY_PATH=/home/rhobtor/PHD/ARGOJ8_IA/install/argj801_ctl_platform_interfaces/lib:/home/rhobtor/PHD/ARGOJ8_IA/install/octomap_server/lib:/home/rhobtor/PHD/ARGOJ8_IA/install/octomap_rviz_plugins/lib:/home/rhobtor/PHD/ARGOJ8_IA/install/j8_xacro_model/lib:/home/rhobtor/PHD/ARGOJ8_IA/install/hector_gazebo_plugins/lib:/home/rhobtor/PHD/ARGOJ8_IA/install/fixposition_sensor_pkg/lib:/home/rhobtor/PHD/ARGOJ8_IA/install/car_cpp/lib:/home/rhobtor/PHD/ARGOJ8_IA/install/car_interfaces/lib:/home/rhobtor/packages/install/grid_map_demos/lib:/home/rhobtor/packages/install/grid_map_visualization/lib:/home/rhobtor/packages/install/grid_map_sdf/lib:/home/rhobtor/packages/install/grid_map_rviz_plugin/lib:/home/rhobtor/packages/install/grid_map_pcl/lib:/home/rhobtor/packages/install/grid_map_loader/lib:/home/rhobtor/packages/install/grid_map_filters/lib:/home/rhobtor/packages/install/grid_map_ros/lib:/home/rhobtor/packages/install/grid_map_octomap/lib:/home/rhobtor/packages/install/grid_map_msgs/lib:/home/rhobtor/packages/install/grid_map_cv/lib:/home/rhobtor/packages/install/grid_map_costmap_2d/lib:/home/rhobtor/packages/install/grid_map_core/lib:/home/rhobtor/PHD/reactive/Reactive-Navegation/workspace_full_conected/install/octomap_server/lib:/home/rhobtor/PHD/reactive/Reactive-Navegation/workspace_full_conected/install/octomap_rviz_plugins/lib:/home/rhobtor/PHD/reactive/Reactive-Navegation/workspace_full_conected/install/hector_gazebo_plugins/lib:/home/rhobtor/PHD/reactive/Reactive-Navegation/workspace_full_conected/install/car_cpp/lib:/home/rhobtor/PHD/reactive/Reactive-Navegation/workspace_full_conected/install/car_interfaces/lib:/usr/lib/x86_64-linux-gnu/gazebo-11/plugins:/opt/ros/humble/opt/rviz_ogre_vendor/lib:/opt/ros/humble/lib/x86_64-linux-gnu:/opt/ros/humble/lib /opt/st/stm32cubeclt_1.18.0/CMake/bin/cmake --build /home/rhobtor/PHD/ARGOJ8_IA/build/argj801_ctl_platform -- -j16 -l16
[2.401s] DEBUG:colcon.colcon_core.event_handler.log_command:Invoking command in '/home/rhobtor/PHD/ARGOJ8_IA/build/argj801_ctl_platform': CMAKE_PREFIX_PATH=/home/rhobtor/PHD/ARGOJ8_IA/install/argj801_ctl_platform_interfaces:/home/rhobtor/PHD/ARGOJ8_IA/install/octomap_mapping:/home/rhobtor/PHD/ARGOJ8_IA/install/octomap_server:/home/rhobtor/PHD/ARGOJ8_IA/install/octomap_rviz_plugins:/home/rhobtor/PHD/ARGOJ8_IA/install/j8_xacro_model:/home/rhobtor/PHD/ARGOJ8_IA/install/hector_gazebo_plugins:/home/rhobtor/PHD/ARGOJ8_IA/install/fixposition_sensor_pkg:/home/rhobtor/PHD/ARGOJ8_IA/install/car_cpp:/home/rhobtor/PHD/ARGOJ8_IA/install/car_interfaces:/home/rhobtor/PHD/ARGOJ8_IA/install/argj801_ctl_platform:/home/rhobtor/packages/install/grid_map:/home/rhobtor/packages/install/grid_map_demos:/home/rhobtor/packages/install/grid_map_visualization:/home/rhobtor/packages/install/grid_map_sdf:/home/rhobtor/packages/install/grid_map_rviz_plugin:/home/rhobtor/packages/install/grid_map_pcl:/home/rhobtor/packages/install/grid_map_loader:/home/rhobtor/packages/install/grid_map_filters:/home/rhobtor/packages/install/grid_map_ros:/home/rhobtor/packages/install/grid_map_octomap:/home/rhobtor/packages/install/grid_map_msgs:/home/rhobtor/packages/install/grid_map_cv:/home/rhobtor/packages/install/grid_map_costmap_2d:/home/rhobtor/packages/install/grid_map_core:/home/rhobtor/packages/install/grid_map_cmake_helpers:/home/rhobtor/PHD/reactive/Reactive-Navegation/workspace_full_conected/install/octomap_mapping:/home/rhobtor/PHD/reactive/Reactive-Navegation/workspace_full_conected/install/octomap_server:/home/rhobtor/PHD/reactive/Reactive-Navegation/workspace_full_conected/install/octomap_rviz_plugins:/home/rhobtor/PHD/reactive/Reactive-Navegation/workspace_full_conected/install/hector_gazebo_plugins:/home/rhobtor/PHD/reactive/Reactive-Navegation/workspace_full_conected/install/car_cpp:/home/rhobtor/PHD/reactive/Reactive-Navegation/workspace_full_conected/install/car_interfaces:/home/rhobtor/PHD/ARGOJ8_IA/install/car:/home/rhobtor/PHD/reactive/Reactive-Navegation/workspace_full_conected/install/car:/opt/ros/humble LD_LIBRARY_PATH=/home/rhobtor/PHD/ARGOJ8_IA/install/argj801_ctl_platform_interfaces/lib:/home/rhobtor/PHD/ARGOJ8_IA/install/octomap_server/lib:/home/rhobtor/PHD/ARGOJ8_IA/install/octomap_rviz_plugins/lib:/home/rhobtor/PHD/ARGOJ8_IA/install/j8_xacro_model/lib:/home/rhobtor/PHD/ARGOJ8_IA/install/hector_gazebo_plugins/lib:/home/rhobtor/PHD/ARGOJ8_IA/install/fixposition_sensor_pkg/lib:/home/rhobtor/PHD/ARGOJ8_IA/install/car_cpp/lib:/home/rhobtor/PHD/ARGOJ8_IA/install/car_interfaces/lib:/home/rhobtor/packages/install/grid_map_demos/lib:/home/rhobtor/packages/install/grid_map_visualization/lib:/home/rhobtor/packages/install/grid_map_sdf/lib:/home/rhobtor/packages/install/grid_map_rviz_plugin/lib:/home/rhobtor/packages/install/grid_map_pcl/lib:/home/rhobtor/packages/install/grid_map_loader/lib:/home/rhobtor/packages/install/grid_map_filters/lib:/home/rhobtor/packages/install/grid_map_ros/lib:/home/rhobtor/packages/install/grid_map_octomap/lib:/home/rhobtor/packages/install/grid_map_msgs/lib:/home/rhobtor/packages/install/grid_map_cv/lib:/home/rhobtor/packages/install/grid_map_costmap_2d/lib:/home/rhobtor/packages/install/grid_map_core/lib:/home/rhobtor/PHD/reactive/Reactive-Navegation/workspace_full_conected/install/octomap_server/lib:/home/rhobtor/PHD/reactive/Reactive-Navegation/workspace_full_conected/install/octomap_rviz_plugins/lib:/home/rhobtor/PHD/reactive/Reactive-Navegation/workspace_full_conected/install/hector_gazebo_plugins/lib:/home/rhobtor/PHD/reactive/Reactive-Navegation/workspace_full_conected/install/car_cpp/lib:/home/rhobtor/PHD/reactive/Reactive-Navegation/workspace_full_conected/install/car_interfaces/lib:/usr/lib/x86_64-linux-gnu/gazebo-11/plugins:/opt/ros/humble/opt/rviz_ogre_vendor/lib:/opt/ros/humble/lib/x86_64-linux-gnu:/opt/ros/humble/lib /opt/st/stm32cubeclt_1.18.0/CMake/bin/cmake --install /home/rhobtor/PHD/ARGOJ8_IA/build/argj801_ctl_platform
[2.419s] Level 1:colcon.colcon_core.environment:create_environment_scripts_only(argj801_ctl_platform)
[2.420s] Level 1:colcon.colcon_core.environment:checking '/home/rhobtor/PHD/ARGOJ8_IA/install/argj801_ctl_platform' for CMake module files
[2.421s] DEBUG:colcon.colcon_core.event_handler.log_command:Invoked command in '/home/rhobtor/PHD/ARGOJ8_IA/build/argj801_ctl_platform' returned '0': CMAKE_PREFIX_PATH=/home/rhobtor/PHD/ARGOJ8_IA/install/argj801_ctl_platform_interfaces:/home/rhobtor/PHD/ARGOJ8_IA/install/octomap_mapping:/home/rhobtor/PHD/ARGOJ8_IA/install/octomap_server:/home/rhobtor/PHD/ARGOJ8_IA/install/octomap_rviz_plugins:/home/rhobtor/PHD/ARGOJ8_IA/install/j8_xacro_model:/home/rhobtor/PHD/ARGOJ8_IA/install/hector_gazebo_plugins:/home/rhobtor/PHD/ARGOJ8_IA/install/fixposition_sensor_pkg:/home/rhobtor/PHD/ARGOJ8_IA/install/car_cpp:/home/rhobtor/PHD/ARGOJ8_IA/install/car_interfaces:/home/rhobtor/PHD/ARGOJ8_IA/install/argj801_ctl_platform:/home/rhobtor/packages/install/grid_map:/home/rhobtor/packages/install/grid_map_demos:/home/rhobtor/packages/install/grid_map_visualization:/home/rhobtor/packages/install/grid_map_sdf:/home/rhobtor/packages/install/grid_map_rviz_plugin:/home/rhobtor/packages/install/grid_map_pcl:/home/rhobtor/packages/install/grid_map_loader:/home/rhobtor/packages/install/grid_map_filters:/home/rhobtor/packages/install/grid_map_ros:/home/rhobtor/packages/install/grid_map_octomap:/home/rhobtor/packages/install/grid_map_msgs:/home/rhobtor/packages/install/grid_map_cv:/home/rhobtor/packages/install/grid_map_costmap_2d:/home/rhobtor/packages/install/grid_map_core:/home/rhobtor/packages/install/grid_map_cmake_helpers:/home/rhobtor/PHD/reactive/Reactive-Navegation/workspace_full_conected/install/octomap_mapping:/home/rhobtor/PHD/reactive/Reactive-Navegation/workspace_full_conected/install/octomap_server:/home/rhobtor/PHD/reactive/Reactive-Navegation/workspace_full_conected/install/octomap_rviz_plugins:/home/rhobtor/PHD/reactive/Reactive-Navegation/workspace_full_conected/install/hector_gazebo_plugins:/home/rhobtor/PHD/reactive/Reactive-Navegation/workspace_full_conected/install/car_cpp:/home/rhobtor/PHD/reactive/Reactive-Navegation/workspace_full_conected/install/car_interfaces:/home/rhobtor/PHD/ARGOJ8_IA/install/car:/home/rhobtor/PHD/reactive/Reactive-Navegation/workspace_full_conected/install/car:/opt/ros/humble LD_LIBRARY_PATH=/home/rhobtor/PHD/ARGOJ8_IA/install/argj801_ctl_platform_interfaces/lib:/home/rhobtor/PHD/ARGOJ8_IA/install/octomap_server/lib:/home/rhobtor/PHD/ARGOJ8_IA/install/octomap_rviz_plugins/lib:/home/rhobtor/PHD/ARGOJ8_IA/install/j8_xacro_model/lib:/home/rhobtor/PHD/ARGOJ8_IA/install/hector_gazebo_plugins/lib:/home/rhobtor/PHD/ARGOJ8_IA/install/fixposition_sensor_pkg/lib:/home/rhobtor/PHD/ARGOJ8_IA/install/car_cpp/lib:/home/rhobtor/PHD/ARGOJ8_IA/install/car_interfaces/lib:/home/rhobtor/packages/install/grid_map_demos/lib:/home/rhobtor/packages/install/grid_map_visualization/lib:/home/rhobtor/packages/install/grid_map_sdf/lib:/home/rhobtor/packages/install/grid_map_rviz_plugin/lib:/home/rhobtor/packages/install/grid_map_pcl/lib:/home/rhobtor/packages/install/grid_map_loader/lib:/home/rhobtor/packages/install/grid_map_filters/lib:/home/rhobtor/packages/install/grid_map_ros/lib:/home/rhobtor/packages/install/grid_map_octomap/lib:/home/rhobtor/packages/install/grid_map_msgs/lib:/home/rhobtor/packages/install/grid_map_cv/lib:/home/rhobtor/packages/install/grid_map_costmap_2d/lib:/home/rhobtor/packages/install/grid_map_core/lib:/home/rhobtor/PHD/reactive/Reactive-Navegation/workspace_full_conected/install/octomap_server/lib:/home/rhobtor/PHD/reactive/Reactive-Navegation/workspace_full_conected/install/octomap_rviz_plugins/lib:/home/rhobtor/PHD/reactive/Reactive-Navegation/workspace_full_conected/install/hector_gazebo_plugins/lib:/home/rhobtor/PHD/reactive/Reactive-Navegation/workspace_full_conected/install/car_cpp/lib:/home/rhobtor/PHD/reactive/Reactive-Navegation/workspace_full_conected/install/car_interfaces/lib:/usr/lib/x86_64-linux-gnu/gazebo-11/plugins:/opt/ros/humble/opt/rviz_ogre_vendor/lib:/opt/ros/humble/lib/x86_64-linux-gnu:/opt/ros/humble/lib /opt/st/stm32cubeclt_1.18.0/CMake/bin/cmake --install /home/rhobtor/PHD/ARGOJ8_IA/build/argj801_ctl_platform
[2.421s] Level 1:colcon.colcon_core.environment:checking '/home/rhobtor/PHD/ARGOJ8_IA/install/argj801_ctl_platform' for CMake config files
[2.422s] Level 1:colcon.colcon_core.shell:create_environment_hook('argj801_ctl_platform', 'cmake_prefix_path')
[2.422s] INFO:colcon.colcon_core.shell:Creating environment hook '/home/rhobtor/PHD/ARGOJ8_IA/install/argj801_ctl_platform/share/argj801_ctl_platform/hook/cmake_prefix_path.ps1'
[2.423s] INFO:colcon.colcon_core.shell:Creating environment descriptor '/home/rhobtor/PHD/ARGOJ8_IA/install/argj801_ctl_platform/share/argj801_ctl_platform/hook/cmake_prefix_path.dsv'
[2.423s] INFO:colcon.colcon_core.shell:Creating environment hook '/home/rhobtor/PHD/ARGOJ8_IA/install/argj801_ctl_platform/share/argj801_ctl_platform/hook/cmake_prefix_path.sh'
[2.424s] Level 1:colcon.colcon_core.environment:checking '/home/rhobtor/PHD/ARGOJ8_IA/install/argj801_ctl_platform/lib'
[2.424s] Level 1:colcon.colcon_core.environment:checking '/home/rhobtor/PHD/ARGOJ8_IA/install/argj801_ctl_platform/bin'
[2.424s] Level 1:colcon.colcon_core.environment:checking '/home/rhobtor/PHD/ARGOJ8_IA/install/argj801_ctl_platform/lib/pkgconfig/argj801_ctl_platform.pc'
[2.424s] Level 1:colcon.colcon_core.environment:checking '/home/rhobtor/PHD/ARGOJ8_IA/install/argj801_ctl_platform/lib/python3.10/site-packages'
[2.425s] Level 1:colcon.colcon_core.environment:checking '/home/rhobtor/PHD/ARGOJ8_IA/install/argj801_ctl_platform/bin'
[2.425s] INFO:colcon.colcon_core.shell:Creating package script '/home/rhobtor/PHD/ARGOJ8_IA/install/argj801_ctl_platform/share/argj801_ctl_platform/package.ps1'
[2.426s] INFO:colcon.colcon_core.shell:Creating package descriptor '/home/rhobtor/PHD/ARGOJ8_IA/install/argj801_ctl_platform/share/argj801_ctl_platform/package.dsv'
[2.426s] INFO:colcon.colcon_core.shell:Creating package script '/home/rhobtor/PHD/ARGOJ8_IA/install/argj801_ctl_platform/share/argj801_ctl_platform/package.sh'
[2.427s] INFO:colcon.colcon_core.shell:Creating package script '/home/rhobtor/PHD/ARGOJ8_IA/install/argj801_ctl_platform/share/argj801_ctl_platform/package.bash'
[2.427s] INFO:colcon.colcon_core.shell:Creating package script '/home/rhobtor/PHD/ARGOJ8_IA/install/argj801_ctl_platform/share/argj801_ctl_platform/package.zsh'
[2.428s] Level 1:colcon.colcon_core.environment:create_file_with_runtime_dependencies(/home/rhobtor/PHD/ARGOJ8_IA/install/argj801_ctl_platform/share/colcon-core/packages/argj801_ctl_platform)
[2.429s] Level 1:colcon.colcon_core.environment:create_environment_scripts_only(argj801_ctl_platform)
[2.430s] Level 1:colcon.colcon_core.environment:checking '/home/rhobtor/PHD/ARGOJ8_IA/install/argj801_ctl_platform' for CMake module files
[2.431s] Level 1:colcon.colcon_core.environment:checking '/home/rhobtor/PHD/ARGOJ8_IA/install/argj801_ctl_platform' for CMake config files
[2.432s] Level 1:colcon.colcon_core.shell:create_environment_hook('argj801_ctl_platform', 'cmake_prefix_path')
[2.432s] INFO:colcon.colcon_core.shell:Creating environment hook '/home/rhobtor/PHD/ARGOJ8_IA/install/argj801_ctl_platform/share/argj801_ctl_platform/hook/cmake_prefix_path.ps1'
[2.433s] INFO:colcon.colcon_core.shell:Creating environment descriptor '/home/rhobtor/PHD/ARGOJ8_IA/install/argj801_ctl_platform/share/argj801_ctl_platform/hook/cmake_prefix_path.dsv'
[2.434s] INFO:colcon.colcon_core.shell:Creating environment hook '/home/rhobtor/PHD/ARGOJ8_IA/install/argj801_ctl_platform/share/argj801_ctl_platform/hook/cmake_prefix_path.sh'
[2.435s] Level 1:colcon.colcon_core.environment:checking '/home/rhobtor/PHD/ARGOJ8_IA/install/argj801_ctl_platform/lib'
[2.435s] Level 1:colcon.colcon_core.environment:checking '/home/rhobtor/PHD/ARGOJ8_IA/install/argj801_ctl_platform/bin'
[2.436s] Level 1:colcon.colcon_core.environment:checking '/home/rhobtor/PHD/ARGOJ8_IA/install/argj801_ctl_platform/lib/pkgconfig/argj801_ctl_platform.pc'
[2.436s] Level 1:colcon.colcon_core.environment:checking '/home/rhobtor/PHD/ARGOJ8_IA/install/argj801_ctl_platform/lib/python3.10/site-packages'
[2.437s] Level 1:colcon.colcon_core.environment:checking '/home/rhobtor/PHD/ARGOJ8_IA/install/argj801_ctl_platform/bin'
[2.437s] INFO:colcon.colcon_core.shell:Creating package script '/home/rhobtor/PHD/ARGOJ8_IA/install/argj801_ctl_platform/share/argj801_ctl_platform/package.ps1'
[2.438s] INFO:colcon.colcon_core.shell:Creating package descriptor '/home/rhobtor/PHD/ARGOJ8_IA/install/argj801_ctl_platform/share/argj801_ctl_platform/package.dsv'
[2.439s] INFO:colcon.colcon_core.shell:Creating package script '/home/rhobtor/PHD/ARGOJ8_IA/install/argj801_ctl_platform/share/argj801_ctl_platform/package.sh'
[2.440s] INFO:colcon.colcon_core.shell:Creating package script '/home/rhobtor/PHD/ARGOJ8_IA/install/argj801_ctl_platform/share/argj801_ctl_platform/package.bash'
[2.441s] INFO:colcon.colcon_core.shell:Creating package script '/home/rhobtor/PHD/ARGOJ8_IA/install/argj801_ctl_platform/share/argj801_ctl_platform/package.zsh'
[2.442s] Level 1:colcon.colcon_core.environment:create_file_with_runtime_dependencies(/home/rhobtor/PHD/ARGOJ8_IA/install/argj801_ctl_platform/share/colcon-core/packages/argj801_ctl_platform)
[2.445s] DEBUG:colcon.colcon_core.event_handler.log_command:Invoked command in '/home/rhobtor/PHD/ARGOJ8_IA/build/car_cpp' returned '0': CMAKE_PREFIX_PATH=/home/rhobtor/PHD/ARGOJ8_IA/install/car_interfaces:/home/rhobtor/PHD/ARGOJ8_IA/install/octomap_mapping:/home/rhobtor/PHD/ARGOJ8_IA/install/octomap_server:/home/rhobtor/PHD/ARGOJ8_IA/install/octomap_rviz_plugins:/home/rhobtor/PHD/ARGOJ8_IA/install/j8_xacro_model:/home/rhobtor/PHD/ARGOJ8_IA/install/hector_gazebo_plugins:/home/rhobtor/PHD/ARGOJ8_IA/install/fixposition_sensor_pkg:/home/rhobtor/PHD/ARGOJ8_IA/install/car_cpp:/home/rhobtor/PHD/ARGOJ8_IA/install/argj801_ctl_platform:/home/rhobtor/PHD/ARGOJ8_IA/install/argj801_ctl_platform_interfaces:/home/rhobtor/packages/install/grid_map:/home/rhobtor/packages/install/grid_map_demos:/home/rhobtor/packages/install/grid_map_visualization:/home/rhobtor/packages/install/grid_map_sdf:/home/rhobtor/packages/install/grid_map_rviz_plugin:/home/rhobtor/packages/install/grid_map_pcl:/home/rhobtor/packages/install/grid_map_loader:/home/rhobtor/packages/install/grid_map_filters:/home/rhobtor/packages/install/grid_map_ros:/home/rhobtor/packages/install/grid_map_octomap:/home/rhobtor/packages/install/grid_map_msgs:/home/rhobtor/packages/install/grid_map_cv:/home/rhobtor/packages/install/grid_map_costmap_2d:/home/rhobtor/packages/install/grid_map_core:/home/rhobtor/packages/install/grid_map_cmake_helpers:/home/rhobtor/PHD/reactive/Reactive-Navegation/workspace_full_conected/install/octomap_mapping:/home/rhobtor/PHD/reactive/Reactive-Navegation/workspace_full_conected/install/octomap_server:/home/rhobtor/PHD/reactive/Reactive-Navegation/workspace_full_conected/install/octomap_rviz_plugins:/home/rhobtor/PHD/reactive/Reactive-Navegation/workspace_full_conected/install/hector_gazebo_plugins:/home/rhobtor/PHD/reactive/Reactive-Navegation/workspace_full_conected/install/car_cpp:/home/rhobtor/PHD/reactive/Reactive-Navegation/workspace_full_conected/install/car_interfaces:/home/rhobtor/PHD/ARGOJ8_IA/install/car:/home/rhobtor/PHD/reactive/Reactive-Navegation/workspace_full_conected/install/car:/opt/ros/humble LD_LIBRARY_PATH=/home/rhobtor/PHD/ARGOJ8_IA/install/car_interfaces/lib:/home/rhobtor/PHD/ARGOJ8_IA/install/octomap_server/lib:/home/rhobtor/PHD/ARGOJ8_IA/install/octomap_rviz_plugins/lib:/home/rhobtor/PHD/ARGOJ8_IA/install/j8_xacro_model/lib:/home/rhobtor/PHD/ARGOJ8_IA/install/hector_gazebo_plugins/lib:/home/rhobtor/PHD/ARGOJ8_IA/install/fixposition_sensor_pkg/lib:/home/rhobtor/PHD/ARGOJ8_IA/install/car_cpp/lib:/home/rhobtor/PHD/ARGOJ8_IA/install/argj801_ctl_platform_interfaces/lib:/home/rhobtor/packages/install/grid_map_demos/lib:/home/rhobtor/packages/install/grid_map_visualization/lib:/home/rhobtor/packages/install/grid_map_sdf/lib:/home/rhobtor/packages/install/grid_map_rviz_plugin/lib:/home/rhobtor/packages/install/grid_map_pcl/lib:/home/rhobtor/packages/install/grid_map_loader/lib:/home/rhobtor/packages/install/grid_map_filters/lib:/home/rhobtor/packages/install/grid_map_ros/lib:/home/rhobtor/packages/install/grid_map_octomap/lib:/home/rhobtor/packages/install/grid_map_msgs/lib:/home/rhobtor/packages/install/grid_map_cv/lib:/home/rhobtor/packages/install/grid_map_costmap_2d/lib:/home/rhobtor/packages/install/grid_map_core/lib:/home/rhobtor/PHD/reactive/Reactive-Navegation/workspace_full_conected/install/octomap_server/lib:/home/rhobtor/PHD/reactive/Reactive-Navegation/workspace_full_conected/install/octomap_rviz_plugins/lib:/home/rhobtor/PHD/reactive/Reactive-Navegation/workspace_full_conected/install/hector_gazebo_plugins/lib:/home/rhobtor/PHD/reactive/Reactive-Navegation/workspace_full_conected/install/car_cpp/lib:/home/rhobtor/PHD/reactive/Reactive-Navegation/workspace_full_conected/install/car_interfaces/lib:/usr/lib/x86_64-linux-gnu/gazebo-11/plugins:/opt/ros/humble/opt/rviz_ogre_vendor/lib:/opt/ros/humble/lib/x86_64-linux-gnu:/opt/ros/humble/lib /opt/st/stm32cubeclt_1.18.0/CMake/bin/cmake --build /home/rhobtor/PHD/ARGOJ8_IA/build/car_cpp -- -j16 -l16
[2.448s] DEBUG:colcon.colcon_core.event_handler.log_command:Invoking command in '/home/rhobtor/PHD/ARGOJ8_IA/build/car_cpp': CMAKE_PREFIX_PATH=/home/rhobtor/PHD/ARGOJ8_IA/install/car_interfaces:/home/rhobtor/PHD/ARGOJ8_IA/install/octomap_mapping:/home/rhobtor/PHD/ARGOJ8_IA/install/octomap_server:/home/rhobtor/PHD/ARGOJ8_IA/install/octomap_rviz_plugins:/home/rhobtor/PHD/ARGOJ8_IA/install/j8_xacro_model:/home/rhobtor/PHD/ARGOJ8_IA/install/hector_gazebo_plugins:/home/rhobtor/PHD/ARGOJ8_IA/install/fixposition_sensor_pkg:/home/rhobtor/PHD/ARGOJ8_IA/install/car_cpp:/home/rhobtor/PHD/ARGOJ8_IA/install/argj801_ctl_platform:/home/rhobtor/PHD/ARGOJ8_IA/install/argj801_ctl_platform_interfaces:/home/rhobtor/packages/install/grid_map:/home/rhobtor/packages/install/grid_map_demos:/home/rhobtor/packages/install/grid_map_visualization:/home/rhobtor/packages/install/grid_map_sdf:/home/rhobtor/packages/install/grid_map_rviz_plugin:/home/rhobtor/packages/install/grid_map_pcl:/home/rhobtor/packages/install/grid_map_loader:/home/rhobtor/packages/install/grid_map_filters:/home/rhobtor/packages/install/grid_map_ros:/home/rhobtor/packages/install/grid_map_octomap:/home/rhobtor/packages/install/grid_map_msgs:/home/rhobtor/packages/install/grid_map_cv:/home/rhobtor/packages/install/grid_map_costmap_2d:/home/rhobtor/packages/install/grid_map_core:/home/rhobtor/packages/install/grid_map_cmake_helpers:/home/rhobtor/PHD/reactive/Reactive-Navegation/workspace_full_conected/install/octomap_mapping:/home/rhobtor/PHD/reactive/Reactive-Navegation/workspace_full_conected/install/octomap_server:/home/rhobtor/PHD/reactive/Reactive-Navegation/workspace_full_conected/install/octomap_rviz_plugins:/home/rhobtor/PHD/reactive/Reactive-Navegation/workspace_full_conected/install/hector_gazebo_plugins:/home/rhobtor/PHD/reactive/Reactive-Navegation/workspace_full_conected/install/car_cpp:/home/rhobtor/PHD/reactive/Reactive-Navegation/workspace_full_conected/install/car_interfaces:/home/rhobtor/PHD/ARGOJ8_IA/install/car:/home/rhobtor/PHD/reactive/Reactive-Navegation/workspace_full_conected/install/car:/opt/ros/humble LD_LIBRARY_PATH=/home/rhobtor/PHD/ARGOJ8_IA/install/car_interfaces/lib:/home/rhobtor/PHD/ARGOJ8_IA/install/octomap_server/lib:/home/rhobtor/PHD/ARGOJ8_IA/install/octomap_rviz_plugins/lib:/home/rhobtor/PHD/ARGOJ8_IA/install/j8_xacro_model/lib:/home/rhobtor/PHD/ARGOJ8_IA/install/hector_gazebo_plugins/lib:/home/rhobtor/PHD/ARGOJ8_IA/install/fixposition_sensor_pkg/lib:/home/rhobtor/PHD/ARGOJ8_IA/install/car_cpp/lib:/home/rhobtor/PHD/ARGOJ8_IA/install/argj801_ctl_platform_interfaces/lib:/home/rhobtor/packages/install/grid_map_demos/lib:/home/rhobtor/packages/install/grid_map_visualization/lib:/home/rhobtor/packages/install/grid_map_sdf/lib:/home/rhobtor/packages/install/grid_map_rviz_plugin/lib:/home/rhobtor/packages/install/grid_map_pcl/lib:/home/rhobtor/packages/install/grid_map_loader/lib:/home/rhobtor/packages/install/grid_map_filters/lib:/home/rhobtor/packages/install/grid_map_ros/lib:/home/rhobtor/packages/install/grid_map_octomap/lib:/home/rhobtor/packages/install/grid_map_msgs/lib:/home/rhobtor/packages/install/grid_map_cv/lib:/home/rhobtor/packages/install/grid_map_costmap_2d/lib:/home/rhobtor/packages/install/grid_map_core/lib:/home/rhobtor/PHD/reactive/Reactive-Navegation/workspace_full_conected/install/octomap_server/lib:/home/rhobtor/PHD/reactive/Reactive-Navegation/workspace_full_conected/install/octomap_rviz_plugins/lib:/home/rhobtor/PHD/reactive/Reactive-Navegation/workspace_full_conected/install/hector_gazebo_plugins/lib:/home/rhobtor/PHD/reactive/Reactive-Navegation/workspace_full_conected/install/car_cpp/lib:/home/rhobtor/PHD/reactive/Reactive-Navegation/workspace_full_conected/install/car_interfaces/lib:/usr/lib/x86_64-linux-gnu/gazebo-11/plugins:/opt/ros/humble/opt/rviz_ogre_vendor/lib:/opt/ros/humble/lib/x86_64-linux-gnu:/opt/ros/humble/lib /opt/st/stm32cubeclt_1.18.0/CMake/bin/cmake --install /home/rhobtor/PHD/ARGOJ8_IA/build/car_cpp
[2.448s] INFO:colcon.colcon_ros.task.ament_cmake.build:Building ROS package in '/home/rhobtor/PHD/ARGOJ8_IA/src/gazebo_sim_pkgs/j8_xacro_model' with build type 'ament_cmake'
[2.449s] INFO:colcon.colcon_cmake.task.cmake.build:Building CMake package in '/home/rhobtor/PHD/ARGOJ8_IA/src/gazebo_sim_pkgs/j8_xacro_model'
[2.449s] INFO:colcon.colcon_core.shell:Skip shell extension 'powershell' for command environment: Not usable outside of PowerShell
[2.450s] DEBUG:colcon.colcon_core.shell:Skip shell extension 'dsv' for command environment
[2.460s] DEBUG:colcon.colcon_core.event_handler.log_command:Invoked command in '/home/rhobtor/PHD/ARGOJ8_IA/build/octomap_mapping' returned '0': CMAKE_PREFIX_PATH=/home/rhobtor/PHD/ARGOJ8_IA/install/octomap_server:/home/rhobtor/PHD/ARGOJ8_IA/install/car_interfaces:/home/rhobtor/PHD/ARGOJ8_IA/install/octomap_mapping:/home/rhobtor/PHD/ARGOJ8_IA/install/octomap_rviz_plugins:/home/rhobtor/PHD/ARGOJ8_IA/install/j8_xacro_model:/home/rhobtor/PHD/ARGOJ8_IA/install/hector_gazebo_plugins:/home/rhobtor/PHD/ARGOJ8_IA/install/fixposition_sensor_pkg:/home/rhobtor/PHD/ARGOJ8_IA/install/car_cpp:/home/rhobtor/PHD/ARGOJ8_IA/install/argj801_ctl_platform:/home/rhobtor/PHD/ARGOJ8_IA/install/argj801_ctl_platform_interfaces:/home/rhobtor/packages/install/grid_map:/home/rhobtor/packages/install/grid_map_demos:/home/rhobtor/packages/install/grid_map_visualization:/home/rhobtor/packages/install/grid_map_sdf:/home/rhobtor/packages/install/grid_map_rviz_plugin:/home/rhobtor/packages/install/grid_map_pcl:/home/rhobtor/packages/install/grid_map_loader:/home/rhobtor/packages/install/grid_map_filters:/home/rhobtor/packages/install/grid_map_ros:/home/rhobtor/packages/install/grid_map_octomap:/home/rhobtor/packages/install/grid_map_msgs:/home/rhobtor/packages/install/grid_map_cv:/home/rhobtor/packages/install/grid_map_costmap_2d:/home/rhobtor/packages/install/grid_map_core:/home/rhobtor/packages/install/grid_map_cmake_helpers:/home/rhobtor/PHD/reactive/Reactive-Navegation/workspace_full_conected/install/octomap_mapping:/home/rhobtor/PHD/reactive/Reactive-Navegation/workspace_full_conected/install/octomap_server:/home/rhobtor/PHD/reactive/Reactive-Navegation/workspace_full_conected/install/octomap_rviz_plugins:/home/rhobtor/PHD/reactive/Reactive-Navegation/workspace_full_conected/install/hector_gazebo_plugins:/home/rhobtor/PHD/reactive/Reactive-Navegation/workspace_full_conected/install/car_cpp:/home/rhobtor/PHD/reactive/Reactive-Navegation/workspace_full_conected/install/car_interfaces:/home/rhobtor/PHD/ARGOJ8_IA/install/car:/home/rhobtor/PHD/reactive/Reactive-Navegation/workspace_full_conected/install/car:/opt/ros/humble LD_LIBRARY_PATH=/home/rhobtor/PHD/ARGOJ8_IA/install/octomap_server/lib:/home/rhobtor/PHD/ARGOJ8_IA/install/car_interfaces/lib:/home/rhobtor/PHD/ARGOJ8_IA/install/octomap_rviz_plugins/lib:/home/rhobtor/PHD/ARGOJ8_IA/install/j8_xacro_model/lib:/home/rhobtor/PHD/ARGOJ8_IA/install/hector_gazebo_plugins/lib:/home/rhobtor/PHD/ARGOJ8_IA/install/fixposition_sensor_pkg/lib:/home/rhobtor/PHD/ARGOJ8_IA/install/car_cpp/lib:/home/rhobtor/PHD/ARGOJ8_IA/install/argj801_ctl_platform_interfaces/lib:/home/rhobtor/packages/install/grid_map_demos/lib:/home/rhobtor/packages/install/grid_map_visualization/lib:/home/rhobtor/packages/install/grid_map_sdf/lib:/home/rhobtor/packages/install/grid_map_rviz_plugin/lib:/home/rhobtor/packages/install/grid_map_pcl/lib:/home/rhobtor/packages/install/grid_map_loader/lib:/home/rhobtor/packages/install/grid_map_filters/lib:/home/rhobtor/packages/install/grid_map_ros/lib:/home/rhobtor/packages/install/grid_map_octomap/lib:/home/rhobtor/packages/install/grid_map_msgs/lib:/home/rhobtor/packages/install/grid_map_cv/lib:/home/rhobtor/packages/install/grid_map_costmap_2d/lib:/home/rhobtor/packages/install/grid_map_core/lib:/home/rhobtor/PHD/reactive/Reactive-Navegation/workspace_full_conected/install/octomap_server/lib:/home/rhobtor/PHD/reactive/Reactive-Navegation/workspace_full_conected/install/octomap_rviz_plugins/lib:/home/rhobtor/PHD/reactive/Reactive-Navegation/workspace_full_conected/install/hector_gazebo_plugins/lib:/home/rhobtor/PHD/reactive/Reactive-Navegation/workspace_full_conected/install/car_cpp/lib:/home/rhobtor/PHD/reactive/Reactive-Navegation/workspace_full_conected/install/car_interfaces/lib:/usr/lib/x86_64-linux-gnu/gazebo-11/plugins:/opt/ros/humble/opt/rviz_ogre_vendor/lib:/opt/ros/humble/lib/x86_64-linux-gnu:/opt/ros/humble/lib /opt/st/stm32cubeclt_1.18.0/CMake/bin/cmake --build /home/rhobtor/PHD/ARGOJ8_IA/build/octomap_mapping -- -j16 -l16
[2.461s] DEBUG:colcon.colcon_core.event_handler.log_command:Invoking command in '/home/rhobtor/PHD/ARGOJ8_IA/build/octomap_mapping': CMAKE_PREFIX_PATH=/home/rhobtor/PHD/ARGOJ8_IA/install/octomap_server:/home/rhobtor/PHD/ARGOJ8_IA/install/car_interfaces:/home/rhobtor/PHD/ARGOJ8_IA/install/octomap_mapping:/home/rhobtor/PHD/ARGOJ8_IA/install/octomap_rviz_plugins:/home/rhobtor/PHD/ARGOJ8_IA/install/j8_xacro_model:/home/rhobtor/PHD/ARGOJ8_IA/install/hector_gazebo_plugins:/home/rhobtor/PHD/ARGOJ8_IA/install/fixposition_sensor_pkg:/home/rhobtor/PHD/ARGOJ8_IA/install/car_cpp:/home/rhobtor/PHD/ARGOJ8_IA/install/argj801_ctl_platform:/home/rhobtor/PHD/ARGOJ8_IA/install/argj801_ctl_platform_interfaces:/home/rhobtor/packages/install/grid_map:/home/rhobtor/packages/install/grid_map_demos:/home/rhobtor/packages/install/grid_map_visualization:/home/rhobtor/packages/install/grid_map_sdf:/home/rhobtor/packages/install/grid_map_rviz_plugin:/home/rhobtor/packages/install/grid_map_pcl:/home/rhobtor/packages/install/grid_map_loader:/home/rhobtor/packages/install/grid_map_filters:/home/rhobtor/packages/install/grid_map_ros:/home/rhobtor/packages/install/grid_map_octomap:/home/rhobtor/packages/install/grid_map_msgs:/home/rhobtor/packages/install/grid_map_cv:/home/rhobtor/packages/install/grid_map_costmap_2d:/home/rhobtor/packages/install/grid_map_core:/home/rhobtor/packages/install/grid_map_cmake_helpers:/home/rhobtor/PHD/reactive/Reactive-Navegation/workspace_full_conected/install/octomap_mapping:/home/rhobtor/PHD/reactive/Reactive-Navegation/workspace_full_conected/install/octomap_server:/home/rhobtor/PHD/reactive/Reactive-Navegation/workspace_full_conected/install/octomap_rviz_plugins:/home/rhobtor/PHD/reactive/Reactive-Navegation/workspace_full_conected/install/hector_gazebo_plugins:/home/rhobtor/PHD/reactive/Reactive-Navegation/workspace_full_conected/install/car_cpp:/home/rhobtor/PHD/reactive/Reactive-Navegation/workspace_full_conected/install/car_interfaces:/home/rhobtor/PHD/ARGOJ8_IA/install/car:/home/rhobtor/PHD/reactive/Reactive-Navegation/workspace_full_conected/install/car:/opt/ros/humble LD_LIBRARY_PATH=/home/rhobtor/PHD/ARGOJ8_IA/install/octomap_server/lib:/home/rhobtor/PHD/ARGOJ8_IA/install/car_interfaces/lib:/home/rhobtor/PHD/ARGOJ8_IA/install/octomap_rviz_plugins/lib:/home/rhobtor/PHD/ARGOJ8_IA/install/j8_xacro_model/lib:/home/rhobtor/PHD/ARGOJ8_IA/install/hector_gazebo_plugins/lib:/home/rhobtor/PHD/ARGOJ8_IA/install/fixposition_sensor_pkg/lib:/home/rhobtor/PHD/ARGOJ8_IA/install/car_cpp/lib:/home/rhobtor/PHD/ARGOJ8_IA/install/argj801_ctl_platform_interfaces/lib:/home/rhobtor/packages/install/grid_map_demos/lib:/home/rhobtor/packages/install/grid_map_visualization/lib:/home/rhobtor/packages/install/grid_map_sdf/lib:/home/rhobtor/packages/install/grid_map_rviz_plugin/lib:/home/rhobtor/packages/install/grid_map_pcl/lib:/home/rhobtor/packages/install/grid_map_loader/lib:/home/rhobtor/packages/install/grid_map_filters/lib:/home/rhobtor/packages/install/grid_map_ros/lib:/home/rhobtor/packages/install/grid_map_octomap/lib:/home/rhobtor/packages/install/grid_map_msgs/lib:/home/rhobtor/packages/install/grid_map_cv/lib:/home/rhobtor/packages/install/grid_map_costmap_2d/lib:/home/rhobtor/packages/install/grid_map_core/lib:/home/rhobtor/PHD/reactive/Reactive-Navegation/workspace_full_conected/install/octomap_server/lib:/home/rhobtor/PHD/reactive/Reactive-Navegation/workspace_full_conected/install/octomap_rviz_plugins/lib:/home/rhobtor/PHD/reactive/Reactive-Navegation/workspace_full_conected/install/hector_gazebo_plugins/lib:/home/rhobtor/PHD/reactive/Reactive-Navegation/workspace_full_conected/install/car_cpp/lib:/home/rhobtor/PHD/reactive/Reactive-Navegation/workspace_full_conected/install/car_interfaces/lib:/usr/lib/x86_64-linux-gnu/gazebo-11/plugins:/opt/ros/humble/opt/rviz_ogre_vendor/lib:/opt/ros/humble/lib/x86_64-linux-gnu:/opt/ros/humble/lib /opt/st/stm32cubeclt_1.18.0/CMake/bin/cmake --install /home/rhobtor/PHD/ARGOJ8_IA/build/octomap_mapping
[2.496s] Level 1:colcon.colcon_core.environment:create_environment_scripts_only(car_cpp)
[2.499s] Level 1:colcon.colcon_core.environment:checking '/home/rhobtor/PHD/ARGOJ8_IA/install/car_cpp' for CMake module files
[2.504s] DEBUG:colcon.colcon_core.event_handler.log_command:Invoking command in '/home/rhobtor/PHD/ARGOJ8_IA/build/j8_xacro_model': CMAKE_PREFIX_PATH=/home/rhobtor/PHD/ARGOJ8_IA/install/argj801_ctl_platform:/home/rhobtor/PHD/ARGOJ8_IA/install/argj801_ctl_platform_interfaces:/home/rhobtor/PHD/ARGOJ8_IA/install/octomap_mapping:/home/rhobtor/PHD/ARGOJ8_IA/install/octomap_server:/home/rhobtor/PHD/ARGOJ8_IA/install/octomap_rviz_plugins:/home/rhobtor/PHD/ARGOJ8_IA/install/j8_xacro_model:/home/rhobtor/PHD/ARGOJ8_IA/install/hector_gazebo_plugins:/home/rhobtor/PHD/ARGOJ8_IA/install/fixposition_sensor_pkg:/home/rhobtor/PHD/ARGOJ8_IA/install/car_cpp:/home/rhobtor/PHD/ARGOJ8_IA/install/car_interfaces:/home/rhobtor/packages/install/grid_map:/home/rhobtor/packages/install/grid_map_demos:/home/rhobtor/packages/install/grid_map_visualization:/home/rhobtor/packages/install/grid_map_sdf:/home/rhobtor/packages/install/grid_map_rviz_plugin:/home/rhobtor/packages/install/grid_map_pcl:/home/rhobtor/packages/install/grid_map_loader:/home/rhobtor/packages/install/grid_map_filters:/home/rhobtor/packages/install/grid_map_ros:/home/rhobtor/packages/install/grid_map_octomap:/home/rhobtor/packages/install/grid_map_msgs:/home/rhobtor/packages/install/grid_map_cv:/home/rhobtor/packages/install/grid_map_costmap_2d:/home/rhobtor/packages/install/grid_map_core:/home/rhobtor/packages/install/grid_map_cmake_helpers:/home/rhobtor/PHD/reactive/Reactive-Navegation/workspace_full_conected/install/octomap_mapping:/home/rhobtor/PHD/reactive/Reactive-Navegation/workspace_full_conected/install/octomap_server:/home/rhobtor/PHD/reactive/Reactive-Navegation/workspace_full_conected/install/octomap_rviz_plugins:/home/rhobtor/PHD/reactive/Reactive-Navegation/workspace_full_conected/install/hector_gazebo_plugins:/home/rhobtor/PHD/reactive/Reactive-Navegation/workspace_full_conected/install/car_cpp:/home/rhobtor/PHD/reactive/Reactive-Navegation/workspace_full_conected/install/car_interfaces:/home/rhobtor/PHD/ARGOJ8_IA/install/car:/home/rhobtor/PHD/reactive/Reactive-Navegation/workspace_full_conected/install/car:/opt/ros/humble LD_LIBRARY_PATH=/home/rhobtor/PHD/ARGOJ8_IA/install/argj801_ctl_platform_interfaces/lib:/home/rhobtor/PHD/ARGOJ8_IA/install/octomap_server/lib:/home/rhobtor/PHD/ARGOJ8_IA/install/octomap_rviz_plugins/lib:/home/rhobtor/PHD/ARGOJ8_IA/install/j8_xacro_model/lib:/home/rhobtor/PHD/ARGOJ8_IA/install/hector_gazebo_plugins/lib:/home/rhobtor/PHD/ARGOJ8_IA/install/fixposition_sensor_pkg/lib:/home/rhobtor/PHD/ARGOJ8_IA/install/car_cpp/lib:/home/rhobtor/PHD/ARGOJ8_IA/install/car_interfaces/lib:/home/rhobtor/packages/install/grid_map_demos/lib:/home/rhobtor/packages/install/grid_map_visualization/lib:/home/rhobtor/packages/install/grid_map_sdf/lib:/home/rhobtor/packages/install/grid_map_rviz_plugin/lib:/home/rhobtor/packages/install/grid_map_pcl/lib:/home/rhobtor/packages/install/grid_map_loader/lib:/home/rhobtor/packages/install/grid_map_filters/lib:/home/rhobtor/packages/install/grid_map_ros/lib:/home/rhobtor/packages/install/grid_map_octomap/lib:/home/rhobtor/packages/install/grid_map_msgs/lib:/home/rhobtor/packages/install/grid_map_cv/lib:/home/rhobtor/packages/install/grid_map_costmap_2d/lib:/home/rhobtor/packages/install/grid_map_core/lib:/home/rhobtor/PHD/reactive/Reactive-Navegation/workspace_full_conected/install/octomap_server/lib:/home/rhobtor/PHD/reactive/Reactive-Navegation/workspace_full_conected/install/octomap_rviz_plugins/lib:/home/rhobtor/PHD/reactive/Reactive-Navegation/workspace_full_conected/install/hector_gazebo_plugins/lib:/home/rhobtor/PHD/reactive/Reactive-Navegation/workspace_full_conected/install/car_cpp/lib:/home/rhobtor/PHD/reactive/Reactive-Navegation/workspace_full_conected/install/car_interfaces/lib:/usr/lib/x86_64-linux-gnu/gazebo-11/plugins:/opt/ros/humble/opt/rviz_ogre_vendor/lib:/opt/ros/humble/lib/x86_64-linux-gnu:/opt/ros/humble/lib /opt/st/stm32cubeclt_1.18.0/CMake/bin/cmake --build /home/rhobtor/PHD/ARGOJ8_IA/build/j8_xacro_model -- -j16 -l16
[2.505s] DEBUG:colcon.colcon_core.event_handler.log_command:Invoked command in '/home/rhobtor/PHD/ARGOJ8_IA/build/car_cpp' returned '0': CMAKE_PREFIX_PATH=/home/rhobtor/PHD/ARGOJ8_IA/install/car_interfaces:/home/rhobtor/PHD/ARGOJ8_IA/install/octomap_mapping:/home/rhobtor/PHD/ARGOJ8_IA/install/octomap_server:/home/rhobtor/PHD/ARGOJ8_IA/install/octomap_rviz_plugins:/home/rhobtor/PHD/ARGOJ8_IA/install/j8_xacro_model:/home/rhobtor/PHD/ARGOJ8_IA/install/hector_gazebo_plugins:/home/rhobtor/PHD/ARGOJ8_IA/install/fixposition_sensor_pkg:/home/rhobtor/PHD/ARGOJ8_IA/install/car_cpp:/home/rhobtor/PHD/ARGOJ8_IA/install/argj801_ctl_platform:/home/rhobtor/PHD/ARGOJ8_IA/install/argj801_ctl_platform_interfaces:/home/rhobtor/packages/install/grid_map:/home/rhobtor/packages/install/grid_map_demos:/home/rhobtor/packages/install/grid_map_visualization:/home/rhobtor/packages/install/grid_map_sdf:/home/rhobtor/packages/install/grid_map_rviz_plugin:/home/rhobtor/packages/install/grid_map_pcl:/home/rhobtor/packages/install/grid_map_loader:/home/rhobtor/packages/install/grid_map_filters:/home/rhobtor/packages/install/grid_map_ros:/home/rhobtor/packages/install/grid_map_octomap:/home/rhobtor/packages/install/grid_map_msgs:/home/rhobtor/packages/install/grid_map_cv:/home/rhobtor/packages/install/grid_map_costmap_2d:/home/rhobtor/packages/install/grid_map_core:/home/rhobtor/packages/install/grid_map_cmake_helpers:/home/rhobtor/PHD/reactive/Reactive-Navegation/workspace_full_conected/install/octomap_mapping:/home/rhobtor/PHD/reactive/Reactive-Navegation/workspace_full_conected/install/octomap_server:/home/rhobtor/PHD/reactive/Reactive-Navegation/workspace_full_conected/install/octomap_rviz_plugins:/home/rhobtor/PHD/reactive/Reactive-Navegation/workspace_full_conected/install/hector_gazebo_plugins:/home/rhobtor/PHD/reactive/Reactive-Navegation/workspace_full_conected/install/car_cpp:/home/rhobtor/PHD/reactive/Reactive-Navegation/workspace_full_conected/install/car_interfaces:/home/rhobtor/PHD/ARGOJ8_IA/install/car:/home/rhobtor/PHD/reactive/Reactive-Navegation/workspace_full_conected/install/car:/opt/ros/humble LD_LIBRARY_PATH=/home/rhobtor/PHD/ARGOJ8_IA/install/car_interfaces/lib:/home/rhobtor/PHD/ARGOJ8_IA/install/octomap_server/lib:/home/rhobtor/PHD/ARGOJ8_IA/install/octomap_rviz_plugins/lib:/home/rhobtor/PHD/ARGOJ8_IA/install/j8_xacro_model/lib:/home/rhobtor/PHD/ARGOJ8_IA/install/hector_gazebo_plugins/lib:/home/rhobtor/PHD/ARGOJ8_IA/install/fixposition_sensor_pkg/lib:/home/rhobtor/PHD/ARGOJ8_IA/install/car_cpp/lib:/home/rhobtor/PHD/ARGOJ8_IA/install/argj801_ctl_platform_interfaces/lib:/home/rhobtor/packages/install/grid_map_demos/lib:/home/rhobtor/packages/install/grid_map_visualization/lib:/home/rhobtor/packages/install/grid_map_sdf/lib:/home/rhobtor/packages/install/grid_map_rviz_plugin/lib:/home/rhobtor/packages/install/grid_map_pcl/lib:/home/rhobtor/packages/install/grid_map_loader/lib:/home/rhobtor/packages/install/grid_map_filters/lib:/home/rhobtor/packages/install/grid_map_ros/lib:/home/rhobtor/packages/install/grid_map_octomap/lib:/home/rhobtor/packages/install/grid_map_msgs/lib:/home/rhobtor/packages/install/grid_map_cv/lib:/home/rhobtor/packages/install/grid_map_costmap_2d/lib:/home/rhobtor/packages/install/grid_map_core/lib:/home/rhobtor/PHD/reactive/Reactive-Navegation/workspace_full_conected/install/octomap_server/lib:/home/rhobtor/PHD/reactive/Reactive-Navegation/workspace_full_conected/install/octomap_rviz_plugins/lib:/home/rhobtor/PHD/reactive/Reactive-Navegation/workspace_full_conected/install/hector_gazebo_plugins/lib:/home/rhobtor/PHD/reactive/Reactive-Navegation/workspace_full_conected/install/car_cpp/lib:/home/rhobtor/PHD/reactive/Reactive-Navegation/workspace_full_conected/install/car_interfaces/lib:/usr/lib/x86_64-linux-gnu/gazebo-11/plugins:/opt/ros/humble/opt/rviz_ogre_vendor/lib:/opt/ros/humble/lib/x86_64-linux-gnu:/opt/ros/humble/lib /opt/st/stm32cubeclt_1.18.0/CMake/bin/cmake --install /home/rhobtor/PHD/ARGOJ8_IA/build/car_cpp
[2.505s] Level 1:colcon.colcon_core.environment:checking '/home/rhobtor/PHD/ARGOJ8_IA/install/car_cpp' for CMake config files
[2.505s] Level 1:colcon.colcon_core.shell:create_environment_hook('car_cpp', 'cmake_prefix_path')
[2.505s] INFO:colcon.colcon_core.shell:Creating environment hook '/home/rhobtor/PHD/ARGOJ8_IA/install/car_cpp/share/car_cpp/hook/cmake_prefix_path.ps1'
[2.509s] INFO:colcon.colcon_core.shell:Creating environment descriptor '/home/rhobtor/PHD/ARGOJ8_IA/install/car_cpp/share/car_cpp/hook/cmake_prefix_path.dsv'
[2.509s] INFO:colcon.colcon_core.shell:Creating environment hook '/home/rhobtor/PHD/ARGOJ8_IA/install/car_cpp/share/car_cpp/hook/cmake_prefix_path.sh'
[2.510s] Level 1:colcon.colcon_core.environment:checking '/home/rhobtor/PHD/ARGOJ8_IA/install/car_cpp/lib'
[2.510s] Level 1:colcon.colcon_core.shell:create_environment_hook('car_cpp', 'ld_library_path_lib')
[2.511s] INFO:colcon.colcon_core.shell:Creating environment hook '/home/rhobtor/PHD/ARGOJ8_IA/install/car_cpp/share/car_cpp/hook/ld_library_path_lib.ps1'
[2.511s] INFO:colcon.colcon_core.shell:Creating environment descriptor '/home/rhobtor/PHD/ARGOJ8_IA/install/car_cpp/share/car_cpp/hook/ld_library_path_lib.dsv'
[2.512s] INFO:colcon.colcon_core.shell:Creating environment hook '/home/rhobtor/PHD/ARGOJ8_IA/install/car_cpp/share/car_cpp/hook/ld_library_path_lib.sh'
[2.512s] Level 1:colcon.colcon_core.environment:checking '/home/rhobtor/PHD/ARGOJ8_IA/install/car_cpp/bin'
[2.512s] Level 1:colcon.colcon_core.environment:checking '/home/rhobtor/PHD/ARGOJ8_IA/install/car_cpp/lib/pkgconfig/car_cpp.pc'
[2.513s] Level 1:colcon.colcon_core.environment:checking '/home/rhobtor/PHD/ARGOJ8_IA/install/car_cpp/lib/python3.10/site-packages'
[2.513s] Level 1:colcon.colcon_core.environment:checking '/home/rhobtor/PHD/ARGOJ8_IA/install/car_cpp/bin'
[2.514s] INFO:colcon.colcon_core.shell:Creating package script '/home/rhobtor/PHD/ARGOJ8_IA/install/car_cpp/share/car_cpp/package.ps1'
[2.514s] INFO:colcon.colcon_core.shell:Creating package descriptor '/home/rhobtor/PHD/ARGOJ8_IA/install/car_cpp/share/car_cpp/package.dsv'
[2.515s] INFO:colcon.colcon_core.shell:Creating package script '/home/rhobtor/PHD/ARGOJ8_IA/install/car_cpp/share/car_cpp/package.sh'
[2.515s] INFO:colcon.colcon_core.shell:Creating package script '/home/rhobtor/PHD/ARGOJ8_IA/install/car_cpp/share/car_cpp/package.bash'
[2.516s] INFO:colcon.colcon_core.shell:Creating package script '/home/rhobtor/PHD/ARGOJ8_IA/install/car_cpp/share/car_cpp/package.zsh'
[2.516s] Level 1:colcon.colcon_core.environment:create_file_with_runtime_dependencies(/home/rhobtor/PHD/ARGOJ8_IA/install/car_cpp/share/colcon-core/packages/car_cpp)
[2.517s] Level 1:colcon.colcon_core.environment:create_environment_scripts_only(car_cpp)
[2.518s] Level 1:colcon.colcon_core.environment:checking '/home/rhobtor/PHD/ARGOJ8_IA/install/car_cpp' for CMake module files
[2.518s] Level 1:colcon.colcon_core.environment:checking '/home/rhobtor/PHD/ARGOJ8_IA/install/car_cpp' for CMake config files
[2.519s] Level 1:colcon.colcon_core.shell:create_environment_hook('car_cpp', 'cmake_prefix_path')
[2.519s] INFO:colcon.colcon_core.shell:Creating environment hook '/home/rhobtor/PHD/ARGOJ8_IA/install/car_cpp/share/car_cpp/hook/cmake_prefix_path.ps1'
[2.520s] INFO:colcon.colcon_core.shell:Creating environment descriptor '/home/rhobtor/PHD/ARGOJ8_IA/install/car_cpp/share/car_cpp/hook/cmake_prefix_path.dsv'
[2.520s] INFO:colcon.colcon_core.shell:Creating environment hook '/home/rhobtor/PHD/ARGOJ8_IA/install/car_cpp/share/car_cpp/hook/cmake_prefix_path.sh'
[2.521s] Level 1:colcon.colcon_core.environment:checking '/home/rhobtor/PHD/ARGOJ8_IA/install/car_cpp/lib'
[2.521s] Level 1:colcon.colcon_core.shell:create_environment_hook('car_cpp', 'ld_library_path_lib')
[2.522s] INFO:colcon.colcon_core.shell:Creating environment hook '/home/rhobtor/PHD/ARGOJ8_IA/install/car_cpp/share/car_cpp/hook/ld_library_path_lib.ps1'
[2.523s] INFO:colcon.colcon_core.shell:Creating environment descriptor '/home/rhobtor/PHD/ARGOJ8_IA/install/car_cpp/share/car_cpp/hook/ld_library_path_lib.dsv'
[2.523s] INFO:colcon.colcon_core.shell:Creating environment hook '/home/rhobtor/PHD/ARGOJ8_IA/install/car_cpp/share/car_cpp/hook/ld_library_path_lib.sh'
[2.524s] Level 1:colcon.colcon_core.environment:checking '/home/rhobtor/PHD/ARGOJ8_IA/install/car_cpp/bin'
[2.524s] Level 1:colcon.colcon_core.environment:checking '/home/rhobtor/PHD/ARGOJ8_IA/install/car_cpp/lib/pkgconfig/car_cpp.pc'
[2.525s] Level 1:colcon.colcon_core.environment:checking '/home/rhobtor/PHD/ARGOJ8_IA/install/car_cpp/lib/python3.10/site-packages'
[2.525s] Level 1:colcon.colcon_core.environment:checking '/home/rhobtor/PHD/ARGOJ8_IA/install/car_cpp/bin'
[2.526s] INFO:colcon.colcon_core.shell:Creating package script '/home/rhobtor/PHD/ARGOJ8_IA/install/car_cpp/share/car_cpp/package.ps1'
[2.527s] INFO:colcon.colcon_core.shell:Creating package descriptor '/home/rhobtor/PHD/ARGOJ8_IA/install/car_cpp/share/car_cpp/package.dsv'
[2.527s] INFO:colcon.colcon_core.shell:Creating package script '/home/rhobtor/PHD/ARGOJ8_IA/install/car_cpp/share/car_cpp/package.sh'
[2.528s] INFO:colcon.colcon_core.shell:Creating package script '/home/rhobtor/PHD/ARGOJ8_IA/install/car_cpp/share/car_cpp/package.bash'
[2.529s] INFO:colcon.colcon_core.shell:Creating package script '/home/rhobtor/PHD/ARGOJ8_IA/install/car_cpp/share/car_cpp/package.zsh'
[2.530s] Level 1:colcon.colcon_core.environment:create_file_with_runtime_dependencies(/home/rhobtor/PHD/ARGOJ8_IA/install/car_cpp/share/colcon-core/packages/car_cpp)
[2.533s] Level 1:colcon.colcon_core.environment:create_environment_scripts_only(octomap_mapping)
[2.535s] Level 1:colcon.colcon_core.environment:checking '/home/rhobtor/PHD/ARGOJ8_IA/install/octomap_mapping' for CMake module files
[2.537s] DEBUG:colcon.colcon_core.event_handler.log_command:Invoked command in '/home/rhobtor/PHD/ARGOJ8_IA/build/octomap_mapping' returned '0': CMAKE_PREFIX_PATH=/home/rhobtor/PHD/ARGOJ8_IA/install/octomap_server:/home/rhobtor/PHD/ARGOJ8_IA/install/car_interfaces:/home/rhobtor/PHD/ARGOJ8_IA/install/octomap_mapping:/home/rhobtor/PHD/ARGOJ8_IA/install/octomap_rviz_plugins:/home/rhobtor/PHD/ARGOJ8_IA/install/j8_xacro_model:/home/rhobtor/PHD/ARGOJ8_IA/install/hector_gazebo_plugins:/home/rhobtor/PHD/ARGOJ8_IA/install/fixposition_sensor_pkg:/home/rhobtor/PHD/ARGOJ8_IA/install/car_cpp:/home/rhobtor/PHD/ARGOJ8_IA/install/argj801_ctl_platform:/home/rhobtor/PHD/ARGOJ8_IA/install/argj801_ctl_platform_interfaces:/home/rhobtor/packages/install/grid_map:/home/rhobtor/packages/install/grid_map_demos:/home/rhobtor/packages/install/grid_map_visualization:/home/rhobtor/packages/install/grid_map_sdf:/home/rhobtor/packages/install/grid_map_rviz_plugin:/home/rhobtor/packages/install/grid_map_pcl:/home/rhobtor/packages/install/grid_map_loader:/home/rhobtor/packages/install/grid_map_filters:/home/rhobtor/packages/install/grid_map_ros:/home/rhobtor/packages/install/grid_map_octomap:/home/rhobtor/packages/install/grid_map_msgs:/home/rhobtor/packages/install/grid_map_cv:/home/rhobtor/packages/install/grid_map_costmap_2d:/home/rhobtor/packages/install/grid_map_core:/home/rhobtor/packages/install/grid_map_cmake_helpers:/home/rhobtor/PHD/reactive/Reactive-Navegation/workspace_full_conected/install/octomap_mapping:/home/rhobtor/PHD/reactive/Reactive-Navegation/workspace_full_conected/install/octomap_server:/home/rhobtor/PHD/reactive/Reactive-Navegation/workspace_full_conected/install/octomap_rviz_plugins:/home/rhobtor/PHD/reactive/Reactive-Navegation/workspace_full_conected/install/hector_gazebo_plugins:/home/rhobtor/PHD/reactive/Reactive-Navegation/workspace_full_conected/install/car_cpp:/home/rhobtor/PHD/reactive/Reactive-Navegation/workspace_full_conected/install/car_interfaces:/home/rhobtor/PHD/ARGOJ8_IA/install/car:/home/rhobtor/PHD/reactive/Reactive-Navegation/workspace_full_conected/install/car:/opt/ros/humble LD_LIBRARY_PATH=/home/rhobtor/PHD/ARGOJ8_IA/install/octomap_server/lib:/home/rhobtor/PHD/ARGOJ8_IA/install/car_interfaces/lib:/home/rhobtor/PHD/ARGOJ8_IA/install/octomap_rviz_plugins/lib:/home/rhobtor/PHD/ARGOJ8_IA/install/j8_xacro_model/lib:/home/rhobtor/PHD/ARGOJ8_IA/install/hector_gazebo_plugins/lib:/home/rhobtor/PHD/ARGOJ8_IA/install/fixposition_sensor_pkg/lib:/home/rhobtor/PHD/ARGOJ8_IA/install/car_cpp/lib:/home/rhobtor/PHD/ARGOJ8_IA/install/argj801_ctl_platform_interfaces/lib:/home/rhobtor/packages/install/grid_map_demos/lib:/home/rhobtor/packages/install/grid_map_visualization/lib:/home/rhobtor/packages/install/grid_map_sdf/lib:/home/rhobtor/packages/install/grid_map_rviz_plugin/lib:/home/rhobtor/packages/install/grid_map_pcl/lib:/home/rhobtor/packages/install/grid_map_loader/lib:/home/rhobtor/packages/install/grid_map_filters/lib:/home/rhobtor/packages/install/grid_map_ros/lib:/home/rhobtor/packages/install/grid_map_octomap/lib:/home/rhobtor/packages/install/grid_map_msgs/lib:/home/rhobtor/packages/install/grid_map_cv/lib:/home/rhobtor/packages/install/grid_map_costmap_2d/lib:/home/rhobtor/packages/install/grid_map_core/lib:/home/rhobtor/PHD/reactive/Reactive-Navegation/workspace_full_conected/install/octomap_server/lib:/home/rhobtor/PHD/reactive/Reactive-Navegation/workspace_full_conected/install/octomap_rviz_plugins/lib:/home/rhobtor/PHD/reactive/Reactive-Navegation/workspace_full_conected/install/hector_gazebo_plugins/lib:/home/rhobtor/PHD/reactive/Reactive-Navegation/workspace_full_conected/install/car_cpp/lib:/home/rhobtor/PHD/reactive/Reactive-Navegation/workspace_full_conected/install/car_interfaces/lib:/usr/lib/x86_64-linux-gnu/gazebo-11/plugins:/opt/ros/humble/opt/rviz_ogre_vendor/lib:/opt/ros/humble/lib/x86_64-linux-gnu:/opt/ros/humble/lib /opt/st/stm32cubeclt_1.18.0/CMake/bin/cmake --install /home/rhobtor/PHD/ARGOJ8_IA/build/octomap_mapping
[2.538s] Level 1:colcon.colcon_core.environment:checking '/home/rhobtor/PHD/ARGOJ8_IA/install/octomap_mapping' for CMake config files
[2.538s] Level 1:colcon.colcon_core.shell:create_environment_hook('octomap_mapping', 'cmake_prefix_path')
[2.539s] INFO:colcon.colcon_core.shell:Creating environment hook '/home/rhobtor/PHD/ARGOJ8_IA/install/octomap_mapping/share/octomap_mapping/hook/cmake_prefix_path.ps1'
[2.540s] INFO:colcon.colcon_core.shell:Creating environment descriptor '/home/rhobtor/PHD/ARGOJ8_IA/install/octomap_mapping/share/octomap_mapping/hook/cmake_prefix_path.dsv'
[2.540s] INFO:colcon.colcon_core.shell:Creating environment hook '/home/rhobtor/PHD/ARGOJ8_IA/install/octomap_mapping/share/octomap_mapping/hook/cmake_prefix_path.sh'
[2.541s] Level 1:colcon.colcon_core.environment:checking '/home/rhobtor/PHD/ARGOJ8_IA/install/octomap_mapping/bin'
[2.541s] Level 1:colcon.colcon_core.environment:checking '/home/rhobtor/PHD/ARGOJ8_IA/install/octomap_mapping/lib/pkgconfig/octomap_mapping.pc'
[2.542s] Level 1:colcon.colcon_core.environment:checking '/home/rhobtor/PHD/ARGOJ8_IA/install/octomap_mapping/lib/python3.10/site-packages'
[2.542s] Level 1:colcon.colcon_core.environment:checking '/home/rhobtor/PHD/ARGOJ8_IA/install/octomap_mapping/bin'
[2.542s] INFO:colcon.colcon_core.shell:Creating package script '/home/rhobtor/PHD/ARGOJ8_IA/install/octomap_mapping/share/octomap_mapping/package.ps1'
[2.543s] INFO:colcon.colcon_core.shell:Creating package descriptor '/home/rhobtor/PHD/ARGOJ8_IA/install/octomap_mapping/share/octomap_mapping/package.dsv'
[2.544s] INFO:colcon.colcon_core.shell:Creating package script '/home/rhobtor/PHD/ARGOJ8_IA/install/octomap_mapping/share/octomap_mapping/package.sh'
[2.544s] INFO:colcon.colcon_core.shell:Creating package script '/home/rhobtor/PHD/ARGOJ8_IA/install/octomap_mapping/share/octomap_mapping/package.bash'
[2.545s] INFO:colcon.colcon_core.shell:Creating package script '/home/rhobtor/PHD/ARGOJ8_IA/install/octomap_mapping/share/octomap_mapping/package.zsh'
[2.546s] Level 1:colcon.colcon_core.environment:create_file_with_runtime_dependencies(/home/rhobtor/PHD/ARGOJ8_IA/install/octomap_mapping/share/colcon-core/packages/octomap_mapping)
[2.547s] Level 1:colcon.colcon_core.environment:create_environment_scripts_only(octomap_mapping)
[2.547s] Level 1:colcon.colcon_core.environment:checking '/home/rhobtor/PHD/ARGOJ8_IA/install/octomap_mapping' for CMake module files
[2.547s] Level 1:colcon.colcon_core.environment:checking '/home/rhobtor/PHD/ARGOJ8_IA/install/octomap_mapping' for CMake config files
[2.548s] Level 1:colcon.colcon_core.shell:create_environment_hook('octomap_mapping', 'cmake_prefix_path')
[2.548s] INFO:colcon.colcon_core.shell:Creating environment hook '/home/rhobtor/PHD/ARGOJ8_IA/install/octomap_mapping/share/octomap_mapping/hook/cmake_prefix_path.ps1'
[2.549s] INFO:colcon.colcon_core.shell:Creating environment descriptor '/home/rhobtor/PHD/ARGOJ8_IA/install/octomap_mapping/share/octomap_mapping/hook/cmake_prefix_path.dsv'
[2.549s] INFO:colcon.colcon_core.shell:Creating environment hook '/home/rhobtor/PHD/ARGOJ8_IA/install/octomap_mapping/share/octomap_mapping/hook/cmake_prefix_path.sh'
[2.550s] Level 1:colcon.colcon_core.environment:checking '/home/rhobtor/PHD/ARGOJ8_IA/install/octomap_mapping/bin'
[2.550s] Level 1:colcon.colcon_core.environment:checking '/home/rhobtor/PHD/ARGOJ8_IA/install/octomap_mapping/lib/pkgconfig/octomap_mapping.pc'
[2.550s] Level 1:colcon.colcon_core.environment:checking '/home/rhobtor/PHD/ARGOJ8_IA/install/octomap_mapping/lib/python3.10/site-packages'
[2.550s] Level 1:colcon.colcon_core.environment:checking '/home/rhobtor/PHD/ARGOJ8_IA/install/octomap_mapping/bin'
[2.551s] INFO:colcon.colcon_core.shell:Creating package script '/home/rhobtor/PHD/ARGOJ8_IA/install/octomap_mapping/share/octomap_mapping/package.ps1'
[2.552s] INFO:colcon.colcon_core.shell:Creating package descriptor '/home/rhobtor/PHD/ARGOJ8_IA/install/octomap_mapping/share/octomap_mapping/package.dsv'
[2.553s] INFO:colcon.colcon_core.shell:Creating package script '/home/rhobtor/PHD/ARGOJ8_IA/install/octomap_mapping/share/octomap_mapping/package.sh'
[2.554s] INFO:colcon.colcon_core.shell:Creating package script '/home/rhobtor/PHD/ARGOJ8_IA/install/octomap_mapping/share/octomap_mapping/package.bash'
[2.554s] INFO:colcon.colcon_core.shell:Creating package script '/home/rhobtor/PHD/ARGOJ8_IA/install/octomap_mapping/share/octomap_mapping/package.zsh'
[2.555s] Level 1:colcon.colcon_core.environment:create_file_with_runtime_dependencies(/home/rhobtor/PHD/ARGOJ8_IA/install/octomap_mapping/share/colcon-core/packages/octomap_mapping)
[2.611s] DEBUG:colcon.colcon_core.event_handler.log_command:Invoked command in '/home/rhobtor/PHD/ARGOJ8_IA/build/j8_xacro_model' returned '0': CMAKE_PREFIX_PATH=/home/rhobtor/PHD/ARGOJ8_IA/install/argj801_ctl_platform:/home/rhobtor/PHD/ARGOJ8_IA/install/argj801_ctl_platform_interfaces:/home/rhobtor/PHD/ARGOJ8_IA/install/octomap_mapping:/home/rhobtor/PHD/ARGOJ8_IA/install/octomap_server:/home/rhobtor/PHD/ARGOJ8_IA/install/octomap_rviz_plugins:/home/rhobtor/PHD/ARGOJ8_IA/install/j8_xacro_model:/home/rhobtor/PHD/ARGOJ8_IA/install/hector_gazebo_plugins:/home/rhobtor/PHD/ARGOJ8_IA/install/fixposition_sensor_pkg:/home/rhobtor/PHD/ARGOJ8_IA/install/car_cpp:/home/rhobtor/PHD/ARGOJ8_IA/install/car_interfaces:/home/rhobtor/packages/install/grid_map:/home/rhobtor/packages/install/grid_map_demos:/home/rhobtor/packages/install/grid_map_visualization:/home/rhobtor/packages/install/grid_map_sdf:/home/rhobtor/packages/install/grid_map_rviz_plugin:/home/rhobtor/packages/install/grid_map_pcl:/home/rhobtor/packages/install/grid_map_loader:/home/rhobtor/packages/install/grid_map_filters:/home/rhobtor/packages/install/grid_map_ros:/home/rhobtor/packages/install/grid_map_octomap:/home/rhobtor/packages/install/grid_map_msgs:/home/rhobtor/packages/install/grid_map_cv:/home/rhobtor/packages/install/grid_map_costmap_2d:/home/rhobtor/packages/install/grid_map_core:/home/rhobtor/packages/install/grid_map_cmake_helpers:/home/rhobtor/PHD/reactive/Reactive-Navegation/workspace_full_conected/install/octomap_mapping:/home/rhobtor/PHD/reactive/Reactive-Navegation/workspace_full_conected/install/octomap_server:/home/rhobtor/PHD/reactive/Reactive-Navegation/workspace_full_conected/install/octomap_rviz_plugins:/home/rhobtor/PHD/reactive/Reactive-Navegation/workspace_full_conected/install/hector_gazebo_plugins:/home/rhobtor/PHD/reactive/Reactive-Navegation/workspace_full_conected/install/car_cpp:/home/rhobtor/PHD/reactive/Reactive-Navegation/workspace_full_conected/install/car_interfaces:/home/rhobtor/PHD/ARGOJ8_IA/install/car:/home/rhobtor/PHD/reactive/Reactive-Navegation/workspace_full_conected/install/car:/opt/ros/humble LD_LIBRARY_PATH=/home/rhobtor/PHD/ARGOJ8_IA/install/argj801_ctl_platform_interfaces/lib:/home/rhobtor/PHD/ARGOJ8_IA/install/octomap_server/lib:/home/rhobtor/PHD/ARGOJ8_IA/install/octomap_rviz_plugins/lib:/home/rhobtor/PHD/ARGOJ8_IA/install/j8_xacro_model/lib:/home/rhobtor/PHD/ARGOJ8_IA/install/hector_gazebo_plugins/lib:/home/rhobtor/PHD/ARGOJ8_IA/install/fixposition_sensor_pkg/lib:/home/rhobtor/PHD/ARGOJ8_IA/install/car_cpp/lib:/home/rhobtor/PHD/ARGOJ8_IA/install/car_interfaces/lib:/home/rhobtor/packages/install/grid_map_demos/lib:/home/rhobtor/packages/install/grid_map_visualization/lib:/home/rhobtor/packages/install/grid_map_sdf/lib:/home/rhobtor/packages/install/grid_map_rviz_plugin/lib:/home/rhobtor/packages/install/grid_map_pcl/lib:/home/rhobtor/packages/install/grid_map_loader/lib:/home/rhobtor/packages/install/grid_map_filters/lib:/home/rhobtor/packages/install/grid_map_ros/lib:/home/rhobtor/packages/install/grid_map_octomap/lib:/home/rhobtor/packages/install/grid_map_msgs/lib:/home/rhobtor/packages/install/grid_map_cv/lib:/home/rhobtor/packages/install/grid_map_costmap_2d/lib:/home/rhobtor/packages/install/grid_map_core/lib:/home/rhobtor/PHD/reactive/Reactive-Navegation/workspace_full_conected/install/octomap_server/lib:/home/rhobtor/PHD/reactive/Reactive-Navegation/workspace_full_conected/install/octomap_rviz_plugins/lib:/home/rhobtor/PHD/reactive/Reactive-Navegation/workspace_full_conected/install/hector_gazebo_plugins/lib:/home/rhobtor/PHD/reactive/Reactive-Navegation/workspace_full_conected/install/car_cpp/lib:/home/rhobtor/PHD/reactive/Reactive-Navegation/workspace_full_conected/install/car_interfaces/lib:/usr/lib/x86_64-linux-gnu/gazebo-11/plugins:/opt/ros/humble/opt/rviz_ogre_vendor/lib:/opt/ros/humble/lib/x86_64-linux-gnu:/opt/ros/humble/lib /opt/st/stm32cubeclt_1.18.0/CMake/bin/cmake --build /home/rhobtor/PHD/ARGOJ8_IA/build/j8_xacro_model -- -j16 -l16
[2.613s] DEBUG:colcon.colcon_core.event_handler.log_command:Invoking command in '/home/rhobtor/PHD/ARGOJ8_IA/build/j8_xacro_model': CMAKE_PREFIX_PATH=/home/rhobtor/PHD/ARGOJ8_IA/install/argj801_ctl_platform:/home/rhobtor/PHD/ARGOJ8_IA/install/argj801_ctl_platform_interfaces:/home/rhobtor/PHD/ARGOJ8_IA/install/octomap_mapping:/home/rhobtor/PHD/ARGOJ8_IA/install/octomap_server:/home/rhobtor/PHD/ARGOJ8_IA/install/octomap_rviz_plugins:/home/rhobtor/PHD/ARGOJ8_IA/install/j8_xacro_model:/home/rhobtor/PHD/ARGOJ8_IA/install/hector_gazebo_plugins:/home/rhobtor/PHD/ARGOJ8_IA/install/fixposition_sensor_pkg:/home/rhobtor/PHD/ARGOJ8_IA/install/car_cpp:/home/rhobtor/PHD/ARGOJ8_IA/install/car_interfaces:/home/rhobtor/packages/install/grid_map:/home/rhobtor/packages/install/grid_map_demos:/home/rhobtor/packages/install/grid_map_visualization:/home/rhobtor/packages/install/grid_map_sdf:/home/rhobtor/packages/install/grid_map_rviz_plugin:/home/rhobtor/packages/install/grid_map_pcl:/home/rhobtor/packages/install/grid_map_loader:/home/rhobtor/packages/install/grid_map_filters:/home/rhobtor/packages/install/grid_map_ros:/home/rhobtor/packages/install/grid_map_octomap:/home/rhobtor/packages/install/grid_map_msgs:/home/rhobtor/packages/install/grid_map_cv:/home/rhobtor/packages/install/grid_map_costmap_2d:/home/rhobtor/packages/install/grid_map_core:/home/rhobtor/packages/install/grid_map_cmake_helpers:/home/rhobtor/PHD/reactive/Reactive-Navegation/workspace_full_conected/install/octomap_mapping:/home/rhobtor/PHD/reactive/Reactive-Navegation/workspace_full_conected/install/octomap_server:/home/rhobtor/PHD/reactive/Reactive-Navegation/workspace_full_conected/install/octomap_rviz_plugins:/home/rhobtor/PHD/reactive/Reactive-Navegation/workspace_full_conected/install/hector_gazebo_plugins:/home/rhobtor/PHD/reactive/Reactive-Navegation/workspace_full_conected/install/car_cpp:/home/rhobtor/PHD/reactive/Reactive-Navegation/workspace_full_conected/install/car_interfaces:/home/rhobtor/PHD/ARGOJ8_IA/install/car:/home/rhobtor/PHD/reactive/Reactive-Navegation/workspace_full_conected/install/car:/opt/ros/humble LD_LIBRARY_PATH=/home/rhobtor/PHD/ARGOJ8_IA/install/argj801_ctl_platform_interfaces/lib:/home/rhobtor/PHD/ARGOJ8_IA/install/octomap_server/lib:/home/rhobtor/PHD/ARGOJ8_IA/install/octomap_rviz_plugins/lib:/home/rhobtor/PHD/ARGOJ8_IA/install/j8_xacro_model/lib:/home/rhobtor/PHD/ARGOJ8_IA/install/hector_gazebo_plugins/lib:/home/rhobtor/PHD/ARGOJ8_IA/install/fixposition_sensor_pkg/lib:/home/rhobtor/PHD/ARGOJ8_IA/install/car_cpp/lib:/home/rhobtor/PHD/ARGOJ8_IA/install/car_interfaces/lib:/home/rhobtor/packages/install/grid_map_demos/lib:/home/rhobtor/packages/install/grid_map_visualization/lib:/home/rhobtor/packages/install/grid_map_sdf/lib:/home/rhobtor/packages/install/grid_map_rviz_plugin/lib:/home/rhobtor/packages/install/grid_map_pcl/lib:/home/rhobtor/packages/install/grid_map_loader/lib:/home/rhobtor/packages/install/grid_map_filters/lib:/home/rhobtor/packages/install/grid_map_ros/lib:/home/rhobtor/packages/install/grid_map_octomap/lib:/home/rhobtor/packages/install/grid_map_msgs/lib:/home/rhobtor/packages/install/grid_map_cv/lib:/home/rhobtor/packages/install/grid_map_costmap_2d/lib:/home/rhobtor/packages/install/grid_map_core/lib:/home/rhobtor/PHD/reactive/Reactive-Navegation/workspace_full_conected/install/octomap_server/lib:/home/rhobtor/PHD/reactive/Reactive-Navegation/workspace_full_conected/install/octomap_rviz_plugins/lib:/home/rhobtor/PHD/reactive/Reactive-Navegation/workspace_full_conected/install/hector_gazebo_plugins/lib:/home/rhobtor/PHD/reactive/Reactive-Navegation/workspace_full_conected/install/car_cpp/lib:/home/rhobtor/PHD/reactive/Reactive-Navegation/workspace_full_conected/install/car_interfaces/lib:/usr/lib/x86_64-linux-gnu/gazebo-11/plugins:/opt/ros/humble/opt/rviz_ogre_vendor/lib:/opt/ros/humble/lib/x86_64-linux-gnu:/opt/ros/humble/lib /opt/st/stm32cubeclt_1.18.0/CMake/bin/cmake --install /home/rhobtor/PHD/ARGOJ8_IA/build/j8_xacro_model
[2.668s] Level 1:colcon.colcon_core.environment:create_environment_scripts_only(j8_xacro_model)
[2.669s] Level 1:colcon.colcon_core.environment:checking '/home/rhobtor/PHD/ARGOJ8_IA/install/j8_xacro_model' for CMake module files
[2.672s] Level 1:colcon.colcon_core.environment:checking '/home/rhobtor/PHD/ARGOJ8_IA/install/j8_xacro_model' for CMake config files
[2.672s] Level 1:colcon.colcon_core.shell:create_environment_hook('j8_xacro_model', 'cmake_prefix_path')
[2.673s] INFO:colcon.colcon_core.shell:Creating environment hook '/home/rhobtor/PHD/ARGOJ8_IA/install/j8_xacro_model/share/j8_xacro_model/hook/cmake_prefix_path.ps1'
[2.673s] INFO:colcon.colcon_core.shell:Creating environment descriptor '/home/rhobtor/PHD/ARGOJ8_IA/install/j8_xacro_model/share/j8_xacro_model/hook/cmake_prefix_path.dsv'
[2.674s] INFO:colcon.colcon_core.shell:Creating environment hook '/home/rhobtor/PHD/ARGOJ8_IA/install/j8_xacro_model/share/j8_xacro_model/hook/cmake_prefix_path.sh'
[2.675s] Level 1:colcon.colcon_core.environment:checking '/home/rhobtor/PHD/ARGOJ8_IA/install/j8_xacro_model/lib'
[2.675s] Level 1:colcon.colcon_core.shell:create_environment_hook('j8_xacro_model', 'ld_library_path_lib')
[2.676s] INFO:colcon.colcon_core.shell:Creating environment hook '/home/rhobtor/PHD/ARGOJ8_IA/install/j8_xacro_model/share/j8_xacro_model/hook/ld_library_path_lib.ps1'
[2.677s] INFO:colcon.colcon_core.shell:Creating environment descriptor '/home/rhobtor/PHD/ARGOJ8_IA/install/j8_xacro_model/share/j8_xacro_model/hook/ld_library_path_lib.dsv'
[2.685s] INFO:colcon.colcon_core.shell:Creating environment hook '/home/rhobtor/PHD/ARGOJ8_IA/install/j8_xacro_model/share/j8_xacro_model/hook/ld_library_path_lib.sh'
[2.686s] DEBUG:colcon.colcon_core.event_handler.log_command:Invoked command in '/home/rhobtor/PHD/ARGOJ8_IA/build/hector_gazebo_plugins' returned '0': CMAKE_PREFIX_PATH=${CMAKE_PREFIX_PATH}:/home/rhobtor/PHD/ARGOJ8_IA/install/car:/home/rhobtor/PHD/reactive/Reactive-Navegation/workspace_full_conected/install/car:/opt/ros/humble /opt/st/stm32cubeclt_1.18.0/CMake/bin/cmake --build /home/rhobtor/PHD/ARGOJ8_IA/build/hector_gazebo_plugins -- -j16 -l16
[2.686s] DEBUG:colcon.colcon_core.event_handler.log_command:Invoking command in '/home/rhobtor/PHD/ARGOJ8_IA/build/hector_gazebo_plugins': CMAKE_PREFIX_PATH=${CMAKE_PREFIX_PATH}:/home/rhobtor/PHD/ARGOJ8_IA/install/car:/home/rhobtor/PHD/reactive/Reactive-Navegation/workspace_full_conected/install/car:/opt/ros/humble /opt/st/stm32cubeclt_1.18.0/CMake/bin/cmake --install /home/rhobtor/PHD/ARGOJ8_IA/build/hector_gazebo_plugins
[2.689s] Level 1:colcon.colcon_core.environment:checking '/home/rhobtor/PHD/ARGOJ8_IA/install/j8_xacro_model/bin'
[2.689s] Level 1:colcon.colcon_core.environment:checking '/home/rhobtor/PHD/ARGOJ8_IA/install/j8_xacro_model/lib/pkgconfig/j8_xacro_model.pc'
[2.689s] Level 1:colcon.colcon_core.environment:checking '/home/rhobtor/PHD/ARGOJ8_IA/install/j8_xacro_model/lib/python3.10/site-packages'
[2.690s] Level 1:colcon.colcon_core.environment:checking '/home/rhobtor/PHD/ARGOJ8_IA/install/j8_xacro_model/bin'
[2.691s] INFO:colcon.colcon_core.shell:Creating package script '/home/rhobtor/PHD/ARGOJ8_IA/install/j8_xacro_model/share/j8_xacro_model/package.ps1'
[2.693s] INFO:colcon.colcon_core.shell:Creating package descriptor '/home/rhobtor/PHD/ARGOJ8_IA/install/j8_xacro_model/share/j8_xacro_model/package.dsv'
[2.695s] DEBUG:colcon.colcon_core.event_handler.log_command:Invoked command in '/home/rhobtor/PHD/ARGOJ8_IA/build/j8_xacro_model' returned '0': CMAKE_PREFIX_PATH=/home/rhobtor/PHD/ARGOJ8_IA/install/argj801_ctl_platform:/home/rhobtor/PHD/ARGOJ8_IA/install/argj801_ctl_platform_interfaces:/home/rhobtor/PHD/ARGOJ8_IA/install/octomap_mapping:/home/rhobtor/PHD/ARGOJ8_IA/install/octomap_server:/home/rhobtor/PHD/ARGOJ8_IA/install/octomap_rviz_plugins:/home/rhobtor/PHD/ARGOJ8_IA/install/j8_xacro_model:/home/rhobtor/PHD/ARGOJ8_IA/install/hector_gazebo_plugins:/home/rhobtor/PHD/ARGOJ8_IA/install/fixposition_sensor_pkg:/home/rhobtor/PHD/ARGOJ8_IA/install/car_cpp:/home/rhobtor/PHD/ARGOJ8_IA/install/car_interfaces:/home/rhobtor/packages/install/grid_map:/home/rhobtor/packages/install/grid_map_demos:/home/rhobtor/packages/install/grid_map_visualization:/home/rhobtor/packages/install/grid_map_sdf:/home/rhobtor/packages/install/grid_map_rviz_plugin:/home/rhobtor/packages/install/grid_map_pcl:/home/rhobtor/packages/install/grid_map_loader:/home/rhobtor/packages/install/grid_map_filters:/home/rhobtor/packages/install/grid_map_ros:/home/rhobtor/packages/install/grid_map_octomap:/home/rhobtor/packages/install/grid_map_msgs:/home/rhobtor/packages/install/grid_map_cv:/home/rhobtor/packages/install/grid_map_costmap_2d:/home/rhobtor/packages/install/grid_map_core:/home/rhobtor/packages/install/grid_map_cmake_helpers:/home/rhobtor/PHD/reactive/Reactive-Navegation/workspace_full_conected/install/octomap_mapping:/home/rhobtor/PHD/reactive/Reactive-Navegation/workspace_full_conected/install/octomap_server:/home/rhobtor/PHD/reactive/Reactive-Navegation/workspace_full_conected/install/octomap_rviz_plugins:/home/rhobtor/PHD/reactive/Reactive-Navegation/workspace_full_conected/install/hector_gazebo_plugins:/home/rhobtor/PHD/reactive/Reactive-Navegation/workspace_full_conected/install/car_cpp:/home/rhobtor/PHD/reactive/Reactive-Navegation/workspace_full_conected/install/car_interfaces:/home/rhobtor/PHD/ARGOJ8_IA/install/car:/home/rhobtor/PHD/reactive/Reactive-Navegation/workspace_full_conected/install/car:/opt/ros/humble LD_LIBRARY_PATH=/home/rhobtor/PHD/ARGOJ8_IA/install/argj801_ctl_platform_interfaces/lib:/home/rhobtor/PHD/ARGOJ8_IA/install/octomap_server/lib:/home/rhobtor/PHD/ARGOJ8_IA/install/octomap_rviz_plugins/lib:/home/rhobtor/PHD/ARGOJ8_IA/install/j8_xacro_model/lib:/home/rhobtor/PHD/ARGOJ8_IA/install/hector_gazebo_plugins/lib:/home/rhobtor/PHD/ARGOJ8_IA/install/fixposition_sensor_pkg/lib:/home/rhobtor/PHD/ARGOJ8_IA/install/car_cpp/lib:/home/rhobtor/PHD/ARGOJ8_IA/install/car_interfaces/lib:/home/rhobtor/packages/install/grid_map_demos/lib:/home/rhobtor/packages/install/grid_map_visualization/lib:/home/rhobtor/packages/install/grid_map_sdf/lib:/home/rhobtor/packages/install/grid_map_rviz_plugin/lib:/home/rhobtor/packages/install/grid_map_pcl/lib:/home/rhobtor/packages/install/grid_map_loader/lib:/home/rhobtor/packages/install/grid_map_filters/lib:/home/rhobtor/packages/install/grid_map_ros/lib:/home/rhobtor/packages/install/grid_map_octomap/lib:/home/rhobtor/packages/install/grid_map_msgs/lib:/home/rhobtor/packages/install/grid_map_cv/lib:/home/rhobtor/packages/install/grid_map_costmap_2d/lib:/home/rhobtor/packages/install/grid_map_core/lib:/home/rhobtor/PHD/reactive/Reactive-Navegation/workspace_full_conected/install/octomap_server/lib:/home/rhobtor/PHD/reactive/Reactive-Navegation/workspace_full_conected/install/octomap_rviz_plugins/lib:/home/rhobtor/PHD/reactive/Reactive-Navegation/workspace_full_conected/install/hector_gazebo_plugins/lib:/home/rhobtor/PHD/reactive/Reactive-Navegation/workspace_full_conected/install/car_cpp/lib:/home/rhobtor/PHD/reactive/Reactive-Navegation/workspace_full_conected/install/car_interfaces/lib:/usr/lib/x86_64-linux-gnu/gazebo-11/plugins:/opt/ros/humble/opt/rviz_ogre_vendor/lib:/opt/ros/humble/lib/x86_64-linux-gnu:/opt/ros/humble/lib /opt/st/stm32cubeclt_1.18.0/CMake/bin/cmake --install /home/rhobtor/PHD/ARGOJ8_IA/build/j8_xacro_model
[2.695s] INFO:colcon.colcon_core.shell:Creating package script '/home/rhobtor/PHD/ARGOJ8_IA/install/j8_xacro_model/share/j8_xacro_model/package.sh'
[2.697s] INFO:colcon.colcon_core.shell:Creating package script '/home/rhobtor/PHD/ARGOJ8_IA/install/j8_xacro_model/share/j8_xacro_model/package.bash'
[2.703s] INFO:colcon.colcon_core.shell:Creating package script '/home/rhobtor/PHD/ARGOJ8_IA/install/j8_xacro_model/share/j8_xacro_model/package.zsh'
[2.704s] Level 1:colcon.colcon_core.environment:create_file_with_runtime_dependencies(/home/rhobtor/PHD/ARGOJ8_IA/install/j8_xacro_model/share/colcon-core/packages/j8_xacro_model)
[2.705s] Level 1:colcon.colcon_core.environment:create_environment_scripts_only(j8_xacro_model)
[2.706s] Level 1:colcon.colcon_core.environment:checking '/home/rhobtor/PHD/ARGOJ8_IA/install/j8_xacro_model' for CMake module files
[2.707s] Level 1:colcon.colcon_core.environment:checking '/home/rhobtor/PHD/ARGOJ8_IA/install/j8_xacro_model' for CMake config files
[2.707s] Level 1:colcon.colcon_core.shell:create_environment_hook('j8_xacro_model', 'cmake_prefix_path')
[2.708s] INFO:colcon.colcon_core.shell:Creating environment hook '/home/rhobtor/PHD/ARGOJ8_IA/install/j8_xacro_model/share/j8_xacro_model/hook/cmake_prefix_path.ps1'
[2.708s] INFO:colcon.colcon_core.shell:Creating environment descriptor '/home/rhobtor/PHD/ARGOJ8_IA/install/j8_xacro_model/share/j8_xacro_model/hook/cmake_prefix_path.dsv'
[2.709s] INFO:colcon.colcon_core.shell:Creating environment hook '/home/rhobtor/PHD/ARGOJ8_IA/install/j8_xacro_model/share/j8_xacro_model/hook/cmake_prefix_path.sh'
[2.710s] Level 1:colcon.colcon_core.environment:checking '/home/rhobtor/PHD/ARGOJ8_IA/install/j8_xacro_model/lib'
[2.710s] Level 1:colcon.colcon_core.shell:create_environment_hook('j8_xacro_model', 'ld_library_path_lib')
[2.710s] INFO:colcon.colcon_core.shell:Creating environment hook '/home/rhobtor/PHD/ARGOJ8_IA/install/j8_xacro_model/share/j8_xacro_model/hook/ld_library_path_lib.ps1'
[2.711s] INFO:colcon.colcon_core.shell:Creating environment descriptor '/home/rhobtor/PHD/ARGOJ8_IA/install/j8_xacro_model/share/j8_xacro_model/hook/ld_library_path_lib.dsv'
[2.712s] INFO:colcon.colcon_core.shell:Creating environment hook '/home/rhobtor/PHD/ARGOJ8_IA/install/j8_xacro_model/share/j8_xacro_model/hook/ld_library_path_lib.sh'
[2.713s] Level 1:colcon.colcon_core.environment:checking '/home/rhobtor/PHD/ARGOJ8_IA/install/j8_xacro_model/bin'
[2.713s] Level 1:colcon.colcon_core.environment:checking '/home/rhobtor/PHD/ARGOJ8_IA/install/j8_xacro_model/lib/pkgconfig/j8_xacro_model.pc'
[2.713s] Level 1:colcon.colcon_core.environment:checking '/home/rhobtor/PHD/ARGOJ8_IA/install/j8_xacro_model/lib/python3.10/site-packages'
[2.714s] Level 1:colcon.colcon_core.environment:checking '/home/rhobtor/PHD/ARGOJ8_IA/install/j8_xacro_model/bin'
[2.714s] INFO:colcon.colcon_core.shell:Creating package script '/home/rhobtor/PHD/ARGOJ8_IA/install/j8_xacro_model/share/j8_xacro_model/package.ps1'
[2.715s] INFO:colcon.colcon_core.shell:Creating package descriptor '/home/rhobtor/PHD/ARGOJ8_IA/install/j8_xacro_model/share/j8_xacro_model/package.dsv'
[2.716s] INFO:colcon.colcon_core.shell:Creating package script '/home/rhobtor/PHD/ARGOJ8_IA/install/j8_xacro_model/share/j8_xacro_model/package.sh'
[2.716s] INFO:colcon.colcon_core.shell:Creating package script '/home/rhobtor/PHD/ARGOJ8_IA/install/j8_xacro_model/share/j8_xacro_model/package.bash'
[2.717s] INFO:colcon.colcon_core.shell:Creating package script '/home/rhobtor/PHD/ARGOJ8_IA/install/j8_xacro_model/share/j8_xacro_model/package.zsh'
[2.717s] Level 1:colcon.colcon_core.environment:create_file_with_runtime_dependencies(/home/rhobtor/PHD/ARGOJ8_IA/install/j8_xacro_model/share/colcon-core/packages/j8_xacro_model)
[2.828s] Level 1:colcon.colcon_core.environment:create_environment_scripts_only(hector_gazebo_plugins)
[2.828s] Level 1:colcon.colcon_core.environment:checking '/home/rhobtor/PHD/ARGOJ8_IA/install/hector_gazebo_plugins' for CMake module files
[2.829s] DEBUG:colcon.colcon_core.event_handler.log_command:Invoked command in '/home/rhobtor/PHD/ARGOJ8_IA/build/hector_gazebo_plugins' returned '0': CMAKE_PREFIX_PATH=${CMAKE_PREFIX_PATH}:/home/rhobtor/PHD/ARGOJ8_IA/install/car:/home/rhobtor/PHD/reactive/Reactive-Navegation/workspace_full_conected/install/car:/opt/ros/humble /opt/st/stm32cubeclt_1.18.0/CMake/bin/cmake --install /home/rhobtor/PHD/ARGOJ8_IA/build/hector_gazebo_plugins
[2.830s] Level 1:colcon.colcon_core.environment:checking '/home/rhobtor/PHD/ARGOJ8_IA/install/hector_gazebo_plugins' for CMake config files
[2.831s] Level 1:colcon.colcon_core.shell:create_environment_hook('hector_gazebo_plugins', 'cmake_prefix_path')
[2.832s] INFO:colcon.colcon_core.shell:Creating environment hook '/home/rhobtor/PHD/ARGOJ8_IA/install/hector_gazebo_plugins/share/hector_gazebo_plugins/hook/cmake_prefix_path.ps1'
[2.833s] INFO:colcon.colcon_core.shell:Creating environment descriptor '/home/rhobtor/PHD/ARGOJ8_IA/install/hector_gazebo_plugins/share/hector_gazebo_plugins/hook/cmake_prefix_path.dsv'
[2.833s] INFO:colcon.colcon_core.shell:Creating environment hook '/home/rhobtor/PHD/ARGOJ8_IA/install/hector_gazebo_plugins/share/hector_gazebo_plugins/hook/cmake_prefix_path.sh'
[2.834s] Level 1:colcon.colcon_core.environment:checking '/home/rhobtor/PHD/ARGOJ8_IA/install/hector_gazebo_plugins/lib'
[2.835s] Level 1:colcon.colcon_core.shell:create_environment_hook('hector_gazebo_plugins', 'ld_library_path_lib')
[2.835s] INFO:colcon.colcon_core.shell:Creating environment hook '/home/rhobtor/PHD/ARGOJ8_IA/install/hector_gazebo_plugins/share/hector_gazebo_plugins/hook/ld_library_path_lib.ps1'
[2.838s] INFO:colcon.colcon_core.shell:Creating environment descriptor '/home/rhobtor/PHD/ARGOJ8_IA/install/hector_gazebo_plugins/share/hector_gazebo_plugins/hook/ld_library_path_lib.dsv'
[2.841s] INFO:colcon.colcon_core.shell:Creating environment hook '/home/rhobtor/PHD/ARGOJ8_IA/install/hector_gazebo_plugins/share/hector_gazebo_plugins/hook/ld_library_path_lib.sh'
[2.845s] Level 1:colcon.colcon_core.environment:checking '/home/rhobtor/PHD/ARGOJ8_IA/install/hector_gazebo_plugins/bin'
[2.846s] Level 1:colcon.colcon_core.environment:checking '/home/rhobtor/PHD/ARGOJ8_IA/install/hector_gazebo_plugins/lib/pkgconfig/hector_gazebo_plugins.pc'
[2.848s] Level 1:colcon.colcon_core.environment:checking '/home/rhobtor/PHD/ARGOJ8_IA/install/hector_gazebo_plugins/lib/python3.10/site-packages'
[2.850s] Level 1:colcon.colcon_core.environment:checking '/home/rhobtor/PHD/ARGOJ8_IA/install/hector_gazebo_plugins/bin'
[2.853s] INFO:colcon.colcon_core.shell:Creating package script '/home/rhobtor/PHD/ARGOJ8_IA/install/hector_gazebo_plugins/share/hector_gazebo_plugins/package.ps1'
[2.857s] INFO:colcon.colcon_core.shell:Creating package descriptor '/home/rhobtor/PHD/ARGOJ8_IA/install/hector_gazebo_plugins/share/hector_gazebo_plugins/package.dsv'
[2.861s] INFO:colcon.colcon_core.shell:Creating package script '/home/rhobtor/PHD/ARGOJ8_IA/install/hector_gazebo_plugins/share/hector_gazebo_plugins/package.sh'
[2.865s] INFO:colcon.colcon_core.shell:Creating package script '/home/rhobtor/PHD/ARGOJ8_IA/install/hector_gazebo_plugins/share/hector_gazebo_plugins/package.bash'
[2.868s] INFO:colcon.colcon_core.shell:Creating package script '/home/rhobtor/PHD/ARGOJ8_IA/install/hector_gazebo_plugins/share/hector_gazebo_plugins/package.zsh'
[2.871s] Level 1:colcon.colcon_core.environment:create_file_with_runtime_dependencies(/home/rhobtor/PHD/ARGOJ8_IA/install/hector_gazebo_plugins/share/colcon-core/packages/hector_gazebo_plugins)
[2.876s] Level 1:colcon.colcon_core.environment:create_environment_scripts_only(hector_gazebo_plugins)
[2.878s] Level 1:colcon.colcon_core.environment:checking '/home/rhobtor/PHD/ARGOJ8_IA/install/hector_gazebo_plugins' for CMake module files
[2.885s] Level 1:colcon.colcon_core.environment:checking '/home/rhobtor/PHD/ARGOJ8_IA/install/hector_gazebo_plugins' for CMake config files
[2.886s] Level 1:colcon.colcon_core.shell:create_environment_hook('hector_gazebo_plugins', 'cmake_prefix_path')
[2.886s] INFO:colcon.colcon_core.shell:Creating environment hook '/home/rhobtor/PHD/ARGOJ8_IA/install/hector_gazebo_plugins/share/hector_gazebo_plugins/hook/cmake_prefix_path.ps1'
[2.887s] INFO:colcon.colcon_core.shell:Creating environment descriptor '/home/rhobtor/PHD/ARGOJ8_IA/install/hector_gazebo_plugins/share/hector_gazebo_plugins/hook/cmake_prefix_path.dsv'
[2.888s] INFO:colcon.colcon_core.shell:Creating environment hook '/home/rhobtor/PHD/ARGOJ8_IA/install/hector_gazebo_plugins/share/hector_gazebo_plugins/hook/cmake_prefix_path.sh'
[2.889s] Level 1:colcon.colcon_core.environment:checking '/home/rhobtor/PHD/ARGOJ8_IA/install/hector_gazebo_plugins/lib'
[2.889s] Level 1:colcon.colcon_core.shell:create_environment_hook('hector_gazebo_plugins', 'ld_library_path_lib')
[2.890s] INFO:colcon.colcon_core.shell:Creating environment hook '/home/rhobtor/PHD/ARGOJ8_IA/install/hector_gazebo_plugins/share/hector_gazebo_plugins/hook/ld_library_path_lib.ps1'
[2.891s] INFO:colcon.colcon_core.shell:Creating environment descriptor '/home/rhobtor/PHD/ARGOJ8_IA/install/hector_gazebo_plugins/share/hector_gazebo_plugins/hook/ld_library_path_lib.dsv'
[2.891s] INFO:colcon.colcon_core.shell:Creating environment hook '/home/rhobtor/PHD/ARGOJ8_IA/install/hector_gazebo_plugins/share/hector_gazebo_plugins/hook/ld_library_path_lib.sh'
[2.892s] Level 1:colcon.colcon_core.environment:checking '/home/rhobtor/PHD/ARGOJ8_IA/install/hector_gazebo_plugins/bin'
[2.892s] Level 1:colcon.colcon_core.environment:checking '/home/rhobtor/PHD/ARGOJ8_IA/install/hector_gazebo_plugins/lib/pkgconfig/hector_gazebo_plugins.pc'
[2.893s] Level 1:colcon.colcon_core.environment:checking '/home/rhobtor/PHD/ARGOJ8_IA/install/hector_gazebo_plugins/lib/python3.10/site-packages'
[2.893s] Level 1:colcon.colcon_core.environment:checking '/home/rhobtor/PHD/ARGOJ8_IA/install/hector_gazebo_plugins/bin'
[2.894s] INFO:colcon.colcon_core.shell:Creating package script '/home/rhobtor/PHD/ARGOJ8_IA/install/hector_gazebo_plugins/share/hector_gazebo_plugins/package.ps1'
[2.895s] INFO:colcon.colcon_core.shell:Creating package descriptor '/home/rhobtor/PHD/ARGOJ8_IA/install/hector_gazebo_plugins/share/hector_gazebo_plugins/package.dsv'
[2.896s] INFO:colcon.colcon_core.shell:Creating package script '/home/rhobtor/PHD/ARGOJ8_IA/install/hector_gazebo_plugins/share/hector_gazebo_plugins/package.sh'
[2.896s] INFO:colcon.colcon_core.shell:Creating package script '/home/rhobtor/PHD/ARGOJ8_IA/install/hector_gazebo_plugins/share/hector_gazebo_plugins/package.bash'
[2.897s] INFO:colcon.colcon_core.shell:Creating package script '/home/rhobtor/PHD/ARGOJ8_IA/install/hector_gazebo_plugins/share/hector_gazebo_plugins/package.zsh'
[2.898s] Level 1:colcon.colcon_core.environment:create_file_with_runtime_dependencies(/home/rhobtor/PHD/ARGOJ8_IA/install/hector_gazebo_plugins/share/colcon-core/packages/hector_gazebo_plugins)
[2.994s] DEBUG:colcon.colcon_core.event_handler.log_command:Invoking command in '/home/rhobtor/PHD/ARGOJ8_IA/src/car_python': CMAKE_PREFIX_PATH=/home/rhobtor/PHD/ARGOJ8_IA/install/car_interfaces:/home/rhobtor/PHD/ARGOJ8_IA/install/octomap_mapping:/home/rhobtor/PHD/ARGOJ8_IA/install/octomap_server:/home/rhobtor/PHD/ARGOJ8_IA/install/octomap_rviz_plugins:/home/rhobtor/PHD/ARGOJ8_IA/install/j8_xacro_model:/home/rhobtor/PHD/ARGOJ8_IA/install/hector_gazebo_plugins:/home/rhobtor/PHD/ARGOJ8_IA/install/fixposition_sensor_pkg:/home/rhobtor/PHD/ARGOJ8_IA/install/car_cpp:/home/rhobtor/PHD/ARGOJ8_IA/install/argj801_ctl_platform:/home/rhobtor/PHD/ARGOJ8_IA/install/argj801_ctl_platform_interfaces:/home/rhobtor/packages/install/grid_map:/home/rhobtor/packages/install/grid_map_demos:/home/rhobtor/packages/install/grid_map_visualization:/home/rhobtor/packages/install/grid_map_sdf:/home/rhobtor/packages/install/grid_map_rviz_plugin:/home/rhobtor/packages/install/grid_map_pcl:/home/rhobtor/packages/install/grid_map_loader:/home/rhobtor/packages/install/grid_map_filters:/home/rhobtor/packages/install/grid_map_ros:/home/rhobtor/packages/install/grid_map_octomap:/home/rhobtor/packages/install/grid_map_msgs:/home/rhobtor/packages/install/grid_map_cv:/home/rhobtor/packages/install/grid_map_costmap_2d:/home/rhobtor/packages/install/grid_map_core:/home/rhobtor/packages/install/grid_map_cmake_helpers:/home/rhobtor/PHD/reactive/Reactive-Navegation/workspace_full_conected/install/octomap_mapping:/home/rhobtor/PHD/reactive/Reactive-Navegation/workspace_full_conected/install/octomap_server:/home/rhobtor/PHD/reactive/Reactive-Navegation/workspace_full_conected/install/octomap_rviz_plugins:/home/rhobtor/PHD/reactive/Reactive-Navegation/workspace_full_conected/install/hector_gazebo_plugins:/home/rhobtor/PHD/reactive/Reactive-Navegation/workspace_full_conected/install/car_cpp:/home/rhobtor/PHD/reactive/Reactive-Navegation/workspace_full_conected/install/car_interfaces LD_LIBRARY_PATH=/home/rhobtor/PHD/ARGOJ8_IA/install/car_interfaces/lib:/home/rhobtor/PHD/ARGOJ8_IA/install/octomap_server/lib:/home/rhobtor/PHD/ARGOJ8_IA/install/octomap_rviz_plugins/lib:/home/rhobtor/PHD/ARGOJ8_IA/install/j8_xacro_model/lib:/home/rhobtor/PHD/ARGOJ8_IA/install/hector_gazebo_plugins/lib:/home/rhobtor/PHD/ARGOJ8_IA/install/fixposition_sensor_pkg/lib:/home/rhobtor/PHD/ARGOJ8_IA/install/car_cpp/lib:/home/rhobtor/PHD/ARGOJ8_IA/install/argj801_ctl_platform_interfaces/lib:/home/rhobtor/packages/install/grid_map_demos/lib:/home/rhobtor/packages/install/grid_map_visualization/lib:/home/rhobtor/packages/install/grid_map_sdf/lib:/home/rhobtor/packages/install/grid_map_rviz_plugin/lib:/home/rhobtor/packages/install/grid_map_pcl/lib:/home/rhobtor/packages/install/grid_map_loader/lib:/home/rhobtor/packages/install/grid_map_filters/lib:/home/rhobtor/packages/install/grid_map_ros/lib:/home/rhobtor/packages/install/grid_map_octomap/lib:/home/rhobtor/packages/install/grid_map_msgs/lib:/home/rhobtor/packages/install/grid_map_cv/lib:/home/rhobtor/packages/install/grid_map_costmap_2d/lib:/home/rhobtor/packages/install/grid_map_core/lib:/home/rhobtor/PHD/reactive/Reactive-Navegation/workspace_full_conected/install/octomap_server/lib:/home/rhobtor/PHD/reactive/Reactive-Navegation/workspace_full_conected/install/octomap_rviz_plugins/lib:/home/rhobtor/PHD/reactive/Reactive-Navegation/workspace_full_conected/install/hector_gazebo_plugins/lib:/home/rhobtor/PHD/reactive/Reactive-Navegation/workspace_full_conected/install/car_cpp/lib:/home/rhobtor/PHD/reactive/Reactive-Navegation/workspace_full_conected/install/car_interfaces/lib:/usr/lib/x86_64-linux-gnu/gazebo-11/plugins:/opt/ros/humble/opt/rviz_ogre_vendor/lib:/opt/ros/humble/lib/x86_64-linux-gnu:/opt/ros/humble/lib PYTHONPATH=/home/rhobtor/PHD/ARGOJ8_IA/build/car/prefix_override:/usr/lib/python3/dist-packages/colcon_core/task/python/colcon_distutils_commands:/home/rhobtor/PHD/ARGOJ8_IA/install/car/lib/python3.10/site-packages:${PYTHONPATH} /usr/bin/python3 -W ignore:setup.py install is deprecated -W ignore:easy_install command is deprecated setup.py egg_info --egg-base ../../build/car build --build-base /home/rhobtor/PHD/ARGOJ8_IA/build/car/build install --record /home/rhobtor/PHD/ARGOJ8_IA/build/car/install.log --single-version-externally-managed install_data
[3.587s] Level 1:colcon.colcon_core.environment:checking '/home/rhobtor/PHD/ARGOJ8_IA/install/car' for CMake module files
[3.589s] DEBUG:colcon.colcon_core.event_handler.log_command:Invoked command in '/home/rhobtor/PHD/ARGOJ8_IA/src/car_python' returned '0': CMAKE_PREFIX_PATH=/home/rhobtor/PHD/ARGOJ8_IA/install/car_interfaces:/home/rhobtor/PHD/ARGOJ8_IA/install/octomap_mapping:/home/rhobtor/PHD/ARGOJ8_IA/install/octomap_server:/home/rhobtor/PHD/ARGOJ8_IA/install/octomap_rviz_plugins:/home/rhobtor/PHD/ARGOJ8_IA/install/j8_xacro_model:/home/rhobtor/PHD/ARGOJ8_IA/install/hector_gazebo_plugins:/home/rhobtor/PHD/ARGOJ8_IA/install/fixposition_sensor_pkg:/home/rhobtor/PHD/ARGOJ8_IA/install/car_cpp:/home/rhobtor/PHD/ARGOJ8_IA/install/argj801_ctl_platform:/home/rhobtor/PHD/ARGOJ8_IA/install/argj801_ctl_platform_interfaces:/home/rhobtor/packages/install/grid_map:/home/rhobtor/packages/install/grid_map_demos:/home/rhobtor/packages/install/grid_map_visualization:/home/rhobtor/packages/install/grid_map_sdf:/home/rhobtor/packages/install/grid_map_rviz_plugin:/home/rhobtor/packages/install/grid_map_pcl:/home/rhobtor/packages/install/grid_map_loader:/home/rhobtor/packages/install/grid_map_filters:/home/rhobtor/packages/install/grid_map_ros:/home/rhobtor/packages/install/grid_map_octomap:/home/rhobtor/packages/install/grid_map_msgs:/home/rhobtor/packages/install/grid_map_cv:/home/rhobtor/packages/install/grid_map_costmap_2d:/home/rhobtor/packages/install/grid_map_core:/home/rhobtor/packages/install/grid_map_cmake_helpers:/home/rhobtor/PHD/reactive/Reactive-Navegation/workspace_full_conected/install/octomap_mapping:/home/rhobtor/PHD/reactive/Reactive-Navegation/workspace_full_conected/install/octomap_server:/home/rhobtor/PHD/reactive/Reactive-Navegation/workspace_full_conected/install/octomap_rviz_plugins:/home/rhobtor/PHD/reactive/Reactive-Navegation/workspace_full_conected/install/hector_gazebo_plugins:/home/rhobtor/PHD/reactive/Reactive-Navegation/workspace_full_conected/install/car_cpp:/home/rhobtor/PHD/reactive/Reactive-Navegation/workspace_full_conected/install/car_interfaces LD_LIBRARY_PATH=/home/rhobtor/PHD/ARGOJ8_IA/install/car_interfaces/lib:/home/rhobtor/PHD/ARGOJ8_IA/install/octomap_server/lib:/home/rhobtor/PHD/ARGOJ8_IA/install/octomap_rviz_plugins/lib:/home/rhobtor/PHD/ARGOJ8_IA/install/j8_xacro_model/lib:/home/rhobtor/PHD/ARGOJ8_IA/install/hector_gazebo_plugins/lib:/home/rhobtor/PHD/ARGOJ8_IA/install/fixposition_sensor_pkg/lib:/home/rhobtor/PHD/ARGOJ8_IA/install/car_cpp/lib:/home/rhobtor/PHD/ARGOJ8_IA/install/argj801_ctl_platform_interfaces/lib:/home/rhobtor/packages/install/grid_map_demos/lib:/home/rhobtor/packages/install/grid_map_visualization/lib:/home/rhobtor/packages/install/grid_map_sdf/lib:/home/rhobtor/packages/install/grid_map_rviz_plugin/lib:/home/rhobtor/packages/install/grid_map_pcl/lib:/home/rhobtor/packages/install/grid_map_loader/lib:/home/rhobtor/packages/install/grid_map_filters/lib:/home/rhobtor/packages/install/grid_map_ros/lib:/home/rhobtor/packages/install/grid_map_octomap/lib:/home/rhobtor/packages/install/grid_map_msgs/lib:/home/rhobtor/packages/install/grid_map_cv/lib:/home/rhobtor/packages/install/grid_map_costmap_2d/lib:/home/rhobtor/packages/install/grid_map_core/lib:/home/rhobtor/PHD/reactive/Reactive-Navegation/workspace_full_conected/install/octomap_server/lib:/home/rhobtor/PHD/reactive/Reactive-Navegation/workspace_full_conected/install/octomap_rviz_plugins/lib:/home/rhobtor/PHD/reactive/Reactive-Navegation/workspace_full_conected/install/hector_gazebo_plugins/lib:/home/rhobtor/PHD/reactive/Reactive-Navegation/workspace_full_conected/install/car_cpp/lib:/home/rhobtor/PHD/reactive/Reactive-Navegation/workspace_full_conected/install/car_interfaces/lib:/usr/lib/x86_64-linux-gnu/gazebo-11/plugins:/opt/ros/humble/opt/rviz_ogre_vendor/lib:/opt/ros/humble/lib/x86_64-linux-gnu:/opt/ros/humble/lib PYTHONPATH=/home/rhobtor/PHD/ARGOJ8_IA/build/car/prefix_override:/usr/lib/python3/dist-packages/colcon_core/task/python/colcon_distutils_commands:/home/rhobtor/PHD/ARGOJ8_IA/install/car/lib/python3.10/site-packages:${PYTHONPATH} /usr/bin/python3 -W ignore:setup.py install is deprecated -W ignore:easy_install command is deprecated setup.py egg_info --egg-base ../../build/car build --build-base /home/rhobtor/PHD/ARGOJ8_IA/build/car/build install --record /home/rhobtor/PHD/ARGOJ8_IA/build/car/install.log --single-version-externally-managed install_data
[3.591s] Level 1:colcon.colcon_core.environment:checking '/home/rhobtor/PHD/ARGOJ8_IA/install/car' for CMake config files
[3.593s] Level 1:colcon.colcon_core.environment:checking '/home/rhobtor/PHD/ARGOJ8_IA/install/car/lib'
[3.593s] Level 1:colcon.colcon_core.environment:checking '/home/rhobtor/PHD/ARGOJ8_IA/install/car/bin'
[3.594s] Level 1:colcon.colcon_core.environment:checking '/home/rhobtor/PHD/ARGOJ8_IA/install/car/lib/pkgconfig/car.pc'
[3.594s] Level 1:colcon.colcon_core.environment:checking '/home/rhobtor/PHD/ARGOJ8_IA/install/car/lib/python3.10/site-packages'
[3.594s] Level 1:colcon.colcon_core.shell:create_environment_hook('car', 'pythonpath')
[3.594s] INFO:colcon.colcon_core.shell:Creating environment hook '/home/rhobtor/PHD/ARGOJ8_IA/install/car/share/car/hook/pythonpath.ps1'
[3.595s] INFO:colcon.colcon_core.shell:Creating environment descriptor '/home/rhobtor/PHD/ARGOJ8_IA/install/car/share/car/hook/pythonpath.dsv'
[3.596s] INFO:colcon.colcon_core.shell:Creating environment hook '/home/rhobtor/PHD/ARGOJ8_IA/install/car/share/car/hook/pythonpath.sh'
[3.597s] Level 1:colcon.colcon_core.environment:checking '/home/rhobtor/PHD/ARGOJ8_IA/install/car/bin'
[3.597s] Level 1:colcon.colcon_core.environment:create_environment_scripts_only(car)
[3.597s] INFO:colcon.colcon_core.shell:Creating package script '/home/rhobtor/PHD/ARGOJ8_IA/install/car/share/car/package.ps1'
[3.598s] INFO:colcon.colcon_core.shell:Creating package descriptor '/home/rhobtor/PHD/ARGOJ8_IA/install/car/share/car/package.dsv'
[3.599s] INFO:colcon.colcon_core.shell:Creating package script '/home/rhobtor/PHD/ARGOJ8_IA/install/car/share/car/package.sh'
[3.599s] INFO:colcon.colcon_core.shell:Creating package script '/home/rhobtor/PHD/ARGOJ8_IA/install/car/share/car/package.bash'
[3.600s] INFO:colcon.colcon_core.shell:Creating package script '/home/rhobtor/PHD/ARGOJ8_IA/install/car/share/car/package.zsh'
[3.600s] Level 1:colcon.colcon_core.environment:create_file_with_runtime_dependencies(/home/rhobtor/PHD/ARGOJ8_IA/install/car/share/colcon-core/packages/car)
[3.601s] DEBUG:colcon.colcon_parallel_executor.executor.parallel:closing loop
[3.601s] DEBUG:colcon.colcon_parallel_executor.executor.parallel:loop closed
[3.601s] DEBUG:colcon.colcon_parallel_executor.executor.parallel:run_until_complete finished with '0'
[3.602s] DEBUG:colcon.colcon_core.event_reactor:joining thread
[3.611s] INFO:colcon.colcon_core.plugin_system:Skipping extension 'colcon_notification.desktop_notification.terminal_notifier': Not used on non-Darwin systems
[3.612s] INFO:colcon.colcon_core.plugin_system:Skipping extension 'colcon_notification.desktop_notification.win32': Not used on non-Windows systems
[3.612s] INFO:colcon.colcon_notification.desktop_notification:Sending desktop notification using 'notify2'
[3.667s] DEBUG:colcon.colcon_core.event_reactor:joined thread
[3.668s] INFO:colcon.colcon_core.shell:Creating prefix script '/home/rhobtor/PHD/ARGOJ8_IA/install/local_setup.ps1'
[3.670s] INFO:colcon.colcon_core.shell:Creating prefix util module '/home/rhobtor/PHD/ARGOJ8_IA/install/_local_setup_util_ps1.py'
[3.675s] INFO:colcon.colcon_core.shell:Creating prefix chain script '/home/rhobtor/PHD/ARGOJ8_IA/install/setup.ps1'
[3.680s] INFO:colcon.colcon_core.shell:Creating prefix script '/home/rhobtor/PHD/ARGOJ8_IA/install/local_setup.sh'
[3.682s] INFO:colcon.colcon_core.shell:Creating prefix util module '/home/rhobtor/PHD/ARGOJ8_IA/install/_local_setup_util_sh.py'
[3.683s] INFO:colcon.colcon_core.shell:Creating prefix chain script '/home/rhobtor/PHD/ARGOJ8_IA/install/setup.sh'
[3.686s] INFO:colcon.colcon_core.shell:Creating prefix script '/home/rhobtor/PHD/ARGOJ8_IA/install/local_setup.bash'
[3.687s] INFO:colcon.colcon_core.shell:Creating prefix chain script '/home/rhobtor/PHD/ARGOJ8_IA/install/setup.bash'
[3.691s] INFO:colcon.colcon_core.shell:Creating prefix script '/home/rhobtor/PHD/ARGOJ8_IA/install/local_setup.zsh'
[3.691s] INFO:colcon.colcon_core.shell:Creating prefix chain script '/home/rhobtor/PHD/ARGOJ8_IA/install/setup.zsh'
